direction,entry,exit,pnl,open_time,close_time,reason
SHORT,107.60,106.36,1.24,2000-06-05T13:55:00+00:00,2000-06-09T02:49:00+00:00,REV
LONG,106.36,106.37,0.01,2000-06-09T02:49:00+00:00,2000-06-13T09:51:00+00:00,REV
SHORT,106.37,107.22,-0.85,2000-06-13T09:51:00+00:00,2000-06-14T03:18:00+00:00,REV
LONG,107.22,106.24,-0.98,2000-06-14T03:18:00+00:00,2000-06-15T11:27:00+00:00,REV
SHORT,106.24,105.68,0.56,2000-06-15T11:27:00+00:00,2000-06-26T12:39:00+00:00,REV
LONG,105.68,105.29,-0.39,2000-06-26T12:39:00+00:00,2000-06-29T03:09:00+00:00,REV
SHORT,105.29,105.85,-0.56,2000-06-29T03:09:00+00:00,2000-06-30T17:39:00+00:00,REV
LONG,105.85,105.64,-0.21,2000-06-30T17:39:00+00:00,2000-07-04T02:51:00+00:00,REV
SHORT,105.64,106.50,-0.86,2000-07-04T02:51:00+00:00,2000-07-04T07:31:00+00:00,REV
LONG,106.50,106.72,0.22,2000-07-04T07:31:00+00:00,2000-07-10T10:01:00+00:00,REV
SHORT,106.72,107.93,-1.21,2000-07-10T10:01:00+00:00,2000-07-12T16:26:00+00:00,REV
LONG,107.93,107.65,-0.28,2000-07-12T16:26:00+00:00,2000-07-20T20:02:00+00:00,REV
SHORT,107.65,108.41,-0.76,2000-07-20T20:02:00+00:00,2000-07-21T07:35:00+00:00,REV
LONG,108.41,108.75,0.34,2000-07-21T07:35:00+00:00,2000-07-28T08:36:00+00:00,REV
SHORT,108.75,109.43,-0.68,2000-07-28T08:36:00+00:00,2000-07-28T15:33:00+00:00,REV
LONG,109.43,108.99,-0.44,2000-07-28T15:33:00+00:00,2000-08-02T03:02:00+00:00,REV
SHORT,108.99,108.70,0.29,2000-08-02T03:02:00+00:00,2000-08-07T02:40:00+00:00,REV
LONG,108.70,108.57,-0.13,2000-08-07T02:40:00+00:00,2000-08-08T08:36:00+00:00,REV
SHORT,108.57,109.02,-0.45,2000-08-08T08:36:00+00:00,2000-08-14T13:15:00+00:00,REV
LONG,109.02,108.62,-0.40,2000-08-14T13:15:00+00:00,2000-08-16T13:49:00+00:00,REV
SHORT,108.62,106.78,1.84,2000-08-16T13:49:00+00:00,2000-08-31T02:41:00+00:00,REV
LONG,106.78,105.96,-0.82,2000-08-31T02:41:00+00:00,2000-09-01T16:16:00+00:00,REV
SHORT,105.96,106.47,-0.51,2000-09-01T16:16:00+00:00,2000-09-11T07:38:00+00:00,REV
LONG,106.47,106.93,0.46,2000-09-11T07:38:00+00:00,2000-09-18T09:03:00+00:00,REV
SHORT,106.93,107.23,-0.30,2000-09-18T09:03:00+00:00,2000-09-20T02:22:00+00:00,REV
LONG,107.23,106.73,-0.50,2000-09-20T02:22:00+00:00,2000-09-20T08:04:00+00:00,REV
SHORT,106.73,107.42,-0.69,2000-09-20T08:04:00+00:00,2000-09-22T15:05:00+00:00,REV
LONG,107.42,108.66,1.24,2000-09-22T15:05:00+00:00,2000-10-10T03:57:00+00:00,REV
SHORT,108.66,108.17,0.49,2000-10-10T03:57:00+00:00,2000-10-16T11:45:00+00:00,REV
LONG,108.17,107.53,-0.64,2000-10-16T11:45:00+00:00,2000-10-18T16:51:00+00:00,REV
SHORT,107.53,108.36,-0.83,2000-10-18T16:51:00+00:00,2000-10-19T15:48:00+00:00,REV
LONG,108.36,108.25,-0.11,2000-10-19T15:48:00+00:00,2000-10-24T00:00:00+00:00,REV
SHORT,108.25,108.51,-0.26,2000-10-24T00:00:00+00:00,2000-10-26T16:51:00+00:00,REV
LONG,108.51,108.45,-0.06,2000-10-26T16:51:00+00:00,2000-11-01T11:42:00+00:00,REV
SHORT,108.45,107.62,0.83,2000-11-01T11:42:00+00:00,2000-11-08T12:54:00+00:00,REV
LONG,107.62,110.40,2.78,2000-11-08T12:54:00+00:00,2000-11-28T00:54:00+00:00,REV
SHORT,110.40,111.38,-0.98,2000-11-28T00:54:00+00:00,2000-11-30T01:50:00+00:00,REV
LONG,111.38,110.46,-0.92,2000-11-30T01:50:00+00:00,2000-12-06T17:21:00+00:00,REV
SHORT,110.46,111.21,-0.75,2000-12-06T17:21:00+00:00,2000-12-08T14:52:00+00:00,REV
LONG,111.21,114.16,2.95,2000-12-08T14:52:00+00:00,2001-01-03T15:02:00+00:00,REV
SHORT,114.16,115.11,-0.95,2001-01-03T15:02:00+00:00,2001-01-04T17:24:00+00:00,REV
LONG,115.11,116.41,1.30,2001-01-04T17:24:00+00:00,2001-01-26T12:40:00+00:00,REV
SHORT,116.41,117.71,-1.30,2001-01-26T12:40:00+00:00,2001-01-29T02:00:00+00:00,REV
LONG,117.71,116.35,-1.36,2001-01-29T02:00:00+00:00,2001-01-29T11:44:00+00:00,REV
SHORT,116.35,116.14,0.21,2001-01-29T11:44:00+00:00,2001-02-07T15:02:00+00:00,REV
LONG,116.14,116.59,0.45,2001-02-07T15:02:00+00:00,2001-02-14T02:00:00+00:00,REV
SHORT,116.59,116.25,0.34,2001-02-14T02:00:00+00:00,2001-02-20T06:38:00+00:00,REV
LONG,116.25,119.45,3.20,2001-02-20T06:38:00+00:00,2001-03-14T10:22:00+00:00,REV
SHORT,119.45,120.73,-1.28,2001-03-14T10:22:00+00:00,2001-03-14T15:59:00+00:00,REV
LONG,120.73,122.05,1.32,2001-03-14T15:59:00+00:00,2001-03-21T01:47:00+00:00,REV
SHORT,122.05,123.70,-1.65,2001-03-21T01:47:00+00:00,2001-03-21T11:31:00+00:00,REV
LONG,123.70,122.50,-1.20,2001-03-21T11:31:00+00:00,2001-03-27T00:05:00+00:00,REV
SHORT,122.50,123.36,-0.86,2001-03-27T00:05:00+00:00,2001-03-29T09:38:00+00:00,REV
LONG,123.36,125.25,1.89,2001-03-29T09:38:00+00:00,2001-04-04T16:24:00+00:00,REV
SHORT,125.25,122.57,2.68,2001-04-04T16:24:00+00:00,2001-04-25T11:40:00+00:00,REV
LONG,122.57,123.14,0.57,2001-04-25T11:40:00+00:00,2001-05-01T03:34:00+00:00,REV
SHORT,123.14,121.86,1.28,2001-05-01T03:34:00+00:00,2001-05-07T08:11:00+00:00,REV
LONG,121.86,123.13,1.27,2001-05-07T08:11:00+00:00,2001-05-17T03:09:00+00:00,REV
SHORT,123.13,120.82,2.31,2001-05-17T03:09:00+00:00,2001-05-28T08:16:00+00:00,REV
LONG,120.82,120.00,-0.82,2001-05-28T08:16:00+00:00,2001-05-30T12:33:00+00:00,REV
SHORT,120.00,119.88,0.12,2001-05-30T12:33:00+00:00,2001-06-05T13:35:00+00:00,REV
LONG,119.88,121.58,1.70,2001-06-05T13:35:00+00:00,2001-06-14T17:02:00+00:00,REV
SHORT,121.58,122.46,-0.88,2001-06-14T17:02:00+00:00,2001-06-15T17:36:00+00:00,REV
LONG,122.46,122.70,0.24,2001-06-15T17:36:00+00:00,2001-06-20T10:10:00+00:00,REV
SHORT,122.70,123.77,-1.07,2001-06-20T10:10:00+00:00,2001-06-20T19:19:00+00:00,REV
LONG,123.77,123.75,-0.02,2001-06-20T19:19:00+00:00,2001-06-26T03:14:00+00:00,REV
SHORT,123.75,124.46,-0.71,2001-06-26T03:14:00+00:00,2001-06-28T05:26:00+00:00,REV
LONG,124.46,123.80,-0.66,2001-06-28T05:26:00+00:00,2001-07-03T03:36:00+00:00,REV
SHORT,123.80,125.02,-1.22,2001-07-03T03:36:00+00:00,2001-07-04T12:22:00+00:00,REV
LONG,125.02,125.27,0.25,2001-07-04T12:22:00+00:00,2001-07-10T00:00:00+00:00,REV
SHORT,125.27,125.04,0.23,2001-07-10T00:00:00+00:00,2001-07-16T03:52:00+00:00,REV
LONG,125.04,124.75,-0.29,2001-07-16T03:52:00+00:00,2001-07-18T15:38:00+00:00,REV
SHORT,124.75,124.21,0.54,2001-07-18T15:38:00+00:00,2001-07-23T16:33:00+00:00,REV
LONG,124.21,123.46,-0.75,2001-07-23T16:33:00+00:00,2001-07-26T08:06:00+00:00,REV
SHORT,123.46,124.20,-0.74,2001-07-26T08:06:00+00:00,2001-07-30T04:18:00+00:00,REV
LONG,124.20,124.49,0.29,2001-07-30T04:18:00+00:00,2001-08-02T01:39:00+00:00,REV
SHORT,124.49,122.64,1.85,2001-08-02T01:39:00+00:00,2001-08-14T03:24:00+00:00,REV
LONG,122.64,121.43,-1.21,2001-08-14T03:24:00+00:00,2001-08-14T18:16:00+00:00,REV
SHORT,121.43,120.85,0.58,2001-08-14T18:16:00+00:00,2001-08-20T17:49:00+00:00,REV
LONG,120.85,120.00,-0.85,2001-08-20T17:49:00+00:00,2001-08-21T13:53:00+00:00,REV
SHORT,120.00,120.53,-0.53,2001-08-21T13:53:00+00:00,2001-08-28T10:46:00+00:00,REV
LONG,120.53,119.77,-0.76,2001-08-28T10:46:00+00:00,2001-08-29T13:32:00+00:00,REV
SHORT,119.77,119.56,0.21,2001-08-29T13:32:00+00:00,2001-09-04T12:37:00+00:00,REV
LONG,119.56,119.70,0.14,2001-09-04T12:37:00+00:00,2001-09-11T17:43:00+00:00,REV
SHORT,119.70,117.67,2.03,2001-09-11T17:43:00+00:00,2001-09-25T02:22:00+00:00,REV
LONG,117.67,120.13,2.46,2001-09-25T02:22:00+00:00,2001-10-08T02:02:00+00:00,REV
SHORT,120.13,120.39,-0.26,2001-10-08T02:02:00+00:00,2001-10-10T02:40:00+00:00,REV
LONG,120.39,122.39,2.00,2001-10-10T02:40:00+00:00,2001-10-29T03:36:00+00:00,REV
SHORT,122.39,121.41,0.98,2001-10-29T03:36:00+00:00,2001-11-13T15:37:00+00:00,REV
LONG,121.41,123.76,2.35,2001-11-13T15:37:00+00:00,2001-11-28T04:20:00+00:00,REV
SHORT,123.76,124.05,-0.29,2001-11-28T04:20:00+00:00,2001-12-03T21:52:00+00:00,REV
LONG,124.05,123.30,-0.75,2001-12-03T21:52:00+00:00,2001-12-05T21:57:00+00:00,REV
SHORT,123.30,124.57,-1.27,2001-12-05T21:57:00+00:00,2001-12-06T06:37:00+00:00,REV
LONG,124.57,130.71,6.14,2001-12-06T06:37:00+00:00,2002-01-07T02:01:00+00:00,REV
SHORT,130.71,133.00,-2.29,2002-01-07T02:01:00+00:00,2002-01-08T04:59:00+00:00,REV
LONG,133.00,131.87,-1.13,2002-01-08T04:59:00+00:00,2002-01-14T02:02:00+00:00,REV
SHORT,131.87,133.01,-1.14,2002-01-14T02:02:00+00:00,2002-01-22T02:09:00+00:00,REV
LONG,133.01,133.35,0.34,2002-01-22T02:09:00+00:00,2002-01-28T18:12:00+00:00,REV
SHORT,133.35,133.95,-0.60,2002-01-28T18:12:00+00:00,2002-02-04T17:35:00+00:00,REV
LONG,133.95,132.39,-1.56,2002-02-04T17:35:00+00:00,2002-02-04T19:18:00+00:00,REV
SHORT,132.39,133.95,-1.56,2002-02-04T19:18:00+00:00,2002-02-05T17:15:00+00:00,REV
LONG,133.95,132.70,-1.25,2002-02-05T17:15:00+00:00,2002-02-18T02:02:00+00:00,REV
SHORT,132.70,134.06,-1.36,2002-02-18T02:02:00+00:00,2002-02-21T03:01:00+00:00,REV
LONG,134.06,133.48,-0.58,2002-02-21T03:01:00+00:00,2002-03-04T02:03:00+00:00,REV
SHORT,133.48,129.66,3.82,2002-03-04T02:03:00+00:00,2002-03-18T02:59:00+00:00,REV
LONG,129.66,132.29,2.63,2002-03-18T02:59:00+00:00,2002-03-28T04:38:00+00:00,REV
SHORT,132.29,133.32,-1.03,2002-03-28T04:38:00+00:00,2002-04-01T03:07:00+00:00,REV
LONG,133.32,132.86,-0.46,2002-04-01T03:07:00+00:00,2002-04-03T04:45:00+00:00,REV
SHORT,132.86,132.04,0.82,2002-04-03T04:45:00+00:00,2002-04-15T02:05:00+00:00,REV
LONG,132.04,130.91,-1.13,2002-04-15T02:05:00+00:00,2002-04-17T03:52:00+00:00,REV
SHORT,130.91,128.69,2.22,2002-04-17T03:52:00+00:00,2002-05-01T02:14:00+00:00,REV
LONG,128.69,127.67,-1.02,2002-05-01T02:14:00+00:00,2002-05-01T17:50:00+00:00,REV
SHORT,127.67,127.57,0.10,2002-05-01T17:50:00+00:00,2002-05-07T11:25:00+00:00,REV
LONG,127.57,127.68,0.11,2002-05-07T11:25:00+00:00,2002-05-13T01:58:00+00:00,REV
SHORT,127.68,125.07,2.61,2002-05-13T01:58:00+00:00,2002-05-27T15:28:00+00:00,REV
LONG,125.07,124.36,-0.71,2002-05-27T15:28:00+00:00,2002-05-29T12:40:00+00:00,REV
SHORT,124.36,124.51,-0.15,2002-05-29T12:40:00+00:00,2002-06-05T11:41:00+00:00,REV
LONG,124.51,124.29,-0.22,2002-06-05T11:41:00+00:00,2002-06-17T01:58:00+00:00,REV
SHORT,124.29,120.34,3.95,2002-06-17T01:58:00+00:00,2002-07-02T10:26:00+00:00,REV
LONG,120.34,119.66,-0.68,2002-07-02T10:26:00+00:00,2002-07-08T03:40:00+00:00,REV
SHORT,119.66,116.78,2.88,2002-07-08T03:40:00+00:00,2002-07-18T10:39:00+00:00,REV
LONG,116.78,115.65,-1.13,2002-07-18T10:39:00+00:00,2002-07-19T15:52:00+00:00,REV
SHORT,115.65,116.70,-1.05,2002-07-19T15:52:00+00:00,2002-07-23T02:59:00+00:00,REV
LONG,116.70,115.96,-0.74,2002-07-23T02:59:00+00:00,2002-07-24T16:17:00+00:00,REV
SHORT,115.96,118.81,-2.85,2002-07-24T16:17:00+00:00,2002-07-29T01:57:00+00:00,REV
LONG,118.81,119.28,0.47,2002-07-29T01:57:00+00:00,2002-08-01T18:23:00+00:00,REV
SHORT,119.28,119.84,-0.56,2002-08-01T18:23:00+00:00,2002-08-06T02:58:00+00:00,REV
LONG,119.84,120.01,0.17,2002-08-06T02:58:00+00:00,2002-08-12T02:05:00+00:00,REV
SHORT,120.01,117.94,2.07,2002-08-12T02:05:00+00:00,2002-08-19T05:38:00+00:00,REV
LONG,117.94,119.37,1.43,2002-08-19T05:38:00+00:00,2002-08-27T04:26:00+00:00,REV
SHORT,119.37,118.40,0.97,2002-08-27T04:26:00+00:00,2002-09-05T17:24:00+00:00,REV
LONG,118.40,119.66,1.26,2002-09-05T17:24:00+00:00,2002-09-13T08:48:00+00:00,REV
SHORT,119.66,120.73,-1.07,2002-09-13T08:48:00+00:00,2002-09-13T17:21:00+00:00,REV
LONG,120.73,121.72,0.99,2002-09-13T17:21:00+00:00,2002-09-18T10:39:00+00:00,REV
SHORT,121.72,123.13,-1.41,2002-09-18T10:39:00+00:00,2002-09-20T10:22:00+00:00,REV
LONG,123.13,122.86,-0.27,2002-09-20T10:22:00+00:00,2002-09-25T04:08:00+00:00,REV
SHORT,122.86,122.85,0.01,2002-09-25T04:08:00+00:00,2002-10-02T03:48:00+00:00,REV
LONG,122.85,123.20,0.35,2002-10-02T03:48:00+00:00,2002-10-10T01:48:00+00:00,REV
SHORT,123.20,124.43,-1.23,2002-10-10T01:48:00+00:00,2002-10-11T15:40:00+00:00,REV
LONG,124.43,124.50,0.07,2002-10-11T15:40:00+00:00,2002-10-23T08:21:00+00:00,REV
SHORT,124.50,124.89,-0.39,2002-10-23T08:21:00+00:00,2002-10-28T07:54:00+00:00,REV
LONG,124.89,123.65,-1.24,2002-10-28T07:54:00+00:00,2002-10-28T17:17:00+00:00,REV
SHORT,123.65,122.62,1.03,2002-10-28T17:17:00+00:00,2002-11-06T09:39:00+00:00,REV
LONG,122.62,121.42,-1.20,2002-11-06T09:39:00+00:00,2002-11-07T17:47:00+00:00,REV
SHORT,121.42,120.13,1.29,2002-11-07T17:47:00+00:00,2002-11-13T12:07:00+00:00,REV
LONG,120.13,121.92,1.79,2002-11-13T12:07:00+00:00,2002-11-25T20:57:00+00:00,REV
SHORT,121.92,122.49,-0.57,2002-11-25T20:57:00+00:00,2002-11-29T08:46:00+00:00,REV
LONG,122.49,124.21,1.72,2002-11-29T08:46:00+00:00,2002-12-06T16:00:00+00:00,REV
SHORT,124.21,123.87,0.34,2002-12-06T16:00:00+00:00,2002-12-11T00:56:00+00:00,REV
LONG,123.87,123.11,-0.76,2002-12-11T00:56:00+00:00,2002-12-12T11:28:00+00:00,REV
SHORT,123.11,121.58,1.53,2002-12-12T11:28:00+00:00,2002-12-18T00:58:00+00:00,REV
LONG,121.58,120.39,-1.19,2002-12-18T00:58:00+00:00,2002-12-20T19:53:00+00:00,REV
SHORT,120.39,120.06,0.33,2002-12-20T19:53:00+00:00,2003-01-02T19:23:00+00:00,REV
LONG,120.06,118.65,-1.41,2003-01-02T19:23:00+00:00,2003-01-06T13:46:00+00:00,REV
SHORT,118.65,120.31,-1.66,2003-01-06T13:46:00+00:00,2003-01-07T19:25:00+00:00,REV
LONG,120.31,118.77,-1.54,2003-01-07T19:25:00+00:00,2003-01-14T06:43:00+00:00,REV
SHORT,118.77,118.37,0.40,2003-01-14T06:43:00+00:00,2003-01-21T02:34:00+00:00,REV
LONG,118.37,117.99,-0.38,2003-01-21T02:34:00+00:00,2003-01-23T14:51:00+00:00,REV
SHORT,117.99,118.86,-0.87,2003-01-23T14:51:00+00:00,2003-01-27T16:59:00+00:00,REV
LONG,118.86,119.64,0.78,2003-01-27T16:59:00+00:00,2003-02-05T04:37:00+00:00,REV
SHORT,119.64,120.40,-0.76,2003-02-05T04:37:00+00:00,2003-02-07T15:37:00+00:00,REV
LONG,120.40,120.48,0.08,2003-02-07T15:37:00+00:00,2003-02-13T18:03:00+00:00,REV
SHORT,120.48,117.80,2.68,2003-02-13T18:03:00+00:00,2003-02-28T00:11:00+00:00,REV
LONG,117.80,117.09,-0.71,2003-02-28T00:11:00+00:00,2003-03-05T18:12:00+00:00,REV
SHORT,117.09,117.34,-0.25,2003-03-05T18:12:00+00:00,2003-03-12T06:27:00+00:00,REV
LONG,117.34,120.20,2.86,2003-03-12T06:27:00+00:00,2003-03-25T05:16:00+00:00,REV
SHORT,120.20,119.28,0.92,2003-03-25T05:16:00+00:00,2003-04-03T10:57:00+00:00,REV
LONG,119.28,119.44,0.16,2003-04-03T10:57:00+00:00,2003-04-10T15:27:00+00:00,REV
SHORT,119.44,120.73,-1.29,2003-04-10T15:27:00+00:00,2003-04-11T15:52:00+00:00,REV
LONG,120.73,120.00,-0.73,2003-04-11T15:52:00+00:00,2003-04-16T20:09:00+00:00,REV
SHORT,120.00,119.86,0.14,2003-04-16T20:09:00+00:00,2003-04-21T04:46:00+00:00,REV
LONG,119.86,119.57,-0.29,2003-04-21T04:46:00+00:00,2003-04-22T15:33:00+00:00,REV
SHORT,119.57,120.73,-1.16,2003-04-22T15:33:00+00:00,2003-04-25T13:02:00+00:00,REV
LONG,120.73,119.74,-0.99,2003-04-25T13:02:00+00:00,2003-04-29T08:14:00+00:00,REV
SHORT,119.74,116.68,3.06,2003-04-29T08:14:00+00:00,2003-05-19T15:03:00+00:00,REV
LONG,116.68,116.77,0.09,2003-05-19T15:03:00+00:00,2003-05-26T08:47:00+00:00,REV
SHORT,116.77,117.43,-0.66,2003-05-26T08:47:00+00:00,2003-05-28T10:46:00+00:00,REV
LONG,117.43,118.33,0.90,2003-05-28T10:46:00+00:00,2003-06-05T10:49:00+00:00,REV
SHORT,118.33,117.95,0.38,2003-06-05T10:49:00+00:00,2003-06-17T12:32:00+00:00,REV
LONG,117.95,117.85,-0.10,2003-06-17T12:32:00+00:00,2003-06-23T18:00:00+00:00,REV
SHORT,117.85,118.22,-0.37,2003-06-23T18:00:00+00:00,2003-06-26T03:00:00+00:00,REV
LONG,118.22,119.21,0.99,2003-06-26T03:00:00+00:00,2003-07-01T17:42:00+00:00,REV
SHORT,119.21,118.49,0.72,2003-07-01T17:42:00+00:00,2003-07-08T11:32:00+00:00,REV
LONG,118.49,117.64,-0.85,2003-07-08T11:32:00+00:00,2003-07-10T10:45:00+00:00,REV
SHORT,117.64,117.88,-0.24,2003-07-10T10:45:00+00:00,2003-07-15T20:33:00+00:00,REV
LONG,117.88,119.84,1.96,2003-07-15T20:33:00+00:00,2003-08-04T03:20:00+00:00,REV
SHORT,119.84,120.65,-0.81,2003-08-04T03:20:00+00:00,2003-08-05T13:37:00+00:00,REV
LONG,120.65,119.75,-0.90,2003-08-05T13:37:00+00:00,2003-08-06T09:11:00+00:00,REV
SHORT,119.75,119.21,0.54,2003-08-06T09:11:00+00:00,2003-08-13T05:39:00+00:00,REV
LONG,119.21,118.80,-0.41,2003-08-13T05:39:00+00:00,2003-08-19T19:22:00+00:00,REV
SHORT,118.80,117.83,0.97,2003-08-19T19:22:00+00:00,2003-08-27T15:00:00+00:00,REV
LONG,117.83,117.26,-0.57,2003-08-27T15:00:00+00:00,2003-08-29T03:09:00+00:00,REV
SHORT,117.26,117.12,0.14,2003-08-29T03:09:00+00:00,2003-09-05T19:13:00+00:00,REV
LONG,117.12,116.40,-0.72,2003-09-05T19:13:00+00:00,2003-09-09T10:22:00+00:00,REV
SHORT,116.40,117.29,-0.89,2003-09-09T10:22:00+00:00,2003-09-11T09:14:00+00:00,REV
LONG,117.29,116.77,-0.52,2003-09-11T09:14:00+00:00,2003-09-16T09:52:00+00:00,REV
SHORT,116.77,111.35,5.42,2003-09-16T09:52:00+00:00,2003-10-06T09:50:00+00:00,REV
LONG,111.35,110.30,-1.05,2003-10-06T09:50:00+00:00,2003-10-07T15:36:00+00:00,REV
SHORT,110.30,109.35,0.95,2003-10-07T15:36:00+00:00,2003-10-14T04:45:00+00:00,REV
LONG,109.35,109.23,-0.12,2003-10-14T04:45:00+00:00,2003-10-20T00:00:00+00:00,REV
SHORT,109.23,110.36,-1.13,2003-10-20T00:00:00+00:00,2003-10-20T15:33:00+00:00,REV
LONG,110.36,108.89,-1.47,2003-10-20T15:33:00+00:00,2003-10-23T02:45:00+00:00,REV
SHORT,108.89,109.90,-1.01,2003-10-23T02:45:00+00:00,2003-10-24T09:20:00+00:00,REV
LONG,109.90,108.89,-1.01,2003-10-24T09:20:00+00:00,2003-10-27T05:01:00+00:00,REV
SHORT,108.89,108.69,0.20,2003-10-27T05:01:00+00:00,2003-10-30T19:57:00+00:00,REV
LONG,108.69,109.51,0.82,2003-10-30T19:57:00+00:00,2003-11-07T17:49:00+00:00,REV
SHORT,109.51,108.87,0.64,2003-11-07T17:49:00+00:00,2003-11-17T03:49:00+00:00,REV
LONG,108.87,108.00,-0.87,2003-11-17T03:49:00+00:00,2003-11-18T20:57:00+00:00,REV
SHORT,108.00,109.41,-1.41,2003-11-18T20:57:00+00:00,2003-11-21T03:38:00+00:00,REV
LONG,109.41,108.91,-0.50,2003-11-21T03:38:00+00:00,2003-11-27T03:45:00+00:00,REV
SHORT,108.91,109.82,-0.91,2003-11-27T03:45:00+00:00,2003-12-01T00:01:00+00:00,REV
LONG,109.82,109.13,-0.69,2003-12-01T00:01:00+00:00,2003-12-02T17:57:00+00:00,REV
SHORT,109.13,107.88,1.25,2003-12-02T17:57:00+00:00,2003-12-10T09:38:00+00:00,REV
LONG,107.88,107.69,-0.19,2003-12-10T09:38:00+00:00,2003-12-15T18:07:00+00:00,REV
SHORT,107.69,107.90,-0.21,2003-12-15T18:07:00+00:00,2003-12-18T16:47:00+00:00,REV
LONG,107.90,107.37,-0.53,2003-12-18T16:47:00+00:00,2003-12-22T11:35:00+00:00,REV
SHORT,107.37,107.51,-0.14,2003-12-22T11:35:00+00:00,2003-12-31T19:21:00+00:00,REV
LONG,107.51,106.94,-0.57,2003-12-31T19:21:00+00:00,2004-01-02T09:11:00+00:00,REV
SHORT,106.94,106.48,0.46,2004-01-02T09:11:00+00:00,2004-01-09T07:05:00+00:00,REV
LONG,106.48,106.21,-0.27,2004-01-09T07:05:00+00:00,2004-01-13T16:58:00+00:00,REV
SHORT,106.21,106.54,-0.33,2004-01-13T16:58:00+00:00,2004-01-16T17:35:00+00:00,REV
LONG,106.54,106.65,0.11,2004-01-16T17:35:00+00:00,2004-01-22T11:22:00+00:00,REV
SHORT,106.65,106.79,-0.14,2004-01-22T11:22:00+00:00,2004-01-28T06:08:00+00:00,REV
LONG,106.79,105.65,-1.14,2004-01-28T06:08:00+00:00,2004-02-02T00:08:00+00:00,REV
SHORT,105.65,105.90,-0.25,2004-02-02T00:08:00+00:00,2004-02-05T21:41:00+00:00,REV
LONG,105.90,105.42,-0.48,2004-02-05T21:41:00+00:00,2004-02-10T09:32:00+00:00,REV
SHORT,105.42,105.64,-0.22,2004-02-10T09:32:00+00:00,2004-02-17T05:12:00+00:00,REV
LONG,105.64,108.11,2.47,2004-02-17T05:12:00+00:00,2004-02-25T09:13:00+00:00,REV
SHORT,108.11,109.17,-1.06,2004-02-25T09:13:00+00:00,2004-02-26T02:13:00+00:00,REV
LONG,109.17,111.00,1.83,2004-02-26T02:13:00+00:00,2004-03-09T20:00:00+00:00,REV
SHORT,111.00,106.24,4.76,2004-03-09T20:00:00+00:00,2004-03-30T11:49:00+00:00,REV
LONG,106.24,105.29,-0.95,2004-03-30T11:49:00+00:00,2004-03-31T03:56:00+00:00,REV
SHORT,105.29,104.82,0.47,2004-03-31T03:56:00+00:00,2004-04-05T09:05:00+00:00,REV
LONG,104.82,105.30,0.48,2004-04-05T09:05:00+00:00,2004-04-13T03:02:00+00:00,REV
SHORT,105.30,106.81,-1.51,2004-04-13T03:02:00+00:00,2004-04-13T17:33:00+00:00,REV
LONG,106.81,108.63,1.82,2004-04-13T17:33:00+00:00,2004-04-26T15:28:00+00:00,REV
SHORT,108.63,109.86,-1.23,2004-04-26T15:28:00+00:00,2004-04-27T15:15:00+00:00,REV
LONG,109.86,109.81,-0.05,2004-04-27T15:15:00+00:00,2004-05-04T14:52:00+00:00,REV
SHORT,109.81,109.90,-0.09,2004-05-04T14:52:00+00:00,2004-05-07T00:20:00+00:00,REV
LONG,109.90,113.99,4.09,2004-05-07T00:20:00+00:00,2004-05-17T03:54:00+00:00,REV
SHORT,113.99,114.67,-0.68,2004-05-17T03:54:00+00:00,2004-05-18T02:30:00+00:00,REV
LONG,114.67,113.08,-1.59,2004-05-18T02:30:00+00:00,2004-05-19T10:05:00+00:00,REV
SHORT,113.08,112.97,0.11,2004-05-19T10:05:00+00:00,2004-05-25T00:46:00+00:00,REV
LONG,112.97,112.11,-0.86,2004-05-25T00:46:00+00:00,2004-05-25T16:37:00+00:00,REV
SHORT,112.11,110.75,1.36,2004-05-25T16:37:00+00:00,2004-06-02T04:10:00+00:00,REV
LONG,110.75,109.83,-0.92,2004-06-02T04:10:00+00:00,2004-06-07T15:20:00+00:00,REV
SHORT,109.83,110.52,-0.69,2004-06-07T15:20:00+00:00,2004-06-14T04:09:00+00:00,REV
LONG,110.52,110.06,-0.46,2004-06-14T04:09:00+00:00,2004-06-15T18:00:00+00:00,REV
SHORT,110.06,111.42,-1.36,2004-06-15T18:00:00+00:00,2004-06-17T10:46:00+00:00,REV
LONG,111.42,109.25,-2.17,2004-06-17T10:46:00+00:00,2004-06-17T13:03:00+00:00,REV
SHORT,109.25,108.37,0.88,2004-06-17T13:03:00+00:00,2004-06-29T03:31:00+00:00,REV
LONG,108.37,108.44,0.07,2004-06-29T03:31:00+00:00,2004-07-07T12:18:00+00:00,REV
SHORT,108.44,108.99,-0.55,2004-07-07T12:18:00+00:00,2004-07-13T16:35:00+00:00,REV
LONG,108.99,108.59,-0.40,2004-07-13T16:35:00+00:00,2004-07-19T05:28:00+00:00,REV
SHORT,108.59,108.90,-0.31,2004-07-19T05:28:00+00:00,2004-07-21T12:50:00+00:00,REV
LONG,108.90,111.12,2.22,2004-07-21T12:50:00+00:00,2004-08-02T05:50:00+00:00,REV
SHORT,111.12,111.43,-0.31,2004-08-02T05:50:00+00:00,2004-08-04T09:42:00+00:00,REV
LONG,111.43,110.55,-0.88,2004-08-04T09:42:00+00:00,2004-08-06T15:31:00+00:00,REV
SHORT,110.55,111.49,-0.94,2004-08-06T15:31:00+00:00,2004-08-11T06:12:00+00:00,REV
LONG,111.49,110.42,-1.07,2004-08-11T06:12:00+00:00,2004-08-16T00:01:00+00:00,REV
SHORT,110.42,109.78,0.64,2004-08-16T00:01:00+00:00,2004-08-23T21:17:00+00:00,REV
LONG,109.78,109.40,-0.38,2004-08-23T21:17:00+00:00,2004-08-26T22:08:00+00:00,REV
SHORT,109.40,110.33,-0.93,2004-08-26T22:08:00+00:00,2004-08-30T07:30:00+00:00,REV
LONG,110.33,109.05,-1.28,2004-08-30T07:30:00+00:00,2004-08-31T18:59:00+00:00,REV
SHORT,109.05,109.76,-0.71,2004-08-31T18:59:00+00:00,2004-09-03T09:07:00+00:00,REV
LONG,109.76,109.27,-0.49,2004-09-03T09:07:00+00:00,2004-09-08T17:58:00+00:00,REV
SHORT,109.27,110.04,-0.77,2004-09-08T17:58:00+00:00,2004-09-10T03:08:00+00:00,REV
LONG,110.04,110.70,0.66,2004-09-10T03:08:00+00:00,2004-09-30T14:41:00+00:00,REV
SHORT,110.70,111.22,-0.52,2004-09-30T14:41:00+00:00,2004-10-05T18:04:00+00:00,REV
LONG,111.22,110.98,-0.24,2004-10-05T18:04:00+00:00,2004-10-08T06:36:00+00:00,REV
SHORT,110.98,110.13,0.85,2004-10-08T06:36:00+00:00,2004-10-13T15:49:00+00:00,REV
LONG,110.13,109.25,-0.88,2004-10-13T15:49:00+00:00,2004-10-14T15:30:00+00:00,REV
SHORT,109.25,106.62,2.63,2004-10-14T15:30:00+00:00,2004-11-02T01:27:00+00:00,REV
LONG,106.62,105.96,-0.66,2004-11-02T01:27:00+00:00,2004-11-04T15:56:00+00:00,REV
SHORT,105.96,105.96,-0.00,2004-11-04T15:56:00+00:00,2004-11-10T02:09:00+00:00,REV
LONG,105.96,105.68,-0.28,2004-11-10T02:09:00+00:00,2004-11-12T17:14:00+00:00,REV
SHORT,105.68,103.43,2.25,2004-11-12T17:14:00+00:00,2004-11-23T02:56:00+00:00,REV
LONG,103.43,103.00,-0.43,2004-11-23T02:56:00+00:00,2004-11-23T14:41:00+00:00,REV
SHORT,103.00,103.73,-0.73,2004-11-23T14:41:00+00:00,2004-11-24T07:17:00+00:00,REV
LONG,103.73,102.91,-0.82,2004-11-24T07:17:00+00:00,2004-11-24T13:01:00+00:00,REV
SHORT,102.91,102.83,0.08,2004-11-24T13:01:00+00:00,2004-11-29T00:11:00+00:00,REV
LONG,102.83,102.61,-0.22,2004-11-29T00:11:00+00:00,2004-11-29T16:35:00+00:00,REV
SHORT,102.61,103.17,-0.56,2004-11-29T16:35:00+00:00,2004-11-30T02:10:00+00:00,REV
LONG,103.17,102.54,-0.63,2004-11-30T02:10:00+00:00,2004-11-30T16:54:00+00:00,REV
SHORT,102.54,103.39,-0.85,2004-11-30T16:54:00+00:00,2004-12-02T18:10:00+00:00,REV
LONG,103.39,104.62,1.23,2004-12-02T18:10:00+00:00,2004-12-13T21:28:00+00:00,REV
SHORT,104.62,105.63,-1.01,2004-12-13T21:28:00+00:00,2004-12-14T18:13:00+00:00,REV
LONG,105.63,104.58,-1.05,2004-12-14T18:13:00+00:00,2004-12-15T12:18:00+00:00,REV
SHORT,104.58,104.21,0.37,2004-12-15T12:18:00+00:00,2004-12-20T01:21:00+00:00,REV
LONG,104.21,103.91,-0.30,2004-12-20T01:21:00+00:00,2004-12-21T02:13:00+00:00,REV
SHORT,103.91,104.54,-0.63,2004-12-21T02:13:00+00:00,2004-12-21T17:06:00+00:00,REV
LONG,104.54,103.72,-0.82,2004-12-21T17:06:00+00:00,2004-12-23T16:46:00+00:00,REV
SHORT,103.72,103.73,-0.01,2004-12-23T16:46:00+00:00,2004-12-27T00:14:00+00:00,REV
LONG,103.73,102.91,-0.82,2004-12-27T00:14:00+00:00,2004-12-31T02:19:00+00:00,REV
SHORT,102.91,103.19,-0.28,2004-12-31T02:19:00+00:00,2005-01-04T11:25:00+00:00,REV
LONG,103.19,104.81,1.62,2005-01-04T11:25:00+00:00,2005-01-10T00:02:00+00:00,REV
SHORT,104.81,104.84,-0.03,2005-01-10T00:02:00+00:00,2005-01-10T00:25:00+00:00,REV
LONG,104.84,104.11,-0.73,2005-01-10T00:25:00+00:00,2005-01-11T04:00:00+00:00,REV
SHORT,104.11,102.13,1.98,2005-01-11T04:00:00+00:00,2005-01-17T02:05:00+00:00,REV
LONG,102.13,102.01,-0.12,2005-01-17T02:05:00+00:00,2005-01-17T09:31:00+00:00,REV
SHORT,102.01,102.24,-0.23,2005-01-17T09:31:00+00:00,2005-01-18T00:47:00+00:00,REV
LONG,102.24,102.57,0.33,2005-01-18T00:47:00+00:00,2005-01-25T01:21:00+00:00,REV
SHORT,102.57,103.06,-0.49,2005-01-25T01:21:00+00:00,2005-01-25T08:49:00+00:00,REV
LONG,103.06,102.72,-0.34,2005-01-25T08:49:00+00:00,2005-01-28T00:00:00+00:00,REV
SHORT,102.72,103.63,-0.91,2005-01-28T00:00:00+00:00,2005-01-31T00:00:00+00:00,REV
LONG,103.63,103.38,-0.25,2005-01-31T00:00:00+00:00,2005-01-31T18:08:00+00:00,REV
SHORT,103.38,103.82,-0.44,2005-01-31T18:08:00+00:00,2005-02-01T08:59:00+00:00,REV
LONG,103.82,103.38,-0.44,2005-02-01T08:59:00+00:00,2005-02-02T13:45:00+00:00,REV
SHORT,103.38,104.14,-0.76,2005-02-02T13:45:00+00:00,2005-02-03T03:01:00+00:00,REV
LONG,104.14,105.50,1.36,2005-02-03T03:01:00+00:00,2005-02-13T23:54:00+00:00,REV
SHORT,105.50,105.63,-0.13,2005-02-13T23:54:00+00:00,2005-02-16T17:35:00+00:00,REV
LONG,105.63,105.63,-0.00,2005-02-16T17:35:00+00:00,2005-02-21T10:25:00+00:00,REV
SHORT,105.63,105.29,0.34,2005-02-21T10:25:00+00:00,2005-02-28T00:01:00+00:00,REV
LONG,105.29,105.25,-0.04,2005-02-28T00:01:00+00:00,2005-02-28T01:38:00+00:00,REV
SHORT,105.25,105.19,0.06,2005-02-28T01:38:00+00:00,2005-03-03T18:58:00+00:00,REV
LONG,105.19,104.56,-0.63,2005-03-03T18:58:00+00:00,2005-03-08T16:28:00+00:00,REV
SHORT,104.56,104.37,0.19,2005-03-08T16:28:00+00:00,2005-03-14T03:29:00+00:00,REV
LONG,104.37,106.96,2.59,2005-03-14T03:29:00+00:00,2005-03-31T09:53:00+00:00,REV
SHORT,106.96,107.73,-0.77,2005-03-31T09:53:00+00:00,2005-04-01T17:27:00+00:00,REV
LONG,107.73,108.14,0.41,2005-04-01T17:27:00+00:00,2005-04-11T10:58:00+00:00,REV
SHORT,108.14,108.45,-0.31,2005-04-11T10:58:00+00:00,2005-04-15T07:38:00+00:00,REV
LONG,108.45,107.30,-1.15,2005-04-15T07:38:00+00:00,2005-04-19T05:12:00+00:00,REV
SHORT,107.30,106.19,1.11,2005-04-19T05:12:00+00:00,2005-04-27T00:19:00+00:00,REV
LONG,106.19,105.61,-0.58,2005-04-27T00:19:00+00:00,2005-04-28T15:43:00+00:00,REV
SHORT,105.61,105.16,0.45,2005-04-28T15:43:00+00:00,2005-05-09T00:00:00+00:00,REV
LONG,105.16,105.10,-0.06,2005-05-09T00:00:00+00:00,2005-05-11T11:22:00+00:00,REV
SHORT,105.10,105.99,-0.89,2005-05-11T11:22:00+00:00,2005-05-12T04:13:00+00:00,REV
LONG,105.99,106.71,0.72,2005-05-12T04:13:00+00:00,2005-05-17T02:50:00+00:00,REV
SHORT,106.71,107.81,-1.10,2005-05-17T02:50:00+00:00,2005-05-18T04:35:00+00:00,REV
LONG,107.81,107.38,-0.43,2005-05-18T04:35:00+00:00,2005-05-24T13:05:00+00:00,REV
SHORT,107.38,107.91,-0.53,2005-05-24T13:05:00+00:00,2005-05-26T05:03:00+00:00,REV
LONG,107.91,107.76,-0.15,2005-05-26T05:03:00+00:00,2005-05-31T17:48:00+00:00,REV
SHORT,107.76,108.19,-0.43,2005-05-31T17:48:00+00:00,2005-05-31T20:11:00+00:00,REV
LONG,108.19,108.13,-0.06,2005-05-31T20:11:00+00:00,2005-06-03T03:38:00+00:00,REV
SHORT,108.13,107.43,0.70,2005-06-03T03:38:00+00:00,2005-06-09T12:10:00+00:00,REV
LONG,107.43,109.11,1.68,2005-06-09T12:10:00+00:00,2005-06-16T13:23:00+00:00,REV
SHORT,109.11,109.44,-0.33,2005-06-16T13:23:00+00:00,2005-06-20T18:01:00+00:00,REV
LONG,109.44,108.54,-0.90,2005-06-20T18:01:00+00:00,2005-06-21T17:48:00+00:00,REV
SHORT,108.54,109.16,-0.62,2005-06-21T17:48:00+00:00,2005-06-24T07:06:00+00:00,REV
LONG,109.16,111.72,2.56,2005-06-24T07:06:00+00:00,2005-07-12T01:12:00+00:00,REV
SHORT,111.72,112.29,-0.57,2005-07-12T01:12:00+00:00,2005-07-13T18:07:00+00:00,REV
LONG,112.29,111.69,-0.60,2005-07-13T18:07:00+00:00,2005-07-18T18:11:00+00:00,REV
SHORT,111.69,112.45,-0.76,2005-07-18T18:11:00+00:00,2005-07-19T10:07:00+00:00,REV
LONG,112.45,111.86,-0.59,2005-07-19T10:07:00+00:00,2005-07-21T14:04:00+00:00,REV
SHORT,111.86,112.01,-0.15,2005-07-21T14:04:00+00:00,2005-07-26T09:02:00+00:00,REV
LONG,112.01,112.02,0.01,2005-07-26T09:02:00+00:00,2005-07-29T09:25:00+00:00,REV
SHORT,112.02,111.96,0.06,2005-07-29T09:25:00+00:00,2005-08-05T15:46:00+00:00,REV
LONG,111.96,111.58,-0.38,2005-08-05T15:46:00+00:00,2005-08-10T03:23:00+00:00,REV
SHORT,111.58,109.84,1.74,2005-08-10T03:23:00+00:00,2005-08-17T09:13:00+00:00,REV
LONG,109.84,109.78,-0.06,2005-08-17T09:13:00+00:00,2005-08-22T11:31:00+00:00,REV
SHORT,109.78,110.58,-0.80,2005-08-22T11:31:00+00:00,2005-08-24T06:52:00+00:00,REV
LONG,110.58,109.78,-0.80,2005-08-24T06:52:00+00:00,2005-08-26T10:24:00+00:00,REV
SHORT,109.78,110.48,-0.70,2005-08-26T10:24:00+00:00,2005-08-29T07:46:00+00:00,REV
LONG,110.48,110.39,-0.09,2005-08-29T07:46:00+00:00,2005-09-01T15:53:00+00:00,REV
SHORT,110.39,109.87,0.52,2005-09-01T15:53:00+00:00,2005-09-07T05:01:00+00:00,REV
LONG,109.87,109.36,-0.51,2005-09-07T05:01:00+00:00,2005-09-12T00:00:00+00:00,REV
SHORT,109.36,110.78,-1.42,2005-09-12T00:00:00+00:00,2005-09-13T11:39:00+00:00,REV
LONG,110.78,111.15,0.37,2005-09-13T11:39:00+00:00,2005-09-21T12:00:00+00:00,REV
SHORT,111.15,112.05,-0.90,2005-09-21T12:00:00+00:00,2005-09-23T17:48:00+00:00,REV
LONG,112.05,113.61,1.56,2005-09-23T17:48:00+00:00,2005-10-06T16:19:00+00:00,REV
SHORT,113.61,114.22,-0.61,2005-10-06T16:19:00+00:00,2005-10-10T15:33:00+00:00,REV
LONG,114.22,114.23,0.01,2005-10-10T15:33:00+00:00,2005-10-14T17:30:00+00:00,REV
SHORT,114.23,115.00,-0.77,2005-10-14T17:30:00+00:00,2005-10-18T01:42:00+00:00,REV
LONG,115.00,115.29,0.29,2005-10-18T01:42:00+00:00,2005-10-21T02:52:00+00:00,REV
SHORT,115.29,115.97,-0.68,2005-10-21T02:52:00+00:00,2005-10-27T01:42:00+00:00,REV
LONG,115.97,117.18,1.21,2005-10-27T01:42:00+00:00,2005-11-08T18:36:00+00:00,REV
SHORT,117.18,118.00,-0.82,2005-11-08T18:36:00+00:00,2005-11-10T16:09:00+00:00,REV
LONG,118.00,118.74,0.74,2005-11-10T16:09:00+00:00,2005-11-17T10:34:00+00:00,REV
SHORT,118.74,119.42,-0.68,2005-11-17T10:34:00+00:00,2005-11-21T08:09:00+00:00,REV
LONG,119.42,118.56,-0.86,2005-11-21T08:09:00+00:00,2005-11-23T08:11:00+00:00,REV
SHORT,118.56,119.14,-0.58,2005-11-23T08:11:00+00:00,2005-11-25T02:00:00+00:00,REV
LONG,119.14,118.57,-0.57,2005-11-25T02:00:00+00:00,2005-11-28T20:46:00+00:00,REV
SHORT,118.57,119.87,-1.30,2005-11-28T20:46:00+00:00,2005-12-01T04:01:00+00:00,REV
LONG,119.87,120.73,0.86,2005-12-01T04:01:00+00:00,2005-12-07T01:28:00+00:00,REV
SHORT,120.73,116.61,4.12,2005-12-07T01:28:00+00:00,2005-12-20T05:02:00+00:00,REV
LONG,116.61,116.46,-0.15,2005-12-20T05:02:00+00:00,2005-12-23T17:33:00+00:00,REV
SHORT,116.46,117.47,-1.01,2005-12-23T17:33:00+00:00,2005-12-28T00:15:00+00:00,REV
LONG,117.47,117.01,-0.46,2005-12-28T00:15:00+00:00,2006-01-03T10:06:00+00:00,REV
SHORT,117.01,114.82,2.19,2006-01-03T10:06:00+00:00,2006-01-11T07:25:00+00:00,REV
LONG,114.82,113.95,-0.87,2006-01-11T07:25:00+00:00,2006-01-12T08:16:00+00:00,REV
SHORT,113.95,114.84,-0.89,2006-01-12T08:16:00+00:00,2006-01-16T15:12:00+00:00,REV
LONG,114.84,114.96,0.12,2006-01-16T15:12:00+00:00,2006-01-23T03:15:00+00:00,REV
SHORT,114.96,115.33,-0.37,2006-01-23T03:15:00+00:00,2006-01-25T16:12:00+00:00,REV
LONG,115.33,118.35,3.02,2006-01-25T16:12:00+00:00,2006-02-07T09:50:00+00:00,REV
SHORT,118.35,118.94,-0.59,2006-02-07T09:50:00+00:00,2006-02-10T02:55:00+00:00,REV
LONG,118.94,117.58,-1.36,2006-02-10T02:55:00+00:00,2006-02-10T09:43:00+00:00,REV
SHORT,117.58,118.15,-0.57,2006-02-10T09:43:00+00:00,2006-02-16T15:11:00+00:00,REV
LONG,118.15,118.27,0.12,2006-02-16T15:11:00+00:00,2006-02-23T05:25:00+00:00,REV
SHORT,118.27,116.45,1.82,2006-02-23T05:25:00+00:00,2006-03-03T02:54:00+00:00,REV
LONG,116.45,117.36,0.91,2006-03-03T02:54:00+00:00,2006-03-09T12:18:00+00:00,REV
SHORT,117.36,118.10,-0.74,2006-03-09T12:18:00+00:00,2006-03-09T19:36:00+00:00,REV
LONG,118.10,118.01,-0.09,2006-03-09T19:36:00+00:00,2006-03-14T15:47:00+00:00,REV
SHORT,118.01,117.02,0.99,2006-03-14T15:47:00+00:00,2006-03-21T17:54:00+00:00,REV
LONG,117.02,116.78,-0.24,2006-03-21T17:54:00+00:00,2006-03-27T04:27:00+00:00,REV
SHORT,116.78,118.09,-1.31,2006-03-27T04:27:00+00:00,2006-03-29T15:57:00+00:00,REV
LONG,118.09,117.27,-0.82,2006-03-29T15:57:00+00:00,2006-04-05T04:17:00+00:00,REV
SHORT,117.27,117.99,-0.72,2006-04-05T04:17:00+00:00,2006-04-06T16:32:00+00:00,REV
LONG,117.99,117.92,-0.07,2006-04-06T16:32:00+00:00,2006-04-12T03:53:00+00:00,REV
SHORT,117.92,114.06,3.86,2006-04-12T03:53:00+00:00,2006-05-04T07:25:00+00:00,REV
LONG,114.06,112.92,-1.14,2006-05-04T07:25:00+00:00,2006-05-05T16:14:00+00:00,REV
SHORT,112.92,110.77,2.15,2006-05-05T16:14:00+00:00,2006-05-16T01:56:00+00:00,REV
LONG,110.77,109.37,-1.40,2006-05-16T01:56:00+00:00,2006-05-17T06:32:00+00:00,REV
SHORT,109.37,110.90,-1.53,2006-05-17T06:32:00+00:00,2006-05-17T21:19:00+00:00,REV
LONG,110.90,111.67,0.77,2006-05-17T21:19:00+00:00,2006-05-26T01:09:00+00:00,REV
SHORT,111.67,112.73,-1.06,2006-05-26T01:09:00+00:00,2006-05-30T02:55:00+00:00,REV
LONG,112.73,112.19,-0.54,2006-05-30T02:55:00+00:00,2006-05-30T05:53:00+00:00,REV
SHORT,112.19,112.83,-0.64,2006-05-30T05:53:00+00:00,2006-06-01T10:14:00+00:00,REV
LONG,112.83,111.47,-1.36,2006-06-01T10:14:00+00:00,2006-06-02T17:44:00+00:00,REV
SHORT,111.47,112.34,-0.87,2006-06-02T17:44:00+00:00,2006-06-06T01:36:00+00:00,REV
LONG,112.34,114.66,2.32,2006-06-06T01:36:00+00:00,2006-06-21T04:32:00+00:00,REV
SHORT,114.66,115.67,-1.01,2006-06-21T04:32:00+00:00,2006-06-22T13:48:00+00:00,REV
LONG,115.67,115.88,0.21,2006-06-22T13:48:00+00:00,2006-06-29T21:16:00+00:00,REV
SHORT,115.88,114.97,0.91,2006-06-29T21:16:00+00:00,2006-07-05T01:00:00+00:00,REV
LONG,114.97,114.61,-0.36,2006-07-05T01:00:00+00:00,2006-07-07T13:14:00+00:00,REV
SHORT,114.61,114.71,-0.10,2006-07-07T13:14:00+00:00,2006-07-12T11:23:00+00:00,REV
LONG,114.71,116.69,1.98,2006-07-12T11:23:00+00:00,2006-07-20T04:23:00+00:00,REV
SHORT,116.69,117.16,-0.47,2006-07-20T04:23:00+00:00,2006-07-25T18:21:00+00:00,REV
LONG,117.16,116.21,-0.95,2006-07-25T18:21:00+00:00,2006-07-27T08:40:00+00:00,REV
SHORT,116.21,115.34,0.87,2006-07-27T08:40:00+00:00,2006-08-04T10:52:00+00:00,REV
LONG,115.34,114.25,-1.09,2006-08-04T10:52:00+00:00,2006-08-04T16:02:00+00:00,REV
SHORT,114.25,115.41,-1.16,2006-08-04T16:02:00+00:00,2006-08-09T00:53:00+00:00,REV
LONG,115.41,115.87,0.46,2006-08-09T00:53:00+00:00,2006-08-16T15:36:00+00:00,REV
SHORT,115.87,116.12,-0.25,2006-08-16T15:36:00+00:00,2006-08-22T03:29:00+00:00,REV
LONG,116.12,116.94,0.82,2006-08-22T03:29:00+00:00,2006-09-04T02:52:00+00:00,REV
SHORT,116.94,116.92,0.02,2006-09-04T02:52:00+00:00,2006-09-07T10:40:00+00:00,REV
LONG,116.92,117.37,0.45,2006-09-07T10:40:00+00:00,2006-09-14T17:59:00+00:00,REV
SHORT,117.37,118.05,-0.68,2006-09-14T17:59:00+00:00,2006-09-15T19:55:00+00:00,REV
LONG,118.05,117.27,-0.78,2006-09-15T19:55:00+00:00,2006-09-19T15:42:00+00:00,REV
SHORT,117.27,116.79,0.48,2006-09-19T15:42:00+00:00,2006-09-26T17:12:00+00:00,REV
LONG,116.79,117.56,0.77,2006-09-26T17:12:00+00:00,2006-10-03T10:20:00+00:00,REV
SHORT,117.56,118.32,-0.76,2006-10-03T10:20:00+00:00,2006-10-06T15:52:00+00:00,REV
LONG,118.32,119.29,0.97,2006-10-06T15:52:00+00:00,2006-10-13T03:10:00+00:00,REV
SHORT,119.29,119.88,-0.59,2006-10-13T03:10:00+00:00,2006-10-13T17:31:00+00:00,REV
LONG,119.88,119.11,-0.77,2006-10-13T17:31:00+00:00,2006-10-16T15:53:00+00:00,REV
SHORT,119.11,119.04,0.07,2006-10-16T15:53:00+00:00,2006-10-23T11:29:00+00:00,REV
LONG,119.04,118.90,-0.14,2006-10-23T11:29:00+00:00,2006-10-26T03:26:00+00:00,REV
SHORT,118.90,117.41,1.49,2006-10-26T03:26:00+00:00,2006-11-03T15:31:00+00:00,REV
LONG,117.41,117.42,0.01,2006-11-03T15:31:00+00:00,2006-11-10T04:39:00+00:00,REV
SHORT,117.42,118.24,-0.82,2006-11-10T04:39:00+00:00,2006-11-16T11:00:00+00:00,REV
LONG,118.24,117.78,-0.46,2006-11-16T11:00:00+00:00,2006-11-22T03:42:00+00:00,REV
SHORT,117.78,116.44,1.34,2006-11-22T03:42:00+00:00,2006-11-29T14:28:00+00:00,REV
LONG,116.44,115.60,-0.84,2006-11-29T14:28:00+00:00,2006-11-30T18:14:00+00:00,REV
SHORT,115.60,115.41,0.19,2006-11-30T18:14:00+00:00,2006-12-08T09:41:00+00:00,REV
LONG,115.41,118.56,3.15,2006-12-08T09:41:00+00:00,2007-01-02T10:02:00+00:00,REV
SHORT,118.56,119.20,-0.64,2007-01-02T10:02:00+00:00,2007-01-03T12:04:00+00:00,REV
LONG,119.20,118.70,-0.50,2007-01-03T12:04:00+00:00,2007-01-05T02:46:00+00:00,REV
SHORT,118.70,119.10,-0.40,2007-01-05T02:46:00+00:00,2007-01-09T10:35:00+00:00,REV
LONG,119.10,121.13,2.03,2007-01-09T10:35:00+00:00,2007-01-23T14:53:00+00:00,REV
SHORT,121.13,121.82,-0.69,2007-01-23T14:53:00+00:00,2007-01-24T03:14:00+00:00,REV
LONG,121.82,121.13,-0.69,2007-01-24T03:14:00+00:00,2007-01-24T08:44:00+00:00,REV
SHORT,121.13,121.67,-0.54,2007-01-24T08:44:00+00:00,2007-01-29T02:41:00+00:00,REV
LONG,121.67,121.45,-0.22,2007-01-29T02:41:00+00:00,2007-01-31T07:55:00+00:00,REV
SHORT,121.45,120.84,0.61,2007-01-31T07:55:00+00:00,2007-02-08T03:39:00+00:00,REV
LONG,120.84,121.12,0.28,2007-02-08T03:39:00+00:00,2007-02-14T03:22:00+00:00,REV
SHORT,121.12,119.76,1.36,2007-02-14T03:22:00+00:00,2007-02-20T01:28:00+00:00,REV
LONG,119.76,120.85,1.09,2007-02-20T01:28:00+00:00,2007-02-26T02:21:00+00:00,REV
SHORT,120.85,116.81,4.04,2007-02-26T02:21:00+00:00,2007-03-07T00:54:00+00:00,REV
LONG,116.81,117.10,0.29,2007-03-07T00:54:00+00:00,2007-03-13T14:05:00+00:00,REV
SHORT,117.10,117.79,-0.69,2007-03-13T14:05:00+00:00,2007-03-20T03:39:00+00:00,REV
LONG,117.79,117.65,-0.14,2007-03-20T03:39:00+00:00,2007-03-28T04:23:00+00:00,REV
SHORT,117.65,118.13,-0.48,2007-03-28T04:23:00+00:00,2007-03-30T02:27:00+00:00,REV
LONG,118.13,118.82,0.69,2007-03-30T02:27:00+00:00,2007-04-13T05:45:00+00:00,REV
SHORT,118.82,119.57,-0.75,2007-04-13T05:45:00+00:00,2007-04-13T18:18:00+00:00,REV
LONG,119.57,118.83,-0.74,2007-04-13T18:18:00+00:00,2007-04-18T02:56:00+00:00,REV
SHORT,118.83,119.00,-0.17,2007-04-18T02:56:00+00:00,2007-04-23T03:08:00+00:00,REV
LONG,119.00,119.94,0.94,2007-04-23T03:08:00+00:00,2007-05-07T04:04:00+00:00,REV
SHORT,119.94,120.17,-0.23,2007-05-07T04:04:00+00:00,2007-05-10T01:53:00+00:00,REV
LONG,120.17,119.66,-0.51,2007-05-10T01:53:00+00:00,2007-05-11T12:24:00+00:00,REV
SHORT,119.66,120.48,-0.82,2007-05-11T12:24:00+00:00,2007-05-15T02:50:00+00:00,REV
LONG,120.48,121.27,0.79,2007-05-15T02:50:00+00:00,2007-05-25T02:38:00+00:00,REV
SHORT,121.27,121.91,-0.64,2007-05-25T02:38:00+00:00,2007-05-25T23:27:00+00:00,REV
LONG,121.91,121.58,-0.33,2007-05-25T23:27:00+00:00,2007-06-05T14:56:00+00:00,REV
SHORT,121.58,121.60,-0.02,2007-06-05T14:56:00+00:00,2007-06-08T13:15:00+00:00,REV
LONG,121.60,121.53,-0.07,2007-06-08T13:15:00+00:00,2007-06-13T03:11:00+00:00,REV
SHORT,121.53,121.88,-0.35,2007-06-13T03:11:00+00:00,2007-06-13T07:01:00+00:00,REV
LONG,121.88,123.34,1.46,2007-06-13T07:01:00+00:00,2007-06-20T03:26:00+00:00,REV
SHORT,123.34,123.76,-0.42,2007-06-20T03:26:00+00:00,2007-06-21T10:12:00+00:00,REV
LONG,123.76,123.45,-0.31,2007-06-21T10:12:00+00:00,2007-06-25T12:36:00+00:00,REV
SHORT,123.45,123.41,0.04,2007-06-25T12:36:00+00:00,2007-06-29T06:59:00+00:00,REV
LONG,123.41,122.80,-0.61,2007-06-29T06:59:00+00:00,2007-07-02T09:48:00+00:00,REV
SHORT,122.80,122.75,0.05,2007-07-02T09:48:00+00:00,2007-07-05T00:00:00+00:00,REV
LONG,122.75,122.87,0.12,2007-07-05T00:00:00+00:00,2007-07-10T15:14:00+00:00,REV
SHORT,122.87,122.62,0.25,2007-07-10T15:14:00+00:00,2007-07-13T03:11:00+00:00,REV
LONG,122.62,121.86,-0.76,2007-07-13T03:11:00+00:00,2007-07-16T01:11:00+00:00,REV
SHORT,121.86,122.36,-0.50,2007-07-16T01:11:00+00:00,2007-07-20T10:31:00+00:00,REV
LONG,122.36,121.61,-0.75,2007-07-20T10:31:00+00:00,2007-07-20T17:17:00+00:00,REV
SHORT,121.61,119.33,2.28,2007-07-20T17:17:00+00:00,2007-07-31T12:02:00+00:00,REV
LONG,119.33,118.04,-1.29,2007-07-31T12:02:00+00:00,2007-08-01T08:51:00+00:00,REV
SHORT,118.04,119.15,-1.11,2007-08-01T08:51:00+00:00,2007-08-08T09:45:00+00:00,REV
LONG,119.15,118.17,-0.98,2007-08-08T09:45:00+00:00,2007-08-10T00:00:00+00:00,REV
SHORT,118.17,115.49,2.68,2007-08-10T00:00:00+00:00,2007-08-23T01:15:00+00:00,REV
LONG,115.49,115.56,0.07,2007-08-23T01:15:00+00:00,2007-08-28T01:45:00+00:00,REV
SHORT,115.56,116.28,-0.72,2007-08-28T01:45:00+00:00,2007-08-31T06:47:00+00:00,REV
LONG,116.28,115.53,-0.75,2007-08-31T06:47:00+00:00,2007-09-04T10:49:00+00:00,REV
SHORT,115.53,116.46,-0.93,2007-09-04T10:49:00+00:00,2007-09-05T02:43:00+00:00,REV
LONG,116.46,115.36,-1.10,2007-09-05T02:43:00+00:00,2007-09-05T17:03:00+00:00,REV
SHORT,115.36,114.40,0.96,2007-09-05T17:03:00+00:00,2007-09-12T00:23:00+00:00,REV
LONG,114.40,114.81,0.41,2007-09-12T00:23:00+00:00,2007-09-20T17:23:00+00:00,REV
SHORT,114.81,115.45,-0.64,2007-09-20T17:23:00+00:00,2007-09-26T15:43:00+00:00,REV
LONG,115.45,117.13,1.68,2007-09-26T15:43:00+00:00,2007-10-16T10:11:00+00:00,REV
SHORT,117.13,114.61,2.52,2007-10-16T10:11:00+00:00,2007-10-29T14:22:00+00:00,REV
LONG,114.61,114.50,-0.11,2007-10-29T14:22:00+00:00,2007-11-02T02:12:00+00:00,REV
SHORT,114.50,111.01,3.49,2007-11-02T02:12:00+00:00,2007-11-14T00:28:00+00:00,REV
LONG,111.01,110.23,-0.78,2007-11-14T00:28:00+00:00,2007-11-16T04:12:00+00:00,REV
SHORT,110.23,108.82,1.41,2007-11-16T04:12:00+00:00,2007-11-27T05:42:00+00:00,REV
LONG,108.82,109.69,0.87,2007-11-27T05:42:00+00:00,2007-12-04T13:12:00+00:00,REV
SHORT,109.69,111.01,-1.32,2007-12-04T13:12:00+00:00,2007-12-06T03:00:00+00:00,REV
LONG,111.01,111.20,0.19,2007-12-06T03:00:00+00:00,2007-12-11T21:22:00+00:00,REV
SHORT,111.20,112.18,-0.98,2007-12-11T21:22:00+00:00,2007-12-12T16:12:00+00:00,REV
LONG,112.18,112.76,0.58,2007-12-12T16:12:00+00:00,2007-12-19T14:31:00+00:00,REV
SHORT,112.76,113.52,-0.76,2007-12-19T14:31:00+00:00,2007-12-21T15:02:00+00:00,REV
LONG,113.52,114.00,0.48,2007-12-21T15:02:00+00:00,2007-12-27T16:00:00+00:00,REV
SHORT,114.00,109.76,4.24,2007-12-27T16:00:00+00:00,2008-01-08T12:08:00+00:00,REV
LONG,109.76,108.83,-0.93,2008-01-08T12:08:00+00:00,2008-01-11T08:47:00+00:00,REV
SHORT,108.83,107.07,1.76,2008-01-11T08:47:00+00:00,2008-01-23T01:44:00+00:00,REV
LONG,107.07,105.64,-1.43,2008-01-23T01:44:00+00:00,2008-01-23T15:04:00+00:00,REV
SHORT,105.64,107.41,-1.77,2008-01-23T15:04:00+00:00,2008-01-25T07:11:00+00:00,REV
LONG,107.41,106.25,-1.16,2008-01-25T07:11:00+00:00,2008-01-31T00:00:00+00:00,REV
SHORT,106.25,106.91,-0.66,2008-01-31T00:00:00+00:00,2008-02-04T03:19:00+00:00,REV
LONG,106.91,106.53,-0.38,2008-02-04T03:19:00+00:00,2008-02-06T01:10:00+00:00,REV
SHORT,106.53,107.76,-1.23,2008-02-06T01:10:00+00:00,2008-02-07T20:46:00+00:00,REV
LONG,107.76,107.28,-0.48,2008-02-07T20:46:00+00:00,2008-02-19T12:40:00+00:00,REV
SHORT,107.28,108.36,-1.08,2008-02-19T12:40:00+00:00,2008-02-20T19:25:00+00:00,REV
LONG,108.36,107.25,-1.11,2008-02-20T19:25:00+00:00,2008-02-21T19:32:00+00:00,REV
SHORT,107.25,103.73,3.52,2008-02-21T19:32:00+00:00,2008-03-05T09:17:00+00:00,REV
LONG,103.73,102.69,-1.04,2008-03-05T09:17:00+00:00,2008-03-06T22:49:00+00:00,REV
SHORT,102.69,103.27,-0.58,2008-03-06T22:49:00+00:00,2008-03-11T17:26:00+00:00,REV
LONG,103.27,101.44,-1.83,2008-03-11T17:26:00+00:00,2008-03-13T00:40:00+00:00,REV
SHORT,101.44,99.99,1.45,2008-03-13T00:40:00+00:00,2008-03-19T00:26:00+00:00,REV
LONG,99.99,99.35,-0.64,2008-03-19T00:26:00+00:00,2008-03-26T12:33:00+00:00,REV
SHORT,99.35,100.37,-1.02,2008-03-26T12:33:00+00:00,2008-03-28T12:26:00+00:00,REV
LONG,100.37,101.55,1.18,2008-03-28T12:26:00+00:00,2008-04-04T17:39:00+00:00,REV
SHORT,101.55,102.88,-1.33,2008-04-04T17:39:00+00:00,2008-04-09T01:59:00+00:00,REV
LONG,102.88,101.51,-1.37,2008-04-09T01:59:00+00:00,2008-04-09T20:00:00+00:00,REV
SHORT,101.51,101.87,-0.36,2008-04-09T20:00:00+00:00,2008-04-16T00:03:00+00:00,REV
LONG,101.87,103.94,2.07,2008-04-16T00:03:00+00:00,2008-04-29T14:51:00+00:00,REV
SHORT,103.94,104.86,-0.92,2008-04-29T14:51:00+00:00,2008-04-30T15:15:00+00:00,REV
LONG,104.86,104.36,-0.50,2008-04-30T15:15:00+00:00,2008-05-06T16:00:00+00:00,REV
SHORT,104.36,104.08,0.28,2008-05-06T16:00:00+00:00,2008-05-13T15:30:00+00:00,REV
LONG,104.08,104.45,0.37,2008-05-13T15:30:00+00:00,2008-05-16T09:57:00+00:00,REV
SHORT,104.45,104.29,0.16,2008-05-16T09:57:00+00:00,2008-05-27T16:25:00+00:00,REV
LONG,104.29,104.64,0.35,2008-05-27T16:25:00+00:00,2008-06-02T16:50:00+00:00,REV
SHORT,104.64,105.61,-0.97,2008-06-02T16:50:00+00:00,2008-06-05T05:12:00+00:00,REV
LONG,105.61,104.70,-0.91,2008-06-05T05:12:00+00:00,2008-06-09T00:00:00+00:00,REV
SHORT,104.70,106.39,-1.69,2008-06-09T00:00:00+00:00,2008-06-10T00:18:00+00:00,REV
LONG,106.39,107.68,1.29,2008-06-10T00:18:00+00:00,2008-06-17T10:22:00+00:00,REV
SHORT,107.68,108.10,-0.42,2008-06-17T10:22:00+00:00,2008-06-23T15:46:00+00:00,REV
LONG,108.10,107.39,-0.71,2008-06-23T15:46:00+00:00,2008-06-26T17:38:00+00:00,REV
SHORT,107.39,106.50,0.89,2008-06-26T17:38:00+00:00,2008-07-02T11:45:00+00:00,REV
LONG,106.50,106.63,0.13,2008-07-02T11:45:00+00:00,2008-07-08T10:46:00+00:00,REV
SHORT,106.63,106.30,0.33,2008-07-08T10:46:00+00:00,2008-07-17T20:34:00+00:00,REV
LONG,106.30,107.21,0.91,2008-07-17T20:34:00+00:00,2008-07-25T05:17:00+00:00,REV
SHORT,107.21,108.02,-0.81,2008-07-25T05:17:00+00:00,2008-07-28T03:26:00+00:00,REV
LONG,108.02,107.60,-0.42,2008-07-28T03:26:00+00:00,2008-08-01T08:38:00+00:00,REV
SHORT,107.60,108.33,-0.73,2008-08-01T08:38:00+00:00,2008-08-05T07:34:00+00:00,REV
LONG,108.33,109.33,1.00,2008-08-05T07:34:00+00:00,2008-08-12T22:08:00+00:00,REV
SHORT,109.33,110.02,-0.69,2008-08-12T22:08:00+00:00,2008-08-15T04:20:00+00:00,REV
LONG,110.02,109.66,-0.36,2008-08-15T04:20:00+00:00,2008-08-19T18:10:00+00:00,REV
SHORT,109.66,110.17,-0.51,2008-08-19T18:10:00+00:00,2008-08-25T03:17:00+00:00,REV
LONG,110.17,109.02,-1.15,2008-08-25T03:17:00+00:00,2008-08-27T06:47:00+00:00,REV
SHORT,109.02,108.75,0.27,2008-08-27T06:47:00+00:00,2008-09-08T00:00:00+00:00,REV
LONG,108.75,106.70,-2.05,2008-09-08T00:00:00+00:00,2008-09-10T00:03:00+00:00,REV
SHORT,106.70,107.97,-1.27,2008-09-10T00:03:00+00:00,2008-09-12T23:41:00+00:00,REV
LONG,107.97,105.61,-2.36,2008-09-12T23:41:00+00:00,2008-09-15T00:00:00+00:00,REV
SHORT,105.61,106.75,-1.14,2008-09-15T00:00:00+00:00,2008-09-19T05:08:00+00:00,REV
LONG,106.75,105.41,-1.34,2008-09-19T05:08:00+00:00,2008-09-22T22:01:00+00:00,REV
SHORT,105.41,106.38,-0.97,2008-09-22T22:01:00+00:00,2008-09-25T17:15:00+00:00,REV
LONG,106.38,105.39,-0.99,2008-09-25T17:15:00+00:00,2008-09-26T10:58:00+00:00,REV
SHORT,105.39,101.53,3.86,2008-09-26T10:58:00+00:00,2008-10-13T22:38:00+00:00,REV
LONG,101.53,99.90,-1.63,2008-10-13T22:38:00+00:00,2008-10-16T00:07:00+00:00,REV
SHORT,99.90,101.86,-1.96,2008-10-16T00:07:00+00:00,2008-10-20T03:54:00+00:00,REV
LONG,101.86,100.63,-1.23,2008-10-20T03:54:00+00:00,2008-10-21T18:46:00+00:00,REV
SHORT,100.63,98.13,2.50,2008-10-21T18:46:00+00:00,2008-10-28T22:21:00+00:00,REV
LONG,98.13,98.25,0.12,2008-10-28T22:21:00+00:00,2008-11-05T22:59:00+00:00,REV
SHORT,98.25,99.35,-1.10,2008-11-05T22:59:00+00:00,2008-11-10T00:00:00+00:00,REV
LONG,99.35,97.34,-2.01,2008-11-10T00:00:00+00:00,2008-11-12T01:31:00+00:00,REV
SHORT,97.34,96.27,1.07,2008-11-12T01:31:00+00:00,2008-11-24T17:25:00+00:00,REV
LONG,96.27,94.96,-1.31,2008-11-24T17:25:00+00:00,2008-11-26T02:26:00+00:00,REV
SHORT,94.96,93.50,1.46,2008-11-26T02:26:00+00:00,2008-12-08T10:24:00+00:00,REV
LONG,93.50,91.96,-1.54,2008-12-08T10:24:00+00:00,2008-12-11T11:53:00+00:00,REV
SHORT,91.96,90.06,1.90,2008-12-11T11:53:00+00:00,2008-12-22T02:58:00+00:00,REV
LONG,90.06,90.26,0.20,2008-12-22T02:58:00+00:00,2008-12-29T12:59:00+00:00,REV
SHORT,90.26,90.83,-0.57,2008-12-29T12:59:00+00:00,2008-12-30T02:50:00+00:00,REV
LONG,90.83,92.36,1.53,2008-12-30T02:50:00+00:00,2009-01-08T08:15:00+00:00,REV
SHORT,92.36,90.00,2.36,2009-01-08T08:15:00+00:00,2009-01-15T21:44:00+00:00,REV
LONG,90.00,89.76,-0.24,2009-01-15T21:44:00+00:00,2009-01-20T22:16:00+00:00,REV
SHORT,89.76,89.67,0.09,2009-01-20T22:16:00+00:00,2009-01-26T17:26:00+00:00,REV
LONG,89.67,89.18,-0.49,2009-01-26T17:26:00+00:00,2009-02-02T10:34:00+00:00,REV
SHORT,89.18,90.01,-0.83,2009-02-02T10:34:00+00:00,2009-02-05T14:17:00+00:00,REV
LONG,90.01,90.76,0.75,2009-02-05T14:17:00+00:00,2009-02-10T18:12:00+00:00,REV
SHORT,90.76,91.15,-0.39,2009-02-10T18:12:00+00:00,2009-02-13T04:44:00+00:00,REV
LONG,91.15,97.74,6.59,2009-02-13T04:44:00+00:00,2009-03-06T08:48:00+00:00,REV
SHORT,97.74,98.69,-0.95,2009-03-06T08:48:00+00:00,2009-03-17T09:02:00+00:00,REV
LONG,98.69,97.58,-1.11,2009-03-17T09:02:00+00:00,2009-03-18T21:17:00+00:00,REV
SHORT,97.58,96.64,0.94,2009-03-18T21:17:00+00:00,2009-03-23T14:03:00+00:00,REV
LONG,96.64,97.13,0.49,2009-03-23T14:03:00+00:00,2009-03-30T07:28:00+00:00,REV
SHORT,97.13,98.90,-1.77,2009-03-30T07:28:00+00:00,2009-03-31T18:04:00+00:00,REV
LONG,98.90,99.89,0.99,2009-03-31T18:04:00+00:00,2009-04-08T08:56:00+00:00,REV
SHORT,99.89,99.69,0.20,2009-04-08T08:56:00+00:00,2009-04-17T03:53:00+00:00,REV
LONG,99.69,98.56,-1.13,2009-04-17T03:53:00+00:00,2009-04-20T12:56:00+00:00,REV
SHORT,98.56,97.14,1.42,2009-04-20T12:56:00+00:00,2009-04-29T12:48:00+00:00,REV
LONG,97.14,98.63,1.49,2009-04-29T12:48:00+00:00,2009-05-06T04:10:00+00:00,REV
SHORT,98.63,99.24,-0.61,2009-05-06T04:10:00+00:00,2009-05-07T12:02:00+00:00,REV
LONG,99.24,98.30,-0.94,2009-05-07T12:02:00+00:00,2009-05-11T06:04:00+00:00,REV
SHORT,98.30,96.22,2.08,2009-05-11T06:04:00+00:00,2009-05-18T19:22:00+00:00,REV
LONG,96.22,94.71,-1.51,2009-05-18T19:22:00+00:00,2009-05-21T02:19:00+00:00,REV
SHORT,94.71,94.94,-0.23,2009-05-21T02:19:00+00:00,2009-05-25T08:11:00+00:00,REV
LONG,94.94,95.02,0.08,2009-05-25T08:11:00+00:00,2009-06-01T03:48:00+00:00,REV
SHORT,95.02,96.66,-1.64,2009-06-01T03:48:00+00:00,2009-06-04T12:15:00+00:00,REV
LONG,96.66,97.25,0.59,2009-06-04T12:15:00+00:00,2009-06-10T03:30:00+00:00,REV
SHORT,97.25,98.57,-1.32,2009-06-10T03:30:00+00:00,2009-06-15T09:23:00+00:00,REV
LONG,98.57,97.47,-1.10,2009-06-15T09:23:00+00:00,2009-06-16T03:40:00+00:00,REV
SHORT,97.47,96.79,0.68,2009-06-16T03:40:00+00:00,2009-06-19T09:14:00+00:00,REV
LONG,96.79,95.72,-1.07,2009-06-19T09:14:00+00:00,2009-06-23T02:26:00+00:00,REV
SHORT,95.72,96.05,-0.33,2009-06-23T02:26:00+00:00,2009-06-25T04:09:00+00:00,REV
LONG,96.05,95.70,-0.35,2009-06-25T04:09:00+00:00,2009-07-03T03:13:00+00:00,REV
SHORT,95.70,93.20,2.50,2009-07-03T03:13:00+00:00,2009-07-14T07:43:00+00:00,REV
LONG,93.20,93.48,0.28,2009-07-14T07:43:00+00:00,2009-07-21T18:41:00+00:00,REV
SHORT,93.48,94.40,-0.92,2009-07-21T18:41:00+00:00,2009-07-23T09:14:00+00:00,REV
LONG,94.40,94.59,0.19,2009-07-23T09:14:00+00:00,2009-07-28T12:11:00+00:00,REV
SHORT,94.59,95.37,-0.78,2009-07-28T12:11:00+00:00,2009-07-30T15:30:00+00:00,REV
LONG,95.37,94.50,-0.87,2009-07-30T15:30:00+00:00,2009-08-04T11:51:00+00:00,REV
SHORT,94.50,95.47,-0.97,2009-08-04T11:51:00+00:00,2009-08-06T11:22:00+00:00,REV
LONG,95.47,95.76,0.29,2009-08-06T11:22:00+00:00,2009-08-12T04:15:00+00:00,REV
SHORT,95.76,94.72,1.04,2009-08-12T04:15:00+00:00,2009-08-24T04:16:00+00:00,REV
LONG,94.72,93.79,-0.93,2009-08-24T04:16:00+00:00,2009-08-27T06:01:00+00:00,REV
SHORT,93.79,93.07,0.72,2009-08-27T06:01:00+00:00,2009-09-04T15:35:00+00:00,REV
LONG,93.07,92.29,-0.78,2009-09-04T15:35:00+00:00,2009-09-08T10:50:00+00:00,REV
SHORT,92.29,91.14,1.15,2009-09-08T10:50:00+00:00,2009-09-15T05:26:00+00:00,REV
LONG,91.14,90.20,-0.94,2009-09-15T05:26:00+00:00,2009-09-16T11:58:00+00:00,REV
SHORT,90.20,91.63,-1.43,2009-09-16T11:58:00+00:00,2009-09-21T08:07:00+00:00,REV
LONG,91.63,90.99,-0.64,2009-09-21T08:07:00+00:00,2009-09-22T16:25:00+00:00,REV
SHORT,90.99,90.36,0.63,2009-09-22T16:25:00+00:00,2009-09-30T03:13:00+00:00,REV
LONG,90.36,89.35,-1.01,2009-09-30T03:13:00+00:00,2009-10-02T06:03:00+00:00,REV
SHORT,89.35,89.40,-0.05,2009-10-02T06:03:00+00:00,2009-10-09T10:17:00+00:00,REV
LONG,89.40,89.43,0.03,2009-10-09T10:17:00+00:00,2009-10-14T04:39:00+00:00,REV
SHORT,89.43,90.19,-0.76,2009-10-14T04:39:00+00:00,2009-10-15T14:07:00+00:00,REV
LONG,90.19,90.37,0.18,2009-10-15T14:07:00+00:00,2009-10-20T04:41:00+00:00,REV
SHORT,90.37,91.14,-0.77,2009-10-20T04:41:00+00:00,2009-10-21T15:23:00+00:00,REV
LONG,91.14,91.56,0.42,2009-10-21T15:23:00+00:00,2009-10-28T03:54:00+00:00,REV
SHORT,91.56,90.71,0.85,2009-10-28T03:54:00+00:00,2009-11-04T10:30:00+00:00,REV
LONG,90.71,89.99,-0.72,2009-11-04T10:30:00+00:00,2009-11-06T15:56:00+00:00,REV
SHORT,89.99,90.18,-0.19,2009-11-06T15:56:00+00:00,2009-11-12T15:30:00+00:00,REV
LONG,90.18,89.46,-0.72,2009-11-12T15:30:00+00:00,2009-11-16T02:34:00+00:00,REV
SHORT,89.46,87.04,2.42,2009-11-16T02:34:00+00:00,2009-12-01T04:25:00+00:00,REV
LONG,87.04,88.18,1.14,2009-12-01T04:25:00+00:00,2009-12-09T08:40:00+00:00,REV
SHORT,88.18,88.70,-0.52,2009-12-09T08:40:00+00:00,2009-12-11T04:55:00+00:00,REV
LONG,88.70,89.39,0.69,2009-12-11T04:55:00+00:00,2009-12-18T02:35:00+00:00,REV
SHORT,89.39,90.38,-0.99,2009-12-18T02:35:00+00:00,2009-12-18T14:28:00+00:00,REV
LONG,90.38,91.91,1.53,2009-12-18T14:28:00+00:00,2010-01-05T06:32:00+00:00,REV
SHORT,91.91,92.75,-0.84,2010-01-05T06:32:00+00:00,2010-01-07T08:50:00+00:00,REV
LONG,92.75,92.11,-0.64,2010-01-07T08:50:00+00:00,2010-01-11T17:39:00+00:00,REV
SHORT,92.11,91.27,0.84,2010-01-11T17:39:00+00:00,2010-01-20T03:18:00+00:00,REV
LONG,91.27,90.31,-0.96,2010-01-20T03:18:00+00:00,2010-01-21T18:50:00+00:00,REV
SHORT,90.31,90.56,-0.25,2010-01-21T18:50:00+00:00,2010-01-26T03:17:00+00:00,REV
LONG,90.56,89.78,-0.78,2010-01-26T03:17:00+00:00,2010-01-26T07:08:00+00:00,REV
SHORT,89.78,90.56,-0.78,2010-01-26T07:08:00+00:00,2010-01-28T11:10:00+00:00,REV
LONG,90.56,90.07,-0.49,2010-01-28T11:10:00+00:00,2010-02-04T18:18:00+00:00,REV
SHORT,90.07,89.81,0.26,2010-02-04T18:18:00+00:00,2010-02-10T00:18:00+00:00,REV
LONG,89.81,91.02,1.21,2010-02-10T00:18:00+00:00,2010-02-23T05:08:00+00:00,REV
SHORT,91.02,89.26,1.76,2010-02-23T05:08:00+00:00,2010-03-05T02:12:00+00:00,REV
LONG,89.26,90.17,0.91,2010-03-05T02:12:00+00:00,2010-03-16T04:11:00+00:00,REV
SHORT,90.17,90.74,-0.57,2010-03-16T04:11:00+00:00,2010-03-18T18:36:00+00:00,REV
LONG,90.74,92.30,1.56,2010-03-18T18:36:00+00:00,2010-03-30T03:04:00+00:00,REV
SHORT,92.30,92.90,-0.60,2010-03-30T03:04:00+00:00,2010-03-30T16:34:00+00:00,REV
LONG,92.90,93.67,0.77,2010-03-30T16:34:00+00:00,2010-04-06T21:30:00+00:00,REV
SHORT,93.67,93.62,0.05,2010-04-06T21:30:00+00:00,2010-04-14T11:12:00+00:00,REV
LONG,93.62,92.82,-0.80,2010-04-14T11:12:00+00:00,2010-04-16T03:58:00+00:00,REV
SHORT,92.82,93.15,-0.33,2010-04-16T03:58:00+00:00,2010-04-20T16:26:00+00:00,REV
LONG,93.15,93.93,0.78,2010-04-20T16:26:00+00:00,2010-04-27T00:01:00+00:00,REV
SHORT,93.93,94.33,-0.40,2010-04-27T00:01:00+00:00,2010-04-30T11:56:00+00:00,REV
LONG,94.33,93.84,-0.49,2010-04-30T11:56:00+00:00,2010-05-05T21:13:00+00:00,REV
SHORT,93.84,93.40,0.44,2010-05-05T21:13:00+00:00,2010-05-13T09:01:00+00:00,REV
LONG,93.40,92.45,-0.95,2010-05-13T09:01:00+00:00,2010-05-14T12:01:00+00:00,REV
SHORT,92.45,90.62,1.83,2010-05-14T12:01:00+00:00,2010-05-26T17:02:00+00:00,REV
LONG,90.62,90.59,-0.03,2010-05-26T17:02:00+00:00,2010-06-01T11:41:00+00:00,REV
SHORT,90.59,91.61,-1.02,2010-06-01T11:41:00+00:00,2010-06-02T04:36:00+00:00,REV
LONG,91.61,91.41,-0.20,2010-06-02T04:36:00+00:00,2010-06-07T03:11:00+00:00,REV
SHORT,91.41,91.67,-0.26,2010-06-07T03:11:00+00:00,2010-06-11T03:59:00+00:00,REV
LONG,91.67,91.24,-0.43,2010-06-11T03:59:00+00:00,2010-06-15T09:12:00+00:00,REV
SHORT,91.24,91.44,-0.20,2010-06-15T09:12:00+00:00,2010-06-21T13:06:00+00:00,REV
LONG,91.44,90.25,-1.19,2010-06-21T13:06:00+00:00,2010-06-23T13:51:00+00:00,REV
SHORT,90.25,87.98,2.27,2010-06-23T13:51:00+00:00,2010-07-08T03:33:00+00:00,REV
LONG,87.98,88.32,0.34,2010-07-08T03:33:00+00:00,2010-07-13T14:07:00+00:00,REV
SHORT,88.32,87.50,0.82,2010-07-13T14:07:00+00:00,2010-07-20T23:03:00+00:00,REV
LONG,87.50,86.66,-0.84,2010-07-20T23:03:00+00:00,2010-07-22T03:21:00+00:00,REV
SHORT,86.66,87.50,-0.84,2010-07-22T03:21:00+00:00,2010-07-26T00:09:00+00:00,REV
LONG,87.50,86.82,-0.68,2010-07-26T00:09:00+00:00,2010-07-29T13:52:00+00:00,REV
SHORT,86.82,86.18,0.64,2010-07-29T13:52:00+00:00,2010-08-10T15:14:00+00:00,REV
LONG,86.18,85.16,-1.02,2010-08-10T15:14:00+00:00,2010-08-11T10:13:00+00:00,REV
SHORT,85.16,85.98,-0.82,2010-08-11T10:13:00+00:00,2010-08-13T01:23:00+00:00,REV
LONG,85.98,85.20,-0.78,2010-08-13T01:23:00+00:00,2010-08-17T02:26:00+00:00,REV
SHORT,85.20,85.68,-0.48,2010-08-17T02:26:00+00:00,2010-08-19T04:59:00+00:00,REV
LONG,85.68,85.10,-0.58,2010-08-19T04:59:00+00:00,2010-08-19T17:00:00+00:00,REV
SHORT,85.10,84.88,0.22,2010-08-19T17:00:00+00:00,2010-08-27T15:30:00+00:00,REV
LONG,84.88,84.50,-0.38,2010-08-27T15:30:00+00:00,2010-08-31T01:05:00+00:00,REV
SHORT,84.50,84.66,-0.16,2010-08-31T01:05:00+00:00,2010-09-03T15:30:00+00:00,REV
LONG,84.66,84.03,-0.63,2010-09-03T15:30:00+00:00,2010-09-07T07:49:00+00:00,REV
SHORT,84.03,84.04,-0.01,2010-09-07T07:49:00+00:00,2010-09-10T03:08:00+00:00,REV
LONG,84.04,83.74,-0.30,2010-09-10T03:08:00+00:00,2010-09-13T18:11:00+00:00,REV
SHORT,83.74,84.36,-0.62,2010-09-13T18:11:00+00:00,2010-09-15T05:09:00+00:00,REV
LONG,84.36,85.58,1.22,2010-09-15T05:09:00+00:00,2010-09-20T10:42:00+00:00,REV
SHORT,85.58,85.18,0.40,2010-09-20T10:42:00+00:00,2010-09-24T07:15:00+00:00,REV
LONG,85.18,84.25,-0.93,2010-09-24T07:15:00+00:00,2010-09-24T13:01:00+00:00,REV
SHORT,84.25,83.58,0.67,2010-09-24T13:01:00+00:00,2010-10-04T04:22:00+00:00,REV
LONG,83.58,83.17,-0.41,2010-10-04T04:22:00+00:00,2010-10-05T17:38:00+00:00,REV
SHORT,83.17,81.62,1.55,2010-10-05T17:38:00+00:00,2010-10-19T14:44:00+00:00,REV
LONG,81.62,81.12,-0.50,2010-10-19T14:44:00+00:00,2010-10-20T17:42:00+00:00,REV
SHORT,81.12,81.51,-0.39,2010-10-20T17:42:00+00:00,2010-10-26T20:58:00+00:00,REV
LONG,81.51,80.86,-0.65,2010-10-26T20:58:00+00:00,2010-10-29T03:55:00+00:00,REV
SHORT,80.86,81.07,-0.21,2010-10-29T03:55:00+00:00,2010-11-01T03:00:00+00:00,REV
LONG,81.07,80.37,-0.70,2010-11-01T03:00:00+00:00,2010-11-01T08:30:00+00:00,REV
SHORT,80.37,81.43,-1.06,2010-11-01T08:30:00+00:00,2010-11-03T16:52:00+00:00,REV
LONG,81.43,80.99,-0.44,2010-11-03T16:52:00+00:00,2010-11-09T04:23:00+00:00,REV
SHORT,80.99,81.44,-0.45,2010-11-09T04:23:00+00:00,2010-11-09T20:45:00+00:00,REV
LONG,81.44,83.13,1.69,2010-11-09T20:45:00+00:00,2010-11-23T16:12:00+00:00,REV
SHORT,83.13,83.69,-0.56,2010-11-23T16:12:00+00:00,2010-11-26T01:28:00+00:00,REV
LONG,83.69,83.55,-0.14,2010-11-26T01:28:00+00:00,2010-11-30T15:46:00+00:00,REV
SHORT,83.55,82.99,0.56,2010-11-30T15:46:00+00:00,2010-12-07T17:04:00+00:00,REV
LONG,82.99,83.45,0.46,2010-12-07T17:04:00+00:00,2010-12-10T13:50:00+00:00,REV
SHORT,83.45,84.02,-0.57,2010-12-10T13:50:00+00:00,2010-12-13T00:00:00+00:00,REV
LONG,84.02,83.44,-0.58,2010-12-13T00:00:00+00:00,2010-12-13T19:41:00+00:00,REV
SHORT,83.44,84.35,-0.91,2010-12-13T19:41:00+00:00,2010-12-15T21:36:00+00:00,REV
LONG,84.35,83.68,-0.67,2010-12-15T21:36:00+00:00,2010-12-20T14:51:00+00:00,REV
SHORT,83.68,81.75,1.93,2010-12-20T14:51:00+00:00,2011-01-04T00:03:00+00:00,REV
LONG,81.75,82.84,1.09,2011-01-04T00:03:00+00:00,2011-01-10T16:15:00+00:00,REV
SHORT,82.84,83.28,-0.44,2011-01-10T16:15:00+00:00,2011-01-11T17:15:00+00:00,REV
LONG,83.28,82.67,-0.61,2011-01-11T17:15:00+00:00,2011-01-13T15:39:00+00:00,REV
SHORT,82.67,82.83,-0.16,2011-01-13T15:39:00+00:00,2011-01-20T17:00:00+00:00,REV
LONG,82.83,82.29,-0.54,2011-01-20T17:00:00+00:00,2011-01-25T12:27:00+00:00,REV
SHORT,82.29,82.66,-0.37,2011-01-25T12:27:00+00:00,2011-01-27T09:53:00+00:00,REV
LONG,82.66,81.98,-0.68,2011-01-27T09:53:00+00:00,2011-01-31T00:00:00+00:00,REV
SHORT,81.98,82.06,-0.08,2011-01-31T00:00:00+00:00,2011-02-04T19:03:00+00:00,REV
LONG,82.06,83.19,1.13,2011-02-04T19:03:00+00:00,2011-02-17T17:31:00+00:00,REV
SHORT,83.19,83.53,-0.34,2011-02-17T17:31:00+00:00,2011-02-22T00:09:00+00:00,REV
LONG,83.53,83.01,-0.52,2011-02-22T00:09:00+00:00,2011-02-22T02:36:00+00:00,REV
SHORT,83.01,82.06,0.95,2011-02-22T02:36:00+00:00,2011-03-01T05:45:00+00:00,REV
LONG,82.06,81.61,-0.45,2011-03-01T05:45:00+00:00,2011-03-02T17:16:00+00:00,REV
SHORT,81.61,82.24,-0.63,2011-03-02T17:16:00+00:00,2011-03-03T16:19:00+00:00,REV
LONG,82.24,82.57,0.33,2011-03-03T16:19:00+00:00,2011-03-11T11:55:00+00:00,REV
SHORT,82.57,81.17,1.40,2011-03-11T11:55:00+00:00,2011-03-18T03:23:00+00:00,REV
LONG,81.17,80.72,-0.45,2011-03-18T03:23:00+00:00,2011-03-23T10:50:00+00:00,REV
SHORT,80.72,81.07,-0.35,2011-03-23T10:50:00+00:00,2011-03-25T11:38:00+00:00,REV
LONG,81.07,84.67,3.60,2011-03-25T11:38:00+00:00,2011-04-11T04:31:00+00:00,REV
SHORT,84.67,82.43,2.24,2011-04-11T04:31:00+00:00,2011-04-27T17:24:00+00:00,REV
LONG,82.43,81.25,-1.18,2011-04-27T17:24:00+00:00,2011-04-29T14:47:00+00:00,REV
SHORT,81.25,80.91,0.34,2011-04-29T14:47:00+00:00,2011-05-11T01:11:00+00:00,REV
LONG,80.91,80.61,-0.30,2011-05-11T01:11:00+00:00,2011-05-13T07:58:00+00:00,REV
SHORT,80.61,81.09,-0.48,2011-05-13T07:58:00+00:00,2011-05-17T05:37:00+00:00,REV
LONG,81.09,81.46,0.37,2011-05-17T05:37:00+00:00,2011-05-23T10:15:00+00:00,REV
SHORT,81.46,82.04,-0.58,2011-05-23T10:15:00+00:00,2011-05-24T01:23:00+00:00,REV
LONG,82.04,81.60,-0.44,2011-05-24T01:23:00+00:00,2011-05-26T15:35:00+00:00,REV
SHORT,81.60,81.41,0.19,2011-05-26T15:35:00+00:00,2011-05-31T09:01:00+00:00,REV
LONG,81.41,80.70,-0.71,2011-05-31T09:01:00+00:00,2011-06-01T17:00:00+00:00,REV
SHORT,80.70,80.33,0.37,2011-06-01T17:00:00+00:00,2011-06-09T20:19:00+00:00,REV
LONG,80.33,80.37,0.04,2011-06-09T20:19:00+00:00,2011-06-17T12:27:00+00:00,REV
SHORT,80.37,80.36,0.01,2011-06-17T12:27:00+00:00,2011-06-22T22:06:00+00:00,REV
LONG,80.36,80.55,0.19,2011-06-22T22:06:00+00:00,2011-06-30T04:06:00+00:00,REV
SHORT,80.55,81.14,-0.59,2011-06-30T04:06:00+00:00,2011-07-05T09:56:00+00:00,REV
LONG,81.14,80.76,-0.38,2011-07-05T09:56:00+00:00,2011-07-08T15:32:00+00:00,REV
SHORT,80.76,79.28,1.48,2011-07-08T15:32:00+00:00,2011-07-19T22:18:00+00:00,REV
LONG,79.28,78.81,-0.47,2011-07-19T22:18:00+00:00,2011-07-20T11:30:00+00:00,REV
SHORT,78.81,78.02,0.79,2011-07-20T11:30:00+00:00,2011-08-01T03:58:00+00:00,REV
LONG,78.02,76.72,-1.30,2011-08-01T03:58:00+00:00,2011-08-01T16:27:00+00:00,REV
SHORT,76.72,77.82,-1.10,2011-08-01T16:27:00+00:00,2011-08-04T04:01:00+00:00,REV
LONG,77.82,77.49,-0.33,2011-08-04T04:01:00+00:00,2011-08-09T02:07:00+00:00,REV
SHORT,77.49,76.84,0.65,2011-08-09T02:07:00+00:00,2011-08-19T03:11:00+00:00,REV
LONG,76.84,76.40,-0.44,2011-08-19T03:11:00+00:00,2011-08-19T10:09:00+00:00,REV
SHORT,76.40,76.97,-0.57,2011-08-19T10:09:00+00:00,2011-08-22T05:04:00+00:00,REV
LONG,76.97,76.46,-0.51,2011-08-22T05:04:00+00:00,2011-08-24T12:26:00+00:00,REV
SHORT,76.46,77.07,-0.61,2011-08-24T12:26:00+00:00,2011-08-25T01:31:00+00:00,REV
LONG,77.07,76.57,-0.50,2011-08-25T01:31:00+00:00,2011-08-31T05:16:00+00:00,REV
SHORT,76.57,76.98,-0.41,2011-08-31T05:16:00+00:00,2011-09-01T03:54:00+00:00,REV
LONG,76.98,77.08,0.10,2011-09-01T03:54:00+00:00,2011-09-12T08:12:00+00:00,REV
SHORT,77.08,77.25,-0.17,2011-09-12T08:12:00+00:00,2011-09-15T16:00:00+00:00,REV
LONG,77.25,76.55,-0.70,2011-09-15T16:00:00+00:00,2011-09-19T17:32:00+00:00,REV
SHORT,76.55,76.76,-0.21,2011-09-19T17:32:00+00:00,2011-09-22T03:20:00+00:00,REV
LONG,76.76,76.11,-0.65,2011-09-22T03:20:00+00:00,2011-09-22T17:14:00+00:00,REV
SHORT,76.11,76.89,-0.78,2011-09-22T17:14:00+00:00,2011-09-27T23:06:00+00:00,REV
LONG,76.89,76.56,-0.33,2011-09-27T23:06:00+00:00,2011-10-12T11:24:00+00:00,REV
SHORT,76.56,76.85,-0.29,2011-10-12T11:24:00+00:00,2011-10-12T15:19:00+00:00,REV
LONG,76.85,76.67,-0.18,2011-10-12T15:19:00+00:00,2011-10-17T17:17:00+00:00,REV
SHORT,76.67,76.91,-0.24,2011-10-17T17:17:00+00:00,2011-10-20T15:23:00+00:00,REV
LONG,76.91,76.65,-0.26,2011-10-20T15:23:00+00:00,2011-10-21T10:49:00+00:00,REV
SHORT,76.65,77.03,-0.38,2011-10-21T10:49:00+00:00,2011-11-22T03:27:00+00:00,REV
LONG,77.03,77.45,0.42,2011-11-22T03:27:00+00:00,2011-11-30T15:05:00+00:00,REV
SHORT,77.45,78.08,-0.63,2011-11-30T15:05:00+00:00,2011-12-05T00:53:00+00:00,REV
LONG,78.08,77.68,-0.40,2011-12-05T00:53:00+00:00,2011-12-06T03:14:00+00:00,REV
SHORT,77.68,77.80,-0.12,2011-12-06T03:14:00+00:00,2011-12-12T11:23:00+00:00,REV
LONG,77.80,77.73,-0.07,2011-12-12T11:23:00+00:00,2011-12-16T17:59:00+00:00,REV
SHORT,77.73,78.14,-0.41,2011-12-16T17:59:00+00:00,2011-12-19T05:22:00+00:00,REV
LONG,78.14,77.71,-0.44,2011-12-19T05:22:00+00:00,2011-12-21T09:32:00+00:00,REV
SHORT,77.71,78.11,-0.40,2011-12-21T09:32:00+00:00,2011-12-22T02:54:00+00:00,REV
LONG,78.11,77.97,-0.14,2011-12-22T02:54:00+00:00,2011-12-26T09:00:00+00:00,REV
SHORT,77.97,78.03,-0.06,2011-12-26T09:00:00+00:00,2011-12-28T18:43:00+00:00,REV
LONG,78.03,77.56,-0.47,2011-12-28T18:43:00+00:00,2011-12-30T04:45:00+00:00,REV
SHORT,77.56,76.96,0.59,2011-12-30T04:45:00+00:00,2012-01-05T15:43:00+00:00,REV
LONG,76.96,76.77,-0.20,2012-01-05T15:43:00+00:00,2012-01-12T16:28:00+00:00,REV
SHORT,76.77,77.07,-0.30,2012-01-12T16:28:00+00:00,2012-01-16T00:00:00+00:00,REV
LONG,77.07,76.65,-0.41,2012-01-16T00:00:00+00:00,2012-01-17T08:35:00+00:00,REV
SHORT,76.65,76.88,-0.23,2012-01-17T08:35:00+00:00,2012-01-19T16:11:00+00:00,REV
LONG,76.88,77.28,0.40,2012-01-19T16:11:00+00:00,2012-01-27T02:18:00+00:00,REV
SHORT,77.28,76.35,0.93,2012-01-27T02:18:00+00:00,2012-02-03T15:30:00+00:00,REV
LONG,76.35,77.38,1.03,2012-02-03T15:30:00+00:00,2012-02-14T01:11:00+00:00,REV
SHORT,77.38,77.81,-0.42,2012-02-14T01:11:00+00:00,2012-02-14T05:56:00+00:00,REV
LONG,77.81,81.07,3.26,2012-02-14T05:56:00+00:00,2012-03-06T11:28:00+00:00,REV
SHORT,81.07,81.59,-0.52,2012-03-06T11:28:00+00:00,2012-03-08T13:21:00+00:00,REV
LONG,81.59,83.18,1.59,2012-03-08T13:21:00+00:00,2012-03-19T10:43:00+00:00,REV
SHORT,83.18,83.84,-0.66,2012-03-19T10:43:00+00:00,2012-03-21T12:11:00+00:00,REV
LONG,83.84,83.28,-0.55,2012-03-21T12:11:00+00:00,2012-03-22T02:50:00+00:00,REV
SHORT,83.28,83.01,0.28,2012-03-22T02:50:00+00:00,2012-03-27T02:39:00+00:00,REV
LONG,83.01,82.60,-0.40,2012-03-27T02:39:00+00:00,2012-03-29T04:56:00+00:00,REV
SHORT,82.60,83.03,-0.43,2012-03-29T04:56:00+00:00,2012-04-02T00:00:00+00:00,REV
LONG,83.03,81.82,-1.21,2012-04-02T00:00:00+00:00,2012-04-03T02:55:00+00:00,REV
SHORT,81.82,81.13,0.69,2012-04-03T02:55:00+00:00,2012-04-13T04:43:00+00:00,REV
LONG,81.13,80.73,-0.41,2012-04-13T04:43:00+00:00,2012-04-16T08:01:00+00:00,REV
SHORT,80.73,81.00,-0.28,2012-04-16T08:01:00+00:00,2012-04-18T02:04:00+00:00,REV
LONG,81.00,81.16,0.16,2012-04-18T02:04:00+00:00,2012-04-23T10:01:00+00:00,REV
SHORT,81.16,81.67,-0.50,2012-04-23T10:01:00+00:00,2012-04-25T21:05:00+00:00,REV
LONG,81.67,80.85,-0.82,2012-04-25T21:05:00+00:00,2012-04-26T12:35:00+00:00,REV
SHORT,80.85,80.39,0.46,2012-04-26T12:35:00+00:00,2012-05-02T07:53:00+00:00,REV
LONG,80.39,80.04,-0.35,2012-05-02T07:53:00+00:00,2012-05-04T15:29:00+00:00,REV
SHORT,80.04,80.02,0.02,2012-05-04T15:29:00+00:00,2012-05-14T02:57:00+00:00,REV
LONG,80.02,79.80,-0.22,2012-05-14T02:57:00+00:00,2012-05-17T17:08:00+00:00,REV
SHORT,79.80,79.47,0.34,2012-05-17T17:08:00+00:00,2012-05-22T08:32:00+00:00,REV
LONG,79.47,79.33,-0.13,2012-05-22T08:32:00+00:00,2012-05-28T08:38:00+00:00,REV
SHORT,79.33,78.72,0.61,2012-05-28T08:38:00+00:00,2012-06-05T16:04:00+00:00,REV
LONG,78.72,79.16,0.44,2012-06-05T16:04:00+00:00,2012-06-14T15:34:00+00:00,REV
SHORT,79.16,79.31,-0.15,2012-06-14T15:34:00+00:00,2012-06-20T16:30:00+00:00,REV
LONG,79.31,79.43,0.12,2012-06-20T16:30:00+00:00,2012-06-26T07:21:00+00:00,REV
SHORT,79.43,79.87,-0.44,2012-06-26T07:21:00+00:00,2012-06-29T18:17:00+00:00,REV
LONG,79.87,79.55,-0.32,2012-06-29T18:17:00+00:00,2012-07-06T15:30:00+00:00,REV
SHORT,79.55,79.77,-0.22,2012-07-06T15:30:00+00:00,2012-07-11T23:43:00+00:00,REV
LONG,79.77,79.13,-0.65,2012-07-11T23:43:00+00:00,2012-07-13T16:51:00+00:00,REV
SHORT,79.13,78.32,0.81,2012-07-13T16:51:00+00:00,2012-07-27T02:32:00+00:00,REV
LONG,78.32,78.07,-0.25,2012-07-27T02:32:00+00:00,2012-07-31T18:13:00+00:00,REV
SHORT,78.07,78.51,-0.44,2012-07-31T18:13:00+00:00,2012-08-02T04:14:00+00:00,REV
LONG,78.51,78.23,-0.28,2012-08-02T04:14:00+00:00,2012-08-10T15:52:00+00:00,REV
SHORT,78.23,78.65,-0.42,2012-08-10T15:52:00+00:00,2012-08-14T15:01:00+00:00,REV
LONG,78.65,79.22,0.58,2012-08-14T15:01:00+00:00,2012-08-21T22:01:00+00:00,REV
SHORT,79.22,78.73,0.50,2012-08-21T22:01:00+00:00,2012-08-27T02:09:00+00:00,REV
LONG,78.73,78.47,-0.25,2012-08-27T02:09:00+00:00,2012-08-31T05:47:00+00:00,REV
SHORT,78.47,78.47,0.00,2012-08-31T05:47:00+00:00,2012-09-05T02:21:00+00:00,REV
LONG,78.47,78.29,-0.18,2012-09-05T02:21:00+00:00,2012-09-07T15:48:00+00:00,REV
SHORT,78.29,77.97,0.33,2012-09-07T15:48:00+00:00,2012-09-14T12:23:00+00:00,REV
LONG,77.97,78.25,0.28,2012-09-14T12:23:00+00:00,2012-09-20T07:05:00+00:00,REV
SHORT,78.25,77.91,0.34,2012-09-20T07:05:00+00:00,2012-09-28T18:40:00+00:00,REV
LONG,77.91,78.27,0.36,2012-09-28T18:40:00+00:00,2012-10-08T10:35:00+00:00,REV
SHORT,78.27,78.43,-0.17,2012-10-08T10:35:00+00:00,2012-10-11T13:52:00+00:00,REV
LONG,78.43,79.68,1.25,2012-10-11T13:52:00+00:00,2012-10-26T16:52:00+00:00,REV
SHORT,79.68,80.13,-0.45,2012-10-26T16:52:00+00:00,2012-11-01T18:04:00+00:00,REV
LONG,80.13,80.11,-0.02,2012-11-01T18:04:00+00:00,2012-11-06T05:45:00+00:00,REV
SHORT,80.11,79.61,0.50,2012-11-06T05:45:00+00:00,2012-11-13T01:54:00+00:00,REV
LONG,79.61,82.06,2.44,2012-11-13T01:54:00+00:00,2012-11-26T10:06:00+00:00,REV
SHORT,82.06,82.22,-0.16,2012-11-26T10:06:00+00:00,2012-11-30T03:37:00+00:00,REV
LONG,82.22,81.99,-0.23,2012-11-30T03:37:00+00:00,2012-12-04T09:49:00+00:00,REV
SHORT,81.99,82.48,-0.50,2012-12-04T09:49:00+00:00,2012-12-06T04:06:00+00:00,REV
LONG,82.48,82.17,-0.31,2012-12-06T04:06:00+00:00,2012-12-10T12:15:00+00:00,REV
SHORT,82.17,82.64,-0.48,2012-12-10T12:15:00+00:00,2012-12-12T05:44:00+00:00,REV
LONG,82.64,83.85,1.21,2012-12-12T05:44:00+00:00,2012-12-21T04:50:00+00:00,REV
SHORT,83.85,84.45,-0.60,2012-12-21T04:50:00+00:00,2012-12-24T01:38:00+00:00,REV
LONG,84.45,87.22,2.77,2012-12-24T01:38:00+00:00,2013-01-08T17:17:00+00:00,REV
SHORT,87.22,88.02,-0.79,2013-01-08T17:17:00+00:00,2013-01-10T00:35:00+00:00,REV
LONG,88.02,88.67,0.66,2013-01-10T00:35:00+00:00,2013-01-15T05:06:00+00:00,REV
SHORT,88.67,89.63,-0.96,2013-01-15T05:06:00+00:00,2013-01-17T19:25:00+00:00,REV
LONG,89.63,89.33,-0.30,2013-01-17T19:25:00+00:00,2013-01-22T04:22:00+00:00,REV
SHORT,89.33,90.13,-0.80,2013-01-22T04:22:00+00:00,2013-01-24T19:28:00+00:00,REV
LONG,90.13,93.07,2.95,2013-01-24T19:28:00+00:00,2013-02-08T09:22:00+00:00,REV
SHORT,93.07,93.92,-0.84,2013-02-08T09:22:00+00:00,2013-02-11T22:45:00+00:00,REV
LONG,93.92,92.81,-1.10,2013-02-11T22:45:00+00:00,2013-02-14T22:39:00+00:00,REV
SHORT,92.81,93.78,-0.97,2013-02-14T22:39:00+00:00,2013-02-15T17:54:00+00:00,REV
LONG,93.78,93.28,-0.50,2013-02-15T17:54:00+00:00,2013-02-20T07:20:00+00:00,REV
SHORT,93.28,94.54,-1.25,2013-02-20T07:20:00+00:00,2013-02-25T00:00:00+00:00,REV
LONG,94.54,92.77,-1.77,2013-02-25T00:00:00+00:00,2013-02-25T21:00:00+00:00,REV
SHORT,92.77,92.75,0.02,2013-02-25T21:00:00+00:00,2013-02-28T20:53:00+00:00,REV
LONG,92.75,95.63,2.88,2013-02-28T20:53:00+00:00,2013-03-13T08:22:00+00:00,REV
SHORT,95.63,95.75,-0.12,2013-03-13T08:22:00+00:00,2013-03-20T21:06:00+00:00,REV
LONG,95.75,94.72,-1.03,2013-03-20T21:06:00+00:00,2013-03-21T21:03:00+00:00,REV
SHORT,94.72,93.69,1.02,2013-03-21T21:03:00+00:00,2013-04-04T07:45:00+00:00,REV
LONG,93.69,98.91,5.21,2013-04-04T07:45:00+00:00,2013-04-12T12:18:00+00:00,REV
SHORT,98.91,98.43,0.47,2013-04-12T12:18:00+00:00,2013-04-18T12:49:00+00:00,REV
LONG,98.43,98.98,0.54,2013-04-18T12:49:00+00:00,2013-04-26T05:09:00+00:00,REV
SHORT,98.98,98.13,0.85,2013-04-26T05:09:00+00:00,2013-05-02T15:31:00+00:00,REV
LONG,98.13,98.82,0.69,2013-05-02T15:31:00+00:00,2013-05-08T01:41:00+00:00,REV
SHORT,98.82,99.44,-0.62,2013-05-08T01:41:00+00:00,2013-05-09T20:05:00+00:00,REV
LONG,99.44,102.07,2.63,2013-05-09T20:05:00+00:00,2013-05-23T08:35:00+00:00,REV
SHORT,102.07,102.50,-0.44,2013-05-23T08:35:00+00:00,2013-05-29T02:54:00+00:00,REV
LONG,102.50,100.74,-1.77,2013-05-29T02:54:00+00:00,2013-05-29T18:23:00+00:00,REV
SHORT,100.74,95.77,4.97,2013-05-29T18:23:00+00:00,2013-06-19T21:06:00+00:00,REV
LONG,95.77,100.76,4.99,2013-06-19T21:06:00+00:00,2013-07-10T07:55:00+00:00,REV
SHORT,100.76,99.91,0.85,2013-07-10T07:55:00+00:00,2013-07-15T13:20:00+00:00,REV
LONG,99.91,99.46,-0.45,2013-07-15T13:20:00+00:00,2013-07-22T17:00:00+00:00,REV
SHORT,99.46,100.44,-0.98,2013-07-22T17:00:00+00:00,2013-07-25T02:55:00+00:00,REV
LONG,100.44,99.14,-1.30,2013-07-25T02:55:00+00:00,2013-07-25T22:51:00+00:00,REV
SHORT,99.14,98.46,0.67,2013-07-25T22:51:00+00:00,2013-07-31T15:30:00+00:00,REV
LONG,98.46,98.19,-0.28,2013-07-31T15:30:00+00:00,2013-08-06T03:09:00+00:00,REV
SHORT,98.19,96.97,1.21,2013-08-06T03:09:00+00:00,2013-08-13T00:46:00+00:00,REV
LONG,96.97,97.04,0.07,2013-08-13T00:46:00+00:00,2013-08-16T02:57:00+00:00,REV
SHORT,97.04,97.98,-0.94,2013-08-16T02:57:00+00:00,2013-08-22T04:33:00+00:00,REV
LONG,97.98,98.26,0.28,2013-08-22T04:33:00+00:00,2013-08-27T02:35:00+00:00,REV
SHORT,98.26,98.52,-0.26,2013-08-27T02:35:00+00:00,2013-09-02T03:24:00+00:00,REV
LONG,98.52,99.31,0.79,2013-09-02T03:24:00+00:00,2013-09-06T15:30:00+00:00,REV
SHORT,99.31,100.23,-0.91,2013-09-06T15:30:00+00:00,2013-09-10T14:05:00+00:00,REV
LONG,100.23,99.47,-0.76,2013-09-10T14:05:00+00:00,2013-09-12T04:45:00+00:00,REV
SHORT,99.47,99.38,0.08,2013-09-12T04:45:00+00:00,2013-09-19T16:18:00+00:00,REV
LONG,99.38,98.64,-0.74,2013-09-19T16:18:00+00:00,2013-09-24T14:54:00+00:00,REV
SHORT,98.64,97.34,1.30,2013-09-24T14:54:00+00:00,2013-10-09T05:12:00+00:00,REV
LONG,97.34,97.99,0.64,2013-10-09T05:12:00+00:00,2013-10-17T10:52:00+00:00,REV
SHORT,97.99,98.24,-0.26,2013-10-17T10:52:00+00:00,2013-10-22T04:10:00+00:00,REV
LONG,98.24,97.77,-0.47,2013-10-22T04:10:00+00:00,2013-10-23T06:10:00+00:00,REV
SHORT,97.77,97.74,0.03,2013-10-23T06:10:00+00:00,2013-10-28T00:00:00+00:00,REV
LONG,97.74,98.05,0.30,2013-10-28T00:00:00+00:00,2013-11-01T06:42:00+00:00,REV
SHORT,98.05,98.68,-0.63,2013-11-01T06:42:00+00:00,2013-11-01T17:01:00+00:00,REV
LONG,98.68,98.16,-0.52,2013-11-01T17:01:00+00:00,2013-11-07T20:27:00+00:00,REV
SHORT,98.16,99.30,-1.14,2013-11-07T20:27:00+00:00,2013-11-12T03:06:00+00:00,REV
LONG,99.30,99.78,0.48,2013-11-12T03:06:00+00:00,2013-11-19T03:07:00+00:00,REV
SHORT,99.78,100.26,-0.48,2013-11-19T03:07:00+00:00,2013-11-21T02:32:00+00:00,REV
LONG,100.26,102.11,1.85,2013-11-21T02:32:00+00:00,2013-12-03T20:40:00+00:00,REV
SHORT,102.11,102.84,-0.73,2013-12-03T20:40:00+00:00,2013-12-06T15:46:00+00:00,REV
LONG,102.84,102.57,-0.27,2013-12-06T15:46:00+00:00,2013-12-11T06:38:00+00:00,REV
SHORT,102.57,103.39,-0.83,2013-12-11T06:38:00+00:00,2013-12-12T23:38:00+00:00,REV
LONG,103.39,102.64,-0.76,2013-12-12T23:38:00+00:00,2013-12-17T18:16:00+00:00,REV
SHORT,102.64,103.29,-0.66,2013-12-17T18:16:00+00:00,2013-12-18T21:00:00+00:00,REV
LONG,103.29,103.77,0.48,2013-12-18T21:00:00+00:00,2013-12-23T14:36:00+00:00,REV
SHORT,103.77,104.79,-1.01,2013-12-23T14:36:00+00:00,2013-12-26T13:00:00+00:00,REV
LONG,104.79,104.86,0.07,2013-12-26T13:00:00+00:00,2014-01-02T16:36:00+00:00,REV
SHORT,104.86,104.95,-0.09,2014-01-02T16:36:00+00:00,2014-01-08T06:49:00+00:00,REV
LONG,104.95,104.57,-0.38,2014-01-08T06:49:00+00:00,2014-01-10T15:30:00+00:00,REV
SHORT,104.57,104.29,0.28,2014-01-10T15:30:00+00:00,2014-01-15T00:43:00+00:00,REV
LONG,104.29,104.14,-0.14,2014-01-15T00:43:00+00:00,2014-01-20T02:17:00+00:00,REV
SHORT,104.14,104.48,-0.33,2014-01-20T02:17:00+00:00,2014-01-21T03:13:00+00:00,REV
LONG,104.48,103.96,-0.51,2014-01-21T03:13:00+00:00,2014-01-23T15:30:00+00:00,REV
SHORT,103.96,103.25,0.71,2014-01-23T15:30:00+00:00,2014-01-29T00:02:00+00:00,REV
LONG,103.25,101.94,-1.31,2014-01-29T00:02:00+00:00,2014-02-03T11:19:00+00:00,REV
SHORT,101.94,101.77,0.18,2014-02-03T11:19:00+00:00,2014-02-06T16:54:00+00:00,REV
LONG,101.77,102.07,0.30,2014-02-06T16:54:00+00:00,2014-02-13T07:08:00+00:00,REV
SHORT,102.07,102.41,-0.34,2014-02-13T07:08:00+00:00,2014-02-18T05:40:00+00:00,REV
LONG,102.41,101.75,-0.66,2014-02-18T05:40:00+00:00,2014-02-20T10:00:00+00:00,REV
SHORT,101.75,102.47,-0.72,2014-02-20T10:00:00+00:00,2014-02-21T02:30:00+00:00,REV
LONG,102.47,102.16,-0.31,2014-02-21T02:30:00+00:00,2014-02-25T16:54:00+00:00,REV
SHORT,102.16,102.29,-0.13,2014-02-25T16:54:00+00:00,2014-03-05T00:12:00+00:00,REV
LONG,102.29,102.84,0.55,2014-03-05T00:12:00+00:00,2014-03-12T02:39:00+00:00,REV
SHORT,102.84,101.88,0.96,2014-03-12T02:39:00+00:00,2014-03-18T02:59:00+00:00,REV
LONG,101.88,102.09,0.20,2014-03-18T02:59:00+00:00,2014-03-26T20:46:00+00:00,REV
SHORT,102.09,102.47,-0.39,2014-03-26T20:46:00+00:00,2014-03-28T16:38:00+00:00,REV
LONG,102.47,103.58,1.11,2014-03-28T16:38:00+00:00,2014-04-04T15:30:00+00:00,REV
SHORT,103.58,104.11,-0.54,2014-04-04T15:30:00+00:00,2014-04-04T15:37:00+00:00,REV
LONG,104.11,103.19,-0.92,2014-04-04T15:37:00+00:00,2014-04-07T03:31:00+00:00,REV
SHORT,103.19,102.01,1.18,2014-04-07T03:31:00+00:00,2014-04-16T03:14:00+00:00,REV
LONG,102.01,102.39,0.37,2014-04-16T03:14:00+00:00,2014-04-23T12:48:00+00:00,REV
SHORT,102.39,102.63,-0.24,2014-04-23T12:48:00+00:00,2014-04-29T10:05:00+00:00,REV
LONG,102.63,102.04,-0.59,2014-04-29T10:05:00+00:00,2014-04-30T18:11:00+00:00,REV
SHORT,102.04,102.66,-0.62,2014-04-30T18:11:00+00:00,2014-05-02T15:30:00+00:00,REV
LONG,102.66,102.12,-0.54,2014-05-02T15:30:00+00:00,2014-05-05T03:46:00+00:00,REV
SHORT,102.12,101.96,0.16,2014-05-05T03:46:00+00:00,2014-05-12T03:20:00+00:00,REV
LONG,101.96,101.79,-0.17,2014-05-12T03:20:00+00:00,2014-05-14T12:33:00+00:00,REV
SHORT,101.79,101.60,0.19,2014-05-14T12:33:00+00:00,2014-05-21T21:03:00+00:00,REV
LONG,101.60,101.72,0.12,2014-05-21T21:03:00+00:00,2014-05-28T15:54:00+00:00,REV
SHORT,101.72,102.44,-0.72,2014-05-28T15:54:00+00:00,2014-06-02T22:01:00+00:00,REV
LONG,102.44,102.33,-0.11,2014-06-02T22:01:00+00:00,2014-06-06T03:52:00+00:00,REV
SHORT,102.33,102.14,0.19,2014-06-06T03:52:00+00:00,2014-06-17T15:38:00+00:00,REV
LONG,102.14,101.81,-0.33,2014-06-17T15:38:00+00:00,2014-06-19T09:25:00+00:00,REV
SHORT,101.81,101.59,0.21,2014-06-19T09:25:00+00:00,2014-07-02T03:08:00+00:00,REV
LONG,101.59,101.78,0.18,2014-07-02T03:08:00+00:00,2014-07-08T03:02:00+00:00,REV
SHORT,101.78,101.62,0.15,2014-07-08T03:02:00+00:00,2014-07-15T03:50:00+00:00,REV
LONG,101.62,101.43,-0.20,2014-07-15T03:50:00+00:00,2014-07-17T14:02:00+00:00,REV
SHORT,101.43,101.45,-0.02,2014-07-17T14:02:00+00:00,2014-07-22T03:01:00+00:00,REV
LONG,101.45,102.40,0.95,2014-07-22T03:01:00+00:00,2014-08-06T12:22:00+00:00,REV
SHORT,102.40,102.23,0.17,2014-08-06T12:22:00+00:00,2014-08-12T01:46:00+00:00,REV
LONG,102.23,102.22,-0.01,2014-08-12T01:46:00+00:00,2014-08-15T18:55:00+00:00,REV
SHORT,102.22,102.72,-0.50,2014-08-15T18:55:00+00:00,2014-08-19T15:30:00+00:00,REV
LONG,102.72,103.74,1.02,2014-08-19T15:30:00+00:00,2014-08-28T03:44:00+00:00,REV
SHORT,103.74,104.18,-0.44,2014-08-28T03:44:00+00:00,2014-09-01T00:00:00+00:00,REV
LONG,104.18,104.73,0.55,2014-09-01T00:00:00+00:00,2014-09-05T15:30:00+00:00,REV
SHORT,104.73,105.71,-0.97,2014-09-05T15:30:00+00:00,2014-09-08T19:41:00+00:00,REV
LONG,105.71,106.96,1.25,2014-09-08T19:41:00+00:00,2014-09-16T04:35:00+00:00,REV
SHORT,106.96,107.37,-0.41,2014-09-16T04:35:00+00:00,2014-09-17T17:54:00+00:00,REV
LONG,107.37,108.58,1.22,2014-09-17T17:54:00+00:00,2014-09-23T10:02:00+00:00,REV
SHORT,108.58,109.15,-0.57,2014-09-23T10:02:00+00:00,2014-09-25T01:45:00+00:00,REV
LONG,109.15,109.12,-0.03,2014-09-25T01:45:00+00:00,2014-10-01T22:19:00+00:00,REV
SHORT,109.12,107.22,1.90,2014-10-01T22:19:00+00:00,2014-10-20T00:00:00+00:00,REV
LONG,107.22,114.06,6.84,2014-10-20T00:00:00+00:00,2014-11-10T04:17:00+00:00,REV
SHORT,114.06,115.59,-1.52,2014-11-10T04:17:00+00:00,2014-11-11T09:40:00+00:00,REV
LONG,115.59,117.58,1.99,2014-11-11T09:40:00+00:00,2014-11-26T16:56:00+00:00,REV
SHORT,117.58,117.99,-0.41,2014-11-26T16:56:00+00:00,2014-11-28T00:45:00+00:00,REV
LONG,117.99,119.70,1.71,2014-11-28T00:45:00+00:00,2014-12-09T09:58:00+00:00,REV
SHORT,119.70,118.91,0.79,2014-12-09T09:58:00+00:00,2014-12-18T01:04:00+00:00,REV
LONG,118.91,120.15,1.24,2014-12-18T01:04:00+00:00,2014-12-30T09:34:00+00:00,REV
SHORT,120.15,119.95,0.20,2014-12-30T09:34:00+00:00,2015-01-02T01:35:00+00:00,REV
LONG,119.95,119.67,-0.29,2015-01-02T01:35:00+00:00,2015-01-05T16:06:00+00:00,REV
SHORT,119.67,119.66,0.01,2015-01-05T16:06:00+00:00,2015-01-08T03:47:00+00:00,REV
LONG,119.66,118.32,-1.34,2015-01-08T03:47:00+00:00,2015-01-12T00:00:00+00:00,REV
SHORT,118.32,117.79,0.52,2015-01-12T00:00:00+00:00,2015-01-20T01:16:00+00:00,REV
LONG,117.79,117.26,-0.53,2015-01-20T01:16:00+00:00,2015-01-28T22:48:00+00:00,REV
SHORT,117.26,117.89,-0.62,2015-01-28T22:48:00+00:00,2015-02-04T03:17:00+00:00,REV
LONG,117.89,118.51,0.62,2015-02-04T03:17:00+00:00,2015-02-13T06:00:00+00:00,REV
SHORT,118.51,119.21,-0.70,2015-02-13T06:00:00+00:00,2015-02-17T20:05:00+00:00,REV
LONG,119.21,118.44,-0.77,2015-02-17T20:05:00+00:00,2015-02-20T15:33:00+00:00,REV
SHORT,118.44,119.20,-0.76,2015-02-20T15:33:00+00:00,2015-02-23T09:38:00+00:00,REV
LONG,119.20,118.74,-0.46,2015-02-23T09:38:00+00:00,2015-02-25T02:08:00+00:00,REV
SHORT,118.74,119.51,-0.78,2015-02-25T02:08:00+00:00,2015-02-27T17:58:00+00:00,REV
LONG,119.51,120.70,1.19,2015-02-27T17:58:00+00:00,2015-03-12T15:30:00+00:00,REV
SHORT,120.70,119.58,1.12,2015-03-12T15:30:00+00:00,2015-03-30T10:30:00+00:00,REV
LONG,119.58,119.42,-0.17,2015-03-30T10:30:00+00:00,2015-04-03T15:29:00+00:00,REV
SHORT,119.42,119.87,-0.46,2015-04-03T15:29:00+00:00,2015-04-07T10:50:00+00:00,REV
LONG,119.87,119.86,-0.01,2015-04-07T10:50:00+00:00,2015-04-13T15:42:00+00:00,REV
SHORT,119.86,119.44,0.42,2015-04-13T15:42:00+00:00,2015-04-21T04:27:00+00:00,REV
LONG,119.44,119.35,-0.10,2015-04-21T04:27:00+00:00,2015-04-24T09:26:00+00:00,REV
SHORT,119.35,119.37,-0.02,2015-04-24T09:26:00+00:00,2015-04-30T16:00:00+00:00,REV
LONG,119.37,119.73,0.36,2015-04-30T16:00:00+00:00,2015-05-06T09:35:00+00:00,REV
SHORT,119.73,120.06,-0.33,2015-05-06T09:35:00+00:00,2015-05-08T10:47:00+00:00,REV
LONG,120.06,119.50,-0.56,2015-05-08T10:47:00+00:00,2015-05-13T15:30:00+00:00,REV
SHORT,119.50,119.94,-0.44,2015-05-13T15:30:00+00:00,2015-05-18T20:43:00+00:00,REV
LONG,119.94,124.29,4.36,2015-05-18T20:43:00+00:00,2015-06-09T08:57:00+00:00,REV
SHORT,124.29,123.81,0.48,2015-06-09T08:57:00+00:00,2015-06-17T11:52:00+00:00,REV
LONG,123.81,123.21,-0.60,2015-06-17T11:52:00+00:00,2015-06-18T04:52:00+00:00,REV
SHORT,123.21,123.43,-0.22,2015-06-18T04:52:00+00:00,2015-06-23T02:37:00+00:00,REV
LONG,123.43,123.34,-0.09,2015-06-23T02:37:00+00:00,2015-06-25T12:41:00+00:00,REV
SHORT,123.34,123.20,0.13,2015-06-25T12:41:00+00:00,2015-07-01T17:01:00+00:00,REV
LONG,123.20,121.88,-1.32,2015-07-01T17:01:00+00:00,2015-07-06T00:00:00+00:00,REV
SHORT,121.88,122.59,-0.70,2015-07-06T00:00:00+00:00,2015-07-10T16:20:00+00:00,REV
LONG,122.59,123.92,1.33,2015-07-10T16:20:00+00:00,2015-07-21T17:49:00+00:00,REV
SHORT,123.92,123.84,0.07,2015-07-21T17:49:00+00:00,2015-07-29T18:05:00+00:00,REV
LONG,123.84,124.15,0.30,2015-07-29T18:05:00+00:00,2015-08-12T14:23:00+00:00,REV
SHORT,124.15,120.41,3.74,2015-08-12T14:23:00+00:00,2015-08-27T10:38:00+00:00,REV
LONG,120.41,120.65,0.25,2015-08-27T10:38:00+00:00,2015-09-01T05:08:00+00:00,REV
SHORT,120.65,120.20,0.46,2015-09-01T05:08:00+00:00,2015-09-08T10:44:00+00:00,REV
LONG,120.20,119.98,-0.22,2015-09-08T10:44:00+00:00,2015-09-14T16:59:00+00:00,REV
SHORT,119.98,120.74,-0.76,2015-09-14T16:59:00+00:00,2015-09-17T08:00:00+00:00,REV
LONG,120.74,119.79,-0.94,2015-09-17T08:00:00+00:00,2015-09-18T03:35:00+00:00,REV
SHORT,119.79,120.55,-0.76,2015-09-18T03:35:00+00:00,2015-09-25T10:15:00+00:00,REV
LONG,120.55,119.70,-0.86,2015-09-25T10:15:00+00:00,2015-09-29T03:06:00+00:00,REV
SHORT,119.70,120.36,-0.66,2015-09-29T03:06:00+00:00,2015-10-02T15:07:00+00:00,REV
LONG,120.36,119.49,-0.87,2015-10-02T15:07:00+00:00,2015-10-02T15:32:00+00:00,REV
SHORT,119.49,120.41,-0.92,2015-10-02T15:32:00+00:00,2015-10-05T19:06:00+00:00,REV
LONG,120.41,119.87,-0.55,2015-10-05T19:06:00+00:00,2015-10-07T05:42:00+00:00,REV
SHORT,119.87,119.67,0.20,2015-10-07T05:42:00+00:00,2015-10-20T10:02:00+00:00,REV
LONG,119.67,120.23,0.56,2015-10-20T10:02:00+00:00,2015-10-27T15:30:00+00:00,REV
SHORT,120.23,121.27,-1.04,2015-10-27T15:30:00+00:00,2015-10-30T07:31:00+00:00,REV
LONG,121.27,120.28,-0.99,2015-10-30T07:31:00+00:00,2015-11-02T05:39:00+00:00,REV
SHORT,120.28,121.24,-0.96,2015-11-02T05:39:00+00:00,2015-11-04T03:12:00+00:00,REV
LONG,121.24,122.98,1.73,2015-11-04T03:12:00+00:00,2015-11-11T03:04:00+00:00,REV
SHORT,122.98,123.08,-0.11,2015-11-11T03:04:00+00:00,2015-11-16T13:27:00+00:00,REV
LONG,123.08,123.15,0.07,2015-11-16T13:27:00+00:00,2015-11-19T05:45:00+00:00,REV
SHORT,123.15,122.89,0.27,2015-11-19T05:45:00+00:00,2015-11-30T10:44:00+00:00,REV
LONG,122.89,122.64,-0.25,2015-11-30T10:44:00+00:00,2015-12-03T20:31:00+00:00,REV
SHORT,122.64,121.80,0.84,2015-12-03T20:31:00+00:00,2015-12-16T02:07:00+00:00,REV
LONG,121.80,121.39,-0.42,2015-12-16T02:07:00+00:00,2015-12-18T10:55:00+00:00,REV
SHORT,121.39,120.64,0.75,2015-12-18T10:55:00+00:00,2015-12-30T17:02:00+00:00,REV
LONG,120.64,120.23,-0.41,2015-12-30T17:02:00+00:00,2015-12-31T17:11:00+00:00,REV
SHORT,120.23,118.08,2.15,2015-12-31T17:11:00+00:00,2016-01-13T03:21:00+00:00,REV
LONG,118.08,117.29,-0.79,2016-01-13T03:21:00+00:00,2016-01-15T11:00:00+00:00,REV
SHORT,117.29,117.82,-0.53,2016-01-15T11:00:00+00:00,2016-01-22T00:34:00+00:00,REV
LONG,117.82,119.83,2.01,2016-01-22T00:34:00+00:00,2016-02-03T00:18:00+00:00,REV
SHORT,119.83,113.60,6.23,2016-02-03T00:18:00+00:00,2016-02-15T01:09:00+00:00,REV
LONG,113.60,113.37,-0.23,2016-02-15T01:09:00+00:00,2016-02-18T22:36:00+00:00,REV
SHORT,113.37,113.04,0.34,2016-02-18T22:36:00+00:00,2016-02-26T01:36:00+00:00,REV
LONG,113.04,112.56,-0.48,2016-02-26T01:36:00+00:00,2016-03-01T00:28:00+00:00,REV
SHORT,112.56,114.00,-1.44,2016-03-01T00:28:00+00:00,2016-03-01T19:04:00+00:00,REV
LONG,114.00,113.22,-0.78,2016-03-01T19:04:00+00:00,2016-03-04T16:55:00+00:00,REV
SHORT,113.22,113.53,-0.31,2016-03-04T16:55:00+00:00,2016-03-10T03:27:00+00:00,REV
LONG,113.53,112.76,-0.77,2016-03-10T03:27:00+00:00,2016-03-15T15:31:00+00:00,REV
SHORT,112.76,111.98,0.77,2016-03-15T15:31:00+00:00,2016-03-22T01:36:00+00:00,REV
LONG,111.98,112.75,0.76,2016-03-22T01:36:00+00:00,2016-03-29T21:59:00+00:00,REV
SHORT,112.75,108.79,3.95,2016-03-29T21:59:00+00:00,2016-04-13T04:26:00+00:00,REV
LONG,108.79,108.18,-0.61,2016-04-13T04:26:00+00:00,2016-04-18T00:00:00+00:00,REV
SHORT,108.18,109.50,-1.31,2016-04-18T00:00:00+00:00,2016-04-20T18:59:00+00:00,REV
LONG,109.50,110.67,1.17,2016-04-20T18:59:00+00:00,2016-04-28T06:01:00+00:00,REV
SHORT,110.67,106.83,3.84,2016-04-28T06:01:00+00:00,2016-05-04T00:38:00+00:00,REV
LONG,106.83,108.27,1.44,2016-05-04T00:38:00+00:00,2016-05-12T03:17:00+00:00,REV
SHORT,108.27,109.38,-1.11,2016-05-12T03:17:00+00:00,2016-05-12T14:59:00+00:00,REV
LONG,109.38,109.70,0.32,2016-05-12T14:59:00+00:00,2016-05-23T04:19:00+00:00,REV
SHORT,109.70,110.25,-0.55,2016-05-23T04:19:00+00:00,2016-05-25T11:32:00+00:00,REV
LONG,110.25,110.36,0.11,2016-05-25T11:32:00+00:00,2016-06-01T08:02:00+00:00,REV
SHORT,110.36,104.85,5.51,2016-06-01T08:02:00+00:00,2016-06-21T22:17:00+00:00,REV
LONG,104.85,103.23,-1.62,2016-06-21T22:17:00+00:00,2016-06-24T02:18:00+00:00,REV
SHORT,103.23,102.85,0.38,2016-06-24T02:18:00+00:00,2016-06-29T22:51:00+00:00,REV
LONG,102.85,102.42,-0.43,2016-06-29T22:51:00+00:00,2016-07-05T03:07:00+00:00,REV
SHORT,102.42,101.41,1.01,2016-07-05T03:07:00+00:00,2016-07-11T08:06:00+00:00,REV
LONG,101.41,105.65,4.23,2016-07-11T08:06:00+00:00,2016-07-21T12:34:00+00:00,REV
SHORT,105.65,101.68,3.97,2016-07-21T12:34:00+00:00,2016-08-05T16:22:00+00:00,REV
LONG,101.68,101.79,0.11,2016-08-05T16:22:00+00:00,2016-08-10T03:13:00+00:00,REV
SHORT,101.79,102.06,-0.27,2016-08-10T03:13:00+00:00,2016-08-12T03:30:00+00:00,REV
LONG,102.06,100.97,-1.10,2016-08-12T03:30:00+00:00,2016-08-12T15:55:00+00:00,REV
SHORT,100.97,100.76,0.21,2016-08-12T15:55:00+00:00,2016-08-22T00:00:00+00:00,REV
LONG,100.76,100.09,-0.67,2016-08-22T00:00:00+00:00,2016-08-26T17:15:00+00:00,REV
SHORT,100.09,100.62,-0.53,2016-08-26T17:15:00+00:00,2016-08-26T18:17:00+00:00,REV
LONG,100.62,102.86,2.23,2016-08-26T18:17:00+00:00,2016-09-02T15:35:00+00:00,REV
SHORT,102.86,104.01,-1.15,2016-09-02T15:35:00+00:00,2016-09-02T17:15:00+00:00,REV
LONG,104.01,102.80,-1.21,2016-09-02T17:15:00+00:00,2016-09-06T17:03:00+00:00,REV
SHORT,102.80,102.61,0.19,2016-09-06T17:03:00+00:00,2016-09-09T13:34:00+00:00,REV
LONG,102.61,101.56,-1.04,2016-09-09T13:34:00+00:00,2016-09-13T03:37:00+00:00,REV
SHORT,101.56,102.76,-1.19,2016-09-13T03:37:00+00:00,2016-09-14T03:27:00+00:00,REV
LONG,102.76,101.90,-0.85,2016-09-14T03:27:00+00:00,2016-09-16T01:46:00+00:00,REV
SHORT,101.90,102.42,-0.52,2016-09-16T01:46:00+00:00,2016-09-21T07:28:00+00:00,REV
LONG,102.42,101.53,-0.89,2016-09-21T07:28:00+00:00,2016-09-21T12:38:00+00:00,REV
SHORT,101.53,101.00,0.54,2016-09-21T12:38:00+00:00,2016-09-29T02:35:00+00:00,REV
LONG,101.00,102.86,1.86,2016-09-29T02:35:00+00:00,2016-10-10T06:16:00+00:00,REV
SHORT,102.86,104.04,-1.18,2016-10-10T06:16:00+00:00,2016-10-11T08:20:00+00:00,REV
LONG,104.04,103.68,-0.36,2016-10-11T08:20:00+00:00,2016-10-19T04:01:00+00:00,REV
SHORT,103.68,104.11,-0.43,2016-10-19T04:01:00+00:00,2016-10-21T02:43:00+00:00,REV
LONG,104.11,104.40,0.29,2016-10-21T02:43:00+00:00,2016-11-01T19:15:00+00:00,REV
SHORT,104.40,104.07,0.33,2016-11-01T19:15:00+00:00,2016-11-07T00:00:00+00:00,REV
LONG,104.07,103.78,-0.30,2016-11-07T00:00:00+00:00,2016-11-09T04:04:00+00:00,REV
SHORT,103.78,105.20,-1.43,2016-11-09T04:04:00+00:00,2016-11-09T19:22:00+00:00,REV
LONG,105.20,112.36,7.16,2016-11-09T19:22:00+00:00,2016-11-28T02:45:00+00:00,REV
SHORT,112.36,113.34,-0.98,2016-11-28T02:45:00+00:00,2016-11-30T13:49:00+00:00,REV
LONG,113.34,113.27,-0.07,2016-11-30T13:49:00+00:00,2016-12-05T00:00:00+00:00,REV
SHORT,113.27,114.41,-1.14,2016-12-05T00:00:00+00:00,2016-12-09T03:38:00+00:00,REV
LONG,114.41,117.00,2.60,2016-12-09T03:38:00+00:00,2016-12-19T09:13:00+00:00,REV
SHORT,117.00,117.62,-0.62,2016-12-19T09:13:00+00:00,2016-12-27T17:57:00+00:00,REV
LONG,117.62,117.05,-0.57,2016-12-27T17:57:00+00:00,2016-12-29T00:14:00+00:00,REV
SHORT,117.05,117.26,-0.20,2016-12-29T00:14:00+00:00,2017-01-02T10:06:00+00:00,REV
LONG,117.26,117.05,-0.20,2017-01-02T10:06:00+00:00,2017-01-05T02:00:00+00:00,REV
SHORT,117.05,117.44,-0.39,2017-01-05T02:00:00+00:00,2017-01-09T05:38:00+00:00,REV
LONG,117.44,115.20,-2.24,2017-01-09T05:38:00+00:00,2017-01-11T20:03:00+00:00,REV
SHORT,115.20,114.48,0.71,2017-01-11T20:03:00+00:00,2017-01-18T23:07:00+00:00,REV
LONG,114.48,114.21,-0.27,2017-01-18T23:07:00+00:00,2017-01-23T01:11:00+00:00,REV
SHORT,114.21,114.00,0.21,2017-01-23T01:11:00+00:00,2017-01-26T11:50:00+00:00,REV
LONG,114.00,113.45,-0.55,2017-01-26T11:50:00+00:00,2017-01-31T05:02:00+00:00,REV
SHORT,113.45,112.59,0.86,2017-01-31T05:02:00+00:00,2017-02-09T16:56:00+00:00,REV
LONG,112.59,113.25,0.66,2017-02-09T16:56:00+00:00,2017-02-16T17:53:00+00:00,REV
SHORT,113.25,113.51,-0.26,2017-02-16T17:53:00+00:00,2017-02-21T03:31:00+00:00,REV
LONG,113.51,112.91,-0.60,2017-02-21T03:31:00+00:00,2017-02-23T14:25:00+00:00,REV
SHORT,112.91,112.90,0.00,2017-02-23T14:25:00+00:00,2017-03-01T01:00:00+00:00,REV
LONG,112.90,113.68,0.78,2017-03-01T01:00:00+00:00,2017-03-06T08:56:00+00:00,REV
SHORT,113.68,114.16,-0.48,2017-03-06T08:56:00+00:00,2017-03-08T14:49:00+00:00,REV
LONG,114.16,114.48,0.32,2017-03-08T14:49:00+00:00,2017-03-15T20:34:00+00:00,REV
SHORT,114.48,111.21,3.27,2017-03-15T20:34:00+00:00,2017-03-29T02:10:00+00:00,REV
LONG,111.21,110.94,-0.27,2017-03-29T02:10:00+00:00,2017-04-03T17:57:00+00:00,REV
SHORT,110.94,111.37,-0.43,2017-04-03T17:57:00+00:00,2017-04-10T03:15:00+00:00,REV
LONG,111.37,110.13,-1.24,2017-04-10T03:15:00+00:00,2017-04-11T17:34:00+00:00,REV
SHORT,110.13,109.23,0.90,2017-04-11T17:34:00+00:00,2017-04-18T03:07:00+00:00,REV
LONG,109.23,113.46,4.23,2017-04-18T03:07:00+00:00,2017-05-12T15:41:00+00:00,REV
SHORT,113.46,111.71,1.75,2017-05-12T15:41:00+00:00,2017-05-23T18:57:00+00:00,REV
LONG,111.71,111.47,-0.23,2017-05-23T18:57:00+00:00,2017-05-26T08:00:00+00:00,REV
SHORT,111.47,111.32,0.16,2017-05-26T08:00:00+00:00,2017-06-01T15:15:00+00:00,REV
LONG,111.32,110.48,-0.84,2017-06-01T15:15:00+00:00,2017-06-02T16:40:00+00:00,REV
SHORT,110.48,110.39,0.09,2017-06-02T16:40:00+00:00,2017-06-09T09:39:00+00:00,REV
LONG,110.39,109.63,-0.76,2017-06-09T09:39:00+00:00,2017-06-14T15:37:00+00:00,REV
SHORT,109.63,110.35,-0.72,2017-06-14T15:37:00+00:00,2017-06-15T15:30:00+00:00,REV
LONG,110.35,111.07,0.72,2017-06-15T15:30:00+00:00,2017-06-22T04:46:00+00:00,REV
SHORT,111.07,111.45,-0.39,2017-06-22T04:46:00+00:00,2017-06-26T10:00:00+00:00,REV
LONG,111.45,111.81,0.36,2017-06-26T10:00:00+00:00,2017-06-30T05:10:00+00:00,REV
SHORT,111.81,112.94,-1.12,2017-06-30T05:10:00+00:00,2017-07-03T11:21:00+00:00,REV
LONG,112.94,113.72,0.78,2017-07-03T11:21:00+00:00,2017-07-12T03:09:00+00:00,REV
SHORT,113.72,111.97,1.75,2017-07-12T03:09:00+00:00,2017-07-26T02:27:00+00:00,REV
LONG,111.97,110.83,-1.14,2017-07-26T02:27:00+00:00,2017-07-27T06:36:00+00:00,REV
SHORT,110.83,110.78,0.05,2017-07-27T06:36:00+00:00,2017-08-02T07:00:00+00:00,REV
LONG,110.78,109.93,-0.85,2017-08-02T07:00:00+00:00,2017-08-03T22:38:00+00:00,REV
SHORT,109.93,110.99,-1.06,2017-08-03T22:38:00+00:00,2017-08-04T17:06:00+00:00,REV
LONG,110.99,110.25,-0.74,2017-08-04T17:06:00+00:00,2017-08-09T01:02:00+00:00,REV
SHORT,110.25,109.81,0.44,2017-08-09T01:02:00+00:00,2017-08-15T02:30:00+00:00,REV
LONG,109.81,109.60,-0.21,2017-08-15T02:30:00+00:00,2017-08-17T22:11:00+00:00,REV
SHORT,109.60,109.61,-0.00,2017-08-17T22:11:00+00:00,2017-08-22T22:47:00+00:00,REV
LONG,109.61,108.86,-0.75,2017-08-22T22:47:00+00:00,2017-08-24T01:19:00+00:00,REV
SHORT,108.86,109.83,-0.98,2017-08-24T01:19:00+00:00,2017-08-25T16:55:00+00:00,REV
LONG,109.83,109.03,-0.81,2017-08-25T16:55:00+00:00,2017-08-29T00:07:00+00:00,REV
SHORT,109.03,109.85,-0.83,2017-08-29T00:07:00+00:00,2017-08-29T22:20:00+00:00,REV
LONG,109.85,109.49,-0.36,2017-08-29T22:20:00+00:00,2017-09-04T00:00:00+00:00,REV
SHORT,109.49,109.27,0.22,2017-09-04T00:00:00+00:00,2017-09-11T20:46:00+00:00,REV
LONG,109.27,109.90,0.63,2017-09-11T20:46:00+00:00,2017-09-15T01:01:00+00:00,REV
SHORT,109.90,111.05,-1.15,2017-09-15T01:01:00+00:00,2017-09-15T12:28:00+00:00,REV
LONG,111.05,111.65,0.60,2017-09-15T12:28:00+00:00,2017-09-25T18:14:00+00:00,REV
SHORT,111.65,112.54,-0.89,2017-09-25T18:14:00+00:00,2017-09-27T03:43:00+00:00,REV
LONG,112.54,112.45,-0.09,2017-09-27T03:43:00+00:00,2017-10-04T09:05:00+00:00,REV
SHORT,112.45,112.95,-0.50,2017-10-04T09:05:00+00:00,2017-10-06T07:05:00+00:00,REV
LONG,112.95,112.41,-0.54,2017-10-06T07:05:00+00:00,2017-10-09T01:15:00+00:00,REV
SHORT,112.41,112.31,0.10,2017-10-09T01:15:00+00:00,2017-10-17T15:31:00+00:00,REV
LONG,112.31,113.34,1.03,2017-10-17T15:31:00+00:00,2017-10-30T18:25:00+00:00,REV
SHORT,113.34,113.84,-0.50,2017-10-30T18:25:00+00:00,2017-11-01T03:53:00+00:00,REV
LONG,113.84,113.69,-0.15,2017-11-01T03:53:00+00:00,2017-11-08T01:44:00+00:00,REV
SHORT,113.69,113.72,-0.03,2017-11-08T01:44:00+00:00,2017-11-14T02:07:00+00:00,REV
LONG,113.72,113.24,-0.48,2017-11-14T02:07:00+00:00,2017-11-15T03:24:00+00:00,REV
SHORT,113.24,111.63,1.61,2017-11-15T03:24:00+00:00,2017-11-27T00:30:00+00:00,REV
LONG,111.63,111.07,-0.56,2017-11-27T00:30:00+00:00,2017-11-27T14:41:00+00:00,REV
SHORT,111.07,111.70,-0.63,2017-11-27T14:41:00+00:00,2017-11-29T15:00:00+00:00,REV
LONG,111.70,112.36,0.66,2017-11-29T15:00:00+00:00,2017-12-06T04:36:00+00:00,REV
SHORT,112.36,112.87,-0.51,2017-12-06T04:36:00+00:00,2017-12-07T20:28:00+00:00,REV
LONG,112.87,113.24,0.37,2017-12-07T20:28:00+00:00,2017-12-13T05:24:00+00:00,REV
SHORT,113.24,112.84,0.40,2017-12-13T05:24:00+00:00,2017-12-19T16:28:00+00:00,REV
LONG,112.84,113.19,0.36,2017-12-19T16:28:00+00:00,2017-12-26T00:00:00+00:00,REV
SHORT,113.19,112.80,0.40,2017-12-26T00:00:00+00:00,2018-01-04T15:34:00+00:00,REV
LONG,112.80,112.71,-0.09,2018-01-04T15:34:00+00:00,2018-01-09T03:42:00+00:00,REV
SHORT,112.71,111.19,1.52,2018-01-09T03:42:00+00:00,2018-01-17T22:03:00+00:00,REV
LONG,111.19,110.49,-0.70,2018-01-17T22:03:00+00:00,2018-01-23T13:12:00+00:00,REV
SHORT,110.49,109.21,1.28,2018-01-23T13:12:00+00:00,2018-01-31T18:13:00+00:00,REV
LONG,109.21,109.09,-0.12,2018-01-31T18:13:00+00:00,2018-02-05T23:04:00+00:00,REV
SHORT,109.09,109.72,-0.62,2018-02-05T23:04:00+00:00,2018-02-08T08:43:00+00:00,REV
LONG,109.72,108.58,-1.14,2018-02-08T08:43:00+00:00,2018-02-09T01:18:00+00:00,REV
SHORT,108.58,106.74,1.84,2018-02-09T01:18:00+00:00,2018-02-20T01:55:00+00:00,REV
LONG,106.74,106.59,-0.14,2018-02-20T01:55:00+00:00,2018-02-23T17:47:00+00:00,REV
SHORT,106.59,107.14,-0.55,2018-02-23T17:47:00+00:00,2018-02-27T15:11:00+00:00,REV
LONG,107.14,106.56,-0.58,2018-02-27T15:11:00+00:00,2018-03-01T02:09:00+00:00,REV
SHORT,106.56,106.30,0.26,2018-03-01T02:09:00+00:00,2018-03-06T02:01:00+00:00,REV
LONG,106.30,106.25,-0.05,2018-03-06T02:01:00+00:00,2018-03-14T18:21:00+00:00,REV
SHORT,106.25,106.39,-0.14,2018-03-14T18:21:00+00:00,2018-03-20T10:16:00+00:00,REV
LONG,106.39,105.88,-0.51,2018-03-20T10:16:00+00:00,2018-03-22T03:23:00+00:00,REV
SHORT,105.88,105.49,0.39,2018-03-22T03:23:00+00:00,2018-03-27T01:00:00+00:00,REV
LONG,105.49,106.12,0.63,2018-03-27T01:00:00+00:00,2018-04-02T18:05:00+00:00,REV
SHORT,106.12,106.54,-0.43,2018-04-02T18:05:00+00:00,2018-04-03T16:29:00+00:00,REV
LONG,106.54,106.71,0.16,2018-04-03T16:29:00+00:00,2018-04-09T22:19:00+00:00,REV
SHORT,106.71,107.41,-0.70,2018-04-09T22:19:00+00:00,2018-04-12T16:27:00+00:00,REV
LONG,107.41,107.03,-0.37,2018-04-12T16:27:00+00:00,2018-04-17T03:00:00+00:00,REV
SHORT,107.03,107.39,-0.36,2018-04-17T03:00:00+00:00,2018-04-19T03:30:00+00:00,REV
LONG,107.39,109.23,1.83,2018-04-19T03:30:00+00:00,2018-05-03T14:55:00+00:00,REV
SHORT,109.23,109.40,-0.18,2018-05-03T14:55:00+00:00,2018-05-09T04:00:00+00:00,REV
LONG,109.40,110.79,1.39,2018-05-09T04:00:00+00:00,2018-05-23T01:12:00+00:00,REV
SHORT,110.79,109.08,1.71,2018-05-23T01:12:00+00:00,2018-06-01T04:16:00+00:00,REV
LONG,109.08,109.47,0.39,2018-06-01T04:16:00+00:00,2018-06-08T10:00:00+00:00,REV
SHORT,109.47,110.12,-0.65,2018-06-08T10:00:00+00:00,2018-06-12T01:27:00+00:00,REV
LONG,110.12,109.94,-0.19,2018-06-12T01:27:00+00:00,2018-06-14T10:43:00+00:00,REV
SHORT,109.94,110.86,-0.92,2018-06-14T10:43:00+00:00,2018-06-15T08:31:00+00:00,REV
LONG,110.86,110.30,-0.56,2018-06-15T08:31:00+00:00,2018-06-19T02:37:00+00:00,REV
SHORT,110.30,110.58,-0.28,2018-06-19T02:37:00+00:00,2018-06-21T04:57:00+00:00,REV
LONG,110.58,109.84,-0.74,2018-06-21T04:57:00+00:00,2018-06-22T00:49:00+00:00,REV
SHORT,109.84,110.22,-0.38,2018-06-22T00:49:00+00:00,2018-06-27T14:45:00+00:00,REV
LONG,110.22,110.51,0.29,2018-06-27T14:45:00+00:00,2018-07-04T01:34:00+00:00,REV
SHORT,110.51,110.73,-0.22,2018-07-04T01:34:00+00:00,2018-07-06T03:55:00+00:00,REV
LONG,110.73,112.22,1.49,2018-07-06T03:55:00+00:00,2018-07-19T20:18:00+00:00,REV
SHORT,112.22,111.97,0.25,2018-07-19T20:18:00+00:00,2018-08-01T06:48:00+00:00,REV
LONG,111.97,111.31,-0.66,2018-08-01T06:48:00+00:00,2018-08-03T16:45:00+00:00,REV
SHORT,111.31,111.18,0.13,2018-08-03T16:45:00+00:00,2018-08-14T20:04:00+00:00,REV
LONG,111.18,110.43,-0.75,2018-08-14T20:04:00+00:00,2018-08-17T14:19:00+00:00,REV
SHORT,110.43,110.62,-0.19,2018-08-17T14:19:00+00:00,2018-08-23T02:31:00+00:00,REV
LONG,110.62,110.95,0.32,2018-08-23T02:31:00+00:00,2018-08-31T00:00:00+00:00,REV
SHORT,110.95,111.19,-0.25,2018-08-31T00:00:00+00:00,2018-09-04T08:57:00+00:00,REV
LONG,111.19,110.90,-0.30,2018-09-04T08:57:00+00:00,2018-09-06T17:50:00+00:00,REV
SHORT,110.90,111.26,-0.36,2018-09-06T17:50:00+00:00,2018-09-11T03:41:00+00:00,REV
LONG,111.26,111.75,0.49,2018-09-11T03:41:00+00:00,2018-09-18T01:38:00+00:00,REV
SHORT,111.75,112.18,-0.42,2018-09-18T01:38:00+00:00,2018-09-18T09:17:00+00:00,REV
LONG,112.18,112.63,0.45,2018-09-18T09:17:00+00:00,2018-09-27T00:30:00+00:00,REV
SHORT,112.63,113.14,-0.51,2018-09-27T00:30:00+00:00,2018-09-27T17:34:00+00:00,REV
LONG,113.14,113.53,0.39,2018-09-27T17:34:00+00:00,2018-10-03T03:02:00+00:00,REV
SHORT,113.53,114.07,-0.54,2018-10-03T03:02:00+00:00,2018-10-03T17:23:00+00:00,REV
LONG,114.07,113.56,-0.51,2018-10-03T17:23:00+00:00,2018-10-08T11:34:00+00:00,REV
SHORT,113.56,112.35,1.21,2018-10-08T11:34:00+00:00,2018-10-17T02:30:00+00:00,REV
LONG,112.35,112.14,-0.21,2018-10-17T02:30:00+00:00,2018-10-23T16:02:00+00:00,REV
SHORT,112.14,112.57,-0.43,2018-10-23T16:02:00+00:00,2018-10-30T04:00:00+00:00,REV
LONG,112.57,112.61,0.04,2018-10-30T04:00:00+00:00,2018-11-02T01:08:00+00:00,REV
SHORT,112.61,113.33,-0.72,2018-11-02T01:08:00+00:00,2018-11-05T08:29:00+00:00,REV
LONG,113.33,113.07,-0.26,2018-11-05T08:29:00+00:00,2018-11-07T02:41:00+00:00,REV
SHORT,113.07,113.51,-0.44,2018-11-07T02:41:00+00:00,2018-11-07T03:22:00+00:00,REV
LONG,113.51,113.64,0.12,2018-11-07T03:22:00+00:00,2018-11-13T02:05:00+00:00,REV
SHORT,113.64,112.88,0.75,2018-11-13T02:05:00+00:00,2018-11-21T03:30:00+00:00,REV
LONG,112.88,113.41,0.53,2018-11-21T03:30:00+00:00,2018-11-29T05:03:00+00:00,REV
SHORT,113.41,113.72,-0.31,2018-11-29T05:03:00+00:00,2018-12-03T00:59:00+00:00,REV
LONG,113.72,113.31,-0.41,2018-12-03T00:59:00+00:00,2018-12-04T03:38:00+00:00,REV
SHORT,113.31,113.21,0.10,2018-12-04T03:38:00+00:00,2018-12-10T19:53:00+00:00,REV
LONG,113.21,113.19,-0.02,2018-12-10T19:53:00+00:00,2018-12-17T15:30:00+00:00,REV
SHORT,113.19,111.20,1.99,2018-12-17T15:30:00+00:00,2018-12-26T21:50:00+00:00,REV
LONG,111.20,110.14,-1.06,2018-12-26T21:50:00+00:00,2018-12-31T10:15:00+00:00,REV
SHORT,110.14,108.76,1.38,2018-12-31T10:15:00+00:00,2019-01-08T02:50:00+00:00,REV
LONG,108.76,108.02,-0.74,2019-01-08T02:50:00+00:00,2019-01-09T22:41:00+00:00,REV
SHORT,108.02,108.61,-0.59,2019-01-09T22:41:00+00:00,2019-01-15T07:16:00+00:00,REV
LONG,108.61,109.42,0.81,2019-01-15T07:16:00+00:00,2019-01-28T01:49:00+00:00,REV
SHORT,109.42,109.59,-0.16,2019-01-28T01:49:00+00:00,2019-01-30T15:52:00+00:00,REV
LONG,109.59,109.13,-0.46,2019-01-30T15:52:00+00:00,2019-01-30T21:16:00+00:00,REV
SHORT,109.13,109.59,-0.46,2019-01-30T21:16:00+00:00,2019-02-04T02:05:00+00:00,REV
LONG,109.59,110.42,0.83,2019-02-04T02:05:00+00:00,2019-02-15T00:01:00+00:00,REV
SHORT,110.42,110.66,-0.24,2019-02-15T00:01:00+00:00,2019-02-19T06:28:00+00:00,REV
LONG,110.66,110.56,-0.11,2019-02-19T06:28:00+00:00,2019-02-26T21:24:00+00:00,REV
SHORT,110.56,111.09,-0.53,2019-02-26T21:24:00+00:00,2019-02-28T15:43:00+00:00,REV
LONG,111.09,111.64,0.55,2019-02-28T15:43:00+00:00,2019-03-06T18:52:00+00:00,REV
SHORT,111.64,111.48,0.16,2019-03-06T18:52:00+00:00,2019-03-14T03:50:00+00:00,REV
LONG,111.48,111.38,-0.09,2019-03-14T03:50:00+00:00,2019-03-18T18:02:00+00:00,REV
SHORT,111.38,111.64,-0.25,2019-03-18T18:02:00+00:00,2019-03-20T03:01:00+00:00,REV
LONG,111.64,111.16,-0.48,2019-03-20T03:01:00+00:00,2019-03-20T20:03:00+00:00,REV
SHORT,111.16,110.25,0.91,2019-03-20T20:03:00+00:00,2019-03-26T03:07:00+00:00,REV
LONG,110.25,111.33,1.08,2019-03-26T03:07:00+00:00,2019-04-08T16:22:00+00:00,REV
SHORT,111.33,111.59,-0.25,2019-04-08T16:22:00+00:00,2019-04-11T20:01:00+00:00,REV
LONG,111.59,111.85,0.26,2019-04-11T20:01:00+00:00,2019-04-18T08:55:00+00:00,REV
SHORT,111.85,112.02,-0.17,2019-04-18T08:55:00+00:00,2019-04-23T16:05:00+00:00,REV
LONG,112.02,111.84,-0.17,2019-04-23T16:05:00+00:00,2019-04-23T19:00:00+00:00,REV
SHORT,111.84,112.04,-0.20,2019-04-23T19:00:00+00:00,2019-04-24T21:18:00+00:00,REV
LONG,112.04,111.65,-0.39,2019-04-24T21:18:00+00:00,2019-04-25T16:37:00+00:00,REV
SHORT,111.65,111.67,-0.02,2019-04-25T16:37:00+00:00,2019-05-03T15:30:00+00:00,REV
LONG,111.67,110.60,-1.07,2019-05-03T15:30:00+00:00,2019-05-06T00:00:00+00:00,REV
SHORT,110.60,109.78,0.82,2019-05-06T00:00:00+00:00,2019-05-16T15:32:00+00:00,REV
LONG,109.78,110.02,0.23,2019-05-16T15:32:00+00:00,2019-05-23T13:03:00+00:00,REV
SHORT,110.02,109.64,0.38,2019-05-23T13:03:00+00:00,2019-05-29T22:35:00+00:00,REV
LONG,109.64,109.15,-0.49,2019-05-29T22:35:00+00:00,2019-05-31T05:35:00+00:00,REV
SHORT,109.15,108.45,0.69,2019-05-31T05:35:00+00:00,2019-06-05T21:39:00+00:00,REV
LONG,108.45,108.31,-0.14,2019-06-05T21:39:00+00:00,2019-06-12T09:19:00+00:00,REV
SHORT,108.31,108.58,-0.26,2019-06-12T09:19:00+00:00,2019-06-14T19:36:00+00:00,REV
LONG,108.58,108.16,-0.42,2019-06-14T19:36:00+00:00,2019-06-18T16:31:00+00:00,REV
SHORT,108.16,107.55,0.61,2019-06-18T16:31:00+00:00,2019-06-26T12:06:00+00:00,REV
LONG,107.55,107.77,0.22,2019-06-26T12:06:00+00:00,2019-07-03T03:02:00+00:00,REV
SHORT,107.77,107.92,-0.16,2019-07-03T03:02:00+00:00,2019-07-05T09:05:00+00:00,REV
LONG,107.92,108.35,0.42,2019-07-05T09:05:00+00:00,2019-07-11T01:40:00+00:00,REV
SHORT,108.35,108.03,0.32,2019-07-11T01:40:00+00:00,2019-07-22T04:36:00+00:00,REV
LONG,108.03,108.45,0.43,2019-07-22T04:36:00+00:00,2019-08-01T17:00:00+00:00,REV
SHORT,108.45,106.10,2.35,2019-08-01T17:00:00+00:00,2019-08-13T16:50:00+00:00,REV
LONG,106.10,106.21,0.11,2019-08-13T16:50:00+00:00,2019-08-23T17:46:00+00:00,REV
SHORT,106.21,106.24,-0.03,2019-08-23T17:46:00+00:00,2019-08-29T11:36:00+00:00,REV
LONG,106.24,105.92,-0.32,2019-08-29T11:36:00+00:00,2019-09-03T17:01:00+00:00,REV
SHORT,105.92,106.41,-0.49,2019-09-03T17:01:00+00:00,2019-09-04T21:20:00+00:00,REV
LONG,106.41,107.48,1.07,2019-09-04T21:20:00+00:00,2019-09-16T00:00:00+00:00,REV
SHORT,107.48,108.27,-0.79,2019-09-16T00:00:00+00:00,2019-09-17T04:39:00+00:00,REV
LONG,108.27,108.02,-0.25,2019-09-17T04:39:00+00:00,2019-09-19T04:56:00+00:00,REV
SHORT,108.02,107.81,0.22,2019-09-19T04:56:00+00:00,2019-09-25T17:54:00+00:00,REV
LONG,107.81,107.66,-0.15,2019-09-25T17:54:00+00:00,2019-10-01T18:34:00+00:00,REV
SHORT,107.66,107.31,0.35,2019-10-01T18:34:00+00:00,2019-10-07T20:32:00+00:00,REV
LONG,107.31,108.45,1.14,2019-10-07T20:32:00+00:00,2019-10-18T16:05:00+00:00,REV
SHORT,108.45,108.73,-0.28,2019-10-18T16:05:00+00:00,2019-10-22T03:20:00+00:00,REV
LONG,108.73,108.29,-0.44,2019-10-22T03:20:00+00:00,2019-10-23T03:17:00+00:00,REV
SHORT,108.29,108.74,-0.45,2019-10-23T03:17:00+00:00,2019-10-24T10:15:00+00:00,REV
LONG,108.74,108.72,-0.02,2019-10-24T10:15:00+00:00,2019-10-31T03:23:00+00:00,REV
SHORT,108.72,108.66,0.06,2019-10-31T03:23:00+00:00,2019-11-05T01:33:00+00:00,REV
LONG,108.66,108.89,0.23,2019-11-05T01:33:00+00:00,2019-11-13T02:43:00+00:00,REV
SHORT,108.89,108.87,0.02,2019-11-13T02:43:00+00:00,2019-11-18T09:16:00+00:00,REV
LONG,108.87,108.45,-0.42,2019-11-18T09:16:00+00:00,2019-11-20T01:05:00+00:00,REV
SHORT,108.45,108.74,-0.29,2019-11-20T01:05:00+00:00,2019-11-25T01:26:00+00:00,REV
LONG,108.74,109.33,0.59,2019-11-25T01:26:00+00:00,2019-12-02T17:00:00+00:00,REV
SHORT,109.33,108.78,0.55,2019-12-02T17:00:00+00:00,2019-12-11T00:30:00+00:00,REV
LONG,108.78,108.46,-0.31,2019-12-11T00:30:00+00:00,2019-12-12T02:28:00+00:00,REV
SHORT,108.46,108.87,-0.40,2019-12-12T02:28:00+00:00,2019-12-12T16:39:00+00:00,REV
LONG,108.87,109.40,0.53,2019-12-12T16:39:00+00:00,2019-12-19T15:39:00+00:00,REV
SHORT,109.40,109.45,-0.05,2019-12-19T15:39:00+00:00,2019-12-26T02:27:00+00:00,REV
LONG,109.45,109.32,-0.13,2019-12-26T02:27:00+00:00,2019-12-30T03:47:00+00:00,REV
SHORT,109.32,108.64,0.68,2019-12-30T03:47:00+00:00,2020-01-08T12:56:00+00:00,REV
LONG,108.64,110.05,1.41,2020-01-08T12:56:00+00:00,2020-01-21T03:19:00+00:00,REV
SHORT,110.05,109.21,0.83,2020-01-21T03:19:00+00:00,2020-01-29T00:45:00+00:00,REV
LONG,109.21,108.76,-0.46,2020-01-29T00:45:00+00:00,2020-01-30T17:41:00+00:00,REV
SHORT,108.76,109.15,-0.39,2020-01-30T17:41:00+00:00,2020-02-04T14:53:00+00:00,REV
LONG,109.15,109.72,0.58,2020-02-04T14:53:00+00:00,2020-02-13T09:59:00+00:00,REV
SHORT,109.72,109.97,-0.25,2020-02-13T09:59:00+00:00,2020-02-19T03:34:00+00:00,REV
LONG,109.97,111.11,1.14,2020-02-19T03:34:00+00:00,2020-02-24T16:10:00+00:00,REV
SHORT,111.11,104.61,6.50,2020-02-24T16:10:00+00:00,2020-03-10T07:10:00+00:00,REV
LONG,104.61,110.08,5.48,2020-03-10T07:10:00+00:00,2020-03-26T10:58:00+00:00,REV
SHORT,110.08,108.11,1.98,2020-03-26T10:58:00+00:00,2020-04-03T01:59:00+00:00,REV
LONG,108.11,108.50,0.40,2020-04-03T01:59:00+00:00,2020-04-09T17:57:00+00:00,REV
SHORT,108.50,107.88,0.62,2020-04-09T17:57:00+00:00,2020-04-16T04:47:00+00:00,REV
LONG,107.88,107.30,-0.58,2020-04-16T04:47:00+00:00,2020-04-21T12:11:00+00:00,REV
SHORT,107.30,107.95,-0.65,2020-04-21T12:11:00+00:00,2020-04-23T16:38:00+00:00,REV
LONG,107.95,107.35,-0.60,2020-04-23T16:38:00+00:00,2020-04-27T06:15:00+00:00,REV
SHORT,107.35,107.35,-0.00,2020-04-27T06:15:00+00:00,2020-04-30T22:26:00+00:00,REV
LONG,107.35,106.61,-0.74,2020-04-30T22:26:00+00:00,2020-05-05T03:20:00+00:00,REV
SHORT,106.61,106.67,-0.06,2020-05-05T03:20:00+00:00,2020-05-08T15:47:00+00:00,REV
LONG,106.67,107.34,0.67,2020-05-08T15:47:00+00:00,2020-05-22T10:03:00+00:00,REV
SHORT,107.34,107.79,-0.45,2020-05-22T10:03:00+00:00,2020-05-26T04:05:00+00:00,REV
LONG,107.79,107.40,-0.39,2020-05-26T04:05:00+00:00,2020-05-27T03:12:00+00:00,REV
SHORT,107.40,107.93,-0.53,2020-05-27T03:12:00+00:00,2020-05-27T16:09:00+00:00,REV
LONG,107.93,107.36,-0.57,2020-05-27T16:09:00+00:00,2020-05-29T07:11:00+00:00,REV
SHORT,107.36,107.90,-0.54,2020-05-29T07:11:00+00:00,2020-06-02T14:54:00+00:00,REV
LONG,107.90,108.61,0.71,2020-06-02T14:54:00+00:00,2020-06-08T17:37:00+00:00,REV
SHORT,108.61,107.56,1.05,2020-06-08T17:37:00+00:00,2020-06-15T01:08:00+00:00,REV
LONG,107.56,107.00,-0.56,2020-06-15T01:08:00+00:00,2020-06-17T22:49:00+00:00,REV
SHORT,107.00,107.07,-0.07,2020-06-17T22:49:00+00:00,2020-06-23T05:23:00+00:00,REV
LONG,107.07,106.74,-0.32,2020-06-23T05:23:00+00:00,2020-06-23T15:44:00+00:00,REV
SHORT,106.74,107.23,-0.49,2020-06-23T15:44:00+00:00,2020-06-25T05:42:00+00:00,REV
LONG,107.23,107.36,0.13,2020-06-25T05:42:00+00:00,2020-07-02T02:53:00+00:00,REV
SHORT,107.36,107.73,-0.37,2020-07-02T02:53:00+00:00,2020-07-06T04:30:00+00:00,REV
LONG,107.73,107.33,-0.40,2020-07-06T04:30:00+00:00,2020-07-06T21:38:00+00:00,REV
SHORT,107.33,107.78,-0.45,2020-07-06T21:38:00+00:00,2020-07-07T12:37:00+00:00,REV
LONG,107.78,107.25,-0.54,2020-07-07T12:37:00+00:00,2020-07-08T20:48:00+00:00,REV
SHORT,107.25,107.33,-0.08,2020-07-08T20:48:00+00:00,2020-07-14T03:01:00+00:00,REV
LONG,107.33,106.79,-0.54,2020-07-14T03:01:00+00:00,2020-07-15T15:52:00+00:00,REV
SHORT,106.79,107.41,-0.62,2020-07-15T15:52:00+00:00,2020-07-20T03:53:00+00:00,REV
LONG,107.41,106.94,-0.47,2020-07-20T03:53:00+00:00,2020-07-21T17:16:00+00:00,REV
SHORT,106.94,105.30,1.63,2020-07-21T17:16:00+00:00,2020-07-31T16:17:00+00:00,REV
LONG,105.30,105.58,0.28,2020-07-31T16:17:00+00:00,2020-08-05T03:55:00+00:00,REV
SHORT,105.58,105.88,-0.30,2020-08-05T03:55:00+00:00,2020-08-07T15:31:00+00:00,REV
LONG,105.88,106.44,0.56,2020-08-07T15:31:00+00:00,2020-08-14T17:52:00+00:00,REV
SHORT,106.44,106.16,0.28,2020-08-14T17:52:00+00:00,2020-08-20T03:03:00+00:00,REV
LONG,106.16,105.87,-0.29,2020-08-20T03:03:00+00:00,2020-08-27T01:43:00+00:00,REV
SHORT,105.87,106.59,-0.72,2020-08-27T01:43:00+00:00,2020-08-27T18:20:00+00:00,REV
LONG,106.59,105.60,-0.98,2020-08-27T18:20:00+00:00,2020-08-28T12:18:00+00:00,REV
SHORT,105.60,106.16,-0.56,2020-08-28T12:18:00+00:00,2020-09-02T11:22:00+00:00,REV
LONG,106.16,106.05,-0.11,2020-09-02T11:22:00+00:00,2020-09-08T15:33:00+00:00,REV
SHORT,106.05,104.90,1.15,2020-09-08T15:33:00+00:00,2020-09-22T17:31:00+00:00,REV
LONG,104.90,105.40,0.50,2020-09-22T17:31:00+00:00,2020-10-02T08:05:00+00:00,REV
SHORT,105.40,105.74,-0.34,2020-10-02T08:05:00+00:00,2020-10-05T18:47:00+00:00,REV
LONG,105.74,105.60,-0.14,2020-10-05T18:47:00+00:00,2020-10-09T22:31:00+00:00,REV
SHORT,105.60,105.50,0.09,2020-10-09T22:31:00+00:00,2020-10-19T03:40:00+00:00,REV
LONG,105.50,105.30,-0.20,2020-10-19T03:40:00+00:00,2020-10-21T07:03:00+00:00,REV
SHORT,105.30,104.95,0.35,2020-10-21T07:03:00+00:00,2020-10-26T09:00:00+00:00,REV
LONG,104.95,104.65,-0.30,2020-10-26T09:00:00+00:00,2020-10-27T11:31:00+00:00,REV
SHORT,104.65,104.74,-0.09,2020-10-27T11:31:00+00:00,2020-10-30T17:31:00+00:00,REV
LONG,104.74,104.43,-0.31,2020-10-30T17:31:00+00:00,2020-11-04T02:02:00+00:00,REV
SHORT,104.43,104.96,-0.53,2020-11-04T02:02:00+00:00,2020-11-04T04:31:00+00:00,REV
LONG,104.96,104.15,-0.81,2020-11-04T04:31:00+00:00,2020-11-05T12:50:00+00:00,REV
SHORT,104.15,104.56,-0.41,2020-11-05T12:50:00+00:00,2020-11-09T14:45:00+00:00,REV
LONG,104.56,105.00,0.45,2020-11-09T14:45:00+00:00,2020-11-13T02:39:00+00:00,REV
SHORT,105.00,104.23,0.78,2020-11-13T02:39:00+00:00,2020-11-23T17:19:00+00:00,REV
LONG,104.23,104.22,-0.01,2020-11-23T17:19:00+00:00,2020-11-27T02:06:00+00:00,REV
SHORT,104.22,104.31,-0.10,2020-11-27T02:06:00+00:00,2020-12-01T02:00:00+00:00,REV
LONG,104.31,104.18,-0.13,2020-12-01T02:00:00+00:00,2020-12-03T14:27:00+00:00,REV
SHORT,104.18,104.32,-0.14,2020-12-03T14:27:00+00:00,2020-12-09T19:10:00+00:00,REV
LONG,104.32,104.05,-0.27,2020-12-09T19:10:00+00:00,2020-12-11T02:45:00+00:00,REV
SHORT,104.05,103.61,0.45,2020-12-11T02:45:00+00:00,2020-12-21T09:59:00+00:00,REV
LONG,103.61,103.42,-0.18,2020-12-21T09:59:00+00:00,2020-12-28T07:58:00+00:00,REV
SHORT,103.42,103.78,-0.35,2020-12-28T07:58:00+00:00,2020-12-28T17:40:00+00:00,REV
LONG,103.78,103.41,-0.37,2020-12-28T17:40:00+00:00,2020-12-30T03:40:00+00:00,REV
SHORT,103.41,103.33,0.08,2020-12-30T03:40:00+00:00,2021-01-06T17:29:00+00:00,REV
LONG,103.33,103.72,0.39,2021-01-06T17:29:00+00:00,2021-01-13T02:00:00+00:00,REV
SHORT,103.72,103.94,-0.22,2021-01-13T02:00:00+00:00,2021-01-19T04:32:00+00:00,REV
LONG,103.94,103.64,-0.30,2021-01-19T04:32:00+00:00,2021-01-20T17:09:00+00:00,REV
SHORT,103.64,103.90,-0.26,2021-01-20T17:09:00+00:00,2021-01-25T03:50:00+00:00,REV
LONG,103.90,105.15,1.25,2021-01-25T03:50:00+00:00,2021-02-09T02:34:00+00:00,REV
SHORT,105.15,104.85,0.30,2021-02-09T02:34:00+00:00,2021-02-12T04:22:00+00:00,REV
LONG,104.85,105.60,0.75,2021-02-12T04:22:00+00:00,2021-02-19T06:57:00+00:00,REV
SHORT,105.60,105.86,-0.26,2021-02-19T06:57:00+00:00,2021-02-24T13:05:00+00:00,REV
LONG,105.86,108.91,3.06,2021-02-24T13:05:00+00:00,2021-03-16T15:05:00+00:00,REV
SHORT,108.91,108.97,-0.05,2021-03-16T15:05:00+00:00,2021-03-24T15:31:00+00:00,REV
LONG,108.97,110.37,1.41,2021-03-24T15:31:00+00:00,2021-04-05T16:45:00+00:00,REV
SHORT,110.37,109.95,0.42,2021-04-05T16:45:00+00:00,2021-04-09T15:51:00+00:00,REV
LONG,109.95,109.21,-0.74,2021-04-09T15:51:00+00:00,2021-04-13T14:02:00+00:00,REV
SHORT,109.21,108.21,1.00,2021-04-13T14:02:00+00:00,2021-04-27T01:38:00+00:00,REV
LONG,108.21,109.02,0.82,2021-04-27T01:38:00+00:00,2021-05-06T21:31:00+00:00,REV
SHORT,109.02,109.07,-0.04,2021-05-06T21:31:00+00:00,2021-05-12T15:31:00+00:00,REV
LONG,109.07,109.19,0.12,2021-05-12T15:31:00+00:00,2021-05-17T00:39:00+00:00,REV
SHORT,109.19,109.01,0.17,2021-05-17T00:39:00+00:00,2021-05-25T15:54:00+00:00,REV
LONG,109.01,109.49,0.48,2021-05-25T15:54:00+00:00,2021-06-01T03:00:00+00:00,REV
SHORT,109.49,109.89,-0.40,2021-06-01T03:00:00+00:00,2021-06-03T15:21:00+00:00,REV
LONG,109.89,109.41,-0.48,2021-06-03T15:21:00+00:00,2021-06-04T17:30:00+00:00,REV
SHORT,109.41,109.65,-0.24,2021-06-04T17:30:00+00:00,2021-06-09T17:52:00+00:00,REV
LONG,109.65,109.94,0.29,2021-06-09T17:52:00+00:00,2021-06-21T05:13:00+00:00,REV
SHORT,109.94,110.49,-0.55,2021-06-21T05:13:00+00:00,2021-06-22T08:59:00+00:00,REV
LONG,110.49,110.61,0.11,2021-06-22T08:59:00+00:00,2021-06-25T15:27:00+00:00,REV
SHORT,110.61,110.99,-0.38,2021-06-25T15:27:00+00:00,2021-06-30T17:56:00+00:00,REV
LONG,110.99,110.90,-0.09,2021-06-30T17:56:00+00:00,2021-07-05T00:00:00+00:00,REV
SHORT,110.90,110.41,0.49,2021-07-05T00:00:00+00:00,2021-07-13T04:07:00+00:00,REV
LONG,110.41,109.98,-0.44,2021-07-13T04:07:00+00:00,2021-07-14T17:54:00+00:00,REV
SHORT,109.98,110.11,-0.13,2021-07-14T17:54:00+00:00,2021-07-21T10:44:00+00:00,REV
LONG,110.11,110.08,-0.02,2021-07-21T10:44:00+00:00,2021-07-27T10:28:00+00:00,REV
SHORT,110.08,109.68,0.40,2021-07-27T10:28:00+00:00,2021-08-05T03:59:00+00:00,REV
LONG,109.68,110.31,0.62,2021-08-05T03:59:00+00:00,2021-08-13T10:02:00+00:00,REV
SHORT,110.31,109.76,0.55,2021-08-13T10:02:00+00:00,2021-08-18T13:58:00+00:00,REV
LONG,109.76,109.57,-0.19,2021-08-18T13:58:00+00:00,2021-08-24T15:43:00+00:00,REV
SHORT,109.57,110.13,-0.56,2021-08-24T15:43:00+00:00,2021-08-26T09:55:00+00:00,REV
LONG,110.13,109.76,-0.37,2021-08-26T09:55:00+00:00,2021-08-30T03:25:00+00:00,REV
SHORT,109.76,110.09,-0.33,2021-08-30T03:25:00+00:00,2021-09-01T03:00:00+00:00,REV
LONG,110.09,109.88,-0.21,2021-09-01T03:00:00+00:00,2021-09-03T04:01:00+00:00,REV
SHORT,109.88,110.08,-0.20,2021-09-03T04:01:00+00:00,2021-09-07T15:48:00+00:00,REV
LONG,110.08,109.69,-0.40,2021-09-07T15:48:00+00:00,2021-09-09T20:01:00+00:00,REV
SHORT,109.69,110.17,-0.48,2021-09-09T20:01:00+00:00,2021-09-14T14:02:00+00:00,REV
LONG,110.17,109.69,-0.47,2021-09-14T14:02:00+00:00,2021-09-14T17:38:00+00:00,REV
SHORT,109.69,109.84,-0.14,2021-09-14T17:38:00+00:00,2021-09-17T04:44:00+00:00,REV
LONG,109.84,109.32,-0.52,2021-09-17T04:44:00+00:00,2021-09-21T15:53:00+00:00,REV
SHORT,109.32,109.91,-0.59,2021-09-21T15:53:00+00:00,2021-09-23T04:47:00+00:00,REV
LONG,109.91,111.20,1.29,2021-09-23T04:47:00+00:00,2021-10-01T06:47:00+00:00,REV
SHORT,111.20,111.50,-0.29,2021-10-01T06:47:00+00:00,2021-10-05T17:36:00+00:00,REV
LONG,111.50,113.88,2.38,2021-10-05T17:36:00+00:00,2021-10-21T15:53:00+00:00,REV
SHORT,113.88,114.22,-0.34,2021-10-21T15:53:00+00:00,2021-10-26T17:00:00+00:00,REV
LONG,114.22,113.46,-0.76,2021-10-26T17:00:00+00:00,2021-10-27T16:37:00+00:00,REV
SHORT,113.46,114.11,-0.65,2021-10-27T16:37:00+00:00,2021-10-31T23:32:00+00:00,REV
LONG,114.11,113.94,-0.17,2021-10-31T23:32:00+00:00,2021-11-02T03:58:00+00:00,REV
SHORT,113.94,114.23,-0.29,2021-11-02T03:58:00+00:00,2021-11-04T03:52:00+00:00,REV
LONG,114.23,113.51,-0.72,2021-11-04T03:52:00+00:00,2021-11-05T15:29:00+00:00,REV
SHORT,113.51,113.68,-0.17,2021-11-05T15:29:00+00:00,2021-11-10T16:57:00+00:00,REV
LONG,113.68,113.76,0.08,2021-11-10T16:57:00+00:00,2021-11-15T03:58:00+00:00,REV
SHORT,113.76,114.31,-0.55,2021-11-15T03:58:00+00:00,2021-11-16T03:34:00+00:00,REV
LONG,114.31,113.93,-0.38,2021-11-16T03:34:00+00:00,2021-11-18T04:06:00+00:00,REV
SHORT,113.93,114.55,-0.62,2021-11-18T04:06:00+00:00,2021-11-22T16:14:00+00:00,REV
LONG,114.55,114.83,0.28,2021-11-22T16:14:00+00:00,2021-11-26T02:23:00+00:00,REV
SHORT,114.83,113.62,1.20,2021-11-26T02:23:00+00:00,2021-12-07T06:07:00+00:00,REV
LONG,113.62,113.31,-0.31,2021-12-07T06:07:00+00:00,2021-12-09T15:24:00+00:00,REV
SHORT,113.31,113.77,-0.46,2021-12-09T15:24:00+00:00,2021-12-15T02:01:00+00:00,REV
LONG,113.77,113.56,-0.21,2021-12-15T02:01:00+00:00,2021-12-17T05:56:00+00:00,REV
SHORT,113.56,113.87,-0.31,2021-12-17T05:56:00+00:00,2021-12-21T16:30:00+00:00,REV
LONG,113.87,115.62,1.75,2021-12-21T16:30:00+00:00,2022-01-07T17:11:00+00:00,REV
SHORT,115.62,114.66,0.96,2022-01-07T17:11:00+00:00,2022-01-18T04:46:00+00:00,REV
LONG,114.66,114.20,-0.45,2022-01-18T04:46:00+00:00,2022-01-20T03:06:00+00:00,REV
SHORT,114.20,114.16,0.05,2022-01-20T03:06:00+00:00,2022-01-25T12:30:00+00:00,REV
LONG,114.16,114.92,0.77,2022-01-25T12:30:00+00:00,2022-02-01T06:46:00+00:00,REV
SHORT,114.92,115.00,-0.07,2022-02-01T06:46:00+00:00,2022-02-04T02:01:00+00:00,REV
LONG,115.00,115.32,0.32,2022-02-04T02:01:00+00:00,2022-02-11T20:49:00+00:00,REV
SHORT,115.32,115.25,0.07,2022-02-11T20:49:00+00:00,2022-02-24T17:03:00+00:00,REV
LONG,115.25,114.86,-0.39,2022-02-24T17:03:00+00:00,2022-03-01T11:18:00+00:00,REV
SHORT,114.86,115.70,-0.84,2022-03-01T11:18:00+00:00,2022-03-03T06:14:00+00:00,REV
LONG,115.70,114.79,-0.91,2022-03-03T06:14:00+00:00,2022-03-04T18:09:00+00:00,REV
SHORT,114.79,115.57,-0.78,2022-03-04T18:09:00+00:00,2022-03-08T10:34:00+00:00,REV
LONG,115.57,121.98,6.41,2022-03-08T10:34:00+00:00,2022-03-30T04:23:00+00:00,REV
SHORT,121.98,123.04,-1.07,2022-03-30T04:23:00+00:00,2022-04-05T17:12:00+00:00,REV
LONG,123.04,127.73,4.69,2022-04-05T17:12:00+00:00,2022-04-25T16:47:00+00:00,REV
SHORT,127.73,128.60,-0.87,2022-04-25T16:47:00+00:00,2022-04-28T03:30:00+00:00,REV
LONG,128.60,129.61,1.01,2022-04-28T03:30:00+00:00,2022-05-04T21:47:00+00:00,REV
SHORT,129.61,130.39,-0.78,2022-05-04T21:47:00+00:00,2022-05-05T18:08:00+00:00,REV
LONG,130.39,130.09,-0.30,2022-05-05T18:08:00+00:00,2022-05-10T03:17:00+00:00,REV
SHORT,130.09,129.65,0.44,2022-05-10T03:17:00+00:00,2022-05-17T16:26:00+00:00,REV
LONG,129.65,128.70,-0.95,2022-05-17T16:26:00+00:00,2022-05-18T16:15:00+00:00,REV
SHORT,128.70,127.59,1.11,2022-05-18T16:15:00+00:00,2022-05-30T15:17:00+00:00,REV
LONG,127.59,133.59,6.00,2022-05-30T15:17:00+00:00,2022-06-15T22:29:00+00:00,REV
SHORT,133.59,135.43,-1.84,2022-06-15T22:29:00+00:00,2022-06-20T03:01:00+00:00,REV
LONG,135.43,134.92,-0.51,2022-06-20T03:01:00+00:00,2022-06-23T15:36:00+00:00,REV
SHORT,134.92,135.56,-0.64,2022-06-23T15:36:00+00:00,2022-06-28T03:03:00+00:00,REV
LONG,135.56,135.55,-0.01,2022-06-28T03:03:00+00:00,2022-07-01T05:23:00+00:00,REV
SHORT,135.55,136.00,-0.44,2022-07-01T05:23:00+00:00,2022-07-05T03:46:00+00:00,REV
LONG,136.00,137.89,1.89,2022-07-05T03:46:00+00:00,2022-07-19T09:00:00+00:00,REV
SHORT,137.89,138.40,-0.51,2022-07-19T09:00:00+00:00,2022-07-21T02:19:00+00:00,REV
LONG,138.40,137.38,-1.02,2022-07-21T02:19:00+00:00,2022-07-21T23:17:00+00:00,REV
SHORT,137.38,136.98,0.40,2022-07-21T23:17:00+00:00,2022-07-27T02:37:00+00:00,REV
LONG,136.98,136.28,-0.70,2022-07-27T02:37:00+00:00,2022-07-28T02:15:00+00:00,REV
SHORT,136.28,133.57,2.70,2022-07-28T02:15:00+00:00,2022-08-03T02:28:00+00:00,REV
LONG,133.57,134.35,0.78,2022-08-03T02:28:00+00:00,2022-08-10T15:30:00+00:00,REV
SHORT,134.35,133.90,0.45,2022-08-10T15:30:00+00:00,2022-08-16T11:12:00+00:00,REV
LONG,133.90,142.70,8.80,2022-08-16T11:12:00+00:00,2022-09-09T07:12:00+00:00,REV
SHORT,142.70,144.13,-1.43,2022-09-09T07:12:00+00:00,2022-09-13T15:54:00+00:00,REV
LONG,144.13,142.79,-1.34,2022-09-13T15:54:00+00:00,2022-09-19T02:31:00+00:00,REV
SHORT,142.79,143.70,-0.91,2022-09-19T02:31:00+00:00,2022-09-20T11:16:00+00:00,REV
LONG,143.70,142.93,-0.77,2022-09-20T11:16:00+00:00,2022-09-22T11:20:00+00:00,REV
SHORT,142.93,144.79,-1.86,2022-09-22T11:20:00+00:00,2022-09-27T17:00:00+00:00,REV
LONG,144.79,144.15,-0.64,2022-09-27T17:00:00+00:00,2022-10-04T19:10:00+00:00,REV
SHORT,144.15,144.94,-0.79,2022-10-04T19:10:00+00:00,2022-10-06T18:59:00+00:00,REV
LONG,144.94,149.10,4.16,2022-10-06T18:59:00+00:00,2022-10-21T17:53:00+00:00,REV
SHORT,149.10,147.87,1.23,2022-10-21T17:53:00+00:00,2022-10-31T02:03:00+00:00,REV
LONG,147.87,147.47,-0.40,2022-10-31T02:03:00+00:00,2022-11-01T11:45:00+00:00,REV
SHORT,147.47,140.63,6.84,2022-11-01T11:45:00+00:00,2022-11-17T16:06:00+00:00,REV
LONG,140.63,140.16,-0.48,2022-11-17T16:06:00+00:00,2022-11-23T16:51:00+00:00,REV
SHORT,140.16,139.43,0.73,2022-11-23T16:51:00+00:00,2022-11-30T15:58:00+00:00,REV
LONG,139.43,137.65,-1.78,2022-11-30T15:58:00+00:00,2022-12-01T01:38:00+00:00,REV
SHORT,137.65,136.87,0.78,2022-12-01T01:38:00+00:00,2022-12-06T04:28:00+00:00,REV
LONG,136.87,136.22,-0.65,2022-12-06T04:28:00+00:00,2022-12-09T03:14:00+00:00,REV
SHORT,136.22,137.25,-1.04,2022-12-09T03:14:00+00:00,2022-12-12T15:20:00+00:00,REV
LONG,137.25,135.60,-1.65,2022-12-12T15:20:00+00:00,2022-12-13T15:30:00+00:00,REV
SHORT,135.60,137.98,-2.38,2022-12-13T15:30:00+00:00,2022-12-15T19:07:00+00:00,REV
LONG,137.98,135.75,-2.23,2022-12-15T19:07:00+00:00,2022-12-20T05:02:00+00:00,REV
SHORT,135.75,132.73,3.02,2022-12-20T05:02:00+00:00,2022-12-23T03:37:00+00:00,REV
LONG,132.73,132.88,0.15,2022-12-23T03:37:00+00:00,2022-12-30T00:07:00+00:00,REV
SHORT,132.88,131.41,1.47,2022-12-30T00:07:00+00:00,2023-01-04T01:25:00+00:00,REV
LONG,131.41,131.68,0.27,2023-01-04T01:25:00+00:00,2023-01-09T03:44:00+00:00,REV
SHORT,131.68,132.66,-0.98,2023-01-09T03:44:00+00:00,2023-01-11T10:23:00+00:00,REV
LONG,132.66,131.38,-1.28,2023-01-11T10:23:00+00:00,2023-01-12T06:58:00+00:00,REV
SHORT,131.38,129.16,2.22,2023-01-12T06:58:00+00:00,2023-01-18T04:40:00+00:00,REV
LONG,129.16,129.26,0.10,2023-01-18T04:40:00+00:00,2023-01-26T01:35:00+00:00,REV
SHORT,129.26,130.42,-1.15,2023-01-26T01:35:00+00:00,2023-02-03T16:22:00+00:00,REV
LONG,130.42,130.47,0.05,2023-02-03T16:22:00+00:00,2023-02-09T15:49:00+00:00,REV
SHORT,130.47,131.83,-1.36,2023-02-09T15:49:00+00:00,2023-02-10T03:34:00+00:00,REV
LONG,131.83,130.34,-1.50,2023-02-10T03:34:00+00:00,2023-02-10T10:00:00+00:00,REV
SHORT,130.34,131.89,-1.56,2023-02-10T10:00:00+00:00,2023-02-13T03:31:00+00:00,REV
LONG,131.89,134.39,2.50,2023-02-13T03:31:00+00:00,2023-02-24T02:50:00+00:00,REV
SHORT,134.39,135.67,-1.28,2023-02-24T02:50:00+00:00,2023-02-24T15:00:00+00:00,REV
LONG,135.67,135.78,0.11,2023-02-24T15:00:00+00:00,2023-03-01T11:02:00+00:00,REV
SHORT,135.78,136.93,-1.15,2023-03-01T11:02:00+00:00,2023-03-02T15:30:00+00:00,REV
LONG,136.93,135.79,-1.13,2023-03-02T15:30:00+00:00,2023-03-06T03:04:00+00:00,REV
SHORT,135.79,136.78,-0.98,2023-03-06T03:04:00+00:00,2023-03-07T17:09:00+00:00,REV
LONG,136.78,136.00,-0.78,2023-03-07T17:09:00+00:00,2023-03-10T02:24:00+00:00,REV
SHORT,136.00,134.98,1.02,2023-03-10T02:24:00+00:00,2023-03-15T09:48:00+00:00,REV
LONG,134.98,132.31,-2.66,2023-03-15T09:48:00+00:00,2023-03-16T15:00:00+00:00,REV
SHORT,132.31,132.66,-0.34,2023-03-16T15:00:00+00:00,2023-03-22T02:36:00+00:00,REV
LONG,132.66,131.00,-1.66,2023-03-22T02:36:00+00:00,2023-03-23T02:39:00+00:00,REV
SHORT,131.00,131.67,-0.67,2023-03-23T02:39:00+00:00,2023-03-27T15:42:00+00:00,REV
LONG,131.67,132.27,0.60,2023-03-27T15:42:00+00:00,2023-04-04T02:03:00+00:00,REV
SHORT,132.27,131.91,0.36,2023-04-04T02:03:00+00:00,2023-04-07T02:03:00+00:00,REV
LONG,131.91,132.73,0.82,2023-04-07T02:03:00+00:00,2023-04-13T15:49:00+00:00,REV
SHORT,132.73,133.82,-1.09,2023-04-13T15:49:00+00:00,2023-04-17T01:00:00+00:00,REV
LONG,133.82,133.95,0.13,2023-04-17T01:00:00+00:00,2023-04-21T04:48:00+00:00,REV
SHORT,133.95,134.19,-0.24,2023-04-21T04:48:00+00:00,2023-04-28T04:52:00+00:00,REV
LONG,134.19,136.16,1.97,2023-04-28T04:52:00+00:00,2023-05-03T04:41:00+00:00,REV
SHORT,136.16,135.08,1.08,2023-05-03T04:41:00+00:00,2023-05-08T02:04:00+00:00,REV
LONG,135.08,134.64,-0.44,2023-05-08T02:04:00+00:00,2023-05-10T15:32:00+00:00,REV
SHORT,134.64,135.64,-1.00,2023-05-10T15:32:00+00:00,2023-05-12T19:00:00+00:00,REV
LONG,135.64,139.57,3.93,2023-05-12T19:00:00+00:00,2023-05-31T08:25:00+00:00,REV
SHORT,139.57,140.08,-0.51,2023-05-31T08:25:00+00:00,2023-06-05T01:01:00+00:00,REV
LONG,140.08,139.09,-0.98,2023-06-05T01:01:00+00:00,2023-06-07T16:57:00+00:00,REV
SHORT,139.09,139.77,-0.68,2023-06-07T16:57:00+00:00,2023-06-13T15:30:00+00:00,REV
LONG,139.77,144.13,4.36,2023-06-13T15:30:00+00:00,2023-07-03T17:00:00+00:00,REV
SHORT,144.13,139.17,4.97,2023-07-03T17:00:00+00:00,2023-07-17T17:28:00+00:00,REV
LONG,139.17,140.84,1.68,2023-07-17T17:28:00+00:00,2023-07-26T09:23:00+00:00,REV
SHORT,140.84,141.27,-0.43,2023-07-26T09:23:00+00:00,2023-07-31T04:29:00+00:00,REV
LONG,141.27,142.20,0.93,2023-07-31T04:29:00+00:00,2023-08-03T18:14:00+00:00,REV
SHORT,142.20,142.91,-0.71,2023-08-03T18:14:00+00:00,2023-08-08T03:39:00+00:00,REV
LONG,142.91,145.31,2.39,2023-08-08T03:39:00+00:00,2023-08-18T09:10:00+00:00,REV
SHORT,145.31,145.97,-0.66,2023-08-18T09:10:00+00:00,2023-08-25T02:00:00+00:00,REV
LONG,145.97,145.72,-0.25,2023-08-25T02:00:00+00:00,2023-08-29T22:19:00+00:00,REV
SHORT,145.72,146.30,-0.58,2023-08-29T22:19:00+00:00,2023-09-04T10:02:00+00:00,REV
LONG,146.30,147.02,0.71,2023-09-04T10:02:00+00:00,2023-09-08T03:31:00+00:00,REV
SHORT,147.02,147.28,-0.26,2023-09-08T03:31:00+00:00,2023-09-13T03:51:00+00:00,REV
LONG,147.28,147.50,0.22,2023-09-13T03:51:00+00:00,2023-09-20T19:43:00+00:00,REV
SHORT,147.50,147.93,-0.43,2023-09-20T19:43:00+00:00,2023-09-20T21:00:00+00:00,REV
LONG,147.93,147.47,-0.46,2023-09-20T21:00:00+00:00,2023-09-21T17:31:00+00:00,REV
SHORT,147.47,148.47,-0.99,2023-09-21T17:31:00+00:00,2023-09-25T03:10:00+00:00,REV
LONG,148.47,148.86,0.39,2023-09-25T03:10:00+00:00,2023-09-29T09:43:00+00:00,REV
SHORT,148.86,149.62,-0.76,2023-09-29T09:43:00+00:00,2023-10-02T00:00:00+00:00,REV
LONG,149.62,148.53,-1.09,2023-10-02T00:00:00+00:00,2023-10-03T17:12:00+00:00,REV
SHORT,148.53,149.33,-0.80,2023-10-03T17:12:00+00:00,2023-10-06T15:30:00+00:00,REV
LONG,149.33,148.36,-0.97,2023-10-06T15:30:00+00:00,2023-10-10T02:40:00+00:00,REV
SHORT,148.36,149.25,-0.89,2023-10-10T02:40:00+00:00,2023-10-11T20:31:00+00:00,REV
LONG,149.25,149.34,0.09,2023-10-11T20:31:00+00:00,2023-10-17T13:13:00+00:00,REV
SHORT,149.34,149.84,-0.50,2023-10-17T13:13:00+00:00,2023-10-17T20:48:00+00:00,REV
LONG,149.84,149.64,-0.20,2023-10-17T20:48:00+00:00,2023-10-23T21:30:00+00:00,REV
SHORT,149.64,150.00,-0.36,2023-10-23T21:30:00+00:00,2023-10-25T20:04:00+00:00,REV
LONG,150.00,149.79,-0.21,2023-10-25T20:04:00+00:00,2023-10-27T15:52:00+00:00,REV
SHORT,149.79,149.86,-0.07,2023-10-27T15:52:00+00:00,2023-10-31T05:27:00+00:00,REV
LONG,149.86,149.84,-0.02,2023-10-31T05:27:00+00:00,2023-11-03T14:30:00+00:00,REV
SHORT,149.84,150.53,-0.68,2023-11-03T14:30:00+00:00,2023-11-07T14:42:00+00:00,REV
LONG,150.53,151.20,0.68,2023-11-07T14:42:00+00:00,2023-11-14T15:30:00+00:00,REV
SHORT,151.20,147.46,3.74,2023-11-14T15:30:00+00:00,2023-12-06T13:33:00+00:00,REV
LONG,147.46,146.56,-0.90,2023-12-06T13:33:00+00:00,2023-12-07T07:49:00+00:00,REV
SHORT,146.56,142.92,3.64,2023-12-07T07:49:00+00:00,2023-12-18T16:13:00+00:00,REV
LONG,142.92,142.24,-0.67,2023-12-18T16:13:00+00:00,2023-12-21T15:41:00+00:00,REV
SHORT,142.24,142.64,-0.40,2023-12-21T15:41:00+00:00,2023-12-27T02:08:00+00:00,REV
LONG,142.64,142.09,-0.55,2023-12-27T02:08:00+00:00,2023-12-27T18:08:00+00:00,REV
SHORT,142.09,141.92,0.17,2023-12-27T18:08:00+00:00,2024-01-02T14:15:00+00:00,REV
LONG,141.92,143.66,1.74,2024-01-02T14:15:00+00:00,2024-01-09T03:37:00+00:00,REV
SHORT,143.66,144.93,-1.27,2024-01-09T03:37:00+00:00,2024-01-10T05:11:00+00:00,REV
LONG,144.93,147.65,2.73,2024-01-10T05:11:00+00:00,2024-01-22T15:53:00+00:00,REV
SHORT,147.65,148.22,-0.56,2024-01-22T15:53:00+00:00,2024-01-29T02:01:00+00:00,REV
LONG,148.22,147.25,-0.97,2024-01-29T02:01:00+00:00,2024-01-30T02:25:00+00:00,REV
SHORT,147.25,147.91,-0.66,2024-01-30T02:25:00+00:00,2024-02-02T15:54:00+00:00,REV
LONG,147.91,147.81,-0.09,2024-02-02T15:54:00+00:00,2024-02-07T01:01:00+00:00,REV
SHORT,147.81,148.80,-0.98,2024-02-07T01:01:00+00:00,2024-02-08T09:41:00+00:00,REV
LONG,148.80,149.82,1.03,2024-02-08T09:41:00+00:00,2024-02-20T16:26:00+00:00,REV
SHORT,149.82,150.45,-0.62,2024-02-20T16:26:00+00:00,2024-02-22T03:05:00+00:00,REV
LONG,150.45,150.29,-0.16,2024-02-22T03:05:00+00:00,2024-02-27T10:20:00+00:00,REV
SHORT,150.29,150.85,-0.55,2024-02-27T10:20:00+00:00,2024-02-28T17:57:00+00:00,REV
LONG,150.85,150.07,-0.77,2024-02-28T17:57:00+00:00,2024-02-29T04:07:00+00:00,REV
SHORT,150.07,147.15,2.92,2024-02-29T04:07:00+00:00,2024-03-12T04:07:00+00:00,REV
LONG,147.15,151.05,3.90,2024-03-12T04:07:00+00:00,2024-03-27T12:36:00+00:00,REV
SHORT,151.05,151.55,-0.50,2024-03-27T12:36:00+00:00,2024-04-01T16:39:00+00:00,REV
LONG,151.55,151.44,-0.12,2024-04-01T16:39:00+00:00,2024-04-04T21:53:00+00:00,REV
SHORT,151.44,151.78,-0.34,2024-04-04T21:53:00+00:00,2024-04-08T03:54:00+00:00,REV
LONG,151.78,153.96,2.18,2024-04-08T03:54:00+00:00,2024-04-19T05:09:00+00:00,REV
SHORT,153.96,154.69,-0.73,2024-04-19T05:09:00+00:00,2024-04-22T01:00:00+00:00,REV
LONG,154.69,154.97,0.28,2024-04-22T01:00:00+00:00,2024-04-29T10:34:00+00:00,REV
SHORT,154.97,154.01,0.95,2024-04-29T10:34:00+00:00,2024-05-07T02:01:00+00:00,REV
LONG,154.01,155.50,1.49,2024-05-07T02:01:00+00:00,2024-05-15T15:06:00+00:00,REV
SHORT,155.50,155.99,-0.48,2024-05-15T15:06:00+00:00,2024-05-20T15:36:00+00:00,REV
LONG,155.99,156.66,0.67,2024-05-20T15:36:00+00:00,2024-05-28T06:24:00+00:00,REV
SHORT,156.66,157.16,-0.49,2024-05-28T06:24:00+00:00,2024-05-28T21:37:00+00:00,REV
LONG,157.16,156.58,-0.58,2024-05-28T21:37:00+00:00,2024-05-30T10:11:00+00:00,REV
SHORT,156.58,156.50,0.08,2024-05-30T10:11:00+00:00,2024-06-07T15:31:00+00:00,REV
LONG,156.50,156.56,0.07,2024-06-07T15:31:00+00:00,2024-06-12T15:30:00+00:00,REV
SHORT,156.56,157.38,-0.82,2024-06-12T15:30:00+00:00,2024-06-14T06:00:00+00:00,REV
LONG,157.38,160.77,3.39,2024-06-14T06:00:00+00:00,2024-07-05T06:19:00+00:00,REV
SHORT,160.77,161.41,-0.64,2024-07-05T06:19:00+00:00,2024-07-09T18:01:00+00:00,REV
LONG,161.41,160.73,-0.68,2024-07-09T18:01:00+00:00,2024-07-11T15:32:00+00:00,REV
SHORT,160.73,154.75,5.98,2024-07-11T15:32:00+00:00,2024-07-30T08:54:00+00:00,REV
LONG,154.75,153.01,-1.73,2024-07-30T08:54:00+00:00,2024-07-30T20:25:00+00:00,REV
SHORT,153.01,146.57,6.44,2024-07-30T20:25:00+00:00,2024-08-07T04:44:00+00:00,REV
LONG,146.57,146.47,-0.10,2024-08-07T04:44:00+00:00,2024-08-14T05:15:00+00:00,REV
SHORT,146.47,147.95,-1.49,2024-08-14T05:15:00+00:00,2024-08-15T15:30:00+00:00,REV
LONG,147.95,147.05,-0.90,2024-08-15T15:30:00+00:00,2024-08-19T06:10:00+00:00,REV
SHORT,147.05,145.19,1.87,2024-08-19T06:10:00+00:00,2024-08-29T15:30:00+00:00,REV
LONG,145.19,145.10,-0.09,2024-08-29T15:30:00+00:00,2024-09-04T02:24:00+00:00,REV
SHORT,145.10,141.88,3.21,2024-09-04T02:24:00+00:00,2024-09-17T17:52:00+00:00,REV
LONG,141.88,143.11,1.23,2024-09-17T17:52:00+00:00,2024-09-25T01:37:00+00:00,REV
SHORT,143.11,144.69,-1.58,2024-09-25T01:37:00+00:00,2024-09-25T20:09:00+00:00,REV
LONG,144.69,142.89,-1.80,2024-09-25T20:09:00+00:00,2024-09-27T10:08:00+00:00,REV
SHORT,142.89,144.54,-1.65,2024-09-27T10:08:00+00:00,2024-10-02T13:35:00+00:00,REV
LONG,144.54,149.24,4.70,2024-10-02T13:35:00+00:00,2024-10-21T04:20:00+00:00,REV
SHORT,149.24,150.33,-1.09,2024-10-21T04:20:00+00:00,2024-10-21T18:35:00+00:00,REV
LONG,150.33,152.75,2.42,2024-10-21T18:35:00+00:00,2024-10-31T08:04:00+00:00,REV
SHORT,152.75,152.56,0.19,2024-10-31T08:04:00+00:00,2024-11-06T02:41:00+00:00,REV
LONG,152.56,154.34,1.78,2024-11-06T02:41:00+00:00,2024-11-15T19:36:00+00:00,REV
SHORT,154.34,155.37,-1.03,2024-11-15T19:36:00+00:00,2024-11-20T08:27:00+00:00,REV
LONG,155.37,153.91,-1.46,2024-11-20T08:27:00+00:00,2024-11-25T02:15:00+00:00,REV
SHORT,153.91,150.76,3.15,2024-11-25T02:15:00+00:00,2024-12-04T11:24:00+00:00,REV
LONG,150.76,149.52,-1.24,2024-12-04T11:24:00+00:00,2024-12-06T16:26:00+00:00,REV
SHORT,149.52,150.78,-1.26,2024-12-06T16:26:00+00:00,2024-12-09T14:51:00+00:00,REV
LONG,150.78,157.07,6.28,2024-12-09T14:51:00+00:00,2024-12-30T16:50:00+00:00,REV
SHORT,157.07,157.86,-0.79,2024-12-30T16:50:00+00:00,2025-01-06T12:28:00+00:00,REV
LONG,157.86,156.44,-1.42,2025-01-06T12:28:00+00:00,2025-01-06T15:21:00+00:00,REV
SHORT,156.44,157.97,-1.53,2025-01-06T15:21:00+00:00,2025-01-07T02:17:00+00:00,REV
LONG,157.97,157.57,-0.39,2025-01-07T02:17:00+00:00,2025-01-10T17:17:00+00:00,REV
SHORT,157.57,156.54,1.04,2025-01-10T17:17:00+00:00,2025-01-20T01:22:00+00:00,REV
LONG,156.54,154.98,-1.56,2025-01-20T01:22:00+00:00,2025-01-21T02:20:00+00:00,REV
SHORT,154.98,156.59,-1.61,2025-01-21T02:20:00+00:00,2025-01-22T18:47:00+00:00,REV
LONG,156.59,155.35,-1.24,2025-01-22T18:47:00+00:00,2025-01-24T06:04:00+00:00,REV
SHORT,155.35,155.24,0.11,2025-01-24T06:04:00+00:00,2025-02-03T01:09:00+00:00,REV
LONG,155.24,154.00,-1.24,2025-02-03T01:09:00+00:00,2025-02-05T02:36:00+00:00,REV
SHORT,154.00,152.55,1.46,2025-02-05T02:36:00+00:00,2025-02-11T17:24:00+00:00,REV
LONG,152.55,152.35,-0.19,2025-02-11T17:24:00+00:00,2025-02-14T15:30:00+00:00,REV
SHORT,152.35,150.17,2.18,2025-02-14T15:30:00+00:00,2025-02-28T09:42:00+00:00,REV
LONG,150.17,149.10,-1.07,2025-02-28T09:42:00+00:00,2025-03-04T02:42:00+00:00,REV
SHORT,149.10,147.96,1.14,2025-03-04T02:42:00+00:00,2025-03-11T15:04:00+00:00,REV
LONG,147.96,148.60,0.65,2025-03-11T15:04:00+00:00,2025-03-20T00:38:00+00:00,REV
SHORT,148.60,149.67,-1.07,2025-03-20T00:38:00+00:00,2025-03-24T01:52:00+00:00,REV
LONG,149.67,149.84,0.17,2025-03-24T01:52:00+00:00,2025-03-28T21:52:00+00:00,REV
SHORT,149.84,150.27,-0.44,2025-03-28T21:52:00+00:00,2025-04-02T23:13:00+00:00,REV
LONG,150.27,148.97,-1.30,2025-04-02T23:13:00+00:00,2025-04-03T00:13:00+00:00,REV
SHORT,148.97,148.16,0.81,2025-04-03T00:13:00+00:00,2025-04-09T21:07:00+00:00,REV
LONG,148.16,143.99,-4.16,2025-04-09T21:07:00+00:00,2025-04-11T01:22:00+00:00,REV
SHORT,143.99,142.14,1.85,2025-04-11T01:22:00+00:00,2025-04-23T00:34:00+00:00,REV
LONG,142.14,142.28,0.14,2025-04-23T00:34:00+00:00,2025-04-28T19:58:00+00:00,REV
SHORT,142.28,143.20,-0.92,2025-04-28T19:58:00+00:00,2025-05-01T04:52:00+00:00,REV
LONG,143.20,143.54,0.34,2025-05-01T04:52:00+00:00,2025-05-06T10:25:00+00:00,REV
SHORT,143.54,144.28,-0.75,2025-05-06T10:25:00+00:00,2025-05-08T09:31:00+00:00,REV
LONG,144.28,145.70,1.41,2025-05-08T09:31:00+00:00,2025-05-14T12:44:00+00:00,REV
SHORT,145.70,144.09,1.61,2025-05-14T12:44:00+00:00,2025-05-27T13:30:00+00:00,REV
LONG,144.09,143.85,-0.24,2025-05-27T13:30:00+00:00,2025-05-30T02:30:00+00:00,REV
SHORT,143.85,144.12,-0.27,2025-05-30T02:30:00+00:00,2025-06-04T04:00:00+00:00,REV
LONG,144.12,144.32,0.20,2025-06-04T04:00:00+00:00,2025-06-12T01:51:00+00:00,REV
SHORT,144.32,144.55,-0.23,2025-06-12T01:51:00+00:00,2025-06-16T01:10:00+00:00,REV
LONG,144.55,145.12,0.57,2025-06-16T01:10:00+00:00,2025-06-24T09:22:00+00:00,REV
SHORT,145.12,144.25,0.87,2025-06-24T09:22:00+00:00,2025-07-03T15:30:00+00:00,REV
LONG,144.25,145.83,1.58,2025-07-03T15:30:00+00:00,2025-07-10T03:29:00+00:00,REV
SHORT,145.83,147.19,-1.36,2025-07-10T03:29:00+00:00,2025-07-11T07:30:00+00:00,REV
LONG,147.19,147.70,0.51,2025-07-11T07:30:00+00:00,2025-07-21T11:36:00+00:00,REV
SHORT,147.70,147.22,0.48,2025-07-21T11:36:00+00:00,2025-07-25T01:01:00+00:00,REV
LONG,147.22,147.80,0.58,2025-07-25T01:01:00+00:00,2025-08-01T17:00:00+00:00,REV
SHORT,147.80,147.89,-0.09,2025-08-01T17:00:00+00:00,2025-08-08T15:18:00+00:00,REV
LONG,147.89,147.35,-0.55,2025-08-08T15:18:00+00:00,2025-08-13T11:29:00+00:00,REV
SHORT,147.35,147.97,-0.62,2025-08-13T11:29:00+00:00,2025-08-18T17:48:00+00:00,REV
LONG,147.97,147.08,-0.89,2025-08-18T17:48:00+00:00,2025-08-20T17:46:00+00:00,REV
SHORT,147.08,148.12,-1.04,2025-08-20T17:46:00+00:00,2025-08-21T17:29:00+00:00,REV
LONG,148.12,146.87,-1.25,2025-08-21T17:29:00+00:00,2025-08-22T17:19:00+00:00,REV
SHORT,146.87,147.95,-1.08,2025-08-22T17:19:00+00:00,2025-08-27T07:20:00+00:00,REV
LONG,147.95,146.98,-0.96,2025-08-27T07:20:00+00:00,2025-08-28T13:32:00+00:00,REV
SHORT,146.98,147.42,-0.43,2025-08-28T13:32:00+00:00,2025-09-02T04:31:00+00:00,REV
LONG,147.42,147.79,0.37,2025-09-02T04:31:00+00:00,2025-09-05T15:30:00+00:00,REV
SHORT,147.79,147.66,0.13,2025-09-05T15:30:00+00:00,2025-09-11T09:01:00+00:00,REV
LONG,147.66,147.02,-0.64,2025-09-11T09:01:00+00:00,2025-09-16T06:41:00+00:00,REV
SHORT,147.02,147.55,-0.53,2025-09-16T06:41:00+00:00,2025-09-18T15:30:00+00:00,REV
LONG,147.55,148.56,1.01,2025-09-18T15:30:00+00:00,2025-09-29T10:49:00+00:00,REV
SHORT,148.56,149.50,-0.94,2025-09-29T10:49:00+00:00,2025-10-06T00:00:00+00:00,REV
LONG,149.50,151.74,2.24,2025-10-06T00:00:00+00:00,2025-10-10T18:21:00+00:00,REV
SHORT,151.74,151.21,0.53,2025-10-10T18:21:00+00:00,2025-10-21T07:31:00+00:00,REV
LONG,151.21,152.56,1.36,2025-10-21T07:31:00+00:00,2025-10-28T02:13:00+00:00,REV
SHORT,152.56,153.07,-0.50,2025-10-28T02:13:00+00:00,2025-10-30T05:32:00+00:00,REV
LONG,153.07,153.65,0.58,2025-10-30T05:32:00+00:00,2025-11-04T08:13:00+00:00,REV
SHORT,153.65,154.15,-0.50,2025-11-04T08:13:00+00:00,2025-11-10T09:22:00+00:00,REV
LONG,154.15,154.04,-0.10,2025-11-10T09:22:00+00:00,2025-11-14T14:40:00+00:00,REV
SHORT,154.04,155.02,-0.98,2025-11-14T14:40:00+00:00,2025-11-17T16:59:00+00:00,REV
LONG,155.02,156.20,1.18,2025-11-17T16:59:00+00:00,2025-11-25T11:39:00+00:00,REV
SHORT,156.20,155.55,0.65,2025-11-25T11:39:00+00:00,2025-12-08T13:02:00+00:00,REV
LONG,155.55,155.74,0.19,2025-12-08T13:02:00+00:00,2025-12-11T01:36:00+00:00,REV
SHORT,155.74,155.76,-0.01,2025-12-11T01:36:00+00:00,2025-12-18T03:45:00+00:00,REV
LONG,155.76,155.65,-0.11,2025-12-18T03:45:00+00:00,2025-12-24T03:44:00+00:00,REV
SHORT,155.65,156.29,-0.64,2025-12-24T03:44:00+00:00,2025-12-26T02:47:00+00:00,REV
LONG,156.29,155.75,-0.55,2025-12-26T02:47:00+00:00,2025-12-30T12:42:00+00:00,REV
SHORT,155.75,156.57,-0.83,2025-12-30T12:42:00+00:00,2025-12-31T06:20:00+00:00,REV
LONG,156.57,156.28,-0.29,2025-12-31T06:20:00+00:00,2026-01-05T19:22:00+00:00,REV
SHORT,156.28,156.82,-0.53,2026-01-05T19:22:00+00:00,2026-01-08T03:28:00+00:00,REV
LONG,156.82,158.10,1.29,2026-01-08T03:28:00+00:00,2026-01-16T04:40:00+00:00,REV
SHORT,158.10,158.61,-0.51,2026-01-16T04:40:00+00:00,2026-01-22T06:05:00+00:00,REV
LONG,158.61,154.61,-4.00,2026-01-22T06:05:00+00:00,2026-01-26T00:00:00+00:00,REV
SHORT,154.61,154.06,0.56,2026-01-26T00:00:00+00:00,2026-01-30T07:39:00+00:00,REV
LONG,154.06,156.51,2.45,2026-01-30T07:39:00+00:00,2026-02-09T03:30:00+00:00,REV
SHORT,156.51,153.67,2.84,2026-02-09T03:30:00+00:00,2026-02-17T01:09:00+00:00,REV
LONG,153.67,154.54,0.87,2026-02-17T01:09:00+00:00,2026-02-23T01:27:00+00:00,REV
SHORT,154.54,155.65,-1.11,2026-02-23T01:27:00+00:00,2026-02-24T09:12:00+00:00,REV
LONG,155.65,156.85,1.20,2026-02-24T09:12:00+00:00,2026-03-05T02:08:00+00:00,REV
SHORT,156.85,157.87,-1.02,2026-03-05T02:08:00+00:00,2026-03-06T07:49:00+00:00,REV
LONG,157.87,157.61,-0.26,2026-03-06T07:49:00+00:00,2026-03-10T02:42:00+00:00,REV
SHORT,157.61,158.91,-1.30,2026-03-10T02:42:00+00:00,2026-03-11T19:19:00+00:00,REV
LONG,158.91,159.01,0.10,2026-03-11T19:19:00+00:00,2026-03-16T14:31:00+00:00,REV
SHORT,159.01,159.76,-0.75,2026-03-16T14:31:00+00:00,2026-03-18T21:00:00+00:00,REV
LONG,159.76,158.57,-1.19,2026-03-18T21:00:00+00:00,2026-03-19T15:48:00+00:00,REV
SHORT,158.57,159.40,-0.83,2026-03-19T15:48:00+00:00,2026-03-23T00:03:00+00:00,REV
LONG,159.40,159.33,-0.07,2026-03-23T00:03:00+00:00,2026-03-31T16:08:00+00:00,REV
SHORT,159.33,159.75,-0.43,2026-03-31T16:08:00+00:00,2026-04-03T15:30:00+00:00,REV
LONG,159.75,159.30,-0.45,2026-04-03T15:30:00+00:00,2026-04-08T01:32:00+00:00,REV
SHORT,159.30,159.66,-0.36,2026-04-08T01:32:00+00:00,2026-04-13T00:00:00+00:00,REV
LONG,159.66,158.90,-0.76,2026-04-13T00:00:00+00:00,2026-04-14T12:17:00+00:00,REV
SHORT,158.90,159.31,-0.42,2026-04-14T12:17:00+00:00,2026-04-17T03:54:00+00:00,REV
LONG,159.31,158.26,-1.05,2026-04-17T03:54:00+00:00,2026-04-17T16:06:00+00:00,REV
SHORT,158.26,159.54,-1.28,2026-04-17T16:06:00+00:00,2026-04-21T20:05:00+00:00,REV
LONG,159.54,159.30,-0.24,2026-04-21T20:05:00+00:00,2026-04-27T04:50:00+00:00,REV
SHORT,159.30,159.80,-0.50,2026-04-27T04:50:00+00:00,2026-04-29T12:29:00+00:00,REV
LONG,159.80,158.96,-0.84,2026-04-29T12:29:00+00:00,2026-04-30T13:27:00+00:00,REV
SHORT,158.96,157.34,1.62,2026-04-30T13:27:00+00:00,2026-05-05T12:00:00+00:00,REV
LONG,157.34,155.70,-1.64,2026-05-05T12:00:00+00:00,2026-05-06T07:47:00+00:00,REV
SHORT,155.70,157.00,-1.30,2026-05-06T07:47:00+00:00,2026-05-11T03:50:00+00:00,REV
LONG,157.00,158.79,1.79,2026-05-11T03:50:00+00:00,2026-05-25T00:00:00+00:00,REV
SHORT,158.79,159.24,-0.46,2026-05-25T00:00:00+00:00,2026-05-26T11:10:00+00:00,REV
LONG,159.24,159.11,-0.13,2026-05-26T11:10:00+00:00,2026-05-29T18:08:00+00:00,REV
SHORT,159.11,159.66,-0.55,2026-05-29T18:08:00+00:00,2026-06-01T16:12:00+00:00,REV
LONG,159.66,160.05,0.39,2026-06-01T16:12:00+00:00,2026-06-11T20:42:00+00:00,REV
SHORT,160.05,160.41,-0.35,2026-06-11T20:42:00+00:00,2026-06-16T16:21:00+00:00,REV
LONG,160.41,161.88,1.48,2026-06-16T16:21:00+00:00,2026-07-02T09:49:00+00:00,REV
SHORT,161.88,162.44,-0.55,2026-07-02T09:49:00+00:00,2026-07-08T04:30:00+00:00,REV
LONG,162.44,161.95,-0.48,2026-07-08T04:30:00+00:00,2026-07-10T03:55:00+00:00,REV
SHORT,161.95,162.48,-0.53,2026-07-10T03:55:00+00:00,2026-07-16T18:02:00+00:00,REV
LONG,162.48,163.33,0.85,2026-07-16T18:02:00+00:00,2026-07-29T07:42:00+00:00,REV
SHORT,163.33,157.97,5.36,2026-07-29T07:42:00+00:00,2026-08-06T17:09:00+00:00,REV
LONG,157.97,157.31,-0.66,2026-08-06T17:09:00+00:00,2026-08-07T15:34:00+00:00,REV
SHORT,157.31,158.58,-1.28,2026-08-07T15:34:00+00:00,2026-08-10T11:33:00+00:00,REV
LONG,158.58,158.85,0.26,2026-08-10T11:33:00+00:00,2026-08-19T15:33:00+00:00,REV
SHORT,158.85,159.19,-0.35,2026-08-19T15:33:00+00:00,2026-08-24T10:43:00+00:00,REV
LONG,159.19,159.47,0.28,2026-08-24T10:43:00+00:00,2026-09-02T09:10:00+00:00,REV
SHORT,159.47,154.43,5.04,2026-09-02T09:10:00+00:00,2026-09-10T15:30:00+00:00,REV
LONG,154.43,158.26,3.83,2026-09-10T15:30:00+00:00,2026-09-24T02:59:00+00:00,END
