date,ref,rhat,actual_high,actual_low,基準（現在）|high,基準（現在）|h_lo,基準（現在）|h_hi,基準（現在）|low,基準（現在）|l_lo,基準（現在）|l_hi,1. 偏差修正 10 日|high,1. 偏差修正 10 日|h_lo,1. 偏差修正 10 日|h_hi,1. 偏差修正 10 日|low,1. 偏差修正 10 日|l_lo,1. 偏差修正 10 日|l_hi,1. 偏差修正 20 日|high,1. 偏差修正 20 日|h_lo,1. 偏差修正 20 日|h_hi,1. 偏差修正 20 日|low,1. 偏差修正 20 日|l_lo,1. 偏差修正 20 日|l_hi,1. 偏差修正 40 日|high,1. 偏差修正 40 日|h_lo,1. 偏差修正 40 日|h_hi,1. 偏差修正 40 日|low,1. 偏差修正 40 日|l_lo,1. 偏差修正 40 日|l_hi,2. 比例視窗 120 日|high,2. 比例視窗 120 日|h_lo,2. 比例視窗 120 日|h_hi,2. 比例視窗 120 日|low,2. 比例視窗 120 日|l_lo,2. 比例視窗 120 日|l_hi,2. 比例視窗 250 日|high,2. 比例視窗 250 日|h_lo,2. 比例視窗 250 日|h_hi,2. 比例視窗 250 日|low,2. 比例視窗 250 日|l_lo,2. 比例視窗 250 日|l_hi,2. 比例視窗 500 日|high,2. 比例視窗 500 日|h_lo,2. 比例視窗 500 日|h_hi,2. 比例視窗 500 日|low,2. 比例視窗 500 日|l_lo,2. 比例視窗 500 日|l_hi,3. 連偏 5 日放寬 0.25R̂|high,3. 連偏 5 日放寬 0.25R̂|h_lo,3. 連偏 5 日放寬 0.25R̂|h_hi,3. 連偏 5 日放寬 0.25R̂|low,3. 連偏 5 日放寬 0.25R̂|l_lo,3. 連偏 5 日放寬 0.25R̂|l_hi,3. 連偏 5 日放寬 0.5R̂|high,3. 連偏 5 日放寬 0.5R̂|h_lo,3. 連偏 5 日放寬 0.5R̂|h_hi,3. 連偏 5 日放寬 0.5R̂|low,3. 連偏 5 日放寬 0.5R̂|l_lo,3. 連偏 5 日放寬 0.5R̂|l_hi,4. 三個一起（20 日＋250 日＋5 日 0.25R̂）|high,4. 三個一起（20 日＋250 日＋5 日 0.25R̂）|h_lo,4. 三個一起（20 日＋250 日＋5 日 0.25R̂）|h_hi,4. 三個一起（20 日＋250 日＋5 日 0.25R̂）|low,4. 三個一起（20 日＋250 日＋5 日 0.25R̂）|l_lo,4. 三個一起（20 日＋250 日＋5 日 0.25R̂）|l_hi
2023-05-02,20045.0,447.8,20314.0,19612.0,20228,20003,20739,19880,19551,20120,20228,20003,20739,19880,19551,20120,20228,20003,20739,19880,19551,20120,20228,20003,20739,19880,19551,20120,20228,20003,20739,19880,19551,20120,20228,20003,20739,19880,19551,20120,20228,20003,20739,19880,19551,20120,20228,20003,20739,19880,19551,20120,20228,20003,20739,19880,19551,20120,20228,20003,20739,19880,19551,20120
2023-05-03,19677.0,515.5,19736.0,19520.0,19895,19630,20475,19485,19109,19763,19895,19630,20475,19485,19109,19763,19895,19630,20475,19485,19109,19763,19895,19630,20475,19485,19109,19763,19887,19629,20476,19484,19109,19764,19895,19630,20475,19485,19109,19763,19895,19630,20475,19485,19109,19763,19895,19630,20475,19485,19109,19763,19895,19630,20475,19485,19109,19763,19895,19630,20475,19485,19109,19763
2023-05-04,19708.0,410.4,20019.0,19628.0,19875,19671,20343,19557,19256,19777,19875,19671,20343,19557,19256,19777,19875,19671,20343,19557,19256,19777,19875,19671,20343,19557,19256,19777,19869,19670,20344,19555,19255,19777,19875,19671,20343,19557,19256,19777,19875,19671,20343,19557,19256,19777,19875,19671,20343,19557,19256,19777,19875,19671,20343,19557,19256,19777,19875,19671,20343,19557,19256,19777
2023-05-05,19948.0,444.5,20223.0,19955.0,20136,19908,20636,19786,19458,20022,20136,19908,20636,19786,19458,20022,20136,19908,20636,19786,19458,20022,20136,19908,20636,19786,19458,20022,20129,19928,20637,19784,19458,20023,20136,19908,20636,19786,19458,20022,20136,19908,20636,19786,19458,20022,20136,19908,20636,19786,19458,20022,20136,19908,20636,19786,19458,20022,20136,19908,20636,19786,19458,20022
2023-05-08,20190.0,413.8,20347.0,20078.0,20365,20154,20830,20041,19734,20259,20365,20154,20830,20041,19734,20259,20365,20154,20830,20041,19734,20259,20365,20154,20830,20041,19734,20259,20359,20171,20809,20038,19734,20259,20365,20154,20830,20041,19734,20259,20365,20154,20830,20041,19734,20259,20365,20154,20830,20041,19734,20259,20365,20154,20830,20041,19734,20259,20365,20154,20830,20041,19734,20259
2023-05-09,20278.0,404.0,20321.0,19769.0,20449,20243,20903,20133,19833,20345,20449,20243,20903,20133,19833,20345,20449,20243,20903,20133,19833,20345,20449,20243,20903,20133,19833,20345,20436,20260,20882,20132,19833,20346,20449,20243,20903,20133,19833,20345,20449,20243,20903,20133,19833,20345,20449,20243,20903,20133,19833,20345,20449,20243,20903,20133,19833,20345,20449,20243,20903,20133,19833,20345
2023-05-10,19911.0,433.4,19937.0,19689.0,20088,19874,20581,19754,19398,19983,20088,19874,20581,19754,19398,19983,20088,19874,20581,19754,19398,19983,20088,19874,20581,19754,19398,19983,20081,19891,20559,19751,19390,19984,20088,19874,20581,19754,19398,19983,20088,19874,20581,19754,19398,19983,20088,19874,20581,19754,19398,19983,20088,19874,20581,19754,19398,19983,20088,19874,20581,19754,19398,19983
2023-05-11,19784.0,387.2,19912.0,19566.0,19936,19751,20383,19643,19327,19848,19936,19751,20383,19643,19327,19848,19936,19751,20383,19643,19327,19848,19936,19751,20383,19643,19327,19848,19936,19766,20363,19641,19318,19849,19936,19751,20383,19643,19327,19848,19936,19751,20383,19643,19327,19848,19936,19751,20383,19643,19327,19848,19936,19751,20383,19643,19327,19848,19936,19751,20383,19643,19327,19848
2023-05-12,19886.0,398.4,19905.0,19439.0,20042,19853,20502,19739,19417,19952,20042,19853,20502,19739,19417,19952,20042,19853,20502,19739,19417,19952,20042,19853,20502,19739,19417,19952,20041,19868,20482,19737,19407,19953,20042,19853,20502,19739,19417,19952,20042,19853,20502,19739,19417,19952,20042,19853,20502,19739,19417,19952,20042,19853,20502,19739,19417,19952,20042,19853,20502,19739,19417,19952
2023-05-15,19460.0,419.8,20237.0,19461.0,19624,19426,20109,19304,18963,19529,19624,19426,20109,19304,18963,19529,19624,19426,20109,19304,18963,19529,19624,19426,20109,19304,18963,19529,19623,19441,20088,19301,18953,19530,19624,19426,20109,19304,18963,19529,19624,19426,20109,19304,18963,19529,19624,19321,20109,19304,18963,19529,19624,19216,20109,19304,18963,19529,19624,19321,20109,19304,18963,19529
2023-05-16,20228.0,515.7,20231.0,19856.0,20430,20187,21032,20038,19619,20313,20461,20218,21064,19978,19559,20252,20430,20187,21032,20038,19619,20313,20430,20187,21032,20038,19619,20313,20428,20205,21033,20032,19605,20315,20430,20187,21032,20038,19619,20313,20430,20187,21032,20038,19619,20313,20430,20187,21032,20038,19619,20313,20430,20187,21032,20038,19619,20313,20430,20187,21032,20038,19619,20313
2023-05-17,19930.0,445.3,19998.0,19495.0,20104,19895,20624,19764,19406,20003,20106,19898,20627,19712,19354,19951,20104,19895,20624,19764,19406,20003,20104,19895,20624,19764,19406,20003,20101,19910,20625,19759,19392,20005,20104,19895,20624,19764,19406,20003,20104,19895,20624,19764,19406,20003,20104,19895,20624,19764,19406,20003,20104,19895,20624,19764,19406,20003,20104,19895,20624,19764,19406,20003
2023-05-18,19719.0,477.3,19894.0,19450.0,19905,19682,20463,19541,19158,19797,19913,19690,20471,19458,19076,19715,19905,19682,20463,19541,19158,19797,19905,19682,20463,19541,19158,19797,19902,19697,20464,19534,19143,19799,19905,19682,20463,19541,19158,19797,19905,19682,20463,19541,19158,19797,19905,19682,20463,19541,19158,19797,19905,19682,20463,19541,19158,19797,19905,19682,20463,19541,19158,19797
2023-05-19,19509.0,468.2,19608.0,19344.0,19691,19473,20239,19333,18960,19585,19684,19466,20232,19235,18862,19487,19691,19473,20239,19333,18960,19585,19691,19473,20239,19333,18960,19585,19687,19488,20240,19328,18944,19588,19691,19473,20239,19333,18960,19585,19691,19473,20239,19333,18960,19585,19691,19473,20239,19333,18960,19585,19691,19473,20239,19333,18960,19585,19691,19473,20239,19333,18960,19585
2023-05-22,19432.0,424.5,19848.0,19417.0,19597,19400,20094,19273,18936,19501,19573,19376,20069,19159,18821,19387,19597,19400,20094,19273,18936,19501,19597,19400,20094,19273,18936,19501,19593,19413,20095,19269,18919,19503,19597,19400,20094,19273,18936,19501,19597,19400,20094,19273,18936,19501,19597,19400,20094,19273,18936,19501,19597,19400,20094,19273,18936,19501,19597,19400,20094,19273,18936,19501
2023-05-23,19775.0,441.5,19775.0,19258.0,19947,19743,20463,19611,19260,19847,19949,19745,20466,19507,19156,19743,19947,19743,20463,19611,19260,19847,19947,19743,20463,19611,19260,19847,19944,19763,20465,19608,19242,19849,19947,19743,20463,19611,19260,19847,19947,19743,20463,19611,19260,19847,19947,19743,20463,19611,19260,19847,19947,19743,20463,19611,19260,19847,19947,19743,20463,19611,19260,19847
2023-05-24,19268.0,454.1,19285.0,18831.0,19444,19235,19976,19098,18724,19342,19443,19233,19974,18996,18622,19239,19444,19235,19976,19098,18724,19342,19444,19235,19976,19098,18724,19342,19442,19255,19977,19096,18711,19344,19444,19235,19976,19098,18724,19342,19444,19235,19976,19098,18724,19342,19444,19235,19976,19098,18724,19342,19444,19235,19976,19098,18724,19342,19444,19235,19976,19098,18724,19342
2023-05-25,18861.0,437.3,18957.0,18513.0,19031,18830,19542,18697,18338,18932,19028,18827,19540,18574,18215,18809,19031,18830,19542,18697,18338,18932,19031,18830,19542,18697,18338,18932,19029,18849,19544,18693,18325,18934,19031,18830,19542,18697,18338,18932,19031,18830,19542,18697,18338,18932,19031,18830,19542,18697,18338,18932,19031,18830,19542,18697,18338,18932,19031,18830,19542,18697,18338,18932
2023-05-29,18530.0,431.9,18869.0,18494.0,18696,18500,19203,18366,18014,18600,18688,18492,19195,18233,17881,18466,18696,18500,19203,18366,18014,18600,18696,18500,19203,18366,18014,18600,18696,18518,19205,18363,18000,18603,18696,18500,19203,18366,18014,18600,18696,18500,19203,18366,18014,18600,18696,18500,19203,18366,18014,18600,18696,18500,19203,18366,18014,18600,18696,18500,19203,18366,18014,18600
2023-05-30,18518.0,427.6,18666.0,18259.0,18684,18489,19184,18357,18008,18587,18707,18512,19207,18267,17917,18496,18684,18489,19184,18357,18008,18587,18684,18489,19184,18357,18008,18587,18684,18506,19186,18354,17994,18590,18684,18489,19184,18357,18008,18587,18684,18489,19184,18357,18008,18587,18684,18489,19184,18357,18008,18587,18684,18489,19184,18357,18008,18587,18684,18489,19184,18357,18008,18587
2023-05-31,18321.0,426.6,18402.0,18019.0,18485,18293,18985,18159,17813,18389,18445,18253,18946,18043,17697,18273,18480,18288,18981,18071,17725,18301,18485,18293,18985,18159,17813,18389,18485,18309,18987,18157,17829,18393,18485,18293,18985,18159,17813,18389,18485,18293,18985,18159,17813,18389,18485,18293,18985,18159,17813,18389,18485,18293,18985,18159,17813,18389,18480,18288,18981,18071,17725,18301
2023-06-01,18243.0,417.2,18612.0,18148.0,18401,18216,18893,18083,17747,18310,18373,18188,18864,17971,17635,18198,18389,18203,18880,18001,17665,18228,18401,18216,18893,18083,17747,18310,18401,18231,18870,18082,17762,18313,18401,18216,18893,18083,17747,18310,18401,18216,18893,18083,17747,18310,18401,18216,18893,18083,17747,18310,18401,18216,18893,18083,17747,18310,18389,18203,18880,18001,17665,18228
2023-06-02,18546.0,439.8,19236.0,18517.0,18715,18518,19231,18379,18024,18616,18718,18521,19234,18301,17945,18538,18721,18524,19236,18299,17944,18536,18715,18518,19231,18379,18024,18616,18713,18534,19207,18376,18039,18620,18715,18518,19231,18379,18024,18616,18715,18518,19231,18379,18024,18616,18715,18518,19231,18379,18024,18616,18715,18518,19231,18379,18024,18616,18721,18524,19236,18299,17944,18536
2023-06-05,19184.0,501.9,19169.0,18906.0,19379,19153,19970,18996,18589,19264,19435,19209,20027,18940,18533,19208,19403,19177,19995,18918,18512,19187,19379,19153,19970,18996,18589,19264,19377,19170,19971,18992,18606,19268,19379,19153,19970,18996,18589,19264,19379,19153,19970,18996,18589,19264,19379,19153,19970,18996,18589,19264,19379,19153,19970,18996,18589,19264,19403,19177,19995,18918,18512,19187
2023-06-06,19164.0,434.7,19473.0,19046.0,19331,19137,19845,18999,18650,19233,19375,19182,19889,18933,18584,19167,19341,19147,19855,18909,18560,19143,19331,19137,19845,18999,18650,19233,19329,19150,19846,18997,18663,19237,19331,19137,19845,18999,18650,19233,19331,19137,19845,18999,18650,19233,19331,19137,19845,18999,18650,19233,19331,19137,19845,18999,18650,19233,19341,19147,19855,18909,18560,19143
2023-06-07,19435.0,466.7,19449.0,19208.0,19616,19407,20166,19260,18884,19509,19649,19440,20199,19184,18808,19433,19634,19425,20184,19170,18794,19419,19616,19407,20166,19260,18884,19509,19612,19420,20167,19256,18897,19513,19616,19407,20166,19260,18884,19509,19616,19407,20166,19260,18884,19509,19616,19407,20166,19260,18884,19509,19616,19407,20166,19260,18884,19509,19634,19425,20184,19170,18794,19419
2023-06-08,19234.0,421.5,19461.0,19100.0,19396,19209,19894,19074,18737,19301,19429,19243,19928,19029,18691,19255,19412,19225,19910,19000,18663,19227,19396,19209,19894,19074,18737,19301,19394,19220,19895,19068,18748,19305,19396,19209,19894,19074,18737,19301,19396,19209,19894,19074,18737,19301,19396,19209,19894,19074,18737,19301,19396,19209,19894,19074,18737,19301,19412,19225,19910,19000,18663,19227
2023-06-09,19425.0,440.0,19487.0,19229.0,19596,19400,20114,19260,18907,19494,19652,19456,20170,19244,18891,19478,19622,19427,20141,19190,18837,19425,19596,19400,20114,19260,18907,19494,19592,19410,20115,19256,18918,19499,19596,19400,20114,19260,18907,19494,19596,19400,20114,19260,18907,19494,19596,19400,20114,19260,18907,19494,19596,19400,20114,19260,18907,19494,19622,19427,20141,19190,18837,19425
2023-06-12,19370.0,385.7,19482.0,19254.0,19518,19348,19974,19224,18916,19431,19571,19401,20027,19223,18916,19430,19541,19371,19997,19157,18849,19364,19518,19348,19974,19224,18916,19431,19516,19357,19975,19219,18926,19435,19518,19348,19974,19224,18916,19431,19518,19348,19974,19224,18916,19431,19518,19348,19974,19224,18916,19431,19518,19348,19974,19224,18916,19431,19541,19371,19997,19157,18849,19364
2023-06-13,19387.0,373.4,19675.0,19268.0,19529,19367,19972,19247,18948,19446,19561,19398,20004,19236,18938,19435,19556,19394,19999,19196,18898,19395,19529,19367,19972,19247,18948,19446,19526,19375,19972,19240,18957,19450,19529,19367,19972,19247,18948,19446,19529,19367,19972,19247,18948,19446,19529,19367,19972,19247,18948,19446,19529,19367,19972,19247,18948,19446,19556,19394,19999,19196,18898,19395
2023-06-14,19558.0,404.7,19739.0,19366.0,19713,19537,20192,19407,19083,19621,19761,19585,20240,19408,19085,19623,19718,19541,20196,19349,19026,19564,19713,19537,20192,19407,19083,19621,19711,19545,20192,19403,19092,19626,19713,19537,20192,19407,19083,19621,19713,19537,20192,19407,19083,19621,19713,19537,20192,19407,19083,19621,19713,19537,20192,19407,19083,19621,19718,19541,20196,19349,19026,19564
2023-06-15,19694.0,410.5,19983.0,19516.0,19853,19673,20337,19540,19213,19758,19912,19732,20396,19551,19225,19770,19869,19688,20352,19490,19163,19708,19853,19673,20337,19540,19213,19758,19849,19680,20338,19533,19221,19763,19853,19673,20337,19540,19213,19758,19853,19673,20337,19540,19213,19758,19853,19673,20337,19540,19213,19758,19853,19673,20337,19540,19213,19758,19869,19688,20352,19490,19163,19708
2023-06-16,19962.0,429.5,20215.0,19884.0,20129,19940,20635,19799,19459,20029,20180,19991,20685,19802,19462,20031,20156,19967,20662,19761,19421,19991,20129,19940,20635,19799,19459,20029,20124,19948,20635,19789,19467,20034,20129,19940,20635,19799,19459,20029,20129,19940,20635,19799,19459,20029,20129,19940,20635,19799,19459,20029,20129,19940,20635,19799,19459,20029,20156,19967,20662,19761,19421,19991
2023-06-19,19996.0,414.4,20046.0,19738.0,20157,19975,20645,19840,19512,20060,20165,19982,20652,19838,19509,20057,20189,20007,20677,19811,19482,20031,20157,19975,20645,19840,19512,20060,20153,19982,20646,19833,19519,20066,20157,19975,20645,19840,19512,20060,20157,19975,20645,19840,19512,20060,20157,19975,20645,19840,19512,20060,20157,19975,20645,19840,19512,20060,20189,20007,20677,19811,19482,20031
2023-06-20,19932.0,409.2,19917.0,19310.0,20091,19911,20572,19777,19454,19995,20108,19928,20590,19773,19450,19991,20122,19942,20603,19742,19419,19960,20091,19911,20572,19777,19454,19995,20087,19918,20574,19767,19460,20001,20091,19911,20572,19777,19454,19995,20091,19911,20572,19777,19454,19995,20091,19911,20572,19777,19454,19995,20091,19911,20572,19777,19454,19995,20122,19942,20603,19742,19419,19960
2023-06-21,19359.0,446.9,19415.0,19157.0,19532,19336,20058,19188,18799,19428,19518,19322,20044,19132,18744,19372,19542,19346,20068,19122,18734,19362,19532,19336,20058,19188,18799,19428,19525,19343,20060,19178,18811,19434,19532,19336,20058,19188,18799,19428,19532,19336,20058,19188,18799,19428,19532,19336,20058,19188,18799,19428,19532,19336,20058,19188,18799,19428,19542,19346,20068,19122,18734,19362
2023-06-23,19241.0,397.7,19209.0,18668.0,19394,19221,19863,19088,18743,19302,19384,19212,19854,19035,18690,19249,19406,19233,19875,19039,18694,19253,19394,19221,19863,19088,18743,19302,19389,19227,19865,19080,18753,19308,19394,19221,19863,19088,18743,19302,19394,19221,19863,19088,18743,19302,19394,19221,19863,19088,18743,19302,19394,19221,19863,19088,18743,19302,19406,19233,19875,19039,18694,19253
2023-06-26,18755.0,426.4,19016.0,18718.0,18917,18722,19422,18591,18150,18820,18882,18688,19388,18493,18052,18722,18928,18733,19433,18534,18093,18763,18917,18722,19422,18591,18150,18820,18907,18735,19424,18577,18170,18827,18917,18722,19422,18591,18150,18820,18917,18722,19422,18591,18150,18820,18917,18722,19422,18591,18150,18820,18917,18722,19422,18591,18150,18820,18928,18733,19433,18534,18093,18763
2023-06-27,18881.0,401.8,19224.0,18814.0,19035,18850,19510,18727,18312,18942,19022,18837,19496,18645,18230,18860,19055,18870,19529,18685,18271,18901,19035,18850,19510,18727,18312,18942,19024,18863,19511,18714,18330,18948,19035,18850,19510,18727,18312,18942,19035,18850,19510,18727,18312,18942,19035,18850,19510,18727,18312,18942,19035,18850,19510,18727,18312,18942,19055,18870,19529,18685,18271,18901
2023-06-28,19190.0,427.0,19239.0,19020.0,19356,19158,19858,19026,18587,19255,19364,19166,19867,18950,18511,19178,19376,19178,19878,18983,18544,19211,19356,19158,19858,19026,18587,19255,19342,19170,19860,19012,18604,19262,19356,19158,19858,19026,18587,19255,19356,19158,19858,19026,18587,19255,19356,19158,19858,19026,18587,19255,19356,19158,19858,19026,18587,19255,19376,19178,19878,18983,18544,19211
2023-06-29,19112.0,373.2,19217.0,18808.0,19255,19084,19696,18969,18586,19168,19238,19066,19678,18890,18507,19089,19271,19099,19711,18930,18548,19129,19261,19089,19701,18905,18523,19105,19240,19095,19697,18957,18600,19166,19255,19084,19696,18969,18586,19168,19255,19084,19696,18969,18586,19168,19255,19084,19696,18969,18586,19168,19255,19084,19696,18969,18586,19168,19271,19099,19711,18930,18548,19129
2023-06-30,18874.0,400.3,19107.0,18833.0,19026,18844,19500,18720,18312,18934,19002,18820,19476,18629,18221,18843,19044,18862,19517,18680,18272,18894,19028,18847,19502,18659,18251,18873,19008,18856,19502,18702,18325,18932,19026,18844,19500,18720,18312,18934,19026,18844,19500,18720,18312,18934,19026,18844,19500,18720,18312,18934,19026,18844,19500,18720,18312,18934,19044,18862,19517,18680,18272,18894
2023-07-03,19034.0,369.9,19411.0,19020.0,19176,19007,19612,18892,18516,19089,19147,18978,19584,18815,18438,19012,19187,19018,19623,18855,18478,19052,19184,19015,19621,18833,18457,19030,19161,19017,19614,18880,18527,19088,19176,19007,19612,18892,18516,19089,19176,19007,19612,18892,18516,19089,19176,19007,19612,18892,18516,19089,19176,19007,19612,18892,18516,19089,19187,19018,19623,18855,18478,19052
2023-07-04,19279.0,392.0,19485.0,19263.0,19431,19250,19892,19129,18731,19338,19417,19236,19878,19055,18658,19264,19428,19247,19889,19091,18693,19299,19442,19261,19902,19071,18674,19280,19414,19261,19894,19120,18741,19336,19431,19250,19892,19129,18731,19338,19431,19250,19892,19129,18731,19338,19431,19250,19892,19129,18731,19338,19431,19250,19892,19129,18731,19338,19428,19247,19889,19091,18693,19299
2023-07-05,19367.0,355.4,19402.0,19016.0,19505,19341,19923,19232,18872,19420,19508,19344,19925,19183,18822,19370,19515,19351,19932,19205,18845,19393,19515,19351,19932,19174,18813,19361,19489,19351,19882,19223,18879,19419,19505,19341,19923,19232,18872,19420,19505,19341,19923,19232,18872,19420,19505,19341,19923,19232,18872,19420,19505,19341,19923,19232,18872,19420,19515,19351,19932,19205,18845,19393
2023-07-06,19041.0,369.3,18964.0,18300.0,19184,19014,19618,18900,18528,19096,19194,19024,19628,18875,18503,19071,19182,19012,19616,18859,18488,19056,19192,19022,19626,18835,18463,19031,19168,19024,19577,18887,18534,19095,19184,19014,19618,18900,18528,19096,19184,19014,19618,18900,18528,19096,19184,19014,19618,18900,18528,19096,19184,19014,19618,18900,18528,19096,19182,19012,19616,18859,18488,19056
2023-07-07,18366.0,401.8,18748.0,18240.0,18520,18323,18994,18212,17765,18425,18520,18322,18993,18130,17683,18344,18515,18318,18989,18144,17697,18358,18526,18328,18999,18141,17694,18355,18504,18338,18949,18199,17767,18424,18520,18323,18994,18212,17765,18425,18520,18323,18994,18212,17765,18425,18520,18323,18994,18212,17765,18425,18520,18323,18994,18212,17765,18425,18515,18318,18989,18144,17697,18358
2023-07-10,18701.0,421.5,18777.0,18391.0,18865,18656,19360,18539,18071,18763,18905,18697,19400,18503,18034,18726,18868,18659,19363,18472,18004,18696,18879,18671,19375,18471,18003,18695,18851,18672,19312,18526,18073,18762,18865,18656,19360,18539,18071,18763,18865,18656,19360,18539,18071,18763,18865,18656,19360,18539,18071,18763,18865,18656,19360,18539,18071,18763,18868,18659,19363,18472,18004,18696
2023-07-11,18599.0,411.5,18807.0,18538.0,18757,18555,19242,18441,17985,18659,18779,18578,19264,18377,17920,18595,18761,18560,19246,18368,17911,18586,18770,18569,19255,18371,17914,18589,18746,18570,19196,18422,17986,18659,18757,18555,19242,18441,17985,18659,18757,18555,19242,18441,17985,18659,18757,18555,19242,18441,17985,18659,18757,18555,19242,18441,17985,18659,18761,18560,19246,18368,17911,18586
2023-07-12,18715.0,400.0,19199.0,18714.0,18870,18673,19340,18562,18118,18773,18878,18681,19348,18499,18055,18710,18879,18682,19348,18492,18048,18704,18888,18691,19358,18502,18058,18713,18864,18687,19295,18543,18119,18773,18870,18673,19340,18562,18118,18773,18870,18673,19340,18562,18118,18773,18870,18673,19340,18562,18118,18773,18870,18673,19340,18562,18118,18773,18879,18682,19348,18492,18048,18704
2023-07-13,19172.0,444.9,19556.0,19129.0,19345,19126,19867,19003,18509,19237,19398,19178,19920,18956,18462,19189,19363,19143,19885,18940,18446,19173,19356,19137,19878,18943,18449,19176,19340,19141,19817,18987,18509,19237,19345,19126,19867,19003,18509,19237,19345,19126,19867,19003,18509,19237,19345,19126,19867,19003,18509,19237,19345,19126,19867,19003,18509,19237,19363,19143,19885,18940,18446,19173
2023-07-14,19542.0,437.7,19531.0,19246.0,19712,19497,20225,19378,18891,19605,19790,19574,20303,19359,18872,19587,19739,19524,20252,19323,18836,19550,19734,19518,20247,19325,18838,19553,19708,19512,20177,19360,18890,19606,19712,19497,20225,19378,18891,19605,19712,19497,20225,19378,18891,19605,19712,19497,20225,19378,18891,19605,19712,19497,20225,19378,18891,19605,19739,19524,20252,19323,18836,19550
2023-07-17,19283.0,398.0,19348.0,19133.0,19438,19242,19904,19132,18691,19340,19489,19294,19956,19089,18648,19297,19449,19253,19916,19072,18631,19280,19457,19261,19924,19083,18642,19291,19434,19255,19860,19117,18690,19341,19438,19242,19904,19132,18691,19340,19438,19242,19904,19132,18691,19340,19438,19242,19904,19132,18691,19340,19438,19242,19904,19132,18691,19340,19449,19253,19916,19072,18631,19280
2023-07-18,19264.0,371.4,19360.0,18787.0,19408,19226,19844,19124,18712,19317,19427,19245,19863,19068,18657,19262,19411,19229,19846,19059,18648,19253,19425,19243,19861,19077,18666,19270,19404,19238,19803,19109,18711,19318,19408,19226,19844,19124,18712,19317,19408,19226,19844,19124,18712,19317,19408,19226,19844,19124,18712,19317,19408,19226,19844,19124,18712,19317,19411,19229,19846,19059,18648,19253
2023-07-19,18874.0,419.1,19128.0,18688.0,19035,18832,19528,18715,18252,18934,19044,18840,19537,18612,18149,18831,19041,18837,19534,18638,18176,18858,19053,18850,19546,18659,18197,18878,19030,18845,19482,18694,18250,18935,19035,18832,19528,18715,18252,18934,19035,18832,19528,18715,18252,18934,19035,18832,19528,18715,18252,18934,19035,18832,19528,18715,18252,18934,19041,18837,19534,18638,18176,18858
2023-07-20,18949.0,412.6,19228.0,18833.0,19109,18908,19593,18791,18337,19008,19137,18936,19621,18707,18253,18924,19128,18927,19612,18737,18283,18954,19123,18922,19607,18731,18278,18948,19102,18920,19547,18769,18334,19009,19109,18908,19593,18791,18337,19008,19109,18908,19593,18791,18337,19008,19109,18908,19593,18791,18337,19008,19109,18908,19593,18791,18337,19008,19128,18927,19612,18737,18283,18954
2023-07-21,18912.0,408.4,19182.0,18880.0,19071,18871,19549,18757,18307,18970,19133,18934,19612,18737,18288,18950,19102,18902,19580,18706,18257,18919,19092,18893,19571,18707,18257,18920,19064,18884,19504,18734,18304,18971,19071,18871,19549,18757,18307,18970,19071,18871,19549,18757,18307,18970,19071,18871,19549,18757,18307,18970,19071,18871,19549,18757,18307,18970,19102,18902,19580,18706,18257,18919
2023-07-24,18938.0,395.6,19300.0,18536.0,19092,18899,19555,18789,18353,18994,19143,18950,19606,18779,18343,18984,19138,18945,19601,18765,18329,18971,19120,18927,19584,18749,18313,18954,19085,18910,19512,18766,18349,18977,19092,18899,19555,18789,18353,18994,19092,18899,19555,18789,18353,18994,19092,18899,19555,18789,18353,18994,19092,18899,19555,18789,18353,18994,19138,18945,19601,18765,18329,18971
2023-07-25,19170.0,478.3,19596.0,19118.0,19356,19123,19916,18988,18463,19237,19437,19203,19996,18968,18443,19217,19408,19174,19967,18946,18421,19195,19392,19158,19951,18946,18421,19195,19351,19137,19864,18959,18457,19217,19356,19123,19916,18988,18463,19237,19356,19123,19916,18988,18463,19237,19356,19123,19916,18988,18463,19237,19356,19123,19916,18988,18463,19237,19408,19174,19967,18946,18421,19195
2023-07-26,19371.0,460.4,19575.0,19251.0,19551,19326,20089,19198,18692,19436,19650,19425,20188,19180,18674,19418,19604,19380,20143,19157,18651,19395,19588,19363,20126,19156,18650,19394,19546,19339,20039,19170,18735,19416,19551,19326,20089,19198,18692,19436,19551,19326,20089,19198,18692,19436,19551,19326,20204,19198,18692,19436,19551,19326,20319,19198,18692,19436,19604,19380,20258,19157,18651,19395
2023-07-27,19528.0,442.2,19712.0,19302.0,19701,19485,20218,19362,18876,19590,19770,19554,20286,19334,18849,19562,19762,19546,20278,19324,18839,19552,19739,19523,20256,19324,18838,19552,19698,19497,20169,19338,18917,19572,19701,19485,20218,19362,18876,19590,19701,19485,20218,19362,18876,19590,19701,19485,20328,19362,18876,19590,19701,19485,20439,19362,18876,19590,19762,19546,20389,19324,18839,19552
2023-07-28,19326.0,444.7,20141.0,19338.0,19501,19283,20019,19158,18671,19388,19549,19332,20068,19113,18625,19342,19564,19347,20083,19126,18639,19356,19541,19324,20060,19122,18635,19352,19497,19295,19971,19132,18712,19370,19501,19283,20019,19158,18671,19388,19501,19283,20019,19158,18671,19388,19501,19283,20131,19158,18671,19388,19501,19283,20242,19158,18671,19388,19564,19347,20194,19126,18639,19356
2023-07-31,20099.0,532.3,20371.0,20044.0,20314,20048,20933,19899,19316,20173,20445,20179,21064,19884,19301,20158,20406,20140,21024,19870,19287,20144,20365,20100,20984,19866,19283,20140,20304,20062,20951,19870,19364,20151,20314,20048,20933,19899,19316,20173,20314,20048,20933,19899,19316,20173,20314,20048,21066,19899,19316,20173,20314,20048,21199,19899,19316,20173,20406,20140,21157,19870,19287,20144
2023-08-01,20297.0,473.0,20337.0,19804.0,20494,20252,21038,20119,19602,20362,20639,20398,21184,20119,19602,20362,20576,20335,21120,20091,19574,20334,20533,20292,21078,20086,19569,20329,20481,20267,21054,20100,19644,20344,20494,20252,21038,20119,19602,20362,20494,20252,21038,20119,19602,20362,20494,20252,21156,20119,19602,20362,20494,20252,21275,20119,19602,20362,20576,20335,21239,20091,19574,20334
2023-08-02,19830.0,482.6,19986.0,19304.0,20025,19785,20586,19648,19122,19896,20160,19920,20721,19650,19124,19898,20097,19857,20658,19598,19071,19846,20066,19826,20627,19610,19083,19858,20018,19813,20602,19629,19163,19878,20025,19785,20586,19648,19122,19896,20025,19785,20586,19648,19122,19896,20025,19785,20586,19648,19122,19896,20025,19785,20586,19648,19122,19896,20097,19857,20658,19598,19071,19846
2023-08-03,19352.0,506.2,19735.0,19343.0,19551,19305,20145,19161,18610,19421,19672,19426,20267,19131,18580,19391,19626,19380,20220,19104,18553,19364,19587,19341,20182,19113,18561,19373,19547,19334,20162,19134,18653,19402,19551,19305,20145,19161,18610,19421,19551,19305,20145,19161,18610,19421,19551,19305,20145,19161,18610,19421,19551,19305,20145,19161,18610,19421,19626,19380,20220,19104,18553,19364
2023-08-04,19654.0,499.5,19856.0,19394.0,19856,19608,20437,19466,18922,19722,19984,19736,20565,19450,18906,19706,19951,19703,20532,19448,18905,19704,19901,19653,20482,19423,18880,19679,19846,19636,20453,19439,18964,19703,19856,19608,20437,19466,18922,19722,19856,19608,20437,19466,18922,19722,19856,19608,20437,19466,18922,19722,19856,19608,20437,19466,18922,19722,19951,19703,20532,19448,18905,19704
2023-08-07,19412.0,477.8,19559.0,19266.0,19605,19368,20161,19232,18713,19477,19722,19485,20277,19196,18678,19441,19689,19452,20244,19209,18690,19454,19649,19412,20204,19187,18668,19432,19596,19395,20176,19202,18752,19459,19605,19368,20161,19232,18713,19477,19605,19368,20161,19232,18713,19477,19605,19368,20161,19232,18713,19477,19605,19368,20161,19232,18713,19477,19689,19452,20244,19209,18690,19454
2023-08-08,19374.0,455.3,19377.0,18865.0,19556,19333,20087,19203,18709,19436,19647,19424,20179,19196,18702,19429,19641,19419,20173,19189,18695,19422,19601,19378,20132,19159,18665,19392,19549,19358,20103,19178,18745,19419,19556,19333,20087,19203,18709,19436,19556,19333,20087,19203,18709,19436,19556,19333,20087,19203,18709,19436,19556,19333,20087,19203,18709,19436,19641,19419,20173,19189,18695,19422
2023-08-09,19047.0,462.5,19260.0,18988.0,19229,19006,19772,18873,18372,19109,19278,19055,19821,18819,18318,19056,19303,19080,19846,18837,18336,19074,19270,19047,19813,18820,18319,19057,19222,19030,19787,18848,18408,19093,19229,19006,19772,18873,18372,19109,19229,19006,19772,18873,18372,19109,19229,19006,19772,18873,18372,19109,19229,19006,19772,18873,18372,19109,19303,19080,19846,18837,18336,19074
2023-08-10,19133.0,421.5,19478.0,18993.0,19301,19096,19793,18974,18518,19190,19351,19146,19844,18927,18471,19142,19361,19155,19853,18937,18481,19152,19340,19134,19832,18924,18468,19139,19295,19118,19807,18958,18551,19175,19301,19096,19793,18974,18518,19190,19301,19096,19793,18974,18518,19190,19301,19096,19793,18974,18518,19190,19301,19096,19793,18974,18518,19190,19361,19155,19853,18937,18481,19152
2023-08-11,19244.0,447.7,19321.0,18710.0,19425,19205,19945,19076,18592,19304,19492,19271,20012,19036,18552,19264,19483,19262,20003,19033,18549,19261,19467,19247,19988,19027,18543,19255,19418,19228,19960,19063,18626,19288,19425,19205,19945,19076,18592,19304,19425,19205,19945,19076,18592,19304,19425,19205,19945,19076,18592,19304,19425,19205,19945,19076,18592,19304,19483,19262,20003,19033,18549,19261
2023-08-14,18809.0,456.8,18802.0,18475.0,18991,18769,19525,18637,18144,18870,18983,18761,19517,18543,18050,18776,19053,18831,19586,18583,18090,18815,19028,18806,19561,18580,18087,18812,18985,18793,19540,18619,18178,18854,18991,18769,19525,18637,18144,18870,18991,18769,19525,18637,18144,18870,18991,18769,19525,18637,18144,18870,18991,18769,19525,18637,18144,18870,19053,18831,19586,18583,18090,18815
2023-08-15,18646.0,439.4,18718.0,18289.0,18819,18608,19334,18480,18007,18704,18786,18576,19302,18356,17882,18579,18875,18665,19391,18418,17945,18642,18848,18638,19364,18417,17944,18641,18815,18630,19349,18463,18039,18689,18819,18608,19334,18480,18007,18704,18819,18608,19334,18480,18007,18704,18819,18608,19334,18480,18007,18704,18819,18608,19334,18480,18007,18704,18875,18665,19391,18418,17945,18642
2023-08-16,18319.0,436.4,18436.0,18008.0,18490,18282,19002,18153,17685,18377,18463,18255,18976,18041,17573,18264,18544,18336,19057,18098,17630,18321,18520,18311,19032,18087,17620,18311,18484,18303,19017,18131,17716,18339,18490,18282,19002,18153,17685,18377,18490,18282,19002,18153,17685,18377,18490,18282,19002,18153,17685,18377,18490,18282,19002,18153,17685,18377,18544,18336,19057,18098,17630,18321
2023-08-17,18026.0,444.4,18388.0,17867.0,18199,17988,18722,17856,17382,18084,18171,17960,18694,17763,17289,17992,18246,18035,18769,17795,17320,18023,18232,18021,18755,17798,17324,18027,18195,18010,18737,17835,17412,18047,18199,17988,18722,17856,17382,18084,18199,17988,18722,17856,17382,18084,18199,17988,18722,17856,17382,18084,18199,17988,18722,17856,17382,18084,18246,18035,18769,17795,17320,18023
2023-08-18,18132.0,455.7,18308.0,17668.0,18310,18094,18846,17959,17472,18192,18283,18066,18818,17849,17362,18082,18361,18144,18896,17896,17409,18129,18351,18134,18886,17902,17415,18135,18307,18116,18861,17936,17503,18153,18310,18094,18846,17959,17472,18192,18310,18094,18846,17959,17472,18192,18310,18094,18846,17959,17472,18192,18310,18094,18846,17959,17472,18192,18361,18144,18896,17896,17409,18129
2023-08-21,17769.0,460.4,17841.0,17535.0,17949,17731,18490,17593,17103,17829,17921,17703,18462,17461,16971,17697,17993,17775,18535,17509,17019,17745,17994,17776,18535,17539,17049,17775,17945,17752,18506,17571,17133,17790,17949,17731,18490,17593,17103,17829,17949,17731,18490,17593,17103,17829,17949,17731,18490,17593,17103,17829,17949,17731,18490,17593,17103,17829,17993,17775,18535,17509,17019,17745
2023-08-22,17661.0,439.9,17945.0,17545.0,17832,17625,18350,17492,17025,17718,17798,17591,18316,17352,16885,17577,17861,17653,18379,17419,16952,17644,17872,17665,18390,17434,16967,17660,17829,17645,18365,17472,17053,17681,17832,17625,18350,17492,17025,17718,17832,17625,18350,17492,17025,17718,17832,17625,18350,17492,17025,17718,17832,17625,18350,17492,17025,17718,17861,17653,18379,17419,16952,17644
2023-08-23,17643.0,446.5,18004.0,17686.0,17817,17606,18342,17472,16998,17701,17812,17602,18337,17370,16897,17599,17840,17629,18365,17394,16921,17623,17855,17644,18380,17413,16939,17642,17814,17627,18357,17451,17026,17659,17817,17606,18342,17472,16998,17701,17817,17606,18342,17472,16998,17701,17817,17606,18342,17472,16998,17701,17817,17606,18342,17472,16998,17701,17840,17629,18365,17394,16921,17623
2023-08-24,17957.0,435.7,18244.0,17905.0,18128,17922,18639,17791,17329,18013,18138,17932,18650,17700,17237,17921,18158,17952,18670,17722,17259,17943,18173,17967,18685,17738,17275,17960,18124,17941,18654,17776,17355,17977,18128,17922,18639,17791,17329,18013,18128,17922,18639,17791,17329,18013,18128,17922,18639,17791,17329,18013,18128,17922,18639,17791,17329,18013,18158,17952,18670,17722,17259,17943
2023-08-25,18038.0,424.6,18142.0,17794.0,18205,18004,18703,17878,17426,18092,18209,18008,18708,17796,17344,18010,18241,18040,18739,17817,17365,18031,18254,18053,18752,17831,17380,18046,18201,18023,18649,17861,17451,18058,18205,18004,18703,17878,17426,18092,18205,18004,18703,17878,17426,18092,18205,18004,18703,17878,17426,18092,18205,18004,18703,17878,17426,18092,18241,18040,18739,17817,17365,18031
2023-08-28,17963.0,404.3,18526.0,18107.0,18121,17931,18596,17809,17382,18014,18130,17939,18605,17755,17328,17960,18122,17931,18597,17735,17308,17940,18167,17977,18642,17758,17330,17963,18118,17948,18544,17789,17405,17982,18121,17931,18596,17809,17382,18014,18121,17931,18596,17809,17382,18014,18121,17931,18596,17809,17382,18014,18121,17931,18596,17809,17382,18014,18122,17931,18597,17735,17308,17940
2023-08-29,18305.0,424.9,18711.0,18243.0,18472,18271,18970,18145,17696,18371,18540,18339,19038,18137,17688,18363,18490,18289,18988,18078,17629,18304,18522,18321,19020,18098,17648,18324,18470,18290,18943,18122,17718,18339,18472,18271,18970,18145,17696,18371,18472,18271,18970,18145,17696,18371,18472,18271,18970,18145,17696,18371,18472,18271,18970,18145,17696,18371,18490,18289,18988,18078,17629,18304
2023-08-30,18656.0,433.7,18750.0,18407.0,18829,18622,19335,18493,18035,18723,18931,18724,19437,18514,18056,18744,18867,18660,19373,18447,17990,18677,18884,18677,19390,18445,17987,18675,18825,18640,19307,18475,18057,18690,18829,18622,19335,18493,18035,18723,18829,18622,19335,18493,18035,18723,18829,18622,19335,18493,18035,18723,18829,18622,19335,18493,18035,18723,18867,18660,19373,18447,17990,18677
2023-08-31,18579.0,425.3,18654.0,18266.0,18746,18546,19245,18419,17972,18644,18846,18645,19344,18446,17998,18671,18782,18582,19280,18386,17939,18612,18801,18601,19300,18374,17927,18600,18744,18564,19218,18402,17991,18613,18746,18546,19245,18419,17972,18644,18746,18546,19245,18419,17972,18644,18746,18546,19245,18419,17972,18644,18746,18546,19245,18419,17972,18644,18782,18582,19280,18386,17939,18612
2023-09-04,18377.0,423.8,18914.0,18528.0,18543,18344,19040,18216,17773,18442,18614,18416,19112,18226,17784,18453,18565,18366,19062,18166,17724,18392,18602,18403,19099,18182,17739,18408,18541,18363,19014,18201,17792,18410,18543,18344,19040,18216,17773,18442,18543,18344,19040,18216,17773,18442,18543,18344,19040,18216,17773,18442,18543,18344,19040,18216,17773,18442,18565,18366,19062,18166,17724,18392
2023-09-05,18729.0,429.2,18740.0,18390.0,18898,18696,19400,18567,18119,18803,19007,18805,19509,18638,18190,18874,18938,18736,19441,18537,18088,18773,18960,18758,19463,18541,18092,18777,18896,18714,19374,18555,18136,18786,18898,18696,19400,18567,18119,18803,18898,18696,19400,18567,18119,18803,18898,18696,19400,18567,18119,18803,18898,18696,19400,18567,18119,18803,18938,18736,19441,18537,18088,18773
2023-09-06,18451.0,413.9,18584.0,18222.0,18613,18419,19098,18294,17864,18522,18717,18523,19202,18353,17923,18581,18648,18454,19133,18253,17823,18481,18673,18480,19159,18266,17836,18495,18612,18437,19073,18283,17879,18506,18613,18419,19098,18294,17864,18522,18613,18419,19098,18294,17864,18522,18613,18419,19098,18294,17864,18522,18613,18419,19098,18294,17864,18522,18648,18454,19133,18253,17823,18481
2023-09-07,18456.0,406.1,18451.0,17905.0,18614,18425,19091,18300,17881,18526,18704,18515,19181,18347,17927,18572,18657,18468,19134,18273,17853,18498,18673,18484,19150,18269,17849,18494,18613,18442,19066,18287,17895,18510,18614,18425,19091,18300,17881,18526,18614,18425,19091,18300,17881,18526,18614,18425,19091,18300,17881,18526,18614,18425,19091,18300,17881,18526,18657,18468,19134,18273,17853,18498
2023-09-11,17964.0,422.9,18161.0,17820.0,18129,17932,18625,17802,17361,18037,18184,17987,18680,17787,17347,18022,18162,17965,18658,17749,17308,17984,18175,17978,18672,17757,17316,17991,18128,17950,18599,17788,17368,18020,18129,17932,18625,17802,17361,18037,18129,17932,18625,17802,17361,18037,18129,17932,18625,17802,17361,18037,18129,17932,18625,17802,17361,18037,18162,17965,18658,17749,17308,17984
2023-09-12,18020.0,409.7,18150.0,17854.0,18180,17989,18661,17863,17437,18090,18226,18036,18707,17839,17412,18066,18205,18015,18686,17810,17383,18037,18222,18031,18702,17815,17389,18042,18179,18006,18635,17854,17443,18075,18180,17989,18661,17863,17437,18090,18180,17989,18661,17863,17437,18090,18180,17989,18661,17863,17437,18090,18180,17989,18661,17863,17437,18090,18205,18015,18686,17810,17383,18037
2023-09-13,18111.0,403.7,18189.0,17917.0,18268,18081,18742,17956,17537,18180,18318,18131,18792,17940,17520,18163,18298,18110,18771,17921,17502,18145,18314,18126,18788,17911,17492,18135,18268,18097,18717,17947,17542,18165,18268,18081,18742,17956,17537,18180,18268,18081,18742,17956,17537,18180,18268,18081,18742,17956,17537,18180,18268,18081,18742,17956,17537,18180,18298,18110,18771,17921,17502,18145
2023-09-14,18007.0,390.8,18192.0,17907.0,18159,17978,18618,17857,17452,18074,18160,17979,18619,17807,17402,18023,18194,18013,18653,17828,17423,18045,18205,18024,18664,17811,17406,18028,18157,17994,18594,17844,17457,18059,18159,17978,18618,17857,17452,18074,18159,17978,18618,17857,17452,18074,18159,17978,18618,17857,17452,18074,18159,17978,18618,17857,17452,18074,18194,18013,18653,17828,17423,18045
2023-09-15,18136.0,383.8,18374.0,18015.0,18286,18108,18736,17989,17591,18201,18266,18089,18717,17934,17536,18146,18327,18149,18777,17972,17574,18184,18333,18156,18784,17953,17555,18165,18285,18123,18713,17980,17595,18187,18286,18108,18736,17989,17591,18201,18286,18108,18736,17989,17591,18201,18286,18108,18736,17989,17591,18201,18286,18108,18736,17989,17591,18201,18327,18149,18777,17972,17574,18184
2023-09-18,18027.0,374.7,18089.0,17818.0,18173,18000,18613,17883,17496,18091,18171,17997,18610,17840,17452,18047,18222,18048,18661,17875,17487,18082,18221,18047,18660,17849,17461,18056,18172,18014,18590,17875,17499,18077,18173,18000,18613,17883,17496,18091,18173,18000,18613,17883,17496,18091,18173,18000,18613,17883,17496,18091,18173,18000,18613,17883,17496,18091,18222,18048,18661,17875,17487,18082
2023-09-19,17916.0,357.8,18020.0,17803.0,18055,17890,18475,17779,17410,17977,18054,17888,18473,17744,17374,17941,18090,17925,18510,17766,17397,17964,18098,17933,18518,17741,17372,17939,18053,17904,18453,17767,17412,17964,18055,17890,18475,17779,17410,17977,18055,17890,18475,17779,17410,17977,18055,17890,18475,17779,17410,17977,18055,17890,18475,17779,17410,17977,18090,17925,18510,17766,17397,17964
2023-09-20,17944.0,342.5,18036.0,17809.0,18077,17920,18479,17813,17460,18002,18035,17877,18436,17749,17396,17938,18110,17953,18512,17816,17463,18005,18116,17958,18518,17773,17420,17962,18074,17932,18458,17805,17462,17990,18077,17920,18479,17813,17460,18002,18077,17920,18479,17813,17460,18002,18077,17920,18479,17813,17460,18002,18077,17920,18479,17813,17460,18002,18110,17953,18512,17816,17463,18005
2023-09-21,17933.0,332.5,17826.0,17514.0,18062,17909,18452,17805,17463,17989,18031,17879,18421,17759,17417,17942,18099,17946,18489,17812,17470,17995,18095,17942,18485,17772,17430,17955,18057,17922,18432,17798,17465,17977,18062,17909,18452,17805,17463,17989,18062,17909,18452,17805,17463,17989,18062,17909,18452,17805,17463,17989,18062,17909,18452,17805,17463,17989,18099,17946,18489,17812,17470,17995
2023-09-22,17543.0,328.0,18138.0,17479.0,17670,17509,18055,17417,17080,17598,17619,17457,18004,17349,17012,17530,17689,17528,18074,17406,17069,17587,17691,17529,18076,17373,17036,17554,17665,17522,18036,17410,17081,17587,17670,17509,18055,17417,17080,17598,17670,17509,18055,17417,17080,17598,17670,17509,18055,17417,17080,17598,17670,17509,18055,17417,17080,17598,17689,17528,18074,17406,17069,17587
2023-09-25,18008.0,389.5,18056.0,17593.0,18159,17967,18619,17859,17459,18073,18171,17979,18630,17836,17436,18051,18192,18000,18652,17840,17441,18055,18191,17999,18650,17815,17415,18029,18153,17983,18678,17850,17459,18060,18159,17967,18619,17859,17459,18073,18159,17967,18619,17859,17459,18073,18159,17967,18619,17859,17459,18073,18159,17967,18619,17859,17459,18073,18192,18000,18652,17840,17441,18055
2023-09-26,17709.0,388.7,17691.0,17355.0,17860,17669,18318,17560,17162,17774,17858,17667,18316,17509,17111,17723,17882,17691,18340,17522,17124,17736,17889,17698,18347,17511,17113,17725,17848,17684,18378,17547,17161,17761,17860,17669,18318,17560,17162,17774,17860,17669,18318,17560,17162,17774,17860,17669,18318,17560,17162,17774,17860,17669,18318,17560,17162,17774,17882,17691,18340,17522,17124,17736
2023-09-27,17447.0,381.8,17657.0,17432.0,17595,17408,18046,17299,16910,17511,17579,17392,18030,17228,16840,17440,17612,17425,18062,17256,16867,17467,17603,17416,18054,17240,16852,17452,17576,17421,18104,17288,16909,17498,17595,17408,18046,17299,16910,17511,17595,17408,18046,17299,16910,17511,17595,17408,18046,17299,16910,17511,17595,17408,18046,17299,16910,17511,17612,17425,18062,17256,16867,17467
2023-09-28,17514.0,368.8,17581.0,17291.0,17657,17476,18092,17372,16996,17576,17655,17475,18090,17319,16943,17522,17657,17476,18092,17321,16944,17524,17666,17485,18101,17313,16937,17516,17639,17489,18149,17360,16994,17563,17657,17476,18092,17372,16996,17576,17657,17476,18092,17372,16996,17576,17657,17476,18092,17372,16996,17576,17657,17476,18092,17372,16996,17576,17657,17476,18092,17321,16944,17524
2023-09-29,17458.0,371.5,17900.0,17405.0,17602,17420,18040,17314,16937,17520,17589,17408,18028,17247,16870,17453,17586,17404,18024,17253,16876,17459,17613,17431,18051,17261,16884,17466,17579,17433,18097,17298,16935,17508,17602,17420,18040,17314,16937,17520,17602,17420,18040,17314,16937,17520,17602,17420,18040,17314,16937,17520,17602,17420,18040,17314,16937,17520,17586,17404,18024,17253,16876,17459
2023-10-03,17673.0,385.4,17643.0,17151.0,17822,17634,18277,17525,17133,17737,17831,17643,18285,17465,17073,17677,17825,17637,18280,17473,17081,17685,17842,17654,18296,17483,17091,17695,17803,17647,18336,17513,17130,17724,17822,17634,18277,17525,17133,17737,17822,17634,18277,17525,17133,17737,17822,17634,18277,17525,17133,17737,17822,17634,18277,17525,17133,17737,17825,17637,18280,17473,17081,17685
2023-10-04,17233.0,379.8,17283.0,17047.0,17380,17195,17828,17086,16702,17296,17379,17194,17827,16995,16611,17205,17378,17194,17827,17023,16639,17233,17390,17205,17838,17030,16645,17240,17357,17203,17886,17075,16698,17284,17380,17195,17828,17086,16702,17296,17380,17195,17828,17086,16702,17296,17380,17195,17828,17086,16702,17296,17380,17195,17828,17086,16702,17296,17378,17194,17827,17023,16639,17233
2023-10-05,17143.0,350.0,17284.0,17090.0,17278,17108,17692,17006,16654,17201,17271,17101,17684,16909,16556,17103,17253,17083,17667,16926,16573,17120,17286,17116,17699,16951,16598,17145,17256,17115,17745,16996,16650,17190,17278,17108,17692,17006,16654,17201,17278,17108,17692,17006,16654,17201,17278,17108,17692,17006,16654,17201,17278,17108,17692,17006,16654,17201,17253,17083,17667,16926,16573,17120
2023-10-06,17255.0,339.8,17666.0,17284.0,17387,17222,17788,17123,16781,17311,17384,17219,17785,17035,16692,17222,17370,17205,17771,17056,16713,17243,17396,17231,17797,17069,16727,17257,17366,17228,17840,17117,16776,17300,17387,17222,17788,17123,16781,17311,17387,17222,17788,17123,16781,17311,17387,17222,17788,17123,16781,17311,17387,17222,17788,17123,16781,17311,17370,17205,17771,17056,16713,17243
2023-10-09,17641.0,373.5,17598.0,17399.0,17786,17605,18226,17498,17120,17702,17835,17654,18275,17454,17077,17659,17784,17603,18225,17442,17064,17646,17806,17625,18247,17456,17079,17661,17763,17611,18284,17489,17115,17691,17786,17605,18226,17498,17120,17702,17786,17605,18226,17498,17120,17702,17786,17605,18226,17498,17120,17702,17786,17605,18226,17498,17120,17702,17784,17603,18225,17442,17064,17646
2023-10-10,17574.0,332.0,17938.0,17601.0,17702,17535,18094,17445,17112,17628,17686,17519,18078,17386,17052,17569,17700,17533,18092,17404,17071,17587,17718,17550,18109,17398,17065,17581,17683,17540,18145,17435,17106,17618,17702,17535,18094,17445,17112,17628,17702,17535,18094,17445,17112,17628,17702,17535,18094,17445,17112,17628,17702,17535,18094,17445,17112,17628,17700,17533,18092,17404,17071,17587
2023-10-11,17909.0,341.7,18174.0,17857.0,18042,17869,18444,17778,17434,17965,18059,17886,18462,17760,17416,17947,18049,17877,18452,17744,17400,17931,18058,17886,18461,17734,17390,17921,18021,17874,18497,17766,17428,17955,18042,17869,18444,17778,17434,17965,18042,17869,18444,17778,17434,17965,18042,17869,18444,17778,17434,17965,18042,17869,18444,17778,17434,17965,18049,17877,18452,17744,17400,17931
2023-10-12,18083.0,343.4,18342.0,17839.0,18216,18043,18621,17951,17606,18139,18264,18090,18668,17962,17617,18150,18232,18059,18637,17921,17576,18109,18239,18065,18644,17919,17574,18106,18199,18048,18674,17939,17599,18129,18216,18043,18621,17951,17606,18139,18216,18043,18621,17951,17606,18139,18216,18043,18621,17951,17606,18139,18216,18043,18621,17951,17606,18139,18232,18059,18637,17921,17576,18109
2023-10-13,17858.0,374.6,17987.0,17629.0,18004,17814,18445,17714,17339,17919,18057,17868,18499,17701,17325,17905,18030,17840,18471,17681,17305,17885,18034,17845,18475,17683,17307,17888,17991,17820,18503,17701,17330,17908,18004,17814,18445,17714,17339,17919,18004,17814,18445,17714,17339,17919,18004,17814,18445,17714,17339,17919,18004,17814,18445,17714,17339,17919,18030,17840,18471,17681,17305,17885
2023-10-16,17702.0,361.4,17874.0,17585.0,17842,17660,18268,17562,17201,17761,17902,17720,18328,17548,17187,17747,17866,17683,18292,17522,17161,17720,17875,17692,18301,17533,17173,17732,17831,17665,18324,17543,17193,17750,17842,17660,18268,17562,17201,17761,17842,17660,18268,17562,17201,17761,17842,17660,18268,17562,17201,17761,17842,17660,18268,17562,17201,17761,17866,17683,18292,17522,17161,17720
2023-10-17,17839.0,363.6,17848.0,17637.0,17981,17797,18409,17699,17336,17898,18013,17830,18442,17679,17315,17877,18001,17817,18429,17659,17295,17857,18015,17831,18443,17675,17311,17873,17975,17802,18465,17687,17327,17888,17981,17797,18409,17699,17336,17898,17981,17797,18409,17699,17336,17898,17981,17797,18409,17699,17336,17898,17981,17797,18409,17699,17336,17898,18001,17817,18429,17659,17295,17857
2023-10-18,17734.0,342.1,17818.0,17517.0,17867,17694,18270,17602,17261,17789,17905,17732,18308,17612,17272,17800,17885,17712,18288,17561,17221,17749,17893,17721,18297,17575,17235,17763,17862,17699,18323,17591,17252,17780,17867,17694,18270,17602,17261,17789,17867,17694,18270,17602,17261,17789,17867,17694,18270,17602,17261,17789,17867,17694,18270,17602,17261,17789,17885,17712,18288,17561,17221,17749
2023-10-19,17532.0,346.0,17538.0,17215.0,17666,17492,18074,17397,17054,17588,17709,17534,18117,17403,17060,17594,17684,17509,18092,17351,17009,17542,17692,17517,18100,17376,17033,17567,17661,17497,18127,17387,17045,17578,17666,17492,18074,17397,17054,17588,17666,17492,18074,17397,17054,17588,17666,17492,18074,17397,17054,17588,17666,17492,18074,17397,17054,17588,17684,17509,18092,17351,17009,17542
2023-10-20,17253.0,334.4,17291.0,16987.0,17382,17214,17777,17122,16792,17307,17411,17243,17806,17101,16771,17286,17396,17227,17790,17067,16737,17252,17407,17239,17802,17098,16768,17283,17372,17219,17828,17106,16782,17284,17382,17214,17777,17122,16792,17307,17382,17214,17777,17122,16792,17307,17382,17214,17777,17122,16792,17307,17382,17214,17777,17122,16792,17307,17396,17227,17790,17067,16737,17252
2023-10-24,17007.0,327.7,17480.0,16856.0,17134,16969,17520,16878,16556,17060,17125,16961,17512,16828,16506,17009,17154,16989,17541,16831,16509,17013,17153,16989,17540,16849,16527,17031,17120,16974,17571,16861,16545,17037,17134,16969,17520,16878,16556,17060,17134,16969,17520,16878,16556,17060,17134,16969,17520,16878,16556,17060,17134,16969,17520,16878,16556,17060,17154,16989,17541,16831,16509,17013
2023-10-25,17452.0,390.9,17525.0,16985.0,17603,17407,18064,17297,16914,17515,17649,17452,18110,17255,16872,17472,17618,17421,18079,17246,16863,17464,17627,17430,18088,17262,16879,17480,17587,17412,18125,17277,16901,17488,17603,17407,18064,17297,16914,17515,17603,17407,18064,17297,16914,17515,17603,17407,18064,17297,16817,17515,17603,17407,18064,17297,16719,17515,17618,17421,18079,17246,16766,17464
2023-10-26,17131.0,402.1,17161.0,16908.0,17286,17084,17761,16971,16579,17195,17300,17098,17775,16882,16489,17106,17302,17100,17776,16918,16525,17142,17305,17103,17780,16925,16533,17150,17267,17090,17823,16951,16565,17168,17286,17084,17761,16971,16579,17195,17286,17084,17761,16971,16579,17195,17286,17084,17761,16971,16478,17195,17286,17084,17761,16971,16378,17195,17302,17100,17776,16918,16425,17142
2023-10-27,17120.0,364.2,17488.0,17076.0,17259,17078,17691,16974,16620,17178,17248,17066,17679,16871,16517,17075,17277,17096,17708,16928,16574,17132,17277,17095,17708,16929,16575,17133,17243,17083,17747,16954,16607,17154,17259,17078,17691,16974,16620,17178,17259,17078,17691,16974,16620,17178,17259,17078,17691,16974,16529,17178,17259,17078,17691,16974,16438,17178,17277,17096,17708,16928,16483,17132
2023-10-30,17158.0,385.6,17564.0,17210.0,17307,17113,17762,17004,16630,17219,17305,17112,17761,16922,16548,17137,17333,17139,17788,16957,16582,17172,17320,17126,17775,16955,16580,17170,17288,17119,17822,16982,16615,17194,17307,17113,17762,17004,16630,17219,17307,17113,17762,17004,16630,17219,17307,17113,17762,17004,16630,17219,17307,17113,17762,17004,16630,17219,17333,17139,17788,16957,16582,17172
2023-10-31,17372.0,388.0,17357.0,16949.0,17522,17327,17980,17218,16841,17434,17548,17353,18006,17165,16788,17381,17565,17370,18022,17185,16808,17400,17536,17340,17993,17171,16794,17386,17503,17332,18040,17195,16825,17419,17522,17327,17980,17218,16841,17434,17522,17327,17980,17218,16841,17434,17522,17327,17980,17218,16841,17434,17522,17327,17980,17218,16841,17434,17565,17370,18022,17185,16808,17400
2023-11-01,17076.0,380.0,17191.0,16981.0,17223,17032,17671,16925,16557,17136,17229,17038,17677,16842,16474,17054,17242,17052,17691,16873,16505,17085,17234,17043,17682,16873,16505,17084,17200,17037,17730,16898,16541,17122,17223,17032,17671,16925,16557,17136,17223,17032,17671,16925,16557,17136,17223,17032,17671,16925,16557,17136,17223,17032,17671,16925,16557,17136,17242,17052,17691,16873,16505,17085
2023-11-02,17106.0,342.7,17439.0,17164.0,17237,17066,17643,16970,16638,17160,17254,17083,17659,16900,16568,17090,17264,17093,17670,16940,16608,17130,17250,17079,17655,16924,16592,17114,17218,17071,17696,16950,16623,17147,17237,17066,17643,16970,16638,17160,17237,17066,17643,16970,16638,17160,17237,17066,17643,16970,16638,17160,17237,17066,17643,16970,16638,17160,17264,17093,17670,16940,16608,17130
2023-11-03,17417.0,352.9,17854.0,17370.0,17553,17376,17970,17278,16936,17477,17595,17418,18011,17235,16893,17434,17595,17418,18012,17260,16918,17459,17562,17385,17978,17228,16886,17427,17536,17381,18024,17259,16920,17472,17553,17376,17970,17278,16936,17477,17553,17376,17970,17278,16936,17477,17553,17376,17970,17278,16936,17477,17553,17376,17970,17278,16936,17477,17595,17418,18012,17260,16918,17459
2023-11-06,17831.0,382.8,18032.0,17815.0,17979,17787,18431,17681,17310,17896,18063,17871,18515,17666,17295,17881,18036,17843,18487,17663,17292,17878,17999,17807,18450,17638,17267,17853,17963,17792,18490,17661,17292,17891,17979,17787,18431,17681,17310,17896,17979,17787,18431,17681,17310,17896,17979,17787,18431,17681,17310,17896,17979,17787,18431,17681,17310,17896,18036,17843,18487,17663,17292,17878
2023-11-07,17835.0,349.1,17871.0,17565.0,17970,17795,18382,17699,17360,17894,18069,17893,18480,17710,17372,17906,18016,17840,18427,17679,17341,17875,17992,17817,18404,17661,17323,17857,17959,17799,18436,17682,17343,17890,17970,17795,18382,17699,17360,17894,17970,17795,18382,17699,17360,17894,17970,17795,18382,17699,17360,17894,17970,17795,18382,17699,17360,17894,18016,17840,18427,17679,17341,17875
2023-11-08,17694.0,351.4,17762.0,17540.0,17830,17654,18244,17556,17217,17754,17884,17708,18298,17557,17217,17754,17880,17703,18294,17535,17196,17732,17854,17677,18268,17525,17186,17722,17815,17658,18229,17538,17199,17749,17830,17654,18244,17556,17217,17754,17830,17654,18244,17556,17217,17754,17830,17654,18244,17556,17217,17754,17830,17654,18244,17556,17217,17754,17880,17703,18294,17535,17196,17732
2023-11-09,17600.0,336.8,17620.0,17396.0,17730,17561,18127,17467,17143,17657,17785,17616,18182,17497,17173,17687,17765,17596,18162,17438,17114,17627,17751,17582,18148,17435,17111,17625,17716,17566,18112,17451,17126,17653,17729,17561,18127,17467,17143,17657,17730,17561,18127,17467,17143,17657,17730,17561,18127,17467,17143,17657,17730,17561,18127,17467,17143,17657,17764,17596,18162,17437,17113,17627
2023-11-10,17408.0,329.3,17384.0,17140.0,17534,17370,17924,17278,16961,17464,17591,17427,17980,17307,16991,17493,17557,17393,17946,17240,16924,17427,17553,17389,17943,17244,16928,17430,17522,17374,17909,17263,16944,17459,17533,17370,17924,17276,16961,17464,17534,17370,17924,17278,16961,17464,17534,17370,17924,17278,16961,17464,17534,17370,17924,17278,16961,17464,17555,17393,17946,17239,16924,17427
2023-11-13,17281.0,311.8,17629.0,17113.0,17399,17246,17769,17157,16858,17334,17418,17264,17788,17162,16863,17339,17408,17254,17778,17118,16820,17295,17417,17263,17786,17121,16822,17298,17385,17249,17755,17143,16842,17330,17399,17256,17769,17156,16857,17334,17399,17246,17769,17157,16858,17334,17399,17246,17769,17157,16858,17334,17399,17246,17769,17157,16858,17334,17408,17264,17778,17118,16819,17296
2023-11-14,17553.0,365.3,17867.0,17362.0,17693,17512,18125,17407,17057,17615,17709,17528,18141,17387,17038,17595,17714,17533,18146,17371,17021,17578,17715,17534,18147,17369,17019,17576,17679,17516,18109,17391,17038,17610,17692,17523,18125,17406,17057,17615,17693,17512,18125,17407,17057,17615,17693,17512,18125,17407,16966,17615,17693,17512,18125,17407,16875,17615,17713,17544,18146,17370,16929,17579
2023-11-15,17831.0,383.5,18409.0,17789.0,17979,17788,18431,17677,17311,17896,18029,17838,18481,17680,17314,17898,18007,17816,18459,17637,17271,17856,18003,17812,18456,17637,17271,17855,17963,17792,18414,17659,17291,17891,17977,17800,18432,17677,17310,17896,17979,17788,18431,17677,17311,17896,17979,17788,18431,17677,17215,17896,17979,17788,18431,17677,17119,17896,18005,17828,18460,17637,17175,17856
2023-11-16,18269.0,427.6,18250.0,17524.0,18435,18221,18938,18098,17689,18341,18531,18317,19034,18106,17697,18349,18491,18277,18994,18067,17658,18310,18472,18258,18975,18062,17653,18305,18426,18225,18930,18079,17667,18336,18433,18234,18939,18097,17688,18341,18435,18221,18938,18098,17689,18341,18435,18221,18938,18098,17689,18341,18435,18221,18938,18098,17689,18341,18489,18291,18995,18066,17657,18311
2023-11-17,17557.0,449.6,17694.0,17408.0,17731,17507,18260,17376,16914,17632,17788,17565,18318,17308,16845,17564,17780,17557,18310,17321,16858,17577,17764,17541,18294,17326,16863,17582,17722,17511,18252,17357,16887,17627,17729,17521,18261,17376,16909,17633,17731,17507,18260,17376,16914,17632,17731,17507,18260,17376,16914,17632,17731,17507,18260,17376,16914,17632,17779,17570,18311,17321,16853,17578
2023-11-20,17638.0,410.2,17978.0,17537.0,17795,17593,18280,17474,17052,17707,17819,17617,18304,17400,16977,17632,17849,17647,18334,17429,17007,17662,17829,17626,18313,17424,17002,17657,17788,17596,18272,17457,17027,17702,17794,17605,18280,17473,17046,17707,17795,17593,18280,17474,17052,17707,17795,17593,18280,17474,17052,17707,17795,17593,18280,17474,17052,17707,17848,17659,18335,17428,17002,17663
2023-11-21,17922.0,437.9,18081.0,17617.0,18091,17874,18607,17748,17297,17995,18128,17911,18644,17666,17215,17914,18159,17942,18675,17713,17262,17960,18135,17918,18651,17707,17256,17954,18082,17877,18599,17729,17270,17990,18088,17886,18608,17746,17290,17996,18091,17874,18607,17748,17297,17995,18091,17874,18607,17748,17297,17995,18091,17874,18607,17748,17297,17995,18156,17955,18676,17711,17256,17962
2023-11-22,17683.0,435.5,17811.0,17608.0,17850,17636,18364,17509,17062,17756,17895,17681,18410,17428,16981,17675,17900,17685,18414,17469,17022,17715,17882,17668,18396,17463,17016,17710,17846,17639,18356,17491,17034,17751,17848,17648,18365,17507,17055,17757,17850,17636,18364,17509,17062,17756,17850,17636,18364,17509,17062,17756,17850,17636,18364,17509,17062,17756,17899,17698,18416,17467,17015,17717
2023-11-23,17688.0,381.5,17966.0,17589.0,17833,17647,18285,17536,17145,17752,17881,17695,18333,17466,17075,17682,17885,17699,18336,17516,17125,17732,17867,17680,18318,17500,17108,17715,17831,17649,18278,17522,17120,17748,17832,17657,18285,17534,17138,17753,17833,17647,18285,17536,17145,17752,17833,17647,18285,17536,17145,17752,17833,17647,18285,17536,17145,17752,17885,17710,18338,17515,17118,17733
2023-11-24,17852.0,391.7,17855.0,17546.0,18002,17810,18464,17697,17295,17917,18075,17883,18537,17640,17238,17860,18067,17875,18529,17683,17281,17903,18043,17851,18506,17667,17265,17887,17999,17812,18457,17681,17268,17913,18001,17820,18465,17694,17287,17918,18002,17810,18464,17697,17295,17917,18002,17810,18464,17697,17295,17917,18002,17810,18464,17697,17295,17917,18066,17886,18531,17680,17274,17905
2023-11-27,17671.0,374.5,17709.0,17369.0,17813,17631,18257,17522,17139,17733,17886,17704,18330,17463,17080,17675,17859,17677,18303,17495,17112,17707,17849,17667,18293,17485,17102,17696,17803,17633,18226,17506,17113,17729,17813,17641,18258,17520,17131,17734,17813,17631,18257,17522,17139,17733,17813,17631,18257,17522,17139,17733,17813,17631,18257,17522,17139,17733,17860,17687,18304,17494,17105,17709
2023-11-28,17529.0,373.0,17578.0,17312.0,17671,17489,18112,17380,17000,17591,17710,17529,18152,17310,16930,17521,17699,17517,18140,17335,16955,17546,17706,17525,18147,17341,16961,17552,17661,17491,18082,17365,16973,17587,17670,17499,18113,17378,16991,17592,17671,17489,18112,17380,17000,17591,17671,17489,18112,17380,17000,17591,17671,17489,18112,17380,17000,17591,17699,17528,18142,17335,16947,17549
2023-11-29,17349.0,348.1,17423.0,16900.0,17481,17312,17893,17209,16856,17407,17494,17326,17906,17137,16784,17335,17513,17344,17925,17175,16821,17372,17507,17338,17919,17166,16813,17364,17465,17314,17865,17194,16830,17403,17481,17322,17894,17208,16847,17408,17481,17312,17893,17209,16856,17407,17481,17312,17893,17209,16856,17407,17481,17312,17893,17209,16856,17407,17513,17354,17927,17175,16814,17375
2023-11-30,17046.0,386.2,17089.0,16885.0,17192,17006,17650,16890,16499,17110,17157,16970,17614,16777,16385,16996,17223,17036,17680,16838,16447,17057,17221,17034,17678,16849,16458,17069,17175,17007,17619,16874,16471,17106,17192,17016,17651,16890,16489,17111,17192,17006,17650,16890,16499,17110,17192,17006,17650,16890,16499,17110,17192,17006,17650,16890,16499,17110,17223,17047,17682,16838,16437,17060
2023-12-01,16999.0,340.8,17065.0,16692.0,17128,16964,17531,16861,16517,17055,17101,16936,17504,16804,16460,16998,17143,16979,17546,16799,16454,16993,17157,16992,17560,16821,16477,17015,17109,16964,17504,16847,16491,17052,17128,16972,17533,16861,16507,17057,17128,16964,17531,16861,16517,17055,17128,16878,17531,16861,16432,17055,17128,16793,17531,16861,16347,17055,17144,16903,17549,16799,16361,16995
2023-12-04,16888.0,365.4,17054.0,16632.0,17026,16850,17459,16740,16372,16948,16996,16820,17429,16663,16295,16871,17023,16847,17456,16665,16296,16872,17053,16877,17485,16693,16325,16901,17006,16851,17430,16724,16344,16945,17026,16860,17460,16738,16361,16950,17026,16850,17459,16740,16372,16948,17026,16759,17459,16740,16281,16948,17026,16668,17459,16740,16189,16948,17024,16766,17458,16663,16195,16875
2023-12-05,16638.0,372.1,16691.0,16229.0,16779,16600,17219,16487,16113,16699,16733,16554,17174,16393,16019,16605,16775,16595,17215,16399,16025,16611,16800,16620,17240,16434,16060,16646,16762,16600,17190,16468,16084,16696,16779,16609,17221,16485,16101,16701,16779,16600,17219,16487,16113,16699,16779,16600,17219,16487,16020,16699,16779,16600,17219,16487,15927,16699,16776,16606,17217,16398,15922,16614
2023-12-06,16361.0,378.3,16608.0,16245.0,16504,16322,16952,16207,15828,16423,16451,16269,16898,16100,15721,16316,16500,16319,16948,16113,15734,16329,16527,16345,16975,16150,15770,16366,16483,16322,16922,16184,15797,16420,16504,16332,16953,16205,15847,16425,16504,16322,16952,16207,15828,16423,16504,16322,16952,16207,15733,16423,16504,16322,16952,16207,15639,16423,16501,16329,16951,16113,15660,16332
2023-12-07,16440.0,371.1,16425.0,16167.0,16581,16402,17019,16290,15918,16501,16542,16363,16980,16177,15805,16388,16585,16407,17024,16198,15826,16409,16600,16422,17039,16229,15857,16440,16560,16402,16990,16271,15887,16498,16580,16411,17021,16287,15936,16503,16581,16402,17019,16290,15918,16501,16581,16402,17019,16290,15918,16501,16581,16402,17019,16290,15918,16501,16586,16417,17027,16197,15846,16413
2023-12-08,16387.0,359.5,16472.0,16233.0,16523,16351,16948,16241,15882,16446,16455,16283,16880,16110,15751,16315,16525,16353,16951,16147,15788,16352,16535,16363,16961,16176,15816,16380,16502,16350,16920,16218,15851,16443,16521,16359,16950,16235,15899,16448,16523,16351,16948,16241,15882,16446,16523,16351,16948,16241,15882,16446,16523,16351,16948,16241,15882,16446,16524,16362,16953,16143,15806,16355
2023-12-11,16295.0,350.3,16343.0,15951.0,16427,16260,16842,16153,15803,16352,16369,16202,16783,16036,15687,16236,16435,16267,16849,16065,15716,16265,16435,16268,16850,16090,15740,16289,16404,16259,16814,16130,15773,16350,16425,16268,16844,16145,15819,16354,16427,16260,16842,16153,15803,16352,16427,16260,16842,16153,15803,16352,16427,16260,16842,16153,15803,16352,16434,16276,16852,16060,15733,16269
2023-12-12,16322.0,372.0,16437.0,16168.0,16462,16285,16903,16170,15800,16383,16406,16229,16846,16049,15679,16261,16454,16277,16894,16075,15705,16287,16469,16291,16909,16105,15735,16317,16438,16284,16874,16147,15768,16380,16458,16293,16905,16163,15817,16385,16462,16285,16903,16170,15800,16383,16462,16285,16903,16170,15800,16383,16462,16285,16903,16170,15800,16383,16451,16286,16897,16070,15723,16292
2023-12-13,16380.0,353.0,16359.0,16112.0,16513,16345,16931,16236,15886,16438,16463,16296,16881,16121,15771,16323,16495,16327,16913,16143,15792,16344,16518,16350,16936,16169,15819,16371,16491,16344,16903,16219,15883,16435,16505,16353,16933,16229,15901,16440,16513,16345,16931,16236,15886,16438,16513,16345,16931,16236,15886,16438,16513,16345,16931,16236,15886,16438,16488,16336,16916,16138,15810,16349
2023-12-14,16129.0,333.6,16713.0,16322.0,16253,16096,16649,15992,15662,16183,16194,16037,16590,15896,15566,16087,16206,16049,16602,15887,15557,16078,16257,16101,16654,15924,15594,16115,16233,16095,16624,15972,15659,16181,16244,16103,16651,15985,15676,16185,16253,16096,16649,15992,15662,16183,16253,16013,16649,15992,15579,16183,16253,15930,16649,15992,15496,16183,16198,15974,16605,15883,15574,16083
2023-12-15,16618.0,364.9,16991.0,16632.0,16755,16583,17190,16469,16108,16681,16752,16580,17187,16406,16046,16618,16740,16567,17175,16409,16048,16621,16772,16600,17207,16411,16051,16623,16735,16581,17223,16453,16123,16722,16744,16590,17191,16462,16122,16683,16755,16583,17190,16469,16108,16681,16755,16583,17190,16469,16108,16681,16755,16583,17190,16469,16108,16681,16731,16576,17178,16405,16066,16626
2023-12-18,16678.0,362.3,16731.0,16486.0,16815,16643,17246,16530,16173,16740,16841,16670,17273,16501,16143,16711,16813,16641,17244,16477,16119,16687,16841,16669,17272,16481,16123,16691,16794,16641,17279,16514,16187,16781,16803,16650,17247,16523,16186,16742,16815,16643,17246,16530,16173,16740,16815,16643,17246,16530,16173,16740,16815,16643,17246,16530,16173,16740,16804,16651,17248,16473,16136,16692
2023-12-19,16538.0,330.4,16759.0,16420.0,16662,16506,17056,16403,16078,16595,16678,16522,17072,16380,16055,16572,16647,16491,17041,16344,16019,16536,16689,16533,17082,16356,16031,16548,16641,16505,17086,16382,16090,16632,16651,16512,17057,16396,16089,16597,16662,16506,17056,16403,16078,16595,16662,16506,17056,16403,16078,16595,16662,16506,17056,16403,16078,16595,16639,16500,17045,16341,16034,16542
2023-12-20,16717.0,349.0,16762.0,16497.0,16849,16684,17264,16575,16231,16777,16883,16718,17298,16579,16236,16781,16839,16674,17254,16523,16180,16726,16869,16704,17284,16529,16185,16731,16828,16682,17296,16553,16244,16817,16837,16690,17265,16568,16243,16779,16849,16684,17264,16575,16231,16777,16849,16684,17264,16575,16231,16777,16849,16684,17264,16575,16231,16777,16831,16684,17259,16521,16196,16732
2023-12-21,16497.0,333.0,16712.0,16353.0,16622,16466,17019,16361,16034,16554,16638,16481,17034,16354,16027,16547,16610,16454,17007,16301,15974,16494,16642,16486,17039,16321,15994,16514,16603,16463,17049,16340,16045,16592,16611,16471,17020,16353,16045,16556,16622,16466,17019,16361,16034,16554,16622,16466,17019,16361,16034,16554,16622,16466,17019,16361,16034,16554,16603,16463,17012,16298,15989,16500
2023-12-22,16666.0,343.1,16866.0,16269.0,16795,16634,17204,16525,16190,16725,16835,16674,17243,16529,16194,16729,16781,16620,17189,16462,16126,16662,16821,16659,17229,16486,16151,16686,16776,16631,17235,16505,16201,16764,16783,16639,17205,16517,16200,16727,16795,16634,17204,16525,16190,16725,16795,16634,17204,16525,16190,16725,16795,16634,17204,16525,16190,16725,16774,16629,17195,16459,16141,16668
2023-12-27,16517.0,377.8,16732.0,16461.0,16660,16482,17109,16361,15993,16582,16711,16534,17161,16340,15973,16561,16656,16479,17106,16292,15925,16513,16681,16503,17130,16313,15945,16534,16638,16479,17144,16334,16005,16625,16647,16488,17110,16353,16004,16584,16660,16482,17109,16361,15993,16582,16660,16482,17109,16361,15993,16582,16660,16482,17109,16361,15993,16582,16649,16489,17112,16290,15940,16520
2023-12-28,16636.0,352.7,17103.0,16649.0,16769,16603,17189,16491,16147,16696,16837,16671,17256,16501,16157,16706,16775,16609,17194,16435,16092,16641,16786,16620,17205,16441,16097,16646,16749,16600,17221,16465,16158,16737,16758,16609,17190,16483,16157,16699,16769,16603,17189,16491,16147,16696,16769,16603,17189,16491,16147,16696,16769,16603,17189,16491,16147,16696,16769,16620,17201,16432,16106,16648
2023-12-29,16982.0,385.7,17114.0,16950.0,17128,16947,17586,16824,16448,17048,17232,17050,17690,16850,16474,17074,17155,16974,17613,16780,16404,17004,17157,16976,17616,16785,16409,17009,17106,16943,17622,16800,16459,17092,17115,16952,17588,16815,16458,17050,17128,16947,17586,16824,16448,17048,17128,16947,17586,16824,16448,17048,17128,16947,17586,16824,16448,17048,17148,16985,17620,16776,16419,17011
2024-01-02,17062.0,347.1,17169.0,16547.0,17193,17030,17606,16921,16582,17121,17311,17148,17723,16971,16633,17172,17222,17060,17635,16898,16560,17099,17223,17060,17636,16883,16545,17084,17177,17036,17638,16905,16600,17161,17182,17035,17607,16913,16591,17124,17193,17030,17606,16921,16582,17121,17193,17030,17606,16921,16582,17121,17193,17030,17606,16921,16582,17121,17218,17071,17643,16896,16573,17106
2024-01-03,16602.0,393.0,16689.0,16477.0,16750,16567,17218,16441,16031,16669,16819,16636,17287,16422,16012,16650,16783,16600,17251,16400,15990,16628,16774,16591,17242,16390,15979,16617,16729,16572,17254,16417,16069,16714,16737,16571,17219,16432,16035,16672,16750,16567,17218,16441,16031,16669,16750,16567,17218,16441,16031,16669,16750,16567,17218,16441,16031,16669,16777,16612,17259,16397,16000,16637
2024-01-04,16669.0,347.6,16666.0,16483.0,16800,16638,17214,16527,16164,16728,16839,16677,17253,16495,16132,16696,16833,16671,17247,16496,16133,16697,16815,16653,17229,16474,16111,16675,16781,16643,17245,16512,16198,16768,16788,16642,17215,16518,16168,16731,16800,16638,17214,16527,16164,16728,16800,16638,17214,16527,16164,16728,16800,16638,17214,16527,16164,16728,16829,16683,17256,16494,16143,16706
2024-01-05,16507.0,334.7,16730.0,16420.0,16633,16477,17031,16370,16021,16564,16667,16512,17066,16338,15989,16532,16658,16502,17056,16343,15994,16536,16643,16488,17042,16313,15964,16506,16614,16482,17062,16349,16053,16602,16619,16481,17032,16361,16024,16566,16633,16477,17031,16370,16021,16564,16633,16477,17031,16370,16021,16564,16633,16477,17031,16370,16021,16564,16653,16514,17066,16340,16004,16545
2024-01-08,16512.0,338.6,16564.0,16095.0,16640,16482,17042,16374,16021,16570,16674,16516,17077,16345,15992,16541,16674,16516,17077,16362,16009,16557,16655,16497,17058,16321,15968,16517,16620,16486,17073,16353,16053,16609,16626,16486,17044,16365,16024,16569,16640,16482,17042,16374,16021,16570,16640,16482,17042,16374,16021,16570,16640,16482,17042,16374,16021,16570,16669,16529,17087,16359,16019,16564
2024-01-09,16308.0,359.2,16402.0,16054.0,16443,16277,16871,16161,15787,16369,16479,16312,16906,16112,15738,16320,16469,16302,16896,16133,15759,16341,16458,16292,16886,16102,15728,16309,16420,16281,16904,16134,15821,16410,16427,16280,16872,16151,15790,16369,16443,16277,16871,16161,15787,16369,16443,16277,16871,16161,15787,16369,16443,16277,16871,16161,15787,16369,16462,16315,16907,16130,15770,16348
2024-01-10,16069.0,334.6,16235.0,16009.0,16193,16040,16593,15931,15584,16126,16216,16062,16616,15872,15525,16067,16224,16071,16624,15904,15557,16099,16210,16057,16610,15871,15524,16065,16174,16044,16624,15907,15615,16164,16179,16043,16594,15922,15587,16126,16193,16040,16593,15931,15584,16126,16193,16040,16593,15931,15584,16126,16193,16040,16593,15931,15584,16126,16221,16085,16636,15903,15567,16106
2024-01-11,16089.0,323.5,16436.0,16060.0,16211,16061,16596,15957,15621,16144,16230,16081,16615,15931,15595,16118,16246,16097,16631,15934,15598,16121,16232,16083,16617,15902,15565,16089,16192,16064,16625,15932,15650,16181,16196,16064,16597,15948,15623,16144,16211,16061,16596,15957,15621,16144,16211,16061,16596,15957,15621,16144,16211,16061,16596,15957,15621,16144,16243,16111,16644,15933,15608,16129
2024-01-12,16174.0,347.7,16369.0,16129.0,16305,16144,16719,16032,15671,16233,16340,16179,16753,16007,15646,16208,16356,16195,16770,16025,15663,16225,16326,16166,16740,15981,15619,16182,16286,16148,16751,16010,15703,16273,16289,16147,16720,16023,15673,16233,16305,16144,16719,16032,15671,16233,16305,16144,16719,16032,15671,16233,16305,16144,16719,16032,15671,16233,16352,16210,16783,16023,15673,16233
2024-01-15,16249.0,336.8,16323.0,16052.0,16376,16220,16777,16112,15762,16306,16384,16228,16784,16080,15730,16275,16432,16276,16832,16109,15759,16303,16395,16239,16795,16064,15714,16258,16358,16223,16808,16090,15792,16345,16362,16223,16778,16102,15763,16306,16376,16220,16777,16112,15762,16306,16376,16220,16777,16112,15762,16306,16376,16220,16777,16112,15762,16306,16430,16291,16846,16108,15769,16311
2024-01-16,16102.0,324.7,16180.0,15712.0,16224,16075,16611,15970,15633,16157,16228,16079,16614,15920,15583,16107,16285,16135,16671,15970,15633,16157,16231,16081,16617,15917,15580,16105,16206,16077,16640,15944,15662,16195,16211,16077,16612,15961,15634,16157,16224,16075,16611,15970,15633,16157,16224,16075,16611,15970,15633,16157,16224,16075,16611,15970,15633,16157,16284,16150,16685,15969,15643,16166
2024-01-17,15736.0,339.5,15741.0,15133.0,15864,15708,16268,15597,15246,15794,15866,15710,16269,15559,15207,15755,15899,15743,16303,15568,15217,15765,15874,15718,16278,15553,15201,15749,15842,15710,16299,15567,15276,15833,15850,15710,16269,15587,15247,15793,15864,15708,16268,15597,15246,15794,15864,15708,16268,15597,15246,15794,15864,15708,16268,15597,15246,15794,15898,15758,16317,15567,15226,15773
2024-01-18,15246.0,361.8,15427.0,15155.0,15380,15216,15813,15097,14708,15307,15376,15212,15808,15009,14620,15219,15398,15234,15830,15037,14648,15247,15388,15224,15820,15040,14652,15250,15358,15219,15846,15065,14727,15349,15367,15218,15814,15086,14709,15307,15380,15216,15813,15097,14708,15307,15380,15216,15813,15097,14708,15307,15380,15216,15813,15097,14708,15307,15398,15248,15845,15035,14657,15255
2024-01-19,15353.0,339.6,15508.0,15179.0,15481,15325,15885,15214,14849,15411,15495,15339,15899,15136,14770,15332,15505,15349,15909,15159,14793,15355,15485,15330,15889,15157,14792,15354,15458,15327,15916,15184,14866,15450,15467,15327,15886,15203,14849,15411,15481,15325,15885,15214,14849,15411,15481,15325,15885,15214,14849,15411,15481,15325,15885,15214,14849,15411,15504,15364,15923,15157,14802,15364
2024-01-22,15416.0,348.6,15448.0,14764.0,15547,15388,15962,15273,14898,15475,15554,15394,15969,15186,14812,15388,15568,15408,15982,15215,14841,15417,15553,15393,15967,15218,14844,15420,15524,15390,15994,15238,14916,15515,15536,15389,15963,15262,14898,15475,15547,15388,15962,15273,14898,15475,15547,15388,15962,15273,14898,15475,15547,15388,15962,15273,14898,15475,15570,15423,15997,15213,14850,15426
2024-01-23,15109.0,386.8,15662.0,14966.0,15255,15078,15715,14949,14521,15174,15259,15082,15719,14839,14411,15065,15275,15098,15735,14869,14441,15095,15259,15082,15719,14879,14451,15105,15228,15080,15750,14912,14473,15219,15242,15079,15716,14937,14520,15175,15255,15078,15715,14949,14521,15174,15255,15078,15715,14949,14521,15174,15255,15078,15715,14949,14521,15174,15275,15112,15750,14867,14450,15104
2024-01-24,15602.0,425.4,16225.0,15385.0,15762,15568,16268,15427,14956,15674,15812,15617,16317,15330,14858,15577,15798,15604,16304,15349,14877,15596,15773,15579,16279,15356,14885,15603,15733,15570,16233,15385,14903,15723,15749,15569,16270,15414,14954,15674,15762,15568,16268,15427,14956,15674,15762,15568,16268,15427,14956,15674,15762,15568,16268,15427,14956,15674,15798,15618,16319,15346,14885,15605
2024-01-25,16063.0,475.2,16291.0,15800.0,16242,16025,16807,15866,15341,16143,16334,16116,16898,15757,15232,16034,16298,16080,16862,15799,15274,16076,16268,16051,16833,15798,15273,16075,16209,16027,16771,15820,15282,16199,16227,16026,16809,15852,15339,16143,16242,16025,16807,15866,15341,16143,16242,16025,16807,15866,15341,16143,16242,16025,16807,15866,15341,16143,16296,16095,16878,15794,15281,16086
2024-01-26,16056.0,465.0,16231.0,15872.0,16232,16019,16784,15863,15350,16134,16306,16092,16858,15737,15224,16008,16286,16073,16838,15787,15274,16058,16262,16049,16814,15797,15284,16069,16200,16021,16749,15818,15292,16189,16217,16020,16786,15847,15348,16135,16232,16019,16784,15863,15350,16134,16232,16019,16784,15863,15350,16134,16232,16019,16784,15863,15350,16134,16284,16088,16854,15781,15282,16069
2024-01-29,16063.0,446.5,16270.0,15758.0,16231,16027,16762,15878,15386,16138,16299,16094,16829,15743,15251,16003,16269,16065,16799,15795,15302,16055,16264,16059,16794,15814,15322,16074,16201,16029,16729,15836,15329,16190,16217,16028,16764,15863,15383,16139,16231,16027,16762,15878,15386,16138,16231,16027,16762,15878,15386,16138,16231,16027,16762,15878,15386,16138,16268,16080,16815,15790,15310,16066
2024-01-30,15814.0,453.7,15924.0,15553.0,15986,15778,16524,15626,15126,15890,16062,15854,16600,15485,14985,15749,16026,15818,16564,15530,15030,15795,16020,15812,16558,15566,15067,15831,15954,15780,16490,15582,15068,15943,15971,15779,16526,15607,15123,15891,15986,15778,16524,15626,15126,15890,15986,15778,16524,15626,15126,15890,15986,15778,16524,15626,15126,15890,16025,15833,16694,15522,15038,15806
2024-01-31,15634.0,421.8,15742.0,15401.0,15793,15600,16294,15458,14995,15705,15868,15675,16369,15336,14872,15582,15831,15638,16332,15378,14914,15624,15829,15636,16330,15397,14934,15644,15764,15602,16263,15418,14941,15754,15779,15601,16296,15439,14992,15700,15793,15600,16294,15458,14995,15705,15793,15600,16294,15458,14995,15705,15793,15600,16294,15458,14995,15705,15831,15653,16349,15369,14922,15631
2024-02-01,15558.0,399.4,15802.0,15412.0,15709,15526,16183,15390,14953,15625,15790,15608,16265,15308,14871,15543,15747,15565,16222,15304,14868,15540,15744,15562,16219,15332,14895,15567,15680,15528,16154,15351,14901,15672,15695,15527,16185,15371,14950,15621,15709,15526,16183,15390,14953,15625,15709,15526,16183,15390,14953,15625,15709,15526,16183,15390,14953,15625,15748,15580,16238,15298,14876,15547
2024-02-02,15616.0,397.9,15909.0,15282.0,15766,15584,16238,15450,15014,15683,15853,15671,16325,15365,14928,15597,15816,15634,16288,15368,14932,15601,15804,15622,16276,15395,14959,15628,15739,15586,16209,15413,14962,15729,15753,15585,16241,15432,15025,15678,15766,15584,16238,15450,15014,15683,15766,15584,16238,15450,15014,15683,15766,15584,16238,15450,15014,15683,15818,15649,16305,15362,14956,15609
2024-02-05,15351.0,429.4,15676.0,15248.0,15513,15317,16023,15170,14701,15423,15611,15415,16121,15071,14602,15324,15566,15369,16075,15077,14608,15330,15557,15360,16066,15118,14649,15370,15484,15318,15991,15129,14645,15473,15503,15318,16025,15152,14714,15418,15513,15317,16023,15170,14701,15423,15513,15317,16023,15170,14701,15423,15513,15317,16023,15170,14701,15423,15570,15384,16092,15072,14633,15338
2024-02-06,15599.0,426.1,16262.0,15521.0,15761,15565,16265,15421,14954,15670,15885,15689,16390,15381,14914,15630,15825,15629,16330,15346,14879,15595,15805,15610,16310,15370,14903,15619,15731,15567,16234,15378,14899,15721,15750,15566,16268,15402,14966,15666,15761,15565,16265,15421,14954,15670,15761,15565,16265,15421,14954,15670,15761,15565,16265,15421,14954,15670,15828,15644,16346,15340,14905,15604
2024-02-07,16227.0,493.2,16409.0,15944.0,16414,16188,16998,16022,15481,16309,16548,16321,17132,15990,15450,16277,16505,16279,17090,15958,15417,16245,16475,16249,17059,15976,15435,16263,16381,16190,16985,15975,15416,16368,16402,16189,17001,15999,15495,16304,16414,16188,16998,16022,15481,16309,16414,16188,16998,16022,15481,16309,16414,16188,16998,16022,15481,16309,16507,16294,17106,15948,15444,16253
2024-02-08,15979.0,469.7,16083.0,15696.0,16157,15942,16713,15783,15269,16057,16244,16028,16800,15748,15234,16022,16246,16031,16803,15711,15197,15985,16219,16004,16776,15736,15221,16009,16129,15943,16701,15739,15207,16113,16150,15942,16716,15762,15282,16053,16157,15942,16713,15783,15269,16057,16157,15942,16713,15783,15269,16057,16157,15942,16713,15783,15269,16057,16253,16045,16937,15703,15224,15994
2024-02-09,15718.0,455.3,15747.0,15510.0,15890,15682,16430,15526,15030,15794,15965,15756,16504,15489,14993,15756,15964,15756,16504,15444,14948,15712,15953,15744,16492,15481,14985,15749,15863,15683,16418,15485,14970,15848,15884,15685,16433,15507,15042,15789,15890,15682,16430,15526,15030,15794,15890,15682,16430,15526,15030,15794,15890,15682,16430,15526,15030,15794,15971,15772,16520,15440,14975,15722
2024-02-14,15716.0,419.1,15985.0,15443.0,15874,15683,16371,15537,15083,15785,15935,15743,16432,15497,15043,15745,15938,15746,16435,15450,14996,15698,15934,15742,16431,15492,15038,15740,15850,15684,16360,15503,15027,15836,15865,15685,16374,15522,15094,15782,15874,15683,16371,15537,15083,15785,15874,15683,16371,15537,15083,15785,15874,15683,16371,15537,15083,15785,15941,15762,16450,15450,15022,15709
2024-02-15,15904.0,465.6,16053.0,15720.0,16080,15867,16632,15705,15201,15981,16148,15935,16699,15668,15164,15944,16152,15939,16704,15616,15112,15892,16146,15933,16698,15661,15157,15937,16053,15869,16620,15666,15139,16037,16069,15870,16635,15686,15213,15977,16080,15867,16632,15705,15201,15981,16080,15867,16632,15705,15201,15981,16080,15867,16632,15705,15201,15981,16153,15954,16719,15613,15139,15903
2024-02-16,15981.0,431.0,16404.0,15923.0,16144,15947,16655,15797,15331,16052,16215,16018,16726,15769,15302,16024,16216,16020,16727,15722,15255,15977,16198,16001,16709,15745,15279,16000,16118,15948,16644,15762,15272,16104,16130,15950,16658,15779,15341,16048,16144,15947,16655,15797,15331,16052,16144,15947,16655,15797,15331,16052,16144,15947,16655,15797,15331,16052,16215,16035,16743,15720,15282,15989
2024-02-19,16352.0,460.7,16424.0,16124.0,16526,16315,17072,16158,15657,16428,16628,16418,17174,16147,15647,16418,16618,16407,17164,16112,15611,16382,16581,16370,17127,16105,15604,16375,16500,16317,17060,16122,15595,16483,16515,16318,17075,16139,15668,16424,16526,16315,17072,16158,15657,16428,16526,16315,17072,16158,15657,16428,16526,16315,17072,16158,15657,16428,16620,16423,17180,16109,15639,16395
2024-02-20,16191.0,428.5,16354.0,16051.0,16353,16157,16860,16008,15545,16262,16435,16240,16943,15992,15529,16246,16437,16241,16945,15958,15495,16211,16407,16211,16915,15955,15492,16209,16328,16158,16850,15976,15487,16313,16339,16160,16864,15992,15555,16258,16353,16157,16860,16008,15545,16262,16353,16157,16860,16008,15545,16262,16353,16157,16860,16008,15545,16262,16436,16256,16960,15958,15521,16224
2024-02-21,16181.0,424.4,16764.0,16137.0,16342,16147,16844,16002,15542,16251,16410,16216,16913,16007,15547,16256,16425,16231,16927,15955,15495,16204,16393,16199,16896,15950,15489,16198,16316,16149,16834,15968,15483,16302,16332,16150,16847,15986,15551,16247,16342,16147,16844,16002,15542,16251,16342,16147,16844,16002,15542,16251,16342,16147,16844,16002,15542,16251,16427,16245,16943,15957,15521,16218
2024-02-22,16434.0,468.9,16794.0,16413.0,16612,16397,17166,16239,15728,16511,16706,16491,17261,16249,15739,16522,16721,16506,17276,16224,15713,16496,16676,16461,17231,16191,15681,16464,16583,16398,17155,16198,15663,16568,16605,16400,17170,16221,15738,16507,16612,16397,17166,16239,15728,16511,16612,16397,17166,16239,15728,16511,16612,16397,17166,16239,15728,16511,16727,16521,17292,16224,15741,16510
2024-02-23,16656.0,458.3,16895.0,16609.0,16830,16620,17372,16466,15966,16731,16892,16682,17434,16484,15985,16749,16928,16718,17470,16459,15960,16724,16897,16687,17439,16423,15924,16689,16803,16621,17361,16430,15903,16787,16823,16623,17375,16448,15976,16728,16830,16620,17372,16466,15966,16731,16830,16620,17372,16466,15966,16731,16830,16620,17372,16466,15966,16731,16933,16732,17485,16459,15987,16739
2024-02-26,16715.0,428.7,16774.0,16583.0,16878,16681,17384,16538,16070,16785,16947,16751,17454,16578,16111,16826,16956,16759,17463,16540,16073,16788,16944,16748,17451,16505,16038,16753,16852,16682,17374,16504,16010,16782,16873,16684,17388,16523,16079,16782,16878,16681,17384,16538,16070,16785,16878,16681,17384,16538,16070,16785,16878,16681,17384,16538,16070,16785,16962,16773,17478,16543,16099,16803
2024-02-27,16658.0,394.3,16864.0,16447.0,16808,16627,17274,16496,16065,16722,16874,16693,17340,16550,16119,16776,16878,16697,17344,16504,16073,16730,16870,16689,17336,16462,16031,16689,16784,16628,17264,16464,16010,16720,16802,16629,17277,16481,16073,16711,16808,16627,17274,16496,16065,16722,16808,16627,17274,16496,16065,16821,16808,16627,17274,16496,16065,16920,16883,16711,17359,16507,16099,16836
2024-02-28,16843.0,422.6,16881.0,16378.0,17003,16810,17503,16668,16208,16912,17090,16896,17589,16718,16258,16962,17077,16883,17576,16673,16213,16917,17059,16865,17558,16629,16169,16873,16979,16811,17493,16635,16148,16909,16998,16812,17507,16653,16216,16900,17003,16810,17503,16668,16208,16912,17003,16810,17503,16668,16208,16912,17003,16810,17503,16668,16208,16912,17082,16896,17590,16677,16239,16923
2024-02-29,16415.0,410.0,16688.0,16346.0,16571,16383,17055,16245,15799,16482,16634,16446,17118,16276,15830,16513,16636,16448,17121,16241,15796,16478,16623,16435,17108,16195,15750,16432,16546,16384,17045,16213,15741,16479,16566,16385,17059,16229,15806,16470,16571,16383,17055,16245,15799,16482,16571,16383,17055,16245,15799,16482,16571,16383,17055,16245,15799,16482,16641,16460,17134,16243,15821,16485
2024-03-01,16391.0,394.6,16632.0,16142.0,16541,16360,17007,16228,15799,16455,16618,16438,17085,16267,15838,16495,16615,16434,17081,16233,15804,16461,16597,16416,17063,16190,15761,16418,16518,16361,16998,16197,15742,16437,16536,16362,17011,16214,15805,16444,16541,16360,17007,16228,15799,16455,16541,16360,17007,16228,15799,16455,16541,16360,17007,16228,15799,16455,16620,16446,17094,16237,15828,16468
2024-03-04,16590.0,422.9,16647.0,16346.0,16751,16557,17250,16414,15955,16659,16811,16617,17311,16433,15974,16677,16832,16638,17332,16418,15959,16663,16811,16617,17310,16374,15915,16618,16730,16558,17240,16382,15895,16639,16748,16559,17254,16400,15962,16647,16751,16557,17250,16414,15955,16659,16751,16557,17250,16414,15955,16659,16751,16557,17250,16414,15955,16659,16838,16650,17344,16422,15984,16669
2024-03-05,16375.0,404.7,16435.0,16057.0,16529,16343,17006,16206,15768,16441,16589,16404,17067,16221,15783,16455,16600,16415,17078,16206,15768,16440,16589,16404,17067,16165,15727,16399,16509,16344,16997,16176,15710,16422,16524,16345,17010,16191,15774,16430,16529,16343,17006,16206,15768,16441,16529,16343,17006,16206,15768,16441,16529,16343,17006,16206,15768,16441,16604,16426,17090,16208,15791,16447
2024-03-06,16139.0,405.1,16545.0,16117.0,16293,16107,16771,15968,15532,16205,16344,16158,16822,15964,15527,16200,16352,16167,16831,15969,15532,16205,16349,16163,16827,15922,15486,16158,16273,16108,16762,15940,15473,16186,16287,16109,16775,15955,15538,16194,16293,16107,16771,15968,15532,16205,16293,16107,16771,15968,15532,16205,16293,16107,16771,15968,15532,16205,16355,16177,16843,15973,15555,16211
2024-03-07,16459.0,415.4,16510.0,16108.0,16617,16426,17107,16286,15837,16526,16651,16460,17141,16283,15834,16523,16681,16491,17171,16290,15841,16530,16681,16491,17171,16250,15801,16491,16597,16427,17098,16254,15776,16507,16611,16429,17105,16270,15842,16515,16617,16426,17107,16286,15837,16526,16617,16426,17107,16286,15837,16526,16617,16426,17107,16286,15837,16526,16683,16501,17178,16291,15863,16536
2024-03-08,16282.0,406.4,16485.0,16244.0,16436,16250,16916,16111,15673,16347,16441,16255,16921,16073,15635,16309,16470,16284,16950,16101,15664,16338,16499,16313,16979,16074,15636,16310,16417,16251,16907,16078,15614,16329,16430,16252,16914,16096,15679,16337,16436,16250,16916,16111,15673,16347,16436,16250,16916,16111,15673,16347,16436,16250,16916,16111,15673,16347,16472,16294,16956,16102,15686,16344
2024-03-11,16336.0,375.4,16730.0,16351.0,16478,16306,16922,16179,15774,16396,16482,16310,16925,16140,15735,16357,16515,16343,16958,16180,15775,16397,16541,16369,16984,16144,15738,16361,16465,16307,16913,16147,15719,16380,16474,16309,16920,16164,15779,16387,16478,16306,16922,16179,15774,16396,16478,16306,16922,16179,15774,16396,16478,16306,16922,16179,15774,16396,16518,16352,16964,16181,15796,16404
2024-03-12,16665.0,393.3,17167.0,16603.0,16814,16634,17278,16502,16077,16728,16853,16673,17318,16475,16050,16702,16867,16687,17331,16515,16090,16742,16878,16698,17342,16467,16042,16694,16800,16635,17270,16467,16018,16711,16812,16636,17277,16486,16081,16718,16814,16634,17278,16502,16077,16728,16814,16634,17278,16502,16077,16728,16814,16634,17278,16502,16077,16728,16872,16696,17337,16516,16111,16748
2024-03-13,17029.0,425.5,17211.0,17005.0,17191,16996,17692,16853,16393,17097,17259,17064,17761,16841,16381,17086,17268,17073,17770,16872,16412,17117,17261,17066,17763,16819,16359,17063,17175,16997,17683,16815,16329,17078,17188,16998,17691,16838,16397,17087,17191,16996,17692,16853,16393,17097,17191,16996,17692,16853,16393,17097,17191,16996,17692,16853,16393,17097,17272,17083,17776,16873,16433,17122
2024-03-14,17105.0,380.1,17194.0,16738.0,17249,17075,17698,16949,16537,17166,17333,17158,17781,16981,16570,17199,17323,17148,17771,16980,16569,17198,17322,17148,17770,16920,16508,17137,17239,17076,17689,16918,16480,17149,17248,17077,17697,16936,16541,17156,17249,17075,17698,16949,16537,17166,17249,17075,17698,16949,16537,17166,17249,17075,17698,16949,16537,17166,17328,17157,17776,16984,16588,17204
2024-03-15,16754.0,399.2,16803.0,16516.0,16906,16723,17376,16589,16158,16818,16971,16788,17442,16590,16159,16819,16977,16794,17448,16609,16178,16838,16978,16795,17449,16561,16130,16790,16895,16724,17368,16553,16098,16800,16904,16725,17375,16577,16161,16808,16906,16723,17376,16589,16158,16818,16906,16723,17376,16589,16158,16818,16906,16723,17376,16589,16158,16818,16982,16803,17453,16613,16197,16844
2024-03-18,16707.0,382.9,16790.0,16616.0,16852,16677,17304,16548,16135,16768,16899,16723,17350,16551,16138,16771,16906,16731,17357,16559,16146,16779,16925,16750,17377,16530,16118,16750,16842,16678,17296,16511,16078,16751,16851,16679,17303,16537,16139,16759,16852,16677,17304,16548,16135,16768,16852,16677,17304,16548,16135,16768,16852,16677,17304,16548,16135,16768,16910,16738,17362,16563,16164,16785
2024-03-19,16645.0,353.5,16671.0,16449.0,16779,16617,17196,16499,16117,16701,16830,16668,17246,16515,16134,16718,16835,16673,17251,16514,16133,16717,16849,16687,17266,16481,16100,16684,16770,16621,17188,16467,16064,16686,16777,16619,17195,16488,16120,16693,16779,16617,17196,16499,16117,16701,16779,16617,17196,16499,16117,16701,16779,16617,17196,16499,16117,16701,16837,16680,17256,16518,16151,16723
2024-03-20,16592.0,332.5,16691.0,16408.0,16718,16566,17110,16454,16096,16645,16767,16615,17159,16480,16122,16671,16768,16616,17160,16465,16107,16656,16785,16633,17177,16436,16078,16627,16706,16569,17088,16422,16045,16631,16716,16568,17109,16444,16098,16637,16718,16566,17110,16454,16096,16645,16718,16566,17110,16454,16096,16645,16718,16566,17110,16454,16096,16645,16771,16622,17164,16470,16124,16663
2024-03-21,16674.0,344.8,16983.0,16704.0,16805,16647,17211,16530,16160,16729,16826,16668,17232,16537,16167,16736,16832,16675,17239,16532,16162,16731,16873,16715,17280,16524,16154,16722,16792,16651,17188,16498,16107,16714,16801,16649,17211,16521,16162,16721,16805,16647,17211,16530,16160,16729,16805,16561,17211,16530,16160,16729,16805,16475,17211,16530,16160,16729,16833,16594,17242,16537,16178,16737
2024-03-22,16719.0,333.5,16766.0,16317.0,16845,16693,17239,16580,16222,16772,16895,16743,17288,16623,16264,16814,16873,16720,17266,16582,16224,16774,16908,16756,17301,16578,16220,16770,16837,16696,17216,16551,16171,16758,16843,16695,17238,16571,16224,16764,16845,16693,17239,16580,16222,16772,16845,16693,17239,16580,16222,16772,16845,16693,17239,16580,16222,16772,16875,16726,17269,16587,16240,16780
2024-03-25,16488.0,349.6,16618.0,16389.0,16621,16461,17033,16342,15967,16543,16657,16497,17069,16345,15970,16546,16641,16481,17053,16324,15949,16525,16670,16510,17082,16334,15959,16535,16608,16464,17009,16309,15913,16529,16617,16462,17032,16331,15969,16535,16621,16461,17033,16342,15967,16543,16621,16461,17033,16342,15967,16543,16621,16461,17033,16342,15967,16543,16641,16486,17056,16326,15964,16530
2024-03-26,16468.0,331.4,16740.0,16452.0,16593,16442,16984,16330,15975,16520,16605,16453,16995,16320,15965,16510,16619,16467,17009,16312,15956,16502,16641,16490,17032,16325,15970,16515,16585,16446,16962,16301,15923,16507,16590,16444,16984,16321,15976,16513,16593,16442,16984,16330,15975,16520,16593,16442,16984,16330,15975,16520,16593,16442,16984,16330,15975,16520,16619,16473,17013,16316,15971,16508
2024-03-27,16541.0,342.3,16588.0,16310.0,16671,16514,17074,16399,16032,16595,16662,16505,17065,16391,16024,16587,16701,16544,17104,16390,16022,16585,16722,16566,17126,16397,16029,16593,16662,16518,17051,16369,15978,16581,16667,16516,17074,16389,16033,16587,16671,16514,17074,16399,16032,16595,16671,16514,17074,16399,16032,16595,16671,16514,17074,16399,16032,16595,16700,16549,17107,16392,16036,16591
2024-03-28,16419.0,340.0,16708.0,16313.0,16548,16392,16948,16278,15913,16473,16528,16373,16929,16246,15881,16440,16579,16424,16980,16278,15914,16473,16596,16441,16997,16276,15912,16471,16539,16401,16926,16248,15860,16459,16543,16394,16948,16266,15914,16465,16548,16392,16948,16278,15913,16473,16548,16392,16948,16278,15913,16473,16548,16392,16948,16278,15913,16473,16578,16429,16983,16280,15927,16478
2024-04-02,16580.0,359.3,17017.0,16750.0,16716,16552,17139,16431,16046,16637,16718,16554,17141,16424,16038,16629,16750,16586,17173,16428,16043,16633,16770,16606,17194,16432,16047,16638,16712,16561,17116,16399,15989,16622,16711,16554,17139,16420,16047,16629,16716,16552,17139,16431,16046,16637,16716,16552,17139,16431,16046,16637,16716,16552,17139,16431,16046,16637,16749,16591,17177,16430,16056,16638
2024-04-03,16906.0,340.9,16921.0,16658.0,17035,16879,17437,16766,16400,16964,17078,16922,17479,16797,16431,16995,17080,16924,17481,16783,16417,16981,17098,16942,17500,16776,16410,16974,17031,16888,17414,16735,16346,16959,17030,16881,17436,16754,16400,16959,17035,16879,17437,16766,16400,16964,17035,16879,17437,16766,16400,16964,17035,16879,17437,16766,16400,16964,17078,16929,17484,16784,16430,16989
2024-04-05,16800.0,337.3,16820.0,16456.0,16928,16774,17325,16660,16299,16857,16965,16811,17362,16674,16313,16871,16972,16818,17369,16676,16314,16872,16986,16831,17383,16668,16306,16865,16919,16782,17303,16628,16245,16853,16923,16775,17325,16650,16299,16853,16928,16774,17325,16660,16299,16857,16928,16774,17325,16660,16299,16857,16928,16774,17325,16660,16299,16857,16971,16823,17372,16678,16327,16880
2024-04-08,16722.0,345.2,16891.0,16544.0,16853,16695,17259,16579,16210,16780,16890,16732,17296,16577,16208,16779,16896,16738,17302,16591,16222,16793,16904,16747,17311,16585,16216,16787,16844,16707,17237,16546,16155,16776,16844,16697,17259,16567,16210,16776,16853,16695,17259,16579,16210,16780,16853,16695,17259,16579,16210,16780,16853,16695,17259,16579,16210,16780,16891,16744,17306,16592,16234,16801
2024-04-09,16774.0,349.8,17015.0,16781.0,16907,16747,17318,16628,16255,16833,16950,16791,17362,16628,16255,16833,16939,16779,17351,16631,16258,16836,16955,16795,17367,16632,16259,16837,16898,16759,17296,16594,16199,16829,16898,16748,17318,16615,16255,16829,16907,16747,17318,16628,16255,16833,16907,16747,17318,16628,16255,16833,16907,16747,17318,16628,16255,16833,16934,16785,17355,16630,16270,16844
2024-04-10,16891.0,329.5,17195.0,16825.0,17016,16865,17404,16754,16402,16947,17053,16902,17440,16752,16400,16944,17059,16909,17447,16774,16422,16967,17055,16904,17442,16759,16407,16952,17008,16877,17382,16722,16349,16942,17008,16867,17404,16743,16402,16943,17016,16865,17404,16754,16402,16947,17016,16865,17404,16754,16402,16947,17016,16865,17404,16754,16402,16947,17055,16914,17451,16775,16434,16974
2024-04-11,16835.0,343.2,17132.0,16758.0,16965,16808,17369,16693,16326,16893,17028,16871,17432,16724,16357,16924,17015,16858,17419,16710,16343,16910,17008,16852,17412,16702,16335,16902,16956,16820,17347,16660,16271,16889,16957,16810,17369,16681,16325,16889,16965,16808,17369,16693,16326,16893,16965,16808,17369,16693,16326,16893,16965,16808,17369,16693,16326,16893,17010,16864,17423,16709,16354,16917
2024-04-12,16964.0,351.7,17003.0,16430.0,17097,16937,17511,16819,16443,17023,17177,17016,17591,16852,16476,17056,17143,16982,17557,16831,16454,17035,17147,16986,17560,16832,16456,17036,17093,16949,17488,16787,16386,17019,17089,16938,17511,16806,16442,17019,17097,16937,17511,16819,16443,17023,17097,16937,17511,16819,16443,17023,17097,16937,17511,16819,16443,17023,17138,16988,17561,16829,16465,17042
2024-04-15,16436.0,369.9,16633.0,16331.0,16576,16407,17012,16283,15875,16498,16632,16463,17067,16265,15857,16480,16599,16430,17035,16270,15862,16485,16627,16458,17062,16286,15879,16501,16566,16420,16988,16247,15823,16494,16567,16409,17012,16270,15874,16494,16576,16407,17012,16283,15875,16498,16576,16407,17012,16283,15875,16498,16576,16407,17012,16283,15875,16498,16595,16437,17039,16268,15873,16492
2024-04-16,16396.0,349.2,16429.0,16128.0,16529,16369,16939,16252,15867,16455,16598,16438,17009,16248,15863,16450,16553,16394,16964,16234,15849,16436,16578,16418,16988,16259,15874,16461,16524,16381,16917,16221,15817,16451,16520,16371,16939,16241,15866,16451,16529,16369,16939,16252,15867,16455,16529,16369,16939,16252,15867,16455,16529,16369,16939,16252,15867,16455,16550,16400,16969,16234,15859,16444
2024-04-17,16212.0,343.1,16291.0,16131.0,16342,16185,16746,16070,15693,16270,16386,16229,16789,16050,15672,16249,16365,16208,16768,16056,15679,16255,16389,16233,16793,16073,15696,16273,16338,16197,16723,16040,15644,16266,16330,16187,16746,16058,15691,16266,16342,16185,16746,16070,15693,16270,16342,16185,16746,16070,15693,16270,16342,16185,16746,16070,15693,16270,16358,16215,16774,16055,15688,16263
2024-04-18,16180.0,315.2,16479.0,16160.0,16300,16156,16670,16050,15703,16233,16308,16164,16679,16004,15657,16187,16325,16181,16696,16043,15696,16225,16339,16195,16710,16052,15705,16234,16295,16166,16650,16029,15658,16229,16289,16157,16671,16040,15701,16229,16300,16156,16670,16050,15703,16233,16300,16156,16670,16050,15703,16233,16300,16156,16670,16050,15703,16233,16320,16188,16702,16044,15705,16233
2024-04-19,16326.0,330.8,16355.0,16009.0,16452,16301,16841,16191,15826,16381,16489,16338,16878,16166,15801,16357,16489,16338,16878,16186,15820,16376,16498,16347,16887,16196,15831,16387,16449,16312,16819,16174,15778,16378,16440,16302,16841,16179,15824,16378,16452,16301,16841,16191,15826,16381,16452,16301,16841,16191,15826,16381,16452,16301,16841,16191,15826,16381,16484,16345,16884,16185,15830,16384
2024-04-22,16305.0,323.4,16671.0,16325.0,16428,16280,16808,16172,15816,16359,16466,16319,16847,16150,15794,16337,16466,16318,16846,16160,15804,16347,16472,16324,16852,16172,15816,16359,16423,16291,16787,16151,15769,16355,16417,16281,16808,16160,15814,16356,16428,16280,16808,16172,15816,16359,16428,16280,16808,16172,15816,16359,16428,16280,16808,16172,15816,16359,16461,16326,16853,16159,15813,16355
2024-04-23,16658.0,337.0,16916.0,16593.0,16786,16632,17182,16520,16149,16714,16845,16691,17242,16517,16145,16711,16837,16684,17234,16518,16147,16712,16825,16672,17222,16520,16149,16714,16783,16644,17160,16507,16100,16711,16774,16633,17183,16507,16146,16711,16786,16632,17182,16520,16149,16714,16786,16632,17182,16520,16149,16714,16786,16632,17182,16520,16149,16714,16833,16692,17241,16516,16156,16720
2024-04-24,16908.0,342.8,17246.0,16930.0,17038,16882,17441,16768,16390,16965,17099,16943,17503,16757,16379,16954,17087,16931,17490,16761,16383,16958,17076,16920,17480,16766,16388,16963,17036,16893,17419,16759,16340,16962,17030,16883,17442,16754,16387,16962,17038,16882,17441,16768,16390,16965,17038,16882,17441,16768,16390,16965,17038,16882,17441,16768,16390,16965,17086,16940,17498,16759,16392,16966
2024-04-25,17169.0,355.3,17460.0,17088.0,17304,17142,17722,17025,16633,17228,17368,17206,17786,17022,16630,17226,17367,17205,17785,17039,16647,17242,17346,17184,17764,17023,16630,17226,17302,17154,17699,17014,16580,17224,17299,17143,17722,17011,16630,17225,17304,17142,17722,17025,16633,17228,17304,17142,17722,17025,16633,17228,17304,17142,17722,17025,16633,17228,17370,17214,17793,17037,16656,17251
2024-04-26,17309.0,365.9,17778.0,17315.0,17448,17281,17878,17161,16757,17370,17511,17344,17941,17158,16754,17367,17519,17352,17950,17176,16772,17385,17496,17329,17926,17159,16755,17368,17446,17293,17854,17150,16703,17359,17444,17282,17878,17146,16754,17366,17448,17281,17878,17161,16757,17370,17448,17281,17878,17161,16757,17370,17448,17281,17878,17161,16757,17370,17523,17362,17958,17173,16781,17393
2024-04-29,17619.0,383.7,18057.0,17659.0,17765,17590,18216,17464,17040,17683,17871,17695,18322,17515,17092,17734,17845,17670,18296,17480,17057,17699,17820,17645,18271,17467,17044,17686,17764,17603,18191,17454,16983,17672,17761,17591,18216,17450,17037,17679,17765,17590,18216,17464,17040,17683,17765,17590,18312,17464,17040,17778,17765,17590,18408,17464,17040,17874,17850,17679,18400,17479,17065,17804
2024-04-30,17763.0,386.5,17913.0,17584.0,17911,17733,18364,17607,17180,17827,18040,17863,18493,17673,17247,17893,18010,17833,18464,17638,17211,17858,17977,17799,18430,17622,17196,17843,17919,17746,18339,17597,17123,17819,17908,17735,18365,17595,17176,17823,17911,17733,18364,17607,17180,17827,17911,17733,18461,17607,17180,17924,17911,17733,18558,17607,17180,18020,18015,17842,18568,17638,17219,17963
2024-05-02,17586.0,376.4,18644.0,17730.0,17731,17557,18171,17434,17019,17648,17871,17697,18311,17510,17095,17725,17823,17649,18263,17462,17047,17676,17794,17620,18234,17446,17031,17661,17731,17570,18147,17422,16962,17623,17728,17559,18172,17422,17015,17645,17731,17557,18171,17434,17019,17648,17731,17557,18266,17434,17019,17648,17731,17557,18360,17434,17019,17648,17827,17658,18365,17462,17055,17685
2024-05-03,18578.0,475.8,18764.0,18378.0,18762,18542,19321,18386,17861,18660,18998,18777,19557,18486,17962,18761,18884,18664,19443,18413,17888,18687,18845,18625,19405,18408,17883,18682,18761,18558,19309,18371,17790,18710,18758,18543,19326,18371,17856,18660,18762,18542,19321,18386,17861,18660,18762,18542,19440,18386,17861,18660,18762,18542,19559,18386,17861,18660,18887,18673,19575,18410,17895,18700
2024-05-06,18599.0,443.2,18716.0,18420.0,18771,18565,19291,18419,17932,18676,18989,18783,19509,18508,18020,18764,18899,18693,19419,18451,17964,18708,18857,18651,19377,18443,17955,18699,18769,18580,19280,18406,17865,18722,18766,18567,19296,18406,17926,18676,18771,18565,19291,18419,17932,18676,18771,18565,19402,18419,17932,18676,18771,18565,19513,18419,17932,18676,18902,18702,19542,18450,17971,18720
2024-05-07,18621.0,425.2,18663.0,18429.0,18786,18589,19285,18449,17981,18695,19008,18811,19507,18556,18088,18801,18916,18719,19416,18491,18023,18737,18872,18675,19372,18476,18008,18722,18784,18603,19275,18438,17916,18739,18780,18590,19290,18436,17975,18695,18786,18589,19285,18449,17981,18695,18786,18589,19285,18449,17981,18695,18786,18589,19285,18449,17981,18695,18918,18728,19428,18491,18030,18749
2024-05-08,18483.0,403.3,18631.0,18230.0,18639,18452,19113,18320,17876,18553,18824,18638,19298,18409,17966,18642,18761,18575,19235,18363,17919,18596,18716,18530,19190,18343,17899,18576,18638,18466,19103,18309,17815,18595,18632,18454,19117,18307,17871,18553,18639,18452,19113,18320,17876,18553,18639,18452,19113,18320,17876,18553,18639,18452,19113,18320,17876,18553,18762,18583,19247,18363,17926,18608
2024-05-09,18354.0,420.8,18707.0,18290.0,18515,18322,19011,18183,17721,18427,18687,18494,19183,18256,17794,18500,18632,18439,19128,18214,17752,18457,18595,18402,19091,18209,17747,18452,18516,18336,19001,18173,17657,18470,18510,18323,19016,18168,17715,18427,18515,18322,19011,18183,17721,18427,18515,18322,19011,18183,17721,18427,18515,18322,19011,18183,17721,18427,18634,18447,19140,18212,17759,18470
2024-05-10,18668.0,405.3,19094.0,18643.0,18825,18637,19301,18504,18059,18738,18995,18807,19471,18572,18127,18806,18942,18755,19418,18536,18091,18771,18908,18721,19384,18528,18083,18763,18826,18657,19291,18496,17996,18780,18818,18638,19305,18489,18053,18738,18825,18637,19301,18504,18059,18738,18825,18637,19301,18504,18059,18738,18825,18637,19301,18504,18059,18738,18943,18763,19430,18535,18098,18784
2024-05-13,18952.0,421.1,19311.0,18822.0,19115,18920,19609,18782,18319,19025,19296,19102,19791,18857,18395,19100,19237,19042,19732,18818,18356,19061,19199,19004,19693,18806,18343,19048,19116,18940,19599,18776,18254,19069,19108,18921,19614,18766,18313,19025,19115,18920,19609,18782,18319,19025,19115,18920,19609,18782,18319,19025,19115,18920,19609,18782,18319,19025,19237,19051,19744,18816,18362,19074
2024-05-14,19237.0,440.7,19324.0,18973.0,19408,19204,19925,19059,18575,19313,19576,19372,20093,19123,18639,19377,19545,19341,20062,19117,18633,19371,19488,19284,20005,19081,18598,19335,19409,19225,19915,19054,18507,19359,19400,19205,19930,19043,18568,19313,19408,19204,19925,19059,18575,19313,19408,19204,19925,19059,18575,19313,19408,19204,19925,19059,18575,19313,19544,19349,20074,19114,18639,19384
2024-05-16,19089.0,428.2,19620.0,19130.0,19255,19057,19757,18916,18446,19163,19385,19187,19888,18952,18482,19198,19385,19187,19887,18967,18497,19214,19332,19134,19835,18932,18463,19179,19254,19077,19740,18910,18379,19208,19248,19058,19762,18900,18439,19163,19255,19057,19757,18916,18446,19163,19255,19057,19757,18916,18446,19163,19255,19057,19757,18916,18446,19163,19384,19195,19899,18965,18503,19228
2024-05-17,19599.0,452.0,19796.0,19365.0,19774,19565,20304,19416,18921,19677,19941,19732,20471,19476,18980,19736,19927,19718,20458,19484,18989,19745,19862,19653,20392,19443,18948,19704,19775,19598,20287,19411,18919,19724,19768,19566,20310,19402,18913,19677,19774,19565,20304,19416,18921,19677,19774,19565,20304,19416,18921,19677,19774,19565,20304,19416,18921,19677,19928,19726,20470,19484,18994,19759
2024-05-20,19721.0,450.1,19740.0,19504.0,19896,19687,20423,19539,19046,19798,19973,19765,20501,19564,19071,19823,20052,19844,20580,19601,19108,19861,19987,19778,20514,19566,19074,19826,19905,19720,20406,19533,19044,19846,19891,19688,20429,19525,19038,19799,19896,19687,20423,19539,19046,19798,19896,19687,20423,19539,19046,19798,19896,19687,20423,19539,19046,19798,20055,19852,20592,19601,19114,19875
2024-05-21,19523.0,411.5,19542.0,19167.0,19683,19492,20165,19356,18906,19594,19745,19554,20227,19378,18928,19616,19823,19632,20305,19412,18961,19649,19771,19581,20254,19381,18931,19619,19683,19522,20149,19348,18904,19637,19679,19493,20170,19344,18898,19594,19683,19492,20165,19356,18906,19594,19683,19492,20165,19356,18906,19594,19683,19492,20165,19356,18906,19594,19825,19639,20316,19413,18967,19663
2024-05-22,19251.0,419.0,19388.0,19049.0,19413,19220,19905,19081,18623,19323,19467,19273,19958,19084,18626,19326,19551,19357,20042,19136,18678,19378,19501,19307,19993,19102,18645,19344,19414,19250,19888,19073,18620,19367,19408,19220,19903,19066,18615,19323,19413,19220,19905,19081,18623,19323,19413,19220,19905,19081,18623,19323,19413,19220,19905,19081,18623,19323,19551,19364,20047,19135,18684,19392
2024-05-23,19070.0,410.5,19130.0,18658.0,19229,19039,19710,18903,18455,19140,19292,19102,19774,18905,18457,19142,19353,19164,19835,18949,18501,19186,19316,19127,19798,18925,18477,19162,19230,19069,19695,18893,18452,19184,19224,19040,19709,18889,18447,19141,19229,19039,19710,18903,18455,19140,19229,19039,19710,18903,18455,19140,19229,19039,19710,18903,18455,19140,19354,19170,19839,18949,18506,19201
2024-05-24,18673.0,413.9,18881.0,18544.0,18832,18642,19319,18504,18054,18744,18886,18696,19373,18491,18040,18730,18945,18755,19431,18534,18083,18774,18913,18723,19400,18516,18065,18755,18832,18672,19303,18490,18050,18788,18828,18643,19317,18490,18045,18745,18832,18642,19319,18504,18054,18744,18832,18642,19319,18504,17950,18744,18832,18642,19319,18504,17847,18744,18946,18761,19435,18534,17985,18788
2024-05-27,18699.0,399.0,18890.0,18529.0,18853,18669,19321,18537,18102,18767,18893,18709,19361,18516,18081,18747,18958,18774,19426,18560,18126,18791,18937,18753,19406,18556,18121,18786,18854,18699,19306,18527,18098,18809,18850,18670,19320,18525,18093,18768,18853,18669,19321,18537,18102,18767,18853,18669,19321,18537,18102,18767,18853,18669,19321,18537,18102,18767,18960,18780,19430,18563,18131,18806
2024-05-28,18844.0,410.9,19008.0,18700.0,19003,18813,19485,18677,18230,18914,19020,18830,19501,18641,18194,18879,19102,18912,19584,18697,18250,18934,19088,18899,19570,18694,18247,18932,19012,18844,19469,18668,18226,18958,19001,18814,19483,18665,18220,18915,19003,18813,19485,18677,18230,18914,19003,18813,19485,18677,18230,18914,19003,18813,19485,18677,18230,18914,19106,18918,19587,18699,18254,18949
2024-05-29,18723.0,399.2,18700.0,18406.0,18878,18693,19345,18561,18126,18791,18875,18691,19343,18524,18089,18754,18961,18776,19428,18574,18140,18805,18959,18775,19427,18576,18141,18806,18888,18723,19330,18554,18122,18834,18876,18694,19344,18549,18117,18792,18878,18693,19345,18561,18126,18791,18878,18693,19345,18561,18126,18791,18878,18693,19345,18561,18126,18791,18964,18782,19432,18576,18144,18819
2024-05-30,18433.0,387.4,18543.0,18172.0,18583,18404,19037,18275,17854,18499,18571,18392,19025,18231,17810,18455,18642,18463,19096,18271,17850,18495,18662,18483,19116,18289,17868,18513,18593,18422,19022,18269,17850,18540,18581,18405,19036,18264,17845,18500,18583,18404,19037,18275,17854,18499,18583,18404,19037,18275,17854,18499,18583,18404,19037,18275,17854,18499,18646,18469,19100,18274,17855,18510
2024-05-31,18451.0,388.6,18544.0,18027.0,18601,18422,19057,18292,17871,18517,18549,18370,19004,18217,17795,18442,18658,18479,19114,18284,17863,18509,18675,18496,19131,18302,17881,18527,18612,18440,19042,18285,17866,18559,18600,18423,19056,18282,17861,18518,18601,18422,19057,18292,17871,18517,18601,18422,19057,18292,17871,18517,18601,18422,19057,18292,17871,18517,18662,18484,19118,18287,17867,18524
2024-06-03,18156.0,404.6,18568.0,18205.0,18311,18126,18787,17990,17552,18225,18251,18066,18726,17893,17455,18128,18320,18135,18795,17953,17516,18189,18376,18191,18852,17985,17547,18221,18323,18145,18771,17983,17547,18268,18311,18126,18786,17980,17542,18226,18311,18126,18787,17990,17552,18225,18311,18126,18787,17990,17552,18225,18311,18126,18787,17990,17552,18225,18324,18140,18799,17957,17519,18203
2024-06-04,18278.0,397.4,18522.0,18256.0,18431,18249,18897,18116,17685,18346,18412,18229,18878,18044,17613,18274,18453,18270,18919,18091,17660,18321,18506,18323,18972,18119,17689,18349,18442,18267,18883,18110,17680,18391,18430,18249,18896,18105,17675,18347,18431,18249,18897,18116,17685,18346,18431,18249,18897,18116,17685,18346,18431,18249,18897,18116,17685,18346,18456,18275,18922,18093,17663,18335
2024-06-05,18429.0,374.5,18708.0,18350.0,18574,18401,19013,18276,17870,18493,18578,18405,19017,18237,17832,18454,18603,18430,19041,18258,17852,18475,18654,18481,19092,18288,17883,18505,18591,18418,18999,18273,17865,18535,18574,18402,19012,18267,17860,18494,18574,18401,19013,18276,17870,18493,18574,18401,19013,18276,17870,18493,18574,18401,19013,18276,17870,18493,18607,18435,19045,18262,17856,18489
2024-06-06,18472.0,386.7,18678.0,18354.0,18622,18443,19074,18315,17896,18538,18642,18463,19094,18286,17867,18510,18663,18485,19116,18301,17882,18525,18704,18525,19156,18330,17910,18553,18639,18461,19060,18311,17890,18582,18623,18444,19074,18306,17885,18539,18622,18443,19074,18315,17896,18538,18622,18443,19074,18315,17896,18538,18622,18443,19074,18315,17896,18538,18668,18489,19119,18305,17885,18539
2024-06-07,18543.0,383.3,18595.0,18102.0,18692,18515,19140,18387,17972,18608,18727,18550,19176,18388,17972,18608,18736,18559,19185,18381,17965,18601,18772,18595,19221,18399,17984,18620,18714,18543,19126,18386,17966,18652,18692,18515,19140,18378,17961,18609,18692,18515,19140,18387,17972,18608,18692,18515,19140,18387,17972,18608,18692,18515,19140,18387,17972,18608,18741,18563,19188,18384,17967,18615
2024-06-11,18126.0,392.0,18250.0,17956.0,18278,18097,18737,17967,17542,18193,18299,18118,18757,17934,17510,18160,18308,18127,18767,17940,17516,18166,18352,18171,18810,17970,17545,18196,18301,18126,18722,17966,17536,18237,18278,18097,18717,17956,17531,18194,18278,18097,18737,17967,17542,18193,18278,18097,18737,17967,17542,18193,18278,18097,18737,17967,17542,18193,18311,18131,18751,17942,17517,18180
2024-06-12,18052.0,370.0,18132.0,17814.0,18195,18025,18628,17901,17501,18115,18209,18039,18643,17868,17468,18082,18211,18040,18644,17867,17467,18081,18264,18094,18697,17902,17502,18116,18217,18052,18615,17901,17495,18157,18195,18025,18610,17892,17490,18116,18195,18025,18628,17901,17501,18115,18195,18025,18628,17901,17501,18115,18195,18025,18628,17901,17501,18115,18214,18043,18628,17870,17469,18094
2024-06-13,18024.0,372.3,18156.0,17890.0,18168,17997,18604,17872,17470,18087,18175,18004,18611,17828,17426,18043,18170,17999,18606,17832,17430,18047,18237,18066,18673,17881,17479,18096,18190,18024,18590,17871,17464,18129,18167,17997,18585,17863,17459,18088,18168,17997,18604,17872,17470,18087,18168,17997,18604,17872,17470,18087,18168,17997,18604,17872,17470,18087,18172,18002,18591,17834,17431,18060
2024-06-14,17940.0,357.6,18079.0,17736.0,18077,17914,18497,17794,17408,18001,18101,17938,18521,17768,17382,17974,18083,17920,18503,17759,17373,17966,18145,17982,18565,17802,17416,18009,18100,17949,18484,17797,17402,18041,18077,17914,18479,17785,17397,18002,18077,17914,18497,17794,17408,18001,18077,17914,18497,17794,17408,18001,18077,17914,18497,17794,17408,18001,18085,17922,18488,17762,17374,17978
2024-06-17,17775.0,360.3,18104.0,17689.0,17914,17749,18336,17628,17239,17836,17942,17777,18364,17606,17217,17814,17902,17736,18324,17579,17191,17787,17985,17819,18406,17637,17249,17846,17931,17784,18298,17627,17233,17816,17913,17749,18318,17619,17228,17837,17914,17749,18336,17628,17239,17836,17914,17749,18336,17628,17239,17836,17914,17749,18336,17628,17239,17836,17903,17739,18308,17581,17191,17800
2024-06-18,18003.0,370.1,18058.0,17825.0,18146,17976,18579,17852,17453,18066,18199,18029,18632,17863,17464,18076,18143,17972,18575,17809,17410,18023,18223,18052,18656,17862,17463,18075,18163,18012,18540,17850,17446,18045,18146,17976,18561,17843,17441,18067,18146,17976,18579,17852,17453,18066,18146,17976,18579,17852,17453,18066,18146,17976,18579,17852,17453,18066,18144,17974,18559,17811,17409,18035
2024-06-19,18018.0,345.8,18444.0,18018.0,18152,17993,18556,17877,17504,18077,18170,18011,18575,17863,17491,18063,18151,17992,18556,17834,17462,18034,18221,18063,18626,17883,17511,18083,18167,18027,18520,17875,17497,18058,18152,17993,18540,17868,17493,18078,18152,17993,18556,17877,17504,18077,18152,17993,18556,17877,17504,18077,18152,17993,18556,17877,17504,18077,18153,17994,18541,17836,17461,18046
2024-06-20,18377.0,375.5,18501.0,18131.0,18522,18350,18961,18224,17820,18441,18561,18388,19000,18210,17806,18427,18544,18371,18983,18198,17793,18414,18602,18429,19041,18238,17834,18455,18539,18386,18922,18222,17812,18420,18522,18350,18943,18214,17807,18442,18522,18350,18961,18224,17820,18441,18522,18350,18961,18224,17820,18441,18522,18350,18961,18224,17820,18441,18545,18372,18966,18199,17791,18426
2024-06-21,18185.0,375.2,18198.0,17942.0,18330,18158,18769,18032,17628,18248,18353,18181,18792,18002,17598,18218,18351,18179,18790,18002,17599,18219,18403,18231,18842,18040,17637,18257,18347,18194,18729,18030,17620,18228,18329,18158,18751,18022,17615,18250,18330,18158,18769,18032,17628,18248,18330,18158,18769,18032,17628,18248,18330,18158,18769,18032,17628,18248,18351,18180,18773,18003,17597,18231
2024-06-24,17960.0,354.3,18265.0,17785.0,18096,17934,18511,17814,17435,18020,18100,17939,18516,17771,17391,17977,18116,17954,18531,17793,17413,17998,18162,18001,18578,17818,17439,18024,18106,17968,18474,17814,17427,18001,18094,17934,18494,17806,17422,18021,18096,17934,18511,17814,17435,18020,18096,17934,18511,17814,17435,18020,18096,17934,18511,17814,17435,18020,18115,17955,18515,17794,17411,18010
2024-06-25,18148.0,382.1,18240.0,17913.0,18296,18120,18742,17990,17582,18212,18326,18151,18773,17972,17564,18195,18321,18146,18768,17965,17557,18188,18361,18186,18808,17989,17581,18212,18306,18157,18702,17991,17573,18192,18293,18120,18724,17979,17568,18214,18296,18120,18742,17990,17582,18212,18296,18120,18742,17990,17582,18212,18296,18120,18742,17990,17582,18212,18319,18147,18751,17965,17553,18199
2024-06-26,17954.0,369.1,18155.0,17897.0,18095,17927,18528,17801,17407,18016,18124,17956,18556,17777,17383,17992,18117,17949,18550,17772,17379,17988,18156,17987,18588,17796,17403,18012,18100,17962,18490,17798,17398,17996,18094,17927,18511,17791,17394,18018,18095,17927,18528,17801,17407,18016,18095,17927,18528,17801,17407,18016,18095,17927,18528,17801,17407,18016,18116,17949,18533,17773,17375,17999
2024-06-27,17950.0,353.6,17933.0,17582.0,18087,17925,18500,17804,17427,18009,18127,17965,18541,17798,17421,18004,18111,17949,18524,17779,17402,17985,18140,17978,18554,17798,17421,18004,18090,17958,18463,17800,17418,17991,18086,17924,18483,17796,17425,18011,18087,17925,18500,17804,17427,18009,18087,17925,18500,17804,17427,18009,18087,17925,18500,17804,17427,18009,18110,17949,18508,17781,17410,17996
2024-06-28,17613.0,354.2,17861.0,17523.0,17749,17588,18164,17466,17089,17672,17775,17614,18190,17436,17059,17643,17774,17613,18189,17438,17061,17644,17791,17630,18206,17450,17073,17656,17753,17613,18127,17461,17080,17654,17749,17587,18147,17459,17087,17674,17749,17588,18164,17466,17089,17672,17749,17588,18164,17466,17089,17672,17749,17588,18164,17466,17089,17672,17775,17613,18173,17440,17069,17656
2024-07-02,17653.0,359.9,17990.0,17581.0,17792,17627,18213,17504,17121,17713,17829,17665,18250,17486,17103,17695,17825,17660,18246,17484,17101,17693,17837,17672,18258,17490,17107,17699,17802,17653,18175,17501,17146,17694,17792,17631,18196,17497,17119,17715,17792,17627,18213,17504,17121,17713,17792,17627,18213,17504,17121,17713,17792,17627,18213,17504,17121,17713,17826,17665,18229,17486,17108,17705
2024-07-03,17864.0,369.2,18148.0,17790.0,18007,17838,18438,17712,17318,17926,18045,17876,18476,17696,17302,17909,18052,17883,18484,17709,17315,17923,18034,17865,18465,17693,17299,17906,18023,17864,18400,17708,17344,17906,18007,17842,18421,17704,17316,17928,18007,17838,18438,17712,17318,17926,18007,17838,18438,17712,17318,17926,18007,17838,18438,17712,17318,17926,18053,17888,18467,17710,17322,17934
2024-07-04,18089.0,371.8,18131.0,17919.0,18233,18063,18667,17937,17540,18151,18294,18124,18728,17931,17534,18145,18273,18102,18707,17927,17530,18141,18264,18093,18698,17920,17523,18134,18255,18097,18629,17936,17565,18132,18233,18067,18650,17928,17537,18153,18233,18063,18667,17937,17540,18151,18233,18063,18667,17937,17540,18151,18233,18063,18667,17937,17540,18151,18273,18107,18690,17927,17536,18153
2024-07-05,18014.0,347.6,18085.0,17575.0,18149,17990,18555,17871,17501,18072,18170,18011,18576,17849,17479,18050,18179,18020,18585,17853,17483,18054,18178,18019,18584,17853,17483,18054,18164,18022,18518,17867,17524,18054,18149,17993,18538,17862,17498,18074,18149,17990,18555,17871,17501,18072,18149,17990,18555,17871,17501,18072,18149,17990,18555,17871,17501,18072,18179,18024,18569,17854,17489,18065
2024-07-08,17703.0,374.0,17701.0,17415.0,17847,17677,18285,17548,17151,17765,17865,17694,18302,17506,17109,17723,17868,17697,18305,17512,17115,17729,17878,17708,18316,17523,17127,17741,17864,17711,18246,17545,17172,17746,17848,17681,18267,17540,17148,17768,17847,17677,18285,17548,17151,17765,17847,17677,18285,17548,17151,17765,17847,17677,18285,17548,17151,17765,17868,17701,18288,17513,17121,17740
2024-07-09,17474.0,354.1,17610.0,17347.0,17610,17449,18025,17327,16952,17533,17626,17465,18041,17280,16905,17486,17620,17459,18035,17282,16907,17488,17637,17477,18052,17301,16926,17507,17627,17475,17988,17324,16971,17515,17610,17453,18008,17318,16948,17535,17610,17449,18025,17327,16952,17533,17610,17449,18025,17327,16952,17533,17610,17449,18025,17327,16952,17533,17620,17463,18018,17282,16912,17499
2024-07-10,17582.0,345.7,17757.0,17430.0,17715,17558,18120,17439,17073,17639,17714,17557,18119,17397,17031,17598,17730,17573,18135,17409,17043,17610,17737,17581,18142,17411,17045,17611,17725,17583,18084,17436,17091,17622,17714,17561,18103,17430,17069,17642,17715,17558,18120,17439,17073,17639,17715,17558,18120,17439,17073,17639,17715,17558,18120,17439,17073,17639,17730,17577,18119,17409,17048,17621
2024-07-11,17561.0,349.0,17989.0,17560.0,17695,17537,18104,17416,17047,17619,17704,17546,18113,17381,17012,17584,17714,17555,18122,17387,17018,17589,17712,17554,18121,17384,17015,17587,17705,17562,18067,17411,17065,17601,17694,17540,18087,17407,17043,17621,17695,17537,18104,17416,17047,17619,17695,17537,18104,17416,17047,17619,17695,17537,18104,17416,17047,17619,17713,17559,18106,17386,17022,17601
2024-07-12,17923.0,373.1,18375.0,17948.0,18067,17897,18503,17769,17374,17985,18099,17929,18536,17738,17344,17955,18103,17933,18540,17751,17356,17967,18086,17917,18523,17739,17345,17956,18077,17924,18464,17763,17393,17966,18067,17901,18486,17759,17369,17988,18067,17897,18503,17769,17374,17985,18067,17897,18503,17769,17374,17985,18067,17897,18503,17769,17374,17985,18104,17938,18522,17750,17360,17978
2024-07-15,18216.0,378.2,18222.0,17796.0,18362,18190,18804,18060,17660,18279,18441,18268,18883,18070,17670,18288,18415,18242,18857,18051,17650,18269,18392,18219,18834,18038,17637,18256,18379,18217,18765,18056,17678,18259,18362,18194,18786,18051,17702,18281,18362,18190,18804,18060,17660,18279,18362,18190,18804,18060,17660,18279,18362,18190,18804,18060,17660,18279,18415,18247,18839,18050,17701,18280
2024-07-16,17824.0,378.3,17872.0,17620.0,17970,17798,18412,17667,17268,17886,18023,17851,18466,17645,17246,17864,18015,17843,18458,17647,17248,17866,17987,17815,18429,17633,17233,17852,17987,17825,18373,17664,17286,17867,17970,17802,18394,17658,17310,17889,17970,17798,18412,17667,17268,17886,17970,17798,18412,17667,17268,17886,17970,17798,18412,17667,17268,17886,18015,17848,18440,17647,17298,17878
2024-07-17,17801.0,364.2,17797.0,17615.0,17941,17776,18368,17650,17266,17861,17965,17800,18391,17615,17231,17826,17972,17807,18398,17624,17240,17835,17955,17790,18381,17615,17232,17827,17958,17802,18330,17647,17349,17843,17941,17780,18350,17641,17306,17864,17941,17776,18368,17650,17266,17861,17941,17776,18368,17650,17266,17861,17941,17776,18368,17650,17266,17861,17973,17811,18381,17624,17289,17847
2024-07-18,17640.0,341.5,17851.0,17536.0,17771,17617,18171,17498,17139,17696,17766,17612,18166,17452,17093,17650,17799,17645,18199,17472,17113,17670,17785,17631,18185,17463,17104,17662,17781,17637,18136,17493,17216,17679,17771,17620,18155,17489,17176,17699,17771,17617,18171,17498,17139,17696,17771,17617,18171,17498,17139,17696,17771,17617,18171,17498,17139,17696,17799,17649,18183,17472,17159,17682
2024-07-19,17541.0,345.6,17604.0,17349.0,17674,17518,18079,17397,17034,17598,17687,17531,18092,17357,16994,17557,17691,17535,18096,17366,17003,17567,17693,17537,18098,17369,17005,17569,17684,17538,18043,17395,17112,17581,17673,17521,18062,17388,17071,17601,17674,17518,18079,17397,17034,17598,17674,17518,18079,17397,17034,17598,17674,17518,18079,17397,17034,17598,17691,17539,18080,17366,17049,17578
2024-07-22,17409.0,330.3,17738.0,17293.0,17536,17387,17923,17271,16925,17463,17548,17399,17935,17256,16909,17448,17551,17402,17938,17242,16896,17434,17554,17405,17941,17242,16896,17434,17546,17406,17888,17269,17018,17447,17534,17390,17907,17261,16960,17466,17536,17387,17923,17271,16925,17463,17536,17387,17923,17271,16925,17463,17536,17387,17923,17271,16925,17463,17549,17405,17923,17241,16940,17446
2024-07-23,17705.0,353.0,17712.0,17380.0,17841,17681,18254,17558,17188,17763,17888,17729,18301,17558,17188,17763,17873,17713,18286,17535,17164,17739,17867,17707,18280,17536,17165,17740,17851,17702,18210,17556,17287,17745,17840,17685,18237,17549,17225,17766,17841,17681,18254,17558,17188,17763,17841,17681,18254,17558,17188,17763,17841,17681,18254,17558,17188,17763,17872,17717,18270,17535,17211,17752
2024-07-24,17442.0,343.7,17503.0,17200.0,17574,17419,17977,17299,16939,17498,17608,17453,18011,17279,16919,17478,17591,17436,17993,17268,16908,17467,17595,17440,17998,17271,16911,17470,17578,17439,17902,17297,17035,17481,17573,17422,17960,17288,16975,17501,17574,17419,17977,17299,16939,17498,17574,17419,17977,17299,16939,17498,17574,17419,17977,17299,16939,17498,17591,17439,17978,17266,16953,17479
2024-07-25,17218.0,344.3,17282.0,16957.0,17350,17195,17754,17074,16714,17274,17373,17218,17777,17045,16685,17245,17366,17211,17770,17042,16682,17242,17368,17214,17772,17044,16684,17244,17352,17215,17679,17072,16810,17257,17350,17198,17737,17064,16750,17278,17350,17195,17754,17074,16714,17274,17350,17195,17754,17074,16714,17274,17350,17195,17754,17074,16714,17274,17366,17215,17754,17041,16727,17255
2024-07-26,17064.0,340.9,17214.0,16921.0,17194,17041,17594,16921,16565,17120,17181,17028,17581,16866,16510,17065,17203,17051,17604,16878,16523,17077,17210,17058,17611,16887,16532,17086,17197,17061,17520,16917,16660,17103,17193,17044,17578,16909,16601,17123,17194,17041,17594,16921,16565,17120,17194,17041,17594,16921,16565,17120,17194,17041,17594,16921,16565,17120,17203,17054,17588,16875,16567,17089
2024-07-29,17107.0,341.0,17358.0,17129.0,17237,17084,17637,16964,16608,17162,17196,17043,17596,16891,16535,17090,17256,17103,17656,16932,16577,17131,17259,17106,17659,16934,16579,17133,17240,17104,17564,16963,16703,17146,17236,17087,17621,16952,16643,17166,17237,17084,17637,16964,16608,17162,17237,17084,17637,16964,16608,17162,17237,17084,17637,16964,16608,17162,17255,17106,17640,16930,16621,17144
2024-07-30,17193.0,326.5,17188.0,16962.0,17318,17171,17701,17056,16716,17246,17303,17156,17685,17026,16686,17216,17337,17190,17720,17030,16690,17220,17344,17197,17727,17033,16693,17223,17322,17190,17630,17056,16806,17230,17317,17174,17685,17045,16749,17249,17318,17171,17701,17056,16716,17246,17318,17171,17701,17056,16716,17246,17318,17171,17701,17056,16716,17246,17336,17193,17705,17028,16732,17233
2024-07-31,17017.0,315.1,17422.0,17011.0,17137,16996,17507,16885,16557,17068,17119,16977,17488,16850,16522,17034,17140,16999,17509,16850,16522,17033,17161,17020,17531,16866,16538,17049,17141,17013,17439,16885,16644,17053,17135,16999,17492,16874,16589,17072,17137,16996,17507,16885,16557,17068,17137,16996,17507,16885,16557,17068,17137,16996,17507,16885,16557,17068,17138,17002,17495,16849,16564,17046
2024-08-01,17349.0,344.0,17406.0,17013.0,17481,17327,17884,17205,16847,17405,17505,17350,17908,17186,16828,17386,17491,17336,17893,17173,16815,17373,17506,17351,17909,17184,16826,17384,17485,17344,17810,17205,16942,17388,17478,17329,17868,17193,16881,17409,17481,17327,17884,17205,16847,17405,17481,17327,17884,17205,16847,17405,17481,17327,17884,17205,16847,17405,17488,17339,17878,17170,16859,17386
2024-08-02,17021.0,339.2,17055.0,16804.0,17151,16999,17549,16879,16526,17076,17159,17007,17557,16837,16485,17034,17161,17010,17559,16838,16485,17035,17171,17019,17569,16849,16497,17047,17153,17016,17476,16879,16619,17060,17147,17001,17533,16866,16560,17080,17151,16999,17549,16879,16526,17076,17151,16999,17549,16879,16526,17076,17151,16999,17549,16879,16526,17076,17158,17013,17544,16835,16529,17049
2024-08-05,16881.0,321.9,16939.0,16424.0,17003,16860,17382,16746,16412,16933,17009,16866,17388,16702,16368,16889,17013,16869,17391,16716,16382,16903,17018,16875,17396,16713,16379,16900,17006,16877,17312,16745,16500,16918,16999,16862,17366,16734,16443,16937,17003,16860,17382,16746,16412,16933,17003,16860,17382,16746,16412,16933,17003,16860,17382,16746,16412,16933,17010,16873,17377,16714,16424,16917
2024-08-06,16760.0,357.5,16914.0,16486.0,16896,16737,17316,16609,16239,16818,16875,16716,17295,16530,16161,16739,16909,16750,17329,16569,16200,16778,16908,16749,17328,16567,16197,16776,16898,16755,17219,16606,16316,16801,16890,16739,17284,16596,16252,16822,16896,16737,17316,16609,16239,16818,16896,16737,17316,16609,16239,16818,16896,16737,17316,16609,16239,16818,16905,16754,17298,16567,16223,16793
2024-08-07,16680.0,359.1,16983.0,16615.0,16817,16657,17239,16527,16157,16738,16811,16651,17232,16454,16084,16665,16831,16671,17253,16481,16111,16691,16831,16671,17253,16489,16119,16700,16819,16675,17141,16526,16234,16721,16811,16659,17206,16514,16170,16742,16817,16657,17239,16527,16157,16738,16817,16657,17239,16527,16157,16738,16817,16657,17239,16527,16157,16738,16827,16675,17222,16478,16134,16706
2024-08-08,16720.0,357.4,17141.0,16639.0,16857,16697,17276,16569,16200,16777,16874,16715,17294,16515,16146,16723,16877,16717,17296,16527,16158,16736,16876,16717,17295,16533,16164,16742,16859,16715,17179,16569,16276,16761,16852,16699,17244,16556,16212,16782,16857,16697,17276,16569,16200,16777,16857,16697,17276,16569,16200,16777,16857,16697,17276,16569,16200,16777,16874,16722,17266,16525,16181,16751
2024-08-09,17131.0,386.5,17248.0,16963.0,17279,17106,17732,16969,16569,17193,17332,17159,17785,16933,16533,17158,17299,17126,17752,16923,16524,17148,17308,17134,17760,16937,16537,17161,17284,17126,17627,16969,16651,17175,17274,17109,17697,16954,16582,17198,17279,17106,17732,16969,16569,17193,17279,17106,17732,16969,16569,17193,17279,17106,17732,16969,16569,17193,17296,17131,17719,16920,16547,17163
2024-08-12,17047.0,368.7,17178.0,16989.0,17188,17024,17620,16891,16511,17106,17236,17071,17668,16855,16475,17070,17191,17027,17623,16837,16457,17052,17216,17051,17648,16859,16479,17074,17191,17042,17520,16892,16589,17089,17183,17026,17587,16878,16523,17111,17188,17024,17620,16891,16511,17106,17188,17024,17620,16891,16511,17106,17188,17024,17620,16891,16511,17106,17188,17031,17592,16835,16480,17067
2024-08-13,17139.0,340.4,17283.0,17058.0,17268,17117,17668,16996,16645,17193,17303,17152,17703,16953,16602,17151,17278,17127,17678,16960,16608,17157,17296,17145,17696,16968,16616,17165,17272,17134,17576,16996,16717,17178,17263,17119,17638,16984,16655,17198,17268,17117,17668,16996,16645,17193,17268,17117,17668,16996,16645,17193,17268,17117,17668,16996,16645,17193,17275,17131,17650,16959,16630,17173
2024-08-14,17281.0,334.1,17277.0,16940.0,17409,17260,17801,17141,16796,17334,17458,17309,17850,17114,16769,17307,17424,17275,17816,17110,16765,17303,17432,17283,17823,17112,16768,17306,17411,17276,17710,17141,16866,17319,17404,17262,17771,17129,16806,17339,17409,17260,17801,17141,16796,17334,17409,17260,17801,17141,16796,17334,17409,17260,17801,17141,16796,17334,17422,17280,17788,17110,16787,17403
2024-08-15,16997.0,336.1,17315.0,16896.0,17125,16976,17520,16856,16509,17051,17132,16983,17527,16796,16450,16991,17141,16992,17535,16817,16470,17011,17147,16998,17541,16823,16477,17018,17128,16992,17428,16856,16580,17036,17121,16978,17489,16844,16519,17055,17125,16976,17520,16856,16509,17051,17125,16976,17520,16856,16509,17051,17125,16976,17520,16856,16509,17051,17139,16996,17508,16817,16492,17027
2024-08-16,17285.0,349.1,17575.0,17243.0,17418,17263,17828,17138,16779,17341,17452,17297,17862,17102,16742,17304,17440,17284,17849,17099,16740,17301,17438,17282,17847,17103,16744,17305,17423,17280,17733,17138,16852,17325,17413,17265,17797,17126,16789,17345,17418,17263,17828,17138,16779,17341,17418,17263,17828,17138,16779,17341,17418,17263,17828,17138,16779,17341,17438,17289,17821,17099,16761,17318
2024-08-19,17553.0,352.9,17759.0,17531.0,17689,17531,18102,17405,17042,17609,17748,17590,18161,17386,17023,17590,17721,17564,18134,17374,17010,17578,17712,17555,18125,17375,17011,17579,17692,17548,18005,17405,17115,17593,17683,17533,18070,17393,17052,17614,17689,17531,18102,17405,17042,17609,17689,17531,18102,17405,17042,17609,17689,17531,18102,17405,17042,17609,17719,17569,18106,17373,17032,17594
2024-08-20,17726.0,344.2,17727.0,17309.0,17859,17705,18261,17582,17227,17781,17931,17777,18334,17608,17253,17807,17885,17731,18287,17556,17201,17754,17887,17733,18290,17557,17203,17756,17862,17721,18167,17581,17299,17765,17854,17706,18230,17573,17237,17786,17859,17705,18261,17582,17227,17781,17859,17705,18261,17582,17227,17781,17859,17705,18261,17582,17227,17781,17883,17736,18260,17558,17223,17771
2024-08-21,17341.0,364.6,17516.0,17241.0,17481,17319,17908,17188,16813,17399,17539,17376,17966,17199,16824,17410,17507,17344,17934,17157,16782,17368,17502,17340,17929,17157,16782,17368,17483,17336,17808,17187,16888,17383,17476,17320,17875,17179,16823,17404,17481,17319,17908,17188,16813,17399,17481,17319,17908,17188,16813,17399,17481,17319,17908,17188,16813,17399,17506,17350,17905,17159,16804,17385
2024-08-22,17502.0,350.1,17662.0,17377.0,17637,17481,18046,17356,16995,17557,17681,17525,18091,17363,17003,17565,17668,17512,18078,17332,16972,17534,17660,17504,18070,17328,16968,17530,17640,17497,17950,17354,17067,17542,17633,17482,18015,17348,17005,17563,17637,17481,18046,17356,16995,17557,17637,17481,18046,17356,16995,17557,17637,17481,18046,17356,16995,17557,17668,17517,18050,17337,16993,17551
2024-08-23,17466.0,342.9,17772.0,17460.0,17598,17445,17999,17323,16970,17520,17617,17464,18018,17326,16973,17523,17634,17481,18035,17307,16954,17504,17621,17468,18022,17294,16941,17491,17601,17461,17905,17322,17040,17505,17596,17446,17968,17316,16979,17525,17598,17445,17999,17323,16970,17520,17598,17445,17999,17323,16970,17520,17598,17445,17999,17323,16970,17520,17636,17486,18008,17312,16974,17520
2024-08-26,17713.0,349.3,17832.0,17619.0,17848,17692,18256,17568,17208,17768,17887,17731,18295,17585,17225,17785,17892,17735,18300,17558,17199,17758,17879,17723,18287,17547,17188,17747,17857,17708,18160,17569,17279,17753,17845,17693,18225,17561,17217,17773,17848,17692,18256,17568,17208,17768,17848,17692,18256,17568,17208,17768,17848,17692,18256,17568,17208,17768,17893,17741,18273,17562,17218,17775
2024-08-27,17675.0,334.0,17919.0,17620.0,17804,17655,18194,17537,17193,17728,17843,17693,18233,17549,17205,17740,17841,17691,18231,17521,17177,17712,17832,17682,18222,17516,17172,17707,17807,17670,18102,17538,17260,17713,17800,17656,18164,17530,17200,17733,17804,17655,18194,17537,17193,17728,17804,17655,18194,17537,17193,17728,17804,17655,18194,17537,17193,17728,17841,17697,18205,17526,17196,17729
2024-08-28,17854.0,340.8,17887.0,17582.0,17986,17833,18384,17714,17362,17908,18035,17882,18432,17728,17376,17922,18035,17882,18433,17707,17356,17901,18011,17859,18409,17693,17342,17887,17989,17849,18290,17724,17430,17893,17983,17834,18353,17706,17370,17913,17986,17833,18384,17714,17362,17908,17986,17833,18384,17714,17362,17993,17986,17833,18384,17714,17362,18078,18036,17888,18407,17711,17374,18003
2024-08-29,17647.0,339.4,17847.0,17497.0,17778,17627,18175,17507,17157,17700,17830,17679,18227,17528,17179,17721,17808,17656,18204,17487,17138,17681,17798,17646,18194,17481,17132,17674,17781,17642,18081,17517,17225,17686,17774,17627,18144,17500,17165,17706,17778,17627,18175,17507,17157,17700,17778,17627,18175,17507,17157,17700,17778,17627,18175,17507,17157,17700,17808,17662,18179,17491,17156,17697
2024-08-30,17791.0,352.0,18210.0,17764.0,17927,17770,18338,17645,17284,17846,17967,17810,18378,17661,17300,17862,17964,17807,18375,17635,17273,17836,17951,17794,18362,17619,17258,17821,17936,17786,18241,17657,17353,17831,17923,17771,18307,17637,17291,17852,17927,17770,18338,17645,17284,17846,17927,17770,18338,17645,17284,17846,17927,17770,18338,17645,17284,17846,17964,17812,18348,17638,17291,17852
2024-09-02,17840.0,366.3,17834.0,17616.0,17982,17818,18409,17688,17312,17897,18034,17871,18462,17706,17330,17915,18038,17874,18465,17688,17312,17897,18015,17851,18442,17673,17297,17882,17991,17835,18309,17700,17385,17882,17977,17819,18377,17680,17320,17903,17982,17818,18409,17688,17312,17897,17982,17818,18409,17688,17312,17897,17982,17818,18409,17688,17312,17897,18037,17879,18437,17690,17329,17913
2024-09-03,17703.0,339.2,17714.0,17478.0,17834,17683,18230,17562,17214,17756,17865,17713,18261,17560,17212,17754,17886,17734,18282,17574,17226,17768,17867,17715,18263,17548,17201,17742,17842,17698,18137,17573,17281,17742,17830,17683,18200,17555,17221,17762,17834,17683,18230,17562,17214,17756,17834,17683,18230,17562,17214,17756,17834,17683,18230,17562,17214,17756,17886,17740,18256,17577,17243,17784
2024-09-04,17509.0,333.8,17556.0,17307.0,17638,17489,18028,17370,17028,17561,17670,17521,18060,17387,17045,17578,17683,17534,18073,17384,17042,17575,17667,17519,18057,17354,17012,17545,17641,17504,17936,17372,17094,17547,17633,17490,17998,17362,17035,17554,17638,17489,18028,17370,17028,17561,17638,17489,18028,17370,17028,17561,17638,17489,18028,17370,17028,17561,17682,17539,18047,17386,17058,17578
2024-09-05,17471.0,325.7,17547.0,17314.0,17596,17452,17977,17335,17002,17521,17616,17472,17997,17340,17007,17527,17629,17484,18009,17341,17008,17528,17623,17478,18003,17317,16985,17504,17598,17466,17888,17334,17066,17508,17591,17452,17948,17327,17008,17515,17596,17452,17977,17335,17002,17521,17596,17452,17977,17335,17002,17521,17596,17452,17977,17335,17002,17521,17628,17489,17985,17343,17024,17531
2024-09-09,17436.0,313.0,17306.0,17055.0,17556,17417,17922,17305,16986,17484,17569,17430,17935,17306,16986,17485,17572,17433,17938,17306,16987,17486,17574,17435,17940,17283,16964,17463,17558,17431,17832,17304,17047,17472,17551,17418,17895,17298,16991,17478,17556,17417,17922,17305,16986,17484,17556,17417,17922,17305,16986,17484,17556,17417,17922,17305,16986,17484,17571,17438,17915,17309,17002,17489
2024-09-10,17212.0,298.7,17285.0,17009.0,17326,17191,17676,17087,16782,17258,17296,17161,17646,17049,16744,17220,17331,17195,17681,17076,16772,17248,17330,17194,17680,17054,16750,17226,17327,17201,17590,17084,16840,17246,17322,17194,17650,17080,16788,17252,17326,17191,17676,17087,16782,17258,17326,17116,17676,17087,16708,17258,17326,17041,17676,17087,16633,17258,17331,17129,17659,17079,16711,17251
2024-09-11,17065.0,296.3,17211.0,16935.0,17178,17044,17525,16940,16639,17111,17145,17012,17493,16890,16588,17060,17181,17047,17528,16921,16620,17091,17184,17050,17531,16913,16611,17083,17179,17054,17440,16938,16696,17099,17173,17047,17499,16933,16644,17101,17178,17044,17525,16940,16639,17111,17178,16970,17525,16940,16565,17111,17178,16896,17525,16940,16491,17111,17181,16981,17507,16922,16559,17090
2024-09-12,17181.0,300.6,17318.0,17104.0,17296,17160,17648,17054,16749,17227,17255,17119,17607,16994,16689,17168,17300,17164,17652,17031,16726,17204,17305,17169,17657,17027,16722,17200,17298,17170,17561,17052,16807,17215,17292,17163,17621,17049,16754,17217,17296,17160,17648,17054,16749,17227,17296,17160,17648,17054,16674,17227,17296,17160,17648,17054,16599,17227,17300,17172,17630,17034,16740,17203
2024-09-13,17254.0,294.0,17531.0,17220.0,17367,17233,17710,17130,16831,17299,17339,17205,17682,17089,16790,17258,17379,17245,17722,17120,16821,17289,17381,17247,17724,17106,16807,17274,17369,17243,17626,17128,16888,17288,17363,17236,17685,17125,16836,17290,17367,17233,17710,17130,16831,17299,17367,17233,17710,17130,16831,17299,17367,17233,17710,17130,16831,17299,17379,17253,17701,17123,16834,17288
2024-09-16,17312.0,309.9,17440.0,17156.0,17431,17290,17793,17182,16867,17359,17412,17271,17774,17150,16835,17328,17442,17301,17803,17174,16859,17352,17447,17306,17809,17159,16843,17336,17434,17301,17704,17181,16926,17348,17428,17293,17766,17176,16872,17350,17431,17290,17793,17182,16867,17359,17431,17290,17793,17182,16867,17359,17431,17290,17793,17182,16867,17359,17443,17308,17781,17176,16872,17350
2024-09-17,17389.0,309.2,17712.0,17364.0,17508,17367,17869,17259,16945,17436,17462,17321,17822,17213,16899,17390,17511,17370,17872,17245,16931,17422,17526,17385,17887,17236,16922,17413,17515,17378,17780,17258,17004,17424,17505,17371,17842,17253,16950,17427,17508,17367,17869,17259,16945,17436,17508,17367,17869,17259,16945,17436,17508,17367,17869,17259,16945,17436,17512,17378,17849,17247,16943,17420
2024-09-19,17624.0,319.8,18187.0,17580.0,17748,17602,18120,17490,17165,17672,17737,17590,18109,17462,17137,17644,17757,17611,18130,17475,17150,17657,17766,17619,18138,17469,17144,17652,17754,17612,18029,17489,17226,17661,17745,17605,18093,17484,17170,17663,17748,17602,18120,17490,17165,17672,17748,17602,18200,17490,17165,17672,17748,17602,18280,17490,17165,17672,17759,17619,18187,17475,17161,17655
2024-09-20,18157.0,368.0,18355.0,18027.0,18300,18131,18729,18003,17629,18213,18345,18176,18774,17992,17618,18202,18338,18170,18768,18006,17632,18216,18332,18163,18762,17989,17615,18199,18311,18144,18629,18002,17699,18199,18298,18135,18712,17996,17634,18202,18300,18131,18729,18003,17629,18213,18300,18131,18821,18003,17629,18213,18300,18131,18913,18003,17629,18213,18340,18177,18846,18006,17644,18212
2024-09-23,18178.0,354.8,18521.0,18205.0,18316,18153,18730,18030,17669,18231,18374,18212,18789,18028,17667,18229,18355,18193,18769,18031,17670,18233,18351,18189,18765,18019,17658,18221,18329,18165,18634,18029,17736,18219,18314,18157,18713,18022,17674,18221,18316,18153,18730,18030,17669,18231,18316,18153,18819,18030,17669,18231,18316,18153,18907,18030,17669,18231,18357,18200,18845,18031,17682,18229
2024-09-24,18444.0,355.4,19753.0,18493.0,18582,18419,18997,18296,17934,18497,18666,18503,19081,18313,17952,18515,18630,18468,19045,18305,17943,18507,18624,18461,19039,18292,17931,18494,18596,18431,18900,18295,18001,18485,18580,18423,18980,18288,17939,18487,18582,18419,18997,18296,17934,18497,18582,18419,19086,18296,17934,18497,18582,18419,19175,18296,17934,18497,18632,18475,19121,18304,17955,18503
2024-09-25,19745.0,498.3,19711.0,19095.0,19939,19711,20524,19538,19030,19820,20165,19937,20750,19600,19092,19882,20037,19809,20622,19550,19042,19832,20009,19781,20595,19539,19032,19821,19961,19727,20532,19540,19124,19811,19937,19715,20522,19528,19037,19812,19939,19711,20524,19538,19030,19820,19939,19711,20648,19538,19030,19945,19939,19711,20773,19538,19030,20069,20039,19817,20749,19547,19056,19956
2024-09-26,19341.0,476.6,20714.0,19182.0,19526,19307,20086,19142,18658,19413,19733,19514,20293,19168,18683,19438,19614,19395,20173,19130,18645,19400,19588,19369,20148,19128,18644,19399,19544,19315,20094,19141,18727,19404,19525,19308,20084,19132,18664,19405,19526,19307,20086,19142,18658,19413,19526,19307,20086,19142,18658,19413,19526,19307,20086,19142,18658,19413,19616,19400,20176,19127,18658,19400
2024-09-27,20590.0,634.2,20986.0,20281.0,20836,20545,21584,20327,19681,20685,21159,20868,21907,20357,19711,20715,20978,20686,21726,20312,19666,20671,20931,20640,21680,20316,19670,20675,20861,20556,22120,20324,19773,20663,20836,20547,21700,20312,19689,20676,20836,20545,21584,20327,19681,20685,20836,20545,21584,20327,19681,20685,20836,20545,21584,20327,19681,20685,20981,20692,21845,20304,19681,20668
2024-09-30,20831.0,625.4,21522.0,20634.0,21074,20786,21812,20570,19935,20925,21410,21122,22147,20591,19955,20945,21228,20940,21965,20560,19924,20914,21166,20878,21903,20555,19920,20910,21102,20797,22339,20568,20025,20903,21075,20794,21926,20557,19942,20915,21074,20786,21812,20570,19935,20925,21074,20786,21812,20570,19935,20925,21074,20786,21812,20570,19935,20925,21232,20951,22083,20554,19940,20913
2024-10-02,20674.0,673.9,22791.0,21138.0,20936,20626,21731,20394,19709,20775,21300,20990,22095,20412,19727,20793,21109,20799,21903,20387,19702,20768,21041,20731,21835,20386,19700,20766,20969,20638,22299,20397,19806,20751,20937,20634,21725,20379,19716,20765,20936,20626,21731,20394,19709,20775,20936,20626,21731,20394,19709,20775,20936,20626,21731,20394,19709,20775,21113,20810,21901,20380,19718,20766
2024-10-03,22353.0,836.2,22628.0,21475.0,22678,22294,23690,22007,21155,22490,23227,22842,24239,22102,21250,22585,22930,22545,23941,22031,21180,22515,22832,22447,23844,22019,21167,22502,22719,22308,24740,22034,21275,22463,22683,22303,23817,21988,21165,22469,22678,22294,23690,22007,21155,22490,22678,22294,23690,22007,21155,22490,22678,22294,23690,22007,21155,22490,22938,22557,24071,22021,21198,22502
2024-10-04,22026.0,842.7,22818.0,21810.0,22354,21966,23373,21676,20819,22164,22877,22490,23896,21707,20851,22195,22610,22222,23629,21678,20821,22166,22508,22120,23527,21683,20826,22171,22391,21981,24431,21679,20940,22137,22359,21976,23501,21658,20829,22143,22354,21966,23373,21676,20819,22164,22354,21966,23373,21676,20819,22164,22354,21966,23373,21676,20819,22164,22617,22234,23760,21669,20839,22153
2024-10-07,22559.0,828.8,23283.0,22735.0,22882,22500,23883,22216,21373,22695,23407,23026,24408,22252,21408,22730,23167,22786,24168,22228,21385,22707,23047,22665,24048,22229,21386,22708,22918,22514,24925,22218,21491,22668,22886,22510,24010,22197,21381,22674,22882,22500,23883,22216,21373,22695,22882,22500,23883,22216,21373,22695,22882,22500,23883,22216,21373,22695,23174,22797,24298,22219,21403,22696
2024-10-08,23122.0,792.1,23044.0,20610.0,23431,23066,24386,22796,21988,23259,23991,23626,24947,22882,22074,23344,23740,23375,24696,22838,22030,23300,23602,23237,24557,22820,22012,23283,23465,23079,25383,22796,22101,23268,23440,23075,24509,22778,21997,23257,23431,23066,24386,22796,21988,23259,23431,23066,24386,22796,21988,23259,23431,23066,24386,22796,21988,23259,23751,23386,24820,22830,22048,23308
2024-10-09,20908.0,932.9,21433.0,20202.0,21271,20838,22396,20522,19543,21069,21772,21339,22897,20371,19392,20918,21564,21130,22689,20455,19476,21002,21425,20992,22550,20489,19511,21036,21312,20848,23571,20524,19706,21080,21277,20844,22542,20501,19523,21067,21271,20838,22396,20522,19543,21069,21271,20838,22396,20522,19543,21069,21271,20838,22396,20522,19543,21069,21570,21138,22835,20445,19467,21010
2024-10-10,21035.0,899.7,21620.0,20968.0,21386,20967,22469,20661,19719,21190,21786,21368,22870,20459,19517,20987,21699,21280,22782,20591,19649,21120,21545,21126,22628,20621,19679,21150,21425,20977,23603,20657,19876,21201,21396,20981,22610,20642,19699,21188,21386,20967,22469,20661,19719,21190,21386,20967,22469,20661,19719,21190,21386,20967,22469,20661,19719,21190,21709,21295,22924,20583,19640,21129
2024-10-14,21248.0,841.7,21415.0,20711.0,21576,21185,22589,20900,20018,21393,22023,21631,23035,20772,19890,21265,21903,21512,22916,20849,19967,21342,21742,21350,22754,20865,19983,21358,21617,21194,23650,20902,20163,21403,21591,21198,22722,20883,19999,21391,21576,21185,22589,20900,20018,21393,21576,21185,22589,20900,20018,21393,21576,21185,22589,20900,20018,21393,21918,21524,23048,20843,19959,21352
2024-10-15,21094.0,824.1,21133.0,20082.0,21415,21032,22406,20752,19890,21236,21727,21344,22718,20601,19740,21085,21732,21349,22723,20692,19830,21176,21576,21193,22567,20710,19849,21194,21455,21041,23446,20748,20032,21246,21429,21045,22537,20734,19871,21234,21415,21032,22406,20752,19890,21236,21415,21032,22406,20752,19890,21236,21415,21032,22406,20752,19890,21236,21744,21361,22853,20687,19823,21186
2024-10-16,20084.0,855.7,20585.0,20129.0,20417,20020,21445,19727,18835,20231,20685,20288,21714,19514,18622,20018,20719,20322,21747,19631,18739,20135,20574,20177,21602,19674,18782,20178,20455,20029,22526,19722,18981,20241,20422,20033,21582,19709,18814,20230,20417,20020,21445,19727,18835,20231,20417,20020,21445,19727,18835,20231,20417,20020,21445,19727,18835,20231,20722,20333,21882,19626,18731,20146
2024-10-17,20466.0,703.5,20794.0,19858.0,20740,20413,21585,20174,19440,20587,20981,20654,21825,19995,19261,20408,21042,20716,21887,20093,19359,20506,20897,20570,21741,20130,19396,20543,20774,20421,22474,20171,19559,20595,20752,20425,21698,20159,19422,20586,20740,20413,21585,20174,19440,20587,20740,20413,21585,20174,19440,20587,20740,20413,21585,20174,19440,20587,21051,20725,21997,20092,19355,20519
2024-10-18,19960.0,708.5,20973.0,20018.0,20236,19907,21086,19665,18927,20082,20297,19967,21146,19380,18642,19797,20541,20211,21390,19570,18832,19987,20390,20061,21240,19610,18873,20027,20270,19915,21982,19660,19047,20090,20248,19919,21201,19649,18908,20081,20236,19907,21086,19665,18927,20082,20236,19907,21086,19665,18927,20082,20236,19907,21086,19665,18927,20082,20549,20220,21501,19568,18827,19999
2024-10-21,20775.0,781.8,20865.0,20281.0,21080,20717,22017,20450,19636,20909,21219,20856,22156,20254,19439,20713,21412,21048,22348,20368,19553,20826,21251,20887,22187,20401,19587,20860,21117,20725,23007,20444,19768,20919,21092,20730,22144,20432,19614,20908,21080,20717,22017,20450,19636,20909,21080,20717,22017,20450,19636,20909,21080,20717,22017,20450,19636,20909,21419,21057,22471,20364,19546,20840
2024-10-22,20388.0,731.9,20746.0,20311.0,20674,20333,21550,20083,19322,20513,20745,20404,21621,19856,19095,20287,20972,20632,21848,19987,19227,20418,20842,20502,21718,20037,19276,20467,20705,20341,22477,20073,19445,20523,20677,20346,21670,20067,19301,20512,20674,20333,21550,20083,19322,20513,20674,20333,21550,20083,19322,20513,20674,20333,21550,20083,19322,20513,20971,20639,21963,19987,19221,20432
2024-10-23,20614.0,671.5,20951.0,20460.0,20876,20564,21679,20335,19637,20729,20914,20602,21717,20079,19381,20473,21176,20863,21978,20250,19551,20644,21046,20733,21848,20293,19595,20687,20905,20571,22531,20325,19749,20738,20887,20575,21790,20321,19617,20728,20876,20564,21679,20335,19637,20729,20876,20564,21679,20335,19637,20729,20876,20564,21679,20335,19637,20729,21181,20869,22084,20251,19547,20658
2024-10-24,20509.0,668.3,20692.0,20284.0,20770,20459,21568,20232,19537,20623,20855,20544,21652,20208,19512,20599,21063,20752,21861,20145,19449,20535,20941,20630,21739,20193,19498,20584,20799,20466,22416,20222,19648,20632,20780,20470,21679,20217,19517,20623,20770,20459,21568,20232,19537,20623,20770,20459,21568,20232,19537,20623,20770,20459,21568,20232,19537,20623,21067,20757,21966,20145,19445,20551
2024-10-25,20402.0,603.2,20790.0,20465.0,20638,20357,21358,20154,19525,20505,20698,20417,21418,20166,19537,20517,20868,20587,21588,20059,19430,20410,20802,20521,21522,20113,19484,20464,20660,20363,22124,20143,19625,20513,20647,20367,21458,20140,19507,20505,20638,20357,21358,20154,19525,20505,20638,20357,21358,20154,19525,20505,20638,20357,21358,20154,19525,20505,20871,20591,21682,20061,19428,20426
2024-10-28,20525.0,522.2,20818.0,20426.0,20729,20486,21352,20312,19766,20614,20781,20538,21404,20324,19779,20627,20978,20736,21601,20254,19709,20557,20898,20655,21520,20277,19731,20579,20751,20491,22015,20304,19852,20621,20743,20495,21439,20299,19750,20614,20729,20486,21352,20312,19766,20614,20729,20486,21352,20312,19766,20614,20729,20486,21352,20312,19766,20614,20986,20737,21682,20258,19709,20573
2024-10-29,20741.0,503.5,21135.0,20562.0,20938,20704,21538,20536,20010,20827,21015,20781,21615,20579,20053,20870,21133,20898,21732,20482,19956,20773,21106,20871,21705,20502,19976,20793,20959,20709,21977,20528,20092,20807,20955,20712,21623,20524,19994,20827,20938,20704,21538,20536,20010,20827,20938,20704,21538,20536,20010,20953,20938,20704,21538,20536,20010,21079,21142,20898,21809,20487,19956,20915
2024-10-30,20756.0,536.5,20768.0,20254.0,20967,20716,21604,20538,19977,20848,21092,20841,21729,20651,20090,20960,21163,20913,21801,20488,19927,20797,21142,20891,21779,20508,19947,20817,20991,20722,22073,20529,20065,20827,20986,20725,21695,20527,19960,20847,20967,20716,21604,20538,19977,20848,20967,20716,21604,20538,19977,20982,20967,20716,21604,20538,19977,21116,21174,20913,21883,20493,19926,20948
2024-10-31,20473.0,520.9,20560.0,20191.0,20677,20434,21296,20261,19718,20562,20765,20523,21384,20305,19762,20606,20841,20599,21460,20193,19650,20494,20846,20603,21464,20224,19681,20525,20701,20440,21752,20249,19802,20542,20695,20443,21385,20250,19700,20562,20677,20434,21296,20261,19718,20562,20677,20434,21296,20261,19718,20562,20677,20434,21296,20261,19718,20562,20849,20598,21540,20199,19649,20510
2024-11-01,20396.0,496.7,20674.0,20347.0,20590,20359,21180,20193,19676,20481,20661,20431,21252,20262,19745,20549,20656,20425,21246,20085,19568,20372,20749,20518,21339,20151,19634,20439,20614,20364,21615,20182,19756,20461,20607,20367,21266,20184,19659,20480,20590,20359,21180,20193,19676,20481,20590,20359,21180,20193,19676,20481,20590,20359,21180,20193,19676,20481,20663,20423,21321,20092,19566,20388
2024-11-04,20455.0,486.5,20730.0,20430.0,20646,20419,21223,20257,19750,20538,20652,20425,21229,20305,19799,20587,20718,20492,21295,20183,19676,20464,20810,20583,21387,20221,19714,20502,20673,20424,21649,20249,19828,20519,20664,20427,21307,20249,19733,20538,20646,20419,21223,20257,19750,20538,20646,20419,21223,20257,19750,20538,20646,20419,21223,20257,19750,20538,20725,20488,21368,20191,19674,20479
2024-11-05,20527.0,464.1,21044.0,20356.0,20709,20493,21259,20338,19855,20606,20745,20529,21295,20421,19938,20689,20763,20546,21312,20266,19783,20534,20879,20662,21428,20309,19825,20576,20735,20497,21666,20331,19929,20588,20726,20500,21340,20331,19838,20606,20709,20493,21259,20338,19855,20606,20709,20493,21259,20338,19855,20606,20709,20493,21259,20338,19855,20606,20768,20542,21381,20274,19781,20549
2024-11-06,20930.0,518.8,20862.0,20202.0,21135,20892,21748,20719,20179,21018,21198,20954,21810,20781,20241,21080,21186,20942,21798,20622,20082,20921,21315,21072,21927,20692,20152,20991,21162,20897,22204,20711,20261,20998,21153,20900,21838,20710,20160,21018,21135,20892,21748,20719,20179,21018,21135,20892,21748,20719,20179,21018,21135,20892,21748,20719,20179,21018,21191,20938,21876,20628,20077,20936
2024-11-07,20500.0,521.9,21314.0,20317.0,20705,20459,21322,20288,19745,20589,20732,20487,21349,20286,19743,20586,20761,20515,21378,20274,19732,20575,20879,20633,21496,20248,19705,20549,20729,20455,21781,20276,19787,20569,20724,20469,21414,20279,19725,20589,20705,20459,21322,20288,19745,20589,20705,20459,21322,20288,19745,20589,20705,20459,21322,20288,19745,20589,20767,20512,21457,20280,19726,20589
2024-11-08,21247.0,634.1,21350.0,20157.0,21498,21197,22245,20990,20331,21355,21594,21293,22341,20985,20326,21350,21576,21276,22323,20994,20335,21359,21694,21393,22441,20957,20298,21322,21531,21192,22804,20979,20381,21330,21522,21209,22357,20979,20306,21355,21498,21197,22245,20990,20331,21355,21498,21197,22245,20990,20331,21355,21498,21197,22245,20990,20331,21355,21587,21274,22422,20996,20323,21372
2024-11-11,20249.0,678.0,20487.0,20129.0,20515,20196,21315,19973,19241,20364,20581,20262,21381,19854,19122,20245,20574,20255,21374,19920,19188,20311,20708,20389,21509,19921,19189,20312,20546,20190,21913,19958,19291,20338,20540,20209,21436,19959,19217,20343,20515,20196,21315,19973,19241,20364,20515,20196,21315,19973,19241,20364,20515,20196,21315,19973,19241,20364,20585,20253,21481,19919,19177,20303
2024-11-12,20279.0,607.0,20516.0,19536.0,20517,20232,21233,20033,19377,20382,20571,20286,21287,19918,19262,20267,20583,20297,21299,19997,19341,20346,20708,20423,21425,19985,19329,20334,20543,20226,21769,20022,19421,20359,20537,20243,21342,20020,19355,20364,20517,20232,21233,20033,19377,20382,20517,20232,21233,20033,19377,20382,20517,20232,21233,20033,19377,20382,20588,20294,21393,19997,19332,20341
2024-11-13,19600.0,666.4,19944.0,19554.0,19861,19548,20647,19329,18610,19713,19895,19583,20681,19162,18443,19546,19940,19628,20727,19302,18583,19686,20051,19739,20838,19267,18549,19651,19890,19542,21236,19318,18658,19688,19879,19560,20767,19313,18586,19693,19861,19548,20647,19329,18610,19713,19861,19548,20647,19329,18610,19713,19861,19548,20647,19329,18610,19713,19943,19625,20832,19299,18571,19678
2024-11-14,19571.0,600.8,19823.0,19327.0,19806,19524,20514,19327,18679,19673,19869,19587,20577,19211,18563,19557,19882,19600,20590,19291,18643,19637,19995,19713,20703,19269,18621,19614,19840,19519,21046,19334,18722,19650,19827,19535,20623,19314,18656,19655,19806,19524,20514,19327,18679,19673,19806,19524,20514,19327,18679,19673,19806,19524,20514,19327,18679,19673,19887,19595,20683,19291,18633,19631
2024-11-15,19426.0,568.1,19594.0,19310.0,19649,19382,20317,19195,18583,19522,19725,19458,20393,19086,18474,19413,19723,19455,20391,19175,18563,19502,19838,19571,20506,19138,18526,19465,19680,19377,20821,19206,18623,19501,19668,19392,20421,19186,18561,19505,19649,19382,20318,19195,18583,19522,19649,19382,20317,19195,18583,19522,19649,19382,20317,19195,18583,19522,19725,19450,20478,19178,18553,19497
2024-11-18,19421.0,478.1,19762.0,19450.0,19608,19384,20171,19227,18712,19502,19671,19446,20233,19114,18599,19389,19642,19418,20205,19195,18680,19470,19791,19566,20354,19170,18655,19444,19635,19379,20595,19247,18745,19484,19624,19392,20258,19220,18693,19488,19608,19384,20172,19227,18711,19502,19608,19384,20171,19227,18712,19502,19608,19384,20171,19227,18712,19502,19642,19410,20276,19200,18673,19467
2024-11-19,19733.0,480.4,19758.0,19383.0,19922,19696,20487,19538,19021,19814,19991,19765,20556,19430,18913,19706,19974,19748,20539,19526,19008,19801,20097,19871,20662,19484,18967,19760,19948,19691,20912,19558,19054,19796,19939,19705,20574,19532,19002,19800,19921,19698,20487,19538,19020,19814,19922,19696,20487,19538,19021,19814,19922,19696,20487,19538,19021,19814,19975,19741,20610,19531,19001,19799
2024-11-20,19579.0,426.4,19748.0,19551.0,19746,19546,20248,19406,18947,19651,19765,19565,20267,19281,18822,19525,19787,19587,20289,19374,18916,19619,19916,19716,20418,19347,18889,19592,19765,19542,20626,19424,18976,19635,19760,19554,20326,19401,18930,19638,19746,19548,20248,19406,18946,19651,19746,19546,20248,19406,18947,19651,19746,19546,20248,19406,18947,19651,19784,19578,20349,19380,18909,19618
2024-11-21,19581.0,381.5,19754.0,19466.0,19731,19551,20179,19426,19016,19645,19778,19598,20226,19367,18957,19586,19768,19589,20216,19396,18986,19614,19896,19716,20344,19367,18957,19586,19747,19548,20517,19442,19042,19631,19742,19559,20249,19423,19000,19634,19730,19553,20180,19426,19015,19646,19731,19551,20179,19426,19016,19645,19731,19551,20179,19426,19016,19645,19761,19579,20269,19402,18980,19614
2024-11-22,19568.0,369.6,19697.0,19016.0,19714,19539,20148,19418,19021,19630,19702,19528,20136,19360,18963,19572,19756,19582,20190,19387,18990,19599,19850,19676,20284,19355,18958,19567,19733,19536,20475,19435,19046,19617,19724,19547,20215,19414,19005,19620,19713,19541,20148,19418,19019,19631,19714,19539,20148,19418,19021,19630,19714,19539,20148,19418,19021,19630,19748,19571,20240,19393,18984,19598
2024-11-25,19174.0,437.5,19362.0,19090.0,19346,19140,19860,18997,18521,19247,19347,19142,19862,18982,18506,19232,19380,19174,19894,18930,18454,19180,19487,19282,20002,18934,18459,19185,19369,19136,20248,19017,18533,19232,19358,19149,19940,18992,18520,19235,19345,19142,19861,18997,18520,19248,19346,19140,19860,18997,18521,19247,19346,19140,19860,18997,18521,19247,19374,19165,19956,18935,18463,19177
2024-11-26,19224.0,401.2,19293.0,18947.0,19382,19193,19853,19062,18625,19291,19388,19199,19859,19040,18604,19270,19412,19223,19883,18994,18557,19223,19494,19305,19965,19001,18564,19230,19403,19189,20209,19080,18636,19277,19395,19201,19926,19057,18625,19280,19381,19195,19854,19061,18625,19292,19382,19193,19853,19062,18625,19291,19382,19193,19853,19062,18625,19291,19407,19213,19939,18998,18566,19221
2024-11-27,19137.0,405.3,19671.0,19052.0,19296,19106,19773,18973,18532,19205,19293,19103,19770,18990,18549,19222,19312,19121,19788,18898,18457,19130,19402,19212,19879,18910,18470,19142,19313,19102,20132,18991,18543,19188,19308,19114,19847,18968,18531,19193,19295,19107,19773,18972,18531,19206,19296,19106,19773,18973,18532,19205,19296,19106,19773,18973,18532,19205,19306,19112,19845,18901,18465,19127
2024-11-28,19595.0,481.3,19586.0,19289.0,19785,19558,20350,19400,18877,19675,19811,19584,20376,19402,18879,19678,19829,19602,20394,19343,18820,19618,19889,19662,20454,19338,18815,19613,19805,19553,20777,19422,18890,19655,19800,19567,20438,19395,18876,19662,19783,19560,20351,19399,18876,19677,19785,19558,20350,19400,18877,19675,19785,19558,20350,19400,18877,19675,19827,19595,20465,19347,18827,19614
2024-11-29,19384.0,446.3,19652.0,19294.0,19559,19350,20084,19203,18718,19458,19564,19354,20089,19194,18709,19449,19600,19390,20124,19144,18659,19399,19612,19403,20137,19120,18635,19375,19576,19345,20480,19221,18730,19440,19574,19358,20165,19197,18717,19446,19558,19351,20085,19202,18717,19460,19559,19350,20084,19203,18718,19458,19559,19350,20084,19203,18718,19458,19598,19382,20189,19147,18666,19395
2024-12-02,19581.0,427.3,19687.0,19389.0,19750,19548,20251,19408,18944,19652,19769,19568,20271,19397,18932,19641,19790,19589,20292,19346,18881,19590,19806,19605,20308,19340,18876,19584,19765,19544,20630,19425,18955,19634,19763,19556,20329,19402,18943,19641,19748,19550,20252,19407,18943,19653,19750,19548,20251,19408,18944,19652,19750,19548,20251,19408,18944,19652,19787,19581,20353,19348,18888,19586
2024-12-03,19561.0,421.4,19773.0,19366.0,19727,19529,20222,19390,18933,19631,19724,19526,20220,19355,18897,19595,19760,19562,20255,19318,18861,19559,19770,19572,20265,19318,18861,19559,19742,19524,20595,19408,18944,19614,19740,19537,20299,19385,18932,19620,19725,19530,20223,19388,18932,19632,19727,19529,20222,19390,18933,19631,19727,19529,20222,19390,18933,19631,19757,19554,20316,19321,18868,19556
2024-12-04,19714.0,441.4,19822.0,19540.0,19888,19680,20406,19535,19056,19787,19907,19699,20425,19513,19033,19765,19907,19699,20425,19461,18982,19713,19923,19715,20441,19449,18970,19702,19906,19676,20798,19553,19067,19769,19903,19689,20487,19529,19055,19776,19886,19682,20407,19533,19055,19789,19888,19680,20406,19535,19056,19787,19888,19680,20406,19535,19056,19787,19906,19691,20490,19463,18988,19709
2024-12-05,19558.0,390.1,19648.0,19436.0,19711,19528,20170,19400,18976,19623,19723,19540,20182,19364,18940,19586,19741,19558,20199,19352,18929,19575,19754,19571,20212,19369,18946,19592,19728,19524,20516,19416,18986,19607,19725,19536,20241,19396,18975,19612,19710,19531,20170,19399,18975,19624,19711,19528,20170,19400,18976,19623,19711,19528,20170,19400,18976,19623,19739,19549,20254,19356,18935,19572
2024-12-06,19581.0,368.5,19950.0,19560.0,19725,19553,20159,19432,19032,19642,19729,19556,20162,19395,18995,19605,19721,19549,20155,19384,18984,19594,19762,19590,20196,19410,19010,19620,19741,19549,20486,19447,19041,19627,19739,19560,20226,19430,19031,19632,19725,19556,20160,19432,19031,19643,19725,19553,20159,19432,19032,19642,19725,19553,20159,19432,19032,19642,19719,19540,20206,19390,18990,19592
2024-12-09,19763.0,392.2,21335.0,19682.0,19917,19733,20378,19605,19179,19828,19944,19761,20405,19621,19195,19844,19931,19747,20392,19605,19179,19828,19954,19770,20415,19578,19152,19801,19938,19729,20726,19623,19188,19812,19932,19740,20450,19604,19177,19818,19917,19736,20379,19604,19177,19829,19917,19733,20378,19605,19179,19828,19917,19733,20378,19605,19179,19828,19931,19740,20449,19612,19185,19825
2024-12-10,21307.0,634.4,21187.0,20204.0,21557,21259,22323,21051,20362,21412,21725,21426,22491,21066,20376,21426,21644,21345,22410,21048,20358,21408,21634,21335,22400,21031,20342,21392,21590,21252,23237,21080,20377,21386,21582,21270,22437,21053,20359,21395,21557,21264,22336,21050,20359,21414,21557,21259,22323,21051,20362,21412,21557,21259,22323,21051,20362,21412,21654,21342,22509,21056,20362,21398
2024-12-11,20383.0,616.1,20515.0,20080.0,20625,20334,21369,20134,19453,20484,20765,20473,21509,20076,19395,20426,20693,20402,21438,20113,19432,20464,20699,20408,21443,20110,19429,20460,20658,20310,22257,20163,19377,20460,20648,20346,21481,20137,19445,20469,20626,20338,21382,20133,19448,20487,20625,20334,21369,20134,19453,20484,20625,20334,21369,20134,19453,20484,20701,20400,21534,20121,19430,20454
2024-12-12,20154.0,573.7,20559.0,20036.0,20379,20108,21072,19922,19288,20248,20470,20199,21163,19850,19217,20176,20437,20167,21130,19887,19254,20213,20446,20175,21139,19886,19253,20213,20404,20086,21899,19945,19217,20226,20401,20120,21176,19925,19281,20234,20379,20112,21084,19921,19297,20251,20379,20108,21072,19922,19288,20248,20379,20108,21072,19922,19288,20248,20444,20163,21219,19894,19251,20204
2024-12-13,20166.0,598.1,20234.0,19845.0,20401,20119,21122,19924,19264,20264,20530,20247,21251,19875,19215,20215,20468,20185,21189,19895,19235,20235,20471,20189,21193,19900,19239,20239,20433,20095,21986,19952,19189,20241,20423,20130,21231,19927,19256,20249,20400,20122,21136,19923,19272,20267,20401,20119,21122,19924,19264,20264,20401,20119,21122,19924,19264,20264,20475,20182,21283,19902,19230,20224
2024-12-16,19921.0,569.0,20069.0,19683.0,20144,19876,20830,19691,19063,20014,20247,19979,20933,19625,18997,19948,20205,19937,20891,19652,19024,19975,20192,19923,20878,19655,19028,19979,20175,19853,21652,19717,18992,19992,20166,19887,20935,19694,19055,20000,20143,19879,20844,19690,19071,20017,20144,19876,20830,19691,19063,20014,20144,19876,20830,19691,19063,20014,20211,19933,20980,19658,19019,19965
2024-12-17,19739.0,480.9,19955.0,19629.0,19927,19701,20507,19544,19014,19818,20029,19803,20609,19479,18949,19752,19977,19751,20557,19494,18964,19767,19978,19752,20558,19513,18983,19786,19948,19682,21202,19567,18953,19799,19946,19710,20596,19547,19007,19806,19927,19704,20519,19542,19020,19820,19927,19701,20507,19544,19014,19818,19927,19701,20507,19544,19014,19818,19980,19744,20630,19499,18959,19758
2024-12-18,19854.0,432.6,19985.0,19767.0,20024,19820,20544,19679,19202,19925,20123,19920,20644,19625,19148,19870,20083,19879,20604,19641,19164,19886,20074,19870,20594,19644,19167,19890,20046,19803,21170,19700,19147,19908,20041,19828,20625,19683,19195,19914,20023,19822,20556,19678,19208,19927,20024,19820,20544,19679,19202,19925,20024,19820,20544,19679,19202,19925,20085,19872,20668,19647,19159,19878
2024-12-19,19851.0,396.4,19867.0,19549.0,20006,19820,20483,19691,19254,19916,20109,19922,20586,19645,19208,19870,20063,19877,20540,19650,19213,19874,20053,19867,20530,19655,19218,19880,20024,19804,21057,19710,19204,19901,20023,19827,20557,19695,19248,19906,20006,19822,20494,19690,19259,19918,20006,19820,20483,19691,19254,19916,20006,19820,20483,19691,19254,19916,20064,19869,20598,19655,19208,19867
2024-12-20,19721.0,392.2,19912.0,19621.0,19874,19690,20346,19562,19130,19785,19969,19785,20441,19499,19067,19721,19923,19739,20395,19512,19080,19735,19920,19736,20392,19522,19090,19744,19892,19674,20914,19581,19081,19770,19891,19698,20420,19566,19124,19776,19874,19692,20357,19560,19135,19787,19874,19690,20346,19562,19130,19785,19874,19690,20346,19562,19130,19785,19924,19731,20452,19517,19075,19727
2024-12-23,19878.0,383.7,19960.0,19756.0,20028,19848,20489,19723,19300,19940,20104,19924,20566,19652,19230,19870,20080,19900,20541,19696,19273,19913,20071,19890,20532,19676,19253,19893,20045,19832,21045,19741,19251,19926,20044,19856,20562,19727,19294,19925,20028,19850,20500,19722,19305,19943,20028,19848,20489,19723,19300,19940,20028,19848,20489,19723,19300,19940,20080,19891,20597,19700,19268,19898
2024-12-24,19912.0,349.9,20157.0,19886.0,20049,19884,20469,19771,19385,19969,19976,19812,20397,19696,19310,19894,20096,19932,20517,19741,19355,19939,20088,19923,20508,19722,19336,19920,20063,19870,20977,19787,19340,19956,20063,19892,20535,19774,19379,19954,20048,19886,20479,19770,19389,19971,20049,19884,20469,19771,19385,19969,20049,19884,20469,19771,19385,19969,20093,19923,20566,19744,19350,19925
2024-12-27,20126.0,354.4,20203.0,20004.0,20265,20098,20690,19983,19593,20183,20240,20074,20666,20004,19614,20204,20322,20156,20747,19964,19574,20165,20301,20135,20727,19936,19546,20136,20278,20084,21204,20000,19547,20170,20280,20106,20757,19991,19587,20169,20264,20100,20701,19982,19597,20186,20265,20098,20690,19983,19593,20183,20265,20098,20690,19983,19593,20183,20320,20146,20798,19972,19568,20151
2024-12-30,20114.0,337.0,20210.0,19874.0,20246,20087,20650,19978,19607,20168,20226,20068,20630,20007,19636,20197,20281,20123,20686,19957,19586,20147,20286,20127,20690,19939,19568,20129,20259,20074,21139,19995,19564,20156,20259,20095,20714,19985,19601,20155,20245,20089,20660,19977,19611,20171,20246,20087,20650,19978,19607,20168,20246,20087,20650,19978,19607,20168,20278,20113,20733,19963,19579,20133
2024-12-31,19970.0,355.7,20177.0,19929.0,20109,19942,20535,19826,19435,20027,20068,19901,20494,19833,19442,20034,20153,19986,20579,19805,19414,20006,20151,19984,20577,19786,19395,19987,20123,19928,21052,19844,19389,20015,20123,19949,20604,19834,19429,20013,20108,19944,20547,19825,19439,20030,20109,19942,20535,19826,19435,20027,20109,19942,20535,19826,19435,20027,20150,19976,20631,19812,19406,19991
2025-01-02,20083.0,337.1,20012.0,19494.0,20215,20056,20618,19947,19576,20137,20197,20039,20601,19972,19601,20162,20257,20099,20661,19927,19556,20117,20256,20098,20660,19906,19535,20096,20230,20043,21109,19964,19532,20125,20228,20064,20684,19959,19570,20124,20214,20058,20630,19946,19579,20140,20215,20056,20618,19947,19576,20137,20215,20056,20618,19947,19576,20137,20254,20089,20709,19936,19548,20102
2025-01-03,19545.0,391.6,19881.0,19598.0,19698,19511,20167,19387,18950,19608,19668,19481,20136,19367,18931,19588,19734,19547,20202,19345,18908,19566,19732,19545,20201,19330,18893,19551,19716,19480,20736,19407,18867,19594,19713,19518,20243,19400,18872,19593,19697,19514,20180,19386,18950,19611,19698,19511,20167,19387,18950,19608,19698,19511,20167,19387,18950,19608,19732,19537,20261,19356,18827,19548
2025-01-06,19775.0,372.9,20129.0,19574.0,19921,19743,20366,19625,19209,19835,19906,19728,20352,19618,19202,19828,19963,19785,20409,19594,19178,19804,19951,19773,20397,19573,19156,19783,19937,19713,20910,19644,19129,19826,19935,19749,20439,19637,19134,19825,19920,19746,20380,19623,19209,19838,19921,19743,20366,19625,19209,19835,19921,19743,20366,19625,19209,19835,19960,19775,20465,19603,19100,19791
2025-01-07,19611.0,433.7,19650.0,19224.0,19781,19574,20298,19436,18952,19681,19790,19583,20308,19415,18931,19660,19837,19630,20355,19403,18919,19647,19823,19616,20341,19395,18912,19640,19800,19539,20930,19458,18860,19670,19797,19581,20384,19445,18865,19670,19780,19577,20314,19433,18953,19684,19781,19574,20298,19436,18952,19681,19781,19574,20298,19436,18952,19681,19836,19620,20423,19408,18828,19632
2025-01-08,19393.0,426.2,19470.0,19070.0,19560,19356,20068,19221,18746,19461,19570,19367,20079,19193,18718,19433,19612,19409,20121,19175,18700,19415,19584,19381,20092,19174,18699,19415,19576,19322,20690,19242,18655,19451,19576,19364,20152,19225,18660,19451,19559,19360,20084,19218,18746,19465,19560,19356,20068,19221,18746,19461,19560,19356,20068,19221,18746,19461,19611,19399,20188,19174,18609,19400
2025-01-09,19211.0,434.2,19389.0,19202.0,19381,19174,19898,19036,18552,19280,19378,19172,19896,18987,18503,19232,19418,19211,19935,18976,18492,19221,19406,19200,19924,19006,18522,19251,19398,19138,20532,19057,18459,19270,19397,19181,19984,19040,18465,19270,19380,19177,19915,19031,18552,19285,19381,19174,19898,19036,18552,19280,19381,19174,19898,19036,18552,19280,19417,19201,20004,18975,18399,19205
2025-01-10,19269.0,377.7,19355.0,18858.0,19417,19237,19866,19117,18695,19329,19422,19242,19872,19081,18660,19294,19383,19204,19833,19061,18640,19274,19443,19264,19893,19087,18666,19300,19431,19206,20418,19136,18615,19321,19431,19243,19942,19120,18620,19320,19416,19240,19881,19112,18696,19333,19417,19237,19866,19117,18695,19329,19417,19237,19866,19117,18695,19329,19380,19192,19891,19059,18559,19259
2025-01-13,18929.0,430.7,18922.0,18644.0,19097,18892,19610,18755,18275,18998,19086,18881,19599,18682,18202,18925,19079,18875,19592,18729,18249,18972,19122,18918,19635,18732,18252,18974,19114,18857,20239,18777,18183,18988,19114,18899,19696,18759,18189,18987,19096,18895,19627,18749,18275,19002,19097,18892,19610,18755,18275,18998,19097,18892,19610,18755,18275,18998,19079,18865,19661,18728,18157,18956
2025-01-14,18845.0,371.3,19317.0,18880.0,18990,18814,19432,18695,18281,18904,18967,18791,19409,18609,18195,18818,18969,18793,19411,18666,18252,18875,19009,18832,19450,18663,18249,18872,19003,18783,19975,18713,18202,18896,19003,18819,19506,18698,18207,18895,18989,18816,19447,18689,18281,18903,18990,18814,19432,18695,18281,18904,18990,18814,19432,18695,18281,18904,18965,18689,19469,18664,18172,18861
2025-01-15,19162.0,392.9,19448.0,19126.0,19315,19129,19782,19003,18565,19224,19329,19143,19796,18946,18508,19167,19302,19115,19769,18978,18540,19199,19342,19155,19809,18976,18538,19197,19331,19096,20357,19024,18482,19216,19330,19135,19862,19007,18486,19215,19314,19131,19799,18997,18565,19223,19315,19129,19782,19003,18565,19224,19315,19129,19782,19003,18565,19224,19301,19105,19832,18976,18456,19184
2025-01-16,19377.0,377.4,19663.0,19322.0,19524,19345,19973,19225,18804,19437,19544,19365,19993,19169,18749,19382,19526,19347,19974,19210,18789,19422,19556,19377,20004,19198,18777,19410,19539,19314,20525,19244,18724,19429,19539,19351,20049,19233,18728,19428,19523,19348,19989,19219,18804,19436,19524,19345,19973,19225,18804,19437,19524,19345,19973,19225,18804,19437,19525,19336,20035,19212,18707,19407
2025-01-17,19439.0,391.4,19967.0,19398.0,19592,19406,20056,19281,18845,19501,19646,19461,20110,19281,18845,19501,19604,19418,20068,19271,18835,19491,19623,19437,20087,19251,18815,19471,19609,19374,20630,19303,18761,19493,19607,19412,20136,19290,18766,19492,19591,19409,20074,19276,18845,19500,19592,19406,20056,19281,18845,19501,19592,19406,20056,19281,18845,19501,19604,19409,20133,19274,18750,19476
2025-01-20,19802.0,428.2,20374.0,19784.0,19970,19766,20477,19630,19152,19870,20043,19840,20550,19620,19142,19860,19999,19796,20506,19621,19144,19861,20014,19811,20521,19606,19129,19846,19992,19730,21105,19656,19061,19861,19986,19773,20565,19638,19066,19860,19968,19769,20496,19624,19152,19869,19970,19766,20477,19630,19152,19870,19970,19766,20477,19630,19152,19870,20000,19787,20579,19624,19051,19845
2025-01-21,20243.0,467.7,20227.0,19868.0,20427,20204,20980,20055,19533,20317,20520,20297,21073,20066,19544,20328,20478,20256,21031,20050,19528,20312,20481,20259,21034,20032,19510,20294,20454,20165,21666,20086,19433,20307,20444,20211,21076,20064,19439,20306,20425,20207,21001,20049,19533,20316,20427,20204,21097,20055,19533,20434,20427,20204,21214,20055,19533,20551,20480,20247,21229,20053,19427,20412
2025-01-22,19995.0,430.1,20040.0,19735.0,20164,19960,20672,19822,19342,20063,20250,20046,20758,19835,19355,20076,20212,20008,20720,19815,19335,20056,20212,20008,20721,19793,19313,20034,20189,19923,21304,19851,19250,20054,20180,19965,20761,19831,19255,20053,20162,19961,20692,19816,19342,20062,20164,19960,20672,19822,19342,20063,20164,19960,20672,19822,19342,20063,20213,19999,20794,19817,19241,20039
2025-01-23,19890.0,419.3,20054.0,19636.0,20054,19856,20550,19721,19253,19956,20137,19938,20632,19741,19273,19976,20094,19896,20590,19706,19239,19941,20100,19902,20596,19700,19233,19935,20074,19820,21166,19747,19164,19947,20070,19861,20637,19730,19169,19947,20053,19857,20570,19715,19253,19956,20054,19856,20550,19721,19253,19956,20054,19856,20550,19721,19253,19956,20095,19886,20662,19708,19148,19925
2025-01-24,19767.0,436.8,20169.0,19759.0,19938,19731,20454,19591,19104,19836,20020,19813,20535,19586,19099,19830,19981,19775,20497,19570,19084,19815,19983,19777,20499,19565,19079,19810,19959,19694,21096,19618,19011,19827,19955,19737,20545,19600,19102,19826,19937,19733,20475,19584,19104,19835,19938,19731,20454,19591,19104,19836,19938,19731,20454,19591,19104,19836,19983,19765,20574,19572,19074,19798
2025-01-27,20104.0,431.2,20460.0,20025.0,20273,20069,20781,19930,19449,20172,20384,20180,20892,19968,19487,20209,20322,20119,20831,19912,19432,20154,20326,20123,20835,19912,19431,20153,20294,20032,21416,19957,19358,20163,20290,20074,20872,19939,19448,20162,20272,20070,20803,19923,19449,20171,20273,20069,20781,19930,19449,20172,20273,20069,20781,19930,19449,20172,20324,20109,20907,19914,19422,20137
2025-01-28,20355.0,426.8,20383.0,20151.0,20522,20321,21025,20183,19707,20422,20670,20468,21172,20241,19765,20480,20585,20383,21087,20169,19693,20408,20571,20370,21074,20165,19689,20404,20548,20284,21654,20212,19616,20413,20539,20326,21115,20197,19705,20413,20522,20322,21047,20177,19707,20422,20522,20321,21025,20183,19707,20422,20522,20321,21025,20183,19707,20422,20585,20372,21162,20176,19684,20391
2025-02-03,20232.0,386.7,20627.0,19727.0,20383,20201,20839,20076,19645,20292,20484,20302,20939,20112,19681,20329,20440,20258,20896,20066,19635,20282,20434,20251,20889,20060,19629,20277,20407,20167,21408,20102,19563,20285,20398,20205,20921,20089,19654,20284,20383,20202,20859,20070,19645,20293,20383,20201,20839,20076,19645,20292,20383,20201,20839,20076,19645,20292,20440,20247,20962,20071,19636,20266
2025-02-04,20437.0,506.7,21018.0,20281.0,20636,20396,21232,20232,19668,20516,20747,20508,21344,20222,19657,20505,20702,20462,21298,20199,19635,20483,20690,20451,21286,20206,19641,20489,20667,20352,21979,20267,19560,20506,20655,20402,21340,20244,19680,20506,20635,20398,21259,20225,19668,20516,20636,20396,21232,20232,19668,20516,20636,20396,21232,20232,19668,20516,20705,20452,21390,20202,19639,20464
2025-02-05,20923.0,540.6,20903.0,20413.0,21135,20880,21771,20705,20103,21007,21272,21016,21907,20689,20087,20991,21231,20975,21866,20697,20095,20999,21201,20945,21837,20680,20078,20982,21170,20833,22568,20747,19987,20997,21156,20886,21886,20725,20115,20996,21134,20881,21800,20697,20102,21008,21135,20880,21771,20705,20103,21007,21135,20880,21771,20705,20103,21007,21235,20965,21965,20708,20099,20980
2025-02-06,20631.0,517.8,20950.0,20529.0,20834,20589,21443,20422,19846,20711,20909,20665,21519,20365,19789,20655,20908,20664,21518,20389,19813,20678,20892,20648,21502,20390,19814,20680,20866,20544,22206,20457,19735,20702,20853,20595,21553,20441,19857,20701,20833,20591,21471,20414,19845,20712,20834,20589,21443,20422,19846,20711,20834,20589,21443,20422,19846,20711,20911,20653,21612,20399,19816,20659
2025-02-07,20857.0,513.3,21393.0,20804.0,21059,20816,21662,20650,20079,20936,21105,20862,21709,20589,20018,20875,21128,20886,21732,20625,20054,20911,21122,20879,21725,20621,20050,20907,21090,20771,22419,20685,19969,20927,21078,20822,21771,20671,20090,20926,21058,20817,21689,20641,20078,20937,21059,20816,21662,20650,20079,20936,21059,20816,21662,20650,20079,20936,21131,20875,21825,20637,20056,20892
2025-02-10,21103.0,565.3,21629.0,21134.0,21326,21058,21990,20875,20246,21190,21426,21158,22090,20848,20219,21163,21419,21151,22083,20869,20239,21183,21399,21131,22063,20849,20220,21164,21361,21009,22823,20919,20124,21180,21346,21064,22110,20900,20258,21180,21324,21059,22020,20866,20245,21191,21326,21058,21990,20875,20246,21190,21326,21058,21990,20875,20246,21190,21423,21140,22186,20883,20242,21163
2025-02-11,21540.0,532.7,21689.0,21276.0,21751,21497,22376,21326,20733,21622,21894,21640,22518,21333,20740,21629,21864,21610,22488,21340,20747,21636,21826,21572,22450,21303,20710,21599,21786,21451,23161,21366,20618,21613,21771,21503,22489,21349,20744,21612,21748,21499,22404,21316,20731,21614,21751,21497,22376,21326,20733,21622,21751,21497,22376,21326,20733,21622,21867,21599,22585,21352,20747,21615
2025-02-12,21515.0,493.0,22128.0,21425.0,21710,21476,22288,21316,20768,21591,21846,21612,22425,21327,20779,21602,21819,21585,22397,21319,20771,21594,21747,21513,22326,21290,20742,21565,21743,21433,23015,21350,20662,21583,21729,21481,22393,21339,20778,21582,21708,21477,22314,21306,20767,21583,21710,21476,22288,21316,20768,21591,21710,21476,22288,21316,20768,21591,21821,21573,22485,21330,20770,21573
2025-02-13,22037.0,551.1,22534.0,21631.0,22255,21993,22901,21816,21202,22121,22411,22148,23057,21820,21207,22126,22389,22126,23035,21837,21224,22143,22313,22050,22959,21813,21200,22119,22298,21945,23714,21857,21083,22112,22276,21999,23019,21841,21214,22112,22253,21994,22931,21806,21214,22113,22255,21993,22901,21816,21202,22121,22255,21993,22901,21816,21202,22121,22392,22115,23135,21849,21222,22120
2025-02-14,21910.0,604.7,22670.0,21947.0,22151,21862,22858,21667,20995,22002,22315,22026,23023,21643,20972,21979,22306,22017,23014,21684,21012,22020,22218,21929,22926,21661,20989,21997,22196,21809,23750,21707,20863,21993,22172,21868,22987,21695,21007,21992,22147,21863,22891,21656,21007,21994,22151,21862,22858,21667,20995,22002,22151,21862,22858,21667,20995,22002,22310,22007,23126,21698,21011,21996
2025-02-17,22492.0,618.1,22976.0,22333.0,22739,22443,23461,22244,21557,22586,22969,22673,23692,22252,21565,22594,22904,22608,23627,22266,21579,22609,22815,22518,23537,22242,21555,22585,22784,22389,24372,22285,21422,22577,22760,22449,23593,22272,21569,22576,22734,22444,23494,22232,21569,22577,22739,22443,23461,22244,21557,22586,22739,22443,23461,22244,21557,22586,22907,22597,23741,22279,21576,22583
2025-02-18,22685.0,626.4,23150.0,22595.0,22936,22635,23667,22435,21737,22780,23166,22864,23897,22487,21790,22832,23107,22806,23838,22455,21758,22801,23022,22721,23753,22437,21740,22783,22981,22580,24591,22475,21601,22771,22956,22642,23801,22462,21749,22770,22931,22636,23701,22423,21749,22772,22936,22635,23667,22435,21737,22780,22936,22635,23667,22435,21737,22780,23109,22794,23953,22466,21754,22774
2025-02-19,22743.0,626.8,22975.0,22637.0,22995,22693,23726,22493,21795,22838,23208,22906,23939,22557,21858,22901,23170,22867,23900,22517,21819,22862,23089,22786,23819,22500,21802,22845,23046,22638,24650,22539,21658,22829,23017,22700,23860,22521,21807,22828,22990,22694,23760,22481,21807,22830,22995,22693,23883,22493,21795,22838,22995,22693,24039,22493,21795,22838,23174,22856,24172,22528,21813,22835
2025-02-20,22733.0,566.2,23311.0,22443.0,22960,22688,23621,22508,21877,22819,23194,22922,23855,22615,21984,22926,23115,22842,23776,22533,21902,22844,23052,22780,23713,22517,21885,22827,23003,22638,24456,22549,21753,22811,22981,22694,23742,22534,21887,22810,22956,22692,23651,22498,21887,22811,22960,22688,23621,22508,21877,22819,22960,22688,23621,22508,21877,22819,23117,22830,23878,22541,21894,22817
2025-02-21,23021.0,630.6,23706.0,22903.0,23275,22971,24010,22770,22068,23116,23532,23228,24267,22859,22158,23206,23427,23123,24162,22784,22082,23130,23377,23072,24111,22775,22073,23121,23329,22916,24939,22816,21929,23107,23301,22978,24144,22799,22079,23106,23270,22975,24044,22758,22079,23108,23275,22971,24010,22770,22068,23116,23275,22971,24010,22770,22068,23116,23434,23111,24277,22794,22074,23102
2025-02-24,23386.0,640.6,23678.0,22775.0,23645,23335,24390,23132,22418,23483,23912,23602,24657,23219,22506,23570,23828,23518,24574,23162,22448,23513,23760,23451,24506,23143,22430,23494,23699,23279,25335,23177,22277,23474,23671,23342,24527,23161,22429,23473,23639,23339,24425,23119,22429,23475,23645,23335,24390,23132,22418,23483,23645,23335,24390,23132,22418,23483,23835,23506,24691,23172,22439,23483
2025-02-25,22819.0,652.2,23244.0,22743.0,23083,22767,23842,22559,21834,22917,23323,23007,24082,22585,21860,22943,23274,22958,24033,22576,21851,22934,23199,22883,23958,22560,21835,22918,23137,22710,24803,22600,21690,22908,23113,22774,23981,22590,21845,22907,23076,22771,23877,22546,21845,22909,23083,22767,23842,22559,21834,22917,23083,22767,23842,22559,21834,22917,23285,22946,24152,22586,21840,22903
2025-02-26,23136.0,621.2,23992.0,23152.0,23389,23087,24110,22889,22198,23229,23651,23349,24372,22939,22247,23278,23588,23286,24309,22920,22228,23259,23510,23208,24232,22894,22203,23234,23439,23032,25026,22928,22061,23221,23416,23093,24243,22918,22208,23220,23383,23091,24143,22877,22208,23222,23389,23087,24110,22889,22198,23229,23389,23087,24110,22889,22198,23229,23595,23272,24421,22926,22216,23228
2025-02-27,23648.0,710.7,24055.0,23407.0,23939,23591,24762,23367,22575,23754,24220,23872,25043,23431,22640,23819,24157,23809,24980,23402,22610,23789,24073,23725,24896,23375,22584,23763,23997,23529,25810,23417,22418,23745,23971,23599,24914,23399,22586,23744,23931,23596,24800,23353,22586,23746,23939,23591,24940,23367,22575,23754,23939,23591,25118,23367,22575,23754,24168,23796,25289,23411,22598,23756
2025-02-28,23709.0,676.2,23628.0,22782.0,23987,23655,24769,23442,22689,23810,24252,23920,25034,23529,22776,23897,24202,23870,24984,23474,22721,23842,24126,23794,24908,23451,22698,23819,24041,23596,25766,23489,22538,23802,24017,23662,24914,23472,22699,23801,23980,23660,24806,23432,22699,23802,23987,23655,24938,23442,22689,23810,23987,23655,25107,23442,22689,23810,24210,23855,25275,23480,22707,23809
2025-03-03,22926.0,676.3,23394.0,22858.0,23203,22864,23986,22658,21906,23027,23380,23041,24163,22652,21899,23020,23407,23068,24190,22659,21907,23027,23334,22995,24117,22654,21901,23022,23256,22813,24984,22699,21755,23019,23234,22859,24131,22689,21916,23018,23197,22873,24023,22649,21916,23020,23203,22864,23986,22658,21906,23027,23203,22864,23986,22658,21906,23027,23414,23040,24312,22665,21891,22993
2025-03-04,22920.0,622.9,23036.0,22549.0,23176,22863,23897,22674,21981,23013,23348,23035,24069,22678,21985,23017,23377,23064,24097,22702,22009,23041,23310,22997,24030,22671,21978,23010,23226,22816,24815,22717,21842,23005,23203,22858,24030,22701,21989,23004,23170,22871,23930,22664,21989,23006,23176,22863,23897,22674,21981,23013,23176,22863,23897,22674,21981,23013,23381,23036,24207,22704,21992,23007
2025-03-05,23029.0,620.2,23989.0,23078.0,23283,22973,24001,22784,22094,23121,23420,23109,24138,22759,22070,23097,23458,23147,24176,22803,22114,23140,23418,23108,24136,22789,22100,23127,23333,22925,24916,22827,21955,23114,23309,22968,24134,22811,22102,23113,23278,22981,24035,22775,22102,23115,23283,22973,24001,22784,22094,23121,23283,22973,24001,22784,22094,23121,23460,23119,24285,22803,22095,23106
2025-03-06,23982.0,692.1,24464.0,23918.0,24267,23920,25067,23708,22939,24084,24476,24129,25276,23699,22930,24075,24488,24141,25288,23757,22988,24133,24415,24068,25215,23716,22947,24092,24326,23866,26088,23763,22784,24077,24297,23914,25215,23738,22948,24076,24260,23928,25104,23698,22948,24076,24267,23920,25067,23708,22939,24084,24267,23920,25067,23708,22939,24084,24494,24111,25412,23760,22970,24098
2025-03-07,24048.0,646.7,24658.0,23942.0,24315,23990,25062,23792,23074,24143,24509,24184,25256,23811,23092,24162,24541,24215,25287,23846,23128,24197,24463,24138,25209,23807,23088,24158,24373,23940,26016,23845,22928,24137,24342,23984,25200,23821,23082,24136,24309,23998,25097,23785,23082,24136,24315,23990,25062,23792,23074,24143,24315,23990,25062,23792,23074,24143,24543,24185,25401,23848,23108,24162
2025-03-10,24099.0,654.8,24291.0,23277.0,24370,24040,25125,23841,23113,24195,24556,24225,25310,23860,23133,24215,24596,24266,25351,23894,23167,24249,24530,24200,25285,23864,23136,24219,24433,24016,26091,23896,22965,24189,24397,24034,25266,23869,23121,24188,24366,24048,25161,23833,23121,24188,24370,24040,25125,23841,23113,24195,24370,24040,25125,23841,23113,24195,24599,24235,25467,23895,23147,24214
2025-03-11,23278.0,695.1,23928.0,23188.0,23565,23216,24368,23003,22232,23380,23739,23390,24541,23002,22231,23379,23772,23423,24574,23016,22244,23393,23725,23376,24527,23016,22245,23393,23632,23190,25393,23062,22075,23373,23594,23209,24516,23034,22240,23372,23559,23224,24405,22996,22240,23372,23565,23216,24368,23003,22232,23380,23565,23216,24368,23003,22232,23380,23776,23391,24698,23019,22224,23357
2025-03-12,23732.0,710.0,23933.0,23344.0,24026,23669,24845,23452,22664,23836,24220,23863,25039,23451,22663,23835,24254,23897,25073,23476,22688,23860,24195,23838,25013,23465,22677,23849,24106,23642,25892,23516,22503,23829,24055,23662,24997,23483,22671,23828,24021,23677,24883,23444,22671,23828,24026,23669,24845,23452,22664,23836,24026,23669,24845,23452,22664,23836,24257,23864,25199,23479,22667,23824
2025-03-13,23583.0,663.1,23767.0,23175.0,23857,23524,24622,23321,22585,23680,23981,23649,24747,23283,22548,23642,24059,23727,24825,23334,22599,23693,24025,23692,24790,23338,22603,23697,23933,23499,25601,23377,22435,23674,23885,23517,24764,23351,22592,23673,23851,23531,24658,23314,22592,23673,23857,23524,24622,23321,22585,23680,23857,23524,24622,23321,22585,23680,24061,23694,24941,23335,22577,23657
2025-03-14,23753.0,673.9,24245.0,23462.0,24030,23694,24809,23487,22740,23851,24134,23797,24913,23430,22683,23795,24214,23878,24993,23502,22755,23866,24200,23864,24979,23503,22756,23868,24096,23668,25803,23541,22586,23845,24059,23686,24953,23517,22746,23844,24023,23701,24846,23479,22746,23844,24030,23694,24809,23487,22740,23851,24030,23694,24809,23487,22740,23851,24217,23844,25111,23503,22733,23831
2025-03-17,24168.0,710.4,24695.0,24060.0,24461,24106,25281,23887,23100,24271,24623,24267,25442,23894,23107,24278,24630,24275,25450,23887,23100,24271,24629,24273,25448,23898,23111,24282,24542,24078,26329,23945,22938,24265,24491,24098,25434,23919,23107,24264,24453,24113,25285,23877,23107,24264,24461,24106,25281,23887,23100,24271,24461,24106,25281,23887,23100,24271,24633,24240,25576,23890,23078,24235
2025-03-18,24650.0,675.5,24838.0,24488.0,24930,24591,25709,24383,23635,24748,25095,24756,25874,24387,23639,24752,25099,24760,25877,24387,23639,24752,25100,24761,25878,24395,23647,24760,25006,24564,26705,24438,23481,24742,24958,24583,25853,24413,23641,24741,24923,24597,25712,24373,23641,24741,24930,24591,25709,24383,23635,24748,24930,24591,25709,24383,23635,24748,25099,24725,25995,24388,23616,24716
2025-03-19,24685.0,599.2,24905.0,24570.0,24932,24633,25624,24448,23785,24772,25103,24803,25794,24476,23812,24799,25086,24786,25777,24450,23786,24773,25096,24797,25788,24461,23797,24784,24990,24609,26508,24497,23648,24767,24957,24626,25752,24475,23790,24766,24927,24638,25627,24439,23790,24766,24932,24633,25624,24448,23785,24772,24932,24633,25624,24448,23785,24772,25083,24751,25878,24447,23762,24738
2025-03-20,24696.0,568.9,24761.0,23967.0,24930,24647,25587,24471,23842,24778,25027,24744,25684,24482,23852,24788,25083,24800,25740,24472,23842,24778,25084,24801,25741,24484,23854,24791,24982,24624,26427,24519,23711,24774,24953,24640,25709,24497,23846,24773,24926,24652,25591,24465,23846,24773,24930,24647,25587,24471,23842,24778,24930,24647,25587,24471,23842,24778,25078,24765,25835,24468,23817,24744
2025-03-21,24042.0,620.7,24233.0,23508.0,24296,23988,25015,23797,23110,24131,24357,24049,25075,23736,23049,24070,24424,24116,25142,23775,23089,24110,24436,24128,25154,23793,23106,24128,24350,23963,25930,23847,22967,24127,24318,23981,25148,23824,23115,24126,24291,23994,25018,23790,23115,24126,24296,23988,25015,23797,23110,24131,24296,23988,25015,23797,23110,24131,24417,24080,25247,23773,23064,24075
2025-03-24,23639.0,604.5,23966.0,23541.0,23885,23587,24586,23400,22732,23726,23905,23607,24606,23295,22627,23621,23987,23689,24689,23357,22689,23683,24028,23730,24729,23394,22725,23719,23934,23562,25077,23448,22593,23714,23908,23579,24716,23426,22736,23721,23881,23592,24590,23393,22736,23721,23885,23587,24586,23400,22732,23726,23885,23587,24586,23400,22732,23726,23982,23654,24791,23354,22664,23649
2025-03-25,23594.0,552.2,23749.0,23307.0,23820,23547,24459,23376,22766,23673,23856,23582,24495,23341,22731,23638,23925,23652,24564,23358,22748,23655,23968,23695,24607,23375,22765,23672,23868,23524,24907,23421,22638,23662,23843,23539,24578,23400,22769,23669,23817,23551,24462,23370,22769,23669,23820,23547,24459,23376,22766,23673,23820,23547,24459,23376,22766,23673,23920,23617,24655,23353,22722,23622
2025-03-26,23465.0,557.2,23607.0,23358.0,23692,23418,24338,23245,22629,23544,23684,23410,24330,23185,22569,23485,23785,23511,24431,23214,22599,23514,23838,23564,24484,23245,22629,23544,23737,23394,24332,23290,22500,23534,23716,23410,24458,23269,22633,23540,23690,23422,24341,23239,22633,23540,23692,23418,24338,23245,22629,23544,23692,23418,24338,23245,22629,23544,23782,23476,24524,23210,22573,23481
2025-03-27,23412.0,513.8,23889.0,23395.0,23620,23368,24217,23209,22642,23485,23613,23362,24210,23171,22604,23447,23678,23427,24276,23171,22604,23447,23758,23507,24355,23207,22640,23484,23657,23347,24211,23253,22523,23476,23644,23361,24327,23232,22644,23482,23618,23372,24220,23204,22644,23482,23620,23368,24217,23209,22642,23485,23620,23368,24217,23209,22642,23485,23676,23393,24359,23165,22578,23415
2025-03-28,23746.0,533.5,23759.0,23155.0,23963,23701,24582,23535,22946,23822,23992,23730,24611,23531,22942,23817,24030,23767,24648,23505,22916,23791,24104,23841,24722,23536,22947,23822,24000,23678,24576,23583,22822,23812,23989,23693,24696,23559,22949,23818,23961,23704,24585,23530,22949,23818,23963,23701,24582,23535,22946,23822,23963,23701,24582,23535,22946,23822,24028,23733,24736,23500,22890,23760
2025-03-31,23214.0,519.2,23368.0,22924.0,23424,23170,24027,23009,22436,23288,23411,23157,24015,22969,22396,23247,23498,23244,24102,22992,22419,23271,23563,23309,24166,23001,22428,23280,23453,23148,23994,23053,22315,23266,23450,23163,24139,23032,22438,23284,23422,23174,24031,23004,22438,23284,23424,23170,24027,23009,22436,23288,23424,23170,24027,23009,22436,23288,23498,23210,24187,22988,22394,23240
2025-04-01,23172.0,504.7,23442.0,23019.0,23376,23130,23963,22972,22416,23243,23334,23088,23921,22906,22350,23177,23437,23192,24024,22942,22385,23213,23507,23261,24094,22971,22415,23242,23405,23108,23931,23015,22298,23223,23400,23122,24071,22995,22418,23240,23374,23133,23966,22967,22418,23240,23376,23130,23963,22972,22416,23243,23376,23130,23963,22972,22416,23243,23435,23158,24107,22937,22360,23182
2025-04-02,23102.0,496.5,23354.0,22929.0,23303,23061,23880,22906,22359,23172,23277,23035,23854,22834,22287,23100,23375,23133,23952,22884,22336,23150,23426,23184,24003,22904,22357,23171,23331,23039,23848,22948,22243,23152,23328,23053,23986,22928,22360,23169,23301,23063,23883,22901,22360,23169,23303,23061,23880,22906,22359,23172,23303,23061,23880,22906,22359,23172,23374,23099,24033,22879,22311,23120
2025-04-03,23041.0,511.0,22927.0,22469.0,23249,22999,23841,22839,22276,23113,23231,22980,23823,22758,22194,23031,23288,23038,23881,22804,22240,23077,23380,23129,23972,22846,22283,23119,23277,22976,23809,22880,22156,23087,23274,22990,23951,22862,22278,23110,23247,23001,23845,22834,22278,23110,23249,22999,23841,22839,22276,23113,23249,22999,23841,22839,22276,23113,23287,23004,23965,22799,22215,23047
2025-04-07,22728.0,505.0,21091.0,19274.0,22932,22677,23519,22528,21972,22799,22899,22644,23486,22460,21904,22730,22946,22691,23532,22464,21908,22734,23052,22797,23638,22523,21967,22793,22961,22644,23487,22569,21903,22773,22958,22667,23628,22551,21974,22796,22930,22687,23522,22523,21974,22796,22932,22677,23519,22528,21972,22799,22932,22677,23519,22528,21972,22799,22945,22655,23615,22459,21882,22705
2025-04-08,19590.0,606.9,20401.0,19268.0,19835,19520,20541,19350,18668,19675,19624,19309,20329,18985,18304,19310,19739,19424,20445,19115,18434,19440,19900,19585,20606,19259,18578,19584,19866,19467,20502,19399,18539,19644,19866,19510,20671,19377,18666,19672,19831,19530,20545,19343,18669,19672,19835,19520,20541,19350,18668,19675,19835,19520,20541,19350,18668,19675,19745,19388,20550,19116,18405,19411
2025-04-09,19280.0,646.7,20448.0,19042.0,19542,19205,20293,19024,18298,19370,19379,19043,20130,18637,17911,18983,19478,19142,20229,18813,18087,19159,19613,19277,20364,18925,18199,19271,19574,19149,20252,19068,18161,19338,19574,19194,20432,19052,18296,19368,19537,19216,20297,19017,18298,19368,19542,19205,20293,19024,18298,19370,19542,19205,20293,19024,18298,19370,19485,19105,20343,18815,18059,19130
2025-04-10,20157.0,786.4,21182.0,20149.0,20477,20066,21393,19846,18963,20266,20412,20001,21328,19468,18585,19888,20441,20030,21357,19627,18744,20047,20573,20162,21489,19749,18866,20169,20520,19998,21380,19900,18796,20227,20515,20053,21593,19878,18960,20252,20470,20079,21534,19837,18963,20263,20477,20066,21393,19846,18963,20266,20477,20066,21393,19846,18963,20266,20452,19991,21531,19633,18715,20007
2025-04-11,20575.0,816.9,21118.0,20391.0,20910,20481,21858,20252,19335,20688,20924,20495,21872,19893,18975,20329,20914,20484,21862,20054,19136,20490,21013,20584,21961,20160,19242,20596,20964,20410,21845,20317,19161,20648,20947,20467,22067,20287,19332,20674,20903,20494,22005,20244,19335,20686,20910,20481,21858,20252,19335,20688,20910,20481,21858,20252,19335,20688,20925,20444,22044,20062,19107,20449
2025-04-14,21039.0,816.4,21665.0,21205.0,21375,20945,22321,20717,19800,21152,21383,20953,22329,20353,19435,20788,21393,20963,22339,20532,19615,20967,21476,21046,22422,20632,19715,21067,21428,20874,22309,20782,19626,21112,21412,20931,22530,20752,19796,21138,21366,20958,22468,20708,19800,21150,21375,20945,22321,20717,19800,21152,21375,20945,22321,20717,19800,21152,21403,20923,22522,20542,19585,20927
2025-04-15,21568.0,714.0,21600.0,21279.0,21863,21486,22688,21287,20484,21680,21920,21543,22746,21009,20207,21402,21885,21508,22711,21128,20325,21521,21958,21581,22784,21207,20405,21600,21916,21423,22678,21346,20332,21640,21894,21474,22872,21318,20481,21665,21854,21497,22818,21278,20484,21667,21863,21486,22867,21287,20484,21680,21863,21486,23045,21287,20484,21680,21889,21469,23045,21132,20296,21479
2025-04-16,21438.0,615.2,21355.0,20841.0,21691,21367,22403,21195,20504,21534,21728,21404,22440,20926,20235,21264,21689,21365,22401,21027,20337,21366,21774,21450,22486,21113,20423,21452,21728,21313,22395,21244,20373,21500,21718,21357,22562,21222,20502,21521,21683,21377,22515,21189,20504,21523,21691,21367,22403,21195,20504,21534,21691,21367,22403,21195,20504,21534,21688,21327,22532,21028,20307,21327
2025-04-17,20992.0,575.6,21481.0,21025.0,21228,20924,21895,20765,20119,21082,21224,20920,21891,20455,19809,20772,21213,20909,21880,20574,19928,20891,21297,20993,21964,20670,20024,20987,21263,20875,21887,20810,19996,21050,21254,20914,22043,20789,20116,21070,21221,20926,22000,20759,20118,21072,21228,20924,21895,20765,20119,21082,21228,20924,21895,20765,20119,21082,21212,20872,22001,20572,19899,20853
2025-04-22,21278.0,529.5,21859.0,21178.0,21496,21215,22109,21069,20475,21360,21513,21232,22125,20783,20189,21074,21495,21214,22108,20885,20291,21176,21572,21291,22185,20977,20383,21268,21528,21171,22102,21111,20361,21331,21519,21206,22245,21091,20472,21350,21490,21217,22205,21063,20474,21351,21496,21215,22109,21069,20475,21360,21496,21215,22109,21069,20475,21360,21491,21178,22217,20881,20262,21139
2025-04-23,21745.0,568.5,22388.0,21860.0,21980,21678,22637,21521,20883,21833,22065,21763,22722,21283,20645,21595,22006,21703,22663,21368,20730,21680,22056,21754,22713,21434,20796,21746,22013,21630,22629,21566,20761,21802,22004,21668,22783,21546,20893,21822,21974,21680,22740,21515,20882,21824,21980,21678,22637,21521,20883,21833,21980,21678,22637,21521,20883,21833,22003,21666,22782,21366,20714,21643
2025-04-24,22047.0,561.3,22177.0,21711.0,22280,21980,22927,21826,21196,22141,22590,22291,23238,21947,21318,22263,22329,22030,22977,21704,21074,22019,22356,22056,23003,21744,21114,22059,22325,21933,22920,21873,21075,22116,22303,21971,23072,21850,21206,22125,22276,21982,23030,21820,21195,22135,22280,21980,22927,21826,21196,22141,22280,21980,22927,21826,21196,22141,22325,21993,23094,21702,21058,21977
2025-04-25,22145.0,561.5,22279.0,21916.0,22377,22079,23026,21924,21294,22239,22620,22322,23269,22042,21412,22357,22417,22119,23066,21789,21160,22105,22449,22151,23098,21848,21218,22163,22410,22031,23018,21968,21173,22212,22401,22069,23170,21948,21304,22223,22372,22080,23128,21918,21293,22233,22377,22079,23026,21924,21294,22239,22377,22079,23026,21924,21294,22239,22414,22081,23183,21787,21143,22063
2025-04-28,22067.0,525.0,22141.0,21820.0,22283,22005,22891,21860,21272,22155,22426,22148,23033,21975,21387,22270,22322,22044,22929,21728,21140,22023,22349,22071,22957,21779,21191,22074,22306,21961,22884,21895,21158,22130,22306,21996,23026,21882,21281,22140,22279,22007,22986,21855,21270,22149,22283,22005,22891,21860,21272,22155,22283,22005,22891,21860,21272,22155,22318,22007,23037,21725,21123,21983
2025-04-29,22020.0,501.6,22229.0,21938.0,22226,21961,22807,21822,21260,22104,22284,22019,22865,21903,21342,22185,22262,21997,22843,21683,21121,21965,22273,22008,22854,21733,21172,22015,22246,21918,22800,21855,21152,22080,22248,21952,22936,21842,21269,22090,22221,21962,22898,21817,21258,22099,22226,21961,22807,21822,21260,22104,22226,21961,22807,21822,21260,22104,22257,21960,22945,21677,21104,21925
2025-04-30,22019.0,459.0,22155.0,21832.0,22208,21965,22739,21838,21324,22096,22245,22002,22777,21917,21403,22175,22231,21988,22762,21695,21182,21953,22252,22009,22783,21751,21238,22009,22226,21926,22733,21874,21224,22074,22228,21957,22857,21857,21331,22083,22204,21966,22823,21833,21322,22091,22208,21965,22739,21838,21324,22096,22208,21965,22739,21838,21324,22096,22223,21952,22853,21689,21163,21914
2025-05-02,21987.0,445.0,22694.0,22044.0,22169,21934,22685,21811,21314,22061,22173,21938,22688,21841,21343,22091,22200,21965,22715,21687,21190,21937,22222,21987,22737,21741,21243,21991,22188,21897,22679,21847,21217,22040,22188,21926,22800,21829,21320,22049,22165,21936,22766,21807,21311,22057,22169,21934,22685,21811,21314,22061,22169,21934,22685,21811,21314,22061,22191,21818,22803,21680,21171,21899
2025-05-06,22658.0,529.8,23011.0,22420.0,22876,22595,23497,22449,21857,22746,22958,22678,23580,22502,21910,22800,22935,22655,23557,22341,21748,22638,22937,22656,23558,22379,21787,22677,22897,22551,23494,22491,21741,22728,22897,22586,23626,22470,21864,22732,22872,22597,23586,22443,21854,22741,22876,22595,23497,22449,21857,22746,22876,22595,23497,22449,21857,22746,22930,22618,23658,22337,21731,22598
2025-05-07,22906.0,547.8,23247.0,22507.0,23132,22841,23774,22690,22078,22997,23261,22971,23903,22776,22164,23083,23195,22904,23837,22578,21966,22885,23200,22909,23841,22623,22011,22930,23153,22795,23770,22726,21958,22979,23153,22832,23906,22711,22085,22982,23129,22843,23865,22684,22074,22992,23132,22841,23774,22690,22078,22997,23132,22841,23774,22690,22078,22997,23189,22868,23943,22574,21948,22845
2025-05-08,22553.0,594.5,22964.0,22569.0,22799,22483,23494,22318,21654,22652,22915,22598,23610,22360,21696,22693,22865,22549,23560,22196,21532,22529,22852,22536,23547,22239,21575,22573,22821,22433,23491,22358,21524,22632,22821,22472,23639,22340,21662,22636,22798,22485,23594,22312,21650,22646,22799,22483,23494,22318,21654,22652,22799,22483,23494,22318,21654,22652,22861,22512,23678,22193,21515,22488
2025-05-09,22789.0,556.0,22971.0,22655.0,23020,22723,23669,22569,21949,22881,23116,22819,23765,22625,22005,22937,23111,22814,23760,22478,21858,22790,23072,22775,23721,22491,21871,22803,23042,22676,23666,22614,21827,22863,23040,22713,23804,22590,21956,22866,23019,22725,23763,22564,21945,22876,23020,22723,23669,22569,21949,22881,23020,22723,23669,22569,21949,22881,23104,22777,23868,22474,21840,22750
2025-05-12,22822.0,534.8,23705.0,22968.0,23044,22759,23669,22611,22014,22910,23093,22809,23718,22642,22045,22941,23224,22939,23848,22687,22090,22986,23086,22801,23711,22531,21935,22831,23063,22714,23663,22656,21896,22893,23060,22749,23799,22631,22021,22896,23044,22760,23758,22606,22010,22906,23044,22759,23669,22611,22014,22910,23044,22759,23669,22611,22014,22910,23214,22903,23953,22681,22072,22947
2025-05-13,23477.0,629.6,23482.0,23038.0,23739,23403,24490,23229,22526,23586,23865,23529,24616,23307,22604,23664,23924,23588,24675,23327,22624,23684,23800,23464,24551,23172,22470,23530,23763,23350,24502,23285,22441,23588,23761,23391,24627,23253,22534,23604,23739,23404,24579,23225,22521,23584,23739,23403,24490,23229,22526,23586,23739,23403,24490,23229,22526,23586,23921,23551,24786,23326,22607,23678
2025-05-14,23373.0,557.3,23719.0,23273.0,23604,23307,24270,23153,22532,23469,23714,23418,24380,23213,22591,23529,23731,23434,24396,23241,22619,23557,23649,23353,24315,23087,22466,23404,23626,23260,24280,23200,22456,23472,23621,23297,24355,23174,22538,23451,23604,23309,24349,23148,22527,23468,23604,23307,24270,23153,22532,23469,23604,23307,24270,23153,22532,23469,23722,23399,24456,23236,22601,23513
2025-05-15,23628.0,532.5,23709.0,23190.0,23850,23565,24484,23418,22824,23720,23986,23701,24620,23494,22900,23796,23947,23662,24581,23496,22903,23798,23900,23616,24535,23358,22764,23660,23879,23520,24495,23465,22752,23722,23868,23556,24566,23438,22830,23702,23849,23567,24560,23413,22820,23718,23850,23565,24484,23418,22824,23720,23850,23565,24484,23418,22824,23720,23942,23629,24639,23493,22885,23756
2025-05-16,23286.0,533.7,23378.0,23179.0,23507,23223,24144,23075,22481,23378,23629,23345,24266,23116,22522,23419,23587,23303,24224,23135,22541,23438,23556,23272,24193,23013,22418,23316,23529,23178,24155,23120,22408,23380,23527,23213,24226,23096,22486,23360,23507,23225,24221,23070,22476,23377,23507,23223,24144,23075,22481,23378,23507,23223,24144,23075,22481,23378,23584,23270,24283,23133,22523,23397
2025-05-19,23307.0,451.6,23443.0,23043.0,23493,23254,24033,23129,22626,23385,23607,23368,24147,23181,22678,23437,23552,23313,24091,23170,22667,23426,23534,23294,24073,23070,22567,23326,23512,23216,24042,23169,22564,23387,23511,23246,24102,23147,22631,23370,23493,23255,24098,23124,22621,23384,23493,23254,24033,23129,22626,23385,23493,23254,24033,23129,22626,23385,23547,23282,24139,23165,22649,23388
2025-05-20,23428.0,467.8,23777.0,23349.0,23620,23373,24179,23243,22723,23509,23677,23430,24236,23263,22743,23529,23690,23442,24249,23280,22760,23546,23654,23406,24213,23178,22657,23443,23641,23333,24189,23283,22658,23511,23639,23364,24252,23262,22727,23493,23620,23374,24247,23239,22718,23507,23620,23373,24179,23243,22723,23509,23620,23373,24179,23243,22723,23509,23687,23412,24300,23277,22742,23508
2025-05-21,23693.0,475.1,23939.0,23682.0,23889,23637,24456,23506,22977,23775,23948,23696,24514,23539,23010,23809,23983,23731,24550,23566,23037,23835,23929,23677,24495,23440,22911,23709,23909,23597,24466,23546,22911,23777,23907,23628,24530,23525,22981,23759,23888,23638,24525,23501,22972,23774,23889,23637,24456,23506,22977,23775,23889,23637,24456,23506,22977,23775,23980,23701,24603,23563,23020,23798
2025-05-22,23691.0,424.1,23787.0,23461.0,23867,23641,24372,23524,23052,23764,23919,23693,24424,23593,23121,23834,23951,23725,24455,23579,23108,23820,23908,23683,24413,23460,22988,23700,23891,23605,24381,23561,22993,23766,23882,23633,24438,23541,23056,23750,23865,23642,24434,23519,23047,23763,23867,23641,24372,23524,23052,23764,23867,23641,24372,23524,23052,23764,23946,23697,24501,23575,23090,23785
2025-05-23,23547.0,415.5,23760.0,23319.0,23719,23498,24214,23383,22921,23619,23746,23526,24241,23421,22959,23657,23780,23560,24275,23430,22968,23666,23762,23542,24257,23330,22868,23566,23743,23463,24223,23418,22863,23620,23732,23490,24279,23399,22925,23605,23718,23499,24275,23378,22916,23618,23719,23498,24214,23383,22921,23619,23719,23498,24214,23383,22921,23619,23773,23532,24320,23425,22951,23631
2025-05-26,23526.0,455.9,23625.0,23237.0,23715,23473,24257,23346,22839,23604,23752,23509,24294,23369,22863,23628,23758,23516,24300,23373,22866,23631,23761,23519,24304,23299,22792,23557,23752,23434,24268,23382,22776,23607,23732,23464,24329,23364,22843,23589,23715,23473,24324,23341,22834,23603,23715,23473,24257,23346,22839,23604,23715,23473,24257,23346,22839,23604,23755,23488,24353,23370,22849,23596
2025-05-27,23246.0,437.9,23421.0,23162.0,23427,23195,23948,23073,22587,23321,23388,23156,23910,23049,22563,23298,23471,23239,23992,23100,22614,23348,23469,23237,23990,23019,22533,23268,23463,23157,23959,23108,22546,23323,23441,23186,24017,23089,22590,23307,23428,23196,24013,23068,22581,23320,23427,23195,23948,23073,22587,23321,23427,23195,23948,23073,22587,23321,23465,23211,24042,23096,22597,23314
2025-05-28,23384.0,399.2,23475.0,23111.0,23548,23337,24024,23226,22783,23453,23535,23324,24010,23231,22788,23457,23597,23386,24072,23258,22815,23485,23592,23381,24068,23177,22733,23403,23582,23303,24034,23258,22746,23455,23561,23330,24087,23242,22786,23440,23549,23338,24083,23222,22778,23452,23548,23337,24024,23226,22783,23453,23548,23337,24024,23226,22783,23453,23591,23359,24117,23254,22798,23452
2025-05-29,23152.0,422.9,23620.0,23215.0,23325,23103,23830,22985,22516,23225,23293,23070,23797,22966,22497,23206,23377,23154,23881,23013,22544,23253,23369,23147,23874,22929,22460,23169,23361,23066,23840,23019,22476,23227,23340,23094,23897,23001,22518,23211,23327,23103,23893,22981,22510,23224,23325,23103,23830,22985,22516,23225,23325,23103,23830,22985,22516,23225,23374,23128,23931,23010,22527,23220
2025-05-30,23343.0,441.5,23369.0,22954.0,23525,23291,24050,23169,22679,23419,23536,23303,24061,23195,22706,23446,23591,23358,24117,23203,22713,23453,23569,23336,24095,23114,22625,23364,23562,23254,24062,23204,22637,23423,23542,23283,24121,23187,22682,23409,23526,23292,24073,23164,22673,23418,23525,23291,24050,23169,22679,23419,23525,23291,24050,23169,22679,23419,23591,23332,24169,23201,22696,23424
2025-06-02,23046.0,435.6,23288.0,22656.0,23225,22995,23743,22874,22391,23121,23233,23004,23752,22869,22386,23116,23286,23057,23805,22897,22415,23144,23270,23041,23789,22824,22341,23070,23262,22958,23755,22909,22350,23125,23243,22987,23813,22892,22394,23111,23227,22996,23766,22870,22385,23120,23225,22995,23743,22874,22391,23121,23225,22995,23743,22874,22391,23121,23286,23030,23857,22896,22398,23116
2025-06-03,23282.0,494.9,23558.0,23231.0,23486,23224,24074,23086,22538,23367,23506,23244,24094,23068,22520,23349,23524,23263,24112,23087,22539,23368,23534,23273,24123,23033,22485,23313,23527,23182,24087,23119,22491,23372,23507,23215,24154,23107,22541,23356,23488,23225,24100,23082,22531,23366,23486,23224,24074,23086,22538,23367,23486,23224,24074,23086,22538,23367,23528,23235,24174,23088,22522,23338
2025-06-04,23541.0,460.7,23837.0,23489.0,23731,23487,24278,23359,22849,23620,23743,23499,24290,23345,22835,23606,23766,23522,24313,23369,22859,23630,23780,23536,24327,23308,22798,23569,23774,23448,24291,23396,22804,23625,23750,23478,24352,23378,22851,23610,23734,23488,24303,23355,22842,23619,23731,23487,24278,23359,22849,23620,23731,23487,24278,23359,22849,23620,23768,23496,24370,23368,22842,23601
2025-06-05,23797.0,463.9,24099.0,23753.0,23989,23743,24539,23614,23100,23876,24007,23760,24556,23595,23081,23857,24024,23778,24573,23639,23126,23902,24040,23793,24589,23565,23052,23828,24034,23703,24552,23653,23055,23881,24008,23734,24614,23634,23102,23867,23992,23744,24564,23609,23093,23876,23989,23743,24539,23614,23100,23876,23989,23743,24539,23614,23100,23876,24025,23751,24631,23640,23109,23873
2025-06-06,23962.0,457.3,23971.0,23766.0,24152,23909,24693,23782,23275,24040,24189,23945,24729,23783,23277,24041,24184,23941,24725,23801,23295,24060,24213,23970,24754,23746,23240,24005,24198,23869,24706,23822,23231,24045,24170,23900,24767,23801,23277,24031,24155,23909,24718,23777,23268,24040,24152,23909,24693,23782,23275,24040,24152,23909,24693,23782,23275,24040,24185,23914,24782,23802,23278,24032
2025-06-09,23914.0,400.2,24244.0,23931.0,24080,23867,24553,23756,23313,23982,24094,23881,24567,23762,23319,23988,24105,23893,24579,23771,23328,23997,24183,23970,24656,23801,23359,24028,24120,23833,24565,23792,23274,23987,24096,23860,24619,23773,23314,23974,24083,23868,24576,23752,23306,23982,24080,23867,24553,23756,23313,23982,24080,23867,24553,23756,23313,23982,24104,23868,24627,23769,23310,23970
2025-06-10,24232.0,398.8,24319.0,24025.0,24398,24186,24869,24075,23634,24300,24437,24225,24908,24109,23668,24335,24398,24186,24869,24080,23639,24306,24491,24278,24962,24126,23685,24352,24437,24151,24881,24110,23594,24305,24414,24178,24934,24092,23635,24292,24402,24186,24891,24072,23627,24300,24398,24186,24869,24075,23634,24300,24398,24186,24869,24075,23634,24300,24397,24161,24917,24079,23622,24279
2025-06-11,24211.0,388.7,24468.0,24183.0,24372,24166,24832,24058,23628,24277,24404,24198,24864,24078,23649,24298,24382,24175,24841,24070,23641,24290,24440,24234,24900,24108,23678,24327,24409,24132,24822,24089,23590,24282,24388,24158,24896,24075,23629,24269,24376,24166,24854,24055,23621,24277,24372,24166,24832,24058,23628,24277,24372,24166,24832,24058,23628,24277,24381,24150,24888,24069,23623,24264
2025-06-12,24314.0,376.3,24312.0,24013.0,24471,24270,24915,24166,23750,24378,24520,24319,24964,24210,23794,24423,24479,24279,24923,24178,23762,24391,24523,24323,24967,24211,23795,24424,24508,24246,24906,24199,23807,24383,24486,24263,24977,24182,23750,24370,24474,24271,24936,24163,23743,24378,24471,24270,24915,24166,23750,24378,24471,24270,24915,24166,23750,24378,24477,24254,24968,24177,23745,24365
2025-06-13,24216.0,369.8,24110.0,23756.0,24369,24173,24806,24070,23662,24279,24373,24177,24810,24076,23668,24285,24377,24181,24813,24087,23678,24296,24413,24217,24850,24108,23700,24317,24407,24149,24798,24103,23718,24283,24385,24166,24867,24086,23662,24271,24373,24173,24827,24068,23655,24279,24369,24173,24806,24070,23662,24279,24369,24173,24806,24070,23662,24279,24375,24156,24858,24084,23661,24270
2025-06-16,23777.0,385.3,24283.0,23716.0,23936,23731,24391,23625,23200,23843,23929,23724,24385,23621,23196,23839,23937,23732,24392,23620,23195,23838,23966,23761,24421,23643,23218,23861,23974,23693,24383,23656,23258,23847,23952,23704,24456,23640,23200,23835,23941,23731,24414,23623,23192,23842,23936,23731,24391,23625,23200,23843,23936,23731,24391,23625,23200,23843,23937,23688,24440,23619,23178,23813
2025-06-17,24121.0,446.7,24137.0,23807.0,24306,24068,24833,23945,23452,24197,24328,24089,24855,23972,23479,24224,24327,24089,24854,23949,23456,24202,24351,24113,24878,23965,23473,24218,24351,24023,24824,23985,23520,24202,24324,24036,24908,23963,23452,24188,24311,24067,24859,23942,23443,24197,24306,24068,24833,23945,23452,24197,24306,24068,24833,23945,23452,24197,24328,24041,24912,23950,23439,24175
2025-06-18,23835.0,411.1,23912.0,23538.0,24005,23786,24490,23673,23219,23905,24002,23784,24488,23672,23219,23904,24009,23791,24495,23665,23212,23897,24054,23835,24539,23699,23246,23931,24047,23745,24482,23709,23282,23910,24022,23757,24559,23689,23219,23897,24008,23786,24515,23669,23211,23905,24005,23786,24490,23673,23219,23905,24005,23786,24490,23673,23219,23905,24010,23745,24547,23664,23194,23872
2025-06-19,23546.0,421.4,23639.0,23117.0,23719,23496,24217,23379,22915,23618,23697,23474,24195,23352,22888,23590,23717,23493,24215,23356,22892,23594,23760,23536,24258,23396,22931,23634,23763,23454,24209,23414,22979,23623,23738,23466,24288,23397,22915,23609,23724,23495,24243,23376,22906,23618,23719,23496,24217,23379,22915,23618,23719,23496,24217,23379,22915,23618,23719,23447,24269,23356,22874,23569
2025-06-20,23197.0,457.3,23629.0,23238.0,23385,23143,23925,23016,22513,23275,23343,23101,23884,22949,22445,23207,23382,23140,23923,22983,22479,23242,23414,23172,23955,23023,22520,23282,23433,23097,23916,23047,22581,23280,23405,23110,24003,23035,22512,23266,23388,23142,23953,23012,22503,23275,23385,23143,23925,23016,22513,23275,23385,23143,23925,23016,22513,23275,23386,23091,23983,22984,22461,23215
2025-06-23,23412.0,449.2,23755.0,23253.0,23597,23359,24127,23234,22740,23488,23598,23360,24128,23191,22696,23445,23604,23366,24135,23215,22721,23469,23622,23384,24152,23238,22744,23492,23648,23314,24119,23271,22807,23494,23617,23327,24203,23254,22739,23479,23601,23358,24155,23230,22730,23488,23597,23359,24127,23234,22740,23488,23597,23359,24127,23234,22740,23488,23607,23317,24194,23217,22703,23443
2025-06-24,23745.0,469.5,24385.0,23793.0,23939,23689,24492,23559,23043,23825,23939,23690,24493,23500,22984,23765,23959,23709,24512,23547,23030,23812,23971,23721,24524,23567,23050,23832,23998,23642,24484,23591,23113,23830,23959,23656,24572,23580,23042,23815,23943,23689,24521,23555,23032,23825,23939,23689,24492,23559,23043,23825,23939,23689,24492,23559,23043,23825,23962,23659,24575,23550,23012,23785
2025-06-25,24369.0,517.2,24548.0,24281.0,24583,24307,25192,24165,23596,24457,24637,24361,25245,24134,23565,24426,24626,24350,25234,24160,23591,24451,24629,24353,25237,24178,23609,24470,24653,24256,25183,24202,23673,24463,24605,24271,25280,24187,23594,24447,24589,24307,25224,24162,23584,24457,24583,24307,25192,24165,23596,24457,24583,24307,25192,24165,23596,24457,24630,24296,25305,24164,23571,24424
2025-06-26,24352.0,448.8,24478.0,24240.0,24537,24299,25066,24175,23681,24428,24577,24339,25106,24143,23649,24396,24582,24343,25110,24181,23688,24434,24586,24347,25114,24192,23699,24445,24593,24254,25058,24207,23748,24434,24557,24267,25142,24194,23680,24419,24543,24298,25094,24172,23671,24428,24537,24299,25066,24175,23681,24428,24537,24299,25066,24175,23681,24428,24583,24293,25169,24183,23668,24408
2025-06-27,24391.0,417.5,24489.0,24185.0,24563,24341,25055,24226,23767,24462,24613,24391,25105,24216,23757,24451,24590,24368,25081,24224,23765,24460,24609,24388,25101,24242,23783,24478,24616,24300,25048,24263,23829,24467,24581,24312,25126,24244,23766,24454,24567,24341,25081,24224,23757,24462,24563,24341,25055,24226,23767,24566,24563,24341,25055,24226,23767,24670,24590,24320,25135,24224,23745,24433
2025-06-30,24206.0,419.4,24314.0,24014.0,24378,24156,24872,24041,23580,24277,24446,24225,24941,24058,23597,24294,24409,24187,24903,24047,23586,24284,24424,24202,24918,24056,23595,24292,24432,24114,24866,24078,23641,24282,24397,24126,24945,24059,23578,24269,24381,24156,24899,24038,23569,24277,24378,24156,24872,24041,23580,24277,24378,24156,24872,24041,23580,24277,24410,24139,24957,24047,23566,24257
2025-07-02,24188.0,398.9,24399.0,24088.0,24350,24141,24822,24031,23592,24255,24378,24168,24849,24036,23598,24261,24375,24165,24846,24047,23609,24272,24382,24172,24853,24039,23601,24264,24398,24101,24816,24059,23651,24261,24370,24112,24891,24048,23590,24248,24354,24140,24847,24028,23582,24256,24350,24141,24822,24031,23592,24255,24350,24141,24822,24031,23592,24255,24376,24119,24897,24046,23588,24246
2025-07-03,24188.0,373.2,24267.0,23916.0,24341,24144,24781,24041,23631,24251,24390,24193,24830,24066,23655,24276,24364,24167,24804,24053,23643,24263,24370,24173,24810,24052,23641,24262,24387,24117,24775,24074,23704,24256,24358,24117,24845,24058,23629,24244,24343,24143,24805,24038,23621,24251,24341,24144,24781,24041,23631,24251,24341,24144,24781,24041,23631,24251,24363,24122,24851,24051,23623,24238
2025-07-04,23974.0,381.4,24077.0,23685.0,24129,23929,24580,23823,23405,24038,24180,23980,24631,23849,23430,24064,24144,23943,24594,23823,23404,24037,24154,23953,24604,23836,23417,24050,24174,23902,24574,23851,23479,24043,24148,23902,24646,23841,23403,24031,24133,23928,24605,23821,23395,24039,24129,23929,24580,23823,23405,24038,24129,23929,24580,23823,23405,24038,24144,23898,24642,23822,23384,24012
2025-07-07,23881.0,402.0,24009.0,23699.0,24044,23833,24519,23722,23281,23949,24097,23887,24573,23760,23319,23987,24050,23840,24525,23707,23266,23934,24063,23852,24538,23725,23283,23951,24088,23805,24513,23751,23360,23954,24064,23805,24589,23740,23279,23941,24048,23833,24546,23720,23280,23949,24044,23833,24519,23722,23281,23949,24044,23833,24519,23722,23281,23949,24052,23793,24577,23707,23246,23909
2025-07-08,23861.0,388.0,24151.0,23885.0,24018,23815,24477,23708,23282,23926,24044,23841,24503,23721,23296,23940,24031,23829,24490,23692,23267,23911,24037,23834,24496,23707,23282,23926,24061,23787,24471,23735,23358,23932,24037,23787,24544,23725,23280,23919,24023,23814,24502,23705,23281,23927,24018,23815,24477,23708,23282,23926,24018,23815,24477,23708,23282,23926,24033,23783,24540,23692,23247,23886
2025-07-09,24079.0,378.4,24069.0,23792.0,24232,24034,24679,23929,23514,24142,24256,24058,24703,23959,23544,24172,24244,24046,24691,23914,23499,24128,24238,24040,24686,23925,23509,24138,24277,24007,24674,23963,23588,24148,24251,24007,24746,23946,23512,24136,24237,24034,24705,23929,23514,24143,24232,24034,24679,23929,23514,24142,24232,24034,24679,23929,23514,24142,24245,24001,24739,23913,23479,24103
2025-07-10,23841.0,373.8,24067.0,23788.0,23992,23797,24434,23693,23283,23904,23954,23759,24396,23686,23276,23896,24000,23805,24442,23674,23264,23884,24000,23805,24442,23690,23280,23900,24037,23770,24429,23720,23356,23909,24010,23770,24499,23709,23281,23897,23997,23796,24459,23691,23283,23904,23992,23797,24434,23693,23283,23904,23992,23797,24434,23693,23283,23904,23999,23759,24489,23672,23244,23860
2025-07-11,24015.0,370.6,24515.0,23984.0,24165,23971,24603,23869,23462,24077,24138,23945,24576,23859,23452,24067,24172,23978,24609,23848,23441,24056,24172,23979,24610,23865,23458,24073,24212,23945,24598,23902,23534,24082,24182,23945,24668,23884,23460,24071,24169,23971,24628,23866,23461,24078,24165,23971,24603,23869,23462,24077,24165,23971,24603,23869,23462,24077,24170,23933,24656,23846,23421,24032
2025-07-14,24073.0,426.0,24275.0,24038.0,24246,24023,24748,23905,23437,24144,24261,24037,24763,23900,23433,24139,24279,24055,24781,23897,23430,24137,24266,24043,24768,23909,23442,24149,24302,23992,24743,23954,23521,24151,24267,23992,24823,23923,23435,24137,24251,24022,24777,23903,23437,24145,24246,24023,24748,23905,23437,24144,24246,24023,24748,23905,23437,24144,24280,24006,24837,23898,23410,24112
2025-07-15,24250.0,372.4,24636.0,24116.0,24403,24206,24840,24103,23695,24312,24427,24231,24865,24116,23707,24325,24449,24253,24887,24118,23709,24327,24427,24230,24864,24108,23700,24317,24448,24179,24836,24146,23767,24318,24420,24179,24906,24120,23692,24306,24407,24205,24866,24103,23694,24313,24403,24206,24840,24103,23695,24312,24403,24206,24840,24103,23695,24312,24447,24207,24934,24117,23689,24303
2025-07-16,24607.0,450.1,24869.0,24400.0,24792,24554,25320,24430,23936,24682,24847,24608,25375,24446,23953,24699,24833,24595,25361,24441,23947,24693,24823,24585,25351,24437,23944,24690,24846,24522,25315,24470,24023,24689,24812,24522,25400,24450,23933,24675,24797,24553,25351,24429,23935,24683,24792,24554,25320,24430,23936,24682,24792,24554,25320,24430,23936,24682,24834,24544,25422,24443,23926,24668
2025-07-17,24566.0,458.8,24680.0,24404.0,24755,24512,25293,24385,23882,24642,24813,24569,25350,24393,23890,24650,24809,24565,25346,24402,23898,24659,24784,24541,25322,24390,23886,24647,24810,24479,25288,24418,23971,24650,24778,24479,25374,24406,23879,24635,24759,24511,25324,24383,23881,24644,24755,24512,25407,24385,23882,24642,24755,24512,25522,24385,23882,24642,24812,24513,25523,24404,23877,24633
2025-07-18,24662.0,421.1,25080.0,24613.0,24835,24612,25329,24496,24034,24732,24892,24670,25386,24518,24056,24754,24889,24666,25383,24520,24058,24756,24861,24638,25355,24496,24035,24732,24882,24582,25325,24517,24116,24739,24854,24582,25404,24515,24031,24725,24838,24611,25358,24494,24033,24734,24835,24612,25329,24496,24034,24732,24835,24612,25329,24496,24034,24732,24889,24617,25439,24521,24037,24731
2025-07-21,24880.0,453.7,25135.0,24845.0,25067,24827,25598,24701,24204,24955,25154,24913,25685,24749,24252,25003,25138,24897,25669,24744,24247,24998,25101,24860,25632,24706,24209,24960,25117,24794,25594,24724,24292,24963,25087,24794,25679,24721,24200,24948,25071,24826,25630,24701,24202,24957,25067,24827,25598,24701,24204,24955,25067,24827,25598,24701,24204,24955,25138,24845,25730,24746,24225,24973
2025-07-22,25047.0,427.5,25359.0,24915.0,25224,24997,25724,24879,24410,25118,25321,25094,25821,24944,24474,25182,25286,25058,25785,24918,24449,25157,25259,25031,25758,24889,24420,25128,25274,24966,25720,24909,24493,25125,25242,24966,25800,24898,24407,25111,25229,24998,25754,24878,24413,25120,25224,24997,25724,24879,24410,25118,25224,24997,25724,24879,24410,25118,25284,25008,25842,24918,24427,25132
2025-07-23,25321.0,449.9,25584.0,25232.0,25508,25268,26033,25145,24651,25395,25605,25365,26130,25196,24701,25446,25569,25328,26093,25185,24691,25435,25548,25308,26073,25159,24664,25409,25563,25236,26029,25182,24738,25403,25529,25236,26113,25165,24647,25388,25512,25269,26065,25143,24653,25397,25508,25268,26033,25145,24651,25395,25508,25268,26033,25145,24651,25395,25570,25277,26154,25187,24669,25410
2025-07-24,25545.0,426.3,25750.0,25484.0,25723,25495,26219,25380,24910,25615,25844,25616,26341,25453,24983,25688,25764,25537,26261,25413,24942,25648,25765,25537,26262,25394,24923,25629,25779,25464,26216,25415,24992,25623,25745,25464,26296,25399,24906,25609,25728,25496,26250,25377,24912,25617,25723,25495,26219,25380,24910,25722,25723,25495,26219,25380,24910,25828,25768,25487,26318,25414,24921,25623
2025-07-25,25509.0,402.5,25588.0,25270.0,25677,25462,26146,25355,24909,25575,25793,25578,26262,25428,24983,25649,25722,25507,26191,25387,24941,25607,25721,25506,26190,25374,24928,25594,25726,25433,26142,25386,24987,25582,25701,25433,26218,25373,24906,25569,25682,25463,26174,25350,24912,25577,25677,25462,26246,25355,24909,25676,25677,25462,26347,25355,24909,25776,25727,25458,26344,25387,24920,25684
2025-07-28,25412.0,393.1,25666.0,25393.0,25576,25366,26034,25260,24826,25477,25648,25438,26106,25314,24880,25530,25619,25409,26077,25284,24851,25501,25611,25401,26069,25271,24838,25488,25621,25337,26030,25291,24902,25484,25597,25337,26104,25278,24823,25471,25579,25367,26062,25257,24829,25479,25576,25366,26034,25260,24826,25477,25576,25366,26034,25260,24826,25477,25621,25361,26128,25284,24830,25477
2025-07-29,25396.0,381.6,25566.0,25267.0,25555,25351,25999,25250,24828,25459,25634,25430,26078,25303,24881,25512,25607,25403,26051,25283,24861,25492,25596,25393,26041,25270,24848,25479,25601,25324,25996,25279,24901,25465,25578,25324,26068,25267,24824,25453,25558,25352,26027,25245,24830,25461,25555,25351,25999,25250,24828,25459,25555,25351,25999,25250,24828,25459,25610,25356,26100,25282,24840,25468
2025-07-30,25381.0,373.1,25497.0,24936.0,25537,25337,25971,25238,24825,25442,25593,25394,26027,25292,24880,25496,25592,25393,26026,25273,24861,25478,25577,25377,26011,25264,24851,25468,25579,25310,25968,25267,24907,25449,25556,25310,26038,25255,24822,25437,25541,25338,25998,25234,24827,25444,25537,25337,25971,25238,24825,25442,25537,25337,25971,25238,24825,25442,25592,25346,26074,25273,24840,25454
2025-07-31,24937.0,425.5,24986.0,24663.0,25114,24887,25609,24774,24303,25007,25159,24932,25654,24801,24330,25034,25165,24938,25660,24791,24321,25024,25151,24924,25647,24788,24318,25021,25160,24856,25606,24807,24396,25014,25137,24856,25687,24793,24300,25001,25119,24888,25640,24769,24306,25009,25114,24887,25609,24774,24303,25007,25114,24887,25609,24774,24303,25007,25168,24887,25718,24793,24299,25000
2025-08-01,24715.0,395.6,24840.0,24251.0,24880,24669,25340,24562,24126,24780,24919,24708,25379,24576,24140,24794,24928,24717,25388,24580,24144,24798,24911,24700,25371,24571,24135,24788,24922,24640,25337,24594,24212,24787,24901,24640,25412,24582,24122,24774,24885,24669,25369,24559,24128,24782,24880,24669,25340,24562,24126,24780,24880,24669,25340,24562,24126,24780,24929,24668,25440,24582,24122,24774
2025-08-04,24285.0,452.8,24768.0,24351.0,24473,24232,25000,24108,23611,24359,24484,24243,25011,24080,23582,24330,24522,24281,25049,24118,23621,24368,24501,24260,25028,24106,23608,24356,24518,24199,24997,24139,23709,24367,24498,24199,25082,24132,23607,24353,24478,24233,25033,24106,23613,24362,24473,24232,25000,24108,23611,24359,24473,24232,25000,24108,23611,24359,24527,24228,25111,24124,23598,24344
2025-08-05,24712.0,453.1,24918.0,24647.0,24901,24659,25427,24537,24037,24786,24934,24693,25461,24518,24019,24767,24966,24724,25493,24560,24060,24809,24940,24698,25467,24541,24041,24790,24945,24626,25425,24565,24136,24794,24928,24626,25510,24560,24033,24780,24905,24660,25461,24533,24040,24789,24901,24659,25427,24537,24037,24786,24901,24659,25427,24537,24037,24786,24973,24671,25555,24564,24037,24784
2025-08-06,24820.0,422.8,24962.0,24746.0,24996,24771,25487,24658,24191,24889,25018,24793,25509,24646,24179,24877,25056,24830,25547,24677,24210,24908,25032,24806,25523,24660,24193,24891,25036,24740,25485,24683,24282,24897,25019,24740,25565,24678,24187,24883,25000,24771,25519,24653,24193,24892,24996,24771,25487,24658,24191,24889,24996,24771,25487,24658,24191,24889,25057,24779,25603,24679,24187,24884
2025-08-07,24908.0,382.9,25093.0,24797.0,25067,24863,25512,24761,24338,24970,25078,24874,25523,24750,24327,24959,25133,24929,25578,24792,24369,25001,25104,24900,25549,24767,24344,24976,25103,24835,25510,24791,24421,24978,25088,24835,25582,24783,24334,24965,25069,24864,25541,24757,24340,24973,25067,24863,25512,24761,24338,24970,25067,24863,25512,24761,24338,24970,25133,24880,25627,24795,24346,24977
2025-08-08,24883.0,397.7,24969.0,24790.0,25049,24837,25510,24731,24291,24947,25060,24847,25521,24713,24273,24929,25112,24900,25574,24759,24319,24975,25084,24872,25546,24734,24295,24951,25080,24808,25509,24761,24377,24955,25070,24808,25583,24753,24287,24943,25051,24837,25540,24726,24293,24951,25049,24837,25510,24731,24291,24947,25049,24837,25510,24731,24291,24947,25112,24850,25626,24762,24296,24951
2025-08-11,24943.0,334.6,24954.0,24731.0,25082,24904,25471,24816,24445,24997,25094,24916,25482,24812,24442,24993,25124,24946,25513,24841,24470,25022,25120,24941,25508,24825,24454,25006,25104,24880,25469,24844,24518,25004,25100,24880,25532,24837,24442,24993,25083,24904,25496,24811,24446,25000,25082,24904,25471,24816,24445,25081,25082,24904,25471,24816,24445,25164,25121,24900,25553,24842,24447,25082
2025-08-12,24775.0,322.6,25198.0,24770.0,24909,24737,25284,24651,24295,24827,24899,24727,25274,24626,24270,24802,24943,24772,25318,24666,24309,24841,24950,24778,25324,24666,24310,24842,24929,24714,25283,24676,24365,24834,24927,24714,25343,24673,24292,24823,24910,24738,25308,24648,24296,24830,24909,24737,25284,24651,24295,24827,24909,24737,25284,24651,24295,24827,24940,24727,25356,24667,24286,24818
2025-08-13,25156.0,377.8,25863.0,25125.0,25313,25112,25752,25012,24594,25217,25331,25130,25769,24997,24579,25202,25350,25149,25789,25032,24613,25236,25352,25151,25791,25028,24609,25232,25336,25084,25750,25040,24676,25225,25336,25084,25821,25037,24590,25213,25314,25112,25757,25007,24595,25220,25313,25112,25752,25012,24594,25217,25313,25112,25752,25012,24594,25217,25352,25100,25837,25037,24589,25212
2025-08-14,25753.0,481.1,25805.0,25249.0,25953,25697,26523,25572,25038,25830,26030,25774,26599,25598,25064,25857,26014,25758,26583,25598,25064,25857,26010,25754,26580,25593,25059,25852,25983,25662,26536,25606,25141,25841,25984,25662,26623,25604,25032,25825,25954,25698,26548,25563,25039,25835,25953,25697,26523,25572,25038,25830,25953,25697,26523,25572,25038,25830,26023,25701,26662,25610,25039,25831
2025-08-15,25316.0,470.6,25346.0,25145.0,25512,25261,26069,25137,24616,25392,25587,25336,26143,25142,24621,25397,25569,25318,26126,25147,24626,25401,25568,25317,26124,25154,24633,25408,25541,25227,26082,25164,24718,25402,25541,25227,26167,25168,24611,25387,25513,25262,26094,25130,24618,25396,25512,25261,26069,25137,24616,25392,25512,25261,26069,25137,24616,25392,25576,25262,26202,25157,24600,25375
2025-08-18,25220.0,396.5,25473.0,25163.0,25385,25174,25854,25071,24630,25284,25447,25236,25916,25107,24667,25320,25421,25210,25890,25075,24634,25288,25438,25227,25907,25094,24654,25307,25404,25145,25865,25092,24716,25292,25406,25145,25937,25095,24626,25279,25386,25174,25876,25069,24632,25287,25385,25174,25854,25071,24630,25284,25385,25174,25854,25071,24630,25284,25421,25159,25951,25077,24608,25262
2025-08-19,25240.0,429.7,25264.0,24961.0,25419,25190,25927,25078,24601,25309,25460,25231,25968,25100,24623,25331,25456,25228,25964,25080,24603,25310,25468,25240,25976,25099,24621,25329,25440,25159,25939,25101,24694,25318,25445,25159,26017,25105,24596,25304,25420,25190,25950,25076,24602,25313,25419,25190,25927,25078,24601,25309,25419,25190,25927,25078,24601,25309,25460,25174,26032,25085,24576,25284
2025-08-20,24971.0,411.3,25213.0,24856.0,25142,24923,25628,24816,24360,25037,25166,24947,25652,24815,24359,25036,25165,24946,25651,24810,24353,25031,25184,24965,25670,24833,24376,25054,25162,24893,25640,24838,24448,25046,25167,24893,25715,24841,24355,25033,25143,24924,25651,24814,24361,25041,25142,24923,25628,24816,24360,25037,25142,24923,25628,24816,24360,25037,25167,24893,25715,24812,24326,25004
2025-08-21,25152.0,399.8,25198.0,24977.0,25318,25106,25790,25002,24558,25216,25353,25140,25825,24996,24552,25210,25341,25128,25813,24993,24549,25207,25351,25138,25823,25014,24570,25228,25338,25076,25803,25023,24644,25225,25344,25076,25875,25025,24553,25212,25320,25106,25813,24999,24559,25220,25318,25106,25790,25002,24558,25216,25318,25106,25790,25002,24558,25216,25344,25076,25874,24995,24522,25181
2025-08-22,25178.0,341.8,25743.0,25130.0,25320,25138,25724,25049,24670,25232,25340,25158,25744,25037,24658,25221,25336,25154,25739,25034,24655,25218,25350,25169,25754,25058,24679,25241,25332,25113,25734,25062,24743,25240,25342,25113,25796,25070,24666,25229,25322,25139,25743,25047,24671,25236,25320,25138,25724,25049,24670,25232,25320,25138,25724,25049,24670,25232,25334,25105,25788,25032,24628,25192
2025-08-25,25707.0,452.9,25940.0,25600.0,25896,25654,26443,25537,25034,25779,25966,25725,26514,25527,25024,25769,25937,25695,26484,25530,25027,25772,25938,25697,26486,25546,25043,25788,25911,25621,26455,25561,25131,25789,25925,25621,26526,25564,25029,25775,25898,25655,26456,25534,25035,25784,25896,25654,26443,25537,25034,25779,25896,25654,26443,25537,25034,25779,25942,25639,26543,25534,24999,25745
2025-08-26,25696.0,413.7,25828.0,25475.0,25868,25648,26368,25541,25081,25762,25956,25736,26456,25546,25086,25767,25907,25687,26407,25531,25071,25752,25914,25693,26414,25552,25093,25773,25888,25618,26380,25569,25178,25771,25895,25618,26444,25565,25076,25758,25870,25648,26381,25538,25082,25766,25868,25648,26368,25541,25081,25762,25868,25648,26368,25541,25081,25762,25910,25633,26459,25532,25043,25725
2025-08-27,25613.0,418.2,25672.0,24891.0,25787,25565,26293,25456,24992,25679,25842,25619,26347,25442,24978,25666,25823,25601,26329,25441,24977,25665,25833,25610,26338,25466,25002,25690,25801,25534,26304,25478,25090,25689,25813,25534,26369,25477,24986,25676,25789,25565,26305,25453,24992,25684,25787,25565,26293,25456,24992,25679,25787,25565,26293,25456,24992,25679,25825,25546,26381,25439,24949,25638
2025-08-28,24976.0,502.8,25185.0,24797.0,25185,24918,25793,24787,24223,25056,25173,24906,25781,24705,24142,24975,25218,24950,25825,24759,24196,25028,25227,24959,25834,24782,24218,25051,25202,24881,25807,24813,24337,25068,25216,24881,25885,24812,24112,25051,25188,24918,25808,24784,24225,25061,25185,24918,25793,24787,24223,25056,25185,24918,25793,24787,24223,25056,25224,24889,25893,24761,24060,25000
2025-08-29,25163.0,468.5,25417.0,24936.0,25358,25109,25924,24987,24462,25237,25361,25112,25927,24939,24414,25189,25397,25148,25962,24965,24440,25216,25401,25152,25967,24985,24460,25235,25365,25074,25937,25002,24567,25248,25383,25074,26010,25006,24358,25233,25360,25109,25938,24990,24463,25243,25358,25109,25924,24987,24462,25237,25358,25109,25924,24987,24462,25237,25398,25089,26024,24961,24312,25188
2025-09-01,25378.0,477.9,25641.0,25397.0,25577,25323,26154,25198,24663,25453,25602,25348,26179,25144,24609,25400,25621,25366,26197,25189,24654,25445,25623,25369,26200,25198,24663,25454,25584,25287,26168,25210,24770,25465,25606,25287,26242,25218,24556,25450,25581,25323,26169,25202,24664,25459,25577,25323,26154,25198,24663,25453,25577,25323,26154,25198,24663,25453,25625,25307,26261,25185,24524,25417
2025-09-02,25503.0,424.4,25715.0,25215.0,25680,25454,26192,25343,24868,25570,25703,25477,26215,25300,24825,25527,25712,25486,26224,25333,24858,25559,25729,25503,26240,25350,24874,25576,25686,25423,26204,25354,24963,25580,25706,25423,26270,25361,24773,25567,25684,25454,26205,25346,24869,25575,25680,25454,26192,25343,24868,25570,25680,25454,26192,25343,24868,25570,25713,25430,26277,25326,24739,25532
2025-09-03,25463.0,480.9,25770.0,25238.0,25663,25407,26243,25282,24744,25539,25705,25450,26285,25238,24700,25495,25696,25441,26276,25259,24721,25516,25710,25454,26289,25280,24742,25537,25679,25372,26258,25294,24854,25551,25695,25372,26332,25301,24636,25535,25669,25408,26259,25286,24745,25545,25663,25407,26243,25282,24744,25539,25663,25407,26243,25282,24744,25539,25703,25380,26341,25255,24590,25489
2025-09-04,25351.0,468.6,25493.0,24899.0,25547,25297,26111,25173,24651,25425,25592,25343,26156,25121,24598,25372,25587,25337,26151,25144,24621,25395,25600,25350,26164,25174,24651,25425,25562,25262,26125,25185,24757,25436,25577,25262,26198,25192,24545,25421,25553,25297,26126,25178,24651,25431,25547,25297,26111,25173,24651,25425,25547,25297,26111,25173,24651,25425,25592,25277,26213,25140,24493,25369
2025-09-05,25038.0,490.9,25493.0,25056.0,25243,24981,25833,24850,24304,25115,25295,25034,25886,24773,24227,25038,25279,25018,25870,24805,24260,25070,25292,25031,25883,24842,24296,25107,25259,24945,25849,24864,24416,25127,25275,24945,25925,24872,24194,25112,25248,24981,25850,24851,24305,25121,25243,24981,25833,24850,24304,25115,25243,24981,25833,24850,24304,25115,25285,24955,25936,24804,24126,25044
2025-09-08,25349.0,475.8,25664.0,25368.0,25548,25294,26120,25168,24638,25423,25583,25329,26155,25103,24573,25359,25601,25347,26172,25131,24601,25386,25595,25342,26167,25162,24632,25417,25570,25259,26135,25182,24746,25436,25578,25259,26209,25188,24531,25420,25553,25294,26136,25167,24638,25430,25548,25294,26120,25168,24638,25423,25548,25294,26120,25168,24638,25423,25605,25285,26235,25128,24470,25360
2025-09-09,25657.0,455.7,26034.0,25651.0,25848,25605,26395,25485,24976,25728,25890,25647,26437,25434,24925,25677,25913,25669,26460,25462,24953,25705,25898,25654,26444,25481,24972,25724,25869,25571,26410,25501,25079,25740,25877,25571,26481,25503,24874,25725,25852,25604,26411,25483,24976,25734,25848,25605,26395,25485,24976,25728,25848,25605,26395,25485,24976,25728,25915,25609,26519,25457,24827,25679
2025-09-10,25956.0,473.1,26301.0,25959.0,26155,25902,26722,25778,25250,26030,26220,25967,26786,25750,25222,26002,26215,25961,26781,25757,25229,26009,26204,25950,26770,25777,25249,26029,26176,25866,26738,25794,25356,26042,26186,25866,26811,25797,25143,26027,26160,25901,26739,25781,25249,26036,26155,25902,26722,25778,25250,26030,26155,25902,26722,25778,25250,26030,26218,25899,26843,25754,25099,25983
2025-09-11,25976.0,451.9,26469.0,25868.0,26167,25924,26707,25806,25301,26046,26258,26015,26798,25853,25348,26093,26207,25964,26747,25789,25284,26029,26217,25974,26757,25811,25306,26051,26192,25890,26723,25821,25403,26058,26197,25890,26793,25829,25199,26044,26170,25924,26724,25809,25301,26044,26167,25924,26707,25806,25301,26046,26167,25924,26707,25806,25301,26046,26208,25902,26805,25789,25159,26004
2025-09-12,26435.0,503.2,26575.0,26267.0,26648,26378,27249,26247,25684,26513,26769,26499,27370,26299,25735,26565,26710,26440,27311,26249,25686,26515,26707,26437,27308,26253,25690,26519,26678,26340,27266,26262,25797,26527,26682,26340,27345,26276,25570,26510,26651,26377,27268,26249,25683,26510,26648,26378,27375,26247,25684,26639,26648,26378,27500,26247,25684,26765,26716,26374,27505,26255,25550,26616
2025-09-15,26353.0,434.6,26654.0,26274.0,26537,26304,27056,26191,25704,26421,26645,26411,27164,26250,25763,26479,26604,26370,27122,26194,25707,26423,26588,26355,27107,26195,25708,26424,26563,26271,27071,26207,25821,26432,26566,26271,27139,26215,25606,26418,26540,26303,27072,26193,25704,26418,26537,26304,27056,26191,25704,26529,26537,26304,27056,26191,25704,26638,26605,26309,27177,26196,25586,26399
2025-09-16,26496.0,453.6,26607.0,26330.0,26688,26445,27229,26328,25819,26567,26801,26558,27342,26375,25866,26614,26756,26513,27297,26330,25821,26569,26741,26497,27282,26330,25821,26568,26719,26410,27245,26350,25941,26579,26721,26434,27316,26354,25716,26564,26693,26444,27247,26330,25818,26564,26688,26445,27229,26328,25819,26680,26688,26445,27229,26328,25819,26793,26761,26474,27356,26333,25696,26544
2025-09-17,26592.0,425.6,26963.0,26533.0,26772,26544,27280,26435,25957,26658,26874,26645,27381,26495,26017,26718,26844,26616,27351,26443,25965,26666,26819,26591,27327,26436,25958,26659,26797,26511,27295,26449,26071,26669,26803,26534,27361,26458,25860,26656,26775,26543,27296,26436,25956,26654,26772,26544,27280,26435,25957,26765,26772,26544,27280,26435,25957,26871,26846,26577,27404,26444,25846,26642
2025-09-18,26784.0,465.3,27057.0,26336.0,26981,26732,27535,26612,26090,26856,27091,26842,27645,26687,26164,26931,27059,26809,27613,26623,26101,26867,27031,26782,27586,26614,26091,26857,27013,26696,27553,26635,26214,26869,27017,26721,27625,26639,25984,26854,26986,26730,27554,26614,26089,26852,26981,26732,27535,26612,26090,26973,26981,26732,27535,26612,26090,27089,27066,26770,27674,26628,25973,26843
2025-09-19,26597.0,513.9,26674.0,26401.0,26814,26539,27427,26407,25830,26677,26937,26662,27550,26481,25904,26751,26902,26627,27514,26405,25829,26675,26866,26591,27478,26399,25822,26668,26856,26500,27446,26424,25968,26691,26855,26527,27526,26436,25714,26674,26822,26538,27447,26409,25829,26672,26814,26539,27427,26407,25830,26677,26814,26539,27427,26407,25830,26677,26913,26585,27584,26412,25690,26650
2025-09-22,26521.0,439.7,26493.0,26204.0,26707,26472,27230,26358,25865,26589,26791,26556,27314,26411,25918,26642,26767,26531,27290,26352,25859,26583,26757,26522,27281,26352,25859,26583,26737,26438,27247,26370,25983,26601,26741,26461,27316,26382,25765,26587,26714,26470,27249,26360,25864,26585,26707,26472,27230,26358,25865,26589,26707,26472,27230,26358,25865,26589,26770,26490,27345,26353,25737,26558
2025-09-23,26389.0,434.5,26432.0,26025.0,26573,26340,27090,26227,25741,26456,26624,26391,27141,26245,25758,26474,26619,26387,27136,26211,25724,26439,26615,26383,27132,26214,25727,26443,26602,26307,27107,26240,25857,26468,26607,26330,27174,26251,25642,26454,26577,26339,27108,26230,25740,26452,26573,26340,27090,26227,25741,26456,26573,26340,27090,26227,25741,26456,26622,26346,27190,26212,25603,26415
2025-09-24,26160.0,459.7,26564.0,26049.0,26354,26109,26901,25988,25474,26231,26372,26127,26919,25969,25455,26212,26395,26150,26943,25965,25451,26207,26392,26148,26940,25969,25455,26212,26386,26073,26919,26002,25597,26244,26387,26097,26991,26010,25370,26229,26359,26107,26921,25991,25473,26227,26354,26109,26901,25988,25474,26231,26354,26109,26901,25988,25474,26231,26398,26108,27001,25964,25324,26183
2025-09-25,26363.0,490.0,26629.0,26282.0,26570,26309,27153,26181,25632,26439,26595,26333,27178,26149,25601,26407,26628,26366,27211,26188,25640,26446,26615,26354,27198,26171,25622,26429,26604,26270,27173,26195,25763,26452,26605,26296,27249,26203,25521,26437,26578,26307,27174,26184,25631,26434,26570,26309,27153,26181,25632,26439,26570,26309,27153,26181,25632,26439,26632,26323,27275,26188,25506,26422
2025-09-26,26343.0,433.9,26394.0,26052.0,26527,26295,27042,26182,25696,26410,26527,26295,27043,26155,25669,26383,26587,26356,27103,26194,25708,26422,26576,26345,27092,26177,25691,26405,26556,26261,27060,26197,25812,26422,26558,26284,27127,26206,25597,26408,26533,26293,27061,26184,25695,26406,26527,26295,27042,26182,25696,26410,26527,26295,27042,26182,25696,26410,26587,26313,27156,26195,25587,26398
2025-09-29,26256.0,430.5,26739.0,26277.0,26438,26208,26949,26096,25614,26322,26433,26203,26944,26054,25572,26280,26489,26260,27000,26104,25622,26331,26486,26256,26997,26096,25614,26322,26468,26210,26967,26111,25729,26334,26466,26197,27034,26116,25516,26321,26443,26206,26968,26098,25613,26319,26438,26208,26949,26096,25614,26322,26438,26208,26949,26096,25614,26322,26485,26217,27053,26101,25502,26306
2025-09-30,26661.0,471.8,26913.0,26541.0,26861,26609,27421,26486,25958,26734,26873,26622,27433,26454,25925,26701,26924,26672,27484,26493,25965,26741,26908,26657,27468,26484,25956,26732,26900,26638,27441,26509,26102,26747,26891,26597,27442,26507,25850,26732,26868,26607,27442,26488,25956,26730,26861,26609,27421,26486,25958,26734,26861,26609,27421,26486,25958,26734,26922,26628,27473,26492,25835,26716
2025-10-02,26769.0,452.7,27378.0,26834.0,26961,26719,27498,26602,26094,26839,26987,26745,27524,26574,26067,26811,27024,26783,27561,26618,26111,26855,27009,26768,27546,26599,26091,26836,26998,26747,27517,26633,26232,26851,26993,26707,27519,26626,25991,26837,26969,26717,27518,26603,26093,26835,26961,26719,27498,26602,26094,26839,26961,26719,27498,26602,26094,26839,27025,26739,27550,26619,25984,26831
2025-10-03,27209.0,492.4,27248.0,26942.0,27417,27155,28001,27027,26475,27285,27466,27204,28050,27013,26461,27271,27497,27235,28081,27058,26506,27315,27477,27215,28061,27028,26476,27285,27458,27185,28010,27069,26625,27299,27452,27142,28022,27054,26363,27283,27429,27152,28024,27030,26473,27281,27417,27155,28001,27027,26475,27285,27417,27155,28001,27027,26475,27285,27500,27189,28069,27062,26370,27290
2025-10-06,27094.0,442.5,27137.0,26851.0,27281,27046,27806,26930,26435,27162,27305,27070,27830,26936,26440,27167,27355,27119,27879,26970,26474,27202,27336,27101,27860,26928,26432,27160,27311,27072,27814,26962,26570,27175,27310,27034,27825,26955,26333,27160,27292,27050,27826,26933,26433,27159,27281,27046,27806,26930,26435,27162,27281,27046,27806,26930,26435,27162,27351,27075,27866,26971,26350,27177
2025-10-08,27109.0,429.1,26912.0,26484.0,27291,27062,27799,26950,26470,27175,27314,27086,27823,26948,26468,27173,27344,27116,27853,26975,26495,27200,27344,27116,27852,26944,26464,27169,27316,27088,27807,26971,26600,27187,27317,27051,27818,26974,26371,27173,27299,27067,27818,26952,26468,27172,27291,27062,27799,26950,26470,27175,27291,27062,27799,26950,26470,27175,27339,27072,27839,26976,26373,27175
2025-10-09,26810.0,443.2,26964.0,26294.0,26998,26758,27522,26645,26150,26878,27005,26765,27530,26612,26117,26845,27027,26787,27551,26637,26142,26870,27045,26805,27569,26630,26134,26863,27022,26762,27531,26661,26267,26875,27024,26726,27515,26666,26048,26875,27006,26759,27542,26648,26148,26875,26998,26758,27522,26645,26150,26878,26998,26758,27522,26645,26150,26878,27021,26723,27512,26634,26016,26843
2025-10-10,26300.0,492.2,26535.0,24921.0,26507,26242,27091,26116,25567,26375,26525,26260,27109,26068,25519,26327,26526,26260,27109,26082,25533,26342,26546,26281,27130,26089,25540,26348,26535,26247,27101,26135,25697,26373,26537,26207,27083,26140,25454,26372,26518,26243,27113,26120,25565,26372,26507,26242,27091,26116,25567,26375,26507,26242,27091,26116,25567,26375,26524,26193,27069,26082,25396,26314
2025-10-13,24921.0,642.8,25887.0,25304.0,25193,24846,25953,24680,23952,25019,25193,24846,25953,24506,23778,24846,25205,24858,25965,24577,23850,24917,25219,24872,25979,24620,23892,24959,25229,24889,25967,24705,24037,25016,25229,24799,25943,24705,23811,25015,25206,24847,25982,24685,23943,25015,25193,24846,25953,24680,23791,25019,25193,24846,25953,24680,23631,25019,25209,24619,25924,24579,23524,24888
2025-10-14,25745.0,594.1,26048.0,25296.0,25996,25675,26699,25523,24850,25842,26060,25739,26762,25402,24728,25721,26028,25707,26731,25449,24775,25768,26043,25722,26746,25487,24814,25806,26030,25716,26712,25545,24928,25853,26030,25632,26690,25546,24719,25832,26011,25677,26726,25528,24841,25834,25996,25675,26699,25523,24850,25842,25996,25675,26699,25523,24850,25842,26029,25632,26689,25447,24621,25733
2025-10-15,25732.0,650.2,25963.0,25586.0,26007,25656,26775,25488,24753,25838,26089,25738,26857,25357,24622,25707,26045,25694,26813,25401,24666,25751,26060,25708,26828,25446,24711,25796,26044,25700,26790,25507,24838,25850,26045,25609,26766,25514,24614,25827,26023,25657,26806,25493,24742,25829,26007,25656,26775,25488,24753,25838,26007,25656,26775,25488,24753,25838,26051,25615,26772,25403,24504,25716
2025-10-16,25814.0,579.2,26040.0,25671.0,26059,25746,26743,25598,24942,25908,26106,25794,26790,25458,24803,25769,26089,25776,26773,25512,24856,25822,26108,25795,26792,25556,24900,25866,26090,25785,26757,25614,25017,25900,26091,25704,26735,25625,24818,25898,26073,25747,26770,25602,24932,25901,26059,25746,26743,25598,24942,25908,26059,25746,26743,25598,24942,25908,26089,25702,26732,25515,24708,25788
2025-10-17,25826.0,561.4,25869.0,25112.0,26064,25760,26726,25617,24981,25917,26104,25801,26766,25480,24843,25780,26097,25794,26759,25535,24898,25835,26116,25813,26779,25580,24944,25880,26093,25798,26740,25637,25054,25909,26093,25720,26719,25643,24861,25908,26077,25761,26753,25621,24971,25910,26064,25760,26726,25617,24981,25917,26064,25760,26726,25617,24981,25917,26094,25720,26719,25536,24754,25801
2025-10-20,25831.0,586.3,26206.0,25716.0,26078,25762,26771,25612,24949,25926,26057,25741,26750,25401,24737,25715,26092,25776,26785,25499,24836,25814,26124,25808,26817,25561,24898,25875,26110,25802,26785,25634,25018,25918,26110,25720,26763,25640,24823,25917,26093,25763,26799,25617,24939,25919,26078,25762,26771,25612,24949,25926,26078,25762,26771,25612,24949,25926,26091,25701,26745,25503,24686,25780
2025-10-21,26204.0,552.2,26374.0,25835.0,26438,26140,27089,25999,25373,26293,26446,26148,27097,25806,25181,26101,26454,26156,27105,25905,25280,26200,26490,26192,27141,25951,25326,26246,26469,26177,27103,26027,25439,26286,26469,26099,27082,26030,25255,26285,26451,26140,27116,26002,25364,26286,26438,26140,27089,25999,25373,26293,26438,26140,27089,25999,25373,26293,26453,26083,27066,25912,25137,26167
2025-10-22,25889.0,538.9,25933.0,25499.0,26116,25826,26752,25688,25079,25976,26133,25843,26769,25487,24878,25775,26136,25846,26772,25586,24977,25875,26156,25866,26792,25634,25025,25922,26147,25862,26766,25708,25142,25969,26145,25787,26746,25713,24963,25968,26130,25836,26779,25692,25069,25969,26116,25826,26752,25688,25079,25976,26116,25826,26752,25688,25079,25976,26134,25775,26734,25588,24837,25842
2025-10-23,25621.0,516.8,26172.0,25576.0,25838,25561,26448,25427,24844,25704,25874,25597,26485,25254,24671,25531,25860,25583,26470,25324,24741,25601,25872,25595,26483,25367,24784,25644,25869,25595,26462,25447,24905,25697,25867,25523,26443,25453,24733,25696,25850,25570,26474,25431,24834,25698,25838,25561,26448,25427,24844,25704,25838,25561,26448,25427,24844,25704,25857,25513,26433,25325,24605,25569
2025-10-24,26116.0,574.7,26299.0,26043.0,26358,26049,27036,25901,25252,26209,26431,26122,27109,25778,25129,26086,26404,26095,27081,25816,25167,26123,26402,26093,27079,25847,25198,26154,26391,26088,27033,25923,25319,26201,26389,26007,27030,25929,25128,26200,26370,26059,27065,25905,25241,26202,26358,26049,27036,25901,25252,26209,26358,26049,27036,25901,25252,26209,26404,26021,27044,25819,25018,26090
2025-10-27,26232.0,474.2,26558.0,26323.0,26431,26177,26991,26056,25520,26308,26495,26241,27055,26066,25530,26319,26463,26209,27023,25974,25438,26227,26476,26222,27036,26019,25483,26271,26458,26209,26988,26080,25575,26302,26458,26142,26986,26082,25417,26301,26440,26185,27015,26059,25510,26303,26431,26177,26991,26056,25520,26308,26431,26177,26991,26056,25520,26308,26458,26143,26987,25976,25310,26195
2025-10-28,26513.0,451.1,26578.0,26240.0,26703,26460,27234,26346,25836,26590,26711,26468,27242,26321,25811,26565,26739,26496,27270,26273,25762,26517,26751,26509,27282,26315,25805,26560,26728,26491,27232,26378,25888,26592,26728,26427,27230,26371,25738,26581,26713,26468,27258,26349,25826,26590,26703,26460,27234,26346,25836,26590,26703,26460,27234,26346,25836,26590,26732,26432,27235,26272,25639,26482
2025-10-30,26576.0,459.3,26654.0,26057.0,26769,26523,27310,26405,25886,26655,26759,26513,27300,26392,25873,26642,26805,26559,27346,26333,25814,26583,26812,26566,27354,26373,25854,26623,26789,26553,27309,26428,25939,26657,26790,26489,27306,26426,25786,26645,26777,26531,27334,26408,25877,26654,26769,26523,27310,26405,25886,26655,26769,26523,27310,26405,25886,26655,26795,26494,27312,26329,25689,26548
2025-10-31,26211.0,511.6,26304.0,25748.0,26425,26152,27028,26020,25443,26298,26408,26135,27011,25962,25386,26241,26440,26167,27044,25921,25345,26200,26464,26191,27068,25974,25398,26253,26449,26186,27027,26039,25502,26301,26449,26114,27024,26044,25332,26288,26435,26160,27056,26024,25432,26298,26425,26152,27028,26020,25443,26298,26425,26152,27028,26020,25443,26298,26434,26099,27009,25921,25208,26164
2025-11-03,25932.0,500.5,26200.0,25897.0,26141,25874,26731,25744,25181,26018,26113,25847,26704,25652,25089,25925,26147,25880,26738,25629,25066,25903,26176,25909,26767,25695,25132,25968,26157,25907,26658,25759,25238,26006,26160,25837,26728,25764,25072,26007,26151,25882,26758,25749,25170,26017,26141,25874,26731,25744,25181,26018,26141,25874,26731,25744,25181,26018,26137,25814,26705,25624,24931,25867
2025-11-04,26093.0,459.6,26256.0,25708.0,26285,26040,26827,25921,25404,26171,26283,26038,26825,25895,25377,26145,26274,26028,26815,25802,25285,26053,26319,26074,26861,25877,25359,26127,26306,26070,26759,25939,25456,26161,26302,26006,26824,25939,25303,26162,26296,26048,26852,25926,25393,26171,26285,26040,26827,25921,25404,26171,26285,26040,26827,25921,25404,26171,26262,25965,26783,25795,25159,26018
2025-11-05,25871.0,526.0,26117.0,25448.0,26090,25810,26711,25674,25082,25961,26073,25793,26693,25616,25024,25903,26086,25806,26706,25548,24957,25836,26125,25845,26745,25631,25040,25918,26108,25845,26634,25689,25142,25949,26110,25771,26707,25694,24967,25950,26104,25819,26739,25679,25070,25960,26090,25810,26711,25674,25082,25961,26090,25810,26711,25674,25082,25961,26077,25739,26675,25544,24817,25800
2025-11-06,26106.0,575.4,26532.0,26003.0,26347,26039,27024,25890,25243,26204,26338,26031,27016,25825,25179,26140,26351,26043,27028,25757,25111,26072,26376,26068,27053,25836,25190,26151,26371,26078,26940,25907,25308,26191,26368,25997,27021,25913,25117,26192,26361,26049,27056,25896,25230,26204,26347,26039,27024,25890,25243,26204,26347,26039,27024,25890,25243,26204,26344,25973,26997,25756,24960,26035
2025-11-07,26370.0,558.9,26376.0,25912.0,26604,26305,27261,26160,25532,26465,26633,26334,27290,26126,25498,26431,26637,26338,27294,26057,25429,26362,26635,26336,27292,26104,25477,26410,26633,26342,27180,26177,25595,26453,26628,26264,27259,26188,25409,26454,26620,26315,27293,26168,25519,26465,26604,26305,27261,26160,25532,26465,26604,26305,27261,26160,25532,26465,26633,26269,27264,26060,25281,26326
2025-11-10,26065.0,536.4,26654.0,26227.0,26289,26003,26920,25863,25261,26156,26261,25975,26892,25790,25188,26083,26312,26026,26943,25765,25163,26058,26310,26023,26941,25797,25195,26090,26318,26038,26843,25880,25321,26144,26309,25963,26918,25885,25143,26145,26305,26012,26951,25871,25248,26156,26289,26003,26920,25863,25261,26156,26289,26003,26920,25863,25261,26156,26304,25958,26913,25762,25020,26022
2025-11-11,26580.0,549.3,26816.0,26479.0,26810,26516,27455,26374,25757,26678,26825,26531,27470,26322,25706,26626,26850,26556,27495,26353,25737,26657,26836,26542,27481,26312,25696,26616,26839,26553,27376,26390,25818,26676,26830,26476,27453,26395,25636,26686,26826,26526,27487,26381,25744,26686,26810,26516,27455,26374,25757,26678,26810,26516,27455,26374,25757,26678,26843,26488,27466,26350,25590,26640
2025-11-12,26806.0,513.2,27000.0,26721.0,27022,26747,27624,26614,26038,26897,27025,26749,27626,26546,25970,26829,27027,26752,27629,26568,25991,26851,27041,26765,27642,26554,25977,26837,27043,26781,27550,26629,26094,26896,27039,26709,27622,26639,25924,26905,27033,26755,27653,26620,26025,26905,27022,26747,27624,26614,26038,26897,27022,26747,27624,26614,26038,26897,27018,26688,27601,26568,25853,26834
2025-11-13,26838.0,452.6,27148.0,26586.0,27028,26786,27559,26670,26161,26918,27041,26798,27571,26623,26114,26872,27029,26787,27560,26640,26131,26888,27048,26805,27578,26611,26103,26860,27047,26816,27494,26686,26211,26917,27044,26752,27558,26695,26060,26925,27038,26793,27585,26675,26149,26925,27028,26786,27559,26670,26161,26918,27028,26786,27559,26670,26161,26918,27020,26728,27534,26641,26006,26871
2025-11-14,26644.0,502.9,26834.0,26335.0,26856,26586,27445,26456,25892,26733,26892,26622,27481,26436,25872,26713,26865,26596,27454,26417,25853,26694,26876,26606,27464,26394,25829,26671,26876,26619,27373,26475,25947,26732,26872,26549,27444,26485,25779,26741,26869,26594,27474,26462,25878,26741,26856,26586,27445,26456,25892,26733,26856,26586,27445,26456,25892,26733,26858,26534,27429,26422,25716,26677
2025-11-17,26445.0,488.9,26507.0,26121.0,26650,26389,27223,26261,25714,26531,26696,26435,27269,26257,25709,26526,26660,26398,27232,26213,25665,26483,26671,26410,27244,26196,25648,26466,26670,26421,27154,26281,25767,26531,26667,26352,27222,26291,25713,26539,26661,26397,27252,26267,25701,26539,26650,26389,27223,26261,25714,26531,26650,26389,27223,26261,25714,26531,26653,26338,27208,26218,25639,26466
2025-11-18,26130.0,460.7,26136.0,25781.0,26323,26077,26863,25957,25441,26211,26348,26103,26889,25922,25407,26177,26335,26089,26875,25926,25411,26181,26336,26090,26876,25885,25370,26140,26342,26107,26798,25971,25491,26211,26339,26043,26863,25980,25440,26219,26332,26084,26891,25961,25429,26219,26323,26077,26863,25957,25441,26211,26323,26077,26863,25957,25441,26211,26328,26032,26852,25925,25385,26163
2025-11-19,25991.0,454.3,26001.0,25640.0,26180,25939,26713,25820,25312,26071,26190,25949,26723,25789,25282,26040,26177,25935,26710,25776,25268,26027,26187,25945,26720,25751,25243,26002,26200,25969,26650,25834,25361,26071,26197,25905,26713,25843,25310,26078,26188,25946,26741,25824,25299,26078,26180,25939,26713,25820,25312,26071,26180,25939,26713,25820,25312,26071,26172,25879,26688,25774,25242,26009
2025-11-20,25752.0,452.3,26021.0,25406.0,25940,25700,26471,25581,25076,25831,25930,25689,26460,25555,25050,25805,25931,25690,26461,25535,25031,25786,25946,25705,26476,25507,25003,25758,25956,25730,26408,25592,25125,25831,25956,25666,26471,25600,25074,25839,25948,25707,26499,25586,25064,25839,25940,25700,26471,25581,24963,25831,25940,25700,26471,25581,24850,25831,25925,25635,26440,25531,24892,25770
2025-11-21,25434.0,494.5,25551.0,25008.0,25640,25377,26220,25245,24695,25521,25619,25356,26199,25191,24641,25466,25644,25381,26223,25201,24651,25476,25653,25390,26232,25172,24622,25447,25662,25410,26151,25259,24748,25520,25659,25340,26220,25268,24693,25529,25651,25385,26251,25253,24681,25529,25640,25377,26220,25245,24572,25521,25640,25377,26220,25245,24448,25521,25642,25323,26203,25200,24501,25461
2025-11-24,25507.0,492.6,25853.0,25344.0,25712,25450,26290,25319,24771,25593,25705,25443,26282,25265,24718,25540,25695,25433,26272,25255,24708,25530,25726,25465,26304,25244,24697,25519,25729,25483,26221,25333,24824,25593,25731,25414,26290,25340,24769,25602,25723,25458,26320,25326,24757,25602,25712,25450,26290,25319,24648,25593,25712,25450,26290,25319,24525,25593,25693,25376,26253,25253,24558,25514
2025-11-25,25842.0,504.7,26093.0,25728.0,26052,25784,26643,25650,25088,25930,26023,25755,26614,25562,25001,25843,26045,25777,26636,25580,25019,25861,26065,25797,26656,25574,25013,25855,26069,25817,26574,25664,25142,25930,26071,25746,26644,25671,25086,25939,26065,25792,26675,25657,25074,25939,26052,25784,26643,25650,25088,25930,26052,25784,26643,25650,25088,25930,26044,25719,26618,25578,24993,25846
2025-11-26,25949.0,476.8,26148.0,25733.0,26148,25895,26706,25768,25237,26032,26122,25869,26680,25678,25147,25942,26137,25883,26694,25689,25158,25953,26160,25906,26718,25692,25161,25956,26164,25925,26640,25780,25288,26032,26166,25859,26707,25789,25235,26041,26160,25902,26736,25775,25223,26041,26148,25895,26706,25768,25237,26032,26148,25895,26706,25768,25237,26032,26135,25828,26676,25687,25133,25939
2025-11-27,25905.0,491.2,26115.0,25816.0,26110,25849,26685,25718,25172,25991,26086,25825,26661,25613,25067,25886,26104,25844,26679,25642,25096,25915,26125,25864,26700,25644,25098,25917,26120,25881,26617,25731,25224,25991,26129,25812,26686,25739,25169,25999,26120,25856,26716,25726,25157,25999,26110,25849,26685,25718,25172,25991,26110,25849,26685,25718,25172,25991,26104,25788,26662,25640,25071,25901
2025-11-28,25931.0,447.0,26080.0,25811.0,26118,25880,26640,25762,25264,26009,26083,25845,26605,25675,25178,25923,26118,25881,26641,25708,25211,25956,26126,25888,26648,25686,25188,25933,26127,25909,26579,25773,25311,26009,26135,25846,26642,25780,25261,26017,26125,25887,26669,25768,25251,26017,26118,25880,26640,25762,25264,26009,26118,25880,26640,25762,25264,26009,26116,25828,26624,25704,25185,25941
2025-12-01,26026.0,420.2,26242.0,25860.0,26201,25978,26693,25868,25399,26099,26164,25942,26656,25799,25330,26030,26206,25983,26697,25831,25362,26062,26207,25984,26698,25792,25323,26023,26206,26005,26635,25877,25444,26099,26217,25946,26694,25885,25412,26107,26208,25984,26720,25874,25398,26107,26201,25978,26693,25868,25399,26099,26201,25978,26693,25868,25399,26099,26204,25933,26680,25825,25352,26047
2025-12-02,26224.0,434.3,26269.0,25904.0,26406,26175,26913,26059,25576,26300,26387,26156,26894,26003,25520,26244,26409,26179,26916,26014,25531,26255,26402,26171,26909,25977,25494,26218,26414,26202,26854,26070,25622,26300,26425,26142,26915,26077,25589,26307,26414,26181,26941,26066,25575,26307,26406,26175,26913,26059,25576,26300,26406,26175,26913,26059,25576,26300,26410,26127,26900,26009,25522,26240
2025-12-03,25952.0,422.9,25979.0,25644.0,26128,25904,26623,25791,25321,26026,26115,25891,26609,25737,25267,25972,26127,25903,26621,25749,25279,25983,26125,25901,26619,25707,25237,25942,26133,25931,26565,25802,25366,26026,26147,25872,26624,25809,25334,26033,26135,25910,26650,25797,25320,26033,26128,25904,26623,25791,25321,26026,26128,25904,26623,25791,25321,26026,26127,25852,26604,25744,25269,25969
2025-12-04,25790.0,409.0,25980.0,25635.0,25961,25744,26438,25634,25180,25861,25950,25734,26428,25583,25129,25811,25950,25734,26428,25595,25142,25823,25957,25741,26435,25548,25094,25776,25965,25770,26383,25645,25223,25861,25976,25712,26440,25650,25192,25869,25967,25750,26465,25640,25179,25869,25961,25744,26438,25634,25180,25861,25961,25744,26438,25634,25180,25861,25948,25684,26412,25590,25131,25808
2025-12-05,25838.0,413.0,26141.0,25759.0,26010,25792,26493,25680,25222,25910,25994,25775,26476,25648,25189,25877,25991,25773,26474,25637,25178,25866,26017,25799,26499,25607,25148,25836,26019,25833,26437,25691,25265,25910,26028,25760,26495,25697,25234,25917,26019,25797,26520,25686,25221,25917,26010,25792,26493,25680,25222,25910,26010,25792,26493,25680,25222,25910,25991,25723,26458,25631,25168,25851
2025-12-08,26061.0,428.1,26153.0,25637.0,26240,26013,26739,25898,25423,26135,26245,26019,26745,25897,25421,26134,26239,26012,26738,25871,25395,26108,26251,26024,26750,25835,25360,26072,26248,26056,26682,25909,25468,26136,26258,25980,26742,25915,25435,26143,26248,26019,26768,25904,25422,26143,26240,26013,26739,25898,25423,26135,26240,26013,26739,25898,25423,26135,26240,25961,26723,25866,25386,26094
2025-12-09,25698.0,452.8,25804.0,25296.0,25887,25648,26415,25525,25023,25777,25869,25630,26398,25495,24993,25747,25863,25624,26392,25467,24964,25718,25895,25656,26423,25486,24983,25737,25896,25692,26354,25537,25070,25777,25906,25612,26418,25543,25036,25785,25896,25653,26446,25532,25021,25785,25887,25648,26415,25525,25023,25777,25887,25648,26415,25525,25023,25777,25865,25571,26377,25463,24956,25705
2025-12-10,25348.0,458.6,25608.0,25227.0,25539,25297,26074,25173,24664,25428,25509,25267,26044,25112,24604,25367,25511,25269,26046,25097,24589,25352,25528,25286,26063,25112,24603,25367,25549,25342,26013,25185,24712,25428,25557,25261,26077,25191,24678,25436,25549,25303,26105,25180,24663,25436,25539,25297,26074,25173,24664,25428,25539,25297,26074,25173,24664,25428,25511,25216,26032,25095,24581,25340
2025-12-11,25553.0,445.1,25788.0,25447.0,25739,25504,26258,25383,24889,25630,25716,25481,26235,25331,24838,25578,25715,25480,26234,25305,24811,25552,25728,25493,26247,25329,24836,25576,25753,25548,26198,25396,24936,25631,25758,25469,26261,25402,24902,25639,25750,25509,26288,25390,24888,25639,25739,25504,26258,25383,24889,25630,25739,25504,26258,25383,24889,25630,25717,25428,26220,25303,24803,25540
2025-12-12,25738.0,439.6,25997.0,25562.0,25922,25690,26434,25571,25083,25814,25903,25671,26415,25516,25027,25759,25895,25663,26407,25500,25012,25743,25913,25681,26425,25516,25028,25759,25936,25733,26375,25583,25129,25815,25943,25655,26437,25589,25095,25822,25935,25695,26464,25578,25081,25822,25922,25690,26434,25571,25083,25814,25922,25690,26434,25571,25083,25814,25898,25610,26392,25498,25004,25731
2025-12-15,25691.0,462.3,25800.0,25480.0,25885,25640,26423,25515,25002,25771,25878,25633,26415,25454,24941,25710,25863,25618,26400,25450,24937,25706,25879,25634,26416,25458,24945,25714,25899,25685,26361,25527,25050,25772,25906,25603,26426,25533,25015,25780,25900,25645,26454,25523,25000,25780,25885,25640,26423,25515,25002,25771,25885,25640,26423,25515,25002,25771,25867,25563,26386,25448,24930,25695
2025-12-16,25527.0,421.2,25545.0,25074.0,25703,25481,26193,25366,24899,25600,25683,25461,26174,25302,24835,25536,25684,25462,26174,25306,24839,25540,25700,25477,26190,25321,24854,25555,25711,25522,26135,25376,24943,25600,25721,25447,26179,25381,24911,25608,25717,25485,26223,25373,24898,25608,25703,25481,26193,25366,24899,25600,25703,25481,26193,25366,24899,25600,25684,25410,26142,25302,24832,25529
2025-12-17,25182.0,440.5,25564.0,25143.0,25366,25134,25879,25013,24526,25258,25344,25112,25857,24936,24448,25181,25348,25116,25861,24948,24460,25193,25355,25123,25868,24958,24471,25203,25375,25177,25818,25023,24571,25259,25385,25122,25864,25029,24577,25267,25379,25138,25909,25021,24524,25267,25366,25134,25879,25013,24526,25258,25366,25134,25879,25013,24526,25258,25349,25086,25828,24945,24493,25182
2025-12-18,25269.0,438.9,25692.0,25215.0,25453,25221,25963,25101,24615,25345,25465,25234,25976,25051,24565,25295,25454,25222,25964,25051,24565,25295,25448,25217,25959,25054,24567,25297,25467,25264,25903,25110,24661,25346,25474,25209,25949,25119,24667,25353,25467,25226,25994,25110,24613,25353,25453,25221,25963,25101,24615,25345,25453,25221,25963,25101,24615,25345,25456,25192,25932,25050,24598,25285
2025-12-19,25637.0,466.5,25883.0,25532.0,25833,25586,26374,25459,24942,25718,25867,25621,26409,25420,24904,25679,25842,25595,26384,25423,24906,25682,25839,25593,26381,25419,24902,25678,25851,25631,26311,25470,24990,25718,25854,25573,26359,25478,24997,25727,25848,25591,26407,25468,24940,25727,25833,25586,26374,25459,24942,25718,25833,25586,26374,25459,24942,25718,25845,25564,26350,25423,24942,25672
2025-12-22,25810.0,440.0,25907.0,25666.0,25995,25762,26505,25643,25155,25886,26022,25789,26532,25604,25116,25847,26011,25778,26521,25622,25134,25866,25995,25762,26505,25601,25113,25844,26015,25805,26446,25654,25200,25887,26017,25750,26491,25661,25206,25895,26010,25766,26537,25652,25153,25895,25995,25762,26505,25643,25155,25886,25995,25762,26505,25643,25155,25886,26015,25747,26489,25623,25168,25856
2025-12-23,25876.0,403.4,25931.0,25640.0,26045,25833,26513,25723,25275,25946,26072,25859,26540,25712,25265,25935,26050,25837,26518,25703,25255,25925,26044,25831,26512,25678,25230,25901,26061,25871,26459,25733,25317,25946,26066,25821,26501,25740,25322,25953,26059,25836,26542,25731,25273,25953,26045,25833,26513,25723,25275,25946,26045,25833,26513,25723,25275,25946,26052,25807,26486,25702,25284,25915
2025-12-24,25782.0,397.2,25884.0,25758.0,25948,25739,26410,25631,25191,25850,25972,25763,26433,25635,25194,25854,25945,25736,26406,25603,25162,25822,25941,25732,26402,25577,25137,25797,25965,25777,26356,25641,25231,25851,25969,25728,26397,25647,25237,25858,25962,25743,26438,25639,25189,25858,25948,25739,26410,25631,25191,25850,25948,25739,26410,25631,25191,25850,25947,25706,26375,25601,25190,25812
2025-12-29,25799.0,319.9,26086.0,25494.0,25933,25765,26304,25678,25323,25854,25943,25775,26314,25689,25334,25865,25926,25758,26298,25657,25302,25834,25927,25759,26298,25630,25275,25806,25946,25795,26261,25688,25356,25855,25950,25755,26294,25691,25360,25860,25944,25767,26327,25684,25321,25860,25933,25765,26304,25678,25323,25854,25933,25765,26304,25678,25323,25854,25924,25730,26269,25653,25322,25822
2025-12-30,25549.0,422.3,25916.0,25582.0,25726,25504,26216,25388,24920,25622,25746,25525,26236,25375,24907,25608,25727,25505,26217,25354,24886,25587,25726,25505,26216,25345,24877,25578,25746,25544,26159,25403,24964,25623,25750,25491,26203,25406,24969,25630,25741,25507,26246,25398,24918,25630,25726,25504,26216,25388,24920,25622,25726,25504,26216,25388,24920,25622,25732,25473,26185,25354,24918,25578
2025-12-31,25818.0,387.4,25797.0,25517.0,25981,25777,26430,25671,25241,25885,26013,25809,26462,25678,25248,25891,25993,25789,26442,25644,25214,25857,25989,25785,26438,25639,25209,25853,25999,25813,26378,25684,25281,25886,26002,25765,26418,25687,25286,25892,25994,25780,26434,25679,25239,25876,25981,25777,26430,25671,25241,25885,25981,25777,26430,25671,25241,25885,25995,25758,26411,25642,25242,25848
2026-01-02,25552.0,374.4,26487.0,25645.0,25709,25512,26143,25410,24995,25616,25731,25535,26165,25404,24990,25611,25710,25514,26144,25375,24960,25582,25711,25515,26145,25370,24955,25577,25727,25541,26093,25423,25033,25617,25730,25501,26132,25424,25038,25624,25722,25515,26147,25417,24993,25608,25709,25512,26143,25410,24995,25616,25709,25512,26143,25410,24995,25616,25712,25483,26113,25372,24986,25572
2026-01-05,26381.0,518.7,26520.0,26192.0,26599,26326,27212,26184,25609,26476,26715,26442,27328,26232,25657,26523,26646,26373,27259,26169,25594,26461,26621,26349,27235,26156,25581,26447,26623,26366,27209,26202,25662,26499,26628,26310,27206,26204,25669,26486,26617,26330,27238,26195,25606,26481,26599,26326,27212,26184,25609,26476,26599,26326,27212,26184,25609,26476,26655,26337,27233,26172,25637,26454
2026-01-06,26508.0,459.0,26867.0,26458.0,26700,26460,27243,26335,25825,26592,26788,26548,27331,26370,25860,26627,26751,26510,27294,26327,25818,26584,26720,26480,27263,26312,25802,26569,26719,26494,27240,26345,25872,26612,26726,26445,27238,26350,25878,26601,26716,26463,27266,26343,25822,26596,26700,26460,27243,26335,25825,26592,26700,26460,27243,26335,25825,26592,26757,26476,27268,26326,25854,26576
2026-01-07,26626.0,464.2,26645.0,26224.0,26821,26577,27369,26451,25935,26710,26902,26658,27450,26487,25972,26747,26879,26635,27427,26450,25934,26709,26840,26597,27389,26429,25913,26688,26839,26612,27367,26461,25982,26731,26848,26563,27364,26469,25989,26720,26837,26580,27392,26460,25933,26715,26821,26577,27369,26451,25935,26710,26821,26577,27369,26451,25935,26710,26885,26600,27401,26451,25971,26702
2026-01-08,26292.0,466.0,26314.0,25952.0,26487,26243,27038,26116,25599,26377,26545,26302,27096,26122,25605,26383,26530,26286,27080,26099,25582,26360,26508,26264,27059,26094,25577,26355,26502,26278,27036,26127,25646,26398,26514,26228,27033,26132,25652,26386,26504,26246,27061,26125,25596,26382,26487,26243,27038,26116,25599,26377,26487,26243,27038,26116,25599,26377,26535,26250,27054,26098,25619,26353
2026-01-09,26271.0,460.4,26387.0,26088.0,26463,26223,27008,26097,25586,26354,26513,26273,27058,26084,25574,26342,26501,26261,27046,26085,25575,26343,26471,26230,27015,26061,25551,26319,26472,26257,27006,26108,25633,26375,26490,26216,27003,26113,25669,26364,26479,26225,27031,26106,25583,26359,26463,26223,27008,26097,25586,26354,26463,26223,27008,26097,25586,26354,26507,26232,27020,26084,25640,26335
2026-01-12,26360.0,409.6,26970.0,26167.0,26531,26317,27015,26204,25751,26434,26585,26371,27069,26199,25746,26429,26569,26356,27054,26204,25750,26433,26536,26323,27020,26166,25713,26396,26539,26348,27014,26213,25792,26453,26553,26311,27011,26216,25824,26443,26543,26319,27036,26213,25748,26439,26531,26317,27015,26204,25751,26434,26531,26317,27015,26204,25751,26434,26569,26327,27028,26199,25807,26425
2026-01-13,26955.0,530.6,27149.0,26717.0,27176,26900,27803,26753,26166,27051,27281,27004,27907,26731,26145,27029,27234,26957,27860,26747,26161,27046,27193,26917,27820,26711,26124,27009,27187,26939,27802,26762,26219,27075,27205,26891,27799,26769,26261,27062,27192,26903,27831,26764,26162,27057,27176,26900,27803,26753,26166,27051,27176,26900,27803,26753,26166,27051,27240,26926,27833,26747,26240,27041
2026-01-14,26882.0,479.1,27101.0,26776.0,27082,26832,27647,26699,26170,26968,27168,26918,27734,26692,26163,26962,27135,26886,27701,26689,26160,26958,27095,26846,27661,26658,26129,26928,27087,26868,27646,26707,26218,26991,27108,26824,27644,26714,26256,26979,27096,26835,27673,26709,26166,26974,27082,26832,27647,26699,26050,26968,27082,26832,27647,26699,25930,26968,27138,26855,27674,26687,26109,26952
2026-01-15,26855.0,450.6,27215.0,26810.0,27043,26809,27575,26683,26185,26936,27112,26877,27644,26665,26167,26918,27094,26859,27625,26677,26179,26930,27057,26823,27589,26648,26150,26901,27048,26842,27574,26690,26230,26957,27067,26801,27571,26700,26266,26946,27058,26810,27599,26693,26182,26942,27043,26809,27575,26683,26185,26936,27043,26809,27575,26683,26185,26936,27095,26828,27599,26678,26244,26924
2026-01-16,27105.0,473.2,27228.0,26501.0,27303,27056,27861,26925,26402,27190,27407,27161,27965,26935,26412,27200,27366,27120,27924,26927,26404,27192,27325,27078,27883,26896,26373,27161,27308,27091,27860,26932,26449,27212,27330,27048,27857,26942,26486,27201,27320,27058,27886,26935,26398,27196,27303,27056,27861,26925,26402,27190,27303,27056,27861,26925,26402,27190,27370,27088,27898,26928,26472,27187
2026-01-19,26584.0,539.5,26700.0,26491.0,26809,26529,27445,26378,25782,26681,26828,26548,27464,26322,25726,26624,26877,26596,27513,26374,25778,26676,26834,26554,27470,26343,25747,26646,26812,26568,27445,26383,25835,26706,26841,26519,27442,26399,25879,26693,26829,26531,27475,26390,25778,26688,26809,26529,27445,26378,25782,26681,26809,26529,27445,26378,25782,26681,26885,26563,27486,26378,25858,26672
2026-01-20,26610.0,412.4,26626.0,26274.0,26782,26568,27268,26453,25997,26684,26798,26584,27284,26408,25952,26638,26834,26620,27320,26448,25992,26679,26809,26595,27295,26426,25969,26656,26784,26598,27268,26459,26038,26704,26806,26560,27266,26470,26071,26693,26796,26569,27291,26462,25994,26689,26782,26568,27268,26453,25997,26684,26782,26568,27268,26453,25997,26684,26834,26588,27294,26449,26049,26672
2026-01-21,26315.0,432.9,26717.0,26350.0,26495,26271,27005,26150,25672,26392,26479,26255,26989,26074,25596,26316,26528,26303,27038,26130,25652,26372,26516,26292,27026,26122,25644,26364,26495,26302,27006,26154,25714,26413,26519,26263,27003,26166,25749,26403,26510,26272,27030,26159,25668,26398,26495,26271,27005,26150,25672,26392,26495,26271,27005,26150,25672,26392,26527,26271,27011,26130,25713,26366
2026-01-22,26602.0,443.1,26912.0,26471.0,26787,26557,27308,26434,25944,26681,26810,26581,27332,26400,25911,26648,26828,26598,27349,26420,25930,26667,26815,26586,27337,26417,25927,26664,26787,26589,27309,26437,25987,26703,26811,26549,27307,26450,26023,26692,26803,26558,27334,26443,25940,26687,26787,26557,27308,26434,25944,26681,26787,26557,27308,26434,25944,26681,26827,26565,27323,26420,25993,26662
2026-01-23,26886.0,461.2,26929.0,26611.0,27078,26839,27621,26711,26201,26968,27132,26893,27674,26698,26188,26955,27130,26891,27673,26698,26188,26955,27107,26867,27649,26695,26184,26951,27081,26872,27622,26718,26246,26991,27103,26831,27619,26727,26283,26979,27095,26840,27648,26720,26197,26975,27078,26839,27621,26711,26201,26968,27078,26839,27621,26711,26201,26968,27130,26858,27646,26698,26254,26950
2026-01-26,26748.0,407.3,26911.0,26607.0,26918,26707,27397,26593,26143,26820,26964,26753,27443,26571,26121,26798,26968,26757,27447,26580,26129,26807,26941,26730,27420,26572,26122,26799,26920,26736,27398,26599,26183,26840,26938,26699,27396,26605,26215,26830,26932,26708,27421,26601,26139,26826,26918,26707,27397,26593,26143,26820,26918,26707,27397,26593,26143,26820,26963,26724,27421,26575,26186,26801
2026-01-27,26870.0,414.1,27280.0,26817.0,27043,26828,27529,26713,26255,26943,27044,26830,27531,26696,26238,26926,27095,26881,27582,26694,26236,26924,27066,26852,27553,26693,26235,26924,27045,26858,27531,26719,26295,26964,27061,26820,27528,26725,26329,26954,27055,26829,27554,26721,26251,26950,27043,26828,27529,26713,26255,26943,27043,26828,27529,26713,26255,26943,27089,26848,27556,26689,26293,26918
2026-01-28,27191.0,456.7,27847.0,27255.0,27381,27145,27918,27018,26513,27272,27409,27173,27946,27015,26510,27269,27438,27202,27975,27014,26508,27267,27410,27174,27947,26999,26493,27252,27384,27178,27920,27025,26557,27295,27404,27136,27917,27032,26594,27283,27397,27146,27945,27027,26509,27279,27381,27145,27918,27018,26513,27272,27381,27145,27918,27018,26513,27272,27436,27168,27949,27011,26573,27263
2026-01-29,27556.0,503.7,28106.0,27487.0,27766,27506,28357,27366,26808,27645,27839,27578,28430,27379,26821,27658,27837,27576,28428,27363,26806,27642,27808,27547,28399,27351,26793,27630,27769,27541,28360,27373,26857,27670,27793,27496,28357,27383,26898,27658,27785,27506,28388,27376,26804,27653,27766,27506,28357,27366,26808,27645,27766,27506,28357,27366,26808,27645,27839,27541,28403,27365,26879,27639
2026-01-30,27762.0,521.7,27879.0,27020.0,27980,27710,28592,27566,26988,27854,28070,27799,28681,27578,27000,27866,28077,27807,28689,27577,26999,27865,28029,27759,28641,27554,26976,27842,27986,27747,28595,27572,27038,27880,28010,27699,28592,27585,27080,27868,27999,27710,28623,27576,27002,27862,27980,27710,28592,27566,26988,27854,27980,27710,28592,27566,26988,27854,28082,27771,28663,27580,27075,27863
2026-02-02,27269.0,583.3,27195.0,26491.0,27512,27211,28197,27049,26403,27372,27599,27298,28283,27049,26403,27372,27565,27264,28249,27021,26375,27343,27562,27261,28246,27028,26382,27350,27515,27252,28200,27056,26427,27401,27544,27199,28197,27069,26469,27387,27534,27211,28232,27060,26419,27381,27512,27211,28197,27049,26403,27372,27512,27211,28197,27049,26403,27372,27571,27226,28224,27025,26425,27343
2026-02-03,26890.0,590.7,27103.0,26407.0,27136,26822,27829,26667,26014,26994,27202,26888,27895,26600,25946,26927,27177,26863,27870,26610,25957,26937,27182,26868,27875,26635,25982,26962,27140,26855,27833,26670,26037,27024,27165,26815,27829,26685,26080,27010,27157,26819,27865,26679,26029,27003,27136,26822,27829,26667,26014,26994,27136,26822,27829,26667,26014,26994,27181,26830,27845,26612,26007,26937
2026-02-04,26517.0,592.7,26987.0,26431.0,26764,26449,27459,26292,25638,26621,26842,26527,27537,26217,25562,26546,26795,26480,27490,26217,25562,26545,26808,26493,27503,26254,25599,26582,26767,26481,27463,26296,25661,26651,26793,26442,27459,26311,25704,26637,26784,26446,27496,26305,25674,26631,26764,26449,27459,26292,25638,26621,26764,26449,27459,26292,25638,26621,26798,26447,27465,26219,25612,26545
2026-02-05,26479.0,575.9,26890.0,26366.0,26719,26413,27394,26261,25625,26580,26797,26491,27472,26180,25544,26498,26770,26464,27445,26204,25568,26523,26766,26460,27441,26225,25588,26543,26722,26444,27398,26265,25648,26610,26747,26406,27395,26282,25689,26596,26739,26410,27430,26274,25660,26590,26719,26413,27394,26261,25625,26580,26719,26413,27394,26261,25625,26580,26773,26431,27420,26208,25615,26522
2026-02-06,26462.0,568.5,27034.0,26243.0,26699,26397,27365,26248,25619,26561,26782,26480,27448,26173,25544,26487,26767,26465,27433,26204,25575,26518,26752,26450,27418,26220,25591,26534,26702,26428,27313,26250,25641,26591,26727,26390,27366,26267,25682,26577,26719,26394,27401,26260,25653,26571,26699,26397,27365,26248,25619,26561,26699,26397,27365,26248,25619,26561,26769,26432,27408,26207,25622,26517
2026-02-09,27009.0,624.5,27251.0,26870.0,27270,26938,28001,26773,26083,27118,27402,27069,28132,26708,26018,27053,27359,27026,28089,26729,26040,27075,27334,27001,28064,26751,26061,27096,27277,26971,27944,26776,26107,27151,27303,26930,28002,26795,26152,27135,27291,26934,28040,26787,26120,27129,27270,26938,28001,26773,26083,27118,27270,26938,28001,26773,26083,27118,27366,26992,28065,26735,26092,27075
2026-02-10,27181.0,542.7,27387.0,27085.0,27407,27119,28042,26976,26377,27276,27537,27249,28172,26920,26320,27219,27473,27185,28108,26940,26340,27239,27469,27181,28104,26955,26356,27255,27414,27148,27994,26979,26398,27304,27434,27112,28044,26995,26436,27291,27426,27116,28077,26988,26409,27285,27407,27119,28042,26976,26377,27276,27407,27119,28042,26976,26377,27276,27473,27151,28083,26941,26382,27237
2026-02-11,27219.0,500.0,27323.0,26977.0,27428,27162,28012,27031,26478,27306,27532,27266,28117,26975,26422,27250,27494,27228,28079,27001,26449,27277,27487,27222,28072,27011,26459,27286,27430,27189,27968,27033,26497,27332,27449,27155,28014,27048,26533,27320,27443,27159,28045,27042,26507,27315,27428,27162,28012,27031,26478,27306,27428,27162,28012,27031,26478,27306,27489,27195,28054,27001,26486,27273
2026-02-12,27177.0,488.3,27224.0,26581.0,27380,27122,27952,26993,26454,27262,27428,27169,27999,26908,26369,27177,27440,27182,28011,26957,26418,27226,27436,27177,28007,26972,26433,27241,27383,27148,27908,26995,26472,27288,27400,27115,27953,27007,26507,27276,27395,27118,27983,27004,26482,27271,27380,27122,27952,26993,26454,27262,27380,27122,27952,26993,26454,27262,27434,27149,27987,26954,26453,27222
2026-02-13,26669.0,538.4,26752.0,26220.0,26893,26608,27523,26466,25872,26763,26891,26606,27521,26327,25734,26624,26937,26652,27566,26402,25809,26700,26947,26662,27576,26435,25842,26732,26893,26637,27475,26464,25892,26791,26915,26601,27525,26482,25930,26778,26910,26604,27558,26479,25903,26772,26893,26608,27523,26466,25872,26763,26893,26608,27523,26466,25872,26763,26932,26618,27543,26402,25850,26697
2026-02-16,26532.0,506.9,26716.0,26367.0,26743,26475,27336,26340,25782,26620,26737,26469,27329,26231,25674,26512,26783,26515,27376,26286,25728,26566,26797,26529,27390,26311,25753,26591,26743,26502,27291,26339,25800,26647,26763,26468,27338,26354,25837,26635,26756,26471,27369,26353,25811,26629,26743,26348,27336,26340,25782,26620,26743,26222,27336,26340,25782,26620,26777,26355,27352,26283,25765,26563
2026-02-20,26710.0,475.7,26864.0,26329.0,26908,26657,27464,26530,26007,26793,26930,26679,27487,26480,25957,26743,26952,26701,27508,26472,25948,26734,26956,26705,27512,26498,25975,26761,26904,26681,27409,26529,26023,26818,26924,26650,27466,26545,26057,26806,26918,26653,27495,26542,26033,26801,26908,26538,27464,26530,26007,26793,26908,26419,27464,26530,26007,26793,26943,26550,27486,26469,25982,26731
2026-02-23,26822.0,523.6,27170.0,26764.0,27040,26763,27652,26624,26048,26913,27061,26785,27673,26579,26004,26869,27090,26813,27702,26564,25988,26853,27081,26805,27693,26584,26008,26873,27029,26791,27591,26621,26066,26941,27051,26755,27655,26638,26104,26928,27049,26759,27687,26637,26077,26923,27040,26633,27652,26624,26048,26913,27040,26502,27652,26624,26048,26913,27076,26650,27680,26562,26027,26851
2026-02-24,26852.0,509.1,26922.0,26449.0,27064,26795,27659,26660,26100,26940,27076,26808,27671,26616,26056,26897,27109,26841,27704,26597,26037,26878,27107,26838,27702,26622,26062,26902,27060,26821,27600,26658,26117,26968,27075,26787,27661,26673,26154,26955,27073,26791,27693,26672,26128,26950,27064,26795,27659,26660,26100,26940,27064,26795,27659,26660,26100,26940,27096,26809,27683,26594,26074,26876
2026-02-25,26754.0,510.2,26932.0,26614.0,26966,26697,27562,26561,26000,26843,26947,26678,27543,26485,25925,26767,26998,26729,27594,26486,25925,26768,27008,26739,27604,26517,25957,26799,26962,26723,27503,26560,26046,26870,26973,26689,27565,26574,26054,26857,26975,26693,27596,26574,26028,26852,26966,26697,27562,26561,26000,26843,26966,26697,27562,26561,26000,26843,26981,26698,27574,26482,25962,26766
2026-02-26,26929.0,467.9,27080.0,26228.0,27123,26877,27670,26752,26238,27010,27067,26821,27614,26682,26168,26941,27161,26915,27708,26685,26171,26943,27167,26921,27714,26712,26198,26970,27114,26901,27616,26751,26279,27035,27130,26870,27673,26764,26287,27024,27132,26873,27702,26764,26263,27019,27123,26877,27670,26752,26238,27010,27123,26877,27670,26752,26238,27010,27145,26885,27688,26680,26203,26940
2026-02-27,26398.0,575.9,26687.0,26337.0,26636,26334,27310,26180,25540,26498,26578,26276,27252,26048,25408,26366,26672,26370,27346,26086,25445,26404,26680,26379,27354,26123,25483,26441,26622,26363,27244,26179,25567,26529,26641,26325,27314,26194,25579,26515,26648,26329,27349,26195,25559,26509,26636,26334,27310,26180,25540,26498,26636,26334,27310,26180,25540,26498,26655,26339,27328,26084,25468,26404
2026-03-02,26465.0,495.7,26386.0,25826.0,26670,26410,27250,26278,25726,26551,26619,26359,27199,26151,25599,26424,26697,26437,27276,26186,25635,26459,26712,26452,27291,26229,25678,26503,26658,26435,27193,26277,25750,26577,26674,26402,27253,26290,25760,26565,26680,26406,27283,26290,25743,26560,26670,26410,27250,26278,25726,26551,26670,26410,27250,26278,25726,26551,26680,26407,27259,26182,25652,26457
2026-03-03,26131.0,539.3,26196.0,24969.0,26354,26068,26984,25927,25327,26224,26285,25999,26915,25760,25161,26058,26343,26057,26973,25801,25201,26098,26384,26097,27014,25862,25263,26160,26338,26076,26923,25926,25353,26253,26356,26058,26988,25940,25364,26240,26365,26063,27021,25941,25345,26235,26354,26068,26984,25927,25327,26224,26354,26068,26984,25927,25327,26224,26325,26027,26957,25798,25221,26098
2026-03-04,25470.0,658.1,25584.0,24932.0,25741,25393,26511,25220,24485,25584,25672,25323,26442,24999,24264,25363,25705,25357,26475,25040,24305,25404,25771,25423,26542,25135,24401,25499,25719,25402,26437,25220,24494,25619,25744,25381,26516,25236,24511,25603,25753,25386,26557,25238,24487,25596,25741,25393,26511,25220,24485,25584,25741,25393,26511,25220,24485,25584,25689,25326,26462,25040,24315,25407
2026-03-05,25575.0,625.0,25726.0,25057.0,25831,25502,26564,25337,24640,25683,25761,25431,26493,25111,24414,25458,25793,25463,26525,25170,24473,25516,25838,25509,26571,25239,24542,25586,25812,25511,26493,25337,24649,25717,25830,25490,26569,25351,24664,25701,25844,25496,26607,25354,24642,25695,25831,25502,26564,25337,24640,25683,25831,25502,26564,25337,24640,25683,25774,25434,26513,25168,24481,25518
2026-03-06,25095.0,609.4,25805.0,25102.0,25343,25023,26059,24862,24183,25200,25265,24945,25980,24606,23927,24944,25315,24995,26031,24709,24030,25047,25350,25030,26065,24757,24078,25096,25325,25032,25990,24861,24192,25233,25339,25012,26064,24875,24207,25218,25357,25018,26101,24879,24185,25212,25343,25023,26059,24862,24183,25200,25343,25023,26059,24862,24183,25200,25295,24968,26020,24706,24038,25049
2026-03-09,25395.0,642.7,25584.0,24770.0,25659,25320,26411,25150,24433,25506,25631,25292,26383,24938,24221,25294,25655,25316,26408,25022,24305,25378,25672,25333,26425,25048,24331,25404,25638,25329,26339,25149,24442,25541,25657,25308,26417,25165,24458,25525,25672,25313,26456,25168,24435,25518,25659,25320,26411,25150,24433,25506,25659,25320,26411,25150,24433,25506,25640,25290,26399,25021,24315,25381
2026-03-10,25423.0,675.1,26255.0,25606.0,25698,25344,26490,25165,24413,25540,25649,25295,26442,24901,24149,25275,25680,25326,26472,25011,24259,25386,25714,25360,26506,25059,24307,25434,25674,25354,26415,25160,24422,25576,25693,25332,26496,25179,24439,25560,25713,25337,26538,25184,24415,25553,25698,25344,26490,25165,24413,25540,25698,25344,26490,25165,24413,25540,25662,25301,26465,25009,24270,25390
2026-03-11,26005.0,637.7,26153.0,25704.0,26266,25930,27013,25762,25051,26123,26288,25952,27034,25563,24852,25924,26268,25932,27014,25625,24914,25985,26301,25965,27047,25671,24960,26032,26242,25939,26942,25756,25060,26172,26265,25919,27019,25777,25076,26135,26279,25924,27058,25779,25053,26134,26266,25930,27013,25762,25051,26123,26266,25930,27013,25762,25051,26123,26255,25909,27009,25624,24923,25983
2026-03-12,25793.0,583.0,25923.0,25404.0,26030,25725,26714,25570,24921,25900,26044,25738,26727,25360,24711,25690,26009,25704,26693,25430,24781,25761,26064,25758,26748,25478,24829,25809,26005,25733,26649,25562,24929,25946,26026,25714,26720,25582,24943,25912,26043,25719,26756,25586,24922,25911,26030,25725,26714,25570,24921,25900,26030,25725,26714,25570,24921,25900,25995,25683,26689,25427,24789,25757
2026-03-13,25470.0,580.3,25769.0,25357.0,25705,25402,26387,25248,24602,25577,25712,25409,26394,25073,24428,25402,25679,25377,26361,25095,24449,25424,25725,25422,26407,25153,24507,25482,25681,25410,26323,25239,24610,25622,25699,25391,26393,25259,24624,25589,25719,25396,26428,25264,24603,25587,25705,25402,26387,25248,24602,25577,25705,25402,26387,25248,24602,25577,25666,25358,26359,25091,24457,25421
2026-03-16,25476.0,538.9,25978.0,25312.0,25695,25413,26327,25270,24670,25575,25704,25421,26335,25091,24491,25396,25674,25392,26306,25117,24517,25422,25718,25435,26349,25179,24579,25484,25672,25421,26268,25261,24677,25617,25689,25403,26333,25280,24691,25586,25708,25408,26366,25285,24671,25585,25695,25413,26327,25270,24670,25575,25695,25413,26327,25270,24670,25575,25661,25375,26305,25113,24524,25419
2026-03-17,25895.0,583.9,26255.0,25834.0,26134,25827,26817,25672,25022,26002,26199,25892,26882,25543,24892,25872,26132,25825,26815,25524,24873,25854,26163,25856,26846,25580,24929,25910,26112,25835,26753,25662,25029,26048,26128,25816,26823,25684,25044,26014,26146,25821,26859,25688,25023,26013,26134,25827,26817,25672,25022,26002,26134,25827,26817,25672,25022,26002,26122,25809,26817,25522,24882,25852
2026-03-18,25899.0,530.3,26128.0,25482.0,26117,25837,26736,25697,25106,25996,26210,25930,26829,25680,25088,25978,26129,25849,26748,25578,24986,25876,26145,25865,26764,25606,25014,25905,26096,25844,26678,25687,25113,26038,26111,25827,26742,25707,25126,26007,26127,25832,26775,25711,25107,26006,26117,25837,26736,25697,25106,25996,26117,25837,26736,25697,25106,25996,26119,25835,26750,25574,24993,25874
2026-03-19,25487.0,574.5,25722.0,25108.0,25724,25420,26393,25268,24628,25592,25834,25530,26503,25257,24617,25581,25744,25439,26413,25150,24510,25474,25754,25450,26423,25182,24542,25506,25701,25428,26331,25258,24635,25638,25721,25409,26400,25279,24650,25604,25734,25414,26436,25284,24629,25603,25724,25420,26393,25268,24628,25592,25724,25420,26393,25268,24628,25592,25739,25426,26418,25148,24519,25473
2026-03-20,25304.0,574.4,25544.0,24699.0,25540,25237,26210,25084,24445,25409,25660,25357,26330,25086,24447,25410,25561,25258,26231,24957,24318,25281,25573,25269,26242,24992,24352,25316,25521,25245,26148,25060,24453,25455,25541,25226,26217,25096,24467,25421,25551,25231,26252,25101,24446,25420,25540,25237,26210,25084,24445,25409,25540,25237,26210,25084,24445,25409,25560,25246,26380,24956,24327,25281
2026-03-23,24715.0,622.7,25234.0,24188.0,24972,24642,25697,24476,23784,24828,25046,24717,25771,24415,23723,24767,24995,24665,25720,24340,23647,24692,25009,24679,25733,24378,23686,24730,24951,24653,25630,24451,23792,24878,24972,24631,25705,24490,23808,24842,24983,24636,25743,24494,23785,24841,24972,24642,25697,24476,23784,24828,24972,24642,25697,24476,23784,24828,24995,24653,25884,24340,23658,24693
2026-03-24,25013.0,692.2,25079.0,24538.0,25300,24932,26104,24748,23978,25139,25408,25040,26212,24696,23926,25087,25329,24962,26134,24590,23820,24981,25337,24970,26142,24637,23868,25028,25278,24944,26030,24719,23987,25195,25298,24919,26114,24761,24004,25154,25311,24925,26156,24767,23979,25153,25300,24932,26104,24748,23978,25139,25300,24932,26104,24748,23978,25139,25328,24949,26317,24590,23833,24983
2026-03-25,24975.0,631.7,25401.0,25018.0,25236,24901,25971,24733,24030,25089,25266,24931,26001,24616,23913,24972,25262,24927,25996,24575,23872,24931,25265,24930,26000,24616,23914,24973,25214,24912,25903,24690,24039,25141,25236,24889,25980,24744,24054,25104,25246,24895,26018,24750,24031,25103,25236,24901,25971,24733,23872,25089,25236,24901,25971,24733,23715,25089,25262,24916,26006,24573,23726,24933
2026-03-26,25264.0,593.2,25243.0,24656.0,25510,25195,26199,25037,24377,25371,25568,25253,26257,24954,24294,25289,25545,25231,26234,24890,24231,25225,25546,25232,26235,24930,24270,25264,25489,25205,26136,24997,24385,25420,25511,25184,26207,25047,24399,25385,25519,25189,26244,25053,24378,25384,25510,25195,26199,25037,24377,25371,25510,25195,26199,25037,24377,25371,25548,25221,26244,24888,24240,25226
2026-03-27,24755.0,620.3,25094.0,24628.0,25011,24683,25732,24517,23828,24867,25053,24725,25774,24413,23724,24763,25036,24707,25757,24378,23689,24728,25041,24713,25762,24400,23711,24750,24990,24693,25666,24475,23836,24918,25013,24671,25741,24529,23851,24882,25021,24676,25779,24534,23829,24880,25011,24683,25732,24517,23828,24867,25011,24683,25732,24517,23828,24867,25039,24697,25767,24377,23699,24730
2026-03-30,24646.0,579.9,24896.0,24336.0,24886,24579,25559,24424,23779,24750,24930,24622,25603,24320,23675,24647,24912,24605,25585,24282,23638,24609,24913,24605,25586,24307,23663,24634,24866,24588,25498,24385,23786,24798,24888,24567,25568,24435,23801,24764,24895,24572,25604,24439,23780,24763,24886,24579,25559,24424,23779,24750,24886,24579,25559,24424,23779,24750,24916,24595,25596,24281,23647,24610
2026-03-31,24698.0,563.8,25217.0,24546.0,24932,24633,25586,24482,23855,24799,24949,24649,25602,24365,23738,24683,24973,24673,25626,24358,23732,24676,24947,24647,25601,24357,23731,24675,24912,24642,25526,24442,23862,24846,24933,24622,25594,24492,23876,24813,24941,24626,25629,24497,23856,24812,24932,24633,25586,24482,23855,24799,24932,24633,25586,24482,23855,24799,24976,24664,25637,24356,23741,24677
2026-04-01,25182.0,605.7,25467.0,25199.0,25434,25112,26135,24950,24277,25291,25467,25145,26168,24823,24150,25164,25497,25175,26198,24878,24205,25219,25447,25125,26149,24824,24151,25165,25411,25122,26072,24907,24284,25341,25435,25100,26145,24962,24299,25306,25443,25105,26182,24967,24277,25305,25434,25112,26135,24950,24277,25291,25434,25112,26135,24950,24277,25291,25500,25165,26210,24877,24215,25221
2026-04-02,25292.0,516.9,25304.0,24882.0,25507,25232,26106,25094,24519,25385,25542,25267,26141,25014,24439,25304,25579,25304,26178,25049,24474,25339,25524,25249,26122,24988,24413,25278,25490,25241,26051,25059,24526,25428,25510,25222,26114,25104,24539,25398,25515,25226,26146,25108,24520,25397,25507,25232,26106,25094,24519,25385,25507,25232,26106,25094,24519,25385,25585,25296,26188,25046,24481,25340
2026-04-08,25218.0,530.1,26074.0,25670.0,25438,25157,26052,25015,24426,25313,25453,25172,26067,24929,24340,25227,25506,25224,26119,24973,24384,25271,25458,25176,26072,24917,24328,25215,25421,25165,25997,24979,24432,25357,25439,25146,26061,25024,24446,25326,25447,25151,26093,25029,24426,25325,25438,25157,26052,25015,24426,25313,25438,25157,26052,25015,24426,25313,25509,25215,26130,24971,24392,25272
2026-04-09,25826.0,531.1,25940.0,25626.0,26047,25764,26673,25623,25032,25929,26125,25843,26751,25641,25051,25948,26123,25841,26749,25601,25011,25908,26084,25801,26709,25548,24958,25854,26033,25801,26621,25601,25046,25980,26050,25754,26684,25633,25052,25958,26056,25759,26703,25638,25033,25934,26047,25764,26673,25623,25032,25929,26047,25764,26673,25623,25032,25929,26128,25832,26762,25600,25019,25925
2026-04-10,25872.0,486.5,26075.0,25844.0,26074,25816,26647,25686,25145,25966,26116,25857,26689,25734,25193,26014,26149,25890,26722,25684,25143,25964,26103,25844,26676,25608,25067,25888,26061,25849,26601,25678,25157,26013,26078,25806,26658,25695,25163,25993,26082,25810,26675,25699,25145,25971,26074,25816,26647,25686,25145,25966,26074,25816,26647,25686,25145,25966,26153,25882,26734,25681,25149,25979
2026-04-13,25938.0,423.5,25917.0,25505.0,26114,25889,26613,25776,25305,26020,26178,25952,26676,25861,25390,26105,26161,25936,26659,25760,25289,26004,26138,25913,26637,25700,25228,25943,26103,25918,26572,25770,25350,26061,26115,25881,26622,25784,25321,26043,26121,25884,26637,25788,25305,26024,26114,25889,26613,25776,25305,26020,26114,25889,26613,25776,25305,26020,26162,25928,26670,25756,25293,26016
2026-04-14,25908.0,468.7,26186.0,25673.0,26103,25854,26654,25729,25208,25999,26130,25881,26682,25758,25237,26028,26145,25896,26697,25702,25181,25972,26114,25864,26665,25645,25124,25915,26088,25883,26597,25721,25257,26031,26104,25845,26665,25737,25225,26025,26110,25848,26682,25741,25208,26003,26103,25854,26654,25729,25208,25999,26103,25854,26654,25729,25208,25999,26147,25888,26709,25699,25187,25987
2026-04-15,26128.0,494.2,26227.0,25875.0,26334,26071,26915,25939,25390,26223,26396,26133,26977,26000,25451,26285,26386,26123,26967,25917,25368,26202,26347,26084,26928,25851,25302,26136,26318,26102,26854,25931,25442,26258,26334,26065,26926,25948,25408,26251,26341,26065,26944,25952,25390,26229,26334,26071,26915,25939,25390,26223,26334,26071,26915,25939,25390,26223,26387,26118,26979,25915,25376,26219
2026-04-16,26113.0,458.5,26409.0,26113.0,26304,26060,26843,25937,25428,26201,26347,26103,26886,25981,25472,26245,26347,26104,26886,25907,25398,26171,26315,26071,26854,25846,25337,26110,26289,26089,26787,25918,25476,26233,26304,26083,26854,25946,25461,26227,26311,26055,26870,25950,25428,26206,26304,26060,26843,25937,25428,26201,26304,26060,26843,25937,25428,26201,26348,26127,26897,25905,25420,26186
2026-04-17,26219.0,443.1,26641.0,26021.0,26403,26168,26924,26049,25557,26304,26456,26221,26977,26120,25627,26375,26438,26203,26959,26026,25534,26281,26420,26184,26940,25964,25471,26219,26389,26196,26870,26031,25604,26335,26404,26190,26935,26058,25589,26329,26410,26163,26951,26061,25557,26309,26403,26168,26924,26049,25557,26304,26403,26168,26924,26049,25557,26304,26438,26225,26969,26024,25555,26295
2026-04-20,26488.0,536.0,26509.0,26099.0,26711,26426,27340,26282,25687,26591,26759,26474,27389,26344,25748,26652,26752,26467,27381,26250,25655,26558,26737,26452,27367,26206,25611,26515,26699,26460,27275,26261,25744,26629,26712,26453,27340,26293,25725,26621,26719,26420,27373,26296,25687,26596,26711,26426,27340,26282,25687,26591,26711,26426,27340,26282,25687,26591,26752,26493,27380,26250,25682,26578
2026-04-21,26486.0,497.6,26525.0,26130.0,26693,26429,27277,26295,25743,26582,26718,26453,27302,26313,25761,26599,26723,26458,27307,26264,25712,26551,26718,26453,27302,26220,25668,26507,26677,26460,27217,26263,25795,26617,26694,26454,27277,26304,25778,26610,26701,26423,27308,26308,25743,26587,26693,26429,27277,26295,25743,26582,26693,26429,27277,26295,25743,26582,26723,26483,27306,26263,25736,26568
2026-04-22,26206.0,479.7,26272.0,26069.0,26406,26151,26968,26022,25490,26298,26434,26179,26996,26044,25512,26321,26427,26172,26990,25990,25458,26267,26427,26172,26989,25942,25410,26219,26390,26181,26911,25991,25540,26332,26406,26175,26968,26028,25523,26325,26413,26145,26998,26034,25490,26303,26406,26151,26968,26022,25490,26298,26406,26151,26968,26022,25490,26298,26427,26195,26989,25986,25482,26284
2026-04-23,26154.0,416.9,26183.0,25649.0,26327,26106,26816,25994,25531,26234,26279,26057,26768,25956,25493,26196,26342,26121,26831,25984,25522,26224,26346,26125,26835,25921,25458,26161,26314,26132,26767,25977,25575,26263,26328,26127,26817,25999,25561,26258,26334,26101,26842,26005,25531,26238,26327,26106,26816,25994,25531,26234,26327,26106,26816,25994,25531,26234,26341,26141,26830,25979,25541,26238
2026-04-24,25786.0,493.2,26081.0,25616.0,25990,25729,26569,25596,25049,25880,25938,25677,26517,25523,24976,25807,25985,25724,26564,25584,25037,25868,26002,25741,26581,25511,24964,25795,25973,25760,26511,25565,25101,25915,25991,25754,26570,25603,25084,25909,25998,25723,26600,25609,25049,25886,25990,25729,26569,25596,25049,25880,25990,25729,26569,25596,25049,25880,25985,25747,26563,25581,25062,25886
2026-04-27,26026.0,471.9,26078.0,25826.0,26222,25972,26775,25845,25321,26116,26179,25928,26732,25758,25234,26029,26232,25982,26785,25844,25320,26115,26240,25990,26793,25765,25242,26037,26207,26001,26719,25815,25371,26150,26223,26000,26776,25854,25354,26143,26229,25966,26805,25857,25321,26121,26222,25972,26775,25845,25321,26116,26222,25972,26775,25845,25321,26116,26232,26009,26785,25843,25344,26133
2026-04-28,25839.0,404.8,25898.0,25532.0,26007,25793,26482,25683,25235,25916,25968,25755,26443,25622,25173,25855,26001,25787,26476,25667,25218,25900,26022,25808,26497,25602,25153,25835,25992,25818,26434,25658,25277,25945,26007,25817,26482,25689,25263,25940,26013,25788,26507,25694,25234,25921,26007,25793,26482,25683,25235,25916,26007,25793,26482,25683,25235,25916,26001,25810,26476,25663,25237,25914
2026-04-29,25727.0,422.1,26105.0,25728.0,25901,25679,26397,25564,25097,25807,25844,25622,26340,25493,25026,25736,25904,25681,26399,25560,25092,25803,25915,25692,26410,25492,25025,25735,25887,25705,26347,25538,25141,25838,25901,25704,26398,25568,25126,25832,25908,25673,26424,25575,25112,25812,25901,25679,26397,25564,25097,25807,25901,25679,26397,25564,25097,25807,25902,25705,26399,25554,25113,25818
2026-04-30,25823.0,438.8,26111.0,25678.0,26005,25773,26519,25654,25168,25906,25978,25747,26493,25606,25120,25858,26013,25782,26528,25652,25166,25904,26022,25790,26536,25582,25096,25835,25991,25800,26468,25632,25214,25938,26004,25799,26520,25657,25199,25932,26012,25767,26547,25665,25184,25912,26005,25773,26519,25654,25168,25906,26005,25773,26519,25654,25168,25906,26011,25807,26528,25647,25188,25921
2026-05-04,26088.0,442.6,26317.0,25835.0,26272,26038,26790,25918,25428,26172,26246,26012,26764,25854,25364,26108,26285,26051,26803,25921,25431,26175,26299,26065,26817,25858,25368,26112,26262,26065,26738,25906,25473,26204,26272,26064,26791,25924,25458,26198,26278,26032,26819,25930,25443,26178,26272,26038,26790,25918,25428,26172,26272,26038,26790,25918,25428,26172,26285,26076,26804,25919,25453,26193
2026-05-05,25963.0,447.8,25983.0,25648.0,26149,25912,26673,25791,25295,26048,26104,25867,26628,25722,25226,25979,26151,25914,26675,25787,25291,26044,26181,25945,26705,25753,25257,26010,26139,25940,26621,25768,25341,26081,26150,25939,26675,25797,25326,26074,26156,25906,26702,25802,25310,26054,26149,25912,26673,25791,25295,26048,26149,25912,26673,25791,25295,26048,26150,25939,26675,25785,25314,26063
2026-05-06,25932.0,425.9,26521.0,25851.0,26109,25884,26607,25768,25297,26013,26067,25842,26565,25703,25231,25947,26100,25875,26599,25744,25273,25989,26141,25916,26639,25733,25262,25978,26100,25910,26558,25747,25341,26044,26110,25909,26609,25774,25326,26038,26115,25878,26635,25779,25311,26018,26109,25884,26607,25768,25297,26013,26109,25884,26607,25768,25297,26013,26100,25899,26599,25743,25295,26007
2026-05-07,26500.0,505.2,26665.0,26301.0,26710,26443,27301,26306,25746,26595,26726,26459,27317,26265,25706,26555,26732,26465,27323,26297,25737,26586,26755,26488,27346,26280,25721,26570,26699,26474,27242,26292,25798,26633,26711,26473,27303,26312,25781,26626,26718,26436,27334,26319,25764,26602,26710,26443,27301,26306,25746,26595,26710,26443,27301,26306,25746,26595,26732,26494,27324,26296,25765,26609
2026-05-08,26363.0,457.4,26506.0,26238.0,26553,26312,27088,26187,25681,26449,26578,26337,27113,26141,25635,26404,26541,26300,27076,26145,25639,26407,26585,26344,27120,26155,25649,26418,26538,26339,27035,26175,25728,26483,26554,26338,27090,26193,25712,26477,26560,26305,27118,26198,25696,26456,26553,26312,27088,26187,25681,26449,26553,26312,27088,26187,25681,26449,26541,26325,27077,26144,25663,26428
2026-05-11,26329.0,422.6,26589.0,26202.0,26504,26282,26999,26166,25699,26409,26539,26316,27033,26161,25693,26403,26495,26273,26990,26127,25659,26369,26537,26315,27031,26146,25678,26388,26491,26307,26950,26160,25742,26440,26505,26306,26965,26172,25728,26434,26511,26275,27027,26177,25713,26415,26504,26282,26999,26166,25699,26409,26504,26282,26999,26166,25699,26409,26495,26296,26955,26126,25681,26388
2026-05-12,26511.0,441.7,26592.0,26200.0,26695,26462,27211,26341,25852,26594,26729,26496,27245,26337,25848,26590,26690,26457,27206,26296,25807,26548,26716,26483,27232,26311,25821,26563,26680,26488,27160,26335,25898,26603,26695,26487,27176,26350,25882,26621,26701,26455,27240,26352,25867,26600,26695,26462,27211,26341,25852,26594,26695,26462,27211,26341,25852,26594,26690,26482,27171,26297,25830,26568
2026-05-13,26347.0,443.8,26922.0,26144.0,26531,26298,27050,26176,25685,26430,26569,26336,27088,26160,25669,26414,26531,26298,27050,26137,25646,26391,26552,26319,27071,26143,25652,26397,26515,26324,26999,26164,25731,26439,26530,26323,27015,26185,25715,26457,26537,26291,27080,26187,25700,26437,26531,26298,27050,26176,25685,26430,26531,26298,27050,26176,25685,26430,26530,26322,27014,26139,25669,26411
2026-05-14,26882.0,519.5,26940.0,26221.0,27098,26825,27704,26682,26108,26979,27186,26913,27793,26677,26103,26974,27113,26840,27720,26644,26070,26941,27132,26858,27738,26652,26078,26950,27081,26855,27645,26656,26161,26990,27096,26854,27664,26689,26143,27011,27105,26816,27740,26693,26125,26987,27098,26825,27704,26682,26108,26979,27098,26825,27704,26682,26108,26979,27111,26869,27679,26644,26098,26966
2026-05-15,26404.0,533.5,26340.0,25689.0,26625,26345,27248,26197,25609,26504,26677,26397,27300,26130,25542,26436,26638,26358,27261,26139,25551,26446,26653,26373,27277,26153,25565,26460,26606,26376,27188,26172,25663,26515,26624,26375,27207,26202,25645,26537,26631,26336,27285,26209,25627,26512,26625,26345,27248,26197,25609,26504,26625,26345,27248,26197,25609,26504,26637,26388,27219,26138,25580,26472
2026-05-18,25764.0,541.0,25821.0,25480.0,25987,25700,26620,25553,24958,25865,26000,25713,26633,25432,24837,25745,25981,25694,26613,25461,24866,25773,26001,25714,26634,25495,24900,25807,25966,25713,26559,25528,25011,25876,25983,25729,26570,25558,24994,25868,25994,25695,26657,25566,24976,25873,25987,25700,26620,25553,24958,25865,25987,25700,26620,25553,24958,25865,25976,25722,26563,25460,24896,25770
2026-05-19,25597.0,486.5,25841.0,25589.0,25797,25540,26367,25406,24872,25688,25789,25532,26358,25287,24753,25568,25770,25513,26340,25312,24778,25593,25804,25547,26373,25343,24809,25624,25778,25551,26312,25385,24920,25698,25794,25565,26322,25412,24905,25691,25802,25535,26383,25418,24888,25690,25797,25540,26367,25406,24750,25688,25797,25540,26367,25406,24629,25688,25767,25539,26295,25311,24682,25590
2026-05-20,25647.0,456.7,25832.0,25531.0,25836,25593,26369,25469,24967,25732,25848,25606,26382,25382,24880,25645,25821,25579,26355,25393,24891,25656,25843,25601,26377,25415,24913,25678,25822,25604,26318,25459,25012,25742,25832,25617,26327,25473,24997,25735,25841,25589,26385,25480,24981,25735,25836,25593,26369,25469,24967,25732,25836,25593,26369,25469,24967,25732,25817,25603,26313,25391,24915,25653
2026-05-21,25798.0,439.4,25867.0,25291.0,25979,25746,26493,25628,25143,25880,25950,25718,26464,25539,25054,25791,25972,25740,26487,25563,25079,25815,25986,25754,26500,25580,25095,25832,25971,25756,26444,25623,25187,25889,25977,25770,26453,25632,25173,25883,25985,25742,26508,25638,25158,25882,25979,25746,26493,25628,25143,25880,25979,25746,26493,25628,25143,25880,25971,25764,26447,25561,25102,25812
2026-05-22,25602.0,477.5,25741.0,25160.0,25798,25546,26357,25416,24891,25690,25762,25510,26321,25294,24769,25568,25792,25541,26352,25332,24807,25607,25802,25551,26362,25369,24844,25644,25785,25557,26304,25412,24938,25701,25796,25571,26313,25420,24922,25694,25805,25541,26374,25428,24906,25694,25798,25546,26357,25416,24891,25690,25798,25546,26357,25416,24891,25690,25792,25566,26309,25331,24833,25604
2026-05-26,25454.0,476.1,25775.0,25416.0,25649,25398,26206,25267,24745,25542,25613,25362,26170,25115,24592,25389,25648,25397,26206,25188,24666,25463,25646,25395,26203,25221,24699,25496,25637,25409,26153,25264,24792,25553,25648,25423,26163,25273,24777,25546,25656,25394,26223,25281,24760,25545,25649,25398,26206,25267,24745,25542,25649,25398,26206,25267,24745,25542,25648,25423,26163,25188,24691,25461
2026-05-27,25530.0,447.1,25665.0,25141.0,25713,25478,26236,25355,24864,25612,25681,25445,26204,25214,24723,25471,25714,25478,26237,25283,24791,25540,25719,25483,26242,25318,24827,25575,25701,25488,26187,25352,24908,25623,25712,25501,26196,25360,24894,25616,25720,25473,26252,25367,24879,25616,25713,25478,26236,25355,24864,25612,25713,25478,26236,25355,24864,25612,25714,25503,26198,25281,24815,25538
2026-05-28,25281.0,487.9,25257.0,24679.0,25481,25224,26052,25090,24555,25371,25454,25197,26025,24941,24406,25222,25486,25229,26057,25007,24472,25288,25481,25224,26052,25040,24505,25321,25463,25235,25998,25080,24602,25382,25477,25249,26008,25094,24587,25375,25487,25219,26069,25103,24570,25375,25481,25224,26052,25090,24555,25371,25481,25224,26052,25090,24555,25371,25484,25256,26014,25006,24498,25287
2026-05-29,25069.0,512.2,25307.0,25019.0,25279,25009,25878,24867,24306,25163,25190,24921,25790,24681,24120,24977,25278,25009,25878,24772,24211,25068,25280,25010,25879,24817,24256,25113,25256,25020,25821,24858,24356,25175,25275,25036,25832,24873,24340,25168,25283,25004,25897,24881,24323,25167,25279,25009,25878,24867,24306,25163,25279,25009,25878,24867,24306,25163,25276,25037,25833,24771,24239,25067
2026-06-01,25192.0,447.2,25474.0,25080.0,25375,25140,25898,25017,24526,25274,25305,25070,25828,24891,24401,25149,25366,25131,25889,24920,24430,25178,25375,25139,25898,24967,24477,25225,25355,25150,25849,25008,24570,25285,25372,25163,25858,25022,24556,25278,25380,25135,25914,25029,24540,25278,25375,25140,25898,25017,24526,25274,25375,25140,25898,25017,24526,25274,25364,25155,25850,24920,24454,25176
2026-06-02,25311.0,460.2,26068.0,25168.0,25500,25257,26037,25131,24626,25395,25468,25226,26006,25063,24558,25327,25490,25248,26028,25037,24532,25301,25502,25259,26039,25086,24581,25350,25482,25267,25987,25121,24671,25406,25498,25281,25996,25137,24656,25400,25505,25253,26054,25143,24640,25399,25500,25257,26037,25131,24626,25395,25500,25257,26037,25131,24626,25395,25490,25273,25989,25037,24556,25300
2026-06-03,25932.0,584.4,25956.0,25361.0,26172,25864,26868,25705,25062,26039,26215,25906,26910,25648,25005,25982,26189,25881,26884,25617,24974,25951,26182,25873,26877,25659,25016,25993,26150,25876,26848,25691,25119,26053,26173,25894,26812,25711,25100,26045,26178,25858,26893,25719,25080,26044,26172,25864,26868,25705,25062,26039,26172,25864,26868,25705,25062,26039,26191,25912,26830,25617,25006,25951
2026-06-04,25380.0,541.0,25455.0,25041.0,25602,25317,26246,25169,24575,25479,25618,25333,26262,25059,24465,25369,25616,25331,26260,25070,24477,25380,25605,25320,26249,25108,24514,25418,25582,25329,26228,25157,24627,25492,25603,25345,26194,25176,24610,25484,25608,25311,26270,25183,24592,25484,25602,25317,26246,25169,24575,25479,25602,25317,26246,25169,24575,25479,25619,25361,26210,25071,24506,25380
2026-06-05,25233.0,499.5,25171.0,24574.0,25438,25175,26032,25037,24490,25324,25439,25176,26034,24908,24361,25195,25424,25161,26019,24928,24381,25215,25442,25179,26036,24978,24431,25265,25419,25186,26016,25027,24538,25337,25436,25201,25985,25043,24522,25329,25443,25170,26055,25051,24505,25329,25438,25175,26032,25037,24490,25324,25438,25175,26032,25037,24490,25324,25424,25188,25973,24928,24407,25215
2026-06-08,24576.0,538.1,24803.0,24418.0,24796,24512,25437,24364,23775,24674,24782,24498,25423,24222,23634,24532,24772,24487,25412,24232,23644,24542,24778,24494,25418,24277,23689,24587,24772,24510,25419,24342,23827,24688,24795,24511,25386,24371,23810,24680,24803,24508,25461,24380,23792,24679,24796,24512,25437,24364,23775,24674,24796,24512,25437,24364,23775,24674,24772,24488,25363,24234,23673,24542
2026-06-09,24605.0,501.4,24734.0,24228.0,24810,24545,25407,24408,23859,24696,24803,24538,25399,24298,23749,24585,24788,24523,25385,24277,23727,24564,24795,24530,25391,24323,23774,24610,24788,24544,25391,24387,23907,24709,24809,24545,25360,24416,23891,24702,24817,24541,25430,24424,23874,24701,24810,24545,25407,24408,23859,24696,24810,24545,25407,24408,23859,24696,24789,24524,25339,24278,23754,24564
2026-06-10,24478.0,500.8,24505.0,24169.0,24683,24418,25278,24281,23733,24569,24655,24391,25251,24137,23590,24425,24653,24388,25248,24138,23591,24426,24665,24401,25261,24187,23639,24475,24660,24417,25263,24260,23781,24582,24680,24418,25232,24288,23765,24575,24689,24414,25302,24296,23748,24574,24683,24418,25278,24281,23733,24569,24683,24418,25278,24281,23733,24569,24651,24390,25203,24139,23617,24426
2026-06-11,24330.0,455.0,24458.0,23951.0,24515,24276,25057,24151,23653,24412,24475,24235,25016,24017,23520,24279,24482,24242,25023,24010,23512,24271,24498,24259,25040,24061,23563,24322,24496,24274,25043,24132,23697,24424,24510,24275,25015,24156,23683,24418,24520,24272,25079,24164,23667,24417,24515,24276,25057,24151,23653,24412,24515,24276,25057,24151,23653,24412,24478,24244,24983,24009,23536,24271
2026-06-12,24370.0,495.6,24774.0,24369.0,24571,24311,25162,24175,23633,24459,24547,24287,25138,24062,23521,24347,24515,24255,25105,24025,23484,24310,24550,24291,25141,24081,23539,24366,24549,24309,25147,24148,23681,24473,24563,24311,25116,24177,23665,24466,24577,24307,25185,24189,23648,24465,24571,24311,25162,24175,23633,24459,24571,24311,25162,24175,23633,24459,24509,24256,25062,24022,23510,24311
2026-06-15,24712.0,474.6,25033.0,24783.0,24905,24655,25470,24525,24006,24797,24899,24649,25463,24417,23899,24690,24867,24617,25432,24408,23890,24681,24893,24643,25457,24438,23919,24710,24884,24654,25456,24500,24052,24810,24900,24655,25426,24530,24037,24804,24912,24652,25493,24539,24020,24803,24905,24655,25470,24525,24006,24797,24905,24655,25470,24525,24006,24797,24864,24619,25391,24408,23915,24682
2026-06-16,24799.0,425.9,24830.0,24369.0,24973,24748,25479,24631,24166,24876,24970,24745,25475,24543,24077,24787,24956,24731,25461,24553,24088,24797,24961,24736,25467,24546,24081,24790,24953,24747,25467,24608,24206,24889,24967,24748,25440,24636,24193,24881,24979,24745,25500,24645,24178,24881,24973,24748,25479,24631,24166,24876,24973,24748,25479,24631,24166,24876,24953,24733,25425,24552,24109,24798
2026-06-17,24500.0,455.3,24540.0,24162.0,24685,24446,25227,24321,23823,24582,24611,24371,25152,24202,23705,24463,24669,24430,25210,24233,23736,24494,24664,24424,25205,24230,23732,24491,24665,24444,25214,24296,23867,24596,24680,24445,25185,24325,23852,24588,24692,24442,25249,24335,23837,24587,24685,24446,25227,24321,23823,24582,24685,24446,25227,24321,23823,24582,24666,24432,25172,24232,23759,24495
2026-06-18,24200.0,436.7,24235.0,23743.0,24377,24148,24897,24028,23551,24278,24309,24080,24829,23928,23451,24179,24351,24122,24871,23923,23446,24173,24357,24128,24876,23937,23461,24188,24358,24146,24884,24004,23593,24292,24370,24148,24857,24030,23579,24284,24384,24145,24918,24041,23564,24284,24377,24148,24897,24028,23551,24278,24377,24148,24897,24028,23551,24278,24347,24125,24834,23920,23468,24174
2026-06-22,23839.0,450.4,23962.0,23435.0,24021,23785,24557,23661,23170,23920,23954,23718,24490,23546,23054,23804,23989,23753,24524,23539,23048,23797,24002,23766,24538,23568,23076,23826,23999,23784,24545,23635,23212,23934,24014,23785,24517,23664,23198,23926,24028,23782,24580,23675,23183,23926,24021,23785,24557,23661,23170,23920,24021,23785,24557,23661,23170,23920,23984,23755,24487,23536,23071,23799
2026-06-23,23825.0,470.0,23822.0,23257.0,24015,23769,24574,23640,23127,23909,23969,23723,24528,23548,23035,23817,23985,23739,24544,23523,23010,23792,23997,23751,24557,23539,23027,23809,23984,23767,24562,23607,23171,23924,24008,23795,24532,23642,23156,23916,24021,23765,24598,23653,23140,23915,24015,23769,24574,23640,23127,23909,24015,23769,24574,23640,23127,23909,23981,23768,24506,23520,23034,23794
2026-06-24,23485.0,494.6,23541.0,23249.0,23685,23426,24273,23290,22750,23573,23618,23360,24207,23154,22615,23438,23648,23389,24236,23167,22627,23450,23666,23407,24254,23189,22649,23472,23646,23424,24260,23252,22797,23589,23675,23453,24229,23290,22781,23580,23691,23422,24299,23303,22764,23580,23685,23302,24273,23290,22627,23573,23685,23179,24273,23290,22503,23573,23641,23296,24196,23162,22530,23452
2026-06-25,23312.0,432.9,23443.0,22890.0,23486,23260,24002,23141,22669,23389,23413,23187,23928,23020,22548,23267,23436,23210,23951,23008,22537,23256,23462,23236,23977,23038,22566,23286,23453,23259,23990,23107,22710,23403,23478,23284,23963,23141,22696,23396,23493,23257,24024,23153,22681,23395,23486,23152,24002,23141,22561,23389,23486,23044,24002,23141,22453,23389,23432,23129,23917,23004,22451,23258
2026-06-26,22963.0,483.2,22981.0,22480.0,23157,22906,23732,22772,22245,23049,23097,22846,23673,22637,22110,22913,23107,22855,23682,22638,22111,22914,23135,22883,23710,22664,22137,22940,23120,22904,23720,22734,22291,23065,23148,22932,23690,22772,22275,23056,23165,22902,23758,22785,22259,23056,23157,22785,23732,22772,22125,23049,23157,22664,23732,22772,22004,23049,23103,22765,23644,22634,22016,22917
2026-06-29,22881.0,480.4,23153.0,22733.0,23073,22824,23646,22691,22168,22966,23002,22752,23574,22547,22023,22821,23026,22776,23598,22563,22039,22838,23049,22800,23622,22579,22056,22854,23037,22822,23634,22650,22213,22982,23065,22850,23604,22691,22197,22974,23081,22820,23671,22704,22181,22973,23073,22704,23646,22691,22047,22966,23073,22584,23646,22691,21927,22966,23022,22687,23561,22559,21945,22841
2026-06-30,22985.0,464.1,23055.0,22632.0,23171,22930,23724,22802,22296,23067,23087,22846,23640,22642,22136,22907,23126,22885,23678,22668,22162,22933,23144,22903,23697,22687,22181,22952,23136,22928,23712,22765,22339,23083,23163,22955,23683,22802,22325,23075,23179,22926,23748,22814,22309,23074,23171,22930,23724,22802,22296,23067,23171,22930,23724,22802,22296,23067,23123,22915,23643,22664,22187,22937
2026-07-02,22993.0,455.0,23292.0,22801.0,23175,22939,23717,22813,22318,23073,23067,22831,23609,22611,22115,22871,23119,22883,23661,22668,22172,22928,23143,22906,23684,22693,22198,22953,23140,22937,23706,22774,22360,23089,23165,22964,23678,22813,22346,23081,23183,22935,23742,22825,22330,23080,23175,22939,23717,22813,22318,23073,23175,22939,23717,22813,22318,23073,23115,22913,23627,22663,22196,22932
2026-07-03,22982.0,481.9,23458.0,23047.0,23175,22925,23748,22791,22267,23067,23093,22842,23666,22614,22089,22889,23097,22846,23670,22643,22119,22919,23145,22894,23718,22673,22149,22949,23139,22923,23737,22753,22312,23084,23165,22951,23707,22790,22296,23075,23183,22921,23775,22802,22280,23075,23175,22925,23748,22791,22267,23067,23175,22925,23748,22791,22267,23067,23092,22878,23634,22638,22145,22924
2026-07-06,23192.0,465.8,23622.0,23173.0,23380,23137,23933,23008,22501,23274,23340,23097,23893,22872,22365,23138,23326,23083,23879,22890,22383,23156,23360,23117,23913,22900,22393,23166,23343,23135,23876,22971,22544,23260,23371,23162,23893,23006,22529,23282,23387,23133,23958,23020,22513,23281,23380,23137,23933,23008,22501,23274,23380,23137,23933,23008,22501,23274,23323,23114,23846,22885,22408,23161
2026-07-07,23516.0,468.4,23752.0,23335.0,23705,23460,24260,23331,22821,23598,23704,23459,24259,23240,22730,23507,23671,23426,24226,23228,22718,23495,23681,23437,24237,23225,22715,23492,23674,23459,24204,23294,22864,23584,23698,23486,24221,23329,22850,23606,23712,23457,24287,23344,22834,23606,23705,23460,24260,23331,22821,23598,23705,23460,24260,23331,22821,23598,23671,23458,24193,23223,22744,23500
2026-07-08,23437.0,457.8,24250.0,23376.0,23622,23383,24164,23256,22758,23517,23632,23392,24174,23188,22690,23449,23604,23364,24146,23176,22678,23437,23601,23361,24143,23150,22652,23411,23592,23381,24110,23220,22800,23504,23618,23407,24126,23256,22786,23525,23630,23379,24190,23268,22770,23525,23622,23383,24164,23256,22758,23517,23622,23383,24164,23256,22758,23517,23606,23396,24114,23173,22703,23443
2026-07-09,23928.0,562.6,24285.0,23811.0,24156,23861,24836,23706,23094,24026,24247,23953,24928,23688,23076,24009,24168,23874,24849,23629,23017,23950,24151,23857,24832,23602,22989,23922,24128,23859,24810,23663,23145,24010,24155,23892,24837,23706,23127,24037,24166,23857,24857,23722,23108,24036,24156,23861,24977,23706,23094,24026,24156,23861,25118,23706,23094,24026,24174,23911,24997,23628,23049,23958
2026-07-10,24003.0,509.4,24449.0,24000.0,24209,23943,24825,23802,23248,24092,24328,24062,24944,23799,23244,24089,24232,23966,24848,23740,23185,24030,24206,23939,24822,23700,23145,23990,24187,23941,24801,23766,23294,24077,24208,23970,24826,23802,23278,24101,24218,23938,24844,23817,23261,24101,24209,23943,24953,23802,23248,24219,24209,23943,25080,23802,23248,24347,24238,24000,24983,23738,23214,24165
2026-07-13,24187.0,511.2,24396.0,24047.0,24395,24126,25012,23985,23429,24276,24542,24274,25159,24027,23471,24318,24439,24170,25056,23939,23382,24229,24400,24131,25017,23892,23335,24182,24373,24124,24988,23950,23476,24262,24395,24154,25013,23988,23460,24286,24404,24122,25031,24001,23442,24285,24395,24126,25140,23985,23429,24404,24395,24126,25267,23985,23429,24532,24446,24205,25191,23939,23412,24365
2026-07-14,24093.0,480.5,24585.0,23839.0,24289,24036,24868,23904,23381,24177,24454,24201,25033,23980,23458,24254,24336,24083,24915,23870,23347,24143,24285,24031,24863,23812,23290,24085,24268,24034,24836,23875,23425,24163,24289,24062,24869,23908,23409,24186,24296,24032,24886,23918,23393,24185,24289,24036,24988,23904,23381,24297,24289,24036,25108,23904,23381,24417,24343,24115,25043,23873,23374,24271
2026-07-15,24356.0,572.0,24918.0,24398.0,24590,24288,25278,24130,23509,24456,24777,24475,25465,24197,23575,24522,24641,24340,25330,24084,23462,24409,24597,24295,25285,24049,23427,24374,24568,24286,25241,24090,23560,24440,24592,24319,25280,24135,23542,24466,24599,24283,25301,24148,23522,24466,24590,24288,25421,24130,23509,24456,24590,24288,25564,24130,23509,24456,24650,24377,25481,24087,23494,24419
2026-07-16,24790.0,527.5,25206.0,24724.0,25006,24728,25640,24582,24009,24882,25237,24959,25871,24692,24119,24992,25067,24789,25702,24536,23963,24836,25028,24750,25662,24520,23947,24820,24986,24725,25606,24545,24056,24867,25008,24756,25642,24586,24039,24892,25014,24723,25661,24598,24021,24891,25006,24728,25772,24582,24009,24882,25006,24728,25904,24582,24009,24882,25075,24823,25841,24539,23992,24844
2026-07-17,24883.0,522.6,25131.0,24317.0,25097,24821,25725,24677,24110,24974,25336,25061,25964,24802,24235,25099,25176,24900,25804,24651,24083,24948,25128,24852,25756,24620,24053,24917,25077,24819,25692,24640,24156,24959,25101,24849,25727,24683,24139,24984,25105,24817,25746,24693,24121,24983,25097,24821,25856,24677,24110,24974,25097,24821,25986,24677,24110,24974,25185,24933,25942,24655,24112,24957
2026-07-20,24565.0,589.1,25221.0,24592.0,24807,24495,25514,24333,23693,24668,25021,24710,25728,24397,23757,24731,24894,24583,25601,24297,23657,24631,24837,24526,25545,24262,23623,24597,24791,24493,25476,24291,23745,24651,24810,24527,25517,24338,23727,24679,24816,24490,25538,24350,23707,24678,24807,24495,25661,24333,23693,24668,24807,24495,25808,24333,23693,24668,24903,24619,25757,24300,23689,24641
2026-07-21,25032.0,598.5,25236.0,24922.0,25278,24961,25996,24796,24147,25136,25510,25193,26227,24869,24220,25209,25394,25077,26111,24787,24138,25127,25320,25003,26037,24731,24081,25071,25268,24959,25958,24754,24199,25119,25281,24993,25999,24801,24180,25148,25288,24956,26020,24814,24160,25147,25278,24961,26145,24796,24147,25136,25278,24961,26295,24796,24147,25136,25401,25113,26268,24791,24170,25137
2026-07-22,24946.0,510.2,25050.0,24791.0,25155,24886,25767,24745,24192,25035,25378,25109,25990,24830,24277,25120,25271,25002,25883,24754,24200,25043,25198,24929,25810,24691,24138,24981,25147,24883,25735,24715,24236,25020,25156,24913,25770,24749,24220,25044,25165,24881,25788,24762,24203,25044,25155,24886,25767,24745,24192,25035,25155,24886,25767,24745,24192,25035,25277,25033,25890,24756,24227,25052
2026-07-23,24974.0,476.3,25264.0,24821.0,25169,24918,25741,24787,24270,25057,25319,25067,25890,24865,24348,25135,25290,25038,25861,24817,24300,25087,25211,24960,25782,24741,24224,25010,25157,24916,25711,24759,24311,25044,25169,24943,25744,24790,24296,25066,25178,24914,25761,24803,24280,25066,25169,24918,25741,24787,24270,25057,25169,24918,25741,24787,24270,25057,25293,25067,25868,24819,24325,25095
2026-07-24,24850.0,509.8,25089.0,24806.0,25059,24790,25670,24651,24097,24939,25205,24936,25816,24722,24168,25009,25192,24922,25803,24685,24131,24972,25100,24831,25711,24602,24048,24889,25046,24788,25639,24619,24141,24924,25059,24817,25674,24655,24125,24948,25069,24785,25692,24667,24107,24948,25059,24790,25670,24651,24097,24939,25059,24790,25670,24651,24097,24939,25194,24953,25809,24687,24157,24981
2026-07-27,24994.0,441.0,25337.0,24901.0,25175,24942,25703,24823,24343,25071,25301,25067,25828,24889,24409,25137,25312,25078,25839,24877,24397,25125,25219,24985,25746,24783,24303,25030,25168,24940,25676,24802,24381,25058,25176,24965,25706,24825,24367,25079,25183,24938,25722,24837,24351,25079,25175,24942,25703,24823,24343,25181,25175,24942,25703,24823,24343,25291,25315,25104,25845,24877,24419,25242
2026-07-28,25253.0,461.3,25530.0,25043.0,25443,25199,25995,25075,24572,25333,25585,25340,26136,25143,24640,25401,25597,25352,26148,25147,24645,25406,25496,25251,26047,25047,24544,25305,25436,25196,25967,25052,24611,25320,25443,25223,25998,25076,24597,25342,25451,25194,26015,25089,24581,25342,25443,25199,25995,25075,24572,25448,25443,25199,25995,25075,24572,25564,25599,25378,26154,25147,24667,25528
2026-07-29,25436.0,484.0,25910.0,25442.0,25637,25379,26214,25248,24722,25520,25757,25499,26334,25320,24793,25591,25790,25532,26367,25317,24791,25589,25691,25433,26268,25216,24689,25487,25628,25377,26185,25218,24763,25507,25636,25405,26218,25249,24747,25529,25644,25375,26235,25263,24731,25529,25637,25379,26214,25248,24722,25520,25637,25379,26214,25248,24722,25520,25791,25560,26373,25316,24814,25596
2026-07-30,25901.0,503.1,26000.0,25624.0,26110,25842,26709,25707,25159,25988,26225,25957,26824,25771,25223,26052,26283,26015,26882,25794,25246,26075,26169,25900,26768,25677,25130,25959,26100,25839,26669,25674,25201,25973,26108,25868,26714,25707,25185,25998,26117,25837,26732,25722,25168,25998,26110,25842,26835,25707,25159,25988,26110,25842,26961,25707,25159,25988,26283,26043,27014,25792,25270,26083
2026-07-31,25989.0,479.6,26117.0,25607.0,26188,25933,26759,25803,25282,26072,26271,26016,26843,25844,25324,26114,26349,26094,26921,25886,25365,26156,26229,25974,26801,25771,25250,26040,26173,25930,26721,25770,25322,26058,26185,25958,26764,25802,25307,26082,26195,25928,26781,25818,25290,26081,26188,25933,26759,25803,25282,26072,26188,25933,26759,25803,25282,26072,26348,26121,26926,25883,25388,26163
2026-08-03,25883.0,515.6,26125.0,25795.0,26096,25822,26711,25682,25123,25972,26169,25896,26784,25740,25181,26030,26240,25966,26855,25743,25184,26033,26141,25868,26756,25653,25095,25944,26081,25820,26670,25648,25193,25957,26093,25850,26716,25680,25149,25983,26105,25818,26734,25699,25132,25982,26096,25822,26711,25682,25123,25972,26096,25822,26711,25682,25123,25972,26237,25994,26860,25739,25208,26041
2026-08-04,25935.0,472.7,26178.0,25668.0,26131,25879,26694,25751,25239,26017,26166,25914,26728,25795,25282,26060,26264,26013,26827,25810,25297,26075,26180,25929,26743,25729,25216,25994,26122,25891,26657,25722,25305,26003,26128,25904,26699,25751,25262,26026,26138,25875,26715,25766,25246,26026,26131,25879,26694,25751,25239,26017,26131,25879,26694,25751,25239,26017,26262,26038,26832,25807,25319,26083
2026-08-05,25885.0,505.2,25959.0,25616.0,26095,25826,26696,25688,25141,25972,26139,25869,26739,25710,25164,25995,26228,25959,26829,25742,25195,26026,26152,25883,26753,25675,25128,25959,26091,25838,26656,25657,25212,25958,26092,25852,26701,25686,25166,25983,26103,25821,26719,25705,25149,25982,26095,25826,26696,25688,25141,25972,26095,25826,26696,25688,25141,25972,26225,25986,26835,25738,25218,26034
2026-08-06,25639.0,460.1,25695.0,25365.0,25830,25585,26377,25459,24962,25718,25870,25626,26418,25469,24972,25729,25925,25680,26472,25503,25006,25763,25884,25639,26431,25442,24945,25702,25821,25596,26342,25429,25026,25705,25826,25609,26382,25457,24984,25728,25837,25581,26399,25474,24968,25727,25830,25585,26377,25459,24962,25718,25830,25585,26377,25459,24962,25718,25921,25704,26478,25499,25027,25770
2026-08-07,25514.0,451.0,25849.0,25378.0,25700,25461,26237,25336,24850,25592,25718,25479,26255,25335,24848,25590,25782,25543,26319,25371,24885,25626,25753,25514,26290,25322,24836,25578,25687,25472,26203,25304,24913,25579,25698,25485,26243,25335,24872,25601,25708,25457,26259,25352,24857,25601,25700,25461,26237,25336,24850,25592,25700,25461,26237,25336,24850,25592,25780,25567,26325,25368,24905,25634
2026-08-10,25764.0,471.7,25998.0,25698.0,25959,25709,26520,25579,25070,25845,25989,25738,26550,25566,25057,25832,26037,25786,26597,25606,25097,25872,26020,25769,26581,25569,25060,25835,25945,25720,26484,25545,25136,25832,25957,25733,26526,25578,25093,25855,25967,25704,26543,25596,25077,25855,25959,25709,26520,25579,25070,25845,25959,25709,26520,25579,25070,25845,26034,25811,26604,25603,25118,25880
2026-08-11,25942.0,437.9,26039.0,25499.0,26124,25891,26644,25771,25298,26017,26141,25908,26661,25762,25289,26008,26203,25970,26723,25801,25328,26047,26187,25954,26707,25769,25296,26015,26114,25901,26611,25738,25359,26005,26123,25914,26650,25771,25319,26027,26131,25886,26665,25786,25304,26026,26124,25891,26644,25771,25298,26017,26124,25891,26644,25771,25298,26017,26202,25993,26729,25799,25347,26054
2026-08-12,25511.0,473.0,25534.0,25281.0,25707,25456,26269,25326,24816,25592,25707,25456,26269,25292,24783,25559,25767,25516,26329,25345,24835,25612,25763,25511,26324,25312,24802,25579,25693,25467,26233,25287,24881,25579,25704,25480,26275,25324,24838,25602,25715,25451,26292,25343,24822,25602,25707,25456,26269,25326,24816,25592,25707,25456,26269,25326,24816,25592,25765,25541,26336,25342,24856,25620
2026-08-13,25294.0,412.5,25482.0,25168.0,25464,25246,25955,25132,24688,25365,25420,25201,25910,25075,24631,25308,25499,25281,25990,25135,24691,25369,25513,25294,26003,25110,24666,25344,25452,25256,25924,25098,24744,25353,25462,25267,25960,25131,24707,25374,25471,25242,25975,25147,24693,25373,25464,25246,25955,25132,24688,25365,25464,25246,25955,25132,24688,25365,25498,25303,25996,25133,24709,25376
2026-08-14,25191.0,416.9,25290.0,25055.0,25364,25142,25858,25028,24579,25263,25332,25110,25827,24982,24534,25218,25390,25168,25884,25026,24577,25261,25416,25195,25911,25014,24565,25249,25361,25152,25827,24997,24636,25251,25361,25164,25864,25026,24598,25271,25371,25138,25879,25043,24584,25271,25364,25142,25858,25028,24579,25263,25364,25142,25858,25028,24579,25263,25388,25191,25891,25023,24595,25269
2026-08-17,25247.0,379.4,25571.0,25249.0,25404,25203,25854,25099,24690,25312,25372,25171,25822,25076,24667,25289,25424,25223,25875,25117,24708,25330,25458,25257,25908,25090,24681,25303,25401,25212,25826,25074,24742,25302,25401,25222,25860,25097,24707,25320,25410,25199,25873,25112,24694,25320,25404,25203,25854,25099,24690,25312,25404,25203,25854,25099,24690,25312,25423,25244,25882,25114,24724,25337
2026-08-18,25354.0,398.7,25534.0,25212.0,25519,25307,25992,25199,24769,25422,25501,25289,25974,25180,24750,25403,25527,25316,26000,25211,24781,25435,25581,25369,26054,25201,24770,25424,25517,25317,25963,25172,24823,25411,25517,25328,25998,25196,24787,25431,25526,25303,26012,25213,24773,25431,25519,25307,25992,25199,24769,25422,25519,25307,25992,25199,24769,25422,25527,25338,26008,25208,24799,25443
2026-08-19,25379.0,375.1,25761.0,25263.0,25535,25335,25979,25234,24829,25443,25513,25314,25957,25225,24819,25434,25546,25346,25990,25241,24835,25450,25599,25399,26042,25242,24836,25451,25534,25344,25952,25210,24879,25433,25534,25355,25985,25231,24845,25451,25541,25331,25998,25246,24832,25451,25535,25335,25979,25234,24829,25443,25535,25335,25979,25234,24829,25443,25547,25368,25998,25238,24852,25458
2026-08-20,25699.0,424.1,25838.0,25547.0,25875,25650,26377,25535,25077,25772,25890,25664,26392,25536,25078,25772,25903,25677,26405,25541,25083,25777,25949,25724,26451,25553,25095,25790,25874,25659,26346,25508,25134,25760,25874,25672,26384,25532,25096,25781,25885,25645,26399,25549,25081,25780,25875,25650,26377,25535,25077,25878,25875,25650,26377,25535,25077,25984,25903,25701,26414,25538,25102,25893
2026-08-21,25694.0,387.7,26069.0,25673.0,25855,25649,26314,25545,25126,25760,25880,25673,26338,25556,25137,25772,25876,25670,26335,25549,25130,25765,25932,25726,26390,25564,25145,25780,25854,25658,26286,25525,25177,25750,25853,25669,26277,25541,25142,25769,25864,25645,26334,25557,25129,25768,25855,25649,26314,25545,25126,25857,25855,25649,26314,25545,25126,25954,25876,25692,26300,25547,25148,25871
2026-08-24,25894.0,422.7,25841.0,25414.0,26070,25845,26569,25731,25274,25966,26101,25876,26600,25751,25294,25986,26100,25875,26600,25735,25278,25970,26153,25928,26653,25760,25303,25995,26071,25855,26539,25710,25331,25955,26068,25867,26530,25729,25292,25976,26079,25840,26592,25745,25278,25975,26070,25845,26569,25731,25274,26072,26070,25845,26569,25731,25274,26178,26101,25899,26562,25734,25297,26086
2026-08-25,25606.0,428.6,25661.0,25386.0,25784,25555,26291,25441,24978,25679,25788,25559,26295,25417,24954,25656,25795,25566,26301,25424,24962,25663,25866,25637,26372,25469,25006,25707,25785,25553,26260,25419,25045,25668,25783,25555,26251,25437,24996,25689,25791,25552,26314,25454,24981,25688,25784,25555,26291,25441,24978,25679,25784,25555,26291,25441,24978,25679,25796,25567,26264,25422,24981,25674
2026-08-26,25616.0,398.4,25803.0,25586.0,25781,25569,26252,25462,25033,25684,25781,25569,26252,25460,25030,25682,25781,25569,26252,25445,25015,25666,25858,25645,26329,25488,25058,25710,25781,25567,26224,25436,25095,25673,25779,25568,26216,25458,25049,25693,25788,25565,26274,25475,25035,25693,25781,25569,26252,25462,25033,25684,25781,25569,26252,25462,25033,25684,25781,25571,26218,25442,25033,25677
2026-08-27,25597.0,360.8,25764.0,25412.0,25747,25554,26173,25458,25069,25659,25767,25574,26193,25473,25083,25673,25735,25542,26160,25437,25048,25638,25827,25634,26253,25491,25102,25692,25748,25563,26148,25440,25127,25649,25746,25554,26140,25455,25084,25667,25755,25551,26193,25469,25071,25666,25747,25554,26173,25458,25069,25659,25747,25554,26173,25458,25069,25659,25736,25544,26130,25436,25064,25647
2026-08-28,25436.0,387.9,25687.0,25323.0,25597,25390,26055,25286,24868,25502,25617,25410,26075,25293,24875,25509,25591,25384,26049,25267,24849,25483,25675,25468,26133,25318,24900,25534,25599,25400,26028,25267,24948,25492,25596,25389,26020,25282,24884,25511,25609,25387,26076,25298,24871,25511,25597,25390,26055,25286,24868,25502,25597,25390,26055,25286,24868,25502,25592,25386,26016,25265,24867,25494
2026-08-31,25510.0,387.5,25563.0,25244.0,25671,25464,26128,25361,24943,25576,25707,25500,26164,25368,24950,25584,25673,25466,26130,25353,24935,25568,25744,25537,26201,25387,24970,25603,25675,25474,26102,25346,25023,25566,25671,25463,26093,25357,24959,25585,25684,25461,26150,25373,24945,25584,25671,25464,26128,25361,24943,25576,25671,25464,26128,25361,24943,25576,25676,25468,26097,25352,24953,25579
2026-09-01,25389.0,369.4,25438.0,25139.0,25543,25345,25978,25246,24849,25452,25551,25354,25987,25227,24829,25433,25538,25340,25973,25227,24830,25433,25607,25409,26042,25266,24868,25472,25547,25355,25953,25233,24924,25442,25541,25345,25939,25243,24863,25460,25554,25342,25999,25258,24851,25460,25543,25345,25978,25246,24849,25452,25543,25345,25978,25246,24849,25452,25538,25342,25936,25226,24847,25444
2026-09-02,25198.0,361.9,25473.0,24953.0,25348,25155,25775,25058,24669,25260,25345,25152,25772,25027,24638,25228,25336,25142,25763,25038,24648,25239,25409,25215,25835,25075,24686,25277,25350,25164,25751,25040,24743,25250,25346,25155,25737,25054,24683,25268,25357,25152,25796,25069,24671,25268,25348,25155,25775,25058,24669,25260,25348,25155,25775,25058,24669,25260,25336,25144,25727,25036,24665,25250
2026-09-03,25373.0,424.0,25520.0,25107.0,25549,25323,26049,25208,24753,25445,25536,25309,26035,25164,24709,25400,25550,25323,26049,25186,24731,25423,25597,25370,26096,25220,24765,25456,25554,25333,26020,25188,24840,25434,25548,25322,26005,25204,24770,25455,25559,25319,26073,25222,24755,25454,25549,25323,26049,25208,24753,25445,25549,25323,26049,25208,24753,25445,25550,25325,26007,25184,24750,25435
2026-09-04,25422.0,413.1,25770.0,25432.0,25594,25373,26080,25261,24819,25492,25581,25360,26067,25205,24763,25436,25600,25379,26086,25238,24796,25470,25638,25417,26124,25267,24825,25498,25595,25383,26053,25236,24902,25468,25592,25372,26037,25257,24868,25502,25603,25370,26104,25275,24820,25501,25594,25373,26080,25261,24819,25492,25594,25373,26080,25261,24819,25492,25600,25380,26045,25238,24848,25482
2026-09-07,25653.0,402.5,25760.0,25241.0,25820,25605,26294,25497,25065,25721,25804,25589,26277,25445,25014,25670,25828,25612,26301,25481,25049,25705,25863,25647,26336,25502,25071,25727,25825,25615,26268,25478,25147,25698,25819,25605,26252,25492,25113,25731,25830,25602,26318,25509,25066,25730,25820,25605,26294,25497,25065,25721,25820,25605,26294,25497,25065,25721,25828,25614,26261,25479,25100,25718
2026-09-08,25253.0,439.0,25349.0,25156.0,25435,25201,25952,25082,24612,25328,25436,25201,25952,25036,24567,25282,25438,25203,25954,25047,24577,25293,25476,25241,25993,25079,24610,25325,25440,25212,25923,25062,24701,25302,25433,25200,25907,25078,24664,25338,25442,25197,25978,25096,24613,25337,25435,25201,25952,25082,24612,25328,25435,25201,25952,25082,24612,25328,25436,25204,25911,25046,24632,25306
2026-09-09,25282.0,369.2,25291.0,24958.0,25435,25238,25870,25139,24743,25345,25439,25242,25874,25106,24711,25312,25437,25240,25872,25121,24726,25327,25466,25269,25901,25140,24744,25346,25437,25248,25846,25121,24818,25323,25432,25238,25832,25135,24787,25353,25441,25235,25892,25150,24744,25353,25435,25238,25870,25139,24743,25345,25435,25238,25870,25139,24743,25345,25436,25242,25836,25121,24772,25339
2026-09-10,24978.0,383.4,24961.0,24656.0,25136,24932,25588,24828,24419,25043,25124,24920,25575,24765,24356,24980,25140,24936,25592,24804,24395,25019,25156,24952,25607,24818,24409,25033,25138,24942,25563,24805,24496,25021,25132,24932,25549,24825,24464,25052,25143,24929,25611,24840,24419,25052,25136,24932,25588,24828,24419,25043,25136,24932,25588,24828,24419,25043,25138,24937,25554,24804,24443,25031
2026-09-11,24667.0,363.7,24871.0,24516.0,24817,24624,25245,24524,24137,24729,24785,24592,25214,24449,24061,24653,24811,24618,25239,24490,24102,24694,24827,24634,25255,24506,24119,24711,24817,24633,25222,24501,24210,24708,24811,24623,25209,24522,24179,24737,24823,24621,25268,24535,24137,24737,24817,24624,25245,24524,24137,24729,24817,24624,25245,24524,24137,24729,24807,24619,25205,24491,24148,24706
2026-09-14,24759.0,377.9,25038.0,24593.0,24915,24714,25360,24610,24208,24823,24880,24679,25324,24530,24128,24743,24915,24714,25360,24574,24172,24787,24926,24725,25370,24601,24199,24814,24915,24724,25336,24589,24284,24801,24911,24714,25322,24608,24252,24832,24922,24711,25383,24622,24208,24832,24915,24714,25360,24610,24208,24823,24915,24714,25360,24610,24208,24823,24914,24716,25324,24575,24219,24799
2026-09-15,24989.0,392.7,24991.0,24587.0,25152,24942,25613,24834,24417,25055,25139,24930,25601,24764,24347,24985,25150,24940,25611,24789,24372,25011,25155,24946,25616,24818,24401,25039,25153,24952,25589,24815,24495,25033,25147,24942,25574,24829,24462,25065,25158,24939,25637,24847,24417,25064,25152,24942,25613,24834,24417,25055,25152,24942,25613,24834,24417,25055,25147,24942,25574,24788,24421,25024
2026-09-16,24720.0,400.5,24771.0,24365.0,24885,24672,25356,24562,24137,24788,24868,24655,25338,24478,24052,24704,24875,24662,25346,24504,24079,24730,24886,24673,25357,24537,24111,24762,24885,24683,25331,24543,24216,24765,24878,24672,25317,24552,24183,24797,24892,24669,25381,24574,24136,24797,24885,24672,25356,24562,24037,24788,24885,24672,25356,24562,23936,24788,24870,24664,25308,24498,24028,24743
2026-09-17,24365.0,402.7,24647.0,24298.0,24531,24317,25005,24206,23779,24433,24489,24275,24963,24113,23685,24340,24503,24290,24977,24137,23710,24364,24531,24317,25005,24175,23747,24401,24529,24327,24980,24187,23859,24410,24522,24317,24965,24195,23825,24443,24538,24314,25030,24218,23778,24442,24531,24317,25005,24206,23678,24433,24531,24317,25005,24206,23577,24433,24496,24292,24940,24130,23659,24378
2026-09-18,24617.0,402.6,24836.0,24575.0,24783,24569,25256,24458,24031,24685,24756,24542,25229,24384,23957,24611,24763,24549,25236,24393,23966,24620,24784,24570,25257,24428,24001,24655,24783,24579,25232,24443,24111,24662,24774,24569,25217,24447,24077,24695,24790,24566,25282,24471,24030,24694,24783,24569,25256,24458,24031,24685,24783,24569,25256,24458,24031,24685,24757,24552,25200,24386,24016,24634
