Date,全體等權,行業:公用,行業:原材料,行業:地產,行業:工業,行業:必需消費,行業:未分類,行業:科技,行業:能源,行業:通訊/互聯網,行業:醫療,行業:金融,行業:非必需消費,風格:低波,風格:動量,風格:大市值,風格:高息,SPY
2010-07-01,0.998138,0.996304,0.997541,0.997465,0.995756,1.002959,1.000066,0.998684,0.992598,1.007384,0.989862,0.993928,1.010360,0.998203,,,0.998341,0.995543
2010-07-02,0.990429,0.998739,0.996811,0.979377,0.985847,1.000676,0.984920,0.992885,0.990602,1.000710,0.992018,0.984664,0.995477,0.997360,,,0.995810,0.990118
2010-07-06,0.993255,1.010524,1.001215,0.969755,0.987169,1.009815,0.984124,0.996399,1.002563,1.004833,0.995917,0.989508,0.990321,1.005469,,,1.002066,0.996609
2010-07-07,1.027136,1.043658,1.036936,1.017037,1.020969,1.028518,1.022352,1.035819,1.039658,1.028701,1.014167,1.030837,1.021713,1.028272,,,1.031833,1.027998
2010-07-08,1.036692,1.051973,1.052204,1.025844,1.032449,1.040117,1.036384,1.039277,1.054768,1.039685,1.021097,1.040897,1.024148,1.037877,,,1.039755,1.038171
2010-07-09,1.046431,1.059473,1.067342,1.037314,1.043451,1.041494,1.049050,1.043937,1.057908,1.049933,1.023377,1.058890,1.036984,1.038818,,,1.046082,1.045921
2010-07-12,1.043794,1.063016,1.054391,1.044657,1.038755,1.042340,1.040612,1.047803,1.052711,1.054638,1.019974,1.053646,1.035599,1.038630,,,1.045294,1.046599
2010-07-13,1.063675,1.066615,1.078451,1.068523,1.060925,1.052158,1.061378,1.070501,1.065476,1.077606,1.032469,1.079712,1.065596,1.046476,,,1.056707,1.062391
2010-07-14,1.061730,1.066350,1.072735,1.063848,1.063173,1.053788,1.056363,1.077506,1.062140,1.075659,1.034880,1.068617,1.061142,1.047003,,,1.056083,1.062294
2010-07-15,1.062452,1.073417,1.070922,1.060907,1.061289,1.056258,1.055516,1.078700,1.063132,1.076470,1.038505,1.066085,1.065779,1.050008,,,1.060589,1.062585
2010-07-16,1.029595,1.053457,1.040396,1.026040,1.026021,1.040956,1.015039,1.048276,1.032430,1.040422,1.010758,1.024897,1.029762,1.032847,,,1.039112,1.033327
2010-07-19,1.037052,1.068889,1.040456,1.042867,1.031709,1.042890,1.023136,1.063649,1.046945,1.051526,1.017583,1.026235,1.032130,1.039800,,,1.051589,1.039430
2010-07-20,1.052872,1.077131,1.068914,1.066961,1.048483,1.054971,1.045057,1.072571,1.070648,1.063190,1.021502,1.040422,1.056276,1.048486,,,1.061906,1.050959
2010-07-21,1.038066,1.060673,1.062340,1.041674,1.047476,1.044291,1.030692,1.054906,1.055901,1.047856,1.002757,1.020388,1.037649,1.035359,,,1.046871,1.037299
2010-07-22,1.064595,1.079866,1.082029,1.078817,1.081509,1.056357,1.064091,1.084464,1.076438,1.072930,1.006262,1.054395,1.069902,1.046865,,,1.066502,1.060453
2010-07-23,1.076539,1.083989,1.098882,1.095180,1.101188,1.064908,1.081070,1.094724,1.077637,1.093540,1.009013,1.062135,1.088902,1.052738,,,1.072558,1.069657
2010-07-26,1.091582,1.091943,1.103574,1.120700,1.118485,1.072608,1.099620,1.106836,1.091809,1.105301,1.025180,1.077608,1.108372,1.060687,,,1.085699,1.080798
2010-07-27,1.085736,1.108628,1.090577,1.115786,1.103432,1.076545,1.087630,1.101711,1.083776,1.102212,1.016831,1.078331,1.094157,1.068672,,,1.093231,1.080701
2010-07-28,1.077201,1.102026,1.090995,1.117933,1.100642,1.064645,1.080025,1.088340,1.079016,1.095484,1.006538,1.066966,1.079535,1.063532,,,1.087299,1.073726
2010-07-29,1.073281,1.086576,1.091408,1.104961,1.100093,1.052443,1.082597,1.071047,1.074478,1.091533,1.000295,1.075509,1.076985,1.051580,,,1.081020,1.068494
2010-07-30,1.074130,1.078981,1.095792,1.112152,1.105714,1.056439,1.081325,1.062691,1.073007,1.097434,1.003315,1.075284,1.085245,1.051634,,,1.078895,1.068301
2010-08-02,1.097083,1.099958,1.120295,1.148836,1.128397,1.066144,1.107005,1.083979,1.110463,1.116050,1.023621,1.100039,1.106310,1.066460,,,1.101324,1.092424
2010-08-03,1.088016,1.096040,1.096293,1.136515,1.122250,1.062770,1.090708,1.081943,1.103102,1.104515,1.025902,1.086861,1.089668,1.064048,,,1.098473,1.087192
2010-08-04,1.096952,1.099161,1.103584,1.147066,1.130269,1.068892,1.098459,1.092371,1.106527,1.112090,1.038770,1.091875,1.111543,1.069261,,,1.100928,1.094458
2010-08-05,1.095375,1.101172,1.106495,1.136741,1.128438,1.063850,1.095914,1.087691,1.109463,1.124639,1.040757,1.088899,1.110808,1.068722,,,1.098409,1.093296
2010-08-06,1.091231,1.105007,1.104197,1.129828,1.124665,1.063778,1.087652,1.079984,1.094960,1.112095,1.046777,1.080575,1.111312,1.069914,,,1.098420,1.088839
2010-08-09,1.098906,1.110651,1.110224,1.142987,1.132777,1.067835,1.095377,1.085271,1.099887,1.118124,1.049911,1.093530,1.122655,1.074957,,,1.105343,1.094652
2010-08-10,1.090652,1.116585,1.100663,1.133990,1.121209,1.070167,1.083414,1.065749,1.092886,1.110172,1.050047,1.085979,1.109173,1.079114,,,1.105334,1.088742
2010-08-11,1.057169,1.095652,1.075257,1.099983,1.078102,1.052121,1.043758,1.035288,1.058527,1.087759,1.019300,1.045171,1.076226,1.061065,,,1.079469,1.058903
2010-08-12,1.051617,1.094708,1.078461,1.089440,1.070674,1.052318,1.033993,1.021200,1.049568,1.093118,1.020380,1.038878,1.074942,1.061001,,,1.077715,1.052412
2010-08-13,1.047531,1.097450,1.075866,1.089476,1.068023,1.049836,1.027180,1.017623,1.044891,1.084424,1.015287,1.034100,1.068293,1.060201,,,1.077431,1.049312
2010-08-16,1.047934,1.097814,1.078098,1.089820,1.066817,1.049564,1.033797,1.019185,1.044764,1.083624,1.010676,1.031277,1.068626,1.059895,,,1.077309,1.048828
2010-08-17,1.065440,1.108378,1.099343,1.119340,1.090129,1.058535,1.056898,1.032452,1.058581,1.094649,1.028114,1.044206,1.089601,1.068732,,,1.091851,1.061713
2010-08-18,1.067834,1.102794,1.104232,1.119568,1.092754,1.060472,1.061464,1.037547,1.049721,1.099272,1.028826,1.046438,1.097363,1.066499,,,1.089588,1.063650
2010-08-19,1.047320,1.087730,1.081893,1.089119,1.070246,1.050074,1.033910,1.026619,1.033119,1.079092,1.007953,1.021086,1.079208,1.054041,,,1.072346,1.045146
2010-08-20,1.046515,1.088615,1.081659,1.087636,1.067472,1.052426,1.034804,1.036742,1.018887,1.076207,1.001940,1.016468,1.078929,1.055655,,,1.072143,1.041755
2010-08-23,1.040870,1.095215,1.069471,1.079730,1.055221,1.051969,1.027502,1.026969,1.018353,1.070206,1.001326,1.011595,1.071014,1.058408,,,1.072650,1.037783
2010-08-24,1.025220,1.097779,1.048166,1.068072,1.037343,1.046433,1.010688,1.012523,1.002198,1.056250,0.976984,0.992545,1.052460,1.056200,,,1.067117,1.022379
2010-08-25,1.030440,1.098367,1.055195,1.085501,1.035898,1.047752,1.015941,1.018013,0.999386,1.064330,0.989073,0.995378,1.065928,1.057856,,,1.072469,1.026351
2010-08-26,1.022822,1.093019,1.061031,1.074936,1.032081,1.041933,1.007712,1.007939,0.988735,1.057837,0.979592,0.988038,1.053083,1.051131,,,1.064920,1.019473
2010-08-27,1.042705,1.114169,1.089794,1.094221,1.055533,1.049830,1.027290,1.026659,1.016935,1.073371,0.991010,1.014032,1.072781,1.063865,,,1.082321,1.035264
2010-08-30,1.024812,1.098420,1.073923,1.079978,1.037328,1.038479,1.008781,1.007274,1.000390,1.059388,0.978439,0.989412,1.052122,1.052237,,,1.068760,1.020248
2010-08-31,1.024193,1.102272,1.081054,1.088591,1.035172,1.042684,1.006653,0.998429,0.994080,1.062811,0.969954,0.995236,1.052385,1.054493,,,1.070069,1.020248
2010-09-01,1.057962,1.127540,1.106128,1.121800,1.077566,1.058704,1.045035,1.030746,1.031554,1.092582,0.995103,1.034005,1.093141,1.074376,,,1.094940,1.050765
2010-09-02,1.070671,1.126819,1.120547,1.140245,1.094349,1.062945,1.060364,1.047449,1.039227,1.100588,1.003552,1.044638,1.116262,1.076437,,,1.097707,1.060550
2010-09-03,1.086044,1.133688,1.130586,1.154468,1.108966,1.069796,1.079782,1.064973,1.049749,1.115981,1.016760,1.066139,1.133246,1.081777,,,1.108486,1.074307
2010-09-07,1.070310,1.127860,1.121810,1.136570,1.094550,1.064925,1.056193,1.053796,1.032824,1.099839,1.008449,1.038976,1.116915,1.077646,,,1.097847,1.062197
2010-09-08,1.077965,1.120830,1.129499,1.142791,1.105309,1.070484,1.069006,1.059041,1.042425,1.107916,1.010051,1.050343,1.126697,1.078810,,,1.100586,1.069657
2010-09-09,1.083396,1.129865,1.123130,1.135225,1.104991,1.071005,1.079583,1.063497,1.045265,1.118549,1.022229,1.060832,1.126772,1.084944,,,1.106356,1.074598
2010-09-10,1.087841,1.125168,1.129933,1.142229,1.113836,1.074697,1.085478,1.059388,1.054144,1.124721,1.029636,1.065023,1.133308,1.086773,,,1.107292,1.080023
2010-09-13,1.102018,1.130509,1.143695,1.154976,1.126929,1.075593,1.102627,1.088013,1.064424,1.133790,1.031200,1.085675,1.151035,1.087980,,,1.114161,1.092036
2010-09-14,1.101686,1.129553,1.146238,1.150872,1.124667,1.077580,1.099790,1.093793,1.061034,1.128899,1.037159,1.079147,1.154750,1.089823,,,1.113551,1.091358
2010-09-15,1.104347,1.123232,1.146550,1.158891,1.125002,1.085319,1.099838,1.096227,1.056767,1.136183,1.048316,1.083595,1.155902,1.093686,,,1.116359,1.095524
2010-09-16,1.102562,1.117694,1.151242,1.150037,1.121513,1.088459,1.096795,1.103020,1.049635,1.131107,1.046070,1.079840,1.154340,1.092143,,,1.112151,1.095233
2010-09-17,1.104754,1.115728,1.151364,1.155312,1.131072,1.084696,1.101248,1.105475,1.044021,1.141097,1.047266,1.077240,1.160845,1.092691,,,1.114039,1.095643
2010-09-20,1.123465,1.130642,1.164048,1.178739,1.150647,1.096201,1.123089,1.121547,1.059196,1.168069,1.062671,1.099840,1.182202,1.105034,,,1.129675,1.112395
2010-09-21,1.118548,1.125052,1.163269,1.160088,1.151938,1.091257,1.112404,1.120078,1.056435,1.168057,1.065766,1.090547,1.176447,1.101185,,,1.122465,1.110155
2010-09-22,1.111690,1.130213,1.166074,1.153747,1.143811,1.093079,1.107585,1.103794,1.050529,1.166139,1.061824,1.074072,1.168710,1.104672,,,1.122081,1.104701
2010-09-23,1.101208,1.117399,1.150324,1.131430,1.127706,1.087020,1.100101,1.105234,1.041332,1.155138,1.054948,1.055369,1.159292,1.095754,,,1.110686,1.095740
2010-09-24,1.128066,1.135169,1.172282,1.168539,1.159814,1.100529,1.124347,1.137778,1.068387,1.179451,1.075207,1.088471,1.190504,1.109587,,,1.131675,1.118337
2010-09-27,1.121484,1.137233,1.169261,1.153925,1.153944,1.093655,1.116326,1.134266,1.062178,1.183529,1.063826,1.077701,1.187420,1.107264,,,1.127981,1.112980
2010-09-28,1.131030,1.141161,1.179938,1.162868,1.161502,1.099141,1.134282,1.141412,1.070539,1.181864,1.077069,1.084624,1.197806,1.112583,,,1.134902,1.116876
2010-09-29,1.128979,1.136862,1.172157,1.149596,1.162155,1.095978,1.136722,1.144007,1.085184,1.178517,1.072901,1.077620,1.190501,1.109013,,,1.131838,1.114928
2010-09-30,1.126639,1.132366,1.164772,1.148324,1.158615,1.093384,1.134918,1.137760,1.088567,1.176873,1.074138,1.077687,1.185789,1.105616,,,1.128921,1.111616
2010-10-01,1.130524,1.140919,1.174410,1.155615,1.160157,1.095773,1.137913,1.136413,1.103925,1.184547,1.075025,1.083342,1.188574,1.110428,,,1.133339,1.116291
2010-10-04,1.121599,1.136825,1.161492,1.158232,1.147832,1.090427,1.128731,1.121643,1.092481,1.176998,1.061647,1.075812,1.185088,1.106708,,,1.131266,1.107915
2010-10-05,1.145500,1.150669,1.192432,1.171124,1.180248,1.101331,1.156835,1.144380,1.117540,1.203903,1.082766,1.104391,1.206631,1.119653,,,1.149289,1.130219
2010-10-06,1.142343,1.146568,1.201067,1.169198,1.182337,1.104482,1.153226,1.127809,1.124519,1.197608,1.076103,1.103284,1.200502,1.119889,,,1.147947,1.130122
2010-10-07,1.140719,1.147657,1.187295,1.168226,1.179624,1.103127,1.148853,1.135117,1.122151,1.194356,1.077760,1.098512,1.198385,1.116898,,,1.146440,1.128758
2010-10-08,1.149223,1.151209,1.208985,1.170491,1.190464,1.104047,1.168512,1.138414,1.135447,1.200011,1.081063,1.102959,1.208866,1.118341,,,1.151086,1.135089
2010-10-11,1.149799,1.152764,1.207679,1.171566,1.188731,1.105493,1.170127,1.138460,1.137516,1.200918,1.082956,1.102399,1.209693,1.119663,,,1.154711,1.136161
2010-10-12,1.152776,1.148704,1.210087,1.182221,1.184633,1.107044,1.170803,1.148749,1.134642,1.200528,1.084012,1.113509,1.212728,1.118422,,,1.154646,1.139667
2010-10-13,1.161764,1.151421,1.225111,1.195925,1.201873,1.115507,1.179454,1.155854,1.156529,1.208807,1.092430,1.118507,1.215525,1.124239,,,1.159723,1.148530
2010-10-14,1.155675,1.149554,1.215523,1.191917,1.194494,1.116760,1.166915,1.152373,1.153919,1.201238,1.088806,1.106259,1.216631,1.125030,,,1.155505,1.144050
2010-10-15,1.157511,1.153429,1.214755,1.188751,1.191532,1.118826,1.165919,1.166070,1.159788,1.227052,1.094465,1.096893,1.222844,1.126594,,,1.158037,1.146387
2010-10-18,1.163362,1.161342,1.216620,1.198990,1.192919,1.121039,1.164877,1.164177,1.166306,1.237634,1.104477,1.118830,1.224830,1.131706,,,1.161485,1.152037
2010-10-19,1.145155,1.154643,1.191300,1.183312,1.175113,1.106987,1.142644,1.146398,1.137851,1.220080,1.081285,1.105116,1.205224,1.121576,,,1.148649,1.136940
2010-10-20,1.157591,1.163652,1.213423,1.208579,1.192036,1.116919,1.152977,1.157802,1.152309,1.237397,1.091033,1.114433,1.218086,1.128958,,,1.161598,1.148043
2010-10-21,1.159418,1.157480,1.213236,1.207652,1.200780,1.120071,1.150319,1.158304,1.143320,1.236659,1.097382,1.116379,1.228712,1.130230,,,1.160554,1.150576
2010-10-22,1.163235,1.155030,1.209687,1.205564,1.200219,1.122827,1.153959,1.170631,1.149982,1.239414,1.100527,1.118001,1.242974,1.130400,,,1.159619,1.152718
2010-10-25,1.167357,1.153257,1.226383,1.211814,1.204556,1.124283,1.158669,1.181122,1.151187,1.248801,1.105603,1.115797,1.248357,1.131022,,,1.162041,1.156127
2010-10-26,1.166336,1.150819,1.221014,1.205605,1.199346,1.117782,1.158508,1.179256,1.149521,1.253645,1.103419,1.118218,1.257359,1.127655,,,1.159525,1.156322
2010-10-27,1.162905,1.145625,1.206902,1.192378,1.189415,1.111426,1.151542,1.187030,1.147064,1.254734,1.103553,1.121520,1.251120,1.123015,,,1.154498,1.153011
2010-10-28,1.162571,1.149550,1.208114,1.186338,1.191821,1.114551,1.144851,1.190050,1.142270,1.263978,1.106317,1.117566,1.252997,1.127260,,,1.158504,1.153205
2010-10-29,1.164711,1.151482,1.216070,1.192806,1.194975,1.125196,1.145396,1.192391,1.144081,1.260175,1.101868,1.116312,1.259666,1.130962,,,1.160613,1.154082
2010-11-01,1.163644,1.142984,1.215861,1.203534,1.197819,1.123909,1.140277,1.191227,1.145135,1.260761,1.104701,1.114917,1.256142,1.128056,,,1.157879,1.154472
2010-11-02,1.174163,1.157219,1.233397,1.209757,1.210948,1.123431,1.149570,1.202672,1.160843,1.272173,1.114415,1.121521,1.275781,1.134990,,,1.167395,1.163627
2010-11-03,1.176770,1.154310,1.227693,1.207826,1.209895,1.126223,1.152024,1.207622,1.158474,1.272671,1.115818,1.134537,1.276909,1.134280,,,1.168363,1.168302
2010-11-04,1.201092,1.165754,1.262398,1.244188,1.235121,1.136908,1.180818,1.230387,1.192920,1.293527,1.125751,1.169008,1.301579,1.145322,,,1.185375,1.190801
2010-11-05,1.207723,1.165341,1.270960,1.253782,1.239323,1.134484,1.192566,1.234802,1.193416,1.295811,1.126150,1.184153,1.313708,1.144901,,,1.186924,1.195282
2010-11-08,1.205573,1.157949,1.278989,1.253706,1.235469,1.131454,1.193500,1.235231,1.202333,1.298478,1.122804,1.172413,1.315671,1.140158,,,1.183301,1.193042
2010-11-09,1.192881,1.152574,1.258895,1.212557,1.223593,1.122126,1.179345,1.226838,1.204885,1.289521,1.117319,1.152277,1.302034,1.134523,,,1.171073,1.184471
2010-11-10,1.197851,1.147471,1.265848,1.231935,1.226596,1.120548,1.179721,1.228164,1.221917,1.292695,1.120798,1.161928,1.319135,1.132646,,,1.172288,1.189243
2010-11-11,1.196364,1.147951,1.275528,1.225093,1.220845,1.121397,1.184251,1.211748,1.238712,1.282593,1.123975,1.154277,1.323169,1.131557,,,1.171327,1.184763
2010-11-12,1.181389,1.137059,1.247340,1.208767,1.206268,1.118082,1.166059,1.201734,1.225045,1.279832,1.111647,1.135331,1.298530,1.125120,,,1.161471,1.170737
2010-11-15,1.179582,1.141576,1.235489,1.198782,1.208847,1.120670,1.162209,1.196864,1.217330,1.271474,1.107382,1.140671,1.292077,1.127200,,,1.161899,1.169081
2010-11-16,1.159656,1.127481,1.211772,1.155766,1.189690,1.109137,1.146062,1.172676,1.192737,1.251301,1.090327,1.118607,1.271799,1.113820,,,1.141699,1.150868
2010-11-17,1.162362,1.126262,1.212538,1.165171,1.192194,1.113733,1.152474,1.171594,1.200288,1.265588,1.093811,1.113763,1.277931,1.114367,,,1.141553,1.151452
2010-11-18,1.178910,1.132996,1.234606,1.178231,1.213009,1.126781,1.169168,1.195895,1.227329,1.281361,1.108102,1.127862,1.290853,1.124387,,,1.152515,1.168400
2010-11-19,1.183140,1.129171,1.238534,1.184585,1.217121,1.130123,1.177020,1.206442,1.235023,1.282306,1.110517,1.127191,1.296443,1.124413,,,1.152812,1.171614
2010-11-22,1.183665,1.132927,1.242868,1.186711,1.216067,1.135506,1.178221,1.213624,1.230805,1.280039,1.111139,1.115127,1.304536,1.125512,,,1.154150,1.170640
2010-11-23,1.169507,1.121032,1.228418,1.175540,1.199631,1.126798,1.175577,1.197139,1.207752,1.260814,1.094949,1.094964,1.283871,1.115433,,,1.142836,1.153692
2010-11-24,1.188246,1.127477,1.249321,1.201701,1.228427,1.136617,1.189520,1.222151,1.229244,1.278236,1.106448,1.113613,1.312267,1.123246,,,1.153944,1.170737
2010-11-26,1.180511,1.121429,1.234841,1.194389,1.218725,1.130872,1.189420,1.214779,1.213168,1.270747,1.098496,1.101152,1.303597,1.117846,,,1.146655,1.157101
2010-11-29,1.178331,1.117345,1.237829,1.191504,1.217363,1.126261,1.186506,1.206278,1.221096,1.262230,1.095408,1.107224,1.295014,1.114440,,,1.144388,1.160608
2010-11-30,1.172986,1.116697,1.238446,1.186547,1.211738,1.125434,1.178589,1.196162,1.220576,1.252422,1.088081,1.100913,1.293539,1.113453,,,1.139819,1.154082
2010-12-01,1.198258,1.129228,1.268823,1.196731,1.243489,1.143353,1.202173,1.228463,1.254988,1.276986,1.111229,1.129402,1.319442,1.130403,,,1.157912,1.178627
2010-12-02,1.215925,1.133797,1.284890,1.218618,1.263630,1.147439,1.219166,1.248525,1.278629,1.286889,1.121595,1.158188,1.343108,1.134158,,,1.168922,1.193723
2010-12-03,1.221025,1.136991,1.292361,1.221474,1.267144,1.147613,1.232011,1.255555,1.288266,1.292862,1.123949,1.159396,1.346786,1.134480,,,1.169917,1.196938
2010-12-06,1.219305,1.132411,1.289903,1.223658,1.264727,1.143537,1.231312,1.256800,1.293370,1.293615,1.116164,1.159291,1.344207,1.130183,,,1.166779,1.195671
2010-12-07,1.220750,1.126032,1.295188,1.229473,1.270859,1.146078,1.233341,1.261336,1.286423,1.294873,1.116125,1.158575,1.345806,1.129953,,,1.169602,1.196353
2010-12-08,1.224381,1.120753,1.287358,1.210873,1.270774,1.148963,1.234014,1.273967,1.282205,1.294784,1.118191,1.180020,1.348218,1.130871,,,1.167332,1.200736
2010-12-09,1.229939,1.125037,1.294880,1.205188,1.274395,1.155463,1.243023,1.269084,1.286860,1.299973,1.123814,1.195373,1.351061,1.133290,,,1.171880,1.205411
2010-12-10,1.239547,1.130322,1.306637,1.215134,1.284825,1.157207,1.262346,1.276073,1.292031,1.307714,1.135287,1.203930,1.355916,1.137762,,,1.178327,1.212424
2010-12-13,1.239311,1.135406,1.314608,1.219239,1.284060,1.155246,1.264760,1.268690,1.303040,1.306956,1.134755,1.204663,1.344975,1.140826,,,1.183297,1.213203
2010-12-14,1.239762,1.138312,1.321292,1.211679,1.290665,1.161897,1.265535,1.265034,1.302880,1.317189,1.144623,1.197042,1.334451,1.147478,,,1.186831,1.214275
2010-12-15,1.232437,1.127339,1.318528,1.202181,1.284621,1.162800,1.256094,1.256662,1.291165,1.304224,1.139752,1.188909,1.327490,1.143839,,,1.181908,1.208723
2010-12-16,1.245024,1.137194,1.329738,1.207779,1.296238,1.171602,1.288259,1.269425,1.299263,1.309733,1.152479,1.186112,1.343299,1.151769,,,1.191248,1.215736
2010-12-17,1.247927,1.141186,1.332397,1.218947,1.292042,1.173061,1.293984,1.274626,1.300896,1.307135,1.157710,1.187155,1.346191,1.153671,,,1.192508,1.217038
2010-12-20,1.252657,1.145759,1.338543,1.238500,1.294171,1.171606,1.300407,1.271984,1.313725,1.322561,1.158829,1.191868,1.356417,1.154375,,,1.197229,1.219975
2010-12-21,1.261103,1.146214,1.346975,1.250062,1.302748,1.170450,1.310709,1.287257,1.325440,1.330097,1.158030,1.209533,1.360851,1.153851,,,1.200461,1.227710
2010-12-22,1.264978,1.152192,1.347425,1.255577,1.304662,1.173136,1.312801,1.286676,1.331040,1.332986,1.161412,1.221601,1.362022,1.155412,,,1.203753,1.231529
2010-12-23,1.261091,1.152594,1.354356,1.250071,1.301014,1.173186,1.309255,1.282068,1.335157,1.328262,1.159579,1.212565,1.349658,1.155830,,,1.202624,1.229766
2010-12-27,1.260964,1.150957,1.353431,1.264434,1.302074,1.169968,1.298196,1.284231,1.329235,1.326317,1.158013,1.223271,1.349541,1.154105,,,1.201577,1.230256
2010-12-28,1.260529,1.153077,1.355801,1.265447,1.302167,1.169159,1.298347,1.282041,1.331424,1.324484,1.157280,1.223902,1.343425,1.156599,,,1.203839,1.232018
2010-12-29,1.262291,1.152450,1.361783,1.268914,1.302933,1.169230,1.302494,1.283455,1.344420,1.326273,1.157566,1.221557,1.347226,1.156496,,,1.203785,1.232900
2010-12-30,1.260847,1.150973,1.361311,1.271036,1.301229,1.168353,1.301813,1.282508,1.343864,1.325525,1.155397,1.217017,1.347044,1.155842,,,1.202511,1.230941
2010-12-31,1.259153,1.150761,1.359743,1.268321,1.300922,1.168274,1.296502,1.280643,1.343254,1.323599,1.152852,1.219322,1.341893,1.155469,,,1.203288,1.231235
2011-01-03,1.273859,1.156925,1.365308,1.292623,1.316195,1.163359,1.316823,1.300983,1.353208,1.344735,1.165179,1.239201,1.357488,1.157737,,,1.213943,1.243963
2011-01-04,1.266997,1.161557,1.344898,1.271113,1.311768,1.158053,1.301851,1.299017,1.339726,1.363620,1.165052,1.234820,1.339722,1.157171,,,1.215447,1.243278
2011-01-05,1.275045,1.154747,1.342257,1.280606,1.317436,1.159443,1.313430,1.314271,1.346229,1.374727,1.168003,1.249167,1.353382,1.154717,,,1.218132,1.249740
2011-01-06,1.275012,1.153951,1.334612,1.271441,1.315087,1.152395,1.323578,1.324517,1.335704,1.358618,1.170605,1.244629,1.353299,1.151918,,,1.215674,1.247292
2011-01-07,1.273511,1.158564,1.333480,1.270851,1.315853,1.148605,1.320430,1.321913,1.346382,1.351280,1.167895,1.235758,1.359524,1.151576,,,1.215831,1.244845
2011-01-10,1.274530,1.153822,1.335213,1.269207,1.319051,1.148138,1.331674,1.326304,1.342477,1.353989,1.166470,1.230537,1.357150,1.148164,,,1.211621,1.243278
2011-01-11,1.278917,1.156265,1.340258,1.268849,1.322927,1.151240,1.331500,1.325929,1.366976,1.344727,1.180861,1.236220,1.361876,1.148882,,,1.210429,1.247684
2011-01-12,1.289926,1.161349,1.350592,1.278282,1.335145,1.159208,1.344237,1.342974,1.385150,1.343597,1.184361,1.252677,1.369413,1.156482,,,1.217589,1.258944
2011-01-13,1.287937,1.160182,1.342782,1.280151,1.336739,1.160787,1.337817,1.344441,1.383817,1.342629,1.182962,1.246907,1.367591,1.156957,,,1.215177,1.256888
2011-01-14,1.297432,1.164088,1.346098,1.290463,1.346652,1.160160,1.344824,1.362154,1.398949,1.346262,1.187387,1.263488,1.380959,1.158942,,,1.220063,1.265994
2011-01-18,1.302399,1.166779,1.354625,1.301216,1.356457,1.161338,1.354607,1.368997,1.409021,1.350424,1.194409,1.260154,1.378811,1.161428,,,1.223173,1.268148
2011-01-19,1.286289,1.164564,1.330979,1.286005,1.340193,1.158834,1.333703,1.351072,1.392020,1.344780,1.180779,1.233153,1.363726,1.160027,,,1.218759,1.255713
2011-01-20,1.284851,1.172320,1.317338,1.291398,1.333601,1.163173,1.331595,1.335869,1.382955,1.342190,1.183419,1.237052,1.365240,1.165704,,,1.224922,1.254048
2011-01-21,1.286340,1.171257,1.314810,1.301364,1.334788,1.163631,1.330945,1.330208,1.392419,1.344482,1.188165,1.247002,1.358607,1.165596,,,1.226032,1.256888
2011-01-24,1.292608,1.179440,1.324913,1.303172,1.347088,1.164127,1.331177,1.353698,1.396827,1.351391,1.189519,1.247103,1.367354,1.170253,,,1.231079,1.264035
2011-01-25,1.294478,1.179234,1.328309,1.312585,1.344444,1.163190,1.339519,1.347620,1.395393,1.363480,1.196665,1.247220,1.368576,1.171579,,,1.233502,1.264721
2011-01-26,1.301742,1.174086,1.346770,1.316639,1.358138,1.161120,1.348990,1.359772,1.430492,1.362305,1.200869,1.248835,1.377148,1.168082,,,1.233663,1.269616
2011-01-27,1.308813,1.178932,1.336629,1.333818,1.366840,1.154184,1.352357,1.377355,1.427252,1.382324,1.208982,1.262543,1.381623,1.167494,,,1.237203,1.272749
2011-01-28,1.286256,1.163141,1.320446,1.310463,1.335486,1.140602,1.337280,1.351595,1.422678,1.358796,1.186500,1.236765,1.341955,1.152378,,,1.218823,1.250524
2011-01-31,1.295524,1.164309,1.338690,1.330198,1.349743,1.140007,1.348047,1.364650,1.456347,1.354433,1.186875,1.246883,1.347760,1.152147,,,1.222489,1.259923
2011-02-01,1.314952,1.177225,1.370256,1.341104,1.366200,1.149404,1.369362,1.392607,1.474797,1.373586,1.204879,1.271418,1.364872,1.161888,,,1.236369,1.280093
2011-02-02,1.310500,1.168993,1.370236,1.345288,1.358265,1.146298,1.359043,1.402428,1.477818,1.373336,1.199552,1.264235,1.355552,1.157662,,,1.232916,1.277645
2011-02-03,1.315212,1.173071,1.375455,1.350722,1.358135,1.164604,1.367937,1.403234,1.478015,1.385663,1.201758,1.262675,1.362939,1.163586,,,1.238648,1.280484
2011-02-04,1.322416,1.165757,1.375332,1.350236,1.365736,1.174385,1.382520,1.417765,1.470931,1.398058,1.208952,1.269233,1.369327,1.165547,,,1.239337,1.284107
2011-02-07,1.329915,1.174426,1.384689,1.361138,1.379252,1.170585,1.391520,1.421028,1.477553,1.399440,1.207770,1.285823,1.376174,1.167521,,,1.243221,1.292136
2011-02-08,1.336940,1.173798,1.388130,1.371708,1.386883,1.178601,1.404694,1.423299,1.473237,1.407000,1.211008,1.291829,1.393426,1.170497,,,1.247245,1.298011
2011-02-09,1.333479,1.173986,1.379553,1.373659,1.385969,1.178694,1.395136,1.416136,1.453138,1.420451,1.209388,1.286886,1.397502,1.172307,,,1.248702,1.295073
2011-02-10,1.336444,1.175741,1.376285,1.380274,1.392680,1.170087,1.404505,1.412114,1.472035,1.424792,1.210560,1.289115,1.401941,1.170699,,,1.249340,1.295563
2011-02-11,1.345240,1.175779,1.384766,1.392659,1.401395,1.179492,1.417399,1.419593,1.472199,1.441593,1.215506,1.303775,1.406573,1.174001,,,1.255302,1.303298
2011-02-14,1.345851,1.168913,1.391881,1.390042,1.397071,1.174091,1.418246,1.426287,1.497105,1.453826,1.218947,1.303824,1.400866,1.169878,,,1.249636,1.306431
2011-02-15,1.341955,1.173010,1.380713,1.389410,1.388899,1.175204,1.411223,1.419676,1.488637,1.449370,1.215239,1.302154,1.398985,1.170242,,,1.251703,1.302319
2011-02-16,1.352317,1.170224,1.400401,1.395857,1.397662,1.182463,1.431918,1.431522,1.509543,1.460436,1.222165,1.311829,1.404137,1.170563,,,1.254369,1.310543
2011-02-17,1.358170,1.173500,1.405944,1.392588,1.403079,1.192803,1.438871,1.440279,1.534975,1.456458,1.228802,1.314733,1.405141,1.174921,,,1.258368,1.314460
2011-02-18,1.362043,1.173873,1.399697,1.397325,1.407115,1.195368,1.442383,1.440290,1.546883,1.468000,1.236466,1.320500,1.408732,1.176426,,,1.259091,1.317201
2011-02-22,1.330547,1.166307,1.358835,1.374544,1.362920,1.188196,1.408349,1.394460,1.521461,1.428241,1.217382,1.283160,1.365564,1.170058,,,1.245854,1.290765
2011-02-23,1.317253,1.162117,1.353011,1.361845,1.337423,1.183784,1.394919,1.366997,1.547346,1.407742,1.202990,1.274929,1.345301,1.166556,,,1.239747,1.282834
2011-02-24,1.319512,1.157046,1.340841,1.356408,1.341172,1.184731,1.404651,1.379223,1.519693,1.422596,1.208702,1.272528,1.348997,1.163644,,,1.240427,1.281953
2011-02-25,1.337339,1.166157,1.361556,1.383498,1.355469,1.193896,1.432721,1.402184,1.551394,1.439436,1.220033,1.288461,1.362540,1.171018,,,1.249706,1.295661
2011-02-28,1.343912,1.178460,1.377476,1.401807,1.364838,1.198956,1.442235,1.397487,1.557096,1.454899,1.226857,1.290881,1.365397,1.179974,,,1.260966,1.303689
2011-03-01,1.321521,1.168834,1.351498,1.358075,1.338799,1.190063,1.412268,1.371739,1.525049,1.428624,1.219136,1.266670,1.343483,1.171122,,,1.244249,1.281953
2011-03-02,1.325612,1.173644,1.351222,1.349155,1.346181,1.187698,1.425475,1.381180,1.528861,1.431287,1.222436,1.260437,1.352463,1.172204,,,1.246649,1.284695
2011-03-03,1.349662,1.186067,1.373630,1.374799,1.378139,1.199825,1.449741,1.405859,1.561313,1.451403,1.249062,1.287320,1.375300,1.185100,,,1.262248,1.306823
2011-03-04,1.340649,1.179362,1.359798,1.360189,1.362985,1.196054,1.439018,1.398688,1.550860,1.444341,1.253493,1.273905,1.364528,1.180275,,,1.255873,1.297031
2011-03-07,1.328740,1.183145,1.337428,1.353349,1.348896,1.191309,1.422386,1.378803,1.535947,1.433170,1.241294,1.265198,1.351029,1.179170,,,1.252876,1.286849
2011-03-08,1.344138,1.198134,1.349944,1.373771,1.372226,1.204700,1.435245,1.391073,1.524947,1.432844,1.253518,1.287062,1.372675,1.191551,,,1.266734,1.298108
2011-03-09,1.342268,1.209414,1.338524,1.379877,1.369229,1.212342,1.427510,1.374349,1.520096,1.431572,1.258759,1.282920,1.377046,1.199307,,,1.273119,1.296248
2011-03-10,1.318366,1.190792,1.316353,1.361148,1.343209,1.201094,1.399032,1.345138,1.469250,1.418609,1.235734,1.254487,1.366556,1.187947,,,1.258086,1.272260
2011-03-11,1.329953,1.195211,1.333857,1.387107,1.358282,1.204608,1.421141,1.351111,1.499248,1.426658,1.240527,1.265166,1.368944,1.190257,,,1.263950,1.281072
2011-03-14,1.320999,1.179144,1.332695,1.376693,1.348252,1.193308,1.419528,1.346048,1.504997,1.404654,1.229881,1.252596,1.355551,1.178332,,,1.253643,1.273337
2011-03-15,1.307406,1.159489,1.331964,1.364893,1.336537,1.184048,1.401932,1.332721,1.488864,1.403900,1.214943,1.235078,1.347394,1.163210,,,1.237039,1.258748
2011-03-16,1.285334,1.141509,1.306246,1.344222,1.314714,1.166701,1.381443,1.303497,1.458824,1.375335,1.194208,1.213750,1.327404,1.146301,,,1.217734,1.235445
2011-03-17,1.300185,1.145856,1.325430,1.360545,1.334305,1.173278,1.399784,1.315389,1.504906,1.394007,1.206131,1.230937,1.332964,1.151801,,,1.225248,1.251796
2011-03-18,1.306770,1.152274,1.331978,1.369926,1.346790,1.183685,1.403397,1.317847,1.502962,1.396475,1.214349,1.240071,1.335396,1.161259,,,1.235058,1.256349
2011-03-21,1.327208,1.167667,1.348551,1.378418,1.374153,1.197457,1.434587,1.339512,1.550014,1.423558,1.225506,1.253650,1.352784,1.173967,,,1.249358,1.275820
2011-03-22,1.320532,1.167909,1.344260,1.374826,1.362126,1.196293,1.423236,1.332639,1.548041,1.424962,1.223538,1.247058,1.338016,1.174593,,,1.247099,1.271395
2011-03-23,1.324476,1.167468,1.361944,1.369153,1.370097,1.195971,1.421599,1.345061,1.554312,1.435288,1.222626,1.246081,1.353394,1.174691,,,1.247067,1.275033
2011-03-24,1.337570,1.172344,1.371254,1.377998,1.382124,1.206405,1.437002,1.373708,1.557624,1.449274,1.237011,1.253992,1.367704,1.181876,,,1.254304,1.287227
2011-03-25,1.342374,1.172853,1.381449,1.382266,1.387294,1.208739,1.449943,1.373493,1.572485,1.450268,1.241469,1.255777,1.370779,1.184518,,,1.257640,1.291161
2011-03-28,1.337257,1.169190,1.372119,1.381768,1.384424,1.208279,1.436495,1.369009,1.576426,1.454990,1.240128,1.252799,1.355708,1.183366,,,1.257324,1.288014
2011-03-29,1.347900,1.181710,1.383794,1.395254,1.396745,1.211994,1.451993,1.380133,1.595543,1.465192,1.250117,1.256995,1.366326,1.190401,,,1.265221,1.296667
2011-03-30,1.358902,1.196709,1.401332,1.408057,1.403398,1.217972,1.468891,1.384582,1.608868,1.485637,1.258851,1.267344,1.378536,1.198982,,,1.276267,1.305616
2011-03-31,1.356902,1.192590,1.408025,1.414129,1.410139,1.215470,1.459828,1.383007,1.605392,1.485317,1.259858,1.263270,1.372230,1.196700,,,1.274155,1.303846
2011-04-01,1.365930,1.201822,1.416192,1.420795,1.423961,1.221574,1.473678,1.379049,1.606304,1.496820,1.269684,1.276301,1.381414,1.202801,,,1.281886,1.309353
2011-04-04,1.365484,1.200103,1.426957,1.422110,1.422996,1.223449,1.470796,1.371236,1.605455,1.497382,1.274414,1.277317,1.380266,1.204457,,,1.283344,1.310435
2011-04-05,1.365305,1.194623,1.442260,1.419663,1.419565,1.224209,1.475809,1.369171,1.607349,1.489548,1.268888,1.274915,1.387795,1.202736,,,1.282442,1.310238
2011-04-06,1.370991,1.203400,1.437970,1.417483,1.423299,1.228432,1.484316,1.378344,1.588759,1.486325,1.274713,1.289689,1.389067,1.210249,,,1.288551,1.314368
2011-04-07,1.367600,1.198073,1.438287,1.405749,1.416078,1.231697,1.481872,1.376214,1.585835,1.482979,1.273437,1.285016,1.384698,1.206546,,,1.284798,1.311025
2011-04-08,1.359845,1.194718,1.430345,1.394966,1.401030,1.224248,1.472410,1.366867,1.584876,1.482918,1.271903,1.275169,1.380507,1.203233,,,1.279312,1.306501
2011-04-11,1.355361,1.178469,1.413700,1.392381,1.399875,1.229879,1.460473,1.361946,1.554314,1.478828,1.277939,1.275564,1.379666,1.200388,,,1.274374,1.302568
2011-04-12,1.345749,1.176555,1.394439,1.388411,1.390040,1.235925,1.438468,1.349281,1.511664,1.473556,1.275240,1.267156,1.377748,1.199795,,,1.272060,1.292832
2011-04-13,1.346597,1.179436,1.386224,1.389136,1.385221,1.236600,1.440894,1.356735,1.520272,1.477684,1.276179,1.262751,1.381337,1.200697,,,1.273588,1.292734
2011-04-14,1.348404,1.184709,1.389602,1.409910,1.385541,1.242398,1.446354,1.355646,1.526832,1.473120,1.280781,1.254127,1.380350,1.205902,,,1.279300,1.293717
2011-04-15,1.357607,1.198217,1.395731,1.428322,1.391502,1.248728,1.464581,1.359710,1.538794,1.465010,1.292523,1.259116,1.388196,1.215784,,,1.292614,1.298437
2011-04-18,1.341545,1.186788,1.384245,1.411388,1.372873,1.240575,1.440833,1.344588,1.517266,1.449285,1.275976,1.241215,1.381331,1.205160,,,1.279492,1.283884
2011-04-19,1.348239,1.187370,1.405010,1.425755,1.384432,1.243004,1.449084,1.347480,1.537696,1.454952,1.287583,1.238048,1.389783,1.206828,,,1.280714,1.291259
2011-04-20,1.366611,1.201995,1.418940,1.437147,1.403988,1.249648,1.461983,1.393795,1.572914,1.477217,1.298968,1.247471,1.413878,1.217474,,,1.295311,1.308861
2011-04-21,1.375640,1.205414,1.433317,1.439781,1.410638,1.250718,1.480146,1.401354,1.582457,1.489900,1.311643,1.258418,1.416031,1.218944,,,1.295739,1.315548
2011-04-25,1.372846,1.206163,1.426593,1.442254,1.406323,1.244483,1.477853,1.401388,1.575437,1.486841,1.309594,1.252634,1.416510,1.217590,,,1.295165,1.314171
2011-04-26,1.385455,1.214569,1.438343,1.455736,1.429354,1.255522,1.493189,1.414554,1.591688,1.481875,1.328419,1.260579,1.418724,1.227222,,,1.306435,1.325480
2011-04-27,1.393560,1.225094,1.438693,1.460657,1.431343,1.266258,1.495248,1.425420,1.596928,1.506167,1.340913,1.270488,1.429587,1.235618,,,1.316971,1.334134
2011-04-28,1.397977,1.233745,1.442808,1.471810,1.436836,1.269521,1.496873,1.414377,1.604806,1.508341,1.346620,1.281016,1.438188,1.242752,,,1.322195,1.338461
2011-04-29,1.399355,1.237899,1.448154,1.460377,1.441315,1.270498,1.499096,1.412089,1.635986,1.510673,1.343429,1.279438,1.438417,1.244611,,,1.318010,1.341607
2011-05-02,1.397488,1.239393,1.438445,1.460991,1.437756,1.271686,1.494102,1.404865,1.612255,1.513496,1.356675,1.275727,1.440339,1.248343,,,1.321093,1.339542
2011-05-03,1.390551,1.244960,1.421020,1.450912,1.429295,1.266630,1.478613,1.393686,1.579653,1.526356,1.354607,1.277544,1.432710,1.253550,,,1.322757,1.334724
2011-05-04,1.380127,1.243353,1.400805,1.443149,1.407162,1.262990,1.465344,1.385553,1.551756,1.512905,1.349110,1.266722,1.431821,1.251642,,,1.321106,1.325873
2011-05-05,1.373236,1.235132,1.380148,1.443393,1.405170,1.255039,1.457926,1.385900,1.520449,1.503088,1.345118,1.250586,1.438892,1.242197,,,1.312846,1.313876
2011-05-06,1.378343,1.241526,1.389319,1.434724,1.414470,1.257742,1.456082,1.396345,1.532908,1.501400,1.355077,1.257977,1.438467,1.246795,,,1.317310,1.319678
2011-05-09,1.385144,1.244937,1.407441,1.444385,1.420394,1.265638,1.464255,1.401042,1.564184,1.506568,1.364857,1.258070,1.440920,1.252052,,,1.319475,1.324792
2011-05-10,1.398397,1.261947,1.420182,1.464719,1.432880,1.272637,1.481541,1.414661,1.572817,1.528552,1.369900,1.270238,1.457317,1.261719,,,1.331258,1.336100
2011-05-11,1.384652,1.259148,1.388653,1.445112,1.418256,1.268537,1.462224,1.401547,1.524107,1.507483,1.366000,1.257769,1.448744,1.259299,,,1.328151,1.322038
2011-05-12,1.393492,1.268724,1.387171,1.446692,1.419909,1.290863,1.468778,1.417984,1.521084,1.521001,1.378159,1.262133,1.462889,1.274673,,,1.341380,1.328332
2011-05-13,1.381726,1.263215,1.369016,1.428662,1.405024,1.286540,1.457359,1.397960,1.514414,1.508992,1.374457,1.245455,1.456342,1.270978,,,1.334394,1.318105
2011-05-16,1.374318,1.261218,1.367506,1.434804,1.397786,1.283980,1.444499,1.376720,1.500778,1.487101,1.376400,1.246726,1.439057,1.269399,,,1.332055,1.309746
2011-05-17,1.371857,1.267995,1.355943,1.432032,1.381558,1.290555,1.441211,1.365607,1.501382,1.495493,1.373706,1.252374,1.436483,1.273261,,,1.335518,1.309550
2011-05-18,1.386251,1.267520,1.382541,1.449197,1.400868,1.289998,1.461284,1.382631,1.530495,1.518197,1.386795,1.259148,1.456613,1.274051,,,1.342692,1.321252
2011-05-19,1.389850,1.271286,1.383527,1.450251,1.411088,1.294456,1.466183,1.383339,1.528946,1.516896,1.386419,1.262617,1.462096,1.276702,,,1.345067,1.324398
2011-05-20,1.378897,1.271637,1.370761,1.440870,1.398587,1.289310,1.447155,1.378475,1.527161,1.505890,1.376642,1.245538,1.450796,1.273722,,,1.339243,1.313876
2011-05-23,1.361748,1.254481,1.366473,1.424677,1.378604,1.280492,1.428391,1.356094,1.501989,1.491636,1.359538,1.228134,1.437482,1.263452,,,1.326296,1.298634
2011-05-24,1.359044,1.250893,1.369867,1.430798,1.371026,1.278625,1.427967,1.349145,1.522375,1.485996,1.353641,1.223996,1.433428,1.263642,,,1.325166,1.297552
2011-05-25,1.362992,1.250206,1.383976,1.438969,1.381977,1.268007,1.432958,1.354398,1.550774,1.493559,1.355674,1.224958,1.431926,1.256552,,,1.319290,1.301879
2011-05-26,1.370171,1.249881,1.384834,1.459947,1.386353,1.271687,1.441224,1.365977,1.556303,1.505789,1.359673,1.230073,1.447411,1.257198,,,1.321734,1.307878
2011-05-27,1.377156,1.251053,1.402983,1.457751,1.393311,1.278079,1.450247,1.374210,1.560858,1.509969,1.363665,1.238899,1.455763,1.260038,,,1.322836,1.312893
2011-05-31,1.389983,1.260021,1.415787,1.478613,1.407143,1.291245,1.460188,1.394030,1.578598,1.519507,1.375982,1.249781,1.464891,1.270626,,,1.334913,1.326562
2011-06-01,1.357797,1.246162,1.377690,1.433800,1.361646,1.274985,1.432096,1.354036,1.543953,1.497049,1.355134,1.208842,1.433671,1.257016,,,1.313774,1.296766
2011-06-02,1.356950,1.242209,1.377637,1.427545,1.367834,1.257556,1.432132,1.355208,1.548750,1.500418,1.354075,1.212705,1.427592,1.249330,,,1.308357,1.295389
2011-06-03,1.339876,1.232556,1.361069,1.422014,1.347891,1.243906,1.405898,1.329596,1.548440,1.479822,1.340203,1.199513,1.410969,1.238350,,,1.298158,1.282507
2011-06-06,1.325161,1.226140,1.348290,1.399222,1.337844,1.239445,1.389871,1.317750,1.511922,1.456133,1.329434,1.179366,1.392423,1.234015,,,1.288944,1.268936
2011-06-07,1.327001,1.228644,1.352777,1.417835,1.336659,1.239224,1.394245,1.318280,1.513386,1.457207,1.333515,1.179860,1.388523,1.234085,,,1.290756,1.268150
2011-06-08,1.317825,1.230554,1.342506,1.408620,1.323106,1.239688,1.380826,1.298924,1.518859,1.454370,1.332653,1.169614,1.373415,1.236279,,,1.287521,1.262840
2011-06-09,1.327313,1.230493,1.361343,1.396844,1.330546,1.246850,1.393096,1.300794,1.542131,1.459073,1.348558,1.185353,1.383048,1.240737,,,1.288812,1.272477
2011-06-10,1.307780,1.223302,1.346668,1.364086,1.308598,1.232117,1.366993,1.284043,1.513508,1.436001,1.325175,1.173997,1.359204,1.228453,,,1.274262,1.254776
2011-06-13,1.307962,1.226824,1.345220,1.367730,1.310786,1.239513,1.364253,1.277105,1.488107,1.434784,1.326929,1.180640,1.358196,1.234043,,,1.277844,1.255759
2011-06-14,1.327037,1.231608,1.372093,1.390397,1.337174,1.253463,1.389659,1.295616,1.517563,1.448227,1.342797,1.192432,1.381515,1.241764,,,1.290397,1.271690
2011-06-15,1.303085,1.216926,1.345492,1.365876,1.314744,1.235490,1.360512,1.268542,1.482479,1.424404,1.326251,1.166129,1.358851,1.227540,,,1.271890,1.249072
2011-06-16,1.304446,1.226305,1.337402,1.376143,1.319710,1.246621,1.356007,1.259920,1.480610,1.420145,1.326683,1.171504,1.359537,1.235290,,,1.279473,1.251826
2011-06-17,1.310483,1.235192,1.336999,1.393732,1.326044,1.253978,1.367354,1.257108,1.479444,1.419783,1.330061,1.177313,1.369000,1.242605,,,1.286358,1.255561
2011-06-20,1.319315,1.240103,1.345916,1.407170,1.337364,1.264542,1.378749,1.261962,1.483215,1.427027,1.345502,1.178533,1.383360,1.249806,,,1.294794,1.261985
2011-06-21,1.339307,1.242959,1.377656,1.425007,1.359707,1.270880,1.402793,1.290236,1.509449,1.453310,1.356674,1.195234,1.414933,1.253204,,,1.304782,1.279279
2011-06-22,1.331226,1.234309,1.372174,1.418867,1.353649,1.262653,1.394782,1.281903,1.503883,1.440386,1.350605,1.184599,1.406302,1.246507,,,1.297828,1.271571
2011-06-23,1.329120,1.223021,1.369709,1.400230,1.355884,1.254023,1.392274,1.294397,1.491419,1.438536,1.347540,1.175900,1.418472,1.237943,,,1.291764,1.267914
2011-06-24,1.314323,1.225185,1.358267,1.393472,1.339066,1.245368,1.375525,1.267460,1.460563,1.428374,1.332434,1.164477,1.401356,1.234248,,,1.286169,1.253190
2011-06-27,1.325383,1.235728,1.359684,1.404678,1.350369,1.250104,1.386770,1.280409,1.472324,1.447306,1.341519,1.177727,1.414275,1.241646,,,1.294482,1.264357
2011-06-28,1.343199,1.244517,1.380944,1.418919,1.371342,1.255411,1.411648,1.294873,1.512848,1.466834,1.361411,1.186439,1.442503,1.248681,,,1.304106,1.280860
2011-06-29,1.353720,1.249299,1.393318,1.434246,1.379368,1.263854,1.418365,1.302074,1.529909,1.473528,1.360555,1.217604,1.443365,1.254663,,,1.312412,1.291830
2011-06-30,1.365799,1.253953,1.404455,1.440337,1.398711,1.269406,1.433630,1.321497,1.551676,1.487895,1.368849,1.222312,1.457884,1.259448,,,1.320243,1.304183
2011-07-01,1.388493,1.270109,1.416479,1.466693,1.424489,1.281846,1.463050,1.341411,1.564587,1.516378,1.391807,1.243016,1.490591,1.272474,,,1.336037,1.323454
2011-07-05,1.384306,1.261786,1.415545,1.471637,1.414795,1.280404,1.458850,1.334876,1.571357,1.534864,1.387394,1.232276,1.493988,1.268502,,,1.331646,1.322367
2011-07-06,1.386613,1.263533,1.418605,1.478011,1.419684,1.285749,1.464473,1.337671,1.568889,1.530782,1.394227,1.227307,1.493596,1.272866,,,1.335296,1.323948
2011-07-07,1.402600,1.268005,1.437904,1.496656,1.434797,1.290976,1.488132,1.358948,1.594658,1.540752,1.396130,1.246866,1.513367,1.277774,,,1.344772,1.337684
2011-07-08,1.390285,1.263759,1.425177,1.488233,1.419078,1.284345,1.470767,1.346162,1.581860,1.534339,1.386481,1.229545,1.506841,1.272706,,,1.337782,1.328197
2011-07-11,1.361679,1.247016,1.395841,1.459933,1.389342,1.273366,1.434991,1.316764,1.543765,1.515697,1.362465,1.193639,1.478079,1.261570,,,1.319614,1.304183
2011-07-12,1.355924,1.253807,1.393652,1.464999,1.374411,1.274740,1.430409,1.291727,1.538581,1.511620,1.363116,1.190628,1.471978,1.263673,,,1.318129,1.298550
2011-07-13,1.358893,1.251483,1.403285,1.456375,1.376919,1.274830,1.435990,1.294032,1.551929,1.519282,1.366169,1.193617,1.475509,1.261251,,,1.315304,1.302898
2011-07-14,1.345972,1.246008,1.390548,1.439284,1.358512,1.270251,1.421231,1.274437,1.541436,1.501752,1.362311,1.181123,1.460050,1.257655,,,1.307638,1.293905
2011-07-15,1.352281,1.248512,1.402719,1.453521,1.359927,1.278165,1.434508,1.283180,1.581014,1.520863,1.357479,1.178269,1.464711,1.261338,,,1.310251,1.301416
2011-07-18,1.336787,1.236011,1.388002,1.439401,1.343722,1.266141,1.416333,1.266032,1.579952,1.505024,1.347483,1.158301,1.448071,1.250442,,,1.298506,1.290743
2011-07-19,1.358439,1.247873,1.406280,1.464678,1.362250,1.285933,1.444520,1.300711,1.610375,1.529953,1.363392,1.173070,1.467561,1.263342,,,1.312339,1.311694
2011-07-20,1.357522,1.255489,1.397721,1.466650,1.369067,1.285216,1.440171,1.291829,1.607259,1.517077,1.358621,1.180833,1.459147,1.264303,,,1.313857,1.310903
2011-07-21,1.373978,1.274528,1.411067,1.482522,1.386621,1.298553,1.454585,1.294825,1.642315,1.533147,1.370251,1.208173,1.474554,1.278802,,,1.331781,1.329087
2011-07-22,1.376586,1.267604,1.400778,1.488790,1.377395,1.298159,1.466540,1.320459,1.649283,1.535888,1.362788,1.205641,1.478301,1.274155,,,1.330499,1.329976
2011-07-25,1.367891,1.270459,1.396304,1.471056,1.376161,1.285216,1.453078,1.311633,1.642723,1.525799,1.347218,1.198220,1.470092,1.267438,,,1.323373,1.322564
2011-07-26,1.360656,1.264939,1.383207,1.471114,1.349570,1.282642,1.448026,1.313479,1.631551,1.518603,1.330221,1.197522,1.467362,1.264342,,,1.321801,1.317623
2011-07-27,1.329783,1.259788,1.355394,1.430013,1.310424,1.267046,1.412956,1.268036,1.605023,1.500485,1.300724,1.169225,1.432697,1.253565,,,1.304699,1.290644
2011-07-28,1.324205,1.251055,1.354927,1.420203,1.294848,1.263910,1.402476,1.262089,1.596700,1.491062,1.302384,1.172760,1.427554,1.245438,,,1.297070,1.286889
2011-07-29,1.318200,1.237351,1.346035,1.423276,1.289496,1.257603,1.396559,1.249918,1.583194,1.478662,1.300206,1.169837,1.427855,1.237056,,,1.287085,1.278093
2011-08-01,1.308402,1.239215,1.343015,1.392511,1.278508,1.251137,1.385210,1.242411,1.582383,1.474719,1.273014,1.165286,1.418409,1.233591,0.994239,,1.278247,1.272658
2011-08-02,1.269319,1.217792,1.304554,1.353366,1.232327,1.229470,1.333083,1.208489,1.531127,1.380844,1.245332,1.135429,1.366491,1.216020,0.950956,,1.254917,1.240145
2011-08-03,1.278120,1.216706,1.320389,1.355332,1.248224,1.237505,1.338291,1.224078,1.516998,1.391520,1.248847,1.148827,1.377599,1.218692,0.956824,,1.257665,1.246865
2011-08-04,1.213390,1.174972,1.252119,1.286327,1.181031,1.193235,1.254751,1.158909,1.407980,1.325792,1.196993,1.092055,1.310405,1.181878,0.893780,,1.211875,1.188460
2011-08-05,1.212063,1.185218,1.255459,1.262891,1.179413,1.212467,1.254214,1.149644,1.397600,1.327410,1.206815,1.076710,1.315467,1.195068,0.891459,,1.216475,1.186681
2011-08-08,1.122730,1.116619,1.177992,1.150552,1.092550,1.158519,1.140779,1.077815,1.270526,1.248271,1.133786,0.973478,1.226472,1.140594,0.811568,,1.144450,1.109400
2011-08-09,1.181518,1.156647,1.234316,1.246322,1.146002,1.193805,1.211315,1.126653,1.349444,1.305716,1.178987,1.042677,1.286246,1.173407,0.865430,,1.194714,1.160987
2011-08-10,1.130275,1.135481,1.192626,1.204235,1.093511,1.154394,1.158073,1.078925,1.303824,1.259573,1.127492,0.967571,1.237295,1.142959,0.834934,,1.158867,1.109697
2011-08-11,1.186662,1.187039,1.246352,1.263412,1.147606,1.194040,1.221329,1.133966,1.369943,1.304624,1.178280,1.031496,1.290490,1.186447,0.879265,,1.208765,1.159504
2011-08-12,1.193552,1.180324,1.255556,1.264307,1.166116,1.208882,1.232009,1.142020,1.379533,1.314846,1.193798,1.017496,1.305046,1.188488,0.893086,,1.209687,1.167311
2011-08-15,1.220620,1.221523,1.279554,1.308425,1.186507,1.220732,1.259706,1.165692,1.428290,1.340983,1.213514,1.048978,1.328830,1.213819,0.912233,,1.243824,1.192017
2011-08-16,1.206883,1.216654,1.264534,1.297075,1.170246,1.222146,1.239145,1.148788,1.403599,1.328903,1.206317,1.030687,1.321355,1.210993,0.894414,,1.237472,1.181839
2011-08-17,1.204763,1.225753,1.264502,1.299218,1.164302,1.228071,1.232882,1.135061,1.408016,1.328756,1.204913,1.034349,1.314621,1.219243,0.886725,,1.245070,1.182629
2011-08-18,1.143816,1.208705,1.196587,1.231546,1.095636,1.202219,1.156342,1.063861,1.319007,1.265940,1.156966,0.977018,1.244875,1.194701,0.823634,,1.210016,1.131636
2011-08-19,1.125722,1.199449,1.181733,1.209535,1.078462,1.191811,1.133859,1.040199,1.288314,1.237544,1.150103,0.958653,1.227029,1.186294,0.801816,,1.201583,1.113156
2011-08-22,1.126904,1.196639,1.191962,1.212606,1.083558,1.196393,1.136573,1.047261,1.270563,1.239552,1.148201,0.954358,1.229129,1.189065,0.801671,,1.205078,1.114045
2011-08-23,1.167906,1.220911,1.232396,1.248870,1.125827,1.222344,1.182706,1.095003,1.329256,1.281721,1.187050,0.990346,1.276710,1.215408,0.845389,,1.238886,1.150709
2011-08-24,1.186750,1.247354,1.247476,1.266055,1.151106,1.225330,1.203589,1.098549,1.341718,1.300190,1.203420,1.018017,1.301559,1.231125,0.858382,,1.259532,1.166916
2011-08-25,1.165414,1.227229,1.240562,1.235908,1.128359,1.204874,1.174551,1.078965,1.309934,1.280255,1.184367,1.003136,1.281926,1.211272,0.839206,,1.238824,1.149128
2011-08-26,1.187117,1.228418,1.268537,1.256354,1.154599,1.218232,1.204856,1.106852,1.337035,1.300178,1.205128,1.014389,1.310352,1.217761,0.863772,,1.247195,1.165829
2011-08-29,1.227665,1.254351,1.308401,1.296631,1.195524,1.244296,1.256534,1.146113,1.380332,1.330057,1.238714,1.059912,1.352186,1.243253,0.897938,,1.280176,1.199330
2011-08-30,1.232124,1.253108,1.317682,1.304499,1.205790,1.246771,1.264976,1.147469,1.390535,1.348467,1.242864,1.052633,1.364336,1.245206,0.908179,,1.284328,1.202493
2011-08-31,1.240081,1.264287,1.317935,1.322680,1.212874,1.251679,1.271842,1.151393,1.407781,1.347234,1.253550,1.063350,1.369000,1.250737,0.914557,,1.292090,1.207829
2011-09-01,1.221797,1.255447,1.299113,1.306886,1.190882,1.244482,1.250275,1.130781,1.393657,1.331027,1.241665,1.039877,1.349099,1.243609,0.904008,,1.280092,1.195180
2011-09-02,1.186173,1.239449,1.274057,1.270396,1.150860,1.226715,1.204246,1.095178,1.352865,1.288567,1.211898,0.999772,1.313980,1.226808,0.875837,,1.252768,1.164643
2011-09-06,1.175799,1.231519,1.278173,1.263350,1.138031,1.216934,1.187507,1.086793,1.336710,1.278282,1.212754,0.982315,1.311902,1.219951,0.871363,,1.247243,1.156144
2011-09-07,1.216857,1.248536,1.303833,1.317692,1.174176,1.239637,1.236756,1.132159,1.386491,1.305518,1.249969,1.035961,1.347339,1.238052,0.902825,,1.277273,1.188756
2011-09-08,1.200691,1.246951,1.294867,1.300232,1.156682,1.233522,1.212088,1.121180,1.378292,1.290135,1.230936,1.013126,1.332932,1.233653,0.893673,,1.268190,1.176403
2011-09-09,1.167183,1.219048,1.252042,1.259222,1.127684,1.207381,1.175098,1.092110,1.328697,1.263303,1.191781,0.982282,1.298811,1.208413,0.865022,,1.234283,1.145570
2011-09-12,1.174712,1.229029,1.245816,1.262934,1.128138,1.206727,1.179584,1.109436,1.331650,1.272321,1.199588,0.995326,1.310274,1.213919,0.871812,,1.242096,1.152982
2011-09-13,1.190238,1.237892,1.263142,1.269944,1.151336,1.215862,1.202902,1.129069,1.333942,1.284143,1.218167,1.005235,1.321019,1.221282,0.884776,,1.252059,1.163556
2011-09-14,1.208764,1.248481,1.281790,1.290181,1.172916,1.230040,1.221433,1.152899,1.346979,1.295067,1.238607,1.020815,1.343547,1.233152,0.899450,,1.262845,1.179664
2011-09-15,1.229280,1.266412,1.296454,1.314989,1.195712,1.247233,1.243600,1.171355,1.373029,1.285224,1.251869,1.047526,1.366284,1.248444,0.910804,,1.279986,1.200022
2011-09-16,1.233764,1.278091,1.304370,1.328824,1.198302,1.255249,1.243023,1.174885,1.369688,1.277330,1.257634,1.051064,1.377646,1.258702,0.914405,,1.290697,1.207125
2011-09-19,1.217548,1.272021,1.285860,1.303534,1.182947,1.244239,1.223732,1.160524,1.344968,1.254087,1.244343,1.024403,1.381338,1.251199,0.909267,,1.280285,1.195105
2011-09-20,1.211518,1.286973,1.276953,1.303644,1.170474,1.246752,1.206470,1.144335,1.335822,1.243682,1.251643,1.022173,1.375966,1.260287,0.896628,,1.286057,1.193714
2011-09-21,1.169440,1.260543,1.220657,1.238952,1.124197,1.220310,1.150921,1.123670,1.280022,1.209805,1.214447,0.974447,1.339430,1.237423,0.864403,,1.249261,1.158550
2011-09-22,1.130418,1.233964,1.165146,1.200537,1.081569,1.199902,1.102257,1.079975,1.203203,1.175589,1.184891,0.947182,1.298266,1.218592,0.824371,,1.222290,1.121100
2011-09-23,1.139562,1.245800,1.165420,1.211345,1.095755,1.205408,1.108619,1.096302,1.189055,1.190411,1.189200,0.954607,1.317407,1.226099,0.827689,,1.231220,1.127855
2011-09-26,1.167578,1.256475,1.207906,1.238318,1.123856,1.222954,1.144564,1.112668,1.232113,1.215432,1.212358,0.990575,1.342151,1.241981,0.848756,,1.251957,1.154676
2011-09-27,1.182148,1.261005,1.231000,1.252270,1.143872,1.233957,1.161294,1.133233,1.246630,1.232155,1.235492,0.997045,1.347349,1.251282,0.859801,,1.262588,1.167589
2011-09-28,1.152119,1.246972,1.185026,1.223000,1.114937,1.207368,1.122420,1.109623,1.202533,1.206054,1.207855,0.968233,1.318667,1.234817,0.832478,,1.241331,1.143749
2011-09-29,1.162557,1.268519,1.185788,1.242874,1.129790,1.222777,1.134754,1.105639,1.208301,1.188950,1.208654,0.997151,1.308637,1.249273,0.822479,,1.255857,1.152788
2011-09-30,1.129624,1.254010,1.145029,1.205302,1.093058,1.211566,1.097136,1.067038,1.167707,1.164932,1.188642,0.962456,1.264370,1.238025,0.794096,,1.235796,1.123981
2011-10-03,1.090344,1.222466,1.118903,1.156040,1.057103,1.187333,1.051460,1.028626,1.128324,1.134927,1.144609,0.921675,1.221121,1.216323,0.765666,,1.203155,1.091995
2011-10-04,1.122619,1.217239,1.156237,1.194101,1.094405,1.202100,1.093215,1.066482,1.168188,1.160204,1.161473,0.958410,1.258998,1.221281,0.788421,,1.222464,1.115935
2011-10-05,1.146522,1.222336,1.206868,1.190694,1.121922,1.207457,1.121034,1.101339,1.222993,1.182026,1.178842,0.977266,1.284770,1.225475,0.809480,,1.236087,1.136597
2011-10-06,1.173186,1.245848,1.229115,1.220296,1.146944,1.230146,1.150798,1.127598,1.256398,1.202536,1.193128,1.006851,1.319047,1.242055,0.829635,,1.258065,1.157159
2011-10-07,1.159924,1.246865,1.206446,1.190595,1.135924,1.233535,1.142065,1.123666,1.233758,1.182554,1.182254,0.971944,1.314846,1.247366,0.821818,,1.252132,1.149411
2011-10-10,1.200904,1.273264,1.255710,1.247641,1.178175,1.254745,1.183508,1.158580,1.294507,1.217489,1.213878,1.019103,1.364760,1.269932,0.855464,,1.289345,1.187854
2011-10-11,1.201150,1.258669,1.264180,1.226329,1.182836,1.253665,1.190514,1.158359,1.299320,1.211062,1.212731,1.018059,1.369351,1.262417,0.858394,,1.278213,1.189046
2011-10-12,1.215109,1.257538,1.277439,1.252971,1.198200,1.261585,1.205591,1.169393,1.310456,1.236322,1.217567,1.043420,1.378433,1.265009,0.866422,,1.286743,1.199476
2011-10-13,1.211380,1.260760,1.271445,1.243298,1.188136,1.259910,1.206565,1.178397,1.310690,1.250128,1.213398,1.025288,1.374783,1.266242,0.869583,,1.282776,1.197092
2011-10-14,1.231134,1.271757,1.301107,1.274917,1.208794,1.269933,1.232729,1.193446,1.364982,1.274506,1.225706,1.038454,1.394357,1.275664,0.890852,,1.296899,1.217555
2011-10-17,1.201714,1.266702,1.261840,1.241558,1.177384,1.254501,1.193369,1.161996,1.329180,1.255532,1.203851,1.006119,1.364281,1.265670,0.872012,,1.280663,1.194310
2011-10-18,1.235500,1.279667,1.289198,1.288052,1.214676,1.272233,1.241422,1.184945,1.373388,1.265007,1.218460,1.053319,1.401595,1.277025,0.885612,,1.301778,1.217654
2011-10-19,1.218194,1.280228,1.255000,1.264155,1.199369,1.263605,1.219165,1.158047,1.362301,1.247563,1.218567,1.034011,1.375454,1.272988,0.871022,,1.291249,1.203251
2011-10-20,1.227129,1.288243,1.268826,1.273939,1.207398,1.268696,1.231292,1.155862,1.374872,1.257444,1.223211,1.050749,1.383605,1.277862,0.873833,,1.298333,1.208515
2011-10-21,1.255448,1.309573,1.304522,1.319293,1.236399,1.290354,1.260637,1.179134,1.397942,1.288208,1.250336,1.078469,1.417938,1.297359,0.892369,,1.322346,1.231462
2011-10-24,1.278726,1.307295,1.329124,1.354148,1.260976,1.284493,1.298261,1.210932,1.411625,1.298252,1.271442,1.101778,1.448068,1.293890,0.915032,,1.333938,1.246561
2011-10-25,1.247534,1.288781,1.303583,1.325316,1.234812,1.268464,1.261595,1.179518,1.370122,1.223850,1.251146,1.063661,1.415240,1.278017,0.889016,,1.313733,1.222323
2011-10-26,1.263760,1.296844,1.328808,1.338275,1.240674,1.278286,1.288334,1.193858,1.410201,1.247974,1.263442,1.086044,1.414610,1.284964,0.900113,,1.329472,1.234740
2011-10-27,1.317372,1.326227,1.390715,1.395578,1.298494,1.294593,1.354261,1.250622,1.477295,1.273218,1.299198,1.153787,1.472285,1.306264,0.936956,,1.367066,1.277752
2011-10-28,1.319114,1.317807,1.394346,1.412727,1.298792,1.294317,1.359015,1.261868,1.490604,1.263713,1.306325,1.147476,1.465812,1.301759,0.942183,,1.364159,1.277454
2011-10-31,1.283827,1.306759,1.339742,1.389373,1.264785,1.278613,1.312317,1.226940,1.426550,1.239045,1.277664,1.104805,1.434566,1.290444,0.916525,,1.342427,1.246660
2011-11-01,1.246041,1.276176,1.304310,1.345584,1.225037,1.255227,1.280043,1.185319,1.378434,1.197430,1.245318,1.054029,1.406899,1.267795,0.897388,,1.309373,1.211893
2011-11-02,1.270480,1.298484,1.336802,1.370758,1.249627,1.264260,1.308578,1.200273,1.430826,1.232039,1.256459,1.086412,1.429455,1.279674,0.910978,,1.327270,1.231661
2011-11-03,1.296448,1.316989,1.365307,1.388381,1.283054,1.286407,1.329033,1.239500,1.465914,1.270962,1.275563,1.106048,1.456830,1.296287,0.923972,,1.348318,1.254110
2011-11-04,1.289458,1.311937,1.360920,1.368883,1.275330,1.279239,1.322890,1.239239,1.465655,1.257974,1.263457,1.095364,1.455669,1.289514,0.919817,,1.340259,1.246462
2011-11-07,1.295190,1.317728,1.371850,1.372014,1.274020,1.288431,1.326809,1.240382,1.477377,1.263940,1.277877,1.103074,1.459518,1.299094,0.919903,,1.346947,1.254210
2011-11-08,1.311063,1.326094,1.376173,1.385586,1.291640,1.298352,1.343656,1.255719,1.502923,1.268375,1.290919,1.123510,1.481359,1.307977,0.927809,,1.358495,1.270302
2011-11-09,1.257870,1.293849,1.312828,1.321050,1.239392,1.267706,1.278947,1.196685,1.439648,1.223813,1.251215,1.067081,1.427148,1.278814,0.897518,,1.318651,1.223416
2011-11-10,1.268913,1.304402,1.326264,1.322007,1.251036,1.279182,1.290231,1.205166,1.464873,1.230924,1.263962,1.078238,1.435541,1.290194,0.902940,,1.329244,1.234939
2011-11-11,1.297310,1.324257,1.355614,1.358902,1.282343,1.294357,1.323618,1.239230,1.491072,1.262826,1.286544,1.102754,1.467560,1.305521,0.921972,,1.353009,1.258183
2011-11-14,1.283370,1.308107,1.344316,1.331629,1.273366,1.288084,1.306655,1.227079,1.471733,1.246961,1.279051,1.083784,1.456663,1.294492,0.913873,,1.337576,1.246263
2011-11-15,1.290777,1.312301,1.346133,1.346648,1.283950,1.293415,1.314691,1.240970,1.475432,1.251104,1.282064,1.089205,1.463093,1.299058,0.920867,,1.343469,1.252422
2011-11-16,1.269068,1.294245,1.318407,1.327643,1.265785,1.276980,1.290689,1.233997,1.439331,1.221498,1.255750,1.061941,1.440895,1.282092,0.899938,,1.322983,1.232555
2011-11-17,1.244760,1.286852,1.276163,1.302821,1.241280,1.267057,1.265575,1.196465,1.402342,1.196768,1.237253,1.040435,1.415438,1.274358,0.885970,,1.308656,1.212986
2011-11-18,1.245634,1.296088,1.285897,1.312668,1.244245,1.273663,1.264377,1.185951,1.398507,1.195561,1.232597,1.046433,1.412869,1.280607,0.884051,,1.315704,1.211694
2011-11-21,1.221838,1.278639,1.268610,1.279313,1.215704,1.256284,1.240441,1.164577,1.370877,1.173822,1.211386,1.020954,1.387438,1.265021,0.871079,,1.291242,1.188648
2011-11-22,1.214632,1.262702,1.262184,1.273911,1.209040,1.257299,1.228864,1.152232,1.358372,1.161903,1.216029,1.012229,1.388012,1.257765,0.872580,,1.283867,1.183980
2011-11-23,1.185290,1.241698,1.230052,1.242293,1.179615,1.239285,1.192037,1.120837,1.316885,1.135366,1.197524,0.983193,1.356911,1.239624,0.854241,,1.257063,1.157854
2011-11-25,1.183613,1.246668,1.222225,1.250047,1.177907,1.243606,1.190961,1.112943,1.306176,1.124596,1.192729,0.985142,1.354956,1.244485,0.851527,,1.259671,1.155669
2011-11-28,1.221138,1.262894,1.263257,1.279539,1.223624,1.265711,1.234723,1.156078,1.354662,1.167427,1.224884,1.016513,1.400040,1.262325,0.876565,,1.288431,1.189145
2011-11-29,1.222262,1.277438,1.264126,1.279933,1.223320,1.275664,1.231581,1.150106,1.375380,1.162034,1.228415,1.011744,1.406162,1.273141,0.877151,,1.295577,1.192522
2011-11-30,1.278985,1.314417,1.325995,1.347061,1.283905,1.308690,1.292737,1.209182,1.450105,1.201969,1.277576,1.079048,1.451046,1.308275,0.908118,,1.348069,1.241594
2011-12-01,1.276364,1.312226,1.321170,1.329317,1.280095,1.305683,1.288425,1.211488,1.444264,1.208195,1.278960,1.072580,1.456191,1.307206,0.910993,,1.343224,1.241395
2011-12-02,1.274997,1.297537,1.312097,1.331181,1.278524,1.303639,1.285921,1.210786,1.439738,1.217200,1.261417,1.082198,1.464497,1.299251,0.908177,,1.335319,1.240303
2011-12-05,1.291706,1.308449,1.320475,1.343436,1.294620,1.311555,1.308535,1.230040,1.457276,1.231499,1.264905,1.103489,1.490877,1.307431,0.915703,,1.346109,1.253812
2011-12-06,1.290529,1.310238,1.336281,1.342036,1.293559,1.315348,1.304391,1.226128,1.448910,1.238265,1.266397,1.102682,1.481295,1.312176,0.912469,,1.350346,1.254210
2011-12-07,1.292763,1.306867,1.339004,1.350269,1.288626,1.317271,1.304309,1.233472,1.430839,1.241445,1.268735,1.112466,1.486399,1.313464,0.912079,,1.353862,1.258879
2011-12-08,1.261898,1.284033,1.302525,1.318019,1.257090,1.305572,1.272631,1.204809,1.390119,1.211738,1.240406,1.072641,1.456594,1.298932,0.896111,,1.329938,1.231263
2011-12-09,1.284191,1.302707,1.320026,1.346325,1.283804,1.316131,1.292843,1.228728,1.423189,1.233275,1.256025,1.097510,1.482043,1.313690,0.911044,,1.350737,1.252124
2011-12-12,1.265549,1.290400,1.311991,1.320664,1.263544,1.305315,1.275326,1.202666,1.389707,1.239296,1.240806,1.071611,1.472887,1.303639,0.898895,,1.336488,1.233846
2011-12-13,1.249512,1.296486,1.292016,1.307869,1.245984,1.298644,1.251508,1.184474,1.375379,1.231700,1.236040,1.055986,1.433949,1.304686,0.883843,,1.330719,1.222323
2011-12-14,1.234074,1.283379,1.273369,1.311162,1.227716,1.292875,1.233342,1.157061,1.333273,1.212552,1.227914,1.051747,1.412326,1.298138,0.870228,,1.325765,1.209310
2011-12-15,1.239781,1.303196,1.279655,1.331193,1.235970,1.306446,1.234521,1.154875,1.330761,1.215135,1.238590,1.051455,1.420643,1.313048,0.873536,,1.340358,1.213681
2011-12-16,1.244807,1.303241,1.288720,1.342894,1.245032,1.306209,1.237771,1.160763,1.343874,1.214991,1.239381,1.056054,1.428485,1.312759,0.876071,,1.344404,1.215480
2011-12-19,1.226512,1.292480,1.269286,1.322223,1.229344,1.300690,1.211588,1.139728,1.320734,1.194545,1.232207,1.034733,1.408437,1.307215,0.867637,,1.331143,1.202485
2011-12-20,1.268701,1.322161,1.312637,1.372198,1.274765,1.320716,1.264550,1.184652,1.371833,1.230820,1.267148,1.074572,1.451367,1.331886,0.894674,,1.367682,1.238872
2011-12-21,1.271246,1.340181,1.318683,1.377312,1.277514,1.336500,1.269262,1.158997,1.388004,1.231812,1.274579,1.081579,1.444147,1.347162,0.894970,,1.379580,1.241271
2011-12-22,1.286678,1.342728,1.332309,1.397508,1.288934,1.335487,1.294842,1.188663,1.397969,1.247004,1.285760,1.100104,1.445996,1.347774,0.899963,,1.388516,1.252268
2011-12-23,1.297120,1.352817,1.349512,1.402862,1.301215,1.347679,1.305195,1.198633,1.407861,1.250928,1.295217,1.108630,1.458934,1.358235,0.909157,,1.398961,1.263464
2011-12-27,1.296581,1.363192,1.351730,1.408561,1.302061,1.350895,1.296336,1.196848,1.411065,1.252018,1.297640,1.101735,1.465203,1.364135,0.913217,,1.401422,1.264463
2011-12-28,1.278365,1.354661,1.322876,1.392264,1.280980,1.340932,1.278189,1.178913,1.381473,1.238107,1.279773,1.084278,1.443874,1.356654,0.902530,,1.387813,1.247869
2011-12-29,1.293798,1.365634,1.336704,1.407279,1.299275,1.349915,1.293972,1.192352,1.396613,1.252234,1.294142,1.102878,1.461228,1.367089,0.910313,,1.400159,1.260765
2011-12-30,1.288664,1.357167,1.337202,1.401383,1.291982,1.341111,1.290405,1.189252,1.401935,1.261025,1.290183,1.094621,1.452369,1.359626,0.904026,,1.395366,1.254567
2012-01-03,1.306710,1.339075,1.373606,1.417820,1.314830,1.337692,1.314189,1.205076,1.431709,1.290643,1.311775,1.119954,1.465091,1.351270,0.907586,,1.397617,1.274560
2012-01-04,1.305148,1.331813,1.380505,1.396719,1.321616,1.333746,1.310144,1.204822,1.435302,1.299680,1.305380,1.113729,1.475825,1.345546,0.907291,,1.386910,1.276559
2012-01-05,1.311350,1.335630,1.382584,1.407909,1.325340,1.329760,1.315432,1.216445,1.423509,1.283669,1.310081,1.126805,1.493502,1.344776,0.913192,,1.390718,1.279958
2012-01-06,1.309841,1.327532,1.379580,1.402997,1.322751,1.323331,1.314212,1.219592,1.422371,1.293916,1.316305,1.120044,1.495622,1.339416,0.910213,,1.383276,1.276659
2012-01-09,1.314345,1.329081,1.381546,1.398721,1.329804,1.324425,1.318878,1.228747,1.424859,1.314988,1.318597,1.125102,1.496280,1.339764,0.911241,,1.384833,1.279758
2012-01-10,1.332392,1.332010,1.407735,1.423561,1.352697,1.333054,1.341900,1.244614,1.440883,1.321590,1.334513,1.148733,1.508835,1.346734,0.914216,,1.397826,1.290854
2012-01-11,1.334018,1.324929,1.422434,1.439213,1.358849,1.328357,1.335452,1.251615,1.421223,1.319317,1.337854,1.150056,1.523476,1.343355,0.909345,,1.398603,1.291554
2012-01-12,1.338757,1.322761,1.438437,1.433365,1.371938,1.331557,1.341276,1.253629,1.408966,1.328303,1.341306,1.157798,1.527498,1.345081,0.910291,,1.398433,1.294653
2012-01-13,1.331324,1.322796,1.434532,1.436157,1.363312,1.328855,1.331277,1.238628,1.404082,1.326221,1.334551,1.150142,1.518852,1.343501,0.907998,,1.395101,1.287955
2012-01-17,1.335101,1.323282,1.440360,1.445384,1.370159,1.335256,1.331714,1.246628,1.415213,1.332436,1.347067,1.143163,1.521413,1.347166,0.913190,,1.400446,1.292954
2012-01-18,1.354888,1.322009,1.450708,1.455461,1.384174,1.340141,1.363262,1.282393,1.443766,1.350592,1.358876,1.158434,1.553874,1.350715,0.919876,,1.410156,1.307249
2012-01-19,1.364664,1.308165,1.450304,1.465043,1.397689,1.343934,1.375722,1.301023,1.448761,1.371251,1.364470,1.170958,1.566994,1.348071,0.920435,,1.407813,1.314146
2012-01-20,1.362809,1.311588,1.453334,1.470339,1.389635,1.343819,1.369327,1.305600,1.451045,1.344939,1.360982,1.175740,1.556133,1.348891,0.917496,,1.408563,1.319045
2012-01-23,1.363281,1.315990,1.450489,1.473821,1.385754,1.343693,1.374875,1.306800,1.464711,1.329908,1.357590,1.176053,1.551845,1.347190,0.920171,,1.411448,1.315646
2012-01-24,1.365757,1.306833,1.446634,1.480212,1.386296,1.339167,1.377936,1.315670,1.466619,1.319524,1.366712,1.175537,1.566769,1.341661,0.920449,,1.408166,1.314146
2012-01-25,1.377873,1.331467,1.470032,1.499427,1.406213,1.350129,1.392115,1.315499,1.485439,1.331840,1.379739,1.177981,1.577181,1.355852,0.925269,,1.423804,1.325142
2012-01-26,1.371046,1.335119,1.467724,1.509859,1.403371,1.343981,1.380037,1.308225,1.460463,1.358410,1.367965,1.166374,1.570545,1.354316,0.916676,,1.423487,1.318345
2012-01-27,1.373040,1.316589,1.475031,1.510420,1.403967,1.334451,1.390586,1.313348,1.460747,1.365728,1.372312,1.171342,1.569571,1.342558,0.915969,,1.414065,1.317745
2012-01-30,1.365195,1.309714,1.471816,1.493079,1.398690,1.330129,1.374720,1.309048,1.459350,1.366636,1.368679,1.159655,1.564564,1.338115,0.913546,,1.407822,1.313247
2012-01-31,1.365908,1.313926,1.472810,1.504894,1.397590,1.331140,1.371640,1.310802,1.456707,1.360659,1.374284,1.162597,1.558771,1.340164,0.915455,,1.410091,1.312747
2012-02-01,1.383710,1.321407,1.485993,1.510842,1.414655,1.343294,1.394718,1.330913,1.467541,1.379556,1.395116,1.184579,1.574242,1.348182,0.922911,,1.425565,1.324243
2012-02-02,1.384460,1.317554,1.478843,1.510367,1.414056,1.347415,1.395712,1.329612,1.472528,1.380184,1.387874,1.194231,1.573347,1.347149,0.922459,,1.425805,1.326342
2012-02-03,1.408914,1.323056,1.499171,1.536169,1.441937,1.352598,1.433106,1.355005,1.496374,1.405452,1.397827,1.225942,1.601961,1.351472,0.932524,,1.436305,1.344936
2012-02-06,1.405696,1.316863,1.498179,1.528850,1.437022,1.347648,1.434122,1.346700,1.512878,1.418407,1.393507,1.220333,1.596672,1.348316,0.929522,,1.432763,1.344036
2012-02-07,1.408000,1.327895,1.496915,1.527845,1.437161,1.346750,1.435562,1.350215,1.517753,1.419266,1.393780,1.221441,1.604467,1.350880,0.934585,,1.440026,1.347435
2012-02-08,1.411872,1.329831,1.502760,1.527270,1.440948,1.343995,1.439043,1.357196,1.513222,1.418059,1.392035,1.231626,1.613882,1.349733,0.936831,,1.442600,1.351433
2012-02-09,1.414718,1.326462,1.508382,1.518242,1.446720,1.348735,1.441993,1.369280,1.513329,1.422927,1.386282,1.231177,1.623753,1.349299,0.940870,,1.442700,1.353133
2012-02-10,1.404602,1.324784,1.483209,1.499836,1.436239,1.342323,1.437469,1.349928,1.491710,1.417331,1.379888,1.221997,1.615117,1.345146,0.936414,,1.435479,1.343136
2012-02-13,1.413491,1.321441,1.486873,1.520621,1.455664,1.345810,1.445793,1.355199,1.501362,1.422561,1.386037,1.231505,1.630302,1.346855,0.941582,,1.440360,1.353133
2012-02-14,1.410577,1.323781,1.475311,1.501742,1.447167,1.349833,1.440248,1.359916,1.506946,1.426999,1.388294,1.222333,1.628642,1.348730,0.942191,,1.438074,1.351433
2012-02-15,1.405515,1.320666,1.475693,1.493618,1.428397,1.345480,1.438918,1.357682,1.511225,1.429380,1.384965,1.219069,1.615712,1.344556,0.936669,,1.430803,1.345135
2012-02-16,1.422278,1.336266,1.492610,1.508816,1.444054,1.350249,1.457373,1.384670,1.533036,1.437497,1.395329,1.238971,1.628924,1.350825,0.944850,,1.441150,1.360030
2012-02-17,1.425971,1.337035,1.495822,1.511111,1.446894,1.352390,1.467899,1.380974,1.537992,1.444235,1.390378,1.246496,1.637100,1.353624,0.950143,,1.446459,1.363629
2012-02-21,1.422578,1.335255,1.507195,1.490926,1.447985,1.345432,1.463496,1.374113,1.555494,1.439903,1.381144,1.245495,1.630503,1.349074,0.947853,,1.443465,1.364229
2012-02-22,1.416241,1.334882,1.506128,1.479654,1.443550,1.342854,1.457535,1.366789,1.559964,1.427190,1.379595,1.232049,1.618530,1.348013,0.949201,,1.438862,1.359830
2012-02-23,1.423729,1.331654,1.514122,1.496413,1.450380,1.346730,1.466257,1.367162,1.568644,1.454694,1.381610,1.246067,1.629420,1.349028,0.952554,,1.443807,1.365828
2012-02-24,1.425043,1.337364,1.509952,1.498074,1.447027,1.350013,1.470365,1.369517,1.565982,1.454238,1.393276,1.242281,1.626336,1.354518,0.956357,,1.447803,1.368827
2012-02-27,1.427150,1.334192,1.516129,1.498247,1.451066,1.349923,1.471611,1.370910,1.558126,1.449820,1.393894,1.247916,1.636172,1.353525,0.958604,,1.449983,1.371127
2012-02-28,1.429053,1.329684,1.514757,1.484589,1.449569,1.352574,1.471176,1.376704,1.554237,1.455141,1.399690,1.251762,1.648912,1.354329,0.959942,,1.449315,1.375125
2012-02-29,1.421534,1.331764,1.486740,1.483976,1.442184,1.356856,1.458612,1.359069,1.541337,1.446617,1.390649,1.246241,1.653603,1.354298,0.958743,,1.448361,1.369727
2012-03-01,1.430286,1.334722,1.496600,1.494027,1.448947,1.360898,1.470135,1.364884,1.562797,1.461143,1.395004,1.258270,1.662613,1.356640,0.967549,,1.452585,1.376825
2012-03-02,1.423600,1.334956,1.488134,1.490895,1.437853,1.360826,1.458320,1.359470,1.546269,1.462176,1.389754,1.250701,1.660219,1.357487,0.965046,,1.451334,1.372626
2012-03-05,1.419271,1.336103,1.465454,1.495385,1.432266,1.366065,1.461383,1.340964,1.538574,1.448320,1.384606,1.245659,1.661535,1.362304,0.964958,,1.451830,1.367028
2012-03-06,1.394364,1.326346,1.437470,1.467447,1.398123,1.353170,1.433451,1.321877,1.510337,1.423726,1.366140,1.215522,1.631449,1.352748,0.950860,,1.436910,1.347035
2012-03-07,1.405799,1.329226,1.448108,1.473420,1.411404,1.356448,1.445983,1.335307,1.526851,1.427501,1.371388,1.229945,1.654161,1.355795,0.955971,,1.440100,1.356432
2012-03-08,1.421739,1.336318,1.468209,1.473934,1.432282,1.364420,1.465885,1.351007,1.545128,1.444113,1.391857,1.241352,1.677095,1.362043,0.965796,,1.447502,1.369927
2012-03-09,1.430188,1.342554,1.468470,1.485123,1.438650,1.369079,1.476880,1.364158,1.546686,1.448585,1.397803,1.250991,1.689097,1.367715,0.969176,,1.451178,1.375225
2012-03-12,1.428252,1.355385,1.461772,1.492055,1.439001,1.376313,1.470467,1.359295,1.534445,1.440282,1.393022,1.245743,1.690252,1.377176,0.972217,,1.462131,1.375325
2012-03-13,1.454762,1.360087,1.480674,1.530035,1.467731,1.388283,1.497139,1.390810,1.555306,1.463485,1.413033,1.286195,1.718286,1.384440,0.982699,,1.475669,1.400117
2012-03-14,1.450521,1.339640,1.473650,1.526057,1.460474,1.383745,1.497254,1.387664,1.536336,1.452692,1.415527,1.287895,1.714148,1.375686,0.981096,,1.465424,1.398617
2012-03-15,1.463218,1.338741,1.477964,1.529506,1.480519,1.387259,1.511350,1.403891,1.537133,1.467769,1.421581,1.311757,1.728014,1.376679,0.982697,,1.467429,1.406714
2012-03-16,1.464026,1.336432,1.486820,1.537148,1.478096,1.386631,1.511264,1.406243,1.553522,1.469076,1.423239,1.311064,1.723575,1.373116,0.981865,,1.465899,1.408662
2012-03-19,1.467676,1.329146,1.493098,1.549866,1.478202,1.386907,1.516067,1.409973,1.564093,1.480632,1.423113,1.317027,1.731682,1.373061,0.984267,,1.468271,1.414184
2012-03-20,1.461293,1.332389,1.488547,1.543226,1.461097,1.386526,1.504085,1.401641,1.544112,1.476624,1.415595,1.318730,1.732465,1.373810,0.984541,,1.467100,1.410068
2012-03-21,1.460453,1.332199,1.487822,1.540760,1.463420,1.389445,1.501491,1.403641,1.523132,1.487608,1.413486,1.314702,1.737044,1.372912,0.984651,,1.467268,1.407758
2012-03-22,1.447194,1.331881,1.466520,1.518844,1.446682,1.392373,1.474434,1.398846,1.486944,1.486533,1.407620,1.298200,1.730450,1.372345,0.983798,,1.462259,1.397618
2012-03-23,1.453240,1.333351,1.482787,1.525094,1.449899,1.395592,1.487490,1.400781,1.503085,1.485894,1.410788,1.308469,1.725575,1.373428,0.983675,,1.462914,1.402136
2012-03-26,1.473880,1.343495,1.501594,1.539784,1.473028,1.407240,1.506695,1.422820,1.514932,1.503071,1.440046,1.330904,1.755422,1.385127,0.997879,,1.477498,1.421815
2012-03-27,1.469484,1.348159,1.498242,1.539968,1.469232,1.407252,1.497205,1.421866,1.499924,1.489629,1.441850,1.318746,1.756447,1.387764,0.998153,,1.477986,1.417397
2012-03-28,1.459730,1.335734,1.476537,1.532332,1.454595,1.404053,1.483992,1.409816,1.479843,1.480773,1.434689,1.320132,1.746213,1.381109,0.993011,,1.467370,1.410369
2012-03-29,1.456426,1.340191,1.472849,1.529334,1.456202,1.404263,1.478551,1.409134,1.473740,1.467298,1.439993,1.306823,1.739082,1.382019,0.993643,,1.467115,1.407959
2012-03-30,1.461557,1.347644,1.479717,1.542569,1.458749,1.411335,1.481472,1.410428,1.484139,1.471451,1.449656,1.314731,1.734973,1.389910,0.995965,,1.472851,1.413783
2012-04-02,1.472201,1.353591,1.500494,1.551693,1.471729,1.422771,1.496380,1.419089,1.500652,1.475610,1.455167,1.327033,1.736146,1.398372,1.004367,,1.482627,1.424124
2012-04-03,1.465265,1.354901,1.483418,1.539524,1.462004,1.414135,1.491133,1.405656,1.487627,1.470547,1.451947,1.321477,1.738007,1.397386,1.006315,,1.480752,1.418301
2012-04-04,1.450551,1.350942,1.463357,1.520244,1.451514,1.407308,1.477767,1.383102,1.472555,1.454181,1.438571,1.304033,1.719121,1.392949,0.999057,,1.471971,1.404244
2012-04-05,1.447710,1.340773,1.461102,1.514576,1.447254,1.400477,1.470441,1.382016,1.462359,1.456302,1.440854,1.304149,1.727946,1.389324,1.004226,,1.467034,1.403541
2012-04-09,1.428636,1.333615,1.442950,1.497735,1.422601,1.386977,1.446668,1.363118,1.447258,1.430878,1.418805,1.281890,1.721087,1.379330,0.994604,,1.456211,1.387778
2012-04-10,1.401398,1.313392,1.416030,1.467358,1.393067,1.373818,1.414784,1.343296,1.420366,1.398948,1.398812,1.254797,1.670493,1.363464,0.972523,,1.436564,1.364484
2012-04-11,1.415548,1.315647,1.429674,1.491971,1.408140,1.379660,1.430277,1.356394,1.418327,1.415663,1.407685,1.271490,1.704507,1.368751,0.984927,,1.445920,1.375529
2012-04-12,1.437881,1.321924,1.466377,1.517167,1.435918,1.385493,1.460049,1.377525,1.448705,1.442821,1.420144,1.296007,1.727195,1.374083,0.996892,,1.459227,1.393501
2012-04-13,1.420827,1.316030,1.451878,1.503214,1.418737,1.383633,1.439414,1.358102,1.427269,1.425996,1.399568,1.268030,1.723386,1.367870,0.996184,,1.451397,1.376935
2012-04-16,1.420084,1.329217,1.454734,1.518841,1.422814,1.387645,1.427646,1.355749,1.410994,1.418521,1.395462,1.274558,1.712884,1.377986,0.990777,,1.458807,1.376031
2012-04-17,1.441202,1.339475,1.475970,1.535533,1.445219,1.402020,1.452734,1.383417,1.436178,1.436506,1.418911,1.293510,1.729964,1.390778,1.003392,,1.473337,1.396413
2012-04-18,1.434177,1.335101,1.470097,1.520606,1.438117,1.399374,1.441234,1.372799,1.433482,1.427699,1.416408,1.283021,1.735450,1.387349,1.005656,,1.470913,1.391694
2012-04-19,1.428684,1.330469,1.467299,1.523112,1.423380,1.395790,1.434313,1.363548,1.430798,1.427645,1.419855,1.278011,1.729838,1.383396,0.999293,,1.465019,1.382758
2012-04-20,1.430849,1.345775,1.469230,1.539777,1.430228,1.404871,1.434091,1.352425,1.429814,1.431137,1.425130,1.273642,1.734273,1.394547,1.005061,,1.476179,1.385067
2012-04-23,1.416778,1.337124,1.452195,1.517785,1.413892,1.387733,1.420123,1.338634,1.428117,1.413104,1.413356,1.263320,1.712167,1.383005,0.993844,,1.463943,1.373420
2012-04-24,1.422282,1.349300,1.448063,1.540192,1.430013,1.395509,1.423461,1.325590,1.441533,1.405287,1.413218,1.277199,1.711915,1.392689,0.989867,,1.473653,1.378641
2012-04-25,1.441087,1.357113,1.480602,1.559928,1.436101,1.403325,1.448054,1.353134,1.459267,1.411888,1.434285,1.294123,1.741738,1.401005,1.011224,,1.484273,1.397517
2012-04-26,1.450146,1.366087,1.484363,1.566801,1.445499,1.414025,1.448437,1.362625,1.476032,1.411693,1.435852,1.305601,1.773128,1.410718,1.023759,,1.492679,1.407256
2012-04-27,1.456146,1.370273,1.493290,1.576136,1.451877,1.415923,1.454796,1.359674,1.479435,1.415141,1.441670,1.305224,1.810952,1.415134,1.029340,,1.502986,1.409566
2012-04-30,1.451030,1.374936,1.485292,1.571509,1.439276,1.415566,1.447566,1.355538,1.491856,1.411512,1.437348,1.297925,1.801076,1.416141,1.021903,,1.503860,1.404345
2012-05-01,1.460571,1.382071,1.495042,1.588024,1.441035,1.420461,1.461255,1.364423,1.514054,1.415189,1.446048,1.307872,1.812131,1.418356,1.028877,,1.512496,1.413080
2012-05-02,1.457752,1.370773,1.490993,1.587476,1.443451,1.421289,1.460446,1.363514,1.488995,1.415078,1.446118,1.294571,1.827149,1.415558,1.036973,,1.504054,1.408863
2012-05-03,1.441848,1.362356,1.477785,1.577871,1.431433,1.413376,1.435955,1.340415,1.461754,1.405314,1.438250,1.281732,1.805334,1.410726,1.028718,,1.497815,1.398120
2012-05-04,1.418723,1.362266,1.451387,1.561902,1.409083,1.398571,1.407864,1.310234,1.429800,1.372456,1.419343,1.260477,1.773333,1.404669,1.009637,,1.489467,1.375529
2012-05-07,1.418949,1.359107,1.456959,1.573344,1.409029,1.405533,1.406137,1.298517,1.429262,1.385039,1.423090,1.263215,1.772053,1.405302,1.009300,,1.489013,1.376533
2012-05-08,1.410085,1.361795,1.445504,1.564430,1.405442,1.404708,1.385830,1.289389,1.422614,1.372443,1.423822,1.256260,1.747730,1.406349,0.991885,,1.484901,1.371011
2012-05-09,1.405608,1.361722,1.434817,1.556940,1.389497,1.399684,1.397338,1.287829,1.412901,1.393361,1.411802,1.242679,1.744315,1.399952,0.985674,,1.478131,1.362878
2012-05-10,1.407590,1.380211,1.427494,1.559058,1.390870,1.408661,1.399683,1.271727,1.422340,1.387958,1.419048,1.248564,1.741989,1.411742,0.986557,,1.488609,1.365689
2012-05-11,1.405559,1.381001,1.422036,1.562954,1.387783,1.405409,1.396140,1.275361,1.411822,1.403794,1.418174,1.241399,1.740840,1.411617,0.987240,,1.486262,1.361573
2012-05-14,1.388460,1.376568,1.400905,1.539712,1.371574,1.399087,1.375107,1.263409,1.385383,1.386081,1.409340,1.218707,1.714003,1.407310,0.972791,,1.477102,1.346512
2012-05-15,1.379320,1.366463,1.377426,1.530875,1.363347,1.398599,1.357029,1.257578,1.358790,1.382213,1.404210,1.211151,1.718554,1.403922,0.971324,,1.468544,1.338781
2012-05-16,1.368616,1.368808,1.358980,1.510868,1.358647,1.403511,1.334132,1.239849,1.353632,1.381775,1.402001,1.193047,1.719076,1.407801,0.968275,,1.470706,1.333661
2012-05-17,1.342331,1.359435,1.331242,1.471026,1.326086,1.389434,1.300595,1.220611,1.340962,1.360405,1.387817,1.170666,1.657241,1.397283,0.941491,,1.454983,1.313881
2012-05-18,1.330255,1.356498,1.331849,1.456528,1.317595,1.381966,1.289254,1.195515,1.333825,1.345682,1.372712,1.159188,1.644339,1.392815,0.934598,,1.448259,1.302636
2012-05-21,1.355140,1.363621,1.375296,1.491470,1.348132,1.388740,1.321756,1.223845,1.370453,1.365728,1.393997,1.173584,1.673636,1.396849,0.954219,,1.460498,1.325026
2012-05-22,1.356995,1.373413,1.365529,1.492801,1.353944,1.392447,1.326731,1.221777,1.366234,1.354323,1.389743,1.175646,1.680940,1.401287,0.958932,,1.463126,1.327335
2012-05-23,1.363030,1.365871,1.382769,1.500029,1.366719,1.390995,1.335743,1.225000,1.371102,1.363893,1.385538,1.179095,1.704973,1.397436,0.964759,,1.465626,1.328038
2012-05-24,1.364788,1.373622,1.395575,1.504849,1.366038,1.401807,1.333835,1.210085,1.367252,1.364895,1.399120,1.183782,1.708149,1.406526,0.967378,,1.470360,1.330648
2012-05-25,1.367173,1.377528,1.392794,1.500149,1.358586,1.406186,1.349732,1.216837,1.369001,1.363610,1.398599,1.180568,1.707104,1.408105,0.965693,,1.472385,1.326331
2012-05-29,1.384952,1.383984,1.414682,1.525425,1.377026,1.413762,1.373283,1.235765,1.394262,1.372514,1.406958,1.196308,1.735563,1.414741,0.978280,,1.483289,1.342396
2012-05-30,1.360022,1.371629,1.385871,1.489079,1.351867,1.404424,1.340641,1.214952,1.353669,1.350615,1.392654,1.170505,1.702203,1.404932,0.966716,,1.467897,1.322917
2012-05-31,1.356298,1.380324,1.381015,1.498358,1.347134,1.399126,1.329892,1.205164,1.343267,1.342553,1.384986,1.175437,1.703349,1.407531,0.962753,,1.472397,1.320006
2012-06-01,1.317386,1.372454,1.351003,1.451797,1.307759,1.375008,1.285287,1.163381,1.307487,1.316439,1.355176,1.132741,1.635633,1.392001,0.927742,,1.450277,1.286772
2012-06-04,1.314474,1.377613,1.352625,1.444628,1.296171,1.380649,1.278922,1.165902,1.302665,1.324015,1.358841,1.123948,1.632036,1.397346,0.930265,,1.453179,1.286170
2012-06-05,1.327297,1.383848,1.365213,1.470395,1.298734,1.381463,1.295612,1.183684,1.316745,1.326579,1.369311,1.141608,1.647846,1.398700,0.935998,,1.462250,1.295909
2012-06-06,1.360587,1.403239,1.394773,1.520560,1.334448,1.402747,1.332933,1.219444,1.346938,1.348967,1.388691,1.177727,1.692599,1.416800,0.955923,,1.486267,1.325026
2012-06-07,1.358958,1.409921,1.399632,1.516006,1.340959,1.404029,1.326299,1.208795,1.347777,1.347622,1.388111,1.177528,1.686852,1.420821,0.953773,,1.489090,1.325829
2012-06-08,1.370168,1.417469,1.412084,1.536181,1.353882,1.415429,1.336595,1.220922,1.343786,1.358993,1.399218,1.187377,1.704938,1.429179,0.962946,,1.500493,1.336371
2012-06-11,1.349155,1.409296,1.387025,1.509511,1.331736,1.406615,1.306355,1.197341,1.335511,1.343580,1.386675,1.167644,1.671723,1.422829,0.948278,,1.488727,1.319403
2012-06-12,1.367185,1.413503,1.408769,1.528255,1.351692,1.415698,1.325918,1.223464,1.356116,1.355027,1.401441,1.185172,1.690390,1.429685,0.959907,,1.499198,1.334564
2012-06-13,1.353473,1.412242,1.387490,1.519786,1.335769,1.412705,1.304655,1.211461,1.342840,1.339360,1.396148,1.173411,1.661362,1.429799,0.948032,,1.494569,1.326030
2012-06-14,1.367070,1.422812,1.394513,1.539613,1.345751,1.429392,1.319207,1.214304,1.364591,1.347711,1.414461,1.187761,1.683679,1.444523,0.959266,,1.510779,1.340086
2012-06-15,1.384475,1.428874,1.416712,1.554101,1.357281,1.436477,1.340847,1.237780,1.391784,1.365819,1.426971,1.205184,1.706036,1.450859,0.970036,,1.522036,1.353792
2012-06-18,1.388288,1.433652,1.427754,1.566026,1.362168,1.442795,1.343552,1.243192,1.376425,1.366950,1.434783,1.199369,1.725652,1.456343,0.979153,,1.527439,1.356416
2012-06-19,1.404978,1.432713,1.456099,1.571692,1.379937,1.445271,1.367160,1.256531,1.398756,1.384890,1.451886,1.219570,1.745189,1.458107,0.989033,,1.532309,1.369536
2012-06-20,1.402198,1.417908,1.444754,1.570795,1.372845,1.439597,1.366804,1.262608,1.397909,1.383008,1.447103,1.220039,1.739440,1.448411,0.986863,,1.523077,1.367316
2012-06-21,1.367844,1.400749,1.402195,1.540586,1.341321,1.419619,1.322270,1.220352,1.347960,1.365635,1.423360,1.189780,1.696858,1.436161,0.963362,,1.505313,1.336635
2012-06-22,1.376082,1.403029,1.410645,1.540541,1.341532,1.422785,1.326719,1.236084,1.354867,1.374537,1.439848,1.203247,1.706238,1.440007,0.972850,,1.511725,1.346929
2012-06-25,1.351801,1.399960,1.399246,1.528005,1.314171,1.420723,1.293160,1.203678,1.326091,1.356034,1.419010,1.176383,1.674776,1.431447,0.958917,,1.496348,1.325331
2012-06-26,1.358084,1.405433,1.411357,1.537402,1.315360,1.425368,1.300733,1.206046,1.334881,1.355937,1.421152,1.184666,1.691676,1.435343,0.965438,,1.499628,1.331992
2012-06-27,1.370352,1.423950,1.421732,1.548432,1.331003,1.428449,1.318148,1.219353,1.356760,1.366781,1.435874,1.198141,1.675460,1.445343,0.961199,,1.511726,1.344002
2012-06-28,1.370499,1.428847,1.426589,1.561572,1.330160,1.432763,1.325114,1.205408,1.368667,1.370089,1.430014,1.197751,1.668278,1.449474,0.954000,,1.516532,1.340167
2012-06-29,1.408582,1.439342,1.466312,1.603184,1.377483,1.473672,1.366252,1.253195,1.405433,1.404198,1.456070,1.231940,1.704288,1.470238,0.977184,,1.541492,1.373573
2012-07-02,1.410729,1.447934,1.462073,1.614280,1.370047,1.479667,1.366507,1.248736,1.410014,1.421298,1.459181,1.237640,1.711122,1.477653,0.982654,,1.547245,1.377711
2012-07-03,1.422001,1.446924,1.484613,1.623179,1.386293,1.482233,1.381573,1.266221,1.440424,1.434415,1.462265,1.247024,1.708727,1.478760,0.984206,,1.551255,1.386794
2012-07-05,1.417150,1.438475,1.486474,1.610118,1.385346,1.477085,1.379106,1.262293,1.418858,1.445944,1.454931,1.231869,1.725786,1.473590,0.989145,,1.543762,1.380537
2012-07-06,1.401670,1.436530,1.472476,1.610019,1.366714,1.471921,1.360348,1.227392,1.405606,1.439081,1.438188,1.221154,1.715927,1.470607,0.983975,,1.538364,1.367417
2012-07-09,1.395503,1.432131,1.465019,1.612863,1.364076,1.461733,1.350348,1.214660,1.400285,1.433693,1.444944,1.214200,1.709122,1.471031,0.982240,,1.536747,1.365701
2012-07-10,1.381631,1.434330,1.440968,1.588996,1.342382,1.463680,1.333571,1.196291,1.379729,1.425406,1.435474,1.204780,1.692271,1.472160,0.976869,,1.528611,1.353792
2012-07-11,1.381328,1.442704,1.439618,1.598028,1.329872,1.462184,1.331399,1.193116,1.394914,1.427703,1.436133,1.213357,1.679638,1.475672,0.971098,,1.533643,1.353994
2012-07-12,1.374620,1.443955,1.432605,1.598741,1.328972,1.458798,1.319942,1.181888,1.387255,1.422578,1.434324,1.200112,1.677900,1.475486,0.976129,,1.531842,1.347434
2012-07-13,1.398142,1.460879,1.457841,1.623855,1.355375,1.475439,1.345698,1.196666,1.418719,1.439315,1.451077,1.231914,1.702249,1.490506,0.990737,,1.553524,1.370041
2012-07-16,1.392349,1.456012,1.449346,1.625220,1.344865,1.465970,1.337649,1.191912,1.426591,1.434781,1.449699,1.226959,1.692609,1.486841,0.987265,,1.551655,1.366811
2012-07-17,1.403115,1.462257,1.469403,1.642060,1.348852,1.469875,1.352243,1.194790,1.451120,1.454896,1.464861,1.236658,1.706732,1.494020,0.995298,,1.563433,1.376197
2012-07-18,1.415496,1.469865,1.474367,1.628420,1.378797,1.475228,1.363758,1.228033,1.466754,1.458617,1.472280,1.234669,1.715985,1.499591,1.001384,,1.570381,1.386390
2012-07-19,1.419993,1.471749,1.493268,1.623115,1.392299,1.470998,1.372287,1.239525,1.464001,1.457389,1.462351,1.228193,1.740124,1.498208,1.005216,,1.571052,1.390024
2012-07-20,1.401685,1.475323,1.484104,1.612275,1.371820,1.457880,1.351100,1.214557,1.474517,1.447592,1.437851,1.205060,1.711392,1.491144,0.992100,,1.563587,1.377307
2012-07-23,1.387768,1.467632,1.464002,1.600173,1.365459,1.444954,1.335643,1.195990,1.468496,1.429364,1.417966,1.192153,1.697287,1.478371,0.983222,,1.555652,1.363380
2012-07-24,1.373998,1.452432,1.442537,1.588693,1.350024,1.438337,1.316417,1.182424,1.448206,1.431250,1.403562,1.186274,1.679558,1.465458,0.974855,,1.546435,1.351672
2012-07-25,1.373013,1.449772,1.442150,1.587317,1.347873,1.436775,1.312660,1.191337,1.444469,1.389251,1.411047,1.190301,1.664480,1.467565,0.973487,,1.545502,1.351975
2012-07-26,1.397534,1.474237,1.440733,1.612163,1.369616,1.461425,1.333598,1.223934,1.479410,1.458350,1.416262,1.213440,1.699976,1.489702,0.988782,,1.568237,1.374279
2012-07-27,1.428196,1.489948,1.466715,1.641107,1.404649,1.480182,1.370027,1.253366,1.510325,1.495053,1.450410,1.239428,1.738653,1.509426,1.002273,,1.597311,1.399611
2012-07-30,1.425864,1.496818,1.467082,1.641347,1.402032,1.481775,1.368129,1.245913,1.514817,1.486335,1.446000,1.237425,1.730582,1.513625,1.001510,,1.602799,1.399611
2012-07-31,1.416153,1.485035,1.454519,1.635325,1.393016,1.469564,1.360367,1.247223,1.504374,1.481344,1.431297,1.230768,1.699254,1.506791,0.990838,,1.598024,1.389822
2012-08-01,1.409225,1.473723,1.449878,1.639908,1.382832,1.463206,1.349164,1.243437,1.508773,1.472104,1.431758,1.224413,1.682229,1.497634,0.984251,,1.594337,1.388611
2012-08-02,1.399091,1.463946,1.432669,1.640191,1.377510,1.453069,1.331514,1.240703,1.483747,1.468976,1.416681,1.214432,1.680423,1.486473,0.986366,,1.576692,1.379023
2012-08-03,1.429509,1.481233,1.464049,1.661716,1.409253,1.476079,1.367159,1.270204,1.523963,1.489531,1.438359,1.249099,1.714782,1.501828,1.000216,,1.602561,1.406373
2012-08-06,1.434943,1.475502,1.475630,1.660590,1.410434,1.468902,1.378350,1.285495,1.531928,1.505292,1.436880,1.251585,1.727912,1.498517,0.999075,,1.609816,1.409098
2012-08-07,1.449309,1.464591,1.495937,1.649550,1.423668,1.471301,1.404229,1.308087,1.554200,1.506157,1.447485,1.264532,1.752087,1.491674,1.002210,,1.608565,1.416163
2012-08-08,1.452330,1.469132,1.510845,1.637049,1.424396,1.483511,1.411629,1.315057,1.552972,1.510044,1.452935,1.264420,1.737947,1.493969,1.000419,,1.608844,1.417878
2012-08-09,1.453386,1.470860,1.518919,1.635104,1.424349,1.473767,1.418425,1.319529,1.560095,1.509901,1.447989,1.264940,1.735949,1.491485,0.997374,,1.608006,1.419090
2012-08-10,1.455851,1.476483,1.518888,1.639225,1.430019,1.469276,1.419430,1.325072,1.560986,1.525400,1.453722,1.266087,1.730854,1.496777,0.995919,,1.611229,1.421411
2012-08-13,1.453374,1.470176,1.507003,1.637576,1.427944,1.467479,1.418578,1.320093,1.553609,1.526945,1.450048,1.264869,1.736118,1.496247,0.996058,,1.608925,1.420704
2012-08-14,1.451904,1.470348,1.499632,1.635979,1.426980,1.484025,1.413415,1.310155,1.551708,1.530564,1.451151,1.262465,1.736995,1.498669,1.002638,,1.607142,1.420906
2012-08-15,1.458043,1.465056,1.503342,1.643266,1.431637,1.488772,1.423869,1.319389,1.549407,1.544490,1.458023,1.267482,1.745321,1.497673,1.005963,,1.605289,1.422521
2012-08-16,1.470294,1.460343,1.525398,1.655768,1.450423,1.488739,1.439563,1.341029,1.563341,1.545775,1.451749,1.277372,1.774673,1.495469,1.011257,,1.612831,1.433017
2012-08-17,1.474683,1.458642,1.526304,1.656627,1.458947,1.494525,1.448277,1.343112,1.562224,1.555210,1.449379,1.281346,1.784906,1.496134,1.014372,,1.611050,1.434935
2012-08-20,1.472223,1.461690,1.525539,1.650391,1.454371,1.492896,1.445984,1.339741,1.565979,1.549394,1.452008,1.282692,1.765139,1.497224,1.009617,,1.607419,1.435036
2012-08-21,1.469871,1.450225,1.520902,1.649031,1.451495,1.488608,1.448739,1.340301,1.560608,1.548596,1.448463,1.282675,1.756106,1.489550,1.003533,,1.598776,1.430696
2012-08-22,1.468315,1.446607,1.538763,1.644710,1.444828,1.485918,1.443095,1.335916,1.563452,1.540638,1.449550,1.281483,1.767406,1.486711,1.008500,,1.594367,1.431301
2012-08-23,1.456488,1.430205,1.514934,1.631443,1.435036,1.477921,1.429781,1.323545,1.546658,1.530614,1.444031,1.270620,1.757414,1.477124,1.001236,,1.581633,1.419594
2012-08-24,1.464420,1.437952,1.518138,1.638672,1.440867,1.490508,1.436920,1.324217,1.553680,1.541488,1.456529,1.280826,1.768879,1.488955,1.009387,,1.591897,1.428173
2012-08-27,1.461864,1.440238,1.506706,1.640407,1.433751,1.490908,1.431514,1.322659,1.558719,1.534739,1.457245,1.278766,1.764690,1.491521,1.008702,,1.591236,1.428475
2012-08-28,1.460391,1.438411,1.500692,1.645084,1.428300,1.494071,1.429731,1.318421,1.559269,1.534648,1.454047,1.277820,1.769412,1.491245,1.009100,,1.591877,1.427063
2012-08-29,1.463364,1.437650,1.503988,1.650249,1.428029,1.496184,1.434869,1.319146,1.547990,1.545565,1.462810,1.281090,1.777448,1.490689,1.011521,,1.593863,1.428173
2012-08-30,1.452115,1.432010,1.484305,1.649506,1.415652,1.489598,1.423351,1.295495,1.535444,1.528038,1.456157,1.275816,1.765956,1.485085,1.006309,,1.585950,1.417878
2012-08-31,1.459715,1.431169,1.503890,1.655471,1.424697,1.494232,1.429041,1.306697,1.548245,1.532245,1.461372,1.283597,1.773855,1.486607,1.010151,,1.588018,1.424640
2012-09-04,1.457288,1.438456,1.482050,1.661795,1.415292,1.499774,1.426494,1.298960,1.536776,1.529743,1.466143,1.286236,1.766537,1.492992,1.014292,,1.588137,1.423328
2012-09-05,1.455101,1.433634,1.489357,1.658520,1.407808,1.493549,1.426426,1.296142,1.529686,1.531789,1.466363,1.286312,1.766099,1.489650,1.011199,,1.586120,1.422117
2012-09-06,1.487686,1.452209,1.526374,1.682398,1.441987,1.518080,1.463111,1.335290,1.561778,1.564290,1.491185,1.315383,1.810340,1.508170,1.029596,,1.611025,1.450981
2012-09-07,1.496002,1.446156,1.553075,1.684566,1.453063,1.506735,1.483831,1.329312,1.590339,1.562214,1.494025,1.327768,1.828228,1.500916,1.025880,,1.616391,1.456633
2012-09-10,1.488922,1.445309,1.552971,1.670441,1.444820,1.502506,1.479173,1.318448,1.586705,1.555085,1.486328,1.318521,1.820444,1.499564,1.020310,,1.612876,1.448357
2012-09-11,1.495461,1.442821,1.555195,1.680186,1.452713,1.498945,1.488955,1.326119,1.605363,1.564234,1.485799,1.329370,1.825509,1.497558,1.020698,,1.619300,1.452394
2012-09-12,1.500073,1.435165,1.568485,1.690825,1.459179,1.488110,1.494999,1.329051,1.616179,1.575474,1.485757,1.337438,1.839824,1.493576,1.020991,,1.617091,1.457239
2012-09-13,1.522351,1.454419,1.605148,1.720238,1.474151,1.509647,1.517157,1.346036,1.643334,1.601832,1.503513,1.365869,1.861789,1.512636,1.034597,,1.641404,1.479442
2012-09-14,1.533493,1.445444,1.624822,1.725938,1.485932,1.498165,1.543339,1.361669,1.668172,1.605823,1.506880,1.377896,1.872817,1.496849,1.033570,,1.640678,1.486002
2012-09-17,1.523062,1.434432,1.601524,1.720344,1.476546,1.500228,1.525311,1.349763,1.649404,1.595037,1.511730,1.366125,1.860184,1.496334,1.031798,,1.628113,1.480956
2012-09-18,1.517322,1.427767,1.597163,1.698524,1.474722,1.506139,1.517659,1.341398,1.629881,1.594828,1.515454,1.359758,1.849292,1.497431,1.027738,,1.623398,1.479745
2012-09-19,1.520711,1.429653,1.607079,1.696006,1.477497,1.513876,1.522746,1.341685,1.619803,1.621090,1.513844,1.358865,1.867850,1.503010,1.031225,,1.626302,1.480552
2012-09-20,1.516695,1.433396,1.605115,1.681527,1.463288,1.524315,1.511698,1.335965,1.622232,1.627344,1.515926,1.353715,1.868514,1.509976,1.035797,,1.629887,1.480653
2012-09-21,1.515726,1.435072,1.600928,1.683064,1.458125,1.517172,1.506936,1.334632,1.624025,1.638689,1.524387,1.352769,1.870340,1.509446,1.036875,,1.629500,1.480034
2012-09-24,1.512417,1.450200,1.592177,1.681250,1.457929,1.519757,1.498430,1.323798,1.618897,1.640749,1.522797,1.350456,1.860978,1.517827,1.035819,,1.635128,1.477802
2012-09-25,1.492607,1.445872,1.565387,1.654628,1.437572,1.508964,1.467336,1.303499,1.601953,1.617947,1.519432,1.328879,1.836354,1.512445,1.028429,,1.621405,1.462075
2012-09-26,1.484543,1.448142,1.559112,1.654769,1.429974,1.507504,1.460136,1.289660,1.586824,1.608987,1.510050,1.318611,1.826900,1.513769,1.022359,,1.621634,1.453857
2012-09-27,1.498565,1.442353,1.580612,1.665604,1.441959,1.511596,1.475168,1.310247,1.613967,1.633975,1.522333,1.333602,1.842512,1.511875,1.030492,,1.624801,1.467554
2012-09-28,1.493489,1.449051,1.574055,1.662322,1.437748,1.508532,1.468283,1.302679,1.607989,1.620354,1.518546,1.329462,1.831908,1.513306,1.027256,,1.623736,1.460756
2012-10-01,1.496511,1.443227,1.580773,1.652382,1.444839,1.519583,1.470931,1.296384,1.617481,1.625438,1.527182,1.336374,1.830363,1.514664,1.030765,,1.619850,1.464612
2012-10-02,1.499405,1.449666,1.574325,1.665633,1.444599,1.520115,1.472422,1.301234,1.618782,1.659690,1.534057,1.337938,1.824496,1.516999,1.033190,,1.625195,1.466134
2012-10-03,1.503474,1.458571,1.571552,1.679862,1.449113,1.524114,1.469840,1.295425,1.598792,1.672566,1.544684,1.347704,1.846472,1.524089,1.045903,,1.633307,1.472120
2012-10-04,1.516517,1.468565,1.588058,1.675611,1.457831,1.529306,1.488662,1.300286,1.617148,1.703948,1.557811,1.369630,1.857439,1.531992,1.051487,,1.644065,1.482672
2012-10-05,1.517626,1.466435,1.592108,1.684419,1.462041,1.537190,1.494190,1.293678,1.608861,1.706891,1.555516,1.372439,1.853931,1.533229,1.053922,,1.643865,1.482774
2012-10-08,1.514703,1.468288,1.585875,1.679060,1.456278,1.533646,1.493788,1.284927,1.613934,1.713954,1.556621,1.370203,1.846372,1.534492,1.048006,,1.645187,1.477701
2012-10-09,1.499399,1.467449,1.566465,1.667458,1.437747,1.517574,1.483193,1.269067,1.615060,1.673873,1.528315,1.358859,1.822837,1.527415,1.031738,,1.636548,1.463090
2012-10-10,1.490066,1.463213,1.556537,1.670290,1.425410,1.511127,1.470197,1.256169,1.586285,1.660796,1.518502,1.357840,1.818105,1.522379,1.025976,,1.627112,1.453755
2012-10-11,1.495062,1.465966,1.566205,1.676011,1.429371,1.504211,1.481941,1.260930,1.593032,1.651491,1.523984,1.367762,1.813789,1.518868,1.022340,,1.627222,1.454567
2012-10-12,1.488552,1.456873,1.557979,1.669724,1.431787,1.503243,1.475827,1.255104,1.581587,1.647603,1.519938,1.350249,1.810111,1.514087,1.019372,,1.619926,1.449798
2012-10-15,1.500835,1.466072,1.570246,1.695201,1.440929,1.511590,1.487108,1.265829,1.588419,1.645788,1.536063,1.362919,1.833115,1.524190,1.033488,,1.632126,1.461872
2012-10-16,1.518078,1.470427,1.608882,1.702120,1.455598,1.522841,1.512132,1.287753,1.617031,1.642411,1.552702,1.375328,1.847573,1.530617,1.043729,,1.649474,1.476686
2012-10-17,1.526951,1.488254,1.629776,1.703966,1.460228,1.532154,1.523746,1.284663,1.636691,1.656048,1.545655,1.394801,1.857434,1.541882,1.049156,,1.661269,1.483382
2012-10-18,1.527482,1.493303,1.624100,1.722748,1.468263,1.526966,1.527284,1.276791,1.631875,1.649547,1.539113,1.397535,1.860741,1.546534,1.049667,,1.666312,1.479527
2012-10-19,1.502628,1.482436,1.589196,1.703410,1.445048,1.504062,1.502356,1.246833,1.605631,1.620417,1.514476,1.379189,1.823901,1.527790,1.034453,,1.645423,1.454871
2012-10-22,1.501720,1.475981,1.600436,1.697785,1.444731,1.496098,1.501090,1.251463,1.593706,1.629326,1.521395,1.379498,1.812071,1.523343,1.031762,,1.645957,1.455074
2012-10-23,1.484955,1.461536,1.566304,1.678827,1.435229,1.477221,1.488369,1.243043,1.559253,1.608372,1.498851,1.356700,1.803214,1.510633,1.014115,,1.628620,1.434883
2012-10-24,1.479360,1.453027,1.572632,1.675604,1.423005,1.483121,1.476778,1.231678,1.554562,1.582882,1.504074,1.355191,1.800578,1.505908,1.016517,,1.624357,1.430825
2012-10-25,1.484665,1.460077,1.566764,1.668386,1.432165,1.489018,1.478102,1.241037,1.572500,1.583073,1.516287,1.360328,1.794566,1.513044,1.014314,,1.628322,1.434985
2012-10-26,1.483067,1.460341,1.566304,1.662812,1.430949,1.484059,1.471006,1.236104,1.579809,1.608978,1.511846,1.357974,1.805376,1.511215,1.010123,,1.630963,1.434173
2012-10-31,1.486770,1.472452,1.569900,1.675213,1.444806,1.487002,1.468179,1.230180,1.574340,1.626418,1.511087,1.362265,1.819562,1.517293,1.008370,,1.635128,1.434173
2012-11-01,1.508159,1.461163,1.602508,1.678890,1.477496,1.491804,1.497970,1.264488,1.574606,1.647132,1.530145,1.379798,1.848744,1.516614,1.023829,,1.644444,1.449190
2012-11-02,1.494532,1.452170,1.566692,1.686105,1.464571,1.481592,1.481820,1.247819,1.548154,1.630922,1.521010,1.366025,1.844210,1.506816,1.010248,,1.623831,1.436304
2012-11-05,1.499816,1.428641,1.579815,1.674758,1.474866,1.481240,1.491803,1.262037,1.560879,1.628443,1.526732,1.366583,1.856384,1.496857,1.018871,,1.616264,1.439246
2012-11-06,1.514879,1.430105,1.596084,1.684748,1.490679,1.489261,1.506812,1.282092,1.594627,1.621108,1.537989,1.383716,1.876343,1.501967,1.029137,,1.625649,1.450509
2012-11-07,1.483018,1.398462,1.571066,1.680023,1.457849,1.472722,1.472610,1.249243,1.551877,1.595553,1.509847,1.338694,1.851468,1.477621,1.010537,,1.594269,1.417635
2012-11-08,1.464721,1.395040,1.550363,1.658677,1.441898,1.457514,1.446867,1.236797,1.523491,1.575306,1.490564,1.326403,1.818797,1.467964,0.995286,,1.581775,1.400589
2012-11-09,1.465697,1.386416,1.546139,1.659524,1.443223,1.461816,1.448275,1.238519,1.517850,1.579765,1.494463,1.330831,1.816896,1.467217,0.992265,,1.576635,1.401807
2012-11-12,1.465966,1.375287,1.550750,1.657545,1.445035,1.463084,1.451091,1.237039,1.517303,1.581230,1.500602,1.332506,1.810497,1.463686,0.995114,,1.571785,1.402923
2012-11-13,1.462294,1.378559,1.548709,1.657971,1.442221,1.464897,1.447248,1.229329,1.511522,1.587276,1.497750,1.321540,1.810985,1.468267,0.995405,,1.568746,1.398052
2012-11-14,1.442567,1.368985,1.525308,1.628323,1.410205,1.450470,1.439144,1.212222,1.493189,1.570322,1.477836,1.301354,1.774913,1.457155,0.977497,,1.548013,1.379180
2012-11-15,1.442574,1.360268,1.517240,1.616212,1.407643,1.454198,1.441223,1.213724,1.497704,1.571909,1.477985,1.306692,1.771655,1.452878,0.975259,,1.540124,1.376847
2012-11-16,1.451604,1.376028,1.523170,1.629986,1.414479,1.462916,1.452405,1.218086,1.504902,1.575333,1.485731,1.315260,1.785604,1.462620,0.985913,,1.551360,1.383645
2012-11-19,1.477090,1.375044,1.566297,1.652226,1.440097,1.489937,1.483017,1.236664,1.546108,1.608800,1.505044,1.337524,1.825959,1.474021,1.011572,,1.567805,1.411648
2012-11-20,1.477806,1.373378,1.571612,1.657907,1.443344,1.495043,1.479957,1.227277,1.542975,1.609099,1.508607,1.343748,1.830658,1.473115,1.019716,,1.558580,1.412257
2012-11-21,1.481741,1.369545,1.574526,1.655777,1.446027,1.497270,1.485710,1.236792,1.551699,1.611050,1.509359,1.345817,1.839464,1.473740,1.021401,,1.557517,1.414895
2012-11-23,1.500172,1.366570,1.595823,1.671958,1.464067,1.517507,1.507486,1.257457,1.570356,1.629873,1.529152,1.363530,1.861167,1.482540,1.035374,,1.569169,1.434173
2012-11-26,1.496415,1.382890,1.593410,1.668122,1.467388,1.507781,1.495831,1.256625,1.558215,1.616813,1.520269,1.358149,1.862323,1.484809,1.031075,,1.575142,1.431129
2012-11-27,1.489977,1.386742,1.585476,1.655525,1.462980,1.511770,1.487138,1.249695,1.551171,1.615836,1.509834,1.345670,1.858674,1.484745,1.024516,,1.571829,1.423824
2012-11-28,1.502524,1.395705,1.592183,1.654117,1.476304,1.524228,1.503292,1.263704,1.568141,1.628190,1.518960,1.352493,1.884280,1.495631,1.032480,,1.583125,1.435289
2012-11-29,1.508906,1.403433,1.604863,1.663378,1.487556,1.532419,1.502313,1.269838,1.569745,1.634586,1.528167,1.358929,1.889350,1.501469,1.036291,,1.586221,1.441986
2012-11-30,1.510185,1.417155,1.614642,1.670450,1.483249,1.539247,1.502865,1.266745,1.571395,1.653911,1.530468,1.358509,1.880182,1.511235,1.034442,,1.593781,1.442290
2012-12-03,1.503259,1.409792,1.586165,1.670913,1.469610,1.536574,1.498268,1.265962,1.560650,1.637745,1.525630,1.353505,1.870244,1.505048,1.030034,,1.589178,1.435188
2012-12-04,1.502920,1.404546,1.591488,1.670109,1.476427,1.533865,1.498081,1.276569,1.555189,1.648755,1.528562,1.347757,1.846965,1.501795,1.026126,,1.586579,1.433158
2012-12-05,1.508752,1.428105,1.570461,1.664632,1.490186,1.535002,1.503910,1.284748,1.559849,1.648889,1.530727,1.360868,1.833434,1.513449,1.025286,,1.599039,1.435695
2012-12-06,1.514064,1.427886,1.577721,1.681050,1.488870,1.536547,1.510893,1.296278,1.561562,1.662805,1.533623,1.363044,1.844579,1.514063,1.029485,,1.603985,1.440565
2012-12-07,1.520023,1.428512,1.587647,1.691383,1.496653,1.544174,1.520206,1.296421,1.567329,1.662109,1.538859,1.371867,1.846107,1.518425,1.032212,,1.607670,1.444928
2012-12-10,1.523338,1.428846,1.599374,1.690810,1.507003,1.539258,1.526996,1.306600,1.569550,1.651430,1.546881,1.370110,1.835199,1.517935,1.032986,,1.612016,1.445537
2012-12-11,1.533006,1.431205,1.610306,1.696410,1.510216,1.540904,1.540874,1.323309,1.578128,1.664653,1.564088,1.377181,1.843522,1.523565,1.037955,,1.617833,1.455379
2012-12-12,1.534849,1.430795,1.599923,1.699822,1.511436,1.538496,1.544815,1.320799,1.584529,1.675468,1.565769,1.381265,1.851655,1.523453,1.041557,,1.618969,1.456089
2012-12-13,1.527011,1.425502,1.590828,1.682804,1.505273,1.533274,1.535220,1.312660,1.570512,1.670754,1.558525,1.372553,1.851170,1.518494,1.033510,,1.614327,1.447160
2012-12-14,1.524608,1.420450,1.607982,1.686289,1.503108,1.529321,1.533796,1.312311,1.568478,1.668091,1.556495,1.367067,1.839360,1.512687,1.032618,,1.606008,1.441783
2012-12-17,1.542748,1.442030,1.624646,1.699017,1.516965,1.537622,1.553350,1.320206,1.582362,1.689334,1.570918,1.394904,1.874785,1.527745,1.052191,,1.621987,1.458727
2012-12-18,1.563069,1.452911,1.639432,1.718677,1.542377,1.544385,1.580962,1.343039,1.610891,1.703470,1.584946,1.415688,1.892691,1.536737,1.065490,,1.639985,1.474961
2012-12-19,1.554858,1.440774,1.629647,1.708034,1.538363,1.528452,1.574734,1.346079,1.598941,1.692113,1.567733,1.409022,1.879315,1.525211,1.057731,,1.630848,1.464003
2012-12-20,1.563218,1.446429,1.644683,1.733566,1.543934,1.533947,1.583299,1.348781,1.612237,1.702213,1.574197,1.423852,1.879496,1.528289,1.064772,,1.635983,1.472424
2012-12-21,1.549404,1.438798,1.629426,1.725399,1.534448,1.521251,1.564236,1.337240,1.600384,1.680091,1.563274,1.405855,1.865095,1.516656,1.052875,,1.623342,1.459059
2012-12-24,1.546052,1.433329,1.639996,1.729014,1.531479,1.518244,1.560887,1.330145,1.588600,1.673823,1.557861,1.403535,1.866440,1.512842,1.053649,,1.618673,1.454563
2012-12-26,1.536755,1.420032,1.647751,1.718001,1.524989,1.504616,1.549715,1.323716,1.578632,1.670976,1.548083,1.399701,1.841422,1.501366,1.046600,,1.609165,1.448432
2012-12-27,1.536085,1.418532,1.639705,1.721786,1.523074,1.506186,1.552073,1.320041,1.577447,1.666773,1.548302,1.394663,1.850927,1.500220,1.046627,,1.607785,1.446491
2012-12-28,1.520148,1.404677,1.618235,1.707267,1.506485,1.492407,1.536370,1.304332,1.554184,1.651825,1.530293,1.383524,1.832921,1.485700,1.036784,,1.591418,1.430857
2012-12-31,1.547259,1.424429,1.650788,1.731449,1.533899,1.511753,1.572847,1.330503,1.588527,1.680827,1.550269,1.402499,1.870700,1.502571,1.058570,,1.619051,1.455176
2013-01-02,1.584052,1.450114,1.693122,1.763476,1.570993,1.545913,1.605339,1.376344,1.628629,1.713005,1.574578,1.446018,1.906876,1.535793,1.088511,,1.652526,1.492473
2013-01-03,1.583577,1.449890,1.679609,1.760624,1.571189,1.541998,1.607446,1.369772,1.626756,1.719482,1.574598,1.446695,1.918323,1.537217,1.084797,,1.654994,1.489101
2013-01-04,1.596335,1.458472,1.702344,1.773859,1.583631,1.553732,1.621844,1.371045,1.645411,1.730788,1.584259,1.467401,1.932153,1.544605,1.094419,,1.663735,1.495640
2013-01-07,1.590117,1.440329,1.698241,1.775369,1.578013,1.539021,1.615574,1.366395,1.630308,1.728816,1.587875,1.460365,1.932635,1.536213,1.088540,,1.657652,1.491553
2013-01-08,1.583602,1.436447,1.698098,1.773268,1.568362,1.536194,1.606219,1.357565,1.626616,1.719639,1.586920,1.454410,1.921624,1.531577,1.089767,,1.650168,1.487261
2013-01-09,1.589900,1.436616,1.709629,1.777144,1.583950,1.535873,1.610166,1.364871,1.622670,1.719882,1.608178,1.456535,1.924874,1.535171,1.095615,,1.652745,1.491042
2013-01-10,1.600408,1.445398,1.722392,1.786300,1.590613,1.541463,1.621104,1.372860,1.637687,1.736804,1.617862,1.473697,1.933215,1.544837,1.099921,,1.666069,1.502895
2013-01-11,1.600455,1.447721,1.721375,1.784596,1.585022,1.544117,1.615679,1.379592,1.635872,1.739341,1.615416,1.471469,1.945420,1.543911,1.099732,,1.670783,1.502793
2013-01-14,1.601275,1.445762,1.719329,1.785732,1.588009,1.548494,1.616863,1.380693,1.633822,1.736748,1.618643,1.469434,1.946731,1.547261,1.097813,,1.671750,1.501771
2013-01-15,1.607094,1.448880,1.719244,1.795605,1.593532,1.556446,1.628506,1.381417,1.642199,1.733131,1.620514,1.472878,1.961114,1.547542,1.101646,,1.675678,1.502793
2013-01-16,1.605052,1.441642,1.709090,1.788594,1.589182,1.559920,1.630574,1.384216,1.651819,1.713027,1.617681,1.469512,1.952464,1.543332,1.103718,,1.671856,1.502589
2013-01-17,1.619187,1.447965,1.723542,1.794938,1.606329,1.571838,1.647626,1.397060,1.664217,1.726369,1.634224,1.480206,1.974502,1.551863,1.116789,,1.683570,1.512296
2013-01-18,1.625392,1.459213,1.735151,1.803361,1.616822,1.575561,1.651653,1.393443,1.682701,1.732983,1.643112,1.484824,1.981934,1.560889,1.119474,,1.691481,1.515668
2013-01-22,1.635669,1.472862,1.752537,1.813183,1.624494,1.579909,1.663279,1.399188,1.699400,1.733953,1.651981,1.503374,1.984559,1.569418,1.127755,,1.705894,1.523843
2013-01-23,1.634879,1.467879,1.742481,1.817719,1.626524,1.577163,1.659587,1.404786,1.697001,1.765653,1.650861,1.500743,1.976119,1.568057,1.129456,,1.701755,1.526295
2013-01-24,1.643860,1.472491,1.747045,1.823376,1.636245,1.581472,1.669905,1.403677,1.703454,1.852422,1.662735,1.506774,1.991259,1.569477,1.132904,,1.707726,1.526704
2013-01-25,1.655868,1.480296,1.754848,1.833568,1.644017,1.584204,1.683749,1.419133,1.721831,1.891900,1.671673,1.513861,2.016283,1.576102,1.140647,,1.716105,1.535287
2013-01-28,1.651746,1.477181,1.734035,1.830381,1.642411,1.583001,1.678731,1.418970,1.719491,1.881537,1.669405,1.508185,2.008365,1.575113,1.133861,,1.714308,1.533448
2013-01-29,1.657568,1.488708,1.749672,1.830977,1.645593,1.591602,1.683436,1.407706,1.760325,1.895368,1.680648,1.515684,2.006935,1.587687,1.143359,,1.722661,1.539476
2013-01-30,1.652342,1.491994,1.736747,1.809713,1.630665,1.589184,1.677337,1.404020,1.755838,1.895353,1.677112,1.513945,2.006788,1.586577,1.137999,,1.720725,1.533448
2013-01-31,1.651397,1.496876,1.723692,1.801132,1.624110,1.574138,1.694378,1.401136,1.748390,1.894204,1.674557,1.513898,2.005283,1.588395,1.133859,,1.725838,1.529667
2013-02-01,1.666679,1.502223,1.741415,1.813754,1.636805,1.590362,1.707699,1.419428,1.772002,1.914629,1.688705,1.533440,2.015173,1.601195,1.144513,,1.735047,1.545403
2013-02-04,1.648981,1.492309,1.724731,1.805096,1.620137,1.573741,1.692253,1.403331,1.756404,1.909991,1.672672,1.506805,1.987771,1.590500,1.126902,,1.715904,1.528032
2013-02-05,1.664857,1.496448,1.730967,1.809227,1.635334,1.590097,1.714764,1.422935,1.774725,1.921883,1.691512,1.518679,2.006228,1.599604,1.139708,,1.718494,1.543462
2013-02-06,1.668704,1.501428,1.735574,1.810679,1.635785,1.594912,1.720175,1.427015,1.775304,1.933181,1.693254,1.523192,2.010888,1.603348,1.141282,,1.721603,1.544586
2013-02-07,1.665320,1.504123,1.730651,1.813770,1.627951,1.597889,1.713599,1.416453,1.779010,1.931059,1.692382,1.519157,2.013339,1.604970,1.134183,,1.721912,1.542542
2013-02-08,1.674243,1.504188,1.742921,1.829276,1.633287,1.599868,1.725430,1.429706,1.796971,1.943485,1.703784,1.520956,2.027906,1.607473,1.138852,,1.729371,1.551125
2013-02-11,1.673992,1.507609,1.735627,1.828782,1.634830,1.595467,1.726539,1.432900,1.788959,1.941688,1.697793,1.525681,2.022709,1.608396,1.137091,,1.730130,1.550819
2013-02-12,1.680059,1.513539,1.738831,1.837617,1.646972,1.594817,1.733265,1.435411,1.791400,1.950650,1.696167,1.535380,2.034836,1.611321,1.146270,,1.734530,1.553373
2013-02-13,1.681706,1.512105,1.747622,1.835610,1.653449,1.595891,1.731974,1.438225,1.797737,1.974285,1.693683,1.537713,2.028758,1.611232,1.151082,,1.729001,1.554702
2013-02-14,1.684819,1.498364,1.739200,1.828446,1.656356,1.618318,1.733109,1.444958,1.807031,1.975456,1.697106,1.541911,2.028377,1.600827,1.158553,,1.718936,1.556132
2013-02-15,1.684493,1.501806,1.732495,1.835403,1.658462,1.627292,1.733177,1.443408,1.782658,1.990000,1.695968,1.538825,2.027446,1.607804,1.158316,,1.723908,1.554293
2013-02-19,1.695300,1.516641,1.725404,1.844995,1.669938,1.638181,1.748199,1.455792,1.802161,2.003750,1.699697,1.552968,2.025474,1.622272,1.162209,,1.737634,1.565942
2013-02-20,1.669012,1.512648,1.672222,1.827856,1.644860,1.632502,1.713642,1.427053,1.757486,1.974664,1.681171,1.529151,1.985489,1.619256,1.130781,,1.720959,1.546425
2013-02-21,1.655670,1.506278,1.649090,1.814327,1.628395,1.640383,1.692763,1.406163,1.742145,1.964635,1.672624,1.516474,1.977364,1.617010,1.120595,,1.711071,1.537024
2013-02-22,1.672167,1.522648,1.662377,1.837271,1.643245,1.657439,1.709188,1.426248,1.758473,1.965286,1.679338,1.537349,1.993002,1.632509,1.135013,,1.725165,1.552045
2013-02-25,1.639024,1.505843,1.622457,1.800644,1.608757,1.636650,1.668759,1.397927,1.711361,1.946347,1.659439,1.496339,1.953589,1.615069,1.104649,,1.700502,1.522514
2013-02-26,1.649078,1.515347,1.639072,1.815864,1.614725,1.642215,1.678784,1.405853,1.720021,1.962157,1.667376,1.505766,1.974748,1.624545,1.121002,,1.708794,1.532937
2013-02-27,1.673856,1.533610,1.667631,1.834274,1.648508,1.661729,1.707280,1.420106,1.751378,1.987087,1.686376,1.529137,2.011608,1.638385,1.142947,,1.729181,1.552249
2013-02-28,1.674392,1.541064,1.669165,1.831783,1.651039,1.661356,1.710447,1.420936,1.752993,1.990027,1.679359,1.527024,2.011740,1.641834,1.144439,,1.728052,1.549184
2013-03-01,1.678295,1.545937,1.671529,1.839623,1.645687,1.672300,1.707936,1.426144,1.751490,2.004064,1.694029,1.529991,2.019614,1.646910,1.153447,,1.733089,1.554293
2013-03-04,1.686497,1.562003,1.675449,1.854504,1.644536,1.687403,1.712266,1.429573,1.753191,2.017847,1.697543,1.543545,2.040343,1.659024,1.166030,,1.744741,1.562570
2013-03-05,1.704181,1.572044,1.684038,1.866758,1.668393,1.695906,1.736283,1.448994,1.763510,2.040705,1.711504,1.559880,2.062996,1.669331,1.179170,,1.757892,1.576569
2013-03-06,1.707355,1.570310,1.700091,1.859020,1.667617,1.689995,1.743939,1.454754,1.766233,2.032483,1.712492,1.568974,2.065351,1.665817,1.180154,,1.763561,1.578714
2013-03-07,1.709867,1.563191,1.706135,1.848502,1.665790,1.689689,1.754759,1.456128,1.779914,2.042437,1.706058,1.578662,2.064152,1.661510,1.182191,,1.761818,1.581575
2013-03-08,1.720660,1.568000,1.723265,1.848702,1.681425,1.695758,1.773331,1.461418,1.787244,2.066901,1.713427,1.586887,2.079726,1.666629,1.193159,,1.768632,1.588319
2013-03-11,1.726018,1.573332,1.731523,1.858897,1.687037,1.695968,1.780096,1.463731,1.781026,2.058034,1.720428,1.598153,2.085598,1.669734,1.195791,,1.773240,1.594348
2013-03-12,1.722812,1.568683,1.735845,1.853723,1.676175,1.694769,1.779104,1.462432,1.789361,2.051561,1.723715,1.590685,2.077014,1.666823,1.192384,,1.778439,1.590772
2013-03-13,1.728212,1.574226,1.732099,1.856077,1.685852,1.701673,1.787160,1.463673,1.776997,2.059638,1.725378,1.600177,2.088296,1.671132,1.195243,,1.784199,1.593020
2013-03-14,1.737077,1.577760,1.743832,1.865637,1.693731,1.704943,1.799889,1.471258,1.802419,2.069300,1.728419,1.609433,2.096937,1.676019,1.203144,,1.789735,1.601501
2013-03-15,1.733341,1.589693,1.745579,1.860384,1.694241,1.700463,1.795576,1.458815,1.796548,2.054699,1.717713,1.611348,2.091036,1.674996,1.196848,,1.792837,1.599387
2013-03-18,1.722838,1.579796,1.734810,1.850299,1.688146,1.697219,1.781742,1.452150,1.783795,2.043846,1.707716,1.595976,2.076604,1.668108,1.192227,,1.784333,1.590560
2013-03-19,1.716503,1.582274,1.726612,1.840909,1.686361,1.705943,1.763633,1.448377,1.769544,2.041237,1.704651,1.587458,2.065481,1.671781,1.188109,,1.778336,1.586865
2013-03-20,1.731245,1.593156,1.740562,1.854063,1.688267,1.727930,1.778259,1.465870,1.782911,2.057384,1.718159,1.600878,2.094614,1.683571,1.203302,,1.793430,1.597950
2013-03-21,1.714611,1.584935,1.715333,1.843294,1.669333,1.720192,1.756928,1.442026,1.774361,2.044418,1.705696,1.583507,2.082394,1.675380,1.188391,,1.784269,1.584299
2013-03-22,1.724012,1.587738,1.713050,1.855312,1.679051,1.735577,1.762267,1.450979,1.787365,2.057953,1.714054,1.592264,2.102737,1.684970,1.193517,,1.794055,1.597026
2013-03-25,1.719342,1.582940,1.702381,1.854348,1.664748,1.734999,1.763974,1.443911,1.782264,2.057498,1.709075,1.591122,2.095043,1.680933,1.190625,,1.795305,1.590355
2013-03-26,1.733489,1.599401,1.705683,1.867815,1.674046,1.755993,1.777064,1.456572,1.799014,2.079443,1.728217,1.604832,2.106605,1.699612,1.199035,,1.810605,1.603082
2013-03-27,1.733528,1.605930,1.702556,1.869764,1.673847,1.751760,1.774034,1.460098,1.804768,2.067107,1.736453,1.599277,2.106413,1.701015,1.199740,,1.809633,1.603082
2013-03-28,1.745539,1.625676,1.711490,1.881177,1.690093,1.765820,1.782354,1.472499,1.810565,2.077084,1.754075,1.605581,2.117232,1.717590,1.204056,,1.824936,1.608008
2013-04-01,1.733494,1.621521,1.689070,1.881368,1.666309,1.763216,1.765501,1.455468,1.809844,2.072802,1.758015,1.592727,2.100138,1.715455,1.194776,,1.815759,1.601645
2013-04-02,1.737003,1.627243,1.665154,1.892804,1.659315,1.778876,1.763280,1.454662,1.792110,2.083496,1.785579,1.597865,2.113956,1.725107,1.196287,,1.817601,1.609548
2013-04-03,1.717167,1.624087,1.648578,1.880240,1.647232,1.757134,1.736723,1.440929,1.750489,2.060572,1.776531,1.570702,2.084139,1.714783,1.175050,,1.805836,1.593228
2013-04-04,1.726954,1.638189,1.663375,1.908526,1.658842,1.766870,1.740870,1.444673,1.752328,2.064640,1.785010,1.581346,2.103247,1.727207,1.180188,,1.823789,1.599695
2013-04-05,1.720056,1.644002,1.660632,1.908600,1.655855,1.751750,1.739406,1.427879,1.755322,2.060831,1.772148,1.571839,2.095394,1.726151,1.177809,,1.822585,1.592510
2013-04-08,1.734542,1.656760,1.662052,1.934334,1.668540,1.764912,1.757747,1.440347,1.770193,2.068518,1.777717,1.587813,2.119881,1.736099,1.189216,,1.837080,1.603287
2013-04-09,1.742228,1.651127,1.684284,1.937457,1.675714,1.760536,1.765281,1.463753,1.787935,2.072769,1.785845,1.593015,2.114719,1.732756,1.190525,,1.846113,1.608829
2013-04-10,1.764079,1.665174,1.696192,1.955545,1.696251,1.776985,1.792532,1.488228,1.800742,2.098877,1.808206,1.617010,2.137628,1.748606,1.202536,,1.860024,1.628535
2013-04-11,1.773184,1.670567,1.703380,1.968940,1.704441,1.789141,1.807161,1.484376,1.799299,2.114313,1.825979,1.625374,2.153915,1.755591,1.211661,,1.862468,1.633873
2013-04-12,1.766040,1.676982,1.670168,1.967481,1.692476,1.795290,1.790296,1.477022,1.778399,2.123194,1.826385,1.615046,2.163066,1.760942,1.210265,,1.856335,1.629870
2013-04-15,1.717583,1.651543,1.600205,1.925635,1.635901,1.766354,1.726772,1.442615,1.709466,2.087607,1.789882,1.573274,2.090641,1.735300,1.172228,,1.812029,1.592099
2013-04-16,1.744197,1.669447,1.631497,1.956100,1.661667,1.795439,1.758031,1.467139,1.737500,2.103018,1.812612,1.596114,2.122389,1.761334,1.193623,,1.833588,1.615603
2013-04-17,1.717532,1.660812,1.605293,1.930742,1.630506,1.782660,1.722794,1.437586,1.700663,2.076091,1.797424,1.568462,2.095094,1.749782,1.175206,,1.814628,1.591997
2013-04-18,1.706766,1.667462,1.610178,1.928471,1.620597,1.781139,1.715319,1.426093,1.708261,2.057346,1.769967,1.550410,2.065875,1.750568,1.163386,,1.814469,1.582041
2013-04-19,1.724239,1.691522,1.626568,1.957245,1.635949,1.812149,1.734321,1.423744,1.706179,2.087641,1.790874,1.571171,2.091552,1.775327,1.181594,,1.836477,1.595794
2013-04-22,1.730544,1.690467,1.641142,1.954177,1.639360,1.812331,1.740184,1.432203,1.728422,2.116408,1.796780,1.573927,2.101980,1.775485,1.188193,,1.843550,1.602876
2013-04-23,1.751942,1.695118,1.645493,1.972088,1.656405,1.831036,1.756789,1.456644,1.749246,2.194477,1.809020,1.602521,2.141344,1.784852,1.212325,,1.855316,1.619401
2013-04-24,1.758361,1.702087,1.678644,1.976899,1.674241,1.809285,1.764880,1.469211,1.775394,2.181307,1.785267,1.610116,2.154277,1.776846,1.208800,,1.865949,1.620427
2013-04-25,1.770863,1.703881,1.694405,1.983509,1.684697,1.816160,1.785110,1.484991,1.781265,2.193450,1.792410,1.619042,2.179505,1.776323,1.217984,,1.883788,1.626996
2013-04-26,1.763293,1.704677,1.670947,1.970733,1.679332,1.812117,1.775528,1.479164,1.778159,2.192104,1.780931,1.611920,2.170379,1.773148,1.213729,,1.879033,1.624122
2013-04-29,1.776173,1.721203,1.697334,1.981927,1.689704,1.816151,1.788070,1.495559,1.801295,2.201588,1.786587,1.626073,2.179181,1.785342,1.215554,,1.897182,1.635002
2013-04-30,1.782201,1.726793,1.699211,1.999633,1.688047,1.818685,1.790824,1.511948,1.802104,2.203934,1.782699,1.637122,2.191576,1.790026,1.210974,,1.899462,1.638902
2013-05-01,1.763905,1.712215,1.672509,1.989964,1.665586,1.810220,1.767771,1.502446,1.766591,2.154950,1.773697,1.619231,2.170475,1.778846,1.195724,,1.882965,1.624533
2013-05-02,1.781869,1.709440,1.694517,2.003923,1.689689,1.822398,1.785226,1.521993,1.784282,2.187355,1.791808,1.637948,2.191650,1.790471,1.218403,,1.889580,1.639620
2013-05-03,1.803919,1.709762,1.728708,2.011537,1.718449,1.834603,1.814044,1.544822,1.816532,2.196504,1.798802,1.662364,2.224328,1.797235,1.237422,,1.906054,1.656247
2013-05-06,1.808639,1.686141,1.733448,2.017225,1.729697,1.818760,1.828757,1.551796,1.830963,2.198251,1.796517,1.673937,2.228994,1.782459,1.239578,,1.899569,1.660455
2013-05-07,1.820095,1.701583,1.748755,2.030049,1.747220,1.833209,1.850055,1.548081,1.848898,2.207350,1.801199,1.681699,2.238225,1.795223,1.243822,,1.913455,1.668872
2013-05-08,1.828410,1.686339,1.770054,2.029687,1.755777,1.828506,1.859843,1.563840,1.843881,2.214676,1.821524,1.693750,2.246201,1.788499,1.242797,,1.916588,1.676467
2013-05-09,1.821924,1.656180,1.765172,2.020416,1.750444,1.811074,1.853487,1.564174,1.847445,2.229873,1.826306,1.684243,2.239588,1.772300,1.236425,,1.903981,1.671745
2013-05-10,1.832871,1.660959,1.762560,2.025780,1.758024,1.820342,1.868651,1.576617,1.844419,2.249117,1.844074,1.694682,2.258943,1.778128,1.246336,,1.911693,1.677185
2013-05-13,1.829712,1.652029,1.748690,2.026281,1.751933,1.822058,1.860106,1.568170,1.841790,2.257364,1.848910,1.700212,2.256259,1.779249,1.249121,,1.904947,1.678520
2013-05-14,1.852730,1.663664,1.770444,2.042222,1.776636,1.845226,1.883432,1.580805,1.865917,2.276111,1.870070,1.732723,2.290522,1.795200,1.271510,,1.919940,1.695865
2013-05-15,1.864302,1.679696,1.771863,2.059746,1.787417,1.862417,1.890239,1.592971,1.865449,2.310094,1.883370,1.747015,2.296139,1.810802,1.277936,,1.930213,1.705000
2013-05-16,1.852045,1.666107,1.766104,2.041232,1.777284,1.854297,1.876441,1.593320,1.854329,2.288524,1.866783,1.733761,2.267490,1.797136,1.264338,,1.917814,1.696994
2013-05-17,1.874199,1.683075,1.783944,2.056678,1.803361,1.860191,1.906509,1.613733,1.891354,2.296770,1.879724,1.757616,2.296431,1.809959,1.280881,,1.934038,1.713416
2013-05-20,1.873850,1.675626,1.788446,2.051846,1.806396,1.841884,1.910686,1.612562,1.920418,2.292275,1.875835,1.758269,2.293666,1.800761,1.274148,,1.933561,1.713313
2013-05-21,1.875392,1.676260,1.784729,2.068657,1.809425,1.843917,1.911173,1.610032,1.911725,2.293702,1.890601,1.756593,2.293444,1.802990,1.274256,,1.933756,1.715777
2013-05-22,1.853013,1.649394,1.766060,2.020014,1.788602,1.835576,1.884494,1.588585,1.885618,2.254614,1.878384,1.737797,2.267643,1.783675,1.261405,,1.913434,1.703050
2013-05-23,1.848223,1.637975,1.762837,1.987157,1.787542,1.831069,1.878558,1.593205,1.875927,2.255592,1.880014,1.729267,2.262753,1.767144,1.261195,,1.902276,1.698123
2013-05-24,1.843940,1.620760,1.758978,1.980400,1.783903,1.840772,1.864405,1.587857,1.870017,2.264747,1.880420,1.732377,2.256835,1.761127,1.260482,,1.892663,1.696686
2013-05-28,1.856290,1.607082,1.776343,1.967864,1.792823,1.847119,1.881841,1.603299,1.884727,2.253263,1.899631,1.754212,2.276428,1.760577,1.269098,,1.890761,1.706847
2013-05-29,1.842397,1.582363,1.777538,1.924434,1.781687,1.816362,1.869728,1.600716,1.882415,2.230992,1.876733,1.756604,2.247381,1.729667,1.252973,,1.869822,1.695762
2013-05-30,1.852114,1.588040,1.787272,1.907681,1.792871,1.812607,1.882374,1.618154,1.875455,2.237744,1.890097,1.778872,2.248205,1.732101,1.257649,,1.873920,1.702023
2013-05-31,1.827986,1.578158,1.763164,1.883750,1.778701,1.778084,1.859835,1.598790,1.840519,2.218589,1.856944,1.748613,2.225602,1.709270,1.242683,,1.850071,1.677596
2013-06-03,1.833266,1.581964,1.771469,1.892063,1.784110,1.791400,1.859873,1.606231,1.854733,2.219122,1.863829,1.748216,2.230350,1.715678,1.236815,,1.859443,1.686833
2013-06-04,1.822040,1.573147,1.767722,1.864200,1.769798,1.796168,1.853304,1.595322,1.836249,2.230270,1.850269,1.733342,2.209160,1.708268,1.222522,,1.854008,1.678725
2013-06-05,1.795922,1.559577,1.735905,1.840031,1.740067,1.776740,1.822030,1.573398,1.817975,2.195239,1.827391,1.705010,2.176763,1.690129,1.200378,,1.831781,1.655221
2013-06-06,1.814630,1.580514,1.749127,1.875590,1.752504,1.783619,1.843307,1.580788,1.840056,2.203099,1.851577,1.728150,2.206943,1.706239,1.220966,,1.851935,1.670206
2013-06-07,1.839133,1.595078,1.755175,1.859269,1.779702,1.808570,1.874338,1.600338,1.863365,2.241910,1.871689,1.764222,2.239904,1.723322,1.237173,,1.857378,1.691452
2013-06-10,1.838123,1.592225,1.757509,1.836696,1.775221,1.807898,1.872577,1.599983,1.849897,2.233085,1.879069,1.770742,2.241630,1.718958,1.233788,,1.856616,1.691452
2013-06-11,1.818156,1.582526,1.729342,1.816347,1.757910,1.806191,1.850528,1.577507,1.821616,2.208471,1.869592,1.741599,2.214736,1.708118,1.221406,,1.839670,1.674003
2013-06-12,1.801700,1.565835,1.727973,1.789874,1.743463,1.797063,1.830238,1.560881,1.806547,2.183935,1.852021,1.725660,2.198008,1.696117,1.202756,,1.825660,1.660148
2013-06-13,1.832964,1.593049,1.761315,1.834263,1.769428,1.812740,1.871675,1.583612,1.838854,2.228171,1.878504,1.756278,2.241489,1.722193,1.226681,,1.857851,1.685396
2013-06-14,1.822429,1.596835,1.751147,1.837425,1.762021,1.809225,1.858339,1.568584,1.821861,2.223252,1.870966,1.734601,2.232432,1.723194,1.222211,,1.852887,1.674825
2013-06-17,1.837493,1.600534,1.766035,1.846214,1.770795,1.825300,1.872623,1.591105,1.839867,2.253651,1.880951,1.754646,2.247526,1.736363,1.231230,,1.863577,1.687757
2013-06-18,1.851560,1.610019,1.771137,1.848438,1.789929,1.830842,1.889195,1.604447,1.849076,2.276581,1.897533,1.769218,2.268689,1.744379,1.240645,,1.876114,1.701100
2013-06-19,1.824901,1.572185,1.755489,1.790243,1.765479,1.797152,1.864006,1.591027,1.824716,2.251118,1.867492,1.746335,2.241975,1.707504,1.221439,,1.837363,1.677596
2013-06-20,1.776464,1.525068,1.701451,1.718048,1.721826,1.746517,1.814785,1.549677,1.765368,2.189961,1.819455,1.717456,2.174192,1.658681,1.179741,,1.780131,1.636028
2013-06-21,1.780954,1.545544,1.693715,1.743851,1.717642,1.765853,1.814105,1.548471,1.768706,2.198888,1.837626,1.715964,2.168489,1.678178,1.175945,,1.793864,1.641280
2013-06-24,1.758893,1.546113,1.658355,1.731254,1.690375,1.759331,1.785570,1.524722,1.735281,2.185698,1.826599,1.687444,2.142005,1.673014,1.161318,,1.774631,1.620541
2013-06-25,1.779849,1.566859,1.672711,1.763161,1.709363,1.766723,1.811925,1.550052,1.759067,2.199072,1.829636,1.714856,2.165020,1.688806,1.177594,,1.798783,1.636121
2013-06-26,1.796553,1.589370,1.674775,1.788513,1.724056,1.783546,1.826688,1.562305,1.771279,2.211645,1.853501,1.732315,2.185010,1.710796,1.192437,,1.815067,1.652320
2013-06-27,1.813209,1.592962,1.677240,1.823359,1.745118,1.793820,1.852170,1.572512,1.773494,2.230394,1.861888,1.754189,2.211060,1.720028,1.205957,,1.826992,1.662019
2013-06-28,1.805557,1.598059,1.669344,1.814760,1.734010,1.787939,1.844302,1.564547,1.766610,2.229210,1.849649,1.743053,2.208192,1.718399,1.198579,,1.825846,1.655209
2013-07-01,1.817681,1.577093,1.688005,1.803670,1.751613,1.805126,1.862992,1.573404,1.775568,2.247080,1.860039,1.758964,2.232776,1.715919,1.210896,,1.824573,1.664908
2013-07-02,1.813721,1.576740,1.673753,1.826039,1.736310,1.804581,1.861004,1.568944,1.774385,2.245266,1.845711,1.756009,2.237864,1.715333,1.203918,,1.823110,1.663360
2013-07-03,1.812450,1.575009,1.676419,1.811737,1.735767,1.797264,1.854945,1.575245,1.775528,2.259642,1.841985,1.751806,2.247098,1.712076,1.201807,,1.820141,1.664083
2013-07-05,1.831425,1.568041,1.681773,1.808464,1.759647,1.807359,1.880651,1.593808,1.787864,2.281557,1.866469,1.786533,2.263375,1.719974,1.217443,,1.821762,1.682036
2013-07-08,1.840816,1.591970,1.686381,1.813298,1.764915,1.823503,1.890259,1.587203,1.806850,2.315273,1.878335,1.796020,2.274480,1.736633,1.223289,,1.833734,1.691631
2013-07-09,1.855283,1.604042,1.719805,1.835266,1.790928,1.833737,1.904484,1.597594,1.822453,2.337102,1.872856,1.808384,2.294831,1.749651,1.235422,,1.845787,1.703807
2013-07-10,1.857754,1.613243,1.717058,1.840637,1.789830,1.842679,1.905109,1.613154,1.807304,2.335033,1.885811,1.798940,2.290006,1.752929,1.231360,,1.848779,1.704426
2013-07-11,1.885539,1.639651,1.751255,1.893323,1.819320,1.869942,1.925027,1.644606,1.832299,2.376830,1.910310,1.812513,2.332700,1.775718,1.249676,,1.883531,1.727641
2013-07-12,1.890911,1.644635,1.740329,1.884717,1.816196,1.868955,1.927172,1.653975,1.846476,2.394704,1.922403,1.827517,2.339004,1.780188,1.262375,,1.880296,1.728363
2013-07-15,1.894773,1.670625,1.741945,1.885469,1.823973,1.870964,1.930903,1.658095,1.846068,2.381056,1.924151,1.831511,2.328120,1.790358,1.265304,,1.894670,1.734967
2013-07-16,1.885641,1.661841,1.726325,1.883009,1.815250,1.866458,1.920934,1.656258,1.829504,2.381535,1.912403,1.819460,2.314465,1.785508,1.256634,,1.889883,1.728467
2013-07-17,1.889896,1.659569,1.733067,1.889823,1.819908,1.869389,1.924646,1.662615,1.837535,2.396583,1.916543,1.825011,2.312253,1.786277,1.262598,,1.892562,1.732903
2013-07-18,1.901650,1.675999,1.727354,1.904460,1.840047,1.875251,1.945171,1.661352,1.846335,2.389917,1.926086,1.846198,2.315141,1.801530,1.273506,,1.900273,1.742396
2013-07-19,1.905477,1.676775,1.740323,1.903543,1.850537,1.885286,1.947858,1.647286,1.866538,2.376189,1.943073,1.846841,2.318167,1.806947,1.279580,,1.902343,1.745491
2013-07-22,1.910146,1.674425,1.750472,1.903719,1.851965,1.881531,1.955154,1.649723,1.865576,2.375108,1.953846,1.863242,2.316555,1.806708,1.287067,,1.909394,1.748896
2013-07-23,1.906261,1.679571,1.756759,1.900849,1.848783,1.879162,1.951840,1.642336,1.872010,2.363817,1.942965,1.856175,2.310850,1.805141,1.281307,,1.914365,1.745182
2013-07-24,1.892861,1.652570,1.735192,1.867968,1.833961,1.864431,1.942225,1.638042,1.846106,2.348555,1.938994,1.844919,2.299786,1.786756,1.270454,,1.891268,1.738785
2013-07-25,1.901356,1.661074,1.752727,1.866037,1.835452,1.870614,1.957193,1.642413,1.890070,2.347191,1.948020,1.850689,2.298968,1.794278,1.276845,,1.899095,1.743015
2013-07-26,1.901878,1.667203,1.750377,1.862756,1.831103,1.874094,1.957861,1.642644,1.886638,2.351513,1.956852,1.853505,2.289246,1.798394,1.275302,,1.905686,1.744872
2013-07-29,1.895246,1.668257,1.767726,1.847168,1.825160,1.873485,1.950961,1.633092,1.873718,2.346136,1.952898,1.841031,2.277220,1.797358,1.266774,,1.907114,1.739507
2013-07-30,1.899040,1.672749,1.747743,1.842218,1.836570,1.870433,1.968050,1.646743,1.867475,2.314188,1.947383,1.842203,2.278810,1.798591,1.275353,,1.909088,1.739507
2013-07-31,1.902409,1.661942,1.738625,1.816770,1.842986,1.874181,1.977208,1.655937,1.880794,2.323902,1.949762,1.846899,2.281729,1.795305,1.283737,,1.903627,1.740745
2013-08-01,1.932021,1.677601,1.756562,1.811198,1.882171,1.896797,2.019840,1.677592,1.911792,2.360637,1.968246,1.886151,2.320279,1.812191,1.308817,,1.919881,1.760865
2013-08-02,1.933339,1.676602,1.753447,1.808453,1.884327,1.900612,2.025830,1.675952,1.896095,2.361443,1.967384,1.885652,2.337169,1.811490,1.303562,,1.927059,1.763857
2013-08-05,1.930727,1.664329,1.752612,1.809896,1.878807,1.905091,2.023753,1.677795,1.890651,2.361108,1.968150,1.878860,2.333143,1.804662,1.302889,,1.923269,1.761278
2013-08-06,1.920099,1.651779,1.733839,1.799563,1.864681,1.911636,2.010697,1.667646,1.890949,2.362561,1.956912,1.866627,2.315400,1.797981,1.287657,,1.912878,1.751269
2013-08-07,1.909677,1.661581,1.732360,1.785367,1.855510,1.901293,1.997098,1.656553,1.888252,2.346967,1.954670,1.851570,2.284222,1.797230,1.276267,,1.911751,1.745594
2013-08-08,1.920407,1.669675,1.769253,1.784930,1.866636,1.910136,2.010130,1.664978,1.904648,2.346867,1.963489,1.856980,2.299583,1.801665,1.283687,,1.923122,1.751992
2013-08-09,1.918110,1.656791,1.778983,1.800545,1.862315,1.903729,2.012746,1.664175,1.899891,2.332476,1.959800,1.852030,2.297013,1.795724,1.282018,,1.923942,1.746936
2013-08-12,1.915117,1.647251,1.781144,1.784433,1.865407,1.895665,2.013006,1.672933,1.890496,2.333475,1.952879,1.842839,2.292966,1.789263,1.278856,,1.919778,1.744872
2013-08-13,1.918791,1.636974,1.781846,1.762913,1.871007,1.899933,2.018404,1.679812,1.896765,2.330188,1.958463,1.856036,2.293585,1.788055,1.286136,,1.915093,1.750031
2013-08-14,1.908563,1.630468,1.778697,1.760621,1.858882,1.882829,2.002581,1.676229,1.891139,2.321448,1.948190,1.847714,2.276024,1.777676,1.277554,,1.909439,1.741055
2013-08-15,1.880153,1.607636,1.770944,1.729634,1.834825,1.852484,1.969691,1.640752,1.877177,2.283139,1.918581,1.819138,2.249899,1.751458,1.251695,,1.887512,1.716704
2013-08-16,1.873246,1.590615,1.759114,1.693778,1.835839,1.842450,1.961172,1.640494,1.864502,2.279954,1.908055,1.821359,2.246996,1.740347,1.253014,,1.866832,1.711029
2013-08-19,1.859236,1.577584,1.744459,1.681158,1.822646,1.840167,1.936902,1.628741,1.835727,2.273526,1.909007,1.801409,2.235492,1.731821,1.238001,,1.850696,1.700092
2013-08-20,1.874155,1.590794,1.760743,1.716942,1.828057,1.842672,1.961404,1.636410,1.854291,2.293206,1.914430,1.814856,2.268808,1.739577,1.253298,,1.864558,1.708450
2013-08-21,1.862420,1.571237,1.747202,1.715701,1.819000,1.827071,1.941027,1.632874,1.850350,2.272493,1.907524,1.803981,2.254177,1.724623,1.246750,,1.851107,1.697925
2013-08-22,1.881118,1.580486,1.768497,1.720507,1.842302,1.837784,1.963551,1.644156,1.882915,2.281810,1.923012,1.827077,2.282558,1.735679,1.266113,,1.866750,1.713402
2013-08-23,1.887467,1.592645,1.781640,1.743014,1.844293,1.848270,1.967932,1.650557,1.897952,2.295481,1.927810,1.825393,2.283841,1.743321,1.266326,,1.883269,1.719180
2013-08-26,1.879859,1.579746,1.781329,1.736657,1.842488,1.823386,1.959297,1.643443,1.892928,2.287132,1.930606,1.813095,2.282754,1.730844,1.263713,,1.872838,1.712783
2013-08-27,1.846516,1.578820,1.744976,1.730412,1.804535,1.809644,1.916089,1.605802,1.875567,2.261880,1.896567,1.764762,2.238537,1.716994,1.226941,,1.856950,1.685234
2013-08-28,1.850082,1.585279,1.740555,1.728844,1.806756,1.795579,1.923819,1.611606,1.900343,2.265741,1.899454,1.768395,2.242236,1.718598,1.233521,,1.857508,1.691219
2013-08-29,1.856036,1.577241,1.747617,1.727610,1.813055,1.801605,1.931090,1.619931,1.889133,2.285837,1.903760,1.776831,2.261022,1.716773,1.242364,,1.858290,1.693901
2013-08-30,1.848693,1.578534,1.746679,1.718745,1.802128,1.804691,1.919072,1.614757,1.893329,2.271853,1.898761,1.766614,2.240686,1.716433,1.232429,,1.855276,1.688536
2013-09-03,1.856922,1.560976,1.755827,1.710314,1.813590,1.800345,1.930619,1.624684,1.902811,2.274379,1.915478,1.784094,2.253725,1.709540,1.247696,,1.852726,1.696171
2013-09-04,1.873959,1.559545,1.769621,1.724276,1.832713,1.820523,1.952204,1.641990,1.908706,2.297701,1.937492,1.798480,2.276658,1.714986,1.263502,,1.859966,1.710204
2013-09-05,1.878280,1.552524,1.769092,1.707282,1.842885,1.820464,1.961208,1.648554,1.911621,2.305244,1.947326,1.802634,2.282242,1.712879,1.271804,,1.852721,1.712371
2013-09-06,1.880460,1.563215,1.767886,1.741249,1.841038,1.820945,1.963256,1.649509,1.910040,2.300463,1.947267,1.800155,2.284153,1.717719,1.268094,,1.862005,1.713196
2013-09-09,1.902298,1.570515,1.796160,1.778491,1.866050,1.835790,1.989443,1.669938,1.928631,2.313276,1.963297,1.818125,2.319142,1.730335,1.283312,,1.879699,1.729602
2013-09-10,1.917902,1.582203,1.810711,1.778536,1.891380,1.839101,1.997873,1.693593,1.929369,2.347348,1.974371,1.842614,2.337381,1.740260,1.297427,,1.890628,1.742396
2013-09-11,1.924495,1.568326,1.822304,1.787812,1.896756,1.849319,2.004878,1.696485,1.932773,2.368271,1.989494,1.845953,2.356163,1.742918,1.298277,,1.892864,1.747864
2013-09-12,1.914921,1.565565,1.802898,1.773178,1.887789,1.847002,1.990926,1.687542,1.917395,2.373945,1.985414,1.836457,2.340898,1.739055,1.288844,,1.882995,1.743221
2013-09-13,1.921589,1.578069,1.815816,1.773675,1.891286,1.856299,1.999084,1.694632,1.921668,2.383659,1.993743,1.839418,2.344065,1.747360,1.296197,,1.891882,1.747142
2013-09-16,1.935459,1.581146,1.832990,1.796679,1.913564,1.870930,2.008469,1.701995,1.918748,2.395408,2.012756,1.859484,2.358921,1.756981,1.306483,,1.902727,1.757254
2013-09-17,1.943891,1.589953,1.831340,1.796548,1.921129,1.880307,2.016031,1.710466,1.926386,2.402052,2.020548,1.872711,2.370883,1.762642,1.313280,,1.913440,1.765095
2013-09-18,1.969970,1.635974,1.881769,1.853856,1.947299,1.903621,2.038820,1.732797,1.957627,2.418369,2.027212,1.882143,2.410241,1.793842,1.321050,,1.953168,1.785525
2013-09-19,1.966643,1.628301,1.872308,1.852694,1.953868,1.896080,2.036452,1.733044,1.958116,2.408490,2.019470,1.875788,2.405455,1.789027,1.314312,,1.952573,1.782533
2013-09-20,1.950752,1.606794,1.849431,1.821488,1.933963,1.881120,2.018833,1.719951,1.942184,2.402813,2.013036,1.871197,2.378998,1.775898,1.304563,,1.923962,1.770070
2013-09-23,1.939965,1.626646,1.837738,1.808321,1.924139,1.870746,2.002251,1.713385,1.931260,2.376498,2.001432,1.851905,2.364133,1.778195,1.291369,,1.923446,1.761879
2013-09-24,1.940901,1.624267,1.837793,1.798113,1.930873,1.865602,2.007674,1.719331,1.938192,2.379879,1.993064,1.848594,2.370138,1.774413,1.296133,,1.919626,1.757732
2013-09-25,1.936967,1.612850,1.847228,1.803272,1.924745,1.850374,1.999545,1.730053,1.937818,2.371212,1.976815,1.853613,2.358571,1.763915,1.295461,,1.916576,1.752651
2013-09-26,1.942547,1.611418,1.855158,1.816114,1.932712,1.855424,2.004305,1.728530,1.939434,2.391893,1.984762,1.855998,2.377031,1.767798,1.299734,,1.920290,1.759391
2013-09-27,1.933265,1.601508,1.833935,1.808670,1.921818,1.845408,1.996297,1.717608,1.934705,2.388793,1.979407,1.849195,2.364961,1.758568,1.293669,,1.908312,1.751304
2013-09-30,1.925579,1.598873,1.836208,1.788014,1.913300,1.832496,1.988091,1.717468,1.918780,2.376650,1.975903,1.839420,2.355413,1.753400,1.289447,,1.902630,1.741972
2013-10-01,1.941012,1.604840,1.842096,1.808961,1.927904,1.842173,2.009320,1.731022,1.931680,2.395408,1.999498,1.852942,2.371905,1.758977,1.306058,,1.917084,1.755762
2013-10-02,1.941114,1.608018,1.855928,1.807587,1.919258,1.837685,2.016743,1.734479,1.935883,2.397860,1.996348,1.848386,2.370611,1.757274,1.307153,,1.918000,1.754103
2013-10-03,1.923271,1.587682,1.837656,1.773926,1.897017,1.829605,2.002069,1.717516,1.922106,2.370933,1.977818,1.836255,2.346636,1.739599,1.297317,,1.893913,1.737929
2013-10-04,1.938523,1.590958,1.865682,1.768233,1.908041,1.839954,2.022047,1.734656,1.936991,2.384390,1.997054,1.859175,2.357741,1.746163,1.314121,,1.898497,1.751096
2013-10-07,1.920714,1.583263,1.843568,1.773159,1.894161,1.828245,1.991981,1.723581,1.919447,2.366509,1.979833,1.834953,2.332679,1.738199,1.295753,,1.892100,1.735959
2013-10-08,1.896824,1.593299,1.808510,1.752582,1.869920,1.822971,1.959305,1.694016,1.899354,2.328370,1.956930,1.808708,2.294260,1.734013,1.270550,,1.882348,1.715740
2013-10-09,1.898613,1.599905,1.810148,1.753259,1.866742,1.827605,1.961659,1.693435,1.898187,2.319010,1.957217,1.818722,2.291070,1.739454,1.272913,,1.888940,1.716985
2013-10-10,1.941561,1.624311,1.843777,1.793606,1.912980,1.862863,2.008002,1.729590,1.945893,2.377064,1.997672,1.871976,2.336226,1.769879,1.308596,,1.926397,1.753999
2013-10-11,1.954118,1.632672,1.849170,1.808445,1.924983,1.869932,2.020441,1.742484,1.970193,2.389461,2.005004,1.884687,2.359201,1.781118,1.316795,,1.934765,1.765301
2013-10-14,1.960095,1.623094,1.854125,1.808041,1.930005,1.874107,2.026223,1.753340,1.978951,2.414718,2.018608,1.894731,2.355473,1.779754,1.324870,,1.931995,1.772351
2013-10-15,1.942990,1.600203,1.844625,1.798940,1.909251,1.859558,2.009555,1.735443,1.970109,2.408956,2.000898,1.879845,2.330734,1.763321,1.316904,,1.920048,1.759495
2013-10-16,1.969652,1.616735,1.863325,1.837563,1.916224,1.889099,2.039563,1.754703,1.999328,2.434517,2.041704,1.915090,2.359224,1.788489,1.342634,,1.945017,1.784067
2013-10-17,1.987461,1.643993,1.894509,1.866412,1.929733,1.906788,2.050153,1.760930,2.010408,2.456835,2.060211,1.935730,2.388687,1.807853,1.353632,,1.969910,1.795991
2013-10-18,1.998882,1.650323,1.902254,1.861319,1.949261,1.906800,2.065969,1.777772,2.034591,2.511977,2.048589,1.946544,2.407420,1.811740,1.360542,,1.972017,1.808122
2013-10-21,1.998358,1.646186,1.904838,1.853058,1.952969,1.903533,2.063863,1.788196,2.033190,2.541309,2.035547,1.942874,2.409333,1.809772,1.360483,,1.972430,1.808225
2013-10-22,2.011613,1.666365,1.933328,1.873748,1.969609,1.929168,2.078513,1.789352,2.056744,2.544340,2.047150,1.943577,2.419735,1.829335,1.366972,,1.995007,1.818697
2013-10-23,2.000818,1.665892,1.914931,1.865079,1.970077,1.927014,2.057659,1.769597,2.032522,2.543063,2.044777,1.932013,2.406824,1.830876,1.355753,,1.988661,1.809988
2013-10-24,2.006880,1.662754,1.922768,1.873502,1.989452,1.926162,2.061511,1.769863,2.036093,2.550113,2.040964,1.937629,2.434058,1.830885,1.362615,,1.991577,1.816002
2013-10-25,2.017358,1.684505,1.927844,1.897676,1.999945,1.934796,2.071004,1.777958,2.047094,2.558238,2.047663,1.941197,2.451978,1.841640,1.363883,,2.006285,1.824296
2013-10-28,2.017166,1.679720,1.923983,1.880053,1.997093,1.954504,2.072493,1.776555,2.047728,2.552888,2.052917,1.939655,2.445469,1.846693,1.358333,,1.998602,1.827199
2013-10-29,2.030484,1.679104,1.933998,1.876155,2.011209,1.969045,2.091728,1.794753,2.062772,2.580856,2.060339,1.951664,2.464495,1.854500,1.371243,,2.006367,1.836945
2013-10-30,2.016898,1.667857,1.921167,1.860743,1.999714,1.953253,2.072964,1.780716,2.054692,2.553394,2.042444,1.942890,2.459446,1.841715,1.363980,,1.994954,1.827821
2013-10-31,2.011946,1.660754,1.913698,1.849368,2.001982,1.944462,2.069015,1.778937,2.043318,2.580019,2.039226,1.925337,2.464282,1.836617,1.359608,,1.986130,1.822637
2013-11-01,2.018206,1.669170,1.903270,1.855705,2.010299,1.945163,2.078737,1.789704,2.039049,2.596365,2.047867,1.931172,2.465330,1.842116,1.369275,,1.993231,1.826992
2013-11-04,2.029086,1.672593,1.930634,1.859650,2.024668,1.949872,2.098880,1.797492,2.060315,2.606149,2.054981,1.932140,2.481033,1.849269,1.381887,,2.007621,1.833420
2013-11-05,2.022141,1.660832,1.921976,1.831556,2.015962,1.955164,2.092069,1.793903,2.038388,2.593122,2.051402,1.928257,2.477935,1.844585,1.382279,,1.992500,1.827614
2013-11-06,2.027812,1.680123,1.939286,1.834033,2.017775,1.973277,2.085044,1.804024,2.039573,2.586646,2.046190,1.939396,2.486131,1.860945,1.374618,,2.008679,1.836945
2013-11-07,2.000282,1.662665,1.912577,1.814971,1.995524,1.941110,2.049586,1.779071,2.009689,2.547744,2.027957,1.916211,2.440519,1.841585,1.347394,,1.983398,1.813721
2013-11-08,2.026917,1.661049,1.947424,1.800217,2.019619,1.950510,2.083590,1.806835,2.040797,2.578882,2.056963,1.967034,2.465425,1.850949,1.376832,,1.990072,1.838190
2013-11-11,2.030256,1.663562,1.946398,1.798921,2.022266,1.949512,2.090194,1.811185,2.044404,2.566610,2.061789,1.968988,2.475956,1.851450,1.383360,,1.991058,1.838501
2013-11-12,2.025794,1.647613,1.934260,1.787430,2.023515,1.951356,2.086425,1.818023,2.032656,2.553761,2.061157,1.950925,2.482267,1.842598,1.384301,,1.980352,1.834768
2013-11-13,2.044489,1.656551,1.943372,1.797890,2.037657,1.972520,2.117335,1.837610,2.048274,2.570713,2.067850,1.968062,2.516636,1.853766,1.400641,,1.991106,1.849491
2013-11-14,2.057281,1.672029,1.961184,1.821874,2.048183,1.986699,2.122877,1.833806,2.074645,2.584785,2.085217,1.985661,2.535852,1.870484,1.412484,,2.011811,1.858719
2013-11-15,2.066312,1.683149,1.970733,1.834723,2.051532,1.987881,2.133237,1.843391,2.079940,2.603710,2.100516,1.992940,2.546983,1.877337,1.417963,,2.024396,1.866806
2013-11-18,2.056153,1.679763,1.952459,1.825559,2.050341,1.980806,2.116794,1.828786,2.064494,2.590672,2.087735,1.990591,2.531400,1.874333,1.407590,,2.020151,1.860274
2013-11-19,2.048230,1.668168,1.949542,1.811506,2.036042,1.978851,2.104759,1.814518,2.068500,2.586422,2.090929,1.991718,2.513157,1.870965,1.399614,,2.013499,1.856230
2013-11-20,2.040032,1.650290,1.933552,1.788057,2.028447,1.962109,2.097633,1.810245,2.061680,2.583452,2.093089,1.989653,2.502669,1.856329,1.397444,,1.997564,1.850424
2013-11-21,2.057956,1.654379,1.938274,1.796329,2.050481,1.968014,2.116027,1.833027,2.082923,2.599878,2.102033,2.018167,2.533344,1.868003,1.415422,,2.007029,1.865355
2013-11-22,2.066617,1.652528,1.946460,1.790240,2.065400,1.980677,2.120244,1.834270,2.103759,2.618527,2.123075,2.032400,2.531402,1.875355,1.428402,,2.007414,1.874686
2013-11-25,2.062695,1.644442,1.929835,1.782314,2.061463,1.972483,2.114559,1.830431,2.093521,2.618139,2.134669,2.030978,2.528472,1.871285,1.428027,,1.998002,1.872820
2013-11-26,2.063350,1.626335,1.922769,1.779501,2.064427,1.981889,2.114891,1.835346,2.088908,2.640372,2.127983,2.031143,2.543596,1.867563,1.430164,,1.986583,1.873338
2013-11-27,2.069312,1.624280,1.921294,1.796767,2.074643,1.983502,2.121465,1.847193,2.081881,2.649409,2.127377,2.038377,2.554166,1.866337,1.437784,,1.989152,1.877900
2013-11-29,2.065151,1.624419,1.922586,1.776610,2.068487,1.974274,2.117708,1.845329,2.074808,2.649788,2.124361,2.032673,2.559539,1.862770,1.434705,,1.982515,1.876656
2013-12-02,2.059698,1.619295,1.910235,1.771460,2.057604,1.968112,2.113229,1.840479,2.079009,2.631931,2.123269,2.032719,2.546347,1.852696,1.436506,,1.973333,1.871783
2013-12-03,2.052488,1.627236,1.887784,1.764180,2.042987,1.980606,2.106133,1.845117,2.086056,2.615591,2.109879,2.011481,2.529213,1.852039,1.426884,,1.969887,1.863696
2013-12-04,2.050333,1.634326,1.910110,1.772256,2.033520,1.981215,2.107636,1.842550,2.061532,2.602037,2.096792,2.012957,2.523618,1.849013,1.423284,,1.975040,1.863488
2013-12-05,2.042037,1.622008,1.895497,1.774181,2.034890,1.967578,2.100368,1.836132,2.055760,2.601397,2.087604,1.996345,2.515577,1.835982,1.414932,,1.965543,1.855297
2013-12-06,2.067189,1.643673,1.921208,1.791450,2.063632,1.997856,2.119787,1.859222,2.066118,2.626404,2.118663,2.028091,2.537689,1.863499,1.432826,,1.988489,1.876034
2013-12-09,2.069791,1.635659,1.928088,1.803972,2.067009,2.006777,2.122741,1.856692,2.061601,2.625512,2.122722,2.031556,2.543918,1.863933,1.431679,,1.995876,1.880803
2013-12-10,2.064001,1.617500,1.931132,1.803306,2.062299,1.989716,2.118920,1.855065,2.057243,2.630533,2.114311,2.025074,2.544915,1.849798,1.429333,,1.986687,1.874064
2013-12-11,2.037343,1.604668,1.895161,1.767737,2.030867,1.989279,2.088965,1.828675,2.028541,2.607153,2.074382,2.002850,2.514954,1.830814,1.404893,,1.961232,1.853016
2013-12-12,2.032092,1.606054,1.892297,1.758116,2.033829,1.963807,2.085760,1.815678,2.036458,2.598861,2.066236,2.003082,2.509004,1.824793,1.406940,,1.956890,1.846899
2013-12-13,2.034874,1.603892,1.897824,1.764612,2.038323,1.957724,2.088124,1.823420,2.033984,2.593675,2.064687,2.005617,2.523951,1.822806,1.410220,,1.959373,1.846692
2013-12-16,2.048778,1.614687,1.901432,1.767791,2.057908,1.964646,2.103490,1.836578,2.051531,2.615774,2.071122,2.021430,2.549943,1.831370,1.421115,,1.969320,1.858200
2013-12-17,2.045344,1.610316,1.907603,1.768415,2.055026,1.955433,2.102856,1.845969,2.046132,2.607315,2.063773,2.010456,2.539366,1.824338,1.417261,,1.969923,1.852291
2013-12-18,2.077035,1.631503,1.927556,1.804811,2.090356,1.986564,2.129594,1.853068,2.072807,2.652068,2.114508,2.051658,2.582994,1.852559,1.438338,,1.996894,1.883914
2013-12-19,2.073998,1.619751,1.929131,1.787389,2.089779,1.980378,2.127905,1.860190,2.075231,2.665654,2.112205,2.048321,2.567565,1.850021,1.436695,,1.980801,1.881736
2013-12-20,2.088204,1.634957,1.939702,1.797054,2.112275,1.985375,2.136353,1.877250,2.094554,2.670920,2.126536,2.065038,2.581627,1.862320,1.447192,,1.993919,1.892682
2013-12-23,2.098166,1.630787,1.945409,1.800000,2.121386,1.987016,2.146601,1.893079,2.100689,2.692716,2.139068,2.076388,2.605538,1.864101,1.453981,,2.000431,1.902794
2013-12-24,2.105826,1.636828,1.965314,1.806671,2.131558,1.990588,2.159039,1.898061,2.112521,2.702981,2.139151,2.081252,2.613755,1.870204,1.458429,,2.010634,1.906964
2013-12-26,2.113414,1.629931,1.975538,1.810684,2.144525,1.997003,2.167076,1.902908,2.124783,2.711867,2.149656,2.086489,2.629918,1.873622,1.464976,,2.015376,1.916659
2013-12-27,2.113462,1.633778,1.980778,1.809003,2.143845,1.999915,2.167407,1.903250,2.131821,2.708261,2.148347,2.084254,2.623194,1.875626,1.456728,,2.019883,1.916554
2013-12-30,2.116707,1.637909,1.978362,1.815820,2.144403,2.006579,2.172195,1.910483,2.123421,2.725199,2.151306,2.083007,2.628162,1.878530,1.457823,,2.022055,1.916242
2013-12-31,2.123078,1.640689,1.982219,1.810375,2.152951,2.005422,2.177903,1.918690,2.146209,2.733377,2.152142,2.093741,2.638406,1.881191,1.463125,,2.021535,1.925311
2014-01-02,2.103581,1.614932,1.975705,1.798935,2.129145,1.984758,2.162057,1.897492,2.119487,2.715832,2.136766,2.073380,2.620559,1.857352,1.452367,,2.003241,1.906860
2014-01-03,2.105696,1.611257,1.973165,1.803810,2.137533,1.985380,2.165724,1.898520,2.112091,2.702000,2.140192,2.082633,2.614978,1.856512,1.457522,,2.003819,1.906547
2014-01-06,2.098415,1.612785,1.962338,1.813097,2.123591,1.976465,2.155798,1.882192,2.116967,2.703371,2.136886,2.081596,2.597105,1.851654,1.453344,,2.004445,1.901022
2014-01-07,2.110596,1.626925,1.968194,1.819516,2.133742,1.986411,2.161119,1.902803,2.135507,2.710059,2.158140,2.086854,2.616534,1.862862,1.461782,,2.014194,1.912697
2014-01-08,2.111810,1.616152,1.973723,1.815969,2.133262,1.978871,2.162859,1.911598,2.127200,2.692983,2.173282,2.090763,2.618301,1.854909,1.479220,,2.004130,1.913114
2014-01-09,2.116484,1.624795,1.972705,1.818072,2.142476,1.991635,2.164672,1.907046,2.127630,2.674979,2.188451,2.097630,2.618219,1.861011,1.484663,,2.005851,1.914365
2014-01-10,2.127009,1.646800,1.989267,1.839981,2.155657,2.004186,2.174118,1.914120,2.133866,2.683880,2.201561,2.091539,2.634092,1.869409,1.490815,,2.028185,1.919578
2014-01-13,2.096941,1.631157,1.966377,1.824589,2.131862,1.987198,2.133032,1.890949,2.093238,2.637110,2.174858,2.054850,2.586982,1.849445,1.464355,,2.012833,1.894037
2014-01-14,2.119646,1.634184,1.989966,1.836488,2.157909,2.002598,2.147819,1.930155,2.119110,2.677128,2.207949,2.075938,2.608248,1.857868,1.483216,,2.021074,1.914678
2014-01-15,2.128135,1.631539,2.004203,1.846665,2.168963,2.001791,2.155821,1.953176,2.111540,2.686154,2.206514,2.092105,2.615970,1.859129,1.487580,,2.024644,1.924998
2014-01-16,2.125119,1.640550,2.008522,1.850819,2.165121,1.998717,2.151909,1.949914,2.118128,2.682307,2.213567,2.081452,2.589851,1.860379,1.479603,,2.033556,1.922496
2014-01-17,2.118059,1.639109,2.004129,1.844686,2.160658,1.984291,2.139137,1.947736,2.116039,2.667436,2.210187,2.077446,2.573531,1.856128,1.469898,,2.025586,1.914365
2014-01-21,2.123096,1.657319,2.014008,1.857192,2.162974,1.985483,2.136593,1.954614,2.135233,2.668396,2.224504,2.079427,2.563957,1.861150,1.477787,,2.036051,1.919995
2014-01-22,2.128044,1.661232,1.998548,1.861101,2.174386,1.984561,2.148386,1.960890,2.141572,2.666762,2.224708,2.084147,2.567521,1.861935,1.483732,,2.037214,1.921245
2014-01-23,2.107134,1.655421,1.981461,1.849154,2.145036,1.967251,2.115749,1.948899,2.127926,2.702638,2.209512,2.045743,2.550294,1.847048,1.465850,,2.028373,1.905504
2014-01-24,2.058915,1.635123,1.928408,1.819623,2.078238,1.944831,2.065374,1.901015,2.083494,2.654155,2.157872,1.989387,2.493976,1.816666,1.421654,,2.000586,1.864849
2014-01-27,2.050828,1.637716,1.912914,1.813008,2.076541,1.943791,2.058163,1.890023,2.075629,2.636805,2.145504,1.974995,2.483030,1.815545,1.408386,,1.995943,1.855675
2014-01-28,2.069549,1.646135,1.938212,1.833431,2.095247,1.960733,2.075048,1.891611,2.093765,2.678113,2.171297,2.001066,2.509109,1.826827,1.421022,,2.008380,1.866725
2014-01-29,2.050235,1.642680,1.935728,1.823500,2.075808,1.923602,2.050777,1.880650,2.086330,2.652334,2.157150,1.977521,2.474728,1.815442,1.405990,,1.995564,1.848795
2014-01-30,2.074592,1.671017,1.936073,1.846353,2.095208,1.930350,2.075781,1.905099,2.099821,2.723911,2.190370,2.007378,2.502633,1.831929,1.437076,,2.023738,1.868393
2014-01-31,2.063290,1.683160,1.915815,1.846487,2.084559,1.925764,2.062713,1.886851,2.087178,2.734597,2.172784,1.979876,2.505166,1.825570,1.429628,,2.025809,1.857447
2014-02-03,2.013067,1.667227,1.865895,1.815398,2.028457,1.885314,2.003600,1.838845,2.045762,2.656364,2.124639,1.923778,2.441873,1.791446,1.386286,,1.989145,1.815645
2014-02-04,2.030416,1.660688,1.874496,1.833380,2.050377,1.891407,2.033148,1.850752,2.068375,2.683567,2.138947,1.945849,2.461194,1.795412,1.397265,,1.996545,1.828363
2014-02-05,2.026126,1.654244,1.875756,1.827999,2.045434,1.886478,2.032072,1.847542,2.049140,2.685522,2.131894,1.943245,2.458303,1.791867,1.392090,,1.988823,1.826069
2014-02-06,2.056652,1.666927,1.916691,1.843025,2.075375,1.909845,2.067930,1.880340,2.088076,2.728858,2.146826,1.969984,2.516773,1.804691,1.413758,,2.008142,1.850150
2014-02-07,2.083190,1.677176,1.941019,1.857892,2.113875,1.922969,2.091382,1.902981,2.117275,2.793510,2.174530,1.996416,2.558798,1.825177,1.445389,,2.026380,1.873084
2014-02-10,2.085564,1.688001,1.950822,1.873366,2.101482,1.929699,2.094134,1.909689,2.098109,2.795059,2.187610,1.994202,2.558891,1.828724,1.445020,,2.033884,1.876524
2014-02-11,2.107451,1.704127,1.976342,1.880970,2.125366,1.950088,2.116342,1.930907,2.130397,2.822984,2.212831,2.016379,2.575431,1.848971,1.462296,,2.053375,1.897060
2014-02-12,2.110222,1.705678,1.976609,1.880156,2.134360,1.945710,2.123365,1.940062,2.121241,2.815058,2.213810,2.018230,2.575387,1.847252,1.466546,,2.050717,1.897999
2014-02-13,2.124458,1.724383,2.005722,1.893537,2.139935,1.958254,2.141563,1.955360,2.134747,2.822448,2.230509,2.024877,2.593456,1.861065,1.482325,,2.068935,1.907798
2014-02-14,2.134786,1.738681,2.022788,1.900469,2.155043,1.968326,2.149896,1.962331,2.162092,2.834169,2.235692,2.028230,2.606880,1.873736,1.482740,,2.079031,1.918327
2014-02-18,2.139859,1.745253,2.024291,1.905164,2.155221,1.971870,2.155891,1.967171,2.175078,2.832324,2.247778,2.032517,2.609233,1.871171,1.493743,,2.080931,1.920620
2014-02-19,2.128706,1.734402,2.013112,1.908616,2.134925,1.968691,2.152748,1.964525,2.172357,2.816349,2.233307,2.006160,2.594225,1.858089,1.479614,,2.078098,1.907902
2014-02-20,2.143451,1.749477,2.034258,1.909519,2.164048,1.980736,2.163645,1.976965,2.186089,2.843371,2.253641,2.012019,2.609017,1.869585,1.493777,,2.091676,1.919161
2014-02-21,2.144269,1.750725,2.025893,1.905611,2.168381,1.979460,2.165989,1.976658,2.178073,2.831336,2.253851,2.014628,2.618430,1.868669,1.495791,,2.087130,1.916971
2014-02-24,2.157216,1.745580,2.023302,1.911681,2.183584,1.988138,2.180910,1.986305,2.202390,2.853565,2.275851,2.031210,2.634443,1.870019,1.509432,,2.087901,1.927604
2014-02-25,2.155179,1.746825,2.033565,1.909815,2.175521,1.990132,2.183298,1.979639,2.203538,2.848892,2.268652,2.019283,2.649014,1.870889,1.512846,,2.090339,1.926875
2014-02-26,2.157956,1.739556,2.047991,1.912481,2.182323,1.996589,2.187642,1.983905,2.184116,2.837687,2.267693,2.016187,2.671831,1.868323,1.508715,,2.085756,1.926979
2014-02-27,2.166774,1.734847,2.066384,1.915195,2.195002,1.999876,2.198294,1.997147,2.174280,2.853479,2.274278,2.032254,2.679523,1.873089,1.514028,,2.088422,1.937091
2014-02-28,2.173281,1.746103,2.073650,1.921411,2.202663,2.019109,2.204311,1.988306,2.183220,2.860988,2.278914,2.041815,2.683421,1.883562,1.516615,,2.097594,1.941990
2014-03-03,2.158181,1.730461,2.077312,1.917955,2.189295,2.005872,2.188650,1.973836,2.174288,2.830564,2.267224,2.020798,2.656909,1.869475,1.508026,,2.085115,1.928334
2014-03-04,2.190356,1.743995,2.108503,1.943450,2.220676,2.029098,2.220613,2.008778,2.201261,2.875144,2.302453,2.064431,2.689068,1.891991,1.540830,,2.109138,1.955438
2014-03-05,2.189711,1.730593,2.115952,1.937697,2.222911,2.028844,2.219670,2.006636,2.191834,2.888866,2.302366,2.073498,2.681501,1.884683,1.544590,,2.103189,1.957210
2014-03-06,2.195290,1.720209,2.122570,1.931821,2.235063,2.028870,2.230771,2.005731,2.211719,2.897279,2.296697,2.089383,2.689312,1.886413,1.545235,,2.098736,1.961693
2014-03-07,2.196941,1.724640,2.112654,1.914579,2.242380,2.033078,2.232463,1.999257,2.214654,2.876195,2.292339,2.104298,2.695141,1.894136,1.542477,,2.093725,1.962527
2014-03-10,2.191899,1.721340,2.107486,1.908241,2.232565,2.036580,2.225102,1.988365,2.218674,2.867448,2.295325,2.103039,2.680639,1.893283,1.541388,,2.088098,1.961484
2014-03-11,2.180936,1.715244,2.089712,1.916241,2.221887,2.034687,2.209309,1.980311,2.198675,2.840603,2.290206,2.085163,2.668293,1.888934,1.527837,,2.083878,1.951789
2014-03-12,2.182628,1.737646,2.085413,1.918898,2.217122,2.042079,2.204037,1.986238,2.205536,2.846524,2.290565,2.081105,2.670227,1.894420,1.531264,,2.092589,1.952311
2014-03-13,2.156746,1.754112,2.069241,1.908034,2.187036,2.023045,2.170791,1.952476,2.186407,2.805508,2.261896,2.051315,2.628756,1.887214,1.506845,,2.088655,1.930419
2014-03-14,2.156356,1.763971,2.075837,1.909775,2.180415,2.024213,2.175990,1.947312,2.199277,2.794684,2.254059,2.046463,2.629296,1.888866,1.506708,,2.099061,1.924998
2014-03-17,2.175131,1.774453,2.090834,1.913156,2.206436,2.034338,2.195680,1.971252,2.214613,2.813828,2.273032,2.067412,2.650012,1.901971,1.521315,,2.110555,1.942407
2014-03-18,2.189874,1.773523,2.101498,1.926821,2.217483,2.042598,2.213959,1.997435,2.229151,2.828641,2.297948,2.075326,2.667743,1.907390,1.535126,,2.115549,1.956272
2014-03-19,2.177582,1.747353,2.082902,1.892037,2.201153,2.024739,2.203430,1.999592,2.205764,2.805151,2.297358,2.072606,2.652590,1.889530,1.531742,,2.090683,1.945847
2014-03-20,2.188713,1.748490,2.088133,1.897437,2.203923,2.031944,2.216194,2.022641,2.211824,2.824212,2.300012,2.100872,2.654788,1.897979,1.540922,,2.097412,1.957210
2014-03-21,2.185949,1.761448,2.098157,1.910915,2.200805,2.032229,2.219895,2.011457,2.213225,2.807234,2.265513,2.101675,2.651076,1.902070,1.521906,,2.109576,1.949619
2014-03-24,2.172165,1.765736,2.076077,1.898803,2.189771,2.021569,2.201400,2.001599,2.208226,2.763509,2.236796,2.097954,2.624767,1.897794,1.506002,,2.108503,1.941557
2014-03-25,2.177649,1.771893,2.085679,1.908970,2.209945,2.030939,2.201396,2.014029,2.224332,2.759092,2.246656,2.094157,2.604104,1.906146,1.506549,,2.117669,1.950771
2014-03-26,2.161724,1.765172,2.056506,1.888457,2.185966,2.033014,2.182386,1.992691,2.208694,2.724315,2.251975,2.076479,2.580178,1.899643,1.487163,,2.110785,1.936740
2014-03-27,2.158215,1.780298,2.050526,1.898831,2.179093,2.033768,2.180081,1.985577,2.219340,2.715950,2.246488,2.057657,2.577768,1.904195,1.477932,,2.122579,1.932657
2014-03-28,2.171325,1.782678,2.069875,1.914746,2.196541,2.041445,2.203034,1.995835,2.244344,2.715384,2.243488,2.066512,2.601748,1.909636,1.481430,,2.131774,1.942185
2014-03-31,2.191944,1.802257,2.088483,1.927795,2.221552,2.055029,2.224887,2.019367,2.244385,2.723639,2.274460,2.088950,2.618367,1.927770,1.502634,,2.148172,1.958100
2014-04-01,2.209323,1.793992,2.101365,1.941892,2.241594,2.056079,2.245018,2.045984,2.270521,2.761101,2.297594,2.096696,2.655182,1.925289,1.526908,,2.147137,1.971084
2014-04-02,2.218209,1.792555,2.113697,1.945678,2.256501,2.054850,2.261655,2.053279,2.273651,2.768100,2.309248,2.103258,2.666690,1.925818,1.532205,,2.153551,1.977680
2014-04-03,2.214153,1.798644,2.112118,1.940861,2.256441,2.055516,2.250763,2.039678,2.284952,2.749225,2.311655,2.102164,2.651400,1.928631,1.518415,,2.156266,1.975062
2014-04-04,2.188027,1.809872,2.087341,1.946374,2.227379,2.043195,2.224329,2.001003,2.272428,2.696892,2.271994,2.069849,2.609396,1.921714,1.482292,,2.158162,1.951713
2014-04-07,2.159402,1.803483,2.056587,1.949824,2.192608,2.040511,2.179663,1.983205,2.229863,2.669113,2.248292,2.030969,2.563692,1.913100,1.457942,,2.151753,1.930144
2014-04-08,2.171015,1.827092,2.066307,1.961024,2.197732,2.048724,2.196832,2.001479,2.249634,2.697489,2.238204,2.032770,2.590112,1.921809,1.464838,,2.176048,1.938101
2014-04-09,2.192356,1.825364,2.093299,1.961825,2.226046,2.060279,2.214914,2.025249,2.267171,2.735120,2.279016,2.054040,2.615129,1.928571,1.497822,,2.178117,1.958938
2014-04-10,2.147453,1.819400,2.051243,1.936833,2.181864,2.035008,2.170713,1.968063,2.235959,2.663138,2.215579,2.001426,2.558262,1.907458,1.444423,,2.156355,1.917788
2014-04-11,2.123290,1.815781,2.024618,1.918491,2.160527,2.019188,2.136301,1.945198,2.225009,2.628334,2.185413,1.975402,2.528699,1.899520,1.419796,,2.146741,1.900512
2014-04-14,2.140283,1.827140,2.042418,1.932473,2.169823,2.034030,2.151895,1.968350,2.251113,2.650252,2.205329,1.993323,2.545388,1.911442,1.432341,,2.164441,1.915485
2014-04-15,2.152874,1.851088,2.050304,1.949965,2.182322,2.036978,2.169497,1.977044,2.280929,2.645373,2.217223,2.006424,2.545890,1.927341,1.440337,,2.181566,1.928678
2014-04-16,2.176703,1.864946,2.077744,1.966889,2.216493,2.060925,2.198013,1.988886,2.316208,2.686109,2.228838,2.030613,2.573190,1.943934,1.465207,,2.198036,1.948886
2014-04-17,2.180404,1.844309,2.086544,1.959926,2.234286,2.065868,2.201355,1.997598,2.337091,2.691848,2.224868,2.035253,2.570553,1.941283,1.471529,,2.188426,1.951608
2014-04-21,2.185767,1.840318,2.095685,1.968388,2.239450,2.065663,2.203467,2.006173,2.358069,2.707190,2.241482,2.034896,2.572879,1.941703,1.479983,,2.190830,1.958414
2014-04-22,2.196380,1.841024,2.104252,1.971252,2.243068,2.066103,2.217666,2.017043,2.358417,2.740059,2.254563,2.051572,2.595802,1.941825,1.497298,,2.196517,1.967314
2014-04-23,2.193880,1.844916,2.108542,1.970516,2.251400,2.068541,2.216586,2.005874,2.371741,2.702802,2.238474,2.056140,2.576821,1.946522,1.492825,,2.194831,1.962707
2014-04-24,2.195672,1.856411,2.099620,1.976493,2.250442,2.066823,2.215338,2.012943,2.369106,2.688110,2.240677,2.052827,2.593844,1.949055,1.486946,,2.203685,1.966686
2014-04-25,2.174505,1.876555,2.094518,1.966415,2.222859,2.066883,2.192748,1.972445,2.351029,2.629629,2.215666,2.031491,2.555781,1.948797,1.456538,,2.206890,1.950561
2014-04-28,2.175122,1.883797,2.072440,1.982132,2.222722,2.091626,2.187360,1.970986,2.363194,2.616481,2.220884,2.021796,2.554358,1.961929,1.445022,,2.217264,1.956739
2014-04-29,2.183541,1.875352,2.093853,1.985457,2.224238,2.081451,2.198114,1.986986,2.374505,2.646311,2.225123,2.041396,2.564323,1.962722,1.464181,,2.221403,1.965848
2014-04-30,2.193303,1.877288,2.107431,1.994594,2.245613,2.087524,2.211384,2.000093,2.368547,2.661813,2.230486,2.050261,2.566044,1.970462,1.477033,,2.225175,1.971712
2014-05-01,2.195628,1.888420,2.097837,2.018067,2.241015,2.085542,2.211125,1.994216,2.373404,2.688435,2.234764,2.052689,2.574033,1.969404,1.475662,,2.230346,1.971921
2014-05-02,2.195006,1.850683,2.107956,2.013672,2.238078,2.093841,2.218069,1.997214,2.379761,2.688640,2.223793,2.054127,2.583191,1.961194,1.480053,,2.222853,1.969094
2014-05-05,2.196971,1.866117,2.110252,2.025890,2.237592,2.080949,2.213278,2.000871,2.391227,2.705634,2.243236,2.049217,2.576517,1.965161,1.483964,,2.228471,1.972864
2014-05-06,2.178636,1.859787,2.095625,2.015880,2.224661,2.064132,2.195036,1.981836,2.396195,2.649548,2.231481,2.020863,2.542654,1.953584,1.469255,,2.217388,1.955692
2014-05-07,2.191372,1.890736,2.106459,2.036815,2.242174,2.087545,2.200886,1.973243,2.421387,2.630162,2.243739,2.048431,2.537874,1.974502,1.470124,,2.238220,1.967210
2014-05-08,2.187599,1.868012,2.090147,2.037737,2.243730,2.089838,2.194009,1.979503,2.381202,2.644361,2.238106,2.052167,2.534724,1.969430,1.464268,,2.229687,1.965115
2014-05-09,2.191106,1.841201,2.085299,2.035840,2.243260,2.101661,2.202010,1.981299,2.370674,2.672542,2.255667,2.053984,2.549220,1.967210,1.469474,,2.220907,1.968047
2014-05-12,2.216098,1.824938,2.118940,2.041840,2.278133,2.108542,2.235306,2.014516,2.388947,2.708040,2.286129,2.079144,2.583910,1.968786,1.499364,,2.223671,1.987208
2014-05-13,2.215304,1.827863,2.121877,2.033665,2.279669,2.112056,2.235489,2.008948,2.397610,2.701380,2.285967,2.075423,2.580502,1.972335,1.499057,,2.227568,1.988988
2014-05-14,2.203540,1.839429,2.122795,2.049169,2.261200,2.102226,2.212222,1.997930,2.403206,2.678156,2.282032,2.054693,2.555953,1.969077,1.488817,,2.234873,1.979565
2014-05-15,2.183267,1.832536,2.091292,2.046447,2.241861,2.086950,2.188033,1.982194,2.377315,2.661933,2.258343,2.026357,2.536051,1.956295,1.467554,,2.225560,1.962184
2014-05-16,2.192661,1.838810,2.099840,2.063581,2.248001,2.105101,2.196140,1.999270,2.370907,2.677818,2.271739,2.027862,2.545103,1.964608,1.475935,,2.232018,1.968990
2014-05-19,2.201545,1.812016,2.106622,2.054876,2.261838,2.102559,2.209877,2.017800,2.380716,2.705122,2.286705,2.042574,2.553512,1.958338,1.491214,,2.221036,1.976214
2014-05-20,2.184056,1.811365,2.097169,2.045694,2.231563,2.088120,2.186982,2.000679,2.381036,2.696439,2.267919,2.026724,2.526568,1.949466,1.476267,,2.210821,1.963754
2014-05-21,2.198850,1.811701,2.105147,2.039743,2.249833,2.092362,2.202226,2.010861,2.398459,2.739909,2.286378,2.048725,2.552533,1.957139,1.494266,,2.217194,1.980298
2014-05-22,2.206428,1.826568,2.099464,2.035575,2.254405,2.091867,2.209398,2.019259,2.397732,2.762510,2.297121,2.057034,2.572760,1.961281,1.501735,,2.226089,1.985114
2014-05-23,2.218375,1.823231,2.117787,2.051613,2.271636,2.094286,2.225932,2.038939,2.397992,2.793606,2.301257,2.061313,2.596398,1.962355,1.518616,,2.230219,1.993072
2014-05-27,2.232238,1.836653,2.113205,2.065723,2.283775,2.106828,2.237675,2.059385,2.402328,2.815725,2.314259,2.080374,2.610493,1.969010,1.537214,,2.240941,2.005322
2014-05-28,2.231644,1.847259,2.108058,2.052645,2.288374,2.100171,2.238648,2.055725,2.414044,2.815924,2.313965,2.077057,2.606452,1.972381,1.540038,,2.244787,2.003857
2014-05-29,2.243119,1.851641,2.126192,2.058674,2.292998,2.121574,2.248071,2.068113,2.434753,2.825431,2.334607,2.083764,2.618107,1.979612,1.550889,,2.254643,2.014222
2014-05-30,2.247099,1.865516,2.123782,2.071783,2.294396,2.133497,2.250638,2.065215,2.435853,2.824643,2.337023,2.085078,2.628015,1.987425,1.547827,,2.262961,2.017468
2014-06-02,2.250607,1.865723,2.129165,2.070740,2.301730,2.132858,2.255069,2.067888,2.434899,2.830151,2.340290,2.092945,2.628126,1.986361,1.554337,,2.259334,2.019772
2014-06-03,2.250523,1.870411,2.126710,2.064272,2.296563,2.128108,2.255090,2.069995,2.435835,2.810183,2.348633,2.097083,2.625167,1.984777,1.552435,,2.257154,2.018725
2014-06-04,2.257866,1.870278,2.131822,2.068057,2.299449,2.136404,2.270217,2.075011,2.433239,2.817508,2.355910,2.106820,2.636198,1.989996,1.559312,,2.257805,2.022808
2014-06-05,2.272871,1.886917,2.141741,2.101086,2.322877,2.143687,2.284069,2.090460,2.450346,2.845047,2.359927,2.118951,2.649499,1.999218,1.568244,,2.275201,2.036001
2014-06-06,2.285263,1.882148,2.152179,2.096064,2.345213,2.148335,2.302944,2.105211,2.468793,2.845125,2.363342,2.135708,2.667463,2.004574,1.577055,,2.276560,2.045739
2014-06-09,2.286525,1.870059,2.144948,2.074654,2.359838,2.151249,2.304313,2.111439,2.464770,2.851008,2.355665,2.146290,2.665556,2.005781,1.570363,,2.267232,2.047833
2014-06-10,2.282215,1.864136,2.150540,2.060363,2.355129,2.148667,2.297135,2.110386,2.453402,2.859009,2.354921,2.144431,2.655559,2.003471,1.566660,,2.261037,2.048042
2014-06-11,2.273083,1.842933,2.139657,2.054276,2.338970,2.144004,2.287627,2.110667,2.456717,2.849149,2.353373,2.130707,2.643078,1.992160,1.564764,,2.247622,2.040922
2014-06-12,2.257402,1.847556,2.122660,2.044307,2.307852,2.130290,2.266701,2.099474,2.468286,2.818759,2.338948,2.120978,2.610270,1.986118,1.546892,,2.246067,2.026473
2014-06-13,2.265239,1.859901,2.131575,2.050403,2.315718,2.128351,2.277819,2.118011,2.493152,2.821342,2.337332,2.122173,2.616071,1.991192,1.558422,,2.261826,2.032651
2014-06-16,2.267377,1.875711,2.129644,2.039729,2.315607,2.136378,2.281003,2.123788,2.522531,2.811084,2.329950,2.114389,2.622546,1.995595,1.559542,,2.277156,2.034326
2014-06-17,2.276683,1.872562,2.135724,2.039193,2.322755,2.137414,2.294402,2.137534,2.524167,2.820682,2.330321,2.137915,2.636630,1.996627,1.569443,,2.275728,2.039980
2014-06-18,2.294159,1.915008,2.169346,2.051326,2.335760,2.160978,2.300825,2.149064,2.547264,2.848185,2.349526,2.152345,2.651295,2.018002,1.581103,,2.301702,2.054953
2014-06-19,2.297080,1.932536,2.170866,2.064263,2.342268,2.177111,2.300406,2.144813,2.567876,2.844602,2.352681,2.146853,2.640021,2.027271,1.580383,,2.313193,2.057256
2014-06-20,2.302978,1.921850,2.181471,2.071832,2.353424,2.176579,2.317507,2.143658,2.594426,2.836831,2.362915,2.152659,2.631887,2.027113,1.588316,,2.311703,2.061433
2014-06-23,2.301164,1.913067,2.187150,2.073095,2.341074,2.164699,2.315370,2.146182,2.601447,2.844252,2.357759,2.157465,2.636829,2.019453,1.583753,,2.309481,2.060802
2014-06-24,2.288590,1.917867,2.166030,2.075726,2.316653,2.156785,2.292665,2.136306,2.550219,2.842867,2.372712,2.137477,2.629903,2.013906,1.568811,,2.302351,2.048387
2014-06-25,2.296443,1.927711,2.170645,2.073120,2.322954,2.151360,2.305297,2.142307,2.549091,2.878488,2.389882,2.141011,2.644317,2.017591,1.583176,,2.305664,2.057646
2014-06-26,2.295915,1.932004,2.165410,2.097912,2.319306,2.147082,2.305845,2.135961,2.556086,2.873458,2.391134,2.136111,2.644601,2.016088,1.585395,,2.315857,2.056173
2014-06-27,2.301715,1.939688,2.169587,2.103727,2.326559,2.146245,2.313440,2.143442,2.556054,2.889712,2.394681,2.139384,2.654196,2.020441,1.590674,,2.321120,2.060171
2014-06-30,2.303555,1.955196,2.182370,2.106110,2.320067,2.149827,2.314071,2.150470,2.552457,2.882344,2.386145,2.143318,2.657108,2.022673,1.588467,,2.328807,2.059119
2014-07-01,2.317525,1.936367,2.188007,2.109685,2.332194,2.154680,2.325008,2.173792,2.555191,2.926387,2.416802,2.161541,2.683186,2.026968,1.607370,,2.327958,2.072901
2014-07-02,2.314774,1.899082,2.190169,2.108942,2.325768,2.159682,2.323332,2.173533,2.554511,2.924567,2.430967,2.157335,2.681779,2.017543,1.605644,,2.311476,2.075005
2014-07-03,2.327794,1.879763,2.204877,2.103489,2.346100,2.168302,2.342099,2.188337,2.560873,2.943616,2.443738,2.178596,2.700400,2.022861,1.615058,,2.308037,2.085210
2014-07-07,2.314987,1.887158,2.185775,2.108369,2.324211,2.172479,2.322370,2.176463,2.538279,2.921209,2.424168,2.168102,2.683217,2.022620,1.596609,,2.311838,2.077951
2014-07-08,2.300992,1.897628,2.182202,2.110794,2.308737,2.168172,2.305359,2.157755,2.526811,2.879953,2.405077,2.148211,2.661341,2.021840,1.580849,,2.310872,2.064589
2014-07-09,2.310638,1.894129,2.193704,2.117223,2.311991,2.172705,2.320597,2.164887,2.542114,2.916936,2.414252,2.153867,2.686699,2.023083,1.592445,,2.312239,2.073848
2014-07-10,2.298932,1.906431,2.180121,2.123461,2.297043,2.174762,2.299148,2.156872,2.518240,2.903079,2.411732,2.134828,2.657871,2.018523,1.583542,,2.313017,2.065641
2014-07-11,2.301533,1.893111,2.187696,2.122213,2.303583,2.176338,2.298409,2.159410,2.510340,2.925057,2.420236,2.142217,2.661072,2.015365,1.586171,,2.308589,2.068482
2014-07-14,2.308349,1.870123,2.185176,2.131506,2.314500,2.179301,2.307532,2.168537,2.526777,2.948515,2.426610,2.156365,2.665589,2.016547,1.597149,,2.306844,2.078898
2014-07-15,2.303628,1.878234,2.178508,2.130248,2.315609,2.166672,2.289042,2.164734,2.517199,2.946049,2.410614,2.167585,2.661860,2.016816,1.587158,,2.307823,2.075005
2014-07-16,2.310188,1.883836,2.194508,2.139758,2.328962,2.160301,2.301088,2.177012,2.550806,2.961932,2.407282,2.163888,2.657887,2.020249,1.590473,,2.318265,2.082685
2014-07-17,2.282745,1.864399,2.193561,2.127809,2.295864,2.143212,2.268417,2.150094,2.507143,2.934719,2.383225,2.133418,2.622213,1.999429,1.571626,,2.296465,2.059013
2014-07-18,2.306610,1.885854,2.208297,2.147960,2.316968,2.166548,2.291375,2.171972,2.522694,2.978789,2.416620,2.157455,2.647389,2.015866,1.590279,,2.315947,2.080055
2014-07-21,2.300293,1.883090,2.203433,2.139150,2.316590,2.151824,2.283300,2.169888,2.518349,2.971376,2.408304,2.155241,2.631155,2.011365,1.589270,,2.313626,2.076162
2014-07-22,2.312352,1.880519,2.214996,2.150850,2.328980,2.152223,2.296267,2.187231,2.541833,2.972148,2.431757,2.162261,2.650020,2.010358,1.607207,,2.318372,2.085210
2014-07-23,2.315228,1.879059,2.228841,2.152015,2.323626,2.152058,2.304464,2.170167,2.553407,2.974925,2.455226,2.165241,2.656918,2.010320,1.612330,,2.318275,2.089839
2014-07-24,2.320873,1.886216,2.219323,2.150208,2.317867,2.161719,2.318525,2.174211,2.563794,2.992637,2.457894,2.172593,2.664804,2.012751,1.618196,,2.323120,2.089944
2014-07-25,2.310736,1.869859,2.229223,2.135452,2.317956,2.150463,2.312055,2.169388,2.548004,2.985505,2.448072,2.158805,2.633449,2.003015,1.612868,,2.309242,2.080160
2014-07-28,2.310514,1.896644,2.237502,2.151042,2.303215,2.141871,2.307390,2.172055,2.537558,2.989914,2.449542,2.156818,2.634534,2.005960,1.614171,,2.324506,2.081002
2014-07-29,2.296656,1.876254,2.224213,2.138579,2.276541,2.131079,2.292477,2.162025,2.531969,2.981336,2.442947,2.143354,2.625745,1.997289,1.601636,,2.317901,2.072059
2014-07-30,2.294946,1.846871,2.220296,2.135496,2.277707,2.109636,2.287080,2.170083,2.514372,2.996273,2.455709,2.149227,2.635323,1.987603,1.593063,,2.301071,2.072375
2014-07-31,2.251517,1.817148,2.173872,2.099813,2.229877,2.070593,2.240845,2.129585,2.480945,2.936990,2.407602,2.106486,2.590102,1.954579,1.556666,,2.263872,2.031449
2014-08-01,2.246669,1.824802,2.176342,2.100919,2.224728,2.083964,2.231807,2.122565,2.462329,2.922034,2.406243,2.091579,2.583091,1.954792,1.553958,,2.262819,2.025242
2014-08-04,2.261318,1.815593,2.200275,2.109997,2.237435,2.092590,2.248161,2.138483,2.500612,2.948402,2.420624,2.104016,2.608805,1.959547,1.568761,,2.263630,2.039866
2014-08-05,2.242328,1.790197,2.173798,2.087612,2.223314,2.082047,2.231386,2.122934,2.452260,2.922354,2.402634,2.084517,2.596153,1.941586,1.551331,,2.241717,2.020087
2014-08-06,2.243952,1.767944,2.187352,2.091848,2.209426,2.112149,2.235514,2.118428,2.462889,2.914368,2.402598,2.094778,2.595356,1.946498,1.546162,,2.229592,2.020718
2014-08-07,2.232336,1.786908,2.166200,2.094063,2.209577,2.096066,2.219308,2.106616,2.441543,2.903160,2.372825,2.079246,2.581800,1.941288,1.537126,,2.231114,2.009776
2014-08-08,2.261558,1.821445,2.190571,2.110476,2.243212,2.123221,2.251464,2.130263,2.483091,2.923962,2.397652,2.100579,2.623098,1.967063,1.556227,,2.267378,2.033027
2014-08-11,2.268757,1.815100,2.188287,2.121924,2.254487,2.138384,2.260076,2.144180,2.494171,2.936823,2.398621,2.102400,2.630331,1.968491,1.565637,,2.273716,2.038919
2014-08-12,2.264583,1.814147,2.196670,2.118759,2.253343,2.135759,2.246601,2.137837,2.480425,2.924940,2.397549,2.106073,2.622533,1.968460,1.557182,,2.270218,2.036078
2014-08-13,2.278406,1.821920,2.207523,2.144496,2.271431,2.140896,2.255280,2.157783,2.491465,2.947029,2.423752,2.117568,2.627162,1.977538,1.573100,,2.281037,2.049860
2014-08-14,2.290203,1.839968,2.208647,2.150476,2.281480,2.153095,2.266320,2.164317,2.487348,2.961350,2.447050,2.127827,2.648118,1.986912,1.573988,,2.296082,2.059539
2014-08-15,2.289364,1.844984,2.211837,2.150139,2.275216,2.172283,2.258395,2.168646,2.510868,2.966276,2.444185,2.118583,2.636373,1.985898,1.579969,,2.297949,2.059119
2014-08-18,2.311170,1.840840,2.237103,2.173795,2.308969,2.185502,2.282439,2.188183,2.521601,2.990836,2.466578,2.142899,2.665743,1.996064,1.596104,,2.304472,2.076373
2014-08-19,2.323267,1.864886,2.243884,2.181585,2.318186,2.191937,2.293715,2.199722,2.544025,2.993835,2.480427,2.143014,2.698269,2.004101,1.605177,,2.319333,2.087209
2014-08-20,2.331789,1.870293,2.245758,2.190452,2.339734,2.192627,2.305854,2.207039,2.549729,3.002048,2.476039,2.152082,2.709865,2.006845,1.612102,,2.327011,2.092785
2014-08-21,2.337049,1.874122,2.248898,2.193024,2.338585,2.197033,2.306481,2.218700,2.545658,3.004792,2.478130,2.172152,2.712449,2.015275,1.611294,,2.331176,2.098887
2014-08-22,2.332737,1.868270,2.241247,2.176749,2.331296,2.187938,2.309534,2.216532,2.533737,2.999075,2.473017,2.166145,2.718448,2.005998,1.613034,,2.322385,2.095626
2014-08-25,2.343527,1.881246,2.246490,2.175884,2.340655,2.197526,2.318324,2.219286,2.553829,3.003864,2.489339,2.187494,2.726022,2.014209,1.620094,,2.332000,2.106251
2014-08-26,2.345114,1.860498,2.254955,2.175201,2.332984,2.194218,2.327242,2.224169,2.563332,3.003979,2.498205,2.194384,2.724188,2.009202,1.624279,,2.323203,2.107619
2014-08-27,2.345688,1.881039,2.255774,2.180433,2.331354,2.198408,2.328629,2.218555,2.561039,2.995491,2.493076,2.190699,2.727430,2.012441,1.622049,,2.332203,2.106778
2014-08-28,2.343565,1.894257,2.258755,2.178740,2.325704,2.201204,2.323026,2.216395,2.559073,2.989437,2.490766,2.183326,2.725811,2.013190,1.618140,,2.335562,2.105620
2014-08-29,2.351864,1.907592,2.262860,2.190451,2.326856,2.203233,2.331174,2.229765,2.572752,2.998724,2.504565,2.191655,2.728729,2.019227,1.627645,,2.344989,2.111617
2014-09-02,2.351862,1.888682,2.247891,2.188664,2.336480,2.207466,2.335244,2.228502,2.544052,3.011664,2.503801,2.199181,2.729006,2.017431,1.631057,,2.330598,2.110565
2014-09-03,2.351771,1.897955,2.246642,2.190545,2.332281,2.208718,2.333942,2.229416,2.548946,3.011116,2.514279,2.194017,2.719041,2.020749,1.629403,,2.338154,2.109408
2014-09-04,2.349953,1.896694,2.245477,2.184475,2.335531,2.207093,2.329488,2.227363,2.519102,3.009142,2.504352,2.195562,2.735616,2.020778,1.620636,,2.335950,2.106357
2014-09-05,2.360447,1.921188,2.256819,2.205465,2.343187,2.215686,2.329953,2.240134,2.535806,3.032171,2.520159,2.199501,2.746298,2.032233,1.627804,,2.355803,2.115825
2014-09-08,2.353215,1.909330,2.245458,2.199870,2.338370,2.207438,2.316666,2.241537,2.501961,3.025672,2.522305,2.198478,2.735552,2.025254,1.623081,,2.341375,2.110355
2014-09-09,2.336175,1.888154,2.224112,2.184141,2.328694,2.198657,2.297061,2.224045,2.487079,2.993059,2.517848,2.177155,2.709042,2.013276,1.608322,,2.320800,2.096993
2014-09-10,2.341110,1.880521,2.227513,2.156281,2.331722,2.210596,2.299766,2.235916,2.479636,3.003385,2.528292,2.192719,2.715433,2.014819,1.616588,,2.317707,2.104884
2014-09-11,2.345346,1.896777,2.225486,2.158102,2.335668,2.214636,2.305365,2.242491,2.477842,2.997756,2.524263,2.196722,2.722579,2.017158,1.617817,,2.331595,2.107304
2014-09-12,2.328960,1.861962,2.212599,2.094786,2.324757,2.199876,2.290656,2.226483,2.436697,2.972658,2.509623,2.204595,2.710310,2.002231,1.602856,,2.295906,2.094994
2014-09-15,2.325074,1.866928,2.214071,2.091507,2.322522,2.210492,2.280271,2.208012,2.455455,2.946684,2.501365,2.203974,2.705949,2.008589,1.594045,,2.305757,2.093416
2014-09-16,2.340389,1.890801,2.229494,2.106972,2.333358,2.229743,2.289536,2.225131,2.485194,2.965495,2.528575,2.210244,2.715727,2.019488,1.612870,,2.322481,2.109197
2014-09-17,2.342017,1.886155,2.238035,2.107214,2.339295,2.221464,2.283408,2.229655,2.476597,2.973313,2.531765,2.220304,2.723494,2.020079,1.612976,,2.321815,2.112038
2014-09-18,2.352328,1.873775,2.247108,2.094316,2.351049,2.231602,2.290124,2.250102,2.467632,2.985741,2.548335,2.244914,2.737539,2.025403,1.622988,,2.317934,2.123295
2014-09-19,2.347972,1.889224,2.243928,2.096655,2.343601,2.232994,2.280671,2.230689,2.467111,3.009502,2.551687,2.234719,2.731989,2.027862,1.615027,,2.324864,2.121382
2014-09-22,2.325094,1.874676,2.220922,2.080264,2.317101,2.233124,2.250403,2.208358,2.424258,2.967182,2.537617,2.217193,2.695034,2.020812,1.593196,,2.310182,2.104999
2014-09-23,2.309016,1.869159,2.219979,2.071308,2.297645,2.208783,2.230978,2.196267,2.418382,2.942477,2.514810,2.197873,2.684294,2.007195,1.587938,,2.297293,2.092949
2014-09-24,2.326866,1.862129,2.239089,2.072582,2.310159,2.239081,2.243903,2.219644,2.421799,2.960733,2.554363,2.214559,2.715147,2.021468,1.606244,,2.304920,2.109332
2014-09-25,2.292815,1.849336,2.208880,2.062456,2.275488,2.207372,2.208904,2.179012,2.388466,2.921421,2.510861,2.177894,2.676375,2.000206,1.578387,,2.284664,2.075297
2014-09-26,2.310612,1.853549,2.228846,2.085379,2.296597,2.214087,2.221745,2.199884,2.422490,2.952197,2.520750,2.197502,2.705622,2.012183,1.596429,,2.298902,2.091786
2014-09-29,2.306077,1.865448,2.217713,2.094277,2.287794,2.221286,2.213356,2.198632,2.414787,2.938611,2.519960,2.186992,2.689445,2.011208,1.595050,,2.297328,2.087981
2014-09-30,2.297292,1.868775,2.189555,2.081446,2.283626,2.225087,2.198426,2.193265,2.386524,2.932936,2.504919,2.181424,2.682997,2.007173,1.588499,,2.296246,2.082485
2014-10-01,2.266794,1.879695,2.134442,2.078172,2.241658,2.204456,2.165599,2.152347,2.340900,2.873069,2.482685,2.150647,2.650582,1.992924,1.550309,,2.288229,2.054263
2014-10-02,2.270145,1.878477,2.135576,2.079964,2.244018,2.210519,2.172863,2.150799,2.326996,2.875462,2.483900,2.158240,2.662721,1.995437,1.544899,,2.292522,2.054580
2014-10-03,2.293672,1.891483,2.134924,2.097781,2.273571,2.238847,2.190025,2.173559,2.324146,2.911723,2.523526,2.186738,2.692691,2.017235,1.565170,,2.306999,2.077200
2014-10-06,2.288146,1.892102,2.130099,2.099309,2.267574,2.233654,2.179863,2.171587,2.319099,2.915156,2.517290,2.182202,2.678878,2.019742,1.558490,,2.308796,2.074769
2014-10-07,2.251176,1.890350,2.095147,2.079763,2.209247,2.217653,2.143255,2.129243,2.290592,2.867519,2.480582,2.139014,2.631592,1.998103,1.528682,,2.291123,2.042742
2014-10-08,2.290713,1.929849,2.129858,2.123679,2.248228,2.252203,2.174384,2.172811,2.315074,2.923400,2.538357,2.174506,2.671877,2.033622,1.558821,,2.333906,2.078468
2014-10-09,2.239725,1.894361,2.071911,2.115556,2.192408,2.227147,2.113706,2.122782,2.222570,2.858270,2.490616,2.123560,2.618852,2.006984,1.512048,,2.297771,2.037245
2014-10-10,2.210715,1.902074,2.042977,2.116008,2.158070,2.222591,2.088220,2.033985,2.187263,2.810140,2.475349,2.100977,2.590602,1.999243,1.473419,,2.298600,2.013992
2014-10-13,2.172447,1.897145,1.985496,2.106699,2.118323,2.190746,2.045587,2.002878,2.100677,2.756069,2.430102,2.074672,2.537545,1.982430,1.428224,,2.285210,1.980908
2014-10-14,2.185736,1.913374,1.994148,2.143383,2.146057,2.194912,2.065045,2.017261,2.069808,2.776182,2.417924,2.085023,2.565126,1.994294,1.434369,,2.306122,1.983973
2014-10-15,2.174959,1.884224,2.007568,2.129624,2.144892,2.165897,2.064110,2.019005,2.079923,2.756060,2.398462,2.050066,2.564796,1.978292,1.432679,,2.292021,1.970549
2014-10-16,2.182107,1.887235,2.026486,2.134463,2.164269,2.148604,2.085771,2.026117,2.120684,2.688883,2.391426,2.048976,2.575496,1.972340,1.443811,,2.292066,1.968858
2014-10-17,2.208174,1.900205,2.051081,2.148955,2.204805,2.175788,2.101181,2.049612,2.149379,2.709884,2.429618,2.076045,2.602954,1.991002,1.466083,,2.301550,1.992112
2014-10-20,2.230001,1.928230,2.081788,2.180197,2.213593,2.213476,2.116840,2.062237,2.168263,2.739024,2.457421,2.085255,2.651897,2.006139,1.485769,,2.329819,2.011455
2014-10-21,2.278785,1.936757,2.125001,2.208272,2.267677,2.238741,2.173550,2.118485,2.244522,2.794815,2.525875,2.128246,2.698640,2.032376,1.529281,,2.354151,2.051303
2014-10-22,2.259123,1.947983,2.107980,2.205288,2.239798,2.238760,2.144423,2.089760,2.199791,2.777976,2.506650,2.108832,2.683122,2.028512,1.507538,,2.352923,2.036717
2014-10-23,2.288285,1.953032,2.106850,2.223530,2.288525,2.242187,2.177889,2.123890,2.240432,2.824983,2.546424,2.128492,2.722077,2.040402,1.529023,,2.366731,2.060394
2014-10-24,2.305470,1.971827,2.126589,2.229282,2.310363,2.255947,2.180099,2.151307,2.241929,2.846678,2.581870,2.150329,2.730983,2.056102,1.541760,,2.382548,2.076248
2014-10-27,2.300548,1.965836,2.081748,2.237976,2.308158,2.259985,2.168753,2.154172,2.192382,2.837671,2.586133,2.154957,2.731861,2.063105,1.535245,,2.383944,2.073394
2014-10-28,2.330840,1.980146,2.096680,2.247746,2.349064,2.271117,2.206588,2.194586,2.241546,2.873331,2.609979,2.183958,2.759380,2.077923,1.558875,,2.395395,2.097177
2014-10-29,2.324129,1.969544,2.066624,2.239220,2.339645,2.264592,2.197912,2.190949,2.246829,2.850230,2.603114,2.192997,2.745733,2.074614,1.554243,,2.386427,2.094006
2014-10-30,2.340871,2.013918,2.076491,2.259282,2.350018,2.281858,2.206909,2.200710,2.243853,2.840991,2.638293,2.212804,2.765730,2.093477,1.554972,,2.410333,2.107430
2014-10-31,2.370899,2.017643,2.105894,2.279566,2.376426,2.303381,2.239705,2.255059,2.285386,2.873015,2.657037,2.245680,2.792889,2.111921,1.583273,,2.432561,2.131529
2014-11-03,2.370997,2.032861,2.091058,2.297699,2.373201,2.312399,2.233699,2.265627,2.252353,2.871888,2.653003,2.247107,2.794154,2.118271,1.582632,,2.435889,2.132692
2014-11-04,2.361106,2.016482,2.064509,2.296851,2.372415,2.321746,2.206006,2.264800,2.200745,2.839464,2.651914,2.254247,2.780867,2.125448,1.573972,,2.422278,2.125293
2014-11-05,2.377926,2.065086,2.081626,2.294759,2.390582,2.331734,2.225608,2.277809,2.247588,2.844328,2.651907,2.271647,2.783485,2.142265,1.578547,,2.444235,2.138717
2014-11-06,2.387178,2.026381,2.103726,2.284065,2.416914,2.343746,2.233380,2.276360,2.272697,2.836839,2.676376,2.277220,2.811989,2.137437,1.592893,,2.427143,2.147278
2014-11-07,2.388644,2.050681,2.121905,2.289769,2.418948,2.353313,2.235983,2.264075,2.298174,2.830285,2.639709,2.278848,2.820444,2.139847,1.586555,,2.445100,2.149286
2014-11-10,2.396560,2.062220,2.115662,2.301746,2.429016,2.361489,2.234488,2.275870,2.277376,2.825952,2.670553,2.287537,2.833850,2.148824,1.596038,,2.451654,2.156051
2014-11-11,2.399109,2.054975,2.134125,2.299115,2.427338,2.357726,2.234499,2.272210,2.284458,2.822397,2.690205,2.284759,2.854978,2.144749,1.598141,,2.450251,2.158165
2014-11-12,2.398827,2.016639,2.136431,2.291201,2.431103,2.357014,2.247932,2.271084,2.268263,2.827556,2.688825,2.284511,2.867204,2.139677,1.596704,,2.436892,2.155840
2014-11-13,2.395428,2.000319,2.133438,2.303226,2.418906,2.368207,2.237726,2.269835,2.253519,2.833905,2.691228,2.279732,2.877991,2.142977,1.591312,,2.428109,2.158271
2014-11-14,2.394462,1.991859,2.144862,2.286172,2.422963,2.353603,2.235872,2.287685,2.277812,2.853459,2.669805,2.272632,2.878395,2.133989,1.591592,,2.425750,2.158799
2014-11-17,2.397750,2.020218,2.148058,2.296614,2.418585,2.374996,2.235794,2.280899,2.276956,2.828793,2.682688,2.270016,2.879470,2.142179,1.590447,,2.441671,2.160173
2014-11-18,2.411108,2.026372,2.177034,2.309972,2.433328,2.379714,2.248763,2.299490,2.283122,2.833521,2.714360,2.276025,2.886251,2.149774,1.604736,,2.449695,2.172646
2014-11-19,2.407323,2.022343,2.178468,2.289762,2.423599,2.393841,2.250415,2.287312,2.297017,2.813428,2.697088,2.272759,2.890703,2.150963,1.594513,,2.450352,2.169158
2014-11-20,2.415124,2.018128,2.194799,2.294331,2.433063,2.388952,2.268275,2.294761,2.321886,2.816304,2.691214,2.275972,2.909244,2.148861,1.601084,,2.449890,2.172963
2014-11-21,2.429762,2.027063,2.220704,2.315514,2.455391,2.398224,2.278287,2.311347,2.348549,2.812961,2.703708,2.286603,2.925145,2.160353,1.605365,,2.464676,2.184590
2014-11-24,2.437597,2.011217,2.202352,2.321985,2.463072,2.396005,2.286167,2.330656,2.338650,2.828996,2.723222,2.301044,2.945994,2.159908,1.615574,,2.458424,2.190721
2014-11-25,2.434762,2.009975,2.195733,2.327456,2.471887,2.396642,2.277953,2.331935,2.303488,2.843160,2.722790,2.296214,2.938189,2.158270,1.618014,,2.448794,2.189135
2014-11-26,2.438147,2.019411,2.194082,2.343783,2.465653,2.408363,2.264972,2.352804,2.287880,2.863197,2.738298,2.298954,2.940755,2.167410,1.623602,,2.457855,2.194737
2014-11-28,2.433040,2.040654,2.131598,2.355887,2.447840,2.441052,2.244709,2.360925,2.137924,2.869389,2.755545,2.299363,2.982916,2.181021,1.609256,,2.449875,2.190086
2014-12-01,2.411330,2.039893,2.112572,2.357079,2.412182,2.424237,2.210910,2.337112,2.139061,2.840894,2.746237,2.279773,2.946480,2.174436,1.587501,,2.440664,2.174866
2014-12-02,2.426460,2.055939,2.121426,2.360300,2.432529,2.432723,2.218569,2.348343,2.164955,2.850082,2.775114,2.301184,2.956749,2.183350,1.599284,,2.448451,2.188924
2014-12-03,2.442261,2.050220,2.160716,2.353628,2.467782,2.414101,2.242525,2.373256,2.196113,2.847749,2.786789,2.315160,2.963923,2.185457,1.607353,,2.457853,2.197380
2014-12-04,2.437217,2.048185,2.164985,2.355184,2.457787,2.410227,2.230920,2.372392,2.182979,2.840474,2.776296,2.319244,2.959559,2.185471,1.608391,,2.449385,2.194949
2014-12-05,2.441155,2.031856,2.155201,2.337828,2.466883,2.416720,2.236616,2.376920,2.148808,2.831427,2.790164,2.343375,2.969333,2.185903,1.615083,,2.435873,2.198542
2014-12-08,2.421834,2.045265,2.116119,2.354076,2.437587,2.411396,2.200701,2.342430,2.047743,2.819775,2.797589,2.352358,2.946542,2.188069,1.604245,,2.411071,2.183850
2014-12-09,2.424304,2.055453,2.131774,2.364254,2.439138,2.404118,2.206897,2.347911,2.066917,2.818517,2.787217,2.344835,2.948759,2.178920,1.605019,,2.415082,2.182370
2014-12-10,2.381623,2.026311,2.077831,2.360256,2.388279,2.379902,2.160196,2.306489,1.998948,2.774883,2.740088,2.310660,2.896155,2.158290,1.579622,,2.372652,2.147384
2014-12-11,2.394496,2.044689,2.080428,2.361497,2.400955,2.399136,2.172607,2.316799,1.999942,2.792066,2.757398,2.319853,2.921065,2.168655,1.591948,,2.385701,2.158271
2014-12-12,2.355238,2.026248,2.019613,2.339631,2.351653,2.364306,2.133032,2.281844,1.968549,2.756274,2.717538,2.263663,2.903448,2.137784,1.565630,,2.351201,2.123390
2014-12-15,2.342644,2.005846,1.994986,2.321064,2.347292,2.357477,2.134003,2.270979,1.947598,2.728904,2.694124,2.249876,2.883601,2.125633,1.556863,,2.329262,2.108804
2014-12-16,2.326311,2.001058,1.987369,2.306524,2.345523,2.339191,2.113979,2.253929,1.965790,2.691198,2.668737,2.228254,2.842851,2.116947,1.539776,,2.323900,2.091892
2014-12-17,2.377289,2.042793,2.050135,2.353895,2.372750,2.379190,2.172052,2.299719,2.050758,2.749141,2.723349,2.280299,2.894538,2.151029,1.572235,,2.385603,2.132903
2014-12-18,2.431372,2.084065,2.099386,2.381682,2.432203,2.427972,2.217319,2.370405,2.085667,2.795202,2.798807,2.339561,2.942359,2.195383,1.612906,,2.434746,2.185647
2014-12-19,2.445984,2.085423,2.126567,2.389018,2.451363,2.427080,2.250351,2.371495,2.140490,2.818514,2.811150,2.340758,2.943444,2.194616,1.617459,,2.452228,2.194947
2014-12-22,2.455562,2.092170,2.111027,2.421903,2.471338,2.445922,2.250400,2.391463,2.118779,2.837763,2.800829,2.353419,2.972040,2.213190,1.620989,,2.458838,2.205044
2014-12-23,2.464179,2.099128,2.124021,2.414930,2.483640,2.465869,2.261263,2.399590,2.147871,2.857121,2.759932,2.371304,2.988714,2.221786,1.617534,,2.467631,2.208019
2014-12-24,2.464089,2.137835,2.124278,2.403458,2.485704,2.460464,2.253703,2.398270,2.133256,2.855216,2.773789,2.367052,2.980151,2.221125,1.621009,,2.472360,2.208232
2014-12-26,2.470074,2.164843,2.130927,2.410832,2.486990,2.461234,2.258555,2.399996,2.134442,2.865905,2.785968,2.365358,2.993752,2.227984,1.626880,,2.486059,2.215353
2014-12-29,2.475842,2.188947,2.128896,2.418155,2.488892,2.458679,2.269969,2.391385,2.141648,2.871293,2.786208,2.370810,3.014278,2.232494,1.627475,,2.497627,2.218329
2014-12-30,2.464149,2.142152,2.129695,2.413253,2.477537,2.450274,2.260371,2.375351,2.126978,2.862625,2.782403,2.366256,3.002106,2.220424,1.617469,,2.476521,2.206425
2014-12-31,2.439683,2.101632,2.108100,2.374701,2.452533,2.420999,2.244400,2.352095,2.113819,2.833821,2.755546,2.338127,2.991432,2.192155,1.600301,,2.445542,2.184531
2015-01-02,2.440106,2.114293,2.119242,2.406912,2.451956,2.414428,2.236791,2.348574,2.128305,2.831918,2.766780,2.333347,2.975846,2.194688,1.604251,,2.451913,2.183362
2015-01-05,2.394361,2.084849,2.064629,2.410053,2.386168,2.394095,2.187588,2.308425,2.042878,2.767851,2.747736,2.279216,2.923801,2.172824,1.579706,,2.411793,2.143931
2015-01-06,2.370715,2.081723,2.060284,2.431262,2.361136,2.390601,2.157338,2.268923,2.008720,2.733039,2.734330,2.237027,2.901058,2.169352,1.564397,,2.399909,2.123737
2015-01-07,2.399100,2.104512,2.083360,2.464430,2.374278,2.438361,2.175232,2.292082,2.016265,2.737293,2.789274,2.263358,2.962142,2.196193,1.584251,,2.422984,2.150202
2015-01-08,2.442737,2.122685,2.130963,2.480110,2.428170,2.475292,2.212595,2.343089,2.067639,2.780686,2.847572,2.299248,3.018443,2.227021,1.616171,,2.451593,2.188357
2015-01-09,2.421370,2.107015,2.128513,2.479179,2.399814,2.453473,2.189749,2.341158,2.045983,2.762344,2.827520,2.264371,2.982075,2.209015,1.608646,,2.432801,2.170821
2015-01-12,2.399346,2.100255,2.114276,2.489972,2.378441,2.436256,2.164012,2.311191,1.981609,2.743172,2.812617,2.239248,2.968495,2.202930,1.592274,,2.420264,2.153815
2015-01-13,2.390311,2.106896,2.089977,2.485028,2.375240,2.436355,2.148654,2.302698,1.957575,2.751716,2.802485,2.234049,2.948301,2.202383,1.585341,,2.409372,2.147757
2015-01-14,2.378015,2.127258,2.056258,2.497465,2.363116,2.434771,2.135993,2.290573,1.961672,2.735617,2.795296,2.195895,2.928002,2.194579,1.581687,,2.414175,2.134791
2015-01-15,2.355998,2.141333,2.060324,2.503159,2.345366,2.436624,2.099989,2.262113,1.941628,2.717805,2.769371,2.171900,2.864081,2.195333,1.571776,,2.410080,2.115235
2015-01-16,2.388307,2.159851,2.105735,2.520036,2.365398,2.457335,2.135697,2.291918,2.004621,2.754304,2.815297,2.200123,2.897350,2.215951,1.590119,,2.445017,2.142975
2015-01-20,2.387904,2.158114,2.118277,2.507292,2.376774,2.464219,2.127270,2.301057,2.015253,2.759152,2.815134,2.189725,2.884158,2.212130,1.600009,,2.445963,2.147545
2015-01-21,2.405311,2.181317,2.144320,2.493402,2.398397,2.476218,2.148489,2.310915,2.058337,2.819152,2.825122,2.194966,2.903153,2.213605,1.609919,,2.467441,2.158386
2015-01-22,2.440835,2.169165,2.174944,2.543646,2.432890,2.509694,2.180994,2.338865,2.069849,2.865262,2.867679,2.249914,2.959557,2.247448,1.630209,,2.483723,2.190483
2015-01-23,2.427151,2.175240,2.145745,2.546068,2.415160,2.487776,2.161638,2.338413,2.071580,2.861183,2.845747,2.225409,2.955004,2.226442,1.627590,,2.469027,2.178473
2015-01-26,2.437476,2.174924,2.155172,2.564619,2.422628,2.486098,2.176643,2.333040,2.101016,2.869499,2.855534,2.236197,2.984098,2.230852,1.625723,,2.483357,2.183574
2015-01-27,2.415907,2.177273,2.142646,2.561714,2.387758,2.466905,2.166423,2.283747,2.103897,2.837534,2.837674,2.208417,2.956953,2.215666,1.606818,,2.468589,2.154772
2015-01-28,2.379696,2.154320,2.095241,2.539974,2.364187,2.439522,2.122042,2.263404,2.031862,2.800498,2.807102,2.159245,2.923972,2.189059,1.592428,,2.429890,2.127138
2015-01-29,2.401762,2.182767,2.122309,2.547903,2.393114,2.457077,2.133935,2.282588,2.048958,2.807546,2.826595,2.182495,2.970703,2.206731,1.605738,,2.448524,2.146801
2015-01-30,2.369572,2.140742,2.118944,2.501988,2.351427,2.413787,2.115339,2.230804,2.071764,2.799550,2.787858,2.153596,2.922309,2.168261,1.566525,,2.419211,2.119805
2015-02-02,2.400065,2.152244,2.147175,2.503966,2.391927,2.443488,2.152423,2.257728,2.132451,2.813155,2.805357,2.194317,2.935134,2.189502,1.571960,,2.455443,2.146057
2015-02-03,2.440963,2.164222,2.189858,2.525359,2.434192,2.466658,2.205997,2.301483,2.187181,2.866664,2.826578,2.235012,2.994524,2.212143,1.584256,,2.507119,2.177091
2015-02-04,2.429588,2.138454,2.172207,2.511059,2.408299,2.479109,2.188505,2.306370,2.155727,2.887102,2.808682,2.237087,2.979232,2.213458,1.587500,,2.484426,2.168801
2015-02-05,2.454687,2.157395,2.222211,2.545238,2.428171,2.496352,2.205567,2.329683,2.195645,2.895131,2.841669,2.259176,3.014801,2.229671,1.600829,,2.513318,2.190695
2015-02-06,2.445518,2.066205,2.217835,2.479556,2.432771,2.486003,2.204905,2.320263,2.200774,2.915057,2.816359,2.286958,3.002168,2.207788,1.580946,,2.489763,2.184637
2015-02-09,2.437096,2.051205,2.225801,2.466786,2.429397,2.470517,2.207172,2.313717,2.199411,2.919380,2.780815,2.276166,2.993491,2.195625,1.562041,,2.494803,2.174859
2015-02-10,2.463241,2.096379,2.251906,2.481291,2.441613,2.490856,2.217393,2.359846,2.201973,2.950072,2.823401,2.293732,3.048294,2.212804,1.589144,,2.512057,2.198029
2015-02-11,2.461181,2.050314,2.249121,2.475460,2.439770,2.494922,2.218479,2.366165,2.183290,2.952782,2.833792,2.299024,3.046146,2.211768,1.590457,,2.499693,2.199304
2015-02-12,2.488343,2.044893,2.300508,2.501670,2.467918,2.506271,2.250201,2.405062,2.215438,2.969886,2.848146,2.324485,3.090544,2.223116,1.601355,,2.524402,2.220455
2015-02-13,2.497220,2.011012,2.326270,2.484836,2.479530,2.506904,2.269351,2.424512,2.261672,2.999518,2.857038,2.320519,3.100306,2.213108,1.596085,,2.529921,2.229595
2015-02-17,2.501956,2.008801,2.326704,2.477749,2.483799,2.512744,2.275273,2.428136,2.268932,2.988288,2.873529,2.331642,3.096338,2.213262,1.600753,,2.527761,2.233102
2015-02-18,2.505090,2.060358,2.336396,2.498484,2.492752,2.527883,2.264822,2.422692,2.241644,2.985028,2.885904,2.314118,3.107144,2.225112,1.611347,,2.527405,2.233315
2015-02-19,2.503319,2.038472,2.347870,2.444438,2.496866,2.519019,2.260070,2.432952,2.239844,2.997924,2.881864,2.317466,3.123328,2.208392,1.609188,,2.510490,2.231720
2015-02-20,2.517938,2.040706,2.362689,2.460671,2.516010,2.533455,2.268082,2.453856,2.227280,3.002649,2.915982,2.333802,3.140274,2.218775,1.622071,,2.511687,2.245112
2015-02-23,2.515995,2.055504,2.356053,2.473060,2.504251,2.534792,2.263221,2.444102,2.229941,3.000170,2.930083,2.322103,3.143000,2.223044,1.628841,,2.506324,2.244793
2015-02-24,2.521871,2.069792,2.369472,2.424189,2.515935,2.538731,2.261990,2.457888,2.228057,3.018521,2.930057,2.340876,3.148635,2.220668,1.628181,,2.506879,2.251170
2015-02-25,2.522036,2.035916,2.369163,2.430562,2.513771,2.534039,2.270829,2.448118,2.239360,3.043890,2.933571,2.339338,3.165263,2.218493,1.619004,,2.505993,2.249257
2015-02-26,2.515550,2.022710,2.358633,2.413167,2.501757,2.534714,2.255670,2.465147,2.200196,3.057802,2.942651,2.335043,3.156633,2.214399,1.621178,,2.488314,2.246600
2015-02-27,2.511470,2.020801,2.359355,2.425146,2.488622,2.548402,2.257062,2.461938,2.191605,3.047476,2.930059,2.321625,3.153857,2.216653,1.620178,,2.490127,2.238948
2015-03-02,2.525450,1.980971,2.372807,2.439544,2.509912,2.555246,2.267979,2.490049,2.174959,3.082848,2.954480,2.344822,3.186382,2.228854,1.633603,,2.482833,2.253083
2015-03-03,2.514397,1.998030,2.359189,2.431156,2.498824,2.543671,2.262016,2.452776,2.193264,3.088073,2.930789,2.335233,3.161129,2.218404,1.624959,,2.485771,2.243837
2015-03-04,2.501377,1.985751,2.350920,2.406624,2.477215,2.526553,2.248306,2.440784,2.186152,3.076911,2.942076,2.318053,3.146941,2.202350,1.618297,,2.469149,2.234378
2015-03-05,2.507582,2.002002,2.343792,2.417017,2.479128,2.539854,2.245081,2.449651,2.173623,3.073608,2.956665,2.330845,3.158793,2.210118,1.627296,,2.473135,2.236822
2015-03-06,2.468553,1.939688,2.297586,2.349177,2.446646,2.498654,2.207641,2.414385,2.140503,3.030022,2.905896,2.322274,3.111188,2.173460,1.598688,,2.420318,2.205362
2015-03-09,2.477037,1.940892,2.301407,2.364040,2.463154,2.514433,2.208058,2.424178,2.127768,3.024706,2.920094,2.335024,3.125528,2.185268,1.611256,,2.424633,2.214503
2015-03-10,2.438521,1.937719,2.249981,2.351209,2.420275,2.477136,2.176544,2.374567,2.094766,2.960093,2.886874,2.281704,3.081839,2.154390,1.592743,,2.402491,2.178579
2015-03-11,2.437725,1.924226,2.250587,2.348446,2.418301,2.461487,2.178603,2.368773,2.101988,2.958038,2.896156,2.295370,3.068539,2.151068,1.591921,,2.392011,2.173478
2015-03-12,2.470561,1.959694,2.279829,2.391506,2.450960,2.502411,2.196881,2.382942,2.091307,3.010054,2.933821,2.347538,3.124790,2.184055,1.617768,,2.420653,2.201111
2015-03-13,2.454660,1.940388,2.253775,2.378625,2.432047,2.484211,2.179571,2.375930,2.080537,2.981223,2.931749,2.328665,3.107616,2.171738,1.612610,,2.398105,2.187613
2015-03-16,2.487918,1.972671,2.264861,2.410829,2.467658,2.508874,2.199827,2.411939,2.110628,3.001044,3.002684,2.360558,3.144615,2.201314,1.646163,,2.428875,2.216841
2015-03-17,2.479427,1.971966,2.245666,2.404390,2.457649,2.491582,2.197436,2.401943,2.101922,2.982777,2.995743,2.357908,3.125125,2.191187,1.638269,,2.420361,2.210251
2015-03-18,2.512899,2.028716,2.285373,2.456521,2.490332,2.512142,2.233041,2.429213,2.165494,3.012210,3.035803,2.364272,3.151137,2.214815,1.657088,,2.470399,2.236822
2015-03-19,2.500342,2.005572,2.240473,2.448913,2.472452,2.502132,2.219393,2.424178,2.135028,3.009284,3.049001,2.345715,3.157011,2.205588,1.657431,,2.447949,2.226619
2015-03-20,2.526447,2.028808,2.264815,2.507072,2.486225,2.532259,2.248080,2.446123,2.165060,3.032332,3.066283,2.373156,3.183936,2.228416,1.667152,,2.486479,2.246273
2015-03-23,2.523281,2.031304,2.274115,2.504971,2.471242,2.532628,2.253155,2.437614,2.162537,3.032586,3.065493,2.361457,3.183100,2.232060,1.661272,,2.496053,2.241896
2015-03-24,2.509516,2.006502,2.270826,2.485614,2.466364,2.522456,2.239585,2.422378,2.148046,3.038727,3.042688,2.341716,3.179495,2.220256,1.652116,,2.470046,2.229299
2015-03-25,2.473438,1.983022,2.249929,2.435555,2.428627,2.507127,2.217667,2.347125,2.178540,2.975467,2.992040,2.303571,3.125841,2.193661,1.613625,,2.441510,2.196631
2015-03-26,2.467506,1.967599,2.258883,2.424912,2.426221,2.503650,2.211244,2.345119,2.173498,2.957087,2.983033,2.305805,3.103700,2.187874,1.607773,,2.431198,2.191400
2015-03-27,2.475740,1.979287,2.254201,2.434329,2.435067,2.517832,2.212436,2.358750,2.159262,2.953583,3.010493,2.301614,3.134995,2.194936,1.624860,,2.428810,2.196417
2015-03-30,2.506755,2.004833,2.282288,2.464042,2.468628,2.544554,2.239317,2.388950,2.207380,2.975985,3.039801,2.331401,3.172855,2.219144,1.641781,,2.459953,2.223213
2015-03-31,2.491048,2.004851,2.257528,2.446842,2.452148,2.527305,2.233593,2.366605,2.193222,2.948243,3.003605,2.319381,3.159632,2.205853,1.624633,,2.445114,2.203784
2015-04-01,2.481313,2.004918,2.255814,2.448888,2.435475,2.523318,2.221892,2.356861,2.199675,2.948700,2.969038,2.316737,3.142465,2.195730,1.610315,,2.446059,2.195990
2015-04-02,2.491543,2.008938,2.256659,2.466366,2.437162,2.536628,2.241553,2.358077,2.193100,2.967534,2.979157,2.326732,3.169169,2.205601,1.619103,,2.459299,2.203890
2015-04-06,2.509965,2.037683,2.273433,2.493303,2.460789,2.557749,2.262585,2.371178,2.232300,2.987455,2.991479,2.327595,3.183390,2.219770,1.624230,,2.495722,2.218730
2015-04-07,2.500243,2.014739,2.264836,2.457650,2.451897,2.550400,2.254229,2.369308,2.226538,2.982020,2.992474,2.322346,3.159859,2.211663,1.618201,,2.476842,2.212858
2015-04-08,2.509797,2.009481,2.269043,2.466630,2.454527,2.558365,2.268336,2.379600,2.212905,3.007793,3.008314,2.333732,3.186562,2.215444,1.631401,,2.475407,2.220331
2015-04-09,2.517058,1.996184,2.274546,2.430595,2.463452,2.558700,2.279905,2.396043,2.250354,3.006369,3.024939,2.341962,3.189649,2.217844,1.632770,,2.484176,2.230153
2015-04-10,2.524844,2.012506,2.276536,2.426209,2.478148,2.562916,2.277772,2.404876,2.264077,3.018496,3.049111,2.338844,3.207348,2.224290,1.639674,,2.498368,2.242323
2015-04-13,2.513854,1.991424,2.267859,2.419266,2.461589,2.546701,2.270972,2.388265,2.235007,3.025879,3.034591,2.347343,3.192977,2.215239,1.629701,,2.479416,2.232181
2015-04-14,2.517565,2.003535,2.283049,2.425783,2.467602,2.554109,2.275326,2.380750,2.272131,3.021095,3.035882,2.343797,3.182491,2.217368,1.624670,,2.497598,2.236451
2015-04-15,2.532892,2.009909,2.322842,2.416660,2.484277,2.547879,2.301685,2.409205,2.320189,3.027504,3.040227,2.355733,3.177001,2.217363,1.623899,,2.520730,2.246486
2015-04-16,2.529977,1.998234,2.315894,2.431236,2.475632,2.553779,2.289310,2.402255,2.318243,3.075468,3.045197,2.356736,3.170515,2.216980,1.626609,,2.515313,2.245846
2015-04-17,2.502394,1.991993,2.294775,2.417477,2.443069,2.527503,2.266581,2.367837,2.296984,3.040587,3.021774,2.319888,3.131062,2.192013,1.607427,,2.499497,2.220011
2015-04-20,2.522756,2.021201,2.303841,2.424277,2.473808,2.533081,2.280439,2.398505,2.309979,3.082425,3.042915,2.331906,3.162304,2.207386,1.619354,,2.523332,2.240294
2015-04-21,2.519180,2.002299,2.290974,2.420839,2.473638,2.539461,2.267940,2.407625,2.289217,3.066195,3.061221,2.322448,3.167140,2.201522,1.625835,,2.503616,2.237626
2015-04-22,2.529218,2.007999,2.286302,2.422666,2.481566,2.538345,2.286611,2.423628,2.307712,3.084059,3.062105,2.342314,3.162197,2.208113,1.626144,,2.515412,2.248622
2015-04-23,2.535723,2.017580,2.303258,2.431354,2.489594,2.533595,2.298895,2.422058,2.322256,3.105699,3.071074,2.343774,3.160034,2.211696,1.629213,,2.530215,2.254280
2015-04-24,2.533251,2.038210,2.326130,2.433106,2.481223,2.534841,2.283615,2.407012,2.312565,3.111838,3.062547,2.336543,3.190649,2.213296,1.626296,,2.533859,2.259511
2015-04-27,2.520882,2.012519,2.338168,2.426748,2.482693,2.526125,2.270197,2.408195,2.307680,3.104000,3.013651,2.326230,3.164351,2.203216,1.610312,,2.517952,2.250116
2015-04-28,2.525132,2.028498,2.349881,2.432928,2.480285,2.522718,2.266037,2.416406,2.317800,3.104707,3.019697,2.343474,3.154156,2.209295,1.605511,,2.535126,2.257269
2015-04-29,2.513617,2.023317,2.353861,2.382486,2.472013,2.500945,2.262797,2.404191,2.335557,3.096111,2.988002,2.347408,3.116033,2.191137,1.578776,,2.513925,2.247981
2015-04-30,2.492140,1.995397,2.343239,2.356217,2.455615,2.489036,2.252035,2.374270,2.314857,3.067448,2.945468,2.332941,3.085884,2.176875,1.560036,,2.501724,2.225455
2015-05-01,2.519530,2.005418,2.383334,2.371153,2.483803,2.518867,2.276113,2.411731,2.330978,3.087507,2.978129,2.348760,3.138793,2.194828,1.587184,,2.515070,2.249582
2015-05-04,2.528558,2.022249,2.377905,2.374280,2.490757,2.526282,2.283315,2.417107,2.322342,3.101405,2.996285,2.369193,3.142985,2.202707,1.593426,,2.519290,2.255988
2015-05-05,2.497724,1.976134,2.349677,2.324643,2.459925,2.508017,2.262001,2.375383,2.293256,3.066601,2.957852,2.358418,3.099907,2.182703,1.565082,,2.486073,2.230153
2015-05-06,2.489991,1.963870,2.357216,2.318183,2.459609,2.512563,2.251708,2.363876,2.280821,3.024026,2.952774,2.345692,3.096173,2.175095,1.568045,,2.471638,2.220971
2015-05-07,2.501543,1.972695,2.369713,2.354839,2.469132,2.526621,2.253794,2.380726,2.257652,3.032389,2.966094,2.360202,3.121808,2.186738,1.587056,,2.481823,2.229832
2015-05-08,2.532407,1.993924,2.408898,2.393730,2.497488,2.541747,2.281609,2.406477,2.297735,3.058495,3.010633,2.387883,3.165222,2.209393,1.606988,,2.514568,2.259190
2015-05-11,2.524574,1.982455,2.397853,2.364424,2.499898,2.538798,2.273220,2.403139,2.254897,3.055715,3.006060,2.388179,3.154898,2.197199,1.606064,,2.493284,2.248408
2015-05-12,2.515273,1.976397,2.373361,2.364115,2.491694,2.534677,2.260703,2.388151,2.266083,3.046798,2.998361,2.376298,3.144957,2.192358,1.603556,,2.485945,2.241682
2015-05-13,2.515093,1.956071,2.386827,2.347109,2.496582,2.532764,2.261086,2.401463,2.266121,3.041301,3.001082,2.381189,3.129747,2.190410,1.600025,,2.481101,2.242109
2015-05-14,2.538698,1.978670,2.412552,2.387763,2.521343,2.563085,2.265384,2.434046,2.271717,3.076475,3.042691,2.400173,3.155025,2.217573,1.612350,,2.499837,2.265489
2015-05-15,2.542687,2.002452,2.426890,2.407750,2.516512,2.575024,2.269718,2.425680,2.280794,3.091453,3.047373,2.384496,3.172588,2.219096,1.618945,,2.514225,2.267945
2015-05-18,2.552232,2.012720,2.416529,2.401437,2.523696,2.571040,2.277645,2.435939,2.287542,3.112266,3.068179,2.404095,3.187988,2.223453,1.630634,,2.513224,2.274990
2015-05-19,2.548889,2.016692,2.398105,2.402099,2.515443,2.571589,2.260273,2.428712,2.253708,3.114503,3.081183,2.419197,3.193881,2.229786,1.631711,,2.501622,2.274243
2015-05-20,2.546736,2.020806,2.402083,2.398063,2.507721,2.570097,2.258946,2.427643,2.257149,3.123167,3.087386,2.413151,3.178266,2.227240,1.617570,,2.501684,2.272642
2015-05-21,2.552158,2.022313,2.410937,2.381540,2.524318,2.572003,2.269291,2.430907,2.276044,3.130538,3.086603,2.408211,3.191778,2.224119,1.621696,,2.509402,2.279261
2015-05-22,2.548020,2.017832,2.403410,2.382325,2.513954,2.559720,2.267166,2.435021,2.267658,3.119323,3.089155,2.404780,3.184638,2.217496,1.619502,,2.500730,2.273816
2015-05-26,2.518629,2.001879,2.372023,2.368453,2.485394,2.540059,2.231646,2.399504,2.232635,3.092936,3.059769,2.380194,3.146336,2.198418,1.603223,,2.472813,2.249369
2015-05-27,2.537615,2.011013,2.393180,2.388278,2.505336,2.557416,2.236741,2.439829,2.229144,3.124323,3.095101,2.400329,3.160423,2.212266,1.626227,,2.485474,2.270720
2015-05-28,2.534285,2.016302,2.398049,2.380614,2.490237,2.554378,2.232671,2.442405,2.219813,3.116242,3.089614,2.401876,3.158778,2.210658,1.622953,,2.483421,2.268158
2015-05-29,2.519290,2.013886,2.380788,2.356238,2.465741,2.536128,2.220676,2.428385,2.217595,3.098114,3.098918,2.379158,3.130358,2.195574,1.626514,,2.472114,2.254066
2015-06-01,2.524670,2.015359,2.374873,2.381519,2.475193,2.538791,2.225657,2.434185,2.212514,3.106814,3.112158,2.375187,3.141377,2.195741,1.634458,,2.472604,2.258657
2015-06-02,2.524916,1.983968,2.395659,2.359815,2.480995,2.536708,2.240763,2.425353,2.222273,3.110776,3.093546,2.383936,3.146084,2.192062,1.625243,,2.465552,2.256415
2015-06-03,2.529017,1.955235,2.390306,2.329031,2.494992,2.542867,2.249484,2.425454,2.201103,3.129359,3.095841,2.406350,3.170473,2.198608,1.628505,,2.447875,2.262393
2015-06-04,2.506478,1.947618,2.363338,2.324875,2.464638,2.523249,2.227963,2.396759,2.166964,3.109476,3.076025,2.382608,3.150902,2.176637,1.613460,,2.429134,2.243284
2015-06-05,2.505629,1.924588,2.352441,2.295839,2.470941,2.493034,2.230597,2.400549,2.188635,3.101809,3.079013,2.399803,3.150928,2.163787,1.615925,,2.414406,2.239440
2015-06-08,2.488586,1.913173,2.339976,2.290069,2.449968,2.490602,2.215934,2.368594,2.172531,3.073191,3.062935,2.385748,3.126739,2.154224,1.599742,,2.401826,2.225669
2015-06-09,2.487669,1.912468,2.338809,2.271521,2.449099,2.496351,2.215558,2.361447,2.171436,3.067795,3.063626,2.394459,3.122037,2.154903,1.599151,,2.394962,2.225348
2015-06-10,2.516108,1.920874,2.367324,2.291901,2.477146,2.520596,2.234990,2.398023,2.198296,3.105476,3.098522,2.434205,3.154867,2.179297,1.618773,,2.419529,2.252038
2015-06-11,2.522151,1.936746,2.366618,2.305862,2.489434,2.519775,2.233959,2.397983,2.195441,3.102847,3.115300,2.441176,3.165191,2.189326,1.620528,,2.425644,2.259297
2015-06-12,2.506656,1.918135,2.348983,2.301879,2.477540,2.512751,2.222282,2.377621,2.170640,3.078775,3.080035,2.430190,3.157826,2.177161,1.610392,,2.406542,2.242003
2015-06-15,2.493618,1.913798,2.334910,2.286404,2.455432,2.493636,2.203376,2.368747,2.168805,3.060405,3.081887,2.418158,3.145391,2.161064,1.608139,,2.395373,2.232394
2015-06-16,2.507168,1.923647,2.349796,2.304424,2.459360,2.521758,2.217418,2.380557,2.182009,3.081667,3.095494,2.430924,3.156813,2.176693,1.616495,,2.408692,2.244565
2015-06-17,2.514923,1.943118,2.358257,2.320609,2.465472,2.535331,2.226801,2.384823,2.181965,3.092844,3.104836,2.425854,3.166944,2.182482,1.622246,,2.420713,2.248194
2015-06-18,2.539301,1.969310,2.382748,2.354513,2.490519,2.557851,2.238882,2.411609,2.179138,3.131721,3.141252,2.447630,3.208644,2.207155,1.642554,,2.446607,2.271574
2015-06-19,2.528538,1.952558,2.367563,2.336026,2.480045,2.552231,2.233481,2.397437,2.159822,3.131090,3.143189,2.424503,3.211573,2.197574,1.639349,,2.428261,2.261490
2015-06-22,2.542084,1.950980,2.371062,2.319291,2.494021,2.563919,2.246064,2.414464,2.206123,3.157902,3.155461,2.446805,3.220689,2.207275,1.647707,,2.443574,2.273076
2015-06-23,2.540011,1.923938,2.376641,2.305054,2.489024,2.556419,2.248333,2.404254,2.218161,3.180226,3.154041,2.455408,3.225135,2.204799,1.648210,,2.431633,2.274685
2015-06-24,2.521181,1.907824,2.364884,2.291571,2.469847,2.552334,2.228279,2.379048,2.203151,3.161786,3.125594,2.433900,3.212250,2.191117,1.631319,,2.414140,2.258165
2015-06-25,2.512538,1.895089,2.360282,2.271242,2.450948,2.548422,2.216392,2.372574,2.176275,3.155333,3.161671,2.418324,3.206254,2.182531,1.644502,,2.391071,2.251299
2015-06-26,2.514954,1.907758,2.355194,2.287001,2.458399,2.553892,2.221911,2.337269,2.186720,3.161067,3.156540,2.428757,3.218647,2.190894,1.640741,,2.406577,2.250870
2015-06-29,2.460170,1.892832,2.298186,2.246851,2.408420,2.508663,2.167116,2.277709,2.151188,3.095814,3.087130,2.366811,3.135815,2.150193,1.601766,,2.366225,2.203668
2015-06-30,2.466859,1.888787,2.297343,2.253136,2.418869,2.503508,2.173491,2.276614,2.175262,3.104256,3.096899,2.378965,3.149730,2.150739,1.607012,,2.365947,2.208281
2015-07-01,2.482249,1.899012,2.307772,2.285458,2.426263,2.529994,2.178781,2.289129,2.150475,3.129442,3.121169,2.407990,3.179672,2.176176,1.619126,,2.378364,2.225982
2015-07-02,2.482167,1.919769,2.305423,2.292746,2.422740,2.526593,2.178931,2.291558,2.158063,3.133483,3.110883,2.398058,3.180349,2.172636,1.613877,,2.390598,2.223944
2015-07-06,2.470022,1.923472,2.286702,2.297728,2.408177,2.521925,2.161308,2.268387,2.129475,3.126539,3.109932,2.387966,3.168025,2.169787,1.613475,,2.376739,2.217614
2015-07-07,2.488698,1.969186,2.273652,2.332639,2.424603,2.566766,2.176536,2.274240,2.150778,3.147616,3.120372,2.389914,3.203042,2.191990,1.619536,,2.417877,2.231560
2015-07-08,2.445344,1.955450,2.230313,2.318080,2.379066,2.540326,2.129523,2.231399,2.104245,3.104275,3.065281,2.346199,3.132531,2.166174,1.593313,,2.388113,2.194121
2015-07-09,2.451059,1.935321,2.240268,2.312291,2.387564,2.537922,2.136092,2.224685,2.116113,3.115878,3.080232,2.368008,3.144299,2.173084,1.598041,,2.382998,2.198090
2015-07-10,2.478059,1.946398,2.277820,2.329594,2.408960,2.558847,2.156444,2.252101,2.129567,3.167955,3.116774,2.401293,3.192350,2.196671,1.625985,,2.398105,2.225767
2015-07-13,2.504097,1.947276,2.299767,2.335268,2.435471,2.584175,2.183437,2.279024,2.155425,3.217741,3.143944,2.428319,3.239679,2.215277,1.644219,,2.414314,2.250334
2015-07-14,2.513211,1.945742,2.311906,2.340030,2.440411,2.587435,2.187857,2.293773,2.172086,3.233266,3.173597,2.436293,3.245538,2.219518,1.652828,,2.417887,2.260096
2015-07-15,2.503770,1.953940,2.288916,2.341336,2.426229,2.577831,2.169882,2.285185,2.130799,3.226765,3.165723,2.450480,3.226886,2.222042,1.649284,,2.402289,2.259345
2015-07-16,2.518622,1.981539,2.273567,2.360440,2.438916,2.598982,2.175888,2.292502,2.132342,3.327766,3.181052,2.474514,3.237037,2.235990,1.664832,,2.416329,2.277474
2015-07-17,2.508299,1.959101,2.270795,2.347562,2.430710,2.593640,2.154018,2.282941,2.110546,3.424524,3.175998,2.468689,3.222054,2.229052,1.664185,,2.393115,2.279405
2015-07-20,2.504405,1.949276,2.233262,2.357667,2.432990,2.599477,2.144498,2.276442,2.076951,3.416325,3.185196,2.473261,3.227818,2.231687,1.671881,,2.381957,2.280585
2015-07-21,2.495668,1.930689,2.233140,2.350137,2.412092,2.588187,2.141440,2.272849,2.077950,3.394720,3.169373,2.472681,3.216751,2.223606,1.664046,,2.371440,2.271574
2015-07-22,2.496564,1.944279,2.221094,2.357949,2.399687,2.599162,2.137524,2.254977,2.056370,3.391401,3.187224,2.485321,3.240958,2.227016,1.668605,,2.367719,2.267498
2015-07-23,2.484419,1.914401,2.182850,2.345140,2.379944,2.586281,2.132129,2.266668,2.059655,3.347217,3.179060,2.465738,3.231653,2.216928,1.663939,,2.347951,2.254732
2015-07-24,2.456507,1.915399,2.130421,2.350237,2.352811,2.573070,2.096386,2.244789,2.018181,3.325739,3.114306,2.448027,3.200623,2.207857,1.647503,,2.327530,2.231346
2015-07-27,2.441938,1.941094,2.098769,2.356113,2.338698,2.569664,2.077287,2.223167,1.991989,3.299845,3.102136,2.424125,3.181540,2.203151,1.635970,,2.328637,2.218365
2015-07-28,2.473244,1.950324,2.157465,2.364139,2.388541,2.597593,2.103462,2.258615,2.041126,3.314068,3.146624,2.435008,3.214185,2.222519,1.656887,,2.356397,2.245613
2015-07-29,2.494060,1.957118,2.182271,2.369726,2.422622,2.610203,2.122820,2.271025,2.073442,3.341039,3.157295,2.459455,3.248704,2.240198,1.664430,,2.372837,2.261061
2015-07-30,2.495962,1.972500,2.179402,2.353750,2.420922,2.617874,2.113410,2.287988,2.048709,3.355521,3.156582,2.470686,3.259346,2.243280,1.668717,,2.369302,2.261598
2015-07-31,2.495595,1.991145,2.172075,2.366852,2.421129,2.624133,2.107664,2.278837,2.023016,3.359887,3.172791,2.453848,3.283190,2.245564,1.682527,,2.366726,2.258165
2015-08-03,2.486304,1.995386,2.150419,2.379767,2.410700,2.624580,2.086917,2.270830,1.980304,3.360647,3.170017,2.457504,3.268197,2.250253,1.677238,,2.355493,2.250548
2015-08-04,2.482917,1.956194,2.177595,2.368160,2.406336,2.631775,2.084720,2.262574,1.970399,3.379756,3.175450,2.452990,3.275852,2.247716,1.680263,,2.338806,2.246150
2015-08-05,2.493035,1.961652,2.192909,2.358115,2.413011,2.656945,2.083348,2.299950,1.951051,3.332319,3.200619,2.465602,3.294178,2.261832,1.691418,,2.331931,2.253552
2015-08-06,2.479333,1.971401,2.186603,2.362077,2.405067,2.645526,2.072227,2.270217,1.980343,3.310971,3.146036,2.454675,3.258879,2.246917,1.666084,,2.344505,2.235100
2015-08-07,2.473470,1.994561,2.147157,2.370790,2.395360,2.628374,2.058754,2.280669,1.944108,3.294170,3.135176,2.455131,3.269970,2.245282,1.664305,,2.341772,2.230809
2015-08-10,2.508816,1.988578,2.215944,2.369700,2.438743,2.638653,2.105075,2.324873,2.010510,3.322073,3.157252,2.489564,3.300243,2.265902,1.678824,,2.375702,2.258916
2015-08-11,2.487212,1.995852,2.157696,2.380697,2.411174,2.629873,2.083457,2.282254,2.020680,3.313585,3.131121,2.461425,3.275272,2.256867,1.666077,,2.361200,2.238533
2015-08-12,2.492464,2.038233,2.178333,2.393423,2.412395,2.631624,2.085580,2.297068,2.065295,3.312347,3.126804,2.439976,3.259477,2.255224,1.667326,,2.384037,2.241215
2015-08-13,2.488549,2.035418,2.173595,2.398423,2.407366,2.632192,2.072475,2.282962,2.032722,3.332575,3.119688,2.448375,3.285831,2.256589,1.676666,,2.364897,2.238426
2015-08-14,2.500160,2.053071,2.183544,2.415351,2.422716,2.647715,2.080263,2.288748,2.030061,3.332617,3.129572,2.466959,3.297744,2.270592,1.682659,,2.374719,2.246579
2015-08-17,2.513736,2.065235,2.201758,2.431249,2.435031,2.647665,2.090198,2.306973,2.041788,3.368144,3.154942,2.470464,3.322052,2.277578,1.697349,,2.386099,2.259130
2015-08-18,2.506423,2.058486,2.186991,2.401931,2.433111,2.645092,2.084653,2.283693,2.030643,3.347772,3.151896,2.468876,3.335095,2.277010,1.697142,,2.368348,2.252586
2015-08-19,2.487114,2.065530,2.157399,2.387064,2.412653,2.630077,2.064120,2.263452,1.971800,3.339846,3.141781,2.446090,3.324584,2.264624,1.690117,,2.348374,2.234779
2015-08-20,2.436192,2.051567,2.119897,2.367035,2.363227,2.609569,2.019668,2.199882,1.925871,3.214719,3.070480,2.390661,3.242424,2.233566,1.648777,,2.316302,2.188113
2015-08-21,2.367444,2.021993,2.068176,2.318111,2.296327,2.536822,1.964965,2.135833,1.853835,3.110380,2.989095,2.312407,3.132647,2.176802,1.589685,,2.265262,2.122246
2015-08-24,2.271284,1.941619,1.971500,2.204696,2.215217,2.451255,1.882787,2.065500,1.749992,2.980185,2.872789,2.205803,3.005735,2.095149,1.529928,,2.166458,2.032885
2015-08-25,2.239083,1.883505,1.940313,2.140073,2.178695,2.422146,1.863661,2.036482,1.723318,2.969595,2.842655,2.170404,2.987317,2.061773,1.521445,,2.120652,2.008962
2015-08-26,2.312794,1.916819,1.972368,2.202192,2.246383,2.495330,1.919178,2.125834,1.774483,3.101883,2.954363,2.249813,3.092317,2.124536,1.581262,,2.173968,2.086094
2015-08-27,2.376592,1.945835,2.074909,2.249558,2.305616,2.529310,1.987871,2.186885,1.866485,3.179381,3.012869,2.310829,3.167385,2.163783,1.616234,,2.249382,2.137694
2015-08-28,2.380814,1.942930,2.090816,2.247326,2.307897,2.530723,1.996105,2.193388,1.908724,3.181210,3.005405,2.306332,3.165861,2.159512,1.612751,,2.264836,2.137801
2015-08-31,2.364836,1.913665,2.086196,2.203346,2.296377,2.516709,1.991038,2.182089,1.931708,3.141636,2.957235,2.290424,3.147779,2.143249,1.597254,,2.258605,2.120529
2015-09-01,2.295659,1.860468,2.011722,2.157873,2.235018,2.451996,1.929692,2.115199,1.865673,3.043534,2.876160,2.211510,3.067144,2.093490,1.551937,,2.189163,2.057236
2015-09-02,2.332411,1.857215,2.044915,2.185214,2.278640,2.485935,1.961835,2.155759,1.884983,3.095153,2.931474,2.243874,3.135024,2.123606,1.586134,,2.206429,2.096285
2015-09-03,2.341350,1.869182,2.062927,2.193238,2.283081,2.501497,1.970492,2.166568,1.887901,3.086575,2.924260,2.258295,3.150133,2.135461,1.587416,,2.216119,2.097787
2015-09-04,2.303772,1.837233,2.018704,2.147981,2.250284,2.467557,1.937935,2.130253,1.854367,3.042010,2.884887,2.218512,3.106567,2.102952,1.567108,,2.175697,2.066033
2015-09-08,2.362213,1.874281,2.079024,2.186316,2.312662,2.518633,1.979918,2.207141,1.889352,3.099533,2.962055,2.278590,3.190387,2.151507,1.609497,,2.226083,2.117955
2015-09-09,2.332074,1.850313,2.069936,2.159430,2.290623,2.474689,1.954688,2.172828,1.858694,3.088942,2.917623,2.248325,3.153360,2.122087,1.589646,,2.198099,2.089634
2015-09-10,2.340086,1.850562,2.076566,2.165382,2.290800,2.476390,1.960125,2.190724,1.866449,3.101108,2.933825,2.259650,3.163802,2.127638,1.596359,,2.208287,2.101005
2015-09-11,2.349456,1.864989,2.083369,2.196841,2.300909,2.494441,1.959086,2.193363,1.845182,3.107880,2.956834,2.268225,3.190931,2.138707,1.612339,,2.206203,2.110553
2015-09-14,2.339433,1.869599,2.054024,2.194667,2.286518,2.486640,1.950769,2.185764,1.823931,3.087429,2.946966,2.260640,3.179577,2.131801,1.605528,,2.204970,2.102721
2015-09-15,2.368035,1.882365,2.070698,2.214717,2.323803,2.514844,1.975699,2.212265,1.844449,3.132383,2.981912,2.292469,3.214799,2.155900,1.624766,,2.230472,2.129004
2015-09-16,2.394584,1.901357,2.114171,2.243791,2.339385,2.555521,2.005769,2.229888,1.896068,3.170639,2.996544,2.302087,3.258526,2.175149,1.639304,,2.272134,2.147456
2015-09-17,2.388394,1.927772,2.109123,2.265175,2.321870,2.557913,1.994141,2.208980,1.894676,3.181739,3.020402,2.270444,3.253397,2.173059,1.647225,,2.273607,2.142628
2015-09-18,2.345844,1.913985,2.049590,2.259455,2.272256,2.533434,1.948197,2.170922,1.850346,3.140053,2.974438,2.219929,3.197483,2.148509,1.620101,,2.235771,2.107615
2015-09-21,2.354849,1.914496,2.047100,2.275569,2.281162,2.549892,1.956183,2.179281,1.861657,3.154782,2.952013,2.248269,3.206792,2.162865,1.624390,,2.242112,2.118506
2015-09-22,2.319120,1.888002,1.997297,2.245862,2.248430,2.526273,1.920054,2.137387,1.841589,3.104980,2.927390,2.215803,3.144640,2.141749,1.602481,,2.209676,2.091008
2015-09-23,2.310476,1.892576,1.945172,2.256898,2.229369,2.532741,1.906265,2.130638,1.810910,3.096987,2.927099,2.219785,3.138501,2.144200,1.607051,,2.190929,2.087665
2015-09-24,2.302154,1.906064,1.946434,2.236726,2.217618,2.536485,1.893675,2.127612,1.811608,3.111190,2.892864,2.208256,3.132424,2.142961,1.600066,,2.187641,2.080117
2015-09-25,2.305717,1.924145,1.939857,2.251305,2.224909,2.557019,1.897352,2.130508,1.814957,3.087438,2.825857,2.238610,3.136611,2.152872,1.594530,,2.194010,2.079578
2015-09-28,2.242369,1.911984,1.859710,2.205504,2.179018,2.509700,1.832612,2.085244,1.728384,3.019039,2.719188,2.181131,3.030722,2.118898,1.540065,,2.140644,2.027386
2015-09-29,2.245235,1.909863,1.864806,2.229093,2.185028,2.509042,1.831088,2.091216,1.717785,2.997789,2.736828,2.186710,3.022170,2.126000,1.532400,,2.140440,2.028572
2015-09-30,2.288267,1.949777,1.908791,2.256855,2.214721,2.540078,1.861685,2.152106,1.767581,3.063635,2.789272,2.218702,3.102066,2.147721,1.571172,,2.183686,2.066422
2015-10-01,2.286806,1.929133,1.933362,2.267091,2.208159,2.540398,1.846359,2.139669,1.784355,3.072619,2.804037,2.217854,3.122556,2.141062,1.586812,,2.170911,2.071814
2015-10-02,2.322988,1.955650,1.998197,2.283675,2.235450,2.566939,1.879864,2.175771,1.864778,3.122522,2.862321,2.220002,3.180691,2.164252,1.605959,,2.228022,2.102762
2015-10-05,2.372418,1.983902,2.053281,2.324964,2.298229,2.610010,1.931678,2.228648,1.927906,3.197944,2.879111,2.267259,3.227505,2.202930,1.624408,,2.294317,2.140180
2015-10-06,2.363523,1.969138,2.061932,2.318456,2.294927,2.584967,1.933567,2.236358,1.966386,3.191623,2.812378,2.254680,3.202093,2.188374,1.595892,,2.318743,2.132848
2015-10-07,2.387521,1.962870,2.111760,2.337057,2.325584,2.602136,1.958725,2.258500,1.991964,3.213968,2.851556,2.274916,3.217210,2.207544,1.607201,,2.349879,2.150317
2015-10-08,2.414562,1.988277,2.141748,2.358674,2.365919,2.630508,1.988581,2.280405,2.028113,3.270166,2.859981,2.285392,3.250992,2.229955,1.617536,,2.384995,2.169727
2015-10-09,2.414311,1.979286,2.136901,2.349510,2.370912,2.641058,1.986115,2.283988,2.012901,3.268979,2.877923,2.270889,3.265153,2.229137,1.626779,,2.382493,2.171021
2015-10-12,2.413672,1.991310,2.114894,2.364271,2.369301,2.647651,1.972826,2.283590,1.989364,3.277563,2.888998,2.276486,3.272944,2.238714,1.635360,,2.366447,2.173070
2015-10-13,2.392782,1.986685,2.104597,2.348801,2.340667,2.634975,1.948362,2.263812,1.963732,3.271183,2.861239,2.258896,3.247637,2.225248,1.616370,,2.349510,2.159375
2015-10-14,2.383469,1.987113,2.129336,2.329240,2.322169,2.599015,1.951174,2.279776,1.976073,3.265393,2.845768,2.237668,3.195793,2.208943,1.594412,,2.351182,2.149023
2015-10-15,2.411480,2.017199,2.133574,2.357883,2.341897,2.619476,1.972327,2.281112,2.012622,3.293325,2.895257,2.287657,3.235814,2.232598,1.614622,,2.363062,2.182020
2015-10-16,2.415697,2.020106,2.133352,2.382882,2.307208,2.646696,1.970088,2.286731,2.010402,3.306720,2.925192,2.296283,3.254813,2.248614,1.626790,,2.366655,2.191941
2015-10-19,2.413838,2.018769,2.105267,2.410292,2.304305,2.653143,1.964793,2.285435,1.969329,3.326625,2.937848,2.291306,3.263638,2.251463,1.632804,,2.353313,2.193019
2015-10-20,2.417330,2.027930,2.110532,2.407525,2.324344,2.651850,1.971450,2.279475,1.967901,3.311379,2.909594,2.307839,3.266573,2.256451,1.629657,,2.363386,2.190215
2015-10-21,2.401853,2.021285,2.085430,2.401743,2.321774,2.658591,1.947473,2.264581,1.947347,3.282414,2.892917,2.282598,3.253332,2.257110,1.622744,,2.362232,2.176628
2015-10-22,2.438977,2.048006,2.152416,2.436963,2.384042,2.710791,1.963133,2.327728,1.966716,3.343724,2.855990,2.330074,3.306591,2.305836,1.639222,,2.404206,2.213400
2015-10-23,2.450068,2.008992,2.169676,2.401697,2.401908,2.692887,1.956190,2.360876,1.964684,3.408793,2.904557,2.363163,3.330198,2.307639,1.647861,,2.398899,2.237662
2015-10-26,2.442123,1.999603,2.144663,2.402901,2.394415,2.685188,1.950206,2.341795,1.914200,3.420700,2.913989,2.357416,3.344192,2.308152,1.650683,,2.373785,2.232163
2015-10-27,2.426499,1.989385,2.117849,2.396794,2.362198,2.676205,1.924941,2.332622,1.885265,3.406012,2.955700,2.337497,3.318275,2.309564,1.652291,,2.346562,2.227849
2015-10-28,2.457416,1.970171,2.153229,2.410853,2.393770,2.684212,1.961812,2.353402,1.926638,3.443911,2.991552,2.398608,3.343440,2.317675,1.675150,,2.372735,2.253190
2015-10-29,2.453247,1.957655,2.157455,2.414482,2.395563,2.678283,1.957618,2.325606,1.942029,3.461681,3.004504,2.393211,3.325789,2.318846,1.668833,,2.371386,2.251896
2015-10-30,2.451815,1.966506,2.166074,2.398044,2.399187,2.664958,1.964373,2.335052,1.958636,3.464998,2.992801,2.355407,3.344044,2.301759,1.672780,,2.380612,2.242191
2015-11-02,2.484136,1.972699,2.180425,2.454719,2.427951,2.684440,1.999911,2.367519,1.991383,3.493776,3.051131,2.388206,3.363423,2.322585,1.684712,1.009050,2.420218,2.268718
2015-11-03,2.489495,1.980043,2.184905,2.434429,2.427246,2.671371,2.009722,2.373237,2.037022,3.499609,3.047136,2.397468,3.371132,2.315559,1.680739,1.012630,2.439190,2.275296
2015-11-04,2.480829,1.991628,2.164805,2.416710,2.418156,2.657361,2.003887,2.365878,2.018088,3.494714,3.039896,2.391297,3.353425,2.312706,1.674529,1.008791,2.423297,2.268395
2015-11-05,2.479885,1.970216,2.141896,2.422591,2.422639,2.663732,1.999414,2.357696,1.998612,3.495810,3.037575,2.404135,3.378562,2.314353,1.682487,1.006839,2.410190,2.266130
2015-11-06,2.477317,1.902095,2.131368,2.345428,2.424491,2.643864,2.004620,2.386119,1.996717,3.478282,3.033495,2.439571,3.375512,2.294765,1.690738,1.004748,2.372622,2.264944
2015-11-09,2.452636,1.904780,2.121099,2.309083,2.404513,2.624965,1.974768,2.360836,1.986184,3.432942,3.017825,2.413210,3.316808,2.277512,1.672244,0.995391,2.342309,2.243809
2015-11-10,2.458797,1.925021,2.099215,2.324111,2.407716,2.637562,1.977743,2.339303,1.990578,3.461055,3.034834,2.422243,3.345608,2.287945,1.683276,0.996903,2.343294,2.248985
2015-11-11,2.446459,1.938266,2.101734,2.330683,2.406717,2.637683,1.947248,2.334080,1.941784,3.473008,2.999924,2.417981,3.328386,2.291020,1.678057,0.992414,2.320518,2.240142
2015-11-12,2.407286,1.910973,2.056152,2.316165,2.365394,2.603003,1.910403,2.302582,1.898303,3.431553,2.953035,2.377078,3.275753,2.261281,1.650798,0.977512,2.282080,2.208871
2015-11-13,2.379955,1.903081,2.077983,2.291536,2.355359,2.569701,1.866812,2.264940,1.891578,3.359640,2.948829,2.355482,3.201006,2.246758,1.620950,0.969280,2.259200,2.184069
2015-11-16,2.416105,1.938423,2.111334,2.323708,2.386844,2.609071,1.897434,2.300576,1.950753,3.433300,2.986061,2.385569,3.229677,2.282644,1.644902,0.983730,2.303772,2.217282
2015-11-17,2.410795,1.900447,2.093459,2.324996,2.379102,2.609559,1.892869,2.302735,1.927574,3.440645,3.004532,2.383515,3.224486,2.276532,1.648281,0.982265,2.283748,2.215664
2015-11-18,2.450813,1.916762,2.134519,2.354954,2.420776,2.642607,1.932752,2.334789,1.965281,3.498840,3.055297,2.426506,3.274917,2.306849,1.674508,0.998949,2.321239,2.250818
2015-11-19,2.448221,1.929604,2.125393,2.361151,2.433271,2.654397,1.923894,2.339734,1.941780,3.493225,3.001260,2.427919,3.290651,2.311380,1.672308,1.000253,2.312120,2.248877
2015-11-20,2.457527,1.939624,2.107788,2.389048,2.442743,2.641678,1.933527,2.351973,1.925549,3.530321,3.029685,2.431227,3.316330,2.314093,1.693241,1.002168,2.314801,2.257072
2015-11-23,2.458138,1.924557,2.107819,2.392055,2.434258,2.677345,1.936832,2.341728,1.934708,3.524242,3.032232,2.423019,3.331445,2.316813,1.696868,1.000764,2.315770,2.254484
2015-11-24,2.465311,1.923614,2.131723,2.379363,2.431988,2.689288,1.950429,2.353146,1.981519,3.510005,3.033623,2.417221,3.339271,2.314564,1.696584,1.000271,2.338932,2.257504
2015-11-25,2.466656,1.910013,2.115509,2.388805,2.438408,2.702098,1.953827,2.343711,1.963977,3.515982,3.043596,2.417324,3.358043,2.316443,1.705399,0.999114,2.332979,2.257180
2015-11-27,2.467420,1.912554,2.110090,2.406874,2.445255,2.714546,1.942240,2.347665,1.947886,3.506179,3.053757,2.424462,3.350606,2.322468,1.710061,1.000836,2.323856,2.259768
2015-11-30,2.460980,1.919092,2.118048,2.389972,2.437351,2.686429,1.939236,2.356390,1.957300,3.491448,3.020598,2.422398,3.333898,2.309552,1.694498,0.995006,2.332783,2.250387
2015-12-01,2.485328,1.931624,2.135249,2.425877,2.450320,2.709976,1.958682,2.386178,1.967729,3.548542,3.067503,2.445149,3.361679,2.329759,1.716009,1.006741,2.348905,2.271846
2015-12-02,2.452696,1.880487,2.097782,2.377563,2.420474,2.693287,1.932984,2.361329,1.895018,3.514436,3.038050,2.421932,3.333381,2.311425,1.704510,0.997671,2.288622,2.248661
2015-12-03,2.417179,1.863076,2.082874,2.341199,2.389952,2.686702,1.906309,2.336722,1.840588,3.456623,2.969348,2.380354,3.270093,2.284454,1.677371,0.983298,2.258090,2.217174
2015-12-04,2.457133,1.876903,2.116786,2.385057,2.419197,2.746174,1.923906,2.383797,1.817359,3.529931,3.039320,2.447104,3.334736,2.332372,1.717780,1.007034,2.261949,2.260415
2015-12-07,2.434767,1.887787,2.072291,2.383569,2.400606,2.745809,1.893351,2.367579,1.728966,3.510764,3.021225,2.424190,3.323182,2.330293,1.706457,1.000192,2.236261,2.246720
2015-12-08,2.415994,1.890022,2.026021,2.379476,2.358030,2.749725,1.872864,2.359549,1.709497,3.475501,3.024204,2.391192,3.314374,2.325254,1.707805,0.992484,2.220803,2.231624
2015-12-09,2.400880,1.894385,2.049838,2.360975,2.351894,2.722398,1.861593,2.327237,1.744981,3.429507,2.997781,2.353938,3.291629,2.303712,1.684795,0.986828,2.232285,2.214262
2015-12-10,2.404798,1.862650,2.039526,2.344809,2.361883,2.721241,1.869715,2.326856,1.757729,3.445213,3.020975,2.361016,3.303105,2.303287,1.689880,0.988508,2.230394,2.219978
2015-12-11,2.356485,1.853782,1.993066,2.337516,2.319630,2.691932,1.816505,2.286575,1.673940,3.363362,2.980121,2.296570,3.239013,2.275297,1.655816,0.969063,2.189083,2.176952
2015-12-14,2.356121,1.853751,1.968216,2.348814,2.327465,2.718650,1.802363,2.279604,1.663669,3.378945,2.990453,2.297448,3.247644,2.291314,1.664943,0.975643,2.184822,2.187951
2015-12-15,2.383972,1.871972,1.989857,2.373663,2.334704,2.742068,1.828769,2.307199,1.693469,3.390834,3.018753,2.351573,3.278041,2.305545,1.679022,0.988491,2.221179,2.210919
2015-12-16,2.419676,1.923061,2.017522,2.422599,2.373447,2.783725,1.855369,2.340198,1.680732,3.459644,3.056891,2.383782,3.334450,2.339448,1.705889,1.003777,2.260009,2.243270
2015-12-17,2.378538,1.923054,1.959568,2.405115,2.327269,2.747265,1.817327,2.295671,1.631892,3.410698,3.030365,2.339062,3.263163,2.312091,1.677595,0.989516,2.218408,2.209086
2015-12-18,2.342509,1.904061,1.941949,2.366634,2.291020,2.704605,1.792739,2.261285,1.601615,3.353510,2.991698,2.282251,3.228883,2.274096,1.651763,0.970031,2.184225,2.169731
2015-12-21,2.363604,1.910514,1.952839,2.379789,2.310155,2.730499,1.809539,2.287816,1.619826,3.372052,3.027132,2.304092,3.256011,2.290694,1.668963,0.978334,2.206496,2.187630
2015-12-22,2.388576,1.924100,1.983114,2.392935,2.347397,2.760737,1.829276,2.303464,1.644987,3.393656,3.051128,2.331230,3.286089,2.314632,1.678019,0.987419,2.239618,2.207481
2015-12-23,2.427347,1.959463,2.040535,2.424737,2.382197,2.781294,1.872717,2.329277,1.731552,3.424370,3.082069,2.362860,3.313091,2.336195,1.688861,0.997607,2.303957,2.234817
2015-12-24,2.424235,1.957914,2.036626,2.423150,2.382119,2.775528,1.866776,2.331495,1.719643,3.417200,3.083034,2.362201,3.305774,2.332539,1.686876,0.995528,2.299549,2.231129
2015-12-28,2.415378,1.962221,2.002359,2.434255,2.372687,2.773745,1.849248,2.327014,1.684849,3.428347,3.077950,2.358994,3.306686,2.335830,1.690289,0.993227,2.277825,2.226030
2015-12-29,2.439977,1.976557,2.018835,2.464875,2.392393,2.799275,1.870053,2.353593,1.696847,3.463930,3.111861,2.386416,3.340193,2.355739,1.707682,1.004172,2.299672,2.249786
2015-12-30,2.420237,1.970370,1.990953,2.448775,2.372153,2.786714,1.848339,2.341010,1.669311,3.427721,3.095890,2.366398,3.315755,2.343458,1.695902,0.997136,2.274713,2.233840
2015-12-31,2.401124,1.955784,1.976316,2.426652,2.351789,2.756452,1.839788,2.310529,1.685361,3.389481,3.070770,2.345005,3.283560,2.317245,1.677769,0.987113,2.272883,2.211494
2016-01-04,2.370587,1.947132,1.958589,2.399473,2.322019,2.727409,1.826780,2.279583,1.690618,3.328206,3.014766,2.293014,3.224562,2.280953,1.642186,0.971397,2.270437,2.180579
2016-01-05,2.374534,1.965886,1.955376,2.446421,2.318489,2.750191,1.818017,2.275653,1.695743,3.306525,3.030373,2.296799,3.227852,2.295378,1.645732,0.974239,2.285252,2.184267
2016-01-06,2.332626,1.952966,1.890564,2.423940,2.286597,2.738288,1.766341,2.227110,1.611801,3.318890,3.007203,2.254563,3.168766,2.277873,1.633656,0.963761,2.222954,2.156714
2016-01-07,2.278488,1.938769,1.835006,2.365671,2.227805,2.701757,1.732781,2.157500,1.566864,3.248671,2.936600,2.191794,3.088668,2.240840,1.598757,0.940289,2.168124,2.104971
2016-01-08,2.250198,1.937740,1.807481,2.341485,2.206099,2.682589,1.701673,2.126346,1.555627,3.235425,2.899676,2.157049,3.037320,2.225673,1.574037,0.929866,2.145196,2.081866
2016-01-11,2.243763,1.940379,1.758826,2.357748,2.199330,2.698430,1.690759,2.123300,1.516255,3.234888,2.860869,2.162682,3.070846,2.233097,1.581083,0.933445,2.124788,2.083927
2016-01-12,2.255459,1.926421,1.771703,2.344187,2.216788,2.720236,1.693628,2.143505,1.498377,3.273783,2.888831,2.179806,3.100799,2.248276,1.602231,0.941703,2.107455,2.100741
2016-01-13,2.197316,1.926415,1.725322,2.301601,2.160372,2.661657,1.641710,2.084149,1.444452,3.174123,2.816514,2.117821,3.007442,2.211799,1.547824,0.919763,2.052563,2.048347
2016-01-14,2.228635,1.963413,1.761015,2.306620,2.181900,2.667233,1.654807,2.118364,1.535534,3.247686,2.884774,2.145788,3.017210,2.233079,1.568262,0.935080,2.107138,2.081974
2016-01-15,2.184579,1.939687,1.745847,2.273612,2.143630,2.629650,1.615697,2.045464,1.479190,3.171860,2.846364,2.096906,2.988107,2.200929,1.535288,0.915080,2.071391,2.037282
2016-01-19,2.179620,1.967979,1.706854,2.283681,2.138876,2.650713,1.598013,2.040450,1.447252,3.188051,2.845173,2.094354,2.993189,2.213390,1.538902,0.916767,2.051453,2.039994
2016-01-20,2.157714,1.919883,1.696185,2.221486,2.115495,2.622919,1.596306,2.030391,1.410081,3.153287,2.844219,2.056663,2.975391,2.181540,1.526360,0.905233,2.016865,2.013852
2016-01-21,2.175543,1.927723,1.716753,2.246550,2.124099,2.631540,1.628617,2.044177,1.469545,3.183125,2.838862,2.044773,3.014275,2.184076,1.530681,0.910851,2.065500,2.025133
2016-01-22,2.219420,1.962870,1.732729,2.303896,2.153650,2.679492,1.660236,2.086944,1.564818,3.259516,2.884348,2.087992,3.058347,2.219204,1.568887,0.927310,2.120323,2.066679
2016-01-25,2.179133,1.934545,1.694053,2.276219,2.127838,2.653033,1.621498,2.054292,1.480405,3.214046,2.859503,2.037756,3.002890,2.199017,1.545050,0.914831,2.063853,2.035438
2016-01-26,2.219513,1.958455,1.736567,2.320219,2.171996,2.682619,1.662644,2.089483,1.542005,3.261268,2.874996,2.067824,3.070844,2.228202,1.563153,0.928394,2.123195,2.063208
2016-01-27,2.202671,1.963796,1.747712,2.277235,2.152135,2.677415,1.653436,2.055930,1.524864,3.210465,2.849410,2.065143,3.027441,2.225674,1.537666,0.918763,2.115852,2.040754
2016-01-28,2.207076,1.999360,1.749211,2.256902,2.156167,2.713424,1.646974,2.056267,1.580994,3.285965,2.782416,2.072922,3.035757,2.241772,1.546826,0.919929,2.139112,2.051384
2016-01-29,2.269306,2.041512,1.810288,2.313592,2.217588,2.768740,1.700655,2.133323,1.633474,3.340484,2.844315,2.137575,3.105887,2.292607,1.584951,0.943755,2.206346,2.101392
2016-02-01,2.271334,2.064233,1.821378,2.315057,2.216522,2.792901,1.700170,2.137968,1.596425,3.357356,2.851051,2.124234,3.124880,2.301185,1.596262,0.941128,2.203025,2.100632
2016-02-02,2.222181,2.071810,1.781660,2.287076,2.161783,2.762909,1.653856,2.073011,1.540621,3.296111,2.808105,2.067266,3.051945,2.281522,1.563445,0.923022,2.149573,2.062774
2016-02-03,2.241445,2.107330,1.853000,2.299804,2.191875,2.754732,1.671927,2.091310,1.589985,3.310644,2.819609,2.072045,3.036774,2.288626,1.554965,0.928467,2.206396,2.075140
2016-02-04,2.255888,2.100201,1.919669,2.307926,2.236193,2.714317,1.695925,2.118313,1.579284,3.294273,2.810532,2.093593,3.023563,2.281512,1.543619,0.928436,2.241359,2.078395
2016-02-05,2.216771,2.104143,1.904676,2.246786,2.211251,2.711227,1.668970,2.054446,1.530360,3.190892,2.747769,2.071371,2.925600,2.271852,1.490093,0.914365,2.218466,2.038801
2016-02-08,2.168924,2.090222,1.840538,2.174680,2.185926,2.705679,1.622850,1.995069,1.475688,3.131906,2.681405,2.020711,2.866623,2.264832,1.450956,0.905351,2.162874,2.011357
2016-02-09,2.166006,2.097105,1.859891,2.131516,2.195513,2.722285,1.604805,1.984448,1.440673,3.114695,2.697760,2.028325,2.878449,2.280137,1.465175,0.906146,2.120259,2.011465
2016-02-10,2.169229,2.095519,1.854158,2.143100,2.184592,2.720704,1.605809,1.995953,1.443294,3.117735,2.735693,2.016719,2.896365,2.283307,1.479348,0.905313,2.109740,2.009730
2016-02-11,2.136545,2.047584,1.824804,2.115654,2.154199,2.691556,1.581344,1.979626,1.423457,3.093546,2.692319,1.957803,2.878890,2.258551,1.468067,0.893083,2.081066,1.983587
2016-02-12,2.187064,2.044182,1.883268,2.146172,2.198771,2.733678,1.630586,2.022467,1.466218,3.138277,2.735878,2.033864,2.961468,2.290242,1.491333,0.912028,2.136430,2.024482
2016-02-16,2.232470,2.056925,1.920782,2.188394,2.242007,2.770316,1.671972,2.079136,1.499688,3.185008,2.786908,2.074014,3.042999,2.313468,1.523073,0.925608,2.190857,2.058652
2016-02-17,2.275882,2.062850,1.968339,2.218388,2.278163,2.798661,1.721606,2.139473,1.548440,3.245913,2.832548,2.106247,3.096493,2.332246,1.551655,0.938305,2.257203,2.092280
2016-02-18,2.270867,2.096744,1.970303,2.235011,2.279915,2.785375,1.713346,2.144252,1.529159,3.206662,2.822135,2.088217,3.083066,2.337781,1.537874,0.933928,2.267822,2.083710
2016-02-19,2.266051,2.082747,1.946414,2.240411,2.273455,2.788930,1.696770,2.152716,1.512742,3.210974,2.826020,2.088753,3.089907,2.340003,1.546071,0.933652,2.236403,2.082734
2016-02-22,2.306203,2.112611,1.991606,2.269609,2.317131,2.803470,1.738413,2.188346,1.566601,3.258323,2.864614,2.120381,3.150217,2.354795,1.570868,0.943715,2.295502,2.112890
2016-02-23,2.277418,2.111586,1.936278,2.262737,2.289736,2.808882,1.711400,2.149167,1.508234,3.208831,2.841445,2.082051,3.134391,2.348039,1.561774,0.932712,2.255588,2.086205
2016-02-24,2.290159,2.129840,1.958779,2.259860,2.297365,2.827895,1.719972,2.176814,1.538500,3.226752,2.853996,2.078423,3.147411,2.351686,1.577076,0.934354,2.275105,2.095751
2016-02-25,2.316771,2.149944,1.982567,2.304547,2.326355,2.865366,1.737193,2.203777,1.535557,3.248488,2.884862,2.108223,3.187223,2.375651,1.603223,0.945661,2.295213,2.121134
2016-02-26,2.320678,2.093584,2.015156,2.296632,2.333609,2.828070,1.755805,2.208002,1.551130,3.246162,2.885462,2.125833,3.188319,2.355775,1.595489,0.942211,2.305208,2.116253
2016-02-29,2.306075,2.095187,2.011694,2.291428,2.318272,2.812094,1.752978,2.194810,1.539699,3.224358,2.847437,2.098452,3.169778,2.343061,1.581523,0.933501,2.306501,2.099656
2016-03-01,2.360258,2.095296,2.058191,2.356591,2.368992,2.844819,1.800711,2.256541,1.569986,3.301156,2.907210,2.170175,3.251924,2.369658,1.612872,0.955387,2.355054,2.149012
2016-03-02,2.376940,2.114919,2.079354,2.369237,2.373551,2.841936,1.821931,2.266900,1.621309,3.311926,2.921326,2.190687,3.259092,2.375586,1.615970,0.958520,2.399040,2.158667
2016-03-03,2.398646,2.130450,2.098524,2.380847,2.393120,2.850313,1.859837,2.276382,1.665523,3.324637,2.923793,2.209774,3.284991,2.384320,1.620263,0.960224,2.441509,2.167128
2016-03-04,2.410947,2.159599,2.120746,2.388208,2.400372,2.860479,1.874961,2.293386,1.684292,3.335072,2.921787,2.220807,3.282062,2.394004,1.620353,0.962698,2.471887,2.174179
2016-03-07,2.421261,2.175118,2.154729,2.394978,2.412551,2.837320,1.895259,2.306850,1.727495,3.324946,2.936308,2.213865,3.272813,2.389028,1.603704,0.964611,2.507803,2.175914
2016-03-08,2.382819,2.185683,2.102557,2.374063,2.378609,2.839555,1.843308,2.261582,1.634851,3.292087,2.899487,2.178163,3.240048,2.391883,1.600819,0.956347,2.438176,2.152158
2016-03-09,2.395785,2.194382,2.122647,2.385291,2.387478,2.858836,1.858332,2.281860,1.669402,3.325009,2.901442,2.176941,3.247702,2.400217,1.611501,0.959859,2.462058,2.162789
2016-03-10,2.398616,2.204623,2.143200,2.379132,2.384574,2.875925,1.857575,2.285271,1.660630,3.323826,2.900834,2.179504,3.260883,2.402928,1.615741,0.959867,2.466259,2.164524
2016-03-11,2.447969,2.215384,2.170952,2.444602,2.421212,2.897286,1.906948,2.332082,1.717626,3.393323,2.966219,2.241700,3.319974,2.426309,1.638322,0.973371,2.519445,2.199454
2016-03-14,2.443991,2.218560,2.162334,2.445858,2.423059,2.896846,1.901682,2.325832,1.703636,3.386724,2.960697,2.232623,3.326220,2.422785,1.642212,0.972421,2.516678,2.196633
2016-03-15,2.430513,2.220566,2.136218,2.442641,2.416666,2.897016,1.877322,2.320537,1.692733,3.389076,2.916987,2.225430,3.313121,2.427364,1.644091,0.971774,2.492199,2.193054
2016-03-16,2.452922,2.248756,2.180994,2.469524,2.442076,2.908202,1.899946,2.344096,1.749231,3.445693,2.920301,2.223734,3.338321,2.439387,1.653910,0.974424,2.539671,2.205745
2016-03-17,2.477229,2.275135,2.228451,2.509107,2.489228,2.923039,1.924158,2.365652,1.772246,3.481690,2.890828,2.252376,3.351318,2.463462,1.659204,0.980368,2.574418,2.219739
2016-03-18,2.490599,2.257486,2.230472,2.503658,2.507187,2.912357,1.934025,2.390086,1.781993,3.471310,2.941601,2.273534,3.363259,2.464168,1.659133,0.986618,2.580192,2.228461
2016-03-21,2.490500,2.256449,2.218989,2.485343,2.513319,2.910488,1.936308,2.396026,1.769627,3.482441,2.941865,2.272597,3.366979,2.462432,1.658527,0.988803,2.574241,2.231623
2016-03-22,2.487557,2.251636,2.222539,2.489380,2.506750,2.892929,1.926305,2.400821,1.768706,3.478950,2.967143,2.266904,3.355992,2.452160,1.659238,0.988129,2.567104,2.230424
2016-03-23,2.462623,2.256758,2.175277,2.475083,2.484812,2.897990,1.890292,2.368421,1.709349,3.452362,2.946285,2.251792,3.334034,2.454727,1.659192,0.981400,2.515456,2.215704
2016-03-24,2.459456,2.265160,2.173593,2.475211,2.479642,2.890453,1.890849,2.371627,1.715919,3.460709,2.942985,2.232928,3.325265,2.451868,1.658005,0.980951,2.515028,2.214723
2016-03-28,2.464075,2.255737,2.186173,2.498083,2.478716,2.910803,1.896155,2.369965,1.705273,3.493368,2.939608,2.238402,3.337858,2.459618,1.663184,0.981007,2.513992,2.216031
2016-03-29,2.488532,2.291292,2.203920,2.546372,2.499561,2.934826,1.920164,2.396549,1.710131,3.530481,2.982314,2.242204,3.367580,2.481807,1.679644,0.987481,2.544096,2.236530
2016-03-30,2.497419,2.284879,2.218253,2.538995,2.509888,2.947185,1.925820,2.407017,1.717530,3.520882,2.987820,2.258415,3.392175,2.488715,1.683328,0.992539,2.546569,2.246343
2016-03-31,2.497021,2.297751,2.203765,2.552054,2.500300,2.933447,1.930543,2.412034,1.727430,3.522251,2.985183,2.249870,3.394893,2.483645,1.678615,0.989678,2.561325,2.240891
2016-04-01,2.507293,2.305069,2.219213,2.550608,2.503471,2.970255,1.927817,2.425669,1.694811,3.560934,3.023842,2.272414,3.395111,2.503258,1.694524,0.996972,2.542081,2.256156
2016-04-04,2.491942,2.294642,2.186977,2.551083,2.476311,2.957952,1.908259,2.411563,1.677264,3.533788,3.056947,2.255749,3.355780,2.496665,1.691182,0.996292,2.527834,2.248851
2016-04-05,2.465082,2.248135,2.174964,2.534007,2.458083,2.936779,1.885453,2.380795,1.664678,3.507954,3.024225,2.221083,3.326534,2.472993,1.672665,0.988729,2.496401,2.226390
2016-04-06,2.489086,2.247492,2.196496,2.541651,2.466588,2.961742,1.901642,2.404988,1.711053,3.539242,3.096607,2.238077,3.359609,2.482989,1.686317,0.999090,2.518757,2.250705
2016-04-07,2.456966,2.246669,2.163520,2.525049,2.443225,2.933525,1.866378,2.365408,1.706068,3.492084,3.055678,2.189259,3.328264,2.469579,1.674060,0.987678,2.492895,2.223773
2016-04-08,2.467549,2.260109,2.197981,2.542325,2.460033,2.944382,1.871255,2.373211,1.751185,3.478428,3.048352,2.196946,3.324532,2.478440,1.676222,0.990571,2.513191,2.229770
2016-04-11,2.463584,2.254401,2.215363,2.533131,2.456700,2.922741,1.868300,2.372030,1.741341,3.462385,3.032352,2.208493,3.313628,2.466312,1.668042,0.988015,2.521888,2.224536
2016-04-12,2.488214,2.271225,2.245983,2.551432,2.476663,2.939159,1.893933,2.370931,1.802085,3.504974,3.058933,2.238270,3.339592,2.482652,1.677518,0.997443,2.560691,2.245253
2016-04-13,2.521278,2.258434,2.269967,2.547041,2.520848,2.921926,1.936225,2.410705,1.811558,3.531919,3.091011,2.299843,3.391540,2.475102,1.678795,1.006463,2.587266,2.267932
2016-04-14,2.516032,2.254002,2.257044,2.531495,2.520427,2.910339,1.928107,2.382828,1.816180,3.532509,3.095895,2.307527,3.393386,2.466619,1.671619,1.007680,2.565153,2.268041
2016-04-15,2.517335,2.270990,2.272818,2.550134,2.521779,2.928826,1.928565,2.371204,1.790998,3.536220,3.095786,2.302404,3.399984,2.476608,1.678072,1.006617,2.561945,2.265533
2016-04-18,2.533499,2.279413,2.289313,2.565408,2.530799,2.938747,1.942550,2.384700,1.818722,3.546468,3.121299,2.318789,3.427213,2.487344,1.689394,1.014130,2.582912,2.281453
2016-04-19,2.544908,2.288438,2.349256,2.566211,2.545480,2.946820,1.951645,2.371231,1.868443,3.509706,3.126347,2.344410,3.418367,2.492546,1.679817,1.018019,2.623764,2.288649
2016-04-20,2.546527,2.230370,2.353892,2.527984,2.544917,2.913952,1.960382,2.380112,1.887249,3.504503,3.142966,2.372911,3.426312,2.464065,1.669033,1.019361,2.624546,2.290830
2016-04-21,2.528175,2.182295,2.335920,2.482771,2.536709,2.863293,1.944542,2.370688,1.879404,3.500869,3.154898,2.353339,3.411363,2.417257,1.643832,1.014531,2.595349,2.278509
2016-04-22,2.539940,2.202944,2.340172,2.511343,2.553484,2.866649,1.960546,2.366495,1.907606,3.479749,3.167928,2.371756,3.394002,2.431709,1.640380,1.015239,2.621649,2.278509
2016-04-25,2.530140,2.207711,2.324765,2.526061,2.537480,2.890100,1.934493,2.365206,1.878267,3.460511,3.164057,2.357924,3.387838,2.439366,1.646067,1.015015,2.611018,2.274583
2016-04-26,2.546266,2.213561,2.344809,2.535728,2.566259,2.884808,1.953050,2.380485,1.908151,3.451523,3.166764,2.377260,3.409918,2.439764,1.644621,1.016081,2.639954,2.277963
2016-04-27,2.560999,2.245737,2.367584,2.531660,2.586915,2.902068,1.961943,2.393796,1.947455,3.458028,3.172310,2.387081,3.419811,2.457555,1.654196,1.018216,2.671027,2.282652
2016-04-28,2.534417,2.249478,2.353792,2.523505,2.556222,2.906299,1.935570,2.347792,1.916434,3.443541,3.141313,2.355627,3.373069,2.456439,1.642577,1.009385,2.648838,2.261935
2016-04-29,2.518515,2.262839,2.350172,2.506194,2.543212,2.909299,1.929048,2.291940,1.899569,3.429294,3.104634,2.340494,3.367435,2.459872,1.639318,1.001973,2.627494,2.249723
2016-05-02,2.536594,2.281950,2.357054,2.538599,2.556720,2.943056,1.934702,2.300011,1.891181,3.473620,3.125086,2.365544,3.414234,2.483544,1.662050,1.009189,2.632732,2.267605
2016-05-03,2.511236,2.274194,2.311695,2.540477,2.528867,2.931228,1.914007,2.270425,1.847867,3.426561,3.108118,2.330305,3.389616,2.478619,1.658018,1.001356,2.604414,2.247870
2016-05-04,2.494349,2.302964,2.290343,2.576761,2.498733,2.939608,1.887728,2.250589,1.822075,3.418748,3.076919,2.307544,3.362388,2.488662,1.660890,0.995073,2.603652,2.235331
2016-05-05,2.493016,2.295893,2.280131,2.583148,2.499579,2.937406,1.877479,2.245114,1.847680,3.433938,3.098436,2.308791,3.334531,2.490470,1.659692,0.996180,2.589516,2.234894
2016-05-06,2.503642,2.287759,2.304884,2.607004,2.521789,2.957186,1.886719,2.252510,1.836914,3.487796,3.095257,2.312810,3.354040,2.495298,1.673956,0.999360,2.592313,2.243072
2016-05-09,2.502920,2.300935,2.259173,2.627334,2.513406,2.980620,1.878254,2.248592,1.806229,3.465122,3.120628,2.309293,3.376345,2.507510,1.682872,0.999189,2.585296,2.244926
2016-05-10,2.533422,2.307152,2.310361,2.632958,2.557137,3.008248,1.901013,2.283962,1.838421,3.516140,3.138998,2.346405,3.408077,2.528259,1.700759,1.011814,2.605686,2.272839
2016-05-11,2.506431,2.313383,2.304896,2.583168,2.537931,2.979167,1.861499,2.267729,1.847261,3.469250,3.107041,2.324781,3.340897,2.517144,1.688009,1.001411,2.570545,2.251577
2016-05-12,2.502784,2.325586,2.288813,2.599398,2.532242,2.995812,1.848073,2.250926,1.846598,3.445397,3.090033,2.326324,3.361038,2.532183,1.697465,1.001958,2.567518,2.252231
2016-05-13,2.479908,2.314295,2.264244,2.576605,2.503616,2.960437,1.821505,2.249525,1.833490,3.413914,3.080982,2.299545,3.320709,2.514941,1.691840,0.992210,2.546374,2.232605
2016-05-16,2.504338,2.319776,2.315130,2.595624,2.533485,2.977665,1.836259,2.277778,1.871822,3.425218,3.124674,2.313408,3.350695,2.525508,1.700614,1.001637,2.571605,2.254630
2016-05-17,2.487300,2.281195,2.315561,2.554404,2.526787,2.920532,1.834226,2.263990,1.893688,3.393290,3.090564,2.302155,3.320492,2.488686,1.673834,0.991183,2.560514,2.233586
2016-05-18,2.482870,2.236715,2.269016,2.517072,2.520131,2.875884,1.823585,2.282191,1.871917,3.378364,3.099047,2.356624,3.311004,2.473251,1.664114,0.992747,2.523666,2.234240
2016-05-19,2.474817,2.258248,2.277782,2.488785,2.497855,2.902360,1.819029,2.272589,1.874642,3.348964,3.075686,2.334106,3.311244,2.477764,1.661914,0.987712,2.524378,2.226499
2016-05-20,2.494564,2.266045,2.287076,2.505576,2.513192,2.892663,1.841483,2.315305,1.892085,3.394065,3.098444,2.352280,3.326302,2.475179,1.665682,0.991572,2.548516,2.240564
2016-05-23,2.490840,2.246670,2.310078,2.507780,2.509873,2.895114,1.837459,2.322234,1.884295,3.380873,3.082416,2.349051,3.315228,2.468170,1.663216,0.989898,2.547983,2.237511
2016-05-24,2.524522,2.272685,2.296831,2.537150,2.539339,2.929190,1.861952,2.371825,1.895299,3.424631,3.125217,2.392805,3.365449,2.494376,1.689475,1.002665,2.567647,2.266515
2016-05-25,2.543567,2.264914,2.335615,2.545952,2.557816,2.932425,1.887944,2.391908,1.921507,3.452017,3.140372,2.413552,3.385608,2.492258,1.691385,1.010289,2.598747,2.281889
2016-05-26,2.541600,2.288042,2.314771,2.547377,2.556498,2.961750,1.878108,2.399699,1.912720,3.457507,3.136779,2.397076,3.376970,2.505380,1.698548,1.008851,2.598474,2.282543
2016-05-27,2.555703,2.298352,2.303632,2.559098,2.564136,2.971057,1.892166,2.419662,1.921037,3.483417,3.149422,2.418087,3.401799,2.511437,1.707877,1.012581,2.610798,2.292356
2016-05-31,2.557378,2.309175,2.292292,2.558226,2.567310,2.960367,1.898932,2.431954,1.918348,3.491064,3.156399,2.412440,3.390920,2.508176,1.704391,1.009052,2.622605,2.287995
2016-06-01,2.561204,2.320698,2.295503,2.555411,2.570436,2.983108,1.896238,2.434335,1.926909,3.482222,3.168108,2.416530,3.386462,2.518093,1.710658,1.009885,2.620724,2.292683
2016-06-02,2.571426,2.320070,2.296183,2.571523,2.577030,2.985476,1.907518,2.441937,1.926572,3.491519,3.205513,2.418094,3.412573,2.522165,1.712251,1.013079,2.635933,2.299661
2016-06-03,2.563933,2.361567,2.327958,2.578086,2.573845,3.001429,1.895843,2.431178,1.918168,3.472580,3.190150,2.381498,3.386835,2.535865,1.719440,1.011202,2.645996,2.292792
2016-06-06,2.580525,2.360518,2.375597,2.565400,2.593955,2.995817,1.921723,2.440406,1.961863,3.487042,3.205780,2.400247,3.389826,2.535713,1.715721,1.016938,2.674177,2.304459
2016-06-07,2.588901,2.358627,2.379704,2.583149,2.604526,2.992748,1.939040,2.462711,2.001978,3.468753,3.185891,2.389256,3.413147,2.538158,1.717011,1.017324,2.707423,2.308057
2016-06-08,2.598512,2.372503,2.397653,2.590622,2.621463,3.009019,1.948366,2.463382,1.988745,3.479529,3.208687,2.394305,3.417979,2.551817,1.724381,1.021019,2.704413,2.315581
2016-06-09,2.592154,2.387298,2.364826,2.593046,2.617680,3.029882,1.938863,2.460028,1.982356,3.465944,3.200262,2.373903,3.410781,2.565910,1.729954,1.019166,2.689392,2.312419
2016-06-10,2.559456,2.371053,2.341774,2.583015,2.582948,3.025043,1.901000,2.421838,1.929070,3.420192,3.169406,2.341860,3.372356,2.559992,1.717488,1.012654,2.654529,2.290502
2016-06-13,2.537355,2.367652,2.320168,2.582983,2.553041,2.997117,1.879158,2.404171,1.910238,3.406765,3.140565,2.320466,3.337973,2.546999,1.706238,1.004957,2.636504,2.272839
2016-06-14,2.527784,2.376901,2.299234,2.570056,2.543945,3.007090,1.865856,2.408559,1.907458,3.408069,3.143941,2.283954,3.326348,2.554492,1.707503,1.004060,2.628550,2.268368
2016-06-15,2.529024,2.358760,2.314955,2.594524,2.545076,3.003346,1.870841,2.410688,1.907243,3.412745,3.126595,2.280844,3.341603,2.543747,1.706154,1.001267,2.636411,2.265206
2016-06-16,2.532735,2.375434,2.310073,2.609211,2.547759,3.025998,1.861941,2.417572,1.903918,3.405152,3.137409,2.284333,3.347159,2.562695,1.716280,1.005612,2.646211,2.271966
2016-06-17,2.536327,2.386617,2.325606,2.602962,2.553227,3.014033,1.881358,2.413257,1.928695,3.379199,3.106728,2.284331,3.358238,2.554468,1.703673,1.002920,2.675682,2.263505
2016-06-20,2.556266,2.379099,2.339010,2.608588,2.580214,3.024341,1.900345,2.442835,1.947271,3.399885,3.133392,2.300643,3.393741,2.563115,1.713620,1.008020,2.691485,2.278082
2016-06-21,2.561034,2.386488,2.327870,2.621643,2.577172,3.036993,1.900668,2.457298,1.971740,3.401157,3.128492,2.307313,3.394340,2.572022,1.719078,1.010942,2.702420,2.284549
2016-06-22,2.556344,2.375588,2.327833,2.619357,2.570381,3.034669,1.895961,2.443240,1.956735,3.411698,3.141957,2.304315,3.386969,2.569668,1.714452,1.009577,2.690014,2.280822
2016-06-23,2.595225,2.385963,2.366505,2.636977,2.601811,3.055735,1.930554,2.498127,1.999182,3.448949,3.182657,2.359741,3.429101,2.591332,1.730770,1.022344,2.736702,2.310525
2016-06-24,2.488800,2.386372,2.276289,2.590493,2.482970,3.006345,1.820584,2.368015,1.923964,3.319828,3.091868,2.210998,3.283036,2.555583,1.695156,0.988389,2.643165,2.227556
2016-06-27,2.424609,2.404909,2.193955,2.587057,2.412971,3.011746,1.747450,2.282502,1.852758,3.257566,3.030201,2.121630,3.203641,2.553445,1.681685,0.974398,2.569708,2.187660
2016-06-28,2.472680,2.421152,2.229019,2.645912,2.454455,3.022261,1.795860,2.336223,1.913707,3.303127,3.084193,2.175330,3.261163,2.579799,1.703623,0.990506,2.626850,2.227117
2016-06-29,2.522047,2.434004,2.266555,2.689916,2.501130,3.056572,1.841130,2.387246,1.954443,3.365809,3.151824,2.231777,3.323479,2.606849,1.725119,1.007440,2.681369,2.265040
2016-06-30,2.562587,2.489198,2.308130,2.713437,2.552256,3.141411,1.868382,2.433212,1.965651,3.411639,3.184915,2.274091,3.341427,2.663109,1.756700,1.018855,2.716899,2.295947
2016-07-01,2.569086,2.486584,2.318817,2.711974,2.562685,3.127176,1.889247,2.422077,1.978762,3.445700,3.198483,2.264139,3.363325,2.661572,1.754380,1.020320,2.726430,2.300770
2016-07-05,2.542798,2.499503,2.275414,2.733131,2.527923,3.142572,1.841770,2.387222,1.931105,3.426232,3.237280,2.219130,3.325498,2.708496,1.760433,1.015806,2.683189,2.284220
2016-07-06,2.556798,2.503429,2.305485,2.723770,2.539972,3.144861,1.856920,2.398655,1.930858,3.439118,3.278111,2.228057,3.354987,2.709139,1.769185,1.021272,2.695561,2.297920
2016-07-07,2.558035,2.459391,2.304719,2.695274,2.549557,3.141885,1.867563,2.412594,1.910105,3.446577,3.268260,2.237903,3.366761,2.688149,1.760917,1.020925,2.688492,2.296495
2016-07-08,2.605516,2.484319,2.362452,2.740971,2.604989,3.173917,1.911968,2.467068,1.937198,3.495852,3.311146,2.281970,3.431457,2.711454,1.785311,1.033994,2.742387,2.330691
2016-07-11,2.617099,2.484921,2.372993,2.757370,2.621929,3.169581,1.923868,2.482320,1.941163,3.508112,3.308972,2.297108,3.456304,2.708720,1.790295,1.036425,2.757759,2.338911
2016-07-12,2.647229,2.455692,2.427557,2.766104,2.652548,3.152460,1.966573,2.527672,1.998438,3.533739,3.325619,2.333664,3.486052,2.688525,1.789115,1.042321,2.817916,2.355900
2016-07-13,2.647444,2.474918,2.446513,2.772262,2.657501,3.162793,1.955540,2.529931,1.980278,3.538600,3.333316,2.331666,3.475618,2.701782,1.792239,1.043243,2.816590,2.355571
2016-07-14,2.659581,2.455400,2.464252,2.753633,2.674080,3.162813,1.967411,2.544004,2.000363,3.550254,3.343669,2.361260,3.489747,2.699204,1.791867,1.048631,2.829459,2.368723
2016-07-15,2.657398,2.464260,2.469349,2.750099,2.672513,3.162947,1.967210,2.539916,1.995236,3.539487,3.339694,2.360086,3.473602,2.700285,1.787619,1.048244,2.835796,2.365545
2016-07-18,2.662819,2.468481,2.481137,2.754022,2.666345,3.160032,1.972534,2.550795,2.003595,3.571084,3.343670,2.364801,3.487914,2.697240,1.790077,1.049597,2.850777,2.371902
2016-07-19,2.655718,2.459892,2.454835,2.765473,2.661606,3.162020,1.961843,2.545746,1.995474,3.535770,3.331702,2.362535,3.482991,2.700056,1.793199,1.049470,2.839582,2.369491
2016-07-20,2.668469,2.450135,2.452499,2.764226,2.677859,3.158930,1.975929,2.577718,1.994661,3.548371,3.367503,2.367673,3.504139,2.695744,1.798494,1.053023,2.849587,2.379355
2016-07-21,2.659928,2.462070,2.435882,2.767301,2.654448,3.150596,1.970149,2.560558,1.964903,3.522622,3.382552,2.357713,3.506991,2.693417,1.786592,1.049981,2.840585,2.370367
2016-07-22,2.675679,2.494624,2.432960,2.794186,2.672585,3.172421,1.977209,2.574701,1.971121,3.548181,3.395619,2.372129,3.531828,2.715172,1.802949,1.054063,2.850666,2.380999
2016-07-25,2.671196,2.489814,2.427767,2.787817,2.663680,3.174958,1.978564,2.575663,1.931541,3.550904,3.381636,2.367224,3.545664,2.710552,1.802709,1.050964,2.843701,2.374532
2016-07-26,2.682411,2.469024,2.449482,2.776678,2.695605,3.155763,1.989377,2.608739,1.957275,3.559262,3.385948,2.372178,3.559077,2.692902,1.799006,1.046593,2.862670,2.375628
2016-07-27,2.669579,2.437694,2.448997,2.749343,2.683149,3.111200,1.976587,2.605811,1.930607,3.570914,3.382478,2.376226,3.544074,2.668800,1.790661,1.045967,2.844525,2.373107
2016-07-28,2.675153,2.446176,2.445583,2.765222,2.682991,3.132452,1.981526,2.605330,1.934096,3.571403,3.387368,2.382523,3.550903,2.677455,1.800088,1.046142,2.840077,2.375847
2016-07-29,2.678269,2.461622,2.431179,2.788309,2.672924,3.149799,1.988944,2.591254,1.965272,3.599258,3.402735,2.373298,3.539748,2.683991,1.802091,1.046696,2.853322,2.379684
2016-08-01,2.669160,2.460076,2.404137,2.804490,2.665011,3.150555,1.972842,2.596658,1.898099,3.601826,3.407453,2.364665,3.534698,2.688455,1.802090,1.045885,2.826771,2.377711
2016-08-02,2.643074,2.448779,2.412388,2.760713,2.634328,3.127302,1.933897,2.564594,1.919546,3.594946,3.401732,2.346234,3.466917,2.678436,1.791573,1.041606,2.793755,2.362476
2016-08-03,2.656191,2.435438,2.418566,2.743748,2.645522,3.113945,1.951018,2.579607,1.975254,3.597851,3.405397,2.377415,3.478070,2.665706,1.782706,1.042486,2.816199,2.369381
2016-08-04,2.655302,2.432187,2.393008,2.734299,2.645883,3.125281,1.954070,2.587292,1.965082,3.601535,3.391559,2.371133,3.494943,2.670571,1.783325,1.043141,2.804268,2.371902
2016-08-05,2.681191,2.395278,2.402531,2.736630,2.684473,3.135855,1.979407,2.627687,1.986807,3.631005,3.399874,2.421608,3.537592,2.663052,1.776769,1.050692,2.826036,2.391301
2016-08-08,2.680632,2.391419,2.418693,2.735268,2.684257,3.126314,1.984707,2.623919,2.010958,3.616879,3.379609,2.423071,3.527677,2.656556,1.772404,1.048497,2.844353,2.389877
2016-08-09,2.677273,2.385570,2.407943,2.749963,2.688569,3.129836,1.970752,2.631342,1.992535,3.634982,3.383679,2.420066,3.510287,2.659807,1.778343,1.049729,2.829737,2.391301
2016-08-10,2.669963,2.387707,2.404595,2.752610,2.686253,3.147414,1.957571,2.611060,1.976175,3.639647,3.371871,2.404085,3.520339,2.665131,1.780087,1.046681,2.819276,2.385383
2016-08-11,2.687746,2.394661,2.419377,2.728329,2.703410,3.140638,1.987569,2.630351,2.011124,3.665861,3.390016,2.414228,3.556676,2.669692,1.779984,1.051762,2.859371,2.396453
2016-08-12,2.684320,2.396212,2.395208,2.735544,2.692840,3.150527,1.982792,2.635585,2.019304,3.674374,3.386507,2.404160,3.546595,2.669943,1.783409,1.049944,2.860141,2.394370
2016-08-15,2.697102,2.359679,2.429729,2.733408,2.713753,3.143057,2.005111,2.657987,2.032690,3.678382,3.389317,2.423662,3.559072,2.651828,1.773927,1.053101,2.879854,2.401275
2016-08-16,2.681170,2.329550,2.410197,2.703705,2.702460,3.122676,1.992919,2.640003,2.048015,3.651719,3.361819,2.416375,3.539616,2.622955,1.750557,1.048565,2.868035,2.388890
2016-08-17,2.685593,2.363906,2.401947,2.711686,2.711912,3.128817,1.994164,2.631365,2.057158,3.675991,3.356503,2.423774,3.530517,2.640896,1.760031,1.051337,2.876471,2.393384
2016-08-18,2.698504,2.394436,2.416641,2.707372,2.718463,3.141915,2.010004,2.655570,2.106307,3.661088,3.358056,2.426173,3.530943,2.652900,1.769637,1.052190,2.898184,2.398754
2016-08-19,2.698316,2.364157,2.420088,2.688965,2.724145,3.138312,2.013080,2.675437,2.095730,3.644368,3.357112,2.427889,3.534639,2.634145,1.763402,1.050598,2.887920,2.395247
2016-08-22,2.697487,2.373594,2.427044,2.702953,2.722973,3.146199,2.005834,2.671279,2.070483,3.643175,3.366784,2.427628,3.529836,2.638196,1.769837,1.050686,2.879609,2.395137
2016-08-23,2.707384,2.361927,2.447206,2.703939,2.730818,3.134092,2.021055,2.685920,2.088384,3.641851,3.369010,2.430773,3.579109,2.629249,1.761789,1.052041,2.911408,2.399960
2016-08-24,2.690049,2.358672,2.402441,2.691151,2.720417,3.128405,2.006579,2.661649,2.075986,3.629864,3.316297,2.425282,3.559094,2.626620,1.751583,1.047847,2.890000,2.387684
2016-08-25,2.689332,2.360296,2.406133,2.702435,2.719627,3.096285,2.003651,2.673307,2.071063,3.636592,3.298854,2.433628,3.563625,2.630970,1.752798,1.045818,2.895444,2.386040
2016-08-26,2.681436,2.312296,2.382530,2.677207,2.711078,3.082858,1.997432,2.688356,2.064992,3.635990,3.304752,2.441084,3.537051,2.602679,1.733131,1.044618,2.878717,2.381547
2016-08-29,2.697903,2.332507,2.411372,2.703980,2.728799,3.103612,2.006222,2.697930,2.080082,3.651414,3.319202,2.461964,3.547597,2.622316,1.746454,1.049136,2.900662,2.393274
2016-08-30,2.692894,2.306281,2.414214,2.699716,2.727788,3.074588,2.002367,2.692565,2.072290,3.644540,3.308218,2.482250,3.531461,2.607727,1.732422,1.046704,2.900905,2.389329
2016-08-31,2.684082,2.314494,2.385778,2.698989,2.711361,3.071887,1.985646,2.686868,2.040961,3.642285,3.300386,2.486486,3.530604,2.612335,1.732423,1.045602,2.883828,2.382533
2016-09-01,2.681886,2.301030,2.390001,2.695922,2.714987,3.066850,1.979533,2.700388,2.038873,3.645781,3.290256,2.476540,3.541669,2.611228,1.737624,1.045952,2.873624,2.382643
2016-09-02,2.696024,2.331758,2.412522,2.713612,2.728925,3.087803,1.989819,2.708444,2.057859,3.655318,3.301258,2.490555,3.539361,2.631266,1.748573,1.048773,2.894823,2.393384
2016-09-06,2.699784,2.361130,2.413414,2.737968,2.721923,3.092892,1.990793,2.708886,2.085980,3.664761,3.305723,2.481148,3.537173,2.644505,1.758421,1.051036,2.911509,2.400618
2016-09-07,2.705995,2.364322,2.410956,2.747176,2.724914,3.056773,2.006908,2.714877,2.105662,3.670330,3.315936,2.487665,3.547228,2.634023,1.755030,1.049840,2.938594,2.400398
2016-09-08,2.697713,2.372219,2.391836,2.712675,2.722434,3.033608,2.000294,2.696588,2.144078,3.667667,3.317282,2.486855,3.502182,2.625412,1.745253,1.048188,2.937464,2.394918
2016-09-09,2.623999,2.277803,2.308709,2.604802,2.641543,2.956645,1.937016,2.626272,2.084477,3.570057,3.236433,2.451639,3.422899,2.548996,1.683971,1.025271,2.844960,2.337596
2016-09-12,2.664916,2.317010,2.349241,2.636697,2.676899,3.003815,1.971559,2.668915,2.106374,3.654160,3.287117,2.486427,3.475770,2.588776,1.710624,1.039914,2.885571,2.371135
2016-09-13,2.620899,2.278736,2.289661,2.574065,2.635279,2.965507,1.934887,2.635530,2.045362,3.592428,3.236582,2.450565,3.433212,2.555789,1.683941,1.025393,2.826612,2.337048
2016-09-14,2.615596,2.288737,2.275405,2.580087,2.632591,2.963039,1.927059,2.639990,2.022457,3.601306,3.220704,2.440146,3.429213,2.555494,1.685090,1.023797,2.818938,2.336171
2016-09-15,2.642186,2.309226,2.290757,2.594544,2.656902,2.988778,1.946172,2.685295,2.053231,3.618883,3.263382,2.464415,3.450409,2.572063,1.704421,1.032714,2.844892,2.359517
2016-09-16,2.630512,2.332274,2.278037,2.587842,2.634861,2.976568,1.931588,2.674629,2.038888,3.614469,3.268812,2.442296,3.433284,2.568953,1.698895,1.027785,2.844101,2.350396
2016-09-19,2.637518,2.353502,2.286243,2.614687,2.649304,2.973891,1.933893,2.680422,2.045093,3.604093,3.261001,2.452649,3.434819,2.580794,1.709823,1.026642,2.858003,2.350836
2016-09-20,2.633098,2.352653,2.277569,2.612096,2.645276,2.976543,1.919163,2.675353,2.032147,3.613165,3.270527,2.453162,3.431764,2.584074,1.706855,1.029754,2.844333,2.350947
2016-09-21,2.667903,2.404938,2.326480,2.642093,2.679620,3.001380,1.945194,2.718980,2.083669,3.635864,3.308291,2.476806,3.460367,2.617589,1.736305,1.038568,2.889902,2.377384
2016-09-22,2.688905,2.417266,2.345704,2.695430,2.701522,3.023424,1.965430,2.733135,2.084199,3.684526,3.336217,2.486553,3.487017,2.636231,1.750223,1.044092,2.917759,2.392365
2016-09-23,2.673834,2.414726,2.325069,2.702495,2.682288,3.010696,1.954131,2.712494,2.050330,3.677989,3.321690,2.465476,3.479009,2.625607,1.740645,1.039347,2.903756,2.379257
2016-09-26,2.654706,2.409683,2.318354,2.705027,2.671023,2.986494,1.935332,2.699815,2.039114,3.637164,3.288976,2.435377,3.449501,2.613925,1.736097,1.029548,2.892419,2.359979
2016-09-27,2.669135,2.378392,2.324162,2.685920,2.692374,2.999194,1.944585,2.741636,2.024156,3.672412,3.319781,2.456618,3.480580,2.614044,1.741714,1.036182,2.897474,2.374630
2016-09-28,2.687242,2.375183,2.367420,2.709211,2.720314,3.001322,1.965713,2.745374,2.106725,3.677509,3.318077,2.469445,3.486616,2.611973,1.745143,1.039201,2.937663,2.386417
2016-09-29,2.663727,2.338500,2.350817,2.674955,2.704281,2.972133,1.952277,2.737847,2.096306,3.652877,3.267421,2.436470,3.470670,2.584085,1.728682,1.028926,2.916814,2.364826
2016-09-30,2.686424,2.323269,2.364598,2.657631,2.736349,3.003762,1.976231,2.752832,2.127975,3.671474,3.301262,2.471912,3.494278,2.589770,1.733154,1.037667,2.929581,2.382671
2016-10-03,2.674674,2.291951,2.352766,2.609977,2.735860,2.989244,1.966579,2.744746,2.126524,3.705603,3.279081,2.462229,3.492901,2.570382,1.720346,1.034942,2.913146,2.376943
2016-10-04,2.656840,2.239208,2.310038,2.569360,2.713877,2.952348,1.958529,2.736768,2.106672,3.683050,3.267987,2.469134,3.479498,2.539452,1.698900,1.029733,2.881237,2.364826
2016-10-05,2.670399,2.233033,2.323937,2.523199,2.736058,2.944968,1.977252,2.757618,2.137841,3.707818,3.275868,2.501788,3.485154,2.537916,1.699302,1.034607,2.887153,2.375291
2016-10-06,2.673130,2.232461,2.330222,2.526263,2.741202,2.961509,1.978353,2.761970,2.142834,3.704478,3.272035,2.499164,3.491362,2.541406,1.702685,1.035435,2.888469,2.376943
2016-10-07,2.659055,2.225561,2.276403,2.520833,2.705671,2.948539,1.973594,2.748216,2.129831,3.668346,3.273690,2.495081,3.469436,2.542591,1.688655,1.032522,2.883626,2.368792
2016-10-10,2.670486,2.247168,2.288165,2.533777,2.704693,2.959220,1.985252,2.756776,2.157253,3.672096,3.289470,2.503952,3.479820,2.550246,1.698176,1.034835,2.897273,2.381129
2016-10-11,2.631764,2.219115,2.257089,2.511028,2.667002,2.942592,1.949073,2.706893,2.127460,3.622894,3.215380,2.472340,3.441131,2.525227,1.672716,1.024014,2.861621,2.351057
2016-10-12,2.637482,2.240410,2.248236,2.542601,2.673947,2.957092,1.952703,2.700983,2.122000,3.615788,3.203295,2.481378,3.457554,2.544866,1.682505,1.024321,2.873362,2.354141
2016-10-13,2.628862,2.266396,2.238653,2.557015,2.665544,2.960434,1.940719,2.681197,2.107073,3.604241,3.203533,2.453552,3.446585,2.551765,1.683056,1.022109,2.868376,2.346430
2016-10-14,2.627025,2.252648,2.235632,2.545607,2.668346,2.955994,1.938308,2.692118,2.093022,3.602715,3.187091,2.467190,3.439330,2.548824,1.683143,1.022657,2.858221,2.347642
2016-10-17,2.618701,2.264935,2.242562,2.547252,2.663773,2.947546,1.927099,2.675385,2.078141,3.598145,3.176363,2.454844,3.424880,2.548721,1.679478,1.019335,2.849914,2.339490
2016-10-18,2.637019,2.286859,2.268639,2.561789,2.667352,2.952847,1.943097,2.695655,2.090214,3.663579,3.222214,2.471512,3.429193,2.552382,1.690146,1.024414,2.868827,2.354141
2016-10-19,2.649430,2.285915,2.289742,2.572852,2.676445,2.944452,1.963066,2.701823,2.125878,3.689391,3.209514,2.489795,3.454806,2.548199,1.689375,1.024675,2.887824,2.360420
2016-10-20,2.644929,2.281909,2.306368,2.564505,2.672431,2.926964,1.957220,2.704988,2.123016,3.664185,3.224819,2.487248,3.421921,2.530919,1.688795,1.022553,2.890767,2.356014
2016-10-21,2.641620,2.268335,2.306224,2.559311,2.670550,2.931698,1.952942,2.706661,2.116894,3.670930,3.203603,2.489551,3.425173,2.523841,1.686441,1.021087,2.888607,2.357115
2016-10-24,2.651626,2.272621,2.311079,2.567906,2.679439,2.945127,1.958457,2.734647,2.115946,3.670032,3.205604,2.498789,3.450256,2.532155,1.701685,1.024635,2.898069,2.367140
2016-10-25,2.634349,2.281568,2.287017,2.561277,2.663859,2.947936,1.928786,2.723982,2.109801,3.634650,3.174067,2.491432,3.410527,2.535234,1.686338,1.022162,2.882210,2.359208
2016-10-26,2.631204,2.281155,2.291386,2.538811,2.669540,2.947311,1.931876,2.736975,2.116080,3.619240,3.122826,2.500652,3.388313,2.535516,1.668625,1.022155,2.879941,2.354472
2016-10-27,2.614546,2.269353,2.276304,2.469508,2.650612,2.929294,1.913396,2.737726,2.111469,3.578915,3.122679,2.499420,3.348378,2.522468,1.647035,1.022898,2.845512,2.348193
2016-10-28,2.615715,2.274263,2.288578,2.477451,2.661852,2.961938,1.911092,2.742341,2.112830,3.583706,3.064040,2.494838,3.375643,2.534882,1.651014,1.016991,2.848545,2.341253
2016-10-31,2.622249,2.320993,2.295706,2.511373,2.674482,2.967466,1.906985,2.756751,2.092178,3.570912,3.053577,2.495362,3.387771,2.549927,1.664317,1.014489,2.854272,2.341363
2016-11-01,2.600449,2.281139,2.306315,2.459730,2.651293,2.956207,1.885110,2.736639,2.080142,3.548342,3.028381,2.481944,3.368623,2.522808,1.649041,1.009636,2.819353,2.324399
2016-11-02,2.583818,2.247199,2.287210,2.425493,2.642038,2.949765,1.868857,2.719086,2.056436,3.508785,3.039639,2.461107,3.355731,2.510255,1.634396,1.004729,2.789215,2.310409
2016-11-03,2.576489,2.258553,2.276481,2.409356,2.640965,2.914864,1.868169,2.701559,2.060658,3.494244,3.012480,2.470035,3.338719,2.505639,1.628775,1.000603,2.775998,2.299834
2016-11-04,2.577032,2.259424,2.295924,2.433754,2.648663,2.886483,1.864564,2.691072,2.060317,3.495532,3.039585,2.459937,3.337943,2.492521,1.631642,0.998368,2.777716,2.297301
2016-11-07,2.634851,2.302608,2.335615,2.482678,2.713696,2.943826,1.902735,2.767332,2.107167,3.558016,3.119149,2.517953,3.403093,2.538136,1.665905,1.021009,2.833548,2.347972
2016-11-08,2.644912,2.322265,2.353911,2.500126,2.732177,2.975092,1.905150,2.779138,2.109123,3.564833,3.121836,2.520610,3.404534,2.562270,1.674590,1.022691,2.851890,2.358547
2016-11-09,2.674800,2.249829,2.440886,2.445162,2.813535,2.938573,1.937007,2.780383,2.154218,3.583237,3.167816,2.613242,3.414531,2.552994,1.675369,1.039754,2.872815,2.383553
2016-11-10,2.691812,2.194195,2.482601,2.398590,2.867972,2.870319,1.972855,2.767245,2.155954,3.541210,3.206356,2.684385,3.443898,2.536965,1.663106,1.043646,2.891134,2.389501
2016-11-11,2.691097,2.186244,2.449191,2.401416,2.871194,2.865887,1.977465,2.805960,2.123977,3.555698,3.157378,2.693614,3.451586,2.538670,1.663795,1.042392,2.887251,2.383993
2016-11-14,2.709044,2.187194,2.454668,2.455290,2.887488,2.871972,1.998643,2.801949,2.140883,3.549524,3.155078,2.736451,3.481632,2.536735,1.666961,1.041292,2.917346,2.385866
2016-11-15,2.728857,2.222924,2.468020,2.442779,2.904756,2.893562,2.017452,2.829420,2.205574,3.568630,3.176607,2.740168,3.494337,2.550740,1.695298,1.046287,2.943538,2.404482
2016-11-16,2.718850,2.206146,2.453457,2.439000,2.886026,2.900585,2.004549,2.841788,2.187989,3.590114,3.168020,2.709615,3.498321,2.543503,1.697942,1.045336,2.936561,2.399966
2016-11-17,2.733210,2.207146,2.446044,2.412136,2.892882,2.894853,2.021636,2.865957,2.171993,3.618977,3.186840,2.744465,3.554125,2.549176,1.705193,1.049531,2.941896,2.412303
2016-11-18,2.725641,2.201288,2.450674,2.419335,2.888337,2.890915,2.002220,2.864932,2.185571,3.586479,3.152898,2.749607,3.549409,2.548515,1.702810,1.046840,2.940794,2.406906
2016-11-21,2.746687,2.226176,2.492734,2.419650,2.908543,2.900126,2.026709,2.883906,2.242751,3.611134,3.162435,2.759046,3.575323,2.563934,1.714513,1.051639,2.971622,2.425081
2016-11-22,2.756944,2.230623,2.496474,2.464839,2.919229,2.934084,2.040064,2.896536,2.240955,3.637297,3.124252,2.758517,3.609749,2.571516,1.723124,1.052122,2.984874,2.429818
2016-11-23,2.762343,2.209565,2.512700,2.447554,2.944056,2.913947,2.048039,2.889582,2.252273,3.640471,3.139947,2.773531,3.622335,2.567331,1.724775,1.051391,2.988809,2.431140
2016-11-25,2.773319,2.242831,2.523857,2.459943,2.958558,2.940050,2.047424,2.904662,2.241729,3.655289,3.152532,2.778596,3.633795,2.587705,1.732677,1.056504,2.999139,2.440173
2016-11-28,2.757671,2.289836,2.505219,2.465996,2.931633,2.936801,2.028934,2.902167,2.207254,3.652521,3.124423,2.741048,3.602680,2.595861,1.721728,1.051523,2.983551,2.428717
2016-11-29,2.758516,2.294782,2.505755,2.483703,2.935282,2.941295,2.018038,2.899323,2.182767,3.668607,3.142798,2.745772,3.600601,2.601617,1.725653,1.054027,2.982265,2.433453
2016-11-30,2.753388,2.225303,2.534332,2.457317,2.945476,2.885904,2.028119,2.883139,2.296647,3.622365,3.109693,2.769171,3.564288,2.564234,1.719022,1.052655,2.993856,2.427615
2016-12-01,2.741740,2.203384,2.526966,2.416247,2.966251,2.852819,2.030195,2.795531,2.296144,3.615701,3.084287,2.798817,3.559546,2.553808,1.684007,1.050415,2.970182,2.418692
2016-12-02,2.744687,2.223623,2.532297,2.443634,2.963763,2.871710,2.022531,2.815530,2.302890,3.601275,3.096078,2.778002,3.553640,2.558441,1.692467,1.049887,2.983227,2.419904
2016-12-05,2.766179,2.231857,2.559893,2.464907,2.971654,2.878394,2.050402,2.847533,2.330179,3.630586,3.098963,2.802044,3.592401,2.561621,1.706639,1.055400,3.012441,2.434445
2016-12-06,2.779576,2.226979,2.559289,2.477858,2.983112,2.884279,2.069227,2.865420,2.323799,3.655018,3.114857,2.825444,3.604555,2.570250,1.711467,1.059011,3.017512,2.442156
2016-12-07,2.821614,2.256688,2.604203,2.534711,3.035361,2.924676,2.108482,2.929664,2.346052,3.713541,3.094379,2.865826,3.683354,2.604603,1.736455,1.074086,3.076844,2.474101
2016-12-08,2.833562,2.266692,2.625354,2.548787,3.027509,2.925398,2.126186,2.935638,2.358012,3.723993,3.115751,2.891424,3.682480,2.597677,1.741535,1.074824,3.083822,2.480159
2016-12-09,2.840953,2.291683,2.625536,2.544710,3.034216,2.959009,2.123153,2.928740,2.359524,3.749811,3.147181,2.890882,3.686640,2.615851,1.739560,1.083947,3.097718,2.495141
2016-12-12,2.831479,2.312698,2.592931,2.562770,3.021040,2.965730,2.102266,2.910966,2.356865,3.739395,3.156965,2.868402,3.667652,2.629131,1.735379,1.086075,3.098402,2.492277
2016-12-13,2.842466,2.334902,2.581869,2.566548,3.016462,2.977707,2.106706,2.940803,2.380402,3.768552,3.173720,2.875895,3.682161,2.638234,1.750822,1.093576,3.113250,2.508910
2016-12-14,2.811053,2.286774,2.544607,2.514674,2.987462,2.950545,2.075898,2.929754,2.328987,3.764626,3.148444,2.858708,3.634061,2.608199,1.732696,1.086927,3.061037,2.488201
2016-12-15,2.820267,2.300870,2.552950,2.497257,2.991253,2.969804,2.076368,2.952561,2.340334,3.771531,3.168824,2.882172,3.620894,2.615707,1.740587,1.090906,3.066046,2.498445
2016-12-16,2.814326,2.325049,2.538233,2.531553,2.975112,2.979656,2.061635,2.927764,2.361601,3.749163,3.171194,2.859830,3.615785,2.629950,1.738821,1.088886,3.090716,2.493559
2016-12-19,2.818869,2.338232,2.521510,2.559686,2.991414,2.978185,2.063102,2.946225,2.349413,3.768208,3.158675,2.865305,3.605490,2.641696,1.742954,1.091036,3.097212,2.498988
2016-12-20,2.830347,2.339427,2.534553,2.560327,3.009276,2.974500,2.075478,2.959000,2.342437,3.775675,3.160647,2.893210,3.628312,2.646625,1.744897,1.094798,3.105499,2.508628
2016-12-21,2.824039,2.331251,2.538327,2.533088,2.998818,2.979492,2.071595,2.949499,2.351258,3.778459,3.146820,2.886364,3.628061,2.641331,1.741216,1.092322,3.093571,2.501648
2016-12-22,2.813707,2.336433,2.533841,2.532873,2.991616,2.964552,2.048629,2.954525,2.359495,3.774646,3.145245,2.876341,3.581765,2.647539,1.735827,1.092672,3.096373,2.497326
2016-12-23,2.818687,2.336977,2.544681,2.536689,2.994163,2.967800,2.050975,2.960687,2.361296,3.769715,3.171744,2.880555,3.576755,2.647000,1.741186,1.093908,3.101951,2.500983
2016-12-27,2.828034,2.340379,2.567333,2.542295,3.000556,2.970322,2.061078,2.977785,2.370270,3.792969,3.179229,2.886439,3.585756,2.647981,1.747647,1.094466,3.110866,2.507188
2016-12-28,2.799555,2.316331,2.538566,2.520594,2.968188,2.949261,2.038157,2.939322,2.339120,3.758026,3.152238,2.858385,3.557502,2.631489,1.727327,1.086970,3.078674,2.486467
2016-12-29,2.801895,2.345896,2.552221,2.547291,2.967445,2.964104,2.037327,2.935369,2.332719,3.753015,3.154683,2.842969,3.554153,2.644296,1.735022,1.086281,3.096168,2.485913
2016-12-30,2.790776,2.334248,2.524461,2.570740,2.954542,2.946232,2.031155,2.907742,2.326122,3.711554,3.141507,2.847472,3.529113,2.635336,1.722142,1.081986,3.092181,2.476827
2017-01-03,2.816798,2.328288,2.548292,2.577324,2.981140,2.958688,2.065991,2.931122,2.363843,3.765502,3.185652,2.871282,3.546546,2.641484,1.735229,1.090570,3.124335,2.495775
2017-01-04,2.846570,2.342594,2.601918,2.611895,3.003827,2.977043,2.101186,2.947568,2.357601,3.800435,3.215991,2.905865,3.600921,2.649057,1.754137,1.095438,3.162414,2.510623
2017-01-05,2.837266,2.347049,2.596554,2.627814,2.991891,2.969535,2.076733,2.937111,2.358689,3.807789,3.219626,2.883961,3.599417,2.650297,1.749888,1.094937,3.142865,2.508628
2017-01-06,2.845829,2.356670,2.587965,2.622056,3.005850,2.964457,2.084089,2.952663,2.355102,3.825984,3.236228,2.900066,3.605422,2.656256,1.753000,1.099081,3.147480,2.517604
2017-01-09,2.829589,2.323893,2.583896,2.606499,2.985319,2.942199,2.061309,2.953938,2.318770,3.819396,3.252518,2.874079,3.600040,2.632064,1.745714,1.096234,3.121548,2.509293
2017-01-10,2.834565,2.318277,2.588739,2.574162,2.998125,2.923576,2.077260,2.954140,2.289066,3.813559,3.276473,2.880867,3.632104,2.625359,1.755714,1.094596,3.102363,2.509293
2017-01-11,2.844621,2.345967,2.618582,2.564012,3.021551,2.928203,2.076611,2.976632,2.317366,3.832005,3.260596,2.893048,3.635742,2.633456,1.764193,1.095809,3.110995,2.516385
2017-01-12,2.839497,2.348288,2.612592,2.574468,3.009540,2.926782,2.074576,2.966771,2.303741,3.828564,3.263925,2.875340,3.634288,2.629134,1.754613,1.093570,3.116078,2.510069
2017-01-13,2.845186,2.347127,2.611406,2.566722,3.022032,2.932198,2.076248,2.982565,2.293100,3.853505,3.275357,2.887807,3.632698,2.632585,1.761390,1.094600,3.113373,2.515831
2017-01-17,2.838956,2.377019,2.601786,2.586383,2.996125,2.970277,2.068681,2.954979,2.302693,3.870008,3.269982,2.840954,3.645300,2.642384,1.747941,1.091477,3.121468,2.506966
2017-01-18,2.846895,2.375129,2.619009,2.588675,3.014225,2.965387,2.069190,2.978818,2.304340,3.861741,3.269525,2.863369,3.649130,2.649984,1.759860,1.092870,3.118962,2.512506
2017-01-19,2.833078,2.355801,2.603881,2.565292,3.028931,2.946990,2.053700,2.969198,2.291740,3.865579,3.247974,2.845379,3.623536,2.640684,1.751722,1.089339,3.092843,2.503199
2017-01-20,2.844868,2.361209,2.640312,2.582876,3.028589,2.963111,2.065670,2.997434,2.300118,3.876478,3.238613,2.862307,3.628779,2.651996,1.759207,1.091594,3.103717,2.512396
2017-01-23,2.836595,2.349853,2.651096,2.596659,3.014864,2.956620,2.057675,2.984632,2.273599,3.893518,3.230923,2.848605,3.623785,2.643184,1.752239,1.086034,3.102624,2.505858
2017-01-24,2.865240,2.352373,2.721544,2.599420,3.059699,2.982438,2.080677,3.033269,2.305576,3.903829,3.220796,2.879804,3.679139,2.651519,1.786156,1.090551,3.132205,2.521925
2017-01-25,2.887640,2.351442,2.722045,2.587946,3.090776,2.989111,2.097546,3.077724,2.315960,3.914110,3.255672,2.917653,3.714228,2.660286,1.800998,1.099700,3.145356,2.543754
2017-01-26,2.879555,2.352415,2.721797,2.588113,3.103784,2.974194,2.078206,3.050018,2.319209,3.943592,3.231714,2.915581,3.711891,2.659827,1.785366,1.099124,3.119886,2.541094
2017-01-27,2.872664,2.350933,2.719763,2.568334,3.102534,2.951477,2.057583,3.069418,2.300369,3.951100,3.251805,2.900835,3.706043,2.656967,1.787531,1.098568,3.099498,2.537105
2017-01-30,2.856450,2.350028,2.693366,2.554558,3.080209,2.955609,2.044344,3.051476,2.258287,3.930834,3.232879,2.881779,3.696653,2.651756,1.771446,1.094102,3.082928,2.521371
2017-01-31,2.856304,2.389679,2.674985,2.569268,3.054474,2.969535,2.033070,3.041775,2.263343,3.920619,3.280857,2.867659,3.688504,2.653061,1.770873,1.089635,3.106965,2.521149
2017-02-01,2.848568,2.352123,2.686991,2.542355,3.051714,2.950760,2.019064,3.043382,2.243865,3.923398,3.307588,2.865361,3.679971,2.627384,1.770897,1.089868,3.071005,2.522147
2017-02-02,2.852126,2.377940,2.677313,2.575875,3.042985,2.974677,2.014787,3.058609,2.264556,3.895743,3.306815,2.861249,3.663176,2.643065,1.775450,1.089661,3.096101,2.523809
2017-02-03,2.874353,2.384048,2.683156,2.590799,3.073206,2.993834,2.030418,3.082044,2.284798,3.912487,3.329877,2.908926,3.671282,2.658000,1.792562,1.100423,3.126441,2.541205
2017-02-06,2.865400,2.376789,2.682730,2.579012,3.069561,2.971306,2.018089,3.076664,2.260358,3.903974,3.319739,2.903402,3.680430,2.649800,1.781740,1.097421,3.111680,2.536662
2017-02-07,2.863888,2.380190,2.653060,2.577094,3.075533,2.997146,2.005249,3.086157,2.227401,3.904732,3.333309,2.900600,3.676452,2.656423,1.771027,1.098566,3.100661,2.536773
2017-02-08,2.871290,2.402755,2.660008,2.599072,3.072224,3.013298,2.018642,3.084351,2.235428,3.910860,3.333826,2.880528,3.713613,2.665490,1.771335,1.096732,3.116632,2.540097
2017-02-09,2.891160,2.386432,2.660536,2.606975,3.100259,3.039258,2.038793,3.100222,2.258906,3.932066,3.353348,2.915346,3.737922,2.675109,1.784127,1.101443,3.132341,2.555166
2017-02-10,2.905060,2.401816,2.691326,2.629340,3.123878,3.036256,2.046630,3.103639,2.271274,3.988018,3.355413,2.928420,3.765151,2.686336,1.791723,1.105276,3.145744,2.565250
2017-02-13,2.918178,2.412951,2.719961,2.643712,3.147397,3.035642,2.050434,3.122262,2.267698,3.979291,3.373548,2.959923,3.760877,2.699884,1.797552,1.112251,3.158614,2.579211
2017-02-14,2.926452,2.395595,2.710444,2.626840,3.146979,3.046441,2.067824,3.122736,2.274148,3.967566,3.392230,2.987625,3.777555,2.701768,1.799704,1.118507,3.157567,2.589516
2017-02-15,2.939500,2.394175,2.700372,2.619252,3.165152,3.061284,2.078252,3.141841,2.263549,3.978972,3.425817,3.009543,3.796594,2.714259,1.799367,1.126926,3.160870,2.603034
2017-02-16,2.932452,2.416670,2.693514,2.630357,3.165184,3.055514,2.057702,3.146137,2.230625,3.982193,3.415566,3.006903,3.771033,2.725414,1.790604,1.126679,3.157932,2.600818
2017-02-17,2.938838,2.418126,2.688956,2.640483,3.169521,3.088944,2.061937,3.155700,2.220503,3.993020,3.422832,3.007268,3.781475,2.735464,1.787477,1.130519,3.162571,2.604918
2017-02-21,2.958687,2.443789,2.695897,2.670720,3.189246,3.114786,2.075073,3.182040,2.239308,4.019680,3.446190,3.018758,3.798579,2.748106,1.800878,1.135617,3.193729,2.620431
2017-02-22,2.951185,2.450277,2.674343,2.660102,3.178294,3.104574,2.068096,3.182872,2.203511,4.026134,3.440644,3.018016,3.789467,2.750441,1.786256,1.135315,3.187398,2.618104
2017-02-23,2.947430,2.477566,2.637592,2.680557,3.149173,3.095276,2.056663,3.185391,2.209829,4.021399,3.455540,3.023907,3.767124,2.762968,1.770218,1.139430,3.196528,2.619877
2017-02-24,2.956443,2.511272,2.640031,2.694422,3.166776,3.111291,2.060300,3.200261,2.189524,4.026092,3.475391,3.011303,3.782616,2.776915,1.766946,1.142060,3.212956,2.623201
2017-02-27,2.962044,2.490111,2.635153,2.706142,3.184132,3.085436,2.072696,3.197636,2.207524,4.015171,3.487462,3.019299,3.799283,2.771526,1.777476,1.141622,3.220318,2.627301
2017-02-28,2.949841,2.514932,2.653915,2.696261,3.163500,3.075578,2.045437,3.182539,2.205042,3.982315,3.478737,3.010566,3.785565,2.774170,1.774074,1.140401,3.211462,2.620209
2017-03-01,2.986805,2.498025,2.704399,2.690194,3.220809,3.087264,2.070013,3.233167,2.250100,4.018391,3.513016,3.084400,3.831595,2.805083,1.817111,1.156353,3.227564,2.656886
2017-03-02,2.967950,2.516643,2.663806,2.683229,3.182883,3.093601,2.053349,3.210837,2.226728,3.993865,3.499994,3.041046,3.831362,2.794873,1.789547,1.151446,3.214961,2.640154
2017-03-03,2.966875,2.507429,2.658100,2.673738,3.190374,3.082601,2.047023,3.214320,2.222968,3.983414,3.513194,3.050597,3.823208,2.791563,1.800571,1.152579,3.207799,2.641816
2017-03-06,2.953087,2.504226,2.633987,2.661433,3.181604,3.059893,2.031518,3.203392,2.232380,3.986713,3.494483,3.033540,3.801727,2.782985,1.790894,1.149911,3.190764,2.633949
2017-03-07,2.940341,2.502209,2.615224,2.653565,3.166538,3.045216,2.016847,3.201082,2.208224,3.971428,3.476726,3.025501,3.789953,2.779990,1.782579,1.146588,3.169471,2.626082
2017-03-08,2.934319,2.462968,2.613373,2.612915,3.155842,3.043117,2.019032,3.205114,2.156113,3.963805,3.488466,3.025164,3.816480,2.772757,1.770909,1.145326,3.149929,2.621206
2017-03-09,2.930631,2.461558,2.593661,2.577916,3.137097,3.052264,2.013662,3.199856,2.159659,3.969917,3.510729,3.032582,3.806342,2.776385,1.768958,1.147732,3.137997,2.624530
2017-03-10,2.943529,2.482753,2.607675,2.575658,3.155470,3.066880,2.025941,3.223454,2.157313,3.973185,3.522529,3.035396,3.828176,2.789326,1.779372,1.151091,3.151600,2.633727
2017-03-13,2.947860,2.486016,2.619241,2.580532,3.160682,3.061729,2.024591,3.238138,2.165441,3.979460,3.526708,3.037843,3.838819,2.792231,1.786639,1.149341,3.152942,2.635057
2017-03-14,2.935069,2.482052,2.589394,2.579574,3.130306,3.055977,2.014063,3.225519,2.138827,3.985642,3.510728,3.031643,3.835714,2.784910,1.771979,1.146604,3.136065,2.624974
2017-03-15,2.968630,2.525995,2.642938,2.631694,3.171978,3.082538,2.039854,3.256674,2.188749,4.020812,3.551837,3.035848,3.860729,2.807345,1.792941,1.154665,3.180731,2.647689
2017-03-16,2.961932,2.501577,2.623953,2.625192,3.162963,3.082276,2.036796,3.259701,2.175056,4.018995,3.514510,3.046131,3.869498,2.800625,1.789426,1.154575,3.173630,2.642481
2017-03-17,2.961171,2.517665,2.643517,2.632468,3.175361,3.076910,2.030067,3.258723,2.174186,4.026263,3.509917,3.018345,3.885949,2.808733,1.785575,1.150743,3.179229,2.637840
2017-03-20,2.952067,2.500202,2.655711,2.634594,3.168908,3.076669,2.017499,3.256251,2.174149,4.018889,3.499870,2.996124,3.872659,2.801697,1.785012,1.148304,3.166690,2.634947
2017-03-21,2.913509,2.532795,2.615831,2.628233,3.115499,3.066537,1.979271,3.195410,2.150474,3.974385,3.467911,2.923214,3.822187,2.783502,1.731622,1.135380,3.127524,2.601115
2017-03-22,2.921348,2.542084,2.628896,2.637364,3.128095,3.069840,1.979322,3.221674,2.149621,3.976740,3.479997,2.923047,3.835043,2.783831,1.741872,1.134349,3.127506,2.607236
2017-03-23,2.921372,2.538355,2.631372,2.654183,3.122101,3.062402,1.985843,3.216900,2.139965,3.972258,3.466734,2.929544,3.840245,2.781200,1.744895,1.134088,3.126103,2.604454
2017-03-24,2.920404,2.549560,2.601817,2.648523,3.111062,3.058468,1.986087,3.226534,2.133271,3.972619,3.477983,2.925726,3.844381,2.775358,1.747222,1.132321,3.123147,2.602562
2017-03-27,2.916511,2.539278,2.602320,2.630465,3.102106,3.052439,1.986161,3.223501,2.125948,3.973019,3.496034,2.912435,3.845329,2.769293,1.742274,1.130269,3.115996,2.599891
2017-03-28,2.939930,2.542123,2.630823,2.643876,3.140919,3.056283,2.008360,3.238312,2.151234,4.001843,3.499203,2.950137,3.889601,2.780880,1.761559,1.137041,3.145918,2.618810
2017-03-29,2.948514,2.535589,2.646940,2.653763,3.141502,3.068561,2.025249,3.237245,2.189546,4.025390,3.514985,2.935411,3.902799,2.770309,1.771807,1.135650,3.168805,2.621258
2017-03-30,2.955643,2.517737,2.645374,2.660259,3.157913,3.058381,2.026789,3.245116,2.195060,4.057678,3.514164,2.969758,3.909722,2.779261,1.789557,1.139086,3.173152,2.629605
2017-03-31,2.952514,2.527952,2.650075,2.672930,3.152699,3.053038,2.025882,3.238408,2.199971,4.047112,3.505952,2.956025,3.901141,2.772880,1.790328,1.134427,3.173443,2.623484
2017-04-03,2.940755,2.526494,2.636944,2.671382,3.137226,3.042390,2.011430,3.217683,2.195109,4.042396,3.509856,2.945155,3.871093,2.768287,1.786262,1.133883,3.159111,2.618921
2017-04-04,2.936559,2.535484,2.652382,2.664698,3.143225,3.046488,1.991038,3.216234,2.211382,4.042642,3.501678,2.942051,3.852342,2.773240,1.787138,1.136043,3.157404,2.620591
2017-04-05,2.928592,2.546044,2.639484,2.669539,3.130940,3.043551,1.985674,3.204755,2.198223,4.024252,3.493499,2.926582,3.841294,2.769389,1.770117,1.132523,3.149151,2.612801
2017-04-06,2.942939,2.545045,2.659238,2.683685,3.143387,3.051159,2.009318,3.208488,2.219524,4.024855,3.502236,2.943159,3.857790,2.771391,1.784231,1.133585,3.172659,2.620146
2017-04-07,2.939574,2.532386,2.664298,2.688572,3.141855,3.052099,2.003428,3.215465,2.213483,4.010940,3.505731,2.936356,3.840964,2.771661,1.783671,1.132261,3.166284,2.617475
2017-04-10,2.946000,2.539134,2.664322,2.707019,3.152057,3.060552,2.014436,3.208912,2.231202,4.005654,3.504410,2.932593,3.856516,2.776376,1.777387,1.131217,3.185520,2.619033
2017-04-11,2.945874,2.542145,2.665435,2.721017,3.155194,3.055732,2.017102,3.201063,2.228462,3.998248,3.500702,2.926930,3.860682,2.777373,1.774849,1.130215,3.195559,2.615917
2017-04-12,2.927407,2.559401,2.617646,2.716055,3.105846,3.065736,1.997803,3.172272,2.217109,4.001224,3.496052,2.902951,3.839468,2.768317,1.751376,1.128515,3.183784,2.604454
2017-04-13,2.907187,2.548832,2.589086,2.709100,3.080726,3.048158,1.979415,3.156516,2.180927,3.974148,3.487144,2.876132,3.819040,2.753683,1.733534,1.120380,3.161322,2.587538
2017-04-17,2.933245,2.563044,2.600183,2.741692,3.116336,3.069727,1.995719,3.185791,2.188090,4.016146,3.497740,2.921087,3.854969,2.776253,1.753967,1.128265,3.179854,2.610464
2017-04-18,2.925086,2.567028,2.590073,2.753273,3.098877,3.089576,1.989966,3.189807,2.169373,3.996986,3.462947,2.898407,3.859261,2.775310,1.743851,1.125307,3.181643,2.602673
2017-04-19,2.925321,2.548051,2.583306,2.748683,3.100635,3.078313,1.994506,3.200224,2.139414,4.004790,3.479818,2.896196,3.873532,2.770984,1.746897,1.121804,3.170667,2.597888
2017-04-20,2.949874,2.535826,2.619172,2.752051,3.134653,3.080216,2.020180,3.233386,2.145793,4.050686,3.505093,2.938141,3.898983,2.787981,1.769133,1.129427,3.185325,2.619033
2017-04-21,2.939519,2.548268,2.613242,2.738726,3.142040,3.072372,2.002187,3.223105,2.134846,4.039428,3.486954,2.917959,3.892989,2.782861,1.758034,1.126088,3.161717,2.610686
2017-04-24,2.969473,2.562662,2.646553,2.712775,3.188631,3.097296,2.024590,3.265518,2.149190,4.065048,3.517687,2.971458,3.924284,2.811630,1.786738,1.137714,3.169676,2.639398
2017-04-25,2.985623,2.560845,2.683240,2.719909,3.209893,3.106665,2.031450,3.290763,2.172186,4.104187,3.543939,2.986366,3.936448,2.824856,1.802782,1.144749,3.186007,2.654756
2017-04-26,2.985051,2.550707,2.687045,2.701444,3.202436,3.085668,2.040747,3.266159,2.165505,4.104032,3.564545,2.990009,3.965182,2.818015,1.797857,1.143658,3.169376,2.653087
2017-04-27,2.984858,2.558248,2.688227,2.695444,3.198787,3.087519,2.032525,3.289124,2.140188,4.115641,3.571393,2.986736,3.972123,2.821655,1.792921,1.145132,3.157116,2.655312
2017-04-28,2.969743,2.547613,2.665519,2.677516,3.176990,3.083488,2.011477,3.278012,2.137485,4.107056,3.585189,2.961126,3.950460,2.809334,1.783191,1.141669,3.133545,2.649525
2017-05-01,2.968120,2.530808,2.661500,2.690687,3.167649,3.062735,2.001333,3.295095,2.134070,4.109509,3.593672,2.973398,3.946307,2.804994,1.794783,1.140753,3.128464,2.656203
2017-05-02,2.971616,2.533444,2.667192,2.692241,3.184551,3.047893,2.007744,3.276501,2.123193,4.103922,3.605959,2.977622,3.970958,2.798915,1.778503,1.142139,3.121122,2.657204
2017-05-03,2.963197,2.517748,2.630760,2.658401,3.177651,3.054656,1.996803,3.259692,2.123689,4.062685,3.588471,2.995434,3.984627,2.798077,1.778356,1.140353,3.101766,2.653977
2017-05-04,2.967470,2.522742,2.639441,2.657733,3.186707,3.084584,1.991957,3.263618,2.069755,4.055715,3.617336,3.004803,3.993712,2.807195,1.774378,1.141221,3.085077,2.657093
2017-05-05,2.985427,2.541156,2.671564,2.681299,3.206786,3.097125,2.011586,3.277875,2.116667,4.095033,3.623068,3.004099,4.007050,2.821033,1.784907,1.144932,3.123835,2.667554
2017-05-08,2.979096,2.536855,2.644104,2.663679,3.195599,3.091858,2.013337,3.270774,2.128109,4.097734,3.604924,2.996729,4.008086,2.816484,1.783447,1.143300,3.115342,2.667109
2017-05-09,2.979339,2.515220,2.625365,2.652929,3.202046,3.079841,2.016685,3.282458,2.112762,4.104888,3.619117,2.987298,4.042570,2.806681,1.782615,1.140768,3.101334,2.664660
2017-05-10,2.989255,2.523652,2.639166,2.670018,3.195428,3.087089,2.027995,3.314352,2.145858,4.079303,3.621164,2.993225,4.042309,2.807371,1.800860,1.139293,3.123049,2.669446
2017-05-11,2.976930,2.525272,2.634571,2.655367,3.191574,3.080216,2.001185,3.306542,2.136510,4.074265,3.624546,2.976660,4.023313,2.803748,1.795751,1.137430,3.091492,2.663993
2017-05-12,2.964595,2.536556,2.619440,2.646617,3.169383,3.070535,1.980646,3.308767,2.130239,4.070079,3.615506,2.962811,4.002500,2.799622,1.786182,1.135736,3.079846,2.659541
2017-05-15,2.983959,2.546460,2.653055,2.656522,3.188501,3.080659,1.994470,3.342497,2.142751,4.072930,3.639533,2.991108,4.015657,2.813086,1.804714,1.140585,3.098811,2.674231
2017-05-16,2.976762,2.525155,2.653492,2.635831,3.184505,3.067705,1.982468,3.367247,2.128968,4.059656,3.622890,2.995382,4.004788,2.807273,1.813045,1.139483,3.083375,2.671783
2017-05-17,2.929538,2.534052,2.600982,2.653502,3.120855,3.075563,1.944298,3.264402,2.105106,3.974155,3.576029,2.916809,3.936118,2.790244,1.748231,1.120420,3.064011,2.624374
2017-05-18,2.939115,2.543081,2.602274,2.664977,3.129108,3.081342,1.948436,3.275846,2.100009,4.011896,3.599493,2.926683,3.949860,2.793477,1.757188,1.122025,3.078058,2.634947
2017-05-19,2.963509,2.554027,2.633247,2.677468,3.172028,3.106237,1.966216,3.303915,2.133956,4.045307,3.618662,2.944936,3.973012,2.805856,1.781160,1.128386,3.111093,2.652085
2017-05-22,2.980058,2.578766,2.634054,2.685835,3.192654,3.131240,1.975274,3.339865,2.127529,4.079145,3.637966,2.957325,3.988621,2.822879,1.792077,1.132664,3.120439,2.665551
2017-05-23,2.981705,2.585396,2.644769,2.686958,3.198234,3.121817,1.973252,3.335157,2.133086,4.077813,3.652110,2.975035,3.953281,2.828049,1.801932,1.136787,3.121587,2.671449
2017-05-24,2.988587,2.608513,2.652374,2.704653,3.205262,3.134491,1.966981,3.355652,2.124383,4.101947,3.665884,2.975050,3.958546,2.838631,1.804540,1.140151,3.130457,2.677681
2017-05-25,3.000324,2.628007,2.647677,2.710894,3.221706,3.145571,1.961505,3.379728,2.081721,4.133918,3.688447,2.995799,4.013740,2.858484,1.818483,1.144513,3.127214,2.690479
2017-05-26,3.000142,2.626949,2.652801,2.697759,3.220517,3.154094,1.960402,3.379701,2.086309,4.156476,3.679731,2.992166,4.025988,2.858896,1.817936,1.145147,3.121048,2.689923
2017-05-30,2.995133,2.634053,2.644384,2.685568,3.218238,3.153335,1.952217,3.399553,2.051661,4.171481,3.676896,2.976629,4.024810,2.864414,1.810963,1.144355,3.115414,2.687586
2017-05-31,2.997439,2.647041,2.637625,2.686671,3.222808,3.159979,1.951797,3.398070,2.042715,4.183543,3.690887,2.971868,4.033874,2.874005,1.805418,1.144561,3.110865,2.686918
2017-06-01,3.029858,2.671417,2.663392,2.696452,3.250553,3.196413,1.986823,3.408030,2.062864,4.208371,3.740798,3.008254,4.090000,2.892736,1.815042,1.152170,3.140404,2.708285
2017-06-02,3.035150,2.676001,2.665242,2.722176,3.262657,3.205254,1.979419,3.424866,2.042945,4.223351,3.765865,3.000605,4.105628,2.898569,1.820290,1.156036,3.134353,2.717299
2017-06-05,3.027510,2.661693,2.654482,2.708644,3.246540,3.202978,1.975595,3.424112,2.040356,4.202978,3.751849,3.003354,4.090483,2.894533,1.811399,1.154374,3.124732,2.715296
2017-06-06,3.016385,2.658141,2.659080,2.700633,3.223957,3.192232,1.963047,3.423807,2.064020,4.187519,3.737534,2.986850,4.058258,2.882722,1.809458,1.151647,3.115372,2.706616
2017-06-07,3.019705,2.663574,2.655824,2.714697,3.219872,3.184932,1.961459,3.434114,2.030092,4.188529,3.748681,3.010770,4.064513,2.889134,1.818526,1.153540,3.108288,2.711624
2017-06-08,3.021836,2.640321,2.677109,2.702892,3.229307,3.156643,1.962749,3.455560,2.030054,4.170868,3.741035,3.042231,4.050082,2.880664,1.835487,1.151928,3.104807,2.712959
2017-06-09,3.033644,2.644318,2.719537,2.714352,3.246923,3.162595,1.989459,3.376029,2.081875,4.138992,3.742975,3.088187,4.039326,2.893683,1.813396,1.157105,3.146704,2.708841
2017-06-12,3.037975,2.638014,2.703124,2.738120,3.256795,3.165841,2.006588,3.367800,2.092831,4.143008,3.728026,3.090845,4.033775,2.896927,1.803945,1.158731,3.170033,2.708285
2017-06-13,3.055126,2.645123,2.737871,2.747299,3.274116,3.175493,2.019942,3.389650,2.112849,4.146938,3.744964,3.105672,4.067986,2.907505,1.816119,1.161980,3.184974,2.721528
2017-06-14,3.048889,2.658168,2.690955,2.755616,3.261044,3.185969,2.010675,3.363410,2.070696,4.141671,3.755274,3.115573,4.068995,2.918940,1.796979,1.162217,3.169536,2.718078
2017-06-15,3.043585,2.673632,2.646687,2.771158,3.276591,3.159727,2.001828,3.350698,2.055888,4.142582,3.751151,3.116081,4.053303,2.930680,1.785284,1.160330,3.161784,2.712848
2017-06-16,3.042084,2.687454,2.661940,2.761499,3.291014,3.103832,1.996065,3.349922,2.100127,4.152476,3.742634,3.115696,4.040398,2.926372,1.785992,1.161504,3.168587,2.713440
2017-06-19,3.062379,2.677322,2.684478,2.766065,3.311455,3.120326,2.005462,3.399920,2.081418,4.177386,3.794301,3.138935,4.076875,2.933586,1.812599,1.170102,3.172395,2.736030
2017-06-20,3.036688,2.677003,2.658411,2.761671,3.270842,3.101485,1.975818,3.372449,2.041282,4.112623,3.801115,3.116573,4.032219,2.918489,1.793908,1.162847,3.140711,2.717578
2017-06-21,3.027334,2.660921,2.635452,2.753564,3.242783,3.089545,1.960544,3.398903,2.005076,4.124052,3.843632,3.093253,4.023967,2.905371,1.800075,1.161129,3.114115,2.716907
2017-06-22,3.028561,2.652668,2.649947,2.756949,3.240470,3.076024,1.969772,3.402831,2.007667,4.112675,3.878750,3.073365,4.013886,2.889986,1.797159,1.163179,3.121238,2.715677
2017-06-23,3.036913,2.643967,2.671404,2.770409,3.255200,3.073804,1.982408,3.421730,2.032401,4.130090,3.877233,3.062081,4.023431,2.886683,1.802162,1.163693,3.136639,2.718920
2017-06-26,3.045572,2.663768,2.682693,2.788310,3.259838,3.082996,1.995373,3.409028,2.038689,4.136704,3.868633,3.078835,4.034838,2.893381,1.802792,1.165149,3.156077,2.720709
2017-06-27,3.024929,2.629373,2.655875,2.769460,3.237616,3.056285,1.988919,3.348894,2.038403,4.085630,3.837277,3.087519,4.009925,2.871257,1.780235,1.157202,3.136550,2.698791
2017-06-28,3.050129,2.607281,2.682231,2.775451,3.276046,3.072374,2.004924,3.390304,2.054603,4.137621,3.866382,3.131936,4.037518,2.885823,1.809189,1.167000,3.152241,2.722946
2017-06-29,3.027172,2.583761,2.651908,2.747391,3.248911,3.038287,2.002154,3.327468,2.062473,4.074859,3.829564,3.131328,4.008538,2.854543,1.788025,1.157691,3.132750,2.699014
2017-06-30,3.036820,2.581410,2.665576,2.743645,3.283529,3.051563,2.009224,3.318992,2.075505,4.075371,3.834418,3.131624,4.048767,2.862490,1.784220,1.161526,3.138937,2.704047
2017-07-03,3.050133,2.568542,2.694719,2.776428,3.302088,3.048324,2.030664,3.296178,2.119069,4.066432,3.828540,3.166350,4.052020,2.872500,1.778467,1.166154,3.173851,2.708632
2017-07-05,3.044896,2.556966,2.689075,2.741680,3.310039,3.034437,2.013474,3.342641,2.070790,4.075785,3.854052,3.172343,4.005819,2.874702,1.801958,1.167249,3.137981,2.714894
2017-07-06,3.012833,2.547615,2.665217,2.690706,3.283254,3.016458,1.982572,3.309220,2.049958,4.016872,3.802511,3.150142,3.961694,2.854223,1.789625,1.155797,3.095317,2.690068
2017-07-07,3.033463,2.551621,2.675697,2.708675,3.313316,3.016479,1.991794,3.351734,2.050417,4.044280,3.837659,3.174136,3.999603,2.873788,1.814512,1.160696,3.104112,2.707514
2017-07-10,3.033118,2.547336,2.706046,2.681364,3.320853,2.991622,1.986620,3.376829,2.058272,4.058637,3.827206,3.175825,4.000646,2.871655,1.825435,1.160635,3.089281,2.710421
2017-07-11,3.029256,2.546958,2.704566,2.678157,3.314482,2.984649,1.982123,3.390101,2.069569,4.069984,3.829877,3.156721,3.980113,2.862352,1.831074,1.159609,3.087380,2.708408
2017-07-12,3.051574,2.594676,2.724367,2.711936,3.330639,3.004853,1.991387,3.435755,2.077895,4.101455,3.858672,3.167599,3.997140,2.875940,1.851033,1.166441,3.109938,2.728761
2017-07-13,3.060346,2.588939,2.732490,2.715374,3.328066,3.017037,2.009862,3.428774,2.088687,4.102766,3.861441,3.189797,4.009366,2.874912,1.851264,1.167797,3.126640,2.733346
2017-07-14,3.075786,2.606489,2.739426,2.744254,3.345647,3.038560,2.015728,3.461928,2.102570,4.139222,3.889853,3.183410,4.020160,2.884107,1.867822,1.172935,3.150869,2.746095
2017-07-17,3.079294,2.617731,2.748301,2.753531,3.343844,3.047288,2.018240,3.463058,2.102252,4.146863,3.885129,3.185575,4.029110,2.886203,1.866775,1.170828,3.161120,2.745759
2017-07-18,3.074009,2.626023,2.742235,2.754089,3.335445,3.040567,2.004836,3.467452,2.092336,4.194931,3.876848,3.179408,4.018809,2.889969,1.872885,1.170066,3.153592,2.747213
2017-07-19,3.093654,2.639863,2.780757,2.775706,3.335925,3.046404,2.026095,3.496996,2.126931,4.236621,3.914761,3.182642,4.033625,2.899961,1.880994,1.175781,3.181488,2.762086
2017-07-20,3.089524,2.658107,2.757475,2.766098,3.314634,3.049428,2.015134,3.504524,2.119165,4.248435,3.932070,3.180411,4.019737,2.900800,1.881640,1.177204,3.176691,2.763317
2017-07-21,3.091596,2.678393,2.760210,2.771398,3.316526,3.063952,2.012460,3.498163,2.106673,4.265097,3.924911,3.188670,4.020005,2.906301,1.881028,1.175713,3.177348,2.760856
2017-07-24,3.086008,2.658125,2.750846,2.769854,3.311411,3.052891,2.003393,3.496289,2.098780,4.259290,3.937218,3.201892,3.986031,2.898278,1.885095,1.172386,3.154443,2.760185
2017-07-25,3.099687,2.643547,2.800059,2.776352,3.321626,3.086107,2.026784,3.491966,2.129462,4.227290,3.899935,3.227570,4.023917,2.903376,1.881736,1.176927,3.167204,2.766895
2017-07-26,3.094309,2.662749,2.774748,2.795010,3.313067,3.089045,2.019434,3.488287,2.133615,4.256822,3.881715,3.211748,4.001847,2.894845,1.885984,1.178020,3.164430,2.767007
2017-07-27,3.092548,2.667537,2.755771,2.796345,3.293012,3.116097,2.027706,3.463557,2.160481,4.311287,3.847349,3.190759,4.035485,2.897626,1.870943,1.181236,3.179022,2.764435
2017-07-28,3.089827,2.664394,2.762819,2.794397,3.295095,3.094360,2.017441,3.448790,2.157583,4.333782,3.873054,3.201393,4.011435,2.895948,1.867641,1.179681,3.168163,2.761192
2017-07-31,3.088099,2.671988,2.751921,2.798242,3.290461,3.096359,2.017024,3.435379,2.156803,4.313268,3.850272,3.214529,4.018873,2.900503,1.860676,1.182658,3.179193,2.759626
2017-08-01,3.090650,2.684471,2.733954,2.806840,3.285631,3.096031,2.010149,3.446720,2.152608,4.320195,3.838531,3.236453,4.036154,2.913676,1.865792,1.185931,3.178412,2.765777
2017-08-02,3.084463,2.693711,2.734470,2.793744,3.296342,3.096811,1.999508,3.433179,2.146876,4.298250,3.811841,3.235088,4.031004,2.920515,1.863860,1.186250,3.162780,2.767119
2017-08-03,3.078086,2.705451,2.729851,2.789248,3.305885,3.088388,1.993114,3.424068,2.111966,4.286758,3.808915,3.225550,4.013843,2.923225,1.859924,1.185404,3.164823,2.761751
2017-08-04,3.084723,2.701350,2.750210,2.794167,3.324234,3.084132,1.997473,3.424679,2.123541,4.273315,3.799826,3.241868,4.032817,2.923658,1.870466,1.188128,3.174471,2.766783
2017-08-07,3.089759,2.709022,2.750872,2.791964,3.318919,3.110433,1.999353,3.442637,2.102363,4.289892,3.817200,3.239030,4.045139,2.919609,1.880853,1.188693,3.174413,2.771928
2017-08-08,3.080796,2.721717,2.711877,2.778876,3.305920,3.096583,1.998583,3.425210,2.096405,4.282520,3.793248,3.239109,4.039986,2.910711,1.874173,1.186367,3.163222,2.765106
2017-08-09,3.076562,2.709800,2.721851,2.784840,3.303058,3.098087,1.989305,3.422460,2.092280,4.263497,3.794939,3.238095,4.023472,2.914081,1.865506,1.187979,3.152533,2.764994
2017-08-10,3.031324,2.718295,2.675557,2.760809,3.253823,3.078574,1.954268,3.345710,2.065568,4.188226,3.739617,3.180893,3.951247,2.894056,1.817141,1.174957,3.107943,2.725965
2017-08-11,3.033805,2.701656,2.659064,2.742555,3.257579,3.085764,1.956195,3.370862,2.056305,4.187315,3.764136,3.169245,3.972710,2.890202,1.822289,1.175024,3.095294,2.729991
2017-08-14,3.063825,2.720904,2.681478,2.785974,3.294209,3.109309,1.972639,3.430022,2.050567,4.216686,3.790714,3.211079,4.000712,2.918475,1.853578,1.185915,3.118071,2.757054
2017-08-15,3.057282,2.732547,2.680434,2.778220,3.287525,3.107168,1.955177,3.432503,2.037948,4.195410,3.792537,3.219015,3.968600,2.920562,1.857305,1.185635,3.098373,2.756719
2017-08-16,3.065652,2.744836,2.708537,2.784744,3.291897,3.124287,1.958324,3.447007,2.016462,4.199541,3.806471,3.215939,4.003895,2.931776,1.858568,1.187140,3.103202,2.761527
2017-08-17,3.018971,2.724827,2.655630,2.766084,3.236208,3.100455,1.922501,3.368999,1.984183,4.140279,3.759969,3.156970,3.948578,2.894830,1.810460,1.169700,3.059516,2.718473
2017-08-18,3.013463,2.742886,2.652829,2.744036,3.225434,3.099159,1.911760,3.370547,1.993539,4.140953,3.746762,3.154894,3.937414,2.890384,1.809220,1.165490,3.045860,2.714223
2017-08-21,3.016581,2.753328,2.663094,2.777111,3.222535,3.110589,1.907200,3.367213,1.983409,4.149612,3.764135,3.149706,3.940669,2.896469,1.801607,1.167962,3.058729,2.716348
2017-08-22,3.044573,2.761278,2.696493,2.774074,3.264302,3.119039,1.922526,3.415238,2.002707,4.196116,3.811739,3.182196,3.975137,2.919786,1.829256,1.177730,3.078930,2.744753
2017-08-23,3.035495,2.770706,2.697208,2.799416,3.235172,3.108818,1.917282,3.409059,2.015138,4.144797,3.786418,3.170764,3.953682,2.905758,1.821642,1.172734,3.093708,2.734912
2017-08-24,3.031227,2.767579,2.693469,2.794909,3.220496,3.056133,1.921756,3.413279,2.019256,4.135469,3.794369,3.166519,3.956910,2.893120,1.818851,1.172155,3.088712,2.728538
2017-08-25,3.041580,2.772469,2.695020,2.803115,3.240055,3.069490,1.934054,3.416200,2.027487,4.143890,3.790677,3.177830,3.977944,2.904483,1.823406,1.174564,3.109796,2.734912
2017-08-28,3.038284,2.776374,2.711215,2.787405,3.245878,3.058916,1.926314,3.419934,2.018457,4.151192,3.810039,3.160113,3.965022,2.898800,1.822911,1.176123,3.100954,2.735024
2017-08-29,3.035283,2.773530,2.697973,2.785430,3.265234,3.063783,1.919773,3.424013,2.015781,4.147470,3.807279,3.146064,3.945323,2.900818,1.814882,1.176471,3.098622,2.738155
2017-08-30,3.050252,2.761652,2.716587,2.799583,3.287273,3.071102,1.924568,3.460173,2.020870,4.163781,3.838099,3.155677,3.972869,2.903312,1.834808,1.181801,3.103035,2.751127
2017-08-31,3.067595,2.761937,2.731346,2.817008,3.304860,3.066819,1.933658,3.483073,2.035919,4.174203,3.900521,3.157724,4.013620,2.913564,1.843090,1.187194,3.113080,2.767678
2017-09-01,3.079242,2.755237,2.752823,2.819981,3.307466,3.087967,1.950853,3.494008,2.057337,4.173633,3.897306,3.169194,4.040823,2.908531,1.852550,1.190102,3.140632,2.771592
2017-09-05,3.058182,2.760959,2.718157,2.819176,3.278358,3.095303,1.938676,3.464340,2.061664,4.136440,3.887041,3.102373,4.016452,2.886609,1.821955,1.181180,3.133641,2.751686
2017-09-06,3.068850,2.745935,2.745812,2.825454,3.287365,3.104525,1.948476,3.473184,2.086761,4.165714,3.902700,3.111216,4.027091,2.888082,1.825782,1.185998,3.163732,2.761080
2017-09-07,3.069001,2.769022,2.752137,2.850938,3.299432,3.112408,1.939814,3.480238,2.091242,4.116497,3.938458,3.064735,4.023329,2.884834,1.817889,1.184937,3.161955,2.760745
2017-09-08,3.073296,2.782700,2.751076,2.854294,3.312766,3.096292,1.940507,3.462316,2.070040,4.077645,3.955166,3.103467,4.022723,2.909838,1.820309,1.184298,3.159992,2.757501
2017-09-11,3.106110,2.806314,2.771348,2.874616,3.337239,3.116685,1.966586,3.515149,2.092467,4.089548,3.985519,3.154837,4.069673,2.940118,1.850693,1.197352,3.182135,2.786913
2017-09-12,3.118317,2.758551,2.783030,2.843709,3.361110,3.122919,1.990883,3.530466,2.105335,4.108752,3.985965,3.186185,4.092060,2.935389,1.865732,1.203724,3.191193,2.796306
2017-09-13,3.117117,2.742625,2.769543,2.828344,3.348459,3.126055,1.997901,3.523082,2.133291,4.115922,3.970876,3.184867,4.113076,2.924486,1.869192,1.205486,3.205785,2.797648
2017-09-14,3.117344,2.763935,2.776261,2.851615,3.354420,3.120064,1.996551,3.525781,2.140393,4.092668,3.955259,3.177070,4.103287,2.930337,1.865778,1.205875,3.217723,2.796754
2017-09-15,3.124047,2.767091,2.776659,2.855830,3.364633,3.134185,1.998948,3.547429,2.149103,4.101383,3.945759,3.190526,4.101570,2.937951,1.875069,1.205344,3.235146,2.800519
2017-09-18,3.129242,2.746712,2.813148,2.842015,3.385358,3.137012,1.992782,3.573702,2.160651,4.091568,3.945647,3.210502,4.090443,2.939974,1.892309,1.208782,3.229623,2.806475
2017-09-19,3.126821,2.744338,2.830689,2.821291,3.394954,3.127227,1.984889,3.581731,2.165806,4.116701,3.903210,3.229788,4.081622,2.945547,1.900154,1.210727,3.225216,2.809285
2017-09-20,3.130216,2.722822,2.841377,2.812058,3.419292,3.100954,1.986761,3.565901,2.184582,4.143745,3.914350,3.248458,4.083434,2.947295,1.899864,1.212926,3.225539,2.810296
2017-09-21,3.122622,2.720209,2.832728,2.804177,3.424118,3.067671,1.982510,3.553191,2.176697,4.133858,3.891444,3.251166,4.081529,2.936932,1.898099,1.210585,3.217471,2.802766
2017-09-22,3.129330,2.699488,2.829994,2.785183,3.438340,3.062518,1.995460,3.576229,2.189319,4.142451,3.897575,3.259397,4.092661,2.932363,1.900423,1.212217,3.222264,2.803328
2017-09-25,3.131199,2.721089,2.833896,2.797988,3.437131,3.076290,2.005917,3.539268,2.225878,4.122757,3.872634,3.256714,4.101394,2.936920,1.878689,1.210714,3.255291,2.797597
2017-09-26,3.134521,2.719602,2.824586,2.801074,3.444751,3.083823,2.014577,3.540182,2.222606,4.110034,3.873456,3.256050,4.111854,2.932860,1.882595,1.209126,3.260048,2.799282
2017-09-27,3.146744,2.686876,2.832117,2.773042,3.458417,3.072986,2.028584,3.584292,2.231834,4.158549,3.880104,3.294314,4.126270,2.926108,1.913288,1.210390,3.248718,2.810184
2017-09-28,3.151247,2.694410,2.854431,2.792030,3.455702,3.077899,2.027341,3.587644,2.231373,4.147951,3.881305,3.301535,4.139666,2.930413,1.917782,1.212719,3.250855,2.813555
2017-09-29,3.163076,2.693751,2.859201,2.797991,3.469301,3.089874,2.031901,3.610983,2.231091,4.168122,3.914825,3.314212,4.148562,2.936531,1.931807,1.215265,3.249253,2.823445
2017-10-02,3.174556,2.699501,2.883807,2.785807,3.492389,3.082345,2.036863,3.627568,2.231262,4.164670,3.946713,3.335129,4.160762,2.947835,1.936334,1.222107,3.249433,2.835695
2017-10-03,3.180456,2.690371,2.904505,2.784110,3.514336,3.079117,2.042717,3.637953,2.225070,4.189275,3.940241,3.342792,4.172056,2.948487,1.944725,1.225481,3.254238,2.841764
2017-10-04,3.188616,2.719744,2.899714,2.803641,3.512821,3.098895,2.048197,3.649523,2.222084,4.202973,3.951637,3.336809,4.185918,2.954435,1.948510,1.225441,3.263530,2.845135
2017-10-05,3.200099,2.717156,2.920515,2.811954,3.522010,3.108269,2.049011,3.664335,2.232488,4.233859,3.965882,3.363502,4.200648,2.961110,1.960271,1.231409,3.264781,2.861993
2017-10-06,3.195362,2.712912,2.897629,2.805587,3.520938,3.090445,2.045141,3.675219,2.213968,4.227531,3.959929,3.360800,4.204484,2.958949,1.963840,1.230120,3.242864,2.858734
2017-10-09,3.186190,2.717299,2.894472,2.810683,3.517038,3.072591,2.032487,3.682210,2.215309,4.202511,3.915801,3.355679,4.193959,2.959695,1.965545,1.227340,3.238129,2.854014
2017-10-10,3.195261,2.742827,2.893574,2.819599,3.520336,3.105539,2.039506,3.690371,2.206950,4.204714,3.920948,3.370664,4.190024,2.974018,1.969473,1.231455,3.258746,2.861544
2017-10-11,3.198144,2.755052,2.899605,2.832513,3.520396,3.125218,2.032394,3.694698,2.209678,4.196516,3.930994,3.371358,4.184286,2.980951,1.974396,1.231117,3.258640,2.866039
2017-10-12,3.200303,2.771598,2.915766,2.854641,3.542450,3.138453,2.026172,3.703251,2.202274,4.140040,3.935242,3.363764,4.159587,2.988998,1.974138,1.224790,3.258039,2.861768
2017-10-13,3.203554,2.752546,2.933898,2.863310,3.538535,3.147680,2.025324,3.724212,2.200382,4.158884,3.919500,3.366877,4.186720,2.979983,1.981375,1.224148,3.266344,2.865252
2017-10-16,3.205251,2.747920,2.938025,2.850926,3.541531,3.145555,2.028444,3.729655,2.198050,4.176710,3.918285,3.378643,4.182321,2.977981,1.992038,1.227059,3.265399,2.869073
2017-10-17,3.203889,2.763086,2.921830,2.854288,3.536692,3.140745,2.023519,3.717233,2.200236,4.178261,3.944770,3.356873,4.200256,2.980871,1.986799,1.227708,3.261891,2.871096
2017-10-18,3.207408,2.759508,2.914206,2.852850,3.543771,3.133753,2.020013,3.736418,2.186421,4.174992,3.959965,3.378377,4.195990,2.984921,1.989961,1.231468,3.259700,2.873906
2017-10-19,3.212010,2.786592,2.932940,2.847436,3.542268,3.124010,2.020043,3.744694,2.179303,4.167120,3.994362,3.383615,4.185968,3.001796,1.992777,1.232324,3.268505,2.874693
2017-10-20,3.233537,2.788177,2.969106,2.839183,3.579397,3.124213,2.043684,3.775337,2.180293,4.185632,4.025276,3.415321,4.202789,3.008899,2.010018,1.238328,3.284868,2.889527
2017-10-23,3.223573,2.788628,2.947330,2.825516,3.568401,3.128992,2.033394,3.785859,2.153356,4.128941,4.017959,3.407477,4.181538,3.008545,2.004529,1.232792,3.273423,2.878289
2017-10-24,3.228280,2.788568,2.978039,2.809592,3.581437,3.124743,2.032440,3.802898,2.159969,4.111810,4.002080,3.421377,4.207370,3.010137,2.017666,1.233497,3.269313,2.883346
2017-10-25,3.206761,2.776052,2.960660,2.799596,3.549759,3.108978,2.007097,3.776962,2.133869,4.092695,3.992640,3.405151,4.181006,3.004820,1.995569,1.228146,3.239413,2.869073
2017-10-26,3.215255,2.775814,2.987822,2.778398,3.569657,3.112242,2.015852,3.798126,2.135827,4.074018,3.966783,3.425057,4.221094,3.007598,1.999778,1.227992,3.236431,2.872782
2017-10-27,3.217837,2.792375,2.964286,2.793600,3.574224,3.095203,2.000249,3.831731,2.165651,4.119277,3.990163,3.412649,4.206956,3.012296,2.018878,1.231222,3.219127,2.896271
2017-10-30,3.203119,2.788046,2.962840,2.805815,3.548693,3.065517,1.993681,3.815333,2.171279,4.111039,3.951690,3.396615,4.179160,3.003045,2.007713,1.223179,3.219765,2.885482
2017-10-31,3.207791,2.792782,2.973925,2.815874,3.547039,3.101936,1.982345,3.834366,2.179618,4.102307,3.955284,3.391631,4.199686,3.005041,2.020469,1.224696,3.219208,2.889977
2017-11-01,3.208795,2.780118,2.990966,2.820264,3.543260,3.113505,1.977597,3.830685,2.209348,4.133360,3.945950,3.398792,4.189762,3.002095,2.015903,1.227946,3.222981,2.893798
2017-11-02,3.209797,2.801569,2.978649,2.849413,3.562705,3.109565,1.954305,3.830296,2.204266,4.076759,3.926702,3.428645,4.205571,3.016752,2.029673,1.227157,3.230691,2.894922
2017-11-03,3.214400,2.816407,2.987457,2.854028,3.558761,3.105531,1.952125,3.854520,2.215649,4.077333,3.952967,3.421267,4.203048,3.016922,2.035842,1.228258,3.229162,2.904587
2017-11-06,3.222889,2.806360,2.995238,2.890263,3.565529,3.070779,1.972500,3.869827,2.273258,4.105765,3.928246,3.424359,4.204805,3.014622,2.046282,1.226390,3.242219,2.909082
2017-11-07,3.217774,2.838470,2.984946,2.908127,3.573579,3.093962,1.951454,3.864223,2.270201,4.105679,3.940654,3.387867,4.177505,3.029697,2.035515,1.227794,3.249388,2.907060
2017-11-08,3.225239,2.839086,3.000268,2.930418,3.568568,3.132792,1.962891,3.881498,2.259689,4.101356,3.935725,3.381463,4.187865,3.035908,2.036015,1.228188,3.263550,2.912004
2017-11-09,3.217348,2.838146,2.971282,2.927443,3.515497,3.135210,1.976339,3.842581,2.265092,4.125277,3.936046,3.372211,4.185657,3.030970,2.012550,1.225278,3.273100,2.901440
2017-11-10,3.219645,2.824720,2.965296,2.927461,3.517430,3.169437,1.985789,3.857308,2.248925,4.161012,3.907341,3.364897,4.197317,3.025255,2.019969,1.224031,3.286959,2.900541
2017-11-13,3.226562,2.861878,2.982339,2.935558,3.512627,3.186837,1.984017,3.859664,2.230364,4.173808,3.916977,3.374742,4.215413,3.043153,2.027692,1.224962,3.295589,2.903238
2017-11-14,3.226827,2.898012,2.950557,2.930454,3.508240,3.202185,1.985735,3.866181,2.187542,4.136311,3.905475,3.386375,4.227338,3.066564,2.028870,1.219920,3.289431,2.896495
2017-11-15,3.209582,2.871965,2.916235,2.908580,3.485030,3.151565,1.983000,3.840460,2.161490,4.133595,3.893676,3.385811,4.216664,3.043631,2.020766,1.215592,3.267220,2.881998
2017-11-16,3.238023,2.862830,2.943523,2.924112,3.523987,3.206624,2.000931,3.910623,2.154461,4.188239,3.948646,3.386878,4.246577,3.045712,2.041974,1.225442,3.281964,2.906498
2017-11-17,3.240121,2.844741,2.948692,2.912101,3.507156,3.210325,2.014096,3.901822,2.169606,4.203541,3.932082,3.391498,4.289096,3.028809,2.040145,1.220275,3.293529,2.897956
2017-11-20,3.246782,2.833365,2.962067,2.904391,3.525873,3.217985,2.022500,3.928147,2.161904,4.191506,3.912469,3.407155,4.305028,3.035453,2.050513,1.221910,3.296464,2.902901
2017-11-21,3.258499,2.840450,2.979987,2.920743,3.556252,3.224788,2.010732,3.951407,2.163995,4.213819,3.947850,3.416374,4.318865,3.047133,2.064278,1.230404,3.297472,2.921894
2017-11-22,3.256412,2.840067,2.980084,2.910675,3.561107,3.221969,2.015582,3.925223,2.171177,4.225436,3.951822,3.401785,4.322637,3.038467,2.058443,1.228345,3.307084,2.919309
2017-11-24,3.259366,2.844633,2.988044,2.920891,3.558341,3.218773,2.012435,3.949399,2.175239,4.214516,3.959922,3.399760,4.326056,3.042124,2.063692,1.229926,3.312491,2.926053
2017-11-27,3.257442,2.857905,2.966869,2.906276,3.564426,3.225749,2.014987,3.930584,2.146498,4.215844,3.965712,3.402121,4.323175,3.053264,2.056261,1.228654,3.297027,2.924592
2017-11-28,3.294672,2.868310,3.006927,2.897408,3.625215,3.250246,2.048657,3.957886,2.162281,4.278525,3.988177,3.472184,4.377679,3.080293,2.082365,1.244051,3.321718,2.954261
2017-11-29,3.310186,2.870313,3.010313,2.895576,3.660072,3.292701,2.077711,3.862047,2.170671,4.301554,4.007692,3.513716,4.414084,3.089302,2.055603,1.252641,3.358243,2.952463
2017-11-30,3.335458,2.880680,3.022412,2.899335,3.718422,3.313741,2.087809,3.890224,2.211692,4.296981,4.055133,3.533385,4.441481,3.113358,2.071539,1.264186,3.374968,2.978312
2017-12-01,3.327411,2.870791,2.997363,2.905572,3.684059,3.324703,2.077812,3.868880,2.236739,4.325847,4.034943,3.539424,4.430804,3.103373,2.056745,1.263746,3.375530,2.972130
2017-12-04,3.334139,2.856498,3.020699,2.879316,3.711753,3.387746,2.092856,3.807891,2.235844,4.388635,3.973618,3.566186,4.491250,3.100027,2.030515,1.268120,3.395315,2.968534
2017-12-05,3.312801,2.818147,3.004551,2.863435,3.681662,3.374708,2.066084,3.805618,2.228809,4.345517,3.964088,3.539918,4.474514,3.074265,2.027508,1.262791,3.366722,2.957857
2017-12-06,3.308128,2.826906,2.982099,2.863833,3.684996,3.391126,2.053698,3.820187,2.194701,4.324434,3.971459,3.538778,4.437019,3.080592,2.028790,1.259865,3.358899,2.958419
2017-12-07,3.322858,2.831966,3.023965,2.871457,3.720102,3.380143,2.061007,3.848639,2.200775,4.329150,3.987319,3.551533,4.455797,3.081524,2.051198,1.260269,3.360809,2.967747
2017-12-08,3.343141,2.842465,3.039535,2.881814,3.738327,3.389393,2.080449,3.860367,2.225929,4.358215,4.019362,3.571219,4.493194,3.089514,2.064529,1.266555,3.377978,2.983931
2017-12-11,3.346513,2.863297,3.035471,2.888091,3.730281,3.382843,2.084130,3.877925,2.241119,4.391749,4.025176,3.565810,4.478808,3.096297,2.063776,1.271991,3.394671,2.992922
2017-12-12,3.344681,2.808186,3.052645,2.896243,3.725370,3.375768,2.086349,3.862129,2.235014,4.398999,4.034544,3.590296,4.464112,3.074229,2.057930,1.280051,3.401352,2.998204
2017-12-13,3.343655,2.814573,3.071857,2.897238,3.731799,3.387786,2.084437,3.859916,2.231467,4.394482,4.050042,3.551350,4.469217,3.078921,2.060662,1.280622,3.413980,2.997866
2017-12-14,3.324228,2.807040,3.032866,2.897669,3.703985,3.371681,2.064836,3.848464,2.229891,4.409162,4.008371,3.528220,4.449887,3.066937,2.047137,1.275277,3.400984,2.985617
2017-12-15,3.355180,2.821507,3.059037,2.913489,3.735111,3.407376,2.091689,3.884430,2.226469,4.447171,4.062775,3.564975,4.483521,3.090294,2.067371,1.284749,3.424850,3.010479
2017-12-18,3.379744,2.794406,3.101029,2.926994,3.766626,3.424790,2.120724,3.941994,2.247037,4.481805,4.063251,3.582273,4.529176,3.079157,2.085996,1.290293,3.445146,3.029569
2017-12-19,3.368811,2.741255,3.094625,2.865039,3.764393,3.424372,2.111646,3.931727,2.249371,4.462804,4.074089,3.573889,4.542609,3.050413,2.084187,1.286819,3.411219,3.017934
2017-12-20,3.367654,2.718485,3.101248,2.835195,3.782452,3.422149,2.114515,3.935528,2.281550,4.462827,4.063310,3.563538,4.541348,3.038189,2.086835,1.284705,3.395759,3.016353
2017-12-21,3.372333,2.686682,3.123827,2.822059,3.792564,3.423115,2.130723,3.910333,2.322304,4.513594,4.045849,3.580110,4.550565,3.021494,2.078131,1.287520,3.390998,3.022566
2017-12-22,3.374269,2.698845,3.135139,2.842064,3.790394,3.438612,2.130467,3.902543,2.325212,4.525961,4.037833,3.574877,4.550453,3.023112,2.080566,1.286629,3.397924,3.021775
2017-12-26,3.377550,2.682876,3.154655,2.857178,3.793510,3.445414,2.141994,3.884463,2.344831,4.509556,4.040999,3.568743,4.559458,3.018258,2.077979,1.285579,3.410665,3.018160
2017-12-27,3.379665,2.692750,3.160702,2.868048,3.803891,3.443087,2.134379,3.893193,2.336891,4.485004,4.046503,3.572969,4.562731,3.028838,2.083331,1.287355,3.403431,3.019629
2017-12-28,3.388923,2.709140,3.174622,2.885677,3.813743,3.438480,2.141551,3.897478,2.339937,4.497508,4.052886,3.588880,4.570393,3.040658,2.089650,1.288162,3.413243,3.025841
2017-12-29,3.371528,2.711030,3.166541,2.884234,3.800718,3.434635,2.124474,3.866766,2.330529,4.472137,4.018116,3.568706,4.541573,3.034284,2.074295,1.282152,3.404213,3.014432
2018-01-02,3.396061,2.690096,3.228264,2.868887,3.823344,3.421924,2.153207,3.918915,2.377594,4.568567,4.080466,3.550391,4.592321,3.010407,2.098784,1.291116,3.429507,3.036008
2018-01-03,3.414960,2.671286,3.240773,2.872054,3.843745,3.414700,2.156243,3.969320,2.417340,4.562480,4.118205,3.575213,4.647683,3.012813,2.131615,1.296593,3.430268,3.055211
2018-01-04,3.426443,2.647757,3.252782,2.822005,3.869752,3.429050,2.168925,4.006295,2.441313,4.567383,4.119625,3.606226,4.660937,3.018143,2.137423,1.304145,3.420774,3.068088
2018-01-05,3.445946,2.647181,3.278080,2.823927,3.886249,3.440359,2.179815,4.030799,2.438459,4.605762,4.172962,3.628272,4.701769,3.024821,2.158270,1.312652,3.431030,3.088534
2018-01-08,3.456723,2.672447,3.281684,2.842576,3.900939,3.451335,2.186259,4.057360,2.450007,4.618709,4.173716,3.628464,4.703196,3.033598,2.172855,1.311578,3.455244,3.094182
2018-01-09,3.456186,2.645231,3.264448,2.807402,3.915329,3.452243,2.175297,4.042176,2.442495,4.598578,4.214295,3.655266,4.713798,3.028489,2.182639,1.314183,3.434665,3.101185
2018-01-10,3.446193,2.613938,3.253667,2.768657,3.910203,3.431024,2.169462,4.025893,2.442033,4.612669,4.204802,3.675593,4.693678,3.009817,2.173465,1.314087,3.429240,3.096441
2018-01-11,3.475179,2.606052,3.306791,2.753120,3.969632,3.426904,2.203158,4.052696,2.489935,4.684279,4.229110,3.694512,4.751377,3.010195,2.192469,1.321755,3.454530,3.119033
2018-01-12,3.495685,2.591249,3.311674,2.729069,3.997177,3.433057,2.222217,4.095694,2.520006,4.705910,4.266029,3.721872,4.794479,3.009285,2.210180,1.330222,3.459278,3.139365
2018-01-16,3.474372,2.583512,3.249231,2.738527,3.964655,3.439313,2.185382,4.080356,2.487095,4.675394,4.275157,3.699429,4.761973,3.003655,2.197958,1.329035,3.441342,3.128634
2018-01-17,3.505455,2.599508,3.257244,2.756688,3.977843,3.485893,2.196525,4.159202,2.507695,4.701343,4.323743,3.732894,4.812417,3.030199,2.231402,1.344279,3.456920,3.158456
2018-01-18,3.496639,2.590196,3.249735,2.730431,3.969742,3.472767,2.187614,4.163849,2.481194,4.722776,4.323355,3.721953,4.811759,3.016840,2.225661,1.341910,3.438826,3.153147
2018-01-19,3.519545,2.586069,3.266290,2.747195,3.994592,3.505158,2.207840,4.176338,2.480505,4.745267,4.351741,3.753384,4.867773,3.021475,2.240759,1.348269,3.455833,3.167492
2018-01-22,3.541547,2.581685,3.255637,2.772396,3.999756,3.527255,2.228037,4.193315,2.544704,4.819105,4.380814,3.782407,4.886351,3.031476,2.255308,1.357285,3.480342,3.193247
2018-01-23,3.555599,2.606908,3.264290,2.811669,4.000498,3.528626,2.243201,4.221798,2.548733,4.837335,4.385457,3.791497,4.892430,3.042324,2.263932,1.355785,3.517222,3.200025
2018-01-24,3.555489,2.595373,3.278980,2.798499,4.005667,3.524339,2.236534,4.182759,2.528239,4.873483,4.412237,3.809034,4.917601,3.042507,2.262076,1.356328,3.505216,3.198782
2018-01-25,3.552763,2.633546,3.299084,2.797809,4.005632,3.542670,2.217029,4.154709,2.500120,4.882612,4.446334,3.799540,4.893901,3.069210,2.263879,1.356360,3.497608,3.200138
2018-01-26,3.586801,2.631542,3.318419,2.797044,4.047262,3.558974,2.240726,4.236606,2.519382,4.933787,4.518070,3.841454,4.913802,3.097158,2.287601,1.377588,3.522060,3.237188
2018-01-29,3.559099,2.595840,3.281947,2.759828,4.013401,3.559978,2.224019,4.201751,2.473453,4.909295,4.511834,3.811241,4.873694,3.064669,2.254817,1.368258,3.485235,3.215726
2018-01-30,3.522335,2.597796,3.256624,2.742899,3.987271,3.546024,2.193577,4.149818,2.424171,4.879974,4.438684,3.758565,4.829515,3.053300,2.228240,1.350474,3.456295,3.182742
2018-01-31,3.523677,2.624128,3.256610,2.801636,3.984684,3.535308,2.188717,4.180861,2.424751,4.875714,4.390486,3.758825,4.804407,3.066343,2.231570,1.348920,3.477532,3.184323
2018-02-01,3.513179,2.584534,3.216687,2.740446,3.980433,3.512797,2.187683,4.159970,2.439115,4.881390,4.379920,3.791021,4.791412,3.051389,2.220150,1.348742,3.449637,3.180709
2018-02-02,3.443357,2.560628,3.116464,2.711608,3.898868,3.434990,2.141915,4.069005,2.354260,4.779302,4.310155,3.719424,4.690275,3.010551,2.171926,1.320927,3.394718,3.111465
2018-02-05,3.316193,2.509201,3.014669,2.635128,3.739610,3.328523,2.063212,3.900252,2.260948,4.577592,4.127372,3.561953,4.538832,2.902516,2.086882,1.261835,3.284287,2.981335
2018-02-06,3.361333,2.478331,3.084292,2.635403,3.785465,3.377678,2.104420,3.984314,2.279877,4.667295,4.173231,3.607532,4.636862,2.900876,2.133591,1.282992,3.303839,3.040074
2018-02-07,3.351670,2.467490,3.065443,2.622145,3.796141,3.354684,2.104246,3.946452,2.241380,4.618867,4.160501,3.609338,4.653751,2.894962,2.127387,1.281918,3.296966,3.023582
2018-02-08,3.236289,2.430327,2.951497,2.540181,3.655136,3.286514,2.036810,3.788342,2.160619,4.459986,4.014036,3.450711,4.482062,2.818875,2.035862,1.234784,3.198782,2.910171
2018-02-09,3.280263,2.484030,3.010409,2.600918,3.690920,3.321369,2.057861,3.865805,2.151890,4.520983,4.071555,3.509055,4.505311,2.869826,2.068986,1.252060,3.248714,2.953886
2018-02-12,3.320983,2.502326,3.064105,2.609265,3.748328,3.335511,2.087159,3.942220,2.199184,4.573212,4.113308,3.554436,4.543499,2.902307,2.101708,1.268535,3.279596,2.997263
2018-02-13,3.330474,2.512541,3.073341,2.627991,3.761467,3.350888,2.094691,3.952504,2.189156,4.602627,4.116447,3.570267,4.536482,2.912221,2.108991,1.271332,3.288727,3.004718
2018-02-14,3.376856,2.485865,3.127555,2.613692,3.808437,3.373066,2.139402,4.032049,2.223593,4.666357,4.169190,3.653910,4.614341,2.915046,2.153660,1.284925,3.291142,3.045270
2018-02-15,3.413025,2.541217,3.158359,2.643963,3.861380,3.426054,2.161184,4.086795,2.226280,4.697334,4.212462,3.672047,4.644140,2.961155,2.174670,1.302019,3.339662,3.084128
2018-02-16,3.415452,2.563024,3.128208,2.662371,3.869731,3.432836,2.150888,4.090760,2.215653,4.699660,4.233919,3.673541,4.636115,2.978019,2.174243,1.304894,3.345915,3.085032
2018-02-20,3.392794,2.532417,3.130138,2.634528,3.836969,3.368135,2.131312,4.112000,2.205113,4.668673,4.196913,3.661843,4.613347,2.953573,2.171544,1.291283,3.308392,3.065716
2018-02-21,3.372947,2.496721,3.122901,2.585867,3.839089,3.331780,2.120776,4.078417,2.160107,4.658406,4.180559,3.659112,4.605414,2.929777,2.164179,1.281242,3.266653,3.050466
2018-02-22,3.375318,2.508714,3.139448,2.617037,3.859774,3.344042,2.118489,4.070037,2.175340,4.656597,4.172061,3.629804,4.602390,2.940533,2.168119,1.283553,3.285137,3.054420
2018-02-23,3.427832,2.578858,3.189757,2.663601,3.896940,3.375159,2.149519,4.156284,2.216889,4.732073,4.236914,3.687805,4.655081,2.991464,2.205300,1.303059,3.343637,3.103106
2018-02-26,3.453394,2.570257,3.176692,2.672785,3.942500,3.397761,2.156961,4.222461,2.216150,4.799751,4.279611,3.730982,4.676300,3.012094,2.223542,1.322145,3.356052,3.139140
2018-02-27,3.407396,2.534490,3.124526,2.612103,3.892581,3.354433,2.118093,4.194708,2.190567,4.704259,4.246306,3.697633,4.586793,2.973800,2.196045,1.304343,3.301553,3.099943
2018-02-28,3.372722,2.515827,3.059894,2.611634,3.839971,3.330501,2.097306,4.160764,2.138523,4.623135,4.191565,3.652717,4.582177,2.941392,2.176826,1.287426,3.281295,3.068540
2018-03-01,3.337945,2.517153,3.040120,2.610751,3.770274,3.312430,2.081923,4.108146,2.139045,4.567535,4.120429,3.600974,4.532907,2.915128,2.140519,1.269304,3.277780,3.023921
2018-03-02,3.357242,2.512062,3.034995,2.605319,3.776693,3.341247,2.102382,4.159593,2.150206,4.605162,4.174912,3.619403,4.531173,2.917347,2.156427,1.274861,3.286907,3.039509
2018-03-05,3.395381,2.562675,3.084277,2.635457,3.815351,3.364549,2.126013,4.206915,2.171067,4.673234,4.214959,3.673203,4.556717,2.958806,2.182502,1.287931,3.330062,3.074640
2018-03-06,3.411364,2.530487,3.117144,2.643355,3.841301,3.371407,2.140706,4.242797,2.175795,4.693347,4.220340,3.696578,4.597205,2.944653,2.198343,1.289091,3.328961,3.082434
2018-03-07,3.408367,2.511652,3.106029,2.661697,3.842837,3.318086,2.133039,4.278268,2.166503,4.677165,4.250518,3.695548,4.570839,2.939525,2.199256,1.288537,3.330733,3.081304
2018-03-08,3.420309,2.531515,3.099321,2.674831,3.861749,3.334129,2.129645,4.293781,2.176094,4.691085,4.268420,3.709910,4.593438,2.963262,2.209572,1.295551,3.337473,3.096215
2018-03-09,3.475187,2.537866,3.156666,2.690916,3.950701,3.359722,2.162019,4.375641,2.218492,4.764170,4.334449,3.794189,4.662676,2.993246,2.258060,1.317192,3.360991,3.150097
2018-03-12,3.469708,2.551171,3.156981,2.704899,3.914180,3.364287,2.160502,4.383718,2.215506,4.773627,4.317530,3.770846,4.661227,2.993843,2.252387,1.313929,3.371392,3.146143
2018-03-13,3.456901,2.556283,3.144968,2.712511,3.902316,3.368840,2.153981,4.352861,2.206510,4.719485,4.304805,3.737333,4.641030,2.988808,2.244301,1.305937,3.368819,3.125810
2018-03-14,3.434766,2.576665,3.107757,2.713924,3.866131,3.339384,2.124574,4.340160,2.199894,4.716817,4.283858,3.698832,4.617137,2.987867,2.235927,1.294820,3.363265,3.109770
2018-03-15,3.427316,2.580010,3.072035,2.714207,3.874418,3.324505,2.109001,4.349296,2.170738,4.706310,4.276300,3.697851,4.609066,2.993257,2.231738,1.295968,3.351107,3.106381
2018-03-16,3.445122,2.605721,3.069313,2.728402,3.901900,3.334876,2.129724,4.354951,2.202314,4.703147,4.281016,3.715680,4.630887,3.010579,2.238659,1.296795,3.376931,3.109750
2018-03-19,3.406347,2.586886,3.025592,2.700003,3.870793,3.311137,2.103992,4.293296,2.158987,4.607607,4.215981,3.687287,4.584868,2.988501,2.213495,1.280122,3.336762,3.067674
2018-03-20,3.408364,2.575545,3.017511,2.694879,3.886610,3.307941,2.097339,4.310696,2.177725,4.559614,4.207250,3.701973,4.600230,2.989311,2.234233,1.279561,3.320313,3.072891
2018-03-21,3.407901,2.567298,3.057786,2.673326,3.888925,3.260548,2.103431,4.309342,2.238902,4.560873,4.194379,3.699073,4.598072,2.978872,2.230684,1.275525,3.317673,3.066993
2018-03-22,3.330300,2.576933,2.963225,2.660993,3.775530,3.225932,2.050909,4.192346,2.194707,4.458017,4.092336,3.572624,4.487353,2.940987,2.163922,1.239452,3.282694,2.990327
2018-03-23,3.265641,2.543373,2.932080,2.615337,3.713659,3.187608,2.014895,4.066585,2.174867,4.353494,4.004772,3.472377,4.408929,2.895127,2.117896,1.213763,3.233746,2.926590
2018-03-26,3.341301,2.569627,2.983718,2.651413,3.805518,3.242472,2.060445,4.199003,2.210198,4.434735,4.093299,3.581298,4.524808,2.943629,2.183005,1.245241,3.279132,3.006658
2018-03-27,3.300672,2.607205,2.950523,2.664761,3.743768,3.238549,2.030464,4.081991,2.188204,4.356214,4.039553,3.514834,4.474985,2.947455,2.129838,1.228002,3.283522,2.955510
2018-03-28,3.299161,2.610115,2.900313,2.722280,3.731384,3.263775,2.036827,4.035836,2.146187,4.333102,4.047653,3.526588,4.460144,2.955957,2.114918,1.228513,3.311129,2.946777
2018-03-29,3.341755,2.627313,2.969448,2.722554,3.791934,3.302384,2.060956,4.107939,2.184348,4.417518,4.083255,3.568979,4.527535,2.979731,2.158223,1.243223,3.331982,2.984430
2018-04-02,3.268476,2.607291,2.903500,2.687171,3.708856,3.225724,2.008710,3.995038,2.147149,4.322790,3.994939,3.489145,4.409515,2.940422,2.102990,1.215581,3.280341,2.920012
2018-04-03,3.308757,2.618854,2.938123,2.704346,3.767224,3.258674,2.036161,4.044399,2.187390,4.360494,4.048036,3.536186,4.462815,2.967076,2.128398,1.231703,3.314766,2.957438
2018-04-04,3.347116,2.622880,2.960565,2.739721,3.793274,3.314813,2.065691,4.100029,2.190539,4.413379,4.091487,3.571223,4.556492,2.987374,2.153589,1.247661,3.357592,2.989080
2018-04-05,3.369164,2.642136,3.027520,2.740559,3.822820,3.322977,2.085926,4.096788,2.228714,4.453438,4.105312,3.590657,4.597687,3.001454,2.165927,1.256529,3.377316,3.012669
2018-04-06,3.296256,2.623923,2.940843,2.716634,3.717864,3.294521,2.036830,3.987794,2.192318,4.379038,3.987928,3.502013,4.497927,2.965492,2.109498,1.226807,3.331758,2.945529
2018-04-09,3.302064,2.629071,2.939345,2.711523,3.708974,3.297665,2.035582,4.008765,2.199030,4.400177,4.021286,3.515892,4.488710,2.968532,2.121532,1.233995,3.330711,2.960046
2018-04-10,3.349207,2.611049,2.996590,2.702315,3.765430,3.305191,2.070089,4.114858,2.275140,4.465288,4.099030,3.568873,4.537675,2.975362,2.165177,1.253828,3.367135,3.007112
2018-04-11,3.334364,2.609260,2.978637,2.705412,3.733016,3.302228,2.066804,4.100471,2.295429,4.434732,4.061371,3.533450,4.520626,2.965481,2.153015,1.244326,3.368958,2.991348
2018-04-12,3.353553,2.575307,3.001296,2.674312,3.777120,3.292639,2.079948,4.160077,2.294632,4.456976,4.091521,3.585408,4.538497,2.953537,2.181372,1.256500,3.361787,3.015958
2018-04-13,3.344550,2.593688,2.999299,2.687946,3.765539,3.297689,2.066701,4.141174,2.322605,4.443236,4.084226,3.548644,4.509183,2.964073,2.165698,1.251248,3.369840,3.007112
2018-04-16,3.376631,2.630568,3.045150,2.701395,3.811509,3.328122,2.080207,4.168423,2.354909,4.499100,4.127490,3.575125,4.559557,2.996218,2.181039,1.255981,3.403263,3.031836
2018-04-17,3.404501,2.658812,3.087913,2.734495,3.833987,3.343420,2.089925,4.236488,2.369878,4.584394,4.169275,3.576964,4.602796,3.015168,2.219798,1.265286,3.426088,3.064272
2018-04-18,3.413109,2.646390,3.124470,2.728967,3.878354,3.327902,2.092198,4.226111,2.407210,4.573212,4.189799,3.573156,4.630405,3.007062,2.223761,1.261117,3.417455,3.066540
2018-04-19,3.388567,2.644960,3.095659,2.681863,3.864768,3.260531,2.074327,4.145932,2.407424,4.578230,4.146625,3.612035,4.580673,2.995140,2.196597,1.250241,3.369309,3.049528
2018-04-20,3.363643,2.622533,3.067857,2.655490,3.838163,3.201527,2.058980,4.108172,2.399152,4.529404,4.117411,3.611240,4.555571,2.972514,2.178498,1.241340,3.347084,3.023670
2018-04-23,3.368605,2.625787,3.058460,2.656866,3.829601,3.207587,2.073744,4.079357,2.413454,4.537668,4.135081,3.609441,4.588458,2.971906,2.173491,1.241467,3.358518,3.023217
2018-04-24,3.333691,2.643164,2.979056,2.662634,3.727834,3.194843,2.058748,4.032045,2.385789,4.459826,4.085479,3.579324,4.553249,2.961066,2.131116,1.226879,3.355411,2.982502
2018-04-25,3.341604,2.644139,2.997059,2.655823,3.741163,3.205843,2.057281,4.028399,2.401102,4.482595,4.119459,3.578914,4.576101,2.959938,2.134261,1.228435,3.360394,2.989873
2018-04-26,3.366888,2.673045,3.017627,2.692104,3.721833,3.223262,2.064582,4.097349,2.445710,4.509815,4.157676,3.588892,4.648544,2.988058,2.165600,1.236897,3.390506,3.020268
2018-04-27,3.377380,2.701068,3.012798,2.740126,3.724617,3.243134,2.076068,4.084824,2.425383,4.451431,4.171685,3.597391,4.677607,3.004408,2.160908,1.237779,3.424184,3.023103
2018-04-30,3.347165,2.692889,2.975584,2.726526,3.681232,3.211673,2.055655,4.054293,2.423038,4.431144,4.115383,3.566126,4.631330,2.987925,2.145298,1.227534,3.400867,2.999854
2018-05-01,3.350610,2.686477,2.974967,2.748874,3.669366,3.192109,2.060768,4.093885,2.414234,4.480355,4.125195,3.561983,4.621447,2.986949,2.153950,1.227960,3.392041,3.005184
2018-05-02,3.321176,2.681998,2.977841,2.734644,3.630381,3.120120,2.036495,4.077922,2.441531,4.430074,4.096558,3.510645,4.578119,2.963302,2.136336,1.217365,3.379104,2.984997
2018-05-03,3.311315,2.685742,2.994486,2.734330,3.634074,3.114213,2.019980,4.094083,2.422724,4.418560,4.056762,3.483108,4.576156,2.962108,2.147661,1.214844,3.382261,2.978419
2018-05-04,3.349190,2.699281,3.031927,2.767819,3.680449,3.149635,2.037010,4.163336,2.441693,4.498977,4.096401,3.526997,4.624217,2.985546,2.170646,1.227776,3.425189,3.016979
2018-05-07,3.354623,2.687590,3.012590,2.774293,3.702155,3.136960,2.039113,4.188272,2.443891,4.534149,4.094241,3.546571,4.613914,2.981684,2.184790,1.233356,3.419531,3.027186
2018-05-08,3.351842,2.619850,3.013525,2.752543,3.736333,3.131920,2.036461,4.208561,2.459659,4.496620,4.061094,3.559509,4.622290,2.946261,2.192848,1.232897,3.391904,3.027186
2018-05-09,3.378046,2.605576,3.051658,2.773576,3.769377,3.140722,2.053059,4.264200,2.509959,4.520306,4.084270,3.596844,4.642385,2.944092,2.224752,1.244603,3.414549,3.056446
2018-05-10,3.407746,2.640971,3.065816,2.798554,3.796507,3.154518,2.066080,4.313052,2.527425,4.591002,4.144013,3.628515,4.664744,2.973331,2.246944,1.257003,3.451025,3.085026
2018-05-11,3.410951,2.645780,3.064364,2.785045,3.808973,3.153652,2.068164,4.276182,2.527408,4.560018,4.196102,3.632921,4.674531,2.974641,2.251437,1.262160,3.448607,3.094439
2018-05-14,3.412408,2.636324,3.077603,2.765691,3.796879,3.155934,2.067215,4.295300,2.547124,4.586394,4.219338,3.625591,4.673264,2.963946,2.251141,1.264812,3.446632,3.095913
2018-05-15,3.395449,2.610127,3.079854,2.717432,3.786990,3.147894,2.069999,4.278780,2.550106,4.541248,4.156357,3.623972,4.639565,2.941552,2.238328,1.257567,3.425862,3.074592
2018-05-16,3.414360,2.590496,3.108606,2.707454,3.806703,3.173397,2.097475,4.312565,2.561916,4.571606,4.172090,3.634366,4.679181,2.930506,2.251973,1.264835,3.449026,3.087521
2018-05-17,3.416419,2.569636,3.118341,2.693180,3.816999,3.179321,2.099149,4.296500,2.610021,4.542336,4.177909,3.643753,4.682436,2.923236,2.248184,1.261322,3.444666,3.084913
2018-05-18,3.412124,2.570020,3.136047,2.695379,3.837887,3.159034,2.090080,4.272785,2.587724,4.534715,4.195269,3.627025,4.681470,2.921856,2.252424,1.261122,3.430619,3.077201
2018-05-21,3.434371,2.577217,3.145303,2.730594,3.887861,3.171034,2.100523,4.300224,2.607050,4.562537,4.210916,3.649258,4.707441,2.937194,2.271689,1.270824,3.463323,3.100336
2018-05-22,3.421084,2.588874,3.114791,2.737368,3.837293,3.163904,2.087412,4.298889,2.575559,4.554565,4.192431,3.662815,4.669665,2.939311,2.254121,1.266176,3.461399,3.091717
2018-05-23,3.428113,2.612455,3.119976,2.762446,3.835513,3.173238,2.088141,4.314512,2.575844,4.547646,4.203746,3.641813,4.711556,2.957617,2.274346,1.268463,3.474699,3.100223
2018-05-24,3.426649,2.635381,3.104778,2.751780,3.856918,3.171925,2.085007,4.320377,2.538619,4.540368,4.193143,3.631308,4.720045,2.961459,2.278760,1.263781,3.476549,3.093872
2018-05-25,3.420663,2.644455,3.092472,2.763455,3.848895,3.179740,2.079571,4.314678,2.476242,4.538724,4.195484,3.617099,4.717764,2.963645,2.265976,1.258865,3.471288,3.086500
2018-05-29,3.382673,2.642715,3.045696,2.772076,3.793244,3.176774,2.053634,4.284069,2.472658,4.472040,4.154135,3.510471,4.673179,2.950356,2.248359,1.241244,3.456632,3.051002
2018-05-30,3.427096,2.665266,3.079335,2.810151,3.843166,3.220241,2.080839,4.321454,2.541841,4.500765,4.214085,3.572159,4.715400,2.989006,2.273075,1.259236,3.505642,3.091717
2018-05-31,3.395301,2.667616,3.054945,2.799472,3.789341,3.140627,2.056741,4.292130,2.518885,4.484383,4.169672,3.545747,4.695803,2.977952,2.249282,1.248694,3.488090,3.072777
2018-06-01,3.426355,2.625906,3.086778,2.810032,3.832670,3.140800,2.082023,4.374696,2.533912,4.532794,4.217016,3.586985,4.742639,2.968902,2.283566,1.264882,3.494953,3.102945
2018-06-04,3.439475,2.606595,3.092788,2.839279,3.835075,3.168507,2.085987,4.403621,2.509903,4.559258,4.244190,3.602704,4.782152,2.967707,2.280979,1.259450,3.499661,3.117688
2018-06-05,3.445446,2.587099,3.118489,2.829487,3.849145,3.166201,2.103405,4.439816,2.504026,4.584686,4.244569,3.595399,4.773081,2.957749,2.295362,1.260077,3.506872,3.119957
2018-06-06,3.473028,2.532719,3.176247,2.839561,3.877266,3.162980,2.129634,4.477104,2.515243,4.634011,4.295774,3.649685,4.826862,2.943163,2.314356,1.276221,3.509736,3.146041
2018-06-07,3.473799,2.545351,3.168848,2.838811,3.884444,3.173277,2.126779,4.435679,2.554592,4.634725,4.287419,3.652942,4.838378,2.949316,2.292596,1.273262,3.526248,3.145701
2018-06-08,3.490520,2.545231,3.178597,2.851769,3.902775,3.216827,2.138842,4.442324,2.547001,4.649994,4.321644,3.669183,4.862737,2.960949,2.306273,1.280087,3.545055,3.155001
2018-06-11,3.497159,2.532383,3.179017,2.845559,3.905820,3.249916,2.144507,4.446551,2.567545,4.691428,4.339288,3.657241,4.883374,2.952218,2.307306,1.279407,3.555848,3.159197
2018-06-12,3.507394,2.568382,3.181848,2.863364,3.910766,3.263049,2.153483,4.471564,2.545872,4.726648,4.345406,3.650739,4.896300,2.975302,2.315189,1.280920,3.572398,3.163280
2018-06-13,3.485367,2.562436,3.165814,2.800874,3.881666,3.249414,2.125421,4.468820,2.542862,4.711918,4.344680,3.639331,4.842898,2.961194,2.312008,1.274507,3.524524,3.153186
2018-06-14,3.495484,2.591863,3.177292,2.828875,3.870822,3.258889,2.130985,4.487000,2.537405,4.816484,4.370019,3.619317,4.857947,2.981335,2.319724,1.276899,3.549380,3.161125
2018-06-15,3.497799,2.608256,3.158988,2.821015,3.865967,3.294078,2.131836,4.484295,2.482001,4.848088,4.383192,3.624217,4.868383,2.997311,2.317073,1.278111,3.550098,3.157092
2018-06-18,3.491093,2.617723,3.157238,2.813829,3.854927,3.260875,2.134515,4.477500,2.512473,4.830683,4.340473,3.617867,4.871378,2.992454,2.322974,1.271805,3.535774,3.150599
2018-06-19,3.475600,2.641883,3.107830,2.816289,3.786079,3.269854,2.124057,4.446435,2.512488,4.832835,4.343297,3.612140,4.822900,3.001912,2.301364,1.264218,3.552613,3.138523
2018-06-20,3.480987,2.641158,3.100415,2.849384,3.793994,3.264492,2.134192,4.440568,2.535301,4.863764,4.352413,3.602676,4.814803,2.996127,2.305525,1.262322,3.570721,3.143878
2018-06-21,3.462001,2.648466,3.078972,2.872661,3.742139,3.270943,2.116970,4.407737,2.482306,4.830698,4.332608,3.592299,4.788962,2.992679,2.284829,1.253310,3.569331,3.124169
2018-06-22,3.471503,2.667398,3.114183,2.897809,3.746547,3.299680,2.122265,4.379349,2.518626,4.864037,4.354760,3.585441,4.780385,3.009766,2.266945,1.256392,3.598616,3.129865
2018-06-25,3.433841,2.711498,3.055658,2.891781,3.699829,3.311928,2.095325,4.289338,2.466822,4.777483,4.303652,3.549083,4.688978,3.028696,2.217105,1.239381,3.591099,3.087259
2018-06-26,3.435789,2.715167,3.067640,2.900904,3.702419,3.301873,2.094862,4.300375,2.502526,4.783463,4.291611,3.529884,4.712090,3.024709,2.228923,1.241675,3.601343,3.094094
2018-06-27,3.404675,2.730288,3.067800,2.892776,3.671881,3.290935,2.067722,4.221486,2.527241,4.748219,4.245391,3.480030,4.644477,3.017204,2.192531,1.230388,3.590225,3.068462
2018-06-28,3.418884,2.731970,3.082430,2.922078,3.677162,3.310831,2.073255,4.262985,2.527376,4.805411,4.248771,3.502527,4.644226,3.029950,2.212432,1.243084,3.609538,3.086006
2018-06-29,3.422169,2.734575,3.097463,2.929760,3.686896,3.304370,2.068305,4.276932,2.539188,4.784405,4.259353,3.498080,4.654670,3.032934,2.216933,1.247143,3.603300,3.090449
2018-07-02,3.424419,2.754178,3.077413,2.910332,3.696084,3.279985,2.067317,4.308015,2.501323,4.796832,4.274056,3.515050,4.645865,3.043290,2.216627,1.248982,3.590484,3.097056
2018-07-03,3.419303,2.759998,3.079197,2.927296,3.680171,3.289332,2.069342,4.268034,2.520261,4.773934,4.281491,3.490435,4.636641,3.046341,2.202754,1.243942,3.609797,3.086120
2018-07-05,3.447431,2.777533,3.098271,2.964704,3.706173,3.336351,2.084911,4.329021,2.522775,4.822436,4.320807,3.500285,4.668205,3.069109,2.212937,1.255223,3.646221,3.111296
2018-07-06,3.472463,2.798012,3.117450,2.977791,3.715172,3.349709,2.098183,4.372692,2.545985,4.885848,4.384652,3.517800,4.703648,3.085709,2.233529,1.265006,3.667870,3.137612
2018-07-09,3.500539,2.709662,3.142633,2.956524,3.780596,3.338332,2.124545,4.408901,2.584375,4.920357,4.417182,3.594598,4.760206,3.052126,2.259590,1.274883,3.659944,3.165864
2018-07-10,3.512186,2.733692,3.160888,2.967811,3.791509,3.371585,2.127666,4.428319,2.595219,4.933820,4.430332,3.586120,4.777212,3.072896,2.270087,1.282723,3.681458,3.177256
2018-07-11,3.483816,2.759142,3.109592,2.956102,3.744803,3.369685,2.099279,4.377227,2.541275,4.915352,4.398793,3.566601,4.737186,3.080662,2.245513,1.274297,3.658676,3.154017
2018-07-12,3.503602,2.763806,3.118284,2.963056,3.780874,3.372499,2.104130,4.439495,2.541826,4.967533,4.443356,3.572962,4.763031,3.090941,2.274479,1.286252,3.656564,3.182611
2018-07-13,3.507620,2.763285,3.112360,2.953905,3.806128,3.391241,2.104383,4.432933,2.556474,4.955358,4.457431,3.560865,4.778182,3.089531,2.278585,1.286521,3.652972,3.185117
2018-07-16,3.497550,2.760171,3.088792,2.938247,3.776234,3.368794,2.095281,4.423159,2.528126,4.954839,4.427616,3.595846,4.774612,3.084088,2.276718,1.286630,3.638223,3.182269
2018-07-17,3.511956,2.754727,3.125238,2.919170,3.793144,3.393898,2.108094,4.459940,2.521610,4.891574,4.451228,3.608838,4.817501,3.087578,2.291223,1.289578,3.635670,3.195142
2018-07-18,3.521169,2.740574,3.134587,2.907869,3.836034,3.353354,2.109645,4.472247,2.523285,4.887851,4.451301,3.658869,4.832829,3.083716,2.304699,1.291717,3.631114,3.201863
2018-07-19,3.520171,2.766177,3.111096,2.939475,3.854137,3.362775,2.116681,4.450295,2.529324,4.860847,4.453769,3.605792,4.834886,3.094404,2.297535,1.287308,3.644012,3.189788
2018-07-20,3.508921,2.743538,3.101048,2.914446,3.856580,3.369806,2.103522,4.431288,2.525095,4.828673,4.449486,3.600368,4.812630,3.082493,2.296439,1.287527,3.626104,3.186142
2018-07-23,3.510352,2.726355,3.083069,2.908873,3.830609,3.359986,2.109265,4.433637,2.512710,4.839977,4.459513,3.638296,4.823480,3.072198,2.301053,1.290134,3.628686,3.192066
2018-07-24,3.508703,2.735516,3.113919,2.897159,3.838227,3.360961,2.093559,4.412326,2.532853,4.837140,4.474886,3.645961,4.797054,3.075266,2.290658,1.295145,3.638479,3.208129
2018-07-25,3.537324,2.749254,3.137626,2.924787,3.886326,3.380895,2.107507,4.475344,2.557832,4.840996,4.538704,3.657109,4.806748,3.101477,2.324771,1.306302,3.653729,3.235470
2018-07-26,3.553030,2.782929,3.153224,2.930661,3.922858,3.407455,2.121569,4.517842,2.595135,4.817373,4.523102,3.651300,4.803181,3.124360,2.328005,1.307609,3.665936,3.227837
2018-07-27,3.534753,2.771871,3.137264,2.894993,3.919141,3.395783,2.117248,4.462560,2.579315,4.786362,4.477572,3.645879,4.790543,3.114264,2.294731,1.299909,3.647829,3.205964
2018-07-30,3.519728,2.754188,3.120366,2.898461,3.887279,3.388220,2.120792,4.383603,2.601476,4.748669,4.469563,3.633432,4.776037,3.094054,2.258325,1.295431,3.673752,3.189218
2018-07-31,3.545461,2.785765,3.138633,2.949798,3.974748,3.405955,2.127831,4.405029,2.600966,4.778834,4.502362,3.623308,4.806563,3.127698,2.268297,1.302086,3.696751,3.204939
2018-08-01,3.523344,2.759661,3.109593,2.967450,3.931737,3.376188,2.104703,4.397888,2.567710,4.756391,4.501208,3.610966,4.754713,3.114150,2.255247,1.300992,3.670002,3.199585
2018-08-02,3.538551,2.775276,3.127520,2.953951,3.944662,3.425995,2.107291,4.438572,2.562864,4.765147,4.544287,3.607668,4.779972,3.116719,2.282727,1.305503,3.678633,3.217015
2018-08-03,3.559271,2.804146,3.153819,2.994478,3.951503,3.468875,2.126307,4.448621,2.559578,4.835284,4.561446,3.618521,4.797245,3.143439,2.287389,1.314285,3.719302,3.230799
2018-08-06,3.567782,2.814527,3.144801,2.988192,3.969034,3.471299,2.124120,4.478366,2.578915,4.854672,4.566722,3.624391,4.819324,3.149637,2.301699,1.318713,3.712330,3.242647
2018-08-07,3.577289,2.809845,3.158323,2.981629,3.988428,3.462393,2.123352,4.511559,2.598344,4.851339,4.574111,3.642867,4.840601,3.151052,2.322728,1.321554,3.714535,3.253356
2018-08-08,3.572055,2.803494,3.159495,2.961985,3.975674,3.436424,2.124390,4.517096,2.583212,4.850392,4.567518,3.648929,4.837894,3.144867,2.332364,1.320310,3.694336,3.251989
2018-08-09,3.567034,2.815161,3.166130,2.963416,3.961386,3.432376,2.125500,4.496342,2.553406,4.878979,4.559650,3.631198,4.853666,3.151771,2.333805,1.321797,3.688250,3.247546
2018-08-10,3.538663,2.803701,3.126461,2.932691,3.932120,3.422502,2.107288,4.448847,2.569290,4.762912,4.533922,3.593450,4.817664,3.137243,2.324625,1.312468,3.663007,3.225787
2018-08-13,3.521833,2.804924,3.093567,2.931148,3.911632,3.426444,2.089508,4.435135,2.534386,4.768174,4.532821,3.569198,4.769359,3.135630,2.309141,1.306434,3.648924,3.213711
2018-08-14,3.549804,2.811748,3.110008,2.946818,3.939987,3.458290,2.113927,4.458325,2.544062,4.808671,4.566149,3.600529,4.832213,3.148739,2.338024,1.312411,3.677268,3.234217
2018-08-15,3.527733,2.832795,3.050814,2.975504,3.929917,3.466888,2.085206,4.416949,2.454022,4.752567,4.552036,3.581050,4.792307,3.159794,2.284352,1.305603,3.668151,3.210066
2018-08-16,3.556504,2.868329,3.065745,3.000755,3.963710,3.503271,2.104584,4.437080,2.465381,4.781397,4.590107,3.621957,4.811774,3.184095,2.294251,1.319264,3.705885,3.236040
2018-08-17,3.575119,2.881242,3.083365,3.031009,3.994919,3.540886,2.117800,4.446293,2.468536,4.771934,4.610224,3.630884,4.841299,3.199743,2.299159,1.323059,3.738069,3.247432
2018-08-20,3.591531,2.873927,3.103498,3.031289,4.024677,3.551241,2.140086,4.455412,2.490952,4.774692,4.611622,3.646023,4.882928,3.195675,2.323355,1.326539,3.753174,3.254381
2018-08-21,3.602215,2.854328,3.113076,3.007562,4.054809,3.513014,2.152940,4.479632,2.509484,4.830231,4.616172,3.658804,4.931557,3.182571,2.336933,1.330608,3.743988,3.262014
2018-08-22,3.593049,2.832430,3.108456,2.990017,4.023100,3.498059,2.142564,4.493899,2.536597,4.825351,4.628930,3.647497,4.909224,3.163181,2.350814,1.329073,3.722633,3.260077
2018-08-23,3.584661,2.831634,3.085608,2.984392,4.005701,3.493641,2.134752,4.511117,2.527020,4.790796,4.624270,3.629548,4.903289,3.162190,2.358412,1.328859,3.711046,3.255748
2018-08-24,3.604248,2.843202,3.121231,3.000880,4.020872,3.497893,2.140026,4.566206,2.546299,4.854820,4.645076,3.650359,4.916007,3.180058,2.377181,1.336189,3.719460,3.275342
2018-08-27,3.626851,2.825983,3.160982,2.997390,4.061360,3.494646,2.155013,4.607491,2.557011,4.883040,4.673803,3.691005,4.948682,3.174018,2.391106,1.346146,3.736896,3.301202
2018-08-28,3.629003,2.821620,3.148231,3.032507,4.058977,3.482352,2.160638,4.620756,2.541775,4.868936,4.683926,3.690045,4.943715,3.167122,2.396762,1.345430,3.743249,3.302797
2018-08-29,3.642668,2.840267,3.170995,3.029554,4.064494,3.492588,2.168515,4.643079,2.557515,4.894293,4.717268,3.694116,4.966489,3.179142,2.412472,1.352178,3.747159,3.320569
2018-08-30,3.618618,2.844069,3.133103,3.012593,4.031059,3.464671,2.149515,4.612603,2.552073,4.875336,4.700681,3.665560,4.921960,3.171499,2.397943,1.345135,3.725451,3.307126
2018-08-31,3.621782,2.830984,3.124786,3.025623,4.036910,3.478802,2.150264,4.627181,2.529682,4.846764,4.706106,3.671537,4.939041,3.170340,2.406275,1.345265,3.718552,3.307240
2018-09-04,3.615885,2.847593,3.101192,2.998011,4.037828,3.480025,2.142140,4.622190,2.517480,4.789650,4.673090,3.691542,4.941204,3.175785,2.410961,1.343940,3.693647,3.301544
2018-09-05,3.618111,2.883937,3.108967,3.017791,4.065385,3.516623,2.138628,4.586713,2.501556,4.737266,4.670931,3.685144,4.927710,3.203999,2.373815,1.342685,3.722397,3.292658
2018-09-06,3.610091,2.892574,3.115779,3.029154,4.073408,3.538632,2.121635,4.548319,2.455679,4.722685,4.674860,3.670152,4.920594,3.217806,2.363745,1.341849,3.715854,3.282747
2018-09-07,3.596498,2.859670,3.090337,2.990980,4.060883,3.532714,2.108448,4.537752,2.451304,4.729465,4.676864,3.660656,4.913385,3.196552,2.351895,1.340389,3.695507,3.276368
2018-09-10,3.610572,2.879571,3.083948,3.008850,4.101240,3.537945,2.117649,4.575648,2.450949,4.737935,4.672308,3.656204,4.944039,3.211852,2.368378,1.344881,3.711845,3.282064
2018-09-11,3.612634,2.872265,3.099971,3.006417,4.105017,3.523698,2.120988,4.566547,2.476255,4.775154,4.663664,3.661298,4.950748,3.210925,2.375102,1.344952,3.707445,3.292886
2018-09-12,3.618066,2.871525,3.119423,3.007392,4.113629,3.556159,2.123961,4.555629,2.489183,4.796387,4.691577,3.635876,4.970007,3.207237,2.374799,1.349304,3.731077,3.293684
2018-09-13,3.634815,2.893722,3.131195,3.023939,4.128378,3.542955,2.127214,4.601430,2.492116,4.852036,4.751624,3.642480,4.975242,3.228685,2.380354,1.355157,3.739199,3.313164
2018-09-14,3.638955,2.873729,3.132448,2.995984,4.150080,3.534069,2.128403,4.617220,2.495800,4.828659,4.744218,3.674561,4.989461,3.216366,2.387356,1.352922,3.731933,3.313734
2018-09-17,3.627211,2.882937,3.146985,3.010948,4.147732,3.536272,2.118903,4.565482,2.495339,4.792302,4.719730,3.652426,4.967880,3.222129,2.356870,1.347984,3.744166,3.296190
2018-09-18,3.642945,2.878495,3.162427,2.993492,4.176480,3.517963,2.129335,4.597830,2.511608,4.833588,4.749562,3.669024,5.011878,3.217162,2.384182,1.354834,3.738474,3.314076
2018-09-19,3.643198,2.819594,3.200957,2.961817,4.161753,3.503568,2.134691,4.583638,2.515891,4.834800,4.746603,3.716895,5.039088,3.186407,2.354679,1.355969,3.725898,3.317607
2018-09-20,3.669414,2.827056,3.226164,2.986067,4.167259,3.538888,2.153113,4.640983,2.516173,4.879823,4.788753,3.749777,5.060971,3.203319,2.362002,1.368931,3.744626,3.344492
2018-09-21,3.673519,2.838748,3.222834,2.983997,4.171963,3.543187,2.164485,4.642646,2.531681,4.876138,4.790266,3.745265,5.055366,3.210631,2.363015,1.371706,3.748011,3.341437
2018-09-24,3.643903,2.812741,3.184969,2.927984,4.119860,3.499512,2.134667,4.644476,2.556129,4.875174,4.802827,3.704316,4.999930,3.177338,2.366283,1.364869,3.696170,3.330337
2018-09-25,3.631139,2.778404,3.183281,2.926667,4.108001,3.483470,2.124377,4.623456,2.571605,4.878597,4.800312,3.683827,4.979249,3.154571,2.376736,1.361473,3.664584,3.327247
2018-09-26,3.615021,2.748702,3.150485,2.894089,4.099186,3.482152,2.117540,4.594703,2.540765,4.885651,4.813581,3.644575,4.989137,3.127510,2.372665,1.357848,3.640925,3.317291
2018-09-27,3.614890,2.775524,3.135643,2.901682,4.097237,3.468106,2.111158,4.599686,2.537962,4.908756,4.839109,3.633434,4.973573,3.139454,2.375669,1.360571,3.647317,3.326560
2018-09-28,3.620498,2.817303,3.126774,2.941582,4.091558,3.480165,2.111588,4.619269,2.531631,4.916401,4.862106,3.607057,4.964413,3.164310,2.379635,1.360113,3.664658,3.326903
2018-10-01,3.622698,2.811544,3.156347,2.915680,4.111125,3.477103,2.107075,4.607920,2.562661,4.915528,4.883067,3.618728,4.940528,3.158897,2.383579,1.366615,3.672048,3.338462
2018-10-02,3.616574,2.848005,3.179901,2.906981,4.108499,3.490409,2.090462,4.594656,2.561674,4.925587,4.861923,3.617346,4.891740,3.175811,2.352743,1.368328,3.674407,3.336516
2018-10-03,3.615866,2.813692,3.166468,2.877016,4.127107,3.457316,2.098649,4.601619,2.587953,4.956923,4.843805,3.638918,4.877275,3.148657,2.362767,1.366719,3.653992,3.338347
2018-10-04,3.591045,2.827891,3.155574,2.860758,4.103723,3.450351,2.073495,4.527668,2.577405,4.903059,4.784410,3.652495,4.819472,3.147557,2.320191,1.359020,3.640027,3.312256
2018-10-05,3.573136,2.869701,3.132488,2.858148,4.077837,3.460745,2.045595,4.469379,2.573066,4.854379,4.779004,3.634895,4.787730,3.166766,2.304247,1.353598,3.642795,3.293717
2018-10-08,3.577953,2.892007,3.143042,2.897193,4.071054,3.506758,2.055655,4.408296,2.569469,4.864142,4.753043,3.648524,4.799323,3.192133,2.283137,1.354192,3.675427,3.293717
2018-10-09,3.559285,2.903976,3.057250,2.902116,4.005803,3.490273,2.034235,4.387694,2.594043,4.877687,4.766249,3.637417,4.761961,3.196680,2.281970,1.353563,3.649362,3.288911
2018-10-10,3.456884,2.887940,2.981597,2.856156,3.867031,3.436595,1.970886,4.205726,2.499944,4.690562,4.643518,3.523445,4.616739,3.141720,2.176582,1.310922,3.591528,3.184773
2018-10-11,3.382487,2.830369,2.958049,2.773440,3.783224,3.350633,1.930141,4.130966,2.426402,4.628214,4.531223,3.422408,4.560054,3.064452,2.140089,1.282007,3.507271,3.114623
2018-10-12,3.412959,2.833559,2.960153,2.769475,3.804092,3.378349,1.947664,4.227956,2.439321,4.731850,4.605032,3.425956,4.611061,3.066653,2.195210,1.300614,3.507976,3.157881
2018-10-15,3.409197,2.845925,2.947821,2.787976,3.816886,3.398494,1.950654,4.188422,2.416788,4.740772,4.570500,3.409319,4.620127,3.067815,2.170588,1.293057,3.521888,3.140143
2018-10-16,3.478458,2.884171,2.993409,2.841179,3.876550,3.449377,1.994790,4.310429,2.448664,4.860795,4.710317,3.462544,4.709864,3.113690,2.229365,1.320664,3.572845,3.208805
2018-10-17,3.469921,2.879704,2.961880,2.833560,3.851530,3.446861,1.980585,4.298486,2.424472,4.895701,4.728872,3.486142,4.664571,3.120280,2.213684,1.320822,3.556931,3.209377
2018-10-18,3.423927,2.878382,2.933977,2.831798,3.763903,3.436931,1.945768,4.221440,2.401649,4.830398,4.666979,3.434522,4.599311,3.108267,2.181757,1.305037,3.535029,3.163030
2018-10-19,3.415178,2.921497,2.926972,2.858012,3.743757,3.486667,1.930700,4.186891,2.367559,4.830526,4.609731,3.457350,4.535759,3.147466,2.141126,1.308171,3.567140,3.161314
2018-10-22,3.394232,2.903578,2.915342,2.816144,3.741126,3.462632,1.914220,4.213563,2.338795,4.823407,4.576164,3.399178,4.524085,3.123573,2.152458,1.298313,3.524657,3.147123
2018-10-23,3.374840,2.887375,2.886175,2.835308,3.681821,3.469788,1.909511,4.203506,2.272196,4.816962,4.532363,3.377505,4.526974,3.115161,2.121929,1.295371,3.537134,3.131102
2018-10-24,3.283314,2.949489,2.796056,2.866220,3.550352,3.471481,1.848791,4.015178,2.178761,4.581214,4.365363,3.274917,4.378973,3.127466,2.023450,1.257813,3.497488,3.036234
2018-10-25,3.328049,2.907551,2.825351,2.904225,3.581113,3.466338,1.889762,4.105557,2.188799,4.691686,4.411085,3.332104,4.495779,3.128777,2.062041,1.278295,3.547832,3.090706
2018-10-26,3.276500,2.858816,2.804244,2.828394,3.545757,3.402158,1.847461,4.006051,2.162158,4.582636,4.368005,3.290233,4.471205,3.081400,2.021605,1.260088,3.471638,3.036349
2018-10-29,3.273929,2.893129,2.791308,2.876471,3.509305,3.440802,1.852520,3.945091,2.118276,4.530476,4.374882,3.307891,4.460701,3.110742,2.004847,1.256551,3.498790,3.019527
2018-10-30,3.343536,2.901376,2.884218,2.915103,3.592987,3.517294,1.912439,4.042344,2.174467,4.679875,4.437947,3.366205,4.533830,3.141592,2.056344,1.272290,3.556694,3.064271
2018-10-31,3.366605,2.871051,2.932620,2.881107,3.627914,3.496440,1.912500,4.131078,2.188608,4.782646,4.456506,3.412005,4.588483,3.127803,2.088452,1.282460,3.542239,3.097000
2018-11-01,3.418058,2.863690,3.024000,2.905581,3.711241,3.545350,1.954007,4.224901,2.200926,4.801344,4.523191,3.430869,4.679168,3.120388,2.119977,1.288318,3.584027,3.129958
2018-11-02,3.407704,2.849425,3.027710,2.873213,3.706162,3.517859,1.961198,4.216185,2.172550,4.765374,4.493392,3.422160,4.686919,3.105435,2.116152,1.282504,3.572138,3.111419
2018-11-05,3.431609,2.891941,3.029920,2.920702,3.721944,3.551507,1.971266,4.209319,2.223252,4.780749,4.519921,3.460856,4.701206,3.146821,2.121195,1.296335,3.632102,3.128585
2018-11-06,3.454895,2.919666,3.102703,2.931761,3.763500,3.572720,1.982553,4.238309,2.230419,4.789765,4.541116,3.484276,4.712545,3.172359,2.124483,1.301485,3.657983,3.148382
2018-11-07,3.509372,2.947781,3.158820,2.967836,3.826884,3.600148,1.987042,4.336470,2.255264,4.866935,4.691385,3.536622,4.796577,3.211201,2.190755,1.327713,3.679784,3.215785
2018-11-08,3.502153,2.940549,3.145588,2.974454,3.808978,3.597790,1.982638,4.337568,2.203223,4.862886,4.692675,3.546426,4.772296,3.218956,2.185037,1.327262,3.669423,3.209949
2018-11-09,3.472674,2.937924,3.095227,2.977341,3.773995,3.619905,1.952007,4.261827,2.199774,4.805553,4.667216,3.517244,4.721425,3.237298,2.150884,1.316882,3.645954,3.178594
2018-11-12,3.418204,2.926286,3.043734,2.981553,3.706127,3.603973,1.931906,4.121846,2.144281,4.724309,4.577099,3.451157,4.662505,3.235949,2.094008,1.291699,3.616570,3.119201
2018-11-13,3.418963,2.935911,3.041615,2.985025,3.723840,3.586437,1.932871,4.139009,2.093697,4.711180,4.547838,3.462406,4.685650,3.239086,2.091859,1.290012,3.606297,3.113365
2018-11-14,3.397880,2.892145,3.036055,2.982348,3.717994,3.562724,1.919284,4.112413,2.083650,4.722977,4.515424,3.415114,4.677443,3.222835,2.067858,1.281047,3.594800,3.092079
2018-11-15,3.424461,2.845563,3.088083,2.962072,3.774528,3.555450,1.929122,4.208759,2.111185,4.742718,4.563858,3.459143,4.675728,3.238529,2.084507,1.294120,3.604905,3.124351
2018-11-16,3.439014,2.919259,3.106965,3.003715,3.779482,3.561439,1.932349,4.202379,2.121932,4.745105,4.599345,3.459854,4.686962,3.264393,2.078492,1.300263,3.634522,3.132476
2018-11-19,3.391438,2.928119,3.042804,3.008338,3.730760,3.547886,1.903858,4.042663,2.117362,4.625557,4.503987,3.446832,4.609582,3.271282,1.996998,1.281571,3.631831,3.079491
2018-11-20,3.337294,2.912779,2.980043,2.978921,3.656567,3.482035,1.863313,4.000884,2.046891,4.514632,4.475513,3.386566,4.532911,3.238817,1.955582,1.256429,3.580648,3.022502
2018-11-21,3.355730,2.880818,3.014367,2.973092,3.690570,3.466577,1.883960,4.032736,2.091700,4.555721,4.479273,3.399961,4.577395,3.213110,1.975454,1.256938,3.583225,3.032801
2018-11-23,3.344792,2.881405,2.980627,2.963337,3.679668,3.477024,1.876723,4.020671,2.030419,4.517594,4.492012,3.383617,4.579680,3.209168,1.963153,1.247884,3.559579,3.012546
2018-11-26,3.392819,2.903094,3.014213,2.973950,3.722792,3.482389,1.916198,4.097285,2.066523,4.605921,4.547252,3.451693,4.651647,3.225990,2.006123,1.263578,3.604372,3.061181
2018-11-27,3.393889,2.930604,2.984600,2.989323,3.705905,3.509086,1.909805,4.098520,2.056808,4.628350,4.580319,3.439648,4.646588,3.239125,2.007626,1.273421,3.617079,3.071481
2018-11-28,3.459268,2.932382,3.037787,3.015855,3.793918,3.526241,1.949474,4.218552,2.089661,4.732192,4.701454,3.503965,4.744915,3.264223,2.073754,1.306716,3.645903,3.142203
2018-11-29,3.447860,2.926645,3.051347,3.017624,3.782084,3.540965,1.938639,4.180265,2.094823,4.756721,4.704033,3.470965,4.715263,3.263017,2.068550,1.306886,3.644602,3.135336
2018-11-30,3.469531,2.964848,3.050825,3.048356,3.818050,3.553907,1.947507,4.228371,2.086524,4.740892,4.732849,3.498881,4.719248,3.306275,2.078829,1.320664,3.662000,3.154447
2018-12-03,3.506890,2.995241,3.099723,3.064766,3.852196,3.572590,1.970131,4.314719,2.135303,4.712645,4.783551,3.515598,4.788379,3.318998,2.103279,1.332187,3.704398,3.196217
2018-12-04,3.394973,2.998989,3.000838,3.018519,3.681004,3.494586,1.892167,4.144814,2.072533,4.584163,4.655022,3.374245,4.638384,3.285490,2.035552,1.290153,3.599377,3.092652
2018-12-06,3.386918,2.998772,2.964465,3.104047,3.658635,3.498714,1.876714,4.155462,2.034926,4.623073,4.632309,3.339461,4.642949,3.297020,2.044261,1.288937,3.593255,3.087960
2018-12-07,3.311165,3.012176,2.900019,3.057873,3.563590,3.442435,1.826716,4.011996,2.018882,4.531345,4.498034,3.284117,4.505171,3.273227,1.981129,1.258004,3.548865,3.016208
2018-12-10,3.305568,3.021689,2.903481,3.044773,3.559359,3.444426,1.806375,4.058883,1.976894,4.560010,4.520842,3.250467,4.497493,3.272402,1.989640,1.260103,3.526949,3.021930
2018-12-11,3.300011,3.034130,2.892625,3.047336,3.543681,3.473472,1.797355,4.056480,1.973983,4.550576,4.539436,3.218894,4.487109,3.274954,1.991774,1.259833,3.524373,3.022616
2018-12-12,3.317428,3.022511,2.904973,2.990446,3.569252,3.474407,1.804644,4.095953,1.994464,4.596782,4.579465,3.241291,4.548413,3.253985,2.004147,1.264587,3.526160,3.037836
2018-12-13,3.303652,3.049974,2.873525,3.012604,3.552101,3.486227,1.775097,4.072895,2.004489,4.581975,4.571737,3.221572,4.515731,3.281493,1.986521,1.269965,3.524960,3.036806
2018-12-14,3.254746,3.037999,2.851195,3.008951,3.509295,3.433064,1.746649,3.986409,1.954414,4.519258,4.438316,3.183971,4.468612,3.253240,1.945131,1.242117,3.487712,2.980733
2018-12-17,3.186040,2.937292,2.805690,2.897098,3.456049,3.345856,1.703568,3.897903,1.927672,4.451426,4.335854,3.149916,4.375700,3.165064,1.890835,1.217661,3.412283,2.922255
2018-12-18,3.184703,2.911604,2.822007,2.928785,3.462917,3.320279,1.705593,3.929442,1.885699,4.452609,4.306117,3.138348,4.395271,3.160736,1.906625,1.217464,3.389195,2.919051
2018-12-19,3.136656,2.908131,2.770846,2.898706,3.401031,3.293095,1.672342,3.838485,1.864569,4.397972,4.247195,3.097654,4.316754,3.137768,1.870647,1.202996,3.348577,2.875336
2018-12-20,3.086987,2.912142,2.743184,2.860644,3.348048,3.249122,1.632345,3.778317,1.814787,4.303525,4.173394,3.068463,4.218275,3.122737,1.828365,1.183223,3.294155,2.828532
2018-12-21,3.030418,2.884155,2.718802,2.823510,3.291134,3.218655,1.583962,3.690145,1.795092,4.184357,4.111153,3.011705,4.131370,3.099747,1.788053,1.160993,3.241900,2.770576
2018-12-24,2.951256,2.763459,2.659204,2.714750,3.201351,3.137697,1.549251,3.599420,1.721515,4.086527,4.016529,2.942496,4.048515,2.976676,1.744684,1.129909,3.142186,2.697370
2018-12-26,3.085026,2.809275,2.780092,2.808932,3.348585,3.235618,1.634415,3.781657,1.828910,4.283555,4.205151,3.078892,4.245217,3.053079,1.845312,1.186207,3.273470,2.833654
2018-12-27,3.112210,2.833473,2.824275,2.816182,3.390125,3.259707,1.638144,3.829574,1.834024,4.297040,4.248643,3.118385,4.276982,3.082908,1.857324,1.198899,3.289455,2.855409
2018-12-28,3.106742,2.835026,2.800103,2.823359,3.376484,3.259003,1.633592,3.828241,1.819146,4.294107,4.244764,3.113263,4.273403,3.080470,1.854216,1.199127,3.291764,2.851725
2018-12-31,3.131744,2.843924,2.825989,2.828282,3.408577,3.275255,1.639146,3.867093,1.832292,4.319426,4.305985,3.146039,4.311648,3.097585,1.874531,1.209934,3.304714,2.876703
2019-01-02,3.130102,2.792910,2.822218,2.762746,3.419002,3.258602,1.653592,3.867633,1.867426,4.367376,4.247041,3.160546,4.336094,3.047584,1.867151,1.210341,3.327153,2.879696
2019-01-03,3.066368,2.796301,2.748251,2.778271,3.325713,3.245342,1.616655,3.698963,1.856977,4.312494,4.137446,3.098144,4.240796,3.028903,1.819599,1.179847,3.294459,2.810978
2019-01-04,3.168118,2.840144,2.867624,2.807298,3.453750,3.307073,1.681463,3.850486,1.930523,4.482128,4.266960,3.204391,4.385582,3.082360,1.884332,1.219461,3.391725,2.905134
2019-01-07,3.198144,2.808030,2.880532,2.831100,3.476488,3.333830,1.713433,3.909146,1.961346,4.533307,4.294636,3.211736,4.469685,3.074701,1.913121,1.224790,3.440161,2.928040
2019-01-08,3.232833,2.838913,2.910012,2.883563,3.518976,3.372808,1.734304,3.937671,1.988099,4.605076,4.346149,3.217971,4.534252,3.110754,1.936266,1.236849,3.478172,2.955550
2019-01-09,3.254359,2.822269,2.915687,2.873464,3.546011,3.346233,1.758769,3.989408,2.021038,4.605094,4.384816,3.238831,4.575140,3.100555,1.952172,1.240355,3.499706,2.969363
2019-01-10,3.275443,2.865164,2.927629,2.920273,3.583230,3.376444,1.757581,4.020597,2.032905,4.609907,4.418550,3.248474,4.587261,3.135531,1.949399,1.246327,3.514937,2.979837
2019-01-11,3.279884,2.852026,2.912968,2.930097,3.583517,3.386118,1.762770,4.026639,2.023808,4.628976,4.428251,3.253839,4.607906,3.130265,1.949437,1.247591,3.523833,2.980988
2019-01-14,3.260511,2.753227,2.883555,2.923017,3.578639,3.368896,1.758484,3.983493,2.024100,4.598500,4.384078,3.271285,4.575968,3.106267,1.933114,1.241109,3.512174,2.962802
2019-01-15,3.282453,2.769542,2.853498,2.955584,3.571799,3.391571,1.763603,4.023703,2.030286,4.661959,4.466968,3.298187,4.605793,3.144607,1.968112,1.251777,3.526328,2.996758
2019-01-16,3.290531,2.779531,2.868691,2.973352,3.575149,3.370554,1.769796,4.014591,2.028653,4.642347,4.472425,3.357267,4.581795,3.152761,1.966593,1.253089,3.527842,3.004009
2019-01-17,3.319708,2.782929,2.916082,2.989252,3.635164,3.391561,1.793072,4.038580,2.053543,4.654246,4.510459,3.373524,4.621733,3.172998,1.985804,1.262488,3.550025,3.026800
2019-01-18,3.370235,2.800283,2.959541,2.999619,3.710835,3.437036,1.823191,4.119342,2.100311,4.680107,4.577441,3.425776,4.688054,3.191057,2.006231,1.278071,3.607930,3.067087
2019-01-22,3.326333,2.810536,2.915323,2.993508,3.635121,3.408725,1.786761,4.033946,2.054050,4.586559,4.538384,3.396671,4.644508,3.185014,1.976717,1.262994,3.552016,3.025649
2019-01-23,3.326401,2.845481,2.891161,2.989488,3.631803,3.421838,1.777262,4.039534,2.032561,4.577850,4.551879,3.401666,4.645259,3.205461,1.976277,1.269436,3.541607,3.031980
2019-01-24,3.346577,2.941613,2.858809,3.003121,3.655004,3.371197,1.791257,4.126391,2.042460,4.608148,4.537916,3.410278,4.667308,3.202978,1.971231,1.267114,3.560872,3.033591
2019-01-25,3.380122,2.889201,2.917455,3.039270,3.703628,3.370197,1.820734,4.208602,2.076538,4.659106,4.552110,3.434885,4.726070,3.197960,1.980683,1.272300,3.621743,3.059260
2019-01-28,3.366428,2.879906,2.912153,3.070149,3.674182,3.387007,1.817162,4.167701,2.053979,4.622182,4.505566,3.424874,4.716776,3.195248,1.960692,1.262507,3.621640,3.036008
2019-01-29,3.374445,2.907715,2.943593,3.095583,3.729051,3.390956,1.816712,4.137503,2.065009,4.597156,4.523661,3.406611,4.723027,3.207356,1.955267,1.262665,3.637663,3.031980
2019-01-30,3.413447,2.925522,2.975151,3.124200,3.775417,3.414849,1.832531,4.240904,2.098387,4.618192,4.594084,3.415199,4.790828,3.233592,1.985089,1.278131,3.664461,3.079978
2019-01-31,3.439558,2.978421,2.984828,3.148649,3.789967,3.470258,1.834003,4.258901,2.103727,4.783629,4.654315,3.428872,4.822946,3.282043,2.006667,1.289262,3.708852,3.107028
2019-02-01,3.449224,2.968559,3.004221,3.131561,3.797567,3.457448,1.837799,4.314157,2.124919,4.780548,4.657292,3.455022,4.814982,3.285288,2.006456,1.294570,3.711907,3.108525
2019-02-04,3.468601,2.974194,3.007330,3.153066,3.841960,3.481869,1.847669,4.357919,2.135563,4.812042,4.658223,3.467688,4.831484,3.302608,2.018749,1.301004,3.715794,3.130394
2019-02-05,3.482466,2.976649,3.020852,3.167420,3.865889,3.480544,1.856242,4.381352,2.137321,4.859270,4.661518,3.470608,4.882347,3.306357,2.028414,1.307986,3.726179,3.143516
2019-02-06,3.481260,2.973109,3.000055,3.146555,3.866370,3.478383,1.857412,4.428409,2.118844,4.765470,4.672762,3.463296,4.881853,3.299916,2.026997,1.308460,3.710684,3.139373
2019-02-07,3.455737,3.011076,2.959169,3.173758,3.839919,3.479166,1.826980,4.361344,2.061494,4.738536,4.641351,3.448429,4.844708,3.318646,2.020330,1.296139,3.678084,3.109445
2019-02-08,3.463782,3.026276,2.964335,3.178964,3.846359,3.494947,1.841699,4.398709,2.050608,4.744328,4.639735,3.435201,4.842347,3.326303,2.038717,1.299789,3.705335,3.113244
2019-02-11,3.472613,3.024517,2.971683,3.184209,3.870115,3.499880,1.853108,4.405899,2.063550,4.687348,4.643107,3.443165,4.855931,3.326214,2.046544,1.301308,3.710921,3.114970
2019-02-12,3.515257,3.032656,3.021280,3.160959,3.932268,3.519492,1.884975,4.480324,2.084962,4.713674,4.709325,3.490058,4.926688,3.337547,2.075984,1.314846,3.753329,3.155027
2019-02-13,3.530085,3.025642,3.029179,3.183958,3.958735,3.530132,1.891945,4.490985,2.119456,4.716318,4.722371,3.503159,4.956375,3.341464,2.073692,1.319543,3.773952,3.165271
2019-02-14,3.520719,3.022308,3.016371,3.193000,3.939904,3.509486,1.881698,4.491216,2.134435,4.742498,4.736404,3.465640,4.941686,3.323796,2.080199,1.315437,3.757924,3.158250
2019-02-15,3.557927,3.031788,3.042692,3.210676,3.990073,3.544390,1.890134,4.532028,2.167333,4.787672,4.803870,3.530852,4.990978,3.347192,2.091120,1.331731,3.777546,3.192666
2019-02-19,3.565613,3.049638,3.067765,3.214333,3.987829,3.555469,1.897190,4.530417,2.175174,4.798995,4.797831,3.542379,5.009555,3.357936,2.094183,1.333141,3.796796,3.198191
2019-02-20,3.577186,3.059901,3.122784,3.198777,4.004507,3.559720,1.897423,4.560283,2.198564,4.793316,4.787869,3.563859,5.028944,3.356598,2.089465,1.336106,3.817682,3.204637
2019-02-21,3.565909,3.082016,3.123539,3.203196,4.001575,3.567742,1.883985,4.545463,2.165622,4.774390,4.748761,3.546639,5.021070,3.372319,2.087181,1.332406,3.800352,3.193242
2019-02-22,3.585442,3.095748,3.133389,3.224922,4.026071,3.539040,1.891470,4.606616,2.170275,4.817641,4.787445,3.561307,5.052263,3.384856,2.107823,1.342011,3.806067,3.213040
2019-02-25,3.584719,3.076250,3.139322,3.198554,4.030716,3.518856,1.893094,4.631435,2.174077,4.818857,4.792604,3.568707,5.030664,3.369203,2.102432,1.346269,3.800071,3.217414
2019-02-26,3.576903,3.074639,3.116979,3.192751,4.013476,3.522186,1.888601,4.632521,2.160530,4.814089,4.764845,3.563268,5.034615,3.366324,2.101788,1.347637,3.783607,3.215112
2019-02-27,3.578033,3.078205,3.119777,3.181462,4.021772,3.525257,1.892593,4.613735,2.164910,4.794834,4.754229,3.579688,5.034574,3.368243,2.109997,1.347992,3.777227,3.213730
2019-02-28,3.571428,3.092376,3.086881,3.190406,4.008181,3.546727,1.885135,4.591408,2.136977,4.807558,4.753717,3.585504,5.003985,3.384189,2.111473,1.345939,3.775761,3.207745
2019-03-01,3.593091,3.098468,3.089672,3.184928,4.014853,3.548088,1.905775,4.624815,2.180006,4.851159,4.814946,3.602295,5.024979,3.387323,2.124827,1.352525,3.790121,3.227773
2019-03-04,3.575040,3.103771,3.094725,3.197007,4.000536,3.544098,1.889492,4.597011,2.177101,4.834365,4.735072,3.578373,5.013673,3.391176,2.103488,1.343666,3.783371,3.216033
2019-03-05,3.565252,3.098337,3.068810,3.205522,3.979752,3.549841,1.882581,4.577533,2.165281,4.846774,4.712184,3.567606,5.018080,3.382975,2.105145,1.341063,3.774830,3.211659
2019-03-06,3.534702,3.099474,3.063238,3.190273,3.950211,3.545133,1.857608,4.538499,2.129650,4.834948,4.622582,3.533488,4.994849,3.382715,2.087177,1.332098,3.751068,3.192206
2019-03-07,3.508031,3.110071,3.026354,3.188246,3.925752,3.531280,1.836823,4.499903,2.110551,4.798337,4.584940,3.489271,4.960186,3.379698,2.076205,1.325681,3.732352,3.165501
2019-03-08,3.498596,3.121396,3.024501,3.192007,3.912808,3.524947,1.828708,4.496654,2.063827,4.789113,4.575572,3.485773,4.934808,3.382617,2.070151,1.324928,3.727756,3.159171
2019-03-11,3.546058,3.147605,3.071109,3.238849,3.966049,3.563711,1.853861,4.587857,2.104890,4.871109,4.636605,3.521961,4.980741,3.416815,2.096260,1.341920,3.785455,3.204982
2019-03-12,3.555688,3.171798,3.076846,3.252656,3.956562,3.556152,1.856185,4.593528,2.124234,4.879889,4.676474,3.535476,4.993034,3.433210,2.105303,1.344471,3.792656,3.217068
2019-03-13,3.578664,3.175969,3.084162,3.269774,3.987127,3.578412,1.868431,4.620017,2.152823,4.889382,4.732100,3.561109,5.005032,3.444874,2.117881,1.354875,3.807420,3.238363
2019-03-14,3.573301,3.171250,3.060745,3.276635,3.970227,3.563964,1.860541,4.621709,2.158916,4.875089,4.724525,3.574685,4.990549,3.449654,2.119861,1.356324,3.800116,3.236291
2019-03-15,3.586266,3.188500,3.072066,3.263014,3.961918,3.581386,1.862196,4.677239,2.154881,4.887452,4.753690,3.600044,5.002035,3.460682,2.124722,1.363200,3.804138,3.252280
2019-03-18,3.602367,3.175001,3.082093,3.246648,4.005718,3.592824,1.876131,4.681946,2.192120,4.861395,4.750998,3.628245,5.042540,3.450435,2.128991,1.365887,3.825933,3.264073
2019-03-19,3.596126,3.140373,3.079322,3.234983,3.986905,3.579791,1.870241,4.704758,2.186933,4.862816,4.787082,3.598385,5.050785,3.429350,2.132278,1.365439,3.810321,3.264882
2019-03-20,3.571490,3.149449,3.072461,3.245094,3.952281,3.558927,1.846712,4.678455,2.213852,4.888170,4.755678,3.527847,5.013034,3.423297,2.128068,1.359309,3.799447,3.255055
2019-03-21,3.617620,3.187762,3.107547,3.305347,3.999635,3.609321,1.873674,4.803016,2.232712,4.939465,4.787453,3.536131,5.091087,3.464216,2.164701,1.372501,3.866740,3.291819
2019-03-22,3.546168,3.204373,3.010904,3.291961,3.898699,3.605427,1.820010,4.675956,2.166705,4.869458,4.689391,3.449543,5.007008,3.467085,2.129764,1.347550,3.812431,3.228464
2019-03-25,3.547502,3.208527,3.017985,3.293311,3.902104,3.618596,1.822050,4.653486,2.170938,4.861393,4.683786,3.442518,5.040403,3.472058,2.138720,1.346245,3.812243,3.226036
2019-03-26,3.576953,3.229920,3.031097,3.321028,3.932132,3.649834,1.842453,4.692829,2.201397,4.878076,4.711067,3.485444,5.057609,3.496609,2.145083,1.358656,3.857204,3.250084
2019-03-27,3.564939,3.206274,3.039476,3.308099,3.936411,3.642658,1.842907,4.648148,2.185729,4.855173,4.667325,3.475401,5.062845,3.482294,2.128586,1.351338,3.835682,3.233089
2019-03-28,3.584903,3.169962,3.068796,3.338731,3.975601,3.664687,1.861609,4.667653,2.189897,4.843189,4.686460,3.499736,5.091174,3.474123,2.143048,1.358788,3.848723,3.245343
2019-03-29,3.608672,3.185910,3.095482,3.331149,4.015559,3.685526,1.870133,4.734282,2.185506,4.841180,4.744225,3.514233,5.114674,3.489974,2.154315,1.368665,3.854374,3.265807
2019-04-01,3.653821,3.163155,3.142607,3.328936,4.094605,3.673532,1.903479,4.829768,2.214951,4.903908,4.765779,3.590490,5.180252,3.481062,2.169433,1.383335,3.907671,3.304537
2019-04-02,3.652596,3.166204,3.145073,3.353697,4.094987,3.654225,1.903992,4.841463,2.192481,4.907360,4.748409,3.588749,5.179889,3.482454,2.173194,1.381708,3.908422,3.306155
2019-04-03,3.664354,3.164217,3.172948,3.350511,4.098863,3.639290,1.916664,4.902688,2.166900,4.928722,4.741755,3.600767,5.224463,3.478897,2.178504,1.382848,3.909624,3.311358
2019-04-04,3.676431,3.153055,3.203509,3.340224,4.119345,3.666644,1.937713,4.874748,2.181372,4.948525,4.733302,3.617162,5.259541,3.469713,2.168122,1.384664,3.930123,3.320144
2019-04-05,3.699894,3.182311,3.209465,3.366805,4.137566,3.679402,1.951455,4.901246,2.230538,4.971727,4.780322,3.625519,5.289112,3.490119,2.178427,1.388149,3.962101,3.336214
2019-04-08,3.701166,3.158564,3.217132,3.347826,4.135972,3.686392,1.953743,4.918710,2.239368,4.961519,4.775338,3.630336,5.301939,3.475993,2.174887,1.388584,3.959263,3.338758
2019-04-09,3.670465,3.164848,3.184778,3.333514,4.069521,3.679513,1.927576,4.881726,2.210423,4.969509,4.759290,3.597302,5.245069,3.474834,2.162982,1.381392,3.920210,3.321647
2019-04-10,3.689966,3.154446,3.182682,3.361726,4.074655,3.698121,1.948392,4.921001,2.229058,5.013236,4.767432,3.618903,5.277236,3.478730,2.181455,1.383897,3.937067,3.332977
2019-04-11,3.696098,3.170927,3.174767,3.357437,4.114468,3.710808,1.951104,4.933434,2.222974,5.010933,4.710767,3.638409,5.294259,3.484485,2.182174,1.381740,3.939554,3.332052
2019-04-12,3.721358,3.188053,3.209197,3.374882,4.160195,3.712677,1.964962,4.973924,2.238579,5.054906,4.678406,3.694817,5.332550,3.501160,2.186585,1.390223,3.963527,3.354597
2019-04-15,3.712973,3.185544,3.200917,3.355266,4.145096,3.734706,1.953405,4.971379,2.215088,5.055567,4.689988,3.674212,5.331264,3.500732,2.185333,1.391469,3.948862,3.352400
2019-04-16,3.710958,3.142075,3.230722,3.276420,4.164071,3.725966,1.956510,5.013091,2.226058,5.087441,4.572603,3.725890,5.343352,3.465714,2.158956,1.390217,3.965716,3.354597
2019-04-17,3.689900,3.132233,3.216109,3.239086,4.168962,3.741035,1.948252,5.006237,2.225691,5.100469,4.413485,3.715317,5.327815,3.449848,2.128683,1.384698,3.955529,3.346388
2019-04-18,3.698288,3.133201,3.222942,3.267475,4.209567,3.752968,1.949400,5.009387,2.207758,5.096429,4.442485,3.707812,5.325421,3.458326,2.137851,1.386577,3.956150,3.352978
2019-04-22,3.688512,3.127672,3.200896,3.225684,4.192332,3.754829,1.933098,5.010736,2.260186,5.107595,4.441122,3.699973,5.288110,3.444457,2.134380,1.386361,3.929843,3.355868
2019-04-23,3.722496,3.141792,3.198908,3.263850,4.234269,3.754758,1.957666,5.059257,2.250935,5.132328,4.523204,3.725689,5.360782,3.471635,2.162255,1.395830,3.949987,3.386043
2019-04-24,3.720187,3.157274,3.188383,3.294489,4.226822,3.764730,1.947246,5.065795,2.209242,5.117853,4.525415,3.724600,5.363185,3.486394,2.169635,1.393963,3.937724,3.378528
2019-04-25,3.702016,3.168620,3.131297,3.283815,4.150511,3.752763,1.923119,5.032629,2.194403,5.131841,4.570498,3.737134,5.322503,3.491256,2.167008,1.389037,3.900101,3.376447
2019-04-26,3.724261,3.171000,3.157914,3.308257,4.188326,3.775281,1.937690,5.016411,2.169958,5.203479,4.619405,3.768156,5.367612,3.506419,2.177929,1.396440,3.938513,3.392171
2019-04-29,3.723122,3.151265,3.151036,3.268374,4.194000,3.783788,1.940157,5.011572,2.167594,5.223501,4.605420,3.793118,5.359817,3.497787,2.164339,1.398789,3.931555,3.397489
2019-04-30,3.736080,3.202632,3.169790,3.307874,4.201777,3.821385,1.936248,5.040317,2.148658,5.145716,4.632412,3.811244,5.350083,3.546739,2.180236,1.406650,3.944777,3.399223
2019-05-01,3.698248,3.164830,3.111227,3.309484,4.173227,3.760424,1.912559,4.982170,2.102565,5.130550,4.604105,3.768807,5.302883,3.515076,2.148212,1.394973,3.904068,3.373673
2019-05-02,3.700060,3.157935,3.109750,3.318511,4.170562,3.765022,1.909556,4.984471,2.064681,5.092438,4.650460,3.773768,5.319353,3.517316,2.166012,1.392777,3.901843,3.366389
2019-05-03,3.733583,3.180331,3.141850,3.341461,4.223382,3.792001,1.934662,4.995880,2.086224,5.149950,4.697342,3.807700,5.362291,3.539517,2.176520,1.403197,3.952910,3.399339
2019-05-06,3.714449,3.164243,3.105280,3.327227,4.181396,3.791833,1.917155,4.945783,2.079046,5.121984,4.729113,3.798034,5.326837,3.529908,2.171463,1.398562,3.934533,3.385350
2019-05-07,3.657249,3.154625,3.043409,3.265673,4.107006,3.755972,1.890186,4.832728,2.062610,5.040269,4.644124,3.744022,5.249594,3.495332,2.134880,1.374866,3.896211,3.328815
2019-05-08,3.648619,3.107843,3.035127,3.264464,4.099800,3.754022,1.881720,4.823321,2.060170,5.027478,4.650013,3.737124,5.246230,3.481835,2.136292,1.373229,3.872993,3.324191
2019-05-09,3.644256,3.105319,3.018077,3.272101,4.094777,3.751757,1.880913,4.797326,2.049519,5.021588,4.649613,3.736770,5.250427,3.483828,2.139823,1.369340,3.869745,3.314133
2019-05-10,3.658853,3.159690,3.040538,3.308929,4.106017,3.778992,1.879905,4.801150,2.053884,5.063709,4.633313,3.770311,5.252462,3.534908,2.154180,1.378449,3.888761,3.330781
2019-05-13,3.572192,3.192336,2.968156,3.309020,3.989494,3.735779,1.816966,4.621133,2.011878,4.930343,4.534201,3.663328,5.104647,3.536368,2.112546,1.348862,3.824663,3.247078
2019-05-14,3.605540,3.165232,2.998454,3.318621,4.025646,3.748895,1.842280,4.696486,2.045428,4.965912,4.562643,3.707897,5.160670,3.533660,2.134128,1.362834,3.863314,3.276443
2019-05-15,3.617001,3.163151,2.997145,3.338709,4.032610,3.771293,1.847422,4.739007,2.055994,5.041977,4.565573,3.699425,5.180689,3.540973,2.141178,1.368939,3.885736,3.295635
2019-05-16,3.641156,3.180632,3.026053,3.357734,4.065608,3.792786,1.849076,4.770551,2.075733,5.075954,4.593084,3.741566,5.215312,3.571839,2.162452,1.382061,3.895667,3.326156
2019-05-17,3.617557,3.195503,2.997193,3.349580,4.011950,3.783922,1.835460,4.720260,2.047139,5.061619,4.576292,3.721359,5.186551,3.579838,2.148709,1.377177,3.879964,3.304652
2019-05-20,3.595570,3.199338,2.962472,3.301407,3.997380,3.775276,1.821841,4.628958,2.043656,5.020483,4.573060,3.730036,5.136889,3.568959,2.131870,1.370387,3.857848,3.282802
2019-05-21,3.633591,3.202952,3.003216,3.329594,4.047890,3.779445,1.843428,4.704948,2.076782,5.077391,4.617269,3.763507,5.199463,3.580202,2.151323,1.378993,3.896717,3.312398
2019-05-22,3.617336,3.226340,2.973743,3.336943,4.009059,3.802214,1.824054,4.673239,2.031933,5.071191,4.641982,3.753459,5.140264,3.598978,2.156888,1.377114,3.865635,3.302225
2019-05-23,3.573918,3.248190,2.927187,3.351162,3.947983,3.794076,1.793668,4.590582,1.959369,5.030811,4.611298,3.697113,5.060723,3.608342,2.129777,1.364271,3.829558,3.261876
2019-05-24,3.580374,3.241542,2.937948,3.357960,3.954550,3.787478,1.799447,4.587859,1.953790,5.033023,4.623125,3.724213,5.065746,3.607762,2.134970,1.365742,3.828656,3.269275
2019-05-28,3.542412,3.188914,2.915091,3.321242,3.913181,3.715978,1.775434,4.558512,1.931743,5.044658,4.564194,3.688831,5.031644,3.565073,2.125842,1.351517,3.761247,3.238869
2019-05-29,3.518043,3.146866,2.912327,3.282082,3.897872,3.676650,1.756351,4.533682,1.921544,4.992860,4.520123,3.693525,4.994274,3.539595,2.105683,1.343493,3.732027,3.217134
2019-05-30,3.523212,3.142842,2.916101,3.298402,3.917460,3.702967,1.745114,4.565027,1.891115,4.980943,4.541491,3.684268,5.027028,3.553078,2.129925,1.347378,3.722958,3.225921
2019-05-31,3.482352,3.160473,2.880772,3.319571,3.861224,3.669233,1.709806,4.485181,1.859415,4.912637,4.511764,3.631190,4.970262,3.571111,2.112568,1.329262,3.675974,3.182451
2019-06-03,3.505795,3.195380,2.984047,3.332292,3.896269,3.723804,1.734218,4.437726,1.886317,4.853620,4.529476,3.656616,4.980437,3.602989,2.101431,1.330405,3.725068,3.174358
2019-06-04,3.584310,3.198105,3.068348,3.313801,4.001428,3.759870,1.788137,4.591573,1.922970,4.950801,4.617732,3.745845,5.126266,3.612275,2.145278,1.358387,3.798080,3.243262
2019-06-05,3.613095,3.266009,3.075472,3.390281,4.046711,3.797761,1.799072,4.627910,1.897633,4.960467,4.646008,3.773399,5.144092,3.677958,2.178195,1.371049,3.796672,3.271356
2019-06-06,3.629384,3.285624,3.118487,3.395865,4.042858,3.830058,1.799342,4.662310,1.929753,4.976831,4.661817,3.788455,5.172788,3.696695,2.198121,1.380704,3.810107,3.292629
2019-06-07,3.655015,3.261213,3.135078,3.408337,4.080489,3.864937,1.807742,4.712872,1.936894,5.034208,4.724345,3.795454,5.239446,3.697268,2.220546,1.394163,3.820240,3.325578
2019-06-10,3.669671,3.238330,3.155453,3.403508,4.094244,3.870620,1.815055,4.774009,1.943821,5.020167,4.746655,3.815845,5.262923,3.685139,2.224158,1.396295,3.827216,3.340839
2019-06-11,3.667211,3.218266,3.156326,3.414131,4.065257,3.884687,1.821148,4.770879,1.952140,5.030550,4.729118,3.807959,5.274843,3.668374,2.216524,1.395843,3.851435,3.340030
2019-06-12,3.662298,3.259142,3.165290,3.424410,4.076643,3.889779,1.810418,4.737659,1.916343,5.021877,4.743867,3.788306,5.267535,3.697068,2.224417,1.395109,3.826888,3.334133
2019-06-13,3.687168,3.264281,3.198615,3.441010,4.114201,3.890578,1.839207,4.756231,1.947953,5.075637,4.755095,3.798504,5.307663,3.695506,2.225388,1.398589,3.873336,3.347891
2019-06-14,3.676584,3.296826,3.182302,3.452277,4.094078,3.885223,1.827804,4.694143,1.927686,5.076376,4.734255,3.809699,5.313152,3.719926,2.220089,1.397149,3.852911,3.344192
2019-06-17,3.671968,3.285193,3.167967,3.487403,4.072622,3.866219,1.826766,4.684590,1.948436,5.138391,4.763540,3.771996,5.292025,3.706944,2.213457,1.396368,3.862829,3.345463
2019-06-18,3.708615,3.277668,3.187371,3.478462,4.137134,3.848215,1.847964,4.791786,1.980685,5.196145,4.805742,3.811069,5.340355,3.699829,2.234632,1.410020,3.895009,3.380494
2019-06-19,3.722759,3.307659,3.175773,3.501906,4.148449,3.862461,1.848978,4.824202,1.979324,5.250388,4.859898,3.808932,5.345850,3.725666,2.252893,1.413947,3.900269,3.388124
2019-06-20,3.756666,3.328131,3.211156,3.522693,4.214730,3.889472,1.861135,4.887543,2.036866,5.288255,4.874285,3.837559,5.371091,3.745760,2.271524,1.430359,3.946360,3.420496
2019-06-21,3.746973,3.338929,3.195245,3.481749,4.186951,3.879789,1.859260,4.862571,2.057348,5.297645,4.890868,3.824699,5.339320,3.738633,2.256643,1.429269,3.952026,3.415523
2019-06-24,3.732357,3.335751,3.212083,3.462428,4.172304,3.883487,1.837156,4.862528,2.029992,5.294744,4.868871,3.816332,5.311623,3.740381,2.250718,1.427062,3.922585,3.411341
2019-06-25,3.707009,3.319060,3.215813,3.417362,4.148017,3.868677,1.830751,4.798005,2.012433,5.221853,4.843838,3.798701,5.263736,3.721965,2.228795,1.411621,3.883275,3.377883
2019-06-26,3.697970,3.244764,3.210508,3.352224,4.151660,3.817416,1.838203,4.857583,2.060123,5.199597,4.791049,3.779274,5.259778,3.647714,2.211121,1.409070,3.902739,3.374514
2019-06-27,3.722325,3.249167,3.222320,3.387479,4.168645,3.831017,1.854197,4.892124,2.043253,5.231577,4.834179,3.813387,5.315384,3.663573,2.225875,1.412877,3.932109,3.386480
2019-06-28,3.755844,3.271507,3.248832,3.403676,4.218778,3.840191,1.879977,4.923297,2.069180,5.273092,4.870557,3.857356,5.355815,3.679844,2.240954,1.420132,3.975935,3.403906
2019-07-01,3.780089,3.261891,3.258107,3.397363,4.236719,3.860718,1.888955,5.016015,2.074775,5.319222,4.893865,3.900939,5.386027,3.686753,2.254912,1.431113,3.970426,3.434808
2019-07-02,3.781556,3.299178,3.243274,3.455577,4.225296,3.886054,1.878726,5.003190,2.029839,5.355994,4.901043,3.900189,5.400118,3.727799,2.274742,1.437644,3.978725,3.443754
2019-07-03,3.816327,3.331969,3.265130,3.503394,4.251891,3.938657,1.898262,5.045180,2.041015,5.388508,4.952297,3.941307,5.433934,3.766037,2.301827,1.449114,4.019943,3.471287
2019-07-05,3.810098,3.327402,3.248701,3.483918,4.232833,3.927009,1.897815,5.037357,2.047732,5.401762,4.927456,3.951493,5.431739,3.755967,2.295171,1.444405,4.015953,3.467337
2019-07-08,3.790462,3.329946,3.210383,3.496458,4.200655,3.926119,1.887353,5.001928,2.049651,5.349837,4.887150,3.919940,5.417749,3.754869,2.291549,1.437651,4.007836,3.448284
2019-07-09,3.789277,3.332588,3.174092,3.513114,4.187088,3.905057,1.883324,5.023826,2.058749,5.371318,4.880950,3.936392,5.397315,3.760856,2.296236,1.439555,3.997071,3.452583
2019-07-10,3.794206,3.340877,3.163709,3.533497,4.163090,3.924295,1.880061,5.051682,2.084746,5.419582,4.908003,3.922493,5.395766,3.774374,2.306124,1.446676,4.014615,3.469080
2019-07-11,3.801692,3.340923,3.173708,3.484599,4.183096,3.915665,1.881114,5.071549,2.088821,5.412314,4.932091,3.945097,5.416310,3.765933,2.302462,1.450112,4.005853,3.477212
2019-07-12,3.828814,3.322692,3.218328,3.476350,4.262258,3.932559,1.897515,5.132974,2.096172,5.449335,4.912862,3.969569,5.479005,3.757796,2.309835,1.454645,4.030317,3.492779
2019-07-15,3.826741,3.332213,3.238117,3.477277,4.249697,3.936159,1.894486,5.139013,2.071507,5.449369,4.915871,3.956328,5.491094,3.768045,2.316413,1.455273,4.030492,3.493941
2019-07-16,3.822884,3.312724,3.251854,3.469545,4.285029,3.938186,1.898490,5.094643,2.041315,5.463320,4.892538,3.947283,5.506399,3.757474,2.311991,1.448761,4.014092,3.482672
2019-07-17,3.790638,3.329426,3.220594,3.453436,4.198919,3.937896,1.874334,5.082379,2.003202,5.394954,4.879854,3.911743,5.443228,3.752884,2.301969,1.440548,3.967694,3.458972
2019-07-18,3.806048,3.356885,3.223275,3.453353,4.196555,3.964244,1.882473,5.124900,2.002087,5.350042,4.915575,3.942393,5.448941,3.770734,2.317292,1.452226,3.987832,3.471635
2019-07-19,3.786655,3.307835,3.241907,3.393892,4.203374,3.937104,1.872797,5.100843,2.017418,5.281552,4.863498,3.934709,5.422107,3.718783,2.289076,1.444005,3.974559,3.452351
2019-07-22,3.787268,3.301091,3.233406,3.391559,4.206157,3.912855,1.866364,5.144981,2.036598,5.277598,4.864431,3.937111,5.407273,3.716418,2.290540,1.445214,3.954723,3.460831
2019-07-23,3.822374,3.284865,3.294900,3.432209,4.276556,3.932764,1.892249,5.180534,2.039561,5.291289,4.901310,3.973735,5.458409,3.723065,2.295420,1.454434,3.990402,3.485576
2019-07-24,3.846175,3.284138,3.307795,3.431841,4.313112,3.925056,1.913659,5.227566,2.053123,5.349808,4.923198,4.004627,5.489835,3.716238,2.296473,1.460084,4.019776,3.501957
2019-07-25,3.821806,3.276915,3.266189,3.414964,4.304290,3.927510,1.897062,5.185251,2.018413,5.352111,4.862089,3.978817,5.471820,3.713986,2.290280,1.452743,3.991317,3.485228
2019-07-26,3.842612,3.290886,3.270917,3.429398,4.308663,3.962151,1.901997,5.210092,2.013697,5.456201,4.895049,4.017818,5.513782,3.737582,2.307705,1.460629,4.006472,3.508579
2019-07-29,3.833083,3.305576,3.253939,3.445041,4.293139,3.960574,1.892078,5.190501,1.990269,5.438734,4.920040,3.979959,5.513446,3.747237,2.307845,1.459674,3.999653,3.502189
2019-07-30,3.831979,3.284203,3.311618,3.473756,4.313344,3.951248,1.888841,5.141304,2.027713,5.409447,4.920581,3.967290,5.492116,3.730144,2.302193,1.454688,4.008498,3.493592
2019-07-31,3.794111,3.274101,3.269998,3.454227,4.267006,3.886316,1.871434,5.053556,2.029559,5.334222,4.869016,3.943801,5.440006,3.702753,2.276466,1.437143,3.979425,3.455371
2019-08-01,3.751784,3.306575,3.251349,3.472249,4.173443,3.861871,1.825993,5.008487,1.995325,5.299572,4.885835,3.867302,5.353679,3.721658,2.269552,1.424334,3.942474,3.425282
2019-08-02,3.722964,3.304494,3.207334,3.494662,4.134960,3.861562,1.812545,4.904091,1.959350,5.264086,4.855010,3.850199,5.310888,3.737788,2.256443,1.417939,3.933877,3.399491
2019-08-05,3.616682,3.250343,3.141543,3.420408,4.020606,3.770366,1.757322,4.714034,1.886804,5.135399,4.723383,3.721690,5.169576,3.660719,2.195247,1.377102,3.829910,3.297258
2019-08-06,3.659248,3.287315,3.117933,3.458233,4.092539,3.801304,1.774772,4.787192,1.878790,5.216152,4.777702,3.783627,5.230933,3.720370,2.236184,1.395120,3.830622,3.343495
2019-08-07,3.665242,3.289110,3.157517,3.490943,4.095960,3.847166,1.772006,4.807599,1.856186,5.195500,4.785910,3.758548,5.262754,3.734898,2.249901,1.393049,3.828628,3.345470
2019-08-08,3.732156,3.329169,3.228789,3.543080,4.164912,3.893131,1.796153,4.947117,1.905072,5.297418,4.860126,3.827815,5.371689,3.781607,2.299307,1.416413,3.869296,3.411109
2019-08-09,3.698808,3.322779,3.192732,3.542336,4.124953,3.859029,1.750094,4.883873,1.886323,5.303287,4.862084,3.809975,5.322066,3.790896,2.294586,1.408794,3.823360,3.387874
2019-08-12,3.649625,3.315650,3.113889,3.536797,4.063879,3.841219,1.718820,4.810965,1.859605,5.282561,4.809428,3.736603,5.235255,3.772797,2.264813,1.393485,3.783711,3.346632
2019-08-13,3.695480,3.324881,3.143543,3.542022,4.112208,3.882057,1.736913,4.919804,1.879738,5.338218,4.880710,3.787508,5.323043,3.790434,2.296325,1.414906,3.820090,3.398678
2019-08-14,3.584562,3.292937,3.038092,3.483404,3.985654,3.813073,1.671054,4.763612,1.794636,5.173318,4.734757,3.655975,5.154896,3.727812,2.234371,1.376195,3.700297,3.298187
2019-08-15,3.587697,3.336467,3.019741,3.527681,3.987901,3.857870,1.656305,4.754934,1.782690,5.199124,4.755036,3.670995,5.110084,3.775856,2.257166,1.377708,3.666265,3.306900
2019-08-16,3.643678,3.355997,3.080493,3.556860,4.068222,3.902509,1.682788,4.846073,1.818390,5.266569,4.817940,3.736735,5.186655,3.799475,2.284579,1.399065,3.727496,3.355694
2019-08-19,3.687449,3.377633,3.109350,3.588206,4.114009,3.952096,1.707067,4.913898,1.864627,5.339332,4.862780,3.774275,5.254210,3.829456,2.304465,1.412387,3.779073,3.396122
2019-08-20,3.654436,3.368716,3.065398,3.557302,4.084649,3.909086,1.681625,4.880268,1.848102,5.299422,4.818754,3.727262,5.243289,3.808570,2.287968,1.400175,3.727610,3.370099
2019-08-21,3.684502,3.393804,3.082824,3.575019,4.117818,3.954606,1.699126,4.936846,1.854759,5.328518,4.856358,3.747615,5.292952,3.825762,2.310489,1.411417,3.753070,3.397516
2019-08-22,3.686366,3.394336,3.055045,3.586753,4.110923,3.983170,1.705834,4.951971,1.841098,5.316741,4.826375,3.763403,5.293265,3.831610,2.317201,1.411416,3.760275,3.396471
2019-08-23,3.589278,3.351302,2.971666,3.532564,3.995451,3.915298,1.648355,4.800160,1.769834,5.175138,4.714519,3.664136,5.140862,3.774032,2.259255,1.377607,3.657654,3.309224
2019-08-26,3.620969,3.391934,2.979250,3.564022,4.022649,3.960683,1.658612,4.847076,1.776708,5.248846,4.759833,3.701117,5.191945,3.817548,2.285917,1.393863,3.682762,3.345819
2019-08-27,3.601313,3.390879,2.973239,3.547727,4.007883,3.932041,1.639486,4.842809,1.764164,5.226854,4.714565,3.680750,5.171364,3.822240,2.289020,1.390361,3.640785,3.332691
2019-08-28,3.631746,3.387379,3.006569,3.563561,4.050872,3.975245,1.661525,4.851911,1.799362,5.264525,4.748954,3.705021,5.232408,3.829451,2.301939,1.400448,3.685788,3.356158
2019-08-29,3.680798,3.412306,3.048611,3.595536,4.128208,3.988647,1.688078,4.944590,1.834174,5.325980,4.802737,3.756452,5.283834,3.853945,2.333030,1.416980,3.726680,3.399027
2019-08-30,3.688713,3.420242,3.069200,3.600705,4.146984,3.995432,1.695179,4.961733,1.831594,5.321444,4.814005,3.769214,5.251425,3.859591,2.318582,1.418986,3.742496,3.397516
2019-09-03,3.664512,3.473868,3.044993,3.640696,4.080526,4.020896,1.674309,4.901727,1.827497,5.265942,4.783887,3.732613,5.204317,3.897910,2.313315,1.411063,3.727567,3.377650
2019-09-04,3.705491,3.479460,3.081829,3.674559,4.135238,4.047931,1.702415,4.984219,1.855941,5.342300,4.789897,3.774005,5.266151,3.919941,2.327086,1.426367,3.781092,3.415988
2019-09-05,3.760579,3.444943,3.108468,3.655483,4.228304,4.035538,1.748619,5.104995,1.887029,5.399872,4.844721,3.847008,5.360790,3.893623,2.342402,1.441727,3.847549,3.459902
2019-09-06,3.769494,3.430964,3.124639,3.671918,4.236702,4.055315,1.752197,5.106485,1.891725,5.405953,4.867079,3.854441,5.382319,3.896180,2.343180,1.443494,3.866192,3.462574
2019-09-09,3.789315,3.403575,3.138449,3.661406,4.265741,4.048180,1.795313,5.081392,1.941694,5.429881,4.831459,3.899138,5.413592,3.861838,2.294439,1.438381,3.955570,3.464316
2019-09-10,3.809301,3.412613,3.196822,3.630516,4.308295,4.034493,1.832785,5.062264,1.964665,5.454188,4.851696,3.902197,5.439520,3.829139,2.246541,1.435655,4.026017,3.463503
2019-09-11,3.839318,3.448529,3.232575,3.632328,4.346124,4.047881,1.860766,5.121327,1.962825,5.478180,4.897391,3.925259,5.452449,3.844201,2.246661,1.445526,4.073322,3.488132
2019-09-12,3.843710,3.450807,3.248487,3.646559,4.352481,4.054280,1.856848,5.138609,1.948201,5.487251,4.880366,3.949259,5.456780,3.858447,2.264831,1.451047,4.056741,3.500214
2019-09-13,3.845778,3.436887,3.291409,3.600919,4.371336,4.042117,1.858784,5.119416,1.966789,5.484979,4.877870,3.966968,5.460775,3.832800,2.248444,1.450058,4.058010,3.497891
2019-09-16,3.845840,3.446022,3.256888,3.630719,4.362970,4.015578,1.862494,5.108480,2.065307,5.441854,4.884665,3.956347,5.404535,3.835019,2.241696,1.442380,4.087436,3.487087
2019-09-17,3.849260,3.471557,3.260296,3.672519,4.358349,4.033340,1.844422,5.125969,2.017162,5.464872,4.885292,3.974035,5.437341,3.875361,2.276204,1.445935,4.051656,3.495916
2019-09-18,3.843956,3.486435,3.262592,3.660947,4.345356,4.034340,1.835319,5.115056,2.004756,5.454324,4.881221,3.982911,5.430160,3.882369,2.274309,1.447393,4.039721,3.498007
2019-09-19,3.835706,3.499117,3.267722,3.664334,4.320815,4.031495,1.822742,5.096508,2.002792,5.435223,4.902104,3.972632,5.408073,3.890463,2.276120,1.448427,4.023872,3.497775
2019-09-20,3.821174,3.515196,3.259620,3.655405,4.295295,4.021992,1.813854,5.055499,2.005318,5.395797,4.931594,3.942326,5.361965,3.886920,2.267985,1.443486,4.015717,3.481248
2019-09-23,3.823442,3.521984,3.255422,3.657677,4.290174,4.032217,1.820722,5.064844,2.009477,5.374710,4.899712,3.952459,5.372791,3.889826,2.273617,1.443661,4.022086,3.480431
2019-09-24,3.794455,3.557251,3.209784,3.654941,4.256369,4.041487,1.796124,5.011804,1.969496,5.323152,4.847509,3.926129,5.335475,3.910627,2.265922,1.432613,3.982210,3.453121
2019-09-25,3.816079,3.556518,3.232244,3.656577,4.295646,4.044147,1.813836,5.078001,1.979365,5.374708,4.829798,3.947813,5.365365,3.911938,2.265378,1.440386,4.007820,3.473546
2019-09-26,3.809326,3.572519,3.211586,3.691773,4.297032,4.062574,1.807484,5.087216,1.956636,5.327104,4.792766,3.939162,5.330881,3.932771,2.272376,1.438693,4.002536,3.466309
2019-09-27,3.794127,3.558029,3.207972,3.677880,4.284812,4.063471,1.807834,5.008414,1.958052,5.293904,4.762176,3.929433,5.323126,3.916431,2.247283,1.434037,4.015188,3.447636
2019-09-30,3.812464,3.558673,3.236654,3.685813,4.297886,4.079264,1.819007,5.045776,1.942889,5.325557,4.811782,3.929119,5.378926,3.926348,2.265435,1.441295,4.025725,3.463625
2019-10-01,3.756391,3.545418,3.172423,3.652360,4.196762,4.065364,1.787686,4.980982,1.895772,5.287045,4.760506,3.842758,5.315511,3.902362,2.246170,1.423357,3.958983,3.422426
2019-10-02,3.686247,3.496523,3.108619,3.627046,4.110065,4.000780,1.740747,4.897938,1.846337,5.222855,4.681817,3.756709,5.225491,3.855722,2.215855,1.396537,3.874662,3.361970
2019-10-03,3.711436,3.504827,3.119007,3.663818,4.136558,4.009037,1.755502,4.951644,1.871758,5.247236,4.727802,3.771774,5.245946,3.878194,2.237539,1.409717,3.902157,3.389514
2019-10-04,3.755010,3.555796,3.125236,3.683751,4.185128,4.069938,1.774386,5.015462,1.870785,5.321788,4.792967,3.840851,5.289797,3.935039,2.271715,1.430368,3.925970,3.435381
2019-10-07,3.735333,3.536884,3.111289,3.675223,4.159844,4.040525,1.766081,4.991576,1.847345,5.325101,4.772210,3.819509,5.258334,3.916139,2.258454,1.425078,3.909545,3.420559
2019-10-08,3.669728,3.499315,3.058599,3.654848,4.091937,4.003067,1.727376,4.877462,1.806474,5.220165,4.672721,3.738705,5.187929,3.876282,2.232416,1.402121,3.843907,3.367455
2019-10-09,3.702397,3.510162,3.081458,3.665823,4.128330,4.030509,1.742597,4.947484,1.822231,5.252634,4.722998,3.775894,5.233755,3.892534,2.252601,1.415391,3.864954,3.399434
2019-10-10,3.728832,3.508838,3.118689,3.675332,4.172293,4.035187,1.759248,4.972858,1.838134,5.286162,4.751750,3.812972,5.278799,3.896309,2.261847,1.423708,3.898701,3.422426
2019-10-11,3.782313,3.502892,3.198604,3.671349,4.273589,4.042480,1.798948,5.053328,1.869361,5.347186,4.799110,3.865282,5.368921,3.890594,2.262013,1.437701,3.962624,3.457906
2019-10-14,3.772834,3.478782,3.167247,3.675545,4.263302,4.028684,1.789207,5.053993,1.866312,5.337000,4.790241,3.867082,5.351393,3.874180,2.257861,1.435796,3.955665,3.454055
2019-10-15,3.805267,3.467604,3.185922,3.681245,4.302864,4.024760,1.811372,5.122251,1.875699,5.392902,4.867545,3.905673,5.385199,3.869122,2.260365,1.449426,3.987436,3.488251
2019-10-16,3.799455,3.476778,3.188314,3.682746,4.302306,4.022644,1.807713,5.087223,1.848328,5.405326,4.867231,3.893033,5.401779,3.874125,2.255085,1.444822,3.985303,3.482649
2019-10-17,3.813811,3.485087,3.189815,3.697985,4.327720,4.040689,1.813140,5.092691,1.853860,5.446536,4.913135,3.895672,5.421734,3.877756,2.262491,1.445923,3.992088,3.492920
2019-10-18,3.810845,3.495406,3.178560,3.731356,4.321128,4.039107,1.805533,5.052538,1.848565,5.401184,4.915807,3.904944,5.443729,3.893553,2.267994,1.439582,4.003587,3.477630
2019-10-21,3.838789,3.509935,3.170965,3.763836,4.352467,4.049164,1.834206,5.108473,1.885184,5.422527,4.905879,3.949435,5.451649,3.910795,2.272447,1.445698,4.057105,3.501206
2019-10-22,3.837966,3.528103,3.173332,3.754042,4.379669,4.042387,1.850318,5.052170,1.915869,5.410370,4.926785,3.913411,5.413581,3.891063,2.238870,1.439610,4.103115,3.489768
2019-10-23,3.849229,3.540845,3.184493,3.762416,4.379225,4.052845,1.853088,5.048009,1.939995,5.428480,4.948299,3.935016,5.437987,3.897683,2.237781,1.440680,4.125413,3.499922
2019-10-24,3.853249,3.555643,3.198138,3.753760,4.386805,4.055702,1.839918,5.112094,1.935368,5.404641,4.935732,3.950659,5.429873,3.904937,2.248682,1.442639,4.094703,3.505641
2019-10-25,3.865129,3.514042,3.228237,3.709497,4.423523,4.036088,1.851938,5.150441,1.946986,5.452326,4.957941,3.953404,5.459161,3.871368,2.235155,1.450589,4.113889,3.519996
2019-10-28,3.874455,3.467532,3.236463,3.684796,4.436436,4.018537,1.861701,5.202116,1.932900,5.496135,5.004753,3.974076,5.450115,3.841645,2.232976,1.459165,4.110288,3.539837
2019-10-29,3.882298,3.474145,3.253182,3.693958,4.446809,4.022714,1.860708,5.189369,1.946131,5.460053,5.069837,3.984013,5.438835,3.854230,2.243621,1.459149,4.108001,3.538787
2019-10-30,3.884498,3.500428,3.248184,3.722281,4.442264,4.029609,1.856077,5.214856,1.894788,5.465405,5.081030,3.985718,5.447411,3.885619,2.260642,1.470544,4.090257,3.549641
2019-10-31,3.862667,3.515159,3.199128,3.700953,4.395214,4.026987,1.846676,5.171590,1.883117,5.461408,5.062992,3.969222,5.405744,3.890257,2.253873,1.465772,4.072189,3.540187
2019-11-01,3.909138,3.513013,3.264534,3.699205,4.489832,4.030477,1.889218,5.227672,1.945861,5.485030,5.088285,4.018719,5.449962,3.875053,2.249698,1.476792,4.160804,3.572983
2019-11-04,3.927766,3.470572,3.304104,3.666521,4.531152,4.015175,1.907022,5.273375,2.004698,5.495024,5.090882,4.047801,5.459946,3.829884,2.220386,1.479868,4.227050,3.587339
2019-11-05,3.927825,3.434609,3.316493,3.615660,4.538774,4.040730,1.918016,5.277578,2.000282,5.500979,5.053871,4.056604,5.481081,3.802611,2.200609,1.479218,4.222141,3.583370
2019-11-06,3.927809,3.448721,3.297869,3.619390,4.540999,4.056413,1.912916,5.274129,1.937988,5.481093,5.082982,4.077411,5.483323,3.830199,2.211520,1.483846,4.202017,3.584187
2019-11-07,3.934898,3.407139,3.335348,3.576802,4.553446,4.044542,1.920451,5.306038,1.960567,5.542607,5.096618,4.101405,5.455935,3.797922,2.192727,1.489929,4.224661,3.596792
2019-11-08,3.940903,3.393201,3.335076,3.564312,4.562671,4.043571,1.920914,5.326710,1.966343,5.528888,5.135476,4.106036,5.469082,3.785872,2.188582,1.495469,4.227490,3.605662
2019-11-11,3.931904,3.373020,3.329398,3.567487,4.558166,4.028143,1.914540,5.313724,1.953560,5.531314,5.113441,4.100584,5.470720,3.768995,2.192824,1.493670,4.212145,3.598776
2019-11-12,3.934538,3.381841,3.332519,3.538270,4.562211,4.039540,1.909798,5.331050,1.946064,5.522096,5.157190,4.107884,5.449644,3.763506,2.195050,1.496818,4.201249,3.606362
2019-11-13,3.933055,3.427428,3.305132,3.572484,4.538726,4.066827,1.900456,5.339018,1.928294,5.530647,5.172094,4.088906,5.438311,3.805834,2.215536,1.501028,4.182888,3.607529
2019-11-14,3.942029,3.435859,3.329727,3.608974,4.555454,4.063077,1.907005,5.337074,1.925070,5.537301,5.165252,4.096500,5.459768,3.814733,2.228635,1.499673,4.191921,3.612781
2019-11-15,3.970256,3.441697,3.323885,3.629067,4.581302,4.067731,1.923433,5.386476,1.952924,5.565848,5.273109,4.113454,5.478258,3.821074,2.234732,1.511168,4.234288,3.638925
2019-11-18,3.968332,3.443260,3.309522,3.645419,4.565665,4.077584,1.920286,5.392470,1.925900,5.584034,5.256672,4.115794,5.501215,3.831104,2.244063,1.511275,4.222913,3.641609
2019-11-19,3.965888,3.435174,3.305497,3.652148,4.566261,4.079308,1.901013,5.406618,1.896646,5.585041,5.300977,4.130932,5.475207,3.830074,2.249322,1.510891,4.168223,3.640559
2019-11-20,3.950820,3.453929,3.261725,3.644903,4.530821,4.112396,1.885966,5.368233,1.925102,5.554987,5.284285,4.118057,5.427661,3.834189,2.252397,1.504055,4.144848,3.627020
2019-11-21,3.940043,3.441841,3.261968,3.597864,4.527599,4.094935,1.878158,5.330059,1.956715,5.555217,5.289978,4.111011,5.397255,3.811284,2.230588,1.502605,4.139821,3.621185
2019-11-22,3.953361,3.444803,3.274335,3.587690,4.550748,4.093969,1.892387,5.326245,1.951658,5.562527,5.310774,4.134169,5.439897,3.808907,2.222348,1.506959,4.166960,3.629238
2019-11-25,3.985550,3.430837,3.307274,3.593555,4.583597,4.107000,1.913202,5.404415,1.961266,5.568465,5.378981,4.167957,5.493553,3.801980,2.233186,1.515533,4.202970,3.657365
2019-11-26,3.994469,3.441275,3.324297,3.635351,4.603617,4.116713,1.912871,5.404301,1.936637,5.607956,5.362432,4.167588,5.553350,3.833875,2.250350,1.519907,4.182429,3.665651
2019-11-27,4.010726,3.449693,3.336027,3.646690,4.602320,4.122530,1.927875,5.430837,1.945951,5.642644,5.390155,4.183346,5.584336,3.839617,2.257726,1.525528,4.209891,3.681991
2019-11-29,3.991698,3.444679,3.322625,3.630596,4.575234,4.113041,1.913262,5.407654,1.921650,5.610516,5.364904,4.175320,5.557289,3.832411,2.244488,1.521707,4.185638,3.668336
2019-12-02,3.957664,3.421178,3.301799,3.570532,4.513610,4.119013,1.900135,5.328484,1.907805,5.574795,5.340734,4.138185,5.524903,3.795503,2.219445,1.510014,4.148227,3.637174
2019-12-03,3.925822,3.437151,3.266747,3.594265,4.463897,4.103295,1.872863,5.279892,1.869165,5.554118,5.325698,4.086001,5.471733,3.802345,2.211481,1.500773,4.104612,3.612781
2019-12-04,3.954459,3.460078,3.266491,3.612597,4.479405,4.132284,1.890066,5.314993,1.906581,5.575264,5.373160,4.121613,5.516091,3.828999,2.225730,1.508465,4.137008,3.635073
2019-12-05,3.961886,3.459444,3.290304,3.616555,4.494896,4.125490,1.896387,5.309598,1.897965,5.600194,5.370948,4.139619,5.540250,3.834020,2.228066,1.511314,4.142980,3.641609
2019-12-06,3.997227,3.451474,3.331448,3.624581,4.537370,4.142319,1.919535,5.364302,1.945292,5.638395,5.411079,4.187066,5.582640,3.838761,2.237687,1.523822,4.186128,3.674872
2019-12-09,3.987969,3.439055,3.323773,3.628262,4.524640,4.156584,1.917580,5.337606,1.947924,5.607084,5.360513,4.182684,5.585855,3.832357,2.225932,1.519195,4.191764,3.663317
2019-12-10,3.983075,3.442688,3.307764,3.603446,4.516925,4.141415,1.913982,5.341354,1.957987,5.586271,5.368159,4.175024,5.581012,3.825626,2.223582,1.518866,4.188942,3.659232
2019-12-11,3.994335,3.451835,3.337715,3.569798,4.545968,4.141828,1.919263,5.386472,1.963172,5.601942,5.378357,4.169391,5.605574,3.820512,2.234791,1.522418,4.190547,3.669620
2019-12-12,4.033946,3.433672,3.392710,3.520657,4.602046,4.136306,1.948306,5.470798,2.004738,5.654524,5.420744,4.240059,5.661846,3.802683,2.245041,1.538023,4.231495,3.701248
2019-12-13,4.025184,3.467434,3.359398,3.522456,4.586262,4.144594,1.935972,5.474034,1.987157,5.636310,5.404947,4.223479,5.654725,3.822022,2.250679,1.539907,4.210788,3.703466
2019-12-16,4.050206,3.514968,3.372744,3.547464,4.595612,4.163256,1.945779,5.518418,2.019780,5.675567,5.461136,4.237444,5.670309,3.850579,2.262695,1.548245,4.242188,3.728909
2019-12-17,4.051732,3.519444,3.386758,3.509720,4.598165,4.161270,1.951894,5.512399,2.027975,5.685477,5.437135,4.254701,5.682059,3.847091,2.258935,1.547943,4.246123,3.729726
2019-12-18,4.057057,3.541193,3.394732,3.551431,4.582663,4.161905,1.960939,5.516670,2.038429,5.699005,5.446380,4.236594,5.682029,3.855200,2.256511,1.545567,4.275551,3.729959
2019-12-19,4.071533,3.545307,3.399971,3.578957,4.589195,4.188784,1.970357,5.552113,2.044773,5.737606,5.468011,4.243910,5.682130,3.866659,2.264673,1.552845,4.286067,3.745248
2019-12-20,4.094698,3.573358,3.421168,3.597934,4.622572,4.218279,1.975217,5.585844,2.060073,5.772015,5.513226,4.247614,5.725429,3.887356,2.288203,1.560499,4.312186,3.761668
2019-12-23,4.094787,3.540728,3.436094,3.577657,4.641749,4.200866,1.973460,5.594527,2.101079,5.753487,5.527985,4.230043,5.723751,3.856207,2.279456,1.562364,4.333647,3.767415
2019-12-24,4.096093,3.542201,3.446394,3.583882,4.630339,4.206800,1.972915,5.594153,2.102080,5.760536,5.531139,4.234338,5.728306,3.861609,2.284250,1.561740,4.324216,3.767532
2019-12-26,4.105668,3.545551,3.468856,3.602887,4.643377,4.209714,1.975938,5.609064,2.099936,5.801090,5.519473,4.250660,5.747715,3.868560,2.289447,1.567389,4.337861,3.787588
2019-12-27,4.102970,3.553110,3.455528,3.615467,4.636384,4.225895,1.970027,5.604669,2.086887,5.791366,5.525283,4.247580,5.738227,3.880946,2.290047,1.568564,4.335937,3.786650
2019-12-30,4.087043,3.556313,3.443817,3.614323,4.618491,4.212300,1.963459,5.569915,2.079885,5.751157,5.488426,4.233621,5.714283,3.878317,2.279429,1.558712,4.323865,3.765773
2019-12-31,4.102808,3.577708,3.479464,3.644368,4.620479,4.219391,1.976903,5.586052,2.096660,5.762325,5.506908,4.244454,5.724807,3.896892,2.286548,1.562611,4.349302,3.774921
2020-01-02,4.115370,3.525859,3.434492,3.582480,4.687348,4.180686,1.970552,5.676499,2.108018,5.809462,5.519403,4.282743,5.759666,3.864591,2.309220,1.577290,4.319837,3.810224
2020-01-03,4.090824,3.528560,3.380200,3.613453,4.672732,4.175997,1.950354,5.624746,2.105229,5.784119,5.466023,4.245935,5.718083,3.872448,2.293276,1.565846,4.304315,3.781372
2020-01-06,4.094864,3.531338,3.373181,3.619839,4.669912,4.187802,1.948641,5.621891,2.123428,5.825280,5.503679,4.244450,5.699264,3.879396,2.290127,1.569722,4.331351,3.795798
2020-01-07,4.089813,3.525189,3.370350,3.580800,4.664101,4.153777,1.946132,5.660005,2.156369,5.828975,5.494761,4.223626,5.683826,3.853862,2.291086,1.564476,4.319487,3.785125
2020-01-08,4.103594,3.524466,3.378304,3.592864,4.680465,4.172048,1.945439,5.691475,2.119693,5.865348,5.536447,4.247089,5.716611,3.863905,2.299707,1.572571,4.319490,3.805298
2020-01-09,4.122419,3.544446,3.380805,3.588712,4.706174,4.191259,1.941598,5.737837,2.140017,5.869701,5.566469,4.282688,5.742282,3.883833,2.318399,1.583345,4.323989,3.831100
2020-01-10,4.111809,3.553644,3.361508,3.616386,4.680923,4.201207,1.931763,5.712524,2.128415,5.834931,5.575337,4.253966,5.733103,3.889816,2.311647,1.578196,4.314014,3.820076
2020-01-13,4.139617,3.574368,3.410629,3.657208,4.720688,4.230033,1.943085,5.774602,2.122953,5.887316,5.565805,4.284445,5.770962,3.913216,2.336239,1.588358,4.346399,3.846347
2020-01-14,4.145453,3.588140,3.407453,3.647872,4.720447,4.239707,1.955066,5.760106,2.135967,5.883539,5.607776,4.268893,5.787268,3.911762,2.336892,1.587974,4.364407,3.840483
2020-01-15,4.152734,3.638257,3.424781,3.674629,4.730950,4.242202,1.954663,5.753589,2.116439,5.904829,5.639465,4.261495,5.786697,3.948196,2.344347,1.592079,4.373947,3.849162
2020-01-16,4.191050,3.661415,3.440884,3.711663,4.786529,4.259780,1.978246,5.834118,2.117876,5.942920,5.672868,4.302277,5.848227,3.978101,2.370854,1.603431,4.415892,3.881181
2020-01-17,4.200721,3.684798,3.456056,3.715582,4.783076,4.270030,1.975184,5.849232,2.101921,5.971361,5.678251,4.329583,5.887830,4.001391,2.379482,1.607043,4.413302,3.893261
2020-01-21,4.181508,3.713152,3.414249,3.749067,4.738357,4.277619,1.959065,5.848549,2.058347,5.935873,5.676968,4.299170,5.822273,4.025685,2.377018,1.604155,4.377304,3.885638
2020-01-22,4.177969,3.716837,3.385534,3.720907,4.717251,4.273192,1.954250,5.867299,2.036019,5.928989,5.698428,4.314290,5.820128,4.030341,2.384463,1.606373,4.361358,3.886107
2020-01-23,4.188552,3.757767,3.381052,3.751826,4.760522,4.273730,1.958657,5.902532,2.031170,5.889499,5.665517,4.304764,5.853285,4.057850,2.392540,1.605813,4.367232,3.890564
2020-01-24,4.145370,3.761975,3.342205,3.739568,4.724793,4.244376,1.925857,5.857710,2.005784,5.800507,5.585968,4.257730,5.766140,4.056367,2.364719,1.591047,4.316844,3.855965
2020-01-27,4.078146,3.740410,3.255144,3.720321,4.637217,4.227836,1.886751,5.716935,1.938150,5.711707,5.530037,4.191491,5.668534,4.035255,2.328182,1.569852,4.242234,3.794156
2020-01-28,4.113285,3.754194,3.300198,3.733597,4.674253,4.221809,1.903248,5.796418,1.944785,5.755549,5.577639,4.242028,5.730468,4.051932,2.367443,1.581954,4.275943,3.833915
2020-01-29,4.100059,3.766069,3.304021,3.710759,4.676400,4.199492,1.893113,5.743861,1.921054,5.687347,5.561240,4.243158,5.738289,4.050958,2.354054,1.579484,4.250255,3.830749
2020-01-30,4.109849,3.793007,3.310646,3.715115,4.672816,4.239612,1.891432,5.764418,1.940212,5.701002,5.518336,4.300713,5.711484,4.093694,2.366746,1.586424,4.247630,3.843181
2020-01-31,4.030915,3.778379,3.243554,3.672174,4.562302,4.188413,1.846450,5.624930,1.890119,5.650034,5.391414,4.221521,5.608945,4.070141,2.308611,1.556808,4.171095,3.773396
2020-02-03,4.057723,3.797395,3.305249,3.675452,4.585781,4.195086,1.857469,5.695026,1.866263,5.682848,5.429939,4.261513,5.654979,4.078871,2.343384,1.567954,4.180435,3.801427
2020-02-04,4.116538,3.760683,3.388568,3.718885,4.681743,4.220797,1.885553,5.821785,1.880411,5.764252,5.523875,4.305990,5.755445,4.066868,2.391000,1.592446,4.235906,3.859366
2020-02-05,4.177540,3.780595,3.446832,3.723704,4.750903,4.253729,1.934368,5.870699,1.947869,5.779851,5.645211,4.382420,5.823354,4.086725,2.401443,1.613761,4.333024,3.903934
2020-02-06,4.175983,3.776928,3.427254,3.735808,4.745570,4.257468,1.913244,5.905222,1.933532,5.844542,5.671288,4.372260,5.824252,4.087314,2.403464,1.620192,4.321761,3.917070
2020-02-07,4.142645,3.765337,3.369995,3.733636,4.711811,4.266219,1.890734,5.837426,1.915691,5.798059,5.613088,4.359553,5.740049,4.081444,2.379190,1.611735,4.283885,3.896193
2020-02-10,4.162360,3.780333,3.365825,3.770463,4.733972,4.289075,1.890547,5.901294,1.905049,5.801293,5.656301,4.378835,5.769254,4.098011,2.407126,1.621940,4.300171,3.925280
2020-02-11,4.186534,3.794299,3.378715,3.780944,4.756585,4.286759,1.895669,5.940575,1.924313,5.859499,5.716847,4.399249,5.831323,4.100364,2.420874,1.622788,4.329828,3.932082
2020-02-12,4.215686,3.797376,3.404381,3.800618,4.805185,4.292920,1.913181,6.003924,1.955302,5.925922,5.742278,4.397507,5.895059,4.104400,2.441529,1.629929,4.366283,3.957416
2020-02-13,4.208627,3.831055,3.375288,3.829120,4.777496,4.303095,1.901621,5.994542,1.947313,5.919661,5.736891,4.402744,5.854811,4.134331,2.444021,1.625804,4.333002,3.953194
2020-02-14,4.212498,3.853369,3.363339,3.878519,4.771424,4.302687,1.899311,5.991215,1.935411,5.932793,5.746215,4.413844,5.854966,4.163602,2.451474,1.627261,4.314895,3.959527
2020-02-18,4.196713,3.880655,3.338913,3.876515,4.751792,4.303633,1.879226,5.968722,1.917755,5.956480,5.726324,4.387227,5.838688,4.169940,2.438245,1.618396,4.295431,3.949323
2020-02-19,4.209536,3.848152,3.356352,3.821136,4.748022,4.303209,1.882499,6.042717,1.947632,5.993402,5.765971,4.407550,5.859269,4.136891,2.459683,1.625912,4.291328,3.968206
2020-02-20,4.208603,3.849225,3.372696,3.877412,4.755815,4.308779,1.892127,6.002178,1.949681,5.909753,5.724911,4.400136,5.867495,4.145804,2.438160,1.620393,4.329297,3.951904
2020-02-21,4.171259,3.842593,3.362350,3.895983,4.736559,4.306629,1.863144,5.884693,1.916916,5.834557,5.715849,4.347820,5.787427,4.145111,2.384008,1.608808,4.295037,3.911206
2020-02-24,4.042327,3.792386,3.279339,3.844582,4.602075,4.218329,1.797367,5.664099,1.817113,5.630912,5.538560,4.210340,5.553785,4.085873,2.303499,1.557363,4.136755,3.781489
2020-02-25,3.904699,3.701394,3.132985,3.735094,4.425956,4.131730,1.724915,5.492476,1.730861,5.445741,5.371333,4.064764,5.338486,3.992421,2.230303,1.509080,3.969224,3.666902
2020-02-26,3.863726,3.652975,3.100245,3.700615,4.381732,4.100066,1.692641,5.481806,1.670291,5.371373,5.363462,4.032076,5.253380,3.963479,2.221541,1.500871,3.897214,3.653414
2020-02-27,3.711908,3.499819,2.965876,3.503574,4.236753,3.954226,1.627063,5.253009,1.577485,5.176488,5.193408,3.859533,5.071615,3.773420,2.130515,1.439119,3.731436,3.489333
2020-02-28,3.667080,3.369585,2.955676,3.426070,4.184492,3.861647,1.616121,5.255276,1.589890,5.204991,5.123604,3.762213,5.048855,3.666574,2.128846,1.423060,3.701900,3.474673
2020-03-02,3.809022,3.560848,3.071753,3.578112,4.311002,4.061110,1.656798,5.465064,1.627229,5.335857,5.369257,3.954570,5.177853,3.857504,2.229835,1.486850,3.814981,3.625149
2020-03-03,3.711837,3.515637,3.047631,3.560940,4.198061,4.003059,1.599205,5.280049,1.580148,5.182797,5.235025,3.815496,5.060576,3.807485,2.180982,1.446381,3.709732,3.521352
2020-03-04,3.854688,3.705965,3.163720,3.699867,4.372093,4.163847,1.644586,5.498596,1.605728,5.345000,5.526531,3.942810,5.220846,4.001940,2.283172,1.510148,3.805437,3.669365
2020-03-05,3.709881,3.641708,3.061279,3.621038,4.179659,4.097316,1.562319,5.319658,1.544400,5.113843,5.360409,3.751002,4.959445,3.927786,2.205040,1.459284,3.637653,3.547389
2020-03-06,3.632180,3.619946,2.960175,3.561535,4.125995,4.063249,1.516224,5.211458,1.422550,5.059265,5.301557,3.634025,4.879968,3.897254,2.149724,1.437788,3.525980,3.488747
2020-03-09,3.308879,3.386955,2.639123,3.300656,3.775180,3.897290,1.362694,4.795695,1.037871,4.704433,4.991358,3.236741,4.470720,3.678935,1.980458,1.330301,3.096545,3.216295
2020-03-10,3.470813,3.448526,2.753848,3.450906,3.997030,4.008823,1.429223,5.077704,1.101913,4.950277,5.175828,3.428455,4.709519,3.779196,2.082230,1.397723,3.247566,3.382722
2020-03-11,3.273568,3.269676,2.596628,3.253666,3.783133,3.809443,1.339126,4.822035,1.009392,4.725168,4.961700,3.227512,4.341725,3.599686,1.977716,1.330183,3.035846,3.217819
2020-03-12,2.927792,2.946485,2.328556,2.926596,3.398282,3.443846,1.167694,4.346904,0.873650,4.269119,4.573042,2.867116,3.812079,3.281178,1.775950,1.206190,2.638348,2.909947
2020-03-13,3.173958,3.101142,2.495036,3.175477,3.668541,3.694122,1.265895,4.762811,0.974111,4.676937,4.892695,3.213051,4.027799,3.482690,1.919404,1.325551,2.909009,3.158708
2020-03-16,2.768282,2.721843,2.184255,2.609136,3.255193,3.454688,1.089010,4.151650,0.826174,4.217686,4.372805,2.740992,3.421050,3.049967,1.670881,1.170013,2.477108,2.813070
2020-03-17,2.904515,3.052517,2.321857,2.740482,3.391107,3.751488,1.121051,4.434007,0.786631,4.346552,4.613879,2.906328,3.448338,3.334938,1.775468,1.236849,2.552012,2.964954
2020-03-18,2.674737,2.868733,2.127896,2.477022,3.122963,3.599619,0.990976,4.202020,0.667280,4.109661,4.396939,2.648378,3.108048,3.105295,1.634315,1.174932,2.294836,2.814830
2020-03-19,2.728338,2.770450,2.232338,2.528974,3.133194,3.577366,1.025715,4.270208,0.740860,4.213735,4.399306,2.716816,3.241966,3.044325,1.659498,1.175051,2.391871,2.820811
2020-03-20,2.620729,2.566614,2.166584,2.410969,2.969050,3.411846,0.979920,4.093317,0.758218,3.984798,4.201850,2.624142,3.214442,2.846423,1.581620,1.122880,2.327554,2.699251
2020-03-23,2.524816,2.447879,2.064558,2.293101,2.867138,3.284353,0.944917,4.062172,0.713562,3.976793,4.005536,2.461564,3.152800,2.712007,1.550621,1.090126,2.205127,2.630236
2020-03-24,2.824088,2.714431,2.323446,2.505049,3.232855,3.473751,1.088651,4.505148,0.831310,4.283002,4.354035,2.781103,3.645739,2.969634,1.742778,1.197455,2.492819,2.868544
2020-03-25,2.916456,2.802644,2.421727,2.637346,3.397428,3.479601,1.137405,4.507887,0.875276,4.283380,4.452108,2.864579,3.866895,3.041868,1.788248,1.216676,2.627614,2.911486
2020-03-26,3.096284,3.026019,2.516539,2.803072,3.591247,3.665308,1.201369,4.835449,0.926442,4.495629,4.776376,3.077482,4.022173,3.242187,1.910514,1.300732,2.788348,3.081487
2020-03-27,2.985045,3.045945,2.383716,2.788829,3.433920,3.632456,1.149519,4.607578,0.854731,4.283227,4.638159,2.989975,3.800871,3.236661,1.834612,1.253512,2.654040,2.989703
2020-03-30,3.050278,3.137563,2.433267,2.815169,3.506330,3.760116,1.148920,4.781747,0.842658,4.442850,4.851494,3.059722,3.810118,3.330051,1.882036,1.293147,2.648480,3.086796
2020-03-31,2.996634,3.009152,2.449842,2.729652,3.466599,3.694444,1.121911,4.677362,0.867377,4.420560,4.824328,2.957473,3.745434,3.230548,1.830334,1.270047,2.602915,3.040786
2020-04-01,2.832461,2.831765,2.343755,2.539394,3.288204,3.623982,1.040295,4.453945,0.814595,4.236612,4.611615,2.769808,3.493467,3.132894,1.744559,1.223221,2.364006,2.903936
2020-04-02,2.867930,2.911509,2.359175,2.505183,3.327309,3.700062,1.033511,4.529168,0.897637,4.229906,4.705393,2.822309,3.448339,3.229448,1.768712,1.265606,2.380543,2.970945
2020-04-03,2.820574,2.796503,2.318463,2.480605,3.264093,3.727050,1.020795,4.455053,0.908545,4.148456,4.635823,2.750821,3.362445,3.213296,1.733468,1.248494,2.357345,2.928003
2020-04-06,3.058340,3.032383,2.504504,2.709502,3.509468,3.878690,1.130152,4.840832,0.965254,4.427073,4.950699,2.997236,3.761806,3.368252,1.882721,1.327030,2.592865,3.124666
2020-04-07,3.099686,3.005775,2.583478,2.761183,3.532721,3.874103,1.177594,4.822641,0.998513,4.489287,4.944759,3.035287,3.882411,3.346723,1.880366,1.315341,2.726635,3.127851
2020-04-08,3.243332,3.184456,2.716566,2.968738,3.669724,3.940041,1.242186,4.995046,1.078463,4.568772,5.157583,3.172010,4.100182,3.436784,1.962245,1.357269,2.923435,3.232848
2020-04-09,3.329678,3.332798,2.846759,3.147844,3.733303,3.988648,1.293163,5.017562,1.079991,4.658142,5.196441,3.318506,4.208698,3.482064,1.996789,1.373193,3.062867,3.282043
2020-04-13,3.247340,3.225025,2.765376,3.005266,3.613252,3.937849,1.248557,4.980280,1.073447,4.650846,5.112096,3.210017,4.082086,3.446637,1.960013,1.359118,2.950905,3.252078
2020-04-14,3.328900,3.316422,2.794382,3.088735,3.693559,4.090801,1.275349,5.157704,1.064713,4.780197,5.289668,3.236153,4.232951,3.556026,2.030229,1.397316,2.998547,3.347991
2020-04-15,3.210883,3.193776,2.641851,2.937326,3.584112,4.020529,1.213899,5.011762,1.003862,4.651371,5.226582,3.072341,4.091683,3.499996,1.981175,1.365343,2.817880,3.276852
2020-04-16,3.191635,3.194420,2.611096,2.865112,3.553974,4.069448,1.189583,5.061127,0.954998,4.631212,5.321303,3.014721,4.080560,3.545394,1.999826,1.369405,2.721080,3.292661
2020-04-17,3.332233,3.303854,2.736366,2.977998,3.721796,4.139680,1.259053,5.190832,1.063214,4.743427,5.480296,3.192162,4.276714,3.608327,2.059359,1.412986,2.914565,3.381614
2020-04-20,3.253528,3.170295,2.655616,2.850628,3.618596,4.069393,1.221323,5.102440,1.041827,4.685978,5.427181,3.142012,4.141009,3.552876,2.013927,1.389205,2.816062,3.322037
2020-04-21,3.158885,3.116961,2.588048,2.796023,3.529628,3.974395,1.187440,4.873130,1.021523,4.551348,5.233460,3.036858,4.034919,3.473335,1.946208,1.346679,2.738194,3.221169
2020-04-22,3.218019,3.200184,2.642278,2.829385,3.576285,4.010373,1.198660,5.066767,1.067551,4.588540,5.321479,3.075331,4.113581,3.526155,2.009787,1.375170,2.767860,3.292661
2020-04-23,3.229918,3.155648,2.667902,2.808739,3.599681,3.966836,1.219383,5.055030,1.118598,4.650100,5.344822,3.051336,4.152488,3.495412,1.999735,1.372694,2.832758,3.292425
2020-04-24,3.274684,3.189344,2.718219,2.815761,3.638523,4.013770,1.237586,5.165473,1.117273,4.699043,5.429339,3.101795,4.217750,3.529941,2.034299,1.392929,2.855888,3.338317
2020-04-27,3.367234,3.226546,2.794781,2.924529,3.740481,4.057267,1.286354,5.256233,1.140634,4.839921,5.526689,3.226800,4.394507,3.568919,2.081990,1.414870,2.975201,3.386450
2020-04-28,3.414768,3.256335,2.842017,2.981811,3.831037,4.088247,1.337328,5.249593,1.182693,4.834143,5.413392,3.267277,4.527984,3.547668,2.086458,1.406098,3.116462,3.370878
2020-04-29,3.525685,3.235079,2.939148,3.062869,3.922822,4.084489,1.410739,5.443356,1.301763,5.073899,5.499254,3.388500,4.703214,3.537155,2.144782,1.431588,3.328382,3.459123
2020-04-30,3.439040,3.149182,2.843176,3.022823,3.828544,4.031828,1.355725,5.337308,1.269801,4.939626,5.441802,3.282649,4.558497,3.521603,2.099282,1.416646,3.212265,3.426916
2020-05-01,3.317591,3.068376,2.761562,2.892315,3.713859,3.968516,1.288041,5.123784,1.182108,4.826552,5.306131,3.160719,4.387478,3.481182,2.062754,1.385810,3.024187,3.336193
2020-05-04,3.320888,3.086250,2.766980,2.876718,3.669815,3.975737,1.288394,5.163715,1.233491,4.845600,5.311073,3.145767,4.392578,3.485039,2.086016,1.387723,3.036022,3.345395
2020-05-05,3.339000,3.115568,2.794701,2.881591,3.684022,3.979514,1.289248,5.247549,1.226456,4.812268,5.432792,3.153367,4.367656,3.522176,2.123263,1.399766,2.990145,3.376305
2020-05-06,3.288421,3.000287,2.721049,2.806487,3.637462,3.957779,1.262507,5.269914,1.188570,4.775325,5.379671,3.070237,4.336538,3.489101,2.109432,1.387299,2.888938,3.353418
2020-05-07,3.347275,3.015278,2.788944,2.862198,3.687635,3.963859,1.291360,5.357609,1.231891,4.869560,5.419239,3.169828,4.416475,3.508478,2.134631,1.402553,2.963403,3.393883
2020-05-08,3.439421,3.086653,2.869977,2.939121,3.799042,4.053300,1.341961,5.464193,1.297680,5.062732,5.469178,3.248911,4.568153,3.561516,2.161066,1.423217,3.112975,3.450039
2020-05-11,3.400589,3.063475,2.806022,2.874506,3.742401,4.059588,1.303275,5.454360,1.278655,5.016118,5.557087,3.190225,4.482759,3.580051,2.189710,1.426128,3.017375,3.450746
2020-05-12,3.311692,3.032530,2.747281,2.737931,3.624057,4.030894,1.264438,5.315591,1.261089,4.915684,5.432870,3.090061,4.341889,3.528133,2.147053,1.399902,2.927038,3.381967
2020-05-13,3.215851,2.993647,2.665403,2.661259,3.519485,3.987704,1.203287,5.181719,1.192301,4.826233,5.353365,2.981476,4.190311,3.504512,2.126912,1.376888,2.771495,3.322155
2020-05-14,3.264138,3.023707,2.700878,2.685964,3.574405,3.983369,1.222558,5.267464,1.201891,4.911682,5.402003,3.063431,4.276644,3.514860,2.145591,1.391532,2.831221,3.361912
2020-05-15,3.269684,2.991672,2.723027,2.679779,3.568007,4.010076,1.222273,5.253948,1.207503,4.967156,5.448497,3.052651,4.329048,3.523763,2.151802,1.394611,2.832190,3.377366
2020-05-18,3.450592,3.132258,2.876496,2.878612,3.814290,4.094933,1.317667,5.456402,1.323823,5.172126,5.564862,3.232513,4.632636,3.587446,2.186493,1.435443,3.085172,3.480240
2020-05-19,3.403035,3.081045,2.853153,2.837020,3.764725,4.036739,1.285879,5.448060,1.286952,5.151605,5.514675,3.152780,4.598213,3.538387,2.174343,1.415863,3.013363,3.444494
2020-05-20,3.466651,3.098812,2.915624,2.869404,3.841659,4.078747,1.311391,5.584703,1.342822,5.256061,5.559716,3.230810,4.674171,3.552105,2.192462,1.436077,3.078740,3.503009
2020-05-21,3.452334,3.067190,2.887540,2.870350,3.845045,4.028419,1.315211,5.500369,1.322280,5.188068,5.513384,3.232812,4.718071,3.522033,2.164238,1.424904,3.098146,3.478824
2020-05-22,3.455689,3.093038,2.883513,2.897600,3.839831,4.043338,1.312350,5.500140,1.315623,5.201447,5.537346,3.231490,4.711786,3.533066,2.180566,1.427492,3.097427,3.485431
2020-05-26,3.568987,3.126775,3.004885,3.039048,4.028112,4.061810,1.390388,5.560932,1.356409,5.280853,5.548560,3.393218,4.918399,3.555862,2.162631,1.443363,3.292450,3.528373
2020-05-27,3.659011,3.150848,3.058522,3.102064,4.158033,4.164478,1.448339,5.631574,1.372978,5.407454,5.637545,3.516783,5.059492,3.615010,2.189734,1.467383,3.417001,3.580872
2020-05-28,3.628408,3.235676,3.051853,3.100684,4.113867,4.193788,1.405234,5.600323,1.331183,5.323320,5.695042,3.469999,4.933875,3.651558,2.214403,1.466554,3.321828,3.574265
2020-05-29,3.621400,3.253269,3.045141,3.052357,4.105420,4.220888,1.373365,5.696915,1.309480,5.360656,5.752235,3.433915,4.916931,3.691759,2.256725,1.474114,3.244436,3.590192
2020-06-01,3.661134,3.289998,3.066766,3.133727,4.122376,4.233891,1.420014,5.693108,1.342798,5.400789,5.726045,3.479814,5.000761,3.687023,2.255990,1.473722,3.362192,3.604703
2020-06-02,3.707131,3.317017,3.147497,3.176158,4.180917,4.251222,1.445789,5.758792,1.388756,5.419680,5.776166,3.515887,5.050496,3.711734,2.257635,1.485135,3.430976,3.634550
2020-06-03,3.807326,3.366087,3.234182,3.306287,4.340724,4.248872,1.512663,5.875501,1.426905,5.508523,5.764562,3.649662,5.244470,3.721351,2.252376,1.503927,3.617444,3.682920
2020-06-04,3.824194,3.309398,3.259873,3.293192,4.393849,4.235392,1.540228,5.846748,1.431424,5.510477,5.713477,3.730069,5.270336,3.700757,2.228993,1.501044,3.693291,3.673246
2020-06-05,3.954982,3.362266,3.351492,3.443011,4.550129,4.284901,1.609608,6.034744,1.574405,5.635881,5.827873,3.867403,5.462362,3.739663,2.256347,1.534553,3.932736,3.767389
2020-06-08,4.042522,3.459500,3.377464,3.536721,4.629006,4.339034,1.684986,6.071106,1.678985,5.799119,5.876765,3.956232,5.580612,3.769022,2.268990,1.550743,4.166873,3.812927
2020-06-09,3.949993,3.368391,3.325730,3.463470,4.508245,4.296727,1.622155,6.012140,1.595777,5.664521,5.776449,3.875794,5.414557,3.741213,2.270121,1.534473,3.984583,3.784496
2020-06-10,3.866228,3.339811,3.280898,3.360663,4.395743,4.273174,1.555877,6.010342,1.508810,5.590638,5.740439,3.735335,5.284072,3.738864,2.284928,1.526708,3.775390,3.763378
2020-06-11,3.602398,3.196230,3.002406,3.129164,4.092755,4.116565,1.420871,5.631691,1.342404,5.319073,5.412867,3.439229,4.905735,3.592976,2.176610,1.438025,3.417791,3.546424
2020-06-12,3.678423,3.202381,3.083956,3.255833,4.175733,4.121527,1.466237,5.713130,1.385904,5.362433,5.465384,3.547932,5.047867,3.592758,2.192978,1.456476,3.570553,3.588894
2020-06-15,3.716650,3.224366,3.106952,3.277450,4.218717,4.166418,1.478385,5.774437,1.407622,5.449291,5.518126,3.601667,5.087813,3.622097,2.221959,1.461669,3.602544,3.622399
2020-06-16,3.791616,3.251990,3.199930,3.344267,4.300701,4.240916,1.520811,5.897333,1.452705,5.472675,5.630289,3.661429,5.192356,3.678044,2.257733,1.491846,3.702721,3.692122
2020-06-17,3.754602,3.237806,3.163223,3.278940,4.271992,4.231248,1.489229,5.884024,1.395633,5.468972,5.616100,3.622256,5.129549,3.680391,2.266863,1.482531,3.590893,3.676785
2020-06-18,3.750229,3.237458,3.160282,3.243303,4.255762,4.255102,1.483897,5.883504,1.420486,5.491299,5.599868,3.627202,5.096749,3.683733,2.260728,1.486344,3.598085,3.678201
2020-06-19,3.712496,3.146877,3.140728,3.162817,4.209066,4.227725,1.463831,5.860681,1.398830,5.437291,5.641092,3.594772,5.009559,3.678316,2.287233,1.480425,3.524723,3.657180
2020-06-22,3.719322,3.185580,3.150975,3.164285,4.221505,4.225851,1.464368,5.903897,1.403476,5.432822,5.627794,3.585827,5.017815,3.680213,2.296744,1.485304,3.522998,3.680642
2020-06-23,3.725746,3.153201,3.149480,3.157699,4.223659,4.213884,1.476683,5.894837,1.399211,5.476240,5.651192,3.594943,5.061030,3.677057,2.298322,1.490632,3.532066,3.697586
2020-06-24,3.599458,3.124716,3.037292,3.066598,4.069631,4.148171,1.405840,5.737923,1.301551,5.345317,5.479360,3.451627,4.863883,3.621198,2.255419,1.454476,3.344907,3.603266
2020-06-25,3.638460,3.095697,3.082147,3.098997,4.113744,4.172804,1.426158,5.803356,1.333184,5.359680,5.529967,3.540322,4.863380,3.650114,2.281445,1.473869,3.388768,3.641894
2020-06-26,3.561985,3.067975,3.039103,3.051431,4.055592,4.090212,1.388891,5.732839,1.281785,5.198273,5.466150,3.390224,4.755225,3.613444,2.241531,1.442223,3.291753,3.555394
2020-06-29,3.638202,3.135636,3.099401,3.115787,4.178455,4.167964,1.438552,5.790603,1.300931,5.303667,5.531416,3.434120,4.917601,3.657541,2.256808,1.461088,3.407978,3.607650
2020-06-30,3.686527,3.145741,3.141900,3.154506,4.215698,4.188515,1.451743,5.905451,1.337984,5.349513,5.640975,3.502403,4.953445,3.705100,2.303013,1.478619,3.450266,3.653862
2020-07-01,3.678561,3.214563,3.141834,3.229339,4.188537,4.191566,1.432099,5.873518,1.298202,5.448773,5.662864,3.453219,4.952967,3.723607,2.304923,1.482817,3.406607,3.679457
2020-07-02,3.700601,3.225302,3.207663,3.214928,4.227655,4.209853,1.444646,5.913563,1.314073,5.428858,5.708954,3.457780,4.977857,3.749698,2.316834,1.490259,3.427541,3.699719
2020-07-06,3.743168,3.203060,3.268122,3.215459,4.286793,4.220169,1.466326,5.995290,1.318693,5.519494,5.759094,3.523054,5.057890,3.781150,2.349705,1.510429,3.458756,3.756833
2020-07-07,3.679978,3.180135,3.247239,3.134999,4.207351,4.231639,1.428290,5.896720,1.264108,5.476471,5.701967,3.445747,4.962033,3.784599,2.342033,1.498492,3.349209,3.718086
2020-07-08,3.691432,3.199407,3.179105,3.126794,4.199335,4.219009,1.432766,5.954221,1.264314,5.489372,5.707150,3.488189,5.004076,3.787503,2.363909,1.505236,3.366262,3.746524
2020-07-09,3.630143,3.152202,3.132643,3.096789,4.117420,4.184058,1.386763,5.971018,1.196771,5.442726,5.669708,3.392884,4.910210,3.786749,2.376099,1.493836,3.237637,3.725195
2020-07-10,3.692664,3.210659,3.205711,3.129039,4.178968,4.263475,1.421061,5.969994,1.240144,5.585345,5.663587,3.508263,5.019548,3.819426,2.371078,1.509798,3.358761,3.763232
2020-07-13,3.679201,3.220856,3.230123,3.098007,4.194163,4.247028,1.419035,5.861673,1.223814,5.526382,5.664901,3.514004,4.984200,3.804848,2.317890,1.502027,3.351129,3.730646
2020-07-14,3.736914,3.246710,3.301316,3.115505,4.286399,4.327926,1.437991,5.935592,1.272872,5.610354,5.806541,3.538057,5.039429,3.867562,2.363436,1.521546,3.379886,3.778991
2020-07-15,3.826476,3.238529,3.372063,3.165922,4.409625,4.342236,1.503204,6.006955,1.309225,5.712374,5.934691,3.623522,5.273940,3.882442,2.376796,1.535200,3.518964,3.813710
2020-07-16,3.818528,3.264920,3.370533,3.117805,4.406513,4.359180,1.497043,5.979447,1.304321,5.732190,5.918652,3.629793,5.235861,3.890047,2.369581,1.530223,3.503786,3.801149
2020-07-17,3.830849,3.337719,3.394876,3.148820,4.432628,4.377525,1.490062,6.025616,1.284063,5.705181,6.016493,3.602879,5.205337,3.919136,2.398843,1.536983,3.474705,3.812169
2020-07-20,3.807467,3.284114,3.342290,3.085036,4.383099,4.336947,1.468932,6.118524,1.267661,5.690543,6.016753,3.584519,5.176779,3.919686,2.437229,1.539210,3.390919,3.842978
2020-07-21,3.850195,3.314971,3.380190,3.088722,4.440029,4.379222,1.494894,6.103669,1.355161,5.690206,6.044612,3.654534,5.208785,3.934377,2.427708,1.549667,3.497650,3.851154
2020-07-22,3.880193,3.388374,3.417967,3.139873,4.470556,4.409355,1.504873,6.150497,1.335924,5.704839,6.108243,3.659960,5.269938,3.959178,2.449626,1.556689,3.511163,3.873075
2020-07-23,3.874216,3.391197,3.411419,3.114045,4.469657,4.431497,1.514911,6.111310,1.331109,5.651838,6.090680,3.674186,5.218833,3.949304,2.422084,1.547117,3.518655,3.826863
2020-07-24,3.844300,3.365461,3.403802,3.088842,4.431125,4.420720,1.495920,6.014688,1.323014,5.659953,6.034800,3.654247,5.209117,3.931817,2.395217,1.533949,3.472918,3.802216
2020-07-27,3.860526,3.321625,3.456982,3.107372,4.452007,4.437822,1.507873,6.119627,1.314003,5.691257,6.098286,3.631067,5.195562,3.956259,2.431068,1.540667,3.458966,3.829943
2020-07-28,3.837677,3.370601,3.358421,3.180477,4.420295,4.449875,1.494258,6.018601,1.291944,5.636949,6.048666,3.603795,5.180778,3.960652,2.403647,1.539056,3.461506,3.805652
2020-07-29,3.898848,3.388194,3.399510,3.234646,4.504616,4.471236,1.522462,6.102714,1.332912,5.675088,6.144136,3.682991,5.259864,3.997854,2.440473,1.550070,3.534251,3.852457
2020-07-30,3.867719,3.389122,3.327468,3.223374,4.452338,4.461599,1.508975,6.127072,1.295798,5.685211,6.100686,3.616323,5.220484,3.987401,2.448532,1.535019,3.473698,3.838712
2020-07-31,3.859794,3.405182,3.319889,3.218736,4.438573,4.471521,1.489510,6.172945,1.288028,5.715693,6.064491,3.623053,5.167361,4.009042,2.463245,1.537012,3.435654,3.869046
2020-08-03,3.867706,3.364158,3.307898,3.161809,4.470121,4.466645,1.487425,6.250267,1.292005,5.737772,6.128516,3.624310,5.171841,4.029185,2.489058,1.548132,3.421242,3.895944
2020-08-04,3.887033,3.380747,3.389185,3.213092,4.477197,4.522104,1.493227,6.279529,1.327226,5.828742,6.083041,3.599589,5.218681,4.052461,2.493330,1.556994,3.472149,3.910993
2020-08-05,3.919170,3.334927,3.461059,3.203154,4.558749,4.512473,1.523649,6.264838,1.346909,5.810451,6.102397,3.668526,5.268389,4.049992,2.500820,1.567964,3.503242,3.935284
2020-08-06,3.918062,3.369832,3.430341,3.213079,4.579649,4.514252,1.516270,6.266240,1.325632,5.905421,6.044989,3.652293,5.308458,4.044717,2.498514,1.574950,3.508780,3.961590
2020-08-07,3.959029,3.431144,3.465092,3.277256,4.647869,4.547883,1.535640,6.227440,1.335386,5.939925,6.083745,3.738673,5.338883,4.064869,2.486365,1.579412,3.584613,3.964433
2020-08-10,4.006446,3.444528,3.544579,3.302559,4.754594,4.570723,1.568902,6.218070,1.382813,6.007845,6.061867,3.761335,5.488434,4.056745,2.460689,1.583933,3.688038,3.976283
2020-08-11,4.002348,3.368649,3.546027,3.273999,4.783406,4.537321,1.574383,6.162117,1.369731,5.976517,6.025528,3.802670,5.540870,4.023029,2.420938,1.576912,3.701753,3.943460
2020-08-12,4.028678,3.410008,3.547005,3.297784,4.798653,4.605030,1.577430,6.245696,1.386302,6.007425,6.120957,3.785659,5.557170,4.076699,2.472566,1.598507,3.698060,3.998441
2020-08-13,4.009286,3.403407,3.537169,3.241394,4.763113,4.596304,1.565973,6.232985,1.356937,6.039468,6.117467,3.758088,5.564071,4.084392,2.488757,1.591214,3.641032,3.991213
2020-08-14,4.018684,3.380572,3.554162,3.253557,4.780875,4.601550,1.576338,6.217090,1.374709,6.071474,6.105201,3.775230,5.581856,4.081447,2.486391,1.591044,3.674146,3.991331
2020-08-17,4.017003,3.371698,3.560940,3.274949,4.763454,4.631921,1.569006,6.241799,1.361862,6.044627,6.140580,3.733469,5.617159,4.104264,2.525972,1.595157,3.647299,4.004010
2020-08-18,3.997642,3.354336,3.564818,3.256000,4.737494,4.643138,1.546648,6.236758,1.342714,6.074764,6.131030,3.704652,5.586705,4.117356,2.525906,1.596836,3.592307,4.012660
2020-08-19,3.980217,3.343963,3.544467,3.191333,4.727493,4.644107,1.540050,6.212370,1.330105,6.060711,6.096968,3.703453,5.557809,4.093463,2.517899,1.591535,3.571199,3.995953
2020-08-20,3.958136,3.309308,3.522136,3.229599,4.706362,4.618698,1.522307,6.218937,1.292935,6.080006,6.058389,3.667680,5.531795,4.096382,2.528468,1.593239,3.535994,4.008394
2020-08-21,3.953498,3.310022,3.492986,3.232136,4.719855,4.628619,1.514236,6.211869,1.276375,6.031263,6.051789,3.649238,5.578521,4.100046,2.524781,1.597143,3.528527,4.022614
2020-08-24,4.019416,3.346477,3.568033,3.275274,4.808729,4.670853,1.558798,6.278646,1.312367,6.133523,6.023178,3.741430,5.714234,4.112996,2.525287,1.610430,3.652445,4.063375
2020-08-25,4.019859,3.316256,3.550190,3.283648,4.801389,4.665707,1.557193,6.301090,1.302922,6.146430,6.071276,3.747340,5.696972,4.123318,2.539231,1.615504,3.628616,4.077595
2020-08-26,4.013790,3.270175,3.581260,3.240920,4.804765,4.679521,1.546649,6.383748,1.267966,6.257047,6.064198,3.726030,5.676272,4.149371,2.565612,1.631777,3.575673,4.118475
2020-08-27,4.037989,3.285953,3.569481,3.298119,4.824439,4.682939,1.558375,6.351992,1.276461,6.269416,6.101904,3.794206,5.718070,4.141719,2.541278,1.638211,3.619510,4.127480
2020-08-28,4.075390,3.299131,3.611004,3.328758,4.874261,4.698808,1.579383,6.438259,1.305262,6.296825,6.114168,3.805986,5.813895,4.143437,2.549037,1.651159,3.671843,4.154141
2020-08-31,4.040469,3.308462,3.549504,3.285075,4.819813,4.699392,1.550974,6.433160,1.272313,6.245189,6.144613,3.754771,5.732740,4.152803,2.562997,1.642991,3.590290,4.139093
2020-09-01,4.055010,3.266660,3.652151,3.285541,4.868266,4.676808,1.559133,6.484163,1.264108,6.269406,6.093808,3.768498,5.797973,4.150535,2.588259,1.647893,3.591122,4.178077
2020-09-02,4.131745,3.362068,3.736491,3.356002,4.945408,4.768748,1.588576,6.636418,1.256364,6.361774,6.236284,3.825940,5.905399,4.224213,2.628198,1.672207,3.648528,4.238509
2020-09-03,4.038648,3.325728,3.638664,3.332325,4.809262,4.680991,1.559676,6.338455,1.248976,6.229209,6.060274,3.769358,5.791440,4.107063,2.496050,1.625147,3.636468,4.092643
2020-09-04,4.030487,3.306517,3.657418,3.331776,4.814051,4.672308,1.564888,6.266541,1.241996,6.191033,6.015528,3.790918,5.774149,4.074881,2.449258,1.613641,3.673036,4.059228
2020-09-08,3.946766,3.278316,3.571517,3.286710,4.728666,4.577350,1.538292,6.059424,1.178321,6.095457,5.913461,3.682811,5.726251,3.995382,2.382047,1.580372,3.585777,3.948318
2020-09-09,3.997390,3.315210,3.647185,3.310280,4.802728,4.653815,1.546849,6.181366,1.184713,6.153954,6.020120,3.718525,5.771756,4.076174,2.452360,1.610795,3.591897,4.026287
2020-09-10,3.938474,3.255786,3.619619,3.264044,4.735645,4.594844,1.525706,6.077664,1.128551,6.077645,5.951743,3.654226,5.735953,4.022803,2.415417,1.588569,3.522467,3.956376
2020-09-11,3.956388,3.262314,3.680188,3.238834,4.796037,4.610869,1.532972,6.077897,1.137040,6.076944,5.960213,3.683996,5.752382,4.038927,2.410765,1.594528,3.539610,3.958390
2020-09-14,4.023933,3.302217,3.734413,3.336855,4.859683,4.639299,1.571240,6.196056,1.156294,6.144892,6.048238,3.748533,5.857451,4.071944,2.440531,1.613896,3.626103,4.010527
2020-09-15,4.027347,3.296166,3.744727,3.370727,4.871774,4.627132,1.569914,6.254673,1.152162,6.231466,6.066043,3.701548,5.851203,4.080688,2.468312,1.622098,3.608923,4.030790
2020-09-16,4.054964,3.320898,3.756395,3.397055,4.919859,4.604970,1.590080,6.223852,1.207876,6.205913,6.076048,3.751706,5.882608,4.059527,2.443742,1.620567,3.695222,4.014793
2020-09-17,4.035127,3.293574,3.811312,3.334690,4.929365,4.571493,1.579221,6.206593,1.212514,6.139740,6.051786,3.723849,5.823246,4.036025,2.421813,1.612928,3.677524,3.979482
2020-09-18,3.987593,3.232348,3.752900,3.254738,4.869853,4.527940,1.550610,6.142256,1.200212,6.098442,6.016145,3.707650,5.739677,4.015814,2.404459,1.600699,3.603218,3.933668
2020-09-21,3.885412,3.205937,3.594647,3.136137,4.693217,4.484303,1.488030,6.086157,1.149887,5.954119,5.922486,3.610582,5.570163,3.980210,2.410131,1.582454,3.456295,3.889887
2020-09-22,3.906433,3.228876,3.605112,3.165722,4.744914,4.517493,1.495112,6.166104,1.143009,6.034447,5.908785,3.581744,5.639645,4.022352,2.448291,1.592527,3.439388,3.929504
2020-09-23,3.822348,3.180119,3.490380,3.071323,4.657792,4.441950,1.465798,6.037774,1.081982,5.859042,5.811000,3.505758,5.538241,3.955634,2.389391,1.563906,3.332326,3.838374
2020-09-24,3.828794,3.217089,3.526303,3.084296,4.669513,4.477795,1.457628,6.049570,1.084698,5.871404,5.784122,3.513017,5.534884,3.973018,2.396935,1.562336,3.344172,3.848606
2020-09-25,3.879554,3.272170,3.548330,3.145638,4.728702,4.508320,1.471944,6.159414,1.073810,5.938800,5.892713,3.555574,5.630228,4.012102,2.439076,1.579382,3.378960,3.910826
2020-09-28,3.952075,3.276045,3.612235,3.210515,4.824013,4.560777,1.509202,6.276764,1.107022,6.027529,5.948783,3.645578,5.751482,4.058746,2.478850,1.602321,3.468980,3.975782
2020-09-29,3.921038,3.274380,3.575179,3.178713,4.788266,4.533763,1.488003,6.283480,1.076296,5.971533,5.936188,3.607658,5.684233,4.047539,2.483344,1.595452,3.409312,3.954130
2020-09-30,3.945418,3.313150,3.618950,3.194086,4.770038,4.583292,1.497421,6.272373,1.069123,5.986431,6.035054,3.647623,5.741371,4.073297,2.491960,1.610697,3.413981,3.984110
2020-10-01,3.956552,3.338379,3.567415,3.264442,4.761803,4.598812,1.511735,6.323945,1.031104,6.032831,6.011143,3.654919,5.792236,4.083375,2.516800,1.611255,3.392461,4.009688
2020-10-02,3.975605,3.386447,3.624166,3.328621,4.822748,4.587600,1.530401,6.232711,1.052522,5.977333,5.969438,3.693724,5.807415,4.054609,2.482086,1.595741,3.461360,3.971618
2020-10-05,4.046873,3.420587,3.714697,3.343483,4.909522,4.621952,1.565630,6.364632,1.089298,6.061436,6.110452,3.769909,5.864051,4.110758,2.550263,1.620152,3.530128,4.042047
2020-10-06,4.006550,3.454303,3.669916,3.320762,4.857132,4.584963,1.544963,6.319276,1.064001,5.977279,6.037893,3.727854,5.788507,4.065885,2.511974,1.600228,3.500217,3.984586
2020-10-07,4.078125,3.467675,3.774319,3.323021,4.960127,4.641710,1.585763,6.442317,1.080111,6.038473,6.149297,3.796167,5.918097,4.114257,2.564945,1.629734,3.562147,4.053944
2020-10-08,4.137908,3.536735,3.831387,3.390896,5.017414,4.673422,1.615864,6.519334,1.130588,6.117645,6.196363,3.851547,5.995469,4.132565,2.573141,1.640233,3.649572,4.089872
2020-10-09,4.145694,3.528370,3.850847,3.358914,5.033945,4.707568,1.612471,6.585775,1.108692,6.121438,6.238110,3.853199,6.008838,4.172976,2.604313,1.654269,3.599919,4.126395
2020-10-12,4.174690,3.553513,3.815395,3.368676,5.063789,4.756250,1.618075,6.671564,1.108805,6.194384,6.279772,3.898709,6.042032,4.216044,2.639967,1.668941,3.601924,4.192779
2020-10-13,4.133340,3.531367,3.778837,3.297987,5.005001,4.761445,1.594618,6.647613,1.087727,6.187646,6.252528,3.828193,5.983245,4.214351,2.648806,1.661755,3.523006,4.165417
2020-10-14,4.122758,3.530913,3.798248,3.266568,5.027402,4.732439,1.594004,6.631103,1.093395,6.111471,6.224503,3.802601,5.957881,4.187766,2.630286,1.649332,3.528141,4.139244
2020-10-15,4.137071,3.538640,3.787936,3.279833,5.038224,4.743672,1.606258,6.638416,1.110156,6.086068,6.199471,3.835479,6.003637,4.176544,2.621049,1.646393,3.557448,4.134128
2020-10-16,4.133507,3.565050,3.793221,3.249902,5.053341,4.726792,1.600341,6.639397,1.071141,6.085360,6.245353,3.835707,5.994551,4.179548,2.622817,1.655157,3.506433,4.131630
2020-10-19,4.078811,3.541964,3.749927,3.195760,4.988594,4.667201,1.580018,6.570903,1.049056,5.959869,6.149531,3.777743,5.929735,4.121133,2.588729,1.628870,3.451334,4.068815
2020-10-20,4.105233,3.566651,3.753965,3.223129,5.020006,4.656893,1.592546,6.582248,1.071835,5.990610,6.173370,3.813350,5.999255,4.121956,2.595425,1.633190,3.492406,4.085113
2020-10-21,4.090684,3.566615,3.733750,3.216731,4.982957,4.659678,1.582601,6.563733,1.048829,6.022374,6.158249,3.811316,5.980008,4.118680,2.578448,1.628068,3.453473,4.077381
2020-10-22,4.140730,3.618640,3.760848,3.237655,5.028601,4.647634,1.618413,6.577698,1.093103,6.077215,6.270521,3.872887,6.043015,4.133219,2.581136,1.638237,3.559784,4.099747
2020-10-23,4.160942,3.634793,3.768192,3.260234,5.061109,4.661536,1.625169,6.590705,1.092405,6.113829,6.304382,3.886977,6.112144,4.148256,2.607158,1.635030,3.569250,4.113666
2020-10-26,4.064107,3.628767,3.672425,3.200553,4.937427,4.591249,1.574723,6.415841,1.043619,5.986240,6.222501,3.793577,5.911902,4.103108,2.565670,1.605224,3.458096,4.037645
2020-10-27,4.011011,3.622838,3.643268,3.138352,4.836127,4.565035,1.545831,6.375934,1.029513,5.937043,6.184896,3.706847,5.834633,4.097064,2.564563,1.595192,3.369583,4.023726
2020-10-28,3.883246,3.502972,3.532822,3.055075,4.688514,4.438500,1.487013,6.164650,0.979861,5.738186,5.983476,3.608553,5.655990,3.975146,2.486379,1.544589,3.245081,3.886199
2020-10-29,3.927189,3.514752,3.632117,3.115575,4.759357,4.449271,1.505200,6.252148,1.013184,5.827234,5.940636,3.646380,5.725102,3.977197,2.513972,1.555512,3.321387,3.925697
2020-10-30,3.920819,3.491752,3.632045,3.101495,4.762234,4.433871,1.510485,6.202755,1.027558,5.829790,5.940819,3.649948,5.675289,3.976243,2.476318,1.548628,3.347696,3.884772
2020-11-02,4.010551,3.568267,3.756830,3.195178,4.897223,4.526097,1.560587,6.279206,1.069249,5.883577,6.053071,3.735685,5.751786,4.034722,2.502452,1.567512,3.451280,3.928314
2020-11-03,4.094369,3.622669,3.771952,3.266680,5.039591,4.596057,1.595758,6.450353,1.070024,5.986738,6.157050,3.817173,5.892171,4.088563,2.550346,1.589678,3.523789,3.997672
2020-11-04,4.100353,3.573316,3.660679,3.237650,4.970928,4.601229,1.577311,6.586186,1.072109,6.100807,6.398379,3.766723,5.935473,4.135406,2.647620,1.625140,3.450309,4.087017
2020-11-05,4.183082,3.606876,3.810989,3.245851,5.087443,4.636282,1.616119,6.769250,1.074154,6.255957,6.452358,3.871468,6.087423,4.165395,2.715544,1.651876,3.520202,4.166725
2020-11-06,4.167310,3.582260,3.815531,3.199259,5.098639,4.665432,1.590884,6.813911,1.041755,6.312527,6.468457,3.826060,6.057541,4.189545,2.720797,1.655083,3.430251,4.165774
2020-11-09,4.360507,3.680184,3.933820,3.503803,5.282185,4.650460,1.707258,6.888188,1.217940,6.453481,6.533726,4.146873,6.386751,4.131054,2.595048,1.680074,3.915129,4.218119
2020-11-10,4.390923,3.745670,3.994738,3.562609,5.364121,4.731714,1.712259,6.791768,1.251971,6.527481,6.545191,4.173110,6.400404,4.170982,2.550700,1.687675,3.980724,4.211933
2020-11-11,4.383810,3.741740,3.947283,3.544395,5.313399,4.769010,1.700357,6.906152,1.240254,6.590915,6.524477,4.147571,6.377041,4.215179,2.619359,1.699578,3.926872,4.243222
2020-11-12,4.315838,3.668299,3.874061,3.471799,5.251742,4.756123,1.665131,6.806369,1.194904,6.505796,6.497864,4.069697,6.247911,4.192058,2.599659,1.682860,3.803973,4.202059
2020-11-13,4.413091,3.720285,3.955921,3.580816,5.372502,4.827120,1.713578,6.931977,1.251139,6.656657,6.600501,4.148549,6.421103,4.239458,2.618218,1.704999,3.945874,4.260234
2020-11-16,4.503046,3.766930,4.066934,3.652623,5.497189,4.882839,1.764956,7.034118,1.334566,6.772905,6.609482,4.247711,6.559886,4.249620,2.627502,1.720645,4.113763,4.313413
2020-11-17,4.489188,3.695269,4.053934,3.648333,5.470007,4.853376,1.770347,7.007152,1.360691,6.787783,6.541692,4.244042,6.550590,4.235258,2.618738,1.716289,4.131271,4.290214
2020-11-18,4.440142,3.612968,4.028895,3.573124,5.458576,4.795161,1.757184,6.931531,1.324366,6.732256,6.425272,4.204583,6.515636,4.181682,2.582061,1.692558,4.060161,4.238582
2020-11-19,4.457819,3.571508,4.041698,3.593842,5.475350,4.811802,1.769362,7.007021,1.353576,6.768600,6.411674,4.209858,6.545651,4.200979,2.607696,1.699176,4.100066,4.256427
2020-11-20,4.432410,3.575507,4.048376,3.577032,5.424691,4.782512,1.761380,6.960799,1.347825,6.777133,6.401035,4.169322,6.474811,4.177185,2.604343,1.692262,4.073088,4.227280
2020-11-23,4.497419,3.589855,4.120617,3.595306,5.500781,4.805625,1.804436,7.029407,1.461119,6.839560,6.398553,4.252204,6.566955,4.173486,2.606752,1.704611,4.236056,4.252620
2020-11-24,4.589868,3.643006,4.275092,3.616912,5.606270,4.873139,1.855213,7.127257,1.534338,6.970336,6.423955,4.391164,6.727449,4.186588,2.596539,1.731127,4.401818,4.321145
2020-11-25,4.560720,3.642586,4.226839,3.606995,5.548703,4.865015,1.832325,7.111574,1.507864,6.957735,6.390583,4.369297,6.676977,4.184528,2.611236,1.726398,4.344188,4.314483
2020-11-27,4.561292,3.606035,4.247792,3.576220,5.539139,4.866777,1.834990,7.159658,1.488040,6.963720,6.450528,4.344103,6.698605,4.191912,2.644295,1.729436,4.309563,4.326499
2020-11-30,4.514523,3.554711,4.190654,3.541805,5.489823,4.869581,1.803159,7.172196,1.405467,6.933986,6.462563,4.262866,6.618655,4.210152,2.663556,1.727113,4.179531,4.307345
2020-12-01,4.559299,3.576127,4.230194,3.583320,5.498754,4.916392,1.826530,7.252271,1.408220,7.060377,6.501058,4.345876,6.683066,4.241924,2.685606,1.740360,4.227086,4.354456
2020-12-02,4.568725,3.601315,4.195675,3.579206,5.477821,4.862964,1.831455,7.254108,1.457588,7.134025,6.535046,4.384104,6.651814,4.219237,2.667078,1.743634,4.304764,4.363617
2020-12-03,4.591085,3.563718,4.191036,3.625637,5.496956,4.882797,1.859228,7.273831,1.485340,7.135335,6.517903,4.396241,6.741671,4.212051,2.667524,1.740998,4.356214,4.362427
2020-12-04,4.660094,3.539196,4.299433,3.687849,5.558877,4.923018,1.896263,7.416076,1.591575,7.158759,6.607555,4.456708,6.787204,4.238873,2.691459,1.759551,4.485515,4.400021
2020-12-07,4.636242,3.550246,4.253884,3.654587,5.540172,4.903217,1.883644,7.424408,1.552407,7.185600,6.553365,4.417918,6.768350,4.232852,2.708663,1.754277,4.414954,4.390979
2020-12-08,4.650761,3.534321,4.283553,3.641509,5.570442,4.923905,1.889694,7.460830,1.573945,7.168075,6.613429,4.423956,6.747778,4.258770,2.725337,1.760232,4.439657,4.403828
2020-12-09,4.636015,3.523736,4.284145,3.623444,5.582358,4.908949,1.884546,7.360206,1.581077,7.117545,6.581735,4.412461,6.760400,4.241732,2.678415,1.755353,4.450019,4.364331
2020-12-10,4.629943,3.500964,4.250193,3.594263,5.534399,4.880012,1.884774,7.356142,1.637558,7.121154,6.585021,4.417337,6.751295,4.221612,2.686286,1.751351,4.471716,4.362903
2020-12-11,4.608242,3.501524,4.230872,3.587289,5.544960,4.883125,1.866663,7.343551,1.616190,7.165223,6.527475,4.377110,6.679487,4.233892,2.678578,1.752497,4.438740,4.357787
2020-12-14,4.572737,3.480286,4.175099,3.556273,5.475672,4.865621,1.850815,7.364796,1.549710,7.119066,6.512087,4.327760,6.649055,4.212600,2.692636,1.740014,4.351663,4.338277
2020-12-15,4.645100,3.548970,4.249948,3.637459,5.557549,4.880013,1.892399,7.454190,1.591379,7.187699,6.588529,4.403153,6.760935,4.238588,2.723345,1.758590,4.450804,4.396928
2020-12-16,4.636347,3.500563,4.233757,3.627592,5.523916,4.896332,1.880428,7.477238,1.576658,7.171753,6.568482,4.418452,6.786977,4.238339,2.739443,1.758292,4.419252,4.403828
2020-12-17,4.668743,3.521703,4.274226,3.662933,5.555917,4.925409,1.897276,7.534533,1.568270,7.170566,6.646796,4.435550,6.854415,4.272385,2.770682,1.772310,4.418202,4.428454
2020-12-18,4.653291,3.491779,4.306240,3.587010,5.561526,4.922070,1.888256,7.563475,1.536779,7.128917,6.651123,4.402032,6.842694,4.279306,2.784258,1.769190,4.371586,4.410772
2020-12-21,4.621433,3.437263,4.295371,3.553247,5.537073,4.877517,1.875697,7.484966,1.507046,7.080874,6.581585,4.419585,6.809797,4.241248,2.773609,1.760444,4.322049,4.395001
2020-12-22,4.603391,3.432151,4.254330,3.572227,5.509109,4.845584,1.865255,7.496557,1.481307,7.037881,6.570767,4.390004,6.785528,4.227306,2.795409,1.752911,4.294547,4.387594
2020-12-23,4.628197,3.437725,4.257284,3.550045,5.537034,4.874272,1.885183,7.470155,1.524053,7.087121,6.583294,4.445268,6.834710,4.226245,2.773314,1.754699,4.359305,4.391537
2020-12-24,4.639512,3.459029,4.274462,3.582778,5.547538,4.893191,1.885717,7.507983,1.512713,7.112366,6.592434,4.452266,6.835423,4.243894,2.781191,1.760285,4.351989,4.408621
2020-12-28,4.653167,3.476994,4.259099,3.610404,5.557486,4.916002,1.886435,7.522312,1.499102,7.226752,6.599654,4.470346,6.878358,4.252634,2.770551,1.769672,4.357598,4.446495
2020-12-29,4.630387,3.479113,4.244107,3.578592,5.520275,4.904202,1.868542,7.466294,1.489635,7.229114,6.612752,4.444629,6.840467,4.246379,2.757479,1.770491,4.323675,4.438012
2020-12-30,4.660486,3.495147,4.318761,3.600896,5.559855,4.893947,1.890085,7.507283,1.523854,7.213587,6.616993,4.477962,6.884840,4.237367,2.769454,1.772000,4.366527,4.444344
2020-12-31,4.696862,3.555293,4.341072,3.641174,5.593430,4.931559,1.896048,7.583147,1.509567,7.267714,6.699639,4.537053,6.885656,4.276068,2.784977,1.786591,4.402004,4.466925
2021-01-04,4.619151,3.473919,4.321980,3.511349,5.445498,4.885000,1.867821,7.449346,1.512279,7.175253,6.668458,4.464819,6.739898,4.244734,2.753456,1.766715,4.335181,4.406113
2021-01-05,4.662751,3.471086,4.440514,3.508361,5.497469,4.891850,1.892435,7.514245,1.594659,7.212208,6.723581,4.481942,6.804602,4.250633,2.791800,1.776401,4.400762,4.436459
2021-01-06,4.768814,3.545730,4.663279,3.537459,5.649247,4.938877,1.945527,7.520571,1.645421,7.334568,6.847725,4.684615,6.943149,4.285491,2.809636,1.789885,4.537560,4.462983
2021-01-07,4.814363,3.473852,4.730093,3.529201,5.702192,4.935930,1.970204,7.675790,1.673182,7.359636,6.955251,4.737784,7.018998,4.296525,2.884800,1.809329,4.552361,4.529291
2021-01-08,4.823402,3.494459,4.723106,3.557974,5.688071,4.950871,1.969429,7.728441,1.654898,7.380249,6.995565,4.730877,7.037205,4.306656,2.913356,1.824388,4.536689,4.555098
2021-01-11,4.816507,3.467647,4.724507,3.503906,5.682697,4.905893,1.968860,7.718436,1.679358,7.333198,7.009693,4.738745,7.038373,4.289268,2.898470,1.822693,4.534851,4.524393
2021-01-12,4.852784,3.458384,4.830831,3.521579,5.745634,4.894788,2.003641,7.724778,1.765930,7.251205,6.950933,4.796846,7.116774,4.275182,2.905176,1.818148,4.615727,4.525348
2021-01-13,4.839150,3.520166,4.760323,3.576513,5.689621,4.894367,1.985064,7.695706,1.738154,7.282114,6.960988,4.785407,7.059185,4.271413,2.894276,1.825788,4.623728,4.537535
2021-01-14,4.853807,3.497537,4.765508,3.616603,5.707319,4.880226,2.006780,7.713306,1.792268,7.295984,6.910925,4.803153,7.070972,4.262319,2.895122,1.819650,4.713614,4.521645
2021-01-15,4.819239,3.551143,4.696619,3.653493,5.629534,4.876775,1.977418,7.669259,1.723048,7.280270,6.918907,4.744588,7.005166,4.268204,2.866191,1.807820,4.664102,4.488670
2021-01-19,4.843319,3.532843,4.724801,3.624138,5.651968,4.858210,1.983685,7.771278,1.755955,7.351649,6.954192,4.785887,7.034465,4.271886,2.902401,1.818166,4.680790,4.523915
2021-01-20,4.876159,3.545767,4.727592,3.697752,5.685549,4.870514,1.996838,7.822676,1.753580,7.517260,7.014427,4.775798,7.133182,4.286360,2.942948,1.832692,4.711796,4.586520
2021-01-21,4.851075,3.522026,4.639461,3.678040,5.649292,4.863079,1.993905,7.843392,1.688153,7.548250,6.971828,4.717750,7.169345,4.278603,2.932835,1.824868,4.645182,4.590701
2021-01-22,4.829418,3.521041,4.621064,3.687363,5.627461,4.859216,1.989987,7.760751,1.684174,7.510012,6.953510,4.678055,7.122337,4.279661,2.925297,1.818660,4.631819,4.574453
2021-01-25,4.824921,3.572546,4.605060,3.710323,5.581940,4.908948,1.984487,7.774390,1.660494,7.560413,6.974586,4.648873,7.067121,4.320539,2.922143,1.826627,4.649885,4.592493
2021-01-26,4.799932,3.538660,4.495998,3.731608,5.512941,4.960951,1.986323,7.753097,1.622850,7.654370,6.931042,4.611946,7.016013,4.337409,2.884869,1.823110,4.669519,4.585325
2021-01-27,4.688282,3.460068,4.376104,3.690461,5.384333,4.907000,1.945013,7.593296,1.596134,7.544754,6.715802,4.474975,6.790508,4.264508,2.773444,1.771829,4.630529,4.473257
2021-01-28,4.743308,3.508924,4.456317,3.713555,5.466571,4.887891,1.958495,7.633688,1.622514,7.582155,6.812301,4.571002,6.892010,4.259665,2.822819,1.797136,4.636773,4.511728
2021-01-29,4.657380,3.492473,4.353519,3.657802,5.353123,4.783562,1.921018,7.505384,1.565002,7.431142,6.763102,4.469108,6.751290,4.198881,2.785314,1.767948,4.541816,4.421405
2021-02-01,4.718335,3.510494,4.454579,3.718623,5.420407,4.783137,1.943296,7.686376,1.581455,7.535966,6.815899,4.531802,6.841964,4.206954,2.855420,1.786442,4.559738,4.495002
2021-02-02,4.782141,3.536154,4.505342,3.728175,5.515853,4.816864,1.966614,7.795576,1.602715,7.625868,6.856923,4.626465,7.001016,4.230409,2.912717,1.812044,4.582550,4.558562
2021-02-03,4.796356,3.518459,4.511638,3.737328,5.520673,4.829678,1.986869,7.744556,1.684223,7.697514,6.802096,4.638465,7.062638,4.222669,2.877261,1.806854,4.641357,4.562147
2021-02-04,4.856959,3.549028,4.504944,3.771645,5.588679,4.855259,2.016364,7.854275,1.703989,7.792489,6.867585,4.748862,7.152454,4.229659,2.920270,1.824220,4.700110,4.613999
2021-02-05,4.883835,3.566376,4.568298,3.786503,5.627729,4.891846,2.025330,7.859587,1.707727,7.891452,6.863663,4.758237,7.279575,4.240867,2.939260,1.829800,4.724587,4.632159
2021-02-08,4.937775,3.535936,4.623189,3.805919,5.700441,4.930112,2.053380,7.992176,1.793487,7.976013,6.872146,4.812064,7.355952,4.254019,2.969302,1.841578,4.780409,4.665612
2021-02-09,4.934976,3.543413,4.592926,3.822860,5.710880,4.942197,2.044324,8.000466,1.772109,7.992288,6.870586,4.821812,7.310326,4.263434,2.970043,1.837893,4.778789,4.662506
2021-02-10,4.950324,3.566481,4.597759,3.863281,5.706549,4.947639,2.053289,8.004486,1.816774,8.055024,6.885809,4.815447,7.332510,4.265723,2.965683,1.833033,4.822007,4.660474
2021-02-11,4.953509,3.546426,4.612242,3.889082,5.694861,4.906217,2.047851,8.131359,1.788937,8.095451,6.902262,4.818513,7.297548,4.253779,2.990930,1.838577,4.811205,4.668001
2021-02-12,4.979305,3.527022,4.685748,3.897188,5.725013,4.921654,2.061083,8.194947,1.819542,8.165981,6.921445,4.848930,7.304335,4.274504,3.028824,1.848335,4.837600,4.691060
2021-02-16,4.981302,3.494789,4.702062,3.866604,5.703475,4.898517,2.060083,8.190786,1.867482,8.163428,6.852720,4.919458,7.336758,4.245730,3.016306,1.846806,4.854136,4.686998
2021-02-17,4.981039,3.502064,4.689203,3.869268,5.690346,4.927057,2.049941,8.126737,1.888146,8.224422,6.867269,4.928497,7.351901,4.275804,2.984682,1.849672,4.885946,4.688073
2021-02-18,4.953547,3.510804,4.615853,3.866662,5.666533,4.942133,2.027793,8.098895,1.827155,8.182205,6.822220,4.891752,7.352810,4.281909,2.960257,1.839727,4.849012,4.668121
2021-02-19,4.988583,3.479650,4.748753,3.884008,5.756018,4.880119,2.063782,8.144694,1.865622,8.155678,6.772043,4.946205,7.430102,4.231264,2.978438,1.827055,4.901575,4.659877
2021-02-22,4.993669,3.405069,4.783610,3.922057,5.769399,4.879491,2.072326,8.006142,1.930615,8.259192,6.735079,5.000514,7.454064,4.219086,2.891761,1.820435,4.997198,4.624035
2021-02-23,5.009099,3.449302,4.790574,3.962883,5.784804,4.880061,2.084075,7.947605,1.957233,8.284218,6.736775,5.026632,7.482770,4.206773,2.882370,1.821085,5.045073,4.629650
2021-02-24,5.081892,3.411635,4.896869,4.011967,5.883742,4.873839,2.125317,8.121958,2.036134,8.325560,6.774200,5.136516,7.583967,4.215155,2.930444,1.840773,5.142859,4.680666
2021-02-25,4.968525,3.367803,4.762336,3.934549,5.777622,4.822445,2.073015,7.853277,1.981110,8.137609,6.684320,5.022449,7.336140,4.178883,2.837728,1.807879,5.041153,4.567881
2021-02-26,4.935303,3.296307,4.700632,3.870690,5.735278,4.758728,2.077108,7.882585,1.941864,8.169675,6.636937,4.945573,7.366271,4.128706,2.864576,1.790892,4.945238,4.544345
2021-03-01,5.045045,3.368013,4.811415,3.891167,5.877528,4.803473,2.134971,8.108982,1.998517,8.417453,6.728669,5.098296,7.476303,4.176164,2.950610,1.831020,5.052844,4.654501
2021-03-02,5.022051,3.360920,4.831200,3.869446,5.870884,4.784777,2.120955,7.974349,1.979018,8.375115,6.705509,5.078653,7.508166,4.164473,2.892114,1.821923,5.055594,4.618180
2021-03-03,4.992499,3.336993,4.794208,3.863755,5.879679,4.773218,2.115781,7.820400,2.010200,8.328349,6.597800,5.090169,7.418853,4.136795,2.793321,1.806024,5.094731,4.557009
2021-03-04,4.920212,3.350091,4.675193,3.831608,5.769073,4.753562,2.073633,7.566111,2.059910,8.305607,6.517568,5.027435,7.270873,4.097555,2.699882,1.780836,5.066761,4.500617
2021-03-05,5.033286,3.421840,4.790646,3.884987,5.916465,4.856439,2.131817,7.741349,2.144654,8.491324,6.652205,5.150254,7.376544,4.182387,2.738411,1.814389,5.178899,4.583413
2021-03-08,5.064120,3.472409,4.848522,3.938721,5.982075,4.890724,2.160085,7.603900,2.144395,8.526762,6.634368,5.210389,7.505264,4.206694,2.654984,1.815492,5.269326,4.560593
2021-03-09,5.081338,3.497552,4.857690,3.954868,5.957297,4.895822,2.155137,7.819371,2.085796,8.517839,6.684792,5.170963,7.566428,4.225423,2.760298,1.837197,5.221866,4.625707
2021-03-10,5.133047,3.520900,4.977604,3.995257,6.053842,4.956072,2.180090,7.792365,2.140808,8.629524,6.695821,5.257714,7.625336,4.263053,2.755700,1.851378,5.312167,4.654501
2021-03-11,5.166047,3.510788,5.030433,4.034562,6.068216,4.944754,2.195679,7.955439,2.151216,8.723123,6.745987,5.256594,7.667007,4.262152,2.846297,1.859163,5.289361,4.701693
2021-03-12,5.201245,3.561657,5.026239,4.104931,6.141989,4.983217,2.217363,7.921008,2.147780,8.802433,6.767962,5.313623,7.700987,4.284059,2.826323,1.862865,5.344674,4.708025
2021-03-15,5.251859,3.628191,5.052716,4.152085,6.199711,5.010113,2.244388,8.038378,2.136806,8.839657,6.837512,5.316112,7.840907,4.323088,2.867459,1.868421,5.365869,4.736102
2021-03-16,5.205039,3.630333,4.989888,4.123021,6.117955,5.010904,2.196463,8.053788,2.065170,8.924996,6.805007,5.255609,7.723779,4.328517,2.850670,1.865995,5.313128,4.730128
2021-03-17,5.229549,3.566864,5.053820,4.130653,6.176045,4.999440,2.216754,8.083546,2.090298,8.873577,6.802698,5.287978,7.843432,4.311919,2.867136,1.866107,5.341026,4.746257
2021-03-18,5.182143,3.567918,5.018824,4.091749,6.174160,4.973114,2.194642,7.906136,1.979537,8.839379,6.769369,5.301623,7.714837,4.304251,2.791450,1.848705,5.290347,4.677201
2021-03-19,5.176524,3.586440,4.990093,4.024926,6.139929,5.001569,2.198868,7.924385,1.990421,8.854037,6.806575,5.237651,7.736741,4.319297,2.818825,1.841789,5.278625,4.668547
2021-03-22,5.181461,3.566707,4.961565,4.047217,6.127428,5.053758,2.193479,8.031859,1.968658,8.893967,6.863010,5.185765,7.720873,4.364957,2.853786,1.855299,5.269481,4.705825
2021-03-23,5.106513,3.607506,4.827818,4.039870,6.020518,5.056954,2.124791,7.921770,1.930415,8.782679,6.777160,5.110577,7.553075,4.366220,2.810879,1.844852,5.199732,4.668786
2021-03-24,5.099942,3.619218,4.862202,4.035608,6.062775,5.027001,2.104216,7.873963,1.980116,8.505307,6.781853,5.134759,7.485427,4.343023,2.768242,1.834574,5.221947,4.645053
2021-03-25,5.161804,3.660358,4.939503,4.081044,6.157328,5.087404,2.140989,7.917490,1.983281,8.481578,6.819887,5.222508,7.640020,4.377403,2.776385,1.846344,5.302885,4.671184
2021-03-26,5.257483,3.668137,5.069091,4.163565,6.281134,5.180040,2.185103,8.210713,2.035344,8.200637,6.950041,5.303962,7.752153,4.462066,2.861595,1.882782,5.382779,4.746460
2021-03-29,5.231355,3.707123,5.049502,4.132717,6.271540,5.226488,2.151936,8.149343,1.995082,8.165117,6.966872,5.260415,7.663159,4.498445,2.825339,1.882259,5.358938,4.744062
2021-03-30,5.239410,3.680760,5.038264,4.140011,6.298794,5.188646,2.174615,8.104756,1.986262,8.242163,6.929985,5.291977,7.747283,4.459979,2.836900,1.875768,5.357215,4.731476
2021-03-31,5.233562,3.695834,5.014049,4.104305,6.274946,5.140808,2.176396,8.213769,1.974709,8.206562,6.940817,5.247970,7.733669,4.443258,2.888475,1.878280,5.328955,4.750655
2021-04-01,5.289964,3.695310,5.054713,4.179582,6.311322,5.143845,2.196398,8.394780,2.040580,8.342784,6.942742,5.325022,7.809799,4.452241,2.945883,1.893029,5.396567,4.801958
2021-04-05,5.343304,3.735450,5.101150,4.188961,6.394153,5.203667,2.212590,8.555388,1.979486,8.407978,7.003831,5.369144,7.959910,4.503932,2.975602,1.914608,5.393284,4.870881
2021-04-06,5.349002,3.755850,5.113965,4.203991,6.383049,5.225729,2.225983,8.490635,1.980064,8.483000,6.984522,5.365690,8.030334,4.507280,2.985338,1.913190,5.398511,4.868004
2021-04-07,5.329799,3.748227,5.021257,4.216353,6.345126,5.210566,2.207102,8.462401,1.987568,8.467749,6.955823,5.382864,7.976273,4.496621,2.962133,1.912794,5.401217,4.873638
2021-04-08,5.337069,3.741481,5.032576,4.202296,6.356614,5.212708,2.215836,8.553116,1.956397,8.446445,6.966296,5.378474,7.981423,4.503623,3.000802,1.919001,5.362480,4.896772
2021-04-09,5.370502,3.739415,5.071696,4.208756,6.419644,5.204521,2.232315,8.594859,1.940031,8.437087,7.052866,5.430717,8.059801,4.515386,3.016282,1.932905,5.373518,4.932372
2021-04-12,5.378955,3.747167,5.082288,4.228108,6.444698,5.234767,2.240247,8.556221,1.923642,8.385614,7.061482,5.468664,8.057190,4.530517,3.006264,1.931457,5.390484,4.934170
2021-04-13,5.370221,3.783757,5.074724,4.254174,6.407489,5.222293,2.225753,8.562083,1.924425,8.357761,7.089423,5.422069,8.038821,4.535503,3.019227,1.936037,5.389958,4.948794
2021-04-14,5.378783,3.803987,5.142223,4.229187,6.411604,5.214180,2.226438,8.511827,1.986639,8.301908,7.094346,5.461183,8.033252,4.530881,3.000548,1.932843,5.422616,4.931893
2021-04-15,5.420521,3.846100,5.188528,4.302544,6.446065,5.264413,2.234566,8.628168,1.968736,8.348087,7.217974,5.468406,8.053021,4.576969,3.033736,1.950858,5.456109,4.984873
2021-04-16,5.444905,3.875373,5.251788,4.310720,6.471968,5.302114,2.245511,8.640186,1.948823,8.370214,7.272942,5.485668,8.118838,4.609779,3.032212,1.959925,5.476473,5.001535
2021-04-19,5.418729,3.861137,5.236634,4.323359,6.440707,5.284853,2.225805,8.544143,1.949457,8.337685,7.261575,5.469645,8.058684,4.595115,2.982825,1.951579,5.461137,4.976962
2021-04-20,5.376492,3.912494,5.163699,4.361964,6.370763,5.312097,2.196370,8.480592,1.884231,8.269211,7.279277,5.385307,7.911321,4.626457,2.937520,1.935259,5.428628,4.940523
2021-04-21,5.447624,3.889744,5.281046,4.397571,6.458040,5.347022,2.244095,8.602964,1.911384,8.376260,7.375435,5.461895,8.031228,4.640524,3.004772,1.952083,5.500163,4.987271
2021-04-22,5.412751,3.857824,5.185056,4.378425,6.449325,5.307691,2.231145,8.524387,1.891701,8.354063,7.358633,5.401107,8.002242,4.617031,2.970517,1.936092,5.415503,4.941722
2021-04-23,5.471378,3.846730,5.277746,4.401533,6.526421,5.283297,2.268558,8.652964,1.919390,8.396269,7.412475,5.498201,8.093288,4.609474,3.029974,1.950958,5.466212,4.995302
2021-04-26,5.480180,3.828358,5.342352,4.416804,6.505826,5.236178,2.277589,8.726361,1.939588,8.400961,7.394309,5.515301,8.104714,4.572751,3.063474,1.948517,5.472248,5.005730
2021-04-27,5.489086,3.793578,5.333998,4.426493,6.545857,5.234897,2.285871,8.692059,1.959677,8.386862,7.354452,5.555642,8.168145,4.575618,3.068215,1.951150,5.479260,5.004651
2021-04-28,5.487185,3.787807,5.356552,4.407997,6.520819,5.237740,2.282143,8.609561,2.034991,8.372625,7.338389,5.576627,8.179322,4.571262,3.044140,1.947674,5.522830,5.003213
2021-04-29,5.528751,3.828606,5.377462,4.446046,6.587099,5.314496,2.290080,8.645726,2.053551,8.521334,7.329210,5.663046,8.200826,4.604810,3.051705,1.961829,5.576989,5.035097
2021-04-30,5.488641,3.858398,5.306229,4.461379,6.535791,5.298128,2.259749,8.490379,2.006942,8.477115,7.293780,5.627703,8.199804,4.608638,2.994849,1.948379,5.542644,5.002014
2021-05-03,5.524587,3.858632,5.392103,4.445346,6.599464,5.348529,2.283887,8.458629,2.070990,8.431200,7.378249,5.660435,8.250655,4.644976,3.015296,1.959150,5.621979,5.012802
2021-05-04,5.513051,3.851974,5.459223,4.422600,6.624054,5.331943,2.265527,8.382234,2.058722,8.351314,7.374849,5.696659,8.196501,4.652671,2.986684,1.950277,5.644993,4.981877
2021-05-05,5.526370,3.794868,5.527813,4.345106,6.632374,5.338147,2.280510,8.410364,2.136145,8.362965,7.378233,5.741350,8.188097,4.645517,3.023436,1.957842,5.658361,4.983435
2021-05-06,5.553363,3.821282,5.575055,4.393225,6.681287,5.406687,2.273512,8.453825,2.147030,8.384816,7.384926,5.805385,8.147287,4.682382,3.000314,1.977475,5.729436,5.023231
2021-05-07,5.612033,3.831405,5.666681,4.448447,6.756544,5.402378,2.298554,8.545380,2.197953,8.547970,7.460163,5.837240,8.278090,4.686516,3.073768,1.989129,5.769671,5.059790
2021-05-10,5.589559,3.874966,5.619406,4.461860,6.764010,5.440385,2.277964,8.360209,2.195627,8.489592,7.459125,5.826031,8.220201,4.725446,3.022202,1.976534,5.809043,5.009686
2021-05-11,5.527141,3.819328,5.634066,4.406539,6.658795,5.378614,2.258005,8.337384,2.147366,8.458836,7.381445,5.732591,8.093809,4.661330,2.988614,1.959109,5.737936,4.964976
2021-05-12,5.401526,3.732724,5.490037,4.291253,6.488579,5.296991,2.191953,8.087023,2.154127,8.262736,7.300682,5.640010,7.807021,4.592906,2.875467,1.925579,5.650251,4.859493
2021-05-13,5.479858,3.801413,5.564567,4.350997,6.625373,5.364399,2.224327,8.200549,2.121284,8.316911,7.377663,5.755631,7.934689,4.660588,2.908421,1.947013,5.710813,4.917868
2021-05-14,5.566600,3.824090,5.662197,4.399805,6.718715,5.384956,2.276246,8.391854,2.198341,8.463090,7.410571,5.843188,8.102512,4.671045,2.999224,1.969339,5.793721,4.993384
2021-05-17,5.561995,3.793044,5.714572,4.405881,6.699342,5.371962,2.287519,8.362005,2.256178,8.351924,7.387199,5.839051,8.077102,4.651037,3.005868,1.961661,5.831217,4.980678
2021-05-18,5.513522,3.791665,5.659496,4.405852,6.596190,5.351490,2.264232,8.291636,2.211285,8.286347,7.371090,5.759428,8.009294,4.634165,2.976042,1.945140,5.775532,4.937766
2021-05-19,5.483296,3.787447,5.553535,4.377228,6.556868,5.340894,2.238830,8.332272,2.155400,8.278350,7.359078,5.729201,7.918545,4.615897,2.939648,1.938070,5.711368,4.924820
2021-05-20,5.524420,3.809079,5.541371,4.421802,6.577243,5.389978,2.248223,8.482879,2.153871,8.427364,7.451789,5.742248,7.954294,4.660688,2.968190,1.956725,5.724291,4.977801
2021-05-21,5.531169,3.828893,5.564538,4.416042,6.603850,5.398124,2.247157,8.450115,2.158754,8.411039,7.452257,5.780781,7.945987,4.667612,2.970418,1.957166,5.743631,4.973726
2021-05-24,5.566213,3.829753,5.612014,4.469881,6.646421,5.402326,2.255148,8.574720,2.177146,8.497592,7.467959,5.799654,8.000074,4.665242,3.003184,1.973035,5.771629,5.024429
2021-05-25,5.540978,3.781226,5.548464,4.474842,6.629670,5.403623,2.240869,8.570803,2.128374,8.450913,7.443164,5.737935,8.026818,4.647677,2.993611,1.967444,5.688210,5.013282
2021-05-26,5.564549,3.783009,5.580342,4.490961,6.652727,5.397461,2.263718,8.592253,2.154044,8.526655,7.415792,5.763644,8.117084,4.639380,3.042411,1.970285,5.714815,5.023231
2021-05-27,5.593118,3.755958,5.641933,4.481793,6.731812,5.363956,2.286523,8.605047,2.170623,8.582823,7.415334,5.833578,8.178635,4.631739,3.092590,1.974105,5.724156,5.025868
2021-05-28,5.598196,3.772972,5.631225,4.517394,6.735429,5.371915,2.279640,8.611750,2.172109,8.545165,7.437309,5.842756,8.170963,4.641151,3.077746,1.976406,5.731246,5.034858
2021-06-01,5.617860,3.756021,5.736404,4.604058,6.759971,5.366600,2.295351,8.593108,2.279821,8.529199,7.353220,5.863774,8.189972,4.615429,3.092219,1.967368,5.782631,5.030422
2021-06-02,5.624132,3.772970,5.680894,4.665052,6.736474,5.399739,2.302397,8.628575,2.328112,8.473951,7.316696,5.875361,8.146364,4.636408,3.070744,1.970034,5.824778,5.038334
2021-06-03,5.613652,3.801715,5.687925,4.640837,6.713467,5.427264,2.285189,8.573101,2.334599,8.415645,7.344306,5.885973,8.079518,4.656923,3.052215,1.966092,5.849930,5.019635
2021-06-04,5.641293,3.795340,5.688049,4.634894,6.743322,5.443755,2.289607,8.721266,2.346684,8.502138,7.380458,5.894524,8.115053,4.669163,3.069022,1.981968,5.855641,5.065543
2021-06-07,5.631126,3.805811,5.635660,4.681029,6.692697,5.430822,2.290102,8.669381,2.342396,8.487858,7.432509,5.854667,8.112789,4.652693,3.068114,1.979825,5.862431,5.060629
2021-06-08,5.642735,3.780938,5.657880,4.717685,6.726630,5.403066,2.302453,8.675163,2.355434,8.495766,7.428511,5.852522,8.172477,4.621640,3.089667,1.974917,5.875886,5.061708
2021-06-09,5.616151,3.816255,5.612902,4.726854,6.667184,5.358552,2.272888,8.655900,2.331231,8.496073,7.485839,5.793236,8.093727,4.631617,3.048518,1.974240,5.875447,5.054156
2021-06-10,5.622583,3.837540,5.551995,4.752659,6.639465,5.380207,2.264491,8.744635,2.321187,8.502791,7.614526,5.747389,8.043563,4.665826,3.029732,1.986500,5.874028,5.077650
2021-06-11,5.641572,3.855236,5.566703,4.746364,6.658937,5.390070,2.281726,8.774687,2.321040,8.554465,7.565825,5.786568,8.124285,4.677322,3.058128,1.987732,5.877665,5.086040
2021-06-14,5.620697,3.856893,5.484315,4.756996,6.625954,5.381101,2.261014,8.807965,2.303475,8.558708,7.572726,5.743606,8.041161,4.679579,3.022481,1.989854,5.856340,5.097428
2021-06-15,5.624533,3.871413,5.470684,4.713530,6.662049,5.360450,2.262891,8.768973,2.343258,8.485261,7.579638,5.778645,8.034600,4.682016,3.023021,1.985184,5.870155,5.088078
2021-06-16,5.586274,3.810484,5.403610,4.675681,6.598710,5.303464,2.253063,8.700524,2.334870,8.441101,7.554396,5.759698,8.001150,4.632403,3.015194,1.972209,5.811621,5.059670
2021-06-17,5.530687,3.823496,5.257149,4.672490,6.491038,5.308637,2.215767,8.714555,2.237786,8.392940,7.602750,5.592087,7.937396,4.640915,2.960513,1.969124,5.710294,5.057992
2021-06-18,5.437398,3.713328,5.171081,4.590617,6.408338,5.221695,2.176014,8.576953,2.173083,8.306829,7.517418,5.453332,7.853857,4.563409,2.912516,1.943102,5.568268,4.989757
2021-06-21,5.543526,3.767337,5.287677,4.694103,6.552335,5.283240,2.221798,8.689379,2.282424,8.428780,7.618047,5.593182,7.990261,4.617771,2.976771,1.971400,5.693701,5.061191
2021-06-22,5.551739,3.737726,5.302969,4.663902,6.566431,5.286952,2.227632,8.716156,2.289551,8.461643,7.639293,5.597616,8.028852,4.618016,2.990586,1.980419,5.671422,5.088249
2021-06-23,5.543198,3.699525,5.290266,4.662922,6.555309,5.252838,2.227864,8.701521,2.294634,8.442411,7.608257,5.609901,8.044271,4.587335,3.015513,1.975325,5.650140,5.082116
2021-06-24,5.578402,3.702783,5.321932,4.644833,6.592799,5.271290,2.244417,8.790334,2.323145,8.529207,7.627582,5.681152,8.078539,4.597540,3.046236,1.993312,5.680043,5.112180
2021-06-25,5.618939,3.747413,5.322573,4.675521,6.616469,5.310807,2.271711,8.818893,2.338500,8.574030,7.669832,5.753097,8.152847,4.634080,3.062461,2.005029,5.728438,5.130339
2021-06-28,5.594173,3.769430,5.302413,4.652135,6.592520,5.318285,2.247427,8.885431,2.249007,8.583855,7.676486,5.682560,8.066330,4.636899,3.055656,2.005185,5.674610,5.140681
2021-06-29,5.589946,3.706641,5.300514,4.644320,6.580604,5.301736,2.249278,8.940848,2.238892,8.544704,7.685378,5.672093,8.085494,4.612543,3.056744,2.006795,5.643498,5.143447
2021-06-30,5.602864,3.705797,5.336715,4.619903,6.627395,5.325839,2.256965,8.914736,2.272026,8.566153,7.674995,5.680742,8.125308,4.624175,3.076388,2.011039,5.662879,5.147777
2021-07-01,5.643323,3.745811,5.367421,4.646654,6.670115,5.318882,2.276464,8.915207,2.324445,8.646611,7.756121,5.729253,8.201505,4.650647,3.094369,2.023319,5.716978,5.176278
2021-07-02,5.657727,3.752314,5.359995,4.662127,6.678386,5.328487,2.279472,8.979361,2.316945,8.651429,7.809397,5.724292,8.230418,4.667806,3.081670,2.036573,5.711988,5.215843
2021-07-06,5.609940,3.762858,5.270710,4.683788,6.615496,5.297510,2.246751,8.965324,2.227291,8.570306,7.795266,5.642305,8.135690,4.659814,3.020343,2.024664,5.642185,5.206342
2021-07-07,5.623658,3.787677,5.322541,4.698998,6.685918,5.329384,2.235583,8.981656,2.183375,8.550294,7.846868,5.653718,8.114005,4.697404,3.002210,2.032750,5.635655,5.224742
2021-07-08,5.565575,3.778194,5.249834,4.693279,6.591876,5.303450,2.212412,8.898573,2.171865,8.450341,7.797317,5.535140,8.025569,4.673531,2.963423,2.018985,5.587065,5.182170
2021-07-09,5.655744,3.793344,5.370852,4.780497,6.701023,5.338724,2.262480,9.017899,2.226025,8.550664,7.838137,5.691454,8.168188,4.705943,3.054753,2.040685,5.690292,5.237489
2021-07-12,5.670250,3.800198,5.397509,4.821641,6.715204,5.323583,2.266056,9.018753,2.221549,8.612320,7.850338,5.738638,8.175757,4.704802,3.086521,2.047578,5.707429,5.256250
2021-07-13,5.617239,3.762876,5.339414,4.748547,6.651466,5.299036,2.227153,8.981678,2.200129,8.539517,7.827375,5.676635,8.067392,4.689163,3.036407,2.043608,5.640256,5.238331
2021-07-14,5.610264,3.791367,5.324715,4.791039,6.654541,5.331499,2.216790,9.003046,2.118538,8.519445,7.812666,5.651749,8.054320,4.716704,3.003765,2.050058,5.622613,5.246148
2021-07-15,5.596724,3.832339,5.324712,4.792870,6.662587,5.354293,2.198443,8.913426,2.080569,8.477972,7.788325,5.677249,7.998754,4.742051,2.982629,2.047238,5.625545,5.228229
2021-07-16,5.550828,3.868847,5.217079,4.789940,6.614022,5.359179,2.165923,8.822151,2.022358,8.398350,7.797131,5.616157,7.876273,4.753610,2.911019,2.035783,5.580990,5.187221
2021-07-19,5.446917,3.794326,5.091700,4.677227,6.474467,5.353190,2.126547,8.744660,1.938911,8.259096,7.701327,5.444180,7.713688,4.708555,2.842518,2.005393,5.440006,5.110617
2021-07-20,5.555756,3.816157,5.170968,4.801525,6.658779,5.360760,2.184260,8.891411,1.975929,8.322619,7.826596,5.581197,7.917502,4.735727,2.940694,2.029319,5.533592,5.183854
2021-07-21,5.613307,3.779454,5.245027,4.812948,6.722546,5.333445,2.220152,9.008464,2.048429,8.395020,7.843662,5.669000,8.069832,4.723581,3.014044,2.048317,5.588314,5.225824
2021-07-22,5.595016,3.781036,5.249236,4.773956,6.684935,5.316419,2.203489,9.012962,2.024522,8.368926,7.894675,5.609043,8.063443,4.727735,2.981876,2.050680,5.548396,5.236768
2021-07-23,5.640219,3.830375,5.276653,4.810103,6.728577,5.378937,2.227459,9.102003,2.016125,8.460536,7.980161,5.632054,8.115795,4.783616,2.988848,2.062070,5.575838,5.290643
2021-07-26,5.661374,3.831627,5.331350,4.818245,6.725170,5.388378,2.243577,9.102313,2.070598,8.558347,7.939013,5.660101,8.197807,4.777910,3.025461,2.067681,5.625906,5.303631
2021-07-27,5.652399,3.900926,5.327769,4.852226,6.706653,5.396885,2.224140,9.025517,2.046673,8.489197,7.981441,5.654261,8.160260,4.809861,2.990526,2.062321,5.643887,5.279459
2021-07-28,5.651867,3.873429,5.367232,4.826836,6.682757,5.356944,2.228416,9.084111,2.072681,8.517939,8.008445,5.634936,8.131284,4.771123,2.995865,2.059515,5.634680,5.277295
2021-07-29,5.695222,3.880402,5.439903,4.843686,6.741732,5.388776,2.243584,9.171285,2.085037,8.500347,8.053177,5.696346,8.223562,4.791804,3.032434,2.072515,5.668709,5.299182
2021-07-30,5.676992,3.839118,5.441872,4.848839,6.733376,5.369221,2.226842,9.220322,2.048077,8.474948,8.066614,5.660914,8.149050,4.782790,3.020806,2.067330,5.612903,5.273446
2021-08-02,5.666796,3.864152,5.374909,4.842728,6.671381,5.354440,2.227823,9.221453,2.026150,8.481016,8.086877,5.656434,8.141558,4.783281,3.012035,2.062607,5.600853,5.262383
2021-08-03,5.712363,3.887627,5.439274,4.855888,6.766835,5.361132,2.241508,9.301719,2.069922,8.363286,8.167336,5.714644,8.186798,4.810943,3.066486,2.078550,5.659367,5.305195
2021-08-04,5.658094,3.875088,5.374902,4.820552,6.667608,5.284057,2.208893,9.311131,1.998834,8.377270,8.135775,5.667170,8.058343,4.772290,3.036181,2.069172,5.558512,5.279099
2021-08-05,5.700639,3.926916,5.369003,4.893478,6.708076,5.303851,2.229184,9.338566,2.034323,8.521562,8.072886,5.738181,8.190480,4.789618,3.086135,2.080862,5.634525,5.312530
2021-08-06,5.729070,3.930787,5.472637,4.893779,6.737629,5.317587,2.243061,9.359758,2.055783,8.527142,8.074502,5.834241,8.185193,4.790284,3.106140,2.086124,5.685381,5.321309
2021-08-09,5.716264,3.928069,5.490177,4.866441,6.707327,5.349801,2.235287,9.324388,2.025253,8.493173,8.086128,5.845441,8.130415,4.791811,3.109203,2.083512,5.667838,5.316980
2021-08-10,5.742991,3.928060,5.608987,4.831765,6.765466,5.400332,2.252649,9.276842,2.064163,8.512807,8.038048,5.896603,8.227137,4.798371,3.136571,2.089305,5.718928,5.323594
2021-08-11,5.781491,3.959007,5.693727,4.861619,6.857546,5.416433,2.270153,9.309925,2.083623,8.533176,7.989109,5.965768,8.297517,4.825131,3.154012,2.093677,5.774629,5.336823
2021-08-12,5.778981,3.957658,5.689129,4.860656,6.839504,5.399405,2.266427,9.292745,2.083682,8.516369,8.050233,5.970984,8.269475,4.820351,3.160170,2.101970,5.769599,5.352817
2021-08-13,5.776578,3.982914,5.682178,4.883092,6.823921,5.448530,2.256504,9.320170,2.048730,8.479928,8.082497,5.943402,8.240882,4.847082,3.130128,2.108212,5.766667,5.362558
2021-08-16,5.778061,3.999132,5.613135,4.870420,6.851584,5.479450,2.246950,9.323445,2.001709,8.472489,8.167941,5.941664,8.223327,4.891534,3.096949,2.115075,5.743579,5.375185
2021-08-17,5.731270,4.001461,5.520019,4.857774,6.770903,5.476494,2.207736,9.235925,1.979674,8.433198,8.242425,5.890392,8.047523,4.888571,3.020039,2.107951,5.706816,5.339949
2021-08-18,5.671720,3.978369,5.453985,4.810003,6.702355,5.402189,2.178961,9.125172,1.940915,8.367106,8.124971,5.822882,8.065259,4.830331,2.999343,2.085036,5.633747,5.281504
2021-08-19,5.655910,3.987339,5.356204,4.830941,6.665272,5.428996,2.160170,9.180306,1.884091,8.327487,8.168828,5.790207,8.010118,4.859636,2.958986,2.087216,5.581003,5.289681
2021-08-20,5.696632,4.036564,5.391536,4.855571,6.694835,5.442985,2.182582,9.253001,1.892947,8.387953,8.206666,5.837244,8.098466,4.885050,2.989968,2.099348,5.627434,5.331772
2021-08-23,5.740386,3.992887,5.463772,4.848087,6.750879,5.429852,2.202193,9.369468,1.978304,8.493387,8.219621,5.885006,8.176439,4.860826,3.054163,2.110483,5.675486,5.378672
2021-08-24,5.769463,3.968152,5.519480,4.840953,6.797411,5.395592,2.233766,9.370165,2.026503,8.519410,8.215647,5.919792,8.296413,4.826953,3.099540,2.110638,5.714828,5.387211
2021-08-25,5.801445,3.974656,5.546068,4.856389,6.847132,5.392793,2.250492,9.425707,2.045274,8.519684,8.214660,5.984602,8.369732,4.824292,3.133787,2.111026,5.755387,5.398515
2021-08-26,5.758522,3.959254,5.494435,4.848218,6.810775,5.333091,2.229989,9.392955,2.012297,8.433527,8.176365,5.932528,8.258666,4.807159,3.097744,2.099107,5.703996,5.366647
2021-08-27,5.820750,3.963695,5.578491,4.901118,6.869414,5.351771,2.261930,9.510047,2.081166,8.553835,8.190928,6.022596,8.353194,4.821408,3.156726,2.110414,5.779746,5.414630
2021-08-30,5.808692,3.962314,5.558673,4.941056,6.860039,5.364210,2.245900,9.538413,2.052003,8.539941,8.242602,5.940419,8.313809,4.844363,3.127880,2.118065,5.740496,5.438441
2021-08-31,5.810879,3.961198,5.536963,4.972851,6.841098,5.375900,2.243948,9.507103,2.053192,8.611649,8.254006,5.955756,8.324279,4.844436,3.117522,2.111413,5.765003,5.430384
2021-09-01,5.810079,4.009153,5.512108,5.042806,6.819544,5.396242,2.248903,9.471797,2.013536,8.648608,8.271289,5.925149,8.322754,4.868199,3.112968,2.111107,5.746362,5.433270
2021-09-02,5.847632,4.042243,5.546927,5.064702,6.903764,5.405285,2.260829,9.505302,2.070646,8.653329,8.370753,5.938280,8.322597,4.893021,3.143945,2.120041,5.799581,5.449986
2021-09-03,5.826370,4.011365,5.500471,5.056637,6.865454,5.388206,2.249022,9.534409,2.054895,8.619272,8.374744,5.906085,8.264274,4.879912,3.130878,2.121014,5.771533,5.448663
2021-09-07,5.776476,3.957669,5.464354,4.996387,6.751608,5.326027,2.229345,9.447362,2.041657,8.604345,8.334961,5.863407,8.259371,4.807160,3.119365,2.113530,5.722509,5.429181
2021-09-08,5.772597,4.024787,5.396885,5.019438,6.769950,5.387852,2.218733,9.411862,2.007464,8.557117,8.332395,5.859166,8.210868,4.856987,3.084757,2.111101,5.731061,5.422567
2021-09-09,5.758009,3.999781,5.410110,4.931534,6.751018,5.347115,2.227705,9.415336,2.012239,8.493852,8.248872,5.873538,8.224046,4.822045,3.107486,2.101989,5.696880,5.399357
2021-09-10,5.716504,3.938708,5.413554,4.865744,6.718939,5.313885,2.199198,9.379132,2.012515,8.420676,8.165097,5.834169,8.187619,4.791814,3.082514,2.093347,5.652814,5.356785
2021-09-13,5.740076,3.937393,5.405864,4.915450,6.729175,5.332450,2.214640,9.369946,2.082465,8.484720,8.122303,5.890180,8.227546,4.792158,3.098806,2.093413,5.727838,5.370495
2021-09-14,5.695119,3.916746,5.342997,4.896951,6.656608,5.303564,2.192157,9.329874,2.048363,8.374916,8.126282,5.817890,8.150096,4.776322,3.063388,2.079220,5.666900,5.341513
2021-09-15,5.745163,3.904916,5.427977,4.917194,6.731964,5.312571,2.211221,9.406326,2.141575,8.438145,8.189770,5.877291,8.179814,4.785340,3.119040,2.094001,5.743989,5.386128
2021-09-16,5.733192,3.873626,5.370382,4.927498,6.684426,5.312770,2.212627,9.415308,2.116899,8.460978,8.174503,5.859795,8.206226,4.767073,3.118420,2.091141,5.708954,5.377590
2021-09-17,5.686408,3.829606,5.255473,4.876717,6.608520,5.292194,2.193551,9.285640,2.103028,8.405809,8.173689,5.822483,8.178102,4.732079,3.096562,2.076807,5.665568,5.325207
2021-09-20,5.600953,3.818220,5.138273,4.850361,6.542979,5.238591,2.153497,9.139620,2.027935,8.261744,8.083664,5.687620,8.045591,4.706453,3.016696,2.049133,5.578874,5.236413
2021-09-21,5.581818,3.809734,5.135389,4.844834,6.494018,5.217199,2.136948,9.106087,2.037627,8.201812,8.089239,5.672169,8.019132,4.696113,3.003721,2.048656,5.557213,5.231467
2021-09-22,5.645138,3.801327,5.204755,4.896602,6.568228,5.226495,2.164766,9.232192,2.108488,8.304480,8.102850,5.758255,8.155890,4.705633,3.077395,2.064382,5.625136,5.282499
2021-09-23,5.724881,3.785361,5.302478,4.894933,6.672000,5.250631,2.199557,9.379366,2.190492,8.429593,8.168221,5.890882,8.291544,4.717746,3.158088,2.092549,5.698832,5.346681
2021-09-24,5.729951,3.784108,5.302580,4.843843,6.677029,5.250657,2.206819,9.401674,2.205011,8.459230,8.137299,5.924021,8.299535,4.721916,3.156884,2.092245,5.700684,5.355488
2021-09-27,5.742737,3.748363,5.371584,4.787344,6.689328,5.250270,2.228062,9.356214,2.296999,8.487528,8.018813,6.003414,8.360648,4.686877,3.190714,2.082159,5.771230,5.340167
2021-09-28,5.657458,3.706227,5.328223,4.767669,6.600604,5.204777,2.200702,9.096670,2.292277,8.343191,7.877115,5.901255,8.239121,4.641554,3.136764,2.042512,5.738446,5.232552
2021-09-29,5.667883,3.754228,5.301262,4.805787,6.601922,5.285283,2.196957,9.045048,2.290434,8.353691,7.923638,5.916058,8.218652,4.689522,3.117450,2.050611,5.773727,5.241359
2021-09-30,5.577546,3.718768,5.221710,4.724331,6.461539,5.177105,2.144460,8.980961,2.264683,8.308271,7.802736,5.825286,8.050514,4.624526,3.055254,2.027371,5.666856,5.177298
2021-10-01,5.647216,3.713020,5.341802,4.795604,6.546316,5.194780,2.184872,9.069532,2.335246,8.466524,7.818164,5.924059,8.169097,4.649215,3.108689,2.047242,5.740314,5.238826
2021-10-04,5.607346,3.771162,5.313895,4.805731,6.502624,5.191234,2.163476,8.910919,2.384768,8.369641,7.682223,5.863783,8.120547,4.649176,3.079266,2.025518,5.767795,5.171266
2021-10-05,5.650997,3.764413,5.348671,4.761863,6.579853,5.206948,2.176782,9.009188,2.401256,8.499669,7.715705,5.968339,8.172801,4.671895,3.116554,2.043384,5.777386,5.225073
2021-10-06,5.658241,3.813999,5.340061,4.803578,6.604048,5.244720,2.167683,8.995469,2.379185,8.506923,7.707982,5.983985,8.160853,4.717876,3.090445,2.045435,5.792348,5.246788
2021-10-07,5.706424,3.788938,5.428420,4.815398,6.663159,5.263483,2.194256,9.089670,2.403308,8.565978,7.789373,6.030309,8.260120,4.737884,3.134553,2.062575,5.808813,5.292150
2021-10-08,5.690548,3.762522,5.412606,4.769753,6.644050,5.257811,2.174403,9.039754,2.483642,8.498111,7.738414,6.060084,8.220556,4.723465,3.114636,2.057360,5.810867,5.282499
2021-10-11,5.658498,3.726019,5.420697,4.783447,6.591755,5.249008,2.155623,8.989252,2.488338,8.366692,7.683762,6.017010,8.194876,4.702100,3.104534,2.037498,5.799891,5.244255
2021-10-12,5.662043,3.745064,5.420920,4.837221,6.583958,5.253578,2.167054,8.933947,2.496704,8.308175,7.652210,6.004853,8.278668,4.706231,3.121139,2.032121,5.786932,5.231346
2021-10-13,5.671834,3.785093,5.458163,4.862438,6.583716,5.260471,2.166306,9.003940,2.491562,8.340165,7.651582,5.979612,8.274736,4.729135,3.119654,2.039041,5.801529,5.250166
2021-10-14,5.770304,3.826480,5.598217,4.928667,6.724517,5.315681,2.204712,9.222146,2.532135,8.444984,7.767348,6.090066,8.378411,4.784723,3.177152,2.071900,5.887814,5.338477
2021-10-15,5.792258,3.818465,5.618741,4.928955,6.783370,5.304908,2.208953,9.278161,2.543645,8.427590,7.788159,6.147622,8.387236,4.786902,3.193077,2.088671,5.893150,5.379134
2021-10-18,5.794673,3.776195,5.638108,4.941234,6.793881,5.287303,2.215963,9.330752,2.553285,8.418752,7.741765,6.144682,8.417901,4.758642,3.223990,2.088784,5.859347,5.395059
2021-10-19,5.827067,3.814570,5.658095,4.935900,6.828071,5.284015,2.225290,9.427769,2.571034,8.468994,7.834711,6.205782,8.360279,4.802485,3.233313,2.107797,5.882939,5.436681
2021-10-20,5.871584,3.873085,5.708050,5.008198,6.877963,5.312999,2.239036,9.445486,2.588391,8.502310,7.949348,6.260254,8.376070,4.838745,3.256658,2.117946,5.954268,5.458035
2021-10-21,5.882054,3.866307,5.676423,5.003323,6.885393,5.313264,2.254920,9.524127,2.536169,8.487404,7.992777,6.229350,8.459101,4.847564,3.257488,2.118235,5.900792,5.472271
2021-10-22,5.897880,3.886152,5.657010,5.028504,6.906843,5.353439,2.245845,9.533465,2.561170,8.421956,8.015753,6.299680,8.436249,4.872344,3.270651,2.120865,5.913876,5.466601
2021-10-25,5.910104,3.872843,5.733048,5.044180,6.913993,5.349375,2.250974,9.561257,2.598131,8.443728,8.006824,6.297432,8.472072,4.859336,3.299932,2.134323,5.919808,5.495917
2021-10-26,5.899541,3.885744,5.745240,5.064554,6.853751,5.361171,2.238533,9.515000,2.606839,8.400881,8.021677,6.286134,8.472351,4.856496,3.290235,2.141021,5.923994,5.500864
2021-10-27,5.825414,3.858554,5.634646,5.030052,6.767889,5.318723,2.210702,9.402286,2.520300,8.293337,7.938751,6.160403,8.423263,4.818833,3.247990,2.122587,5.815342,5.476494
2021-10-28,5.887092,3.876022,5.709937,5.094761,6.869729,5.346337,2.235944,9.522741,2.543244,8.347294,8.020855,6.231825,8.476586,4.844787,3.317790,2.139201,5.839732,5.529336
2021-10-29,5.876592,3.849507,5.683212,5.034593,6.884660,5.331261,2.225183,9.547398,2.507303,8.305546,8.069192,6.197888,8.488317,4.841683,3.308412,2.147584,5.803151,5.540555
2021-11-01,5.920677,3.870331,5.693476,5.057942,6.917959,5.364695,2.263001,9.595107,2.566699,8.385268,8.090329,6.231400,8.597662,4.839599,3.357546,2.148775,5.872359,5.550086
2021-11-02,5.940431,3.870718,5.739254,5.103016,6.936235,5.402131,2.280374,9.704976,2.548178,8.402568,8.090524,6.245134,8.539058,4.865486,3.358899,2.158065,5.882260,5.572526
2021-11-03,5.977732,3.859377,5.814267,5.157501,6.928953,5.455572,2.311962,9.747574,2.528086,8.472696,8.144331,6.279742,8.658882,4.866372,3.376844,2.170400,5.932344,5.606547
2021-11-04,5.966093,3.827126,5.815850,5.087920,6.966658,5.440406,2.290473,9.868269,2.532907,8.475675,8.076308,6.198421,8.704045,4.850064,3.353516,2.177091,5.863422,5.632968
2021-11-05,6.014340,3.863044,5.855714,5.139636,7.030671,5.475755,2.307737,9.936512,2.573710,8.643274,8.030773,6.222810,8.903340,4.871496,3.373215,2.180505,5.938186,5.652513
2021-11-08,6.022620,3.802930,5.952597,5.114941,7.057492,5.439863,2.305496,10.001996,2.597658,8.581903,8.084620,6.248831,8.865277,4.842644,3.401353,2.181659,5.922721,5.657338
2021-11-09,6.021604,3.817399,5.973292,5.129300,7.075255,5.461992,2.306098,10.010537,2.598616,8.561986,8.052545,6.205881,8.866667,4.857732,3.386313,2.168396,5.926299,5.638639
2021-11-10,5.985827,3.850796,5.910279,5.116039,7.031383,5.486137,2.285006,9.868037,2.516164,8.523113,8.057731,6.196209,8.770632,4.883979,3.319270,2.166441,5.927598,5.593277
2021-11-11,5.997290,3.832158,5.977463,5.130177,7.012239,5.490004,2.296804,9.944844,2.533595,8.510318,8.037864,6.221727,8.763215,4.857593,3.357765,2.161691,5.949237,5.595086
2021-11-12,6.026866,3.826538,6.032438,5.129258,7.078301,5.493418,2.308208,10.036663,2.527784,8.545078,8.087373,6.247794,8.790253,4.873116,3.365272,2.171535,5.948194,5.637312
2021-11-15,6.037009,3.883670,6.008597,5.175419,7.084845,5.567636,2.308188,10.018050,2.542767,8.528920,8.035891,6.256667,8.806001,4.896733,3.363550,2.170970,5.978065,5.639242
2021-11-16,6.046203,3.863643,5.983633,5.137264,7.095459,5.547895,2.311673,10.115059,2.539968,8.510835,8.077194,6.263776,8.834363,4.887850,3.357654,2.186919,5.931880,5.661561
2021-11-17,6.015298,3.865961,5.950491,5.166408,7.056714,5.521110,2.289956,10.053987,2.482638,8.491684,8.071283,6.187071,8.842657,4.892012,3.316102,2.179782,5.905163,5.647808
2021-11-18,5.994034,3.842338,5.942508,5.168354,7.036233,5.493687,2.270655,10.055249,2.471382,8.403275,8.070027,6.147483,8.818885,4.863817,3.315357,2.173568,5.859080,5.666990
2021-11-19,5.959485,3.870129,5.915925,5.122066,7.011052,5.483126,2.254666,10.088492,2.364839,8.275896,8.022780,6.082434,8.776838,4.866995,3.266244,2.167751,5.791854,5.656856
2021-11-22,5.969301,3.905770,5.942867,5.105522,7.030479,5.527615,2.249872,9.999317,2.405729,8.245867,7.991347,6.141096,8.809360,4.896011,3.300704,2.167826,5.851021,5.640931
2021-11-23,5.989651,3.906433,5.949796,5.159797,7.037706,5.583080,2.244337,9.978781,2.494256,8.231040,7.982003,6.224053,8.774417,4.913164,3.344445,2.175475,5.903118,5.648411
2021-11-24,5.990406,3.905672,5.913165,5.220882,7.029874,5.563029,2.234328,10.032125,2.525786,8.214573,7.969747,6.222144,8.741861,4.906412,3.349901,2.179532,5.901771,5.663491
2021-11-26,5.839764,3.837826,5.797043,5.051329,6.835839,5.493075,2.174214,9.785580,2.401181,8.081972,7.894750,6.011055,8.451045,4.837888,3.239781,2.138633,5.774906,5.537177
2021-11-29,5.887181,3.885910,5.837029,5.103085,6.861604,5.500742,2.178347,10.056840,2.423196,8.125856,7.929284,6.035439,8.491404,4.880639,3.274340,2.157776,5.784601,5.605100
2021-11-30,5.737057,3.772495,5.668468,4.979141,6.682263,5.346642,2.119444,9.833145,2.360026,7.900199,7.747280,5.876661,8.286092,4.743960,3.171801,2.116227,5.629175,5.496038
2021-12-01,5.661830,3.770751,5.582308,4.900614,6.580911,5.321169,2.071050,9.709797,2.330383,7.710624,7.716281,5.797285,8.133239,4.732292,3.097513,2.091804,5.580213,5.434992
2021-12-02,5.799691,3.821924,5.693704,5.057249,6.778568,5.396317,2.130649,9.862979,2.403315,7.908671,7.805615,5.987207,8.422071,4.803803,3.184044,2.123464,5.712271,5.518236
2021-12-03,5.774356,3.871811,5.684408,5.029337,6.781063,5.460010,2.110936,9.771010,2.380980,7.944356,7.794257,5.902811,8.318844,4.846189,3.121157,2.110751,5.735561,5.470220
2021-12-06,5.860825,3.938230,5.763188,5.114619,6.889728,5.543083,2.154407,9.813794,2.421633,8.039977,7.866123,5.998357,8.536063,4.910959,3.149354,2.124825,5.821107,5.535006
2021-12-07,5.957076,3.964781,5.870463,5.199070,6.963758,5.550278,2.191720,10.116278,2.494814,8.069029,7.997350,6.101705,8.674152,4.936387,3.242970,2.159753,5.861822,5.649497
2021-12-08,5.977405,3.961613,5.900125,5.234614,6.992013,5.525503,2.207968,10.111816,2.487730,8.100313,8.069608,6.098437,8.755807,4.934944,3.251044,2.159951,5.868167,5.664456
2021-12-09,5.933709,3.956512,5.864897,5.167213,6.958348,5.535307,2.182506,9.973462,2.454067,7.987121,8.057587,6.070391,8.665988,4.930722,3.200576,2.149087,5.851697,5.626212
2021-12-10,5.969314,3.978535,5.924877,5.178740,6.985185,5.615983,2.182040,10.114305,2.481542,7.997164,8.079591,6.081424,8.736838,4.979454,3.218713,2.173672,5.869381,5.679175
2021-12-13,5.925585,4.022544,5.864706,5.229739,6.919095,5.682429,2.147131,10.010967,2.396884,7.915424,8.121621,6.007665,8.551334,5.024978,3.144458,2.163992,5.863059,5.628867
2021-12-14,5.892128,4.006505,5.868177,5.171668,6.852959,5.682578,2.137392,9.878391,2.378998,7.904067,8.067370,6.028383,8.495224,5.003851,3.134382,2.151466,5.865519,5.590140
2021-12-15,5.958965,4.070772,5.853729,5.246972,6.920946,5.736021,2.159729,10.123039,2.371662,7.951234,8.194089,6.071146,8.542705,5.065996,3.163337,2.187790,5.910200,5.677486
2021-12-16,5.950086,4.093561,5.927595,5.250184,6.904341,5.776738,2.138350,9.956515,2.385073,8.005739,8.207060,6.120415,8.459044,5.114531,3.146174,2.184194,5.992038,5.627419
2021-12-17,5.894937,4.037471,5.874400,5.244838,6.779744,5.688459,2.128725,9.918026,2.342764,8.011341,8.212094,5.996930,8.408336,5.039600,3.120800,2.153605,5.947690,5.567527
2021-12-20,5.813819,4.040344,5.751182,5.184981,6.666581,5.676525,2.083258,9.788754,2.300180,7.958543,8.135319,5.867505,8.292679,5.032412,3.051132,2.127411,5.891393,5.508325
2021-12-21,5.929850,4.035047,5.860118,5.268351,6.808101,5.662702,2.142688,10.046409,2.387653,8.128554,8.222445,6.003053,8.542484,5.033827,3.161143,2.155751,5.965404,5.606147
2021-12-22,5.973017,4.056926,5.925877,5.315134,6.831456,5.686923,2.148063,10.140350,2.399147,8.160042,8.327148,6.036405,8.651449,5.068494,3.192158,2.172626,5.978475,5.662201
2021-12-23,6.013816,4.057704,5.992127,5.301947,6.906163,5.703763,2.164643,10.220396,2.405617,8.262119,8.382846,6.079345,8.721000,5.080540,3.216666,2.184899,6.002513,5.697432
2021-12-27,6.089290,4.078384,6.083716,5.395993,6.987393,5.755490,2.183827,10.437524,2.470742,8.301363,8.470378,6.149107,8.801511,5.132700,3.277915,2.213238,6.059637,5.778063
2021-12-28,6.099016,4.115620,6.111953,5.417690,7.029835,5.793794,2.183678,10.397013,2.472056,8.305416,8.454754,6.154607,8.805155,5.159073,3.264616,2.208169,6.093111,5.773341
2021-12-29,6.117893,4.139672,6.129513,5.452578,7.046234,5.819933,2.186594,10.438394,2.454943,8.276597,8.517369,6.154551,8.852471,5.184448,3.263408,2.211588,6.099870,5.780726
2021-12-30,6.108152,4.149683,6.097320,5.475580,7.020291,5.821916,2.193638,10.364747,2.435147,8.307984,8.525470,6.133849,8.837324,5.180329,3.248706,2.207280,6.102991,5.764746
2021-12-31,6.112218,4.161242,6.117222,5.485331,7.053081,5.860509,2.195142,10.345060,2.443548,8.208053,8.489177,6.129812,8.866493,5.196760,3.250425,2.204350,6.108459,5.750217
2022-01-03,6.115759,4.131236,6.074081,5.459707,6.988711,5.867904,2.201402,10.359615,2.530659,8.329858,8.413097,6.177842,8.899504,5.156787,3.268520,2.218353,6.168854,5.783511
2022-01-04,6.165695,4.122856,6.160186,5.489208,7.126765,5.915067,2.214196,10.339342,2.626890,8.370328,8.314646,6.309087,8.992168,5.176788,3.308323,2.219491,6.262883,5.781574
2022-01-05,6.066424,4.119785,6.123215,5.336637,7.026183,5.918628,2.157443,10.066227,2.604862,8.213074,8.195717,6.231182,8.803151,5.166562,3.207685,2.193696,6.246172,5.670555
2022-01-06,6.080275,4.096172,6.068427,5.341023,7.061007,5.915760,2.163530,10.070589,2.672447,8.241256,8.103909,6.328068,8.817196,5.160879,3.234681,2.191954,6.286136,5.665228
2022-01-07,6.063123,4.121447,6.071275,5.317422,7.032427,5.935329,2.150791,9.897810,2.708048,8.318253,8.055780,6.389206,8.718318,5.169030,3.196461,2.180872,6.372722,5.642831
2022-01-10,6.033818,4.104995,5.991004,5.292518,6.969873,5.888577,2.129508,9.917503,2.699580,8.189399,8.136471,6.356970,8.604093,5.146320,3.194016,2.179715,6.364831,5.635809
2022-01-11,6.088268,4.063984,6.080667,5.292478,7.017425,5.883114,2.155448,10.042157,2.801440,8.275218,8.212357,6.423114,8.695795,5.134596,3.241864,2.198497,6.391579,5.687141
2022-01-12,6.093718,4.077789,6.139249,5.311213,7.029553,5.873119,2.149514,10.072242,2.811013,8.303647,8.178050,6.426603,8.700726,5.147777,3.253070,2.201313,6.386016,5.702517
2022-01-13,6.062002,4.099255,6.076237,5.310487,7.031207,5.904628,2.136825,9.872441,2.793716,8.311196,8.074892,6.399783,8.701501,5.145546,3.190111,2.170518,6.403144,5.623944
2022-01-14,6.048663,4.080418,6.039608,5.248364,6.975920,5.907989,2.120560,9.917741,2.871284,8.342446,8.068668,6.374405,8.660718,5.122798,3.202294,2.165720,6.443731,5.626244
2022-01-18,5.944874,4.035314,5.972949,5.196609,6.886828,5.835496,2.071163,9.660580,2.863948,8.180370,7.915250,6.270062,8.474739,5.073777,3.128512,2.129820,6.387693,5.526606
2022-01-19,5.883859,4.045770,5.918814,5.113410,6.810366,5.844939,2.050123,9.523707,2.829284,8.152958,7.870972,6.150660,8.373543,5.067909,3.063695,2.116741,6.332470,5.469220
2022-01-20,5.811415,4.041557,5.818944,5.050709,6.719123,5.781203,2.013728,9.361406,2.793398,8.038978,7.821677,6.108020,8.222164,5.035031,3.006769,2.099662,6.261177,5.408686
2022-01-21,5.727401,4.037446,5.671015,5.047122,6.648813,5.776688,1.976350,9.196351,2.735816,7.754122,7.729634,5.973838,8.102080,5.026313,2.925913,2.072426,6.195545,5.302510
2022-01-24,5.771214,3.994034,5.682020,5.060837,6.712498,5.786997,2.004826,9.312479,2.754026,7.829871,7.753201,6.020501,8.228414,5.003059,2.964707,2.074419,6.195553,5.325029
2022-01-25,5.709323,3.974616,5.647119,5.045216,6.624813,5.716609,1.971918,9.052221,2.876132,7.704146,7.643018,6.006547,8.128566,4.968210,2.939489,2.056481,6.236565,5.260016
2022-01-26,5.670208,3.962043,5.585864,4.983880,6.569862,5.651270,1.950572,9.031090,2.881914,7.540714,7.597948,6.004939,8.051428,4.927483,2.929750,2.050525,6.197609,5.246819
2022-01-27,5.631793,3.992429,5.600471,4.903073,6.498003,5.692437,1.931049,8.877961,2.899058,7.552915,7.579501,5.959412,7.958105,4.941267,2.902875,2.042372,6.208292,5.220911
2022-01-28,5.728694,4.049448,5.647474,5.049106,6.562305,5.748352,1.958784,9.107705,2.897287,7.799190,7.748946,6.052958,8.097925,5.023563,2.971082,2.090032,6.262321,5.350574
2022-01-31,5.829592,4.093159,5.717266,5.114623,6.648917,5.776237,2.018540,9.400449,2.902728,7.984042,7.830291,6.124626,8.319406,5.060693,3.056955,2.123203,6.300254,5.446944
2022-02-01,5.873195,4.040467,5.865320,5.089830,6.699711,5.781410,2.041087,9.434090,2.985196,8.030525,7.876967,6.202840,8.420502,5.034347,3.108051,2.143113,6.354985,5.483748
2022-02-02,5.914813,4.101531,5.890936,5.161964,6.725087,5.822677,2.040595,9.572029,3.003164,8.096830,7.970712,6.234887,8.401791,5.093305,3.162729,2.152601,6.386532,5.537018
2022-02-03,5.826806,4.088160,5.790842,5.095609,6.607957,5.808023,2.001583,9.292353,2.972005,7.968644,7.932231,6.157160,8.241653,5.087362,3.096409,2.115258,6.329376,5.406870
2022-02-04,5.818985,4.060187,5.741922,5.039342,6.534410,5.719823,2.010488,9.328843,3.009760,8.013141,7.901995,6.244496,8.191013,5.033170,3.096751,2.117220,6.300184,5.432294
2022-02-07,5.825594,4.062739,5.727505,5.037405,6.536211,5.757814,2.019512,9.299655,3.047343,7.965502,7.885617,6.252693,8.238427,5.031477,3.093026,2.111415,6.330094,5.414861
2022-02-08,5.881875,4.072760,5.826704,5.011263,6.602873,5.786761,2.054785,9.418348,2.983323,8.020792,7.984072,6.327434,8.364393,5.047928,3.106177,2.121342,6.334095,5.459414
2022-02-09,5.985457,4.089622,5.948802,5.134483,6.717759,5.802877,2.114789,9.673772,3.022694,8.267206,8.087170,6.373556,8.543366,5.064535,3.180517,2.143730,6.409002,5.539318
2022-02-10,5.885675,3.979775,5.925306,5.009001,6.592016,5.738111,2.076617,9.412446,3.012934,8.191712,7.959049,6.314989,8.411337,4.970956,3.130553,2.109169,6.292576,5.439801
2022-02-11,5.799882,3.975144,5.872258,4.949191,6.482701,5.743536,2.022581,9.149906,3.107935,8.043270,7.846780,6.220787,8.247949,4.957399,3.085550,2.072396,6.321621,5.332535
2022-02-14,5.753949,3.934670,5.791088,4.890059,6.458564,5.715066,2.007354,9.102899,3.019655,8.015785,7.757340,6.160440,8.236259,4.928373,3.034401,2.064056,6.256449,5.315101
2022-02-15,5.846008,3.914026,5.910546,4.926652,6.555802,5.708798,2.064847,9.353790,2.991341,8.173909,7.860553,6.261196,8.447959,4.926352,3.086907,2.090207,6.293796,5.400817
2022-02-16,5.861807,3.923364,5.970153,4.959845,6.601102,5.710598,2.061654,9.367676,3.024730,8.072968,7.889534,6.275437,8.459308,4.928288,3.100797,2.089062,6.334446,5.406870
2022-02-17,5.753782,3.931845,5.844978,4.913744,6.481149,5.734665,2.005334,9.088014,3.011792,7.890332,7.744590,6.118997,8.290624,4.920052,3.036338,2.051537,6.306102,5.291372
2022-02-18,5.728708,3.924860,5.805936,4.892731,6.443294,5.761854,1.988941,9.017945,2.986749,7.823518,7.700468,6.114491,8.284802,4.921918,3.015446,2.039217,6.288339,5.257110
2022-02-22,5.671426,3.923612,5.737917,4.881799,6.382962,5.719352,1.953391,8.917135,2.930301,7.732715,7.692963,6.078308,8.081135,4.907898,2.968577,2.017731,6.248061,5.200693
2022-02-23,5.576922,3.863924,5.660423,4.804592,6.254015,5.674815,1.916426,8.718843,2.956048,7.604915,7.629519,5.967460,7.856832,4.866620,2.920084,1.989266,6.189748,5.108439
2022-02-24,5.642952,3.876739,5.677482,4.889230,6.361482,5.598593,1.963435,9.001509,2.938008,7.780781,7.725131,5.922388,7.955824,4.841133,2.988380,2.004060,6.142077,5.185317
2022-02-25,5.795902,4.001952,5.897327,5.021090,6.514273,5.784076,2.026594,9.149833,3.014429,7.924687,7.931662,6.120047,8.155797,4.985385,3.069973,2.052870,6.328200,5.299726
2022-02-28,5.759121,4.006807,5.859489,4.934555,6.529329,5.727442,1.996945,9.098913,3.107009,7.896783,7.852740,6.041884,8.086022,4.954839,3.055193,2.040996,6.309892,5.286166
2022-03-01,5.652141,3.969180,5.730389,4.907591,6.417156,5.714735,1.946876,8.919264,3.102867,7.767065,7.798091,5.804891,7.858536,4.919229,2.985403,2.009921,6.199427,5.205656
2022-03-02,5.779264,4.033539,5.869012,5.012340,6.574042,5.789249,1.990095,9.173936,3.183630,7.879958,7.896078,5.961472,8.086553,4.977581,3.077167,2.045085,6.335140,5.301421
2022-03-03,5.762881,4.102167,5.878842,5.056781,6.576727,5.873401,1.955022,9.062005,3.191238,7.770195,7.924699,5.942527,7.954286,5.029233,3.072455,2.037173,6.390128,5.275028
2022-03-04,5.717719,4.194764,5.874325,5.092556,6.525732,5.886696,1.896366,8.948675,3.293789,7.631287,7.930389,5.831458,7.778214,5.090031,3.066364,2.024717,6.402343,5.232170
2022-03-07,5.538975,4.215294,5.697083,4.996945,6.323262,5.782770,1.798016,8.617461,3.314248,7.353911,7.750970,5.619700,7.339569,5.039157,2.978225,1.976963,6.308914,5.077930
2022-03-08,5.510934,4.157236,5.676167,4.989100,6.300985,5.637348,1.812648,8.593197,3.348541,7.325851,7.586015,5.597232,7.369655,4.925232,2.969425,1.958904,6.301841,5.039431
2022-03-09,5.642321,4.138752,5.825873,5.058265,6.443418,5.681879,1.877303,8.871487,3.269541,7.521806,7.760229,5.790554,7.642581,4.946265,3.026959,2.003317,6.325127,5.174542
2022-03-10,5.624823,4.170410,5.885271,5.077097,6.417288,5.641910,1.853936,8.751604,3.379444,7.500394,7.735248,5.737728,7.669142,4.934534,3.056428,1.993082,6.335322,5.151176
2022-03-11,5.563971,4.156413,5.847709,5.029105,6.356506,5.569010,1.827900,8.627552,3.347526,7.382962,7.642927,5.707353,7.552772,4.911554,3.025583,1.976693,6.300247,5.085678
2022-03-14,5.540958,4.154685,5.801491,4.980411,6.366407,5.584995,1.819849,8.468902,3.247391,7.309301,7.648618,5.783746,7.463631,4.936485,2.991923,1.973137,6.289867,5.048511
2022-03-15,5.639784,4.202866,5.854647,5.021195,6.485007,5.674292,1.860470,8.719919,3.152419,7.454294,7.807451,5.866864,7.669653,4.996322,3.006385,2.010825,6.304672,5.159530
2022-03-16,5.762724,4.199120,5.919968,5.078826,6.612601,5.689998,1.933811,8.985520,3.134076,7.635681,7.970210,6.026511,7.932232,5.003881,3.059936,2.049723,6.353063,5.273938
2022-03-17,5.832648,4.215723,6.054564,5.132191,6.693628,5.737972,1.950879,9.095943,3.272006,7.719730,8.086525,6.084844,7.995515,5.037987,3.122254,2.071282,6.426564,5.339920
2022-03-18,5.882267,4.175860,6.100237,5.137245,6.737286,5.757139,1.976840,9.291428,3.272681,7.762987,8.158745,6.120070,8.110325,5.022694,3.153709,2.086561,6.410280,5.398407
2022-03-21,5.867199,4.207226,6.185325,5.113085,6.728303,5.764376,1.949736,9.236093,3.405434,7.714876,8.138882,6.100998,7.979019,5.045193,3.189090,2.086110,6.455608,5.396828
2022-03-22,5.912219,4.206486,6.217682,5.128227,6.765862,5.804134,1.974549,9.333686,3.376255,7.826752,8.176120,6.193513,8.040070,5.043110,3.215322,2.105492,6.480836,5.459979
2022-03-23,5.830190,4.212021,6.223965,5.080974,6.681224,5.756585,1.937198,9.134469,3.436537,7.718727,7.989710,6.081689,7.902679,5.025578,3.196748,2.076779,6.453385,5.389663
2022-03-24,5.900996,4.257472,6.346758,5.122076,6.732409,5.798954,1.956863,9.369822,3.444356,7.827270,8.088882,6.134686,7.998084,5.064703,3.233990,2.102435,6.498866,5.470909
2022-03-25,5.940409,4.329109,6.433226,5.192456,6.765448,5.851497,1.960453,9.372409,3.523047,7.865252,8.126321,6.206267,7.990058,5.119845,3.272609,2.112248,6.608553,5.497627
2022-03-28,5.957327,4.358418,6.381143,5.238102,6.775585,5.870322,1.965759,9.451164,3.425305,7.864663,8.189350,6.198422,8.050126,5.140605,3.243067,2.125540,6.580272,5.536731
2022-03-29,6.052586,4.404499,6.424065,5.395680,6.869229,5.918769,2.019007,9.637806,3.434189,7.992543,8.271972,6.258377,8.266618,5.183456,3.280981,2.146058,6.665032,5.605226
2022-03-30,6.008303,4.439690,6.392945,5.365005,6.831407,5.923988,1.979944,9.485252,3.478720,7.934819,8.241602,6.211878,8.150361,5.205910,3.257841,2.136151,6.666919,5.570614
2022-03-31,5.922528,4.436321,6.323797,5.298087,6.712913,5.903284,1.940859,9.349388,3.437885,7.775316,8.144549,6.088732,8.016496,5.176286,3.202145,2.101056,6.604907,5.484875
2022-04-01,5.944377,4.503596,6.389762,5.391491,6.685104,5.973760,1.944907,9.307601,3.470043,7.798012,8.229209,6.094612,8.003380,5.237789,3.207748,2.104783,6.658697,5.500420
2022-04-04,5.955484,4.464745,6.393424,5.372184,6.682837,5.954973,1.964715,9.441584,3.478175,7.919506,8.158544,6.066870,8.070012,5.202770,3.211085,2.113779,6.651685,5.547540
2022-04-05,5.892687,4.489158,6.336430,5.339906,6.593961,5.964052,1.926570,9.225263,3.407576,7.809067,8.147948,6.043107,7.938487,5.220223,3.179354,2.094940,6.593459,5.477467
2022-04-06,5.862861,4.585670,6.265360,5.399831,6.539126,6.019655,1.896904,9.077830,3.420813,7.688404,8.215523,6.004360,7.773984,5.300786,3.189586,2.085270,6.621367,5.422696
2022-04-07,5.882193,4.566316,6.310027,5.349040,6.551618,6.088183,1.893487,9.139415,3.456065,7.600607,8.379402,5.994136,7.771674,5.319138,3.230026,2.101565,6.608039,5.450021
2022-04-08,5.891860,4.591524,6.340923,5.374642,6.512153,6.134248,1.896262,9.019929,3.561444,7.603516,8.432088,6.034937,7.776884,5.339845,3.262950,2.101775,6.684374,5.435448
2022-04-11,5.836474,4.533482,6.308925,5.312907,6.481766,6.134069,1.891638,8.854613,3.451851,7.576155,8.262060,6.001498,7.762328,5.304198,3.204859,2.073139,6.646652,5.342543
2022-04-12,5.819272,4.557392,6.330655,5.313309,6.463533,6.140790,1.878411,8.816835,3.499253,7.530423,8.186454,5.941740,7.783740,5.302641,3.219764,2.062784,6.661445,5.322748
2022-04-13,5.885093,4.548708,6.418070,5.357194,6.538385,6.179566,1.910428,8.926946,3.552667,7.678066,8.271503,5.969790,7.945084,5.297552,3.252789,2.078822,6.714961,5.383713
2022-04-14,5.843184,4.551652,6.397128,5.335908,6.510103,6.193816,1.892330,8.748633,3.559531,7.558142,8.215112,5.920367,7.912045,5.297491,3.235481,2.060312,6.709489,5.316676
2022-04-18,5.828140,4.537105,6.409525,5.321208,6.489860,6.157455,1.878415,8.788935,3.623742,7.481252,8.112505,5.934511,7.867373,5.275307,3.254504,2.052092,6.725650,5.318862
2022-04-19,5.935816,4.574924,6.475331,5.426611,6.642752,6.243874,1.927385,8.974207,3.601178,7.670202,8.227295,6.015914,8.101371,5.327493,3.277147,2.078890,6.824547,5.404722
2022-04-20,5.973320,4.624550,6.500786,5.511947,6.694238,6.327386,1.922863,9.020477,3.610414,7.380338,8.366014,6.069165,8.133152,5.387165,3.304223,2.085483,6.898884,5.400715
2022-04-21,5.886962,4.565106,6.371581,5.483714,6.627854,6.324523,1.887208,8.857902,3.494904,7.193350,8.238600,5.975349,8.032836,5.372725,3.230012,2.060178,6.864640,5.319955
2022-04-22,5.722939,4.492779,6.143762,5.380502,6.480038,6.226492,1.834981,8.606792,3.401782,7.012517,7.866602,5.789646,7.803115,5.285970,3.124900,2.002667,6.698879,5.173980
2022-04-25,5.743348,4.453072,6.104456,5.358354,6.494925,6.251714,1.857844,8.735574,3.273225,7.051818,7.899571,5.805407,7.887093,5.279959,3.104586,2.012524,6.661356,5.203976
2022-04-26,5.604474,4.398641,6.010677,5.282926,6.345333,6.151143,1.799468,8.464389,3.286001,6.807596,7.691711,5.643877,7.652292,5.228011,3.061762,1.961452,6.581711,5.053265
2022-04-27,5.615467,4.374578,6.102170,5.246051,6.394619,6.178250,1.802750,8.464847,3.335212,6.708032,7.676188,5.658282,7.685416,5.230267,3.069307,1.972185,6.575355,5.067474
2022-04-28,5.719560,4.424398,6.197266,5.347088,6.492438,6.252914,1.841589,8.791545,3.436196,6.813382,7.733367,5.743817,7.808534,5.290038,3.124974,2.016761,6.674119,5.195475
2022-04-29,5.543165,4.292586,6.058302,5.106542,6.301331,6.089769,1.795481,8.461695,3.352421,6.560680,7.553070,5.533914,7.572644,5.137812,3.015795,1.950788,6.488324,5.003473
2022-05-02,5.558739,4.253149,6.042903,4.984248,6.311403,6.019803,1.815399,8.587077,3.394680,6.704792,7.530951,5.544710,7.659279,5.078796,3.010104,1.956867,6.490567,5.033591
2022-05-03,5.602852,4.270873,6.152578,5.058716,6.355209,6.020480,1.837310,8.646130,3.509996,6.701984,7.584969,5.611239,7.617462,5.088419,3.054479,1.960406,6.609758,5.056665
2022-05-04,5.760382,4.371273,6.360872,5.132050,6.550654,6.142943,1.890523,8.890940,3.668125,6.907734,7.792462,5.777821,7.835026,5.199513,3.146322,2.015435,6.802796,5.210656
2022-05-05,5.579255,4.323213,6.171539,5.003528,6.355049,6.021370,1.818077,8.496552,3.585056,6.663369,7.590834,5.606212,7.492101,5.133505,3.059125,1.959805,6.652810,5.025454
2022-05-06,5.524743,4.362954,6.082695,4.953162,6.293395,6.044943,1.764740,8.391178,3.694416,6.446819,7.530209,5.555546,7.384042,5.157136,3.063010,1.950573,6.681782,4.995458
2022-05-09,5.364135,4.337123,5.837960,4.749106,6.157195,6.052814,1.714517,8.088388,3.377821,6.311024,7.295379,5.414696,7.114997,5.142192,2.880166,1.905073,6.569109,4.835517
2022-05-10,5.351426,4.283437,5.823715,4.655390,6.121519,6.014698,1.695653,8.198706,3.410759,6.346703,7.326047,5.385899,7.091213,5.091033,2.906365,1.908700,6.489483,4.846689
2022-05-11,5.278780,4.314957,5.828312,4.639167,6.038209,6.000387,1.650071,7.998724,3.450681,6.206805,7.235970,5.321365,6.904784,5.094811,2.891029,1.889475,6.454761,4.769694
2022-05-12,5.305840,4.270661,5.831522,4.686331,6.066147,6.013886,1.678825,8.026997,3.455683,6.318160,7.316261,5.295562,6.961095,5.091987,2.893430,1.892181,6.502342,4.764715
2022-05-13,5.435231,4.325030,5.947335,4.796198,6.162172,6.093372,1.736949,8.312382,3.599323,6.496314,7.440388,5.386937,7.221868,5.145930,2.986607,1.924864,6.601205,4.878629
2022-05-16,5.411407,4.346343,5.911061,4.771059,6.131524,6.116094,1.716326,8.223223,3.688957,6.445422,7.457262,5.352793,7.136647,5.159708,3.000553,1.924490,6.641871,4.858834
2022-05-17,5.527249,4.394463,6.086181,4.832800,6.278682,6.066259,1.765058,8.481122,3.731879,6.629208,7.583829,5.497991,7.301048,5.172940,3.044763,1.955085,6.782763,4.958782
2022-05-18,5.312817,4.350149,5.888564,4.675365,6.014340,5.609403,1.688983,8.106509,3.618354,6.430400,7.359155,5.337877,6.924163,5.023106,2.920358,1.886946,6.592244,4.758886
2022-05-19,5.302815,4.351250,5.940129,4.637367,6.000954,5.518628,1.686064,8.096885,3.608229,6.438153,7.406526,5.301153,6.931061,4.982123,2.921803,1.864815,6.520419,4.729739
2022-05-20,5.305216,4.355732,5.901933,4.660285,5.975276,5.514656,1.693332,8.117281,3.620675,6.439905,7.475110,5.306784,6.849705,4.996104,2.921487,1.875121,6.524307,4.731804
2022-05-23,5.376643,4.406242,6.027802,4.713776,6.064369,5.596722,1.700890,8.207845,3.723270,6.540065,7.534523,5.445512,6.888448,5.057703,2.988810,1.911337,6.606219,4.820336
2022-05-24,5.337017,4.487101,5.975787,4.751683,6.034587,5.672295,1.659262,8.087724,3.733709,6.324251,7.500171,5.425692,6.725001,5.139357,2.979550,1.910023,6.617591,4.783539
2022-05-25,5.401299,4.491960,6.020014,4.785350,6.088838,5.695948,1.698123,8.200295,3.809636,6.445121,7.512143,5.478494,6.915799,5.129770,3.013690,1.921416,6.716112,4.825801
2022-05-26,5.522724,4.515987,6.130085,4.805799,6.228333,5.806272,1.757310,8.426570,3.871974,6.564355,7.582307,5.602844,7.232064,5.147741,3.062728,1.951035,6.791051,4.922227
2022-05-27,5.653026,4.579438,6.279969,4.935501,6.367290,5.881592,1.800882,8.706256,3.963341,6.711628,7.759015,5.714423,7.425943,5.207350,3.140295,1.987972,6.899770,5.043064
2022-05-31,5.600965,4.521317,6.195612,4.867089,6.311504,5.844125,1.782586,8.619148,3.900518,6.694565,7.639830,5.694439,7.401646,5.165785,3.100038,1.973068,6.850116,5.014767
2022-06-01,5.540391,4.512777,6.112793,4.816275,6.263451,5.759982,1.755603,8.560177,3.974627,6.622169,7.500010,5.599098,7.308722,5.136832,3.090904,1.964578,6.791545,4.974205
2022-06-02,5.646157,4.531146,6.270209,4.869283,6.394596,5.810608,1.806652,8.806499,3.966375,6.770850,7.619675,5.696041,7.480601,5.149483,3.111087,1.997568,6.825871,5.068931
2022-06-03,5.576266,4.515042,6.195058,4.800982,6.361151,5.770237,1.772401,8.639032,4.018159,6.627056,7.503433,5.608761,7.381586,5.119649,3.105118,1.974566,6.756561,4.985742
2022-06-06,5.596119,4.535832,6.248781,4.767281,6.392863,5.789693,1.787908,8.639636,4.022828,6.638998,7.499791,5.642671,7.439488,5.125444,3.101541,1.975069,6.767291,5.000923
2022-06-07,5.648425,4.564973,6.289671,4.839089,6.466178,5.813028,1.798522,8.716977,4.142085,6.694249,7.597242,5.689740,7.463433,5.167039,3.152204,1.994215,6.842320,5.048893
2022-06-08,5.566421,4.467957,6.155751,4.713230,6.344514,5.765250,1.780976,8.568663,4.131104,6.657149,7.527822,5.589364,7.384034,5.089821,3.113643,1.972981,6.734376,4.994000
2022-06-09,5.440119,4.352874,6.010783,4.584871,6.227960,5.683157,1.738886,8.367626,4.033038,6.490958,7.343890,5.451436,7.226065,4.980935,3.045045,1.932992,6.580330,4.875229
2022-06-10,5.291091,4.316406,5.826009,4.486137,6.033993,5.657061,1.675923,8.091740,3.954572,6.330368,7.215684,5.260288,6.941766,4.942464,2.995897,1.885457,6.424489,4.733868
2022-06-13,5.074663,4.107794,5.602256,4.256931,5.829336,5.534649,1.587006,7.722553,3.729584,6.029987,6.968081,5.103198,6.600718,4.787269,2.866611,1.823564,6.156222,4.554132
2022-06-14,5.047094,3.989547,5.585637,4.225149,5.808383,5.496565,1.579010,7.740852,3.734747,5.988838,6.891494,5.085468,6.586553,4.695375,2.870338,1.816579,6.125164,4.540409
2022-06-15,5.104583,4.015096,5.576581,4.307019,5.865063,5.507177,1.606318,7.870753,3.644279,6.111201,6.981215,5.151943,6.688983,4.706683,2.868463,1.835236,6.164233,4.605138
2022-06-16,4.919859,3.941752,5.367789,4.201513,5.633892,5.445212,1.524458,7.496517,3.413881,5.894298,6.832510,5.008766,6.331425,4.642935,2.771236,1.786115,5.975874,4.452727
2022-06-17,4.939720,3.904377,5.357453,4.231895,5.626102,5.420799,1.551463,7.566967,3.238842,6.005997,6.870068,5.039584,6.425098,4.623984,2.722625,1.781483,5.955578,4.462325
2022-06-21,5.027334,3.977078,5.432394,4.289463,5.717319,5.574433,1.569355,7.731337,3.392426,6.027245,6.972817,5.139265,6.500560,4.717973,2.810888,1.828337,6.084434,4.574658
2022-06-22,5.024483,4.006190,5.352950,4.333185,5.699607,5.568315,1.572311,7.692657,3.255116,6.054251,7.064717,5.135356,6.488769,4.753763,2.781694,1.827817,6.038382,4.566364
2022-06-23,5.065420,4.089450,5.239000,4.409793,5.705451,5.670047,1.598318,7.773512,3.128393,6.112159,7.226479,5.127960,6.553520,4.825267,2.759608,1.842493,6.057614,4.611127
2022-06-24,5.231782,4.174838,5.454071,4.506031,5.913539,5.794437,1.656915,8.072276,3.161101,6.302566,7.368459,5.332772,6.874170,4.923751,2.816841,1.891744,6.228853,4.757732
2022-06-27,5.227475,4.214825,5.438928,4.514078,5.899298,5.787225,1.651121,8.042349,3.268873,6.252580,7.376221,5.307434,6.832688,4.943843,2.857543,1.888154,6.245318,4.739559
2022-06-28,5.147219,4.201777,5.388424,4.462141,5.814966,5.714831,1.612867,7.830460,3.361270,6.108194,7.236578,5.252238,6.674469,4.909434,2.856034,1.856876,6.204441,4.642716
2022-06-29,5.116651,4.199596,5.335600,4.435929,5.784318,5.752311,1.590640,7.769976,3.236046,6.103819,7.301367,5.214451,6.590133,4.932751,2.825531,1.856508,6.135870,4.638935
2022-06-30,5.083128,4.242348,5.274941,4.430426,5.794571,5.727454,1.567271,7.707141,3.175338,6.074177,7.234600,5.178365,6.507559,4.945045,2.806685,1.847091,6.075376,4.601247
2022-07-01,5.145909,4.339745,5.302875,4.512330,5.853824,5.799160,1.593308,7.651919,3.215585,6.173376,7.369514,5.253142,6.632622,5.030764,2.819725,1.864937,6.160728,4.649912
2022-07-05,5.132787,4.178273,5.218598,4.486795,5.801780,5.792127,1.615795,7.708265,3.066807,6.253764,7.352583,5.236337,6.727180,4.928238,2.748747,1.862971,6.115520,4.658694
2022-07-06,5.134558,4.226449,5.244205,4.479683,5.839804,5.802137,1.602940,7.760025,3.009348,6.229578,7.377773,5.229456,6.658862,4.967163,2.742793,1.867999,6.071682,4.674428
2022-07-07,5.211164,4.219873,5.313876,4.489025,5.915319,5.824277,1.637400,7.948043,3.142179,6.305014,7.453991,5.293820,6.812907,4.953602,2.809719,1.888556,6.170041,4.744438
2022-07-08,5.191989,4.208134,5.267683,4.463797,5.877204,5.794272,1.626958,7.958069,3.146540,6.260947,7.469508,5.270693,6.763330,4.941628,2.821000,1.888716,6.145203,4.740535
2022-07-11,5.144213,4.229487,5.240476,4.452911,5.839868,5.786916,1.597404,7.845611,3.114592,6.121848,7.414381,5.239162,6.637100,4.957061,2.797336,1.874331,6.102830,4.686381
2022-07-12,5.120915,4.209821,5.233719,4.446559,5.827721,5.782591,1.599515,7.760711,3.037468,6.141979,7.328735,5.206110,6.671327,4.934729,2.756816,1.856416,6.105971,4.644912
2022-07-13,5.091949,4.186167,5.209760,4.409841,5.762421,5.805284,1.587112,7.742235,3.026999,6.123960,7.264824,5.150294,6.689275,4.917474,2.749827,1.850409,6.051618,4.620518
2022-07-14,5.050488,4.179153,5.106183,4.357147,5.735434,5.800436,1.562006,7.770074,2.968606,6.062013,7.222458,5.052100,6.641447,4.909335,2.719289,1.846292,5.986301,4.609297
2022-07-15,5.149150,4.193722,5.196588,4.437764,5.831847,5.799543,1.593850,7.951229,3.034027,6.224042,7.384512,5.212158,6.762486,4.944171,2.766616,1.883018,6.111728,4.697358
2022-07-18,5.126794,4.138415,5.221996,4.418579,5.805376,5.757798,1.601844,7.890473,3.099306,6.202255,7.252603,5.180340,6.787626,4.874722,2.771433,1.864743,6.130360,4.658572
2022-07-19,5.282016,4.163704,5.388891,4.534444,6.023849,5.823508,1.661702,8.189006,3.201085,6.406842,7.440309,5.340641,7.019025,4.919460,2.841374,1.910332,6.278794,4.784443
2022-07-20,5.312962,4.104569,5.404462,4.534817,6.078236,5.798740,1.682840,8.334033,3.214955,6.510980,7.409341,5.357785,7.118523,4.876073,2.840705,1.915177,6.292894,4.814935
2022-07-21,5.352243,4.111702,5.477960,4.565496,6.117657,5.805964,1.690333,8.472279,3.149031,6.497014,7.543090,5.400616,7.148139,4.884170,2.834650,1.933552,6.275471,4.863966
2022-07-22,5.322216,4.158135,5.432117,4.594714,6.096305,5.834123,1.676553,8.346892,3.116721,6.362670,7.496678,5.371955,7.081722,4.916101,2.810423,1.919659,6.238613,4.818838
2022-07-25,5.339608,4.214225,5.477329,4.605355,6.108785,5.855779,1.679350,8.309821,3.236221,6.362821,7.510175,5.412200,7.037940,4.954665,2.868174,1.923620,6.290699,4.824693
2022-07-26,5.297768,4.251844,5.449150,4.600928,6.089773,5.831983,1.654097,8.226935,3.201335,6.268289,7.544796,5.339184,6.855583,4.993979,2.849808,1.904229,6.238469,4.767612
2022-07-27,5.403655,4.258227,5.534759,4.643221,6.206787,5.864097,1.702860,8.495872,3.282063,6.474135,7.630334,5.420741,7.084084,5.009382,2.911760,1.940413,6.323831,4.891409
2022-07-28,5.487429,4.415377,5.617334,4.785139,6.328320,5.951587,1.733986,8.649805,3.280378,6.421001,7.694550,5.441776,7.229815,5.105860,2.933162,1.955664,6.394139,4.952759
2022-07-29,5.538298,4.459082,5.710582,4.806920,6.445512,5.946946,1.738403,8.744415,3.384229,6.424502,7.691882,5.522566,7.273096,5.118157,2.990899,1.969573,6.446720,5.024964
2022-08-01,5.527492,4.459743,5.657995,4.766224,6.444423,6.004527,1.745177,8.753407,3.319839,6.418876,7.655964,5.472976,7.288438,5.116722,2.961651,1.966783,6.440880,5.010084
2022-08-02,5.490816,4.451257,5.620060,4.695259,6.381033,5.944518,1.738378,8.714610,3.327860,6.405392,7.624216,5.426830,7.223458,5.093587,2.958647,1.952440,6.361604,4.977031
2022-08-03,5.545053,4.480897,5.619829,4.705067,6.445989,5.978255,1.745945,8.899605,3.237125,6.565908,7.679871,5.507105,7.348519,5.112940,2.936930,1.977238,6.383796,5.054969
2022-08-04,5.531682,4.484206,5.657791,4.708652,6.466514,5.926101,1.737369,8.913711,3.107577,6.576377,7.674587,5.495375,7.302334,5.092551,2.893459,1.975192,6.342706,5.051553
2022-08-05,5.539985,4.476573,5.701541,4.729494,6.481607,5.931513,1.738291,8.891838,3.178967,6.460897,7.696944,5.534382,7.261681,5.078175,2.928543,1.971348,6.372985,5.043016
2022-08-08,5.557591,4.492986,5.728771,4.777061,6.495855,5.923029,1.750624,8.845346,3.206241,6.486613,7.716924,5.543344,7.341292,5.091994,2.947303,1.968581,6.428780,5.037161
2022-08-09,5.523158,4.533770,5.718855,4.806190,6.439866,5.931385,1.720943,8.657416,3.266430,6.454082,7.653983,5.571019,7.215783,5.127421,2.975843,1.958923,6.456417,5.017158
2022-08-10,5.643042,4.555117,5.878071,4.890442,6.595472,5.963312,1.771264,8.902904,3.296337,6.591356,7.795085,5.707406,7.417958,5.157772,2.997617,1.994522,6.566144,5.122539
2022-08-11,5.667781,4.561363,5.912735,4.881674,6.627305,5.952354,1.782958,8.890230,3.424570,6.618853,7.771076,5.763613,7.476260,5.144839,3.026651,1.992420,6.655755,5.122539
2022-08-12,5.759855,4.648307,6.020469,4.964578,6.736654,6.007047,1.807601,9.094368,3.451222,6.728318,7.873690,5.857154,7.606589,5.210650,3.074830,2.024244,6.740188,5.209258
2022-08-15,5.769992,4.685877,5.995477,4.970719,6.757906,6.054492,1.810266,9.118532,3.377598,6.739653,7.908876,5.855323,7.619736,5.252457,3.066051,2.034181,6.731239,5.230725
2022-08-16,5.789868,4.702897,6.029036,4.968541,6.783562,6.121637,1.819096,9.095192,3.371446,6.800991,7.862357,5.886943,7.732067,5.278741,3.074531,2.036947,6.773969,5.240970
2022-08-17,5.735155,4.695699,5.950228,4.949101,6.723193,6.099544,1.786831,8.962205,3.391809,6.675029,7.774685,5.865762,7.624477,5.272978,3.081405,2.022558,6.717539,5.203770
2022-08-18,5.755845,4.717901,5.969028,4.911107,6.750061,6.121454,1.788053,9.071482,3.498246,6.649377,7.742835,5.888867,7.635333,5.276064,3.119133,2.027047,6.741084,5.218894
2022-08-19,5.681432,4.713500,5.862151,4.855537,6.646779,6.101067,1.750118,8.905507,3.508023,6.574712,7.727450,5.781100,7.488844,5.276615,3.122892,2.006474,6.677307,5.148762
2022-08-22,5.558885,4.645936,5.793755,4.754983,6.499251,6.039719,1.696593,8.651625,3.499594,6.376008,7.586864,5.653572,7.291846,5.208700,3.100770,1.967311,6.544602,5.041552
2022-08-23,5.552490,4.615385,5.868121,4.692901,6.501776,6.030333,1.701087,8.639745,3.629216,6.341484,7.490220,5.632198,7.316367,5.179262,3.124724,1.958021,6.562122,5.029355
2022-08-24,5.578791,4.630975,5.899728,4.724268,6.528775,6.053070,1.709289,8.644217,3.683158,6.389679,7.509610,5.652440,7.394512,5.189238,3.152376,1.960427,6.568793,5.045455
2022-08-25,5.662575,4.664946,6.049020,4.796227,6.627792,6.056558,1.741917,8.829273,3.708924,6.487676,7.608526,5.734683,7.526147,5.210902,3.175254,1.983660,6.650559,5.116684
2022-08-26,5.477549,4.590808,5.879594,4.674543,6.382786,5.900576,1.677602,8.439493,3.657251,6.308470,7.341087,5.569353,7.237238,5.107120,3.115483,1.922220,6.472525,4.943490
2022-08-29,5.447480,4.609704,5.827017,4.628324,6.344367,5.891345,1.667623,8.337039,3.711334,6.269581,7.307852,5.523424,7.207696,5.106522,3.119998,1.907064,6.434835,4.910802
2022-08-30,5.390300,4.544266,5.700560,4.568518,6.263794,5.839348,1.656308,8.255469,3.577069,6.222994,7.262948,5.491159,7.149559,5.051191,3.057030,1.890693,6.353063,4.856892
2022-08-31,5.349206,4.515741,5.625999,4.547216,6.210983,5.805673,1.639995,8.172000,3.545459,6.205153,7.229795,5.455915,7.084501,5.020675,3.034668,1.875810,6.294219,4.819936
2022-09-01,5.356781,4.575921,5.538016,4.559469,6.229585,5.837481,1.635899,8.123398,3.446180,6.239204,7.312952,5.474624,7.113793,5.073167,3.014728,1.890628,6.277904,4.835060
2022-09-02,5.315486,4.531540,5.550560,4.500321,6.168224,5.773746,1.627738,8.037030,3.521203,6.147892,7.226380,5.435748,7.077983,5.016191,3.023617,1.868880,6.244657,4.784077
2022-09-06,5.299486,4.522412,5.536887,4.542090,6.184349,5.733041,1.619077,7.988361,3.472833,6.049743,7.200045,5.433473,7.049453,5.003506,3.009633,1.864509,6.201727,4.766026
2022-09-07,5.418424,4.663391,5.673522,4.626051,6.311141,5.842920,1.670793,8.138122,3.432830,6.158191,7.384597,5.550904,7.269322,5.116179,3.050126,1.892027,6.284579,4.851648
2022-09-08,5.465768,4.669384,5.747773,4.634998,6.330450,5.814480,1.689432,8.219588,3.440191,6.132723,7.532986,5.645840,7.346782,5.115960,3.069823,1.906297,6.332173,4.883359
2022-09-09,5.543281,4.696134,5.843532,4.692776,6.412640,5.877521,1.718649,8.371173,3.532786,6.315461,7.624476,5.691771,7.453444,5.142478,3.108844,1.932579,6.440470,4.959224
2022-09-12,5.593007,4.744233,5.856847,4.734202,6.454939,5.897085,1.737447,8.441698,3.604339,6.377692,7.686480,5.746195,7.547373,5.183209,3.127693,1.949874,6.531907,5.012524
2022-09-13,5.371134,4.609456,5.662456,4.557668,6.204789,5.704588,1.653815,8.032131,3.502645,6.074719,7.388404,5.534077,7.229827,5.040567,3.038559,1.872116,6.255946,4.794567
2022-09-14,5.370307,4.652840,5.591823,4.514929,6.198860,5.687557,1.649283,8.042244,3.606278,6.104562,7.358596,5.522820,7.248337,5.065833,3.070851,1.878416,6.237253,4.812862
2022-09-15,5.327911,4.545069,5.516214,4.436873,6.133350,5.650733,1.641828,7.892939,3.509574,6.111128,7.375288,5.533818,7.262258,5.000062,3.029072,1.856043,6.186293,4.758220
2022-09-16,5.275079,4.529293,5.445913,4.442079,6.008860,5.656771,1.619419,7.863447,3.431372,6.025883,7.318798,5.475603,7.164365,4.998770,3.002003,1.845109,6.137304,4.721920
2022-09-19,5.316998,4.584202,5.549917,4.429063,6.098789,5.701599,1.634870,7.895859,3.444560,6.056435,7.287132,5.537570,7.269478,5.034308,3.026801,1.854551,6.186723,4.758539
2022-09-20,5.228996,4.513862,5.459735,4.303775,6.002841,5.655563,1.592761,7.780651,3.416788,5.977622,7.171048,5.453033,7.140058,4.978053,2.998647,1.833155,6.057519,4.703917
2022-09-21,5.143976,4.456585,5.336957,4.236589,5.917360,5.640578,1.566597,7.686772,3.358998,5.799579,7.045986,5.347621,6.972313,4.928380,2.957973,1.801715,5.968983,4.621863
2022-09-22,5.068087,4.440690,5.283251,4.184913,5.815633,5.623706,1.525945,7.550425,3.343330,5.723152,7.005023,5.248984,6.801478,4.927718,2.938155,1.796526,5.902249,4.583040
2022-09-23,4.983491,4.385254,5.151507,4.134143,5.727285,5.547234,1.498784,7.443960,3.101031,5.594096,6.960839,5.167487,6.687849,4.882909,2.832664,1.767402,5.755300,4.506252
2022-09-26,4.909569,4.273054,5.067466,4.024166,5.659806,5.527603,1.468942,7.361896,3.004612,5.490633,6.884968,5.078710,6.638876,4.809245,2.780218,1.749111,5.619023,4.461673
2022-09-27,4.895545,4.194295,5.094316,3.976809,5.642025,5.442405,1.470518,7.380734,3.050366,5.474351,6.843191,5.068295,6.653511,4.739988,2.798192,1.742048,5.597091,4.450284
2022-09-28,5.011704,4.240055,5.231496,4.070804,5.776578,5.520873,1.511905,7.508621,3.202822,5.663477,7.029932,5.162518,6.852659,4.791051,2.879392,1.774894,5.727320,4.537849
2022-09-29,4.913334,4.066357,5.152925,3.965630,5.667144,5.434874,1.463929,7.355113,3.199269,5.529395,6.971443,5.106105,6.670536,4.664075,2.831317,1.745467,5.604397,4.443058
2022-09-30,4.855342,3.983613,5.136520,4.014662,5.604835,5.347602,1.450765,7.247966,3.174142,5.464872,6.888069,5.057400,6.495279,4.583473,2.803629,1.714495,5.554644,4.374353
2022-10-03,4.996756,4.101027,5.318908,4.095289,5.779203,5.451574,1.490519,7.491362,3.358562,5.641313,7.088055,5.204812,6.623716,4.689306,2.908148,1.754921,5.725222,4.489841
2022-10-04,5.166839,4.191159,5.513709,4.167335,5.992112,5.539225,1.552587,7.755089,3.513212,5.805370,7.292262,5.404348,6.944127,4.774499,2.997826,1.805499,5.924446,4.628966
2022-10-05,5.144737,4.095403,5.450508,4.093431,5.960663,5.507422,1.541920,7.784075,3.577934,5.764663,7.302739,5.376432,6.934733,4.711859,3.002948,1.806419,5.875437,4.618189
2022-10-06,5.083812,3.964492,5.411655,3.989913,5.889975,5.432732,1.520580,7.724527,3.623241,5.735647,7.219436,5.309787,6.885197,4.591116,2.996224,1.789000,5.779818,4.570548
2022-10-07,4.959257,3.882546,5.275998,3.894196,5.751613,5.356830,1.480661,7.423989,3.594788,5.582511,7.052776,5.186908,6.729763,4.512671,2.956298,1.747785,5.652521,4.443058
2022-10-10,4.927441,3.892755,5.293440,3.856090,5.766441,5.393865,1.471062,7.273656,3.516515,5.568546,6.996452,5.172794,6.635364,4.523619,2.942646,1.733023,5.613756,4.409134
2022-10-11,4.906373,3.887584,5.233364,3.903828,5.755590,5.436990,1.467155,7.138651,3.488991,5.468043,7.027696,5.122399,6.606485,4.548965,2.935099,1.720172,5.632837,4.381211
2022-10-12,4.879664,3.759627,5.178825,3.859530,5.707317,5.445473,1.463556,7.101465,3.524311,5.472420,6.981531,5.091925,6.651573,4.485592,2.918289,1.717093,5.616374,4.366760
2022-10-13,4.995934,3.867322,5.324808,3.923647,5.818214,5.523782,1.487505,7.280201,3.670504,5.642697,7.151329,5.292257,6.725470,4.599068,3.001593,1.762336,5.782925,4.482003
2022-10-14,4.884248,3.809403,5.110809,3.826044,5.693939,5.412456,1.457446,7.068397,3.526391,5.555664,7.056381,5.171234,6.592060,4.537342,2.908562,1.729346,5.682642,4.379864
2022-10-17,5.000038,3.889226,5.244102,3.962639,5.833844,5.464961,1.490182,7.255963,3.575972,5.705555,7.211218,5.295503,6.764337,4.608870,2.952652,1.769654,5.788281,4.492413
2022-10-18,5.072469,3.966384,5.361997,4.011638,5.956266,5.537779,1.516871,7.331349,3.614997,5.761366,7.262692,5.365871,6.881937,4.675616,2.996929,1.787912,5.856528,4.545197
2022-10-19,5.012046,3.922059,5.299988,3.916263,5.875871,5.508022,1.479962,7.299999,3.724821,5.792618,7.157141,5.283771,6.742281,4.644749,3.005583,1.776392,5.775999,4.512988
2022-10-20,4.957537,3.827210,5.271676,3.903095,5.757525,5.431568,1.459891,7.302828,3.722861,5.833557,7.092086,5.178856,6.682108,4.572088,2.994507,1.763103,5.735860,4.475145
2022-10-21,5.074902,3.904105,5.478334,3.944146,5.906405,5.514823,1.484411,7.529376,3.851559,5.930757,7.220048,5.321069,6.863155,4.642724,3.072276,1.801993,5.866725,4.583898
2022-10-24,5.127960,3.926329,5.461267,3.945824,5.993788,5.601114,1.499546,7.607347,3.862923,5.941389,7.355834,5.409426,6.888407,4.689090,3.105347,1.822728,5.924746,4.639988
2022-10-25,5.232327,3.997741,5.603024,4.093718,6.101720,5.698384,1.543844,7.748864,3.879086,6.073624,7.500113,5.477810,7.053381,4.742993,3.138228,1.846946,6.038835,4.714082
2022-10-26,5.240043,3.998094,5.629924,4.080078,6.108970,5.732075,1.545324,7.693976,3.937505,5.955059,7.622006,5.487306,7.040488,4.758695,3.167258,1.842692,6.052482,4.678566
2022-10-27,5.243052,4.035355,5.615446,4.075162,6.158669,5.749096,1.545514,7.678325,3.948026,5.821518,7.515862,5.529039,7.076687,4.782629,3.183455,1.827926,6.047442,4.653582
2022-10-28,5.358439,4.148163,5.638850,4.161601,6.308141,5.871117,1.568429,7.934357,3.951376,5.967159,7.631714,5.677630,7.235415,4.906177,3.232054,1.870946,6.174855,4.764295
2022-10-31,5.331517,4.119962,5.596770,4.158540,6.280200,5.831851,1.557050,7.841529,3.987904,5.900072,7.620605,5.645921,7.229420,4.879929,3.233090,1.858036,6.145485,4.729881
2022-11-01,5.339590,4.135628,5.613118,4.158805,6.283859,5.807468,1.554926,7.853737,4.033254,5.867938,7.653488,5.660872,7.241684,4.872997,3.245124,1.855347,6.157909,4.709183
2022-11-02,5.209091,4.089647,5.464736,4.046329,6.127880,5.700607,1.510326,7.585981,3.922526,5.703180,7.493443,5.575678,7.021023,4.830934,3.185090,1.813456,6.015329,4.591001
2022-11-03,5.177481,4.107854,5.476705,4.036021,6.157419,5.688709,1.478956,7.413944,4.009028,5.597347,7.433599,5.520245,7.028716,4.830356,3.213157,1.796932,5.965591,4.543728
2022-11-04,5.262365,4.143166,5.667724,4.102380,6.266675,5.758753,1.493032,7.589895,4.075107,5.574103,7.510154,5.620258,7.190148,4.863521,3.228894,1.817517,6.101802,4.609126
2022-11-07,5.303702,4.070250,5.711215,4.100337,6.334445,5.804393,1.502500,7.710368,4.167096,5.637432,7.617955,5.672593,7.175727,4.850730,3.255606,1.837585,6.151615,4.653215
2022-11-08,5.338616,4.090283,5.833364,4.123081,6.388546,5.824065,1.523588,7.786910,4.171496,5.624187,7.624182,5.713107,7.190325,4.884234,3.281819,1.846168,6.206390,4.678321
2022-11-09,5.245860,4.054905,5.715745,4.073990,6.286397,5.737651,1.498015,7.631649,3.968460,5.505483,7.548903,5.610087,7.049324,4.846845,3.199315,1.811980,6.070728,4.581938
2022-11-10,5.542768,4.248511,6.050309,4.370863,6.621386,5.877802,1.616537,8.198044,4.085213,5.816085,7.864006,5.911519,7.504805,4.967698,3.272806,1.894174,6.430047,4.833735
2022-11-11,5.596788,4.195516,6.114641,4.365145,6.638974,5.869449,1.650588,8.349377,4.193275,5.998448,7.892225,5.945686,7.678308,4.896989,3.234648,1.904481,6.565358,4.880518
2022-11-14,5.531356,4.148289,6.098832,4.259610,6.577899,5.823066,1.613548,8.271501,4.160416,5.963659,7.853271,5.847289,7.585467,4.871039,3.232830,1.896546,6.453559,4.839001
2022-11-15,5.584308,4.188238,6.074446,4.314057,6.639113,5.881259,1.631861,8.402286,4.229940,6.015545,7.873797,5.873773,7.698498,4.889992,3.243966,1.910201,6.499966,4.880273
2022-11-16,5.524501,4.219633,5.989447,4.265313,6.574561,5.884018,1.592885,8.215144,4.127626,5.958752,7.838592,5.849052,7.607308,4.930085,3.223391,1.898838,6.372985,4.843042
2022-11-17,5.494348,4.150072,5.928383,4.238418,6.549255,5.901660,1.584835,8.193951,4.123857,5.924949,7.771327,5.816069,7.558283,4.917656,3.235110,1.897628,6.360439,4.828223
2022-11-18,5.537426,4.244359,5.952188,4.293251,6.609277,5.962418,1.597164,8.230759,4.095684,5.873764,7.851861,5.859461,7.614845,4.993130,3.258559,1.905862,6.405714,4.850145
2022-11-21,5.536716,4.262774,5.983858,4.311481,6.623162,6.011856,1.591566,8.173517,4.032181,5.838162,7.873977,5.884556,7.577257,5.032169,3.254165,1.901026,6.395967,4.832510
2022-11-22,5.609250,4.303931,6.138950,4.339777,6.677250,6.041118,1.615057,8.324912,4.173987,5.933772,7.952457,5.941271,7.696810,5.071466,3.311496,1.925941,6.504891,4.897541
2022-11-23,5.634301,4.346417,6.152271,4.340272,6.698987,6.054403,1.624297,8.387412,4.114838,6.019562,7.988665,5.961049,7.761049,5.092577,3.300466,1.936566,6.515324,4.928403
2022-11-25,5.649185,4.372374,6.148560,4.368207,6.726286,6.066559,1.629333,8.366250,4.098880,6.015484,8.034747,5.992070,7.771539,5.115979,3.311458,1.939247,6.539778,4.927301
2022-11-28,5.553286,4.332420,6.002612,4.257490,6.585808,6.032661,1.598554,8.198010,3.998063,5.924556,7.937378,5.879065,7.688667,5.080848,3.259153,1.915775,6.388373,4.848676
2022-11-29,5.571397,4.308420,6.049386,4.334722,6.612916,6.013820,1.602213,8.155411,4.073566,5.951100,7.934093,5.907397,7.753094,5.066092,3.274490,1.911394,6.464111,4.840348
2022-11-30,5.711092,4.414129,6.199150,4.431797,6.744246,6.119180,1.648536,8.498540,4.100077,6.175236,8.128322,6.022312,7.937614,5.157329,3.330682,1.966885,6.575256,4.992822
2022-12-01,5.716695,4.398906,6.179542,4.415113,6.757574,6.090838,1.657371,8.527935,4.083035,6.201122,8.177031,6.007026,7.962425,5.153693,3.306881,1.961734,6.578324,4.989148
2022-12-02,5.713827,4.370641,6.253440,4.403413,6.783106,6.129503,1.660494,8.455115,4.065501,6.211446,8.188629,5.987900,7.964712,5.157787,3.330810,1.960053,6.565147,4.983392
2022-12-05,5.603527,4.339742,6.115613,4.322821,6.659309,6.038968,1.617250,8.293282,3.930050,6.099001,8.057651,5.848016,7.821153,5.107304,3.262521,1.923370,6.418047,4.893744
2022-12-06,5.541271,4.355533,6.054854,4.280766,6.593839,5.999878,1.593191,8.149734,3.833177,5.944933,7.994663,5.810503,7.711551,5.107931,3.215653,1.894340,6.356616,4.823202
2022-12-07,5.532469,4.327984,6.048613,4.284412,6.575275,6.017007,1.586723,8.124406,3.811817,5.923328,8.064066,5.794184,7.667327,5.117739,3.224707,1.891584,6.351369,4.814997
2022-12-08,5.568543,4.355214,6.083621,4.319336,6.603507,6.042751,1.599782,8.258238,3.774960,5.913186,8.137803,5.801342,7.733054,5.149170,3.218375,1.904068,6.351072,4.852717
2022-12-09,5.528907,4.344125,6.027538,4.308519,6.566227,5.983929,1.594525,8.194681,3.688690,5.943033,8.031394,5.779267,7.654884,5.114268,3.161579,1.891027,6.331275,4.816466
2022-12-12,5.608628,4.434688,6.075080,4.344321,6.679879,6.038700,1.619618,8.358804,3.804918,6.006040,8.107686,5.848326,7.739921,5.181748,3.212019,1.913628,6.433742,4.885906
2022-12-13,5.648956,4.447363,6.143640,4.413815,6.702369,6.020912,1.640384,8.441909,3.885719,6.082145,8.192464,5.856943,7.752859,5.172594,3.210798,1.921106,6.490922,4.922892
2022-12-14,5.611728,4.437956,6.047657,4.382859,6.682120,6.025937,1.632072,8.348922,3.869276,5.995213,8.178606,5.776490,7.712931,5.164176,3.204706,1.915184,6.443055,4.891418
2022-12-15,5.488424,4.383783,5.872038,4.319967,6.501956,5.921943,1.594379,8.030217,3.852311,5.755426,8.035209,5.670617,7.604044,5.099097,3.176159,1.874406,6.332247,4.771765
2022-12-16,5.425922,4.313587,5.857537,4.209723,6.457913,5.894133,1.568542,7.956308,3.790168,5.734339,7.934160,5.624960,7.481460,5.053302,3.158863,1.856046,6.232235,4.715429
2022-12-19,5.376951,4.296898,5.770318,4.158785,6.416097,5.875191,1.546463,7.863846,3.776908,5.615408,7.901100,5.594748,7.361810,5.040829,3.146518,1.842395,6.178010,4.675444
2022-12-20,5.381225,4.298175,5.816805,4.146317,6.418658,5.859706,1.542312,7.873151,3.828590,5.640677,7.907643,5.613376,7.333487,5.043715,3.162946,1.843750,6.178277,4.681841
2022-12-21,5.463694,4.358310,5.871775,4.178235,6.530764,5.916372,1.575488,7.979949,3.915044,5.727612,8.028223,5.713089,7.442545,5.110694,3.212386,1.870679,6.267811,4.751846
2022-12-22,5.403473,4.330030,5.800481,4.164834,6.451171,5.912250,1.553973,7.795938,3.812974,5.714362,8.011906,5.665565,7.324545,5.092049,3.164203,1.850929,6.235168,4.684056
2022-12-23,5.439782,4.374932,5.845907,4.202295,6.492937,5.942976,1.565658,7.818145,3.941694,5.776729,8.008341,5.701404,7.361645,5.128908,3.209589,1.862563,6.302229,4.711000
2022-12-27,5.440508,4.406205,5.833816,4.201701,6.509315,5.972461,1.558478,7.796968,3.976710,5.747408,7.982396,5.706701,7.360186,5.151447,3.215947,1.857248,6.337969,4.692422
2022-12-28,5.366856,4.362390,5.748522,4.128307,6.417350,5.900200,1.531345,7.686542,3.865141,5.658296,7.913934,5.662318,7.246030,5.104100,3.163644,1.839857,6.226482,4.634105
2022-12-29,5.462939,4.392821,5.804022,4.216962,6.519785,5.933083,1.570454,7.895880,3.913223,5.797634,8.033794,5.755676,7.402459,5.130410,3.181681,1.867662,6.334610,4.717521
2022-12-30,5.439763,4.342863,5.773552,4.192436,6.485699,5.903765,1.564102,7.870679,3.934767,5.809821,7.998474,5.722809,7.384890,5.092848,3.181702,1.865085,6.309530,4.705094
2023-01-03,5.435061,4.330367,5.768365,4.196343,6.498293,5.894907,1.567685,7.852790,3.784795,5.863379,7.989135,5.744618,7.391593,5.094405,3.117377,1.860010,6.324557,4.685286
2023-01-04,5.519692,4.372539,5.898000,4.278424,6.580923,5.925549,1.609599,7.961823,3.790397,6.030133,8.067423,5.838538,7.570469,5.126184,3.125011,1.873243,6.445779,4.721458
2023-01-05,5.462881,4.273154,5.835286,4.154557,6.503756,5.872956,1.599260,7.825591,3.846213,6.051623,7.996537,5.781384,7.564040,5.067979,3.144595,1.858034,6.387661,4.667570
2023-01-06,5.593261,4.370151,6.035189,4.276954,6.690706,6.010285,1.626229,8.084507,3.935522,6.157041,8.066321,5.929935,7.727735,5.177757,3.214809,1.894218,6.545417,4.774607
2023-01-09,5.593612,4.403643,6.052244,4.263008,6.691970,5.951043,1.627942,8.182173,3.961541,6.166554,7.974586,5.902842,7.741681,5.143864,3.191459,1.889746,6.539762,4.771901
2023-01-10,5.636767,4.402260,6.112801,4.269367,6.733146,5.948366,1.646948,8.241956,3.979082,6.274436,8.087273,5.944093,7.832030,5.145917,3.210372,1.900779,6.595468,4.805365
2023-01-11,5.706011,4.442490,6.220495,4.429296,6.818687,5.964937,1.677418,8.353078,3.988677,6.297974,8.130740,5.994398,7.946585,5.168409,3.219272,1.918608,6.693742,4.866143
2023-01-12,5.726435,4.413685,6.259185,4.477852,6.854779,5.920360,1.688122,8.390237,4.072777,6.360184,8.089162,6.012026,8.002287,5.133396,3.243899,1.922168,6.757024,4.883859
2023-01-13,5.741122,4.388929,6.295477,4.447174,6.855864,5.959097,1.699317,8.395511,4.077232,6.392669,8.137495,6.040798,8.040072,5.132445,3.247797,1.929683,6.746177,4.902806
2023-01-17,5.729459,4.374090,6.237715,4.461908,6.805448,5.967166,1.699420,8.398187,4.075552,6.353297,8.132367,6.012107,8.046759,5.115286,3.239225,1.925533,6.716110,4.893825
2023-01-18,5.640820,4.271314,6.157790,4.387929,6.700426,5.799424,1.674378,8.305495,3.995815,6.250386,8.047668,5.916656,7.942420,4.994163,3.184801,1.893348,6.593761,4.816561
2023-01-19,5.578812,4.229085,6.100425,4.363047,6.550365,5.754116,1.638283,8.183828,4.046609,6.244674,8.056113,5.845076,7.831399,4.960064,3.182482,1.884694,6.547071,4.781497
2023-01-20,5.676544,4.271319,6.227043,4.421098,6.665317,5.816259,1.674393,8.387408,4.088732,6.452551,8.138492,5.953370,7.975349,4.990100,3.203294,1.912935,6.660558,4.870572
2023-01-23,5.744588,4.270888,6.257154,4.446048,6.746808,5.849321,1.704103,8.624236,4.096527,6.556370,8.192032,6.016325,8.081973,4.990967,3.205773,1.927647,6.724391,4.929012
2023-01-24,5.735769,4.293005,6.261755,4.468524,6.786826,5.866596,1.690217,8.576131,4.060280,6.563026,8.107046,6.015969,8.067525,5.014459,3.206694,1.926145,6.704405,4.923721
2023-01-25,5.745809,4.284866,6.285485,4.470690,6.746834,5.894272,1.695248,8.571497,4.062288,6.680640,8.115600,6.058604,8.092511,5.020214,3.218160,1.922714,6.722308,4.925567
2023-01-26,5.792230,4.304900,6.339858,4.509211,6.778099,5.864014,1.705115,8.690994,4.162781,6.752936,8.172477,6.095109,8.198772,5.015286,3.265027,1.939901,6.771702,4.979701
2023-01-27,5.800032,4.308465,6.323291,4.567099,6.819310,5.839998,1.721071,8.681266,4.114885,6.744860,8.143015,6.093543,8.228377,5.000901,3.235170,1.941404,6.816703,4.991143
2023-01-30,5.742336,4.288754,6.270343,4.508093,6.745472,5.839480,1.702883,8.548804,4.022765,6.653133,8.061149,6.065622,8.146031,5.002424,3.209092,1.921426,6.744006,4.928520
2023-01-31,5.840182,4.340449,6.406354,4.594109,6.911932,5.905773,1.737507,8.682397,4.057232,6.718949,8.167382,6.148565,8.344732,5.050108,3.241191,1.946334,6.872030,5.000985
2023-02-01,5.902698,4.353516,6.478011,4.622377,7.002631,5.952941,1.766705,8.917543,3.983523,6.824574,8.242845,6.152164,8.460150,5.035554,3.211681,1.962065,6.910956,5.054135
2023-02-02,5.960841,4.357842,6.476412,4.738869,7.097945,5.915051,1.792597,9.080964,3.908544,7.102832,8.287754,6.173161,8.579812,5.000371,3.140402,1.984072,6.986407,5.127708
2023-02-03,5.893373,4.265710,6.381698,4.645253,7.054213,5.902023,1.759017,8.929786,3.886270,6.965805,8.223620,6.168195,8.444438,4.962370,3.139206,1.968780,6.884693,5.073205
2023-02-06,5.850825,4.297867,6.304513,4.604766,7.014290,5.902827,1.732045,8.800672,3.856788,6.880279,8.143945,6.152039,8.408078,4.995325,3.140875,1.958486,6.805355,5.042201
2023-02-07,5.903531,4.290483,6.363739,4.606393,7.031095,5.875006,1.749916,8.976044,3.976878,6.971708,8.211571,6.234024,8.468332,4.989979,3.190366,1.979116,6.833131,5.108146
2023-02-08,5.845190,4.218305,6.325385,4.592253,6.979083,5.828617,1.719235,8.843789,3.953804,6.860194,8.166702,6.198272,8.354390,4.949988,3.180040,1.955326,6.739172,5.052289
2023-02-09,5.793291,4.168065,6.221487,4.542944,6.916805,5.804761,1.695287,8.839762,3.908492,6.744524,8.046664,6.129251,8.359315,4.912794,3.158386,1.938705,6.631701,5.008490
2023-02-10,5.813742,4.252168,6.265690,4.558665,6.946802,5.851746,1.685060,8.812706,4.067009,6.606381,8.099761,6.154816,8.308095,4.980107,3.228655,1.944069,6.712595,5.020178
2023-02-13,5.877396,4.277985,6.287371,4.602288,7.024416,5.913440,1.711909,8.911500,4.053545,6.700610,8.181913,6.226192,8.457784,5.007103,3.236284,1.963734,6.785003,5.079110
2023-02-14,5.865436,4.250444,6.305140,4.562909,7.018382,5.863735,1.707802,8.948618,4.061000,6.705212,8.150699,6.171710,8.506853,4.959964,3.229345,1.961776,6.747782,5.076773
2023-02-15,5.892338,4.278455,6.350933,4.575290,7.080005,5.884386,1.718479,9.006335,3.976440,6.788331,8.153269,6.195224,8.578311,4.966170,3.212054,1.963019,6.742329,5.093259
2023-02-16,5.827294,4.246365,6.302514,4.531420,7.007170,5.845682,1.682718,8.879883,3.942565,6.693027,8.091177,6.133276,8.471847,4.945688,3.185059,1.938175,6.664921,5.023131
2023-02-17,5.819737,4.290915,6.228446,4.510039,7.038360,5.905042,1.681904,8.813020,3.798028,6.690758,8.121784,6.138407,8.436291,5.007570,3.162731,1.936572,6.630221,5.010582
2023-02-21,5.696975,4.219417,6.107227,4.418968,6.843853,5.885737,1.632801,8.589515,3.781090,6.517593,7.980852,6.013174,8.219240,4.963442,3.144137,1.902080,6.463668,4.910065
2023-02-22,5.688470,4.200231,6.144601,4.377257,6.843762,5.874154,1.639713,8.556369,3.777283,6.515115,7.948956,6.002809,8.234300,4.955085,3.146111,1.899899,6.437986,4.903298
2023-02-23,5.708081,4.189116,6.157729,4.417565,6.887530,5.860001,1.644748,8.651806,3.838837,6.482289,7.970819,6.005153,8.200562,4.943915,3.166951,1.904680,6.469336,4.929381
2023-02-24,5.658979,4.191991,6.160814,4.353122,6.850942,5.829899,1.620758,8.499362,3.850960,6.377461,7.865232,6.002854,8.113175,4.926581,3.166563,1.887230,6.433029,4.876723
2023-02-27,5.666519,4.160487,6.198839,4.349289,6.891453,5.824527,1.625472,8.517711,3.859664,6.410942,7.844842,5.994976,8.157529,4.911296,3.174383,1.889705,6.410775,4.893333
2023-02-28,5.651731,4.090792,6.228384,4.339902,6.883480,5.787359,1.630766,8.517370,3.790969,6.384607,7.810637,6.005204,8.137831,4.858209,3.150453,1.883796,6.384576,4.875247
2023-03-01,5.636806,4.026470,6.269993,4.280281,6.895819,5.741809,1.622227,8.510855,3.884114,6.320292,7.794348,5.988566,8.110264,4.819516,3.194317,1.876116,6.374166,4.856546
2023-03-02,5.682547,4.092120,6.361349,4.319055,6.981130,5.806637,1.635406,8.591666,3.925374,6.390460,7.848802,5.950763,8.180529,4.857637,3.211909,1.891419,6.420037,4.894317
2023-03-03,5.758607,4.160850,6.435662,4.389877,7.068142,5.822577,1.656595,8.709724,3.988019,6.471278,7.962691,6.034916,8.304471,4.885341,3.252854,1.918275,6.501633,4.972811
2023-03-06,5.733304,4.175256,6.332035,4.379675,7.044482,5.820739,1.635155,8.681872,3.961174,6.453350,7.910457,6.026061,8.262658,4.896450,3.247390,1.922338,6.457309,4.976256
2023-03-07,5.641511,4.104758,6.187116,4.263141,6.963552,5.768908,1.612434,8.579687,3.894015,6.372305,7.771955,5.880710,8.158579,4.830364,3.199676,1.894403,6.328089,4.899976
2023-03-08,5.653760,4.138299,6.223839,4.317033,6.985412,5.773997,1.611314,8.676714,3.856110,6.373443,7.745119,5.853817,8.165159,4.826940,3.185314,1.891381,6.349073,4.907973
2023-03-09,5.540324,4.100085,6.052624,4.218562,6.873886,5.716689,1.564934,8.530109,3.785133,6.212810,7.648683,5.664401,7.979628,4.780682,3.117834,1.854481,6.214140,4.817422
2023-03-10,5.428763,4.024964,5.899139,4.060788,6.730696,5.677093,1.522992,8.344664,3.716713,6.116863,7.554595,5.524954,7.870346,4.751597,3.054870,1.834257,6.053028,4.747909
2023-03-13,5.381792,4.088012,5.829824,4.106085,6.667843,5.704883,1.497907,8.292286,3.627795,6.094869,7.610418,5.284650,7.808493,4.782386,3.009178,1.829194,5.957478,4.741143
2023-03-14,5.452997,4.144854,5.876708,4.140227,6.738965,5.742265,1.512587,8.458849,3.667458,6.204933,7.695358,5.401062,7.881973,4.824358,3.041569,1.861255,6.002308,4.819514
2023-03-15,5.373627,4.188463,5.665998,4.131684,6.570176,5.777122,1.486287,8.367560,3.458127,6.229994,7.643925,5.248891,7.789875,4.842405,2.934995,1.854586,5.928602,4.789371
2023-03-16,5.444552,4.217676,5.729377,4.112388,6.652538,5.769748,1.492937,8.580058,3.515970,6.343239,7.738745,5.369619,7.907145,4.869869,2.976595,1.878998,5.965868,4.873402
2023-03-17,5.352600,4.173037,5.637332,4.011573,6.529871,5.706815,1.464312,8.506275,3.454988,6.302740,7.635525,5.194366,7.794165,4.809542,2.909483,1.859985,5.862372,4.816418
2023-03-20,5.422816,4.217346,5.746677,4.057370,6.620431,5.787124,1.479043,8.607380,3.524192,6.362346,7.734608,5.284220,7.863084,4.874702,2.967850,1.876868,5.948484,4.862731
2023-03-21,5.494493,4.127394,5.843042,4.046569,6.708158,5.781745,1.514041,8.694914,3.633286,6.473709,7.821907,5.449896,7.996265,4.854284,3.036380,1.903320,6.007619,4.926581
2023-03-22,5.374052,4.036366,5.717793,3.895541,6.576386,5.721683,1.476692,8.539147,3.548720,6.322782,7.677029,5.286309,7.849669,4.784401,2.970576,1.874122,5.852374,4.842600
2023-03-23,5.356416,3.992254,5.712178,3.864962,6.543949,5.692433,1.467536,8.646753,3.496067,6.414884,7.651177,5.223899,7.827287,4.755822,2.947468,1.877334,5.795455,4.855691
2023-03-24,5.398437,4.117068,5.750236,3.956512,6.566352,5.792888,1.475437,8.635592,3.511252,6.417950,7.756056,5.246992,7.825188,4.858065,2.962501,1.885715,5.876707,4.887555
2023-03-27,5.435106,4.130476,5.806924,3.956865,6.626930,5.833710,1.490235,8.638617,3.589576,6.448304,7.795348,5.317750,7.842600,4.874830,2.999262,1.894279,5.935895,4.896694
2023-03-28,5.447821,4.149578,5.839233,3.950475,6.669786,5.864445,1.494520,8.600453,3.647145,6.424832,7.764599,5.326867,7.909773,4.887779,3.018802,1.888706,5.963081,4.885702
2023-03-29,5.530117,4.210755,5.934271,4.037803,6.762433,5.895333,1.519397,8.796879,3.697715,6.518252,7.811731,5.421736,8.023494,4.929733,3.060526,1.909846,6.080905,4.956715
2023-03-30,5.556337,4.231623,5.970563,4.089153,6.779166,5.907826,1.526928,8.881332,3.704921,6.559457,7.859490,5.406150,8.070494,4.944289,3.070467,1.915311,6.116010,4.985738
2023-03-31,5.640486,4.268101,6.058897,4.181582,6.878320,5.964298,1.557957,9.021187,3.747260,6.675898,7.966794,5.467408,8.240792,4.980918,3.104662,1.940538,6.223046,5.056010
2023-04-03,5.644210,4.234615,6.104215,4.144795,6.872057,5.998603,1.548180,8.977922,3.897418,6.694958,8.005288,5.464897,8.247434,5.009527,3.120667,1.949522,6.237897,5.075276
2023-04-04,5.585969,4.247743,5.984568,4.134109,6.697278,5.973989,1.527088,8.869967,3.815729,6.710552,7.996904,5.400887,8.184026,5.005919,3.057430,1.945313,6.167326,5.047118
2023-04-05,5.572055,4.362912,5.960538,4.110932,6.601971,5.987162,1.507415,8.766195,3.871555,6.703298,8.088649,5.402107,8.089570,5.069640,3.052957,1.946590,6.165895,5.033904
2023-04-06,5.575967,4.392121,5.936660,4.138839,6.596311,5.994990,1.508100,8.761120,3.820643,6.737423,8.102360,5.425469,8.064273,5.084211,3.047930,1.952674,6.181303,5.053540
2023-04-10,5.611335,4.391702,5.988485,4.160095,6.672270,6.012275,1.522903,8.859748,3.866321,6.756295,8.102541,5.443851,8.113623,5.073425,3.083884,1.953345,6.218042,5.058727
2023-04-11,5.647700,4.397092,6.056722,4.185891,6.724885,6.040900,1.545412,8.863998,3.909232,6.753439,8.153757,5.489959,8.167884,5.078389,3.097140,1.955108,6.275702,5.060086
2023-04-12,5.619561,4.388072,6.058755,4.156684,6.740033,6.005159,1.523566,8.806568,3.902341,6.657818,8.142305,5.471698,8.071362,5.075215,3.096359,1.948401,6.229388,5.039461
2023-04-13,5.665661,4.385528,6.110351,4.149886,6.767474,6.027066,1.545659,8.906329,3.923559,6.772139,8.259714,5.503988,8.170385,5.094409,3.115199,1.975096,6.257951,5.106399
2023-04-14,5.643329,4.333669,6.080977,4.097335,6.766475,5.993136,1.538263,8.853505,3.931197,6.737463,8.209513,5.507456,8.177846,5.059359,3.115707,1.975592,6.226593,5.093925
2023-04-17,5.683119,4.355268,6.124215,4.189156,6.820068,6.041379,1.556292,8.888483,3.880076,6.737157,8.220104,5.575758,8.239574,5.088709,3.125091,1.980720,6.311422,5.112203
2023-04-18,5.686900,4.331792,6.130917,4.181067,6.844901,6.058908,1.551128,8.888901,3.886232,6.708815,8.186738,5.593397,8.307966,5.078789,3.136792,1.981323,6.291817,5.115538
2023-04-19,5.687224,4.367648,6.100461,4.204702,6.842217,6.055528,1.554742,8.771383,3.872625,6.655838,8.235079,5.637619,8.291826,5.084972,3.121774,1.978047,6.319521,5.114673
2023-04-20,5.656769,4.365979,6.091293,4.159724,6.851551,6.064443,1.539188,8.712487,3.830281,6.559839,8.179133,5.593357,8.259126,5.086549,3.127211,1.964118,6.205946,5.086762
2023-04-21,5.655454,4.376823,6.016659,4.171987,6.840415,6.088119,1.540259,8.699071,3.795540,6.580917,8.255301,5.544618,8.285392,5.093605,3.114802,1.972017,6.175622,5.090714
2023-04-24,5.667001,4.401876,6.066937,4.158605,6.853309,6.107686,1.540636,8.682937,3.851084,6.563342,8.309309,5.529778,8.321430,5.106836,3.134488,1.973083,6.166528,5.096025
2023-04-25,5.569325,4.402386,5.914681,4.119537,6.748109,6.098092,1.503416,8.471405,3.764557,6.473937,8.153407,5.415483,8.158077,5.122960,3.090417,1.942762,6.051485,5.015131
2023-04-26,5.513638,4.310143,5.843960,4.095839,6.617128,6.064726,1.478997,8.458815,3.704959,6.396322,8.091680,5.379744,8.101285,5.060450,3.045662,1.923729,6.015284,4.993889
2023-04-27,5.604593,4.358972,5.935978,4.199318,6.770324,6.141029,1.507711,8.579654,3.729592,6.663576,8.124864,5.471194,8.251115,5.105938,3.085828,1.960172,6.135436,5.093308
2023-04-28,5.668187,4.351881,6.000601,4.256103,6.838099,6.166898,1.534945,8.679403,3.798305,6.751497,8.211957,5.543157,8.362428,5.121006,3.109074,1.975425,6.235606,5.136780
2023-05-01,5.664880,4.357429,5.989017,4.228220,6.864585,6.186673,1.524083,8.704269,3.779181,6.728164,8.235871,5.502987,8.379461,5.146028,3.124044,1.976544,6.155965,5.131593
2023-05-02,5.582022,4.303235,5.959503,4.150638,6.807366,6.174858,1.493356,8.561482,3.607057,6.590751,8.165861,5.351924,8.352010,5.105816,3.086661,1.955289,5.963187,5.073918
2023-05-03,5.548037,4.294270,5.905741,4.129101,6.813394,6.132242,1.485133,8.508526,3.538061,6.578677,8.150169,5.288397,8.262598,5.077316,3.068009,1.940356,5.898873,5.039091
2023-05-04,5.499318,4.324834,5.844277,4.159822,6.731697,6.109605,1.448913,8.466982,3.488394,6.495071,8.079591,5.203207,8.207980,5.067574,3.035550,1.924873,5.809256,5.003399
2023-05-05,5.595529,4.352771,5.939245,4.225087,6.853324,6.170309,1.472896,8.609441,3.594138,6.660771,8.172230,5.349111,8.350089,5.110018,3.081969,1.955598,5.989209,5.096025
2023-05-08,5.586825,4.331434,5.913453,4.191334,6.828110,6.125069,1.472064,8.614692,3.589138,6.739319,8.151633,5.350743,8.373343,5.098371,3.089099,1.958770,5.977781,5.097383
2023-05-09,5.564445,4.331751,5.869743,4.172757,6.834497,6.096792,1.460832,8.560266,3.593069,6.681419,8.093032,5.333913,8.352473,5.095611,3.088832,1.950743,5.956606,5.075029
2023-05-10,5.564438,4.371309,5.852959,4.198323,6.807599,6.082675,1.456878,8.639637,3.557963,6.698289,8.109285,5.297626,8.331121,5.103752,3.089252,1.956777,5.911117,5.098742
2023-05-11,5.536368,4.322472,5.791656,4.158591,6.776286,6.103374,1.449332,8.577941,3.517367,6.700057,8.087965,5.270185,8.317942,5.092418,3.077651,1.954564,5.838135,5.089850
2023-05-12,5.538407,4.349585,5.788915,4.158834,6.768820,6.124168,1.443402,8.628630,3.534850,6.781062,8.070599,5.250197,8.283026,5.101399,3.092417,1.951446,5.836135,5.083180
2023-05-15,5.572506,4.299942,5.865854,4.167340,6.801034,6.112021,1.461594,8.768344,3.550242,6.823227,8.086971,5.303491,8.322417,5.079556,3.097216,1.955336,5.889027,5.100718
2023-05-16,5.492367,4.204967,5.755894,4.061745,6.702818,6.049880,1.429957,8.696310,3.458796,6.756728,8.017650,5.235355,8.218728,5.036590,3.058776,1.945319,5.749084,5.066631
2023-05-17,5.567080,4.193093,5.798552,4.114784,6.825143,6.053581,1.461412,8.839643,3.530715,6.840947,8.034874,5.352716,8.364053,5.044673,3.090209,1.966454,5.900528,5.128135
2023-05-18,5.610497,4.176572,5.838616,4.098280,6.882788,6.033695,1.476769,9.028284,3.569353,6.977325,8.035994,5.402806,8.447549,5.026316,3.112893,1.977576,5.923103,5.177535
2023-05-19,5.592837,4.173007,5.842892,4.084206,6.852734,6.042601,1.464178,8.999554,3.592560,6.920669,8.051846,5.380908,8.360726,5.032667,3.107846,1.976935,5.880391,5.170002
2023-05-22,5.605761,4.179640,5.829441,4.111991,6.858010,5.985337,1.479999,9.055222,3.603652,6.946130,8.076288,5.414051,8.297119,4.998416,3.088526,1.976101,5.944700,5.172101
2023-05-23,5.545833,4.166484,5.768185,4.071891,6.780031,5.944629,1.465328,8.909461,3.617778,6.841282,7.960295,5.375624,8.168997,4.960805,3.043987,1.960716,5.945274,5.114056
2023-05-24,5.482287,4.135477,5.681572,3.983911,6.682258,5.909155,1.446129,8.791656,3.638640,6.804904,7.884576,5.293388,8.102499,4.933903,3.024994,1.948146,5.853381,5.077005
2023-05-25,5.480115,4.079578,5.643181,3.975294,6.709803,5.856107,1.434379,9.021312,3.571755,6.718829,7.808408,5.292012,8.123914,4.889584,3.037614,1.955273,5.787491,5.120972
2023-05-26,5.524608,4.075396,5.664921,4.015694,6.760249,5.867517,1.446764,9.281232,3.562139,6.834826,7.799330,5.323756,8.162480,4.884566,3.040315,1.976492,5.847800,5.187292
2023-05-30,5.513316,4.066634,5.630847,4.032885,6.752135,5.802371,1.443420,9.298206,3.520667,6.842975,7.743225,5.344614,8.134203,4.859847,3.029284,1.970107,5.863454,5.189268
2023-05-31,5.463891,4.104353,5.563479,4.056882,6.635990,5.801377,1.410971,9.188517,3.457931,6.818594,7.786675,5.248791,8.036032,4.872492,2.998595,1.965402,5.750516,5.160492
2023-06-01,5.507023,4.071891,5.631527,4.060312,6.710793,5.779090,1.423910,9.276381,3.509281,6.888741,7.858615,5.314150,8.106670,4.865517,3.025787,1.978324,5.790450,5.209522
2023-06-02,5.629296,4.117493,5.849082,4.165183,6.920192,5.872370,1.466888,9.372301,3.632456,6.891343,7.960188,5.458718,8.339515,4.928718,3.072085,2.001221,5.962911,5.284858
2023-06-05,5.608897,4.136818,5.840640,4.144877,6.864938,5.837484,1.459561,9.290962,3.608185,6.906050,7.986317,5.432920,8.335431,4.926421,3.067944,1.996263,5.929327,5.274731
2023-06-06,5.648437,4.141209,5.909955,4.187794,6.926110,5.819471,1.476972,9.330484,3.645179,6.942174,7.948799,5.514765,8.451692,4.889164,3.074048,2.001391,6.038041,5.286216
2023-06-07,5.692772,4.217686,6.001553,4.269534,7.050243,5.814896,1.489206,9.304988,3.747494,6.986198,7.925949,5.558257,8.475633,4.884888,3.067039,1.995627,6.175495,5.267938
2023-06-08,5.694834,4.228678,5.970992,4.249145,7.054948,5.838043,1.480303,9.354349,3.728600,7.037598,7.938232,5.550289,8.481491,4.925881,3.088870,2.008212,6.147079,5.299801
2023-06-09,5.686162,4.206540,5.927899,4.243648,7.028429,5.826841,1.473881,9.371711,3.702798,7.040575,7.937729,5.548870,8.497611,4.925550,3.097274,2.013560,6.100381,5.309311
2023-06-12,5.723430,4.203348,5.953903,4.243827,7.077423,5.833650,1.488793,9.574451,3.668762,7.097176,8.011183,5.510668,8.628595,4.917917,3.127677,2.029241,6.087402,5.357476
2023-06-13,5.780098,4.205343,6.094560,4.266418,7.175831,5.876757,1.506494,9.670694,3.696709,7.129303,8.071501,5.571314,8.727758,4.935226,3.150714,2.035869,6.156266,5.392798
2023-06-14,5.767526,4.209562,6.038374,4.276525,7.171171,5.901681,1.498955,9.694922,3.659372,7.115957,8.032246,5.526404,8.722239,4.946766,3.146938,2.033663,6.106856,5.399220
2023-06-15,5.835975,4.255817,6.103494,4.295980,7.273033,5.943767,1.518408,9.780490,3.704308,7.211661,8.163845,5.610292,8.812190,4.996252,3.177058,2.060201,6.194025,5.466157
2023-06-16,5.828965,4.264629,6.106090,4.291157,7.261746,5.954666,1.509481,9.740682,3.710709,7.159791,8.188034,5.598704,8.807108,5.014345,3.169132,2.055688,6.201931,5.447539
2023-06-20,5.777669,4.213421,6.048130,4.240265,7.224970,5.905215,1.491459,9.637112,3.630880,7.071310,8.150068,5.547239,8.781037,4.982151,3.154027,2.044637,6.115023,5.419276
2023-06-21,5.772563,4.244445,6.076117,4.220143,7.266584,5.931511,1.481855,9.515430,3.663978,7.049190,8.153150,5.536283,8.776637,5.000168,3.161347,2.034829,6.097654,5.391509
2023-06-22,5.748505,4.215302,6.049042,4.159950,7.216032,5.959021,1.469385,9.522805,3.607009,7.047826,8.189478,5.477248,8.775143,5.011789,3.162917,2.040017,6.013079,5.410970
2023-06-23,5.700645,4.148831,5.998334,4.105573,7.177100,5.921781,1.456461,9.403714,3.579645,7.002965,8.158969,5.436345,8.708045,4.977204,3.139100,2.026709,5.946816,5.370064
2023-06-26,5.733711,4.198080,6.060799,4.214718,7.240159,5.927045,1.467674,9.429739,3.643469,7.007452,8.139049,5.446601,8.716440,4.981958,3.138795,2.018506,6.047362,5.348123
2023-06-27,5.804741,4.210692,6.144293,4.271462,7.370603,5.950392,1.492227,9.619824,3.666885,7.127721,8.131614,5.501060,8.895558,4.989482,3.179716,2.033467,6.117477,5.406756
2023-06-28,5.793742,4.143131,6.098809,4.268220,7.371210,5.891850,1.488996,9.601896,3.703078,7.183747,8.134962,5.486529,8.905416,4.948456,3.180119,2.030396,6.120649,5.409483
2023-06-29,5.839158,4.149964,6.187507,4.320349,7.444971,5.890917,1.499241,9.663997,3.752566,7.171404,8.198524,5.562482,8.943630,4.969614,3.197578,2.042945,6.191434,5.430804
2023-06-30,5.894833,4.196694,6.244563,4.341362,7.505198,5.941010,1.514688,9.787609,3.773530,7.235798,8.286450,5.599566,9.062386,5.018095,3.237553,2.062975,6.208833,5.494891
2023-07-03,5.912696,4.230120,6.282215,4.388977,7.506056,5.993729,1.523266,9.793383,3.789926,7.280612,8.211987,5.639101,9.087224,5.024651,3.222933,2.067021,6.280019,5.501213
2023-07-05,5.884535,4.279794,6.146284,4.400397,7.449232,5.981556,1.508565,9.710667,3.768869,7.288112,8.209756,5.607108,9.022232,5.019372,3.213140,2.065475,6.240128,5.493032
2023-07-06,5.835426,4.239011,6.093362,4.380548,7.383482,5.963532,1.493243,9.648208,3.703790,7.222873,8.150221,5.558917,8.919092,4.998184,3.181391,2.045065,6.175666,5.450018
2023-07-07,5.849342,4.211499,6.171181,4.366724,7.410757,5.917444,1.510591,9.641709,3.814718,7.220603,8.091716,5.597381,8.956914,4.952811,3.174202,2.032667,6.238217,5.436258
2023-07-10,5.899481,4.192167,6.170383,4.386305,7.527587,5.901160,1.526707,9.798888,3.831764,7.199784,8.188893,5.617282,9.098938,4.961947,3.230095,2.036811,6.245284,5.450018
2023-07-11,5.962536,4.246612,6.252789,4.447720,7.623607,5.917967,1.552518,9.850297,3.930162,7.299108,8.213516,5.697634,9.177461,4.977899,3.235398,2.049287,6.372462,5.484726
2023-07-12,5.990733,4.307590,6.306348,4.461788,7.612914,5.920901,1.565991,9.910838,3.963960,7.335382,8.226475,5.726896,9.232901,4.976862,3.258181,2.063037,6.413540,5.528856
2023-07-13,6.020954,4.321121,6.355655,4.492909,7.608552,5.941811,1.574302,10.040839,3.977142,7.407667,8.244663,5.764413,9.244037,4.993115,3.277154,2.074866,6.462814,5.572738
2023-07-14,5.986897,4.301475,6.303940,4.487506,7.575687,5.952280,1.556731,9.965385,3.876971,7.321118,8.303095,5.685680,9.219059,4.999589,3.284874,2.076392,6.373761,5.569267
2023-07-17,5.999706,4.252428,6.305048,4.461780,7.610988,5.939353,1.562363,10.097044,3.869221,7.263872,8.272885,5.745875,9.213413,4.985830,3.309758,2.075279,6.331072,5.588605
2023-07-18,6.034717,4.227736,6.379786,4.440757,7.657253,5.934419,1.571998,10.142255,3.935931,7.357377,8.300503,5.834084,9.272547,4.974811,3.316848,2.087932,6.406754,5.630131
2023-07-19,6.066082,4.281036,6.366683,4.497415,7.661520,6.005325,1.590270,10.122500,3.952835,7.363183,8.343740,5.892603,9.280402,5.002505,3.306038,2.097252,6.519502,5.642651
2023-07-20,6.062149,4.353484,6.351582,4.489086,7.667387,6.055247,1.577902,9.940556,3.993588,7.285516,8.419648,5.946487,9.158576,5.066376,3.273144,2.095941,6.543527,5.605215
2023-07-21,6.074906,4.407124,6.336967,4.508448,7.642198,6.062902,1.578441,9.991092,4.028071,7.234243,8.483029,5.924719,9.186381,5.091054,3.272401,2.107098,6.536886,5.605215
2023-07-24,6.089134,4.391930,6.360455,4.535436,7.647995,6.085637,1.580222,9.990016,4.091598,7.231439,8.447143,5.973681,9.225999,5.102175,3.264085,2.117429,6.613359,5.630255
2023-07-25,6.094696,4.405607,6.457834,4.497005,7.647091,6.090361,1.571444,10.092071,4.113195,7.238460,8.449930,5.927866,9.259981,5.092614,3.284426,2.111586,6.575587,5.645626
2023-07-26,6.105679,4.411325,6.446181,4.513622,7.668280,6.097940,1.578609,10.032675,4.126033,7.284565,8.418395,5.988529,9.293529,5.080761,3.261486,2.112170,6.660745,5.646494
2023-07-27,6.053232,4.328663,6.387284,4.413670,7.624581,6.054747,1.559230,10.047463,4.090557,7.277885,8.335365,5.914504,9.238189,5.033048,3.237680,2.104357,6.605927,5.609058
2023-07-28,6.084790,4.326206,6.432542,4.419598,7.673090,6.112468,1.568441,10.115624,4.126972,7.334734,8.354798,5.934554,9.299199,5.040519,3.253136,2.121662,6.658859,5.663972
2023-07-31,6.101824,4.327521,6.477001,4.451871,7.704989,6.084855,1.573510,10.171731,4.184446,7.395942,8.300582,5.947198,9.340147,5.027112,3.262915,2.124086,6.688702,5.674757
2023-08-01,6.080954,4.276569,6.452132,4.441820,7.711789,6.047916,1.563202,10.203590,4.168879,7.360178,8.254974,5.931915,9.266242,5.015333,3.260325,2.117584,6.629271,5.658518
2023-08-02,6.023659,4.280759,6.369616,4.427758,7.616118,6.074181,1.529359,9.991440,4.103510,7.266427,8.261695,5.902059,9.156891,5.023076,3.202993,2.090534,6.572871,5.579804
2023-08-03,5.994542,4.190010,6.337587,4.380687,7.562597,6.062145,1.501825,10.012996,4.155330,7.262858,8.213239,5.911067,9.111312,4.989034,3.202738,2.087180,6.573162,5.563813
2023-08-04,5.965194,4.139392,6.331888,4.346629,7.531263,6.014837,1.498812,9.918345,4.156132,7.283617,8.178461,5.887699,9.092900,4.961105,3.184077,2.080494,6.532473,5.538649
2023-08-07,6.016610,4.142219,6.367084,4.398279,7.617761,6.046370,1.505275,10.011045,4.171181,7.377126,8.239582,5.956901,9.195951,5.000518,3.232640,2.101155,6.582350,5.586993
2023-08-08,5.984682,4.154130,6.271938,4.369192,7.574827,5.989444,1.502257,9.935431,4.200582,7.368530,8.227784,5.891179,9.147279,4.974802,3.201504,2.095916,6.556169,5.562697
2023-08-09,5.971382,4.162780,6.258423,4.374994,7.562456,6.003828,1.493797,9.903698,4.255872,7.319110,8.224617,5.845603,9.087312,4.989374,3.178594,2.082818,6.540418,5.525509
2023-08-10,5.964009,4.148720,6.232321,4.358479,7.539425,5.990685,1.494127,9.917334,4.245114,7.356380,8.216982,5.854424,9.044955,4.979818,3.173084,2.087103,6.536411,5.527493
2023-08-11,5.964471,4.166102,6.214680,4.360546,7.543534,5.999809,1.486504,9.854878,4.304087,7.374293,8.242585,5.872276,9.010952,5.001107,3.158199,2.087119,6.559019,5.524270
2023-08-14,5.966850,4.132776,6.237090,4.329192,7.549784,5.971909,1.487020,9.983035,4.277361,7.422747,8.260366,5.831705,9.028855,4.985874,3.189798,2.098160,6.497280,5.554764
2023-08-15,5.886528,4.062741,6.127406,4.276013,7.454912,5.900738,1.463443,9.852379,4.198980,7.343333,8.203809,5.718443,8.935378,4.939379,3.159629,2.074999,6.376791,5.490057
2023-08-16,5.846148,4.084700,6.091875,4.232779,7.408662,5.885007,1.450466,9.723106,4.168999,7.298431,8.108480,5.714476,8.862057,4.933921,3.122352,2.057776,6.331595,5.449770
2023-08-17,5.801604,4.070225,6.075070,4.204935,7.339942,5.838621,1.438981,9.639083,4.205574,7.214107,8.018086,5.688261,8.740875,4.904238,3.064400,2.047937,6.337710,5.408243
2023-08-18,5.808000,4.089931,6.083831,4.215589,7.362776,5.863199,1.440777,9.633552,4.241560,7.193938,7.998885,5.679032,8.753095,4.921555,3.074820,2.047367,6.352883,5.410846
2023-08-21,5.808930,4.071280,6.092401,4.176849,7.358433,5.817692,1.439064,9.765219,4.225119,7.201997,8.027295,5.666547,8.726394,4.900569,3.102018,2.053853,6.328140,5.446051
2023-08-22,5.788451,4.081934,6.091912,4.184534,7.348859,5.778591,1.429012,9.737611,4.187881,7.207977,8.012509,5.594852,8.724144,4.886839,3.106175,2.045339,6.270137,5.431300
2023-08-23,5.838108,4.099762,6.087411,4.253108,7.422503,5.805256,1.442905,9.877679,4.175299,7.291760,8.034055,5.659853,8.795245,4.914476,3.144635,2.063700,6.321511,5.491792
2023-08-24,5.780692,4.073343,6.050977,4.235860,7.337834,5.757299,1.422307,9.687001,4.151089,7.176538,7.975532,5.658398,8.669738,4.895258,3.085916,2.033324,6.296561,5.415681
2023-08-25,5.810490,4.105388,6.064869,4.241237,7.394275,5.788297,1.424473,9.788997,4.190520,7.200212,8.016894,5.662515,8.700614,4.929658,3.104291,2.051872,6.305203,5.453860
2023-08-28,5.852343,4.103031,6.107912,4.275375,7.455489,5.822976,1.437824,9.885805,4.214624,7.281912,8.061403,5.696946,8.767943,4.946195,3.127342,2.063307,6.368378,5.488445
2023-08-29,5.919528,4.119736,6.229558,4.320617,7.529516,5.849928,1.458708,10.031764,4.227477,7.420299,8.157249,5.755600,8.895990,4.962787,3.184625,2.087774,6.439679,5.567780
2023-08-30,5.936628,4.101482,6.242426,4.335710,7.569159,5.850668,1.462838,10.093090,4.242472,7.436806,8.174155,5.759391,8.942555,4.961989,3.201047,2.092065,6.447263,5.590712
2023-08-31,5.915308,4.061376,6.242212,4.307335,7.537828,5.798690,1.458126,10.146071,4.241825,7.444375,8.058845,5.754880,8.925623,4.928668,3.204671,2.088449,6.451682,5.582531
2023-09-01,5.937890,4.038050,6.319876,4.304179,7.581673,5.748100,1.469063,10.212467,4.327714,7.334127,8.072190,5.804084,8.963446,4.916195,3.221202,2.094980,6.496688,5.592943
2023-09-05,5.866320,3.971146,6.234245,4.267606,7.435413,5.691386,1.439962,10.180895,4.344709,7.293987,7.948559,5.738533,8.828824,4.865933,3.178548,2.084542,6.416788,5.568771
2023-09-06,5.846177,3.985906,6.197129,4.267787,7.412731,5.661102,1.426445,10.143803,4.325533,7.274943,7.929695,5.717091,8.795678,4.846988,3.185612,2.075398,6.367482,5.531335
2023-09-07,5.821321,4.036055,6.155570,4.278256,7.376743,5.672212,1.407965,10.006889,4.324194,7.250785,7.900941,5.701335,8.746748,4.878004,3.174920,2.077533,6.320269,5.514353
2023-09-08,5.822190,4.074621,6.160636,4.253832,7.337584,5.694341,1.404759,10.001131,4.365185,7.273526,7.854588,5.720863,8.782382,4.886844,3.171009,2.079793,6.360729,5.522658
2023-09-11,5.833500,4.079377,6.166448,4.250183,7.350434,5.721071,1.398432,9.999296,4.316658,7.366222,7.910311,5.747370,8.808681,4.901133,3.185517,2.094721,6.342786,5.558978
2023-09-12,5.824156,4.080889,6.150914,4.261377,7.318229,5.671260,1.401160,9.874209,4.414730,7.312081,7.871160,5.803292,8.787184,4.888459,3.152955,2.082484,6.415528,5.528484
2023-09-13,5.803391,4.127949,6.114040,4.211575,7.270345,5.663639,1.386038,9.877069,4.373450,7.292594,7.883506,5.773295,8.737337,4.897970,3.120827,2.087753,6.349206,5.534930
2023-09-14,5.870244,4.186871,6.210749,4.289525,7.336588,5.719514,1.409932,9.956223,4.421737,7.385725,7.915638,5.854775,8.858948,4.932168,3.155796,2.103526,6.465487,5.582655
2023-09-15,5.821450,4.169053,6.134010,4.274331,7.303737,5.674561,1.402056,9.793811,4.359021,7.334112,7.871725,5.819892,8.742782,4.899927,3.108870,2.081070,6.428808,5.515393
2023-09-18,5.809884,4.172123,6.100766,4.229997,7.301623,5.666465,1.386542,9.838196,4.385653,7.304653,7.838133,5.821898,8.703687,4.905920,3.112860,2.081527,6.373535,5.518628
2023-09-19,5.799730,4.150453,6.104577,4.214397,7.276003,5.645928,1.386510,9.827373,4.335763,7.297847,7.851081,5.828859,8.682591,4.904411,3.100557,2.076940,6.367277,5.507183
2023-09-20,5.777389,4.155849,6.059372,4.224164,7.242168,5.655807,1.381385,9.757035,4.291422,7.219731,7.834744,5.800402,8.651720,4.920160,3.073611,2.062203,6.343893,5.456553
2023-09-21,5.678769,4.105259,5.942337,4.083644,7.126176,5.585078,1.355204,9.585687,4.226229,7.160259,7.731789,5.708269,8.467037,4.870799,3.010018,2.029074,6.216503,5.366366
2023-09-22,5.656193,4.090309,5.932907,4.050867,7.110832,5.530589,1.341259,9.611850,4.230240,7.110794,7.708540,5.676065,8.421070,4.849717,3.005204,2.022198,6.175939,5.354299
2023-09-25,5.669822,4.084379,5.980023,4.045105,7.139835,5.509490,1.343328,9.627943,4.282642,7.105252,7.753804,5.691091,8.431843,4.834916,3.009455,2.026429,6.195339,5.376815
2023-09-26,5.589097,3.959264,5.891828,3.975427,7.028095,5.468388,1.318227,9.467023,4.245979,7.039466,7.696188,5.612743,8.340278,4.791763,2.973422,2.001067,6.093164,5.297823
2023-09-27,5.591037,3.915624,5.892254,3.948461,7.087802,5.408799,1.315659,9.517166,4.341061,7.065377,7.678508,5.592760,8.354657,4.752455,3.000641,2.001812,6.072786,5.299937
2023-09-28,5.630954,3.842960,5.967789,3.987506,7.126784,5.425238,1.325716,9.640306,4.362641,7.134606,7.733408,5.640812,8.463288,4.763839,3.032291,2.014363,6.113268,5.330664
2023-09-29,5.617196,3.858221,5.953077,3.996567,7.093265,5.422112,1.334849,9.635598,4.268859,7.126711,7.675829,5.612641,8.453760,4.734791,3.004240,2.011282,6.142679,5.317726
2023-10-02,5.555869,3.690406,5.854786,3.926018,7.021507,5.363369,1.314967,9.639412,4.167149,7.123031,7.647454,5.544435,8.414814,4.691076,2.991516,2.010763,6.008716,5.315612
2023-10-03,5.488139,3.729316,5.818010,3.848345,6.957381,5.323986,1.293504,9.500198,4.158606,7.018750,7.574057,5.446536,8.216626,4.670130,2.930121,1.988089,5.917602,5.244456
2023-10-04,5.524448,3.737910,5.874828,3.893878,6.999589,5.359024,1.305091,9.599084,4.026314,7.073281,7.616381,5.501075,8.298686,4.704581,2.954432,2.001379,5.933702,5.282646
2023-10-05,5.506553,3.723379,5.828802,3.915981,6.959365,5.247360,1.298496,9.567197,4.028111,7.067309,7.616037,5.528786,8.243228,4.676087,2.946842,1.995807,5.929835,5.280656
2023-10-06,5.552593,3.771609,5.895961,3.925697,7.043606,5.218353,1.307670,9.703763,4.074367,7.175792,7.666805,5.571829,8.280347,4.686084,2.999250,2.015008,5.937154,5.343352
2023-10-09,5.591970,3.819072,5.923975,3.980356,7.148823,5.215964,1.309931,9.735747,4.222214,7.261526,7.681021,5.584831,8.311921,4.721920,3.013989,2.026385,6.007526,5.377561
2023-10-10,5.636367,3.861332,5.991301,3.999169,7.197271,5.266722,1.327250,9.799587,4.230892,7.307842,7.751225,5.622837,8.378140,4.739150,3.041063,2.038044,6.074943,5.405551
2023-10-11,5.647204,3.920498,6.009130,4.072860,7.246684,5.221910,1.326904,9.863722,4.229600,7.341597,7.626234,5.638094,8.373690,4.724717,3.058392,2.039577,6.102291,5.427693
2023-10-12,5.570083,3.858287,5.926607,4.020282,7.166441,5.115779,1.293498,9.794381,4.231535,7.245012,7.485787,5.583849,8.224991,4.661629,3.024396,2.029406,5.999916,5.394604
2023-10-13,5.558509,3.892401,5.899166,4.009739,7.102120,5.171485,1.287890,9.651841,4.306831,7.205699,7.541128,5.582778,8.156646,4.695247,2.984615,2.026047,5.993892,5.367734
2023-10-16,5.629034,3.939616,5.957016,4.050933,7.184904,5.229964,1.312814,9.776226,4.352901,7.345993,7.598190,5.666736,8.272996,4.735188,3.020737,2.045963,6.075441,5.424210
2023-10-17,5.657576,3.934267,6.032454,4.050918,7.213526,5.271254,1.328494,9.781144,4.386705,7.372515,7.609825,5.726556,8.323947,4.746280,3.036568,2.048761,6.142834,5.423961
2023-10-18,5.566787,3.899866,5.861534,3.966490,7.000470,5.270273,1.298212,9.645812,4.411727,7.243819,7.547695,5.622880,8.172109,4.734142,2.966070,2.027751,6.034884,5.351687
2023-10-19,5.501350,3.862385,5.787434,3.877983,6.930352,5.238818,1.273963,9.520175,4.396670,7.266330,7.501462,5.540872,8.035504,4.700879,2.937074,2.011388,5.958673,5.304665
2023-10-20,5.432782,3.823723,5.708393,3.850717,6.861299,5.216331,1.248315,9.362513,4.320445,7.210422,7.464863,5.421687,7.946583,4.682717,2.896157,1.989133,5.861790,5.239480
2023-10-23,5.399336,3.793264,5.639323,3.816935,6.825958,5.190120,1.232838,9.309104,4.273415,7.219575,7.430845,5.380483,7.949347,4.657581,2.908082,1.978450,5.796086,5.230400
2023-10-24,5.435973,3.878081,5.704930,3.868077,6.845196,5.227458,1.235740,9.388548,4.225756,7.320289,7.434362,5.417829,8.025671,4.696430,2.925019,1.987831,5.868717,5.269833
2023-10-25,5.372101,3.888527,5.626683,3.785658,6.772508,5.260302,1.213927,9.149224,4.215832,7.087874,7.322920,5.404899,7.952117,4.724129,2.864506,1.957146,5.816429,5.194200
2023-10-26,5.363523,3.918970,5.644606,3.839538,6.776014,5.241770,1.207988,9.094100,4.195390,6.988810,7.230685,5.449362,7.902502,4.713109,2.831527,1.937186,5.847923,5.132001
2023-10-27,5.299256,3.848728,5.644261,3.769552,6.719044,5.159153,1.183527,9.083130,4.138925,6.898875,7.132753,5.347117,7.834253,4.654136,2.817290,1.923580,5.722112,5.108739
2023-10-30,5.340160,3.874612,5.662440,3.783548,6.797901,5.228729,1.189617,9.105340,4.137693,7.045747,7.112229,5.440019,7.921867,4.694324,2.832274,1.947113,5.770119,5.169818
2023-10-31,5.388970,3.904133,5.680501,3.850562,6.855896,5.255869,1.193154,9.225448,4.162974,7.107517,7.185594,5.496132,7.984321,4.731820,2.849279,1.958863,5.816831,5.202286
2023-11-01,5.406628,3.949740,5.681400,3.860509,6.910068,5.226605,1.167431,9.314039,4.167122,7.177319,7.217641,5.533692,7.993683,4.749740,2.902103,1.974654,5.808178,5.257767
2023-11-02,5.525321,4.024188,5.801132,3.982140,7.064848,5.317331,1.195142,9.517237,4.285986,7.333336,7.327248,5.679846,8.147721,4.816559,2.970093,2.008574,6.022536,5.358528
2023-11-03,5.617457,4.060366,5.887181,4.087568,7.153842,5.334011,1.227913,9.673503,4.255879,7.475689,7.475091,5.774601,8.373622,4.838540,3.013075,2.021411,6.165056,5.407417
2023-11-06,5.588752,4.047792,5.830197,4.029759,7.114603,5.332065,1.215905,9.654824,4.202951,7.419149,7.477947,5.742645,8.332130,4.836629,3.010285,2.023804,6.115130,5.419856
2023-11-07,5.580237,4.021270,5.740484,3.985105,7.105108,5.349309,1.217267,9.703270,4.094793,7.436062,7.480496,5.727049,8.382151,4.834029,3.012763,2.031865,6.066425,5.435281
2023-11-08,5.572726,3.995473,5.748821,4.011389,7.128458,5.322742,1.215459,9.744334,4.040619,7.367908,7.434644,5.719846,8.355725,4.829596,3.026798,2.030716,6.045789,5.439262
2023-11-09,5.522809,3.956394,5.702500,3.939107,7.100163,5.302833,1.198023,9.678721,4.023133,7.373606,7.289190,5.694360,8.261373,4.809892,3.009151,2.012713,5.946644,5.396843
2023-11-10,5.588707,3.975340,5.753466,3.986203,7.203592,5.322279,1.208891,9.898752,4.074598,7.451003,7.351316,5.754276,8.363106,4.839117,3.080622,2.036126,5.991150,5.481060
2023-11-13,5.579444,3.930088,5.753762,3.947505,7.208468,5.328738,1.200534,9.867784,4.099176,7.417338,7.391161,5.744288,8.351151,4.843487,3.087452,2.036754,5.941916,5.475835
2023-11-14,5.745229,4.090999,5.945591,4.170690,7.395051,5.422281,1.259613,10.149999,4.144349,7.549686,7.525438,5.889032,8.662862,4.891005,3.169883,2.067676,6.227890,5.582070
2023-11-15,5.773655,4.085474,5.980171,4.170456,7.409968,5.471256,1.279987,10.183832,4.141616,7.603322,7.577986,5.913290,8.724366,4.888108,3.163691,2.077167,6.319811,5.593888
2023-11-16,5.755933,4.107620,5.974492,4.152445,7.395671,5.427329,1.263649,10.156794,4.044838,7.620243,7.601848,5.925729,8.655858,4.904972,3.154910,2.076024,6.268327,5.600730
2023-11-17,5.781788,4.116602,5.985459,4.148144,7.447163,5.435278,1.269520,10.207026,4.124108,7.633241,7.598087,5.965095,8.710652,4.900583,3.174728,2.077815,6.310871,5.607696
2023-11-20,5.807046,4.102786,5.995195,4.178057,7.463140,5.429766,1.279914,10.312253,4.139565,7.706577,7.659330,5.976089,8.722625,4.900433,3.199921,2.091907,6.318791,5.650862
2023-11-21,5.796834,4.099482,5.999905,4.148694,7.447014,5.446457,1.271104,10.251024,4.129845,7.680988,7.711640,5.967329,8.695026,4.916519,3.184359,2.092972,6.267323,5.638546
2023-11-22,5.825107,4.127788,6.011688,4.165717,7.463376,5.494894,1.278464,10.294793,4.129195,7.741185,7.764480,5.993561,8.745028,4.947351,3.191815,2.103059,6.294738,5.660316
2023-11-24,5.843723,4.138699,6.032195,4.179378,7.490458,5.515277,1.280769,10.311637,4.148346,7.751778,7.803716,6.018090,8.764714,4.964403,3.198293,2.107727,6.318572,5.663799
2023-11-27,5.828437,4.143010,6.010572,4.191575,7.455151,5.484174,1.274729,10.310868,4.133810,7.724135,7.751521,6.002331,8.769871,4.947909,3.197123,2.102333,6.308097,5.653598
2023-11-28,5.826000,4.157813,6.037761,4.220084,7.427762,5.506185,1.278802,10.304165,4.127713,7.704142,7.707345,5.993411,8.759290,4.942410,3.177289,2.104338,6.348028,5.659196
2023-11-29,5.848505,4.122837,6.053300,4.241754,7.455053,5.465910,1.289801,10.425085,4.118922,7.692243,7.716444,6.048427,8.800637,4.920555,3.189515,2.105908,6.424185,5.655216
2023-11-30,5.896362,4.143397,6.099761,4.272738,7.537994,5.528551,1.297942,10.483008,4.152805,7.673587,7.785613,6.125282,8.854696,4.974293,3.210002,2.119260,6.460737,5.677483
2023-12-01,5.987422,4.204823,6.191290,4.387845,7.668902,5.580589,1.336048,10.587322,4.177663,7.727985,7.863017,6.206923,9.066686,5.003021,3.234914,2.126488,6.625002,5.711070
2023-12-04,5.989884,4.191389,6.098650,4.420676,7.690917,5.603222,1.343132,10.516788,4.151044,7.686153,7.885482,6.224009,9.097069,5.013659,3.208810,2.118068,6.651392,5.681090
2023-12-05,5.937454,4.159784,5.997882,4.395436,7.616760,5.559069,1.323108,10.458625,4.078996,7.598407,7.833545,6.179339,9.022916,4.985149,3.192230,2.114390,6.582564,5.679971
2023-12-06,5.942766,4.201924,5.999588,4.388349,7.663869,5.539158,1.336684,10.410956,3.995115,7.597400,7.861027,6.142913,9.101771,4.986593,3.172865,2.107731,6.580709,5.657081
2023-12-07,5.972214,4.198125,6.073615,4.399739,7.682675,5.579850,1.340695,10.526503,3.974572,7.697301,7.882454,6.164514,9.168511,4.977726,3.213740,2.119812,6.623701,5.700247
2023-12-08,5.990407,4.189832,6.088719,4.398315,7.709477,5.535667,1.346167,10.590342,4.018651,7.723680,7.894374,6.199926,9.216699,4.984505,3.240973,2.134588,6.645019,5.724753
2023-12-11,6.044719,4.216761,6.118081,4.409833,7.781268,5.585518,1.355928,10.786517,4.020423,7.729773,7.983607,6.243700,9.311227,5.023434,3.284129,2.147585,6.644581,5.747021
2023-12-12,6.056433,4.201821,6.102592,4.407453,7.820089,5.599157,1.350461,10.829073,3.963529,7.737552,8.040948,6.282101,9.313642,5.044111,3.302708,2.149729,6.599284,5.773268
2023-12-13,6.186619,4.352740,6.254891,4.580468,7.915615,5.707841,1.403236,10.958854,4.023919,7.854535,8.245400,6.409347,9.473743,5.115848,3.338807,2.171880,6.815227,5.852882
2023-12-14,6.270589,4.297820,6.379674,4.729496,8.042748,5.641279,1.458665,11.083238,4.138948,7.965481,8.299579,6.486603,9.637836,5.038594,3.353074,2.172116,7.055695,5.871666
2023-12-15,6.225560,4.230747,6.384391,4.659789,8.012565,5.601662,1.426610,11.114337,4.115439,7.938867,8.218381,6.439434,9.564346,4.956890,3.363471,2.159472,6.977874,5.861999
2023-12-18,6.231743,4.218379,6.391186,4.648041,8.018826,5.630880,1.421481,11.121570,4.155110,7.978613,8.227345,6.439701,9.592409,4.988556,3.376235,2.168510,6.947549,5.894973
2023-12-19,6.281370,4.244372,6.465914,4.676558,8.075328,5.668781,1.436540,11.163423,4.199769,8.059600,8.313841,6.493670,9.682437,4.972621,3.400732,2.171455,7.020657,5.930820
2023-12-20,6.172605,4.160767,6.351554,4.615159,7.950435,5.563558,1.396173,10.964866,4.166735,7.947474,8.192220,6.368955,9.514254,4.877996,3.340414,2.134709,6.897168,5.848635
2023-12-21,6.247956,4.172422,6.422559,4.660223,8.052767,5.601159,1.424486,11.121651,4.190793,8.008105,8.324141,6.433234,9.666912,4.905076,3.388333,2.153602,6.971305,5.904091
2023-12-22,6.266829,4.191109,6.471923,4.674488,8.090196,5.635760,1.422922,11.164867,4.199588,8.005019,8.362653,6.456029,9.633155,4.926120,3.389278,2.153111,6.994640,5.915956
2023-12-26,6.300258,4.221943,6.510707,4.715681,8.137550,5.661453,1.419379,11.250561,4.250245,8.056647,8.401948,6.488896,9.651006,4.917402,3.412422,2.151824,7.055227,5.940937
2023-12-27,6.306338,4.215779,6.517438,4.736364,8.148117,5.678843,1.414185,11.247617,4.225058,8.067223,8.427800,6.506915,9.660862,4.908588,3.415725,2.149086,7.058169,5.951678
2023-12-28,6.316532,4.247302,6.486891,4.769086,8.152093,5.696277,1.417728,11.254228,4.168315,8.103823,8.440614,6.531023,9.671472,4.922787,3.415118,2.149824,7.071457,5.953927
2023-12-29,6.292987,4.243830,6.451661,4.712456,8.134375,5.707875,1.400614,11.200842,4.158956,8.068269,8.430000,6.510953,9.646448,4.921796,3.403393,2.139797,7.020960,5.936690
2024-01-02,6.288670,4.302806,6.463284,4.757490,8.061334,5.784655,1.394633,10.958592,4.193057,8.067039,8.536997,6.536862,9.569901,4.955888,3.330765,2.130014,7.111651,5.903466
2024-01-03,6.199810,4.312555,6.394167,4.641946,7.911011,5.720676,1.353151,10.800192,4.258054,8.020481,8.406873,6.455199,9.388261,4.935984,3.281809,2.118154,7.011646,5.855254
2024-01-04,6.191879,4.298934,6.344152,4.631429,7.917015,5.708283,1.348952,10.746234,4.166252,7.983939,8.455891,6.485126,9.390698,4.933494,3.276913,2.113865,6.998972,5.836394
2024-01-05,6.214986,4.313739,6.351396,4.626880,7.938630,5.696080,1.379670,10.747210,4.170985,8.015348,8.460708,6.532820,9.445224,4.920327,3.287564,2.141436,7.049097,5.844388
2024-01-08,6.280926,4.342074,6.376436,4.690032,8.012193,5.730709,1.394892,10.990518,4.129041,8.112317,8.567683,6.569903,9.566758,4.951116,3.360615,2.154701,7.092894,5.927822
2024-01-09,6.247434,4.308761,6.284504,4.656326,7.992824,5.754322,1.388213,10.942800,4.066426,8.062033,8.546388,6.510162,9.510974,4.947844,3.362751,2.146642,7.036323,5.918829
2024-01-10,6.258735,4.303020,6.271312,4.666537,8.026729,5.717905,1.386063,11.010180,4.026157,8.065363,8.582699,6.524257,9.557303,4.945842,3.402687,2.154744,7.033159,5.952303
2024-01-11,6.242578,4.196763,6.244155,4.629493,8.012067,5.719130,1.382564,11.050083,4.026688,8.043798,8.562913,6.510651,9.561128,4.930620,3.424614,2.157117,6.976787,5.949680
2024-01-12,6.230793,4.220652,6.231455,4.661993,7.996748,5.731299,1.356957,11.060997,4.070973,8.069912,8.525475,6.492505,9.462911,4.952441,3.418135,2.153781,6.955066,5.953802
2024-01-16,6.189777,4.176289,6.157595,4.636353,7.922113,5.699027,1.344289,11.057728,3.975074,8.042450,8.466472,6.448372,9.457631,4.935041,3.425097,2.142036,6.871739,5.931944
2024-01-17,6.139064,4.119451,6.089019,4.546434,7.867171,5.685091,1.325169,10.966557,3.933338,7.965105,8.414351,6.433812,9.388582,4.929037,3.403506,2.127694,6.794635,5.898970
2024-01-18,6.174343,4.075989,6.107230,4.516942,7.981094,5.669140,1.339066,11.140824,3.932070,8.029043,8.449965,6.442928,9.473633,4.946888,3.456078,2.145314,6.760409,5.951428
2024-01-19,6.223694,4.073631,6.113183,4.568563,8.026788,5.641056,1.337568,11.356592,3.946427,8.128458,8.459444,6.570404,9.552752,4.956771,3.520894,2.171360,6.835733,6.025620
2024-01-22,6.254312,4.054209,6.150795,4.594777,8.106327,5.582243,1.353201,11.469827,3.968910,8.160460,8.494934,6.609137,9.562135,4.958020,3.542937,2.173755,6.874884,6.038360
2024-01-23,6.257874,4.059713,6.173272,4.572659,8.093589,5.644335,1.353865,11.508110,3.976052,8.245666,8.480280,6.602634,9.514763,4.979771,3.526943,2.180589,6.858803,6.055971
2024-01-24,6.222965,3.998639,6.089554,4.520113,8.032408,5.563987,1.339198,11.522760,4.013765,8.278223,8.387438,6.625826,9.462203,4.946456,3.541344,2.180166,6.822085,6.062591
2024-01-25,6.282719,4.075840,6.144710,4.572800,8.129866,5.627740,1.352348,11.586413,4.092225,8.403887,8.423483,6.656005,9.565438,4.992834,3.581716,2.188221,6.922719,6.095565
2024-01-26,6.284237,4.089831,6.146885,4.557899,8.117615,5.660978,1.356134,11.460472,4.124698,8.441157,8.452159,6.671517,9.588356,4.993743,3.544448,2.187385,6.935919,6.087821
2024-01-29,6.324882,4.113134,6.188179,4.581021,8.173746,5.692752,1.369762,11.567915,4.111563,8.489029,8.525483,6.681944,9.674546,5.007946,3.585148,2.203058,6.950876,6.136033
2024-01-30,6.327868,4.112336,6.214666,4.532595,8.181165,5.719507,1.360089,11.527683,4.147195,8.431856,8.531949,6.741117,9.686697,5.042112,3.579128,2.205595,6.937065,6.131287
2024-01-31,6.244505,4.102033,6.117895,4.487791,8.051000,5.668431,1.329450,11.318380,4.062734,8.304585,8.512893,6.644609,9.549059,5.003214,3.536344,2.176060,6.830950,6.031241
2024-02-01,6.320240,4.181706,6.236969,4.559180,8.187459,5.789985,1.353325,11.431590,4.060705,8.393535,8.613432,6.607333,9.718766,5.070703,3.594293,2.199076,6.879716,6.110178
2024-02-02,6.313763,4.112813,6.201373,4.504087,8.240249,5.769771,1.347634,11.483119,4.044575,8.371517,8.576602,6.642911,9.712299,5.049581,3.644296,2.215217,6.824735,6.174502
2024-02-05,6.256527,4.035981,6.047949,4.407503,8.172880,5.724293,1.327027,11.476291,4.028092,8.267434,8.559421,6.595545,9.601817,5.001910,3.634523,2.209078,6.710510,6.152020
2024-02-06,6.294198,4.046062,6.146993,4.466853,8.249567,5.736644,1.334561,11.437966,4.044023,8.275672,8.689689,6.612280,9.670143,5.016541,3.620387,2.211453,6.773501,6.169881
2024-02-07,6.321375,4.043700,6.205071,4.454578,8.334782,5.707830,1.339317,11.549974,4.055502,8.213931,8.671750,6.652279,9.767267,5.029401,3.666654,2.221456,6.770059,6.221340
2024-02-08,6.335388,4.015698,6.189179,4.474854,8.355671,5.700408,1.340969,11.650935,4.086573,8.306442,8.642533,6.626646,9.871789,5.027987,3.706708,2.225876,6.771229,6.224088
2024-02-09,6.346095,4.035619,6.200829,4.474048,8.381348,5.655689,1.342079,11.806656,4.043425,8.296323,8.630296,6.661016,9.814600,5.015684,3.718997,2.230855,6.759901,6.260060
2024-02-12,6.387408,4.080501,6.262694,4.471845,8.411090,5.713392,1.371238,11.762831,4.102958,8.346867,8.676642,6.713522,9.906948,5.028349,3.712452,2.234079,6.873706,6.257312
2024-02-13,6.278694,4.019664,6.144062,4.379942,8.303274,5.643700,1.327739,11.543689,4.061448,8.242102,8.549720,6.593480,9.725839,4.999942,3.642150,2.206582,6.705809,6.171130
2024-02-14,6.339115,4.041593,6.186479,4.415510,8.411106,5.629791,1.344103,11.727272,4.051881,8.324904,8.651652,6.661478,9.801924,5.007272,3.711687,2.226011,6.762152,6.227211
2024-02-15,6.414183,4.112779,6.302753,4.526591,8.462518,5.675757,1.368868,11.783218,4.171955,8.430340,8.718195,6.762703,9.869681,5.044986,3.726119,2.242429,6.885990,6.270177
2024-02-16,6.384816,4.110484,6.350216,4.484002,8.402095,5.691887,1.357431,11.672077,4.184351,8.333492,8.707641,6.736463,9.807209,5.039026,3.678472,2.228359,6.884007,6.238952
2024-02-20,6.362085,4.103691,6.298714,4.464194,8.371531,5.749264,1.338769,11.586988,4.138953,8.327014,8.700779,6.719169,9.786726,5.063787,3.644612,2.205335,6.866630,6.204604
2024-02-21,6.379391,4.159408,6.326630,4.501708,8.409115,5.768854,1.329945,11.508052,4.223960,8.300620,8.750417,6.721566,9.821885,5.095404,3.616816,2.203479,6.911208,6.210224
2024-02-22,6.446148,4.125610,6.399229,4.511332,8.522737,5.775502,1.337557,11.784679,4.223938,8.376069,8.855944,6.791317,9.966602,5.128921,3.733061,2.247744,6.911812,6.338748
2024-02-23,6.460171,4.151833,6.443254,4.510012,8.567213,5.791075,1.333272,11.796019,4.208306,8.334248,8.891246,6.809100,9.987773,5.145885,3.724397,2.244483,6.912157,6.343119
2024-02-26,6.429299,4.072381,6.415798,4.448555,8.558815,5.756518,1.322921,11.846775,4.214515,8.235436,8.828331,6.772739,9.955016,5.119456,3.741125,2.234564,6.816062,6.319888
2024-02-27,6.457960,4.141567,6.439474,4.459954,8.582290,5.772885,1.329237,11.845140,4.215454,8.293723,8.833654,6.815407,10.069482,5.116497,3.773722,2.232442,6.878573,6.331628
2024-02-28,6.461912,4.143431,6.439294,4.504122,8.616920,5.776517,1.325923,11.813988,4.197108,8.265815,8.793125,6.829702,10.115898,5.130768,3.759793,2.232325,6.893531,6.323260
2024-02-29,6.499278,4.152133,6.513469,4.552415,8.647078,5.822655,1.339240,11.952691,4.227825,8.355081,8.747568,6.842948,10.203098,5.117591,3.814945,2.240814,6.952585,6.345992
2024-03-01,6.535131,4.129968,6.562072,4.601438,8.678837,5.809492,1.343854,12.205136,4.277895,8.359319,8.839129,6.824399,10.190349,5.114379,3.888929,2.258603,6.953831,6.405570
2024-03-04,6.551162,4.207186,6.565754,4.651394,8.708307,5.790697,1.334683,12.252912,4.262881,8.240496,8.861518,6.868478,10.167082,5.125162,3.904489,2.256555,7.024252,6.398701
2024-03-05,6.519170,4.197658,6.475772,4.601010,8.644696,5.832192,1.333459,12.024614,4.299178,8.222222,8.799163,6.899589,10.136831,5.118460,3.843996,2.243013,7.041596,6.334751
2024-03-06,6.560535,4.240798,6.558639,4.623273,8.701359,5.861573,1.339083,12.160763,4.317234,8.235162,8.880198,6.920671,10.143575,5.154141,3.874589,2.254322,7.084730,6.366851
2024-03-07,6.611003,4.266203,6.646460,4.631578,8.777859,5.901058,1.348666,12.335102,4.353639,8.318640,8.976817,6.925611,10.187332,5.157869,3.925975,2.266836,7.113232,6.430051
2024-03-08,6.603743,4.276189,6.601101,4.686072,8.755213,5.911087,1.354468,12.160948,4.359290,8.330135,8.981801,6.932073,10.187119,5.155122,3.880093,2.251992,7.156898,6.391456
2024-03-11,6.616238,4.299237,6.679852,4.670766,8.708976,5.960332,1.358334,12.147780,4.389438,8.433869,8.985358,6.958833,10.207563,5.179963,3.837225,2.251315,7.192136,6.385961
2024-03-12,6.631978,4.256586,6.669675,4.646438,8.751101,5.974155,1.349885,12.302454,4.393583,8.442260,9.004304,6.972218,10.261145,5.193137,3.904903,2.277337,7.156183,6.454656
2024-03-13,6.633438,4.263884,6.746750,4.633822,8.769479,5.978062,1.349339,12.175016,4.458092,8.474920,8.954026,7.001457,10.303561,5.195005,3.885633,2.269073,7.182084,6.444539
2024-03-14,6.571506,4.224839,6.687622,4.562385,8.719984,5.913926,1.323418,12.046548,4.484324,8.418880,8.889389,6.931345,10.197502,5.167994,3.855629,2.261146,7.073539,6.431799
2024-03-15,6.560371,4.229836,6.717041,4.574068,8.722793,5.935066,1.321113,11.893174,4.499277,8.348957,8.880113,6.939443,10.163855,5.164196,3.816141,2.237069,7.088766,6.387635
2024-03-18,6.579249,4.250403,6.759037,4.574905,8.733260,5.968335,1.326244,11.925560,4.517285,8.457130,8.890074,6.957733,10.170792,5.179118,3.843337,2.253003,7.092737,6.425598
2024-03-19,6.618327,4.288455,6.744409,4.580355,8.799520,6.006279,1.332346,11.977715,4.578891,8.471598,8.947470,6.986106,10.283762,5.214944,3.872931,2.259551,7.148660,6.461305
2024-03-20,6.675870,4.288590,6.827741,4.619965,8.912337,6.004862,1.353189,12.107724,4.594469,8.549845,8.928172,7.081445,10.420232,5.223043,3.930627,2.276341,7.226399,6.521068
2024-03-21,6.723938,4.289008,6.849027,4.658278,9.011809,6.013170,1.369351,12.249843,4.625902,8.579398,8.947163,7.139313,10.495252,5.222530,3.990935,2.279532,7.291694,6.542618
2024-03-22,6.681510,4.293671,6.786421,4.590543,8.972071,5.992280,1.352905,12.205154,4.609798,8.550283,8.916448,7.059078,10.410998,5.205467,3.978214,2.269644,7.219274,6.530214
2024-03-25,6.663922,4.301263,6.768528,4.567596,8.912904,5.983964,1.347004,12.141470,4.643575,8.546771,8.894829,7.070959,10.361357,5.184762,3.960169,2.257590,7.241732,6.512173
2024-03-26,6.655259,4.257670,6.760850,4.543380,8.902904,6.001006,1.348338,12.141525,4.598615,8.527378,8.896902,7.075697,10.351229,5.178343,3.951984,2.259816,7.189554,6.500145
2024-03-27,6.764577,4.379176,6.913430,4.662672,9.036199,6.080230,1.382011,12.258068,4.651745,8.612181,9.032611,7.186051,10.513898,5.246727,3.967031,2.278215,7.378980,6.554771
2024-03-28,6.793894,4.419855,6.950730,4.701426,9.065134,6.102919,1.388208,12.285247,4.712583,8.625945,9.041409,7.237586,10.526405,5.257584,3.966157,2.281754,7.450949,6.553518
2024-04-01,6.751307,4.394820,6.937018,4.622025,8.984945,6.078911,1.368321,12.275313,4.751754,8.625190,8.969601,7.170918,10.477644,5.226302,3.970929,2.269505,7.391293,6.542117
2024-04-02,6.686346,4.400414,6.906797,4.572664,8.912426,6.066111,1.336855,12.142895,4.801206,8.582756,8.804522,7.117223,10.305789,5.210418,3.918981,2.251935,7.335821,6.500521
2024-04-03,6.690484,4.383532,6.965521,4.580061,8.950397,6.008518,1.331253,12.187382,4.850367,8.621667,8.806822,7.115017,10.269976,5.184867,3.955972,2.245422,7.334019,6.507662
2024-04-04,6.620744,4.372080,6.902526,4.545741,8.877206,5.985645,1.313967,11.999833,4.832336,8.498728,8.702452,7.038792,10.111828,5.148098,3.882659,2.218210,7.287677,6.428229
2024-04-05,6.665487,4.377767,6.957535,4.575615,8.973626,5.981964,1.314766,12.120846,4.882113,8.535923,8.768213,7.088090,10.172978,5.168862,3.955446,2.236957,7.306842,6.495384
2024-04-08,6.684038,4.411535,6.966840,4.633853,8.972770,5.961496,1.324649,12.141097,4.857672,8.554051,8.760923,7.135046,10.211079,5.162974,3.948396,2.236749,7.379072,6.499017
2024-04-09,6.714092,4.434179,6.992637,4.702167,8.970284,5.990013,1.347985,12.228565,4.853968,8.553818,8.847175,7.093761,10.242868,5.155090,3.927949,2.243084,7.454327,6.506535
2024-04-10,6.600928,4.349658,6.896838,4.516364,8.856706,5.953370,1.312841,12.017637,4.854697,8.436578,8.720705,6.964434,10.053052,5.116690,3.879223,2.221450,7.248726,6.441384
2024-04-11,6.592146,4.341945,6.886623,4.525817,8.863282,5.929277,1.302654,12.139024,4.848201,8.496079,8.688624,6.849746,10.082665,5.047519,3.928279,2.226966,7.231128,6.489996
2024-04-12,6.488048,4.309618,6.737716,4.474992,8.769374,5.830098,1.264904,11.864110,4.773251,8.349380,8.526827,6.806117,9.899498,5.027906,3.857968,2.191026,7.117606,6.400414
2024-04-15,6.428166,4.270338,6.704160,4.399304,8.706827,5.812917,1.244110,11.692945,4.721998,8.279824,8.488318,6.766354,9.790161,4.997168,3.797663,2.167768,7.054737,6.320229
2024-04-16,6.395908,4.214591,6.634311,4.327595,8.683087,5.812302,1.235537,11.715354,4.673793,8.220309,8.454075,6.729821,9.745518,4.993786,3.817068,2.163607,6.968842,6.308702
2024-04-17,6.380585,4.294024,6.650131,4.321714,8.651556,5.837537,1.231784,11.569480,4.646678,8.222448,8.385857,6.737057,9.720938,5.017667,3.768859,2.156445,6.987742,6.271366
2024-04-18,6.375343,4.319237,6.646334,4.331487,8.619431,5.875841,1.228860,11.462410,4.634820,8.227859,8.358089,6.775525,9.721259,5.039276,3.735842,2.152144,7.021377,6.258461
2024-04-19,6.391055,4.386287,6.641665,4.359240,8.625792,5.937707,1.231861,11.269889,4.685719,8.194930,8.394964,6.876618,9.709633,5.099532,3.634874,2.148041,7.117918,6.203835
2024-04-22,6.441689,4.426611,6.646513,4.402580,8.689416,5.984370,1.240836,11.379375,4.713712,8.197869,8.443189,6.958715,9.786976,5.134613,3.671982,2.159739,7.181865,6.260967
2024-04-23,6.499264,4.441926,6.604999,4.443357,8.793077,6.001748,1.247732,11.545363,4.738080,8.303639,8.584216,6.975992,9.896224,5.176525,3.762921,2.180490,7.226456,6.335264
2024-04-24,6.508654,4.470808,6.605833,4.471201,8.735752,6.030368,1.243601,11.576702,4.748186,8.297567,8.585595,6.991090,9.964262,5.185199,3.758705,2.184937,7.267758,6.332257
2024-04-25,6.491065,4.475709,6.661482,4.443205,8.750698,6.000165,1.234212,11.631185,4.778341,8.152528,8.498133,6.930833,9.949544,5.185952,3.754770,2.171100,7.212803,6.308201
2024-04-26,6.501508,4.428589,6.704340,4.448560,8.764455,5.982320,1.239605,11.711471,4.752172,8.262360,8.522616,6.905014,9.999849,5.158790,3.807714,2.184644,7.213615,6.367964
2024-04-29,6.548287,4.492443,6.770271,4.502222,8.822671,6.011694,1.255953,11.780526,4.779569,8.245167,8.593314,6.915837,10.090690,5.181887,3.818629,2.194692,7.275736,6.390517
2024-04-30,6.452293,4.476330,6.638455,4.430036,8.674688,5.958931,1.233678,11.602444,4.622327,8.081627,8.502668,6.853438,9.888050,5.145920,3.753530,2.167165,7.178119,6.289283
2024-05-01,6.430943,4.523528,6.652530,4.428511,8.638028,5.881231,1.229440,11.449980,4.533084,8.131339,8.531036,6.895451,9.788283,5.128197,3.719031,2.158540,7.219029,6.268860
2024-05-02,6.467391,4.551406,6.666322,4.484885,8.694132,5.928566,1.218560,11.575425,4.559136,8.192563,8.550376,6.910728,9.869214,5.123829,3.772549,2.169554,7.256745,6.327496
2024-05-03,6.513969,4.579796,6.727282,4.516721,8.775540,5.940490,1.226207,11.732014,4.566813,8.306111,8.584769,6.946119,9.923071,5.140985,3.823586,2.182706,7.300369,6.405927
2024-05-06,6.565213,4.596260,6.769122,4.532626,8.869665,5.916967,1.237117,11.891019,4.606866,8.388464,8.603501,7.037057,10.001300,5.162198,3.904730,2.201713,7.338612,6.472080
2024-05-07,6.585070,4.637209,6.854596,4.562878,8.865230,5.984979,1.239994,11.895691,4.609178,8.357170,8.673989,7.043584,9.969417,5.200431,3.877680,2.202405,7.359984,6.479221
2024-05-08,6.578890,4.669772,6.818495,4.520903,8.883343,5.975209,1.229706,11.917453,4.600375,8.356382,8.626355,7.067159,9.947573,5.204359,3.890749,2.200618,7.364052,6.479848
2024-05-09,6.635445,4.737125,6.909650,4.604840,8.970529,6.019881,1.232226,11.916116,4.647993,8.408714,8.737177,7.118526,10.040261,5.235616,3.925060,2.208316,7.437458,6.517184
2024-05-10,6.648853,4.734553,6.903345,4.597280,8.991749,6.063292,1.234376,11.977030,4.609224,8.458924,8.771513,7.142559,10.013733,5.252666,3.932548,2.219269,7.442985,6.525579
2024-05-13,6.645966,4.732437,6.896000,4.608267,8.952724,6.050349,1.242544,12.012113,4.605992,8.484451,8.768330,7.108582,10.016432,5.240396,3.903954,2.212680,7.473943,6.526456
2024-05-14,6.674915,4.735365,6.917117,4.642117,8.965661,6.029410,1.250000,12.111926,4.621314,8.517571,8.827138,7.157884,10.039728,5.235201,3.931813,2.219861,7.522296,6.556400
2024-05-15,6.730076,4.792335,6.921076,4.709880,9.015830,6.003323,1.257281,12.366896,4.631907,8.527007,8.931010,7.192690,10.093967,5.253374,4.016263,2.248350,7.558881,6.637587
2024-05-16,6.720434,4.795363,6.882590,4.689070,8.952296,6.076364,1.251410,12.344763,4.628572,8.541645,8.925532,7.194695,10.067054,5.288268,3.954827,2.246825,7.557283,6.623931
2024-05-17,6.729133,4.799664,6.932954,4.688034,8.962144,6.039459,1.246677,12.322316,4.693899,8.544153,8.939460,7.241946,10.076660,5.299520,3.959916,2.251250,7.565948,6.633453
2024-05-20,6.723035,4.790474,6.948911,4.652605,8.987387,5.985317,1.239455,12.451427,4.681172,8.604308,8.918084,7.171688,10.081291,5.264552,3.991668,2.247816,7.526247,6.641096
2024-05-21,6.715184,4.825581,6.934340,4.653357,8.948591,6.006143,1.228416,12.423606,4.664152,8.592021,8.885413,7.194856,10.071736,5.273253,3.997476,2.249139,7.524223,6.657383
2024-05-22,6.690333,4.762128,6.875157,4.620604,8.945058,5.970104,1.221059,12.525136,4.579055,8.572453,8.889467,7.162132,9.953560,5.283042,3.962628,2.241366,7.466607,6.638214
2024-05-23,6.590016,4.663941,6.798268,4.522396,8.836415,5.892983,1.186640,12.390906,4.531364,8.453000,8.752158,7.032687,9.844308,5.219770,3.937292,2.208423,7.339433,6.589727
2024-05-24,6.635368,4.694063,6.856828,4.524379,8.912251,5.898681,1.196568,12.470213,4.541502,8.565852,8.775158,7.088125,9.994896,5.231298,4.007738,2.219969,7.372139,6.633328
2024-05-28,6.583688,4.671279,6.848797,4.483382,8.789196,5.838366,1.183314,12.415468,4.589662,8.572295,8.665154,7.006970,9.956637,5.163408,4.008376,2.211191,7.307974,6.637963
2024-05-29,6.508963,4.618683,6.730696,4.436814,8.659707,5.788411,1.167134,12.271531,4.491574,8.524520,8.603375,6.933286,9.864172,5.127419,3.963574,2.201940,7.216743,6.591481
2024-05-30,6.536392,4.682134,6.778140,4.502446,8.731918,5.774070,1.170462,12.143930,4.512357,8.586835,8.598544,6.983747,9.984258,5.163037,3.959632,2.181307,7.314647,6.547755
2024-05-31,6.627008,4.780374,6.862795,4.590520,8.843209,5.897986,1.189142,12.193526,4.610310,8.715295,8.696672,7.085706,10.130046,5.244856,3.966011,2.206065,7.470950,6.607393
2024-06-03,6.592806,4.727473,6.810181,4.585690,8.734994,5.893291,1.182336,12.147729,4.489167,8.706984,8.728400,7.029313,10.149982,5.233911,3.934027,2.199363,7.440830,6.612780
2024-06-04,6.577464,4.737173,6.717824,4.615755,8.687193,5.902695,1.174750,12.124272,4.457051,8.729477,8.722235,6.994861,10.141362,5.261824,3.913766,2.212792,7.444323,6.620172
2024-06-05,6.617446,4.709728,6.741364,4.612884,8.787658,5.849492,1.179180,12.378607,4.461861,8.797642,8.788998,7.006696,10.201598,5.268722,4.003324,2.223650,7.430508,6.698854
2024-06-06,6.603632,4.655460,6.752135,4.619356,8.696821,5.864589,1.181058,12.347299,4.480894,8.779994,8.798000,6.997724,10.197025,5.270137,3.962212,2.224027,7.415438,6.698729
2024-06-07,6.583060,4.610586,6.671219,4.585759,8.693449,5.836222,1.170978,12.331428,4.467221,8.706141,8.786766,7.011267,10.172780,5.266746,3.956359,2.224580,7.389351,6.690585
2024-06-10,6.598859,4.654801,6.668203,4.602115,8.737335,5.808722,1.169161,12.430604,4.518795,8.685422,8.785407,6.988380,10.194848,5.268072,4.005215,2.225198,7.377542,6.711258
2024-06-11,6.576604,4.656038,6.638494,4.582091,8.682802,5.799349,1.173021,12.468340,4.518813,8.672235,8.750995,6.899016,10.155663,5.251765,4.000300,2.221500,7.351401,6.727420
2024-06-12,6.611420,4.627269,6.648393,4.625296,8.787487,5.729723,1.174736,12.680143,4.482888,8.636814,8.779442,6.946717,10.229899,5.237074,4.061577,2.227378,7.372274,6.782673
2024-06-13,6.594885,4.627260,6.614319,4.650740,8.745269,5.723538,1.168850,12.696457,4.437078,8.554664,8.756409,6.908702,10.226305,5.242772,4.080700,2.224996,7.354279,6.796329
2024-06-14,6.552486,4.614924,6.548790,4.651802,8.635693,5.717930,1.154363,12.648650,4.389425,8.568636,8.724263,6.860296,10.119260,5.234217,4.042350,2.228863,7.327359,6.800464
2024-06-17,6.597929,4.567061,6.593334,4.632912,8.724557,5.798359,1.157123,12.797358,4.419453,8.607020,8.705158,6.941486,10.276639,5.278353,4.094999,2.241561,7.335006,6.854589
2024-06-18,6.614598,4.580313,6.593125,4.657619,8.774166,5.780888,1.153060,12.887900,4.434828,8.595410,8.707271,6.985205,10.241962,5.298055,4.130497,2.252954,7.365642,6.872004
2024-06-20,6.620900,4.610468,6.577746,4.648941,8.763298,5.779081,1.151233,12.796703,4.500365,8.619765,8.740863,7.034017,10.244597,5.312964,4.091111,2.258631,7.404556,6.853336
2024-06-21,6.632912,4.580650,6.591920,4.665679,8.748530,5.799597,1.159014,12.836252,4.470378,8.711640,8.773949,7.035141,10.292979,5.316482,4.075889,2.261488,7.421824,6.844148
2024-06-24,6.665686,4.643710,6.644656,4.698531,8.803801,5.866746,1.161319,12.716002,4.593776,8.727626,8.773380,7.105586,10.340588,5.359247,4.063644,2.259579,7.520435,6.821900
2024-06-25,6.618347,4.594677,6.550006,4.633968,8.707859,5.807625,1.141059,12.778290,4.604667,8.785299,8.717740,7.036213,10.259825,5.318092,4.096771,2.259606,7.428402,6.848170
2024-06-26,6.595239,4.579011,6.587948,4.618979,8.694661,5.780441,1.141713,12.701792,4.553567,8.779154,8.688970,6.992992,10.231335,5.293551,4.075456,2.261107,7.397574,6.856717
2024-06-27,6.604057,4.591569,6.562109,4.659656,8.700961,5.775247,1.142029,12.757044,4.561468,8.811624,8.676844,7.000341,10.224225,5.284097,4.085823,2.264938,7.407630,6.867527
2024-06-28,6.608414,4.556003,6.574034,4.699114,8.694465,5.759589,1.145655,12.796714,4.592070,8.803214,8.645354,7.042638,10.183609,5.264352,4.075786,2.261911,7.468547,6.840503
2024-07-01,6.555284,4.523847,6.490001,4.650046,8.582480,5.729890,1.120744,12.771439,4.597870,8.748253,8.562011,7.045274,10.026130,5.238268,4.070799,2.258444,7.423068,6.854580
2024-07-02,6.582000,4.538993,6.490687,4.670370,8.636159,5.756670,1.123595,12.872314,4.593911,8.815310,8.543027,7.102414,10.031682,5.264802,4.088036,2.273009,7.439891,6.900710
2024-07-03,6.587900,4.558052,6.525129,4.662710,8.672058,5.731604,1.130547,12.921960,4.618387,8.806627,8.509888,7.080344,10.035863,5.259781,4.122889,2.282875,7.431915,6.931505
2024-07-05,6.582619,4.560329,6.513619,4.669781,8.631129,5.769765,1.125236,12.952601,4.543353,8.861211,8.548427,7.039173,10.027258,5.275161,4.104091,2.296796,7.394955,6.971475
2024-07-08,6.596027,4.565075,6.526141,4.680492,8.653848,5.771414,1.129773,13.044462,4.521358,8.796210,8.542791,7.047426,10.071647,5.268036,4.136242,2.292115,7.428078,6.979520
2024-07-09,6.582996,4.578210,6.452437,4.682480,8.612175,5.740141,1.123118,12.990359,4.486482,8.836154,8.542486,7.092243,10.028744,5.260962,4.135914,2.290811,7.442515,6.986307
2024-07-10,6.642635,4.618398,6.545574,4.717476,8.706284,5.769909,1.137576,13.133265,4.502636,8.862162,8.614245,7.162845,10.098726,5.298796,4.169141,2.310656,7.508461,7.055439
2024-07-11,6.722083,4.709086,6.667057,4.836528,8.841637,5.811093,1.164831,13.064584,4.562362,8.841446,8.747299,7.255071,10.227330,5.334582,4.159834,2.294438,7.652227,6.994603
2024-07-12,6.777557,4.743779,6.706987,4.873071,8.914181,5.848092,1.184993,13.222447,4.579927,8.864179,8.780884,7.293456,10.366800,5.367093,4.185256,2.307693,7.714165,7.038722
2024-07-15,6.783223,4.634871,6.700808,4.898054,8.968798,5.801154,1.187209,13.281844,4.654079,8.905965,8.711932,7.380179,10.307742,5.361057,4.195215,2.317733,7.744448,7.058078
2024-07-16,6.902060,4.681697,6.846088,4.959827,9.231599,5.863996,1.226344,13.413696,4.664907,9.008511,8.897059,7.467094,10.569017,5.414165,4.236231,2.340443,7.865583,7.099934
2024-07-17,6.874812,4.699434,6.819409,5.002994,9.113183,5.954931,1.227065,13.029906,4.697519,8.948833,8.945782,7.515680,10.448385,5.462490,4.090759,2.324650,7.990008,7.000385
2024-07-18,6.814191,4.692834,6.748790,4.960947,9.048600,5.919706,1.204851,12.925868,4.695445,8.912548,8.804690,7.449533,10.342739,5.436619,4.064070,2.299707,7.925396,6.946588
2024-07-19,6.767333,4.694843,6.683271,4.948758,8.991222,5.888380,1.183277,12.750291,4.670620,8.876871,8.813053,7.366254,10.300234,5.397602,4.030951,2.279110,7.899590,6.900459
2024-07-22,6.826007,4.736056,6.703852,4.996466,9.098094,5.879613,1.190116,12.989444,4.647007,8.845772,8.886738,7.433751,10.385644,5.428870,4.096207,2.298728,7.925955,6.971601
2024-07-23,6.803295,4.709558,6.691109,4.985671,9.067061,5.839496,1.189334,12.915978,4.581464,8.838946,8.864856,7.465796,10.318828,5.400556,4.095191,2.296630,7.862142,6.960666
2024-07-24,6.720050,4.746494,6.601133,4.909524,8.872707,5.853837,1.165287,12.562369,4.552630,8.698729,8.942535,7.388360,10.103744,5.372109,3.965626,2.259976,7.849805,6.802920
2024-07-25,6.725244,4.722276,6.649739,4.892979,8.982129,5.880869,1.176236,12.484942,4.610133,8.622972,8.883130,7.457317,9.975546,5.364682,3.939452,2.259671,7.872354,6.767475
2024-07-26,6.823846,4.769540,6.755710,4.987751,9.163590,5.945050,1.209989,12.673531,4.642553,8.802214,8.934645,7.557906,10.112750,5.429189,3.991238,2.283458,8.027983,6.843268
2024-07-29,6.834296,4.790576,6.771877,5.014724,9.145201,5.937005,1.210382,12.667220,4.612257,8.882740,8.985633,7.530255,10.214573,5.443248,3.983316,2.281909,8.014265,6.847290
2024-07-30,6.860129,4.817294,6.769154,5.047437,9.200587,5.936233,1.220279,12.510354,4.673783,8.919680,9.060435,7.628436,10.237529,5.457880,3.938890,2.269376,8.077187,6.812599
2024-07-31,6.899243,4.866451,6.861866,5.020404,9.268423,5.919869,1.231561,12.818295,4.695095,8.994017,9.029274,7.602313,10.265539,5.453391,4.058570,2.292273,8.043534,6.923335
2024-08-01,6.823605,4.949612,6.795538,5.083504,9.095981,5.941934,1.213509,12.403847,4.593486,8.927403,9.069746,7.492142,10.071150,5.491765,3.949041,2.266985,8.011179,6.825294
2024-08-02,6.697812,4.938794,6.600412,5.083474,8.889408,5.979523,1.184561,12.019994,4.423500,8.774212,9.008570,7.306732,9.834124,5.498822,3.801910,2.226576,7.904501,6.698217
2024-08-05,6.534998,4.799367,6.465273,4.950187,8.722663,5.859614,1.144803,11.737141,4.323747,8.519613,8.777543,7.109046,9.606920,5.374590,3.732013,2.162833,7.703412,6.503141
2024-08-06,6.607812,4.842947,6.482131,5.070015,8.791323,5.907934,1.155645,11.904529,4.377414,8.596157,8.828375,7.191862,9.762988,5.414918,3.820699,2.185699,7.838400,6.563097
2024-08-07,6.555262,4.865854,6.389775,5.029509,8.751427,5.899797,1.144885,11.761188,4.387719,8.555339,8.679544,7.178030,9.591029,5.424310,3.781483,2.172808,7.804844,6.519230
2024-08-08,6.687272,4.890889,6.510814,5.074746,8.955658,5.918977,1.169985,12.179664,4.501565,8.679838,8.864621,7.298075,9.803739,5.478275,3.933509,2.228177,7.918661,6.669936
2024-08-09,6.699905,4.907989,6.511806,5.098598,8.959867,5.913984,1.166475,12.226555,4.497386,8.772470,8.849166,7.335599,9.820332,5.483436,3.963450,2.235064,7.926928,6.699349
2024-08-12,6.667184,4.916156,6.460042,5.060666,8.906905,5.861395,1.147364,12.223485,4.539637,8.688577,8.800675,7.293689,9.773125,5.463276,3.983736,2.228435,7.882795,6.702868
2024-08-13,6.749828,4.946019,6.525578,5.097678,9.011960,5.905918,1.171378,12.502011,4.485851,8.789769,8.915104,7.357239,9.949178,5.483023,4.057472,2.261744,7.949216,6.813101
2024-08-14,6.762839,4.949957,6.489941,5.109252,9.035324,5.931247,1.165114,12.515190,4.509424,8.770137,8.900035,7.455289,9.923672,5.513359,4.085192,2.266481,7.965366,6.834595
2024-08-15,6.859354,4.955195,6.611370,5.105389,9.168491,5.977696,1.190426,12.833218,4.568983,8.834039,9.010014,7.519667,10.172133,5.544118,4.174043,2.305395,8.030207,6.951742
2024-08-16,6.875314,4.969802,6.620470,5.107180,9.160653,6.004084,1.190725,12.843959,4.564962,8.899056,9.048132,7.574112,10.180239,5.563122,4.165940,2.308461,8.057436,6.967328
2024-08-19,6.930640,5.000280,6.654634,5.141931,9.225710,6.030364,1.205444,12.965767,4.601304,9.013858,9.118236,7.625242,10.291016,5.590014,4.208151,2.331989,8.122575,7.033945
2024-08-20,6.901012,4.989756,6.622914,5.142962,9.195326,6.031006,1.195289,12.921250,4.481282,9.006625,9.071121,7.594769,10.255430,5.595397,4.179048,2.331951,8.085168,7.022507
2024-08-21,6.954718,5.026888,6.717127,5.173065,9.271151,6.082066,1.211110,13.076739,4.491432,9.039775,9.106723,7.585193,10.420629,5.618921,4.215042,2.341250,8.102896,7.046640
2024-08-22,6.932378,5.033875,6.692421,5.200532,9.256718,6.068525,1.204668,12.866632,4.494146,8.976243,9.084312,7.630676,10.347691,5.620262,4.172459,2.326633,8.120503,6.991335
2024-08-23,7.022343,5.050537,6.800921,5.301618,9.385739,6.097997,1.229990,13.027714,4.568411,9.090765,9.156052,7.724935,10.548694,5.641348,4.224514,2.342524,8.252552,7.065620
2024-08-26,7.016538,5.077222,6.825253,5.301408,9.367939,6.130752,1.223350,12.924218,4.595607,9.133367,9.128841,7.746151,10.517569,5.656845,4.177471,2.338122,8.282803,7.048777
2024-08-27,7.018234,5.041538,6.802077,5.310498,9.350987,6.119445,1.218818,12.983446,4.552986,9.131645,9.157691,7.760486,10.551575,5.669929,4.191679,2.340156,8.259583,7.058456
2024-08-28,6.992534,5.037492,6.764538,5.301106,9.346458,6.105534,1.207941,12.820226,4.529772,9.071887,9.164321,7.782698,10.473562,5.680693,4.140643,2.320564,8.260756,7.017479
2024-08-29,7.017076,5.065371,6.833880,5.288831,9.405989,6.011188,1.208260,12.866053,4.587574,9.030300,9.238037,7.836573,10.504325,5.694672,4.145467,2.321918,8.295738,7.018108
2024-08-30,7.074544,5.100056,6.890969,5.338908,9.516941,6.057236,1.209759,13.044450,4.603486,9.107728,9.276202,7.901998,10.558934,5.737946,4.201889,2.343078,8.362028,7.085103
2024-09-03,6.975940,5.087534,6.681315,5.342172,9.314835,6.122001,1.192442,12.585283,4.483641,8.927600,9.235009,7.850223,10.426057,5.755199,4.057443,2.311761,8.298899,6.939298
2024-09-04,6.968975,5.124374,6.647681,5.344366,9.315017,6.102340,1.190540,12.594416,4.421260,8.881017,9.206162,7.850072,10.429015,5.777027,4.061292,2.313568,8.283506,6.925094
2024-09-05,6.926734,5.111705,6.585480,5.328201,9.198709,6.103145,1.187447,12.509181,4.397593,8.897336,9.118629,7.787288,10.416872,5.737910,4.023071,2.300989,8.242910,6.908252
2024-09-06,6.843677,5.055493,6.491350,5.315529,9.115182,6.092727,1.172146,12.234495,4.332053,8.755026,9.053867,7.655075,10.309720,5.692262,3.934398,2.262151,8.152684,6.791985
2024-09-09,6.913134,5.106766,6.542131,5.368345,9.251897,6.126964,1.174373,12.407593,4.326395,8.811307,9.122708,7.761869,10.409931,5.754159,4.001525,2.290341,8.230739,6.868030
2024-09-10,6.915858,5.127595,6.524839,5.448973,9.266756,6.086632,1.173133,12.474771,4.273031,8.798463,9.178216,7.702711,10.370435,5.757908,4.001778,2.308136,8.206829,6.897945
2024-09-11,6.930732,5.154368,6.580012,5.449761,9.287930,6.021441,1.168781,12.709051,4.232625,8.802443,9.168229,7.657016,10.428934,5.713956,4.067905,2.323174,8.187300,6.968710
2024-09-12,6.969220,5.165173,6.637020,5.472669,9.366938,6.064475,1.171027,12.727017,4.263839,8.961724,9.182983,7.688863,10.550134,5.735314,4.111169,2.334439,8.225987,7.027409
2024-09-13,7.038940,5.243458,6.709340,5.527742,9.445455,6.121260,1.195216,12.846830,4.289551,9.093007,9.241611,7.745824,10.678050,5.764341,4.165305,2.347101,8.294999,7.064112
2024-09-16,7.085562,5.293680,6.737934,5.542432,9.507245,6.150922,1.196393,12.857663,4.338821,9.175649,9.322612,7.847547,10.755731,5.804658,4.177455,2.354554,8.385855,7.074544
2024-09-17,7.100229,5.289966,6.784357,5.494000,9.561487,6.129082,1.206419,12.886320,4.406652,9.178955,9.266882,7.882892,10.811645,5.772456,4.188321,2.348110,8.392195,7.077435
2024-09-18,7.086025,5.255806,6.767188,5.492471,9.558407,6.117846,1.204784,12.803238,4.408758,9.172565,9.268055,7.878182,10.787917,5.721126,4.182230,2.334047,8.388287,7.056444
2024-09-19,7.165576,5.229364,6.903815,5.483896,9.730731,6.094079,1.207103,13.122218,4.468836,9.234518,9.321923,7.991891,10.933193,5.725294,4.260941,2.359316,8.435877,7.176859
2024-09-20,7.152671,5.355103,6.828404,5.467687,9.651610,6.073500,1.237560,13.085687,4.450228,9.204979,9.246337,7.965018,10.878913,5.729583,4.312031,2.404880,8.405618,7.164453
2024-09-23,7.184883,5.401877,6.884244,5.531874,9.718112,6.105045,1.233277,13.145242,4.509571,9.222969,9.234662,7.970253,10.941527,5.756267,4.336828,2.398143,8.441402,7.182356
2024-09-24,7.211610,5.365476,6.993191,5.527330,9.767999,6.097298,1.284478,13.195254,4.495691,9.281295,9.205524,7.928846,11.057961,5.737836,4.331656,2.443451,8.467981,7.202907
2024-09-25,7.160719,5.388767,6.930835,5.496397,9.713971,6.061901,1.255695,13.156439,4.418704,9.220691,9.096743,7.881445,10.981846,5.727433,4.329977,2.423218,8.394769,7.187021
2024-09-26,7.225319,5.369167,7.102704,5.439403,9.806536,6.119384,1.282377,13.408015,4.307967,9.277715,9.187665,7.927041,11.168295,5.734994,4.338953,2.437177,8.390879,7.215515
2024-09-27,7.250293,5.423441,7.109080,5.450630,9.837118,6.154274,1.284890,13.344930,4.391762,9.346964,9.223914,7.941307,11.247670,5.757397,4.325674,2.432849,8.451936,7.205050
2024-09-30,7.259343,5.449634,7.072279,5.492325,9.883805,6.142024,1.272128,13.345628,4.414354,9.378765,9.266556,7.965650,11.183314,5.775308,4.345091,2.437421,8.483998,7.233922
2024-10-01,7.216430,5.491130,7.064330,5.458611,9.856257,6.126744,1.248990,13.101947,4.511929,9.364762,9.161968,7.916849,11.146127,5.786807,4.304816,2.418944,8.469018,7.169118
2024-10-02,7.207074,5.485062,7.042406,5.435515,9.834758,6.067079,1.241547,13.208209,4.559613,9.343829,9.101117,7.933145,11.076590,5.781547,4.336657,2.422535,8.451736,7.172144
2024-10-03,7.171333,5.476261,6.984576,5.388191,9.792024,5.994509,1.231826,13.205141,4.672042,9.259355,8.995396,7.895322,10.991009,5.758247,4.339698,2.408915,8.444310,7.159031
2024-10-04,7.221901,5.466689,7.046883,5.367901,9.848144,6.026636,1.229188,13.331965,4.716209,9.343563,9.022517,8.030763,11.116994,5.766151,4.404118,2.424215,8.527042,7.224088
2024-10-07,7.159961,5.360553,7.034058,5.330714,9.829992,5.970344,1.211259,13.263517,4.735740,9.240037,8.929681,7.898162,11.023155,5.697739,4.374751,2.396505,8.480469,7.158779
2024-10-08,7.179978,5.358005,6.971356,5.342271,9.852869,5.972863,1.200843,13.423265,4.609353,9.301874,8.979836,7.952763,11.076483,5.737172,4.416149,2.407348,8.434510,7.226484
2024-10-09,7.244009,5.310239,7.020927,5.357950,9.930982,5.982153,1.249609,13.585719,4.642469,9.352137,9.058987,8.038650,11.179212,5.770590,4.456045,2.463110,8.490371,7.276537
2024-10-10,7.216963,5.281209,7.059486,5.313581,9.867262,5.972354,1.247572,13.532147,4.682535,9.263723,9.026095,8.014804,11.113000,5.752065,4.437880,2.455947,8.484768,7.263803
2024-10-11,7.287088,5.324365,7.089358,5.369729,10.020103,6.005555,1.252220,13.667950,4.717853,9.321853,9.076760,8.143056,11.201908,5.801648,4.498029,2.465978,8.567003,7.307301
2024-10-14,7.334927,5.386263,7.111769,5.408539,10.101869,6.021516,1.259521,13.788862,4.695622,9.374460,9.133082,8.203206,11.267327,5.856378,4.530988,2.475248,8.611606,7.367062
2024-10-15,7.304678,5.418457,7.075282,5.469220,10.034827,6.050796,1.250537,13.532961,4.538653,9.411141,9.099603,8.221976,11.280666,5.878530,4.481870,2.460783,8.603309,7.309822
2024-10-16,7.351096,5.514634,7.146862,5.519877,10.134445,6.068617,1.253418,13.538495,4.560886,9.453443,9.106155,8.309145,11.358148,5.920190,4.520564,2.466888,8.683237,7.341594
2024-10-17,7.337692,5.457032,7.165244,5.493748,10.116954,6.045423,1.249184,13.566197,4.579614,9.413845,9.038230,8.343128,11.321950,5.914956,4.504758,2.472132,8.661007,7.342225
2024-10-18,7.360321,5.490633,7.197864,5.534514,10.150621,6.038119,1.256345,13.565923,4.563242,9.483700,9.092767,8.343996,11.384900,5.934096,4.526223,2.475041,8.693741,7.370466
2024-10-21,7.296204,5.467761,7.133185,5.427210,10.090536,5.986931,1.236363,13.503832,4.543552,9.422627,8.983869,8.261741,11.287304,5.898517,4.497572,2.462879,8.571292,7.358363
2024-10-22,7.264809,5.449655,7.077876,5.436038,9.996854,5.997893,1.224461,13.430046,4.553106,9.422296,8.961461,8.246072,11.184012,5.883271,4.449961,2.455566,8.589965,7.354454
2024-10-23,7.239733,5.506218,7.035398,5.481494,9.948410,5.989062,1.208372,13.320366,4.520609,9.400379,8.917722,8.238530,11.117193,5.873784,4.426933,2.437965,8.589468,7.287254
2024-10-24,7.242792,5.485513,6.968997,5.494436,9.891406,5.983226,1.223817,13.365810,4.523052,9.442992,8.905236,8.258117,11.145860,5.847071,4.437252,2.443910,8.588438,7.303014
2024-10-25,7.209937,5.406236,6.918393,5.440089,9.876098,5.934707,1.214428,13.405368,4.534979,9.446868,8.843628,8.157701,11.174086,5.779136,4.413191,2.435614,8.502330,7.300492
2024-10-28,7.247373,5.445235,7.004069,5.460533,9.940470,5.946645,1.221971,13.422750,4.487865,9.512566,8.855089,8.262451,11.259612,5.795558,4.445499,2.440546,8.558605,7.323060
2024-10-29,7.221910,5.342487,6.958467,5.413024,9.896702,5.878188,1.210347,13.629991,4.420686,9.584190,8.842954,8.222493,11.158454,5.762933,4.461183,2.437420,8.471857,7.334912
2024-10-30,7.209190,5.341567,6.964704,5.431011,9.905983,5.853700,1.199085,13.433106,4.443141,9.616354,8.862470,8.240208,11.154382,5.757285,4.440961,2.429348,8.497075,7.312722
2024-10-31,7.127324,5.407364,6.874998,5.325284,9.786653,5.815850,1.188706,13.112156,4.461622,9.631047,8.761308,8.126474,11.026771,5.715945,4.348572,2.395284,8.466472,7.169370
2024-11-01,7.132299,5.272171,6.890409,5.269476,9.801677,5.827563,1.190137,13.202777,4.412707,9.694712,8.885936,8.097760,11.055862,5.707141,4.328970,2.407393,8.397954,7.199629
2024-11-04,7.139686,5.235567,6.931968,5.338558,9.802017,5.844047,1.188330,13.199042,4.489934,9.671395,8.871920,8.061056,11.110465,5.696884,4.333934,2.394215,8.410866,7.184121
2024-11-05,7.221830,5.316561,6.980079,5.420004,9.993413,5.869739,1.182538,13.372314,4.534214,9.761959,8.950662,8.162936,11.227050,5.746526,4.440811,2.413745,8.495076,7.270990
2024-11-06,7.374788,5.281267,7.057940,5.317016,10.370589,5.779227,1.186958,13.785711,4.754617,10.060616,9.014756,8.639095,11.395580,5.821860,4.564331,2.477865,8.688458,7.451787
2024-11-07,7.387298,5.283780,7.107008,5.376288,10.313006,5.789607,1.182841,13.951961,4.703563,10.193922,9.066476,8.517664,11.491120,5.814623,4.606034,2.489182,8.617829,7.509406
2024-11-08,7.424445,5.376534,7.048142,5.458860,10.445347,5.829066,1.173865,13.956540,4.735170,10.187396,9.065129,8.572381,11.525074,5.881840,4.682328,2.505954,8.641619,7.541934
2024-11-11,7.453567,5.412128,7.050428,5.424970,10.544629,5.829114,1.169945,13.920203,4.795332,10.235487,9.055497,8.686086,11.615416,5.910992,4.685765,2.509639,8.687290,7.549121
2024-11-12,7.394673,5.363485,6.882908,5.353932,10.437208,5.836295,1.146416,13.821772,4.769275,10.279966,8.981094,8.664560,11.520133,5.903026,4.647621,2.495749,8.609327,7.525670
2024-11-13,7.396023,5.360342,6.913020,5.393648,10.483251,5.861120,1.133618,13.732902,4.791830,10.319544,8.954201,8.664546,11.546454,5.906162,4.631095,2.489701,8.645509,7.529326
2024-11-14,7.341146,5.339639,6.840194,5.338962,10.331843,5.859429,1.133775,13.571647,4.801151,10.337542,8.802052,8.636351,11.549853,5.850936,4.583970,2.479404,8.615091,7.480912
2024-11-15,7.283675,5.418668,6.797069,5.336780,10.254792,5.800904,1.107339,13.311381,4.789326,10.194508,8.664839,8.673300,11.457487,5.849011,4.555704,2.445162,8.595133,7.385091
2024-11-18,7.316357,5.456224,6.843595,5.371298,10.258961,5.841994,1.102328,13.389039,4.867726,10.300044,8.712908,8.701603,11.468272,5.875294,4.571451,2.452405,8.647196,7.415350
2024-11-19,7.298772,5.488108,6.842428,5.387594,10.232820,5.830885,1.094634,13.446933,4.844550,10.338289,8.643286,8.636482,11.385011,5.862414,4.594224,2.459585,8.602238,7.442458
2024-11-20,7.318478,5.492508,6.886574,5.384677,10.236137,5.806567,1.100335,13.471329,4.896782,10.430076,8.721926,8.638997,11.418064,5.876883,4.600321,2.456084,8.626612,7.444979
2024-11-21,7.413233,5.586045,6.966004,5.428574,10.369244,5.864550,1.122352,13.724424,4.944687,10.458005,8.813169,8.760994,11.530254,5.935068,4.676002,2.475143,8.700772,7.484946
2024-11-22,7.472935,5.560057,7.000772,5.470900,10.503241,5.907635,1.130976,13.844274,4.955251,10.471560,8.848059,8.858256,11.702611,5.958142,4.722469,2.489014,8.798614,7.508145
2024-11-25,7.548718,5.571450,7.068169,5.536877,10.600846,5.963252,1.158718,13.991895,4.858255,10.517037,8.959682,8.927861,11.952641,5.968245,4.741507,2.498506,8.862363,7.533613
2024-11-26,7.543577,5.642483,6.995431,5.569152,10.592724,5.973084,1.138060,13.972642,4.854407,10.528634,8.946529,8.959152,11.877487,6.009781,4.787106,2.505382,8.837141,7.572950
2024-11-27,7.540325,5.650843,7.005919,5.607537,10.569555,5.995520,1.141023,13.793206,4.847188,10.550476,8.997759,8.978101,11.866507,6.032601,4.733416,2.501576,8.864903,7.550003
2024-11-29,7.562698,5.646338,7.047356,5.574696,10.604918,6.025827,1.143602,13.882119,4.872984,10.607437,9.008819,8.979249,11.945321,6.031891,4.777200,2.514730,8.867975,7.596905
2024-12-02,7.548485,5.536243,7.070580,5.497628,10.544531,6.029467,1.148289,14.061074,4.804630,10.633739,9.005489,8.887997,12.004580,5.991485,4.753858,2.513801,8.790850,7.610521
2024-12-03,7.514824,5.491368,7.047679,5.459546,10.494845,5.998768,1.140614,14.007050,4.811875,10.695602,8.961780,8.840788,11.949756,5.953658,4.760806,2.510690,8.740589,7.614051
2024-12-04,7.510177,5.495665,6.937689,5.439861,10.521698,5.978962,1.130644,14.148332,4.691749,10.690519,8.961631,8.820998,11.979632,5.945021,4.781894,2.523670,8.697894,7.661331
2024-12-05,7.471115,5.502917,6.851309,5.424728,10.444887,6.013980,1.115676,13.993563,4.686071,10.685632,8.854849,8.834115,11.932262,5.930388,4.777887,2.519220,8.692323,7.648723
2024-12-06,7.462987,5.439894,6.833665,5.428301,10.411888,5.975883,1.114343,14.097907,4.604526,10.737523,8.840964,8.799436,12.015709,5.900545,4.786387,2.528160,8.618958,7.663222
2024-12-09,7.440550,5.386239,6.873226,5.446247,10.340072,6.016656,1.129008,14.026743,4.605825,10.431603,8.907177,8.681364,11.972802,5.844143,4.672258,2.505364,8.653912,7.623759
2024-12-10,7.398442,5.355036,6.786637,5.368274,10.290466,6.034441,1.143322,13.835026,4.558574,10.555002,8.842422,8.639842,11.922294,5.852311,4.628337,2.528430,8.592162,7.600057
2024-12-11,7.398591,5.324854,6.775665,5.349163,10.300862,5.976452,1.133863,13.960476,4.578886,10.670496,8.778315,8.649703,11.960582,5.822745,4.667300,2.533265,8.511701,7.658809
2024-12-12,7.368921,5.321890,6.714302,5.348742,10.235970,5.990295,1.123115,13.898090,4.544543,10.745271,8.736387,8.617245,11.890043,5.812891,4.639277,2.507566,8.484385,7.619347
2024-12-13,7.340145,5.319447,6.638454,5.323328,10.189886,5.965403,1.114721,13.872379,4.523607,10.638685,8.691003,8.612670,11.846106,5.799847,4.650607,2.507302,8.464884,7.617834
2024-12-16,7.310045,5.279862,6.564943,5.309836,10.183226,5.903983,1.106710,13.946754,4.426408,10.610656,8.608189,8.606546,11.783786,5.772714,4.667804,2.509842,8.360920,7.650362
2024-12-17,7.256676,5.258464,6.521818,5.277072,10.080262,5.891374,1.098283,13.826623,4.382547,10.512786,8.569283,8.507980,11.738869,5.762263,4.599837,2.498053,8.330309,7.618842
2024-12-18,7.049107,5.134027,6.328572,5.064350,9.775564,5.793609,1.072261,13.386932,4.243939,10.240265,8.398335,8.229680,11.367331,5.663815,4.412398,2.441955,8.099020,7.391774
2024-12-19,7.018764,5.162424,6.246067,4.990206,9.740170,5.759270,1.052437,13.320382,4.202712,10.203447,8.365383,8.246428,11.372054,5.662802,4.424945,2.440094,8.027612,7.389504
2024-12-20,7.117031,5.240378,6.314142,5.089094,9.851069,5.800680,1.073903,13.507626,4.259337,10.287300,8.483552,8.377538,11.548619,5.713765,4.519945,2.465196,8.163117,7.478259
2024-12-23,7.132063,5.255905,6.310715,5.109757,9.834167,5.773658,1.075440,13.609080,4.294933,10.302301,8.514573,8.402169,11.528971,5.713770,4.535876,2.476777,8.188449,7.523041
2024-12-24,7.187205,5.284243,6.344828,5.146959,9.914750,5.798302,1.078332,13.736608,4.340875,10.385571,8.554021,8.490839,11.649120,5.754802,4.588828,2.504293,8.236644,7.606660
2024-12-26,7.196425,5.274856,6.335512,5.152339,9.916950,5.811462,1.086454,13.730651,4.333076,10.385594,8.577938,8.516670,11.675928,5.761991,4.589177,2.509442,8.243945,7.607166
2024-12-27,7.145107,5.258994,6.292795,5.101852,9.832092,5.789995,1.080154,13.584166,4.333632,10.295863,8.542775,8.447583,11.577386,5.738376,4.531032,2.486412,8.201487,7.527090
2024-12-30,7.075206,5.239810,6.210295,5.075673,9.737282,5.722136,1.069229,13.394618,4.350816,10.191222,8.434222,8.378894,11.443219,5.686676,4.489709,2.458003,8.150625,7.441194
2024-12-31,7.085217,5.237086,6.247436,5.120945,9.730430,5.747300,1.067750,13.350627,4.403813,10.180304,8.465410,8.387026,11.441767,5.695793,4.468529,2.448865,8.216555,7.414122
2025-01-02,7.064624,5.261934,6.177801,5.064485,9.668464,5.737810,1.060238,13.332229,4.479856,10.202514,8.444119,8.368128,11.362073,5.662131,4.495927,2.445404,8.201116,7.395905
2025-01-03,7.131108,5.314367,6.209406,5.133909,9.771112,5.715051,1.064749,13.562331,4.529732,10.254665,8.546939,8.433397,11.422372,5.677818,4.569888,2.470285,8.260124,7.488379
2025-01-06,7.129837,5.244153,6.277800,5.039698,9.757418,5.663886,1.067665,13.707717,4.515249,10.266034,8.597318,8.395884,11.460371,5.596477,4.602541,2.478621,8.202648,7.531517
2025-01-07,7.105078,5.239869,6.271890,4.989014,9.738940,5.630244,1.057255,13.600322,4.561901,10.176097,8.662779,8.371964,11.335349,5.601716,4.544438,2.461177,8.188371,7.446380
2025-01-08,7.115868,5.241446,6.255466,5.008146,9.786768,5.622341,1.047324,13.587717,4.579277,10.140152,8.686413,8.399831,11.389906,5.640655,4.560174,2.463991,8.185393,7.457260
2025-01-10,7.003394,5.180490,6.210122,4.901795,9.665703,5.509605,1.030208,13.332987,4.595094,9.945524,8.593780,8.169932,11.243599,5.545210,4.522283,2.427315,8.059024,7.343406
2025-01-13,7.061385,5.133840,6.410322,4.977606,9.790939,5.543917,1.043465,13.289334,4.701956,9.991156,8.710202,8.236490,11.293701,5.572885,4.517074,2.432809,8.168624,7.354792
2025-01-14,7.115555,5.196347,6.469691,5.013309,9.926674,5.538024,1.052548,13.416109,4.757057,10.004236,8.663889,8.361038,11.343237,5.622060,4.591108,2.434534,8.242977,7.364912
2025-01-15,7.185122,5.267710,6.550601,5.041238,9.989791,5.506002,1.054905,13.617539,4.839922,10.114814,8.679783,8.555950,11.424285,5.660380,4.702391,2.476399,8.308667,7.498879
2025-01-16,7.241637,5.394226,6.590761,5.129760,10.092426,5.559689,1.057075,13.654908,4.882315,10.068993,8.747565,8.604585,11.486521,5.743714,4.741545,2.475750,8.368378,7.484458
2025-01-17,7.280287,5.404578,6.645249,5.134262,10.141312,5.576712,1.067499,13.789566,4.910026,10.161776,8.746182,8.654065,11.564976,5.764315,4.790371,2.502164,8.409152,7.559601
2025-01-21,7.368983,5.480394,6.686220,5.199904,10.339698,5.610641,1.080671,13.991615,4.887644,10.271960,8.907198,8.710142,11.686896,5.811003,4.888528,2.526320,8.474851,7.628798
2025-01-22,7.341837,5.340790,6.623427,5.108699,10.296518,5.560103,1.077475,14.198778,4.802458,10.367176,8.900990,8.668896,11.626901,5.746243,4.903343,2.538194,8.355538,7.671683
2025-01-23,7.379504,5.346880,6.672090,5.132139,10.345930,5.576742,1.087445,14.221111,4.827353,10.444286,8.999914,8.691719,11.719876,5.753949,4.940393,2.555860,8.411561,7.713556
2025-01-24,7.371843,5.381796,6.624426,5.151829,10.310641,5.614848,1.083946,14.107028,4.779299,10.532471,9.003333,8.730394,11.662246,5.778614,4.929840,2.549274,8.435506,7.691038
2025-01-27,7.383073,5.330217,6.632614,5.231643,10.247313,5.763620,1.098458,13.711748,4.671559,10.619762,9.146840,8.835995,11.777755,5.889508,4.738882,2.542361,8.564942,7.582245
2025-01-28,7.348072,5.265547,6.630647,5.156747,10.167618,5.655366,1.082923,13.799710,4.642528,10.612508,9.096985,8.820508,11.783012,5.811543,4.816159,2.545724,8.489597,7.647394
2025-01-29,7.331400,5.264434,6.645861,5.082083,10.112940,5.660304,1.105040,13.764259,4.646171,10.668257,9.028335,8.798900,11.759418,5.802800,4.828955,2.573732,8.431360,7.613112
2025-01-30,7.410489,5.361502,6.689270,5.152441,10.232838,5.718165,1.123942,13.924485,4.668790,10.593478,9.126165,8.863919,11.919268,5.863631,4.905597,2.615159,8.460803,7.653973
2025-01-31,7.353761,5.336336,6.617036,5.155514,10.149354,5.658077,1.109297,13.878084,4.558939,10.604103,9.061380,8.825619,11.725628,5.838045,4.843165,2.594328,8.416865,7.613238
2025-02-03,7.305529,5.359125,6.569406,5.136471,10.011119,5.637254,1.098689,13.736095,4.586673,10.624871,9.047715,8.749984,11.600303,5.874107,4.822934,2.589175,8.333144,7.562005
2025-02-04,7.313359,5.316153,6.624610,5.135511,10.014224,5.548791,1.097398,13.880620,4.681918,10.688569,9.020832,8.717675,11.655105,5.843553,4.845984,2.597624,8.341548,7.612732
2025-02-05,7.348065,5.375917,6.616830,5.214248,10.031562,5.541743,1.076300,14.037351,4.695189,10.650839,9.115271,8.776174,11.648504,5.886427,4.918731,2.609199,8.305449,7.643599
2025-02-06,7.340916,5.377781,6.598906,5.237579,10.018487,5.552801,1.073241,14.030676,4.586520,10.685126,8.989488,8.831495,11.729924,5.897107,4.954267,2.611515,8.311171,7.670165
2025-02-07,7.301941,5.359919,6.528190,5.222527,9.976081,5.557030,1.054279,13.964465,4.572266,10.734857,8.916269,8.795128,11.619568,5.893400,4.930809,2.585502,8.273738,7.599956
2025-02-10,7.327110,5.408858,6.574641,5.210676,10.056741,5.574811,1.055755,14.129875,4.693419,10.767211,8.882365,8.711052,11.627780,5.919579,4.951890,2.606716,8.287873,7.651569
2025-02-11,7.326808,5.435168,6.612457,5.229477,10.061839,5.632900,1.060521,14.026091,4.726913,10.787682,8.825090,8.719221,11.590000,5.950154,4.908957,2.612065,8.332559,7.657388
2025-02-12,7.284896,5.436324,6.555314,5.183945,9.975948,5.601438,1.050993,13.997574,4.611508,10.787346,8.782342,8.654551,11.592993,5.937112,4.880461,2.600937,8.296327,7.632720
2025-02-13,7.346796,5.471872,6.671715,5.229756,9.981623,5.673848,1.066754,14.135007,4.654320,10.941511,8.801042,8.722675,11.769885,5.976899,4.916131,2.622588,8.373944,7.713303
2025-02-14,7.341661,5.443265,6.683392,5.191538,9.988150,5.635410,1.077734,14.135404,4.684696,11.015399,8.734559,8.717735,11.815789,5.908073,4.931372,2.623118,8.339955,7.712923
2025-02-18,7.395156,5.505902,6.776424,5.217398,10.042183,5.678393,1.078040,14.354579,4.752435,11.039764,8.743646,8.786222,11.838563,5.938839,4.977804,2.622138,8.391744,7.735567
2025-02-19,7.410247,5.539665,6.687642,5.220203,10.038803,5.730626,1.063325,14.421743,4.799309,11.091523,8.823595,8.794129,11.800703,5.973508,4.965430,2.628499,8.435423,7.753784
2025-02-20,7.390175,5.541850,6.648637,5.255688,9.978254,5.756648,1.058786,14.321510,4.828749,10.998789,8.854217,8.700963,11.792521,5.977359,4.872713,2.611509,8.479074,7.721526
2025-02-21,7.288535,5.555128,6.501947,5.220399,9.762341,5.859842,1.046935,13.912705,4.702137,10.861236,8.825273,8.585878,11.540495,6.005382,4.721968,2.574239,8.451210,7.589456
2025-02-24,7.294703,5.549426,6.483487,5.251771,9.733811,5.901079,1.051951,13.764952,4.687709,10.933502,8.915541,8.613544,11.570270,6.041330,4.665074,2.571438,8.486461,7.554920
2025-02-25,7.304789,5.534018,6.502568,5.306622,9.796247,5.963345,1.055396,13.641708,4.608472,10.780718,8.969924,8.619584,11.652828,6.106432,4.628389,2.559948,8.524949,7.517349
2025-02-26,7.291688,5.565295,6.496123,5.274567,9.796915,5.836893,1.042995,13.798651,4.590688,10.709680,8.899046,8.603819,11.654015,6.051979,4.716558,2.551925,8.453192,7.521144
2025-02-27,7.223540,5.461506,6.464813,5.300191,9.737988,5.838646,1.015393,13.400002,4.586097,10.675832,8.799630,8.659262,11.506102,6.074645,4.604442,2.519432,8.420954,7.401092
2025-02-28,7.306500,5.565819,6.494070,5.352087,9.857515,5.899860,1.021783,13.492815,4.673178,10.852786,8.856025,8.819827,11.635649,6.153926,4.693369,2.565014,8.534567,7.516590
2025-03-03,7.221639,5.575391,6.306907,5.384372,9.700429,5.919569,0.997447,13.189305,4.497495,10.775206,8.840036,8.759027,11.466830,6.209487,4.575372,2.529256,8.434422,7.384899
2025-03-04,7.106641,5.468196,6.231579,5.313401,9.501457,5.822038,0.996590,13.106117,4.447667,10.667223,8.765015,8.470401,11.223714,6.102672,4.462249,2.489433,8.266850,7.297486
2025-03-05,7.181927,5.438226,6.419068,5.363027,9.672154,5.861096,1.014421,13.269440,4.386892,10.766238,8.862933,8.524445,11.389833,6.105915,4.511874,2.512805,8.368609,7.375918
2025-03-06,7.100933,5.326510,6.411725,5.230980,9.621118,5.902742,1.012658,12.929186,4.367561,10.621809,8.860362,8.393425,11.230040,6.061957,4.326401,2.464089,8.346854,7.244987
2025-03-07,7.166433,5.406758,6.400838,5.282382,9.753648,6.006920,1.031606,13.097750,4.439054,10.685843,8.931616,8.378831,11.253472,6.111763,4.331919,2.473171,8.490330,7.285594
2025-03-10,7.056886,5.447504,6.295889,5.240832,9.589929,6.030147,1.021018,12.661277,4.435261,10.452829,8.861951,8.193015,11.012065,6.112316,4.160500,2.401072,8.459481,7.091538
2025-03-11,6.965544,5.423987,6.262991,5.168137,9.434380,5.909932,0.996269,12.551595,4.435077,10.255648,8.711294,8.136031,10.799196,6.022856,4.187784,2.373058,8.309606,7.032587
2025-03-12,6.939730,5.416926,6.241466,5.140355,9.397142,5.756492,0.979628,12.665053,4.476763,10.265030,8.613628,8.138358,10.733094,5.963189,4.255887,2.386674,8.224527,7.069906
2025-03-13,6.863878,5.436024,6.245471,5.043674,9.286046,5.767113,0.960617,12.463927,4.420910,10.083601,8.560629,8.077186,10.491921,5.968932,4.162713,2.344888,8.174163,6.975660
2025-03-14,7.006551,5.547701,6.358977,5.149293,9.466240,5.769428,0.993296,12.819674,4.555100,10.268320,8.675220,8.270942,10.715542,6.028922,4.295604,2.401973,8.335128,7.119748
2025-03-17,7.102350,5.594514,6.448645,5.234067,9.589934,5.849747,1.013390,13.024248,4.636003,10.351543,8.777018,8.372292,10.861612,6.085451,4.359519,2.424198,8.465035,7.174651
2025-03-18,7.062955,5.566267,6.445862,5.207333,9.518110,5.799879,1.015952,12.890410,4.638754,10.262131,8.785073,8.344156,10.736206,6.069761,4.290164,2.408306,8.470287,7.097104
2025-03-19,7.116867,5.593121,6.481191,5.210887,9.632725,5.781815,1.015217,13.047287,4.714314,10.399520,8.763735,8.422568,10.908013,6.090492,4.396499,2.431910,8.483121,7.174398
2025-03-20,7.086394,5.615966,6.427926,5.210823,9.570184,5.756970,1.002661,12.918998,4.726321,10.365902,8.731192,8.418857,10.862063,6.094558,4.392379,2.420391,8.457172,7.153651
2025-03-21,7.052357,5.576905,6.345386,5.159560,9.512998,5.759123,0.992722,12.904164,4.676682,10.426934,8.698774,8.385482,10.795496,6.053675,4.390785,2.421377,8.387692,7.156011
2025-03-24,7.166435,5.583331,6.427291,5.244297,9.716747,5.780190,1.013605,13.171802,4.757370,10.524619,8.783456,8.541329,11.056314,6.087484,4.527090,2.468226,8.487632,7.284164
2025-03-25,7.145938,5.497500,6.399400,5.185908,9.721122,5.727288,1.006948,13.172491,4.777927,10.636787,8.692154,8.573307,11.051021,6.059672,4.528526,2.467614,8.408957,7.301674
2025-03-26,7.137860,5.534138,6.402465,5.210576,9.668378,5.830455,1.026874,12.977683,4.783274,10.607089,8.667228,8.552856,11.034467,6.124694,4.437995,2.461690,8.463843,7.214505
2025-03-27,7.117144,5.527328,6.392446,5.190563,9.607070,5.922079,1.023248,12.852636,4.728950,10.584106,8.684732,8.521138,11.006968,6.152957,4.376419,2.450768,8.444123,7.195345
2025-03-28,7.007522,5.570476,6.267052,5.187548,9.408605,5.890698,1.007486,12.544450,4.691553,10.310581,8.616248,8.366106,10.705395,6.145320,4.282197,2.405294,8.379101,7.050443
2025-03-31,7.059543,5.630610,6.319193,5.236771,9.463606,5.963315,1.011478,12.560111,4.743864,10.425490,8.665832,8.463988,10.781991,6.230890,4.298344,2.421359,8.466962,7.097771
2025-04-01,7.068674,5.652270,6.330857,5.236146,9.504009,5.974751,1.012893,12.616798,4.782206,10.412745,8.558284,8.460174,10.857894,6.220910,4.330728,2.423730,8.448980,7.117819
2025-04-02,7.132806,5.689060,6.385243,5.270991,9.617876,5.967751,1.020031,12.761357,4.812466,10.471423,8.629226,8.547760,11.003602,6.223467,4.397133,2.438502,8.513097,7.162863
2025-04-03,6.785139,5.625962,6.056448,5.082933,9.028564,5.958212,0.991998,11.818873,4.354058,10.060197,8.452902,8.056804,10.286784,6.224479,4.103499,2.346209,7.948571,6.809871
2025-04-04,6.402199,5.310566,5.612418,4.838840,8.546317,5.714992,0.962847,11.017293,3.920747,9.442565,8.004545,7.494313,9.983566,5.887886,3.812519,2.199298,7.538602,6.411201
2025-04-07,6.357325,5.238087,5.555913,4.731360,8.481187,5.647450,0.944046,11.147617,3.914035,9.442760,7.972509,7.442836,9.777865,5.774699,3.860458,2.199501,7.422805,6.399782
2025-04-08,6.231444,5.206266,5.355003,4.623323,8.361093,5.526325,0.915580,10.875919,3.798000,9.314701,7.793674,7.391383,9.507253,5.734456,3.817473,2.172462,7.203742,6.299543
2025-04-09,6.749845,5.415582,5.879286,4.910295,9.138978,5.749182,0.986186,12.229209,4.172448,10.121249,8.242836,7.984655,10.415299,5.935112,4.194410,2.352676,7.797805,6.961117
2025-04-10,6.520375,5.370485,5.663319,4.788607,8.852514,5.736539,0.946324,11.628293,3.888947,9.798618,7.922133,7.724558,10.043517,5.915062,4.033750,2.279320,7.472200,6.656088
2025-04-11,6.622741,5.443639,5.854548,4.850916,9.014201,5.815728,0.965650,11.810260,3.994590,9.897112,8.051019,7.811473,10.147581,6.001435,4.087785,2.311081,7.595123,6.774851
2025-04-14,6.706465,5.543015,5.918101,4.959864,9.098202,5.901700,0.976716,11.944831,4.011875,9.977691,8.176797,7.921456,10.243139,6.094477,4.132054,2.333822,7.731556,6.840577
2025-04-15,6.686968,5.543137,5.852298,4.967072,9.050052,5.833442,0.975619,11.989210,4.011251,10.040444,8.089423,7.937341,10.169298,6.075452,4.164283,2.336053,7.723110,6.821418
2025-04-16,6.593520,5.498855,5.805532,4.946660,8.899839,5.775719,0.950521,11.719779,4.052013,9.771689,8.008311,7.817998,9.998235,6.024809,4.105781,2.292835,7.609419,6.669791
2025-04-17,6.644689,5.550967,5.857406,5.024809,8.928387,5.908992,0.957755,11.749120,4.153546,9.864165,7.995435,7.848608,10.132996,6.072749,4.118204,2.301226,7.721328,6.679307
2025-04-21,6.507880,5.417969,5.781961,4.927440,8.728668,5.881358,0.936366,11.476892,4.026800,9.629997,7.827105,7.659051,9.974997,5.964138,4.001285,2.246441,7.593868,6.520322
2025-04-22,6.673716,5.569910,5.922476,5.031150,8.932720,5.964391,0.963528,11.761751,4.127956,9.876738,8.008208,7.919271,10.262139,6.097182,4.120040,2.298708,7.775223,6.689966
2025-04-23,6.741912,5.596247,5.969534,5.046715,9.018872,5.935347,0.959075,12.061997,4.127127,10.034512,8.107100,8.002194,10.374620,6.075554,4.208047,2.332223,7.807626,6.793630
2025-04-24,6.860869,5.618838,6.128615,5.057465,9.240676,5.885163,0.945200,12.542428,4.188744,10.212157,8.251449,8.126045,10.586082,6.060518,4.288855,2.368945,7.952041,6.936628
2025-04-25,6.850513,5.590726,6.102203,5.036059,9.218902,5.857353,0.941882,12.635164,4.188524,10.257535,8.234908,8.053145,10.601967,6.030694,4.294770,2.380791,7.907771,6.986748
2025-04-28,6.872936,5.635884,6.118103,5.069108,9.246006,5.833452,0.944687,12.640983,4.219160,10.306997,8.266018,8.093126,10.637521,6.050938,4.323734,2.386731,7.960983,6.989412
2025-04-29,6.911319,5.670400,6.182814,5.074793,9.297603,5.875684,0.952420,12.696319,4.203030,10.397412,8.309238,8.160397,10.696812,6.084959,4.344404,2.401157,7.973010,7.033441
2025-04-30,6.922889,5.634457,6.229341,5.098615,9.365303,5.921884,0.947550,12.748526,4.090166,10.440230,8.370499,8.165095,10.647140,6.126501,4.334974,2.406591,7.932758,7.036232
2025-05-01,6.913300,5.651430,6.236377,5.130951,9.410516,5.845740,0.945055,12.758760,4.118062,10.426678,8.259506,8.146023,10.627810,6.079272,4.338964,2.406566,7.951184,7.086098
2025-05-02,7.036851,5.692588,6.329736,5.209065,9.598697,5.877154,0.955032,13.041553,4.195654,10.549485,8.389317,8.351556,10.865207,6.119737,4.410434,2.448702,8.079936,7.191285
2025-05-05,7.008548,5.687591,6.274852,5.182077,9.584074,5.852387,0.949319,12.995187,4.130104,10.570064,8.344911,8.337098,10.806613,6.106806,4.414130,2.438644,8.019692,7.150047
2025-05-06,6.957931,5.735852,6.238270,5.141128,9.464150,5.845850,0.942112,12.916854,4.122381,10.611550,8.167632,8.294823,10.726089,6.105611,4.399476,2.418344,7.953321,7.090285
2025-05-07,7.000409,5.764220,6.180311,5.145490,9.534738,5.846170,0.938289,13.070262,4.125131,10.619288,8.291909,8.346806,10.790840,6.138391,4.421400,2.424368,7.957481,7.120103
2025-05-08,7.063834,5.711053,6.267786,5.127798,9.712976,5.860566,0.962303,13.206964,4.195549,10.665843,8.302949,8.437186,10.933918,6.073705,4.427146,2.434060,8.076472,7.169714
2025-05-09,7.063564,5.714077,6.299677,5.153772,9.709933,5.835697,0.963268,13.228923,4.249282,10.615555,8.267022,8.440495,10.886318,6.067490,4.442114,2.428683,8.084230,7.160579
2025-05-12,7.267703,5.696492,6.468770,5.194951,10.074151,5.879330,0.987717,13.839133,4.376737,10.752505,8.522980,8.650534,11.382853,5.996783,4.515032,2.488207,8.354381,7.397218
2025-05-13,7.278741,5.685755,6.458419,5.124923,10.123790,5.806809,0.979647,14.117427,4.468065,10.805090,8.365562,8.672465,11.450269,5.927631,4.564661,2.491957,8.331687,7.446068
2025-05-14,7.233167,5.657266,6.362442,5.074715,10.055174,5.764734,0.975413,14.116121,4.448865,10.850443,8.193314,8.633233,11.445309,5.894328,4.561375,2.488972,8.249410,7.455584
2025-05-15,7.300237,5.779183,6.416989,5.159311,10.139077,5.874127,0.970290,14.153493,4.444953,10.921957,8.323955,8.719435,11.495909,6.038278,4.591901,2.508585,8.321967,7.492000
2025-05-16,7.372901,5.863211,6.485890,5.228979,10.257665,5.937997,0.978310,14.234961,4.440048,11.003678,8.469368,8.779796,11.605230,6.107229,4.645091,2.528517,8.386292,7.539455
2025-05-19,7.374575,5.887022,6.494161,5.231843,10.263910,5.943018,0.977516,14.192076,4.390504,11.020508,8.526053,8.780281,11.591450,6.147184,4.669578,2.535454,8.364001,7.547702
2025-05-20,7.352423,5.893497,6.484792,5.193524,10.197934,5.973137,0.979845,14.145462,4.351120,10.991811,8.565985,8.726778,11.502434,6.146917,4.652947,2.526243,8.341479,7.522325
2025-05-21,7.193192,5.776884,6.391033,5.043849,9.979704,5.873873,0.959895,13.867447,4.261134,10.871899,8.326791,8.520108,11.244809,6.083796,4.561975,2.488878,8.111864,7.395568
2025-05-22,7.169362,5.706740,6.375726,5.022407,9.996352,5.848028,0.944437,13.831122,4.243255,10.829174,8.274102,8.508254,11.251121,6.041751,4.547947,2.486528,8.090170,7.398487
2025-05-23,7.141623,5.775408,6.359533,5.013217,9.937599,5.857871,0.940275,13.707418,4.254647,10.818121,8.240084,8.486839,11.107244,6.071394,4.563451,2.481114,8.081233,7.347987
2025-05-27,7.271161,5.815124,6.477981,5.107084,10.132112,5.924461,0.954124,13.989353,4.295863,10.973013,8.394836,8.655248,11.392575,6.114515,4.620915,2.524459,8.235325,7.500755
2025-05-28,7.205527,5.724061,6.392926,5.106702,10.044056,5.867133,0.940763,13.880087,4.241360,10.975584,8.341575,8.568226,11.251434,6.064491,4.598803,2.513429,8.137715,7.457361
2025-05-29,7.231614,5.768554,6.403256,5.156044,10.087480,5.909757,0.941297,13.828656,4.263686,10.900892,8.405943,8.633885,11.250479,6.099941,4.593133,2.517201,8.190384,7.486798
2025-05-30,7.230016,5.816593,6.389492,5.157620,10.079755,5.930538,0.945652,13.805475,4.215750,10.950321,8.354771,8.641915,11.275870,6.141692,4.625024,2.530056,8.167607,7.478424
2025-06-02,7.230176,5.826761,6.471825,5.156732,10.022662,5.918752,0.939012,13.841587,4.277347,10.945351,8.321349,8.655914,11.259467,6.138057,4.657425,2.539995,8.146145,7.520549
2025-06-03,7.290328,5.835038,6.539199,5.145073,10.127763,5.942932,0.949458,14.093423,4.343180,10.932633,8.375984,8.684665,11.381080,6.111923,4.676242,2.549425,8.202803,7.563436
2025-06-04,7.274763,5.739909,6.576657,5.158141,10.133652,5.893638,0.951893,14.137097,4.255156,10.951256,8.389552,8.615473,11.390282,6.067886,4.650807,2.546943,8.167133,7.561406
2025-06-05,7.256437,5.731521,6.531105,5.146340,10.112600,5.839008,0.945954,14.122393,4.252697,10.986040,8.376098,8.595132,11.359279,6.045843,4.645965,2.531583,8.143215,7.524863
2025-06-06,7.319607,5.751958,6.547052,5.177250,10.205113,5.866068,0.944197,14.285236,4.331670,11.085514,8.462363,8.718038,11.401404,6.056950,4.673773,2.561356,8.243952,7.602136
2025-06-09,7.323741,5.712986,6.615267,5.189554,10.218401,5.870420,0.949773,14.369224,4.332191,11.039633,8.463830,8.654433,11.421842,6.028803,4.631036,2.563504,8.261083,7.608987
2025-06-10,7.366866,5.735310,6.672657,5.242427,10.248946,5.867257,0.963260,14.455345,4.400616,11.201474,8.539490,8.641780,11.510368,6.043634,4.624239,2.578210,8.363331,7.652128
2025-06-11,7.341136,5.730567,6.629490,5.213736,10.197666,5.848713,0.953228,14.393198,4.461464,11.182197,8.512384,8.624927,11.424665,6.031600,4.647362,2.575868,8.329564,7.630304
2025-06-12,7.356387,5.795742,6.635886,5.239194,10.195328,5.893936,0.934135,14.442015,4.478703,11.076943,8.560771,8.651059,11.404894,6.085495,4.659828,2.583027,8.300084,7.660629
2025-06-13,7.262092,5.745854,6.599971,5.182626,10.070495,5.819860,0.908464,14.180781,4.576057,10.965125,8.480183,8.501493,11.171722,6.030537,4.632713,2.562040,8.158805,7.574982
2025-06-16,7.332400,5.713832,6.655973,5.194337,10.154485,5.865703,0.921365,14.473053,4.547484,11.150034,8.511161,8.599329,11.362165,6.004234,4.670091,2.581828,8.224409,7.647053
2025-06-17,7.256805,5.668067,6.596543,5.167153,10.040008,5.816804,0.899339,14.346031,4.580246,11.037484,8.371200,8.530010,11.180774,5.971693,4.644161,2.560057,8.133240,7.581707
2025-06-18,7.259231,5.684663,6.565884,5.177794,10.033677,5.808111,0.898422,14.310321,4.540631,11.074921,8.376419,8.590691,11.183446,5.959511,4.657816,2.556080,8.140775,7.580565
2025-06-20,7.273045,5.695481,6.498027,5.175348,10.048458,5.846346,0.906945,14.262852,4.574882,11.058851,8.380383,8.640725,11.247814,5.974741,4.672033,2.547886,8.162436,7.562762
2025-06-23,7.335092,5.768056,6.552465,5.246935,10.185618,5.911307,0.913304,14.411341,4.431301,11.187461,8.378621,8.757569,11.371120,6.044374,4.740371,2.576098,8.209427,7.637463
2025-06-24,7.405860,5.791061,6.609286,5.258197,10.267834,5.897402,0.925512,14.697249,4.409102,11.313477,8.497665,8.853315,11.484028,6.051643,4.781147,2.604780,8.257380,7.721836
2025-06-25,7.350727,5.707394,6.547562,5.142383,10.192618,5.814715,0.907374,14.694935,4.370765,11.284175,8.492147,8.816696,11.370563,5.962858,4.738265,2.599523,8.140623,7.726163
2025-06-26,7.407272,5.756519,6.633256,5.151672,10.285943,5.825991,0.912239,14.808706,4.445398,11.385583,8.532565,8.903865,11.452856,5.973257,4.783344,2.616275,8.221457,7.786611
2025-06-27,7.437157,5.766397,6.647439,5.157826,10.381599,5.839802,0.911576,14.792939,4.425278,11.506870,8.538874,8.945551,11.622072,5.998089,4.816473,2.624286,8.231769,7.825298
2025-06-30,7.473919,5.797967,6.628861,5.187564,10.418105,5.880603,0.910972,14.939095,4.402969,11.631562,8.574098,9.018281,11.636219,6.049358,4.858086,2.645092,8.258028,7.862712
2025-07-01,7.563248,5.820111,6.771768,5.227673,10.553556,5.994001,0.941010,14.957660,4.432448,11.578221,8.708989,9.084070,11.953366,6.088337,4.783729,2.643705,8.478089,7.860167
2025-07-02,7.582379,5.770854,6.915765,5.244908,10.594608,6.041919,0.931093,15.065097,4.508519,11.568419,8.609168,9.081459,12.050048,6.035609,4.788511,2.649926,8.577452,7.895799
2025-07-03,7.619823,5.813805,6.904006,5.256734,10.655496,6.015883,0.931548,15.245225,4.501503,11.621190,8.619924,9.169742,12.102360,6.073978,4.854530,2.670515,8.576306,7.958029
2025-07-07,7.553690,5.807201,6.835178,5.205024,10.564802,5.982397,0.915023,15.090811,4.449548,11.503338,8.531132,9.094788,12.028538,6.063339,4.857798,2.652813,8.454184,7.898726
2025-07-08,7.571169,5.754850,6.930906,5.212621,10.592540,5.958345,0.909546,15.166452,4.566146,11.488703,8.582039,9.067379,12.047737,6.027230,4.821195,2.646194,8.508504,7.894399
2025-07-09,7.594396,5.830255,6.984790,5.212203,10.667176,5.925282,0.910919,15.196229,4.536351,11.456504,8.610261,9.086060,12.128510,6.034786,4.841691,2.653394,8.536925,7.941740
2025-07-10,7.636010,5.869864,7.014299,5.247066,10.785315,5.979506,0.906488,15.127294,4.562290,11.443327,8.675688,9.154191,12.246002,6.063568,4.830038,2.660407,8.582736,7.964137
2025-07-11,7.578965,5.858864,6.955296,5.243484,10.718723,5.961696,0.889906,14.972732,4.585394,11.376748,8.563360,9.071246,12.139722,6.032889,4.793359,2.648970,8.538435,7.936140
2025-07-14,7.584184,5.876159,6.906598,5.266151,10.750087,5.949920,0.884525,14.984829,4.541784,11.498542,8.512889,9.133751,12.152904,6.055452,4.858069,2.656735,8.507908,7.951284
2025-07-15,7.477548,5.829536,6.767746,5.189557,10.629388,5.871628,0.863742,14.946482,4.447689,11.365266,8.366667,8.945399,11.921841,5.991997,4.810719,2.637709,8.361110,7.917306
2025-07-16,7.507931,5.846012,6.770696,5.243391,10.678325,5.911104,0.865131,14.978464,4.404590,11.443844,8.402890,9.019159,11.952196,6.034460,4.821466,2.651516,8.378173,7.943776
2025-07-17,7.564042,5.874345,6.845097,5.243975,10.818640,5.971435,0.868856,15.124788,4.449877,11.474098,8.381415,9.121822,12.035474,6.052939,4.850402,2.655071,8.451319,7.992389
2025-07-18,7.564096,5.967270,6.889924,5.253151,10.785645,5.958196,0.862288,15.177715,4.455253,11.419893,8.278985,9.156247,12.042043,6.077209,4.884842,2.653387,8.476464,7.986535
2025-07-21,7.539489,5.993386,6.901932,5.256921,10.702719,5.941161,0.858353,15.177135,4.370598,11.502063,8.217230,9.095452,12.063736,6.090048,4.874941,2.658894,8.455789,8.001679
2025-07-22,7.637316,6.074590,7.018452,5.364327,10.798764,6.060451,0.880141,15.163902,4.393375,11.560987,8.434569,9.166136,12.317330,6.167172,4.854614,2.658432,8.649375,8.002824
2025-07-23,7.697905,6.048685,7.033703,5.377687,10.944543,6.074926,0.886255,15.238619,4.458504,11.648647,8.612184,9.212420,12.405775,6.139468,4.908213,2.676531,8.745011,8.070908
2025-07-24,7.668978,6.046064,6.919655,5.356822,10.914735,6.041018,0.859003,15.207616,4.486081,11.653882,8.610083,9.221193,12.278687,6.152688,4.908529,2.673583,8.650996,8.073580
2025-07-25,7.707279,6.060154,7.015009,5.349918,10.999844,6.053189,0.868638,15.270292,4.470217,11.494745,8.665067,9.285372,12.398367,6.158456,4.949729,2.687504,8.670025,8.107686
2025-07-28,7.659498,5.979842,6.888707,5.258655,10.945333,5.985752,0.850096,15.354298,4.530627,11.419636,8.575683,9.201108,12.377511,6.074370,4.950605,2.685931,8.543678,8.105650
2025-07-29,7.651859,6.051842,6.846676,5.349830,10.822598,6.020031,0.840789,15.365726,4.571215,11.303499,8.584133,9.173146,12.283996,6.128607,4.949287,2.682114,8.519183,8.084270
2025-07-30,7.601006,6.076965,6.676817,5.263057,10.712160,5.977982,0.831655,15.327270,4.515068,11.308799,8.567132,9.122472,12.199670,6.098358,4.970658,2.678081,8.391983,8.074089
2025-07-31,7.527132,6.118812,6.649769,5.159619,10.785006,5.907469,0.812544,15.138087,4.491326,11.284153,8.249925,9.093621,12.076979,6.075513,4.933689,2.652219,8.266353,8.043802
2025-08-01,7.452037,6.145339,6.545633,5.133893,10.619677,5.924135,0.807854,14.873152,4.386780,11.156512,8.251944,8.940694,11.995273,6.091061,4.856371,2.622963,8.229650,7.911961
2025-08-04,7.542955,6.259352,6.609861,5.172045,10.696836,5.967975,0.814279,15.083838,4.395553,11.325569,8.378821,9.069652,12.199739,6.158289,4.940000,2.656507,8.311244,8.032221
2025-08-05,7.519393,6.189331,6.680839,5.197037,10.734021,5.984208,0.804949,14.896219,4.396813,11.264702,8.329638,9.053372,12.157317,6.134620,4.917560,2.653600,8.314323,7.991498
2025-08-06,7.504369,6.134042,6.534811,5.147382,10.747489,6.036309,0.800641,14.955130,4.342043,11.253512,8.186929,9.105907,12.222529,6.163697,4.918945,2.667379,8.261543,8.052710
2025-08-07,7.498234,6.193580,6.542939,5.164938,10.708601,6.089430,0.802450,14.861707,4.326479,11.191850,8.257931,9.016102,12.205009,6.175660,4.896818,2.661500,8.306419,8.045965
2025-08-08,7.517463,6.173009,6.581496,5.117449,10.714035,6.098663,0.817547,14.890169,4.345798,10.942874,8.364807,9.094073,12.191166,6.177778,4.907673,2.679513,8.367476,8.108704
2025-08-11,7.490946,6.154566,6.592421,5.076299,10.684769,6.066309,0.806999,14.779310,4.309166,11.012113,8.347982,9.088689,12.177930,6.172796,4.908085,2.671963,8.313733,8.092669
2025-08-12,7.593948,6.185114,6.669356,5.109610,10.868034,6.091737,0.824859,15.072565,4.335518,11.209003,8.453350,9.192476,12.412537,6.162624,4.976874,2.699193,8.447785,8.178824
2025-08-13,7.697302,6.210805,6.846394,5.165372,11.018578,6.134557,0.849689,15.235861,4.386527,11.373308,8.607470,9.271425,12.660586,6.211279,4.971412,2.707264,8.591513,8.206821
2025-08-14,7.650174,6.165377,6.812125,5.123813,10.895041,6.062333,0.842594,15.135502,4.394991,11.329154,8.603750,9.292827,12.480300,6.171006,4.931685,2.710309,8.540243,8.207584
2025-08-15,7.635973,6.126363,6.823304,5.153785,10.832561,6.070012,0.841522,15.068910,4.379683,11.385060,8.688514,9.183354,12.476408,6.156841,4.903969,2.712450,8.518094,8.188368
2025-08-18,7.631518,6.094690,6.785503,5.112011,10.863710,6.045300,0.840130,15.150920,4.350462,11.410070,8.660944,9.181704,12.489389,6.127280,4.921638,2.714626,8.473905,8.186586
2025-08-19,7.669353,6.165625,6.817289,5.206091,10.934301,6.097014,0.845576,15.058256,4.353163,11.367238,8.746403,9.210211,12.574644,6.200550,4.866660,2.700980,8.554552,8.142173
2025-08-20,7.663907,6.175626,6.825829,5.214600,10.861547,6.121697,0.836679,14.986874,4.382803,11.328861,8.797377,9.264080,12.475370,6.259038,4.878662,2.703381,8.533229,8.120539
2025-08-21,7.636126,6.122341,6.835470,5.196865,10.816559,6.102353,0.833009,14.928311,4.406964,11.337014,8.725637,9.225795,12.459989,6.227850,4.862032,2.696047,8.518214,8.087961
2025-08-22,7.786571,6.173809,6.998936,5.304832,11.071099,6.143022,0.864952,15.238446,4.512910,11.503217,8.851202,9.397134,12.792940,6.242862,4.928342,2.728713,8.738142,8.212166
2025-08-25,7.724890,6.098084,6.970956,5.273774,10.947887,6.046577,0.861991,15.148799,4.526950,11.470719,8.719545,9.338905,12.740371,6.160683,4.905088,2.713353,8.671881,8.176024
2025-08-26,7.729730,6.107969,6.989195,5.258034,11.019132,5.987098,0.856013,15.156660,4.523942,11.400569,8.719990,9.382723,12.755098,6.148549,4.952780,2.728169,8.644725,8.210257
2025-08-27,7.758276,6.122967,7.030602,5.291193,11.029704,6.008431,0.862250,15.252528,4.573511,11.446743,8.720917,9.404479,12.798613,6.166772,4.963183,2.733921,8.708709,8.228964
2025-08-28,7.753800,6.075174,7.014380,5.279469,11.009325,5.938003,0.858648,15.388032,4.623116,11.494396,8.662733,9.396709,12.821947,6.126436,4.993232,2.743283,8.677376,8.258106
2025-08-29,7.748471,6.071142,7.013656,5.311597,10.935336,5.980088,0.865343,15.226199,4.638855,11.476323,8.727384,9.406912,12.787468,6.141593,4.941218,2.736320,8.742360,8.208857
2025-09-02,7.691216,6.041685,6.958019,5.218152,10.824979,5.943873,0.851038,15.070716,4.650918,11.424176,8.694388,9.338187,12.759398,6.122668,4.918695,2.727577,8.646648,8.148027
2025-09-03,7.678298,6.032360,6.906037,5.222153,10.785116,5.930711,0.852840,15.105699,4.543822,11.538455,8.669026,9.332823,12.748441,6.128648,4.940370,2.733621,8.650189,8.192186
2025-09-04,7.731486,6.018676,6.924188,5.267543,10.917914,5.926641,0.852762,15.210549,4.593727,11.591360,8.699481,9.429662,12.888007,6.149372,4.997459,2.751754,8.689706,8.260651
2025-09-05,7.740206,6.013111,6.986014,5.323934,10.926477,5.957965,0.872972,15.324527,4.517331,11.661331,8.784134,9.276741,12.808188,6.138736,4.983296,2.742464,8.736357,8.236727
2025-09-08,7.736674,5.943219,6.998134,5.285600,10.944020,5.909732,0.872364,15.406157,4.492119,11.719573,8.758280,9.302180,12.822964,6.118140,5.021925,2.745544,8.677210,8.256961
2025-09-09,7.715447,5.989061,6.853497,5.275489,10.827261,5.904178,0.864879,15.425854,4.498251,11.710123,8.755788,9.309484,12.732955,6.115048,5.050937,2.766963,8.651201,8.276050
2025-09-10,7.699159,6.069247,6.891078,5.266900,10.879284,5.850944,0.849479,15.407418,4.597194,11.550124,8.629272,9.282210,12.658935,6.086965,5.141778,2.788452,8.644404,8.299974
2025-09-11,7.819757,6.110925,7.036471,5.351537,11.050913,5.890694,0.869649,15.623093,4.590497,11.901497,8.810846,9.438642,12.883995,6.164764,5.204923,2.813355,8.757652,8.368949
2025-09-12,7.758683,6.138007,6.975630,5.319545,10.927741,5.845700,0.855444,15.477106,4.561819,12.025272,8.672664,9.405555,12.751166,6.137876,5.209894,2.809928,8.694501,8.366149
2025-09-15,7.739608,6.139244,6.933318,5.313283,10.943008,5.766670,0.848994,15.575950,4.526319,12.122713,8.612466,9.331474,12.717770,6.088075,5.244940,2.821810,8.629589,8.410690
2025-09-16,7.723996,6.028020,6.926988,5.285868,10.911522,5.810648,0.853504,15.571133,4.615704,12.002349,8.610262,9.266930,12.681555,6.033542,5.204615,2.824203,8.625663,8.399109
2025-09-17,7.732441,6.044268,6.927212,5.268658,10.869052,5.822835,0.845922,15.622841,4.622382,12.080147,8.607754,9.344719,12.665467,6.063179,5.190970,2.833805,8.616216,8.388674
2025-09-18,7.780458,6.049849,6.926259,5.287441,10.965901,5.797225,0.853109,15.936575,4.621425,12.029165,8.670558,9.389340,12.690481,6.043357,5.278830,2.837297,8.649085,8.427870
2025-09-19,7.762698,6.088474,6.926246,5.262699,10.931274,5.778644,0.842367,15.956988,4.558369,12.098532,8.622834,9.388625,12.632480,6.048413,5.308238,2.849862,8.599996,8.469612
2025-09-22,7.766125,6.124036,6.906046,5.268775,10.930471,5.698016,0.840813,16.136554,4.561592,12.098370,8.633386,9.369483,12.571683,6.038254,5.341809,2.853070,8.554125,8.509682
2025-09-23,7.773554,6.181068,6.873258,5.304235,10.922551,5.727415,0.836809,16.029935,4.666534,12.143499,8.637806,9.355383,12.588910,6.080856,5.333284,2.845230,8.599271,8.463359
2025-09-24,7.759216,6.218011,6.838260,5.253436,10.863504,5.758950,0.838455,15.944256,4.738600,12.037588,8.615148,9.329038,12.603811,6.114417,5.281759,2.835104,8.608884,8.436433
2025-09-25,7.690474,6.149198,6.728992,5.230194,10.788143,5.680905,0.812106,15.824670,4.772917,12.018147,8.453320,9.307599,12.491794,6.077555,5.236004,2.821692,8.507551,8.397511
2025-09-26,7.766434,6.247729,6.834013,5.278719,10.889694,5.722305,0.821518,15.912648,4.833528,12.086475,8.549660,9.388103,12.655804,6.139034,5.268334,2.830293,8.605639,8.445621
2025-09-29,7.786567,6.277070,6.842641,5.287688,10.929462,5.733188,0.823173,15.984264,4.765302,12.186795,8.568897,9.413553,12.702551,6.163940,5.296862,2.831450,8.591568,8.469357
2025-09-30,7.806889,6.302694,6.865161,5.313080,11.003351,5.748296,0.817823,16.011470,4.718226,12.175023,8.740250,9.374368,12.635375,6.204587,5.313014,2.840410,8.641598,8.501260
2025-10-01,7.820926,6.345780,6.794092,5.302210,10.987226,5.743206,0.823673,16.129950,4.748446,11.962251,8.923664,9.283171,12.655000,6.160508,5.325721,2.845115,8.689219,8.530228
2025-10-02,7.840301,6.317326,6.914991,5.278340,11.024294,5.737501,0.828514,16.258742,4.679843,11.884296,8.970124,9.310179,12.698763,6.138935,5.342509,2.837020,8.654883,8.540054
2025-10-03,7.869270,6.388167,6.935847,5.295077,11.052451,5.753572,0.833134,16.222030,4.696467,11.916524,9.068432,9.382267,12.666523,6.172976,5.314244,2.836628,8.705224,8.539926
2025-10-06,7.864456,6.435802,6.952562,5.235326,11.071369,5.697982,0.824470,16.408787,4.727423,11.824267,9.009276,9.364565,12.605339,6.166722,5.330078,2.848633,8.611793,8.570553
2025-10-07,7.829003,6.462616,6.917862,5.217277,10.993774,5.739340,0.816032,16.220174,4.726729,11.802874,8.986297,9.384028,12.405831,6.198540,5.301915,2.850423,8.587319,8.538778
2025-10-08,7.853891,6.498337,6.941876,5.189997,11.091796,5.717798,0.814443,16.508689,4.696517,11.733107,9.005319,9.352854,12.407218,6.177281,5.358666,2.856696,8.542037,8.589695
2025-10-09,7.789976,6.461613,6.863580,5.162308,10.936812,5.717795,0.804641,16.391967,4.614007,11.580810,8.957723,9.323495,12.257643,6.132105,5.346651,2.850215,8.475826,8.564810
2025-10-10,7.616431,6.439558,6.660501,5.104321,10.681462,5.707735,0.787500,15.735782,4.440661,11.363002,8.801724,9.089654,12.025963,6.146261,5.170376,2.792337,8.320411,8.333322
2025-10-13,7.694930,6.474350,6.802885,5.134859,10.763952,5.701045,0.793636,16.103946,4.502637,11.457492,8.829027,9.168132,12.182844,6.133640,5.273897,2.827698,8.395399,8.461189
2025-10-14,7.763616,6.533617,6.852586,5.178804,10.935965,5.781236,0.804019,16.036156,4.494140,11.568534,8.886383,9.294561,12.372719,6.186438,5.274636,2.842909,8.490427,8.450853
2025-10-15,7.774079,6.613653,6.829387,5.230051,10.906865,5.801605,0.799807,16.151747,4.509128,11.640264,8.891046,9.225037,12.360513,6.174120,5.315233,2.859403,8.503078,8.488371
2025-10-16,7.702223,6.552099,6.759738,5.211234,10.873883,5.782397,0.795609,16.048832,4.439432,11.490844,8.915312,8.921808,12.266407,6.108912,5.256398,2.839654,8.408840,8.430563
2025-10-17,7.740704,6.543582,6.749385,5.236475,10.887807,5.870808,0.802622,16.079214,4.463504,11.544129,8.985628,8.993091,12.338272,6.156065,5.254781,2.853029,8.484554,8.478417
2025-10-20,7.817421,6.562781,6.829932,5.278808,11.030363,5.870858,0.809390,16.280773,4.522718,11.625163,9.109155,9.089844,12.424060,6.177351,5.293125,2.876900,8.542505,8.566597
2025-10-21,7.856637,6.512312,6.812885,5.282065,11.137656,5.837109,0.823334,16.392742,4.532234,11.660676,9.159628,9.120057,12.618632,6.168571,5.282600,2.874468,8.592509,8.566469
2025-10-22,7.817781,6.511157,6.776398,5.310249,10.946599,5.857593,0.817835,16.168338,4.585804,11.571573,9.182197,9.071500,12.587918,6.190454,5.206610,2.865684,8.594724,8.521933
2025-10-23,7.854319,6.490295,6.899257,5.303190,11.044530,5.819700,0.805837,16.371022,4.675372,11.545675,9.205348,9.092037,12.643106,6.146983,5.299372,2.874197,8.604707,8.572467
2025-10-24,7.872742,6.544571,6.931949,5.317531,11.076767,5.798603,0.804160,16.470444,4.613024,11.577833,9.207566,9.170196,12.601756,6.136077,5.386935,2.900577,8.643842,8.642526
2025-10-27,7.909580,6.548545,6.931316,5.323901,11.117454,5.831318,0.811197,16.640704,4.619866,11.720302,9.224582,9.199873,12.670808,6.136775,5.435297,2.928618,8.682097,8.744488
2025-10-28,7.836098,6.455975,6.943398,5.179998,11.033838,5.775510,0.803053,16.546429,4.554948,11.644064,9.157058,9.119460,12.546065,6.055012,5.375402,2.922388,8.553325,8.767714
2025-10-29,7.739695,6.430742,6.868688,5.024781,10.994355,5.610502,0.755506,16.468709,4.579035,11.551002,9.070240,8.996204,12.312564,5.951348,5.425200,2.915030,8.383174,8.771925
2025-10-30,7.708582,6.415779,6.777321,5.040387,10.983225,5.605561,0.745354,16.394296,4.567587,11.411789,9.040242,9.013525,12.129845,5.974237,5.328041,2.900737,8.331510,8.675450
2025-10-31,7.726919,6.374675,6.761474,5.044867,11.029220,5.607927,0.746754,16.518897,4.601241,11.509853,9.024189,9.039024,12.138244,5.947625,5.369061,2.904216,8.355381,8.703908
2025-11-03,7.701009,6.375022,6.727752,5.028894,10.947727,5.559608,0.734445,16.525185,4.632405,11.366627,9.046941,9.012903,12.065435,5.912286,5.386442,2.901771,8.303853,8.720242
2025-11-04,7.655419,6.371605,6.664019,5.040112,10.893946,5.572727,0.732120,16.091168,4.557252,11.256319,9.080242,9.047495,11.974448,5.955092,5.242138,2.873597,8.278729,8.616876
2025-11-05,7.698680,6.387755,6.716959,5.042128,10.957479,5.585414,0.742578,16.287853,4.583308,11.288417,9.067501,9.083538,12.102800,5.952574,5.309477,2.881500,8.339822,8.646737
2025-11-06,7.639281,6.366294,6.648001,5.011631,10.873397,5.535287,0.723046,16.060645,4.671687,11.157320,9.048397,9.036577,11.926199,5.934336,5.202644,2.856316,8.312818,8.553963
2025-11-07,7.713793,6.444175,6.729759,5.095721,10.952484,5.629690,0.739100,16.045515,4.729068,11.202971,9.093019,9.141870,12.150836,5.999840,5.238503,2.859769,8.434403,8.562386
2025-11-10,7.749554,6.438364,6.816564,5.083122,10.984654,5.621887,0.737095,16.277161,4.779948,11.279618,9.101043,9.182158,12.192264,6.001839,5.345061,2.901233,8.417102,8.695996
2025-11-11,7.798166,6.452627,6.881627,5.142357,10.991067,5.702398,0.740897,16.174794,4.851557,11.381441,9.313946,9.223686,12.244895,6.060511,5.295961,2.911350,8.530220,8.715903
2025-11-12,7.818042,6.465942,6.952074,5.100100,11.022252,5.695428,0.737724,16.232478,4.793708,11.327982,9.392083,9.301013,12.277612,6.067925,5.304584,2.920384,8.521885,8.720752
2025-11-13,7.730892,6.400470,6.947525,5.031099,10.862737,5.707120,0.733177,15.847871,4.794214,11.143775,9.355810,9.187541,12.155373,6.054678,5.130017,2.871822,8.510969,8.576040
2025-11-14,7.705473,6.404303,6.902562,5.040439,10.810884,5.696231,0.723117,15.819902,4.879270,11.097554,9.279243,9.137027,12.087881,6.053489,5.137725,2.872136,8.474227,8.574637
2025-11-17,7.599096,6.447023,6.764655,4.988352,10.663508,5.648675,0.708266,15.532033,4.776030,11.025052,9.226888,8.932766,11.869452,6.053253,5.061459,2.845171,8.347565,8.494751
2025-11-18,7.599359,6.424387,6.794136,5.003400,10.648306,5.688777,0.709917,15.376158,4.812451,11.079492,9.271303,8.944723,11.851886,6.060063,5.043141,2.821182,8.380152,8.423416
2025-11-19,7.577188,6.342891,6.800805,4.968275,10.653746,5.628735,0.708453,15.430786,4.754264,10.973810,9.226616,8.956892,11.811653,6.027738,5.079007,2.823579,8.306658,8.455957
2025-11-20,7.492140,6.318131,6.693622,4.949344,10.517390,5.646233,0.701119,15.010716,4.678502,10.825637,9.170028,8.897123,11.689171,6.034454,4.892926,2.779499,8.258070,8.327069
2025-11-21,7.643333,6.343371,6.857730,5.030579,10.741490,5.737299,0.724428,15.275364,4.726002,11.027442,9.443164,9.026748,12.071777,6.091488,4.916341,2.799962,8.463490,8.410017
2025-11-24,7.671323,6.409140,6.875830,5.028406,10.749324,5.700518,0.721095,15.487268,4.725059,11.044266,9.535015,9.058349,12.020767,6.071628,5.036703,2.840400,8.450327,8.533801
2025-11-25,7.785973,6.381179,7.005342,5.080308,10.944288,5.766574,0.737349,15.692059,4.707207,11.149998,9.742036,9.172866,12.388371,6.120878,5.092060,2.869910,8.572648,8.614069
2025-11-26,7.835914,6.461934,7.101066,5.100344,11.004033,5.835531,0.736735,15.800604,4.753711,11.231347,9.724100,9.231927,12.487243,6.153853,5.190923,2.892421,8.640153,8.673536
2025-11-28,7.876841,6.500301,7.153421,5.117772,11.044777,5.865663,0.741138,15.979452,4.826596,11.318668,9.709881,9.268571,12.512308,6.172899,5.238497,2.913216,8.672426,8.720880
2025-12-01,7.825802,6.352978,7.146459,5.056768,10.941787,5.860162,0.742552,15.904558,4.873254,11.293251,9.556687,9.214730,12.520543,6.087077,5.187324,2.894960,8.634556,8.681065
2025-12-02,7.821179,6.289910,7.096992,5.047903,11.013929,5.818844,0.738735,16.065830,4.818157,11.343758,9.512209,9.204449,12.450241,6.041515,5.219905,2.899781,8.588022,8.697144
2025-12-03,7.882220,6.271675,7.107124,5.035321,11.141584,5.814408,0.750145,16.248553,4.928762,11.307240,9.561620,9.319633,12.574531,6.026430,5.262724,2.920121,8.613527,8.727261
2025-12-04,7.887540,6.264440,7.044067,5.006160,11.173940,5.815523,0.744345,16.348832,4.958447,11.387494,9.541438,9.360691,12.490726,6.002528,5.307261,2.921157,8.581732,8.733641
2025-12-05,7.902232,6.218647,7.035743,4.993381,11.155812,5.841032,0.747707,16.493993,4.957515,11.463144,9.544188,9.348832,12.582590,5.985031,5.339966,2.930115,8.584570,8.750231
2025-12-08,7.853213,6.149605,6.953623,4.958011,11.113372,5.792427,0.744701,16.513081,4.883978,11.428078,9.422828,9.319852,12.467908,5.930164,5.368488,2.916175,8.523665,8.723943
2025-12-09,7.835352,6.161314,6.948174,4.943887,11.036225,5.787400,0.739035,16.506333,4.896304,11.450643,9.347361,9.369920,12.363763,5.912642,5.394247,2.916664,8.515929,8.716414
2025-12-10,7.940837,6.147850,7.086619,4.975337,11.281944,5.844406,0.754781,16.717841,4.933360,11.498376,9.499334,9.485255,12.585232,5.909941,5.479638,2.938785,8.639087,8.774222
2025-12-11,8.010902,6.183518,7.211862,5.015987,11.412213,5.899019,0.763732,16.765930,4.896416,11.495830,9.582846,9.618822,12.775447,5.958346,5.492488,2.947809,8.695677,8.794640
2025-12-12,7.966203,6.181156,7.199358,5.013849,11.322256,5.933066,0.765527,16.353047,4.838958,11.448991,9.559558,9.610646,12.804361,5.996993,5.343466,2.928240,8.697413,8.700079
2025-12-15,7.972755,6.235972,7.158503,5.036088,11.342699,5.940862,0.759009,16.224727,4.791739,11.455060,9.626517,9.613510,12.913210,6.042159,5.324823,2.930842,8.708528,8.686935
2025-12-16,7.919148,6.198286,7.099956,4.987968,11.281531,5.916262,0.750218,16.212070,4.629345,11.486724,9.497123,9.575935,12.846075,5.998807,5.319059,2.916364,8.655585,8.663199
2025-12-17,7.899759,6.179486,7.156025,5.030931,11.152628,5.938088,0.754324,15.954113,4.743935,11.412469,9.495437,9.586656,12.818114,6.039712,5.177657,2.886727,8.710764,8.567873
2025-12-18,7.913945,6.231080,7.157274,5.011411,11.212673,5.906713,0.752490,16.096162,4.659544,11.478641,9.490271,9.570140,12.888566,6.018217,5.280706,2.908175,8.684921,8.632572
2025-12-19,7.939431,6.152178,7.202154,4.986568,11.292882,5.881643,0.735842,16.319925,4.669872,11.487877,9.559287,9.624319,12.866931,5.973367,5.406024,2.940085,8.637950,8.710812
2025-12-22,7.999402,6.182047,7.281681,5.029576,11.407634,5.867033,0.736971,16.448399,4.711944,11.566837,9.632822,9.735429,12.933245,6.012030,5.457186,2.963556,8.690303,8.765080
2025-12-23,7.979214,6.197796,7.279518,5.016952,11.391182,5.819138,0.726325,16.404965,4.732380,11.614073,9.594348,9.727130,12.842560,6.012758,5.464380,2.968969,8.634305,8.805140
2025-12-24,8.010234,6.227913,7.299523,5.057082,11.426418,5.863822,0.731664,16.443908,4.710180,11.701850,9.629344,9.763957,12.894062,6.042865,5.485093,2.983624,8.696302,8.836114
2025-12-26,8.011321,6.222802,7.338440,5.064924,11.410563,5.872160,0.733528,16.470403,4.687145,11.679347,9.641985,9.747241,12.898584,6.039188,5.480308,2.980310,8.711970,8.835218
2025-12-29,7.996545,6.241805,7.276749,5.080140,11.378660,5.870626,0.732252,16.403830,4.733352,11.671750,9.621948,9.712430,12.846759,6.051637,5.439771,2.970767,8.713083,8.803732
2025-12-30,7.984113,6.260656,7.264380,5.094062,11.333627,5.868591,0.732358,16.338673,4.774883,11.689607,9.614414,9.671969,12.801334,6.053242,5.411623,2.965680,8.731053,8.792981
2025-12-31,7.915783,6.220243,7.207477,5.052481,11.227440,5.829663,0.729133,16.137326,4.738416,11.608483,9.537635,9.588171,12.710635,6.012613,5.345905,2.943446,8.673574,8.727835
2026-01-02,7.973361,6.292401,7.359855,5.051099,11.401628,5.847589,0.723460,16.234709,4.841655,11.491293,9.597319,9.620982,12.798676,6.006086,5.470111,2.958673,8.737588,8.743833
2026-01-05,8.047087,6.213479,7.434647,5.053559,11.570729,5.806874,0.728104,16.353286,4.920962,11.561291,9.715211,9.850176,12.895391,5.999603,5.529389,2.988723,8.730738,8.802068
2026-01-06,8.145098,6.252077,7.588843,5.106681,11.707986,5.821804,0.740180,16.811440,4.824721,11.493016,9.943634,9.888562,13.064987,6.019999,5.631328,3.007881,8.809358,8.854416
2026-01-07,8.051510,6.115990,7.466838,5.031899,11.503850,5.753358,0.726832,16.659298,4.778065,11.466391,9.938539,9.753138,12.933942,5.958934,5.567193,2.994128,8.677535,8.825874
2026-01-08,8.124646,6.144856,7.602174,5.085303,11.658404,5.896270,0.740609,16.531838,4.937383,11.478539,9.905135,9.842856,13.214638,6.027133,5.484987,2.993332,8.846406,8.824979
2026-01-09,8.173085,6.205739,7.711107,5.083660,11.832159,5.956225,0.740821,16.715911,4.921532,11.521676,9.893055,9.793079,13.343327,6.032091,5.599145,3.025035,8.878506,8.883342
2026-01-12,8.178758,6.215053,7.752007,5.096236,11.887449,6.015633,0.740320,16.754916,4.883739,11.508693,9.857900,9.745891,13.344939,6.041180,5.671093,3.034289,8.853535,8.897292
2026-01-13,8.179392,6.259093,7.808739,5.125696,11.931071,6.087065,0.737018,16.668364,4.964574,11.472342,9.825958,9.618082,13.377734,6.054790,5.728881,3.020075,8.875206,8.879502
2026-01-14,8.211222,6.314361,7.862859,5.186339,11.958790,6.193723,0.753176,16.584474,5.054769,11.463866,9.886999,9.676372,13.245155,6.113864,5.705508,3.002952,9.028853,8.835858
2026-01-15,8.249725,6.380153,7.891126,5.226567,12.093495,6.222771,0.753590,16.663512,4.996098,11.383251,9.930952,9.700537,13.325303,6.126179,5.777003,3.010374,9.064310,8.859920
2026-01-16,8.223909,6.370529,7.843356,5.300890,12.132245,6.165165,0.742290,16.658658,5.004653,11.209707,9.834065,9.682555,13.173439,6.156064,5.770587,3.011421,9.029116,8.852496
2026-01-20,8.098020,6.302894,7.789232,5.205564,11.892007,6.206369,0.736142,16.231565,4.991047,11.062398,9.747906,9.498570,12.895599,6.120465,5.678022,2.959053,8.923095,8.672288
2026-01-21,8.229237,6.328134,7.998473,5.235832,12.148275,6.195913,0.746319,16.581625,5.149542,11.122451,9.937805,9.599928,13.188949,6.147548,5.772886,2.986485,8.995098,8.772375
2026-01-22,8.247333,6.281656,8.046257,5.196370,12.149991,6.177021,0.757358,16.735920,5.164207,11.219732,9.942980,9.646127,13.194988,6.132161,5.741125,2.992164,9.011952,8.818195
2026-01-23,8.212083,6.248093,8.087132,5.215492,12.047164,6.212541,0.756829,16.601361,5.194643,11.296190,9.854463,9.524849,13.201154,6.131014,5.707412,2.989401,9.019489,8.821395
2026-01-26,8.233587,6.307705,8.080039,5.198541,12.050646,6.208226,0.761138,16.721561,5.194551,11.312398,9.897539,9.568226,13.178201,6.164938,5.727440,3.004413,9.020455,8.866191
2026-01-27,8.218472,6.380213,8.076376,5.198411,12.051576,6.245668,0.751816,16.777814,5.229156,11.163091,9.760069,9.488908,13.158640,6.175611,5.827470,3.007471,9.038511,8.901516
2026-01-28,8.189779,6.355984,8.074754,5.124817,11.983634,6.163087,0.745569,16.914394,5.277508,11.129676,9.665203,9.491393,13.033764,6.145251,5.831207,3.002525,8.921095,8.900620
2026-01-29,8.195990,6.347867,8.098798,5.181342,12.081276,6.148286,0.735768,16.626851,5.308823,11.290931,9.638682,9.565699,13.077848,6.156595,5.856114,3.017713,8.947280,8.882958
2026-01-30,8.175485,6.344203,7.985257,5.187791,12.018418,6.247787,0.740530,16.342640,5.336004,11.308409,9.673418,9.563840,13.033438,6.207433,5.717945,2.996867,9.057825,8.856464
2026-02-02,8.212908,6.257287,8.041573,5.126835,12.162152,6.282559,0.737417,16.558161,5.226996,11.266115,9.703145,9.617008,13.221579,6.188404,5.805320,3.031784,9.041770,8.900492
2026-02-03,8.177474,6.361784,8.249142,5.101788,12.261613,6.383205,0.711796,16.069767,5.383627,10.998150,9.634715,9.476965,13.178516,6.236767,5.827022,3.026220,9.089312,8.825235
2026-02-04,8.256884,6.336019,8.434965,5.197890,12.417004,6.504713,0.733554,16.016479,5.505499,10.924430,9.712735,9.562031,13.404493,6.274505,5.623870,2.989091,9.314285,8.782486
2026-02-05,8.175028,6.348103,8.182446,5.158205,12.319615,6.468624,0.728131,15.771851,5.445770,10.809731,9.723501,9.410164,13.248556,6.296738,5.574308,2.958792,9.225459,8.672799
2026-02-06,8.331166,6.382104,8.379417,5.238350,12.658394,6.537005,0.722229,16.266369,5.571287,10.842223,9.865928,9.573342,13.498578,6.312157,5.827711,3.026233,9.342591,8.839185
2026-02-09,8.340890,6.399804,8.487636,5.273266,12.696059,6.518980,0.722360,16.424022,5.586241,11.023986,9.794351,9.496557,13.432298,6.289337,5.915499,3.036539,9.351369,8.881806
2026-02-10,8.371909,6.510878,8.630304,5.352782,12.746446,6.532948,0.724304,16.420402,5.581242,11.217542,9.780324,9.421307,13.555886,6.348636,5.863327,3.018797,9.473845,8.858384
2026-02-11,8.374995,6.567841,8.729484,5.317507,12.817160,6.628308,0.713520,16.316149,5.730525,11.126237,9.848074,9.280286,13.531062,6.362327,5.922804,3.022995,9.527533,8.856336
2026-02-12,8.251658,6.668329,8.548290,5.275671,12.585040,6.654015,0.700708,15.918741,5.638255,10.777891,9.667026,9.139046,13.348952,6.377665,5.790980,2.978837,9.412673,8.719515
2026-02-13,8.343907,6.856407,8.605245,5.354859,12.715527,6.665391,0.712123,16.186231,5.722626,10.881946,9.800339,9.191945,13.381931,6.443529,5.887761,2.987699,9.531225,8.725659
2026-02-17,8.326319,6.845230,8.499821,5.402265,12.753901,6.567327,0.699276,16.029834,5.661711,10.891423,9.787618,9.255229,13.377879,6.456753,5.892061,2.985388,9.485751,8.739738
2026-02-18,8.381518,6.730849,8.560517,5.365343,12.805726,6.605410,0.706774,16.237948,5.759129,10.978020,9.900805,9.331118,13.490967,6.409979,5.953187,3.003061,9.463397,8.783766
2026-02-19,8.355831,6.807293,8.539292,5.343851,12.843052,6.580755,0.679687,16.144724,5.845101,11.029781,9.871077,9.251073,13.341044,6.435460,5.934007,2.995643,9.423336,8.760600
2026-02-20,8.393293,6.841411,8.551043,5.372496,12.922733,6.613226,0.679259,16.178024,5.867689,11.145820,9.878007,9.306012,13.433690,6.454435,6.007137,3.010150,9.473878,8.823955
2026-02-23,8.283048,6.884468,8.578712,5.376669,12.710310,6.672110,0.670501,15.750494,5.847035,10.956317,9.885918,9.029095,13.124820,6.485261,5.906539,2.969592,9.450351,8.733850
2026-02-24,8.354354,6.940652,8.660861,5.390806,12.859062,6.729766,0.673357,15.980500,5.860213,11.076157,9.874371,9.109678,13.274851,6.500041,6.005071,2.989191,9.482027,8.797333
2026-02-25,8.368056,6.959035,8.572795,5.358203,12.743993,6.634767,0.673407,16.210746,5.820564,11.107020,9.895457,9.268291,13.230407,6.495376,6.110270,3.021851,9.435528,8.871567
2026-02-26,8.434238,6.955517,8.571352,5.391677,12.895866,6.653220,0.688877,16.319966,5.865647,11.259685,9.917458,9.381107,13.388727,6.538575,6.080596,3.004899,9.493911,8.822291
2026-02-27,8.440790,7.035100,8.634256,5.389394,12.903782,6.726735,0.695801,16.297947,5.954656,11.503758,10.010571,9.173660,13.332182,6.596107,6.017925,3.004021,9.519336,8.779926
2026-03-02,8.424829,6.955426,8.627540,5.394862,12.978024,6.630929,0.688074,16.321666,6.092919,11.476097,9.912933,9.240167,13.091486,6.588506,6.001744,3.003213,9.463580,8.784918
2026-03-03,8.336007,6.911595,8.439507,5.371377,12.774279,6.532471,0.685604,16.160890,6.045873,11.453213,9.771710,9.174492,12.965977,6.561179,5.818759,2.968596,9.395095,8.707485
2026-03-04,8.371627,6.947445,8.453487,5.398693,12.771682,6.468551,0.684412,16.379737,6.030626,11.542920,9.827489,9.239442,12.993893,6.564800,5.889657,2.999406,9.434251,8.768919
2026-03-05,8.296528,6.880965,8.336879,5.353637,12.500953,6.367225,0.686941,16.363816,6.052242,11.625796,9.631791,9.181466,12.948299,6.494325,5.767347,2.966892,9.378805,8.720027
2026-03-06,8.191779,6.867538,8.194490,5.291999,12.271604,6.384115,0.686825,16.115029,6.063519,11.582174,9.472665,9.035014,12.716223,6.488771,5.623752,2.931585,9.320241,8.605733
2026-03-09,8.212207,6.870486,8.250404,5.289742,12.341926,6.373329,0.684498,16.293135,6.055404,11.532781,9.561013,8.966677,12.714520,6.480317,5.770567,2.957198,9.246202,8.681119
2026-03-10,8.138401,6.831921,8.211387,5.271339,12.212846,6.353991,0.665182,16.180114,5.980707,11.372283,9.402031,8.892805,12.631047,6.429207,5.791395,2.959473,9.186433,8.667168
2026-03-11,8.105481,6.782892,8.255185,5.198471,12.159686,6.262255,0.654575,16.190551,6.127871,11.305206,9.399563,8.816995,12.537748,6.379420,5.794781,2.963686,9.067533,8.656289
2026-03-12,7.971658,6.836385,8.339747,5.163669,11.837188,6.187180,0.631842,15.853392,6.149694,11.117342,9.183695,8.664035,12.223695,6.406431,5.656704,2.922320,8.969083,8.524844
2026-03-13,7.970988,6.905066,8.198739,5.162161,11.815344,6.213502,0.636754,15.881444,6.147544,11.106585,9.151794,8.684273,12.190896,6.433538,5.616489,2.915470,8.975361,8.476592
2026-03-16,8.028142,6.942459,8.205087,5.196571,11.908900,6.233490,0.630913,16.076448,6.167705,11.160633,9.219818,8.750866,12.298413,6.468900,5.719947,2.941151,9.001332,8.562857
2026-03-17,8.072038,6.924699,8.255975,5.225727,11.970880,6.220281,0.637174,16.190151,6.247201,11.129333,9.271298,8.821888,12.396259,6.456519,5.771158,2.943763,9.060717,8.585383
2026-03-18,7.961682,6.873705,8.116073,5.142352,11.837599,6.081163,0.630195,16.018878,6.253481,10.911104,9.135433,8.717341,12.115915,6.348587,5.708320,2.905979,8.936353,8.465585
2026-03-19,7.955314,6.831566,8.006167,5.141804,11.799518,6.028767,0.626656,16.149954,6.383767,10.870407,9.103484,8.710195,12.084531,6.306313,5.735714,2.901738,8.930008,8.444723
2026-03-20,7.843462,6.567521,7.842459,4.986923,11.628421,5.972536,0.622299,15.828275,6.360065,10.841619,9.028619,8.715016,11.868002,6.187646,5.588052,2.869112,8.791691,8.323661
2026-03-23,7.931582,6.628930,7.979961,5.028575,11.774420,5.998870,0.625779,16.032527,6.428170,10.933418,9.061270,8.801884,12.149315,6.202118,5.682471,2.900527,8.855325,8.411060
2026-03-24,7.933065,6.665453,8.179158,4.986127,11.831171,5.964500,0.620623,15.946767,6.566653,10.776103,9.074639,8.783704,12.133245,6.209431,5.735626,2.898076,8.868010,8.382825
2026-03-25,7.970092,6.679295,8.350652,4.983744,11.893543,5.999866,0.619307,16.033804,6.580509,10.798556,9.147493,8.779520,12.209859,6.218472,5.785616,2.918472,8.897577,8.429540
2026-03-26,7.902368,6.700806,8.290762,4.995589,11.649824,5.987349,0.619819,15.677959,6.678447,10.619951,9.135491,8.754762,12.063491,6.231211,5.563608,2.861570,8.920609,8.278999
2026-03-27,7.792400,6.737088,8.290574,4.944339,11.484379,6.045410,0.615032,15.349675,6.767850,10.476832,8.908999,8.555150,11.774908,6.216138,5.517566,2.822624,8.852336,8.137827
2026-03-30,7.780634,6.784339,8.322188,4.978397,11.346739,6.024401,0.618857,15.167702,6.640899,10.592730,8.917376,8.663630,11.742995,6.290917,5.371253,2.806246,8.909124,8.110619
2026-03-31,7.945577,6.796981,8.466908,5.043924,11.698944,6.033738,0.625689,15.708772,6.574595,10.804829,9.098735,8.852462,12.091173,6.308925,5.613626,2.885505,8.993094,8.346377
2026-04-01,7.970581,6.835615,8.541515,5.041280,11.843912,5.993739,0.622279,15.891822,6.362191,10.773367,9.141010,8.857209,12.103500,6.330927,5.792460,2.906557,8.970366,8.409263
2026-04-02,7.993408,6.884656,8.532958,5.135697,11.782158,6.016142,0.630006,16.061850,6.395294,10.806875,9.116731,8.897918,12.020267,6.389306,5.806567,2.909597,9.017227,8.416835
2026-04-06,8.029287,6.856340,8.497949,5.154351,11.829265,6.087250,0.631110,16.132516,6.429165,10.863918,9.119040,8.949723,12.160604,6.374922,5.845191,2.924979,9.032253,8.456620
2026-04-07,8.006501,6.874074,8.498985,5.148796,11.764959,5.995603,0.615456,16.182090,6.480341,10.890283,9.131737,8.939980,11.953151,6.367284,5.877307,2.930908,8.986092,8.460342
2026-04-08,8.199168,6.944338,8.731266,5.228793,12.214203,6.067055,0.618956,16.677774,6.283885,10.991889,9.347767,9.175115,12.428638,6.428620,6.207865,3.006777,9.108321,8.675822
2026-04-09,8.198979,7.015378,8.667815,5.247852,12.307479,6.128960,0.615387,16.525208,6.184165,10.983210,9.314198,9.174058,12.472205,6.474704,6.273759,3.030136,9.137286,8.725874
2026-04-10,8.134339,6.977359,8.729665,5.258330,12.250304,6.065722,0.609065,16.333374,6.178440,10.917793,9.204690,9.048325,12.360621,6.423983,6.299283,3.020460,9.081170,8.720099
2026-04-13,8.234110,6.894217,8.785297,5.278993,12.357800,6.023418,0.611880,16.858276,6.189447,11.059748,9.307741,9.259800,12.478236,6.393931,6.376461,3.047467,9.082335,8.805316
2026-04-14,8.267989,6.910585,8.745359,5.340570,12.417316,6.023750,0.612123,16.903714,6.057556,11.168766,9.376330,9.310616,12.611914,6.398286,6.448474,3.073271,9.144360,8.912607
2026-04-15,8.275368,6.847033,8.642289,5.345770,12.227100,5.996202,0.624009,17.106786,6.050701,11.312749,9.328507,9.428520,12.673820,6.363300,6.392317,3.086934,9.139124,8.982937
2026-04-16,8.314705,6.893159,8.790805,5.377159,12.232805,6.029903,0.632406,17.430551,6.138069,11.481202,9.280107,9.403662,12.595965,6.376818,6.458426,3.101219,9.202838,9.005011
2026-04-17,8.417398,6.867853,8.728444,5.482128,12.480071,6.095630,0.642812,17.650555,5.971605,11.482957,9.443981,9.502062,12.983129,6.404926,6.573877,3.127031,9.314766,9.113842
2026-04-20,8.440737,6.805546,8.796319,5.505974,12.536227,6.089146,0.647708,17.797534,5.978787,11.519157,9.417807,9.541685,13.011249,6.376550,6.563241,3.111062,9.350947,9.095618
2026-04-21,8.388945,6.687807,8.787891,5.394377,12.403072,6.030296,0.643110,17.868606,6.078508,11.387266,9.331979,9.530981,12.859410,6.292574,6.511213,3.094922,9.252935,9.036069
2026-04-22,8.386719,6.671969,8.828811,5.356027,12.325130,6.031088,0.639010,18.026865,6.177116,11.469492,9.345136,9.517570,12.700091,6.260952,6.574595,3.130253,9.185895,9.127574
2026-04-23,8.378095,6.826347,8.798174,5.405251,12.517358,6.112495,0.624071,17.719931,6.226405,11.391362,9.267101,9.439635,12.601029,6.383786,6.599462,3.122135,9.241416,9.092153
2026-04-24,8.361876,6.824270,8.798859,5.387233,12.407914,6.097125,0.618791,18.049411,6.248916,11.181295,9.185888,9.363293,12.541669,6.347435,6.683403,3.145015,9.169902,9.162611
2026-04-27,8.344309,6.823913,8.788101,5.346539,12.437160,6.028503,0.612162,17.950848,6.246275,11.141319,9.195661,9.409051,12.446183,6.334582,6.657691,3.136460,9.162071,9.178396
2026-04-28,8.310978,6.826538,8.692422,5.394556,12.307601,6.080776,0.606898,17.678074,6.338248,11.125074,9.123696,9.433116,12.379406,6.398963,6.489229,3.131023,9.206301,9.133735
2026-04-29,8.288250,6.760327,8.657122,5.355798,12.278572,6.030122,0.601792,17.933539,6.484165,11.086535,9.015621,9.357668,12.230944,6.362486,6.519099,3.142820,9.163695,9.132323
2026-04-30,8.408192,6.905590,8.798399,5.429496,12.519807,6.122114,0.612148,18.200010,6.580086,11.229019,9.144668,9.434879,12.363430,6.445659,6.740258,3.187546,9.321792,9.223187
2026-05-01,8.383609,6.869076,8.752559,5.428465,12.401269,6.075841,0.603762,18.390535,6.483128,11.326848,9.080873,9.407697,12.295119,6.416807,6.758512,3.198269,9.277150,9.248726
2026-05-04,8.330997,6.846085,8.659765,5.403657,12.217797,6.026692,0.597241,18.462040,6.562502,11.281765,9.049427,9.353186,12.031527,6.361446,6.785155,3.186031,9.170985,9.214845
2026-05-05,8.390166,6.835703,8.836441,5.435613,12.327458,6.085689,0.579855,18.732044,6.542413,11.210583,9.130881,9.394454,12.099177,6.361937,6.924850,3.220588,9.253932,9.288768
2026-05-06,8.455221,6.739938,8.958628,5.524903,12.575290,6.128316,0.576170,18.921206,6.263895,11.337913,9.172997,9.418818,12.370313,6.328377,7.088773,3.261098,9.360012,9.417876
2026-05-07,8.412001,6.670247,8.763397,5.493094,12.455807,6.122375,0.580076,18.989484,6.134814,11.378396,9.178191,9.349005,12.282561,6.290038,6.902176,3.236742,9.338121,9.389000
2026-05-08,8.417176,6.612229,8.791576,5.486472,12.393712,6.124343,0.566061,19.435096,6.115047,11.293796,9.138266,9.339208,12.194977,6.251319,7.077000,3.267495,9.334119,9.466517
2026-05-11,8.392909,6.674379,8.915693,5.500035,12.381902,6.028496,0.557139,19.547706,6.266027,11.117898,9.013277,9.314667,11.947842,6.270091,7.252511,3.279356,9.299802,9.488078
2026-05-12,8.395472,6.696475,8.924096,5.497330,12.336258,6.081208,0.553406,19.286625,6.309373,11.151898,9.162099,9.352741,11.882814,6.306369,7.163993,3.282173,9.328618,9.473704
2026-05-13,8.347228,6.619524,8.892552,5.447602,12.262037,6.079147,0.539087,19.335875,6.302255,11.093432,9.094300,9.246032,11.785402,6.276304,7.188999,3.294180,9.306516,9.526708
2026-05-14,8.382013,6.656132,8.812391,5.412951,12.351823,6.082872,0.536789,19.459043,6.355250,11.148372,9.097758,9.338302,11.834439,6.310625,7.189015,3.321724,9.292437,9.601914
2026-05-15,8.300570,6.502427,8.607071,5.338381,12.158757,6.057806,0.542125,19.318249,6.471937,11.044112,9.004901,9.308727,11.652348,6.242778,7.018789,3.281121,9.190871,9.486409
2026-05-18,8.367587,6.543004,8.564890,5.422596,12.179497,6.157709,0.561810,19.383996,6.584016,11.161014,9.099175,9.427532,11.701682,6.336818,6.875813,3.280324,9.332140,9.479736
2026-05-19,8.321049,6.610594,8.377988,5.430945,12.004164,6.146207,0.559296,19.238970,6.666502,11.071391,9.137200,9.323365,11.594584,6.362044,6.815071,3.267761,9.330994,9.416593
2026-05-20,8.414990,6.645546,8.460257,5.504178,12.187723,6.142506,0.563806,19.602772,6.540984,11.087812,9.203052,9.408105,11.908555,6.363780,6.938593,3.307135,9.401442,9.513104
2026-05-21,8.446169,6.711075,8.490374,5.517619,12.188273,6.147423,0.558508,19.760693,6.455915,11.174452,9.228797,9.429803,12.029799,6.390660,7.008169,3.329374,9.436948,9.531970
2026-05-22,8.518659,6.773689,8.543572,5.531448,12.291482,6.186705,0.566857,20.244242,6.506140,11.145855,9.291516,9.433659,12.103733,6.421654,7.073205,3.350570,9.531650,9.569444
2026-05-26,8.541841,6.775417,8.660171,5.546292,12.459821,6.112351,0.553216,20.540471,6.348985,11.161277,9.215402,9.438854,12.155426,6.400735,7.249723,3.373362,9.521287,9.632972
2026-05-27,8.542745,6.751846,8.711042,5.551202,12.488427,6.193609,0.560242,20.398252,6.242628,11.284270,9.191534,9.358064,12.333276,6.383849,7.186939,3.372097,9.571665,9.631304
2026-05-28,8.573647,6.668652,8.747238,5.532661,12.489408,6.229446,0.562626,20.601125,6.243539,11.309796,9.332197,9.329226,12.426415,6.307172,7.220443,3.387351,9.620966,9.684436
2026-05-29,8.580853,6.634187,8.700948,5.481935,12.447433,6.143260,0.564066,21.150148,6.169333,11.259170,9.293826,9.365272,12.369697,6.246679,7.259396,3.399262,9.568348,9.708564
2026-06-01,8.589930,6.462718,8.645247,5.421723,12.390212,6.080307,0.574781,21.797678,6.250634,11.361007,9.240494,9.343519,12.332567,6.155357,7.279461,3.404697,9.515302,9.735001
2026-06-02,8.606385,6.581248,8.731905,5.462797,12.502873,6.055849,0.559652,22.039797,6.325286,11.160712,9.129337,9.334041,12.234359,6.198217,7.490939,3.417925,9.552006,9.748220
2026-06-03,8.566594,6.556452,8.748730,5.461639,12.492920,6.036174,0.548706,21.762357,6.414186,10.880551,9.216828,9.191173,12.188133,6.217125,7.537761,3.410361,9.447642,9.679816
2026-06-04,8.647836,6.593936,8.729239,5.581684,12.617466,6.030775,0.556684,21.608173,6.436012,10.932177,9.445716,9.440554,12.233921,6.278077,7.483018,3.433135,9.558246,9.716392
2026-06-05,8.567694,6.665508,8.549815,5.614104,12.519624,6.142809,0.558600,20.473274,6.275669,10.869811,9.468809,9.472697,12.194126,6.388093,7.039045,3.331574,9.632938,9.465618
2026-06-08,8.544382,6.540740,8.420481,5.549499,12.481884,6.123658,0.551057,20.696188,6.345838,10.830802,9.436978,9.407712,12.161124,6.295434,7.214921,3.362731,9.567783,9.487051
2026-06-09,8.626723,6.618531,8.524332,5.675621,12.684277,6.228318,0.562761,20.401202,6.242043,10.842241,9.642831,9.513030,12.404279,6.401001,7.136071,3.349792,9.729701,9.459201
2026-06-10,8.524055,6.615989,8.339394,5.669968,12.285416,6.303433,0.562175,19.883744,6.332474,10.816502,9.484107,9.524366,12.212703,6.441453,6.936018,3.301232,9.747295,9.310072
2026-06-11,8.640399,6.621253,8.590210,5.658023,12.658880,6.307928,0.563013,20.325943,6.220329,10.846258,9.545194,9.596355,12.565339,6.428506,7.296210,3.381464,9.833505,9.468314
2026-06-12,8.713357,6.691153,8.785210,5.710235,12.730315,6.360707,0.572103,20.526276,6.283377,10.902944,9.566374,9.717102,12.621717,6.479554,7.456514,3.410693,9.949193,9.519521
2026-06-15,8.745167,6.721646,8.808248,5.648135,12.834709,6.329274,0.550503,20.975107,6.079174,10.980574,9.550808,9.724073,12.739297,6.455348,7.668921,3.464817,9.863141,9.687388
2026-06-16,8.736412,6.766762,8.823180,5.645131,12.899904,6.313927,0.556634,20.592469,6.034573,10.955458,9.547012,9.811550,12.748704,6.471813,7.488703,3.443420,9.850614,9.629635
2026-06-17,8.591083,6.677692,8.722745,5.501279,12.747736,6.151844,0.538789,20.264752,5.960301,10.668392,9.367954,9.724422,12.468238,6.366198,7.490172,3.427376,9.649233,9.509382
2026-06-18,8.616919,6.712254,8.673217,5.497532,12.852838,6.143579,0.526299,20.543141,5.875916,10.635628,9.378822,9.653148,12.633551,6.344873,7.653095,3.464079,9.656392,9.608251
2026-06-22,8.622688,6.756071,8.634108,5.540130,12.897419,6.098521,0.515668,20.665548,5.975797,10.495367,9.356667,9.698979,12.474083,6.373801,7.848303,3.468522,9.620809,9.578014
2026-06-23,8.607788,6.818582,8.476350,5.616283,12.705641,6.213123,0.525427,20.140434,6.012706,10.590148,9.477490,9.740247,12.450706,6.461857,7.462141,3.417521,9.724259,9.438923
2026-06-24,8.670911,6.896788,8.473082,5.614858,12.916150,6.300712,0.541640,20.184555,5.931362,10.535185,9.640444,9.676734,12.715981,6.510871,7.450457,3.407849,9.769332,9.434548
2026-06-25,8.719749,6.949592,8.573353,5.643962,13.179591,6.302573,0.541701,20.287741,6.007105,10.448651,9.796394,9.618825,12.630360,6.519625,7.683620,3.443506,9.861376,9.448187
2026-06-26,8.771165,7.015055,8.540374,5.744017,13.059206,6.389524,0.557123,20.134073,5.990161,10.633789,10.005864,9.729262,12.749980,6.611213,7.339837,3.425127,10.010889,9.379863
2026-06-29,8.780346,6.984635,8.362737,5.706541,13.107367,6.352265,0.555415,20.445376,5.973390,10.763963,9.984272,9.734408,12.710848,6.593254,7.541758,3.480845,9.988301,9.534395
2026-06-30,8.766590,6.885213,8.378484,5.596565,13.253469,6.232995,0.548989,20.745746,5.939191,10.620609,9.894027,9.722811,12.675837,6.529997,7.699757,3.514380,9.826566,9.608637
2026-07-01,8.800405,6.807465,8.388276,5.618192,13.167154,6.296868,0.567792,20.576410,5.868278,10.845438,10.034181,9.978508,12.681954,6.526748,7.396716,3.477630,9.924608,9.595642
2026-07-02,8.872200,6.954185,8.540741,5.682651,13.230493,6.402238,0.585700,20.165176,5.905067,10.894083,10.294011,10.154980,12.790259,6.679066,7.069476,3.446996,10.074612,9.583032
2026-07-06,8.875392,6.878742,8.549687,5.617502,13.296927,6.310712,0.579544,20.441571,5.897332,10.882551,10.233435,10.249823,12.676231,6.605353,7.175822,3.478999,10.000739,9.666667
2026-07-07,8.871206,6.945167,8.502236,5.675887,13.109167,6.368246,0.589953,20.174385,6.049854,10.929402,10.303176,10.271079,12.659445,6.683633,6.953773,3.437735,10.106453,9.620732
2026-07-08,8.774949,6.889324,8.342916,5.571330,12.930413,6.316902,0.566337,20.232637,6.179703,10.789609,10.126866,10.086353,12.410426,6.593552,7.056615,3.425892,9.964394,9.591010
2026-07-09,8.830840,6.852284,8.328265,5.576148,13.003162,6.251813,0.578089,20.682334,6.086130,10.845972,10.179627,10.182763,12.546480,6.539722,7.231572,3.466172,9.980034,9.672200
2026-07-10,8.862733,6.892483,8.426011,5.604129,13.057494,6.341889,0.564658,20.628101,6.099845,10.831473,10.158396,10.226932,12.661482,6.561393,7.215621,3.467562,10.079375,9.713889
2026-07-13,8.859468,6.934086,8.433018,5.633601,12.982019,6.368437,0.572829,20.377441,6.262650,10.807892,10.200273,10.298365,12.548164,6.610404,7.044888,3.422441,10.123909,9.639518
2026-07-14,8.825558,6.919817,8.469701,5.609676,12.991462,6.277134,0.554473,20.422279,6.289819,10.736527,10.016396,10.267934,12.498465,6.573212,7.189357,3.440372,10.053778,9.673744
2026-07-15,8.811921,6.844741,8.435878,5.625647,12.942528,6.295170,0.563651,20.116575,6.228165,10.879888,10.055562,10.329282,12.554929,6.504656,7.024244,3.422298,10.101466,9.712088
2026-07-16,8.898433,6.895182,8.444803,5.744202,13.106191,6.468812,0.578873,19.894899,6.272884,10.882191,10.268503,10.434082,12.773530,6.629922,6.782202,3.380507,10.298986,9.659462
2026-07-17,8.830433,6.843698,8.421738,5.728854,12.979104,6.412195,0.566673,19.765174,6.340177,10.694618,10.166465,10.371677,12.602700,6.606914,6.760976,3.346930,10.267532,9.563860
2026-07-20,8.788592,6.805286,8.366200,5.699832,12.887545,6.409412,0.578425,19.774007,6.340061,10.656353,10.066794,10.322686,12.499803,6.576597,6.764650,3.334484,10.217306,9.548420
2026-07-21,8.810306,6.797069,8.387826,5.682125,12.900580,6.361527,0.566449,20.127061,6.392328,10.589304,10.078046,10.298514,12.511744,6.549526,7.046010,3.398428,10.204892,9.628066
2026-07-22,8.808794,6.950529,8.514878,5.660347,12.962268,6.386407,0.562084,19.977347,6.486642,10.536625,9.971264,10.266633,12.478894,6.603348,7.031765,3.389685,10.242697,9.616872
2026-07-23,8.773804,6.977003,8.412996,5.640111,13.104146,6.273389,0.559286,19.844730,6.483915,10.206629,10.069829,10.216344,12.254454,6.627218,7.013917,3.362214,10.159323,9.498110
2026-07-24,8.842930,6.991905,8.463753,5.741681,13.199332,6.346482,0.571038,19.781240,6.503939,10.301066,10.115476,10.337149,12.516861,6.678418,6.799153,3.337397,10.337549,9.507761
2026-07-27,8.911987,6.902798,8.477343,5.745925,13.265748,6.457706,0.585476,19.952287,6.346884,10.478025,10.219117,10.452683,12.805651,6.652628,6.688740,3.329314,10.429828,9.509819
2026-07-28,9.006919,6.878432,8.620692,5.803204,13.286076,6.583970,0.606742,19.870239,6.248255,10.728251,10.532664,10.611573,13.101971,6.682063,6.438401,3.293984,10.614545,9.532594
2026-07-29,8.926081,6.776927,8.564496,5.821518,12.874238,6.601246,0.622635,19.632347,6.368360,10.715265,10.536167,10.473347,13.032260,6.634789,6.215512,3.214094,10.631449,9.385911
2026-07-30,8.927061,6.749639,8.559011,5.716854,12.912041,6.463751,0.605175,20.200801,6.405121,10.501260,10.452494,10.460270,12.946212,6.521891,6.613157,3.321488,10.430721,9.543273
2026-07-31,8.916955,6.695424,8.417769,5.691731,12.970848,6.417847,0.603720,20.294097,6.497494,10.533087,10.422860,10.431164,12.860056,6.501567,6.687031,3.339063,10.368593,9.611983
2026-08-03,9.009944,6.705697,8.500575,5.723612,13.201323,6.425141,0.608309,20.611199,6.417713,10.759842,10.530289,10.540968,12.991379,6.496356,6.816989,3.382721,10.422129,9.748887
2026-08-04,9.143359,6.653013,8.669557,5.719772,13.469441,6.486525,0.624314,21.675437,6.386034,10.925944,10.548874,10.612778,13.042300,6.496821,7.126723,3.478142,10.507475,9.924649
2026-08-05,9.123910,6.592205,8.775688,5.714732,13.464419,6.473770,0.605622,21.411805,6.240421,10.872972,10.561817,10.637467,13.158497,6.478328,7.029143,3.469818,10.459554,9.904834
2026-08-06,9.076784,6.560782,8.734556,5.642070,13.310520,6.462669,0.605622,21.314251,6.327286,10.850860,10.535301,10.594941,13.040314,6.464930,6.933262,3.451082,10.393401,9.889008
2026-08-07,9.140393,6.587808,8.806597,5.678348,13.389469,6.481271,0.586595,21.689738,6.261961,10.768089,10.654892,10.580350,13.238334,6.468605,7.012304,3.470556,10.470416,9.949482
2026-08-10,9.142598,6.509886,8.899171,5.595708,13.281001,6.453633,0.584469,21.669492,6.567380,10.797345,10.793399,10.586568,13.145623,6.395022,6.949344,3.480287,10.421803,9.946523
2026-08-11,9.162895,6.572634,8.891259,5.559968,13.378420,6.432917,0.590065,21.689606,6.652156,10.788148,10.791697,10.602805,13.183445,6.394566,6.985971,3.472483,10.432065,9.914742
2026-08-12,9.182171,6.612799,8.789443,5.592756,13.387372,6.442545,0.577082,21.985160,6.635589,10.730226,10.823042,10.619517,13.080931,6.404075,7.196795,3.505041,10.405546,9.939575
2026-08-13,9.251246,6.641007,8.728932,5.681997,13.419307,6.520921,0.621180,22.352664,6.633832,10.976211,10.824967,10.712045,13.108015,6.440388,7.239416,3.523340,10.541944,10.008928
2026-08-14,9.257362,6.691650,8.793854,5.683567,13.434321,6.545056,0.608756,22.246790,6.751059,11.008882,10.794880,10.705170,13.092946,6.452552,7.289436,3.511441,10.551564,9.989113
2026-08-17,9.174502,6.664353,8.742573,5.612936,13.349148,6.419188,0.584357,22.106905,6.807100,10.799891,10.723648,10.596700,12.890047,6.416673,7.410130,3.504271,10.393800,9.941891
2026-08-18,9.134408,6.644323,8.652414,5.583939,13.164486,6.471476,0.578873,21.661641,6.909274,10.843970,10.788574,10.608852,12.865828,6.425963,7.095105,3.476733,10.439309,9.874726
2026-08-19,9.219953,6.645747,8.753269,5.664428,13.176997,6.596997,0.582902,21.540791,6.912801,10.959026,11.336528,10.572215,13.041229,6.414046,7.166510,3.457527,10.609902,9.895441
2026-08-20,9.156017,6.612594,8.766322,5.674716,13.025398,6.552968,0.575067,21.499045,6.934063,10.873098,11.169235,10.506363,12.866239,6.389153,7.097510,3.414933,10.603191,9.812321
2026-08-21,9.210702,6.457416,8.951893,5.672442,13.049268,6.604487,0.588498,21.628788,6.924024,10.932331,11.318181,10.623266,13.022676,6.325794,7.122216,3.441679,10.637839,9.852466
2026-08-24,9.219218,6.525557,8.945761,5.720064,12.978715,6.692835,0.592751,21.323425,6.863600,10.987646,11.317765,10.729864,13.126033,6.396552,6.975839,3.430353,10.701526,9.823515
2026-08-25,9.210366,6.535532,8.921811,5.712892,12.906846,6.617574,0.586931,21.476944,6.751161,11.082209,11.362162,10.728207,13.052898,6.368373,7.063275,3.446078,10.632632,9.854910
2026-08-26,9.230236,6.577065,8.942142,5.668895,13.038546,6.616292,0.587043,21.627157,6.822462,11.011396,11.333835,10.737764,12.988112,6.384082,7.150230,3.449343,10.627558,9.857098
2026-08-27,9.204245,6.522371,8.907738,5.604836,12.943695,6.529795,0.588498,22.145317,6.838713,10.944578,11.267233,10.694974,12.727925,6.310411,7.166097,3.457168,10.513713,9.921690
2026-08-28,9.173365,6.458715,8.909779,5.598043,12.818012,6.554968,0.595214,21.817244,6.869184,11.069853,11.233271,10.685135,12.818287,6.312323,6.988365,3.440081,10.537404,9.899173
2026-08-31,9.116605,6.352387,8.870685,5.551734,12.680883,6.499537,0.596669,21.843475,6.989147,10.945977,11.221065,10.595276,12.636137,6.288667,6.994136,3.433620,10.423238,9.869579
2026-09-01,9.043223,6.411105,8.808937,5.543507,12.473516,6.524439,0.578313,21.403329,7.057900,10.856963,11.225031,10.489650,12.491014,6.299920,6.920827,3.395473,10.434687,9.801770
2026-09-02,9.083709,6.405484,8.990711,5.519161,12.472957,6.558771,0.581783,21.375859,7.092681,11.073218,11.325256,10.562975,12.571432,6.295574,6.961503,3.410970,10.490843,9.845260
2026-09-03,9.148560,6.468984,8.898242,5.564905,12.611705,6.503598,0.590177,21.610099,7.047797,11.123813,11.339905,10.791259,12.612545,6.336077,6.981503,3.452380,10.501705,9.948324
2026-09-04,9.112442,6.479979,8.849959,5.531867,12.665986,6.457744,0.593199,21.616042,6.989840,10.970386,11.236303,10.695634,12.563106,6.296259,7.091009,3.458543,10.444075,9.909981
2026-09-08,9.024331,6.544136,8.816785,5.507618,12.575091,6.389662,0.569247,21.538560,7.074609,10.892690,10.951951,10.506786,12.321570,6.297473,7.213614,3.457264,10.356927,9.855554
2026-09-09,8.938170,6.465725,8.730432,5.447004,12.397040,6.318723,0.544512,21.510065,7.095402,10.688793,10.890686,10.422459,12.080536,6.243306,7.210999,3.451942,10.205580,9.809748
2026-09-10,8.877117,6.401094,8.618666,5.393665,12.288732,6.314522,0.547646,21.286125,7.038622,10.812493,10.784992,10.380832,12.024531,6.208744,7.081019,3.414300,10.176082,9.750946
2026-09-11,8.949434,6.377369,8.620118,5.441061,12.427837,6.323578,0.577306,21.760837,7.044544,10.938982,10.815384,10.429455,12.092329,6.208215,7.206236,3.446583,10.222879,9.834066
2026-09-14,8.950669,6.304564,8.518849,5.434200,12.361368,6.383952,0.570702,21.490982,6.977261,11.163439,10.969394,10.471667,12.190277,6.215804,7.001251,3.422246,10.253025,9.790190
2026-09-15,8.903044,6.226991,8.604038,5.423042,12.267074,6.334862,0.559845,21.412045,7.107455,11.049973,10.993389,10.384338,11.966458,6.167213,7.004398,3.414700,10.206221,9.745284
2026-09-16,8.833089,6.238787,8.514576,5.370319,12.200049,6.303056,0.553466,21.329761,6.870517,10.937800,11.013764,10.182982,11.880642,6.134516,7.020010,3.406664,10.092934,9.702309
2026-09-17,8.875637,6.285195,8.578347,5.388325,12.225206,6.317609,0.551787,21.652580,6.914318,10.796131,11.033186,10.209285,11.946598,6.151848,7.162042,3.447910,10.133863,9.812321
2026-09-18,8.836965,6.199851,8.425002,5.329143,12.250388,6.248679,0.528171,21.691037,6.901631,10.624387,10.977533,10.246415,11.823076,6.102596,7.224066,3.460771,10.015922,9.824949
2026-09-21,8.883907,6.167932,8.389503,5.364523,12.278157,6.217110,0.520112,22.144043,6.796329,10.811018,11.036569,10.266435,11.914450,6.073421,7.368198,3.519139,10.006512,9.977285
2026-09-22,8.883849,6.147056,8.518866,5.365017,12.336820,6.258693,0.515971,22.220639,6.690444,10.668828,11.122204,10.080622,11.991183,6.069429,7.405915,3.521128,9.988970,9.975737
