Date,全體等權,行業:公用,行業:原材料,行業:地產,行業:工業,行業:必需消費,行業:科技,行業:能源,行業:通訊/互聯網,行業:醫療,行業:金融,行業:非必需消費,風格:低波,風格:動量,風格:大市值,風格:高息,QQQ
2010-07-01,1.002749,,,,1.000225,1.001277,1.002531,,1.009668,0.991255,,1.013772,0.997859,,,1.001113,0.997190
2010-07-02,0.997328,,,,0.988176,0.989057,0.999159,,0.999621,0.998602,,0.995863,0.992692,,,0.991825,0.994381
2010-07-06,0.996851,,,,0.986496,0.984862,0.998602,,1.005749,0.997591,,0.994616,0.995775,,,0.996077,0.997424
2010-07-07,1.027756,,,,1.014934,0.990151,1.036831,,1.040657,1.011891,,1.023408,1.016502,,,1.030860,1.029267
2010-07-08,1.033408,,,,1.029136,1.016050,1.039471,,1.046100,1.020060,,1.027945,1.019714,,,1.035194,1.034886
2010-07-09,1.042087,,,,1.040901,1.024804,1.047403,,1.050456,1.028209,,1.039136,1.026838,,,1.045022,1.044720
2010-07-12,1.043911,,,,1.043934,1.020062,1.053304,,1.058480,1.019828,,1.037027,1.024205,,,1.042242,1.047764
2010-07-13,1.067740,,,,1.063317,1.030640,1.075501,,1.093921,1.039403,,1.069259,1.044288,,,1.067861,1.061344
2010-07-14,1.074596,,,,1.077851,1.027722,1.084804,,1.097545,1.042134,,1.070939,1.048995,,,1.071583,1.066729
2010-07-15,1.076475,,,,1.071689,1.031370,1.084346,,1.108374,1.044579,,1.080043,1.051084,,,1.076011,1.067666
2010-07-16,1.041722,,,,1.046583,1.002736,1.052260,,1.064644,1.006463,,1.038148,1.021240,,,1.038383,1.038164
2010-07-19,1.054294,,,,1.057318,0.999818,1.068079,,1.074363,1.014229,,1.050177,1.025353,,,1.055297,1.047062
2010-07-20,1.063716,,,,1.072011,1.004742,1.077034,,1.084717,1.013356,,1.068534,1.031713,,,1.064278,1.059705
2010-07-21,1.044320,,,,1.054835,0.977749,1.055300,,1.073018,0.999773,,1.046234,1.013197,,,1.044097,1.045188
2010-07-22,1.072527,,,,1.086818,1.001277,1.087666,,1.094928,1.017328,,1.074267,1.038015,,,1.074091,1.071646
2010-07-23,1.078818,,,,1.100232,1.020427,1.094107,,1.123966,1.002544,,1.087833,1.038439,,,1.086379,1.078436
2010-07-26,1.090648,,,,1.118491,1.016050,1.104120,,1.136980,1.020977,,1.095126,1.047807,,,1.099427,1.087333
2010-07-27,1.083560,,,,1.102897,1.043407,1.099822,,1.140388,1.015428,,1.075640,1.047611,,,1.094559,1.086865
2010-07-28,1.075581,,,,1.115408,1.030640,1.087343,,1.128276,1.007060,,1.070937,1.048108,,,1.084136,1.078202
2010-07-29,1.065262,,,,1.113177,1.025169,1.072685,,1.125877,0.999051,,1.062441,1.035617,,,1.073053,1.070241
2010-07-30,1.069919,,,,1.120105,1.034288,1.068952,,1.138294,1.016167,,1.073229,1.048802,,,1.071245,1.072583
2010-08-02,1.088038,,,,1.139411,1.036659,1.088655,,1.158551,1.037264,,1.083647,1.066642,,,1.089601,1.092718
2010-08-03,1.085524,,,,1.130273,1.031370,1.086609,,1.152666,1.039398,,1.080269,1.065040,,,1.085766,1.088036
2010-08-04,1.102940,,,,1.149035,1.050681,1.095529,,1.171485,1.052565,,1.125022,1.069954,,,1.087432,1.099040
2010-08-05,1.101410,,,,1.145480,1.033475,1.092149,,1.165104,1.056721,,1.127658,1.066869,,,1.088503,1.096465
2010-08-06,1.100845,,,,1.138193,1.034939,1.088766,,1.167968,1.061695,,1.132045,1.065734,,,1.092299,1.094826
2010-08-09,1.107447,,,,1.147530,1.046288,1.094868,,1.175613,1.062050,,1.144226,1.069798,,,1.101324,1.102318
2010-08-10,1.092913,,,,1.127656,1.042993,1.073758,,1.171795,1.056221,,1.138124,1.066572,,,1.080720,1.092718
2010-08-11,1.061566,,,,1.086459,1.022675,1.043800,,1.133234,1.029566,,1.105209,1.046770,,,1.048213,1.062983
2010-08-12,1.054085,,,,1.082167,1.019014,1.026178,,1.132742,1.033592,,1.111476,1.037409,,,1.043693,1.054554
2010-08-13,1.049734,,,,1.073994,1.012424,1.024717,,1.126017,1.028824,,1.102063,1.031671,,,1.038398,1.047062
2010-08-16,1.051857,,,,1.078651,1.013523,1.027509,,1.130968,1.022993,,1.108045,1.035551,,,1.042061,1.048935
2010-08-17,1.067979,,,,1.109832,1.021943,1.041705,,1.133447,1.033501,,1.133063,1.051375,,,1.058281,1.062280
2010-08-18,1.071914,,,,1.109882,1.019197,1.048461,,1.129481,1.034169,,1.137921,1.053169,,,1.061053,1.066495
2010-08-19,1.059041,,,,1.086121,1.006933,1.042631,,1.105920,1.011553,,1.124647,1.041458,,,1.040443,1.050339
2010-08-20,1.063450,,,,1.090259,1.007482,1.052202,,1.104107,1.005095,,1.128085,1.039771,,,1.037767,1.051744
2010-08-23,1.053709,,,,1.080348,1.004920,1.041480,,1.090345,0.997997,,1.119454,1.038796,,,1.031281,1.041442
2010-08-24,1.035550,,,,1.060518,1.017733,1.027626,,1.065580,0.975599,,1.093080,1.029080,,,1.013503,1.022009
2010-08-25,1.045382,,,,1.058472,1.044640,1.034908,,1.074890,0.989785,,1.111550,1.034856,,,1.023233,1.031843
2010-08-26,1.031878,,,,1.051943,1.030180,1.023522,,1.060975,0.970058,,1.094423,1.023808,,,1.009420,1.019433
2010-08-27,1.049742,,,,1.072371,1.028532,1.041446,,1.088272,0.986587,,1.110035,1.035104,,,1.025047,1.031843
2010-08-30,1.032891,,,,1.051481,1.026336,1.023683,,1.069972,0.975358,,1.091343,1.023027,,,1.006724,1.021072
2010-08-31,1.028640,,,,1.052449,1.034207,1.016562,,1.080890,0.967609,,1.089182,1.019700,,,1.002123,1.017560
2010-09-01,1.061751,,,,1.094453,1.057820,1.047131,,1.112998,0.996731,,1.130268,1.046965,,,1.026096,1.047998
2010-09-02,1.078495,,,,1.116990,1.072463,1.063235,,1.120312,1.006084,,1.157698,1.057967,,,1.038882,1.059705
2010-09-03,1.092638,,,,1.130870,1.072097,1.077368,,1.137996,1.018683,,1.173761,1.065762,,,1.058780,1.077265
2010-09-07,1.079625,,,,1.117367,1.073379,1.065654,,1.116816,1.009496,,1.154489,1.056713,,,1.037047,1.070007
2010-09-08,1.093483,,,,1.128704,1.083812,1.076926,,1.132358,1.022783,,1.178215,1.060397,,,1.038795,1.082885
2010-09-09,1.098025,,,,1.127259,1.078870,1.083546,,1.136033,1.028362,,1.180066,1.065021,,,1.046790,1.087099
2010-09-10,1.100107,,,,1.136675,1.089853,1.080375,,1.143993,1.034403,,1.186149,1.073441,,,1.041186,1.091079
2010-09-13,1.119370,,,,1.152751,1.099188,1.107665,,1.155225,1.037564,,1.204512,1.087167,,,1.062284,1.106298
2010-09-14,1.124725,,,,1.152526,1.117310,1.113360,,1.146922,1.047500,,1.211212,1.091357,,,1.069288,1.110981
2010-09-15,1.129892,,,,1.156771,1.120055,1.118067,,1.153609,1.056758,,1.213240,1.099112,,,1.072545,1.118005
2010-09-16,1.130976,,,,1.148156,1.120970,1.121987,,1.144734,1.054915,,1.219066,1.096352,,,1.078897,1.122454
2010-09-17,1.134213,,,,1.155202,1.121886,1.125080,,1.150993,1.050953,,1.227573,1.105169,,,1.083175,1.126256
2010-09-20,1.152712,,,,1.171552,1.121703,1.141767,,1.188612,1.066099,,1.250761,1.116646,,,1.106498,1.145969
2010-09-21,1.150454,,,,1.171332,1.121520,1.139946,,1.195693,1.065898,,1.239264,1.107083,,,1.102579,1.145735
2010-09-22,1.139817,,,,1.163258,1.140922,1.122922,,1.195304,1.057613,,1.236960,1.105294,,,1.095401,1.142684
2010-09-23,1.136640,,,,1.148670,1.144034,1.122567,,1.201377,1.051686,,1.230795,1.099500,,,1.094268,1.142214
2010-09-24,1.165462,,,,1.182775,1.172406,1.152003,,1.232508,1.069305,,1.266100,1.121896,,,1.125679,1.165448
2010-09-27,1.156272,,,,1.169364,1.166549,1.146412,,1.244925,1.048466,,1.252838,1.116626,,,1.112262,1.159112
2010-09-28,1.164563,,,,1.182806,1.189796,1.155174,,1.237460,1.055550,,1.262374,1.126981,,,1.125269,1.158642
2010-09-29,1.161403,,,,1.183598,1.183755,1.157384,,1.238310,1.047674,,1.244024,1.127441,,,1.121497,1.156765
2010-09-30,1.156143,,,,1.181273,1.180460,1.153581,,1.228049,1.044866,,1.231339,1.131534,,,1.119166,1.151602
2010-10-01,1.156040,,,,1.179885,1.190711,1.154057,,1.218168,1.049555,,1.227448,1.129709,,,1.119987,1.150194
2010-10-04,1.143908,,,,1.166760,1.181742,1.139193,,1.208169,1.037813,,1.222887,1.120353,,,1.114303,1.137755
2010-10-05,1.169395,,,,1.200730,1.183572,1.161178,,1.248749,1.060339,,1.253401,1.139215,,,1.134666,1.165448
2010-10-06,1.155856,,,,1.201020,1.197300,1.145193,,1.230501,1.051099,,1.232984,1.137686,,,1.127098,1.155357
2010-10-07,1.160691,,,,1.196607,1.194555,1.155034,,1.229586,1.050680,,1.237056,1.140062,,,1.128548,1.159581
2010-10-08,1.164173,,,,1.208835,1.176799,1.154710,,1.235862,1.055122,,1.246827,1.140223,,,1.138166,1.167560
2010-10-11,1.165935,,,,1.211285,1.177348,1.157104,,1.242395,1.053128,,1.248804,1.140900,,,1.147785,1.168030
2010-10-12,1.172144,,,,1.196505,1.159410,1.169414,,1.242056,1.054118,,1.260183,1.142136,,,1.152876,1.176009
2010-10-13,1.182119,,,,1.211962,1.159776,1.182133,,1.250933,1.057510,,1.267314,1.151297,,,1.158040,1.185631
2010-10-14,1.180564,,,,1.208587,1.156481,1.180529,,1.254429,1.053713,,1.267910,1.150233,,,1.157867,1.183284
2010-10-15,1.196633,,,,1.213275,1.166000,1.198285,,1.302584,1.068857,,1.274471,1.158147,,,1.157017,1.208396
2010-10-18,1.199042,,,,1.209594,1.157030,1.198433,,1.329032,1.077768,,1.271732,1.156448,,,1.156279,1.203937
2010-10-19,1.183184,,,,1.199318,1.138726,1.183388,,1.308684,1.066858,,1.246268,1.142085,,,1.140661,1.192672
2010-10-20,1.195180,,,,1.220910,1.146048,1.197698,,1.317722,1.070250,,1.256709,1.156271,,,1.156583,1.201355
2010-10-21,1.199583,,,,1.222080,1.164169,1.199214,,1.324356,1.069465,,1.275555,1.162615,,,1.159290,1.203702
2010-10-22,1.215359,,,,1.224604,1.172040,1.216439,,1.339685,1.075788,,1.307180,1.167434,,,1.172650,1.211916
2010-10-25,1.222297,,,,1.228748,1.173504,1.220986,,1.353379,1.085200,,1.318192,1.168854,,,1.174065,1.217783
2010-10-26,1.225451,,,,1.221396,1.165634,1.224456,,1.367075,1.086736,,1.326148,1.173029,,,1.188088,1.221069
2010-10-27,1.229631,,,,1.209015,1.156544,1.231845,,1.374171,1.096258,,1.324806,1.171448,,,1.191145,1.224824
2010-10-28,1.232614,,,,1.207104,1.153238,1.234558,,1.395277,1.095511,,1.330028,1.161252,,,1.196857,1.227405
2010-10-29,1.232182,,,,1.209025,1.152687,1.235050,,1.383105,1.085833,,1.340878,1.158721,,,1.199247,1.224589
2010-11-01,1.230704,,,,1.214534,1.162053,1.233988,,1.372544,1.084850,,1.335127,1.160908,,,1.206463,1.225528
2010-11-02,1.242451,,,,1.229767,1.170133,1.245586,,1.384825,1.089731,,1.353437,1.167091,,,1.216760,1.238670
2010-11-03,1.244073,,,,1.231965,1.159849,1.244824,,1.397232,1.091593,,1.359017,1.165955,,,1.215411,1.244302
2010-11-04,1.259589,,,,1.260453,1.202453,1.267986,,1.409110,1.083586,,1.368876,1.177989,,,1.241331,1.259557
2010-11-05,1.262574,,,,1.259776,1.200984,1.269867,,1.404580,1.081727,,1.387168,1.175143,,,1.239677,1.259557
2010-11-08,1.263343,,,,1.253420,1.190149,1.269361,,1.407784,1.081616,,1.398170,1.172878,,,1.236630,1.261200
2010-11-09,1.259141,,,,1.237725,1.179314,1.268293,,1.394404,1.079623,,1.393347,1.167914,,,1.225779,1.254394
2010-11-10,1.262958,,,,1.246810,1.183538,1.268501,,1.401881,1.081508,,1.405974,1.172905,,,1.228886,1.260730
2010-11-11,1.257197,,,,1.249974,1.200065,1.254148,,1.405270,1.082154,,1.407324,1.176019,,,1.224019,1.252751
2010-11-12,1.242675,,,,1.234522,1.197311,1.243275,,1.382457,1.068285,,1.383105,1.166463,,,1.219506,1.232334
2010-11-15,1.241434,,,,1.240005,1.202453,1.240790,,1.373333,1.076853,,1.371119,1.169335,,,1.218823,1.227640
2010-11-16,1.223258,,,,1.215549,1.207227,1.217116,,1.336391,1.062682,,1.375010,1.155229,,,1.203513,1.207457
2010-11-17,1.228585,,,,1.217851,1.230733,1.218570,,1.346321,1.068439,,1.390395,1.159092,,,1.203461,1.210977
2010-11-18,1.246354,,,,1.239751,1.219531,1.238788,,1.365588,1.081876,,1.404971,1.172954,,,1.218458,1.230456
2010-11-19,1.249520,,,,1.255484,1.222285,1.242050,,1.364072,1.078209,,1.410028,1.180215,,,1.223673,1.231395
2010-11-22,1.254097,,,,1.254070,1.235140,1.246871,,1.359610,1.078518,,1.426057,1.181880,,,1.229578,1.241721
2010-11-23,1.233867,,,,1.238112,1.228529,1.224774,,1.333442,1.060680,,1.407537,1.164873,,,1.213129,1.222007
2010-11-24,1.258951,,,,1.274436,1.240282,1.248148,,1.354446,1.079286,,1.441649,1.185141,,,1.234613,1.246649
2010-11-26,1.253659,,,,1.267657,1.234405,1.241612,,1.347516,1.075188,,1.440889,1.179733,,,1.228644,1.238435
2010-11-29,1.245815,,,,1.262018,1.229815,1.234122,,1.329050,1.070136,,1.431053,1.173500,,,1.224255,1.237497
2010-11-30,1.233976,,,,1.256120,1.241567,1.223044,,1.300307,1.059974,,1.415324,1.169429,,,1.213860,1.222477
2010-12-01,1.264988,,,,1.296511,1.254422,1.258449,,1.334128,1.079547,,1.440295,1.195784,,,1.252748,1.248292
2010-12-02,1.281991,,,,1.319431,1.267276,1.281653,,1.335923,1.088235,,1.450319,1.212029,,,1.271944,1.260965
2010-12-03,1.289255,,,,1.329048,1.255891,1.291106,,1.345947,1.092441,,1.453601,1.215966,,,1.283076,1.264251
2010-12-06,1.286376,,,,1.320903,1.270582,1.289239,,1.352981,1.084501,,1.451392,1.209947,,,1.278450,1.263781
2010-12-07,1.288167,,,,1.337587,1.278846,1.290631,,1.358772,1.082476,,1.447251,1.214440,,,1.276526,1.264485
2010-12-08,1.293089,,,,1.340492,1.271684,1.300344,,1.354321,1.083168,,1.448742,1.219580,,,1.282309,1.269179
2010-12-09,1.293930,,,,1.341911,1.304187,1.296180,,1.355196,1.093699,,1.448765,1.221794,,,1.274912,1.270353
2010-12-10,1.302863,,,,1.350026,1.308411,1.305258,,1.368430,1.105993,,1.451678,1.229861,,,1.279826,1.278801
2010-12-13,1.294017,,,,1.341121,1.299046,1.297994,,1.376985,1.100645,,1.426149,1.227019,,,1.274385,1.274342
2010-12-14,1.299237,,,,1.351940,1.307676,1.300125,,1.384524,1.116343,,1.422560,1.242148,,,1.283079,1.276689
2010-12-15,1.290834,,,,1.352077,1.304738,1.290024,,1.348216,1.111469,,1.420778,1.239985,,,1.279442,1.271057
2010-12-16,1.304547,,,,1.368407,1.324387,1.303509,,1.344946,1.122302,,1.443362,1.256401,,,1.294234,1.280913
2010-12-17,1.306195,,,,1.354624,1.319246,1.308680,,1.343844,1.126542,,1.441997,1.259423,,,1.296057,1.282042
2010-12-20,1.307969,,,,1.355376,1.327877,1.307437,,1.352926,1.128417,,1.449999,1.255520,,,1.290122,1.282983
2010-12-21,1.315447,,,,1.368078,1.328060,1.319273,,1.369690,1.126155,,1.449221,1.257560,,,1.291987,1.290743
2010-12-22,1.312025,,,,1.360728,1.327142,1.317340,,1.366466,1.121582,,1.444776,1.256735,,,1.281949,1.290508
2010-12-23,1.307442,,,,1.357593,1.326591,1.312788,,1.367658,1.120812,,1.431522,1.251584,,,1.277941,1.287215
2010-12-27,1.306249,,,,1.354719,1.323653,1.315015,,1.364891,1.118326,,1.423110,1.250869,,,1.277208,1.287921
2010-12-28,1.304668,,,,1.353898,1.335222,1.314486,,1.356630,1.115577,,1.420651,1.250695,,,1.275567,1.285569
2010-12-29,1.307355,,,,1.360144,1.335038,1.316360,,1.354626,1.117938,,1.426258,1.252401,,,1.276988,1.288391
2010-12-30,1.304614,,,,1.359133,1.337793,1.314383,,1.348750,1.114072,,1.422274,1.252040,,,1.277152,1.285334
2010-12-31,1.300207,,,,1.356947,1.326040,1.311330,,1.343727,1.110785,,1.411964,1.245989,,,1.277747,1.280631
2011-01-03,1.319598,,,,1.374100,1.330815,1.328168,,1.367955,1.131345,,1.438194,1.259974,,,1.294774,1.300619
2011-01-04,1.312445,,,,1.357159,1.328244,1.320741,,1.377067,1.129969,,1.423581,1.245054,,,1.293879,1.299678
2011-01-05,1.325299,,,,1.360623,1.303636,1.332909,,1.407111,1.140275,,1.444249,1.253379,,,1.308680,1.310731
2011-01-06,1.330056,,,,1.356776,1.297393,1.345217,,1.412529,1.141540,,1.435989,1.251715,,,1.307576,1.314963
2011-01-07,1.328297,,,,1.354302,1.297393,1.340983,,1.418919,1.137985,,1.441151,1.248702,,,1.304389,1.313787
2011-01-10,1.330535,,,,1.356967,1.294271,1.345143,,1.416921,1.137407,,1.442941,1.245783,,,1.304680,1.318726
2011-01-11,1.334275,,,,1.356325,1.305106,1.348847,,1.412484,1.150642,,1.439972,1.248428,,,1.306378,1.320607
2011-01-12,1.346352,,,,1.360341,1.312818,1.367624,,1.408785,1.160155,,1.446239,1.261363,,,1.311425,1.330013
2011-01-13,1.346605,,,,1.355648,1.314838,1.363939,,1.412105,1.167671,,1.451206,1.257332,,,1.311200,1.330483
2011-01-14,1.360163,,,,1.364803,1.331549,1.383723,,1.426065,1.171153,,1.460038,1.269369,,,1.322626,1.340360
2011-01-18,1.371874,,,,1.376623,1.333202,1.395675,,1.453290,1.187680,,1.459375,1.277704,,,1.336657,1.344122
2011-01-19,1.355656,,,,1.353134,1.323469,1.377972,,1.446294,1.170417,,1.449569,1.268999,,,1.323755,1.328837
2011-01-20,1.350607,,,,1.351767,1.328795,1.366374,,1.435927,1.175319,,1.450937,1.272821,,,1.320017,1.319431
2011-01-21,1.345827,,,,1.343872,1.336324,1.358915,,1.432836,1.182656,,1.439554,1.267566,,,1.314628,1.309320
2011-01-24,1.361978,,,,1.348757,1.333569,1.387122,,1.444095,1.190464,,1.439679,1.277121,,,1.330064,1.327426
2011-01-25,1.359599,,,,1.347284,1.330631,1.380650,,1.444618,1.193993,,1.440853,1.275956,,,1.333987,1.329307
2011-01-26,1.368263,,,,1.359762,1.333569,1.390409,,1.451849,1.203838,,1.443322,1.275539,,,1.340812,1.336362
2011-01-27,1.374354,,,,1.364568,1.342751,1.397642,,1.453564,1.199269,,1.460836,1.281262,,,1.343270,1.344592
2011-01-28,1.340048,,,,1.313218,1.320898,1.365706,,1.420512,1.175717,,1.416188,1.252799,,,1.314868,1.310495
2011-01-31,1.344765,,,,1.323692,1.319246,1.371174,,1.427217,1.176127,,1.419892,1.253810,,,1.318733,1.316844
2011-02-01,1.368902,,,,1.328340,1.330080,1.399024,,1.484356,1.191757,,1.443399,1.276857,,,1.339973,1.341535
2011-02-02,1.365985,,,,1.296002,1.301066,1.404794,,1.474924,1.188911,,1.439033,1.264379,,,1.339730,1.339419
2011-02-03,1.369448,,,,1.303476,1.359462,1.403654,,1.479470,1.185457,,1.455274,1.268685,,,1.349269,1.341770
2011-02-04,1.377434,,,,1.313933,1.361298,1.411794,,1.482082,1.189649,,1.468345,1.266670,,,1.364237,1.349295
2011-02-07,1.382115,,,,1.321682,1.363502,1.418723,,1.487466,1.188166,,1.471649,1.275917,,,1.366587,1.355644
2011-02-08,1.388894,,,,1.326008,1.373602,1.421172,,1.499240,1.185279,,1.502528,1.280158,,,1.373367,1.364580
2011-02-09,1.383821,,,,1.323381,1.374983,1.414281,,1.506080,1.174567,,1.503201,1.276607,,,1.372037,1.362229
2011-02-10,1.391578,,,,1.338081,1.372773,1.417115,,1.520880,1.183333,,1.518118,1.284495,,,1.378962,1.364345
2011-02-11,1.398196,,,,1.353901,1.381796,1.423759,,1.539009,1.192357,,1.510207,1.285907,,,1.394226,1.374221
2011-02-14,1.400028,,,,1.350776,1.374799,1.426883,,1.534518,1.199841,,1.507610,1.283968,,,1.386666,1.377513
2011-02-15,1.396430,,,,1.348403,1.368722,1.418546,,1.536558,1.202276,,1.508309,1.280955,,,1.382818,1.375632
2011-02-16,1.404069,,,,1.362519,1.380323,1.427776,,1.559821,1.202729,,1.508894,1.285133,,,1.390218,1.384568
2011-02-17,1.409737,,,,1.360004,1.378113,1.440743,,1.558326,1.206484,,1.503484,1.291128,,,1.401845,1.384098
2011-02-18,1.411893,,,,1.363380,1.388978,1.443435,,1.566586,1.208507,,1.500001,1.295441,,,1.399267,1.381041
2011-02-22,1.370659,,,,1.300384,1.360620,1.398329,,1.513845,1.186117,,1.465730,1.262762,,,1.362632,1.341065
2011-02-23,1.353038,,,,1.275237,1.341285,1.375317,,1.493961,1.191645,,1.442580,1.248587,,,1.345811,1.330013
2011-02-24,1.361982,,,,1.280432,1.343863,1.386091,,1.498131,1.195812,,1.456565,1.255336,,,1.347549,1.337067
2011-02-25,1.381780,,,,1.289494,1.354728,1.411446,,1.511554,1.215534,,1.469727,1.272872,,,1.368990,1.355644
2011-02-28,1.380627,,,,1.294847,1.377193,1.404057,,1.526500,1.216902,,1.471115,1.274428,,,1.372391,1.358466
2011-03-01,1.359179,,,,1.268279,1.355648,1.378875,,1.498504,1.206444,,1.454358,1.256331,,,1.360209,1.336597
2011-03-02,1.366162,,,,1.279057,1.321398,1.385174,,1.505303,1.213665,,1.464835,1.254882,,,1.369752,1.343652
2011-03-03,1.394312,,,,1.317170,1.334840,1.412261,,1.539196,1.240549,,1.489548,1.276341,,,1.395117,1.370224
2011-03-04,1.386224,,,,1.299570,1.340733,1.399194,,1.524918,1.244465,,1.489779,1.267491,,,1.390221,1.363169
2011-03-07,1.371432,,,,1.283557,1.329316,1.382885,,1.511088,1.233948,,1.475037,1.252485,,,1.373821,1.344827
2011-03-08,1.378222,,,,1.308505,1.355648,1.394117,,1.517739,1.234160,,1.461134,1.272490,,,1.384700,1.350236
2011-03-09,1.371390,,,,1.310582,1.365592,1.380189,,1.512841,1.232297,,1.461639,1.274454,,,1.383897,1.341065
2011-03-10,1.347198,,,,1.288470,1.351229,1.347841,,1.490983,1.205310,,1.463065,1.254068,,,1.359851,1.320137
2011-03-11,1.353516,,,,1.296903,1.335945,1.352478,,1.506705,1.215936,,1.466479,1.261439,,,1.365474,1.328367
2011-03-14,1.346064,,,,1.289705,1.322871,1.347693,,1.488353,1.208828,,1.455120,1.256553,,,1.358862,1.323664
2011-03-15,1.331566,,,,1.277736,1.317715,1.332805,,1.467926,1.193312,,1.443037,1.240623,,,1.339735,1.304852
2011-03-16,1.307928,,,,1.265627,1.284570,1.305581,,1.430357,1.174983,,1.423585,1.220798,,,1.313640,1.273342
2011-03-17,1.317267,,,,1.277498,1.297460,1.315642,,1.457674,1.181122,,1.425010,1.228506,,,1.321234,1.285099
2011-03-18,1.319713,,,,1.287945,1.301142,1.319645,,1.452185,1.180248,,1.424117,1.237869,,,1.324679,1.282203
2011-03-21,1.340167,,,,1.312947,1.308140,1.341069,,1.491037,1.191774,,1.443001,1.252977,,,1.349034,1.306928
2011-03-22,1.334078,,,,1.294053,1.317531,1.336406,,1.499160,1.193074,,1.424915,1.249237,,,1.341228,1.304573
2011-03-23,1.344539,,,,1.306998,1.305930,1.344984,,1.516252,1.196323,,1.447760,1.255338,,,1.350758,1.311873
2011-03-24,1.367362,,,,1.314926,1.327843,1.369696,,1.532347,1.220025,,1.475537,1.260306,,,1.360649,1.335186
2011-03-25,1.368072,,,,1.322327,1.315874,1.369108,,1.533762,1.218467,,1.479661,1.260500,,,1.363842,1.338483
2011-03-28,1.362558,,,,1.318763,1.312191,1.367451,,1.521642,1.215433,,1.460236,1.257504,,,1.359323,1.331183
2011-03-29,1.377778,,,,1.334525,1.323976,1.381109,,1.541047,1.232853,,1.475648,1.270467,,,1.366879,1.344135
2011-03-30,1.388804,,,,1.351028,1.340733,1.385713,,1.544761,1.246111,,1.502128,1.279157,,,1.373085,1.350493
2011-03-31,1.389749,,,,1.367669,1.350124,1.385803,,1.546437,1.247258,,1.493793,1.284891,,,1.365806,1.352376
2011-04-01,1.393431,,,,1.379894,1.367249,1.380168,,1.564722,1.254468,,1.509543,1.293505,,,1.375986,1.353083
2011-04-04,1.390290,,,,1.383340,1.365776,1.370208,,1.576461,1.256960,,1.511094,1.298850,,,1.378559,1.348609
2011-04-05,1.389000,,,,1.382845,1.379771,1.368578,,1.556517,1.250227,,1.522406,1.296835,,,1.381538,1.345076
2011-04-06,1.394674,,,,1.397209,1.380876,1.377805,,1.547782,1.255484,,1.517366,1.305055,,,1.393861,1.348373
2011-04-07,1.391876,,,,1.390500,1.432988,1.372882,,1.554226,1.253424,,1.513430,1.307419,,,1.395183,1.347431
2011-04-08,1.387456,,,,1.367066,1.407024,1.366729,,1.558205,1.252260,,1.522166,1.295199,,,1.384025,1.341073
2011-04-11,1.388006,,,,1.364351,1.403157,1.364260,,1.566590,1.260870,,1.522246,1.295680,,,1.385639,1.336599
2011-04-12,1.377216,,,,1.354156,1.407760,1.354199,,1.539977,1.251520,,1.511765,1.290807,,,1.374382,1.327415
2011-04-13,1.383769,,,,1.353768,1.407024,1.360654,,1.556755,1.259150,,1.518560,1.294166,,,1.383591,1.338718
2011-04-14,1.387360,,,,1.373787,1.405735,1.362203,,1.563533,1.263076,,1.516477,1.296509,,,1.382501,1.336364
2011-04-15,1.391553,,,,1.393961,1.417336,1.361507,,1.541059,1.270039,,1.531967,1.305274,,,1.395662,1.334009
2011-04-18,1.373873,,,,1.370256,1.416047,1.344336,,1.517933,1.249155,,1.521370,1.293073,,,1.382780,1.324590
2011-04-19,1.377752,,,,1.379743,1.412548,1.344401,,1.530828,1.254327,,1.529516,1.296854,,,1.385220,1.332831
2011-04-20,1.410815,,,,1.407735,1.446614,1.384310,,1.548600,1.275686,,1.562619,1.322690,,,1.428700,1.362973
2011-04-21,1.413494,,,,1.415937,1.452322,1.385043,,1.541174,1.278428,,1.571580,1.318068,,,1.423597,1.373805
2011-04-25,1.416766,,,,1.408857,1.448455,1.389669,,1.549092,1.278948,,1.579453,1.320525,,,1.428001,1.377338
2011-04-26,1.430901,,,,1.426999,1.469079,1.402920,,1.564976,1.304643,,1.577660,1.338045,,,1.442553,1.385109
2011-04-27,1.443656,,,,1.442425,1.493386,1.411312,,1.574647,1.316920,,1.603088,1.351739,,,1.454409,1.394528
2011-04-28,1.441257,,,,1.442732,1.500015,1.403262,,1.570007,1.326980,,1.602345,1.349769,,,1.454612,1.392408
2011-04-29,1.438194,,,,1.435279,1.489519,1.402859,,1.578975,1.313328,,1.602160,1.343336,,,1.452674,1.391231
2011-05-02,1.439491,,,,1.432807,1.492281,1.395833,,1.575311,1.332743,,1.613261,1.349180,,,1.449186,1.388641
2011-05-03,1.428072,,,,1.422965,1.482522,1.383300,,1.543519,1.332211,,1.599852,1.347894,,,1.441719,1.382047
2011-05-04,1.423471,,,,1.416876,1.475708,1.379575,,1.531541,1.328016,,1.596271,1.344170,,,1.442100,1.379928
2011-05-05,1.417590,,,,1.413930,1.465949,1.373131,,1.524141,1.315169,,1.599893,1.334011,,,1.439357,1.372392
2011-05-06,1.426904,,,,1.420234,1.481417,1.387198,,1.520811,1.325492,,1.598304,1.338364,,,1.443040,1.376867
2011-05-09,1.434237,,,,1.428435,1.498910,1.388572,,1.532603,1.344588,,1.607590,1.344994,,,1.444892,1.382047
2011-05-10,1.447412,,,,1.444489,1.514194,1.401074,,1.539914,1.350295,,1.631854,1.357330,,,1.456838,1.393821
2011-05-11,1.436805,,,,1.432390,1.508838,1.390048,,1.518249,1.343633,,1.623359,1.352860,,,1.447235,1.383696
2011-05-12,1.450911,,,,1.437762,1.538756,1.406322,,1.514051,1.363619,,1.634638,1.365844,,,1.459262,1.391938
2011-05-13,1.433368,,,,1.419805,1.527676,1.384515,,1.482214,1.356264,,1.625554,1.356786,,,1.446033,1.375454
2011-05-16,1.411093,,,,1.409474,1.520104,1.360277,,1.456158,1.345819,,1.588361,1.344587,,,1.427773,1.351670
2011-05-17,1.411587,,,,1.399766,1.527491,1.356237,,1.490336,1.341771,,1.601038,1.346178,,,1.432975,1.355438
2011-05-18,1.425194,,,,1.418720,1.537279,1.369602,,1.494107,1.346357,,1.626755,1.358957,,,1.452104,1.366741
2011-05-19,1.428054,,,,1.426577,1.548729,1.370078,,1.513296,1.345479,,1.630791,1.358206,,,1.453650,1.370744
2011-05-20,1.420789,,,,1.415117,1.540234,1.365270,,1.502431,1.341070,,1.616388,1.351485,,,1.445225,1.360383
2011-05-23,1.400532,,,,1.394274,1.526198,1.344395,,1.467249,1.323770,,1.601540,1.340418,,,1.424411,1.340367
2011-05-24,1.391915,,,,1.390525,1.502374,1.335769,,1.460740,1.318949,,1.585972,1.335069,,,1.416919,1.332125
2011-05-25,1.395292,,,,1.401635,1.483352,1.339532,,1.464202,1.319617,,1.588199,1.336891,,,1.423083,1.337306
2011-05-26,1.403754,,,,1.407850,1.492402,1.350249,,1.473207,1.321158,,1.598185,1.345267,,,1.429131,1.345547
2011-05-27,1.408749,,,,1.402565,1.505699,1.358063,,1.490642,1.321866,,1.599239,1.349350,,,1.427903,1.352376
2011-05-31,1.427493,,,,1.419057,1.523243,1.380108,,1.505719,1.335843,,1.615104,1.366362,,,1.438297,1.374276
2011-06-01,1.398403,,,,1.369421,1.481321,1.350142,,1.474155,1.317999,,1.592785,1.341377,,,1.408345,1.344370
2011-06-02,1.402898,,,,1.376133,1.458974,1.351866,,1.496607,1.324610,,1.597627,1.336514,,,1.409578,1.347196
2011-06-03,1.381861,,,,1.356852,1.436998,1.328654,,1.477674,1.314643,,1.569376,1.315239,,,1.390353,1.326944
2011-06-06,1.369935,,,,1.347486,1.434781,1.317956,,1.451193,1.304977,,1.554291,1.309237,,,1.385461,1.316112
2011-06-07,1.371626,,,,1.349046,1.447155,1.318697,,1.449235,1.308595,,1.557373,1.314775,,,1.382435,1.313757
2011-06-08,1.359589,,,,1.334663,1.457682,1.302624,,1.433150,1.306198,,1.549021,1.311708,,,1.371140,1.304338
2011-06-09,1.361645,,,,1.336417,1.459529,1.305021,,1.441562,1.297347,,1.560253,1.317821,,,1.372985,1.306693
2011-06-10,1.343892,,,,1.319500,1.446047,1.289736,,1.415664,1.279132,,1.537602,1.301137,,,1.352044,1.286677
2011-06-13,1.340945,,,,1.321746,1.448817,1.284576,,1.405760,1.281632,,1.534644,1.307395,,,1.356653,1.286677
2011-06-14,1.357545,,,,1.352477,1.463407,1.300063,,1.433647,1.291708,,1.547777,1.317742,,,1.373457,1.303161
2011-06-15,1.332772,,,,1.336145,1.439214,1.272387,,1.396656,1.276168,,1.522234,1.295912,,,1.348766,1.278435
2011-06-16,1.326796,,,,1.348588,1.456204,1.262470,,1.388692,1.269828,,1.516420,1.304508,,,1.353848,1.273490
2011-06-17,1.326750,,,,1.362105,1.470609,1.255555,,1.385721,1.271658,,1.528684,1.311409,,,1.355950,1.269501
2011-06-20,1.335723,,,,1.368479,1.500528,1.260599,,1.394849,1.285527,,1.544806,1.323655,,,1.371258,1.276110
2011-06-21,1.362214,,,,1.390407,1.503113,1.287146,,1.438363,1.295789,,1.587556,1.335325,,,1.393088,1.303487
2011-06-22,1.354090,,,,1.384877,1.487046,1.276227,,1.420962,1.303316,,1.573753,1.330670,,,1.380969,1.294046
2011-06-23,1.364622,,,,1.388214,1.484830,1.290689,,1.425267,1.305305,,1.589128,1.331951,,,1.388535,1.306083
2011-06-24,1.344896,,,,1.369671,1.461375,1.268088,,1.413430,1.294787,,1.565328,1.313455,,,1.369551,1.283426
2011-06-27,1.358625,,,,1.390806,1.474672,1.277760,,1.445498,1.304616,,1.584576,1.326552,,,1.387180,1.303959
2011-06-28,1.377708,,,,1.420187,1.477258,1.290177,,1.464687,1.330156,,1.613661,1.340382,,,1.405885,1.323312
2011-06-29,1.387039,,,,1.423709,1.477997,1.300329,,1.482733,1.335219,,1.625835,1.339122,,,1.414857,1.328740
2011-06-30,1.405079,,,,1.441267,1.500343,1.321447,,1.501556,1.340852,,1.646541,1.354628,,,1.430483,1.346441
2011-07-01,1.427830,,,,1.471508,1.521242,1.341664,,1.531217,1.354164,,1.681862,1.372161,,,1.456534,1.366738
2011-07-05,1.431830,,,,1.468534,1.529947,1.338628,,1.570207,1.358963,,1.694170,1.372808,,,1.451198,1.373582
2011-07-06,1.433095,,,,1.469551,1.546298,1.338987,,1.564461,1.358747,,1.700805,1.383655,,,1.453323,1.378066
2011-07-07,1.451736,,,,1.489930,1.548208,1.362922,,1.579277,1.353605,,1.731406,1.395592,,,1.482284,1.396947
2011-07-08,1.445178,,,,1.476175,1.538438,1.353381,,1.573504,1.354092,,1.730880,1.388755,,,1.475224,1.393171
2011-07-11,1.418698,,,,1.447091,1.528569,1.328565,,1.542058,1.330127,,1.696672,1.370958,,,1.455710,1.367918
2011-07-12,1.401801,,,,1.421290,1.524461,1.303296,,1.530596,1.328421,,1.691418,1.367046,,,1.428150,1.357533
2011-07-13,1.405451,,,,1.419861,1.525358,1.304541,,1.549286,1.333355,,1.697426,1.367854,,,1.423866,1.363197
2011-07-14,1.386276,,,,1.401118,1.517680,1.283385,,1.523300,1.318514,,1.682188,1.356199,,,1.410551,1.347385
2011-07-15,1.394910,,,,1.398328,1.512250,1.290610,,1.572547,1.317244,,1.694573,1.352801,,,1.419595,1.365322
2011-07-18,1.380667,,,,1.378097,1.491087,1.277968,,1.558634,1.301754,,1.680408,1.340133,,,1.406325,1.358005
2011-07-19,1.410573,,,,1.407399,1.522339,1.309065,,1.593127,1.327353,,1.707299,1.360519,,,1.428780,1.388923
2011-07-20,1.400599,,,,1.399840,1.516681,1.297666,,1.585134,1.326224,,1.689761,1.353904,,,1.419640,1.383022
2011-07-21,1.407984,,,,1.419042,1.526585,1.298772,,1.586494,1.348469,,1.699869,1.366878,,,1.435458,1.392227
2011-07-22,1.423046,,,,1.421742,1.528545,1.321354,,1.611791,1.344061,,1.711880,1.372582,,,1.452853,1.406623
2011-07-25,1.414477,,,,1.427330,1.509322,1.311532,,1.618564,1.323316,,1.710920,1.371450,,,1.444867,1.403791
2011-07-26,1.411930,,,,1.373995,1.500518,1.312412,,1.630211,1.307822,,1.727719,1.364942,,,1.449493,1.407331
2011-07-27,1.370972,,,,1.317602,1.477384,1.270154,,1.606642,1.263059,,1.693190,1.330485,,,1.415768,1.370986
2011-07-28,1.366926,,,,1.316101,1.472403,1.262924,,1.595516,1.270298,,1.689984,1.322037,,,1.408716,1.373346
2011-07-29,1.366097,,,,1.307375,1.468551,1.252723,,1.601293,1.287900,,1.703387,1.317231,,,1.403118,1.368862
2011-08-01,1.356999,,,,1.288129,1.467919,1.248408,,1.597776,1.264363,,1.694210,1.305065,0.996768,,1.390751,1.362489
2011-08-02,1.316120,,,,1.240932,1.430886,1.215542,,1.552171,1.230628,,1.621021,1.272411,0.964742,,1.347971,1.328032
2011-08-03,1.327601,,,,1.263363,1.458993,1.227087,,1.567828,1.225141,,1.641308,1.286204,0.970586,,1.372419,1.340776
2011-08-04,1.261767,,,,1.211165,1.424705,1.164750,,1.496353,1.158139,,1.557429,1.245340,0.913695,,1.313162,1.278470
2011-08-05,1.256859,,,,1.214688,1.418885,1.152780,,1.487677,1.161331,,1.567558,1.252963,0.913928,,1.310622,1.270445
2011-08-08,1.178510,,,,1.135422,1.341189,1.078696,,1.395321,1.091155,,1.474956,1.185469,0.856210,,1.240613,1.193978
2011-08-09,1.233004,,,,1.176212,1.420811,1.124264,,1.462432,1.141949,,1.560117,1.226968,0.906132,,1.299940,1.251564
2011-08-10,1.184115,,,,1.132252,1.364699,1.081454,,1.408360,1.081840,,1.506532,1.175672,0.870889,,1.249245,1.200350
2011-08-11,1.237657,,,,1.188735,1.409184,1.136840,,1.469363,1.124523,,1.559278,1.221954,0.907063,,1.307983,1.253216
2011-08-12,1.251200,,,,1.208203,1.425255,1.144725,,1.482951,1.139325,,1.588796,1.233219,0.920899,,1.324995,1.264309
2011-08-15,1.272637,,,,1.223779,1.450482,1.166669,,1.487022,1.164975,,1.611803,1.251356,0.934413,,1.348465,1.282954
2011-08-16,1.258822,,,,1.212082,1.477621,1.154117,,1.451762,1.156543,,1.588561,1.247106,0.917363,,1.336151,1.272097
2011-08-17,1.247370,,,,1.198597,1.455047,1.141739,,1.446162,1.149706,,1.575965,1.247496,0.910199,,1.330286,1.264545
2011-08-18,1.178122,,,,1.131600,1.428047,1.067192,,1.368972,1.108272,,1.492095,1.212241,0.847834,,1.266383,1.202474
2011-08-19,1.162698,,,,1.115102,1.420856,1.050126,,1.331009,1.110151,,1.473238,1.203829,0.832871,,1.248324,1.180761
2011-08-22,1.167070,,,,1.124253,1.422305,1.055937,,1.336921,1.104920,,1.480662,1.212827,0.827998,,1.257796,1.185009
2011-08-23,1.217178,,,,1.172120,1.456584,1.104230,,1.399265,1.146161,,1.542872,1.250003,0.875295,,1.308609,1.233864
2011-08-24,1.224494,,,,1.191967,1.487003,1.108029,,1.400746,1.155628,,1.553346,1.266882,0.876275,,1.319355,1.243540
2011-08-25,1.199205,,,,1.164341,1.465258,1.083822,,1.380563,1.133262,,1.519967,1.242479,0.863486,,1.291176,1.223243
2011-08-26,1.230386,,,,1.194540,1.508953,1.114370,,1.409041,1.157602,,1.559083,1.266027,0.893556,,1.316887,1.253925
2011-08-29,1.269136,,,,1.243500,1.550599,1.152667,,1.439968,1.183656,,1.610785,1.293564,0.919910,,1.353021,1.288854
2011-08-30,1.277149,,,,1.255166,1.548453,1.151971,,1.464299,1.188869,,1.647864,1.306094,0.937861,,1.364479,1.297350
2011-08-31,1.278648,,,,1.245504,1.532848,1.153850,,1.457760,1.195313,,1.654225,1.308678,0.941488,,1.363039,1.299475
2011-09-01,1.263541,,,,1.225688,1.545776,1.136578,,1.450659,1.183018,,1.638241,1.301178,0.931602,,1.349462,1.287674
2011-09-02,1.230999,,,,1.184105,1.530693,1.103653,,1.404053,1.158301,,1.608496,1.274941,0.907633,,1.313347,1.257465
2011-09-06,1.228321,,,,1.168377,1.539559,1.098358,,1.407101,1.154565,,1.619403,1.265597,0.917909,,1.314880,1.257701
2011-09-07,1.268386,,,,1.210589,1.559232,1.144201,,1.428479,1.188390,,1.652095,1.303734,0.933247,,1.366543,1.289562
2011-09-08,1.256709,,,,1.197492,1.552127,1.133275,,1.422730,1.171727,,1.641393,1.293022,0.931738,,1.350896,1.283662
2011-09-09,1.225559,,,,1.175170,1.524553,1.108493,,1.391452,1.131430,,1.593679,1.265362,0.901226,,1.317229,1.255105
2011-09-12,1.242246,,,,1.179989,1.548521,1.129201,,1.402661,1.137811,,1.613118,1.275714,0.919676,,1.334008,1.271153
2011-09-13,1.261144,,,,1.214794,1.560401,1.148122,,1.412787,1.162464,,1.620873,1.292171,0.928759,,1.350276,1.288146
2011-09-14,1.285623,,,,1.241648,1.601812,1.175378,,1.425327,1.185508,,1.636017,1.313166,0.943632,,1.367781,1.306555
2011-09-15,1.298568,,,,1.268285,1.618130,1.193601,,1.386599,1.189847,,1.657848,1.334884,0.937098,,1.381409,1.325908
2011-09-16,1.302078,,,,1.266481,1.633021,1.194889,,1.369516,1.195263,,1.678980,1.346480,0.945008,,1.390824,1.338061
2011-09-19,1.292569,,,,1.263265,1.648785,1.182904,,1.340785,1.182410,,1.687240,1.345890,0.944063,,1.386879,1.338534
2011-09-20,1.277531,,,,1.250099,1.642689,1.167638,,1.305630,1.180625,,1.666133,1.344036,0.927619,,1.374959,1.332623
2011-09-21,1.252364,,,,1.207550,1.639874,1.147926,,1.278575,1.153113,,1.629550,1.311272,0.914589,,1.346849,1.309451
2011-09-22,1.207185,,,,1.156710,1.609610,1.104730,,1.226313,1.116253,,1.573723,1.279128,0.871394,,1.308731,1.266890
2011-09-23,1.223275,,,,1.169591,1.628666,1.122681,,1.240042,1.123443,,1.594807,1.288191,0.878008,,1.321576,1.280368
2011-09-26,1.241869,,,,1.197285,1.656057,1.140892,,1.255905,1.132047,,1.621751,1.305268,0.882893,,1.343191,1.295264
2011-09-27,1.258469,,,,1.218513,1.635965,1.159088,,1.270393,1.153273,,1.629988,1.319954,0.884312,,1.364221,1.308742
2011-09-28,1.231762,,,,1.186604,1.639910,1.133197,,1.247185,1.127264,,1.596240,1.305804,0.866646,,1.339969,1.289353
2011-09-29,1.221765,,,,1.201276,1.618275,1.130874,,1.196683,1.128710,,1.555436,1.305467,0.828109,,1.329960,1.273984
2011-09-30,1.187774,,,,1.169162,1.608482,1.095723,,1.171062,1.110042,,1.499202,1.283416,0.804126,,1.289160,1.241117
2011-10-03,1.146921,,,,1.131109,1.587959,1.055079,,1.153644,1.061205,,1.451922,1.255675,0.786907,,1.247736,1.209197
2011-10-04,1.182696,,,,1.169479,1.603132,1.093246,,1.182665,1.084797,,1.496909,1.283070,0.805171,,1.285425,1.234024
2011-10-05,1.216225,,,,1.207155,1.605512,1.130444,,1.204362,1.113794,,1.529614,1.302319,0.825415,,1.318549,1.265708
2011-10-06,1.243534,,,,1.228653,1.593646,1.156004,,1.244610,1.125269,,1.583443,1.319222,0.853788,,1.350565,1.286988
2011-10-07,1.229769,,,,1.217197,1.604655,1.153674,,1.225832,1.073978,,1.571903,1.321137,0.848266,,1.350622,1.278476
2011-10-10,1.264055,,,,1.258679,1.643826,1.188426,,1.255658,1.085603,,1.630149,1.355349,0.873444,,1.397581,1.322692
2011-10-11,1.265313,,,,1.269016,1.650437,1.187096,,1.258034,1.083683,,1.639744,1.358789,0.878391,,1.397644,1.331677
2011-10-12,1.275959,,,,1.267456,1.653068,1.200411,,1.282911,1.091089,,1.642259,1.360564,0.881469,,1.404977,1.338298
2011-10-13,1.285478,,,,1.254487,1.648374,1.213859,,1.303219,1.108619,,1.631733,1.362949,0.886923,,1.410050,1.350593
2011-10-14,1.301018,,,,1.270348,1.659360,1.229182,,1.330720,1.113492,,1.655005,1.379512,0.906369,,1.413451,1.375656
2011-10-17,1.276483,,,,1.247830,1.661625,1.201908,,1.316984,1.089137,,1.630682,1.364100,0.897650,,1.397266,1.354376
2011-10-18,1.294683,,,,1.284359,1.686519,1.226318,,1.307012,1.095887,,1.645127,1.385189,0.900927,,1.420954,1.371164
2011-10-19,1.274648,,,,1.275184,1.687886,1.199558,,1.280953,1.103135,,1.609541,1.383267,0.873251,,1.408850,1.344682
2011-10-20,1.272810,,,,1.283563,1.684588,1.193348,,1.286195,1.114373,,1.598558,1.383022,0.868180,,1.399268,1.338061
2011-10-21,1.299539,,,,1.312715,1.692780,1.222731,,1.310216,1.135229,,1.624508,1.403694,0.880799,,1.454899,1.354849
2011-10-24,1.332623,,,,1.347669,1.702512,1.254260,,1.343561,1.161081,,1.673477,1.415606,0.906963,,1.484308,1.382986
2011-10-25,1.298342,,,,1.320762,1.683043,1.223855,,1.227348,1.150874,,1.636044,1.395172,0.852898,,1.465717,1.355795
2011-10-26,1.306940,,,,1.289424,1.674606,1.237213,,1.250468,1.168153,,1.627041,1.380898,0.857157,,1.482556,1.354140
2011-10-27,1.360124,,,,1.354865,1.688247,1.292191,,1.275737,1.208919,,1.703482,1.426972,0.883955,,1.527412,1.391499
2011-10-28,1.364689,,,,1.360401,1.677003,1.297274,,1.286336,1.215394,,1.702151,1.418504,0.894482,,1.525916,1.393627
2011-10-31,1.332429,,,,1.332069,1.672005,1.266225,,1.261416,1.178355,,1.662474,1.403497,0.879062,,1.501263,1.370218
2011-11-01,1.298197,,,,1.291380,1.665063,1.228957,,1.231066,1.140437,,1.642282,1.379628,0.863443,,1.466447,1.334514
2011-11-02,1.313071,,,,1.307359,1.670174,1.246591,,1.257888,1.136229,,1.664573,1.382657,0.871353,,1.488810,1.345864
2011-11-03,1.346172,,,,1.343469,1.680064,1.283857,,1.301103,1.157679,,1.691596,1.409996,0.882167,,1.518567,1.373765
2011-11-04,1.347718,,,,1.339637,1.669861,1.289243,,1.285871,1.157217,,1.695963,1.398358,0.885061,,1.514003,1.366671
2011-11-07,1.348215,,,,1.336853,1.668710,1.288833,,1.290676,1.160758,,1.694955,1.415533,0.882126,,1.519372,1.376366
2011-11-08,1.361809,,,,1.367006,1.691416,1.304424,,1.298576,1.165428,,1.706046,1.429448,0.895573,,1.536934,1.392208
2011-11-09,1.309849,,,,1.309330,1.663530,1.245017,,1.256857,1.134688,,1.649311,1.387543,0.870546,,1.478798,1.343263
2011-11-10,1.315160,,,,1.323133,1.647251,1.252066,,1.255696,1.141086,,1.650146,1.395584,0.865857,,1.485531,1.342554
2011-11-11,1.344005,,,,1.350366,1.658898,1.284359,,1.281296,1.154036,,1.690696,1.421454,0.879805,,1.522351,1.367854
2011-11-14,1.329338,,,,1.334345,1.666367,1.270513,,1.277478,1.142137,,1.660441,1.408642,0.877091,,1.510734,1.359342
2011-11-15,1.339198,,,,1.338505,1.669479,1.287230,,1.282011,1.142613,,1.663648,1.423895,0.886457,,1.531179,1.374474
2011-11-16,1.318321,,,,1.310852,1.630172,1.275618,,1.247996,1.119717,,1.627399,1.393711,0.864880,,1.503517,1.351775
2011-11-17,1.283878,,,,1.280400,1.623095,1.234273,,1.213669,1.101659,,1.591776,1.375561,0.846317,,1.468113,1.320091
2011-11-18,1.274460,,,,1.280970,1.617223,1.224482,,1.207555,1.089613,,1.580741,1.372844,0.837456,,1.465007,1.309924
2011-11-21,1.252904,,,,1.261921,1.610094,1.203383,,1.183234,1.069875,,1.554696,1.358976,0.824251,,1.437342,1.284860
2011-11-22,1.249743,,,,1.246821,1.630134,1.194076,,1.167255,1.080124,,1.565364,1.354271,0.836535,,1.426375,1.289116
2011-11-23,1.221734,,,,1.221117,1.614598,1.164088,,1.139661,1.065395,,1.525903,1.331904,0.819242,,1.395312,1.260033
2011-11-25,1.213273,,,,1.219988,1.615198,1.155091,,1.119194,1.058291,,1.520729,1.334449,0.812516,,1.392333,1.250339
2011-11-28,1.254877,,,,1.260686,1.635402,1.197513,,1.175884,1.081677,,1.574525,1.362923,0.838362,,1.430510,1.293845
2011-11-29,1.250379,,,,1.261365,1.674931,1.191485,,1.164973,1.083089,,1.562081,1.370797,0.834346,,1.429056,1.285806
2011-11-30,1.303234,,,,1.324792,1.711476,1.251818,,1.188503,1.126087,,1.611868,1.411960,0.862137,,1.495055,1.333332
2011-12-01,1.307520,,,,1.309821,1.735314,1.253200,,1.210290,1.130461,,1.620631,1.420560,0.868563,,1.496738,1.342554
2011-12-02,1.301967,,,,1.309305,1.728555,1.248307,,1.213590,1.118843,,1.613553,1.417266,0.864098,,1.480617,1.338771
2011-12-05,1.319418,,,,1.331086,1.751529,1.264721,,1.230976,1.134221,,1.633301,1.435182,0.871691,,1.498256,1.353430
2011-12-06,1.313128,,,,1.322679,1.751983,1.259565,,1.219798,1.136059,,1.615479,1.437559,0.866188,,1.494909,1.349647
2011-12-07,1.315942,,,,1.307794,1.740394,1.265814,,1.227701,1.134090,,1.619065,1.436226,0.863921,,1.497065,1.349647
2011-12-08,1.286057,,,,1.279265,1.726983,1.236168,,1.201571,1.108920,,1.578780,1.423952,0.850253,,1.468020,1.326948
2011-12-09,1.309310,,,,1.310273,1.713511,1.262741,,1.223847,1.124620,,1.601328,1.441825,0.865256,,1.492747,1.348228
2011-12-12,1.293925,,,,1.282128,1.715221,1.242354,,1.238143,1.107667,,1.592080,1.431899,0.853817,,1.472605,1.333096
2011-12-13,1.277127,,,,1.258172,1.694926,1.225973,,1.218310,1.096920,,1.572748,1.427909,0.841258,,1.454456,1.318436
2011-12-14,1.256324,,,,1.249998,1.682472,1.194048,,1.200234,1.104781,,1.547615,1.416976,0.829721,,1.435013,1.297865
2011-12-15,1.254741,,,,1.256223,1.690284,1.187456,,1.191876,1.113490,,1.550228,1.420976,0.835875,,1.440839,1.294318
2011-12-16,1.263801,,,,1.261094,1.698008,1.196569,,1.194859,1.122175,,1.564582,1.435793,0.845881,,1.453709,1.300982
2011-12-19,1.244315,,,,1.241304,1.677490,1.176475,,1.171355,1.110985,,1.541002,1.423058,0.837631,,1.435399,1.288176
2011-12-20,1.287478,,,,1.292783,1.698486,1.223502,,1.212997,1.133277,,1.593798,1.458400,0.865498,,1.480734,1.326357
2011-12-21,1.263637,,,,1.288158,1.710183,1.195997,,1.199479,1.136424,,1.529862,1.459213,0.859955,,1.477094,1.307385
2011-12-22,1.287036,,,,1.299631,1.698410,1.227876,,1.217452,1.148372,,1.549107,1.458213,0.864486,,1.488535,1.318531
2011-12-23,1.297350,,,,1.315447,1.724071,1.238103,,1.224869,1.154195,,1.561307,1.474983,0.873809,,1.507530,1.329914
2011-12-27,1.299231,,,,1.324049,1.734438,1.236177,,1.218300,1.162846,,1.568860,1.480195,0.882847,,1.513278,1.334875
2011-12-28,1.281471,,,,1.299324,1.725813,1.218135,,1.206451,1.149327,,1.546158,1.465439,0.872211,,1.488711,1.319447
2011-12-29,1.293273,,,,1.316639,1.729098,1.230643,,1.210842,1.163726,,1.554772,1.478963,0.879028,,1.506602,1.328941
2011-12-30,1.290330,,,,1.308525,1.708872,1.229320,,1.218282,1.161828,,1.543975,1.467840,0.869860,,1.508115,1.325143
2012-01-03,1.311211,,,,1.324419,1.715007,1.245224,,1.262405,1.185973,,1.568367,1.472360,0.870996,,1.526036,1.350540
2012-01-04,1.312555,,,,1.322930,1.711404,1.244845,,1.288904,1.187353,,1.563534,1.475076,0.872450,,1.526534,1.356236
2012-01-05,1.324780,,,,1.335967,1.707407,1.261827,,1.283161,1.198460,,1.571764,1.490789,0.890348,,1.544822,1.367392
2012-01-06,1.327111,,,,1.340786,1.681042,1.265981,,1.295899,1.200759,,1.565533,1.489219,0.889549,,1.540265,1.372139
2012-01-09,1.333426,,,,1.343008,1.665797,1.274298,,1.322216,1.205214,,1.561123,1.484639,0.888151,,1.541253,1.367629
2012-01-10,1.349437,,,,1.358953,1.661969,1.289533,,1.334506,1.225126,,1.579751,1.492939,0.894448,,1.566128,1.377598
2012-01-11,1.352814,,,,1.357304,1.663854,1.298071,,1.327569,1.238549,,1.561286,1.496949,0.899342,,1.575183,1.380446
2012-01-12,1.356514,,,,1.362952,1.673278,1.296542,,1.331055,1.253580,,1.567864,1.505326,0.905902,,1.575593,1.385905
2012-01-13,1.347035,,,,1.372145,1.677866,1.279886,,1.323530,1.249950,,1.565411,1.501055,0.903045,,1.558077,1.380921
2012-01-17,1.357805,,,,1.375196,1.698563,1.290556,,1.331155,1.259058,,1.581067,1.512355,0.916191,,1.573034,1.393501
2012-01-18,1.384272,,,,1.376791,1.717889,1.321234,,1.342826,1.279336,,1.618271,1.527586,0.921715,,1.600541,1.412014
2012-01-19,1.401914,,,,1.402566,1.715325,1.339077,,1.355013,1.285243,,1.650757,1.535502,0.926574,,1.615176,1.420796
2012-01-20,1.397593,,,,1.397167,1.703649,1.341787,,1.329854,1.276016,,1.641261,1.541749,0.923518,,1.620080,1.418660
2012-01-23,1.396556,,,,1.402468,1.719470,1.343474,,1.314954,1.268881,,1.640137,1.538283,0.920414,,1.624311,1.419135
2012-01-24,1.403562,,,,1.409003,1.722322,1.352520,,1.302058,1.273674,,1.654543,1.538502,0.925357,,1.634468,1.416524
2012-01-25,1.425762,,,,1.417959,1.726343,1.360057,,1.312659,1.357907,,1.668316,1.547145,0.930500,,1.641915,1.434326
2012-01-26,1.423371,,,,1.421404,1.702463,1.353128,,1.367105,1.344652,,1.662319,1.532290,0.924800,,1.631704,1.429341
2012-01-27,1.430459,,,,1.414432,1.707870,1.360468,,1.405728,1.343348,,1.666442,1.526315,0.933489,,1.639391,1.433613
2012-01-30,1.423928,,,,1.409051,1.709216,1.357100,,1.407936,1.332144,,1.648002,1.522769,0.929971,,1.636201,1.434800
2012-01-31,1.427234,,,,1.415416,1.716316,1.359422,,1.391569,1.344411,,1.652929,1.523413,0.933650,,1.648172,1.436699
2012-02-01,1.445942,,,,1.388702,1.735131,1.389802,,1.401613,1.360191,,1.657907,1.539774,0.943313,,1.664535,1.448329
2012-02-02,1.451681,,,,1.375792,1.762548,1.395626,,1.412624,1.370180,,1.659871,1.546795,0.947672,,1.667687,1.452839
2012-02-03,1.473878,,,,1.404527,1.757110,1.419268,,1.443169,1.382191,,1.684771,1.560073,0.959074,,1.687209,1.472777
2012-02-06,1.466886,,,,1.388631,1.755662,1.409671,,1.452197,1.389063,,1.665882,1.555623,0.955710,,1.676086,1.471590
2012-02-07,1.465555,,,,1.385689,1.752753,1.411855,,1.440769,1.379850,,1.667739,1.558315,0.960794,,1.673885,1.474676
2012-02-08,1.467589,,,,1.385072,1.744697,1.417319,,1.435211,1.369112,,1.679191,1.549691,0.959939,,1.670452,1.482508
2012-02-09,1.476544,,,,1.384120,1.763856,1.431493,,1.451477,1.363291,,1.685454,1.554919,0.964416,,1.677451,1.493189
2012-02-10,1.461480,,,,1.380616,1.759703,1.407750,,1.442341,1.357533,,1.679324,1.547572,0.960858,,1.663021,1.482746
2012-02-13,1.470054,,,,1.414725,1.765273,1.410175,,1.443241,1.373201,,1.693447,1.553934,0.972630,,1.671176,1.496512
2012-02-14,1.474051,,,,1.418106,1.775542,1.415447,,1.452875,1.375322,,1.691197,1.554536,0.978695,,1.670308,1.500310
2012-02-15,1.470106,,,,1.402616,1.758338,1.411139,,1.455310,1.381225,,1.681589,1.545890,0.969049,,1.667265,1.489866
2012-02-16,1.492596,,,,1.453646,1.767595,1.438384,,1.467005,1.394239,,1.693026,1.563699,0.977195,,1.688955,1.510279
2012-02-17,1.486052,,,,1.447001,1.788023,1.431727,,1.463420,1.367000,,1.703801,1.567270,0.975642,,1.690190,1.505531
2012-02-21,1.478025,,,,1.445701,1.772393,1.426091,,1.443400,1.350902,,1.702089,1.563580,0.973263,,1.697720,1.509804
2012-02-22,1.476428,,,,1.442349,1.766374,1.426078,,1.432770,1.344062,,1.707627,1.577040,0.985017,,1.703076,1.502921
2012-02-23,1.482365,,,,1.456799,1.778270,1.426800,,1.436339,1.357057,,1.719259,1.581408,0.989339,,1.704418,1.512889
2012-02-24,1.483287,,,,1.451047,1.771965,1.425200,,1.432480,1.362023,,1.730774,1.580094,0.988190,,1.702854,1.518111
2012-02-27,1.484937,,,,1.454313,1.785060,1.425415,,1.425766,1.361348,,1.741787,1.580279,0.991050,,1.701904,1.520247
2012-02-28,1.495281,,,,1.450397,1.788160,1.432055,,1.452105,1.366808,,1.768589,1.593974,0.999819,,1.711803,1.535675
2012-02-29,1.481227,,,,1.456526,1.796342,1.411817,,1.437815,1.359329,,1.756345,1.586315,0.995997,,1.702831,1.528792
2012-03-01,1.493426,,,,1.467074,1.820218,1.419232,,1.453771,1.374900,,1.777176,1.602985,1.011907,,1.721246,1.540897
2012-03-02,1.491295,,,,1.456285,1.819554,1.414833,,1.459720,1.374153,,1.780617,1.595642,1.009622,,1.718446,1.539710
2012-03-05,1.476812,,,,1.455240,1.849283,1.394475,,1.433982,1.364691,,1.774372,1.606491,1.018268,,1.711554,1.523808
2012-03-06,1.455460,,,,1.429780,1.841829,1.375861,,1.407850,1.345146,,1.744586,1.594268,1.004532,,1.688503,1.508854
2012-03-07,1.466042,,,,1.438274,1.847406,1.388205,,1.410464,1.351470,,1.759463,1.602676,1.013437,,1.702412,1.520485
2012-03-08,1.482340,,,,1.450482,1.860987,1.402841,,1.428288,1.371331,,1.777815,1.613121,1.025579,,1.712908,1.536862
2012-03-09,1.491994,,,,1.463205,1.877475,1.418379,,1.428317,1.373991,,1.776949,1.618858,1.035118,,1.713595,1.543271
2012-03-12,1.487875,,,,1.458607,1.880638,1.413197,,1.421532,1.371200,,1.775748,1.622092,1.033260,,1.715170,1.543983
2012-03-13,1.512193,,,,1.481715,1.888033,1.446364,,1.439770,1.382371,,1.789519,1.635350,1.041820,,1.740466,1.572702
2012-03-14,1.505737,,,,1.467879,1.904349,1.442136,,1.417508,1.375061,,1.784950,1.632167,1.038168,,1.730727,1.578162
2012-03-15,1.516558,,,,1.472191,1.903642,1.454483,,1.433194,1.386421,,1.791175,1.630036,1.032468,,1.733381,1.582671
2012-03-16,1.517746,,,,1.479162,1.890686,1.454768,,1.432347,1.380846,,1.804383,1.620208,1.028006,,1.733527,1.581554
2012-03-19,1.523219,,,,1.479500,1.890451,1.458227,,1.457824,1.379967,,1.815909,1.624429,1.030495,,1.745514,1.592728
2012-03-20,1.520021,,,,1.469296,1.898015,1.452889,,1.464999,1.373468,,1.819748,1.629462,1.034919,,1.743365,1.595581
2012-03-21,1.523988,,,,1.492502,1.907451,1.453343,,1.487199,1.372113,,1.822345,1.632232,1.039990,,1.747512,1.595819
2012-03-22,1.523129,,,,1.478799,1.909099,1.450105,,1.499250,1.369047,,1.830693,1.636038,1.050492,,1.761562,1.592491
2012-03-23,1.524276,,,,1.478663,1.903660,1.449407,,1.502613,1.374640,,1.833420,1.632739,1.050347,,1.757850,1.591540
2012-03-26,1.550364,,,,1.503200,1.927691,1.471230,,1.530735,1.398549,,1.875482,1.655857,1.067100,,1.782149,1.619357
2012-03-27,1.548756,,,,1.500273,1.923453,1.471742,,1.521731,1.398642,,1.869477,1.655020,1.066936,,1.768777,1.621735
2012-03-28,1.536017,,,,1.488433,1.905942,1.461340,,1.513948,1.394655,,1.836299,1.646383,1.061290,,1.747484,1.615315
2012-03-29,1.534791,,,,1.488348,1.896229,1.460698,,1.499132,1.401734,,1.831613,1.638512,1.059247,,1.750686,1.609134
2012-03-30,1.536011,,,,1.493055,1.906761,1.459976,,1.492650,1.411591,,1.830434,1.637605,1.055792,,1.744486,1.606043
2012-04-02,1.545588,,,,1.502276,1.922423,1.470659,,1.503357,1.417756,,1.837974,1.657193,1.071545,,1.766751,1.622686
2012-04-03,1.539895,,,,1.485695,1.915244,1.460069,,1.493407,1.422151,,1.845476,1.654530,1.074600,,1.764134,1.622210
2012-04-04,1.518234,,,,1.477263,1.889040,1.435037,,1.468610,1.406867,,1.826318,1.634927,1.064838,,1.733991,1.600099
2012-04-05,1.520137,,,,1.478006,1.900785,1.432119,,1.475544,1.406708,,1.843766,1.642316,1.066690,,1.729581,1.610085
2012-04-09,1.500979,,,,1.443901,1.884326,1.413222,,1.462694,1.383921,,1.832068,1.626452,1.060119,,1.714095,1.597959
2012-04-10,1.474658,,,,1.407512,1.854636,1.392897,,1.428759,1.360528,,1.791836,1.598814,1.036622,,1.685079,1.572281
2012-04-11,1.488199,,,,1.414567,1.872729,1.407034,,1.435633,1.367536,,1.816068,1.616063,1.051264,,1.698418,1.579890
2012-04-12,1.506575,,,,1.426375,1.882691,1.424271,,1.473044,1.374935,,1.844086,1.629475,1.062913,,1.722918,1.597959
2012-04-13,1.486147,,,,1.414124,1.874485,1.399913,,1.456460,1.352042,,1.834333,1.617698,1.061303,,1.717510,1.573708
2012-04-16,1.477857,,,,1.414159,1.885934,1.398820,,1.438015,1.348567,,1.792553,1.627394,1.056541,,1.704345,1.556114
2012-04-17,1.502138,,,,1.435292,1.910522,1.425552,,1.462610,1.369250,,1.811769,1.647675,1.067780,,1.723424,1.587735
2012-04-18,1.499829,,,,1.427627,1.918090,1.414722,,1.457711,1.372870,,1.835226,1.644006,1.082400,,1.737336,1.583694
2012-04-19,1.495865,,,,1.409234,1.906577,1.403526,,1.447908,1.389516,,1.844364,1.638423,1.068762,,1.727346,1.565862
2012-04-20,1.488053,,,,1.385006,1.922556,1.390886,,1.443635,1.391171,,1.845205,1.654516,1.071888,,1.728435,1.561582
2012-04-23,1.469862,,,,1.356089,1.905646,1.375340,,1.418383,1.380769,,1.818309,1.644683,1.060553,,1.714782,1.547317
2012-04-24,1.459976,,,,1.361802,1.882936,1.360903,,1.376547,1.391572,,1.814656,1.639472,1.056912,,1.718139,1.538995
2012-04-25,1.480617,,,,1.342680,1.912533,1.382573,,1.377205,1.416228,,1.854612,1.660521,1.088256,,1.749984,1.579890
2012-04-26,1.491928,,,,1.333367,1.931844,1.390456,,1.380491,1.423490,,1.896576,1.682333,1.104832,,1.775719,1.589162
2012-04-27,1.503980,,,,1.336735,1.958058,1.387143,,1.377784,1.436181,,1.976951,1.698268,1.104231,,1.810667,1.598672
2012-04-30,1.500525,,,,1.330766,1.949644,1.384369,,1.357384,1.433202,,1.983870,1.689967,1.102321,,1.821838,1.587260
2012-05-01,1.506091,,,,1.339303,1.940007,1.394298,,1.367113,1.434100,,1.975484,1.690683,1.110245,,1.824467,1.589875
2012-05-02,1.512303,,,,1.356712,1.953721,1.395453,,1.371368,1.442596,,1.992225,1.694258,1.126038,,1.835897,1.594393
2012-05-03,1.489021,,,,1.325342,1.921959,1.372215,,1.349427,1.433213,,1.958973,1.682960,1.108731,,1.811820,1.577512
2012-05-04,1.456352,,,,1.298769,1.898226,1.339606,,1.316405,1.402416,,1.922751,1.655804,1.083149,,1.777786,1.538282
2012-05-07,1.465419,,,,1.299897,1.904625,1.329927,,1.321539,1.484681,,1.922727,1.653440,1.087121,,1.773275,1.539709
2012-05-08,1.459860,,,,1.297937,1.887210,1.322270,,1.317745,1.507266,,1.892326,1.646438,1.073285,,1.753908,1.534003
2012-05-09,1.452056,,,,1.278565,1.889490,1.321241,,1.308620,1.480702,,1.884671,1.641216,1.069843,,1.732108,1.529247
2012-05-10,1.444220,,,,1.278624,1.907422,1.304608,,1.310177,1.489381,,1.878942,1.650667,1.082334,,1.725135,1.526157
2012-05-11,1.448855,,,,1.276450,1.919899,1.309541,,1.317212,1.498590,,1.877235,1.656997,1.082774,,1.726435,1.525919
2012-05-14,1.435562,,,,1.270068,1.888549,1.297136,,1.307892,1.498733,,1.843566,1.637331,1.066789,,1.705327,1.511654
2012-05-15,1.433951,,,,1.263135,1.904943,1.294110,,1.316182,1.491138,,1.847768,1.641831,1.067557,,1.703209,1.506661
2012-05-16,1.421813,,,,1.266618,1.910354,1.275295,,1.304089,1.479862,,1.851510,1.644017,1.064472,,1.704932,1.496437
2012-05-17,1.394485,,,,1.239681,1.835977,1.257227,,1.273082,1.446892,,1.806550,1.603102,1.023001,,1.666808,1.464816
2012-05-18,1.369405,,,,1.227856,1.830727,1.226683,,1.250904,1.435249,,1.778883,1.588364,1.010162,,1.651337,1.445795
2012-05-21,1.399763,,,,1.257828,1.855794,1.254574,,1.282443,1.458173,,1.824321,1.607723,1.036448,,1.681018,1.486214
2012-05-22,1.397534,,,,1.265744,1.863599,1.250949,,1.267454,1.452579,,1.833025,1.616982,1.033758,,1.686923,1.484549
2012-05-23,1.407048,,,,1.276851,1.877484,1.255806,,1.289633,1.453299,,1.860699,1.619992,1.042692,,1.699163,1.487402
2012-05-24,1.395230,,,,1.270132,1.913160,1.237708,,1.276161,1.457378,,1.847977,1.632065,1.046243,,1.693667,1.477654
2012-05-25,1.397110,,,,1.266278,1.917769,1.242326,,1.269452,1.461644,,1.843537,1.631695,1.042857,,1.692360,1.475752
2012-05-29,1.409881,,,,1.290064,1.942286,1.255854,,1.279264,1.450306,,1.873121,1.644017,1.048124,,1.710974,1.494535
2012-05-30,1.389501,,,,1.259751,1.937544,1.234743,,1.255731,1.449343,,1.840416,1.631849,1.039744,,1.692237,1.481934
2012-05-31,1.379022,,,,1.253185,1.948809,1.223750,,1.237239,1.435998,,1.836371,1.634848,1.034524,,1.682984,1.475515
2012-06-01,1.340629,,,,1.222821,1.908060,1.184492,,1.219343,1.405231,,1.780580,1.598975,0.998050,,1.631945,1.436285
2012-06-04,1.349967,,,,1.220021,1.939570,1.192680,,1.238547,1.408254,,1.796836,1.614398,1.011520,,1.635500,1.447222
2012-06-05,1.361503,,,,1.197786,1.933841,1.211015,,1.238785,1.417824,,1.808544,1.619010,1.004750,,1.655795,1.453166
2012-06-06,1.395869,,,,1.227827,1.980086,1.247738,,1.261499,1.430216,,1.861633,1.660441,1.028719,,1.699533,1.486451
2012-06-07,1.385243,,,,1.223988,1.984317,1.233700,,1.264930,1.417973,,1.853081,1.655861,1.018003,,1.684994,1.480507
2012-06-08,1.397724,,,,1.241206,2.009072,1.245287,,1.272713,1.426753,,1.870355,1.674561,1.034671,,1.715545,1.494773
2012-06-11,1.372465,,,,1.219821,1.990358,1.220901,,1.252241,1.404456,,1.835129,1.656031,1.009047,,1.676374,1.469571
2012-06-12,1.395579,,,,1.238501,2.010402,1.250031,,1.256542,1.420156,,1.853642,1.681304,1.026737,,1.716169,1.487402
2012-06-13,1.381117,,,,1.223176,1.992433,1.237423,,1.247153,1.415009,,1.820077,1.668860,1.016984,,1.703769,1.477179
2012-06-14,1.387941,,,,1.236609,2.032685,1.236978,,1.255813,1.430112,,1.836064,1.696724,1.018880,,1.708879,1.482647
2012-06-15,1.408792,,,,1.246779,2.073787,1.257458,,1.278548,1.442991,,1.865996,1.720645,1.031176,,1.729967,1.501068
2012-06-18,1.421102,,,,1.251146,2.102467,1.264803,,1.288707,1.458633,,1.896465,1.734212,1.051092,,1.738525,1.515128
2012-06-19,1.438242,,,,1.273489,2.108082,1.281018,,1.313411,1.470520,,1.915133,1.748775,1.061678,,1.759466,1.530856
2012-06-20,1.436913,,,,1.264903,2.082011,1.285458,,1.294468,1.470073,,1.908375,1.741843,1.054544,,1.754315,1.532047
2012-06-21,1.394837,,,,1.223098,2.042632,1.240691,,1.263097,1.437977,,1.864024,1.707267,1.024274,,1.709438,1.493919
2012-06-22,1.412186,,,,1.221697,2.060696,1.257782,,1.278758,1.464557,,1.880392,1.720207,1.033889,,1.722771,1.509647
2012-06-25,1.386325,,,,1.200712,2.060016,1.230191,,1.260404,1.449977,,1.840571,1.700291,1.019687,,1.692846,1.480574
2012-06-26,1.391510,,,,1.196129,2.082851,1.234315,,1.263425,1.450363,,1.859001,1.711051,1.030166,,1.703644,1.489868
2012-06-27,1.397821,,,,1.198056,2.040925,1.249800,,1.272050,1.467804,,1.821181,1.683232,1.007846,,1.713828,1.498923
2012-06-28,1.377674,,,,1.197377,2.033999,1.230985,,1.266800,1.429796,,1.795905,1.663061,0.989447,,1.691234,1.482242
2012-06-29,1.425291,,,,1.244825,2.088338,1.280144,,1.301660,1.472336,,1.843652,1.698738,1.022877,,1.740892,1.528949
2012-07-02,1.424225,,,,1.240531,2.049332,1.276044,,1.297600,1.486651,,1.847288,1.699471,1.022253,,1.736896,1.533477
2012-07-03,1.437839,,,,1.267629,2.047387,1.293393,,1.319283,1.493567,,1.841438,1.703265,1.027999,,1.745428,1.546346
2012-07-05,1.440981,,,,1.265933,2.082191,1.290059,,1.359971,1.484908,,1.856957,1.720374,1.042062,,1.740040,1.547299
2012-07-06,1.411893,,,,1.243299,2.083850,1.253391,,1.350282,1.461884,,1.835013,1.704713,1.034187,,1.715911,1.527996
2012-07-09,1.403837,,,,1.234050,2.062318,1.241537,,1.348396,1.468558,,1.825913,1.704686,1.038186,,1.716753,1.525137
2012-07-10,1.386770,,,,1.212443,2.057145,1.224316,,1.327674,1.456645,,1.808835,1.693274,1.027596,,1.689610,1.510124
2012-07-11,1.384058,,,,1.205582,2.044767,1.221748,,1.333988,1.452346,,1.805909,1.695346,1.024558,,1.690262,1.501783
2012-07-12,1.374101,,,,1.221106,2.044114,1.204038,,1.333770,1.452143,,1.797291,1.684198,1.034844,,1.664105,1.487723
2012-07-13,1.393887,,,,1.252488,2.067238,1.222087,,1.350463,1.469931,,1.818846,1.706816,1.048559,,1.691080,1.510362
2012-07-16,1.388215,,,,1.234921,2.065852,1.219537,,1.339818,1.470698,,1.802306,1.709653,1.045904,,1.688501,1.506072
2012-07-17,1.397379,,,,1.232516,2.091271,1.223615,,1.334708,1.492742,,1.829272,1.725545,1.058920,,1.718675,1.513936
2012-07-18,1.423977,,,,1.268317,2.082139,1.255856,,1.343909,1.505693,,1.854826,1.745652,1.068999,,1.749621,1.534430
2012-07-19,1.438725,,,,1.274098,2.077700,1.269050,,1.362108,1.503528,,1.898585,1.737795,1.067924,,1.756372,1.551350
2012-07-20,1.414855,,,,1.234778,2.048575,1.247447,,1.356932,1.470440,,1.876665,1.711501,1.038248,,1.731268,1.530856
2012-07-23,1.392395,,,,1.240053,2.020952,1.225537,,1.336028,1.439582,,1.849568,1.690566,1.021904,,1.712730,1.512268
2012-07-24,1.382024,,,,1.226494,2.017234,1.214774,,1.350488,1.417373,,1.841254,1.678663,1.018098,,1.708887,1.500353
2012-07-25,1.379431,,,,1.194038,2.003935,1.227306,,1.281005,1.441336,,1.802628,1.679193,1.020744,,1.703870,1.490344
2012-07-26,1.406414,,,,1.208067,2.044606,1.262371,,1.288277,1.456942,,1.822682,1.708471,1.042786,,1.752063,1.510124
2012-07-27,1.444370,,,,1.238615,2.076232,1.293955,,1.325739,1.499012,,1.882066,1.744654,1.046597,,1.820797,1.545869
2012-07-30,1.434352,,,,1.232234,2.058894,1.283777,,1.314649,1.491430,,1.871216,1.738241,1.041682,,1.828420,1.544677
2012-07-31,1.425854,,,,1.217868,2.033892,1.284889,,1.311206,1.465508,,1.847019,1.720083,1.031145,,1.822116,1.544201
2012-08-01,1.421571,,,,1.207775,2.011967,1.284439,,1.317951,1.459549,,1.827894,1.716461,1.023400,,1.830083,1.539673
2012-08-02,1.414652,,,,1.200800,2.011158,1.275726,,1.310046,1.468966,,1.813648,1.708754,1.021913,,1.821200,1.534192
2012-08-03,1.445442,,,,1.224495,2.055683,1.307603,,1.331423,1.490032,,1.852452,1.740089,1.043187,,1.857747,1.563265
2012-08-06,1.458351,,,,1.223995,2.041137,1.319617,,1.357455,1.505867,,1.868979,1.738430,1.045337,,1.866374,1.575180
2012-08-07,1.487235,,,,1.231176,2.078546,1.344777,,1.371788,1.509786,,1.953049,1.744466,1.059710,,1.896769,1.588287
2012-08-08,1.483436,,,,1.233899,2.081406,1.347580,,1.393361,1.505764,,1.896911,1.755200,1.062322,,1.895941,1.587572
2012-08-09,1.480354,,,,1.234708,1.995355,1.351898,,1.383416,1.504658,,1.885629,1.748812,1.048004,,1.893458,1.592338
2012-08-10,1.483074,,,,1.238294,1.907450,1.357516,,1.402251,1.512342,,1.882654,1.750103,1.041701,,1.900507,1.593291
2012-08-13,1.480928,,,,1.242633,1.890790,1.349973,,1.409356,1.510977,,1.895354,1.747944,1.044671,,1.888065,1.597104
2012-08-14,1.478644,,,,1.246553,1.959904,1.338216,,1.420225,1.528906,,1.880969,1.752416,1.057672,,1.877540,1.597819
2012-08-15,1.490350,,,,1.259891,1.959484,1.347949,,1.422940,1.543667,,1.905435,1.751942,1.066241,,1.878206,1.601870
2012-08-16,1.508044,,,,1.279802,1.964371,1.373041,,1.435749,1.524192,,1.929747,1.755905,1.062790,,1.894576,1.620934
2012-08-17,1.508657,,,,1.289886,1.965566,1.371320,,1.431758,1.519672,,1.942586,1.756398,1.066728,,1.893505,1.628083
2012-08-20,1.502071,,,,1.284246,1.957144,1.362492,,1.428496,1.518627,,1.938368,1.750646,1.066673,,1.893647,1.630466
2012-08-21,1.500805,,,,1.283324,1.950032,1.363945,,1.419180,1.511514,,1.938776,1.746942,1.061120,,1.885801,1.624032
2012-08-22,1.502720,,,,1.273988,1.967165,1.363396,,1.416762,1.510596,,1.958580,1.744754,1.069153,,1.878192,1.630705
2012-08-23,1.491885,,,,1.263830,1.937960,1.351105,,1.391499,1.499641,,1.970770,1.734275,1.057649,,1.866915,1.617360
2012-08-24,1.495718,,,,1.276130,1.959861,1.348536,,1.394599,1.511040,,1.984798,1.748360,1.067243,,1.873028,1.627368
2012-08-27,1.490801,,,,1.261170,1.953509,1.344928,,1.391208,1.507939,,1.978086,1.745146,1.066510,,1.862828,1.629990
2012-08-28,1.491210,,,,1.254256,1.947340,1.343415,,1.402321,1.508311,,1.984395,1.742979,1.064440,,1.866414,1.629990
2012-08-29,1.493358,,,,1.257320,1.949592,1.347049,,1.393887,1.504498,,1.993179,1.745333,1.062940,,1.867033,1.629990
2012-08-30,1.473130,,,,1.239380,1.946751,1.324774,,1.374972,1.497629,,1.964484,1.735843,1.053459,,1.843309,1.613547
2012-08-31,1.479540,,,,1.249329,1.947191,1.335218,,1.369464,1.502781,,1.962693,1.743927,1.055109,,1.856276,1.624271
2012-09-04,1.474175,,,,1.244327,1.930706,1.328746,,1.357030,1.511800,,1.957500,1.742281,1.055724,,1.842936,1.622602
2012-09-05,1.470228,,,,1.235118,1.900682,1.329537,,1.345928,1.510571,,1.947080,1.735955,1.049219,,1.838857,1.620934
2012-09-06,1.507287,,,,1.260051,1.949626,1.368767,,1.370604,1.542892,,1.987756,1.767811,1.065417,,1.874279,1.656918
2012-09-07,1.506395,,,,1.272895,1.945688,1.361264,,1.362552,1.544684,,2.011028,1.756858,1.057434,,1.868950,1.654535
2012-09-10,1.491526,,,,1.276536,1.935218,1.342082,,1.352134,1.538550,,1.993035,1.748276,1.046647,,1.843162,1.633326
2012-09-11,1.491828,,,,1.284670,1.906080,1.342905,,1.357237,1.531182,,1.998228,1.742717,1.040827,,1.853396,1.630705
2012-09-12,1.489985,,,,1.285240,1.847131,1.344988,,1.345668,1.527771,,2.003906,1.737496,1.030445,,1.857071,1.635471
2012-09-13,1.506300,,,,1.289293,1.900796,1.359423,,1.372935,1.536674,,2.020191,1.758641,1.039946,,1.882858,1.657633
2012-09-14,1.525759,,,,1.309805,1.906285,1.374305,,1.393213,1.553102,,2.062431,1.758155,1.042606,,1.902895,1.672408
2012-09-17,1.515750,,,,1.295442,1.896586,1.364795,,1.364349,1.567285,,2.045933,1.753390,1.037654,,1.887413,1.673123
2012-09-18,1.511076,,,,1.283547,1.883518,1.359657,,1.365630,1.576197,,2.032798,1.750167,1.034345,,1.885983,1.674552
2012-09-19,1.516889,,,,1.293153,1.902481,1.357203,,1.384550,1.577627,,2.061150,1.753204,1.039215,,1.889164,1.677650
2012-09-20,1.518371,,,,1.286786,1.959762,1.353813,,1.398009,1.581045,,2.060430,1.776376,1.054206,,1.897160,1.675982
2012-09-21,1.519747,,,,1.275091,1.936961,1.356557,,1.397590,1.594944,,2.059659,1.773379,1.051971,,1.908784,1.676460
2012-09-24,1.513011,,,,1.279775,1.941381,1.345825,,1.400173,1.596137,,2.046718,1.775601,1.052046,,1.903107,1.666662
2012-09-25,1.494699,,,,1.266828,1.925033,1.326320,,1.381021,1.587449,,2.024489,1.756956,1.048395,,1.880277,1.643242
2012-09-26,1.482506,,,,1.256401,1.909690,1.314631,,1.383507,1.566183,,2.008498,1.746857,1.040195,,1.867157,1.629859
2012-09-27,1.501897,,,,1.268293,1.909330,1.334204,,1.405291,1.577460,,2.039783,1.755472,1.050343,,1.891310,1.652323
2012-09-28,1.493655,,,,1.260723,1.912157,1.326966,,1.401024,1.572167,,2.018801,1.750300,1.042943,,1.875456,1.638701
2012-10-01,1.493740,,,,1.278071,1.925953,1.322041,,1.398037,1.583338,,2.019112,1.751283,1.043758,,1.867260,1.636311
2012-10-02,1.497094,,,,1.266296,1.906566,1.326661,,1.404951,1.596074,,2.020015,1.750988,1.050433,,1.871853,1.641091
2012-10-03,1.504899,,,,1.274826,1.895655,1.327241,,1.446046,1.611378,,2.030600,1.757698,1.061488,,1.877511,1.651606
2012-10-04,1.514839,,,,1.283480,1.916788,1.331972,,1.467179,1.619908,,2.052389,1.761258,1.061229,,1.886477,1.657342
2012-10-05,1.513301,,,,1.282606,1.954414,1.327671,,1.470118,1.616330,,2.050118,1.771246,1.056747,,1.885957,1.648499
2012-10-08,1.505802,,,,1.276564,1.940299,1.317793,,1.487841,1.610044,,2.035253,1.761891,1.047485,,1.874979,1.633443
2012-10-09,1.476961,,,,1.256810,1.906300,1.296662,,1.426242,1.582754,,1.995618,1.731528,1.026847,,1.838072,1.607394
2012-10-10,1.464617,,,,1.240507,1.899257,1.282446,,1.439215,1.566594,,1.978572,1.731914,1.022101,,1.820154,1.599269
2012-10-11,1.468007,,,,1.265974,1.839633,1.286725,,1.443019,1.572125,,1.980249,1.710196,1.019254,,1.819784,1.594250
2012-10-12,1.463304,,,,1.273018,1.833822,1.280686,,1.445227,1.556985,,1.980286,1.695647,1.019686,,1.818172,1.593533
2012-10-15,1.474704,,,,1.279906,1.831704,1.292820,,1.456245,1.572218,,1.989869,1.704819,1.028265,,1.827801,1.605243
2012-10-16,1.495303,,,,1.285078,1.835956,1.314147,,1.467097,1.595352,,2.022528,1.714539,1.044389,,1.851697,1.627947
2012-10-17,1.491319,,,,1.296249,1.819313,1.301924,,1.487282,1.607583,,2.018053,1.715289,1.044312,,1.847042,1.626991
2012-10-18,1.484975,,,,1.289088,1.789124,1.297651,,1.470638,1.589311,,2.029561,1.708837,1.041826,,1.840179,1.608111
2012-10-19,1.453773,,,,1.273071,1.747501,1.266019,,1.451685,1.556757,,1.991913,1.686340,1.020110,,1.813181,1.569635
2012-10-22,1.455133,,,,1.278691,1.663406,1.271914,,1.464360,1.559008,,1.987141,1.680356,1.024286,,1.822092,1.577761
2012-10-23,1.449159,,,,1.286645,1.611063,1.267875,,1.457589,1.540512,,1.992742,1.676402,1.012372,,1.817120,1.562705
2012-10-24,1.442689,,,,1.254166,1.718278,1.259842,,1.425172,1.553887,,1.971421,1.680350,1.014041,,1.801462,1.557208
2012-10-25,1.452659,,,,1.284381,1.710773,1.269704,,1.426416,1.563221,,1.981324,1.683196,1.020081,,1.830595,1.557208
2012-10-26,1.455016,,,,1.297518,1.694919,1.260265,,1.459702,1.550076,,2.027412,1.682803,1.006450,,1.858146,1.561749
2012-10-31,1.450345,,,,1.315212,1.688980,1.251237,,1.476623,1.533014,,2.027095,1.680297,0.988896,,1.845650,1.552189
2012-11-01,1.480671,,,,1.344992,1.693033,1.288964,,1.477286,1.557873,,2.053471,1.702934,1.001982,,1.885535,1.574176
2012-11-02,1.467226,,,,1.329998,1.664082,1.271468,,1.474708,1.528423,,2.074157,1.684669,0.994224,,1.860701,1.557447
2012-11-05,1.477353,,,,1.330528,1.685256,1.283754,,1.467091,1.544894,,2.081241,1.686950,1.002475,,1.866613,1.567723
2012-11-06,1.489127,,,,1.342552,1.684867,1.301372,,1.463964,1.555629,,2.079843,1.701359,1.007048,,1.886275,1.570591
2012-11-07,1.459269,,,,1.316841,1.672024,1.269190,,1.448327,1.526012,,2.046557,1.679782,0.983774,,1.841915,1.533549
2012-11-08,1.440250,,,,1.301437,1.640248,1.255484,,1.424951,1.498354,,2.019969,1.655904,0.974610,,1.815826,1.509412
2012-11-09,1.443172,,,,1.302216,1.649402,1.255743,,1.440399,1.509120,,2.016593,1.660671,0.976767,,1.809647,1.515864
2012-11-12,1.443612,,,,1.299808,1.653075,1.251766,,1.445758,1.532988,,2.011584,1.660348,0.991611,,1.801043,1.515625
2012-11-13,1.435566,,,,1.294129,1.664090,1.241192,,1.427910,1.527202,,2.014391,1.650189,0.989478,,1.782392,1.505110
2012-11-14,1.413260,,,,1.264766,1.639603,1.226600,,1.400369,1.502441,,1.970827,1.629414,0.968847,,1.755656,1.487425
2012-11-15,1.416346,,,,1.269163,1.675653,1.230438,,1.394685,1.501886,,1.968517,1.630301,0.967076,,1.758289,1.482407
2012-11-16,1.419601,,,,1.264004,1.671441,1.231982,,1.396450,1.520418,,1.972883,1.639378,0.973301,,1.765582,1.488859
2012-11-19,1.439082,,,,1.278688,1.697017,1.249679,,1.412080,1.535700,,2.004923,1.656070,0.987554,,1.790218,1.524228
2012-11-20,1.441427,,,,1.278372,1.712209,1.244118,,1.430954,1.548480,,2.018419,1.669862,0.992856,,1.792387,1.524706
2012-11-21,1.445600,,,,1.282402,1.718863,1.249401,,1.426696,1.541983,,2.032470,1.673555,0.993759,,1.797191,1.527813
2012-11-23,1.465961,,,,1.296435,1.736093,1.270233,,1.442745,1.558470,,2.058515,1.694711,1.004642,,1.817459,1.550994
2012-11-26,1.467305,,,,1.301666,1.727592,1.271791,,1.430528,1.547296,,2.082125,1.683124,1.008179,,1.814898,1.557686
2012-11-27,1.460809,,,,1.292515,1.791192,1.262143,,1.425145,1.533341,,2.076796,1.673244,0.994218,,1.807789,1.552428
2012-11-28,1.477477,,,,1.306338,1.825946,1.276527,,1.435624,1.540919,,2.110953,1.694545,1.001036,,1.837818,1.565811
2012-11-29,1.486448,,,,1.322630,1.830258,1.282684,,1.452436,1.551663,,2.120782,1.703124,1.004266,,1.840072,1.575132
2012-11-30,1.484636,,,,1.317170,1.846870,1.278661,,1.454933,1.548683,,2.124002,1.709539,0.991894,,1.846458,1.572503
2012-12-03,1.479478,,,,1.308638,1.842929,1.277794,,1.436304,1.541068,,2.113923,1.707546,0.987270,,1.841762,1.569396
2012-12-04,1.483413,,,,1.309478,1.839505,1.286761,,1.452463,1.546722,,2.085443,1.712119,0.984600,,1.847051,1.568440
2012-12-05,1.483581,,,,1.322483,1.836244,1.290055,,1.434625,1.541126,,2.084223,1.719058,0.982139,,1.856628,1.550994
2012-12-06,1.494751,,,,1.306272,1.833468,1.306100,,1.452081,1.535292,,2.102166,1.722572,0.995801,,1.882967,1.561032
2012-12-07,1.493973,,,,1.316112,1.836363,1.305131,,1.446264,1.533171,,2.100381,1.721261,0.990858,,1.883298,1.551711
2012-12-10,1.499989,,,,1.335622,1.833640,1.313757,,1.449421,1.555789,,2.073694,1.730350,0.990032,,1.885273,1.556252
2012-12-11,1.518503,,,,1.354184,1.831005,1.329621,,1.463851,1.580657,,2.104736,1.743324,1.001148,,1.910919,1.576566
2012-12-12,1.518623,,,,1.348478,1.859116,1.322041,,1.487780,1.579476,,2.117399,1.738425,1.000653,,1.910959,1.573220
2012-12-13,1.508335,,,,1.343713,1.839967,1.312150,,1.489608,1.568044,,2.098418,1.731912,0.987626,,1.904408,1.560793
2012-12-14,1.507386,,,,1.345199,1.816130,1.308361,,1.508740,1.564600,,2.103590,1.726419,0.985929,,1.897628,1.545976
2012-12-17,1.522292,,,,1.359793,1.833881,1.318345,,1.522110,1.579000,,2.139765,1.744182,1.002714,,1.913564,1.566528
2012-12-18,1.545414,,,,1.386383,1.861489,1.341826,,1.535213,1.589322,,2.173768,1.749967,1.019093,,1.939483,1.590427
2012-12-19,1.542064,,,,1.387614,1.837996,1.345433,,1.535230,1.565556,,2.159761,1.737699,1.016272,,1.941011,1.583496
2012-12-20,1.542166,,,,1.395226,1.837186,1.345764,,1.536881,1.555973,,2.163342,1.738696,1.017163,,1.937192,1.583496
2012-12-21,1.528792,,,,1.399990,1.839237,1.332804,,1.513220,1.546867,,2.138824,1.717861,1.007944,,1.916588,1.566842
2012-12-24,1.523188,,,,1.399602,1.843119,1.326842,,1.503844,1.541644,,2.132507,1.717618,1.006285,,1.908858,1.563718
2012-12-26,1.511317,,,,1.393231,1.828673,1.317711,,1.514609,1.526843,,2.093159,1.705824,0.996136,,1.898910,1.550020
2012-12-27,1.509346,,,,1.391648,1.826476,1.313253,,1.505531,1.526913,,2.106195,1.699834,0.998856,,1.904394,1.547617
2012-12-28,1.495387,,,,1.383388,1.814613,1.300551,,1.493301,1.510915,,2.085790,1.685362,0.990201,,1.882300,1.532718
2012-12-31,1.521478,,,,1.403541,1.851447,1.321899,,1.515623,1.532181,,2.136964,1.703335,1.009667,,1.916759,1.565160
2013-01-02,1.565528,,,,1.434384,1.874642,1.367722,,1.553173,1.572572,,2.187217,1.747955,1.046539,,1.976364,1.614905
2013-01-03,1.564214,,,,1.430374,1.851194,1.358978,,1.567270,1.579380,,2.209182,1.741195,1.045819,,1.970550,1.606494
2013-01-04,1.569134,,,,1.445349,1.847613,1.360186,,1.576575,1.583792,,2.225014,1.746829,1.050240,,1.976165,1.601207
2013-01-07,1.569108,,,,1.436499,1.826416,1.357879,,1.582882,1.596777,,2.229570,1.751058,1.055776,,1.976234,1.601688
2013-01-08,1.562226,,,,1.429267,1.818950,1.349868,,1.577508,1.596914,,2.221495,1.745103,1.060428,,1.964578,1.598564
2013-01-09,1.568085,,,,1.442214,1.801568,1.357157,,1.586330,1.601151,,2.222484,1.751405,1.064086,,1.976695,1.604572
2013-01-10,1.575832,,,,1.441459,1.779299,1.367681,,1.612983,1.595339,,2.229649,1.751730,1.061747,,1.990411,1.614184
2013-01-11,1.586187,,,,1.443868,1.802554,1.382686,,1.628996,1.580435,,2.237502,1.745612,1.062529,,1.990368,1.616347
2013-01-14,1.587761,,,,1.446343,1.800062,1.383894,,1.626971,1.585349,,2.240636,1.749814,1.062077,,1.992722,1.609137
2013-01-15,1.587791,,,,1.453481,1.816867,1.381719,,1.620687,1.574323,,2.257460,1.739020,1.057105,,1.996555,1.601207
2013-01-16,1.587330,,,,1.446717,1.816662,1.389046,,1.593432,1.567433,,2.250603,1.732950,1.057775,,1.992646,1.607696
2013-01-17,1.599734,,,,1.455102,1.807253,1.404611,,1.598406,1.580237,,2.260797,1.744558,1.066321,,2.009284,1.615386
2013-01-18,1.600634,,,,1.469760,1.777161,1.403661,,1.607863,1.576458,,2.271265,1.749601,1.065094,,2.003614,1.611781
2013-01-22,1.602852,,,,1.469899,1.807173,1.405538,,1.598006,1.587938,,2.265770,1.756193,1.072619,,2.016527,1.614424
2013-01-23,1.607513,,,,1.463209,1.807592,1.409093,,1.626577,1.598722,,2.257753,1.753632,1.068673,,2.001717,1.624277
2013-01-24,1.624982,,,,1.492853,1.818817,1.406506,,1.746348,1.616565,,2.283101,1.761411,1.063621,,2.013433,1.601928
2013-01-25,1.642628,,,,1.502434,1.808364,1.422932,,1.801500,1.626133,,2.298872,1.771564,1.079983,,2.017964,1.610099
2013-01-28,1.641190,,,,1.503526,1.817651,1.424660,,1.794875,1.625892,,2.280068,1.777916,1.079475,,2.020033,1.613703
2013-01-29,1.637145,,,,1.513050,1.814791,1.418108,,1.801274,1.631890,,2.263055,1.790917,1.071662,,2.011603,1.613944
2013-01-30,1.633825,,,,1.502112,1.809907,1.415783,,1.799598,1.620892,,2.266998,1.783071,1.064047,,2.007046,1.610579
2013-01-31,1.631928,,,,1.488209,1.808011,1.416223,,1.785156,1.621942,,2.266771,1.777834,1.058656,,2.004355,1.606975
2013-02-01,1.653796,,,,1.504712,1.817483,1.436719,,1.805428,1.653401,,2.289663,1.799451,1.074757,,2.027185,1.625959
2013-02-04,1.635512,,,,1.485453,1.798979,1.419582,,1.800816,1.635719,,2.259849,1.780022,1.060300,,2.011351,1.597602
2013-02-05,1.653862,,,,1.505330,1.813184,1.438716,,1.782752,1.654596,,2.296294,1.802225,1.078823,,2.026797,1.621153
2013-02-06,1.653740,,,,1.467374,1.818901,1.439881,,1.800134,1.659619,,2.291701,1.802001,1.070939,,2.026178,1.615866
2013-02-07,1.644786,,,,1.456676,1.801404,1.425515,,1.791758,1.655954,,2.307605,1.796892,1.068871,,2.022135,1.617308
2013-02-08,1.660683,,,,1.466583,1.815908,1.440240,,1.799047,1.678087,,2.329698,1.815201,1.078359,,2.058842,1.633890
2013-02-11,1.657119,,,,1.463973,1.817606,1.438424,,1.788993,1.674226,,2.321069,1.807414,1.070995,,2.048930,1.634370
2013-02-12,1.658081,,,,1.463497,1.796631,1.437124,,1.793463,1.680822,,2.332775,1.811610,1.076374,,2.050731,1.627642
2013-02-13,1.662982,,,,1.470455,1.800185,1.440243,,1.812923,1.687629,,2.332198,1.813696,1.088674,,2.057309,1.633409
2013-02-14,1.663542,,,,1.467953,1.805661,1.443612,,1.806316,1.681682,,2.331016,1.807921,1.087167,,2.062055,1.632929
2013-02-15,1.664854,,,,1.466124,1.867268,1.443696,,1.812583,1.684151,,2.313784,1.818195,1.083188,,2.056403,1.628122
2013-02-19,1.672097,,,,1.478554,1.837665,1.452289,,1.818350,1.702521,,2.312791,1.818386,1.088749,,2.050741,1.639898
2013-02-20,1.643577,,,,1.456756,1.843274,1.426676,,1.768284,1.679374,,2.270004,1.802535,1.072922,,1.994098,1.614665
2013-02-21,1.624944,,,,1.427685,1.847712,1.406036,,1.760113,1.663095,,2.252519,1.777420,1.063420,,1.968154,1.597362
2013-02-22,1.641944,,,,1.436370,1.868486,1.426659,,1.753559,1.686768,,2.262887,1.793428,1.070161,,1.983719,1.613463
2013-02-25,1.617782,,,,1.412687,1.833087,1.403891,,1.735211,1.676830,,2.222073,1.781126,1.055989,,1.952466,1.593517
2013-02-26,1.623683,,,,1.384662,1.824579,1.414397,,1.752652,1.674211,,2.230038,1.784791,1.063319,,1.962271,1.599525
2013-02-27,1.649292,,,,1.421189,1.904541,1.430978,,1.767899,1.707218,,2.268019,1.809138,1.077835,,1.992052,1.615866
2013-02-28,1.648455,,,,1.421579,1.916020,1.432228,,1.779077,1.684232,,2.265994,1.812795,1.080817,,1.988547,1.612502
2013-03-01,1.655858,,,,1.418716,1.932374,1.435363,,1.796671,1.705787,,2.273844,1.817715,1.088016,,1.995464,1.619231
2013-03-04,1.661638,,,,1.419243,1.939501,1.440553,,1.789883,1.709183,,2.294906,1.829057,1.094764,,2.001454,1.626440
2013-03-05,1.682396,,,,1.437724,1.921210,1.461639,,1.823028,1.728475,,2.317005,1.857453,1.105210,,2.028593,1.650471
2013-03-06,1.683340,,,,1.430896,1.905338,1.464508,,1.821604,1.738427,,2.311840,1.855066,1.103667,,2.036619,1.646386
2013-03-07,1.681024,,,,1.431300,1.884383,1.466413,,1.816445,1.732322,,2.300762,1.857438,1.094130,,2.036785,1.650712
2013-03-08,1.689275,,,,1.441669,1.884605,1.470975,,1.828407,1.751866,,2.312370,1.869453,1.102007,,2.052361,1.652634
2013-03-11,1.688996,,,,1.442592,1.877351,1.471205,,1.823010,1.753704,,2.312941,1.865718,1.102503,,2.062436,1.657440
2013-03-12,1.683333,,,,1.433092,1.868249,1.465247,,1.811737,1.757750,,2.307585,1.865800,1.112170,,2.068909,1.651433
2013-03-13,1.686862,,,,1.449072,1.884122,1.468014,,1.819000,1.754009,,2.306874,1.864083,1.114042,,2.070397,1.649270
2013-03-14,1.690213,,,,1.452772,1.880304,1.474563,,1.817989,1.749059,,2.308169,1.877653,1.114372,,2.084952,1.654797
2013-03-15,1.676693,,,,1.452371,1.879825,1.461999,,1.796476,1.725025,,2.296321,1.865586,1.100147,,2.068516,1.650196
2013-03-18,1.666372,,,,1.442079,1.885516,1.450996,,1.795164,1.724848,,2.269462,1.857293,1.092104,,2.060985,1.646583
2013-03-19,1.660138,,,,1.433146,1.901577,1.444331,,1.785050,1.730917,,2.251394,1.867119,1.082779,,2.052974,1.643452
2013-03-20,1.678687,,,,1.434453,1.949425,1.459907,,1.801054,1.752000,,2.279968,1.883078,1.096048,,2.066660,1.655014
2013-03-21,1.660979,,,,1.411404,1.946451,1.437683,,1.792745,1.741981,,2.270497,1.870908,1.089481,,2.053412,1.636226
2013-03-22,1.673963,,,,1.425164,1.939577,1.448168,,1.802311,1.763342,,2.292872,1.890462,1.101575,,2.073633,1.652123
2013-03-25,1.667711,,,,1.407477,1.942677,1.441512,,1.801041,1.758046,,2.288939,1.891967,1.093404,,2.074264,1.646102
2013-03-26,1.682007,,,,1.417151,1.970086,1.452993,,1.823568,1.774034,,2.304785,1.907002,1.108994,,2.102892,1.655014
2013-03-27,1.685514,,,,1.417579,1.956555,1.455982,,1.823425,1.791615,,2.306505,1.909382,1.120551,,2.101056,1.657182
2013-03-28,1.697025,,,,1.428016,1.957413,1.466649,,1.820598,1.825614,,2.312660,1.928743,1.132152,,2.110070,1.661276
2013-04-01,1.679802,,,,1.403885,1.943293,1.448022,,1.806460,1.810719,,2.303826,1.919689,1.125538,,2.095838,1.649956
2013-04-02,1.688195,,,,1.405540,1.963843,1.451288,,1.823201,1.829173,,2.319328,1.945979,1.137793,,2.120863,1.662962
2013-04-03,1.667164,,,,1.385710,1.950544,1.436967,,1.783067,1.809227,,2.280226,1.915091,1.121077,,2.078115,1.647788
2013-04-04,1.673590,,,,1.396616,1.983119,1.442597,,1.767167,1.815404,,2.293885,1.923448,1.120217,,2.080412,1.648269
2013-04-05,1.656641,,,,1.398164,1.962043,1.423831,,1.750450,1.799115,,2.278060,1.901421,1.111312,,2.067001,1.634540
2013-04-08,1.669583,,,,1.413554,2.001217,1.432562,,1.753679,1.807117,,2.309784,1.915280,1.116021,,2.086908,1.643211
2013-04-09,1.679100,,,,1.431383,1.987141,1.442617,,1.771081,1.808987,,2.318822,1.913364,1.123052,,2.111872,1.654291
2013-04-10,1.710552,,,,1.430342,2.015424,1.472422,,1.800397,1.849100,,2.365452,1.943978,1.143166,,2.151305,1.686568
2013-04-11,1.718169,,,,1.430083,2.047092,1.470083,,1.814651,1.869904,,2.398112,1.952498,1.158671,,2.137811,1.685845
2013-04-12,1.712210,,,,1.420307,2.066530,1.455506,,1.816252,1.888193,,2.400434,1.956527,1.163595,,2.134455,1.684641
2013-04-15,1.670667,,,,1.377332,2.023170,1.420883,,1.797211,1.843686,,2.322708,1.914889,1.138917,,2.085999,1.651401
2013-04-16,1.693397,,,,1.390354,2.058333,1.442161,,1.812446,1.871441,,2.350225,1.943637,1.155780,,2.113111,1.673320
2013-04-17,1.664454,,,,1.361473,2.038249,1.411707,,1.776095,1.859805,,2.321230,1.921810,1.138703,,2.082543,1.640562
2013-04-18,1.644044,,,,1.352572,2.019951,1.395752,,1.754688,1.828962,,2.286400,1.907862,1.111929,,2.077703,1.617920
2013-04-19,1.671262,,,,1.367222,2.037973,1.398675,,1.773734,2.001230,,2.307981,1.932213,1.127223,,2.100153,1.640080
2013-04-22,1.682670,,,,1.382479,2.044562,1.409259,,1.793900,2.005821,,2.319276,1.936045,1.149248,,2.122905,1.656941
2013-04-23,1.708264,,,,1.385701,2.078592,1.430329,,1.889207,2.001128,,2.347882,1.951847,1.186278,,2.151497,1.672838
2013-04-24,1.711166,,,,1.392353,2.091829,1.438456,,1.890991,1.954349,,2.362814,1.940908,1.170588,,2.175369,1.672116
2013-04-25,1.729830,,,,1.399537,2.098672,1.452642,,1.907643,1.984175,,2.400860,1.939086,1.183250,,2.204021,1.681028
2013-04-26,1.716946,,,,1.399597,2.087630,1.444226,,1.889024,1.975660,,2.360957,1.946424,1.164327,,2.193333,1.675729
2013-04-29,1.727314,,,,1.409736,2.079390,1.460144,,1.892363,1.987560,,2.351908,1.955368,1.159664,,2.208661,1.691144
2013-04-30,1.737897,,,,1.410597,2.073551,1.474725,,1.914416,1.972011,,2.367141,1.949805,1.159460,,2.222019,1.703429
2013-05-01,1.722219,,,,1.391732,2.069963,1.458984,,1.919072,1.956787,,2.339170,1.931776,1.157437,,2.200985,1.695480
2013-05-02,1.741237,,,,1.421198,2.076581,1.476916,,1.916724,1.979687,,2.367432,1.936273,1.178512,,2.218991,1.716917
2013-05-03,1.765559,,,,1.439402,2.110958,1.496758,,1.931582,2.004443,,2.414051,1.958176,1.202142,,2.249569,1.737150
2013-05-06,1.770855,,,,1.442563,2.091870,1.504089,,1.948188,1.999068,,2.419194,1.955931,1.198089,,2.244259,1.743895
2013-05-07,1.774480,,,,1.466917,2.119326,1.502943,,1.949387,1.979093,,2.446629,1.963128,1.190403,,2.256337,1.742931
2013-05-08,1.784084,,,,1.448139,2.114888,1.515290,,1.970558,1.983327,,2.459688,1.975926,1.193123,,2.265230,1.751362
2013-05-09,1.787529,,,,1.433026,2.070527,1.513097,,1.983234,1.983350,,2.512429,1.967593,1.188811,,2.257850,1.748953
2013-05-10,1.802080,,,,1.453841,2.081808,1.521461,,1.996519,2.011883,,2.538550,1.981511,1.202180,,2.270085,1.759551
2013-05-13,1.795534,,,,1.446772,2.073859,1.510234,,2.002064,2.020174,,2.535072,1.976205,1.219870,,2.256123,1.761719
2013-05-14,1.812534,,,,1.465528,2.117059,1.518470,,2.017968,2.052174,,2.567964,1.994484,1.241760,,2.272917,1.770872
2013-05-15,1.826880,,,,1.474185,2.161452,1.531779,,2.057950,2.042971,,2.581155,2.007991,1.249205,,2.288948,1.774485
2013-05-16,1.819814,,,,1.460296,2.138137,1.538039,,2.029670,2.016144,,2.552818,1.987651,1.226180,,2.280392,1.772558
2013-05-17,1.836146,,,,1.480400,2.144385,1.551949,,2.045863,2.031890,,2.578531,2.001958,1.238141,,2.306760,1.789660
2013-05-20,1.831316,,,,1.477913,2.125669,1.546252,,2.056752,2.008282,,2.588617,1.984723,1.224189,,2.297614,1.787010
2013-05-21,1.837063,,,,1.497167,2.135629,1.547242,,2.056622,2.035862,,2.589722,1.996359,1.234649,,2.307394,1.788937
2013-05-22,1.813598,,,,1.480328,2.126118,1.528519,,2.012616,2.016067,,2.550708,1.973549,1.227616,,2.280025,1.773281
2013-05-23,1.813185,,,,1.504968,2.149977,1.523864,,2.003824,2.021487,,2.547770,1.969679,1.229161,,2.267227,1.769186
2013-05-24,1.812685,,,,1.488417,2.147681,1.519378,,2.019833,2.037005,,2.551107,1.971874,1.236898,,2.265020,1.768222
2013-05-28,1.826050,,,,1.491302,2.149617,1.535131,,2.004165,2.054856,,2.575712,1.987366,1.236268,,2.284596,1.779784
2013-05-29,1.815544,,,,1.486488,2.118684,1.532513,,1.984474,2.035832,,2.546544,1.958217,1.223828,,2.268423,1.771354
2013-05-30,1.830343,,,,1.484787,2.100423,1.549867,,2.004634,2.061029,,2.553432,1.963119,1.230467,,2.278391,1.780748
2013-05-31,1.811068,,,,1.479354,2.069689,1.533347,,1.986704,2.025309,,2.534396,1.938851,1.213671,,2.249984,1.764369
2013-06-03,1.813401,,,,1.480698,2.085821,1.541912,,1.976255,2.006036,,2.530788,1.948102,1.200904,,2.273484,1.767500
2013-06-04,1.808576,,,,1.465562,2.148346,1.537330,,1.981563,1.979098,,2.523219,1.942779,1.189563,,2.278348,1.758347
2013-06-05,1.782905,,,,1.429206,2.120586,1.519755,,1.953651,1.941345,,2.484799,1.913869,1.168593,,2.234795,1.735464
2013-06-06,1.798315,,,,1.437613,2.163563,1.524532,,1.976412,1.977169,,2.518849,1.929916,1.186195,,2.252326,1.743895
2013-06-07,1.826945,,,,1.458826,2.188948,1.546285,,2.015349,2.014344,,2.564522,1.949148,1.214295,,2.273728,1.767741
2013-06-10,1.826608,,,,1.454355,2.195649,1.542534,,2.013764,2.010595,,2.585163,1.948196,1.210922,,2.279157,1.768463
2013-06-11,1.802878,,,,1.440983,2.184400,1.521475,,1.978276,1.997645,,2.541644,1.939348,1.198022,,2.258647,1.750880
2013-06-12,1.783670,,,,1.425351,2.168027,1.509884,,1.935457,1.959405,,2.521035,1.920454,1.169229,,2.234062,1.730647
2013-06-13,1.811797,,,,1.453707,2.190282,1.530862,,1.965616,1.993515,,2.571800,1.946940,1.193725,,2.272346,1.752566
2013-06-14,1.799353,,,,1.438469,2.155846,1.519299,,1.953373,1.983663,,2.564347,1.941686,1.186940,,2.259229,1.741004
2013-06-17,1.818884,,,,1.445121,2.179544,1.539076,,1.990988,1.980083,,2.593615,1.959515,1.198007,,2.289423,1.757865
2013-06-18,1.835537,,,,1.453093,2.188990,1.552062,,2.004484,2.005334,,2.626206,1.974049,1.216125,,2.315323,1.772317
2013-06-19,1.819109,,,,1.434181,2.154736,1.541602,,1.989653,1.971890,,2.607033,1.952000,1.207186,,2.281243,1.752566
2013-06-20,1.774887,,,,1.394723,2.097442,1.505990,,1.940224,1.927733,,2.536265,1.910804,1.174929,,2.219841,1.710896
2013-06-21,1.770379,,,,1.390247,2.107623,1.502872,,1.923507,1.935947,,2.517724,1.924482,1.172910,,2.222245,1.701810
2013-06-24,1.750870,,,,1.377084,2.124508,1.481564,,1.913125,1.931568,,2.474866,1.919608,1.169009,,2.194796,1.684896
2013-06-25,1.770865,,,,1.391181,2.135468,1.503723,,1.921274,1.939170,,2.506099,1.935656,1.175871,,2.226434,1.697219
2013-06-26,1.788494,,,,1.404852,2.150747,1.515099,,1.947641,1.978926,,2.526121,1.947148,1.202753,,2.245505,1.712442
2013-06-27,1.803190,,,,1.426212,2.181787,1.524121,,1.965059,1.983671,,2.562496,1.953753,1.209017,,2.265388,1.719691
2013-06-28,1.802446,,,,1.423757,2.197542,1.519307,,1.972577,1.992119,,2.563165,1.959498,1.213336,,2.269454,1.722107
2013-07-01,1.814337,,,,1.435189,2.207877,1.526048,,1.984374,1.999620,,2.602311,1.963848,1.228364,,2.276690,1.732739
2013-07-02,1.810285,,,,1.428080,2.210155,1.523429,,1.975994,1.993734,,2.597008,1.963674,1.226826,,2.260951,1.733464
2013-07-03,1.813617,,,,1.418466,2.210284,1.530280,,1.979532,1.995823,,2.592649,1.969836,1.226069,,2.261464,1.740471
2013-07-05,1.834588,,,,1.440028,2.233391,1.546696,,1.993465,2.030324,,2.621887,1.992423,1.237356,,2.285939,1.753761
2013-07-08,1.832913,,,,1.447783,2.243141,1.536033,,2.021025,2.021784,,2.640540,2.004495,1.239762,,2.275671,1.755452
2013-07-09,1.843405,,,,1.470962,2.231449,1.548535,,2.064366,1.992785,,2.650993,2.014867,1.254966,,2.285449,1.766084
2013-07-10,1.857897,,,,1.457176,2.251879,1.564157,,2.063069,2.019462,,2.671965,2.026767,1.264246,,2.295861,1.776233
2013-07-11,1.889511,,,,1.488175,2.275720,1.591911,,2.105703,2.049024,,2.711622,2.051782,1.280499,,2.341078,1.811511
2013-07-12,1.902724,,,,1.482213,2.269106,1.604809,,2.136584,2.072192,,2.720148,2.065145,1.296707,,2.352385,1.819485
2013-07-15,1.904093,,,,1.504097,2.270974,1.605476,,2.145089,2.066687,,2.712377,2.054293,1.297403,,2.354561,1.823592
2013-07-16,1.903949,,,,1.503556,2.268228,1.606600,,2.159487,2.053798,,2.709278,2.051200,1.298440,,2.353685,1.821176
2013-07-17,1.909549,,,,1.501797,2.298940,1.614274,,2.173627,2.056264,,2.697100,2.038841,1.312115,,2.340453,1.825767
2013-07-18,1.915594,,,,1.518915,2.311833,1.616129,,2.184916,2.071710,,2.700081,2.050464,1.318718,,2.340429,1.821176
2013-07-19,1.910431,,,,1.514894,2.318056,1.607989,,2.178472,2.088713,,2.686153,2.052075,1.322338,,2.340729,1.802329
2013-07-22,1.913125,,,,1.517074,2.335349,1.608622,,2.184996,2.093065,,2.689785,2.057940,1.316137,,2.339971,1.807645
2013-07-23,1.901608,,,,1.499076,2.334252,1.602864,,2.169939,2.064353,,2.672470,2.056887,1.296533,,2.332214,1.794355
2013-07-24,1.895434,,,,1.477791,2.305516,1.600945,,2.164024,2.060884,,2.661312,2.050226,1.285234,,2.310944,1.800154
2013-07-25,1.912087,,,,1.482842,2.301544,1.610102,,2.211077,2.078653,,2.702757,2.053246,1.300148,,2.305633,1.811511
2013-07-26,1.908174,,,,1.494631,2.296232,1.612372,,2.209712,2.069447,,2.663001,2.056014,1.294931,,2.298261,1.821176
2013-07-29,1.896432,,,,1.489608,2.269606,1.605793,,2.208382,2.043042,,2.636524,2.038656,1.279269,,2.294107,1.817793
2013-07-30,1.908421,,,,1.503491,2.270436,1.619362,,2.204913,2.052399,,2.652971,2.033491,1.290311,,2.304301,1.827459
2013-07-31,1.918217,,,,1.511390,2.286334,1.633981,,2.232883,2.043851,,2.642070,2.060034,1.298270,,2.327277,1.830841
2013-08-01,1.945414,,,0.995240,1.539082,2.321504,1.653028,,2.267496,2.070402,,2.702143,2.081852,1.318597,,2.366845,1.849447
2013-08-02,1.948327,,,0.989349,1.528992,2.338123,1.653121,,2.281801,2.073677,,2.715644,2.085952,1.312575,,2.373432,1.859837
2013-08-05,1.946967,,,1.007509,1.512005,2.338655,1.656496,,2.276725,2.059359,,2.713441,2.092064,1.314833,,2.371552,1.861045
2013-08-06,1.943328,,,0.997408,1.513495,2.332328,1.650437,,2.270027,2.026170,,2.761024,2.088381,1.300354,,2.359629,1.849930
2013-08-07,1.935226,,,0.999428,1.485755,2.313505,1.645018,,2.272389,2.037591,,2.726987,2.081895,1.290677,,2.347807,1.846547
2013-08-08,1.943127,,,1.000011,1.487145,2.333612,1.656234,,2.269305,2.034729,,2.742997,2.084928,1.298113,,2.361876,1.855729
2013-08-09,1.939527,,,1.000895,1.484594,2.313186,1.653256,,2.273758,2.021205,,2.746819,2.082195,1.296011,,2.351071,1.848239
2013-08-12,1.940061,,,0.994251,1.482221,2.300663,1.664228,,2.260107,2.008374,,2.739702,2.082485,1.289273,,2.352890,1.852588
2013-08-13,1.945803,,,0.983231,1.479972,2.303329,1.674172,,2.263383,2.009764,,2.748552,2.087697,1.300198,,2.355465,1.862978
2013-08-14,1.932674,,,0.970271,1.465955,2.266332,1.669756,,2.231221,2.000030,,2.726473,2.071485,1.289396,,2.340751,1.855971
2013-08-15,1.895539,,,0.950178,1.446181,2.211504,1.634234,,2.196141,1.961696,,2.681068,2.041475,1.257260,,2.300283,1.824559
2013-08-16,1.889893,,,0.951515,1.445111,2.196165,1.630612,,2.197023,1.947365,,2.669246,2.037371,1.251024,,2.288301,1.823834
2013-08-19,1.881733,,,0.946970,1.437397,2.204936,1.621817,,2.187828,1.942385,,2.654270,2.031325,1.241829,,2.286066,1.820693
2013-08-20,1.895225,,,0.961667,1.451980,2.223307,1.629166,,2.204606,1.958155,,2.680670,2.045202,1.252611,,2.303840,1.828667
2013-08-21,1.888933,,,0.952517,1.448046,2.210758,1.626550,,2.197564,1.956475,,2.657229,2.027969,1.255298,,2.301340,1.822384
2013-08-22,1.909708,,,0.955369,1.465956,2.246703,1.642777,,2.213741,1.987127,,2.687735,2.038367,1.272738,,2.318548,1.840265
2013-08-23,1.919120,,,0.969995,1.470117,2.251942,1.650563,,2.231623,1.982109,,2.713733,2.044236,1.270406,,2.327278,1.852588
2013-08-26,1.917754,,,0.968851,1.476805,2.238008,1.644563,,2.229611,2.009276,,2.699070,2.037809,1.270535,,2.317859,1.853555
2013-08-27,1.880755,,,0.976096,1.449593,2.220940,1.608907,,2.185386,1.962585,,2.648225,2.011252,1.234369,,2.280840,1.815619
2013-08-28,1.889630,,,0.981773,1.450391,2.207071,1.616347,,2.203373,1.983054,,2.656953,2.014533,1.247319,,2.286339,1.822626
2013-08-29,1.902660,,,0.997543,1.452584,2.204917,1.624522,,2.250055,1.996140,,2.670416,2.034845,1.256868,,2.311496,1.835432
2013-08-30,1.893442,,,0.990799,1.444765,2.207393,1.618036,,2.232345,1.985332,,2.654074,2.036377,1.251045,,2.312756,1.823592
2013-09-03,1.908357,,,1.001282,1.463556,2.175910,1.629258,,2.251993,2.018661,,2.674242,2.043033,1.277048,,2.322915,1.833983
2013-09-04,1.932659,,,1.002304,1.479646,2.212593,1.651721,,2.260165,2.055652,,2.710343,2.057541,1.297112,,2.344661,1.853555
2013-09-05,1.938077,,,1.001329,1.502289,2.224409,1.655289,,2.271756,2.052449,,2.710949,2.064219,1.308227,,2.353385,1.856696
2013-09-06,1.937870,,,0.993561,1.500844,2.212544,1.655298,,2.279503,2.050310,,2.715407,2.069756,1.309463,,2.355369,1.858871
2013-09-09,1.960841,,,1.014334,1.524326,2.232615,1.675228,,2.293872,2.080842,,2.743723,2.091693,1.331938,,2.380152,1.880617
2013-09-10,1.980896,,,1.022414,1.550163,2.246074,1.695962,,2.305043,2.083586,,2.785072,2.116120,1.342349,,2.403608,1.889799
2013-09-11,1.991715,,,1.030179,1.559704,2.261126,1.698715,,2.343325,2.094166,,2.803875,2.134441,1.350127,,2.413604,1.886175
2013-09-12,1.981471,,,1.017378,1.554445,2.247558,1.690101,,2.325480,2.090629,,2.788253,2.119240,1.340722,,2.401260,1.884967
2013-09-13,1.985396,,,1.010359,1.553365,2.249239,1.696761,,2.323513,2.099089,,2.789115,2.114594,1.344657,,2.418534,1.886175
2013-09-16,1.993145,,,1.006056,1.569332,2.273598,1.704515,,2.322722,2.109342,,2.789537,2.125055,1.342078,,2.433360,1.881101
2013-09-17,2.006132,,,1.009537,1.565358,2.291196,1.717464,,2.352620,2.113749,,2.808862,2.130076,1.359157,,2.451733,1.893666
2013-09-18,2.032287,,,1.022728,1.592403,2.338636,1.739104,,2.370028,2.135475,,2.854104,2.141339,1.374392,,2.476433,1.916379
2013-09-19,2.033645,,,1.034547,1.591494,2.333182,1.737924,,2.383497,2.130899,,2.861902,2.143267,1.373328,,2.482372,1.920970
2013-09-20,2.027480,,,1.035166,1.582930,2.307993,1.731210,,2.387465,2.123519,,2.860667,2.131754,1.370781,,2.463378,1.914378
2013-09-23,2.014105,,,1.033563,1.572723,2.288002,1.722022,,2.374255,2.100931,,2.838327,2.118559,1.353873,,2.452541,1.910500
2013-09-24,2.017817,,,1.029070,1.572587,2.285127,1.727815,,2.383462,2.090492,,2.853591,2.115691,1.358662,,2.470783,1.910500
2013-09-25,2.015997,,,1.033483,1.558923,2.270398,1.734067,,2.389319,2.074501,,2.837744,2.107282,1.361394,,2.484695,1.903956
2013-09-26,2.030267,,,1.050266,1.562381,2.273825,1.736295,,2.435977,2.099095,,2.873063,2.117726,1.378552,,2.489403,1.918740
2013-09-27,2.025379,,,1.052877,1.556403,2.256598,1.727071,,2.447569,2.101977,,2.869263,2.110492,1.378515,,2.474923,1.916317
2013-09-30,2.021230,,,1.055631,1.550500,2.234928,1.723885,,2.443007,2.103436,,2.862684,2.113902,1.374748,,2.473336,1.911712
2013-10-01,2.036489,,,1.043836,1.563196,2.240319,1.735122,,2.465398,2.124627,,2.898337,2.116251,1.387881,,2.482030,1.931100
2013-10-02,2.037839,,,1.021162,1.553181,2.236556,1.740654,,2.466872,2.117332,,2.915799,2.111154,1.389394,,2.495493,1.930373
2013-10-03,2.013251,,,0.987962,1.531630,2.225862,1.725252,,2.429025,2.081177,,2.880271,2.088312,1.369257,,2.478256,1.907834
2013-10-04,2.032560,,,0.989981,1.543055,2.237246,1.741517,,2.449588,2.119376,,2.901708,2.106966,1.395077,,2.485575,1.924314
2013-10-07,2.016025,,,0.987906,1.531199,2.218676,1.731181,,2.428703,2.097600,,2.862120,2.088021,1.377304,,2.466126,1.908319
2013-10-08,1.981518,,,0.977515,1.516257,2.229044,1.704967,,2.359747,2.047850,,2.800311,2.063816,1.333611,,2.439115,1.871481
2013-10-09,1.972965,,,0.980875,1.502832,2.233957,1.699279,,2.341927,2.038880,,2.782382,2.069224,1.327261,,2.444707,1.865664
2013-10-10,2.016779,,,0.992275,1.531769,2.261839,1.735876,,2.405289,2.093296,,2.848385,2.106007,1.373644,,2.494671,1.905168
2013-10-11,2.030217,,,1.000361,1.537598,2.259891,1.749984,,2.421002,2.097637,,2.879130,2.127861,1.370854,,2.515437,1.920194
2013-10-14,2.043445,,,1.000924,1.549527,2.274674,1.762888,,2.427175,2.132975,,2.874694,2.139497,1.388853,,2.528390,1.933766
2013-10-15,2.026027,,,0.994786,1.537117,2.268812,1.744510,,2.417970,2.114933,,2.846038,2.128461,1.379537,,2.511298,1.926253
2013-10-16,2.051543,,,1.009133,1.554291,2.309894,1.758911,,2.450390,2.166811,,2.879977,2.159590,1.405701,,2.554123,1.948065
2013-10-17,2.065668,,,1.033128,1.563168,2.339272,1.765724,,2.481760,2.193755,,2.882177,2.187013,1.420266,,2.580969,1.959214
2013-10-18,2.084043,,,1.032630,1.574906,2.344331,1.778247,,2.562243,2.179628,,2.923572,2.191955,1.433407,,2.595944,1.990963
2013-10-21,2.086857,,,1.041632,1.578507,2.344474,1.788362,,2.556914,2.150649,,2.933128,2.203158,1.429585,,2.610163,1.995325
2013-10-22,2.094087,,,1.045717,1.589674,2.360666,1.786135,,2.564027,2.180865,,2.947410,2.210567,1.434408,,2.610706,1.998233
2013-10-23,2.073579,,,1.043287,1.582525,2.345146,1.754195,,2.550680,2.175460,,2.941463,2.199948,1.418377,,2.581837,1.986115
2013-10-24,2.078154,,,1.072074,1.600601,2.351897,1.749659,,2.565075,2.177784,,2.954476,2.192562,1.418360,,2.599971,1.994840
2013-10-25,2.083330,,,1.063302,1.607027,2.365862,1.757242,,2.543412,2.180626,,2.975020,2.196420,1.416945,,2.605361,2.009139
2013-10-28,2.084869,,,1.055609,1.607686,2.370978,1.764737,,2.522955,2.193405,,2.957524,2.202229,1.411834,,2.609015,2.009624
2013-10-29,2.097565,,,1.061565,1.605815,2.383380,1.779979,,2.524233,2.194551,,2.993720,2.228399,1.420781,,2.619688,2.013017
2013-10-30,2.085967,,,1.043847,1.589145,2.366120,1.771500,,2.516817,2.175615,,2.988656,2.215163,1.421625,,2.618205,2.011078
2013-10-31,2.090006,,,1.031816,1.576891,2.354434,1.768918,,2.545894,2.178223,,3.033533,2.215968,1.409303,,2.621044,2.006473
2013-11-01,2.091978,,,1.048147,1.576959,2.353593,1.770346,,2.546707,2.175009,,3.039621,2.221075,1.404119,,2.626173,2.006958
2013-11-04,2.095341,,,1.042773,1.612112,2.355465,1.776327,,2.517748,2.167973,,3.047354,2.229447,1.404568,,2.636987,2.009866
2013-11-05,2.092729,,,1.053259,1.572224,2.365461,1.775721,,2.509292,2.169275,,3.057860,2.228195,1.422649,,2.634731,2.012048
2013-11-06,2.091870,,,1.064794,1.527639,2.390268,1.789452,,2.509334,2.137243,,3.045311,2.220862,1.401268,,2.650256,2.011563
2013-11-07,2.057800,,,1.051203,1.502513,2.344248,1.764432,,2.463968,2.102474,,2.981379,2.200371,1.366017,,2.606454,1.973755
2013-11-08,2.086743,,,1.039472,1.518909,2.342602,1.792261,,2.494074,2.143227,,3.036036,2.222472,1.399366,,2.631378,2.000414
2013-11-11,2.086925,,,1.041922,1.515986,2.348980,1.792571,,2.474918,2.140368,,3.056765,2.218786,1.400216,,2.629216,1.997264
2013-11-12,2.093608,,,1.032138,1.517352,2.351634,1.802999,,2.473219,2.152336,,3.060067,2.225683,1.408956,,2.645130,2.000414
2013-11-13,2.116015,,,1.037538,1.524212,2.387368,1.823502,,2.513631,2.157438,,3.103330,2.246343,1.423659,,2.674282,2.024650
2013-11-14,2.124256,,,1.047718,1.530386,2.413848,1.821327,,2.535579,2.182643,,3.114590,2.256116,1.440365,,2.655734,2.030951
2013-11-15,2.134745,,,1.068573,1.537130,2.412878,1.831771,,2.550907,2.192381,,3.119509,2.268042,1.444410,,2.664224,2.034829
2013-11-18,2.116498,,,1.056918,1.528732,2.398288,1.815882,,2.520959,2.172462,,3.097004,2.260189,1.414955,,2.654311,2.014956
2013-11-19,2.106323,,,1.040975,1.515271,2.393606,1.805467,,2.510922,2.177989,,3.076935,2.256838,1.412714,,2.643897,2.009139
2013-11-20,2.098888,,,1.025780,1.502800,2.379176,1.797948,,2.489790,2.195243,,3.069171,2.239696,1.419082,,2.634471,2.004292
2013-11-21,2.118601,,,1.019588,1.522793,2.367428,1.821296,,2.508662,2.205867,,3.104091,2.255151,1.445437,,2.675332,2.024650
2013-11-22,2.127994,,,1.014219,1.531080,2.382397,1.821844,,2.532638,2.264232,,3.082912,2.257588,1.479333,,2.660316,2.035556
2013-11-25,2.127749,,,1.021433,1.532220,2.373000,1.819674,,2.528305,2.282097,,3.072836,2.260085,1.478402,,2.660927,2.040403
2013-11-26,2.137760,,,1.027065,1.530409,2.390594,1.828668,,2.561972,2.269452,,3.097565,2.268621,1.487455,,2.665818,2.051067
2013-11-27,2.146602,,,1.020251,1.537286,2.399979,1.837135,,2.573767,2.273888,,3.117244,2.267197,1.500585,,2.676230,2.065366
2013-11-29,2.149128,,,1.018002,1.535751,2.383622,1.836140,,2.595128,2.275339,,3.135659,2.259235,1.498486,,2.673544,2.077726
2013-12-02,2.145724,,,1.018901,1.539022,2.375365,1.834452,,2.585313,2.281428,,3.113128,2.256289,1.503107,,2.665319,2.071667
2013-12-03,2.141114,,,1.015367,1.531728,2.399046,1.840454,,2.568447,2.246941,,3.094495,2.261218,1.490689,,2.658921,2.069971
2013-12-04,2.138356,,,1.026339,1.525322,2.409725,1.836882,,2.576019,2.239552,,3.081343,2.247976,1.494474,,2.655775,2.071910
2013-12-05,2.136817,,,1.046079,1.522974,2.404027,1.833312,,2.571382,2.229828,,3.093769,2.235427,1.488382,,2.660986,2.069244
2013-12-06,2.160200,,,1.044957,1.546407,2.428060,1.857568,,2.593180,2.253518,,3.115810,2.268355,1.509193,,2.712746,2.084270
2013-12-09,2.160788,,,1.055310,1.542470,2.420940,1.857336,,2.612410,2.246687,,3.114091,2.263418,1.512860,,2.720767,2.092752
2013-12-10,2.159880,,,1.053462,1.538981,2.407365,1.854411,,2.630845,2.242713,,3.118522,2.262326,1.509549,,2.719318,2.091298
2013-12-11,2.131143,,,1.049957,1.517153,2.397643,1.830783,,2.588931,2.196154,,3.083001,2.242911,1.480165,,2.680394,2.064397
2013-12-12,2.123782,,,1.049108,1.510434,2.381882,1.818433,,2.588374,2.202741,,3.079601,2.235477,1.489420,,2.666812,2.059065
2013-12-13,2.130620,,,1.058004,1.512787,2.376572,1.829011,,2.594280,2.191139,,3.098182,2.233059,1.497104,,2.657247,2.056399
2013-12-16,2.144551,,,1.048352,1.524163,2.401871,1.844636,,2.606697,2.184464,,3.134595,2.236629,1.504136,,2.676341,2.067790
2013-12-17,2.146115,,,1.043307,1.527829,2.395269,1.857644,,2.595337,2.169499,,3.118757,2.229244,1.507157,,2.683880,2.063670
2013-12-18,2.174843,,,1.053029,1.543979,2.430002,1.871430,,2.642219,2.228702,,3.169295,2.260997,1.525615,,2.711027,2.087663
2013-12-19,2.172098,,,1.056951,1.540972,2.428114,1.870837,,2.646526,2.218100,,3.156554,2.265896,1.517616,,2.720883,2.081846
2013-12-20,2.192389,,,1.061232,1.535288,2.436771,1.891740,,2.673598,2.252567,,3.180631,2.279555,1.546083,,2.735210,2.103047
2013-12-23,2.207302,,,1.077179,1.540389,2.452054,1.905762,,2.698719,2.263748,,3.196275,2.296730,1.552726,,2.754044,2.125172
2013-12-24,2.212196,,,1.083149,1.542052,2.459180,1.911989,,2.710787,2.258748,,3.199408,2.298794,1.552444,,2.766686,2.126144
2013-12-26,2.218899,,,1.084812,1.552326,2.465108,1.915598,,2.709104,2.271214,,3.217820,2.306742,1.557367,,2.780972,2.133195
2013-12-27,2.217292,,,1.079697,1.560024,2.463546,1.915859,,2.710074,2.266729,,3.201603,2.307616,1.540110,,2.787728,2.127846
2013-12-30,2.223008,,,1.082626,1.565274,2.472802,1.923488,,2.698603,2.278817,,3.203472,2.319985,1.538983,,2.804777,2.124685
2013-12-31,2.232641,,,1.099355,1.567025,2.477589,1.932446,,2.722308,2.275380,,3.220873,2.320378,1.545588,,2.804072,2.138544
2014-01-02,2.211909,,,1.082334,1.547095,2.453427,1.907313,,2.712213,2.270365,,3.200931,2.293751,1.539689,,2.773416,2.121768
2014-01-03,2.206392,,,1.074451,1.541788,2.458308,1.905630,,2.697688,2.257596,,3.193152,2.292937,1.527836,,2.777599,2.106451
2014-01-06,2.200474,,,1.076867,1.525523,2.442169,1.895043,,2.748516,2.248028,,3.175054,2.281278,1.533859,,2.763499,2.098671
2014-01-07,2.223496,,,1.098127,1.530116,2.454218,1.917076,,2.776340,2.265257,,3.219364,2.291887,1.557964,,2.770429,2.118121
2014-01-08,2.231235,,,1.103243,1.523873,2.451238,1.928213,,2.764833,2.298400,,3.213618,2.294949,1.591636,,2.768420,2.122740
2014-01-09,2.226835,,,1.087242,1.529344,2.474907,1.918207,,2.745794,2.313195,,3.209744,2.299929,1.572154,,2.760116,2.115690
2014-01-10,2.240155,,,1.094868,1.547086,2.494032,1.925644,,2.752821,2.358482,,3.206129,2.293629,1.596647,,2.772959,2.122497
2014-01-13,2.206324,,,1.087319,1.541832,2.457915,1.901970,,2.694226,2.299930,,3.150696,2.261920,1.560614,,2.741058,2.091134
2014-01-14,2.246236,,,1.108037,1.549339,2.466377,1.941625,,2.729591,2.377087,,3.189835,2.283515,1.617852,,2.791238,2.131007
2014-01-15,2.260332,,,1.111098,1.548710,2.469605,1.969671,,2.735717,2.359416,,3.203156,2.285462,1.610152,,2.813369,2.148512
2014-01-16,2.258588,,,1.111249,1.559438,2.463526,1.963003,,2.730367,2.377411,,3.193041,2.283446,1.621546,,2.808734,2.148755
2014-01-17,2.255675,,,1.095725,1.560261,2.452663,1.955768,,2.717967,2.394473,,3.204260,2.281477,1.617376,,2.800987,2.136599
2014-01-21,2.264140,,,1.110274,1.565574,2.428740,1.960570,,2.733471,2.438559,,3.192837,2.282833,1.657884,,2.789045,2.152888
2014-01-22,2.269154,,,1.114305,1.570076,2.418988,1.968452,,2.736953,2.451176,,3.183078,2.294391,1.657840,,2.786712,2.158480
2014-01-23,2.254773,,,1.133710,1.554887,2.399811,1.960421,,2.693836,2.438839,,3.154522,2.276080,1.641271,,2.757043,2.151186
2014-01-24,2.205348,,,1.120268,1.504237,2.359208,1.919905,,2.631713,2.357501,,3.113386,2.228904,1.590411,,2.702031,2.108882
2014-01-27,2.187659,,,1.109529,1.496371,2.358140,1.906825,,2.591479,2.330595,,3.092319,2.217660,1.565557,,2.684883,2.088459
2014-01-28,2.201929,,,1.116259,1.501866,2.378191,1.908859,,2.633618,2.366950,,3.114312,2.229645,1.571613,,2.709156,2.087244
2014-01-29,2.183377,,,1.120354,1.496959,2.337515,1.898459,,2.596123,2.358675,,3.057095,2.213896,1.561980,,2.691552,2.064876
2014-01-30,2.218319,,,1.136206,1.511394,2.352479,1.921022,,2.671840,2.410776,,3.116199,2.243115,1.621633,,2.726857,2.103047
2014-01-31,2.195734,,,1.141688,1.496988,2.334698,1.903052,,2.675845,2.375632,,3.046578,2.208048,1.600958,,2.700669,2.097455
2014-02-03,2.142969,,,1.118332,1.464530,2.293301,1.857734,,2.609570,2.317570,,2.960939,2.154019,1.557145,,2.620081,2.049316
2014-02-04,2.163867,,,1.131221,1.484828,2.303407,1.867218,,2.632738,2.352243,,3.017097,2.160361,1.581977,,2.642522,2.064390
2014-02-05,2.153186,,,1.122678,1.466231,2.294247,1.864289,,2.619229,2.322345,,3.006192,2.158494,1.556259,,2.647609,2.059041
2014-02-06,2.187412,,,1.130749,1.470129,2.348838,1.898624,,2.659070,2.318694,,3.096532,2.175212,1.573418,,2.700877,2.085299
2014-02-07,2.222253,,,1.146379,1.475725,2.361492,1.922118,,2.703663,2.373519,,3.187299,2.194954,1.621684,,2.727495,2.122497
2014-02-10,2.231182,,,1.159120,1.476354,2.382367,1.929369,,2.699791,2.407395,,3.181920,2.199209,1.635818,,2.721852,2.134654
2014-02-11,2.258978,,,1.171295,1.496861,2.413403,1.953104,,2.738283,2.444694,,3.207961,2.221659,1.650176,,2.747960,2.158966
2014-02-12,2.265106,,,1.167864,1.500292,2.407157,1.962369,,2.740393,2.450768,,3.214507,2.229683,1.654995,,2.756472,2.163099
2014-02-13,2.282809,,,1.177246,1.517030,2.421913,1.978358,,2.733302,2.482033,,3.245646,2.247220,1.678117,,2.769764,2.179146
2014-02-14,2.287700,,,1.189059,1.530677,2.428529,1.986198,,2.741862,2.459267,,3.248938,2.252724,1.669774,,2.782795,2.183522
2014-02-18,2.296911,,,1.192939,1.532558,2.433793,1.987735,,2.775509,2.499087,,3.243120,2.255280,1.690401,,2.786674,2.194220
2014-02-19,2.288512,,,1.195366,1.522038,2.441134,1.987609,,2.766868,2.468091,,3.214434,2.250606,1.677744,,2.802617,2.179146
2014-02-20,2.305878,,,1.190175,1.534755,2.450947,2.000964,,2.802012,2.499214,,3.230282,2.262294,1.696980,,2.824186,2.189357
2014-02-21,2.307507,,,1.183044,1.533599,2.443880,2.004299,,2.789025,2.511709,,3.236218,2.250920,1.711709,,2.830570,2.186440
2014-02-24,2.320883,,,1.176017,1.543221,2.451736,2.011604,,2.813009,2.533323,,3.269898,2.255297,1.722058,,2.863022,2.198110
2014-02-25,2.309614,,,1.168587,1.518038,2.430249,2.001651,,2.792559,2.526789,,3.279327,2.253886,1.718244,,2.864500,2.195678
2014-02-26,2.317941,,,1.157608,1.512619,2.458705,2.016118,,2.785907,2.516687,,3.304513,2.253862,1.724257,,2.873674,2.193733
2014-02-27,2.330173,,,1.176343,1.523483,2.453621,2.025051,,2.813785,2.529736,,3.317182,2.264775,1.730396,,2.896341,2.207967
2014-02-28,2.325347,,,1.172285,1.524356,2.485660,2.018172,,2.811485,2.511506,,3.311529,2.268930,1.710638,,2.902425,2.205525
2014-03-03,2.309785,,,1.170834,1.513762,2.463466,2.005119,,2.773655,2.512184,,3.284151,2.246207,1.712277,,2.882597,2.189168
2014-03-04,2.342556,,,1.179591,1.523110,2.492484,2.040368,,2.806828,2.551302,,3.320933,2.288439,1.744125,,2.921401,2.217000
2014-03-05,2.341115,,,1.179108,1.525488,2.476195,2.037246,,2.825014,2.544486,,3.319116,2.275673,1.743806,,2.912524,2.223103
2014-03-06,2.340848,,,1.186245,1.533924,2.465140,2.035154,,2.857398,2.507990,,3.331601,2.277232,1.714308,,2.901336,2.221150
2014-03-07,2.332819,,,1.182441,1.536658,2.477139,2.028799,,2.820520,2.490879,,3.332747,2.285836,1.688125,,2.880919,2.210164
2014-03-10,2.328028,,,1.175631,1.544035,2.482040,2.020587,,2.804796,2.504448,,3.317740,2.289692,1.701226,,2.863035,2.212117
2014-03-11,2.317536,,,1.170936,1.541458,2.485560,2.014282,,2.769787,2.489650,,3.301881,2.284553,1.685230,,2.849011,2.202596
2014-03-12,2.328147,,,1.173433,1.547298,2.489534,2.024438,,2.778331,2.505876,,3.317602,2.287257,1.702121,,2.865504,2.210896
2014-03-13,2.286817,,,1.145063,1.528942,2.443537,1.986578,,2.724273,2.460996,,3.268285,2.256410,1.662074,,2.816467,2.179647
2014-03-14,2.279073,,,1.149954,1.516675,2.429406,1.983119,,2.703945,2.448162,,3.263372,2.247887,1.650935,,2.809768,2.164754
2014-03-17,2.300718,,,1.148171,1.533777,2.434125,2.008593,,2.716058,2.467244,,3.294951,2.273651,1.665918,,2.843708,2.183797
2014-03-18,2.322015,,,1.148821,1.539308,2.439341,2.032195,,2.723319,2.505324,,3.325067,2.283908,1.693593,,2.876583,2.210164
2014-03-19,2.309020,,,1.135854,1.530019,2.413352,2.025240,,2.702591,2.489115,,3.304710,2.272096,1.671822,,2.872189,2.198201
2014-03-20,2.319062,,,1.135999,1.529047,2.417779,2.050309,,2.687396,2.481960,,3.304323,2.285513,1.674024,,2.908367,2.204304
2014-03-21,2.293577,,,1.122715,1.531279,2.405486,2.027643,,2.686142,2.391468,,3.288660,2.276222,1.630867,,2.863030,2.177780
2014-03-24,2.272171,,,1.122649,1.524071,2.384489,2.016257,,2.637760,2.359195,,3.243164,2.250793,1.604414,,2.868678,2.158693
2014-03-25,2.275499,,,1.121143,1.529590,2.393751,2.026289,,2.623940,2.366615,,3.222565,2.253292,1.614306,,2.884323,2.165790
2014-03-26,2.251928,,,1.114531,1.511583,2.385301,2.006511,,2.573145,2.352277,,3.184931,2.240564,1.584039,,2.872842,2.137894
2014-03-27,2.248426,,,1.134388,1.507797,2.387048,2.001986,,2.557139,2.356859,,3.174544,2.247677,1.579853,,2.868688,2.125904
2014-03-28,2.255879,,,1.136596,1.514996,2.400171,2.015683,,2.571499,2.316242,,3.201242,2.253111,1.551985,,2.898572,2.130064
2014-03-31,2.278786,,,1.131181,1.533614,2.402894,2.041427,,2.590089,2.363326,,3.205320,2.261807,1.594171,,2.926496,2.145235
2014-04-01,2.315142,,,1.134136,1.537021,2.425735,2.070715,,2.629307,2.434893,,3.270976,2.277531,1.640896,,2.955497,2.182918
2014-04-02,2.321290,,,1.123861,1.553095,2.417892,2.071307,,2.649974,2.456751,,3.272517,2.282585,1.644780,,2.966207,2.188546
2014-04-03,2.303392,,,1.120474,1.557875,2.401189,2.060055,,2.619403,2.429355,,3.224045,2.282943,1.611827,,2.965962,2.171173
2014-04-04,2.247136,,,1.095798,1.532928,2.372263,2.014462,,2.543912,2.343612,,3.135701,2.238164,1.543739,,2.916462,2.113425
2014-04-07,2.220791,,,1.085259,1.516252,2.355887,1.996006,,2.490848,2.330896,,3.072083,2.215419,1.528190,,2.902698,2.093360
2014-04-08,2.239169,,,1.089403,1.528984,2.362980,2.017560,,2.522196,2.310876,,3.120089,2.229666,1.539344,,2.930722,2.112691
2014-04-09,2.273726,,,1.102070,1.541550,2.412667,2.040324,,2.597906,2.356185,,3.164312,2.252664,1.597886,,2.963323,2.148906
2014-04-10,2.206954,,,1.084233,1.523788,2.345613,1.979946,,2.519749,2.261423,,3.067614,2.207215,1.524538,,2.900786,2.082349
2014-04-11,2.180059,,,1.070024,1.512935,2.330996,1.956407,,2.489519,2.210847,,3.040706,2.184908,1.503577,,2.881696,2.058124
2014-04-14,2.199902,,,1.072171,1.526384,2.344798,1.982492,,2.506397,2.215186,,3.064770,2.198276,1.524799,,2.915417,2.074274
2014-04-15,2.206791,,,1.080141,1.526876,2.335446,1.995630,,2.504180,2.227743,,3.056536,2.207797,1.527781,,2.916630,2.081125
2014-04-16,2.228504,,,1.109200,1.541691,2.365297,2.004923,,2.542766,2.256631,,3.096506,2.220382,1.555072,,2.925654,2.108776
2014-04-17,2.237280,,,1.114628,1.545124,2.387227,2.021110,,2.525936,2.253900,,3.107515,2.239300,1.568118,,2.942498,2.109265
2014-04-21,2.251230,,,1.123385,1.552723,2.384887,2.031502,,2.554182,2.285208,,3.113049,2.239103,1.601822,,2.951306,2.124926
2014-04-22,2.272486,,,1.125779,1.559101,2.399171,2.041930,,2.591008,2.338514,,3.147198,2.244182,1.641238,,2.970191,2.141810
2014-04-23,2.252981,,,1.117240,1.558742,2.402770,2.032096,,2.560167,2.284179,,3.109205,2.241090,1.623331,,2.942391,2.122968
2014-04-24,2.254248,,,1.116271,1.559592,2.403272,2.036116,,2.565609,2.255922,,3.131841,2.240295,1.616273,,2.947369,2.143278
2014-04-25,2.213938,,,1.110848,1.540740,2.394416,1.993248,,2.538048,2.219855,,3.046399,2.216695,1.567287,,2.897885,2.109021
2014-04-28,2.208232,,,1.104643,1.547966,2.422511,1.991246,,2.498890,2.220214,,3.021792,2.223398,1.531614,,2.890905,2.115872
2014-04-29,2.226810,,,1.125283,1.535837,2.408629,2.005027,,2.529838,2.256126,,3.065019,2.235020,1.573370,,2.923577,2.132756
2014-04-30,2.243215,,,1.133098,1.574502,2.422195,2.023236,,2.557403,2.258371,,3.056376,2.257400,1.592483,,2.957981,2.138384
2014-05-01,2.247638,,,1.141797,1.570091,2.416407,2.015900,,2.586836,2.270798,,3.088120,2.257861,1.601482,,2.930160,2.144746
2014-05-02,2.247402,,,1.162479,1.562501,2.421240,2.015303,,2.592002,2.250005,,3.102926,2.272392,1.612634,,2.963386,2.140831
2014-05-05,2.256327,,,1.185344,1.559779,2.410721,2.019199,,2.614758,2.283240,,3.100935,2.281188,1.621128,,2.946902,2.152087
2014-05-06,2.232674,,,1.176964,1.553718,2.386257,2.006624,,2.570146,2.247771,,3.047816,2.262245,1.603404,,2.931173,2.124192
2014-05-07,2.218879,,,1.173145,1.556209,2.426503,1.996325,,2.535968,2.213698,,3.019987,2.261057,1.572675,,2.931805,2.118074
2014-05-08,2.222227,,,1.178672,1.572324,2.446615,2.006259,,2.537933,2.191409,,3.003933,2.274153,1.562722,,2.912333,2.116117
2014-05-09,2.231784,,,1.188401,1.570692,2.469513,2.007515,,2.545746,2.214511,,3.034499,2.285859,1.569621,,2.928930,2.123947
2014-05-12,2.268468,,,1.199233,1.595604,2.504467,2.038602,,2.583363,2.264554,,3.088046,2.308016,1.609188,,2.959938,2.158938
2014-05-13,2.263022,,,1.210858,1.588506,2.494104,2.033879,,2.576668,2.249026,,3.090575,2.303364,1.601556,,2.949721,2.160406
2014-05-14,2.251984,,,1.225766,1.581733,2.482683,2.026618,,2.559369,2.261365,,3.027547,2.289620,1.599291,,2.939905,2.149150
2014-05-15,2.237147,,,1.219825,1.584546,2.463073,2.013511,,2.536974,2.237958,,3.009895,2.266411,1.583728,,2.945740,2.132266
2014-05-16,2.253901,,,1.221291,1.592178,2.486367,2.031911,,2.539958,2.261143,,3.030898,2.286308,1.589820,,2.959054,2.146214
2014-05-19,2.270888,,,1.224745,1.603245,2.490179,2.050193,,2.565409,2.280463,,3.043152,2.300494,1.609345,,2.970867,2.161140
2014-05-20,2.250544,,,1.216039,1.584930,2.464604,2.034008,,2.544504,2.253955,,3.016049,2.285366,1.588097,,2.928774,2.153310
2014-05-21,2.267823,,,1.223508,1.592284,2.454226,2.046015,,2.590835,2.275094,,3.044554,2.285005,1.615608,,2.953596,2.173865
2014-05-22,2.283762,,,1.229776,1.594148,2.486731,2.055379,,2.613913,2.312986,,3.059151,2.305005,1.623932,,2.965565,2.183408
2014-05-23,2.298746,,,1.227436,1.603219,2.482467,2.073729,,2.646120,2.309120,,3.083430,2.313396,1.644940,,2.983683,2.199313
2014-05-27,2.323834,,,1.231654,1.607740,2.476632,2.099839,,2.675521,2.346389,,3.120546,2.324223,1.687547,,3.027766,2.226718
2014-05-28,2.317592,,,1.233110,1.606865,2.471893,2.094329,,2.668403,2.333735,,3.112421,2.317694,1.686825,,3.028584,2.219867
2014-05-29,2.329202,,,1.237936,1.608444,2.483258,2.103932,,2.669362,2.362812,,3.130014,2.327736,1.698728,,3.039755,2.234059
2014-05-30,2.325603,,,1.240279,1.598835,2.496359,2.102165,,2.654316,2.355006,,3.130211,2.332770,1.690459,,3.039107,2.234304
2014-06-02,2.329737,,,1.237677,1.604549,2.497013,2.104491,,2.661030,2.361640,,3.138570,2.332876,1.696632,,3.038173,2.232102
2014-06-03,2.324955,,,1.223493,1.602737,2.485739,2.105618,,2.643575,2.369191,,3.112600,2.332966,1.682316,,3.018508,2.231123
2014-06-04,2.330888,,,1.237609,1.611481,2.510669,2.108327,,2.641246,2.372545,,3.124279,2.334537,1.688818,,3.026439,2.239443
2014-06-05,2.346057,,,1.235705,1.625812,2.522783,2.125046,,2.667423,2.372968,,3.144426,2.340048,1.698126,,3.040009,2.258284
2014-06-06,2.360794,,,1.243795,1.637408,2.533210,2.143427,,2.686024,2.377518,,3.154384,2.353966,1.708715,,3.065629,2.271253
2014-06-09,2.362298,,,1.241819,1.642985,2.532377,2.148785,,2.693317,2.375278,,3.136853,2.364339,1.692089,,3.065161,2.269540
2014-06-10,2.359652,,,1.242681,1.640022,2.528269,2.145935,,2.711003,2.369944,,3.119671,2.351146,1.704837,,3.067423,2.273455
2014-06-11,2.360624,,,1.240987,1.635344,2.518265,2.148122,,2.697586,2.374039,,3.136796,2.342598,1.722266,,3.064733,2.272966
2014-06-12,2.345073,,,1.242514,1.616015,2.510617,2.136563,,2.669576,2.377497,,3.090817,2.330188,1.705527,,3.038735,2.252411
2014-06-13,2.354001,,,1.242141,1.617972,2.496454,2.155158,,2.670546,2.372476,,3.101911,2.335762,1.714623,,3.074945,2.259018
2014-06-16,2.353958,,,1.241995,1.621066,2.508435,2.160538,,2.652752,2.360940,,3.100332,2.330765,1.717749,,3.076669,2.260976
2014-06-17,2.358982,,,1.241349,1.617890,2.508155,2.171283,,2.663505,2.341107,,3.116834,2.334452,1.725711,,3.090849,2.262199
2014-06-18,2.377886,,,1.247145,1.626720,2.524228,2.186886,,2.688366,2.353233,,3.162017,2.344730,1.734015,,3.111244,2.274923
2014-06-19,2.370175,,,1.248329,1.630205,2.534926,2.179260,,2.667086,2.343818,,3.147354,2.342685,1.723247,,3.103309,2.273455
2014-06-20,2.369227,,,1.255064,1.634758,2.528856,2.177654,,2.648829,2.357929,,3.141056,2.348012,1.722931,,3.103829,2.276129
2014-06-23,2.368963,,,1.251689,1.630174,2.526455,2.176516,,2.668301,2.349770,,3.142072,2.345111,1.723439,,3.104484,2.276620
2014-06-24,2.375586,,,1.255592,1.612287,2.516587,2.169760,,2.671448,2.453995,,3.120998,2.338380,1.731481,,3.088942,2.274412
2014-06-25,2.385961,,,1.262343,1.614895,2.510815,2.176352,,2.708150,2.462316,,3.137985,2.341616,1.752673,,3.106964,2.288888
2014-06-26,2.385250,,,1.260578,1.614549,2.510426,2.168892,,2.712085,2.479771,,3.140646,2.337911,1.749385,,3.114147,2.290114
2014-06-27,2.392803,,,1.276548,1.617549,2.494913,2.178300,,2.728840,2.477783,,3.151409,2.333835,1.754554,,3.131537,2.300174
2014-06-30,2.399867,,,1.280632,1.618556,2.527324,2.189575,,2.734022,2.473449,,3.147236,2.335358,1.765919,,3.142954,2.304100
2014-07-01,2.428997,,,1.285754,1.626633,2.524847,2.214807,,2.774586,2.529806,,3.186442,2.354596,1.804567,,3.177222,2.329371
2014-07-02,2.429375,,,1.281586,1.629841,2.528427,2.213517,,2.774416,2.549155,,3.176151,2.350872,1.786481,,3.178883,2.333296
2014-07-03,2.448435,,,1.285882,1.659199,2.538305,2.230199,,2.790961,2.568005,,3.203205,2.364419,1.797214,,3.220045,2.348018
2014-07-07,2.430382,,,1.281282,1.650234,2.540217,2.218493,,2.761418,2.530093,,3.176688,2.356634,1.765633,,3.194885,2.340902
2014-07-08,2.402554,,,1.269086,1.642571,2.540695,2.201243,,2.708482,2.494068,,3.122631,2.356592,1.725855,,3.168149,2.312687
2014-07-09,2.421727,,,1.295462,1.640879,2.541365,2.209553,,2.743915,2.519761,,3.168749,2.369189,1.739156,,3.167905,2.329862
2014-07-10,2.411358,,,1.296554,1.626115,2.562200,2.203079,,2.731054,2.514759,,3.133747,2.364050,1.721945,,3.159892,2.322501
2014-07-11,2.419669,,,1.293135,1.614879,2.567680,2.207047,,2.752031,2.535062,,3.151155,2.356905,1.733562,,3.166989,2.337467
2014-07-14,2.430291,,,1.294929,1.615126,2.560710,2.216635,,2.779107,2.532369,,3.173499,2.360282,1.760918,,3.181066,2.351452
2014-07-15,2.421014,,,1.294106,1.615281,2.542903,2.215076,,2.771699,2.492575,,3.156699,2.361848,1.743985,,3.176013,2.343356
2014-07-16,2.427973,,,1.293785,1.631021,2.518226,2.231273,,2.803986,2.473221,,3.136090,2.354802,1.746523,,3.239938,2.352679
2014-07-17,2.396791,,,1.281421,1.611635,2.498589,2.202934,,2.777142,2.428485,,3.087904,2.331410,1.709204,,3.162896,2.321520
2014-07-18,2.429221,,,1.293088,1.629446,2.532600,2.225698,,2.812973,2.495425,,3.131042,2.363728,1.747219,,3.168243,2.358322
2014-07-21,2.421221,,,1.295618,1.627036,2.492669,2.221649,,2.797699,2.489979,,3.122131,2.356631,1.761230,,3.148168,2.355378
2014-07-22,2.433534,,,1.303031,1.635543,2.504752,2.237806,,2.794632,2.508786,,3.136121,2.371262,1.761985,,3.171804,2.370345
2014-07-23,2.443111,,,1.311058,1.637902,2.503062,2.223592,,2.800245,2.620109,,3.151874,2.374195,1.765565,,3.166447,2.385556
2014-07-24,2.450494,,,1.309588,1.645844,2.523902,2.228482,,2.818594,2.600447,,3.171776,2.369678,1.771003,,3.177212,2.382858
2014-07-25,2.437437,,,1.310657,1.639703,2.513446,2.212296,,2.837990,2.589643,,3.123956,2.362415,1.770559,,3.176233,2.373534
2014-07-28,2.437238,,,1.330517,1.628824,2.500490,2.211925,,2.838687,2.582473,,3.133926,2.368396,1.765357,,3.188883,2.374270
2014-07-29,2.432206,,,1.322475,1.605124,2.502523,2.205652,,2.822761,2.598576,,3.141109,2.363768,1.761637,,3.182687,2.370099
2014-07-30,2.447880,,,1.339905,1.622621,2.491242,2.215305,,2.842962,2.627570,,3.166111,2.376531,1.768600,,3.180631,2.379423
2014-07-31,2.399210,,,1.323604,1.594868,2.451995,2.172135,,2.782097,2.562409,,3.103337,2.342330,1.727861,,3.133159,2.331334
2014-08-01,2.393256,,,1.309213,1.589368,2.473613,2.165644,,2.754187,2.558460,,3.113234,2.336305,1.736578,,3.107409,2.322746
2014-08-04,2.412113,,,1.302775,1.600696,2.494654,2.179150,,2.786849,2.564858,,3.154073,2.339306,1.758356,,3.123737,2.338694
2014-08-05,2.393406,,,1.298181,1.568997,2.468073,2.163671,,2.761565,2.558253,,3.134341,2.320477,1.740100,,3.092476,2.320783
2014-08-06,2.391761,,,1.304900,1.555776,2.482605,2.156253,,2.768891,2.564455,,3.135187,2.331893,1.751667,,3.092592,2.319066
2014-08-07,2.377586,,,1.309409,1.560491,2.455002,2.141109,,2.752101,2.537408,,3.123000,2.318780,1.748985,,3.058975,2.311705
2014-08-08,2.406224,,,1.332757,1.575679,2.516960,2.165507,,2.775199,2.572524,,3.159394,2.353453,1.763805,,3.099564,2.328389
2014-08-11,2.418288,,,1.329798,1.581877,2.521728,2.181320,,2.787761,2.565357,,3.184106,2.362799,1.781859,,3.109849,2.342129
2014-08-12,2.414869,,,1.334672,1.585053,2.522331,2.177488,,2.777835,2.570856,,3.172993,2.360535,1.775936,,3.104625,2.341148
2014-08-13,2.436420,,,1.337442,1.585413,2.532537,2.199899,,2.816298,2.614886,,3.180250,2.376331,1.798344,,3.124258,2.365928
2014-08-14,2.451661,,,1.347136,1.596929,2.544122,2.209130,,2.833181,2.656542,,3.196014,2.388063,1.808216,,3.127561,2.378196
2014-08-15,2.466087,,,1.341637,1.585257,2.732100,2.217205,,2.845304,2.676594,,3.185870,2.385078,1.817030,,3.135703,2.389727
2014-08-18,2.484197,,,1.355145,1.613981,2.688714,2.233688,,2.871987,2.699961,,3.208170,2.404330,1.829109,,3.160877,2.408129
2014-08-19,2.493898,,,1.349798,1.618950,2.707745,2.245366,,2.876300,2.706811,,3.223131,2.413594,1.828678,,3.168169,2.421623
2014-08-20,2.498220,,,1.356567,1.623459,2.709397,2.253368,,2.877510,2.697730,,3.228186,2.422913,1.845899,,3.174914,2.421623
2014-08-21,2.500704,,,1.366913,1.621597,2.696180,2.261387,,2.875549,2.688649,,3.232418,2.430914,1.840731,,3.183839,2.426530
2014-08-22,2.502893,,,1.359840,1.619250,2.679744,2.258510,,2.869163,2.698835,,3.266475,2.418860,1.855830,,3.177257,2.430210
2014-08-25,2.512009,,,1.365532,1.624903,2.681074,2.258290,,2.872152,2.743733,,3.289482,2.420502,1.872662,,3.184544,2.438798
2014-08-26,2.517832,,,1.352292,1.623044,2.678311,2.263695,,2.875618,2.768063,,3.300535,2.422352,1.871694,,3.182837,2.441251
2014-08-27,2.514933,,,1.355767,1.616513,2.679382,2.262739,,2.877259,2.762051,,3.288562,2.422668,1.856845,,3.169314,2.441742
2014-08-28,2.512557,,,1.352423,1.612897,2.696152,2.264726,,2.867178,2.752263,,3.280687,2.422716,1.850752,,3.165077,2.439043
2014-08-29,2.521174,,,1.356576,1.617318,2.692821,2.280619,,2.869549,2.766825,,3.276471,2.424530,1.876316,,3.152696,2.448121
2014-09-02,2.528359,,,1.361381,1.620995,2.707894,2.277837,,2.893504,2.779404,,3.292088,2.427065,1.899515,,3.132803,2.455236
2014-09-03,2.527086,,,1.364058,1.615018,2.719077,2.277472,,2.897322,2.779664,,3.279329,2.434649,1.898722,,3.140988,2.440761
2014-09-04,2.525161,,,1.365325,1.632659,2.723350,2.277112,,2.890471,2.736394,,3.289352,2.441758,1.900305,,3.138126,2.438552
2014-09-05,2.536900,,,1.376263,1.635153,2.747402,2.296237,,2.902642,2.743355,,3.281680,2.461057,1.916643,,3.144033,2.450820
2014-09-08,2.534308,,,1.378663,1.623858,2.742512,2.297233,,2.889937,2.751276,,3.277108,2.458255,1.924613,,3.133013,2.455482
2014-09-09,2.511416,,,1.366483,1.614929,2.746824,2.278200,,2.870107,2.721513,,3.224016,2.448968,1.896098,,3.106524,2.435117
2014-09-10,2.523657,,,1.370614,1.616326,2.762099,2.291146,,2.883725,2.762478,,3.219518,2.453211,1.908638,,3.117117,2.455236
2014-09-11,2.523919,,,1.373643,1.620028,2.757118,2.296770,,2.882941,2.739343,,3.219596,2.455290,1.912608,,3.116268,2.453274
2014-09-12,2.508521,,,1.363733,1.614573,2.740571,2.280641,,2.869091,2.711400,,3.207688,2.440144,1.887911,,3.105571,2.440761
2014-09-15,2.479829,,,1.354989,1.605652,2.741603,2.258709,,2.827410,2.676581,,3.148899,2.439086,1.824692,,3.075177,2.417207
2014-09-16,2.502679,,,1.369017,1.607024,2.753629,2.279107,,2.850674,2.730808,,3.174871,2.446075,1.859658,,3.081757,2.438307
2014-09-17,2.509341,,,1.369912,1.615732,2.756571,2.282848,,2.861576,2.746018,,3.180383,2.456780,1.873466,,3.089625,2.441987
2014-09-18,2.532917,,,1.375043,1.622554,2.775005,2.308992,,2.881834,2.776658,,3.211266,2.480978,1.906283,,3.110217,2.460389
2014-09-19,2.521177,,,1.365542,1.615581,2.766125,2.289963,,2.876573,2.783384,,3.198343,2.479360,1.882866,,3.069329,2.458864
2014-09-22,2.490289,,,1.340330,1.591751,2.767048,2.267702,,2.825923,2.769912,,3.136697,2.459085,1.835972,,3.032738,2.435992
2014-09-23,2.477128,,,1.324935,1.577265,2.731715,2.260503,,2.805552,2.758904,,3.123722,2.445052,1.846776,,3.009953,2.429352
2014-09-24,2.508982,,,1.333783,1.587828,2.768899,2.287418,,2.833436,2.832193,,3.162022,2.479905,1.876328,,3.043431,2.455421
2014-09-25,2.462020,,,1.312952,1.558887,2.724112,2.241274,,2.784706,2.773314,,3.107769,2.443108,1.835898,,2.992007,2.403774
2014-09-26,2.485158,,,1.337930,1.567299,2.730765,2.265305,,2.809856,2.799616,,3.135835,2.452632,1.867655,,3.007967,2.429352
2014-09-29,2.478690,,,1.340244,1.560983,2.734566,2.267826,,2.786982,2.791747,,3.114790,2.458245,1.865103,,2.987402,2.426154
2014-09-30,2.478536,,,1.342507,1.553906,2.738632,2.265759,,2.772071,2.783403,,3.144137,2.453121,1.864773,,3.000644,2.429598
2014-10-01,2.433062,,,1.314523,1.531905,2.707145,2.222374,,2.711308,2.734084,,3.090546,2.416097,1.814686,,2.941594,2.390740
2014-10-02,2.434944,,,1.308562,1.551248,2.720318,2.221347,,2.710717,2.718826,,3.100616,2.413659,1.809097,,2.929996,2.390740
2014-10-03,2.465010,,,1.334203,1.565087,2.760364,2.244915,,2.739836,2.773137,,3.138912,2.450540,1.832193,,2.957792,2.414350
2014-10-06,2.457908,,,1.329766,1.567341,2.757920,2.233148,,2.745114,2.758396,,3.129669,2.439534,1.817253,,2.966747,2.409185
2014-10-07,2.417935,,,1.307664,1.533691,2.743217,2.194051,,2.704533,2.710169,,3.081150,2.404286,1.783289,,2.911113,2.375000
2014-10-08,2.463588,,,1.326488,1.559503,2.809518,2.239588,,2.749519,2.782961,,3.117706,2.443689,1.822313,,2.959881,2.421236
2014-10-09,2.410043,,,1.298982,1.528727,2.778994,2.190608,,2.669810,2.727886,,3.054693,2.405339,1.773855,,2.870762,2.382132
2014-10-10,2.340417,,,1.265454,1.501209,2.765793,2.094102,,2.596111,2.685198,,3.000770,2.359839,1.680055,,2.809075,2.322616
2014-10-13,2.300451,,,1.252381,1.481045,2.723880,2.061722,,2.562516,2.631550,,2.923910,2.332119,1.627006,,2.777558,2.286217
2014-10-14,2.313902,,,1.263995,1.508233,2.732644,2.079976,,2.578064,2.603081,,2.938212,2.348485,1.634222,,2.803774,2.286463
2014-10-15,2.310272,,,1.257518,1.514555,2.689434,2.081143,,2.568534,2.603244,,2.930920,2.329055,1.638856,,2.798047,2.271707
2014-10-16,2.305569,,,1.252276,1.514949,2.663750,2.088233,,2.515011,2.617480,,2.933086,2.328140,1.670104,,2.807182,2.257443
2014-10-17,2.336856,,,1.308316,1.528293,2.711638,2.114200,,2.534758,2.700450,,2.950142,2.372239,1.702782,,2.824745,2.287201
2014-10-20,2.365195,,,1.303926,1.537154,2.771596,2.131053,,2.570249,2.735890,,3.010554,2.401569,1.733599,,2.840011,2.321386
2014-10-21,2.429618,,,1.325600,1.571440,2.819301,2.195279,,2.624826,2.855869,,3.079569,2.460542,1.808839,,2.897727,2.382378
2014-10-22,2.407543,,,1.299539,1.557853,2.826578,2.169771,,2.608447,2.828479,,3.054700,2.448031,1.795281,,2.882927,2.370081
2014-10-23,2.448784,,,1.319506,1.580951,2.839068,2.203475,,2.657919,2.871679,,3.131325,2.471480,1.817092,,2.921717,2.405742
2014-10-24,2.473304,,,1.315750,1.594559,2.850769,2.236460,,2.684659,2.908348,,3.137369,2.497559,1.847817,,2.959508,2.425417
2014-10-27,2.475726,,,1.310289,1.601407,2.859164,2.245546,,2.667561,2.928896,,3.125709,2.505871,1.863338,,2.963051,2.427138
2014-10-28,2.516301,,,1.318248,1.629493,2.870429,2.283399,,2.723076,2.963531,,3.185361,2.532065,1.885749,,3.019622,2.463783
2014-10-29,2.503015,,,1.312769,1.617931,2.874519,2.280356,,2.688570,2.926548,,3.172411,2.545431,1.877032,,3.005328,2.454683
2014-10-30,2.518968,,,1.375053,1.609027,2.897157,2.287790,,2.701164,2.973398,,3.193014,2.569646,1.876753,,3.022796,2.459848
2014-10-31,2.560033,,,1.367685,1.632213,2.927019,2.346766,,2.733626,2.976748,,3.241205,2.609478,1.923998,,3.089095,2.493787
2014-11-03,2.565776,,,1.373971,1.628361,2.941474,2.361372,,2.730773,2.973809,,3.238842,2.615435,1.928390,,3.098380,2.501165
2014-11-04,2.555599,,,1.363680,1.649585,2.936942,2.363316,,2.706053,2.951441,,3.193036,2.615245,1.919437,,3.087905,2.492803
2014-11-05,2.558831,,,1.368782,1.657888,2.978102,2.387010,,2.707197,2.922323,,3.142800,2.645725,1.914918,,3.096274,2.493049
2014-11-06,2.568450,,,1.382963,1.675050,3.016919,2.381252,,2.680482,2.993569,,3.175912,2.679644,1.927589,,3.069141,2.500919
2014-11-07,2.566588,,,1.398654,1.677058,3.071431,2.370510,,2.683700,2.967521,,3.182835,2.677437,1.933402,,3.070441,2.498705
2014-11-10,2.575598,,,1.403548,1.678133,3.073321,2.381027,,2.667490,3.009693,,3.201117,2.690788,1.941323,,3.075677,2.507559
2014-11-11,2.579197,,,1.410999,1.669105,3.057543,2.378662,,2.681977,3.024769,,3.215890,2.686637,1.943097,,3.091135,2.515429
2014-11-12,2.584469,,,1.416498,1.676886,3.072006,2.380169,,2.697979,3.013141,,3.225433,2.691144,1.943287,,3.115103,2.519856
2014-11-13,2.587025,,,1.411542,1.673513,3.092330,2.387522,,2.699492,2.986166,,3.235400,2.704779,1.936860,,3.116937,2.530677
2014-11-14,2.595243,,,1.415185,1.676401,3.088790,2.405062,,2.714899,2.932688,,3.257453,2.701111,1.938526,,3.131080,2.538547
2014-11-17,2.586710,,,1.423758,1.671270,3.101027,2.398858,,2.695345,2.938233,,3.230923,2.701383,1.936362,,3.137872,2.530923
2014-11-18,2.604967,,,1.436415,1.669200,3.116142,2.419312,,2.698840,2.993171,,3.249117,2.717261,1.966156,,3.152080,2.549860
2014-11-19,2.596533,,,1.433982,1.662254,3.140618,2.409507,,2.679291,2.991776,,3.240065,2.717864,1.947434,,3.156501,2.538301
2014-11-20,2.605286,,,1.436218,1.670814,3.172777,2.425121,,2.691501,2.963409,,3.243209,2.728457,1.952439,,3.167191,2.549614
2014-11-21,2.619741,,,1.447405,1.681585,3.177815,2.442342,,2.707110,2.966577,,3.260265,2.738591,1.955065,,3.184609,2.554533
2014-11-24,2.639562,,,1.451353,1.681160,3.182968,2.464062,,2.725173,3.005358,,3.285444,2.757367,1.976574,,3.202562,2.574454
2014-11-25,2.642340,,,1.472603,1.694818,3.180386,2.460920,,2.738497,3.002891,,3.283603,2.759904,1.984153,,3.179047,2.578389
2014-11-26,2.655569,,,1.475199,1.692501,3.196344,2.485277,,2.748091,3.015293,,3.281458,2.769073,2.009120,,3.190350,2.595112
2014-11-28,2.673111,,,1.485168,1.703998,3.238837,2.499375,,2.753856,3.032835,,3.317912,2.800177,2.021327,,3.186227,2.607163
2014-12-01,2.641909,,,1.464897,1.686831,3.222383,2.476786,,2.703864,3.021590,,3.256179,2.790528,1.985608,,3.146240,2.577651
2014-12-02,2.655674,,,1.445650,1.699363,3.223332,2.487459,,2.707360,3.072784,,3.279064,2.786036,1.993491,,3.163694,2.587980
2014-12-03,2.670991,,,1.454784,1.730403,3.203169,2.513280,,2.703233,3.104631,,3.274287,2.789146,2.007949,,3.173333,2.592653
2014-12-04,2.665354,,,1.458673,1.727181,3.197826,2.514625,,2.676412,3.084899,,3.277712,2.780309,2.021682,,3.153378,2.591423
2014-12-05,2.669093,,,1.456670,1.737735,3.191660,2.522418,,2.660771,3.096571,,3.286284,2.786142,2.032234,,3.167953,2.591669
2014-12-08,2.645604,,,1.438054,1.725659,3.174977,2.491855,,2.630577,3.127261,,3.246782,2.770182,2.012776,,3.132296,2.573224
2014-12-09,2.648769,,,1.440786,1.721011,3.186160,2.495616,,2.634189,3.120176,,3.257047,2.766565,2.017874,,3.127283,2.581340
2014-12-10,2.604643,,,1.425029,1.694057,3.151434,2.455070,,2.591478,3.060432,,3.193656,2.731518,1.980493,,3.075064,2.540760
2014-12-11,2.620777,,,1.428147,1.710725,3.178953,2.466601,,2.602759,3.086154,,3.219818,2.741361,1.998161,,3.095104,2.552811
2014-12-12,2.589828,,,1.410919,1.692157,3.120644,2.433680,,2.563324,3.058802,,3.201975,2.701945,1.964986,,3.045941,2.525021
2014-12-15,2.565096,,,1.397435,1.695557,3.115188,2.419739,,2.514245,2.979940,,3.183473,2.701730,1.936936,,3.021189,2.498951
2014-12-16,2.536474,,,1.385236,1.685525,3.087495,2.402151,,2.477570,2.941306,,3.125064,2.689064,1.912444,,3.004172,2.458864
2014-12-17,2.584483,,,1.414718,1.692374,3.127372,2.449057,,2.549505,3.010564,,3.164656,2.725273,1.956466,,3.047247,2.503624
2014-12-18,2.646004,,,1.439279,1.728506,3.190255,2.509714,,2.607271,3.115911,,3.224704,2.770947,2.018540,,3.122912,2.563878
2014-12-19,2.654800,,,1.454782,1.742245,3.198849,2.502924,,2.645120,3.162373,,3.212189,2.766974,2.022913,,3.107842,2.575160
2014-12-22,2.667831,,,1.455543,1.755868,3.219381,2.530841,,2.656942,3.062682,,3.255149,2.793867,2.002082,,3.130295,2.581578
2014-12-23,2.665795,,,1.451073,1.757528,3.237035,2.534096,,2.673057,2.970185,,3.269511,2.799421,1.981411,,3.144120,2.572444
2014-12-24,2.666668,,,1.452656,1.760323,3.236750,2.534085,,2.660052,3.010489,,3.260389,2.794902,1.994979,,3.141834,2.574666
2014-12-26,2.675498,,,1.447498,1.755501,3.227455,2.532911,,2.676496,3.055118,,3.283181,2.794426,2.010045,,3.143169,2.592933
2014-12-29,2.676860,,,1.437119,1.758667,3.229788,2.524466,,2.685527,3.075975,,3.292612,2.791394,2.023672,,3.140906,2.592439
2014-12-30,2.659652,,,1.435351,1.751185,3.214098,2.505988,,2.680059,3.045161,,3.264713,2.780977,2.001675,,3.118822,2.575160
2014-12-31,2.635647,,,1.416544,1.734833,3.176721,2.480677,,2.642615,3.030049,,3.254599,2.745616,1.990404,,3.089982,2.548746
2015-01-02,2.633135,,,1.417636,1.727604,3.184261,2.476517,,2.642765,3.051704,,3.237138,2.744565,1.994709,,3.077321,2.541094
2015-01-05,2.587654,,,1.399172,1.679712,3.164397,2.441331,,2.559024,3.044020,,3.173446,2.714413,1.969282,,3.025573,2.503819
2015-01-06,2.551290,,,1.380270,1.665029,3.179201,2.395581,,2.523726,3.003855,,3.133404,2.697842,1.939105,,2.974342,2.470247
2015-01-07,2.582318,,,1.391999,1.667724,3.269046,2.421887,,2.533468,3.091294,,3.169768,2.740907,1.971844,,3.011981,2.502091
2015-01-08,2.632671,,,1.407265,1.707073,3.301980,2.478357,,2.583186,3.120814,,3.232915,2.784331,2.026108,,3.054891,2.549981
2015-01-09,2.614155,,,1.386195,1.682308,3.257298,2.479080,,2.555285,3.097949,,3.190710,2.767604,2.022753,,3.033455,2.533195
2015-01-12,2.590301,,,1.383975,1.687432,3.209399,2.450458,,2.536419,3.081804,,3.152261,2.753980,1.978082,,3.016925,2.506782
2015-01-13,2.582627,,,1.385719,1.693406,3.187841,2.438064,,2.542593,3.056568,,3.145291,2.748663,1.969276,,3.003627,2.506041
2015-01-14,2.565965,,,1.386907,1.675974,3.201285,2.425412,,2.517688,3.060876,,3.101732,2.734610,1.958144,,2.995484,2.492217
2015-01-15,2.533411,,,1.374946,1.655749,3.179602,2.395848,,2.504484,3.006486,,3.039126,2.719839,1.923952,,2.964448,2.459880
2015-01-16,2.569142,,,1.388509,1.677999,3.212216,2.430252,,2.526221,3.091801,,3.075198,2.743076,1.950664,,3.006232,2.488761
2015-01-20,2.582892,,,1.400325,1.679351,3.208707,2.444691,,2.537445,3.148759,,3.075574,2.754040,1.974474,,3.009694,2.508510
2015-01-21,2.601682,,,1.410391,1.686432,3.224336,2.451309,,2.609302,3.130448,,3.099176,2.743995,1.987667,,3.030235,2.521346
2015-01-22,2.642795,,,1.460638,1.711738,3.285089,2.476118,,2.649574,3.164651,,3.185027,2.800631,2.013066,,3.066832,2.568001
2015-01-23,2.645345,,,1.477236,1.708063,3.292045,2.473339,,2.656187,3.168079,,3.195273,2.806660,2.017066,,3.037088,2.573678
2015-01-26,2.644164,,,1.478166,1.718828,3.273894,2.458197,,2.655677,3.193575,,3.211613,2.804830,2.022456,,3.029112,2.570716
2015-01-27,2.599927,,,1.459245,1.696840,3.254982,2.394797,,2.619401,3.158225,,3.182640,2.766432,1.988111,,2.971963,2.504066
2015-01-28,2.568077,,,1.431422,1.681834,3.225162,2.375645,,2.565704,3.093952,,3.150744,2.735621,1.967265,,2.949174,2.491230
2015-01-29,2.586783,,,1.452771,1.691865,3.245725,2.397321,,2.574248,3.095125,,3.184875,2.748577,1.982583,,2.972618,2.515175
2015-01-30,2.554555,,,1.422708,1.650683,3.232900,2.340187,,2.580512,3.092315,,3.167051,2.705396,1.933201,,2.896425,2.495673
2015-02-02,2.582892,,,1.434372,1.677665,3.278831,2.360537,,2.619487,3.110073,,3.209209,2.732623,1.934778,,2.938727,2.517396
2015-02-03,2.627457,,,1.452369,1.705842,3.347596,2.401955,,2.684744,3.102516,,3.277968,2.781276,1.949647,,3.002454,2.541588
2015-02-04,2.620557,,,1.452489,1.654488,3.380119,2.414774,,2.677635,3.058246,,3.257521,2.788219,1.950785,,2.973462,2.539366
2015-02-05,2.646835,,,1.469415,1.665017,3.383307,2.435638,,2.703230,3.116742,,3.295968,2.809744,1.982296,,2.987441,2.561336
2015-02-06,2.626136,,,1.438546,1.665420,3.354742,2.423881,,2.695059,3.075313,,3.242545,2.791187,1.964820,,2.980700,2.545784
2015-02-09,2.614130,,,1.421557,1.664456,3.332967,2.411854,,2.688104,3.044468,,3.235924,2.775014,1.942194,,2.977107,2.537638
2015-02-10,2.655133,,,1.442947,1.672209,3.366478,2.462609,,2.731930,3.067598,,3.283237,2.810933,1.989966,,3.008081,2.577134
2015-02-11,2.660178,,,1.452961,1.672301,3.400142,2.474405,,2.737988,3.074128,,3.259214,2.817938,1.995462,,2.998311,2.586515
2015-02-12,2.703133,,,1.476705,1.684182,3.402157,2.517937,,2.760137,3.095871,,3.370978,2.870193,2.008490,,3.069934,2.616631
2015-02-13,2.732425,,,1.488978,1.700932,3.392038,2.539809,,2.823218,3.123087,,3.406749,2.885933,2.014779,,3.091346,2.639094
2015-02-17,2.733404,,,1.483860,1.698142,3.409041,2.545144,,2.803182,3.140300,,3.407554,2.888481,2.024521,,3.080329,2.641563
2015-02-18,2.732351,,,1.496089,1.698634,3.416980,2.539073,,2.792239,3.147947,,3.417821,2.894574,2.030031,,3.051539,2.645265
2015-02-19,2.749502,,,1.490681,1.699206,3.417380,2.551092,,2.808614,3.167074,,3.471851,2.899629,2.053393,,3.048403,2.658349
2015-02-20,2.769280,,,1.511494,1.702014,3.433928,2.572066,,2.819746,3.200580,,3.498545,2.914995,2.072314,,3.064452,2.676122
2015-02-23,2.760139,,,1.491943,1.696679,3.446645,2.563090,,2.802513,3.203920,,3.485565,2.917971,2.059838,,3.042750,2.678837
2015-02-24,2.762125,,,1.479727,1.717591,3.461385,2.571583,,2.807816,3.185055,,3.464405,2.917833,2.054566,,3.022108,2.680812
2015-02-25,2.769087,,,1.479864,1.746311,3.460745,2.560140,,2.839455,3.187334,,3.486277,2.931394,2.050156,,3.010436,2.674147
2015-02-26,2.780680,,,1.474962,1.752855,3.462623,2.576338,,2.857404,3.192488,,3.491968,2.936899,2.091949,,3.015697,2.687724
2015-02-27,2.781033,,,1.496676,1.738792,3.590320,2.573023,,2.855992,3.166670,,3.486311,2.928057,2.104468,,3.007511,2.675875
2015-03-02,2.812111,,,1.498534,1.739697,3.598497,2.619927,,2.884467,3.190372,,3.513254,2.952140,2.158215,,3.029538,2.700067
2015-03-03,2.793288,,,1.487401,1.736886,3.576939,2.574495,,2.913409,3.191825,,3.493380,2.928854,2.154292,,2.989720,2.687477
2015-03-04,2.776857,,,1.499910,1.709610,3.559915,2.560703,,2.906628,3.171853,,3.462532,2.907924,2.143675,,2.963163,2.677109
2015-03-05,2.792796,,,1.529909,1.717593,3.595604,2.568690,,2.915258,3.237146,,3.468437,2.924035,2.169593,,2.987022,2.681800
2015-03-06,2.754280,,,1.517376,1.705855,3.534295,2.535320,,2.872552,3.176311,,3.419259,2.889239,2.147210,,2.938772,2.651437
2015-03-09,2.759652,,,1.511806,1.717994,3.550866,2.544386,,2.862860,3.181328,,3.424830,2.910397,2.155366,,2.933700,2.659089
2015-03-10,2.712502,,,1.488300,1.681377,3.503614,2.495985,,2.815618,3.144682,,3.367804,2.857063,2.127722,,2.877292,2.609719
2015-03-11,2.706163,,,1.482966,1.691283,3.486732,2.492924,,2.801249,3.131954,,3.356585,2.853682,2.114904,,2.865437,2.594661
2015-03-12,2.731034,,,1.503934,1.721437,3.550445,2.500984,,2.834949,3.146438,,3.408041,2.899882,2.141435,,2.900604,2.611694
2015-03-13,2.719699,,,1.491360,1.713656,3.533001,2.500171,,2.806203,3.146941,,3.379109,2.883094,2.153573,,2.881892,2.600338
2015-03-16,2.758078,,,1.506081,1.740378,3.578417,2.535249,,2.819635,3.252459,,3.417677,2.922103,2.199768,,2.917945,2.633910
2015-03-17,2.750138,,,1.499895,1.745903,3.554128,2.526196,,2.809791,3.264784,,3.397640,2.914335,2.201458,,2.894195,2.638107
2015-03-18,2.774836,,,1.519024,1.760750,3.583316,2.550265,,2.846593,3.286530,,3.415539,2.940115,2.225639,,2.915729,2.664026
2015-03-19,2.778994,,,1.512725,1.747790,3.583544,2.550186,,2.838160,3.343680,,3.428687,2.947146,2.249976,,2.922316,2.667976
2015-03-20,2.803633,,,1.538318,1.755820,3.592566,2.575314,,2.864613,3.381946,,3.453000,2.962075,2.247907,,2.963715,2.685246
2015-03-23,2.791143,,,1.532395,1.754813,3.603643,2.558460,,2.864219,3.316186,,3.457768,2.956874,2.235971,,2.963550,2.680050
2015-03-24,2.777757,,,1.506472,1.753879,3.600054,2.538517,,2.875906,3.290490,,3.438206,2.937301,2.217529,,2.933474,2.670401
2015-03-25,2.706784,,,1.483503,1.720917,3.573209,2.452687,,2.818573,3.186140,,3.373220,2.885738,2.142403,,2.867487,2.609288
2015-03-26,2.693106,,,1.481821,1.714491,3.550804,2.446246,,2.789126,3.181526,,3.345369,2.873084,2.136653,,2.843576,2.600381
2015-03-27,2.705543,,,1.497285,1.713252,3.585891,2.464699,,2.783240,3.211033,,3.349398,2.889447,2.165095,,2.847943,2.610772
2015-03-30,2.735689,,,1.508506,1.733010,3.638066,2.497358,,2.807417,3.237436,,3.382976,2.931169,2.197354,,2.873318,2.640710
2015-03-31,2.710752,,,1.484703,1.727735,3.602107,2.472408,,2.791341,3.180435,,3.361977,2.910364,2.160096,,2.845914,2.612752
2015-04-01,2.699577,,,1.502150,1.711811,3.590138,2.465192,,2.790839,3.139579,,3.342762,2.903904,2.141900,,2.836559,2.599144
2015-04-02,2.707363,,,1.512762,1.700899,3.598112,2.468161,,2.805492,3.144438,,3.370384,2.926283,2.137290,,2.845753,2.600876
2015-04-06,2.727926,,,1.514151,1.704120,3.624469,2.481857,,2.836275,3.153585,,3.421180,2.931973,2.152688,,2.871796,2.622154
2015-04-07,2.725596,,,1.505229,1.694748,3.614396,2.481873,,2.840078,3.172569,,3.401305,2.926318,2.144873,,2.863076,2.617700
2015-04-08,2.747240,,,1.510832,1.701821,3.660085,2.496870,,2.862713,3.218621,,3.430591,2.951905,2.169342,,2.877969,2.638483
2015-04-09,2.763366,,,1.516713,1.707697,3.630833,2.516336,,2.877563,3.243934,,3.453306,2.954458,2.174028,,2.908205,2.655061
2015-04-10,2.774125,,,1.510169,1.708477,3.642574,2.526973,,2.882158,3.282738,,3.464069,2.955669,2.181120,,2.919992,2.665947
2015-04-13,2.764345,,,1.517221,1.695505,3.619930,2.506530,,2.886940,3.289160,,3.461573,2.937498,2.164090,,2.910591,2.659267
2015-04-14,2.760537,,,1.525028,1.716862,3.606789,2.501182,,2.887899,3.276559,,3.442524,2.935666,2.153644,,2.909897,2.651597
2015-04-15,2.777500,,,1.527282,1.714165,3.620330,2.532857,,2.888280,3.300382,,3.447284,2.942095,2.162128,,2.940800,2.668174
2015-04-16,2.779904,,,1.533818,1.704515,3.602674,2.526641,,2.929577,3.315056,,3.437468,2.935238,2.158842,,2.928122,2.664463
2015-04-17,2.742554,,,1.512343,1.679855,3.550796,2.490805,,2.889602,3.256718,,3.408971,2.881330,2.117360,,2.912635,2.622896
2015-04-20,2.777613,,,1.537485,1.705070,3.585666,2.526732,,2.915935,3.286841,,3.457636,2.921303,2.144720,,2.961892,2.662236
2015-04-21,2.796004,,,1.550647,1.729911,3.594596,2.535485,,2.924983,3.351595,,3.480232,2.936706,2.168247,,2.966406,2.673617
2015-04-22,2.810986,,,1.558660,1.731896,3.597830,2.558208,,2.931194,3.322236,,3.523009,2.950412,2.182227,,2.987513,2.688215
2015-04-23,2.821221,,,1.576175,1.733468,3.607105,2.552172,,2.949225,3.353322,,3.561555,2.972093,2.177327,,3.002317,2.698359
2015-04-24,2.823499,,,1.553155,1.729859,3.622937,2.541775,,2.966466,3.298193,,3.631595,2.987207,2.165211,,3.012190,2.734977
2015-04-27,2.811964,,,1.537129,1.730440,3.617917,2.542759,,2.957633,3.222121,,3.614767,2.970354,2.152250,,2.994651,2.728049
2015-04-28,2.806992,,,1.533941,1.719588,3.593677,2.551440,,2.943252,3.201856,,3.600323,2.972230,2.120839,,3.016732,2.722606
2015-04-29,2.790795,,,1.520901,1.730216,3.591142,2.529938,,2.950041,3.197654,,3.542788,2.968126,2.109359,,2.940288,2.705534
2015-04-30,2.755744,,,1.549159,1.709386,3.549209,2.502947,,2.899813,3.147185,,3.486855,2.924111,2.084167,,2.944046,2.662978
2015-05-01,2.794910,,,1.560562,1.721836,3.611542,2.545260,,2.903181,3.224483,,3.545361,2.954788,2.141882,,2.972056,2.698112
2015-05-04,2.802556,,,1.562256,1.741200,3.612804,2.550068,,2.904145,3.242538,,3.555042,2.969702,2.139176,,2.987173,2.702565
2015-05-05,2.758003,,,1.542344,1.702378,3.578947,2.504442,,2.865366,3.183839,,3.510161,2.930252,2.098686,,2.950492,2.658524
2015-05-06,2.747825,,,1.547667,1.705120,3.592193,2.494732,,2.845533,3.178236,,3.485928,2.919213,2.102296,,2.935015,2.640215
2015-05-07,2.762575,,,1.554422,1.714013,3.632519,2.511170,,2.853327,3.185899,,3.504734,2.930656,2.128590,,2.945870,2.656050
2015-05-08,2.792979,,,1.586071,1.733643,3.570087,2.540241,,2.866964,3.257529,,3.559136,2.960371,2.134233,,2.992019,2.689204
2015-05-11,2.785560,,,1.567318,1.730280,3.593984,2.536601,,2.851135,3.245146,,3.546025,2.949059,2.127806,,2.983737,2.678813
2015-05-12,2.776531,,,1.556967,1.728144,3.580882,2.520386,,2.859184,3.240804,,3.534133,2.944839,2.119874,,2.952952,2.666689
2015-05-13,2.778984,,,1.558782,1.719353,3.546918,2.534482,,2.866013,3.249073,,3.512104,2.939580,2.112673,,2.950211,2.672133
2015-05-14,2.812302,,,1.569169,1.728279,3.568050,2.571729,,2.903427,3.287176,,3.549430,2.971576,2.128137,,2.968108,2.711225
2015-05-15,2.817087,,,1.578617,1.726647,3.604987,2.562365,,2.938113,3.295399,,3.552804,2.974474,2.145833,,2.968175,2.711225
2015-05-18,2.826109,,,1.585548,1.727020,3.589741,2.570556,,2.946686,3.325491,,3.563752,2.981573,2.161558,,2.956945,2.723101
2015-05-19,2.819680,,,1.576887,1.718351,3.576851,2.559712,,2.950296,3.337620,,3.553019,2.986171,2.162161,,2.938380,2.720132
2015-05-20,2.821305,,,1.583837,1.710295,3.556090,2.561442,,2.972303,3.335764,,3.546277,2.982623,2.146013,,2.951666,2.721864
2015-05-21,2.831430,,,1.570968,1.715227,3.586107,2.561063,,3.005356,3.342193,,3.568576,2.984894,2.169954,,2.972659,2.735967
2015-05-22,2.833877,,,1.574263,1.709675,3.558780,2.567549,,3.007322,3.344588,,3.574124,2.983107,2.157233,,2.976845,2.733245
2015-05-26,2.801478,,,1.567388,1.694887,3.519620,2.535966,,2.988611,3.296617,,3.520975,2.957544,2.135755,,2.939773,2.701823
2015-05-27,2.839359,,,1.575587,1.711167,3.563555,2.581661,,3.019704,3.363981,,3.540549,2.980648,2.182886,,2.967319,2.745369
2015-05-28,2.835147,,,1.571797,1.694818,3.556267,2.592890,,2.999200,3.341734,,3.531439,2.973364,2.178784,,2.970112,2.739183
2015-05-29,2.821202,,,1.563430,1.670263,3.543365,2.580602,,2.997317,3.330415,,3.507213,2.961580,2.182528,,2.937129,2.722854
2015-06-01,2.829765,,,1.592777,1.684589,3.545692,2.584658,,3.005963,3.346415,,3.512183,2.965337,2.186143,,2.930903,2.732008
2015-06-02,2.823784,,,1.588271,1.686249,3.542782,2.570704,,3.013042,3.322105,,3.521055,2.953863,2.175298,,2.928993,2.723348
2015-06-03,2.832883,,,1.574518,1.726789,3.567141,2.568031,,3.013166,3.348051,,3.539407,2.971474,2.181985,,2.931213,2.731513
2015-06-04,2.810961,,,1.592222,1.705767,3.550340,2.537977,,2.983064,3.337482,,3.532020,2.942013,2.176749,,2.914090,2.710730
2015-06-05,2.811847,,,1.584439,1.710847,3.504984,2.538644,,2.973906,3.358843,,3.544781,2.934827,2.186039,,2.906291,2.704297
2015-06-08,2.777622,,,1.575895,1.690271,3.494631,2.501478,,2.930091,3.333545,,3.504794,2.910632,2.157793,,2.872126,2.676833
2015-06-09,2.775130,,,1.562149,1.698312,3.493806,2.493684,,2.930532,3.337490,,3.506404,2.907107,2.163726,,2.866886,2.672380
2015-06-10,2.810099,,,1.575966,1.716256,3.533807,2.531139,,2.972661,3.365090,,3.541929,2.941072,2.188008,,2.903927,2.708998
2015-06-11,2.812693,,,1.575773,1.730505,3.538385,2.528277,,2.967918,3.379346,,3.551989,2.951058,2.182143,,2.916999,2.712957
2015-06-12,2.791991,,,1.577774,1.719469,3.547431,2.503001,,2.952318,3.340729,,3.531118,2.933410,2.166877,,2.888537,2.690689
2015-06-15,2.778902,,,1.568193,1.712134,3.509726,2.488487,,2.939378,3.337777,,3.520381,2.908910,2.161428,,2.866208,2.677328
2015-06-16,2.792773,,,1.565372,1.713258,3.571949,2.499873,,2.947648,3.347453,,3.548471,2.929163,2.182126,,2.887246,2.691926
2015-06-17,2.807827,,,1.571319,1.721278,3.592641,2.503237,,2.958776,3.358835,,3.609544,2.943192,2.186844,,2.898190,2.699349
2015-06-18,2.849921,,,1.603009,1.743091,3.622023,2.536496,,3.010895,3.434317,,3.659471,2.982026,2.222233,,2.942431,2.738688
2015-06-19,2.839594,,,1.602701,1.732820,3.615540,2.525726,,2.999607,3.434743,,3.642295,2.986771,2.214082,,2.928087,2.725148
2015-06-22,2.855774,,,1.594047,1.740374,3.625837,2.544046,,3.029031,3.464084,,3.641941,3.001424,2.226542,,2.937008,2.745235
2015-06-23,2.852417,,,1.594653,1.731996,3.619738,2.528231,,3.040555,3.471765,,3.657647,2.991950,2.228347,,2.921541,2.747467
2015-06-24,2.825935,,,1.577534,1.712886,3.610073,2.502366,,3.014529,3.441132,,3.623494,2.960605,2.216673,,2.891958,2.733332
2015-06-25,2.819833,,,1.582590,1.708023,3.628897,2.494781,,2.997566,3.430903,,3.625625,2.960796,2.214387,,2.878237,2.727876
2015-06-26,2.801248,,,1.574600,1.716735,3.667955,2.450654,,2.990297,3.422827,,3.628463,2.964695,2.206198,,2.873794,2.709773
2015-06-29,2.728806,,,1.537285,1.678496,3.587234,2.385227,,2.924746,3.319669,,3.527016,2.898365,2.146086,,2.799349,2.645792
2015-06-30,2.739783,,,1.544233,1.686163,3.583115,2.382341,,2.932502,3.356833,,3.574450,2.904587,2.157452,,2.809055,2.655215
2015-07-01,2.759559,,,1.561157,1.681805,3.618743,2.398214,,2.957260,3.376653,,3.616434,2.939773,2.175194,,2.838841,2.676294
2015-07-02,2.764851,,,1.560351,1.687674,3.607334,2.404340,,2.953072,3.387841,,3.631698,2.940214,2.190946,,2.851625,2.677038
2015-07-06,2.749122,,,1.551889,1.683785,3.608956,2.380839,,2.929048,3.380899,,3.632808,2.937874,2.185177,,2.821603,2.670839
2015-07-07,2.759915,,,1.555650,1.699443,3.664108,2.384543,,2.931615,3.392276,,3.657470,2.956398,2.188053,,2.857345,2.677534
2015-07-08,2.705274,,,1.543830,1.661615,3.622245,2.340384,,2.873912,3.313238,,3.572792,2.916052,2.137269,,2.801956,2.630913
2015-07-09,2.709837,,,1.552963,1.668484,3.610654,2.330213,,2.900600,3.322747,,3.597071,2.938632,2.130319,,2.796998,2.629425
2015-07-10,2.747653,,,1.566261,1.695873,3.670413,2.357821,,2.961795,3.356985,,3.639956,2.974084,2.176894,,2.816092,2.669599
2015-07-13,2.788616,,,1.554978,1.726906,3.724049,2.383656,,3.018459,3.395512,,3.720349,2.997600,2.212955,,2.875075,2.716469
2015-07-14,2.805536,,,1.564649,1.712107,3.742718,2.405272,,3.027314,3.460634,,3.725469,3.001908,2.236061,,2.877411,2.734324
2015-07-15,2.797357,,,1.564380,1.704638,3.716845,2.396762,,3.020670,3.477198,,3.704797,3.001296,2.232182,,2.854854,2.737300
2015-07-16,2.823941,,,1.568678,1.711657,3.736930,2.397414,,3.121451,3.505878,,3.744259,3.017811,2.286614,,2.831157,2.775986
2015-07-17,2.834986,,,1.546113,1.702745,3.734162,2.389719,,3.206487,3.523108,,3.752559,3.007240,2.281319,,2.801764,2.816904
2015-07-20,2.833465,,,1.556053,1.705555,3.751140,2.378384,,3.192747,3.542646,,3.774761,3.000515,2.288746,,2.789156,2.826576
2015-07-21,2.833172,,,1.562903,1.710443,3.745089,2.381354,,3.201939,3.531123,,3.753073,2.996487,2.293318,,2.784531,2.824840
2015-07-22,2.824745,,,1.555247,1.708531,3.775935,2.362280,,3.201933,3.515100,,3.760925,3.030783,2.277344,,2.790837,2.792849
2015-07-23,2.825544,,,1.602929,1.704708,3.760785,2.375633,,3.170796,3.514585,,3.757317,3.006473,2.284035,,2.790291,2.782434
2015-07-24,2.786137,,,1.579692,1.681760,3.760600,2.345573,,3.157682,3.347690,,3.719509,2.990783,2.256895,,2.760444,2.755155
2015-07-27,2.762905,,,1.558605,1.681755,3.745526,2.326758,,3.105965,3.351890,,3.675035,2.967098,2.225129,,2.749335,2.732340
2015-07-28,2.793586,,,1.572574,1.710239,3.777188,2.364700,,3.098515,3.427346,,3.690233,3.005040,2.258527,,2.771444,2.755899
2015-07-29,2.814098,,,1.568947,1.756300,3.790954,2.372889,,3.156140,3.401598,,3.713662,3.034210,2.260681,,2.779981,2.766314
2015-07-30,2.834705,,,1.587751,1.746673,3.843538,2.395445,,3.173688,3.452511,,3.724329,3.036543,2.300311,,2.812132,2.779458
2015-07-31,2.833407,,,1.621465,1.753357,3.854660,2.382935,,3.173965,3.470090,,3.729175,3.035702,2.304784,,2.808512,2.776234
2015-08-03,2.833155,,,1.628449,1.762850,3.873426,2.385907,,3.168890,3.474472,,3.702172,3.050420,2.308405,,2.797402,2.767554
2015-08-04,2.837294,,,1.628449,1.765283,3.847564,2.375618,,3.193299,3.503200,,3.726262,3.053175,2.324286,,2.785528,2.762347
2015-08-05,2.861209,,,1.621599,1.771955,3.899832,2.405772,,3.193230,3.533236,,3.760526,3.060730,2.352043,,2.817851,2.783674
2015-08-06,2.818965,,,1.631673,1.748845,3.837839,2.373227,,3.164769,3.441800,,3.689779,3.023016,2.314433,,2.791368,2.739036
2015-08-07,2.822184,,,1.635568,1.742804,3.840032,2.385560,,3.158938,3.435836,,3.686882,3.024363,2.314291,,2.789960,2.735564
2015-08-10,2.857244,,,1.658267,1.760091,3.834808,2.436594,,3.176199,3.459998,,3.717674,3.042724,2.339632,,2.840978,2.766810
2015-08-11,2.821438,,,1.669415,1.755540,3.808108,2.387664,,3.149595,3.419025,,3.686774,3.023673,2.315650,,2.798175,2.731348
2015-08-12,2.822959,,,1.688085,1.754165,3.814661,2.397506,,3.132137,3.439561,,3.666510,3.036595,2.309265,,2.802127,2.740772
2015-08-13,2.816519,,,1.690637,1.751939,3.842548,2.384504,,3.130088,3.427101,,3.667100,3.045557,2.327419,,2.774233,2.736308
2015-08-14,2.818991,,,1.711188,1.761693,3.872214,2.384629,,3.127784,3.424638,,3.667286,3.048179,2.323254,,2.775415,2.740524
2015-08-17,2.844774,,,1.719381,1.771370,3.876888,2.405080,,3.167166,3.451072,,3.713249,3.068193,2.343764,,2.788674,2.763338
2015-08-18,2.829330,,,1.699099,1.776107,3.882551,2.377350,,3.161026,3.437643,,3.706499,3.069079,2.336595,,2.765986,2.749203
2015-08-19,2.808823,,,1.704472,1.777470,3.857584,2.353040,,3.132856,3.434319,,3.677463,3.053854,2.321885,,2.726489,2.731100
2015-08-20,2.728015,,,1.655581,1.734805,3.798284,2.286270,,3.023399,3.322390,,3.577030,2.984329,2.239905,,2.668841,2.655463
2015-08-21,2.631781,,,1.617704,1.685275,3.664855,2.213271,,2.894050,3.203706,,3.437162,2.888970,2.126092,,2.598362,2.539405
2015-08-24,2.532508,,,1.537651,1.621522,3.544437,2.144186,,2.763494,3.063151,,3.294926,2.780669,2.056992,,2.510659,2.441697
2015-08-25,2.515512,,,1.527578,1.612469,3.515176,2.111815,,2.763555,3.066075,,3.296201,2.752615,2.060485,,2.482888,2.432522
2015-08-26,2.620655,,,1.544501,1.669848,3.648075,2.208237,,2.881599,3.222136,,3.404080,2.860468,2.164318,,2.557706,2.555028
2015-08-27,2.692028,,,1.597153,1.697942,3.676566,2.274013,,2.972424,3.274784,,3.523259,2.912159,2.217932,,2.628683,2.619753
2015-08-28,2.693443,,,1.601451,1.687171,3.677760,2.278655,,2.972549,3.273871,,3.528088,2.913875,2.212567,,2.639714,2.619257
2015-08-31,2.666814,,,1.587617,1.680049,3.650432,2.267231,,2.929883,3.188036,,3.495325,2.883394,2.175378,,2.628638,2.586771
2015-09-01,2.587724,,,1.538457,1.647381,3.508237,2.198402,,2.840726,3.105264,,3.385066,2.812533,2.096103,,2.550074,2.505926
2015-09-02,2.644743,,,1.556053,1.707072,3.531589,2.242131,,2.890703,3.201366,,3.469060,2.880199,2.156393,,2.588599,2.576603
2015-09-03,2.644064,,,1.566932,1.691186,3.539595,2.252496,,2.889915,3.161289,,3.467777,2.887950,2.133348,,2.604167,2.563956
2015-09-04,2.609695,,,1.550680,1.669183,3.518554,2.214623,,2.856840,3.137417,,3.426245,2.846453,2.108711,,2.558722,2.533453
2015-09-08,2.682272,,,1.582916,1.702650,3.571199,2.293296,,2.909179,3.259190,,3.499930,2.910999,2.183142,,2.643700,2.604874
2015-09-09,2.650417,,,1.545845,1.691005,3.500224,2.257412,,2.900600,3.199193,,3.474444,2.873308,2.163217,,2.612658,2.575611
2015-09-10,2.665240,,,1.500580,1.696263,3.485150,2.273420,,2.917952,3.248360,,3.483485,2.876219,2.175165,,2.606434,2.603634
2015-09-11,2.672251,,,1.491581,1.706568,3.506560,2.278070,,2.901847,3.286332,,3.499551,2.884550,2.196467,,2.598556,2.618017
2015-09-14,2.663154,,,1.504207,1.697391,3.480160,2.274675,,2.881795,3.279268,,3.487172,2.874668,2.188329,,2.603706,2.610081
2015-09-15,2.694398,,,1.516026,1.718646,3.516753,2.300615,,2.925489,3.304720,,3.528189,2.905692,2.214973,,2.629680,2.640832
2015-09-16,2.717890,,,1.518041,1.723547,3.554191,2.314217,,2.971553,3.299154,,3.589928,2.915943,2.230069,,2.671539,2.655711
2015-09-17,2.714472,,,1.510922,1.716425,3.573306,2.295434,,2.993577,3.346341,,3.570160,2.922156,2.243643,,2.634823,2.656703
2015-09-18,2.670933,,,1.495207,1.677268,3.529731,2.260014,,2.962866,3.266409,,3.509976,2.885369,2.202852,,2.583581,2.618917
2015-09-21,2.672532,,,1.501789,1.689446,3.558524,2.268716,,2.980896,3.165456,,3.516660,2.908183,2.187929,,2.582287,2.627121
2015-09-22,2.624205,,,1.463912,1.648987,3.550027,2.224840,,2.916402,3.128856,,3.455630,2.870336,2.152465,,2.529990,2.587843
2015-09-23,2.615087,,,1.463912,1.650692,3.581374,2.216626,,2.902782,3.108684,,3.433736,2.882739,2.153563,,2.510585,2.589832
2015-09-24,2.607714,,,1.426975,1.640927,3.585070,2.215063,,2.899633,3.065865,,3.433061,2.865295,2.161432,,2.501298,2.580386
2015-09-25,2.593415,,,1.419587,1.644262,3.608717,2.219209,,2.882842,2.937300,,3.413078,2.876681,2.135151,,2.497706,2.558509
2015-09-28,2.516218,,,1.413677,1.610204,3.539386,2.173387,,2.762107,2.806802,,3.282278,2.816943,2.051005,,2.436794,2.485672
2015-09-29,2.510417,,,1.391650,1.621597,3.497771,2.176023,,2.727391,2.828882,,3.260572,2.815104,2.043381,,2.428112,2.472745
2015-09-30,2.570447,,,1.406827,1.627627,3.535037,2.246246,,2.787467,2.915011,,3.318268,2.870284,2.110671,,2.494148,2.529673
2015-10-01,2.563612,,,1.393799,1.638747,3.546341,2.228045,,2.798785,2.893668,,3.317360,2.903433,2.132046,,2.448536,2.541108
2015-10-02,2.614622,,,1.415558,1.652061,3.574444,2.261408,,2.861978,2.966489,,3.434140,2.940885,2.158384,,2.532819,2.585606
2015-10-05,2.665161,,,1.470896,1.695514,3.626519,2.314124,,2.920617,2.965762,,3.496935,2.992176,2.182905,,2.610151,2.622646
2015-10-06,2.650618,,,1.454107,1.682077,3.573432,2.322782,,2.911774,2.861219,,3.479818,2.972496,2.138043,,2.633271,2.610217
2015-10-07,2.673695,,,1.476940,1.705555,3.553168,2.343547,,2.912814,2.923955,,3.514534,2.995125,2.149763,,2.668717,2.625878
2015-10-08,2.696717,,,1.484462,1.725442,3.593333,2.367443,,2.937541,2.928198,,3.541545,3.031015,2.162819,,2.719639,2.636319
2015-10-09,2.706101,,,1.480164,1.747208,3.627768,2.377380,,2.934149,2.947154,,3.537148,3.032639,2.181134,,2.724109,2.648251
2015-10-12,2.708481,,,1.465121,1.757758,3.622534,2.378861,,2.931623,2.966961,,3.532140,3.045631,2.204501,,2.706461,2.654715
2015-10-13,2.681868,,,1.466061,1.734460,3.578160,2.354478,,2.925563,2.901298,,3.506047,3.022990,2.154891,,2.677829,2.637562
2015-10-14,2.694819,,,1.462703,1.728422,3.511390,2.381067,,2.916797,2.910962,,3.547427,3.004442,2.149335,,2.684274,2.633336
2015-10-15,2.719173,,,1.487551,1.745723,3.561299,2.378151,,2.950964,2.995633,,3.596526,3.032869,2.171095,,2.631469,2.676591
2015-10-16,2.729004,,,1.482582,1.724618,3.601100,2.385633,,2.964808,3.003135,,3.633206,3.055298,2.171826,,2.651042,2.687777
2015-10-19,2.735323,,,1.488492,1.725504,3.627472,2.388477,,2.976503,3.027166,,3.627651,3.068082,2.186344,,2.618132,2.703190
2015-10-20,2.721661,,,1.506490,1.735289,3.673467,2.380266,,2.947705,2.966346,,3.605375,3.080598,2.175906,,2.625863,2.689269
2015-10-21,2.706051,,,1.492790,1.725850,3.669062,2.377872,,2.883412,2.989668,,3.570038,3.061732,2.171291,,2.656855,2.672862
2015-10-22,2.771758,,,1.554844,1.766664,3.747569,2.448757,,2.931218,3.029556,,3.665916,3.131265,2.209872,,2.719980,2.727303
2015-10-23,2.808023,,,1.559142,1.780865,3.686433,2.481534,,2.999726,3.086169,,3.705069,3.138652,2.250831,,2.763788,2.803621
2015-10-26,2.808982,,,1.579961,1.785348,3.713808,2.455016,,3.026297,3.097067,,3.742811,3.154148,2.263210,,2.739932,2.805361
2015-10-27,2.803278,,,1.574723,1.742558,3.700743,2.451213,,3.024904,3.169368,,3.704628,3.159904,2.272769,,2.700710,2.811079
2015-10-28,2.817295,,,1.576200,1.716794,3.715372,2.464311,,3.060411,3.172746,,3.742058,3.134409,2.306158,,2.746175,2.834447
2015-10-29,2.801256,,,1.595139,1.713841,3.698220,2.420925,,3.058140,3.180599,,3.770019,3.130534,2.302991,,2.747276,2.829972
2015-10-30,2.806565,,,1.598631,1.717991,3.701701,2.429417,,3.068961,3.152639,,3.783244,3.128430,2.311671,,2.744100,2.817294
2015-11-02,2.835928,,,1.627374,1.737434,3.714558,2.448448,,3.098422,3.234911,,3.814965,3.148633,2.310360,1.014274,2.780970,2.849114
2015-11-03,2.844662,,,1.613406,1.729504,3.728444,2.463731,,3.105255,3.238257,,3.824830,3.131575,2.306054,1.019419,2.800535,2.859057
2015-11-04,2.842099,,,1.579961,1.707746,3.689919,2.458836,,3.110941,3.233466,,3.861907,3.121806,2.311696,1.013333,2.783953,2.859306
2015-11-05,2.835826,,,1.474120,1.715658,3.688283,2.444399,,3.133994,3.198670,,3.873562,3.115460,2.312550,1.008747,2.750173,2.851600
2015-11-06,2.850006,,,1.456659,1.723753,3.804787,2.478958,,3.117686,3.190113,,3.844638,3.120668,2.399406,1.004321,2.768186,2.853588
2015-11-09,2.813269,,,1.434497,1.698975,3.767398,2.452528,,3.076243,3.177797,,3.753295,3.094568,2.366676,0.996379,2.724853,2.823260
2015-11-10,2.816655,,,1.419990,1.706034,3.802975,2.430489,,3.132164,3.192219,,3.757375,3.119707,2.370385,0.993809,2.720740,2.816051
2015-11-11,2.812411,,,1.435840,1.702246,3.782377,2.424226,,3.149995,3.175237,,3.743609,3.116057,2.369410,0.990614,2.713965,2.812571
2015-11-12,2.777735,,,1.424557,1.674569,3.741044,2.396122,,3.117305,3.134781,,3.688348,3.091690,2.336262,0.981893,2.658748,2.785225
2015-11-13,2.733203,,,1.413409,1.665236,3.646990,2.356783,,3.052777,3.158335,,3.582678,3.052447,2.274983,0.972797,2.618749,2.730535
2015-11-16,2.767622,,,1.441481,1.675231,3.693231,2.389864,,3.079672,3.202968,,3.636274,3.096276,2.323925,0.981405,2.666738,2.769813
2015-11-17,2.773228,,,1.423617,1.668319,3.712131,2.393378,,3.095572,3.233010,,3.629968,3.102905,2.323919,0.981127,2.670660,2.771553
2015-11-18,2.815900,,,1.420931,1.690250,3.797001,2.418935,,3.150453,3.321019,,3.688102,3.134527,2.374728,1.000232,2.671573,2.824752
2015-11-19,2.814107,,,1.413409,1.688450,3.817454,2.425683,,3.134158,3.280636,,3.697539,3.145540,2.375577,1.004097,2.676659,2.826740
2015-11-20,2.828597,,,1.383725,1.694069,3.815334,2.430962,,3.172282,3.297365,,3.732700,3.156903,2.395114,1.006528,2.685082,2.845882
2015-11-23,2.818454,,,1.376875,1.692055,3.850904,2.415199,,3.144068,3.309379,,3.727928,3.146577,2.395237,1.006164,2.673590,2.837678
2015-11-24,2.824719,,,1.417035,1.687034,3.916947,2.432890,,3.111737,3.303655,,3.734921,3.131137,2.395820,1.002854,2.695498,2.835192
2015-11-25,2.837233,,,1.418916,1.694499,3.953904,2.433292,,3.138829,3.321001,,3.764028,3.138559,2.407265,1.000990,2.702893,2.837678
2015-11-27,2.844210,,,1.428990,1.706800,3.974971,2.441073,,3.136868,3.342477,,3.755228,3.155744,2.416681,1.005547,2.693960,2.841656
2015-11-30,2.846000,,,1.412469,1.695185,3.937627,2.461149,,3.151528,3.290425,,3.745474,3.138159,2.398275,0.999648,2.715788,2.834447
2015-12-01,2.878347,,,1.470090,1.717903,3.974986,2.490216,,3.174645,3.317500,,3.797695,3.163205,2.430050,1.006605,2.745410,2.862786
2015-12-02,2.851751,,,1.452361,1.681824,3.949118,2.465581,,3.145059,3.285342,,3.789628,3.131856,2.422060,1.004361,2.738419,2.845136
2015-12-03,2.803568,,,1.435840,1.646985,3.900378,2.436988,,3.093527,3.178746,,3.715672,3.081635,2.399703,0.981075,2.697234,2.796909
2015-12-04,2.862904,,,1.457733,1.682468,4.026857,2.484402,,3.147277,3.272701,,3.790764,3.149236,2.461734,1.011839,2.741716,2.862289
2015-12-07,2.844769,,,1.464449,1.682723,4.026734,2.464865,,3.123981,3.233091,,3.775532,3.129406,2.434037,1.006444,2.751031,2.849362
2015-12-08,2.839785,,,1.449271,1.660591,4.055762,2.462672,,3.102362,3.262228,,3.768317,3.118683,2.450889,1.002852,2.721074,2.849611
2015-12-09,2.805249,,,1.410454,1.654766,3.950463,2.425126,,3.055678,3.218649,,3.770026,3.071699,2.407619,0.989834,2.730744,2.806356
2015-12-10,2.816476,,,1.405619,1.666522,3.961998,2.436030,,3.058121,3.255308,,3.773127,3.093156,2.414052,0.996284,2.725698,2.819034
2015-12-11,2.756079,,,1.357668,1.636008,3.891636,2.386623,,2.984608,3.176579,,3.692918,3.042347,2.347978,0.971885,2.679071,2.754151
2015-12-14,2.756676,,,1.366801,1.641800,3.946275,2.376652,,2.962203,3.188938,,3.728274,3.064994,2.376905,0.977589,2.659682,2.775033
2015-12-15,2.791168,,,1.377949,1.655770,3.958515,2.409423,,2.996322,3.265122,,3.760071,3.087137,2.387882,0.990024,2.707597,2.791937
2015-12-16,2.830578,,,1.395411,1.680791,4.010376,2.435183,,3.045625,3.308054,,3.836026,3.114853,2.426744,1.002820,2.751423,2.833452
2015-12-17,2.781293,,,1.356727,1.654206,3.937878,2.391690,,2.993871,3.268848,,3.758378,3.065080,2.394310,0.989742,2.685437,2.792186
2015-12-18,2.740009,,,1.348803,1.616468,3.860641,2.355752,,2.955707,3.233391,,3.703778,3.007947,2.354448,0.971954,2.658393,2.738625
2015-12-21,2.770657,,,1.361831,1.630877,3.917526,2.388850,,2.983346,3.269282,,3.728323,3.034883,2.375161,0.986311,2.700632,2.769046
2015-12-22,2.792218,,,1.365727,1.662565,3.947144,2.403130,,2.997116,3.290718,,3.768949,3.059454,2.377443,0.994618,2.746155,2.787249
2015-12-23,2.813903,,,1.388560,1.684136,3.958690,2.424596,,3.017812,3.309843,,3.789851,3.086682,2.390464,1.002194,2.790351,2.807945
2015-12-24,2.818429,,,1.397425,1.686486,3.958376,2.429482,,3.018868,3.328479,,3.788377,3.087000,2.390171,1.003402,2.794879,2.807446
2015-12-28,2.812500,,,1.409379,1.678016,3.951495,2.424574,,3.008432,3.318815,,3.788949,3.083131,2.398442,0.999165,2.788425,2.805950
2015-12-29,2.849062,,,1.426438,1.684901,4.002769,2.454131,,3.043811,3.384835,,3.850199,3.112487,2.435589,1.016489,2.824601,2.850085
2015-12-30,2.828177,,,1.411663,1.672235,3.993160,2.436334,,3.017845,3.359739,,3.821495,3.089804,2.415843,1.008245,2.807826,2.824402
2015-12-31,2.803342,,,1.411260,1.654354,3.957387,2.402278,,3.023365,3.337193,,3.786255,3.055141,2.378864,0.996078,2.790310,2.789244
2016-01-04,2.753165,,,1.420528,1.627502,3.911900,2.370939,,2.966564,3.237911,,3.690205,2.990009,2.309646,0.979818,2.775418,2.730397
2016-01-05,2.752487,,,1.439198,1.630184,3.948573,2.364969,,2.969063,3.238891,,3.683708,2.993565,2.307614,0.977833,2.774791,2.725659
2016-01-06,2.717921,,,1.426035,1.627465,3.944083,2.311245,,2.961840,3.235438,,3.620998,2.961612,2.301852,0.967941,2.719184,2.699477
2016-01-07,2.640957,,,1.377949,1.596394,3.834934,2.241929,,2.879143,3.117426,,3.534891,2.892904,2.248497,0.933538,2.637510,2.614947
2016-01-08,2.609252,,,1.365189,1.593217,3.789979,2.206431,,2.860288,3.075618,,3.487611,2.867088,2.220286,0.926239,2.582653,2.593503
2016-01-11,2.602564,,,1.395142,1.596468,3.828709,2.203285,,2.826034,3.026796,,3.505915,2.874755,2.244135,0.934805,2.553628,2.601482
2016-01-12,2.625099,,,1.354310,1.616104,3.871942,2.225856,,2.838513,3.040195,,3.550934,2.897166,2.278003,0.947027,2.556264,2.631654
2016-01-13,2.539953,,,1.312537,1.577875,3.748882,2.161246,,2.741685,2.942501,,3.396417,2.827835,2.185696,0.920501,2.488129,2.540890
2016-01-14,2.589585,,,1.336177,1.599560,3.767767,2.202554,,2.811673,3.054822,,3.428655,2.872921,2.205975,0.940511,2.520411,2.594999
2016-01-15,2.516498,,,1.235171,1.569304,3.713188,2.115975,,2.713283,3.000311,,3.403870,2.821630,2.144070,0.910209,2.494584,2.514459
2016-01-19,2.515976,,,1.219859,1.565249,3.783644,2.109966,,2.725128,2.963739,,3.420138,2.856719,2.175380,0.912131,2.478898,2.519944
2016-01-20,2.505222,,,1.189504,1.566876,3.713695,2.106005,,2.704823,2.993040,,3.378861,2.824818,2.168332,0.905701,2.448592,2.512214
2016-01-21,2.516161,,,1.175132,1.580853,3.714620,2.112930,,2.730419,2.952756,,3.425192,2.833841,2.174140,0.907673,2.458478,2.514708
2016-01-22,2.570721,,,1.262840,1.596395,3.808384,2.155339,,2.796024,3.028018,,3.496087,2.893784,2.212347,0.930465,2.514508,2.587518
2016-01-25,2.529246,,,1.258677,1.561042,3.723307,2.117766,,2.750671,2.973997,,3.468589,2.846712,2.190154,0.914984,2.475212,2.549118
2016-01-26,2.564074,,,1.303404,1.601909,3.742193,2.149469,,2.788683,2.969736,,3.523859,2.886305,2.201645,0.925677,2.540427,2.572059
2016-01-27,2.517489,,,1.279361,1.595073,3.728243,2.110820,,2.716596,2.914595,,3.447174,2.856246,2.154243,0.907361,2.503254,2.507975
2016-01-28,2.523753,,,1.276944,1.599702,3.755757,2.111571,,2.768977,2.850390,,3.461455,2.872375,2.219659,0.902527,2.500668,2.543383
2016-01-29,2.596199,,,1.333491,1.641350,3.814216,2.203200,,2.834924,2.878745,,3.519100,2.948781,2.241554,0.924875,2.601491,2.596495
2016-02-01,2.608927,,,1.318179,1.639088,3.831538,2.213103,,2.863955,2.898250,,3.531240,2.966124,2.265716,0.924568,2.613454,2.603477
2016-02-02,2.545541,,,1.294942,1.590719,3.784114,2.144392,,2.808442,2.844367,,3.462063,2.914466,2.230905,0.901058,2.554136,2.547124
2016-02-03,2.557674,,,1.286480,1.598269,3.678648,2.171109,,2.830234,2.879767,,3.428434,2.933921,2.194585,0.900854,2.601958,2.534905
2016-02-04,2.571795,,,1.288092,1.660954,3.551071,2.200340,,2.816787,2.855940,,3.442903,2.948177,2.167132,0.899292,2.646733,2.534656
2016-02-05,2.492685,,,1.254513,1.648201,3.514033,2.129475,,2.723921,2.758265,,3.300325,2.912818,2.052222,0.875096,2.592889,2.446635
2016-02-08,2.428710,,,1.166536,1.640292,3.444045,2.065146,,2.664808,2.689202,,3.206537,2.881932,2.004930,0.870956,2.541866,2.409232
2016-02-09,2.415034,,,1.151627,1.650384,3.473930,2.044207,,2.631079,2.681852,,3.208151,2.876674,1.995603,0.873886,2.509710,2.401752
2016-02-10,2.432714,,,1.159686,1.632983,3.483600,2.067239,,2.649002,2.727933,,3.216361,2.898325,2.009452,0.875712,2.503987,2.410978
2016-02-11,2.428173,,,1.141150,1.620533,3.462923,2.057399,,2.629811,2.702488,,3.284220,2.894675,2.008266,0.879787,2.512230,2.407487
2016-02-12,2.488262,,,1.192593,1.664848,3.530867,2.105103,,2.697563,2.765975,,3.372358,2.943229,2.040532,0.895336,2.610601,2.444141
2016-02-16,2.553013,,,1.215964,1.692465,3.610183,2.168908,,2.754812,2.836164,,3.467080,2.987630,2.084685,0.913728,2.689364,2.499248
2016-02-17,2.624981,,,1.231142,1.706936,3.671968,2.231326,,2.869749,2.892824,,3.579587,3.026042,2.141866,0.930505,2.792369,2.555851
2016-02-18,2.610198,,,1.229933,1.705377,3.648243,2.231883,,2.830847,2.849120,,3.554806,3.021036,2.123199,0.925757,2.806003,2.526677
2016-02-19,2.619228,,,1.204010,1.701184,3.657782,2.239528,,2.833494,2.872245,,3.584862,3.040006,2.143851,0.923450,2.781444,2.534157
2016-02-22,2.663569,,,1.249409,1.721785,3.705269,2.278549,,2.887660,2.894676,,3.661855,3.069684,2.188801,0.934853,2.844562,2.575300
2016-02-23,2.620456,,,1.245917,1.695543,3.708702,2.235202,,2.828895,2.846250,,3.617970,3.035326,2.157455,0.923822,2.786417,2.532911
2016-02-24,2.644588,,,1.285406,1.715159,3.771844,2.258574,,2.842420,2.864231,,3.644613,3.061759,2.182773,0.933653,2.810788,2.557098
2016-02-25,2.672073,,,1.297494,1.738831,3.808590,2.282017,,2.866067,2.883215,,3.694822,3.092978,2.204840,0.942255,2.834497,2.582282
2016-02-26,2.672184,,,1.271437,1.739457,3.732850,2.284694,,2.879591,2.894707,,3.686935,3.070202,2.198038,0.933466,2.827983,2.579041
2016-02-29,2.651733,,,1.274526,1.729626,3.677835,2.270429,,2.859157,2.836471,,3.676923,3.053151,2.172055,0.925759,2.818804,2.555851
2016-03-01,2.732830,,,1.293867,1.764114,3.750372,2.344955,,2.958237,2.955683,,3.763469,3.111328,2.254720,0.951840,2.900438,2.637887
2016-03-02,2.734664,,,1.289435,1.763881,3.710445,2.354347,,2.952829,2.957026,,3.764440,3.107704,2.249558,0.954244,2.915971,2.638885
2016-03-03,2.741090,,,1.300449,1.788366,3.707756,2.359439,,2.961579,2.922532,,3.787814,3.119125,2.236817,0.950241,2.944543,2.633898
2016-03-04,2.744580,,,1.297225,1.786994,3.723290,2.369636,,2.970060,2.906561,,3.777540,3.119820,2.249607,0.949639,2.934758,2.634895
2016-03-07,2.746284,,,1.295614,1.787992,3.672470,2.378387,,2.947692,2.954591,,3.764793,3.105323,2.200245,0.949515,2.959471,2.618687
2016-03-08,2.701774,,,1.256259,1.770485,3.681332,2.331441,,2.902573,2.875443,,3.726682,3.094354,2.194766,0.944179,2.902384,2.596994
2016-03-09,2.717574,,,1.232485,1.782448,3.721411,2.350864,,2.949918,2.836992,,3.732133,3.118816,2.215514,0.946353,2.913358,2.613700
2016-03-10,2.720489,,,1.233962,1.779810,3.762869,2.356596,,2.930526,2.835290,,3.751518,3.108582,2.222652,0.946424,2.925548,2.609711
2016-03-11,2.768247,,,1.269959,1.798932,3.795614,2.402619,,2.986893,2.891473,,3.807828,3.143133,2.258693,0.957617,2.973258,2.655342
2016-03-14,2.770741,,,1.267542,1.804736,3.790358,2.395156,,2.994585,2.883491,,3.848613,3.145131,2.268654,0.959472,2.956138,2.659830
2016-03-15,2.756177,,,1.276944,1.804351,3.788983,2.385304,,2.975545,2.831858,,3.835120,3.148038,2.272940,0.961754,2.922392,2.658833
2016-03-16,2.781531,,,1.283659,1.812763,3.823127,2.406056,,3.042459,2.821705,,3.862539,3.161019,2.295239,0.967800,2.933897,2.682521
2016-03-17,2.794072,,,1.333894,1.834890,3.788372,2.426205,,3.067787,2.785999,,3.864841,3.163027,2.290154,0.970631,2.964869,2.681025
2016-03-18,2.819792,,,1.332013,1.848215,3.780922,2.456571,,3.075691,2.836369,,3.897019,3.173430,2.294931,0.971625,3.003821,2.685227
2016-03-21,2.827865,,,1.322074,1.851389,3.775919,2.462381,,3.073245,2.880228,,3.906428,3.171637,2.301340,0.975204,3.003645,2.695731
2016-03-22,2.828202,,,1.312806,1.836031,3.730890,2.468701,,3.065957,2.928938,,3.885834,3.172951,2.308100,0.979154,3.011290,2.703984
2016-03-23,2.789607,,,1.302195,1.824395,3.726578,2.433467,,3.018578,2.850637,,3.847813,3.164246,2.312173,0.967856,2.956814,2.681725
2016-03-24,2.788673,,,1.315089,1.815659,3.687649,2.427443,,3.026443,2.866580,,3.856535,3.161091,2.312203,0.968510,2.934883,2.682476
2016-03-28,2.791532,,,1.312672,1.820367,3.734779,2.423954,,3.042892,2.844724,,3.869251,3.169718,2.318796,0.968013,2.938419,2.678724
2016-03-29,2.829674,,,1.345714,1.838065,3.778842,2.456645,,3.094750,2.885817,,3.913847,3.212696,2.357842,0.979667,2.968448,2.721740
2016-03-30,2.837913,,,1.342624,1.836755,3.832166,2.467402,,3.094476,2.872902,,3.938028,3.221145,2.366196,0.986883,2.975392,2.734995
2016-03-31,2.843939,,,1.345445,1.839070,3.804675,2.474976,,3.111877,2.899819,,3.917646,3.235647,2.352098,0.986042,2.987852,2.730993
2016-04-01,2.865789,,,1.370562,1.823697,3.855132,2.485162,,3.135622,2.977257,,3.951449,3.242413,2.388198,0.997202,2.976053,2.760004
2016-04-04,2.851864,,,1.368010,1.799682,3.842444,2.471308,,3.112337,3.011210,,3.920356,3.214168,2.357392,0.993721,2.961972,2.749500
2016-04-05,2.822231,,,1.344370,1.789087,3.801445,2.441587,,3.063584,2.998642,,3.894520,3.180375,2.339846,0.985940,2.911503,2.722990
2016-04-06,2.862068,,,1.351086,1.793438,3.829328,2.469193,,3.095205,3.132149,,3.946594,3.218526,2.359533,1.000896,2.939275,2.767757
2016-04-07,2.818216,,,1.330670,1.767120,3.772606,2.428535,,3.054661,3.053518,,3.910881,3.175534,2.340305,0.986160,2.898414,2.727992
2016-04-08,2.823041,,,1.340610,1.770305,3.781385,2.436628,,3.078514,3.035338,,3.894091,3.185019,2.334181,0.987638,2.908119,2.725992
2016-04-11,2.816031,,,1.326641,1.770778,3.738875,2.438039,,3.067367,3.015118,,3.880833,3.167946,2.325996,0.986013,2.934191,2.715988
2016-04-12,2.831078,,,1.348668,1.775663,3.765002,2.438579,,3.103910,3.046564,,3.906416,3.191821,2.346718,0.990229,2.952922,2.738746
2016-04-13,2.870968,,,1.362772,1.803618,3.773863,2.481503,,3.140639,3.075197,,3.964451,3.214929,2.373928,1.001334,2.986970,2.773759
2016-04-14,2.855688,,,1.354713,1.812466,3.753614,2.445747,,3.135961,3.077784,,3.974637,3.210008,2.378370,1.000696,2.895705,2.774009
2016-04-15,2.849047,,,1.364518,1.817662,3.800469,2.430736,,3.131700,3.055416,,3.976578,3.224157,2.389438,0.997555,2.874210,2.767006
2016-04-18,2.864413,,,1.372980,1.821977,3.810732,2.444394,,3.122365,3.107460,,4.010452,3.241200,2.400821,1.002885,2.891916,2.781762
2016-04-19,2.846654,,,1.368144,1.834623,3.827546,2.432667,,3.111947,3.005208,,3.989993,3.257490,2.360075,1.003548,2.902311,2.764756
2016-04-20,2.846182,,,1.389098,1.831356,3.789906,2.439438,,3.092726,3.013468,,3.991039,3.229543,2.359005,1.003644,2.917982,2.767006
2016-04-21,2.834681,,,1.383456,1.809909,3.738689,2.422427,,3.083359,3.073348,,3.962135,3.194808,2.338692,1.001761,2.881511,2.767257
2016-04-22,2.820750,,,1.393396,1.804803,3.713430,2.413312,,3.053180,3.066654,,3.939996,3.190986,2.299427,0.988691,2.896704,2.725491
2016-04-25,2.818397,,,1.390038,1.793576,3.739037,2.415949,,3.043464,3.070859,,3.924196,3.207270,2.302139,0.989419,2.899876,2.725491
2016-04-26,2.834054,,,1.401320,1.824340,3.755594,2.442739,,3.049943,3.040661,,3.928044,3.214389,2.286411,0.988577,2.936383,2.712237
2016-04-27,2.841363,,,1.407902,1.823936,3.781307,2.458907,,3.039530,3.020810,,3.949721,3.226235,2.280329,0.980209,2.973313,2.690479
2016-04-28,2.806306,,,1.397560,1.806194,3.779218,2.408671,,3.029963,3.001889,,3.897926,3.195519,2.259342,0.964313,2.917301,2.657967
2016-04-29,2.771673,,,1.383994,1.783977,3.866229,2.342991,,3.034479,2.920877,,3.918349,3.174078,2.273500,0.942832,2.792706,2.643962
2016-05-02,2.791688,,,1.412872,1.791033,3.953927,2.350554,,3.052127,2.937353,,3.974999,3.205212,2.307127,0.952690,2.788595,2.668971
2016-05-03,2.753166,,,1.330133,1.760513,3.928733,2.319472,,3.000452,2.887460,,3.948179,3.177785,2.280232,0.942563,2.736555,2.644212
2016-05-04,2.726485,,,1.340341,1.740110,3.929583,2.301161,,2.982853,2.842477,,3.877493,3.168378,2.273968,0.936187,2.718929,2.627206
2016-05-05,2.723602,,,1.342624,1.736159,3.908850,2.297759,,2.990305,2.890880,,3.822425,3.146678,2.271215,0.937343,2.704390,2.626455
2016-05-06,2.737605,,,1.355653,1.753400,3.921327,2.307943,,3.004884,2.892143,,3.853376,3.179098,2.304055,0.937620,2.698375,2.640460
2016-05-09,2.741733,,,1.345982,1.752488,3.959007,2.305485,,2.997806,2.933761,,3.861626,3.192942,2.308178,0.940543,2.692240,2.647963
2016-05-10,2.784920,,,1.371905,1.778292,4.006057,2.342575,,3.052141,2.966479,,3.927173,3.229499,2.348607,0.954191,2.741731,2.684226
2016-05-11,2.748828,,,1.365592,1.752094,3.925410,2.322535,,3.018355,2.893640,,3.868360,3.185723,2.334554,0.943202,2.706519,2.659968
2016-05-12,2.735229,,,1.359011,1.736647,3.946643,2.303918,,3.010315,2.866979,,3.872434,3.190526,2.329941,0.938933,2.705985,2.648213
2016-05-13,2.725922,,,1.343162,1.725701,3.877996,2.308717,,2.995189,2.864279,,3.836491,3.162685,2.353506,0.935720,2.691385,2.638460
2016-05-16,2.754338,,,1.341684,1.740840,3.933884,2.336934,,3.009276,2.918574,,3.864099,3.184705,2.366408,0.946385,2.715286,2.671472
2016-05-17,2.732316,,,1.332416,1.739182,3.850825,2.326282,,2.988475,2.872340,,3.820833,3.142087,2.344059,0.932855,2.728156,2.637960
2016-05-18,2.743756,,,1.322343,1.735389,3.804944,2.352057,,3.003841,2.890537,,3.802361,3.142954,2.352346,0.936537,2.746192,2.647463
2016-05-19,2.729656,,,1.308777,1.715006,3.832747,2.343502,,2.970569,2.858349,,3.807574,3.140302,2.344357,0.934338,2.743215,2.633708
2016-05-20,2.766707,,,1.306896,1.727678,3.830807,2.394808,,3.008618,2.900928,,3.819546,3.165656,2.374704,0.946192,2.774677,2.662719
2016-05-23,2.767292,,,1.311329,1.725896,3.808704,2.404796,,2.988417,2.901228,,3.822975,3.152199,2.373106,0.945758,2.784791,2.659217
2016-05-24,2.823206,,,1.322745,1.750982,3.869880,2.463973,,3.043584,2.977859,,3.872133,3.209594,2.423230,0.966968,2.839290,2.712487
2016-05-25,2.845328,,,1.323551,1.759774,3.891396,2.483700,,3.071837,2.997193,,3.909047,3.223596,2.439082,0.974920,2.886199,2.731994
2016-05-26,2.856385,,,1.325700,1.754777,4.056452,2.488932,,3.086450,2.990566,,3.916349,3.237870,2.453216,0.973751,2.891047,2.739997
2016-05-27,2.875986,,,1.327715,1.759233,4.071941,2.507792,,3.121087,3.008251,,3.934849,3.240975,2.469966,0.977891,2.902766,2.754252
2016-05-31,2.885161,,,1.335103,1.761444,4.078096,2.522678,,3.112139,3.041176,,3.932895,3.249215,2.480811,0.980293,2.929353,2.759504
2016-06-01,2.888918,,,1.321134,1.762156,4.124144,2.527831,,3.112643,3.046590,,3.927351,3.264042,2.484710,0.978932,2.937639,2.759754
2016-06-02,2.905751,,,1.366667,1.763568,4.132777,2.538309,,3.132156,3.077124,,3.958160,3.275082,2.490596,0.979936,2.962501,2.765506
2016-06-03,2.888931,,,1.370025,1.747825,4.141087,2.523011,,3.113392,3.053853,,3.936204,3.267371,2.485335,0.977828,2.943167,2.752501
2016-06-06,2.902697,,,1.372039,1.756626,4.146888,2.526921,,3.136976,3.080302,,3.967253,3.276164,2.482301,0.982684,2.957794,2.762505
2016-06-07,2.904312,,,1.402529,1.766926,4.157881,2.540490,,3.119150,3.004784,,3.997569,3.271002,2.482118,0.982259,2.994088,2.755502
2016-06-08,2.907817,,,1.398365,1.779295,4.169410,2.540521,,3.123308,3.010227,,3.999100,3.292366,2.495923,0.981067,2.989797,2.760254
2016-06-09,2.898691,,,1.394739,1.780103,4.181373,2.538493,,3.094297,2.980386,,3.994045,3.300145,2.504917,0.979155,2.972522,2.755752
2016-06-10,2.850586,,,1.356862,1.754891,4.165240,2.499180,,3.018609,2.937244,,3.927510,3.271032,2.470037,0.971331,2.912669,2.724491
2016-06-13,2.829602,,,1.353370,1.735398,4.114061,2.488469,,2.982095,2.913628,,3.904580,3.258494,2.462876,0.961517,2.904143,2.701733
2016-06-14,2.826207,,,1.346385,1.716048,4.130310,2.492629,,2.966736,2.907118,,3.907152,3.262853,2.466873,0.962112,2.912456,2.701733
2016-06-15,2.826447,,,1.349206,1.712627,4.135019,2.492870,,2.971852,2.890581,,3.917507,3.255490,2.467789,0.957431,2.913839,2.693980
2016-06-16,2.832091,,,1.349340,1.702829,4.178573,2.500938,,2.977665,2.893609,,3.921247,3.260379,2.464828,0.963544,2.937089,2.701983
2016-06-17,2.817158,,,1.339132,1.703851,4.168658,2.492657,,2.953912,2.847835,,3.907122,3.238093,2.428147,0.956970,2.952929,2.670312
2016-06-20,2.846775,,,1.371099,1.722529,4.188615,2.522263,,2.982449,2.864339,,3.953886,3.266607,2.451423,0.959697,3.000301,2.687113
2016-06-21,2.856374,,,1.378890,1.725325,4.212179,2.541097,,2.997256,2.831500,,3.961452,3.270119,2.456839,0.962230,3.018096,2.695639
2016-06-22,2.848309,,,1.382113,1.719927,4.197163,2.529548,,3.001338,2.853029,,3.920558,3.265925,2.441318,0.961709,3.014172,2.689119
2016-06-23,2.900221,,,1.440675,1.743252,4.214367,2.592567,,3.041468,2.911990,,3.964788,3.299393,2.476815,0.975930,3.086044,2.727485
2016-06-24,2.760048,,,1.387620,1.659754,4.111676,2.461409,,2.871374,2.784807,,3.778029,3.204422,2.383493,0.936807,2.909309,2.615146
2016-06-27,2.685065,,,1.356325,1.611091,4.098110,2.373869,,2.786595,2.723635,,3.718519,3.166799,2.344650,0.920881,2.772676,2.563239
2016-06-28,2.748928,,,1.390709,1.645770,4.117842,2.432735,,2.880295,2.791284,,3.783151,3.217393,2.394461,0.941390,2.862348,2.619409
2016-06-29,2.811324,,,1.443093,1.673807,4.201310,2.487882,,2.945693,2.851488,,3.881158,3.269294,2.431475,0.958071,2.938082,2.665799
2016-06-30,2.848383,,,1.449809,1.707022,4.280154,2.534597,,2.970472,2.883214,,3.889630,3.332101,2.454146,0.975413,3.006666,2.696642
2016-07-01,2.859006,,,1.476000,1.727118,4.255838,2.516165,,2.994028,2.930950,0.995618,3.928978,3.343933,2.453819,0.977988,2.990953,2.710183
2016-07-05,2.829744,,,1.463240,1.702232,4.269193,2.480939,,2.954222,2.904710,0.989318,3.909957,3.347062,2.460057,0.972852,2.930756,2.693633
2016-07-06,2.844242,,,1.472777,1.701337,4.289474,2.493814,,2.952074,2.963180,0.984114,3.925315,3.370280,2.479239,0.981266,2.949839,2.715699
2016-07-07,2.866310,,,1.485805,1.716199,4.324260,2.516945,,2.973207,2.995318,0.994796,3.937847,3.394852,2.487470,0.985086,2.979669,2.723723
2016-07-08,2.918015,,,1.536711,1.751973,4.362637,2.574772,,3.011085,3.042372,1.023281,4.003909,3.440938,2.516451,0.999359,3.043061,2.765851
2016-07-11,2.940760,,,1.521802,1.776413,4.359934,2.590304,,3.054744,3.026766,1.044919,4.056388,3.443927,2.551398,1.000975,3.062905,2.781648
2016-07-12,2.974496,,,1.514818,1.818272,4.330461,2.641478,,3.073620,3.040861,1.062449,4.095474,3.428241,2.564683,1.006732,3.185788,2.795691
2016-07-13,2.968820,,,1.505550,1.827394,4.347237,2.650146,,3.062108,3.005659,1.075870,4.065156,3.430974,2.547644,1.005046,3.195246,2.788920
2016-07-14,2.987115,,,1.524085,1.858441,4.350625,2.660182,,3.091131,3.022673,1.094495,4.082987,3.439500,2.560570,1.010778,3.187782,2.807978
2016-07-15,2.981905,,,1.531607,1.849699,4.338678,2.653493,,3.077532,3.066509,1.070666,4.059016,3.425596,2.552383,1.012022,3.180798,2.803464
2016-07-18,3.000030,,,1.527981,1.850730,4.327576,2.673436,,3.107127,3.077960,1.066009,4.088170,3.431922,2.573544,1.014411,3.203041,2.822020
2016-07-19,2.982863,,,1.515758,1.839713,4.339352,2.663391,,3.068751,3.044699,1.078335,4.076987,3.430072,2.580193,1.010658,3.179372,2.811739
2016-07-20,3.014358,,,1.512669,1.852358,4.328224,2.698938,,3.079015,3.121441,1.096960,4.115854,3.455005,2.607200,1.023755,3.219164,2.844588
2016-07-21,3.006843,,,1.503804,1.828295,4.310679,2.681499,,3.078842,3.152110,1.099151,4.106661,3.429443,2.586626,1.026922,3.223811,2.838069
2016-07-22,3.024291,,,1.520056,1.855885,4.344141,2.696832,,3.100591,3.157750,1.024925,4.139301,3.448641,2.600684,1.033172,3.269328,2.849854
2016-07-25,3.031240,,,1.515758,1.852117,4.360918,2.703675,,3.096788,3.169797,1.034785,4.160803,3.454951,2.609809,1.035070,3.266472,2.850105
2016-07-26,3.053100,,,1.509445,1.880517,4.330250,2.742416,,3.126750,3.144972,1.032320,4.183121,3.468268,2.617532,1.027506,3.322758,2.853365
2016-07-27,3.051952,,,1.514415,1.873323,4.269219,2.724733,,3.141352,3.219295,1.019447,4.165177,3.440855,2.621464,1.035348,3.324258,2.873175
2016-07-28,3.058079,,,1.510788,1.880136,4.292236,2.717289,,3.143126,3.226798,1.019447,4.207163,3.442114,2.640873,1.036283,3.332544,2.883205
2016-07-29,3.053283,,,1.544636,1.875074,4.305055,2.690535,,3.149164,3.253125,1.019995,4.207710,3.436011,2.664483,1.035070,3.294386,2.889474
2016-08-01,3.059340,,,1.558202,1.865695,4.302486,2.692897,,3.165901,3.293351,1.015064,4.195176,3.425320,2.665862,1.037921,3.278045,2.904770
2016-08-02,3.026303,,,1.521533,1.822896,4.262712,2.654404,,3.147291,3.307513,1.000822,4.132453,3.393428,2.644586,1.028659,3.237126,2.882703
2016-08-03,3.033612,,,1.520593,1.813834,4.256246,2.659717,,3.167233,3.318149,1.001917,4.142784,3.375307,2.629168,1.029960,3.245626,2.892232
2016-08-04,3.035203,,,1.525697,1.821172,4.251281,2.681750,,3.163644,3.267539,1.021638,4.130372,3.359519,2.646702,1.032045,3.253865,2.900507
2016-08-05,3.067427,,,1.529324,1.850612,4.334339,2.726565,,3.168840,3.281480,1.043550,4.165860,3.390995,2.663961,1.044922,3.313146,2.928341
2016-08-08,3.059268,,,1.544233,1.845582,4.306411,2.720406,,3.162435,3.260394,1.038346,4.161478,3.375053,2.661870,1.042120,3.312220,2.925081
2016-08-09,3.057345,,,1.563574,1.841976,4.322071,2.728876,,3.168537,3.237474,1.043550,4.129874,3.379434,2.687297,1.042847,3.303957,2.931852
2016-08-10,3.050617,,,1.560216,1.832998,4.350699,2.713013,,3.178133,3.194314,1.042728,4.144778,3.383788,2.684354,1.039522,3.274132,2.924329
2016-08-11,3.070132,,,1.560082,1.852468,4.340579,2.731728,,3.200341,3.215030,1.053410,4.171622,3.394478,2.699758,1.042942,3.303482,2.936867
2016-08-12,3.079170,,,1.562365,1.849883,4.335787,2.745913,,3.208092,3.210016,1.054780,4.193741,3.386556,2.722405,1.042241,3.307766,2.938873
2016-08-15,3.102814,,,1.555112,1.870320,4.326494,2.778502,,3.237991,3.229742,1.053410,4.207472,3.387631,2.727991,1.047720,3.347230,2.951411
2016-08-16,3.085390,,,1.535771,1.876533,4.302008,2.766297,,3.229100,3.180075,1.051219,4.177931,3.362560,2.708992,1.044887,3.344301,2.935112
2016-08-17,3.088496,,,1.537383,1.880999,4.310613,2.759955,,3.243224,3.182922,1.044645,4.190415,3.367210,2.709492,1.048670,3.327034,2.940378
2016-08-18,3.103588,,,1.540741,1.893282,4.324547,2.794866,,3.233618,3.186428,1.046836,4.200250,3.371612,2.709733,1.048387,3.348484,2.941130
2016-08-19,3.109694,,,1.520593,1.895994,4.316177,2.821810,,3.216335,3.174915,1.043276,4.210670,3.370196,2.712126,1.046361,3.366048,2.940378
2016-08-22,3.115804,,,1.524220,1.890789,4.319255,2.817815,,3.218933,3.250881,1.043824,4.198158,3.374079,2.717702,1.048853,3.369148,2.942634
2016-08-23,3.126547,,,1.517235,1.895726,4.299699,2.838702,,3.223984,3.256038,1.036976,4.213612,3.375899,2.733012,1.051294,3.387185,2.947900
2016-08-24,3.098613,,,1.521668,1.892289,4.289639,2.812217,,3.199956,3.186509,1.027664,4.184069,3.360250,2.711473,1.047372,3.360471,2.928843
2016-08-25,3.096807,,,1.532816,1.892800,4.194608,2.826853,,3.194689,3.168815,1.027390,4.183152,3.358330,2.707000,1.047151,3.374905,2.924078
2016-08-26,3.107950,,,1.529189,1.889945,4.180359,2.852639,,3.200661,3.194141,1.031224,4.172297,3.365384,2.708963,1.047270,3.396279,2.928341
2016-08-29,3.109218,,,1.534293,1.899006,4.178454,2.861468,,3.206049,3.180391,1.021364,4.159289,3.365302,2.711492,1.047253,3.419363,2.932353
2016-08-30,3.099689,,,1.530801,1.908489,4.170217,2.852454,,3.204087,3.165263,1.013421,4.130464,3.356834,2.696633,1.043898,3.416133,2.922825
2016-08-31,3.094210,,,1.533219,1.888431,4.176972,2.847735,,3.201960,3.152309,1.017529,4.128366,3.362338,2.700205,1.044877,3.406292,2.919815
2016-09-01,3.105487,,,1.533622,1.883237,4.133951,2.863824,,3.229382,3.154066,1.008765,4.147373,3.362870,2.719353,1.047149,3.402135,2.927338
2016-09-02,3.115558,,,1.556321,1.890406,4.145768,2.869082,,3.265164,3.163622,1.015338,4.134637,3.377805,2.714153,1.048482,3.425467,2.936867
2016-09-06,3.128734,,,1.579827,1.883253,4.153513,2.871852,,3.304930,3.189571,1.018351,4.142679,3.374304,2.732935,1.051619,3.428506,2.955172
2016-09-07,3.130967,,,1.591243,1.900781,4.108962,2.883480,,3.294008,3.187480,1.056149,4.135087,3.373058,2.718810,1.051642,3.478864,2.956928
2016-09-08,3.114871,,,1.576066,1.904002,4.085926,2.865929,,3.287438,3.195544,1.075596,4.074414,3.351410,2.709830,1.046124,3.469373,2.939625
2016-09-09,3.031966,,,1.481776,1.854258,3.985998,2.785223,,3.200107,3.097989,1.041085,3.992818,3.281566,2.621807,1.021796,3.385634,2.865652
2016-09-12,3.089327,,,1.497759,1.875044,4.054282,2.832743,,3.280228,3.179631,1.061901,4.051503,3.316971,2.681096,1.041522,3.449769,2.917057
2016-09-13,3.051061,,,1.463912,1.852450,3.984934,2.802235,,3.232925,3.125462,1.091756,4.008160,3.270482,2.654287,1.032830,3.411449,2.890978
2016-09-14,3.053831,,,1.460420,1.845398,3.983517,2.811191,,3.240476,3.128133,1.094495,3.998643,3.259789,2.668195,1.036673,3.402375,2.904770
2016-09-15,3.095525,,,1.462703,1.856854,4.041031,2.865811,,3.281530,3.174201,1.118324,4.024821,3.302969,2.701785,1.054303,3.444242,2.949906
2016-09-16,3.086340,,,1.455181,1.835785,4.026194,2.858726,,3.264991,3.191731,1.114763,4.008535,3.285687,2.701452,1.054837,3.456382,2.948499
2016-09-19,3.084499,,,1.482044,1.840176,4.002131,2.858204,,3.272656,3.188927,1.095864,3.994565,3.284113,2.724502,1.047397,3.448776,2.935678
2016-09-20,3.087437,,,1.466732,1.832343,3.997917,2.852741,,3.272621,3.225197,1.087099,4.009565,3.298254,2.713366,1.053394,3.445886,2.941208
2016-09-21,3.127195,,,1.484731,1.842476,4.011538,2.905790,,3.320261,3.247556,1.103533,4.051330,3.337017,2.751354,1.062319,3.498900,2.970118
2016-09-22,3.149454,,,1.513743,1.854882,4.044378,2.914102,,3.353025,3.277852,1.109011,4.089069,3.365138,2.760668,1.067900,3.508186,2.993748
2016-09-23,3.136067,,,1.502863,1.855846,4.032887,2.889905,,3.343755,3.259568,1.097508,4.091388,3.342255,2.733857,1.060884,3.484965,2.974643
2016-09-26,3.109464,,,1.496282,1.842393,4.009170,2.871736,,3.294229,3.225437,1.104903,4.062648,3.313244,2.709765,1.051883,3.473043,2.949756
2016-09-27,3.145360,,,1.502863,1.856755,4.025322,2.916383,,3.325319,3.254873,1.124623,4.111320,3.335213,2.754591,1.057377,3.520842,2.978916
2016-09-28,3.146048,,,1.519653,1.873910,4.015027,2.910865,,3.334081,3.254900,1.122158,4.107251,3.315038,2.742779,1.058596,3.529172,2.983944
2016-09-29,3.127016,,,1.498968,1.865452,3.962498,2.924498,,3.289257,3.186790,1.106272,4.087650,3.292686,2.735538,1.054741,3.527915,2.962325
2016-09-30,3.156649,,,1.506490,1.895409,4.035778,2.948828,,3.323051,3.227984,1.122158,4.102259,3.327709,2.748479,1.065091,3.554671,2.984447
2016-10-03,3.160379,,,1.501386,1.908972,4.022283,2.943904,,3.340090,3.227669,1.111750,4.115934,3.310375,2.750526,1.059949,3.553866,2.980173
2016-10-04,3.155820,,,1.500311,1.897927,3.964429,2.941901,,3.339105,3.211726,1.116954,4.129444,3.290277,2.749131,1.055159,3.535089,2.975648
2016-10-05,3.169522,,,1.464718,1.914397,3.939724,2.965331,,3.347253,3.231416,1.107642,4.143934,3.291718,2.769626,1.057355,3.550009,2.986206
2016-10-06,3.165229,,,1.471568,1.926276,3.976961,2.967455,,3.334484,3.194410,1.100520,4.136153,3.298327,2.779530,1.056307,3.537637,2.984698
2016-10-07,3.152337,,,1.466464,1.912452,3.966891,2.961333,,3.310094,3.205793,1.092303,4.101686,3.289704,2.757844,1.057123,3.525377,2.978162
2016-10-10,3.164882,,,1.475194,1.918861,3.986476,2.964885,,3.333044,3.211582,1.091756,4.130934,3.307634,2.772904,1.060282,3.529572,2.997016
2016-10-11,3.098395,,,1.457062,1.877452,3.941986,2.906706,,3.276791,3.053713,1.073405,4.074798,3.261692,2.716105,1.045143,3.429661,2.954280
2016-10-12,3.092565,,,1.484193,1.858428,3.953286,2.904446,,3.276706,3.001722,1.082717,4.087096,3.271966,2.725884,1.042540,3.422951,2.951767
2016-10-13,3.086536,,,1.493461,1.875970,3.953362,2.885813,,3.256049,3.002139,1.073678,4.104870,3.269126,2.733305,1.039865,3.398194,2.941208
2016-10-14,3.083642,,,1.502863,1.869791,3.953439,2.893843,,3.254463,2.967058,1.074774,4.100417,3.274642,2.735905,1.042938,3.399459,2.944728
2016-10-17,3.073741,,,1.488626,1.868598,3.936436,2.879801,,3.246997,2.974382,1.081348,4.077607,3.262713,2.721427,1.041129,3.385206,2.936683
2016-10-18,3.106910,,,1.495610,1.879917,3.953179,2.908470,,3.306030,3.015082,1.090934,4.106267,3.272102,2.749146,1.046170,3.411275,2.962828
2016-10-19,3.112458,,,1.505012,1.900956,3.957046,2.900252,,3.329270,2.985953,1.102164,4.139024,3.256558,2.754086,1.037532,3.396588,2.962576
2016-10-20,3.109031,,,1.498028,1.886686,3.944445,2.910757,,3.326513,2.993000,1.098055,4.103975,3.243520,2.774535,1.040000,3.429679,2.959057
2016-10-21,3.113119,,,1.524488,1.882908,3.942545,2.907128,,3.351776,2.950504,1.209258,4.117854,3.237265,2.778226,1.041633,3.419980,2.970118
2016-10-24,3.143537,,,1.547188,1.892783,3.993589,2.947836,,3.400324,2.947924,1.201589,4.141235,3.272143,2.835145,1.050179,3.446759,3.005814
2016-10-25,3.126979,,,1.546382,1.883064,3.982303,2.940022,,3.373809,2.923366,1.186250,4.116929,3.254620,2.823022,1.046717,3.426097,2.996262
2016-10-26,3.124104,,,1.548128,1.877655,3.999351,2.956593,,3.348991,2.934492,1.159408,4.082817,3.231982,2.801174,1.043187,3.450886,2.975900
2016-10-27,3.101012,,,1.540069,1.876242,3.947791,2.949825,,3.321302,2.918754,1.141879,4.015852,3.170996,2.771338,1.042574,3.456303,2.962325
2016-10-28,3.105303,,,1.527309,1.881516,3.980399,2.950354,,3.336139,2.876770,1.143796,4.048698,3.196291,2.758084,1.027832,3.455563,2.943722
2016-10-31,3.105501,,,1.521533,1.889315,3.979558,2.963659,,3.329111,2.843520,1.141057,4.053555,3.204318,2.760288,1.025762,3.455865,2.940957
2016-11-01,3.079774,,,1.489432,1.869982,3.947323,2.929837,,3.293094,2.875303,1.137770,4.006449,3.185996,2.723747,1.017949,3.418040,2.918835
2016-11-02,3.057085,,,1.442958,1.877123,3.947079,2.912438,,3.255051,2.850759,1.132566,3.969089,3.191843,2.695237,1.011648,3.388010,2.895456
2016-11-03,3.038448,,,1.449809,1.881369,3.872204,2.902202,,3.238240,2.804639,1.128184,3.951271,3.172687,2.678442,0.999810,3.376021,2.867050
2016-11-04,3.033413,,,1.423617,1.890133,3.795873,2.881519,,3.235842,2.848333,1.120241,3.954878,3.152638,2.664767,0.996332,3.348767,2.856994
2016-11-07,3.108969,,,1.445107,1.946600,3.874286,2.966585,,3.296109,2.947836,1.130649,4.028066,3.206585,2.749497,1.021606,3.438517,2.924868
2016-11-08,3.129141,,,1.463374,1.946530,3.942194,2.973896,,3.334461,2.954079,1.138866,4.064395,3.238554,2.765675,1.026052,3.449443,2.943974
2016-11-09,3.143372,,,1.390978,2.022478,3.863982,2.969508,,3.343317,3.132549,1.130101,3.993993,3.223358,2.745531,1.033974,3.497366,2.957548
2016-11-10,3.124507,,,1.343162,2.057052,3.773930,2.944976,,3.309695,3.163907,1.107916,3.964733,3.205116,2.677441,1.019890,3.502981,2.909785
2016-11-11,3.145210,,,1.329999,2.050055,3.771179,3.002153,,3.337211,3.122264,1.097781,3.977296,3.215287,2.767908,1.021344,3.519400,2.911042
2016-11-14,3.136463,,,1.301658,2.065658,3.764473,2.991577,,3.297324,3.155870,1.062996,3.971652,3.221903,2.722430,1.014123,3.535149,2.881630
2016-11-15,3.167841,,,1.303673,2.082339,3.809290,3.025231,,3.324264,3.142630,1.066557,4.049357,3.249150,2.776180,1.024977,3.546775,2.921600
2016-11-16,3.179057,,,1.332953,2.068909,3.850585,3.046751,,3.348540,3.104163,1.070118,4.062649,3.265440,2.807382,1.030825,3.540081,2.938946
2016-11-17,3.210935,,,1.351623,2.083260,3.866868,3.083652,,3.386511,3.117829,1.092303,4.105613,3.296184,2.839507,1.030752,3.530287,2.960314
2016-11-18,3.198967,,,1.353235,2.085313,3.855537,3.090411,,3.356849,3.075182,1.097781,4.084915,3.285145,2.817161,1.029002,3.524931,2.949253
2016-11-21,3.227018,,,1.364921,2.100928,3.907230,3.115372,,3.396716,3.091704,1.112846,4.115965,3.315968,2.847670,1.035004,3.562052,2.979922
2016-11-22,3.244401,,,1.369756,2.117346,4.020525,3.130582,,3.415845,3.053457,1.104629,4.156584,3.325488,2.861173,1.040170,3.581999,2.988972
2016-11-23,3.240274,,,1.349743,2.129819,3.974830,3.122475,,3.412128,3.064679,1.096960,4.155664,3.322829,2.859694,1.036711,3.582223,2.976905
2016-11-25,3.256027,,,1.357668,2.139855,4.000624,3.136256,,3.417179,3.072934,1.102712,4.196409,3.334473,2.896828,1.041082,3.603528,2.986458
2016-11-28,3.240995,,,1.338058,2.125984,4.004692,3.133778,,3.395838,3.047003,1.094495,4.165180,3.319995,2.871173,1.038887,3.577923,2.979670
2016-11-29,3.248392,,,1.340610,2.137623,4.012925,3.134661,,3.421025,3.042260,1.092577,4.174644,3.349259,2.886356,1.041164,3.598388,2.989977
2016-11-30,3.214714,,,1.329193,2.151538,3.935581,3.115983,,3.373194,2.973164,1.075870,4.137996,3.308526,2.849974,1.032955,3.607349,2.953778
2016-12-01,3.150644,,,1.290778,2.158129,3.891591,3.009302,,3.325864,2.919644,1.050123,4.088331,3.293461,2.758029,1.017681,3.517736,2.902746
2016-12-02,3.155496,,,1.298434,2.162442,3.928703,3.037475,,3.303640,2.916944,1.057792,4.067178,3.267013,2.775849,1.018595,3.541195,2.908528
2016-12-05,3.181781,,,1.317104,2.185821,3.930156,3.063485,,3.335058,2.919980,1.067927,4.118293,3.293111,2.816290,1.022392,3.564856,2.931153
2016-12-06,3.193845,,,1.313746,2.178481,3.904295,3.088409,,3.362002,2.928388,1.067653,4.113631,3.292516,2.822151,1.024233,3.567850,2.938192
2016-12-07,3.244635,,,1.348266,2.242378,3.973920,3.165654,,3.420044,2.866083,1.080526,4.184378,3.347749,2.874257,1.038277,3.673906,2.975397
2016-12-08,3.251812,,,1.333625,2.240757,3.943656,3.171505,,3.432288,2.896158,1.084908,4.188449,3.367402,2.885390,1.036920,3.666568,2.980676
2016-12-09,3.258172,,,1.323686,2.251123,4.004067,3.167069,,3.437801,2.900045,1.086004,4.205146,3.381329,2.879420,1.046201,3.675343,3.004055
2016-12-12,3.239930,,,1.339804,2.225185,4.013737,3.146815,,3.398695,2.917555,1.079978,4.173529,3.370488,2.850887,1.049537,3.662350,2.990480
2016-12-13,3.273205,,,1.386008,2.228393,4.039782,3.183144,,3.443126,2.948120,1.079978,4.207990,3.399861,2.877669,1.065774,3.720911,3.028188
2016-12-14,3.260955,,,1.361429,2.205968,3.994533,3.174693,,3.439007,2.963559,1.083265,4.170199,3.389717,2.876504,1.061149,3.684200,3.021903
2016-12-15,3.272254,,,1.369487,2.206344,4.058934,3.207733,,3.421703,2.984144,1.082991,4.150286,3.395597,2.900507,1.063756,3.687105,3.026679
2016-12-16,3.260261,,,1.367070,2.190071,4.054288,3.179863,,3.421927,2.969087,1.076965,4.159894,3.402940,2.883768,1.057909,3.653374,3.015460
2016-12-19,3.267172,,,1.406693,2.203353,4.064233,3.205264,,3.441310,2.933829,1.080252,4.136374,3.421517,2.889269,1.063762,3.668929,3.027814
2016-12-20,3.286100,,,1.395948,2.223289,4.057276,3.221643,,3.457247,2.939400,1.088469,4.188476,3.442212,2.910004,1.063762,3.675435,3.039412
2016-12-21,3.279336,,,1.404544,2.218540,4.093514,3.217811,,3.458704,2.907763,1.098055,4.166837,3.431654,2.915570,1.062257,3.671718,3.037143
2016-12-22,3.270502,,,1.405350,2.209408,4.049458,3.231603,,3.438879,2.908555,1.086826,4.124938,3.420770,2.903233,1.060625,3.671832,3.028570
2016-12-23,3.283601,,,1.408171,2.210216,4.051337,3.242607,,3.451276,2.951807,1.084087,4.130726,3.421446,2.926968,1.061803,3.677579,3.030587
2016-12-27,3.299644,,,1.414752,2.217245,4.045137,3.265455,,3.463789,2.961696,1.087921,4.155910,3.426949,2.952312,1.064749,3.680381,3.046219
2016-12-28,3.267541,,,1.398231,2.188635,4.019428,3.221647,,3.443182,2.933293,1.083813,4.123956,3.403496,2.909000,1.055470,3.643253,3.022519
2016-12-29,3.262165,,,1.396216,2.176026,4.026626,3.215102,,3.438082,2.927851,1.094495,4.117586,3.398571,2.914718,1.055288,3.637404,3.018233
2016-12-30,3.229507,,,1.386949,2.159143,3.992775,3.179789,,3.398749,2.898906,1.081074,4.083429,3.370629,2.868710,1.044624,3.612106,2.987221
2017-01-03,3.263845,,,1.417438,2.165172,4.026573,3.202447,,3.435894,2.976228,1.102438,4.116408,3.383519,2.876833,1.054139,3.675993,3.013947
2017-01-04,3.295719,,,1.419453,2.189246,4.050510,3.213832,,3.483070,3.012763,1.122980,4.180012,3.405454,2.910860,1.059889,3.701812,3.030335
2017-01-05,3.307608,,,1.400649,2.172106,4.054265,3.209750,,3.524909,3.019563,1.124623,4.221299,3.428111,2.939998,1.062153,3.738506,3.047480
2017-01-06,3.324820,,,1.390441,2.189101,4.032804,3.231015,,3.539739,3.040133,1.135305,4.245659,3.444110,2.938412,1.068432,3.744863,3.074206
2017-01-09,3.337286,,,1.383322,2.179120,3.993679,3.240887,,3.546683,3.107888,1.133936,4.257484,3.433280,2.966427,1.072393,3.744285,3.084291
2017-01-10,3.357062,,,1.378084,2.211085,3.978624,3.248013,,3.563705,3.182275,1.125171,4.273850,3.439987,2.983072,1.071625,3.736213,3.091098
2017-01-11,3.362881,,,1.406424,2.234924,4.009552,3.262298,,3.576142,3.126076,1.130649,4.280320,3.452141,2.979636,1.073068,3.740067,3.099419
2017-01-12,3.355134,,,1.411931,2.233860,3.995160,3.251716,,3.561972,3.124301,1.138318,4.274881,3.458809,2.964594,1.068965,3.735883,3.094628
2017-01-13,3.371328,,,1.417976,2.244733,4.008210,3.268527,,3.583830,3.133969,1.139414,4.295279,3.479032,2.987904,1.070236,3.750659,3.105218
2017-01-17,3.357773,,,1.417976,2.220145,4.045929,3.242282,,3.578278,3.091994,1.130375,4.312861,3.463603,2.991387,1.067782,3.746640,3.095889
2017-01-18,3.375805,,,1.437989,2.233646,4.023272,3.270515,,3.594285,3.112909,1.132566,4.324234,3.459724,3.008561,1.070804,3.760252,3.102192
2017-01-19,3.381887,,,1.420528,2.325437,3.995099,3.266117,,3.621638,3.092864,1.130375,4.315719,3.480523,3.023480,1.065451,3.726250,3.100679
2017-01-20,3.397841,,,1.417438,2.331377,4.024762,3.302486,,3.635314,3.083400,1.141879,4.314032,3.502961,3.022682,1.066808,3.734333,3.107487
2017-01-23,3.393212,,,1.408171,2.331398,4.000887,3.282886,,3.672864,3.060248,1.139962,4.313373,3.495815,3.002120,1.052061,3.685701,3.110008
2017-01-24,3.424049,,,1.398231,2.357346,4.021964,3.336943,,3.677482,3.065368,1.149274,4.359625,3.524421,3.042480,1.056444,3.742301,3.130935
2017-01-25,3.455033,,,1.390172,2.386938,4.017930,3.387882,,3.677579,3.116671,1.142427,4.388777,3.528233,3.071204,1.068275,3.827944,3.162451
2017-01-26,3.449545,,,1.409111,2.404665,3.998094,3.370474,,3.716080,3.106247,1.136675,4.349003,3.536598,3.032418,1.069737,3.735890,3.165728
2017-01-27,3.457585,,,1.397291,2.369221,3.951938,3.402856,,3.714159,3.138454,1.102985,4.349927,3.534431,3.053339,1.070309,3.771108,3.171780
2017-01-30,3.436213,,,1.400917,2.346792,3.973999,3.383908,,3.683325,3.099954,1.091756,4.331488,3.524059,3.020830,1.063722,3.756766,3.147071
2017-01-31,3.432842,,,1.413812,2.321544,4.000272,3.366817,,3.677225,3.149803,1.089565,4.314197,3.512676,3.026891,1.061878,3.757198,3.140768
2017-02-01,3.431724,,,1.395008,2.330054,3.952201,3.370739,,3.681112,3.184396,1.076691,4.282463,3.454785,3.069653,1.065172,3.723200,3.162451
2017-02-02,3.430117,,,1.402126,2.311250,3.995060,3.379907,,3.660021,3.157988,1.084087,4.292470,3.474473,3.056567,1.064905,3.743709,3.159677
2017-02-03,3.448991,,,1.419587,2.332278,4.018757,3.402288,,3.676772,3.174958,1.084360,4.306445,3.495448,3.078218,1.077227,3.783440,3.168754
2017-02-06,3.447487,,,1.402261,2.357155,3.986365,3.395979,,3.665663,3.179382,1.088469,4.318436,3.488657,3.073593,1.074416,3.762344,3.172536
2017-02-07,3.457735,,,1.407499,2.350046,3.995729,3.418709,,3.668316,3.178298,1.096138,4.330432,3.490691,3.092090,1.077476,3.776176,3.184134
2017-02-08,3.465143,,,1.435302,2.349665,4.041781,3.406176,,3.680732,3.173951,1.119693,4.366693,3.499233,3.088111,1.069734,3.784024,3.189429
2017-02-09,3.483186,,,1.445645,2.377746,4.094324,3.419110,,3.693302,3.185964,1.118324,4.392902,3.525435,3.091290,1.069527,3.798096,3.201026
2017-02-10,3.494996,,,1.436646,2.388340,4.098619,3.415887,,3.746207,3.184943,1.111476,4.409080,3.539963,3.078315,1.071670,3.802815,3.211616
2017-02-13,3.508936,,,1.472374,2.408030,4.088260,3.435234,,3.745740,3.215348,1.127636,4.411471,3.560060,3.060551,1.079990,3.841339,3.229769
2017-02-14,3.511051,,,1.460420,2.405015,4.118896,3.430056,,3.727243,3.240846,1.139962,4.426694,3.575756,3.054006,1.084807,3.850126,3.240611
2017-02-15,3.530168,,,1.454644,2.399772,4.123427,3.446699,,3.750806,3.271219,1.146809,4.459478,3.580204,3.053376,1.095911,3.883227,3.259772
2017-02-16,3.522064,,,1.463106,2.394433,4.047132,3.456446,,3.784289,3.247399,1.154478,4.392255,3.587454,3.038772,1.094513,3.876855,3.258764
2017-02-17,3.540165,,,1.456927,2.407788,4.145527,3.465871,,3.811832,3.252643,1.149274,4.411293,3.596016,3.080959,1.108369,3.924078,3.272883
2017-02-21,3.562741,,,1.487014,2.413036,4.187889,3.490624,,3.840449,3.258090,1.162147,4.436931,3.605060,3.107642,1.107892,3.927278,3.289019
2017-02-22,3.565598,,,1.499774,2.380962,4.152798,3.492487,,3.872869,3.246956,1.161873,4.450705,3.603491,3.097369,1.103869,3.916441,3.290280
2017-02-23,3.542171,,,1.493461,2.363201,4.139596,3.478743,,3.839374,3.237823,1.164886,4.393784,3.619122,3.047247,1.104337,3.924629,3.277926
2017-02-24,3.556062,,,1.493058,2.381609,4.170782,3.500766,,3.831959,3.263065,1.179677,4.396702,3.665824,3.060905,1.109029,3.952608,3.284229
2017-02-27,3.565140,,,1.514952,2.387092,4.092945,3.509878,,3.832974,3.332079,1.167899,4.396124,3.647206,3.077244,1.104855,3.939333,3.288263
2017-02-28,3.555121,,,1.554978,2.372394,4.059579,3.495189,,3.818295,3.341513,1.150370,4.390201,3.634628,3.050452,1.103205,3.935963,3.278178
2017-03-01,3.589407,,,1.549471,2.420138,4.082420,3.552161,,3.840198,3.357972,1.162147,4.407922,3.671352,3.109658,1.110634,3.967618,3.313980
2017-03-02,3.575770,,,1.548397,2.379948,4.190548,3.529459,,3.805371,3.349443,1.171460,4.402028,3.660882,3.072824,1.106334,3.944230,3.297340
2017-03-03,3.582264,,,1.544367,2.421838,4.160535,3.538945,,3.789383,3.378803,1.178581,4.401596,3.650881,3.101037,1.107870,3.954499,3.303391
2017-03-06,3.568605,,,1.546919,2.404409,4.107362,3.528131,,3.790885,3.354895,1.174199,4.385093,3.634994,3.083528,1.105549,3.935104,3.296079
2017-03-07,3.555826,,,1.550143,2.367648,4.084967,3.525907,,3.793213,3.317148,1.174747,4.366137,3.623666,3.075067,1.103519,3.924036,3.290532
2017-03-08,3.565795,,,1.539935,2.352735,4.096297,3.533314,,3.788629,3.342795,1.172008,4.404044,3.613741,3.077310,1.105331,3.935491,3.296331
2017-03-09,3.561963,,,1.565992,2.316195,4.105207,3.526397,,3.788972,3.361141,1.175568,4.392018,3.606133,3.073173,1.106186,3.910750,3.298852
2017-03-10,3.587972,,,1.582244,2.336390,4.095557,3.557034,,3.806305,3.404071,1.177486,4.422788,3.609371,3.123788,1.110218,3.940049,3.312719
2017-03-13,3.605080,,,1.580095,2.328415,4.083205,3.575563,,3.856312,3.406153,1.166530,4.442709,3.610480,3.159161,1.106161,3.944318,3.318266
2017-03-14,3.592004,,,1.559679,2.300848,4.072005,3.562288,,3.841920,3.397153,1.153109,4.439910,3.601189,3.151004,1.105181,3.928139,3.310198
2017-03-15,3.619729,,,1.567335,2.334741,4.116694,3.589794,,3.869909,3.433285,1.161052,4.454751,3.621799,3.185972,1.112506,3.964390,3.330621
2017-03-16,3.615935,,,1.559948,2.330291,4.140741,3.587915,,3.882073,3.367227,1.161326,4.470382,3.620913,3.172896,1.111220,3.970512,3.328351
2017-03-17,3.620504,,,1.553366,2.333478,4.129629,3.592055,,3.903744,3.336391,1.179951,4.489441,3.636695,3.170633,1.102820,3.973174,3.327189
2017-03-20,3.618032,,,1.572305,2.328492,4.116089,3.597070,,3.893156,3.338436,1.182142,4.477459,3.623909,3.187027,1.105330,3.962855,3.330221
2017-03-21,3.551745,,,1.572574,2.278495,4.090982,3.528649,,3.812972,3.282435,1.167899,4.386949,3.582048,3.091609,1.092047,3.892260,3.279690
2017-03-22,3.574544,,,1.569887,2.292463,4.110741,3.563468,,3.812242,3.301303,1.182964,4.423448,3.592905,3.131831,1.097972,3.926429,3.301924
2017-03-23,3.573160,,,1.586677,2.294865,4.099298,3.561996,,3.811460,3.277157,1.181594,4.438754,3.578950,3.138206,1.095662,3.929291,3.293586
2017-03-24,3.587060,,,1.588826,2.297022,4.100581,3.582158,,3.815708,3.300565,1.181320,4.456960,3.583090,3.176731,1.096386,3.941968,3.300408
2017-03-27,3.590733,,,1.582244,2.281674,4.104868,3.578858,,3.826595,3.323040,1.179951,4.464632,3.573520,3.177403,1.094086,3.936508,3.305714
2017-03-28,3.606287,,,1.592318,2.316190,4.118682,3.593033,,3.840045,3.312085,1.181868,4.498171,3.577081,3.191377,1.098479,3.952079,3.325926
2017-03-29,3.627743,,,1.608839,2.317862,4.152504,3.595007,,3.867859,3.385624,1.184333,4.518423,3.571354,3.206734,1.098265,3.954227,3.341338
2017-03-30,3.634711,,,1.597288,2.327654,4.135105,3.603083,,3.890181,3.377007,1.192550,4.526365,3.574291,3.226936,1.101224,3.976696,3.346896
2017-03-31,3.626201,,,1.616764,2.317881,4.115854,3.594403,,3.892672,3.369789,1.178307,4.506712,3.576003,3.204869,1.102764,3.970227,3.344622
2017-04-03,3.611792,,,1.605750,2.308580,4.097614,3.573724,,3.872545,3.360233,1.167625,4.507467,3.566113,3.206921,1.101476,3.946796,3.342601
2017-04-04,3.611765,,,1.604272,2.301542,4.113692,3.574737,,3.872916,3.379334,1.170090,4.487123,3.565909,3.187341,1.105213,3.944416,3.347907
2017-04-05,3.597558,,,1.599437,2.302271,4.116501,3.557894,,3.859576,3.355286,1.174747,4.467188,3.557908,3.169631,1.099441,3.933753,3.334264
2017-04-06,3.609687,,,1.612734,2.308759,4.136486,3.569849,,3.862166,3.361534,1.175021,4.496808,3.573244,3.188255,1.101952,3.931148,3.336032
2017-04-07,3.611945,,,1.627509,2.299301,4.135589,3.579532,,3.852379,3.385967,1.178855,4.484001,3.574816,3.197987,1.099742,3.926167,3.334264
2017-04-10,3.613239,,,1.638523,2.313564,4.145193,3.571485,,3.842191,3.367141,1.179129,4.522677,3.574593,3.162674,1.097460,3.940287,3.335527
2017-04-11,3.605936,,,1.666058,2.325893,4.120080,3.563627,,3.831923,3.367186,1.169269,4.503887,3.571870,3.147116,1.094089,3.951080,3.321126
2017-04-12,3.582302,,,1.653029,2.265576,4.135377,3.525924,,3.834727,3.367625,1.163791,4.465982,3.558914,3.116860,1.094442,3.932854,3.307735
2017-04-13,3.570157,,,1.662834,2.244357,4.102124,3.508082,,3.829325,3.382426,1.165434,4.443733,3.543693,3.107524,1.088487,3.898907,3.294597
2017-04-17,3.592358,,,1.678549,2.274242,4.114863,3.537219,,3.852568,3.365493,1.180498,4.479265,3.571086,3.109163,1.093442,3.917327,3.321884
2017-04-18,3.588766,,,1.680967,2.244096,4.148315,3.538649,,3.847312,3.345706,1.180225,4.482939,3.583461,3.097238,1.094303,3.920106,3.316830
2017-04-19,3.604083,,,1.679892,2.268391,4.142394,3.557371,,3.862054,3.372836,1.185976,4.485528,3.587083,3.111812,1.096208,3.914472,3.322136
2017-04-20,3.635121,,,1.669281,2.315041,4.179447,3.594288,,3.893512,3.389289,1.196658,4.510201,3.612833,3.160737,1.104858,3.929721,3.349928
2017-04-21,3.624822,,,1.662565,2.329127,4.163373,3.588483,,3.889319,3.362829,1.199945,4.481870,3.624588,3.158339,1.106443,3.866838,3.349170
2017-04-24,3.665585,,,1.658267,2.356179,4.199866,3.633460,,3.934337,3.417498,1.212545,4.514056,3.658684,3.181412,1.116924,3.907017,3.389595
2017-04-25,3.697403,,,1.665789,2.356797,4.208970,3.660988,,4.001094,3.446047,1.224596,4.547036,3.675500,3.216635,1.123800,3.937980,3.414102
2017-04-26,3.689369,,,1.660819,2.352396,4.215370,3.620226,,3.995672,3.457526,1.216379,4.582395,3.682667,3.182239,1.125494,3.880667,3.409302
2017-04-27,3.702986,,,1.683384,2.335236,4.233199,3.649782,,4.002815,3.455161,1.291427,4.581480,3.727625,3.218723,1.131157,3.895002,3.429766
2017-04-28,3.693494,,,1.698965,2.310196,4.228012,3.635057,,3.986403,3.472654,1.307039,4.568501,3.722613,3.218368,1.123774,3.876715,3.435830
2017-05-01,3.708521,,,1.709173,2.304937,4.166893,3.660121,,4.004868,3.492771,1.302109,4.594990,3.726093,3.254437,1.125325,3.861083,3.466401
2017-05-02,3.720010,,,1.732410,2.339781,4.171932,3.664073,,3.990902,3.495303,1.343468,4.636156,3.733924,3.216572,1.128538,3.882867,3.472212
2017-05-03,3.696186,,,1.717098,2.306620,4.210514,3.641029,,3.929361,3.496350,1.342646,4.615541,3.681332,3.209649,1.120329,3.875729,3.461095
2017-05-04,3.704621,,,1.721799,2.315584,4.247649,3.648019,,3.918318,3.533356,1.339633,4.617881,3.711871,3.210443,1.120411,3.896051,3.462359
2017-05-05,3.724365,,,1.741006,2.341780,4.260889,3.668163,,3.965564,3.491932,1.350315,4.651256,3.723224,3.237455,1.128858,3.917652,3.474991
2017-05-08,3.710009,,,1.765183,2.333648,4.273658,3.655944,,3.921496,3.439665,1.346754,4.679257,3.714276,3.205491,1.125766,3.900868,3.482571
2017-05-09,3.727179,,,1.742752,2.352370,4.262073,3.671133,,3.911123,3.462021,1.348124,4.745104,3.709838,3.221359,1.126083,3.899857,3.494698
2017-05-10,3.735102,,,1.735230,2.348053,4.258229,3.707116,,3.907107,3.433957,1.363736,4.748508,3.693570,3.307267,1.120976,3.896467,3.496720
2017-05-11,3.721455,,,1.715486,2.325160,4.250034,3.698645,,3.908053,3.426800,1.361271,4.705257,3.689460,3.299686,1.117898,3.867621,3.493940
2017-05-12,3.720150,,,1.712934,2.308277,4.242301,3.706415,,3.901633,3.421317,1.352232,4.708401,3.683540,3.283049,1.114498,3.879623,3.501773
2017-05-15,3.743017,,,1.751617,2.312312,4.261768,3.752338,,3.910681,3.451093,1.363188,4.701586,3.715708,3.329775,1.118894,3.890637,3.512889
2017-05-16,3.750863,,,1.756452,2.314303,4.219064,3.769688,,3.919353,3.463893,1.378800,4.702750,3.707716,3.342639,1.119336,3.912986,3.527543
2017-05-17,3.668255,,,1.800911,2.254246,4.196356,3.655827,,3.841141,3.410596,1.343468,4.603320,3.663578,3.225072,1.100659,3.859547,3.437851
2017-05-18,3.698723,,,1.772973,2.257929,4.222928,3.682974,,3.879287,3.466279,1.345111,4.639168,3.664047,3.291153,1.099416,3.852173,3.467917
2017-05-19,3.725684,,,1.783718,2.280515,4.265452,3.718850,,3.915200,3.465025,1.352780,4.659691,3.685883,3.313756,1.101828,3.874139,3.482571
2017-05-22,3.759743,,,1.797553,2.311780,4.309726,3.763848,,3.963656,3.492482,1.363188,4.659872,3.716447,3.367601,1.106897,3.911142,3.511879
2017-05-23,3.752261,,,1.804000,2.315213,4.312863,3.764914,,3.965630,3.487476,1.373048,4.606179,3.726110,3.380004,1.111668,3.913844,3.515416
2017-05-24,3.767273,,,1.800777,2.319059,4.323052,3.787670,,3.978356,3.498620,1.398247,4.617947,3.748273,3.414862,1.118400,3.921860,3.531586
2017-05-25,3.799579,,,1.820655,2.345117,4.364627,3.816178,,4.017533,3.504491,1.394960,4.676857,3.786744,3.442252,1.125183,3.928735,3.561651
2017-05-26,3.809626,,,1.826968,2.353250,4.376916,3.816497,,4.042121,3.500494,1.402082,4.701821,3.800854,3.452255,1.129112,3.932034,3.567968
2017-05-30,3.811788,,,1.853294,2.348816,4.371138,3.841280,,4.029444,3.475008,1.398521,4.701174,3.812944,3.466068,1.129721,3.935774,3.571000
2017-05-31,3.816033,,,1.855981,2.353179,4.372553,3.844065,,4.019573,3.504986,1.430019,4.697846,3.819631,3.466978,1.133245,3.944937,3.569736
2017-06-01,3.845907,,,1.856921,2.374933,4.424587,3.846893,,4.066736,3.550046,1.456039,4.748800,3.830854,3.492207,1.136405,3.952888,3.583632
2017-06-02,3.871332,,,1.862831,2.386247,4.442287,3.871923,,4.098088,3.602964,1.465900,4.758779,3.859154,3.509866,1.151002,3.966405,3.624562
2017-06-05,3.860242,,,1.852623,2.379455,4.427733,3.864140,,4.074684,3.581233,1.473569,4.760199,3.863777,3.504467,1.146887,3.967948,3.623804
2017-06-06,3.837265,,,1.839997,2.360644,4.385865,3.861623,,4.042620,3.550086,1.462613,4.715391,3.843951,3.520439,1.143469,3.924811,3.609403
2017-06-07,3.848891,,,1.825357,2.365960,4.378780,3.882183,,4.063214,3.543741,1.474938,4.725519,3.850681,3.555046,1.146124,3.916298,3.623551
2017-06-08,3.857485,,,1.803463,2.375750,4.343854,3.909214,,4.048974,3.547268,1.489729,4.743287,3.823867,3.598484,1.137055,3.923667,3.627341
2017-06-09,3.786519,,,1.803866,2.369542,4.307039,3.796872,,3.960927,3.530273,1.462613,4.670660,3.774927,3.471434,1.124344,3.904869,3.536639
2017-06-12,3.779068,,,1.778614,2.384023,4.312579,3.792473,,3.962090,3.512632,1.428650,4.646548,3.774869,3.467171,1.123887,3.918378,3.517690
2017-06-13,3.802207,,,1.773645,2.384284,4.325287,3.823492,,3.972319,3.524702,1.425911,4.701400,3.808322,3.491346,1.128969,3.940247,3.546240
2017-06-14,3.782172,,,1.785196,2.374992,4.332112,3.789870,,3.945831,3.534449,1.421528,4.671372,3.800426,3.447098,1.124022,3.913940,3.530828
2017-06-15,3.764240,,,1.775928,2.389013,4.309227,3.771988,,3.935369,3.517055,1.432210,4.621609,3.798421,3.417671,1.121863,3.887508,3.515163
2017-06-16,3.750217,,,1.787076,2.389280,4.165064,3.767255,,3.940162,3.485025,1.419885,4.613737,3.768789,3.410584,1.115504,3.872468,3.499912
2017-06-19,3.796947,,,1.785868,2.408412,4.175515,3.823701,,3.984084,3.568809,1.449740,4.646340,3.799326,3.490949,1.128713,3.883616,3.558434
2017-06-20,3.762097,,,1.767063,2.359043,4.135086,3.784285,,3.929742,3.606795,1.438510,4.592866,3.756680,3.450612,1.117120,3.831459,3.530566
2017-06-21,3.798529,,,1.760616,2.349756,4.131729,3.819247,,3.945951,3.753040,1.466448,4.613378,3.768346,3.498114,1.124201,3.837576,3.565527
2017-06-22,3.803761,,,1.762765,2.353808,4.099568,3.817102,,3.948828,3.795021,1.475486,4.620910,3.743594,3.494609,1.127818,3.854436,3.564514
2017-06-23,3.821909,,,1.771764,2.346269,4.089831,3.839970,,3.987180,3.775953,1.488085,4.659554,3.745603,3.516680,1.127232,3.866533,3.578195
2017-06-26,3.815588,,,1.783718,2.359276,4.122459,3.818526,,3.993309,3.759139,1.471925,4.651764,3.742718,3.509431,1.128528,3.869473,3.561474
2017-06-27,3.751218,,,1.823207,2.347413,4.076551,3.736753,,3.935989,3.673549,1.444262,4.578070,3.691429,3.421615,1.113947,3.808992,3.496872
2017-06-28,3.806941,,,1.804537,2.395158,4.109930,3.787495,,4.005699,3.745280,1.489729,4.633601,3.720396,3.496104,1.129633,3.840625,3.547287
2017-06-29,3.747873,,,1.806821,2.389201,4.044656,3.710012,,3.953971,3.674437,1.463161,4.575607,3.653628,3.399014,1.110148,3.791844,3.485725
2017-06-30,3.750345,,,1.811925,2.424879,4.049686,3.697210,,3.960845,3.655295,1.470008,4.599199,3.660678,3.367200,1.111753,3.817452,3.486992
2017-07-03,3.725826,,,1.811925,2.440106,4.033491,3.655557,,3.934550,3.642406,1.448096,4.568897,3.636556,3.315430,1.103620,3.794914,3.450257
2017-07-05,3.746873,,,1.811925,2.448707,3.998641,3.716180,,3.958008,3.684701,1.495755,4.515323,3.669610,3.381104,1.111574,3.814524,3.484205
2017-07-06,3.711938,,,1.811925,2.440659,3.993526,3.690427,,3.924381,3.636565,1.464530,4.447152,3.641221,3.358154,1.097995,3.765208,3.452791
2017-07-07,3.746470,,,1.811925,2.462402,3.989924,3.744009,,3.955139,3.666861,1.478225,4.475676,3.676369,3.416010,1.103578,3.780900,3.490032
2017-07-10,3.770254,,,1.811925,2.460404,3.946432,3.773960,,4.040611,3.650951,1.504793,4.495191,3.685219,3.465365,1.106306,3.778400,3.512832
2017-07-11,3.781925,,,1.811925,2.440891,3.952677,3.795428,,4.065591,3.669768,1.499863,4.495872,3.672193,3.509756,1.110697,3.773856,3.522713
2017-07-12,3.824216,,,1.811925,2.465476,3.982814,3.847758,,4.109925,3.688474,1.548891,4.548942,3.711881,3.581703,1.119500,3.803527,3.564514
2017-07-13,3.830105,,,1.811925,2.460439,4.014846,3.839031,,4.134400,3.703628,1.585867,4.548767,3.715357,3.550438,1.124336,3.800165,3.572368
2017-07-14,3.861175,,,1.811925,2.470858,4.045316,3.884189,,4.168697,3.725043,1.565598,4.579880,3.734230,3.612696,1.132920,3.827947,3.600489
2017-07-17,3.853928,,,1.811925,2.465305,4.052157,3.884154,,4.164543,3.697851,1.577102,4.565201,3.737937,3.599769,1.133852,3.812217,3.602262
2017-07-18,3.874012,,,1.811925,2.464215,4.044966,3.895652,,4.205930,3.706345,1.614900,4.608230,3.745853,3.618283,1.135791,3.812838,3.626329
2017-07-19,3.899896,,,1.811925,2.438363,4.069289,3.929828,,4.219579,3.794787,1.598192,4.621846,3.767048,3.631111,1.142635,3.829734,3.647610
2017-07-20,3.902996,,,1.811925,2.435567,4.070894,3.929395,,4.221024,3.803874,1.618461,4.629674,3.775030,3.636732,1.144478,3.823374,3.652424
2017-07-21,3.907288,,,1.811925,2.467596,4.079127,3.913639,,4.243367,3.805638,1.606957,4.634183,3.783188,3.634166,1.146956,3.825975,3.650904
2017-07-24,3.905509,,,1.811925,2.468462,4.061342,3.907132,,4.235915,3.849606,1.604492,4.612577,3.782228,3.636030,1.147927,3.808790,3.667624
2017-07-25,3.898354,,,1.811925,2.478854,4.118944,3.884831,,4.208074,3.807581,1.595727,4.647889,3.772628,3.546704,1.153164,3.777349,3.658250
2017-07-26,3.911948,,,1.811925,2.484301,4.121653,3.888862,,4.237401,3.835054,1.610244,4.659767,3.773524,3.572320,1.147831,3.761186,3.670157
2017-07-27,3.903163,,,1.811925,2.447034,4.151762,3.869338,,4.262229,3.770602,1.647494,4.684544,3.816195,3.519248,1.153418,3.787506,3.647103
2017-07-28,3.896083,,,1.811925,2.446790,4.128193,3.839541,,4.314749,3.794436,1.621474,4.638686,3.778197,3.484338,1.146403,3.747896,3.644063
2017-07-31,3.886268,,,1.811925,2.437665,4.151555,3.827257,,4.314865,3.764816,1.603670,4.631405,3.786914,3.449556,1.154892,3.773802,3.628609
2017-08-01,3.886065,,,1.811925,2.426556,4.159386,3.839264,,4.319846,3.716629,1.625308,4.645532,3.792247,3.436995,1.156253,3.778673,3.636970
2017-08-02,3.874325,,,1.811925,2.407053,4.176876,3.814258,,4.307320,3.748889,1.619282,4.619010,3.757942,3.397422,1.160281,3.780348,3.646850
2017-08-03,3.867261,,,1.811925,2.404464,4.150874,3.798865,,4.307820,3.742365,1.600110,4.624574,3.742125,3.411027,1.155368,3.755237,3.632663
2017-08-04,3.868796,,,1.811925,2.427158,4.145755,3.797536,,4.305207,3.738656,1.612161,4.623994,3.748768,3.368492,1.155112,3.761265,3.639250
2017-08-07,3.890138,,,1.811925,2.423098,4.180032,3.830840,,4.316295,3.783228,1.632977,4.626773,3.751329,3.413374,1.158415,3.756008,3.662304
2017-08-08,3.874757,,,1.811925,2.410394,4.168019,3.814820,,4.317709,3.729639,1.629143,4.624466,3.738496,3.405477,1.161235,3.721561,3.655970
2017-08-09,3.864531,,,1.811925,2.414579,4.144334,3.814786,,4.334160,3.701497,1.634347,4.577175,3.740714,3.397446,1.168284,3.719715,3.651157
2017-08-10,3.776375,,,1.811925,2.376568,4.121343,3.726226,,4.247514,3.605921,1.589154,4.439937,3.696843,3.284328,1.150384,3.670485,3.572874
2017-08-11,3.802708,,,1.811925,2.386529,4.158198,3.763893,,4.265259,3.641667,1.589701,4.456354,3.708354,3.308671,1.155768,3.677363,3.599982
2017-08-14,3.841385,,,1.811925,2.417138,4.186957,3.838983,,4.287594,3.669244,1.617639,4.461172,3.752940,3.364777,1.170845,3.712079,3.646343
2017-08-15,3.834947,,,1.811925,2.416698,4.169555,3.848714,,4.259495,3.665347,1.634895,4.440457,3.751401,3.370929,1.169536,3.705945,3.648877
2017-08-16,3.851011,,,1.811925,2.412443,4.213569,3.867750,,4.271980,3.670262,1.651328,4.468384,3.762271,3.394176,1.172758,3.720441,3.655210
2017-08-17,3.770073,,,1.811925,2.356380,4.168433,3.764888,,4.190351,3.607768,1.623939,4.382348,3.683092,3.276228,1.147541,3.639494,3.580475
2017-08-18,3.772369,,,1.811925,2.345559,4.149768,3.773264,,4.196753,3.598830,1.628047,4.394427,3.672078,3.288668,1.143208,3.604242,3.577941
2017-08-21,3.772403,,,1.811925,2.349093,4.158351,3.761846,,4.204852,3.608494,1.626952,4.394220,3.682277,3.291771,1.146475,3.603988,3.573381
2017-08-22,3.828065,,,1.811925,2.383108,4.201712,3.829089,,4.258727,3.669601,1.666393,4.443133,3.725509,3.353473,1.157374,3.640136,3.627849
2017-08-23,3.810482,,,1.811925,2.351505,4.185316,3.817481,,4.225119,3.651473,1.644755,4.442567,3.704867,3.348968,1.151338,3.608539,3.614929
2017-08-24,3.807620,,,1.811925,2.331144,4.144481,3.814479,,4.209482,3.681254,1.643385,4.449531,3.691332,3.330695,1.149316,3.590366,3.604289
2017-08-25,3.806809,,,1.811925,2.358852,4.164272,3.817180,,4.206182,3.654468,1.642564,4.438615,3.695880,3.354045,1.149434,3.607502,3.596688
2017-08-28,3.809227,,,1.811925,2.367408,4.155557,3.832232,,4.199360,3.684969,1.657902,4.401548,3.697674,3.349900,1.153268,3.614670,3.607835
2017-08-29,3.816487,,,1.811925,2.372571,4.161983,3.840963,,4.201724,3.694720,1.671049,4.409058,3.702714,3.356104,1.155382,3.601784,3.622023
2017-08-30,3.867924,,,1.811925,2.388959,4.175524,3.888843,,4.252986,3.807954,1.691865,4.453751,3.734947,3.402457,1.174715,3.625596,3.664584
2017-08-31,3.903391,,,1.811925,2.400921,4.153696,3.916859,,4.278919,3.889402,1.689400,4.511248,3.762272,3.431084,1.184152,3.645572,3.703852
2017-09-01,3.910343,,,1.811925,2.398620,4.185852,3.926076,,4.273395,3.911311,1.683374,4.514821,3.756899,3.435942,1.183212,3.654542,3.698785
2017-09-05,3.876897,,,1.811925,2.368846,4.209447,3.890854,,4.213333,3.881642,1.678170,4.485813,3.721773,3.409790,1.174130,3.628383,3.665597
2017-09-06,3.891383,,,1.811925,2.386450,4.209090,3.904229,,4.256369,3.891998,1.677349,4.481322,3.744681,3.437368,1.183485,3.638580,3.676744
2017-09-07,3.899504,,,1.811925,2.405123,4.225871,3.918061,,4.219194,3.918353,1.698165,4.495061,3.732777,3.461736,1.179214,3.622619,3.685358
2017-09-08,3.878753,,,1.811925,2.418486,4.206644,3.891119,,4.182628,3.909290,1.674336,4.468169,3.714340,3.429828,1.171439,3.602894,3.653437
2017-09-11,3.919408,,,1.811925,2.445642,4.237921,3.949670,,4.182144,3.906252,1.715694,4.558983,3.742118,3.531058,1.180051,3.633154,3.695492
2017-09-12,3.939771,,,1.811925,2.461265,4.241454,3.974989,,4.207209,3.913595,1.713503,4.586250,3.760504,3.570693,1.184983,3.669397,3.704359
2017-09-13,3.944432,,,1.811925,2.461494,4.266083,3.969024,,4.199970,3.885672,1.699260,4.645882,3.755889,3.579179,1.183542,3.693146,3.709425
2017-09-14,3.925609,,,1.811925,2.448488,4.240570,3.969179,,4.170123,3.836472,1.704738,4.624683,3.732967,3.569507,1.176965,3.680789,3.687638
2017-09-15,3.939068,,,1.811925,2.462618,4.239729,4.012762,,4.166113,3.841580,1.711860,4.612915,3.737481,3.594297,1.178739,3.709246,3.700305
2017-09-18,3.947748,,,1.811925,2.466937,4.233492,4.044730,,4.176865,3.833226,1.723363,4.599478,3.746049,3.642753,1.180070,3.688260,3.695456
2017-09-19,3.948136,,,1.811925,2.460841,4.224596,4.055685,,4.195700,3.802408,1.748288,4.592577,3.758726,3.642972,1.179482,3.689842,3.701803
2017-09-20,3.936743,,,1.811925,2.490334,4.213011,4.004490,,4.191893,3.810723,1.773213,4.591682,3.770159,3.619749,1.177031,3.692925,3.690378
2017-09-21,3.916974,,,1.811925,2.499423,4.183712,3.985765,,4.175124,3.779146,1.770200,4.558201,3.762556,3.580763,1.170816,3.686586,3.667781
2017-09-22,3.930021,,,1.811925,2.511884,4.182542,4.020198,,4.186423,3.785834,1.782525,4.545088,3.790555,3.585479,1.175220,3.692912,3.664227
2017-09-25,3.898689,,,1.811925,2.520330,4.201111,3.967416,,4.123013,3.777349,1.739250,4.524037,3.782483,3.490201,1.173217,3.703797,3.625634
2017-09-26,3.901173,,,1.811925,2.530733,4.214104,3.967345,,4.128319,3.761999,1.723911,4.536080,3.786442,3.480976,1.176821,3.716068,3.635028
2017-09-27,3.935329,,,1.811925,2.560758,4.213655,4.036765,,4.159928,3.772079,1.734593,4.545442,3.815227,3.559035,1.181975,3.723300,3.667781
2017-09-28,3.930132,,,1.811925,2.563593,4.221052,4.045829,,4.127421,3.763986,1.751027,4.532961,3.810646,3.539745,1.175874,3.718658,3.666512
2017-09-29,3.963016,,,1.811925,2.580844,4.229162,4.079025,,4.181979,3.809454,1.753766,4.553942,3.843004,3.565666,1.182267,3.739782,3.692917
2017-10-02,3.974964,,,1.811925,2.574525,4.244731,4.088192,,4.204236,3.823237,1.757875,4.570743,3.845762,3.540189,1.188855,3.764478,3.696217
2017-10-03,3.988177,,,1.811925,2.602120,4.242392,4.100203,,4.229025,3.808055,1.758970,4.592827,3.869182,3.544135,1.193407,3.788044,3.704088
2017-10-04,3.994601,,,1.811925,2.602088,4.265199,4.110354,,4.215390,3.832255,1.753218,4.598819,3.864051,3.565944,1.194607,3.785724,3.707643
2017-10-05,4.022203,,,1.811925,2.605282,4.285470,4.130621,,4.254110,3.865775,1.802794,4.636775,3.899268,3.586206,1.200143,3.802876,3.743950
2017-10-06,4.024421,,,1.811925,2.604297,4.236261,4.147433,,4.255135,3.867249,1.809093,4.633083,3.906909,3.614806,1.196718,3.780969,3.749028
2017-10-09,4.010306,,,1.811925,2.598333,4.197440,4.155822,,4.215264,3.852103,1.814024,4.607288,3.909830,3.622518,1.195755,3.775964,3.744712
2017-10-10,4.018599,,,1.811925,2.610601,4.240049,4.170524,,4.205908,3.848600,1.808820,4.619527,3.914259,3.653395,1.197766,3.784695,3.747504
2017-10-11,4.020716,,,1.811925,2.606005,4.274853,4.176798,,4.210137,3.842871,1.856478,4.607056,3.925523,3.652021,1.195739,3.785269,3.758676
2017-10-12,4.007396,,,1.811925,2.634099,4.278248,4.177834,,4.168091,3.852607,1.886059,4.541127,3.936628,3.656427,1.184001,3.792744,3.751821
2017-10-13,4.024323,,,1.811925,2.619996,4.284642,4.205159,,4.196109,3.850026,1.880581,4.571413,3.945535,3.682104,1.188870,3.816686,3.766293
2017-10-16,4.025967,,,1.811925,2.612589,4.285602,4.214022,,4.216914,3.850307,1.843604,4.555253,3.937899,3.710232,1.193701,3.815689,3.779241
2017-10-17,4.023080,,,1.811925,2.629846,4.274062,4.201611,,4.188655,3.867917,1.826075,4.567126,3.934912,3.705441,1.195459,3.807616,3.784065
2017-10-18,4.027047,,,1.811925,2.639092,4.254042,4.220519,,4.176294,3.849583,1.842235,4.581680,3.951092,3.716913,1.191324,3.814889,3.779495
2017-10-19,4.019382,,,1.811925,2.643783,4.245243,4.240272,,4.152101,3.855449,1.841961,4.526289,3.998525,3.708022,1.191393,3.821353,3.765531
2017-10-20,4.041567,,,1.811925,2.666293,4.282375,4.276414,,4.170408,3.876768,1.943851,4.513458,4.030910,3.718896,1.197751,3.850474,3.775687
2017-10-23,4.020745,,,1.811925,2.660161,4.285922,4.296461,,4.126419,3.843775,1.911805,4.445682,4.010729,3.695527,1.193873,3.911077,3.751059
2017-10-24,4.019930,,,1.811925,2.628362,4.297778,4.309171,,4.125158,3.817608,1.923035,4.458834,4.010122,3.710724,1.194276,3.897930,3.757406
2017-10-25,3.997218,,,1.811925,2.604484,4.291627,4.288145,,4.113258,3.783776,1.945220,4.423551,4.007189,3.655563,1.191840,3.883991,3.743188
2017-10-26,4.000817,,,1.811925,2.614993,4.308200,4.313100,,4.073329,3.756580,1.953985,4.450540,4.024740,3.669831,1.179367,3.896830,3.731255
2017-10-27,4.019384,,,1.811925,2.607844,4.302747,4.375612,,4.099692,3.756837,1.946316,4.433925,4.136887,3.705222,1.202990,3.887948,3.839923
2017-10-30,4.007921,,,1.811925,2.566643,4.224432,4.376477,,4.086065,3.735865,1.948781,4.451142,4.119684,3.690668,1.198671,3.902112,3.848555
2017-10-31,4.027510,,,1.811925,2.568074,4.312427,4.402608,,4.109232,3.723963,1.987401,4.470621,4.129007,3.731837,1.207839,3.869549,3.863027
2017-11-01,4.014202,,,1.811925,2.584094,4.318679,4.363243,,4.152524,3.683506,1.982471,4.438487,4.169816,3.699418,1.212917,3.887191,3.861758
2017-11-02,4.004501,,,1.811925,2.613364,4.340369,4.373387,,4.102712,3.662519,1.978910,4.410640,4.186501,3.699390,1.208656,3.894155,3.854395
2017-11-03,4.030752,,,1.811925,2.612659,4.358449,4.410481,,4.070920,3.729752,2.010134,4.460566,4.188699,3.733615,1.213523,3.948690,3.891463
2017-11-06,4.031471,,,1.811925,2.609853,4.322677,4.424987,,4.106631,3.665690,2.047110,4.466131,4.196588,3.729941,1.216409,3.959702,3.904666
2017-11-07,4.027028,,,1.811925,2.607169,4.367407,4.415483,,4.100383,3.698556,2.038072,4.426390,4.203288,3.747587,1.222707,3.972302,3.906951
2017-11-08,4.033822,,,1.811925,2.605136,4.409685,4.441268,,4.095145,3.681467,2.047932,4.430210,4.217760,3.736310,1.223974,4.013078,3.922693
2017-11-09,4.013468,,,1.811925,2.556378,4.417662,4.385841,,4.093219,3.666558,2.029581,4.452376,4.198834,3.685509,1.220950,4.017410,3.902127
2017-11-10,4.024948,,,1.811925,2.556458,4.489394,4.400979,,4.082174,3.652967,2.026568,4.492086,4.175813,3.723816,1.218528,4.044013,3.901873
2017-11-13,4.041640,,,1.811925,2.555923,4.495850,4.408854,,4.084185,3.648052,2.027664,4.569534,4.171863,3.750344,1.219853,4.130227,3.906697
2017-11-14,4.034787,,,1.811925,2.560551,4.504629,4.417241,,4.064564,3.618752,2.040263,4.556184,4.209540,3.750377,1.210443,4.171856,3.892479
2017-11-15,4.030770,,,1.811925,2.560373,4.454424,4.387548,,4.086882,3.638030,2.011230,4.559865,4.191166,3.718485,1.206656,4.157799,3.874198
2017-11-16,4.085053,,,1.811925,2.597038,4.510539,4.459788,,4.132127,3.682856,2.128184,4.602233,4.241466,3.797143,1.224258,4.229449,3.923708
2017-11-17,4.093391,,,1.811925,2.573037,4.514608,4.436490,,4.165122,3.677642,2.092030,4.674587,4.215916,3.775413,1.215755,4.244526,3.908728
2017-11-20,4.090292,,,1.811925,2.578696,4.530010,4.463288,,4.150790,3.631930,2.081895,4.661189,4.229193,3.793215,1.215336,4.261103,3.905682
2017-11-21,4.116182,,,1.811925,2.600388,4.564984,4.490260,,4.174157,3.646547,2.130101,4.692826,4.260349,3.860580,1.225381,4.271534,3.948082
2017-11-22,4.120300,,,1.811925,2.612838,4.560928,4.473466,,4.194393,3.667502,2.124623,4.696474,4.246482,3.843851,1.221729,4.280149,3.952906
2017-11-24,4.124644,,,1.811925,2.610266,4.546253,4.501583,,4.188243,3.662330,2.152013,4.689018,4.262099,3.861898,1.219558,4.286687,3.967378
2017-11-27,4.105803,,,1.811925,2.606418,4.555322,4.462415,,4.154076,3.675279,2.132019,4.673341,4.275753,3.828565,1.214039,4.262700,3.965601
2017-11-28,4.131000,,,1.811925,2.666296,4.586745,4.485840,,4.169484,3.674748,2.130649,4.708074,4.304997,3.844714,1.224181,4.312221,3.975757
2017-11-29,4.093140,,,1.811925,2.706591,4.664981,4.331882,,4.189279,3.666753,2.006300,4.696544,4.260359,3.674192,1.225129,4.307398,3.906443
2017-11-30,4.117751,,,1.811925,2.765793,4.703861,4.360036,,4.170237,3.713803,2.074226,4.704823,4.294777,3.690136,1.234318,4.338980,3.939196
2017-12-01,4.100849,,,1.811925,2.740874,4.711185,4.333564,,4.187148,3.693012,2.062449,4.671935,4.271988,3.645873,1.237397,4.323868,3.922439
2017-12-04,4.082834,,,1.811925,2.786780,4.783314,4.254615,,4.198689,3.638378,1.943851,4.700805,4.251201,3.561974,1.232906,4.319466,3.877245
2017-12-05,4.072640,,,1.811925,2.757271,4.748075,4.259675,,4.185488,3.621525,1.950151,4.692126,4.241620,3.564276,1.226709,4.282639,3.879784
2017-12-06,4.071987,,,1.811925,2.757952,4.750780,4.280241,,4.172176,3.609775,2.003287,4.669669,4.266312,3.601872,1.224429,4.258149,3.897303
2017-12-07,4.088170,,,1.811925,2.787252,4.719562,4.315737,,4.187926,3.615923,2.018351,4.666558,4.280645,3.658220,1.217992,4.261980,3.910506
2017-12-08,4.103140,,,1.811925,2.803449,4.743813,4.320645,,4.191113,3.659840,1.996987,4.684834,4.310571,3.657461,1.222761,4.275366,3.927771
2017-12-11,4.127254,,,1.811925,2.794173,4.733192,4.346269,,4.243705,3.683429,2.007395,4.709905,4.316921,3.674448,1.236642,4.309463,3.958238
2017-12-12,4.118048,,,1.811925,2.780447,4.729645,4.324080,,4.254156,3.665417,2.016434,4.709623,4.309908,3.653410,1.238552,4.303100,3.952906
2017-12-13,4.142195,,,1.811925,2.781809,4.738233,4.332040,,4.262994,3.707813,2.029307,4.778606,4.310924,3.660665,1.239247,4.343418,3.960523
2017-12-14,4.132986,,,1.811925,2.770254,4.707981,4.324669,,4.279413,3.653195,2.033963,4.786194,4.308185,3.658566,1.235317,4.330308,3.957730
2017-12-15,4.169372,,,1.811925,2.758613,4.787266,4.383916,,4.293060,3.723736,2.072035,4.794438,4.363515,3.694061,1.251970,4.350817,4.002670
2017-12-18,4.208727,,,1.811925,2.788433,4.802785,4.457398,,4.346781,3.707509,2.062996,4.827399,4.403973,3.733084,1.260348,4.351613,4.036229
2017-12-19,4.200188,,,1.811925,2.794001,4.779055,4.443664,,4.310310,3.705236,2.040537,4.846688,4.395996,3.710683,1.255644,4.327398,4.012313
2017-12-20,4.201263,,,1.811925,2.807372,4.749369,4.457345,,4.307319,3.706757,2.026842,4.833042,4.402690,3.734188,1.257466,4.316323,4.007987
2017-12-21,4.208274,,,1.811925,2.812224,4.748187,4.421048,,4.382900,3.696647,2.027390,4.861032,4.384431,3.712753,1.257223,4.329956,4.008496
2017-12-22,4.206339,,,1.811925,2.808191,4.765513,4.414426,,4.393926,3.691229,2.023829,4.853411,4.374200,3.706319,1.257648,4.336105,4.003917
2017-12-26,4.197935,,,1.811925,2.809980,4.757527,4.388543,,4.394335,3.696616,2.034237,4.844313,4.370412,3.674211,1.251248,4.330751,3.982290
2017-12-27,4.195099,,,1.811925,2.814805,4.747899,4.399890,,4.353341,3.702012,2.043002,4.843674,4.363515,3.692414,1.252091,4.325997,3.982799
2017-12-28,4.195461,,,1.811925,2.824411,4.735218,4.405772,,4.347389,3.702706,2.031498,4.839923,4.371253,3.690707,1.250883,4.314293,3.987633
2017-12-29,4.165747,,,1.811925,2.811024,4.723926,4.369939,,4.321264,3.667864,2.016434,4.805527,4.355474,3.656447,1.243597,4.295503,3.962954
2018-01-02,4.245099,,,1.811925,2.843795,4.720986,4.446162,,4.433642,3.768933,2.022460,4.896034,4.379954,3.757387,1.262711,4.365411,4.032412
2018-01-03,4.277260,,,1.811925,2.854641,4.736332,4.500670,,4.385002,3.820102,2.102164,4.964248,4.421455,3.850481,1.266144,4.393550,4.071594
2018-01-04,4.294826,,,1.811925,2.871311,4.753239,4.527483,,4.449498,3.796872,2.101616,4.956391,4.453341,3.871451,1.266364,4.398330,4.078718
2018-01-05,4.326296,,,1.811925,2.882790,4.779710,4.552233,,4.473679,3.825078,2.155574,5.018334,4.495354,3.895265,1.276683,4.424082,4.119681
2018-01-08,4.340037,,,1.811925,2.896442,4.777006,4.575139,,4.491270,3.814779,2.165160,5.038383,4.506442,3.936036,1.276954,4.448308,4.135710
2018-01-09,4.336190,,,1.811925,2.903825,4.793967,4.555551,,4.466226,3.835281,2.168995,5.045861,4.505656,3.939013,1.280757,4.456482,4.135964
2018-01-10,4.319746,,,1.811925,2.896143,4.744359,4.521732,,4.466604,3.841991,2.173925,5.023422,4.489436,3.958129,1.277710,4.439620,4.126296
2018-01-11,4.350124,,,1.811925,2.939940,4.773102,4.541790,,4.516311,3.851074,2.184333,5.061838,4.495798,3.954897,1.287009,4.463980,4.154537
2018-01-12,4.385611,,,1.811925,2.967570,4.814412,4.585684,,4.538633,3.883526,2.205971,5.101614,4.552442,3.974395,1.296809,4.511272,4.185068
2018-01-16,4.377352,,,1.811925,2.951707,4.836198,4.577734,,4.523301,3.888570,2.202684,5.084495,4.553379,3.953821,1.301554,4.545547,4.173110
2018-01-17,4.423938,,,1.811925,2.935686,4.914119,4.679876,,4.523406,3.905674,2.258833,5.138619,4.610700,4.042517,1.325065,4.575087,4.218144
2018-01-18,4.428365,,,1.811925,2.948941,4.888358,4.682222,,4.557123,3.896512,2.271706,5.130144,4.603201,4.049939,1.320712,4.565918,4.218907
2018-01-19,4.454428,,,1.811925,2.968992,4.929029,4.692219,,4.584070,3.911384,2.296357,5.189438,4.621398,4.062079,1.324992,4.611891,4.232137
2018-01-22,4.487272,,,1.811925,2.987902,4.965091,4.719008,,4.639386,3.947153,2.300192,5.216626,4.683663,4.093134,1.339305,4.644650,4.277425
2018-01-23,4.515842,,,1.811925,2.982631,4.973560,4.751396,,4.683588,3.967928,2.306491,5.259442,4.707905,4.148019,1.339710,4.701624,4.312791
2018-01-24,4.508854,,,1.811925,2.978977,4.969116,4.684839,,4.743309,3.978008,2.292796,5.268093,4.650601,4.106971,1.324672,4.672247,4.284804
2018-01-25,4.503998,,,1.811925,2.952721,4.982418,4.649993,,4.772574,4.004022,2.310052,5.259838,4.657899,4.089250,1.317540,4.652658,4.283277
2018-01-26,4.561140,,,1.811925,2.984030,5.002059,4.748389,,4.824942,4.045422,2.340455,5.292862,4.712939,4.159216,1.355339,4.727492,4.348919
2018-01-29,4.531327,,,1.811925,2.952542,4.988544,4.705238,,4.797859,4.042093,2.309230,5.258647,4.697669,4.122553,1.351772,4.711539,4.327802
2018-01-30,4.484734,,,1.811925,2.929332,4.962315,4.643190,,4.738354,3.987445,2.294714,5.235290,4.665781,4.062389,1.335325,4.667484,4.292182
2018-01-31,4.484285,,,1.811925,2.940341,4.955310,4.677664,,4.744804,3.920839,2.336894,5.215500,4.676619,4.104542,1.328611,4.635785,4.309992
2018-02-01,4.461082,,,1.811925,2.925507,4.969182,4.649609,,4.708904,3.919172,2.147357,5.199715,4.655888,4.053651,1.311742,4.574560,4.273355
2018-02-02,4.374802,,,1.811925,2.859283,4.867963,4.525437,,4.672790,3.840335,2.097234,5.114645,4.559284,3.924762,1.291687,4.538917,4.188122
2018-02-05,4.216092,,,1.811925,2.744966,4.682987,4.348435,,4.492879,3.688006,2.046152,4.978923,4.354585,3.762456,1.239751,4.339219,4.022999
2018-02-06,4.301651,,,1.811925,2.786675,4.736607,4.481318,,4.546380,3.751162,2.072857,5.075035,4.423968,3.882825,1.264670,4.409361,4.129603
2018-02-07,4.271214,,,1.811925,2.782254,4.696436,4.421043,,4.492561,3.717114,2.070392,5.105390,4.396522,3.861943,1.259877,4.423139,4.076174
2018-02-08,4.110990,,,1.811925,2.685424,4.541485,4.255051,,4.312171,3.580041,1.980827,4.913787,4.263401,3.709094,1.206110,4.250497,3.904181
2018-02-09,4.166672,,,1.811925,2.711867,4.605380,4.355242,,4.369087,3.631921,2.047384,4.905910,4.355417,3.774913,1.228783,4.337673,3.971604
2018-02-12,4.221473,,,1.811925,2.756698,4.613966,4.441914,,4.418646,3.679308,2.061901,4.939591,4.404311,3.834082,1.248632,4.391755,4.042081
2018-02-13,4.228564,,,1.811925,2.785665,4.625232,4.456518,,4.431240,3.647625,2.053410,4.948312,4.422686,3.871994,1.252450,4.385036,4.062944
2018-02-14,4.303069,,,1.811925,2.846884,4.664005,4.544918,,4.535544,3.683740,2.116406,5.019193,4.478917,3.966550,1.275646,4.447661,4.139017
2018-02-15,4.360463,,,1.811925,2.877046,4.770435,4.622444,,4.578750,3.718581,2.144481,5.080280,4.571674,4.029756,1.300380,4.498758,4.215854
2018-02-16,4.350712,,,1.811925,2.874616,4.739819,4.626912,,4.551340,3.716225,2.146535,5.058271,4.589214,4.022338,1.297131,4.474874,4.197027
2018-02-20,4.345148,,,1.811925,2.845571,4.663546,4.663316,,4.531095,3.691027,2.110655,5.057715,4.569785,4.054825,1.294429,4.436995,4.205423
2018-02-21,4.332554,,,1.811925,2.872671,4.628529,4.627772,,4.521664,3.677055,2.095590,5.061443,4.560390,4.016277,1.284427,4.412585,4.193465
2018-02-22,4.327908,,,1.811925,2.883393,4.642906,4.623381,,4.506952,3.662055,2.128184,5.055030,4.562852,4.011330,1.282449,4.394875,4.192956
2018-02-23,4.404066,,,1.811925,2.925981,4.693199,4.727966,,4.567299,3.737960,2.182690,5.127051,4.650712,4.140298,1.314335,4.479841,4.278698
2018-02-26,4.437509,,,1.811925,2.966767,4.735279,4.803634,,4.578341,3.747240,2.173377,5.131132,4.710567,4.191719,1.329766,4.529818,4.335435
2018-02-27,4.380780,,,1.811925,2.935168,4.636478,4.765302,,4.494554,3.716430,2.176390,5.041336,4.647940,4.144017,1.310910,4.474115,4.281751
2018-02-28,4.354684,,,1.811925,2.911886,4.603789,4.737205,,4.424194,3.675098,2.175021,5.075571,4.611353,4.139742,1.298496,4.445094,4.254273
2018-03-01,4.297343,,,1.811925,2.882901,4.466759,4.674772,,4.401516,3.603246,2.153930,5.010223,4.546304,4.068223,1.282965,4.402168,4.184814
2018-03-02,4.339659,,,1.811925,2.886637,4.490058,4.743826,,4.425776,3.685296,2.160230,5.023722,4.584782,4.139321,1.294887,4.427154,4.223233
2018-03-05,4.389458,,,1.811925,2.913770,4.527644,4.799311,,4.511062,3.732754,2.165708,5.051081,4.631484,4.196739,1.303170,4.465229,4.270047
2018-03-06,4.424117,,,1.811925,2.940974,4.556402,4.848349,,4.538396,3.745891,2.170090,5.097345,4.651560,4.260209,1.304797,4.482930,4.288111
2018-03-07,4.430693,,,1.811925,2.943319,4.359018,4.888682,,4.554762,3.772194,2.178033,5.088455,4.640088,4.278892,1.304535,4.452817,4.298034
2018-03-08,4.456342,,,1.811925,2.942572,4.401980,4.928392,,4.577611,3.791594,2.187620,5.112386,4.671704,4.281217,1.307750,4.467981,4.321696
2018-03-09,4.533245,,,1.811925,3.013541,4.456598,5.034875,,4.645819,3.858784,2.210627,5.171546,4.738817,4.373422,1.332238,4.491561,4.405657
2018-03-12,4.551809,,,1.811925,2.992792,4.489947,5.069091,,4.663122,3.867635,2.207614,5.198477,4.744244,4.402736,1.330910,4.488581,4.429064
2018-03-13,4.509104,,,1.811925,2.988718,4.474666,5.011926,,4.592536,3.866986,2.196658,5.133019,4.704524,4.376577,1.316866,4.437758,4.368765
2018-03-14,4.496524,,,1.811925,2.951934,4.432760,5.004526,,4.598743,3.857457,2.281841,5.105094,4.689883,4.400507,1.313003,4.409737,4.368001
2018-03-15,4.488080,,,1.811925,2.955049,4.416916,5.011711,,4.598333,3.821776,2.261572,5.085674,4.689897,4.370246,1.308975,4.383963,4.364185
2018-03-16,4.498704,,,1.811925,2.973264,4.434958,5.019012,,4.590100,3.836535,2.250342,5.110517,4.682280,4.376173,1.312998,4.397038,4.351209
2018-03-19,4.415629,,,1.811925,2.943170,4.373836,4.931661,,4.480013,3.751128,2.199397,5.023945,4.613635,4.286847,1.286107,4.302555,4.258371
2018-03-20,4.418538,,,1.811925,2.950726,4.388082,4.966636,,4.431549,3.746811,2.214736,5.026969,4.613367,4.349197,1.291095,4.291007,4.272387
2018-03-21,4.412492,,,1.811925,2.948442,4.347917,4.966691,,4.450112,3.739020,2.219666,4.995947,4.592058,4.327697,1.279977,4.267562,4.253784
2018-03-22,4.299811,,,1.811925,2.860310,4.260834,4.840068,,4.320250,3.643379,2.151739,4.886599,4.477668,4.206689,1.247024,4.177880,4.148790
2018-03-23,4.200378,,,1.811925,2.824947,4.205894,4.676111,,4.251510,3.534151,2.093673,4.810100,4.394945,4.068605,1.215117,4.096383,4.039464
2018-03-26,4.320977,,,1.811925,2.884195,4.320330,4.860334,,4.352023,3.637361,2.162421,4.906585,4.503302,4.236404,1.272178,4.193548,4.189564
2018-03-27,4.215941,,,1.811925,2.817785,4.255691,4.703066,,4.243358,3.564426,2.090112,4.822812,4.410683,4.058937,1.232387,4.129995,4.053990
2018-03-28,4.179046,,,1.811925,2.819913,4.267526,4.642731,,4.169512,3.583216,2.055875,4.770871,4.424623,3.974925,1.224020,4.140783,4.007354
2018-03-29,4.244825,,,1.811925,2.880534,4.350416,4.723677,,4.216574,3.619206,2.078061,4.856591,4.494521,4.069616,1.247576,4.199836,4.080748
2018-04-02,4.138811,,,1.811925,2.811407,4.243006,4.591339,,4.153049,3.507832,2.054232,4.727571,4.395758,3.939144,1.213107,4.099324,3.963012
2018-04-03,4.180961,,,1.811925,2.868101,4.260690,4.659689,,4.166329,3.539141,2.042180,4.769458,4.448052,3.974769,1.225460,4.151391,4.007609
2018-04-04,4.247130,,,1.811925,2.882166,4.348784,4.732878,,4.231612,3.610494,2.048206,4.849924,4.518187,4.042100,1.250072,4.207915,4.070809
2018-04-05,4.255779,,,1.811925,2.898892,4.376545,4.705361,,4.278181,3.572127,2.107642,4.898963,4.530057,4.027233,1.253288,4.216673,4.094000
2018-04-06,4.149654,,,1.811925,2.816602,4.314815,4.575595,,4.221759,3.422027,2.023007,4.796816,4.454751,3.923049,1.221826,4.132757,3.991554
2018-04-09,4.165767,,,1.811925,2.811009,4.327458,4.604855,,4.228216,3.459694,2.059436,4.793077,4.477281,3.950588,1.231051,4.145496,4.019586
2018-04-10,4.252036,,,1.811925,2.838540,4.337508,4.734757,,4.294212,3.554276,2.103259,4.883630,4.538895,4.068022,1.257541,4.237161,4.108271
2018-04-11,4.229395,,,1.811925,2.793733,4.339964,4.720708,,4.270495,3.521732,2.095316,4.865142,4.532525,4.024741,1.251121,4.256434,4.084571
2018-04-12,4.269168,,,1.811925,2.825886,4.358715,4.796016,,4.268764,3.576967,2.121611,4.887198,4.548280,4.105263,1.266107,4.296725,4.133755
2018-04-13,4.243688,,,1.811925,2.796037,4.353782,4.768400,,4.250825,3.561918,2.116406,4.844288,4.535013,4.083654,1.258148,4.315497,4.112348
2018-04-16,4.273848,,,1.811925,2.857784,4.395047,4.795192,,4.276590,3.571494,2.130923,4.876963,4.573638,4.083588,1.267473,4.349427,4.143693
2018-04-17,4.335373,,,1.811925,2.855661,4.424676,4.874706,,4.376466,3.632738,2.192002,4.918607,4.599283,4.230071,1.289781,4.354331,4.232887
2018-04-18,4.354218,,,1.811925,2.924236,4.427304,4.857951,,4.387069,3.661697,2.200493,4.961580,4.594247,4.293369,1.291218,4.338930,4.241552
2018-04-19,4.295725,,,1.811925,2.907247,4.367975,4.731676,,4.380985,3.605444,2.182416,4.925461,4.552064,4.216121,1.272677,4.246909,4.202561
2018-04-20,4.250426,,,1.811925,2.886104,4.295772,4.683477,,4.335350,3.572441,2.156396,4.868037,4.507532,4.170589,1.255150,4.189300,4.136048
2018-04-23,4.253326,,,1.811925,2.891227,4.297198,4.641854,,4.351443,3.594029,2.142153,4.911105,4.520720,4.134746,1.256804,4.191997,4.125600
2018-04-24,4.189638,,,1.811925,2.827534,4.238022,4.581024,,4.284293,3.523204,2.061901,4.859260,4.480118,4.026305,1.237031,4.135831,4.038190
2018-04-25,4.189676,,,1.811925,2.828525,4.230679,4.577679,,4.284875,3.543381,2.026842,4.851926,4.473773,4.006676,1.245926,4.127321,4.043032
2018-04-26,4.247122,,,1.811925,2.798404,4.256274,4.664164,,4.326693,3.604656,2.082443,4.938789,4.538141,4.119868,1.258286,4.174390,4.128148
2018-04-27,4.239988,,,1.811925,2.832474,4.290969,4.634619,,4.233986,3.610462,2.030403,5.007134,4.545865,4.093572,1.251863,4.196717,4.130696
2018-04-30,4.205261,,,1.811925,2.796022,4.234076,4.596191,,4.196752,3.557192,2.043550,5.003565,4.498100,4.066259,1.240118,4.166538,4.101390
2018-05-01,4.227561,,,1.811925,2.798067,4.213742,4.645206,,4.228425,3.564395,2.049028,5.014476,4.490248,4.118532,1.254229,4.114915,4.148280
2018-05-02,4.187944,,,1.811925,2.747275,4.120934,4.618638,,4.212064,3.511597,1.964667,4.977296,4.401740,4.073643,1.232644,4.057315,4.123816
2018-05-03,4.185929,,,1.811925,2.758539,4.109194,4.646025,,4.215343,3.482515,2.011778,4.934994,4.399365,4.106602,1.235178,4.044095,4.123306
2018-05-04,4.257637,,,1.811925,2.802677,4.183636,4.738544,,4.308069,3.543186,2.026568,4.980126,4.482878,4.171805,1.255450,4.117236,4.201542
2018-05-07,4.286312,,,1.811925,2.822250,4.183298,4.770682,,4.360814,3.542609,2.045193,5.020097,4.473151,4.228940,1.263270,4.149554,4.236455
2018-05-08,4.276790,,,1.811925,2.829961,4.190402,4.790804,,4.319644,3.497387,2.073952,5.008282,4.454770,4.236705,1.262837,4.152080,4.232123
2018-05-09,4.308043,,,1.811925,2.843507,4.133413,4.855768,,4.337771,3.531007,2.109285,5.035353,4.478157,4.308656,1.277580,4.171589,4.278249
2018-05-10,4.351361,,,1.811925,2.867895,4.156054,4.918956,,4.412051,3.574547,2.168995,5.028553,4.519162,4.352474,1.293846,4.201119,4.322591
2018-05-11,4.339700,,,1.811925,2.889143,4.161232,4.842487,,4.392086,3.632466,2.169269,5.031072,4.535630,4.303292,1.296195,4.219039,4.318513
2018-05-14,4.353535,,,1.811925,2.877593,4.164947,4.882535,,4.416240,3.658905,2.158587,5.004236,4.522136,4.288435,1.299618,4.215574,4.325904
2018-05-15,4.323779,,,1.811925,2.887844,4.155257,4.862338,,4.340502,3.613837,2.130649,4.989150,4.481413,4.236163,1.286908,4.217345,4.277994
2018-05-16,4.356339,,,1.811925,2.909780,4.165954,4.910008,,4.361301,3.627377,2.131471,5.043160,4.494141,4.303679,1.297653,4.259488,4.306281
2018-05-17,4.341698,,,1.811925,2.910320,4.167646,4.888683,,4.323764,3.619387,2.168995,5.035159,4.490307,4.269276,1.291971,4.248456,4.289716
2018-05-18,4.323532,,,1.811925,2.925417,4.154408,4.839506,,4.296813,3.632190,2.212818,5.015133,4.499043,4.240746,1.294703,4.219282,4.267545
2018-05-21,4.337417,,,1.811925,2.958908,4.159510,4.877459,,4.286165,3.615801,2.225418,5.033595,4.506423,4.288278,1.299358,4.232156,4.291500
2018-05-22,4.332692,,,1.811925,2.908597,4.154747,4.893019,,4.295897,3.608301,2.208162,5.017169,4.497330,4.313608,1.301271,4.246726,4.285894
2018-05-23,4.356736,,,1.811925,2.902785,4.163895,4.929994,,4.314034,3.624163,2.220761,5.059031,4.521993,4.384576,1.308622,4.257304,4.322081
2018-05-24,4.359057,,,1.811925,2.932213,4.172667,4.938831,,4.283644,3.611203,2.233635,5.077511,4.524383,4.420701,1.303944,4.263145,4.320807
2018-05-25,4.364114,,,1.811925,2.941550,4.186595,4.938824,,4.284559,3.633385,2.217475,5.074951,4.527176,4.415656,1.304598,4.276193,4.325139
2018-05-29,4.337025,,,1.811925,2.912546,4.160404,4.916548,,4.261669,3.613135,2.211175,5.030815,4.494979,4.387226,1.299009,4.245142,4.306026
2018-05-30,4.373504,,,1.811925,2.945663,4.258735,4.949933,,4.271074,3.658501,2.235004,5.071475,4.557941,4.436998,1.308341,4.286570,4.336862
2018-05-31,4.337055,,,1.811925,2.923056,4.089520,4.910764,,4.261421,3.628470,2.247877,5.037167,4.522470,4.381028,1.305762,4.246757,4.334059
2018-06-01,4.395023,,,1.811925,2.955035,4.085862,5.010382,,4.309418,3.675177,2.280197,5.087697,4.574414,4.447648,1.329307,4.311044,4.402101
2018-06-04,4.433330,,,1.811925,2.959055,4.111395,5.039871,,4.360922,3.705404,2.316352,5.156699,4.611838,4.481527,1.340222,4.339057,4.441856
2018-06-05,4.432763,,,1.811925,2.976298,4.101170,5.069239,,4.345636,3.686754,2.329499,5.132096,4.588781,4.499668,1.340289,4.351141,4.455617
2018-06-06,4.479378,,,1.811925,2.974584,4.121167,5.094583,,4.408859,3.727471,2.333881,5.240972,4.639449,4.526876,1.355699,4.401213,4.481611
2018-06-07,4.453590,,,1.811925,2.973907,4.132540,5.032002,,4.412524,3.708284,2.280745,5.210564,4.606488,4.433494,1.339630,4.365945,4.445169
2018-06-08,4.466422,,,1.811925,2.986157,4.206745,5.028338,,4.415143,3.726966,2.310052,5.229680,4.625239,4.459397,1.339990,4.370756,4.445424
2018-06-11,4.487327,,,1.811925,3.002897,4.261995,5.020846,,4.460901,3.738984,2.297727,5.269971,4.640579,4.482657,1.336636,4.405923,4.457401
2018-06-12,4.519179,,,1.811925,3.002593,4.299711,5.059287,,4.492359,3.766850,2.328677,5.312263,4.669969,4.502169,1.343654,4.408204,4.480846
2018-06-13,4.501129,,,1.811925,2.978617,4.302605,5.049918,,4.476768,3.752376,2.335525,5.270277,4.650978,4.501308,1.341315,4.383639,4.480591
2018-06-14,4.544106,,,1.811925,2.975417,4.323352,5.071066,,4.559023,3.804044,2.344837,5.337111,4.685586,4.556779,1.356454,4.430987,4.525953
2018-06-15,4.549323,,,1.811925,2.977391,4.357742,5.054951,,4.578727,3.825783,2.336620,5.338859,4.707587,4.516594,1.346475,4.427150,4.510153
2018-06-18,4.530088,,,1.811925,2.962186,4.327454,5.033966,,4.561923,3.775182,2.351411,5.347783,4.679257,4.519549,1.335644,4.391946,4.507548
2018-06-19,4.508187,,,1.811925,2.928092,4.340195,5.004579,,4.542195,3.806289,2.314982,5.286428,4.695154,4.518501,1.332800,4.402360,4.494779
2018-06-20,4.527825,,,1.811925,2.938227,4.351343,5.017820,,4.571090,3.840870,2.354150,5.297705,4.671857,4.556146,1.342039,4.416766,4.526702
2018-06-21,4.486256,,,1.811925,2.899000,4.356032,4.979908,,4.514159,3.817617,2.354697,5.231252,4.626711,4.511367,1.328930,4.395992,4.487372
2018-06-22,4.485889,,,1.811925,2.903193,4.403283,4.938455,,4.559519,3.839076,2.331416,5.212363,4.650074,4.449195,1.327423,4.407410,4.477412
2018-06-25,4.393478,,,1.811925,2.851301,4.402709,4.817728,,4.456874,3.773046,2.251164,5.100936,4.611349,4.301079,1.303720,4.349414,4.376535
2018-06-26,4.392402,,,1.811925,2.839858,4.368233,4.829075,,4.459079,3.740758,2.254725,5.122411,4.595205,4.372989,1.304035,4.335109,4.394412
2018-06-27,4.324895,,,1.811925,2.809728,4.335329,4.730380,,4.403341,3.692487,2.209532,5.041848,4.540909,4.266354,1.284801,4.272260,4.334652
2018-06-28,4.350322,,,1.811925,2.813266,4.360631,4.776078,,4.405249,3.715898,2.259107,5.070228,4.569485,4.348671,1.299109,4.307519,4.371938
2018-06-29,4.361784,,,1.811925,2.810810,4.374143,4.791563,,4.382673,3.790232,2.280745,5.059533,4.588434,4.350268,1.307620,4.317372,4.383686
2018-07-02,4.379784,,,1.811925,2.822252,4.351137,4.828031,,4.412908,3.826556,2.297727,5.035468,4.589256,4.367106,1.315739,4.308924,4.413055
2018-07-03,4.352819,,,1.811925,2.798570,4.350681,4.767066,,4.401832,3.827985,2.280745,5.011353,4.593370,4.303943,1.306678,4.289778,4.361978
2018-07-05,4.404998,,,1.811925,2.820576,4.403731,4.844529,,4.455201,3.873344,2.316899,5.045914,4.650925,4.365735,1.323079,4.373126,4.416120
2018-07-06,4.475360,,,1.811925,2.839666,4.441608,4.897436,,4.550241,4.009452,2.353876,5.104637,4.700478,4.429654,1.343337,4.413796,4.484819
2018-07-09,4.518033,,,1.811925,2.895300,4.441760,4.926198,,4.606322,4.046202,2.361819,5.165207,4.713558,4.489155,1.352540,4.439668,4.525169
2018-07-10,4.524029,,,1.811925,2.894545,4.468512,4.955202,,4.592934,4.038168,2.360175,5.164606,4.723506,4.522411,1.355754,4.454708,4.528489
2018-07-11,4.488660,,,1.811925,2.879316,4.468817,4.888644,,4.566234,4.026456,2.362366,5.122625,4.702154,4.494409,1.346595,4.430064,4.505505
2018-07-12,4.541571,,,1.811925,2.896754,4.501445,4.955991,,4.610343,4.095482,2.441249,5.170781,4.751578,4.585824,1.377624,4.426697,4.583142
2018-07-13,4.544489,,,1.811925,2.921795,4.536928,4.944962,,4.604074,4.103420,2.410025,5.178453,4.755115,4.577403,1.374370,4.402426,4.586973
2018-07-16,4.528885,,,1.811925,2.901613,4.492655,4.932326,,4.601757,4.082630,2.403999,5.161827,4.726755,4.568481,1.372226,4.391158,4.575991
2018-07-17,4.554425,,,1.811925,2.920667,4.533071,4.980516,,4.566790,4.110837,2.426185,5.207619,4.742964,4.582976,1.373950,4.409935,4.603828
2018-07-18,4.552792,,,1.811925,2.961981,4.479464,4.997436,,4.523927,4.094827,2.416324,5.218762,4.715726,4.577984,1.369842,4.395923,4.595145
2018-07-19,4.531991,,,1.811925,2.965668,4.499386,4.969226,,4.470858,4.107720,2.393317,5.186279,4.709748,4.541867,1.370209,4.395742,4.572160
2018-07-20,4.519990,,,1.811925,2.986689,4.494757,4.945762,,4.466539,4.100916,2.395782,5.154467,4.708900,4.533819,1.368728,4.381899,4.571139
2018-07-23,4.532753,,,1.811925,3.004017,4.480798,4.949230,,4.469666,4.114772,2.444262,5.190786,4.707308,4.544460,1.374785,4.402882,4.585696
2018-07-24,4.510019,,,1.811925,2.973400,4.471206,4.915610,,4.447394,4.134779,2.503698,5.142107,4.702927,4.533414,1.375752,4.399076,4.604594
2018-07-25,4.560046,,,1.811925,3.023199,4.508567,4.970334,,4.468479,4.192354,2.502602,5.214051,4.730223,4.590560,1.390084,4.457792,4.668951
2018-07-26,4.556992,,,1.811925,3.041825,4.552199,5.005103,,4.442521,4.137161,2.441523,5.195903,4.749658,4.565784,1.389578,4.496709,4.598210
2018-07-27,4.508980,,,1.811925,3.020868,4.504988,4.938206,,4.410490,4.075462,2.340729,5.164288,4.705267,4.457757,1.357203,4.448845,4.536151
2018-07-30,4.459078,,,1.811925,2.986439,4.512287,4.851614,,4.388487,4.047459,2.256642,5.104478,4.665841,4.317174,1.338787,4.438761,4.472049
2018-07-31,4.501695,,,1.811925,3.022102,4.535483,4.890089,,4.432680,4.118478,2.249795,5.141310,4.699091,4.391537,1.350896,4.453267,4.506271
2018-08-01,4.486944,,,1.811925,3.003277,4.470120,4.889811,,4.405609,4.111859,2.285949,5.117032,4.699193,4.401234,1.361549,4.415472,4.523382
2018-08-02,4.525817,,,1.811925,3.020587,4.511728,4.935355,,4.415712,4.167979,2.342646,5.163338,4.690633,4.490841,1.375383,4.413901,4.584930
2018-08-03,4.539964,,,1.811925,3.024435,4.600006,4.940305,,4.469751,4.153679,2.333333,5.165443,4.759920,4.517762,1.383288,4.481060,4.598976
2018-08-06,4.560866,,,1.811925,3.047507,4.568985,4.970666,,4.498322,4.152264,2.349219,5.198300,4.766969,4.545761,1.386558,4.483731,4.626047
2018-08-07,4.575273,,,1.811925,3.067217,4.579199,4.992894,,4.493446,4.139030,2.363736,5.242773,4.773804,4.569901,1.395134,4.496954,4.642902
2018-08-08,4.563576,,,1.811925,3.064253,4.536483,5.002283,,4.483046,4.111387,2.375787,5.205656,4.759223,4.592601,1.392088,4.470438,4.648520
2018-08-09,4.547916,,,1.811925,3.055501,4.536561,4.970044,,4.452434,4.100290,2.387565,5.222072,4.745159,4.584866,1.394426,4.426457,4.645711
2018-08-10,4.508803,,,1.811925,3.043598,4.528331,4.904186,,4.431974,4.066620,2.383183,5.178828,4.732424,4.570919,1.380449,4.379458,4.610213
2018-08-13,4.494680,,,1.811925,3.032658,4.520178,4.899171,,4.401588,4.070038,2.383183,5.138657,4.714242,4.556615,1.380319,4.375163,4.605105
2018-08-14,4.511974,,,1.811925,3.067906,4.568450,4.909681,,4.397741,4.098068,2.402903,5.153173,4.719685,4.586465,1.387217,4.399608,4.633964
2018-08-15,4.452044,,,1.811925,3.065605,4.549775,4.852586,,4.305099,4.042068,2.333333,5.066279,4.697208,4.467148,1.368940,4.362322,4.577268
2018-08-16,4.470738,,,1.811925,3.093235,4.599716,4.877699,,4.311222,4.069722,2.336894,5.057264,4.734541,4.454178,1.379047,4.419855,4.592336
2018-08-17,4.473433,,,1.811925,3.107538,4.651137,4.869911,,4.307974,4.087725,2.340455,5.044582,4.764727,4.415188,1.378018,4.440135,4.593357
2018-08-20,4.485761,,,1.811925,3.150565,4.647296,4.867389,,4.324293,4.080680,2.348672,5.085898,4.769046,4.447412,1.375437,4.441286,4.589271
2018-08-21,4.523065,,,1.811925,3.162719,4.630911,4.919154,,4.372700,4.106459,2.361545,5.131371,4.767475,4.516566,1.383722,4.459566,4.606127
2018-08-22,4.530198,,,1.811925,3.143466,4.593599,4.940837,,4.375494,4.135189,2.381539,5.123281,4.772014,4.585391,1.388664,4.454981,4.624003
2018-08-23,4.515548,,,1.811925,3.127909,4.582934,4.951518,,4.312130,4.110091,2.393317,5.117544,4.788166,4.598794,1.388782,4.428855,4.617363
2018-08-24,4.567567,,,1.811925,3.134735,4.592757,5.026939,,4.396964,4.131320,2.467817,5.159360,4.815278,4.699474,1.406689,4.454419,4.660268
2018-08-27,4.609395,,,1.811925,3.151603,4.591349,5.068451,,4.450465,4.190524,2.464256,5.207277,4.823607,4.744614,1.418013,4.498671,4.707770
2018-08-28,4.612014,,,1.811925,3.155415,4.583433,5.080200,,4.433983,4.204914,2.481786,5.199986,4.803176,4.765219,1.422736,4.511872,4.714665
2018-08-29,4.639678,,,1.811925,3.154763,4.616898,5.099289,,4.469711,4.260999,2.536839,5.218602,4.836907,4.828788,1.439539,4.514452,4.769062
2018-08-30,4.596840,,,1.811925,3.134963,4.450849,5.067397,,4.419296,4.254148,2.522323,5.152888,4.800689,4.836709,1.434238,4.454421,4.760635
2018-08-31,4.608246,,,1.811925,3.145099,4.475526,5.083287,,4.401274,4.260630,2.528896,5.187635,4.816620,4.833430,1.437178,4.469584,4.766764
2018-09-04,4.579174,,,1.811925,3.164021,4.449346,5.051661,,4.359444,4.206495,2.549165,5.162650,4.806468,4.804801,1.434761,4.396898,4.746333
2018-09-05,4.529516,,,1.811925,3.167563,4.513567,4.994428,,4.275887,4.199228,2.439058,5.049796,4.813573,4.678756,1.414841,4.419977,4.685041
2018-09-06,4.494686,,,1.811925,3.151938,4.507203,4.919446,,4.268202,4.157816,2.437688,5.047202,4.845478,4.645843,1.411185,4.382436,4.643157
2018-09-07,4.483139,,,1.811925,3.133512,4.488592,4.904108,,4.274656,4.129526,2.432758,5.049230,4.843454,4.640791,1.407424,4.406184,4.625280
2018-09-10,4.514834,,,1.811925,3.177541,4.522812,4.934826,,4.310489,4.147986,2.459600,5.079547,4.856438,4.669943,1.416649,4.451384,4.640859
2018-09-11,4.512504,,,1.811925,3.183692,4.507661,4.908234,,4.338040,4.138796,2.504245,5.093818,4.870876,4.690888,1.417046,4.411051,4.676613
2018-09-12,4.511461,,,1.811925,3.168431,4.548352,4.869375,,4.356397,4.164138,2.530813,5.113121,4.859808,4.684725,1.413543,4.442244,4.662822
2018-09-13,4.553899,,,1.811925,3.168561,4.564715,4.934559,,4.422347,4.206195,2.525062,5.126324,4.887959,4.706416,1.428673,4.485330,4.712622
2018-09-14,4.554717,,,1.811925,3.168094,4.543861,4.948478,,4.409957,4.202127,2.486442,5.133710,4.868023,4.734437,1.423184,4.483254,4.698831
2018-09-17,4.503645,,,1.811925,3.159386,4.532283,4.879994,,4.359893,4.150090,2.428924,5.077962,4.825038,4.641289,1.405853,4.460270,4.631154
2018-09-18,4.539369,,,1.811925,3.190171,4.508986,4.927550,,4.410530,4.187896,2.457409,5.093745,4.852863,4.729911,1.420658,4.504001,4.669462
2018-09-19,4.547055,,,1.811925,3.178650,4.492217,4.914101,,4.440315,4.173525,2.446179,5.169916,4.816684,4.689456,1.416764,4.502298,4.665887
2018-09-20,4.593642,,,1.811925,3.182314,4.548854,4.978641,,4.496952,4.215050,2.481512,5.198662,4.862471,4.725055,1.432317,4.561555,4.717474
2018-09-21,4.586975,,,1.811925,3.202474,4.526341,4.972855,,4.484295,4.206414,2.482060,5.184008,4.887866,4.697009,1.432507,4.583475,4.691681
2018-09-24,4.567096,,,1.811925,3.164452,4.483776,4.985273,,4.420729,4.217392,2.454670,5.136455,4.857641,4.740060,1.427378,4.553475,4.704729
2018-09-25,4.552337,,,1.811925,3.151724,4.455068,4.951757,,4.446672,4.209897,2.466174,5.110233,4.856683,4.759812,1.423137,4.512209,4.711125
2018-09-26,4.555952,,,1.811925,3.132397,4.446617,4.919736,,4.459284,4.244511,2.460970,5.167953,4.831088,4.731427,1.419538,4.472052,4.714451
2018-09-27,4.576321,,,1.811925,3.126185,4.423223,4.935571,,4.499453,4.295168,2.437414,5.185855,4.827904,4.749695,1.425075,4.473306,4.754363
2018-09-28,4.572061,,,1.811925,3.118801,4.419097,4.969399,,4.476793,4.296082,2.405916,5.122629,4.834238,4.753720,1.429242,4.477034,4.753339
2018-10-01,4.571179,,,1.811925,3.118846,4.415762,4.965853,,4.463072,4.298308,2.397973,5.139071,4.812492,4.779168,1.434235,4.481980,4.763061
2018-10-02,4.553099,,,1.811925,3.098667,4.427763,4.969091,,4.413749,4.276305,2.374144,5.107264,4.825153,4.711351,1.441672,4.493614,4.752316
2018-10-03,4.554820,,,1.811925,3.114521,4.392489,4.981135,,4.401060,4.273965,2.387017,5.109094,4.800655,4.704569,1.441442,4.509541,4.757433
2018-10-04,4.466032,,,1.811925,3.079637,4.361488,4.882076,,4.322156,4.163367,2.310052,4.997717,4.750397,4.581614,1.418624,4.451896,4.666096
2018-10-05,4.413863,,,1.811925,3.051575,4.318286,4.821575,,4.265985,4.144368,2.278280,4.913490,4.727179,4.515035,1.401303,4.416576,4.609043
2018-10-08,4.384047,,,1.811925,3.046970,4.388890,4.753955,,4.265951,4.101406,2.206245,4.894445,4.717504,4.449545,1.389826,4.388599,4.580900
2018-10-09,4.375234,,,1.811925,2.994850,4.378448,4.735871,,4.241061,4.118022,2.192002,4.930452,4.734921,4.446282,1.391859,4.333508,4.595739
2018-10-10,4.208978,,,1.811925,2.841779,4.324515,4.539535,,4.076050,3.980497,2.066557,4.755992,4.562533,4.220589,1.330841,4.219507,4.393621
2018-10-11,4.159921,,,1.811925,2.797147,4.210001,4.483866,,4.059824,3.908485,2.078882,4.725711,4.484386,4.171170,1.312723,4.137386,4.339127
2018-10-12,4.254531,,,1.811925,2.810568,4.259206,4.584425,,4.176888,4.009249,2.164612,4.848029,4.564723,4.323625,1.347836,4.159919,4.459885
2018-10-15,4.224417,,,1.811925,2.827278,4.232794,4.535098,,4.172540,3.959917,2.115311,4.818245,4.536018,4.241753,1.327597,4.150528,4.405902
2018-10-16,4.345851,,,1.811925,2.892996,4.337187,4.675993,,4.271520,4.123937,2.207888,4.918148,4.628924,4.418011,1.376480,4.245399,4.534080
2018-10-17,4.340882,,,1.811925,2.866663,4.333060,4.679281,,4.273574,4.131412,2.193646,4.893998,4.641096,4.414784,1.374877,4.237054,4.535871
2018-10-18,4.246354,,,1.811925,2.801140,4.299408,4.583624,,4.168644,4.035513,2.122158,4.776283,4.598382,4.314035,1.349244,4.165135,4.430719
2018-10-19,4.222983,,,1.811925,2.794927,4.352411,4.554146,,4.155603,3.982933,2.322104,4.711953,4.604719,4.224024,1.356314,4.185159,4.426625
2018-10-22,4.231117,,,1.811925,2.796742,4.311654,4.573707,,4.150862,3.974318,2.339907,4.747628,4.611242,4.266726,1.367286,4.149296,4.449396
2018-10-23,4.214130,,,1.811925,2.743687,4.325547,4.578619,,4.117688,3.937868,2.398521,4.731570,4.595203,4.228033,1.368527,4.117869,4.433022
2018-10-24,4.017317,,,1.811925,2.654105,4.270256,4.335772,,3.889190,3.722392,2.275815,4.559109,4.469822,3.976205,1.300178,3.947047,4.230137
2018-10-25,4.108211,,,1.811925,2.708798,4.290938,4.459269,,4.013440,3.709091,2.354423,4.700400,4.541180,4.014613,1.340505,4.004369,4.376480
2018-10-26,4.041885,,,1.811925,2.696253,4.199625,4.339688,,3.938440,3.688696,2.283484,4.679795,4.455695,3.891749,1.322428,3.852480,4.263908
2018-10-29,4.001036,,,1.811925,2.704564,4.238866,4.272024,,3.879021,3.667836,2.222679,4.633553,4.450738,3.781840,1.310435,3.824820,4.176153
2018-10-30,4.082693,,,1.811925,2.799514,4.340174,4.367503,,3.969086,3.715341,2.215831,4.698006,4.513716,3.865732,1.333084,3.904644,4.244976
2018-10-31,4.165944,,,1.811925,2.832588,4.323937,4.466899,,4.113852,3.738722,2.305944,4.808692,4.598748,3.960765,1.354385,3.924969,4.344755
2018-11-01,4.264677,,,1.811925,2.852991,4.387327,4.585883,,4.192083,3.827968,2.329225,4.970598,4.569296,4.017605,1.361757,4.057064,4.402064
2018-11-02,4.241123,,,1.811925,2.845667,4.292929,4.549414,,4.141303,3.810428,2.287319,5.017586,4.607405,4.014471,1.338166,4.009549,4.333498
2018-11-05,4.242087,,,1.811925,2.835593,4.371016,4.544546,,4.142692,3.817841,2.302109,5.000465,4.649865,3.992085,1.347574,4.044879,4.322752
2018-11-06,4.269798,,,1.811925,2.855950,4.413925,4.607029,,4.144873,3.832467,2.319638,4.993346,4.687557,4.007737,1.351761,4.088804,4.355501
2018-11-07,4.373766,,,1.811925,2.925505,4.454962,4.700339,,4.248249,3.978297,2.416598,5.113024,4.785548,4.196563,1.390447,4.139366,4.492122
2018-11-08,4.332507,,,1.811925,2.930083,4.438818,4.696462,,4.153290,3.953719,2.438784,4.981498,4.796888,4.171727,1.378298,4.097393,4.463467
2018-11-09,4.262768,,,1.811925,2.891624,4.483263,4.605067,,4.068191,3.879309,2.376335,4.919906,4.782410,4.093128,1.354760,4.031133,4.388249
2018-11-12,4.154364,,,1.811925,2.876969,4.431671,4.440011,,3.973347,3.757762,2.294714,4.846026,4.724450,3.899061,1.317519,3.937334,4.255465
2018-11-13,4.174982,,,1.811925,2.894360,4.444685,4.470784,,3.993480,3.761831,2.294714,4.869258,4.747752,3.934890,1.316121,3.992486,4.259047
2018-11-14,4.168514,,,1.811925,2.911462,4.387578,4.448759,,4.025748,3.725461,2.302109,4.884947,4.720495,3.886946,1.306053,4.004211,4.226555
2018-11-15,4.248132,,,1.811925,2.959729,4.391238,4.585300,,4.083312,3.792882,2.375787,4.922417,4.775482,3.952950,1.333637,4.065620,4.300494
2018-11-16,4.237952,,,1.811925,2.959450,4.397388,4.557801,,4.069333,3.814796,2.329773,4.909971,4.800097,3.877843,1.337347,4.067586,4.285399
2018-11-19,4.115918,,,1.811925,2.936196,4.406930,4.378067,,3.953727,3.700361,2.194741,4.787291,4.756490,3.638417,1.300427,4.012608,4.146220
2018-11-20,4.051528,,,1.811925,2.865970,4.293981,4.349117,,3.864641,3.689107,2.129827,4.643276,4.659385,3.623360,1.272410,3.970988,4.072025
2018-11-21,4.101526,,,1.811925,2.905322,4.300939,4.396367,,3.948620,3.712489,2.167078,4.709738,4.687459,3.665402,1.280640,4.014176,4.102982
2018-11-23,4.091681,,,1.811925,2.913165,4.339940,4.387127,,3.938490,3.714498,2.135031,4.659017,4.683670,3.663109,1.273158,4.017856,4.073304
2018-11-26,4.180025,,,1.811925,2.954519,4.335108,4.480493,,4.034011,3.793968,2.214736,4.798161,4.750599,3.758292,1.296069,4.095208,4.167455
2018-11-27,4.191255,,,1.811925,2.950735,4.373681,4.479127,,4.035480,3.821028,2.245138,4.827087,4.794630,3.757437,1.307425,4.120009,4.181526
2018-11-28,4.295415,,,1.811925,3.024010,4.425935,4.609029,,4.116722,3.920760,2.354971,4.936087,4.888051,3.945617,1.350807,4.169415,4.316100
2018-11-29,4.271536,,,1.811925,3.000328,4.480632,4.561002,,4.120867,3.898337,2.307861,4.907570,4.857555,3.932284,1.348558,4.131621,4.302029
2018-11-30,4.308795,,,1.811925,3.028453,4.486138,4.637759,,4.126639,3.943232,2.350315,4.900074,4.884051,3.965867,1.361230,4.165986,4.333242
2018-12-03,4.370402,,,1.811925,3.025679,4.499281,4.727828,,4.131842,4.012654,2.409751,5.015278,4.903405,4.016817,1.377292,4.202315,4.408972
2018-12-04,4.213169,,,1.811925,2.892394,4.403767,4.527976,,4.007747,3.870911,2.305944,4.863943,4.757948,3.868379,1.326419,4.040389,4.239859
2018-12-06,4.228774,,,1.811925,2.885179,4.424659,4.531046,,4.063170,3.884771,2.350589,4.873254,4.756710,3.898808,1.342750,4.031335,4.269793
2018-12-07,4.090158,,,1.811925,2.770172,4.327133,4.362402,,3.969707,3.761316,2.267050,4.707660,4.629847,3.734829,1.291334,3.937605,4.128822
2018-12-10,4.121664,,,1.811925,2.774099,4.310945,4.416653,,3.984851,3.804608,2.326212,4.726901,4.646342,3.779833,1.308450,3.952805,4.172060
2018-12-11,4.132312,,,1.811925,2.773054,4.352996,4.431167,,3.977695,3.820873,2.342098,4.738752,4.654443,3.804396,1.314506,3.967808,4.185876
2018-12-12,4.178907,,,1.811925,2.793881,4.348598,4.475103,,4.030341,3.872942,2.369214,4.814392,4.676189,3.864836,1.322443,3.997922,4.222717
2018-12-13,4.156162,,,1.811925,2.762383,4.297100,4.458943,,4.022777,3.843083,2.398247,4.781675,4.657986,3.858734,1.327993,3.981790,4.223996
2018-12-14,4.072340,,,1.811925,2.709739,4.186174,4.353458,,3.961363,3.765456,2.353328,4.702920,4.538281,3.710379,1.282850,3.907138,4.121147
2018-12-17,3.995036,,,1.811925,2.675459,4.109958,4.270310,,3.893490,3.697495,2.303478,4.588396,4.444260,3.612891,1.255740,3.863647,4.027763
2018-12-18,4.003231,,,1.811925,2.684800,4.096318,4.306372,,3.904901,3.659165,2.342098,4.585375,4.420199,3.651779,1.265020,3.867556,4.053092
2018-12-19,3.914205,,,1.811925,2.632908,4.031836,4.188034,,3.829290,3.581040,2.301561,4.497971,4.393092,3.594190,1.240226,3.785001,3.953569
2018-12-20,3.865261,,,1.811925,2.603541,3.978785,4.136847,,3.792126,3.548162,2.258012,4.414559,4.344700,3.511679,1.221278,3.787777,3.896259
2018-12-21,3.774518,,,1.811925,2.568029,3.925983,4.036565,,3.674042,3.454997,2.140236,4.333038,4.254142,3.402922,1.189604,3.731865,3.775501
2018-12-24,3.689181,,,1.811925,2.499528,3.852026,3.933009,,3.610108,3.387723,2.110655,4.228864,4.158906,3.325815,1.160268,3.626456,3.681876
2018-12-26,3.890543,,,1.811925,2.633113,3.972433,4.151756,,3.776300,3.587440,2.267872,4.498138,4.326883,3.549442,1.230325,3.787619,3.911768
2018-12-27,3.919738,,,1.811925,2.660556,3.994700,4.203780,,3.780207,3.608565,2.309230,4.513640,4.382120,3.582965,1.240888,3.821772,3.926907
2018-12-28,3.916498,,,1.811925,2.648281,3.990641,4.209097,,3.772274,3.592220,2.280471,4.522633,4.366002,3.578168,1.238390,3.820326,3.924854
2018-12-31,3.938638,,,1.811925,2.659025,4.016823,4.236680,,3.766384,3.645226,2.303205,4.535525,4.392548,3.630502,1.250195,3.828684,3.957952
2019-01-02,3.951325,,,1.811925,2.659023,4.024073,4.253018,,3.812002,3.614187,2.348672,4.556837,4.379317,3.615911,1.250606,3.876325,3.973860
2019-01-03,3.836270,,,1.811925,2.577929,3.987004,4.043069,,3.756634,3.577202,2.248425,4.448841,4.276960,3.533655,1.200897,3.750471,3.844032
2019-01-04,4.002979,,,1.811925,2.688170,4.102408,4.221021,,3.936950,3.728917,2.362914,4.643112,4.436055,3.707061,1.253422,3.881374,4.008498
2019-01-07,4.054010,,,1.811925,2.699886,4.170341,4.274890,,3.953764,3.777134,2.380992,4.752034,4.433549,3.786018,1.260371,3.927361,4.056221
2019-01-08,4.081479,,,1.811925,2.731510,4.254237,4.290600,,3.962351,3.795124,2.429471,4.806027,4.481639,3.812848,1.273383,3.906069,4.092912
2019-01-09,4.126994,,,1.811925,2.751946,4.247924,4.371216,,3.973717,3.848526,2.452753,4.840185,4.488422,3.877645,1.284504,3.951615,4.126267
2019-01-10,4.149409,,,1.811925,2.755257,4.260315,4.407995,,3.965393,3.908615,2.484251,4.840103,4.526997,3.895239,1.291304,3.980081,4.138069
2019-01-11,4.153895,,,1.811925,2.760024,4.283209,4.415876,,3.968421,3.901333,2.482881,4.844412,4.505844,3.894343,1.289613,3.995310,4.122931
2019-01-14,4.107310,,,1.811925,2.753907,4.290249,4.349866,,3.937461,3.843283,2.476856,4.782267,4.485552,3.842352,1.276633,3.957496,4.086497
2019-01-15,4.159458,,,1.811925,2.762261,4.318489,4.385852,,4.012934,3.921009,2.508902,4.856441,4.542170,3.942573,1.296763,3.958226,4.166293
2019-01-16,4.155717,,,1.811925,2.775199,4.274494,4.369101,,4.028172,3.923044,2.480142,4.858977,4.519716,3.949641,1.294468,3.944180,4.165523
2019-01-17,4.190657,,,1.811925,2.833060,4.305269,4.402467,,4.024174,3.986032,2.476034,4.894752,4.563631,3.994139,1.302183,3.950311,4.198365
2019-01-18,4.257719,,,1.811925,2.919988,4.350178,4.513895,,4.043254,4.030643,2.495755,4.931999,4.643139,4.031313,1.318153,4.045487,4.239930
2019-01-22,4.182001,,,1.811925,2.875724,4.344409,4.415794,,3.960791,3.979003,2.463435,4.839327,4.624267,3.953353,1.295667,3.972023,4.155003
2019-01-23,4.173212,,,1.811925,2.845977,4.330346,4.416657,,3.960602,3.947823,2.478773,4.839462,4.661955,3.954370,1.305168,3.953144,4.160391
2019-01-24,4.228324,,,1.811925,2.873933,4.307879,4.553167,,3.958345,3.955025,2.525336,4.877515,4.658932,3.950113,1.315217,4.005776,4.187332
2019-01-25,4.301369,,,1.811925,2.924281,4.329608,4.664230,,4.003307,3.995594,2.582306,4.966553,4.719887,3.965084,1.318454,4.090863,4.237364
2019-01-28,4.268271,,,1.811925,2.921569,4.331424,4.615128,,3.977060,3.924967,2.528075,4.969444,4.712675,3.903663,1.301067,4.072089,4.185023
2019-01-29,4.247363,,,1.811925,2.948951,4.339400,4.559033,,3.953485,3.934395,2.495755,4.948906,4.703363,3.850360,1.294354,4.068911,4.145510
2019-01-30,4.324751,,,1.811925,2.978676,4.359011,4.679545,,4.024165,3.955461,2.531361,5.057253,4.774597,3.927931,1.312086,4.136450,4.250963
2019-01-31,4.377014,,,1.811925,2.977062,4.468712,4.696849,,4.163727,4.032609,2.431115,5.089190,4.807193,3.987992,1.314664,4.170602,4.314594
2019-02-01,4.403441,,,1.811925,2.991900,4.441441,4.763184,,4.178633,4.028315,2.465352,5.100986,4.814871,3.979982,1.318701,4.196642,4.296377
2019-02-04,4.441563,,,1.811925,3.025019,4.475774,4.819448,,4.239239,4.019026,2.510545,5.126136,4.851762,4.045299,1.333565,4.215413,4.349745
2019-02-05,4.471719,,,1.811925,3.045809,4.469996,4.850008,,4.266633,4.021752,2.527253,5.207913,4.896004,4.080625,1.344386,4.221496,4.388231
2019-02-06,4.477621,,,1.811925,3.036772,4.459170,4.933498,,4.171892,4.012486,2.526705,5.197382,4.925157,4.062053,1.351125,4.251546,4.375146
2019-02-07,4.421870,,,1.811925,3.032019,4.453639,4.851893,,4.155642,3.924161,2.488359,5.131871,4.898392,4.020834,1.333826,4.176762,4.316390
2019-02-08,4.433806,,,1.811925,3.046707,4.461434,4.878725,,4.153611,3.940601,2.516297,5.118878,4.935738,4.058760,1.339098,4.205474,4.324857
2019-02-11,4.435102,,,1.811925,3.072857,4.474859,4.876779,,4.103173,3.955409,2.538757,5.144099,4.940183,4.079044,1.339237,4.200312,4.320752
2019-02-12,4.500476,,,1.811925,3.111179,4.523264,4.970817,,4.145965,4.008980,2.585045,5.210200,4.984991,4.168983,1.357701,4.240930,4.384639
2019-02-13,4.508200,,,1.811925,3.124189,4.530290,4.975905,,4.139372,4.020158,2.574911,5.233840,4.998056,4.150459,1.357167,4.256704,4.387718
2019-02-14,4.513041,,,1.811925,3.120971,4.512829,4.988975,,4.168778,4.024032,2.586141,5.206841,4.991059,4.167115,1.362470,4.254094,4.393106
2019-02-15,4.539808,,,1.811925,3.142736,4.549607,5.015102,,4.182125,4.079819,2.599562,5.216294,5.039684,4.200966,1.374890,4.287626,4.411580
2019-02-19,4.544001,,,1.811925,3.141892,4.552523,5.009523,,4.194519,4.071670,2.602575,5.248936,5.027074,4.216126,1.373324,4.286572,4.420304
2019-02-20,4.547233,,,1.811925,3.137294,4.564200,5.029051,,4.186306,4.048808,2.594632,5.264466,5.008750,4.201857,1.374197,4.310544,4.419534
2019-02-21,4.514751,,,1.811925,3.132289,4.555724,5.002181,,4.155655,3.982556,2.600931,5.224589,5.014503,4.195619,1.374502,4.269761,4.403369
2019-02-22,4.545438,,,1.811925,3.145071,4.280841,5.080382,,4.179198,4.014044,2.628869,5.290429,5.047907,4.269374,1.388438,4.208159,4.435955
2019-02-25,4.555884,,,1.811925,3.140176,4.260025,5.110203,,4.160189,4.052009,2.648589,5.286082,5.037309,4.273607,1.397807,4.221167,4.452119
2019-02-26,4.553419,,,1.811925,3.142718,4.234557,5.102696,,4.170147,4.037081,2.645577,5.299413,5.045841,4.275503,1.401718,4.189772,4.456737
2019-02-27,4.551666,,,1.811925,3.137153,4.201068,5.072122,,4.148600,4.067055,2.680362,5.356518,5.048310,4.286180,1.404067,4.145077,4.453915
2019-02-28,4.557482,,,1.811925,3.136966,4.307814,5.068005,,4.155202,4.068667,2.686113,5.348216,5.046254,4.280351,1.402414,4.172233,4.443652
2019-03-01,4.589615,,,1.811925,3.120820,4.303894,5.097001,,4.165009,4.191694,2.706108,5.360571,5.072673,4.286548,1.410394,4.191954,4.474441
2019-03-04,4.569495,,,1.811925,3.101140,4.311516,5.083480,,4.158235,4.121213,2.645029,5.362779,5.043518,4.209437,1.403295,4.191115,4.475211
2019-03-05,4.569626,,,1.811925,3.075500,4.281033,5.057909,,4.202154,4.075923,2.643933,5.449291,5.046649,4.208834,1.400641,4.185152,4.478546
2019-03-06,4.535641,,,1.811925,3.061484,4.306533,5.008761,,4.208477,3.978624,2.642016,5.431662,5.014075,4.191958,1.391877,4.151318,4.453145
2019-03-07,4.487727,,,1.811925,3.042183,4.300914,4.962625,,4.174396,3.940452,2.635168,5.312073,4.982822,4.147599,1.381474,4.097750,4.398494
2019-03-08,4.479245,,,1.811925,3.032021,4.326093,4.972396,,4.144735,3.930904,2.620926,5.280476,4.988328,4.134202,1.385686,4.119627,4.391823
2019-03-11,4.559380,,,1.811925,3.071461,4.365559,5.080132,,4.210119,4.014246,2.669132,5.357619,5.047329,4.200503,1.413230,4.202027,4.483165
2019-03-12,4.573067,,,1.811925,3.057785,4.344568,5.099089,,4.236645,4.052637,2.670501,5.352394,5.068334,4.223647,1.421760,4.197466,4.507796
2019-03-13,4.609005,,,1.811925,3.096640,4.366148,5.114253,,4.295491,4.095370,2.720077,5.393385,5.103752,4.247408,1.436123,4.222121,4.541664
2019-03-14,4.595447,,,1.811925,3.081506,4.328710,5.115390,,4.283391,4.079830,2.712408,5.361727,5.112580,4.259881,1.436434,4.197702,4.533967
2019-03-15,4.642030,,,1.811925,3.065161,4.343935,5.201277,,4.321018,4.123180,2.758970,5.397191,5.148299,4.285488,1.449939,4.266205,4.576046
2019-03-18,4.647143,,,1.811925,3.090589,4.372729,5.199855,,4.310647,4.112123,2.746371,5.427282,5.161140,4.299664,1.452163,4.282641,4.586944
2019-03-19,4.655213,,,1.811925,3.065397,4.344548,5.222149,,4.325896,4.117453,2.781156,5.437854,5.160038,4.309627,1.454282,4.289262,4.602367
2019-03-20,4.645160,,,1.811925,3.045246,4.319277,5.188448,,4.343743,4.115375,2.802246,5.447416,5.141118,4.338314,1.453066,4.248776,4.620617
2019-03-21,4.710700,,,1.811925,3.081416,4.326199,5.348084,,4.379378,4.081764,2.852643,5.504953,5.201315,4.412288,1.478645,4.341558,4.692846
2019-03-22,4.599552,,,1.811925,2.997092,4.300475,5.207451,,4.284191,3.975086,2.773761,5.386161,5.127890,4.299763,1.447312,4.243361,4.589772
2019-03-25,4.597728,,,1.811925,3.001532,4.330045,5.180164,,4.272462,3.983481,2.781430,5.417349,5.141594,4.327698,1.441960,4.237319,4.581032
2019-03-26,4.634365,,,1.811925,3.024358,4.370412,5.223565,,4.271127,4.046654,2.825253,5.456567,5.202920,4.357063,1.453918,4.276722,4.602367
2019-03-27,4.603725,,,1.811925,3.046369,4.371352,5.159742,,4.239674,3.995186,2.823062,5.464484,5.189161,4.318464,1.448582,4.224324,4.572807
2019-03-28,4.616150,,,1.811925,3.075250,4.371321,5.170624,,4.217493,4.011402,2.844700,5.505510,5.219117,4.345363,1.452640,4.233933,4.583346
2019-03-29,4.663101,,,1.811925,3.099695,4.393566,5.256023,,4.208552,4.071617,2.844152,5.550546,5.262915,4.390570,1.462157,4.288253,4.618047
2019-04-01,4.736300,,,1.811925,3.155011,4.360948,5.359350,,4.282441,4.096762,2.890989,5.666804,5.299492,4.463082,1.482265,4.344123,4.679223
2019-04-02,4.750578,,,1.811925,3.161954,4.339717,5.375295,,4.319599,4.122315,2.882224,5.657880,5.306802,4.465740,1.484375,4.345238,4.696959
2019-04-03,4.789800,,,1.811925,3.173163,4.345994,5.445649,,4.372709,4.116341,2.867434,5.706507,5.326339,4.472470,1.495508,4.379164,4.723949
2019-04-04,4.778463,,,1.811925,3.178375,4.375602,5.405768,,4.391650,4.104441,2.861134,5.688285,5.292107,4.416242,1.495395,4.382835,4.722149
2019-04-05,4.818737,,,1.811925,3.183589,4.397392,5.438939,,4.425986,4.173507,2.895919,5.747276,5.314040,4.446552,1.501812,4.401341,4.746568
2019-04-08,4.823346,,,1.811925,3.183934,4.372711,5.457063,,4.432122,4.148865,2.918926,5.769512,5.308161,4.447797,1.510329,4.394698,4.758649
2019-04-09,4.792133,,,1.811925,3.147386,4.389267,5.417645,,4.427383,4.105040,2.928787,5.722199,5.289815,4.423831,1.504936,4.346310,4.741942
2019-04-10,4.817107,,,1.811925,3.159799,4.405232,5.453085,,4.421076,4.153022,2.944673,5.746421,5.297284,4.482272,1.514691,4.370686,4.767389
2019-04-11,4.806790,,,1.811925,3.215931,4.396158,5.453091,,4.417059,4.090849,2.915913,5.716142,5.289961,4.486718,1.507559,4.361315,4.756079
2019-04-12,4.837086,,,1.811925,3.252513,4.373539,5.507130,,4.441303,4.094229,2.971241,5.745864,5.340572,4.494973,1.517984,4.403260,4.776642
2019-04-15,4.830361,,,1.811925,3.227618,4.436920,5.494632,,4.436834,4.080378,2.961928,5.742888,5.365912,4.490588,1.520627,4.410692,4.777414
2019-04-16,4.842960,,,1.811925,3.218846,4.425832,5.571778,,4.427963,4.008231,2.963572,5.777079,5.321907,4.469845,1.521410,4.548327,4.793864
2019-04-17,4.820222,,,1.811925,3.238664,4.449889,5.589828,,4.429863,3.848113,2.980279,5.754408,5.308471,4.408562,1.525424,4.583985,4.810572
2019-04-18,4.819333,,,1.811925,3.252739,4.460757,5.577763,,4.436671,3.857039,2.940564,5.742167,5.271485,4.380328,1.521995,4.572308,4.816741
2019-04-22,4.809070,,,1.811925,3.230634,4.444485,5.574617,,4.459621,3.845335,2.925500,5.693881,5.246276,4.391506,1.519103,4.535466,4.830365
2019-04-23,4.872999,,,1.811925,3.257304,4.490377,5.638645,,4.495271,3.924014,2.927965,5.806697,5.312375,4.471848,1.533960,4.640487,4.891798
2019-04-24,4.865425,,,1.811925,3.270697,4.507113,5.647401,,4.444135,3.902466,2.936730,5.807294,5.311878,4.467288,1.534771,4.617667,4.876375
2019-04-25,4.861685,,,1.811925,3.234577,4.506941,5.630739,,4.458492,3.943857,3.018899,5.764544,5.311739,4.465513,1.542345,4.582828,4.896168
2019-04-26,4.875885,,,1.811925,3.255665,4.540994,5.602516,,4.498260,3.977716,3.028211,5.793621,5.324709,4.462944,1.530576,4.598941,4.900537
2019-04-29,4.878177,,,1.811925,3.252678,4.546785,5.592818,,4.532756,3.957656,3.079704,5.806413,5.325410,4.434206,1.533054,4.603751,4.910048
2019-04-30,4.887583,,,1.811925,3.260548,4.572935,5.644885,,4.475244,3.971722,3.088743,5.793796,5.357599,4.459936,1.533483,4.648489,4.872006
2019-05-01,4.848081,,,1.811925,3.220526,4.526719,5.584010,,4.470676,3.950854,3.038620,5.744286,5.279450,4.367270,1.522773,4.614325,4.856326
2019-05-02,4.851603,,,1.811925,3.243547,4.504937,5.582146,,4.445086,3.978929,3.004656,5.761410,5.292456,4.393725,1.513550,4.597232,4.835248
2019-05-03,4.926844,,,1.811925,3.302431,4.602565,5.619547,,4.514716,4.064331,3.066557,5.900785,5.360881,4.516261,1.533765,4.669683,4.912362
2019-05-06,4.891222,,,1.811925,3.271012,4.594782,5.560794,,4.494348,4.084746,3.036154,5.814990,5.349272,4.506673,1.523807,4.634802,4.882287
2019-05-07,4.788199,,,1.811925,3.215389,4.519676,5.421066,,4.408797,4.014750,2.984114,5.687309,5.257738,4.408535,1.495325,4.549679,4.787181
2019-05-08,4.777750,,,1.811925,3.209579,4.528926,5.398387,,4.389636,4.027701,2.987401,5.672231,5.267163,4.415992,1.488439,4.533532,4.775100
2019-05-09,4.768241,,,1.811925,3.215772,4.549128,5.358948,,4.399075,4.024220,3.005478,5.668173,5.287945,4.427003,1.480844,4.519072,4.749396
2019-05-10,4.763822,,,1.811925,3.221810,4.575479,5.348670,,4.414791,3.992695,3.024103,5.661477,5.319082,4.454308,1.485649,4.530337,4.755308
2019-05-13,4.595887,,,1.811925,3.134544,4.474772,5.126573,,4.245709,3.884092,2.926048,5.461872,5.204744,4.308627,1.434682,4.356700,4.590286
2019-05-14,4.661645,,,1.811925,3.175763,4.488513,5.228173,,4.268404,3.925205,2.987949,5.564062,5.254301,4.387754,1.452534,4.416790,4.640666
2019-05-15,4.709730,,,1.811925,3.179856,4.526504,5.287693,,4.330624,3.965407,3.053958,5.610276,5.298802,4.441427,1.467985,4.447428,4.706212
2019-05-16,4.746132,,,1.811925,3.207371,4.573951,5.304435,,4.384301,4.009002,3.118872,5.651903,5.374577,4.520459,1.490849,4.431997,4.753509
2019-05-17,4.687189,,,1.811925,3.189176,4.560586,5.248545,,4.294757,3.986085,3.089565,5.532999,5.356680,4.477238,1.483129,4.400162,4.704927
2019-05-20,4.610610,,,1.811925,3.180730,4.539620,5.102519,,4.223625,3.953810,3.071761,5.470422,5.346926,4.406055,1.461425,4.306781,4.625501
2019-05-21,4.669626,,,1.811925,3.204639,4.546117,5.192203,,4.274534,3.997503,3.079430,5.538272,5.393326,4.449548,1.477762,4.365507,4.673825
2019-05-22,4.640505,,,1.811925,3.148404,4.542064,5.144184,,4.254241,4.026492,3.080526,5.481595,5.392239,4.455287,1.474864,4.269363,4.653004
2019-05-23,4.573454,,,1.811925,3.092879,4.495192,5.060734,,4.193148,3.995612,3.010134,5.392842,5.321290,4.398312,1.457962,4.212468,4.581803
2019-05-24,4.566338,,,1.811925,3.069864,4.494135,5.049102,,4.199553,4.006360,3.008765,5.369137,5.320844,4.450346,1.455607,4.189601,4.579490
2019-05-28,4.528308,,,1.811925,3.029866,4.384507,5.008207,,4.197138,3.942899,3.061901,5.349294,5.288001,4.467827,1.448990,4.106409,4.562268
2019-05-29,4.497303,,,1.811925,3.016735,4.331539,4.991861,,4.173431,3.891706,3.015064,5.302870,5.265372,4.378013,1.438745,4.120212,4.524740
2019-05-30,4.516953,,,1.811925,3.036385,4.343634,5.018159,,4.169144,3.910511,3.051493,5.335841,5.285153,4.423879,1.446969,4.124026,4.543761
2019-05-31,4.457959,,,1.811925,2.995934,4.360856,4.931914,,4.124891,3.851924,3.006026,5.277915,5.222231,4.381963,1.424245,4.045668,4.471275
2019-06-03,4.418385,,,1.811925,3.006661,4.408414,4.857621,,4.044001,3.869824,2.890167,5.232324,5.210906,4.315205,1.410849,4.074098,4.372827
2019-06-04,4.552685,,,1.811925,3.104646,4.443535,5.034788,,4.156559,3.954651,2.978088,5.412481,5.314718,4.395684,1.449164,4.224851,4.495951
2019-06-05,4.571625,,,1.811925,3.156002,4.472341,5.057469,,4.133927,3.984269,3.033963,5.423435,5.388055,4.455779,1.464329,4.203251,4.529366
2019-06-06,4.596453,,,1.811925,3.153638,4.512122,5.104671,,4.150972,3.966974,3.061627,5.471158,5.427828,4.502921,1.476168,4.220560,4.565353
2019-06-07,4.660674,,,1.811925,3.177919,4.575712,5.164287,,4.213846,4.041174,3.122980,5.557833,5.477387,4.578194,1.500476,4.238974,4.653519
2019-06-10,4.716270,,,1.811925,3.195758,4.639391,5.257096,,4.243623,4.059760,3.166804,5.629414,5.502128,4.642754,1.512706,4.327847,4.707755
2019-06-11,4.717486,,,1.811925,3.173696,4.641710,5.252111,,4.250811,4.043063,3.138866,5.679989,5.468100,4.616121,1.511689,4.339942,4.714181
2019-06-12,4.691833,,,1.811925,3.188504,4.655596,5.183320,,4.220076,4.057193,3.136127,5.657178,5.490337,4.627396,1.504120,4.280744,4.686934
2019-06-13,4.717240,,,1.811925,3.229875,4.629624,5.205330,,4.240599,4.070032,3.169543,5.713781,5.494476,4.644501,1.512834,4.330634,4.714695
2019-06-14,4.687677,,,1.811925,3.212873,4.660139,5.132396,,4.245852,4.051651,3.181868,5.686746,5.513108,4.581363,1.502590,4.267221,4.694646
2019-06-17,4.700026,,,1.811925,3.184365,4.645887,5.128109,,4.279061,4.102974,3.208984,5.703305,5.496990,4.580827,1.510305,4.262417,4.722920
2019-06-18,4.780688,,,1.811925,3.208432,4.664915,5.272920,,4.335638,4.143449,3.176664,5.792638,5.512254,4.661674,1.533486,4.391790,4.791551
2019-06-19,4.815673,,,1.811925,3.229691,4.700751,5.308677,,4.349434,4.183213,3.208436,5.852297,5.555475,4.696969,1.543901,4.415302,4.809544
2019-06-20,4.858131,,,1.811925,3.247679,4.755596,5.385349,,4.378197,4.213933,3.253629,5.858803,5.594104,4.740678,1.565598,4.460393,4.854270
2019-06-21,4.844884,,,1.811925,3.208937,4.774260,5.362558,,4.361133,4.236031,3.182964,5.845984,5.572865,4.686877,1.560997,4.468181,4.847072
2019-06-24,4.827269,,,1.811925,3.200760,4.749952,5.361977,,4.344672,4.186971,3.190907,5.821983,5.561135,4.673112,1.562590,4.469075,4.847227
2019-06-25,4.762484,,,1.811925,3.172908,4.720918,5.273816,,4.257772,4.168359,3.134484,5.744148,5.537865,4.606955,1.535410,4.433028,4.764018
2019-06-26,4.787662,,,1.811925,3.171281,4.706637,5.371781,,4.255192,4.111572,3.126541,5.782031,5.480806,4.593696,1.544716,4.499185,4.786173
2019-06-27,4.822380,,,1.811925,3.203897,4.698806,5.419838,,4.292675,4.134513,3.113394,5.817757,5.516833,4.616888,1.544900,4.535291,4.804463
2019-06-28,4.853673,,,1.811925,3.245361,4.695887,5.456372,,4.313493,4.177673,3.135031,5.837655,5.534739,4.643437,1.542671,4.591085,4.810646
2019-07-01,4.922470,,,1.811925,3.267427,4.727372,5.584557,,4.363326,4.188184,3.150644,5.923078,5.590313,4.702151,1.558320,4.647146,4.875564
2019-07-02,4.921269,,,1.811925,3.238458,4.729844,5.560479,,4.400649,4.180167,3.181868,5.948058,5.611618,4.741764,1.566606,4.628795,4.894885
2019-07-03,4.964711,,,1.811925,3.264777,4.805185,5.600182,,4.433329,4.222191,3.223227,6.008307,5.679926,4.798254,1.582577,4.637219,4.931724
2019-07-05,4.946797,,,1.811925,3.244709,4.787273,5.584284,,4.435202,4.171370,3.208984,6.006346,5.667682,4.800058,1.576144,4.632464,4.921677
2019-07-08,4.911352,,,1.811925,3.228194,4.787650,5.558966,,4.375617,4.123120,3.203232,5.967288,5.650955,4.787740,1.564009,4.598158,4.887157
2019-07-09,4.930561,,,1.811925,3.215851,4.775403,5.585690,,4.389506,4.155464,3.242125,5.994821,5.650134,4.810059,1.569355,4.604395,4.911630
2019-07-10,4.964745,,,1.811925,3.213288,4.813866,5.636110,,4.445104,4.169031,3.276910,6.016137,5.675132,4.842021,1.584889,4.635685,4.960576
2019-07-11,4.961060,,,1.811925,3.214034,4.786818,5.655368,,4.459045,4.111803,3.304574,6.010910,5.680586,4.873554,1.588215,4.604846,4.956970
2019-07-12,4.996512,,,1.811925,3.283776,4.815517,5.725912,,4.467519,4.052757,3.290058,6.097385,5.700821,4.914331,1.599487,4.648778,4.985565
2019-07-15,4.998880,,,1.811925,3.273816,4.816546,5.714791,,4.441700,4.084923,3.311422,6.133949,5.710703,4.913907,1.606686,4.663323,5.001537
2019-07-16,4.975893,,,1.811925,3.321903,4.819453,5.654607,,4.426085,4.046297,3.278828,6.134454,5.697996,4.900113,1.597661,4.602607,4.975775
2019-07-17,4.965519,,,1.811925,3.274292,4.827172,5.664137,,4.397794,4.056812,3.254177,6.104912,5.741298,4.894605,1.591915,4.582048,4.951302
2019-07-18,5.004526,,,1.811925,3.284515,4.827500,5.749065,,4.405416,4.085476,3.283210,6.133671,5.789980,4.929877,1.604269,4.616782,4.956970
2019-07-19,4.961744,,,1.811925,3.279783,4.789769,5.704820,,4.360037,4.024452,3.249247,6.093659,5.735639,4.842937,1.593399,4.607741,4.920646
2019-07-22,4.988455,,,1.811925,3.280677,4.777661,5.793697,,4.357358,4.022728,3.250890,6.099587,5.717541,4.837323,1.602055,4.632402,4.959803
2019-07-23,5.035025,,,1.811925,3.311677,4.784275,5.834831,,4.388745,4.055489,3.292796,6.216642,5.724246,4.846939,1.611561,4.666275,4.992263
2019-07-24,5.083348,,,1.811925,3.341038,4.800257,5.922198,,4.429605,4.062786,3.322377,6.268491,5.721177,4.906734,1.632272,4.735715,5.027298
2019-07-25,5.013661,,,1.811925,3.285574,4.775193,5.870451,,4.411255,3.930679,3.153109,6.172724,5.685623,4.851789,1.611982,4.699725,4.979640
2019-07-26,5.056239,,,1.811925,3.290897,4.808102,5.889910,,4.538406,3.943336,3.163243,6.225399,5.779581,4.907321,1.616833,4.765305,5.030904
2019-07-29,5.036410,,,1.811925,3.275625,4.784343,5.874443,,4.487821,3.943994,3.052588,6.221865,5.770630,4.863163,1.615060,4.765403,5.013644
2019-07-30,5.026510,,,1.811925,3.285813,4.763830,5.844240,,4.470649,3.995702,3.068748,6.165729,5.742229,4.818649,1.607368,4.758454,4.992005
2019-07-31,4.954429,,,1.811925,3.259983,4.720095,5.725625,,4.418514,3.956092,3.023829,6.082565,5.722801,4.730540,1.593741,4.691149,4.922965
2019-08-01,4.908936,1.019292,,1.811925,3.199938,4.684070,5.674285,,4.380289,3.977952,3.035658,5.958056,5.733399,4.703535,1.584892,4.673562,4.898492
2019-08-02,4.836292,1.003523,,1.811925,3.182226,4.657470,5.545994,,4.349359,3.932746,2.979725,5.868054,5.730281,4.611784,1.560474,4.549733,4.826360
2019-08-05,4.660640,1.000336,,1.811925,3.070262,4.499429,5.324221,,4.189262,3.817503,2.880309,5.647876,5.580700,4.434078,1.505190,4.410683,4.655821
2019-08-06,4.726678,1.013756,,1.811925,3.112903,4.526330,5.412527,,4.244959,3.852591,2.941704,5.738215,5.672543,4.522817,1.529868,4.441700,4.720997
2019-08-07,4.743961,1.019795,,1.811925,3.120762,4.563687,5.444313,,4.251810,3.836181,2.958050,5.767725,5.713016,4.560541,1.539869,4.456061,4.746501
2019-08-08,4.862592,1.034055,,1.811925,3.172982,4.558616,5.617061,,4.358702,3.902461,2.997522,5.957513,5.822842,4.791260,1.566463,4.502252,4.849803
2019-08-09,4.813556,1.036236,,1.811925,3.154398,4.442044,5.543021,,4.332948,3.908372,2.962313,5.882159,5.795677,4.758218,1.548083,4.478877,4.804206
2019-08-12,4.746792,1.032209,,1.811925,3.110163,4.394779,5.464676,,4.300741,3.864547,2.900420,5.756109,5.737362,4.611549,1.531116,4.464525,4.749077
2019-08-13,4.844935,1.029693,,1.811925,3.148388,4.461493,5.607285,,4.383707,3.905538,2.962852,5.904408,5.797636,4.696204,1.568224,4.534007,4.853152
2019-08-14,4.701852,1.019628,,1.811925,3.042175,4.367791,5.425654,,4.288605,3.792554,2.888751,5.707480,5.670619,4.526328,1.527128,4.408256,4.708117
2019-08-15,4.700717,1.032209,,1.811925,3.035023,4.391439,5.412322,,4.285080,3.799693,2.913159,5.709010,5.707815,4.527501,1.517066,4.413591,4.702707
2019-08-16,4.779419,1.036739,,1.811925,3.085707,4.432217,5.522023,,4.333334,3.863657,2.961231,5.808783,5.771936,4.618457,1.542084,4.482175,4.778187
2019-08-19,4.846243,1.042610,,1.811925,3.121405,4.477458,5.601362,,4.420100,3.902166,3.004438,5.892149,5.812787,4.622909,1.564453,4.545787,4.854183
2019-08-20,4.816801,1.046804,,1.811925,3.112195,4.435211,5.564928,,4.388423,3.863356,2.969137,5.882583,5.775000,4.611568,1.554894,4.517174,4.816571
2019-08-21,4.856707,1.056870,,1.811925,3.145581,4.473955,5.620641,,4.411122,3.904194,3.005929,5.903471,5.812027,4.690391,1.574227,4.559220,4.859335
2019-08-22,4.845201,1.061567,,1.811925,3.142352,4.497900,5.626234,,4.377176,3.887481,2.995826,5.859696,5.823896,4.726264,1.566781,4.566824,4.843620
2019-08-23,4.701272,1.047643,,1.811925,3.046379,4.418134,5.435926,,4.276701,3.781465,2.918990,5.659681,5.699517,4.568419,1.519471,4.426306,4.690341
2019-08-26,4.758879,1.065929,,1.811925,3.074466,4.481349,5.500321,,4.343005,3.814312,2.962808,5.734414,5.782775,4.627304,1.545593,4.484431,4.761185
2019-08-27,4.745644,1.073478,,1.811925,3.057680,4.512700,5.482338,,4.346464,3.802446,2.954209,5.692201,5.823508,4.593868,1.554466,4.472240,4.751138
2019-08-28,4.770924,1.073310,,1.811925,3.100758,4.574231,5.488303,,4.353248,3.821054,2.962593,5.752603,5.845559,4.611876,1.554603,4.499261,4.768140
2019-08-29,4.842729,1.083711,,1.811925,3.169188,4.575455,5.597117,,4.417815,3.853747,3.011147,5.824227,5.904685,4.701793,1.575031,4.568402,4.841044
2019-08-30,4.838849,1.077336,,1.811925,3.177325,4.623842,5.608710,,4.421259,3.860819,3.027963,5.728606,5.904969,4.530034,1.573829,4.603094,4.829452
2019-09-03,4.784807,1.099312,,1.811925,3.140795,4.633002,5.541240,,4.388030,3.792583,2.978366,5.650869,5.893174,4.474864,1.558234,4.538010,4.782566
2019-09-04,4.845602,1.104177,,1.811925,3.185928,4.695369,5.649756,,4.463121,3.782885,3.012533,5.684463,5.928602,4.477256,1.586475,4.641626,4.851606
2019-09-05,4.939519,1.092937,,1.811925,3.259655,4.723242,5.799902,,4.496495,3.826464,3.059320,5.830010,5.960536,4.579636,1.607658,4.771392,4.940483
2019-09-06,4.947900,1.087066,,1.811925,3.262303,4.769710,5.804702,,4.502887,3.821787,3.040434,5.857511,5.973210,4.576826,1.612147,4.801376,4.935588
2019-09-09,4.937389,1.063412,,1.811925,3.289789,4.768459,5.791514,,4.526712,3.770408,2.959547,5.851410,5.899320,4.466791,1.594704,4.867086,4.925283
2019-09-10,4.931321,1.056702,,1.811925,3.312864,4.769527,5.765856,,4.524033,3.800864,2.881945,5.831816,5.792620,4.382623,1.586387,4.907276,4.911115
2019-09-11,4.974227,1.061064,,1.811925,3.332133,4.765073,5.828414,,4.542402,3.854272,2.911082,5.885409,5.810352,4.361411,1.595738,4.972016,4.957227
2019-09-12,4.986006,1.064862,,1.811925,3.341121,4.778130,5.840990,,4.571578,3.828564,2.976574,5.905357,5.846676,4.399961,1.603342,4.969185,4.977836
2019-09-13,4.983085,1.057096,,1.811925,3.355491,4.800240,5.814255,,4.574319,3.839121,2.975261,5.906410,5.817683,4.357983,1.599957,4.958617,4.960061
2019-09-16,4.961460,1.060810,,1.811925,3.310479,4.773607,5.796097,,4.556329,3.865412,2.970956,5.838890,5.790984,4.356029,1.593491,4.933205,4.937906
2019-09-17,4.983708,1.076006,,1.811925,3.332732,4.755755,5.828448,,4.562784,3.874977,3.012274,5.876211,5.854649,4.417876,1.601265,4.915315,4.961607
2019-09-18,4.970722,1.080733,,1.811925,3.323927,4.772814,5.818532,,4.548305,3.862704,2.986033,5.843500,5.865294,4.394334,1.597468,4.890806,4.959546
2019-09-19,4.964314,1.084954,,1.811925,3.301134,4.759732,5.800194,,4.544253,3.882691,2.989703,5.843910,5.862565,4.392925,1.596844,4.865440,4.967789
2019-09-20,4.926199,1.091032,,1.811925,3.282364,4.734575,5.742232,,4.464963,3.930066,2.955053,5.773157,5.845070,4.359709,1.585470,4.825146,4.915237
2019-09-23,4.920121,1.090695,,1.811925,3.274364,4.770400,5.764614,,4.413189,3.892303,2.969439,5.769483,5.840144,4.400376,1.587992,4.828383,4.917405
2019-09-24,4.854160,1.104708,,1.811925,3.238848,4.765144,5.674026,,4.327710,3.843338,2.948629,5.695882,5.832776,4.341382,1.573275,4.756722,4.852098
2019-09-25,4.905607,1.098292,,1.811925,3.286366,4.764322,5.757280,,4.407883,3.843412,2.951291,5.741052,5.855549,4.376727,1.586904,4.795682,4.906563
2019-09-26,4.894238,1.107072,,1.811925,3.288595,4.759255,5.775508,,4.378248,3.798894,2.966248,5.702960,5.886071,4.395869,1.584590,4.788019,4.888494
2019-09-27,4.824746,1.103526,,1.811925,3.263927,4.760696,5.648460,,4.315892,3.758707,2.897819,5.650729,5.820584,4.324685,1.572214,4.751292,4.827833
2019-09-30,4.866192,1.095591,,1.811925,3.286460,4.779631,5.700279,,4.350773,3.793493,2.919556,5.712872,5.862324,4.374030,1.585684,4.760478,4.873781
2019-10-01,4.820794,1.096604,,1.811925,3.213067,4.714032,5.645745,,4.300868,3.748104,2.866492,5.732818,5.802665,4.332520,1.568481,4.703785,4.834028
2019-10-02,4.747460,1.069421,,1.811925,3.137927,4.646135,5.552263,,4.268335,3.686080,2.798981,5.662739,5.747792,4.248596,1.538852,4.638675,4.750910
2019-10-03,4.799107,1.071616,,1.811925,3.153409,4.693220,5.637245,,4.318945,3.745138,2.823149,5.669429,5.782685,4.302378,1.561140,4.678570,4.803053
2019-10-04,4.863153,1.091201,,1.811925,3.194290,4.780506,5.736178,,4.375802,3.784249,2.875667,5.693534,5.885069,4.377713,1.585412,4.741171,4.873781
2019-10-07,4.841113,1.085292,,1.811925,3.181812,4.723708,5.712282,,4.365941,3.788723,2.851222,5.645543,5.847193,4.345069,1.579117,4.714867,4.859067
2019-10-08,4.754617,1.073642,,1.811925,3.155372,4.703722,5.566541,,4.296786,3.731779,2.794550,5.555452,5.785474,4.253467,1.552722,4.609521,4.786274
2019-10-09,4.810517,1.079214,,1.811925,3.191043,4.736019,5.656790,,4.322860,3.766734,2.816372,5.621813,5.842667,4.306560,1.571541,4.655950,4.832996
2019-10-10,4.845098,1.079720,,1.811925,3.220010,4.753878,5.692461,,4.333688,3.809646,2.836804,5.680346,5.870566,4.343180,1.576667,4.673775,4.870425
2019-10-11,4.928167,1.069252,,1.811925,3.324942,4.760794,5.799959,,4.394664,3.856038,2.854575,5.799530,5.895027,4.369512,1.596063,4.774391,4.933151
2019-10-14,4.932574,1.068408,,1.811925,3.306776,4.760185,5.798171,,4.406666,3.885318,2.853473,5.803499,5.855547,4.371423,1.590730,4.788683,4.932635
2019-10-15,4.998725,1.066213,,1.811925,3.349055,4.764973,5.885610,,4.503648,3.930617,2.882011,5.865332,5.863079,4.418407,1.603737,4.854713,4.995361
2019-10-16,4.976167,1.071954,,1.811925,3.359574,4.774374,5.795559,,4.527773,3.924061,2.879578,5.866787,5.868771,4.385856,1.595442,4.849394,4.982970
2019-10-17,4.985360,1.074993,,1.811925,3.373557,4.805776,5.799465,,4.533666,3.936109,2.881775,5.872279,5.884417,4.366793,1.597574,4.876869,4.996135
2019-10-18,4.947577,1.080733,,1.811925,3.376669,4.786286,5.735327,,4.484766,3.946870,2.847346,5.805560,5.858537,4.333449,1.584524,4.852688,4.948122
2019-10-21,4.983216,1.085461,,1.811925,3.413341,4.774585,5.810914,,4.494059,3.957716,2.867727,5.830874,5.861250,4.353831,1.596753,4.912002,4.992005
2019-10-22,4.945394,1.084110,,1.811925,3.432993,4.788764,5.732782,,4.402152,4.036864,2.800475,5.744574,5.821884,4.254517,1.580413,4.943662,4.952253
2019-10-23,4.939188,1.087993,,1.811925,3.425071,4.780011,5.693743,,4.432757,4.055243,2.760376,5.751755,5.815799,4.244865,1.567489,4.926816,4.961803
2019-10-24,5.011821,1.089682,,1.811925,3.442102,4.782060,5.821932,,4.447834,4.118990,2.897683,5.830474,5.829345,4.305377,1.585315,4.932426,5.010074
2019-10-25,5.044878,1.074486,,1.811925,3.483323,4.756441,5.882945,,4.487517,4.084289,2.910919,5.896304,5.809363,4.294935,1.610818,4.967081,5.050084
2019-10-28,5.083010,1.054226,,1.811925,3.488931,4.743706,5.951460,,4.524823,4.143448,2.890319,5.917609,5.797152,4.285084,1.617329,5.009384,5.099904
2019-10-29,5.075902,1.056589,,1.811925,3.488144,4.729336,5.930793,,4.491563,4.200247,2.886517,5.894962,5.825894,4.305753,1.606562,4.984106,5.060410
2019-10-30,5.094833,1.069083,,1.811925,3.465237,4.739197,5.961030,,4.521188,4.196838,2.942818,5.926036,5.825468,4.341918,1.615427,5.015972,5.084932
2019-10-31,5.068153,1.072291,,1.811925,3.424926,4.835804,5.896823,,4.528355,4.199297,2.883827,5.873855,5.807346,4.287202,1.613345,5.072262,5.087255
2019-11-01,5.117151,1.065369,,1.811925,3.484489,4.843659,5.991940,,4.561544,4.238430,2.912140,5.865892,5.813438,4.283978,1.620398,5.160282,5.133461
2019-11-04,5.149925,1.040887,,1.811925,3.498596,4.849638,6.052083,,4.598168,4.252921,2.865400,5.910432,5.734832,4.276206,1.616126,5.243700,5.165211
2019-11-05,5.150598,1.022146,,1.811925,3.498900,4.851561,6.054463,,4.581960,4.267608,2.826081,5.927300,5.693045,4.257317,1.622434,5.262689,5.168051
2019-11-06,5.138692,1.034303,,1.811925,3.497028,4.864028,6.031860,,4.564436,4.242677,2.833723,5.928868,5.735983,4.265143,1.625775,5.230611,5.156435
2019-11-07,5.142738,1.018601,,1.811925,3.501490,4.856445,6.074604,,4.621080,4.238424,2.818718,5.822673,5.574425,4.246131,1.634868,5.264757,5.173729
2019-11-08,5.159927,1.014380,,1.811925,3.486004,4.857947,6.099877,,4.635043,4.284882,2.832883,5.831287,5.582602,4.243873,1.644254,5.311548,5.194380
2019-11-11,5.150088,1.014211,,1.811925,3.474631,4.835333,6.089070,,4.625667,4.267957,2.861666,5.828561,5.571808,4.252992,1.642320,5.262414,5.187410
2019-11-12,5.152976,1.015899,,1.811925,3.447679,4.837503,6.114897,,4.596602,4.293244,2.857654,5.822054,5.570087,4.257962,1.643232,5.268230,5.202382
2019-11-13,5.150392,1.040719,,1.811925,3.409095,4.882432,6.132336,,4.557171,4.294862,2.861968,5.812454,5.619760,4.288636,1.647292,5.241583,5.203673
2019-11-14,5.151421,1.034978,,1.811925,3.426740,4.844672,6.127914,,4.566916,4.267025,2.900774,5.839823,5.646675,4.321868,1.639940,5.186321,5.199543
2019-11-15,5.184122,1.027718,,1.811925,3.422879,4.849529,6.186008,,4.580611,4.331690,2.901230,5.859416,5.634818,4.347752,1.646132,5.221506,5.237746
2019-11-18,5.182740,1.027887,,1.811925,3.414453,4.856806,6.187801,,4.583564,4.335910,2.885268,5.847564,5.641218,4.324968,1.648198,5.214527,5.241876
2019-11-19,5.195790,1.035316,,1.811925,3.430915,4.833074,6.189640,,4.586982,4.401773,2.921268,5.842417,5.660788,4.333050,1.656145,5.200644,5.249620
2019-11-20,5.163224,1.041563,,1.811925,3.391453,4.808827,6.151313,,4.564994,4.390860,2.908915,5.787854,5.642823,4.331099,1.646227,5.150965,5.218128
2019-11-21,5.149213,1.041732,,1.811925,3.378548,4.792991,6.090989,,4.584080,4.409739,2.885714,5.801137,5.635724,4.272459,1.644472,5.135423,5.206512
2019-11-22,5.163872,1.034303,,1.811925,3.417793,4.806013,6.086897,,4.583162,4.448925,2.873448,5.831454,5.647376,4.258575,1.645197,5.152000,5.209868
2019-11-25,5.229241,1.026536,,1.811925,3.440392,4.846252,6.190989,,4.565580,4.530778,2.936798,5.932408,5.647614,4.328593,1.660079,5.248076,5.271561
2019-11-26,5.233706,1.032952,,1.811925,3.459148,4.747498,6.196361,,4.587553,4.518184,2.974249,5.957158,5.704308,4.293044,1.667805,5.197617,5.281628
2019-11-27,5.273012,1.039368,,1.811925,3.466916,4.733967,6.247172,,4.644326,4.542618,3.007633,6.015806,5.742391,4.332123,1.675495,5.223411,5.318541
2019-11-29,5.245936,1.038186,,1.811925,3.440841,4.714684,6.208130,,4.620968,4.534512,3.011951,5.981457,5.726355,4.293438,1.672175,5.203494,5.294277
2019-12-02,5.186170,1.033290,,1.811925,3.395231,4.707482,6.099853,,4.575177,4.501185,2.977501,5.943560,5.684342,4.231711,1.654255,5.131495,5.240069
2019-12-03,5.146411,1.037679,,1.811925,3.350656,4.683076,6.033418,,4.561178,4.497422,2.948220,5.892716,5.668078,4.197227,1.642697,5.072407,5.199026
2019-12-04,5.180810,1.046966,,1.811925,3.354917,4.728729,6.090064,,4.571037,4.522502,2.945802,5.939651,5.696155,4.248601,1.644433,5.107609,5.225356
2019-12-05,5.188250,1.049160,,1.811925,3.364152,4.739606,6.093637,,4.597787,4.512235,2.944928,5.948995,5.699003,4.246234,1.645134,5.110939,5.235681
2019-12-06,5.243054,1.046797,,1.811925,3.400505,4.761008,6.179527,,4.605056,4.539150,2.952570,6.055889,5.738823,4.301931,1.658274,5.188375,5.291696
2019-12-09,5.215479,1.042238,,1.811925,3.386822,4.800926,6.145134,,4.562886,4.495396,2.940114,6.031082,5.729349,4.269762,1.652380,5.182475,5.267689
2019-12-10,5.219367,1.043420,,1.811925,3.369907,4.793863,6.156643,,4.557981,4.515724,2.936338,6.037100,5.705395,4.291677,1.648001,5.188203,5.263301
2019-12-11,5.249506,1.049498,,1.811925,3.379021,4.800008,6.235567,,4.550798,4.508081,2.961759,6.071345,5.696204,4.352212,1.653030,5.244390,5.291179
2019-12-12,5.312183,1.035991,,1.811925,3.435730,4.807262,6.345655,,4.573293,4.514505,2.994550,6.173771,5.727564,4.458938,1.669499,5.403691,5.330673
2019-12-13,5.315283,1.051187,,1.811925,3.430251,4.800982,6.358662,,4.580180,4.500762,3.034830,6.166612,5.759649,4.440424,1.682779,5.346887,5.348226
2019-12-16,5.363138,1.064187,,1.811925,3.456272,4.819943,6.420871,,4.611149,4.560227,3.070465,6.216628,5.776615,4.475757,1.699380,5.410042,5.401918
2019-12-17,5.364584,1.071447,,1.811925,3.455273,4.807996,6.430761,,4.617181,4.532911,3.055371,6.235578,5.784449,4.515916,1.696384,5.429029,5.405015
2019-12-18,5.375406,1.077019,,1.811925,3.461940,4.805975,6.434787,,4.651841,4.541302,3.050141,6.246653,5.768751,4.506556,1.692020,5.450550,5.409145
2019-12-19,5.411630,1.078032,,1.811925,3.467929,4.836990,6.483976,,4.716649,4.547330,3.081171,6.281825,5.800324,4.534495,1.707219,5.480542,5.442961
2019-12-20,5.446025,1.083097,,1.811925,3.500070,4.883243,6.539329,,4.726108,4.566505,3.092860,6.311737,5.842262,4.592178,1.714985,5.504752,5.464902
2019-12-23,5.450088,1.064018,,1.811925,3.493750,4.835285,6.553450,,4.720022,4.587399,3.060337,6.339542,5.796848,4.599160,1.719467,5.526022,5.479337
2019-12-24,5.458402,1.068182,,1.811925,3.488947,4.850561,6.561202,,4.724686,4.601755,3.064577,6.353303,5.808167,4.610952,1.720996,5.517975,5.482182
2019-12-26,5.466343,1.066992,,1.811925,3.494049,4.837845,6.573745,,4.738954,4.573898,3.079748,6.392193,5.811685,4.617963,1.731775,5.511914,5.530558
2019-12-27,5.459853,1.072600,,1.811925,3.471829,4.847250,6.565587,,4.740485,4.569023,3.072855,6.384175,5.824256,4.613840,1.732086,5.489211,5.525901
2019-12-30,5.424121,1.075489,,1.811925,3.457456,4.851152,6.520724,,4.704045,4.531077,3.056363,6.330652,5.813025,4.576591,1.725187,5.469493,5.489684
2019-12-31,5.437241,1.078887,,1.811925,3.471873,4.866135,6.539931,,4.720224,4.541617,3.061923,6.327329,5.825573,4.575425,1.728549,5.500592,5.500032
2020-01-02,5.515674,1.060025,,1.811925,3.507404,4.829803,6.660791,,4.809985,4.541662,3.116179,6.485701,5.827169,4.739296,1.746376,5.565350,5.591867
2020-01-03,5.462736,1.065123,,1.811925,3.463303,4.806839,6.588645,,4.767877,4.476050,3.088564,6.450529,5.823263,4.694516,1.730352,5.499294,5.540646
2020-01-06,5.471687,1.063593,,1.811925,3.441158,4.811862,6.570031,,4.833831,4.514224,3.110474,6.447424,5.819564,4.667686,1.736272,5.501009,5.576346
2020-01-07,5.495920,1.061384,,1.811925,3.447435,4.774938,6.644717,,4.833285,4.499333,3.100222,6.491372,5.800817,4.719344,1.726095,5.492060,5.575570
2020-01-08,5.530622,1.060365,,1.811925,3.487463,4.768778,6.688504,,4.840816,4.542613,3.132357,6.538644,5.837622,4.757328,1.742315,5.517752,5.617478
2020-01-09,5.565462,1.062744,,1.811925,3.503632,4.800462,6.733348,,4.855532,4.592982,3.147536,6.575646,5.878550,4.795198,1.754827,5.534244,5.665077
2020-01-10,5.552478,1.064443,,1.811925,3.485959,4.813240,6.701787,,4.841824,4.597960,3.152569,6.569754,5.867238,4.777365,1.748721,5.506142,5.650590
2020-01-13,5.606753,1.076848,,1.811925,3.503483,4.846551,6.779632,,4.896037,4.566289,3.185371,6.704882,5.926400,4.863026,1.772590,5.568197,5.715780
2020-01-14,5.610903,1.078547,,1.811925,3.510514,4.855815,6.764886,,4.890754,4.604932,3.168759,6.718682,5.922100,4.834634,1.769849,5.586546,5.693274
2020-01-15,5.604059,1.095540,,1.811925,3.520937,4.882810,6.739224,,4.916411,4.599297,3.172205,6.670661,5.975045,4.821963,1.774935,5.578896,5.695602
2020-01-16,5.657925,1.105056,,1.811925,3.571134,4.919253,6.841405,,4.941826,4.610999,3.180734,6.713894,6.028667,4.881870,1.791745,5.636750,5.750186
2020-01-17,5.665062,1.110834,,1.811925,3.543798,4.921671,6.868169,,4.957938,4.594871,3.195785,6.726013,6.060038,4.907343,1.803936,5.632589,5.778642
2020-01-21,5.631651,1.121540,,1.811925,3.482677,4.929038,6.871894,,4.908803,4.547377,3.197611,6.648874,6.084182,4.909649,1.806618,5.583897,5.776055
2020-01-22,5.644297,1.125278,,1.811925,3.469514,4.935838,6.909611,,4.890700,4.574280,3.178683,6.661600,6.119316,4.942071,1.813952,5.593450,5.791318
2020-01-23,5.665579,1.136833,,1.811925,3.536115,4.925568,6.955357,,4.891724,4.542002,3.234270,6.670036,6.120563,4.954134,1.814787,5.601848,5.809944
2020-01-24,5.597575,1.141421,,1.811925,3.485457,4.892508,6.893879,,4.838515,4.457891,3.240176,6.549238,6.079378,4.880289,1.811231,5.549893,5.761051
2020-01-27,5.487511,1.137173,,1.811925,3.403075,4.878083,6.698301,,4.785646,4.403206,3.203831,6.413781,6.013197,4.722230,1.779284,5.449604,5.642053
2020-01-28,5.554784,1.142271,,1.811925,3.428038,4.868297,6.813197,,4.834455,4.441640,3.264639,6.503220,6.036788,4.833066,1.802108,5.499947,5.728715
2020-01-29,5.521532,1.145670,,1.811925,3.419811,4.832832,6.744585,,4.808068,4.430683,3.263995,6.482279,5.972726,4.789301,1.799328,5.455315,5.738028
2020-01-30,5.546612,1.168440,,1.811925,3.460822,4.935376,6.775278,,4.811392,4.390502,3.286469,6.525269,6.066714,4.821863,1.813774,5.450057,5.758464
2020-01-31,5.435310,1.175747,,1.811925,3.370189,4.864228,6.597265,,4.745129,4.295231,3.214676,6.449344,5.988262,4.681937,1.766797,5.325825,5.667146
2020-02-03,5.520629,1.180166,,1.811925,3.413997,4.872776,6.698593,,4.828914,4.342034,3.280712,6.611354,6.017726,4.789635,1.778727,5.411648,5.752773
2020-02-04,5.656754,1.177617,,1.811925,3.509909,4.907939,6.888058,,4.895834,4.432298,3.357359,6.846147,6.084026,4.962182,1.820677,5.539899,5.884447
2020-02-05,5.697794,1.177617,,1.811925,3.562829,4.942662,6.955136,,4.875047,4.570855,3.363770,6.782830,6.106482,4.940367,1.842586,5.583735,5.903849
2020-02-06,5.728920,1.177617,,1.811925,3.550007,4.946245,7.010702,,4.934892,4.613897,3.280864,6.797513,6.142271,4.932023,1.851989,5.631006,5.954811
2020-02-07,5.667575,1.167591,,1.811925,3.523441,4.963295,6.933928,,4.866570,4.560546,3.277645,6.693574,6.142307,4.832552,1.843811,5.530272,5.929201
2020-02-10,5.714362,1.173538,,1.811925,3.533861,4.977440,7.027332,,4.895332,4.586246,3.328676,6.729237,6.166849,4.932431,1.856399,5.591791,6.000858
2020-02-11,5.763351,1.171839,,1.811925,3.563748,4.988515,7.083769,,4.982402,4.618609,3.298354,6.787227,6.144997,5.006967,1.853173,5.645631,6.001893
2020-02-12,5.826525,1.173029,,1.811925,3.614659,5.016099,7.172354,,5.038121,4.631795,3.292455,6.897627,6.189438,5.119771,1.869229,5.718873,6.060357
2020-02-13,5.818911,1.186453,,1.811925,3.599244,4.967440,7.167462,,5.025625,4.628671,3.320150,6.901070,6.216062,5.162222,1.860980,5.556953,6.052596
2020-02-14,5.825611,1.193930,,1.811925,3.566612,4.949796,7.164118,,5.007314,4.667533,3.361100,6.956995,6.236390,5.149060,1.868243,5.509628,6.069929
2020-02-18,5.822380,1.209224,,1.811925,3.559374,4.984478,7.106394,,5.032722,4.668412,3.343554,7.008747,6.243004,5.078101,1.859745,5.471684,6.072257
2020-02-19,5.885808,1.202936,,1.811925,3.553323,4.994990,7.223957,,5.065908,4.733346,3.358668,7.091924,6.247195,5.194937,1.870006,5.519583,6.130462
2020-02-20,5.844723,1.200897,,1.811925,3.565647,5.010241,7.131467,,5.065925,4.673053,3.320687,7.055735,6.241580,5.129439,1.858181,5.496390,6.073550
2020-02-21,5.753743,1.203446,,1.811925,3.527048,4.997921,6.956121,,5.007153,4.671776,3.272415,6.913419,6.206823,4.968271,1.834757,5.420320,5.956881
2020-02-24,5.549161,1.195799,,1.811925,3.410757,4.880665,6.664945,,4.859161,4.559703,3.207886,6.597194,6.082292,4.706418,1.771617,5.244599,5.727163
2020-02-25,5.380283,1.169800,,1.811925,3.255444,4.782034,6.444242,,4.781517,4.443254,3.091862,6.356878,5.909384,4.521241,1.718083,5.077582,5.571431
2020-02-26,5.372706,1.161473,,1.811925,3.216149,4.756644,6.442675,,4.782164,4.507106,3.097841,6.292247,5.870967,4.535677,1.722431,5.089074,5.600145
2020-02-27,5.164091,1.101998,,1.811925,3.085916,4.590682,6.164066,,4.615983,4.352363,3.004730,6.057081,5.647316,4.304514,1.643045,4.890991,5.319724
2020-02-28,5.149228,1.059005,,1.811925,3.006415,4.469260,6.235881,,4.583540,4.328400,2.966042,6.034601,5.530760,4.374261,1.632016,4.853071,5.323863
2020-03-02,5.339236,1.119331,,1.811925,3.066429,4.695245,6.475548,,4.696117,4.544366,3.113557,6.242827,5.821770,4.604551,1.727226,5.061574,5.598593
2020-03-03,5.187652,1.116612,,1.811925,2.972681,4.601815,6.241425,,4.594368,4.441799,3.052228,6.074215,5.688503,4.498424,1.674881,4.883611,5.419062
2020-03-04,5.399015,1.175917,,1.811925,3.086672,4.783686,6.528013,,4.768321,4.635291,3.201939,6.257332,5.957367,4.704228,1.749887,5.028913,5.645158
2020-03-05,5.220462,1.176767,,1.811925,2.893147,4.722656,6.312462,,4.640880,4.539074,3.121568,5.985246,5.801816,4.537570,1.699696,4.844370,5.473645
2020-03-06,5.139192,1.192061,,1.811925,2.873395,4.683613,6.167456,,4.556169,4.498962,3.087685,5.909562,5.739199,4.465817,1.674439,4.786367,5.381293
2020-03-09,4.773813,1.155356,,1.811925,2.625190,4.514316,5.667969,,4.268424,4.226669,2.843040,5.483807,5.427099,4.057336,1.564646,4.370116,5.007484
2020-03-10,5.017145,1.163852,,1.811925,2.841926,4.679224,5.991865,,4.447115,4.386641,2.979021,5.748263,5.611867,4.327927,1.651393,4.584026,5.280145
2020-03-11,4.784499,1.135474,,1.811925,2.709898,4.470466,5.691595,,4.303624,4.213715,2.904358,5.403516,5.378519,4.143686,1.577958,4.342567,5.050168
2020-03-12,4.328000,1.048248,,1.811925,2.420737,4.000524,5.111378,,3.946861,3.893156,2.688177,4.857169,4.914457,3.677686,1.434398,3.887025,4.587111
2020-03-13,4.690202,1.143170,,1.811925,2.618369,4.401080,5.648951,,4.256203,4.175245,2.927335,5.080046,5.352385,4.003933,1.624296,4.212116,4.975665
2020-03-16,4.107007,0.998136,,1.811925,2.371396,3.994988,4.847974,,3.784378,3.794243,2.565408,4.312458,4.677932,3.384530,1.430609,3.716622,4.379641
2020-03-17,4.341865,1.110503,,1.811925,2.462886,4.367103,5.227255,,3.971621,4.001931,2.707902,4.374663,5.010042,3.572167,1.548344,3.855032,4.711800
2020-03-18,4.026344,1.049616,,1.811925,2.175125,4.140950,4.822633,,3.766572,3.847658,2.494325,3.973631,4.804767,3.248085,1.498330,3.675313,4.568485
2020-03-19,4.118738,0.991808,,1.811925,2.164245,4.094708,4.961375,,3.925758,3.829852,2.488545,4.175213,4.774665,3.424223,1.498057,3.748697,4.595907
2020-03-20,3.996633,0.865929,,1.811925,2.087375,3.972575,4.784032,,3.787965,3.702474,2.395773,4.175676,4.413153,3.359960,1.414024,3.690641,4.415857
2020-03-23,3.994998,0.855154,,1.811925,2.035714,3.892399,4.839133,,3.815237,3.612869,2.336359,4.217601,4.366575,3.446035,1.421570,3.745521,4.419046
2020-03-24,4.416852,0.924422,,1.811925,2.382343,4.150069,5.380713,,4.056253,3.932482,2.677648,4.718590,4.784686,3.856445,1.520507,4.180941,4.761246
2020-03-25,4.462118,0.950076,,1.811925,2.496146,4.093500,5.366109,,3.983086,3.974858,2.607902,4.969664,4.773721,3.847584,1.491190,4.266275,4.725989
2020-03-26,4.692995,0.990440,,1.811925,2.558887,4.332372,5.734484,,4.202526,4.219797,2.688787,5.072685,5.116308,4.047134,1.582742,4.510037,4.974862
2020-03-27,4.488779,1.005148,,1.811925,2.430753,4.255348,5.443379,,4.027251,4.095919,2.607155,4.807304,4.948091,3.871264,1.520710,4.335590,4.803762
2020-03-30,4.619942,1.069969,,1.811925,2.428199,4.427589,5.665756,,4.114585,4.271986,2.706915,4.848672,5.177937,4.003053,1.584549,4.470815,4.978491
2020-03-31,4.564862,1.031316,,1.811925,2.394173,4.271907,5.544233,,4.139706,4.260521,2.664661,4.838410,5.027278,3.952804,1.553292,4.407178,4.935976
2020-04-01,4.352943,0.993347,,1.811925,2.256712,4.168753,5.260779,,4.008048,4.090526,2.496835,4.572843,4.862020,3.778922,1.499630,4.226197,4.726248
2020-04-02,4.413957,1.033368,,1.811925,2.239735,4.268357,5.360198,,4.077500,4.223977,2.543816,4.536838,5.005677,3.797972,1.551643,4.278222,4.822168
2020-04-03,4.334456,0.989585,,1.811925,2.208460,4.277990,5.246281,,3.985422,4.175115,2.517849,4.439194,4.990548,3.737453,1.532247,4.177194,4.753728
2020-04-06,4.688828,1.045854,,1.811925,2.337093,4.502232,5.768663,,4.238827,4.385322,2.790716,4.902307,5.244921,4.070797,1.638902,4.512850,5.093595
2020-04-07,4.700689,1.013016,,1.811925,2.379255,4.515633,5.737565,,4.236656,4.339227,2.798137,5.026330,5.242768,4.095508,1.623943,4.587900,5.091521
2020-04-08,4.856284,1.074074,,1.811925,2.483229,4.606909,5.951441,,4.314877,4.454741,2.953770,5.208584,5.373769,4.206215,1.663068,4.743177,5.199625
2020-04-09,4.892210,1.133422,,1.811925,2.587926,4.615311,5.925661,,4.338860,4.468583,3.011128,5.294617,5.385435,4.174692,1.657678,4.782498,5.207143
2020-04-13,4.871507,1.088782,,1.811925,2.476249,4.562667,5.925242,,4.346047,4.483776,2.964577,5.307480,5.415457,4.285195,1.660040,4.717890,5.263399
2020-04-14,5.057286,1.133079,,1.811925,2.572120,4.793085,6.169169,,4.491547,4.625777,3.074837,5.496149,5.607224,4.503583,1.734834,4.860274,5.492310
2020-04-15,4.971486,1.099728,,1.811925,2.555600,4.696641,6.008373,,4.471447,4.524640,2.960563,5.466149,5.516818,4.479894,1.697809,4.730541,5.429314
2020-04-16,5.040468,1.115976,,1.811925,2.517658,4.775688,6.104704,,4.526864,4.642506,2.993725,5.548311,5.646182,4.614007,1.732430,4.776739,5.528344
2020-04-17,5.150900,1.148472,,1.811925,2.607829,4.798336,6.217312,,4.527891,4.825441,3.091703,5.721579,5.733326,4.606271,1.745523,4.900055,5.581230
2020-04-20,5.066932,1.100584,,1.811925,2.512363,4.726720,6.089824,,4.514683,4.847804,3.044700,5.589279,5.678191,4.524418,1.726375,4.782738,5.515123
2020-04-21,4.884696,1.084507,,1.811925,2.472610,4.579591,5.809930,,4.388382,4.689305,2.930363,5.380701,5.513778,4.303426,1.660710,4.608285,5.311618
2020-04-22,5.024493,1.117174,,1.811925,2.470720,4.643837,6.097109,,4.466010,4.727297,3.061566,5.531461,5.602412,4.533980,1.708482,4.733272,5.469237
2020-04-23,5.013405,1.101097,,1.811925,2.468644,4.571075,6.062057,,4.502624,4.716675,2.989257,5.556227,5.554781,4.474130,1.700376,4.769840,5.457571
2020-04-24,5.099003,1.104346,,1.811925,2.502651,4.625988,6.201750,,4.566399,4.781639,3.055185,5.630725,5.641434,4.566557,1.740448,4.900826,5.543640
2020-04-27,5.185257,1.119739,,1.811925,2.550678,4.717090,6.293474,,4.603078,4.829402,3.049032,5.822658,5.683528,4.636030,1.754218,5.020381,5.588229
2020-04-28,5.156964,1.131711,,1.811925,2.641918,4.719886,6.243409,,4.489257,4.740200,2.984323,5.841256,5.597548,4.566609,1.724899,5.026025,5.482977
2020-04-29,5.321028,1.113069,,1.811925,2.751559,4.735908,6.516640,,4.626609,4.809506,3.082727,6.014982,5.654197,4.711636,1.770088,5.168192,5.677409
2020-04-30,5.240923,1.087072,,1.811925,2.671381,4.705893,6.367021,,4.650072,4.787889,3.102141,5.886265,5.693821,4.570774,1.760953,5.090666,5.675076
2020-05-01,5.081408,1.063470,,1.811925,2.569792,4.602997,6.074961,,4.699498,4.662263,3.115935,5.654103,5.563796,4.363560,1.719225,4.822315,5.515123
2020-05-04,5.116052,1.067062,,1.811925,2.521387,4.592958,6.142265,,4.732791,4.745136,3.157033,5.683591,5.583695,4.479630,1.735116,4.773578,5.579415
2020-05-05,5.166137,1.082283,,1.811925,2.512699,4.616331,6.252643,,4.731290,4.828065,3.233981,5.692928,5.606259,4.551391,1.754520,4.771650,5.642670
2020-05-06,5.185594,1.047051,,1.811925,2.484998,4.622332,6.313921,,4.709235,4.815869,3.218135,5.775821,5.591729,4.589385,1.761314,4.770216,5.677409
2020-05-07,5.266662,1.025501,,1.811925,2.515821,4.622953,6.393212,,4.817435,4.850465,3.526940,5.902870,5.617052,4.637586,1.790419,4.822799,5.750515
2020-05-08,5.368825,1.031487,,1.811925,2.614645,4.731355,6.515059,,4.884114,4.851814,3.549254,6.079804,5.666465,4.777909,1.813110,4.983085,5.829325
2020-05-11,5.373802,1.028409,,1.811925,2.593722,4.741730,6.512889,,4.873463,4.998344,3.560841,6.007074,5.714139,4.818138,1.828536,4.911124,5.881433
2020-05-12,5.245483,1.005490,,1.811925,2.505462,4.696033,6.345131,,4.790699,4.867998,3.531637,5.849198,5.597680,4.737662,1.796302,4.757611,5.758292
2020-05-13,5.148208,0.993005,,1.811925,2.423284,4.628421,6.197941,,4.765127,4.825798,3.533608,5.707157,5.541838,4.693423,1.780577,4.612886,5.686223
2020-05-14,5.229284,0.995400,,1.811925,2.472803,4.632395,6.342015,,4.801098,4.842117,3.582201,5.824425,5.581876,4.818494,1.797542,4.690300,5.750774
2020-05-15,5.235736,0.990098,,1.811925,2.459337,4.672679,6.273324,,4.868786,4.889817,3.585363,5.883818,5.604164,4.799099,1.812036,4.654298,5.788105
2020-05-18,5.432470,1.028409,,1.811925,2.623684,4.783452,6.494230,,4.985768,4.974923,3.632450,6.249451,5.689047,4.924610,1.835838,4.898381,5.895950
2020-05-19,5.405354,1.021054,,1.811925,2.598074,4.744940,6.477974,,4.999921,4.912363,3.606369,6.206598,5.640244,4.949921,1.825893,4.854912,5.881173
2020-05-20,5.515301,1.030461,,1.811925,2.655714,4.772210,6.672759,,5.016451,5.016107,3.672004,6.324805,5.689756,5.050393,1.860918,4.985593,5.998610
2020-05-21,5.459235,1.028751,,1.811925,2.659455,4.740778,6.547356,,4.978007,4.971959,3.616539,6.309180,5.640898,4.971771,1.839803,4.912940,5.933281
2020-05-22,5.464633,1.032513,,1.811925,2.657527,4.765452,6.573806,,4.943629,5.028007,3.633840,6.258913,5.656930,4.927593,1.848755,4.858327,5.953761
2020-05-26,5.549787,1.044314,,1.811925,2.849435,4.809995,6.621088,,4.951650,5.007429,3.616091,6.483155,5.690155,4.932647,1.837514,5.096474,5.937688
2020-05-27,5.633953,1.055774,,1.811925,2.937617,4.894030,6.715192,,5.011543,5.110351,3.629391,6.538435,5.768829,4.921035,1.850859,5.230404,5.970094
2020-05-28,5.609568,1.094769,,1.811925,2.877580,5.020834,6.668344,,4.976598,5.155575,3.674246,6.443300,5.788309,4.887467,1.851464,5.130072,5.962316
2020-05-29,5.691644,1.112214,,1.811925,2.866339,5.041217,6.813746,,5.036494,5.228644,3.726478,6.543129,5.876569,5.075504,1.880065,5.183383,6.049681
2020-06-01,5.706861,1.124528,,1.811925,2.878049,5.044817,6.773685,,5.121343,5.206773,3.716668,6.635437,5.869392,5.075613,1.876107,5.107681,6.067828
2020-06-02,5.755843,1.130001,,1.811925,2.916110,5.067028,6.850792,,5.143997,5.249913,3.740056,6.676412,5.868374,5.091323,1.885175,5.140885,6.108529
2020-06-03,5.854702,1.142828,,1.811925,3.024928,5.045726,7.003990,,5.169374,5.229600,3.766585,6.888585,5.878220,5.080520,1.885301,5.297060,6.136009
2020-06-04,5.870888,1.112214,,1.811925,3.229670,5.010998,7.002761,,5.138204,5.164383,3.732677,6.901509,5.900026,5.063027,1.880050,5.345683,6.092974
2020-06-05,6.024331,1.116147,,1.811925,3.376824,5.088789,7.211216,,5.238614,5.241720,3.774822,7.107931,5.970530,5.127877,1.914140,5.553694,6.213781
2020-06-08,6.087623,1.145052,,1.811925,3.501923,5.112761,7.233719,,5.312763,5.261527,3.750448,7.235031,5.983487,5.180261,1.919598,5.683551,6.262000
2020-06-09,6.021262,1.135132,,1.811925,3.402410,5.070704,7.204386,,5.271626,5.180875,3.732033,7.109148,5.991844,5.238814,1.920594,5.536333,6.307368
2020-06-10,6.009923,1.144710,,1.811925,3.297844,5.060222,7.226090,,5.295235,5.193162,3.750678,7.056882,5.996587,5.373397,1.942166,5.450747,6.383067
2020-06-11,5.663119,1.113069,,1.811925,3.035509,4.874151,6.759869,,5.068455,4.935287,3.544278,6.626985,5.768507,5.096083,1.846735,5.067741,6.066791
2020-06-12,5.752179,1.095852,,1.811925,3.183084,4.889004,6.863755,,5.134881,4.992509,3.579716,6.710939,5.781375,5.120508,1.866743,5.161650,6.115010
2020-06-15,5.812650,1.093442,,1.811925,3.200956,4.928682,6.945040,,5.178576,5.056603,3.630936,6.786917,5.817380,5.220435,1.878746,5.215927,6.189413
2020-06-16,5.913491,1.097402,,1.811925,3.254192,5.012118,7.097224,,5.239874,5.139087,3.694989,6.885513,5.907731,5.265852,1.913199,5.296169,6.295702
2020-06-17,5.922558,1.099984,,1.811925,3.253844,4.993471,7.125586,,5.236737,5.181683,3.780044,6.838504,5.913648,5.325475,1.912257,5.251050,6.315664
2020-06-18,5.931275,1.110659,,1.811925,3.242305,5.032425,7.126127,,5.319246,5.172922,3.816948,6.795436,5.942845,5.305241,1.926034,5.234623,6.332774
2020-06-19,5.917993,1.102050,,1.811925,3.174138,5.010057,7.090152,,5.306669,5.368492,3.704297,6.711134,5.959538,5.373618,1.922781,5.253762,6.331737
2020-06-22,5.940620,1.121677,,1.811925,3.155846,5.014833,7.150543,,5.319661,5.334917,3.818056,6.741007,5.948896,5.413647,1.938804,5.232404,6.407671
2020-06-23,5.957345,1.105149,,1.811925,3.145654,4.987303,7.166077,,5.337882,5.354509,3.849479,6.805452,5.964776,5.431033,1.954870,5.201122,6.462207
2020-06-24,5.797451,1.096369,,1.811925,3.022511,4.917723,6.981605,,5.236487,5.221389,3.765065,6.550691,5.846554,5.303071,1.921642,5.032462,6.328984
2020-06-25,5.850045,1.082939,,1.811925,3.067166,4.972329,7.055962,,5.266306,5.280647,3.898939,6.558956,5.904776,5.368532,1.940808,5.038842,6.389233
2020-06-26,5.742294,1.072781,,1.811925,2.987221,4.889758,6.961213,,5.093315,5.222247,3.833960,6.426804,5.847860,5.239383,1.918301,4.966814,6.238351
2020-06-29,5.830717,1.075364,,1.811925,3.088246,4.973296,7.032258,,5.163629,5.244947,3.796393,6.618395,5.906657,5.298749,1.929476,5.085887,6.306391
2020-06-30,5.923056,1.076053,,1.811925,3.113996,4.994531,7.191866,,5.199955,5.347542,3.902244,6.708256,5.981071,5.436941,1.962725,5.188313,6.430005
2020-07-01,5.950009,1.106462,,1.832220,3.116114,4.995726,7.162729,,5.298035,5.362578,3.973915,6.792615,6.073973,5.433822,1.984146,5.152876,6.505056
2020-07-02,5.998387,1.107464,,1.830894,3.137777,5.016613,7.210390,,5.322072,5.435130,3.968987,6.894803,6.121584,5.523158,1.989161,5.176641,6.549204
2020-07-06,6.111545,1.101791,,1.851622,3.183241,5.032813,7.342920,,5.461694,5.493741,3.945918,7.134334,6.244530,5.707809,2.015116,5.239790,6.710214
2020-07-07,6.051595,1.096073,,1.844228,3.121204,5.057951,7.251928,,5.427886,5.481851,3.970555,7.011779,6.262466,5.704546,2.004112,5.139723,6.663988
2020-07-08,6.097743,1.099760,,1.861209,3.114713,5.051790,7.336560,,5.467293,5.506391,4.066639,7.073466,6.288161,5.793963,2.021716,5.174663,6.751765
2020-07-09,6.101189,1.087343,,1.851648,3.052170,5.039267,7.381856,,5.499169,5.493214,4.103818,7.057230,6.321099,5.910866,2.031903,5.124104,6.808637
2020-07-10,6.137659,1.103331,,1.840888,3.092209,5.108171,7.379903,,5.592445,5.459202,3.995640,7.172998,6.368283,5.930881,2.039640,5.180226,6.855122
2020-07-13,6.022345,1.107972,,1.744182,3.080588,5.102931,7.209865,,5.476965,5.365671,3.841324,7.009916,6.313257,5.720139,2.007277,5.158786,6.714109
2020-07-14,6.084626,1.117944,,1.733703,3.115215,5.192751,7.279600,,5.523007,5.512000,3.859018,6.992133,6.394542,5.811181,2.021317,5.210199,6.761633
2020-07-15,6.162978,1.116796,,1.763661,3.236147,5.188040,7.317187,,5.566370,5.573616,3.853642,7.225384,6.397827,5.831613,2.023023,5.255262,6.775397
2020-07-16,6.124413,1.123813,,1.773375,3.211968,5.241928,7.268142,,5.533111,5.530047,3.803249,7.133093,6.419939,5.767678,2.010815,5.260319,6.729171
2020-07-17,6.170934,1.155702,,1.800579,3.234566,5.284183,7.324654,,5.507345,5.664762,3.895301,7.129825,6.457958,5.814444,2.027345,5.316847,6.736962
2020-07-20,6.266590,1.136033,,1.801803,3.222596,5.256896,7.498249,,5.579889,5.775949,4.005047,7.254385,6.528403,6.047577,2.061183,5.303414,6.928096
2020-07-21,6.244220,1.144435,,1.805933,3.279798,5.293512,7.442053,,5.562993,5.692239,3.932480,7.244963,6.543748,5.943884,2.049020,5.346057,6.855902
2020-07-22,6.268217,1.166942,,1.797571,3.296456,5.341399,7.470140,,5.560920,5.695192,3.996088,7.284017,6.557745,5.997557,2.058888,5.360261,6.880053
2020-07-23,6.186770,1.160765,,1.781228,3.336207,5.330091,7.373937,,5.462717,5.590207,3.893957,7.124158,6.512708,5.834098,2.025251,5.376527,6.700345
2020-07-24,6.120013,1.144833,,1.794333,3.321147,5.310600,7.240782,,5.463469,5.504235,3.864841,7.076681,6.495486,5.856894,1.983083,5.260532,6.636720
2020-07-27,6.228036,1.138382,,1.833596,3.336229,5.358210,7.392952,,5.528694,5.638170,3.986233,7.227931,6.580264,6.033468,2.007980,5.319022,6.755141
2020-07-28,6.158827,1.151538,,1.827401,3.312248,5.368099,7.281420,,5.487043,5.560759,3.947934,7.127067,6.543804,5.922976,1.992745,5.281239,6.669182
2020-07-29,6.240539,1.163518,,2.113976,3.376769,5.400594,7.373943,,5.556021,5.549911,4.134502,7.241338,6.554083,6.071100,2.005072,5.293287,6.746051
2020-07-30,6.253527,1.164446,,2.123002,3.341721,5.347088,7.443058,,5.539749,5.552022,4.311663,7.233854,6.533554,6.117615,2.011660,5.263502,6.781370
2020-07-31,6.270273,1.166901,,2.166549,3.354457,5.345976,7.484281,,5.578692,5.531993,4.391396,7.200753,6.596438,6.201387,2.036985,5.286410,6.902387
2020-08-03,6.326419,1.155166,,2.128917,3.353346,5.364567,7.597364,,5.606499,5.615590,4.413793,7.231545,6.596712,6.373565,2.062549,5.306438,6.995616
2020-08-04,6.368895,1.176549,,2.114563,3.384069,5.422035,7.659783,,5.686644,5.567373,4.419617,7.273966,6.625971,6.417806,2.072557,5.346414,7.021586
2020-08-05,6.380233,1.159734,,2.143832,3.425164,5.457983,7.634350,,5.645391,5.567145,4.544592,7.393252,6.712329,6.431920,2.069720,5.315031,7.038985
2020-08-06,6.389868,1.165077,,2.119993,3.460868,5.485401,7.619248,,5.696789,5.546093,4.571021,7.405491,6.735505,6.413920,2.094369,5.231745,7.132215
2020-08-07,6.366335,1.199524,,2.117240,3.494318,5.495121,7.543134,,5.689910,5.532391,4.448733,7.375958,6.722973,6.291024,2.068731,5.263118,7.049892
2020-08-10,6.356895,1.190885,,2.119891,3.556819,5.468502,7.531125,,5.662244,5.448428,4.329804,7.433776,6.713360,6.207317,2.062780,5.281296,7.019768
2020-08-11,6.282232,1.168649,,2.065585,3.555745,5.406273,7.423862,,5.583263,5.359151,4.233721,7.412906,6.640996,6.056735,2.027753,5.241692,6.886805
2020-08-12,6.399994,1.189093,,2.102758,3.566332,5.515960,7.588482,,5.669355,5.464329,4.285010,7.566193,6.746605,6.329366,2.070003,5.299700,7.060020
2020-08-13,6.393969,1.181424,,2.145974,3.538836,5.516022,7.550782,,5.673907,5.477089,4.324205,7.610955,6.764774,6.381203,2.050395,5.186031,7.076121
2020-08-14,6.377153,1.176711,,2.117112,3.539965,5.525693,7.531536,,5.642103,5.448600,4.288146,7.612185,6.749647,6.358329,2.050012,5.180690,7.067811
2020-08-17,6.446793,1.163151,,2.119177,3.533700,5.573895,7.613338,,5.677765,5.534942,4.396324,7.774272,6.788596,6.648111,2.060493,5.176654,7.149874
2020-08-18,6.460566,1.157288,,2.111834,3.517438,5.562436,7.622751,,5.754361,5.517046,4.357801,7.818990,6.882908,6.717235,2.064846,5.148304,7.218693
2020-08-19,6.396268,1.153035,,2.109106,3.510848,5.538767,7.592158,,5.693147,5.294718,4.310095,7.774782,6.862211,6.713002,2.054727,5.109789,7.170130
2020-08-20,6.413050,1.137256,,2.131262,3.498922,5.529230,7.627861,,5.740924,5.266581,4.438654,7.803700,6.899634,6.787284,2.081900,5.088003,7.269593
2020-08-21,6.415986,1.145489,,2.124557,3.489682,5.543465,7.630228,,5.724517,5.242384,4.407522,7.871507,6.913900,6.854120,2.087511,5.080595,7.319973
2020-08-24,6.475283,1.170420,,2.174708,3.545274,5.601587,7.706226,,5.760696,5.198642,4.454332,8.017097,6.950751,6.844368,2.096536,5.146940,7.365679
2020-08-25,6.527585,1.149757,,2.177793,3.538687,5.613172,7.760634,,5.835134,5.277665,4.516820,8.106980,6.953642,6.955759,2.113434,5.131981,7.423591
2020-08-26,6.583514,1.145078,,2.146050,3.532590,5.640542,7.835935,,5.995253,5.280882,4.557359,8.149676,7.035457,7.039445,2.151016,5.150916,7.582004
2020-08-27,6.576286,1.143290,,2.157651,3.574554,5.563157,7.798172,,5.951155,5.310668,4.576620,8.199523,6.969611,7.005671,2.151905,5.178758,7.558372
2020-08-28,6.648680,1.145781,,2.173484,3.619032,5.579201,7.946400,,5.970212,5.296044,4.579756,8.327853,6.968719,7.028310,2.164530,5.259658,7.596806
2020-08-31,6.656136,1.150614,,2.163591,3.586071,5.591760,7.961329,,5.928830,5.380865,4.572141,8.317736,6.964433,7.170330,2.170501,5.293856,7.657834
2020-09-01,6.726705,1.133954,,2.226923,3.620077,5.554314,8.145189,,5.979837,5.317786,4.679423,8.405571,7.008737,7.506638,2.182412,5.261061,7.788720
2020-09-02,6.859128,1.185297,,2.238116,3.665976,5.658147,8.327885,,6.051716,5.491455,4.721753,8.498895,7.161968,7.529597,2.193727,5.400224,7.862473
2020-09-03,6.585085,1.166311,,2.156019,3.574981,5.501356,7.889497,,5.869656,5.258593,4.591178,8.213783,6.891813,6.999125,2.096148,5.241308,7.463843
2020-09-04,6.520800,1.157984,,2.108240,3.569029,5.469952,7.798660,,5.774621,5.211911,4.296657,8.199921,6.794947,6.942253,2.075220,5.254049,7.364381
2020-09-08,6.297386,1.140000,,2.019590,3.472537,5.320498,7.451890,,5.618185,5.093600,4.164738,7.912832,6.611940,6.473124,1.966042,5.099728,7.010419
2020-09-09,6.413076,1.156119,,2.048630,3.522988,5.413668,7.633894,,5.679080,5.200589,4.358473,7.988615,6.775285,6.767230,2.033943,5.161800,7.216356
2020-09-10,6.305032,1.131079,,2.021247,3.474262,5.344165,7.513612,,5.581154,5.094518,4.257462,7.841432,6.658858,6.606383,2.002617,5.076861,7.072486
2020-09-11,6.294351,1.128711,,2.003094,3.491106,5.355962,7.511999,,5.561199,5.095027,4.121064,7.784380,6.650312,6.533702,1.998104,5.122836,7.023404
2020-09-14,6.419862,1.144641,,2.077185,3.559927,5.389039,7.687917,,5.606109,5.227170,4.187359,7.965557,6.707286,6.823086,2.049143,5.225596,7.145719
2020-09-15,6.484672,1.150380,,2.149314,3.583853,5.388770,7.782676,,5.695118,5.260566,4.166306,8.033807,6.757884,6.956714,2.079490,5.220142,7.247000
2020-09-16,6.440814,1.155978,,2.140900,3.592828,5.357531,7.721157,,5.677963,5.167802,4.051857,8.004957,6.694762,6.826468,2.052265,5.222775,7.131436
2020-09-17,6.370823,1.130505,,2.118234,3.569129,5.281095,7.684907,,5.578991,5.123985,3.937184,7.847545,6.586654,6.759146,2.020338,5.158080,7.020028
2020-09-18,6.297426,1.104257,,2.109769,3.528344,5.201683,7.596433,,5.517105,5.068978,3.943455,7.761581,6.497181,6.772482,2.007487,5.071092,6.930433
2020-09-21,6.253634,1.097072,,2.100871,3.437159,5.169695,7.586611,,5.503683,4.997562,4.103370,7.658065,6.455045,6.943049,2.025296,4.985029,6.947054
2020-09-22,6.342349,1.106226,,2.135291,3.486173,5.192892,7.705638,,5.592615,5.067276,4.205725,7.757133,6.587464,6.999933,2.045364,5.018791,7.076121
2020-09-23,6.212752,1.089134,,2.093885,3.418129,5.140312,7.550550,,5.435614,5.000807,4.067535,7.562190,6.457067,6.798562,1.979906,4.977615,6.860057
2020-09-24,6.229576,1.101586,,2.088506,3.419816,5.183633,7.576638,,5.467557,4.989747,4.080525,7.561576,6.500202,6.780230,1.990737,4.963046,6.891999
2020-09-25,6.351529,1.124564,,2.141665,3.501121,5.221217,7.738676,,5.528200,5.107010,4.193854,7.725598,6.569777,7.018368,2.032181,5.037517,7.052230
2020-09-28,6.484758,1.130921,,2.185339,3.593960,5.335771,7.902959,,5.610954,5.184192,4.300688,7.954968,6.708120,7.076388,2.077650,5.150059,7.198697
2020-09-29,6.453370,1.122633,,2.184626,3.543866,5.308016,7.905308,,5.582317,5.159138,4.356233,7.846699,6.676833,7.047870,2.072345,5.134417,7.166235
2020-09-30,6.482024,1.132568,,2.163362,3.543735,5.369462,7.896623,,5.604449,5.227910,4.412898,7.922530,6.679726,7.117599,2.094883,5.126669,7.215317
2020-10-01,6.562937,1.144918,,2.206374,3.560986,5.431580,8.016959,,5.677318,5.246045,4.410882,8.063975,6.732123,7.265646,2.118720,5.125412,7.329842
2020-10-02,6.431892,1.147490,,2.180164,3.556051,5.359437,7.827059,,5.533494,5.106499,4.298225,7.936765,6.614120,7.006973,2.055948,5.082801,7.123645
2020-10-05,6.557883,1.169119,,2.207954,3.608162,5.369014,8.018895,,5.639666,5.247996,4.408866,8.026456,6.716096,7.191351,2.089437,5.179165,7.275566
2020-10-06,6.475194,1.183171,,2.202651,3.557910,5.304169,7.938458,,5.558456,5.148301,4.292625,7.909548,6.609152,7.063956,2.054827,5.139307,7.145719
2020-10-07,6.597366,1.191054,,2.232737,3.642208,5.362210,8.102296,,5.618482,5.259201,4.358697,8.092377,6.713724,7.191245,2.093447,5.226976,7.269333
2020-10-08,6.657120,1.217652,,2.215323,3.663896,5.403052,8.187635,,5.663402,5.287981,4.323981,8.191311,6.707026,7.189450,2.100567,5.327317,7.308027
2020-10-09,6.731797,1.217475,,2.229295,3.688169,5.468268,8.286853,,5.750476,5.322505,4.418273,8.292379,6.808318,7.254911,2.122327,5.321485,7.419696
2020-10-12,6.860605,1.237206,,2.249513,3.738607,5.586459,8.443545,,5.887804,5.429930,4.513237,8.433441,6.940628,7.414768,2.175675,5.395438,7.648745
2020-10-13,6.862046,1.247469,,2.251859,3.691473,5.650820,8.444871,,5.906386,5.427641,4.652770,8.402219,6.981959,7.471530,2.182606,5.406587,7.648485
2020-10-14,6.808485,1.242675,,2.216649,3.693182,5.603715,8.404512,,5.851847,5.353195,4.560046,8.302992,6.924590,7.410547,2.173733,5.401996,7.584601
2020-10-15,6.760314,1.246990,,2.211498,3.678835,5.590240,8.388783,,5.802353,5.202823,4.549744,8.251491,6.873130,7.387478,2.161296,5.399250,7.533701
2020-10-16,6.764284,1.265414,,2.194263,3.682829,5.577871,8.386706,,5.793621,5.239256,4.579084,8.236327,6.864953,7.419112,2.163683,5.407504,7.492410
2020-10-19,6.679128,1.249497,,2.131492,3.663246,5.511091,8.329067,,5.684481,5.129134,4.480761,8.108112,6.771753,7.289392,2.125205,5.409000,7.370094
2020-10-20,6.692251,1.256162,,2.130523,3.689178,5.528050,8.318829,,5.708353,5.124132,4.523315,8.159080,6.747604,7.242753,2.122098,5.416444,7.385935
2020-10-21,6.668090,1.252312,,2.104670,3.650128,5.500936,8.282667,,5.723413,5.095696,4.772147,8.113591,6.718131,7.156215,2.133985,5.400311,7.380222
2020-10-22,6.712708,1.252599,,2.095899,3.697822,5.485568,8.272955,,5.699719,5.286322,4.567437,8.240451,6.688066,7.160625,2.121106,5.424351,7.379962
2020-10-23,6.736559,1.252680,,2.090188,3.723568,5.497113,8.260638,,5.732008,5.313310,4.547504,8.347036,6.701180,7.207413,2.096389,5.425465,7.394505
2020-10-26,6.605899,1.247186,,2.118081,3.617430,5.386580,8.075655,,5.653434,5.256530,4.417153,8.148182,6.615913,7.216577,2.055475,5.294903,7.283616
2020-10-27,6.589526,1.244528,,2.113313,3.566592,5.418048,8.053975,,5.689598,5.230954,4.489048,8.088232,6.632886,7.212778,2.060322,5.249377,7.340489
2020-10-28,6.373022,1.202828,,2.022726,3.455704,5.237898,7.800200,,5.494615,5.045186,4.307183,7.830269,6.437365,6.921397,1.982572,5.066510,7.054307
2020-10-29,6.462597,1.215904,,2.111732,3.508640,5.278056,7.961042,,5.573631,5.043489,4.368327,7.912941,6.417111,6.957949,2.003294,5.128922,7.177661
2020-10-30,6.368567,1.205714,,2.099877,3.503256,5.244731,7.831138,,5.534790,4.954726,4.168769,7.722903,6.349266,6.694233,1.956633,5.117324,6.995616
2020-11-02,6.417098,1.236950,,2.169404,3.589909,5.347568,7.878093,,5.509928,4.977849,4.205277,7.778007,6.400249,6.704692,1.961411,5.203507,7.011198
2020-11-03,6.546868,1.270089,,2.243496,3.690852,5.426002,8.046308,,5.608937,5.042068,4.027220,7.986579,6.519424,6.829809,1.985016,5.307181,7.132475
2020-11-04,6.770817,1.264089,,2.301015,3.728952,5.503271,8.285166,,5.847345,5.431586,4.351530,8.177854,6.637573,7.202695,2.050406,5.305256,7.450859
2020-11-05,6.920471,1.285592,,2.303819,3.797476,5.544053,8.568632,,5.938833,5.402082,4.581548,8.427028,6.756699,7.458187,2.118457,5.385464,7.645109
2020-11-06,6.951789,1.278497,,2.301397,3.796448,5.545491,8.653053,,5.962346,5.395896,4.540561,8.460710,6.769484,7.520584,2.117326,5.385864,7.650823
2020-11-09,6.951889,1.286707,,2.325032,3.929092,5.452898,8.607818,,5.859304,5.211779,4.137189,8.904594,6.657048,7.030072,2.081809,5.432149,7.494487
2020-11-10,6.855568,1.284434,,2.259278,3.913905,5.487294,8.369943,,5.872597,5.199008,4.106729,8.727076,6.654614,6.739439,2.071056,5.451592,7.360226
2020-11-11,6.962628,1.305494,,2.291250,3.903541,5.580070,8.590177,,5.945444,5.231324,4.307855,8.787030,6.757288,7.025990,2.125065,5.508150,7.524871
2020-11-12,6.896860,1.280393,,2.298108,3.839444,5.546783,8.495729,,5.940151,5.193083,4.235289,8.677842,6.711519,7.026401,2.105009,5.419646,7.489553
2020-11-13,7.013751,1.291839,,2.338188,3.920644,5.613999,8.621892,,6.043804,5.261781,4.224538,8.914211,6.815484,7.027398,2.133947,5.535203,7.555255
2020-11-16,7.083570,1.304110,,2.334313,3.993425,5.650714,8.748406,,6.096666,5.259576,4.298896,8.967829,6.829718,7.007251,2.157312,5.621108,7.614206
2020-11-17,7.055286,1.281893,,2.330539,3.956216,5.638438,8.701218,,6.080260,5.201768,4.306959,9.033790,6.837609,7.041013,2.151189,5.575001,7.590054
2020-11-18,6.998259,1.257590,,2.257723,3.954920,5.599630,8.623235,,6.042313,5.098576,4.258134,9.047039,6.796573,7.081433,2.126678,5.554262,7.533961
2020-11-19,7.052972,1.242178,,2.281255,3.967561,5.610769,8.736695,,6.100303,5.101280,4.275603,9.112196,6.837379,7.154935,2.137888,5.568771,7.592911
2020-11-20,7.023804,1.234782,,2.274397,3.926370,5.611008,8.675417,,6.105326,5.103979,4.315246,9.064861,6.801311,7.169460,2.127056,5.540283,7.540972
2020-11-23,7.069203,1.221895,,2.263510,3.927027,5.655295,8.743180,,6.092977,5.138113,4.497783,9.192429,6.829416,7.253713,2.134286,5.591949,7.541232
2020-11-24,7.162538,1.237272,,2.217923,4.000607,5.845458,8.838064,,6.193537,5.105498,4.613799,9.400692,6.899391,7.281411,2.173300,5.703150,7.647187
2020-11-25,7.156857,1.229329,,2.243878,3.995165,5.825843,8.839463,,6.167467,5.102790,4.803279,9.383264,6.900381,7.407582,2.184144,5.638590,7.694191
2020-11-27,7.223313,1.217920,,2.254816,3.995114,5.823759,8.950910,,6.212044,5.200598,4.734520,9.459199,6.901749,7.516108,2.190012,5.649433,7.765088
2020-11-30,7.223122,1.205804,,2.321590,3.982278,5.833947,8.999579,,6.171979,5.213068,4.795664,9.362711,6.867645,7.576288,2.202778,5.665916,7.780929
2020-12-01,7.306787,1.217844,,2.266289,3.994896,5.933924,9.081842,,6.273199,5.295256,4.849865,9.494340,6.950080,7.516921,2.238979,5.726740,7.880651
2020-12-02,7.315140,1.224970,,2.214915,3.982541,5.886109,9.121459,,6.321974,5.302519,4.760724,9.451199,6.943993,7.506079,2.228432,5.783234,7.890779
2020-12-03,7.351492,1.205091,,2.219938,4.011703,5.902164,9.156197,,6.324635,5.318861,4.805071,9.605493,6.927650,7.578267,2.244280,5.786299,7.901946
2020-12-04,7.430772,1.189365,,2.277380,4.021158,5.951548,9.343924,,6.339532,5.362438,4.877413,9.648733,6.977096,7.596238,2.257476,5.864268,7.934148
2020-12-07,7.429138,1.201066,,2.252853,4.019804,5.914482,9.373440,,6.387146,5.306672,4.880997,9.600520,6.939100,7.634334,2.271660,5.836863,7.979075
2020-12-08,7.447096,1.197677,,2.224629,4.037131,5.936181,9.416787,,6.378749,5.341218,4.858824,9.579826,6.968006,7.661441,2.280758,5.873573,8.006083
2020-12-09,7.326994,1.189990,,2.175549,4.018349,5.924821,9.192969,,6.296835,5.245750,4.721305,9.473985,6.921410,7.386145,2.240300,5.863812,7.824817
2020-12-10,7.343342,1.188135,,2.163056,3.990653,5.879817,9.197373,,6.319446,5.274654,4.822988,9.577427,6.896171,7.520524,2.244767,5.832349,7.856240
2020-12-11,7.318993,1.186351,,2.163693,4.005685,5.874973,9.169082,,6.335155,5.279749,4.794320,9.406055,6.893523,7.509756,2.239767,5.826506,7.838840
2020-12-14,7.368779,1.184842,,2.175320,3.976622,5.891112,9.240973,,6.364514,5.380270,4.945052,9.444310,6.902485,7.633221,2.264166,5.838601,7.895713
2020-12-15,7.460469,1.217721,,2.208923,4.048015,5.911702,9.356529,,6.461666,5.415675,4.963194,9.576564,6.960040,7.702718,2.277174,5.907954,7.980114
2020-12-16,7.492325,1.209763,,2.194926,4.015290,5.943367,9.401732,,6.495456,5.430627,5.155809,9.661366,6.950809,7.729337,2.291384,5.921660,8.024002
2020-12-17,7.556754,1.225852,,2.279267,4.037376,5.974866,9.456576,,6.531917,5.519133,5.274737,9.763966,6.972729,7.836034,2.313073,5.934903,8.076460
2020-12-18,7.568313,1.216380,,2.306624,4.039015,5.974958,9.472468,,6.551014,5.530751,5.295791,9.773581,6.984057,7.885381,2.313229,5.930285,8.052049
2020-12-21,7.506008,1.194702,,2.335078,4.007125,5.926403,9.427778,,6.471781,5.489376,5.324235,9.625903,6.955212,7.790207,2.290141,5.864979,8.036985
2020-12-22,7.505840,1.197104,,2.308230,3.988670,5.864756,9.468746,,6.435543,5.514617,5.453466,9.588578,6.907261,7.854332,2.295391,5.837248,8.058839
2020-12-23,7.486125,1.191588,,2.314400,3.983507,5.877149,9.377967,,6.462074,5.509837,5.362758,9.633735,6.936726,7.769346,2.286716,5.846269,8.018253
2020-12-24,7.506357,1.196265,,2.311545,3.990296,5.924860,9.433820,,6.479115,5.500412,5.344840,9.608321,6.957699,7.768827,2.304015,5.870788,8.053636
2020-12-28,7.536013,1.208085,,2.395350,4.064908,5.969700,9.429821,,6.525226,5.470500,5.279665,9.692463,6.998973,7.700459,2.324318,5.890372,8.134807
2020-12-29,7.527951,1.203571,,2.341095,4.027246,5.985224,9.370946,,6.570037,5.465180,5.174398,9.787804,7.025390,7.714810,2.331885,5.901887,8.142091
2020-12-30,7.576165,1.207127,,2.358279,4.049721,5.972935,9.437048,,6.614497,5.478505,5.185149,9.911749,7.011762,7.820429,2.331241,5.902428,8.142352
2020-12-31,7.624814,1.220678,,2.356545,4.047873,6.006918,9.513276,,6.652423,5.544800,5.245397,9.925377,7.064263,7.781324,2.352804,5.965902,8.162384
2021-01-04,7.513572,1.196253,,2.282556,3.924953,5.936283,9.389394,,6.549208,5.483100,5.194332,9.804283,6.972931,7.779373,2.316977,5.893440,8.047131
2021-01-05,7.591025,1.189551,,2.278833,3.974234,5.920415,9.484505,,6.630203,5.530471,5.261299,9.977258,6.960539,7.944435,2.334846,5.892787,8.113473
2021-01-06,7.581405,1.222111,,2.286227,4.010169,5.948346,9.400163,,6.616837,5.532521,5.080331,10.044856,6.983721,7.682297,2.312658,5.948212,8.001082
2021-01-07,7.719353,1.204112,,2.308613,4.053405,5.976714,9.650253,,6.727641,5.670099,5.264211,10.113971,7.014047,7.930358,2.374004,5.984640,8.194644
2021-01-08,7.799122,1.212235,,2.344409,4.066423,5.999760,9.699767,,6.802975,5.759380,5.430397,10.341440,7.101554,8.158392,2.413743,6.027160,8.300011
2021-01-11,7.721315,1.194672,,2.305783,4.026444,5.901070,9.685937,,6.666658,5.681415,5.319308,10.198851,7.063587,8.071898,2.373254,5.985855,8.180075
2021-01-12,7.711139,1.188538,,2.249487,4.066451,5.907338,9.699691,,6.599787,5.617349,5.322443,10.240373,7.025408,8.112745,2.379659,6.000433,8.167067
2021-01-13,7.708154,1.213796,,2.273913,4.031255,5.881553,9.691752,,6.600947,5.629292,5.485046,10.217002,6.996260,8.174656,2.415535,5.992073,8.222222
2021-01-14,7.714061,1.197141,,2.213767,4.013515,5.837446,9.770800,,6.548970,5.648854,5.421438,10.212339,6.994549,8.174093,2.407921,5.997317,8.178254
2021-01-15,7.662538,1.221289,,2.176645,3.957589,5.818807,9.659259,,6.537634,5.666176,5.370597,10.121327,6.994799,8.063438,2.377999,6.009809,8.113473
2021-01-19,7.772414,1.211335,,2.223176,3.968673,5.793462,9.846360,,6.675225,5.766936,5.537679,10.204685,7.035120,8.236793,2.407857,6.052329,8.231848
2021-01-20,7.872963,1.221326,,2.294054,3.988518,5.811753,9.895468,,6.912187,5.871023,5.470712,10.369730,7.074542,8.341147,2.434059,6.078722,8.423329
2021-01-21,7.879314,1.217914,,2.325134,3.995242,5.782823,9.958166,,6.916655,5.831773,5.568811,10.311341,7.125277,8.421508,2.460647,6.063256,8.490711
2021-01-22,7.823968,1.207848,,2.284570,3.936173,5.770508,9.859296,,6.911717,5.819607,5.644065,10.220340,7.119431,8.442672,2.437463,6.042274,8.466256
2021-01-25,7.854689,1.235572,,2.318250,3.900012,5.804949,9.887365,,6.979351,5.913929,5.548878,10.161647,7.167046,8.511341,2.457700,6.111730,8.536240
2021-01-26,7.817212,1.222037,,2.302417,3.876652,5.852638,9.816846,,7.035796,5.841999,5.397697,10.090888,7.198867,8.371751,2.462459,6.114819,8.548728
2021-01-27,7.580486,1.177466,,2.268405,3.816722,5.724194,9.511639,,6.809968,5.664121,5.149986,9.721685,7.032366,8.047668,2.403152,6.048369,8.310417
2021-01-28,7.690414,1.190444,,2.299230,3.852845,5.767745,9.665468,,6.904292,5.725625,5.325803,9.904469,7.117777,8.143828,2.434096,6.017570,8.359588
2021-01-29,7.562547,1.186923,,2.293901,3.767357,5.664282,9.532016,,6.715664,5.705113,5.247861,9.661805,6.929893,7.969981,2.378983,5.942823,8.183718
2021-02-01,7.721775,1.193885,,2.358381,3.809411,5.659450,9.841784,,6.801403,5.766988,5.416735,9.902561,6.970141,8.247108,2.439152,5.981827,8.388206
2021-02-02,7.854065,1.207235,,2.346678,3.878734,5.748649,10.020068,,6.919857,5.786970,5.579114,10.177469,7.036150,8.454357,2.485474,6.026458,8.525053
2021-02-03,7.784932,1.192433,,2.338902,3.908524,5.733968,9.860101,,6.962867,5.651273,5.641826,10.126105,6.961106,8.335464,2.473727,5.996323,8.491231
2021-02-04,7.904259,1.213004,,2.344129,3.944430,5.781049,10.010560,,7.009344,5.791497,6.056844,10.308584,7.066390,8.557588,2.499984,6.076637,8.591655
2021-02-05,7.938946,1.211711,,2.315497,3.974070,5.809060,10.001219,,7.057004,5.832730,6.034671,10.447893,7.089929,8.661268,2.499387,6.129488,8.620793
2021-02-08,8.030699,1.201179,,2.295508,4.018424,5.828470,10.196557,,7.099855,5.857321,6.319785,10.542782,7.106989,8.732663,2.529809,6.163723,8.678549
2021-02-09,8.036459,1.197590,,2.309632,4.033532,5.828455,10.198997,,7.153177,5.844967,6.365251,10.505449,7.091877,8.808985,2.525129,6.139055,8.676728
2021-02-10,8.041407,1.195697,,2.358355,4.029082,5.809911,10.192102,,7.182130,5.836325,6.342406,10.547457,7.073817,8.831166,2.496534,6.091387,8.656956
2021-02-11,8.118299,1.180877,,2.358100,3.988818,5.819087,10.427039,,7.202955,5.865495,6.383841,10.591174,7.054613,8.948982,2.510382,6.101560,8.704566
2021-02-12,8.168319,1.173268,,2.396013,4.024618,5.813059,10.517931,,7.201081,5.958193,6.682618,10.564910,7.064951,9.046241,2.530949,6.093385,8.753216
2021-02-16,8.171843,1.160252,,2.295584,4.032141,5.812147,10.531933,,7.242363,5.864040,6.826407,10.669886,7.015404,9.102504,2.522471,6.045361,8.729542
2021-02-17,8.148089,1.166618,,2.322049,4.019411,5.875780,10.416780,,7.215513,5.890234,6.656414,10.718315,7.031157,8.973605,2.501037,6.076066,8.687655
2021-02-18,8.121233,1.187358,,2.345199,4.019231,5.952383,10.358491,,7.160234,5.826253,6.513296,10.734864,7.022025,8.886731,2.485976,6.147895,8.649671
2021-02-19,8.141659,1.166814,,2.328423,4.065305,5.824760,10.454001,,7.191926,5.790095,6.426172,10.760420,6.925229,8.891353,2.469914,6.100922,8.611947
2021-02-22,7.993779,1.140401,,2.235159,4.033751,5.769806,10.174386,,7.063843,5.747789,6.133442,10.634160,6.886227,8.440552,2.398707,6.034810,8.388727
2021-02-23,7.970179,1.157364,,2.210453,4.020621,5.732499,10.117935,,7.070975,5.719127,5.935227,10.668229,6.856297,8.333232,2.387695,6.020565,8.363751
2021-02-24,8.054636,1.132640,,2.132053,4.031709,5.709616,10.389863,,7.042000,5.744203,5.959192,10.759194,6.821747,8.432512,2.423509,6.047612,8.432694
2021-02-25,7.779296,1.111264,,2.090673,3.928103,5.609797,9.905981,,6.872657,5.620598,5.687516,10.348240,6.696593,8.035303,2.339344,5.856192,8.138709
2021-02-26,7.805114,1.095089,,2.100259,3.928490,5.578050,10.011980,,6.874055,5.574055,5.819882,10.397108,6.662194,8.164169,2.346692,5.822501,8.172791
2021-03-01,7.992034,1.110394,,2.077925,4.035776,5.625129,10.340206,,7.016223,5.646117,6.128514,10.623300,6.761697,8.494770,2.427600,5.937934,8.418646
2021-03-02,7.879426,1.108798,,2.014618,4.013235,5.615349,10.080291,,6.998836,5.596923,6.029071,10.488532,6.725735,8.261384,2.390793,5.906683,8.283621
2021-03-03,7.688227,1.102971,,1.944836,3.986244,5.595433,9.808413,,6.801473,5.418307,5.712600,10.225321,6.628933,7.814738,2.326104,5.869909,8.043229
2021-03-04,7.522489,1.114777,,1.933770,3.854750,5.585876,9.502235,,6.724800,5.362527,5.354471,9.991156,6.609316,7.516190,2.273932,5.802916,7.911586
2021-03-05,7.683932,1.141346,,2.036341,3.937981,5.695058,9.743499,,6.842501,5.479393,5.354023,10.141141,6.749701,7.547800,2.310416,5.921975,8.030741
2021-03-08,7.531478,1.162136,,2.020074,3.973402,5.706537,9.409391,,6.656515,5.363125,5.063757,10.096893,6.686950,7.041127,2.255231,5.964245,7.803358
2021-03-09,7.773293,1.175915,,2.077848,4.022598,5.781937,9.837980,,6.865778,5.458269,5.414719,10.408343,6.793737,7.642038,2.364767,6.037115,8.111132
2021-03-10,7.754479,1.180869,,2.060383,4.073298,5.838738,9.741135,,6.876596,5.429969,5.421662,10.415866,6.840944,7.546894,2.366863,6.092591,8.087977
2021-03-11,7.915950,1.180229,,2.083763,4.100883,5.842195,10.032336,,7.022299,5.522528,5.685052,10.615161,6.863558,7.922507,2.418141,6.106179,8.274255
2021-03-12,7.866654,1.194607,,2.086976,4.121553,5.845418,9.929308,,6.974085,5.475890,5.607110,10.560944,6.849020,7.758808,2.403071,6.115727,8.207132
2021-03-15,7.985171,1.214931,,2.136209,4.198705,5.870637,10.109775,,7.004167,5.586364,5.598823,10.731986,6.943278,7.887598,2.424330,6.203262,8.294808
2021-03-16,7.995484,1.218206,,2.138299,4.128385,5.881479,10.176780,,7.104128,5.554817,5.583817,10.636617,6.962350,7.809593,2.432790,6.229831,8.340336
2021-03-17,8.042962,1.205812,,2.098322,4.163770,5.874706,10.243004,,7.122930,5.579117,5.632195,10.791283,6.995574,7.884405,2.444451,6.263178,8.374678
2021-03-18,7.834694,1.199235,,2.053729,4.109589,5.814784,9.910198,,6.945341,5.443791,5.339689,10.502823,6.939707,7.513369,2.367184,6.207143,8.118156
2021-03-19,7.884844,1.208696,,2.087256,4.083588,5.881567,9.991523,,6.988540,5.507410,5.403969,10.508239,6.986726,7.591626,2.375429,6.250954,8.146774
2021-03-22,7.989038,1.213456,,2.110585,4.107930,5.976912,10.168622,,7.101177,5.608884,5.473512,10.497066,7.063380,7.742932,2.431047,6.333099,8.299553
2021-03-23,7.894377,1.229681,,2.118106,4.034745,5.989256,10.024180,,7.074473,5.512091,5.459737,10.314912,7.044147,7.660422,2.422529,6.310614,8.263345
2021-03-24,7.782443,1.232864,,2.050466,4.035199,5.946753,9.916180,,6.911563,5.430755,5.246965,10.074838,6.984424,7.352717,2.380686,6.299439,8.123981
2021-03-25,7.807039,1.243131,,2.047941,4.082012,6.016610,9.933826,,6.818569,5.442523,5.246293,10.222988,7.007203,7.280356,2.388567,6.382476,8.109915
2021-03-26,7.993657,1.248343,,2.081673,4.167832,6.153585,10.324899,,6.852674,5.545106,5.398369,10.357364,7.149135,7.466344,2.436686,6.539540,8.231565
2021-03-29,7.952120,1.257992,,2.064157,4.142209,6.227981,10.198045,,6.850715,5.531460,5.278321,10.334432,7.190112,7.340266,2.426959,6.574568,8.229220
2021-03-30,7.928991,1.245104,,2.038533,4.141664,6.151932,10.135352,,6.875003,5.464006,5.297806,10.445816,7.113797,7.449063,2.417788,6.498825,8.187802
2021-03-31,8.015632,1.253254,,2.095492,4.151299,6.129515,10.327848,,6.892464,5.548252,5.438908,10.488768,7.076785,7.644782,2.449174,6.490773,8.313099
2021-04-01,8.158160,1.258327,,2.196175,4.207936,6.150761,10.614057,,7.014925,5.596700,5.544174,10.586569,7.102687,7.791398,2.474259,6.556709,8.454807
2021-04-05,8.265980,1.278929,,2.162673,4.269597,6.248006,10.799264,,7.100021,5.640121,5.622116,10.674586,7.188502,7.860976,2.526881,6.633619,8.623606
2021-04-06,8.258172,1.280550,,2.195563,4.237345,6.253375,10.701768,,7.150546,5.668242,5.670718,10.743921,7.178961,7.891395,2.522211,6.612049,8.617615
2021-04-07,8.224000,1.285119,,2.192351,4.221493,6.249497,10.685483,,7.124079,5.611477,5.724695,10.638277,7.140725,7.808285,2.521487,6.584196,8.638454
2021-04-08,8.293078,1.281289,,2.229448,4.227351,6.260173,10.821956,,7.150897,5.638674,5.924029,10.751400,7.148882,7.985278,2.550310,6.591670,8.728584
2021-04-09,8.310577,1.277546,,2.262745,4.262987,6.252583,10.841524,,7.137771,5.671777,5.974870,10.760949,7.162819,7.933198,2.562169,6.591474,8.781464
2021-04-12,8.281374,1.280812,,2.262745,4.267233,6.267652,10.757700,,7.105529,5.664074,6.025488,10.750668,7.194096,7.914689,2.553891,6.602654,8.770003
2021-04-13,8.324941,1.292342,,2.309301,4.255319,6.286679,10.808825,,7.126185,5.712595,6.168829,10.835346,7.202036,8.065711,2.596018,6.614359,8.872376
2021-04-14,8.272859,1.298235,,2.282607,4.248351,6.214290,10.703898,,7.090788,5.722402,5.984725,10.776373,7.166870,7.930997,2.557051,6.607610,8.765835
2021-04-15,8.376339,1.314902,,2.328703,4.281526,6.290465,10.855933,,7.157421,5.824490,6.136801,10.858813,7.276079,8.011565,2.593731,6.669215,8.898686
2021-04-16,8.396468,1.324357,,2.307210,4.288392,6.336650,10.845292,,7.192113,5.846299,6.044301,10.933507,7.310114,7.997651,2.602742,6.723054,8.909106
2021-04-19,8.314834,1.316018,,2.292091,4.248739,6.327889,10.658314,,7.164697,5.824669,6.000403,10.858953,7.296693,7.857277,2.572534,6.681743,8.827572
2021-04-20,8.250201,1.330251,,2.327607,4.184950,6.342051,10.551567,,7.145893,5.843640,5.922461,10.628975,7.343914,7.749683,2.556427,6.674220,8.763230
2021-04-21,8.357213,1.326370,,2.318225,4.269712,6.387972,10.724848,,7.139773,5.935675,5.932764,10.821861,7.391502,7.955720,2.582288,6.718695,8.838252
2021-04-22,8.283426,1.315801,,2.327786,4.251374,6.338263,10.575808,,7.094585,5.878658,5.874083,10.801664,7.370066,7.893687,2.548531,6.649488,8.731710
2021-04-23,8.382021,1.312949,,2.380639,4.322802,6.343563,10.750101,,7.145921,5.930645,5.958296,10.921552,7.400051,8.050498,2.560602,6.687207,8.841638
2021-04-26,8.425582,1.304716,,2.379492,4.301136,6.260746,10.875128,,7.176064,5.971775,6.085736,10.952207,7.358895,8.087166,2.565624,6.661001,8.899207
2021-04-27,8.395131,1.297564,,2.388466,4.288008,6.268583,10.817674,,7.145392,5.927320,6.020784,10.976430,7.350936,7.991597,2.544578,6.632155,8.860654
2021-04-28,8.353841,1.296822,,2.198164,4.267790,6.283301,10.693110,,7.205641,5.880339,6.071626,10.996540,7.301266,7.970846,2.516484,6.560314,8.830697
2021-04-29,8.395020,1.307858,,2.240691,4.316176,6.382427,10.742180,,7.347120,5.832911,5.999059,10.942121,7.379478,7.859079,2.529838,6.628472,8.862478
2021-04-30,8.293050,1.315445,,2.178456,4.283817,6.353547,10.515546,,7.285726,5.784973,5.874531,10.901436,7.374726,7.802116,2.516184,6.583828,8.804388
2021-05-03,8.287459,1.317665,,2.189878,4.313749,6.432864,10.469751,,7.235613,5.831708,5.802861,10.870008,7.461970,7.758973,2.506190,6.651880,8.757499
2021-05-04,8.175146,1.318075,,2.167977,4.290306,6.374508,10.311303,,7.144333,5.722204,5.602855,10.730638,7.427978,7.589253,2.467761,6.634686,8.599901
2021-05-05,8.152218,1.289679,,2.126342,4.251294,6.357961,10.324810,,7.144514,5.705009,5.541039,10.647346,7.361322,7.589601,2.465575,6.651990,8.570986
2021-05-06,8.199180,1.311044,,2.092228,4.269973,6.441536,10.381053,,7.249214,5.741440,5.644513,10.587050,7.420552,7.584556,2.490546,6.726029,8.635589
2021-05-07,8.279996,1.311885,,2.168869,4.343232,6.419644,10.497415,,7.276297,5.790024,5.674525,10.748076,7.414694,7.744707,2.518318,6.781340,8.705661
2021-05-10,8.104334,1.321215,,2.140951,4.345018,6.429686,10.167771,,7.132987,5.690135,5.456602,10.476434,7.451393,7.334203,2.458887,6.744449,8.485805
2021-05-11,8.092486,1.305832,,2.160761,4.269609,6.371032,10.177819,,7.153454,5.705384,5.567915,10.427958,7.383245,7.365677,2.453593,6.718812,8.474083
2021-05-12,7.877688,1.278385,,2.087333,4.165315,6.280632,9.844865,,7.015542,5.637429,5.373285,10.043651,7.288850,6.998789,2.387183,6.596546,8.254748
2021-05-13,7.958007,1.312218,,2.067242,4.253202,6.346728,9.980629,,7.034544,5.682426,5.393218,10.086625,7.381467,7.135564,2.405925,6.725554,8.318569
2021-05-14,8.130183,1.327799,,2.095517,4.334149,6.406930,10.238657,,7.211964,5.745031,5.516178,10.344379,7.435397,7.352066,2.454513,6.790198,8.502216
2021-05-17,8.092274,1.319282,,2.085472,4.308738,6.381690,10.187522,,7.157776,5.720048,5.472952,10.337108,7.407119,7.257158,2.422736,6.782571,8.450639
2021-05-18,8.048081,1.327567,,2.086976,4.245690,6.363371,10.101156,,7.119021,5.729089,5.447195,10.307011,7.357505,7.235434,2.408030,6.744786,8.393591
2021-05-19,8.068038,1.323719,,2.113772,4.225180,6.341111,10.191646,,7.134904,5.718366,5.478999,10.273113,7.336598,7.283208,2.404427,6.737286,8.403229
2021-05-20,8.217788,1.336098,,2.146458,4.247564,6.401972,10.423890,,7.302389,5.836641,5.633763,10.409058,7.425278,7.515704,2.450713,6.821207,8.565777
2021-05-21,8.181463,1.341851,,2.138325,4.271537,6.400040,10.367648,,7.255967,5.799289,5.614725,10.339108,7.409205,7.458632,2.438905,6.800925,8.518367
2021-05-24,8.272885,1.341187,,2.152705,4.310124,6.428528,10.561145,,7.321994,5.808782,5.759858,10.421563,7.423882,7.657398,2.486601,6.840405,8.661638
2021-05-25,8.274808,1.320846,,2.166880,4.305543,6.424285,10.584055,,7.310816,5.767737,5.793006,10.482008,7.403841,7.696608,2.491660,6.793013,8.673620
2021-05-26,8.304302,1.322446,,2.168232,4.325014,6.443621,10.598262,,7.368374,5.749540,5.853926,10.592359,7.397377,7.736127,2.503887,6.787298,8.703838
2021-05-27,8.292451,1.307303,,2.153979,4.336911,6.337988,10.595920,,7.388554,5.756234,5.811372,10.551011,7.355475,7.755877,2.501010,6.766048,8.671276
2021-05-28,8.326082,1.320598,,2.177359,4.338943,6.314027,10.632927,,7.411082,5.785562,5.823690,10.650162,7.377790,7.777030,2.502121,6.789296,8.698628
2021-06-01,8.296616,1.312693,,2.178252,4.332007,6.321978,10.575430,,7.383500,5.760859,5.806892,10.637266,7.343738,7.793264,2.489508,6.754820,8.669713
2021-06-02,8.300183,1.315816,,2.156605,4.329067,6.348045,10.628974,,7.354252,5.759142,5.871844,10.557963,7.376339,7.732164,2.488974,6.794961,8.686645
2021-06-03,8.234212,1.326360,,2.131849,4.300871,6.390515,10.511028,,7.291796,5.765266,5.773744,10.389950,7.394563,7.535577,2.463899,6.810583,8.596254
2021-06-04,8.350575,1.320134,,2.144214,4.322223,6.422541,10.722481,,7.398317,5.860009,5.891329,10.478376,7.425657,7.723672,2.510757,6.862951,8.742130
2021-06-07,8.362483,1.324273,,2.110917,4.272887,6.367165,10.667763,,7.413319,6.083561,5.836680,10.454327,7.395113,7.702548,2.512328,6.826185,8.768179
2021-06-08,8.374189,1.310221,,2.155764,4.289017,6.355126,10.643003,,7.462129,6.096793,5.893793,10.505343,7.380553,7.685554,2.513827,6.829319,8.772347
2021-06-09,8.366958,1.324191,,2.162852,4.264211,6.300470,10.622649,,7.423680,6.182273,5.903872,10.469181,7.400048,7.645405,2.518267,6.842844,8.774431
2021-06-10,8.452081,1.331864,,2.184728,4.257587,6.337576,10.748693,,7.481309,6.323183,6.035342,10.521037,7.456051,7.824709,2.549639,6.908795,8.865864
2021-06-11,8.461488,1.333854,,2.217515,4.278597,6.361653,10.804950,,7.473711,6.198924,6.079689,10.587583,7.461965,7.877655,2.557583,6.905891,8.889048
2021-06-14,8.500708,1.336679,,2.243062,4.274290,6.347441,10.888062,,7.521681,6.236990,6.157631,10.580309,7.463958,7.940172,2.581681,6.902950,8.974229
2021-06-15,8.451443,1.337743,,2.214175,4.276135,6.335650,10.822382,,7.452724,6.190754,6.089543,10.521448,7.458350,7.841814,2.562294,6.869322,8.915618
2021-06-16,8.400321,1.310998,,2.221620,4.252384,6.267676,10.742633,,7.376757,6.166983,6.020784,10.548431,7.376605,7.823554,2.549669,6.796943,8.883056
2021-06-17,8.450035,1.313869,,2.278298,4.238249,6.298729,10.811299,,7.403683,6.227779,6.228853,10.607681,7.432132,7.924593,2.579049,6.799837,8.995850
2021-06-18,8.348118,1.276340,,2.240972,4.206420,6.214689,10.634032,,7.316082,6.216182,6.346886,10.482910,7.324338,7.827674,2.565290,6.698093,8.925256
2021-06-21,8.427401,1.283808,,2.297139,4.276576,6.268158,10.732724,,7.364456,6.243807,6.340615,10.629489,7.396978,7.880986,2.584278,6.775251,8.980727
2021-06-22,8.463675,1.274623,,2.311774,4.288411,6.274443,10.787795,,7.415692,6.252176,6.422364,10.687241,7.407905,7.929209,2.601386,6.773112,9.064442
2021-06-23,8.460791,1.267070,,2.270292,4.277286,6.230151,10.785766,,7.389029,6.260179,6.453048,10.757955,7.360875,8.022376,2.595056,6.743030,9.068876
2021-06-24,8.531550,1.268649,,2.239162,4.285692,6.223623,10.913017,,7.481814,6.277124,6.567049,10.867003,7.391055,8.152731,2.620581,6.775702,9.124947
2021-06-25,8.565408,1.282283,,2.250405,4.304387,6.264792,10.918596,,7.545822,6.326410,6.486196,10.905760,7.459575,8.136644,2.615883,6.808717,9.113733
2021-06-28,8.609645,1.285348,,2.165121,4.282115,6.283153,11.078267,,7.597828,6.327235,6.576904,10.838925,7.481217,8.274209,2.643115,6.841769,9.224570
2021-06-29,8.629478,1.267971,,2.123563,4.276803,6.273986,11.160727,,7.596297,6.324141,6.556971,10.861720,7.474222,8.272194,2.644006,6.847962,9.257952
2021-06-30,8.621279,1.266054,,2.111579,4.292462,6.279201,11.124047,,7.561123,6.343378,6.528302,10.886817,7.475262,8.226563,2.642659,6.863123,9.243348
2021-07-01,8.610499,1.283144,,2.111579,4.314609,6.272073,11.051459,,7.578788,6.387197,6.472757,10.854768,7.520014,8.111362,2.646539,6.879903,9.246999
2021-07-02,8.661174,1.282929,,2.111579,4.336888,6.277818,11.139712,,7.626643,6.420272,6.500530,10.908579,7.548984,8.112802,2.674869,6.908614,9.353142
2021-07-06,8.638258,1.282361,,2.111579,4.324588,6.247028,11.151357,,7.570468,6.399543,6.554283,10.821638,7.527445,8.032693,2.668079,6.869079,9.393565
2021-07-07,8.634551,1.290599,,2.111579,4.397828,6.285150,11.115253,,7.544718,6.403240,6.654846,10.767121,7.590062,7.919192,2.683747,6.905219,9.413386
2021-07-08,8.569026,1.285928,,2.111579,4.314218,6.258270,11.022649,,7.464596,6.426006,6.608260,10.654036,7.528024,7.898882,2.676000,6.888518,9.356533
2021-07-09,8.652434,1.287218,,2.111579,4.374929,6.297537,11.153459,,7.542181,6.437868,6.723829,10.778427,7.596058,7.953779,2.687895,6.941316,9.414951
2021-07-12,8.661924,1.291932,,2.111579,4.385789,6.287014,11.166023,,7.550652,6.451630,6.785645,10.775949,7.583189,8.093750,2.702248,6.936907,9.451723
2021-07-13,8.652595,1.284764,,2.111579,4.346883,6.294203,11.141867,,7.583812,6.446875,6.745778,10.783051,7.592588,8.058244,2.708680,6.919988,9.451723
2021-07-14,8.640451,1.296066,,2.111579,4.354928,6.342311,11.123235,,7.574912,6.428853,6.735923,10.698945,7.645193,7.963427,2.718735,6.948348,9.468674
2021-07-15,8.607229,1.310722,,2.111579,4.358493,6.386666,10.999477,,7.579232,6.431163,6.640960,10.676180,7.700161,7.901476,2.705359,6.981091,9.402172
2021-07-16,8.553581,1.317366,,2.111579,4.392198,6.372603,10.872829,,7.516252,6.489186,6.598853,10.521250,7.702313,7.856782,2.694139,6.980359,9.326020
2021-07-19,8.491165,1.296873,,2.111579,4.340252,6.361004,10.815757,,7.403024,6.483882,6.603780,10.399037,7.628335,7.923225,2.664711,6.942915,9.249607
2021-07-20,8.609138,1.303085,,2.111579,4.420852,6.404293,10.985670,,7.473985,6.551458,6.675899,10.599597,7.685302,8.051097,2.692908,6.988169,9.357054
2021-07-21,8.691488,1.288832,,2.111579,4.440941,6.379230,11.182720,,7.522143,6.552347,6.758768,10.723140,7.649586,8.240344,2.705408,6.978594,9.429294
2021-07-22,8.717413,1.292390,,2.111579,4.457865,6.377594,11.205407,,7.525724,6.607895,6.801771,10.763536,7.692439,8.214617,2.719019,6.978946,9.491624
2021-07-23,8.787827,1.309348,,2.111579,4.493416,6.471106,11.301914,,7.564179,6.717305,6.910173,10.729881,7.786409,8.275450,2.722277,7.062606,9.602462
2021-07-26,8.735447,1.317200,,2.111579,4.467220,6.477146,11.294570,,7.449378,6.643746,6.871426,10.577640,7.800445,8.240785,2.735917,7.070793,9.610025
2021-07-27,8.665309,1.341007,,2.111579,4.436718,6.448020,11.158965,,7.413939,6.629177,6.729876,10.446984,7.817959,8.017295,2.711326,7.087234,9.504142
2021-07-28,8.750828,1.331656,,2.111579,4.399578,6.385583,11.266706,,7.545715,6.711209,6.763472,10.693655,7.758563,8.261644,2.703478,7.066226,9.540654
2021-07-29,8.803200,1.336198,,2.111579,4.440561,6.392155,11.415123,,7.508438,6.734607,6.342182,10.743972,7.751218,8.389681,2.706099,7.098307,9.557605
2021-07-30,8.820699,1.322711,,2.111579,4.453985,6.400188,11.535637,,7.508666,6.802415,6.171069,10.519889,7.754025,8.471230,2.705638,7.067517,9.507793
2021-08-02,8.820613,1.327981,,2.111579,4.426256,6.361383,11.533739,,7.547752,6.794223,6.069386,10.554870,7.731904,8.549655,2.705001,7.060698,9.508576
2021-08-03,8.859455,1.335938,,2.111579,4.455264,6.401313,11.622800,,7.454622,6.939346,6.125603,10.469859,7.818305,8.687077,2.723435,7.146708,9.566211
2021-08-04,8.860618,1.330525,,2.111579,4.420177,6.273322,11.731699,,7.423303,6.937149,6.170397,10.407478,7.751088,8.840655,2.717165,7.024572,9.580034
2021-08-05,8.913234,1.345069,,2.111579,4.435220,6.306514,11.748050,,7.415026,7.012292,6.286190,10.598924,7.792779,8.840764,2.738860,7.085194,9.640799
2021-08-06,8.865716,1.341774,,2.111579,4.416355,6.347618,11.688289,,7.398120,6.952994,6.260881,10.463520,7.768708,8.712683,2.728935,7.059063,9.598550
2021-08-09,8.883365,1.341243,,2.111579,4.412866,6.368015,11.663772,,7.403363,7.046294,6.229749,10.519027,7.768250,8.905296,2.729927,7.044798,9.616284
2021-08-10,8.836875,1.339861,,2.111579,4.406519,6.409416,11.551183,,7.369077,6.938235,6.145088,10.587598,7.795864,8.738891,2.721483,7.062071,9.566994
2021-08-11,8.836515,1.350230,,2.111579,4.478322,6.444537,11.553484,,7.395074,6.820731,6.190778,10.577626,7.832675,8.546596,2.732591,7.109491,9.550564
2021-08-12,8.815519,1.349299,,2.111579,4.457547,6.410657,11.527251,,7.356622,6.876078,6.150016,10.502830,7.822268,8.523232,2.748386,7.110720,9.584989
2021-08-13,8.839004,1.357672,,2.111579,4.449770,6.460020,11.581273,,7.308035,6.895333,6.157183,10.538007,7.861256,8.503600,2.756897,7.155409,9.618631
2021-08-16,8.819282,1.367688,,2.111579,4.459186,6.513398,11.547410,,7.250588,6.920748,6.232661,10.418897,7.942118,8.433233,2.758024,7.210467,9.622804
2021-08-17,8.753537,1.368012,,2.111579,4.438436,6.476717,11.414759,,7.184872,7.044303,6.071850,10.210913,7.933380,8.395985,2.733828,7.188690,9.538046
2021-08-18,8.694396,1.358670,,2.111579,4.401324,6.401301,11.291247,,7.181285,6.958579,6.021232,10.279103,7.828829,8.334829,2.713593,7.083370,9.446246
2021-08-19,8.723869,1.372465,,2.111579,4.433477,6.463351,11.423738,,7.153865,6.896360,6.060203,10.193449,7.906010,8.320331,2.741091,7.130159,9.491885
2021-08-20,8.785972,1.384447,,2.111579,4.461276,6.469867,11.508065,,7.222328,6.959748,6.113508,10.251486,7.935915,8.378943,2.766501,7.158006,9.590205
2021-08-23,8.899980,1.366191,,2.111579,4.469089,6.467337,11.709403,,7.345991,7.022196,6.203545,10.441187,7.896855,8.618122,2.794840,7.158456,9.733642
2021-08-24,8.987165,1.355681,,2.111579,4.470931,6.447219,11.745345,,7.497553,7.022853,6.260209,10.871003,7.825066,8.668305,2.796499,7.112024,9.763372
2021-08-25,9.016294,1.356134,,2.111579,4.498682,6.454584,11.806585,,7.471956,7.024961,6.219446,10.947278,7.816347,8.755129,2.790964,7.103124,9.774586
2021-08-26,8.952858,1.354647,,2.111579,4.481736,6.311013,11.760954,,7.424026,6.970130,6.128290,10.842801,7.786586,8.711288,2.768121,7.080899,9.712517
2021-08-27,9.023115,1.360363,,2.111579,4.511401,6.312947,11.946159,,7.522917,6.947730,6.233781,10.811566,7.805413,8.736436,2.788491,7.119809,9.806925
2021-08-30,9.061911,1.365695,,2.111579,4.518325,6.335982,12.004169,,7.532367,6.975799,6.460887,10.863240,7.849048,8.742078,2.828936,7.156039,9.916980
2021-08-31,9.048171,1.361468,,2.111579,4.507233,6.347324,11.875696,,7.609506,6.988867,6.465142,10.959860,7.859177,8.665782,2.831168,7.164634,9.908896
2021-09-01,9.075653,1.378151,,2.111579,4.518180,6.363166,11.843857,,7.687309,7.037054,6.422364,11.047919,7.875587,8.708878,2.834414,7.175022,9.925326
2021-09-02,9.094081,1.388719,,2.111579,4.547524,6.393416,11.871082,,7.689852,7.081274,6.395040,10.992638,7.885627,8.751577,2.841967,7.219399,9.920632
2021-09-03,9.104767,1.380062,,2.111579,4.539457,6.374525,11.928539,,7.678910,7.091476,6.475669,10.966962,7.864227,8.839671,2.847436,7.206103,9.951145
2021-09-07,9.069297,1.357044,,2.111579,4.454702,6.284437,11.846877,,7.752575,7.047854,6.568169,11.053782,7.742926,8.900002,2.845446,7.100747,9.965227
2021-09-08,9.049977,1.383209,,2.111579,4.488628,6.394138,11.782725,,7.671138,7.036081,6.388320,11.006778,7.842586,8.827753,2.841623,7.189690,9.930542
2021-09-09,9.036901,1.380330,,2.111579,4.466945,6.337688,11.791587,,7.608825,6.955697,6.425276,11.133017,7.802411,8.894548,2.832595,7.133840,9.896378
2021-09-10,9.009407,1.359377,,2.111579,4.478668,6.309362,11.763161,,7.599099,6.907588,6.367939,11.117136,7.752162,8.857435,2.807775,7.101225,9.821269
2021-09-13,8.995832,1.358130,,2.111579,4.482807,6.310025,11.767102,,7.599779,6.846501,6.282158,11.091260,7.738402,8.833793,2.810402,7.108276,9.814488
2021-09-14,8.946135,1.350528,,2.111579,4.457424,6.271454,11.748907,,7.441164,6.846016,6.321353,10.993193,7.717919,8.891652,2.786714,7.080768,9.786583
2021-09-15,9.003590,1.347670,,2.111579,4.505494,6.295668,11.838158,,7.486631,6.912485,6.325609,11.020481,7.748638,8.974493,2.816093,7.124755,9.859345
2021-09-16,9.024522,1.331718,,2.111579,4.494994,6.326185,11.876510,,7.489068,6.948268,6.337703,11.052408,7.735025,9.037549,2.818219,7.094201,9.866125
2021-09-17,8.947267,1.312352,,2.111579,4.406191,6.288083,11.742097,,7.429942,6.940290,6.189210,11.025059,7.665823,8.895183,2.786904,7.051304,9.749289
2021-09-20,8.785271,1.303047,,2.111579,4.366437,6.203680,11.511231,,7.260687,6.853353,6.045197,10.766621,7.592758,8.684695,2.732591,6.978019,9.547837
2021-09-21,8.786376,1.294374,,2.111579,4.356942,6.163163,11.515930,,7.258102,6.873428,6.035790,10.801750,7.590412,8.766329,2.733709,6.965087,9.559586
2021-09-22,8.865373,1.295458,,2.111579,4.404254,6.181796,11.672074,,7.316357,6.844580,6.099622,10.943511,7.623569,8.908580,2.746296,6.985052,9.648877
2021-09-23,8.948621,1.293697,,2.111579,4.464950,6.198056,11.804768,,7.357225,6.907404,6.251026,11.054841,7.652506,9.040802,2.768299,7.008141,9.737906
2021-09-24,8.933738,1.291654,,2.111579,4.476313,6.198895,11.802925,,7.379249,6.830479,6.228853,11.014340,7.658541,9.014979,2.782139,7.024127,9.747044
2021-09-27,8.872533,1.277696,,2.111579,4.455572,6.193673,11.682497,,7.402246,6.687344,6.123139,11.054467,7.585930,8.850924,2.760306,6.981508,9.669241
2021-09-28,8.642494,1.265589,,2.111579,4.376404,6.114575,11.295985,,7.243549,6.538689,5.872292,10.758833,7.494532,8.461128,2.690987,6.886650,9.395625
2021-09-29,8.627553,1.282557,,2.111579,4.387051,6.320463,11.199145,,7.222647,6.559885,5.800845,10.657018,7.587365,8.342362,2.698676,6.961878,9.380221
2021-09-30,8.591845,1.273696,,2.111579,4.298365,6.218260,11.172293,,7.275880,6.527923,5.827945,10.612685,7.533278,8.329122,2.681535,6.881473,9.345758
2021-10-01,8.610618,1.269844,,2.111579,4.336383,6.223022,11.236193,,7.322909,6.418607,5.927388,10.653751,7.520657,8.273686,2.708752,6.869289,9.403719
2021-10-04,8.443755,1.292988,,2.111579,4.305037,6.182353,10.963265,,7.182173,6.242460,5.711481,10.457378,7.512323,8.039376,2.666948,6.855718,9.206339
2021-10-05,8.541422,1.288749,,2.111579,4.391434,6.234564,11.106030,,7.299506,6.285705,5.826602,10.546659,7.562410,8.176252,2.696181,6.884608,9.330615
2021-10-06,8.588812,1.310550,,2.111579,4.432007,6.314070,11.158697,,7.365235,6.271538,5.914174,10.581423,7.656766,8.075367,2.714213,6.950499,9.390404
2021-10-07,8.688425,1.302378,,2.111579,4.482025,6.352681,11.276614,,7.474292,6.326681,5.902528,10.812068,7.698494,8.175061,2.739100,6.965366,9.476561
2021-10-08,8.634097,1.291054,,2.111579,4.513897,6.333883,11.177114,,7.399168,6.274601,5.824586,10.797835,7.671085,8.090329,2.715238,6.935395,9.429305
2021-10-11,8.558415,1.273427,,2.111579,4.480554,6.315268,11.095017,,7.289421,6.231249,5.712376,10.679603,7.627124,8.034650,2.693867,6.890296,9.356985
2021-10-12,8.549038,1.283865,,2.111579,4.499059,6.313807,11.051535,,7.257177,6.228063,5.730294,10.714990,7.631264,8.009062,2.689765,6.893954,9.324349
2021-10-13,8.622492,1.305025,,2.111579,4.523875,6.307363,11.175803,,7.306427,6.247320,5.741717,10.852251,7.700027,8.057389,2.703803,6.936495,9.399019
2021-10-14,8.765069,1.324434,,2.111579,4.651532,6.353357,11.445763,,7.381094,6.326203,5.967703,10.891257,7.780480,8.264622,2.761383,7.049648,9.572118
2021-10-15,8.790285,1.322047,,2.111579,4.670386,6.338715,11.501125,,7.372513,6.291868,6.010258,11.010126,7.755873,8.250979,2.777586,7.049014,9.632428
2021-10-18,8.845724,1.311761,,2.111579,4.686307,6.344908,11.616722,,7.454395,6.248972,6.054604,11.131308,7.718972,8.377307,2.800696,7.007492,9.729290
2021-10-19,8.914793,1.321488,,2.111579,4.709912,6.354545,11.742076,,7.559708,6.310612,6.085288,11.109310,7.785154,8.423763,2.829904,7.079006,9.802916
2021-10-20,8.931311,1.339403,,2.111579,4.724719,6.389705,11.723623,,7.601832,6.349583,5.786511,11.140069,7.843525,8.382664,2.824439,7.124243,9.790123
2021-10-21,8.993728,1.340031,,2.111579,4.755508,6.376665,11.846306,,7.663771,6.382430,5.447195,11.245869,7.830911,8.433399,2.821276,7.123643,9.849911
2021-10-22,8.966479,1.343715,,2.111579,4.775840,6.403810,11.829868,,7.560292,6.341904,5.384259,11.205583,7.863790,8.381835,2.791514,7.144779,9.767148
2021-10-25,9.022981,1.335314,,2.111579,4.791678,6.415169,11.888568,,7.551995,6.423972,5.529392,11.369480,7.852965,8.432007,2.837367,7.150081,9.867143
2021-10-26,8.998158,1.336471,,2.111579,4.786483,6.447091,11.876761,,7.462178,6.437756,5.442492,11.270428,7.879340,8.379897,2.828398,7.177255,9.898212
2021-10-27,8.912755,1.327965,,2.111579,4.738059,6.421230,11.726514,,7.465345,6.358573,5.261971,11.177997,7.840367,8.427196,2.828116,7.127807,9.921187
2021-10-28,9.002208,1.343239,,2.111579,4.806168,6.500983,11.863961,,7.470438,6.484563,5.304302,11.194211,7.925907,8.584247,2.850385,7.186424,10.031364
2021-10-29,9.045882,1.348784,,2.111579,4.849296,6.505511,11.983490,,7.414881,6.560402,5.209338,11.163990,7.918913,8.684339,2.863274,7.172508,10.080709
2021-11-01,9.119502,1.356302,,2.111579,4.834279,6.567417,12.036579,,7.494937,6.622066,5.179998,11.389105,7.921654,8.765283,2.886041,7.219343,10.115172
2021-11-02,9.136525,1.357420,,2.111579,4.855619,6.600300,12.155330,,7.450061,6.588669,5.139235,11.293979,7.985153,8.840594,2.897848,7.278749,10.157468
2021-11-03,9.223286,1.349606,,2.111579,4.876196,6.678278,12.235296,,7.597138,6.676093,5.159840,11.412216,8.019308,8.928564,2.930474,7.323518,10.265296
2021-11-04,9.279622,1.341551,,2.111579,4.891504,6.656700,12.483351,,7.588303,6.611638,5.111463,11.395567,8.008332,8.946911,2.946599,7.332796,10.396882
2021-11-05,9.252586,1.353105,,2.111579,4.878342,6.745837,12.499548,,7.601485,6.475000,5.056814,11.254936,8.055547,8.842556,2.948787,7.374290,10.406803
2021-11-08,9.249762,1.331066,,2.111579,4.863223,6.666390,12.580740,,7.606510,6.479406,5.138339,11.139996,7.958829,8.856181,2.929267,7.309398,10.392704
2021-11-09,9.235437,1.344824,,2.111579,4.871321,6.705866,12.617527,,7.580823,6.435529,4.600809,11.057186,7.999957,8.771275,2.870646,7.346228,10.321167
2021-11-10,9.123749,1.359530,,2.111579,4.855806,6.722835,12.337735,,7.547796,6.355799,4.583339,10.961509,8.047940,8.583077,2.863895,7.368953,10.169478
2021-11-11,9.166710,1.346894,,2.111579,4.856445,6.731442,12.454532,,7.605805,6.332224,4.524883,11.019324,8.002177,8.644395,2.850872,7.360576,10.197675
2021-11-12,9.249468,1.341758,,2.111579,4.912150,6.738727,12.616718,,7.689568,6.388500,4.665313,11.035021,8.022047,8.737774,2.866734,7.376922,10.304980
2021-11-15,9.265606,1.357849,,2.111579,4.926278,6.910413,12.615090,,7.698394,6.375794,4.760276,10.972739,8.066789,8.711020,2.872626,7.412747,10.302631
2021-11-16,9.343138,1.350396,,2.111579,4.975683,6.914202,12.787122,,7.692574,6.385708,4.830379,11.121299,8.065286,8.809470,2.900167,7.405130,10.375995
2021-11-17,9.297334,1.354583,,2.111579,4.978352,6.881443,12.732474,,7.669910,6.396288,4.619847,10.953993,8.095005,8.842075,2.901577,7.403801,10.381478
2021-11-18,9.295367,1.347520,,2.111579,4.970950,6.853562,12.789542,,7.563550,6.400107,4.490615,10.989891,8.048439,8.942380,2.883149,7.366642,10.489044
2021-11-19,9.277375,1.356520,,2.111579,4.961611,6.827566,12.800777,,7.529593,6.424703,4.336300,10.871825,8.040894,8.925970,2.893240,7.393126,10.547527
2021-11-22,9.147921,1.372867,,2.111579,4.942531,6.861841,12.541531,,7.383599,6.377173,4.243800,10.676456,8.124956,8.824092,2.894663,7.417125,10.425079
2021-11-23,9.124152,1.373239,,2.111579,4.966866,6.970566,12.435921,,7.394694,6.333541,4.211772,10.677338,8.163049,8.734382,2.883162,7.436603,10.377562
2021-11-24,9.148933,1.369657,,2.111579,4.950727,6.972019,12.487801,,7.428631,6.347227,4.226554,10.707993,8.134568,8.733331,2.892468,7.438464,10.410980
2021-11-26,9.000009,1.348191,,2.111579,4.856540,6.844045,12.244854,,7.357432,6.392654,4.205949,10.363385,8.021374,8.699871,2.842262,7.342288,10.213601
2021-11-29,9.148727,1.364313,,2.111579,4.902767,6.887565,12.600032,,7.373091,6.505948,4.193630,10.416905,8.127028,9.070963,2.904017,7.444344,10.435261
2021-11-30,8.921221,1.326991,,2.111579,4.776791,6.653121,12.314139,,7.167395,6.339346,4.140997,10.178797,7.907385,8.846897,2.864866,7.254900,10.282005
2021-12-01,8.784574,1.322428,,2.111579,4.711449,6.560183,12.144298,,7.069030,6.245235,4.016245,9.936975,7.851707,8.665300,2.821781,7.235470,10.107079
2021-12-02,8.912255,1.336416,,2.111579,4.841945,6.640999,12.292727,,7.181362,6.291282,4.191614,10.133606,7.958105,8.643968,2.857722,7.307766,10.179921
2021-12-03,8.763968,1.344127,,2.111579,4.839006,6.727845,12.045408,,7.064477,6.207486,4.119496,9.755542,8.002083,8.550874,2.812204,7.355905,10.002906
2021-12-06,8.856234,1.357165,,2.111579,4.919750,6.819766,12.155333,,7.228892,6.178614,4.140325,9.887151,8.095858,8.435189,2.833551,7.465742,10.083059
2021-12-07,9.092659,1.368704,,2.111579,5.003883,6.876511,12.593397,,7.286747,6.372666,4.278291,10.184216,8.165972,8.965077,2.893639,7.571224,10.386700
2021-12-08,9.134627,1.372549,,2.111579,5.026324,6.816925,12.646824,,7.274480,6.452330,4.420065,10.273955,8.128098,8.989208,2.899411,7.529669,10.433172
2021-12-09,8.998909,1.365230,,2.111579,4.986743,6.801851,12.421030,,7.160820,6.412736,4.294641,10.023100,8.102526,8.716498,2.853802,7.508875,10.279655
2021-12-10,9.054574,1.372409,,2.111579,5.042249,6.977376,12.531931,,7.180927,6.386208,4.222074,10.028645,8.266147,8.694656,2.916817,7.627448,10.391399
2021-12-13,8.973957,1.386288,,2.111579,5.005406,7.000956,12.359505,,7.110620,6.389293,4.174369,9.883270,8.290680,8.500956,2.884137,7.638234,10.241276
2021-12-14,8.899038,1.384148,,2.111579,4.964922,6.977474,12.184426,,7.105828,6.367669,4.183775,9.799262,8.220657,8.393463,2.844927,7.630897,10.135276
2021-12-15,9.045691,1.412518,,2.111579,5.028059,7.083833,12.541594,,7.136276,6.459878,4.270228,9.758548,8.409037,8.668332,2.909563,7.791358,10.366335
2021-12-16,8.899972,1.414722,,2.111579,5.001152,7.100669,12.166938,,7.107260,6.420946,4.227450,9.593667,8.401613,8.326019,2.825001,7.829074,10.099768
2021-12-17,8.897524,1.386274,,2.111579,4.866602,7.032023,12.206825,,7.083793,6.509711,4.170337,9.614626,8.304403,8.371357,2.805084,7.770510,10.049379
2021-12-20,8.784243,1.389750,,2.111579,4.808888,7.025909,12.076036,,7.009296,6.404286,4.091499,9.366367,8.308503,8.217520,2.780526,7.765686,9.951897
2021-12-21,9.006031,1.389648,,2.111579,4.863338,7.011214,12.468725,,7.187448,6.496247,4.236185,9.741939,8.327736,8.552748,2.825824,7.787183,10.174624
2021-12-22,9.071651,1.395369,,2.111579,4.883436,7.059654,12.594102,,7.203430,6.541733,4.293073,9.802023,8.442399,8.657238,2.873588,7.832879,10.298536
2021-12-23,9.134127,1.395023,,2.111579,4.935403,7.074942,12.691625,,7.254242,6.574205,4.300464,9.888785,8.476086,8.751558,2.907409,7.869324,10.376177
2021-12-27,9.234193,1.402230,,2.111579,5.000182,7.149213,12.927800,,7.286469,6.596784,4.300464,9.929917,8.568796,8.959460,2.955689,7.937748,10.547667
2021-12-28,9.190242,1.420713,,2.111579,5.031930,7.188992,12.819984,,7.248239,6.535775,4.257686,9.883053,8.623533,8.767933,2.944773,7.978506,10.498782
2021-12-29,9.213233,1.433938,,2.111579,5.061828,7.227686,12.849103,,7.187567,6.630959,4.254774,9.854907,8.687476,8.790201,2.952004,8.027074,10.497213
2021-12-30,9.242979,1.442335,,2.111579,5.032651,7.215978,12.772725,,7.330461,6.616129,4.297553,10.087916,8.675067,8.742305,2.937505,8.014737,10.465843
2021-12-31,9.200245,1.443556,,2.111579,5.062550,7.251443,12.717675,,7.247753,6.567551,4.223642,10.012890,8.700484,8.716678,2.924614,8.007022,10.400489
2022-01-03,9.200062,1.437566,,2.111579,4.937193,7.252866,12.777944,,7.245952,6.502860,4.366088,10.066143,8.660551,8.742185,2.987998,8.030763,10.500612
2022-01-04,9.100290,1.440312,,2.111579,4.991254,7.303003,12.637282,,7.159419,6.395008,4.280979,9.814729,8.654921,8.532849,2.944895,8.071528,10.364413
2022-01-05,8.855599,1.449121,,2.111579,4.888041,7.270891,12.231664,,6.976189,6.203966,4.191838,9.487253,8.632752,8.107391,2.875935,8.077170,10.046007
2022-01-06,8.912821,1.441742,,2.111579,4.894303,7.295811,12.289309,,7.036747,6.199336,4.306287,9.678118,8.624791,8.152720,2.875816,8.078805,10.038949
2022-01-07,8.787456,1.453919,,2.111579,4.804634,7.255531,12.026783,,6.979922,6.113924,4.201693,9.612318,8.611623,7.927273,2.845732,8.104776,9.930199
2022-01-10,8.778584,1.459188,,2.111579,4.770649,7.162006,12.055144,,6.975024,6.200310,4.097547,9.481171,8.591764,8.008521,2.862218,8.161442,9.936734
2022-01-11,8.932461,1.436220,,2.111579,4.797846,7.222714,12.253518,,7.089735,6.320300,4.289490,9.805485,8.596916,8.095794,2.896323,8.155630,10.086004
2022-01-12,8.939298,1.442108,,2.111579,4.820573,7.219550,12.296110,,7.114368,6.254906,4.192734,9.815709,8.610113,8.235121,2.904953,8.150613,10.126001
2022-01-13,8.754247,1.452449,,2.111579,4.820173,7.212875,11.955428,,7.001471,6.131526,4.054096,9.510122,8.604755,7.863994,2.839830,8.174385,9.872687
2022-01-14,8.782685,1.450595,,2.111579,4.758303,7.158996,12.105531,,7.004706,6.141889,3.996088,9.484616,8.595624,7.980456,2.849498,8.220425,9.934120
2022-01-18,8.553317,1.441302,,2.111579,4.683779,7.012271,11.709514,,6.822901,5.949778,3.907395,9.326738,8.459015,7.616827,2.789868,8.123090,9.686819
2022-01-19,8.490208,1.443156,,2.111579,4.657121,7.045644,11.528260,,6.834217,5.912154,3.887014,9.295450,8.439777,7.413466,2.769845,8.059511,9.580423
2022-01-20,8.386469,1.445728,,2.111579,4.574026,6.984397,11.325149,,6.818532,5.839888,3.880967,9.209553,8.392500,7.283742,2.743290,7.980559,9.455988
2022-01-21,8.212318,1.444504,,2.111579,4.528799,6.961160,11.086486,,6.528517,5.706169,3.662819,9.060714,8.363221,7.054962,2.689472,7.957013,9.193786
2022-01-24,8.287872,1.428696,,2.111579,4.578636,7.028673,11.246604,,6.539726,5.740345,3.632135,9.141354,8.356479,7.126753,2.697947,7.906670,9.235875
2022-01-25,8.076766,1.425586,,2.111579,4.514128,6.949973,10.839617,,6.434303,5.592370,3.543219,8.939516,8.294381,6.829017,2.648666,7.886995,9.021774
2022-01-26,8.017513,1.425128,,2.111579,4.472963,6.876454,10.835652,,6.366715,5.524424,3.515894,8.780963,8.210537,6.889131,2.652561,7.847373,9.007657
2022-01-27,7.908337,1.441117,,2.111579,4.444084,6.881381,10.584524,,6.383714,5.475827,3.541203,8.578908,8.224797,6.611293,2.596412,7.807618,8.916945
2022-01-28,8.135144,1.461580,,2.111579,4.540596,6.932132,10.917481,,6.541102,5.689684,3.662371,8.854725,8.347720,6.886868,2.671945,7.904231,9.196662
2022-01-31,8.418794,1.467053,,2.111579,4.586542,7.010340,11.381744,,6.784818,5.818264,3.850955,9.312455,8.413584,7.284182,2.747942,7.915803,9.490756
2022-02-01,8.484458,1.446737,,2.111579,4.613406,7.039210,11.440711,,6.904252,5.890654,3.937407,9.397363,8.378090,7.353414,2.750033,7.920164,9.555327
2022-02-02,8.508215,1.481678,,2.111579,4.677074,7.131146,11.553724,,6.985044,5.900431,2.969182,9.227528,8.483449,7.491442,2.699243,7.994371,9.632968
2022-02-03,8.263213,1.493246,,2.111579,4.596301,7.088977,11.115422,,6.749217,5.801485,2.783958,8.918172,8.449522,7.153273,2.638648,7.904951,9.242410
2022-02-04,8.308081,1.479604,,2.111579,4.562905,7.002237,11.206983,,6.803344,5.762635,2.823824,9.126230,8.344652,7.248654,2.650311,7.845359,9.359002
2022-02-07,8.284393,1.484289,,2.111579,4.520720,7.025139,11.162400,,6.688253,5.760673,2.719230,9.215463,8.350021,7.195072,2.622625,7.856047,9.283714
2022-02-08,8.410276,1.480056,,2.111579,4.542121,7.087773,11.334391,,6.756220,5.769297,2.693473,9.617224,8.428178,7.283626,2.643655,7.939191,9.388019
2022-02-09,8.611340,1.477527,,2.111579,4.613169,7.131783,11.682921,,6.919046,5.893865,2.753498,9.868613,8.419627,7.575921,2.683054,7.973652,9.586958
2022-02-10,8.421819,1.445068,,2.111579,4.506696,6.987622,11.359919,,6.764502,5.774708,2.665701,9.784475,8.275107,7.391228,2.611090,7.780720,9.369982
2022-02-11,8.188844,1.446670,,2.111579,4.417999,6.961265,10.922098,,6.598936,5.670271,2.582160,9.474540,8.271853,7.047543,2.545087,7.736258,9.072750
2022-02-14,8.155926,1.435351,,2.111579,4.427521,6.927415,10.900118,,6.612914,5.548339,2.555955,9.474626,8.197709,6.961049,2.538283,7.693444,9.083991
2022-02-15,8.361515,1.424010,,2.111579,4.503669,6.940034,11.297216,,6.727191,5.672725,2.585967,9.741310,8.203196,7.281086,2.584146,7.751775,9.309856
2022-02-16,8.334535,1.425508,,2.111579,4.526226,6.989783,11.237365,,6.708303,5.660968,2.475774,9.682382,8.212363,7.261734,2.570538,7.794986,9.307503
2022-02-17,8.106329,1.424277,,2.111579,4.456040,7.014460,10.825715,,6.529786,5.519653,2.356173,9.382220,8.223899,6.927980,2.519908,7.783168,9.030662
2022-02-18,8.022132,1.423416,,2.111579,4.430122,7.089053,10.696745,,6.447527,5.474778,2.321458,9.186016,8.255640,6.809928,2.490209,7.770758,8.927664
2022-02-22,7.965270,1.424763,,2.111579,4.399722,7.115971,10.659745,,6.339724,5.486422,2.310707,8.963828,8.227075,6.754055,2.463358,7.790077,8.837997
2022-02-23,7.785262,1.402279,,2.111579,4.272329,7.014047,10.397299,,6.215555,5.402573,2.255834,8.705376,8.117263,6.541539,2.398810,7.688319,8.611610
2022-02-24,8.017846,1.419847,,2.111579,4.343102,6.939091,10.837362,,6.425649,5.575955,2.352142,8.893944,8.078744,6.933741,2.473941,7.745978,8.900999
2022-02-25,8.158323,1.468121,,2.111579,4.396551,7.171547,10.996776,,6.549111,5.636240,2.484733,9.046096,8.323502,6.968991,2.526731,7.917452,9.039027
2022-02-28,8.144022,1.474899,,2.111579,4.367880,7.131965,10.989198,,6.508786,5.644832,2.506906,9.027660,8.281391,6.943767,2.541675,7.903125,9.065953
2022-03-01,8.027092,1.462714,,2.111579,4.327134,7.053717,10.754021,,6.471306,5.616422,2.385513,8.903821,8.224249,6.848557,2.501121,7.803558,8.927141
2022-03-02,8.158700,1.482097,,2.111579,4.426429,7.112950,11.021649,,6.453407,5.665685,2.387753,9.074071,8.351274,6.993187,2.551191,7.952400,9.076933
2022-03-03,8.032443,1.512689,,2.111579,4.438358,7.190554,10.778940,,6.320240,5.652331,2.269721,8.782557,8.428291,6.955830,2.516111,8.027372,8.947270
2022-03-04,7.911489,1.554278,,2.111579,4.468803,7.132745,10.572992,,6.197041,5.636016,2.237693,8.486716,8.486763,6.839995,2.497644,8.069108,8.817607
2022-03-07,7.622646,1.556123,,2.111579,4.350387,6.988367,10.139420,,6.004407,5.497419,2.096591,7.994264,8.391364,6.580481,2.437396,8.026523,8.492404
2022-03-08,7.594768,1.531520,,2.111579,4.292771,6.870149,10.168398,,5.990534,5.401678,2.125483,8.013618,8.241362,6.624645,2.424120,7.920784,8.452930
2022-03-09,7.853800,1.528392,,2.111579,4.393515,6.945154,10.565612,,6.225225,5.551424,2.244636,8.375682,8.296678,6.883255,2.486080,7.940720,8.757219
2022-03-10,7.709299,1.536566,,2.111579,4.366923,6.890562,10.356377,,6.106319,5.493450,2.207233,8.067222,8.245895,6.806483,2.437429,7.874415,8.659972
2022-03-11,7.509671,1.536051,,2.111579,4.337477,6.803960,10.062428,,5.911359,5.400223,2.162886,7.718994,8.210061,6.719685,2.386834,7.854041,8.480378
2022-03-14,7.370652,1.528451,,2.111579,4.379970,6.860159,9.809994,,5.746545,5.417266,2.169606,7.388735,8.221716,6.592046,2.354511,7.843399,8.317515
2022-03-15,7.587922,1.543200,,2.111579,4.463941,6.976382,10.138689,,5.865147,5.509621,2.250011,7.766369,8.367220,6.815333,2.426471,7.919941,8.578410
2022-03-16,8.007780,1.526694,,2.111579,4.578148,7.029696,10.599955,,6.341843,5.715385,2.417093,8.737558,8.363240,7.006639,2.492543,7.942420,8.896555
2022-03-17,8.093782,1.529422,,2.111579,4.661336,7.105355,10.745514,,6.353413,5.797391,2.512057,8.769370,8.424285,7.082708,2.509266,7.997943,9.004259
2022-03-18,8.270904,1.515748,,2.111579,4.700669,7.160427,11.019974,,6.502496,5.913936,2.660102,9.028499,8.400868,7.213896,2.547561,7.976504,9.188558
2022-03-21,8.197848,1.527760,,2.111579,4.683502,7.110672,10.949724,,6.420801,5.886097,2.567826,8.841917,8.406717,7.169511,2.554276,7.993756,9.163012
2022-03-22,8.352109,1.529614,,2.111579,4.698878,7.183453,11.085177,,6.600844,5.996905,2.639944,9.215047,8.437659,7.238221,2.602456,8.046982,9.343090
2022-03-23,8.202325,1.535164,,2.111579,4.658815,7.086718,10.779638,,6.530669,5.840067,2.567826,9.195866,8.362296,7.108844,2.559575,8.001221,9.208817
2022-03-24,8.346321,1.550755,,2.111579,4.708579,7.139162,11.103567,,6.581466,5.918835,2.599182,9.256436,8.427817,7.325696,2.616396,8.123655,9.413498
2022-03-25,8.314782,1.571053,,2.111579,4.719157,7.175921,11.048387,,6.579618,5.898309,2.547892,9.133761,8.485496,7.317057,2.619249,8.190852,9.405646
2022-03-28,8.430876,1.585086,,2.111579,4.779331,7.243982,11.220919,,6.630329,5.983640,2.601869,9.293715,8.521662,7.394797,2.666745,8.229910,9.551173
2022-03-29,8.621136,1.606444,,2.111579,4.860839,7.332621,11.490067,,6.720566,6.119623,2.714079,9.608097,8.650530,7.518238,2.708087,8.322631,9.715546
2022-03-30,8.513661,1.616793,,2.111579,4.848071,7.320080,11.255212,,6.662517,6.066721,2.653831,9.500491,8.659398,7.412512,2.690929,8.311887,9.608233
2022-03-31,8.385507,1.622137,,2.111579,4.790849,7.310672,11.091684,,6.497076,6.042105,2.590223,9.218193,8.641151,7.341340,2.635154,8.265030,9.489141
2022-04-01,8.430700,1.636253,,2.111579,4.723881,7.385892,11.055186,,6.628510,6.135040,2.613068,9.332319,8.699228,7.297515,2.636464,8.260515,9.471081
2022-04-04,8.573204,1.627595,,2.111579,4.758383,7.364642,11.269290,,6.822594,6.133268,2.729309,9.634390,8.703378,7.377371,2.682396,8.297256,9.666077
2022-04-05,8.384573,1.639186,,2.111579,4.729287,7.303195,10.926098,,6.684373,6.048726,2.635017,9.367834,8.656632,7.251911,2.638237,8.236283,9.451450
2022-04-06,8.270480,1.692527,,2.111579,4.720119,7.366561,10.704676,,6.568540,6.021792,2.519448,9.131004,8.806330,7.236925,2.598927,8.323058,9.246246
2022-04-07,8.277718,1.686838,,2.111579,4.712519,7.434740,10.737178,,6.489791,6.100753,2.531766,9.061905,8.815349,7.302429,2.617682,8.323588,9.268232
2022-04-08,8.197961,1.687892,,2.111579,4.680553,7.477444,10.528795,,6.442787,6.129174,2.490780,8.977812,8.814411,7.249700,2.586027,8.333666,9.138670
2022-04-11,8.075347,1.654535,,2.111579,4.632677,7.477415,10.328212,,6.354895,5.994827,2.459424,8.904773,8.711352,7.063958,2.525584,8.279808,8.922473
2022-04-12,8.028429,1.660056,,2.111579,4.605766,7.495519,10.251182,,6.279082,5.939017,2.424484,8.911542,8.697844,7.021812,2.510409,8.265075,8.884782
2022-04-13,8.190319,1.663861,,2.111579,4.648613,7.580392,10.461369,,6.398220,6.079284,2.355501,9.211382,8.751085,7.178222,2.549947,8.318022,9.065383
2022-04-14,8.032800,1.666945,,2.111579,4.576123,7.559649,10.197777,,6.264961,6.009470,2.291446,8.999147,8.673913,7.063295,2.491489,8.271329,8.858084
2022-04-18,8.011390,1.666096,,2.111579,4.543514,7.507694,10.240907,,6.178461,5.913375,2.252699,9.038313,8.619413,7.077065,2.497449,8.239284,8.864890
2022-04-19,8.189975,1.678138,,2.111579,4.649994,7.624301,10.507238,,6.320079,6.023515,2.321682,9.227281,8.765587,7.175457,2.551613,8.368565,9.063027
2022-04-20,8.083545,1.692610,,2.111579,4.684187,7.732209,10.448914,,5.918304,6.049599,2.125483,8.959053,8.868921,7.180013,2.537956,8.460996,8.930848
2022-04-21,7.899550,1.682614,,2.111579,4.696095,7.723874,10.187231,,5.717159,5.886031,2.002299,8.715431,8.831325,7.006263,2.509753,8.448853,8.746060
2022-04-22,7.696584,1.652604,,2.111579,4.570233,7.569756,9.914735,,5.601579,5.626953,1.926821,8.586452,8.661937,6.798166,2.453184,8.280414,8.517037
2022-04-25,7.801437,1.650888,,2.111579,4.607689,7.618614,10.087348,,5.677821,5.692138,1.966016,8.708521,8.693908,6.881482,2.477440,8.306477,8.626444
2022-04-26,7.551789,1.637650,,2.111579,4.497914,7.518045,9.704963,,5.495246,5.524507,1.874636,8.396034,8.579648,6.686369,2.378583,8.172713,8.300839
2022-04-27,7.546264,1.629093,,2.111579,4.503321,7.558764,9.689579,,5.446791,5.466352,1.850223,8.514841,8.560738,6.642996,2.382261,8.146289,8.290893
2022-04-28,7.753867,1.665379,,2.111579,4.607366,7.670848,10.131854,,5.635641,5.418943,2.062548,8.594790,8.725117,6.759363,2.425743,8.286601,8.585351
2022-04-29,7.482454,1.617461,,2.111579,4.465188,7.448481,9.630404,,5.462474,5.293428,1.969376,8.451699,8.445602,6.487716,2.328087,8.004293,8.199022
2022-05-02,7.601026,1.606289,,2.111579,4.459464,7.360639,9.864830,,5.580787,5.342843,2.050005,8.614473,8.367963,6.563663,2.363746,8.087854,8.335912
2022-05-03,7.598002,1.605225,,2.111579,4.458604,7.403689,9.886549,,5.583239,5.354983,2.031640,8.506170,8.404334,6.580416,2.363900,8.128931,8.344811
2022-05-04,7.829633,1.640358,,2.111579,4.562393,7.562474,10.236484,,5.795438,5.466356,2.076658,8.763930,8.603635,6.770061,2.444474,8.360283,8.626968
2022-05-05,7.450034,1.618421,,2.111579,4.393265,7.388830,9.685717,,5.538272,5.208316,1.913383,8.219322,8.469563,6.403792,2.336399,8.176649,8.192478
2022-05-06,7.302224,1.622356,,2.111579,4.338702,7.442154,9.519380,,5.419849,4.990791,1.829394,8.001873,8.478361,6.321337,2.314026,8.157956,8.094326
2022-05-09,7.011864,1.627267,,2.111579,4.267604,7.412818,9.075699,,5.248475,4.785101,1.781240,7.478748,8.531167,6.036780,2.255109,8.139765,7.777620
2022-05-10,7.066682,1.623118,,2.111579,4.240069,7.373228,9.234913,,5.318908,4.810419,1.763770,7.454447,8.489000,6.095071,2.292412,8.183619,7.872108
2022-05-11,6.893625,1.640425,,2.111579,4.172898,7.346797,8.943079,,5.218994,4.706730,1.683589,7.205535,8.479227,5.909243,2.221468,8.089627,7.638635
2022-05-12,6.950501,1.613909,,2.111579,4.196024,7.344831,8.981448,,5.312324,4.812659,1.663879,7.282809,8.485828,5.873366,2.221636,8.147112,7.620575
2022-05-13,7.246003,1.637443,,2.111579,4.268090,7.481272,9.428610,,5.516147,4.980882,1.765562,7.727364,8.582431,6.128030,2.280943,8.258694,7.902993
2022-05-16,7.160558,1.639927,,2.111579,4.235926,7.486841,9.246025,,5.495152,4.969916,1.739134,7.591897,8.589479,6.043957,2.260203,8.233598,7.811384
2022-05-17,7.331831,1.656730,,2.111579,4.307301,7.381393,9.544902,,5.595109,5.086247,1.786168,7.834699,8.591209,6.173830,2.311054,8.378145,8.013710
2022-05-18,6.991380,1.646100,,2.111579,4.096895,6.781964,9.074108,,5.407024,4.940472,1.728607,7.400024,8.306526,5.776098,2.191126,8.086555,7.620314
2022-05-19,7.051937,1.644926,,2.111579,4.106377,6.752702,9.127450,,5.476598,4.995796,1.820435,7.536054,8.283908,5.766480,2.140422,7.928162,7.579482
2022-05-20,7.037362,1.640489,,2.111579,4.113697,6.702408,9.156505,,5.503488,5.031735,1.803861,7.330255,8.303907,5.690008,2.134350,7.950779,7.555925
2022-05-23,7.101663,1.656987,,2.111579,4.155021,6.801179,9.242502,,5.550405,5.089515,1.818195,7.357015,8.390965,5.800588,2.176939,8.006436,7.681561
2022-05-24,6.958347,1.688824,,2.111579,4.138590,6.878959,9.049139,,5.379534,4.999911,1.761531,7.043821,8.504494,5.658748,2.158152,8.052885,7.518235
2022-05-25,7.080753,1.688312,,2.111579,4.163589,6.917627,9.260064,,5.468024,5.034499,1.794454,7.238411,8.515480,5.743994,2.186014,8.123765,7.623454
2022-05-26,7.298318,1.684967,,2.111579,4.250991,7.154554,9.532298,,5.675639,5.060930,1.801174,7.684531,8.477438,6.029616,2.246279,8.171404,7.834679
2022-05-27,7.521631,1.708611,,2.111579,4.357462,7.233342,9.886027,,5.792159,5.205145,1.908456,7.970565,8.585086,6.236191,2.307652,8.309188,8.090400
2022-05-31,7.461462,1.684684,,2.111579,4.327966,7.147443,9.769520,,5.799938,5.116201,1.908456,8.004915,8.512254,6.170178,2.286394,8.301207,8.068937
2022-06-01,7.372042,1.683557,,2.111579,4.312511,7.082594,9.684638,,5.748299,5.004919,1.847312,7.840323,8.468544,6.104910,2.275630,8.263354,8.009260
2022-06-02,7.595823,1.685119,,2.111579,4.403176,7.171494,10.054543,,5.920998,5.092179,1.978111,8.136952,8.504748,6.239742,2.329585,8.255356,8.228598
2022-06-03,7.439613,1.676025,,2.111579,4.354974,7.100192,9.818687,,5.800613,4.980819,1.938020,7.934349,8.442095,6.097597,2.267672,8.171384,8.014495
2022-06-06,7.462923,1.673296,,2.111579,4.365597,7.198182,9.807377,,5.838388,4.934858,1.944291,8.077711,8.463505,6.090931,2.268057,8.155685,8.041192
2022-06-07,7.550436,1.687557,,2.111579,4.406840,7.216210,9.936147,,5.880778,5.029699,1.984158,8.165365,8.513628,6.147756,2.285366,8.214284,8.110554
2022-06-08,7.514568,1.649094,,2.111579,4.337568,7.179572,9.798991,,5.911438,5.033500,1.959969,8.289831,8.385987,6.097215,2.260139,8.124030,8.052185
2022-06-09,7.287894,1.605251,,2.111579,4.254004,7.115120,9.527007,,5.732153,4.835771,1.883819,7.926531,8.216596,5.933751,2.224807,7.991200,7.836511
2022-06-10,7.050598,1.595770,,2.111579,4.132531,7.035980,9.131714,,5.595424,4.703712,1.776089,7.630681,8.151445,5.770283,2.162301,7.897229,7.560113
2022-06-13,6.713250,1.520787,,2.111579,4.008012,6.872297,8.646217,,5.317818,4.503636,1.651113,7.204951,7.908788,5.505441,2.082241,7.670017,7.208596
2022-06-14,6.727211,1.475785,,2.111579,3.970909,6.885594,8.666290,,5.363838,4.485140,1.622893,7.310731,7.761619,5.522655,2.084407,7.635210,7.221683
2022-06-15,6.868226,1.476122,,2.111579,4.023445,6.916838,8.860429,,5.488532,4.589574,1.698371,7.512635,7.813034,5.615678,2.126213,7.719095,7.402022
2022-06-16,6.577813,1.449363,,2.111579,3.928583,6.852697,8.393532,,5.220609,4.463885,1.595344,7.125465,7.705071,5.392812,2.057864,7.520016,7.103376
2022-06-17,6.666291,1.433769,,2.111579,3.949640,6.825854,8.499540,,5.282293,4.583068,1.632747,7.283063,7.716826,5.456994,2.069451,7.545466,7.189750
2022-06-21,6.794289,1.456511,,2.111579,4.029705,7.017218,8.693420,,5.325173,4.645516,1.620877,7.436996,7.872198,5.642492,2.127576,7.709592,7.371144
2022-06-22,6.794936,1.467151,,2.111579,4.029201,7.026910,8.658557,,5.353753,4.702946,1.634315,7.387289,7.926453,5.609975,2.127095,7.711798,7.360392
2022-06-23,6.916491,1.496009,,2.111579,4.074469,7.135427,8.769343,,5.445047,4.885724,1.653129,7.518895,8.056222,5.680097,2.154460,7.772906,7.470010
2022-06-24,7.161347,1.524435,,2.111579,4.184586,7.263449,9.153715,,5.648760,4.975196,1.739806,7.830260,8.192774,5.855081,2.207224,7.919552,7.725960
2022-06-27,7.118129,1.544677,,2.111579,4.170263,7.265090,9.071196,,5.647338,4.933442,1.700835,7.766718,8.221119,5.819248,2.198557,7.927336,7.669315
2022-06-28,6.924375,1.550003,,2.111579,4.074115,7.110175,8.800310,,5.469067,4.806933,1.608559,7.551314,8.125224,5.650049,2.138108,7.820607,7.435656
2022-06-29,6.912762,1.558620,,2.111579,4.093209,7.198671,8.718392,,5.467781,4.842344,1.600720,7.535839,8.195445,5.607932,2.145574,7.822649,7.442475
2022-06-30,6.837928,1.577277,,2.111579,4.094601,7.211148,8.596291,,5.417302,4.799492,1.564212,7.379926,8.218734,5.583229,2.137176,7.801041,7.350165
2022-07-01,6.907975,1.604826,,2.111579,4.132386,7.319769,8.597582,,5.488929,4.918453,1.599152,7.518677,8.348630,5.610999,2.161908,7.795373,7.398680
2022-07-05,7.006564,1.531927,,2.111579,4.106176,7.374193,8.770862,,5.596639,4.970578,1.666343,7.722439,8.216596,5.655603,2.198224,7.748302,7.525344
2022-07-06,7.022315,1.561363,,2.111579,4.147707,7.406324,8.816538,,5.557844,4.999863,1.640362,7.637258,8.271007,5.699505,2.216367,7.790347,7.573596
2022-07-07,7.176812,1.569657,,2.111579,4.195538,7.425840,9.066280,,5.641846,5.121917,1.680677,7.850904,8.266299,5.813140,2.249725,7.888382,7.735663
2022-07-08,7.175841,1.571724,,2.111579,4.176898,7.456539,9.081603,,5.640557,5.130486,1.644618,7.809590,8.275716,5.837176,2.256694,7.898648,7.745366
2022-07-11,7.020222,1.578645,,2.111579,4.144314,7.430011,8.879008,,5.436356,5.046735,1.578323,7.526349,8.269218,5.771191,2.209491,7.818295,7.579890
2022-07-12,6.962604,1.567985,,2.111579,4.107892,7.406708,8.731114,,5.429178,5.006531,1.599824,7.567994,8.237258,5.669604,2.183900,7.817077,7.506462
2022-07-13,6.951989,1.562662,,2.111579,4.029737,7.430401,8.731172,,5.423189,4.968809,1.598256,7.622212,8.207931,5.647385,2.188280,7.813580,7.490990
2022-07-14,6.936858,1.557342,,2.111579,4.057109,7.475660,8.747302,,5.360162,4.915686,1.557717,7.577100,8.197406,5.653934,2.198093,7.827046,7.517738
2022-07-15,7.073734,1.550430,,2.111579,4.124832,7.471808,8.959117,,5.462130,5.051508,1.655369,7.703844,8.269280,5.776884,2.235149,7.918509,7.654105
2022-07-18,7.028999,1.525050,,2.111579,4.110702,7.412927,8.889184,,5.442485,4.950282,1.660296,7.771199,8.131237,5.707148,2.216218,7.860966,7.589331
2022-07-19,7.250298,1.528471,,2.111579,4.240106,7.492466,9.216649,,5.637071,5.100312,1.741149,8.017737,8.248636,5.844062,2.275300,8.058970,7.822728
2022-07-20,7.372346,1.506178,,2.111579,4.273326,7.492692,9.478932,,5.743744,5.098107,1.797142,8.170357,8.205782,5.876839,2.308584,8.054778,7.946769
2022-07-21,7.475302,1.509085,,2.111579,4.341608,7.476600,9.636096,,5.821631,5.168220,1.853359,8.303434,8.220891,5.940500,2.342633,8.066271,8.060845
2022-07-22,7.350879,1.526347,,2.111579,4.324249,7.504315,9.446634,,5.641332,5.058114,1.815284,8.152840,8.282901,5.905492,2.311050,8.029247,7.919496
2022-07-25,7.316959,1.546852,,2.111579,4.320649,7.515673,9.346424,,5.623648,5.045575,1.828722,8.135300,8.330328,5.889663,2.296118,8.048110,7.874390
2022-07-26,7.187833,1.559768,,2.111579,4.312726,7.445661,9.110338,,5.524064,5.046905,1.725471,7.894452,8.377242,5.752453,2.241442,8.045500,7.719666
2022-07-27,7.429457,1.557581,,2.111579,4.385435,7.454185,9.531452,,5.745376,5.130270,1.935556,8.191301,8.404115,5.890650,2.332716,8.148967,8.045897
2022-07-28,7.527774,1.653208,,2.111579,4.512599,7.610079,9.682588,,5.651216,5.183326,1.923014,8.244377,8.563983,5.984078,2.359528,8.238747,8.124570
2022-07-29,7.585768,1.674367,,2.111579,4.592380,7.635998,9.795412,,5.620213,5.168172,1.938020,8.336422,8.591552,6.032087,2.413939,8.187803,8.272738
2022-08-01,7.594042,1.668230,,2.111579,4.591576,7.692947,9.838139,,5.598064,5.133641,1.983598,8.335506,8.598137,6.047999,2.411549,8.205520,8.267755
2022-08-02,7.603577,1.667935,,2.111579,4.542831,7.624544,9.837963,,5.615946,5.171224,2.007451,8.415349,8.553910,6.027447,2.403488,8.150182,8.243104
2022-08-03,7.784187,1.672196,,2.111579,4.610416,7.661488,10.143054,,5.635562,5.343134,2.193123,8.642481,8.668106,6.071403,2.467101,8.289363,8.467585
2022-08-04,7.806697,1.683995,,2.111579,4.638670,7.596558,10.124740,,5.695457,5.387547,2.172069,8.718441,8.670125,5.945045,2.472243,8.283549,8.507184
2022-08-05,7.793169,1.717617,,2.111579,4.647485,7.554760,10.149184,,5.661156,5.378020,2.134890,8.586122,8.620641,5.977645,2.438862,8.235269,8.437689
2022-08-08,7.793604,1.732078,,2.111579,4.669324,7.549361,10.112644,,5.695979,5.394147,2.155943,8.565264,8.652687,5.993577,2.439116,8.266506,8.410416
2022-08-09,7.654198,1.746081,,2.111579,4.638251,7.577485,9.828918,,5.635913,5.267578,2.116077,8.435507,8.701792,6.019436,2.424649,8.254408,8.315221
2022-08-10,7.872661,1.760436,,2.111579,4.752613,7.619674,10.210355,,5.769257,5.403735,2.215296,8.640412,8.799965,6.069989,2.491619,8.399049,8.547307
2022-08-11,7.840138,1.768300,,2.111579,4.753318,7.569637,10.127164,,5.778929,5.338683,2.219775,8.684899,8.756166,6.017230,2.468418,8.379846,8.498792
2022-08-12,7.981525,1.811236,,2.111579,4.800152,7.616343,10.385955,,5.882098,5.344415,2.264345,8.862413,8.852730,6.127812,2.519846,8.477326,8.664268
2022-08-15,8.052510,1.822522,,2.111579,4.825158,7.693092,10.457669,,5.907386,5.458191,2.273528,8.951384,8.989530,6.181352,2.538455,8.555813,8.734287
2022-08-16,8.012937,1.825012,,2.111579,4.831240,7.759565,10.366839,,5.857155,5.398862,2.286294,8.957315,9.021321,6.182290,2.540425,8.540280,8.713832
2022-08-17,7.871530,1.810142,,2.111579,4.796313,7.729675,10.150233,,5.725060,5.286235,2.226718,8.805418,8.988905,6.145584,2.520367,8.442345,8.614441
2022-08-18,7.883950,1.822043,,2.111579,4.806690,7.737974,10.245244,,5.676937,5.235307,2.236573,8.767013,8.983322,6.144672,2.537371,8.508817,8.635159
2022-08-19,7.722851,1.818321,,2.111579,4.739708,7.716008,9.971710,,5.581889,5.175558,2.162663,8.499799,8.961079,6.135889,2.489158,8.458419,8.466798
2022-08-22,7.533584,1.792846,,2.111579,4.649495,7.642590,9.664491,,5.449919,5.056233,2.095919,8.312411,8.838501,6.061306,2.429917,8.268180,8.243891
2022-08-23,7.524520,1.782564,,2.111579,4.625060,7.629417,9.663060,,5.436617,5.002724,2.087408,8.386763,8.769978,6.094639,2.427004,8.247064,8.237073
2022-08-24,7.576959,1.790363,,2.111579,4.636165,7.663291,9.694272,,5.471441,5.080569,2.099951,8.513808,8.798963,6.107491,2.430436,8.243324,8.260937
2022-08-25,7.731866,1.813925,,2.111579,4.693551,7.578399,9.925195,,5.636376,5.160746,2.166246,8.761330,8.837714,6.090736,2.467568,8.336899,8.407007
2022-08-26,7.428535,1.778773,,2.111579,4.524968,7.344332,9.474804,,5.445406,4.956078,2.076210,8.432644,8.629139,5.907987,2.371840,8.121805,8.062419
2022-08-29,7.374549,1.791535,,2.111579,4.493795,7.323269,9.325935,,5.402838,4.939174,2.075314,8.486216,8.642018,5.898266,2.351764,8.075484,7.982959
2022-08-30,7.301508,1.762509,,2.111579,4.437240,7.264879,9.262143,,5.320850,4.894242,2.056052,8.378696,8.559749,5.843632,2.325939,7.989609,7.894058
2022-08-31,7.278956,1.763962,,2.111579,4.409672,7.234524,9.180873,,5.374944,4.861570,2.092784,8.421634,8.540360,5.804112,2.317693,7.970658,7.848165
2022-09-01,7.244523,1.790955,,2.111579,4.430290,7.289716,8.957990,,5.421601,4.940387,2.075314,8.457108,8.647988,5.797914,2.339180,8.039725,7.851575
2022-09-02,7.161678,1.767724,,2.111579,4.368698,7.198327,8.873122,,5.323841,4.856261,2.041046,8.421916,8.526822,5.701827,2.299523,7.960608,7.740646
2022-09-06,7.108536,1.774538,,2.111579,4.386407,7.190212,8.801971,,5.221157,4.812578,2.051909,8.346845,8.483608,5.691249,2.286597,7.924431,7.685050
2022-09-07,7.272110,1.819350,,2.111579,4.451458,7.333767,8.968317,,5.353967,4.963204,2.127051,8.597590,8.688024,5.801239,2.334234,8.062898,7.840298
2022-09-08,7.352864,1.832223,,2.111579,4.417718,7.288937,9.103285,,5.329477,5.138981,2.153928,8.700106,8.677558,5.840243,2.336279,8.041169,7.880946
2022-09-09,7.522228,1.851700,,2.111579,4.476139,7.363966,9.395399,,5.464704,5.218625,2.155271,8.870193,8.749836,5.944206,2.386924,8.146148,8.053240
2022-09-12,7.594091,1.862370,,2.111579,4.500475,7.422457,9.490368,,5.483613,5.238028,2.187075,9.062379,8.783783,5.980001,2.413471,8.193217,8.148959
2022-09-13,7.206637,1.804816,,2.111579,4.296116,7.108345,8.946058,,5.183421,4.973152,2.127947,8.646795,8.456791,5.716021,2.274271,7.821144,7.702096
2022-09-14,7.255111,1.826209,,2.111579,4.270435,7.105629,8.999147,,5.194499,5.008802,2.187299,8.819695,8.485594,5.738546,2.288066,7.855960,7.763199
2022-09-15,7.162586,1.782770,,2.111579,4.211858,7.026296,8.813555,,5.149454,5.025039,2.159079,8.777134,8.353311,5.676517,2.253327,7.747464,7.633912
2022-09-16,7.105168,1.780060,,2.111579,4.201509,7.075219,8.735789,,5.113178,5.020413,2.105326,8.567095,8.401461,5.686494,2.241147,7.783444,7.587233
2022-09-19,7.140494,1.808743,,2.111579,4.254928,7.119607,8.797416,,5.128458,4.957063,2.128395,8.628087,8.456470,5.721650,2.260000,7.822066,7.646318
2022-09-20,7.051620,1.781831,,2.111579,4.208581,7.063340,8.691800,,5.062287,4.892714,2.052245,8.510258,8.368306,5.692679,2.238677,7.711644,7.585368
2022-09-21,6.932447,1.761110,,2.111579,4.155407,7.042130,8.580391,,4.912400,4.799809,2.042166,8.269884,8.274144,5.606969,2.195537,7.614719,7.449544
2022-09-22,6.803207,1.748214,,2.111579,4.083014,7.004146,8.390865,,4.866860,4.756611,1.963328,7.990320,8.273348,5.532833,2.184284,7.583885,7.357857
2022-09-23,6.714940,1.729869,,2.111579,4.071098,6.953816,8.284267,,4.769291,4.739879,1.947874,7.782662,8.208601,5.441833,2.139800,7.498454,7.238059
2022-09-26,6.655618,1.694694,,2.111579,4.046414,6.970196,8.197203,,4.710124,4.664468,1.887178,7.801382,8.133245,5.411403,2.140665,7.425234,7.208109
2022-09-27,6.675874,1.673728,,2.111579,4.040883,6.848926,8.267220,,4.699108,4.682669,1.920550,7.858488,8.033632,5.432853,2.134710,7.373854,7.210999
2022-09-28,6.861881,1.680521,,2.111579,4.127793,6.967614,8.430900,,4.857153,4.943709,2.040822,8.134385,8.140834,5.530426,2.181609,7.478322,7.354441
2022-09-29,6.708500,1.608496,,2.111579,4.076884,6.885533,8.249517,,4.737885,4.862325,1.986621,7.867090,7.928522,5.425183,2.116500,7.300937,7.142430
2022-09-30,6.612682,1.585938,,2.111579,4.007217,6.788657,8.126566,,4.673644,4.813839,1.927717,7.754613,7.782491,5.377522,2.081030,7.187628,7.021319
2022-10-03,6.790961,1.630642,,2.111579,4.140729,6.947822,8.387784,,4.819729,4.932447,1.952578,7.831472,7.966393,5.500247,2.111908,7.394509,7.186041
2022-10-04,7.032104,1.676810,,2.111579,4.272095,7.050796,8.699851,,4.939317,5.122716,2.078225,8.215736,8.151192,5.620036,2.167295,7.620187,7.411976
2022-10-05,7.037939,1.630412,,2.111579,4.263771,7.029094,8.753709,,4.916521,5.146947,2.101518,8.197446,8.068870,5.589836,2.151390,7.573845,7.408035
2022-10-06,6.973000,1.581044,,2.111579,4.228654,6.961499,8.688338,,4.888698,5.094306,2.114733,8.102863,7.915002,5.514776,2.138561,7.450093,7.349713
2022-10-07,6.725847,1.544371,,2.111579,4.096517,6.865634,8.266447,,4.743666,5.015300,2.019545,7.806375,7.789867,5.406127,2.065374,7.268992,7.069658
2022-10-10,6.630207,1.563810,,2.111579,4.116613,6.917499,8.029021,,4.722325,4.989484,1.893002,7.687322,7.864974,5.412391,2.056447,7.271401,6.998988
2022-10-11,6.534134,1.551280,,2.111579,4.118729,6.971436,7.827360,,4.605187,5.014561,1.860974,7.572733,7.955273,5.394709,2.034051,7.282418,6.902834
2022-10-12,6.521905,1.505728,,2.111579,4.113155,7.005705,7.785031,,4.587415,5.029992,1.877100,7.638706,7.907894,5.345945,2.034868,7.227803,6.900470
2022-10-13,6.640451,1.552323,,2.111579,4.166078,7.098750,7.953965,,4.666860,5.162782,1.882251,7.676318,8.110372,5.457250,2.070578,7.444475,7.062302
2022-10-14,6.431783,1.522315,,2.111579,4.054389,6.945994,7.665461,,4.541329,5.053951,1.802293,7.364694,7.992326,5.363661,2.003239,7.344366,6.850029
2022-10-17,6.644946,1.564248,,2.111579,4.167542,7.025487,7.929573,,4.710541,5.179459,1.896137,7.714209,8.109190,5.460679,2.080597,7.454866,7.076226
2022-10-18,6.709998,1.588773,,2.111579,4.235695,7.138666,8.015762,,4.725666,5.161436,1.910247,7.829148,8.206005,5.544943,2.100392,7.506254,7.132185
2022-10-19,6.641776,1.571029,,2.111579,4.170312,7.080115,7.977050,,4.683996,5.087783,1.891882,7.670171,8.111667,5.489719,2.090731,7.470013,7.106176
2022-10-20,6.613720,1.534073,,2.111579,4.085990,6.979816,8.024094,,4.644279,5.039459,1.898825,7.628025,7.999817,5.408253,2.069851,7.367877,7.069921
2022-10-21,6.766238,1.574424,,2.111579,4.155812,7.070851,8.238869,,4.671344,5.194122,1.880011,7.853738,8.148508,5.545253,2.105752,7.533604,7.235694
2022-10-24,6.792059,1.583480,,2.111579,4.238336,7.288565,8.310084,,4.600788,5.312642,1.866125,7.590949,8.292099,5.657862,2.134906,7.646833,7.315297
2022-10-25,6.963803,1.607420,,2.111579,4.300723,7.377033,8.528876,,4.724065,5.421108,1.998716,7.876510,8.371867,5.727408,2.179237,7.738313,7.466621
2022-10-26,6.932852,1.609929,,2.111579,4.309370,7.397131,8.392450,,4.640410,5.525394,1.983262,7.948208,8.419979,5.726606,2.099765,7.743814,7.301636
2022-10-27,6.870629,1.633336,,2.111579,4.330520,7.427151,8.337390,,4.485084,5.388975,1.956385,7.917804,8.425030,5.725059,2.017250,7.731762,7.168702
2022-10-28,7.062107,1.672018,,2.111579,4.450986,7.604692,8.608064,,4.552454,5.667052,1.931749,8.004241,8.739502,5.900663,2.074596,8.050086,7.388069
2022-10-31,7.000845,1.665124,,2.111579,4.451370,7.546150,8.501038,,4.482042,5.653443,1.871948,7.976641,8.653533,5.873427,2.040907,7.971305,7.302161
2022-11-01,6.995284,1.679212,,2.111579,4.449178,7.514711,8.470650,,4.482055,5.705348,1.861422,7.952616,8.667293,5.895858,2.009037,7.999926,7.227550
2022-11-02,6.758850,1.655458,,2.111579,4.321625,7.386093,8.106011,,4.401112,5.538342,1.779448,7.631003,8.583006,5.790705,1.935806,7.918506,6.979810
2022-11-03,6.669790,1.650768,,2.111579,4.343604,7.368522,7.885366,,4.314819,5.516854,1.714497,7.676046,8.561961,5.788206,1.895726,7.880227,6.843461
2022-11-04,6.764635,1.659507,,2.111579,4.419141,7.498121,7.900634,,4.420258,5.632740,1.683813,7.951958,8.662843,5.817739,1.918750,8.087972,6.953538
2022-11-07,6.838626,1.641150,,2.111579,4.468004,7.584716,8.036945,,4.498304,5.684098,1.739358,7.903961,8.728899,5.852174,1.939242,8.134975,7.029988
2022-11-08,6.913340,1.637628,,2.111579,4.518805,7.596830,8.181639,,4.512648,5.719988,1.817075,7.959063,8.858700,5.943922,1.937367,8.226464,7.081218
2022-11-09,6.750932,1.630770,,2.111579,4.444327,7.487678,7.951042,,4.431875,5.660044,1.762203,7.644118,8.802483,5.882976,1.903360,8.081125,6.917809
2022-11-10,7.261623,1.721524,,2.111579,4.704288,7.689479,8.750799,,4.731937,5.954297,1.944067,8.183744,9.011900,6.035179,2.036559,8.428411,7.428264
2022-11-11,7.418492,1.691315,,2.111579,4.732419,7.630195,9.032967,,4.870645,6.000708,2.038807,8.433874,8.909072,5.959727,2.062375,8.497812,7.565139
2022-11-14,7.344076,1.681245,,2.111579,4.714282,7.549095,8.897987,,4.862652,5.990729,2.004763,8.315415,8.846068,5.953160,2.040092,8.498816,7.498935
2022-11-15,7.502953,1.687530,,2.111579,4.740405,7.646629,9.136334,,5.036169,6.043659,2.012602,8.541095,8.887667,5.971747,2.070778,8.617512,7.602707
2022-11-16,7.351116,1.685614,,2.111579,4.712543,7.672083,8.832489,,4.963503,5.991004,1.949442,8.344140,8.914734,5.988470,2.052485,8.546732,7.498935
2022-11-17,7.311071,1.661275,,2.111579,4.693342,7.653972,8.787360,,4.934895,5.949401,1.918086,8.311958,8.888361,5.987789,2.045888,8.645337,7.482384
2022-11-18,7.319476,1.706429,,2.111579,4.716090,7.709215,8.783220,,4.870928,5.957160,1.901960,8.351183,8.985021,6.044410,2.042993,8.715354,7.482646
2022-11-21,7.255080,1.718778,,2.111579,4.756284,7.799392,8.649065,,4.829553,5.949018,1.805877,8.191571,9.077965,6.096391,2.014963,8.671105,7.405671
2022-11-22,7.332690,1.744004,,2.111579,4.791571,7.786232,8.798817,,4.890576,5.979176,1.789751,8.223494,9.141253,6.104916,2.039204,8.786734,7.512333
2022-11-23,7.404476,1.759054,,2.111579,4.811831,7.800567,8.926037,,4.947446,5.973722,1.808565,8.321721,9.167845,6.083091,2.067316,8.848139,7.587732
2022-11-25,7.363253,1.768022,,2.111579,4.805514,7.794122,8.857860,,4.895332,5.956843,1.793559,8.272614,9.188691,6.087197,2.054921,8.799876,7.537816
2022-11-28,7.281733,1.756415,,2.111579,4.734709,7.733723,8.698244,,4.864217,5.899028,1.790199,8.288312,9.128790,6.055940,2.032490,8.744047,7.427213
2022-11-29,7.259507,1.746099,,2.111579,4.736337,7.689721,8.637256,,4.886816,5.871677,1.738910,8.332228,9.112948,6.034276,2.015175,8.810644,7.370992
2022-11-30,7.550105,1.787465,,2.111579,4.855709,7.841978,9.048528,,5.141203,6.049414,1.756155,8.692356,9.292245,6.152973,2.113695,9.105960,7.707005
2022-12-01,7.608130,1.779854,,2.111579,4.865951,7.790910,9.209504,,5.133986,6.126073,1.758843,8.662279,9.286342,6.170173,2.104235,9.089417,7.716463
2022-12-02,7.564953,1.754622,,2.111579,4.853608,7.802603,9.063164,,5.162685,6.113048,1.672166,8.757992,9.253374,6.195633,2.098929,9.017360,7.685725
2022-12-05,7.406626,1.742675,,2.111579,4.759505,7.686461,8.838203,,5.085627,5.998930,1.648873,8.537496,9.168266,6.112745,2.060197,8.928338,7.556732
2022-12-06,7.284131,1.770433,,2.111579,4.711836,7.616190,8.655913,,4.961000,5.936888,1.617741,8.360426,9.182861,6.059196,2.009199,8.886630,7.400154
2022-12-07,7.272715,1.768958,,2.111579,4.706108,7.651050,8.631441,,4.937173,6.002113,1.666791,8.259798,9.202042,6.098504,1.990065,8.850150,7.369942
2022-12-08,7.389363,1.771460,,2.111579,4.731988,7.669496,8.840714,,4.970996,6.081760,1.662312,8.434290,9.234586,6.105007,2.000736,8.940478,7.457163
2022-12-09,7.335081,1.754585,,2.111579,4.717583,7.611374,8.809288,,4.967833,5.958926,1.647754,8.318047,9.143854,6.006281,1.997125,8.891982,7.409612
2022-12-12,7.427394,1.791633,,2.111579,4.786655,7.669134,9.039250,,4.968237,5.963413,1.652905,8.271900,9.239999,6.038246,2.003286,9.047824,7.502613
2022-12-13,7.505971,1.792238,,2.111579,4.781271,7.650362,9.180364,,5.075100,6.104425,1.650665,8.220233,9.223838,5.993413,2.025105,9.098623,7.583266
2022-12-14,7.462703,1.792456,,2.111579,4.774369,7.658395,9.104909,,4.978888,6.137347,1.626700,8.178667,9.202770,6.022094,2.011192,9.043236,7.527045
2022-12-15,7.230760,1.764931,,2.111579,4.632536,7.516985,8.758384,,4.774147,6.025513,1.562645,7.967953,9.029797,5.928811,1.946755,8.819819,7.274313
2022-12-16,7.177078,1.743877,,2.111579,4.618904,7.488088,8.700351,,4.770754,5.923811,1.551222,7.889151,8.993329,5.925278,1.931231,8.767560,7.204957
2022-12-19,7.095717,1.734020,,2.111579,4.594966,7.464508,8.563423,,4.700680,5.840587,1.544279,7.858868,8.963012,5.890109,1.900588,8.708753,7.103701
2022-12-20,7.087884,1.735230,,2.111579,4.577651,7.460395,8.556818,,4.692735,5.891019,1.540024,7.787604,8.951300,5.885933,1.892884,8.669997,7.098171
2022-12-21,7.194327,1.764941,,2.111579,4.662665,7.528698,8.693929,,4.796627,5.969995,1.550102,7.856952,9.048555,5.925042,1.913699,8.796910,7.201138
2022-12-22,7.041029,1.745976,,2.111579,4.598964,7.494746,8.396585,,4.744313,5.936997,1.535768,7.670434,8.989148,5.902944,1.864136,8.693471,7.024961
2022-12-23,7.049782,1.766110,,2.111579,4.636677,7.542400,8.400786,,4.776158,5.868972,1.546071,7.670737,9.037195,5.909646,1.875310,8.733027,7.040762
2022-12-27,6.985251,1.771985,,2.111579,4.634092,7.557442,8.294896,,4.749799,5.785224,1.530393,7.578753,9.051868,5.913086,1.834773,8.727224,6.941218
2022-12-28,6.910488,1.757153,,2.111579,4.580436,7.490463,8.198766,,4.680020,5.751515,1.512923,7.500568,8.977888,5.875209,1.817412,8.626533,6.849574
2022-12-29,7.083710,1.766015,,2.111579,4.640763,7.535135,8.464096,,4.805892,5.869530,1.580338,7.709695,9.042310,5.904995,1.868485,8.746762,7.016534
2022-12-30,7.070392,1.753351,,2.111579,4.613029,7.500960,8.445655,,4.810663,5.869394,1.595120,7.705681,9.012723,5.902293,1.868091,8.759626,7.012321
2023-01-03,7.050300,1.730158,,2.111579,4.611483,7.466937,8.390163,,4.880001,5.865906,1.670375,7.635338,8.982631,5.906928,1.851417,8.770575,6.964919
2023-01-04,7.169729,1.750459,,2.111579,4.633639,7.511218,8.497624,,5.033695,5.929387,1.740030,7.898105,9.021810,5.955497,1.853796,8.874680,6.998100
2023-01-05,7.060196,1.718879,,2.111579,4.538875,7.465141,8.251800,,5.042168,5.897042,1.708226,7.901232,8.947080,6.009868,1.820782,8.821214,6.888549
2023-01-06,7.245830,1.758826,,2.111579,4.693161,7.704194,8.512711,,5.117323,6.037203,1.712929,8.042341,9.197756,6.134092,1.873265,9.101715,7.078683
2023-01-09,7.280364,1.777016,,2.111579,4.702308,7.626576,8.653874,,5.117829,5.957166,1.726367,8.027709,9.127763,6.071919,1.889363,9.066270,7.124505
2023-01-10,7.342112,1.765286,,2.111579,4.722204,7.625600,8.706548,,5.203601,6.049821,1.745181,8.135733,9.148273,6.120551,1.902933,9.094709,7.184811
2023-01-11,7.438351,1.780991,,2.111579,4.777360,7.673932,8.843991,,5.275540,6.032508,1.759067,8.335415,9.187020,6.118667,1.946647,9.158698,7.309109
2023-01-12,7.467695,1.763901,,2.111579,4.770255,7.605511,8.895363,,5.311719,6.020827,1.786839,8.452636,9.122006,6.106551,1.949658,9.143599,7.348611
2023-01-13,7.524740,1.756226,,2.111579,4.789101,7.643714,8.950514,,5.359477,6.104426,1.780120,8.561561,9.112663,6.154029,1.960676,9.139286,7.399173
2023-01-17,7.537640,1.744370,,2.111579,4.754883,7.654948,9.003636,,5.315926,6.153161,1.795798,8.556522,9.082482,6.130317,1.966620,9.087599,7.414183
2023-01-18,7.428294,1.701650,,2.111579,4.691294,7.437204,8.877669,,5.252466,6.112118,1.731519,8.436858,8.805694,6.021920,1.939276,8.862115,7.317799
2023-01-19,7.333363,1.686011,,2.111579,4.608702,7.362985,8.726598,,5.283053,6.009999,1.718976,8.333181,8.729956,5.978549,1.935197,8.793896,7.245907
2023-01-20,7.521474,1.706175,,2.111579,4.707878,7.436289,9.006870,,5.476028,6.091724,1.771385,8.526524,8.762750,6.009047,1.994694,8.884580,7.444204
2023-01-23,7.687431,1.705702,,2.111579,4.771157,7.498184,9.303551,,5.567383,6.151234,1.780568,8.747570,8.780116,6.044171,2.037771,9.005282,7.609584
2023-01-24,7.658327,1.703629,,2.111579,4.828995,7.511703,9.227993,,5.514315,6.136249,1.782360,8.736089,8.798428,6.106844,2.031594,9.051004,7.594047
2023-01-25,7.651560,1.699880,,2.111579,4.801852,7.549827,9.195034,,5.530909,6.086297,1.771609,8.825525,8.815818,6.115165,2.021143,9.071214,7.577193
2023-01-26,7.784254,1.718796,,2.111579,4.815372,7.549165,9.400467,,5.624620,6.140068,1.809908,9.085921,8.802096,6.178851,2.077557,9.125802,7.724929
2023-01-27,7.838187,1.721287,,2.111579,4.832034,7.541024,9.397949,,5.634086,6.131016,1.832753,9.498820,8.787380,6.130268,2.125241,9.035348,7.801825
2023-01-30,7.694721,1.698131,,2.111579,4.768396,7.545897,9.205728,,5.542579,6.053746,1.783704,9.194767,8.769252,6.073908,2.080340,8.988407,7.644082
2023-01-31,7.803672,1.727015,,2.111579,4.855718,7.631801,9.387702,,5.561190,6.100234,1.825138,9.287893,8.830459,6.119283,2.118052,9.036864,7.758637
2023-02-01,7.998218,1.736838,,2.111579,4.996226,7.697272,9.744506,,5.700190,6.107921,1.856942,9.479763,8.854625,6.140376,2.153766,9.104601,7.924544
2023-02-02,8.171849,1.731452,,2.111579,5.077299,7.690111,10.026080,,5.874876,6.264201,1.947650,9.583514,8.723207,6.037814,2.281360,9.023353,8.208955
2023-02-03,8.002213,1.689414,,2.111579,4.997464,7.577416,9.786556,,5.722078,6.202655,1.915399,9.367839,8.640227,5.990382,2.239799,8.948419,8.063063
2023-02-06,7.927218,1.697221,,2.111579,4.963766,7.636404,9.621580,,5.633453,6.185891,1.843952,9.353664,8.656550,6.014564,2.228157,8.891798,7.994857
2023-02-07,8.076914,1.708861,,2.111579,4.985289,7.599872,9.936491,,5.784210,6.264288,1.864109,9.387320,8.652113,6.029347,2.272098,8.922230,8.160500
2023-02-08,7.946480,1.679702,,2.111579,4.940247,7.539390,9.796571,,5.640816,6.108908,1.785496,9.258331,8.557918,5.936042,2.213590,8.777441,8.015397
2023-02-09,7.891559,1.669194,,2.111579,4.896338,7.527012,9.762788,,5.507109,6.068967,1.756379,9.214770,8.484724,5.996229,2.185308,8.706096,7.944558
2023-02-10,7.845953,1.705474,,2.111579,4.894668,7.585168,9.652994,,5.409405,6.168938,1.809684,9.025630,8.592329,6.045912,2.172527,8.771641,7.892416
2023-02-13,7.962659,1.712413,,2.111579,4.953265,7.677733,9.787192,,5.503667,6.282826,1.779448,9.213751,8.660030,6.140535,2.199713,8.862611,8.018821
2023-02-14,8.020255,1.712093,,2.111579,4.936434,7.616918,9.938236,,5.496997,6.283429,1.730399,9.355664,8.597587,6.137009,2.211833,8.837415,8.078073
2023-02-15,8.109553,1.719940,,2.111579,4.967071,7.677846,10.070388,,5.542853,6.295811,1.744957,9.557799,8.623632,6.109318,2.236406,8.907207,8.139959
2023-02-16,7.962221,1.711133,,2.111579,4.922935,7.627835,9.811123,,5.468721,6.152630,1.718528,9.443309,8.549427,6.043784,2.204380,8.854915,7.987220
2023-02-17,7.905286,1.724211,,2.111579,4.950241,7.668675,9.675271,,5.409474,6.151482,1.672166,9.368793,8.643908,6.105097,2.200625,8.904712,7.930864
2023-02-21,7.714175,1.682279,,2.111579,4.850151,7.613403,9.419768,,5.284174,6.038996,1.685157,9.024184,8.538287,5.994092,2.152475,8.719580,7.743100
2023-02-22,7.717575,1.661616,,2.111579,4.833188,7.579590,9.470087,,5.287257,6.004488,1.690532,9.024917,8.490071,5.950071,2.152971,8.632310,7.748893
2023-02-23,7.748963,1.666452,,2.111579,4.854003,7.566085,9.628628,,5.236052,5.980255,1.684037,8.936415,8.487158,5.950959,2.153451,8.646863,7.816573
2023-02-24,7.617402,1.662045,,2.111579,4.811389,7.536937,9.428536,,5.115264,5.871581,1.647306,8.797251,8.412281,5.867820,2.118235,8.552629,7.685691
2023-02-27,7.660335,1.654191,,2.111579,4.832067,7.533599,9.476434,,5.167040,5.875206,1.652233,8.928478,8.417427,5.897573,2.135763,8.576945,7.740730
2023-02-28,7.649108,1.610556,,2.111579,4.823252,7.465744,9.483495,,5.144274,5.880822,1.648425,8.962087,8.297970,5.863861,2.135720,8.501959,7.730723
2023-03-01,7.616113,1.585798,,2.111579,4.842093,7.391896,9.422303,,5.147249,5.873150,1.653353,8.925806,8.212725,5.889413,2.116121,8.460615,7.668573
2023-03-02,7.725569,1.616026,,2.111579,4.950590,7.485915,9.572077,,5.219162,5.953572,1.659624,8.985366,8.294890,5.952216,2.125917,8.565084,7.732039
2023-03-03,7.843215,1.650704,,2.111579,5.007501,7.494421,9.713758,,5.291237,6.093117,1.708674,9.136939,8.341938,6.015299,2.170301,8.673690,7.891889
2023-03-06,7.811522,1.651840,,2.111579,4.988275,7.504847,9.672451,,5.276705,6.041753,1.719648,9.085442,8.362899,6.014583,2.179917,8.665004,7.900843
2023-03-07,7.705198,1.629685,,2.111579,4.922997,7.457591,9.564257,,5.155210,5.950215,1.677766,8.950085,8.230981,5.944781,2.158141,8.537577,7.803932
2023-03-08,7.738690,1.641199,,2.111579,4.955187,7.453339,9.683490,,5.121137,5.927149,1.698595,8.925354,8.202604,5.911842,2.158256,8.564449,7.842907
2023-03-09,7.576904,1.634193,,2.111579,4.873241,7.388096,9.491057,,4.977271,5.844432,1.700611,8.577250,8.131069,5.807151,2.120627,8.498460,7.707022
2023-03-10,7.437416,1.612192,,2.111579,4.805021,7.356183,9.237177,,4.904327,5.775602,1.644618,8.459276,8.094429,5.770118,2.096981,8.475725,7.598787
2023-03-13,7.479328,1.643770,,2.111579,4.779515,7.398125,9.259826,,4.921051,5.956870,1.626252,8.439100,8.165423,5.814611,2.115461,8.554154,7.655143
2023-03-14,7.604709,1.655885,,2.111579,4.836372,7.451581,9.471199,,5.019859,6.033200,1.640362,8.535867,8.173500,5.888165,2.175402,8.624992,7.831057
2023-03-15,7.583637,1.680267,,2.111579,4.762114,7.487261,9.433647,,5.078105,6.020700,1.655369,8.418262,8.264022,5.846936,2.199606,8.701910,7.872138
2023-03-16,7.738760,1.686287,,2.111579,4.816633,7.507298,9.720062,,5.172032,6.081899,1.665223,8.612822,8.268506,5.884716,2.259147,8.788034,8.079653
2023-03-17,7.680246,1.669005,,2.111579,4.752820,7.448414,9.663873,,5.195200,6.012202,1.634763,8.494699,8.165656,5.785357,2.247399,8.670656,8.041468
2023-03-20,7.731378,1.675145,,2.111579,4.841702,7.555929,9.702794,,5.239280,6.097799,1.639691,8.464059,8.303516,5.787285,2.254194,8.755306,8.070006
2023-03-21,7.823066,1.636320,,2.111579,4.872157,7.555606,9.816837,,5.327442,6.145045,1.718304,8.703925,8.274210,5.804357,2.304389,8.673140,8.185266
2023-03-22,7.674109,1.597173,,2.111579,4.778080,7.470665,9.631238,,5.240350,6.005311,1.664999,8.531097,8.135419,5.697768,2.270545,8.514390,8.073963
2023-03-23,7.763139,1.575021,,2.111579,4.763615,7.417969,9.838939,,5.338908,6.088399,1.625132,8.563265,8.093982,5.751672,2.292566,8.517997,8.169704
2023-03-24,7.780220,1.616579,,2.111579,4.800403,7.561779,9.757493,,5.397034,6.183116,1.654697,8.506017,8.301085,5.783397,2.306145,8.679119,8.199772
2023-03-27,7.765762,1.625409,,2.111579,4.841284,7.597266,9.714466,,5.360283,6.164301,1.641706,8.499948,8.296724,5.782269,2.284459,8.696520,8.143593
2023-03-28,7.755980,1.632142,,2.111579,4.870317,7.592470,9.662470,,5.364645,6.155991,1.628268,8.526124,8.343117,5.841956,2.264483,8.737858,8.100338
2023-03-29,7.891602,1.649921,,2.111579,4.936724,7.647581,9.912840,,5.394274,6.198288,1.661416,8.709493,8.423760,5.858680,2.300192,8.889059,8.248039
2023-03-30,7.950616,1.661842,,2.111579,4.937160,7.647981,10.018460,,5.385140,6.219965,1.666119,8.862656,8.448547,5.901150,2.313050,8.934810,8.326109
2023-03-31,8.083360,1.681202,,2.111579,4.998706,7.723825,10.192077,,5.455992,6.347471,1.700835,9.052362,8.496658,5.971621,2.362914,9.032038,8.464579
2023-04-03,8.044855,1.670416,,2.111579,4.987969,7.767377,10.092893,,5.477193,6.346687,1.686277,8.983111,8.528869,5.984913,2.352624,9.021648,8.444006
2023-04-04,7.982523,1.674638,,2.111579,4.924755,7.759833,9.979344,,5.436794,6.327472,1.685605,8.925938,8.535682,5.926979,2.354855,8.995965,8.415521
2023-04-05,7.901828,1.719788,,2.111579,4.861150,7.787345,9.783638,,5.418977,6.359877,1.648649,8.773909,8.659089,5.923920,2.332316,9.082311,8.332439
2023-04-06,7.911646,1.726174,,2.111579,4.875074,7.769753,9.786369,,5.464795,6.379292,1.678885,8.735343,8.675892,5.934400,2.357089,9.085683,8.388618
2023-04-10,7.946911,1.725119,,2.111579,4.915998,7.783207,9.871955,,5.442630,6.387271,1.669031,8.763715,8.633458,5.950127,2.343694,9.052302,8.383871
2023-04-11,7.951831,1.726871,,2.111579,4.961996,7.793319,9.842219,,5.433999,6.403720,1.647977,8.818837,8.640033,5.951928,2.327823,9.060974,8.330065
2023-04-12,7.869775,1.721307,,2.111579,4.981252,7.751322,9.729066,,5.344719,6.393101,1.646186,8.616641,8.656147,5.917076,2.304170,8.971977,8.256479
2023-04-13,7.980816,1.719934,,2.111579,4.995603,7.782085,9.868731,,5.448002,6.508899,1.691428,8.794904,8.700407,5.992676,2.363770,9.002952,8.418158
2023-04-14,7.946984,1.696183,,2.111579,5.023198,7.731942,9.821689,,5.410832,6.474145,1.714049,8.770304,8.641090,5.982046,2.361074,8.940280,8.402333
2023-04-17,7.974038,1.698616,,2.111579,5.047079,7.769825,9.846919,,5.427246,6.448967,1.731967,8.865154,8.679205,5.979621,2.352044,9.009775,8.409455
2023-04-18,7.969936,1.690124,,2.111579,5.052844,7.796543,9.849236,,5.374562,6.441170,1.711585,8.903962,8.669757,5.983498,2.343875,8.973140,8.409982
2023-04-19,7.946462,1.703446,,2.111579,5.058328,7.780088,9.763577,,5.334019,6.554818,1.686948,8.850940,8.686196,5.984631,2.331003,8.925650,8.406026
2023-04-20,7.903341,1.713316,,2.111579,5.077817,7.838572,9.708359,,5.289072,6.506206,1.647977,8.723102,8.690221,6.000091,2.303705,8.859259,8.341934
2023-04-21,7.906389,1.716319,,2.111579,5.118626,7.845118,9.671473,,5.283462,6.564611,1.661416,8.725499,8.699047,6.026558,2.313879,8.867124,8.350638
2023-04-24,7.890664,1.727806,,2.111579,5.124452,7.896665,9.621596,,5.258490,6.581539,1.663879,8.693022,8.733994,6.017829,2.313136,8.856795,8.333230
2023-04-25,7.711011,1.728938,,2.111579,5.043519,7.941932,9.301839,,5.129084,6.461073,1.607663,8.517995,8.788666,5.921883,2.280167,8.817743,8.176034
2023-04-26,7.695871,1.695936,,2.111579,4.904120,7.905980,9.363847,,5.123427,6.381750,1.613934,8.540039,8.664479,5.880904,2.285657,8.708694,8.225620
2023-04-27,7.825183,1.706914,,2.111579,4.998417,7.920316,9.487726,,5.367615,6.356662,1.663431,8.782176,8.717690,5.982612,2.373084,8.776423,8.449281
2023-04-28,7.898042,1.703217,,2.111579,5.053004,7.953542,9.563532,,5.458121,6.405518,1.702178,8.890800,8.726565,6.048048,2.380238,8.820979,8.507570
2023-05-01,7.890838,1.711360,,2.111579,5.071808,7.970314,9.568421,,5.437297,6.390789,1.682245,8.833720,8.764865,6.095056,2.365812,8.815278,8.497811
2023-05-02,7.804577,1.691021,,2.111579,5.019174,7.993771,9.468639,,5.327871,6.299110,1.618861,8.769619,8.730541,6.036488,2.350280,8.648931,8.423697
2023-05-03,7.773717,1.681527,,2.111579,5.065501,8.004493,9.404075,,5.299282,6.298990,1.599824,8.704834,8.733631,6.014733,2.342439,8.643138,8.368573
2023-05-04,7.775572,1.701620,,2.111579,5.045044,8.009671,9.434920,,5.286782,6.274784,1.608335,8.668591,8.751823,6.015344,2.336228,8.697169,8.339033
2023-05-05,7.899813,1.715339,,2.111579,5.128303,8.144786,9.596760,,5.332242,6.390192,1.679109,8.806849,8.867769,6.079208,2.379266,8.783074,8.516274
2023-05-08,7.924561,1.708929,,2.111579,5.103171,8.114931,9.689556,,5.349632,6.306155,1.691428,8.881107,8.828695,6.041583,2.389773,8.740738,8.537374
2023-05-09,7.861277,1.706456,,2.111579,5.120159,8.100206,9.612717,,5.248000,6.294648,1.476080,8.813036,8.808978,6.025061,2.385208,8.723805,8.483305
2023-05-10,7.916809,1.716264,,2.111579,5.143330,8.088914,9.752834,,5.307184,6.345739,1.419527,8.735665,8.814019,6.029589,2.418869,8.717428,8.575618
2023-05-11,7.916836,1.702503,,2.111579,5.140281,8.112380,9.679289,,5.415709,6.305700,1.437445,8.828691,8.784146,6.065654,2.450728,8.707168,8.603576
2023-05-12,7.889913,1.708966,,2.111579,5.146590,8.155095,9.675811,,5.353914,6.303756,1.381676,8.698590,8.806657,6.049445,2.444362,8.666712,8.572717
2023-05-15,7.985888,1.687686,,2.111579,5.135053,8.118754,9.896341,,5.447399,6.317896,1.394219,8.791631,8.761129,6.095144,2.443714,8.727441,8.619137
2023-05-16,7.920783,1.649055,,2.111579,5.079600,8.051342,9.828236,,5.446751,6.246403,1.361743,8.717668,8.655841,6.045470,2.458532,8.575127,8.628896
2023-05-17,8.011235,1.646978,,2.111579,5.135276,8.033994,10.022562,,5.477227,6.227212,1.376525,8.855944,8.637529,6.083419,2.487901,8.575391,8.733341
2023-05-18,8.130357,1.650421,,2.111579,5.233607,8.046414,10.288565,,5.535080,6.239174,1.372269,8.909001,8.626540,6.093325,2.521562,8.575958,8.895549
2023-05-19,8.110167,1.660006,,2.111579,5.217813,8.037051,10.281492,,5.503710,6.260755,1.364430,8.797010,8.625170,6.106229,2.524659,8.595658,8.875504
2023-05-22,8.165781,1.667777,,2.111579,5.208119,7.959287,10.375619,,5.586981,6.285169,1.411688,8.870700,8.569555,6.095269,2.537100,8.630047,8.905307
2023-05-23,8.045280,1.669834,,2.111579,5.139444,7.888591,10.211663,,5.497065,6.204109,1.388619,8.687261,8.530177,6.018498,2.508586,8.580937,8.792422
2023-05-24,7.984125,1.656258,,2.111579,5.103252,7.858386,10.111471,,5.461558,6.183033,1.384140,8.615049,8.456376,5.950782,2.498346,8.492844,8.747320
2023-05-25,8.035643,1.628553,,2.111579,5.154888,7.690175,10.408491,,5.439778,6.060762,1.329715,8.572048,8.367285,5.980706,2.526101,8.344127,8.960168
2023-05-26,8.250122,1.631685,,2.111579,5.184595,7.784225,10.854399,,5.578637,6.093607,1.348752,8.812069,8.378615,6.118875,2.586783,8.418704,9.189104
2023-05-30,8.240544,1.627078,,2.111579,5.205746,7.676110,10.884853,,5.577977,6.077092,1.389739,8.722961,8.309380,6.094192,2.598391,8.399916,9.230777
2023-05-31,8.214111,1.645682,,2.111579,5.135477,7.706934,10.817726,,5.562395,6.109090,1.388395,8.682608,8.391498,6.036142,2.595501,8.441639,9.178290
2023-06-01,8.274577,1.651306,,2.111579,5.194221,7.690267,10.871688,,5.708526,6.151037,1.412136,8.703451,8.399694,6.130445,2.626367,8.438128,9.284318
2023-06-02,8.359962,1.651812,,2.111579,5.287849,7.767010,10.926929,,5.699595,6.242153,1.432518,8.953481,8.426749,6.168357,2.649179,8.569599,9.353949
2023-06-05,8.366056,1.662707,,2.111579,5.286037,7.741859,10.891474,,5.729247,6.284823,1.444836,8.983985,8.443433,6.178237,2.663087,8.546867,9.360543
2023-06-06,8.396075,1.664700,,2.111579,5.254720,7.682373,10.963426,,5.786318,6.228700,1.456258,9.094926,8.342975,6.166347,2.666287,8.575978,9.358960
2023-06-07,8.303285,1.687330,,2.111579,5.274328,7.612189,10.791770,,5.743526,6.160935,1.434309,8.936664,8.283828,6.134539,2.615869,8.602023,9.200182
2023-06-08,8.376835,1.691439,,2.111579,5.302331,7.683622,10.892109,,5.780277,6.230769,1.438789,9.038998,8.362792,6.260852,2.646466,8.648904,9.314386
2023-06-09,8.377984,1.685905,,2.111579,5.265746,7.650241,10.902178,,5.817327,6.220820,1.421991,9.062329,8.346814,6.278789,2.657109,8.633643,9.349993
2023-06-12,8.504430,1.687043,,2.111579,5.296264,7.674180,11.170399,,5.857767,6.292834,1.427366,9.191318,8.355360,6.336903,2.696052,8.719813,9.507980
2023-06-13,8.593005,1.682388,,2.111579,5.340153,7.709534,11.315866,,5.942039,6.348707,1.423559,9.284768,8.401799,6.414057,2.709680,8.808552,9.581039
2023-06-14,8.617857,1.682707,,2.111579,5.356896,7.760986,11.350319,,5.987684,6.337594,1.424455,9.299506,8.405203,6.437037,2.718118,8.829432,9.650669
2023-06-15,8.723697,1.709930,,2.111579,5.439188,7.802871,11.443466,,6.064651,6.478063,1.474848,9.426269,8.529992,6.496004,2.754971,8.949240,9.765665
2023-06-16,8.672254,1.709000,,2.111579,5.423545,7.788380,11.345738,,6.009170,6.461456,1.487838,9.377607,8.525621,6.457136,2.740592,8.970963,9.704211
2023-06-20,8.595754,1.692344,,2.111579,5.391992,7.752404,11.236180,,5.947205,6.395323,1.542935,9.275010,8.479734,6.398438,2.748514,8.846239,9.690319
2023-06-21,8.497897,1.690067,,2.111579,5.447091,7.779394,10.990551,,5.865026,6.355207,1.527257,9.206350,8.478760,6.382337,2.708578,8.757382,9.558262
2023-06-22,8.537715,1.678343,,2.111579,5.445755,7.850589,11.055103,,5.908119,6.391851,1.535768,9.226618,8.533082,6.366945,2.756385,8.749147,9.671038
2023-06-23,8.434260,1.664276,,2.111579,5.411180,7.788720,10.898530,,5.893928,6.327775,1.499261,9.028282,8.446035,6.280587,2.736032,8.650255,9.575165
2023-06-26,8.416714,1.679361,,2.111579,5.457490,7.739816,10.901380,,5.875224,6.280014,1.488062,8.939465,8.431060,6.232375,2.677582,8.698412,9.446806
2023-06-27,8.563960,1.678459,,2.111579,5.550593,7.811747,11.174165,,6.008768,6.225726,1.483359,9.170007,8.473315,6.300530,2.717519,8.757108,9.609236
2023-06-28,8.571775,1.652352,,2.111579,5.568081,7.734488,11.165758,,6.063074,6.258826,1.478880,9.211271,8.410426,6.308880,2.731484,8.676170,9.627988
2023-06-29,8.570792,1.662655,,2.111579,5.625756,7.716678,11.151500,,6.037966,6.267699,1.475072,9.196939,8.435866,6.302043,2.723310,8.694031,9.608708
2023-06-30,8.673307,1.682955,,2.111579,5.663280,7.781575,11.298214,,6.115136,6.337371,1.494557,9.319711,8.520569,6.405481,2.760869,8.806283,9.756875
2023-07-03,8.700695,1.697465,,2.076228,5.628098,7.836124,11.330951,1.002088,6.165498,6.254378,1.525241,9.486293,8.450243,6.402135,2.773792,8.861674,9.779853
2023-07-05,8.673747,1.712257,,2.102564,5.610648,7.833999,11.209235,0.996010,6.190430,6.270897,1.542039,9.492844,8.478768,6.424066,2.795095,8.846407,9.779589
2023-07-06,8.556718,1.700081,,2.088803,5.572046,7.815001,11.069712,0.983878,6.129758,6.174939,1.481343,9.237308,8.432295,6.325573,2.772930,8.754945,9.705109
2023-07-07,8.555132,1.689874,,2.058909,5.556797,7.713105,11.073608,1.027617,6.114746,6.125084,1.495901,9.335579,8.332106,6.281801,2.755010,8.723841,9.672887
2023-07-10,8.704572,1.698951,,2.090701,5.655547,7.734317,11.341633,1.036037,6.144516,6.269999,1.551670,9.454255,8.422828,6.378444,2.735207,8.825478,9.676056
2023-07-11,8.760954,1.721613,,2.095683,5.689102,7.727334,11.368355,1.060291,6.229500,6.276688,1.581682,9.611772,8.405898,6.391344,2.751695,8.936118,9.723861
2023-07-12,8.819119,1.743549,,2.100666,5.677068,7.762363,11.433524,1.075840,6.294316,6.375335,1.581010,9.632533,8.447209,6.451158,2.788066,8.990208,9.846674
2023-07-13,8.928155,1.745201,,2.104225,5.659841,7.814088,11.656861,1.079203,6.389665,6.411005,1.621325,9.767037,8.498927,6.518555,2.848514,9.015411,10.013857
2023-07-14,8.898991,1.741603,,2.118460,5.690528,7.864660,11.602325,1.059554,6.288377,6.419294,1.614830,9.724200,8.517446,6.545077,2.859176,8.955882,10.011745
2023-07-17,8.998583,1.728657,,2.149778,5.727442,7.853132,11.847722,1.063439,6.311933,6.440162,1.645962,9.837085,8.517027,6.637951,2.873043,8.973829,10.105241
2023-07-18,9.037498,1.714315,,2.164488,5.753550,7.831777,11.905791,1.082533,6.450165,6.437821,1.665671,9.838816,8.497682,6.693224,2.886602,9.030982,10.187908
2023-07-19,9.047008,1.720023,,2.173503,5.747172,7.921159,11.878186,1.085356,6.504514,6.413065,1.662312,9.887491,8.562754,6.658959,2.885517,9.087989,10.185531
2023-07-20,8.945540,1.750248,,2.140525,5.771399,7.997582,11.491852,1.081406,6.707639,6.395666,1.635435,9.709513,8.634121,6.503046,2.810237,9.129288,9.950734
2023-07-21,8.982050,1.764562,,2.151439,5.745965,8.016774,11.580904,1.098129,6.597372,6.453834,1.634763,9.768420,8.671678,6.510661,2.802648,9.194912,9.920890
2023-07-24,8.962332,1.764702,,2.149066,5.743398,8.031990,11.564012,1.116962,6.499589,6.358680,1.650441,9.848994,8.685094,6.475780,2.822865,9.191814,9.936736
2023-07-25,9.004866,1.769975,,2.178011,5.773761,8.045953,11.716415,1.121551,6.410162,6.360335,1.634091,9.856184,8.707630,6.497013,2.834233,9.199783,10.004085
2023-07-26,8.984093,1.771977,,2.001967,5.795195,8.040303,11.637563,1.114224,6.451741,6.338603,1.644618,9.906690,8.700229,6.431617,2.852911,9.175750,9.970807
2023-07-27,8.954011,1.723795,,1.901845,5.693541,8.015000,11.720516,1.098124,6.477205,6.355485,1.613262,9.704154,8.566920,6.370467,2.842202,9.090461,9.947037
2023-07-28,9.101626,1.723516,,1.937908,5.742604,8.096161,11.888380,1.115070,6.635886,6.424708,1.656936,10.033107,8.659888,6.466121,2.911407,9.143608,10.128218
2023-07-31,9.125082,1.724738,,1.992240,5.711175,8.064295,11.967629,1.127325,6.659026,6.382132,1.698147,10.068320,8.617190,6.462777,2.912706,9.112682,10.133501
2023-08-01,9.091069,1.716372,,1.972073,5.703033,8.042312,11.989143,1.129153,6.635054,6.306241,1.691652,9.941194,8.610284,6.466876,2.896948,9.095597,10.109995
2023-08-02,8.900705,1.715945,,1.949771,5.678429,8.071542,11.538849,1.121677,6.546175,6.256650,1.639467,9.705237,8.609410,6.292857,2.838573,9.058532,9.888139
2023-08-03,8.903782,1.707320,,1.919877,5.651928,8.033924,11.555158,1.129286,6.575086,6.217319,1.437445,9.870167,8.572290,6.363643,2.840016,8.988003,9.872293
2023-08-04,8.847928,1.702646,,1.931502,5.569329,7.905882,11.430721,1.127835,6.590066,6.228504,1.405417,9.877621,8.507176,6.326342,2.836358,9.024358,9.826073
2023-08-07,8.919167,1.696074,,1.934824,5.627205,8.002737,11.502506,1.132222,6.707187,6.251596,1.442820,9.978424,8.633946,6.432367,2.864895,9.080479,9.909269
2023-08-08,8.832834,1.700407,,1.942653,5.588107,7.894994,11.307581,1.135501,6.689147,6.197947,1.415272,9.965884,8.580097,6.273274,2.842390,9.095587,9.825016
2023-08-09,8.791005,1.707610,,1.927706,5.586858,7.928373,11.199487,1.150748,6.635693,6.213031,1.389067,9.890402,8.605080,6.168629,2.806955,9.098110,9.716994
2023-08-10,8.809089,1.710049,,1.915369,5.577732,7.930973,11.236746,1.135527,6.659153,6.194434,1.406313,9.965982,8.617541,6.207440,2.814664,9.115650,9.734954
2023-08-11,8.751645,1.719597,,1.917978,5.611445,7.949527,11.093713,1.137786,6.602461,6.203508,1.378317,9.844990,8.657551,6.102497,2.802706,9.148192,9.672887
2023-08-14,8.823729,1.711427,,1.929130,5.643254,7.923533,11.298076,1.132644,6.640195,6.212486,1.417064,9.852396,8.656584,6.215987,2.826876,9.131501,9.781438
2023-08-15,8.713853,1.690255,,1.894965,5.585603,7.840215,11.126034,1.123300,6.605038,6.182597,1.331955,9.695654,8.604570,6.171801,2.790456,9.043705,9.677641
2023-08-16,8.626432,1.690804,,1.883102,5.565107,7.841350,10.973795,1.119194,6.518125,6.107993,1.336658,9.595617,8.597409,6.061012,2.760212,8.982808,9.575165
2023-08-17,8.531541,1.687201,,1.847751,5.504604,7.743990,10.857815,1.119841,6.431094,6.057109,1.312469,9.445948,8.513818,5.914979,2.728390,8.961250,9.470576
2023-08-18,8.535936,1.688957,,1.857478,5.539254,7.752112,10.911937,1.128115,6.386368,6.012582,1.330835,9.396882,8.522892,5.906708,2.707400,8.978509,9.458691
2023-08-21,8.635821,1.687381,,1.862935,5.555960,7.718657,11.161613,1.126318,6.395607,6.077848,1.332851,9.484933,8.508173,6.035631,2.750940,8.974598,9.611085
2023-08-22,8.616833,1.690987,,1.876221,5.552238,7.670821,11.096568,1.127837,6.361534,6.106453,1.365774,9.482880,8.457457,6.033424,2.750892,8.966778,9.597351
2023-08-23,8.723976,1.703521,,1.905641,5.631138,7.746070,11.295166,1.132021,6.433160,6.134711,1.383244,9.565581,8.535546,6.133764,2.799572,9.032524,9.748688
2023-08-24,8.528089,1.688759,,1.887610,5.546430,7.548053,10.969040,1.131367,6.305863,6.027607,1.359727,9.346500,8.459063,5.961170,2.736760,8.944715,9.540302
2023-08-25,8.606710,1.693830,,1.902794,5.603674,7.582920,11.110940,1.135986,6.313851,6.066141,1.370478,9.453876,8.501606,6.048437,2.766887,9.013067,9.614254
2023-08-28,8.669767,1.692596,,1.940043,5.634620,7.624433,11.181820,1.150068,6.424244,6.089593,1.381228,9.540242,8.549913,6.091882,2.784289,9.046323,9.686621
2023-08-29,8.834884,1.698936,,1.954279,5.658719,7.646687,11.419739,1.153611,6.595542,6.187090,1.399818,9.878494,8.611261,6.272148,2.852380,9.083697,9.898176
2023-08-30,8.885672,1.695909,,1.959736,5.684802,7.646825,11.497141,1.153270,6.661738,6.222859,1.420423,9.941148,8.607638,6.353291,2.863745,9.069562,9.953375
2023-08-31,8.891564,1.676834,,1.945263,5.654478,7.602339,11.617499,1.157301,6.624349,6.160556,1.400042,9.941233,8.546704,6.361248,2.881019,9.040950,9.983220
2023-09-01,8.919428,1.678818,,1.959024,5.692877,7.484229,11.686556,1.178194,6.521688,6.176839,1.423783,10.065908,8.506347,6.400652,2.863276,9.034420,9.972656
2023-09-05,8.883877,1.653867,,1.971124,5.600753,7.425789,11.723417,1.180565,6.471367,6.065196,1.427590,10.091620,8.431107,6.406450,2.882446,8.933936,9.985333
2023-09-06,8.860920,1.667476,,1.968989,5.610194,7.456629,11.669172,1.190265,6.453563,6.050199,1.406537,10.022393,8.418763,6.425394,2.856336,8.947418,9.897383
2023-09-07,8.800592,1.689492,,1.983936,5.607727,7.481899,11.548136,1.185256,6.425016,5.983088,1.380780,9.922390,8.456447,6.350733,2.856159,8.984430,9.826601
2023-09-08,8.798478,1.695677,,1.959024,5.599211,7.484085,11.527576,1.185712,6.475162,5.969144,1.365774,9.937259,8.482130,6.329154,2.863116,9.068877,9.840335
2023-09-11,8.867314,1.703907,,1.955228,5.636495,7.572990,11.617231,1.169158,6.560096,5.998427,1.387051,10.036573,8.549916,6.389744,2.929071,9.121783,9.956281
2023-09-12,8.797794,1.696442,,1.939806,5.655562,7.524278,11.463693,1.189255,6.503662,5.942914,1.406761,9.985588,8.534700,6.311373,2.883177,9.114550,9.845881
2023-09-13,8.795128,1.720462,,1.922724,5.646966,7.516157,11.480521,1.173493,6.484335,5.928310,1.407433,9.966478,8.543449,6.280575,2.913009,9.133199,9.883385
2023-09-14,8.879432,1.755318,,1.913708,5.705142,7.600076,11.555008,1.188639,6.581414,5.990145,1.443268,10.053041,8.652021,6.282350,2.939545,9.282216,9.964204
2023-09-15,8.734445,1.735094,,1.877170,5.668374,7.523341,11.251467,1.172047,6.473413,5.920781,1.438117,9.996715,8.575362,6.152428,2.887683,9.179582,9.793587
2023-09-18,8.728008,1.737803,,1.891406,5.694706,7.529485,11.295254,1.178828,6.502317,5.850944,1.409673,9.889543,8.596441,6.160978,2.890846,9.199046,9.803796
2023-09-19,8.700886,1.735671,,1.899473,5.679975,7.531023,11.241910,1.171020,6.523277,5.872809,1.392875,9.779272,8.594728,6.113077,2.894693,9.195639,9.782901
2023-09-20,8.625104,1.744317,,1.924859,5.672899,7.540807,11.098451,1.155450,6.420385,5.829393,1.363087,9.702192,8.632260,5.986406,2.846488,9.225539,9.641925
2023-09-21,8.465818,1.732305,,1.856055,5.583910,7.417184,10.880137,1.137727,6.360014,5.714895,1.312917,9.470657,8.503488,5.851485,2.784411,9.150799,9.465242
2023-09-22,8.470794,1.729987,,1.852021,5.597337,7.387715,10.937806,1.140275,6.309214,5.700374,1.296343,9.463542,8.482765,5.906317,2.774928,9.131046,9.466564
2023-09-25,8.489303,1.733790,,1.853445,5.636056,7.357378,10.970151,1.156166,6.289295,5.711732,1.318292,9.478342,8.463496,5.943766,2.787676,9.139704,9.511529
2023-09-26,8.387829,1.681264,,1.810264,5.524422,7.356648,10.804474,1.154697,6.200752,5.715725,1.319860,9.365883,8.370977,5.864814,2.740462,9.039271,9.368701
2023-09-27,8.436795,1.679906,,1.811450,5.536938,7.287268,10.903719,1.179157,6.281262,5.771899,1.284249,9.373261,8.318641,5.912753,2.740417,9.025683,9.390654
2023-09-28,8.513704,1.655441,,1.822364,5.578934,7.300748,11.017525,1.184349,6.416865,5.818435,1.303062,9.470327,8.330840,5.943461,2.764697,8.996065,9.469209
2023-09-29,8.516577,1.659145,,1.824262,5.539166,7.286118,11.063441,1.155279,6.368760,5.800621,1.309334,9.531758,8.296105,5.940918,2.766094,8.969639,9.476086
2023-10-02,8.498590,1.595138,,1.802435,5.531451,7.228061,11.115010,1.125395,6.365768,5.766820,1.311573,9.523573,8.246106,5.982135,2.810927,8.797502,9.555170
2023-10-03,8.349834,1.611794,,1.783217,5.484845,7.144177,10.861160,1.127491,6.275961,5.676864,1.283353,9.271715,8.165322,5.859824,2.759387,8.791347,9.387480
2023-10-04,8.451732,1.628946,,1.813349,5.566734,7.249885,11.007800,1.084697,6.349023,5.741982,1.311797,9.397132,8.243360,5.925080,2.815476,8.863390,9.515232
2023-10-05,8.391948,1.623574,,1.885949,5.540668,7.030618,10.955362,1.086681,6.298152,5.715958,1.287384,9.306854,8.072315,5.905425,2.795811,8.784021,9.487195
2023-10-06,8.536134,1.650606,,1.913233,5.645465,6.958193,11.238870,1.115748,6.386073,5.777784,1.293880,9.444368,8.104663,6.019632,2.832384,8.904149,9.646157
2023-10-09,8.576098,1.672418,,1.935298,5.706325,6.964592,11.283865,1.152775,6.477190,5.748978,1.298135,9.451772,8.178126,6.035247,2.846680,9.013791,9.695353
2023-10-10,8.665660,1.690974,,1.945500,5.721563,7.052127,11.407594,1.154100,6.497397,5.814255,1.292760,9.630004,8.227477,6.073615,2.862086,9.042555,9.749046
2023-10-11,8.680113,1.718338,,1.942416,5.749475,6.975471,11.458106,1.163214,6.569653,5.762575,1.300599,9.605110,8.232232,6.071639,2.895874,9.149849,9.818608
2023-10-12,8.587497,1.703419,,1.902320,5.767128,6.780467,11.413650,1.173899,6.474792,5.641875,1.262188,9.439870,8.091687,6.057386,2.879577,9.060526,9.784488
2023-10-13,8.522272,1.708169,,1.905167,5.717385,6.839951,11.227497,1.190469,6.473694,5.645829,1.248637,9.334788,8.130350,5.937106,2.843691,9.101934,9.661498
2023-10-16,8.638842,1.736511,,1.936484,5.760221,6.930740,11.377582,1.198936,6.576650,5.686067,1.276634,9.541769,8.223337,6.001296,2.875977,9.202578,9.770734
2023-10-17,8.635949,1.733921,,1.893304,5.758413,7.021914,11.364388,1.210232,6.558460,5.692461,1.280217,9.499570,8.221892,5.983607,2.881187,9.207193,9.738730
2023-10-18,8.502861,1.724126,,1.842531,5.642494,7.036726,11.196330,1.217309,6.435568,5.607874,1.249757,9.253469,8.185745,5.858925,2.844901,9.161440,9.610979
2023-10-19,8.399463,1.709669,,1.754272,5.580615,6.997681,11.045317,1.211342,6.474537,5.540333,1.227584,9.034876,8.093649,5.824460,2.806563,9.089537,9.521051
2023-10-20,8.274354,1.683406,,1.751899,5.540331,6.941481,10.807396,1.189996,6.404134,5.496577,1.195780,8.909383,8.071593,5.763234,2.753703,8.974341,9.379016
2023-10-23,8.256373,1.673444,,1.737901,5.508182,6.914387,10.763558,1.182947,6.432441,5.467920,1.197124,8.963856,8.006603,5.832035,2.767787,8.913449,9.407317
2023-10-24,8.336276,1.701867,,1.759729,5.541937,6.983175,10.885870,1.172335,6.481657,5.500640,1.214818,9.070106,8.122906,5.900126,2.790517,9.024810,9.498833
2023-10-25,8.132370,1.701398,,1.682383,5.470255,6.997335,10.496707,1.169614,6.247124,5.385751,1.153226,8.915547,8.093898,5.718983,2.699332,8.977021,9.266341
2023-10-26,8.041602,1.710113,,1.681197,5.441104,6.998223,10.422035,1.176292,6.087463,5.201472,1.159049,8.834060,8.111442,5.617526,2.639650,8.964723,9.089658
2023-10-27,8.007039,1.679710,,1.674554,5.415459,6.959540,10.430591,1.166692,5.991630,5.143387,1.128589,8.857992,8.059327,5.646891,2.662367,8.817147,9.133300
2023-10-30,8.038593,1.694244,,1.679536,5.476110,7.053653,10.375014,1.163301,6.134054,5.150362,1.143371,8.930607,8.135406,5.721090,2.704779,8.847908,9.236189
2023-10-31,8.104116,1.703781,,1.741697,5.508816,7.083976,10.473415,1.161256,6.199523,5.211332,1.160169,8.951694,8.169503,5.737433,2.711796,8.860167,9.280359
2023-11-01,8.186753,1.731942,,1.747866,5.534400,7.153819,10.570768,1.165045,6.329565,5.279487,1.157033,9.013417,8.265701,5.910436,2.768474,8.952258,9.441437
2023-11-02,8.355538,1.772996,,1.756170,5.630143,7.281988,10.781596,1.190243,6.468522,5.376829,1.233183,9.226874,8.404749,6.006408,2.809673,9.177098,9.612831
2023-11-03,8.502306,1.773412,,1.835888,5.688791,7.383927,10.941240,1.184064,6.629704,5.500056,1.256476,9.477345,8.437767,6.095522,2.830518,9.209240,9.725770
2023-11-06,8.465370,1.790490,,1.827584,5.670066,7.385474,10.892247,1.172700,6.576569,5.454117,1.223329,9.454195,8.401201,6.135669,2.850278,9.166222,9.765445
2023-11-07,8.541573,1.762262,,1.849174,5.701730,7.399033,11.111394,1.149633,6.589820,5.447532,1.223553,9.555614,8.373265,6.188030,2.885298,9.122983,9.857754
2023-11-08,8.489775,1.755869,,1.832566,5.698687,7.385387,11.123568,1.137387,6.450431,5.360817,1.233631,9.438448,8.328387,6.215097,2.890880,9.067512,9.864101
2023-11-09,8.408688,1.747337,,1.841345,5.677992,7.335016,11.041540,1.138999,6.426923,5.235940,1.215714,9.300038,8.254577,6.205194,2.855149,8.962402,9.788191
2023-11-10,8.574223,1.759677,,1.889745,5.792468,7.376916,11.392035,1.153848,6.548913,5.257766,1.226688,9.432524,8.309069,6.417927,2.916812,9.071527,10.008252
2023-11-13,8.555933,1.730383,,1.863172,5.775640,7.396961,11.340043,1.157751,6.514301,5.263693,1.218177,9.487799,8.286629,6.392230,2.919335,8.998222,9.977041
2023-11-14,8.809228,1.789237,,1.963057,5.906724,7.509902,11.762318,1.165200,6.649607,5.390792,1.269467,9.779434,8.403943,6.546218,2.978276,9.178264,10.191812
2023-11-15,8.838690,1.767482,,1.951669,5.877947,7.526754,11.787516,1.164528,6.745633,5.410179,1.304630,9.860632,8.400236,6.503978,2.978979,9.196700,10.199482
2023-11-16,8.807862,1.774621,,1.951194,5.900860,7.459224,11.741208,1.128377,6.747846,5.413513,1.272602,9.791544,8.336331,6.488695,2.981410,9.186147,10.208210
2023-11-17,8.841750,1.767772,,1.962820,5.923266,7.450489,11.806368,1.149858,6.742666,5.433818,1.266331,9.844922,8.322577,6.492958,2.973500,9.218042,10.210591
2023-11-20,8.951060,1.766599,,1.969226,5.966114,7.471832,12.006516,1.152587,6.812009,5.525762,1.276410,9.954499,8.347084,6.591260,3.000932,9.241399,10.334904
2023-11-21,8.902024,1.769739,,1.976106,5.969078,7.507061,11.890872,1.149355,6.735123,5.501127,1.240798,9.937387,8.337352,6.532309,3.002489,9.205210,10.274863
2023-11-22,8.933057,1.776396,,1.989393,5.985064,7.569816,11.891646,1.140317,6.783827,5.538833,1.261852,9.990705,8.404292,6.546988,3.024223,9.246591,10.316918
2023-11-24,8.957976,1.784446,,2.011457,5.997210,7.607436,11.923806,1.147318,6.780973,5.565175,1.248861,10.010302,8.433245,6.539114,3.014023,9.269819,10.302371
2023-11-27,8.928776,1.788054,,1.999357,5.976807,7.583343,11.898665,1.146410,6.723448,5.506110,1.262972,10.022462,8.405717,6.523312,3.013244,9.248166,10.293378
2023-11-28,8.944675,1.796578,,1.983461,5.933614,7.589446,11.927019,1.143767,6.719073,5.466772,1.309558,10.158691,8.410310,6.482381,3.038953,9.274488,10.320356
2023-11-29,8.992223,1.763761,,1.991528,5.901754,7.570196,12.123917,1.134907,6.677865,5.534712,1.298359,10.120150,8.364237,6.464295,3.004666,9.263807,10.310306
2023-11-30,9.000949,1.774832,,1.970175,5.954827,7.643013,12.093321,1.144173,6.623342,5.557612,1.290296,10.150840,8.440983,6.425041,2.988385,9.334667,10.284385
2023-12-01,9.101172,1.785767,,2.023320,6.050132,7.705890,12.176697,1.144333,6.709353,5.650524,1.335986,10.300705,8.508887,6.419635,2.985527,9.422532,10.313744
2023-12-04,9.053268,1.777399,,2.022134,6.030344,7.748687,12.054532,1.142135,6.617759,5.704954,1.340466,10.205542,8.522651,6.293724,2.951969,9.439468,10.217997
2023-12-05,8.991231,1.764753,,1.996510,5.991422,7.715544,12.026323,1.112290,6.510552,5.654813,1.297239,10.129745,8.484157,6.286316,2.975144,9.394842,10.243653
2023-12-06,8.976279,1.766636,,1.987969,5.953365,7.728487,11.943734,1.082758,6.488411,5.697943,1.333298,10.195076,8.553111,6.201533,2.958404,9.428897,10.184406
2023-12-07,9.069365,1.753744,,1.959261,5.966132,7.760712,12.145922,1.084652,6.648808,5.721243,1.309782,10.271516,8.542755,6.342262,3.020165,9.446949,10.326704
2023-12-08,9.083265,1.747372,,1.954753,5.921423,7.695661,12.189669,1.097558,6.675633,5.713561,1.320084,10.344011,8.481668,6.376270,3.022463,9.426486,10.372727
2023-12-11,9.250620,1.779483,,1.993189,6.056612,7.829848,12.492626,1.105142,6.743063,5.804438,1.322324,10.446054,8.611860,6.568490,3.010991,9.560818,10.461333
2023-12-12,9.285263,1.766697,,2.013830,6.094240,7.877327,12.583789,1.095439,6.779712,5.831527,1.318964,10.391034,8.650599,6.712267,3.027855,9.544944,10.544649
2023-12-13,9.468875,1.827032,,2.042063,6.143615,8.014530,12.800683,1.106378,6.911431,6.060796,1.382572,10.516549,8.795411,6.732403,3.047822,9.761150,10.678748
2023-12-14,9.549081,1.782447,,2.093785,6.103700,7.850549,12.980473,1.137060,6.973117,6.175347,1.385708,10.649662,8.567679,6.674954,3.017291,9.700650,10.669491
2023-12-15,9.549753,1.753321,,2.077652,6.119294,7.870178,13.085039,1.136515,6.920343,6.094019,1.372045,10.645076,8.466668,6.721209,3.044326,9.585657,10.721067
2023-12-18,9.571253,1.745544,,2.093785,6.142238,7.946594,13.058087,1.154160,6.973281,6.114904,1.376749,10.688019,8.498848,6.782899,3.095081,9.578901,10.788596
2023-12-19,9.654914,1.763531,,2.088328,6.157905,7.965858,13.152549,1.159796,7.071249,6.208239,1.411240,10.791687,8.511927,6.813286,3.111637,9.619938,10.843720
2023-12-20,9.476065,1.726728,,2.052265,6.118357,7.844639,12.882476,1.154245,6.976134,6.099763,1.382796,10.497240,8.393507,6.675116,3.080646,9.483678,10.682586
2023-12-21,9.623955,1.734793,,2.065789,6.218800,7.913890,13.113878,1.156007,7.043254,6.242203,1.389963,10.659813,8.506600,6.782171,3.115515,9.527819,10.806882
2023-12-22,9.641749,1.731796,,2.075279,6.256902,7.996660,13.127578,1.157846,7.029300,6.291151,1.385036,10.610469,8.558260,6.727988,3.118804,9.590739,10.823049
2023-12-26,9.721539,1.746731,,2.076703,6.297558,8.074681,13.277629,1.178706,7.080049,6.334701,1.401162,10.620643,8.605988,6.768495,3.127888,9.655883,10.889305
2023-12-27,9.732197,1.743788,,2.077889,6.292851,8.127944,13.265265,1.170419,7.080885,6.389383,1.403849,10.624080,8.627212,6.773661,3.133647,9.659908,10.911472
2023-12-28,9.731728,1.753339,,2.088091,6.280063,8.149831,13.243382,1.155282,7.108178,6.393877,1.412808,10.626095,8.657569,6.781389,3.123250,9.685699,10.906169
2023-12-29,9.688883,1.752675,,2.073381,6.274898,8.158807,13.151639,1.154014,7.052767,6.368154,1.375405,10.620191,8.688443,6.760417,3.107655,9.683721,10.858970
2024-01-02,9.570657,1.775100,,2.027591,6.193929,8.247441,12.746285,1.156975,7.027612,6.465611,1.376525,10.464132,8.745551,6.592565,3.043274,9.831294,10.675212
2024-01-03,9.438494,1.775717,,1.963769,6.090531,8.128781,12.535335,1.168447,6.988666,6.365742,1.313141,10.335504,8.671593,6.536918,3.013102,9.834263,10.562252
2024-01-04,9.405115,1.772977,,1.931739,6.097223,8.116169,12.462042,1.141040,6.943885,6.405168,1.309110,10.282735,8.674639,6.529680,2.991141,9.784114,10.507894
2024-01-05,9.408748,1.783541,,1.929841,6.053281,8.097858,12.488094,1.144433,6.945548,6.412266,1.346513,10.252802,8.639592,6.547750,2.999819,9.792791,10.520356
2024-01-08,9.577698,1.792522,,1.966853,6.111289,8.141823,12.844079,1.126957,7.056438,6.524325,1.382796,10.361083,8.659113,6.746829,3.071415,9.896368,10.737790
2024-01-09,9.568665,1.783201,,1.986308,6.101293,8.173568,12.879047,1.101861,7.005036,6.539891,1.367342,10.283879,8.666443,6.847131,3.089345,9.862047,10.759003
2024-01-10,9.586768,1.770898,,1.962345,6.122925,8.143305,12.929259,1.090016,7.033545,6.574692,1.365326,10.277826,8.641279,6.960433,3.120823,9.783976,10.831923
2024-01-11,9.580914,1.730847,,1.948110,6.117214,8.105698,12.993337,1.089077,6.995395,6.567378,1.374061,10.244144,8.602514,7.010835,3.116617,9.712311,10.854462
2024-01-12,9.570402,1.737240,,1.978716,6.129426,8.150211,13.000830,1.104004,7.006274,6.537713,1.366222,10.106176,8.646237,7.045226,3.115183,9.755294,10.860031
2024-01-16,9.532868,1.723002,,1.939806,6.105590,8.114554,13.058520,1.079502,6.956483,6.455288,1.309110,10.025003,8.608775,7.077555,3.130443,9.698950,10.858970
2024-01-17,9.458834,1.709650,,1.938145,6.081188,8.104563,12.935194,1.076686,6.917554,6.392074,1.341361,9.906542,8.615224,7.014884,3.118193,9.657273,10.797717
2024-01-18,9.566636,1.692888,,1.941467,6.179421,8.065178,13.182847,1.077941,7.005333,6.443149,1.390635,9.956690,8.617286,7.098300,3.150857,9.652700,10.950982
2024-01-19,9.719957,1.697407,,1.953330,6.242324,8.053871,13.541278,1.079724,7.092519,6.482420,1.474176,10.091471,8.643510,7.306648,3.218182,9.725245,11.168150
2024-01-22,9.765498,1.699134,,1.976106,6.316913,8.012870,13.675688,1.087793,7.104784,6.488509,1.427590,10.088394,8.626777,7.374485,3.194724,9.632419,11.182734
2024-01-23,9.820368,1.709705,,1.989630,6.344916,8.051415,13.752176,1.095767,7.155954,6.492131,1.450883,10.181022,8.677828,7.385425,3.203906,9.703326,11.229138
2024-01-24,9.796252,1.677455,,1.987257,6.288372,7.975337,13.805485,1.076133,7.231198,6.411932,1.411464,10.154743,8.594517,7.460742,3.240520,9.610137,11.291451
2024-01-25,9.818586,1.716055,,2.007424,6.336334,8.029093,13.765272,1.091748,7.326701,6.466575,1.359727,10.078029,8.641431,7.433503,3.229602,9.727915,11.305240
2024-01-26,9.777197,1.722239,,2.018812,6.311646,8.082874,13.555775,1.094712,7.375370,6.436017,1.383692,10.150892,8.677314,7.389027,3.224939,9.705183,11.237888
2024-01-29,9.897848,1.729704,,2.047283,6.346329,8.122300,13.758593,1.081257,7.401067,6.534534,1.428038,10.356591,8.719536,7.448324,3.269852,9.728660,11.352969
2024-01-30,9.834002,1.730927,,2.022371,6.389611,8.119389,13.627263,1.076590,7.297388,6.496945,1.426246,10.284071,8.759520,7.399036,3.241659,9.725311,11.277398
2024-01-31,9.687755,1.727532,,1.980614,6.309082,8.053925,13.413831,1.050237,7.131334,6.443254,1.374061,10.089673,8.680461,7.275708,3.139247,9.620656,11.056517
2024-02-01,9.797385,1.767796,,2.007187,6.388949,8.215243,13.511259,1.049148,7.247537,6.512849,1.389067,10.214773,8.795281,7.371183,3.182513,9.710402,11.186712
2024-02-02,9.808537,1.751123,,1.991528,6.460573,8.222387,13.574472,1.047157,7.228524,6.446590,1.398026,10.243332,8.768347,7.632469,3.298489,9.643063,11.375773
2024-02-05,9.769616,1.713072,,1.939806,6.448843,8.147231,13.573509,1.041634,7.152927,6.462072,1.378317,10.170627,8.684632,7.586315,3.269951,9.539964,11.360924
2024-02-06,9.817086,1.731996,,1.990104,6.497208,8.181959,13.497753,1.060553,7.088471,6.599777,1.426918,10.348968,8.693544,7.531266,3.252211,9.586436,11.338120
2024-02-07,9.883115,1.739389,,2.019761,6.535895,8.187542,13.759185,1.053798,7.060850,6.531626,1.416392,10.374174,8.700928,7.756554,3.297709,9.532673,11.454792
2024-02-08,9.904460,1.723427,,1.940043,6.533355,8.233516,13.894451,1.064479,7.026978,6.500909,1.257148,10.433481,8.703949,7.806703,3.299290,9.531495,11.476005
2024-02-09,9.966620,1.734703,,1.972310,6.552613,8.107659,14.154836,1.053725,7.076266,6.408659,1.319412,10.464593,8.654037,7.978802,3.345922,9.550848,11.588965
2024-02-12,9.989241,1.740839,,1.966379,6.526666,8.183752,14.096045,1.115039,7.130399,6.427937,1.345841,10.525918,8.688433,7.921740,3.309433,9.690431,11.543622
2024-02-13,9.795357,1.737985,,1.936959,6.440465,8.092276,13.799158,1.104502,6.981577,6.286758,1.304854,10.258364,8.590196,7.809544,3.257600,9.613371,11.363576
2024-02-14,9.916989,1.742769,,1.953092,6.508371,8.024953,14.065341,1.115663,7.057410,6.338823,1.318516,10.402561,8.569254,8.012174,3.303544,9.635709,11.487407
2024-02-15,9.994899,1.778406,,1.968277,6.555530,8.085764,14.037333,1.150870,7.107022,6.454334,1.337106,10.588252,8.628816,8.044551,3.301786,9.776443,11.521613
2024-02-16,9.916690,1.778292,,1.931265,6.500563,8.056827,13.893067,1.152786,7.009039,6.386784,1.324564,10.593134,8.593084,7.992030,3.247957,9.739591,11.417139
2024-02-20,9.870109,1.776503,,1.927469,6.503960,8.162838,13.767010,1.146440,7.015386,6.382196,1.313141,10.453388,8.680391,7.850714,3.214867,9.758103,11.330961
2024-02-21,9.821361,1.807959,,1.992477,6.509868,8.196207,13.536964,1.157602,6.983570,6.365645,1.287384,10.511893,8.704601,7.393760,3.219165,9.903251,11.285618
2024-02-22,10.006995,1.805864,,1.956651,6.618038,8.164886,13.968460,1.145116,7.082835,6.511864,1.306870,10.610593,8.702191,7.811509,3.304332,9.913092,11.616011
2024-02-23,9.977234,1.811625,,2.011695,6.693967,8.171880,13.918656,1.157447,7.008809,6.535948,1.325012,10.397099,8.727058,7.822845,3.291482,9.919370,11.581805
2024-02-26,9.998125,1.783755,,1.992477,6.729545,8.142109,14.051779,1.158940,6.916345,6.530213,1.328819,10.416319,8.666326,7.969087,3.274596,9.876470,11.575706
2024-02-27,10.053192,1.886451,,2.014067,6.704544,8.165821,14.086947,1.159358,6.962780,6.554102,1.347409,10.477074,8.653520,7.999328,3.284183,9.933995,11.603549
2024-02-28,10.013357,1.917597,,2.048707,6.690703,8.149488,13.984670,1.160573,6.870146,6.519131,1.349424,10.492812,8.645685,7.947240,3.269407,9.891364,11.541766
2024-02-29,10.080213,1.880815,,2.064840,6.712618,8.197139,14.222184,1.171648,6.946185,6.435497,1.351440,10.538430,8.560310,8.093302,3.327035,9.849789,11.640672
2024-03-01,10.181632,1.856565,,2.094260,6.743229,8.167610,14.481749,1.187479,6.930304,6.551103,1.355920,10.593654,8.534091,8.173647,3.357845,9.863985,11.815944
2024-03-04,10.124933,1.895966,,2.101852,6.771879,8.142643,14.451896,1.166541,6.754680,6.543832,1.343377,10.387524,8.516828,8.175593,3.309271,9.888908,11.773784
2024-03-05,9.972917,1.871589,,2.072432,6.723037,8.121091,14.062982,1.185022,6.738496,6.459731,1.305078,10.299576,8.467408,7.948906,3.249096,9.823099,11.562448
2024-03-06,10.070919,1.882503,,2.080262,6.758200,8.181564,14.247102,1.196367,6.757292,6.538723,1.301719,10.400538,8.518368,8.065911,3.249213,9.853827,11.635103
2024-03-07,10.182016,1.900987,,2.024981,6.802809,8.194591,14.537209,1.207033,6.849640,6.578142,1.310229,10.402932,8.499859,8.201539,3.303339,9.890371,11.811702
2024-03-08,10.091050,1.886659,,2.043012,6.765080,8.117126,14.220981,1.204115,6.861252,6.632806,1.321652,10.367122,8.459241,7.979531,3.262507,9.939637,11.641202
2024-03-11,10.125860,1.899092,,2.059620,6.745200,8.138783,14.224804,1.221863,6.941368,6.669505,1.345617,10.416689,8.476568,7.880057,3.246428,10.024428,11.597980
2024-03-12,10.191067,1.887104,,2.067213,6.782898,8.169294,14.397903,1.225637,6.939203,6.651879,1.344497,10.528581,8.475471,8.069451,3.304777,9.997496,11.764238
2024-03-13,10.114570,1.879577,,2.083346,6.782183,8.002738,14.172419,1.240793,6.962204,6.605871,1.398698,10.532788,8.449231,7.999563,3.273482,10.012683,11.673817
2024-03-14,10.024242,1.867333,,2.084770,6.734321,7.945434,14.001287,1.250923,6.941988,6.512446,1.411016,10.462264,8.416035,7.901419,3.273438,9.967467,11.644384
2024-03-15,9.950230,1.871094,,2.258204,6.746648,7.951077,13.766979,1.259817,6.871817,6.515747,1.407657,10.366660,8.397413,7.687396,3.205132,9.976694,11.505969
2024-03-18,10.029503,1.882750,,2.281218,6.768044,8.062676,13.845621,1.261579,6.985465,6.548299,1.438565,10.482321,8.478774,7.790934,3.281384,10.041294,11.615705
2024-03-19,10.048404,1.905576,,2.232580,6.803993,8.089992,13.836591,1.286239,6.977015,6.573897,1.411240,10.520979,8.511470,7.766880,3.272952,10.083203,11.644646
2024-03-20,10.149866,1.910135,,2.285014,6.883124,8.107760,14.031614,1.290465,7.012499,6.575092,1.456930,10.685775,8.579097,7.859066,3.306519,10.128865,11.782714
2024-03-21,10.214779,1.910878,,2.318704,6.952929,8.110161,14.202382,1.302633,6.992406,6.609422,1.481343,10.675433,8.570740,7.948485,3.281601,10.194395,11.838472
2024-03-22,10.158391,1.916760,,2.271016,6.918057,8.093952,14.136657,1.297464,6.994532,6.593818,1.450659,10.492626,8.558909,7.943300,3.286142,10.180411,11.852013
2024-03-25,10.136567,1.944431,,2.273388,6.851159,8.100162,14.056400,1.300851,6.981558,6.619028,1.478208,10.462490,8.535747,7.923006,3.278303,10.208380,11.809000
2024-03-26,10.108309,1.927217,,2.258204,6.831535,8.120566,14.019234,1.284122,6.955129,6.615350,1.493214,10.413498,8.523690,7.902181,3.278887,10.161926,11.770766
2024-03-27,10.221190,1.963998,,2.282878,6.951680,8.186854,14.157436,1.296743,6.997088,6.716487,1.490974,10.525814,8.668360,7.833936,3.293680,10.314111,11.810858
2024-03-28,10.221015,1.978244,,2.291894,6.992497,8.217989,14.166704,1.310187,6.985487,6.683595,1.500381,10.465002,8.691010,7.832997,3.280586,10.367112,11.789086
2024-04-01,10.199732,1.963621,,2.242545,6.938382,8.202458,14.187798,1.313245,7.004948,6.621624,1.456482,10.458503,8.634335,7.889536,3.300044,10.346429,11.814044
2024-04-02,10.084890,1.985055,,2.210515,6.883050,8.139060,14.017812,1.319219,6.928087,6.486735,1.448196,10.317386,8.595941,7.846694,3.263516,10.320510,11.712087
2024-04-03,10.085017,1.980755,,2.215260,6.878552,8.074986,14.035920,1.334296,6.958400,6.465991,1.463426,10.309343,8.548393,7.917299,3.276660,10.278492,11.738373
2024-04-04,9.936614,1.957176,,2.178248,6.784362,8.019173,13.779908,1.327960,6.846932,6.403512,1.445508,10.144394,8.485157,7.681399,3.230658,10.187479,11.558885
2024-04-05,10.018646,1.983153,,2.248002,6.875225,8.035566,13.902806,1.346393,6.874418,6.461823,1.459170,10.190948,8.511074,7.881066,3.266279,10.231481,11.695094
2024-04-08,10.033388,1.993154,,2.235427,6.862096,8.002703,13.927299,1.352630,6.881676,6.475180,1.485823,10.221155,8.503865,7.839267,3.283275,10.260722,11.698546
2024-04-09,10.118882,1.991732,,2.270304,6.848969,8.030241,14.110115,1.348040,6.900826,6.560783,1.500605,10.301996,8.552502,7.814012,3.308465,10.305273,11.741825
2024-04-10,9.976038,1.970844,,2.150727,6.747471,7.974958,13.874930,1.349547,6.808485,6.452416,1.475520,10.208192,8.461004,7.800562,3.284824,10.165391,11.639336
2024-04-11,10.065522,1.969386,,2.201500,6.708548,7.998774,14.102988,1.353027,6.896723,6.483736,1.473728,10.262047,8.463022,7.956350,3.338972,10.191515,11.825196
2024-04-12,9.866416,1.954260,,2.143372,6.694468,7.913064,13.750311,1.328081,6.774415,6.368341,1.446628,9.984577,8.414399,7.779487,3.296044,10.073082,11.636681
2024-04-15,9.729304,1.928384,,2.076703,6.647186,7.873823,13.509275,1.312840,6.695521,6.288574,1.422439,9.839866,8.382219,7.592521,3.225963,10.047427,11.445245
2024-04-16,9.713924,1.910578,,2.047283,6.613699,7.885226,13.542249,1.301285,6.673103,6.263978,1.420647,9.797023,8.368913,7.657151,3.215657,9.987987,11.446308
2024-04-17,9.625146,1.932725,,2.027591,6.542199,7.920311,13.283122,1.290731,6.666213,6.218366,1.416840,9.777476,8.383537,7.469142,3.189262,10.022241,11.306647
2024-04-18,9.574520,1.945190,,1.997222,6.496324,7.929158,13.136376,1.289386,6.697706,6.188713,1.390859,9.764328,8.426326,7.441176,3.179527,10.033926,11.242127
2024-04-19,9.492262,1.967239,,1.999120,6.497545,7.979749,12.854856,1.301076,6.630933,6.189322,1.395562,9.724318,8.492475,7.103909,3.122132,10.145759,11.009537
2024-04-22,9.589994,1.981364,,2.024032,6.530895,8.053586,13.008254,1.304246,6.673877,6.252051,1.415272,9.856876,8.568300,7.198247,3.139585,10.212530,11.120256
2024-04-23,9.731050,2.000161,,2.007661,6.585173,8.061846,13.253806,1.320856,6.753743,6.363251,1.443044,10.016026,8.574272,7.404560,3.175443,10.248003,11.286203
2024-04-24,9.778890,2.002681,,2.181570,6.480946,8.161948,13.340019,1.317063,6.721693,6.397685,1.452227,10.124098,8.612579,7.323698,3.227050,10.304297,11.324437
2024-04-25,9.750427,2.006144,,2.143372,6.493310,8.163450,13.385413,1.335730,6.525581,6.357259,1.435653,10.063726,8.639170,7.316880,3.187334,10.295992,11.269741
2024-04-26,9.822577,1.983765,,2.198178,6.433673,8.159674,13.544121,1.328633,6.655220,6.348609,1.477312,10.198823,8.615011,7.476092,3.273945,10.235562,11.443652
2024-04-29,9.876273,2.002693,,2.194619,6.459616,8.181797,13.589780,1.330245,6.647544,6.430148,1.500381,10.299099,8.647647,7.483872,3.307096,10.322547,11.490117
2024-04-30,9.687953,1.983157,,2.171605,6.323429,8.155139,13.302755,1.302949,6.451879,6.285785,1.521210,10.134193,8.596741,7.309532,3.240432,10.165716,11.273458
2024-05-01,9.629145,1.995587,,2.143846,6.403440,8.051032,13.112434,1.271786,6.547156,6.318250,1.481343,9.986859,8.599399,7.135185,3.224933,10.166292,11.191945
2024-05-02,9.763687,2.001284,,2.129611,6.410505,8.096337,13.333866,1.277839,6.632486,6.403433,1.500157,10.235631,8.628022,7.243661,3.266977,10.190717,11.334792
2024-05-03,9.887845,2.024534,,2.164488,6.463091,8.150744,13.545353,1.294379,6.707976,6.484374,1.471488,10.370785,8.679474,7.420157,3.324725,10.326695,11.562603
2024-05-06,9.957993,2.036031,,2.166148,6.454510,8.118222,13.712463,1.304641,6.775796,6.476541,1.469473,10.481811,8.683367,7.617860,3.368196,10.327682,11.689253
2024-05-07,9.955257,2.060530,,2.193670,6.524878,8.206352,13.680050,1.305866,6.779129,6.485535,1.476416,10.338030,8.773295,7.589054,3.375814,10.365190,11.691111
2024-05-08,9.935923,2.081643,,2.142897,6.508554,8.153356,13.646656,1.299515,6.792547,6.454135,1.429158,10.366177,8.758774,7.640498,3.359727,10.388444,11.684208
2024-05-09,9.969554,2.118641,,2.167097,6.566358,8.206804,13.604109,1.319038,6.803917,6.530165,1.443492,10.390386,8.817439,7.644719,3.371340,10.449443,11.709697
2024-05-10,9.992964,2.118282,,2.132458,6.594584,8.280148,13.687280,1.305233,6.841255,6.507657,1.409449,10.359858,8.883419,7.711449,3.361724,10.472570,11.737311
2024-05-13,10.039157,2.124460,,2.101615,6.543397,8.265959,13.773052,1.302062,6.890402,6.548318,1.432294,10.457206,8.873716,7.670389,3.362345,10.539712,11.764393
2024-05-14,10.105427,2.131735,,2.082634,6.535017,8.240097,13.906000,1.304025,6.932146,6.613738,1.446404,10.536960,8.845836,7.810806,3.390957,10.564306,11.840065
2024-05-15,10.205863,2.159081,,2.099242,6.568095,8.211987,14.205526,1.305707,6.877293,6.722403,1.431174,10.496957,8.845688,8.052468,3.425026,10.562290,12.025128
2024-05-16,10.206573,2.144626,,2.090938,6.554689,8.294632,14.190021,1.300357,6.902674,6.706323,1.435653,10.516923,8.922218,7.972514,3.437254,10.522588,12.000701
2024-05-17,10.188818,2.133651,,2.075991,6.542173,8.227029,14.147048,1.319311,6.890934,6.703332,1.444164,10.540219,8.890514,7.914555,3.453592,10.504874,11.994859
2024-05-20,10.232859,2.141721,,2.076466,6.529450,8.135408,14.326359,1.312945,6.921241,6.712674,1.450659,10.518842,8.859279,8.034113,3.453724,10.479879,12.078496
2024-05-21,10.212363,2.167850,,2.060569,6.497938,8.180809,14.261387,1.306946,6.892962,6.704726,1.435653,10.523023,8.876304,8.047742,3.483627,10.445882,12.102127
2024-05-22,10.229758,2.134764,,2.068636,6.524284,8.191436,14.386791,1.274512,6.853840,6.745012,1.392875,10.452498,8.934405,8.053261,3.470710,10.379950,12.099737
2024-05-23,10.107743,2.098094,,2.033048,6.460273,8.112267,14.241852,1.267693,6.752948,6.653574,1.379212,10.294963,8.821155,8.088080,3.413124,10.211420,12.045307
2024-05-24,10.176299,2.110714,,2.038742,6.481814,8.132109,14.300452,1.283804,6.816650,6.696731,1.380556,10.466017,8.834975,8.275052,3.461892,10.200698,12.159213
2024-05-28,10.110648,2.111594,,1.975394,6.404414,8.005495,14.291311,1.298865,6.857677,6.570404,1.392427,10.314444,8.745488,8.373168,3.470679,10.140446,12.205146
2024-05-29,10.000157,2.068544,,1.901133,6.333617,7.975004,14.093566,1.280249,6.819870,6.490558,1.367342,10.278613,8.684712,8.237285,3.442351,10.020040,12.119120
2024-05-30,9.983527,2.100267,,1.875510,6.387978,7.997296,13.871373,1.298890,6.848989,6.512816,1.400042,10.389870,8.753149,8.088709,3.418104,10.104514,11.989284
2024-05-31,10.032582,2.117364,,1.854631,6.473387,8.098794,13.863143,1.325204,6.957329,6.542172,1.410792,10.410107,8.864488,8.006611,3.417627,10.276701,11.966980
2024-06-03,10.004268,2.087906,,1.851784,6.390627,8.099830,13.854276,1.270450,6.945913,6.562580,1.421319,10.380880,8.818639,7.979508,3.441938,10.162457,12.031235
2024-06-04,10.001310,2.086138,,1.865308,6.445330,8.180356,13.808688,1.255213,6.895869,6.576392,1.418407,10.391919,8.940364,7.946429,3.447738,10.170183,12.064159
2024-06-05,10.146624,2.077724,,1.852021,6.548434,8.090948,14.210034,1.257495,6.958016,6.688091,1.422887,10.378950,8.962418,8.284904,3.515263,10.092560,12.307369
2024-06-06,10.146083,2.052550,,1.828058,6.478392,8.094977,14.178628,1.263643,6.975030,6.710033,1.501053,10.446245,8.956685,8.243496,3.531239,10.100013,12.303121
2024-06-07,10.107801,2.032919,,1.808129,6.472279,8.079327,14.156246,1.259007,6.920498,6.670515,1.507324,10.383950,8.958031,8.244551,3.526167,10.061339,12.292235
2024-06-10,10.159917,2.082248,,1.813349,6.486712,7.947444,14.314218,1.287063,6.921624,6.662787,1.502620,10.421562,8.911788,8.533205,3.518853,10.058805,12.341886
2024-06-11,10.169362,2.088466,,1.819992,6.478597,7.938096,14.399269,1.282101,6.932370,6.649260,1.450659,10.367037,8.890090,8.618805,3.546970,10.062664,12.426585
2024-06-12,10.243668,2.061765,,1.842057,6.515162,7.831989,14.646055,1.282034,6.914623,6.699030,1.420647,10.442036,8.816051,8.799156,3.597961,10.007540,12.589345
2024-06-13,10.182027,2.071409,,1.784166,6.483979,7.780545,14.570735,1.258982,6.805834,6.677247,1.378317,10.411619,8.809043,8.896131,3.601782,9.939510,12.657582
2024-06-14,10.171398,2.061844,,1.754035,6.470025,7.765289,14.605160,1.233751,6.861747,6.656231,1.358047,10.337571,8.821315,8.911260,3.607419,9.973908,12.723164
2024-06-17,10.271786,2.043025,,1.736715,6.566014,7.893312,14.774928,1.257676,6.909900,6.629749,1.346737,10.550085,8.940316,8.996872,3.642572,10.011279,12.879021
2024-06-18,10.263227,2.056854,,1.725564,6.598969,7.854852,14.811317,1.264228,6.877668,6.585267,1.324116,10.503180,8.959119,9.015624,3.620450,10.037739,12.883004
2024-06-20,10.244081,2.067931,,1.733630,6.595688,7.843068,14.629832,1.293470,6.957921,6.647267,1.339346,10.486199,8.941061,8.873010,3.619372,10.211245,12.783701
2024-06-21,10.267639,2.049415,,1.754272,6.608677,7.854628,14.654786,1.286478,7.035821,6.657946,1.357487,10.509505,8.966745,8.756782,3.615797,10.244383,12.749450
2024-06-24,10.224619,2.065021,,1.764237,6.633222,7.924522,14.450634,1.339482,6.966777,6.669779,1.332403,10.499264,9.023382,8.613912,3.584498,10.258284,12.604302
2024-06-25,10.258869,2.062930,,1.753323,6.610202,7.891928,14.564987,1.347538,7.024481,6.685229,1.328819,10.485445,8.987280,8.776227,3.654418,10.172933,12.748440
2024-06-26,10.220694,2.036746,,1.728411,6.563907,7.837347,14.514864,1.337059,7.038419,6.619948,1.304854,10.547008,8.934885,8.715394,3.690936,10.073502,12.774767
2024-06-27,10.253656,2.029122,,1.761864,6.566507,7.837481,14.606643,1.343659,7.101087,6.627076,1.307318,10.518443,8.936342,8.750395,3.708502,10.112424,12.807743
2024-06-28,10.243086,2.009272,,1.759017,6.543684,7.799722,14.679540,1.361670,7.102683,6.583362,1.299703,10.429338,8.886948,8.755602,3.670339,10.129884,12.741259
2024-07-01,10.227756,2.008540,,1.752848,6.504611,7.749634,14.717680,1.369189,7.073318,6.536856,1.294775,10.414196,8.853891,8.845138,3.713109,10.105923,12.815987
2024-07-02,10.322799,2.020274,,1.760915,6.579958,7.774624,14.858676,1.368290,7.201192,6.531957,1.320756,10.579861,8.916322,8.870728,3.793457,10.198074,12.950551
2024-07-03,10.371159,2.028185,,1.751662,6.567280,7.762460,14.965303,1.370729,7.317073,6.488656,1.335762,10.675539,8.884003,9.063490,3.838113,10.322906,13.058521
2024-07-05,10.443781,2.026158,,1.735529,6.575319,7.833860,15.062019,1.354498,7.455418,6.563693,1.338450,10.731431,8.944806,9.050509,3.928156,10.342477,13.194680
2024-07-08,10.441308,2.025869,,1.723191,6.575999,7.796366,15.141597,1.352909,7.263124,6.573485,1.323444,10.768556,8.916646,9.098930,3.937242,10.188240,13.226061
2024-07-09,10.417730,2.036091,,1.698517,6.536128,7.732832,15.056775,1.335765,7.347235,6.570774,1.321428,10.782537,8.879444,9.131563,3.957054,10.251627,13.237496
2024-07-10,10.512964,2.052811,,1.704448,6.599793,7.737187,15.233428,1.343264,7.385739,6.680076,1.319188,10.822844,8.958146,9.221857,4.010116,10.328605,13.375517
2024-07-11,10.497663,2.085399,,1.784166,6.669115,7.763228,14.982124,1.372424,7.332719,6.787138,1.343601,10.859284,8.942367,8.998534,3.864247,10.518316,13.082189
2024-07-12,10.614390,2.087556,,1.798164,6.726761,7.796895,15.213670,1.362288,7.358099,6.768850,1.349872,11.168088,8.994731,9.034988,3.869404,10.559685,13.159045
2024-07-15,10.607199,2.068736,,1.803384,6.793888,7.721986,15.265647,1.408730,7.478884,6.714311,1.354352,10.940451,8.987101,9.038436,3.879946,10.647791,13.194414
2024-07-16,10.726939,2.063764,,1.826160,6.922828,7.798977,15.349706,1.414123,7.532293,6.858568,1.384364,11.160766,9.086903,8.917987,3.857244,10.746507,13.199467
2024-07-17,10.530440,2.053803,,1.801248,6.896289,7.910512,14.754995,1.417754,7.496424,6.839563,1.371597,10.938714,9.131819,8.385526,3.719134,10.929918,12.811998
2024-07-18,10.425680,2.056908,,1.785827,6.884280,7.919555,14.634936,1.409403,7.393533,6.709626,1.343825,10.748845,9.137985,8.420506,3.697264,10.829368,12.751365
2024-07-19,10.338116,2.060444,,1.765186,6.823393,7.872164,14.339154,1.394888,7.380316,6.754290,1.328819,10.764313,9.080796,8.214808,3.659494,10.707115,12.638342
2024-07-22,10.453227,2.070052,,1.791521,6.876615,7.854710,14.610890,1.386966,7.410587,6.806803,1.361071,10.869191,9.088355,8.286637,3.737781,10.720197,12.826625
2024-07-23,10.365772,2.053668,,1.775625,6.728322,7.832020,14.458570,1.365358,7.481555,6.751278,1.337330,10.779354,9.014943,8.260683,3.737880,10.595544,12.781416
2024-07-24,10.154370,2.041189,,1.811450,6.688905,7.785996,13.972075,1.352614,7.342897,6.752227,1.300599,10.463947,8.983341,7.858297,3.540326,10.793461,12.322942
2024-07-25,10.101087,2.036797,,1.846802,6.700477,7.807851,13.887924,1.369090,7.218193,6.706598,1.281561,10.393446,8.950907,7.741183,3.479552,10.864297,12.187049
2024-07-26,10.174906,2.061967,,1.862698,6.773075,7.877798,14.077903,1.412206,7.389567,6.488122,1.305526,10.479663,9.033310,7.876574,3.506114,10.891753,12.312039
2024-07-29,10.213744,2.063260,,1.869341,6.776070,7.909442,14.077736,1.418826,7.427854,6.556115,1.320084,10.573789,9.072189,7.801203,3.533110,10.850406,12.336771
2024-07-30,10.147707,2.070046,,1.861986,6.820809,7.937549,13.778481,1.413905,7.456552,6.571589,1.433413,10.524355,9.087467,7.476492,3.484143,10.880678,12.167369
2024-07-31,10.341637,2.131335,,1.851072,6.800820,8.010880,14.296872,1.437876,7.510376,6.579969,1.473280,10.633747,9.089002,7.998265,3.589413,10.922302,12.527447
2024-08-01,10.086418,2.136716,0.999647,1.830194,6.698306,7.991220,13.654119,1.403474,7.467854,6.519803,1.462754,10.366062,9.126559,7.551200,3.510758,10.931433,12.224014
2024-08-02,9.825621,2.120965,1.001103,1.785827,6.629791,8.097154,13.005890,1.335447,7.335893,6.431970,1.388171,10.220899,9.157065,7.230186,3.425103,10.908254,11.933878
2024-08-05,9.613438,2.077992,0.977949,1.724852,6.506291,7.900821,12.730641,1.298764,7.138457,6.276204,1.354128,10.075762,8.955253,7.167116,3.294811,10.607844,11.578055
2024-08-06,9.698022,2.112850,0.982712,1.745256,6.513469,7.908401,12.854889,1.312910,7.156447,6.319921,1.405417,10.254500,8.983051,7.350498,3.333536,10.612810,11.688685
2024-08-07,9.623387,2.123780,0.974333,1.754272,6.456378,7.884819,12.748881,1.319299,7.136161,6.252067,1.405193,10.076479,8.969171,7.189874,3.284530,10.621181,11.562099
2024-08-08,9.890297,2.131282,0.986858,1.754509,6.559611,7.841546,13.327600,1.358854,7.243771,6.438195,1.439685,10.281407,9.100187,7.590486,3.393116,10.728367,11.915794
2024-08-09,9.917510,2.138809,0.985711,1.752848,6.553497,7.883390,13.337032,1.364189,7.394899,6.409024,1.449539,10.303547,9.104395,7.635913,3.428380,10.693561,11.978023
2024-08-12,9.877945,2.128171,0.985182,1.708956,6.497085,7.835981,13.308274,1.370935,7.305562,6.382481,1.421319,10.334169,9.040474,7.696203,3.438093,10.606326,12.003819
2024-08-13,10.085255,2.157856,0.991621,1.736003,6.542650,7.902183,13.698018,1.346962,7.419195,6.442743,1.458274,10.724171,9.130743,7.968489,3.532058,10.693437,12.301667
2024-08-14,10.081605,2.135896,0.994884,1.744782,6.562556,7.922860,13.734786,1.346672,7.380515,6.423418,1.481343,10.652383,9.179446,8.005739,3.514829,10.688452,12.305656
2024-08-15,10.322615,2.150558,1.005821,1.768744,6.617992,7.994567,14.214194,1.361635,7.461551,6.556989,1.521658,10.990215,9.237709,8.314506,3.612058,10.798516,12.616535
2024-08-16,10.345437,2.162952,1.007321,1.756644,6.635579,8.005783,14.228771,1.352822,7.529469,6.583785,1.522106,10.989364,9.249717,8.305925,3.616174,10.847382,12.632757
2024-08-19,10.472261,2.175801,1.011202,1.777286,6.660424,8.077734,14.419440,1.360623,7.636097,6.713659,1.555030,11.104796,9.310179,8.416261,3.670323,10.941475,12.798701
2024-08-20,10.428810,2.168087,1.010077,1.775625,6.665920,8.087077,14.350697,1.321085,7.654289,6.634198,1.610126,11.031296,9.311277,8.295371,3.663446,10.914894,12.771842
2024-08-21,10.515221,2.191743,1.018192,1.793419,6.731184,8.112185,14.516397,1.330489,7.677268,6.648784,1.600496,11.152806,9.347122,8.411518,3.674285,10.948049,12.831412
2024-08-22,10.368764,2.188102,1.018104,1.792470,6.689379,8.087052,14.171087,1.335895,7.593867,6.577602,1.601840,11.034433,9.331360,8.218155,3.600643,10.943275,12.627971
2024-08-23,10.491672,2.188518,1.026990,1.826635,6.747261,8.107421,14.412907,1.359629,7.710538,6.633099,1.605871,11.112863,9.397390,8.283208,3.655331,11.024720,12.764928
2024-08-26,10.413121,2.207326,1.032988,1.847039,6.727744,8.150232,14.225053,1.370856,7.751885,6.605377,1.613486,10.815940,9.427966,7.868581,3.618027,11.085755,12.641001
2024-08-27,10.430033,2.198858,1.041544,1.830905,6.701754,8.171495,14.308667,1.361347,7.758785,6.578569,1.603407,10.830069,9.487932,7.897630,3.615948,11.018202,12.678764
2024-08-28,10.322874,2.193384,1.042646,1.815721,6.720657,8.105940,14.088412,1.352397,7.663077,6.588162,1.577427,10.638267,9.459435,7.723621,3.567061,10.997421,12.534893
2024-08-29,10.365453,2.210455,1.042404,1.829482,6.719105,7.974695,14.221263,1.365915,7.635586,6.602761,1.638571,10.709097,9.444629,7.711195,3.548224,11.037616,12.516543
2024-08-30,10.492139,2.219246,1.054576,1.833990,6.776730,8.034718,14.530894,1.358341,7.680351,6.602651,1.622221,10.845093,9.505655,7.881197,3.607405,11.073990,12.665733
2024-09-03,10.227607,2.190532,1.045314,1.801486,6.768038,8.063049,13.865341,1.308994,7.481629,6.523568,1.612590,10.715731,9.514688,7.493388,3.484204,11.081250,12.281190
2024-09-04,10.170721,2.205666,1.044142,1.831617,6.755493,7.928024,13.754457,1.299171,7.434715,6.517511,1.626252,10.673549,9.588803,7.519430,3.488238,11.064774,12.249278
2024-09-05,10.135810,2.200723,1.029524,1.835413,6.592852,7.994813,13.672780,1.299173,7.487825,6.450685,1.613262,10.763287,9.488492,7.462164,3.521572,11.033911,12.260713
2024-09-06,9.945068,2.177952,1.010350,1.837549,6.543021,7.944938,13.316672,1.280826,7.310880,6.387068,1.542935,10.554523,9.371702,7.222081,3.376359,10.954409,11.932282
2024-09-09,10.059030,2.204810,1.024128,1.886898,6.657426,8.060399,13.513823,1.274256,7.311323,6.436377,1.553238,10.651262,9.481162,7.346169,3.418884,11.058312,12.085727
2024-09-10,10.088230,2.226912,1.025543,1.879068,6.674710,7.969646,13.597531,1.236976,7.269931,6.500160,1.542039,10.720751,9.452978,7.437244,3.471828,11.033898,12.197420
2024-09-11,10.224631,2.251213,1.028617,1.888796,6.671253,7.943274,13.962344,1.221717,7.312986,6.512809,1.553238,10.892570,9.445925,7.670893,3.565744,10.983255,12.462292
2024-09-12,10.273122,2.267312,1.033549,1.849886,6.701736,8.008104,13.925418,1.236951,7.526614,6.483825,1.575859,11.051462,9.522202,7.734755,3.629339,11.094248,12.584623
2024-09-13,10.356492,2.301580,1.036800,1.871239,6.727108,8.104287,14.056929,1.244642,7.658098,6.485010,1.570036,11.088162,9.542934,7.832798,3.651310,11.173102,12.641001
2024-09-16,10.368131,2.324839,1.050290,1.848225,6.724393,8.126959,14.019792,1.264075,7.694402,6.537161,1.591761,11.054817,9.598576,7.765581,3.623964,11.250960,12.585155
2024-09-17,10.374384,2.322670,1.043103,1.796741,6.771283,8.112945,14.003977,1.295958,7.695175,6.522223,1.607439,11.115307,9.554731,7.756156,3.630141,11.260596,12.591803
2024-09-18,10.338302,2.303186,1.032863,1.823313,6.740816,8.152632,13.877937,1.288891,7.689154,6.514455,1.637675,11.161457,9.469943,7.696995,3.623849,11.207234,12.537286
2024-09-19,10.542646,2.312667,1.037596,1.881204,6.867045,8.122123,14.285677,1.333004,7.774027,6.588910,1.737342,11.386260,9.552240,7.910322,3.734116,11.272262,12.854282
2024-09-20,10.496642,2.458938,1.043656,1.835651,6.803882,8.056159,14.181609,1.324827,7.737128,6.504339,1.719200,11.371666,9.518232,8.102331,3.737749,11.302803,12.829816
2024-09-23,10.513164,2.466739,1.055709,1.835651,6.809852,8.100086,14.222874,1.347916,7.747564,6.437577,1.739582,11.399013,9.483026,8.117018,3.759803,11.353489,12.863824
2024-09-24,10.545328,2.447063,1.060110,1.811213,6.846486,8.043265,14.272489,1.346537,7.795419,6.389603,1.754588,11.626035,9.410389,8.102642,3.778395,11.357535,12.925874
2024-09-25,10.511310,2.468298,1.054934,1.748578,6.824083,8.001044,14.271130,1.323373,7.752796,6.299371,1.732638,11.656601,9.368285,8.137480,3.793205,11.257623,12.937858
2024-09-26,10.633991,2.448556,1.065262,1.773015,6.825380,8.046750,14.560165,1.257106,7.771037,6.383322,1.793559,11.847447,9.407774,8.303641,3.796419,11.212562,13.035061
2024-09-27,10.625966,2.468332,1.060463,1.779658,6.828572,8.062691,14.450834,1.289184,7.835474,6.389925,1.744285,11.895679,9.433796,8.198190,3.776612,11.309820,12.962625
2024-09-30,10.616232,2.489763,1.054603,1.789860,6.869204,8.007762,14.399595,1.295336,7.857171,6.422578,1.747645,11.816367,9.449757,8.197946,3.797855,11.366678,12.997778
2024-10-01,10.501507,2.504406,1.050533,1.771117,6.835034,7.963798,14.078004,1.325320,7.848159,6.352783,1.735102,11.805773,9.394091,8.098992,3.749822,11.395515,12.816687
2024-10-02,10.532317,2.502488,1.052347,1.782031,6.820864,7.896899,14.204200,1.347868,7.831028,6.377267,1.734430,11.765255,9.378688,8.177378,3.739939,11.392092,12.834796
2024-10-03,10.491183,2.518250,1.038879,1.753323,6.823161,7.824974,14.199772,1.379902,7.791696,6.268701,1.731519,11.678945,9.310217,8.246925,3.739700,11.413339,12.825209
2024-10-04,10.613266,2.514630,1.035406,1.758068,6.849498,7.894205,14.402922,1.410005,7.889203,6.311937,1.777433,11.882465,9.327357,8.392315,3.799120,11.469361,12.977804
2024-10-07,10.506507,2.467811,1.024481,1.739087,6.803128,7.797218,14.260392,1.428277,7.788287,6.242969,1.797590,11.753933,9.247622,8.296061,3.734197,11.405831,12.838791
2024-10-08,10.610478,2.470839,1.038193,1.782980,6.898525,7.845130,14.450231,1.398359,7.881409,6.279151,1.817747,11.839454,9.337655,8.456828,3.801162,11.423764,13.030534
2024-10-09,10.714069,2.426399,1.038481,1.796029,7.006478,7.900604,14.690361,1.400714,7.900993,6.337692,1.828722,11.883995,9.423378,8.512203,3.814621,11.479745,13.133063
2024-10-10,10.706417,2.414239,1.038149,1.775388,6.960566,7.911547,14.760321,1.402207,7.855949,6.316352,1.768922,11.829991,9.409320,8.520871,3.807421,11.436731,13.118149
2024-10-11,10.794958,2.438310,1.048366,1.809552,7.128006,7.926090,14.859951,1.407136,7.891607,6.374036,1.803189,11.918431,9.481606,8.540030,3.775594,11.553938,13.138655
2024-10-14,10.877564,2.464160,1.056195,1.834939,7.173631,7.925157,15.076621,1.390643,7.941065,6.401454,1.806773,11.892869,9.554274,8.593019,3.803846,11.603880,13.248908
2024-10-15,10.720682,2.470640,1.063117,1.855817,7.152046,7.981547,14.605611,1.326406,7.947335,6.360951,1.781688,11.811593,9.578939,8.327058,3.779471,11.574850,13.071812
2024-10-16,10.732457,2.524497,1.070349,1.832329,7.190283,7.981276,14.547099,1.343999,7.974100,6.349873,1.810132,11.895029,9.605835,8.361719,3.778602,11.699670,13.073409
2024-10-17,10.706687,2.491971,1.074949,1.858427,7.105333,7.961335,14.562581,1.352085,7.912993,6.327635,1.787735,11.884797,9.550694,8.341443,3.782773,11.704682,13.082464
2024-10-18,10.770890,2.499051,1.075812,1.880255,7.163247,8.030463,14.603954,1.343396,8.013427,6.384287,1.812820,11.966747,9.632601,8.527125,3.794784,11.745016,13.168216
2024-10-21,10.714229,2.490889,1.068978,1.835413,7.106296,7.958088,14.552664,1.338550,7.950507,6.314435,1.804309,11.988812,9.561584,8.557229,3.811810,11.633457,13.193515
2024-10-22,10.703492,2.474562,1.065860,1.823788,7.058356,7.971594,14.504560,1.335864,8.023619,6.327077,1.812148,11.979068,9.553581,8.527834,3.829144,11.650300,13.207896
2024-10-23,10.581574,2.489923,1.055863,1.727699,6.957171,7.939095,14.309549,1.344238,7.944605,6.268226,1.810356,11.770588,9.491788,8.390171,3.756857,11.616640,13.005500
2024-10-24,10.637702,2.484594,1.049295,1.753560,6.912408,7.874368,14.403582,1.339462,8.031548,6.265311,1.822899,12.041684,9.420780,8.399109,3.840316,11.619900,13.110959
2024-10-25,10.681885,2.460917,1.047747,1.767084,6.952495,7.833778,14.505232,1.365783,8.068823,6.256372,1.829842,12.128113,9.361848,8.410432,3.881939,11.596510,13.190852
2024-10-28,10.696390,2.475309,1.052701,1.763050,6.978288,7.803459,14.533212,1.340673,8.069412,6.265123,1.872172,12.157835,9.342361,8.416244,3.880147,11.578415,13.192983
2024-10-29,10.765568,2.438579,1.049737,1.737664,6.997294,7.690027,14.842048,1.325524,8.140931,6.253943,1.798038,12.128543,9.280479,8.544896,3.926139,11.476430,13.319746
2024-10-30,10.685661,2.430755,1.046951,1.742883,7.038344,7.642847,14.565938,1.336483,8.210201,6.245088,1.751900,12.081840,9.262478,8.469906,3.928647,11.424595,13.219081
2024-10-31,10.522195,2.472034,1.008801,1.726987,7.004053,7.626547,14.147300,1.347453,8.187564,6.090973,1.776089,12.030360,9.190569,8.278827,3.805723,11.509717,12.885395
2024-11-01,10.614795,2.432030,1.011367,1.720107,7.005715,7.642942,14.352146,1.339725,8.296805,6.127319,1.730175,12.207922,9.199531,8.278126,3.834212,11.458990,12.980734
2024-11-04,10.596460,2.352684,1.013601,1.751662,7.049123,7.685952,14.316370,1.364207,8.255654,6.113431,1.749884,12.179600,9.215728,8.154501,3.808744,11.479599,12.942918
2024-11-05,10.708080,2.397245,1.006015,1.787488,7.136524,7.736016,14.500430,1.355862,8.334875,6.136033,1.774969,12.330250,9.277560,8.314467,3.870132,11.563504,13.108030
2024-11-06,10.977246,2.374761,1.023132,1.776337,7.547596,7.624369,15.014261,1.459804,8.608319,6.082164,1.823347,12.699654,9.406606,8.505586,4.011973,11.750963,13.464086
2024-11-07,11.104972,2.385776,1.029413,1.810264,7.477338,7.639693,15.291518,1.457882,8.863118,6.163294,1.822003,12.680601,9.431404,8.700782,4.100330,11.726404,13.676068
2024-11-08,11.086706,2.403415,1.016166,1.836125,7.574958,7.653900,15.224542,1.457693,8.771157,6.132070,1.859182,12.684528,9.481896,8.711759,4.124035,11.781605,13.692047
2024-11-11,11.110360,2.402352,1.009443,1.800062,7.669971,7.647108,15.155346,1.465140,8.866966,6.072130,1.947203,12.971656,9.500874,8.620987,4.132079,11.795273,13.684058
2024-11-12,11.066930,2.366706,1.007563,1.789148,7.686819,7.660962,15.105376,1.461023,8.896080,6.009521,1.935108,12.845673,9.552426,8.610419,4.125111,11.722769,13.659291
2024-11-13,11.062821,2.362007,1.009000,1.797690,7.708489,7.730923,15.061137,1.460447,8.938110,5.959857,1.955489,12.873653,9.576962,8.515555,4.114117,11.737976,13.641714
2024-11-14,10.979465,2.365139,1.002919,1.780370,7.584557,7.711972,14.982837,1.466661,8.863632,5.879126,1.921446,12.742457,9.493742,8.479099,4.065335,11.684143,13.546908
2024-11-15,10.704228,2.399332,0.993210,1.690450,7.473853,7.460602,14.480275,1.439188,8.619668,5.704058,1.922342,12.637244,9.303427,8.243089,3.978485,11.547324,13.224141
2024-11-18,10.783216,2.422486,0.992038,1.740274,7.460664,7.507765,14.595131,1.462963,8.712976,5.729275,1.896361,12.773770,9.294302,8.318065,4.020821,11.588046,13.316018
2024-11-19,10.778723,2.429902,0.982064,1.710379,7.433788,7.488562,14.638988,1.452408,8.781387,5.674009,1.883371,12.736256,9.271481,8.463512,4.078860,11.489971,13.407628
2024-11-20,10.810553,2.431148,0.995510,1.809552,7.430875,7.505092,14.631729,1.482204,8.883743,5.697074,1.897929,12.743038,9.330106,8.462500,4.053786,11.558372,13.399905
2024-11-21,10.958369,2.502218,1.006413,1.826872,7.554621,7.629414,14.943035,1.496802,8.868526,5.742870,1.899721,12.750513,9.427492,8.587009,4.015815,11.712639,13.448107
2024-11-22,11.045671,2.484438,1.005772,1.893541,7.708906,7.688315,15.054371,1.496905,8.862858,5.794126,1.943395,12.892623,9.476778,8.592506,4.010203,11.776410,13.469678
2024-11-25,11.156717,2.494213,1.007784,1.904692,7.809815,7.775843,15.208258,1.461880,8.883825,5.902259,1.965792,13.058950,9.514126,8.564502,4.011668,11.797187,13.490983
2024-11-26,11.139415,2.554708,1.009797,1.896151,7.835502,7.758603,15.138407,1.446970,8.912449,5.858935,1.947203,13.069566,9.548609,8.633281,4.055800,11.801180,13.563419
2024-11-27,11.066454,2.536021,1.010947,1.944788,7.804226,7.786437,14.878939,1.449204,8.924492,5.902355,1.938916,12.994412,9.545821,8.513862,4.016652,11.838952,13.456629
2024-11-29,11.125489,2.541434,1.019505,1.929841,7.834804,7.811354,15.002320,1.460611,8.996185,5.913757,1.943395,13.006933,9.585532,8.620244,4.061391,11.891953,13.574871
2024-12-02,11.209453,2.482693,1.016630,1.899710,7.758739,7.805614,15.253582,1.449053,9.102605,5.961342,1.938020,13.098623,9.550771,8.764793,4.130665,11.764569,13.722673
2024-12-03,11.165406,2.464498,1.016231,1.901608,7.708175,7.791302,15.173878,1.448433,9.163498,5.906291,1.906888,13.071396,9.530121,8.825929,4.161140,11.735097,13.764749
2024-12-04,11.262938,2.469147,1.019181,1.892118,7.698750,7.762607,15.453129,1.410370,9.214001,5.912084,2.000732,13.189653,9.522190,9.132074,4.223658,11.648727,13.934921
2024-12-05,11.157926,2.484775,0.995069,1.827584,7.590654,7.747931,15.157224,1.416511,9.198987,5.895189,1.994348,13.231463,9.484350,9.049405,4.231084,11.698437,13.896306
2024-12-06,11.223676,2.456664,0.996977,1.834464,7.562882,7.700242,15.285677,1.372524,9.280806,5.918302,2.013050,13.542170,9.451370,9.167689,4.306648,11.572013,14.020673
2024-12-09,11.166055,2.409365,0.981759,1.866019,7.454651,7.765037,15.211537,1.375711,8.976640,5.987780,2.015738,13.529952,9.359175,8.932970,4.297416,11.479103,13.911486
2024-12-10,11.083673,2.385898,0.986706,1.813349,7.490206,7.790372,14.926128,1.355718,9.143212,5.932365,1.987965,13.501692,9.423132,8.811310,4.331585,11.479844,13.864083
2024-12-11,11.196802,2.371850,0.977212,1.840633,7.486277,7.740823,15.175751,1.379395,9.324522,5.947761,2.032535,13.652972,9.403349,9.062572,4.470403,11.421532,14.112284
2024-12-12,11.160970,2.375232,0.972709,1.856529,7.443056,7.771737,15.086716,1.370256,9.448702,5.894316,2.002299,13.564765,9.406873,9.040897,4.432556,11.405582,14.021206
2024-12-13,11.110805,2.371897,0.965610,1.781082,7.395409,7.736820,15.110350,1.372030,9.310107,5.818963,2.038583,13.472644,9.355528,9.320476,4.528228,11.390050,14.128528
2024-12-16,11.138942,2.351998,0.950082,1.784641,7.397592,7.659371,15.272998,1.347812,9.322772,5.804312,2.044854,13.475542,9.310873,9.436885,4.656960,11.221364,14.331989
2024-12-17,11.086520,2.349046,0.954297,1.735054,7.349716,7.650791,15.150308,1.346655,9.236609,5.810758,2.034999,13.505669,9.255511,9.259443,4.639923,11.258285,14.268874
2024-12-18,10.706188,2.307484,0.936706,1.679062,7.142088,7.514607,14.570115,1.307308,8.926501,5.593571,1.913831,12.969576,9.089455,8.849273,4.457520,11.004348,13.754097
2024-12-19,10.619751,2.320183,0.930761,1.656997,6.997685,7.441015,14.421239,1.290743,8.873444,5.559070,1.943619,12.956701,9.032803,8.847483,4.450828,10.990495,13.692846
2024-12-20,10.726411,2.338424,0.941232,1.694958,7.017630,7.535379,14.599293,1.307102,8.930757,5.614431,1.951458,13.064042,9.101304,8.916488,4.471765,11.111319,13.812419
2024-12-23,10.784510,2.350033,0.936839,1.725801,7.010763,7.535332,14.738263,1.309239,8.940535,5.658075,1.946307,13.095838,9.098081,8.982721,4.547087,11.141426,13.946989
2024-12-24,10.891145,2.358061,0.944470,1.730783,7.068212,7.591146,14.897034,1.326677,9.045719,5.683988,1.976543,13.297267,9.177110,9.148355,4.631596,11.202516,14.136107
2024-12-26,10.887812,2.351773,0.941254,1.734342,7.055390,7.617165,14.879624,1.329234,9.036042,5.703297,1.974079,13.277350,9.183908,9.125429,4.622635,11.194125,14.126504
2024-12-27,10.801857,2.348588,0.938281,1.713464,6.994245,7.607909,14.728444,1.329237,8.949580,5.686875,1.945411,13.130190,9.161738,9.014342,4.537928,11.181434,13.938720
2024-12-30,10.664025,2.343559,0.926480,1.703973,6.930927,7.534872,14.489398,1.342599,8.853732,5.601404,1.913383,12.957541,9.076756,8.914139,4.474294,11.110873,13.753336
2024-12-31,10.638750,2.337434,0.928721,1.698517,6.913828,7.566536,14.399365,1.355795,8.802809,5.642925,1.911591,12.911393,9.099085,8.785824,4.414723,11.171649,13.636504
2025-01-02,10.641747,2.379538,0.918738,1.680485,6.866186,7.547576,14.409127,1.376926,8.834097,5.634553,1.930181,12.875908,9.044389,8.960070,4.396369,11.146807,13.609831
2025-01-03,10.805930,2.408928,0.917252,1.714175,6.955163,7.510324,14.699133,1.412403,8.936736,5.714908,1.961985,13.133080,9.061068,9.229597,4.483669,11.219189,13.832558
2025-01-06,10.889684,2.412875,0.915943,1.689501,6.940053,7.465413,14.918523,1.409764,9.025475,5.745751,2.005211,13.209270,8.927341,9.454146,4.566848,11.154427,13.991534
2025-01-07,10.809973,2.394455,0.920469,1.669334,6.967492,7.415527,14.740879,1.430697,8.882507,5.815924,1.970272,12.995710,8.913160,9.189247,4.467150,11.156412,13.741866
2025-01-08,10.805519,2.396057,0.931693,1.692585,7.008468,7.402888,14.706515,1.425423,8.852355,5.806382,1.969600,13.049500,8.986657,9.182506,4.463489,11.161412,13.744267
2025-01-10,10.643457,2.513676,0.918694,1.657709,6.872806,7.249324,14.433031,1.438225,8.653883,5.720390,1.867021,12.886909,8.802216,9.256868,4.415979,11.035487,13.528742
2025-01-13,10.637266,2.474024,0.934843,1.643948,6.955576,7.251820,14.360796,1.476009,8.662603,5.709325,1.881131,12.936244,8.869366,9.096156,4.395849,11.165830,13.485263
2025-01-14,10.665999,2.505493,0.947842,1.651540,7.011380,7.279163,14.478346,1.480251,8.629679,5.614298,1.952578,12.910098,8.950261,9.083036,4.357495,11.215938,13.472460
2025-01-15,10.824292,2.545464,0.949373,1.737189,7.060929,7.264435,14.738308,1.498756,8.777442,5.691383,2.007675,13.133129,8.964980,9.376794,4.491456,11.262589,13.782411
2025-01-16,10.850811,2.621893,0.959377,1.741934,7.132268,7.330246,14.738824,1.506918,8.727960,5.716876,1.991549,13.080398,9.075847,9.418356,4.426967,11.311902,13.685851
2025-01-17,10.976902,2.633615,0.967163,1.752136,7.155473,7.403434,14.980025,1.514792,8.850692,5.710198,2.056276,13.291051,9.135750,9.578342,4.514905,11.417458,13.916847
2025-01-21,11.082749,2.679067,0.981493,1.759491,7.209230,7.439676,15.157127,1.509352,8.913821,5.828519,2.010586,13.297714,9.210626,9.759706,4.536952,11.489394,13.998469
2025-01-22,11.158032,2.668017,0.981804,1.755933,7.175986,7.364199,15.391364,1.492348,9.029384,5.874095,2.012378,13.294849,9.136595,10.081789,4.583596,11.431801,14.177451
2025-01-23,11.186821,2.686644,0.977877,1.764711,7.200449,7.322342,15.355932,1.485871,9.080814,5.949935,2.009690,13.438912,9.134012,10.107437,4.587181,11.481833,14.207593
2025-01-24,11.143606,2.701891,0.974372,1.759491,7.156412,7.367021,15.178196,1.469907,9.155990,5.930918,1.995804,13.484535,9.150927,10.044999,4.586447,11.419053,14.127304
2025-01-27,11.042719,2.628309,0.974905,1.813586,7.269786,7.557632,14.721394,1.430595,9.146113,5.970487,2.021113,13.486740,9.259949,9.370048,4.407618,11.669683,13.715993
2025-01-28,11.075574,2.591106,0.966076,1.805994,7.135935,7.446627,14.938522,1.416364,9.162318,5.951701,1.975199,13.614502,9.138515,9.586385,4.515620,11.444140,13.918714
2025-01-29,11.073869,2.601472,0.972309,1.794843,7.142035,7.480546,14.863832,1.419665,9.256440,5.901834,1.987965,13.735942,9.233746,9.600377,4.484296,11.484253,13.892574
2025-01-30,11.187952,2.653633,0.990189,1.815484,7.232280,7.578301,15.047773,1.443011,9.149071,5.957112,2.006107,13.933768,9.347828,9.766395,4.524091,11.427842,13.951790
2025-01-31,11.162987,2.640482,0.989612,1.817382,7.177604,7.510922,15.077023,1.442956,9.168094,5.927326,1.983934,13.825579,9.313751,9.760459,4.542593,11.353509,13.931518
2025-02-03,11.110733,2.675932,1.007558,1.822127,7.152663,7.469029,14.940994,1.462543,9.124678,5.947875,2.004763,13.663360,9.364170,9.687450,4.483265,11.304237,13.820021
2025-02-04,11.137427,2.661270,1.008866,1.837786,7.152427,7.380134,15.045694,1.479274,9.142411,5.912693,1.740813,13.925229,9.249048,9.762352,4.564482,11.226903,13.989667
2025-02-05,11.254632,2.702255,1.006426,1.843955,7.213770,7.432188,15.308059,1.486150,9.096710,6.033604,1.773849,13.855570,9.342621,10.001859,4.525698,11.307495,14.053151
2025-02-06,11.251897,2.696252,1.021910,1.855106,7.218410,7.471087,15.292296,1.436372,9.159415,5.971968,1.759739,13.954149,9.323814,10.023429,4.551881,11.284139,14.126504
2025-02-07,11.144362,2.691011,1.009421,1.832804,7.149644,7.462542,15.086106,1.415922,9.227673,5.853544,1.731519,13.854835,9.295570,9.882003,4.461374,11.204935,13.948322
2025-02-10,11.232026,2.737507,1.022309,1.826160,7.211907,7.508276,15.260775,1.450268,9.323891,5.827380,1.752348,13.867772,9.356325,10.019884,4.506706,11.250188,14.117168
2025-02-11,11.206746,2.739431,1.022043,1.803147,7.247474,7.581703,15.268647,1.450762,9.307322,5.739009,1.706882,13.725264,9.434056,9.840572,4.478298,11.362591,14.083559
2025-02-12,11.213001,2.753780,1.017207,1.738376,7.180584,7.545917,15.309991,1.410656,9.313611,5.738830,1.708226,13.872253,9.434466,9.893227,4.482599,11.362983,14.091828
2025-02-13,11.316094,2.751062,1.022731,1.745256,7.259612,7.640897,15.508584,1.409926,9.156450,5.850557,1.715393,14.025901,9.494600,9.731258,4.553911,11.478843,14.294550
2025-02-14,11.327677,2.769802,1.013747,1.757119,7.242600,7.620027,15.493979,1.417447,9.175332,5.840826,1.746301,14.169703,9.494326,9.800876,4.558819,11.491663,14.354566
2025-02-18,11.459662,2.787301,1.033334,1.790335,7.292174,7.748428,15.750112,1.425267,9.177543,5.926918,1.760859,14.223327,9.593912,9.762496,4.521153,11.604204,14.387108
2025-02-19,11.497441,2.789520,1.024993,1.879306,7.297705,7.830809,15.817434,1.439813,9.166081,5.963275,1.755036,14.154842,9.654128,9.721689,4.537355,11.833031,14.391109
2025-02-20,11.442446,2.782523,1.024616,1.858427,7.212281,7.850271,15.730386,1.448341,9.141731,5.942416,1.738686,14.045324,9.706224,9.530385,4.504678,11.949937,14.330026
2025-02-21,11.247243,2.742664,1.015965,1.821890,7.087701,8.002670,15.228252,1.401754,8.967535,5.965737,1.678662,13.909192,9.803012,9.162826,4.396039,11.918697,14.032612
2025-02-24,11.182028,2.722585,1.017141,1.838498,7.092195,8.021251,15.025343,1.382396,9.007615,5.988939,1.685381,13.768986,9.819093,8.911133,4.330199,11.996915,13.866967
2025-02-25,11.092256,2.730221,1.037016,1.841108,7.118432,8.109263,14.784549,1.358672,8.883853,5.988713,1.658952,13.627329,9.947583,8.672121,4.247171,12.015510,13.692253
2025-02-26,11.095306,2.736180,1.023840,1.824974,7.029713,7.893018,14.976976,1.352777,8.795083,5.955111,1.613710,13.682205,9.797279,8.801858,4.249333,11.872928,13.725329
2025-02-27,10.873616,2.676983,1.021022,1.764237,7.013893,7.884511,14.452951,1.367888,8.756532,5.836884,1.584146,13.492608,9.780862,8.381649,4.110674,11.857294,13.344158
2025-02-28,10.999533,2.703744,1.036040,1.809078,7.098809,7.972384,14.651593,1.398553,8.887874,5.851333,1.591313,13.609146,9.849702,8.531194,4.192208,12.036855,13.554882
2025-03-03,10.818540,2.668489,1.025392,1.788674,7.048042,8.010219,14.279470,1.334813,8.768466,5.801023,1.562197,13.402632,9.909364,8.132328,4.062904,12.002194,13.258268
2025-03-04,10.765046,2.621034,1.023396,1.793182,6.969922,7.905789,14.298349,1.310138,8.776540,5.775572,1.511355,13.224317,9.790980,8.107654,4.051961,11.827065,13.218257
2025-03-05,10.889500,2.585961,1.038702,1.846090,6.991518,7.969072,14.489527,1.291316,8.878789,5.892162,1.556597,13.413661,9.761763,8.209640,4.122839,11.841722,13.390571
2025-03-06,10.634421,2.502758,1.034066,1.823551,7.041186,7.965068,13.958436,1.276706,8.679860,5.843789,1.524794,12.957694,9.698848,7.591298,4.000169,11.851268,13.022204
2025-03-07,10.721396,2.537449,1.039856,1.883576,7.150320,7.926387,14.132828,1.292747,8.723089,5.888609,1.578547,12.885265,9.719401,7.697503,4.022403,12.091345,13.117964
2025-03-10,10.419947,2.545147,1.024971,1.895914,7.090684,7.863630,13.512869,1.268844,8.429554,5.843569,1.526585,12.433469,9.677250,7.237804,3.809790,12.017002,12.609559
2025-03-11,10.324438,2.537134,1.007247,1.823788,6.869211,7.811857,13.471753,1.297846,8.344279,5.717050,1.522554,12.338954,9.562447,7.347578,3.830383,11.824645,12.579417
2025-03-12,10.350841,2.538355,1.000814,1.823551,6.789087,7.626571,13.611160,1.316139,8.411209,5.687300,1.536888,12.420518,9.474672,7.597694,3.914551,11.640262,12.721322
2025-03-13,10.189129,2.541245,1.008804,1.789860,6.697561,7.645580,13.383853,1.301307,8.153072,5.625560,1.498589,12.108679,9.471255,7.349456,3.815178,11.599418,12.492460
2025-03-14,10.400833,2.595154,1.013790,1.867917,6.770372,7.676318,13.779930,1.338090,8.281833,5.668700,1.544279,12.403850,9.592660,7.561178,3.913233,11.764822,12.794409
2025-03-17,10.560014,2.608122,1.024495,1.901608,6.862949,7.793181,14.018016,1.366938,8.393652,5.727714,1.559957,12.644735,9.697682,7.640272,3.880704,11.915753,12.877365
2025-03-18,10.443817,2.589402,1.025385,1.859139,6.802304,7.743972,13.885479,1.372933,8.256008,5.677595,1.542711,12.363438,9.671846,7.387468,3.781762,11.900324,12.657839
2025-03-19,10.536130,2.610515,1.023249,1.883814,6.824130,7.706834,14.017451,1.398585,8.400413,5.679413,1.567796,12.602532,9.685840,7.564249,3.853858,11.879491,12.827218
2025-03-20,10.493309,2.617765,1.018797,1.874798,6.787542,7.687510,13.907423,1.403901,8.399304,5.655694,1.560405,12.620763,9.665639,7.586386,3.837049,11.801629,12.783739
2025-03-21,10.480038,2.599309,1.020088,1.861512,6.749919,7.729384,13.856174,1.394880,8.468705,5.651796,1.572051,12.605619,9.604171,7.652918,3.889421,11.768898,12.825884
2025-03-24,10.681304,2.605878,1.021780,1.901371,6.865980,7.795184,14.186716,1.413672,8.628248,5.707614,1.589521,12.992093,9.641599,7.963842,4.006712,11.815969,13.107340
2025-03-25,10.696416,2.569329,1.018130,1.903506,6.862864,7.756336,14.213901,1.425454,8.772793,5.654629,1.587057,13.094644,9.616889,8.021880,4.044817,11.713863,13.182138
2025-03-26,10.591187,2.578362,1.026988,1.906827,6.940231,7.870008,13.955074,1.413726,8.667136,5.578732,1.567124,12.903289,9.740205,7.632459,3.924981,11.854116,12.939578
2025-03-27,10.551208,2.570142,1.034333,1.901133,6.978575,8.056306,13.758554,1.395068,8.612126,5.577109,1.542263,12.971593,9.836547,7.502282,3.892232,11.849661,12.865848
2025-03-28,10.294909,2.579887,1.021824,1.881678,6.855627,7.977381,13.377170,1.374564,8.309346,5.502761,1.459170,12.454727,9.790924,7.246472,3.768691,11.796465,12.527118
2025-03-31,10.293489,2.611671,1.036358,1.879780,6.934464,8.080106,13.329256,1.398653,8.320353,5.465082,1.461410,12.351986,9.939939,7.177563,3.760781,11.936923,12.526584
2025-04-01,10.324597,2.620576,1.039585,1.878594,6.984365,8.118013,13.389080,1.416508,8.372206,5.383186,1.480447,12.443434,9.958881,7.226802,3.817256,11.919794,12.627562
2025-04-02,10.416508,2.643016,1.045483,1.896151,7.038541,8.138961,13.524092,1.421135,8.407783,5.435592,1.503964,12.614991,9.968117,7.324052,3.858189,11.938088,12.719724
2025-04-03,9.872550,2.606400,1.039875,1.811450,6.801848,8.118073,12.520457,1.267986,7.987167,5.267527,1.382124,11.920575,9.986010,6.897506,3.622561,11.497922,12.038792
2025-04-04,9.269144,2.448388,0.974752,1.722954,6.492460,7.814971,11.636275,1.103052,7.468054,4.967927,1.307318,11.352081,9.459420,6.382364,3.424479,10.801282,11.291076
2025-04-07,9.280026,2.446563,0.947821,1.797215,6.398228,7.789529,11.749020,1.112910,7.509569,4.941252,1.310901,11.214977,9.308417,6.526534,3.451110,10.730114,11.318324
2025-04-08,9.075202,2.459417,0.919934,1.737427,6.324752,7.632269,11.439381,1.078253,7.379596,4.802101,1.285817,10.983478,9.182441,6.508362,3.389650,10.448666,11.114498
2025-04-09,10.068684,2.578845,0.992579,1.867206,6.821910,7.972986,13.167834,1.206906,8.172474,5.129539,1.432294,12.133469,9.589460,7.290153,3.857565,11.325497,12.448580
2025-04-10,9.635536,2.561739,0.961220,1.789386,6.659279,7.931026,12.411673,1.121719,7.788922,4.912247,1.356367,11.656346,9.532803,6.966304,3.680301,10.882555,11.919115
2025-04-11,9.788257,2.605645,0.983365,1.836125,6.780484,8.007127,12.595988,1.167789,7.855729,5.014903,1.401834,11.832965,9.688510,7.107751,3.759235,10.966310,12.138701
2025-04-14,9.874498,2.636073,0.992713,1.886898,6.833896,8.135416,12.668089,1.159741,7.895634,5.127778,1.394666,11.895227,9.813898,7.119424,3.760577,11.082000,12.220979
2025-04-15,9.885331,2.636201,1.003707,1.910149,6.803761,8.043693,12.739149,1.162837,7.954612,5.100836,1.388619,11.873399,9.772968,7.197226,3.740567,11.021266,12.234603
2025-04-16,9.668179,2.603914,0.997075,1.874798,6.667220,7.980977,12.381548,1.176465,7.760330,5.004352,1.349200,11.591596,9.651185,7.038327,3.616174,10.864147,11.865687
2025-04-17,9.723504,2.643054,1.006267,1.890931,6.759462,8.176219,12.340791,1.222016,7.832112,5.018409,1.366222,11.677158,9.747602,7.048822,3.595078,11.087352,11.863550
2025-04-21,9.521612,2.559368,0.987861,1.846090,6.639026,8.141239,12.045125,1.181102,7.622138,4.955873,1.350208,11.425430,9.569703,6.832854,3.479850,10.968692,11.569967
2025-04-22,9.747043,2.640955,1.011809,1.918690,6.773122,8.278274,12.320208,1.208547,7.812943,5.068246,1.375629,11.762956,9.774507,7.003524,3.578881,11.187229,11.873701
2025-04-23,9.922038,2.656909,0.997565,1.941467,6.770155,8.231366,12.693396,1.165212,7.986942,5.138424,1.398922,12.028512,9.716904,7.112827,3.689920,11.244983,12.142975
2025-04-24,10.194666,2.662738,1.000503,1.974445,6.903275,8.071755,13.299882,1.175831,8.158122,5.253601,1.450659,12.289072,9.644815,7.340189,3.798400,11.360551,12.484644
2025-04-25,10.237095,2.664209,0.997988,1.964955,6.777056,8.043405,13.409574,1.179553,8.257324,5.256156,1.463426,12.415167,9.599054,7.325471,3.894194,11.334671,12.623822
2025-04-28,10.247860,2.681017,0.997097,1.939332,6.783612,7.999998,13.417482,1.180241,8.289511,5.278750,1.454243,12.434540,9.607021,7.358893,3.881710,11.337334,12.619815
2025-04-29,10.303032,2.710727,1.002839,1.962108,6.849787,8.065985,13.433004,1.170505,8.375434,5.279243,1.485375,12.607537,9.690413,7.391318,3.899259,11.322974,12.703162
2025-04-30,10.335278,2.701731,1.008737,1.759729,6.902909,8.181383,13.498091,1.142160,8.379561,5.350459,1.474624,12.545190,9.764435,7.416590,3.876932,11.320436,12.701559
2025-05-01,10.339196,2.741475,0.997209,1.816907,6.861162,8.099506,13.531916,1.167104,8.385824,5.288805,1.464993,12.630515,9.677496,7.420425,3.966095,11.227850,12.867451
2025-05-02,10.535472,2.763196,1.012566,1.849649,6.968143,8.174485,13.827520,1.190347,8.466942,5.440041,1.505980,12.879808,9.723342,7.483730,4.027904,11.354302,13.058454
2025-05-05,10.499846,2.758451,1.007090,1.829245,6.951872,8.180096,13.769866,1.168506,8.501634,5.419050,1.535096,12.762179,9.686075,7.474218,3.995621,11.263858,12.980984
2025-05-06,10.401905,2.835422,0.994983,1.769693,6.867637,8.135533,13.687998,1.161757,8.547223,5.186415,1.524122,12.625465,9.664914,7.398899,3.965995,11.178240,12.860238
2025-05-07,10.455324,2.824688,1.000792,1.787488,6.958555,8.151003,13.830337,1.149713,8.447309,5.228287,1.538456,12.633040,9.683475,7.343121,3.938892,11.224215,12.910727
2025-05-08,10.541490,2.785475,1.008737,1.799588,7.039592,8.150833,13.949752,1.178090,8.549737,5.240589,1.578547,12.837086,9.608244,7.273481,3.987956,11.279186,13.044028
2025-05-09,10.557915,2.796353,1.007469,1.769219,7.000408,8.110200,14.027455,1.189386,8.673941,5.175056,1.573619,12.848984,9.581403,7.300750,3.998804,11.426984,13.035480
2025-05-12,10.976874,2.760804,1.011386,1.788437,7.240501,8.148801,14.771190,1.229496,8.898733,5.428111,1.619533,13.493710,9.459419,7.407657,4.203660,11.745707,13.566548
2025-05-13,11.052903,2.761396,1.003040,1.783692,7.211542,8.001893,15.035822,1.252626,8.948446,5.373509,1.619085,13.711683,9.365527,7.486771,4.288400,11.724873,13.773312
2025-05-14,11.038041,2.740074,0.992579,1.795792,7.212164,7.952707,15.035565,1.241264,9.048427,5.284282,1.627820,13.771307,9.304291,7.482407,4.353761,11.553166,13.855857
2025-05-15,11.100053,2.795768,1.010941,1.804333,7.306043,8.098281,15.041224,1.231390,9.069979,5.359144,1.602959,13.792108,9.541406,7.572777,4.326367,11.736020,13.871084
2025-05-16,11.174997,2.844704,1.018842,1.826635,7.369901,8.161797,15.091604,1.228813,9.094985,5.444018,1.616622,13.891201,9.639796,7.660816,4.346714,11.818192,13.931457
2025-05-19,11.189993,2.860064,1.024540,1.824737,7.398658,8.186824,15.041131,1.223014,9.107052,5.522932,1.619757,13.891574,9.684839,7.710739,4.347530,11.827975,13.944814
2025-05-20,11.186696,2.854775,1.023471,1.811925,7.339528,8.240980,15.012245,1.209432,9.115833,5.582762,1.626252,13.834926,9.678195,7.736992,4.324318,11.818394,13.898332
2025-05-21,10.993573,2.811546,1.013790,1.754746,7.232098,8.138586,14.740928,1.189341,9.036043,5.421735,1.604751,13.617251,9.591508,7.609812,4.297883,11.612039,13.705192
2025-05-22,10.991809,2.795118,1.021580,1.759017,7.242196,8.116592,14.712612,1.188280,9.032603,5.432791,1.600272,13.693061,9.537816,7.584870,4.324298,11.511133,13.730837
2025-05-23,10.896706,2.826238,1.021357,1.755458,7.114346,8.098019,14.545853,1.188841,8.978514,5.414067,1.564436,13.503715,9.575827,7.620409,4.269080,11.432247,13.603680
2025-05-27,11.115402,2.858617,1.041499,1.770168,7.209487,8.185457,14.935965,1.203900,9.176887,5.528071,1.600944,13.651471,9.623592,7.726447,4.393380,11.657459,13.923710
2025-05-28,11.041417,2.828478,1.029392,1.761389,7.160468,8.143854,14.794948,1.189710,9.210756,5.515452,1.600048,13.519904,9.561198,7.682650,4.381418,11.552936,13.862001
2025-05-29,11.036549,2.836048,1.032886,1.757356,7.142415,8.229021,14.739794,1.207416,9.111323,5.579669,1.588625,13.488909,9.640802,7.673929,4.401280,11.649662,13.889249
2025-05-30,11.003758,2.857560,1.040676,1.745256,7.153052,8.283050,14.682369,1.188126,9.155351,5.468051,1.574067,13.486864,9.699010,7.691961,4.390838,11.645478,13.867344
2025-06-02,11.055652,2.868148,1.033977,1.738376,7.105595,8.285612,14.825598,1.205877,9.165849,5.466789,1.588625,13.576835,9.668911,7.737852,4.422005,11.658818,13.976870
2025-06-03,11.179852,2.855284,1.050113,1.795792,7.176985,8.334089,15.100582,1.229984,9.130652,5.509265,1.597584,13.711733,9.651138,7.779884,4.435708,11.807518,14.086129
2025-06-04,11.195296,2.797512,1.057816,1.828296,7.157533,8.219600,15.202910,1.213224,9.182122,5.504451,1.630508,13.733372,9.610984,7.770775,4.454456,11.718748,14.125398
2025-06-05,11.183501,2.776922,1.049979,1.855343,7.139656,8.262730,15.279627,1.202675,9.134704,5.474320,1.623117,13.549415,9.606001,7.695560,4.365284,11.682620,14.019078
2025-06-06,11.267676,2.793926,1.055449,1.862935,7.191109,8.275203,15.405989,1.228421,9.258512,5.549828,1.644618,13.497979,9.629847,7.702889,4.423878,11.768408,14.156119
2025-06-09,11.298512,2.785120,1.054243,1.872425,7.169104,8.243297,15.543640,1.242250,9.209722,5.562491,1.647306,13.480975,9.569316,7.662108,4.453993,11.809085,14.176956
2025-06-10,11.395971,2.785988,1.061812,1.923435,7.220571,8.273167,15.694605,1.269437,9.345760,5.605072,1.674406,13.531154,9.641925,7.670548,4.504475,11.975048,14.270721
2025-06-11,11.338937,2.781447,1.046138,1.940518,7.169302,8.237750,15.590511,1.283232,9.329124,5.564335,1.671046,13.482605,9.571845,7.678921,4.484345,11.932193,14.222636
2025-06-12,11.355609,2.828984,1.050581,1.954279,7.181325,8.337304,15.624759,1.278423,9.237402,5.588624,1.675526,13.392019,9.667023,7.660859,4.487094,12.001237,14.256028
2025-06-13,11.186727,2.804537,1.040422,1.925571,7.082946,8.248297,15.299797,1.309092,9.118808,5.539809,1.586386,13.220147,9.581016,7.614225,4.443487,11.909524,14.077047
2025-06-16,11.328445,2.806205,1.041807,1.944077,7.095250,8.295973,15.623973,1.291860,9.289972,5.556728,1.618413,13.356194,9.542825,7.703658,4.500839,11.889750,14.272858
2025-06-17,11.212870,2.782206,1.029080,1.895439,7.010751,8.218906,15.548904,1.310091,9.159898,5.439971,1.582802,13.149772,9.471841,7.582524,4.456655,11.780883,14.133680
2025-06-18,11.200661,2.787339,1.024168,1.887847,6.997347,8.225855,15.548700,1.282060,9.145790,5.447295,1.535768,13.122916,9.477735,7.605435,4.454637,11.739496,14.131275
2025-06-20,11.174494,2.795260,1.017827,1.889745,6.979513,8.287436,15.461955,1.282690,9.087383,5.438509,1.568916,13.126852,9.537563,7.624856,4.410738,11.792591,14.073574
2025-06-23,11.263205,2.852717,1.026512,1.898998,7.054401,8.336548,15.625608,1.230273,9.181239,5.404078,1.612814,13.304886,9.619062,7.812840,4.474156,11.730808,14.218284
2025-06-24,11.451135,2.866550,1.034126,1.921775,7.116161,8.345533,15.980860,1.224705,9.353823,5.522749,1.647977,13.489801,9.628595,7.938518,4.519733,11.844422,14.435710
2025-06-25,11.394462,2.818212,1.027517,1.927943,7.047219,8.231285,15.961828,1.212659,9.338443,5.511781,1.636555,13.361607,9.452422,7.875563,4.538386,11.753822,14.472617
2025-06-26,11.480330,2.849385,1.037029,1.933637,7.091347,8.237038,16.083144,1.237029,9.408053,5.556650,1.638795,13.490966,9.507075,7.935346,4.586849,11.810076,14.607940
2025-06-27,11.521841,2.852001,1.035533,1.916080,7.149740,8.239017,16.096131,1.228003,9.551628,5.563230,1.649321,13.607059,9.548306,7.997407,4.631445,11.822088,14.657950
2025-06-30,11.587310,2.878655,1.047567,1.907539,7.186108,8.306294,16.184568,1.222108,9.648623,5.600002,1.664551,13.620103,9.645552,8.093849,4.633941,11.876751,14.752890
2025-07-01,11.598017,2.856217,1.064469,1.943365,7.267299,8.434625,16.101767,1.240139,9.574938,5.670409,1.686277,13.623947,9.749582,7.772915,4.564381,12.101682,14.628532
2025-07-02,11.643707,2.825484,1.065407,1.931739,7.213624,8.477466,16.229195,1.266238,9.570311,5.716421,1.709122,13.638859,9.713290,7.903451,4.625222,12.133645,14.730426
2025-07-03,11.752964,2.851726,1.061857,1.948347,7.264582,8.482651,16.490323,1.258446,9.653895,5.712097,1.715393,13.728777,9.777873,7.990841,4.667091,12.114280,14.875377
2025-07-07,11.648246,2.865836,1.048483,1.936010,7.198318,8.450302,16.290730,1.236407,9.568861,5.659258,1.706210,13.673713,9.770378,7.983730,4.608856,12.000884,14.763320
2025-07-08,11.711703,2.846013,1.049286,1.965192,7.206980,8.427544,16.468032,1.278715,9.581737,5.699393,1.680453,13.643959,9.739392,7.920663,4.592665,12.113677,14.771611
2025-07-09,11.733842,2.866328,1.052234,2.004814,7.224805,8.340539,16.496996,1.258988,9.640278,5.743207,1.675974,13.647313,9.735951,8.075201,4.642242,12.122467,14.876179
2025-07-10,11.692958,2.881918,1.050157,2.041589,7.176444,8.333404,16.347640,1.269101,9.578618,5.793132,1.695459,13.658799,9.767435,7.993067,4.660031,12.214893,14.854784
2025-07-11,11.615561,2.895164,1.046741,2.026879,7.126782,8.345464,16.212827,1.290688,9.511965,5.695375,1.598256,13.653841,9.730012,7.940531,4.678253,12.128594,14.821354
2025-07-14,11.670221,2.907453,1.046674,2.031861,7.179617,8.406812,16.247627,1.266931,9.667053,5.729848,1.654921,13.655881,9.753121,8.163068,4.693219,12.185154,14.875109
2025-07-15,11.584691,2.868464,1.028321,1.995087,7.079034,8.271798,16.263527,1.234743,9.639183,5.623580,1.634091,13.476846,9.610067,8.077309,4.705998,11.976454,14.888748
2025-07-16,11.608678,2.861019,1.026334,2.019999,7.091444,8.333599,16.272074,1.223521,9.683018,5.646583,1.634315,13.524350,9.689968,8.171655,4.711068,12.050308,14.903992
2025-07-17,11.700787,2.870357,1.029951,2.015491,7.160152,8.532171,16.407185,1.251422,9.739884,5.636288,1.654249,13.606135,9.848541,8.268824,4.732716,12.198714,15.024606
2025-07-18,11.705981,2.926426,1.038257,2.009559,7.161516,8.491252,16.418156,1.262000,9.676375,5.589537,1.661192,13.718047,9.880127,8.215345,4.754441,12.181919,15.010165
2025-07-21,11.737264,2.944067,1.050358,2.016914,7.142542,8.462813,16.469479,1.257236,9.809225,5.574342,1.675750,13.740014,9.928034,8.252423,4.798142,12.195367,15.087989
2025-07-22,11.790328,2.982285,1.053908,2.020473,7.215608,8.611873,16.389891,1.268818,9.783305,5.701355,1.702178,13.900647,10.081741,8.101882,4.768271,12.516596,15.009897
2025-07-23,11.838953,2.965738,1.049376,2.159031,7.234675,8.594857,16.351257,1.351055,9.883141,5.793388,1.716961,13.948039,10.028849,8.141103,4.791546,12.589288,15.078361
2025-07-24,11.828664,2.968759,1.052725,2.205533,7.203265,8.595946,16.331993,1.374348,9.905151,5.782321,1.742941,13.851147,10.075383,8.104088,4.787368,12.582011,15.110454
2025-07-25,11.850420,2.990468,1.055851,2.205770,7.258367,8.589107,16.391510,1.376045,9.705172,5.822672,1.746525,13.949089,10.080826,8.236247,4.811447,12.543950,15.146825
2025-07-28,11.857941,2.955433,1.043727,2.215023,7.193303,8.492065,16.517825,1.411633,9.704435,5.768230,1.751900,13.949467,9.953357,8.258528,4.843299,12.423232,15.194161
2025-07-29,11.843199,2.995918,1.052770,2.267931,7.160843,8.597905,16.544285,1.408788,9.533086,5.807592,1.600272,13.826047,10.088408,8.180470,4.832490,12.516899,15.170627
2025-07-30,11.798351,3.056820,1.040981,2.283590,7.045667,8.487505,16.507223,1.398472,9.575811,5.774024,1.561301,13.736259,10.051704,8.247268,4.839333,12.516634,15.190952
2025-07-31,11.599366,3.084592,1.027651,2.258441,7.058483,8.294063,16.062129,1.380265,9.651176,5.587917,1.540024,13.555260,9.953043,8.244867,4.867029,12.416975,15.110454
2025-08-01,11.424394,3.067599,1.025753,2.244443,6.928405,8.341613,15.720592,1.344974,9.496452,5.621525,1.503068,13.245268,9.947308,8.052986,4.755642,12.313150,14.812796
2025-08-04,11.598124,3.125585,1.043593,2.297351,6.968362,8.346495,15.918817,1.356230,9.684155,5.808431,1.523226,13.505622,10.042162,8.301750,4.851608,12.365632,15.086117
2025-08-05,11.507755,3.075031,1.049041,2.290945,7.128191,8.299528,15.743377,1.351269,9.589759,5.627725,1.519194,13.510127,10.003045,8.376591,4.818891,12.329738,14.983688
2025-08-06,11.578709,3.067175,1.052703,2.284539,7.173441,8.275515,15.928134,1.339134,9.672629,5.549437,1.554806,13.668277,9.988511,8.676826,4.920713,12.258376,15.172231
2025-08-07,11.529922,3.071589,1.048125,2.262000,7.114871,8.403527,15.782345,1.316552,9.681606,5.567304,1.527929,13.600391,10.040924,8.681204,4.945090,12.276636,15.223579
2025-08-08,11.528808,3.065413,1.054801,2.242070,7.113579,8.527489,15.833023,1.326162,9.348657,5.651082,1.515163,13.588158,10.084118,8.739295,5.015796,12.321227,15.365588
2025-08-11,11.463937,3.041874,1.050247,2.194619,7.082703,8.498940,15.714996,1.292895,9.371599,5.635107,1.502396,13.505658,10.045189,8.713153,5.018523,12.187968,15.320124
2025-08-12,11.625692,3.053313,1.056610,2.098768,7.093284,8.509038,16.029753,1.297813,9.545302,5.712909,1.522330,13.746137,10.005296,8.781711,5.081233,12.225375,15.512679
2025-08-13,11.736279,3.052480,1.061969,2.077415,7.180648,8.546173,16.203021,1.309985,9.603198,5.807534,1.581906,13.829870,10.076230,8.673371,5.056546,12.431855,15.520434
2025-08-14,11.658872,3.032153,1.066434,2.087142,7.123053,8.482336,16.109804,1.324535,9.496394,5.775309,1.553910,13.712831,10.015908,8.514022,5.074655,12.382288,15.508400
2025-08-15,11.640761,3.011056,1.071904,2.127238,7.106104,8.520010,15.955043,1.315057,9.594093,5.829901,1.550550,13.761608,10.031966,8.489981,5.055368,12.409469,15.440203
2025-08-18,11.661237,2.997692,1.068399,2.091650,7.128185,8.473297,16.027935,1.312850,9.618626,5.785651,1.557269,13.855410,9.994765,8.556140,5.052093,12.331771,15.434052
2025-08-19,11.594751,3.021195,1.071547,2.110393,7.183358,8.554503,15.817260,1.311440,9.460676,5.809538,1.546519,13.789418,10.113011,8.206012,4.973258,12.482016,15.224649
2025-08-20,11.568869,3.021808,1.076995,2.093785,7.133224,8.595045,15.774250,1.304770,9.422167,5.856717,1.524794,13.685881,10.177835,8.202358,4.928442,12.426603,15.134255
2025-08-21,11.526930,3.010874,1.073311,2.096395,7.122693,8.531910,15.674446,1.314672,9.430335,5.822031,1.512923,13.713438,10.089345,8.156875,4.895793,12.402047,15.064187
2025-08-22,11.729342,3.027757,1.075454,2.164250,7.235455,8.515004,16.004962,1.359485,9.624889,5.856043,1.565556,14.056467,10.138378,8.332518,5.001609,12.611023,15.296590
2025-08-25,11.618672,3.003723,1.066925,2.147405,7.120093,8.278324,15.893778,1.363914,9.650210,5.731332,1.556149,13.962487,9.938071,8.268073,5.012487,12.496917,15.252463
2025-08-26,11.621548,3.007389,1.076013,2.120358,7.123320,8.180537,15.921729,1.358072,9.626528,5.758382,1.571827,13.972374,9.846329,8.381599,5.030212,12.443648,15.313706
2025-08-27,11.666253,3.010518,1.077776,2.122256,7.130661,8.212264,16.022955,1.377735,9.657324,5.749526,1.559957,14.014087,9.891272,8.314457,5.040104,12.510247,15.337240
2025-08-28,11.715127,2.995561,1.076526,2.143135,7.098725,8.174264,16.164103,1.399772,9.764530,5.714780,1.569140,14.058356,9.842639,8.411208,5.078154,12.444358,15.433250
2025-08-29,11.616537,2.962503,1.067908,2.123205,7.062933,8.219613,15.930573,1.395237,9.710905,5.719599,1.572051,13.922226,9.828123,8.288905,5.011963,12.500516,15.254602
2025-09-02,11.527242,2.946585,1.058642,2.090701,6.991422,8.130441,15.734927,1.399781,9.737615,5.726399,1.550998,13.829171,9.736904,8.277400,4.969940,12.391252,15.126767
2025-09-03,11.529780,2.952408,1.053372,2.084532,6.942945,8.175439,15.695605,1.358872,9.900122,5.726212,1.559733,13.849357,9.764029,8.273308,5.101441,12.368481,15.245777
2025-09-04,11.610926,2.941855,1.058099,2.113952,7.031572,8.178321,15.814837,1.380951,9.931275,5.762652,1.533304,14.022293,9.797676,8.360486,5.163297,12.345452,15.383774
2025-09-05,11.627957,2.926474,1.051670,2.122493,6.974532,8.202732,15.959694,1.350426,9.961914,5.817784,1.528825,13.744488,9.785042,8.410049,5.214249,12.388867,15.405971
2025-09-08,11.668526,2.899720,1.063116,2.089277,6.990117,8.147503,16.060930,1.344354,10.088323,5.813630,1.531961,13.776767,9.832864,8.573353,5.236727,12.235708,15.481121
2025-09-09,11.684482,2.913939,1.060450,2.091175,6.922366,8.192229,16.090812,1.336708,10.166511,5.825719,1.515835,13.783355,9.843297,8.602701,5.268134,12.242818,15.524981
2025-09-10,11.594308,2.967074,1.058793,2.047520,6.914078,8.104233,15.963652,1.374753,10.031258,5.725242,1.470145,13.654120,9.732904,8.779233,5.285078,12.236856,15.530062
2025-09-11,11.756020,2.973798,1.083185,2.065552,7.008112,8.157324,16.185184,1.369480,10.273969,5.828467,1.506652,13.812341,9.856584,8.760475,5.318735,12.319527,15.620456
2025-09-12,11.719696,2.994584,1.079713,2.059383,6.946704,8.134064,16.109812,1.354864,10.432556,5.738601,1.498141,13.781807,9.826764,8.827779,5.382356,12.260095,15.689455
2025-09-15,11.754357,3.011824,1.067820,2.110868,6.915024,8.032270,16.210547,1.340174,10.568151,5.709924,1.503068,13.843198,9.739691,8.924513,5.476632,12.155539,15.823708
2025-09-16,11.764144,2.957287,1.056038,2.090938,6.879544,8.093677,16.238048,1.373305,10.510600,5.703695,1.497245,13.985880,9.639625,8.925603,5.483884,12.125393,15.810336
2025-09-17,11.808709,2.966285,1.074830,2.084770,6.843226,8.152460,16.318114,1.372570,10.565371,5.711790,1.536888,14.039038,9.701761,8.880757,5.448255,12.152253,15.778778
2025-09-18,11.954347,2.961326,1.066185,2.117748,6.843120,8.105440,16.796562,1.385213,10.555047,5.716509,1.534648,14.090283,9.638526,9.174139,5.457361,12.138473,15.921055
2025-09-19,11.958680,2.988963,1.072927,2.066501,6.823826,8.133791,16.783532,1.381315,10.678249,5.663902,1.527929,14.117010,9.653993,9.276121,5.508485,12.199286,16.028832
2025-09-22,12.000474,3.027836,1.070127,2.047758,6.796831,8.042172,16.950483,1.381976,10.697280,5.675777,1.515835,14.091886,9.644866,9.257453,5.519235,12.107949,16.123721
2025-09-23,11.968307,3.034407,1.075010,2.024032,6.825885,8.107400,16.816778,1.416913,10.710829,5.634708,1.507548,14.061905,9.666014,9.181715,5.457426,12.219383,16.016623
2025-09-24,11.946752,3.095975,1.061996,1.994138,6.737522,8.131928,16.786255,1.442632,10.624624,5.575832,1.519866,14.162341,9.742526,9.005134,5.455678,12.276071,15.960396
2025-09-25,11.869667,3.044882,1.061212,1.971361,6.742596,8.005232,16.706585,1.451844,10.624408,5.484558,1.494781,14.048938,9.694326,8.882012,5.414940,12.069289,15.891585
2025-09-26,11.971597,3.090810,1.062623,1.992714,6.805147,8.015105,16.856109,1.470179,10.719488,5.530062,1.507324,14.170142,9.755638,8.944622,5.425050,12.228158,15.956915
2025-09-29,12.042043,3.113010,1.067282,1.998408,6.867805,8.022395,16.947664,1.447459,10.794983,5.548367,1.560629,14.311407,9.807892,9.157502,5.424566,12.215142,16.030813
2025-09-30,12.040121,3.139039,1.063945,2.001730,6.876476,8.066323,16.937988,1.418840,10.794874,5.618675,1.501949,14.164093,9.882724,9.159138,5.436150,12.307823,16.074724
2025-10-01,12.102865,3.190407,1.045600,1.980614,6.814024,8.102838,17.096450,1.415779,10.700779,5.785135,1.492990,14.110527,9.843381,9.262073,5.471440,12.395882,16.151835
2025-10-02,12.173807,3.201696,1.051580,1.990579,6.846398,8.041431,17.278855,1.414638,10.667104,5.818187,1.543831,14.196704,9.801038,9.291654,5.477385,12.348901,16.218236
2025-10-03,12.171205,3.224838,1.045421,2.011932,6.848253,8.049842,17.239421,1.437242,10.691782,5.864561,1.550998,14.063157,9.821714,9.263624,5.408648,12.406755,16.149961
2025-10-06,12.233321,3.258986,1.049497,1.925333,6.832706,7.947631,17.521020,1.453779,10.635920,5.813048,1.596688,14.103554,9.831383,9.313792,5.486259,12.327633,16.271250
2025-10-07,12.142448,3.291470,1.053574,1.912284,6.792549,8.009001,17.228856,1.445447,10.664837,5.807025,1.671046,13.933701,9.909225,9.242128,5.445161,12.408482,16.185571
2025-10-08,12.262807,3.318189,1.047885,1.874323,6.823391,7.969371,17.619701,1.435363,10.633603,5.832803,1.705090,13.955964,9.876242,9.401178,5.493180,12.350760,16.371120
2025-10-09,12.190560,3.331283,1.026225,1.839447,6.727523,8.060930,17.491327,1.412565,10.525012,5.805724,1.696579,13.933265,9.885498,9.348528,5.497043,12.344163,16.351306
2025-10-10,11.813522,3.304113,1.016504,1.793182,6.591049,8.113541,16.681603,1.349033,10.285110,5.686430,1.564212,13.543581,9.912492,8.913692,5.278537,12.342269,15.783683
2025-10-13,12.017370,3.318540,1.022820,1.783692,6.564209,8.089823,17.207168,1.366820,10.405094,5.712234,1.542263,13.847465,9.911926,9.200740,5.437438,12.374277,16.118634
2025-10-14,12.033486,3.365130,1.028666,1.796741,6.625199,8.219298,17.083410,1.355558,10.472711,5.761900,1.548758,13.866663,10.010746,9.120620,5.385421,12.542219,16.011268
2025-10-15,12.060794,3.415148,1.011128,1.783929,6.528934,8.204358,17.219095,1.350641,10.557697,5.758172,1.522554,13.807299,9.968832,9.132998,5.435453,12.536708,16.124257
2025-10-16,11.995919,3.376566,0.995046,1.763999,6.481041,8.242851,17.168720,1.341328,10.453987,5.740836,1.479327,13.661410,9.888372,9.045276,5.421594,12.522088,16.064549
2025-10-17,12.075344,3.363324,1.009941,1.755458,6.547148,8.330007,17.245060,1.347757,10.494454,5.821207,1.509787,13.775436,9.961708,9.074573,5.452712,12.611832,16.170042
2025-10-20,12.239564,3.338841,1.011442,1.778472,6.650119,8.328185,17.581753,1.374339,10.573361,5.893161,1.549878,13.945412,9.981424,9.134918,5.530705,12.688187,16.373797
2025-10-21,12.310192,3.300064,1.008127,1.823313,6.748737,8.295304,17.667113,1.382972,10.647152,5.915988,1.568916,14.120387,9.995251,9.085468,5.501297,12.690763,16.369513
2025-10-22,12.193418,3.281268,1.007768,1.831380,6.683901,8.321888,17.355693,1.394771,10.517424,5.994122,1.524570,13.978601,9.999266,8.839907,5.461396,12.629584,16.211810
2025-10-23,12.283382,3.298985,1.008127,1.842531,6.701798,8.271727,17.564832,1.442182,10.563301,6.023070,1.560181,14.023805,9.855795,9.039660,5.517806,12.527047,16.348093
2025-10-24,12.334568,3.357720,0.998988,1.847988,6.718848,8.229481,17.712753,1.412313,10.604337,6.018622,1.562645,14.046593,9.831102,9.227024,5.590771,12.508509,16.522664
2025-10-27,12.485568,3.368571,0.996345,1.853445,6.709613,8.358480,18.004128,1.394794,10.769955,6.044257,1.573395,14.316360,9.794374,9.416208,5.734688,12.672513,16.816918
2025-10-28,12.443470,3.330399,0.991641,1.856055,6.675255,8.283195,17.943750,1.397906,10.698943,6.069685,1.635435,14.254359,9.728715,9.418304,5.803135,12.542581,16.946240
2025-10-29,12.316701,3.406592,0.967652,1.672893,6.522958,7.978756,17.827019,1.416955,10.663543,6.015613,1.560629,14.130938,9.576812,9.535799,5.903890,12.280641,17.022548
2025-10-30,12.237394,3.382814,0.962948,1.652252,6.560369,8.033928,17.693908,1.413466,10.469551,6.002659,1.521434,13.972509,9.612785,9.207197,5.767283,12.274022,16.762298
2025-10-31,12.298881,3.337966,0.936943,1.632559,6.582912,7.995312,17.868502,1.416164,10.597102,5.965429,1.551446,14.079632,9.525307,9.337926,5.822716,12.241402,16.843158
2025-11-03,12.283435,3.339551,0.923235,1.646083,6.517586,7.900904,17.912265,1.410034,10.433438,6.066871,1.530617,14.048640,9.483994,9.289518,5.878771,12.083838,16.923749
2025-11-04,12.078281,3.315927,0.936137,1.655810,6.537044,7.900503,17.340080,1.365266,10.325212,6.046081,1.479999,13.911743,9.533224,8.957047,5.714723,12.054527,16.580230
2025-11-05,12.193242,3.305013,0.936786,1.671232,6.463979,7.934661,17.576569,1.370726,10.453753,6.111418,1.524346,14.113035,9.530184,8.917033,5.760359,12.266927,16.688132
2025-11-06,11.988427,3.261752,0.930268,1.598157,6.307834,7.861113,17.255712,1.391741,10.308788,6.110730,1.484031,13.666453,9.457378,8.492842,5.632318,12.080927,16.377278
2025-11-07,11.992485,3.303837,0.941893,1.601953,6.354602,7.990885,17.182764,1.414513,10.191888,6.066374,1.483135,13.806847,9.559056,8.570120,5.591157,12.157929,16.325603
2025-11-10,12.123130,3.312434,0.942252,1.595073,6.347232,7.975451,17.495799,1.433570,10.315077,6.128268,1.483807,13.906535,9.582693,8.773939,5.783014,12.140063,16.686793
2025-11-11,12.136122,3.299800,0.955646,1.623069,6.353992,8.105205,17.337500,1.452711,10.331834,6.267959,1.509564,13.961236,9.620795,8.617056,5.757925,12.275824,16.642347
2025-11-12,12.139558,3.309400,0.960820,1.637542,6.349876,8.087479,17.385193,1.421933,10.267880,6.310408,1.505084,13.910183,9.675036,8.434343,5.686423,12.333921,16.629228
2025-11-13,11.962749,3.243995,0.960104,1.625916,6.315360,8.109216,16.986190,1.417764,10.109475,6.325575,1.463202,13.673055,9.674103,8.113127,5.509745,12.320552,16.289725
2025-11-14,11.932834,3.262705,0.948344,1.614528,6.267038,8.116999,16.938007,1.459633,10.054494,6.289951,1.406761,13.698933,9.686050,8.159300,5.523610,12.290493,16.302041
2025-11-17,11.797163,3.299384,0.935935,1.589616,6.192615,8.073313,16.655867,1.433060,9.991449,6.251903,1.386156,13.545945,9.684855,8.031764,5.521440,12.206873,16.162813
2025-11-18,11.754210,3.292601,0.928924,1.585108,6.205911,8.125381,16.481007,1.451468,10.042626,6.331883,1.359503,13.357794,9.631215,8.034013,5.433426,12.322218,15.966019
2025-11-19,11.752996,3.296513,0.925520,1.566365,6.176439,8.067665,16.560115,1.453492,9.981027,6.338236,1.349401,13.311330,9.587243,7.962627,5.488798,12.225894,16.061336
2025-11-20,11.501495,3.259480,0.915015,1.554502,6.125642,8.068909,15.983684,1.435420,9.829895,6.330186,1.304391,12.959624,9.518188,7.692947,5.375512,12.163377,15.681136
2025-11-21,11.688262,3.248947,0.924490,1.595547,6.250322,8.160322,16.186916,1.448446,9.986325,6.490429,1.359728,13.295723,9.605250,7.653214,5.405113,12.436347,15.798944
2025-11-24,11.832748,3.309974,0.913133,1.602665,6.176855,8.106369,16.539599,1.461492,10.153410,6.555007,1.359503,13.421869,9.561995,7.937501,5.648750,12.343093,16.202975
2025-11-25,11.952110,3.294275,0.913536,1.641812,6.255012,8.169551,16.658507,1.459460,10.217916,6.674266,1.374319,13.723440,9.638134,8.009960,5.704709,12.433663,16.302844
2025-11-26,12.022889,3.342576,0.913648,1.609071,6.272409,8.254915,16.765831,1.472303,10.300786,6.684933,1.388013,13.783317,9.679376,8.036011,5.744313,12.550360,16.446892
2025-11-28,12.133922,3.380704,0.919069,1.632322,6.313339,8.303703,16.986149,1.498432,10.396697,6.673766,1.407319,13.868621,9.741983,8.116434,5.789530,12.644789,16.580230
2025-12-01,12.086840,3.295978,0.911946,1.613816,6.293283,8.312055,16.948828,1.515364,10.385862,6.546634,1.404850,13.900918,9.628124,8.015369,5.762457,12.552569,16.524539
2025-12-02,12.218998,3.278254,0.915642,1.618087,6.334416,8.270667,17.270573,1.504219,10.507716,6.578414,1.412033,14.048024,9.596776,8.222876,5.781025,12.671603,16.653860
2025-12-03,12.359401,3.249663,0.919823,1.637542,6.441102,8.257409,17.632613,1.531144,10.468686,6.662169,1.374768,14.118442,9.569837,8.294858,5.753766,12.955471,16.694558
2025-12-04,12.324740,3.248160,0.907639,1.617849,6.460290,8.176473,17.556186,1.538425,10.529794,6.615313,1.385768,14.068563,9.498821,8.231539,5.773284,12.885584,16.679029
2025-12-05,12.387461,3.217324,0.898286,1.613579,6.481612,8.151283,17.708063,1.512607,10.667278,6.610335,1.398115,14.162898,9.466168,8.396937,5.791730,12.919122,16.747036
2025-12-08,12.319373,3.176209,0.875378,1.573720,6.427962,8.157407,17.735583,1.479633,10.550652,6.530721,1.372074,14.004288,9.360981,8.487339,5.746863,12.914897,16.714907
2025-12-09,12.311070,3.189602,0.877626,1.611681,6.378432,8.121294,17.748969,1.487369,10.640433,6.450900,1.364442,13.984254,9.314884,8.616240,5.765353,12.872379,16.735523
2025-12-10,12.412719,3.162633,0.882797,1.610257,6.525913,8.168571,17.911249,1.502748,10.647871,6.548896,1.372972,14.026190,9.264658,8.786050,5.758324,13.054459,16.804066
2025-12-11,12.415231,3.196587,0.906672,1.600767,6.577187,8.141320,17.876810,1.478488,10.564800,6.577086,1.384870,14.089091,9.317033,8.725341,5.718778,13.076166,16.749714
2025-12-12,12.285610,3.153420,0.935763,1.618799,6.556790,8.209253,17.453416,1.467447,10.446320,6.525752,1.384197,14.246922,9.396434,8.366466,5.622414,13.041146,16.429488
2025-12-15,12.250056,3.187714,0.937449,1.512508,6.569337,8.206708,17.250745,1.455648,10.481325,6.585349,1.363544,14.362937,9.416907,8.295348,5.584055,13.102634,16.347022
2025-12-16,12.231674,3.175444,0.952107,1.509423,6.561374,8.186407,17.245416,1.403000,10.550737,6.535301,1.376789,14.314947,9.359613,8.297052,5.618284,13.097440,16.379420
2025-12-17,12.081350,3.124875,0.949476,1.538131,6.541029,8.150440,16.861879,1.430785,10.445963,6.534748,1.350972,14.184306,9.390107,8.009489,5.495573,13.060037,16.075795
2025-12-18,12.196936,3.182886,0.941945,1.539318,6.584488,8.172172,17.097507,1.385005,10.545533,6.535252,1.334360,14.419925,9.373007,8.298427,5.583922,13.064204,16.308735
2025-12-19,12.286947,3.141627,0.947431,1.547622,6.617299,8.152383,17.308910,1.394065,10.570448,6.630052,1.342666,14.475253,9.311960,8.539548,5.643002,12.989111,16.521326
2025-12-22,12.361841,3.158619,0.952107,1.580126,6.651472,8.141105,17.434449,1.408870,10.624818,6.686652,1.343789,14.544838,9.336331,8.642206,5.664283,13.044955,16.600520
2025-12-23,12.333838,3.170118,0.955681,1.581075,6.612930,8.084602,17.374187,1.401725,10.683365,6.668227,1.333687,14.525284,9.342431,8.658012,5.725902,12.922173,16.678267
2025-12-24,12.367314,3.178917,0.955232,1.587006,6.628642,8.133684,17.392429,1.397518,10.750973,6.699667,1.347830,14.556785,9.383083,8.706764,5.733002,12.978955,16.727059
2025-12-26,12.373498,3.178047,0.954939,1.589853,6.624300,8.146270,17.416185,1.393893,10.739196,6.703804,1.346258,14.557270,9.394794,8.669555,5.728104,12.975006,16.725987
2025-12-29,12.346477,3.178221,0.958919,1.603851,6.632227,8.164768,17.338833,1.406661,10.732871,6.678212,1.335483,14.509221,9.403854,8.615913,5.690029,12.988405,16.645023
2025-12-30,12.319750,3.183079,0.963010,1.610020,6.597218,8.159588,17.284773,1.430352,10.749711,6.639742,1.326728,14.466244,9.404106,8.563886,5.687282,12.990480,16.606418
2025-12-31,12.201231,3.160316,0.958581,1.595310,6.531835,8.102672,17.071448,1.417468,10.682413,6.596370,1.310565,14.343715,9.340522,8.425266,5.652889,12.879559,16.469155
2026-01-02,12.205796,3.207525,0.964696,1.558535,6.513149,8.042996,17.188024,1.451845,10.511001,6.593834,1.305177,14.256754,9.272935,8.503439,5.589898,12.872162,16.437252
2026-01-05,12.334618,3.157226,0.973666,1.575855,6.618947,7.992767,17.407444,1.456072,10.669868,6.577581,1.330993,14.606149,9.283752,8.657597,5.640479,12.789249,16.567813
2026-01-06,12.529946,3.172412,0.982794,1.594361,6.755047,7.945868,17.831332,1.448190,10.570022,6.800477,1.342666,14.790096,9.337675,8.849298,5.641606,12.865109,16.713387
2026-01-07,12.504492,3.099228,0.976004,1.462921,6.641748,7.870212,17.885221,1.420123,10.602861,6.913689,1.313483,14.708815,9.281296,8.888869,5.671577,12.709319,16.729472
2026-01-08,12.469800,3.087593,0.988481,1.455804,6.764598,8.063089,17.628173,1.476346,10.563433,6.820322,1.308095,14.812440,9.421880,8.757071,5.644000,12.936395,16.634300
2026-01-09,12.554834,3.148526,0.998351,1.387711,6.842247,8.129051,17.804768,1.471714,10.664577,6.798267,1.294401,14.819108,9.502017,9.047083,5.700152,13.012300,16.799980
2026-01-12,12.531392,3.120904,0.997339,1.406929,6.843079,8.146385,17.764258,1.442717,10.641498,6.790205,1.286095,14.814359,9.496784,9.137878,5.723172,13.006346,16.813921
2026-01-13,12.499363,3.133376,0.995698,1.466717,6.869363,8.225730,17.689649,1.475905,10.589942,6.699143,1.269708,14.707845,9.487793,9.141747,5.714803,13.022787,16.788989
2026-01-14,12.432101,3.154220,0.989133,1.515355,6.897499,8.322783,17.513506,1.503423,10.500462,6.666555,1.294401,14.447673,9.529995,8.977463,5.626222,13.239534,16.609635
2026-01-15,12.435445,3.189912,0.989268,1.503729,6.998705,8.331641,17.539321,1.519575,10.391122,6.576618,1.273748,14.487265,9.528820,9.059764,5.629363,13.218650,16.669420
2026-01-16,12.387895,3.128499,0.986840,1.550231,6.990705,8.285772,17.535342,1.518240,10.218850,6.571654,1.277116,14.387232,9.569229,9.092726,5.610715,13.181524,16.655479
2026-01-20,12.190638,3.102439,0.973779,1.514169,6.863365,8.411036,17.162908,1.498105,10.062827,6.494891,1.236483,14.105980,9.523464,8.888585,5.437223,13.216372,16.301598
2026-01-21,12.388605,3.102089,0.987717,1.536708,6.996441,8.326011,17.526660,1.553814,10.109929,6.656791,1.254667,14.360366,9.603338,8.970014,5.472124,13.175124,16.521969
2026-01-22,12.475681,3.058380,1.001858,1.572059,6.989657,8.305248,17.689588,1.560587,10.227052,6.722158,1.282952,14.483662,9.587288,8.924017,5.551795,13.147685,16.642074
2026-01-23,12.457873,3.041517,1.015189,1.556400,6.969954,8.385266,17.600836,1.564001,10.280985,6.716043,1.271055,14.480057,9.578099,8.931309,5.593092,13.153977,16.694620
2026-01-26,12.520552,3.056364,1.022968,1.561383,6.985143,8.392584,17.715493,1.595834,10.287774,6.788896,1.270606,14.502753,9.626036,8.989769,5.623128,13.253003,16.768078
2026-01-27,12.544853,3.085697,1.018472,1.571110,6.947855,8.438844,17.815689,1.627917,10.165621,6.821076,1.246136,14.492789,9.536712,9.168242,5.669995,13.278477,16.920086
2026-01-28,12.517609,3.077092,1.015032,1.546910,6.857918,8.330225,17.943406,1.635672,10.132783,6.748093,1.214034,14.355555,9.478508,9.183004,5.646369,13.265452,16.976117
2026-01-29,12.391753,3.069917,1.022900,1.469327,6.836460,8.305195,17.532898,1.651404,10.311380,6.716922,1.192259,14.229407,9.446080,9.241437,5.616997,13.303122,16.874510
2026-01-30,12.258713,3.062815,1.027329,1.459125,6.812971,8.429596,17.177163,1.645817,10.151182,6.708821,1.182831,14.116241,9.481238,8.803343,5.588702,13.481198,16.671833
2026-02-02,12.300510,2.996230,1.034501,1.451533,6.850720,8.483214,17.266017,1.625186,10.188499,6.705598,1.174749,14.248606,9.478328,8.992409,5.626242,13.461019,16.786308
2026-02-03,11.996320,3.020608,1.042167,1.227326,6.831844,8.627525,16.579210,1.669216,9.957924,6.615971,0.936118,13.933253,9.525153,8.874540,5.516159,13.585883,16.528403
2026-02-04,11.982647,2.958218,1.064109,1.241799,6.956891,8.729452,16.422330,1.717360,9.786415,6.783287,0.921077,13.901215,9.579903,8.226464,5.367166,13.687464,16.239668
2026-02-05,11.789163,2.962013,1.033444,1.209769,6.830543,8.770377,16.060910,1.669701,9.690079,6.761253,0.895710,13.562592,9.565782,8.125661,5.301053,13.739939,16.005892
2026-02-06,12.052757,3.008618,1.007703,1.192924,6.887283,8.862939,16.655626,1.703299,9.805454,6.934516,0.907383,13.655394,9.603225,8.475781,5.367272,13.807421,16.344224
2026-02-09,12.114777,3.040502,1.025913,1.209057,6.876901,8.807954,16.793838,1.707457,10.017595,6.847027,0.923771,13.675248,9.546440,8.626782,5.415036,13.782302,16.469423
2026-02-10,12.148196,3.066738,1.035288,1.206447,6.890894,8.784563,16.834736,1.696218,10.157619,6.768297,0.931403,13.787118,9.589779,8.516055,5.369752,13.922195,16.393017
2026-02-11,12.158605,3.090226,1.051025,1.135745,6.905534,8.911582,16.833534,1.747520,10.023092,6.880606,0.908281,13.700107,9.625423,8.596173,5.392699,14.018744,16.436984
2026-02-12,11.902210,3.178993,1.063052,1.068364,6.752621,8.923175,16.376878,1.741297,9.663034,6.793199,0.877302,13.370341,9.729984,8.292344,5.292121,14.054056,16.102673
2026-02-13,12.055164,3.278296,1.081352,1.067415,6.825012,8.980222,16.604241,1.747547,9.715902,6.970013,0.904465,13.439320,9.855020,8.368343,5.233970,14.228302,16.136989
2026-02-17,12.001965,3.305741,1.084095,1.085210,6.811824,8.894429,16.440387,1.728798,9.663032,6.983243,0.916138,13.493881,9.830382,8.304636,5.233146,14.001548,16.120367
2026-02-18,12.104614,3.237744,1.090974,1.161131,6.847984,8.914675,16.585790,1.780847,9.769409,7.019488,0.930505,13.693435,9.814333,8.429535,5.293216,13.967571,16.240741
2026-02-19,12.058030,3.252116,1.101832,1.164216,6.882951,8.857664,16.459680,1.799239,9.741531,6.982803,0.936791,13.642588,9.860059,8.407850,5.281839,13.900790,16.178543
2026-02-20,12.101508,3.281720,1.116220,1.183196,6.916884,8.940703,16.420444,1.800848,9.847505,7.007363,0.934995,13.783810,9.903402,8.535706,5.368764,13.980153,16.321704
2026-02-23,11.881101,3.320843,1.119997,1.135745,6.792945,9.055254,15.912194,1.810776,9.662069,7.007981,0.988872,13.398048,9.966160,8.362940,5.292407,14.091642,16.123316
2026-02-24,12.041661,3.388640,1.133059,1.166114,6.895526,9.180495,16.121312,1.818936,9.811337,7.033681,1.055545,13.580281,10.007640,8.515049,5.323110,14.192455,16.296504
2026-02-25,12.186630,3.423139,1.142658,1.062433,7.001430,9.106012,16.491409,1.795160,9.914809,7.046561,1.062280,13.687056,10.015424,8.681290,5.410456,14.121600,16.532693
2026-02-26,12.217235,3.415763,1.120717,1.067653,7.153700,9.108324,16.525522,1.792180,9.926041,7.004145,1.022097,13.776122,10.003740,8.574126,5.310319,14.155777,16.333232
2026-02-27,12.223142,3.454160,1.142231,1.058874,7.247512,9.196943,16.326800,1.835252,10.059734,7.094537,1.037362,13.728612,10.128852,8.531038,5.256898,14.237876,16.280954
2026-03-02,12.220094,3.450290,1.145064,1.071686,7.362907,9.031693,16.407188,1.854930,10.066269,6.994963,1.024342,13.580042,10.051720,8.547216,5.264622,14.163761,16.302402
2026-03-03,12.122555,3.425218,1.127843,1.109884,7.330489,8.884158,16.264252,1.814758,10.101577,6.884911,1.041178,13.438622,9.926514,8.207257,5.190486,14.032408,16.127874
2026-03-04,12.283400,3.434013,1.122245,1.129339,7.374838,8.819489,16.571832,1.786482,10.258535,6.961815,1.052662,13.717894,9.921397,8.453170,5.280303,14.049338,16.373714
2026-03-05,12.291702,3.433824,1.101720,1.160420,7.306627,8.662750,16.639581,1.793546,10.428211,6.784322,1.072702,13.882507,9.813912,8.330164,5.294921,13.975754,16.324385
2026-03-06,12.162079,3.410930,1.089760,1.147845,7.183758,8.698517,16.431918,1.795397,10.377298,6.678440,1.057615,13.720825,9.804801,8.007967,5.184976,14.072045,16.078813
2026-03-09,12.243507,3.414384,1.087242,1.148794,7.172894,8.730335,16.648555,1.811286,10.355860,6.769696,1.039377,13.713228,9.797797,8.316638,5.288125,13.996824,16.293555
2026-03-10,12.133789,3.397159,1.074473,1.099208,7.045903,8.651611,16.521255,1.777596,10.222839,6.765808,1.013708,13.636449,9.742727,8.407160,5.316407,13.830454,16.293823
2026-03-11,12.079327,3.334420,1.086225,1.075719,6.980450,8.575452,16.477762,1.763434,10.164328,6.748985,1.026092,13.618999,9.717481,8.512261,5.351204,13.661869,16.291678
2026-03-12,11.814030,3.351972,1.106210,1.028743,6.755987,8.474979,16.093995,1.719378,9.986790,6.577359,0.998847,13.254858,9.701086,8.268384,5.246458,13.402436,16.012058
2026-03-13,11.808668,3.384731,1.114127,1.035148,6.789997,8.528760,16.060670,1.720189,10.012963,6.530717,1.011006,13.173926,9.744053,8.299004,5.188644,13.542391,15.917154
2026-03-16,11.937423,3.403925,1.122000,1.034911,6.804471,8.568713,16.314787,1.734742,10.033534,6.614614,1.022714,13.360188,9.776047,8.442425,5.270839,13.638517,16.095703
2026-03-17,12.001555,3.399915,1.114421,1.049858,6.842478,8.590246,16.440194,1.786450,9.999824,6.614332,1.038701,13.480434,9.763331,8.555928,5.314648,13.634104,16.174254
2026-03-18,11.818104,3.381452,1.102060,1.022811,6.750683,8.337741,16.258865,1.805709,9.736420,6.499480,1.004025,13.254893,9.515180,8.523698,5.243595,13.320429,15.948789
2026-03-19,11.808155,3.338470,1.104834,1.015931,6.658694,8.289356,16.331130,1.859442,9.707850,6.508443,0.995019,13.167282,9.432267,8.639378,5.190133,13.300227,15.898387
2026-03-20,11.657611,3.171438,1.101112,1.017829,6.601100,8.185374,16.100510,1.864823,9.682879,6.436023,0.990966,12.971921,9.285167,8.426901,5.062868,13.147112,15.604559
2026-03-23,11.791042,3.221866,1.078330,1.018066,6.696550,8.192894,16.315275,1.894824,9.760220,6.459219,1.024291,13.206300,9.341667,8.527559,5.119129,13.202065,15.783682
2026-03-24,11.666696,3.254178,1.082367,0.983664,6.578521,8.178628,16.122964,1.935453,9.528399,6.450891,0.995469,13.051569,9.340401,8.550994,5.036495,13.203708,15.675773
2026-03-25,11.740825,3.278214,1.110563,0.982478,6.602148,8.227147,16.232088,1.917085,9.530865,6.517964,1.009880,13.183142,9.410127,8.599563,5.047777,13.244309,15.778850
2026-03-26,11.599728,3.274737,1.117669,0.979868,6.537879,8.202002,15.967734,1.943276,9.317846,6.490037,1.017761,13.008527,9.393098,8.100215,4.869338,13.243480,15.402243
2026-03-27,11.345618,3.300479,1.107812,0.943568,6.444699,8.255919,15.485767,1.954994,9.170563,6.319239,0.981509,12.603173,9.356539,8.010663,4.751692,13.246257,15.101333
2026-03-30,11.332243,3.323968,1.126173,0.969903,6.463969,8.310902,15.323056,1.900272,9.239051,6.376293,1.005827,12.630866,9.444969,7.698824,4.687715,13.384386,14.985908
2026-03-31,11.630454,3.271149,1.118278,0.957091,6.597237,8.312448,15.942421,1.901952,9.484179,6.465647,1.018436,13.050437,9.452677,8.108560,4.908943,13.393187,15.493241
2026-04-01,11.689183,3.275889,1.113924,0.940246,6.626902,8.284271,16.110407,1.856419,9.465950,6.501464,1.004926,13.152381,9.473571,8.440802,4.976228,13.289832,15.684631
2026-04-02,11.695655,3.280834,1.133707,0.947838,6.625949,8.337551,16.154245,1.872909,9.480626,6.422073,1.020913,13.085556,9.564047,8.442246,4.961396,13.395921,15.702616
2026-04-06,11.758878,3.275851,1.126647,0.977021,6.610776,8.455910,16.253908,1.879756,9.537032,6.408745,1.024065,13.227185,9.560880,8.532952,4.976269,13.451358,15.797103
2026-04-07,11.716621,3.275006,1.115639,0.936687,6.493182,8.343558,16.280901,1.894223,9.543079,6.388186,1.010330,13.121862,9.501301,8.630723,5.009690,13.376033,15.799519
2026-04-08,11.993068,3.332501,1.128925,0.921028,6.674913,8.508309,16.727084,1.880011,9.616109,6.572657,1.032397,13.534018,9.671858,9.212057,5.150169,13.427817,16.269272
2026-04-09,11.939255,3.353782,1.135286,0.885440,6.623315,8.604207,16.523218,1.883074,9.657219,6.548944,1.035324,13.575276,9.754778,9.438340,5.214357,13.513887,16.379328
2026-04-10,11.843704,3.348580,1.134947,0.865510,6.578216,8.541286,16.380426,1.883916,9.623999,6.431548,1.018661,13.502639,9.676033,9.517792,5.245818,13.361886,16.402950
2026-04-13,12.045741,3.325680,1.147850,0.879271,6.583200,8.413340,16.912934,1.884323,9.796599,6.461178,1.069775,13.682802,9.609210,9.637599,5.291504,13.308258,16.572598
2026-04-14,12.136960,3.348199,1.127053,0.892083,6.622464,8.379365,17.034649,1.855304,9.917797,6.528786,1.080132,13.894986,9.587366,9.850817,5.420171,13.300121,16.873508
2026-04-15,12.298540,3.310491,1.123195,0.932654,6.649587,8.347024,17.394761,1.830698,10.147322,6.484176,1.116159,14.185997,9.530493,9.798449,5.556624,13.246408,17.109726
2026-04-16,12.410406,3.344164,1.126083,0.949974,6.684220,8.435176,17.682608,1.842616,10.305134,6.414073,1.121563,14.137043,9.592527,9.848734,5.563006,13.459028,17.192134
2026-04-17,12.574022,3.320679,1.110315,0.942381,6.779935,8.512225,18.007300,1.798658,10.283646,6.530415,1.144080,14.465486,9.611876,9.992783,5.657265,13.461686,17.417078
2026-04-20,12.655490,3.275348,1.123669,0.950448,6.816295,8.479938,18.262931,1.805345,10.363698,6.507708,1.158716,14.466224,9.567717,9.888133,5.602315,13.439974,17.361782
2026-04-21,12.597836,3.223796,1.116203,0.923164,6.780200,8.384986,18.358590,1.853066,10.196336,6.400613,1.145656,14.296482,9.492382,9.865629,5.574870,13.320053,17.295748
2026-04-22,12.734699,3.232574,1.115706,0.919842,6.709552,8.386562,18.778657,1.908151,10.270643,6.469480,1.153312,14.259701,9.455429,10.098290,5.678245,13.280762,17.585115
2026-04-23,12.655986,3.299464,1.146023,0.886863,6.762854,8.583261,18.546705,1.946363,10.194208,6.428733,1.120212,13.924874,9.610931,10.057119,5.616028,13.571346,17.486065
2026-04-24,12.785194,3.355392,1.151076,0.864561,6.709632,8.622954,19.113302,2.009535,9.917069,6.354866,1.136650,14.022270,9.602620,10.665118,5.703155,13.387944,17.820528
2026-04-27,12.704329,3.358752,1.152091,0.859816,6.713214,8.500466,18.952134,2.009781,9.878064,6.310165,1.120663,13.954746,9.537548,10.644269,5.726031,13.324081,17.829923
2026-04-28,12.605124,3.345631,1.151053,0.853173,6.684801,8.613589,18.682989,2.017970,9.871934,6.266212,1.117735,13.779513,9.586390,10.378447,5.686233,13.487011,17.650612
2026-04-29,12.672192,3.307406,1.138466,0.809992,6.636299,8.618347,19.069882,2.061496,9.864919,6.110596,1.147007,13.817663,9.564082,10.586693,5.679474,13.626343,17.758521
2026-04-30,12.807921,3.393584,1.130413,0.821143,6.684458,8.718171,19.246519,2.075935,9.986283,6.198508,1.128994,13.985539,9.739605,10.914039,5.741624,13.742603,17.924142
2026-05-01,12.932555,3.383903,1.145707,0.823753,6.601395,8.679789,19.702949,2.077937,10.075187,6.175263,1.135749,14.055557,9.682360,11.010376,5.820531,13.678900,18.096206
2026-05-04,12.898705,3.393945,1.113293,0.839412,6.488691,8.590121,19.781678,2.106504,10.070182,6.155140,1.134623,13.835325,9.533351,10.934277,5.845949,13.562702,18.062115
2026-05-05,12.966461,3.402376,1.128496,0.828024,6.481899,8.632798,20.100826,2.054175,10.019331,6.147873,1.046807,13.855631,9.598234,11.478575,5.940725,13.562265,18.296455
2026-05-06,13.052853,3.350069,1.132060,0.808332,6.538037,8.682279,20.291585,1.982060,10.022484,6.236754,1.041854,14.042080,9.571568,12.088450,6.064173,13.509402,18.676552
2026-05-07,13.136434,3.302580,1.113970,0.829922,6.593695,8.682271,20.609421,1.911864,10.090167,6.199246,1.040728,14.064138,9.536037,11.787240,6.063689,13.580241,18.654272
2026-05-08,13.221844,3.258214,1.112413,0.777488,6.525490,8.882821,21.141726,1.908497,9.934656,6.212143,1.021589,13.835685,9.457971,12.558544,6.225803,13.526969,19.091544
2026-05-11,13.145265,3.268633,1.137767,0.781047,6.455118,8.769833,21.194736,1.956776,9.745991,6.132500,1.014833,13.562271,9.449263,12.654178,6.241538,13.424929,19.146841
2026-05-12,13.062238,3.267292,1.136572,0.784131,6.432043,8.835363,20.755896,1.976445,9.796744,6.236564,1.023165,13.502304,9.504095,12.336121,6.180538,13.524852,18.984441
2026-05-13,13.054657,3.177746,1.157752,0.758508,6.352343,8.800372,20.942195,1.993732,9.755287,6.222876,1.018436,13.381989,9.421696,12.545537,6.315218,13.404285,19.184958
2026-05-14,13.138331,3.186377,1.154121,0.755661,6.425424,8.782342,21.190764,1.982836,9.887490,6.157683,1.014158,13.410479,9.437871,12.585939,6.348113,13.384342,19.321320
2026-05-15,13.065362,3.103580,1.141624,0.775353,6.437114,8.767637,21.069148,1.991654,9.845882,6.102388,0.999972,13.310688,9.349408,12.094955,6.225908,13.309108,19.029805
2026-05-18,13.177481,3.116511,1.152339,0.787690,6.588294,8.933612,21.163851,2.034191,9.941361,6.132006,0.999409,13.401715,9.534295,11.853720,6.151939,13.500838,18.947934
2026-05-19,13.116890,3.147901,1.141534,0.801926,6.532039,8.890603,21.055997,2.033458,9.813294,6.164777,0.986913,13.308776,9.576021,11.777847,6.084550,13.526665,18.831167
2026-05-20,13.334419,3.215450,1.142797,0.806908,6.572304,8.903331,21.568349,2.037124,9.817800,6.268751,0.999184,13.636792,9.573301,12.324982,6.180813,13.561447,19.143083
2026-05-21,13.367233,3.245150,1.160572,0.805010,6.590782,8.872883,21.632676,2.005277,9.877234,6.280986,0.997496,13.655746,9.628173,12.436382,6.201617,13.596613,19.179589
2026-05-22,13.525176,3.305576,1.167497,0.805485,6.595098,8.901023,22.171101,2.007942,9.835336,6.311572,0.995919,13.697891,9.682988,12.552257,6.183140,13.776484,19.260924
2026-05-26,13.632363,3.315686,1.161610,0.771557,6.653573,8.839342,22.613885,1.990212,9.869295,6.292707,0.994343,13.675684,9.588774,13.190821,6.337248,13.642180,19.602903
2026-05-27,13.540270,3.276972,1.145594,0.766812,6.676108,8.974274,22.162458,1.925893,10.013881,6.243956,0.985336,13.754300,9.582617,13.106633,6.402618,13.742722,19.580624
2026-05-28,13.639055,3.230385,1.132308,0.766337,6.783717,8.905323,22.501873,1.955392,9.998470,6.298206,1.001098,13.703384,9.509295,13.151162,6.448925,13.715108,19.745708
2026-05-29,13.768709,3.231065,1.122631,0.763965,6.791658,8.767390,23.148983,1.929456,9.975633,6.286471,1.007628,13.628546,9.414799,13.177492,6.485127,13.667236,19.818453
2026-06-01,13.949118,3.102945,1.122000,0.803349,6.882011,8.716330,23.947999,1.953752,9.992970,6.195524,1.017536,13.629917,9.294197,13.314221,6.492470,13.670225,19.937367
2026-06-02,13.932942,3.163895,1.118616,0.798604,6.889296,8.728657,24.160222,1.994648,9.764799,6.090883,1.002674,13.431818,9.375612,14.064332,6.475841,13.676461,20.029170
2026-06-03,13.843625,3.139753,1.144918,0.792435,6.896146,8.756142,23.904355,2.030832,9.510106,6.169244,0.959442,13.374066,9.347545,14.418406,6.428989,13.561399,19.976826
2026-06-04,13.874131,3.144493,1.148267,0.798604,7.031603,8.711568,23.770750,2.023016,9.558954,6.271577,0.965768,13.450020,9.375408,14.320615,6.368516,13.588150,19.880192
2026-06-05,13.476277,3.156366,1.149285,0.804061,6.977187,8.842637,22.306342,1.917721,9.464361,6.316176,0.932785,13.230780,9.420890,12.945829,6.060647,13.775097,18.925923
2026-06-08,13.564345,3.098440,1.135753,0.792198,6.919080,8.870130,22.783155,1.979968,9.423870,6.277181,0.932107,13.195830,9.284090,13.765939,6.131968,13.702419,19.221464
2026-06-09,13.513172,3.119177,1.166686,0.805010,6.983022,8.988435,22.367063,1.940492,9.399634,6.356590,0.936625,13.267748,9.375150,13.586382,6.062070,13.836729,19.000278
2026-06-10,13.299383,3.102023,1.152136,0.812128,6.844998,9.113918,21.891380,1.943939,9.306353,6.167956,0.919456,13.082205,9.384113,13.216437,5.892324,13.928238,18.620718
2026-06-11,13.566954,3.115824,1.166346,0.774641,6.969519,9.085800,22.663540,1.926506,9.300619,6.286567,0.931655,13.342389,9.453234,14.337800,6.034089,13.906444,19.249650
2026-06-12,13.646674,3.164067,1.184743,0.779149,6.948237,9.154223,22.844586,1.924061,9.422923,6.283901,0.938207,13.342992,9.465799,14.631983,6.020347,14.027239,19.362927
2026-06-15,13.857796,3.198093,1.180014,0.760169,6.922953,9.124960,23.496498,1.902835,9.544854,6.279339,0.959894,13.638664,9.497938,15.376068,6.236229,13.943162,19.971189
2026-06-16,13.693259,3.221403,1.172524,0.758508,6.907287,9.140170,22.840470,1.879301,9.522704,6.268652,0.986100,13.635639,9.543781,14.560046,6.162846,13.909032,19.591629
2026-06-17,13.448970,3.176418,1.167274,0.722682,6.694492,8.920451,22.648359,1.843967,9.188269,6.167813,0.950632,13.354440,9.367023,14.683846,6.066576,13.571611,19.394333
2026-06-18,13.589580,3.197152,1.158902,0.714615,6.750154,8.856987,23.143340,1.808646,9.223687,6.167874,0.960346,13.456585,9.353183,15.520323,6.221023,13.499607,19.880460
2026-06-22,13.518557,3.234500,1.169220,0.693262,6.693360,8.816992,23.122660,1.841295,9.057191,6.162606,0.956505,13.205183,9.367504,16.025309,6.107967,13.450118,19.830558
2026-06-23,13.367554,3.267947,1.159151,0.717937,6.705668,8.914665,22.356299,1.834518,9.118573,6.208883,0.942047,13.164946,9.419940,14.844081,5.944426,13.689994,19.177556
2026-06-24,13.403722,3.284978,1.167003,0.707260,6.831248,9.011003,22.256177,1.776941,9.043472,6.271872,0.959668,13.414803,9.498618,14.814333,5.909467,13.771662,19.096132
2026-06-25,13.383242,3.299794,1.181824,0.679502,6.861886,9.051054,22.317958,1.781263,8.947436,6.281514,0.957409,13.158678,9.427587,15.560321,5.889120,13.831744,19.250918
2026-06-26,13.469357,3.311946,1.175805,0.717700,6.942624,9.164231,22.133748,1.762439,9.104057,6.417882,1.000558,13.468536,9.518875,14.635064,5.876752,14.069937,18.985955
2026-06-29,13.632843,3.286024,1.156435,0.695635,6.888495,9.162697,22.644897,1.761630,9.371059,6.409765,1.002591,13.573568,9.372258,15.315614,6.030911,14.130024,19.457836
2026-06-30,13.672971,3.218359,1.174266,0.671909,6.953784,8.978299,23.043664,1.725736,9.313617,6.335543,0.975482,13.547603,9.302230,16.015478,6.102578,13.945166,19.788905
2026-07-01,13.630885,3.157331,1.207326,0.671909,7.033833,9.168366,22.556709,1.680866,9.402134,6.384935,0.995588,13.817033,9.449844,14.646624,6.129453,14.291621,19.487127
2026-07-02,13.554067,3.236756,1.236946,0.671909,7.161790,9.311147,21.891388,1.665016,9.306487,6.643099,1.027215,13.791678,9.684262,13.508614,6.033476,14.634603,19.149340
2026-07-06,13.648346,3.214640,1.223098,0.671909,7.138732,9.178052,22.303683,1.680608,9.378932,6.641165,1.018631,13.777180,9.569774,13.735001,6.153898,14.352383,19.423977
2026-07-07,13.488822,3.215548,1.217916,0.671909,7.055165,9.220299,21.644428,1.732895,9.311314,6.733023,1.031282,13.865095,9.625465,12.725936,6.117862,14.555012,19.064154
2026-07-08,13.469276,3.206787,1.194021,0.671909,6.944011,9.140498,21.815867,1.811350,9.297082,6.647464,1.005980,13.677548,9.539381,13.105165,6.124811,14.349148,19.118168
2026-07-09,13.640745,3.193785,1.189246,0.671909,6.947729,9.016317,22.468379,1.783046,9.331687,6.599134,1.023827,13.866113,9.402308,13.650495,6.222643,14.214097,19.436338
2026-07-10,13.651049,3.222987,1.198818,0.671909,6.933446,9.104127,22.423882,1.795466,9.372550,6.535871,1.046418,13.950906,9.468686,13.725945,6.267330,14.355125,19.496264
2026-07-13,13.491133,3.253238,1.185852,0.671909,6.930709,9.154974,21.878118,1.837216,9.220620,6.525260,1.076464,13.836162,9.532929,12.954272,6.164253,14.606881,19.126230
2026-07-14,13.509086,3.239431,1.182412,0.671909,6.908809,9.055667,22.211626,1.834764,9.149925,6.335491,1.070138,13.793337,9.479468,13.277975,6.244109,14.353014,19.339866
2026-07-15,13.464041,3.200448,1.163427,0.671909,6.908708,9.037192,21.814666,1.821875,9.308398,6.398550,1.254255,13.912384,9.428358,12.615608,6.324426,14.409927,19.287465
2026-07-16,13.396789,3.210321,1.178339,0.671909,7.019750,9.302795,21.259274,1.812354,9.079113,6.616923,1.281591,14.021173,9.686484,11.530812,6.171905,14.863798,18.970369
2026-07-17,13.218106,3.185097,1.161323,0.671909,6.913849,9.191752,21.063401,1.828683,8.920469,6.394853,1.277750,13.806366,9.593115,11.623171,6.072178,14.677570,18.685252
2026-07-20,13.229267,3.175855,1.158675,0.671909,6.870590,9.105354,21.175543,1.814861,8.944158,6.386384,1.283624,13.818027,9.531536,11.859270,6.104458,14.605258,18.704869
2026-07-21,13.418046,3.199009,1.142790,0.671909,6.870564,9.033710,21.838075,1.855628,9.073023,6.338583,1.261710,13.848909,9.477773,13.190413,6.189719,14.410838,19.051793
2026-07-22,13.336188,3.282607,1.151027,0.671909,6.869763,9.073788,21.661234,1.874201,8.975583,6.221557,1.254029,13.662367,9.567763,13.201950,6.150758,14.398277,18.954514
2026-07-23,13.188690,3.312234,1.145710,0.671909,6.934864,8.946317,21.450592,1.877158,8.639333,6.213276,1.265099,13.244334,9.620232,13.247062,5.907994,14.213985,18.594692
2026-07-24,13.090003,3.325889,1.159196,0.671909,6.973523,9.022031,20.955531,1.892869,8.564995,6.244683,1.268488,13.374351,9.716298,12.171735,5.844749,14.462057,18.386967
2026-07-27,13.212921,3.284322,1.147294,0.671909,7.126910,9.195766,20.963918,1.907024,8.685771,6.361514,1.266680,13.694296,9.746166,11.762117,5.838483,14.730212,18.330266
2026-07-28,13.187774,3.248781,1.156707,0.671909,7.204777,9.429536,20.442027,1.846768,8.774913,6.561260,1.317510,13.980027,9.839269,10.827811,5.815061,15.197439,18.152102
2026-07-29,13.033986,3.200050,1.156684,0.671909,7.114083,9.520921,19.968516,1.893670,8.652111,6.601908,1.318188,13.959362,9.841254,10.234046,5.688321,15.428188,17.782336
2026-07-30,13.295572,3.177486,1.150959,0.671909,7.049145,9.364588,21.100091,1.915740,8.734697,6.388785,1.302374,13.983379,9.666070,11.896521,5.903282,14.931462,18.368694
2026-07-31,13.343349,3.179358,1.082486,0.671909,7.047592,9.264207,21.129482,1.940422,8.876880,6.461603,1.292434,14.188385,9.569771,11.823677,6.057029,14.891347,18.488008
2026-08-03,13.541097,3.206955,1.087193,0.671909,7.198615,9.221852,21.440817,1.925477,9.205258,6.601392,1.307344,14.252149,9.536188,12.126374,6.245083,14.991286,18.812628
2026-08-04,13.958079,3.192529,1.096652,0.671909,7.411057,9.227730,22.706896,1.906716,9.295073,6.669976,1.322480,14.299615,9.548518,13.108531,6.373844,15.170642,19.451656
2026-08-05,13.865586,3.167438,1.111156,0.671909,7.311544,9.213450,22.433726,1.877467,9.156752,6.707859,1.308700,14.522874,9.551815,12.638589,6.319824,14.912930,19.275641
2026-08-06,13.737764,3.137882,1.109029,0.671909,7.194447,9.163519,22.257355,1.911353,8.885301,6.666138,1.350493,14.469210,9.528833,12.259266,6.315289,14.888792,19.204429
2026-08-07,13.959400,3.183466,1.108735,0.671909,7.400068,9.119048,22.692047,1.888513,8.957544,6.768073,1.334454,14.807231,9.548915,12.205125,6.353371,14.967024,19.429620
2026-08-10,13.948910,3.141083,1.114347,0.671909,7.382071,9.048175,22.551563,1.982058,8.991548,6.914531,1.334454,14.802379,9.456244,11.894884,6.339064,14.828111,19.371576
2026-08-11,13.967162,3.183440,1.109980,0.671909,7.398498,9.037579,22.563595,2.007152,8.917691,6.955739,1.332872,14.865818,9.488832,12.083501,6.272969,14.889998,19.306544
2026-08-12,14.074779,3.207087,1.084862,0.671909,7.362293,9.107406,22.914513,1.994617,9.119905,6.949553,1.337390,14.699640,9.507437,13.116772,6.258843,14.903893,19.447625
2026-08-13,14.259828,3.222281,1.082079,0.671909,7.373121,9.280857,23.387491,1.980435,9.275420,6.987516,1.368792,14.717437,9.560802,13.550117,6.347440,15.269720,19.672547
2026-08-14,14.270692,3.241385,1.092352,0.671909,7.383882,9.301382,23.349953,2.016667,9.378187,6.919942,1.392964,14.717762,9.579575,13.985509,6.314747,15.235500,19.645675
2026-08-17,14.199715,3.230336,1.073322,0.671909,7.353233,9.103333,23.406507,2.036935,9.211418,6.897203,1.366081,14.519934,9.499381,14.429846,6.281230,14.928612,19.613428
2026-08-18,14.030492,3.192356,1.083233,0.671909,7.319106,9.235385,22.677653,2.048132,9.165137,6.992209,1.365177,14.567425,9.547851,13.343593,6.176503,15.060383,19.281284
2026-08-19,14.061183,3.216048,1.088709,0.671909,7.403165,9.311486,22.433859,2.041600,9.113563,7.207145,1.383702,14.867308,9.608432,12.610615,6.202200,15.316971,19.242856
2026-08-20,13.990220,3.197406,1.089071,0.671909,7.335400,9.192794,22.498005,2.026777,9.061778,7.021331,1.407423,14.710699,9.572722,12.812257,6.175934,15.314525,19.104463
2026-08-21,14.047275,3.119837,1.103282,0.671909,7.357415,9.262252,22.547492,2.018234,9.102150,7.143554,1.390479,14.875221,9.544328,12.684478,6.218219,15.247035,19.171913
2026-08-24,13.950343,3.148622,1.108848,0.671909,7.278563,9.407559,22.168464,1.988049,9.067857,7.123438,1.393416,14.975357,9.650756,12.153880,6.160535,15.419560,18.980581
2026-08-25,13.999196,3.166127,1.102444,0.671909,7.230046,9.283206,22.361339,1.957716,9.190371,7.121014,1.406745,15.012915,9.582862,12.451159,6.198406,15.238470,19.098820
2026-08-26,13.997599,3.180405,1.109527,0.671909,7.195597,9.224970,22.505381,1.960322,9.117168,7.078380,1.396353,14.914653,9.600324,12.617787,6.183542,15.221480,19.116287
2026-08-27,14.136657,3.170526,1.098258,0.671909,7.196387,9.109106,23.222957,1.965396,9.082934,7.037016,1.388672,14.690551,9.495262,12.803268,6.272520,15.161570,19.378025
2026-08-28,13.997478,3.144222,1.107672,0.671909,7.127693,9.196431,22.686468,1.956175,9.173371,7.023713,1.212236,14.845005,9.521110,12.406213,6.300533,15.268258,19.252262
2026-08-31,13.969847,3.127798,1.107830,0.671909,7.055544,9.155852,22.812050,1.987946,9.000273,7.051353,1.189758,14.671329,9.464919,12.506316,6.302594,15.209758,19.261130
2026-09-01,13.738027,3.150982,1.101449,0.671909,6.866873,9.131945,22.162624,2.002953,8.935068,7.083068,1.183771,14.508298,9.410556,12.176880,6.244343,15.167901,19.016052
2026-09-02,13.749019,3.180806,1.103010,0.671909,6.822364,9.171072,22.001801,2.019495,9.072554,7.192361,1.235053,14.557371,9.409984,12.253232,6.294233,15.260206,19.059048
2026-09-03,13.863194,3.193329,1.094701,0.671909,6.973210,9.149351,22.267854,2.001645,9.130528,7.160189,1.283624,14.600620,9.444975,12.251186,6.395543,15.334476,19.285584
2026-09-04,13.876989,3.215952,1.084212,0.671909,6.934603,9.053098,22.532228,1.981098,9.121234,7.096349,1.244671,14.410276,9.373952,12.999878,6.365832,15.130897,19.320249
2026-09-08,13.793950,3.240164,1.063349,0.671909,6.855997,9.039958,22.607915,1.989787,9.130376,6.822861,1.204360,14.073651,9.388471,13.611587,6.365057,15.027924,19.304126
2026-09-09,13.691040,3.209505,1.059421,0.671909,6.725882,8.961776,22.582575,2.000279,9.009785,6.769562,1.181486,13.859304,9.319624,13.685582,6.366806,14.802699,19.249037
2026-09-10,13.542974,3.166213,1.048002,0.671909,6.654161,8.925744,22.185656,1.947268,9.044046,6.692558,1.207304,13.839145,9.281719,13.077556,6.328624,14.742784,19.044269
2026-09-11,13.634961,3.158687,1.058445,0.671909,6.676984,8.954411,22.432644,1.939704,9.124850,6.669389,1.216589,13.937936,9.297492,12.984484,6.384272,14.775157,19.210609
2026-09-14,13.584640,3.073615,1.054336,0.671909,6.762995,9.024419,22.054525,1.905812,9.244734,6.755997,1.223610,13.993723,9.286824,12.109217,6.351010,14.853216,19.057436
2026-09-15,13.456141,3.029236,1.051044,0.671909,6.668032,8.991680,21.915648,1.931717,9.094223,6.701100,1.218627,13.716431,9.190808,11.974948,6.304825,14.726419,18.932748
2026-09-16,13.442967,3.035295,1.049069,0.671909,6.660341,8.977638,21.968051,1.847328,9.019203,6.726681,1.193716,13.684381,9.171430,12.177965,6.294703,14.668361,18.937585
2026-09-17,13.561945,3.063880,1.040873,0.671909,6.633345,8.919880,22.404139,1.862823,8.983953,6.796091,1.198924,13.712661,9.151120,12.530178,6.430299,14.593295,19.265429
2026-09-18,13.607073,3.006023,1.045232,0.671909,6.535441,8.833903,22.821240,1.852642,8.879452,6.804946,1.186922,13.673472,9.047861,13.171538,6.469297,14.327649,19.387162
2026-09-21,13.916030,3.021759,1.038648,0.671909,6.591785,8.807494,23.668929,1.846863,9.238506,6.881214,1.191678,13.778855,9.008888,13.644845,6.655972,14.292811,19.945912
2026-09-22,14.040385,3.026129,1.055471,0.671909,6.658904,8.907873,24.021688,1.814488,9.152756,6.990312,1.197792,13.788418,9.086221,14.077031,6.673347,14.318514,20.107046
