date,rhat,lo,hi,actual_range,high,high_lo,high_hi,actual_high,low,low_lo,low_hi,actual_low,hit
2000-12-14,173.7,110.9,235.3,173.5,,,,2787.5,,,,2614.0,
2000-12-15,153.8,98.5,205.3,84.0,,,,2640.0,,,,2556.0,
2000-12-18,120.2,74.9,160.5,139.0,,,,2692.0,,,,2553.0,
2000-12-19,150.7,92.5,196.5,293.0,,,,2686.0,,,,2393.0,
2000-12-20,173.9,103.1,253.0,211.0,,,,2445.5,,,,2234.5,
2000-12-21,152.2,91.9,217.6,179.0,,,,2390.0,,,,2211.0,
2000-12-22,147.4,89.9,206.5,184.0,,,,2474.0,,,,2290.0,
2000-12-26,158.4,97.1,217.0,145.5,,,,2519.5,,,,2374.0,
2000-12-27,138.6,85.3,188.5,114.0,,,,2511.5,,,,2397.5,
2000-12-28,132.1,81.5,179.4,91.0,,,,2543.5,,,,2452.5,
2000-12-29,122.4,75.1,166.6,171.0,,,,2529.5,,,,2358.5,
2001-01-02,159.9,98.7,216.8,283.5,,,,2414.0,,,,2130.5,
2001-01-03,188.8,115.9,266.4,388.16,,,,2590.0,,,,2201.8401,
2001-01-04,269.4,163.4,395.4,112.5,,,,2577.0,,,,2464.5,
2001-01-05,114.8,64.1,159.1,277.5,,,,2551.0,,,,2273.5,
2001-01-08,170.6,102.2,266.0,157.0,,,,2328.0,,,,2171.0,
2001-01-09,142.4,85.8,220.7,122.5,,,,2397.5,,,,2275.0,
2001-01-10,136.0,82.3,208.6,186.0,,,,2447.0,,,,2261.0,
2001-01-11,190.6,114.5,291.9,200.0,,,,2577.0,,,,2377.0,
2001-01-12,190.3,114.7,288.3,126.0,,,,2617.0,,,,2491.0,
2001-01-16,171.4,104.7,259.4,112.0,,,,2557.0,,,,2445.0,
2001-01-17,162.1,99.7,248.5,139.5,,,,2657.0,,,,2517.5,
2001-01-18,176.4,108.8,270.4,146.0,,,,2701.0,,,,2555.0,
2001-01-19,188.3,116.5,289.1,112.0,,,,2769.0,,,,2657.0,
2001-01-22,170.3,105.1,267.4,90.0,,,,2712.0,,,,2622.0,
2001-01-23,148.8,89.2,235.0,126.5,,,,2768.0,,,,2641.5,
2001-01-24,168.7,102.0,262.4,85.5,,,,2797.0,,,,2711.5,
2001-01-25,139.4,84.7,211.7,141.5,,,,2747.0,,,,2605.5,
2001-01-26,160.8,97.5,240.4,114.5,,,,2663.0,,,,2548.5,
2001-01-29,150.6,92.5,221.3,122.5,,,,2715.5,,,,2593.0,
2001-01-30,155.6,96.4,225.6,64.5,,,,2736.5,,,,2672.0,
2001-01-31,120.7,72.6,173.1,140.0,,,,2740.0,,,,2600.0,
2001-02-01,150.2,91.0,211.3,78.5,,,,2647.5,,,,2569.0,
2001-02-02,125.2,73.3,174.1,165.0,,,,2643.0,,,,2478.0,
2001-02-05,151.2,87.7,207.8,71.5,,,,2497.0,,,,2425.5,
2001-02-06,124.5,70.8,170.2,79.5,,,,2547.5,,,,2468.0,
2001-02-07,125.4,72.3,172.5,100.5,,,,2462.5,,,,2362.0,
2001-02-08,128.0,74.3,176.5,117.5,,,,2478.5,,,,2361.0,
2001-02-09,133.0,77.6,183.3,104.0,,,,2375.0,,,,2271.0,
2001-02-12,119.8,70.4,165.6,93.0,,,,2335.0,,,,2242.0,
2001-02-13,119.9,70.8,166.1,176.5,,,,2388.0,,,,2211.5,
2001-02-14,148.9,88.2,206.8,144.5,,,,2325.5,,,,2181.0,
2001-02-15,153.5,91.5,213.1,126.0,,,,2437.0,,,,2311.0,
2001-02-16,148.9,88.8,206.4,145.5,,,,2339.5,,,,2194.0,
2001-02-20,147.8,88.6,204.8,171.0,,,,2275.0,,,,2104.0,
2001-02-21,155.4,94.1,215.2,125.0,,,,2175.0,,,,2050.0,
2001-02-22,137.5,83.2,190.4,131.0,,,,2099.0,,,,1968.0,
2001-02-23,137.3,83.4,190.0,132.5,,,,2073.5,,,,1941.0,
2001-02-26,139.1,84.8,192.5,91.0,,,,2113.0,,,,2022.0,
2001-02-27,126.0,76.9,174.8,136.0,,,,2103.5,,,,1967.5,
2001-02-28,127.2,77.9,176.2,138.5,,,,2019.5,,,,1881.0,
2001-03-01,127.0,78.1,175.7,133.5,,,,1973.0,,,,1839.5,
2001-03-02,130.4,80.5,180.1,127.0,,,,1996.0,,,,1869.0,
2001-03-05,121.7,75.4,168.0,67.0,,,,1944.0,,,,1877.0,
2001-03-06,107.4,64.6,148.8,124.5,,,,2036.5,,,,1912.0,
2001-03-07,126.5,76.4,174.8,65.0,,,,2032.0,,,,1967.0,
2001-03-08,106.0,62.7,146.3,93.5,,,,2026.5,,,,1933.0,
2001-03-09,107.7,63.9,148.7,160.0,,,,1964.5,,,,1804.5,
2001-03-12,114.2,67.6,158.5,149.0,,,,1825.0,,,,1676.0,
2001-03-13,112.1,66.0,155.2,116.0,,,,1792.5,,,,1676.5,
2001-03-14,113.6,67.0,157.1,107.5,,,,1807.0,,,,1699.5,
2001-03-15,110.6,65.4,152.8,130.0,,,,1813.0,,,,1683.0,
2001-03-16,113.6,67.2,156.6,54.5,,,,1724.0,,,,1669.5,
2001-03-19,89.8,52.8,124.0,106.0,,,,1759.0,,,,1653.0,
2001-03-20,108.2,63.7,149.0,142.0,,,,1774.0,,,,1632.0,
2001-03-21,106.9,62.7,146.1,90.0,,,,1697.0,,,,1607.0,
2001-03-22,98.2,57.8,134.1,125.0,,,,1727.0,,,,1602.0,
2001-03-23,110.8,65.1,150.2,100.0,,,,1784.0,,,,1684.0,
2001-03-26,108.1,63.6,146.1,91.5,,,,1777.0,,,,1685.5,
2001-03-27,102.9,60.7,138.7,93.0,,,,1774.0,,,,1681.0,
2001-03-28,104.7,61.8,140.7,144.5,,,,1751.0,,,,1606.5,
2001-03-29,106.4,62.6,146.3,88.0,,,,1647.0,,,,1559.0,
2001-03-30,94.5,55.8,130.2,77.0,,,,1621.5,,,,1544.5,
2001-04-02,92.3,54.6,127.4,114.0,,,,1625.0,,,,1511.0,
2001-04-03,96.8,57.3,132.7,125.0,,,,1527.0,,,,1402.0,
2001-04-04,94.3,56.0,128.5,90.0,,,,1451.0,,,,1361.0,
2001-04-05,86.4,51.5,117.2,155.0,,,,1537.0,,,,1382.0,
2001-04-06,111.0,66.0,151.6,107.0,,,,1544.0,,,,1437.0,
2001-04-09,99.0,59.1,135.2,73.5,,,,1512.5,,,,1439.0,
2001-04-10,92.4,55.6,126.3,140.0,,,,1637.0,,,,1497.0,
2001-04-11,113.9,68.2,155.3,126.5,,,,1717.0,,,,1590.5,
2001-04-12,115.2,69.2,156.9,115.5,,,,1731.5,,,,1616.0,
2001-04-16,113.8,68.5,154.9,130.0,,,,1737.0,,,,1607.0,
2001-04-17,109.1,65.8,148.3,124.0,,,,1710.0,,,,1586.0,
2001-04-18,115.1,69.4,156.2,235.5,,,,1950.0,,,,1714.5,
2001-04-19,149.1,89.0,202.3,130.0,,,,1970.0,,,,1840.0,
2001-04-20,137.3,82.3,186.3,83.0,,,,1997.0,,,,1914.0,
2001-04-23,120.5,73.0,163.5,148.0,,,,1960.0,,,,1812.0,
2001-04-24,126.2,75.9,171.1,110.5,,,,1876.0,,,,1765.5,
2001-04-25,117.9,71.2,159.7,85.5,,,,1839.5,,,,1754.0,
2001-04-26,104.8,63.9,142.0,91.0,,,,1861.5,,,,1770.5,
2001-04-27,100.2,61.4,135.9,62.0,,,,1835.0,,,,1773.0,
2001-04-30,94.6,58.4,128.7,93.5,,,,1918.5,,,,1825.0,
2001-05-01,101.4,62.7,137.7,109.5,,,,1941.0,,,,1831.5,
2001-05-02,108.1,66.9,146.7,76.5,,,,1992.5,,,,1916.0,
2001-05-03,100.2,62.0,136.3,119.5,,,,1981.5,,,,1862.0,
2001-05-04,105.9,65.6,143.7,120.5,,,,1944.0,,,,1823.5,
2001-05-07,115.2,71.4,156.1,60.0,,,,1958.5,,,,1898.5,
2001-05-08,96.6,59.0,131.2,56.0,,,,1949.0,,,,1893.0,
2001-05-09,93.5,56.6,128.0,82.5,,,,1948.5,,,,1866.0,
2001-05-10,97.7,59.3,133.7,97.0,,,,1938.5,,,,1841.5,
2001-05-11,98.2,59.7,134.5,53.5,,,,1870.0,,,,1816.5,
2001-05-14,82.3,49.8,113.0,73.5,,,,1850.5,,,,1777.0,
2001-05-15,88.3,53.6,121.2,69.0,,,,1864.5,,,,1795.5,
2001-05-16,89.7,54.5,123.4,150.0,,,,1914.0,,,,1764.0,
2001-05-17,116.9,71.0,160.2,68.0,,,,1965.0,,,,1897.0,
2001-05-18,100.6,59.9,137.9,46.5,,,,1947.5,,,,1901.0,
2001-05-21,95.1,56.5,131.8,138.0,,,,2058.5,,,,1920.5,
2001-05-22,128.7,76.3,178.5,52.0,,,,2080.5,,,,2028.5,
2001-05-23,107.7,63.3,149.8,102.5,,,,2058.0,,,,1955.5,
2001-05-24,105.1,61.8,145.9,73.5,,,,2010.5,,,,1937.0,
2001-05-25,103.7,61.0,143.9,69.5,,,,2026.0,,,,1956.5,
2001-05-29,102.2,60.2,142.2,129.5,,,,1984.0,,,,1854.5,
2001-05-30,103.3,60.8,142.8,91.5,,,,1863.0,,,,1771.5,
2001-05-31,100.7,59.3,139.3,61.0,,,,1843.0,,,,1782.0,
2001-06-01,93.2,55.3,129.4,79.5,,,,1856.5,,,,1777.0,
2001-06-04,100.0,59.5,139.0,55.0,,,,1875.0,,,,1820.0,
2001-06-05,92.5,54.4,128.9,103.5,,,,1942.5,,,,1839.0,
2001-06-06,102.2,60.3,142.4,56.5,,,,1947.5,,,,1891.0,
2001-06-07,88.9,51.4,124.5,75.0,,,,1964.0,,,,1889.0,
2001-06-08,94.5,54.7,132.3,114.0,1993.6,1955.6,2116.2,1999.0,1920.4,1821.8,1960.0,1885.0,True
2001-06-11,99.6,57.8,138.9,92.5,1942.1,1902.2,2070.7,1919.0,1864.8,1761.1,1906.7,1826.5,True
2001-06-12,99.1,57.6,138.2,98.0,1889.9,1850.3,2017.2,1873.5,1812.9,1709.9,1854.6,1775.5,True
2001-06-13,98.9,57.5,137.8,89.5,1881.3,1841.9,2007.7,1875.5,1804.3,1701.7,1846.1,1786.0,True
2001-06-14,98.8,57.6,137.7,101.5,1827.7,1788.5,1953.4,1788.5,1750.7,1648.4,1792.5,1687.0,True
2001-06-15,98.3,57.4,137.0,43.5,1731.4,1691.3,1855.9,1706.0,1654.7,1553.2,1696.5,1662.5,True
2001-06-18,83.2,48.0,115.8,71.5,1709.8,1677.0,1815.7,1750.0,1646.1,1560.1,1681.3,1678.5,True
2001-06-19,87.5,50.5,121.9,93.5,1737.1,1701.5,1846.8,1766.0,1669.2,1578.6,1706.0,1672.5,True
2001-06-20,89.9,52.0,125.2,82.0,1731.6,1695.0,1843.6,1742.0,1661.8,1568.7,1699.5,1660.0,True
2001-06-21,90.5,52.4,126.0,79.5,1769.9,1733.0,1882.0,1793.0,1699.5,1605.9,1737.5,1713.5,True
2001-06-22,89.0,51.6,123.9,119.0,1792.9,1756.6,1902.5,1791.5,1723.7,1631.6,1760.9,1672.5,True
2001-06-25,101.2,58.8,140.6,47.5,1793.2,1752.0,1917.1,1774.5,1714.4,1609.9,1756.8,1727.0,True
2001-06-26,89.4,51.7,123.6,73.0,1792.4,1756.2,1901.4,1777.0,1723.0,1630.6,1760.3,1704.0,True
2001-06-27,90.4,52.3,124.9,46.0,1801.3,1764.7,1910.9,1787.0,1731.1,1637.7,1768.8,1741.0,True
2001-06-28,81.5,47.4,112.8,130.5,1803.7,1771.3,1902.6,1878.0,1741.0,1656.9,1775.0,1747.5,True
2001-06-29,97.6,56.6,136.0,78.5,1837.6,1798.3,1954.7,1883.5,1762.0,1661.2,1802.5,1805.0,False
2001-07-02,91.2,53.0,126.9,54.0,1891.1,1854.3,1999.9,1882.0,1820.6,1726.2,1859.9,1828.0,True
2001-07-03,87.5,51.1,121.8,37.0,1877.1,1841.9,1980.9,1849.5,1809.6,1719.0,1847.2,1812.5,True
2001-07-05,78.4,45.5,109.6,91.5,1876.0,1845.0,1969.0,1849.5,1816.5,1734.9,1849.7,1758.0,True
2001-07-06,86.5,50.3,120.4,84.0,1791.0,1757.5,1893.7,1762.5,1725.5,1636.0,1762.6,1678.5,True
2001-07-09,77.5,45.1,107.8,64.0,1712.5,1683.1,1804.5,1728.0,1654.3,1574.2,1687.6,1664.0,True
2001-07-10,75.4,43.8,104.8,102.0,1728.8,1699.6,1817.3,1735.0,1671.7,1593.7,1704.0,1633.0,True
2001-07-11,82.2,48.0,113.7,49.0,1670.0,1637.6,1765.3,1661.5,1607.0,1522.2,1642.3,1612.5,True
2001-07-12,79.9,46.5,110.8,110.0,1690.5,1659.7,1783.2,1772.5,1630.0,1547.5,1664.2,1662.5,True
2001-07-13,93.8,54.6,129.2,62.5,1798.0,1761.2,1905.5,1797.0,1726.8,1629.5,1766.4,1734.5,True
2001-07-16,87.4,51.0,121.0,79.5,1798.9,1765.2,1899.1,1773.5,1733.6,1642.5,1770.1,1694.0,True
2001-07-17,87.1,50.8,120.5,75.5,1742.6,1709.3,1842.0,1755.0,1677.3,1587.0,1714.0,1679.5,True
2001-07-18,85.6,50.0,118.5,81.5,1780.7,1747.8,1877.7,1744.0,1716.8,1627.6,1752.4,1662.5,False
2001-07-19,86.0,50.3,119.0,97.0,1716.7,1681.8,1813.7,1752.0,1652.2,1563.1,1688.4,1655.0,True
2001-07-20,87.8,51.4,121.2,32.5,1758.5,1722.8,1856.8,1703.0,1693.0,1601.6,1729.5,1670.5,False
2001-07-23,77.0,45.0,106.5,79.5,1715.8,1682.8,1801.6,1718.0,1658.0,1578.4,1690.4,1638.5,True
2001-07-24,78.5,46.0,108.5,64.0,1672.5,1638.8,1759.3,1652.5,1613.0,1532.3,1646.5,1588.5,True
2001-07-25,75.9,44.5,104.9,54.0,1654.4,1622.0,1738.3,1644.5,1596.9,1519.1,1629.3,1590.5,True
2001-07-26,72.6,42.6,100.5,79.0,1663.5,1632.7,1743.8,1691.0,1608.5,1534.3,1639.6,1612.0,True
2001-07-27,73.1,42.9,101.1,44.5,1687.3,1656.2,1767.9,1706.5,1631.9,1557.3,1663.1,1662.0,True
2001-07-30,74.1,43.7,102.8,40.5,1721.3,1689.7,1802.8,1712.0,1665.2,1589.5,1696.7,1671.5,True
2001-07-31,67.2,39.5,94.2,52.0,1707.6,1679.0,1781.5,1727.0,1657.1,1588.3,1685.3,1675.0,True
2001-08-01,65.8,38.8,92.6,73.5,1718.1,1690.1,1790.3,1754.5,1669.0,1601.3,1696.2,1681.0,True
2001-08-02,71.3,42.0,100.1,48.0,1766.2,1735.4,1843.8,1775.5,1712.5,1639.3,1742.0,1727.5,True
2001-08-03,65.8,38.9,92.7,80.5,1800.0,1771.2,1871.1,1779.5,1750.0,1682.6,1777.2,1699.0,True
2001-08-06,71.0,41.9,99.7,36.0,1769.1,1738.5,1846.1,1744.0,1715.6,1643.0,1744.9,1708.0,True
2001-08-07,66.2,39.0,93.3,37.0,1739.8,1711.7,1812.0,1727.0,1690.4,1622.7,1717.6,1690.0,True
2001-08-08,62.3,35.5,87.9,94.5,1729.2,1702.9,1797.1,1719.5,1682.6,1619.3,1708.4,1625.0,True
2001-08-09,65.4,36.9,92.3,37.0,1657.8,1630.3,1729.1,1648.0,1608.8,1542.6,1636.1,1611.0,True
2001-08-10,61.9,35.0,87.5,70.0,1662.6,1637.0,1730.3,1652.5,1616.8,1554.0,1642.4,1582.5,True
2001-08-13,61.7,35.0,86.9,52.5,1646.7,1621.5,1714.4,1666.0,1601.2,1538.9,1626.9,1613.5,True
2001-08-14,64.9,36.9,91.4,47.0,1680.2,1653.4,1751.0,1680.0,1632.2,1566.6,1659.0,1633.0,True
2001-08-15,64.9,37.1,91.7,75.0,1658.5,1631.9,1729.4,1649.0,1610.8,1545.3,1637.5,1574.0,True
2001-08-16,61.1,35.0,86.2,63.0,1598.5,1573.6,1665.3,1595.0,1553.6,1492.1,1578.8,1532.0,True
2001-08-17,65.6,37.6,92.5,74.0,1617.6,1591.0,1689.2,1593.0,1569.2,1503.5,1596.4,1519.0,True
2001-08-20,63.8,36.6,89.8,33.5,1544.2,1518.6,1614.0,1545.0,1497.2,1433.6,1523.8,1511.5,True
2001-08-21,60.9,34.4,85.8,80.5,1564.4,1539.7,1630.7,1556.0,1519.5,1458.7,1544.7,1475.5,True
2001-08-22,64.0,36.5,90.1,52.5,1499.2,1473.6,1569.1,1523.5,1452.1,1388.6,1478.8,1471.0,True
2001-08-23,63.5,36.3,89.4,47.0,1541.3,1515.7,1610.3,1548.0,1494.5,1431.4,1520.8,1501.0,True
2001-08-24,60.5,34.6,85.4,70.0,1524.3,1499.8,1589.8,1585.0,1479.8,1419.6,1504.6,1515.0,False
2001-08-27,64.0,36.8,90.2,43.5,1604.2,1578.2,1673.3,1606.0,1557.2,1493.4,1584.1,1562.5,True
2001-08-28,64.9,37.5,91.5,57.5,1608.2,1581.7,1678.0,1587.0,1560.3,1495.8,1587.6,1529.5,True
2001-08-29,59.3,34.4,83.7,54.5,1555.9,1531.9,1619.8,1547.5,1512.4,1453.5,1537.3,1493.0,True
2001-08-30,58.5,34.0,82.5,70.0,1531.1,1507.5,1594.0,1510.5,1488.0,1430.2,1512.8,1440.5,True
2001-08-31,59.8,34.8,84.2,52.0,1477.5,1453.5,1541.8,1489.0,1433.4,1374.6,1458.8,1437.0,True
2001-09-04,58.3,34.1,82.1,101.0,1494.0,1470.5,1556.5,1523.0,1451.1,1393.7,1475.7,1422.0,True
2001-09-05,65.0,37.8,91.6,72.5,1450.5,1424.4,1520.1,1444.0,1402.4,1338.8,1430.1,1371.5,True
2001-09-06,67.8,39.4,95.6,74.0,1444.0,1416.8,1516.5,1431.0,1393.7,1327.6,1422.7,1357.0,True
2001-09-07,68.5,39.8,96.5,55.5,1387.7,1360.3,1460.9,1394.0,1336.8,1270.3,1366.2,1338.5,True
2001-09-10,67.2,39.2,94.6,54.5,1378.3,1351.4,1449.9,1380.0,1328.4,1263.1,1357.2,1325.5,True
2001-09-11,68.4,40.0,96.4,77.5,1395.8,1368.4,1468.6,1394.5,1344.8,1278.7,1374.2,1317.0,True
2001-09-17,65.1,38.2,91.5,62.5,1360.0,1334.0,1429.2,1311.0,1311.4,1248.7,1339.5,1248.5,False
2001-09-18,60.4,35.6,85.0,65.0,1274.2,1248.1,1338.4,1284.5,1229.1,1169.8,1255.3,1219.5,True
2001-09-19,59.3,34.9,83.3,126.0,1246.9,1221.2,1309.7,1261.0,1202.5,1144.4,1228.2,1135.0,False
2001-09-20,68.5,40.2,96.1,56.5,1225.8,1196.2,1298.3,1212.0,1174.4,1103.9,1204.2,1155.5,True
2001-09-21,67.3,39.7,94.6,69.5,1186.3,1157.4,1257.4,1173.5,1135.7,1066.6,1165.1,1104.0,True
2001-09-24,63.9,37.8,89.7,68.0,1116.0,1088.7,1183.5,1210.5,1067.9,1002.5,1095.9,1142.5,False
2001-09-25,72.3,42.8,101.4,60.5,1220.7,1189.8,1305.9,1229.5,1166.3,1092.2,1200.0,1169.0,True
2001-09-26,72.6,43.2,102.0,75.5,1227.8,1196.9,1312.9,1223.0,1173.3,1098.8,1206.9,1147.5,True
2001-09-27,64.4,38.3,90.3,58.0,1182.7,1155.4,1257.9,1165.5,1134.3,1068.3,1164.0,1107.5,True
2001-09-28,64.4,38.4,90.3,36.5,1171.7,1144.5,1246.4,1185.0,1123.2,1057.4,1152.9,1148.5,True
2001-10-01,61.7,36.0,86.6,42.0,1197.7,1171.7,1268.9,1178.5,1151.4,1088.2,1179.5,1136.5,True
2001-10-02,56.5,33.0,79.3,46.0,1180.3,1156.6,1245.1,1187.0,1137.7,1080.1,1163.5,1141.0,True
2001-10-03,55.0,32.3,77.3,140.0,1183.8,1160.7,1246.5,1276.0,1142.4,1086.2,1167.3,1136.0,False
2001-10-04,69.4,40.7,97.3,75.0,1275.7,1246.6,1376.6,1321.0,1223.3,1152.5,1254.6,1246.0,True
2001-10-05,71.9,42.3,100.8,66.5,1291.3,1261.0,1395.6,1287.5,1237.0,1163.5,1269.1,1221.0,True
2001-10-08,75.9,44.8,106.4,57.5,1308.6,1277.0,1418.9,1304.5,1251.3,1173.9,1285.2,1247.0,True
2001-10-09,77.5,46.0,108.7,54.0,1314.6,1282.4,1426.8,1299.5,1255.6,1177.3,1290.7,1245.5,True
2001-10-10,75.3,44.9,105.7,73.5,1282.2,1251.1,1390.8,1313.5,1224.3,1149.0,1259.1,1240.0,True
2001-10-11,69.8,41.6,97.9,101.0,1338.7,1309.8,1438.8,1406.0,1285.6,1215.3,1317.2,1305.0,True
2001-10-12,77.8,46.2,109.4,89.0,1425.8,1393.5,1536.7,1426.0,1367.0,1288.1,1401.7,1337.0,True
2001-10-15,79.3,47.0,111.3,35.5,1418.9,1386.0,1531.4,1393.0,1358.4,1278.6,1394.3,1357.5,True
2001-10-16,74.8,43.5,105.1,45.5,1416.7,1385.7,1522.3,1419.0,1359.0,1284.5,1393.5,1373.5,True
2001-10-17,73.9,43.1,104.3,156.0,1438.9,1408.3,1542.7,1464.0,1382.5,1308.4,1415.9,1308.0,False
2001-10-18,78.8,46.0,110.7,45.5,1337.9,1305.1,1447.9,1351.0,1276.9,1197.9,1313.2,1305.5,True
2001-10-19,73.4,42.8,103.4,52.5,1371.0,1340.4,1472.9,1360.0,1314.7,1240.5,1347.9,1307.5,True
2001-10-22,69.2,40.3,97.5,53.0,1379.3,1350.6,1475.0,1391.5,1325.8,1256.4,1357.6,1338.5,True
2001-10-23,73.2,42.6,103.1,51.5,1416.9,1386.4,1517.5,1426.0,1360.8,1286.8,1393.8,1374.5,True
2001-10-24,73.9,43.0,104.1,54.0,1422.8,1392.0,1523.8,1437.5,1366.6,1291.3,1399.4,1383.5,True
2001-10-25,62.1,36.2,87.6,107.0,1446.9,1421.0,1531.3,1484.5,1399.7,1336.4,1427.1,1377.5,True
2001-10-26,73.7,42.9,103.8,43.0,1508.4,1477.5,1607.9,1493.0,1452.1,1377.1,1484.8,1450.0,True
2001-10-29,69.3,40.7,98.0,87.0,1477.6,1448.7,1570.9,1457.0,1424.3,1354.3,1455.5,1370.0,True
2001-10-30,69.2,40.7,97.7,51.0,1397.0,1368.3,1489.7,1374.0,1343.3,1273.9,1375.0,1323.0,True
2001-10-31,68.0,40.1,96.2,71.5,1370.5,1342.4,1461.2,1408.0,1317.7,1249.6,1348.9,1336.5,True
2001-11-01,71.6,42.3,101.2,72.0,1395.9,1366.2,1490.9,1432.5,1340.3,1268.6,1373.1,1360.5,True
2001-11-02,70.6,41.7,99.7,39.5,1448.1,1418.8,1541.2,1444.0,1393.8,1322.5,1425.6,1404.5,True
2001-11-05,70.4,41.5,99.7,66.0,1459.0,1429.9,1551.4,1496.0,1405.4,1333.8,1436.5,1430.0,True
2001-11-06,69.5,41.0,98.5,72.5,1505.2,1476.4,1595.9,1537.5,1452.4,1381.5,1483.0,1465.0,True
2001-11-07,74.5,44.0,105.5,53.0,1565.2,1534.3,1661.8,1563.0,1508.6,1432.5,1541.2,1510.0,True
2001-11-08,70.8,41.9,100.3,86.0,1562.2,1532.9,1653.7,1586.0,1508.6,1436.2,1539.5,1500.0,True
2001-11-09,70.5,41.8,99.8,39.0,1545.7,1516.5,1636.2,1532.0,1492.1,1420.1,1523.0,1493.0,True
2001-11-12,70.5,41.9,99.9,85.5,1544.1,1515.0,1634.2,1543.0,1490.7,1418.6,1521.5,1457.5,True
2001-11-13,71.8,42.7,101.7,64.0,1556.5,1527.0,1647.9,1589.5,1502.1,1428.8,1533.5,1525.5,True
2001-11-14,73.2,43.6,103.6,64.0,1610.6,1580.5,1703.2,1623.0,1555.2,1480.4,1587.1,1559.0,True
2001-11-15,75.2,44.8,106.5,51.0,1624.0,1592.9,1718.5,1614.0,1567.0,1490.1,1599.7,1563.0,True
2001-11-16,69.9,41.7,99.1,32.0,1614.4,1585.7,1701.8,1598.0,1561.4,1490.0,1591.9,1566.0,True
2001-11-19,68.0,40.1,96.3,44.0,1610.6,1582.8,1695.3,1629.0,1559.2,1489.7,1588.7,1585.0,True
2001-11-20,62.3,36.4,88.3,86.5,1651.5,1626.0,1728.6,1634.5,1604.5,1540.7,1631.4,1548.0,True
2001-11-21,61.9,36.4,87.6,55.5,1577.8,1552.5,1654.1,1583.0,1531.1,1467.7,1557.9,1527.5,True
2001-11-23,61.1,36.0,86.4,49.0,1576.1,1551.1,1650.9,1592.5,1529.8,1467.4,1556.3,1543.5,True
2001-11-26,61.9,36.4,87.6,48.5,1601.4,1576.1,1676.7,1623.5,1554.6,1491.2,1581.4,1575.0,True
2001-11-27,65.7,38.7,93.1,71.5,1643.0,1616.0,1722.4,1648.0,1593.2,1525.9,1621.6,1576.5,True
2001-11-28,68.7,40.6,97.2,67.5,1642.2,1613.9,1724.7,1623.0,1590.0,1519.7,1619.7,1555.5,True
2001-11-29,64.0,37.9,90.6,58.0,1583.3,1557.1,1659.8,1608.0,1534.7,1469.3,1562.4,1550.0,True
2001-11-30,66.1,39.1,93.6,27.0,1630.3,1603.1,1708.7,1609.5,1580.0,1512.4,1608.5,1582.5,True
2001-12-03,62.6,36.8,88.6,42.0,1621.8,1596.2,1695.8,1605.0,1574.4,1510.3,1601.3,1563.0,True
2001-12-04,59.3,34.8,83.9,78.5,1589.4,1565.3,1659.2,1641.0,1544.5,1483.9,1570.1,1562.5,True
2001-12-05,63.3,37.1,89.4,97.0,1665.1,1639.2,1739.0,1733.5,1617.1,1552.3,1644.3,1636.5,True
2001-12-06,71.5,41.5,101.6,35.0,1748.3,1719.0,1831.2,1738.0,1694.1,1620.8,1724.8,1703.0,True
2001-12-07,67.4,39.4,95.7,82.5,1749.6,1722.2,1827.5,1735.0,1698.9,1629.6,1727.5,1652.5,True
2001-12-10,72.0,42.3,102.1,55.5,1704.2,1675.1,1787.0,1697.5,1650.0,1576.1,1680.8,1642.0,True
2001-12-11,72.5,42.6,102.9,54.5,1674.9,1645.6,1757.8,1697.0,1620.2,1545.9,1651.3,1642.5,True
2001-12-12,68.6,40.3,97.3,53.5,1681.5,1653.7,1759.4,1685.0,1629.7,1559.4,1659.0,1631.5,True
2001-12-13,62.9,37.0,89.2,76.5,1691.9,1666.4,1762.9,1672.5,1644.5,1579.9,1671.2,1596.0,True
2001-12-14,65.5,38.5,92.9,56.0,1622.8,1596.4,1696.3,1625.0,1573.4,1506.3,1601.4,1569.0,True
2001-12-17,63.5,37.4,90.0,59.0,1636.6,1611.0,1707.4,1657.0,1588.5,1523.6,1615.7,1598.0,True
2001-12-18,65.1,38.4,92.3,29.5,1662.9,1636.4,1734.9,1667.0,1613.5,1546.8,1641.3,1637.5,True
2001-12-19,62.6,36.5,88.7,40.5,1682.3,1656.5,1751.1,1660.0,1634.7,1570.4,1661.2,1619.5,True
2001-12-20,58.8,34.2,83.5,85.0,1648.5,1624.6,1713.4,1632.0,1603.9,1543.8,1629.0,1547.0,True
2001-12-21,57.9,33.8,82.2,34.5,1580.5,1557.2,1644.6,1584.5,1536.7,1477.6,1561.4,1550.0,True
2001-12-24,55.9,32.8,79.3,23.0,1599.7,1577.0,1661.4,1598.0,1557.3,1500.3,1581.1,1575.0,True
2001-12-26,50.1,28.9,71.4,49.5,1603.6,1583.4,1658.9,1625.5,1565.8,1514.6,1587.0,1576.0,True
2001-12-27,53.2,30.7,75.7,24.5,1621.3,1599.8,1680.0,1621.5,1581.3,1526.9,1603.6,1597.0,True
2001-12-28,51.3,29.4,72.9,32.0,1633.2,1612.4,1689.6,1645.5,1594.5,1542.1,1616.0,1613.5,True
2001-12-31,42.3,24.5,60.0,62.0,1640.3,1623.1,1686.8,1630.5,1608.4,1565.1,1626.0,1568.5,True
2002-01-02,45.5,26.2,65.2,49.0,1601.0,1582.5,1651.0,1618.5,1566.7,1520.2,1585.7,1569.5,True
2002-01-03,50.6,29.1,72.3,62.0,1637.0,1616.5,1692.5,1675.0,1598.8,1547.2,1619.9,1613.0,True
2002-01-04,54.5,31.3,77.8,55.0,1693.7,1671.4,1753.3,1704.5,1652.5,1596.8,1675.1,1649.5,True
2002-01-07,59.0,33.9,84.1,50.5,1702.3,1677.8,1766.4,1702.0,1657.2,1597.2,1681.8,1651.5,True
2002-01-08,60.2,34.6,85.9,38.0,1685.1,1660.3,1750.7,1684.0,1639.3,1578.1,1664.3,1646.0,True
2002-01-09,56.2,32.5,80.3,69.0,1694.4,1671.4,1755.7,1717.0,1651.8,1594.7,1675.1,1648.0,True
2002-01-10,58.3,33.7,83.3,34.5,1677.9,1653.9,1741.3,1673.5,1633.5,1574.3,1657.7,1639.0,True
2002-01-11,54.2,31.5,77.4,49.0,1687.1,1665.0,1746.2,1679.0,1646.0,1591.1,1668.5,1630.0,True
2002-01-14,52.5,30.5,74.9,50.0,1666.8,1645.5,1724.1,1648.5,1627.1,1574.0,1648.9,1598.5,True
2002-01-15,51.3,29.9,73.2,85.0,1628.8,1608.1,1684.8,1679.5,1590.0,1538.2,1611.3,1594.5,True
2002-01-16,58.9,34.2,84.0,43.5,1647.8,1624.0,1712.0,1604.5,1603.2,1543.8,1627.6,1561.0,False
2002-01-17,53.5,31.2,76.3,40.5,1583.6,1561.0,1642.0,1610.0,1543.2,1489.3,1565.4,1569.5,False
2002-01-18,55.1,32.2,78.8,52.0,1614.4,1591.0,1674.4,1590.0,1572.6,1517.1,1596.1,1538.0,False
2002-01-22,54.2,31.8,77.5,72.0,1575.4,1551.7,1634.5,1575.0,1534.4,1479.9,1557.6,1503.0,True
2002-01-23,56.2,32.9,80.2,54.0,1528.1,1503.6,1589.4,1558.0,1485.5,1429.2,1509.7,1504.0,True
2002-01-24,54.8,32.1,78.2,50.5,1567.1,1543.2,1626.8,1591.5,1525.7,1470.7,1549.1,1541.0,True
2002-01-25,56.4,33.1,80.4,32.5,1588.9,1564.1,1650.2,1576.5,1546.2,1489.6,1570.2,1544.0,True
2002-01-28,54.9,32.1,78.4,39.0,1583.7,1559.7,1643.4,1585.5,1542.2,1487.2,1565.6,1546.5,True
2002-01-29,53.6,31.4,76.6,77.0,1593.3,1569.8,1651.5,1587.0,1552.7,1499.1,1575.5,1510.0,True
2002-01-30,53.0,31.0,75.7,59.5,1550.4,1527.3,1608.1,1543.5,1510.4,1457.4,1532.9,1484.0,True
2002-01-31,54.7,32.0,78.0,30.5,1562.5,1538.8,1622.0,1561.0,1521.1,1466.7,1544.5,1530.5,True
2002-02-01,52.6,30.6,75.3,48.5,1573.6,1550.9,1630.9,1565.5,1534.0,1481.6,1556.4,1517.0,True
2002-02-04,53.6,31.3,76.8,62.0,1555.4,1532.3,1613.9,1535.5,1515.0,1461.8,1537.9,1473.5,True
2002-02-05,55.0,32.0,78.6,44.5,1507.8,1484.3,1567.9,1501.0,1466.3,1412.0,1490.0,1456.5,True
2002-02-06,50.5,29.5,72.2,51.5,1481.1,1459.5,1536.3,1488.0,1443.0,1393.2,1464.8,1436.5,True
2002-02-07,49.4,28.8,70.7,50.0,1470.2,1449.1,1524.1,1464.0,1432.8,1384.2,1454.2,1414.0,True
2002-02-08,50.9,29.7,72.8,46.0,1434.3,1412.5,1489.8,1453.5,1395.7,1345.7,1417.8,1407.5,True
2002-02-11,52.7,30.8,75.4,34.0,1473.9,1451.4,1531.4,1481.0,1434.0,1382.3,1456.8,1447.0,True
2002-02-12,49.9,29.3,71.3,38.5,1492.0,1470.6,1546.3,1488.5,1454.2,1405.2,1475.7,1450.0,True
2002-02-13,48.7,28.6,69.6,37.0,1479.4,1458.6,1532.5,1495.0,1442.6,1394.9,1463.6,1458.0,True
2002-02-14,47.4,27.9,67.7,40.0,1504.0,1483.7,1555.5,1512.0,1468.1,1421.7,1488.5,1472.0,True
2002-02-15,45.7,26.9,65.2,51.0,1503.0,1483.3,1552.5,1485.0,1468.3,1423.6,1487.9,1434.0,True
2002-02-18,44.4,26.2,63.3,10.0,1456.9,1437.9,1505.1,1447.0,1423.3,1379.9,1442.3,1437.0,True
2002-02-19,41.0,24.1,58.2,66.0,1452.5,1435.0,1497.1,1447.0,1421.6,1381.5,1439.2,1381.0,False
2002-02-20,42.3,24.8,60.8,50.5,1410.5,1392.5,1456.5,1415.0,1378.5,1336.5,1396.7,1364.5,True
2002-02-21,45.6,26.8,65.6,78.5,1430.3,1410.8,1479.8,1424.5,1395.7,1350.5,1415.4,1346.0,False
2002-02-22,48.4,28.4,69.4,44.5,1365.3,1344.7,1417.9,1375.0,1328.6,1279.2,1349.5,1330.5,True
2002-02-25,49.3,28.9,70.8,63.5,1377.2,1356.2,1430.6,1417.5,1339.8,1289.4,1361.1,1354.0,True
2002-02-26,57.8,33.8,82.8,42.5,1429.0,1404.3,1491.6,1425.0,1385.2,1326.0,1410.0,1382.5,True
2002-02-27,55.8,32.7,79.9,58.5,1424.1,1400.4,1484.6,1428.0,1381.9,1324.8,1405.9,1369.5,True
2002-02-28,55.7,32.7,79.8,50.5,1404.7,1380.9,1464.9,1407.0,1362.3,1305.5,1386.3,1356.5,True
2002-03-01,51.6,30.3,73.9,79.5,1380.2,1358.1,1435.9,1437.5,1340.8,1288.2,1363.1,1358.0,False
2002-03-04,58.7,34.3,84.0,74.0,1459.0,1433.8,1523.8,1497.0,1414.2,1354.3,1439.5,1423.0,True
2002-03-05,63.1,36.9,90.3,40.5,1517.8,1490.6,1587.3,1521.0,1469.6,1405.2,1496.7,1480.5,True
2002-03-06,64.0,37.6,91.6,54.0,1529.8,1502.1,1600.1,1525.0,1480.9,1415.5,1508.2,1471.0,True
2002-03-07,62.5,36.7,89.4,53.0,1536.6,1509.7,1605.4,1540.5,1488.8,1425.1,1515.6,1487.5,True
2002-03-08,62.2,36.7,89.1,60.5,1535.6,1508.7,1603.9,1568.0,1487.9,1424.6,1514.6,1507.5,True
2002-03-11,60.3,35.6,86.3,45.0,1579.5,1553.3,1645.5,1575.0,1533.2,1471.8,1558.9,1530.0,True
2002-03-12,55.9,33.0,80.1,64.0,1569.7,1545.6,1631.0,1564.0,1526.8,1470.0,1550.7,1500.0,True
2002-03-13,57.5,34.0,82.2,51.0,1547.7,1523.0,1610.8,1532.0,1503.6,1445.3,1528.3,1481.0,True
2002-03-14,56.2,33.3,80.5,27.0,1511.1,1487.1,1572.9,1502.5,1468.0,1411.1,1492.2,1475.5,True
2002-03-15,53.3,31.4,76.6,14.5,1502.9,1480.3,1561.5,1488.0,1462.2,1408.2,1485.0,1473.5,True
2002-03-18,46.3,27.2,66.6,36.0,1501.5,1482.0,1552.6,1532.5,1466.4,1419.4,1486.1,1496.5,False
2002-03-19,45.4,26.8,65.2,26.0,1528.3,1509.1,1578.3,1529.5,1493.8,1447.8,1513.7,1503.5,True
2002-03-20,39.4,23.1,56.3,61.5,1525.6,1508.9,1568.9,1516.0,1495.6,1455.7,1512.8,1454.5,False
2002-03-21,40.4,23.6,58.4,50.0,1470.4,1453.4,1514.8,1499.5,1439.7,1398.3,1457.4,1449.5,True
2002-03-22,45.3,26.5,65.3,26.0,1511.4,1492.2,1561.0,1499.0,1476.9,1430.4,1496.6,1473.0,True
2002-03-25,46.0,26.8,66.4,58.5,1499.6,1480.2,1550.1,1492.0,1464.6,1417.5,1484.7,1433.5,True
2002-03-26,47.0,27.3,67.8,44.0,1453.9,1434.2,1505.5,1470.0,1418.1,1370.1,1438.7,1426.0,True
2002-03-27,50.0,29.1,72.1,24.0,1466.6,1445.6,1521.4,1454.0,1428.6,1377.4,1450.4,1430.0,True
2002-03-28,44.6,26.0,64.4,33.5,1455.0,1436.3,1503.9,1468.0,1421.2,1375.4,1440.6,1434.5,True
2002-04-01,42.7,24.9,61.5,59.0,1475.8,1457.9,1522.6,1489.5,1443.5,1399.6,1461.9,1430.5,True
2002-04-02,47.9,27.9,68.9,69.0,1501.9,1481.7,1554.2,1484.0,1465.4,1416.3,1486.2,1415.0,False
2002-04-03,47.3,27.6,68.0,47.5,1432.6,1412.8,1484.3,1431.0,1396.6,1347.6,1417.2,1383.5,True
2002-04-04,47.4,27.6,68.1,35.5,1431.5,1411.8,1483.5,1418.5,1395.5,1346.5,1416.2,1383.0,True
2002-04-05,47.9,27.9,68.8,41.0,1421.6,1401.8,1474.2,1419.5,1385.2,1335.8,1406.2,1378.5,True
2002-04-08,48.3,28.2,69.4,63.5,1407.3,1387.3,1460.2,1405.0,1370.5,1320.8,1391.7,1341.5,True
2002-04-09,50.0,29.1,71.8,61.0,1421.9,1401.3,1476.7,1412.0,1383.8,1332.4,1405.8,1351.0,True
2002-04-10,48.2,28.1,69.0,44.5,1374.2,1354.3,1427.0,1381.0,1337.1,1287.9,1358.7,1336.5,True
2002-04-11,48.3,28.2,69.1,45.5,1383.8,1363.9,1436.7,1371.5,1346.2,1297.3,1368.2,1326.0,True
2002-04-12,48.4,28.3,69.3,34.5,1349.8,1329.9,1402.8,1363.0,1312.1,1263.2,1334.2,1328.5,True
2002-04-15,48.2,28.2,69.1,30.0,1371.2,1351.4,1424.0,1370.0,1333.7,1285.0,1355.7,1340.0,True
2002-04-16,44.3,25.9,63.6,58.0,1378.7,1360.6,1427.2,1420.5,1344.6,1299.5,1364.4,1362.5,True
2002-04-17,46.6,27.3,66.8,43.0,1435.6,1416.5,1486.5,1440.0,1400.1,1352.3,1420.5,1397.0,True
2002-04-18,46.4,27.2,66.5,50.5,1429.6,1410.5,1480.2,1424.0,1393.8,1346.6,1414.5,1373.5,True
2002-04-19,46.3,27.1,66.2,48.5,1405.0,1386.1,1455.6,1418.0,1369.0,1322.2,1390.0,1369.5,True
2002-04-22,48.2,28.3,69.0,51.5,1407.2,1387.5,1459.8,1391.5,1370.0,1321.1,1391.6,1340.0,True
2002-04-23,49.4,29.0,70.6,47.5,1372.2,1352.0,1426.1,1366.5,1333.7,1283.9,1356.2,1319.0,True
2002-04-24,47.3,27.8,67.7,45.0,1347.8,1328.6,1399.4,1349.0,1311.1,1263.4,1332.5,1304.0,True
2002-04-25,47.4,27.9,67.8,28.0,1326.4,1307.1,1378.1,1319.0,1289.5,1241.8,1311.0,1291.0,True
2002-04-26,44.7,26.3,63.9,71.0,1323.9,1305.7,1372.6,1321.5,1289.1,1244.1,1309.4,1250.5,True
2002-04-29,46.1,27.2,66.1,41.0,1269.3,1250.7,1319.6,1272.0,1233.5,1187.1,1254.4,1231.0,True
2002-04-30,45.9,27.0,65.7,58.5,1268.3,1249.7,1318.3,1297.5,1232.5,1186.4,1253.4,1239.0,True
2002-05-01,49.1,28.9,70.2,51.5,1298.6,1278.6,1352.0,1286.0,1260.3,1210.9,1282.6,1234.5,True
2002-05-02,49.8,29.3,71.1,62.0,1290.3,1270.2,1344.5,1289.0,1251.5,1201.5,1274.1,1227.0,True
2002-05-03,52.0,30.6,74.2,53.5,1248.6,1227.6,1305.2,1240.0,1208.0,1155.9,1231.7,1186.5,True
2002-05-06,49.5,29.1,70.6,45.5,1216.1,1196.2,1270.0,1208.0,1177.5,1127.9,1200.1,1162.5,True
2002-05-07,49.1,28.9,70.0,37.5,1183.9,1164.2,1237.4,1182.0,1145.7,1096.5,1168.0,1144.5,True
2002-05-08,46.8,27.6,66.8,113.0,1173.5,1154.8,1224.5,1284.5,1137.1,1090.2,1158.4,1171.5,False
2002-05-09,60.9,35.7,87.0,45.0,1303.8,1279.5,1371.6,1286.0,1256.4,1195.5,1284.9,1241.0,True
2002-05-10,57.8,34.0,82.6,72.0,1267.6,1244.6,1332.0,1259.5,1222.6,1164.8,1249.6,1187.5,True
2002-05-13,57.2,33.5,81.6,60.5,1210.3,1187.6,1274.1,1247.5,1165.9,1108.7,1192.5,1187.0,True
2002-05-14,61.9,36.3,88.3,77.5,1263.1,1238.5,1332.1,1315.0,1215.0,1153.1,1243.8,1237.5,True
2002-05-15,70.6,41.3,100.5,71.0,1338.9,1310.9,1417.5,1354.0,1284.0,1213.4,1316.8,1283.0,True
2002-05-16,65.3,38.2,92.9,34.0,1345.0,1319.0,1417.6,1331.0,1294.1,1228.8,1324.5,1297.0,True
2002-05-17,64.4,37.7,91.8,43.5,1347.6,1322.0,1419.2,1351.0,1297.5,1233.1,1327.4,1307.5,True
2002-05-20,60.1,35.3,85.7,44.0,1348.5,1324.6,1415.3,1329.5,1301.7,1241.6,1329.6,1285.5,True
2002-05-21,56.0,32.9,79.8,61.0,1319.4,1297.2,1381.7,1312.5,1275.9,1219.9,1301.9,1251.5,True
2002-05-22,51.9,30.5,73.9,37.5,1279.9,1259.4,1337.5,1271.5,1239.5,1187.7,1263.6,1234.0,True
2002-05-23,48.1,28.3,68.6,51.5,1282.4,1263.5,1335.9,1292.0,1245.0,1197.0,1267.4,1240.5,True
2002-05-24,51.6,30.3,73.5,51.0,1308.8,1288.4,1366.0,1299.0,1268.5,1217.1,1292.6,1248.0,True
2002-05-27,51.5,30.3,73.4,10.0,1276.7,1256.4,1333.9,1265.0,1236.5,1185.2,1260.6,1255.0,True
2002-05-28,48.3,28.3,68.8,43.0,1280.4,1261.5,1334.1,1270.0,1242.9,1194.7,1265.4,1227.0,True
2002-05-29,44.1,25.9,62.8,38.5,1268.8,1251.6,1317.8,1254.5,1234.5,1190.6,1255.1,1216.0,True
2002-05-30,43.1,25.3,61.3,34.0,1234.4,1217.6,1282.3,1236.5,1200.9,1158.0,1221.0,1202.5,True
2002-05-31,41.0,24.1,58.2,43.0,1245.2,1229.2,1290.7,1248.5,1213.3,1172.5,1232.4,1205.5,True
2002-06-03,39.3,23.1,55.9,61.0,1224.1,1208.7,1267.7,1219.5,1193.5,1154.4,1211.8,1158.5,True
2002-06-04,44.9,26.4,64.0,45.5,1181.6,1164.1,1231.4,1193.5,1146.6,1102.0,1167.6,1148.0,True
2002-06-05,46.3,27.3,66.1,33.5,1198.2,1180.1,1249.5,1198.5,1162.1,1116.0,1183.7,1165.0,True
2002-06-06,46.5,27.4,66.3,45.5,1211.3,1193.1,1262.7,1196.5,1175.0,1128.8,1196.7,1151.0,True
2002-06-07,46.7,27.5,66.7,52.0,1180.8,1162.6,1232.5,1158.0,1144.4,1098.0,1166.2,1106.0,False
2002-06-10,46.2,27.3,66.0,24.5,1154.6,1135.8,1205.8,1156.5,1118.6,1072.7,1140.1,1132.0,True
2002-06-11,42.2,24.8,60.4,62.5,1152.7,1135.4,1199.3,1163.0,1119.8,1077.8,1139.4,1100.5,True
2002-06-12,42.6,25.1,61.1,45.5,1119.9,1102.4,1166.9,1124.5,1086.6,1044.3,1106.4,1079.0,True
2002-06-13,45.2,26.5,64.7,34.0,1137.9,1119.4,1187.7,1134.5,1102.4,1057.6,1123.6,1100.5,True
2002-06-14,43.6,25.7,62.5,59.5,1132.3,1114.4,1180.3,1114.0,1098.0,1054.9,1118.5,1054.5,False
2002-06-17,44.2,26.0,63.3,47.5,1127.9,1109.5,1176.7,1156.0,1093.1,1049.3,1114.0,1108.5,True
2002-06-18,49.1,28.8,70.2,37.0,1167.3,1146.7,1221.4,1171.0,1128.7,1079.9,1151.7,1134.0,True
2002-06-19,47.0,27.7,67.3,68.0,1187.5,1167.8,1239.3,1164.0,1150.7,1103.9,1172.6,1096.0,False
2002-06-20,46.3,27.2,66.4,44.5,1115.3,1095.7,1166.2,1102.5,1078.8,1032.5,1100.6,1058.0,True
2002-06-21,46.3,27.2,66.4,25.5,1079.2,1059.7,1130.2,1080.0,1042.8,996.5,1064.6,1054.5,True
2002-06-24,42.8,25.1,61.5,63.5,1078.0,1059.9,1125.0,1082.0,1044.3,1001.4,1064.4,1018.5,True
2002-06-25,44.5,26.1,64.0,56.5,1080.1,1061.3,1129.0,1078.0,1045.0,1000.5,1065.9,1021.5,True
2002-06-26,45.9,26.9,66.0,65.5,1044.1,1024.7,1094.5,1039.5,1007.9,962.1,1029.5,974.0,True
2002-06-27,47.4,27.7,68.1,49.0,1047.1,1027.2,1099.2,1060.0,1009.8,962.5,1032.1,1011.0,True
2002-06-28,50.2,29.3,72.0,35.0,1078.2,1057.0,1133.3,1079.5,1038.6,988.5,1062.2,1044.5,True
2002-07-01,51.3,30.0,73.7,66.0,1073.1,1051.5,1129.4,1064.5,1032.7,981.5,1056.8,998.5,True
2002-07-02,49.0,28.7,70.3,43.0,1020.3,999.6,1074.0,1008.0,981.6,932.7,1004.6,965.0,True
2002-07-03,46.6,27.3,66.8,46.5,984.3,964.7,1035.4,999.5,947.6,901.1,969.5,953.0,True
2002-07-04,46.1,27.0,66.0,9.5,1015.2,995.8,1065.7,999.5,978.8,932.9,1000.5,990.0,True
2002-07-05,42.4,24.8,60.9,72.5,1007.2,989.4,1053.7,1054.5,973.9,931.6,993.8,982.0,False
2002-07-08,48.5,28.5,69.6,61.0,1082.1,1061.7,1136.1,1073.5,1043.9,995.5,1066.6,1012.5,True
2002-07-09,46.9,27.5,67.3,39.5,1042.4,1022.7,1094.7,1032.0,1005.5,958.8,1027.5,992.5,True
2002-07-10,45.7,26.8,65.5,53.5,1011.4,992.3,1062.4,1015.5,975.5,930.0,996.9,962.0,True
2002-07-11,44.6,26.2,64.0,56.0,979.1,960.4,1028.8,1004.5,943.9,899.5,964.8,948.5,True
2002-07-12,52.1,30.5,74.6,39.5,1017.9,996.0,1075.9,1030.0,976.8,924.9,1001.2,990.5,True
2002-07-15,48.9,28.7,70.1,75.5,1018.3,997.7,1072.7,1033.5,979.7,931.0,1002.5,958.0,True
2002-07-16,51.8,30.4,74.2,45.0,1049.4,1027.5,1107.0,1049.5,1008.4,956.9,1032.7,1004.5,True
2002-07-17,52.9,31.0,75.8,64.0,1035.8,1013.5,1094.6,1066.0,994.0,941.3,1018.7,1002.0,True
2002-07-18,54.4,31.9,77.8,54.0,1054.0,1030.9,1114.3,1049.0,1010.8,956.7,1036.3,995.0,True
2002-07-19,52.5,30.8,75.1,39.0,1017.7,995.5,1076.0,998.0,976.1,923.9,1000.7,959.0,True
2002-07-22,51.2,30.1,73.4,54.5,986.1,964.6,1043.1,985.5,945.7,894.8,969.6,931.0,True
2002-07-23,47.1,27.7,67.4,59.5,961.1,941.3,1013.5,958.0,923.8,877.1,945.9,898.5,True
2002-07-24,47.4,27.8,67.8,80.0,919.7,899.8,972.4,953.0,882.2,835.2,904.4,873.0,True
2002-07-25,52.6,30.8,75.4,73.5,971.6,949.5,1030.1,953.0,929.9,877.8,954.6,879.5,True
2002-07-26,52.9,30.9,75.7,34.0,916.7,894.5,975.5,921.0,874.7,822.4,899.6,887.0,True
2002-07-29,54.9,32.1,78.6,62.5,933.0,909.9,993.9,972.5,889.4,835.1,915.2,910.0,True
2002-07-30,58.1,34.0,83.1,43.5,983.2,958.8,1047.7,995.0,937.2,879.6,964.3,951.5,True
2002-07-31,58.3,34.2,83.5,47.5,1002.4,977.8,1066.9,988.5,956.2,898.3,983.3,941.0,True
2002-08-01,52.1,30.6,74.6,51.5,981.0,959.1,1038.7,964.5,939.7,888.1,964.0,913.0,True
2002-08-02,46.9,27.5,67.2,40.0,934.5,914.8,986.5,919.5,897.3,850.9,919.2,879.5,True
2002-08-05,46.9,27.5,67.1,41.5,913.5,893.8,965.5,899.5,876.2,829.9,898.2,858.0,True
2002-08-06,42.9,25.2,61.4,70.5,879.4,861.5,927.0,927.5,845.4,803.0,865.5,857.0,False
2002-08-07,48.2,28.3,69.0,56.5,924.0,903.8,977.7,941.0,885.7,838.1,908.3,884.5,True
2002-08-08,51.2,30.0,73.3,51.5,938.1,916.6,995.2,951.5,897.3,846.9,921.4,900.0,True
2002-08-09,53.6,31.5,76.7,33.5,969.0,946.5,1028.7,955.5,926.4,873.5,951.5,922.0,True
2002-08-12,52.7,31.1,75.5,23.5,958.7,936.6,1017.4,946.0,916.7,864.8,941.4,922.5,True
2002-08-13,50.5,29.6,72.3,53.0,962.3,941.2,1018.6,962.0,922.2,872.4,945.8,909.0,True
2002-08-14,44.7,26.2,64.0,68.0,927.6,908.9,977.5,972.0,892.1,848.0,913.0,904.0,True
2002-08-15,48.6,28.6,69.7,34.5,985.1,964.7,1039.3,990.5,946.5,898.6,969.2,956.0,True
2002-08-16,48.2,28.3,69.1,52.5,1007.0,986.8,1060.7,1006.5,968.8,921.1,991.1,954.0,True
2002-08-19,50.0,29.4,71.6,41.5,1013.6,992.7,1069.4,1029.5,973.9,924.6,997.2,988.0,True
2002-08-20,53.7,31.6,76.9,22.0,1040.5,1018.0,1100.4,1024.5,997.9,944.9,1022.9,1002.5,True
2002-08-21,49.7,29.1,71.1,33.5,1032.0,1011.2,1087.4,1040.5,992.7,943.5,1015.7,1007.0,True
2002-08-22,44.0,25.8,63.1,31.5,1054.4,1036.0,1103.4,1055.0,1019.6,976.1,1039.9,1023.5,True
2002-08-23,43.5,25.5,62.4,48.5,1068.3,1050.0,1116.7,1054.0,1033.9,990.8,1053.9,1005.5,True
2002-08-26,40.1,23.5,57.5,38.0,1028.0,1011.1,1072.6,1029.5,996.3,956.6,1014.7,991.5,True
2002-08-27,39.4,23.2,56.6,55.5,1031.2,1014.7,1075.1,1028.0,1000.0,961.1,1018.2,972.5,True
2002-08-28,42.3,24.9,60.5,40.5,996.8,979.0,1043.9,982.0,963.2,921.5,982.8,941.5,True
2002-08-29,41.8,24.6,59.8,48.0,961.6,944.1,1008.1,975.0,928.4,887.2,947.7,927.0,True
2002-08-30,44.5,26.2,63.7,25.0,974.1,955.4,1023.7,966.5,938.7,894.9,959.3,941.5,True
2002-09-02,42.0,24.6,60.1,10.5,959.2,941.6,1005.9,946.0,925.8,884.4,945.2,935.5,True
2002-09-03,38.3,22.4,55.0,46.5,950.2,934.2,992.9,946.0,919.9,882.1,937.6,899.5,True
2002-09-04,35.6,20.8,51.1,31.0,918.2,903.4,957.9,926.5,890.0,854.9,906.4,895.5,True
2002-09-05,35.3,20.7,50.7,35.0,928.1,913.4,967.5,918.0,900.2,865.4,916.4,883.0,True
2002-09-06,32.5,19.0,46.6,43.0,905.0,891.5,941.3,935.0,879.3,847.3,894.3,892.0,True
2002-09-09,35.9,21.0,51.4,45.5,933.8,918.8,973.9,940.0,905.4,870.0,921.9,894.5,True
2002-09-10,40.4,23.6,58.0,26.5,943.1,926.1,988.1,953.0,911.0,871.2,929.6,926.5,True
2002-09-11,39.4,23.1,56.5,38.5,966.2,949.7,1010.1,980.5,935.0,896.1,953.0,942.0,True
2002-09-12,39.6,23.2,56.8,32.0,956.8,940.2,1000.9,946.5,925.5,886.3,943.5,914.5,True
2002-09-13,38.0,22.3,54.5,24.0,932.7,916.7,975.0,929.0,902.5,865.1,919.9,905.0,True
2002-09-16,35.4,20.8,50.8,30.0,938.7,923.9,978.1,929.0,910.7,875.8,926.8,899.0,True
2002-09-17,32.7,19.2,46.9,51.5,923.6,910.0,960.1,944.5,897.8,865.6,912.7,893.0,True
2002-09-18,34.9,20.5,50.2,30.5,906.5,891.9,945.4,906.5,878.8,844.5,894.8,876.0,True
2002-09-19,33.9,20.0,48.8,22.5,893.6,879.4,931.4,889.0,866.7,833.4,882.2,866.5,True
2002-09-20,32.8,19.3,47.1,21.5,881.2,867.5,917.7,884.5,855.1,822.9,870.2,863.0,True
2002-09-23,32.8,19.4,47.3,37.0,891.2,877.5,927.7,877.5,865.1,832.9,880.2,840.5,True
2002-09-24,32.6,19.3,46.9,32.0,861.6,848.0,897.9,865.5,835.7,803.7,850.7,833.5,True
2002-09-25,30.6,18.1,44.0,53.0,859.9,847.1,894.0,890.0,835.5,805.5,849.6,837.0,True
2002-09-26,35.0,20.7,50.4,38.0,895.5,880.9,934.5,901.0,867.7,833.4,883.7,863.0,True
2002-09-27,36.4,21.5,52.4,35.0,885.6,870.3,926.1,896.0,856.6,820.9,873.3,861.0,True
2002-09-30,37.4,22.1,53.9,33.0,875.5,859.8,917.1,859.0,845.6,809.0,862.8,826.0,False
2002-10-01,35.8,21.2,51.6,62.5,850.4,835.3,890.2,888.5,821.8,786.7,838.2,826.0,True
2002-10-02,41.9,24.8,60.4,43.0,902.2,884.5,948.7,889.5,868.7,827.7,887.9,846.5,True
2002-10-03,40.0,23.7,57.6,29.0,872.9,856.1,917.4,863.5,841.0,801.8,859.4,834.5,True
2002-10-04,38.1,22.6,54.9,40.0,850.7,834.7,893.0,852.0,820.3,783.0,837.8,812.0,True
2002-10-07,38.0,22.6,54.7,30.0,834.2,818.2,876.4,830.5,803.8,766.7,821.3,800.5,True
2002-10-08,37.7,22.4,54.3,33.5,828.1,812.2,869.9,831.0,797.9,761.1,815.3,797.5,True
2002-10-09,34.5,20.5,49.7,28.5,827.4,812.9,865.6,828.5,799.7,766.1,815.7,800.0,True
2002-10-10,32.9,19.6,47.4,55.0,821.8,808.0,858.3,856.0,795.4,763.3,810.6,801.0,True
2002-10-11,38.0,22.6,54.8,57.0,863.2,847.2,905.3,903.0,832.8,795.7,850.3,846.0,True
2002-10-14,42.4,25.2,61.1,29.0,910.4,892.5,957.3,908.0,876.5,835.0,895.9,879.0,True
2002-10-15,42.9,25.4,61.8,49.5,923.6,905.5,971.0,954.0,889.3,847.3,908.9,904.5,True
2002-10-16,46.3,27.5,66.8,38.5,967.9,948.3,1019.0,947.5,930.9,885.5,952.1,909.0,False
2002-10-17,45.7,27.1,65.8,41.0,936.6,917.1,987.1,960.0,900.1,855.4,921.0,919.0,True
2002-10-18,44.3,26.3,63.8,43.5,960.7,941.7,1009.5,968.5,925.2,881.8,945.5,925.0,True
2002-10-21,42.9,25.5,61.8,46.5,976.6,958.3,1023.9,986.0,942.3,900.3,961.9,939.5,True
2002-10-22,45.8,27.2,66.0,27.0,997.2,977.6,1047.7,981.5,960.6,915.7,981.5,954.5,True
2002-10-23,42.7,25.4,61.5,38.0,989.1,970.8,1036.1,993.0,954.8,913.1,974.4,955.0,True
2002-10-24,43.1,25.6,62.1,37.5,1008.7,990.3,1056.2,1002.0,974.2,932.0,993.9,964.5,True
2002-10-25,41.3,24.5,59.4,35.5,983.0,965.4,1028.5,998.0,949.9,909.6,968.9,962.5,True
2002-10-28,40.9,24.3,58.9,39.5,1007.9,990.4,1052.9,1014.5,975.2,935.1,993.9,975.0,True
2002-10-29,39.5,23.5,56.9,46.5,1001.9,985.0,1045.3,989.0,970.2,931.6,988.3,942.5,True
2002-10-30,41.0,24.3,58.9,41.5,978.9,961.4,1024.0,998.5,946.0,906.0,964.8,957.0,True
2002-10-31,42.8,25.4,61.5,27.5,1007.1,988.8,1054.1,1009.0,972.8,931.0,992.4,981.5,True
2002-11-01,41.3,24.6,59.3,50.0,1007.1,989.4,1052.4,1023.5,974.0,933.6,992.9,973.5,True
2002-11-04,43.8,26.1,62.9,38.5,1037.1,1018.3,1085.0,1073.0,1001.8,959.1,1021.9,1034.5,False
2002-11-05,44.7,26.7,64.2,24.5,1059.9,1040.7,1108.8,1054.5,1024.1,980.3,1044.9,1030.0,True
2002-11-06,42.0,25.0,60.4,40.0,1067.4,1049.4,1113.3,1073.0,1033.7,992.6,1053.3,1033.0,True
2002-11-07,41.7,24.9,60.0,54.5,1084.8,1066.9,1130.4,1074.5,1051.3,1010.5,1070.7,1020.0,True
2002-11-08,43.0,25.6,61.8,38.5,1045.8,1027.4,1092.8,1043.5,1011.2,969.2,1031.3,1005.0,True
2002-11-11,40.7,24.3,58.6,41.5,1024.4,1007.0,1068.9,1015.0,991.6,951.9,1010.7,973.5,True
2002-11-12,39.6,23.6,57.0,48.0,995.4,978.5,1038.7,1023.0,963.6,925.0,982.1,975.0,True
2002-11-13,43.2,25.8,62.1,38.0,1020.8,1002.4,1068.0,1024.5,986.0,943.9,1006.2,986.5,True
2002-11-14,43.9,26.2,63.1,64.5,1033.1,1014.3,1081.0,1066.5,997.8,955.0,1018.3,1002.0,True
2002-11-15,46.8,27.9,67.2,30.0,1069.2,1049.2,1120.3,1066.5,1031.7,985.9,1053.4,1036.5,True
2002-11-18,46.7,27.8,67.2,32.5,1083.2,1063.2,1134.1,1079.5,1045.7,1000.0,1067.3,1047.0,True
2002-11-19,44.4,26.5,64.0,33.0,1066.8,1047.8,1115.2,1052.0,1031.2,987.8,1051.7,1019.0,True
2002-11-20,41.4,24.7,59.7,50.5,1048.1,1030.5,1093.3,1077.0,1015.0,974.5,1034.1,1026.5,True
2002-11-21,44.2,26.4,63.7,44.5,1092.7,1073.9,1140.8,1121.5,1057.3,1014.1,1077.7,1077.0,True
2002-11-22,43.4,25.9,62.5,24.0,1133.9,1115.4,1181.2,1124.5,1099.1,1056.7,1119.1,1100.5,True
2002-11-25,42.5,25.3,61.3,26.5,1132.6,1114.4,1178.8,1135.5,1098.6,1056.9,1118.1,1109.0,True
2002-11-26,41.5,24.8,60.1,44.0,1141.7,1124.0,1186.8,1127.5,1108.5,1067.9,1127.5,1083.5,True
2002-11-27,40.9,24.4,59.2,56.5,1104.0,1086.5,1148.4,1145.0,1071.2,1031.2,1090.0,1088.5,True
2002-11-28,42.7,25.5,61.7,11.0,1140.6,1122.5,1187.0,1132.0,1106.5,1064.7,1126.1,1121.0,True
2002-11-29,38.9,23.2,56.2,52.0,1139.7,1123.1,1182.0,1136.0,1108.6,1070.5,1126.4,1084.0,True
2002-12-02,40.7,24.3,58.8,47.5,1132.4,1115.1,1176.6,1157.5,1099.8,1060.0,1118.5,1110.0,True
2002-12-03,44.0,26.3,63.4,56.5,1144.1,1125.4,1191.9,1136.5,1109.0,1065.9,1129.1,1080.0,True
2002-12-04,44.0,26.2,63.4,39.0,1111.1,1092.4,1158.9,1094.0,1075.9,1032.9,1096.0,1055.0,True
2002-12-05,41.4,24.6,59.6,36.0,1086.6,1069.1,1131.5,1087.5,1053.5,1013.0,1072.4,1051.5,True
2002-12-06,43.9,26.2,63.3,45.0,1072.6,1053.9,1120.2,1075.0,1037.4,994.5,1057.5,1030.0,True
2002-12-09,43.7,26.1,63.0,58.5,1083.5,1065.0,1130.9,1072.5,1048.5,1005.8,1068.5,1014.0,True
2002-12-10,42.9,25.6,61.7,30.0,1031.2,1013.0,1077.7,1044.5,996.8,954.9,1016.5,1014.5,True
2002-12-11,41.7,24.9,60.0,29.5,1046.8,1029.1,1091.9,1048.5,1013.3,972.6,1032.4,1019.0,True
2002-12-12,40.8,24.4,58.6,27.0,1050.9,1033.6,1095.1,1052.5,1018.2,978.4,1036.9,1025.5,True
2002-12-13,39.7,23.8,57.2,36.5,1055.5,1038.6,1098.4,1042.5,1023.7,985.0,1041.8,1006.0,True
2002-12-16,37.2,22.3,53.6,41.0,1021.6,1005.8,1061.8,1044.0,991.8,955.5,1008.8,1003.0,True
2002-12-17,36.1,21.7,52.0,21.0,1053.7,1038.3,1092.7,1053.5,1024.8,989.5,1041.2,1032.5,True
2002-12-18,35.5,21.2,51.2,35.5,1055.9,1040.8,1094.3,1043.0,1027.5,992.9,1043.7,1007.5,True
2002-12-19,35.0,20.9,50.4,36.5,1033.7,1018.9,1071.5,1036.0,1005.7,971.6,1021.7,999.5,True
2002-12-20,35.9,21.5,51.7,23.5,1023.6,1008.3,1062.3,1019.5,994.8,959.9,1011.2,996.0,True
2002-12-23,34.6,20.8,49.9,25.0,1028.3,1013.6,1065.7,1039.0,1000.7,967.0,1016.4,1014.0,True
2002-12-24,32.7,19.6,47.2,16.5,1045.9,1032.0,1081.1,1038.5,1019.7,987.9,1034.6,1022.0,True
2002-12-26,31.8,19.2,46.0,30.0,1034.5,1021.0,1068.8,1045.5,1009.1,978.1,1023.6,1015.5,True
2002-12-27,30.6,18.5,44.3,27.5,1031.6,1018.6,1064.5,1025.0,1007.1,977.3,1021.0,997.5,True
2002-12-30,28.7,17.3,41.1,24.5,1012.3,1000.2,1043.3,1007.0,989.4,961.5,1002.5,982.5,True
2002-12-31,28.4,17.1,40.6,17.5,1003.7,991.7,1034.3,996.5,981.0,953.4,993.9,979.0,True
2003-01-02,27.5,16.5,39.4,45.0,997.4,985.7,1027.0,1030.5,975.4,948.7,987.9,985.5,False
2003-01-03,32.0,19.3,46.3,17.5,1037.1,1023.5,1072.3,1037.5,1011.5,980.4,1026.1,1020.0,True
2003-01-06,31.2,18.8,45.2,41.0,1047.8,1034.6,1082.1,1072.0,1022.8,992.6,1037.0,1031.0,True
2003-01-07,32.7,19.7,47.3,29.5,1073.4,1059.5,1109.3,1085.5,1047.2,1015.5,1062.1,1056.0,True
2003-01-08,33.9,20.4,49.1,32.5,1087.8,1073.4,1125.0,1074.5,1060.8,1027.8,1076.1,1042.0,True
2003-01-09,34.5,20.7,49.9,43.5,1058.0,1043.4,1095.9,1088.0,1030.5,997.0,1046.1,1044.5,True
2003-01-10,34.6,20.8,50.1,43.0,1090.1,1075.4,1128.0,1099.0,1062.5,1028.9,1078.1,1056.0,True
2003-01-13,38.0,22.8,55.0,31.0,1105.9,1089.7,1147.5,1108.5,1075.5,1038.7,1092.7,1077.5,True
2003-01-14,36.9,22.1,53.3,19.0,1100.5,1084.8,1140.9,1101.0,1071.0,1035.2,1087.7,1082.0,True
2003-01-15,36.0,21.6,51.9,32.0,1105.7,1090.3,1145.0,1103.0,1076.9,1042.0,1093.2,1071.0,True
2003-01-16,34.8,20.8,50.1,27.5,1090.2,1075.4,1128.3,1087.0,1062.4,1028.7,1078.1,1059.5,True
2003-01-17,32.2,19.3,46.4,59.5,1076.7,1063.0,1111.9,1077.5,1050.9,1019.8,1065.6,1018.0,False
2003-01-20,32.3,19.3,46.7,13.0,1032.2,1018.5,1067.5,1028.0,1006.4,974.7,1021.1,1015.0,True
2003-01-21,32.0,19.1,46.3,21.5,1030.6,1017.0,1065.6,1029.5,1005.0,973.6,1019.5,1008.0,True
2003-01-22,31.2,18.7,45.1,29.5,1020.8,1007.6,1054.9,1029.0,995.9,965.3,1010.0,999.5,True
2003-01-23,30.5,18.3,44.1,29.5,1016.0,1003.1,1049.4,1041.0,991.7,961.7,1005.5,1011.5,False
2003-01-24,31.8,19.0,46.0,40.0,1038.5,1025.0,1073.3,1032.5,1013.2,981.9,1027.8,992.5,True
2003-01-27,28.7,17.2,41.5,27.5,1010.9,998.7,1042.2,1007.5,988.0,959.8,1001.1,980.0,True
2003-01-28,30.8,18.5,44.6,26.0,1000.1,987.1,1033.7,1008.5,975.6,945.3,989.7,982.5,True
2003-01-29,31.8,19.0,46.0,45.0,1010.5,997.0,1045.2,1025.0,985.2,953.9,999.7,980.0,True
2003-01-30,33.8,20.3,48.9,41.0,1026.3,1011.9,1063.1,1027.0,999.3,966.1,1014.8,986.0,True
2003-01-31,34.7,20.8,50.1,32.5,1000.2,985.4,1037.9,997.5,972.4,938.4,988.3,965.0,True
2003-02-03,34.4,20.6,49.7,19.5,997.5,982.9,1035.0,998.5,970.0,936.3,985.8,979.0,True
2003-02-04,33.8,20.1,48.8,30.5,998.9,984.4,1035.6,990.0,971.8,938.6,987.3,959.5,True
2003-02-05,33.5,20.0,48.2,36.0,987.7,973.5,1024.1,1000.5,960.9,928.1,976.3,964.5,True
2003-02-06,32.1,19.1,46.2,19.5,981.7,968.0,1016.5,980.0,956.0,924.5,970.7,960.5,True
2003-02-07,30.3,18.1,43.7,36.0,986.5,973.6,1019.4,987.5,962.3,932.5,976.1,951.5,True
2003-02-10,29.7,17.7,42.8,25.0,970.8,958.1,1003.0,976.0,947.0,917.9,960.6,951.0,True
2003-02-11,30.9,18.5,44.4,28.0,980.8,967.6,1014.2,990.5,956.0,925.7,970.1,962.5,True
2003-02-12,30.5,18.3,43.7,22.5,983.7,970.6,1016.6,979.5,959.2,929.3,973.1,957.0,True
2003-02-13,28.5,17.1,40.9,45.0,969.4,957.2,1000.2,983.5,946.5,918.6,959.5,938.5,True
2003-02-14,31.4,18.8,45.4,35.0,973.5,960.1,1007.4,985.5,948.3,917.5,962.6,950.5,True
2003-02-17,32.6,19.5,47.1,11.0,997.6,983.5,1032.7,995.0,971.3,939.3,986.1,984.0,True
2003-02-18,32.4,19.2,46.7,36.5,1004.4,990.5,1039.4,1019.5,978.4,946.6,993.1,983.0,True
2003-02-19,32.1,19.1,46.4,27.5,1030.9,1017.0,1065.4,1022.0,1005.1,973.5,1019.6,994.5,True
2003-02-20,33.0,19.6,47.7,20.5,1022.2,1008.0,1057.7,1020.5,995.7,963.3,1010.6,1000.0,True
2003-02-21,29.8,17.7,43.0,35.0,1015.9,1003.1,1048.0,1021.0,992.0,962.8,1005.5,986.0,True
2003-02-24,29.2,17.3,42.1,28.0,1025.7,1013.2,1057.1,1021.5,1002.3,973.6,1015.5,993.5,True
2003-02-25,31.0,18.4,44.8,34.5,1005.8,992.6,1039.2,1003.0,981.0,950.6,995.1,968.5,True
2003-02-26,30.5,18.3,44.0,29.5,1009.6,996.6,1042.5,1003.0,985.2,955.4,999.0,973.5,True
2003-02-27,30.4,18.2,43.8,31.0,985.5,972.6,1018.3,1002.5,961.2,931.5,975.0,971.5,True
2003-02-28,32.4,19.5,46.7,23.0,1008.8,995.0,1043.7,1014.5,982.9,951.2,997.6,991.5,True
2003-03-03,31.5,19.0,45.1,35.5,1022.5,1009.1,1056.4,1024.0,997.3,966.5,1011.6,988.5,True
2003-03-04,31.1,18.8,44.6,13.5,1004.4,991.1,1037.8,995.5,979.4,949.1,993.5,982.0,True
2003-03-05,29.4,17.5,42.2,18.5,996.7,984.2,1028.3,996.5,973.1,944.5,986.5,978.0,True
2003-03-06,27.4,16.4,39.5,16.0,998.4,986.7,1027.9,992.5,976.5,949.8,988.9,976.5,True
2003-03-07,25.1,15.0,36.0,28.5,994.0,983.3,1021.0,993.0,974.0,949.5,985.3,964.5,True
2003-03-10,25.2,15.0,36.2,25.0,996.0,985.3,1023.2,987.0,975.9,951.4,987.3,962.0,True
2003-03-11,23.6,14.1,34.0,18.0,975.4,965.4,1000.8,975.0,956.6,933.6,967.3,957.0,True
2003-03-12,24.1,14.4,34.7,30.0,967.1,956.9,993.1,975.0,947.9,924.4,958.8,945.0,True
2003-03-13,25.6,15.3,36.9,60.0,983.2,972.3,1010.7,1031.5,962.7,937.8,974.4,971.5,False
2003-03-14,32.6,19.4,46.9,24.0,1042.8,1029.0,1078.7,1044.5,1016.8,985.1,1031.6,1020.5,True
2003-03-17,33.4,19.9,48.2,61.0,1047.1,1033.0,1083.8,1077.5,1020.5,988.0,1035.6,1016.5,True
2003-03-18,37.4,22.2,54.1,23.5,1085.7,1069.8,1126.7,1086.5,1055.8,1019.4,1072.7,1063.0,True
2003-03-19,39.7,23.6,57.5,35.0,1099.7,1082.7,1143.1,1094.0,1067.8,1029.3,1085.8,1059.0,True
2003-03-20,39.0,23.2,56.4,36.5,1087.8,1071.2,1130.5,1090.5,1056.6,1018.7,1074.3,1054.0,True
2003-03-21,35.8,21.3,51.7,25.5,1091.7,1076.4,1130.8,1095.5,1063.0,1028.2,1079.2,1070.0,True
2003-03-24,36.9,22.0,53.4,40.0,1108.7,1092.9,1149.0,1087.5,1079.1,1043.3,1095.8,1047.5,False
2003-03-25,32.1,19.2,46.6,35.5,1062.3,1048.5,1097.3,1079.0,1036.5,1005.4,1051.1,1043.5,True
2003-03-26,34.2,20.4,49.7,15.5,1078.6,1063.9,1115.9,1078.5,1051.1,1018.0,1066.6,1063.0,True
2003-03-27,33.2,19.6,47.9,22.5,1082.7,1068.5,1118.9,1074.0,1056.1,1023.9,1071.1,1051.5,True
2003-03-28,30.3,17.9,43.8,20.5,1073.0,1060.1,1106.1,1066.5,1048.8,1019.4,1062.5,1046.0,True
2003-03-31,29.3,17.4,42.4,33.5,1062.6,1050.1,1094.6,1048.5,1039.2,1010.8,1052.5,1015.0,False
2003-04-01,27.2,16.1,39.4,19.5,1031.3,1019.6,1061.0,1035.0,1009.6,983.3,1021.9,1015.5,True
2003-04-02,25.8,15.3,37.4,46.5,1032.8,1021.7,1061.0,1070.0,1012.2,987.2,1023.8,1023.5,False
2003-04-03,30.0,17.8,43.6,21.0,1073.4,1060.5,1106.6,1082.0,1049.4,1020.4,1063.0,1061.0,True
2003-04-04,31.4,18.6,45.6,31.5,1079.0,1065.4,1113.7,1078.0,1053.8,1023.5,1068.0,1046.5,True
2003-04-07,31.7,18.8,46.1,44.5,1062.1,1048.4,1097.1,1095.0,1036.7,1006.1,1051.0,1050.5,True
2003-04-08,32.8,19.5,47.6,25.0,1063.5,1049.4,1099.8,1068.5,1037.2,1005.6,1052.1,1043.5,True
2003-04-09,34.3,20.4,49.7,36.5,1063.7,1048.8,1101.5,1061.0,1036.1,1003.0,1051.6,1024.5,True
2003-04-10,31.7,19.0,46.0,19.0,1038.1,1024.5,1073.1,1038.5,1012.7,982.1,1027.0,1019.5,True
2003-04-11,33.0,19.8,47.9,32.0,1050.7,1036.4,1087.1,1054.0,1024.2,992.3,1039.1,1022.0,True
2003-04-14,32.0,19.2,46.4,27.5,1040.8,1026.9,1076.1,1053.5,1015.1,984.2,1029.5,1026.0,True
2003-04-15,30.2,18.1,43.9,23.0,1060.2,1047.0,1093.4,1064.0,1035.9,1006.7,1049.5,1041.0,True
2003-04-16,30.6,18.3,44.4,31.5,1071.3,1058.0,1105.0,1084.0,1046.7,1017.2,1060.5,1052.5,True
2003-04-17,28.9,17.3,41.9,33.5,1067.7,1055.1,1099.5,1087.5,1044.4,1016.6,1057.4,1054.0,True
2003-04-21,31.4,18.8,45.6,19.5,1095.2,1081.5,1129.7,1092.0,1069.9,1039.6,1084.0,1072.5,True
2003-04-22,30.4,18.3,44.2,33.0,1096.3,1083.0,1129.7,1106.5,1071.8,1042.5,1085.5,1073.5,True
2003-04-23,30.5,18.3,44.3,19.5,1115.9,1102.5,1149.3,1118.0,1091.3,1061.9,1105.0,1098.5,True
2003-04-24,31.0,18.6,45.1,19.5,1125.6,1112.0,1159.6,1118.0,1100.6,1070.7,1114.5,1098.5,True
2003-04-25,28.7,17.2,41.7,30.5,1119.2,1106.6,1150.6,1112.5,1096.0,1068.4,1108.9,1082.0,True
2003-04-28,26.7,16.1,38.9,32.0,1095.8,1084.2,1125.2,1113.5,1074.4,1048.7,1086.3,1081.5,True
2003-04-29,29.1,17.5,42.2,26.0,1118.3,1105.6,1150.2,1129.5,1094.9,1066.9,1107.9,1103.5,True
2003-04-30,28.8,17.3,41.8,13.5,1127.7,1115.1,1159.3,1119.0,1104.5,1076.8,1117.4,1105.5,True
2003-05-01,28.6,17.2,41.5,15.5,1119.1,1106.7,1150.5,1110.5,1096.1,1068.6,1108.9,1095.0,True
2003-05-02,27.5,16.4,39.7,28.5,1124.2,1112.2,1154.3,1139.5,1102.0,1075.6,1114.4,1111.0,True
2003-05-05,27.1,16.2,39.1,21.0,1149.5,1137.7,1179.2,1155.5,1127.7,1101.7,1139.8,1134.5,True
2003-05-06,25.3,15.1,36.5,29.0,1148.3,1137.3,1176.1,1163.5,1128.0,1103.6,1139.3,1134.5,True
2003-05-07,25.6,15.3,36.8,27.0,1162.5,1151.3,1190.5,1159.5,1141.9,1117.2,1153.3,1132.5,True
2003-05-08,27.0,16.2,38.9,21.5,1150.0,1138.2,1179.6,1139.0,1128.3,1102.3,1140.3,1117.5,True
2003-05-09,27.1,16.3,38.9,31.5,1128.5,1116.7,1158.2,1146.0,1106.7,1080.7,1118.8,1114.5,True
2003-05-12,27.6,16.6,39.5,32.0,1154.2,1142.2,1184.4,1166.0,1132.0,1105.5,1144.4,1134.0,True
2003-05-13,29.3,17.6,41.8,18.5,1171.4,1158.6,1203.4,1168.0,1147.9,1119.7,1160.9,1149.5,True
2003-05-14,28.5,17.2,40.8,24.5,1165.6,1153.2,1196.7,1166.0,1142.8,1115.3,1155.4,1141.5,True
2003-05-15,27.5,16.6,39.3,16.5,1161.7,1149.7,1191.7,1166.5,1139.6,1113.2,1151.8,1150.0,True
2003-05-16,27.3,16.5,39.1,19.0,1174.2,1162.2,1203.9,1166.0,1152.3,1125.9,1164.3,1147.0,True
2003-05-19,25.0,15.1,35.8,41.5,1166.2,1155.3,1193.5,1154.0,1146.2,1122.1,1157.3,1112.5,False
2003-05-20,24.4,14.7,35.0,21.5,1123.5,1112.7,1150.1,1125.5,1103.9,1080.0,1114.7,1104.0,True
2003-05-21,25.5,15.4,36.6,17.5,1128.4,1117.2,1156.2,1122.0,1107.9,1082.9,1119.3,1104.5,True
2003-05-22,24.9,15.0,35.6,29.0,1125.2,1114.2,1152.3,1139.5,1105.2,1080.8,1116.3,1110.5,True
2003-05-23,26.1,15.7,37.3,12.0,1140.2,1128.6,1168.6,1137.0,1119.2,1093.6,1130.8,1125.0,True
2003-05-26,26.3,15.9,37.7,5.0,1140.7,1129.1,1169.4,1134.5,1119.7,1093.9,1131.3,1129.5,True
2003-05-27,21.6,13.0,31.0,53.0,1140.9,1131.4,1164.4,1175.5,1123.6,1102.4,1133.2,1122.5,False
2003-05-28,24.6,14.7,35.4,20.5,1182.1,1171.2,1209.1,1186.0,1162.4,1138.3,1173.2,1165.5,True
2003-05-29,26.0,15.6,37.4,29.5,1184.6,1173.2,1213.2,1200.0,1163.8,1138.3,1175.3,1170.5,True
2003-05-30,25.5,15.3,36.7,25.5,1189.0,1177.7,1216.9,1202.5,1168.6,1143.5,1179.8,1177.0,True
2003-06-02,27.9,16.7,40.2,35.5,1209.9,1197.6,1240.5,1215.5,1187.6,1160.2,1199.8,1180.0,True
2003-06-03,30.9,18.5,44.5,21.5,1202.6,1188.9,1236.5,1202.0,1177.9,1147.5,1191.4,1180.5,True
2003-06-04,27.9,16.8,40.3,34.0,1212.4,1200.1,1243.0,1230.0,1190.1,1162.7,1202.3,1196.0,True
2003-06-05,29.5,17.8,42.5,28.5,1236.1,1223.0,1268.4,1235.0,1212.5,1183.5,1225.4,1206.5,True
2003-06-06,29.8,17.9,42.9,58.0,1245.6,1232.5,1278.3,1266.5,1221.8,1192.6,1234.9,1208.5,True
2003-06-09,32.1,19.3,46.4,35.0,1225.6,1211.4,1260.7,1223.0,1199.9,1168.4,1214.0,1188.0,True
2003-06-10,32.8,19.7,47.5,22.0,1210.3,1195.9,1246.3,1216.0,1184.1,1152.0,1198.5,1194.0,True
2003-06-11,33.8,20.3,48.9,32.5,1227.7,1212.8,1264.8,1231.5,1200.7,1167.6,1215.5,1199.0,True
2003-06-12,33.2,20.0,47.8,22.5,1242.0,1227.3,1278.4,1240.0,1215.4,1182.9,1230.0,1217.5,True
2003-06-13,33.4,20.2,48.1,35.0,1246.1,1231.3,1282.7,1236.0,1219.3,1186.7,1234.0,1201.0,True
2003-06-16,29.6,17.9,42.6,42.0,1218.6,1205.5,1251.0,1243.5,1194.9,1166.0,1207.9,1201.5,True
2003-06-17,31.6,19.1,45.4,23.0,1255.4,1241.4,1290.0,1252.0,1230.1,1199.2,1243.9,1229.0,True
2003-06-18,32.5,19.7,46.5,30.5,1249.2,1234.9,1284.8,1256.0,1223.2,1191.5,1237.5,1225.5,True
2003-06-19,31.6,19.1,45.2,33.0,1255.9,1242.0,1290.5,1255.5,1230.6,1199.7,1244.4,1222.5,True
2003-06-20,32.3,19.5,46.1,15.5,1235.6,1221.4,1271.0,1238.0,1209.8,1178.3,1224.0,1222.5,True
2003-06-23,31.7,19.2,45.2,32.5,1250.5,1236.5,1285.2,1224.0,1225.1,1194.2,1239.0,1191.5,False
2003-06-24,28.3,17.2,40.5,23.5,1216.1,1203.4,1247.1,1213.5,1193.4,1165.3,1205.8,1190.0,True
2003-06-25,28.9,17.5,41.3,28.0,1205.8,1192.9,1237.5,1216.0,1182.6,1154.0,1195.4,1188.0,True
2003-06-26,28.7,17.4,41.0,31.5,1200.7,1187.9,1232.2,1220.5,1177.7,1149.3,1190.3,1189.0,True
2003-06-27,28.7,17.4,40.9,33.0,1228.2,1215.4,1259.7,1232.0,1205.3,1176.8,1217.8,1199.0,True
2003-06-30,30.6,18.6,43.6,20.5,1214.5,1200.8,1248.0,1222.0,1190.0,1159.6,1203.4,1201.5,True
2003-07-01,29.9,18.2,42.6,44.5,1216.3,1202.8,1248.9,1223.5,1192.3,1162.6,1205.4,1179.0,True
2003-07-02,31.8,19.3,45.4,27.0,1235.5,1221.2,1270.3,1249.0,1210.0,1178.4,1223.9,1222.0,True
2003-07-03,33.1,20.1,47.3,25.0,1261.6,1246.7,1297.7,1253.0,1235.0,1202.1,1249.5,1228.0,True
2003-07-07,31.9,19.4,45.5,53.0,1241.6,1227.2,1276.4,1286.0,1215.9,1184.3,1229.9,1233.0,False
2003-07-08,34.5,20.9,49.4,28.5,1298.6,1283.1,1336.3,1302.0,1270.9,1236.7,1286.1,1273.5,True
2003-07-09,37.0,22.5,53.0,22.5,1313.6,1297.0,1354.1,1309.5,1283.9,1247.2,1300.2,1287.0,True
2003-07-10,33.8,20.5,48.4,28.0,1310.3,1295.2,1347.3,1290.0,1283.2,1249.7,1298.1,1262.0,False
2003-07-11,32.4,19.7,46.4,22.5,1285.3,1270.4,1320.7,1288.5,1259.3,1227.1,1273.5,1266.0,True
2003-07-14,32.6,19.9,46.7,36.0,1294.4,1279.4,1330.0,1319.5,1268.2,1235.9,1282.5,1283.5,False
2003-07-15,30.0,18.2,42.9,27.5,1311.3,1297.6,1344.1,1314.0,1287.3,1257.5,1300.5,1286.5,True
2003-07-16,30.4,18.5,43.5,37.0,1310.0,1296.0,1343.2,1315.0,1285.6,1255.5,1299.0,1278.0,True
2003-07-17,31.5,19.1,45.1,44.0,1307.5,1293.0,1341.9,1293.5,1282.1,1250.9,1296.1,1249.5,False
2003-07-18,32.0,19.4,45.7,25.0,1267.6,1253.0,1302.6,1270.0,1241.9,1210.1,1256.1,1245.0,True
2003-07-21,33.5,20.3,47.8,31.0,1271.8,1256.4,1308.3,1263.0,1244.8,1211.5,1259.6,1232.0,True
2003-07-22,32.1,19.5,45.8,31.5,1254.2,1239.5,1289.3,1269.0,1228.4,1196.4,1242.6,1237.5,True
2003-07-23,33.2,20.1,47.3,29.0,1275.6,1260.4,1311.9,1276.5,1248.9,1215.9,1263.6,1247.5,True
2003-07-24,33.1,20.1,47.3,38.5,1286.1,1270.9,1322.2,1291.0,1259.5,1226.5,1274.1,1252.5,True
2003-07-25,31.7,19.3,45.2,42.5,1266.6,1252.0,1301.2,1281.0,1241.0,1209.5,1255.1,1238.5,True
2003-07-28,34.6,21.2,49.2,15.0,1294.2,1278.3,1332.0,1288.0,1266.3,1231.9,1281.7,1273.0,True
2003-07-29,34.6,21.0,49.3,32.0,1297.2,1281.3,1335.0,1289.0,1269.3,1235.0,1284.7,1257.0,True
2003-07-30,32.6,19.8,46.5,19.0,1286.4,1271.5,1322.0,1281.0,1260.1,1227.8,1274.6,1262.0,True
2003-07-31,31.9,19.4,45.5,37.0,1277.1,1262.5,1312.0,1301.0,1251.4,1219.7,1265.6,1264.0,True
2003-08-01,31.1,18.9,44.3,24.5,1291.3,1277.1,1325.3,1284.5,1266.3,1235.4,1280.0,1260.0,True
2003-08-04,28.9,17.6,41.3,38.0,1278.9,1265.7,1310.5,1279.0,1255.7,1227.0,1268.5,1241.0,True
2003-08-05,31.0,18.8,44.2,43.5,1277.8,1263.6,1311.6,1268.0,1252.7,1222.0,1266.5,1224.5,True
2003-08-06,31.2,19.0,44.4,27.0,1228.3,1214.1,1262.4,1238.5,1203.1,1172.2,1217.0,1211.5,True
2003-08-07,32.4,19.7,46.2,18.5,1227.3,1212.5,1262.7,1227.0,1201.2,1169.1,1215.6,1208.5,True
2003-08-08,31.2,18.9,44.4,25.0,1231.8,1217.6,1265.9,1229.0,1206.7,1175.7,1220.5,1204.0,True
2003-08-11,30.6,18.6,43.6,23.5,1222.6,1208.7,1256.0,1232.0,1197.9,1167.6,1211.5,1208.5,True
2003-08-12,29.4,17.9,42.1,24.0,1234.1,1220.7,1266.2,1244.0,1210.5,1181.3,1223.5,1220.0,True
2003-08-13,27.8,16.9,39.7,17.5,1253.5,1240.8,1283.8,1250.5,1231.1,1203.5,1243.4,1233.0,True
2003-08-14,26.6,16.3,38.1,21.0,1253.5,1241.4,1282.6,1255.5,1232.1,1205.7,1243.9,1234.5,True
2003-08-15,26.5,16.2,38.0,39.5,1256.0,1243.9,1284.9,1259.5,1234.7,1208.3,1246.4,1220.0,True
2003-08-18,27.6,16.8,39.4,32.5,1265.5,1252.9,1295.5,1285.0,1243.2,1215.8,1255.4,1252.5,True
2003-08-19,29.4,17.9,42.0,22.0,1298.7,1285.3,1330.7,1303.5,1275.0,1245.8,1288.0,1281.5,True
2003-08-20,30.0,18.3,42.9,20.5,1314.4,1300.7,1347.1,1309.0,1290.3,1260.4,1303.5,1288.5,True
2003-08-21,30.0,18.3,43.0,22.5,1311.4,1297.7,1344.1,1321.0,1287.3,1257.4,1300.5,1298.5,True
2003-08-22,29.9,18.3,42.9,37.5,1325.4,1311.7,1358.0,1343.0,1301.3,1271.6,1314.5,1305.5,True
2003-08-25,28.6,17.5,41.0,12.5,1316.4,1303.3,1347.5,1308.5,1293.4,1264.9,1305.9,1296.0,True
2003-08-26,27.3,16.7,39.2,31.5,1317.9,1305.4,1347.6,1311.5,1296.0,1268.7,1307.9,1280.0,True
2003-08-27,26.6,16.3,38.3,18.5,1319.1,1307.0,1348.0,1321.0,1297.7,1271.2,1309.4,1302.5,True
2003-08-28,27.5,16.9,39.7,24.5,1330.9,1318.4,1360.9,1333.0,1308.9,1281.5,1320.9,1308.5,True
2003-08-29,27.3,16.7,39.3,19.5,1342.4,1329.9,1372.1,1346.0,1320.4,1293.2,1332.4,1326.5,True
2003-09-01,25.6,15.7,36.9,9.5,1352.2,1340.5,1380.1,1349.5,1331.6,1306.1,1342.8,1340.0,True
2003-09-02,25.7,15.6,37.1,30.5,1359.7,1348.0,1387.7,1363.5,1339.1,1313.5,1350.3,1333.0,True
2003-09-03,23.8,14.6,34.4,22.5,1372.5,1361.6,1398.4,1376.5,1353.4,1329.6,1363.8,1354.0,True
2003-09-04,24.4,14.9,35.2,20.5,1371.2,1360.1,1397.8,1376.5,1351.6,1327.3,1362.3,1356.0,True
2003-09-05,23.6,14.4,34.1,27.5,1384.4,1373.7,1410.1,1381.5,1365.5,1341.9,1375.8,1354.0,True
2003-09-08,23.9,14.6,34.5,26.0,1375.5,1364.7,1401.5,1389.0,1356.3,1332.5,1366.8,1363.0,True
2003-09-09,26.4,16.2,38.1,29.0,1398.5,1386.5,1427.2,1393.5,1377.3,1351.0,1388.8,1364.5,True
2003-09-10,25.7,15.7,37.1,38.0,1381.7,1370.1,1409.7,1370.0,1361.1,1335.5,1372.3,1332.0,False
2003-09-11,26.6,16.3,38.5,31.5,1348.6,1336.4,1377.5,1358.5,1327.2,1300.6,1338.8,1327.0,True
2003-09-12,28.6,17.6,41.3,31.0,1363.9,1350.8,1395.0,1360.0,1340.9,1312.3,1353.4,1329.0,True
2003-09-15,29.5,18.1,42.6,19.0,1371.2,1357.8,1403.3,1364.5,1347.5,1318.1,1360.4,1345.5,True
2003-09-16,29.3,18.0,42.3,36.5,1359.2,1345.8,1391.0,1384.5,1335.5,1306.4,1348.4,1348.0,True
2003-09-17,29.5,18.2,42.7,18.5,1395.2,1381.8,1427.3,1387.5,1371.5,1342.1,1384.4,1369.0,True
2003-09-18,28.1,17.4,40.7,33.5,1389.2,1376.4,1419.8,1402.0,1366.5,1338.5,1378.9,1368.5,True
2003-09-19,27.8,17.1,40.2,6.5,1409.6,1396.9,1439.8,1401.0,1387.2,1359.5,1399.4,1394.5,True
2003-09-22,27.6,16.9,39.9,32.5,1416.5,1403.9,1446.5,1392.0,1394.3,1366.7,1406.3,1359.5,False
2003-09-23,25.5,15.6,36.8,27.0,1375.6,1363.9,1403.4,1391.5,1355.1,1329.5,1366.3,1364.5,True
2003-09-24,24.8,15.2,35.9,57.0,1398.9,1387.4,1425.8,1393.5,1378.9,1354.0,1389.8,1336.5,False
2003-09-25,27.6,16.9,39.8,40.5,1348.5,1335.7,1378.5,1359.5,1326.2,1298.3,1338.4,1319.0,True
2003-09-26,28.9,17.7,41.9,27.0,1331.0,1317.6,1362.4,1336.0,1307.7,1278.5,1320.4,1309.0,True
2003-09-29,31.8,19.6,46.1,29.5,1323.2,1308.5,1357.7,1336.0,1297.5,1265.3,1311.5,1306.5,True
2003-09-30,32.3,19.9,46.7,34.0,1348.9,1333.9,1383.9,1337.0,1322.9,1290.1,1337.0,1303.0,True
2003-10-01,32.3,20.0,46.7,34.0,1318.9,1303.9,1353.9,1338.5,1292.8,1260.1,1307.0,1304.5,True
2003-10-02,31.6,19.5,45.6,19.5,1346.1,1331.5,1380.3,1345.5,1320.7,1288.6,1334.5,1326.0,True
2003-10-03,30.4,18.8,43.9,52.0,1350.6,1336.6,1383.5,1388.0,1326.2,1295.4,1339.4,1336.0,False
2003-10-06,32.5,20.0,47.0,18.0,1389.4,1374.4,1424.8,1388.5,1363.4,1330.4,1377.5,1370.5,True
2003-10-07,33.9,20.9,49.1,26.5,1400.0,1384.4,1436.9,1395.5,1372.8,1338.4,1387.5,1369.0,True
2003-10-08,32.1,19.8,46.5,26.0,1407.8,1393.0,1442.7,1403.5,1382.0,1349.5,1396.0,1377.5,True
2003-10-09,30.7,18.9,44.4,39.0,1398.2,1384.1,1431.7,1420.0,1373.6,1342.5,1386.9,1381.0,True
2003-10-10,32.4,19.9,46.7,15.5,1410.4,1395.5,1445.7,1410.0,1384.4,1351.6,1398.5,1394.5,True
2003-10-13,29.7,18.2,42.9,18.0,1421.3,1407.6,1453.7,1424.0,1397.5,1367.4,1410.4,1406.0,True
2003-10-14,29.1,17.8,42.0,17.5,1430.1,1416.7,1461.8,1425.0,1406.7,1377.2,1419.4,1407.5,True
2003-10-15,27.7,16.9,40.0,34.0,1435.0,1422.3,1465.2,1444.5,1412.8,1384.7,1424.8,1410.5,True
2003-10-16,27.4,16.8,39.6,23.5,1427.4,1414.8,1457.3,1430.0,1405.4,1377.7,1417.3,1406.5,True
2003-10-17,26.0,15.9,37.6,35.5,1438.3,1426.4,1466.7,1428.5,1417.5,1391.2,1428.8,1393.0,True
2003-10-20,27.4,16.7,39.5,24.0,1404.4,1391.8,1434.2,1413.0,1382.4,1354.7,1394.3,1389.0,True
2003-10-21,29.0,17.7,41.9,21.5,1423.0,1409.7,1454.6,1427.5,1399.8,1370.4,1412.4,1406.0,True
2003-10-22,30.2,18.5,43.6,34.5,1431.5,1417.6,1464.4,1420.5,1407.3,1376.7,1420.4,1386.0,True
2003-10-23,28.8,17.6,41.5,22.0,1403.5,1390.2,1434.8,1390.0,1380.4,1351.2,1392.9,1368.0,False
2003-10-24,29.1,17.8,41.9,30.5,1386.1,1372.6,1417.8,1378.0,1362.7,1333.3,1375.4,1347.5,True
2003-10-27,27.4,16.8,39.5,17.0,1386.9,1374.2,1416.7,1386.5,1364.9,1337.2,1376.8,1369.5,True
2003-10-28,27.3,16.7,39.4,49.0,1388.3,1375.7,1418.1,1425.5,1366.5,1338.9,1378.3,1376.5,False
2003-10-29,29.6,18.1,42.8,14.0,1435.3,1421.6,1467.6,1425.5,1411.6,1381.6,1424.4,1411.5,True
2003-10-30,29.9,18.3,43.2,30.5,1433.4,1419.5,1466.0,1445.0,1409.4,1379.2,1422.4,1414.5,True
2003-10-31,28.9,17.7,41.7,19.0,1435.5,1422.1,1467.0,1431.0,1412.3,1383.1,1424.9,1412.0,True
2003-11-03,28.0,17.1,40.4,35.5,1429.1,1416.2,1459.7,1448.0,1406.7,1378.4,1418.8,1412.5,True
2003-11-04,29.3,17.9,42.3,18.0,1450.7,1437.1,1482.6,1444.0,1427.2,1397.6,1439.9,1426.0,True
2003-11-05,26.1,16.0,37.7,29.5,1440.9,1428.8,1469.4,1444.0,1420.0,1393.6,1431.3,1414.5,True
2003-11-06,27.2,16.7,39.3,26.0,1452.3,1439.7,1482.0,1448.0,1430.5,1403.0,1442.3,1422.0,True
2003-11-07,27.1,16.6,39.1,26.5,1458.3,1445.7,1487.9,1458.5,1436.5,1409.2,1448.3,1432.0,True
2003-11-10,27.6,16.9,39.8,27.5,1444.5,1431.7,1474.6,1439.5,1422.3,1394.5,1434.3,1412.0,True
2003-11-11,25.9,15.9,37.4,18.0,1426.8,1414.8,1455.1,1420.0,1406.0,1379.9,1417.3,1402.0,True
2003-11-12,26.8,16.4,38.8,38.5,1422.1,1409.8,1451.4,1447.5,1400.6,1373.6,1412.3,1409.0,True
2003-11-13,27.2,16.7,39.2,20.5,1452.8,1440.2,1482.5,1450.5,1431.0,1403.6,1442.8,1430.0,True
2003-11-14,28.2,17.3,40.7,43.0,1451.2,1438.2,1482.0,1449.0,1428.6,1400.2,1440.8,1406.0,True
2003-11-17,27.8,17.1,40.3,31.0,1420.5,1407.7,1450.9,1409.0,1398.2,1370.2,1410.3,1378.0,True
2003-11-18,28.9,17.7,41.7,46.0,1406.4,1393.1,1438.0,1406.5,1383.2,1354.2,1395.8,1360.5,True
2003-11-19,30.4,18.7,44.0,25.0,1374.5,1360.5,1407.8,1384.0,1350.1,1319.6,1363.4,1359.0,True
2003-11-20,31.0,19.1,45.0,36.0,1387.8,1373.5,1421.6,1395.5,1362.9,1331.7,1376.4,1359.5,True
2003-11-21,31.8,19.6,46.1,22.0,1375.1,1360.4,1409.8,1378.5,1349.5,1317.6,1363.4,1356.5,True
2003-11-24,31.3,19.3,45.3,44.0,1391.0,1376.5,1425.1,1418.5,1365.7,1334.3,1379.4,1374.5,True
2003-11-25,32.2,19.8,46.6,17.5,1428.3,1413.4,1463.4,1429.5,1402.4,1370.1,1416.4,1412.0,True
2003-11-26,31.4,19.3,45.6,28.0,1427.0,1412.5,1461.2,1428.0,1401.8,1370.2,1415.4,1400.0,True
2003-11-27,30.6,18.8,44.4,5.5,1433.2,1419.0,1466.5,1423.5,1408.6,1377.8,1421.9,1418.0,True
2003-11-28,30.2,18.5,43.8,16.0,1435.0,1421.0,1467.9,1428.0,1410.8,1380.4,1423.9,1412.0,True
2003-12-01,26.3,16.1,38.2,26.5,1435.5,1423.3,1464.1,1448.0,1414.3,1387.9,1425.8,1421.5,True
2003-12-02,23.0,14.1,33.4,18.0,1452.7,1442.0,1477.7,1449.0,1434.2,1411.1,1444.2,1431.0,True
2003-12-03,23.6,14.4,34.2,35.5,1444.9,1434.0,1470.6,1453.0,1425.9,1402.2,1436.2,1417.5,True
2003-12-04,23.0,14.1,33.4,25.0,1427.2,1416.5,1452.2,1435.5,1408.7,1385.6,1418.7,1410.5,True
2003-12-05,26.6,16.3,38.5,23.0,1443.6,1431.3,1472.6,1428.0,1422.2,1395.5,1433.8,1405.0,False
2003-12-08,27.0,16.6,39.1,22.0,1420.7,1408.2,1450.2,1420.5,1399.1,1371.9,1410.8,1398.5,True
2003-12-09,26.6,16.4,38.6,44.0,1428.1,1415.7,1457.1,1426.0,1406.7,1380.0,1418.2,1382.0,True
2003-12-10,27.8,17.1,40.1,22.5,1395.6,1382.7,1425.9,1395.0,1373.2,1345.3,1385.3,1372.5,True
2003-12-11,28.0,17.3,40.6,37.5,1401.1,1388.1,1431.7,1423.5,1378.6,1350.5,1390.8,1386.0,True
2003-12-12,29.3,18.0,42.4,20.0,1431.2,1417.6,1463.1,1424.0,1407.6,1378.2,1420.3,1404.0,True
2003-12-15,30.1,18.6,43.7,59.5,1430.0,1416.0,1462.8,1452.5,1405.7,1375.6,1418.8,1393.0,True
2003-12-16,31.6,19.5,46.1,23.0,1412.1,1397.4,1446.5,1408.0,1386.6,1355.0,1400.4,1385.0,True
2003-12-17,31.8,19.6,46.5,16.5,1414.1,1399.4,1448.8,1407.0,1388.5,1356.7,1402.4,1390.5,True
2003-12-18,31.6,19.5,46.3,31.5,1416.0,1401.4,1450.5,1434.0,1390.6,1359.0,1404.4,1402.5,True
2003-12-19,29.4,18.1,43.0,6.0,1443.2,1429.6,1475.2,1434.0,1419.5,1390.1,1432.3,1428.0,True
2003-12-22,31.8,19.4,46.6,19.5,1444.6,1429.9,1479.3,1436.5,1419.0,1387.2,1432.8,1417.0,True
2003-12-23,23.3,14.2,34.1,20.5,1442.7,1432.0,1468.2,1451.5,1424.0,1400.7,1434.1,1431.0,True
2003-12-24,22.9,14.0,33.5,9.5,1453.6,1443.0,1478.6,1451.0,1435.2,1412.3,1445.1,1441.5,True
2003-12-26,22.5,13.7,32.8,10.5,1455.4,1445.0,1480.0,1454.5,1437.4,1414.8,1447.1,1444.0,True
2003-12-29,18.8,11.4,27.4,27.0,1452.4,1443.8,1473.0,1472.0,1437.4,1418.5,1445.5,1445.0,True
2003-12-30,20.6,12.6,30.0,14.0,1478.2,1468.6,1500.6,1477.0,1461.7,1441.0,1470.5,1463.0,True
2003-12-31,21.2,12.9,30.8,18.0,1482.9,1473.1,1506.0,1479.0,1465.9,1444.7,1475.1,1461.0,True
2004-01-02,20.2,12.3,29.4,22.5,1476.0,1466.7,1498.0,1483.0,1459.8,1439.6,1468.5,1460.5,True
2004-01-05,21.4,13.0,31.1,30.5,1475.0,1465.1,1498.3,1497.5,1457.8,1436.4,1467.1,1467.0,True
2004-01-06,24.0,14.6,34.9,19.0,1505.0,1493.9,1531.2,1508.0,1485.8,1461.7,1496.1,1489.0,True
2004-01-07,23.6,14.4,34.4,24.5,1513.9,1502.9,1539.6,1517.5,1495.0,1471.3,1505.1,1493.0,True
2004-01-08,24.5,14.9,35.6,16.0,1526.7,1515.4,1553.4,1531.0,1507.1,1482.5,1517.6,1515.0,True
2004-01-09,25.0,15.3,36.4,30.5,1540.9,1529.4,1568.2,1545.0,1520.9,1495.8,1531.6,1514.5,True
2004-01-12,24.5,15.0,35.7,27.0,1531.2,1519.9,1557.9,1545.5,1511.6,1487.0,1522.1,1518.5,True
2004-01-13,24.2,14.7,35.2,33.0,1554.1,1542.9,1580.5,1548.0,1534.7,1510.5,1545.1,1515.0,True
2004-01-14,25.2,15.3,36.6,15.5,1538.5,1526.8,1566.0,1539.5,1518.3,1493.1,1529.1,1524.0,True
2004-01-15,25.2,15.4,36.7,32.5,1547.5,1535.8,1575.0,1548.5,1527.3,1502.1,1538.1,1516.0,True
2004-01-16,25.6,15.6,37.3,20.5,1547.7,1535.8,1575.6,1556.0,1527.1,1501.5,1538.1,1535.5,True
2004-01-19,24.7,15.0,35.9,7.0,1562.8,1551.4,1589.7,1558.5,1543.0,1518.3,1553.6,1551.5,True
2004-01-20,23.9,14.5,34.8,20.5,1562.5,1551.4,1588.5,1563.0,1543.3,1519.4,1553.6,1542.5,True
2004-01-21,20.6,12.5,29.9,27.0,1561.2,1551.7,1583.6,1557.5,1544.7,1524.0,1553.5,1530.5,True
2004-01-22,21.1,12.8,30.7,25.0,1555.4,1545.6,1578.4,1557.5,1538.5,1517.3,1547.5,1532.5,True
2004-01-23,20.7,12.6,30.1,28.5,1542.7,1533.1,1565.3,1549.5,1526.1,1505.4,1535.0,1521.0,True
2004-01-26,21.6,13.1,31.3,32.5,1541.6,1531.6,1565.1,1556.0,1524.3,1502.6,1533.5,1523.5,True
2004-01-27,24.6,14.9,35.7,37.5,1564.3,1552.9,1591.1,1557.0,1544.5,1519.9,1555.1,1519.5,False
2004-01-28,26.1,15.8,37.9,43.5,1530.4,1518.3,1558.8,1532.5,1509.4,1483.1,1520.6,1489.0,True
2004-01-29,27.9,16.9,40.5,27.0,1505.1,1492.2,1535.5,1502.5,1482.6,1454.6,1494.7,1475.5,True
2004-01-30,29.2,17.7,42.3,18.5,1511.1,1497.6,1542.9,1507.0,1487.6,1458.3,1500.2,1488.5,True
2004-02-02,29.0,17.6,42.1,27.5,1506.5,1493.1,1538.1,1509.5,1483.2,1454.1,1495.7,1482.0,True
2004-02-03,27.9,16.9,40.5,16.0,1500.1,1487.2,1530.5,1499.0,1477.6,1449.6,1489.7,1483.0,True
2004-02-04,26.7,16.2,38.8,27.5,1497.6,1485.3,1526.7,1489.0,1476.1,1449.3,1487.6,1461.5,True
2004-02-05,23.6,14.3,34.4,15.0,1472.4,1461.5,1498.1,1477.0,1453.4,1429.7,1463.6,1462.0,True
2004-02-06,23.3,14.2,34.0,41.0,1476.8,1466.0,1502.1,1501.0,1458.0,1434.6,1468.0,1460.0,True
2004-02-09,24.9,15.1,36.2,13.5,1504.4,1492.9,1531.5,1505.0,1484.4,1459.4,1495.1,1491.5,True
2004-02-10,25.5,15.4,37.2,15.5,1504.2,1492.3,1531.9,1506.0,1483.7,1458.0,1494.6,1490.5,True
2004-02-11,24.8,15.0,36.1,24.5,1507.4,1495.9,1534.3,1516.5,1487.5,1462.5,1498.1,1492.0,True
2004-02-12,23.7,14.4,34.6,19.0,1521.9,1511.0,1547.7,1517.5,1502.9,1479.1,1513.1,1498.5,True
2004-02-13,24.1,14.6,35.2,33.5,1510.1,1498.9,1536.3,1512.5,1490.7,1466.5,1501.1,1479.0,True
2004-02-16,22.4,13.5,32.7,5.0,1496.9,1486.6,1521.2,1492.0,1478.9,1456.4,1488.5,1487.0,True
2004-02-17,24.4,14.7,35.7,27.0,1501.2,1489.9,1527.7,1514.0,1481.6,1457.1,1492.1,1487.0,True
2004-02-18,22.7,13.7,33.2,15.5,1516.5,1506.0,1541.2,1517.0,1498.3,1475.5,1508.0,1501.5,True
2004-02-19,23.1,13.9,33.7,43.5,1520.2,1509.5,1545.2,1525.5,1501.7,1478.4,1511.5,1482.0,True
2004-02-20,23.8,14.4,34.8,24.5,1498.0,1487.0,1523.8,1495.0,1478.9,1455.0,1489.1,1470.5,True
2004-02-23,24.0,14.5,35.1,39.5,1493.1,1482.0,1519.1,1493.5,1473.8,1449.7,1484.1,1454.0,True
2004-02-24,26.6,16.1,39.0,23.0,1477.6,1465.3,1506.4,1475.0,1456.2,1429.5,1467.6,1452.0,True
2004-02-25,27.5,16.6,40.2,18.0,1474.5,1461.8,1504.2,1476.0,1452.3,1424.7,1464.1,1458.0,True
2004-02-26,28.1,17.0,41.1,21.5,1483.2,1470.2,1513.6,1482.0,1460.6,1432.4,1472.7,1460.5,True
2004-02-27,25.2,15.3,36.9,27.0,1485.5,1473.9,1512.8,1486.5,1465.3,1440.0,1476.1,1459.5,True
2004-03-01,24.5,14.9,35.8,24.5,1481.3,1470.0,1507.7,1491.5,1461.5,1437.0,1472.1,1467.0,True
2004-03-02,23.5,14.2,34.2,23.0,1499.4,1488.5,1524.7,1496.0,1480.4,1456.9,1490.5,1473.0,True
2004-03-03,23.5,14.2,34.2,18.5,1482.4,1471.5,1507.7,1475.0,1463.4,1439.9,1473.5,1456.5,True
2004-03-04,23.6,14.3,34.3,18.5,1473.4,1462.5,1498.9,1482.0,1454.4,1430.8,1464.5,1463.5,True
2004-03-05,23.5,14.3,34.2,35.5,1486.9,1476.0,1512.2,1494.5,1467.9,1444.4,1478.0,1459.0,True
2004-03-08,23.3,14.1,34.0,45.0,1483.8,1473.0,1508.9,1482.0,1465.0,1441.7,1475.0,1437.0,False
2004-03-09,25.0,15.2,36.7,18.5,1447.5,1435.9,1474.4,1447.0,1427.3,1402.1,1438.1,1428.5,True
2004-03-10,25.9,15.7,38.0,35.5,1445.3,1433.4,1473.2,1448.5,1424.4,1398.3,1435.6,1413.0,True
2004-03-11,26.3,16.0,38.5,33.5,1425.0,1412.9,1453.3,1429.0,1403.7,1377.2,1415.1,1395.5,True
2004-03-12,28.2,17.1,41.2,33.5,1414.3,1401.3,1444.6,1431.0,1391.5,1363.1,1403.6,1397.5,True
2004-03-15,29.0,17.7,42.4,30.5,1440.6,1427.2,1471.7,1431.0,1417.1,1387.9,1429.7,1400.5,True
2004-03-16,27.9,17.0,40.8,25.5,1416.1,1403.3,1446.1,1418.5,1393.6,1365.5,1405.6,1393.0,True
2004-03-17,28.9,17.6,42.3,31.0,1417.0,1403.7,1448.1,1433.0,1393.7,1364.6,1406.2,1402.0,True
2004-03-18,29.2,17.8,42.8,23.5,1440.7,1427.2,1472.0,1430.0,1417.1,1387.7,1429.7,1406.5,True
2004-03-19,28.7,17.5,42.0,19.0,1434.0,1420.7,1464.7,1428.5,1410.8,1381.9,1423.2,1409.5,True
2004-03-22,27.5,16.8,40.3,29.0,1426.7,1414.1,1456.2,1400.0,1404.5,1376.8,1416.4,1371.0,False
2004-03-23,25.5,15.5,37.3,26.5,1392.7,1380.8,1420.0,1396.0,1372.0,1346.2,1383.1,1369.5,True
2004-03-24,25.7,15.7,37.6,30.0,1381.8,1369.8,1409.3,1395.5,1360.9,1335.0,1372.1,1365.5,True
2004-03-25,25.5,15.5,37.4,46.0,1396.7,1384.8,1424.0,1429.0,1376.0,1350.2,1387.1,1383.0,False
2004-03-26,28.3,17.2,41.6,15.5,1435.8,1422.6,1466.6,1434.0,1412.9,1384.3,1425.1,1418.5,True
2004-03-29,30.6,18.6,45.0,29.0,1431.7,1417.5,1465.0,1449.0,1407.0,1376.0,1420.2,1420.0,True
2004-03-30,29.6,18.0,43.6,17.5,1455.3,1441.6,1487.5,1448.0,1431.4,1401.4,1444.2,1430.5,True
2004-03-31,29.7,18.0,43.8,20.0,1458.9,1445.1,1491.1,1454.0,1434.8,1404.8,1447.7,1434.0,True
2004-04-01,27.8,16.9,41.0,22.0,1452.6,1439.7,1482.8,1460.0,1430.1,1402.0,1442.1,1438.0,True
2004-04-02,24.9,15.1,36.7,42.0,1468.4,1456.9,1495.5,1496.5,1448.3,1423.1,1459.1,1454.5,False
2004-04-05,27.7,16.8,40.9,23.5,1506.1,1493.2,1536.2,1511.0,1483.7,1455.6,1495.6,1487.5,True
2004-04-06,28.7,17.4,42.4,22.5,1520.5,1507.1,1551.7,1509.5,1497.3,1468.2,1509.7,1487.0,True
2004-04-07,28.6,17.3,42.2,18.0,1499.9,1486.6,1531.1,1495.0,1476.8,1447.8,1489.2,1477.0,True
2004-04-08,28.1,17.1,41.5,27.5,1501.2,1488.2,1531.8,1507.5,1478.5,1450.1,1490.6,1480.0,True
2004-04-12,27.8,16.9,41.1,15.0,1500.6,1487.7,1530.9,1500.0,1478.1,1450.0,1490.1,1485.0,True
2004-04-13,25.6,15.5,37.8,37.5,1507.7,1495.8,1535.6,1508.5,1487.1,1461.1,1498.1,1471.0,True
2004-04-14,24.9,15.1,36.8,26.0,1486.5,1474.9,1513.6,1488.0,1466.3,1441.1,1477.1,1462.0,True
2004-04-15,26.0,15.8,38.5,37.5,1493.9,1481.8,1522.2,1488.0,1472.9,1446.5,1484.1,1450.5,True
2004-04-16,26.9,16.3,39.7,20.5,1466.8,1454.3,1496.0,1462.5,1445.0,1417.8,1456.6,1442.0,True
2004-04-19,27.3,16.6,40.3,27.5,1464.4,1451.7,1494.1,1473.5,1442.3,1414.7,1454.1,1446.0,True
2004-04-20,28.1,17.1,41.5,47.0,1482.2,1469.2,1512.8,1482.0,1459.5,1431.1,1471.6,1435.0,True
2004-04-21,27.8,16.8,41.1,19.0,1448.6,1435.7,1478.9,1454.5,1426.1,1398.0,1438.1,1435.5,True
2004-04-22,29.6,18.0,43.8,46.5,1460.3,1446.6,1492.5,1491.0,1436.4,1406.4,1449.2,1444.5,True
2004-04-23,29.4,17.8,43.7,15.0,1495.8,1482.1,1527.7,1501.0,1472.0,1442.2,1484.7,1486.0,False
2004-04-26,32.0,19.3,47.7,26.0,1510.8,1495.9,1545.6,1502.0,1484.9,1452.5,1498.7,1476.0,True
2004-04-27,29.8,18.1,44.4,20.5,1501.4,1487.6,1533.8,1498.0,1477.3,1447.2,1490.2,1477.5,True
2004-04-28,26.8,16.2,39.9,35.0,1495.2,1482.8,1524.4,1485.0,1473.6,1446.4,1485.1,1450.0,True
2004-04-29,27.0,16.4,40.2,41.0,1468.8,1456.3,1498.2,1462.5,1447.0,1419.7,1458.6,1421.5,True
2004-04-30,25.9,15.7,38.7,43.5,1446.3,1434.3,1474.5,1443.0,1425.4,1399.2,1436.6,1399.5,True
2004-05-03,28.6,17.3,42.9,30.5,1414.4,1401.2,1445.5,1430.0,1391.3,1362.4,1403.7,1399.5,True
2004-05-04,30.6,18.5,45.9,29.0,1426.7,1412.6,1460.0,1439.5,1402.0,1371.1,1415.2,1410.5,True
2004-05-05,31.9,19.3,47.9,25.5,1431.7,1417.0,1466.5,1437.0,1406.0,1373.7,1419.7,1411.5,True
2004-05-06,31.4,19.0,47.1,30.0,1444.6,1430.0,1478.7,1433.5,1419.2,1387.4,1432.7,1403.5,True
2004-05-07,30.0,18.1,44.9,30.0,1431.0,1417.1,1463.6,1434.5,1406.7,1376.4,1419.7,1404.5,True
2004-05-10,28.6,17.3,42.9,22.5,1417.4,1404.2,1448.5,1406.5,1394.3,1365.4,1406.7,1384.0,True
2004-05-11,28.4,17.2,42.6,30.5,1406.8,1393.7,1437.7,1424.5,1383.9,1355.2,1396.2,1394.0,True
2004-05-12,28.4,17.2,42.5,44.5,1427.4,1414.2,1458.2,1423.0,1404.4,1375.7,1416.7,1378.5,True
2004-05-13,30.2,18.2,45.2,21.0,1431.1,1417.1,1463.9,1426.5,1406.6,1376.2,1419.7,1405.5,True
2004-05-14,30.7,18.6,46.1,28.0,1421.7,1407.6,1455.2,1421.5,1396.9,1366.0,1410.2,1393.5,True
2004-05-17,29.6,17.9,44.4,28.5,1411.8,1398.2,1444.0,1401.0,1387.9,1358.0,1400.7,1372.5,True
2004-05-18,29.7,18.0,44.6,20.0,1398.3,1384.6,1430.7,1405.0,1374.3,1344.4,1387.2,1385.0,True
2004-05-19,29.8,18.0,44.7,36.0,1409.9,1396.1,1442.3,1429.0,1385.8,1355.8,1398.7,1393.0,True
2004-05-20,27.7,16.9,41.5,19.0,1407.1,1394.3,1437.2,1409.0,1384.7,1356.8,1396.6,1390.0,True
2004-05-21,28.6,17.5,42.9,18.0,1413.4,1400.2,1444.5,1415.5,1390.3,1361.5,1402.7,1397.5,True
2004-05-24,27.7,16.9,41.6,19.0,1419.6,1406.8,1449.7,1426.5,1397.2,1369.3,1409.1,1407.5,True
2004-05-25,26.0,15.9,39.0,45.5,1428.4,1416.4,1456.7,1451.5,1407.4,1381.2,1418.6,1406.0,True
2004-05-26,27.9,17.0,42.0,18.5,1457.2,1444.3,1487.5,1457.0,1434.6,1406.5,1446.6,1438.5,True
2004-05-27,28.2,17.3,42.5,18.0,1466.8,1453.8,1497.4,1468.5,1444.0,1415.6,1456.1,1450.5,True
2004-05-28,28.2,17.3,42.5,14.5,1478.3,1465.3,1508.9,1471.5,1455.5,1427.1,1467.6,1457.0,True
2004-05-31,27.7,16.8,41.7,7.0,1478.1,1465.3,1508.2,1470.0,1455.7,1427.8,1467.6,1463.0,True
2004-06-01,26.8,16.3,40.4,17.5,1478.7,1466.4,1507.8,1470.5,1457.1,1430.1,1468.6,1453.0,True
2004-06-02,20.4,12.4,30.7,21.0,1477.1,1467.8,1499.3,1476.0,1460.7,1440.1,1469.5,1455.0,True
2004-06-03,20.1,12.3,30.3,26.0,1473.5,1464.3,1495.4,1467.5,1457.3,1437.1,1466.0,1441.5,True
2004-06-04,20.4,12.5,30.8,29.0,1451.1,1441.8,1473.3,1473.5,1434.7,1414.1,1443.5,1444.5,False
2004-06-07,22.3,13.7,33.2,39.0,1465.4,1455.1,1489.7,1493.0,1447.4,1425.0,1457.1,1454.0,False
2004-06-08,25.9,15.9,38.9,14.0,1501.3,1489.4,1529.6,1496.5,1480.4,1454.4,1491.7,1482.5,True
2004-06-09,27.2,16.6,40.8,26.5,1503.4,1490.9,1533.1,1495.0,1481.4,1454.0,1493.2,1468.5,True
2004-06-10,26.1,15.9,39.1,17.0,1481.9,1469.9,1510.4,1485.0,1460.9,1434.6,1472.2,1468.0,True
2004-06-11,25.8,15.8,38.7,10.5,1492.3,1480.5,1520.5,1485.0,1471.5,1445.5,1482.6,1474.5,True
2004-06-14,23.6,14.4,35.5,29.0,1491.4,1480.6,1517.2,1480.5,1472.4,1448.7,1482.6,1451.5,False
2004-06-15,20.8,12.7,31.2,28.5,1469.8,1460.2,1492.5,1489.0,1453.0,1432.1,1462.0,1460.5,True
2004-06-16,22.6,13.8,33.6,11.5,1489.5,1479.1,1514.2,1486.0,1471.3,1448.6,1481.1,1474.5,True
2004-06-17,22.0,13.4,32.8,20.0,1486.3,1476.1,1510.3,1478.0,1468.6,1446.4,1478.0,1458.0,True
2004-06-18,21.2,12.9,31.6,9.0,1472.9,1463.1,1496.1,1465.0,1455.9,1434.6,1465.0,1456.0,True
2004-06-21,21.4,13.0,32.0,24.5,1465.9,1456.0,1489.3,1479.0,1448.7,1427.1,1457.9,1454.5,True
2004-06-22,19.5,11.9,29.2,28.5,1465.8,1456.8,1487.1,1481.0,1450.1,1430.5,1458.5,1452.5,True
2004-06-23,19.9,12.1,29.7,27.5,1487.4,1478.2,1509.2,1500.0,1471.5,1451.4,1480.0,1472.5,True
2004-06-24,22.0,13.4,32.6,17.0,1505.3,1495.1,1529.3,1506.5,1487.6,1465.4,1497.0,1489.5,True
2004-06-25,21.6,13.2,32.0,17.5,1502.1,1492.1,1525.7,1508.5,1484.8,1463.0,1494.0,1491.0,True
2004-06-28,22.5,13.7,33.3,32.5,1514.5,1504.1,1539.1,1521.0,1496.4,1473.8,1506.0,1488.5,True
2004-06-29,22.3,13.6,33.1,23.5,1502.4,1492.1,1526.8,1512.0,1484.5,1462.0,1494.0,1488.5,True
2004-06-30,22.8,13.9,33.8,22.5,1516.6,1506.1,1541.5,1528.5,1498.3,1475.3,1508.0,1506.0,True
2004-07-01,23.0,14.0,34.0,42.5,1530.2,1519.5,1555.3,1525.5,1511.7,1488.6,1521.5,1483.0,False
2004-07-02,24.4,14.9,36.5,20.0,1503.8,1492.5,1530.4,1497.0,1484.2,1459.3,1494.6,1477.0,True
2004-07-05,25.8,15.8,38.3,6.0,1498.3,1486.4,1526.5,1489.5,1477.6,1451.3,1488.6,1483.5,True
2004-07-06,24.7,15.0,36.7,48.0,1498.4,1486.9,1525.3,1493.0,1478.5,1453.4,1489.1,1445.0,False
2004-07-07,23.3,14.2,34.9,14.5,1462.8,1452.0,1488.3,1463.0,1444.1,1420.4,1454.0,1448.5,True
2004-07-08,24.2,14.7,36.3,22.5,1463.7,1452.5,1490.1,1456.0,1444.2,1419.6,1454.6,1433.5,True
2004-07-09,21.7,13.2,32.5,16.5,1447.2,1437.1,1470.9,1453.0,1429.7,1407.6,1439.0,1436.5,True
2004-07-12,21.7,13.2,32.6,25.0,1450.7,1440.6,1474.4,1446.0,1433.2,1411.1,1442.5,1421.0,True
2004-07-13,22.9,13.9,34.3,15.0,1443.1,1432.6,1468.1,1443.5,1424.8,1401.4,1434.5,1428.5,True
2004-07-14,20.9,12.7,31.3,23.0,1442.3,1432.7,1465.2,1436.5,1425.6,1404.3,1434.5,1413.5,True
2004-07-15,20.7,12.6,31.0,16.5,1427.3,1417.7,1449.9,1430.0,1410.6,1389.6,1419.5,1413.5,True
2004-07-16,20.3,12.3,30.1,33.5,1422.1,1412.7,1444.3,1428.0,1405.8,1385.1,1414.5,1394.5,True
2004-07-19,21.1,12.8,31.6,20.0,1405.9,1396.2,1429.0,1409.5,1389.0,1367.5,1398.0,1389.5,True
2004-07-20,21.6,13.1,32.4,43.5,1403.7,1393.7,1427.2,1434.5,1386.3,1364.3,1395.5,1391.0,False
2004-07-21,24.3,14.7,36.4,52.5,1437.2,1426.0,1463.8,1438.0,1417.7,1392.9,1428.1,1385.5,False
2004-07-22,26.5,16.0,40.0,34.0,1397.1,1384.9,1426.0,1414.0,1375.8,1348.7,1387.1,1380.0,True
2004-07-23,29.5,17.8,44.4,29.0,1417.3,1403.7,1449.5,1400.5,1393.6,1363.4,1406.2,1371.5,False
2004-07-26,29.0,17.6,43.3,28.0,1389.6,1376.1,1421.3,1388.0,1366.3,1336.6,1378.7,1360.0,True
2004-07-27,30.0,18.1,44.8,25.5,1385.0,1371.1,1417.8,1398.0,1360.9,1330.2,1373.7,1372.5,True
2004-07-28,29.4,17.8,43.9,33.5,1402.3,1388.6,1434.4,1395.0,1378.6,1348.5,1391.2,1361.5,True
2004-07-29,27.3,16.5,40.8,26.5,1395.9,1383.2,1425.7,1406.5,1374.0,1346.0,1385.6,1380.0,True
2004-07-30,27.6,16.8,41.2,21.0,1412.6,1399.7,1442.7,1414.0,1390.4,1362.1,1402.1,1393.0,True
2004-08-02,27.4,16.7,40.9,23.0,1413.5,1400.7,1443.4,1410.5,1391.5,1363.4,1403.1,1387.5,True
2004-08-03,26.4,16.0,39.3,31.5,1417.6,1405.3,1446.4,1408.0,1396.3,1369.3,1407.6,1376.5,True
2004-08-04,26.0,15.8,38.8,19.5,1388.9,1376.8,1417.3,1388.5,1368.0,1341.4,1379.1,1369.0,True
2004-08-05,26.0,15.8,38.7,33.5,1389.4,1377.3,1417.8,1386.5,1368.5,1341.9,1379.6,1353.0,True
2004-08-06,24.9,15.1,37.1,45.0,1364.0,1352.4,1391.2,1360.5,1343.9,1318.5,1354.6,1315.5,False
2004-08-09,26.6,16.2,40.1,11.5,1328.1,1315.8,1357.2,1327.0,1306.7,1279.5,1318.1,1315.5,True
2004-08-10,28.3,17.1,42.7,28.0,1331.8,1318.7,1362.7,1348.5,1309.1,1280.0,1321.1,1320.5,True
2004-08-11,26.9,16.4,40.5,26.5,1347.2,1334.8,1376.6,1337.0,1325.6,1298.0,1337.1,1310.5,True
2004-08-12,27.7,16.8,41.7,28.5,1337.6,1324.7,1367.8,1331.5,1315.3,1286.9,1327.1,1303.0,True
2004-08-13,27.2,16.5,40.9,15.5,1319.3,1306.8,1349.1,1317.5,1297.5,1269.6,1309.1,1302.0,True
2004-08-16,25.5,15.5,38.3,33.0,1321.7,1309.9,1349.5,1336.5,1301.2,1275.0,1312.1,1303.5,True
2004-08-17,26.8,16.2,40.3,26.5,1332.7,1320.3,1362.0,1345.5,1311.2,1283.7,1322.6,1319.0,True
2004-08-18,27.3,16.6,41.1,36.0,1349.4,1336.8,1379.2,1364.5,1327.5,1299.5,1339.1,1328.5,True
2004-08-19,28.5,17.3,42.9,19.5,1372.9,1359.7,1404.0,1364.5,1350.0,1320.7,1362.2,1345.0,True
2004-08-20,28.3,17.2,42.6,26.0,1366.8,1353.7,1397.7,1374.0,1344.1,1315.0,1356.1,1348.0,True
2004-08-23,28.2,17.1,42.4,15.0,1378.8,1365.7,1409.6,1379.5,1356.1,1327.2,1368.1,1364.5,True
2004-08-24,27.1,16.4,40.8,19.0,1382.3,1369.8,1411.9,1380.0,1360.6,1332.7,1372.1,1361.0,True
2004-08-25,25.5,15.4,38.4,28.0,1383.7,1371.9,1411.5,1392.5,1363.2,1337.0,1374.1,1364.5,True
2004-08-26,24.1,14.6,36.3,10.5,1399.6,1388.5,1426.0,1390.5,1380.3,1355.5,1390.5,1380.0,True
2004-08-27,24.5,14.8,36.6,15.0,1392.8,1381.4,1419.6,1395.0,1373.1,1348.0,1383.6,1380.0,True
2004-08-30,22.0,13.3,32.9,26.0,1398.8,1388.6,1422.8,1391.0,1381.1,1358.5,1390.5,1365.0,True
2004-08-31,21.9,13.2,32.7,19.0,1375.7,1365.6,1399.7,1373.0,1358.2,1335.7,1367.5,1354.0,True
2004-09-01,22.5,13.6,33.6,26.0,1379.0,1368.6,1403.6,1386.0,1360.9,1337.8,1370.5,1360.0,True
2004-09-02,21.9,13.2,32.7,29.5,1386.7,1376.6,1410.7,1403.5,1369.2,1346.7,1378.5,1374.0,True
2004-09-03,24.0,14.5,35.8,24.5,1407.6,1396.5,1433.8,1394.0,1388.3,1363.7,1398.5,1369.5,False
2004-09-06,25.0,15.1,37.2,8.5,1385.0,1373.4,1412.3,1381.5,1364.9,1339.3,1375.6,1373.0,True
2004-09-07,24.7,14.8,36.9,20.0,1391.4,1379.9,1418.3,1392.0,1371.6,1346.2,1382.1,1372.0,True
2004-09-08,22.5,13.5,33.6,21.0,1393.0,1382.5,1417.6,1395.0,1374.9,1351.8,1384.5,1374.0,True
2004-09-09,22.1,13.3,33.0,25.0,1389.3,1379.1,1413.5,1397.5,1371.6,1348.9,1381.0,1372.5,True
2004-09-10,21.3,12.9,31.5,29.5,1399.5,1389.6,1422.8,1416.0,1382.4,1360.5,1391.5,1386.5,True
2004-09-13,22.0,13.3,32.5,26.5,1422.3,1412.1,1446.3,1437.0,1404.6,1382.0,1414.0,1410.5,True
2004-09-14,24.1,14.5,35.6,13.5,1441.2,1429.9,1467.4,1436.5,1421.8,1397.1,1432.0,1423.0,True
2004-09-15,24.6,14.8,36.4,22.5,1443.4,1431.9,1470.2,1434.5,1423.6,1398.3,1434.1,1412.0,True
2004-09-16,23.1,13.9,34.2,17.0,1426.8,1416.0,1452.0,1430.0,1408.2,1384.5,1418.0,1413.0,True
2004-09-17,22.5,13.5,33.3,9.5,1429.5,1419.0,1454.1,1425.0,1411.5,1388.3,1421.0,1415.5,True
2004-09-20,20.5,12.3,30.4,22.5,1427.2,1417.7,1449.6,1443.0,1410.8,1389.7,1419.5,1420.5,False
2004-09-21,19.0,11.4,28.1,18.5,1439.1,1430.3,1459.8,1446.5,1423.9,1404.4,1431.9,1428.0,True
2004-09-22,19.7,11.8,29.0,29.5,1443.4,1434.2,1464.9,1436.5,1427.6,1407.4,1436.0,1407.0,False
2004-09-23,19.7,11.8,29.1,12.0,1418.9,1409.7,1440.4,1419.0,1403.1,1382.8,1411.5,1407.0,True
2004-09-24,20.3,12.1,30.0,18.5,1417.6,1408.2,1439.8,1420.0,1401.4,1380.5,1410.0,1401.5,True
2004-09-27,20.2,12.1,29.8,23.0,1412.6,1403.2,1434.6,1409.5,1396.4,1375.6,1405.0,1386.5,True
2004-09-28,20.0,12.0,29.6,18.0,1399.5,1390.2,1421.3,1399.0,1383.5,1362.9,1392.0,1381.0,True
2004-09-29,20.5,12.3,30.3,27.5,1401.7,1392.2,1424.1,1417.0,1385.3,1364.2,1394.0,1389.5,True
2004-09-30,20.1,12.0,29.7,15.0,1423.6,1414.2,1445.5,1422.5,1407.5,1386.8,1416.0,1407.5,True
2004-10-01,21.3,12.7,31.4,46.0,1426.0,1416.1,1449.2,1458.0,1409.0,1387.0,1418.0,1412.0,False
2004-10-04,23.0,13.7,33.9,21.5,1465.7,1455.0,1490.8,1477.0,1447.3,1423.6,1457.0,1455.5,True
2004-10-05,24.1,14.4,35.6,13.5,1473.7,1462.4,1500.0,1472.0,1454.4,1429.5,1464.6,1458.5,True
2004-10-06,24.2,14.3,35.7,23.0,1477.7,1466.4,1504.1,1479.5,1458.4,1433.4,1468.6,1456.5,True
2004-10-07,23.2,13.7,34.3,21.0,1488.3,1477.5,1513.6,1479.5,1469.7,1445.8,1479.5,1458.5,True
2004-10-08,23.6,13.9,34.9,38.0,1472.0,1461.0,1497.7,1469.5,1453.1,1428.8,1463.0,1431.5,True
2004-10-11,21.7,12.8,32.4,10.5,1444.2,1434.1,1467.9,1445.5,1426.8,1404.5,1436.0,1435.0,True
2004-10-12,22.7,13.2,33.9,24.0,1451.6,1441.0,1476.4,1443.0,1433.4,1410.0,1443.0,1419.0,True
2004-10-13,21.9,12.8,32.7,29.0,1448.3,1438.1,1472.2,1457.5,1430.7,1408.2,1440.0,1428.5,True
2004-10-14,22.2,12.9,33.1,17.0,1445.9,1435.6,1470.1,1441.5,1428.1,1405.3,1437.5,1424.5,True
2004-10-15,22.9,13.5,34.1,24.0,1439.7,1429.0,1464.7,1446.0,1421.3,1397.8,1431.0,1422.0,True
2004-10-18,21.2,12.5,31.5,37.0,1444.5,1434.6,1467.6,1461.0,1427.5,1405.7,1436.5,1424.0,True
2004-10-19,23.6,13.9,35.2,31.0,1466.5,1455.5,1492.2,1474.0,1447.5,1423.3,1457.5,1443.0,True
2004-10-20,25.0,14.7,37.3,23.5,1456.0,1444.4,1483.3,1460.0,1436.0,1410.2,1446.6,1436.5,True
2004-10-21,25.2,14.8,37.6,34.0,1462.6,1450.9,1490.1,1482.5,1442.4,1416.5,1453.1,1448.5,True
2004-10-22,26.7,15.7,39.8,41.0,1486.2,1473.8,1515.3,1481.5,1464.8,1437.3,1476.1,1440.5,True
2004-10-25,27.4,16.1,41.0,14.0,1454.5,1441.7,1484.4,1443.5,1432.5,1404.3,1444.1,1429.5,True
2004-10-26,27.7,16.1,41.2,18.0,1446.1,1433.2,1476.3,1444.5,1423.9,1395.4,1435.6,1426.5,True
2004-10-27,26.0,15.1,38.8,49.5,1453.9,1441.8,1482.3,1487.0,1433.1,1406.3,1444.1,1437.5,False
2004-10-28,27.5,16.0,41.2,23.5,1490.5,1477.7,1520.6,1495.5,1468.5,1440.2,1480.1,1472.0,True
2004-10-29,28.7,16.7,42.9,23.0,1501.0,1487.7,1532.3,1500.5,1478.0,1448.5,1490.2,1477.5,True
2004-11-01,26.9,15.6,40.2,17.5,1500.8,1488.3,1530.2,1498.5,1479.2,1451.5,1490.6,1481.0,True
2004-11-02,27.8,16.2,41.7,25.0,1502.6,1489.7,1533.0,1513.0,1480.4,1451.7,1492.1,1488.0,True
2004-11-03,27.1,15.9,40.5,36.0,1508.9,1496.3,1538.5,1529.5,1487.2,1459.2,1498.6,1493.5,True
2004-11-04,25.5,14.9,38.0,28.0,1518.2,1506.4,1546.1,1522.5,1497.8,1471.5,1508.6,1494.5,True
2004-11-05,26.9,15.8,40.2,24.5,1525.8,1513.3,1555.2,1538.5,1504.2,1476.5,1515.6,1514.0,True
2004-11-08,27.6,16.2,41.3,12.0,1541.6,1528.7,1571.7,1535.0,1519.5,1491.0,1531.1,1523.0,True
2004-11-09,28.4,16.7,42.5,14.5,1542.4,1529.2,1573.4,1537.0,1519.7,1490.4,1531.6,1522.5,True
2004-11-10,26.0,15.1,38.8,17.0,1536.9,1524.8,1565.3,1533.0,1516.2,1489.3,1527.1,1516.0,True
2004-11-11,23.6,13.7,35.2,25.5,1532.0,1521.0,1557.7,1545.0,1513.1,1488.8,1523.0,1519.5,True
2004-11-12,22.8,13.2,34.1,20.5,1550.2,1539.5,1575.0,1558.0,1531.9,1508.4,1541.5,1537.5,True
2004-11-15,22.7,13.1,33.9,13.5,1564.6,1554.1,1589.4,1565.0,1546.5,1523.0,1556.0,1551.5,True
2004-11-16,23.5,13.7,35.2,20.5,1573.0,1562.0,1598.6,1564.0,1554.2,1529.9,1564.0,1543.5,True
2004-11-17,23.1,13.4,34.7,27.0,1564.8,1554.0,1590.0,1583.0,1546.3,1522.5,1556.0,1556.0,True
2004-11-18,23.6,13.7,35.4,19.0,1584.0,1573.0,1609.7,1584.5,1565.2,1540.8,1575.0,1565.5,True
2004-11-19,23.3,13.5,34.9,29.5,1591.9,1581.0,1617.3,1582.5,1573.3,1549.2,1583.0,1553.0,True
2004-11-22,23.1,13.4,34.7,25.5,1567.3,1556.5,1592.5,1572.5,1548.9,1525.0,1558.5,1547.0,True
2004-11-23,24.5,14.2,36.7,21.5,1581.4,1570.0,1608.1,1575.5,1561.8,1536.5,1572.1,1554.0,True
2004-11-24,24.3,14.1,36.4,16.0,1579.8,1568.5,1606.3,1585.5,1560.4,1535.3,1570.5,1569.5,True
2004-11-25,23.9,13.9,35.9,13.5,1592.1,1581.0,1618.2,1593.5,1573.0,1548.3,1583.0,1580.0,True
2004-11-26,23.7,13.7,35.5,16.5,1601.6,1590.5,1627.4,1594.0,1582.6,1558.1,1592.5,1577.5,True
2004-11-29,20.8,12.0,31.1,28.0,1585.9,1576.2,1608.5,1596.5,1569.3,1547.8,1578.0,1568.5,True
2004-11-30,20.2,11.7,30.3,13.5,1585.7,1576.2,1607.6,1585.5,1569.5,1548.6,1578.0,1572.0,True
2004-12-01,20.2,11.7,30.3,34.5,1581.2,1571.7,1603.1,1609.0,1565.0,1544.1,1573.5,1574.5,False
2004-12-02,21.4,12.4,32.3,26.5,1611.1,1601.2,1634.5,1625.5,1594.0,1571.9,1603.0,1599.0,True
2004-12-03,23.2,13.4,35.0,22.5,1622.4,1611.6,1647.7,1633.5,1603.9,1579.9,1613.5,1611.0,True
2004-12-06,23.6,13.6,35.5,21.0,1621.1,1610.0,1646.8,1627.0,1602.2,1577.8,1612.0,1606.0,True
2004-12-07,22.9,13.2,34.5,38.0,1627.8,1617.1,1652.7,1629.0,1609.5,1585.8,1619.0,1591.0,True
2004-12-08,23.8,13.8,36.0,20.5,1602.7,1591.5,1628.6,1608.5,1583.6,1559.0,1593.6,1588.0,True
2004-12-09,24.1,13.9,36.4,39.0,1612.3,1601.0,1638.5,1617.0,1593.1,1568.1,1603.1,1578.0,True
2004-12-10,24.7,14.3,37.4,12.0,1616.5,1605.0,1643.4,1611.5,1596.8,1571.2,1607.1,1599.5,True
2004-12-13,26.0,15.0,39.3,15.0,1619.1,1606.9,1647.3,1623.0,1598.3,1571.4,1609.1,1608.0,True
2004-12-14,24.8,14.3,37.5,16.5,1632.6,1621.0,1659.6,1633.0,1612.8,1587.1,1623.1,1616.5,True
2004-12-15,22.5,13.0,34.0,22.0,1635.1,1624.6,1659.6,1636.0,1617.2,1593.9,1626.5,1614.0,True
2004-12-16,22.3,12.8,33.7,25.5,1632.6,1622.1,1656.8,1626.0,1614.8,1591.7,1624.0,1600.5,True
2004-12-17,20.6,11.9,31.1,9.5,1619.9,1610.2,1642.3,1613.5,1603.4,1582.1,1612.0,1604.0,True
2004-12-20,21.3,12.2,32.2,28.5,1616.3,1606.3,1639.5,1623.5,1599.3,1577.3,1608.1,1595.0,True
2004-12-21,21.1,12.1,31.9,18.5,1612.6,1602.7,1635.5,1620.5,1595.7,1573.9,1604.5,1602.0,True
2004-12-22,21.9,12.7,33.1,18.0,1624.9,1614.7,1648.7,1629.0,1607.4,1584.8,1616.5,1611.0,True
2004-12-23,21.3,12.3,32.3,14.5,1624.7,1614.7,1647.8,1628.0,1607.7,1585.6,1616.5,1613.5,True
2004-12-27,20.4,11.8,30.9,25.0,1626.8,1617.3,1649.0,1632.0,1610.5,1589.4,1619.0,1607.0,True
2004-12-28,21.2,12.3,32.1,17.5,1625.6,1615.7,1648.7,1632.5,1608.7,1586.8,1617.5,1615.0,True
2004-12-29,21.0,12.2,31.7,11.0,1638.5,1628.7,1661.4,1638.5,1621.8,1600.1,1630.5,1627.5,True
2004-12-30,20.8,12.0,31.4,12.0,1642.0,1632.2,1664.6,1638.0,1625.4,1603.8,1634.0,1626.0,True
2004-12-31,19.4,11.2,29.4,16.0,1635.9,1626.8,1657.0,1636.5,1620.4,1600.3,1628.4,1620.5,True
2005-01-03,19.2,11.1,29.0,39.0,1636.3,1627.3,1657.2,1644.0,1621.0,1601.1,1628.9,1605.0,True
2005-01-04,19.2,11.1,29.1,48.5,1623.3,1614.3,1644.2,1620.0,1608.0,1588.1,1615.9,1571.5,False
2005-01-05,21.9,12.6,33.1,23.5,1591.4,1581.2,1615.2,1588.0,1574.0,1551.2,1583.0,1564.5,True
2005-01-06,23.9,13.7,36.1,16.0,1575.2,1564.1,1601.2,1577.5,1556.2,1531.3,1566.0,1561.5,True
2005-01-07,24.6,14.2,37.3,27.0,1573.0,1561.5,1599.7,1584.5,1553.4,1527.8,1563.6,1557.5,True
2005-01-10,24.4,14.0,37.0,20.5,1577.4,1566.0,1603.9,1584.5,1558.0,1532.6,1568.1,1564.0,True
2005-01-11,23.5,13.6,35.7,21.0,1577.6,1566.6,1603.1,1572.0,1558.9,1534.4,1568.5,1551.0,True
2005-01-12,20.7,11.9,31.5,25.5,1567.4,1557.8,1589.9,1573.0,1550.9,1529.4,1559.5,1547.5,True
2005-01-13,21.2,12.2,32.1,29.0,1576.6,1566.7,1599.6,1576.5,1559.7,1537.7,1568.5,1547.5,True
2005-01-14,22.2,12.8,33.7,21.5,1559.0,1548.7,1583.1,1569.5,1541.3,1518.3,1550.5,1548.0,True
2005-01-18,22.6,13.0,34.2,24.5,1571.7,1561.2,1596.2,1580.5,1553.7,1530.2,1563.0,1556.0,True
2005-01-19,23.0,13.3,34.9,39.0,1585.4,1574.6,1610.3,1580.5,1567.0,1543.1,1576.5,1541.5,False
2005-01-20,23.7,13.6,36.0,21.0,1552.1,1541.1,1577.9,1540.0,1533.3,1508.6,1543.0,1519.0,False
2005-01-21,24.4,14.0,37.0,25.0,1532.4,1520.9,1558.9,1531.0,1513.0,1487.6,1523.1,1506.0,True
2005-01-24,23.6,13.5,35.7,30.0,1519.1,1508.0,1544.7,1514.5,1500.3,1475.7,1510.0,1484.5,True
2005-01-25,24.0,13.8,36.3,19.0,1500.8,1489.5,1526.8,1510.0,1481.6,1456.7,1491.5,1491.0,True
2005-01-26,24.5,14.1,37.1,23.0,1505.0,1493.4,1531.6,1518.0,1485.4,1459.9,1495.6,1495.0,True
2005-01-27,23.5,13.5,35.5,17.0,1516.1,1505.0,1541.6,1517.5,1497.3,1472.9,1507.0,1500.5,True
2005-01-28,23.5,13.5,35.5,28.5,1518.6,1507.5,1544.1,1518.0,1499.8,1475.4,1509.5,1489.5,True
2005-01-31,23.3,13.4,35.3,15.5,1519.0,1508.0,1544.3,1528.0,1500.4,1476.2,1510.0,1512.5,False
2005-02-01,23.3,13.4,35.3,12.0,1533.5,1522.5,1558.8,1532.5,1514.9,1490.7,1524.5,1520.5,True
2005-02-02,23.0,13.2,34.9,17.5,1538.9,1528.0,1563.8,1535.5,1520.5,1496.6,1530.0,1518.0,True
2005-02-03,21.7,12.5,33.0,20.5,1533.3,1523.1,1556.9,1525.0,1516.0,1493.5,1525.0,1504.5,True
2005-02-04,21.3,12.2,32.3,32.5,1520.2,1510.2,1543.3,1539.0,1503.2,1481.0,1512.0,1506.5,True
2005-02-07,21.0,12.1,32.0,16.5,1542.5,1532.7,1565.3,1542.0,1525.8,1504.0,1534.5,1525.5,True
2005-02-08,21.9,12.6,33.3,19.5,1539.4,1529.1,1563.2,1546.5,1522.0,1499.2,1531.0,1527.0,True
2005-02-09,22.5,12.9,34.2,30.5,1538.7,1528.1,1563.1,1537.5,1520.7,1497.3,1530.0,1507.0,True
2005-02-10,22.8,13.1,34.6,18.0,1518.3,1507.6,1543.0,1517.5,1500.1,1476.4,1509.5,1499.5,True
2005-02-11,23.3,13.4,35.4,38.5,1516.0,1505.0,1541.3,1539.5,1497.4,1473.2,1507.0,1501.0,True
2005-02-14,23.6,13.5,35.8,11.0,1543.6,1532.5,1569.2,1543.0,1524.8,1500.3,1534.5,1532.0,True
2005-02-15,25.0,14.3,37.9,28.5,1547.7,1535.9,1574.8,1565.0,1527.8,1501.7,1538.1,1536.5,True
2005-02-16,24.2,13.9,36.8,16.0,1558.3,1547.0,1584.6,1553.0,1539.1,1513.9,1549.1,1537.0,True
2005-02-17,23.7,13.6,36.0,29.0,1555.1,1544.0,1580.9,1550.0,1536.3,1511.6,1546.0,1521.0,True
2005-02-18,23.4,13.4,35.5,15.5,1533.5,1522.5,1558.9,1529.5,1514.9,1490.5,1524.5,1514.0,True
2005-02-22,21.5,12.4,32.7,31.5,1525.7,1515.7,1549.1,1526.0,1508.6,1486.3,1517.5,1494.5,True
2005-02-23,22.3,12.8,33.9,18.5,1511.1,1500.6,1535.3,1509.0,1493.3,1470.1,1502.5,1490.5,True
2005-02-24,22.2,12.7,33.7,27.5,1510.5,1500.1,1534.6,1521.0,1492.8,1469.8,1502.0,1493.5,True
2005-02-25,22.7,13.1,34.5,17.5,1527.7,1517.1,1552.4,1532.0,1509.6,1486.0,1519.0,1514.5,True
2005-02-28,22.7,13.0,34.5,36.5,1540.2,1529.6,1564.9,1536.0,1522.1,1498.5,1531.5,1499.5,True
2005-03-01,23.3,13.4,35.4,21.0,1522.5,1511.6,1547.8,1532.0,1503.9,1479.7,1513.5,1511.0,True
2005-03-02,23.8,13.6,36.2,26.5,1538.7,1527.5,1564.5,1543.5,1519.7,1495.0,1529.5,1517.0,True
2005-03-03,23.9,13.7,36.4,30.0,1534.7,1523.5,1560.7,1532.5,1515.7,1490.8,1525.6,1502.5,True
2005-03-04,24.1,13.8,36.6,21.5,1523.8,1512.5,1550.0,1533.0,1504.6,1479.5,1514.6,1511.5,True
2005-03-07,25.5,14.6,38.8,31.0,1535.4,1523.4,1563.0,1555.0,1515.0,1488.5,1525.6,1524.0,True
2005-03-08,25.1,14.4,38.1,23.0,1554.7,1543.0,1582.0,1551.5,1534.7,1508.6,1545.1,1528.5,True
2005-03-09,25.7,14.8,39.0,19.5,1542.4,1530.4,1570.3,1540.0,1522.0,1495.2,1532.6,1520.5,True
2005-03-10,24.9,14.3,37.8,24.0,1534.1,1522.5,1561.2,1528.5,1514.2,1488.4,1524.6,1504.5,True
2005-03-11,24.1,13.9,36.6,33.0,1534.3,1523.0,1560.5,1535.0,1515.0,1490.0,1525.1,1502.0,True
2005-03-14,24.7,14.2,37.4,13.5,1519.0,1507.5,1545.9,1516.5,1499.3,1473.7,1509.6,1503.0,True
2005-03-15,24.4,14.0,37.0,22.5,1525.4,1514.0,1551.9,1523.5,1505.9,1480.6,1516.1,1501.0,True
2005-03-16,23.3,13.4,35.4,28.0,1514.0,1503.1,1539.3,1510.5,1495.3,1471.2,1505.0,1482.5,True
2005-03-17,23.2,13.3,35.2,14.5,1495.9,1485.1,1521.1,1497.0,1477.3,1453.3,1487.0,1482.5,True
2005-03-18,23.7,13.6,36.0,10.0,1499.1,1488.1,1524.9,1493.0,1480.2,1455.6,1490.0,1483.0,True
2005-03-21,21.4,12.3,32.6,21.0,1495.6,1485.6,1518.8,1500.0,1478.5,1456.3,1487.4,1479.0,True
2005-03-22,21.2,12.2,32.2,26.5,1497.1,1487.2,1520.1,1499.5,1480.2,1458.2,1489.0,1473.0,True
2005-03-23,21.0,12.0,31.9,25.5,1483.0,1473.2,1505.8,1489.0,1466.2,1444.5,1475.0,1463.5,True
2005-03-24,21.2,12.2,32.2,17.0,1487.6,1477.7,1510.6,1495.0,1470.6,1448.7,1479.5,1478.0,True
2005-03-28,21.8,12.5,33.2,14.5,1488.9,1478.7,1512.5,1494.0,1471.4,1448.8,1480.5,1479.5,True
2005-03-29,22.5,12.9,34.1,27.0,1490.2,1479.7,1514.6,1492.5,1472.2,1448.8,1481.5,1465.5,True
2005-03-30,21.9,12.6,33.3,25.5,1485.9,1475.7,1509.7,1500.5,1468.4,1445.7,1477.5,1475.0,True
2005-03-31,22.5,12.9,34.2,19.0,1508.2,1497.7,1532.6,1504.5,1490.2,1466.8,1499.5,1485.5,True
2005-04-01,21.8,12.5,33.1,35.0,1499.9,1489.7,1523.5,1508.0,1482.4,1459.8,1491.5,1473.0,True
2005-04-04,22.6,12.9,34.3,21.5,1489.2,1478.7,1513.7,1490.0,1471.1,1447.7,1480.5,1468.5,True
2005-04-05,24.1,13.8,36.6,10.5,1494.8,1483.6,1521.0,1495.0,1475.5,1450.5,1485.5,1484.5,True
2005-04-06,23.4,13.2,35.6,20.5,1501.0,1490.1,1526.4,1505.0,1482.3,1458.0,1492.0,1484.5,True
2005-04-07,21.8,12.3,33.1,24.0,1501.9,1491.7,1525.5,1510.0,1484.4,1461.8,1493.5,1486.0,True
2005-04-08,22.0,12.4,33.5,20.0,1518.0,1507.7,1541.8,1511.5,1500.4,1477.5,1509.5,1491.5,True
2005-04-11,20.6,11.7,31.4,16.0,1501.9,1492.3,1524.2,1499.0,1485.4,1464.0,1494.0,1483.0,True
2005-04-12,20.2,11.6,30.7,31.5,1493.2,1483.8,1515.1,1497.5,1477.0,1456.1,1485.5,1466.0,True
2005-04-13,21.5,12.3,32.6,29.5,1502.3,1492.2,1525.6,1495.0,1485.0,1462.8,1494.0,1465.5,True
2005-04-14,21.9,12.5,33.3,35.5,1478.9,1468.7,1502.7,1474.5,1461.3,1438.7,1470.5,1439.0,True
2005-04-15,22.8,13.0,34.5,28.5,1450.3,1439.7,1475.0,1441.0,1431.9,1408.4,1441.5,1412.5,True
2005-04-18,23.7,13.5,35.9,24.0,1424.1,1413.1,1449.8,1424.5,1405.1,1380.6,1415.0,1400.5,True
2005-04-19,24.6,14.0,37.3,15.5,1424.5,1413.1,1451.2,1429.5,1404.7,1379.3,1415.1,1414.0,True
2005-04-20,24.4,13.9,37.0,31.0,1435.9,1424.6,1462.4,1439.5,1416.3,1391.1,1426.5,1408.5,True
2005-04-21,23.9,13.6,36.2,45.0,1424.2,1413.1,1450.1,1454.5,1405.0,1380.3,1415.0,1409.5,False
2005-04-22,25.4,14.5,38.5,34.0,1459.4,1447.5,1486.9,1451.0,1438.9,1412.7,1449.6,1417.0,True
2005-04-25,26.4,15.0,40.0,14.0,1442.3,1430.0,1470.9,1444.0,1421.0,1393.8,1432.1,1430.0,True
2005-04-26,27.1,15.4,41.0,27.0,1452.5,1439.9,1481.9,1452.0,1430.7,1402.8,1442.1,1425.0,True
2005-04-27,26.8,15.2,40.6,21.0,1439.9,1427.5,1469.0,1434.5,1418.3,1390.7,1429.6,1413.5,True
2005-04-28,26.6,15.1,40.3,19.0,1437.8,1425.5,1466.7,1430.5,1416.4,1389.0,1427.6,1411.5,True
2005-04-29,23.9,13.6,36.2,30.0,1422.2,1411.1,1448.2,1427.5,1402.9,1378.4,1413.0,1397.5,True
2005-05-02,23.2,13.2,35.1,20.0,1435.0,1424.2,1460.1,1439.0,1416.2,1392.4,1426.0,1419.0,True
2005-05-03,24.6,14.0,37.2,17.0,1437.5,1426.1,1464.2,1441.0,1417.7,1392.4,1428.0,1424.0,True
2005-05-04,23.7,13.5,35.8,24.5,1447.7,1436.6,1473.4,1458.0,1428.5,1404.2,1438.5,1433.5,True
2005-05-05,23.7,13.5,35.8,17.0,1461.7,1450.6,1487.4,1461.5,1442.5,1418.2,1452.5,1444.5,True
2005-05-06,24.4,14.0,36.9,15.0,1466.4,1455.1,1492.9,1468.0,1446.8,1421.7,1457.0,1453.0,True
2005-05-09,22.8,13.1,34.5,17.5,1467.3,1456.7,1492.0,1467.0,1448.9,1425.5,1458.5,1449.5,True
2005-05-10,22.1,12.7,33.6,17.0,1472.5,1462.2,1496.5,1465.0,1454.7,1432.0,1464.0,1448.0,True
2005-05-11,21.9,12.6,33.2,30.0,1462.9,1452.8,1486.7,1465.0,1445.3,1422.7,1454.5,1435.0,True
2005-05-12,22.0,12.7,33.4,23.0,1470.0,1459.8,1493.8,1472.0,1452.2,1429.6,1461.5,1449.0,True
2005-05-13,22.8,13.1,34.6,24.0,1466.8,1456.2,1491.5,1483.0,1448.4,1425.0,1458.0,1459.0,False
2005-05-16,23.8,13.7,36.0,17.0,1483.2,1472.2,1509.0,1485.5,1464.0,1439.5,1474.0,1468.5,True
2005-05-17,23.9,13.8,36.3,23.5,1490.8,1479.7,1516.7,1495.5,1471.5,1446.9,1481.5,1472.0,True
2005-05-18,24.0,13.8,36.4,30.5,1503.9,1492.6,1529.8,1518.5,1484.5,1459.8,1494.6,1488.0,True
2005-05-19,23.9,13.8,36.4,13.5,1522.3,1511.2,1548.2,1525.0,1503.1,1478.4,1513.0,1511.5,True
2005-05-20,24.5,14.1,37.3,14.5,1534.1,1522.6,1560.6,1532.0,1514.3,1489.1,1524.6,1517.5,True
2005-05-23,22.9,13.2,34.8,16.5,1539.9,1529.2,1564.7,1543.5,1521.5,1497.8,1531.0,1527.0,True
2005-05-24,21.8,12.6,33.2,12.5,1548.0,1537.8,1571.5,1544.0,1530.5,1507.9,1539.5,1531.5,True
2005-05-25,20.4,11.7,31.1,15.5,1548.9,1539.4,1570.9,1542.0,1532.5,1511.4,1541.0,1526.5,True
2005-05-26,18.4,10.5,28.0,18.0,1546.1,1537.5,1566.0,1554.5,1531.3,1512.3,1538.9,1536.5,True
2005-05-27,18.5,10.6,28.2,10.0,1556.6,1548.0,1576.6,1553.5,1541.8,1522.6,1549.4,1543.5,True
2005-05-31,18.4,10.6,28.1,18.5,1559.6,1551.0,1579.5,1558.5,1544.8,1525.8,1552.4,1540.0,True
2005-06-01,17.7,10.2,27.0,28.0,1552.3,1544.0,1571.4,1570.5,1538.1,1519.8,1545.4,1542.5,True
2005-06-02,18.8,10.8,28.7,17.0,1565.2,1556.5,1585.5,1572.0,1550.2,1530.7,1557.9,1555.0,True
2005-06-03,19.7,11.3,30.0,33.0,1579.6,1570.4,1600.9,1576.5,1563.8,1543.4,1571.9,1543.5,True
2005-06-06,20.2,11.6,30.8,12.0,1558.8,1549.4,1580.6,1552.5,1542.6,1521.7,1551.0,1540.5,True
2005-06-07,21.4,12.3,32.6,30.0,1554.3,1544.3,1577.4,1562.0,1537.1,1515.0,1546.0,1532.0,True
2005-06-08,21.2,12.1,32.3,18.0,1542.7,1532.8,1565.6,1542.5,1525.7,1503.8,1534.5,1524.5,True
2005-06-09,21.1,12.1,32.2,23.0,1539.2,1529.3,1562.0,1544.5,1522.2,1500.5,1531.0,1521.5,True
2005-06-10,21.5,12.3,32.8,24.5,1546.3,1536.3,1569.6,1541.0,1529.0,1506.9,1538.0,1516.5,True
2005-06-13,20.8,11.9,31.6,19.5,1532.5,1522.9,1555.0,1539.5,1515.8,1494.4,1524.5,1520.0,True
2005-06-14,21.5,12.4,32.8,24.0,1539.8,1529.8,1563.1,1545.5,1522.5,1500.4,1531.5,1521.5,True
2005-06-15,20.7,11.9,31.5,26.5,1535.0,1525.4,1557.4,1537.0,1518.3,1497.0,1527.0,1510.5,True
2005-06-16,21.3,12.2,32.4,14.0,1536.8,1526.8,1559.8,1541.0,1519.6,1497.7,1528.5,1527.0,True
2005-06-17,21.5,12.4,32.8,14.0,1544.3,1534.3,1567.6,1549.0,1527.0,1504.9,1536.0,1535.0,True
2005-06-20,20.5,11.8,31.2,20.5,1562.4,1552.8,1584.5,1557.5,1545.9,1524.8,1554.4,1537.0,True
2005-06-21,19.6,11.2,29.8,13.0,1553.6,1544.4,1574.7,1554.5,1537.8,1517.6,1545.9,1541.5,True
2005-06-22,19.2,11.0,29.3,20.5,1558.9,1550.0,1579.6,1558.5,1543.4,1523.7,1551.4,1538.0,True
2005-06-23,18.1,10.4,27.5,35.5,1555.4,1547.0,1575.0,1561.0,1540.8,1522.2,1548.4,1525.5,True
2005-06-24,19.6,11.2,29.8,22.5,1535.6,1526.4,1556.7,1530.0,1519.7,1499.6,1527.9,1507.5,True
2005-06-27,21.0,12.0,32.0,15.5,1520.1,1510.4,1542.8,1515.0,1503.2,1481.6,1512.0,1499.5,True
2005-06-28,21.1,12.1,32.1,17.5,1514.7,1504.9,1537.5,1523.0,1497.6,1476.0,1506.5,1505.5,True
2005-06-29,21.5,12.3,32.7,13.5,1525.8,1515.8,1549.1,1524.0,1508.5,1486.4,1517.5,1510.5,True
2005-06-30,21.3,12.2,32.4,20.0,1520.3,1510.4,1543.3,1520.0,1503.1,1481.2,1512.0,1500.0,True
2005-07-01,19.3,11.1,29.4,14.5,1510.9,1502.0,1531.8,1512.5,1495.3,1475.5,1503.4,1498.0,True
2005-07-05,18.6,10.7,28.3,27.5,1507.7,1499.0,1527.7,1519.0,1492.6,1473.5,1500.4,1491.5,True
2005-07-06,19.4,11.1,29.5,17.5,1521.5,1512.5,1542.4,1522.0,1505.8,1485.9,1513.9,1504.5,True
2005-07-07,19.5,11.2,29.7,49.0,1515.0,1506.0,1536.1,1514.0,1499.2,1479.3,1507.4,1465.0,False
2005-07-08,22.1,12.7,33.7,35.5,1521.6,1511.3,1545.5,1545.0,1503.7,1480.9,1513.0,1509.5,True
2005-07-11,24.6,14.1,37.4,16.0,1554.6,1543.2,1581.2,1558.5,1534.7,1509.4,1545.1,1542.5,True
2005-07-12,26.2,15.0,40.0,18.5,1568.3,1556.1,1596.6,1569.5,1547.1,1520.1,1558.1,1551.0,True
2005-07-13,25.1,14.4,38.2,11.0,1572.3,1560.7,1599.4,1568.5,1552.1,1526.2,1562.6,1557.5,True
2005-07-14,24.9,14.3,38.0,22.5,1577.3,1565.7,1604.1,1586.0,1557.2,1531.4,1567.6,1563.5,True
2005-07-15,21.8,12.5,33.2,15.0,1593.0,1582.9,1616.5,1591.0,1575.4,1552.9,1584.5,1576.0,True
2005-07-18,20.0,11.5,30.6,8.5,1595.2,1586.0,1616.8,1586.5,1579.1,1558.4,1587.4,1578.0,True
2005-07-19,19.3,11.0,29.5,19.5,1589.9,1581.0,1610.8,1601.0,1574.4,1554.5,1582.4,1581.5,True
2005-07-20,18.7,10.7,28.5,28.0,1607.7,1599.0,1627.9,1614.0,1592.7,1573.3,1600.4,1586.0,True
2005-07-21,20.4,11.6,31.1,24.5,1616.9,1607.4,1638.9,1623.0,1600.5,1579.4,1609.0,1598.5,True
2005-07-22,20.8,11.9,31.6,16.0,1614.6,1604.9,1637.0,1614.5,1597.8,1576.3,1606.5,1598.5,True
2005-07-25,21.5,12.3,32.8,17.5,1618.4,1608.4,1641.5,1616.0,1601.0,1578.8,1610.0,1598.5,True
2005-07-26,22.0,12.6,33.6,14.0,1613.1,1602.9,1636.8,1611.5,1595.3,1572.6,1604.5,1597.5,True
2005-07-27,21.2,12.1,32.3,22.0,1615.7,1605.9,1638.6,1620.5,1598.6,1576.8,1607.5,1598.5,True
2005-07-28,20.1,11.5,30.7,12.0,1625.8,1616.5,1647.4,1627.5,1609.6,1588.8,1617.9,1615.5,True
2005-07-29,19.7,11.2,30.0,19.0,1634.6,1625.5,1655.9,1630.0,1618.7,1598.4,1626.9,1611.0,True
2005-08-01,19.2,11.0,29.3,13.5,1619.4,1610.5,1640.1,1623.0,1603.9,1584.1,1611.9,1609.5,True
2005-08-02,19.2,11.0,29.3,22.0,1622.9,1614.0,1643.6,1635.5,1607.4,1587.6,1615.4,1613.5,True
2005-08-03,19.6,11.2,29.9,11.0,1637.1,1628.0,1658.2,1635.0,1621.3,1601.1,1629.4,1624.0,True
2005-08-04,19.2,10.9,29.4,22.0,1640.4,1631.5,1661.1,1633.5,1625.0,1605.1,1632.9,1611.5,True
2005-08-05,18.9,10.7,28.9,15.5,1624.3,1615.6,1644.7,1620.5,1609.1,1589.6,1616.9,1605.0,True
2005-08-08,18.9,10.8,28.8,20.5,1615.3,1606.6,1635.7,1614.0,1600.1,1580.6,1607.9,1593.5,True
2005-08-09,18.2,10.4,27.8,16.0,1606.0,1597.6,1625.6,1612.5,1591.3,1572.6,1598.9,1596.5,True
2005-08-10,17.5,10.0,26.7,29.0,1614.7,1606.6,1633.6,1615.5,1600.6,1582.6,1607.9,1586.5,True
2005-08-11,18.5,10.6,28.3,18.5,1603.6,1595.1,1623.6,1609.5,1588.7,1569.6,1596.4,1591.0,True
2005-08-12,18.8,10.7,28.8,14.5,1602.2,1593.6,1622.5,1600.0,1587.1,1567.7,1594.9,1585.5,True
2005-08-15,19.2,11.0,29.3,25.5,1600.4,1591.6,1621.1,1612.5,1584.9,1565.1,1592.9,1587.0,True
2005-08-16,19.1,10.9,29.2,31.5,1613.9,1605.1,1634.4,1608.0,1598.5,1578.8,1606.4,1576.5,False
2005-08-17,20.3,11.6,31.1,16.0,1591.4,1582.0,1613.2,1593.5,1575.0,1554.0,1583.4,1577.5,True
2005-08-18,20.4,11.7,31.3,13.5,1591.9,1582.5,1613.9,1590.0,1575.5,1554.3,1583.9,1576.5,True
2005-08-19,20.0,11.4,30.7,10.5,1587.7,1578.5,1609.3,1586.5,1571.6,1550.9,1579.9,1576.0,True
2005-08-22,19.4,11.1,29.8,24.5,1587.5,1578.6,1608.4,1593.5,1571.9,1551.8,1579.9,1569.0,True
2005-08-23,18.3,10.4,28.2,13.5,1588.0,1579.6,1607.7,1583.0,1573.3,1554.3,1580.9,1569.5,True
2005-08-24,17.3,9.9,26.7,30.5,1584.6,1576.7,1603.3,1593.0,1570.7,1552.8,1577.9,1562.5,True
2005-08-25,17.9,10.2,27.9,10.5,1572.4,1564.1,1591.6,1573.0,1557.9,1539.4,1565.4,1562.5,True
2005-08-26,18.9,10.8,29.5,15.5,1574.8,1566.1,1595.1,1570.5,1559.6,1540.0,1567.4,1555.0,True
2005-08-29,18.6,10.6,29.0,34.5,1571.2,1562.6,1591.2,1579.0,1556.2,1536.9,1563.9,1544.5,True
2005-08-30,19.3,11.0,30.0,19.5,1582.5,1573.6,1603.2,1576.5,1566.9,1546.9,1574.9,1557.0,True
2005-08-31,20.5,11.7,32.0,25.5,1578.4,1569.0,1600.5,1588.5,1561.9,1540.7,1570.4,1563.0,True
2005-09-01,20.3,11.6,31.6,15.5,1592.4,1583.0,1614.2,1590.5,1576.0,1555.0,1584.4,1575.0,True
2005-09-02,21.2,12.1,33.0,12.5,1587.7,1578.0,1610.5,1585.5,1570.6,1548.7,1579.5,1573.0,True
2005-09-06,21.2,12.1,33.1,23.0,1585.2,1575.5,1608.0,1600.0,1568.1,1546.2,1577.0,1577.0,False
2005-09-07,19.7,11.3,30.7,11.0,1606.6,1597.6,1627.8,1603.0,1590.7,1570.3,1598.9,1592.0,True
2005-09-08,19.7,11.3,30.8,13.5,1606.6,1597.6,1627.8,1606.5,1590.7,1570.3,1598.9,1593.0,True
2005-09-09,18.0,10.3,28.1,15.5,1606.4,1598.1,1625.8,1611.5,1591.9,1573.3,1599.4,1596.0,True
2005-09-12,17.9,10.3,28.0,12.0,1616.4,1608.1,1635.6,1618.5,1602.0,1583.4,1609.4,1606.5,True
2005-09-13,17.7,10.2,27.8,15.5,1620.3,1612.2,1639.3,1620.5,1606.1,1587.7,1613.4,1605.0,True
2005-09-14,16.5,9.4,25.8,25.0,1616.3,1608.7,1634.0,1614.5,1603.0,1585.9,1609.9,1589.5,True
2005-09-15,17.4,10.0,27.2,11.5,1598.2,1590.2,1616.9,1596.0,1584.2,1566.1,1591.4,1584.5,True
2005-09-16,17.7,10.1,27.7,8.5,1593.8,1585.7,1612.8,1595.0,1579.6,1561.2,1586.9,1586.5,True
2005-09-19,16.7,9.5,25.9,21.0,1598.8,1591.1,1616.8,1612.5,1585.4,1568.1,1592.3,1591.5,True
2005-09-20,16.8,9.6,26.1,31.0,1608.9,1601.2,1627.0,1618.0,1595.4,1578.0,1602.4,1587.0,True
2005-09-21,18.1,10.3,28.3,22.0,1599.5,1591.1,1618.9,1595.0,1584.9,1566.2,1592.4,1573.0,True
2005-09-22,18.4,10.4,28.8,19.5,1582.1,1573.6,1601.9,1583.0,1567.3,1548.2,1574.9,1563.5,True
2005-09-23,19.1,10.8,29.9,19.0,1584.9,1576.1,1605.4,1589.5,1569.5,1549.7,1577.4,1570.5,True
2005-09-26,20.3,11.6,31.7,21.5,1593.4,1584.0,1615.2,1597.0,1577.0,1556.0,1585.5,1575.5,True
2005-09-27,20.0,11.4,31.1,17.0,1595.3,1586.1,1616.7,1591.0,1579.1,1558.4,1587.4,1574.0,True
2005-09-28,19.3,11.0,30.1,17.0,1589.5,1580.6,1610.2,1592.5,1573.9,1554.0,1581.9,1575.5,True
2005-09-29,18.9,10.8,29.5,32.0,1588.3,1579.6,1608.6,1603.0,1573.1,1553.5,1580.9,1571.0,True
2005-09-30,19.3,11.0,30.1,17.5,1609.0,1600.1,1629.7,1616.0,1593.4,1573.5,1601.4,1598.5,True
2005-10-03,20.1,11.5,31.3,11.0,1622.3,1613.1,1643.9,1624.5,1606.1,1585.3,1614.4,1613.5,True
2005-10-04,19.3,10.9,30.2,26.5,1626.5,1617.6,1647.2,1629.5,1610.9,1591.0,1618.9,1603.0,True
2005-10-05,19.1,10.8,29.9,26.5,1611.9,1603.1,1632.4,1607.5,1596.5,1576.8,1604.4,1581.0,True
2005-10-06,20.0,11.3,31.2,38.5,1590.8,1581.6,1612.2,1587.0,1574.6,1554.0,1582.9,1548.5,False
2005-10-07,20.3,11.4,31.6,14.5,1572.9,1563.5,1594.7,1573.0,1556.5,1535.5,1564.9,1558.5,True
2005-10-10,21.5,12.1,33.5,18.0,1571.9,1562.0,1595.0,1571.0,1554.5,1532.3,1563.5,1553.0,True
2005-10-11,21.8,12.3,33.9,20.5,1563.5,1553.5,1586.9,1563.5,1545.9,1523.3,1555.0,1543.0,True
2005-10-12,21.2,12.0,33.0,28.0,1554.3,1544.5,1577.0,1553.5,1537.1,1515.2,1546.0,1525.5,True
2005-10-13,21.2,12.1,33.0,24.5,1535.3,1525.5,1558.0,1547.5,1518.1,1496.2,1527.0,1523.0,True
2005-10-14,20.7,11.8,32.3,17.0,1544.6,1535.0,1566.8,1553.5,1527.8,1506.4,1536.5,1536.5,False
2005-10-17,21.5,12.2,33.4,16.5,1558.9,1549.0,1582.0,1559.0,1541.5,1519.3,1550.5,1542.5,True
2005-10-18,21.7,12.3,33.7,17.5,1565.0,1555.0,1588.3,1561.5,1547.4,1525.0,1556.5,1544.0,True
2005-10-19,21.5,12.2,33.4,48.5,1555.9,1546.0,1579.0,1582.0,1538.5,1516.3,1547.5,1533.5,False
2005-10-20,23.0,13.1,35.8,31.0,1590.5,1579.9,1615.3,1584.0,1571.9,1548.1,1581.5,1553.0,True
2005-10-21,24.0,13.6,37.3,18.0,1576.0,1564.9,1601.7,1580.0,1556.5,1531.7,1566.5,1562.0,True
2005-10-24,24.9,14.2,38.8,31.0,1585.8,1574.3,1612.6,1599.0,1565.6,1539.9,1576.1,1568.0,True
2005-10-25,25.9,14.7,40.2,17.0,1608.8,1596.8,1636.6,1597.5,1587.8,1561.0,1598.6,1580.5,True
2005-10-26,26.7,15.1,41.4,22.0,1601.1,1588.7,1629.8,1601.5,1579.4,1551.8,1590.6,1579.5,True
2005-10-27,23.8,13.6,37.1,35.5,1595.9,1584.9,1621.4,1585.0,1576.6,1552.0,1586.5,1549.5,False
2005-10-28,23.5,13.4,36.6,19.5,1564.8,1553.9,1590.0,1565.0,1545.7,1521.3,1555.5,1545.5,True
2005-10-31,24.7,14.1,38.4,31.0,1570.8,1559.3,1597.3,1591.5,1550.7,1525.1,1561.1,1560.5,True
2005-11-01,24.4,13.9,37.9,16.0,1596.7,1585.4,1622.8,1590.0,1576.8,1551.6,1587.1,1574.0,True
2005-11-02,25.4,14.4,39.4,34.0,1596.1,1584.3,1623.3,1611.0,1575.4,1549.1,1586.1,1577.0,True
2005-11-03,26.1,14.9,40.6,29.0,1620.4,1608.3,1648.4,1633.5,1599.2,1572.1,1610.1,1604.5,True
2005-11-04,26.2,14.9,40.8,15.5,1639.9,1627.8,1668.0,1638.5,1618.6,1591.5,1629.6,1623.0,True
2005-11-07,26.7,15.2,41.5,14.0,1643.6,1631.3,1672.2,1641.0,1622.0,1594.3,1633.1,1627.0,True
2005-11-08,24.4,13.8,38.0,14.5,1643.1,1631.9,1669.3,1643.0,1623.4,1598.1,1633.6,1628.5,True
2005-11-09,24.2,13.8,37.6,13.0,1646.5,1635.4,1672.5,1642.5,1627.0,1601.9,1637.0,1629.5,True
2005-11-10,21.9,12.3,34.1,32.5,1647.1,1637.0,1670.6,1657.5,1629.4,1606.7,1638.5,1625.0,True
2005-11-11,21.5,12.3,33.4,10.5,1665.4,1655.5,1688.5,1666.0,1648.0,1625.8,1657.0,1655.5,True
2005-11-14,22.1,12.6,34.4,10.5,1668.2,1658.0,1691.9,1663.5,1650.3,1627.4,1659.5,1653.0,True
2005-11-15,21.2,11.9,32.9,21.0,1667.8,1658.0,1690.5,1665.0,1650.7,1628.7,1659.5,1644.0,True
2005-11-16,20.9,11.8,32.5,15.0,1661.2,1651.5,1683.6,1662.0,1644.3,1622.6,1653.0,1647.0,True
2005-11-17,21.6,12.2,33.6,29.0,1670.5,1660.5,1693.6,1687.5,1653.0,1630.6,1662.0,1658.5,True
2005-11-18,20.8,11.7,32.4,16.0,1693.1,1683.5,1715.4,1695.0,1676.4,1654.8,1685.0,1679.0,True
2005-11-21,21.3,12.0,33.1,15.0,1691.9,1682.0,1714.7,1692.5,1674.7,1652.5,1683.5,1677.5,True
2005-11-22,21.4,12.1,33.4,21.0,1700.4,1690.5,1723.3,1703.0,1683.2,1660.9,1692.0,1682.0,True
2005-11-23,21.0,11.9,32.2,14.5,1705.2,1695.5,1727.7,1709.0,1688.3,1666.5,1697.0,1694.5,True
2005-11-24,21.0,11.9,32.2,5.0,1709.3,1699.5,1731.7,1701.5,1692.3,1670.5,1701.0,1696.5,True
2005-11-25,19.3,10.9,29.7,9.0,1707.0,1698.1,1727.7,1705.5,1691.5,1671.4,1699.4,1696.5,True
2005-11-28,17.3,9.8,26.6,23.5,1711.7,1703.7,1730.2,1710.0,1697.8,1679.8,1704.9,1686.5,True
2005-11-29,16.8,9.5,25.7,22.0,1699.5,1691.7,1717.5,1701.5,1685.9,1668.5,1692.9,1679.5,True
2005-11-30,16.9,9.5,25.9,12.5,1688.0,1680.2,1706.1,1686.0,1674.4,1656.8,1681.4,1673.5,True
2005-12-01,16.7,9.4,25.6,32.5,1682.0,1674.2,1699.8,1708.5,1668.5,1651.1,1675.4,1676.0,False
2005-12-02,19.0,10.7,29.2,11.0,1711.9,1703.1,1732.3,1712.0,1696.6,1676.8,1704.4,1701.0,True
2005-12-05,19.9,11.2,30.5,23.0,1718.3,1709.1,1739.7,1714.0,1702.2,1681.5,1710.5,1691.0,True
2005-12-06,18.6,10.5,28.5,21.0,1707.2,1698.6,1727.2,1719.0,1692.2,1672.9,1699.9,1698.0,True
2005-12-07,18.8,10.6,28.8,18.0,1712.3,1703.6,1732.5,1707.5,1697.2,1677.6,1704.9,1689.5,True
2005-12-08,19.5,11.1,29.9,30.0,1708.6,1699.6,1729.6,1705.0,1692.9,1672.6,1701.0,1675.0,True
2005-12-09,19.0,10.8,29.1,15.5,1694.9,1686.1,1715.3,1695.0,1679.6,1659.8,1687.4,1679.5,True
2005-12-12,20.3,11.6,31.2,11.0,1702.5,1693.1,1724.3,1702.5,1686.1,1665.0,1694.5,1691.5,True
2005-12-13,19.1,10.9,29.3,19.0,1708.0,1699.1,1728.5,1713.5,1692.5,1672.7,1700.4,1694.5,True
2005-12-14,18.6,10.6,28.5,16.5,1714.3,1705.6,1734.2,1708.5,1699.2,1679.9,1706.9,1692.0,True
2005-12-15,18.7,10.7,28.7,19.5,1708.8,1700.1,1728.9,1707.0,1693.7,1674.3,1701.4,1687.5,True
2005-12-16,17.5,10.0,26.8,9.0,1707.3,1699.2,1726.1,1708.0,1693.2,1675.0,1700.4,1699.0,True
2005-12-19,17.5,9.8,26.9,37.5,1706.4,1698.3,1725.1,1715.0,1692.2,1674.0,1699.5,1677.5,True
2005-12-20,18.2,10.3,28.3,15.5,1687.1,1678.7,1706.6,1689.0,1672.4,1653.5,1679.9,1673.5,True
2005-12-21,19.1,10.7,29.6,21.5,1687.5,1678.6,1708.0,1699.5,1672.0,1652.2,1679.9,1678.0,True
2005-12-22,19.3,10.9,30.0,19.0,1692.1,1683.1,1712.8,1702.0,1676.5,1656.4,1684.4,1683.0,True
2005-12-23,19.6,11.0,30.4,12.5,1708.7,1699.6,1729.7,1706.5,1692.9,1672.5,1700.9,1694.0,True
2005-12-27,20.4,11.5,31.7,29.5,1708.5,1699.1,1730.4,1710.0,1692.1,1670.8,1700.5,1680.5,True
2005-12-28,19.1,10.7,29.6,13.0,1691.5,1682.6,1711.9,1689.0,1676.1,1656.2,1683.9,1676.0,True
2005-12-29,20.0,11.3,31.1,20.5,1689.4,1680.1,1710.8,1686.0,1673.2,1652.4,1681.5,1665.5,True
2005-12-30,19.1,10.7,29.6,16.0,1676.0,1667.1,1696.4,1670.0,1660.5,1640.7,1668.4,1654.0,True
2006-01-03,18.9,10.8,29.3,55.0,1666.9,1658.1,1687.1,1701.0,1651.6,1632.0,1659.4,1646.0,False
2006-01-04,22.4,12.7,34.7,26.5,1702.4,1692.0,1726.4,1713.5,1684.2,1661.0,1693.5,1687.0,True
2006-01-05,23.5,13.3,36.5,17.5,1722.8,1711.9,1748.1,1725.5,1703.8,1679.4,1713.5,1708.0,True
2006-01-06,24.9,14.1,38.6,29.5,1733.4,1721.9,1760.1,1750.0,1713.3,1687.4,1723.6,1720.5,True
2006-01-09,25.2,14.3,39.1,16.5,1758.5,1746.8,1785.6,1758.5,1738.2,1712.0,1748.6,1742.0,True
2006-01-10,26.1,14.9,40.6,17.5,1765.4,1753.3,1793.4,1760.5,1744.3,1717.2,1755.1,1743.0,True
2006-01-11,22.6,12.9,35.1,18.5,1769.4,1759.0,1793.7,1774.0,1751.2,1727.7,1760.5,1755.5,True
2006-01-12,21.4,12.2,32.9,18.5,1780.0,1770.0,1802.9,1773.0,1762.7,1740.4,1771.5,1754.5,True
2006-01-13,21.4,12.2,32.9,16.5,1772.9,1763.0,1795.9,1766.0,1755.7,1733.4,1764.5,1749.5,True
2006-01-16,20.3,11.6,31.2,9.0,1768.5,1759.1,1790.3,1764.0,1752.1,1731.0,1760.5,1755.0,True
2006-01-17,20.0,11.3,30.9,24.0,1771.8,1762.6,1793.3,1764.0,1755.7,1734.9,1764.0,1740.0,True
2006-01-18,19.4,11.0,29.9,29.0,1759.6,1750.6,1780.4,1742.5,1743.9,1723.8,1751.9,1713.5,False
2006-01-19,20.2,11.4,31.1,31.0,1735.9,1726.6,1757.6,1752.5,1719.6,1698.6,1728.0,1721.5,True
2006-01-20,22.0,12.4,33.8,56.0,1747.7,1737.5,1771.3,1739.5,1729.9,1707.0,1739.0,1683.5,False
2006-01-23,24.2,13.5,37.0,16.0,1695.6,1684.4,1721.6,1696.0,1676.0,1650.6,1686.0,1680.0,True
2006-01-24,26.8,15.2,41.1,24.5,1699.2,1686.7,1728.0,1706.0,1677.5,1649.3,1688.6,1681.5,True
2006-01-25,26.3,15.0,40.4,25.5,1704.0,1691.8,1732.2,1705.0,1682.7,1655.0,1693.6,1679.5,True
2006-01-26,26.2,14.9,40.2,19.5,1699.4,1687.3,1727.6,1704.5,1678.3,1650.7,1689.1,1685.0,True
2006-01-27,26.2,14.9,40.1,33.5,1709.5,1697.3,1737.6,1733.0,1688.3,1660.7,1699.1,1699.5,False
2006-01-30,24.0,13.6,36.7,10.5,1732.5,1721.4,1758.3,1730.0,1713.1,1687.9,1723.1,1719.5,True
2006-01-31,25.4,14.4,38.8,34.5,1734.1,1722.3,1761.4,1728.0,1713.6,1686.9,1724.1,1693.5,True
2006-02-01,24.5,13.9,37.5,30.0,1729.7,1718.4,1756.0,1725.5,1709.9,1684.2,1720.1,1695.5,True
2006-02-02,25.6,14.5,39.1,35.0,1734.2,1722.3,1761.7,1723.5,1713.5,1686.6,1724.1,1688.5,True
2006-02-03,25.4,14.4,38.7,33.5,1699.6,1687.8,1726.9,1699.0,1679.1,1652.4,1689.6,1665.5,True
2006-02-06,25.3,14.4,38.6,17.5,1678.0,1666.3,1705.2,1675.0,1657.6,1631.0,1668.1,1657.5,True
2006-02-07,27.1,15.4,41.4,20.0,1680.8,1668.2,1709.9,1671.5,1658.9,1630.4,1670.1,1651.5,True
2006-02-08,25.3,14.4,38.7,19.5,1673.0,1661.3,1700.2,1680.0,1652.6,1626.0,1663.1,1660.5,True
2006-02-09,24.9,14.1,38.0,31.0,1685.9,1674.3,1712.6,1689.0,1665.7,1639.6,1676.1,1658.0,True
2006-02-10,24.0,13.6,36.7,33.5,1669.0,1657.9,1694.8,1676.0,1649.6,1624.4,1659.6,1642.5,True
2006-02-13,24.5,13.9,37.3,23.0,1676.7,1665.4,1703.0,1667.0,1656.9,1631.2,1667.1,1644.0,True
2006-02-14,25.6,14.5,39.0,25.0,1663.7,1651.8,1691.2,1673.5,1642.9,1616.1,1653.6,1648.5,True
2006-02-15,26.3,14.9,40.2,22.0,1677.0,1664.8,1705.2,1682.5,1655.7,1628.1,1666.6,1660.5,True
2006-02-16,27.4,15.5,41.8,20.5,1690.9,1678.2,1720.3,1698.0,1668.8,1640.1,1680.1,1677.5,True
2006-02-17,26.8,15.2,40.8,21.0,1706.7,1694.3,1735.4,1697.5,1685.0,1656.9,1696.1,1676.5,True
2006-02-20,25.0,14.2,38.2,5.0,1687.9,1676.3,1714.8,1680.5,1667.7,1641.5,1678.1,1675.5,True
2006-02-21,24.7,13.9,37.5,33.0,1687.8,1676.4,1714.3,1688.0,1667.8,1642.0,1678.1,1655.0,True
2006-02-22,21.7,12.2,33.1,32.5,1670.1,1660.0,1693.3,1689.5,1652.5,1629.8,1661.5,1657.0,True
2006-02-23,23.5,13.2,35.7,19.5,1689.3,1678.4,1714.5,1693.0,1670.3,1645.7,1680.0,1673.5,True
2006-02-24,24.0,13.5,36.5,14.0,1685.5,1674.4,1711.3,1684.5,1666.1,1641.0,1676.1,1670.5,True
2006-02-27,23.7,13.3,36.1,22.0,1693.4,1682.4,1718.8,1705.5,1674.2,1649.4,1684.0,1683.5,True
2006-02-28,24.8,14.0,37.7,31.0,1705.4,1693.9,1732.0,1699.5,1685.3,1659.4,1695.6,1668.5,True
2006-03-01,23.6,13.3,36.0,29.5,1684.4,1673.4,1709.7,1701.0,1665.3,1640.6,1675.0,1671.5,True
2006-03-02,24.3,13.7,37.0,17.5,1708.2,1696.9,1734.2,1703.5,1688.5,1663.1,1698.6,1686.0,True
2006-03-03,24.5,13.8,37.4,30.5,1709.7,1698.4,1736.0,1710.0,1689.9,1664.3,1700.1,1679.5,True
2006-03-06,24.9,14.0,37.9,27.5,1695.9,1684.3,1722.6,1694.5,1675.8,1649.7,1686.1,1667.0,True
2006-03-07,25.2,14.2,38.3,20.5,1685.0,1673.3,1712.0,1674.5,1664.6,1638.3,1675.1,1654.0,True
2006-03-08,24.3,13.7,37.0,24.0,1675.6,1664.4,1701.7,1671.5,1656.0,1630.6,1666.1,1647.5,True
2006-03-09,23.7,13.4,36.1,32.0,1676.4,1665.4,1701.8,1674.0,1657.2,1632.5,1667.0,1642.0,True
2006-03-10,24.5,13.8,37.2,25.0,1653.2,1641.9,1679.5,1659.0,1633.4,1607.8,1643.6,1634.0,True
2006-03-13,24.8,14.1,37.6,17.5,1658.8,1647.4,1685.4,1665.0,1638.8,1612.9,1649.1,1647.5,True
2006-03-14,24.3,13.8,36.9,37.5,1665.6,1654.4,1691.7,1686.5,1646.0,1620.6,1656.1,1649.0,True
2006-03-15,25.1,14.3,38.1,17.5,1696.5,1684.8,1723.4,1697.5,1676.2,1650.0,1686.6,1680.0,True
2006-03-16,25.9,14.7,39.4,24.0,1706.3,1694.3,1734.1,1703.5,1685.4,1658.4,1696.1,1679.5,True
2006-03-17,24.3,13.8,37.0,7.5,1691.6,1680.4,1717.7,1686.5,1672.0,1646.7,1682.1,1679.0,True
2006-03-20,24.1,13.6,36.6,11.5,1691.3,1680.1,1717.1,1713.5,1671.8,1646.7,1681.8,1702.0,False
2006-03-21,22.8,12.8,34.6,40.0,1715.0,1704.5,1739.4,1727.5,1696.6,1672.8,1706.0,1687.5,True
2006-03-22,21.4,12.0,32.6,25.0,1699.4,1689.5,1722.4,1696.5,1682.1,1659.8,1691.0,1671.5,True
2006-03-23,23.4,13.1,35.5,16.5,1700.8,1689.9,1725.8,1694.0,1681.8,1657.5,1691.5,1677.5,True
2006-03-24,22.8,12.8,34.7,20.5,1700.0,1689.5,1724.4,1706.0,1681.6,1657.8,1691.0,1685.5,True
2006-03-27,23.5,13.2,35.7,11.0,1707.3,1696.4,1732.5,1705.0,1688.3,1663.9,1698.0,1694.0,True
2006-03-28,24.2,13.6,36.8,28.5,1709.1,1697.9,1735.0,1712.0,1689.5,1664.4,1699.6,1683.5,True
2006-03-29,21.9,12.3,33.3,41.5,1700.1,1690.0,1723.6,1728.5,1682.4,1659.7,1691.5,1687.0,False
2006-03-30,23.8,13.3,36.4,22.0,1730.4,1719.4,1756.0,1737.5,1711.2,1686.4,1721.1,1715.5,True
2006-03-31,25.1,14.1,38.4,15.0,1735.5,1723.8,1762.4,1732.0,1715.2,1689.1,1725.6,1717.0,True
2006-04-03,24.7,13.9,37.8,19.25,1730.3,1718.9,1756.8,1739.25,1710.4,1684.7,1720.6,1720.0,True
2006-04-04,25.0,14.1,38.1,15.75,1734.2,1722.6,1761.0,1736.75,1714.0,1688.0,1724.3,1721.0,True
2006-04-05,23.8,13.4,36.3,21.0,1741.5,1730.4,1767.0,1751.0,1722.2,1697.5,1732.1,1730.0,True
2006-04-06,21.4,12.1,32.5,19.25,1756.2,1746.3,1779.2,1761.25,1738.9,1716.6,1747.7,1742.0,True
2006-04-07,21.3,12.0,32.3,30.75,1763.7,1753.8,1786.5,1765.75,1746.5,1724.3,1755.2,1735.0,True
2006-04-10,22.1,12.4,33.5,16.5,1749.0,1738.7,1772.7,1743.0,1731.2,1708.1,1740.3,1726.5,True
2006-04-11,22.2,12.5,33.6,30.0,1744.8,1734.5,1768.6,1739.5,1726.9,1703.8,1736.0,1709.5,True
2006-04-12,22.4,12.6,34.0,10.75,1730.1,1719.7,1754.2,1724.25,1712.0,1688.7,1721.3,1713.5,True
2006-04-13,22.8,12.8,34.4,21.75,1728.3,1717.7,1752.8,1734.75,1709.9,1686.1,1719.3,1713.0,True
2006-04-17,21.5,12.2,32.3,33.5,1734.5,1724.5,1757.6,1729.75,1717.1,1694.8,1726.0,1696.25,True
2006-04-18,21.5,12.1,32.5,38.25,1719.5,1709.5,1742.6,1744.25,1702.1,1679.8,1711.0,1706.0,False
2006-04-19,23.9,13.4,36.2,18.75,1749.8,1738.7,1775.4,1751.5,1730.5,1705.6,1740.3,1732.75,True
2006-04-20,24.5,13.8,37.2,17.75,1754.8,1743.4,1781.1,1753.75,1735.0,1709.5,1745.1,1736.0,True
2006-04-21,25.3,14.2,38.4,37.75,1751.8,1740.1,1779.0,1749.75,1731.4,1705.1,1741.8,1712.0,True
2006-04-24,24.8,14.0,37.7,15.0,1729.4,1717.9,1756.0,1722.75,1709.4,1683.5,1719.6,1707.75,True
2006-04-25,24.6,13.9,37.4,19.75,1731.8,1720.4,1758.2,1724.5,1711.9,1686.3,1722.1,1704.75,True
2006-04-26,22.5,12.7,34.2,15.0,1723.9,1713.5,1748.1,1721.25,1705.7,1682.3,1715.0,1706.25,True
2006-04-27,22.4,12.6,33.8,41.25,1720.1,1709.7,1744.2,1739.0,1702.0,1678.7,1711.3,1697.75,True
2006-04-28,24.0,13.5,36.4,18.25,1737.5,1726.4,1763.3,1727.25,1718.2,1693.2,1728.1,1709.0,True
2006-05-01,23.1,13.0,35.1,30.5,1720.6,1709.9,1745.5,1719.75,1702.0,1678.0,1711.5,1689.25,True
2006-05-02,23.1,13.0,35.0,13.5,1702.6,1691.9,1727.5,1706.75,1684.0,1660.0,1693.5,1693.25,True
2006-05-03,23.7,13.3,36.0,14.75,1707.6,1696.7,1733.1,1702.5,1688.5,1663.9,1698.3,1687.75,True
2006-05-04,23.4,13.2,35.6,24.25,1703.3,1692.4,1728.4,1716.75,1684.4,1660.0,1694.0,1692.5,True
2006-05-05,21.6,12.2,32.8,16.25,1718.8,1708.8,1742.0,1725.5,1701.3,1678.9,1710.2,1709.25,True
2006-05-08,22.2,12.5,33.7,8.75,1729.5,1719.2,1753.4,1728.0,1711.6,1688.5,1720.8,1719.25,True
2006-05-09,20.5,11.6,31.2,8.5,1729.8,1720.3,1751.8,1724.25,1713.3,1691.9,1721.7,1715.75,True
2006-05-10,19.6,11.0,29.7,24.5,1729.9,1720.9,1751.0,1722.5,1714.1,1693.7,1722.2,1698.0,True
2006-05-11,18.9,10.6,28.6,46.25,1708.6,1699.9,1728.9,1706.25,1693.4,1673.7,1701.2,1660.0,False
2006-05-12,20.6,11.5,31.1,26.0,1673.3,1663.8,1695.5,1667.0,1656.7,1635.2,1665.2,1641.0,True
2006-05-15,21.8,12.2,33.0,28.75,1650.6,1640.5,1674.0,1647.75,1633.0,1610.2,1642.0,1619.0,True
2006-05-16,23.8,13.3,35.9,20.0,1645.7,1634.7,1671.3,1644.0,1626.5,1601.6,1636.3,1624.0,True
2006-05-17,25.1,14.1,37.8,34.25,1638.7,1627.1,1665.7,1635.0,1618.5,1592.2,1628.8,1600.75,True
2006-05-18,24.8,13.9,37.4,26.5,1615.1,1603.6,1641.8,1618.5,1595.1,1569.2,1605.3,1592.0,True
2006-05-19,23.5,13.2,35.4,29.5,1604.5,1593.7,1629.8,1610.75,1585.5,1561.0,1595.3,1581.25,True
2006-05-22,24.2,13.6,36.5,34.5,1615.3,1604.1,1641.4,1610.5,1595.8,1570.5,1605.8,1576.0,True
2006-05-23,24.7,13.9,37.1,44.75,1596.5,1585.1,1623.1,1607.0,1576.6,1550.8,1586.8,1562.25,True
2006-05-24,26.1,14.6,39.4,34.5,1576.1,1564.1,1604.2,1591.75,1555.0,1527.8,1565.8,1557.25,True
2006-05-25,27.7,15.5,41.8,27.5,1596.0,1583.2,1625.8,1607.0,1573.6,1544.8,1585.1,1579.5,True
2006-05-26,28.9,16.2,43.5,13.75,1617.3,1603.9,1648.4,1612.25,1593.9,1563.8,1605.9,1598.5,True
2006-05-29,28.9,16.2,43.5,5.25,1621.8,1608.4,1652.9,1611.25,1598.4,1568.3,1610.4,1606.0,True
2006-05-30,26.5,14.9,39.8,37.5,1617.3,1605.0,1645.8,1607.25,1595.9,1568.3,1606.9,1569.75,True
2006-05-31,23.4,13.1,35.1,26.25,1579.8,1568.9,1604.9,1591.5,1560.8,1536.5,1570.5,1565.25,True
2006-06-01,23.3,13.0,34.9,44.75,1592.7,1581.9,1617.8,1619.75,1573.9,1549.6,1583.5,1575.0,False
2006-06-02,25.5,14.3,38.5,35.75,1629.6,1617.8,1657.1,1636.75,1609.0,1582.5,1619.6,1601.0,True
2006-06-05,28.2,15.9,42.4,34.25,1626.2,1613.2,1656.6,1613.5,1603.5,1574.1,1615.1,1579.25,True
2006-06-06,30.1,17.0,45.3,28.25,1595.3,1581.4,1627.7,1589.75,1571.0,1539.7,1583.4,1561.5,True
2006-06-07,30.0,17.0,45.2,35.75,1590.0,1576.1,1622.3,1594.5,1565.7,1534.6,1578.2,1558.75,True
2006-06-08,30.9,17.5,46.5,43.25,1575.4,1561.1,1608.6,1569.0,1550.4,1518.3,1563.2,1525.75,True
2006-06-09,31.5,17.8,47.4,28.75,1569.6,1555.1,1603.5,1576.5,1544.1,1511.4,1557.2,1547.75,True
2006-06-12,31.8,18.0,47.8,39.5,1562.8,1548.0,1597.0,1560.0,1537.0,1504.0,1550.2,1520.5,True
2006-06-13,31.2,17.6,46.9,25.25,1536.5,1522.1,1570.1,1537.25,1511.2,1478.9,1524.2,1512.0,True
2006-06-14,31.6,17.8,47.5,21.75,1528.4,1513.8,1562.4,1532.25,1502.8,1470.1,1516.0,1510.5,True
2006-06-15,30.9,17.5,46.5,48.5,1540.9,1526.6,1574.1,1577.75,1515.9,1483.8,1528.7,1529.25,False
2006-06-16,31.9,18.1,48.1,13.75,1589.3,1574.5,1623.7,1580.25,1563.5,1530.4,1576.7,1566.5,True
2006-06-19,32.1,18.0,48.5,26.25,1581.3,1566.4,1615.9,1587.0,1555.3,1522.0,1568.6,1560.75,True
2006-06-20,29.8,16.9,45.0,22.5,1577.4,1563.6,1609.5,1583.75,1553.4,1522.4,1565.7,1561.25,True
2006-06-21,29.6,16.8,44.4,38.0,1582.3,1568.7,1614.2,1604.5,1558.5,1527.7,1570.7,1566.5,True
2006-06-22,30.7,17.4,46.0,35.5,1604.3,1590.1,1637.4,1598.0,1579.5,1547.6,1592.2,1562.5,True
2006-06-23,29.0,16.4,43.4,24.25,1585.6,1572.2,1616.8,1584.75,1562.2,1532.0,1574.2,1560.5,True
2006-06-26,30.1,17.0,45.0,13.5,1581.0,1567.1,1613.5,1579.0,1556.8,1525.5,1569.2,1565.5,True
2006-06-27,29.5,16.5,44.2,34.5,1583.3,1569.7,1615.1,1576.25,1559.5,1528.8,1571.7,1541.75,True
2006-06-28,29.2,16.3,43.7,21.5,1557.4,1543.9,1588.9,1558.25,1533.9,1503.5,1545.9,1536.75,True
2006-06-29,29.2,16.3,43.7,49.5,1570.2,1556.7,1601.6,1606.0,1546.6,1516.2,1558.7,1556.5,False
2006-06-30,30.5,17.0,45.9,21.0,1617.7,1603.6,1651.3,1611.25,1593.1,1561.4,1605.7,1590.25,True
2006-07-03,31.1,17.4,46.7,11.0,1604.5,1590.1,1638.7,1603.5,1579.4,1547.0,1592.2,1592.5,False
2006-07-04,31.2,17.4,46.8,5.0,1614.5,1600.1,1648.8,1602.5,1589.3,1556.9,1602.2,1597.5,True
2006-07-05,28.1,15.7,42.1,38.25,1613.5,1600.5,1644.4,1602.5,1590.8,1561.6,1602.4,1564.25,True
2006-07-06,26.6,14.9,39.7,19.5,1579.3,1567.1,1608.6,1580.25,1557.9,1530.2,1568.9,1560.75,True
2006-07-07,24.2,13.5,36.2,38.5,1575.1,1563.9,1601.7,1581.0,1555.6,1530.4,1565.6,1542.5,True
2006-07-10,25.0,14.0,37.5,31.5,1560.7,1549.1,1588.1,1557.75,1540.5,1514.5,1550.8,1526.25,True
2006-07-11,26.6,14.8,39.8,27.0,1548.8,1536.6,1578.0,1549.0,1527.4,1499.7,1538.4,1522.0,True
2006-07-12,28.6,16.0,42.9,36.0,1556.9,1543.7,1588.3,1547.5,1533.8,1504.1,1545.7,1511.5,True
2006-07-13,27.5,15.4,41.3,32.25,1528.2,1515.5,1558.4,1519.5,1506.0,1477.4,1517.4,1487.25,True
2006-07-14,28.3,15.8,42.5,25.25,1501.5,1488.5,1532.6,1493.5,1478.7,1449.3,1490.4,1468.25,True
2006-07-17,27.7,15.4,41.4,22.0,1486.5,1473.8,1516.9,1486.75,1464.1,1435.4,1475.7,1464.75,True
2006-07-18,26.6,14.8,39.8,31.5,1491.3,1479.1,1520.4,1489.25,1469.8,1442.2,1480.9,1457.75,True
2006-07-19,27.2,15.2,40.7,33.75,1498.1,1485.6,1527.8,1510.25,1476.1,1447.9,1487.4,1476.5,True
2006-07-20,27.4,15.3,41.0,37.0,1502.2,1489.5,1532.1,1507.75,1480.0,1451.6,1491.4,1470.75,True
2006-07-21,27.9,15.6,41.7,26.25,1488.9,1476.0,1519.4,1486.0,1466.3,1437.4,1477.9,1459.75,True
2006-07-24,27.8,15.5,41.5,37.0,1472.8,1460.0,1503.2,1496.25,1450.3,1421.5,1461.9,1459.25,True
2006-07-25,29.3,16.4,43.6,20.75,1506.7,1493.2,1538.7,1505.0,1483.0,1452.6,1495.2,1484.25,True
2006-07-26,29.2,16.4,43.4,26.5,1504.4,1491.0,1536.3,1509.5,1480.8,1450.5,1492.9,1483.0,True
2006-07-27,28.7,16.1,42.8,32.25,1507.7,1494.5,1539.0,1516.25,1484.5,1454.7,1496.4,1484.0,True
2006-07-28,28.1,15.8,41.8,30.75,1506.2,1493.3,1536.8,1522.0,1483.5,1454.3,1495.2,1491.25,True
2006-07-31,29.3,16.4,43.6,17.25,1533.5,1520.0,1565.4,1527.0,1509.8,1479.4,1521.9,1509.75,True
2006-08-01,27.4,15.4,40.8,33.75,1530.2,1517.6,1560.0,1517.25,1508.0,1479.6,1519.4,1483.5,False
2006-08-02,27.5,15.4,40.9,26.5,1505.2,1492.5,1535.1,1519.25,1483.0,1454.4,1494.4,1492.75,True
2006-08-03,28.5,16.0,42.5,35.0,1521.6,1508.4,1552.6,1527.5,1498.6,1469.0,1510.4,1492.5,True
2006-08-04,29.5,16.5,43.9,42.25,1533.5,1519.9,1565.6,1539.25,1509.7,1479.1,1521.9,1497.0,True
2006-08-07,30.2,16.9,44.9,21.5,1528.1,1514.1,1560.9,1515.25,1503.6,1472.3,1516.2,1493.75,True
2006-08-08,31.3,17.6,46.5,27.25,1515.5,1501.1,1549.5,1509.0,1490.2,1457.7,1503.2,1481.75,True
2006-08-09,30.0,16.8,44.5,36.5,1505.0,1491.1,1537.5,1525.25,1480.7,1449.6,1493.2,1488.75,True
2006-08-10,30.6,17.1,45.4,23.75,1507.8,1493.6,1540.9,1507.25,1483.0,1451.2,1495.7,1483.5,True
2006-08-11,30.3,17.2,45.0,16.0,1510.1,1496.1,1543.0,1501.5,1485.6,1454.2,1498.2,1485.5,True
2006-08-14,28.1,15.8,41.8,25.0,1507.7,1494.7,1538.1,1522.75,1485.0,1455.8,1496.7,1497.75,False
2006-08-15,27.8,15.6,41.2,41.75,1511.8,1499.0,1541.9,1542.25,1489.3,1460.5,1500.9,1500.5,False
2006-08-16,29.5,16.6,44.1,38.25,1552.8,1539.2,1585.1,1577.0,1528.9,1498.3,1541.2,1538.75,True
2006-08-17,30.9,17.3,46.1,22.5,1589.1,1574.8,1623.0,1591.5,1564.1,1532.1,1577.0,1569.0,True
2006-08-18,31.1,17.5,46.5,23.25,1590.7,1576.3,1624.8,1585.75,1565.6,1533.3,1578.5,1562.5,True
2006-08-21,31.4,17.6,46.9,22.25,1598.1,1583.6,1632.5,1583.75,1572.7,1540.1,1585.7,1561.5,True
2006-08-22,30.3,17.2,45.3,23.0,1581.1,1567.1,1614.3,1583.75,1556.6,1525.2,1569.2,1560.75,True
2006-08-23,28.4,16.1,42.4,29.25,1578.3,1565.2,1609.4,1577.25,1555.4,1525.9,1567.2,1548.0,True
2006-08-24,26.8,15.2,40.0,17.75,1569.4,1557.0,1598.7,1564.5,1547.7,1519.9,1558.9,1546.75,True
2006-08-25,26.8,15.2,40.1,24.25,1568.4,1556.0,1597.7,1576.0,1546.7,1518.9,1557.9,1551.75,True
2006-08-28,26.5,15.1,39.7,23.5,1571.8,1559.5,1600.8,1579.5,1550.4,1522.9,1561.4,1556.0,True
2006-08-29,26.6,15.1,39.8,24.25,1581.6,1569.3,1610.7,1580.25,1560.1,1532.5,1571.1,1556.0,True
2006-08-30,26.6,15.1,39.7,14.75,1587.1,1574.8,1616.1,1587.5,1565.6,1538.0,1576.6,1572.75,True
2006-08-31,25.8,14.7,38.6,11.5,1595.2,1583.3,1623.4,1590.5,1574.4,1547.6,1585.1,1579.0,True
2006-09-01,24.8,13.9,37.1,14.5,1593.3,1581.9,1620.4,1597.25,1573.3,1547.6,1583.6,1582.75,True
2006-09-04,23.2,13.2,34.7,6.5,1600.2,1589.5,1625.5,1596.5,1581.4,1557.4,1591.0,1590.0,True
2006-09-05,21.2,11.9,31.8,26.0,1604.1,1594.3,1627.2,1608.25,1587.0,1565.0,1595.7,1582.25,True
2006-09-06,19.9,11.2,29.8,32.75,1613.0,1603.9,1634.8,1604.5,1597.0,1576.3,1605.2,1571.75,False
2006-09-07,21.4,12.1,32.2,22.25,1584.7,1574.8,1608.0,1583.75,1567.4,1545.1,1576.3,1561.5,True
2006-09-08,22.5,12.7,33.9,14.75,1577.6,1567.2,1602.2,1580.25,1559.4,1536.1,1568.8,1565.5,True
2006-09-11,22.3,12.6,33.6,34.25,1580.3,1570.0,1604.6,1593.25,1562.3,1539.1,1571.5,1559.0,True
2006-09-12,24.3,13.7,36.6,42.5,1593.6,1582.4,1620.1,1619.0,1574.0,1548.7,1584.1,1576.5,True
2006-09-13,26.6,15.0,40.1,14.0,1625.8,1613.6,1654.8,1626.5,1604.3,1576.7,1615.4,1612.5,True
2006-09-14,26.1,14.6,39.4,12.25,1634.7,1622.6,1663.1,1630.0,1613.6,1586.4,1624.4,1617.75,True
2006-09-15,24.4,13.6,36.8,20.75,1635.9,1624.7,1662.5,1645.75,1616.2,1590.9,1626.3,1625.0,True
2006-09-18,23.9,13.3,36.1,19.0,1651.1,1640.0,1677.1,1663.25,1631.8,1606.9,1641.6,1644.25,False
2006-09-19,22.7,12.7,34.3,31.0,1662.0,1651.5,1686.7,1658.0,1643.7,1620.0,1653.0,1627.0,True
2006-09-20,21.2,11.8,32.0,23.5,1651.4,1641.6,1674.4,1667.75,1634.2,1612.2,1643.0,1644.25,False
2006-09-21,22.6,12.6,34.0,24.5,1673.2,1662.8,1697.7,1673.0,1655.0,1631.4,1664.4,1648.5,True
2006-09-22,23.4,13.0,35.2,24.75,1664.5,1653.7,1689.9,1657.25,1645.6,1621.3,1655.4,1632.5,True
2006-09-25,23.3,13.0,35.0,40.5,1650.7,1640.0,1676.0,1672.0,1631.9,1607.7,1641.6,1631.5,True
2006-09-26,25.4,14.3,38.2,16.5,1675.9,1664.1,1703.4,1677.5,1655.3,1628.9,1665.9,1661.0,True
2006-09-27,25.1,14.1,37.7,19.0,1684.0,1672.4,1711.2,1683.25,1663.7,1637.6,1674.2,1664.25,True
2006-09-28,24.4,13.7,36.7,19.25,1687.4,1676.2,1713.9,1680.5,1667.7,1642.4,1677.9,1661.25,True
2006-09-29,23.7,13.4,35.7,12.75,1683.4,1672.5,1709.1,1682.0,1664.3,1639.6,1674.1,1669.25,True
2006-10-02,23.0,12.8,34.6,28.5,1680.8,1670.2,1705.8,1674.75,1662.3,1638.4,1671.9,1646.25,True
2006-10-03,21.3,11.9,32.1,25.0,1656.4,1646.6,1679.5,1663.0,1639.2,1617.0,1648.1,1638.0,True
2006-10-04,22.5,12.6,33.9,48.25,1663.1,1652.8,1687.5,1696.25,1645.0,1621.6,1654.3,1648.0,False
2006-10-05,26.1,14.5,39.2,15.5,1703.4,1691.4,1732.1,1706.25,1682.3,1655.2,1693.2,1690.75,True
2006-10-06,26.7,14.9,40.2,14.5,1712.9,1700.6,1742.2,1706.25,1691.3,1663.6,1702.4,1691.75,True
2006-10-09,26.2,14.6,39.4,20.5,1710.9,1698.9,1739.7,1713.5,1689.8,1662.5,1700.7,1693.0,True
2006-10-10,25.1,14.0,37.9,18.25,1714.2,1702.7,1741.8,1713.5,1694.0,1667.9,1704.4,1695.25,True
2006-10-11,24.7,13.8,37.2,31.25,1714.1,1702.7,1741.2,1716.25,1694.2,1668.4,1704.4,1685.0,True
2006-10-12,22.6,12.6,34.0,30.0,1715.9,1705.5,1740.7,1734.0,1697.7,1674.2,1707.1,1704.0,True
2006-10-13,23.7,13.2,35.7,15.75,1742.7,1731.7,1768.7,1744.0,1723.6,1698.9,1733.4,1728.25,True
2006-10-16,24.5,13.7,36.8,12.25,1749.5,1738.2,1776.4,1748.0,1729.8,1704.2,1739.9,1735.75,True
2006-10-17,24.0,13.4,36.1,28.5,1751.3,1740.2,1777.6,1741.0,1732.0,1706.9,1741.9,1712.5,True
2006-10-18,24.0,13.3,36.0,27.0,1730.3,1719.2,1756.6,1734.25,1711.0,1685.9,1720.9,1707.25,True
2006-10-19,23.8,13.2,35.7,21.75,1724.9,1714.0,1751.0,1726.25,1705.8,1681.0,1715.6,1704.5,True
2006-10-20,23.1,12.8,34.7,20.0,1732.4,1721.8,1757.7,1726.25,1713.8,1689.7,1723.3,1706.25,True
2006-10-23,23.3,13.0,35.1,34.5,1728.5,1717.8,1754.0,1747.75,1709.7,1685.4,1719.3,1713.25,True
2006-10-24,25.1,14.0,37.7,22.0,1745.0,1733.4,1772.5,1739.0,1724.7,1698.6,1735.1,1717.0,True
2006-10-25,24.8,14.0,37.2,19.75,1736.6,1725.2,1763.8,1741.25,1716.6,1690.8,1726.9,1721.5,True
2006-10-26,23.9,13.5,35.8,28.5,1750.5,1739.5,1776.6,1757.0,1731.2,1706.3,1741.1,1728.5,True
2006-10-27,24.6,13.8,36.8,34.75,1763.3,1752.0,1790.2,1757.0,1743.4,1717.8,1753.6,1722.25,True
2006-10-30,25.6,14.4,38.3,24.25,1742.2,1730.4,1770.2,1745.75,1721.5,1694.9,1732.1,1721.5,True
2006-10-31,25.4,14.3,38.0,18.5,1747.4,1735.7,1775.1,1749.75,1726.8,1700.4,1737.4,1731.25,True
2006-11-01,25.6,14.4,38.3,40.5,1753.5,1741.7,1781.4,1750.5,1732.8,1706.1,1743.4,1710.0,True
2006-11-02,26.3,14.8,39.5,16.25,1730.3,1718.1,1759.0,1723.5,1709.0,1681.6,1719.9,1707.25,True
2006-11-03,26.0,14.6,39.0,23.75,1727.4,1715.4,1755.8,1725.0,1706.4,1679.3,1717.1,1701.25,True
2006-11-06,24.0,13.5,36.0,33.0,1723.8,1712.7,1750.0,1745.75,1704.4,1679.4,1714.3,1712.75,True
2006-11-07,25.3,14.2,37.9,26.5,1747.8,1736.2,1775.4,1762.0,1727.4,1701.1,1737.9,1735.5,True
2006-11-08,26.6,15.0,39.9,29.75,1762.9,1750.6,1791.9,1765.25,1741.4,1713.7,1752.4,1735.5,True
2006-11-09,26.2,14.7,39.2,27.25,1772.7,1760.7,1801.3,1770.75,1751.5,1724.3,1762.4,1743.5,True
2006-11-10,27.1,15.3,40.6,16.25,1761.8,1749.4,1791.4,1759.5,1739.9,1711.8,1751.2,1743.25,True
2006-11-13,26.7,15.1,39.9,22.25,1769.4,1757.1,1798.5,1778.25,1747.8,1720.1,1758.9,1756.0,True
2006-11-14,25.4,14.4,38.1,34.0,1784.1,1772.4,1811.8,1800.0,1763.6,1737.2,1774.1,1766.0,True
2006-11-15,26.5,14.9,39.6,19.5,1807.3,1795.1,1836.2,1812.5,1785.9,1758.4,1796.9,1793.0,True
2006-11-16,26.3,14.9,39.4,16.25,1812.3,1800.2,1840.9,1813.0,1791.0,1763.7,1801.9,1796.75,True
2006-11-17,25.3,14.3,37.8,14.75,1820.8,1809.2,1848.4,1808.75,1800.4,1774.1,1810.9,1794.0,False
2006-11-20,24.7,14.0,37.0,19.75,1817.1,1805.6,1844.0,1814.75,1797.1,1771.5,1807.3,1795.0,True
2006-11-21,24.1,13.7,36.2,10.75,1821.3,1810.2,1847.6,1815.75,1801.9,1776.8,1811.8,1805.0,True
2006-11-22,22.1,12.3,33.0,21.0,1824.7,1814.5,1848.8,1826.0,1806.9,1783.9,1816.0,1805.0,True
2006-11-23,21.4,11.9,32.0,4.0,1833.2,1823.3,1856.5,1825.0,1815.9,1793.7,1824.8,1821.0,True
2006-11-24,20.7,11.6,31.0,11.5,1832.2,1822.6,1854.7,1825.0,1815.4,1794.0,1824.0,1813.5,True
2006-11-27,19.1,10.7,28.7,44.5,1828.2,1819.4,1849.0,1822.25,1812.8,1793.0,1820.7,1777.75,False
2006-11-28,20.7,11.5,31.0,20.25,1787.7,1778.1,1810.1,1786.75,1770.9,1749.4,1779.5,1766.5,True
2006-11-29,21.9,12.2,32.7,21.5,1791.4,1781.3,1815.2,1800.0,1773.7,1750.9,1782.8,1778.5,True
2006-11-30,22.0,12.2,32.8,20.75,1804.9,1794.8,1828.8,1804.25,1787.2,1764.3,1796.3,1783.5,True
2006-12-01,23.4,13.0,35.0,36.0,1804.5,1793.7,1829.9,1798.5,1785.6,1761.3,1795.3,1762.5,True
2006-12-04,24.4,13.6,36.7,33.5,1792.2,1780.9,1818.7,1811.75,1772.5,1747.1,1782.6,1778.25,True
2006-12-05,24.6,13.7,36.9,15.0,1813.8,1802.4,1840.5,1814.25,1793.9,1768.3,1804.1,1799.25,True
2006-12-06,24.6,13.7,37.0,15.25,1818.3,1806.9,1845.0,1808.75,1798.4,1772.8,1808.6,1793.5,True
2006-12-07,23.4,13.0,35.2,33.75,1811.0,1800.2,1836.4,1810.0,1792.1,1767.8,1801.8,1776.25,True
2006-12-08,23.6,13.1,35.4,32.25,1786.3,1775.5,1812.0,1800.75,1767.3,1742.8,1777.1,1768.5,True
2006-12-11,23.6,13.1,35.4,25.0,1795.9,1785.0,1821.4,1805.0,1776.8,1752.3,1786.6,1780.0,True
2006-12-12,23.2,12.9,34.8,24.25,1804.9,1794.2,1830.1,1795.75,1786.2,1762.1,1795.8,1771.5,True
2006-12-13,24.0,13.6,36.0,20.5,1791.3,1780.2,1817.3,1794.25,1771.9,1746.9,1781.8,1773.75,True
2006-12-14,24.6,13.9,36.7,29.0,1795.5,1784.2,1822.2,1812.0,1775.7,1750.1,1785.8,1783.0,True
2006-12-15,24.1,13.6,36.0,20.75,1813.6,1802.5,1839.7,1825.75,1794.1,1769.0,1804.1,1805.0,False
2006-12-18,23.5,13.3,35.1,39.25,1820.5,1809.6,1845.9,1843.5,1801.5,1777.1,1811.3,1804.25,True
2006-12-19,24.7,14.0,36.9,28.0,1821.3,1809.9,1848.1,1814.5,1801.4,1775.7,1811.6,1786.5,True
2006-12-20,25.5,14.4,38.1,19.75,1813.9,1802.2,1841.5,1816.0,1793.3,1766.8,1803.9,1796.25,True
2006-12-21,25.7,14.5,38.3,25.75,1808.5,1796.6,1836.3,1804.0,1787.8,1761.0,1798.4,1778.25,True
2006-12-22,25.4,14.4,38.0,27.0,1795.9,1784.2,1823.3,1790.25,1775.4,1748.9,1785.9,1763.25,True
2006-12-26,25.8,14.6,38.5,11.5,1774.8,1762.9,1802.7,1775.25,1753.9,1727.1,1764.7,1763.75,True
2006-12-27,24.7,13.7,36.8,15.25,1783.8,1772.4,1810.5,1788.0,1763.9,1738.2,1774.1,1772.75,True
2006-12-28,23.4,13.1,35.0,13.5,1789.0,1778.2,1814.3,1783.5,1770.2,1745.8,1779.8,1770.0,True
2006-12-29,22.1,12.3,33.1,20.5,1783.7,1773.6,1807.6,1793.25,1765.9,1742.9,1775.1,1772.75,True
2007-01-03,21.3,11.9,31.9,64.0,1783.9,1774.1,1806.9,1811.0,1766.7,1744.5,1775.5,1747.0,False
2007-01-04,25.0,13.9,37.5,46.0,1789.5,1777.9,1816.8,1816.5,1769.3,1743.2,1779.6,1770.5,True
2007-01-05,29.1,16.2,43.6,30.25,1824.4,1811.0,1856.3,1816.0,1800.9,1770.6,1813.0,1785.75,True
2007-01-08,30.1,16.8,45.0,20.0,1809.8,1796.0,1842.8,1812.25,1785.5,1754.2,1798.0,1792.25,True
2007-01-09,30.5,17.0,45.5,26.75,1816.3,1802.2,1849.6,1818.75,1791.6,1759.9,1804.2,1792.0,True
2007-01-10,31.1,17.3,46.5,37.5,1823.5,1809.2,1857.5,1835.5,1798.4,1766.0,1811.3,1798.0,True
2007-01-11,30.0,16.8,44.9,26.25,1847.1,1833.2,1879.8,1856.5,1822.8,1791.6,1835.2,1830.25,True
2007-01-12,28.8,16.0,43.0,17.5,1861.8,1848.5,1893.3,1863.0,1838.6,1808.6,1850.4,1845.5,True
2007-01-16,27.8,15.5,41.5,16.25,1873.9,1861.1,1904.2,1867.75,1851.5,1822.5,1862.9,1851.5,True
2007-01-17,27.0,15.1,40.5,19.25,1867.1,1854.6,1896.5,1857.75,1845.3,1817.1,1856.4,1838.5,True
2007-01-18,25.8,14.5,38.7,44.75,1852.0,1840.2,1880.2,1846.75,1831.3,1804.4,1841.9,1802.0,False
2007-01-19,26.0,14.6,38.9,14.75,1816.9,1804.9,1845.3,1815.5,1795.9,1768.8,1806.6,1800.75,True
2007-01-22,25.4,14.3,38.1,31.0,1817.1,1805.4,1844.9,1814.25,1796.7,1770.2,1807.1,1783.25,True
2007-01-23,26.1,14.7,39.1,20.0,1803.2,1791.2,1831.7,1803.25,1782.1,1754.9,1792.9,1783.25,True
2007-01-24,26.2,14.8,39.2,31.0,1798.0,1785.9,1826.5,1815.75,1776.8,1749.5,1787.6,1784.75,True
2007-01-25,27.4,15.4,40.9,38.75,1826.7,1814.1,1856.6,1823.5,1804.6,1776.1,1815.9,1784.75,True
2007-01-26,27.0,15.2,40.3,22.75,1802.5,1790.1,1832.0,1795.75,1780.8,1752.6,1791.9,1773.0,True
2007-01-29,27.7,15.6,41.5,23.0,1790.8,1778.1,1821.0,1798.25,1768.5,1739.6,1779.9,1775.25,True
2007-01-30,27.1,15.3,40.6,12.5,1798.1,1785.6,1827.6,1794.5,1776.2,1748.0,1787.4,1782.0,True
2007-01-31,27.0,15.1,40.3,35.25,1800.5,1788.1,1830.0,1808.75,1778.8,1750.6,1789.9,1773.5,True
2007-02-01,27.3,15.4,40.7,22.75,1813.9,1801.4,1843.7,1817.0,1791.9,1763.5,1803.2,1794.25,True
2007-02-02,26.6,15.0,39.7,13.25,1814.4,1802.1,1843.4,1810.5,1793.0,1765.2,1803.9,1797.25,True
2007-02-05,26.0,14.5,38.8,16.25,1818.1,1806.2,1846.5,1814.5,1797.2,1770.1,1807.9,1798.25,True
2007-02-06,23.8,13.3,35.6,25.5,1815.5,1804.5,1841.4,1810.25,1796.3,1771.5,1806.1,1784.75,True
2007-02-07,24.1,13.4,35.9,23.25,1813.6,1802.5,1839.8,1825.75,1794.2,1769.0,1804.1,1802.5,True
2007-02-08,23.1,12.9,34.5,14.5,1832.7,1822.0,1857.8,1823.25,1814.1,1790.0,1823.6,1808.75,True
2007-02-09,22.5,12.6,33.6,40.75,1831.2,1820.8,1855.7,1828.0,1813.0,1789.6,1822.3,1787.25,False
2007-02-12,24.1,13.4,36.2,13.5,1802.6,1791.5,1828.8,1794.75,1783.2,1757.8,1793.1,1781.25,True
2007-02-13,24.0,13.4,36.0,13.5,1795.5,1784.5,1821.7,1798.25,1776.2,1751.0,1786.1,1784.75,True
2007-02-14,22.7,12.7,34.0,32.75,1805.5,1795.1,1830.2,1826.25,1787.2,1763.4,1796.5,1793.5,True
2007-02-15,23.7,13.2,35.4,13.75,1832.7,1821.8,1858.4,1832.0,1813.6,1788.7,1823.3,1818.25,True
2007-02-16,24.3,13.6,36.4,11.0,1841.2,1830.0,1867.6,1830.75,1821.6,1796.1,1831.6,1819.75,True
2007-02-20,21.5,12.0,32.2,28.5,1836.2,1826.4,1859.6,1842.25,1818.9,1796.3,1827.8,1813.75,True
2007-02-21,21.9,12.2,32.8,16.25,1847.9,1837.9,1871.7,1845.0,1830.3,1807.3,1839.3,1828.75,True
2007-02-22,22.6,12.6,33.9,20.0,1854.0,1843.6,1878.5,1857.5,1835.7,1812.0,1845.0,1837.5,True
2007-02-23,21.1,11.8,31.6,19.5,1863.1,1853.4,1886.0,1856.75,1846.1,1823.9,1854.8,1837.25,True
2007-02-26,21.5,12.0,32.1,31.5,1854.0,1844.1,1877.4,1855.5,1836.7,1814.1,1845.5,1824.0,True
2007-02-27,22.7,12.7,34.0,94.0,1847.2,1836.8,1871.9,1838.25,1828.9,1805.2,1838.3,1744.25,False
2007-02-28,26.8,14.9,40.1,39.75,1761.7,1749.4,1790.8,1783.0,1740.1,1711.8,1751.1,1743.25,True
2007-03-01,29.8,16.6,44.5,56.0,1778.0,1764.3,1810.3,1776.0,1753.9,1722.5,1766.2,1720.0,False
2007-03-02,32.9,18.2,49.1,38.75,1771.5,1756.4,1807.2,1763.0,1745.0,1710.2,1758.5,1724.25,True
2007-03-05,34.7,19.2,51.8,37.5,1740.8,1724.8,1778.4,1742.25,1712.7,1676.1,1727.1,1704.75,True
2007-03-06,35.1,19.4,52.4,39.0,1728.4,1712.3,1766.5,1750.0,1700.1,1663.0,1714.6,1711.0,True
2007-03-07,33.4,18.7,49.8,13.75,1759.0,1743.6,1795.2,1749.25,1732.0,1696.7,1745.8,1735.5,True
2007-03-08,32.4,17.9,48.4,26.5,1751.1,1736.2,1786.2,1759.75,1724.9,1690.7,1738.3,1733.25,True
2007-03-09,30.3,16.8,45.3,32.0,1767.2,1753.3,1800.0,1767.25,1742.7,1710.7,1755.2,1735.25,True
2007-03-12,29.8,16.5,44.5,21.0,1760.2,1746.5,1792.5,1760.5,1736.2,1704.7,1748.5,1739.5,True
2007-03-13,28.8,16.0,43.1,41.25,1769.8,1756.6,1801.0,1760.0,1746.6,1716.1,1758.4,1718.75,True
2007-03-14,28.6,15.8,42.7,37.5,1736.2,1723.1,1767.2,1748.75,1713.1,1682.9,1724.9,1711.25,True
2007-03-15,31.0,17.2,46.3,18.0,1761.2,1747.0,1794.8,1755.25,1736.2,1703.5,1749.0,1737.25,True
2007-03-16,31.0,17.2,46.3,13.75,1757.5,1743.3,1791.1,1750.0,1732.4,1699.7,1745.2,1736.25,True
2007-03-19,29.7,16.4,44.4,28.0,1759.7,1746.0,1791.8,1785.5,1735.7,1704.3,1747.9,1757.5,False
2007-03-20,30.2,16.7,45.0,16.0,1793.9,1780.0,1826.6,1793.75,1769.5,1737.6,1782.0,1777.75,True
2007-03-21,28.5,15.7,42.6,45.25,1804.2,1791.1,1835.0,1827.5,1781.2,1751.1,1793.0,1782.25,True
2007-03-22,29.8,16.5,44.6,18.5,1837.5,1823.8,1869.7,1831.0,1813.5,1782.0,1825.7,1812.5,True
2007-03-23,30.1,16.7,45.1,13.75,1831.3,1817.5,1863.9,1824.5,1807.1,1775.3,1819.5,1810.75,True
2007-03-26,30.1,16.6,45.0,29.0,1824.1,1810.3,1856.7,1822.25,1799.9,1768.0,1812.2,1793.25,True
2007-03-27,29.8,16.5,44.6,13.25,1830.7,1817.1,1863.0,1819.5,1806.7,1775.2,1819.0,1806.25,True
2007-03-28,29.8,16.4,44.6,23.25,1822.7,1809.1,1855.0,1810.25,1798.7,1767.2,1811.0,1787.0,True
2007-03-29,26.5,14.6,39.6,31.75,1801.3,1789.2,1830.0,1802.0,1780.0,1752.0,1790.9,1770.25,True
2007-03-30,26.2,14.5,39.3,26.0,1798.9,1787.0,1827.3,1801.25,1777.8,1750.2,1788.6,1775.25,True
2007-04-02,27.2,15.0,40.6,19.0,1802.1,1789.7,1831.5,1797.25,1780.2,1751.5,1791.4,1778.25,True
2007-04-03,25.5,14.1,38.1,29.25,1800.6,1789.0,1828.2,1819.0,1780.1,1753.2,1790.6,1789.75,True
2007-04-04,26.7,14.8,39.9,10.25,1825.9,1813.7,1854.8,1821.25,1804.4,1776.2,1815.4,1811.0,True
2007-04-05,25.6,14.1,38.3,17.0,1829.9,1818.2,1857.6,1831.5,1809.3,1782.3,1819.9,1814.5,True
2007-04-09,23.3,12.9,34.9,19.25,1838.0,1827.3,1863.2,1839.75,1819.2,1794.6,1828.8,1820.5,True
2007-04-10,22.6,12.5,33.9,11.25,1833.5,1823.1,1857.9,1833.25,1815.2,1791.4,1824.5,1822.0,True
2007-04-11,21.7,12.0,32.6,26.5,1838.6,1828.7,1862.0,1833.75,1821.1,1798.2,1830.0,1807.25,True
2007-04-12,20.6,11.4,30.9,27.75,1821.4,1811.9,1843.6,1830.0,1804.8,1783.0,1813.2,1802.25,True
2007-04-13,22.5,12.5,33.8,17.75,1837.2,1826.9,1861.5,1833.25,1819.0,1795.3,1828.3,1815.5,True
2007-04-16,22.3,12.3,33.4,21.0,1841.1,1830.9,1865.2,1850.5,1823.1,1799.5,1832.3,1829.5,True
2007-04-17,22.0,12.2,33.0,12.25,1857.4,1847.4,1881.2,1855.0,1839.7,1816.5,1848.8,1842.75,True
2007-04-18,22.2,12.3,33.3,16.5,1861.5,1851.4,1885.5,1853.0,1843.6,1820.2,1852.8,1836.5,True
2007-04-19,21.2,11.7,31.8,22.5,1857.1,1847.4,1880.0,1853.75,1840.0,1817.6,1848.8,1831.25,True
2007-04-20,20.3,11.2,30.5,23.5,1857.5,1848.2,1879.4,1870.25,1841.1,1819.7,1849.5,1846.75,True
2007-04-23,21.1,11.7,31.7,10.5,1871.3,1861.7,1894.1,1867.25,1854.3,1832.0,1863.0,1856.75,True
2007-04-24,19.6,10.8,29.4,21.0,1871.2,1862.3,1892.4,1876.75,1855.4,1834.7,1863.5,1855.75,True
2007-04-25,20.2,11.1,30.2,27.5,1878.7,1869.5,1900.5,1896.75,1862.4,1841.1,1870.7,1869.25,True
2007-04-26,21.6,11.9,32.3,15.5,1903.0,1893.2,1926.4,1909.0,1885.6,1862.8,1894.5,1893.5,True
2007-04-27,21.0,11.5,31.4,12.75,1914.8,1905.2,1937.5,1907.25,1897.9,1875.7,1906.5,1894.5,True
2007-04-30,20.1,11.0,30.1,29.25,1915.1,1906.0,1936.9,1907.75,1899.0,1877.7,1907.2,1878.5,True
2007-05-01,21.0,11.6,31.5,19.75,1888.0,1878.5,1910.7,1887.75,1871.1,1848.9,1879.8,1868.0,True
2007-05-02,20.8,11.4,31.1,21.5,1894.4,1885.0,1916.9,1905.0,1877.7,1855.7,1886.2,1883.5,True
2007-05-03,20.2,11.1,30.3,13.0,1907.2,1898.0,1929.0,1910.0,1890.9,1869.6,1899.2,1897.0,True
2007-05-04,20.2,11.1,30.2,24.75,1914.9,1905.7,1936.7,1922.5,1898.7,1877.3,1907.0,1897.75,True
2007-05-07,20.6,11.3,30.9,9.25,1917.1,1907.7,1939.3,1912.5,1900.5,1878.7,1909.0,1903.25,True
2007-05-08,19.5,10.7,29.1,19.75,1914.9,1906.0,1935.9,1911.75,1899.2,1878.6,1907.2,1892.0,True
2007-05-09,19.1,10.4,28.5,21.75,1913.5,1904.8,1934.1,1918.75,1898.1,1877.9,1906.0,1897.0,True
2007-05-10,19.2,10.5,28.6,30.5,1920.3,1911.5,1941.0,1912.5,1904.8,1884.5,1912.7,1882.0,False
2007-05-11,20.7,11.3,30.9,29.5,1895.1,1885.7,1917.5,1911.75,1878.5,1856.6,1887.0,1882.25,True
2007-05-14,21.5,11.7,32.0,39.5,1919.5,1909.7,1942.7,1925.75,1902.2,1879.4,1911.0,1886.25,True
2007-05-15,23.7,12.9,35.3,29.5,1906.2,1895.4,1931.7,1907.25,1887.1,1862.0,1896.8,1877.75,True
2007-05-16,24.7,13.5,36.9,27.75,1893.8,1882.6,1920.5,1901.5,1873.9,1847.8,1884.1,1873.75,True
2007-05-17,25.6,14.0,38.2,12.0,1912.0,1900.3,1939.6,1901.0,1891.3,1864.3,1901.9,1889.0,True
2007-05-18,24.6,13.4,36.7,17.25,1900.5,1889.3,1927.1,1906.0,1880.7,1854.7,1890.8,1888.75,True
2007-05-21,23.7,12.9,35.3,24.25,1915.7,1904.9,1941.2,1927.25,1896.5,1871.5,1906.3,1903.0,True
2007-05-22,22.5,12.3,33.5,16.5,1925.7,1915.4,1949.9,1928.75,1907.5,1883.7,1916.8,1912.25,True
2007-05-23,21.4,11.7,31.9,23.75,1929.2,1919.5,1952.3,1931.5,1911.9,1889.3,1920.8,1907.75,True
2007-05-24,21.1,11.5,31.4,43.5,1919.1,1909.5,1941.8,1917.5,1902.0,1879.8,1910.8,1874.0,False
2007-05-25,23.6,12.9,35.1,17.5,1891.9,1881.1,1917.3,1898.0,1872.8,1847.8,1882.6,1880.5,True
2007-05-29,24.0,13.1,35.6,20.25,1903.0,1892.1,1928.9,1911.75,1883.7,1858.2,1893.6,1891.5,True
2007-05-30,23.9,13.1,35.5,37.25,1916.5,1905.6,1942.2,1924.75,1897.2,1871.8,1907.1,1887.5,True
2007-05-31,26.1,14.2,38.9,13.5,1933.4,1921.6,1961.5,1935.75,1912.4,1884.7,1923.1,1922.25,True
2007-06-01,25.6,13.9,38.2,16.25,1943.0,1931.3,1970.5,1945.0,1922.3,1895.2,1932.9,1928.75,True
2007-06-04,23.1,12.6,34.5,17.75,1941.9,1931.4,1966.8,1939.75,1923.3,1898.8,1932.8,1922.0,True
2007-06-05,23.0,12.5,34.3,18.75,1946.4,1935.9,1971.1,1937.5,1927.8,1903.4,1937.3,1918.75,True
2007-06-06,22.9,12.5,34.3,27.75,1945.6,1935.2,1970.2,1938.5,1927.1,1902.8,1936.5,1910.75,True
2007-06-07,21.7,11.8,32.4,42.0,1923.1,1913.2,1946.4,1923.75,1905.6,1882.6,1914.5,1881.75,False
2007-06-08,24.4,13.3,36.6,35.5,1892.7,1881.6,1919.0,1909.5,1873.0,1846.6,1883.1,1874.0,True
2007-06-11,26.8,14.6,40.2,17.0,1920.2,1908.1,1949.1,1919.25,1898.6,1869.6,1909.6,1902.25,True
2007-06-12,26.9,14.7,40.1,24.0,1916.8,1904.6,1945.7,1913.0,1895.0,1866.0,1906.1,1889.0,True
2007-06-13,26.7,14.6,39.9,26.75,1904.4,1892.3,1933.2,1914.5,1882.9,1854.1,1893.9,1887.75,True
2007-06-14,26.9,14.6,40.0,19.0,1923.5,1911.3,1952.5,1930.25,1901.8,1872.8,1912.9,1911.25,True
2007-06-15,24.9,13.6,37.2,19.5,1936.7,1925.4,1963.5,1944.0,1916.6,1889.7,1926.8,1924.5,True
2007-06-18,23.6,12.9,35.1,10.5,1956.8,1946.1,1982.2,1974.75,1937.8,1912.3,1947.5,1964.25,False
2007-06-19,23.0,12.5,34.3,15.0,1977.1,1966.7,2001.9,1972.0,1958.6,1933.8,1968.1,1957.0,True
2007-06-20,22.0,12.0,32.9,29.75,1976.2,1966.3,1999.9,1975.0,1958.5,1934.8,1967.5,1945.25,True
2007-06-21,22.0,11.9,32.8,29.75,1957.0,1947.0,1980.6,1968.0,1939.2,1915.5,1948.3,1938.25,True
2007-06-22,23.3,12.6,34.7,26.25,1975.5,1965.0,2000.6,1966.5,1956.7,1931.6,1966.3,1940.25,True
2007-06-25,23.8,13.0,35.5,31.25,1958.0,1947.2,1983.6,1958.25,1938.7,1913.1,1948.6,1927.0,True
2007-06-26,25.4,13.8,37.9,25.0,1951.6,1940.2,1979.0,1948.5,1931.1,1903.8,1941.6,1923.5,True
2007-06-27,25.5,13.9,38.0,38.75,1936.2,1924.7,1963.6,1956.75,1915.6,1888.2,1926.1,1918.0,True
2007-06-28,27.0,14.7,40.2,16.25,1966.8,1954.6,1995.8,1967.75,1945.0,1916.0,1956.1,1951.5,True
2007-06-29,26.4,14.4,39.2,27.75,1966.3,1954.4,1994.7,1969.25,1945.0,1916.6,1955.9,1941.5,True
2007-07-02,25.9,14.2,38.6,20.5,1966.8,1955.2,1994.7,1975.25,1945.9,1918.1,1956.6,1954.75,True
2007-07-03,25.7,14.0,38.3,9.5,1982.8,1971.2,2010.4,1981.25,1962.0,1934.4,1972.6,1971.75,True
2007-07-05,24.8,13.6,36.9,24.75,1995.4,1984.2,2022.1,2003.75,1975.4,1948.8,1985.6,1979.0,True
2007-07-06,23.5,12.8,34.9,17.25,2007.8,1997.3,2033.1,2009.75,1988.9,1963.7,1998.6,1992.5,True
2007-07-09,23.7,13.0,35.3,13.25,2018.9,2008.3,2044.4,2014.5,1999.8,1974.4,2009.6,2001.25,True
2007-07-10,22.0,12.0,32.8,21.5,2017.7,2007.8,2041.4,2010.75,2000.0,1976.4,2009.0,1989.25,True
2007-07-11,21.1,11.5,31.4,27.0,2000.8,1991.3,2023.5,2010.0,1983.8,1961.2,1992.5,1983.0,True
2007-07-12,22.4,12.3,33.4,33.0,2018.9,2008.8,2043.0,2039.25,2000.8,1976.8,2010.0,2006.25,True
2007-07-13,23.7,13.0,35.3,17.75,2044.7,2034.0,2070.2,2051.25,2025.6,2000.2,2035.3,2033.5,True
2007-07-16,23.9,13.1,35.6,14.25,2056.8,2046.0,2082.4,2055.75,2037.5,2011.9,2047.3,2041.5,True
2007-07-17,23.6,12.9,35.2,22.0,2058.4,2047.8,2083.7,2064.25,2039.4,2014.1,2049.1,2042.25,True
2007-07-18,23.7,12.9,35.2,24.5,2070.7,2060.0,2096.1,2060.5,2051.6,2026.2,2061.3,2036.0,True
2007-07-19,23.5,12.8,34.9,23.5,2069.6,2059.1,2094.8,2077.75,2050.7,2025.5,2060.3,2054.25,True
2007-07-20,23.1,12.6,34.3,25.5,2075.2,2064.8,2100.0,2065.5,2056.6,2031.9,2066.1,2040.0,True
2007-07-23,23.8,13.0,35.4,16.0,2065.2,2054.6,2090.8,2063.0,2046.0,2020.6,2055.8,2047.0,True
2007-07-24,23.7,12.9,35.2,43.25,2063.4,2052.8,2088.9,2054.25,2044.3,2019.0,2054.1,2011.0,False
2007-07-25,24.9,13.6,37.0,25.25,2035.9,2024.8,2062.7,2036.0,2015.9,1988.9,2026.1,2010.75,True
2007-07-26,25.2,13.7,37.4,70.25,2037.1,2025.8,2064.1,2039.5,2016.7,1989.5,2027.1,1969.25,False
2007-07-27,28.7,15.6,42.9,51.75,2012.5,1999.7,2043.4,2012.5,1989.4,1958.2,2001.2,1960.75,True
2007-07-30,30.8,16.7,46.1,39.0,1976.4,1962.6,2009.5,1996.25,1951.5,1918.1,1964.2,1957.25,True
2007-07-31,32.8,17.8,49.0,69.25,2007.0,1992.3,2042.2,2011.5,1980.5,1944.9,1994.0,1942.25,False
2007-08-01,35.3,19.1,52.7,39.75,1960.5,1944.8,1998.5,1963.5,1932.0,1893.2,1946.6,1923.75,True
2007-08-02,37.1,20.1,55.5,30.5,1976.0,1959.5,2015.9,1982.0,1946.1,1905.2,1961.4,1951.5,True
2007-08-03,35.7,19.4,53.4,53.0,1995.0,1979.0,2033.3,1981.5,1966.1,1926.8,1980.8,1928.5,True
2007-08-06,36.3,19.6,54.2,40.75,1954.7,1938.5,1993.7,1964.75,1925.4,1885.5,1940.4,1924.0,True
2007-08-07,37.6,20.3,56.1,46.5,1978.3,1961.5,2018.6,1989.0,1947.9,1906.5,1963.4,1942.5,True
2007-08-08,37.3,20.2,55.5,36.25,1989.7,1973.0,2029.7,2006.75,1959.5,1918.5,1974.9,1970.5,True
2007-08-09,38.3,20.7,57.1,59.75,2015.3,1998.2,2056.4,2002.25,1984.3,1942.3,2000.2,1942.5,True
2007-08-10,40.2,21.7,59.8,49.0,1962.4,1944.4,2005.5,1955.75,1929.8,1885.7,1946.5,1906.75,True
2007-08-13,40.4,21.8,60.0,25.25,1945.9,1927.9,1989.3,1957.25,1913.2,1868.9,1930.0,1932.0,False
2007-08-14,39.8,21.5,59.1,41.5,1959.2,1941.5,2001.9,1951.75,1927.0,1883.3,1943.5,1910.25,True
2007-08-15,39.3,21.2,58.3,51.0,1931.2,1913.7,1973.4,1923.75,1899.4,1856.3,1915.7,1872.75,True
2007-08-16,40.6,21.9,60.2,65.0,1895.5,1877.5,1939.1,1878.75,1862.7,1818.1,1879.5,1813.75,False
2007-08-17,41.9,22.6,62.2,83.75,1874.0,1855.4,1919.0,1913.0,1840.1,1793.6,1857.5,1829.25,True
2007-08-20,47.2,25.5,70.2,26.25,1912.0,1891.1,1962.7,1907.5,1873.8,1821.5,1893.4,1881.25,True
2007-08-21,48.4,26.1,72.0,35.25,1918.0,1896.5,1970.0,1924.0,1878.9,1825.2,1898.9,1888.75,True
2007-08-22,48.7,26.3,72.4,28.5,1940.2,1918.5,1992.4,1946.25,1900.7,1846.7,1920.9,1917.75,True
2007-08-23,48.1,26.0,71.6,32.5,1965.2,1943.8,2016.8,1960.0,1926.2,1872.9,1946.2,1927.5,True
2007-08-24,44.8,24.2,66.8,40.0,1958.3,1938.4,2006.4,1970.0,1922.0,1872.3,1940.6,1930.0,True
2007-08-27,41.5,22.4,61.7,21.25,1986.9,1968.5,2031.4,1969.5,1953.3,1907.3,1970.5,1948.25,True
2007-08-28,39.6,21.3,59.0,47.25,1967.1,1949.5,2009.6,1952.75,1935.1,1891.2,1951.5,1905.5,True
2007-08-29,39.3,21.2,58.5,56.0,1924.2,1906.8,1966.4,1962.0,1892.4,1848.9,1908.7,1906.0,True
2007-08-30,43.4,23.4,64.6,40.25,1979.2,1959.9,2025.8,1987.0,1944.1,1896.0,1962.0,1946.75,True
2007-08-31,43.8,23.6,65.2,27.75,1993.1,1973.7,2040.1,2000.75,1957.7,1909.2,1975.8,1973.0,True
2007-09-04,43.0,23.2,64.0,51.75,2012.8,1993.7,2058.9,2038.5,1978.0,1930.4,1995.8,1986.75,True
2007-09-05,46.5,25.0,69.0,34.25,2044.3,2023.6,2094.1,2025.5,2006.7,1955.1,2025.9,1991.25,True
2007-09-06,44.5,24.0,66.2,22.25,2021.9,2002.1,2069.7,2011.0,1985.9,1936.6,2004.3,1988.75,True
2007-09-07,40.9,22.1,60.9,51.5,2020.9,2002.7,2064.8,2004.25,1987.9,1942.5,2004.7,1952.75,True
2007-09-10,40.8,22.0,60.7,39.75,1987.6,1969.5,2031.4,1986.75,1954.6,1909.5,1971.5,1947.0,True
2007-09-11,42.0,22.7,62.5,28.5,1985.8,1967.2,2030.9,1995.0,1951.9,1905.4,1969.3,1966.5,True
2007-09-12,39.9,21.6,59.4,25.25,2010.2,1992.5,2053.0,2009.25,1978.0,1933.8,1994.5,1984.0,True
2007-09-13,38.6,20.9,57.5,17.25,2012.4,1995.3,2053.8,2008.5,1981.3,1938.5,1997.2,1991.25,True
2007-09-14,38.2,20.6,56.9,25.25,2016.7,1999.8,2057.7,2006.5,1985.9,1943.6,2001.7,1981.25,True
2007-09-17,35.0,18.9,52.2,24.0,2015.9,2000.4,2053.5,2000.75,1987.7,1948.9,2002.1,1976.75,True
2007-09-18,32.2,17.4,48.1,59.5,1996.0,1981.7,2030.5,2037.5,1970.0,1934.4,1983.3,1978.0,False
2007-09-19,35.8,19.3,53.4,24.5,2050.7,2034.9,2089.2,2057.25,2021.9,1982.3,2036.6,2032.75,True
2007-09-20,34.4,18.6,51.3,14.25,2055.2,2039.9,2092.1,2043.75,2027.4,1989.4,2041.6,2029.5,True
2007-09-21,33.8,18.0,50.5,20.25,2048.9,2033.9,2085.2,2051.25,2021.7,1984.3,2035.6,2031.0,True
2007-09-24,32.8,17.5,49.1,29.25,2057.3,2042.8,2092.6,2095.75,2030.9,1994.6,2044.3,2066.5,False
2007-09-25,33.6,18.0,50.3,29.75,2093.8,2078.9,2130.1,2101.0,2066.8,2029.6,2080.6,2071.25,True
2007-09-26,30.6,16.4,45.9,20.25,2110.3,2096.8,2143.3,2117.75,2085.7,2051.8,2098.3,2097.5,True
2007-09-27,29.9,16.0,44.7,13.5,2122.0,2108.8,2154.3,2123.0,2098.0,2064.9,2110.3,2109.5,True
2007-09-28,29.7,15.9,44.6,20.75,2134.2,2121.0,2166.2,2124.0,2110.3,2077.4,2122.5,2103.25,True
2007-10-01,28.7,15.3,43.1,34.0,2126.0,2113.3,2157.0,2143.5,2102.9,2071.2,2114.8,2109.5,True
2007-10-02,28.5,15.3,42.8,15.25,2147.2,2134.6,2177.9,2140.5,2124.3,2092.7,2136.0,2125.25,True
2007-10-03,26.6,14.2,39.8,23.5,2146.7,2134.9,2175.3,2138.75,2125.3,2095.8,2136.2,2115.25,True
2007-10-04,26.4,14.1,39.6,20.25,2131.8,2120.1,2160.3,2128.75,2110.6,2081.4,2121.4,2108.5,True
2007-10-05,26.3,14.0,39.4,51.5,2134.0,2122.4,2162.4,2173.0,2112.9,2083.8,2123.7,2121.5,False
2007-10-08,29.7,15.9,44.6,19.0,2183.2,2170.0,2215.4,2183.0,2159.3,2126.5,2171.5,2164.0,True
2007-10-09,28.7,15.4,43.1,18.75,2192.3,2179.6,2223.4,2195.0,2169.2,2137.5,2181.0,2176.25,True
2007-10-10,28.2,15.1,42.4,14.75,2206.1,2193.6,2236.6,2199.0,2183.4,2152.2,2195.0,2184.25,True
2007-10-11,26.7,14.2,40.1,68.25,2207.7,2195.9,2236.6,2214.0,2186.3,2156.7,2197.2,2145.75,False
2007-10-12,30.5,16.2,45.8,43.5,2179.5,2166.0,2212.6,2200.0,2155.0,2120.9,2167.5,2156.5,True
2007-10-15,31.0,16.4,46.5,42.0,2212.2,2198.5,2245.8,2204.0,2187.4,2152.6,2200.0,2162.0,True
2007-10-16,33.1,17.6,49.7,24.5,2194.6,2180.0,2230.5,2186.0,2168.0,2131.0,2181.6,2161.5,True
2007-10-17,33.6,17.8,50.4,42.5,2190.3,2175.4,2226.7,2202.75,2163.3,2125.7,2177.1,2160.25,True
2007-10-18,36.1,19.2,54.2,31.75,2211.9,2195.9,2251.0,2210.0,2182.9,2142.5,2197.6,2178.25,True
2007-10-19,32.8,17.4,49.2,71.75,2219.7,2205.2,2255.2,2218.25,2193.3,2156.7,2206.8,2146.5,False
2007-10-22,35.0,18.5,52.6,49.25,2164.4,2148.9,2202.3,2177.0,2136.2,2096.6,2150.6,2127.75,True
2007-10-23,37.2,19.7,55.9,44.75,2187.3,2170.9,2227.6,2221.0,2157.4,2115.3,2172.7,2176.25,False
2007-10-24,40.1,21.2,60.4,55.25,2228.8,2211.0,2272.2,2209.25,2196.5,2151.1,2213.2,2154.0,False
2007-10-25,41.6,22.0,62.4,60.75,2220.4,2201.9,2265.4,2220.0,2186.9,2139.9,2204.2,2159.25,True
2007-10-26,44.3,23.4,66.5,32.0,2211.8,2192.1,2259.7,2220.0,2176.1,2126.0,2194.5,2188.0,True
2007-10-29,42.5,22.4,63.6,26.0,2225.1,2206.2,2271.0,2230.25,2190.8,2142.7,2208.5,2204.25,True
2007-10-30,41.1,21.7,61.1,28.0,2232.7,2214.5,2277.2,2232.75,2199.6,2153.1,2216.7,2204.75,True
2007-10-31,39.8,21.2,59.2,42.5,2234.4,2216.8,2277.4,2253.0,2202.4,2157.4,2218.9,2210.5,True
2007-11-01,39.4,20.9,58.5,48.5,2269.0,2251.5,2311.6,2256.25,2237.3,2192.7,2253.6,2207.75,True
2007-11-02,38.3,20.4,56.9,42.5,2231.6,2214.5,2272.9,2234.5,2200.7,2157.4,2216.6,2192.0,True
2007-11-05,39.9,21.2,59.3,33.5,2240.2,2222.5,2283.3,2224.75,2208.1,2163.0,2224.6,2191.25,True
2007-11-06,40.7,21.6,60.6,37.0,2229.8,2211.7,2273.8,2236.0,2197.0,2151.1,2213.9,2199.0,True
2007-11-07,41.4,22.0,61.6,55.5,2250.9,2232.5,2295.6,2233.25,2217.5,2170.8,2234.7,2177.75,True
2007-11-08,42.3,22.5,62.8,99.0,2198.7,2179.9,2244.4,2180.0,2164.6,2116.9,2182.2,2081.0,False
2007-11-09,46.9,24.8,70.0,78.0,2125.1,2104.3,2175.8,2115.25,2087.4,2034.2,2106.8,2037.25,True
2007-11-12,50.2,26.5,75.3,65.25,2062.8,2040.5,2117.0,2051.75,2022.3,1965.4,2043.2,1986.5,True
2007-11-13,51.6,27.5,77.2,92.5,2011.1,1988.2,2066.8,2074.75,1969.5,1911.0,1990.9,1982.25,False
2007-11-14,59.6,32.0,89.3,64.75,2091.7,2065.3,2156.7,2101.75,2043.7,1976.1,2068.4,2037.0,True
2007-11-15,61.2,32.8,91.7,48.0,2083.1,2056.0,2149.8,2063.5,2033.8,1964.4,2059.2,2015.5,True
2007-11-16,58.2,31.2,87.2,46.75,2057.6,2031.8,2121.0,2060.75,2010.7,1944.8,2034.9,2014.0,True
2007-11-19,56.9,30.5,85.2,48.25,2079.1,2053.8,2141.0,2064.5,2033.2,1968.7,2056.8,2016.25,True
2007-11-20,55.2,29.7,82.5,77.25,2051.1,2026.6,2111.2,2071.75,2006.6,1944.1,2029.5,1994.5,True
2007-11-21,54.2,29.1,81.0,54.0,2058.2,2034.2,2117.2,2046.0,2014.4,1953.1,2037.0,1992.0,True
2007-11-23,52.9,28.4,79.1,32.75,2027.7,2004.2,2085.2,2037.25,1984.9,1925.1,2006.9,2004.5,True
2007-11-26,52.3,28.1,78.2,61.25,2054.4,2031.2,2111.3,2053.75,2012.2,1953.0,2033.9,1992.5,True
2007-11-27,52.8,28.4,78.9,44.75,2022.1,1998.7,2079.6,2040.0,1979.4,1919.7,2001.4,1995.25,True
2007-11-28,53.2,28.6,79.3,83.0,2054.8,2031.2,2112.6,2107.0,2011.8,1951.6,2033.9,2024.0,True
2007-11-29,56.6,30.4,85.0,28.25,2119.2,2094.1,2180.8,2114.0,2073.5,2009.5,2097.0,2085.75,True
2007-11-30,54.9,29.5,82.4,53.75,2123.5,2099.2,2183.2,2129.25,2079.2,2017.1,2102.0,2075.5,True
2007-12-03,56.9,30.5,85.4,33.5,2118.4,2093.1,2180.2,2103.25,2072.4,2008.0,2096.0,2069.75,True
2007-12-04,53.7,28.8,80.6,30.0,2097.5,2073.7,2155.9,2082.0,2054.1,1993.4,2076.4,2052.0,True
2007-12-05,51.4,27.6,77.3,46.5,2083.8,2061.0,2139.6,2108.25,2042.2,1984.1,2063.6,2061.75,True
2007-12-06,48.5,26.2,72.8,34.25,2121.6,2100.1,2174.3,2132.25,2082.4,2027.6,2102.5,2098.0,True
2007-12-07,49.7,27.0,74.3,21.25,2146.8,2124.8,2200.8,2139.25,2106.7,2050.5,2127.3,2118.0,True
2007-12-10,45.9,24.7,68.6,19.0,2151.2,2130.9,2201.1,2144.75,2114.2,2062.3,2133.2,2125.75,True
2007-12-11,43.3,23.0,64.8,67.0,2156.6,2137.4,2203.6,2151.25,2121.7,2072.7,2139.6,2084.25,True
2007-12-12,45.5,24.2,68.6,62.25,2109.1,2088.9,2158.4,2133.25,2072.4,2020.9,2091.2,2071.0,True
2007-12-13,47.3,25.1,71.2,33.75,2127.6,2106.6,2178.9,2108.0,2089.4,2035.9,2109.0,2074.25,True
2007-12-14,46.3,24.6,69.7,29.0,2112.1,2091.6,2162.4,2099.75,2074.8,2022.4,2093.9,2070.75,True
2007-12-17,45.1,23.9,67.9,59.75,2091.4,2071.4,2140.3,2081.75,2054.9,2004.0,2073.7,2022.0,True
2007-12-18,47.4,25.2,71.4,48.75,2048.3,2027.4,2099.8,2048.75,2010.0,1956.5,2029.7,2000.0,True
2007-12-19,46.3,24.5,69.6,23.5,2048.6,2028.1,2098.8,2040.25,2011.2,1958.9,2030.4,2016.75,True
2007-12-20,42.4,22.5,63.7,43.25,2053.8,2035.0,2099.7,2076.75,2019.5,1971.6,2037.1,2033.5,True
2007-12-21,44.0,23.3,66.1,34.0,2094.9,2075.4,2142.6,2108.0,2059.4,2009.7,2077.6,2074.0,True
2007-12-24,43.9,23.3,66.0,24.5,2117.3,2097.9,2164.9,2155.5,2081.9,2032.3,2100.0,2131.0,False
2007-12-26,40.8,21.7,61.3,26.0,2165.1,2147.0,2209.3,2164.25,2132.2,2086.0,2149.2,2138.25,True
2007-12-27,38.2,20.3,57.4,40.25,2175.5,2158.6,2216.9,2165.0,2144.7,2101.5,2160.6,2124.75,True
2007-12-28,38.6,20.5,58.0,33.75,2147.7,2130.6,2189.5,2146.25,2116.5,2072.9,2132.6,2112.5,True
2007-12-31,37.0,19.6,55.6,26.5,2140.5,2124.1,2180.6,2127.5,2110.6,2068.8,2126.1,2101.0,True
2008-01-02,34.5,18.3,51.9,60.5,2119.2,2103.9,2156.6,2117.0,2091.3,2052.4,2105.8,2056.5,True
2008-01-03,38.0,20.1,57.3,25.25,2085.9,2069.1,2127.0,2082.0,2055.2,2012.3,2071.1,2056.75,True
2008-01-04,37.7,20.1,56.9,106.0,2092.0,2075.3,2132.8,2082.75,2061.6,2019.0,2077.3,1976.75,False
2008-01-07,42.9,22.8,64.6,51.75,2003.0,1984.0,2049.4,1995.5,1968.3,1919.7,1986.2,1943.75,True
2008-01-08,45.2,24.0,68.1,76.75,1994.2,1974.2,2043.1,1998.5,1957.6,1906.5,1976.6,1921.75,True
2008-01-09,48.7,25.9,74.4,61.75,1948.9,1927.3,2001.6,1964.75,1909.5,1854.4,1929.9,1903.0,True
2008-01-10,50.8,27.1,76.8,45.0,1977.8,1955.3,2032.7,1982.0,1936.7,1879.2,1958.0,1937.0,True
2008-01-11,53.4,28.4,80.6,50.75,1983.1,1959.5,2040.8,1963.0,1939.9,1879.5,1962.3,1912.25,True
2008-01-14,49.7,26.4,75.0,58.75,1946.3,1924.3,2000.0,1964.75,1906.1,1849.9,1926.9,1906.0,True
2008-01-15,51.0,27.2,77.0,63.75,1976.3,1953.8,2031.5,1959.5,1935.1,1877.4,1956.5,1895.75,True
2008-01-16,49.2,26.1,74.1,60.0,1932.6,1910.8,1985.8,1919.25,1892.8,1837.2,1913.4,1859.25,True
2008-01-17,49.1,26.1,74.0,56.25,1901.6,1879.8,1954.6,1905.0,1861.8,1806.3,1882.4,1848.75,True
2008-01-18,50.4,27.1,75.8,48.0,1877.1,1854.8,1931.6,1887.0,1836.2,1779.3,1857.4,1839.0,True
2008-01-22,50.1,26.9,75.4,113.75,1870.5,1848.3,1924.6,1858.25,1829.9,1773.3,1850.9,1744.5,False
2008-01-23,54.8,29.4,83.5,113.75,1823.9,1799.7,1883.2,1812.0,1779.5,1717.4,1802.5,1698.25,False
2008-01-24,62.1,33.3,94.7,39.5,1833.5,1806.0,1900.6,1838.0,1783.1,1712.7,1809.2,1798.5,True
2008-01-25,62.1,33.3,94.9,82.5,1863.0,1835.5,1930.1,1873.5,1812.7,1742.2,1838.7,1791.0,True
2008-01-28,63.9,34.3,97.5,53.25,1820.2,1792.0,1889.3,1814.75,1768.4,1695.9,1795.3,1761.5,True
2008-01-29,66.2,35.5,101.0,27.5,1838.0,1808.7,1909.5,1825.0,1784.3,1709.2,1812.1,1797.5,True
2008-01-30,59.8,31.7,91.4,53.75,1837.0,1810.6,1901.6,1850.0,1788.5,1720.7,1813.7,1796.25,True
2008-01-31,54.5,28.9,83.3,77.0,1834.3,1810.2,1893.2,1860.5,1790.1,1728.3,1813.0,1783.5,True
2008-02-01,60.2,31.9,92.0,53.5,1873.0,1846.3,1938.0,1879.0,1824.1,1755.8,1849.4,1825.5,True
2008-02-04,58.8,31.2,89.9,45.25,1888.1,1862.1,1951.6,1869.25,1840.4,1773.7,1865.1,1824.0,True
2008-02-05,56.5,30.0,86.4,52.0,1850.4,1825.4,1911.4,1830.75,1804.6,1740.5,1828.3,1778.75,True
2008-02-06,58.1,30.8,88.9,64.75,1809.3,1783.6,1872.1,1801.25,1762.2,1696.3,1786.6,1736.5,True
2008-02-07,57.4,30.4,87.7,72.25,1772.3,1746.9,1834.2,1785.25,1725.7,1660.6,1749.8,1713.0,True
2008-02-08,58.5,30.9,89.2,34.25,1791.5,1765.6,1854.6,1784.25,1744.0,1677.7,1768.6,1750.0,True
2008-02-11,56.7,30.3,86.4,38.75,1800.2,1775.2,1861.4,1802.5,1754.2,1689.9,1778.0,1763.75,True
2008-02-12,56.3,30.2,86.0,44.0,1820.8,1795.9,1881.6,1816.75,1775.2,1711.3,1798.8,1772.75,True
2008-02-13,55.3,29.7,84.7,45.0,1813.1,1788.7,1872.8,1829.0,1768.3,1705.6,1791.5,1784.0,True
2008-02-14,54.2,29.1,82.9,43.25,1842.9,1819.0,1901.4,1831.25,1799.0,1737.5,1821.7,1788.0,True
2008-02-15,49.9,26.8,76.3,30.0,1815.1,1793.1,1869.0,1800.0,1774.7,1718.1,1795.6,1770.0,True
2008-02-19,48.6,26.1,74.3,59.0,1806.8,1785.3,1859.3,1821.0,1767.4,1712.3,1787.8,1762.0,True
2008-02-20,50.5,27.1,77.2,43.0,1802.6,1780.3,1857.1,1795.75,1761.7,1704.4,1782.8,1752.75,True
2008-02-21,50.5,27.1,77.2,46.0,1810.4,1788.1,1864.9,1810.75,1769.4,1712.2,1790.6,1764.75,True
2008-02-22,50.2,26.9,76.8,41.75,1797.0,1774.8,1851.2,1783.75,1756.3,1699.4,1777.3,1742.0,True
2008-02-25,48.8,26.2,74.7,30.25,1801.4,1779.8,1854.1,1794.75,1761.8,1706.5,1782.3,1764.5,True
2008-02-26,47.1,25.3,72.2,45.75,1805.2,1784.4,1856.0,1811.5,1767.0,1713.6,1786.7,1765.75,True
2008-02-27,46.1,24.8,70.7,32.5,1816.0,1795.7,1865.8,1809.75,1778.6,1726.4,1797.9,1777.25,True
2008-02-28,44.1,23.7,67.6,29.5,1818.7,1799.2,1866.3,1812.25,1782.9,1732.9,1801.4,1782.75,True
2008-02-29,41.5,22.3,63.6,46.5,1801.6,1783.3,1846.4,1789.25,1767.9,1720.9,1785.3,1742.75,True
2008-03-03,41.4,22.3,63.5,31.75,1765.6,1747.3,1810.2,1750.0,1731.9,1685.1,1749.3,1718.25,True
2008-03-04,41.0,22.1,62.9,42.25,1753.9,1735.8,1798.1,1751.0,1720.6,1674.2,1737.8,1708.75,True
2008-03-05,40.1,21.6,61.3,32.0,1759.3,1741.5,1802.5,1770.75,1726.7,1681.3,1743.5,1738.75,True
2008-03-06,40.2,21.7,61.4,62.0,1776.3,1758.5,1819.7,1773.0,1743.6,1698.1,1760.5,1711.0,True
2008-03-07,42.6,22.9,65.3,52.0,1732.1,1713.2,1778.0,1734.25,1697.4,1649.2,1715.3,1682.25,True
2008-03-10,43.3,23.5,66.3,43.75,1726.9,1707.7,1773.5,1717.75,1691.6,1642.7,1709.8,1674.0,True
2008-03-11,43.3,23.5,66.2,84.75,1694.9,1675.7,1741.5,1753.5,1659.6,1610.7,1677.8,1668.75,False
2008-03-12,49.3,26.8,75.3,34.75,1771.1,1749.3,1824.5,1766.25,1731.0,1675.3,1751.7,1731.5,True
2008-03-13,49.4,26.8,75.5,62.0,1755.4,1733.6,1808.9,1761.5,1715.2,1659.4,1736.0,1699.5,True
2008-03-14,50.3,27.3,76.8,79.5,1769.5,1747.3,1824.0,1776.25,1728.6,1671.7,1749.7,1696.75,True
2008-03-17,52.5,28.5,80.3,79.75,1740.0,1716.8,1796.8,1748.25,1697.2,1637.9,1719.3,1668.5,True
2008-03-18,55.6,30.1,84.8,18.0,1713.0,1688.4,1773.2,1707.25,1667.8,1604.9,1691.1,1689.25,True
2008-03-19,52.2,28.3,79.7,59.75,1786.6,1763.5,1843.1,1775.5,1744.1,1685.1,1766.0,1715.75,True
2008-03-20,53.0,28.8,80.9,24.75,1740.7,1717.2,1798.0,1728.25,1697.6,1637.6,1719.8,1703.5,True
2008-03-24,49.6,26.8,75.7,78.0,1743.7,1721.8,1797.4,1826.5,1703.4,1647.3,1724.2,1748.5,False
2008-03-25,52.8,28.5,80.5,33.0,1841.3,1818.0,1899.0,1839.5,1798.4,1738.7,1820.8,1806.5,True
2008-03-26,48.3,26.1,73.7,27.0,1846.2,1824.9,1899.0,1829.75,1806.9,1752.3,1827.4,1802.75,True
2008-03-27,48.4,26.2,73.8,40.75,1830.5,1809.1,1883.4,1823.5,1791.1,1736.4,1811.6,1782.75,True
2008-03-28,45.8,24.8,70.0,41.5,1811.1,1790.9,1861.2,1809.5,1773.9,1722.1,1793.3,1768.0,True
2008-03-31,47.0,25.4,71.7,29.0,1799.6,1778.9,1851.0,1796.5,1761.4,1708.3,1781.3,1767.5,True
2008-04-01,41.8,22.7,64.0,85.0,1808.0,1789.5,1853.6,1862.25,1774.0,1726.7,1791.7,1777.25,False
2008-04-02,50.0,27.0,76.6,35.0,1878.6,1856.6,1934.0,1878.25,1838.0,1781.5,1859.2,1843.25,True
2008-04-03,51.0,27.6,78.3,31.25,1883.5,1861.1,1940.0,1873.75,1842.1,1784.5,1863.7,1842.5,True
2008-04-04,50.1,27.2,76.9,38.5,1888.1,1866.1,1943.6,1891.25,1847.5,1790.8,1868.7,1852.75,True
2008-04-07,49.4,26.8,75.8,31.0,1890.4,1868.6,1945.0,1893.75,1850.2,1794.4,1871.1,1862.75,True
2008-04-08,49.3,26.8,75.8,23.25,1886.4,1864.6,1940.9,1866.75,1846.3,1790.6,1867.1,1843.5,True
2008-04-09,41.0,22.3,62.9,45.75,1871.9,1853.8,1917.2,1866.25,1838.6,1792.2,1855.9,1820.5,True
2008-04-10,41.4,22.5,63.5,46.5,1854.5,1836.3,1900.3,1870.25,1820.9,1774.1,1838.4,1823.75,True
2008-04-11,43.7,23.7,66.9,70.75,1877.0,1857.8,1925.3,1869.75,1841.5,1792.1,1860.0,1799.0,True
2008-04-14,45.1,24.4,69.2,22.5,1825.1,1805.2,1874.9,1814.0,1788.4,1737.5,1807.5,1791.5,True
2008-04-15,44.3,23.7,68.1,28.5,1814.7,1795.3,1863.7,1809.75,1778.8,1728.7,1797.5,1781.25,True
2008-04-16,43.9,23.6,67.5,51.25,1815.0,1795.8,1863.5,1865.75,1779.4,1729.8,1798.0,1814.5,False
2008-04-17,45.2,24.2,69.4,36.75,1881.1,1861.2,1932.6,1871.25,1844.4,1793.3,1863.6,1834.5,True
2008-04-18,43.2,23.2,66.3,44.25,1885.0,1866.0,1934.2,1914.75,1850.0,1801.1,1868.3,1870.5,False
2008-04-21,41.9,22.5,64.3,27.5,1920.5,1902.1,1968.1,1920.5,1886.5,1839.1,1904.3,1893.0,True
2008-04-22,41.9,22.5,64.3,45.25,1931.5,1913.1,1979.1,1918.0,1897.5,1850.1,1915.3,1872.75,True
2008-04-23,43.1,23.1,66.1,30.25,1913.0,1894.1,1961.9,1919.25,1878.0,1829.3,1896.4,1889.0,True
2008-04-24,39.9,21.4,61.2,62.5,1922.1,1904.6,1967.4,1949.5,1889.8,1844.7,1906.8,1887.0,True
2008-04-25,43.0,23.0,66.1,35.0,1938.7,1919.8,1987.4,1933.75,1903.8,1855.2,1922.1,1898.75,True
2008-04-28,42.5,22.7,65.3,23.0,1938.7,1920.1,1986.9,1941.75,1904.2,1856.2,1922.3,1918.75,True
2008-04-29,41.9,22.6,64.3,29.0,1944.0,1925.6,1991.4,1947.75,1910.0,1862.7,1927.8,1918.75,True
2008-04-30,40.0,21.7,61.5,43.75,1955.7,1938.1,2000.9,1960.5,1923.3,1878.1,1940.3,1916.75,True
2008-05-01,41.0,22.2,63.0,64.25,1940.4,1922.4,1986.7,1985.75,1907.1,1860.8,1924.5,1921.5,True
2008-05-02,41.5,22.5,63.9,38.0,2000.6,1982.4,2047.4,2008.0,1966.9,1920.0,1984.6,1970.0,True
2008-05-05,42.1,22.9,64.8,28.75,2007.9,1989.4,2055.3,1997.75,1973.7,1926.1,1991.6,1969.0,True
2008-05-06,42.3,23.0,65.2,40.5,1998.2,1979.6,2045.8,2002.5,1963.8,1916.1,1981.8,1962.0,True
2008-05-07,43.5,23.7,67.1,55.5,2017.2,1998.1,2066.1,2005.5,1981.9,1932.7,2000.4,1950.0,True
2008-05-08,44.0,23.9,67.8,26.0,1978.9,1959.6,2028.4,1984.0,1943.1,1893.5,1961.9,1958.0,True
2008-05-09,40.8,22.2,62.9,22.25,1982.1,1964.1,2027.9,1973.5,1948.9,1902.9,1966.3,1951.25,True
2008-05-12,38.6,21.0,59.6,42.0,1979.4,1962.4,2022.7,2003.5,1948.1,1904.5,1964.5,1961.5,True
2008-05-13,40.2,21.9,62.1,23.5,2015.3,1997.7,2060.4,2009.0,1982.7,1937.3,1999.8,1985.5,True
2008-05-14,37.6,20.5,57.9,37.0,2021.7,2005.2,2063.9,2032.75,1991.2,1948.7,2007.2,1995.75,True
2008-05-15,35.5,19.4,54.8,43.0,2011.3,1995.8,2051.1,2037.25,1982.6,1942.4,1997.6,1994.25,True
2008-05-16,38.2,20.9,58.9,28.75,2051.7,2035.0,2094.5,2041.5,2020.8,1977.6,2037.0,2012.75,True
2008-05-19,38.3,21.0,59.0,46.0,2051.5,2034.7,2094.4,2054.25,2020.5,1977.2,2036.7,2008.25,True
2008-05-20,38.3,21.0,59.0,35.75,2041.8,2025.0,2084.6,2026.0,2010.7,1967.4,2027.0,1990.25,True
2008-05-21,38.9,21.3,60.0,65.25,2025.8,2008.7,2069.2,2019.25,1994.2,1950.3,2010.7,1954.0,True
2008-05-22,41.2,22.5,63.6,24.0,1981.7,1963.7,2027.7,1981.5,1948.3,1901.8,1965.8,1957.5,True
2008-05-23,39.4,21.6,60.8,23.75,1983.0,1965.7,2026.9,1969.5,1951.0,1906.5,1967.7,1945.75,True
2008-05-27,38.6,21.2,59.7,44.5,1974.4,1957.5,2017.4,1998.5,1943.1,1899.5,1959.5,1954.0,True
2008-05-28,38.5,21.2,59.5,25.5,2009.1,1992.2,2052.0,2008.75,1977.9,1934.4,1994.2,1983.25,True
2008-05-29,37.9,20.8,58.5,33.25,2020.8,2004.3,2063.0,2033.0,1990.1,1947.3,2006.2,1999.75,True
2008-05-30,35.1,19.3,54.3,20.25,2037.7,2022.3,2076.7,2043.75,2009.2,1969.6,2024.1,2023.5,True
2008-06-02,34.8,19.2,53.9,47.5,2049.8,2034.6,2088.4,2038.5,2021.6,1982.3,2036.3,1991.0,True
2008-06-03,36.4,20.0,56.3,50.5,2026.5,2010.5,2066.9,2029.25,1997.0,1955.9,2012.4,1978.75,True
2008-06-04,36.2,19.9,56.0,52.0,2013.4,1997.5,2053.5,2038.0,1984.0,1943.2,1999.4,1986.0,True
2008-06-05,39.4,21.6,60.9,43.0,2037.2,2020.0,2080.9,2060.25,2005.3,1960.8,2022.0,2017.25,True
2008-06-06,41.4,22.7,63.9,75.75,2073.6,2055.5,2119.4,2062.75,2040.0,1993.3,2057.5,1987.0,False
2008-06-09,45.1,24.7,69.5,51.5,2007.6,1987.9,2057.6,2000.5,1971.0,1919.9,1990.2,1949.0,True
2008-06-10,45.6,25.1,70.2,33.0,2006.8,1986.9,2057.3,1989.5,1969.8,1918.2,1989.2,1956.5,True
2008-06-11,44.3,24.4,68.3,60.0,1991.8,1972.4,2040.9,1983.75,1955.8,1905.7,1974.6,1923.75,True
2008-06-12,44.7,24.6,68.8,45.75,1945.4,1925.9,1995.0,1956.0,1909.2,1858.6,1928.1,1910.25,True
2008-06-13,45.4,25.0,69.9,51.0,1949.0,1929.1,1999.3,1970.5,1912.1,1860.7,1931.4,1919.5,True
2008-06-16,45.2,24.9,69.6,40.0,1983.9,1964.1,2034.0,1992.5,1947.2,1896.1,1966.4,1952.5,True
2008-06-17,44.9,24.7,69.1,26.25,1999.3,1979.6,2049.0,1996.25,1962.9,1912.0,1981.9,1970.0,True
2008-06-18,44.0,24.4,67.8,36.25,1994.9,1975.7,2043.6,1979.5,1959.2,1909.4,1977.9,1943.25,True
2008-06-19,41.3,22.9,63.6,57.5,1969.5,1951.5,2015.3,1992.0,1936.0,1889.3,1953.5,1934.5,True
2008-06-20,43.1,23.9,66.4,19.0,1999.0,1980.2,2046.8,1984.0,1964.1,1915.3,1982.3,1965.0,True
2008-06-23,39.7,21.9,61.2,34.5,1982.3,1964.9,2026.3,1952.0,1950.1,1905.2,1966.9,1917.5,False
2008-06-24,37.3,20.5,57.4,39.75,1933.6,1917.2,1974.9,1934.75,1903.3,1861.1,1919.1,1895.0,True
2008-06-25,38.9,21.6,59.8,48.75,1927.7,1910.6,1970.8,1960.75,1896.2,1852.2,1912.7,1912.0,True
2008-06-26,41.2,22.9,63.3,70.75,1949.5,1931.3,1995.1,1933.25,1916.1,1869.4,1933.5,1862.5,False
2008-06-27,41.6,23.1,63.8,41.75,1883.9,1865.6,1930.0,1877.75,1850.1,1803.0,1867.8,1836.0,True
2008-06-30,44.4,24.6,68.2,30.75,1884.3,1864.8,1933.5,1873.0,1848.3,1798.0,1867.1,1842.25,True
2008-07-01,43.8,24.4,67.4,56.25,1864.3,1845.0,1912.8,1872.0,1828.7,1779.1,1847.3,1815.75,True
2008-07-02,46.6,25.9,71.6,66.75,1888.5,1868.0,1940.1,1887.25,1850.6,1797.9,1870.4,1820.5,True
2008-07-03,47.7,26.5,73.1,32.75,1844.9,1824.0,1897.8,1839.0,1806.2,1752.2,1826.4,1806.25,True
2008-07-07,44.6,24.8,68.5,50.5,1840.6,1821.0,1890.0,1854.5,1804.4,1753.9,1823.4,1804.0,True
2008-07-08,45.6,25.3,70.0,66.0,1851.3,1831.3,1901.8,1876.75,1814.2,1762.6,1833.6,1810.75,True
2008-07-09,50.2,27.9,77.1,53.75,1889.5,1867.4,1945.1,1877.5,1848.7,1791.9,1870.0,1823.75,True
2008-07-10,48.8,27.1,74.7,43.25,1851.9,1830.4,1905.9,1852.75,1812.2,1757.0,1833.0,1809.5,True
2008-07-11,47.2,26.2,72.4,72.25,1864.0,1843.2,1916.2,1860.25,1825.6,1772.2,1845.7,1788.0,True
2008-07-14,50.6,28.1,77.6,53.75,1841.6,1819.4,1897.7,1850.5,1800.5,1743.3,1822.0,1796.75,True
2008-07-15,50.5,28.0,77.5,68.25,1823.6,1801.4,1879.5,1833.5,1782.5,1725.4,1804.0,1765.25,True
2008-07-16,51.3,28.4,78.6,64.5,1820.4,1797.9,1877.2,1850.25,1778.7,1720.7,1800.5,1785.75,True
2008-07-17,54.2,30.0,83.0,35.5,1867.4,1843.6,1927.4,1868.5,1823.3,1762.0,1846.4,1833.0,True
2008-07-18,53.7,29.8,82.3,29.25,1862.2,1838.6,1921.6,1848.5,1818.5,1757.8,1841.4,1819.25,True
2008-07-21,49.8,27.6,76.4,31.75,1849.6,1827.7,1904.7,1845.0,1809.1,1752.7,1830.2,1813.25,True
2008-07-22,47.6,26.3,73.1,39.5,1847.4,1826.5,1900.1,1827.25,1808.7,1754.8,1828.9,1787.75,True
2008-07-23,44.2,24.5,67.9,48.0,1842.5,1823.1,1891.4,1870.25,1806.5,1756.5,1825.3,1822.25,True
2008-07-24,43.6,24.1,66.9,52.0,1867.2,1848.1,1915.5,1863.5,1831.8,1782.5,1850.3,1811.5,True
2008-07-25,45.0,24.9,69.1,38.25,1838.3,1818.6,1888.1,1853.5,1801.7,1750.8,1820.8,1815.25,True
2008-07-28,46.6,25.8,71.5,54.5,1860.0,1839.5,1911.6,1854.5,1822.1,1769.4,1841.9,1800.0,True
2008-07-29,48.1,26.6,73.9,49.0,1833.8,1812.8,1887.1,1855.5,1794.8,1740.3,1815.2,1806.5,True
2008-07-30,49.4,27.3,75.9,38.5,1862.6,1841.0,1917.3,1866.75,1822.5,1766.6,1843.5,1828.25,True
2008-07-31,48.9,27.1,75.1,46.25,1876.7,1855.3,1930.8,1878.75,1836.9,1781.6,1857.7,1832.5,True
2008-08-01,48.5,26.9,74.6,56.5,1874.0,1852.8,1927.7,1863.25,1834.6,1779.7,1855.2,1806.75,True
2008-08-04,49.5,27.4,76.1,35.5,1853.7,1832.0,1908.5,1837.25,1813.4,1757.5,1834.5,1801.75,True
2008-08-05,46.7,25.9,71.8,64.0,1831.5,1811.1,1883.2,1874.0,1793.5,1740.7,1813.4,1810.0,True
2008-08-06,50.2,27.9,77.0,50.75,1890.0,1868.0,1945.5,1906.75,1849.2,1792.4,1870.5,1856.0,True
2008-08-07,52.2,28.9,80.0,31.25,1918.1,1895.2,1975.8,1907.75,1875.6,1816.6,1897.8,1876.5,True
2008-08-08,49.7,27.6,76.3,52.75,1906.8,1885.0,1961.8,1932.0,1866.4,1810.2,1887.4,1879.25,True
2008-08-11,49.9,27.8,76.7,47.25,1944.6,1922.8,1999.8,1966.0,1904.1,1847.6,1925.2,1918.75,True
2008-08-12,51.5,28.6,79.1,29.75,1964.5,1942.0,2021.5,1961.0,1922.7,1864.4,1944.5,1931.25,True
2008-08-13,47.0,26.1,72.2,35.5,1964.4,1943.8,2016.4,1959.25,1926.2,1873.0,1946.1,1923.75,True
2008-08-14,44.6,24.8,68.5,39.5,1960.1,1940.6,2009.5,1973.0,1923.9,1873.4,1942.8,1933.5,True
2008-08-15,45.1,25.1,69.2,24.75,1984.6,1964.9,2034.5,1977.25,1948.0,1896.9,1967.1,1952.5,True
2008-08-18,41.1,22.8,63.3,52.25,1982.7,1964.7,2028.1,1976.0,1949.3,1902.8,1966.7,1923.75,True
2008-08-19,41.2,22.8,63.2,43.5,1960.7,1942.7,2006.3,1946.5,1927.3,1880.6,1944.7,1903.0,True
2008-08-20,42.4,23.4,65.1,33.75,1937.0,1918.4,1983.8,1936.0,1902.5,1854.6,1920.5,1902.25,True
2008-08-21,42.3,23.4,64.9,28.75,1933.7,1915.2,1980.4,1917.0,1899.3,1851.5,1917.2,1888.25,True
2008-08-22,40.8,22.6,62.7,40.0,1924.3,1906.5,1969.4,1941.25,1891.1,1845.0,1908.4,1901.25,True
2008-08-25,42.6,23.6,65.3,43.75,1947.3,1928.7,1994.4,1930.75,1912.7,1864.5,1930.7,1887.0,True
2008-08-26,40.9,22.8,62.6,27.25,1912.1,1894.2,1957.3,1903.75,1878.9,1832.6,1896.2,1876.5,True
2008-08-27,39.2,21.8,60.0,34.5,1907.8,1890.7,1951.2,1916.5,1876.0,1831.7,1892.6,1882.0,True
2008-08-28,39.0,21.7,59.6,33.0,1918.0,1901.0,1961.1,1924.0,1886.4,1842.3,1902.8,1891.0,True
2008-08-29,39.1,21.8,59.8,40.5,1921.8,1904.8,1965.0,1908.0,1890.1,1845.9,1906.6,1867.5,True
2008-09-02,38.4,21.4,58.9,71.5,1891.0,1874.3,1933.4,1915.5,1859.8,1816.4,1876.1,1844.0,True
2008-09-03,41.1,22.9,62.9,37.75,1868.9,1851.0,1914.3,1859.5,1835.5,1789.1,1852.9,1821.75,True
2008-09-04,41.5,23.1,63.5,62.25,1851.6,1833.5,1897.4,1836.25,1817.9,1771.0,1835.4,1774.0,True
2008-09-05,43.0,24.0,65.8,39.25,1793.7,1774.9,1841.1,1780.5,1758.8,1710.2,1776.9,1741.25,True
2008-09-08,43.1,24.0,66.0,80.0,1788.0,1769.2,1835.5,1815.25,1753.0,1704.3,1771.2,1735.25,True
2008-09-09,46.9,26.1,71.6,59.5,1780.3,1759.9,1832.0,1780.25,1742.2,1689.3,1762.0,1720.75,True
2008-09-10,46.5,26.0,70.9,29.75,1748.1,1727.9,1799.4,1755.75,1710.4,1657.9,1730.0,1726.0,True
2008-09-11,46.1,25.8,70.3,71.25,1756.7,1736.6,1807.5,1776.5,1719.3,1667.2,1738.8,1705.25,True
2008-09-12,48.5,27.1,74.0,36.25,1795.5,1774.3,1848.9,1780.0,1756.1,1701.3,1776.6,1743.75,True
2008-09-15,48.8,27.3,74.5,57.25,1793.6,1772.3,1847.4,1763.25,1753.9,1698.9,1774.6,1706.0,False
2008-09-16,45.8,25.6,69.9,56.75,1734.6,1714.5,1785.1,1740.75,1697.4,1645.7,1716.7,1684.0,True
2008-09-17,46.6,26.1,71.0,105.5,1745.7,1725.2,1797.0,1739.75,1707.8,1655.2,1727.5,1634.25,False
2008-09-18,52.1,29.1,79.8,100.5,1662.5,1639.6,1719.8,1706.25,1620.1,1561.2,1642.1,1605.75,True
2008-09-19,58.5,32.7,89.6,92.25,1724.6,1699.0,1789.0,1788.75,1677.0,1611.0,1701.8,1696.5,True
2008-09-22,67.3,37.5,103.2,88.75,1796.2,1766.6,1870.3,1752.0,1741.4,1665.4,1769.9,1663.25,False
2008-09-23,67.6,37.7,103.5,54.0,1697.9,1668.1,1772.4,1701.75,1642.9,1566.3,1671.5,1647.75,True
2008-09-24,67.8,37.8,103.8,32.5,1678.8,1648.9,1753.4,1682.0,1623.6,1546.8,1652.3,1649.5,True
2008-09-25,63.2,35.2,97.1,49.5,1698.4,1670.5,1767.9,1714.25,1647.0,1575.3,1673.7,1664.75,True
2008-09-26,59.1,33.0,90.9,54.5,1704.7,1678.6,1769.7,1684.5,1656.6,1589.6,1681.5,1630.0,True
2008-09-29,56.3,31.4,86.6,194.0,1698.3,1673.4,1760.2,1688.0,1652.4,1588.6,1676.2,1494.0,False
2008-09-30,63.0,35.1,96.6,100.0,1538.3,1510.5,1607.6,1605.75,1487.0,1415.4,1513.6,1505.75,True
2008-10-01,73.4,40.8,112.9,48.0,1624.9,1592.5,1705.6,1600.25,1565.2,1481.7,1596.1,1552.25,True
2008-10-02,74.6,41.4,114.6,95.0,1609.9,1577.0,1691.9,1590.75,1549.2,1464.4,1580.7,1495.75,True
2008-10-03,75.8,42.1,116.4,87.0,1542.1,1508.7,1625.5,1561.75,1480.4,1394.3,1512.4,1474.75,True
2008-10-06,78.7,43.6,120.8,136.25,1510.3,1475.6,1596.8,1480.0,1446.2,1356.8,1479.5,1343.75,False
2008-10-07,74.6,41.4,114.6,107.75,1437.6,1404.7,1519.6,1440.0,1376.8,1292.0,1408.4,1332.25,True
2008-10-08,74.2,41.1,114.0,112.5,1367.5,1334.7,1449.0,1393.25,1306.9,1222.6,1338.4,1280.75,True
2008-10-09,80.7,44.6,123.7,110.5,1353.7,1318.1,1442.3,1373.0,1287.7,1196.2,1322.0,1262.5,True
2008-10-10,82.1,45.4,125.8,128.0,1306.3,1270.1,1396.4,1326.25,1239.1,1146.0,1274.1,1198.25,True
2008-10-13,90.4,49.9,138.6,162.0,1320.3,1280.4,1419.5,1459.5,1246.3,1143.8,1284.8,1297.5,False
2008-10-14,110.6,61.1,169.5,145.75,1504.7,1455.9,1627.1,1499.0,1414.2,1288.8,1461.7,1353.25,True
2008-10-15,109.6,60.6,167.8,162.25,1411.8,1363.4,1533.1,1391.25,1322.1,1197.9,1369.2,1229.0,True
2008-10-16,105.3,58.2,161.0,139.5,1273.0,1226.5,1389.5,1330.75,1186.8,1067.5,1232.1,1191.25,True
2008-10-17,119.8,66.3,183.1,102.75,1373.0,1320.2,1505.6,1371.75,1275.0,1139.2,1326.5,1269.0,True
2008-10-20,117.0,64.7,178.8,72.25,1359.9,1308.2,1489.4,1363.25,1264.1,1131.5,1314.4,1291.0,True
2008-10-21,112.7,62.3,172.4,83.75,1407.1,1357.3,1531.8,1364.25,1314.9,1187.1,1363.3,1280.5,True
2008-10-22,102.8,56.8,157.3,115.75,1335.4,1290.1,1449.2,1324.0,1251.3,1134.8,1295.5,1208.25,True
2008-10-23,97.0,53.7,148.5,89.75,1288.5,1245.7,1395.9,1265.5,1209.1,1099.2,1250.8,1175.75,True
2008-10-24,93.4,51.7,143.1,105.0,1292.5,1251.3,1395.9,1254.75,1216.1,1110.3,1256.2,1149.75,True
2008-10-27,91.3,50.5,139.7,91.75,1229.5,1189.3,1330.7,1228.5,1154.9,1051.5,1194.1,1136.75,True
2008-10-28,92.9,51.4,142.1,157.75,1200.7,1159.8,1303.6,1309.0,1124.8,1019.5,1164.7,1151.25,False
2008-10-29,117.6,65.0,179.7,75.5,1357.0,1305.2,1487.5,1346.75,1260.8,1127.6,1311.4,1271.25,True
2008-10-30,110.6,61.1,169.1,61.75,1340.1,1291.4,1462.8,1354.75,1249.7,1124.4,1297.2,1293.0,True
2008-10-31,110.8,61.3,169.6,56.0,1391.2,1342.4,1514.1,1361.25,1300.6,1175.1,1348.2,1305.25,True
2008-11-03,104.3,57.7,159.9,34.0,1380.5,1334.6,1496.2,1356.5,1295.2,1177.0,1340.0,1322.5,True
2008-11-04,95.5,52.8,146.5,50.25,1381.3,1339.3,1487.2,1384.0,1303.3,1195.0,1344.2,1333.75,True
2008-11-05,80.8,44.5,124.0,92.75,1414.2,1378.6,1503.8,1389.0,1348.2,1256.6,1382.8,1296.25,True
2008-11-06,78.0,43.0,119.6,70.75,1338.8,1304.5,1425.3,1305.75,1275.0,1186.6,1308.4,1235.0,True
2008-11-07,74.6,41.1,114.4,48.75,1271.6,1238.8,1354.3,1290.0,1210.6,1126.1,1242.6,1241.25,True
2008-11-10,75.7,41.7,116.2,85.75,1320.0,1286.8,1404.0,1321.25,1258.2,1172.4,1290.6,1235.5,True
2008-11-11,80.1,44.1,122.8,54.0,1289.9,1254.7,1378.7,1262.0,1224.4,1133.7,1258.7,1208.0,True
2008-11-12,77.2,42.5,118.3,83.75,1255.2,1221.3,1340.8,1244.75,1192.0,1104.6,1225.1,1161.0,True
2008-11-13,72.5,39.9,111.1,135.25,1193.7,1161.9,1274.1,1243.75,1134.4,1052.3,1165.5,1108.5,True
2008-11-14,86.0,47.2,131.6,84.75,1270.3,1232.6,1365.7,1239.75,1200.0,1102.6,1236.9,1155.0,True
2008-11-17,82.5,45.4,126.0,49.5,1189.9,1153.7,1281.4,1188.75,1122.4,1029.0,1157.8,1139.25,True
2008-11-18,77.9,42.9,119.1,62.5,1191.0,1156.8,1277.3,1175.5,1127.3,1039.0,1160.6,1113.0,True
2008-11-19,79.6,43.9,121.7,89.25,1207.1,1172.2,1295.4,1172.0,1142.1,1051.9,1176.2,1082.75,False
2008-11-20,75.6,41.7,115.4,83.75,1123.9,1090.7,1207.8,1115.0,1062.2,976.6,1094.6,1031.25,True
2008-11-21,68.2,37.7,104.3,75.25,1067.8,1037.9,1143.5,1093.0,1012.1,934.9,1041.3,1017.75,True
2008-11-24,71.6,39.6,109.4,91.75,1120.8,1089.3,1200.2,1164.0,1062.3,981.2,1092.9,1072.25,True
2008-11-25,80.3,44.3,122.6,56.5,1180.4,1145.1,1269.5,1174.25,1114.8,1023.9,1149.2,1117.75,True
2008-11-26,77.8,43.0,118.9,73.0,1167.8,1133.7,1254.2,1195.0,1104.3,1016.2,1137.6,1122.0,True
2008-11-28,80.2,44.3,122.7,28.25,1227.9,1192.6,1316.8,1199.5,1162.3,1071.5,1196.6,1171.25,True
2008-12-01,70.0,38.7,107.3,98.0,1215.1,1184.3,1292.8,1188.25,1157.9,1078.7,1187.9,1090.25,True
2008-12-02,66.8,36.8,102.2,46.5,1122.2,1092.9,1196.4,1136.0,1067.7,992.1,1096.3,1089.5,True
2008-12-03,64.1,35.4,98.1,70.5,1159.7,1131.5,1230.8,1166.5,1107.3,1034.7,1134.7,1096.0,True
2008-12-04,67.5,37.3,103.4,60.0,1184.1,1154.4,1258.9,1169.0,1128.9,1052.5,1157.8,1109.0,True
2008-12-05,65.4,36.1,100.2,86.0,1162.2,1133.4,1234.7,1181.0,1108.8,1034.7,1136.7,1095.0,True
2008-12-08,75.3,41.5,115.3,67.0,1209.3,1176.2,1292.8,1237.75,1147.8,1062.5,1180.0,1170.75,True
2008-12-09,74.0,40.8,113.3,52.0,1242.8,1210.2,1324.9,1252.5,1182.3,1098.5,1213.9,1200.5,True
2008-12-10,74.0,40.8,113.3,37.0,1247.8,1215.2,1329.9,1240.25,1187.3,1103.5,1218.9,1203.25,True
2008-12-11,69.5,38.2,106.5,54.0,1246.0,1215.4,1323.0,1229.5,1189.1,1110.4,1218.8,1175.5,True
2008-12-12,66.4,36.5,101.8,81.0,1216.1,1186.9,1289.8,1215.0,1161.9,1086.7,1190.2,1134.0,True
2008-12-15,67.5,37.2,103.2,56.0,1241.6,1211.9,1316.4,1222.75,1186.4,1110.0,1215.2,1166.75,True
2008-12-16,64.3,35.4,98.4,58.0,1220.2,1192.0,1291.6,1246.0,1167.7,1094.9,1195.1,1188.0,True
2008-12-17,65.9,36.3,100.8,38.5,1266.4,1237.4,1339.5,1242.25,1212.6,1137.9,1240.7,1203.75,True
2008-12-18,64.2,35.4,98.2,42.5,1253.7,1225.5,1324.9,1235.5,1201.3,1128.6,1228.6,1193.0,True
2008-12-19,62.5,34.4,95.7,13.25,1249.9,1222.5,1319.3,1223.25,1198.9,1128.2,1225.6,1210.0,True
2008-12-22,52.6,29.0,80.5,54.0,1238.4,1215.3,1296.7,1223.5,1195.5,1135.9,1217.9,1169.5,True
2008-12-23,51.2,28.2,78.3,30.25,1218.2,1195.8,1275.1,1206.5,1176.5,1118.5,1198.3,1176.25,True
2008-12-24,45.9,25.3,70.2,10.75,1203.5,1183.4,1254.5,1189.5,1166.1,1114.1,1185.6,1178.75,True
2008-12-26,40.5,22.3,62.0,12.25,1196.8,1179.0,1241.7,1191.0,1163.8,1117.9,1181.0,1178.75,True
2008-12-29,34.8,19.1,53.5,41.75,1202.9,1187.7,1241.6,1198.0,1174.5,1135.1,1189.4,1156.25,True
2008-12-30,38.6,21.2,59.3,32.75,1191.4,1174.6,1234.3,1208.0,1160.0,1116.3,1176.5,1175.25,True
2008-12-31,36.1,19.8,55.5,28.0,1220.9,1205.1,1261.0,1224.75,1191.5,1150.6,1206.9,1196.75,True
2009-01-02,35.8,19.7,55.1,67.25,1227.3,1211.7,1267.1,1268.25,1198.1,1157.6,1213.4,1201.0,False
2009-01-05,44.3,24.3,68.1,30.75,1271.4,1252.0,1320.7,1275.0,1235.2,1185.1,1254.1,1244.25,True
2009-01-06,46.0,25.3,70.7,27.5,1284.1,1263.9,1335.3,1287.0,1246.6,1194.5,1266.1,1259.5,True
2009-01-07,43.3,23.8,66.6,45.75,1289.0,1270.0,1337.1,1273.25,1253.6,1204.6,1272.1,1227.5,True
2009-01-08,43.1,23.7,66.2,30.0,1257.4,1238.5,1305.3,1252.75,1222.2,1173.4,1240.5,1222.75,True
2009-01-09,42.2,23.2,64.8,40.25,1267.0,1248.5,1313.9,1256.25,1232.6,1184.8,1250.5,1216.0,True
2009-01-12,37.7,20.7,57.8,39.75,1237.1,1220.6,1279.0,1226.0,1206.4,1163.7,1222.4,1186.25,True
2009-01-13,38.0,20.9,58.3,33.5,1221.7,1205.1,1264.0,1218.5,1190.8,1147.7,1206.9,1185.0,True
2009-01-14,38.6,21.3,59.2,55.5,1219.9,1203.1,1262.9,1210.75,1188.5,1144.8,1204.9,1155.25,True
2009-01-15,38.8,21.4,59.5,52.5,1181.5,1164.6,1224.7,1191.0,1149.9,1106.0,1166.4,1138.5,True
2009-01-16,41.0,22.6,62.8,36.5,1194.2,1176.3,1239.8,1201.0,1160.8,1114.4,1178.2,1164.5,True
2009-01-20,41.0,22.6,62.8,90.25,1213.9,1196.1,1259.6,1222.25,1180.6,1134.2,1198.0,1132.0,False
2009-01-21,44.8,24.7,68.7,45.0,1166.0,1146.5,1215.9,1185.0,1129.5,1078.8,1148.6,1140.0,True
2009-01-22,47.4,26.1,72.6,56.25,1201.1,1180.4,1253.8,1202.25,1162.5,1108.8,1182.6,1146.0,True
2009-01-23,47.7,26.3,73.0,49.5,1192.0,1171.2,1245.0,1191.0,1153.1,1099.1,1173.4,1141.5,True
2009-01-26,48.1,26.5,73.5,54.5,1184.2,1163.2,1237.6,1201.25,1144.9,1090.5,1165.4,1146.75,True
2009-01-27,50.4,27.8,77.1,24.0,1200.4,1178.4,1256.4,1200.25,1159.3,1102.2,1180.7,1176.25,True
2009-01-28,44.3,24.4,67.8,59.75,1204.1,1184.8,1253.3,1244.75,1168.0,1117.8,1186.8,1185.0,True
2009-01-29,48.8,26.9,74.6,35.25,1251.5,1230.2,1305.7,1231.25,1211.7,1156.4,1232.4,1196.0,True
2009-01-30,45.9,25.3,70.2,40.5,1225.0,1205.0,1276.0,1214.25,1187.6,1135.6,1207.1,1173.75,True
2009-02-02,43.8,24.1,67.0,48.5,1197.4,1178.3,1246.1,1202.0,1161.7,1112.1,1180.3,1153.5,True
2009-02-03,43.9,24.2,67.0,40.25,1206.9,1187.8,1255.7,1217.75,1171.1,1121.4,1189.8,1177.5,True
2009-02-04,46.5,25.6,71.1,39.0,1227.0,1206.7,1278.7,1242.75,1189.1,1136.4,1208.9,1203.75,True
2009-02-05,43.8,24.1,66.9,64.25,1232.2,1213.0,1280.8,1249.25,1196.4,1146.8,1215.0,1185.0,True
2009-02-06,48.6,26.9,74.1,49.25,1254.7,1233.4,1308.6,1279.5,1215.0,1160.0,1235.7,1230.25,True
2009-02-09,51.5,28.6,78.5,27.5,1297.1,1274.6,1354.3,1285.5,1255.1,1196.8,1277.0,1258.0,True
2009-02-10,48.3,26.8,73.7,64.5,1295.8,1274.7,1349.4,1286.0,1256.4,1201.7,1276.9,1221.5,True
2009-02-11,49.8,27.6,75.8,33.25,1253.2,1231.4,1308.5,1239.75,1212.5,1156.1,1233.7,1206.5,True
2009-02-12,48.5,27.0,73.9,44.5,1244.6,1223.5,1298.5,1247.0,1205.1,1150.1,1225.7,1202.5,True
2009-02-13,47.3,26.3,72.0,29.0,1264.9,1244.2,1317.4,1255.0,1226.3,1172.7,1246.4,1226.0,True
2009-02-17,44.2,24.6,67.3,48.0,1247.6,1228.3,1296.7,1227.0,1211.5,1161.5,1230.3,1179.0,False
2009-02-18,44.7,24.9,68.2,32.5,1201.0,1181.4,1250.7,1204.0,1164.5,1114.0,1183.6,1171.5,True
2009-02-19,41.1,22.9,62.7,36.25,1197.1,1179.0,1242.7,1201.5,1163.5,1117.0,1181.0,1165.25,True
2009-02-20,41.3,23.0,63.0,33.5,1187.6,1169.5,1233.5,1183.5,1153.9,1107.2,1171.5,1150.0,True
2009-02-23,39.0,21.8,59.6,70.5,1187.9,1170.8,1231.2,1196.0,1156.1,1111.9,1172.7,1125.5,True
2009-02-24,42.9,24.0,65.8,43.75,1153.5,1134.7,1201.2,1176.75,1118.5,1070.0,1136.8,1133.0,True
2009-02-25,43.5,24.4,66.6,42.25,1181.5,1162.5,1229.8,1184.25,1146.0,1096.8,1164.5,1142.0,True
2009-02-26,44.0,24.7,67.4,48.25,1172.3,1153.0,1221.1,1175.0,1136.3,1086.5,1155.0,1126.75,True
2009-02-27,44.3,24.8,67.8,31.5,1150.7,1131.2,1199.8,1138.75,1114.4,1064.3,1133.3,1107.25,True
2009-03-02,43.7,24.5,67.0,41.75,1135.2,1116.0,1183.6,1116.0,1099.4,1050.0,1118.0,1074.25,True
2009-03-03,39.9,22.3,61.0,34.25,1102.6,1085.1,1146.8,1102.25,1069.9,1024.8,1086.9,1068.0,True
2009-03-04,38.6,21.6,59.1,63.0,1088.0,1071.1,1130.9,1125.0,1056.5,1012.8,1072.9,1062.0,True
2009-03-05,42.9,24.0,65.8,50.25,1118.8,1100.0,1166.4,1122.25,1083.7,1035.2,1102.0,1072.0,True
2009-03-06,42.8,23.9,65.5,46.5,1100.8,1082.0,1148.3,1089.5,1065.8,1017.4,1084.0,1043.0,True
2009-03-09,44.3,24.8,67.8,47.5,1094.9,1075.5,1144.0,1087.75,1058.7,1008.6,1077.5,1040.25,True
2009-03-10,44.0,24.6,67.4,70.75,1065.3,1046.0,1114.1,1112.5,1029.3,979.5,1048.0,1041.75,True
2009-03-11,50.8,28.4,77.8,30.75,1127.1,1104.8,1183.5,1135.75,1085.5,1028.1,1107.2,1105.0,True
2009-03-12,47.9,27.0,73.4,56.0,1144.9,1123.9,1198.0,1167.75,1105.7,1051.6,1126.1,1111.75,True
2009-03-13,51.0,28.7,78.0,26.75,1185.7,1163.3,1242.3,1176.0,1144.0,1086.3,1165.7,1149.25,True
2009-03-16,48.0,27.0,73.5,38.0,1189.4,1168.4,1242.7,1182.0,1150.2,1095.9,1170.6,1144.0,True
2009-03-17,46.2,26.0,70.7,44.0,1172.9,1152.7,1224.2,1192.25,1135.2,1082.9,1154.8,1148.25,True
2009-03-18,44.1,24.9,67.5,45.25,1209.6,1190.2,1258.5,1225.25,1173.5,1123.6,1192.3,1180.0,True
2009-03-19,46.7,26.4,71.4,27.75,1233.2,1212.6,1284.9,1223.75,1195.0,1142.1,1214.9,1196.0,True
2009-03-20,42.3,23.9,64.6,15.25,1222.1,1203.5,1269.0,1209.5,1187.5,1139.6,1205.5,1194.25,True
2009-03-23,40.7,23.0,62.2,71.5,1232.0,1214.2,1277.2,1258.0,1198.8,1152.7,1216.1,1186.5,True
2009-03-24,46.7,26.4,71.4,23.5,1271.4,1250.9,1323.2,1255.0,1233.2,1180.4,1253.1,1231.5,True
2009-03-25,43.0,24.2,65.8,56.25,1254.1,1235.2,1301.8,1261.5,1219.0,1170.3,1237.3,1205.25,True
2009-03-26,43.7,24.6,66.8,50.75,1251.7,1232.5,1300.1,1281.75,1215.9,1166.5,1234.5,1231.0,True
2009-03-27,47.8,26.9,73.0,29.0,1292.9,1271.9,1345.8,1277.0,1253.8,1199.7,1274.1,1248.0,True
2009-03-30,48.0,27.1,73.5,51.0,1275.9,1254.9,1329.1,1254.5,1236.7,1182.4,1257.1,1203.5,False
2009-03-31,44.4,25.1,67.9,35.75,1241.2,1221.7,1290.4,1257.75,1204.9,1154.7,1223.8,1222.0,True
2009-04-01,46.4,26.2,70.9,44.75,1256.8,1236.4,1308.2,1254.75,1218.8,1166.4,1238.6,1210.0,True
2009-04-02,45.7,25.7,69.7,62.0,1270.0,1249.9,1320.6,1310.75,1232.6,1181.0,1252.1,1248.75,True
2009-04-03,49.3,27.8,75.1,24.75,1322.0,1300.3,1376.5,1318.0,1281.7,1226.0,1302.7,1293.25,True
2009-04-06,48.1,27.1,73.5,42.0,1336.2,1315.1,1389.5,1327.5,1296.9,1242.6,1317.4,1285.5,True
2009-04-07,46.3,26.1,70.8,50.5,1331.2,1310.9,1382.5,1317.25,1293.4,1241.1,1313.1,1266.75,True
2009-04-08,46.4,26.1,70.8,38.75,1300.0,1279.6,1351.4,1305.75,1262.1,1209.7,1281.8,1267.0,True
2009-04-09,45.8,25.8,70.0,44.0,1317.5,1297.4,1368.2,1341.25,1280.1,1228.4,1299.6,1297.25,True
2009-04-13,44.0,24.8,67.2,22.0,1354.3,1335.0,1402.9,1343.5,1318.3,1268.6,1337.0,1321.5,True
2009-04-14,43.2,24.3,65.9,30.5,1349.9,1331.0,1397.7,1341.0,1314.6,1265.8,1333.0,1310.5,True
2009-04-15,40.9,23.0,62.4,26.5,1341.0,1323.0,1386.2,1320.0,1307.6,1261.4,1325.0,1293.5,False
2009-04-16,37.8,21.3,57.7,51.0,1332.7,1316.1,1374.5,1358.25,1301.8,1259.1,1317.9,1307.25,True
2009-04-17,40.3,22.8,61.6,24.0,1368.7,1351.0,1413.3,1360.75,1335.8,1290.3,1352.9,1336.75,True
2009-04-20,37.2,21.0,56.8,48.0,1367.4,1351.1,1408.5,1349.5,1337.0,1295.1,1352.9,1301.5,False
2009-04-21,39.0,22.0,59.5,30.25,1329.6,1312.5,1372.8,1330.0,1297.8,1253.8,1314.4,1299.75,True
2009-04-22,39.5,22.3,60.3,47.25,1344.4,1327.0,1388.0,1362.0,1312.1,1267.5,1328.9,1314.75,True
2009-04-23,42.2,23.8,64.4,28.25,1341.0,1322.4,1387.6,1347.25,1306.5,1258.9,1324.5,1319.0,True
2009-04-24,39.2,22.2,59.9,43.0,1358.3,1341.0,1401.5,1378.5,1326.3,1282.0,1342.9,1335.5,True
2009-04-27,42.7,24.1,65.2,33.25,1392.7,1373.9,1439.9,1383.5,1357.9,1309.7,1376.0,1350.25,True
2009-04-28,40.3,22.8,61.6,26.5,1390.0,1372.2,1434.4,1377.5,1357.1,1311.6,1374.2,1351.0,True
2009-04-29,38.8,21.9,59.3,42.25,1376.6,1359.5,1419.4,1397.25,1344.9,1301.1,1361.4,1355.0,True
2009-04-30,38.8,21.9,59.3,41.0,1393.8,1376.8,1436.7,1417.25,1362.2,1318.4,1378.7,1376.25,True
2009-05-01,40.3,22.8,61.4,21.75,1410.2,1392.5,1454.7,1402.75,1377.3,1331.9,1394.4,1381.0,True
2009-05-04,37.5,21.2,57.3,28.25,1414.1,1397.6,1455.4,1425.75,1383.5,1341.1,1399.4,1397.5,True
2009-05-05,37.0,20.9,56.5,22.0,1437.9,1421.6,1478.6,1428.25,1407.7,1365.9,1423.4,1406.25,True
2009-05-06,35.5,20.1,54.3,36.5,1442.0,1426.4,1481.1,1435.5,1413.0,1373.0,1428.1,1399.0,True
2009-05-07,34.8,19.7,53.2,62.5,1444.2,1428.9,1482.5,1437.75,1415.8,1376.5,1430.6,1375.25,False
2009-05-08,36.4,20.7,55.7,34.5,1409.6,1393.6,1449.7,1410.25,1379.9,1338.7,1395.4,1375.75,True
2009-05-11,37.3,21.1,57.1,43.75,1405.0,1388.6,1446.1,1409.75,1374.5,1332.3,1390.4,1366.0,True
2009-05-12,39.1,22.2,59.9,45.75,1413.0,1395.8,1456.0,1406.5,1381.0,1336.8,1397.7,1360.75,True
2009-05-13,41.2,23.4,62.9,51.25,1402.1,1384.0,1447.5,1389.5,1368.4,1321.8,1386.0,1338.25,True
2009-05-14,42.1,23.9,64.3,32.25,1361.7,1343.2,1408.1,1368.75,1327.3,1279.7,1345.2,1336.5,True
2009-05-15,39.9,22.6,60.9,31.75,1370.3,1352.8,1414.2,1373.0,1337.7,1292.6,1354.7,1341.25,True
2009-05-18,39.8,22.6,60.8,50.0,1370.8,1353.3,1414.6,1392.5,1338.2,1293.2,1355.2,1342.5,True
2009-05-19,41.5,23.5,63.3,31.5,1405.7,1387.5,1451.4,1410.5,1371.8,1324.9,1389.5,1379.0,True
2009-05-20,40.4,22.9,61.7,36.5,1410.8,1393.0,1455.2,1423.0,1377.8,1332.1,1394.9,1386.5,True
2009-05-21,38.5,21.9,58.8,41.5,1408.5,1391.5,1450.8,1393.5,1377.1,1333.5,1393.4,1352.0,True
2009-05-22,38.8,22.0,59.3,27.0,1383.6,1366.5,1426.3,1379.25,1351.9,1308.0,1368.4,1352.25,True
2009-05-26,37.6,21.4,57.5,71.75,1376.4,1359.8,1417.7,1414.5,1345.7,1303.1,1361.6,1342.75,True
2009-05-27,42.3,24.0,64.5,31.0,1428.3,1409.7,1474.8,1428.75,1393.8,1345.9,1411.7,1397.75,True
2009-05-28,41.8,23.7,63.7,35.0,1421.4,1403.0,1467.3,1424.25,1387.2,1339.9,1405.0,1389.25,True
2009-05-29,42.0,23.9,64.1,31.75,1435.7,1417.2,1481.8,1442.75,1401.4,1353.8,1419.2,1411.0,True
2009-06-01,41.6,23.6,63.4,52.25,1452.8,1434.5,1498.5,1482.25,1418.8,1371.7,1436.5,1430.0,True
2009-06-02,45.1,25.6,68.9,30.0,1488.8,1468.9,1538.2,1494.5,1451.9,1400.8,1471.1,1464.5,True
2009-06-03,40.1,22.8,61.3,25.75,1495.2,1477.5,1539.2,1484.5,1462.4,1417.0,1479.4,1458.75,True
2009-06-04,39.4,22.4,60.3,20.0,1493.9,1476.5,1537.1,1493.75,1461.7,1417.1,1478.4,1473.75,True
2009-06-05,37.6,21.4,57.6,34.5,1508.7,1492.1,1549.9,1513.0,1477.9,1435.4,1493.9,1478.5,True
2009-06-08,38.0,21.6,58.2,33.5,1510.8,1494.1,1552.5,1500.25,1479.8,1436.7,1495.9,1466.75,True
2009-06-09,35.3,20.1,54.0,23.0,1505.2,1489.6,1543.9,1509.5,1476.3,1436.4,1491.3,1486.5,True
2009-06-10,33.8,19.3,51.8,44.5,1514.8,1499.9,1551.9,1517.75,1487.2,1448.9,1501.5,1473.25,True
2009-06-11,36.1,20.5,55.2,23.75,1510.8,1494.9,1550.4,1512.0,1481.3,1440.4,1496.6,1488.25,True
2009-06-12,36.0,20.5,55.1,27.75,1507.0,1491.1,1546.5,1497.5,1477.6,1436.8,1492.8,1469.75,True
2009-06-15,34.7,19.7,53.0,38.25,1501.0,1485.6,1539.0,1483.0,1472.6,1433.3,1487.3,1444.75,False
2009-06-16,34.2,19.5,52.3,27.0,1472.8,1457.6,1510.2,1469.5,1444.8,1406.1,1459.3,1442.5,True
2009-06-17,34.3,19.5,52.5,31.25,1460.0,1444.9,1497.6,1470.75,1432.0,1393.2,1446.5,1439.5,True
2009-06-18,33.1,18.9,50.7,19.75,1468.5,1453.9,1504.8,1464.25,1441.5,1404.0,1455.5,1444.5,True
2009-06-19,31.9,18.2,49.0,21.25,1464.3,1450.2,1499.2,1469.0,1438.2,1402.1,1451.7,1447.75,True
2009-06-22,31.4,18.0,48.2,49.25,1483.6,1469.7,1518.0,1470.5,1457.9,1422.4,1471.3,1421.25,False
2009-06-23,31.9,18.2,49.0,22.25,1441.3,1427.2,1476.2,1434.25,1415.2,1379.1,1428.7,1412.0,True
2009-06-24,31.1,17.8,47.6,37.0,1436.9,1423.2,1471.0,1457.0,1411.5,1376.3,1424.7,1420.0,True
2009-06-25,32.4,18.6,49.7,44.0,1460.8,1446.4,1496.2,1476.75,1434.3,1397.6,1448.0,1432.75,True
2009-06-26,34.9,20.0,53.5,18.25,1487.5,1472.1,1525.8,1482.0,1459.0,1419.5,1473.8,1463.75,True
2009-06-29,34.5,19.8,52.9,25.75,1491.1,1475.9,1528.9,1492.5,1462.9,1423.8,1477.5,1466.75,True
2009-06-30,31.8,18.2,48.8,26.0,1494.8,1480.7,1529.6,1491.75,1468.8,1432.7,1482.2,1465.75,True
2009-07-01,31.9,18.3,48.8,22.0,1489.5,1475.5,1524.5,1496.25,1463.5,1427.3,1477.0,1474.25,True
2009-07-02,29.5,17.0,45.2,38.0,1491.0,1478.0,1523.4,1479.25,1466.9,1433.5,1479.4,1441.25,True
2009-07-06,28.2,16.2,43.1,22.0,1457.0,1444.5,1487.9,1444.25,1433.9,1402.0,1445.9,1422.25,False
2009-07-07,28.5,16.4,43.7,45.5,1452.9,1440.2,1484.1,1446.75,1429.6,1397.3,1441.7,1401.25,True
2009-07-08,30.5,17.5,46.7,23.0,1420.7,1407.1,1454.1,1415.5,1395.8,1361.2,1408.7,1392.5,True
2009-07-09,30.2,17.4,46.3,14.75,1419.5,1406.1,1452.7,1421.25,1394.9,1360.7,1407.7,1406.5,True
2009-07-10,29.3,16.8,45.0,23.75,1425.7,1412.7,1457.8,1426.5,1401.8,1368.6,1414.2,1402.75,True
2009-07-13,28.0,16.0,42.9,47.25,1427.7,1415.2,1458.3,1446.75,1404.8,1373.1,1416.6,1399.5,True
2009-07-14,31.4,17.9,48.2,16.0,1455.6,1441.6,1490.0,1453.25,1429.9,1394.3,1443.2,1437.25,True
2009-07-15,28.3,16.1,43.5,37.25,1458.5,1446.0,1489.5,1499.5,1435.4,1403.4,1447.4,1462.25,False
2009-07-16,30.9,17.6,47.6,31.25,1510.1,1496.4,1544.1,1520.25,1484.9,1449.9,1498.0,1489.0,True
2009-07-17,32.8,18.7,50.4,24.25,1526.4,1511.8,1562.5,1529.0,1499.6,1462.5,1513.5,1504.75,True
2009-07-20,32.9,18.8,50.5,20.5,1541.7,1527.1,1577.9,1544.0,1514.8,1477.6,1528.8,1523.5,True
2009-07-21,29.6,16.9,45.5,26.75,1552.8,1539.7,1585.4,1555.0,1528.7,1495.1,1541.2,1528.25,True
2009-07-22,30.9,17.7,47.6,26.5,1566.9,1553.2,1600.9,1571.25,1541.6,1506.6,1554.7,1544.75,True
2009-07-23,29.5,16.9,45.4,48.75,1568.8,1555.7,1601.2,1603.75,1544.7,1511.3,1557.2,1555.0,False
2009-07-24,31.7,18.2,48.8,28.25,1597.2,1583.1,1632.3,1600.25,1571.3,1535.4,1584.7,1572.0,True
2009-07-27,32.4,18.6,49.9,30.5,1610.8,1596.4,1646.7,1609.0,1584.3,1547.6,1598.0,1578.5,True
2009-07-28,33.1,19.0,51.0,26.5,1613.3,1598.6,1650.0,1608.0,1586.3,1548.7,1600.3,1581.5,True
2009-07-29,32.5,18.7,50.1,20.0,1615.1,1600.6,1651.1,1603.75,1588.5,1551.7,1602.3,1583.75,True
2009-07-30,31.8,18.3,49.0,33.0,1614.0,1599.9,1649.2,1632.0,1588.0,1552.0,1601.5,1599.0,True
2009-07-31,30.1,17.3,46.4,20.25,1619.3,1606.0,1652.6,1618.75,1594.7,1560.6,1607.5,1598.5,True
2009-08-03,29.0,16.7,44.7,27.75,1614.1,1601.2,1646.2,1628.25,1590.4,1557.5,1602.7,1600.5,True
2009-08-04,29.1,16.8,45.0,19.75,1638.9,1626.0,1671.1,1632.5,1615.1,1582.1,1627.4,1612.75,True
2009-08-05,27.9,16.1,43.2,29.0,1641.9,1629.5,1672.8,1631.5,1619.1,1587.5,1630.9,1602.5,True
2009-08-06,28.6,16.5,44.3,31.0,1626.4,1613.8,1658.1,1624.5,1603.1,1570.6,1615.2,1593.5,True
2009-08-07,27.7,16.0,42.9,32.5,1612.8,1600.5,1643.5,1627.75,1590.2,1558.8,1601.9,1595.25,True
2009-08-10,29.6,17.0,45.7,22.0,1632.1,1619.0,1664.9,1619.75,1607.9,1574.4,1620.4,1597.75,True
2009-08-11,28.9,16.7,44.8,32.0,1624.5,1611.8,1656.6,1617.75,1600.9,1568.2,1613.2,1585.75,True
2009-08-12,30.0,17.3,45.9,46.5,1609.0,1595.7,1642.2,1633.75,1584.5,1550.5,1597.2,1587.25,True
2009-08-13,32.0,18.5,49.1,28.5,1632.1,1617.9,1667.5,1638.5,1605.9,1569.7,1619.5,1610.0,True
2009-08-14,32.4,18.8,49.6,39.0,1645.2,1630.9,1681.1,1634.0,1618.8,1582.1,1632.5,1595.0,True
2009-08-17,32.5,18.8,49.8,51.25,1628.5,1614.2,1664.5,1612.5,1602.0,1565.2,1615.8,1561.25,False
2009-08-18,34.7,20.2,53.5,24.5,1580.7,1565.2,1619.1,1588.25,1552.3,1513.0,1567.1,1563.75,True
2009-08-19,34.6,20.1,53.5,36.0,1601.4,1585.9,1639.7,1600.5,1573.1,1533.9,1587.8,1564.5,True
2009-08-20,34.2,19.9,52.8,29.25,1613.0,1597.7,1650.8,1620.25,1585.0,1546.3,1599.5,1591.0,True
2009-08-21,34.7,20.2,53.6,39.75,1628.5,1612.9,1666.8,1639.75,1600.1,1560.8,1614.8,1600.0,True
2009-08-24,35.5,20.7,54.8,19.5,1650.3,1634.4,1689.6,1648.25,1621.3,1581.1,1636.3,1628.75,True
2009-08-25,31.6,18.4,48.8,30.25,1647.2,1633.0,1682.1,1655.5,1621.3,1585.5,1634.7,1625.25,True
2009-08-26,32.1,18.7,49.6,21.75,1649.9,1635.5,1685.4,1649.25,1623.7,1587.3,1637.2,1627.5,True
2009-08-27,30.3,17.6,46.8,33.0,1649.1,1635.6,1682.6,1643.5,1624.4,1590.0,1637.2,1610.5,True
2009-08-28,30.7,17.9,47.5,38.0,1651.8,1638.1,1685.7,1668.5,1626.7,1591.9,1639.7,1630.5,True
2009-08-31,30.9,18.0,47.7,29.25,1655.4,1641.6,1689.5,1645.0,1630.1,1595.1,1643.2,1615.75,True
2009-09-01,31.6,18.4,48.7,58.75,1638.2,1624.1,1673.1,1649.0,1612.4,1576.5,1625.7,1590.25,True
2009-09-02,34.6,20.1,53.4,17.75,1609.9,1594.5,1648.1,1603.0,1581.6,1542.4,1596.3,1585.25,True
2009-09-03,34.2,19.9,52.9,24.0,1607.2,1592.0,1645.0,1608.5,1579.3,1540.6,1593.8,1584.5,True
2009-09-04,33.7,19.5,52.0,40.0,1618.0,1603.0,1655.2,1640.5,1590.5,1552.3,1604.8,1600.5,True
2009-09-08,34.8,20.2,53.7,23.0,1650.2,1634.7,1688.7,1656.75,1621.9,1582.4,1636.6,1633.75,True
2009-09-09,34.5,20.1,53.3,32.0,1669.6,1654.2,1707.7,1677.0,1641.5,1602.3,1656.0,1645.0,True
2009-09-10,31.6,18.4,48.8,24.75,1679.2,1665.1,1714.0,1686.5,1653.4,1617.5,1666.7,1661.75,True
2009-09-11,32.8,19.1,50.6,17.0,1698.7,1684.1,1734.8,1691.0,1672.0,1634.7,1685.8,1674.0,True
2009-09-14,31.5,18.3,48.7,23.5,1698.6,1684.6,1733.4,1693.5,1673.0,1637.2,1686.2,1670.0,True
2009-09-15,28.9,16.8,44.5,22.0,1701.8,1688.9,1733.7,1703.5,1678.3,1645.4,1690.4,1681.5,True
2009-09-16,28.6,16.7,44.2,30.25,1708.7,1695.9,1740.2,1725.0,1685.4,1652.9,1697.4,1694.75,True
2009-09-17,28.5,16.6,43.9,32.0,1731.4,1718.7,1762.8,1746.0,1708.2,1675.8,1720.2,1714.0,True
2009-09-18,28.9,16.8,44.5,19.5,1734.1,1721.2,1765.9,1735.0,1710.6,1677.7,1722.7,1715.5,True
2009-09-21,29.2,17.0,45.0,27.0,1745.7,1732.7,1777.8,1733.75,1721.9,1688.7,1734.2,1706.75,True
2009-09-22,29.2,17.0,44.9,15.75,1739.9,1726.9,1772.1,1741.25,1716.2,1683.0,1728.4,1725.5,True
2009-09-23,28.3,16.5,43.6,32.5,1746.1,1733.5,1777.2,1753.25,1723.0,1690.9,1734.9,1720.75,True
2009-09-24,28.0,16.3,43.1,40.75,1737.2,1724.7,1768.0,1736.75,1714.4,1682.6,1726.1,1696.0,True
2009-09-25,28.9,16.8,44.5,20.25,1711.6,1698.7,1743.4,1709.0,1688.1,1655.2,1700.2,1688.75,True
2009-09-28,28.9,16.9,44.4,44.5,1709.1,1696.2,1740.8,1732.5,1685.6,1652.7,1697.7,1688.0,True
2009-09-29,31.6,18.5,48.6,24.0,1735.9,1721.9,1770.7,1730.75,1710.2,1674.3,1723.5,1706.75,True
2009-09-30,32.3,18.9,49.6,41.25,1729.0,1714.6,1764.5,1730.0,1702.7,1666.0,1716.2,1688.75,True
2009-10-01,33.1,19.4,50.8,63.0,1731.3,1716.6,1767.7,1726.75,1704.4,1666.7,1718.3,1663.75,False
2009-10-02,35.0,20.4,53.8,25.0,1685.1,1669.6,1723.6,1674.75,1656.6,1616.8,1671.3,1649.75,True
2009-10-05,34.7,20.3,53.2,23.25,1676.7,1661.3,1714.9,1681.25,1648.5,1609.0,1663.0,1658.0,True
2009-10-06,33.1,19.4,50.8,37.25,1687.8,1673.1,1724.2,1711.25,1660.9,1623.2,1674.8,1674.0,True
2009-10-07,35.1,20.6,53.9,14.0,1715.4,1699.8,1753.9,1710.0,1686.8,1646.9,1701.6,1696.0,True
2009-10-08,32.1,18.8,49.4,23.25,1721.4,1707.2,1756.6,1730.75,1695.3,1658.7,1708.7,1707.5,True
2009-10-09,27.9,16.4,43.0,21.25,1728.2,1715.8,1758.8,1727.75,1705.5,1673.7,1717.1,1706.5,True
2009-10-12,27.3,16.0,42.1,24.0,1736.9,1724.8,1766.9,1740.5,1714.7,1683.6,1726.1,1716.5,True
2009-10-13,27.3,16.0,42.1,15.5,1739.2,1727.0,1769.1,1735.75,1717.0,1685.9,1728.4,1720.25,True
2009-10-14,24.6,14.3,37.9,16.75,1737.0,1726.1,1764.0,1754.5,1717.0,1689.0,1727.3,1737.75,False
2009-10-15,24.9,14.6,38.2,17.25,1758.1,1747.1,1785.5,1754.25,1737.9,1709.6,1748.3,1737.0,True
2009-10-16,24.0,14.0,36.8,33.25,1758.5,1747.9,1784.8,1758.0,1739.0,1711.7,1749.1,1724.75,True
2009-10-19,25.1,14.7,38.5,33.25,1742.0,1730.9,1769.5,1756.5,1721.6,1693.0,1732.1,1723.25,True
2009-10-20,26.5,15.5,40.7,30.0,1761.3,1749.6,1790.4,1773.5,1739.8,1709.6,1750.9,1743.5,True
2009-10-21,28.5,16.7,43.7,33.25,1770.2,1757.5,1801.4,1779.25,1747.0,1714.5,1758.9,1746.0,True
2009-10-22,30.2,17.7,46.4,28.75,1765.9,1752.5,1798.9,1766.25,1741.3,1706.9,1754.0,1737.5,True
2009-10-23,31.9,18.6,48.9,31.5,1775.8,1761.7,1810.8,1778.25,1749.9,1713.6,1763.2,1746.75,True
2009-10-26,31.5,18.4,48.2,39.75,1765.2,1751.2,1799.7,1777.25,1739.5,1703.7,1752.7,1737.5,True
2009-10-27,31.9,18.6,48.9,38.75,1761.3,1747.2,1796.3,1751.75,1735.4,1699.1,1748.7,1713.0,True
2009-10-28,32.7,19.1,50.1,45.75,1733.4,1718.9,1769.2,1723.0,1706.8,1669.6,1720.5,1677.25,True
2009-10-29,33.2,19.4,50.8,35.75,1693.9,1679.2,1730.2,1713.0,1666.8,1629.1,1680.8,1677.25,True
2009-10-30,34.9,20.3,53.4,51.75,1722.1,1706.6,1760.3,1711.75,1693.7,1654.0,1708.3,1660.0,True
2009-11-02,36.2,21.1,55.2,37.5,1680.6,1664.6,1720.3,1687.75,1651.2,1610.0,1666.3,1650.25,True
2009-11-03,35.7,20.8,54.5,26.5,1683.9,1668.1,1723.0,1677.5,1654.8,1614.3,1669.8,1651.0,True
2009-11-04,34.8,20.4,53.2,26.5,1690.1,1674.6,1728.1,1700.0,1661.7,1622.1,1676.3,1673.5,True
2009-11-05,33.4,19.6,50.9,50.5,1700.7,1685.9,1737.3,1722.0,1673.5,1635.5,1687.5,1671.5,True
2009-11-06,35.7,20.9,54.3,32.5,1734.2,1718.4,1773.2,1737.5,1705.1,1664.5,1720.1,1705.0,True
2009-11-09,34.5,20.2,52.4,40.0,1744.2,1728.9,1781.9,1767.5,1716.0,1676.8,1730.6,1727.5,True
2009-11-10,35.7,20.9,54.2,17.5,1781.4,1765.6,1820.5,1776.5,1752.3,1711.8,1767.3,1759.0,True
2009-11-11,34.8,20.3,52.9,21.75,1787.1,1771.6,1825.1,1792.5,1758.7,1719.1,1773.3,1770.75,True
2009-11-12,34.2,20.0,52.1,25.0,1798.1,1782.9,1835.5,1793.5,1770.2,1731.3,1784.5,1768.5,True
2009-11-13,31.1,18.2,47.4,22.25,1786.8,1773.0,1820.8,1792.5,1761.4,1726.1,1774.5,1770.25,True
2009-11-16,30.1,17.7,45.9,26.5,1800.8,1787.5,1833.8,1813.75,1776.3,1742.1,1788.9,1787.25,True
2009-11-17,28.7,16.8,43.7,16.5,1815.5,1802.8,1846.9,1811.75,1792.1,1759.5,1804.2,1795.25,True
2009-11-18,28.3,16.5,43.2,24.5,1820.6,1808.0,1851.5,1813.25,1797.5,1765.4,1809.4,1788.75,True
2009-11-19,28.2,16.5,43.0,42.25,1812.3,1799.8,1843.1,1802.0,1789.3,1757.3,1801.2,1759.75,True
2009-11-20,30.0,17.5,45.6,19.0,1782.8,1769.5,1815.6,1774.0,1758.4,1724.2,1770.9,1755.0,True
2009-11-23,29.3,17.1,44.4,39.5,1775.8,1762.8,1807.8,1801.75,1751.9,1718.6,1764.2,1762.25,True
2009-11-24,31.4,18.4,47.6,18.0,1804.4,1790.5,1838.7,1793.75,1778.8,1743.1,1792.0,1775.75,True
2009-11-25,31.4,18.3,47.6,14.25,1799.6,1785.7,1834.0,1799.75,1774.1,1738.3,1787.2,1785.5,True
2009-11-27,29.8,17.3,45.3,75.0,1806.7,1793.5,1839.3,1797.25,1782.4,1748.6,1794.9,1722.25,False
2009-11-30,33.3,19.3,50.5,24.75,1773.2,1758.4,1809.6,1775.0,1746.0,1708.1,1760.0,1750.25,True
2009-12-01,33.8,19.6,51.3,34.0,1781.6,1766.7,1818.6,1799.0,1754.1,1715.6,1768.3,1765.0,True
2009-12-02,33.5,19.5,50.9,20.5,1806.0,1791.2,1842.6,1806.5,1778.7,1740.6,1792.8,1786.0,True
2009-12-03,33.2,19.4,50.3,29.0,1805.4,1790.7,1841.7,1806.75,1778.4,1740.5,1792.3,1777.75,True
2009-12-04,34.1,19.9,51.6,43.5,1794.5,1779.4,1831.8,1816.25,1766.7,1727.9,1781.0,1772.75,True
2009-12-07,31.4,18.4,47.5,20.0,1808.1,1794.2,1842.5,1799.0,1782.6,1746.8,1795.7,1779.0,True
2009-12-08,30.7,18.0,46.4,29.75,1796.8,1783.2,1830.4,1789.75,1771.8,1736.9,1784.7,1760.0,True
2009-12-09,29.3,17.2,44.3,34.0,1780.8,1767.8,1812.8,1792.75,1756.9,1723.5,1769.2,1758.75,True
2009-12-10,31.2,18.3,47.1,22.25,1805.6,1791.7,1839.7,1808.5,1780.1,1744.6,1793.2,1786.25,True
2009-12-11,30.3,17.8,45.8,28.25,1812.7,1799.2,1845.8,1812.75,1788.0,1753.5,1800.7,1784.5,True
2009-12-14,28.7,16.8,43.4,22.75,1806.0,1793.3,1837.4,1811.0,1782.6,1750.0,1794.7,1788.25,True
2009-12-15,29.3,17.3,44.3,20.5,1822.0,1809.0,1854.0,1813.75,1798.1,1764.8,1810.4,1793.25,True
2009-12-16,28.0,16.5,42.3,18.5,1808.5,1796.0,1839.1,1815.0,1785.7,1753.8,1797.4,1796.5,True
2009-12-17,26.1,15.4,39.5,27.25,1812.7,1801.1,1841.2,1804.0,1791.4,1761.7,1802.3,1776.75,True
2009-12-18,26.4,15.8,39.9,11.75,1798.3,1786.6,1827.1,1798.0,1776.8,1746.7,1787.9,1786.25,True
2009-12-21,24.6,14.6,37.2,30.75,1805.2,1794.3,1832.1,1833.75,1785.2,1757.2,1795.5,1803.0,False
2009-12-22,26.0,15.3,39.2,15.75,1836.4,1824.8,1864.9,1841.0,1815.2,1785.6,1826.1,1825.25,True
2009-12-23,25.2,14.9,38.1,16.0,1851.5,1840.4,1879.2,1853.0,1831.0,1802.3,1841.6,1837.0,True
2009-12-24,24.9,14.7,37.7,18.75,1862.7,1851.6,1890.0,1869.5,1842.4,1814.1,1852.8,1850.75,True
2009-12-28,23.4,13.9,35.3,18.75,1877.8,1867.4,1903.4,1881.5,1858.8,1832.1,1868.5,1862.75,True
2009-12-29,24.3,14.4,36.6,12.0,1884.7,1873.9,1911.3,1881.25,1864.9,1837.2,1875.1,1869.25,True
2009-12-30,21.6,12.8,32.6,18.0,1881.5,1872.0,1905.2,1880.25,1864.0,1839.4,1873.0,1862.25,True
2009-12-31,20.8,12.3,31.3,23.25,1885.5,1876.2,1908.2,1882.0,1868.5,1844.8,1877.2,1858.75,True
2010-01-04,21.3,12.6,32.1,23.5,1867.7,1858.2,1891.0,1889.0,1850.3,1826.1,1859.2,1865.5,False
2010-01-05,22.0,13.0,33.1,14.25,1896.0,1886.2,1920.0,1890.25,1878.1,1853.0,1887.3,1876.0,True
2010-01-06,21.3,12.6,32.2,19.5,1894.2,1884.7,1917.5,1891.75,1876.8,1852.6,1885.8,1872.25,True
2010-01-07,21.9,12.9,32.9,14.75,1887.7,1878.0,1911.6,1880.5,1869.8,1844.9,1879.0,1865.75,True
2010-01-08,20.9,12.4,31.5,27.5,1886.2,1877.0,1909.1,1892.5,1869.2,1845.4,1878.0,1865.0,True
2010-01-11,21.5,12.7,32.4,25.75,1899.0,1889.5,1922.5,1900.0,1881.5,1857.0,1890.5,1874.25,True
2010-01-12,21.5,12.8,32.5,33.75,1892.5,1883.0,1916.0,1883.75,1875.0,1850.5,1884.0,1850.0,False
2010-01-13,23.3,13.8,35.2,36.25,1875.3,1864.9,1900.7,1889.5,1856.3,1829.7,1866.0,1853.25,True
2010-01-14,25.5,15.1,38.6,14.25,1893.2,1881.9,1921.1,1890.25,1872.4,1843.3,1883.1,1876.0,True
2010-01-15,25.3,15.0,38.3,39.25,1898.8,1887.6,1926.5,1894.0,1878.2,1849.4,1888.8,1854.75,True
2010-01-19,26.1,15.5,39.6,38.25,1873.2,1861.6,1901.7,1895.75,1851.9,1822.1,1862.9,1857.5,True
2010-01-20,28.2,16.7,42.7,46.75,1901.6,1889.1,1932.4,1892.25,1878.6,1846.4,1890.4,1845.5,False
2010-01-21,29.7,17.6,45.0,44.75,1879.4,1866.3,1911.9,1883.5,1855.2,1821.2,1867.7,1838.75,True
2010-01-22,30.6,18.0,46.3,59.75,1853.8,1840.2,1887.3,1849.25,1828.9,1793.8,1841.7,1789.5,False
2010-01-25,35.1,20.6,53.1,19.25,1812.4,1796.9,1850.8,1811.75,1783.8,1743.5,1798.6,1792.5,True
2010-01-26,33.5,19.7,50.7,40.0,1812.5,1797.7,1849.2,1823.75,1785.2,1746.7,1799.3,1783.75,True
2010-01-27,34.1,20.1,51.7,33.75,1810.8,1795.7,1848.1,1821.5,1783.0,1743.8,1797.3,1787.75,True
2010-01-28,33.9,20.0,51.4,60.75,1823.2,1808.2,1860.3,1820.0,1795.6,1756.6,1809.8,1759.25,True
2010-01-29,35.7,21.0,54.2,57.5,1785.4,1769.6,1824.5,1789.25,1756.3,1715.3,1771.3,1731.75,True
2010-02-01,36.2,21.2,54.9,21.25,1754.4,1738.4,1794.0,1758.25,1724.9,1683.3,1740.1,1737.0,True
2010-02-02,37.3,21.9,56.7,30.25,1771.4,1754.8,1812.2,1778.0,1740.9,1698.1,1756.6,1747.75,True
2010-02-03,36.9,21.7,56.1,23.0,1784.4,1768.1,1824.8,1786.5,1754.4,1712.0,1769.9,1763.5,True
2010-02-04,36.3,21.3,55.3,60.5,1800.7,1784.6,1840.4,1792.0,1771.1,1729.4,1786.4,1731.5,True
2010-02-05,35.9,21.1,54.5,37.0,1749.8,1733.9,1789.0,1747.75,1720.5,1679.3,1735.6,1710.75,True
2010-02-08,34.8,20.4,52.8,23.25,1759.6,1744.1,1797.6,1753.75,1731.2,1691.2,1745.8,1730.5,True
2010-02-09,35.0,20.5,53.2,35.25,1749.1,1733.6,1787.4,1767.25,1720.6,1680.4,1735.3,1732.0,True
2010-02-10,36.3,21.3,55.1,26.75,1767.2,1751.1,1806.9,1762.75,1737.6,1695.9,1752.9,1736.0,True
2010-02-11,36.7,21.5,55.7,42.0,1760.1,1743.9,1800.2,1778.75,1730.2,1688.0,1745.6,1736.75,True
2010-02-12,35.6,20.9,54.1,29.5,1790.4,1774.6,1829.3,1783.5,1761.4,1720.5,1776.3,1754.0,True
2010-02-16,34.9,20.5,53.0,26.25,1797.9,1782.4,1836.0,1801.5,1769.4,1729.3,1784.1,1775.25,True
2010-02-17,35.3,20.7,53.7,15.0,1814.0,1798.4,1852.6,1812.5,1785.2,1744.7,1800.1,1797.5,True
2010-02-18,33.2,19.4,50.5,20.0,1825.6,1810.9,1861.9,1824.75,1798.6,1760.4,1812.5,1804.75,True
2010-02-19,32.0,18.6,48.6,29.0,1834.1,1820.0,1869.1,1830.0,1808.1,1771.3,1821.5,1801.0,True
2010-02-22,29.8,17.4,45.3,22.75,1831.7,1818.5,1864.3,1833.0,1807.4,1773.2,1819.9,1810.25,True
2010-02-23,28.5,16.6,43.3,43.75,1832.9,1820.3,1864.1,1829.0,1809.7,1777.0,1821.7,1785.25,True
2010-02-24,30.2,17.6,46.2,23.25,1813.6,1800.3,1846.6,1819.75,1789.0,1754.3,1801.7,1796.5,True
2010-02-25,31.0,18.1,47.4,35.5,1827.0,1813.2,1860.9,1816.0,1801.7,1766.1,1814.7,1780.5,True
2010-02-26,33.0,19.2,50.4,18.75,1827.3,1812.7,1863.4,1822.25,1800.4,1762.5,1814.3,1803.5,True
2010-03-01,31.7,18.4,48.4,27.25,1831.8,1817.7,1866.4,1848.5,1805.9,1769.5,1819.2,1821.25,False
2010-03-02,32.4,18.8,49.5,19.75,1856.3,1842.0,1891.7,1862.25,1829.9,1792.7,1843.5,1842.5,True
2010-03-03,28.9,16.8,44.0,15.5,1864.3,1851.6,1895.9,1861.25,1840.8,1807.6,1852.9,1845.75,True
2010-03-04,27.0,15.8,41.2,16.5,1863.3,1851.3,1892.8,1860.75,1841.3,1810.3,1852.6,1844.25,True
2010-03-05,24.5,14.3,37.3,32.5,1870.0,1859.2,1896.8,1889.5,1850.1,1821.9,1860.3,1857.0,True
2010-03-08,26.4,15.4,40.2,11.5,1896.5,1884.9,1925.4,1894.75,1875.1,1844.7,1886.1,1883.25,True
2010-03-09,24.2,14.1,37.0,31.0,1898.4,1887.7,1924.8,1912.0,1878.7,1850.9,1888.8,1881.0,True
2010-03-10,25.0,14.5,38.1,21.25,1911.7,1900.6,1939.0,1921.25,1891.4,1862.6,1901.8,1900.0,True
2010-03-11,25.6,14.9,38.9,17.5,1929.5,1918.1,1957.4,1926.75,1908.6,1879.2,1919.4,1909.25,True
2010-03-12,25.6,14.9,39.0,18.75,1936.0,1924.6,1963.9,1935.25,1915.1,1885.7,1925.9,1916.5,True
2010-03-15,23.4,13.7,35.7,21.25,1936.5,1926.2,1962.1,1927.75,1917.5,1890.6,1927.3,1906.5,True
2010-03-16,24.3,14.2,37.0,15.5,1929.7,1918.9,1956.2,1934.5,1909.9,1882.0,1920.1,1919.0,True
2010-03-17,22.0,12.9,33.5,16.5,1940.2,1930.5,1964.2,1946.25,1922.3,1897.0,1931.5,1929.75,True
2010-03-18,21.1,12.4,32.1,13.75,1945.3,1936.0,1968.4,1945.5,1928.2,1903.9,1937.0,1931.75,True
2010-03-19,20.4,12.0,31.1,10.5,1953.0,1944.0,1975.3,1952.0,1936.5,1913.0,1945.0,1941.5,True
2010-03-22,19.4,11.4,29.5,35.25,1963.9,1955.4,1985.1,1954.25,1948.2,1925.9,1956.3,1919.0,False
2010-03-23,21.1,12.4,32.1,21.5,1957.3,1948.0,1980.4,1962.0,1940.2,1915.9,1949.0,1940.5,True
2010-03-24,21.9,12.8,33.4,16.0,1971.4,1961.7,1995.3,1962.0,1953.6,1928.4,1962.8,1946.0,True
2010-03-25,21.6,12.7,32.9,28.5,1960.5,1951.0,1984.1,1974.25,1943.0,1918.1,1952.0,1945.75,True
2010-03-26,22.7,13.4,34.5,23.75,1959.0,1948.9,1983.8,1963.0,1940.6,1914.4,1950.0,1939.25,True
2010-03-29,24.2,14.2,36.8,14.5,1961.9,1951.1,1988.3,1966.25,1942.2,1914.3,1952.3,1951.75,True
2010-03-30,21.7,12.7,33.0,19.75,1969.3,1959.7,1993.0,1972.0,1951.7,1926.7,1960.8,1952.25,True
2010-03-31,21.4,12.6,32.6,15.0,1974.5,1965.0,1997.8,1967.5,1957.1,1932.4,1966.0,1952.5,True
2010-04-01,21.0,12.3,31.9,36.5,1964.5,1955.2,1987.4,1977.25,1947.5,1923.3,1956.2,1940.75,True
2010-04-05,22.0,12.9,33.4,23.5,1961.2,1951.5,1985.2,1978.75,1943.3,1918.0,1952.5,1955.25,False
2010-04-06,22.5,13.2,34.2,20.5,1982.9,1972.9,2007.4,1985.75,1964.6,1938.7,1974.0,1965.25,True
2010-04-07,23.3,13.6,35.4,20.25,1988.5,1978.2,2013.9,1984.5,1969.6,1942.7,1979.3,1964.25,True
2010-04-08,22.9,13.5,34.8,23.25,1984.6,1974.4,2009.5,1982.5,1966.0,1939.6,1975.5,1959.25,True
2010-04-09,24.1,14.2,36.5,17.75,1990.1,1979.4,2016.3,1992.75,1970.5,1942.7,1980.6,1975.0,True
2010-04-12,21.9,12.9,33.2,14.0,2001.2,1991.5,2025.0,2001.75,1983.4,1958.1,1992.5,1987.75,True
2010-04-13,20.6,12.2,31.3,19.75,2001.1,1992.0,2023.6,2004.0,1984.4,1960.7,1993.0,1984.25,True
2010-04-14,20.5,12.1,31.2,20.0,2009.8,2000.7,2032.1,2026.75,1993.2,1969.6,2001.7,2006.75,False
2010-04-15,20.7,12.3,31.5,20.0,2035.2,2026.0,2057.7,2037.75,2018.4,1994.5,2027.1,2017.75,True
2010-04-16,20.3,12.0,30.9,37.5,2043.2,2034.3,2065.3,2035.25,2026.8,2003.4,2035.3,1997.75,False
2010-04-19,22.6,13.3,34.3,30.75,2019.2,2009.2,2043.8,2016.5,2000.8,1974.7,2010.4,1985.75,True
2010-04-20,24.8,14.6,37.6,18.25,2023.4,2012.4,2050.4,2025.25,2003.2,1974.5,2013.7,2007.0,True
2010-04-21,24.9,14.7,37.8,22.0,2034.7,2023.6,2061.8,2040.5,2014.4,1985.6,2024.9,2018.5,True
2010-04-22,25.3,15.0,38.4,44.5,2036.1,2024.9,2063.6,2045.0,2015.5,1986.3,2026.2,2000.5,True
2010-04-23,28.0,16.5,42.5,24.25,2048.0,2035.6,2078.4,2053.5,2025.2,1992.8,2037.0,2029.25,True
2010-04-26,27.1,16.0,41.2,15.75,2064.4,2052.3,2093.8,2058.75,2042.3,2011.0,2053.7,2043.0,True
2010-04-27,25.5,15.0,38.7,52.0,2057.9,2046.6,2085.6,2050.5,2037.2,2007.7,2047.9,1998.5,False
2010-04-28,28.5,16.8,43.3,33.25,2020.7,2008.1,2051.6,2022.75,1997.5,1964.4,2009.5,1989.5,True
2010-04-29,30.0,17.7,45.5,39.25,2019.3,2006.0,2051.9,2044.0,1994.9,1960.1,2007.5,2004.75,True
2010-04-30,30.6,18.0,46.4,49.0,2053.8,2040.3,2087.0,2047.0,2029.0,1993.4,2041.8,1998.0,True
2010-05-03,33.0,19.4,50.0,38.75,2012.3,1997.7,2048.1,2038.0,1985.5,1947.2,1999.4,1999.25,True
2010-05-04,36.4,21.4,55.2,76.25,2042.2,2026.1,2081.7,2028.5,2012.7,1970.4,2027.9,1952.25,False
2010-05-05,38.5,22.5,58.2,37.5,1985.6,1968.6,2027.4,1972.0,1954.3,1909.5,1970.5,1934.5,True
2010-05-06,39.4,23.1,59.6,232.75,1975.0,1957.5,2017.7,1963.0,1943.0,1897.1,1959.5,1730.25,False
2010-05-07,59.3,34.5,89.1,103.5,1910.8,1884.6,1975.2,1909.25,1862.6,1793.5,1887.5,1805.75,True
2010-05-10,66.3,38.5,99.5,69.75,1876.3,1846.9,1948.2,1942.0,1822.3,1745.0,1850.2,1872.25,False
2010-05-11,74.4,43.2,111.7,50.0,1970.7,1937.7,2051.3,1965.0,1910.1,1823.4,1941.7,1915.0,True
2010-05-12,73.3,42.6,110.1,59.25,1965.9,1933.5,2045.4,1976.25,1906.3,1820.9,1937.4,1917.0,True
2010-05-13,77.8,45.2,116.9,43.0,2005.3,1970.9,2089.7,1981.5,1942.1,1851.4,1975.0,1938.5,True
2010-05-14,60.2,34.8,90.6,67.5,1972.5,1945.8,2037.7,1950.5,1923.5,1853.3,1949.0,1883.0,True
2010-05-17,55.8,32.2,84.0,49.0,1933.1,1908.4,1993.6,1919.5,1887.7,1822.7,1911.4,1870.5,True
2010-05-18,54.0,31.3,81.1,55.25,1936.1,1912.2,1994.6,1932.0,1892.2,1829.3,1915.1,1876.75,True
2010-05-19,54.3,31.6,81.5,44.25,1910.7,1886.7,1969.5,1893.75,1866.6,1803.3,1889.6,1849.5,True
2010-05-20,52.6,30.6,78.9,81.0,1890.3,1867.0,1947.2,1875.0,1847.5,1786.2,1869.8,1794.0,True
2010-05-21,56.0,32.6,84.3,68.5,1823.9,1799.2,1884.6,1834.0,1778.4,1713.2,1802.1,1765.5,True
2010-05-24,58.4,34.0,87.8,44.0,1843.7,1817.8,1906.9,1840.0,1796.2,1728.2,1821.0,1796.0,True
2010-05-25,58.2,33.8,87.5,65.25,1836.9,1811.1,1899.9,1819.5,1789.5,1721.8,1814.2,1754.25,True
2010-05-26,60.5,35.6,90.8,61.0,1840.8,1814.1,1906.3,1849.75,1791.6,1721.2,1817.3,1788.75,True
2010-05-27,62.6,36.9,94.0,82.75,1817.7,1790.0,1885.4,1864.5,1766.7,1693.9,1793.3,1781.75,True
2010-05-28,66.3,39.0,99.5,38.75,1891.5,1862.2,1963.2,1874.25,1837.5,1760.4,1865.7,1835.5,True
2010-06-01,62.7,36.7,94.4,53.75,1878.2,1850.5,1946.0,1878.0,1827.2,1754.3,1853.8,1824.25,True
2010-06-02,63.1,37.0,95.1,50.75,1857.4,1829.5,1925.6,1879.25,1806.0,1732.7,1832.8,1828.5,True
2010-06-03,63.0,37.0,94.6,28.25,1905.4,1877.5,1973.5,1899.25,1854.0,1780.8,1880.8,1871.0,True
2010-06-04,59.4,34.7,89.4,80.25,1922.6,1896.3,1986.8,1904.5,1874.2,1805.2,1899.5,1824.25,True
2010-06-07,56.2,32.8,84.4,51.75,1857.8,1832.9,1918.5,1845.5,1812.0,1746.7,1835.9,1793.75,True
2010-06-08,57.2,33.4,85.9,47.75,1819.7,1794.4,1881.5,1817.75,1773.1,1706.6,1797.4,1770.0,True
2010-06-09,53.6,31.3,80.7,49.75,1813.9,1790.2,1871.9,1823.5,1770.3,1708.0,1793.0,1773.75,True
2010-06-10,52.5,30.6,78.9,56.5,1804.2,1781.0,1861.0,1831.75,1761.5,1700.5,1783.7,1775.25,True
2010-06-11,56.9,33.2,85.5,41.0,1846.3,1821.1,1907.8,1848.75,1800.0,1733.8,1824.1,1807.75,True
2010-06-14,53.4,31.4,80.3,33.75,1866.3,1842.7,1924.1,1877.75,1822.9,1760.8,1845.5,1844.0,True
2010-06-15,51.0,30.0,76.8,52.75,1869.1,1846.5,1924.2,1899.0,1827.6,1768.3,1849.2,1846.25,True
2010-06-16,52.7,31.0,79.4,33.5,1916.6,1893.2,1973.5,1913.5,1873.7,1812.4,1896.0,1880.0,True
2010-06-17,50.4,29.9,75.9,24.75,1928.1,1905.8,1982.5,1918.75,1887.1,1828.5,1908.4,1894.0,True
2010-06-18,45.6,26.8,68.7,9.5,1929.6,1909.4,1978.8,1915.75,1892.5,1839.5,1911.8,1906.25,True
2010-06-21,40.4,23.7,61.1,57.25,1929.9,1912.0,1973.5,1941.0,1897.0,1850.0,1914.1,1883.75,True
2010-06-22,42.8,25.1,64.7,40.25,1917.4,1898.5,1963.6,1916.75,1882.6,1832.8,1900.7,1876.5,True
2010-06-23,39.9,23.4,60.1,32.25,1894.9,1877.3,1938.0,1890.0,1862.5,1816.1,1879.3,1857.75,True
2010-06-24,39.2,22.9,59.0,38.0,1890.2,1872.8,1932.5,1875.25,1858.3,1812.7,1874.8,1837.25,True
2010-06-25,40.3,23.6,60.7,29.25,1866.4,1848.5,1909.9,1856.5,1833.6,1786.7,1850.6,1827.25,True
2010-06-28,42.1,24.7,63.4,30.25,1856.9,1838.2,1902.3,1851.5,1822.6,1773.7,1840.4,1821.25,True
2010-06-29,38.3,22.5,57.7,91.5,1852.0,1835.1,1893.4,1839.5,1820.8,1776.3,1837.0,1748.0,False
2010-06-30,42.7,25.0,64.5,44.5,1781.3,1762.5,1827.5,1777.5,1746.6,1696.8,1764.6,1733.0,True
2010-07-01,44.1,25.8,66.6,47.75,1756.4,1737.0,1804.1,1745.75,1720.5,1669.1,1739.2,1698.0,True
2010-07-02,45.1,26.4,68.1,35.5,1746.8,1726.9,1795.5,1745.75,1710.1,1657.5,1729.2,1710.25,True
2010-07-06,45.6,26.7,69.0,56.75,1740.3,1720.2,1789.5,1762.5,1703.2,1650.0,1722.5,1705.75,True
2010-07-07,49.5,29.0,74.7,67.75,1755.2,1733.3,1808.6,1789.5,1714.9,1657.2,1735.8,1721.75,True
2010-07-08,48.8,28.6,73.8,28.75,1809.9,1788.3,1862.6,1803.25,1770.2,1713.3,1790.8,1774.5,True
2010-07-09,47.2,27.7,71.4,26.0,1817.7,1796.9,1868.7,1815.25,1779.3,1724.3,1799.2,1789.25,True
2010-07-12,44.5,26.0,67.4,28.5,1830.1,1810.4,1878.1,1829.75,1793.9,1742.0,1812.7,1801.25,True
2010-07-13,43.2,25.3,65.5,31.5,1838.3,1819.2,1884.9,1849.5,1803.2,1752.8,1821.4,1818.0,True
2010-07-14,39.9,23.3,60.4,28.25,1859.2,1841.6,1902.2,1866.25,1826.7,1780.2,1843.5,1838.0,True
2010-07-15,34.4,20.2,52.1,36.0,1865.6,1850.4,1902.7,1864.5,1837.7,1797.5,1852.1,1828.5,True
2010-07-16,35.2,20.7,53.3,56.0,1864.0,1848.4,1901.9,1856.0,1835.3,1794.3,1850.2,1800.0,True
2010-07-19,37.8,22.2,57.4,38.75,1817.8,1801.1,1858.6,1821.25,1787.1,1743.0,1803.0,1782.5,True
2010-07-20,39.4,23.1,59.7,59.5,1822.0,1804.6,1864.5,1841.25,1789.9,1744.0,1806.5,1781.75,True
2010-07-21,44.0,25.8,66.7,49.0,1858.1,1838.7,1905.6,1860.0,1822.3,1771.1,1840.9,1811.0,True
2010-07-22,46.5,27.2,70.5,56.75,1834.9,1814.4,1885.1,1869.25,1797.1,1742.9,1816.7,1812.5,True
2010-07-23,49.8,29.2,75.5,32.0,1873.6,1851.6,1927.3,1876.25,1833.0,1775.1,1854.0,1844.25,True
2010-07-26,47.8,28.0,72.5,22.25,1893.7,1872.6,1945.3,1888.25,1854.9,1799.2,1875.0,1866.0,True
2010-07-27,46.0,26.8,69.8,22.5,1906.7,1886.4,1956.3,1900.75,1869.3,1815.7,1888.7,1878.25,True
2010-07-28,41.0,23.9,62.2,30.0,1903.6,1885.5,1947.8,1894.75,1870.3,1822.6,1887.5,1864.75,True
2010-07-29,38.0,22.2,57.8,48.0,1885.6,1868.9,1926.6,1886.5,1854.7,1810.5,1870.7,1838.5,True
2010-07-30,36.7,21.3,55.7,42.0,1872.6,1856.4,1912.1,1873.5,1842.7,1800.0,1858.2,1831.5,True
2010-08-02,37.2,21.7,56.6,37.25,1877.8,1861.4,1917.9,1901.75,1847.5,1804.2,1863.2,1864.5,False
2010-08-03,39.6,23.0,60.2,18.5,1910.8,1893.3,1953.5,1898.25,1878.6,1832.5,1895.4,1879.75,True
2010-08-04,38.6,22.4,58.6,26.75,1909.1,1892.1,1950.7,1910.0,1877.7,1832.8,1894.1,1883.25,True
2010-08-05,38.1,22.1,58.0,21.75,1921.2,1904.3,1962.2,1912.75,1890.2,1845.9,1906.4,1891.0,True
2010-08-06,34.0,19.6,51.7,36.5,1915.2,1900.2,1951.8,1907.75,1887.6,1848.0,1902.0,1871.25,True
2010-08-09,32.6,18.9,49.5,19.5,1916.1,1901.7,1951.2,1918.0,1889.6,1851.7,1903.4,1898.5,True
2010-08-10,30.2,17.5,45.9,33.25,1926.4,1913.0,1958.9,1914.0,1901.8,1866.7,1914.6,1880.75,True
2010-08-11,31.8,18.4,48.4,61.0,1909.8,1895.7,1944.0,1898.0,1883.9,1847.0,1897.4,1837.0,False
2010-08-12,35.5,20.6,53.9,32.0,1852.6,1836.9,1890.8,1838.25,1823.7,1782.2,1838.8,1806.25,True
2010-08-13,36.6,21.3,55.6,27.5,1842.5,1826.4,1882.0,1842.75,1812.8,1769.9,1828.3,1815.25,True
2010-08-16,35.5,20.6,54.0,33.25,1830.1,1814.4,1868.3,1833.25,1801.2,1759.7,1816.3,1800.0,True
2010-08-17,37.2,21.6,56.5,43.5,1835.5,1819.1,1875.6,1860.5,1805.3,1761.8,1821.1,1817.0,True
2010-08-18,38.7,22.4,58.7,31.25,1855.7,1838.6,1897.3,1862.25,1824.2,1778.9,1840.6,1831.0,True
2010-08-19,35.4,20.5,53.8,40.25,1851.6,1835.9,1889.7,1850.5,1822.8,1781.3,1837.8,1810.25,True
2010-08-20,35.6,20.6,54.0,21.25,1834.9,1819.2,1873.2,1829.75,1805.9,1764.3,1821.0,1808.5,True
2010-08-23,34.5,20.0,52.5,38.0,1839.9,1824.7,1877.1,1842.75,1811.9,1771.5,1826.5,1804.75,True
2010-08-24,34.3,19.9,52.1,44.25,1823.8,1808.7,1860.8,1810.25,1795.9,1755.8,1810.5,1766.0,True
2010-08-25,34.0,19.7,51.6,41.75,1788.0,1773.0,1824.6,1798.5,1760.3,1720.6,1774.7,1756.75,True
2010-08-26,36.0,20.9,54.6,37.75,1804.8,1788.9,1843.6,1802.75,1775.5,1733.4,1790.8,1765.0,True
2010-08-27,35.7,20.7,54.1,50.5,1782.4,1766.7,1820.9,1794.5,1753.4,1711.7,1768.5,1744.0,True
2010-08-30,39.8,23.1,60.3,37.25,1805.9,1788.3,1848.7,1805.5,1773.5,1727.0,1790.4,1768.25,True
2010-08-31,39.2,22.8,59.4,27.25,1785.1,1767.8,1827.3,1781.75,1753.2,1707.4,1769.8,1754.5,True
2010-09-01,37.2,21.6,56.4,54.5,1782.0,1765.6,1822.1,1825.0,1751.8,1708.3,1767.5,1770.5,False
2010-09-02,40.0,23.3,60.6,28.25,1836.7,1819.1,1879.9,1841.25,1804.2,1757.5,1821.2,1813.0,True
2010-09-03,39.6,23.1,60.0,36.75,1853.8,1836.3,1896.6,1871.25,1821.6,1775.3,1838.5,1834.5,True
2010-09-07,38.7,22.5,58.6,24.25,1883.2,1866.1,1925.0,1878.0,1851.7,1806.5,1868.2,1853.75,True
2010-09-08,36.9,21.5,56.0,35.75,1872.9,1856.6,1912.8,1888.0,1842.9,1799.8,1858.6,1852.25,True
2010-09-09,38.1,22.2,57.8,23.0,1893.4,1876.6,1934.6,1897.75,1862.4,1818.0,1878.7,1874.75,True
2010-09-10,34.2,20.0,51.9,16.75,1900.1,1885.0,1937.0,1896.75,1872.2,1832.3,1886.8,1880.0,True
2010-09-13,32.4,18.9,49.3,28.75,1905.8,1891.5,1940.8,1925.25,1879.5,1841.6,1893.2,1896.5,False
2010-09-14,31.0,18.1,47.3,26.25,1932.2,1918.5,1965.7,1938.75,1907.0,1870.8,1920.2,1912.5,True
2010-09-15,31.1,18.2,47.4,26.25,1938.3,1924.5,1971.8,1943.0,1913.0,1876.7,1926.2,1916.75,True
2010-09-16,29.9,17.5,45.3,23.5,1954.8,1941.6,1987.0,1955.5,1930.5,1895.5,1943.2,1932.0,True
2010-09-17,29.8,17.4,45.2,18.0,1965.0,1951.8,1997.1,1973.0,1940.8,1906.0,1953.4,1955.0,False
2010-09-20,29.5,17.3,44.8,43.5,1972.2,1959.1,2004.0,1990.75,1948.2,1913.8,1960.8,1947.25,True
2010-09-21,31.8,18.7,48.1,23.25,1995.1,1981.0,2029.4,2000.25,1969.2,1932.1,1982.8,1977.0,True
2010-09-22,31.1,18.3,47.1,24.25,1998.5,1984.8,2032.1,1994.75,1973.3,1936.9,1986.5,1970.5,True
2010-09-23,30.6,18.0,46.4,37.75,1992.3,1978.8,2025.3,2000.25,1967.4,1931.7,1980.5,1962.5,True
2010-09-24,32.1,19.0,48.7,43.25,1994.9,1980.8,2029.6,2022.0,1968.8,1931.4,1982.6,1978.75,True
2010-09-27,35.5,21.0,53.9,24.25,2033.1,2017.4,2071.4,2032.0,2004.3,1962.8,2019.4,2007.75,True
2010-09-28,32.7,19.3,49.5,47.25,2020.9,2006.5,2056.2,2024.5,1994.4,1956.2,2008.3,1977.25,True
2010-09-29,35.4,20.9,53.6,20.0,2023.3,2007.7,2061.5,2018.5,1994.5,1953.3,2009.7,1998.5,True
2010-09-30,34.3,20.2,52.0,45.0,2023.4,2008.2,2060.3,2028.25,1995.5,1955.5,2010.1,1983.25,True
2010-10-01,34.6,20.4,51.8,30.5,2010.0,1994.7,2047.3,2015.5,1981.9,1941.5,1996.6,1985.0,True
2010-10-04,33.2,19.6,49.8,36.75,2008.4,1993.7,2044.2,1997.75,1981.4,1942.7,1995.6,1961.0,True
2010-10-05,33.7,19.9,50.5,49.5,1991.1,1976.2,2027.4,2025.0,1963.7,1924.4,1978.1,1975.5,True
2010-10-06,35.1,20.7,52.6,34.25,2033.2,2017.7,2071.0,2024.5,2004.7,1963.7,2019.6,1990.25,True
2010-10-07,36.2,21.4,54.1,26.0,2019.4,2003.4,2058.4,2019.75,1990.0,1947.8,2005.4,1993.75,True
2010-10-08,34.4,20.4,51.4,47.25,2028.4,2013.2,2065.5,2029.25,2000.5,1960.4,2015.1,1982.0,True
2010-10-11,36.3,21.5,54.3,16.25,2035.9,2019.9,2075.1,2035.0,2006.4,1964.1,2021.9,2018.75,True
2010-10-12,34.2,20.1,51.1,39.25,2039.8,2024.7,2076.7,2043.5,2012.0,1972.2,2026.6,2004.25,True
2010-10-13,33.3,19.6,49.8,29.5,2050.9,2036.2,2086.8,2065.25,2023.9,1985.1,2038.1,2035.75,True
2010-10-14,33.1,19.5,49.4,26.25,2069.9,2055.2,2105.5,2067.5,2043.0,2004.4,2057.1,2041.25,True
2010-10-15,33.1,19.5,49.5,37.5,2075.9,2061.2,2111.5,2097.75,2049.0,2010.4,2063.1,2060.25,True
2010-10-18,32.5,19.1,48.5,22.0,2108.6,2094.3,2143.6,2104.75,2082.2,2044.3,2096.0,2082.75,True
2010-10-19,33.1,19.5,49.5,51.5,2108.4,2093.7,2144.0,2103.0,2081.5,2042.9,2095.6,2051.5,True
2010-10-20,34.3,20.2,51.4,36.0,2081.9,2066.7,2118.8,2098.5,2054.0,2014.1,2068.6,2062.5,True
2010-10-21,35.2,20.7,52.7,37.75,2098.5,2082.9,2136.4,2104.5,2069.9,2028.9,2084.9,2066.75,True
2010-10-22,36.6,21.5,54.9,27.5,2095.3,2079.2,2134.7,2104.5,2065.6,2023.0,2081.2,2077.0,True
2010-10-25,35.9,21.2,53.8,23.5,2119.0,2103.2,2157.7,2125.5,2089.9,2048.1,2105.2,2102.0,True
2010-10-26,35.9,21.1,53.7,29.5,2123.5,2107.7,2162.2,2122.0,2094.4,2052.6,2109.7,2092.5,True
2010-10-27,33.1,19.5,49.5,22.75,2129.9,2115.3,2165.5,2125.0,2103.0,2064.4,2117.1,2102.25,True
2010-10-28,31.5,18.7,47.2,27.5,2136.9,2123.0,2170.8,2136.75,2111.3,2074.7,2124.8,2109.25,True
2010-10-29,29.8,17.8,44.6,18.75,2138.2,2125.1,2170.3,2135.5,2114.0,2079.3,2126.7,2116.75,True
2010-11-01,28.6,17.2,42.7,31.5,2134.0,2121.4,2164.7,2146.5,2110.7,2077.4,2122.9,2115.0,True
2010-11-02,29.3,17.6,43.8,27.5,2141.3,2128.3,2172.8,2153.75,2117.5,2083.3,2129.9,2126.25,True
2010-11-03,29.3,17.6,43.7,35.5,2162.5,2149.6,2194.0,2165.5,2138.7,2104.6,2151.2,2130.0,True
2010-11-04,30.9,18.6,46.1,28.75,2177.2,2163.6,2210.4,2191.0,2152.1,2116.1,2165.2,2162.25,True
2010-11-05,30.8,18.5,46.1,14.5,2197.4,2183.8,2230.5,2191.0,2172.4,2136.5,2185.5,2176.5,True
2010-11-08,30.0,17.9,44.9,15.75,2197.3,2184.1,2229.6,2189.25,2173.0,2138.0,2185.7,2173.5,True
2010-11-09,27.7,16.5,41.4,33.75,2195.6,2183.4,2225.4,2198.0,2173.1,2140.8,2184.9,2164.25,True
2010-11-10,27.8,16.5,41.5,27.25,2187.9,2175.6,2217.8,2187.25,2165.3,2132.9,2177.1,2160.0,True
2010-11-11,26.9,16.0,40.2,33.25,2185.8,2173.9,2214.7,2175.5,2163.9,2132.6,2175.4,2142.25,True
2010-11-12,27.2,16.2,40.7,55.0,2183.9,2171.9,2213.1,2174.25,2161.8,2130.1,2173.4,2119.25,False
2010-11-15,31.8,18.8,47.5,24.5,2147.1,2133.1,2181.3,2151.0,2121.2,2084.0,2134.8,2126.5,True
2010-11-16,32.7,19.4,48.9,43.75,2141.7,2127.3,2176.9,2127.25,2115.1,2076.9,2129.0,2083.5,False
2010-11-17,33.3,19.8,49.7,21.25,2104.7,2090.0,2140.5,2109.25,2077.6,2038.7,2091.8,2088.0,True
2010-11-18,32.9,19.6,49.3,51.0,2110.8,2096.2,2146.2,2146.75,2084.1,2045.6,2098.0,2095.75,False
2010-11-19,35.3,21.0,53.0,19.0,2149.0,2133.4,2187.1,2138.75,2120.4,2079.1,2135.4,2119.75,True
2010-11-22,31.5,18.6,47.3,34.75,2146.7,2132.8,2180.7,2155.5,2121.1,2084.3,2134.5,2120.75,True
2010-11-23,32.7,19.3,49.1,49.5,2168.2,2153.8,2203.5,2154.25,2141.6,2103.4,2155.5,2104.75,True
2010-11-24,33.1,19.6,49.6,52.5,2132.9,2118.2,2168.6,2165.5,2106.0,2067.3,2120.1,2113.0,True
2010-11-26,37.6,22.3,56.5,28.5,2173.7,2157.1,2214.3,2163.25,2143.2,2099.3,2159.2,2134.75,True
2010-11-29,35.1,20.8,52.7,42.5,2160.7,2145.2,2198.6,2160.25,2132.2,2091.2,2147.1,2117.75,True
2010-11-30,37.8,22.4,56.8,38.25,2161.3,2144.6,2202.1,2147.5,2130.6,2086.5,2146.7,2109.25,True
2010-12-01,37.8,22.4,56.9,63.25,2132.8,2116.1,2173.6,2174.0,2102.1,2058.0,2118.2,2110.75,False
2010-12-02,40.9,24.3,61.6,32.0,2175.6,2157.6,2220.0,2188.75,2142.4,2094.6,2159.8,2156.75,True
2010-12-03,39.5,23.4,59.4,27.25,2203.5,2186.1,2246.4,2195.0,2171.4,2125.3,2188.2,2167.75,True
2010-12-06,39.3,23.3,59.2,16.75,2203.7,2186.3,2246.3,2193.75,2171.7,2125.9,2188.5,2177.0,True
2010-12-07,36.2,21.5,54.5,31.5,2205.7,2189.7,2244.9,2217.0,2176.2,2134.0,2191.6,2185.5,True
2010-12-08,35.3,20.9,53.1,22.0,2204.8,2189.2,2243.0,2202.0,2176.1,2134.9,2191.1,2180.0,True
2010-12-09,30.4,18.0,45.8,21.0,2213.2,2199.8,2246.2,2214.75,2188.5,2153.1,2201.5,2193.75,True
2010-12-10,28.9,17.2,43.6,21.0,2213.3,2200.6,2244.7,2218.25,2189.9,2156.2,2202.2,2197.25,True
2010-12-13,28.0,16.6,42.3,25.0,2228.2,2215.9,2258.6,2231.75,2205.5,2172.8,2217.4,2206.75,True
2010-12-14,29.0,17.2,43.7,15.25,2223.9,2211.1,2255.3,2221.0,2200.3,2166.5,2212.7,2205.75,True
2010-12-15,26.5,15.6,40.0,27.25,2226.3,2214.6,2255.1,2224.25,2204.8,2173.9,2216.1,2197.0,True
2010-12-16,26.6,15.7,40.0,28.0,2213.4,2201.6,2242.2,2225.75,2191.8,2160.8,2203.1,2197.75,True
2010-12-17,27.8,16.5,41.8,7.5,2231.9,2219.6,2262.0,2224.0,2209.3,2176.9,2221.1,2216.5,True
2010-12-20,25.6,15.1,38.6,24.5,2233.6,2222.3,2261.4,2230.0,2212.9,2183.0,2223.7,2205.5,True
2010-12-21,25.3,15.0,38.1,17.75,2230.8,2219.7,2258.2,2237.0,2210.3,2180.8,2221.0,2219.25,True
2010-12-22,25.3,15.1,38.1,8.0,2245.8,2234.7,2273.2,2238.25,2225.3,2195.8,2236.0,2230.25,True
2010-12-23,22.5,13.3,33.9,15.25,2245.4,2235.5,2269.8,2239.0,2227.2,2200.9,2236.7,2223.75,True
2010-12-27,20.0,11.8,30.2,26.75,2238.9,2230.0,2260.5,2234.0,2222.6,2199.3,2231.1,2207.25,True
2010-12-28,22.4,13.2,33.8,15.75,2239.4,2229.5,2263.6,2237.0,2221.2,2195.1,2230.7,2221.25,True
2010-12-29,20.6,12.2,30.9,11.5,2234.1,2225.0,2256.4,2235.75,2217.4,2193.4,2226.1,2224.25,True
2010-12-30,19.5,11.5,29.3,11.25,2236.7,2228.1,2257.8,2232.75,2220.8,2198.1,2229.1,2221.5,True
2010-12-31,19.4,11.4,29.1,21.5,2232.6,2224.1,2253.6,2229.0,2216.9,2194.3,2225.1,2207.5,True
2011-01-03,19.8,11.7,29.8,48.5,2224.3,2215.5,2245.7,2267.75,2208.2,2185.1,2216.6,2219.25,False
2011-01-04,22.5,13.2,33.9,26.0,2259.9,2250.0,2284.4,2262.5,2241.7,2215.4,2251.2,2236.5,True
2011-01-05,23.6,13.9,35.5,42.25,2255.4,2245.0,2281.1,2271.75,2236.2,2208.7,2246.3,2229.5,True
2011-01-06,27.4,16.1,41.3,12.0,2281.2,2269.1,2311.1,2279.25,2259.0,2227.1,2270.6,2267.25,True
2011-01-07,27.6,16.1,41.7,30.25,2287.8,2275.6,2317.9,2282.25,2265.4,2233.2,2277.1,2252.0,True
2011-01-10,28.2,16.5,42.5,26.25,2284.8,2272.4,2315.5,2287.0,2261.9,2229.1,2273.9,2260.75,True
2011-01-11,25.9,15.2,39.2,17.25,2293.3,2281.9,2321.5,2295.25,2272.3,2242.1,2283.3,2278.0,True
2011-01-12,24.9,14.6,37.7,22.75,2295.9,2284.9,2323.0,2306.75,2275.7,2246.7,2286.3,2284.0,True
2011-01-13,22.7,13.3,34.4,12.75,2314.0,2304.0,2338.7,2309.5,2295.6,2269.1,2305.2,2296.75,True
2011-01-14,22.6,13.2,34.3,25.5,2312.2,2302.2,2336.8,2323.0,2293.9,2267.5,2303.5,2297.5,True
2011-01-18,22.2,13.0,33.7,47.25,2329.3,2319.5,2353.4,2332.5,2311.3,2285.4,2320.7,2285.25,False
2011-01-19,25.0,14.6,37.9,53.5,2341.2,2330.2,2368.4,2346.5,2320.9,2291.7,2331.5,2293.0,True
2011-01-20,29.0,16.9,44.2,32.5,2306.6,2293.9,2338.2,2299.5,2283.1,2249.2,2295.4,2267.0,True
2011-01-21,30.5,17.8,46.4,34.5,2294.3,2280.8,2327.4,2300.25,2269.5,2233.8,2282.5,2265.75,True
2011-01-24,32.6,19.1,49.8,36.25,2282.6,2268.3,2318.1,2300.75,2256.2,2218.0,2270.0,2264.5,True
2011-01-25,34.6,20.2,52.8,22.0,2312.5,2297.2,2350.1,2303.25,2284.4,2243.9,2299.1,2281.25,True
2011-01-26,32.5,19.0,49.7,22.0,2314.9,2300.5,2350.2,2320.0,2288.5,2250.5,2302.3,2298.0,True
2011-01-27,29.5,17.3,45.1,21.25,2330.9,2317.9,2362.9,2334.5,2306.9,2272.4,2319.4,2313.25,True
2011-01-28,28.2,16.5,43.0,73.0,2334.8,2322.4,2365.4,2331.0,2311.9,2278.9,2323.9,2258.0,False
2011-01-31,32.6,19.0,50.0,37.5,2281.6,2267.3,2317.1,2286.0,2255.2,2217.0,2269.0,2248.5,True
2011-02-01,33.5,19.6,51.1,47.0,2294.0,2279.3,2330.4,2328.25,2266.8,2227.5,2281.1,2281.25,False
2011-02-02,37.6,21.9,57.3,15.75,2338.2,2321.7,2379.1,2327.75,2307.7,2263.6,2323.8,2312.0,True
2011-02-03,36.9,21.5,56.3,30.5,2335.2,2319.0,2375.3,2326.25,2305.2,2262.0,2321.0,2295.75,True
2011-02-04,37.3,21.8,57.0,23.0,2337.4,2321.0,2377.9,2339.5,2307.1,2263.3,2323.0,2316.5,True
2011-02-07,32.1,18.7,49.0,25.25,2350.9,2336.8,2385.8,2359.75,2324.9,2287.2,2338.6,2334.5,True
2011-02-08,30.2,17.7,46.2,22.75,2357.6,2344.4,2390.4,2364.0,2333.1,2297.7,2346.0,2341.25,True
2011-02-09,27.5,16.1,42.0,15.0,2374.3,2362.2,2404.1,2365.5,2352.0,2319.7,2363.7,2350.5,True
2011-02-10,27.1,15.8,41.4,26.75,2373.6,2361.7,2403.0,2365.0,2351.6,2319.8,2363.1,2338.25,True
2011-02-11,26.5,15.4,40.4,32.75,2372.8,2361.2,2401.6,2380.5,2351.3,2320.3,2362.6,2347.75,True
2011-02-14,28.1,16.4,42.9,12.0,2390.0,2377.7,2420.5,2387.5,2367.2,2334.3,2379.2,2375.5,True
2011-02-15,26.2,15.2,40.1,14.75,2392.7,2381.2,2421.1,2385.5,2371.5,2340.7,2382.6,2370.75,True
2011-02-16,25.0,14.4,37.9,23.25,2392.0,2381.0,2419.1,2403.0,2371.7,2342.4,2382.3,2379.75,True
2011-02-17,26.1,15.1,39.6,17.25,2402.9,2391.5,2431.2,2400.75,2381.7,2351.1,2392.9,2383.5,True
2011-02-18,24.3,14.1,36.9,18.5,2403.7,2393.0,2430.0,2400.5,2384.0,2355.5,2394.3,2382.0,True
2011-02-22,21.7,12.6,33.0,78.5,2404.1,2394.6,2427.6,2394.0,2386.5,2361.0,2395.7,2315.5,False
2011-02-23,30.0,17.2,45.8,49.75,2334.3,2321.1,2366.8,2334.75,2310.0,2274.7,2322.7,2285.0,True
2011-02-24,34.0,19.5,52.4,40.75,2317.7,2302.7,2354.6,2321.0,2290.1,2250.2,2304.6,2280.25,True
2011-02-25,36.1,20.7,55.6,44.75,2323.4,2307.4,2362.5,2350.25,2294.1,2251.7,2309.4,2305.5,True
2011-02-28,39.9,22.9,61.0,28.25,2362.5,2344.8,2405.7,2363.0,2330.1,2283.2,2347.1,2334.75,True
2011-03-01,41.1,23.6,62.8,64.25,2368.0,2349.8,2412.5,2371.75,2334.6,2286.4,2352.1,2307.5,True
2011-03-02,40.2,23.1,62.0,39.25,2328.3,2310.6,2371.9,2341.0,2295.7,2248.5,2312.8,2301.75,True
2011-03-03,38.6,22.2,59.6,54.75,2339.4,2322.4,2381.2,2376.0,2308.1,2262.8,2324.5,2321.25,True
2011-03-04,41.2,23.7,62.8,34.5,2389.0,2370.8,2433.6,2378.75,2355.6,2307.2,2373.1,2344.25,True
2011-03-07,39.6,22.7,60.4,68.0,2376.3,2358.8,2419.2,2374.25,2344.2,2297.7,2361.0,2306.25,True
2011-03-08,44.0,25.2,67.7,37.5,2342.9,2323.5,2390.5,2348.0,2307.2,2255.6,2325.9,2310.5,True
2011-03-09,41.8,24.1,64.3,32.25,2351.3,2332.8,2396.5,2340.5,2317.3,2268.3,2335.1,2308.25,True
2011-03-10,40.8,23.6,62.8,40.25,2327.6,2309.6,2371.7,2315.5,2294.5,2246.6,2311.8,2275.25,True
2011-03-11,39.2,22.6,60.3,41.25,2299.4,2282.1,2341.8,2306.25,2267.6,2221.6,2284.3,2265.0,True
2011-03-14,40.8,23.6,62.8,31.25,2322.3,2304.3,2366.5,2304.75,2289.2,2241.3,2306.6,2273.5,True
2011-03-15,37.1,21.4,57.0,80.25,2307.5,2291.2,2347.7,2296.5,2277.4,2233.9,2293.2,2216.25,False
2011-03-16,42.1,24.4,64.7,75.75,2265.1,2246.5,2310.7,2264.25,2230.9,2181.4,2248.9,2188.5,True
2011-03-17,47.0,27.2,72.2,59.75,2230.7,2209.9,2281.5,2248.0,2192.5,2137.3,2212.5,2188.25,True
2011-03-18,50.7,29.4,77.7,37.5,2249.7,2227.3,2304.5,2255.5,2208.5,2149.0,2230.1,2218.0,True
2011-03-21,51.2,29.7,78.6,52.5,2264.4,2241.8,2319.7,2271.5,2222.8,2162.6,2244.6,2219.0,True
2011-03-22,54.3,31.5,83.4,15.0,2277.2,2253.3,2335.9,2264.25,2233.1,2169.3,2256.2,2249.25,True
2011-03-23,47.6,27.6,73.3,42.75,2277.2,2256.2,2328.6,2274.75,2238.5,2182.6,2258.8,2232.0,True
2011-03-24,44.4,25.8,68.4,51.25,2283.6,2264.0,2331.6,2313.5,2247.5,2195.3,2266.4,2262.25,True
2011-03-25,43.7,25.3,67.2,31.0,2326.8,2307.5,2374.0,2335.0,2291.3,2239.9,2309.9,2304.0,True
2011-03-28,42.5,24.7,65.5,33.75,2334.8,2316.1,2380.7,2328.5,2300.3,2250.3,2318.4,2294.75,True
2011-03-29,39.5,22.9,60.9,35.25,2312.3,2294.9,2355.0,2324.75,2280.2,2233.8,2297.0,2289.5,True
2011-03-30,42.3,24.6,65.2,23.0,2340.2,2321.6,2385.9,2343.25,2305.9,2256.2,2323.9,2320.25,True
2011-03-31,39.8,23.1,61.4,14.0,2351.2,2333.6,2394.2,2341.5,2318.8,2272.1,2335.8,2327.5,True
2011-04-01,33.9,19.6,52.3,24.75,2350.4,2335.5,2387.1,2358.0,2322.9,2283.1,2337.3,2333.25,True
2011-04-04,32.8,18.9,50.6,27.75,2352.2,2337.8,2387.7,2349.75,2325.6,2287.1,2339.5,2322.0,True
2011-04-05,31.5,18.2,48.7,24.75,2353.7,2339.8,2387.7,2343.0,2328.1,2291.1,2341.5,2318.25,True
2011-04-06,29.6,17.2,45.6,33.25,2335.6,2322.6,2367.6,2350.0,2311.6,2276.8,2324.2,2316.75,True
2011-04-07,30.6,17.8,47.3,32.5,2338.3,2324.8,2371.4,2344.25,2313.5,2277.5,2326.5,2311.75,True
2011-04-08,33.2,19.3,51.1,38.0,2343.2,2328.5,2379.0,2342.75,2316.2,2277.2,2330.3,2304.75,True
2011-04-11,34.8,20.2,53.7,32.0,2332.6,2317.2,2370.1,2334.0,2304.3,2263.4,2319.1,2302.0,True
2011-04-12,35.1,20.4,54.1,25.0,2322.7,2307.2,2360.6,2310.0,2294.2,2253.0,2309.1,2285.0,True
2011-04-13,34.6,20.1,53.4,28.0,2307.5,2292.3,2344.8,2319.5,2279.4,2238.7,2294.1,2291.5,True
2011-04-14,34.2,19.9,52.7,24.5,2322.8,2307.8,2359.7,2312.0,2295.0,2254.9,2309.6,2287.5,True
2011-04-15,32.1,18.7,49.6,24.5,2314.2,2300.1,2348.8,2313.75,2288.1,2250.4,2301.8,2289.25,True
2011-04-18,29.7,17.3,46.0,59.75,2322.2,2309.1,2354.2,2310.0,2298.1,2263.2,2310.7,2250.25,False
2011-04-19,32.8,19.1,50.7,39.75,2303.7,2289.3,2339.1,2317.5,2277.1,2238.5,2291.0,2277.75,True
2011-04-20,34.9,20.3,53.8,50.75,2325.6,2310.3,2363.3,2363.75,2297.3,2256.2,2312.1,2313.0,False
2011-04-21,38.0,22.0,58.5,26.75,2370.9,2354.2,2412.1,2382.75,2340.0,2295.4,2356.3,2356.0,True
2011-04-25,38.7,22.4,59.6,10.5,2391.7,2374.7,2433.7,2382.25,2360.3,2314.8,2376.8,2371.75,True
2011-04-26,36.2,20.9,55.9,29.25,2392.7,2376.7,2431.9,2402.0,2363.3,2320.7,2378.7,2372.75,True
2011-04-27,32.5,18.9,50.1,25.5,2398.4,2384.1,2433.6,2412.75,2372.0,2333.7,2385.8,2387.25,False
2011-04-28,30.8,17.9,47.6,19.5,2421.9,2408.4,2455.3,2415.75,2396.9,2360.7,2410.1,2396.25,True
2011-04-29,26.3,15.3,40.6,15.25,2412.8,2401.2,2441.3,2412.5,2391.4,2360.5,2402.7,2397.25,True
2011-05-02,24.3,14.1,37.6,34.5,2410.9,2400.2,2437.3,2428.0,2391.2,2362.6,2401.6,2393.5,True
2011-05-03,27.7,16.0,42.8,29.0,2413.1,2400.9,2443.1,2403.0,2390.6,2358.0,2402.5,2374.0,True
2011-05-04,27.7,16.1,42.8,31.25,2401.3,2389.2,2431.4,2396.0,2378.9,2346.3,2390.7,2364.75,True
2011-05-05,28.4,16.5,44.0,36.25,2395.9,2383.4,2426.7,2399.75,2372.8,2339.4,2385.0,2363.5,True
2011-05-06,30.6,17.7,47.3,37.0,2391.8,2378.4,2425.0,2409.75,2367.0,2331.0,2380.1,2372.75,True
2011-05-09,33.2,19.2,51.3,24.0,2387.4,2372.8,2423.4,2398.0,2360.4,2321.4,2374.7,2374.0,True
2011-05-10,32.0,18.5,49.4,29.25,2399.9,2385.9,2434.6,2412.0,2373.9,2336.3,2387.6,2382.75,True
2011-05-11,32.3,18.7,49.9,41.25,2422.8,2408.6,2457.8,2415.25,2396.6,2358.6,2410.4,2374.0,True
2011-05-12,33.2,19.3,51.4,40.25,2407.4,2392.8,2443.4,2409.25,2380.4,2341.4,2394.7,2369.0,True
2011-05-13,34.0,19.7,52.5,45.25,2421.3,2406.3,2458.0,2414.25,2393.6,2353.6,2408.2,2369.0,True
2011-05-16,34.8,20.1,53.6,43.5,2384.6,2369.3,2422.2,2372.75,2356.3,2315.4,2371.2,2329.25,True
2011-05-17,36.6,21.2,56.4,27.75,2349.8,2333.8,2389.4,2346.0,2320.1,2277.1,2335.8,2318.25,True
2011-05-18,36.5,21.1,56.3,31.5,2352.5,2336.5,2392.0,2365.0,2322.9,2280.0,2338.5,2333.5,True
2011-05-19,36.0,20.9,55.7,19.75,2376.6,2360.8,2415.5,2373.25,2347.3,2305.0,2362.7,2353.5,True
2011-05-20,33.1,19.1,51.1,30.5,2382.9,2368.4,2418.7,2372.75,2356.0,2317.1,2370.1,2342.25,True
2011-05-23,31.1,17.9,48.0,38.5,2356.5,2342.9,2390.2,2342.75,2331.3,2294.7,2344.6,2304.25,False
2011-05-24,30.0,17.3,46.4,25.5,2328.1,2314.8,2360.5,2324.25,2303.7,2268.4,2316.5,2298.75,True
2011-05-25,29.5,17.0,45.6,39.75,2314.1,2301.1,2346.0,2320.75,2290.1,2255.5,2302.8,2281.0,True
2011-05-26,31.3,18.0,48.3,29.0,2322.6,2308.8,2356.4,2331.0,2297.2,2260.4,2310.6,2302.0,True
2011-05-27,32.5,18.8,50.2,16.25,2338.9,2324.5,2374.0,2338.5,2312.5,2274.3,2326.4,2322.25,True
2011-05-31,30.8,17.8,47.6,47.0,2345.4,2331.8,2378.7,2377.75,2320.4,2284.2,2333.6,2330.75,True
2011-06-01,33.1,19.1,51.1,62.75,2385.6,2371.0,2421.4,2380.75,2358.7,2319.8,2372.9,2318.0,False
2011-06-02,37.4,21.5,57.5,21.75,2335.2,2318.7,2375.6,2335.5,2304.8,2260.8,2320.8,2313.75,True
2011-06-03,35.0,20.1,53.9,43.25,2340.7,2325.2,2378.5,2328.0,2312.2,2271.1,2327.2,2284.75,True
2011-06-06,36.4,20.9,56.0,28.0,2302.7,2286.7,2342.1,2299.25,2273.2,2230.4,2288.7,2271.25,True
2011-06-07,37.3,21.4,57.4,20.25,2289.6,2273.2,2329.9,2288.25,2259.3,2215.5,2275.3,2268.0,True
2011-06-08,34.2,19.6,52.6,31.25,2288.1,2273.0,2325.0,2278.0,2260.3,2220.1,2274.9,2246.75,True
2011-06-09,30.5,17.5,47.0,22.0,2260.8,2247.3,2293.7,2267.5,2236.0,2200.1,2249.0,2245.5,True
2011-06-10,30.6,17.5,47.2,37.25,2265.3,2251.8,2298.4,2255.75,2240.5,2204.5,2253.5,2218.5,True
2011-06-13,29.9,17.1,46.1,19.5,2233.8,2220.6,2266.1,2234.0,2209.5,2174.3,2222.3,2214.5,True
2011-06-14,28.6,16.4,44.1,36.0,2235.2,2222.6,2266.1,2256.25,2212.0,2178.4,2224.2,2220.25,True
2011-06-15,31.0,17.7,47.7,46.0,2263.7,2250.1,2297.2,2250.25,2238.6,2202.1,2251.8,2204.25,True
2011-06-16,32.2,18.4,49.6,36.75,2222.5,2208.3,2257.3,2217.5,2196.3,2158.5,2210.1,2180.75,True
2011-06-17,33.7,19.2,51.7,28.25,2213.4,2198.5,2249.8,2220.0,2186.0,2146.4,2200.4,2191.75,True
2011-06-20,33.1,18.9,51.0,33.0,2239.6,2225.1,2275.4,2207.0,2212.8,2173.8,2226.9,2174.0,False
2011-06-21,34.2,19.6,52.7,51.75,2214.3,2199.2,2251.2,2249.75,2186.5,2146.3,2201.1,2198.0,True
2011-06-22,37.5,21.5,57.7,22.0,2259.7,2243.1,2300.2,2250.75,2229.2,2185.2,2245.3,2228.75,True
2011-06-23,34.4,19.8,52.9,54.0,2243.9,2228.7,2281.0,2253.5,2216.0,2175.5,2230.6,2199.5,True
2011-06-24,36.9,21.2,56.7,51.75,2252.9,2236.7,2292.8,2258.5,2223.0,2179.6,2238.7,2206.75,True
2011-06-27,39.4,22.6,60.5,68.5,2224.2,2206.8,2266.8,2260.0,2192.2,2145.9,2209.1,2191.5,True
2011-06-28,44.6,25.5,68.4,43.5,2267.7,2248.0,2315.8,2285.0,2231.4,2179.0,2250.5,2241.5,True
2011-06-29,44.6,25.5,68.3,25.75,2302.7,2283.0,2350.8,2300.5,2266.4,2214.0,2285.5,2274.75,True
2011-06-30,45.1,25.9,69.2,36.0,2312.9,2293.0,2361.5,2323.5,2276.2,2223.2,2295.5,2287.5,True
2011-07-01,43.5,24.9,66.7,44.0,2339.2,2320.0,2386.1,2360.75,2303.9,2252.7,2322.4,2316.75,True
2011-07-05,42.8,24.6,65.7,20.5,2373.2,2354.3,2419.3,2372.0,2338.4,2288.1,2356.7,2351.5,True
2011-07-06,37.1,21.3,56.9,22.25,2387.5,2371.2,2427.6,2380.75,2357.4,2313.8,2373.2,2358.5,True
2011-07-07,33.9,19.5,52.1,40.25,2389.4,2374.5,2426.0,2416.0,2361.9,2322.1,2376.4,2375.75,True
2011-07-08,36.5,21.0,56.0,46.0,2430.8,2414.7,2470.1,2421.75,2401.1,2358.2,2416.7,2375.75,True
2011-07-11,37.8,21.8,58.0,53.0,2424.3,2407.6,2465.1,2404.25,2393.6,2349.2,2409.7,2351.25,False
2011-07-12,38.4,22.1,58.9,36.0,2383.1,2366.1,2424.5,2366.5,2351.9,2306.7,2368.3,2330.5,True
2011-07-13,39.9,23.0,61.2,37.25,2361.2,2343.6,2404.2,2375.0,2328.8,2281.9,2345.8,2337.75,True
2011-07-14,41.6,23.9,63.8,53.75,2361.9,2343.5,2406.8,2368.25,2328.1,2279.2,2345.9,2314.5,True
2011-07-15,43.7,25.1,67.0,27.25,2352.3,2333.0,2399.4,2358.75,2316.8,2265.4,2335.4,2331.5,True
2011-07-18,41.8,24.0,64.1,36.5,2373.0,2354.5,2418.1,2355.25,2339.1,2289.9,2356.9,2318.75,True
2011-07-19,39.6,22.8,60.3,60.75,2356.6,2339.1,2399.3,2399.75,2324.4,2277.9,2341.3,2339.0,False
2011-07-20,43.9,25.2,67.3,32.5,2407.4,2388.0,2454.9,2413.5,2371.7,2320.1,2390.4,2381.0,True
2011-07-21,43.1,24.7,65.9,49.5,2399.8,2380.8,2446.5,2414.5,2364.8,2314.1,2383.2,2365.0,True
2011-07-22,43.4,24.9,66.4,33.5,2428.2,2409.0,2475.2,2429.75,2392.9,2341.9,2411.4,2396.25,True
2011-07-25,43.8,25.1,67.0,54.5,2446.3,2427.0,2493.8,2434.5,2410.8,2359.3,2429.4,2380.0,True
2011-07-26,46.3,26.6,70.8,22.75,2442.9,2422.4,2493.0,2435.5,2405.3,2350.8,2425.0,2412.75,True
2011-07-27,40.9,23.4,62.6,67.5,2440.6,2422.6,2484.9,2425.75,2407.4,2359.3,2424.8,2358.25,False
2011-07-28,44.0,25.2,67.3,43.0,2376.2,2356.7,2423.8,2398.75,2340.5,2288.7,2359.2,2355.75,True
2011-07-29,43.0,24.6,65.7,47.25,2388.0,2369.0,2434.5,2385.25,2353.1,2302.5,2371.4,2338.0,True
2011-08-01,44.3,25.3,67.8,74.25,2377.8,2358.2,2425.7,2395.0,2341.8,2289.7,2360.7,2320.75,True
2011-08-02,47.4,27.1,72.5,69.5,2365.8,2344.9,2417.1,2355.25,2327.4,2271.6,2347.5,2285.75,True
2011-08-03,51.6,29.4,78.8,61.5,2309.9,2287.1,2365.7,2314.5,2267.9,2207.3,2289.9,2253.0,True
2011-08-04,52.2,29.7,79.6,124.5,2324.4,2301.3,2380.8,2319.5,2282.0,2220.6,2304.2,2195.0,False
2011-08-05,60.3,34.3,91.9,110.5,2234.7,2208.1,2300.0,2239.25,2185.8,2114.6,2211.4,2128.75,True
2011-08-08,68.0,38.6,103.5,139.25,2215.5,2185.4,2289.0,2170.75,2160.2,2079.9,2189.2,2031.5,False
2011-08-09,72.0,40.9,109.5,189.0,2068.1,2036.3,2146.0,2161.25,2009.6,1924.6,2040.3,1972.25,False
2011-08-10,92.8,52.6,141.3,102.5,2193.9,2152.8,2294.9,2168.25,2118.4,2008.8,2158.0,2065.75,True
2011-08-11,94.3,53.5,143.2,127.0,2124.5,2082.8,2227.2,2184.5,2047.8,1936.4,2088.0,2057.5,True
2011-08-12,102.1,57.9,154.6,78.5,2200.8,2155.6,2311.9,2192.5,2117.7,1997.1,2161.3,2114.0,True
2011-08-15,101.0,57.3,153.1,35.0,2219.8,2175.1,2329.7,2211.5,2137.6,2018.4,2180.7,2176.5,True
2011-08-16,91.3,51.6,138.8,47.75,2244.7,2204.3,2344.1,2211.25,2170.5,2062.7,2209.4,2163.5,True
2011-08-17,76.2,42.8,115.9,56.75,2230.9,2197.2,2313.8,2214.0,2168.9,2079.0,2201.4,2157.25,True
2011-08-18,70.8,40.1,107.7,122.75,2204.9,2173.6,2281.9,2175.75,2147.3,2063.7,2177.5,2053.0,False
2011-08-19,68.6,38.8,104.5,68.25,2110.7,2080.4,2185.3,2102.0,2054.9,1973.4,2084.2,2033.75,True
2011-08-22,66.7,37.6,101.5,63.25,2068.9,2039.4,2141.5,2085.5,2014.6,1935.4,2043.1,2022.25,True
2011-08-23,70.6,39.9,107.5,92.25,2073.6,2042.3,2150.3,2129.25,2016.1,1932.2,2046.3,2037.0,True
2011-08-24,80.4,45.4,122.5,51.25,2157.7,2122.1,2245.1,2147.5,2092.3,1996.7,2126.6,2096.25,True
2011-08-25,80.0,45.2,121.9,51.0,2172.5,2137.1,2259.5,2152.0,2107.4,2012.4,2141.6,2101.0,True
2011-08-26,71.4,40.5,108.8,88.25,2140.9,2109.3,2218.5,2169.0,2082.8,1998.0,2113.3,2080.75,True
2011-08-29,76.7,43.4,116.6,67.0,2196.1,2162.2,2279.5,2225.0,2133.7,2042.6,2166.4,2158.0,True
2011-08-30,78.8,44.6,119.8,48.25,2253.0,2218.2,2338.6,2249.5,2188.9,2095.3,2222.5,2201.25,True
2011-08-31,72.4,41.0,110.1,47.25,2257.3,2225.3,2336.0,2268.5,2198.4,2112.5,2229.3,2221.25,True
2011-09-01,71.6,40.6,108.9,48.25,2270.7,2239.1,2348.5,2263.75,2212.5,2127.5,2243.0,2215.5,True
2011-09-02,69.9,39.6,106.4,66.0,2246.5,2215.6,2322.4,2221.75,2189.7,2106.7,2219.5,2155.75,True
2011-09-06,65.2,37.0,99.3,63.0,2192.0,2163.2,2262.9,2171.25,2139.0,2061.6,2166.8,2108.25,True
2011-09-07,64.0,36.5,97.3,59.75,2192.0,2163.8,2261.5,2224.5,2140.0,2064.1,2167.3,2164.75,True
2011-09-08,66.6,37.9,101.3,38.75,2249.9,2220.4,2322.2,2244.0,2195.7,2116.7,2224.1,2205.25,True
2011-09-09,63.4,36.1,96.5,78.0,2243.3,2215.3,2312.1,2227.75,2191.7,2116.5,2218.8,2149.75,True
2011-09-12,64.3,36.6,97.8,76.75,2195.9,2167.5,2265.7,2198.75,2143.6,2067.4,2171.0,2122.0,True
2011-09-13,66.1,37.6,100.5,59.0,2222.7,2193.5,2294.4,2225.75,2168.9,2090.5,2197.1,2166.75,True
2011-09-14,64.8,36.9,98.5,86.5,2247.9,2219.2,2318.2,2278.25,2195.2,2118.4,2222.8,2191.75,True
2011-09-15,69.0,39.3,104.9,47.5,2280.9,2250.4,2355.8,2292.5,2224.7,2143.0,2254.2,2245.0,True
2011-09-16,70.8,40.3,107.5,23.0,2319.6,2288.4,2396.4,2298.5,2262.1,2178.1,2292.2,2275.5,True
2011-09-19,63.2,36.0,96.1,60.25,2319.2,2291.3,2387.8,2314.5,2267.8,2193.0,2294.8,2254.25,True
2011-09-20,61.7,35.2,93.9,48.75,2326.8,2299.6,2393.7,2332.5,2276.6,2203.5,2303.0,2283.75,True
2011-09-21,58.5,33.4,89.1,73.75,2321.0,2295.1,2384.4,2318.0,2273.4,2204.1,2298.3,2244.25,True
2011-09-22,55.6,31.7,84.7,105.0,2268.8,2244.2,2329.1,2249.5,2223.6,2157.7,2247.3,2144.5,False
2011-09-23,61.5,35.0,93.6,76.25,2200.2,2173.1,2266.9,2210.25,2150.2,2076.8,2176.4,2134.0,True
2011-09-26,67.6,38.5,102.9,70.25,2230.3,2200.4,2303.6,2232.5,2175.3,2094.6,2204.1,2162.25,True
2011-09-27,69.8,39.8,106.2,64.0,2255.2,2224.4,2330.9,2285.25,2198.4,2115.1,2228.2,2221.25,True
2011-09-28,72.5,41.4,110.3,63.75,2284.3,2252.3,2362.9,2275.75,2225.3,2138.9,2256.3,2212.0,True
2011-09-29,69.9,39.9,106.3,107.25,2247.8,2216.9,2323.5,2259.75,2190.9,2107.5,2220.7,2152.5,True
2011-09-30,70.8,40.3,107.7,76.25,2219.1,2187.9,2295.8,2198.5,2161.5,2077.1,2191.7,2122.25,True
2011-10-03,69.3,39.4,105.2,85.25,2163.5,2132.9,2238.6,2148.0,2107.1,2024.5,2136.7,2062.75,True
2011-10-04,69.7,39.7,105.8,91.0,2094.4,2063.6,2169.9,2126.75,2037.6,1954.6,2067.4,2035.75,True
2011-10-05,75.8,43.1,114.9,82.75,2145.2,2111.8,2227.3,2182.0,2083.5,1993.2,2115.9,2099.25,True
2011-10-06,80.4,45.7,121.9,65.25,2201.2,2165.6,2288.2,2213.75,2135.7,2039.9,2170.0,2148.5,True
2011-10-07,77.5,44.0,117.4,43.25,2237.2,2203.0,2321.1,2227.0,2174.1,2081.8,2207.2,2183.75,True
2011-10-10,73.0,41.4,110.7,74.25,2232.3,2200.1,2311.3,2277.25,2172.9,2085.9,2204.0,2203.0,True
2011-10-11,75.4,42.7,114.1,34.0,2308.3,2275.0,2389.9,2296.25,2246.9,2157.1,2279.1,2262.25,True
2011-10-12,66.4,37.5,100.8,54.5,2316.3,2287.0,2388.1,2329.0,2262.3,2183.2,2290.6,2274.5,True
2011-10-13,62.4,35.3,94.8,47.25,2322.6,2295.1,2390.1,2336.25,2271.9,2197.5,2298.5,2289.0,True
2011-10-14,60.1,34.0,91.3,48.75,2351.2,2324.6,2416.2,2369.0,2302.3,2230.7,2327.9,2320.25,True
2011-10-17,60.8,34.4,92.5,71.5,2392.7,2365.9,2458.5,2388.5,2343.2,2270.8,2369.2,2317.0,True
2011-10-18,59.3,33.6,90.2,66.75,2345.8,2319.6,2409.9,2371.5,2297.6,2227.0,2322.9,2304.75,True
2011-10-19,65.2,36.8,99.0,62.5,2391.1,2362.3,2461.5,2368.25,2338.0,2260.4,2365.8,2305.75,True
2011-10-20,64.5,36.5,98.1,64.25,2345.0,2316.5,2414.7,2332.75,2292.5,2215.8,2320.0,2268.5,True
2011-10-21,66.3,37.5,100.8,49.5,2328.8,2299.5,2400.4,2345.5,2274.8,2195.9,2303.1,2296.0,True
2011-10-24,66.6,37.8,101.5,65.5,2362.1,2332.7,2434.1,2385.75,2308.0,2228.7,2336.3,2320.25,True
2011-10-25,66.7,37.8,101.6,70.75,2402.7,2373.2,2474.8,2386.75,2348.4,2269.1,2376.8,2316.0,True
2011-10-26,65.3,37.0,99.6,63.5,2349.1,2320.3,2419.7,2350.25,2296.0,2218.3,2323.8,2286.75,True
2011-10-27,65.4,37.1,99.8,79.75,2353.9,2325.0,2424.6,2408.75,2300.7,2222.9,2328.5,2329.0,False
2011-10-28,69.6,39.5,106.1,23.25,2422.9,2392.2,2498.1,2401.75,2366.3,2283.5,2396.0,2378.5,True
2011-10-31,64.4,36.5,98.1,47.5,2423.5,2395.0,2493.0,2398.0,2371.1,2294.5,2398.6,2350.5,True
2011-11-01,60.5,34.3,92.4,73.0,2381.3,2354.6,2446.7,2355.75,2332.1,2260.2,2357.9,2282.75,True
2011-11-02,59.8,33.9,91.2,36.5,2328.5,2302.1,2393.1,2329.75,2279.9,2208.8,2305.4,2293.25,True
2011-11-03,55.3,31.4,84.5,87.5,2337.7,2313.2,2397.4,2366.5,2292.7,2227.0,2316.3,2279.0,True
2011-11-04,58.1,32.9,88.8,37.5,2385.3,2359.7,2448.1,2364.5,2338.1,2269.0,2362.9,2327.0,True
2011-11-07,57.8,32.8,88.3,52.0,2375.2,2349.7,2437.6,2371.5,2328.2,2259.5,2352.8,2319.5,True
2011-11-08,58.8,33.4,89.9,44.25,2394.4,2368.4,2457.9,2399.5,2346.5,2276.7,2371.6,2355.25,True
2011-11-09,55.9,31.7,85.4,95.0,2417.9,2393.2,2478.3,2397.5,2372.4,2306.1,2396.3,2302.5,False
2011-11-10,61.1,34.6,93.6,57.5,2336.6,2309.6,2402.5,2344.0,2286.8,2213.8,2312.9,2286.5,True
2011-11-11,57.7,32.6,88.3,58.75,2327.7,2302.2,2389.9,2360.25,2280.7,2211.7,2305.3,2301.5,True
2011-11-14,61.5,34.8,94.1,36.75,2376.0,2348.8,2442.4,2366.5,2325.9,2252.4,2352.2,2329.75,True
2011-11-15,58.9,33.4,90.3,64.25,2367.7,2341.7,2431.2,2374.25,2319.7,2249.3,2344.9,2310.0,True
2011-11-16,62.4,35.3,95.6,59.25,2385.9,2358.3,2453.2,2371.5,2335.1,2260.5,2361.7,2312.25,True
2011-11-17,57.1,32.3,87.5,76.75,2337.7,2312.4,2399.3,2332.75,2291.2,2222.9,2315.6,2256.0,True
2011-11-18,58.6,33.1,89.7,41.0,2292.8,2266.9,2356.0,2290.0,2245.1,2175.0,2270.1,2249.0,True
2011-11-21,55.4,31.5,84.8,57.0,2272.9,2248.5,2332.7,2244.0,2227.9,2161.6,2251.5,2187.0,False
2011-11-22,56.9,32.5,86.9,36.0,2237.3,2212.2,2298.7,2226.75,2191.0,2123.0,2215.3,2190.75,True
2011-11-23,53.6,30.6,82.0,55.75,2236.7,2213.0,2294.5,2216.75,2193.0,2129.0,2215.9,2161.0,True
2011-11-25,52.6,30.0,80.3,48.75,2183.0,2159.8,2239.8,2184.5,2140.2,2077.4,2162.7,2135.75,True
2011-11-28,49.3,28.1,75.3,49.75,2168.1,2146.4,2221.3,2228.0,2128.0,2069.1,2149.1,2178.25,False
2011-11-29,52.2,29.7,79.6,39.75,2242.9,2219.8,2299.5,2245.0,2200.3,2138.0,2222.7,2205.25,True
2011-11-30,49.2,28.1,75.2,100.25,2233.1,2211.4,2286.5,2296.5,2193.0,2134.3,2214.1,2196.25,False
2011-12-01,60.9,34.6,93.1,31.5,2320.5,2293.6,2386.9,2315.5,2270.9,2198.2,2297.0,2284.0,True
2011-12-02,57.1,32.3,87.5,44.0,2333.2,2307.9,2395.4,2344.75,2286.7,2218.5,2311.1,2300.75,True
2011-12-05,55.8,31.6,85.5,34.75,2326.6,2302.0,2387.4,2343.75,2281.2,2214.6,2305.1,2309.0,False
2011-12-06,54.0,30.6,82.7,28.75,2347.6,2323.7,2406.4,2341.5,2303.7,2239.2,2326.9,2312.75,True
2011-12-07,51.2,29.0,78.5,52.25,2342.9,2320.3,2398.7,2343.75,2301.3,2240.2,2323.3,2291.5,True
2011-12-08,45.4,25.7,69.6,63.25,2340.5,2320.4,2390.0,2341.0,2303.6,2249.4,2323.1,2277.75,True
2011-12-09,49.0,27.6,75.0,58.0,2305.8,2284.1,2359.2,2327.0,2265.9,2207.4,2287.0,2269.0,True
2011-12-12,51.8,29.2,79.2,52.25,2343.7,2320.8,2400.1,2325.5,2301.5,2239.8,2323.8,2273.25,True
2011-12-13,52.4,29.5,80.1,59.75,2315.9,2292.8,2373.0,2318.0,2273.3,2210.8,2295.8,2258.25,True
2011-12-14,55.5,31.3,84.8,59.75,2294.2,2269.7,2354.7,2279.75,2249.1,2182.9,2272.9,2220.0,True
2011-12-15,55.5,31.3,84.8,36.25,2255.5,2231.0,2315.9,2255.75,2210.3,2144.2,2234.2,2219.5,True
2011-12-16,52.4,29.6,80.1,25.75,2248.9,2225.8,2306.0,2249.0,2206.3,2143.8,2228.8,2223.25,True
2011-12-19,48.3,27.2,73.9,46.75,2262.5,2241.1,2315.1,2251.0,2223.2,2165.6,2243.9,2204.25,True
2011-12-20,47.5,26.8,72.7,71.0,2232.4,2211.4,2284.1,2283.25,2193.7,2137.1,2214.1,2212.25,True
2011-12-21,50.6,28.5,77.3,73.5,2287.9,2265.6,2343.1,2291.25,2246.7,2186.5,2268.5,2217.75,True
2011-12-22,52.2,29.4,79.6,29.75,2260.9,2237.8,2317.7,2264.25,2218.4,2156.2,2240.8,2234.5,True
2011-12-23,50.8,28.6,77.4,23.0,2282.1,2259.6,2337.4,2283.25,2240.7,2180.2,2262.5,2260.25,True
2011-12-27,50.3,28.3,76.8,21.5,2299.6,2277.3,2354.4,2296.5,2258.6,2198.7,2280.2,2275.0,True
2011-12-28,46.7,26.3,71.4,38.5,2304.1,2283.4,2354.9,2292.25,2266.1,2210.5,2286.1,2253.75,True
2011-12-29,42.3,23.8,64.7,23.75,2277.2,2258.5,2323.3,2282.0,2242.8,2192.4,2260.9,2258.25,True
2011-12-30,35.3,19.8,54.1,14.25,2292.1,2276.4,2330.5,2284.5,2263.3,2221.3,2278.5,2270.25,True
2012-01-03,32.3,18.1,49.4,20.25,2288.0,2273.8,2323.2,2328.25,2261.8,2223.3,2275.6,2308.0,False
2012-01-04,31.4,17.6,48.1,27.0,2329.2,2315.3,2363.4,2329.5,2303.6,2266.2,2317.2,2302.5,True
2012-01-05,32.4,18.2,49.7,38.25,2342.3,2328.0,2377.6,2347.5,2316.0,2277.4,2330.0,2309.25,True
2012-01-06,32.5,18.3,49.8,26.25,2353.1,2338.8,2388.5,2358.75,2326.7,2288.0,2340.7,2332.5,True
2012-01-09,32.5,18.3,49.8,25.0,2365.9,2351.5,2401.3,2363.5,2339.4,2300.8,2353.5,2338.5,True
2012-01-10,33.8,19.0,51.7,32.0,2360.9,2346.0,2397.7,2378.25,2333.4,2293.2,2348.0,2346.25,True
2012-01-11,35.3,19.9,53.9,20.75,2378.3,2362.7,2416.8,2373.25,2349.6,2307.6,2364.8,2352.5,True
2012-01-12,33.5,18.9,51.2,27.25,2381.1,2366.2,2417.5,2383.0,2353.8,2313.9,2368.2,2355.75,True
2012-01-13,31.7,17.9,48.4,38.25,2391.8,2377.8,2426.3,2386.75,2366.0,2328.3,2379.7,2348.5,True
2012-01-17,33.1,18.7,50.5,39.5,2387.4,2372.7,2423.4,2401.0,2360.4,2321.1,2374.7,2361.5,True
2012-01-18,34.7,19.6,52.9,35.25,2404.3,2389.0,2442.1,2423.0,2376.1,2334.8,2391.0,2387.75,True
2012-01-19,34.9,19.8,53.2,24.0,2435.2,2419.7,2473.2,2442.5,2406.7,2365.3,2421.8,2418.5,True
2012-01-20,34.7,19.7,53.0,14.25,2439.8,2424.5,2477.6,2437.0,2411.6,2370.3,2426.5,2422.75,True
2012-01-23,32.7,18.5,49.9,31.5,2448.5,2434.0,2484.1,2452.25,2421.9,2383.0,2435.9,2420.75,True
2012-01-24,31.9,18.1,48.6,20.25,2448.4,2434.3,2483.1,2439.75,2422.4,2384.5,2436.2,2419.5,True
2012-01-25,28.2,16.0,42.8,32.25,2449.3,2436.9,2480.0,2469.0,2426.4,2392.9,2438.5,2436.75,True
2012-01-26,27.5,15.6,41.7,35.25,2472.0,2459.9,2502.0,2476.0,2449.7,2417.0,2461.5,2440.75,True
2012-01-27,28.8,16.4,43.6,19.75,2465.4,2452.6,2496.7,2464.5,2441.9,2407.7,2454.3,2444.75,True
2012-01-30,29.1,16.5,44.0,36.25,2468.5,2455.6,2500.1,2465.5,2444.8,2410.2,2457.3,2429.25,True
2012-01-31,30.2,17.2,45.4,29.75,2474.7,2461.3,2507.6,2478.5,2450.1,2414.2,2463.1,2448.75,True
2012-02-01,30.9,17.6,46.5,40.75,2477.2,2463.5,2510.9,2494.25,2452.1,2415.4,2465.4,2453.5,True
2012-02-02,32.6,18.5,49.0,21.25,2501.2,2486.8,2536.7,2500.75,2474.6,2436.0,2488.7,2479.5,True
2012-02-03,30.8,17.5,46.3,40.25,2504.4,2490.8,2538.0,2530.0,2479.4,2442.8,2492.6,2489.75,True
2012-02-06,34.2,19.4,51.3,15.75,2537.4,2522.2,2574.6,2526.25,2509.5,2468.9,2524.2,2510.5,True
2012-02-07,31.0,17.6,46.6,23.0,2538.8,2525.0,2572.5,2534.75,2513.5,2476.8,2526.9,2511.75,True
2012-02-08,30.0,17.0,45.2,26.5,2541.8,2528.6,2574.5,2547.5,2517.4,2481.8,2530.3,2521.0,True
2012-02-09,28.4,16.1,42.8,29.75,2556.7,2544.1,2587.6,2565.0,2533.6,2499.9,2545.8,2535.25,True
2012-02-10,29.7,16.9,44.6,26.0,2573.5,2560.3,2605.8,2561.25,2549.3,2514.1,2562.1,2535.25,True
2012-02-13,27.5,15.6,41.3,19.5,2560.0,2547.9,2590.0,2571.25,2537.7,2505.1,2549.5,2551.75,False
2012-02-14,28.0,15.9,42.0,24.25,2579.5,2567.1,2610.0,2577.5,2556.7,2523.5,2568.8,2553.25,True
2012-02-15,28.2,16.0,42.3,48.0,2587.8,2575.4,2618.5,2600.5,2564.9,2531.5,2577.1,2552.5,True
2012-02-16,30.9,17.6,46.4,51.5,2570.5,2556.8,2604.1,2594.25,2545.3,2508.7,2558.7,2542.75,True
2012-02-17,34.1,19.3,51.5,25.5,2607.8,2592.7,2644.9,2597.5,2580.1,2539.7,2594.8,2572.0,True
2012-02-21,33.2,18.8,50.1,27.5,2596.0,2581.2,2632.1,2601.75,2568.9,2529.6,2583.2,2574.25,True
2012-02-22,34.2,19.4,51.7,25.25,2605.4,2590.2,2642.6,2600.5,2577.5,2537.0,2592.3,2575.25,True
2012-02-23,34.2,19.4,51.7,32.75,2593.1,2578.0,2630.3,2602.0,2565.3,2524.8,2580.0,2569.25,True
2012-02-24,33.1,18.7,49.9,11.5,2614.7,2600.0,2650.7,2609.5,2587.7,2548.5,2602.0,2598.0,True
2012-02-27,27.5,15.6,41.6,38.0,2613.1,2600.9,2643.0,2616.75,2590.7,2558.1,2602.5,2578.75,True
2012-02-28,29.9,16.9,45.0,27.5,2620.6,2607.3,2653.1,2635.0,2596.2,2560.8,2609.1,2607.5,True
2012-02-29,29.7,16.9,44.9,31.0,2644.5,2631.3,2676.8,2645.25,2620.3,2585.2,2633.1,2614.25,True
2012-03-01,30.5,17.3,46.0,29.75,2635.8,2622.3,2669.0,2646.25,2611.0,2574.9,2624.1,2616.5,True
2012-03-02,30.1,17.1,45.5,17.25,2655.9,2642.6,2688.6,2650.0,2631.4,2595.8,2644.4,2632.75,True
2012-03-05,30.2,17.1,45.6,39.5,2656.2,2642.8,2689.0,2645.0,2631.6,2595.9,2644.6,2605.5,True
2012-03-06,30.4,17.2,45.8,42.5,2628.8,2615.3,2661.8,2617.5,2604.0,2568.1,2617.1,2575.0,True
2012-03-07,32.2,18.2,48.5,26.25,2603.0,2588.8,2638.1,2614.5,2576.8,2538.7,2590.7,2588.25,True
2012-03-08,31.4,17.8,47.3,39.75,2622.0,2608.0,2656.1,2644.25,2596.4,2559.3,2609.9,2604.5,True
2012-03-09,33.6,19.0,50.6,21.0,2651.9,2637.0,2688.4,2652.5,2624.5,2584.8,2639.0,2631.5,True
2012-03-12,33.7,19.1,50.8,17.25,2662.7,2647.7,2699.3,2652.5,2635.2,2595.4,2649.8,2635.25,True
2012-03-13,31.0,17.5,46.6,50.75,2664.5,2650.8,2698.2,2700.5,2639.3,2602.7,2652.7,2649.75,False
2012-03-14,33.5,18.9,50.5,27.25,2711.8,2697.0,2748.3,2717.5,2684.6,2645.0,2699.0,2690.25,True
2012-03-15,33.1,18.7,49.8,20.25,2720.2,2705.5,2756.2,2721.25,2693.2,2654.1,2707.5,2701.0,True
2012-03-16,30.6,17.3,46.0,11.75,2728.6,2715.1,2761.9,2724.0,2703.7,2667.5,2716.9,2712.25,True
2012-03-19,28.9,16.3,43.5,34.75,2731.9,2719.1,2763.4,2735.0,2708.4,2674.2,2720.8,2700.25,True
2012-03-20,31.3,17.7,47.1,30.75,2740.9,2727.0,2775.0,2738.0,2715.4,2678.4,2728.9,2707.25,True
2012-03-21,28.3,16.0,42.6,18.5,2747.4,2734.9,2778.2,2748.5,2724.4,2690.9,2736.5,2730.0,True
2012-03-22,26.8,15.1,40.3,25.25,2746.5,2734.7,2775.7,2740.75,2724.7,2693.0,2736.2,2715.5,True
2012-03-23,27.4,15.5,41.3,35.75,2742.8,2730.6,2772.6,2746.5,2720.5,2688.1,2732.3,2710.75,True
2012-03-26,30.6,17.3,46.1,49.0,2741.6,2728.1,2774.9,2778.0,2716.7,2680.5,2729.9,2729.0,False
2012-03-27,33.2,18.8,50.0,17.5,2791.0,2776.3,2827.1,2789.5,2763.9,2724.7,2778.2,2772.0,True
2012-03-28,31.2,17.6,46.9,40.0,2788.9,2775.1,2822.9,2790.25,2763.5,2726.6,2776.9,2750.25,True
2012-03-29,33.9,19.1,51.0,36.25,2782.3,2767.3,2819.2,2773.25,2754.7,2714.6,2769.2,2737.0,True
2012-03-30,35.1,19.7,52.7,33.0,2773.0,2757.5,2811.3,2773.25,2744.4,2703.0,2759.5,2740.25,True
2012-04-02,34.6,19.5,52.0,40.25,2765.3,2750.0,2803.0,2783.75,2737.1,2696.2,2752.0,2743.5,True
2012-04-03,34.2,19.3,51.5,28.5,2791.4,2776.3,2828.6,2791.5,2763.6,2723.1,2778.2,2763.0,True
2012-04-04,35.5,20.0,53.3,56.25,2793.9,2778.2,2832.6,2781.0,2765.0,2723.1,2780.3,2724.75,True
2012-04-05,37.4,21.0,56.4,38.25,2752.2,2735.7,2793.0,2760.75,2721.8,2677.6,2737.9,2722.5,True
2012-04-09,37.5,21.1,56.6,29.25,2769.5,2752.9,2810.4,2748.0,2739.0,2694.7,2755.1,2718.75,False
2012-04-10,36.7,20.6,55.3,61.75,2744.0,2727.7,2783.9,2746.0,2714.1,2670.7,2729.8,2684.25,True
2012-04-11,39.4,22.1,59.4,26.25,2713.6,2696.1,2756.5,2723.75,2681.5,2634.9,2698.4,2697.5,True
2012-04-12,38.9,21.9,58.7,35.5,2720.6,2703.4,2763.0,2740.25,2688.9,2643.0,2705.7,2704.75,True
2012-04-13,37.9,21.3,57.2,51.75,2754.7,2737.9,2796.0,2742.75,2723.8,2679.1,2740.1,2691.0,True
2012-04-16,38.9,21.9,58.7,53.5,2709.9,2692.6,2752.2,2710.0,2678.2,2632.2,2694.9,2656.5,True
2012-04-17,41.6,23.4,62.5,74.0,2681.3,2662.8,2726.6,2728.25,2647.4,2598.2,2665.2,2654.25,False
2012-04-18,45.3,25.4,68.3,33.75,2731.8,2711.7,2781.2,2728.25,2694.9,2641.4,2714.4,2694.5,True
2012-04-19,45.7,25.6,68.8,63.5,2713.8,2693.5,2763.6,2735.0,2676.5,2622.5,2696.1,2671.5,True
2012-04-20,49.3,27.7,74.1,38.25,2704.3,2682.4,2758.0,2708.0,2664.1,2605.9,2685.3,2669.75,True
2012-04-23,47.7,26.8,71.7,50.0,2694.4,2673.2,2746.3,2675.0,2655.5,2599.1,2675.9,2625.0,True
2012-04-24,47.8,26.9,71.9,41.25,2670.4,2649.2,2722.5,2666.0,2631.4,2575.0,2651.9,2624.75,True
2012-04-25,44.2,24.9,66.0,74.75,2651.1,2631.5,2699.3,2706.75,2615.1,2562.9,2634.1,2632.0,False
2012-04-26,51.3,28.9,77.2,32.0,2726.1,2703.3,2782.1,2727.0,2684.3,2623.7,2706.3,2695.0,True
2012-04-27,47.1,26.6,70.5,37.25,2740.1,2719.2,2791.5,2746.0,2701.7,2646.1,2721.9,2708.75,True
2012-04-30,47.7,26.9,71.4,28.75,2756.9,2735.7,2808.9,2744.25,2718.0,2661.6,2738.4,2715.5,True
2012-05-01,44.1,25.2,66.2,42.5,2737.8,2718.2,2785.9,2753.0,2701.9,2649.8,2720.8,2710.5,True
2012-05-02,44.4,25.4,66.7,29.5,2737.2,2717.5,2785.6,2732.0,2701.0,2648.6,2720.1,2702.5,True
2012-05-03,38.6,22.1,58.0,46.25,2743.8,2726.6,2785.8,2738.25,2712.3,2666.7,2728.9,2692.0,True
2012-05-04,40.2,23.0,60.3,75.25,2708.9,2691.1,2752.8,2700.5,2676.2,2628.7,2693.4,2625.25,False
2012-05-07,44.8,25.6,67.2,61.75,2644.4,2624.5,2693.2,2648.25,2607.9,2554.8,2627.1,2586.5,True
2012-05-08,48.9,27.9,73.3,58.5,2657.1,2635.4,2710.4,2641.75,2617.2,2559.4,2638.2,2583.25,True
2012-05-09,50.9,29.0,76.2,48.0,2644.2,2621.6,2699.7,2632.25,2602.7,2542.5,2624.5,2584.25,True
2012-05-10,53.1,30.2,79.5,35.5,2641.6,2618.0,2699.5,2636.5,2598.3,2535.5,2621.1,2601.0,True
2012-05-11,51.4,29.3,77.0,42.75,2640.4,2617.6,2696.4,2640.25,2598.5,2537.7,2620.5,2597.5,True
2012-05-14,48.5,27.7,72.7,29.5,2631.2,2609.6,2684.1,2613.0,2591.6,2534.3,2612.4,2583.5,True
2012-05-15,44.1,25.2,66.1,41.75,2603.6,2584.0,2651.7,2616.25,2567.6,2515.5,2586.5,2574.5,True
2012-05-16,42.2,24.2,63.4,39.75,2596.0,2577.3,2642.0,2596.0,2561.6,2511.7,2579.7,2556.25,True
2012-05-17,40.8,23.3,61.3,66.25,2574.7,2556.6,2619.2,2571.0,2541.4,2493.2,2558.9,2504.75,True
2012-05-18,43.9,25.1,65.9,53.75,2523.2,2503.7,2571.1,2521.75,2487.4,2435.6,2506.3,2468.0,True
2012-05-21,44.9,25.7,67.5,81.5,2487.1,2467.2,2536.1,2546.5,2450.5,2397.5,2469.8,2465.0,False
2012-05-22,53.0,30.3,80.1,39.25,2565.8,2542.3,2623.6,2561.5,2522.6,2460.0,2545.3,2522.25,True
2012-05-23,52.1,29.7,78.6,54.75,2557.2,2534.1,2614.0,2552.25,2514.7,2453.2,2537.0,2497.5,True
2012-05-24,54.2,30.9,81.8,46.0,2563.3,2539.3,2622.5,2556.25,2519.1,2455.1,2542.4,2510.25,True
2012-05-25,52.1,29.7,78.7,33.25,2558.2,2535.1,2615.0,2551.5,2515.7,2454.2,2538.0,2518.25,True
2012-05-29,48.7,27.8,73.4,38.5,2544.5,2522.9,2597.6,2570.0,2504.8,2447.3,2525.7,2531.5,False
2012-05-30,44.6,25.5,67.5,40.75,2578.3,2558.5,2626.9,2561.0,2541.9,2489.2,2561.2,2520.25,True
2012-05-31,44.4,25.4,67.1,36.5,2549.4,2529.7,2597.9,2542.5,2513.2,2460.8,2532.4,2506.0,True
2012-06-01,42.3,24.2,63.9,68.0,2541.8,2523.1,2588.0,2522.0,2507.3,2457.4,2525.6,2454.0,False
2012-06-04,44.6,25.5,67.9,46.5,2473.8,2454.0,2522.4,2480.25,2437.4,2384.4,2456.6,2433.75,True
2012-06-05,46.6,26.6,70.9,32.5,2488.6,2467.9,2539.5,2492.0,2450.6,2395.2,2470.7,2459.5,True
2012-06-06,45.9,26.3,69.9,64.75,2508.1,2487.7,2558.2,2551.75,2470.6,2416.1,2490.4,2487.0,True
2012-06-07,50.4,28.8,76.6,38.5,2571.2,2548.8,2626.2,2570.5,2530.1,2470.2,2551.8,2532.0,True
2012-06-08,49.5,28.2,75.2,46.5,2557.1,2535.1,2611.1,2564.25,2516.7,2457.9,2538.1,2517.75,True
2012-06-11,47.6,27.2,72.3,90.5,2582.5,2561.4,2634.5,2604.0,2543.7,2487.1,2564.2,2513.5,True
2012-06-12,52.7,30.1,80.1,41.5,2537.4,2514.0,2594.9,2551.75,2494.4,2431.8,2517.2,2510.25,True
2012-06-13,53.8,30.9,81.8,38.25,2572.9,2549.0,2631.6,2557.75,2529.0,2465.1,2552.2,2519.5,True
2012-06-14,50.2,28.8,76.4,33.25,2549.1,2526.8,2603.9,2548.25,2508.2,2448.6,2529.8,2515.0,True
2012-06-15,49.8,28.6,75.9,14.75,2561.5,2539.4,2615.8,2554.0,2520.8,2461.7,2542.3,2539.25,True
2012-06-18,45.2,25.9,69.0,45.25,2566.5,2546.5,2615.8,2594.5,2529.7,2476.0,2549.1,2549.25,False
2012-06-19,41.5,23.8,63.3,41.0,2605.0,2586.5,2650.2,2626.0,2571.1,2521.9,2589.1,2585.0,True
2012-06-20,41.2,23.6,62.9,30.75,2629.8,2611.6,2674.8,2628.25,2596.3,2547.3,2614.1,2597.5,True
2012-06-21,39.6,22.7,60.4,72.0,2633.9,2616.3,2677.1,2620.5,2601.6,2554.6,2618.7,2548.5,False
2012-06-22,43.4,24.9,66.3,33.25,2570.0,2550.8,2617.4,2581.75,2534.6,2482.7,2553.4,2548.5,True
2012-06-25,45.2,25.9,69.0,56.25,2592.5,2572.5,2641.8,2577.25,2555.7,2501.6,2575.2,2521.0,True
2012-06-26,45.9,26.3,70.2,26.5,2545.8,2525.4,2595.9,2551.75,2508.4,2453.5,2528.2,2525.25,True
2012-06-27,43.9,25.1,67.1,29.0,2566.7,2547.2,2614.6,2571.5,2530.9,2478.4,2549.9,2542.5,True
2012-06-28,43.9,25.2,67.1,61.25,2576.2,2556.7,2624.1,2564.75,2540.5,2487.9,2559.4,2503.5,True
2012-06-29,43.3,24.8,66.2,97.5,2546.0,2526.8,2593.2,2616.25,2510.7,2458.9,2529.4,2518.75,False
2012-07-02,53.7,30.7,82.3,20.75,2632.3,2608.5,2691.0,2620.25,2588.6,2524.4,2611.8,2599.5,True
2012-07-03,48.2,27.5,73.9,29.0,2634.5,2613.1,2687.2,2642.5,2595.3,2537.6,2616.1,2613.5,True
2012-07-05,48.3,27.6,74.1,34.75,2661.8,2640.4,2714.6,2655.75,2622.5,2564.7,2643.3,2621.0,True
2012-07-06,48.7,27.8,74.6,54.25,2663.0,2641.4,2716.2,2644.75,2623.3,2565.1,2644.3,2590.5,True
2012-07-09,47.9,27.3,73.4,24.0,2629.2,2607.9,2681.4,2615.5,2590.1,2532.9,2610.8,2591.5,True
2012-07-10,37.6,21.4,57.6,57.0,2621.8,2605.1,2662.9,2625.5,2591.2,2546.3,2607.4,2568.5,True
2012-07-11,42.4,24.2,64.7,46.25,2595.8,2577.0,2642.1,2589.25,2561.3,2510.6,2579.6,2543.0,True
2012-07-12,44.0,25.1,67.1,53.25,2580.0,2560.5,2628.0,2569.75,2544.2,2491.6,2563.2,2516.5,True
2012-07-13,45.0,25.7,68.4,47.25,2556.7,2536.7,2605.8,2584.75,2520.0,2466.3,2539.4,2537.5,True
2012-07-16,45.2,25.8,68.7,23.25,2596.0,2576.0,2645.4,2584.5,2559.2,2505.2,2578.7,2561.25,True
2012-07-17,44.1,25.2,67.2,46.0,2590.0,2570.5,2638.2,2594.0,2554.1,2501.5,2573.2,2548.0,True
2012-07-18,44.1,25.1,67.1,51.75,2605.5,2586.0,2653.7,2628.5,2569.6,2517.0,2588.7,2576.75,True
2012-07-19,46.1,26.3,70.0,35.0,2639.4,2618.9,2689.7,2658.0,2601.8,2546.8,2621.7,2623.0,False
2012-07-20,44.0,25.1,66.7,44.75,2670.8,2651.2,2718.8,2657.5,2634.9,2582.4,2653.9,2612.75,True
2012-07-23,43.1,24.6,65.3,69.75,2631.4,2612.3,2678.4,2613.0,2596.3,2544.8,2614.9,2543.25,False
2012-07-24,48.6,27.7,74.1,45.0,2599.7,2578.1,2652.7,2590.0,2560.1,2501.7,2581.1,2545.0,True
2012-07-25,47.1,26.8,71.7,44.0,2568.3,2547.4,2619.7,2560.75,2529.9,2473.4,2550.3,2516.75,True
2012-07-26,46.4,26.5,70.8,63.75,2563.0,2542.4,2613.7,2593.5,2525.2,2469.5,2545.3,2529.75,True
2012-07-27,50.7,29.1,77.1,73.5,2593.8,2571.3,2649.2,2646.0,2552.5,2491.6,2574.4,2572.5,True
2012-07-30,56.4,32.3,85.6,29.5,2665.7,2640.7,2727.3,2657.75,2619.8,2552.0,2644.2,2628.25,True
2012-07-31,51.2,29.1,77.7,21.5,2657.3,2634.6,2713.2,2652.5,2615.6,2554.1,2637.7,2631.0,True
2012-08-01,47.4,27.0,72.2,37.75,2656.4,2635.4,2708.2,2656.25,2617.8,2560.9,2638.3,2618.5,True
2012-08-02,45.7,26.0,69.5,48.75,2644.2,2624.0,2694.1,2648.75,2607.0,2552.1,2626.7,2600.0,True
2012-08-03,44.4,25.3,67.7,65.25,2637.2,2617.5,2685.6,2681.25,2601.0,2547.7,2620.2,2616.0,True
2012-08-06,45.1,25.7,68.3,30.0,2690.0,2670.0,2739.2,2701.75,2653.3,2599.1,2672.7,2671.75,True
2012-08-07,44.6,25.4,67.6,36.75,2705.3,2685.5,2753.9,2723.0,2669.0,2615.4,2688.2,2686.25,True
2012-08-08,46.5,26.5,70.5,16.25,2729.6,2708.9,2780.3,2717.0,2691.7,2635.9,2711.8,2700.75,True
2012-08-09,43.0,24.5,65.3,19.75,2724.8,2705.8,2771.8,2723.25,2689.8,2638.2,2708.4,2703.5,True
2012-08-10,39.0,22.0,59.3,20.75,2734.2,2716.9,2776.7,2723.0,2702.4,2655.6,2719.2,2702.25,True
2012-08-13,32.5,18.2,49.5,24.0,2734.7,2720.3,2770.1,2729.75,2708.2,2669.2,2722.2,2705.75,True
2012-08-14,31.3,17.6,47.7,22.25,2741.2,2727.3,2775.3,2743.0,2715.7,2678.1,2729.2,2720.75,True
2012-08-15,28.7,16.1,43.7,22.25,2738.8,2726.1,2770.1,2740.75,2715.5,2681.0,2727.8,2718.5,True
2012-08-16,29.6,16.6,45.1,35.75,2750.9,2737.8,2783.3,2774.0,2726.9,2691.3,2739.6,2738.25,True
2012-08-17,32.2,18.1,49.1,17.25,2777.0,2762.8,2812.2,2780.5,2750.8,2712.2,2764.7,2763.25,True
2012-08-20,30.7,17.0,47.0,17.25,2788.9,2775.3,2822.4,2784.25,2763.9,2727.1,2777.2,2767.0,True
2012-08-21,29.5,16.4,45.1,41.0,2792.4,2779.4,2824.6,2802.5,2768.4,2733.0,2781.1,2761.5,True
2012-08-22,32.3,17.9,49.4,30.75,2787.6,2773.3,2822.8,2789.75,2761.3,2722.6,2775.2,2759.0,True
2012-08-23,32.6,18.1,49.8,38.5,2795.0,2780.5,2830.5,2792.5,2768.4,2729.3,2782.5,2754.0,True
2012-08-24,32.6,18.1,49.8,34.75,2774.7,2760.3,2810.3,2785.25,2748.2,2709.1,2762.2,2750.5,True
2012-08-27,34.5,19.2,52.8,19.25,2789.5,2774.3,2827.2,2795.75,2761.4,2720.1,2776.3,2776.5,False
2012-08-28,33.5,18.6,51.3,19.5,2796.8,2782.0,2833.4,2790.5,2769.6,2729.4,2784.0,2771.0,True
2012-08-29,30.0,16.7,45.9,19.25,2793.4,2780.1,2826.1,2790.5,2769.0,2733.0,2781.9,2771.25,True
2012-08-30,28.4,15.8,43.5,32.25,2793.2,2780.6,2824.2,2782.5,2770.1,2736.1,2782.3,2750.25,True
2012-08-31,27.9,15.5,42.7,40.0,2765.5,2753.2,2795.9,2785.25,2742.8,2709.4,2754.8,2745.25,True
2012-09-04,28.9,16.0,44.2,40.0,2783.2,2770.4,2814.7,2782.75,2759.6,2725.0,2772.1,2742.75,True
2012-09-05,31.2,17.4,47.6,23.75,2787.6,2773.8,2821.7,2780.75,2762.2,2724.9,2775.7,2757.0,True
2012-09-06,30.3,16.9,46.3,63.0,2780.2,2766.9,2813.3,2829.5,2755.6,2719.3,2768.7,2766.5,False
2012-09-07,37.0,20.5,56.7,19.25,2841.1,2824.7,2881.5,2836.25,2811.0,2766.7,2826.9,2817.0,True
2012-09-10,34.3,18.9,52.5,39.25,2837.4,2822.3,2874.9,2823.75,2809.5,2768.5,2824.3,2784.5,True
2012-09-11,34.7,19.1,53.0,22.0,2799.1,2783.8,2837.0,2799.75,2770.9,2729.3,2785.8,2777.75,True
2012-09-12,32.4,17.9,49.5,25.0,2792.9,2778.6,2828.3,2800.25,2766.5,2727.7,2780.5,2775.25,True
2012-09-13,32.8,18.1,50.3,56.75,2810.0,2795.6,2845.9,2842.0,2783.4,2744.1,2797.5,2785.25,True
2012-09-14,33.7,18.6,51.8,38.5,2841.7,2826.8,2878.5,2865.25,2814.3,2773.9,2828.8,2826.75,True
2012-09-17,36.2,20.0,55.5,12.75,2871.7,2855.7,2911.2,2858.5,2842.3,2799.0,2857.9,2845.75,True
2012-09-18,32.2,17.7,49.5,16.0,2865.5,2851.3,2900.7,2859.75,2839.4,2800.8,2853.2,2843.75,True
2012-09-19,31.2,17.1,48.0,22.25,2868.6,2854.9,2902.7,2872.0,2843.3,2805.9,2856.7,2849.75,True
2012-09-20,31.1,17.0,47.9,21.0,2872.1,2858.4,2906.0,2863.75,2846.8,2809.6,2860.2,2842.75,True
2012-09-21,26.7,14.6,41.1,17.0,2870.7,2859.0,2899.9,2877.5,2849.0,2817.1,2860.5,2860.5,True
2012-09-24,23.4,12.8,36.0,31.0,2885.8,2875.5,2911.4,2857.25,2866.8,2838.8,2876.9,2826.25,False
2012-09-25,25.8,14.1,39.8,54.75,2849.1,2837.7,2877.3,2853.0,2828.1,2797.1,2839.2,2798.25,True
2012-09-26,30.9,16.9,48.0,45.0,2816.2,2802.5,2850.0,2807.25,2791.1,2754.0,2804.4,2762.25,True
2012-09-27,33.2,18.1,51.6,46.5,2788.2,2773.5,2824.5,2821.25,2761.2,2721.3,2775.5,2774.75,True
2012-09-28,37.0,20.2,57.5,30.5,2830.1,2813.7,2870.5,2819.25,2800.0,2755.5,2815.9,2788.75,True
2012-10-01,37.9,20.7,58.9,44.75,2807.9,2791.1,2849.3,2822.5,2777.1,2731.6,2793.4,2777.75,True
2012-10-02,40.2,22.0,62.5,35.25,2805.2,2787.3,2849.0,2807.75,2772.5,2724.1,2789.8,2772.5,True
2012-10-03,38.3,20.9,59.5,29.25,2811.4,2794.4,2853.2,2817.25,2780.2,2734.2,2796.7,2788.0,True
2012-10-04,36.5,20.1,56.7,22.25,2823.4,2807.2,2863.2,2830.0,2793.7,2749.8,2809.4,2807.75,True
2012-10-05,33.4,18.4,51.9,41.0,2835.6,2820.7,2872.0,2840.75,2808.4,2768.2,2822.8,2799.75,True
2012-10-08,35.2,19.4,54.7,33.5,2819.1,2803.4,2857.5,2808.0,2790.4,2748.1,2805.6,2774.5,True
2012-10-09,32.9,18.1,51.1,56.75,2791.3,2776.7,2827.3,2786.75,2764.6,2725.0,2778.8,2730.0,True
2012-10-10,35.9,19.7,55.7,26.5,2749.1,2733.2,2788.3,2743.75,2719.9,2676.7,2735.4,2717.25,True
2012-10-11,34.6,19.0,53.8,33.5,2737.3,2722.0,2775.1,2745.5,2709.2,2667.6,2724.1,2712.0,True
2012-10-12,36.1,19.9,56.1,21.0,2728.4,2712.4,2767.8,2728.25,2699.1,2655.7,2714.6,2707.25,True
2012-10-15,33.7,18.6,52.4,31.25,2724.2,2709.2,2761.0,2736.25,2696.8,2656.3,2711.3,2705.0,True
2012-10-16,33.7,18.6,52.4,47.5,2745.4,2730.5,2782.2,2777.25,2718.0,2677.5,2732.5,2729.75,True
2012-10-17,33.8,18.6,52.5,25.25,2779.5,2764.5,2816.4,2778.75,2752.0,2711.4,2766.5,2753.5,True
2012-10-18,33.4,18.4,51.9,46.5,2784.6,2769.7,2821.0,2774.0,2757.4,2717.3,2771.8,2727.5,True
2012-10-19,35.4,19.5,54.9,73.5,2747.6,2732.0,2786.3,2737.5,2718.9,2676.3,2734.1,2664.0,False
2012-10-22,41.5,22.7,64.2,35.5,2681.5,2663.1,2726.8,2693.0,2647.7,2597.8,2665.6,2657.5,True
2012-10-23,41.9,23.0,64.9,43.75,2705.4,2686.8,2751.1,2695.25,2671.3,2620.9,2689.3,2651.5,True
2012-10-24,42.0,23.0,65.0,34.25,2678.2,2659.6,2724.0,2680.5,2644.0,2593.5,2662.1,2646.25,True
2012-10-25,42.7,23.4,66.1,33.25,2668.5,2649.5,2715.1,2673.5,2633.8,2582.4,2652.1,2640.25,True
2012-10-26,41.1,22.5,63.7,64.75,2665.3,2647.1,2710.1,2669.25,2631.9,2582.4,2649.6,2604.5,True
2012-10-31,41.8,22.9,65.0,45.0,2676.6,2658.1,2722.2,2676.75,2642.6,2592.3,2660.6,2631.75,True
2012-11-01,42.2,23.1,65.5,61.5,2658.3,2639.6,2704.3,2688.75,2624.0,2573.2,2642.1,2627.25,True
2012-11-02,45.9,25.1,71.2,53.0,2704.1,2683.7,2754.2,2694.0,2666.8,2611.5,2686.5,2641.0,True
2012-11-05,47.0,25.8,72.9,38.75,2660.8,2640.0,2712.1,2673.5,2622.6,2566.0,2642.8,2634.75,True
2012-11-06,47.7,26.2,73.9,38.5,2682.3,2661.2,2734.4,2691.75,2643.6,2586.2,2664.1,2653.25,True
2012-11-07,45.5,25.0,70.6,89.0,2694.9,2674.8,2744.5,2688.0,2657.9,2603.2,2677.5,2599.0,False
2012-11-08,51.1,28.1,79.7,54.75,2631.5,2608.9,2687.3,2623.25,2590.0,2528.0,2611.9,2568.5,True
2012-11-09,49.5,27.2,76.7,51.0,2592.8,2570.9,2646.8,2607.25,2552.6,2492.6,2573.9,2556.25,True
2012-11-12,50.0,27.5,77.6,25.25,2601.6,2579.4,2656.1,2597.25,2560.9,2500.3,2582.4,2572.0,True
2012-11-13,47.3,25.9,73.4,32.75,2600.9,2580.0,2652.5,2585.75,2562.5,2505.1,2582.8,2553.0,True
2012-11-14,46.9,25.7,72.8,59.25,2580.2,2559.5,2631.4,2585.75,2542.1,2485.3,2562.3,2526.5,True
2012-11-15,44.9,24.6,69.7,28.25,2548.4,2528.5,2597.4,2541.0,2511.9,2457.5,2531.2,2512.75,True
2012-11-16,41.4,22.8,64.3,47.25,2539.4,2521.1,2584.6,2539.25,2505.8,2455.6,2523.6,2492.0,True
2012-11-19,42.1,23.2,65.4,59.75,2550.7,2532.1,2596.6,2594.25,2516.5,2465.5,2534.6,2534.5,True
2012-11-20,47.5,26.2,73.9,28.75,2605.5,2584.5,2657.3,2596.75,2566.9,2509.4,2587.3,2568.0,True
2012-11-21,46.4,25.6,72.2,25.0,2613.0,2592.5,2663.6,2602.0,2575.3,2519.1,2595.3,2577.0,True
2012-11-23,42.0,23.1,65.4,42.5,2613.7,2595.1,2659.5,2638.75,2579.5,2528.7,2597.6,2596.25,True
2012-11-26,44.3,24.3,69.0,27.75,2652.9,2633.3,2701.2,2650.75,2616.9,2563.3,2635.9,2623.0,True
2012-11-27,41.3,22.7,64.5,22.25,2663.1,2644.9,2708.2,2658.75,2629.6,2579.6,2647.3,2636.5,True
2012-11-28,35.8,19.7,55.0,54.0,2656.3,2640.5,2695.4,2665.5,2627.3,2583.9,2642.6,2611.5,True
2012-11-29,40.4,22.2,62.0,28.75,2677.5,2659.7,2721.6,2688.5,2644.7,2595.8,2662.0,2659.75,True
2012-11-30,40.3,22.1,61.9,22.5,2697.0,2679.2,2740.9,2689.75,2664.3,2615.5,2681.5,2667.25,True
2012-12-03,36.7,20.2,56.4,32.25,2691.2,2675.0,2731.2,2698.5,2661.4,2617.0,2677.1,2666.25,True
2012-12-04,37.3,20.5,57.2,25.5,2685.7,2669.2,2726.4,2675.75,2655.4,2610.3,2671.4,2650.25,True
2012-12-05,36.8,20.2,56.4,56.25,2680.0,2663.7,2720.1,2679.25,2650.1,2605.6,2665.9,2623.0,True
2012-12-06,37.5,20.6,57.4,39.5,2653.3,2636.7,2694.2,2662.0,2622.9,2577.5,2638.9,2622.5,True
2012-12-07,38.7,21.3,59.3,43.75,2670.3,2653.2,2712.5,2673.25,2638.9,2592.1,2655.5,2629.5,True
2012-12-10,41.1,22.5,62.9,35.0,2653.3,2635.2,2698.1,2660.75,2619.9,2570.3,2637.5,2625.75,True
2012-12-11,40.5,22.3,61.9,52.25,2667.5,2649.7,2711.7,2696.5,2634.7,2585.8,2652.0,2644.25,True
2012-12-12,44.3,24.4,67.7,28.0,2704.4,2684.9,2752.7,2696.0,2668.4,2614.9,2687.4,2668.0,True
2012-12-13,39.9,22.0,61.0,46.75,2687.0,2669.5,2730.6,2689.25,2654.7,2606.5,2671.8,2642.5,True
2012-12-14,41.3,22.9,63.0,42.75,2669.1,2650.9,2714.2,2662.75,2635.6,2585.8,2653.3,2620.0,True
2012-12-17,40.9,22.6,62.5,55.75,2645.0,2626.9,2689.6,2669.75,2611.7,2562.4,2629.3,2614.0,True
2012-12-18,44.0,24.3,67.0,42.75,2685.0,2665.6,2733.0,2709.25,2649.3,2596.2,2668.2,2666.5,True
2012-12-19,43.6,24.1,66.4,27.5,2722.4,2703.1,2769.9,2716.0,2687.0,2634.4,2705.6,2688.5,True
2012-12-20,42.4,23.5,64.6,24.25,2712.1,2693.4,2758.3,2704.0,2677.7,2626.5,2695.8,2679.75,True
2012-12-21,39.0,21.6,59.5,54.0,2709.4,2692.2,2751.9,2694.25,2677.8,2630.7,2694.5,2640.25,True
2012-12-24,40.8,22.6,62.2,16.25,2667.7,2649.7,2712.2,2662.75,2634.6,2585.4,2652.0,2646.5,True
2012-12-26,35.1,19.5,53.5,36.75,2663.5,2648.1,2701.8,2658.75,2635.0,2592.7,2650.1,2622.0,True
2012-12-27,34.8,19.3,53.0,44.25,2643.1,2627.8,2681.1,2637.75,2614.9,2573.0,2629.8,2593.5,True
2012-12-28,37.2,20.6,56.6,48.0,2638.1,2621.8,2678.7,2630.5,2608.0,2563.2,2623.9,2582.5,True
2012-12-31,39.9,22.1,60.6,85.0,2602.8,2585.2,2646.3,2665.0,2570.4,2522.3,2587.5,2580.0,False
2013-01-02,45.9,25.4,69.9,56.5,2674.6,2654.4,2724.7,2742.75,2637.3,2582.0,2657.0,2686.25,False
2013-01-03,51.5,28.5,78.3,28.0,2760.4,2737.8,2816.7,2747.0,2718.6,2656.6,2740.7,2719.0,True
2013-01-04,49.5,27.4,75.1,24.75,2746.3,2724.5,2800.4,2736.0,2706.2,2646.5,2727.4,2711.25,True
2013-01-07,46.8,25.8,71.2,20.25,2732.7,2712.1,2783.8,2722.75,2694.7,2638.3,2714.8,2702.5,True
2013-01-08,43.5,23.9,66.2,26.25,2736.0,2716.9,2783.6,2724.75,2700.8,2648.4,2719.4,2698.5,True
2013-01-09,36.2,19.9,55.1,19.0,2729.2,2713.3,2768.8,2730.25,2699.9,2656.3,2715.4,2711.25,True
2013-01-10,30.7,16.8,46.7,29.75,2734.9,2721.4,2768.4,2743.5,2710.0,2673.0,2723.2,2713.75,True
2013-01-11,31.3,17.2,47.7,12.25,2750.2,2736.4,2784.3,2744.5,2724.8,2687.1,2738.2,2732.25,True
2013-01-14,28.4,15.5,43.4,31.0,2755.7,2743.2,2786.7,2750.25,2732.7,2698.4,2744.8,2719.25,True
2013-01-15,30.1,16.4,46.0,27.0,2741.4,2728.2,2774.3,2732.25,2717.0,2680.7,2729.9,2705.25,True
2013-01-16,29.8,16.3,45.3,27.0,2726.8,2713.7,2759.3,2737.5,2702.6,2666.7,2715.4,2710.5,True
2013-01-17,30.7,16.8,46.6,35.5,2738.9,2725.4,2772.4,2752.0,2714.0,2677.0,2727.2,2716.5,True
2013-01-18,31.7,17.3,48.1,19.25,2753.8,2739.9,2788.5,2741.75,2728.1,2689.9,2741.7,2722.5,True
2013-01-22,31.2,17.1,47.4,37.25,2746.9,2733.2,2780.9,2758.0,2721.6,2684.0,2734.9,2720.75,True
2013-01-23,32.7,17.9,49.6,40.25,2764.8,2750.4,2800.5,2768.75,2738.2,2698.8,2752.2,2728.5,True
2013-01-24,34.6,18.9,52.5,35.25,2773.6,2758.3,2811.3,2743.0,2745.5,2703.8,2760.3,2707.75,False
2013-01-25,35.0,19.1,53.1,27.75,2733.0,2717.5,2771.2,2739.5,2704.6,2662.4,2719.6,2711.75,True
2013-01-28,33.4,18.3,50.8,21.25,2742.0,2727.3,2778.5,2747.5,2715.0,2674.7,2729.3,2726.25,True
2013-01-29,33.6,18.4,51.0,30.75,2751.6,2736.8,2788.3,2747.0,2724.4,2683.9,2738.8,2716.25,True
2013-01-30,33.1,18.2,50.3,25.5,2756.7,2742.0,2792.8,2751.75,2729.8,2690.0,2744.0,2726.25,True
2013-01-31,30.9,17.1,46.9,22.5,2748.7,2735.1,2782.5,2746.25,2723.7,2686.5,2736.9,2723.75,True
2013-02-01,28.7,15.9,43.6,33.5,2737.1,2724.4,2768.4,2764.0,2713.8,2679.2,2726.1,2730.5,False
2013-02-04,29.1,16.1,44.1,50.25,2768.7,2755.9,2800.5,2759.25,2745.1,2710.1,2757.6,2709.0,False
2013-02-05,31.9,17.6,48.5,50.0,2724.9,2710.8,2759.7,2759.25,2699.0,2660.4,2712.7,2709.25,True
2013-02-06,34.9,19.3,53.4,24.0,2763.9,2748.5,2802.0,2757.0,2735.6,2693.3,2750.6,2733.0,True
2013-02-07,33.8,18.8,51.7,36.0,2751.5,2736.5,2788.4,2748.75,2724.1,2683.1,2738.5,2712.75,True
2013-02-08,36.0,20.0,55.0,37.5,2757.1,2741.2,2796.4,2778.5,2727.9,2684.3,2743.4,2741.0,True
2013-02-11,37.0,20.6,56.6,17.25,2787.5,2771.2,2828.0,2780.75,2757.6,2712.8,2773.4,2763.5,True
2013-02-12,32.8,18.2,50.2,15.75,2784.3,2769.8,2820.1,2774.5,2757.7,2718.0,2771.8,2758.75,True
2013-02-13,28.5,15.8,43.6,19.0,2772.7,2760.2,2803.9,2781.75,2749.6,2715.1,2761.8,2762.75,False
2013-02-14,28.3,15.6,43.3,19.0,2782.1,2769.7,2813.1,2775.0,2759.2,2725.0,2771.3,2756.0,True
2013-02-15,26.0,14.3,39.7,22.5,2778.2,2766.7,2806.6,2776.75,2757.1,2725.6,2768.2,2754.25,True
2013-02-19,24.0,13.3,36.7,27.75,2771.3,2760.8,2797.5,2786.0,2751.9,2722.9,2762.2,2758.25,True
2013-02-20,25.6,14.2,39.1,61.5,2791.5,2780.2,2819.5,2786.5,2770.8,2739.8,2781.7,2725.0,False
2013-02-21,31.8,17.6,48.4,41.5,2750.8,2736.9,2785.6,2741.0,2725.1,2686.2,2738.7,2699.5,True
2013-02-22,34.0,18.8,51.7,24.75,2728.3,2713.3,2765.4,2739.0,2700.7,2659.2,2715.3,2714.25,True
2013-02-25,34.0,18.8,51.8,72.75,2750.0,2735.1,2787.2,2764.5,2722.5,2680.9,2737.1,2691.75,True
2013-02-26,40.5,22.4,61.9,29.25,2719.3,2701.4,2763.5,2718.25,2686.4,2636.9,2703.8,2689.0,True
2013-02-27,39.4,21.8,59.9,54.5,2724.3,2707.0,2767.3,2757.75,2692.4,2644.2,2709.3,2703.25,True
2013-02-28,40.8,22.6,62.1,29.0,2757.6,2739.7,2802.2,2761.5,2724.6,2674.7,2742.1,2732.5,True
2013-03-01,38.9,21.6,59.2,39.75,2754.3,2737.2,2796.8,2751.5,2722.8,2675.3,2739.5,2711.75,True
2013-03-04,41.1,22.7,62.5,31.0,2766.0,2747.9,2810.9,2763.75,2732.7,2682.5,2750.3,2732.75,True
2013-03-05,36.9,20.4,56.0,42.75,2775.5,2759.3,2815.8,2803.75,2745.6,2700.5,2761.4,2761.0,True
2013-03-06,39.5,21.9,60.0,21.0,2814.8,2797.5,2858.0,2809.25,2782.9,2734.6,2799.8,2788.25,True
2013-03-07,34.6,19.0,52.6,16.0,2802.8,2787.6,2840.6,2804.5,2774.8,2732.5,2789.6,2788.5,True
2013-03-08,32.3,17.8,49.1,35.25,2812.8,2798.6,2848.1,2827.75,2786.7,2747.2,2800.5,2792.5,True
2013-03-11,32.2,17.7,49.0,21.0,2815.0,2800.9,2850.2,2812.25,2789.0,2749.7,2802.7,2791.25,True
2013-03-12,30.5,16.8,46.4,23.5,2822.6,2809.2,2855.9,2811.25,2797.9,2760.7,2810.9,2787.75,True
2013-03-13,27.9,15.4,42.4,20.75,2814.7,2802.5,2845.2,2808.5,2792.2,2758.1,2804.1,2787.75,True
2013-03-14,27.3,15.1,41.6,15.75,2810.5,2798.5,2840.3,2813.25,2788.4,2755.1,2800.0,2797.5,True
2013-03-15,27.1,15.0,41.2,7.0,2817.4,2805.5,2847.0,2811.5,2795.5,2762.4,2807.0,2804.5,True
2013-03-18,22.6,12.5,34.5,49.0,2816.5,2806.6,2841.2,2797.25,2798.2,2770.6,2807.9,2748.25,False
2013-03-19,28.1,15.5,42.9,44.75,2798.8,2786.4,2829.5,2800.0,2776.1,2741.4,2788.1,2755.25,True
2013-03-20,31.2,17.2,47.5,34.75,2792.6,2778.8,2826.7,2806.5,2767.4,2728.9,2780.7,2771.75,True
2013-03-21,32.8,18.1,50.0,27.0,2799.0,2784.5,2834.8,2788.25,2772.5,2732.0,2786.5,2761.25,True
2013-03-22,33.6,18.5,51.2,36.25,2783.9,2769.0,2820.6,2799.5,2756.7,2715.3,2771.0,2763.25,True
2013-03-25,36.8,20.3,56.0,40.5,2808.9,2792.7,2849.1,2811.5,2779.2,2733.8,2794.9,2771.0,True
2013-03-26,35.9,19.8,54.7,19.25,2799.3,2783.5,2838.5,2803.75,2770.3,2726.0,2785.6,2784.5,True
2013-03-27,32.5,17.9,49.6,29.5,2813.4,2799.0,2848.9,2806.0,2787.1,2747.1,2801.0,2776.5,True
2013-03-28,31.6,17.4,48.1,23.25,2814.3,2800.3,2848.8,2814.75,2788.7,2749.8,2802.2,2791.5,True
2013-04-01,30.9,17.0,47.0,31.5,2824.0,2810.3,2857.7,2815.75,2799.0,2760.9,2812.2,2784.25,True
2013-04-02,29.9,16.5,45.5,36.75,2800.6,2787.3,2833.2,2823.0,2776.4,2739.6,2789.1,2786.25,True
2013-04-03,30.1,16.6,45.8,39.0,2825.4,2812.1,2858.3,2819.25,2801.0,2764.0,2813.9,2780.25,True
2013-04-04,32.0,17.6,48.5,29.0,2800.4,2786.3,2835.4,2801.5,2774.6,2735.2,2788.2,2772.5,True
2013-04-05,31.5,17.4,47.9,48.0,2798.2,2784.3,2832.6,2785.5,2772.7,2734.0,2786.2,2737.5,True
2013-04-08,34.4,18.9,52.3,31.25,2777.4,2762.3,2815.0,2788.25,2749.6,2707.3,2764.3,2757.0,True
2013-04-09,34.4,18.9,52.4,36.75,2795.4,2780.3,2833.0,2809.75,2767.6,2725.3,2782.3,2773.0,True
2013-04-10,35.3,19.4,53.6,62.75,2812.3,2796.7,2850.9,2857.5,2783.8,2740.4,2798.8,2794.75,False
2013-04-11,39.7,21.8,60.3,15.25,2869.9,2852.4,2913.3,2858.5,2837.8,2789.0,2854.8,2843.25,True
2013-04-12,36.5,20.0,55.4,28.0,2868.6,2852.5,2908.5,2856.25,2839.1,2794.2,2854.6,2828.25,True
2013-04-15,35.0,19.2,53.2,79.75,2860.9,2845.5,2899.2,2851.0,2832.6,2789.6,2847.6,2771.25,False
2013-04-16,41.4,22.7,63.3,49.0,2800.9,2782.6,2846.1,2834.25,2767.4,2716.3,2785.1,2785.25,False
2013-04-17,43.4,23.8,65.9,72.25,2846.2,2827.1,2893.6,2830.5,2811.1,2757.5,2829.7,2758.25,True
2013-04-18,45.4,24.8,69.3,64.0,2793.6,2773.5,2843.2,2788.0,2756.8,2700.8,2776.2,2724.0,True
2013-04-19,49.6,27.1,75.8,42.75,2760.3,2738.5,2814.5,2779.5,2720.2,2659.0,2741.4,2736.75,True
2013-04-22,50.9,27.8,77.7,41.75,2789.6,2767.2,2845.2,2812.5,2748.4,2685.6,2770.2,2770.75,False
2013-04-23,48.3,26.4,73.8,58.5,2817.5,2796.2,2870.3,2843.5,2778.5,2718.8,2799.2,2785.0,True
2013-04-24,50.9,27.8,77.7,22.25,2844.4,2821.9,2900.0,2838.25,2803.2,2740.3,2825.0,2816.0,True
2013-04-25,44.3,24.2,67.7,40.5,2842.6,2823.1,2891.0,2854.5,2806.8,2752.1,2825.7,2814.0,True
2013-04-26,43.0,23.5,65.5,22.5,2862.1,2843.1,2909.0,2844.75,2827.3,2774.2,2845.7,2822.25,True
2013-04-29,39.7,21.6,60.5,44.25,2847.2,2829.7,2890.5,2871.75,2815.1,2766.0,2832.1,2827.5,True
2013-04-30,41.4,22.6,63.1,31.0,2876.1,2857.9,2921.4,2884.25,2842.7,2791.5,2860.4,2853.25,True
2013-05-01,38.0,20.7,58.0,24.75,2896.0,2879.2,2937.5,2887.0,2865.2,2818.3,2881.5,2862.25,True
2013-05-02,37.6,20.5,57.4,43.25,2879.3,2862.7,2920.4,2910.5,2848.9,2802.4,2865.0,2867.25,False
2013-05-03,39.1,21.3,59.7,47.5,2918.4,2901.2,2961.1,2947.75,2886.8,2838.5,2903.6,2900.25,True
2013-05-06,42.6,23.3,65.2,17.5,2952.9,2934.1,2999.4,2954.0,2918.5,2865.8,2936.7,2936.5,True
2013-05-07,38.0,20.8,58.2,19.5,2963.5,2946.7,3005.0,2956.75,2932.7,2885.8,2949.1,2937.25,True
2013-05-08,36.1,19.6,55.3,23.25,2961.7,2945.8,3001.1,2965.0,2932.5,2887.9,2948.0,2941.75,True
2013-05-09,36.0,19.6,55.3,28.25,2976.9,2961.0,3016.2,2978.25,2947.8,2903.3,2963.2,2950.0,True
2013-05-10,33.9,18.5,52.1,20.0,2972.3,2957.3,3009.3,2978.75,2944.9,2903.0,2959.4,2958.75,True
2013-05-13,29.2,15.9,45.0,27.0,2987.8,2974.9,3019.7,2987.5,2964.2,2928.1,2976.7,2960.5,True
2013-05-14,31.0,16.9,47.7,33.75,2994.0,2980.4,3027.9,3005.0,2969.0,2930.7,2982.3,2971.25,True
2013-05-15,33.3,18.2,51.2,25.0,3009.3,2994.6,3045.6,3007.5,2982.4,2941.2,2996.6,2982.5,True
2013-05-16,32.3,17.6,49.7,23.0,3014.6,3000.4,3049.8,3019.0,2988.5,2948.5,3002.3,2996.0,True
2013-05-17,31.0,16.9,47.7,30.25,3011.3,2997.6,3045.1,3028.25,2986.3,2947.9,2999.5,2998.0,True
2013-05-20,32.0,17.4,49.3,22.0,3036.2,3022.1,3071.1,3032.0,3010.4,2970.8,3024.0,3010.0,True
2013-05-21,30.2,16.5,46.5,26.75,3033.7,3020.4,3066.7,3036.75,3009.3,2972.0,3022.2,3010.0,True
2013-05-22,29.2,15.9,44.9,69.75,3033.8,3020.9,3065.7,3053.5,3010.2,2974.1,3022.7,2983.75,True
2013-05-23,35.5,19.3,54.5,47.25,3015.9,3000.3,3054.7,3008.5,2987.3,2943.4,3002.4,2961.25,True
2013-05-24,37.2,20.2,57.1,39.5,3007.9,2991.5,3048.5,3003.0,2977.9,2931.9,2993.8,2963.5,True
2013-05-28,38.3,20.9,58.7,51.75,3008.4,2991.5,3050.2,3036.75,2977.4,2930.1,2993.8,2985.0,True
2013-05-29,41.8,22.9,64.1,30.5,3021.1,3002.7,3066.7,3008.75,2987.3,2935.7,3005.2,2978.25,True
2013-05-30,41.4,22.7,63.2,43.75,3012.9,2994.7,3058.1,3025.5,2979.5,2928.3,2997.2,2981.75,True
2013-05-31,39.7,21.7,60.5,46.5,3026.7,3009.2,3070.0,3022.75,2994.6,2945.6,3011.6,2976.25,True
2013-06-03,39.5,21.7,60.3,45.0,2996.9,2979.5,3040.0,2995.0,2965.0,2916.2,2981.8,2950.0,True
2013-06-04,40.6,22.2,61.9,46.0,3002.6,2984.7,3046.9,3007.0,2969.8,2919.7,2987.1,2961.0,True
2013-06-05,40.0,21.9,60.9,45.75,2991.6,2974.0,3035.2,2977.75,2959.3,2909.9,2976.4,2932.0,True
2013-06-06,41.0,22.4,62.4,43.5,2955.7,2937.7,3000.5,2954.0,2922.6,2872.0,2940.1,2910.5,True
2013-06-07,41.7,22.8,63.5,52.0,2967.0,2948.7,3012.6,2992.0,2933.3,2881.9,2951.2,2940.0,True
2013-06-10,43.8,23.9,66.6,27.75,2998.9,2979.7,3046.7,3004.0,2963.5,2909.5,2982.3,2976.25,True
2013-06-11,41.3,22.6,62.9,39.5,3004.4,2986.2,3049.4,2989.0,2971.0,2920.1,2988.7,2949.5,True
2013-06-12,41.0,22.4,62.5,60.0,2980.7,2962.7,3025.5,2979.5,2947.6,2897.1,2965.1,2919.5,True
2013-06-13,43.3,23.6,65.9,71.75,2938.5,2919.4,2985.7,2969.5,2903.4,2850.1,2922.0,2897.75,True
2013-06-14,48.1,26.3,73.7,29.75,2982.5,2961.3,3035.0,2968.5,2943.6,2884.4,2964.2,2938.75,True
2013-06-17,44.1,24.1,67.6,53.25,2960.5,2941.2,3008.7,2989.75,2924.9,2870.6,2943.8,2936.5,True
2013-06-18,48.6,26.5,74.5,31.5,2990.4,2969.1,3043.5,3002.5,2951.1,2891.3,2971.9,2971.0,True
2013-06-19,47.5,26.0,72.8,45.25,3013.5,2992.6,3065.3,3003.5,2975.1,2916.6,2995.4,2958.25,True
2013-06-20,46.3,25.3,71.0,80.0,2981.0,2960.6,3031.5,2962.25,2943.5,2886.6,2963.3,2882.25,False
2013-06-21,47.9,26.1,73.3,25.25,2906.6,2885.6,2958.9,2907.5,2867.9,2808.7,2888.4,2882.25,True
2013-06-24,45.9,24.9,70.4,53.0,2914.8,2894.6,2964.9,2870.75,2877.7,2821.0,2897.3,2817.75,False
2013-06-25,45.8,24.9,69.9,43.0,2863.3,2843.0,2913.2,2873.75,2826.2,2769.6,2845.8,2830.75,True
2013-06-26,47.1,25.6,71.9,47.0,2878.1,2857.2,2929.5,2892.75,2840.0,2781.8,2860.1,2845.75,True
2013-06-27,48.2,26.2,73.5,36.0,2903.3,2882.0,2955.9,2918.25,2864.3,2804.7,2884.9,2882.25,True
2013-06-28,43.4,23.6,66.2,37.75,2917.8,2898.6,2965.1,2922.0,2882.7,2829.0,2901.2,2884.25,True
2013-07-01,45.0,24.5,68.6,52.5,2920.2,2900.3,2969.3,2946.75,2883.8,2828.2,2903.0,2894.25,True
2013-07-02,45.8,25.1,69.8,34.0,2936.3,2916.0,2986.2,2941.25,2899.3,2842.6,2918.8,2907.25,True
2013-07-03,44.0,24.1,67.1,52.0,2941.8,2922.3,2989.8,2949.0,2906.2,2851.8,2925.0,2897.0,True
2013-07-05,45.4,24.8,69.1,43.5,2955.6,2935.6,3005.1,2971.25,2918.9,2862.8,2938.3,2927.75,True
2013-07-08,46.1,25.2,70.3,29.5,2975.9,2955.5,3026.2,2978.25,2938.6,2881.6,2958.3,2948.75,True
2013-07-09,44.3,24.3,67.6,26.0,2977.4,2957.8,3025.7,2985.0,2941.6,2886.8,2960.5,2959.0,True
2013-07-10,40.9,22.4,62.5,45.0,2991.5,2973.4,3036.1,3014.0,2958.4,2907.8,2975.9,2969.0,True
2013-07-11,43.0,23.6,65.7,46.5,3014.4,2995.4,3061.3,3058.0,2979.6,2926.4,2997.9,3011.5,False
2013-07-12,43.4,23.8,66.3,21.25,3073.3,3054.1,3120.6,3070.5,3038.2,2984.5,3056.8,3049.25,True
2013-07-15,39.3,21.4,60.1,13.75,3078.6,3061.2,3121.4,3076.5,3046.8,2998.2,3063.6,3062.75,True
2013-07-16,36.1,19.7,55.3,16.5,3088.2,3072.3,3127.6,3080.25,3059.1,3014.4,3074.5,3063.75,True
2013-07-17,34.0,18.5,51.9,21.0,3085.1,3070.1,3122.1,3086.5,3057.6,3015.5,3072.1,3065.5,True
2013-07-18,30.9,16.8,47.2,41.0,3092.3,3078.6,3126.0,3087.0,3067.3,3029.1,3080.5,3046.0,True
2013-07-19,30.2,16.4,46.0,18.5,3060.2,3046.9,3093.2,3049.0,3035.9,2998.5,3048.7,3030.5,True
2013-07-22,28.7,15.6,43.8,16.75,3052.8,3040.2,3084.1,3055.25,3029.7,2994.1,3041.9,3038.5,True
2013-07-23,28.6,15.6,43.8,36.5,3059.5,3046.9,3090.7,3060.0,3036.5,3001.1,3048.7,3023.5,True
2013-07-24,31.2,17.0,47.6,28.5,3039.1,3025.4,3073.2,3057.25,3014.0,2975.3,3027.3,3028.75,False
2013-07-25,32.1,17.5,49.0,30.75,3061.5,3047.4,3096.5,3058.25,3035.6,2995.9,3049.4,3027.5,True
2013-07-26,30.6,16.7,46.7,36.0,3062.9,3049.4,3096.3,3073.5,3038.2,3000.3,3051.3,3037.5,True
2013-07-29,32.9,18.0,50.2,21.75,3084.4,3069.9,3120.2,3078.5,3057.8,3017.1,3071.9,3056.75,True
2013-07-30,32.3,17.7,49.4,29.25,3079.1,3064.9,3114.3,3094.75,3053.0,3013.0,3066.9,3065.5,True
2013-07-31,31.7,17.4,48.6,25.75,3098.9,3084.9,3133.4,3105.0,3073.3,3034.0,3086.8,3079.25,True
2013-08-01,30.9,17.0,47.4,34.75,3096.0,3082.4,3129.7,3123.5,3071.1,3032.8,3084.3,3088.75,False
2013-08-02,31.5,17.3,47.1,25.75,3126.0,3112.1,3160.4,3138.0,3100.6,3061.6,3114.1,3112.25,True
2013-08-05,29.9,16.5,44.6,12.25,3148.6,3135.4,3181.2,3140.25,3124.5,3087.4,3137.3,3128.0,True
2013-08-06,27.3,15.0,40.7,33.25,3147.5,3135.5,3177.3,3139.5,3125.5,3091.7,3137.2,3106.25,True
2013-08-07,28.1,15.5,42.0,28.75,3129.8,3117.5,3160.5,3119.5,3107.2,3072.4,3119.2,3090.75,True
2013-08-08,28.2,15.6,42.2,28.0,3127.9,3115.5,3158.6,3136.5,3105.1,3070.2,3117.2,3108.5,True
2013-08-09,27.4,15.2,41.1,27.75,3138.6,3126.5,3168.4,3134.75,3116.4,3082.5,3128.2,3107.0,True
2013-08-12,27.2,15.0,40.7,35.25,3124.7,3112.7,3154.4,3129.5,3102.8,3069.1,3114.4,3094.25,True
2013-08-13,29.8,16.5,44.5,43.25,3136.6,3123.4,3169.0,3148.0,3112.5,3075.6,3125.3,3104.75,True
2013-08-14,31.7,17.5,47.2,29.5,3150.4,3136.4,3184.9,3143.75,3124.8,3085.5,3138.4,3114.25,True
2013-08-15,31.5,17.4,47.0,48.25,3136.5,3122.6,3170.9,3114.75,3111.1,3072.1,3124.6,3066.5,False
2013-08-16,34.1,18.9,50.9,21.75,3085.4,3070.2,3122.5,3090.0,3057.8,3015.6,3072.5,3068.25,True
2013-08-19,32.7,18.1,48.8,40.25,3083.5,3069.0,3119.2,3100.5,3057.1,3016.6,3071.2,3060.25,True
2013-08-20,33.9,18.8,50.6,33.5,3084.8,3069.8,3121.7,3097.0,3057.4,3015.4,3072.0,3063.5,True
2013-08-21,33.2,18.4,49.6,39.5,3095.0,3080.3,3131.2,3098.75,3068.2,3027.1,3082.4,3059.25,True
2013-08-22,34.7,19.2,51.8,51.5,3077.1,3061.7,3114.9,3107.0,3049.1,3006.1,3064.0,3055.5,True
2013-08-23,36.3,20.0,54.0,30.5,3117.1,3101.0,3156.6,3127.0,3087.8,3042.8,3103.3,3096.5,True
2013-08-26,36.7,20.3,54.8,30.0,3136.7,3120.4,3176.7,3147.25,3107.1,3061.6,3122.8,3117.25,True
2013-08-27,35.6,19.7,53.1,72.25,3136.0,3120.2,3174.8,3124.75,3107.3,3063.2,3122.5,3052.5,False
2013-08-28,40.5,22.3,60.2,28.75,3076.6,3058.6,3120.7,3084.75,3043.9,2993.6,3061.2,3056.0,True
2013-08-29,38.6,21.3,57.4,45.0,3084.5,3067.4,3126.6,3109.0,3053.4,3005.5,3069.9,3064.0,True
2013-08-30,39.1,21.5,58.1,41.5,3106.0,3088.7,3148.6,3103.5,3074.4,3025.9,3091.2,3062.0,True
2013-09-03,40.2,22.2,59.8,37.25,3090.5,3072.6,3134.2,3113.25,3058.0,3008.1,3075.2,3076.0,False
2013-09-04,41.1,22.6,61.0,48.75,3103.8,3085.6,3148.6,3132.0,3070.7,3019.7,3088.4,3083.25,True
2013-09-05,40.1,22.1,59.6,13.75,3145.2,3127.4,3188.8,3137.75,3112.8,3063.1,3130.1,3124.0,True
2013-09-06,37.0,20.3,55.0,53.75,3143.6,3127.2,3183.9,3150.25,3113.8,3067.8,3129.7,3096.5,True
2013-09-09,39.8,21.8,59.1,44.75,3146.3,3128.7,3189.6,3175.25,3114.2,3064.8,3131.3,3130.5,True
2013-09-10,40.6,22.3,60.4,22.0,3182.1,3164.1,3226.4,3189.25,3149.4,3099.0,3166.9,3167.25,False
2013-09-11,38.1,20.7,56.7,28.75,3198.8,3181.9,3240.3,3188.75,3168.1,3120.8,3184.7,3160.0,True
2013-09-12,35.9,19.5,53.4,16.5,3193.6,3177.7,3232.7,3186.75,3164.7,3120.1,3180.3,3170.25,True
2013-09-13,35.2,19.1,52.4,20.75,3190.9,3175.3,3229.2,3182.5,3162.5,3118.8,3177.8,3161.75,True
2013-09-16,31.1,16.9,46.3,56.25,3190.9,3177.1,3224.7,3219.25,3165.8,3127.2,3179.3,3163.0,True
2013-09-17,33.8,18.4,50.4,33.0,3182.0,3167.0,3218.8,3196.0,3154.7,3112.8,3169.4,3163.0,True
2013-09-18,34.6,18.8,51.6,46.5,3205.3,3190.0,3243.0,3236.25,3177.4,3134.5,3192.5,3189.75,True
2013-09-19,37.9,20.6,56.5,13.0,3244.7,3228.0,3286.0,3245.0,3214.2,3167.2,3230.6,3232.0,False
2013-09-20,35.6,19.3,53.0,17.5,3254.3,3238.5,3293.0,3251.5,3225.6,3181.4,3241.1,3234.0,True
2013-09-23,35.2,19.1,52.5,39.0,3262.9,3247.3,3301.2,3237.0,3234.5,3190.8,3249.8,3198.0,False
2013-09-24,33.4,18.2,49.9,28.0,3223.1,3208.2,3259.5,3230.75,3196.2,3154.7,3210.7,3202.75,True
2013-09-25,32.1,17.4,47.9,24.75,3226.8,3212.5,3261.8,3220.5,3200.9,3161.1,3214.9,3195.75,True
2013-09-26,29.0,15.8,43.3,33.0,3212.2,3199.3,3243.8,3235.25,3188.9,3152.9,3201.5,3202.25,False
2013-09-27,32.0,17.4,47.8,30.5,3239.5,3225.3,3274.4,3233.5,3213.7,3174.0,3227.8,3203.0,True
2013-09-30,32.7,17.8,48.8,45.0,3236.8,3222.3,3272.4,3223.25,3210.4,3169.9,3224.8,3178.25,True
2013-10-01,33.9,18.5,50.6,38.25,3223.3,3208.2,3260.2,3251.25,3196.0,3153.9,3210.9,3213.0,False
2013-10-02,35.1,19.1,52.4,30.0,3260.3,3244.7,3298.5,3251.0,3232.0,3188.5,3247.5,3221.0,True
2013-10-03,35.0,19.1,52.3,58.75,3252.3,3236.7,3290.4,3248.0,3224.0,3180.6,3239.5,3189.25,True
2013-10-04,38.4,20.9,57.3,40.0,3218.5,3201.4,3260.3,3239.5,3187.5,3139.9,3204.5,3199.5,True
2013-10-07,39.1,21.3,58.4,31.0,3251.0,3233.6,3293.6,3232.75,3219.5,3171.0,3236.8,3201.75,False
2013-10-08,37.4,20.3,55.8,70.25,3220.8,3204.1,3261.5,3214.5,3190.6,3144.2,3207.2,3144.25,True
2013-10-09,41.3,22.4,61.7,53.25,3168.2,3149.8,3213.1,3164.0,3134.9,3083.7,3153.1,3110.75,True
2013-10-10,43.2,23.5,64.6,76.75,3150.7,3131.5,3197.8,3209.5,3115.9,3062.3,3135.0,3132.75,False
2013-10-11,47.9,26.0,71.6,54.75,3213.7,3192.4,3265.9,3230.5,3175.1,3115.7,3196.2,3175.75,True
2013-10-14,49.9,27.0,74.5,60.0,3246.6,3224.4,3300.9,3255.0,3206.3,3144.4,3228.4,3195.0,True
2013-10-15,54.0,29.3,80.7,29.5,3271.0,3247.0,3329.9,3263.5,3227.5,3160.5,3251.3,3234.0,True
2013-10-16,49.0,26.6,73.3,41.75,3261.4,3239.6,3314.8,3276.5,3221.9,3161.2,3243.6,3234.75,True
2013-10-17,48.3,26.2,72.3,55.25,3284.4,3262.9,3337.0,3310.5,3245.4,3185.5,3266.8,3255.25,True
2013-10-18,47.2,25.6,70.6,41.25,3320.9,3299.9,3372.3,3348.0,3282.9,3224.3,3303.7,3306.75,False
2013-10-21,45.6,24.7,68.3,19.75,3361.2,3341.0,3410.9,3362.25,3324.5,3267.9,3344.7,3342.5,True
2013-10-22,40.3,21.8,60.3,39.25,3371.0,3353.1,3414.9,3377.25,3338.5,3288.5,3356.4,3338.0,True
2013-10-23,42.5,23.0,63.7,35.0,3374.5,3355.5,3420.7,3357.25,3340.2,3287.5,3359.0,3322.25,True
2013-10-24,41.1,22.3,61.6,44.25,3357.4,3339.1,3402.1,3379.75,3324.2,3273.2,3342.4,3335.5,True
2013-10-25,40.6,22.0,60.8,31.5,3388.2,3370.1,3432.4,3392.75,3355.4,3305.1,3373.4,3361.25,True
2013-10-28,39.0,21.2,58.4,30.25,3390.2,3372.9,3432.7,3391.0,3358.8,3310.4,3376.1,3360.75,True
2013-10-29,40.2,21.8,60.3,23.75,3400.3,3382.3,3444.0,3392.25,3367.8,3318.0,3385.6,3368.5,True
2013-10-30,37.9,20.6,56.8,37.5,3400.0,3383.1,3441.3,3401.75,3369.5,3322.4,3386.2,3364.25,True
2013-10-31,38.6,21.0,57.9,33.25,3408.6,3391.4,3450.6,3394.0,3377.4,3329.6,3394.5,3360.75,True
2013-11-01,36.6,19.9,54.8,31.0,3384.5,3368.2,3424.3,3388.5,3355.0,3309.6,3371.2,3357.5,True
2013-11-04,36.5,19.8,54.5,20.5,3383.4,3367.2,3423.2,3387.25,3354.0,3308.7,3370.2,3366.75,True
2013-11-05,34.3,18.7,51.3,34.75,3392.0,3376.7,3429.3,3390.5,3364.4,3321.8,3379.5,3355.75,True
2013-11-06,36.2,19.7,54.1,27.75,3395.1,3378.9,3434.5,3398.0,3365.9,3321.0,3381.9,3370.25,True
2013-11-07,34.5,18.8,51.5,72.75,3390.6,3375.2,3428.1,3387.0,3362.8,3320.0,3378.0,3314.25,False
2013-11-08,39.8,21.7,59.6,53.0,3336.3,3318.6,3379.6,3363.0,3304.2,3254.8,3321.8,3310.0,True
2013-11-11,42.5,23.1,63.5,20.0,3378.5,3359.5,3424.7,3365.5,3344.2,3291.4,3363.0,3345.5,True
2013-11-12,39.9,21.7,59.7,23.0,3371.1,3353.3,3414.5,3366.75,3339.0,3289.4,3356.6,3343.75,True
2013-11-13,38.3,20.8,57.3,68.5,3380.7,3363.6,3422.4,3406.75,3349.9,3302.2,3366.8,3338.25,True
2013-11-14,44.6,24.2,66.8,29.0,3420.9,3401.0,3469.4,3415.75,3384.9,3329.5,3404.6,3386.75,True
2013-11-15,38.9,21.1,58.4,16.0,3427.0,3409.6,3469.3,3421.25,3395.6,3347.3,3412.8,3405.25,True
2013-11-18,33.6,18.2,50.4,45.5,3430.7,3415.7,3467.3,3425.75,3403.7,3361.9,3418.5,3380.25,True
2013-11-19,37.0,20.0,55.5,29.75,3399.6,3383.2,3439.9,3400.5,3369.9,3323.8,3386.2,3370.75,True
2013-11-20,36.9,20.0,55.3,40.0,3391.1,3374.7,3431.3,3398.5,3361.4,3315.5,3377.7,3358.5,True
2013-11-21,34.3,18.6,51.5,45.75,3381.0,3365.7,3418.3,3406.0,3353.4,3310.7,3368.5,3360.25,True
2013-11-22,36.9,20.0,55.3,22.5,3416.1,3399.7,3456.3,3422.5,3386.4,3340.5,3402.7,3400.0,True
2013-11-25,36.7,19.9,55.2,17.0,3435.5,3419.2,3475.5,3437.25,3406.0,3360.3,3422.1,3420.25,True
2013-11-26,32.9,17.8,49.4,33.25,3442.9,3428.2,3478.7,3456.0,3416.4,3375.5,3430.9,3422.75,True
2013-11-27,34.1,18.5,51.0,26.5,3461.7,3446.5,3498.8,3472.25,3434.2,3391.8,3449.2,3445.75,True
2013-11-29,32.3,17.5,48.4,27.75,3482.2,3467.8,3517.3,3496.5,3456.2,3416.0,3470.4,3468.75,True
2013-12-02,30.2,16.4,45.3,24.5,3500.3,3486.8,3533.1,3501.25,3476.0,3438.4,3489.3,3476.75,True
2013-12-03,30.0,16.3,45.0,22.5,3495.7,3482.3,3528.3,3488.75,3471.6,3434.2,3484.7,3466.25,True
2013-12-04,30.3,16.4,45.4,40.75,3488.6,3475.1,3521.5,3494.0,3464.2,3426.5,3477.5,3453.25,True
2013-12-05,32.0,17.3,47.8,23.25,3496.1,3481.8,3530.9,3492.0,3470.3,3430.5,3484.4,3468.75,True
2013-12-06,31.0,16.8,46.4,34.0,3491.9,3478.0,3525.6,3511.0,3466.9,3428.4,3480.5,3477.0,True
2013-12-09,32.3,17.5,48.4,19.75,3517.7,3503.3,3552.8,3524.75,3491.7,3451.5,3505.9,3505.0,True
2013-12-10,31.1,16.9,46.7,16.5,3531.7,3517.8,3565.5,3524.25,3506.6,3468.0,3520.3,3507.75,True
2013-12-11,29.2,15.9,43.8,57.75,3528.4,3515.3,3560.1,3522.25,3504.9,3468.6,3517.7,3464.5,False
2013-12-12,31.9,17.3,48.0,24.0,3484.0,3469.8,3518.7,3479.5,3458.3,3418.6,3472.3,3455.5,True
2013-12-13,31.2,16.9,46.9,28.5,3472.7,3458.8,3506.6,3478.25,3447.6,3408.7,3461.3,3449.75,True
2013-12-16,30.8,16.7,46.3,60.75,3470.5,3456.8,3504.0,3495.25,3445.8,3407.4,3459.3,3434.5,True
2013-12-17,36.1,19.5,55.3,22.5,3489.8,3473.7,3529.0,3483.25,3460.7,3415.7,3476.6,3460.75,True
2013-12-18,35.4,19.2,53.2,91.5,3480.2,3464.4,3518.7,3513.5,3451.8,3407.6,3467.3,3422.0,True
2013-12-19,42.6,23.0,65.2,34.25,3530.8,3511.8,3577.1,3516.75,3496.5,3443.4,3515.2,3482.5,True
2013-12-20,42.0,22.7,64.2,12.0,3514.8,3496.0,3560.5,3508.0,3481.0,3428.6,3499.4,3496.0,True
2013-12-23,38.8,21.0,59.4,26.5,3519.4,3502.1,3561.6,3567.5,3488.2,3439.9,3505.2,3541.0,False
2013-12-24,36.5,19.8,55.9,11.75,3580.2,3563.9,3619.9,3572.75,3550.8,3505.4,3566.9,3561.0,True
2013-12-26,33.8,18.3,51.8,15.5,3584.1,3569.0,3620.8,3583.75,3556.9,3514.7,3571.8,3568.25,True
2013-12-27,25.0,13.5,38.4,20.5,3592.3,3581.2,3619.5,3587.5,3572.2,3541.1,3583.2,3567.0,True
2013-12-30,23.3,12.6,35.7,17.5,3580.1,3569.7,3605.5,3573.5,3561.4,3532.3,3571.6,3556.0,True
2013-12-31,23.6,12.8,36.2,29.75,3575.7,3565.2,3601.4,3594.75,3556.8,3527.4,3567.2,3565.0,True
2014-01-02,24.6,13.3,37.6,30.0,3594.2,3583.2,3620.9,3579.0,3574.4,3543.7,3585.2,3549.0,False
2014-01-03,26.8,14.5,41.1,39.25,3570.6,3558.6,3599.8,3566.5,3549.0,3515.6,3560.8,3527.25,True
2014-01-06,30.0,16.2,45.9,34.5,3544.2,3530.8,3576.8,3540.25,3520.1,3482.7,3533.3,3505.75,True
2014-01-07,31.6,17.0,48.3,41.25,3531.1,3517.0,3565.5,3557.25,3505.7,3466.3,3519.6,3516.0,True
2014-01-08,34.7,18.7,53.0,25.5,3563.4,3548.0,3601.2,3569.5,3535.5,3492.3,3550.8,3544.0,True
2014-01-09,33.9,18.3,51.8,41.5,3579.1,3564.0,3616.0,3577.0,3551.8,3509.6,3566.8,3535.5,True
2014-01-10,35.7,19.2,54.5,42.5,3562.9,3546.9,3601.7,3572.0,3534.1,3489.7,3549.9,3529.5,True
2014-01-13,36.7,19.7,56.0,74.0,3577.0,3560.7,3617.0,3566.5,3547.5,3501.8,3563.7,3492.5,False
2014-01-14,42.0,22.6,64.4,73.25,3527.3,3508.5,3573.0,3576.5,3493.5,3441.0,3512.0,3503.25,False
2014-01-15,46.4,24.9,71.1,39.5,3593.4,3572.7,3643.9,3610.25,3556.0,3498.1,3576.5,3570.75,True
2014-01-16,47.3,25.4,72.5,14.25,3618.3,3597.2,3669.8,3608.25,3580.2,3521.1,3601.0,3594.0,True
2014-01-17,42.7,22.9,65.6,34.75,3613.3,3594.3,3659.8,3609.0,3579.0,3525.6,3597.8,3574.25,True
2014-01-21,42.6,22.8,65.3,34.5,3602.8,3583.8,3649.2,3612.0,3568.5,3515.3,3587.3,3577.5,True
2014-01-22,39.2,21.0,60.1,24.5,3626.1,3608.6,3668.8,3629.5,3594.6,3545.6,3611.8,3605.0,True
2014-01-23,32.0,17.2,49.2,53.75,3634.0,3619.8,3668.9,3635.25,3608.3,3568.3,3622.4,3581.5,True
2014-01-24,34.8,18.7,53.6,93.5,3628.5,3613.0,3666.4,3621.25,3600.5,3557.0,3615.8,3527.75,False
2014-01-27,44.7,23.9,69.2,77.0,3551.2,3531.2,3599.8,3545.0,3515.2,3458.9,3534.9,3468.0,True
2014-01-28,49.3,26.3,77.5,50.5,3523.9,3501.9,3577.5,3516.25,3484.2,3422.1,3505.9,3465.75,True
2014-01-29,50.9,27.2,80.0,74.75,3522.5,3499.8,3578.0,3529.0,3481.6,3417.5,3504.0,3454.25,True
2014-01-30,57.2,30.5,89.9,66.25,3497.2,3471.7,3559.5,3537.25,3451.2,3379.2,3476.4,3471.0,True
2014-01-31,59.9,32.0,94.0,53.5,3527.4,3500.6,3592.6,3532.75,3479.1,3403.8,3505.5,3479.25,True
2014-02-03,57.1,30.5,89.7,104.5,3538.2,3512.7,3600.3,3529.75,3492.2,3420.4,3517.3,3425.25,True
2014-02-04,61.6,32.8,97.1,42.25,3456.1,3428.6,3523.1,3473.75,3406.5,3329.1,3433.6,3431.5,True
2014-02-05,59.5,31.7,93.9,51.25,3477.2,3450.6,3542.0,3463.25,3429.3,3354.5,3455.5,3412.0,True
2014-02-06,58.0,30.9,91.5,51.5,3470.1,3444.2,3533.2,3499.25,3423.4,3350.5,3448.9,3447.75,True
2014-02-07,57.7,30.7,91.0,82.25,3511.7,3485.9,3574.5,3561.75,3465.2,3392.7,3490.6,3479.5,True
2014-02-10,63.7,33.9,100.4,31.25,3585.0,3556.5,3654.3,3581.75,3533.7,3453.7,3561.7,3550.5,True
2014-02-11,54.3,28.9,85.7,47.5,3600.5,3576.3,3659.6,3626.0,3556.8,3488.6,3580.7,3578.5,True
2014-02-12,56.2,29.9,88.6,23.25,3636.5,3611.5,3697.7,3633.5,3591.3,3520.7,3616.0,3610.25,True
2014-02-13,51.1,27.3,80.3,59.25,3646.1,3623.3,3701.7,3656.0,3605.0,3540.9,3627.5,3596.75,True
2014-02-14,53.6,28.6,83.0,30.0,3673.7,3649.8,3732.0,3668.0,3630.6,3563.3,3654.1,3638.0,True
2014-02-18,45.2,24.1,70.0,30.75,3680.1,3660.0,3729.3,3684.75,3643.8,3587.0,3663.6,3654.0,True
2014-02-19,45.0,24.1,69.8,34.25,3694.1,3674.0,3743.0,3679.5,3657.9,3601.4,3677.6,3645.25,True
2014-02-20,43.4,23.2,67.3,38.75,3672.9,3653.5,3720.1,3677.0,3638.0,3583.5,3657.0,3638.25,True
2014-02-21,45.8,24.5,71.0,26.0,3690.9,3670.5,3740.7,3686.75,3654.1,3596.6,3674.2,3660.75,True
2014-02-24,40.6,21.7,62.9,46.5,3681.7,3663.6,3725.9,3701.5,3649.1,3598.1,3666.8,3655.0,True
2014-02-25,44.2,23.7,68.6,28.75,3706.7,3687.0,3754.8,3697.25,3671.2,3615.7,3690.6,3668.5,True
2014-02-26,42.8,22.9,66.4,39.75,3706.6,3687.5,3753.2,3702.25,3672.2,3618.5,3691.0,3662.5,True
2014-02-27,42.9,23.0,66.7,45.5,3691.9,3672.8,3738.6,3706.75,3657.4,3603.6,3676.2,3661.25,True
2014-02-28,43.8,23.4,67.9,57.5,3720.0,3700.5,3767.7,3722.5,3684.8,3629.9,3704.0,3665.0,True
2014-03-03,47.9,25.6,74.3,42.75,3715.5,3694.2,3767.7,3679.75,3677.0,3617.0,3698.0,3637.0,False
2014-03-04,45.9,24.6,71.3,53.5,3688.2,3667.7,3738.1,3723.25,3651.3,3593.8,3671.4,3669.75,True
2014-03-05,49.4,26.5,76.7,20.0,3737.7,3715.6,3791.4,3732.5,3697.9,3636.1,3719.6,3712.5,True
2014-03-06,45.0,24.1,69.9,28.0,3747.3,3727.2,3796.3,3737.25,3711.1,3654.8,3730.8,3709.25,True
2014-03-07,42.0,22.5,65.3,54.75,3739.8,3721.0,3785.5,3740.5,3706.0,3653.4,3724.4,3685.75,True
2014-03-10,42.7,22.9,66.3,28.0,3722.3,3703.3,3768.8,3712.0,3688.0,3634.5,3706.7,3684.0,True
2014-03-11,39.6,21.2,61.5,45.0,3724.3,3706.6,3767.4,3726.0,3692.4,3642.9,3709.8,3681.0,True
2014-03-12,38.8,20.8,59.8,48.5,3704.9,3687.6,3747.1,3710.0,3673.7,3625.2,3690.7,3661.5,True
2014-03-13,41.7,22.3,64.2,86.0,3724.4,3705.8,3769.8,3722.25,3690.8,3638.7,3709.1,3636.25,False
2014-03-14,49.1,26.2,76.0,35.25,3672.0,3650.1,3725.5,3661.0,3632.5,3570.5,3654.1,3625.75,True
2014-03-17,45.2,24.1,69.9,71.0,3646.9,3626.7,3696.1,3679.5,3610.5,3553.4,3630.3,3608.5,True
2014-03-18,52.2,27.8,81.9,61.75,3680.4,3657.1,3737.1,3708.5,3638.3,3572.4,3661.2,3646.75,True
2014-03-19,54.2,28.9,85.0,51.75,3724.4,3700.3,3783.4,3711.5,3680.8,3612.4,3704.6,3659.75,True
2014-03-20,54.4,29.0,85.2,40.75,3704.8,3680.5,3764.0,3705.5,3661.0,3592.3,3684.9,3664.75,True
2014-03-21,50.0,26.7,78.4,23.5,3720.2,3697.9,3774.6,3718.0,3679.9,3616.8,3701.9,3694.5,True
2014-03-24,47.8,25.5,75.0,81.5,3738.2,3716.9,3790.2,3657.0,3699.8,3639.4,3720.7,3575.5,False
2014-03-25,50.2,26.8,78.9,61.0,3632.3,3609.8,3686.9,3652.0,3591.8,3528.1,3613.9,3591.0,True
2014-03-26,50.7,27.1,79.6,76.75,3645.2,3622.6,3700.4,3647.5,3604.4,3540.1,3626.6,3570.75,True
2014-03-27,53.7,28.7,84.2,50.0,3595.5,3571.5,3653.9,3585.25,3552.2,3484.1,3575.8,3535.25,True
2014-03-28,54.1,28.9,84.8,49.75,3577.2,3553.0,3636.0,3601.25,3533.6,3465.0,3557.3,3551.5,True
2014-03-31,57.1,30.5,89.6,38.75,3587.2,3561.7,3649.3,3611.25,3541.2,3468.8,3566.2,3572.5,False
2014-04-01,52.9,28.3,83.1,74.25,3608.7,3585.0,3666.2,3652.75,3566.1,3499.0,3589.4,3578.5,True
2014-04-02,57.0,30.4,89.4,26.0,3674.4,3648.9,3736.4,3668.5,3628.5,3556.2,3653.6,3642.5,True
2014-04-03,49.4,26.4,76.5,60.0,3679.2,3657.1,3732.9,3669.0,3639.4,3576.7,3661.2,3609.0,True
2014-04-04,51.6,27.5,79.8,135.0,3652.6,3629.5,3708.7,3657.75,3611.1,3545.6,3633.8,3522.75,False
2014-04-07,62.8,33.5,98.4,68.25,3564.1,3536.0,3632.4,3542.75,3513.5,3433.7,3541.2,3474.5,True
2014-04-08,64.4,34.3,99.4,45.5,3526.5,3497.7,3596.6,3536.0,3474.7,3392.8,3503.0,3490.5,True
2014-04-09,61.2,32.6,94.6,68.0,3554.4,3527.1,3621.0,3594.25,3505.1,3427.3,3532.1,3526.25,True
2014-04-10,68.3,36.4,105.5,129.25,3619.9,3589.4,3694.2,3599.5,3564.9,3478.1,3595.0,3470.25,False
2014-04-11,76.1,40.5,119.1,62.25,3512.2,3478.2,3595.0,3493.75,3450.9,3354.1,3484.5,3431.5,True
2014-04-14,67.5,36.0,105.8,59.75,3472.6,3442.4,3546.0,3485.0,3418.2,3332.3,3448.0,3425.25,True
2014-04-15,66.8,35.6,103.3,96.25,3498.5,3468.7,3571.2,3501.0,3444.7,3359.7,3474.2,3404.75,True
2014-04-16,74.7,39.8,115.5,45.0,3522.9,3489.5,3604.1,3524.5,3462.7,3367.7,3495.6,3479.5,True
2014-04-17,70.2,37.5,108.7,50.0,3531.2,3499.9,3607.6,3542.5,3474.7,3385.4,3505.6,3492.5,True
2014-04-21,63.1,33.7,97.7,37.5,3550.0,3521.8,3618.6,3554.25,3499.2,3418.9,3526.9,3516.75,True
2014-04-22,60.0,32.1,93.0,42.75,3576.7,3549.9,3641.9,3588.5,3528.4,3452.0,3554.8,3545.75,True
2014-04-23,58.8,31.4,91.1,53.5,3609.9,3583.6,3673.9,3599.5,3562.6,3487.7,3588.4,3546.0,True
2014-04-24,53.8,28.8,82.9,74.25,3577.3,3553.3,3635.8,3618.25,3534.0,3465.5,3557.6,3544.0,True
2014-04-25,58.5,31.3,89.9,73.25,3609.5,3583.4,3673.1,3589.75,3562.4,3488.0,3588.2,3516.5,True
2014-04-28,60.3,32.2,92.6,82.0,3556.1,3529.1,3621.6,3562.5,3507.5,3430.8,3534.0,3480.5,True
2014-04-29,65.9,35.1,101.1,41.25,3568.7,3539.2,3640.3,3571.25,3515.6,3431.7,3544.6,3530.0,True
2014-04-30,64.3,34.3,98.7,39.0,3591.0,3562.3,3660.9,3578.0,3539.2,3457.4,3567.5,3539.0,True
2014-05-01,62.6,33.4,96.1,35.0,3599.8,3571.8,3667.8,3605.5,3549.4,3469.7,3576.9,3570.5,True
2014-05-02,58.2,31.1,89.4,35.0,3611.4,3585.4,3674.7,3604.5,3564.5,3490.5,3590.1,3569.5,True
2014-05-05,52.9,28.3,81.0,50.0,3601.7,3578.0,3659.2,3598.0,3559.1,3491.7,3582.3,3548.0,True
2014-05-06,50.0,26.8,76.6,57.0,3611.9,3589.6,3666.3,3603.75,3571.7,3508.0,3593.6,3546.75,True
2014-05-07,51.6,27.7,79.1,69.0,3572.9,3549.8,3629.0,3566.5,3531.3,3465.7,3554.0,3497.5,True
2014-05-08,54.5,29.2,83.5,61.25,3563.6,3539.2,3622.8,3579.75,3519.7,3450.4,3543.6,3518.5,True
2014-05-09,57.2,30.6,87.5,41.75,3561.7,3536.2,3623.9,3552.25,3515.7,3442.9,3540.8,3510.5,True
2014-05-12,57.2,30.6,87.5,65.25,3572.2,3546.7,3634.4,3613.5,3526.1,3453.4,3551.3,3548.25,True
2014-05-13,60.9,32.5,93.0,20.75,3633.6,3606.3,3699.8,3624.25,3584.5,3507.0,3611.3,3603.5,True
2014-05-14,52.5,28.1,80.4,31.75,3631.0,3607.5,3688.1,3615.0,3588.7,3521.9,3611.8,3583.25,True
2014-05-15,48.4,25.9,74.2,66.5,3616.7,3595.1,3669.4,3606.75,3577.8,3516.2,3599.0,3540.25,True
2014-05-16,49.9,26.7,76.4,46.5,3584.4,3562.1,3638.6,3589.5,3544.2,3480.7,3566.1,3543.0,True
2014-05-19,49.1,26.3,75.2,52.0,3603.5,3581.6,3656.9,3617.5,3564.0,3501.5,3585.6,3565.5,True
2014-05-20,48.2,25.8,73.5,39.25,3633.7,3612.1,3686.1,3623.75,3594.8,3533.5,3616.0,3584.5,True
2014-05-21,49.2,26.4,75.1,42.5,3617.3,3595.4,3670.8,3635.75,3577.7,3515.1,3599.3,3593.25,True
2014-05-22,51.1,27.4,78.0,28.5,3655.1,3632.3,3710.7,3659.75,3614.0,3549.0,3636.4,3631.25,True
2014-05-23,46.0,24.7,70.3,31.75,3667.5,3646.9,3717.5,3677.0,3630.4,3571.9,3650.6,3645.25,True
2014-05-27,44.3,23.8,67.7,45.5,3693.8,3674.0,3741.9,3723.0,3658.1,3601.7,3677.5,3677.5,True
2014-05-28,44.1,23.7,67.3,22.75,3739.9,3720.2,3787.9,3730.25,3704.4,3648.3,3723.8,3707.5,True
2014-05-29,39.9,21.4,60.9,24.0,3732.9,3715.1,3776.3,3737.25,3700.8,3650.0,3718.3,3713.25,True
2014-05-30,36.8,19.7,56.2,25.25,3751.1,3734.7,3791.1,3740.5,3721.5,3674.6,3737.6,3715.25,True
2014-06-02,36.0,19.3,55.0,34.25,3750.8,3734.7,3789.9,3741.5,3721.8,3676.0,3737.6,3707.25,True
2014-06-03,36.5,19.6,55.8,21.75,3743.0,3726.7,3782.6,3735.75,3713.6,3667.1,3729.6,3714.0,True
2014-06-04,32.5,17.5,49.7,35.25,3744.5,3730.0,3779.8,3749.25,3718.3,3677.0,3732.6,3714.0,True
2014-06-05,34.9,18.7,53.4,48.0,3758.0,3742.4,3796.0,3782.0,3729.9,3685.5,3745.2,3734.0,True
2014-06-06,38.6,20.7,59.0,24.5,3792.6,3775.4,3834.5,3800.25,3761.5,3712.4,3778.5,3775.75,True
2014-06-09,37.1,19.9,56.7,20.0,3813.7,3797.1,3854.0,3803.0,3783.9,3736.7,3800.1,3783.0,True
2014-06-10,34.1,18.3,51.1,18.25,3808.2,3793.0,3845.3,3803.0,3780.7,3737.4,3795.7,3784.75,True
2014-06-11,32.8,17.6,49.1,25.25,3814.4,3799.7,3850.0,3804.75,3788.0,3746.3,3802.4,3779.5,True
2014-06-12,31.6,16.9,47.4,55.0,3811.6,3797.5,3846.0,3806.5,3786.2,3746.0,3800.1,3751.5,True
2014-06-13,33.0,17.6,50.5,25.75,3785.2,3770.5,3821.1,3785.75,3758.7,3716.7,3773.1,3760.0,True
2014-06-16,32.3,17.3,49.3,33.5,3789.4,3775.0,3824.5,3790.5,3763.4,3722.3,3777.6,3757.0,True
2014-06-17,34.2,18.4,52.3,22.5,3793.7,3778.5,3830.9,3792.25,3766.2,3722.7,3781.2,3769.75,True
2014-06-18,33.3,17.9,51.0,44.5,3793.6,3778.7,3829.8,3807.5,3766.8,3724.4,3781.4,3763.0,True
2014-06-19,36.5,19.6,55.7,28.75,3819.0,3802.7,3858.6,3811.25,3789.6,3743.2,3805.6,3782.5,True
2014-06-20,32.4,17.5,48.6,13.75,3811.0,3796.5,3846.2,3807.5,3784.9,3743.7,3799.1,3793.75,True
2014-06-23,29.8,15.9,44.6,22.0,3818.6,3805.3,3851.0,3807.25,3794.6,3756.7,3807.7,3785.25,True
2014-06-24,28.5,15.3,42.7,46.75,3806.6,3793.8,3837.5,3828.0,3783.6,3747.4,3796.1,3781.25,True
2014-06-25,32.5,17.4,49.7,40.5,3808.3,3793.8,3843.6,3823.5,3782.1,3740.8,3796.3,3783.0,True
2014-06-26,32.2,17.2,49.2,33.0,3828.4,3814.0,3863.4,3822.0,3802.5,3761.5,3816.6,3789.0,True
2014-06-27,32.1,17.2,49.1,29.75,3831.1,3816.8,3866.0,3837.75,3805.2,3764.4,3819.3,3808.0,True
2014-06-30,33.8,18.1,50.6,23.5,3845.8,3830.7,3882.5,3851.25,3818.6,3775.6,3833.4,3827.75,True
2014-07-01,33.6,18.1,50.4,49.75,3854.7,3839.7,3891.2,3894.5,3827.7,3785.0,3842.4,3844.75,False
2014-07-02,35.9,19.3,53.7,13.5,3900.0,3883.9,3939.0,3896.5,3871.1,3825.4,3886.8,3883.0,True
2014-07-03,30.8,16.5,46.1,29.75,3902.8,3889.0,3936.3,3918.0,3878.0,3838.8,3891.5,3888.25,True
2014-07-07,31.7,17.0,47.4,19.75,3929.2,3915.0,3963.7,3915.75,3903.7,3863.4,3917.6,3896.0,True
2014-07-08,29.6,15.9,44.3,65.5,3916.8,3903.6,3949.0,3906.75,3893.0,3855.3,3906.0,3841.25,False
2014-07-09,35.5,19.1,53.2,34.25,3878.3,3862.4,3916.9,3890.75,3849.7,3804.5,3865.3,3856.5,True
2014-07-10,33.4,18.0,50.0,58.0,3899.7,3884.7,3936.0,3889.5,3872.8,3830.3,3887.4,3831.5,True
2014-07-11,39.4,21.2,60.3,27.25,3890.4,3872.8,3933.3,3899.0,3858.7,3808.6,3876.0,3871.75,True
2014-07-14,38.4,20.7,58.8,33.0,3913.8,3896.6,3955.5,3930.75,3882.9,3834.0,3899.7,3897.75,True
2014-07-15,40.4,21.8,61.8,53.5,3936.4,3918.3,3980.3,3933.5,3903.8,3852.4,3921.6,3880.0,True
2014-07-16,39.8,21.5,60.9,28.0,3929.4,3911.6,3972.6,3941.0,3897.3,3846.7,3914.8,3913.0,True
2014-07-17,38.3,20.6,58.6,68.25,3938.7,3921.6,3980.4,3927.5,3907.9,3859.1,3924.7,3859.25,True
2014-07-18,40.9,22.0,62.5,81.75,3893.3,3875.1,3937.8,3935.75,3860.4,3808.3,3878.4,3854.0,True
2014-07-21,48.6,26.1,74.7,24.5,3950.8,3929.1,4003.7,3934.25,3911.7,3849.9,3933.1,3909.75,True
2014-07-22,45.0,24.2,68.8,35.75,3944.8,3924.7,3993.7,3959.5,3908.6,3851.3,3928.3,3923.75,True
2014-07-23,44.3,23.8,67.9,39.0,3969.3,3949.5,4017.4,3983.25,3933.6,3877.2,3953.1,3944.25,True
2014-07-24,46.3,24.9,70.9,27.75,3995.1,3974.4,4045.5,3991.25,3957.8,3898.9,3978.2,3963.5,True
2014-07-25,41.6,22.4,63.8,28.0,3989.4,3970.8,4034.6,3965.5,3955.9,3902.9,3974.1,3937.5,False
2014-07-28,35.0,18.8,53.7,41.25,3970.3,3954.7,4008.4,3970.25,3942.2,3897.6,3957.5,3929.0,True
2014-07-29,37.5,20.2,57.5,29.0,3975.9,3959.1,4016.7,3977.5,3945.7,3898.0,3962.2,3948.5,True
2014-07-30,36.0,19.5,55.2,29.75,3967.5,3951.4,4006.6,3983.0,3938.5,3892.7,3954.3,3953.25,True
2014-07-31,35.1,19.0,53.9,88.5,3983.4,3967.7,4021.5,3970.25,3955.1,3910.4,3970.5,3881.75,False
2014-08-01,43.9,23.6,67.5,53.75,3903.4,3883.7,3951.1,3901.25,3868.0,3812.1,3887.3,3847.5,True
2014-08-04,45.8,24.6,70.3,48.5,3892.7,3872.2,3942.4,3915.75,3855.8,3797.5,3875.9,3867.25,True
2014-08-05,47.4,25.5,72.8,48.5,3916.8,3895.7,3968.4,3900.25,3878.7,3818.3,3899.5,3851.75,True
2014-08-06,49.4,26.6,75.9,49.25,3892.7,3870.6,3946.4,3891.25,3852.9,3790.0,3874.6,3842.0,True
2014-08-07,52.1,28.0,79.8,51.75,3890.8,3867.6,3947.5,3892.5,3848.9,3782.5,3871.7,3840.75,True
2014-08-08,48.4,26.0,74.2,60.25,3877.3,3855.6,3929.9,3886.75,3838.3,3776.7,3859.5,3826.5,True
2014-08-11,50.2,26.9,76.9,44.0,3894.8,3872.3,3949.3,3917.75,3854.3,3790.4,3876.4,3873.75,True
2014-08-12,49.3,26.4,75.4,34.0,3925.9,3903.9,3979.5,3917.25,3886.2,3823.4,3907.8,3883.25,True
2014-08-13,47.4,25.4,72.5,47.25,3923.6,3902.4,3975.1,3949.5,3885.4,3825.1,3906.2,3902.25,True
2014-08-14,48.6,26.1,74.3,35.25,3966.3,3944.6,4019.2,3974.75,3927.2,3865.3,3948.5,3939.5,True
2014-08-15,46.1,24.7,70.5,47.25,3987.5,3966.9,4037.6,3994.5,3950.4,3891.7,3970.6,3947.25,True
2014-08-18,45.5,24.5,69.6,28.5,4004.3,3984.0,4053.7,4019.5,3967.6,3909.7,3987.6,3991.0,False
2014-08-19,42.4,22.8,64.8,24.75,4031.2,4012.3,4077.3,4040.5,3997.1,3943.1,4015.8,4015.75,True
2014-08-20,40.1,21.6,61.5,17.75,4051.3,4033.3,4094.8,4046.5,4018.9,3967.9,4036.6,4028.75,True
2014-08-21,35.9,19.3,55.1,16.25,4054.7,4038.7,4093.7,4049.0,4025.8,3980.1,4041.6,4032.75,True
2014-08-22,33.0,17.8,50.7,24.5,4061.5,4046.7,4097.3,4061.0,4034.9,3992.9,4049.5,4036.5,True
2014-08-25,30.2,16.3,46.5,21.75,4067.5,4054.1,4100.4,4078.5,4043.2,4004.8,4056.5,4056.75,False
2014-08-26,29.0,15.6,44.6,14.0,4075.8,4062.8,4107.3,4075.75,4052.5,4015.5,4065.2,4061.75,True
2014-08-27,26.7,14.4,41.1,13.5,4083.6,4071.6,4112.6,4077.0,4062.1,4028.1,4073.9,4063.5,True
2014-08-28,25.6,13.7,39.4,21.75,4083.6,4072.2,4111.4,4076.25,4063.0,4030.4,4074.3,4054.5,True
2014-08-29,26.8,14.3,41.2,24.0,4081.1,4069.1,4110.2,4086.0,4059.5,4025.4,4071.4,4062.0,True
2014-09-02,26.7,14.3,41.2,20.0,4093.3,4081.4,4122.3,4096.0,4071.8,4037.8,4083.6,4076.0,True
2014-09-03,25.4,13.6,39.1,51.25,4102.8,4091.4,4130.4,4113.75,4082.3,4050.0,4093.5,4062.5,True
2014-09-04,31.3,16.8,48.4,44.75,4085.0,4071.0,4119.0,4101.0,4059.8,4020.0,4073.6,4056.25,True
2014-09-05,34.7,18.6,53.5,39.5,4084.0,4068.5,4121.6,4091.5,4056.0,4011.8,4071.3,4052.0,True
2014-09-08,36.5,19.6,56.2,29.5,4102.0,4085.7,4141.6,4105.0,4072.6,4026.1,4088.7,4075.5,True
2014-09-09,36.2,19.5,55.8,57.25,4108.4,4092.2,4147.7,4110.5,4079.2,4033.1,4095.2,4053.25,True
2014-09-10,40.8,21.9,63.0,41.5,4083.3,4065.1,4127.6,4096.25,4050.5,3998.5,4068.5,4054.75,True
2014-09-11,39.2,21.1,60.5,37.0,4109.6,4092.1,4152.2,4097.0,4078.1,4028.2,4095.4,4060.0,True
2014-09-12,38.0,20.4,58.4,39.75,4107.1,4090.1,4148.4,4096.5,4076.5,4028.1,4093.3,4056.75,True
2014-09-15,38.0,20.4,58.4,58.0,4085.9,4068.9,4127.1,4076.25,4055.3,4006.9,4072.0,4018.25,True
2014-09-16,41.3,22.2,63.4,62.0,4051.0,4032.6,4095.8,4074.0,4017.8,3965.2,4036.0,4012.0,True
2014-09-17,43.0,23.1,65.8,43.75,4084.2,4065.0,4130.9,4091.0,4049.6,3994.9,4068.6,4047.25,True
2014-09-18,42.5,22.9,65.1,37.75,4090.5,4071.5,4136.7,4106.75,4056.3,4002.2,4075.1,4069.0,True
2014-09-19,42.9,23.1,65.7,25.0,4121.9,4102.8,4168.5,4127.75,4087.4,4032.8,4106.3,4102.75,True
2014-09-22,40.9,22.0,62.6,56.25,4135.9,4117.6,4180.2,4092.0,4102.9,4050.8,4121.0,4035.75,False
2014-09-23,42.2,22.7,64.6,33.5,4070.7,4051.8,4116.4,4061.0,4036.7,3982.9,4055.3,4027.5,True
2014-09-24,38.5,20.8,58.7,59.0,4053.3,4036.1,4095.1,4090.0,4022.3,3973.3,4039.3,4031.0,True
2014-09-25,42.3,22.8,64.8,90.25,4105.7,4086.8,4151.6,4088.5,4071.6,4017.7,4090.3,3998.25,False
2014-09-26,49.0,26.4,75.0,48.75,4028.3,4006.4,4081.5,4050.5,3988.8,3926.2,4010.4,4001.75,True
2014-09-29,51.3,27.6,78.6,53.25,4067.5,4044.6,4123.2,4051.25,4026.2,3960.7,4048.8,3998.0,True
2014-09-30,52.0,28.0,79.7,40.5,4057.6,4034.3,4114.0,4064.75,4015.7,3949.2,4038.6,4024.25,True
2014-10-01,52.6,28.3,80.6,80.5,4067.1,4043.5,4124.1,4046.0,4024.7,3957.5,4047.9,3965.5,True
2014-10-02,56.7,30.4,86.7,67.25,4006.6,3981.2,4068.1,3995.0,3960.9,3888.5,3985.9,3927.75,True
2014-10-03,55.2,29.6,84.4,64.25,4001.4,3976.7,4061.3,4034.75,3956.9,3886.4,3981.3,3970.5,True
2014-10-06,57.5,30.9,87.9,44.25,4040.4,4014.7,4102.8,4040.5,3994.1,3920.6,4019.4,3996.25,True
2014-10-07,55.6,29.9,85.0,62.25,4030.6,4005.7,4090.9,4010.25,3985.8,3914.8,4010.3,3948.0,True
2014-10-08,58.3,31.3,89.0,111.0,3981.0,3954.9,4044.2,4041.75,3934.0,3859.6,3959.7,3930.75,True
2014-10-09,66.1,35.4,100.9,100.75,4058.5,4029.0,4130.2,4047.75,4005.3,3920.9,4034.5,3947.0,True
2014-10-10,68.9,37.0,105.1,116.0,3999.5,3968.7,4074.2,3967.0,3943.9,3856.0,3974.4,3851.0,False
2014-10-13,73.9,39.6,113.5,93.25,3884.3,3851.3,3964.5,3885.75,3824.8,3730.3,3857.4,3792.5,True
2014-10-14,78.2,41.8,120.1,59.75,3831.7,3796.7,3916.5,3852.75,3768.6,3668.7,3803.2,3793.0,True
2014-10-15,77.5,41.5,119.1,140.25,3844.6,3809.9,3928.7,3831.5,3782.1,3683.1,3816.4,3691.25,True
2014-10-16,84.3,45.1,130.7,102.5,3787.8,3750.0,3879.2,3786.5,3719.8,3612.0,3757.0,3684.0,True
2014-10-17,84.8,45.4,131.5,98.5,3777.5,3739.5,3869.4,3840.5,3709.0,3600.7,3746.6,3742.0,True
2014-10-20,86.2,46.2,132.7,89.75,3840.6,3802.0,3934.1,3883.0,3771.0,3660.9,3809.2,3793.25,True
2014-10-21,88.2,47.3,135.7,130.0,3903.4,3863.9,3999.1,3976.0,3832.3,3719.6,3871.3,3846.0,True
2014-10-22,101.1,54.1,155.5,43.5,4014.4,3969.1,4124.0,3983.0,3932.9,3803.7,3977.5,3939.5,True
2014-10-23,86.2,46.0,132.5,85.25,3985.8,3947.2,4079.3,4024.75,3916.3,3806.1,3954.4,3939.5,True
2014-10-24,88.7,47.3,136.3,68.0,4042.9,4003.2,4139.1,4038.5,3971.4,3858.0,4010.5,3970.5,True
2014-10-27,84.6,45.2,128.9,40.25,4070.6,4032.8,4162.4,4049.75,4002.5,3894.3,4039.8,4009.5,True
2014-10-28,76.1,40.5,116.0,62.0,4070.5,4036.5,4153.1,4099.75,4009.2,3911.9,4042.8,4037.75,True
2014-10-29,70.0,37.4,106.9,41.5,4123.7,4092.4,4199.6,4096.25,4067.3,3977.8,4098.2,4054.75,True
2014-10-30,67.7,36.2,103.6,59.5,4101.0,4070.7,4174.4,4102.5,4046.4,3959.9,4076.3,4043.0,True
2014-10-31,65.8,35.1,100.6,73.75,4117.4,4088.0,4188.8,4163.5,4064.4,3980.3,4093.4,4089.75,True
2014-11-03,67.9,36.2,103.7,31.75,4179.3,4148.9,4252.9,4173.75,4124.6,4037.8,4154.5,4142.0,True
2014-11-04,63.6,34.0,97.2,44.5,4184.2,4155.8,4253.2,4164.25,4133.0,4051.7,4161.0,4119.75,True
2014-11-05,61.4,32.9,94.0,42.5,4169.5,4142.1,4236.1,4176.25,4120.1,4041.6,4147.2,4133.75,True
2014-11-06,61.3,32.8,93.7,36.75,4168.5,4141.1,4235.0,4167.0,4119.1,4040.8,4146.2,4130.25,True
2014-11-07,57.7,30.9,88.2,43.75,4187.2,4161.4,4249.8,4179.75,4140.8,4067.0,4166.2,4136.0,True
2014-11-10,52.7,28.2,80.5,34.5,4173.1,4149.5,4230.2,4178.5,4130.7,4063.3,4153.9,4144.0,True
2014-11-11,51.8,27.8,79.4,24.25,4192.2,4169.0,4248.4,4186.25,4150.5,4084.3,4173.3,4162.0,True
2014-11-12,47.2,25.3,72.2,32.25,4203.3,4182.1,4254.4,4198.75,4165.3,4104.9,4186.1,4166.5,True
2014-11-13,45.5,24.4,69.7,35.5,4215.3,4194.9,4264.6,4227.0,4178.7,4120.5,4198.7,4191.5,True
2014-11-14,45.1,24.2,69.2,30.0,4224.1,4203.9,4273.0,4225.75,4187.8,4130.2,4207.7,4195.75,True
2014-11-17,41.4,22.3,63.5,33.0,4239.6,4221.0,4284.4,4224.5,4206.2,4153.3,4224.5,4191.5,True
2014-11-18,40.2,21.6,61.7,45.75,4229.3,4211.3,4272.9,4248.75,4196.9,4145.5,4214.6,4203.0,True
2014-11-19,43.2,23.2,66.3,38.25,4256.3,4237.0,4303.2,4242.5,4221.6,4166.3,4240.6,4204.25,True
2014-11-20,42.6,22.9,65.3,46.5,4241.8,4222.8,4288.0,4248.25,4207.5,4153.1,4226.3,4201.75,True
2014-11-21,43.2,23.2,66.2,47.0,4263.3,4244.0,4310.2,4284.5,4228.5,4173.3,4247.6,4237.5,True
2014-11-24,45.2,24.3,69.2,38.75,4268.4,4248.2,4317.4,4286.75,4232.0,4174.3,4251.9,4248.0,True
2014-11-25,45.0,24.1,68.8,26.5,4301.1,4281.0,4349.9,4303.25,4264.9,4207.3,4284.7,4276.75,True
2014-11-26,41.3,22.2,63.2,33.25,4310.0,4291.5,4354.8,4323.75,4276.8,4224.0,4294.9,4290.5,True
2014-11-28,41.2,22.1,63.0,35.5,4335.3,4316.8,4379.9,4348.0,4302.1,4249.4,4320.2,4312.5,True
2014-12-01,39.6,21.2,60.5,62.0,4355.1,4337.3,4398.0,4335.5,4323.2,4272.6,4340.6,4273.5,False
2014-12-02,42.0,22.5,64.2,29.75,4304.3,4285.5,4349.8,4314.75,4270.5,4216.8,4289.0,4285.0,True
2014-12-03,39.3,21.1,60.1,32.5,4322.2,4304.6,4364.8,4320.0,4290.6,4240.3,4307.8,4287.5,True
2014-12-04,39.3,21.1,60.2,35.25,4327.2,4309.6,4369.8,4328.5,4295.6,4245.3,4312.8,4293.25,True
2014-12-05,39.7,21.3,60.8,24.0,4330.4,4312.6,4373.4,4326.75,4298.4,4247.6,4315.8,4302.75,True
2014-12-08,37.4,20.1,57.3,61.25,4329.1,4312.4,4369.7,4320.25,4299.0,4251.2,4315.5,4259.0,True
2014-12-09,38.9,20.9,59.7,81.75,4295.5,4278.1,4337.7,4298.5,4264.2,4214.5,4281.3,4216.75,True
2014-12-10,46.4,24.8,71.2,79.25,4310.5,4289.7,4360.7,4298.25,4273.1,4213.8,4293.5,4219.0,True
2014-12-11,51.2,27.4,80.0,77.75,4248.7,4225.8,4304.2,4298.0,4207.5,4142.1,4230.0,4220.25,True
2014-12-12,56.5,30.2,88.3,66.75,4260.5,4235.2,4321.7,4254.75,4215.0,4142.8,4239.8,4188.0,True
2014-12-15,60.5,32.3,94.5,93.0,4215.2,4188.1,4280.7,4237.75,4166.5,4089.2,4193.1,4144.75,True
2014-12-16,65.7,35.1,102.4,108.5,4191.7,4162.2,4262.8,4192.75,4138.7,4054.8,4167.6,4084.25,True
2014-12-17,69.5,37.0,108.3,91.0,4116.0,4084.9,4191.3,4176.0,4060.0,3971.2,4090.6,4085.0,True
2014-12-18,73.2,39.0,114.1,120.75,4193.9,4161.0,4273.1,4274.75,4134.9,4041.4,4167.1,4154.0,False
2014-12-19,82.5,44.0,128.4,46.0,4300.1,4263.0,4389.5,4307.0,4233.6,4128.2,4269.9,4261.0,True
2014-12-22,76.7,41.0,119.7,25.25,4293.6,4259.2,4376.7,4301.25,4231.8,4133.8,4265.5,4276.0,False
2014-12-23,68.3,36.4,106.8,37.25,4320.8,4290.1,4394.8,4312.0,4265.8,4178.5,4295.8,4274.75,True
2014-12-24,61.6,32.9,96.6,22.0,4304.2,4276.5,4370.9,4298.5,4254.6,4175.9,4281.7,4276.5,True
2014-12-26,51.8,27.6,81.1,40.0,4304.5,4281.3,4360.7,4322.0,4262.8,4196.6,4285.6,4282.0,True
2014-12-29,43.2,23.0,67.7,22.5,4328.6,4309.2,4375.4,4320.75,4293.8,4238.6,4312.8,4298.25,True
2014-12-30,38.6,20.6,60.4,44.25,4327.4,4310.1,4369.2,4318.0,4296.3,4247.0,4313.3,4273.75,True
2014-12-31,42.5,22.6,66.5,77.0,4300.8,4281.7,4346.9,4305.0,4266.6,4212.3,4285.3,4228.0,True
2015-01-02,49.3,26.3,77.4,71.75,4253.7,4231.6,4307.1,4272.75,4214.0,4151.0,4235.7,4201.0,True
2015-01-05,55.4,29.5,86.8,75.75,4237.8,4212.9,4297.8,4220.75,4193.2,4122.4,4217.6,4145.0,True
2015-01-06,59.9,31.9,93.7,90.5,4187.2,4160.3,4252.1,4172.5,4139.0,4062.5,4165.3,4082.0,True
2015-01-07,68.2,36.2,106.6,60.5,4131.2,4100.6,4205.1,4163.25,4076.3,3989.2,4106.3,4102.75,True
2015-01-08,70.1,37.4,109.4,90.5,4181.3,4149.9,4257.3,4242.75,4124.9,4035.3,4155.7,4152.25,True
2015-01-09,75.9,40.5,118.5,71.5,4264.5,4230.5,4346.8,4252.5,4203.4,4106.4,4236.8,4181.0,True
2015-01-12,74.5,39.7,116.3,76.5,4232.4,4199.0,4313.1,4227.5,4172.4,4077.3,4205.2,4151.0,True
2015-01-13,74.3,39.6,115.9,121.0,4198.1,4164.8,4278.6,4247.75,4138.2,4043.4,4170.9,4126.75,True
2015-01-14,80.0,42.6,125.4,68.75,4192.5,4156.6,4279.2,4169.25,4128.0,4025.9,4163.3,4100.5,True
2015-01-15,78.1,41.6,122.3,124.0,4178.7,4143.7,4263.3,4190.0,4115.7,4016.1,4150.2,4066.0,True
2015-01-16,84.0,44.7,132.3,97.0,4124.7,4087.0,4215.7,4138.5,4057.0,3949.8,4094.0,4041.5,True
2015-01-20,86.8,46.2,136.8,66.25,4170.9,4132.0,4264.9,4175.25,4100.9,3990.2,4139.2,4109.0,True
2015-01-21,84.0,44.7,132.4,68.25,4202.7,4165.0,4293.7,4205.25,4135.0,4027.8,4172.0,4137.0,True
2015-01-22,78.8,41.9,124.2,104.5,4216.3,4180.9,4301.6,4269.0,4152.7,4052.2,4187.4,4164.5,True
2015-01-23,85.4,45.4,134.6,36.0,4301.1,4262.8,4393.6,4286.25,4232.2,4123.2,4269.8,4250.25,True
2015-01-26,71.7,38.0,113.1,46.75,4297.5,4265.3,4375.2,4278.25,4239.7,4148.2,4271.3,4231.5,True
2015-01-27,67.3,35.6,106.0,128.25,4297.9,4267.7,4370.8,4271.0,4243.6,4157.7,4273.3,4142.75,False
2015-01-28,77.7,41.1,123.3,115.0,4210.5,4175.7,4294.7,4234.5,4147.9,4048.6,4182.1,4119.5,True
2015-01-29,83.0,43.9,131.8,104.0,4159.6,4122.3,4249.4,4199.75,4092.6,3986.5,4129.2,4095.75,True
2015-01-30,85.1,45.0,133.8,72.0,4222.0,4183.8,4314.1,4208.0,4153.3,4044.5,4190.8,4136.0,True
2015-02-02,87.0,46.1,137.0,102.5,4178.3,4139.2,4272.5,4188.0,4108.1,3996.9,4146.4,4085.5,True
2015-02-03,96.7,51.2,152.2,57.0,4226.6,4183.3,4331.4,4222.75,4148.6,4025.0,4191.2,4165.75,True
2015-02-04,87.2,46.1,137.2,55.5,4253.4,4214.2,4347.8,4243.0,4183.0,4071.6,4221.4,4187.5,True
2015-02-05,80.0,42.4,126.1,73.25,4238.0,4202.1,4324.7,4254.75,4173.5,4071.3,4208.7,4181.5,True
2015-02-06,78.4,41.7,123.3,58.5,4280.9,4245.7,4365.8,4268.25,4217.6,4117.4,4252.2,4209.75,True
2015-02-09,74.9,39.9,117.8,30.5,4259.4,4225.8,4340.5,4232.0,4199.0,4103.2,4231.9,4201.5,True
2015-02-10,63.1,33.5,99.2,73.0,4241.1,4212.8,4309.4,4284.0,4190.2,4109.6,4218.0,4211.0,True
2015-02-11,68.8,36.6,108.2,51.0,4305.3,4274.4,4379.8,4322.0,4249.8,4161.9,4280.1,4271.0,True
2015-02-12,66.8,35.5,105.2,60.75,4324.9,4295.0,4397.2,4346.5,4271.1,4185.7,4300.5,4285.75,True
2015-02-13,66.1,35.2,104.1,41.25,4372.9,4343.2,4444.4,4382.0,4319.6,4235.1,4348.7,4340.75,True
2015-02-17,61.5,32.8,96.6,24.0,4403.2,4375.6,4469.8,4388.5,4353.6,4275.0,4380.6,4364.5,True
2015-02-18,58.1,30.9,91.5,19.75,4406.5,4380.4,4469.4,4393.5,4359.7,4285.4,4385.2,4373.75,True
2015-02-19,49.0,26.1,77.1,41.25,4406.9,4384.9,4459.9,4417.25,4367.4,4304.7,4388.9,4376.0,True
2015-02-20,48.8,26.0,76.7,49.0,4434.0,4412.1,4486.8,4445.0,4394.7,4332.3,4416.1,4396.0,True
2015-02-23,47.4,25.3,74.4,19.5,4458.2,4436.9,4509.5,4449.25,4420.0,4359.4,4440.8,4429.75,True
2015-02-24,41.2,21.9,64.8,28.75,4462.0,4443.5,4506.6,4455.75,4428.9,4376.2,4446.9,4427.0,True
2015-02-25,41.9,22.3,65.8,31.75,4468.1,4449.3,4513.4,4461.0,4434.3,4380.8,4452.7,4429.25,True
2015-02-26,43.5,23.2,68.4,33.75,4455.3,4435.7,4502.4,4464.75,4420.2,4364.6,4439.3,4431.0,True
2015-02-27,42.6,22.7,66.9,27.75,4479.9,4460.8,4526.0,4462.75,4445.6,4391.1,4464.3,4435.0,True
2015-03-02,37.6,20.0,59.1,37.0,4458.5,4441.6,4499.2,4483.25,4428.2,4380.1,4444.7,4446.25,False
2015-03-03,40.0,21.4,62.9,46.5,4494.0,4476.1,4537.3,4479.0,4461.8,4410.7,4479.4,4432.5,True
2015-03-04,41.9,22.4,65.7,39.0,4474.3,4455.5,4519.7,4458.25,4440.6,4387.0,4459.0,4419.25,True
2015-03-05,41.7,22.3,65.6,32.0,4462.0,4443.3,4507.1,4464.75,4428.4,4375.1,4446.7,4432.75,True
2015-03-06,40.0,21.4,62.8,71.25,4466.5,4448.6,4509.8,4460.5,4434.3,4383.2,4451.9,4389.25,True
2015-03-09,46.8,25.0,73.7,33.0,4424.9,4403.9,4475.6,4424.75,4387.2,4327.4,4407.8,4391.75,True
2015-03-10,44.2,23.6,69.6,87.25,4432.3,4412.5,4480.1,4415.75,4396.7,4340.2,4416.1,4328.5,False
2015-03-11,50.5,26.9,80.2,43.25,4352.7,4330.1,4407.4,4347.5,4312.1,4247.4,4334.3,4304.25,True
2015-03-12,48.8,26.0,77.3,40.75,4328.2,4306.4,4381.1,4339.5,4289.0,4226.5,4310.4,4298.75,True
2015-03-13,49.9,26.7,78.6,59.25,4352.0,4329.6,4406.0,4347.5,4311.8,4247.9,4333.7,4288.25,True
2015-03-16,49.3,26.4,77.2,73.25,4329.7,4307.6,4383.1,4372.75,4290.0,4226.9,4311.7,4299.5,True
2015-03-17,55.2,29.5,86.3,36.0,4383.0,4358.2,4442.7,4384.75,4338.5,4267.9,4362.8,4348.75,True
2015-03-18,47.8,25.6,74.9,98.25,4398.1,4376.7,4449.8,4441.5,4359.6,4298.4,4380.6,4343.25,True
2015-03-19,58.0,31.0,91.1,22.25,4451.9,4425.9,4514.6,4441.75,4405.2,4331.0,4430.7,4419.5,True
2015-03-20,51.8,27.5,81.4,43.0,4451.5,4428.3,4507.5,4467.25,4409.8,4343.5,4432.6,4424.25,True
2015-03-23,52.5,28.1,82.6,25.25,4483.6,4460.0,4540.3,4461.25,4441.3,4374.1,4464.4,4436.0,True
2015-03-24,45.2,24.1,71.2,36.75,4456.0,4435.7,4504.8,4461.0,4419.6,4361.7,4439.4,4424.25,True
2015-03-25,45.8,24.4,72.1,118.5,4448.5,4428.0,4498.0,4438.5,4411.6,4353.0,4431.7,4320.0,False
2015-03-26,51.6,27.4,82.1,61.0,4345.4,4322.3,4401.2,4331.0,4303.9,4237.6,4326.6,4270.0,True
2015-03-27,54.7,29.0,87.1,36.25,4334.0,4309.5,4393.1,4333.5,4290.0,4219.7,4314.0,4297.25,True
2015-03-30,52.9,28.1,84.3,66.0,4348.2,4324.5,4405.4,4381.75,4305.7,4237.7,4328.9,4315.75,True
2015-03-31,60.2,32.0,95.9,55.0,4398.1,4371.1,4463.1,4375.75,4349.6,4272.3,4376.1,4320.75,True
2015-04-01,61.4,32.6,97.9,75.25,4355.6,4328.1,4421.9,4334.25,4306.2,4227.3,4333.2,4259.0,True
2015-04-02,58.6,31.1,93.5,32.5,4337.9,4311.7,4401.2,4321.0,4290.7,4215.5,4316.5,4288.5,True
2015-04-06,52.8,28.1,84.2,90.25,4329.7,4306.0,4386.7,4354.75,4287.2,4219.4,4310.4,4264.5,True
2015-04-07,63.1,33.5,100.6,42.0,4369.0,4340.8,4437.2,4372.25,4318.3,4237.3,4346.0,4330.25,True
2015-04-08,58.2,31.1,92.8,51.75,4358.7,4332.7,4421.6,4379.25,4311.9,4237.2,4337.5,4327.5,True
2015-04-09,58.8,31.4,93.7,48.5,4399.7,4373.4,4463.2,4401.25,4352.4,4276.9,4378.2,4352.75,True
2015-04-10,55.9,30.0,88.1,30.25,4423.0,4398.0,4483.3,4416.0,4378.0,4306.3,4402.6,4385.75,True
2015-04-13,53.5,28.7,84.4,42.0,4437.5,4413.5,4495.2,4441.5,4394.4,4325.8,4417.9,4399.5,True
2015-04-14,48.2,25.9,75.8,47.75,4423.7,4402.1,4475.7,4414.5,4385.0,4323.1,4406.1,4366.75,True
2015-04-15,49.1,26.4,77.3,40.25,4418.6,4396.6,4471.6,4429.0,4379.1,4316.1,4400.7,4388.75,True
2015-04-16,47.2,25.4,74.2,31.5,4441.8,4420.7,4492.7,4429.5,4403.8,4343.3,4424.6,4398.0,True
2015-04-17,43.7,23.5,68.8,93.5,4433.8,4414.2,4481.0,4417.5,4398.7,4342.6,4417.8,4324.0,False
2015-04-20,54.2,29.1,85.7,64.75,4372.0,4347.8,4430.5,4417.0,4328.4,4258.6,4352.2,4352.25,False
2015-04-21,56.3,30.2,88.7,40.0,4431.4,4406.2,4492.1,4442.75,4386.1,4313.6,4410.9,4402.75,True
2015-04-22,54.6,29.3,86.1,61.0,4451.7,4427.2,4510.6,4459.5,4407.8,4337.4,4431.8,4398.5,True
2015-04-23,58.6,31.5,92.3,79.25,4470.2,4443.9,4533.3,4497.25,4423.0,4347.5,4448.8,4418.0,True
2015-04-24,66.0,35.5,104.0,46.75,4509.6,4480.0,4580.7,4536.25,4456.4,4371.4,4485.5,4489.5,False
2015-04-27,59.9,32.2,94.4,46.25,4554.7,4527.9,4619.3,4555.5,4506.5,4429.3,4532.9,4509.25,True
2015-04-28,56.2,30.2,88.6,59.5,4548.7,4523.5,4609.2,4531.25,4503.4,4431.0,4528.1,4471.75,True
2015-04-29,58.8,31.6,92.7,57.75,4541.0,4514.7,4604.3,4514.0,4493.7,4417.9,4519.5,4456.25,False
2015-04-30,58.1,31.3,91.5,91.75,4504.5,4478.4,4567.0,4478.25,4457.7,4382.9,4483.2,4386.5,False
2015-05-01,60.4,32.6,95.2,61.0,4433.9,4406.8,4499.0,4470.75,4385.3,4307.5,4411.9,4409.75,True
2015-05-04,61.8,33.4,97.4,46.5,4494.0,4466.3,4560.6,4503.5,4444.3,4364.7,4471.5,4457.0,True
2015-05-05,60.6,32.8,95.5,80.75,4502.3,4475.1,4567.5,4480.25,4453.5,4375.5,4480.1,4399.5,True
2015-05-06,64.6,34.9,101.6,82.0,4435.0,4406.0,4504.5,4423.5,4383.0,4299.8,4411.4,4341.5,True
2015-05-07,66.7,36.0,104.9,76.75,4401.4,4371.4,4473.1,4409.25,4347.7,4261.8,4377.0,4332.5,True
2015-05-08,66.3,35.8,104.2,61.75,4430.7,4400.9,4502.0,4462.75,4377.3,4292.0,4406.5,4401.0,True
2015-05-11,66.5,35.9,104.5,37.75,4477.0,4447.2,4548.6,4464.5,4423.5,4337.9,4452.7,4426.75,True
2015-05-12,63.5,34.3,99.8,63.5,4458.3,4429.7,4526.6,4438.0,4407.1,4325.4,4435.1,4374.5,True
2015-05-13,63.9,34.5,100.4,40.25,4447.9,4419.2,4516.6,4457.75,4396.5,4314.3,4424.6,4417.5,True
2015-05-14,57.8,31.2,90.9,80.25,4448.3,4422.4,4510.5,4493.0,4401.8,4327.4,4427.2,4412.75,True
2015-05-15,61.7,33.2,96.9,29.75,4516.5,4488.8,4582.8,4507.5,4466.8,4387.4,4494.0,4477.75,True
2015-05-18,54.6,29.4,85.9,47.25,4512.0,4487.5,4570.7,4517.75,4468.0,4397.8,4492.0,4470.5,True
2015-05-19,57.3,30.9,89.9,30.0,4531.6,4505.9,4593.2,4526.5,4485.5,4411.8,4510.7,4496.5,True
2015-05-20,50.8,27.3,79.8,51.75,4522.9,4500.0,4577.4,4534.0,4482.0,4416.6,4504.3,4482.25,True
2015-05-21,53.3,28.7,83.8,50.0,4528.2,4504.2,4585.4,4536.5,4485.3,4416.7,4508.7,4486.5,True
2015-05-22,49.6,26.7,78.0,20.0,4549.9,4527.6,4603.1,4542.0,4510.0,4446.1,4531.7,4522.0,True
2015-05-26,45.5,24.4,71.7,83.5,4548.1,4527.7,4597.0,4538.5,4511.5,4453.0,4531.5,4455.0,True
2015-05-27,53.0,28.4,83.7,78.0,4502.3,4478.5,4559.2,4551.0,4459.7,4391.5,4482.9,4473.0,True
2015-05-28,60.0,32.2,94.8,25.75,4567.8,4540.8,4632.2,4547.5,4519.5,4442.3,4545.8,4521.75,True
2015-05-29,53.5,28.7,84.6,48.0,4565.5,4541.5,4623.0,4545.25,4522.5,4453.7,4546.0,4497.25,True
2015-06-01,54.3,29.1,85.8,52.25,4534.1,4509.7,4592.4,4538.25,4490.4,4420.6,4514.3,4486.0,True
2015-06-02,58.3,31.2,92.2,51.0,4546.3,4520.1,4608.9,4531.75,4499.4,4424.4,4525.0,4480.75,True
2015-06-03,53.6,28.7,84.8,39.5,4525.8,4501.7,4583.4,4540.75,4482.7,4413.8,4506.2,4501.25,True
2015-06-04,48.2,25.9,76.3,54.0,4548.0,4526.4,4599.8,4527.25,4509.2,4447.3,4530.4,4473.25,True
2015-06-05,52.1,28.0,82.5,57.25,4518.6,4495.3,4574.6,4506.5,4476.7,4409.8,4499.6,4449.25,True
2015-06-08,52.9,28.4,83.7,61.25,4504.0,4480.3,4560.8,4483.25,4461.4,4393.4,4484.7,4422.0,True
2015-06-09,53.2,28.5,84.2,51.0,4454.9,4431.0,4512.0,4441.25,4412.1,4343.7,4435.4,4390.25,True
2015-06-10,52.3,28.1,82.6,67.75,4453.7,4430.3,4509.9,4498.25,4411.7,4344.5,4434.6,4430.5,True
2015-06-11,57.1,30.7,90.0,33.0,4513.0,4487.4,4574.3,4512.25,4467.1,4393.7,4492.2,4479.25,True
2015-06-12,52.8,28.4,83.4,43.5,4512.9,4489.3,4569.6,4491.25,4470.5,4402.6,4493.7,4447.75,True
2015-06-15,51.3,27.6,80.9,50.5,4476.5,4453.6,4531.6,4444.75,4435.3,4369.4,4457.8,4394.25,False
2015-06-16,50.5,27.1,79.6,60.5,4456.9,4434.3,4511.2,4463.5,4416.3,4351.5,4438.5,4403.0,True
2015-06-17,51.9,27.9,81.5,42.75,4481.0,4457.8,4536.8,4482.75,4439.3,4372.7,4462.1,4440.0,True
2015-06-18,48.4,26.1,76.0,94.25,4481.8,4460.1,4533.8,4541.75,4442.9,4380.7,4464.2,4447.5,False
2015-06-19,59.2,31.9,93.3,20.0,4563.2,4536.6,4627.1,4546.75,4515.6,4439.5,4541.5,4526.75,True
2015-06-22,52.2,28.1,82.4,40.0,4553.2,4529.8,4609.5,4552.25,4511.2,4444.2,4534.1,4512.25,True
2015-06-23,52.5,28.2,82.8,26.0,4555.0,4531.5,4611.7,4548.75,4512.8,4445.4,4535.9,4522.75,True
2015-06-24,47.1,25.0,74.4,40.75,4561.2,4540.1,4612.1,4555.25,4523.4,4462.9,4544.1,4514.5,True
2015-06-25,47.8,25.4,75.5,47.5,4536.0,4514.6,4587.6,4547.5,4497.6,4436.3,4518.6,4500.0,True
2015-06-26,41.6,22.1,65.7,57.25,4526.9,4508.3,4571.8,4517.0,4493.5,4440.1,4511.7,4459.75,True
2015-06-29,46.1,24.5,72.8,83.25,4500.1,4479.4,4549.8,4451.5,4463.0,4403.8,4483.3,4368.25,False
2015-06-30,52.0,27.6,82.4,40.25,4400.1,4376.8,4456.2,4412.25,4358.3,4291.2,4381.1,4372.0,True
2015-07-01,52.0,27.6,82.3,49.75,4412.3,4389.0,4468.4,4441.75,4370.5,4303.5,4393.4,4392.0,True
2015-07-02,54.0,28.6,85.5,33.25,4444.9,4420.7,4503.2,4441.5,4401.5,4331.9,4425.2,4408.25,True
2015-07-06,51.3,27.2,81.3,93.25,4450.5,4427.5,4505.8,4437.25,4409.3,4343.2,4431.8,4344.0,True
2015-07-07,59.0,31.2,94.4,113.5,4447.8,4421.3,4511.4,4448.0,4400.4,4324.3,4426.3,4334.5,True
2015-07-08,64.2,34.0,104.5,86.0,4449.5,4420.7,4518.7,4422.5,4397.9,4315.2,4426.1,4336.5,True
2015-07-09,67.6,36.1,109.7,76.25,4375.2,4344.9,4448.1,4408.0,4320.9,4233.7,4350.5,4331.75,True
2015-07-10,70.2,37.5,113.9,80.75,4369.3,4337.8,4445.0,4426.5,4312.9,4222.4,4343.7,4345.75,False
2015-07-13,77.0,41.2,124.7,119.25,4440.9,4406.4,4523.9,4491.75,4379.1,4279.8,4412.9,4372.5,True
2015-07-14,83.8,44.7,135.4,45.25,4523.6,4486.0,4613.9,4529.75,4456.2,4348.3,4493.0,4484.5,True
2015-07-15,73.9,39.4,119.5,30.25,4548.9,4515.7,4628.5,4539.5,4489.5,4394.3,4521.9,4509.25,True
2015-07-16,66.7,35.6,108.0,81.5,4564.8,4534.9,4636.7,4612.5,4511.2,4425.3,4540.5,4531.0,True
2015-07-17,71.8,38.3,116.2,46.75,4628.3,4596.0,4705.6,4654.0,4570.6,4478.0,4602.1,4607.25,False
2015-07-20,66.1,35.3,107.1,39.5,4678.1,4648.4,4749.2,4686.0,4625.0,4539.8,4654.0,4646.5,True
2015-07-21,55.8,29.8,90.4,71.5,4695.0,4669.9,4755.0,4683.0,4650.1,4578.2,4674.6,4611.5,True
2015-07-22,60.0,32.1,97.2,47.75,4692.0,4665.1,4756.6,4636.5,4643.8,4566.5,4670.1,4588.75,False
2015-07-23,60.5,32.3,98.0,50.5,4642.7,4615.5,4707.8,4634.75,4594.1,4516.2,4620.7,4584.25,True
2015-07-24,57.0,30.5,92.4,94.25,4644.2,4618.6,4705.5,4638.75,4598.4,4525.0,4623.5,4544.5,True
2015-07-27,64.9,34.6,105.2,64.75,4589.3,4560.2,4659.1,4568.25,4537.2,4453.6,4565.7,4503.5,True
2015-07-28,66.6,35.5,107.8,64.25,4550.8,4520.9,4622.4,4561.25,4497.2,4411.5,4526.5,4497.0,True
2015-07-29,66.8,35.6,108.1,35.5,4584.4,4554.4,4656.2,4579.5,4530.7,4444.7,4560.0,4544.0,True
2015-07-30,63.3,33.7,102.6,68.0,4591.9,4563.5,4659.9,4598.75,4541.0,4459.5,4568.8,4530.75,True
2015-07-31,67.7,36.1,109.6,32.5,4624.0,4593.6,4696.8,4608.75,4569.6,4482.5,4599.3,4576.25,True
2015-08-03,58.0,30.9,94.0,58.75,4609.6,4583.6,4672.0,4599.25,4563.0,4488.4,4588.5,4540.5,True
2015-08-04,58.8,31.4,95.4,37.75,4597.9,4571.6,4661.2,4581.25,4550.7,4475.1,4576.6,4543.5,True
2015-08-05,53.9,28.8,87.5,78.0,4574.6,4550.5,4632.6,4629.0,4531.3,4462.0,4555.0,4551.0,True
2015-08-06,61.7,32.9,99.9,106.0,4619.7,4592.0,4686.0,4608.75,4570.1,4490.7,4597.2,4502.75,True
2015-08-07,66.0,35.1,107.3,53.25,4552.7,4523.2,4623.7,4533.75,4499.7,4414.8,4528.7,4480.5,True
2015-08-10,65.4,34.9,106.5,67.25,4546.7,4517.4,4617.1,4580.0,4494.2,4410.1,4523.0,4512.75,True
2015-08-11,67.7,36.1,110.2,99.25,4594.7,4564.4,4667.5,4584.75,4540.3,4453.3,4570.1,4485.5,True
2015-08-12,74.8,39.9,121.8,104.25,4542.5,4508.9,4622.9,4535.5,4482.4,4386.2,4515.3,4431.25,True
2015-08-13,77.9,41.5,126.7,48.25,4566.5,4531.6,4650.3,4557.0,4503.9,4403.8,4538.2,4508.75,True
2015-08-14,69.2,36.8,112.6,35.0,4546.6,4515.6,4621.0,4534.0,4491.0,4402.1,4521.4,4499.0,True
2015-08-17,66.5,35.3,108.3,64.5,4559.9,4530.2,4631.4,4567.75,4506.5,4421.1,4535.8,4503.25,True
2015-08-18,68.4,36.3,111.4,39.75,4593.7,4563.1,4667.3,4573.5,4538.8,4450.9,4568.9,4533.75,True
2015-08-19,59.9,31.9,97.7,69.0,4569.4,4542.6,4633.8,4552.25,4521.3,4444.3,4547.6,4483.25,True
2015-08-20,57.3,30.5,93.5,153.0,4528.0,4502.4,4589.6,4513.0,4482.0,4408.4,4507.2,4360.0,False
2015-08-21,71.5,37.9,117.3,179.25,4396.5,4364.5,4473.4,4368.25,4339.1,4246.8,4370.6,4189.0,False
2015-08-24,87.0,46.1,142.3,288.0,4237.6,4198.7,4331.2,4196.25,4167.7,4054.6,4206.0,3908.25,False
2015-08-25,112.0,59.1,182.7,206.5,4050.7,4000.5,4171.1,4204.25,3960.7,3814.5,4010.0,3997.75,False
2015-08-26,129.4,68.1,211.5,270.75,4083.3,4025.3,4223.2,4229.5,3979.3,3810.4,4036.3,3958.75,False
2015-08-27,162.1,85.2,265.0,127.5,4283.2,4210.5,4459.0,4332.75,4152.9,3941.3,4224.3,4205.25,True
2015-08-28,159.7,83.9,261.0,59.0,4395.7,4324.1,4568.9,4340.75,4267.3,4058.9,4337.6,4281.75,True
2015-08-31,143.6,74.9,234.8,71.75,4393.8,4329.5,4549.6,4330.25,4278.5,4091.0,4341.7,4258.5,True
2015-09-01,124.6,65.0,203.7,149.75,4324.5,4268.7,4459.7,4268.0,4224.4,4061.8,4279.3,4118.25,False
2015-09-02,122.5,64.0,200.5,127.75,4210.1,4155.2,4343.0,4263.75,4111.7,3951.8,4165.6,4136.0,True
2015-09-03,110.0,57.4,179.9,84.5,4306.6,4257.2,4425.9,4304.25,4218.2,4074.7,4266.6,4219.75,True
2015-09-04,102.5,53.5,167.5,82.5,4272.9,4226.9,4384.1,4237.5,4190.6,4056.8,4235.7,4155.0,True
2015-09-08,104.4,54.5,170.7,125.5,4238.2,4191.4,4351.5,4305.5,4154.3,4018.1,4200.3,4180.0,True
2015-09-09,116.6,61.3,190.4,129.25,4347.9,4295.6,4474.4,4369.5,4254.2,4102.1,4305.5,4240.25,True
2015-09-10,114.6,60.1,186.8,100.75,4303.5,4252.1,4427.9,4327.25,4211.5,4061.9,4261.9,4226.5,True
2015-09-11,111.1,58.4,181.3,70.5,4342.1,4292.2,4462.6,4330.0,4252.8,4107.8,4301.7,4259.5,True
2015-09-14,107.4,56.5,175.5,64.75,4370.7,4322.6,4487.2,4357.0,4284.5,4144.3,4331.7,4292.25,True
2015-09-15,103.6,54.6,169.5,82.75,4353.9,4307.4,4466.3,4373.5,4270.7,4135.5,4316.2,4290.75,True
2015-09-16,101.5,53.7,166.0,47.5,4404.0,4358.5,4514.1,4393.0,4322.5,4190.0,4367.1,4345.5,True
2015-09-17,88.8,47.0,145.1,83.5,4429.1,4389.3,4525.4,4451.5,4357.8,4241.9,4396.8,4368.0,True
2015-09-18,89.0,47.1,145.5,79.75,4418.0,4378.0,4514.5,4392.75,4346.5,4230.4,4385.6,4313.0,True
2015-09-21,89.2,47.2,145.8,75.0,4363.0,4323.0,4459.8,4361.5,4291.4,4175.0,4330.6,4286.5,True
2015-09-22,90.7,48.0,148.3,124.5,4379.7,4339.0,4478.0,4345.0,4306.8,4188.5,4346.7,4220.5,True
2015-09-23,97.1,51.3,158.6,71.25,4308.4,4264.8,4413.7,4292.75,4230.4,4103.7,4273.1,4221.5,True
2015-09-24,95.6,50.6,156.2,93.5,4303.2,4260.4,4406.9,4278.75,4226.4,4101.8,4268.5,4185.25,True
2015-09-25,95.4,50.5,156.0,130.25,4286.4,4243.6,4389.9,4315.75,4209.8,4085.4,4251.7,4185.5,True
2015-09-28,101.3,53.6,165.6,159.5,4256.4,4211.0,4366.3,4239.0,4175.0,4042.9,4219.6,4079.5,True
2015-09-29,106.8,56.4,174.3,103.5,4140.0,4092.1,4255.8,4144.25,4054.2,3914.9,4101.2,4040.75,True
2015-09-30,101.9,53.9,165.9,103.0,4117.9,4072.2,4228.4,4169.0,4036.0,3903.2,4080.9,4066.0,True
2015-10-01,108.6,57.4,176.7,109.5,4209.0,4160.3,4326.8,4225.75,4121.7,3980.2,4169.5,4116.25,True
2015-10-02,112.1,59.3,182.4,152.25,4235.0,4184.7,4356.5,4263.75,4144.9,3998.8,4194.2,4111.5,True
2015-10-05,118.7,62.8,192.4,79.25,4311.5,4258.3,4440.3,4329.75,4216.1,4061.4,4268.4,4250.5,True
2015-10-06,106.3,56.3,172.5,58.5,4356.3,4308.6,4471.5,4322.0,4270.9,4132.3,4317.6,4263.5,True
2015-10-07,98.1,52.1,158.8,65.75,4331.8,4287.8,4438.2,4333.75,4253.0,4125.1,4296.1,4268.0,True
2015-10-08,94.6,50.3,153.4,83.25,4363.8,4321.4,4466.4,4348.25,4287.8,4164.5,4329.4,4265.0,True
2015-10-09,92.3,49.1,149.6,44.75,4383.8,4342.4,4483.9,4369.25,4309.7,4189.4,4350.3,4324.5,True
2015-10-12,75.2,39.8,121.9,35.25,4391.3,4357.6,4472.9,4381.5,4330.9,4233.0,4364.0,4346.25,True
2015-10-13,67.8,35.6,110.0,52.25,4403.7,4373.3,4477.2,4390.75,4349.2,4260.9,4379.1,4338.5,True
2015-10-14,67.7,35.6,109.8,47.75,4369.9,4339.6,4443.3,4365.25,4315.5,4227.4,4345.3,4317.5,True
2015-10-15,64.4,33.9,104.6,79.5,4353.8,4324.9,4423.6,4412.0,4302.0,4218.2,4330.4,4332.5,False
2015-10-16,67.3,35.6,109.1,43.0,4440.2,4410.1,4513.2,4439.0,4386.2,4298.6,4415.8,4396.0,True
2015-10-19,64.7,34.3,104.9,44.5,4462.1,4433.1,4532.3,4455.5,4410.2,4325.9,4438.7,4411.0,True
2015-10-20,65.7,34.8,106.5,42.0,4482.3,4452.9,4553.5,4456.0,4429.5,4344.0,4458.5,4414.0,True
2015-10-21,63.0,33.4,102.2,61.5,4451.4,4423.2,4519.7,4456.25,4400.8,4318.8,4428.6,4394.75,True
2015-10-22,65.6,34.8,106.5,163.5,4427.0,4397.6,4498.1,4565.5,4374.3,4289.0,4403.2,4402.0,False
2015-10-23,84.1,44.4,136.7,75.5,4588.4,4550.7,4679.6,4637.5,4520.8,4411.4,4557.8,4562.0,False
2015-10-26,84.9,44.8,137.8,37.25,4647.4,4609.4,4739.6,4630.0,4579.3,4468.8,4616.7,4592.75,True
2015-10-27,79.4,41.6,129.0,50.5,4649.9,4614.3,4736.0,4651.75,4586.1,4482.8,4621.1,4601.25,True
2015-10-28,80.4,42.2,130.7,77.75,4666.3,4630.3,4753.5,4678.25,4601.7,4497.2,4637.2,4600.5,True
2015-10-29,83.1,43.6,135.0,27.5,4708.9,4671.7,4799.1,4670.25,4642.2,4534.1,4678.8,4642.75,False
2015-10-30,60.6,31.5,98.5,54.25,4687.4,4660.2,4753.2,4690.25,4638.8,4559.9,4665.5,4636.0,True
2015-11-02,59.1,30.7,96.1,74.5,4668.3,4641.8,4732.4,4699.5,4620.8,4544.0,4646.9,4625.0,True
2015-11-03,65.0,33.7,105.7,50.5,4721.5,4692.4,4792.1,4727.5,4669.3,4584.8,4698.0,4677.0,True
2015-11-04,61.6,32.1,100.0,38.5,4738.1,4710.5,4804.9,4729.75,4688.6,4608.6,4715.8,4691.25,True
2015-11-05,55.1,28.7,89.5,53.75,4732.8,4708.1,4792.6,4727.5,4688.6,4617.0,4712.9,4673.75,True
2015-11-06,59.0,31.1,95.8,50.0,4720.2,4693.8,4784.3,4708.75,4672.9,4596.2,4698.8,4658.75,True
2015-11-09,58.0,30.5,94.1,90.75,4727.6,4701.5,4790.5,4712.75,4681.0,4605.6,4706.5,4622.0,True
2015-11-10,61.3,32.2,99.3,49.75,4678.7,4651.2,4745.2,4662.25,4629.5,4549.9,4656.5,4612.5,True
2015-11-11,59.0,31.0,95.6,49.5,4668.0,4641.5,4732.0,4674.75,4620.6,4544.0,4646.6,4625.25,True
2015-11-12,60.4,32.0,97.8,72.0,4657.3,4630.2,4722.9,4653.25,4608.8,4530.4,4635.4,4581.25,True
2015-11-13,63.6,33.7,102.9,104.75,4612.2,4583.7,4681.2,4590.5,4561.1,4478.5,4589.1,4485.75,True
2015-11-16,71.0,37.5,114.9,110.5,4532.0,4500.2,4609.1,4565.5,4475.0,4382.9,4506.3,4455.0,True
2015-11-17,75.4,39.8,121.9,45.75,4591.7,4557.9,4673.5,4597.75,4531.1,4433.3,4564.3,4552.0,True
2015-11-18,71.2,37.6,115.2,100.5,4599.6,4567.7,4676.9,4656.75,4542.5,4450.1,4573.8,4556.25,True
2015-11-19,82.6,43.6,133.5,30.25,4687.5,4650.4,4777.1,4677.0,4621.1,4514.0,4657.5,4646.75,True
2015-11-20,72.6,38.3,117.4,39.25,4690.7,4658.2,4769.5,4691.5,4632.4,4538.3,4664.4,4652.25,True
2015-11-23,66.7,35.3,108.0,53.0,4717.7,4687.8,4790.1,4706.75,4664.2,4577.7,4693.6,4653.75,True
2015-11-24,58.9,31.1,95.3,64.5,4700.7,4674.3,4764.6,4684.5,4653.4,4577.0,4679.3,4620.0,True
2015-11-25,61.3,32.4,99.2,25.0,4691.9,4664.5,4758.5,4684.5,4642.7,4563.2,4669.7,4659.5,True
2015-11-27,48.9,25.7,79.2,38.5,4697.9,4676.0,4751.0,4703.25,4658.7,4595.3,4680.2,4664.75,True
2015-11-30,51.1,26.8,82.7,47.0,4704.1,4681.2,4759.6,4700.5,4663.1,4596.9,4685.6,4653.5,True
2015-12-01,52.0,27.3,84.3,40.25,4690.8,4667.4,4747.2,4716.75,4649.0,4581.6,4671.9,4676.5,False
2015-12-02,50.7,26.6,82.1,61.0,4737.7,4715.0,4792.7,4739.5,4697.0,4631.3,4719.4,4678.5,True
2015-12-03,51.3,26.9,83.1,151.25,4716.2,4693.2,4771.9,4730.25,4675.0,4608.6,4697.6,4579.0,False
2015-12-04,70.2,36.6,113.7,120.25,4640.7,4609.2,4716.9,4723.25,4584.3,4492.8,4615.3,4603.0,False
2015-12-07,81.3,42.6,132.1,59.5,4747.7,4711.2,4836.0,4730.0,4682.4,4576.4,4718.2,4670.5,True
2015-12-08,78.8,41.4,127.8,67.75,4734.4,4699.0,4819.9,4709.0,4671.1,4568.3,4705.8,4641.25,True
2015-12-09,82.1,43.2,133.1,114.25,4722.0,4685.2,4811.2,4707.5,4656.1,4549.0,4692.3,4593.25,True
2015-12-10,90.1,47.3,145.9,56.25,4654.1,4613.7,4752.0,4674.5,4581.8,4464.3,4621.5,4618.25,True
2015-12-11,77.2,40.6,124.7,131.5,4676.7,4642.1,4760.5,4659.0,4614.7,4514.0,4648.7,4527.5,True
2015-12-14,82.3,43.2,133.3,102.25,4574.1,4537.2,4663.4,4579.5,4508.0,4400.7,4544.3,4477.25,True
2015-12-15,87.1,45.8,140.6,72.25,4603.4,4564.3,4697.9,4639.0,4533.4,4419.9,4571.8,4566.75,True
2015-12-16,86.5,45.6,139.8,94.5,4642.6,4603.8,4736.5,4674.5,4573.1,4460.4,4611.3,4580.0,True
2015-12-17,87.2,46.3,140.6,115.5,4699.9,4660.8,4794.6,4689.5,4629.9,4516.2,4668.4,4574.0,True
2015-12-18,92.5,49.0,148.9,44.5,4616.9,4575.4,4717.3,4597.0,4542.6,4422.1,4583.4,4552.5,True
2015-12-21,79.1,41.9,127.4,60.0,4609.5,4574.0,4695.3,4571.75,4546.0,4442.9,4580.9,4511.75,False
2015-12-22,75.3,40.0,121.2,53.25,4594.9,4561.1,4676.6,4594.5,4534.4,4436.3,4567.6,4541.25,True
2015-12-23,73.6,39.1,118.5,37.25,4622.1,4589.2,4702.0,4620.25,4563.0,4467.2,4595.5,4583.0,True
2015-12-24,66.0,34.9,106.2,29.25,4634.7,4605.1,4706.3,4630.0,4581.7,4495.7,4610.8,4600.75,True
2015-12-28,54.5,28.6,87.9,48.0,4634.0,4609.6,4693.2,4619.5,4590.3,4519.3,4614.3,4571.5,True
2015-12-29,56.4,29.7,91.1,87.25,4637.6,4612.3,4698.8,4697.75,4592.3,4518.9,4617.2,4610.5,True
2015-12-30,64.2,33.7,103.5,51.5,4717.7,4688.9,4787.4,4695.0,4666.1,4582.5,4694.4,4643.5,True
2015-12-31,61.1,32.1,98.7,75.5,4671.8,4644.5,4738.2,4655.0,4622.8,4543.3,4649.7,4579.5,True
2016-01-04,67.0,35.2,108.2,177.0,4616.1,4586.1,4688.8,4606.75,4562.3,4475.1,4591.9,4429.75,False
2016-01-05,89.4,46.8,144.7,65.75,4542.2,4502.3,4639.4,4523.0,4470.5,4353.8,4510.0,4457.25,True
2016-01-06,85.5,44.8,138.6,101.5,4519.8,4481.6,4612.7,4487.5,4451.3,4339.6,4489.0,4386.0,True
2016-01-07,88.2,46.2,142.8,175.5,4484.0,4444.5,4579.8,4458.5,4413.2,4298.0,4452.1,4283.0,False
2016-01-08,101.5,53.2,164.3,114.25,4332.1,4286.7,4442.4,4370.0,4250.7,4117.7,4295.5,4255.75,True
2016-01-11,103.5,54.4,166.9,95.75,4305.2,4258.9,4417.6,4304.5,4222.2,4086.6,4267.8,4208.75,True
2016-01-12,97.1,50.9,156.4,109.25,4314.0,4270.6,4419.5,4345.75,4236.1,4108.9,4278.9,4236.5,True
2016-01-13,103.5,54.8,166.6,197.75,4356.4,4310.2,4468.9,4365.0,4273.4,4137.9,4319.1,4167.25,True
2016-01-14,116.6,61.6,188.0,176.5,4225.0,4172.8,4351.6,4300.5,4131.4,3978.8,4182.9,4124.0,True
2016-01-15,120.9,63.8,194.5,193.0,4308.5,4254.5,4439.9,4268.75,4211.5,4053.3,4264.9,4075.75,True
2016-01-19,127.6,67.2,204.8,124.5,4194.6,4137.5,4333.2,4215.75,4092.1,3925.2,4148.5,4091.25,True
2016-01-20,128.3,67.7,205.3,188.0,4198.7,4141.3,4338.0,4171.5,4095.6,3927.8,4152.3,3983.5,True
2016-01-21,140.7,74.4,225.6,106.5,4192.4,4129.5,4345.2,4192.25,4079.4,3895.3,4141.6,4085.75,True
2016-01-22,128.3,67.9,205.5,134.0,4184.4,4127.0,4323.8,4253.0,4081.4,3913.5,4138.1,4119.0,True
2016-01-25,132.1,70.0,211.7,80.75,4303.2,4244.2,4446.8,4260.0,4197.2,4024.4,4255.6,4179.25,True
2016-01-26,115.8,61.4,185.8,110.75,4235.6,4183.8,4361.4,4243.75,4142.6,3991.2,4193.8,4133.0,True
2016-01-27,119.0,63.1,191.0,116.75,4277.0,4223.8,4406.3,4218.75,4181.4,4025.8,4234.0,4102.0,False
2016-01-28,110.2,58.5,176.9,92.25,4173.5,4124.2,4293.2,4199.0,4085.0,3940.9,4133.7,4106.75,True
2016-01-29,108.7,57.8,174.6,142.25,4199.6,4151.0,4317.7,4271.25,4112.3,3970.2,4160.4,4129.0,True
2016-02-01,117.3,62.3,188.2,80.75,4312.5,4260.0,4439.9,4309.25,4218.3,4064.9,4270.1,4228.5,True
2016-02-02,113.6,60.3,182.3,116.25,4339.4,4288.6,4462.8,4287.0,4248.2,4099.7,4298.4,4170.75,False
2016-02-03,114.9,61.0,184.3,124.5,4240.5,4188.8,4365.3,4215.0,4148.2,3998.0,4199.0,4090.5,True
2016-02-04,116.8,62.0,187.5,93.0,4220.8,4168.3,4347.7,4206.5,4127.0,3974.3,4178.6,4113.5,True
2016-02-05,113.2,60.3,181.7,172.5,4203.5,4152.6,4326.5,4173.5,4112.6,3964.6,4162.6,4001.0,True
2016-02-08,119.3,63.4,191.1,163.0,4072.3,4018.7,4201.9,4046.0,3976.5,3820.6,4029.3,3883.0,True
2016-02-09,128.2,68.2,204.9,106.5,4018.3,3960.8,4157.6,4004.0,3915.3,3747.8,3972.0,3897.5,True
2016-02-10,123.2,65.6,197.1,118.75,3996.2,3940.9,4130.1,4041.0,3897.2,3736.3,3951.7,3922.25,True
2016-02-11,125.3,66.7,200.4,123.0,4020.1,3963.9,4156.2,3985.5,3919.4,3755.7,3974.9,3862.5,True
2016-02-12,129.6,68.9,207.0,64.5,4015.9,3957.7,4156.7,4017.5,3911.8,3742.5,3969.1,3953.0,True
2016-02-16,114.8,60.9,183.5,83.25,4054.7,4003.2,4179.4,4104.75,3962.4,3812.5,4013.2,4021.5,False
2016-02-17,108.7,57.7,173.8,143.25,4138.6,4089.8,4256.7,4211.5,4051.3,3909.3,4099.4,4068.25,True
2016-02-18,118.9,63.0,189.9,83.5,4246.9,4193.6,4376.1,4227.5,4151.4,3996.1,4204.0,4144.0,True
2016-02-19,107.1,56.8,171.3,54.75,4200.2,4152.1,4316.5,4175.0,4114.2,3974.3,4161.6,4120.25,True
2016-02-22,95.1,50.3,152.1,87.5,4201.1,4158.5,4304.4,4234.0,4124.7,4000.5,4166.8,4146.5,True
2016-02-23,100.2,53.0,160.2,62.0,4257.0,4212.1,4365.9,4216.5,4176.6,4045.7,4220.9,4154.5,True
2016-02-24,93.0,49.3,148.9,133.75,4198.5,4156.8,4299.5,4218.5,4123.8,4002.3,4165.0,4084.75,True
2016-02-25,97.6,51.7,156.2,77.5,4249.7,4205.9,4355.7,4247.75,4171.3,4043.8,4214.5,4170.25,True
2016-02-26,94.1,49.8,150.7,68.25,4284.0,4241.8,4386.2,4293.25,4208.3,4085.5,4250.0,4225.0,True
2016-02-29,93.7,49.7,150.1,78.75,4269.5,4227.5,4371.3,4263.25,4194.3,4071.9,4235.7,4184.5,True
2016-03-01,92.3,49.0,147.8,158.5,4240.2,4198.8,4340.4,4338.75,4166.0,4045.5,4206.9,4180.25,True
2016-03-02,112.8,59.8,180.2,58.5,4385.3,4334.8,4507.8,4357.75,4294.7,4147.5,4344.7,4299.25,True
2016-03-03,95.1,50.3,152.2,51.0,4369.4,4326.8,4472.7,4344.5,4293.0,4168.8,4335.1,4293.5,True
2016-03-04,90.4,47.8,144.6,57.0,4358.4,4317.9,4456.6,4355.0,4285.8,4167.8,4325.8,4298.0,True
2016-03-07,88.7,47.0,142.1,61.25,4359.9,4320.2,4456.2,4330.0,4288.7,4172.9,4327.9,4268.75,True
2016-03-08,85.4,45.3,136.9,57.25,4336.0,4297.8,4428.8,4308.75,4267.5,4156.0,4305.2,4251.5,True
2016-03-09,70.7,37.6,113.6,42.25,4300.3,4268.7,4377.1,4299.0,4243.5,4151.3,4274.8,4256.75,True
2016-03-10,66.1,35.2,106.2,117.75,4322.4,4292.8,4394.1,4347.5,4269.3,4183.0,4298.6,4229.75,True
2016-03-11,78.7,41.8,126.6,78.75,4318.2,4283.0,4403.6,4361.25,4255.0,4152.3,4289.8,4282.5,True
2016-03-14,80.1,42.6,128.8,37.75,4386.5,4350.7,4473.5,4378.25,4322.2,4217.7,4357.7,4340.5,True
2016-03-15,72.4,38.2,116.6,34.0,4396.5,4364.1,4475.1,4372.0,4338.4,4243.9,4370.4,4338.0,True
2016-03-16,67.7,35.4,109.0,67.5,4393.0,4362.8,4466.5,4416.5,4338.7,4250.3,4368.6,4349.0,True
2016-03-17,74.2,39.1,119.5,53.0,4428.8,4395.6,4509.3,4422.0,4369.2,4272.4,4402.0,4369.0,True
2016-03-18,64.4,34.0,103.6,24.25,4429.4,4400.6,4499.3,4418.25,4377.7,4293.7,4406.2,4394.0,True
2016-03-21,52.6,27.6,84.8,44.5,4436.4,4412.9,4493.5,4421.25,4394.2,4325.6,4417.5,4376.75,True
2016-03-22,55.0,28.8,88.7,56.75,4439.4,4414.8,4499.1,4440.5,4395.3,4323.5,4419.6,4383.75,True
2016-03-23,59.0,31.0,95.2,58.0,4459.4,4433.0,4523.3,4441.25,4412.0,4335.0,4438.1,4383.25,True
2016-03-24,56.8,29.8,91.5,36.0,4419.5,4394.0,4481.0,4401.0,4373.8,4299.7,4399.0,4365.0,True
2016-03-28,52.5,27.6,84.7,44.25,4419.4,4395.9,4476.3,4425.75,4377.2,4308.8,4400.5,4381.5,True
2016-03-29,54.3,28.5,87.7,89.5,4412.4,4388.1,4471.2,4463.5,4368.8,4298.0,4392.8,4374.0,True
2016-03-30,63.7,33.7,102.9,53.75,4485.1,4456.6,4554.1,4510.25,4434.0,4350.9,4462.1,4456.5,True
2016-03-31,61.2,32.4,98.9,33.25,4507.8,4480.4,4574.1,4495.5,4458.7,4378.9,4485.7,4462.25,True
2016-04-01,55.4,29.4,89.6,88.0,4499.6,4474.8,4559.6,4529.5,4455.1,4382.9,4479.6,4441.5,True
2016-04-04,64.4,34.2,104.2,48.5,4555.7,4526.9,4625.4,4543.75,4504.0,4420.0,4532.4,4495.25,True
2016-04-05,61.6,32.7,99.7,45.0,4526.2,4498.7,4592.9,4501.5,4476.8,4396.4,4504.0,4456.5,True
2016-04-06,55.8,29.6,90.3,70.5,4493.0,4468.1,4553.4,4537.75,4448.2,4375.5,4472.9,4467.25,True
2016-04-07,60.3,32.1,96.1,88.75,4560.4,4533.5,4625.7,4539.5,4512.0,4433.4,4538.7,4450.75,True
2016-04-08,66.7,35.4,106.2,58.25,4498.4,4468.6,4570.6,4509.75,4444.8,4357.9,4474.3,4451.5,True
2016-04-11,61.8,32.8,98.4,63.75,4493.3,4465.7,4560.2,4509.75,4443.7,4363.1,4471.0,4446.0,True
2016-04-12,64.0,34.0,101.9,71.0,4478.5,4449.9,4547.7,4497.5,4427.1,4343.7,4455.4,4426.5,True
2016-04-13,66.9,35.5,106.5,67.0,4518.2,4488.3,4590.6,4553.75,4464.5,4377.3,4494.1,4486.75,True
2016-04-14,66.8,35.4,106.3,32.75,4575.9,4546.1,4648.2,4563.25,4522.3,4435.2,4551.8,4530.5,True
2016-04-15,57.9,30.5,92.2,31.5,4570.7,4544.8,4633.3,4554.5,4524.2,4448.7,4549.8,4523.0,True
2016-04-18,54.7,28.7,87.0,60.25,4561.6,4537.1,4620.7,4561.25,4517.7,4446.4,4541.8,4501.0,True
2016-04-19,56.5,29.7,89.9,77.75,4570.3,4545.1,4631.4,4584.5,4525.0,4451.3,4549.9,4506.75,True
2016-04-20,58.2,30.6,92.6,47.0,4551.3,4525.3,4614.2,4556.0,4504.6,4428.7,4530.3,4509.0,True
2016-04-21,54.3,28.6,86.6,63.75,4558.6,4534.4,4617.3,4551.75,4515.0,4444.3,4539.1,4488.0,True
2016-04-22,58.8,31.0,93.7,70.75,4522.5,4496.3,4586.1,4501.75,4475.3,4398.7,4501.3,4431.0,True
2016-04-25,63.4,33.4,101.0,43.75,4492.5,4464.1,4561.0,4479.75,4441.6,4359.0,4469.6,4436.0,True
2016-04-26,59.7,31.4,95.1,82.75,4497.4,4470.7,4561.9,4489.75,4449.5,4371.7,4475.9,4407.0,True
2016-04-27,63.6,33.4,101.0,61.5,4479.3,4450.9,4548.0,4433.75,4428.2,4345.4,4456.4,4372.25,False
2016-04-28,63.9,33.5,101.5,96.0,4450.7,4422.0,4519.7,4442.25,4399.3,4316.1,4427.6,4346.25,True
2016-04-29,69.0,36.2,109.4,94.5,4411.1,4380.2,4485.6,4391.25,4355.6,4265.8,4386.2,4296.75,True
2016-05-02,71.6,37.5,113.6,60.5,4361.7,4329.6,4439.0,4378.5,4304.1,4210.9,4335.8,4318.0,True
2016-05-03,72.5,38.0,115.0,55.0,4399.6,4367.1,4477.9,4374.5,4341.3,4246.9,4373.4,4319.5,True
2016-05-04,68.3,35.8,108.4,49.75,4363.3,4332.7,4437.0,4342.0,4308.3,4219.5,4338.6,4292.25,True
2016-05-05,66.5,34.9,105.7,50.0,4337.8,4308.0,4409.6,4342.5,4284.3,4197.8,4313.8,4292.5,True
2016-05-06,62.0,32.5,98.5,62.75,4326.4,4298.6,4393.3,4333.75,4276.5,4195.9,4304.0,4271.0,True
2016-05-09,59.9,31.7,95.1,38.5,4353.5,4326.7,4418.1,4356.5,4305.3,4227.4,4331.9,4318.0,True
2016-05-10,54.9,29.1,87.2,75.0,4358.9,4334.3,4418.1,4398.75,4314.7,4243.3,4339.1,4323.75,True
2016-05-11,60.8,32.2,96.6,52.25,4417.6,4390.4,4483.2,4403.0,4368.7,4289.7,4395.7,4350.75,True
2016-05-12,58.9,31.1,93.5,76.0,4376.3,4350.0,4439.9,4381.75,4328.9,4252.4,4355.1,4305.75,True
2016-05-13,63.1,33.4,100.2,56.75,4361.4,4333.1,4429.4,4360.5,4310.6,4228.5,4338.6,4303.75,True
2016-05-16,61.0,32.2,96.7,86.5,4349.7,4322.4,4415.5,4392.0,4300.6,4221.3,4327.7,4305.5,True
2016-05-17,69.8,36.9,110.6,85.75,4404.7,4373.4,4479.9,4393.75,4348.5,4257.8,4379.5,4308.0,True
2016-05-18,70.9,37.4,112.3,58.0,4349.4,4317.7,4425.8,4359.0,4292.4,4200.2,4323.8,4301.0,True
2016-05-19,70.1,37.0,111.0,60.0,4361.8,4330.4,4437.4,4340.75,4305.4,4214.3,4336.5,4280.75,True
2016-05-20,68.1,35.9,107.8,64.5,4346.0,4315.5,4419.4,4379.0,4291.2,4202.7,4321.4,4314.5,True
2016-05-23,70.4,37.5,111.4,33.25,4391.9,4360.4,4467.8,4381.5,4335.3,4243.8,4366.5,4348.25,True
2016-05-24,61.2,32.3,96.8,107.0,4378.3,4350.9,4444.3,4448.75,4329.1,4249.6,4356.2,4341.75,False
2016-05-25,70.8,37.2,113.6,46.5,4475.1,4443.4,4551.9,4489.5,4418.2,4326.2,4449.5,4443.0,True
2016-05-26,66.0,34.7,106.0,32.0,4502.6,4473.1,4574.2,4495.5,4449.5,4363.8,4478.7,4463.5,True
2016-05-27,60.6,31.6,97.3,23.25,4517.8,4490.7,4583.5,4513.5,4469.1,4390.4,4495.9,4490.25,True
2016-05-31,53.9,28.0,86.7,30.75,4532.7,4508.6,4591.2,4528.25,4489.4,4419.4,4513.3,4497.5,True
2016-06-01,53.6,27.8,86.3,34.75,4546.8,4522.9,4605.0,4537.5,4503.8,4434.2,4527.5,4502.75,True
2016-06-02,43.5,22.6,70.0,46.75,4539.8,4520.4,4587.0,4533.0,4504.9,4448.4,4524.1,4486.25,True
2016-06-03,44.3,23.0,71.2,60.0,4550.9,4531.1,4599.0,4538.75,4515.3,4457.8,4534.9,4478.75,True
2016-06-06,48.7,25.2,78.2,32.5,4529.5,4507.8,4582.3,4536.5,4490.4,4427.2,4511.9,4504.0,True
2016-06-07,47.8,24.8,76.7,34.25,4545.6,4524.3,4597.5,4545.5,4507.2,4445.2,4528.4,4511.25,True
2016-06-08,47.9,24.9,75.9,26.25,4534.4,4513.0,4586.4,4530.25,4496.0,4433.8,4517.1,4504.0,True
2016-06-09,45.5,23.6,72.1,29.0,4538.2,4517.8,4587.5,4522.5,4501.6,4442.6,4521.7,4493.5,True
2016-06-10,43.4,22.5,68.7,68.0,4530.3,4510.9,4577.3,4514.25,4495.4,4439.1,4514.6,4446.25,True
2016-06-13,46.5,24.1,73.6,42.5,4485.3,4464.6,4535.7,4461.75,4448.0,4387.7,4468.6,4419.25,False
2016-06-14,45.8,23.8,72.5,48.75,4445.5,4424.9,4495.2,4440.5,4408.8,4349.4,4429.0,4391.75,True
2016-06-15,47.7,24.7,75.5,39.75,4445.3,4423.9,4497.0,4444.0,4407.0,4345.2,4428.1,4404.25,True
2016-06-16,48.3,25.2,76.4,68.0,4433.1,4411.4,4485.4,4429.0,4394.3,4331.7,4415.7,4361.0,True
2016-06-17,54.5,28.4,86.0,29.5,4447.7,4423.2,4506.7,4439.5,4403.9,4333.3,4428.0,4410.0,True
2016-06-20,46.4,24.3,73.3,53.75,4436.8,4415.9,4487.0,4436.75,4399.5,4339.4,4420.0,4383.0,True
2016-06-21,49.2,25.7,77.7,27.5,4410.7,4388.6,4464.0,4415.75,4371.2,4307.4,4393.0,4388.25,True
2016-06-22,44.4,23.2,70.1,43.0,4418.9,4399.0,4467.0,4434.0,4383.2,4325.8,4402.9,4391.0,True
2016-06-23,45.7,23.9,72.1,71.25,4413.7,4393.2,4463.2,4479.25,4377.0,4317.8,4397.3,4408.0,False
2016-06-24,49.1,25.6,77.5,259.5,4483.2,4461.1,4536.6,4494.0,4443.7,4380.1,4465.5,4234.5,False
2016-06-27,78.6,40.7,123.3,100.0,4295.3,4260.1,4380.8,4267.75,4232.2,4129.8,4267.0,4167.75,True
2016-06-28,78.1,40.7,122.3,108.5,4210.9,4175.8,4295.8,4284.5,4148.1,4046.4,4182.8,4176.0,True
2016-06-29,89.9,46.9,140.8,111.75,4318.8,4278.5,4416.6,4380.0,4246.6,4129.6,4286.5,4268.25,True
2016-06-30,100.1,52.2,156.6,72.0,4404.9,4360.0,4513.7,4410.5,4324.5,4194.1,4368.8,4338.5,True
2016-07-01,98.8,51.6,154.6,60.0,4448.6,4404.3,4556.0,4446.25,4369.3,4240.6,4413.0,4386.25,True
2016-07-05,81.7,42.7,128.0,74.0,4467.6,4431.0,4556.5,4451.5,4402.1,4295.6,4438.2,4377.5,True
2016-07-06,79.9,41.8,124.9,74.75,4437.6,4401.8,4524.5,4440.5,4373.5,4269.4,4408.9,4365.75,True
2016-07-07,77.0,40.3,120.3,33.75,4471.9,4437.4,4555.6,4461.25,4410.1,4309.8,4444.2,4427.5,True
2016-07-08,64.6,33.5,101.0,83.5,4479.4,4450.5,4549.7,4523.25,4427.6,4343.5,4456.2,4439.75,True
2016-07-11,71.8,37.2,112.2,47.75,4547.5,4515.3,4625.5,4563.5,4489.8,4396.3,4521.6,4515.75,True
2016-07-12,68.3,35.4,106.8,35.25,4578.3,4547.7,4652.5,4582.0,4523.4,4434.5,4553.6,4546.75,True
2016-07-13,62.4,32.3,97.2,26.0,4596.0,4568.1,4663.9,4584.5,4546.0,4464.7,4573.5,4558.5,True
2016-07-14,54.0,28.0,84.2,54.75,4584.0,4559.8,4642.7,4608.25,4540.7,4470.3,4564.5,4553.5,True
2016-07-15,60.1,31.2,93.5,53.25,4615.3,4588.4,4680.6,4603.5,4567.1,4488.8,4593.6,4550.25,True
2016-07-18,55.6,28.8,86.5,44.75,4602.7,4577.8,4663.1,4621.75,4558.1,4485.6,4582.6,4577.0,True
2016-07-19,54.8,28.4,85.3,23.0,4631.3,4606.8,4690.9,4611.25,4587.4,4516.0,4611.6,4588.25,True
2016-07-20,50.0,25.9,77.8,61.25,4627.6,4605.2,4681.9,4659.0,4587.5,4522.3,4609.5,4597.75,True
2016-07-21,59.3,30.7,92.2,35.5,4675.5,4648.9,4739.9,4662.25,4627.9,4550.7,4654.1,4626.75,True
2016-07-22,54.0,28.0,84.0,36.0,4661.0,4636.8,4719.7,4664.5,4617.7,4547.4,4641.5,4628.5,True
2016-07-25,51.9,26.9,80.8,26.0,4679.1,4655.9,4735.5,4669.5,4637.5,4569.9,4660.4,4643.5,True
2016-07-26,47.7,24.6,74.4,47.25,4673.8,4652.5,4725.7,4688.25,4635.6,4573.5,4656.6,4641.0,True
2016-07-27,52.8,27.3,82.3,37.25,4686.0,4662.4,4743.4,4714.0,4643.7,4574.9,4666.9,4676.75,False
2016-07-28,46.2,23.9,72.1,42.5,4727.2,4706.6,4777.4,4732.0,4690.2,4630.0,4710.6,4689.5,True
2016-07-29,46.7,24.2,72.9,27.5,4739.4,4718.5,4790.2,4736.5,4702.0,4641.2,4722.6,4709.0,True
2016-08-01,43.0,22.3,67.2,39.25,4744.9,4725.6,4791.6,4760.25,4710.4,4654.4,4729.4,4721.0,True
2016-08-02,44.7,23.2,69.8,77.75,4763.3,4743.3,4811.9,4759.5,4727.5,4669.3,4747.2,4681.75,True
2016-08-03,50.3,26.0,78.6,31.25,4735.4,4713.0,4790.1,4729.25,4695.1,4629.6,4717.3,4698.0,True
2016-08-04,46.1,23.9,72.2,32.0,4747.7,4727.1,4797.7,4747.0,4710.7,4650.7,4731.1,4715.0,True
2016-08-05,44.3,23.0,69.5,55.25,4762.4,4742.6,4810.5,4797.75,4726.9,4669.3,4746.5,4742.5,True
2016-08-08,49.2,25.5,77.0,34.5,4803.7,4781.7,4857.1,4800.75,4764.3,4700.3,4786.0,4766.25,True
2016-08-09,47.0,24.3,73.6,30.25,4799.0,4778.0,4850.1,4807.75,4761.4,4700.2,4782.1,4777.5,True
2016-08-10,40.3,20.9,63.1,33.0,4808.7,4790.7,4852.5,4800.25,4776.4,4724.0,4794.2,4767.25,True
2016-08-11,40.3,20.9,63.2,35.25,4798.5,4780.5,4842.2,4811.0,4766.2,4713.8,4784.0,4775.75,True
2016-08-12,41.0,21.2,64.2,19.75,4817.3,4798.9,4861.7,4806.75,4784.4,4731.1,4802.5,4787.0,True
2016-08-15,35.1,18.1,54.9,30.25,4819.0,4803.4,4857.1,4835.25,4790.9,4745.3,4806.4,4805.0,True
2016-08-16,35.3,18.3,55.3,28.0,4837.6,4821.8,4875.9,4824.5,4809.4,4763.4,4824.9,4796.5,True
2016-08-17,34.3,17.8,53.6,37.75,4812.9,4797.6,4850.1,4809.75,4785.5,4740.9,4800.6,4772.0,True
2016-08-18,35.5,18.5,55.5,21.25,4818.9,4803.1,4857.4,4814.0,4790.5,4744.4,4806.2,4792.75,True
2016-08-19,32.4,16.8,50.6,31.75,4822.1,4807.7,4857.3,4816.75,4796.2,4754.1,4810.5,4785.0,True
2016-08-22,34.3,17.9,53.6,28.5,4821.4,4806.1,4858.6,4818.0,4794.0,4749.4,4809.1,4789.5,True
2016-08-23,33.8,17.6,52.8,29.0,4826.0,4810.9,4862.6,4836.75,4798.9,4755.0,4813.8,4807.75,True
2016-08-24,33.9,17.7,52.9,52.75,4831.3,4816.1,4868.0,4823.5,4804.1,4760.1,4819.1,4770.75,True
2016-08-25,37.4,19.5,58.3,25.75,4802.0,4785.3,4842.5,4794.0,4772.0,4723.5,4788.5,4768.25,True
2016-08-26,35.8,18.6,55.8,60.25,4797.3,4781.3,4836.1,4817.5,4768.7,4722.2,4784.4,4757.25,True
2016-08-29,41.7,21.7,65.0,31.75,4803.3,4784.7,4848.5,4805.75,4769.9,4715.8,4788.3,4774.0,True
2016-08-30,40.1,20.9,62.6,38.75,4810.1,4792.2,4853.6,4798.5,4778.0,4726.0,4795.7,4759.75,True
2016-08-31,41.7,21.8,65.2,27.75,4793.5,4774.9,4838.7,4779.25,4760.2,4706.0,4778.5,4751.5,True
2016-09-01,37.9,19.8,59.3,45.75,4789.7,4772.8,4830.7,4795.25,4759.3,4710.2,4776.1,4749.5,True
2016-09-02,40.9,21.4,63.9,43.5,4794.7,4776.5,4839.0,4817.75,4762.0,4708.9,4780.0,4774.25,True
2016-09-06,39.3,20.5,61.4,49.25,4811.8,4794.3,4854.3,4831.5,4780.3,4729.3,4797.6,4782.25,True
2016-09-07,42.2,22.0,65.9,27.0,4845.3,4826.4,4890.9,4839.5,4811.5,4756.7,4830.1,4812.5,True
2016-09-08,38.7,20.2,60.4,47.5,4845.0,4827.8,4886.9,4837.0,4814.1,4763.9,4831.1,4789.5,True
2016-09-09,42.2,22.1,66.0,133.0,4813.8,4794.9,4859.4,4798.0,4780.0,4725.2,4798.6,4665.0,False
2016-09-12,55.6,29.0,87.3,143.0,4694.4,4669.6,4754.6,4772.0,4649.9,4577.3,4674.4,4629.0,False
2016-09-13,70.4,36.6,110.3,65.5,4796.4,4765.0,4872.9,4764.75,4740.0,4648.2,4771.0,4699.25,False
2016-09-14,68.2,35.5,106.9,47.0,4756.4,4725.9,4830.6,4771.0,4701.8,4612.9,4731.9,4724.0,True
2016-09-15,69.1,35.9,108.3,106.25,4761.6,4730.7,4836.7,4826.75,4706.2,4616.1,4736.7,4720.5,True
2016-09-16,81.9,42.6,128.4,29.75,4852.2,4815.6,4941.3,4828.75,4786.6,4679.8,4822.7,4799.0,True
2016-09-19,66.0,34.2,103.5,59.25,4844.8,4815.3,4916.5,4841.75,4791.9,4705.9,4821.0,4782.5,True
2016-09-20,60.5,31.4,95.0,30.5,4819.7,4792.7,4885.5,4820.5,4771.3,4692.4,4797.9,4790.0,True
2016-09-21,54.2,28.1,85.0,66.0,4821.3,4797.1,4880.2,4854.5,4777.9,4707.2,4801.8,4788.5,True
2016-09-22,60.4,31.4,94.8,49.5,4875.4,4848.4,4941.1,4892.25,4827.1,4748.3,4853.7,4842.75,True
2016-09-23,53.1,27.6,83.4,41.5,4908.6,4884.9,4966.3,4889.75,4866.1,4796.8,4889.5,4848.25,True
2016-09-26,53.7,27.9,84.2,52.0,4879.1,4855.1,4937.5,4859.5,4836.1,4766.1,4859.8,4807.5,True
2016-09-27,53.1,27.6,83.4,63.75,4837.3,4813.6,4895.1,4864.5,4794.8,4725.6,4818.2,4800.75,True
2016-09-28,58.9,30.6,92.5,28.5,4885.5,4859.2,4949.6,4873.25,4838.4,4761.6,4864.3,4844.75,True
2016-09-29,50.9,26.3,80.1,64.0,4889.7,4866.9,4945.0,4876.5,4848.9,4782.6,4871.3,4812.5,True
2016-09-30,55.8,28.8,87.7,73.75,4867.7,4842.8,4928.4,4885.5,4823.1,4750.3,4847.6,4811.75,True
2016-10-03,61.2,31.6,96.0,36.75,4896.0,4868.7,4962.5,4879.5,4847.0,4767.2,4874.0,4842.75,True
2016-10-04,56.5,29.2,88.5,51.75,4889.5,4864.3,4951.0,4888.0,4844.3,4770.7,4869.2,4836.25,True
2016-10-05,56.3,29.1,88.2,39.25,4881.2,4856.0,4942.4,4888.5,4836.1,4762.7,4860.9,4849.25,True
2016-10-06,56.5,29.3,88.5,35.5,4897.3,4872.0,4958.7,4881.0,4852.0,4778.4,4876.9,4845.5,True
2016-10-07,52.5,27.2,82.3,49.0,4894.1,4870.6,4951.2,4883.75,4852.0,4783.7,4875.2,4834.75,True
2016-10-11,50.6,26.3,79.4,99.25,4880.3,4857.7,4935.3,4897.25,4839.8,4773.9,4862.1,4798.0,True
2016-10-12,61.6,32.0,96.5,41.75,4852.9,4825.4,4919.9,4842.0,4803.6,4723.4,4830.7,4800.25,True
2016-10-13,55.4,28.8,86.9,58.5,4836.8,4812.1,4897.0,4813.0,4792.4,4720.3,4816.8,4754.5,True
2016-10-14,57.2,29.7,89.8,54.75,4820.1,4794.5,4882.2,4841.0,4774.2,4699.8,4799.5,4786.25,True
2016-10-17,59.0,30.7,92.7,29.5,4829.1,4802.7,4893.2,4810.5,4781.8,4705.0,4807.8,4781.0,True
2016-10-18,54.3,28.1,85.3,57.0,4826.1,4801.9,4885.1,4856.75,4782.6,4711.9,4806.5,4799.75,True
2016-10-19,51.6,26.9,81.1,29.25,4848.7,4825.7,4904.7,4840.25,4807.3,4740.2,4830.1,4811.0,True
2016-10-20,47.9,24.9,75.4,48.5,4850.4,4829.0,4902.4,4847.25,4812.0,4749.7,4833.1,4798.75,True
2016-10-21,48.4,25.2,76.0,34.25,4864.1,4842.5,4916.7,4849.0,4825.3,4762.4,4846.7,4814.75,True
2016-10-24,44.8,23.5,70.4,66.0,4862.1,4842.1,4910.7,4908.75,4826.2,4768.0,4846.0,4842.75,True
2016-10-25,52.0,27.2,81.5,46.0,4924.6,4901.4,4981.1,4919.5,4882.9,4815.4,4905.9,4873.5,True
2016-10-26,49.1,25.6,76.9,42.25,4906.6,4884.7,4959.9,4881.75,4867.3,4803.5,4889.0,4839.5,False
2016-10-27,49.9,26.1,78.3,76.0,4874.7,4852.4,4928.9,4880.25,4834.7,4769.9,4856.8,4804.25,True
2016-10-28,55.0,28.7,86.2,56.75,4830.1,4805.5,4889.8,4843.25,4786.0,4714.6,4810.3,4786.5,True
2016-10-31,56.4,29.5,88.3,41.75,4829.7,4804.4,4890.9,4830.0,4784.5,4711.3,4809.4,4788.25,True
2016-11-01,52.9,27.6,82.7,98.25,4819.0,4795.3,4876.4,4817.0,4776.6,4707.9,4799.9,4718.75,True
2016-11-02,62.2,32.4,97.3,60.25,4783.4,4755.5,4850.9,4768.5,4733.5,4652.8,4761.0,4708.25,True
2016-11-03,61.5,32.0,96.1,61.25,4742.6,4715.1,4809.3,4729.5,4693.3,4613.5,4720.5,4668.25,True
2016-11-04,60.2,31.4,94.1,44.25,4699.8,4672.9,4765.1,4695.5,4651.5,4573.4,4678.1,4651.25,True
2016-11-07,57.6,30.0,89.9,72.0,4681.9,4656.2,4744.4,4781.75,4635.8,4561.1,4661.2,4709.75,False
2016-11-08,65.1,34.0,101.6,69.75,4803.1,4774.0,4873.9,4822.5,4750.9,4666.5,4779.7,4752.75,True
2016-11-09,63.0,32.9,98.1,279.0,4828.7,4800.5,4897.3,4837.5,4778.2,4696.5,4806.1,4558.5,False
2016-11-10,98.6,51.1,153.4,200.5,4862.0,4817.8,4969.2,4879.75,4782.9,4654.4,4826.5,4679.25,True
2016-11-14,110.5,57.1,172.1,111.75,4790.2,4740.8,4910.4,4784.5,4701.6,4557.6,4750.5,4672.75,True
2016-11-15,112.5,58.1,175.2,91.25,4741.8,4691.5,4864.2,4779.25,4651.6,4505.0,4701.4,4688.0,True
2016-11-16,115.0,59.4,179.2,58.5,4814.4,4762.9,4939.5,4794.75,4722.1,4572.3,4773.0,4736.25,True
2016-11-17,110.7,57.0,172.5,53.5,4829.8,4780.3,4950.2,4831.5,4741.0,4596.8,4790.0,4778.0,True
2016-11-18,91.7,47.2,143.0,37.5,4867.1,4826.0,4966.8,4840.5,4793.5,4674.0,4834.1,4803.0,True
2016-11-21,72.4,37.1,113.0,58.75,4838.9,4806.6,4917.7,4862.0,4780.9,4686.5,4812.9,4803.25,True
2016-11-22,69.6,35.7,108.6,27.75,4883.3,4852.1,4959.0,4884.75,4827.5,4736.8,4858.2,4857.0,True
2016-11-23,57.7,29.6,90.2,52.25,4899.0,4873.2,4961.8,4882.5,4852.8,4777.6,4878.3,4830.25,True
2016-11-25,59.3,30.4,92.6,30.5,4874.4,4847.9,4938.9,4870.0,4826.9,4749.6,4853.1,4839.5,True
2016-11-28,53.6,27.5,83.8,37.0,4891.0,4867.1,4949.3,4879.75,4848.1,4778.2,4871.8,4842.75,True
2016-11-29,53.9,27.6,84.4,50.25,4883.7,4859.6,4942.3,4897.75,4840.5,4770.2,4864.3,4847.5,True
2016-11-30,54.1,27.7,84.6,73.0,4897.8,4873.6,4956.6,4885.5,4854.4,4783.9,4878.3,4812.5,True
2016-12-01,61.3,31.4,95.8,104.75,4841.8,4814.4,4908.5,4827.5,4792.6,4712.8,4819.7,4722.75,True
2016-12-02,69.7,35.7,109.2,51.75,4765.8,4734.7,4841.6,4759.0,4709.9,4619.1,4740.7,4707.25,True
2016-12-05,69.2,35.4,108.3,94.25,4767.6,4736.7,4842.9,4795.75,4712.1,4622.0,4742.7,4701.5,True
2016-12-06,79.8,40.8,124.4,28.75,4814.0,4778.4,4900.8,4796.5,4750.1,4646.1,4785.3,4767.75,True
2016-12-07,70.4,35.9,109.8,91.25,4816.3,4784.9,4892.9,4854.75,4759.9,4668.2,4791.0,4763.5,True
2016-12-08,80.0,40.8,124.3,33.5,4875.4,4839.7,4962.4,4869.5,4811.3,4707.1,4846.6,4836.0,True
2016-12-09,66.5,33.8,103.5,45.0,4890.9,4861.3,4963.3,4897.5,4837.7,4751.0,4867.0,4852.5,True
2016-12-12,66.8,34.0,104.1,64.5,4921.8,4892.0,4994.5,4917.0,4868.3,4781.3,4897.8,4852.5,True
2016-12-13,63.9,32.5,99.7,100.5,4894.6,4866.1,4964.1,4962.0,4843.4,4760.2,4871.6,4861.5,True
2016-12-14,73.1,37.2,114.0,46.25,4968.5,4935.8,5048.0,4956.5,4909.9,4814.7,4942.2,4910.25,True
2016-12-15,61.2,31.2,95.6,43.25,4957.5,4930.2,5024.0,4960.75,4908.5,4828.7,4935.5,4917.5,True
2016-12-16,60.7,31.0,94.7,18.0,4960.0,4932.9,5026.0,4948.25,4911.4,4832.3,4938.2,4930.25,True
2016-12-19,53.0,27.0,82.9,53.75,4965.8,4942.1,5023.4,4966.25,4923.4,4854.3,4946.7,4912.5,True
2016-12-20,56.0,28.6,87.4,24.75,4962.3,4937.3,5023.2,4963.25,4917.5,4844.5,4942.1,4938.5,True
2016-12-21,43.8,22.3,68.4,20.75,4974.4,4954.9,5022.0,4960.0,4939.4,4882.3,4958.6,4939.25,True
2016-12-22,39.7,20.2,61.9,36.0,4966.2,4948.5,5009.4,4953.0,4934.4,4882.7,4951.9,4917.0,True
2016-12-23,39.9,20.3,62.2,21.0,4953.3,4935.5,4996.6,4943.75,4921.3,4869.4,4938.9,4922.75,True
2016-12-27,38.7,19.6,60.4,54.5,4958.5,4941.3,5000.6,4994.5,4927.5,4877.1,4944.6,4940.0,True
2016-12-28,41.8,21.2,65.1,59.0,4978.8,4960.2,5024.2,4979.25,4945.4,4890.9,4963.8,4920.25,True
2016-12-29,46.7,23.7,72.7,32.25,4943.4,4922.5,4994.1,4933.5,4906.0,4845.2,4926.6,4901.25,True
2016-12-30,45.9,23.4,71.7,90.0,4937.8,4917.3,4987.7,4940.0,4901.0,4841.3,4921.3,4850.0,True
2017-01-03,56.2,28.6,87.8,50.75,4887.6,4862.6,4948.7,4927.5,4842.6,4769.5,4867.4,4876.75,False
2017-01-04,57.4,29.2,89.7,39.5,4930.4,4904.8,4992.7,4942.5,4884.4,4809.8,4909.8,4903.0,True
2017-01-05,53.9,27.5,84.3,43.75,4956.2,4932.1,5014.7,4964.25,4913.0,4842.9,4936.8,4920.5,True
2017-01-06,52.8,26.9,82.6,65.0,4984.2,4960.6,5041.5,5017.5,4941.9,4873.3,4965.2,4952.5,True
2017-01-09,57.7,29.4,90.3,27.0,5028.3,5002.5,5090.9,5029.5,4982.1,4907.0,5007.5,5002.5,True
2017-01-10,47.6,24.2,74.4,39.75,5042.0,5020.8,5093.7,5047.0,5003.9,4942.0,5024.9,5007.25,True
2017-01-11,46.6,23.7,73.0,40.75,5050.9,5030.1,5101.4,5048.25,5013.6,4953.0,5034.1,5007.5,True
2017-01-12,46.9,23.9,73.5,54.5,5066.2,5045.3,5117.1,5044.75,5028.7,4967.7,5049.4,4990.25,False
2017-01-13,49.0,25.0,76.7,28.0,5055.4,5033.4,5108.5,5063.25,5016.1,4952.4,5037.7,5035.25,True
2017-01-17,42.0,21.5,65.9,34.0,5078.9,5060.1,5124.5,5059.0,5045.3,4990.7,5063.8,5025.0,False
2017-01-18,42.1,21.5,66.1,23.25,5058.0,5039.0,5103.6,5057.25,5024.3,4969.6,5042.8,5034.0,True
2017-01-19,38.8,19.9,61.0,38.25,5070.8,5053.4,5112.9,5074.75,5039.8,4989.4,5056.9,5036.5,True
2017-01-20,39.8,20.4,62.5,38.25,5070.2,5052.3,5113.4,5083.0,5038.4,4986.7,5055.9,5044.75,True
2017-01-23,38.2,19.5,59.9,39.5,5074.3,5057.1,5115.7,5069.75,5043.7,4994.1,5060.6,5030.25,True
2017-01-24,39.5,20.2,61.9,44.0,5080.1,5062.3,5122.9,5104.0,5048.5,4997.2,5065.9,5060.0,True
2017-01-25,41.5,21.3,65.2,50.25,5113.7,5095.0,5158.7,5150.0,5080.5,5026.6,5098.8,5099.75,False
2017-01-26,45.9,23.6,72.1,26.75,5165.8,5145.2,5215.5,5168.5,5129.1,5069.5,5149.3,5141.75,True
2017-01-27,42.3,21.7,66.5,28.25,5165.5,5146.5,5211.4,5167.5,5131.7,5076.8,5150.3,5139.25,True
2017-01-30,41.4,21.3,65.2,60.0,5179.9,5161.3,5224.8,5154.5,5146.8,5093.0,5165.0,5094.5,False
2017-01-31,45.8,23.5,72.0,51.75,5143.8,5123.1,5193.4,5135.0,5107.1,5047.7,5127.3,5083.25,True
2017-02-01,46.0,23.6,72.2,35.25,5132.1,5111.3,5181.9,5158.25,5095.3,5035.6,5115.6,5123.0,False
2017-02-02,43.4,22.2,68.1,38.0,5166.8,5147.2,5213.7,5157.5,5132.0,5075.7,5151.2,5119.5,True
2017-02-03,43.8,22.4,68.7,42.5,5149.4,5129.7,5196.8,5162.25,5114.4,5057.6,5133.7,5119.75,True
2017-02-06,45.7,23.4,71.8,23.25,5174.2,5153.6,5223.7,5163.5,5137.6,5078.4,5157.8,5140.25,True
2017-02-07,39.6,20.3,62.2,37.75,5174.4,5156.5,5217.3,5192.0,5142.7,5091.4,5160.2,5154.25,True
2017-02-08,39.4,20.2,61.8,33.5,5193.3,5175.5,5236.0,5197.0,5161.8,5110.7,5179.2,5163.5,True
2017-02-09,38.3,19.7,60.2,33.0,5207.4,5190.1,5248.8,5219.25,5176.7,5127.1,5193.6,5186.25,True
2017-02-10,37.9,19.4,59.5,22.75,5228.2,5211.1,5269.2,5232.5,5197.9,5148.7,5214.6,5209.75,True
2017-02-13,34.3,17.6,53.9,34.75,5241.2,5225.7,5278.3,5261.5,5213.7,5169.3,5228.9,5226.75,True
2017-02-14,36.9,18.9,57.9,38.25,5274.8,5258.1,5314.7,5278.0,5245.3,5197.4,5261.5,5239.75,True
2017-02-15,37.0,19.2,57.9,48.25,5291.6,5274.9,5331.6,5313.5,5262.0,5214.0,5278.3,5265.25,True
2017-02-16,39.9,20.7,62.4,28.5,5326.8,5308.8,5369.9,5317.0,5294.9,5243.2,5312.5,5288.5,True
2017-02-17,37.6,19.5,58.9,42.0,5316.3,5299.4,5357.0,5328.75,5286.2,5237.5,5302.8,5286.75,True
2017-02-21,41.4,21.5,64.7,33.25,5343.2,5324.5,5387.9,5353.75,5310.1,5256.4,5328.3,5320.5,True
2017-02-22,40.4,21.0,63.2,19.25,5360.8,5342.5,5404.4,5355.5,5328.4,5276.1,5346.2,5336.25,True
2017-02-23,36.4,18.8,57.0,50.5,5366.3,5349.9,5405.6,5361.25,5337.2,5290.1,5353.2,5310.75,True
2017-02-24,39.3,20.3,61.4,45.5,5348.5,5330.8,5391.0,5344.5,5317.1,5266.2,5334.4,5299.0,True
2017-02-27,41.1,21.2,64.1,29.25,5360.6,5342.0,5404.9,5352.5,5327.7,5274.5,5345.8,5323.25,True
2017-02-28,37.9,19.6,59.3,33.0,5363.5,5346.4,5404.4,5350.0,5333.1,5284.1,5349.8,5317.0,True
2017-03-01,38.2,19.7,59.7,68.0,5348.3,5331.1,5389.6,5400.0,5317.8,5268.3,5334.6,5332.0,False
2017-03-02,47.1,24.3,73.4,37.5,5405.8,5384.6,5457.0,5393.75,5368.1,5307.2,5388.9,5356.25,True
2017-03-03,43.0,22.2,67.1,29.25,5382.8,5363.5,5429.6,5373.5,5348.4,5292.8,5367.4,5344.25,True
2017-03-06,40.1,20.7,62.6,35.5,5388.9,5370.8,5432.5,5374.5,5356.8,5304.9,5374.5,5339.0,True
2017-03-07,41.2,21.3,64.3,32.75,5378.3,5359.8,5423.1,5374.25,5345.4,5292.1,5363.5,5341.5,True
2017-03-08,40.6,21.0,63.5,43.5,5366.8,5348.5,5411.0,5377.25,5334.3,5281.8,5352.2,5333.75,True
2017-03-09,38.8,20.1,60.6,36.5,5379.3,5361.8,5421.5,5372.0,5348.3,5298.1,5365.4,5335.5,True
2017-03-10,38.4,19.9,60.1,32.25,5382.9,5365.6,5424.6,5395.25,5352.2,5302.5,5369.1,5363.0,True
2017-03-13,38.4,19.9,60.0,24.75,5398.2,5380.9,5439.9,5396.5,5367.4,5317.8,5384.4,5371.75,True
2017-03-14,36.3,18.8,56.9,36.75,5410.8,5394.4,5450.2,5396.75,5381.7,5334.8,5397.7,5360.0,True
2017-03-15,37.8,19.6,59.1,51.25,5397.4,5380.4,5438.5,5427.25,5367.1,5318.3,5383.8,5376.0,True
2017-03-16,40.2,20.9,62.8,41.25,5432.2,5414.1,5475.8,5440.0,5400.0,5348.1,5417.7,5398.75,True
2017-03-17,40.2,21.0,62.7,17.25,5429.9,5411.8,5473.6,5423.0,5397.7,5345.8,5415.5,5405.75,True
2017-03-20,35.8,18.6,55.8,32.0,5432.3,5416.2,5471.2,5428.0,5403.7,5357.4,5419.4,5396.0,True
2017-03-21,38.0,19.8,59.1,111.0,5434.5,5417.4,5475.7,5441.0,5404.1,5355.0,5420.8,5330.0,False
2017-03-22,51.0,26.5,79.5,61.25,5359.7,5336.7,5415.1,5376.25,5318.9,5252.5,5341.4,5315.0,True
2017-03-23,50.6,26.3,78.7,31.25,5387.0,5364.2,5441.9,5378.5,5346.5,5280.7,5368.9,5347.25,True
2017-03-24,47.0,24.5,73.2,47.5,5374.3,5353.1,5425.3,5395.0,5336.6,5275.5,5357.4,5347.5,True
2017-03-27,52.3,27.2,81.4,68.5,5400.8,5377.2,5457.5,5385.75,5358.9,5290.9,5382.0,5317.25,True
2017-03-28,57.7,30.0,89.8,61.25,5403.3,5377.3,5465.9,5424.75,5357.1,5282.1,5382.5,5363.5,True
2017-03-29,53.0,27.6,82.4,32.75,5427.3,5403.4,5484.8,5437.5,5384.9,5316.0,5408.3,5404.75,True
2017-03-30,47.9,25.0,74.7,24.5,5456.2,5434.6,5508.1,5451.0,5417.8,5355.6,5438.9,5426.5,True
2017-03-31,46.0,23.9,71.7,31.75,5456.9,5436.1,5506.7,5452.75,5420.0,5360.3,5440.3,5421.0,True
2017-04-03,44.4,23.1,69.0,51.75,5457.2,5437.2,5505.3,5455.0,5421.7,5364.0,5441.2,5403.25,True
2017-04-04,44.3,23.0,68.7,41.25,5453.1,5433.2,5501.2,5448.0,5417.7,5360.1,5437.2,5406.75,True
2017-04-05,41.4,21.5,64.3,72.25,5461.4,5442.8,5506.3,5481.25,5428.3,5374.5,5446.5,5409.0,True
2017-04-06,48.3,25.0,75.1,47.25,5436.6,5414.8,5488.9,5437.25,5397.9,5335.2,5419.2,5390.0,True
2017-04-07,49.7,25.7,77.3,53.25,5443.7,5421.3,5497.5,5436.0,5403.9,5339.4,5425.8,5382.75,True
2017-04-10,52.6,27.2,81.8,38.0,5443.4,5419.7,5500.4,5443.75,5401.3,5333.0,5424.5,5405.75,True
2017-04-11,49.9,25.8,77.6,71.25,5443.2,5420.8,5497.3,5429.25,5403.3,5338.5,5425.3,5358.0,True
2017-04-12,56.1,29.0,87.1,43.75,5425.4,5400.1,5486.1,5412.75,5380.4,5307.6,5405.2,5369.0,True
2017-04-13,51.3,26.5,79.6,52.0,5394.3,5371.3,5449.9,5399.5,5353.3,5286.7,5375.9,5347.5,True
2017-04-17,52.5,27.2,81.3,51.75,5381.1,5357.5,5437.9,5399.5,5339.0,5271.0,5362.2,5347.75,True
2017-04-18,52.8,27.3,81.8,29.75,5417.5,5393.7,5474.6,5405.25,5375.2,5306.7,5398.5,5375.5,True
2017-04-19,49.6,25.7,76.8,42.0,5410.1,5387.8,5463.8,5430.75,5370.4,5306.1,5392.3,5388.75,True
2017-04-20,48.1,24.9,74.5,60.25,5418.0,5396.4,5470.0,5454.75,5379.5,5317.1,5400.7,5394.5,True
2017-04-21,52.1,27.0,80.8,27.25,5464.7,5441.2,5521.0,5454.75,5423.0,5355.4,5445.9,5427.5,True
2017-04-24,45.1,23.4,70.0,41.75,5461.0,5440.7,5509.8,5512.75,5424.9,5366.4,5444.8,5471.0,False
2017-04-25,45.4,23.6,70.5,58.25,5523.1,5502.7,5572.5,5557.25,5486.8,5427.9,5506.8,5499.0,True
2017-04-26,50.6,26.2,78.5,27.5,5569.5,5546.8,5624.6,5562.5,5529.1,5463.5,5551.4,5535.0,True
2017-04-27,45.8,23.7,71.0,64.75,5555.5,5534.9,5605.3,5599.0,5518.9,5459.5,5539.1,5534.25,True
2017-04-28,49.3,25.6,76.1,26.0,5611.7,5589.6,5665.4,5597.75,5572.3,5508.4,5594.0,5571.75,True
2017-05-01,45.3,23.5,69.9,63.75,5599.6,5579.2,5648.8,5637.25,5563.3,5504.6,5583.3,5573.5,True
2017-05-02,51.7,26.8,79.7,19.25,5652.5,5629.3,5708.7,5641.75,5611.1,5544.2,5633.9,5622.5,True
2017-05-03,43.1,22.1,66.5,25.0,5657.9,5638.5,5704.7,5631.0,5623.4,5567.6,5642.4,5606.0,False
2017-05-04,43.1,22.2,66.6,30.25,5631.4,5611.9,5678.2,5634.0,5596.9,5541.1,5615.9,5603.75,True
2017-05-05,39.1,20.2,60.5,37.0,5642.2,5624.6,5684.7,5649.5,5610.9,5560.3,5628.2,5612.5,True
2017-05-08,41.1,21.2,63.6,26.0,5665.5,5647.0,5710.2,5660.5,5632.7,5579.5,5650.8,5634.5,True
2017-05-09,34.6,17.8,53.5,37.0,5670.1,5654.5,5707.7,5687.75,5642.4,5597.6,5657.6,5650.75,True
2017-05-10,37.8,19.5,58.4,21.5,5692.2,5675.1,5733.3,5679.75,5661.9,5613.0,5678.6,5658.25,True
2017-05-11,35.5,18.3,54.8,40.0,5690.4,5674.4,5729.0,5676.25,5662.1,5616.1,5677.7,5636.25,True
2017-05-12,38.2,19.7,59.0,33.25,5686.8,5669.6,5728.4,5689.75,5656.3,5606.8,5673.1,5656.5,True
2017-05-15,36.7,19.1,56.8,24.0,5704.4,5687.9,5744.3,5706.5,5675.1,5627.6,5691.3,5682.5,True
2017-05-16,35.4,18.4,54.7,31.0,5716.1,5700.2,5754.6,5727.25,5687.8,5642.0,5703.4,5696.25,True
2017-05-17,35.0,18.2,54.1,149.25,5739.0,5723.2,5777.0,5724.0,5711.0,5665.7,5726.4,5574.75,False
2017-05-18,55.1,28.5,85.3,98.0,5601.9,5577.1,5661.8,5648.5,5557.9,5486.0,5582.1,5550.5,True
2017-05-19,61.8,31.9,95.9,54.5,5656.5,5628.6,5723.7,5676.5,5607.1,5526.5,5634.3,5622.0,True
2017-05-22,61.7,32.0,95.7,55.5,5679.2,5651.4,5746.3,5704.25,5629.9,5549.5,5657.0,5648.75,True
2017-05-23,64.9,33.7,100.3,30.0,5729.3,5700.1,5799.8,5718.5,5677.4,5592.8,5706.0,5688.5,True
2017-05-24,61.9,32.0,95.9,29.25,5737.6,5709.6,5804.8,5734.5,5688.1,5607.4,5715.3,5705.25,True
2017-05-25,50.8,26.3,78.8,64.25,5752.6,5729.7,5807.8,5795.5,5712.0,5645.8,5734.4,5731.25,True
2017-05-26,50.4,26.1,78.1,23.75,5803.2,5780.5,5857.9,5796.5,5762.9,5697.3,5785.1,5772.75,True
2017-05-30,43.4,22.3,67.3,25.25,5810.5,5791.0,5857.6,5803.5,5775.8,5719.3,5794.9,5778.25,True
2017-05-31,39.3,20.2,61.0,55.5,5808.5,5790.8,5851.2,5819.25,5777.1,5725.9,5794.4,5763.75,True
2017-06-01,45.2,23.2,70.0,43.5,5812.3,5791.9,5861.3,5824.0,5776.1,5717.3,5796.0,5780.5,True
2017-06-02,45.8,23.5,71.0,64.75,5841.3,5820.6,5891.0,5886.75,5804.7,5745.0,5824.8,5822.0,True
2017-06-05,48.4,24.8,75.0,18.5,5906.4,5884.6,5958.9,5891.25,5867.7,5804.7,5889.0,5872.75,True
2017-06-06,43.3,22.2,67.3,44.75,5899.0,5879.5,5945.9,5893.25,5864.4,5808.0,5883.4,5848.5,True
2017-06-07,48.4,24.8,75.1,39.0,5883.6,5861.8,5936.1,5884.75,5844.9,5781.9,5866.2,5845.75,True
2017-06-08,46.1,23.7,71.6,44.25,5899.2,5878.4,5949.1,5897.75,5862.3,5802.3,5882.6,5853.5,True
2017-06-09,46.9,24.0,72.8,238.5,5904.7,5883.6,5955.6,5898.75,5867.3,5806.2,5887.9,5660.25,False
2017-06-12,75.8,38.5,117.0,112.0,5772.4,5738.3,5854.6,5746.5,5711.8,5612.7,5745.2,5634.5,True
2017-06-13,82.6,42.0,127.4,53.5,5745.8,5708.6,5835.3,5760.25,5679.7,5571.8,5716.1,5706.75,True
2017-06-14,79.9,40.7,123.4,100.0,5784.9,5748.9,5871.5,5780.0,5721.0,5616.6,5756.2,5680.0,True
2017-06-15,90.3,45.9,139.4,90.75,5763.2,5722.6,5861.1,5724.5,5691.1,5573.1,5730.8,5633.75,True
2017-06-16,94.9,48.3,146.1,35.0,5742.4,5699.7,5845.3,5720.0,5666.6,5542.6,5708.3,5685.0,True
2017-06-19,71.5,36.4,110.3,99.25,5732.1,5699.9,5809.6,5782.5,5674.9,5581.5,5706.4,5683.25,True
2017-06-20,75.9,38.6,116.9,55.0,5797.9,5763.8,5880.2,5784.0,5737.3,5638.1,5770.7,5729.0,True
2017-06-21,71.5,36.4,110.1,97.5,5762.8,5730.7,5840.3,5796.5,5705.7,5612.3,5737.1,5699.0,True
2017-06-22,76.1,38.7,117.0,43.75,5828.0,5793.8,5910.4,5814.5,5767.2,5667.8,5800.7,5770.75,True
2017-06-23,66.5,33.9,102.3,52.5,5813.7,5783.8,5885.7,5815.5,5760.6,5673.7,5789.8,5763.0,True
2017-06-26,69.8,35.6,107.5,84.0,5841.6,5810.2,5917.2,5852.0,5785.8,5694.7,5816.5,5768.0,True
2017-06-27,70.7,36.1,108.1,115.0,5808.0,5776.2,5884.5,5784.0,5751.5,5659.1,5782.6,5669.0,True
2017-06-28,78.6,40.0,121.0,136.75,5709.6,5674.2,5794.6,5768.75,5646.8,5544.1,5681.3,5632.0,True
2017-06-29,87.6,44.6,135.0,175.0,5800.4,5761.0,5895.2,5776.0,5730.3,5615.9,5768.9,5601.0,False
2017-06-30,103.9,52.8,159.9,63.0,5696.7,5650.0,5809.1,5686.5,5613.7,5477.6,5659.4,5623.5,True
2017-07-03,97.6,49.7,150.3,109.5,5693.8,5649.9,5799.4,5690.75,5615.8,5488.0,5658.7,5581.25,True
2017-07-05,104.2,53.1,160.4,107.5,5633.1,5586.2,5745.8,5667.75,5549.8,5413.4,5595.6,5560.25,True
2017-07-06,105.9,54.0,163.0,72.75,5696.1,5648.4,5810.6,5652.75,5611.4,5472.7,5658.0,5580.0,True
2017-07-07,96.8,49.4,149.2,85.0,5637.5,5594.0,5742.2,5676.5,5560.1,5433.4,5602.7,5591.5,True
2017-07-10,90.9,46.4,140.2,61.5,5694.0,5653.1,5792.3,5711.5,5621.3,5502.3,5661.3,5650.0,True
2017-07-11,89.4,45.7,137.0,55.0,5731.6,5691.4,5828.3,5722.5,5660.2,5543.1,5699.5,5667.5,True
2017-07-12,83.2,42.6,127.5,77.25,5755.0,5717.6,5844.9,5790.0,5688.5,5579.6,5725.1,5712.75,True
2017-07-13,80.2,41.2,122.7,34.75,5819.5,5783.4,5906.2,5812.0,5755.4,5650.4,5790.7,5777.25,True
2017-07-14,70.1,35.8,107.4,60.0,5827.0,5795.5,5902.8,5847.75,5771.0,5679.2,5801.8,5787.75,True
2017-07-17,70.1,35.9,107.4,32.5,5872.7,5841.2,5948.5,5863.75,5816.7,5725.0,5847.6,5831.25,True
2017-07-18,62.5,31.9,95.7,78.25,5881.3,5853.2,5948.8,5898.5,5831.4,5749.5,5858.8,5820.25,True
2017-07-19,69.5,35.4,106.5,36.0,5912.0,5880.8,5987.1,5925.0,5856.5,5765.5,5887.0,5889.0,False
2017-07-20,60.6,30.9,92.9,41.5,5943.8,5916.5,6009.2,5938.5,5895.3,5816.0,5922.0,5897.0,True
2017-07-21,61.2,31.2,93.9,40.75,5951.0,5923.5,6017.1,5931.25,5902.1,5822.0,5929.0,5890.5,True
2017-07-24,58.1,29.7,88.5,49.75,5943.2,5917.1,6005.9,5954.75,5896.8,5820.7,5922.3,5905.0,True
2017-07-25,60.6,31.0,92.4,30.5,5959.5,5932.3,6024.9,5946.25,5911.1,5831.8,5937.7,5915.75,True
2017-07-26,51.9,26.5,79.1,31.0,5955.6,5932.3,6011.6,5958.0,5914.2,5846.2,5936.9,5927.0,True
2017-07-27,51.0,26.1,77.8,151.0,5969.5,5946.6,6024.5,5995.75,5928.8,5862.0,5951.1,5844.75,False
2017-07-28,73.3,37.3,112.3,68.25,5940.3,5907.4,6019.4,5918.25,5881.8,5785.6,5914.0,5850.0,True
2017-07-31,71.8,36.6,109.9,63.25,5940.5,5908.2,6017.9,5933.5,5883.1,5788.9,5914.7,5870.25,True
2017-08-01,71.3,36.3,109.2,55.75,5912.5,5880.5,5989.4,5931.25,5855.5,5762.0,5886.9,5875.5,True
2017-08-02,71.4,36.4,109.3,91.25,5919.3,5887.2,5996.3,5947.5,5862.3,5768.6,5893.6,5856.25,True
2017-08-03,80.9,41.2,123.9,47.25,5944.8,5908.5,6032.1,5924.5,5880.2,5774.0,5915.7,5877.25,True
2017-08-04,65.3,33.4,99.5,37.75,5917.5,5888.2,5987.9,5912.0,5865.3,5779.6,5894.0,5874.25,True
2017-08-07,59.9,30.6,91.3,39.75,5923.2,5896.3,5987.8,5937.75,5875.4,5796.8,5901.7,5898.0,True
2017-08-08,57.3,29.3,87.4,65.25,5958.1,5932.4,6019.9,5972.75,5912.3,5837.2,5937.5,5907.5,True
2017-08-09,59.8,30.6,91.2,62.75,5943.2,5916.3,6007.7,5924.5,5895.4,5816.9,5921.7,5861.75,True
2017-08-10,56.3,28.8,86.0,155.75,5946.2,5920.9,6006.9,5923.0,5901.2,5827.4,5926.0,5767.25,False
2017-08-11,73.2,37.3,112.1,84.75,5820.5,5787.7,5899.5,5845.75,5762.1,5665.9,5794.2,5761.0,True
2017-08-14,75.8,38.7,116.0,79.5,5870.1,5836.1,5951.9,5916.75,5809.6,5710.0,5842.9,5837.25,True
2017-08-15,81.1,41.4,124.1,49.5,5944.1,5907.8,6031.6,5945.0,5879.3,5772.7,5915.0,5895.5,True
2017-08-16,76.7,39.2,117.3,47.5,5944.3,5909.9,6027.0,5949.5,5883.0,5782.2,5916.7,5902.0,True
2017-08-17,75.3,38.5,115.3,137.25,5955.2,5921.4,6036.4,5923.75,5895.0,5796.1,5928.1,5786.5,False
2017-08-18,78.9,40.4,121.0,62.5,5833.5,5798.1,5918.5,5835.0,5770.4,5666.6,5805.1,5772.5,True
2017-08-21,72.6,37.3,110.9,64.5,5831.8,5799.3,5910.1,5816.75,5773.8,5678.3,5805.7,5752.25,True
2017-08-22,71.3,36.8,109.0,88.0,5824.0,5792.0,5900.9,5882.25,5767.0,5673.2,5798.4,5794.25,True
2017-08-23,78.9,40.8,119.7,42.5,5911.7,5876.3,5996.8,5884.0,5848.7,5744.9,5883.3,5841.5,True
2017-08-24,73.6,38.1,110.8,71.0,5879.0,5846.0,5958.3,5874.25,5820.2,5723.4,5852.5,5803.25,True
2017-08-25,70.2,36.4,105.6,57.5,5870.0,5838.6,5945.7,5874.0,5813.9,5721.6,5844.8,5816.5,True
2017-08-28,68.8,35.9,103.5,54.75,5854.0,5823.1,5928.1,5856.0,5799.0,5708.5,5829.2,5801.25,True
2017-08-29,66.3,34.7,99.6,98.25,5872.7,5842.9,5944.1,5875.5,5819.7,5732.5,5848.8,5777.25,True
2017-08-30,71.1,37.1,106.7,81.5,5899.7,5867.8,5976.3,5944.0,5842.9,5749.3,5874.1,5862.5,True
2017-08-31,75.6,39.5,113.5,65.5,5966.8,5933.0,6048.3,5998.0,5906.4,5807.0,5939.6,5932.5,True
2017-09-01,74.5,38.9,111.8,46.5,6022.1,5988.7,6102.4,6019.75,5962.6,5864.6,5995.3,5973.25,True
2017-09-05,70.5,36.8,105.9,95.25,6017.9,5986.3,6093.9,5984.75,5961.6,5868.9,5992.6,5889.5,False
2017-09-06,78.6,41.1,118.1,56.5,5972.3,5937.0,6057.0,5965.75,5909.5,5806.2,5944.1,5909.25,True
2017-09-07,71.7,37.5,107.7,49.25,5985.2,5952.9,6062.4,5981.5,5927.9,5833.6,5959.4,5932.25,True
2017-09-08,67.5,35.3,101.5,64.5,5998.4,5968.0,6071.1,5972.0,5944.5,5855.7,5974.1,5907.5,True
2017-09-11,68.1,35.6,102.3,63.0,5944.9,5914.3,6018.3,5991.75,5890.5,5800.9,5920.4,5928.75,False
2017-09-12,70.8,37.0,106.3,36.5,6012.3,5980.4,6088.6,6004.0,5955.7,5862.6,5986.9,5967.5,True
2017-09-13,59.8,31.2,89.8,29.75,6021.7,5994.8,6086.1,6005.25,5973.9,5895.2,6000.2,5975.5,True
2017-09-14,55.0,28.7,82.6,39.0,6025.1,6000.4,6084.4,6002.5,5981.3,5908.9,6005.4,5963.5,True
2017-09-15,53.9,28.1,80.9,33.0,5988.9,5964.7,6047.0,5978.25,5945.9,5875.0,5969.6,5945.25,True
2017-09-18,49.2,25.6,73.8,51.0,5994.7,5972.6,6047.7,6018.25,5955.4,5890.7,5977.0,5967.25,True
2017-09-19,49.2,25.6,73.9,29.75,6007.4,5985.3,6060.4,6004.75,5968.2,5903.4,5989.8,5975.0,True
2017-09-20,45.1,23.5,67.7,70.0,6016.0,5995.7,6064.5,6000.5,5980.0,5920.6,5999.8,5930.5,True
2017-09-21,53.3,27.8,80.9,61.0,6000.9,5977.0,6058.3,5980.25,5958.4,5888.3,5981.8,5919.25,True
2017-09-22,55.1,28.7,83.6,34.5,5968.4,5943.7,6027.8,5945.5,5924.4,5852.0,5948.6,5911.0,True
2017-09-25,52.0,27.2,79.2,112.25,5957.6,5934.3,6013.6,5954.25,5916.1,5847.7,5939.0,5842.0,False
2017-09-26,64.5,33.6,97.9,49.75,5903.6,5874.7,5973.1,5912.5,5852.1,5767.2,5880.5,5862.75,True
2017-09-27,62.7,32.7,95.4,76.5,5918.9,5890.7,5986.4,5963.0,5868.8,5786.2,5896.4,5886.5,True
2017-09-28,66.4,34.6,100.9,37.0,5968.9,5939.1,6040.4,5948.25,5915.9,5828.5,5945.1,5911.25,True
2017-09-29,60.2,31.4,91.6,52.5,5963.8,5936.8,6028.6,5985.5,5915.7,5836.5,5942.2,5933.0,True
2017-10-02,63.2,33.0,96.2,51.25,6009.1,5980.7,6077.1,6009.75,5958.6,5875.4,5986.4,5958.5,True
2017-10-03,56.0,29.2,85.3,26.0,6004.1,5978.9,6064.3,6004.75,5959.3,5885.6,5983.9,5978.75,True
2017-10-04,50.3,26.0,76.5,36.0,6019.2,5996.6,6073.3,6015.5,5979.0,5912.8,6001.1,5979.5,True
2017-10-05,46.5,24.1,70.8,67.0,6023.6,6002.7,6073.6,6068.0,5986.4,5925.2,6006.9,6001.0,True
2017-10-06,52.4,27.0,79.6,34.0,6087.8,6064.3,6144.2,6071.5,6046.0,5977.0,6069.0,6037.5,True
2017-10-09,47.3,24.6,71.9,29.25,6084.1,6062.9,6135.1,6084.0,6046.4,5984.1,6067.2,6054.75,True
2017-10-10,43.8,22.9,66.6,49.5,6082.9,6063.3,6130.1,6088.5,6048.0,5990.3,6067.2,6039.0,True
2017-10-11,48.1,25.1,73.0,32.75,6085.5,6063.9,6137.2,6086.0,6047.1,5983.8,6068.2,6053.25,True
2017-10-12,45.9,24.0,69.7,30.5,6101.8,6081.2,6151.2,6097.0,6065.2,6004.8,6085.3,6066.5,True
2017-10-13,41.1,21.5,62.4,35.5,6092.0,6073.6,6136.3,6104.0,6059.3,6005.1,6077.3,6068.5,True
2017-10-16,41.9,21.9,63.7,23.5,6117.4,6098.6,6162.5,6121.5,6084.0,6028.8,6102.3,6098.0,True
2017-10-17,39.9,20.9,60.6,20.5,6137.0,6119.1,6180.0,6125.5,6105.2,6052.7,6122.7,6105.0,True
2017-10-18,35.6,18.5,54.1,24.75,6138.7,6122.8,6177.0,6132.75,6110.3,6063.5,6125.9,6108.0,True
2017-10-19,34.6,18.0,52.6,70.5,6133.8,6118.3,6171.0,6121.75,6106.2,6060.6,6121.4,6051.25,False
2017-10-20,43.2,22.5,65.7,39.0,6115.9,6096.5,6162.4,6129.5,6081.5,6024.4,6100.4,6090.5,True
2017-10-23,41.4,21.6,63.1,67.5,6128.4,6109.8,6173.0,6128.0,6095.4,6040.7,6113.5,6060.5,True
2017-10-24,48.2,25.2,74.1,35.5,6085.0,6063.4,6136.9,6092.5,6046.6,5982.9,6067.7,6057.0,True
2017-10-25,47.8,25.0,73.4,76.5,6099.6,6078.2,6151.0,6087.5,6061.5,5998.3,6082.4,6011.0,True
2017-10-26,55.3,28.9,84.9,61.25,6087.8,6063.0,6147.2,6096.25,6043.6,5970.6,6067.9,6035.0,True
2017-10-27,54.0,28.2,82.8,147.0,6107.5,6083.3,6165.6,6225.75,6064.4,5993.1,6088.1,6078.75,False
2017-10-30,71.8,37.4,110.4,49.25,6245.5,6213.3,6322.9,6251.5,6188.2,6093.4,6219.7,6202.25,True
2017-10-31,64.7,33.8,99.6,39.5,6251.5,6222.5,6321.2,6258.75,6199.9,6114.4,6228.2,6219.25,True
2017-11-01,63.8,33.3,98.3,61.0,6276.6,6248.0,6345.4,6284.5,6225.7,6141.5,6253.7,6223.5,True
2017-11-02,64.3,33.5,99.0,70.5,6267.8,6239.0,6337.1,6263.0,6216.5,6131.6,6244.7,6192.5,True
2017-11-03,66.6,34.7,102.5,60.75,6263.8,6233.9,6335.6,6296.75,6210.6,6122.7,6239.8,6236.0,True
2017-11-06,57.9,30.2,89.1,49.5,6314.9,6288.9,6377.3,6317.5,6268.7,6192.2,6294.1,6268.0,True
2017-11-07,56.8,29.6,86.9,35.25,6337.4,6312.0,6398.6,6331.5,6292.1,6217.1,6317.0,6296.25,True
2017-11-08,54.9,28.6,84.0,44.0,6339.1,6314.5,6398.3,6345.5,6295.3,6222.8,6319.4,6301.5,True
2017-11-09,54.3,28.4,83.2,106.75,6364.3,6340.0,6422.9,6351.5,6321.0,6249.4,6344.8,6244.75,False
2017-11-10,62.7,32.7,96.4,40.0,6340.9,6312.8,6408.5,6321.0,6290.9,6207.9,6318.4,6281.0,True
2017-11-13,56.1,29.3,86.0,44.0,6332.9,6307.7,6393.3,6325.0,6288.1,6213.9,6312.7,6281.0,True
2017-11-14,56.0,29.3,85.8,55.5,6335.6,6310.5,6395.9,6318.25,6290.9,6216.8,6315.4,6262.75,True
2017-11-15,59.3,31.0,90.8,64.0,6318.4,6291.9,6382.3,6294.75,6271.1,6192.7,6297.1,6230.75,True
2017-11-16,62.5,32.7,95.8,97.75,6292.5,6264.6,6359.9,6358.5,6242.6,6160.0,6270.1,6260.75,True
2017-11-17,65.9,34.5,100.9,43.25,6368.7,6339.2,6439.7,6351.75,6316.1,6229.0,6345.0,6308.5,True
2017-11-20,62.5,32.7,95.7,38.0,6339.5,6311.6,6406.9,6329.25,6289.6,6207.0,6317.1,6291.25,True
2017-11-21,60.7,31.8,93.0,74.0,6341.5,6314.4,6406.9,6385.25,6293.1,6212.8,6319.7,6311.25,True
2017-11-22,67.0,35.1,102.6,20.0,6407.7,6377.7,6479.9,6395.25,6354.2,6265.6,6383.6,6375.25,True
2017-11-24,55.7,29.2,85.3,40.25,6412.9,6388.0,6472.9,6416.0,6368.5,6294.8,6392.9,6375.75,True
2017-11-27,51.7,27.1,79.2,29.75,6435.2,6412.1,6490.9,6424.5,6394.0,6325.6,6416.7,6394.75,True
2017-11-28,48.2,25.2,73.8,40.75,6433.5,6412.0,6485.4,6429.5,6395.1,6331.3,6416.2,6388.75,True
2017-11-29,49.3,25.8,75.4,145.5,6441.0,6418.9,6494.1,6428.5,6401.7,6336.5,6423.3,6283.0,False
2017-11-30,61.9,32.3,95.0,88.5,6331.5,6303.9,6398.2,6377.5,6282.2,6200.1,6309.3,6289.0,True
2017-12-01,68.5,35.9,105.0,123.0,6397.8,6367.2,6471.6,6369.0,6343.2,6252.4,6373.2,6246.0,False
2017-12-04,80.0,41.9,122.6,141.0,6379.9,6344.1,6466.0,6391.75,6316.1,6209.2,6351.2,6250.75,True
2017-12-05,92.3,48.2,142.0,108.0,6304.1,6262.8,6403.5,6339.75,6230.4,6107.2,6270.9,6231.75,True
2017-12-06,97.6,51.0,150.1,74.5,6312.8,6269.2,6417.9,6307.0,6234.9,6104.6,6277.7,6232.5,True
2017-12-07,89.6,46.9,138.0,46.75,6330.7,6290.7,6427.2,6335.5,6259.2,6139.6,6298.5,6288.75,True
2017-12-08,83.2,43.5,128.2,58.5,6358.0,6320.8,6447.6,6379.0,6291.6,6180.5,6328.1,6320.5,True
2017-12-11,79.2,41.4,121.4,70.0,6373.3,6337.9,6458.6,6409.75,6310.1,6204.4,6344.9,6339.75,True
2017-12-12,74.1,38.8,113.7,36.0,6428.7,6395.6,6508.4,6407.75,6369.6,6270.6,6402.0,6371.75,True
2017-12-13,61.4,32.1,94.2,53.25,6410.1,6382.7,6476.2,6418.75,6361.1,6279.1,6388.0,6365.5,True
2017-12-14,60.8,31.8,93.5,39.5,6424.1,6396.9,6489.5,6425.0,6375.6,6294.4,6402.2,6385.5,True
2017-12-15,58.3,30.6,89.7,116.0,6416.3,6390.2,6479.0,6500.0,6369.8,6292.0,6395.3,6384.0,False
2017-12-18,72.3,37.8,111.5,44.5,6508.4,6476.1,6586.4,6542.0,6450.8,6354.2,6482.4,6497.5,False
2017-12-19,64.5,33.8,99.5,66.0,6562.4,6533.6,6632.0,6545.75,6511.0,6424.9,6539.2,6479.75,True
2017-12-20,68.8,36.0,106.0,65.75,6529.7,6499.0,6603.9,6529.0,6474.8,6383.0,6505.0,6463.25,True
2017-12-21,70.3,36.9,108.4,44.75,6518.6,6487.2,6594.4,6520.75,6462.5,6368.7,6493.3,6476.0,True
2017-12-22,69.0,36.2,106.3,34.25,6521.3,6490.5,6595.7,6501.75,6466.3,6374.2,6496.5,6467.5,True
2017-12-26,57.7,30.2,88.9,59.75,6508.0,6482.3,6570.3,6492.0,6462.0,6385.1,6487.3,6432.25,True
2017-12-27,62.2,32.7,95.5,33.5,6486.2,6458.4,6553.3,6475.5,6436.6,6353.6,6463.8,6442.0,True
2017-12-28,55.7,29.2,85.5,35.25,6477.4,6452.6,6537.5,6477.5,6433.0,6358.8,6457.4,6442.25,True
2017-12-29,52.0,27.3,79.9,84.5,6468.1,6444.9,6524.2,6467.75,6426.7,6357.3,6449.4,6383.25,True
2018-01-02,61.0,32.1,94.0,125.5,6434.4,6407.2,6500.2,6523.25,6385.8,6304.5,6412.5,6397.75,False
2018-01-03,75.3,39.5,116.3,80.0,6546.4,6512.8,6628.2,6591.25,6486.4,6386.0,6519.4,6511.25,True
2018-01-04,75.5,39.6,116.6,37.5,6616.3,6582.6,6698.2,6617.5,6556.1,6455.5,6589.1,6580.0,True
2018-01-05,70.1,36.9,108.1,71.25,6633.0,6601.7,6709.1,6671.0,6577.1,6483.7,6607.8,6599.75,True
2018-01-08,76.3,40.2,117.7,37.5,6699.9,6665.8,6782.6,6690.75,6639.1,6537.4,6672.4,6653.25,True
2018-01-09,66.7,35.0,103.0,40.0,6716.1,6686.3,6788.4,6707.25,6662.9,6574.0,6692.1,6667.25,True
2018-01-10,57.0,29.9,88.1,58.5,6711.0,6685.5,6772.8,6686.75,6665.6,6589.6,6690.5,6628.25,True
2018-01-11,55.9,29.4,86.3,64.5,6700.8,6675.8,6761.4,6728.75,6656.2,6581.8,6680.7,6664.25,True
2018-01-12,59.8,31.5,91.5,74.5,6751.7,6725.0,6816.5,6777.75,6704.0,6624.4,6730.2,6703.25,True
2018-01-16,61.0,32.2,92.6,116.5,6800.9,6773.7,6867.1,6845.75,6752.3,6671.1,6779.0,6729.25,True
2018-01-17,73.2,38.5,111.9,89.5,6793.1,6760.4,6872.4,6834.25,6734.7,6637.3,6766.7,6744.75,True
2018-01-18,78.0,41.0,119.3,42.0,6856.6,6821.8,6941.1,6838.0,6794.4,6690.6,6828.5,6796.0,True
2018-01-19,71.8,37.8,109.9,55.5,6843.2,6811.2,6921.0,6857.0,6786.0,6690.5,6817.4,6801.5,True
2018-01-22,71.4,37.6,109.3,117.0,6875.8,6843.9,6953.2,6941.25,6818.9,6723.9,6850.1,6824.25,True
2018-01-23,82.2,43.2,127.0,61.5,6965.6,6928.9,7054.7,6981.25,6900.1,6790.7,6936.0,6919.75,True
2018-01-24,72.8,38.3,112.5,116.0,6996.4,6963.9,7075.3,7004.25,6938.4,6841.5,6970.2,6888.25,True
2018-01-25,79.4,41.7,123.3,85.25,6964.7,6929.2,7050.7,6987.25,6901.4,6795.8,6936.1,6902.0,True
2018-01-26,82.6,43.3,128.2,100.25,6966.3,6929.4,7055.7,7034.5,6900.5,6790.6,6936.6,6934.25,True
2018-01-29,90.3,47.4,140.3,67.25,7068.3,7028.0,7166.0,7047.25,6996.3,6876.3,7035.8,6980.0,True
2018-01-30,82.1,43.1,127.5,103.75,7027.1,6990.4,7115.9,7006.5,6961.6,6852.5,6997.5,6902.75,True
2018-01-31,89.7,47.1,139.2,69.5,6979.3,6939.2,7076.3,6991.0,6907.8,6788.6,6947.0,6921.5,True
2018-02-01,83.3,43.8,129.4,103.0,6997.6,6960.4,7087.7,6987.75,6931.2,6820.5,6967.6,6884.75,True
2018-02-02,87.1,45.7,135.1,211.25,6935.2,6896.3,7029.4,6963.5,6865.8,6750.0,6903.8,6752.25,True
2018-02-05,103.0,54.0,159.8,425.75,6799.1,6753.1,6910.5,6813.5,6717.0,6580.2,6762.1,6387.75,False
2018-02-06,145.1,75.6,226.6,417.25,6490.3,6425.6,6647.3,6677.5,6374.7,6180.6,6438.2,6260.25,False
2018-02-07,190.3,98.8,297.9,185.75,6733.9,6648.9,6940.8,6717.75,6582.2,6327.6,6665.4,6532.0,True
2018-02-08,187.0,97.1,292.7,317.5,6634.5,6551.0,6837.8,6618.5,6485.4,6235.3,6567.2,6301.0,True
2018-02-09,212.4,110.3,332.9,291.5,6406.7,6311.9,6637.6,6455.5,6237.3,5953.3,6330.3,6164.0,True
2018-02-12,230.1,119.4,359.9,153.25,6514.6,6411.9,6764.8,6567.5,6331.1,6023.5,6431.9,6414.25,True
2018-02-13,205.4,106.7,321.4,100.25,6618.2,6526.6,6841.5,6571.0,6454.5,6179.9,6544.4,6470.75,True
2018-02-14,173.5,90.0,271.9,236.5,6633.6,6556.1,6822.2,6692.75,6495.2,6263.3,6571.1,6456.25,True
2018-02-15,198.0,102.6,309.8,157.75,6770.4,6682.0,6985.6,6827.5,6612.5,6347.8,6699.2,6669.75,True
2018-02-16,180.6,93.8,282.5,97.75,6892.1,6811.4,7088.4,6859.75,6748.1,6506.7,6827.1,6762.0,True
2018-02-20,151.9,79.0,237.9,120.5,6850.7,6782.9,7015.8,6843.75,6729.6,6526.6,6796.1,6723.25,True
2018-02-21,151.5,78.7,237.0,144.25,6854.3,6786.7,7019.0,6885.5,6733.5,6531.0,6799.8,6741.25,True
2018-02-22,158.5,82.4,248.2,136.75,6827.2,6756.5,6999.5,6831.5,6700.9,6489.1,6770.2,6694.75,True
2018-02-23,146.9,76.4,230.1,131.0,6850.6,6785.0,7010.3,6913.75,6733.5,6537.2,6797.8,6782.75,True
2018-02-26,146.5,76.2,229.4,117.5,6971.5,6906.1,7130.7,7007.5,6854.7,6658.9,6918.7,6890.0,True
2018-02-27,149.1,77.5,233.5,105.0,7062.8,6996.2,7224.8,7009.0,6943.9,6744.7,7009.1,6904.0,True
2018-02-28,143.6,74.8,224.8,112.75,6976.3,6912.1,7132.3,6970.5,6861.8,6669.9,6924.6,6857.75,True
2018-03-01,139.7,72.7,218.5,209.75,6923.9,6861.5,7075.7,6898.75,6812.5,6625.9,6873.6,6689.0,True
2018-03-02,155.5,80.9,242.9,177.25,6826.2,6756.8,6995.2,6823.25,6702.3,6494.6,6770.3,6646.0,True
2018-03-05,161.5,83.9,251.9,162.0,6872.8,6800.7,7048.3,6904.5,6744.0,6528.4,6814.7,6742.5,True
2018-03-06,168.8,87.6,263.2,67.5,6948.6,6873.3,7132.0,6939.25,6813.9,6588.7,6887.8,6871.75,True
2018-03-07,153.5,79.5,239.4,138.75,6972.4,6903.9,7139.1,6937.0,6850.0,6645.1,6917.2,6798.25,True
2018-03-08,165.0,85.4,257.2,63.75,6994.0,6920.4,7173.2,6977.25,6862.4,6642.2,6934.6,6913.5,True
2018-03-09,134.6,69.8,209.0,140.75,7030.9,6970.9,7177.1,7103.75,6923.6,6744.0,6982.5,6963.0,True
2018-03-12,136.5,70.8,211.9,68.75,7155.7,7094.8,7304.0,7158.75,7046.9,6864.8,7106.6,7090.0,True
2018-03-13,116.0,60.1,180.0,162.75,7188.3,7136.6,7314.3,7188.5,7095.9,6941.1,7146.6,7025.75,True
2018-03-14,132.0,68.4,204.5,85.75,7113.8,7054.9,7257.1,7098.0,7008.6,6832.6,7066.3,7012.25,True
2018-03-15,115.4,59.8,178.9,73.5,7082.1,7030.6,7207.4,7076.75,6990.1,6836.2,7040.6,7003.25,True
2018-03-16,113.9,59.1,176.6,28.25,7094.5,7043.6,7218.1,7059.25,7003.7,6851.8,7053.5,7031.0,True
2018-03-19,92.0,47.8,142.7,221.75,7082.7,7041.7,7182.6,7043.0,7009.4,6886.8,7049.6,6821.25,False
2018-03-20,125.1,64.7,194.8,64.75,6966.9,6911.1,7102.7,6927.75,6867.2,6699.5,6921.9,6863.0,True
2018-03-21,102.1,52.9,159.2,108.75,6960.5,6914.9,7071.2,6951.0,6879.1,6742.3,6923.7,6842.25,True
2018-03-22,108.8,56.4,169.7,229.0,6929.8,6881.3,7047.8,6915.0,6843.1,6697.3,6890.6,6686.0,False
2018-03-23,131.9,68.1,205.5,202.25,6747.5,6688.7,6890.6,6721.25,6642.4,6464.6,6700.1,6519.0,True
2018-03-26,147.2,75.9,229.0,254.0,6616.2,6550.6,6775.8,6779.0,6498.8,6300.5,6563.2,6525.0,False
2018-03-27,162.6,83.8,252.8,359.25,6841.9,6769.4,7018.8,6849.25,6712.3,6493.2,6783.4,6490.0,False
2018-03-28,194.2,99.8,301.5,161.25,6643.0,6556.4,6854.2,6582.25,6488.1,6225.7,6573.1,6421.0,True
2018-03-29,186.3,95.7,289.2,210.0,6555.6,6472.6,6758.3,6653.75,6407.1,6155.4,6488.6,6443.75,True
2018-04-02,195.8,100.7,303.7,262.0,6676.4,6589.1,6889.4,6588.5,6520.3,6255.7,6605.9,6326.5,False
2018-04-03,201.9,103.7,312.8,145.5,6478.2,6388.1,6697.8,6496.75,6317.2,6044.4,6405.6,6351.25,True
2018-04-04,185.6,95.4,287.5,285.0,6547.3,6464.5,6749.2,6591.75,6399.4,6148.6,6480.6,6306.75,True
2018-04-05,196.0,100.6,303.5,95.5,6665.0,6577.5,6878.2,6654.5,6508.7,6243.9,6594.4,6559.0,True
2018-04-06,172.8,88.8,268.0,202.75,6673.0,6595.8,6860.9,6611.25,6535.2,6301.7,6610.8,6408.5,True
2018-04-09,180.8,92.8,280.3,158.0,6530.8,6450.1,6727.5,6618.0,6386.7,6142.4,6465.8,6460.0,True
2018-04-10,169.6,87.1,263.0,180.0,6568.4,6492.7,6752.8,6651.75,6433.1,6204.0,6507.3,6471.75,True
2018-04-11,180.0,92.4,279.1,112.5,6700.0,6619.7,6895.8,6663.25,6556.5,6313.3,6635.2,6550.75,True
2018-04-12,153.8,79.1,238.7,104.0,6657.5,6588.8,6824.7,6693.75,6534.8,6327.1,6602.1,6589.75,True
2018-04-13,156.3,80.4,242.5,106.75,6736.5,6666.8,6906.5,6713.0,6611.9,6400.8,6680.3,6606.25,True
2018-04-16,144.4,74.3,224.0,82.75,6701.5,6637.1,6858.5,6722.0,6586.4,6391.3,6649.5,6639.25,True
2018-04-17,133.8,68.9,207.7,146.25,6768.3,6708.6,6913.8,6844.75,6661.6,6480.9,6720.1,6698.5,True
2018-04-18,138.1,71.1,214.5,70.25,6886.9,6825.2,7037.0,6867.0,6776.8,6590.2,6837.1,6796.75,True
2018-04-19,125.2,64.4,194.6,111.0,6896.2,6840.3,7032.3,6866.25,6796.4,6627.2,6851.1,6755.25,True
2018-04-20,127.6,65.7,198.5,144.25,6833.7,6776.8,6972.4,6790.25,6732.0,6559.6,6787.8,6646.0,True
2018-04-23,133.9,69.0,208.3,111.25,6732.6,6672.9,6878.2,6728.0,6625.9,6445.0,6684.4,6616.75,True
2018-04-24,134.8,69.4,209.6,250.5,6723.7,6663.6,6870.3,6717.75,6616.2,6434.2,6675.2,6467.25,True
2018-04-25,154.2,79.3,239.8,147.0,6591.6,6522.8,6759.3,6576.25,6468.7,6260.4,6536.1,6429.25,True
2018-04-26,157.2,80.9,244.5,189.75,6621.9,6551.8,6792.8,6749.0,6496.5,6284.2,6565.3,6559.25,True
2018-04-27,172.9,89.0,269.0,149.0,6807.5,6730.4,6995.5,6772.0,6669.6,6436.1,6745.2,6623.0,True
2018-04-30,164.7,84.9,256.5,122.5,6739.0,6665.6,6918.1,6718.0,6607.7,6385.3,6679.7,6595.5,True
2018-05-01,161.4,83.2,251.4,161.25,6680.9,6608.9,6856.4,6740.0,6552.2,6334.3,6622.8,6578.75,True
2018-05-02,157.0,80.9,244.4,104.25,6758.0,6688.0,6928.8,6729.5,6632.9,6420.9,6701.5,6625.25,True
2018-05-03,143.0,73.7,222.7,133.5,6693.6,6629.9,6849.2,6671.5,6579.6,6386.5,6642.2,6538.0,True
2018-05-04,140.1,72.1,218.0,178.0,6723.4,6661.0,6875.8,6788.5,6611.7,6422.6,6673.0,6610.5,True
2018-05-07,147.1,75.7,228.9,79.0,6836.6,6771.0,6996.6,6851.25,6719.3,6520.7,6783.7,6772.25,True
2018-05-08,134.0,69.0,208.5,66.5,6882.4,6822.6,7028.1,6837.5,6775.5,6594.6,6834.1,6771.0,True
2018-05-09,119.1,60.7,185.7,93.0,6870.6,6817.5,7000.1,6901.25,6775.6,6614.8,6827.7,6808.25,True
2018-05-10,121.0,61.7,188.7,82.5,6946.9,6893.0,7078.5,6971.25,6850.4,6687.1,6903.3,6888.75,True
2018-05-11,112.9,57.6,176.2,51.25,7012.5,6962.2,7135.2,6979.5,6922.5,6770.1,6971.8,6928.25,True
2018-05-14,91.7,46.8,143.2,58.0,6998.6,6957.7,7098.3,7013.5,6925.5,6801.7,6965.5,6955.5,True
2018-05-15,89.0,45.4,139.2,122.5,7011.4,6971.8,7108.2,6976.75,6940.5,6820.3,6979.4,6854.25,True
2018-05-16,100.7,51.4,157.5,78.0,6932.9,6888.0,7042.3,6953.5,6852.6,6716.7,6896.6,6875.5,True
2018-05-17,95.8,48.9,149.8,87.0,6977.6,6934.8,7081.7,6962.0,6901.2,6771.9,6943.0,6875.0,True
2018-05-18,95.8,48.9,149.8,74.0,6946.0,6903.3,7050.1,6936.25,6869.7,6740.4,6911.5,6862.25,True
2018-05-21,97.1,49.6,151.9,75.5,6914.8,6871.6,7020.3,6957.0,6837.4,6706.4,6879.9,6881.5,False
2018-05-22,99.6,51.0,155.8,64.75,6957.6,6913.2,7065.8,6954.75,6878.2,6743.9,6921.9,6890.0,True
2018-05-23,90.1,46.3,141.1,131.75,6947.1,6907.0,7045.0,6961.5,6875.3,6753.8,6914.8,6829.75,True
2018-05-24,103.3,52.9,161.4,89.75,7000.4,6954.4,7112.6,6975.0,6918.1,6778.8,6963.3,6885.25,True
2018-05-25,98.2,50.8,153.3,61.25,6998.6,6954.8,7105.2,7003.75,6920.3,6787.8,6963.3,6942.5,True
2018-05-29,92.5,47.9,144.4,104.5,6999.2,6957.9,7099.6,6995.0,6925.4,6800.7,6965.9,6890.5,True
2018-05-30,98.1,50.8,153.0,76.25,6985.8,6942.0,7092.3,6994.75,6907.5,6775.3,6950.5,6918.5,True
2018-05-31,96.4,49.9,150.3,65.25,7027.8,6984.8,7132.4,7023.5,6950.9,6821.0,6993.1,6958.25,True
2018-06-01,86.5,44.8,135.0,113.25,7013.4,6974.8,7107.3,7090.5,6944.4,6827.8,6982.3,6977.25,True
2018-06-04,93.6,48.4,146.0,79.75,7122.4,7080.7,7223.9,7151.5,7047.8,6921.6,7088.7,7071.75,True
2018-06-05,93.3,48.3,145.5,50.0,7187.5,7145.9,7288.7,7187.5,7113.1,6987.4,7153.9,7137.5,True
2018-06-06,82.6,42.8,128.9,80.0,7214.0,7177.2,7303.6,7222.25,7148.2,7036.9,7184.3,7142.25,True
2018-06-07,84.5,43.7,131.8,117.5,7250.6,7212.9,7342.2,7234.25,7183.2,7069.3,7220.2,7116.75,True
2018-06-08,92.7,47.9,144.3,85.25,7200.0,7158.7,7300.5,7163.0,7126.1,7001.2,7166.7,7077.75,True
2018-06-11,87.1,45.0,135.6,64.0,7188.1,7149.3,7282.6,7189.0,7118.7,7001.4,7156.8,7125.0,True
2018-06-12,83.1,43.0,129.3,63.75,7205.2,7168.2,7295.3,7219.25,7139.0,7027.1,7175.3,7155.5,True
2018-06-13,84.4,43.7,131.6,70.75,7235.0,7197.4,7326.5,7262.75,7167.7,7054.1,7204.6,7192.0,True
2018-06-14,84.4,43.7,131.5,114.0,7239.8,7202.1,7331.2,7292.25,7172.5,7058.8,7209.4,7178.25,True
2018-06-15,89.1,46.1,138.8,62.5,7321.2,7281.5,7417.8,7291.75,7250.2,7130.3,7289.2,7229.25,True
2018-06-18,80.9,41.9,126.1,80.5,7291.5,7255.5,7379.2,7289.25,7227.1,7118.1,7262.4,7208.75,True
2018-06-19,84.5,43.7,131.7,121.5,7311.6,7273.9,7403.1,7279.0,7244.2,7130.5,7281.1,7157.5,True
2018-06-20,94.0,48.6,146.2,109.75,7291.8,7249.9,7393.6,7336.5,7216.9,7090.4,7258.0,7226.75,True
2018-06-21,98.8,51.1,153.7,132.25,7354.8,7310.8,7461.8,7358.5,7276.1,7143.1,7319.3,7226.25,True
2018-06-22,101.8,52.6,157.3,75.75,7280.6,7235.2,7390.8,7274.0,7199.4,7062.5,7243.9,7198.25,True
2018-06-25,98.0,51.1,152.5,227.25,7264.0,7220.3,7370.1,7222.75,7185.8,7054.0,7228.7,6995.5,False
2018-06-26,121.4,63.2,188.8,89.5,7124.6,7070.5,7256.0,7130.0,7027.8,6863.8,7080.9,7040.5,True
2018-06-27,110.8,57.8,172.5,163.5,7150.6,7101.2,7270.5,7151.5,7062.3,6912.6,7110.7,6988.0,True
2018-06-28,121.7,63.4,189.4,120.5,7049.5,6995.2,7181.1,7076.5,6952.4,6788.0,7005.6,6956.0,True
2018-06-29,119.9,62.5,186.4,78.75,7111.0,7057.5,7240.7,7123.75,7015.3,6853.4,7067.8,7045.0,True
2018-07-02,116.5,60.7,181.2,132.25,7115.8,7063.8,7241.8,7119.75,7022.9,6865.5,7073.8,6987.5,True
2018-07-03,114.5,59.6,177.9,142.75,7164.7,7113.6,7288.5,7165.0,7073.4,6918.7,7123.5,7022.25,True
2018-07-05,119.4,62.2,185.5,113.0,7074.0,7020.8,7203.1,7128.0,6978.8,6817.5,7031.0,7015.0,True
2018-07-06,114.9,59.8,178.3,136.5,7174.1,7122.9,7298.3,7237.75,7082.5,6927.3,7132.7,7101.25,True
2018-07-09,121.2,63.1,188.1,71.25,7284.5,7230.5,7415.5,7303.5,7187.9,7024.2,7240.9,7232.25,True
2018-07-10,115.1,59.9,178.7,76.0,7348.7,7297.4,7473.1,7335.5,7256.9,7101.5,7307.2,7259.5,True
2018-07-11,108.8,56.6,168.8,85.5,7347.3,7298.8,7464.9,7290.0,7260.6,7113.6,7308.1,7204.5,False
2018-07-12,102.6,53.3,159.1,137.5,7296.9,7251.2,7407.8,7387.0,7215.1,7076.6,7260.0,7249.5,True
2018-07-13,112.0,58.2,173.6,47.25,7429.9,7379.9,7550.9,7414.25,7340.6,7189.3,7389.5,7367.0,True
2018-07-16,92.5,48.1,143.5,97.75,7431.9,7390.7,7531.9,7413.75,7358.2,7233.3,7398.6,7316.0,True
2018-07-17,100.2,52.1,155.4,143.5,7367.2,7322.5,7475.4,7436.0,7287.3,7152.0,7331.1,7292.5,True
2018-07-18,113.4,58.9,175.5,56.25,7469.5,7418.9,7591.9,7437.75,7379.1,7225.9,7428.6,7381.5,True
2018-07-19,101.7,52.8,157.5,61.25,7447.3,7401.9,7557.1,7416.0,7366.3,7228.9,7410.7,7354.75,True
2018-07-20,92.4,48.0,143.2,63.0,7406.6,7365.4,7506.4,7413.75,7333.0,7208.2,7373.3,7350.75,True
2018-07-23,93.6,48.6,145.1,121.25,7399.4,7357.6,7500.4,7432.75,7324.8,7198.4,7365.7,7311.5,True
2018-07-24,102.7,53.3,158.8,103.0,7473.7,7427.9,7584.6,7489.75,7391.9,7253.2,7436.7,7386.75,True
2018-07-25,95.5,49.6,147.8,133.0,7456.5,7413.9,7559.5,7530.0,7380.3,7251.4,7422.0,7397.0,True
2018-07-26,108.5,56.2,167.7,88.0,7515.2,7466.8,7632.2,7450.0,7428.7,7282.2,7476.1,7362.0,False
2018-07-27,105.2,54.5,162.6,203.5,7475.0,7428.0,7588.5,7467.0,7391.2,7249.1,7437.1,7263.5,True
2018-07-30,127.7,66.0,198.3,142.5,7355.0,7298.0,7492.8,7309.25,7253.2,7080.8,7309.0,7166.75,True
2018-07-31,124.5,64.3,193.3,108.75,7252.9,7197.3,7387.2,7298.0,7153.6,6985.6,7208.0,7189.25,True
2018-08-01,123.2,63.8,190.2,62.75,7296.6,7241.6,7429.5,7303.75,7198.4,7032.1,7252.2,7241.0,True
2018-08-02,111.8,57.9,172.6,181.0,7324.1,7274.1,7444.7,7395.25,7234.9,7084.1,7283.8,7214.25,True
2018-08-03,134.1,69.3,208.2,52.75,7442.2,7382.3,7586.8,7415.0,7335.3,7154.4,7393.9,7362.25,True
2018-08-06,106.1,54.9,165.0,62.25,7446.7,7399.3,7561.1,7449.75,7362.1,7218.9,7408.4,7387.5,True
2018-08-07,98.4,50.9,153.1,46.5,7485.4,7441.5,7591.5,7486.75,7407.0,7274.2,7449.9,7440.25,True
2018-08-08,88.0,45.4,136.9,53.5,7514.3,7475.0,7609.2,7496.0,7444.2,7325.5,7482.6,7442.5,True
2018-08-09,87.2,45.0,135.8,46.75,7508.2,7469.3,7602.2,7505.5,7438.7,7321.1,7476.8,7458.75,True
2018-08-10,68.7,35.5,107.0,82.0,7504.4,7473.7,7578.5,7472.75,7449.7,7357.0,7479.6,7390.75,False
2018-08-13,75.3,38.9,117.2,100.75,7458.7,7424.9,7539.9,7479.0,7398.7,7297.1,7431.5,7378.25,True
2018-08-14,81.2,41.9,126.2,68.0,7451.2,7414.8,7538.7,7465.0,7386.5,7277.0,7421.9,7397.0,True
2018-08-15,82.2,42.4,127.7,148.25,7492.4,7455.5,7581.0,7464.75,7426.8,7316.0,7462.7,7316.5,True
2018-08-16,98.7,50.9,153.7,71.25,7415.6,7371.3,7522.0,7434.5,7336.9,7203.8,7380.0,7363.25,True
2018-08-17,95.1,49.0,148.0,85.25,7429.0,7386.4,7531.5,7407.0,7353.2,7225.1,7394.7,7321.75,True
2018-08-20,97.4,50.2,151.5,69.25,7428.8,7385.1,7533.7,7420.75,7351.1,7219.9,7393.6,7351.5,True
2018-08-21,92.5,47.7,144.0,83.25,7425.9,7384.5,7525.6,7452.25,7352.2,7227.6,7392.6,7369.0,True
2018-08-22,96.1,49.5,149.5,92.75,7438.0,7394.9,7541.5,7444.75,7361.4,7231.9,7403.3,7352.0,True
2018-08-23,90.5,46.7,141.1,63.75,7471.4,7430.8,7568.9,7475.0,7399.2,7277.3,7438.7,7411.25,True
2018-08-24,86.3,44.6,134.5,76.75,7460.8,7422.2,7553.8,7499.5,7392.1,7275.8,7429.7,7422.75,True
2018-08-27,86.4,44.7,133.6,70.25,7532.1,7493.4,7625.2,7569.0,7463.3,7346.9,7501.0,7498.75,True
2018-08-28,86.3,44.6,133.4,33.0,7604.4,7565.7,7697.3,7597.25,7535.6,7419.3,7573.2,7564.25,True
2018-08-29,73.1,37.8,113.2,93.5,7608.8,7576.0,7687.5,7674.5,7550.5,7452.1,7582.4,7581.0,True
2018-08-30,79.3,40.9,122.5,70.75,7702.2,7666.6,7787.6,7697.0,7638.9,7532.2,7673.5,7626.25,True
2018-08-31,77.2,39.9,119.4,49.0,7681.5,7646.9,7764.7,7682.25,7620.0,7516.0,7653.6,7633.25,True
2018-09-04,71.4,36.9,110.5,107.0,7691.3,7659.3,7768.2,7693.75,7634.4,7538.3,7665.5,7586.75,True
2018-09-05,78.5,40.6,121.5,140.0,7671.8,7636.6,7756.4,7643.25,7609.2,7503.6,7643.5,7503.25,False
2018-09-06,92.6,47.8,144.3,136.75,7570.8,7529.3,7670.5,7544.5,7496.9,7371.9,7537.3,7407.75,True
2018-09-07,97.7,50.3,152.1,101.75,7498.7,7454.9,7603.9,7494.75,7420.8,7288.8,7463.4,7393.0,True
2018-09-10,99.2,51.3,153.8,69.5,7480.3,7435.9,7587.1,7483.5,7401.2,7267.2,7444.5,7414.0,True
2018-09-11,98.6,51.2,153.1,120.25,7501.8,7457.6,7607.9,7524.75,7423.2,7290.0,7466.2,7404.5,True
2018-09-12,106.7,55.4,165.5,116.0,7557.0,7509.2,7671.8,7541.0,7471.9,7327.8,7518.4,7425.0,True
2018-09-13,104.5,54.2,162.1,113.25,7529.8,7483.0,7642.3,7583.25,7446.4,7305.4,7492.0,7470.0,True
2018-09-14,103.3,53.6,159.4,83.5,7608.0,7561.8,7719.2,7598.75,7525.7,7386.2,7570.7,7515.25,True
2018-09-17,98.8,51.4,152.5,117.75,7586.4,7542.1,7692.7,7547.25,7507.6,7374.2,7550.7,7429.5,True
2018-09-18,104.3,54.2,160.9,141.75,7480.2,7433.5,7592.5,7535.25,7397.0,7256.2,7442.5,7393.5,True
2018-09-19,110.6,57.4,170.2,74.75,7541.8,7492.3,7660.9,7517.25,7453.6,7304.3,7501.9,7442.5,True
2018-09-20,100.8,52.4,155.4,102.25,7539.9,7494.9,7648.4,7587.5,7459.5,7323.5,7503.6,7485.25,True
2018-09-21,103.9,53.9,160.1,48.25,7623.5,7577.0,7735.3,7619.25,7540.6,7400.4,7586.0,7571.0,True
2018-09-24,93.9,48.8,144.7,120.25,7628.5,7586.5,7729.6,7594.0,7553.7,7426.9,7594.6,7473.75,True
2018-09-25,101.4,52.6,156.3,52.75,7628.7,7583.3,7737.8,7603.25,7547.8,7411.0,7592.1,7550.5,True
2018-09-26,85.2,44.3,131.5,90.5,7631.1,7593.0,7722.8,7668.0,7563.2,7448.2,7600.4,7577.5,True
2018-09-27,90.8,47.1,139.9,100.25,7628.5,7587.9,7726.2,7686.25,7556.1,7433.5,7595.7,7586.0,True
2018-09-28,92.3,48.0,142.3,60.0,7696.1,7654.9,7795.4,7677.0,7622.5,7497.9,7662.8,7617.0,True
2018-10-01,90.2,46.9,139.3,76.75,7693.2,7652.9,7790.3,7728.75,7621.3,7499.6,7660.7,7652.0,True
2018-10-02,86.8,45.1,133.9,82.5,7712.1,7673.3,7805.4,7712.75,7642.9,7525.7,7680.7,7630.25,True
2018-10-03,90.6,47.1,139.8,62.25,7690.9,7650.4,7788.4,7703.75,7618.7,7496.4,7658.2,7641.5,True
2018-10-04,85.6,44.5,132.1,194.5,7700.8,7662.5,7792.9,7651.0,7632.6,7517.0,7669.9,7456.5,False
2018-10-05,104.5,54.1,161.5,193.0,7558.3,7511.3,7670.7,7540.0,7474.9,7333.8,7520.5,7347.0,True
2018-10-08,119.5,61.8,184.7,166.75,7486.3,7432.7,7614.9,7453.25,7391.0,7229.7,7443.2,7286.5,True
2018-10-09,127.2,65.8,196.5,118.75,7445.3,7388.2,7582.1,7455.75,7343.9,7172.1,7399.4,7337.0,True
2018-10-10,128.2,66.3,197.9,412.0,7453.0,7395.4,7590.9,7412.0,7350.7,7177.6,7406.7,7000.0,False
2018-10-11,174.5,90.0,268.7,230.25,7105.5,7027.1,7293.2,7138.0,6966.3,6730.4,7042.5,6907.75,True
2018-10-12,174.9,90.1,269.0,163.5,7104.7,7026.1,7292.8,7197.75,6965.1,6728.7,7041.5,7034.25,True
2018-10-15,173.7,89.4,266.9,118.25,7245.4,7167.4,7432.2,7179.0,7106.8,6872.1,7182.7,7060.75,True
2018-10-16,163.3,84.2,251.3,294.0,7145.3,7072.0,7320.9,7357.5,7015.0,6794.3,7086.3,7063.5,False
2018-10-17,204.8,105.3,317.2,147.0,7440.0,7348.1,7660.8,7368.5,7276.6,6999.8,7366.0,7221.5,True
2018-10-18,170.4,87.7,264.1,215.0,7385.0,7308.5,7568.7,7309.5,7249.1,7018.8,7323.5,7094.5,True
2018-10-19,170.8,87.7,264.3,151.5,7209.7,7133.0,7393.8,7244.25,7073.4,6842.6,7148.0,7092.75,True
2018-10-22,165.8,85.3,256.9,153.5,7176.3,7101.9,7355.1,7210.5,7044.0,6820.0,7116.4,7057.0,True
2018-10-23,171.7,88.3,266.0,220.0,7227.6,7150.5,7412.7,7164.0,7090.6,6858.6,7165.5,6944.0,True
2018-10-24,171.7,88.3,265.8,389.25,7212.6,7135.5,7397.6,7175.0,7075.6,6843.6,7150.5,6785.75,False
2018-10-25,201.8,103.5,314.4,259.0,6921.2,6830.7,7138.8,7075.75,6760.2,6487.1,6848.3,6816.75,True
2018-10-26,208.8,107.0,325.1,252.25,7014.4,6920.8,7239.5,6986.5,6847.8,6565.3,6939.0,6734.25,True
2018-10-29,220.6,113.0,343.2,411.0,6986.1,6887.2,7223.9,6991.5,6810.1,6511.6,6906.5,6580.5,True
2018-10-30,254.9,130.5,396.7,188.25,6843.6,6729.3,7118.3,6849.25,6640.2,6295.3,6751.5,6661.0,True
2018-10-31,244.0,125.0,379.9,222.5,6918.0,6808.6,7181.0,7039.25,6723.3,6393.2,6829.9,6816.75,True
2018-11-01,241.8,123.9,376.5,143.0,7077.4,6968.9,7337.9,7079.75,6884.4,6557.2,6990.0,6936.75,True
2018-11-02,226.2,115.9,352.2,232.0,7173.1,7071.6,7416.8,7143.25,6992.6,6686.5,7091.3,6911.25,True
2018-11-05,231.6,118.8,360.9,133.5,7077.9,6974.0,7327.3,6998.5,6893.0,6579.6,6994.1,6865.0,True
2018-11-06,191.3,98.2,298.3,128.0,7030.1,6944.3,7236.2,7034.75,6877.4,6618.6,6961.0,6906.75,True
2018-11-07,183.0,94.7,285.2,253.5,7093.6,7011.6,7290.7,7225.0,6947.6,6700.0,7027.5,6971.5,True
2018-11-08,202.6,104.9,312.7,99.0,7303.9,7213.0,7522.1,7231.0,7142.2,6868.1,7230.6,7132.0,True
2018-11-09,180.7,93.6,279.2,177.25,7242.2,7161.1,7436.8,7166.25,7097.9,6853.5,7176.8,6989.0,True
2018-11-12,176.1,91.2,272.0,278.0,7105.4,7026.5,7295.1,7103.75,6964.9,6726.7,7041.8,6825.75,True
2018-11-13,195.2,100.9,304.1,160.75,6917.2,6829.8,7127.5,6962.0,6761.4,6497.4,6846.7,6801.25,True
2018-11-14,191.9,99.3,298.8,183.5,6933.8,6847.9,7140.5,6929.5,6780.7,6521.1,6864.5,6746.0,True
2018-11-15,185.6,95.9,288.7,208.25,6846.4,6763.3,7046.3,6920.5,6698.3,6447.3,6779.4,6712.25,True
2018-11-16,203.8,105.3,316.8,108.75,7001.4,6910.1,7220.8,6915.0,6838.7,6563.1,6927.7,6806.25,True
2018-11-19,186.1,96.2,289.2,302.25,6973.6,6890.3,7174.0,6934.5,6825.1,6573.4,6906.4,6632.25,True
2018-11-20,199.9,103.2,312.9,220.5,6756.2,6666.7,6971.4,6670.0,6596.7,6326.3,6684.0,6449.5,True
2018-11-21,199.8,103.4,312.3,138.75,6616.6,6527.2,6831.8,6647.75,6457.2,6187.0,6544.5,6509.0,True
2018-11-23,190.5,98.6,297.8,106.5,6656.5,6571.2,6861.6,6601.5,6504.5,6246.9,6587.7,6495.0,True
2018-11-26,173.7,89.9,271.7,166.0,6604.1,6526.4,6791.2,6696.5,6465.5,6230.7,6541.4,6530.5,True
2018-11-27,187.8,97.3,294.0,109.75,6752.3,6668.3,6954.5,6723.0,6602.5,6348.5,6684.5,6613.25,True
2018-11-28,160.4,83.3,249.6,214.25,6780.0,6708.3,6952.7,6923.5,6652.1,6435.2,6722.1,6709.25,True
2018-11-29,172.9,89.6,268.6,100.75,6991.1,6913.7,7177.2,6943.75,6853.1,6619.3,6928.6,6843.0,True
2018-11-30,153.0,79.5,238.1,95.75,6977.7,6909.2,7142.4,6967.25,6855.6,6648.7,6922.4,6871.5,True
2018-12-03,150.1,78.5,233.5,123.75,7012.7,6945.6,7174.3,7139.0,6892.9,6690.0,6958.5,7015.25,False
2018-12-04,147.7,77.3,229.9,272.25,7120.4,7054.4,7279.4,7055.25,7002.6,6802.9,7067.1,6783.0,False
2018-12-06,171.3,89.6,268.2,224.0,6875.4,6798.8,7059.7,6854.25,6738.7,6506.6,6813.5,6630.25,True
2018-12-07,170.8,89.2,267.1,261.75,6896.4,6820.0,7080.2,6856.5,6760.1,6528.8,6834.8,6594.75,True
2018-12-10,187.3,97.7,292.5,179.25,6702.3,6618.6,6903.9,6714.5,6552.9,6299.2,6634.7,6535.25,True
2018-12-11,194.1,101.3,301.1,157.5,6781.0,6694.2,6989.8,6808.75,6626.1,6363.2,6710.9,6651.25,True
2018-12-12,194.8,101.7,302.0,188.5,6799.0,6711.9,7008.6,6872.0,6643.6,6379.8,6728.7,6683.5,True
2018-12-13,193.8,101.1,300.3,115.5,6850.6,6764.0,7059.1,6838.5,6696.0,6433.5,6780.6,6723.0,True
2018-12-14,174.6,91.9,270.4,177.5,6825.5,6747.5,7013.4,6760.75,6686.2,6449.8,6762.5,6583.25,True
2018-12-17,166.5,87.7,257.9,234.0,6669.6,6595.2,6848.7,6635.25,6536.8,6311.3,6609.5,6401.25,True
2018-12-18,174.6,92.2,269.9,120.0,6539.7,6461.7,6727.6,6555.75,6400.4,6164.1,6476.7,6435.75,True
2018-12-19,161.9,85.8,250.1,311.75,6530.9,6458.6,6705.1,6594.0,6401.7,6182.6,6472.5,6282.25,True
2018-12-20,187.2,99.0,291.3,223.5,6413.6,6329.9,6614.9,6385.25,6264.2,6010.8,6346.0,6161.75,True
2018-12-21,196.2,103.7,304.9,75.75,6391.1,6303.4,6602.2,6317.75,6234.5,5969.0,6320.3,6242.0,True
2018-12-24,167.1,88.4,260.2,234.25,6327.6,6252.9,6507.3,6123.0,6194.3,5968.1,6267.3,5888.75,False
2018-12-26,173.4,91.7,270.0,489.5,5965.0,5887.2,6151.5,6310.0,5826.6,5591.1,5902.4,5820.5,False
2018-12-27,247.0,130.1,383.9,279.75,6389.5,6278.6,6655.9,6333.0,6192.4,5856.9,6300.3,6053.25,True
2018-12-28,237.9,125.5,369.6,158.75,6423.6,6316.9,6680.2,6402.5,6233.8,5910.7,6337.8,6243.75,True
2018-12-31,220.5,116.4,342.7,93.75,6386.0,6287.1,6623.9,6376.75,6210.1,5910.6,6306.5,6283.0,True
2019-01-02,214.2,112.7,333.1,255.25,6423.4,6327.3,6654.4,6409.25,6252.5,5961.6,6346.1,6154.0,True
2019-01-03,235.8,124.0,366.3,155.75,6470.2,6364.5,6724.5,6304.25,6282.1,5961.9,6385.1,6148.5,False
2019-01-04,184.9,97.4,287.5,325.5,6239.8,6156.8,6439.2,6462.0,6092.3,5841.2,6173.1,6136.5,False
2019-01-07,215.6,113.6,335.0,133.25,6524.7,6427.9,6758.7,6535.75,6352.7,6060.0,6446.9,6402.5,True
2019-01-08,199.7,105.3,310.5,119.0,6580.5,6490.8,6797.2,6586.25,6421.2,6150.1,6508.5,6467.25,True
2019-01-09,199.9,105.4,311.0,98.25,6641.4,6551.6,6858.2,6645.0,6481.9,6210.5,6569.2,6546.75,True
2019-01-10,178.6,94.0,278.4,114.25,6679.9,6599.7,6873.6,6641.75,6537.4,6295.0,6615.5,6527.5,True
2019-01-11,174.0,91.6,271.2,60.5,6698.5,6620.3,6887.2,6632.5,6559.7,6323.5,6635.7,6572.0,True
2019-01-14,130.0,68.1,202.8,81.0,6667.5,6609.1,6808.4,6602.5,6563.8,6387.3,6620.5,6521.5,False
2019-01-15,123.3,64.5,192.4,146.75,6596.9,6541.4,6730.6,6689.0,6498.5,6331.2,6552.4,6542.25,True
2019-01-16,135.6,70.9,211.4,73.25,6733.8,6672.8,6880.8,6737.25,6625.7,6441.6,6684.9,6664.0,True
2019-01-17,123.7,64.8,193.1,147.75,6718.3,6662.6,6852.4,6760.0,6619.6,6451.8,6673.7,6612.25,True
2019-01-18,136.2,71.3,212.5,116.25,6777.3,6716.0,6924.9,6828.25,6668.7,6483.9,6728.2,6712.0,True
2019-01-22,140.9,73.8,220.0,183.0,6852.1,6788.6,7004.7,6794.5,6739.7,6548.5,6801.2,6611.5,True
2019-01-23,156.2,81.8,243.8,132.0,6718.7,6648.4,6887.9,6724.25,6594.1,6382.2,6662.4,6592.25,True
2019-01-24,148.3,77.6,231.4,65.5,6727.7,6660.9,6888.3,6718.5,6609.4,6408.2,6674.1,6653.0,True
2019-01-25,137.5,71.2,214.7,133.75,6732.9,6671.0,6881.8,6810.5,6623.2,6436.7,6683.2,6676.75,True
2019-01-28,146.8,76.0,229.3,142.75,6853.0,6787.0,7012.0,6791.0,6735.9,6536.8,6800.0,6648.25,True
2019-01-29,146.9,76.1,229.5,104.25,6763.6,6697.5,6922.6,6721.0,6646.4,6447.2,6710.6,6616.75,True
2019-01-30,127.2,65.9,198.8,187.5,6692.3,6635.0,6830.0,6845.25,6590.8,6418.3,6646.4,6657.75,False
2019-01-31,142.6,73.8,222.6,103.75,6897.3,6833.1,7052.3,6943.0,6783.5,6590.1,6845.8,6839.25,True
2019-02-01,140.4,72.7,219.2,67.0,6973.8,6910.7,7126.5,6927.5,6861.9,6671.5,6923.2,6860.5,True
2019-02-04,126.7,65.6,198.0,124.75,6931.1,6874.1,7068.8,6983.0,6830.0,6658.2,6885.4,6858.25,True
2019-02-05,129.7,67.2,202.5,105.5,6992.1,6933.7,7133.1,7033.75,6888.6,6712.8,6945.3,6928.25,True
2019-02-06,128.0,66.3,199.9,66.5,7061.9,7004.3,7201.1,7038.75,6959.8,6786.2,7015.7,6972.25,True
2019-02-07,104.1,54.0,162.7,138.5,7039.6,6992.7,7152.8,6994.75,6956.5,6815.4,7002.0,6856.25,True
2019-02-08,112.8,58.4,176.0,85.25,6953.0,6902.2,7075.6,6926.25,6863.0,6710.1,6912.3,6841.0,True
2019-02-11,110.4,57.1,172.3,73.25,6963.2,6913.6,7083.3,6969.5,6875.2,6725.5,6923.4,6896.25,True
2019-02-12,102.5,53.1,160.2,125.5,6957.4,6911.3,7068.8,7028.5,6875.6,6736.7,6920.4,6903.0,True
2019-02-13,111.1,57.6,173.6,57.75,7065.3,7015.3,7186.1,7069.75,6976.7,6826.1,7025.2,7012.0,True
2019-02-14,103.3,53.6,161.6,85.5,7059.7,7013.3,7172.0,7057.5,6977.4,6837.4,7022.5,6972.0,True
2019-02-15,100.1,51.9,156.6,120.0,7061.9,7016.9,7170.7,7095.25,6982.0,6846.4,7025.8,6975.25,True
2019-02-19,107.1,55.5,167.4,59.5,7108.8,7060.7,7225.3,7094.75,7023.4,6878.3,7070.2,7035.25,True
2019-02-20,99.5,51.7,155.4,72.75,7110.1,7065.4,7218.3,7105.0,7030.8,6896.0,7074.2,7032.25,True
2019-02-21,93.1,48.4,145.7,108.75,7112.4,7070.6,7213.6,7113.75,7038.2,6912.1,7078.8,7005.0,True
2019-02-22,101.6,52.9,158.9,82.0,7077.3,7031.6,7187.7,7101.25,6996.2,6858.6,7040.6,7019.25,True
2019-02-25,98.2,51.1,153.6,66.5,7129.6,7085.4,7236.3,7168.5,7051.3,6918.2,7094.1,7102.0,False
2019-02-26,89.5,46.6,140.1,77.75,7163.4,7123.2,7260.7,7151.0,7092.1,6970.8,7131.2,7073.25,True
2019-02-27,92.6,48.3,144.5,83.75,7156.7,7115.1,7257.4,7131.75,7082.9,6957.5,7123.4,7048.0,True
2019-02-28,93.6,48.8,146.0,58.25,7161.1,7119.1,7262.9,7130.75,7086.5,6959.7,7127.4,7072.5,True
2019-03-01,83.5,43.5,130.3,66.25,7137.6,7100.1,7228.4,7164.5,7071.0,6958.0,7107.6,7098.25,True
2019-03-04,82.3,42.9,128.5,137.0,7190.6,7153.7,7280.1,7211.5,7125.0,7013.6,7161.0,7074.5,True
2019-03-05,94.7,49.3,148.2,57.75,7185.6,7143.1,7288.5,7182.0,7110.1,6981.9,7151.5,7124.25,True
2019-03-06,85.8,44.7,134.3,64.25,7201.6,7163.1,7294.8,7171.25,7133.2,7017.0,7170.7,7107.0,True
2019-03-07,83.4,43.5,130.6,120.0,7146.3,7108.9,7237.0,7123.25,7079.8,6966.9,7116.3,7003.25,True
2019-03-08,93.7,48.7,146.5,95.0,7066.9,7024.8,7168.7,7034.0,6992.2,6865.3,7033.2,6939.0,True
2019-03-11,95.2,49.5,148.8,179.25,7066.8,7024.0,7170.2,7176.75,6990.9,6862.0,7032.5,6997.5,False
2019-03-12,109.3,56.7,172.3,59.75,7210.7,7161.6,7329.7,7223.0,7123.6,6975.6,7171.4,7163.25,True
2019-03-13,99.5,51.7,157.2,111.75,7248.4,7203.7,7356.6,7295.5,7169.0,7034.3,7212.5,7183.75,True
2019-03-14,110.6,57.5,174.6,55.75,7314.3,7264.6,7434.6,7293.5,7226.1,7076.4,7274.4,7237.75,True
2019-03-15,97.5,50.7,153.9,45.0,7280.8,7237.0,7386.8,7288.0,7203.0,7071.0,7245.6,7243.0,True
2019-03-18,89.4,46.4,141.3,57.75,7308.0,7267.8,7405.2,7379.5,7236.7,7115.7,7275.7,7321.75,False
2019-03-19,77.3,40.2,121.3,70.0,7393.3,7358.6,7477.4,7421.25,7331.7,7227.0,7365.5,7351.25,True
2019-03-20,79.2,41.3,124.5,108.5,7409.8,7374.3,7496.0,7458.0,7346.7,7239.5,7381.3,7349.5,True
2019-03-21,81.5,42.4,127.8,173.25,7443.8,7407.2,7532.4,7541.0,7378.9,7268.5,7414.5,7367.75,False
2019-03-22,102.5,53.2,162.3,191.75,7577.7,7531.6,7689.3,7544.75,7496.0,7357.2,7540.8,7353.0,False
2019-03-25,118.8,61.6,188.2,100.5,7418.8,7365.4,7548.2,7390.5,7324.1,7162.7,7376.0,7290.0,True
2019-03-26,116.7,60.6,185.0,107.0,7404.4,7351.9,7531.5,7447.5,7311.3,7152.9,7362.4,7340.5,True
2019-03-27,121.7,63.1,192.8,128.75,7428.0,7373.3,7560.5,7404.75,7331.0,7165.7,7384.2,7276.0,True
2019-03-28,126.1,65.4,199.4,83.0,7387.6,7330.9,7524.9,7372.5,7287.0,7115.8,7342.2,7289.5,True
2019-03-29,113.7,59.0,179.8,64.25,7399.9,7348.8,7523.7,7414.5,7309.2,7154.8,7358.9,7350.25,True
2019-04-01,99.0,51.5,156.8,78.0,7442.2,7397.7,7550.0,7506.5,7363.3,7228.8,7406.5,7428.5,False
2019-04-02,99.5,51.7,157.6,48.75,7540.4,7495.7,7648.7,7532.5,7461.1,7326.0,7504.6,7483.75,True
2019-04-03,88.8,46.2,140.9,103.0,7556.6,7516.7,7653.3,7616.25,7485.9,7365.3,7524.7,7513.25,True
2019-04-04,91.0,47.3,144.3,76.0,7620.6,7579.7,7719.6,7598.0,7548.0,7424.5,7587.8,7522.0,True
2019-04-05,87.5,45.5,138.8,56.75,7598.3,7559.0,7693.6,7612.75,7528.6,7409.8,7566.9,7556.0,True
2019-04-08,84.7,44.0,134.4,68.0,7639.9,7601.9,7732.1,7629.25,7572.4,7457.4,7609.5,7561.25,True
2019-04-09,83.7,43.6,132.9,55.0,7658.7,7621.1,7749.9,7633.75,7592.0,7478.4,7628.6,7578.75,True
2019-04-10,81.9,42.7,130.1,70.25,7627.7,7590.9,7716.9,7646.0,7562.5,7451.3,7598.3,7575.75,True
2019-04-11,78.1,40.7,124.1,59.5,7674.1,7639.0,7759.2,7661.0,7611.9,7505.9,7646.0,7601.5,True
2019-04-12,74.6,38.9,118.6,54.0,7648.7,7615.1,7729.9,7665.0,7589.2,7488.0,7621.8,7611.0,True
2019-04-15,73.2,38.1,116.2,60.25,7683.1,7650.2,7762.8,7659.0,7624.7,7525.4,7656.7,7598.75,True
2019-04-16,72.7,37.9,115.5,46.25,7678.4,7645.7,7757.5,7695.0,7620.4,7521.8,7652.2,7648.75,True
2019-04-17,70.3,36.6,111.8,65.0,7709.1,7677.5,7785.6,7733.5,7653.1,7557.7,7683.8,7668.5,True
2019-04-18,71.6,37.4,113.7,62.75,7719.9,7687.7,7797.8,7723.0,7662.8,7565.7,7694.1,7660.25,True
2019-04-22,71.8,37.5,114.1,77.0,7742.7,7710.5,7820.9,7746.75,7685.5,7588.1,7716.9,7669.75,True
2019-04-23,75.5,39.5,120.1,119.25,7766.5,7732.6,7848.7,7843.75,7706.4,7604.0,7739.4,7724.5,True
2019-04-24,85.9,44.8,136.4,50.5,7874.2,7835.6,7967.7,7852.75,7805.7,7689.2,7843.3,7802.25,True
2019-04-25,78.2,40.8,124.3,87.5,7880.7,7845.5,7965.8,7879.5,7818.3,7712.3,7852.5,7792.0,True
2019-04-26,83.3,43.5,132.2,90.0,7833.6,7796.2,7924.2,7845.5,7767.2,7654.2,7803.6,7755.5,True
2019-04-29,86.3,45.1,137.1,62.25,7876.6,7837.8,7970.5,7867.75,7807.8,7690.8,7845.5,7805.5,True
2019-04-30,80.6,42.5,128.0,117.0,7847.7,7811.5,7935.4,7857.0,7783.4,7674.2,7818.7,7740.0,True
2019-05-01,84.9,44.6,134.5,131.25,7835.8,7797.6,7928.1,7867.25,7768.0,7653.0,7805.2,7736.0,True
2019-05-02,95.3,50.0,150.7,122.75,7796.6,7753.8,7900.3,7805.0,7720.6,7591.5,7762.3,7682.25,True
2019-05-03,99.1,52.0,156.7,137.75,7776.0,7731.5,7883.8,7872.5,7696.9,7562.7,7740.3,7734.75,True
2019-05-06,108.7,56.9,171.5,150.0,7910.8,7861.9,8029.0,7817.5,7824.1,7676.8,7871.7,7667.5,False
2019-05-07,117.9,61.7,185.9,222.75,7853.2,7800.1,7981.4,7804.0,7759.1,7598.7,7810.7,7581.25,False
2019-05-08,133.5,69.6,210.4,98.0,7730.2,7670.2,7875.4,7698.0,7623.7,7441.1,7682.2,7600.0,True
2019-05-09,122.7,64.0,193.6,163.5,7699.2,7644.0,7832.6,7644.5,7601.3,7433.5,7655.0,7481.0,True
2019-05-10,133.2,69.4,209.9,218.75,7651.3,7591.5,7796.2,7654.5,7545.0,7363.0,7603.4,7435.75,True
2019-05-13,148.6,77.3,235.9,246.5,7672.8,7606.0,7834.5,7551.5,7554.2,7351.2,7619.4,7305.0,False
2019-05-14,157.6,81.8,250.3,169.5,7381.1,7310.0,7552.5,7459.5,7255.3,7037.4,7324.4,7290.0,True
2019-05-15,153.6,80.2,245.0,184.75,7485.7,7416.4,7652.8,7538.5,7363.1,7150.8,7430.4,7353.75,True
2019-05-16,167.9,87.8,265.7,167.5,7600.0,7524.2,7782.6,7641.0,7466.0,7233.9,7539.5,7473.5,True
2019-05-17,170.9,89.3,270.4,113.5,7672.3,7595.1,7858.1,7620.0,7535.8,7299.7,7610.7,7506.5,True
2019-05-20,155.3,81.2,245.8,197.75,7576.9,7506.9,7745.8,7559.25,7453.0,7238.4,7521.0,7361.5,True
2019-05-21,158.2,83.2,250.0,84.5,7458.4,7387.0,7630.4,7485.25,7332.1,7113.6,7401.4,7400.75,True
2019-05-22,141.3,74.5,223.2,83.75,7523.5,7459.8,7677.2,7475.0,7410.7,7215.6,7472.7,7391.25,True
2019-05-23,129.8,68.5,205.2,166.75,7484.7,7426.1,7625.8,7434.75,7381.1,7201.9,7437.9,7268.0,True
2019-05-24,136.1,72.0,215.0,79.25,7368.3,7306.9,7516.3,7379.75,7259.6,7071.9,7319.3,7300.5,True
2019-05-28,125.7,66.5,198.6,91.5,7368.4,7311.8,7505.1,7371.75,7268.1,7094.7,7323.2,7280.25,True
2019-05-29,114.9,60.8,181.7,112.75,7343.7,7291.8,7468.6,7296.0,7251.9,7093.4,7302.3,7183.25,True
2019-05-30,119.6,63.3,189.1,62.75,7266.4,7212.4,7396.4,7271.25,7170.9,7006.0,7223.3,7208.5,True
2019-05-31,112.6,59.5,178.4,126.75,7302.7,7251.9,7425.1,7256.0,7212.8,7057.6,7262.1,7129.25,True
2019-06-03,112.9,59.8,178.5,191.25,7181.0,7130.2,7303.8,7132.5,7090.9,6935.3,7140.4,6941.25,True
2019-06-04,130.0,68.7,207.1,204.75,7048.5,6989.9,7189.9,7186.5,6944.7,6765.6,7001.7,6981.75,True
2019-06-05,150.4,79.4,239.3,95.0,7242.6,7174.8,7406.1,7245.25,7122.5,6915.3,7188.4,7150.25,True
2019-06-06,139.8,73.8,222.5,118.25,7287.4,7224.4,7439.4,7299.25,7175.8,6983.2,7237.0,7181.0,True
2019-06-07,147.7,78.7,234.9,195.25,7344.5,7277.9,7505.1,7453.0,7226.6,7023.2,7291.3,7257.75,True
2019-06-10,163.7,87.2,260.4,147.25,7488.5,7414.7,7666.4,7578.5,7357.8,7132.4,7429.5,7431.25,False
2019-06-11,157.4,83.8,250.3,108.0,7581.8,7510.9,7752.9,7600.75,7456.2,7239.5,7525.2,7492.75,True
2019-06-12,140.6,74.9,223.8,70.0,7577.5,7514.1,7730.3,7531.0,7465.3,7271.8,7526.9,7461.0,True
2019-06-13,129.6,69.0,206.6,115.0,7527.9,7469.4,7668.7,7536.0,7424.4,7246.1,7481.2,7421.0,True
2019-06-14,133.3,71.0,212.1,69.25,7578.9,7518.8,7723.8,7520.75,7472.5,7289.2,7530.9,7451.5,True
2019-06-17,111.0,59.1,176.9,74.75,7525.0,7475.0,7645.7,7550.75,7436.4,7283.8,7485.1,7476.0,True
2019-06-18,102.1,54.4,162.9,178.75,7577.3,7531.3,7688.3,7693.5,7495.8,7355.4,7540.5,7514.75,False
2019-06-19,120.5,64.1,193.7,84.0,7696.1,7641.7,7827.2,7685.75,7599.8,7434.2,7652.6,7601.75,True
2019-06-20,114.8,61.1,184.5,133.0,7722.6,7670.9,7847.6,7793.0,7631.0,7473.2,7681.3,7660.0,True
2019-06-21,121.0,64.3,194.3,41.75,7796.3,7741.7,7927.9,7743.25,7699.7,7533.4,7752.7,7701.5,True
2019-06-24,106.0,56.3,170.5,62.5,7768.3,7720.5,7883.6,7794.25,7683.7,7538.1,7730.1,7731.75,False
2019-06-25,107.7,57.3,172.1,170.0,7804.2,7755.6,7921.3,7779.5,7718.2,7570.3,7765.4,7609.5,True
2019-06-26,112.9,60.1,180.0,102.75,7676.3,7625.5,7799.2,7719.0,7586.2,7431.2,7635.7,7616.25,True
2019-06-27,111.2,59.3,177.4,75.75,7696.9,7646.8,7817.9,7716.5,7608.1,7455.5,7656.9,7640.75,True
2019-06-28,102.1,54.5,162.9,62.0,7733.6,7687.5,7844.6,7726.0,7652.1,7511.9,7696.8,7664.0,True
2019-07-01,102.0,54.5,162.9,90.75,7736.8,7690.8,7847.7,7849.75,7655.4,7515.4,7700.0,7759.0,False
2019-07-02,110.2,58.9,176.0,80.25,7836.5,7786.8,7956.5,7843.25,7748.6,7597.3,7796.9,7763.0,True
2019-07-03,98.1,52.4,156.6,68.25,7879.6,7835.4,7986.5,7892.75,7801.4,7666.8,7844.4,7824.5,True
2019-07-05,90.9,48.6,145.2,112.5,7925.8,7884.9,8024.8,7909.75,7853.3,7728.6,7893.2,7797.25,True
2019-07-08,97.0,51.8,154.8,86.0,7892.4,7848.7,7998.1,7863.5,7815.0,7682.0,7857.5,7777.5,True
2019-07-09,96.9,51.7,154.5,115.75,7841.9,7798.2,7947.4,7858.75,7764.6,7631.7,7807.0,7743.0,True
2019-07-10,102.5,54.7,163.4,138.25,7888.5,7842.3,8000.1,7949.5,7806.7,7666.2,7851.6,7811.25,True
2019-07-11,110.8,59.1,176.3,69.0,7975.5,7925.6,8096.2,7963.25,7887.1,7735.2,7935.6,7894.25,True
2019-07-12,103.2,55.1,164.2,55.75,7962.3,7915.8,8074.7,7967.5,7879.9,7738.5,7925.2,7911.75,True
2019-07-15,95.0,50.8,151.3,50.75,8000.1,7957.3,8103.5,7992.0,7924.3,7794.1,7965.9,7941.25,True
2019-07-16,90.2,48.3,143.7,77.5,8024.8,7984.2,8123.0,8001.5,7952.8,7829.3,7992.4,7924.0,True
2019-07-17,87.4,46.8,139.2,98.25,7979.6,7940.3,8074.8,7966.25,7909.9,7790.2,7948.2,7868.0,True
2019-07-18,83.8,44.8,133.4,121.75,7920.8,7883.1,8012.1,7954.75,7854.0,7739.3,7890.7,7833.0,True
2019-07-19,93.3,49.9,148.4,165.5,7972.8,7930.8,8074.5,7980.75,7898.4,7770.7,7939.3,7815.25,True
2019-07-22,107.2,57.2,170.2,110.25,7888.0,7839.7,8004.7,7936.5,7802.4,7655.8,7849.4,7826.25,True
2019-07-23,111.9,59.7,177.4,77.75,7971.9,7921.6,8093.8,7985.75,7882.7,7729.6,7931.7,7908.0,True
2019-07-24,108.5,57.9,172.0,126.5,8029.5,7980.7,8147.7,8051.75,7943.0,7794.6,7990.5,7925.25,True
2019-07-25,117.6,63.0,187.1,117.25,8087.6,8034.7,8215.7,8034.5,7993.8,7833.0,8045.3,7917.25,False
2019-07-26,116.3,62.2,184.9,53.25,8030.8,7978.3,8157.4,8040.75,7938.0,7779.0,7989.0,7987.5,True
2019-07-29,96.2,51.4,153.0,80.0,8060.3,8016.9,8165.1,8031.75,7983.6,7852.1,8025.7,7951.75,True
2019-07-30,95.1,50.9,151.4,91.75,8041.4,7998.4,8144.9,8020.0,7965.5,7835.5,8007.2,7928.25,True
2019-07-31,97.4,52.1,155.1,219.0,8004.3,7960.4,8110.4,8001.25,7926.6,7793.5,7969.3,7782.25,False
2019-08-01,117.0,62.4,185.7,237.75,7916.1,7863.3,8043.5,8014.5,7822.7,7661.1,7874.0,7776.75,True
2019-08-02,133.4,71.0,211.8,155.75,7864.5,7804.3,8009.8,7806.0,7758.0,7573.8,7816.5,7650.25,True
2019-08-05,138.9,73.8,220.2,345.75,7760.8,7698.1,7912.1,7705.5,7649.9,7458.2,7710.9,7359.75,False
2019-08-06,174.1,92.3,278.1,324.5,7458.7,7380.1,7648.2,7549.0,7319.7,7078.7,7396.1,7224.5,True
2019-08-07,204.6,108.3,327.8,190.0,7601.8,7509.5,7824.5,7577.5,7438.4,7155.2,7528.2,7387.5,True
2019-08-08,196.7,104.5,315.1,212.5,7636.2,7547.5,7850.3,7738.5,7479.1,7206.9,7565.5,7526.0,True
2019-08-09,204.2,108.5,327.2,127.25,7821.9,7729.7,8044.2,7724.0,7658.8,7376.2,7748.4,7596.75,False
2019-08-12,190.7,101.3,305.7,175.25,7740.7,7654.5,7948.3,7710.0,7588.4,7324.5,7672.1,7534.75,True
2019-08-13,181.1,96.2,290.1,275.5,7643.1,7561.3,7840.3,7789.5,7498.5,7247.9,7578.0,7514.0,True
2019-08-14,191.8,101.7,306.8,290.5,7828.9,7742.2,8037.7,7767.5,7675.7,7410.3,7759.9,7477.0,True
2019-08-15,199.4,105.8,315.8,184.5,7572.8,7482.8,7789.9,7572.75,7413.6,7137.7,7501.1,7388.25,True
2019-08-16,192.2,101.9,304.3,130.0,7577.3,7490.5,7786.5,7632.5,7423.8,7157.8,7508.2,7502.5,True
2019-08-19,190.7,101.2,302.0,134.0,7692.2,7606.0,7899.7,7750.0,7539.9,7276.0,7623.6,7616.0,True
2019-08-20,189.9,100.9,301.1,96.5,7807.6,7721.8,8014.3,7752.0,7655.9,7393.1,7739.3,7655.5,True
2019-08-21,163.9,87.1,259.8,113.5,7737.1,7663.1,7915.5,7765.75,7606.2,7379.4,7678.1,7652.25,True
2019-08-22,148.6,79.0,235.6,128.25,7812.9,7745.8,7974.6,7782.25,7694.2,7488.6,7759.4,7654.0,True
2019-08-23,142.4,75.7,225.8,314.25,7771.3,7707.0,7926.3,7762.0,7657.6,7460.5,7720.1,7447.75,False
2019-08-26,175.1,92.8,279.7,272.75,7578.3,7499.3,7768.9,7626.0,7438.5,7195.9,7515.3,7353.25,True
2019-08-27,194.5,103.1,310.6,111.5,7672.5,7584.7,7884.2,7648.5,7517.2,7247.7,7602.5,7537.0,True
2019-08-28,181.7,96.4,290.5,101.5,7639.3,7557.3,7837.1,7605.75,7494.3,7242.5,7574.0,7504.25,True
2019-08-29,180.4,95.7,288.5,181.75,7675.3,7593.9,7871.6,7730.25,7531.3,7281.3,7610.4,7548.5,True
2019-08-30,200.0,106.1,319.7,124.5,7796.3,7706.0,8013.9,7770.5,7636.6,7359.5,7724.4,7646.0,True
2019-09-03,171.1,90.9,273.8,114.75,7762.9,7685.6,7949.1,7695.5,7626.3,7389.2,7701.3,7580.75,True
2019-09-04,147.8,78.5,236.5,121.5,7679.8,7613.1,7840.6,7730.0,7561.8,7357.0,7626.6,7608.5,True
2019-09-05,151.5,80.5,242.5,169.5,7786.6,7718.2,7951.5,7886.75,7665.7,7455.8,7732.1,7717.25,True
2019-09-06,164.3,87.2,262.8,56.75,7924.8,7850.6,8103.5,7895.0,7793.6,7566.0,7865.6,7838.25,True
2019-09-09,131.1,69.6,210.0,88.5,7913.0,7853.8,8055.7,7887.0,7808.4,7626.7,7865.8,7798.5,True
2019-09-10,129.7,68.9,207.8,113.5,7885.4,7826.9,8026.5,7857.75,7781.9,7602.2,7838.8,7744.25,True
2019-09-11,130.7,69.5,209.1,118.5,7870.1,7811.1,8012.3,7905.0,7765.7,7584.7,7823.1,7786.5,True
2019-09-12,131.6,69.9,210.5,96.0,7945.2,7885.8,8088.4,7982.75,7840.2,7657.9,7897.9,7886.75,True
2019-09-13,118.8,63.1,190.0,76.75,7971.6,7918.0,8100.8,7958.5,7876.7,7712.2,7928.8,7881.75,True
2019-09-16,115.9,61.6,185.5,97.0,7934.8,7882.5,8060.9,7873.25,7842.3,7681.8,7893.1,7776.25,False
2019-09-17,116.4,61.9,186.3,69.5,7905.6,7853.0,8032.2,7897.5,7812.7,7651.4,7863.7,7828.0,True
2019-09-18,106.5,56.7,170.8,116.75,7935.1,7887.0,8051.0,7906.75,7850.1,7702.6,7896.8,7790.0,True
2019-09-19,110.7,59.0,177.6,120.5,7940.9,7890.9,8061.3,7951.0,7852.5,7699.2,7901.1,7830.5,True
2019-09-20,114.0,60.7,182.7,42.0,7944.3,7892.8,8068.3,7932.75,7853.3,7695.4,7903.3,7890.75,True
2019-09-23,99.2,52.9,157.7,89.75,7941.3,7896.5,8049.2,7897.5,7862.1,7724.7,7905.6,7807.75,True
2019-09-24,103.9,55.4,165.2,203.0,7894.3,7847.4,8007.3,7904.75,7811.4,7667.5,7856.9,7701.75,True
2019-09-25,127.9,68.0,205.2,181.25,7789.1,7731.4,7928.3,7844.25,7687.1,7510.0,7743.1,7663.0,True
2019-09-26,134.1,71.2,214.8,108.0,7876.8,7816.2,8022.6,7842.75,7769.7,7584.0,7828.5,7734.75,True
2019-09-27,123.6,65.6,198.0,181.0,7839.3,7783.5,7973.8,7822.0,7740.7,7569.5,7794.9,7641.0,True
2019-09-30,143.7,76.2,229.9,83.0,7761.8,7696.9,7918.1,7788.75,7647.1,7448.2,7710.1,7705.75,True
2019-10-01,135.0,71.7,215.9,150.5,7827.4,7766.4,7974.2,7841.5,7719.6,7532.7,7778.8,7691.0,True
2019-10-02,135.0,71.7,215.7,205.0,7752.4,7691.4,7899.2,7730.5,7644.6,7457.7,7703.8,7525.5,True
2019-10-03,140.1,74.4,223.8,187.25,7605.3,7542.0,7757.6,7661.5,7493.4,7299.5,7554.9,7474.25,True
2019-10-04,151.6,80.3,241.9,149.75,7722.4,7653.9,7887.2,7773.75,7601.3,7391.5,7667.8,7624.0,True
2019-10-07,148.4,78.6,236.7,117.25,7829.8,7762.8,7991.2,7799.75,7711.3,7505.9,7776.4,7682.5,True
2019-10-08,146.8,77.8,234.3,171.0,7801.9,7735.6,7961.5,7784.5,7684.6,7481.5,7749.0,7613.5,True
2019-10-09,153.8,81.4,245.1,127.5,7686.8,7617.4,7854.0,7732.0,7563.9,7351.2,7631.5,7604.5,True
2019-10-10,144.9,76.7,230.9,215.5,7760.8,7695.4,7918.4,7798.75,7645.0,7444.6,7708.7,7583.25,True
2019-10-11,157.4,83.2,250.4,151.5,7826.6,7755.5,7997.7,7918.5,7700.8,7483.1,7769.9,7767.0,True
2019-10-14,155.2,82.0,246.8,87.75,7924.4,7854.3,8093.2,7894.75,7800.4,7585.7,7868.5,7807.0,True
2019-10-15,144.8,76.5,230.2,112.0,7918.5,7853.1,8076.0,7971.75,7802.9,7602.5,7866.4,7859.75,True
2019-10-16,143.8,76.0,228.6,52.75,8020.4,7955.4,8176.7,7960.25,7905.5,7706.5,7968.6,7907.5,True
2019-10-17,125.2,66.3,197.3,72.75,8001.3,7944.7,8137.4,7994.75,7901.3,7728.0,7956.2,7922.0,True
2019-10-18,111.5,59.1,175.9,122.75,7999.7,7949.4,8121.0,7958.5,7910.7,7756.4,7959.6,7835.75,True
2019-10-21,111.4,59.1,175.6,86.0,7927.7,7877.4,8048.8,7951.75,7838.8,7684.6,7887.6,7865.75,True
2019-10-22,108.4,57.5,170.7,151.5,7993.9,7945.0,8111.8,7988.75,7907.4,7757.4,7954.9,7837.25,True
2019-10-23,118.8,63.0,187.3,108.0,7908.8,7855.2,8038.0,7918.25,7814.0,7649.6,7866.0,7810.25,True
2019-10-24,123.3,65.4,194.4,70.75,7953.5,7897.8,8087.5,7984.0,7855.0,7684.4,7909.1,7913.25,False
2019-10-25,116.8,62.2,184.4,123.0,7977.5,7924.7,8104.4,8041.5,7884.2,7722.6,7935.5,7918.5,True
2019-10-28,123.5,65.7,194.7,79.5,8087.8,8032.0,8222.1,8127.5,7989.2,7818.3,8043.4,8048.0,False
2019-10-29,118.3,62.9,186.5,68.0,8144.6,8091.2,8273.2,8118.75,8050.2,7886.5,8102.1,8050.75,True
2019-10-30,104.3,55.6,164.7,120.5,8099.2,8052.1,8212.6,8141.0,8016.0,7871.6,8061.7,8020.5,True
2019-10-31,112.1,59.7,177.0,93.0,8158.5,8107.9,8280.4,8139.0,8069.0,7913.9,8118.2,8046.0,True
2019-11-01,111.0,59.1,175.1,83.5,8137.0,8086.9,8257.7,8168.0,8048.4,7894.8,8097.2,8084.5,True
2019-11-04,104.0,55.4,164.2,69.75,8204.1,8157.1,8317.1,8233.75,8121.1,7977.1,8166.7,8164.0,True
2019-11-05,100.0,53.2,157.8,54.75,8257.9,8212.8,8366.6,8248.0,8178.1,8039.7,8222.0,8193.25,True
2019-11-06,94.7,50.4,149.5,67.25,8250.7,8207.9,8353.6,8228.25,8175.1,8044.0,8216.6,8161.0,True
2019-11-07,88.6,47.3,139.7,92.25,8244.6,8204.6,8340.9,8282.25,8173.9,8051.3,8212.8,8190.0,True
2019-11-08,90.0,48.0,141.8,74.25,8268.4,8227.8,8366.3,8264.25,8196.6,8072.1,8236.1,8190.0,True
2019-11-11,86.4,46.1,136.2,55.25,8293.7,8254.7,8387.6,8261.75,8224.7,8105.1,8262.6,8206.5,True
2019-11-12,79.9,42.7,126.1,71.75,8283.4,8247.4,8370.3,8300.25,8219.7,8109.1,8254.7,8228.5,True
2019-11-13,82.9,44.2,130.7,61.5,8309.9,8272.5,8400.0,8281.5,8243.8,8129.1,8280.2,8220.0,True
2019-11-14,80.3,43.0,127.0,69.25,8299.6,8263.3,8386.9,8285.5,8235.5,8124.4,8270.7,8216.25,True
2019-11-15,77.6,41.5,122.6,62.75,8298.2,8263.2,8382.5,8324.0,8236.3,8128.9,8270.3,8261.25,True
2019-11-18,76.1,40.7,120.2,87.75,8350.8,8316.5,8433.5,8367.0,8290.1,8184.8,8323.5,8279.25,True
2019-11-19,82.7,44.2,130.6,66.5,8368.4,8331.0,8458.2,8379.0,8302.3,8187.9,8338.6,8312.5,True
2019-11-20,79.3,42.4,125.1,117.0,8374.9,8339.1,8461.1,8348.0,8311.6,8201.9,8346.4,8231.0,True
2019-11-21,90.0,48.1,141.7,68.0,8329.7,8289.1,8427.5,8308.0,8257.8,8133.3,8297.3,8240.0,True
2019-11-22,84.2,45.0,132.6,80.25,8310.0,8272.0,8401.5,8313.5,8242.8,8126.3,8279.7,8233.25,True
2019-11-25,87.0,46.4,136.9,82.75,8317.2,8277.9,8411.7,8379.25,8247.7,8127.4,8285.9,8296.5,False
2019-11-26,87.5,46.9,138.1,55.75,8413.4,8373.9,8508.5,8422.0,8343.5,8222.5,8381.9,8366.25,True
2019-11-27,82.2,44.1,130.0,61.75,8435.4,8398.3,8524.7,8458.75,8369.8,8256.1,8405.9,8397.0,True
2019-11-29,76.7,41.2,121.1,51.75,8487.1,8452.5,8570.4,8458.25,8425.9,8319.7,8459.5,8406.5,True
2019-12-02,72.7,39.2,114.7,180.75,8448.1,8415.3,8527.1,8457.25,8390.1,8289.5,8422.0,8276.5,False
2019-12-03,93.1,50.0,147.0,169.25,8355.3,8313.2,8456.4,8337.5,8280.9,8152.0,8321.8,8168.25,True
2019-12-04,103.0,55.2,162.8,98.75,8294.7,8248.2,8406.6,8319.25,8212.4,8069.8,8257.7,8220.5,True
2019-12-05,103.7,55.6,163.6,66.75,8339.0,8292.2,8451.6,8340.0,8256.2,8112.6,8301.7,8273.25,True
2019-12-06,100.8,54.1,159.0,101.75,8351.8,8306.2,8461.3,8409.5,8271.3,8131.7,8315.5,8307.75,True
2019-12-09,111.6,59.9,176.1,80.25,8447.3,8396.9,8568.5,8427.25,8358.2,8203.7,8407.2,8347.0,True
2019-12-10,99.2,53.3,156.5,101.0,8397.8,8353.0,8505.6,8398.0,8318.6,8181.3,8362.2,8297.0,True
2019-12-11,94.1,50.5,148.4,66.0,8403.4,8360.9,8505.7,8411.0,8328.3,8198.0,8369.6,8345.0,True
2019-12-12,87.3,46.9,137.6,116.0,8442.3,8402.9,8537.1,8497.0,8372.6,8251.7,8410.9,8381.0,True
2019-12-13,98.7,53.1,155.4,88.25,8506.9,8462.3,8614.1,8523.75,8428.1,8291.4,8471.4,8435.5,True
2019-12-16,95.2,51.2,149.9,84.5,8534.2,8491.2,8637.5,8587.75,8458.1,8326.3,8499.9,8503.25,False
2019-12-17,96.5,51.8,151.9,33.5,8616.7,8573.1,8721.5,8596.75,8539.7,8406.1,8582.0,8563.25,True
2019-12-18,80.9,43.5,127.5,44.25,8610.4,8573.8,8698.2,8612.0,8545.8,8433.8,8581.3,8567.75,True
2019-12-19,80.1,43.0,126.1,75.25,8624.0,8587.9,8711.0,8655.5,8560.1,8449.2,8595.2,8580.25,True
2019-12-20,78.9,42.4,124.2,69.21,8675.8,8640.2,8761.4,8707.46,8612.8,8503.6,8647.4,8638.25,True
2019-12-23,76.1,40.9,119.9,35.75,8739.6,8705.2,8822.1,8743.25,8678.8,8573.4,8712.2,8707.5,True
2019-12-24,64.5,34.7,101.6,29.0,8753.7,8724.6,8823.7,8736.0,8702.3,8612.9,8730.5,8707.0,True
2019-12-26,62.1,33.3,97.9,76.0,8755.7,8727.7,8823.1,8805.0,8706.2,8620.1,8733.4,8729.0,True
2019-12-27,72.3,38.8,113.5,74.5,8834.8,8802.1,8913.2,8843.5,8777.1,8676.9,8808.8,8769.0,True
2019-12-30,71.2,38.4,110.9,118.5,8813.3,8781.2,8890.5,8809.75,8756.5,8657.9,8787.7,8691.25,True
2019-12-31,81.2,43.7,127.5,80.0,8768.0,8731.4,8856.1,8772.25,8703.2,8590.8,8738.8,8692.25,True
2020-01-02,84.3,45.4,132.3,132.0,8787.8,8749.8,8879.2,8901.5,8720.6,8603.8,8757.5,8769.5,False
2020-01-03,103.2,55.4,161.7,172.0,8935.3,8888.7,9047.4,8907.25,8853.0,8710.0,8898.4,8735.25,True
2020-01-06,114.7,61.8,180.2,150.0,8858.4,8806.6,8983.0,8873.0,8766.9,8608.0,8817.4,8723.0,True
2020-01-07,121.1,65.2,190.1,69.0,8898.6,8843.9,9030.2,8894.75,8802.0,8634.3,8855.3,8825.75,True
2020-01-08,107.6,57.9,169.0,294.25,8898.4,8849.8,9015.3,8972.25,8812.5,8663.5,8859.9,8678.0,True
2020-01-09,150.9,80.9,236.9,89.75,9008.2,8940.1,9172.1,9022.25,8887.7,8678.8,8954.2,8932.5,True
2020-01-10,132.3,71.0,207.8,89.25,9064.8,9005.1,9208.6,9055.5,8959.3,8776.1,9017.5,8966.25,True
2020-01-13,123.7,66.6,194.3,116.5,9030.4,8974.6,9164.9,9095.5,8931.7,8760.5,8986.2,8979.0,True
2020-01-14,124.7,67.2,196.0,79.75,9140.9,9084.6,9276.4,9114.75,9041.4,8868.7,9096.2,9035.0,True
2020-01-15,121.1,66.0,190.3,73.0,9113.6,9059.0,9245.2,9096.0,9017.0,8849.3,9070.2,9023.0,True
2020-01-16,96.0,52.3,150.8,78.75,9100.5,9057.2,9204.8,9140.25,9023.9,8891.0,9066.1,9061.5,True
2020-01-17,95.6,52.2,149.8,59.25,9173.8,9130.7,9277.7,9189.25,9097.6,8965.2,9139.6,9130.0,True
2020-01-21,89.6,48.9,140.4,85.0,9212.3,9171.9,9309.7,9199.75,9140.8,9016.8,9180.2,9114.75,True
2020-01-22,88.8,48.5,139.4,79.75,9207.2,9167.2,9303.7,9254.0,9136.4,9013.4,9175.4,9174.25,True
2020-01-23,88.9,48.6,139.6,101.75,9233.3,9193.2,9329.8,9253.5,9162.3,9039.2,9201.4,9151.75,True
2020-01-24,95.1,52.0,149.3,177.75,9288.4,9245.5,9391.7,9287.25,9212.5,9080.8,9254.3,9109.5,True
2020-01-27,112.5,61.3,176.9,151.5,9192.0,9141.2,9314.2,9077.0,9102.2,8946.4,9151.6,8925.5,False
2020-01-28,120.8,65.8,189.9,183.75,9005.5,8950.9,9136.7,9136.25,8909.1,8741.6,8962.2,8952.5,True
2020-01-29,139.3,75.8,218.7,86.5,9164.0,9101.1,9315.4,9158.75,9052.9,8859.8,9114.1,9072.25,True
2020-01-30,130.7,71.2,205.4,236.5,9153.6,9094.6,9295.6,9240.0,9049.4,8868.2,9106.8,9003.5,True
2020-01-31,162.0,88.3,254.9,282.75,9284.6,9211.4,9460.6,9248.75,9155.4,8930.8,9226.5,8966.0,True
2020-02-03,173.2,94.8,273.9,180.75,9070.8,8992.6,9259.0,9155.75,8932.6,8692.6,9008.7,8975.0,True
2020-02-04,173.4,95.3,273.8,296.25,9187.4,9109.1,9375.8,9369.25,9049.1,8808.7,9125.2,9073.0,True
2020-02-05,200.2,109.8,317.2,145.0,9439.5,9349.0,9656.9,9462.75,9279.7,9002.3,9367.6,9317.75,True
2020-02-06,191.9,105.5,303.2,101.5,9462.5,9375.8,9670.9,9464.0,9309.4,9043.4,9393.6,9362.5,True
2020-02-07,173.5,94.6,274.4,86.0,9528.8,9450.3,9717.2,9471.0,9390.3,9149.8,9466.4,9385.0,True
2020-02-10,151.5,82.2,239.5,200.75,9473.4,9405.0,9638.0,9531.5,9352.6,9142.6,9419.0,9330.75,True
2020-02-11,165.0,89.9,260.6,108.25,9597.2,9522.6,9776.3,9609.5,9465.5,9236.8,9537.9,9501.25,True
2020-02-12,135.3,73.8,214.0,104.5,9584.4,9523.2,9731.3,9628.25,9476.4,9288.9,9535.8,9523.75,True
2020-02-13,131.6,71.8,208.1,133.5,9681.3,9621.8,9824.2,9644.75,9576.3,9393.9,9634.0,9511.25,True
2020-02-14,137.8,75.8,217.7,71.25,9671.2,9608.9,9820.8,9659.25,9561.2,9370.3,9621.6,9588.0,True
2020-02-18,128.6,70.1,203.3,153.25,9686.5,9628.4,9826.2,9687.5,9583.9,9405.7,9640.3,9534.25,True
2020-02-19,132.6,72.2,209.6,107.5,9692.0,9632.0,9836.0,9748.75,9586.2,9402.4,9644.3,9641.25,True
2020-02-20,129.9,70.7,205.3,246.0,9788.4,9729.6,9929.4,9763.0,9684.7,9504.7,9741.6,9517.0,True
2020-02-21,157.8,85.8,250.1,212.25,9690.9,9619.5,9862.2,9623.75,9564.9,9346.3,9634.1,9411.5,True
2020-02-24,164.1,89.1,259.7,323.75,9527.3,9453.1,9705.5,9365.0,9396.3,9169.0,9468.2,9041.25,False
2020-02-25,195.2,105.8,308.7,414.25,9173.4,9085.1,9385.4,9224.25,9017.6,8746.7,9103.2,8810.0,True
2020-02-26,228.4,123.5,361.5,328.0,8950.7,8847.4,9198.7,9037.5,8768.4,8451.4,8868.5,8709.5,True
2020-02-27,248.6,134.4,393.5,544.25,8955.3,8842.8,9225.1,8878.5,8756.8,8411.8,8865.7,8334.25,False
2020-02-28,283.5,153.0,449.3,448.5,8502.4,8374.2,8810.2,8574.75,8276.1,7881.6,8400.4,8126.25,True
2020-03-02,312.1,168.2,494.2,659.0,8585.8,8444.6,8924.6,8883.25,8336.6,7902.3,8473.4,8224.25,True
2020-03-03,385.2,208.4,621.4,491.5,8954.0,8779.7,9372.0,9002.5,8646.3,8110.3,8815.2,8511.0,True
2020-03-04,378.6,204.6,610.2,441.75,8742.4,8571.1,9153.3,8950.0,8439.9,7913.3,8606.1,8508.25,True
2020-03-05,404.9,219.8,651.6,289.0,9067.6,8884.3,9506.9,8899.75,8744.1,8180.8,8921.7,8610.75,True
2020-03-06,359.3,195.1,578.7,416.0,8800.5,8638.0,9190.4,8726.5,8513.4,8013.7,8671.1,8310.5,True
2020-03-09,365.8,199.0,588.2,555.0,8657.8,8492.3,9054.7,8375.0,8365.5,7856.8,8526.0,7820.0,False
2020-03-10,351.1,191.0,564.4,564.5,8099.8,7940.6,8480.7,8378.75,7819.2,7330.0,7973.4,7814.25,True
2020-03-11,393.5,213.7,631.5,441.5,8497.7,8319.3,8924.6,8334.25,8183.2,7634.9,8356.0,7892.75,True
2020-03-12,376.1,204.1,602.9,979.5,8162.4,7991.8,8570.4,8108.0,7861.8,7337.7,8026.9,7128.5,False
2020-03-13,446.0,242.0,718.9,1035.5,7403.6,7201.4,7887.5,7978.0,7047.2,6421.7,7243.0,6942.5,False
2020-03-16,589.2,320.1,950.1,978.25,8164.6,7897.5,8804.6,7905.25,7693.7,6867.5,7952.4,6927.0,True
2020-03-17,573.3,313.8,924.4,603.5,7299.6,7039.8,7922.4,7552.25,6841.4,6037.7,7093.2,6948.75,True
2020-03-18,601.5,329.3,969.7,562.25,7659.3,7386.6,8312.7,7392.25,7178.5,6335.4,7442.7,6830.0,True
2020-03-19,602.8,330.7,971.8,627.25,7479.8,7206.6,8134.6,7521.5,6998.0,6153.2,7262.8,6894.25,True
2020-03-20,604.2,331.8,974.9,495.5,7548.7,7274.8,8205.0,7649.0,7065.7,6219.1,7331.1,7153.5,True
2020-03-23,557.5,306.7,892.1,687.5,7653.5,7400.8,8259.0,7316.25,7207.8,6426.7,7452.7,6628.75,False
2020-03-24,526.6,290.3,839.4,566.5,7206.9,6967.1,7778.9,7572.25,6785.9,6048.3,7017.3,7005.75,True
2020-03-25,566.7,312.2,902.6,389.5,7794.1,7536.1,8409.6,7761.0,7341.1,6547.4,7590.0,7371.5,True
2020-03-26,520.4,286.9,829.9,583.25,7687.6,7450.6,8252.8,7893.5,7271.6,6542.8,7500.2,7310.25,True
2020-03-27,564.9,311.6,900.9,342.0,8082.6,7825.4,8696.1,7893.25,7631.1,6840.1,7879.2,7551.25,True
2020-03-30,497.9,274.7,794.5,519.0,7778.8,7552.2,8319.6,7884.0,7380.8,6683.8,7599.5,7365.0,True
2020-03-31,518.9,286.5,828.7,247.5,8073.9,7837.8,8637.5,7995.0,7659.1,6932.8,7887.1,7747.5,True
2020-04-01,434.9,240.2,694.9,369.25,7970.0,7772.0,8442.3,7773.5,7622.3,7013.7,7813.3,7404.25,True
2020-04-02,425.1,234.9,679.7,280.25,7618.2,7424.9,8080.0,7656.25,7278.5,6683.7,7465.2,7376.0,True
2020-04-03,389.0,215.0,622.2,236.75,7791.6,7614.6,8214.0,7660.25,7480.6,6936.4,7651.5,7423.5,True
2020-04-06,363.3,201.0,581.6,563.5,7676.1,7510.9,8070.7,8099.0,7385.8,6877.6,7545.4,7535.5,False
2020-04-07,432.6,238.9,691.2,355.25,8212.5,8015.7,8682.8,8303.25,7866.7,7261.6,8056.7,7948.0,True
2020-04-08,423.2,233.7,676.1,288.75,8190.8,7998.3,8650.9,8242.0,7852.5,7260.7,8038.3,7953.25,True
2020-04-09,410.5,226.7,655.8,224.5,8363.2,8176.5,8809.4,8326.25,8035.1,7461.1,8215.3,8101.75,True
2020-04-13,388.0,212.4,619.9,265.5,8391.4,8215.0,8813.2,8338.75,8081.3,7538.8,8251.7,8073.25,True
2020-04-14,397.6,218.0,635.7,391.0,8495.2,8314.4,8927.4,8710.0,8177.4,7621.6,8352.0,8319.0,True
2020-04-15,392.5,216.8,626.9,221.0,8858.3,8679.9,9285.0,8707.5,8544.6,7996.0,8716.9,8486.5,True
2020-04-16,336.1,185.8,537.1,342.0,8736.0,8583.2,9101.3,8842.5,8467.3,7997.7,8614.9,8500.5,True
2020-04-17,352.8,195.1,564.1,277.25,8883.3,8722.9,9266.8,8966.75,8601.3,8108.4,8756.2,8689.5,True
2020-04-20,348.1,192.5,556.5,159.0,8956.0,8797.9,9334.4,8846.0,8677.9,8191.5,8830.7,8687.0,True
2020-04-21,305.2,168.1,482.3,421.0,8820.9,8682.2,9152.7,8763.0,8577.0,8150.7,8711.0,8342.0,True
2020-04-22,322.9,177.6,509.7,300.0,8568.1,8421.4,8919.1,8700.0,8310.1,7859.1,8451.9,8400.0,True
2020-04-23,328.8,180.9,519.3,206.0,8776.9,8627.5,9134.2,8786.5,8514.2,8055.0,8658.5,8580.5,True
2020-04-24,292.7,161.2,462.5,282.0,8722.4,8589.4,9040.5,8780.25,8488.5,8079.8,8617.0,8498.25,True
2020-04-27,303.7,167.2,479.6,168.0,8897.4,8759.4,9227.3,8898.0,8654.7,8230.6,8787.9,8730.0,True
2020-04-28,288.3,158.9,455.7,291.25,8946.2,8815.1,9259.3,8945.75,8715.8,8313.2,8842.2,8654.5,True
2020-04-29,279.0,153.7,440.7,385.0,8837.7,8710.9,9140.8,9118.75,8614.7,8225.3,8737.1,8733.75,True
2020-04-30,306.8,168.8,484.3,288.25,9166.3,9026.8,9499.5,9144.75,8921.1,8492.8,9055.6,8856.5,True
2020-05-01,300.1,165.2,474.0,207.0,9115.3,8979.0,9441.4,8879.0,8875.5,8456.8,9007.2,8672.0,False
2020-05-04,272.2,150.5,429.7,271.75,8833.0,8708.7,9128.7,8828.0,8615.5,8235.8,8734.9,8556.25,True
2020-05-05,292.7,162.2,461.7,221.5,8919.1,8785.5,9237.2,9020.0,8685.3,8277.0,8813.7,8798.5,True
2020-05-06,282.1,156.3,444.9,178.75,9043.4,8914.6,9349.9,9056.5,8818.0,8424.6,8941.8,8877.75,True
2020-05-07,251.5,139.4,396.8,195.75,9058.3,8943.4,9331.5,9126.0,8857.3,8506.6,8967.7,8930.25,True
2020-05-08,241.6,135.0,380.9,134.75,9209.9,9099.5,9472.3,9238.0,9016.9,8679.9,9122.8,9103.25,True
2020-05-11,223.9,124.9,353.1,220.5,9313.0,9210.6,9556.1,9339.0,9134.0,8821.8,9232.2,9118.5,True
2020-05-12,225.8,126.0,356.3,305.0,9374.5,9271.3,9619.7,9345.5,9194.1,8879.2,9293.1,9040.5,True
2020-05-13,237.3,132.2,374.0,324.5,9178.6,9070.2,9436.3,9202.75,8988.9,8658.1,9093.0,8878.25,True
2020-05-14,254.8,141.9,401.4,257.0,9100.0,8983.6,9376.7,9104.0,8896.3,8541.1,9008.1,8847.0,True
2020-05-15,256.9,143.0,404.4,223.0,9188.2,9070.8,9467.1,9148.5,8982.7,8624.7,9095.5,8925.5,True
2020-05-18,263.5,146.6,414.7,251.25,9208.0,9087.6,9494.1,9361.5,8997.2,8630.0,9112.9,9110.25,True
2020-05-19,275.3,153.1,433.1,133.5,9442.0,9316.2,9740.8,9417.25,9221.8,8838.1,9342.6,9283.75,True
2020-05-20,237.8,131.6,374.8,225.0,9401.4,9292.8,9659.5,9498.0,9211.2,8879.8,9315.5,9273.0,True
2020-05-21,243.0,134.5,382.9,158.75,9588.3,9477.4,9852.1,9510.75,9394.0,9055.3,9500.6,9352.0,True
2020-05-22,215.3,119.1,339.2,181.0,9446.8,9348.5,9680.6,9422.5,9274.7,8974.6,9369.1,9241.5,True
2020-05-26,211.5,117.1,333.5,231.0,9495.7,9399.2,9725.3,9604.0,9326.6,9031.9,9419.4,9373.0,True
2020-05-27,213.0,117.8,335.5,335.5,9496.6,9399.4,9727.8,9508.0,9326.3,9029.5,9419.8,9172.5,True
2020-05-28,246.6,136.2,388.4,245.0,9536.9,9424.3,9804.5,9565.5,9339.6,8996.0,9447.8,9320.5,True
2020-05-29,242.8,134.2,382.6,218.5,9563.0,9452.2,9826.5,9590.5,9368.8,9030.5,9475.4,9372.0,True
2020-06-01,248.2,137.1,391.0,155.5,9665.3,9552.0,9934.7,9605.75,9466.8,9121.0,9575.7,9450.25,True
2020-06-02,234.3,130.3,369.0,165.25,9694.2,9587.2,9948.5,9670.0,9506.7,9180.3,9609.6,9504.75,True
2020-06-03,227.1,126.4,357.9,92.75,9743.9,9640.2,9990.3,9728.25,9562.2,9245.8,9661.9,9635.5,True
2020-06-04,186.8,103.4,294.8,170.25,9763.8,9678.6,9966.5,9742.5,9614.4,9354.2,9696.4,9572.25,True
2020-06-05,185.0,102.4,292.1,244.5,9704.5,9620.2,9905.3,9846.25,9556.5,9298.9,9637.8,9601.75,True
2020-06-08,198.3,109.6,312.6,154.0,9892.4,9802.0,10107.6,9901.0,9733.8,9457.6,9820.8,9747.0,True
2020-06-09,189.8,104.9,299.3,193.75,9965.1,9878.5,10171.1,10005.25,9813.3,9548.9,9896.6,9811.5,True
2020-06-10,197.8,109.3,311.8,197.0,10034.7,9944.5,10249.4,10155.5,9876.5,9601.0,9963.3,9958.5,True
2020-06-11,213.5,118.1,336.7,522.5,10177.6,10080.3,10409.3,10107.0,10006.8,9709.5,10100.5,9584.5,False
2020-06-12,267.3,147.3,426.1,354.5,9729.9,9608.0,10019.9,9849.25,9516.1,9141.9,9633.4,9494.75,True
2020-06-15,272.5,150.0,434.0,433.75,9760.4,9636.1,10056.0,9815.5,9542.3,9161.0,9662.0,9381.75,True
2020-06-16,313.7,172.6,499.2,216.0,9933.3,9790.3,10273.7,10013.75,9682.3,9243.4,9820.0,9797.75,True
2020-06-17,299.2,164.8,476.7,132.0,10099.2,9962.8,10423.8,10059.0,9859.8,9441.2,9991.1,9927.0,True
2020-06-18,277.3,152.6,442.8,161.25,10111.9,9985.5,10412.8,10040.75,9890.0,9502.1,10011.8,9879.5,True
2020-06-19,246.8,135.8,394.3,126.0,10100.2,9987.8,10368.0,10123.25,9902.8,9557.6,10011.1,9997.25,True
2020-06-22,218.1,120.0,349.3,291.0,10213.2,10113.8,10449.8,10134.5,10038.7,9733.7,10134.4,9843.5,True
2020-06-23,217.5,119.5,348.0,324.0,10216.8,10117.7,10452.8,10296.25,10042.8,9738.7,10138.3,9972.25,True
2020-06-24,236.0,129.6,377.5,314.75,10295.9,10188.4,10551.9,10242.0,10107.1,9777.2,10210.7,9927.25,True
2020-06-25,253.3,138.9,404.8,221.5,10118.0,10002.6,10392.8,10107.0,9915.3,9561.3,10026.5,9885.5,True
2020-06-26,253.4,139.0,404.8,296.25,10195.5,10080.1,10470.4,10120.5,9992.7,9638.7,10104.0,9824.25,True
2020-06-29,271.3,148.7,433.2,268.25,9980.3,9856.8,10274.7,9997.0,9763.2,9384.2,9882.4,9728.75,True
2020-06-30,270.7,148.5,432.5,231.25,10088.4,9965.1,10382.0,10171.5,9871.7,9493.6,9990.6,9940.25,True
2020-07-01,262.0,143.7,418.7,234.0,10258.2,10138.9,10542.4,10310.0,10048.5,9682.6,10163.5,10076.0,True
2020-07-02,257.5,141.3,411.6,175.75,10377.8,10260.5,10657.1,10422.25,10171.7,9812.1,10284.8,10246.5,True
2020-07-06,246.9,135.4,394.6,305.75,10460.3,10347.9,10728.1,10614.5,10262.7,9918.0,10371.1,10308.75,True
2020-07-07,269.9,147.9,430.9,188.75,10712.8,10589.9,11005.5,10694.5,10496.8,10120.0,10615.3,10505.75,True
2020-07-08,244.5,134.0,390.5,167.75,10635.8,10524.5,10901.0,10673.0,10440.1,10098.8,10547.5,10505.25,True
2020-07-09,234.6,128.8,375.1,214.25,10761.6,10654.8,11016.0,10774.25,10573.9,10246.4,10676.8,10560.0,True
2020-07-10,238.5,131.3,381.0,222.0,10828.5,10720.0,11087.2,10847.5,10637.6,10304.8,10742.3,10625.5,True
2020-07-13,246.3,135.6,393.5,497.0,10941.6,10829.5,11208.7,11058.5,10744.4,10400.8,10852.6,10561.5,True
2020-07-14,285.7,157.1,456.5,334.25,10721.0,10591.0,11030.8,10693.0,10492.3,10093.8,10617.8,10358.75,True
2020-07-15,290.3,159.8,463.3,215.25,10769.2,10637.1,11084.0,10766.5,10536.8,10132.0,10664.3,10551.25,True
2020-07-16,281.2,154.7,448.6,222.75,10802.3,10674.4,11107.3,10698.25,10577.3,10185.1,10700.7,10475.5,True
2020-07-17,274.4,150.9,437.6,146.0,10627.9,10503.1,10925.5,10669.75,10408.3,10025.7,10528.8,10523.75,True
2020-07-20,257.8,141.7,411.9,418.25,10731.7,10614.4,11011.3,10964.5,10525.3,10165.9,10638.5,10546.25,True
2020-07-21,291.1,159.8,466.7,273.25,11074.3,10941.9,11390.0,11058.0,10841.3,10435.5,10969.1,10784.75,True
2020-07-22,269.4,148.0,432.3,155.0,10965.1,10842.6,11257.2,10916.25,10749.5,10374.0,10867.7,10761.25,True
2020-07-23,247.5,136.0,397.2,424.0,10909.0,10796.5,11177.4,10938.5,10711.0,10366.0,10819.6,10514.5,True
2020-07-24,290.2,159.6,465.9,296.0,10671.1,10539.2,10985.8,10597.0,10438.9,10034.4,10566.3,10301.0,True
2020-07-27,293.6,161.4,471.4,283.0,10583.3,10449.9,10901.7,10684.0,10348.3,9939.2,10477.2,10401.0,True
2020-07-28,284.3,156.3,456.4,244.5,10795.6,10666.4,11103.9,10758.5,10568.1,10171.9,10692.9,10514.0,True
2020-07-29,274.3,151.1,440.0,187.5,10656.1,10531.5,10953.5,10699.75,10436.6,10054.4,10557.0,10512.25,True
2020-07-30,272.6,150.4,436.7,394.5,10789.7,10665.8,11085.2,10897.25,10571.5,10191.7,10691.2,10502.75,True
2020-07-31,295.3,163.8,472.0,248.0,10919.1,10784.8,11239.1,10939.0,10682.7,10271.2,10812.3,10691.0,True
2020-08-03,279.0,154.7,445.6,196.75,11008.7,10881.8,11311.0,11073.0,10785.4,10396.6,10907.8,10876.25,True
2020-08-04,265.2,147.6,423.5,111.75,11156.6,11036.0,11444.0,11094.75,10944.3,10574.8,11060.7,10983.0,True
2020-08-05,235.9,130.8,376.7,88.25,11185.9,11078.7,11441.5,11144.0,10997.1,10668.4,11100.6,11055.75,True
2020-08-06,215.8,119.7,344.7,220.5,11183.1,11085.1,11417.0,11271.75,11010.5,10709.8,11105.1,11051.25,True
2020-08-07,215.9,119.8,345.0,248.0,11352.7,11254.6,11586.6,11283.25,11179.9,10879.1,11274.6,11035.25,True
2020-08-10,214.7,119.2,343.3,228.25,11213.7,11116.1,11446.3,11156.5,11041.9,10742.7,11136.1,10928.25,True
2020-08-11,216.0,119.8,345.2,312.25,11163.5,11065.3,11397.5,11157.75,10990.6,10689.7,11085.4,10845.5,True
2020-08-12,244.8,135.9,390.6,307.25,10982.2,10870.9,11247.4,11185.75,10786.2,10445.2,10893.7,10878.5,True
2020-08-13,274.0,151.9,436.6,171.75,11242.0,11117.5,11538.9,11266.0,11022.8,10641.1,11143.0,11094.25,True
2020-08-14,251.6,139.5,401.1,141.75,11281.8,11167.5,11554.3,11237.75,11080.5,10730.0,11190.8,11096.0,True
2020-08-17,233.8,129.7,372.8,158.25,11232.8,11126.5,11486.0,11300.5,11045.7,10720.0,11148.2,11142.25,True
2020-08-18,230.8,128.1,368.2,147.25,11384.5,11279.6,11634.5,11415.25,11199.8,10878.3,11301.0,11268.0,True
2020-08-19,211.5,117.5,337.6,139.0,11498.8,11402.7,11727.9,11438.0,11329.6,11035.0,11422.3,11299.0,True
2020-08-20,182.9,101.6,291.9,275.0,11409.5,11326.4,11607.5,11496.5,11263.1,11008.4,11343.3,11221.5,True
2020-08-21,211.8,117.5,337.7,166.5,11567.0,11470.7,11796.3,11573.5,11397.5,11102.5,11490.4,11407.0,True
2020-08-24,205.4,114.0,327.5,194.25,11649.0,11555.7,11871.4,11722.5,11484.7,11198.6,11574.7,11528.25,True
2020-08-25,210.2,117.1,334.8,167.5,11725.3,11629.8,11952.9,11742.25,11557.1,11264.3,11649.2,11574.75,True
2020-08-26,208.2,116.1,331.8,274.75,11814.5,11719.9,12039.8,12001.5,11647.9,11357.9,11739.1,11726.75,True
2020-08-27,238.6,132.9,380.0,211.25,12092.4,11983.9,12350.6,12046.0,11901.5,11569.1,12006.0,11834.75,True
2020-08-28,221.6,123.4,352.8,97.75,12046.6,11946.0,12286.5,12018.25,11869.4,11560.7,11966.4,11920.5,True
2020-08-31,196.2,108.9,313.0,176.75,12074.9,11985.8,12287.2,12165.0,11918.0,11644.7,12003.9,11988.25,True
2020-09-01,203.0,112.9,320.0,235.75,12200.0,12107.8,12419.7,12328.75,12037.7,11754.9,12126.5,12093.0,True
2020-09-02,218.4,121.5,344.5,293.0,12405.0,12305.8,12641.4,12465.25,12230.4,11926.2,12326.0,12172.25,True
2020-09-03,226.4,125.8,356.7,780.25,12507.4,12404.6,12752.4,12438.75,12326.4,12011.0,12425.5,11658.5,False
2020-09-04,312.2,172.6,496.0,701.0,11932.8,11791.0,12270.6,11843.0,11683.1,11246.5,11819.8,11142.0,False
2020-09-08,377.1,208.1,599.0,544.5,11708.5,11537.3,12116.5,11585.0,11406.9,10875.9,11572.0,11040.5,True
2020-09-09,392.4,216.4,622.6,543.5,11226.7,11048.6,11651.3,11478.75,10912.8,10360.4,11084.7,10935.25,True
2020-09-10,442.8,244.1,701.6,478.75,11580.4,11379.3,12059.4,11566.75,11226.2,10602.8,11420.1,11088.0,True
2020-09-11,450.4,248.1,713.0,418.75,11369.1,11164.6,11856.3,11356.25,11008.7,10374.8,11206.0,10937.5,True
2020-09-14,419.1,231.0,663.8,258.75,11239.0,11048.8,11692.4,11362.75,10903.7,10313.9,11087.3,11104.0,False
2020-09-15,371.4,205.0,589.3,247.75,11437.8,11269.2,11839.6,11495.5,11140.7,10618.1,11303.6,11247.75,True
2020-09-16,350.3,193.3,555.9,312.5,11612.7,11453.6,11991.5,11550.0,11332.5,10839.5,11486.0,11237.5,True
2020-09-17,330.4,182.3,524.4,383.75,11408.7,11258.7,11766.1,11302.5,11144.4,10679.6,11289.3,10918.75,True
2020-09-18,327.1,181.3,518.4,142.0,11228.6,11080.1,11582.3,11179.25,10966.8,10506.8,11110.3,11037.25,True
2020-09-21,269.1,148.5,427.2,353.25,11258.8,11136.7,11549.8,11009.75,11043.5,10665.0,11161.5,10656.5,False
2020-09-22,304.8,169.0,483.3,293.5,11118.1,10979.4,11447.7,11191.0,10874.2,10443.3,11008.0,10897.5,True
2020-09-23,310.3,172.0,492.0,436.0,11280.9,11139.7,11616.5,11222.0,11032.7,10594.0,11168.8,10786.0,True
2020-09-24,331.9,183.9,526.0,351.5,10969.6,10818.6,11328.5,11011.75,10704.0,10234.9,10849.6,10660.25,True
2020-09-25,328.5,181.8,520.0,352.5,11030.9,10881.4,11386.1,11166.25,10768.0,10303.7,10912.2,10813.75,True
2020-09-28,362.6,200.6,573.7,263.75,11290.1,11125.1,11682.1,11404.0,11000.0,10487.4,11159.1,11140.25,True
2020-09-29,349.9,193.6,553.9,159.25,11543.0,11383.8,11921.2,11448.75,11263.1,10768.5,11416.5,11289.5,True
2020-09-30,314.6,173.2,498.3,359.0,11471.0,11327.9,11811.1,11526.0,11219.4,10774.7,11357.3,11167.0,True
2020-10-01,337.0,185.9,533.6,224.25,11550.0,11396.7,11914.3,11599.25,11280.4,10804.1,11428.2,11375.0,True
2020-10-02,309.0,170.9,484.8,400.25,11705.7,11565.1,12039.6,11604.75,11458.5,11021.8,11594.0,11204.5,True
2020-10-05,322.7,178.4,506.3,230.0,11370.0,11223.2,11718.7,11497.5,11111.8,10655.8,11253.3,11267.5,False
2020-10-06,307.6,170.2,482.8,327.0,11599.6,11459.7,11931.9,11524.5,11353.5,10918.9,11488.4,11197.5,True
2020-10-07,325.7,180.9,510.7,298.5,11411.7,11263.6,11763.6,11506.5,11151.2,10691.1,11294.0,11208.0,True
2020-10-08,317.0,176.2,497.4,109.0,11604.3,11460.1,11946.8,11578.75,11350.7,10902.9,11489.7,11469.75,True
2020-10-09,270.0,148.9,424.3,186.5,11653.4,11530.6,11945.1,11739.0,11437.5,11056.0,11555.8,11552.5,True
2020-10-12,260.3,143.5,408.9,509.25,11835.0,11716.7,12116.2,12197.0,11626.9,11259.2,11740.9,11687.75,False
2020-10-13,331.0,182.5,519.9,230.0,12238.5,12088.0,12597.2,12249.0,11973.8,11506.3,12118.8,12019.0,True
2020-10-14,289.0,159.3,453.9,276.25,12216.5,12085.0,12529.6,12178.0,11985.4,11577.2,12112.0,11901.75,True
2020-10-15,286.3,157.9,449.9,246.75,12095.6,11965.4,12405.8,11983.25,11866.6,11462.3,11992.1,11736.5,True
2020-10-16,295.3,162.9,464.1,230.0,11999.1,11864.9,12319.1,12022.0,11763.0,11346.0,11892.4,11792.0,True
2020-10-19,294.3,162.3,462.5,359.25,11922.7,11788.9,12241.5,11950.5,11687.4,11271.9,11816.3,11591.25,True
2020-10-20,286.3,158.0,450.1,193.5,11771.6,11641.4,12081.7,11792.0,11542.6,11138.5,11668.1,11598.5,True
2020-10-21,266.4,147.5,418.0,194.25,11773.7,11652.5,12062.2,11779.25,11560.6,11184.6,11677.3,11585.0,True
2020-10-22,256.6,142.2,403.1,213.0,11800.0,11683.3,12077.9,11724.0,11594.8,11232.6,11707.2,11511.0,True
2020-10-23,253.3,140.5,398.3,140.75,11757.1,11641.9,12031.4,11691.75,11554.5,11197.1,11665.5,11551.0,True
2020-10-26,229.5,127.6,361.6,352.25,11760.7,11656.4,12009.3,11695.5,11577.2,11253.4,11677.8,11343.25,True
2020-10-27,247.6,137.4,389.4,144.75,11597.2,11484.6,11865.3,11623.0,11399.1,11049.8,11507.7,11478.25,True
2020-10-28,220.6,122.6,347.2,443.0,11681.5,11581.2,11920.4,11566.75,11505.1,11193.9,11601.7,11123.75,False
2020-10-29,268.5,148.8,421.8,312.75,11246.5,11123.9,11537.2,11457.75,11031.8,10651.6,11149.5,11145.0,True
2020-10-30,280.2,155.2,439.9,336.75,11461.5,11333.6,11764.9,11281.25,11237.4,10840.7,11360.2,10944.5,False
2020-11-02,294.8,163.1,462.4,269.75,11171.2,11036.0,11490.3,11212.0,10935.4,10518.1,11064.6,10942.25,True
2020-11-03,284.1,157.1,445.4,282.5,11183.6,11053.4,11491.2,11347.0,10956.4,10554.3,11080.9,11064.5,True
2020-11-04,303.3,167.8,475.9,613.5,11394.3,11255.2,11722.6,11843.75,11151.7,10722.4,11284.6,11230.25,False
2020-11-05,369.8,204.3,581.3,348.25,11919.8,11750.2,12320.8,12119.5,11624.0,11100.5,11786.0,11771.25,True
2020-11-06,359.4,198.5,564.9,240.75,12228.9,12064.0,12618.6,12109.0,11941.4,11432.7,12098.9,11868.25,True
2020-11-09,332.5,184.0,523.5,596.5,12216.0,12063.5,12576.5,12408.75,11950.0,11479.4,12095.7,11812.25,True
2020-11-10,395.5,218.4,624.0,398.25,11988.2,11806.8,12417.0,11901.5,11671.8,11112.0,11845.1,11503.25,True
2020-11-11,387.0,213.7,610.5,342.5,11782.3,11604.9,12202.0,11917.75,11472.7,10925.1,11642.3,11575.25,True
2020-11-12,359.1,198.4,566.8,200.0,12038.3,11873.6,12427.6,11975.75,11751.0,11242.8,11908.3,11775.75,True
2020-11-13,323.0,179.8,509.8,151.0,11956.9,11808.8,12307.2,11952.75,11698.6,11241.5,11840.1,11801.75,True
2020-11-16,306.5,169.7,482.9,213.25,12063.4,11922.9,12395.8,12065.0,11818.3,11384.6,11952.6,11851.75,True
2020-11-17,278.4,154.3,439.0,142.5,12123.0,11995.4,12424.9,12096.25,11900.3,11506.4,12022.3,11953.75,True
2020-11-18,236.1,130.7,372.5,166.0,12075.1,11966.9,12331.1,12027.5,11886.3,11552.2,11989.7,11861.5,True
2020-11-19,213.0,117.9,335.9,195.5,11987.3,11889.7,12218.2,12000.0,11816.9,11515.6,11910.2,11804.5,True
2020-11-20,217.6,120.5,343.3,147.5,12079.5,11979.8,12315.4,12021.0,11905.5,11597.6,12000.8,11873.5,True
2020-11-23,208.7,115.5,329.2,193.5,11994.2,11898.6,12220.5,12001.75,11827.3,11532.0,11918.7,11808.25,True
2020-11-24,211.6,117.2,334.0,231.75,11994.9,11898.0,12224.4,12104.5,11825.7,11526.4,11918.4,11872.75,True
2020-11-25,232.0,128.4,365.8,100.25,12174.4,12068.0,12425.9,12177.75,11988.8,11660.6,12090.4,12077.5,True
2020-11-27,203.3,112.6,320.9,180.5,12238.5,12145.3,12458.8,12307.5,12075.8,11788.2,12164.9,12127.0,True
2020-11-30,215.1,119.1,339.4,251.25,12348.7,12250.1,12581.9,12337.25,12176.6,11872.4,12270.9,12086.0,True
2020-12-01,233.0,129.1,366.2,200.25,12375.8,12269.0,12628.4,12512.25,12189.4,11859.9,12291.5,12312.0,False
2020-12-02,229.2,127.1,360.5,161.0,12549.5,12444.4,12797.9,12473.5,12366.1,12041.9,12466.5,12312.5,True
2020-12-03,211.3,117.4,332.9,96.25,12543.9,12447.0,12772.9,12540.25,12374.8,12076.0,12467.4,12444.0,True
2020-12-04,197.5,109.6,311.6,87.25,12546.0,12455.5,12760.1,12535.75,12388.0,12108.7,12474.5,12448.5,True
2020-12-07,182.2,100.7,287.7,137.5,12603.2,12519.8,12800.8,12612.25,12457.5,12199.9,12537.3,12474.75,True
2020-12-08,170.4,94.2,269.1,150.5,12668.2,12590.2,12853.0,12652.5,12532.0,12291.0,12606.6,12502.0,True
2020-12-09,162.7,89.9,256.9,368.25,12706.5,12632.0,12882.8,12675.0,12576.3,12346.3,12647.6,12306.75,False
2020-12-10,204.2,112.6,323.2,230.75,12453.5,12360.1,12674.9,12449.0,12290.2,12000.8,12379.7,12218.25,True
2020-12-11,206.7,114.0,327.3,180.0,12489.6,12395.0,12713.7,12414.25,12324.3,12031.3,12414.9,12234.25,True
2020-12-14,207.5,114.4,328.4,158.5,12455.9,12361.0,12680.9,12545.0,12290.0,11995.9,12380.9,12386.5,False
2020-12-15,205.0,113.3,323.5,187.75,12543.4,12449.6,12765.6,12604.75,12379.4,12088.9,12469.3,12417.0,True
2020-12-16,214.2,118.4,338.1,132.0,12682.5,12584.5,12914.7,12699.75,12511.2,12207.7,12605.1,12567.75,True
2020-12-17,183.2,101.7,289.1,98.75,12742.9,12659.1,12941.4,12766.25,12596.4,12336.8,12676.7,12667.5,True
2020-12-18,162.1,89.8,256.2,115.0,12819.7,12745.5,12995.4,12823.0,12690.1,12460.4,12761.1,12708.0,True
2020-12-21,155.9,86.7,247.0,321.5,12866.2,12794.8,13035.1,12782.5,12741.5,12520.6,12809.8,12461.0,False
2020-12-22,193.3,107.3,306.2,166.5,12765.5,12676.7,12974.9,12760.0,12610.9,12336.5,12695.5,12593.5,True
2020-12-23,178.1,98.8,281.9,115.25,12785.5,12703.7,12978.5,12738.75,12643.1,12390.3,12721.1,12623.5,True
2020-12-24,168.3,93.7,266.3,92.5,12722.6,12645.3,12904.9,12724.0,12588.0,12349.1,12661.7,12631.5,True
2020-12-28,162.9,90.5,258.2,200.25,12773.5,12698.8,12950.0,12855.5,12643.3,12412.1,12714.6,12655.25,True
2020-12-29,187.2,103.8,296.3,110.0,12912.1,12826.2,13114.9,12918.25,12762.4,12496.7,12844.4,12808.25,True
2020-12-30,152.4,84.7,241.4,89.25,12905.6,12835.7,13070.7,12909.75,12783.7,12567.4,12850.5,12820.5,True
2020-12-31,138.6,77.1,219.7,99.5,12900.3,12836.6,13050.4,12896.0,12789.4,12592.7,12850.1,12796.5,True
2021-01-04,136.6,76.0,216.5,437.25,12943.4,12880.7,13091.3,12959.75,12834.2,12640.3,12894.0,12522.5,False
2021-01-05,203.8,113.2,321.6,197.0,12771.9,12678.4,12992.6,12809.0,12608.9,12318.7,12698.2,12612.0,True
2021-01-06,190.2,105.6,300.0,353.0,12874.2,12786.8,13080.1,12844.25,12722.0,12451.2,12805.3,12491.25,True
2021-01-07,230.3,127.7,364.0,312.5,12714.4,12608.7,12963.7,12959.0,12530.2,12202.3,12631.1,12646.5,False
2021-01-08,261.2,144.6,412.4,206.0,13038.8,12918.9,13321.5,13125.0,12829.9,12458.0,12944.7,12919.0,True
2021-01-11,263.8,146.2,416.7,233.5,13209.2,13088.0,13494.7,13105.25,12998.2,12622.6,13114.1,12871.75,True
2021-01-12,244.5,135.5,386.1,191.75,13000.7,12888.5,13265.3,12959.0,12805.1,12457.1,12912.6,12767.25,True
2021-01-13,235.7,130.7,372.5,182.25,12990.2,12882.0,13245.3,13003.0,12801.7,12466.2,12905.3,12820.75,True
2021-01-14,217.8,120.8,344.2,147.75,13064.6,12964.7,13300.3,13028.75,12890.4,12580.5,12986.1,12881.0,True
2021-01-15,193.3,107.3,305.8,187.75,12983.0,12894.3,13192.2,12931.25,12828.4,12553.3,12913.3,12743.5,True
2021-01-19,195.1,108.3,308.6,305.75,12885.0,12795.5,13096.1,13032.75,12728.9,12451.3,12814.7,12727.0,True
2021-01-20,219.4,121.8,346.4,310.0,13078.6,12977.9,13316.0,13327.0,12903.0,12590.9,12999.5,13017.0,False
2021-01-21,241.1,133.7,380.1,140.25,13396.5,13285.9,13657.9,13423.5,13203.6,12860.7,13310.0,13283.25,True
2021-01-22,218.9,121.5,345.5,102.0,13488.4,13387.9,13725.7,13402.25,13313.2,13001.9,13409.8,13300.25,True
2021-01-25,205.7,114.0,324.7,365.5,13448.8,13354.4,13671.8,13554.5,13284.2,12991.6,13374.9,13189.0,True
2021-01-26,256.3,142.0,406.6,219.5,13584.2,13466.6,13862.1,13599.75,13379.2,13014.7,13492.3,13380.25,True
2021-01-27,233.4,129.2,370.1,701.75,13584.6,13477.4,13837.5,13586.5,13397.8,13065.9,13500.8,12884.75,False
2021-01-28,309.1,170.7,493.2,487.75,13236.8,13094.8,13571.7,13394.0,12989.3,12548.5,13125.7,12906.25,True
2021-01-29,344.3,189.9,548.4,359.0,13332.2,13174.1,13705.3,13188.0,13056.6,12565.6,13208.5,12829.0,True
2021-02-01,352.9,194.6,561.9,544.25,13061.1,12899.1,13443.5,13271.5,12778.6,12275.3,12934.3,12727.25,True
2021-02-02,406.9,225.5,646.3,279.25,13409.3,13222.5,13850.2,13509.75,13083.5,12503.3,13263.1,13230.5,True
2021-02-03,393.7,218.4,626.2,197.75,13616.2,13435.4,14042.8,13584.5,13301.0,12739.6,13474.7,13386.75,True
2021-02-04,335.1,184.7,533.4,223.5,13536.6,13382.7,13899.6,13568.75,13268.3,12790.4,13416.1,13345.25,True
2021-02-05,312.7,172.3,497.8,119.0,13680.3,13536.8,14019.1,13638.5,13430.0,12984.0,13567.9,13519.5,True
2021-02-08,267.6,147.4,426.7,97.0,13711.7,13588.8,14001.6,13693.0,13497.4,13115.8,13615.5,13596.0,True
2021-02-09,208.8,115.1,332.9,101.25,13771.7,13675.8,13997.9,13735.25,13604.5,13306.8,13696.6,13634.0,True
2021-02-10,183.8,101.3,293.2,252.5,13758.3,13674.0,13957.4,13769.25,13611.2,13349.1,13692.2,13516.75,True
2021-02-11,209.6,115.4,334.3,131.25,13732.5,13636.3,13959.6,13743.75,13564.7,13265.8,13657.2,13612.5,True
2021-02-12,182.9,100.8,291.6,174.75,13806.7,13722.7,14004.8,13820.75,13660.3,13399.5,13740.9,13646.0,True
2021-02-16,196.7,108.4,313.5,184.5,13888.3,13798.0,14101.4,13900.5,13730.8,13450.3,13817.6,13716.0,True
2021-02-17,208.3,114.8,332.2,242.0,13856.3,13760.6,14081.9,13785.0,13689.5,13392.5,13781.3,13543.0,True
2021-02-18,232.5,128.1,370.5,255.25,13798.5,13691.8,14050.4,13723.25,13612.4,13280.9,13714.9,13468.0,True
2021-02-19,234.0,128.8,372.6,194.25,13732.4,13625.0,13985.9,13729.0,13545.0,13211.4,13648.2,13534.75,True
2021-02-22,232.4,127.9,370.0,414.0,13674.7,13568.1,13926.5,13629.0,13488.6,13157.3,13591.1,13215.0,True
2021-02-23,275.4,151.3,439.2,578.5,13341.1,13214.9,13639.5,13335.75,13120.7,12728.1,13242.2,12757.25,True
2021-02-24,339.4,185.9,546.9,376.0,13336.0,13180.5,13703.8,13334.0,13064.4,12580.5,13214.1,12958.0,True
2021-02-25,346.7,189.8,558.3,589.75,13449.1,13290.2,13824.8,13353.75,13171.7,12677.4,13324.5,12764.0,True
2021-02-26,388.3,212.5,624.9,427.25,12996.5,12818.6,13417.2,13089.5,12685.8,12132.3,12857.0,12662.25,True
2021-03-01,406.5,222.2,653.4,371.75,13083.4,12897.2,13523.9,13318.0,12758.1,12178.8,12937.4,12946.25,False
2021-03-02,403.9,220.7,649.1,280.0,13451.1,13266.1,13888.7,13328.25,13127.9,12552.3,13306.3,13048.25,True
2021-03-03,353.4,193.4,568.9,528.75,13205.2,13043.3,13588.0,13192.0,12922.3,12418.8,13078.5,12663.25,True
2021-03-04,386.4,211.3,621.2,490.5,12845.6,12668.7,13264.3,12797.0,12536.4,11985.9,12707.1,12306.5,True
2021-03-05,369.7,202.4,586.9,490.5,12611.8,12442.6,13012.3,12697.75,12315.9,11789.3,12479.3,12207.25,True
2021-03-08,389.2,213.3,616.6,479.5,12828.8,12650.7,13250.4,12761.25,12517.2,11962.9,12689.3,12281.75,True
2021-03-09,392.5,215.0,621.5,541.5,12463.7,12284.1,12888.9,12867.5,12149.4,11590.5,12323.0,12326.0,False
2021-03-10,450.1,247.9,711.3,290.25,12979.7,12773.7,13467.2,12993.25,12619.3,11978.4,12818.5,12703.0,True
2021-03-11,401.3,221.3,634.1,395.0,12919.5,12735.8,13354.1,13119.25,12598.2,12026.8,12775.8,12724.25,True
2021-03-12,420.7,231.9,664.3,326.75,13226.7,13034.2,13682.3,13095.0,12890.0,12290.9,13076.1,12768.25,True
2021-03-15,393.2,216.8,621.0,227.0,13100.3,12920.4,13526.1,13099.0,12785.5,12225.7,12959.5,12872.0,True
2021-03-16,355.8,196.5,562.9,241.5,13229.4,13066.7,13614.7,13298.0,12944.6,12438.1,13102.0,13056.5,True
2021-03-17,324.2,179.5,513.1,336.75,13289.0,13140.7,13640.0,13283.25,13029.6,12568.0,13172.9,12946.5,True
2021-03-18,343.2,190.3,539.9,501.5,13347.1,13190.1,13718.7,13279.0,13072.4,12583.9,13224.2,12777.5,True
2021-03-19,362.5,200.7,569.6,186.25,12949.2,12783.5,13341.7,12919.0,12659.1,12143.2,12819.5,12732.75,True
2021-03-22,312.0,172.7,490.6,368.5,12941.0,12798.5,13278.9,13157.0,12691.4,12247.3,12829.4,12788.5,True
2021-03-23,361.5,200.0,568.2,193.0,13225.1,13059.8,13616.4,13172.0,12935.8,12421.3,13095.6,12979.0,True
2021-03-24,329.8,181.2,518.4,361.25,13146.1,12995.4,13503.1,13145.25,12882.2,12412.9,13028.0,12784.0,True
2021-03-25,350.1,192.1,549.8,249.75,12942.4,12782.5,13321.4,12859.5,12662.3,12164.1,12817.1,12609.75,True
2021-03-26,305.6,167.7,479.9,312.25,12900.0,12760.5,13230.9,12988.5,12655.5,12220.7,12790.7,12676.25,True
2021-03-29,332.8,183.8,522.1,195.5,13107.8,12955.9,13468.1,13003.0,12841.6,12368.1,12988.7,12807.5,True
2021-03-30,290.7,160.7,456.5,207.5,13067.7,12935.0,13382.4,12984.0,12835.1,12421.6,12963.7,12776.5,True
2021-03-31,290.2,160.5,455.9,299.75,13001.2,12868.8,13315.4,13158.0,12769.0,12356.3,12897.4,12858.25,True
2021-04-01,299.1,165.3,469.5,242.25,13216.5,13080.0,13540.2,13332.5,12977.2,12551.8,13109.5,13090.25,True
2021-04-05,295.0,163.0,463.0,310.75,13441.0,13306.4,13760.3,13615.0,13205.1,12785.5,13335.5,13304.25,True
2021-04-06,304.0,167.8,476.7,130.75,13714.4,13575.6,14043.3,13655.0,13471.2,13038.8,13605.6,13524.25,True
2021-04-07,263.4,144.5,413.4,128.5,13681.6,13561.5,13966.7,13641.0,13471.0,13096.4,13587.4,13512.5,True
2021-04-08,248.6,136.3,390.6,174.25,13710.1,13596.7,13979.1,13789.75,13511.3,13157.8,13621.1,13615.5,True
2021-04-09,238.1,130.5,374.0,193.5,13848.7,13740.1,14106.3,13841.75,13658.2,13319.7,13763.5,13648.25,True
2021-04-12,229.5,125.8,360.5,100.25,13926.7,13822.1,14175.1,13832.25,13743.2,13416.9,13844.6,13732.0,True
2021-04-13,183.5,100.6,288.5,221.25,13886.5,13802.8,14085.0,13994.0,13739.8,13478.9,13820.8,13772.75,True
2021-04-14,212.4,116.4,333.7,256.25,14065.8,13968.9,14295.5,14029.0,13895.9,13594.0,13989.8,13772.75,True
2021-04-15,228.0,124.9,357.9,245.0,13895.4,13791.4,14142.0,14034.25,13713.0,13388.9,13813.8,13789.25,True
2021-04-16,239.5,131.1,375.9,106.75,14115.5,14006.3,14374.6,14059.5,13924.0,13583.5,14029.8,13952.75,True
2021-04-19,206.6,112.8,324.9,231.25,14117.0,14022.9,14340.5,14052.25,13951.8,13658.2,14043.1,13821.0,True
2021-04-20,236.3,128.9,371.3,214.5,13997.4,13889.7,14253.0,13933.75,13808.4,13472.6,13912.8,13719.25,True
2021-04-21,227.7,124.2,357.8,226.0,13890.7,13787.0,14137.0,13926.5,13708.6,13385.1,13809.3,13700.5,True
2021-04-22,228.3,124.6,358.9,243.0,14016.0,13912.0,14262.9,13944.75,13833.4,13509.0,13934.3,13701.75,True
2021-04-23,224.6,122.5,352.8,244.0,13845.4,13743.1,14088.3,13981.0,13665.8,13346.7,13765.0,13737.0,True
2021-04-26,244.4,133.4,384.3,173.75,14030.6,13919.3,14294.8,14039.25,13835.1,13487.9,13943.1,13865.5,True
2021-04-27,227.4,124.3,358.1,137.5,14107.9,14004.3,14353.7,14050.0,13926.0,13603.0,14026.5,13912.5,True
2021-04-28,210.3,115.1,331.5,115.5,14042.1,13946.4,14269.5,13993.5,13873.9,13575.2,13966.8,13878.0,True
2021-04-29,190.1,104.3,300.3,245.5,13972.8,13886.3,14178.3,14064.0,13820.8,13550.8,13904.8,13818.5,True
2021-04-30,207.8,114.0,328.3,137.0,14041.6,13947.0,14266.2,13956.75,13875.4,13580.3,13967.2,13819.75,True
2021-05-03,179.7,98.7,282.8,175.5,13926.1,13844.4,14120.4,13947.5,13782.4,13527.3,13861.8,13772.0,True
2021-05-04,182.3,100.1,286.8,411.75,13867.2,13784.3,14064.3,13792.5,13721.4,13462.6,13802.0,13380.75,False
2021-05-05,232.1,127.3,366.5,202.75,13634.3,13528.7,13885.2,13665.5,13448.6,13117.8,13551.3,13462.75,True
2021-05-06,222.3,122.1,349.7,222.75,13585.2,13484.1,13825.5,13611.5,13407.4,13090.5,13505.6,13388.75,True
2021-05-07,226.0,124.3,355.3,229.75,13693.5,13590.7,13937.8,13818.0,13512.7,13190.6,13612.6,13588.25,True
2021-05-10,240.1,132.0,377.5,446.5,13811.5,13702.3,14070.9,13752.0,13619.4,13277.2,13725.5,13305.5,True
2021-05-11,284.0,155.9,446.6,310.5,13477.1,13347.9,13784.0,13375.75,13249.9,12845.2,13375.4,13065.25,True
2021-05-12,267.3,146.8,420.2,392.0,13459.3,13337.7,13748.1,13351.75,13245.3,12864.6,13363.6,12959.75,True
2021-05-13,291.7,159.9,457.7,308.75,13122.1,12989.4,13437.2,13223.75,12888.6,12473.2,13017.7,12915.0,True
2021-05-14,298.3,163.6,468.3,355.25,13226.6,13091.0,13548.9,13426.25,12987.9,12563.1,13119.8,13071.0,True
2021-05-17,324.9,178.6,509.4,265.75,13524.7,13376.9,13875.6,13448.5,13264.7,12801.9,13408.3,13182.75,True
2021-05-18,297.2,163.2,465.6,253.75,13429.4,13294.3,13750.4,13432.25,13191.6,12768.4,13323.0,13178.5,True
2021-05-19,290.9,159.9,456.1,288.75,13335.3,13203.0,13649.4,13243.0,13102.4,12688.2,13231.1,12954.25,True
2021-05-20,287.0,157.7,449.7,372.0,13355.1,13224.6,13665.0,13522.75,13125.4,12716.8,13252.3,13150.75,True
2021-05-21,309.8,170.0,484.9,174.25,13617.8,13476.9,13952.3,13570.0,13369.8,12928.8,13506.8,13395.75,True
2021-05-24,263.7,144.8,413.2,329.5,13516.7,13396.8,13801.5,13686.0,13305.7,12930.3,13422.3,13356.5,True
2021-05-25,296.1,162.7,463.3,132.0,13760.7,13626.1,14080.4,13738.75,13523.8,13102.3,13654.7,13606.75,True
2021-05-26,254.1,139.5,398.2,72.5,13763.9,13648.4,14038.2,13728.5,13560.7,13198.9,13672.9,13656.0,True
2021-05-27,214.7,117.9,336.8,100.5,13791.2,13693.6,14023.0,13720.75,13619.5,13313.8,13714.3,13620.25,True
2021-05-28,188.5,103.4,296.2,100.75,13745.3,13659.7,13948.8,13763.5,13594.6,13326.3,13677.9,13662.75,True
2021-06-01,179.2,97.5,281.5,180.75,13762.4,13681.0,13955.8,13773.0,13619.1,13364.0,13698.2,13592.25,True
2021-06-02,167.7,91.2,263.4,109.5,13719.8,13643.6,13900.8,13712.75,13585.7,13347.0,13659.7,13603.25,True
2021-06-03,155.4,84.6,244.3,245.5,13739.6,13669.0,13907.3,13707.75,13615.3,13394.1,13683.9,13462.25,True
2021-06-04,194.4,105.7,305.6,316.0,13611.6,13523.3,13821.4,13783.75,13456.2,13179.5,13542.0,13467.75,True
2021-06-07,232.8,126.4,366.1,132.5,13865.4,13759.6,14116.6,13824.0,13679.2,13347.9,13782.0,13691.5,True
2021-06-08,214.7,117.5,337.6,175.5,13895.2,13797.6,14126.8,13917.25,13723.5,13418.0,13818.3,13741.75,True
2021-06-09,219.9,120.4,345.8,100.75,13904.7,13804.7,14141.9,13904.25,13728.8,13415.9,13825.9,13803.5,True
2021-06-10,204.3,111.9,321.5,250.5,13900.8,13808.0,14121.2,13976.5,13737.5,13446.8,13827.6,13726.0,True
2021-06-11,225.8,123.5,354.8,65.5,14055.4,13952.8,14299.0,13997.75,13874.9,13553.6,13974.5,13932.25,True
2021-06-14,163.5,88.9,257.0,168.25,14063.5,13989.2,14239.9,14133.5,13932.8,13700.2,14004.9,13965.25,True
2021-06-15,184.2,100.0,289.4,153.75,14202.8,14119.1,14401.4,14163.0,14055.5,13793.5,14136.8,14009.25,True
2021-06-16,175.5,95.4,276.0,263.75,14104.6,14024.9,14293.9,14103.75,13964.3,13714.7,14041.7,13840.0,True
2021-06-17,204.6,111.9,320.9,367.5,14067.9,13975.0,14288.5,14217.75,13904.3,13613.4,13994.6,13850.25,True
2021-06-18,230.9,126.0,362.2,150.75,14263.3,14158.4,14512.3,14214.25,14078.7,13750.3,14180.6,14063.5,True
2021-06-21,215.2,117.7,337.3,185.5,14198.6,14100.9,14430.6,14144.0,14026.5,13720.5,14121.5,13958.5,True
2021-06-22,220.2,120.4,345.2,212.75,14223.3,14123.3,14460.7,14279.25,14047.2,13734.1,14144.4,14066.5,True
2021-06-23,228.6,124.9,358.1,84.0,14355.1,14251.3,14601.5,14315.75,14172.3,13847.3,14273.2,14231.75,True
2021-06-24,187.7,101.7,294.2,152.0,14342.5,14257.3,14544.8,14422.0,14192.4,13925.6,14275.3,14270.0,True
2021-06-25,173.9,94.3,272.6,81.0,14427.9,14349.0,14615.3,14394.25,14288.9,14041.7,14365.6,14313.25,True
2021-06-28,153.5,82.4,240.7,186.5,14404.0,14334.3,14569.4,14519.75,14281.3,14063.1,14349.0,14333.25,True
2021-06-29,171.5,91.9,268.7,116.0,14585.1,14507.3,14770.0,14584.75,14448.0,14204.3,14523.7,14468.75,True
2021-06-30,150.7,80.9,236.4,80.25,14626.8,14558.4,14789.2,14598.5,14506.4,14292.2,14572.8,14518.25,True
2021-07-01,143.5,77.0,225.3,135.25,14609.8,14544.6,14764.4,14606.25,14495.1,14291.1,14558.4,14471.0,True
2021-07-02,148.5,79.8,233.3,215.75,14611.4,14544.0,14771.4,14729.0,14492.7,14281.7,14558.2,14513.25,True
2021-07-06,177.0,95.0,277.9,164.75,14788.7,14708.4,14979.4,14790.0,14647.2,14395.7,14725.3,14625.25,True
2021-07-07,168.0,90.1,263.5,157.5,14846.6,14770.4,15027.6,14883.75,14712.4,14473.7,14786.5,14726.25,True
2021-07-08,169.7,91.0,266.0,281.5,14874.1,14797.1,15056.9,14822.0,14738.5,14497.4,14813.3,14540.5,True
2021-07-09,205.7,111.3,322.6,191.25,14799.4,14706.0,15020.9,14832.0,14634.9,14342.7,14725.7,14640.75,True
2021-07-12,204.7,110.7,321.0,103.5,14897.2,14804.3,15117.6,14888.5,14733.6,14442.8,14823.8,14785.0,True
2021-07-13,180.1,96.4,282.6,200.25,14945.5,14863.8,15139.5,14994.75,14801.6,14545.8,14881.0,14794.5,True
2021-07-14,195.8,104.9,307.4,154.75,14947.9,14859.1,15158.8,14996.0,14791.4,14513.3,14877.8,14841.25,True
2021-07-15,191.3,102.7,300.3,254.5,14972.8,14886.0,15178.7,14962.75,14819.9,14548.2,14904.2,14708.25,True
2021-07-16,198.4,106.5,311.3,213.5,14871.5,14781.5,15085.1,14869.5,14712.9,14431.2,14800.4,14656.0,True
2021-07-19,196.6,105.4,308.3,237.5,14753.8,14664.6,14965.4,14682.5,14596.6,14317.5,14683.3,14445.0,True
2021-07-20,211.5,113.4,331.5,265.75,14630.3,14534.4,14858.0,14782.5,14461.3,14161.0,14554.5,14516.75,True
2021-07-21,222.6,119.3,348.6,171.25,14817.0,14716.1,15056.6,14839.5,14639.1,14323.1,14737.2,14668.25,True
2021-07-22,215.7,116.7,337.6,156.0,14919.1,14821.3,15151.3,14982.75,14746.7,14440.5,14841.8,14826.75,True
2021-07-23,204.3,110.6,319.9,183.0,15015.0,14922.4,15234.9,15117.25,14851.7,14561.7,14941.7,14934.25,True
2021-07-26,206.0,111.5,322.5,95.25,15185.3,15091.8,15406.9,15134.0,15020.6,14728.2,15111.3,15038.75,True
2021-07-27,176.4,94.8,277.0,357.25,15192.5,15112.4,15382.3,15131.5,15051.5,14801.1,15129.2,14774.25,False
2021-07-28,213.7,114.9,335.7,208.5,15038.3,14941.3,15268.2,15074.5,14867.5,14562.9,14961.6,14866.0,True
2021-07-29,208.6,112.1,327.7,179.0,15099.9,15005.2,15324.3,15084.0,14933.1,14635.9,15025.0,14905.0,True
2021-07-30,206.8,111.5,325.0,168.75,15125.3,15031.5,15347.8,14980.0,14960.0,14665.4,15051.1,14811.25,False
2021-08-02,203.0,109.7,317.9,124.0,15041.7,14949.5,15260.1,15056.25,14879.5,14590.3,14968.8,14932.25,True
2021-08-03,200.0,108.1,313.3,201.0,15037.5,14946.6,15252.6,15050.0,14877.6,14592.7,14965.6,14849.0,True
2021-08-04,195.7,105.9,306.7,111.0,15129.1,15040.2,15339.7,15108.0,14972.7,14694.0,15058.9,14997.0,True
2021-08-05,171.3,92.7,268.5,103.25,15146.1,15068.2,15330.3,15172.5,15009.1,14765.2,15084.5,15069.25,True
2021-08-06,161.2,87.2,252.8,122.5,15236.0,15162.8,15409.4,15169.75,15107.2,14877.6,15178.1,15047.25,True
2021-08-09,156.8,85.0,246.3,142.25,15161.9,15090.7,15330.6,15145.5,15036.6,14813.3,15105.6,15003.25,True
2021-08-10,159.9,86.7,251.4,162.75,15193.0,15120.3,15364.9,15157.25,15065.2,14837.5,15135.5,14994.5,True
2021-08-11,155.8,84.5,245.0,156.0,15110.5,15039.7,15278.0,15119.0,14985.9,14764.1,15054.5,14963.0,True
2021-08-12,161.3,87.5,253.5,149.25,15087.8,15014.5,15261.3,15090.5,14958.9,14729.3,15029.8,14941.25,True
2021-08-13,166.3,90.1,261.1,86.5,15148.9,15073.4,15327.8,15141.75,15016.0,14779.3,15089.1,15055.25,True
2021-08-16,152.3,82.6,239.3,221.75,15190.2,15121.1,15354.0,15139.0,15068.5,14851.7,15135.5,14917.25,True
2021-08-17,178.1,96.4,279.3,236.75,15209.4,15128.5,15400.9,15133.75,15067.1,14813.6,15145.4,14897.0,True
2021-08-18,186.9,101.0,292.8,230.75,15076.6,14991.8,15277.6,15037.25,14927.2,14661.3,15009.4,14806.5,True
2021-08-19,192.6,104.4,300.5,288.5,14930.8,14843.3,15137.9,14999.0,14776.8,14502.8,14861.5,14710.5,True
2021-08-20,214.4,116.2,334.5,249.0,15018.8,14921.4,15249.3,15100.0,14847.4,14542.4,14941.7,14851.0,True
2021-08-23,231.6,125.3,360.8,251.0,15184.8,15079.6,15433.8,15337.5,14999.7,14670.2,15101.5,15086.5,True
2021-08-24,239.8,129.7,373.3,74.5,15406.1,15297.2,15663.8,15384.0,15214.4,14873.2,15319.8,15309.5,True
2021-08-25,194.0,104.7,302.5,64.0,15437.7,15349.6,15646.2,15397.0,15282.6,15006.6,15367.8,15333.0,True
2021-08-26,174.0,93.9,271.6,113.0,15437.9,15358.9,15624.9,15368.25,15298.8,15051.4,15375.3,15255.25,True
2021-08-27,160.9,86.9,251.3,178.25,15342.9,15269.8,15515.8,15443.75,15214.3,14985.4,15285.0,15265.5,True
2021-08-30,161.4,87.1,252.0,197.75,15494.8,15421.6,15668.3,15617.75,15365.8,15136.3,15436.7,15420.0,True
2021-08-31,157.7,85.0,246.1,159.5,15664.3,15592.7,15833.7,15677.25,15538.2,15314.0,15607.5,15517.75,True
2021-09-01,163.8,88.4,255.4,120.5,15651.9,15577.5,15827.9,15699.0,15520.9,15288.0,15592.9,15578.5,True
2021-09-02,165.3,89.2,257.6,130.25,15679.3,15604.2,15856.9,15682.0,15547.1,15312.1,15619.7,15551.75,True
2021-09-03,167.1,90.2,260.5,125.25,15671.8,15595.9,15851.3,15677.5,15538.2,15300.6,15611.6,15552.25,True
2021-09-07,160.7,86.7,250.6,102.0,15719.6,15646.6,15892.2,15708.75,15591.1,15362.7,15661.6,15606.75,True
2021-09-08,145.8,78.7,227.5,167.25,15736.5,15670.3,15893.1,15691.0,15620.0,15412.7,15683.9,15523.75,True
2021-09-09,155.0,83.6,241.6,130.0,15685.6,15615.3,15852.1,15675.75,15561.7,15341.4,15629.8,15545.75,True
2021-09-10,151.1,81.5,235.5,234.5,15622.7,15554.2,15785.0,15668.0,15502.0,15287.2,15568.3,15433.5,True
2021-09-13,174.4,93.9,271.3,214.75,15515.4,15436.2,15702.7,15565.0,15376.0,15128.1,15452.5,15350.25,True
2021-09-14,184.3,99.2,286.6,179.5,15514.8,15431.2,15712.7,15530.75,15367.5,15105.6,15448.3,15351.25,True
2021-09-15,189.1,101.8,294.1,206.5,15467.1,15381.3,15670.2,15521.75,15315.9,15047.2,15398.9,15315.25,True
2021-09-16,200.4,107.8,311.2,172.5,15588.9,15497.9,15804.1,15542.0,15428.7,15144.0,15516.6,15369.5,True
2021-09-17,200.1,107.7,310.8,73.0,15602.5,15511.7,15817.4,15547.0,15442.5,15158.3,15530.3,15474.0,True
2021-09-20,163.0,87.9,253.1,530.75,15555.7,15481.7,15730.7,15338.25,15425.4,15193.9,15496.9,14807.5,False
2021-09-21,238.2,128.0,369.8,200.0,15110.4,15002.0,15366.1,15163.25,14919.9,14580.3,15024.4,14963.25,True
2021-09-22,215.9,116.0,335.2,296.5,15115.5,15017.2,15347.2,15227.0,14942.8,14635.0,15037.5,14930.5,True
2021-09-23,238.0,127.8,369.4,171.75,15264.3,15156.0,15519.8,15347.0,15074.0,14734.7,15178.4,15175.25,True
2021-09-24,224.9,120.8,349.0,157.5,15398.8,15296.4,15640.2,15334.25,15219.0,14898.3,15317.5,15176.75,True
2021-09-27,231.7,124.6,360.0,315.25,15416.9,15311.5,15665.6,15399.25,15231.6,14901.3,15333.2,15084.0,True
2021-09-28,231.7,124.6,360.0,451.5,15292.9,15187.5,15541.6,15192.25,15107.6,14777.3,15209.2,14740.75,False
2021-09-29,266.7,143.2,415.9,215.0,14877.7,14756.4,15164.0,14926.0,14664.4,14283.9,14781.4,14711.0,True
2021-09-30,239.6,128.7,373.8,213.25,14841.2,14732.3,15098.4,14883.5,14649.7,14307.8,14754.7,14670.25,True
2021-10-01,243.4,130.7,379.7,281.0,14785.6,14674.9,15046.8,14818.0,14591.0,14243.7,14697.7,14537.0,True
2021-10-04,267.5,143.7,417.3,467.25,14875.1,14753.4,15162.1,14835.0,14661.2,14279.5,14778.4,14367.75,True
2021-10-05,300.4,161.0,470.5,344.25,14589.5,14452.9,14911.9,14754.75,14349.3,13920.7,14481.0,14410.5,True
2021-10-06,290.6,155.9,455.6,347.5,14778.4,14646.2,15090.2,14770.0,14546.0,14131.4,14673.3,14422.5,True
2021-10-07,310.2,166.3,486.2,234.25,14890.4,14749.4,15223.3,15001.25,14642.3,14199.8,14778.3,14767.0,True
2021-10-08,303.8,162.8,475.9,205.25,15010.0,14871.8,15335.9,14996.0,14767.0,14333.6,14900.2,14790.75,True
2021-10-11,291.0,156.0,455.9,220.25,14931.5,14799.2,15243.7,14897.25,14698.8,14283.7,14826.4,14677.0,True
2021-10-12,268.5,144.1,420.3,197.75,14814.2,14692.2,15102.3,14783.25,14599.5,14216.5,14717.2,14585.5,True
2021-10-13,248.4,133.3,388.8,204.75,14758.5,14645.6,15025.0,14795.75,14559.8,14205.5,14668.7,14591.0,True
2021-10-14,235.1,126.3,368.2,304.0,14863.8,14757.0,15116.1,15071.5,14675.9,14340.5,14778.9,14767.5,True
2021-10-15,260.5,139.7,407.5,124.25,15147.6,15029.2,15427.1,15145.0,14939.3,14567.7,15053.5,15020.75,True
2021-10-18,226.8,121.6,355.4,258.5,15230.6,15127.5,15473.9,15297.25,15049.2,14725.7,15148.6,15038.75,True
2021-10-19,253.3,135.8,396.8,159.25,15397.8,15282.7,15669.5,15428.25,15195.3,14833.9,15306.3,15269.0,True
2021-10-20,237.5,127.3,372.0,127.5,15499.1,15391.2,15753.9,15446.5,15309.2,14970.4,15413.3,15319.0,True
2021-10-21,216.5,116.1,339.4,182.75,15469.2,15370.8,15701.4,15483.75,15296.1,14987.3,15391.0,15301.0,True
2021-10-22,209.9,112.6,329.1,189.75,15567.7,15472.3,15792.8,15463.5,15399.8,15100.4,15491.8,15273.75,False
2021-10-25,215.2,115.3,337.1,250.25,15432.2,15333.9,15663.0,15546.0,15260.1,14953.1,15354.4,15295.75,True
2021-10-26,223.7,119.9,350.5,198.0,15590.5,15488.4,15830.4,15701.0,15411.7,15092.6,15509.7,15503.0,True
2021-10-27,223.6,119.8,350.2,210.25,15639.7,15537.7,15879.5,15717.5,15461.0,15142.0,15558.9,15507.25,True
2021-10-28,234.1,125.4,366.6,185.25,15686.4,15579.6,15937.5,15777.0,15499.3,15165.3,15601.8,15591.75,True
2021-10-29,229.8,123.1,359.8,269.25,15862.2,15757.2,16108.5,15864.75,15678.4,15350.6,15779.1,15595.5,True
2021-11-01,250.1,133.7,390.9,146.25,15944.5,15830.3,16212.7,15914.75,15744.5,15387.8,15854.1,15768.5,True
2021-11-02,221.1,118.3,345.7,130.75,15988.0,15887.0,16225.0,15980.25,15811.2,15495.8,15908.0,15849.5,True
2021-11-03,208.7,111.7,326.6,210.5,16049.7,15954.5,16273.5,16145.75,15882.8,15585.1,15974.2,15935.25,True
2021-11-04,217.5,116.4,340.3,246.5,16221.9,16122.7,16455.1,16376.0,16048.0,15737.8,16143.3,16129.5,True
2021-11-05,228.6,122.2,357.3,156.5,16427.7,16323.3,16672.7,16448.5,16244.9,15918.8,16345.0,16292.0,True
2021-11-08,200.5,107.2,313.4,138.0,16436.8,16345.3,16651.7,16394.0,16276.5,15990.4,16364.2,16256.0,True
2021-11-09,194.3,103.9,303.8,231.75,16410.1,16321.5,16618.4,16391.75,16254.8,15977.6,16339.8,16160.0,True
2021-11-10,215.8,115.4,337.2,346.5,16304.2,16205.8,16535.5,16243.0,16131.7,15823.9,16226.2,15896.5,True
2021-11-11,239.8,128.0,374.6,138.0,16082.1,15972.8,16339.2,16114.0,15890.4,15548.4,15995.4,15976.0,True
2021-11-12,205.2,109.6,321.0,211.5,16109.7,16016.1,16329.7,16213.25,15945.6,15653.0,16035.5,16001.75,True
2021-11-15,223.6,119.4,349.7,194.25,16287.6,16185.6,16527.2,16276.5,16108.8,15789.8,16206.7,16082.25,True
2021-11-16,225.0,120.3,352.2,181.75,16283.1,16180.5,16524.3,16323.75,16103.2,15782.3,16201.8,16142.0,True
2021-11-17,220.6,117.9,345.3,126.5,16394.3,16293.7,16630.7,16396.5,16217.9,15903.2,16314.5,16270.0,True
2021-11-18,185.9,99.5,291.2,204.5,16390.3,16305.6,16589.5,16508.0,16241.7,15976.5,16323.1,16303.5,True
2021-11-19,206.0,110.2,322.6,138.25,16568.6,16474.7,16789.3,16628.5,16404.0,16110.1,16494.1,16490.25,True
2021-11-22,189.4,101.3,296.6,403.0,16655.3,16569.0,16858.2,16767.5,16504.0,16233.7,16586.8,16364.5,True
2021-11-23,238.9,127.4,373.3,300.25,16483.3,16374.4,16739.3,16418.75,16292.4,15951.5,16396.9,16118.5,True
2021-11-24,245.6,130.9,383.3,266.5,16416.2,16304.2,16679.3,16368.5,16219.8,15869.5,16327.3,16102.0,True
2021-11-26,257.6,137.6,402.8,448.0,16475.3,16357.8,16751.2,16436.0,16269.2,15901.9,16382.0,15988.0,True
2021-11-29,296.7,158.5,464.1,399.75,16176.8,16041.6,16494.7,16437.75,15939.5,15516.4,16069.5,16038.0,True
2021-11-30,330.3,176.3,516.1,387.5,16530.9,16380.3,16884.7,16456.25,16266.7,15795.6,16411.3,16068.75,True
2021-12-01,326.8,174.2,509.9,602.25,16289.1,16140.2,16639.2,16427.5,16027.7,15561.7,16170.8,15825.25,True
2021-12-02,374.4,199.3,583.9,303.5,16028.6,15858.0,16429.6,16066.25,15729.0,15195.2,15893.1,15762.75,True
2021-12-03,357.7,190.3,557.7,583.75,16140.2,15977.3,16523.3,16121.75,15854.1,15344.0,16010.8,15538.0,True
2021-12-06,401.0,213.0,626.8,338.0,15887.8,15705.2,16317.3,15897.25,15567.0,14995.3,15742.7,15559.25,True
2021-12-07,379.3,201.4,592.6,550.0,16003.6,15830.9,16409.9,16374.5,15700.2,15159.4,15866.4,15824.5,True
2021-12-08,435.4,231.1,680.4,185.25,16502.7,16304.4,16969.0,16436.75,16154.4,15533.6,16345.1,16251.5,True
2021-12-09,350.2,185.8,547.3,299.75,16540.8,16381.3,16915.8,16420.0,16260.7,15761.4,16414.0,16120.25,True
2021-12-10,364.7,193.5,570.0,202.0,16303.4,16137.4,16694.0,16335.75,16011.7,15491.8,16171.4,16133.75,True
2021-12-13,315.3,167.5,492.3,347.0,16463.5,16319.9,16801.1,16411.25,16211.3,15761.8,16349.4,16064.25,True
2021-12-14,328.8,174.5,512.9,395.25,16221.5,16071.8,16573.5,16133.75,15958.4,15489.8,16102.5,15738.5,True
2021-12-15,316.2,167.7,493.0,558.0,16058.8,15914.9,16397.4,16302.5,15805.9,15355.3,15944.4,15744.5,True
2021-12-16,387.5,205.2,610.2,659.0,16452.4,16275.9,16867.2,16459.25,16142.4,15590.2,16312.1,15800.25,True
2021-12-17,430.9,228.1,678.1,234.0,16053.3,15857.1,16514.6,15902.0,15708.5,15094.6,15897.3,15668.0,True
2021-12-20,386.3,204.6,607.8,359.75,15881.2,15705.3,16294.7,15851.75,15572.1,15021.7,15741.4,15492.0,True
2021-12-21,409.0,216.8,644.0,382.25,15794.7,15608.6,16232.5,15987.25,15467.5,14884.8,15646.7,15605.0,True
2021-12-22,424.3,224.9,668.2,301.5,16160.0,15966.8,16614.1,16183.0,15820.5,15216.1,16006.4,15881.5,True
2021-12-23,392.6,208.5,618.0,210.75,16336.3,16157.6,16756.5,16356.0,16022.2,15463.0,16194.2,16145.25,True
2021-12-27,329.8,175.3,519.6,276.5,16438.9,16288.8,16791.9,16580.75,16175.1,15705.3,16319.5,16304.25,True
2021-12-28,348.4,185.4,549.6,207.25,16707.9,16549.2,17080.6,16659.5,16429.1,15932.9,16581.7,16452.25,True
2021-12-29,314.6,167.8,491.5,176.75,16621.4,16478.3,16958.1,16564.25,16369.8,15921.7,16507.6,16387.5,True
2021-12-30,279.0,149.0,436.6,156.25,16608.8,16481.9,16907.4,16567.5,16385.7,15988.4,16507.9,16411.25,True
2021-12-31,252.3,134.8,395.1,150.25,16537.3,16422.5,16807.2,16464.0,16335.5,15976.2,16445.9,16313.75,True
2022-01-03,238.0,127.7,373.2,216.0,16421.7,16313.4,16676.4,16508.0,16231.3,15892.5,16335.6,16292.0,True
2022-01-04,238.2,127.7,373.2,424.5,16586.5,16478.2,16841.4,16564.0,16396.0,16056.9,16500.3,16139.5,True
2022-01-05,285.5,152.7,447.3,516.25,16396.8,16267.0,16702.3,16269.0,16168.5,15762.0,16293.5,15752.75,False
2022-01-06,325.3,173.6,514.6,297.25,15904.4,15756.5,16252.5,15895.75,15644.2,15180.2,15786.7,15598.5,True
2022-01-07,322.8,172.2,510.4,342.75,15895.8,15749.1,16241.2,15852.75,15637.7,15177.2,15779.1,15510.0,True
2022-01-10,342.4,182.5,540.9,516.5,15726.1,15570.5,16092.5,15669.0,15452.3,14963.9,15602.3,15152.5,True
2022-01-11,398.4,212.0,628.4,364.5,15776.8,15595.8,16203.1,15839.5,15458.3,14890.0,15632.8,15475.0,True
2022-01-12,386.5,205.6,609.2,246.75,15994.8,15819.1,16408.3,16009.25,15685.7,15134.4,15855.0,15762.5,True
2022-01-13,346.3,184.3,546.2,521.5,16034.0,15876.6,16404.5,15979.75,15757.1,15263.1,15908.8,15458.25,True
2022-01-14,393.4,209.1,619.8,308.5,15656.9,15478.2,16077.8,15621.0,15342.4,14781.3,15514.7,15312.5,True
2022-01-18,370.5,197.1,584.1,482.5,15752.7,15584.4,16149.1,15653.25,15456.5,14928.0,15618.8,15170.75,True
2022-01-19,374.4,199.4,584.0,360.75,15364.6,15194.5,15765.2,15372.0,15065.3,14531.3,15229.3,15011.25,True
2022-01-20,355.6,189.5,555.1,693.5,15184.2,15022.6,15564.6,15340.25,14899.8,14392.7,15055.6,14646.75,True
2022-01-21,434.0,231.0,684.6,450.0,15024.9,14827.7,15489.1,14858.5,14677.9,14058.9,14868.0,14408.5,True
2022-01-24,401.5,213.6,632.7,876.0,14596.6,14414.2,15026.1,14582.0,14275.6,13703.0,14451.5,13706.0,True
2022-01-25,505.9,269.0,796.5,609.0,14715.4,14485.6,15256.4,14499.0,14310.8,13589.3,14532.5,13890.0,True
2022-01-26,494.0,262.9,771.1,694.25,14350.0,14125.7,14878.4,14639.75,13955.0,13250.5,14171.5,13945.5,True
2022-01-27,546.8,290.8,853.4,564.75,14390.2,14141.8,14975.0,14409.25,13952.8,13173.2,14192.5,13844.5,True
2022-01-28,525.9,280.0,818.7,611.0,14209.6,13970.7,14772.0,14442.0,13788.8,13039.1,14019.5,13831.0,True
2022-01-31,574.8,305.8,894.1,561.5,14676.6,14415.5,15291.2,14914.75,14216.8,13397.2,14468.8,14353.25,True
2022-02-01,564.8,303.0,877.8,407.75,15144.4,14887.8,15748.2,15137.0,14692.6,13887.3,14940.1,14729.25,True
2022-02-02,530.9,285.5,824.6,435.0,15219.7,14978.6,15787.3,15260.0,14795.1,14038.1,15027.8,14825.0,True
2022-02-03,513.3,276.3,798.1,413.75,15332.1,15098.9,15880.8,14870.0,14921.5,14189.6,15146.4,14456.25,False
2022-02-04,473.8,254.9,736.4,463.0,14693.0,14477.2,15199.5,14825.75,14314.1,13638.5,14521.7,14362.75,True
2022-02-07,471.5,253.6,732.5,294.75,14885.3,14670.5,15389.3,14806.25,14508.2,13835.9,14714.8,14511.5,True
2022-02-08,412.1,221.8,640.9,308.5,14734.4,14546.7,15174.9,14776.0,14404.8,13817.2,14585.4,14467.5,True
2022-02-09,410.1,222.6,637.4,327.0,14908.3,14721.5,15346.6,15068.0,14580.3,13995.6,14760.0,14741.0,True
2022-02-10,408.7,222.0,635.8,440.25,15211.5,15025.3,15648.3,15062.25,14884.6,14301.9,15063.7,14622.0,True
2022-02-11,415.0,225.3,645.1,585.75,14876.9,14687.9,15320.4,14766.75,14545.0,13953.3,14726.8,14181.0,True
2022-02-14,432.4,235.0,671.8,363.0,14423.7,14226.9,14885.8,14394.0,14078.0,13461.4,14267.4,14031.0,True
2022-02-15,421.9,229.5,656.0,391.5,14431.8,14239.7,14882.7,14614.75,14094.4,13492.9,14279.2,14223.25,True
2022-02-16,444.5,242.3,689.9,287.5,14797.8,14595.6,15272.9,14668.5,14442.4,13808.7,14637.1,14381.0,True
2022-02-17,422.8,231.1,654.6,488.0,14779.2,14586.8,15230.9,14619.5,14441.0,13838.3,14626.3,14131.5,True
2022-02-18,442.1,241.7,684.7,392.75,14352.1,14150.9,14824.5,14299.0,13998.5,13368.3,14192.2,13906.25,True
2022-02-22,408.4,223.9,629.6,577.25,14169.0,13983.2,14605.4,14157.5,13842.4,13260.3,14021.4,13580.25,True
2022-02-23,447.3,245.3,689.9,597.5,14052.2,13848.8,14530.2,14068.75,13694.5,13057.0,13890.6,13471.25,True
2022-02-24,463.4,254.4,714.8,957.5,13703.8,13493.1,14199.0,13983.25,13333.1,12672.8,13536.3,13025.75,True
2022-02-25,587.3,321.9,905.7,436.0,14215.4,13948.2,14842.9,14196.25,13745.3,12908.7,14003.0,13760.25,True
2022-02-28,538.1,295.2,830.5,609.25,14408.5,14163.7,14983.5,14292.25,13978.0,13211.4,14213.9,13683.0,True
2022-03-01,579.1,317.5,893.1,427.75,14473.3,14210.0,15092.1,14327.75,14009.9,13185.1,14264.0,13900.0,True
2022-03-02,530.9,291.3,819.4,378.5,14230.4,13989.0,14797.7,14290.0,13805.5,13049.5,14038.5,13911.5,True
2022-03-03,507.8,279.1,785.2,436.0,14454.3,14223.5,14997.0,14391.0,14048.0,13324.9,14270.8,13955.0,True
2022-03-04,449.4,247.3,694.8,352.75,14220.8,14016.5,14701.1,14086.5,13861.2,13221.3,14058.4,13733.75,True
2022-03-07,424.2,233.6,656.3,614.75,14019.4,13826.6,14472.7,13879.75,13679.9,13076.0,13866.1,13265.0,True
2022-03-08,439.3,242.5,676.7,562.75,13506.8,13307.1,13976.3,13666.0,13155.2,12529.9,13348.0,13103.25,True
2022-03-09,454.5,251.4,696.5,632.0,13459.5,13252.9,13945.2,13821.75,13095.7,12448.8,13295.2,13189.75,True
2022-03-10,509.6,282.0,780.6,381.75,13950.6,13719.0,14495.1,13778.0,13542.7,12817.5,13766.3,13396.25,True
2022-03-11,471.9,261.3,723.3,579.0,13785.8,13571.4,14290.1,13860.75,13408.2,12736.6,13615.3,13281.75,True
2022-03-14,512.3,283.5,784.9,432.0,13509.0,13276.2,14056.4,13447.5,13098.9,12370.0,13323.7,13015.5,True
2022-03-15,474.4,262.7,727.1,545.0,13246.4,13030.9,13753.4,13489.0,12866.7,12191.7,13074.9,12944.0,True
2022-03-16,505.3,279.6,774.0,608.75,13665.8,13436.2,14205.7,14029.25,13261.3,12542.4,13483.1,13420.5,True
2022-03-17,526.5,291.4,806.5,313.5,14176.0,13936.8,14738.6,14136.25,13754.6,13005.6,13985.6,13822.75,True
2022-03-18,483.9,268.1,742.0,124.81,14316.7,14096.8,14833.8,14095.3096,13929.4,13241.1,14141.7,13970.5,False
2022-03-21,387.9,213.2,595.4,283.0,14259.6,14082.6,14674.1,14466.75,13949.2,13397.4,14119.3,14183.75,False
2022-03-22,414.4,228.0,636.6,397.25,14546.0,14356.9,14988.8,14690.75,14214.4,13625.0,14396.3,14293.5,True
2022-03-23,413.6,227.4,634.9,241.25,14829.2,14640.4,15271.1,14682.25,14498.3,13909.9,14679.7,14441.0,True
2022-03-24,333.0,183.3,511.7,336.25,14588.0,14436.1,14943.9,14769.75,14321.6,13848.0,14467.7,14433.5,True
2022-03-25,353.3,195.8,542.3,268.0,14913.4,14752.2,15290.9,14840.5,14630.7,14128.3,14785.7,14572.5,True
2022-03-28,356.4,197.6,547.1,338.25,14906.7,14744.1,15287.5,14997.0,14621.5,14114.7,14777.9,14658.75,True
2022-03-29,369.1,204.5,566.3,312.25,15141.6,14973.2,15536.0,15268.75,14846.3,14321.4,15008.2,14956.5,True
2022-03-30,357.3,197.9,548.0,250.0,15389.1,15226.1,15770.9,15262.25,15103.3,14595.2,15260.0,15012.25,True
2022-03-31,339.0,188.1,518.4,325.25,15215.1,15060.5,15577.3,15180.75,14943.8,14461.9,15092.6,14855.5,True
2022-04-01,340.6,188.9,520.7,235.0,15013.0,14857.7,15376.9,14960.0,14740.5,14256.3,14889.9,14725.0,True
2022-04-04,322.8,179.0,493.5,373.5,15000.5,14853.3,15345.4,15174.5,14742.1,14283.4,14883.8,14801.0,True
2022-04-05,350.6,194.3,535.4,417.75,15312.7,15152.9,15687.3,15198.0,15032.2,14533.9,15186.1,14780.25,True
2022-04-06,359.3,198.9,548.0,466.5,14980.2,14816.4,15364.1,14861.25,14692.6,14182.1,14850.4,14394.75,True
2022-04-07,380.1,210.3,579.4,316.75,14666.2,14493.0,15072.4,14633.75,14362.0,13822.0,14528.9,14317.0,True
2022-04-08,362.2,200.2,551.8,331.75,14689.4,14524.4,15076.4,14642.25,14399.5,13884.9,14558.5,14310.5,True
2022-04-11,364.4,201.5,555.3,397.25,14481.3,14315.3,14870.7,14382.0,14189.7,13672.0,14349.7,13984.75,True
2022-04-12,368.0,203.4,560.5,403.0,14155.8,13988.2,14549.0,14284.25,13861.3,13338.6,14022.9,13881.25,True
2022-04-13,367.6,204.1,559.1,345.5,14100.6,13933.3,14493.4,14266.5,13806.5,13284.4,13967.9,13921.0,True
2022-04-14,356.8,198.3,543.2,419.75,14372.6,14210.1,14753.8,14296.25,14087.0,13580.3,14243.7,13876.5,True
2022-04-18,364.3,202.4,554.4,273.0,14048.0,13882.1,14437.3,14002.5,13756.5,13239.1,13916.4,13729.5,True
2022-04-19,338.7,188.1,515.2,414.0,14051.2,13897.0,14413.1,14242.0,13780.1,13299.2,13928.8,13828.0,True
2022-04-20,367.7,204.1,559.1,341.5,14372.9,14205.6,14765.8,14298.0,14078.7,13556.6,14240.1,13956.5,True
2022-04-21,350.2,194.3,532.2,615.5,14153.0,13993.7,14527.2,14283.0,13872.8,13375.6,14026.5,13667.5,True
2022-04-22,401.7,222.5,612.3,484.0,13898.3,13715.5,14327.5,13781.0,13576.8,13006.6,13753.2,13297.0,True
2022-04-25,390.4,216.4,595.4,365.75,13518.8,13341.2,13935.9,13549.75,13206.3,12652.2,13377.8,13184.0,True
2022-04-26,397.1,220.1,605.5,782.25,13703.9,13523.2,14128.2,13583.75,13385.8,12822.5,13560.4,12801.5,False
2022-04-27,461.8,255.3,703.3,377.0,13211.5,13001.5,13704.9,13255.25,12841.4,12184.0,13044.7,12878.25,True
2022-04-28,434.9,240.5,662.6,509.0,13193.1,12995.3,13657.8,13542.0,12844.8,12225.5,13036.0,13033.0,True
2022-04-29,463.4,256.1,705.5,601.25,13651.0,13440.2,14146.1,13433.0,13280.0,12619.9,13483.6,12831.75,False
2022-05-02,467.1,257.8,710.1,374.75,13049.8,12836.1,13548.8,13084.5,12675.7,12010.5,12881.0,12709.75,True
2022-05-03,457.6,252.5,695.6,215.25,13266.8,13057.5,13755.7,13183.75,12900.5,12248.6,13101.5,12968.5,True
2022-05-04,379.1,207.9,576.6,672.25,13248.0,13074.6,13653.0,13555.25,12944.6,12404.6,13111.1,12883.0,True
2022-05-05,486.5,266.4,744.2,842.75,13737.2,13514.8,14257.0,13548.0,13347.8,12654.9,13561.5,12705.25,True
2022-05-06,512.1,280.1,787.6,409.75,13074.8,12840.7,13621.9,12928.75,12664.7,11935.6,12889.8,12519.0,True
2022-05-09,453.4,248.3,698.0,502.0,12887.7,12680.4,13372.1,12637.25,12524.4,11879.1,12723.9,12135.25,False
2022-05-10,460.4,252.1,708.7,444.75,12388.7,12178.1,12880.5,12547.0,12019.7,11364.6,12222.3,12102.25,True
2022-05-11,488.6,267.5,752.0,614.75,12555.9,12332.4,13077.8,12553.25,12164.3,11469.1,12379.3,11938.5,True
2022-05-12,494.4,270.5,760.3,443.75,12179.1,11952.9,12707.2,12132.75,11782.8,11079.5,12000.4,11689.0,True
2022-05-13,449.7,247.5,691.0,540.5,12137.6,11932.0,12618.0,12432.0,11777.2,11137.5,11975.2,11891.5,True
2022-05-16,497.1,273.4,763.4,308.5,12593.2,12365.8,13124.2,12498.75,12194.8,11487.7,12413.6,12190.25,True
2022-05-17,442.2,243.2,679.2,344.0,12432.0,12229.7,12904.3,12578.0,12077.5,11448.6,12272.2,12234.0,True
2022-05-18,448.9,246.9,689.6,731.25,12750.3,12545.0,13229.7,12594.0,12390.5,11752.1,12588.1,11862.75,True
2022-05-19,481.5,264.6,740.3,372.75,12139.4,11919.1,12653.6,12076.75,11753.4,11068.7,11965.4,11704.0,True
2022-05-20,439.2,241.7,674.9,605.5,12064.1,11863.3,12533.2,12096.75,11712.1,11087.7,11905.5,11491.25,True
2022-05-23,475.0,261.2,729.4,291.75,12041.9,11824.6,12549.1,12075.5,11661.0,10985.8,11870.2,11783.75,True
2022-05-24,441.2,242.7,677.9,341.75,12222.0,12020.2,12693.2,11918.0,11868.4,11241.2,12062.6,11576.25,False
2022-05-25,437.8,240.8,672.5,364.0,11956.4,11755.7,12423.8,12036.0,11605.4,10983.1,11798.1,11672.0,True
2022-05-26,414.6,228.0,636.7,494.75,12117.8,11927.8,12560.5,12343.0,11785.4,11196.2,11967.9,11848.25,True
2022-05-27,452.6,249.1,694.0,498.25,12470.9,12263.4,12954.1,12720.25,12108.1,11464.8,12307.3,12222.0,True
2022-05-31,453.7,249.6,695.4,403.0,12869.8,12661.9,13354.2,12883.0,12506.2,11861.4,12705.8,12480.0,True
2022-06-01,448.6,247.0,688.2,368.75,12836.4,12630.9,13315.4,12823.5,12476.9,11839.4,12674.3,12454.75,True
2022-06-02,439.4,241.9,674.0,461.25,12737.0,12535.7,13206.1,12903.75,12384.8,11760.5,12578.2,12442.5,True
2022-06-03,472.8,260.3,725.2,442.25,13093.9,12877.3,13598.6,12945.25,12715.0,12043.2,12923.0,12503.0,True
2022-06-06,450.0,247.7,690.2,283.0,12741.5,12535.3,13221.9,12810.0,12380.8,11741.5,12578.8,12527.0,True
2022-06-07,401.0,221.6,613.5,327.75,12774.8,12591.1,13202.8,12740.25,12453.4,11883.7,12629.8,12412.5,True
2022-06-08,396.7,219.4,607.6,203.75,12879.5,12697.7,13302.9,12783.0,12561.4,11998.0,12736.0,12579.25,True
2022-06-09,352.1,194.7,536.3,470.75,12764.8,12603.5,13140.6,12726.0,12482.6,11982.5,12637.5,12255.25,True
2022-06-10,377.8,208.6,574.5,515.75,12435.0,12261.9,12838.2,12338.75,12132.1,11595.6,12298.3,11823.0,True
2022-06-13,381.8,211.0,579.7,518.0,12001.6,11826.8,12409.1,11772.5,11695.5,11153.4,11863.6,11254.5,False
2022-06-14,393.1,216.8,595.9,300.5,11462.9,11282.6,11882.5,11505.5,11147.8,10589.7,11320.8,11205.0,True
2022-06-15,371.5,205.9,563.0,431.5,11471.5,11301.1,11868.0,11759.25,11173.7,10646.3,11337.2,11327.75,True
2022-06-16,422.0,234.0,639.7,701.0,11772.4,11578.8,12222.7,11737.75,11434.1,10835.0,11619.8,11036.75,True
2022-06-17,460.2,255.0,702.7,159.75,11319.6,11108.4,11810.7,11290.0,10950.6,10297.4,11153.2,11130.25,True
2022-06-21,361.2,199.5,552.4,404.5,11283.3,11117.6,11668.7,11678.25,10993.8,10481.1,11152.7,11273.75,False
2022-06-22,404.5,223.3,618.3,425.25,11748.5,11562.9,12180.8,11745.75,11424.3,10850.1,11602.4,11320.5,True
2022-06-23,417.5,230.6,638.3,306.25,11742.4,11550.9,12188.6,11766.75,11407.8,10815.3,11591.7,11460.5,True
2022-06-24,390.6,215.8,597.5,463.75,11902.9,11723.6,12320.3,12148.5,11589.8,11035.5,11761.8,11684.75,True
2022-06-27,397.7,219.6,608.0,267.75,12308.9,12126.4,12733.8,12262.0,11990.1,11425.8,12165.2,11994.25,True
2022-06-28,378.0,208.8,578.1,512.75,12200.5,12027.1,12604.5,12174.25,11897.6,11361.2,12064.0,11661.5,True
2022-06-29,404.9,223.4,618.4,184.5,11845.6,11659.9,12278.3,11749.0,11521.2,10946.7,11699.4,11564.5,True
2022-06-30,334.4,184.2,511.3,345.75,11832.5,11679.1,12189.9,11696.75,11564.6,11090.1,11711.8,11351.0,True
2022-07-01,355.9,196.0,543.9,248.0,11680.0,11516.9,12060.5,11629.75,11394.9,10890.1,11551.6,11381.75,True
2022-07-05,322.0,177.3,492.0,426.5,11747.4,11599.8,12091.6,11815.75,11489.5,11032.8,11631.3,11389.25,True
2022-07-06,368.9,203.0,563.3,246.5,11964.5,11795.4,12358.9,11974.25,11669.0,11145.8,11831.4,11727.75,True
2022-07-07,317.9,175.0,485.6,332.0,12014.7,11869.0,12354.5,12168.5,11760.0,11309.2,11900.0,11836.5,True
2022-07-08,350.7,193.4,532.8,258.5,12286.9,12126.1,12661.7,12211.0,12005.9,11508.6,12160.3,11952.5,True
2022-07-11,329.2,181.7,500.5,296.75,12291.3,12140.3,12643.1,12149.75,12027.5,11560.7,12172.5,11853.0,True
2022-07-12,330.6,182.4,502.5,313.5,12024.1,11872.5,12377.5,12025.5,11759.2,11290.5,11904.8,11712.0,True
2022-07-13,318.0,175.4,483.3,490.75,11913.5,11767.7,12253.4,11970.0,11658.7,11207.9,11798.8,11479.25,True
2022-07-14,364.6,201.3,557.1,323.75,11916.6,11749.3,12306.2,11835.0,11624.3,11107.5,11784.9,11511.25,True
2022-07-15,346.0,191.3,525.6,281.25,11943.9,11785.2,12313.7,12021.5,11666.6,11176.2,11819.0,11740.25,True
2022-07-18,346.6,191.7,526.6,329.5,12154.2,11995.2,12524.6,12186.5,11876.4,11385.1,12029.0,11857.0,True
2022-07-19,353.3,195.2,536.5,439.0,12056.6,11894.5,12434.0,12328.5,11773.3,11272.6,11929.0,11889.5,True
2022-07-20,389.7,215.5,591.6,281.75,12439.0,12260.2,12855.3,12517.5,12126.5,11574.3,12298.2,12235.75,True
2022-07-21,344.9,190.8,523.9,281.75,12611.3,12453.1,12979.7,12655.25,12334.8,11846.0,12486.7,12373.5,True
2022-07-22,343.8,190.3,522.4,354.75,12785.6,12627.9,13152.8,12698.5,12510.0,12022.7,12661.4,12343.75,True
2022-07-25,350.5,193.9,532.4,232.0,12571.9,12411.1,12946.3,12498.5,12290.9,11794.2,12445.3,12266.5,True
2022-07-26,318.9,176.5,484.5,262.0,12489.5,12343.3,12830.2,12334.0,12233.8,11781.9,12374.3,12072.0,False
2022-07-27,295.1,163.5,448.9,498.25,12237.4,12102.0,12552.6,12690.0,12000.8,11582.7,12130.8,12191.75,False
2022-07-28,358.6,198.4,545.1,499.0,12770.8,12606.3,13154.1,12948.0,12483.3,11975.2,12641.3,12449.0,True
2022-07-29,388.1,214.4,589.1,267.75,12901.8,12723.7,13316.6,13012.0,12590.6,12040.7,12761.7,12744.25,True
2022-08-01,355.5,197.3,539.3,257.0,13122.0,12958.9,13502.0,13108.75,12837.0,12333.2,12993.6,12851.75,True
2022-08-02,355.4,197.7,538.8,282.25,13113.0,12949.9,13492.8,13097.0,12828.0,12324.4,12984.6,12814.75,True
2022-08-03,357.2,198.8,541.8,443.0,13075.7,12911.8,13457.5,13310.25,12789.3,12283.2,12946.7,12867.25,True
2022-08-04,378.4,210.5,573.9,171.25,13431.7,13258.1,13836.1,13356.0,13128.3,12592.2,13295.0,13184.75,True
2022-08-05,300.1,166.7,455.7,299.5,13454.1,13316.4,13774.8,13384.5,13213.5,12788.2,13345.7,13085.0,True
2022-08-08,318.9,177.4,484.7,298.75,13363.8,13217.4,13704.6,13419.25,13108.1,12656.2,13248.6,13120.5,True
2022-08-09,321.0,178.6,488.2,270.5,13319.2,13171.9,13662.2,13233.75,13061.8,12607.0,13203.2,12963.25,True
2022-08-10,312.2,173.6,474.5,426.0,13163.7,13020.4,13497.3,13408.0,12913.4,12471.0,13050.9,12982.0,True
2022-08-11,337.2,187.3,511.8,290.0,13534.8,13380.0,13895.1,13575.0,13264.5,12786.7,13413.0,13285.0,True
2022-08-12,332.6,184.6,504.6,271.25,13452.1,13299.5,13807.5,13583.25,13185.5,12714.2,13331.9,13312.0,True
2022-08-15,330.2,183.2,500.8,210.75,13717.6,13566.0,14070.4,13706.0,13452.9,12985.0,13598.3,13495.25,True
2022-08-16,310.4,172.3,470.8,218.0,13812.7,13670.2,14144.4,13740.75,13563.9,13124.0,13700.6,13522.75,True
2022-08-17,302.1,167.9,458.9,265.75,13786.2,13647.5,14109.0,13672.0,13544.0,13115.9,13677.0,13406.25,True
2022-08-18,283.2,157.4,430.2,164.75,13613.2,13483.2,13915.8,13575.5,13386.2,12984.9,13510.9,13410.75,True
2022-08-19,250.9,139.6,381.4,305.75,13629.4,13514.4,13897.6,13534.5,13428.4,13072.9,13538.9,13228.75,True
2022-08-22,267.4,148.6,406.1,352.0,13381.6,13259.0,13667.5,13226.5,13167.4,12788.5,13285.1,12874.5,False
2022-08-23,282.9,157.2,429.6,195.0,13029.4,12899.5,13331.8,13018.5,12802.7,12401.9,12927.3,12823.5,True
2022-08-24,262.1,145.7,398.3,185.5,13007.4,12887.0,13287.6,13011.25,12797.4,12426.0,12912.8,12825.75,True
2022-08-25,253.5,141.2,384.9,236.5,13037.0,12920.6,13308.0,13161.5,12833.9,12474.7,12945.5,12925.0,True
2022-08-26,273.5,152.4,415.3,662.5,13271.7,13146.1,13564.1,13220.0,13052.6,12665.1,13173.0,12557.5,False
2022-08-29,337.8,187.7,515.2,208.75,12763.4,12608.3,13124.5,12610.25,12492.8,12013.2,12641.5,12401.5,True
2022-08-30,278.6,155.0,425.4,410.75,12610.6,12482.7,12908.4,12658.25,12387.4,11991.9,12510.1,12247.5,True
2022-08-31,321.8,179.7,490.0,236.75,12494.9,12347.1,12838.9,12513.0,12237.0,11780.3,12378.8,12276.25,True
2022-09-01,306.1,171.5,466.9,281.75,12414.8,12274.2,12741.9,12299.5,12169.5,11735.0,12304.3,12017.75,True
2022-09-02,317.8,178.2,485.3,421.25,12426.7,12280.8,12766.4,12461.5,12172.0,11721.0,12312.0,12040.25,True
2022-09-06,306.9,172.1,468.7,314.5,12234.1,12093.2,12562.1,12244.5,11988.1,11552.7,12123.3,11930.0,True
2022-09-07,309.6,173.6,472.9,384.75,12150.0,12007.9,12480.9,12306.25,11901.9,11462.6,12038.3,11921.5,True
2022-09-08,324.2,181.7,494.8,263.75,12400.5,12251.6,12746.9,12379.5,12140.6,11680.6,12283.4,12115.75,True
2022-09-09,314.6,176.3,480.0,284.25,12454.9,12310.5,12791.1,12613.75,12202.7,11756.4,12341.3,12329.5,True
2022-09-12,324.8,181.9,495.4,200.5,12730.0,12580.9,13077.1,12773.75,12469.6,12008.9,12612.7,12573.25,True
2022-09-13,289.3,162.2,441.5,885.75,12863.2,12730.4,13172.4,12889.0,12631.3,12221.0,12758.7,12003.25,False
2022-09-14,391.1,218.3,595.3,171.25,12202.1,12022.5,12620.0,12173.0,11888.5,11331.8,12060.8,12001.75,True
2022-09-15,311.2,173.7,473.7,321.25,12273.8,12130.9,12606.3,12187.75,12024.3,11581.3,12161.4,11866.5,True
2022-09-16,334.8,187.0,510.0,129.5,12076.5,11922.8,12434.2,11880.0,11808.1,11331.5,11955.6,11750.5,False
2022-09-19,286.5,159.9,437.0,274.0,11935.8,11803.8,12242.0,12066.25,11706.2,11298.4,11832.4,11792.25,True
2022-09-20,325.7,181.9,497.2,264.25,12161.9,12011.8,12509.9,12092.5,11900.8,11437.2,12044.3,11828.25,True
2022-09-21,261.3,146.1,399.1,493.0,12032.8,11912.5,12312.1,12140.5,11823.4,11451.5,11938.5,11647.5,True
2022-09-22,316.8,176.8,486.0,286.0,11844.1,11698.1,12182.6,11796.0,11590.1,11139.2,11729.7,11510.0,True
2022-09-23,292.8,163.3,448.9,371.25,11689.4,11554.6,12002.3,11600.25,11454.7,11038.0,11583.7,11229.0,True
2022-09-26,326.3,182.2,499.6,281.25,11514.8,11364.6,11863.5,11537.75,11253.2,10788.9,11397.0,11256.5,True
2022-09-27,318.9,178.1,488.4,334.75,11451.2,11304.4,11792.0,11568.25,11195.6,10741.8,11336.1,11233.5,True
2022-09-28,336.7,187.9,515.4,472.0,11476.3,11321.2,11836.0,11613.5,11206.3,10727.2,11354.7,11141.5,True
2022-09-29,355.1,198.2,543.5,475.75,11706.1,11542.5,12085.5,11567.25,11421.4,10916.1,11577.8,11091.5,True
2022-09-30,369.1,205.7,564.3,333.0,11384.5,11214.5,11778.8,11357.25,11088.5,10563.5,11251.2,11024.25,True
2022-10-03,346.8,193.3,530.3,467.5,11182.3,11022.6,11552.8,11358.25,10904.2,10410.9,11057.0,10890.75,True
2022-10-04,393.5,219.2,601.2,393.5,11452.4,11271.2,11872.7,11675.0,11136.8,10577.1,11310.2,11281.5,True
2022-10-05,406.2,228.0,619.8,344.5,11812.7,11625.7,12246.6,11711.0,11487.0,10909.3,11666.0,11366.5,True
2022-10-06,384.1,215.6,585.9,224.5,11786.4,11609.5,12196.6,11729.75,11478.3,10932.1,11647.6,11505.25,True
2022-10-07,337.8,190.1,513.6,521.25,11684.7,11529.3,12045.6,11564.5,11413.9,10933.5,11562.7,11043.25,True
2022-10-10,377.5,212.1,576.3,259.75,11261.2,11087.6,11664.5,11136.5,10958.6,10421.9,11124.9,10876.75,True
2022-10-11,327.1,183.9,499.7,272.25,11122.9,10972.4,11472.3,11039.5,10860.6,10395.6,11004.8,10767.25,True
2022-10-12,313.7,176.3,479.2,171.25,10977.7,10833.4,11312.8,10976.75,10726.2,10280.3,10864.5,10805.5,True
2022-10-13,282.8,157.6,432.3,658.0,10960.0,10830.1,11262.2,11142.75,10733.4,10331.4,10858.0,10484.75,True
2022-10-14,386.7,215.0,594.7,526.75,11247.3,11069.5,11660.4,11253.5,10937.3,10387.7,11107.7,10726.75,True
2022-10-17,374.0,207.7,574.5,433.25,10902.2,10730.3,11301.7,11146.25,10602.3,10070.9,10767.2,10713.0,True
2022-10-18,402.1,223.1,617.1,350.25,11280.4,11095.5,11709.8,11431.75,10958.0,10386.6,11135.2,11081.5,True
2022-10-19,405.7,225.0,622.5,333.75,11370.5,11183.9,11803.7,11382.75,11045.1,10468.7,11223.9,11049.0,True
2022-10-20,417.8,233.8,640.9,320.75,11330.1,11137.9,11776.2,11328.75,10995.1,10401.4,11179.1,11008.0,True
2022-10-21,379.9,212.9,583.6,450.75,11251.5,11076.8,11657.2,11386.25,10946.9,10407.2,11114.3,10935.5,True
2022-10-24,396.0,221.7,607.5,322.5,11526.2,11344.0,11948.9,11530.25,11208.6,10646.0,11383.0,11207.75,True
2022-10-25,370.3,207.8,561.9,303.75,11635.5,11465.2,12030.8,11734.0,11338.5,10812.6,11501.7,11430.25,True
2022-10-26,367.6,206.4,558.1,288.5,11869.1,11700.1,12261.6,11703.5,11574.3,11052.2,11736.2,11415.0,True
2022-10-27,349.7,196.5,531.5,616.0,11594.1,11433.2,11967.4,11537.5,11313.6,10816.9,11467.6,10921.5,True
2022-10-28,410.3,230.1,630.7,564.0,11409.0,11220.3,11846.9,11626.0,11079.9,10497.2,11260.6,11062.0,True
2022-10-31,433.9,243.2,666.5,227.75,11770.7,11571.2,12233.8,11595.0,11422.6,10806.6,11613.8,11367.25,True
2022-11-01,373.1,207.8,567.2,330.25,11605.2,11433.7,12003.4,11619.0,11305.8,10776.2,11470.3,11288.75,True
2022-11-02,387.5,215.9,589.2,551.0,11496.1,11317.9,11909.6,11460.0,11185.1,10635.1,11355.9,10909.0,True
2022-11-03,425.1,236.5,645.5,288.0,11124.5,10929.1,11578.2,10996.0,10783.3,10180.1,10970.8,10708.0,True
2022-11-04,358.8,200.1,544.5,338.25,10879.9,10715.0,11262.8,10974.25,10592.0,10082.8,10750.2,10636.0,True
2022-11-07,350.1,195.2,531.3,287.5,11038.5,10877.6,11412.1,11038.5,10757.5,10260.8,10911.9,10751.0,True
2022-11-08,356.2,198.6,540.7,302.5,11165.1,11001.4,11545.2,11231.25,10879.2,10373.8,11036.2,10928.75,True
2022-11-09,356.3,200.3,540.4,342.0,11245.1,11081.4,11625.3,11164.25,10959.2,10453.7,11116.2,10822.25,True
2022-11-10,332.4,187.0,503.7,869.0,10971.5,10818.8,11326.2,11677.0,10704.7,10233.2,10851.3,10808.0,False
2022-11-11,481.2,269.7,728.6,307.5,11836.0,11614.9,12350.2,11876.75,11449.8,10767.3,11661.9,11569.25,True
2022-11-14,430.7,241.8,651.9,196.5,12030.4,11832.5,12490.6,11898.5,11684.7,11073.9,11874.6,11702.0,True
2022-11-15,387.5,217.2,586.7,357.0,11898.8,11720.8,12312.9,12118.75,11587.8,11038.3,11758.6,11761.75,False
2022-11-16,420.3,235.5,636.4,256.5,12082.2,11889.1,12531.3,11963.0,11745.0,11148.9,11930.4,11706.5,True
2022-11-17,385.5,216.0,583.8,299.25,11902.7,11725.7,12314.6,11827.5,11593.3,11046.7,11763.5,11528.25,True
2022-11-18,320.6,179.7,485.7,236.0,11846.2,11699.0,12188.8,11843.0,11588.9,11134.4,11730.4,11607.0,True
2022-11-21,302.3,169.6,458.3,203.0,11836.0,11697.2,12159.0,11756.0,11593.4,11164.8,11726.8,11553.0,True
2022-11-22,294.1,165.2,445.5,232.75,11712.5,11577.5,12026.8,11759.25,11476.5,11059.6,11606.3,11526.5,True
2022-11-23,285.7,160.5,432.9,172.75,11875.5,11744.3,12180.7,11892.75,11646.2,11241.2,11772.3,11720.0,True
2022-11-25,266.9,150.2,404.9,166.75,11975.8,11853.2,12260.9,11933.0,11761.6,11383.3,11879.4,11766.25,True
2022-11-28,245.5,138.2,372.6,213.25,11886.7,11774.0,12149.0,11788.5,11689.8,11341.7,11798.0,11575.25,True
2022-11-29,244.9,137.8,371.5,239.5,11719.9,11607.5,11981.6,11704.5,11523.4,11176.4,11631.5,11465.0,True
2022-11-30,247.7,139.5,375.3,580.75,11629.5,11515.9,11894.3,12078.5,11430.8,11079.9,11540.2,11497.75,False
2022-12-01,334.9,188.9,512.3,201.75,12184.0,12030.3,12542.1,12145.0,11915.3,11440.8,12063.1,11943.25,True
2022-12-02,299.9,169.3,458.9,327.25,12189.6,12052.1,12510.3,12067.75,11949.2,11524.2,12081.4,11740.5,True
2022-12-05,332.0,187.3,507.8,270.25,12150.7,11998.5,12505.7,12015.75,11884.4,11414.1,12030.9,11745.5,True
2022-12-06,320.0,181.1,484.5,344.25,11941.1,11794.4,12283.3,11846.25,11684.4,11231.2,11825.7,11502.0,True
2022-12-07,333.3,188.6,504.6,173.75,11706.9,11554.2,12063.4,11596.25,11439.6,10967.5,11586.7,11422.5,True
2022-12-08,264.3,148.7,400.4,252.75,11621.1,11500.1,11903.9,11685.75,11409.3,11034.9,11525.9,11433.0,True
2022-12-09,284.8,160.2,431.4,231.0,11765.9,11635.4,12070.5,11748.0,11537.5,11134.1,11663.2,11517.0,True
2022-12-12,269.3,151.5,407.9,193.25,11683.5,11560.2,11971.6,11716.0,11467.6,11086.2,11586.5,11522.75,True
2022-12-13,258.0,145.1,390.6,549.0,11820.8,11702.6,12096.7,12229.5,11613.9,11248.5,11727.8,11680.5,False
2022-12-14,311.7,175.9,476.7,334.75,11971.6,11828.7,12305.7,11948.5,11721.6,11280.1,11859.1,11613.75,True
2022-12-15,310.1,174.8,473.9,481.25,11881.8,11739.8,12214.3,11779.5,11633.2,11194.0,11770.0,11298.25,True
2022-12-16,338.8,191.2,518.3,174.75,11490.4,11335.2,11853.6,11381.25,11218.8,10739.0,11368.3,11206.5,True
2022-12-19,296.8,166.5,454.3,279.25,11452.4,11316.5,11770.6,11411.0,11214.5,10794.2,11345.5,11131.75,True
2022-12-20,317.9,178.3,486.3,203.5,11327.5,11182.0,11668.4,11247.0,11072.7,10622.5,11213.0,11043.5,True
2022-12-21,274.9,155.1,420.4,208.75,11291.8,11166.0,11586.6,11389.75,11071.5,10682.2,11192.8,11181.0,True
2022-12-22,267.9,151.3,410.0,514.25,11447.7,11325.0,11734.9,11384.75,11232.9,10853.5,11351.1,10870.5,True
2022-12-23,298.8,168.3,456.1,226.75,11180.4,11043.7,11500.8,11143.0,10940.9,10517.8,11072.8,10916.25,True
2022-12-27,281.0,158.2,428.8,287.75,11193.8,11065.3,11495.1,11183.75,10968.6,10570.8,11092.7,10896.0,True
2022-12-28,287.6,161.8,438.7,237.75,11036.9,10905.3,11345.2,10996.5,10806.3,10399.2,10933.3,10758.75,True
2022-12-29,282.5,159.7,432.8,294.0,10892.0,10762.7,11194.9,11071.5,10665.5,10265.6,10790.3,10777.5,True
2022-12-30,308.0,174.1,471.8,196.0,11162.7,11021.8,11492.9,11051.5,10915.8,10479.8,11051.8,10855.5,True
2023-01-03,261.0,147.9,395.7,337.25,11132.4,11013.0,11412.2,11182.0,10923.1,10553.7,11038.4,10844.75,True
2023-01-04,284.2,161.0,430.8,205.0,11065.4,10935.4,11370.1,11068.5,10837.6,10435.3,10963.1,10863.5,True
2023-01-05,262.7,148.9,398.3,241.75,11110.1,10989.9,11391.7,11046.75,10899.5,10527.7,11015.5,10805.0,True
2023-01-06,262.4,148.7,397.8,414.75,10931.0,10810.9,11212.2,11165.75,10720.6,10349.2,10836.5,10751.0,True
2023-01-09,303.2,171.5,464.8,265.25,11241.5,11102.7,11566.4,11385.5,10998.4,10569.2,11132.3,11120.25,True
2023-01-10,296.5,167.7,454.4,194.75,11310.7,11175.0,11628.4,11288.75,11073.0,10653.2,11203.8,11094.0,True
2023-01-11,274.1,155.0,420.0,239.75,11397.7,11272.3,11691.4,11479.5,11178.0,10790.0,11299.0,11239.75,True
2023-01-12,287.8,162.8,441.1,288.75,11598.0,11466.3,11906.4,11579.75,11367.3,10959.9,11494.3,11291.0,True
2023-01-13,299.1,169.3,453.1,230.5,11660.5,11523.6,11981.0,11619.5,11420.8,10997.4,11552.7,11389.0,True
2023-01-17,270.5,153.4,410.3,174.75,11722.1,11598.4,12012.0,11685.0,11505.3,11122.4,11624.7,11510.25,True
2023-01-18,246.8,139.9,374.3,291.5,11728.6,11615.7,11993.1,11759.5,11530.9,11181.5,11639.7,11468.0,True
2023-01-19,267.5,152.7,405.2,178.5,11588.6,11466.3,11875.2,11487.0,11374.2,10995.6,11492.3,11308.5,True
2023-01-20,240.1,137.4,363.4,321.5,11457.8,11348.0,11715.1,11686.75,11265.3,10925.5,11371.3,11365.25,True
2023-01-23,269.9,154.3,408.1,332.5,11790.9,11667.4,12080.1,11983.0,11574.5,11192.5,11693.7,11650.5,True
2023-01-24,287.3,164.8,432.6,174.75,12055.2,11923.8,12363.0,12010.5,11825.0,11418.3,11951.7,11835.75,True
2023-01-25,265.4,152.6,398.7,372.0,12021.5,11900.1,12305.8,11976.5,11808.8,11433.1,11925.9,11604.5,True
2023-01-26,297.5,170.9,446.6,245.75,11998.8,11862.7,12317.5,12113.0,11760.4,11339.3,11891.6,11867.25,True
2023-01-27,292.2,168.0,435.3,292.5,12230.1,12096.4,12543.0,12308.5,11995.9,11582.3,12124.8,12016.0,True
2023-01-30,295.4,169.8,439.8,292.0,12346.9,12211.8,12663.3,12252.0,12110.2,11692.1,12240.5,11960.0,True
2023-01-31,282.9,163.3,420.8,285.0,12087.4,11958.0,12390.4,12156.0,11860.7,11460.2,11985.4,11871.0,True
2023-02-01,299.6,172.8,445.3,469.25,12278.4,12141.4,12599.3,12524.5,12038.4,11614.3,12170.5,12055.25,True
2023-02-02,335.3,193.5,501.7,448.0,12555.8,12402.4,12914.8,12949.75,12287.1,11812.5,12434.9,12501.75,False
2023-02-03,369.8,214.2,552.4,326.75,13003.0,12833.6,13399.8,12878.0,12706.5,12183.1,12869.8,12551.25,True
2023-02-06,350.9,203.8,523.7,152.75,12772.2,12611.6,13148.7,12608.5,12491.0,11994.2,12645.8,12455.75,False
2023-02-07,305.8,177.2,457.2,359.25,12644.6,12504.6,12972.8,12818.5,12399.6,11966.7,12534.5,12459.25,True
2023-02-08,350.6,203.0,523.5,295.75,12924.8,12764.2,13301.0,12808.5,12643.8,12147.5,12798.6,12512.75,True
2023-02-09,313.6,181.6,468.4,362.0,12677.6,12534.1,13014.2,12728.5,12426.3,11982.4,12564.8,12366.5,True
2023-02-10,309.2,179.0,461.7,208.25,12556.0,12414.5,12887.8,12451.5,12308.2,11870.6,12444.7,12243.25,True
2023-02-13,278.2,161.2,415.8,301.75,12463.7,12336.3,12762.2,12567.0,12240.7,11847.0,12363.6,12265.25,True
2023-02-14,311.7,180.7,465.9,296.5,12672.1,12529.4,13006.6,12687.0,12422.3,11981.1,12559.9,12390.5,True
2023-02-15,305.8,177.2,456.9,232.25,12760.2,12620.1,13088.2,12756.5,12515.0,12082.2,12650.0,12524.25,True
2023-02-16,292.7,169.9,434.3,337.5,12853.6,12719.6,13167.6,12792.75,12619.0,12204.7,12748.2,12455.25,True
2023-02-17,296.5,172.5,438.2,200.5,12607.6,12472.0,12925.8,12466.25,12370.0,11950.4,12500.9,12265.75,False
2023-02-21,276.4,160.9,408.9,327.5,12506.6,12379.7,12803.2,12417.75,12285.1,11894.0,12407.2,12090.25,True
2023-02-22,288.8,168.3,425.5,156.5,12218.6,12086.0,12528.5,12190.5,11987.1,11578.5,12114.7,12034.0,True
2023-02-23,251.2,145.9,370.6,232.5,12203.5,12088.2,12473.0,12261.0,12002.1,11646.7,12113.1,12028.5,True
2023-02-24,264.1,153.3,389.5,291.5,12318.9,12197.7,12602.3,12214.5,12107.3,11733.6,12223.9,11923.0,True
2023-02-27,263.6,152.9,388.5,199.5,12108.2,11987.2,12391.0,12189.5,11896.9,11524.0,12013.4,11990.0,True
2023-02-28,253.6,147.3,373.6,147.0,12190.3,12073.8,12462.3,12172.75,11987.0,11628.2,12099.0,12025.75,True
2023-03-01,224.4,130.3,331.0,217.0,12166.9,12063.9,12407.7,12141.75,11987.1,11669.6,12086.2,11924.75,True
2023-03-02,237.7,138.1,351.0,263.75,12062.0,11953.0,12317.0,12096.25,11871.6,11535.2,11976.5,11832.5,True
2023-03-03,248.7,144.5,367.2,317.0,12166.9,12052.8,12433.7,12329.0,11967.6,11615.8,12077.4,12012.0,True
2023-03-06,262.4,152.6,387.6,210.0,12422.0,12301.6,12703.4,12486.25,12211.7,11840.4,12327.5,12276.25,True
2023-03-07,248.1,144.2,366.4,239.0,12428.2,12314.3,12694.3,12381.25,12229.4,11878.3,12338.9,12142.25,True
2023-03-08,255.2,148.3,376.9,146.25,12276.7,12159.6,12550.4,12254.5,12072.2,11711.1,12184.8,12108.25,True
2023-03-09,233.9,135.8,345.6,376.0,12326.9,12219.6,12577.8,12353.5,12139.5,11808.6,12242.8,11977.5,True
2023-03-10,269.4,156.1,398.1,314.0,12120.9,11997.3,12409.8,12109.0,11905.0,11523.9,12023.9,11795.0,True
2023-03-13,260.8,151.0,385.0,421.5,11950.3,11830.7,12229.9,12095.75,11741.3,11372.3,11856.4,11674.25,True
2023-03-14,298.6,172.7,442.4,301.25,12057.8,11920.8,12377.9,12223.0,11818.4,11396.0,11950.3,11921.75,True
2023-03-15,300.8,174.1,446.1,308.0,12333.9,12196.0,12656.4,12280.0,12092.8,11667.3,12225.6,11972.0,True
2023-03-16,319.7,185.1,473.6,411.25,12382.7,12236.0,12725.4,12600.5,12126.3,11674.2,12267.5,12189.25,True
2023-03-17,344.2,199.3,509.8,104.75,12728.2,12570.4,13097.2,12636.5,12452.3,11965.5,12604.3,12531.75,True
2023-03-20,274.6,159.0,406.9,224.75,12710.5,12584.6,13004.9,12750.0,12490.5,12102.0,12611.6,12525.25,True
2023-03-21,276.9,160.4,410.6,221.75,12805.3,12678.4,13102.2,12898.25,12583.5,12191.7,12705.6,12676.5,True
2023-03-22,268.0,155.3,397.4,404.0,12980.3,12857.5,13267.6,13082.0,12765.6,12386.5,12883.8,12678.0,True
2023-03-23,293.7,170.0,437.7,336.75,12831.0,12696.3,13145.7,13031.0,12595.6,12180.1,12725.2,12694.25,True
2023-03-24,282.0,163.0,419.7,196.75,12973.1,12843.7,13275.2,12924.75,12747.1,12348.1,12871.4,12728.0,True
2023-03-27,276.7,160.0,412.0,219.0,13007.1,12880.2,13303.5,12984.5,12785.3,12393.9,12907.4,12765.5,True
2023-03-28,275.9,159.6,410.9,199.25,12904.9,12778.5,13200.6,12833.5,12683.8,12293.6,12805.6,12634.25,True
2023-03-29,268.1,155.1,399.4,252.0,12845.6,12722.8,13132.9,12994.0,12630.7,12251.6,12749.1,12742.0,True
2023-03-30,263.9,152.7,393.2,180.25,13076.4,12955.4,13359.1,13111.75,12864.9,12491.6,12981.3,12931.5,True
2023-03-31,238.2,138.1,354.8,254.0,13182.6,13073.4,13437.7,13311.5,12991.7,12654.7,13096.7,13057.5,True
2023-04-03,258.1,150.2,383.9,124.75,13410.8,13292.4,13687.2,13278.75,13203.9,12838.8,13317.7,13154.0,False
2023-04-04,225.0,130.3,334.8,180.5,13365.0,13261.4,13606.0,13348.75,13184.7,12866.4,13283.9,13168.25,True
2023-04-05,227.9,132.1,339.2,241.25,13315.2,13210.3,13559.3,13247.25,13132.5,12810.2,13233.1,13006.0,True
2023-04-06,230.7,134.1,342.8,237.75,13177.1,13071.0,13424.2,13191.0,12992.2,12665.9,13094.0,12953.25,True
2023-04-10,238.8,138.9,355.1,235.75,13271.5,13161.7,13527.3,13203.25,13080.1,12742.4,13185.5,12967.5,True
2023-04-11,236.6,137.7,352.0,155.25,13257.8,13149.0,13511.3,13208.75,13068.2,12733.6,13172.6,13053.5,True
2023-04-12,225.4,131.3,335.7,304.0,13169.9,13066.2,13411.3,13241.75,12989.2,12670.5,13088.7,12937.75,True
2023-04-13,254.7,149.1,378.6,302.5,13059.7,12942.6,13332.5,13228.0,12855.5,12495.4,12968.0,12925.5,True
2023-04-14,265.3,155.3,394.3,197.0,13321.7,13199.7,13605.8,13255.0,13109.0,12733.9,13226.1,13058.0,True
2023-04-17,245.8,143.9,365.4,141.25,13285.0,13172.0,13548.2,13218.0,13087.9,12740.4,13196.4,13076.75,True
2023-04-18,224.7,130.8,334.4,160.75,13281.3,13178.0,13521.9,13298.75,13101.2,12783.5,13200.3,13138.0,True
2023-04-19,224.4,130.7,334.1,161.75,13287.7,13184.5,13528.0,13226.75,13107.8,12790.5,13206.8,13065.0,True
2023-04-20,209.0,121.8,311.4,178.25,13271.2,13175.1,13495.0,13200.0,13103.6,12808.2,13195.9,13021.75,True
2023-04-21,193.5,112.8,288.3,139.5,13155.9,13067.0,13363.1,13122.0,13000.7,12727.2,13086.2,12982.5,True
2023-04-24,181.2,105.6,269.9,166.75,13167.0,13083.7,13361.0,13134.0,13021.6,12765.5,13101.7,12967.25,True
2023-04-25,184.6,108.2,274.7,259.5,13134.4,13049.6,13332.0,13059.5,12986.3,12725.4,13067.9,12800.0,True
2023-04-26,200.9,117.7,298.8,148.5,12894.3,12802.0,13109.3,13012.25,12733.1,12449.2,12821.9,12863.75,False
2023-04-27,189.2,110.9,281.5,397.0,12967.6,12880.7,13170.1,13333.0,12815.8,12548.5,12899.5,12936.0,False
2023-04-28,246.2,143.9,368.5,167.0,13335.1,13222.0,13599.4,13336.0,13137.7,12789.7,13246.6,13169.0,True
2023-05-01,226.9,133.0,337.8,111.5,13416.0,13311.8,13659.5,13370.25,13234.1,12913.4,13334.4,13258.75,True
2023-05-02,208.9,121.7,311.3,224.5,13394.9,13299.0,13619.1,13334.75,13227.4,12932.1,13319.8,13110.25,True
2023-05-03,219.3,127.8,326.7,234.0,13277.0,13176.3,13512.4,13314.0,13101.2,12791.3,13198.1,13080.0,True
2023-05-04,227.4,132.5,338.8,171.25,13196.7,13092.3,13440.7,13173.0,13014.3,12693.0,13114.9,13001.75,True
2023-05-05,194.5,113.6,288.6,303.25,13125.8,13036.5,13334.5,13359.0,12969.8,12695.0,13055.9,13055.75,False
2023-05-08,229.8,134.1,342.8,113.5,13414.7,13309.2,13661.7,13368.0,13230.4,12905.7,13332.1,13254.5,True
2023-05-09,205.3,119.5,306.9,96.5,13438.9,13344.6,13659.5,13347.0,13274.3,12984.2,13365.0,13250.5,True
2023-05-10,185.1,107.6,277.0,244.0,13342.8,13257.9,13541.8,13446.75,13194.4,12932.9,13276.3,13202.75,True
2023-05-11,207.6,120.6,310.7,108.75,13497.1,13401.8,13720.2,13470.25,13330.6,13037.3,13422.4,13361.5,True
2023-05-12,183.1,106.3,274.1,183.75,13523.8,13439.7,13720.5,13494.25,13377.0,13118.3,13457.9,13310.5,True
2023-05-15,175.7,102.0,263.0,130.0,13470.4,13389.8,13659.2,13480.0,13329.5,13081.3,13407.2,13350.0,True
2023-05-16,169.8,98.6,254.4,128.25,13539.6,13461.7,13722.1,13554.5,13403.5,13163.6,13478.6,13426.25,True
2023-05-17,172.1,100.1,258.0,194.75,13555.9,13476.9,13740.8,13669.0,13417.9,13174.8,13494.0,13474.25,True
2023-05-18,176.3,102.5,264.1,284.75,13717.9,13637.0,13907.3,13913.0,13576.6,13327.5,13654.5,13628.25,False
2023-05-19,210.2,122.1,317.1,146.0,13982.7,13886.3,14209.1,13960.25,13814.2,13517.2,13907.1,13814.25,True
2023-05-22,190.0,110.7,286.5,152.5,13938.2,13851.0,14142.8,13946.75,13785.8,13517.5,13869.8,13794.25,True
2023-05-23,193.2,112.9,291.1,269.25,13984.0,13895.4,14192.1,13979.25,13829.2,13556.2,13914.5,13710.0,True
2023-05-24,220.1,129.3,330.9,279.25,13821.6,13720.7,14058.7,13845.75,13645.2,13334.3,13742.4,13566.5,True
2023-05-25,230.8,135.5,346.6,228.25,13747.6,13641.8,13996.2,14031.25,13562.6,13236.6,13664.6,13803.0,False
2023-05-26,224.6,131.9,337.2,444.5,14071.3,13968.3,14314.1,14369.0,13891.2,13574.0,13990.5,13924.5,False
2023-05-30,286.0,167.5,429.6,233.25,14453.2,14322.0,14763.4,14570.0,14223.9,13820.0,14350.3,14336.75,True
2023-05-31,271.0,158.9,406.4,177.75,14511.1,14386.8,14805.0,14429.0,14293.9,13911.1,14413.6,14251.25,True
2023-06-01,251.5,147.8,374.7,280.0,14406.6,14291.3,14679.4,14528.25,14205.0,13849.9,14316.2,14248.25,True
2023-06-02,269.2,159.3,400.7,159.5,14585.9,14462.4,14877.8,14627.75,14370.1,13989.9,14489.0,14468.25,True
2023-06-05,245.7,145.5,365.9,182.0,14679.0,14566.3,14945.4,14694.75,14482.0,14135.0,14590.5,14512.75,True
2023-06-06,218.9,129.7,325.8,119.25,14681.2,14580.8,14918.5,14623.75,14505.7,14196.6,14602.4,14504.5,True
2023-06-07,195.3,115.7,291.1,369.5,14669.0,14579.4,14880.7,14675.0,14512.4,14236.6,14598.7,14305.5,True
2023-06-08,239.5,141.7,358.7,270.0,14432.7,14322.8,14692.2,14526.75,14240.6,13902.4,14346.4,14256.75,True
2023-06-09,236.1,139.6,353.6,227.25,14602.7,14494.4,14858.6,14687.5,14413.4,14080.0,14517.7,14460.25,True
2023-06-12,241.8,142.9,361.9,272.75,14658.4,14547.5,14920.4,14827.0,14464.5,14123.1,14571.3,14554.25,True
2023-06-13,260.4,154.1,387.2,188.25,14910.6,14791.1,15192.7,14967.75,14701.7,14334.1,14816.7,14779.5,True
2023-06-14,259.3,153.7,383.9,268.5,15023.9,14904.9,15304.7,15061.5,14815.9,14449.8,14930.4,14793.0,True
2023-06-15,260.3,154.2,385.0,374.0,15122.9,15003.3,15404.7,15252.0,14914.0,14546.5,15029.0,14878.0,True
2023-06-16,286.8,169.7,423.7,193.5,15309.3,15177.6,15619.9,15324.0,15079.2,14674.3,15205.9,15130.5,True
2023-06-20,265.5,157.2,392.4,196.0,15429.0,15307.0,15716.4,15322.5,15215.9,14841.1,15333.1,15126.5,True
2023-06-21,254.7,150.7,376.3,271.0,15364.3,15247.3,15640.0,15273.25,15159.9,14800.3,15272.4,15002.25,True
2023-06-22,267.8,158.4,395.3,274.0,15157.3,15034.4,15447.2,15238.0,14942.4,14564.4,15060.7,14964.0,True
2023-06-23,274.0,162.9,404.0,250.75,15330.7,15204.9,15627.3,15236.0,15110.8,14724.1,15231.8,14985.25,True
2023-06-26,255.2,151.9,376.7,299.0,15166.2,15049.1,15442.4,15152.5,14961.4,14601.3,15074.1,14853.5,True
2023-06-27,269.2,160.1,396.9,277.0,14970.4,14846.8,15261.7,15139.25,14754.4,14374.5,14873.3,14862.25,True
2023-06-28,281.6,167.7,414.7,197.75,15230.6,15101.4,15535.4,15219.0,15004.7,14607.3,15129.0,15021.25,True
2023-06-29,263.3,156.8,388.0,174.25,15241.4,15120.6,15526.3,15202.75,15030.1,14658.6,15146.4,15028.5,True
2023-06-30,243.8,145.5,359.9,277.75,15203.3,15091.5,15467.2,15376.75,15007.7,14663.7,15115.4,15099.0,True
2023-07-03,264.0,157.4,389.5,84.0,15448.7,15327.6,15734.3,15392.0,15236.8,14864.3,15353.4,15308.0,True
2023-07-05,208.8,124.4,308.4,176.75,15453.0,15357.3,15679.0,15432.0,15285.6,14990.9,15377.7,15255.25,True
2023-07-06,210.8,125.7,309.2,254.5,15449.8,15353.2,15678.0,15366.0,15280.8,14983.4,15373.9,15111.5,True
2023-07-07,225.1,134.2,330.0,187.5,15333.1,15230.0,15576.8,15359.75,15152.6,14835.0,15252.0,15172.25,True
2023-07-10,218.8,130.7,320.7,155.0,15274.2,15174.0,15511.0,15218.25,15098.7,14790.1,15195.4,15063.25,True
2023-07-11,200.1,119.6,293.4,169.25,15271.5,15179.9,15488.1,15278.75,15111.1,14828.8,15199.5,15109.5,True
2023-07-12,210.6,125.9,308.8,253.25,15349.0,15252.5,15576.9,15507.75,15180.1,14883.0,15273.1,15254.5,True
2023-07-13,231.2,138.2,339.1,284.75,15542.5,15436.5,15792.6,15741.25,15357.0,15030.9,15459.1,15456.5,True
2023-07-14,242.0,144.6,354.9,194.25,15813.8,15702.9,16075.6,15857.25,15619.7,15278.4,15726.6,15663.0,True
2023-07-17,230.3,137.8,338.0,221.25,15791.7,15686.1,16040.7,15882.75,15606.9,15282.1,15708.6,15661.5,True
2023-07-18,242.8,145.3,356.5,296.75,15943.5,15832.1,16206.0,16029.75,15748.7,15406.3,15855.9,15733.0,True
2023-07-19,266.2,159.2,390.5,151.5,16087.4,15965.3,16375.2,16062.75,15873.8,15498.4,15991.3,15911.25,True
2023-07-20,232.2,138.5,340.8,378.75,16057.5,15951.0,16308.5,15925.75,15871.2,15543.8,15973.7,15547.0,False
2023-07-21,262.3,156.2,387.5,197.0,15703.2,15582.5,15986.8,15719.25,15492.8,15123.0,15608.6,15522.25,True
2023-07-24,245.3,146.4,362.2,135.0,15643.8,15530.9,15908.9,15618.75,15447.0,15101.2,15555.3,15483.75,True
2023-07-25,224.8,134.3,330.2,187.0,15656.3,15552.9,15899.3,15736.25,15476.0,15159.1,15575.2,15549.25,True
2023-07-26,221.3,132.2,325.1,224.25,15766.6,15664.8,16005.8,15739.25,15589.1,15277.2,15686.8,15515.0,True
2023-07-27,232.4,138.8,341.4,392.75,15709.1,15602.2,15960.2,15904.0,15522.6,15195.1,15625.2,15511.25,True
2023-07-28,250.3,149.2,370.1,349.75,15676.9,15561.8,15947.4,15896.0,15476.1,15123.4,15586.6,15546.25,True
2023-07-31,270.5,161.0,399.4,125.75,15962.0,15837.5,16254.2,15917.0,15744.9,15363.8,15864.3,15791.25,True
2023-08-01,240.1,142.2,354.8,161.0,15959.1,15848.6,16218.5,15889.25,15766.5,15428.2,15872.4,15728.25,True
2023-08-02,242.4,144.4,358.2,375.75,15919.8,15808.3,16181.7,15789.75,15725.3,15383.9,15832.3,15414.0,False
2023-08-03,276.9,164.6,411.1,212.25,15590.1,15462.2,15889.3,15551.75,15368.0,14978.0,15490.2,15339.5,True
2023-08-04,244.8,145.5,363.4,273.75,15542.2,15429.2,15806.7,15610.25,15345.9,15001.2,15454.0,15336.5,True
2023-08-07,243.6,144.7,361.4,161.25,15457.0,15344.5,15720.2,15495.5,15261.6,14918.6,15369.2,15334.25,True
2023-08-08,235.3,139.9,349.3,279.75,15585.0,15476.4,15839.2,15497.75,15396.3,15065.0,15500.1,15218.0,True
2023-08-09,261.6,155.5,388.3,286.0,15464.9,15344.1,15747.4,15432.5,15255.0,14886.8,15370.5,15146.5,True
2023-08-10,253.1,150.3,375.5,306.25,15285.2,15168.4,15558.6,15442.25,15082.2,14726.0,15194.0,15136.0,True
2023-08-11,269.0,160.6,398.5,229.5,15315.0,15190.8,15605.5,15266.75,15099.2,14720.6,15218.0,15037.25,True
2023-08-14,254.3,152.0,377.1,261.25,15203.2,15085.9,15477.9,15282.0,14999.3,14641.5,15111.6,15020.75,True
2023-08-15,271.6,162.4,403.0,260.25,15385.1,15259.8,15678.3,15335.0,15167.2,14785.1,15287.1,15074.75,True
2023-08-16,267.6,160.1,397.3,244.5,15219.6,15096.2,15508.6,15166.0,15005.0,14628.5,15123.1,14921.5,True
2023-08-17,259.6,155.5,383.7,280.0,15051.9,14932.3,15332.3,15018.25,14843.8,14478.6,14958.4,14738.25,True
2023-08-18,258.4,154.8,382.0,193.5,14887.2,14768.1,15166.2,14802.75,14679.9,14316.5,14794.1,14609.25,True
2023-08-21,245.8,147.4,363.6,293.25,14847.8,14734.6,15113.2,15013.75,14650.7,14305.1,14759.3,14720.5,True
2023-08-22,264.8,160.2,391.0,186.25,15097.6,14975.6,15383.5,15118.25,14885.2,14513.0,15002.2,14932.0,True
2023-08-23,244.5,148.5,360.8,399.5,15061.8,14949.1,15325.7,15356.75,14865.7,14522.0,14973.7,14957.25,False
2023-08-24,292.1,177.0,437.3,601.0,15319.0,15184.3,15635.4,15418.0,15084.7,14674.1,15213.7,14817.0,True
2023-08-25,340.0,205.6,512.6,297.0,15005.8,14849.0,15374.0,15048.75,14733.0,14255.1,14883.2,14751.75,True
2023-08-28,330.5,200.0,498.7,153.0,15119.1,14966.6,15476.9,15126.5,14853.9,14389.4,14999.8,14973.5,True
2023-08-29,293.0,176.7,442.6,380.75,15216.5,15081.3,15533.7,15430.5,14981.3,14569.6,15110.7,15049.75,True
2023-08-30,349.9,210.8,527.9,161.25,15563.8,15402.4,15942.6,15522.75,15283.0,14791.3,15437.5,15361.5,True
2023-08-31,298.1,177.8,450.1,146.75,15627.4,15489.9,15950.1,15606.75,15388.2,14969.3,15519.8,15460.0,True
2023-09-01,247.7,146.8,374.2,207.25,15643.3,15529.1,15911.4,15661.25,15444.6,15096.6,15553.9,15454.0,True
2023-09-05,242.3,143.6,365.9,168.5,15618.8,15507.1,15881.0,15586.75,15424.4,15084.0,15531.3,15418.25,True
2023-09-06,237.8,141.0,359.4,222.5,15635.1,15525.5,15892.5,15533.0,15444.3,15110.3,15549.3,15310.5,True
2023-09-07,221.3,131.2,334.4,238.25,15493.1,15391.1,15732.6,15395.75,15315.6,15004.8,15413.3,15157.5,True
2023-09-08,231.9,137.6,347.5,167.75,15380.3,15273.5,15631.3,15390.75,15194.3,14868.6,15296.7,15223.0,True
2023-09-11,225.1,133.7,337.7,199.5,15392.7,15289.0,15636.3,15497.5,15212.2,14896.1,15311.5,15298.0,True
2023-09-12,230.2,136.8,345.4,192.0,15573.1,15467.1,15822.2,15480.75,15388.5,15065.3,15490.1,15288.75,True
2023-09-13,227.6,135.3,341.7,211.5,15401.0,15296.2,15647.3,15424.25,15218.5,14898.9,15318.9,15212.75,True
2023-09-14,229.9,136.6,345.0,180.5,15453.5,15347.6,15702.3,15517.75,15269.1,14946.4,15370.5,15337.25,True
2023-09-15,220.0,131.5,330.0,122.75,15571.1,15469.7,15809.1,15524.0,15394.6,15085.8,15491.7,15401.25,True
2023-09-18,202.3,120.8,300.0,130.5,15520.8,15427.6,15739.6,15461.0,15358.5,15074.6,15447.8,15330.5,True
2023-09-19,193.4,115.6,287.0,193.75,15496.3,15407.2,15705.5,15442.25,15341.2,15069.8,15426.5,15248.5,True
2023-09-20,200.1,119.7,297.2,309.25,15459.8,15367.8,15676.4,15436.25,15299.4,15018.6,15387.7,15127.0,True
2023-09-21,221.3,132.1,333.4,308.0,15245.5,15143.7,15485.0,15149.0,15068.0,14757.6,15165.8,14841.0,True
2023-09-22,233.3,139.0,351.1,191.25,14961.3,14854.0,15213.8,15027.5,14774.2,14447.0,14877.3,14836.25,True
2023-09-25,230.4,137.5,347.2,173.5,14966.8,14860.9,15216.1,14955.75,14782.1,14459.0,14883.8,14782.25,True
2023-09-26,230.3,137.7,342.2,282.75,15032.5,14926.7,15281.7,14949.0,14847.9,14524.9,14949.6,14666.25,True
2023-09-27,244.0,145.8,362.2,235.5,14818.1,14705.9,15082.1,14821.5,14622.4,14280.3,14730.2,14586.0,True
2023-09-28,232.9,139.1,345.7,289.5,14837.4,14730.3,15089.3,14947.5,14650.6,14324.1,14753.5,14658.0,True
2023-09-29,241.3,144.1,358.0,249.75,14961.7,14850.8,15222.7,15060.75,14768.2,14429.9,14874.7,14811.0,True
2023-10-02,241.1,144.2,355.0,220.0,14968.4,14857.5,15229.1,15046.0,14775.1,14437.1,14881.5,14826.0,True
2023-10-03,245.5,146.9,361.6,379.5,15088.6,14975.6,15354.0,15031.0,14891.7,14547.5,15000.0,14651.5,True
2023-10-04,269.3,161.1,400.1,367.0,14828.3,14704.5,15119.5,14956.0,14612.4,14234.9,14731.2,14589.0,True
2023-10-05,289.8,173.2,430.1,242.5,15046.3,14913.0,15359.6,14958.75,14813.8,14407.7,14941.7,14716.25,True
2023-10-06,272.4,162.8,404.2,500.25,14976.9,14851.7,15271.4,15160.25,14758.4,14376.7,14878.7,14660.0,True
2023-10-09,331.5,197.7,498.8,263.25,15252.2,15099.8,15610.5,15212.75,14986.2,14521.8,15132.6,14949.5,True
2023-10-10,315.1,187.9,474.1,211.75,15320.2,15175.4,15660.8,15383.5,15067.4,14626.0,15206.6,15171.75,True
2023-10-11,294.0,175.3,442.5,163.75,15395.1,15259.9,15712.8,15416.75,15159.2,14747.4,15289.0,15253.0,True
2023-10-12,266.2,157.9,401.2,252.5,15492.6,15370.2,15780.2,15468.75,15279.0,14906.1,15396.5,15216.25,True
2023-10-13,278.7,166.3,419.7,304.5,15432.9,15304.7,15734.0,15366.75,15209.3,14818.9,15332.3,15062.25,True
2023-10-16,259.3,154.7,390.5,253.75,15229.8,15110.7,15510.0,15336.75,15021.8,14658.7,15136.3,15083.0,True
2023-10-17,257.7,153.6,387.8,259.0,15398.5,15280.0,15676.8,15309.25,15191.7,14830.9,15305.5,15050.25,True
2023-10-18,264.5,158.6,397.7,259.0,15352.5,15231.0,15638.3,15238.25,15140.3,14770.0,15257.2,14979.25,True
2023-10-19,273.2,163.7,410.7,298.75,15140.7,15015.2,15435.8,15138.25,14921.5,14539.1,15042.2,14839.5,True
2023-10-20,282.7,169.4,424.8,242.5,15009.4,14879.7,15314.8,14887.5,14782.6,14387.0,14907.5,14645.0,True
2023-10-23,266.0,159.4,399.8,339.5,14776.4,14654.3,15063.7,14853.75,14563.0,14190.7,14680.5,14514.25,True
2023-10-24,288.2,172.6,433.0,242.75,14833.7,14701.5,15145.1,14948.75,14602.5,14199.3,14729.9,14706.0,True
2023-10-25,280.7,168.1,421.8,411.0,14965.1,14836.3,15268.3,14855.0,14739.9,14347.1,14863.9,14444.0,True
2023-10-26,310.3,185.6,465.6,318.75,14609.3,14466.9,14944.5,14459.0,14360.4,13926.3,14497.5,14140.25,False
2023-10-27,300.8,180.0,451.4,198.0,14321.1,14182.4,14645.9,14407.75,14079.8,13659.0,14212.6,14209.75,True
2023-10-30,284.3,171.9,426.6,173.5,14385.3,14254.3,14692.3,14476.5,14157.3,13759.6,14282.9,14303.0,False
2023-10-31,265.5,161.1,398.4,192.5,14528.7,14406.3,14815.3,14503.75,14315.7,13944.3,14433.0,14311.25,True
2023-11-01,263.8,160.1,396.0,351.25,14601.7,14480.1,14886.5,14762.0,14390.1,14021.1,14506.7,14410.75,True
2023-11-02,282.2,171.3,423.5,257.25,14863.7,14733.7,15168.4,15017.25,14637.3,14242.7,14762.1,14760.0,True
2023-11-03,267.9,162.5,401.9,303.0,15111.2,14987.7,15400.4,15228.5,14896.3,14521.7,15014.7,14925.5,True
2023-11-06,285.5,173.0,427.9,119.5,15299.5,15167.8,15607.5,15257.5,15070.3,14671.1,15196.5,15138.0,True
2023-11-07,250.6,151.5,376.1,236.25,15338.4,15222.9,15608.8,15412.25,15137.4,14787.0,15248.1,15176.0,True
2023-11-08,270.9,164.1,400.7,130.75,15488.8,15363.9,15781.0,15417.5,15271.5,14892.7,15391.1,15286.75,True
2023-11-09,227.0,137.5,335.7,217.0,15482.4,15377.9,15727.4,15453.75,15300.4,14983.0,15400.6,15236.75,True
2023-11-10,231.3,140.1,342.2,405.5,15353.7,15247.2,15603.3,15612.75,15168.2,14844.9,15270.4,15207.25,False
2023-11-13,269.4,162.9,404.3,136.0,15710.1,15586.0,16001.9,15601.25,15494.0,15117.4,15613.0,15465.25,True
2023-11-14,238.5,142.8,358.2,366.75,15647.7,15537.9,15906.1,15918.75,15456.5,15123.1,15561.8,15552.0,False
2023-11-15,287.1,173.4,434.3,217.25,16001.1,15868.9,16312.7,16049.5,15770.8,15369.6,15897.6,15832.25,True
2023-11-16,279.3,168.8,422.8,110.0,16007.4,15878.7,16310.5,15906.75,15783.3,15393.0,15906.6,15796.75,True
2023-11-17,246.4,147.4,373.3,115.0,16001.6,15888.2,16269.1,15940.0,15804.0,15459.7,15912.8,15825.0,True
2023-11-20,211.3,126.0,318.2,279.5,15985.0,15887.8,16214.4,16116.75,15815.6,15520.3,15908.9,15837.25,True
2023-11-21,251.9,150.2,379.3,210.5,16193.0,16077.0,16466.4,16122.5,15991.0,15639.0,16102.2,15912.0,True
2023-11-22,221.9,132.4,334.3,230.75,16084.0,15981.9,16324.9,16173.5,15906.1,15596.1,16004.1,15942.75,True
2023-11-23,224.5,134.1,333.2,52.0,16144.1,16040.8,16387.8,16086.5,15964.1,15650.5,16063.2,16034.5,True
2023-11-24,183.0,108.9,272.1,104.75,16139.8,16055.6,16338.5,16086.5,15993.1,15737.5,16073.9,15981.75,True
2023-11-27,190.7,113.5,284.0,150.5,16101.6,16013.8,16308.6,16089.25,15948.7,15682.3,16032.9,15938.75,True
2023-11-28,179.2,106.9,265.1,126.25,16084.4,16002.0,16279.0,16071.5,15940.8,15690.5,16019.9,15945.25,True
2023-11-29,164.6,98.2,243.6,195.0,16117.5,16041.8,16296.2,16208.5,15985.6,15755.7,16058.2,16013.5,True
2023-11-30,166.9,99.7,246.9,242.5,16094.3,16017.5,16275.4,16098.5,15960.5,15727.4,16034.1,15856.0,True
2023-12-01,196.5,117.2,290.4,186.0,16068.5,15978.2,16281.8,16050.0,15911.0,15636.6,15997.7,15864.0,True
2023-12-04,198.4,118.5,289.6,304.75,16107.6,16016.3,16322.9,16026.0,15948.5,15671.5,16036.1,15721.25,True
2023-12-05,225.7,134.7,333.6,199.75,15964.3,15860.6,16209.3,15961.0,15783.4,15468.3,15883.0,15761.25,True
2023-12-06,222.6,132.8,329.0,235.75,16002.7,15900.5,16244.4,16037.75,15824.3,15513.6,15922.6,15802.0,True
2023-12-07,231.7,138.9,342.0,275.0,15913.1,15806.6,16164.6,16066.0,15727.3,15404.0,15829.7,15791.0,True
2023-12-08,243.3,145.9,359.2,230.5,16141.5,16029.7,16405.6,16118.75,15946.4,15606.9,16053.9,15888.25,True
2023-12-11,245.3,147.1,362.3,202.5,16201.8,16089.1,16468.1,16248.0,16005.2,15662.9,16113.5,16045.5,True
2023-12-12,232.4,139.7,338.9,204.25,16335.2,16228.4,16587.4,16389.5,16148.8,15824.5,16251.4,16185.25,True
2023-12-13,230.1,138.5,334.3,227.5,16459.9,16354.2,16709.6,16593.0,16275.5,15954.4,16377.0,16365.5,True
2023-12-14,235.4,142.5,341.8,255.75,16663.2,16555.0,16918.6,16674.5,16474.5,16146.0,16578.4,16418.75,True
2023-12-15,232.2,140.6,337.0,91.0,16639.6,16532.9,16891.5,16612.5,16453.4,16129.4,16555.9,16521.5,True
2023-12-18,191.4,115.2,278.1,171.75,16611.1,16523.2,16818.7,16974.0,16457.7,16190.6,16542.1,16802.25,False
2023-12-19,206.7,124.4,300.3,118.75,17027.1,16932.1,17251.6,17029.5,16861.4,16573.0,16952.6,16910.75,True
2023-12-20,188.9,113.7,274.4,315.0,17102.9,17016.0,17308.0,17073.5,16951.4,16687.8,17034.8,16758.5,True
2023-12-21,216.1,129.8,315.0,180.0,16857.6,16758.3,17092.3,16970.25,16684.3,16382.8,16779.7,16790.25,False
2023-12-22,196.8,118.1,286.7,150.0,17039.7,16949.3,17253.4,17041.5,16881.9,16607.4,16968.8,16891.5,True
2023-12-26,198.2,120.9,288.7,146.75,17063.8,16972.7,17279.0,17111.25,16904.9,16628.4,16992.3,16964.5,True
2023-12-27,196.9,120.6,286.7,77.5,17166.8,17076.3,17380.5,17133.0,17008.8,16734.2,17095.8,17055.5,True
2023-12-28,179.3,109.8,261.1,87.5,17189.1,17106.7,17383.7,17165.25,17045.3,16795.2,17124.4,17077.75,True
2023-12-29,153.7,93.8,224.1,192.75,17155.5,17084.9,17322.4,17131.0,17032.3,16817.9,17100.1,16938.25,True
2024-01-02,168.4,102.9,244.5,416.0,17094.7,17017.3,17277.5,17038.5,16959.7,16724.8,17034.0,16622.5,False
2024-01-03,218.1,133.0,315.9,215.25,16812.1,16712.0,17049.0,16737.25,16637.3,16332.0,16733.6,16522.0,True
2024-01-04,209.0,127.4,302.6,151.25,16626.3,16530.4,16853.3,16587.25,16458.8,16166.2,16551.0,16436.0,True
2024-01-05,207.7,126.7,301.0,243.0,16532.7,16437.4,16758.3,16577.25,16366.3,16075.5,16457.9,16334.25,True
2024-01-08,234.4,143.1,339.7,433.0,16559.3,16451.7,16813.8,16811.25,16371.4,16043.3,16474.8,16378.25,True
2024-01-09,285.8,174.3,413.9,210.75,16924.5,16793.3,17234.9,16868.5,16695.4,16295.4,16821.5,16657.75,True
2024-01-10,244.5,149.0,353.9,181.5,16933.5,16821.4,17199.1,16983.0,16737.5,16395.4,16845.5,16801.5,True
2024-01-11,236.5,144.4,342.6,304.0,17045.2,16936.7,17302.0,17057.0,16855.6,16524.6,16960.0,16753.0,True
2024-01-12,266.5,162.6,385.8,176.0,17078.9,16956.6,17368.2,17042.5,16865.2,16492.3,16982.8,16866.5,True
2024-01-16,243.3,148.6,352.7,222.0,17072.0,16960.4,17336.2,17033.75,16877.0,16536.6,16984.4,16811.75,True
2024-01-17,226.5,138.3,328.3,292.75,17062.2,16958.3,17308.1,16982.0,16880.6,16563.8,16980.6,16689.25,True
2024-01-18,241.2,147.5,348.1,291.5,16971.6,16861.0,17233.6,17125.75,16778.3,16440.9,16884.8,16834.25,True
2024-01-19,257.0,157.2,370.7,364.0,17218.6,17100.7,17497.6,17471.25,17012.6,16653.1,17126.0,17107.25,True
2024-01-22,278.3,170.5,401.6,151.0,17556.1,17428.4,17858.2,17585.0,17333.0,16943.8,17455.8,17434.0,True
2024-01-23,249.4,149.8,360.4,148.75,17563.9,17449.5,17834.7,17558.25,17363.9,17015.2,17474.0,17409.5,True
2024-01-24,242.2,145.5,350.4,241.25,17633.6,17522.5,17896.5,17793.5,17439.4,17100.8,17546.3,17552.25,False
2024-01-25,248.5,149.3,359.6,210.0,17726.0,17612.0,17995.8,17752.0,17526.8,17179.3,17636.7,17542.0,True
2024-01-26,235.0,141.3,340.4,166.0,17733.9,17626.0,17988.9,17632.0,17545.5,17216.9,17649.3,17466.0,True
2024-01-29,204.7,123.2,296.7,258.75,17613.5,17519.6,17835.7,17716.25,17449.4,17163.2,17539.9,17457.5,True
2024-01-30,231.6,139.3,335.4,268.75,17804.0,17697.7,18055.3,17735.75,17618.3,17294.5,17720.6,17467.0,True
2024-01-31,247.1,148.5,357.4,262.5,17692.9,17579.6,17961.2,17484.0,17494.9,17149.5,17604.0,17221.5,False
2024-02-01,246.5,148.1,356.5,384.0,17346.4,17232.9,17614.0,17646.75,17148.8,16804.3,17257.7,17262.75,False
2024-02-02,284.1,170.4,410.8,310.0,17556.8,17426.0,17865.5,17775.5,17329.1,16932.0,17455.3,17465.5,False
2024-02-05,295.9,177.4,427.6,191.25,17857.9,17721.6,18179.3,17745.5,17620.7,17207.1,17752.2,17554.25,True
2024-02-06,272.4,163.3,393.7,208.25,17815.1,17689.7,18111.1,17769.0,17596.8,17216.1,17717.9,17560.75,True
2024-02-07,269.0,161.3,388.7,245.75,17773.6,17649.9,18065.9,17875.5,17558.0,17182.2,17677.7,17629.75,True
2024-02-08,274.5,164.7,396.9,104.25,17957.8,17831.4,18256.0,17896.5,17737.7,17354.2,17859.8,17792.25,True
2024-02-09,215.8,129.0,312.7,218.75,17959.4,17860.2,18193.9,18071.0,17786.5,17485.0,17882.5,17852.25,True
2024-02-12,224.4,134.1,325.0,210.25,18134.1,18030.8,18377.9,18121.5,17954.3,17640.8,18054.0,17911.25,True
2024-02-13,224.4,134.1,324.9,421.25,18059.8,17956.6,18303.6,17963.25,17880.0,17566.5,17979.8,17542.0,False
2024-02-14,265.0,158.0,385.0,217.75,17788.7,17666.8,18076.6,17887.0,17576.3,17204.5,17694.2,17669.25,True
2024-02-15,247.3,147.6,359.6,187.75,17985.5,17871.8,18254.1,17968.25,17787.3,17440.4,17897.3,17780.5,True
2024-02-16,251.6,150.2,365.9,311.0,18019.0,17903.4,18292.4,18026.0,17817.4,17464.5,17929.3,17715.0,True
2024-02-20,272.8,162.9,396.9,355.0,17859.2,17733.8,18155.6,17807.5,17640.6,17258.0,17761.9,17452.5,True
2024-02-21,291.1,173.8,423.5,350.25,17730.2,17596.4,18046.5,17723.0,17496.9,17088.7,17626.4,17372.75,True
2024-02-22,282.4,168.9,409.4,411.0,17656.0,17526.3,17962.8,18087.0,17429.7,17033.7,17555.3,17676.0,False
2024-02-23,321.6,192.1,467.6,198.75,18183.3,18035.6,18533.3,18144.75,17925.6,17474.7,18068.8,17946.0,True
2024-02-26,296.8,177.5,432.0,137.5,18116.4,17980.0,18439.3,18059.5,17878.5,17462.4,18010.6,17922.0,True
2024-02-27,267.2,159.4,389.1,131.5,18089.8,17967.1,18380.6,18040.25,17875.7,17501.1,17994.7,17908.75,True
2024-02-28,243.0,143.5,354.0,173.5,18123.5,18012.0,18388.0,18019.75,17929.0,17588.3,18037.1,17846.25,True
2024-02-29,229.1,135.3,333.8,283.5,18011.9,17906.8,18261.3,18109.5,17828.4,17507.3,17930.4,17826.0,True
2024-03-01,227.8,134.4,331.6,343.25,18178.9,18074.3,18426.8,18372.75,17996.4,17677.2,18097.8,18029.5,True
2024-03-04,254.9,150.4,370.9,143.5,18445.9,18328.8,18723.2,18377.75,18241.7,17884.4,18355.1,18234.25,True
2024-03-05,228.8,134.4,333.6,419.5,18358.6,18253.6,18607.6,18252.0,18175.3,17854.7,18277.1,17832.5,False
2024-03-06,285.3,167.5,415.7,231.75,18050.6,17919.1,18361.1,18174.25,17822.1,17420.2,17949.1,17942.5,True
2024-03-07,274.4,161.1,399.8,444.25,18160.0,18033.6,18458.7,18360.0,17940.2,17553.7,18062.4,17915.75,True
2024-03-08,320.2,187.9,468.1,424.0,18451.4,18303.8,18799.8,18436.5,18194.8,17743.9,18337.4,18012.5,True
2024-03-11,325.0,190.5,474.6,177.75,18183.9,18034.1,18537.6,18068.25,17923.5,17465.9,18068.2,17890.5,True
2024-03-12,296.8,173.7,434.0,311.75,18096.2,17959.5,18419.2,18241.75,17858.5,17440.6,17990.6,17930.0,True
2024-03-13,313.3,183.4,458.3,223.25,18360.0,18215.6,18700.9,18256.5,18109.0,17667.9,18248.4,18033.25,True
2024-03-14,298.1,174.5,436.0,262.25,18204.3,18067.0,18528.6,18177.75,17965.5,17545.9,18098.2,17915.5,True
2024-03-15,285.2,167.2,416.6,243.0,18144.8,18013.5,18455.2,18074.75,17916.4,17515.0,18043.3,17831.75,True
2024-03-18,259.2,151.8,378.4,318.75,17964.1,17844.7,18246.1,18381.0,17756.4,17391.7,17871.9,18062.25,False
2024-03-19,290.7,170.3,424.3,236.0,18354.2,18220.3,18670.8,18289.25,18121.3,17712.2,18251.0,18053.25,True
2024-03-20,273.5,161.0,399.0,317.5,18385.4,18259.5,18683.3,18545.0,18166.3,17781.5,18288.4,18227.5,True
2024-03-21,296.2,174.3,431.9,182.25,18604.7,18468.3,18927.3,18709.0,18367.4,17950.7,18499.6,18526.75,False
2024-03-22,268.2,157.9,391.2,134.0,18674.9,18551.4,18967.0,18626.0,18460.1,18082.8,18580.2,18492.0,True
2024-03-25,244.2,143.0,356.5,186.5,18677.8,18565.4,18943.8,18601.25,18482.2,18138.7,18591.6,18414.75,True
2024-03-26,232.9,136.4,340.1,179.75,18611.8,18504.6,18865.4,18619.0,18425.2,18097.7,18529.5,18439.25,True
2024-03-27,224.2,131.3,327.3,193.25,18543.6,18440.4,18787.8,18571.75,18364.0,18048.7,18464.4,18378.5,True
2024-03-28,211.9,124.1,309.4,91.25,18593.2,18495.6,18823.9,18538.75,18423.4,18125.5,18518.3,18447.5,True
2024-04-01,183.5,107.2,268.2,197.5,18552.4,18468.0,18752.3,18612.0,18405.4,18147.5,18487.6,18414.5,True
2024-04-02,208.3,121.7,304.5,309.5,18585.2,18489.3,18812.0,18511.0,18418.3,18125.5,18511.6,18201.5,True
2024-04-03,232.9,135.9,345.8,219.25,18428.3,18321.1,18681.9,18451.75,18241.7,17914.3,18346.0,18232.5,True
2024-04-04,228.2,133.3,339.0,512.75,18469.5,18364.6,18718.1,18568.0,18286.7,17966.0,18388.9,18055.25,True
2024-04-05,290.7,169.3,432.3,356.75,18199.4,18065.7,18516.0,18408.25,17966.5,17558.0,18096.7,18051.5,True
2024-04-08,311.2,181.2,462.5,138.5,18432.1,18288.9,18771.0,18376.0,18182.8,17745.5,18322.1,18237.5,True
2024-04-09,273.2,158.2,406.6,246.5,18410.3,18284.6,18707.8,18407.25,18191.4,17807.6,18313.7,18160.75,True
2024-04-10,282.5,163.7,420.6,420.75,18479.0,18349.0,18786.6,18474.25,18252.6,17855.8,18379.1,18053.5,True
2024-04-11,317.1,183.5,472.1,430.75,18330.6,18184.7,18675.9,18518.75,18076.5,17631.1,18218.4,18088.0,True
2024-04-12,320.2,185.3,476.5,387.5,18620.1,18472.9,18968.8,18507.75,18363.6,17913.9,18506.9,18120.25,True
2024-04-15,314.5,181.8,467.6,509.25,18312.0,18167.4,18654.4,18350.75,18060.0,17618.4,18200.7,17841.5,True
2024-04-16,361.2,208.7,540.4,196.0,18028.7,17862.6,18422.0,17988.0,17739.3,17232.1,17900.9,17792.0,True
2024-04-17,320.8,184.9,480.4,353.25,18016.6,17869.2,18365.9,17968.5,17759.6,17309.2,17903.2,17615.25,True
2024-04-18,334.2,192.9,497.5,264.5,17799.5,17645.9,18163.4,17770.75,17531.8,17062.7,17681.3,17506.25,True
2024-04-19,306.9,177.3,457.2,440.0,17676.7,17535.7,18010.9,17553.25,17430.9,17000.1,17568.2,17113.25,True
2024-04-22,328.9,189.9,489.5,299.5,17319.5,17168.4,17677.7,17448.0,17056.0,16594.5,17203.2,17148.5,True
2024-04-23,300.5,173.9,447.5,379.75,17476.8,17338.7,17804.0,17666.0,17236.1,16814.4,17370.5,17286.25,True
2024-04-24,336.0,194.2,499.9,313.75,17748.5,17594.2,18114.4,17795.5,17479.4,17007.9,17629.6,17481.75,True
2024-04-25,329.2,190.4,490.0,519.25,17803.4,17652.2,18161.9,17827.5,17539.7,17077.8,17686.9,17308.25,True
2024-04-26,377.6,218.3,562.7,233.25,17726.8,17553.4,18138.0,17901.5,17424.3,16894.6,17593.2,17668.25,False
2024-04-29,333.0,192.6,496.5,157.75,17986.3,17833.3,18348.8,17949.0,17719.5,17252.4,17869.0,17791.25,True
2024-04-30,304.7,176.2,454.3,446.75,18032.8,17892.9,18364.6,17920.25,17788.7,17361.4,17925.5,17473.5,True
2024-05-01,345.7,200.0,514.9,394.0,17717.1,17558.4,18093.5,17793.25,17440.2,16955.4,17595.3,17399.25,True
2024-05-02,350.3,203.0,520.8,369.0,17586.1,17425.2,17967.4,17755.25,17305.4,16814.2,17462.6,17386.25,True
2024-05-03,338.2,195.8,502.5,330.75,17792.5,17637.2,18160.6,18050.25,17521.5,17047.3,17673.3,17719.5,False
2024-05-06,352.5,204.2,523.9,217.5,18149.6,17987.7,18533.2,18201.25,17867.1,17372.9,18025.5,17983.75,True
2024-05-07,341.3,197.8,507.6,115.25,18339.7,18182.8,18711.1,18266.25,18066.1,17587.6,18219.4,18151.0,True
2024-05-08,282.2,163.6,420.5,169.75,18318.6,18189.0,18625.8,18242.25,18092.6,17696.9,18219.3,18072.5,True
2024-05-09,268.8,155.9,400.7,136.5,18299.9,18176.5,18592.5,18240.25,18084.6,17707.8,18205.3,18103.75,True
2024-05-10,232.5,134.7,347.2,159.5,18312.6,18205.9,18565.7,18348.0,18126.4,17800.5,18230.8,18188.5,True
2024-05-13,210.9,122.1,314.9,107.5,18344.0,18247.2,18573.5,18336.25,18175.1,17879.5,18269.8,18228.75,True
2024-05-14,184.0,105.1,275.0,267.5,18373.1,18288.7,18573.4,18433.0,18225.8,17967.9,18308.4,18165.5,True
2024-05-15,225.5,128.9,333.7,314.0,18510.2,18406.7,18755.6,18707.0,18329.6,18013.6,18430.8,18393.0,True
2024-05-16,250.1,142.7,369.6,127.5,18797.3,18682.5,19069.5,18760.75,18597.0,18246.5,18709.3,18633.25,True
2024-05-17,222.8,127.1,329.8,141.75,18744.0,18641.8,18986.5,18686.75,18565.6,18253.4,18665.6,18545.0,True
2024-05-20,220.1,125.6,325.9,161.5,18728.1,18627.2,18967.6,18794.5,18551.9,18243.5,18650.7,18633.0,True
2024-05-21,229.5,131.0,339.9,130.75,18859.9,18754.6,19109.6,18808.75,18676.1,18354.6,18779.1,18678.0,True
2024-05-22,203.8,116.2,302.1,206.75,18885.3,18791.8,19107.0,18891.0,18722.1,18436.6,18813.5,18684.25,True
2024-05-23,198.1,113.0,293.7,401.75,18870.3,18779.5,19085.9,19023.25,18711.7,18434.2,18800.6,18621.5,True
2024-05-24,248.6,141.4,371.5,246.0,18801.2,18687.1,19071.6,18926.0,18602.1,18253.9,18713.6,18680.0,True
2024-05-28,248.6,141.4,371.5,161.0,18981.0,18866.9,19251.4,18980.5,18781.9,18433.7,18893.4,18819.5,True
2024-05-29,231.9,132.0,346.7,209.75,19038.4,18932.0,19290.7,18949.75,18852.7,18527.9,18956.7,18740.0,True
2024-05-30,244.3,139.1,365.4,240.75,18905.8,18793.8,19171.6,18787.0,18710.2,18368.1,18819.8,18546.25,False
2024-05-31,250.3,142.5,374.3,427.0,18712.1,18596.8,18984.4,18668.25,18511.7,18161.3,18624.0,18241.25,True
2024-06-03,270.0,153.4,404.2,319.75,18704.9,18580.6,18998.7,18755.5,18488.7,18110.7,18609.9,18435.75,True
2024-06-04,268.7,152.5,402.0,242.0,18759.6,18635.9,19051.9,18753.25,18544.4,18168.3,18665.0,18511.25,True
2024-06-05,266.9,151.8,399.0,394.25,18813.6,18690.7,19104.0,19090.5,18599.8,18226.3,18719.7,18696.25,True
2024-06-06,306.9,174.5,458.7,107.25,19203.8,19062.5,19537.6,19124.5,18958.0,18528.5,19095.7,19017.25,True
2024-06-07,250.9,142.5,375.8,215.0,19166.1,19050.6,19439.0,19155.0,18965.2,18614.1,19077.8,18940.0,True
2024-06-10,250.7,142.6,375.9,155.5,19143.5,19028.2,19416.2,19129.75,18942.7,18592.0,19055.3,18974.25,True
2024-06-11,225.3,128.2,338.0,263.0,19204.8,19101.1,19449.9,19257.5,19024.4,18709.2,19125.5,18994.5,True
2024-06-12,243.8,138.7,365.7,378.75,19345.1,19232.9,19610.3,19612.25,19149.9,18808.8,19259.3,19233.5,False
2024-06-13,257.1,146.3,385.8,191.0,19605.0,19486.7,19885.0,19691.0,19399.1,19039.5,19514.5,19500.0,True
2024-06-14,249.3,142.2,373.7,198.0,19707.7,19593.0,19979.2,19699.5,19508.1,19159.4,19619.9,19501.5,True
2024-06-17,247.3,141.2,371.0,360.5,19789.9,19676.1,20059.2,20001.0,19591.8,19245.9,19702.8,19640.5,True
2024-06-18,289.7,165.3,434.2,144.75,20043.5,19910.2,20359.0,19996.5,19811.5,19406.4,19941.5,19851.75,True
2024-06-20,249.1,141.7,373.7,400.75,20024.4,19909.8,20295.6,20095.0,19824.9,19476.6,19936.6,19694.25,True
2024-06-21,281.5,160.0,422.7,131.75,19882.0,19752.6,20188.6,19819.25,19656.6,19263.0,19782.9,19687.5,True
2024-06-24,242.4,137.3,364.2,302.25,19849.6,19738.1,20113.5,20030.25,19655.5,19316.6,19764.2,19728.0,True
2024-06-25,279.1,158.2,419.4,255.25,19868.5,19740.2,20172.5,19981.25,19645.1,19254.8,19770.2,19726.0,True
2024-06-26,266.3,151.3,399.7,169.5,20084.6,19962.2,20374.6,20070.5,19871.4,19499.1,19990.8,19901.0,True
2024-06-27,253.6,144.3,381.0,242.5,20119.5,20002.9,20395.7,20116.75,19916.5,19562.0,20030.2,19874.25,True
2024-06-28,246.1,139.9,369.6,367.0,20143.3,20030.2,20411.3,20273.25,19946.3,19602.3,20056.7,19906.25,True
2024-07-01,285.6,162.3,428.7,262.25,20047.8,19916.5,20358.8,20074.0,19819.1,19419.9,19947.2,19811.75,True
2024-07-02,273.3,155.3,410.1,349.25,20167.3,20041.7,20464.9,20259.25,19948.5,19566.6,20071.1,19910.0,True
2024-07-03,296.2,168.2,444.3,230.25,20380.3,20244.1,20702.8,20435.25,20143.1,19729.2,20275.9,20205.0,True
2024-07-05,287.4,163.2,431.0,278.5,20532.9,20400.7,20845.7,20639.5,20302.7,19901.1,20431.5,20361.0,True
2024-07-08,298.2,169.3,447.2,108.75,20746.7,20609.6,21071.3,20688.0,20507.8,20091.2,20641.5,20579.25,True
2024-07-09,241.3,136.6,362.3,156.0,20761.7,20650.7,21024.3,20771.75,20568.4,20231.3,20676.6,20615.75,True
2024-07-10,234.7,133.1,352.5,232.25,20777.6,20669.7,21033.1,20916.75,20589.6,20261.8,20694.9,20684.5,True
2024-07-11,234.7,133.1,352.4,606.5,20998.9,20891.0,21254.3,20983.75,20810.9,20483.1,20916.1,20377.25,False
2024-07-12,305.5,172.6,458.0,406.0,20570.8,20430.4,20903.3,20741.0,20326.1,19897.5,20463.0,20335.0,True
2024-07-15,312.2,176.2,467.8,290.75,20655.9,20512.4,20995.6,20797.0,20405.8,19967.8,20545.7,20506.25,True
2024-07-16,320.0,180.7,479.7,220.0,20719.0,20571.8,21067.2,20684.5,20462.6,20013.7,20606.0,20464.5,True
2024-07-17,313.4,177.0,469.9,632.0,20730.4,20586.4,21071.4,20597.75,20479.4,20039.8,20619.8,19965.75,False
2024-07-18,389.2,219.4,586.4,403.75,20161.9,19983.0,20585.4,20162.5,19850.2,19301.2,20024.6,19758.75,True
2024-07-19,357.1,201.3,538.1,325.75,20050.1,19886.0,20438.7,19979.75,19764.1,19260.4,19924.1,19654.0,True
2024-07-22,338.7,190.8,510.1,326.0,19856.1,19700.4,20224.6,20044.75,19584.8,19107.2,19736.5,19718.75,True
2024-07-23,351.8,198.2,529.7,216.5,20149.6,19988.0,20532.4,20084.75,19867.8,19371.8,20025.4,19868.25,True
2024-07-24,331.0,186.8,495.8,714.25,20064.8,19912.8,20425.0,19883.0,19799.7,19333.0,19948.0,19168.75,False
2024-07-25,384.9,217.0,579.9,507.25,19365.8,19188.2,19784.6,19390.5,19057.5,18513.3,19229.9,18883.25,True
2024-07-26,384.2,216.3,578.1,302.75,19154.5,18977.2,19572.5,19297.75,18846.8,18303.6,19018.9,18995.0,True
2024-07-29,367.3,206.8,552.5,264.0,19329.7,19160.2,19729.2,19377.25,19035.5,18516.1,19199.9,19113.25,True
2024-07-30,358.7,202.0,539.8,594.75,19360.9,19195.3,19751.0,19319.75,19073.5,18566.3,19234.1,18725.0,True
2024-07-31,430.8,242.4,649.4,786.25,19118.2,18919.5,19586.9,19648.0,18773.2,18164.1,18966.1,18861.75,False
2024-08-01,479.2,270.1,730.7,863.0,19707.8,19486.6,20229.4,19717.0,19323.9,18646.4,19538.4,18854.0,True
2024-08-02,516.1,290.5,792.8,594.0,19241.5,19003.2,19803.2,18979.75,18827.9,18098.3,19058.9,18385.75,False
2024-08-05,515.2,289.9,791.1,1039.0,18774.0,18535.8,19334.8,18390.0,18361.2,17633.0,18591.9,17351.0,False
2024-08-06,621.1,348.8,953.3,517.25,18275.6,17988.4,18951.9,18483.25,17778.1,16899.0,18056.2,17966.0,True
2024-08-07,583.8,328.2,897.1,722.25,18425.8,18155.7,19061.2,18558.5,17958.0,17131.6,18219.3,17836.25,True
2024-08-08,608.1,341.6,933.8,851.75,18223.7,17942.2,18885.5,18593.5,17736.3,16875.6,18008.5,17741.75,True
2024-08-09,659.9,370.4,1012.3,291.5,18804.4,18498.9,19522.5,18674.5,18275.4,17341.4,18570.8,18383.0,True
2024-08-12,564.8,315.6,866.6,250.25,18854.9,18593.4,19469.5,18765.25,18402.2,17602.8,18654.9,18515.0,True
2024-08-13,481.8,267.9,739.4,494.0,18843.1,18620.3,19367.6,19122.5,18457.1,17775.2,18672.7,18628.5,True
2024-08-14,530.1,294.7,813.4,278.0,19328.4,19083.1,19905.3,19203.5,18903.7,18153.3,19140.8,18925.5,True
2024-08-15,449.2,247.8,689.3,502.75,19304.9,19097.1,19793.8,19603.25,18945.0,18309.2,19145.9,19100.5,True
2024-08-16,447.2,246.7,686.4,235.5,19770.4,19563.4,20257.0,19683.0,19412.1,18779.0,19612.0,19447.5,True
2024-08-19,397.8,218.6,611.6,346.5,19773.9,19589.9,20206.9,19871.75,19455.3,18892.2,19633.1,19525.25,True
2024-08-20,429.7,236.0,660.4,188.0,20039.5,19840.6,20507.1,19931.0,19695.3,19087.0,19887.3,19743.0,True
2024-08-21,360.5,197.0,554.4,210.25,19961.9,19795.1,20354.2,19981.75,19673.2,19162.8,19834.3,19771.5,True
2024-08-22,355.8,194.5,547.6,483.25,20060.0,19895.3,20447.1,20025.25,19775.0,19271.3,19933.9,19542.0,True
2024-08-23,380.1,208.3,585.1,312.5,19738.9,19563.1,20152.6,19904.25,19434.5,18896.5,19604.3,19591.75,True
2024-08-26,372.8,204.2,573.6,340.75,19948.4,19775.9,20354.1,19846.25,19649.8,19122.1,19816.3,19505.5,True
2024-08-27,368.7,202.2,567.9,252.75,19747.1,19576.5,20148.4,19694.25,19451.9,18929.9,19616.5,19441.5,True
2024-08-28,365.7,200.6,563.3,463.75,19808.2,19639.2,20206.3,19691.0,19515.5,18997.8,19678.8,19227.25,True
2024-08-29,419.7,230.0,646.1,553.25,19593.0,19399.0,20049.9,19693.5,19257.0,18663.0,19444.5,19140.25,True
2024-08-30,437.3,239.6,673.2,262.25,19578.0,19375.8,20054.0,19632.75,19227.8,18608.9,19423.2,19370.5,True
2024-09-03,395.5,217.0,609.4,772.0,19790.2,19607.2,20220.6,19683.0,19473.4,18913.6,19650.1,18911.0,False
2024-09-04,478.9,262.4,738.4,289.0,19208.8,18987.4,19730.1,19114.75,18825.3,18147.0,19039.3,18825.75,True
2024-09-05,430.5,236.0,664.2,323.25,19144.3,18945.3,19613.0,19150.5,18799.7,18189.9,18991.9,18827.25,True
2024-09-06,412.8,226.4,637.1,632.5,19137.9,18947.0,19587.2,18972.25,18807.4,18222.6,18991.7,18339.75,True
2024-09-09,444.0,243.0,684.0,348.5,18645.8,18440.6,19129.1,18734.5,18290.3,17661.4,18488.6,18386.0,True
2024-09-10,424.4,233.4,655.5,296.25,18871.5,18675.3,19333.5,18878.5,18531.8,17930.6,18721.2,18582.25,True
2024-09-11,368.5,203.7,568.8,746.5,19019.8,18849.3,19420.8,19293.5,18724.7,18202.7,18889.2,18547.0,True
2024-09-12,474.5,261.8,732.6,298.5,19471.7,19252.1,19987.9,19483.5,19091.6,18419.4,19303.4,19185.0,True
2024-09-13,430.4,238.7,664.1,179.0,19629.3,19430.1,20097.5,19577.25,19284.5,18674.8,19476.6,19398.25,True
2024-09-16,359.7,198.6,555.6,247.25,19682.4,19515.9,20073.7,19546.5,19394.3,18884.7,19554.8,19299.25,True
2024-09-17,357.7,197.5,552.7,274.5,19584.2,19418.8,19973.4,19615.5,19297.8,18791.1,19457.4,19341.0,True
2024-09-18,354.6,196.3,548.1,329.0,19589.2,19425.1,19975.0,19660.0,19305.2,18802.9,19463.4,19331.0,True
2024-09-19,311.7,172.5,481.7,557.5,19481.1,19336.8,19820.2,19966.25,19231.5,18789.9,19370.5,19408.75,False
2024-09-20,375.2,207.4,580.3,91.75,20009.0,19835.3,20417.4,19838.25,19708.6,19176.9,19876.4,19746.5,True
2024-09-23,296.2,163.0,458.7,208.75,19933.3,19796.2,20255.7,20164.0,19696.2,19276.5,19828.6,19955.25,False
2024-09-24,323.3,178.1,501.2,261.75,20216.8,20067.1,20568.6,20214.75,19958.0,19499.8,20102.7,19953.0,True
2024-09-25,326.7,180.2,507.0,206.75,20305.9,20154.7,20661.5,20271.0,20044.5,19581.5,20190.7,20064.25,True
2024-09-26,301.6,166.6,468.8,350.0,20319.6,20180.0,20647.8,20538.0,20078.2,19650.8,20213.2,20188.0,True
2024-09-27,292.3,161.4,454.0,222.75,20469.9,20334.6,20788.0,20395.75,20236.0,19821.7,20366.7,20173.0,True
2024-09-30,291.3,161.0,453.1,231.0,20344.7,20209.9,20661.8,20287.0,20111.6,19698.8,20241.9,20056.0,True
2024-10-01,292.4,161.7,455.0,513.75,20384.8,20249.6,20703.2,20331.75,20150.9,19736.6,20281.7,19818.0,True
2024-10-02,344.7,190.3,539.9,256.75,20120.6,19961.3,20496.0,20090.25,19844.9,19356.5,19999.2,19833.5,True
2024-10-03,326.3,180.1,510.9,261.75,20147.6,19996.8,20502.9,20113.75,19886.5,19424.3,20032.6,19852.0,True
2024-10-04,309.9,171.3,482.0,322.25,20121.2,19977.9,20458.6,20263.75,19873.1,19434.2,20012.0,19941.5,True
2024-10-07,332.7,183.8,517.2,319.25,20367.8,20214.0,20730.1,20267.25,20101.6,19630.3,20250.6,19948.0,True
2024-10-08,337.1,186.2,523.9,427.0,20135.1,19979.3,20502.2,20329.5,19865.3,19387.9,20016.4,19902.5,True
2024-10-09,341.7,188.4,530.2,286.75,20442.8,20284.9,20814.9,20482.75,20169.4,19685.4,20322.4,20196.0,True
2024-10-10,329.6,182.4,512.2,206.75,20602.7,20450.4,20961.6,20508.25,20339.1,19872.1,20486.6,20301.5,True
2024-10-11,309.0,171.2,480.9,179.5,20560.3,20417.5,20896.7,20494.25,20313.0,19875.4,20451.4,20314.75,True
2024-10-14,280.6,155.6,437.2,296.75,20568.5,20438.8,20874.1,20680.0,20344.1,19946.6,20469.6,20383.25,True
2024-10-15,295.8,164.0,460.7,405.25,20744.2,20607.5,21066.3,20659.25,20507.6,20088.6,20640.0,20254.0,True
2024-10-16,301.1,166.8,468.5,192.25,20469.2,20330.0,20797.0,20398.5,20228.4,19801.8,20363.1,20206.25,True
2024-10-17,267.0,148.0,415.6,318.0,20462.2,20338.9,20753.0,20594.75,20248.6,19870.5,20368.2,20276.75,True
2024-10-18,295.4,163.7,459.8,209.0,20492.8,20356.3,20814.4,20529.75,20256.5,19838.0,20388.7,20320.75,True
2024-10-21,285.0,158.0,443.7,210.75,20603.9,20472.2,20914.2,20554.5,20375.9,19972.2,20503.4,20343.75,True
2024-10-22,271.1,150.3,422.3,242.0,20634.0,20508.7,20929.2,20602.25,20417.2,20033.2,20538.5,20360.25,True
2024-10-23,259.7,144.0,404.5,463.5,20651.6,20531.7,20934.4,20542.5,20443.9,20076.1,20560.2,20079.0,True
2024-10-24,309.0,171.3,481.2,166.75,20350.9,20208.2,20687.4,20428.5,20103.7,19666.2,20242.1,20261.75,False
2024-10-25,261.9,144.8,408.6,343.25,20490.8,20369.8,20776.0,20707.25,20281.3,19910.4,20398.8,20364.0,True
2024-10-28,302.1,167.5,470.6,190.5,20626.4,20486.8,20955.3,20676.5,20384.7,19956.8,20520.2,20486.0,True
2024-10-29,278.7,154.7,434.4,328.0,20614.7,20485.9,20918.1,20760.25,20391.8,19997.1,20516.8,20432.25,True
2024-10-30,309.2,171.7,482.2,316.0,20827.1,20684.2,21163.7,20788.5,20579.8,20141.9,20718.4,20472.5,True
2024-10-31,290.3,161.1,452.5,487.25,20657.4,20523.2,20973.4,20495.75,20425.2,20014.0,20555.3,20008.5,False
2024-11-01,331.3,183.6,516.4,271.0,20161.7,20008.5,20522.4,20288.0,19896.7,19427.1,20045.2,20017.0,True
2024-11-04,307.3,170.3,479.1,235.5,20283.1,20141.0,20617.6,20248.5,20037.3,19601.7,20175.0,20013.0,True
2024-11-05,305.8,169.5,476.8,343.75,20215.2,20073.8,20548.1,20385.5,19970.6,19537.1,20107.6,20041.75,True
2024-11-06,325.4,180.3,507.2,611.75,20479.2,20328.8,20833.4,20935.25,20218.9,19757.7,20364.8,20323.5,False
2024-11-07,392.2,217.7,612.4,391.5,21059.7,20878.4,21486.9,21253.0,20746.0,20190.1,20921.7,20861.5,True
2024-11-08,367.6,203.9,573.6,143.25,21380.1,21210.1,21780.4,21265.0,21086.1,20565.0,21250.7,21121.75,True
2024-11-11,314.0,174.2,490.0,242.5,21363.9,21218.7,21705.9,21340.75,21112.9,20667.7,21253.4,21098.25,True
2024-11-12,331.9,184.1,518.1,197.0,21357.9,21204.5,21719.5,21251.75,21092.6,20622.1,21241.2,21054.75,True
2024-11-13,308.1,171.0,481.1,212.0,21319.6,21177.2,21655.2,21268.5,21073.2,20636.5,21211.2,21056.5,True
2024-11-14,263.6,146.3,411.7,239.75,21270.8,21149.0,21558.0,21190.25,21060.0,20686.4,21178.1,20950.5,True
2024-11-15,244.7,135.7,381.9,576.25,21115.0,21002.0,21381.6,20981.5,20919.4,20572.6,21029.0,20405.25,False
2024-11-18,322.2,178.2,505.4,248.25,20629.7,20480.7,20980.8,20724.25,20372.0,19914.9,20516.4,20476.0,True
2024-11-19,297.2,164.4,466.3,410.0,20758.9,20621.5,21082.7,20792.5,20521.3,20099.6,20654.4,20382.5,True
2024-11-20,343.2,189.5,537.5,366.25,20912.7,20753.9,21286.5,20843.25,20638.1,20151.3,20791.9,20477.0,True
2024-11-21,357.4,197.2,559.3,391.5,20899.8,20734.6,21289.2,20905.75,20613.9,20107.0,20774.1,20514.25,True
2024-11-22,379.7,209.4,593.9,186.75,20989.8,20814.2,21403.4,20880.0,20685.9,20147.5,20856.2,20693.25,True
2024-11-25,309.6,170.2,484.8,300.75,20980.4,20837.3,21317.7,21081.0,20732.7,20293.7,20871.5,20780.25,True
2024-11-26,332.5,183.3,517.8,269.75,21020.6,20866.9,21382.8,21024.75,20754.7,20283.1,20903.6,20755.0,True
2024-11-27,314.1,173.1,489.0,344.0,21126.2,20980.9,21468.3,21019.0,20875.0,20429.4,21015.6,20675.0,True
2024-11-29,318.8,175.7,496.4,212.0,20947.6,20800.2,21294.9,21017.5,20692.6,20240.5,20835.4,20805.5,True
2024-12-02,284.0,156.6,442.4,319.75,21113.5,20982.1,21422.8,21259.75,20886.3,20483.5,21013.4,20940.0,True
2024-12-03,314.9,173.6,490.5,194.75,21351.0,21205.4,21694.0,21329.0,21099.2,20652.6,21240.1,21134.25,True
2024-12-04,283.1,156.7,440.9,242.75,21401.1,21270.2,21709.4,21548.5,21174.7,20773.2,21301.4,21305.75,False
2024-12-05,289.1,160.1,450.3,129.75,21658.6,21524.9,21973.5,21567.25,21427.5,21017.4,21557.2,21437.5,True
2024-12-06,243.2,134.2,379.2,244.5,21576.0,21463.5,21840.8,21669.25,21381.6,21036.6,21490.7,21424.75,True
2024-12-09,264.6,145.9,412.3,270.25,21768.5,21646.2,22056.7,21706.25,21557.0,21181.7,21675.7,21436.0,True
2024-12-10,252.6,139.6,393.9,254.0,21590.5,21473.6,21865.5,21606.75,21388.5,21030.2,21501.8,21352.75,True
2024-12-11,254.9,140.9,397.5,414.25,21512.9,21395.1,21790.5,21820.0,21309.1,20947.6,21423.5,21405.75,False
2024-12-12,298.3,164.9,465.2,168.25,21919.5,21781.6,22244.5,21772.5,21681.0,21257.9,21814.8,21604.25,False
2024-12-13,271.0,150.4,422.6,241.5,21765.7,21640.0,22061.0,21908.0,21549.0,21164.7,21670.6,21666.5,True
2024-12-16,283.8,157.6,442.7,390.5,21915.6,21783.9,22224.9,22152.5,21688.7,21286.2,21816.0,21762.0,True
2024-12-17,319.6,177.2,497.7,182.25,22245.3,22097.0,22593.5,22124.5,21989.8,21536.4,22133.1,21942.25,True
2024-12-18,283.4,157.2,441.7,1049.5,22134.5,22003.0,22443.2,22083.75,21907.9,21505.9,22035.0,21034.25,False
2024-12-19,408.1,225.7,633.7,344.25,21391.1,21201.8,21835.8,21424.25,21064.8,20484.6,21247.9,21080.0,True
2024-12-20,380.0,210.1,590.1,406.5,21273.3,21097.0,21687.3,21151.5,20969.5,20429.1,21139.8,20745.0,True
2024-12-23,399.4,220.9,620.3,300.0,21116.7,20931.4,21551.9,21776.75,20797.3,20229.5,20976.4,21476.75,False
2024-12-24,393.5,217.6,611.2,340.75,21919.5,21737.0,22348.5,22049.75,21604.9,21045.4,21781.5,21709.0,True
2024-12-26,415.2,229.7,645.1,241.0,22204.0,22011.3,22656.5,22111.25,21872.0,21281.7,22058.3,21870.25,True
2024-12-27,326.4,180.6,507.3,509.25,22145.9,21994.5,22501.7,22008.0,21884.9,21420.9,22031.4,21498.75,True
2024-12-30,368.0,203.6,572.1,489.75,21853.9,21683.3,22255.1,21742.75,21559.7,21036.7,21724.9,21253.0,True
2024-12-31,373.6,206.4,580.0,342.75,21574.1,21400.8,21981.3,21524.75,21275.3,20744.4,21443.1,21182.0,True
2025-01-02,360.2,199.0,559.3,506.75,21378.6,21211.7,21771.3,21490.5,21090.6,20578.7,21252.3,20983.75,True
2025-01-03,397.4,219.7,616.9,415.25,21335.4,21151.2,21768.6,21559.25,21017.5,20452.9,21196.0,21144.0,True
2025-01-06,415.3,229.5,644.5,418.5,21691.9,21499.4,22144.6,21896.75,21359.8,20769.7,21546.3,21478.25,True
2025-01-07,415.7,229.6,644.6,526.5,21920.1,21727.4,22373.2,21806.0,21587.6,20997.1,21774.3,21279.5,True
2025-01-08,426.5,235.3,660.9,282.0,21539.9,21342.3,22004.8,21448.25,21198.8,20592.9,21390.3,21166.25,True
2025-01-09,396.0,218.7,614.2,129.25,21528.0,21344.5,21959.7,21347.25,21211.3,20648.8,21389.2,21218.0,True
2025-01-10,326.4,179.7,506.6,497.75,21439.3,21288.1,21795.2,21372.5,21178.3,20714.7,21324.9,20874.75,True
2025-01-13,385.2,211.7,596.9,343.0,21178.6,21000.2,21598.6,21037.0,20870.6,20323.5,21043.6,20694.0,True
2025-01-14,363.6,200.0,563.8,370.25,21100.7,20932.4,21497.2,21143.75,20809.9,20293.7,20973.3,20773.5,True
2025-01-15,350.9,192.9,543.7,543.75,21067.6,20905.2,21450.2,21452.75,20786.9,20288.8,20944.7,20909.0,False
2025-01-16,411.1,225.9,636.9,395.0,21573.8,21383.5,22022.8,21567.25,21245.0,20661.3,21429.7,21172.25,True
2025-01-17,422.9,232.5,655.5,473.25,21428.2,21232.5,21890.1,21682.5,21089.9,20489.7,21280.1,21209.25,True
2025-01-21,437.9,240.5,678.1,405.75,21779.6,21576.9,22257.8,21783.5,21429.3,20807.8,21626.2,21377.75,True
2025-01-22,440.8,242.3,683.2,325.25,21895.7,21691.6,22376.9,22093.5,21542.9,20917.3,21741.1,21768.25,False
2025-01-23,419.3,230.6,650.1,195.0,22177.6,21983.5,22635.3,22050.5,21842.1,21247.0,22030.8,21855.5,True
2025-01-24,358.0,196.4,555.6,234.25,22189.5,22023.7,22580.2,22078.25,21903.1,21395.0,22064.1,21844.0,True
2025-01-27,342.3,187.9,531.5,1007.25,22055.8,21897.4,22429.4,21771.0,21782.0,21296.2,21936.0,20763.75,False
2025-01-28,460.5,252.0,713.0,466.5,21452.8,21239.1,21955.6,21626.0,21084.4,20429.3,21291.7,21159.5,True
2025-01-29,440.4,241.2,682.2,330.0,21767.7,21563.2,22248.4,21697.0,21415.4,20788.8,21613.5,21367.0,True
2025-01-30,424.0,232.5,657.6,329.25,21702.2,21505.4,22165.0,21748.75,21363.0,20759.8,21553.8,21419.5,True
2025-01-31,436.9,239.7,677.7,432.25,21809.2,21606.4,22286.0,21966.0,21459.7,20838.1,21656.2,21533.75,True
2025-02-03,467.9,257.2,725.0,636.75,21786.9,21569.6,22297.4,21579.75,21412.7,20746.8,21622.9,20943.0,True
2025-02-04,452.5,248.7,701.0,451.5,21596.1,21386.0,22089.8,21694.0,21234.1,20590.3,21437.6,21242.5,True
2025-02-05,439.2,241.3,680.2,365.25,21855.8,21651.8,22334.9,21795.0,21504.5,20879.5,21701.9,21429.75,True
2025-02-06,432.8,238.0,670.8,176.5,21945.7,21744.8,22417.9,21882.25,21599.5,20983.8,21794.1,21705.75,True
2025-02-07,383.7,210.4,595.0,415.25,22033.7,21855.6,22452.3,21968.0,21726.9,21181.0,21899.3,21552.75,True
2025-02-10,411.2,225.5,637.7,476.0,21764.3,21573.5,22212.9,21894.0,21435.4,20850.5,21620.3,21418.0,True
2025-02-11,408.3,223.8,632.9,202.0,22018.8,21829.3,22464.2,21871.5,21692.2,21111.4,21875.8,21669.5,True
2025-02-12,344.7,188.4,534.6,351.75,21932.2,21772.3,22308.2,21862.5,21656.4,21166.2,21811.5,21510.75,True
2025-02-13,362.3,198.1,562.2,371.0,21957.6,21789.5,22352.8,22124.0,21667.7,21152.5,21830.8,21753.0,True
2025-02-14,392.1,214.2,607.9,182.5,22278.7,22096.8,22706.4,22225.0,21965.0,21407.4,22141.4,22042.5,True
2025-02-18,336.2,181.0,522.1,217.0,22338.1,22182.2,22704.9,22319.75,22069.2,21591.1,22220.4,22102.75,True
2025-02-19,307.8,165.6,477.9,181.75,22362.1,22219.4,22697.9,22299.75,22116.0,21678.2,22254.3,22118.0,True
2025-02-20,296.6,159.7,460.8,284.5,22375.6,22238.1,22699.2,22235.5,22138.6,21716.7,22271.8,21951.0,False
2025-02-21,298.0,160.5,463.2,592.75,22267.5,22129.2,22592.6,22245.5,22029.2,21605.4,22163.1,21652.75,True
2025-02-24,346.5,186.1,537.5,405.5,21825.4,21664.7,22203.4,21813.0,21548.3,21055.7,21704.1,21407.5,True
2025-02-25,356.9,191.5,553.0,463.75,21570.8,21405.2,21960.1,21453.75,21285.3,20778.0,21445.9,20990.0,True
2025-02-26,390.0,209.1,603.9,354.25,21313.5,21132.6,21739.0,21409.25,21001.5,20447.2,21177.0,21055.0,True
2025-02-27,400.4,214.8,620.3,803.25,21355.9,21170.1,21792.7,21386.5,21035.6,20466.5,21215.7,20583.25,True
2025-02-28,476.5,255.3,740.2,483.75,20806.8,20585.7,21326.5,20944.25,20425.6,19748.4,20639.9,20460.5,True
2025-03-03,453.7,243.0,704.5,804.25,21110.9,20900.4,21605.8,21121.0,20748.0,20103.2,20952.1,20316.75,True
2025-03-04,517.2,276.5,805.7,657.25,20686.5,20446.5,21250.6,20732.5,20272.7,19537.7,20505.4,20075.25,True
2025-03-05,532.3,284.2,828.2,510.0,20623.6,20376.6,21204.2,20725.0,20197.7,19441.4,20437.2,20215.0,True
2025-03-06,540.9,289.2,838.5,644.5,20893.2,20642.2,21483.2,20647.5,20460.5,19691.9,20703.8,20003.0,True
2025-03-07,527.4,281.9,817.4,520.75,20311.8,20067.1,20887.0,20286.25,19889.8,19140.5,20127.1,19765.5,True
2025-03-10,526.0,281.5,813.2,884.25,20451.7,20207.6,21025.4,20156.5,20030.7,19283.6,20267.5,19272.25,False
2025-03-11,555.8,297.1,861.5,547.5,19687.3,19428.8,20293.5,19686.75,19242.4,18451.7,19492.6,19139.25,True
2025-03-12,528.6,282.6,819.3,401.75,19622.0,19376.2,20198.6,19788.75,19199.0,18446.9,19436.9,19387.0,True
2025-03-13,509.6,272.7,790.7,524.0,19833.5,19596.5,20389.3,19694.0,19425.7,18700.7,19655.1,19170.0,True
2025-03-14,508.2,276.0,787.4,445.75,19463.4,19227.1,20017.7,19742.5,19056.7,18333.7,19285.5,19296.75,False
2025-03-17,511.9,278.0,793.1,408.75,19928.0,19690.0,20486.3,19959.25,19518.3,18790.1,19749.2,19550.5,True
2025-03-18,466.0,253.1,722.0,460.25,20028.4,19811.7,20536.6,19858.0,19655.4,18992.5,19865.6,19397.75,True
2025-03-19,454.9,247.4,705.7,479.5,19688.7,19477.2,20184.8,19935.0,19324.6,18677.5,19529.8,19455.5,True
2025-03-20,476.2,259.0,738.9,368.5,19947.7,19726.3,20467.0,19898.75,19566.6,18889.1,19781.3,19530.25,True
2025-03-21,446.6,242.8,692.7,320.75,19866.9,19659.3,20354.0,19728.75,19509.5,18874.2,19710.9,19408.0,True
2025-03-24,422.7,229.9,655.8,359.0,19629.1,19432.7,20090.1,20409.5,19290.9,18689.6,19481.4,20050.5,False
2025-03-25,445.1,242.0,690.5,231.75,20562.0,20355.2,21048.4,20524.75,20205.8,19572.7,20406.9,20293.0,True
2025-03-26,394.4,211.2,612.3,491.75,20654.9,20471.6,21085.8,20536.75,20339.3,19778.2,20517.4,20045.0,True
2025-03-27,420.2,224.8,651.6,262.25,20293.8,20098.5,20752.9,20199.5,19957.5,19359.8,20147.3,19937.25,True
2025-03-28,375.7,201.2,583.0,654.25,20148.8,19974.2,20559.2,20011.75,19848.1,19313.7,20017.8,19357.5,True
2025-03-31,448.5,243.5,698.1,513.0,19646.2,19437.8,20136.2,19489.75,19287.3,18649.4,19489.9,18976.75,True
2025-04-01,452.8,245.6,704.2,382.75,19630.5,19420.2,20125.2,19644.0,19268.1,18624.1,19472.7,19261.25,True
2025-04-02,458.6,248.9,713.6,967.5,19798.0,19584.9,20298.9,20044.25,19430.9,18778.7,19638.1,19076.75,True
2025-04-03,570.0,308.7,886.5,563.0,19998.5,19733.7,20621.0,19177.0,19542.2,18731.6,19799.8,18614.0,False
2025-04-04,534.7,289.6,831.7,1325.5,18901.1,18652.1,19485.0,18713.0,18473.0,17712.0,18714.7,17387.5,False
2025-04-07,638.8,344.7,992.5,1901.5,17808.4,17511.0,18506.1,18361.5,17297.1,16385.5,17585.8,16460.0,True
2025-04-08,838.8,451.0,1301.5,1383.75,17917.1,17526.5,18833.1,18357.25,17245.6,16048.8,17624.8,16973.5,True
2025-04-09,902.4,484.5,1406.8,2651.75,17624.5,17204.2,18609.8,19386.75,16902.0,15614.7,17309.9,16735.0,False
2025-04-10,1315.7,703.1,2043.2,1464.5,19843.8,19231.1,21284.6,19383.5,18790.2,16913.8,19385.2,17919.0,True
2025-04-11,1254.6,669.6,1946.0,806.5,19013.8,18429.5,20387.7,18873.5,18008.8,16220.1,18576.5,18067.0,True
2025-04-14,1173.5,626.5,1820.9,518.5,19302.5,18756.1,20587.6,19256.0,18362.8,16689.7,18893.5,18737.5,True
2025-04-15,1013.5,532.7,1574.0,335.75,19362.2,18890.4,20472.1,19144.75,18550.9,17105.9,19009.0,18809.0,True
2025-04-16,877.3,458.1,1364.5,745.0,19330.2,18921.8,20291.0,18861.25,18628.0,17377.4,19024.5,18116.25,False
2025-04-17,744.8,388.8,1158.1,391.25,18699.3,18352.3,19515.0,18652.75,18103.2,17041.6,18439.8,18261.5,True
2025-04-21,591.3,309.0,920.2,683.5,18630.1,18354.6,19277.7,18383.5,18156.8,17314.1,18424.1,17700.0,True
2025-04-22,602.5,314.9,938.1,650.25,18176.3,17895.6,18836.2,18514.0,17694.1,16835.5,17966.4,17863.75,True
2025-04-23,639.6,334.1,995.3,541.75,18654.7,18356.7,19355.2,19165.5,18142.8,17231.5,18431.9,18623.75,False
2025-04-24,665.2,348.3,1036.0,823.25,19084.5,18774.6,19813.0,19418.0,18552.1,17604.5,18852.9,18594.75,True
2025-04-25,731.5,382.5,1138.0,372.75,19630.5,19289.7,20431.5,19589.0,19045.0,18003.0,19375.8,19216.25,True
2025-04-28,672.1,351.6,1045.5,365.75,19818.7,19505.6,20554.7,19623.0,19280.8,18323.5,19584.7,19257.25,True
2025-04-29,628.1,329.0,978.1,310.5,19792.9,19500.3,20480.6,19688.5,19290.2,18395.6,19574.2,19378.0,True
2025-04-30,574.0,300.0,895.0,776.25,19884.0,19616.7,20512.5,19880.0,19424.7,18607.2,19684.2,19103.75,True
2025-05-01,664.3,346.8,1034.5,368.5,19938.6,19629.2,20665.9,20125.75,19407.0,18460.9,19707.3,19757.25,False
2025-05-02,554.0,289.8,861.0,527.25,20104.4,19846.3,20710.9,20276.75,19661.0,18872.0,19911.9,19749.5,True
2025-05-05,606.4,318.1,941.6,235.75,20451.0,20168.5,21114.8,20201.75,19965.7,19102.1,20240.2,19966.0,True
2025-05-06,525.2,275.8,815.7,297.75,20277.0,20032.3,20851.9,20036.75,19856.7,19108.7,20094.5,19739.0,True
2025-05-07,528.4,278.0,822.1,455.0,20099.3,19853.2,20677.7,20133.75,19676.5,18924.0,19915.7,19678.75,True
2025-05-08,504.3,266.4,784.2,426.5,20173.7,19938.8,20725.6,20337.25,19770.1,19051.9,19998.4,19910.75,True
2025-05-09,496.1,262.2,771.7,230.75,20357.2,20126.1,20900.1,20288.75,19960.2,19253.7,20184.8,20058.0,True
2025-05-12,411.9,216.9,641.1,619.25,20310.4,20118.6,20761.2,20996.0,19980.9,19394.2,20167.3,20376.75,False
2025-05-13,505.4,265.6,785.2,528.5,21161.9,20926.5,21715.7,21346.5,20757.5,20037.7,20986.3,20818.0,True
2025-05-14,514.3,270.4,799.3,181.25,21494.9,21255.3,22058.4,21419.5,21083.4,20350.9,21316.2,21238.25,True
2025-05-15,417.2,218.5,647.0,337.75,21568.4,21374.1,22025.6,21529.75,21234.7,20640.5,21423.5,21192.0,True
2025-05-16,430.7,225.5,667.8,191.75,21581.9,21381.3,22053.8,21512.0,21237.3,20623.9,21432.2,21320.25,True
2025-05-19,398.1,205.8,617.6,432.0,21673.9,21488.5,22110.1,21544.5,21355.4,20788.4,21535.6,21112.5,True
2025-05-20,403.2,208.6,626.0,264.25,21697.0,21509.2,22138.8,21562.25,21374.4,20800.2,21556.9,21298.0,True
2025-05-21,343.9,178.1,534.5,485.75,21592.2,21432.1,21969.1,21558.5,21317.1,20827.4,21472.8,21072.75,True
2025-05-22,398.6,206.3,619.1,297.5,21324.7,21139.2,21761.6,21337.5,21005.9,20438.3,21186.3,21040.0,True
2025-05-23,367.6,190.7,571.8,509.0,21333.2,21162.1,21736.0,21236.0,21039.2,20515.7,21205.5,20727.0,True
2025-05-27,422.4,218.9,656.3,534.25,21153.0,20956.4,21615.9,21488.5,20815.2,20213.7,21006.4,20954.25,True
2025-05-28,442.7,229.1,686.9,246.25,21647.1,21441.0,22132.2,21567.5,21293.0,20662.6,21493.4,21321.25,True
2025-05-29,399.1,206.8,620.0,557.75,21548.0,21362.2,21985.3,21858.75,21228.7,20660.4,21409.4,21301.0,True
2025-05-30,448.9,232.2,696.3,362.0,21597.7,21388.8,22089.6,21433.5,21238.7,20599.5,21441.8,21071.5,True
2025-06-02,433.7,224.4,672.7,413.25,21559.5,21357.7,22034.8,21576.25,21212.7,20595.1,21409.0,21163.0,True
2025-06-03,426.9,220.6,661.6,360.5,21714.5,21515.7,22182.2,21759.75,21373.0,20765.1,21566.2,21399.25,True
2025-06-04,402.2,208.3,623.0,162.0,21875.6,21688.3,22316.2,21803.0,21553.8,20981.2,21735.9,21641.0,True
2025-06-05,354.4,182.7,549.7,431.5,21915.9,21750.9,22304.2,21935.0,21632.4,21127.8,21792.8,21503.5,True
2025-06-06,379.2,195.5,587.9,402.5,21742.2,21565.6,22157.6,21873.5,21438.8,20898.9,21610.4,21471.0,True
2025-06-09,385.6,198.8,598.0,174.75,21952.1,21772.6,22374.5,21890.75,21643.6,21094.6,21818.1,21716.0,True
2025-06-10,321.7,164.2,499.2,260.25,21957.2,21807.4,22309.6,21992.25,21699.8,21241.8,21845.4,21732.0,True
2025-06-11,323.4,165.1,502.1,315.25,22098.9,21948.3,22453.1,22106.0,21840.2,21379.7,21986.5,21790.75,True
2025-06-12,346.9,177.3,539.1,264.0,22033.8,21872.3,22413.8,21977.25,21756.3,21262.4,21913.3,21713.25,True
2025-06-13,316.7,161.8,492.0,444.75,22066.0,21918.6,22413.0,21915.75,21812.7,21361.8,21956.0,21471.0,False
2025-06-16,334.3,170.6,518.7,497.75,21785.2,21629.4,22151.4,21999.5,21517.8,21041.8,21669.1,21501.75,True
2025-06-17,386.9,197.2,599.8,267.0,22104.7,21924.3,22528.4,21952.0,21795.1,21244.3,21970.2,21685.0,True
2025-06-18,356.3,181.8,552.8,232.0,21880.7,21714.7,22271.0,21872.5,21595.7,21088.5,21757.0,21640.5,True
2025-06-20,343.1,175.1,532.5,461.0,21864.9,21705.0,22240.7,21896.5,21590.4,21102.0,21745.7,21435.5,True
2025-06-23,395.6,201.9,613.9,526.25,22056.7,21872.4,22490.0,22093.0,21740.2,21177.1,21919.3,21566.75,True
2025-06-24,417.8,213.0,647.9,382.5,22249.7,22055.0,22707.3,22448.25,21915.4,21320.7,22104.5,22065.75,True
2025-06-25,394.1,200.9,610.9,163.75,22578.9,22395.3,23010.6,22548.25,22263.6,21702.6,22442.0,22384.5,True
2025-06-26,346.1,175.3,536.8,256.25,22606.9,22445.7,22986.0,22694.0,22330.0,21837.4,22486.7,22437.75,True
2025-06-27,364.4,184.7,565.6,225.5,22822.9,22653.1,23222.0,22825.5,22531.4,22012.7,22696.3,22600.0,True
2025-06-30,328.9,167.8,510.3,183.25,22890.2,22736.9,23250.4,22934.75,22627.1,22158.9,22775.9,22751.5,True
2025-07-01,281.6,143.7,437.0,320.25,23012.0,22880.8,23320.4,22914.75,22786.8,22385.9,22914.2,22594.5,True
2025-07-02,283.9,144.9,440.7,276.75,22812.5,22680.2,23123.4,22858.75,22585.4,22181.2,22713.8,22582.0,True
2025-07-03,293.9,150.0,456.2,275.5,22966.9,22830.0,23288.8,23102.5,22731.8,22313.5,22864.8,22827.0,True
2025-07-04,296.2,151.0,459.4,180.5,23187.4,23049.4,23511.8,23062.5,22950.5,22528.8,23084.5,22882.0,True
2025-07-07,272.2,138.9,422.5,248.75,23021.5,22894.7,23319.6,23028.5,22803.8,22416.3,22927.0,22779.75,True
2025-07-08,290.4,148.3,451.0,164.25,23007.2,22871.9,23325.2,22972.75,22774.9,22361.6,22906.3,22808.5,True
2025-07-09,256.0,130.9,398.1,268.5,23004.7,22885.4,23285.0,23112.0,22799.9,22435.5,22915.8,22843.5,True
2025-07-10,269.0,137.5,418.2,188.75,23166.2,23040.9,23460.7,23090.0,22951.0,22568.1,23072.7,22901.25,True
2025-07-11,247.3,126.5,384.6,217.25,23117.5,23002.3,23388.3,23048.75,22919.7,22567.7,23031.6,22831.5,True
2025-07-14,254.3,130.1,395.8,263.5,23066.2,22947.8,23344.7,23066.5,22862.8,22500.9,22977.9,22803.0,True
2025-07-15,261.9,133.9,407.3,226.75,23145.9,23023.9,23432.7,23222.75,22936.4,22563.7,23054.9,22996.0,True
2025-07-16,264.0,135.2,409.2,264.5,23168.1,23045.1,23457.1,23100.0,22956.9,22581.2,23076.3,22835.5,True
2025-07-17,265.5,135.9,411.4,262.75,23188.5,23064.8,23479.1,23279.75,22976.0,22598.2,23096.2,23017.0,True
2025-07-18,272.5,139.4,421.8,151.25,23365.9,23239.0,23664.2,23320.75,23147.9,22760.1,23271.2,23169.5,True
2025-07-21,246.6,126.2,382.0,221.0,23328.2,23213.4,23598.1,23424.75,23130.9,22780.0,23242.5,23203.75,True
2025-07-22,252.9,129.4,391.8,259.0,23448.7,23330.9,23725.4,23367.0,23246.3,22886.4,23360.7,23108.0,True
2025-07-23,255.7,131.1,395.2,271.25,23334.1,23215.0,23613.9,23418.0,23129.5,22765.7,23245.2,23146.75,True
2025-07-24,254.4,130.5,393.4,126.25,23418.0,23299.5,23696.4,23424.5,23214.5,22852.5,23329.6,23298.25,True
2025-07-25,215.8,110.7,333.7,145.25,23468.5,23368.0,23704.6,23476.0,23295.9,22988.8,23393.5,23330.75,True
2025-07-28,218.3,112.0,337.6,148.5,23513.3,23411.6,23752.1,23585.25,23338.7,23028.0,23437.4,23436.75,True
2025-07-29,209.1,107.4,323.8,231.25,23579.5,23482.0,23808.2,23652.5,23412.2,23114.6,23506.7,23421.25,True
2025-07-30,215.8,110.8,334.0,332.5,23543.0,23442.5,23779.1,23689.0,23370.4,23063.3,23468.0,23356.5,True
2025-07-31,234.6,120.3,362.8,554.5,23579.5,23470.2,23836.0,23845.0,23391.8,23057.9,23497.9,23290.5,False
2025-08-01,303.1,154.9,467.2,572.5,23492.9,23351.7,23824.9,23347.5,23250.4,22819.1,23387.4,22775.0,False
2025-08-04,348.2,177.6,538.4,530.75,23030.7,22868.2,23412.1,23352.5,22752.1,22256.1,22909.5,22821.75,True
2025-08-05,395.6,201.6,611.2,319.75,23463.4,23278.9,23896.7,23404.25,23146.9,22583.5,23325.8,23084.5,True
2025-08-06,380.3,194.0,588.1,399.75,23292.4,23115.1,23709.0,23445.25,22988.2,22446.6,23160.1,23045.5,True
2025-08-07,404.8,206.4,625.8,342.0,23593.5,23404.7,24036.9,23671.0,23269.7,22693.2,23452.7,23329.0,True
2025-08-08,383.0,195.3,592.2,264.75,23657.9,23479.2,24077.4,23767.75,23351.5,22806.0,23524.6,23503.0,True
2025-08-11,346.4,176.8,536.0,217.0,23859.9,23698.3,24239.3,23804.5,23582.8,23089.4,23739.4,23587.5,True
2025-08-12,305.4,155.9,472.8,357.5,23766.4,23623.9,24100.9,23953.5,23522.1,23087.1,23660.1,23596.0,True
2025-08-13,333.1,170.0,515.6,182.5,24078.6,23923.2,24443.4,24068.5,23812.2,23337.7,23962.6,23886.0,True
2025-08-14,283.3,144.7,438.8,214.5,24066.0,23933.9,24376.3,24007.75,23839.6,23435.9,23967.4,23793.25,True
2025-08-15,272.9,139.5,423.1,228.5,24045.6,23918.4,24344.5,23963.0,23827.4,23438.7,23950.7,23734.5,True
2025-08-18,268.2,137.1,415.7,162.75,23917.2,23792.1,24210.9,23881.75,23702.6,23320.7,23823.8,23719.0,True
2025-08-19,250.1,128.1,386.7,412.0,23903.3,23786.6,24177.2,23838.0,23703.3,23347.0,23816.2,23426.0,True
2025-08-20,283.6,145.4,438.8,450.5,23589.2,23456.9,23899.8,23485.5,23362.3,22958.4,23490.4,23035.0,True
2025-08-21,321.3,164.4,498.9,250.25,23459.5,23309.7,23811.4,23369.25,23202.5,22745.0,23347.7,23119.0,True
2025-08-22,303.9,157.3,471.6,573.25,23347.9,23206.3,23680.8,23650.0,23104.9,22672.1,23242.2,23076.75,True
2025-08-25,384.2,198.6,597.6,173.0,23731.8,23552.7,24152.6,23616.25,23424.5,22877.4,23598.1,23443.25,True
2025-08-26,335.8,173.6,522.3,239.5,23639.9,23483.4,24007.7,23611.0,23371.3,22893.1,23523.0,23371.5,True
2025-08-27,334.7,174.1,520.4,254.25,23732.7,23576.7,24099.3,23689.0,23465.0,22988.4,23616.2,23434.75,True
2025-08-28,317.8,165.3,494.2,316.25,23762.8,23614.7,24110.9,23803.75,23508.6,23056.1,23652.2,23487.5,True
2025-08-29,335.9,174.6,522.1,364.5,23910.7,23754.1,24278.6,23762.0,23642.0,23163.7,23793.8,23397.5,True
2025-09-02,311.8,162.1,484.5,527.25,23593.2,23447.9,23934.7,23552.5,23343.8,22899.9,23484.7,23025.25,True
2025-09-03,364.7,189.3,567.3,227.0,23428.8,23258.8,23828.2,23525.25,23137.1,22617.9,23301.9,23298.25,True
2025-09-04,328.2,170.4,510.6,298.75,23587.1,23434.2,23946.6,23708.75,23324.6,22857.4,23472.9,23410.0,True
2025-09-05,342.4,177.8,532.7,397.0,23812.4,23652.8,24187.4,23902.0,23538.5,23051.1,23693.2,23505.0,True
2025-09-08,363.1,188.4,564.6,237.75,23837.1,23667.9,24234.8,23888.0,23546.7,23029.8,23710.7,23650.25,True
2025-09-09,329.1,170.9,512.1,195.25,23938.6,23785.2,24299.0,23921.25,23675.3,23206.8,23824.0,23726.0,True
2025-09-10,285.7,148.4,444.7,259.25,23994.5,23861.4,24307.4,24044.25,23766.0,23359.2,23895.0,23785.0,True
2025-09-11,298.0,154.6,463.4,208.0,24003.5,23864.6,24329.8,24046.0,23765.1,23340.8,23899.7,23838.0,True
2025-09-12,281.7,146.2,438.1,190.0,24136.6,24005.3,24445.0,24159.0,23911.3,23510.2,24038.5,23969.0,True
2025-09-15,253.1,131.4,393.8,239.5,24220.0,24102.1,24497.2,24315.5,24017.6,23657.2,24131.9,24076.0,True
2025-09-16,261.8,136.1,407.1,145.25,24419.7,24297.7,24706.4,24403.5,24210.4,23837.6,24328.5,24258.25,True
2025-09-17,239.4,124.7,373.0,308.75,24385.0,24273.4,24647.1,24312.5,24193.6,23852.7,24301.6,24003.75,True
2025-09-18,267.0,138.9,415.5,321.0,24335.1,24210.7,24627.5,24569.5,24121.7,23741.5,24242.1,24248.5,False
2025-09-19,286.9,149.1,446.1,162.5,24581.3,24447.6,24895.4,24575.0,24352.0,23943.4,24481.6,24412.5,True
2025-09-22,259.4,135.0,403.9,278.5,24677.5,24556.6,24961.5,25027.25,24470.2,24100.8,24587.3,24748.75,False
2025-09-23,282.1,146.8,439.1,245.5,25122.0,24990.5,25431.1,25026.0,24896.5,24494.8,25023.9,24780.5,True
2025-09-24,285.8,148.8,445.2,286.5,24947.8,24814.6,25261.0,24913.5,24719.4,24312.4,24848.5,24627.0,True
2025-09-25,282.1,146.9,439.5,371.0,24858.3,24726.8,25167.4,24793.5,24632.8,24231.1,24760.2,24422.5,True
2025-09-26,297.2,154.7,462.7,227.5,24754.6,24616.1,25080.3,24747.5,24517.1,24093.9,24651.3,24520.0,True
2025-09-29,288.6,150.5,448.3,253.75,24848.5,24714.0,25164.7,24975.5,24617.8,24206.9,24748.2,24721.75,True
2025-09-30,290.0,151.3,450.9,191.5,24960.1,24825.0,25277.8,24913.75,24728.3,24315.4,24859.3,24722.25,True
2025-10-01,273.9,143.0,426.0,403.5,25017.3,24889.7,25317.4,25036.75,24798.4,24408.4,24922.1,24633.25,True
2025-10-02,312.4,163.2,484.0,186.25,25149.3,25003.7,25491.6,25180.0,24899.6,24454.8,25040.7,24993.75,True
2025-10-03,262.2,137.0,406.3,273.25,25220.6,25098.4,25507.9,25196.5,25011.0,24637.7,25129.5,24923.25,True
2025-10-06,277.4,144.9,429.7,257.75,25109.0,24979.8,25412.9,25252.75,24887.3,24492.3,25012.6,24995.0,True
2025-10-07,277.3,144.7,429.2,290.25,25301.7,25172.5,25605.5,25275.0,25080.1,24685.3,25205.3,24984.75,True
2025-10-08,287.4,150.0,444.7,338.5,25160.5,25026.6,25475.3,25364.75,24930.8,24521.6,25060.6,25026.25,True
2025-10-09,290.1,151.4,448.9,233.25,25453.4,25318.2,25771.2,25394.0,25221.5,24808.5,25352.5,25160.75,True
2025-10-10,282.4,147.4,437.0,1229.5,25408.4,25276.8,25717.8,25388.0,25182.7,24780.6,25310.2,24158.5,False
2025-10-13,453.1,235.0,699.8,423.0,24588.1,24377.1,25084.5,24965.0,24225.8,23580.3,24430.6,24542.0,False
2025-10-14,432.4,224.3,667.8,623.25,25104.6,24903.2,25578.3,25044.25,24759.0,24142.9,24955.1,24421.0,True
2025-10-15,487.3,252.7,752.1,451.75,24968.0,24741.1,25501.9,25115.0,24578.4,23884.2,24799.5,24663.25,True
2025-10-16,487.8,252.9,752.8,536.0,25130.2,24903.0,25664.6,25179.5,24740.4,24045.3,24961.5,24643.5,True
2025-10-17,529.0,274.4,816.6,645.75,25054.4,24808.0,25633.9,25055.75,24631.4,23877.8,24871.3,24410.0,True
2025-10-20,499.6,259.0,770.7,398.75,25197.3,24964.5,25744.5,25354.5,24797.6,24086.1,25024.3,24955.75,True
2025-10-21,476.5,247.3,736.0,164.75,25506.3,25284.3,26028.2,25368.0,25125.3,24446.5,25341.3,25203.25,True
2025-10-22,389.6,201.2,602.7,533.5,25459.1,25277.6,25885.9,25338.25,25147.7,24592.6,25324.2,24804.75,True
2025-10-23,451.9,233.1,698.0,359.0,25229.9,25019.4,25724.9,25296.0,24868.6,24224.8,25073.4,24937.0,True
2025-10-24,420.3,216.8,649.0,294.75,25431.3,25235.5,25891.7,25570.75,25095.4,24496.5,25285.7,25276.0,True
2025-10-27,376.6,194.2,581.5,313.5,25668.1,25492.7,26080.6,26013.5,25367.1,24830.5,25537.7,25700.0,False
2025-10-28,373.6,192.8,577.5,288.5,26121.4,25947.3,26530.6,26231.5,25822.7,25290.5,25992.5,25943.0,True
2025-10-29,386.0,199.3,596.8,330.5,26326.4,26146.6,26749.1,26379.75,26017.8,25467.9,26193.2,26049.25,True
2025-10-30,368.4,190.4,570.0,546.0,26417.9,26246.3,26821.4,26399.0,26123.5,25598.6,26290.8,25853.0,True
2025-10-31,409.6,212.4,632.4,385.25,26055.6,25864.8,26504.2,26274.0,25728.2,25144.6,25914.2,25888.75,True
2025-11-03,405.4,210.3,626.0,253.25,26175.1,25986.2,26619.0,26266.0,25851.0,25273.4,26035.2,26012.75,True
2025-11-04,381.8,200.8,589.4,581.75,26264.4,26086.5,26682.5,26104.5,25959.2,25415.2,26132.6,25522.75,True
2025-11-05,448.1,235.4,690.9,598.0,25764.3,25555.6,26255.0,25880.0,25406.2,24767.8,25609.7,25282.0,True
2025-11-06,488.7,257.0,751.1,624.5,25952.5,25724.8,26487.6,25822.25,25561.8,24865.6,25783.8,25197.75,True
2025-11-07,496.3,262.1,761.5,645.5,25453.7,25222.5,25997.1,25354.75,25056.9,24349.9,25282.4,24709.25,True
2025-11-10,530.6,280.3,814.1,491.5,25390.1,25143.0,25971.2,25760.5,24966.0,24210.1,25207.0,25269.0,False
2025-11-11,555.3,293.2,851.6,290.25,25948.8,25690.2,26556.9,25768.75,25504.9,24713.9,25757.3,25478.5,True
2025-11-12,480.4,253.6,736.6,341.25,25843.4,25619.7,26369.5,25830.0,25459.4,24775.1,25677.7,25488.75,True
2025-11-13,462.7,245.2,709.0,719.0,25819.0,25603.5,26325.6,25721.5,25449.1,24790.0,25659.4,25002.5,True
2025-11-14,504.3,267.1,773.0,667.25,25307.5,25072.7,25859.7,25293.25,24904.4,24186.1,25133.6,24626.0,True
2025-11-17,507.9,268.7,777.7,629.5,25308.3,25071.8,25864.4,25361.25,24902.3,24178.9,25133.1,24731.75,True
2025-11-18,516.3,273.0,790.2,583.25,25096.8,24856.4,25662.2,24959.5,24684.0,23948.7,24918.7,24376.25,True
2025-11-19,536.0,283.7,819.0,543.0,24821.9,24572.3,25408.8,24988.0,24393.1,23630.0,24637.0,24445.0,True
2025-11-20,558.8,295.5,853.0,1236.75,24957.5,24697.3,25569.4,25310.0,24510.7,23715.0,24764.8,24073.25,True
2025-11-21,673.3,355.0,1029.5,691.75,24415.6,24102.0,25152.8,24596.25,23877.0,22918.4,24183.3,23904.5,True
2025-11-24,645.5,340.2,986.4,631.75,24577.9,24277.3,25284.6,24993.5,24061.7,23142.5,24355.2,24361.75,False
2025-11-25,662.3,349.2,1012.5,533.25,25227.7,24919.3,25952.8,25135.25,24698.3,23755.0,24999.4,24602.0,True
2025-11-26,650.2,343.2,995.1,314.75,25359.8,25057.1,26071.7,25376.0,24839.9,23914.1,25135.7,25061.25,True
2025-11-28,596.1,314.1,913.3,214.0,25553.8,25276.2,26206.4,25499.75,25077.2,24228.3,25348.3,25285.75,True
2025-12-01,475.4,250.0,730.3,352.75,25682.6,25461.2,26203.0,25546.0,25302.6,24625.5,25518.7,25193.25,True
2025-12-02,460.2,242.0,707.2,345.25,25585.4,25371.2,26089.2,25670.0,25217.5,24562.2,25426.8,25324.75,True
2025-12-03,423.6,222.9,651.3,263.75,25784.7,25587.5,26248.4,25685.25,25446.1,24842.9,25638.7,25421.5,True
2025-12-04,374.6,197.4,576.6,243.75,25815.5,25641.2,26225.6,25732.5,25516.1,24982.7,25686.4,25488.75,True
2025-12-05,360.2,189.9,554.7,288.25,25774.7,25607.1,26169.0,25868.0,25486.7,24973.9,25650.6,25579.75,True
2025-12-08,375.3,197.9,578.0,296.0,25890.3,25715.7,26301.1,25860.75,25590.3,25055.9,25761.0,25564.75,True
2025-12-09,364.2,192.1,561.1,175.75,25817.7,25648.2,26216.2,25735.75,25526.4,25007.9,25692.1,25560.0,True
2025-12-10,317.3,166.8,489.2,342.0,25833.6,25686.0,26180.8,25870.75,25580.0,25128.2,25724.2,25528.75,True
2025-12-11,351.0,184.5,541.2,478.5,25946.1,25782.8,26330.1,25861.5,25665.4,25165.7,25825.1,25383.0,True
2025-12-12,395.1,208.2,608.1,615.25,25880.2,25696.4,26312.5,25733.25,25564.1,25001.8,25744.0,25118.0,True
2025-12-15,444.3,233.8,685.4,376.75,25400.9,25194.2,25887.0,25410.0,25045.5,24413.2,25247.8,25033.25,True
2025-12-16,429.6,226.0,662.5,374.5,25274.5,25074.6,25744.4,25202.5,24930.8,24319.4,25126.4,24828.0,True
2025-12-17,447.7,235.8,688.9,611.5,25327.9,25119.6,25817.6,25266.0,24969.7,24332.6,25173.5,24654.5,True
2025-12-18,494.1,260.0,759.4,502.5,24877.2,24647.4,25417.6,25178.0,24481.9,23778.8,24706.9,24675.5,True
2025-12-19,494.4,260.0,759.6,182.5,25236.8,25006.9,25777.6,25160.0,24841.3,24137.7,25066.4,24977.5,True
2025-12-22,396.0,207.5,608.9,166.75,25299.8,25115.7,25732.9,25794.75,24983.1,24419.5,25163.3,25628.0,False
2025-12-23,374.0,196.0,575.1,214.25,25850.0,25676.1,26259.7,25822.5,25550.9,25018.6,25721.2,25608.25,True
2025-12-24,354.2,186.3,544.5,114.5,25961.6,25797.0,26349.7,25892.0,25678.4,25174.3,25839.7,25777.5,True
2025-12-26,268.3,140.9,413.4,101.0,25993.7,25868.9,26287.6,25935.25,25779.2,25397.3,25901.3,25834.25,True
2025-12-29,205.8,107.8,316.5,245.75,25950.0,25854.4,26175.5,25893.75,25785.6,25492.6,25879.2,25648.0,True
2025-12-30,232.5,121.8,357.5,125.5,25837.8,25729.7,26092.5,25793.75,25651.9,25321.0,25757.8,25668.25,True
2025-12-31,206.6,108.2,317.8,287.75,25762.4,25666.4,25988.7,25716.75,25597.3,25303.2,25691.2,25429.0,True
2026-01-02,237.1,124.2,364.6,538.5,25556.7,25446.6,25816.5,25803.75,25367.2,25029.7,25475.1,25265.25,True
2026-01-05,315.9,165.4,485.2,301.5,25518.5,25371.7,25864.5,25708.0,25265.8,24816.3,25409.7,25406.5,True
2026-01-06,320.2,167.5,491.5,310.25,25712.8,25564.0,26063.6,25837.75,25456.8,25001.1,25602.5,25527.5,True
2026-01-07,332.2,173.8,509.8,269.25,25962.1,25807.8,26326.0,25996.25,25696.6,25223.7,25847.7,25727.0,True
2026-01-08,341.5,178.8,524.5,280.75,25982.8,25824.1,26356.9,25849.75,25709.9,25223.8,25865.2,25569.0,True
2026-01-09,340.2,178.0,522.4,370.0,25831.0,25672.9,26203.6,25985.5,25559.1,25074.9,25713.8,25615.5,True
2026-01-12,337.3,176.5,517.8,387.75,26080.5,25923.8,26450.0,26020.5,25810.9,25330.8,25964.4,25632.75,True
2026-01-13,350.9,183.6,538.8,242.25,26104.7,25941.7,26489.1,26045.5,25824.3,25324.9,25983.9,25803.25,True
2026-01-14,322.0,168.7,494.9,505.0,26041.8,25892.2,26394.5,25925.75,25784.4,25326.2,25930.9,25420.75,True
2026-01-15,373.7,195.7,577.8,390.25,25788.6,25615.0,26197.9,25952.75,25489.7,24958.1,25659.9,25562.5,True
2026-01-16,372.4,194.8,575.2,299.5,25862.8,25689.9,26270.7,25891.0,25565.1,25035.2,25734.6,25591.5,True
2026-01-20,352.5,184.4,544.3,376.75,25837.6,25674.0,26223.8,25472.0,25555.9,25054.3,25716.3,25095.25,False
2026-01-21,353.5,184.8,545.7,628.5,25278.3,25113.8,25665.5,25653.5,24995.7,24492.7,25156.6,25025.0,True
2026-01-22,423.9,221.2,654.9,256.0,25649.8,25452.4,26114.1,25739.75,25311.0,24707.7,25503.8,25483.75,True
2026-01-23,357.2,186.5,551.9,305.5,25808.9,25642.6,26200.1,25845.75,25523.4,25015.1,25685.9,25540.25,True
2026-01-26,359.0,187.5,555.1,571.25,25889.7,25722.5,26282.8,25936.5,25602.8,25091.8,25766.0,25365.25,True
2026-01-27,423.2,220.9,658.1,279.5,26027.0,25830.0,26490.5,26118.0,25688.8,25086.5,25881.2,25838.5,True
2026-01-28,383.9,200.5,597.4,355.75,26235.0,26056.2,26655.4,26349.0,25928.1,25381.8,26102.7,25993.25,True
2026-01-29,369.1,193.0,575.0,760.0,26312.0,26140.1,26716.2,26296.0,26017.0,25491.7,26184.8,25536.0,True
2026-01-30,467.0,243.7,726.7,451.25,26196.3,25978.8,26707.6,26020.0,25823.0,25158.4,26035.3,25568.75,True
2026-02-02,451.6,235.5,702.2,769.25,25860.5,25650.2,26355.0,25949.5,25499.5,24856.9,25704.9,25180.25,True
2026-02-03,517.9,269.6,807.0,808.75,26068.5,25827.3,26635.6,26027.75,25654.5,24917.6,25890.0,25219.0,True
2026-02-04,574.2,298.5,895.5,730.75,25694.2,25426.9,26323.0,25514.25,25235.1,24418.2,25496.4,24783.5,True
2026-02-05,597.8,312.1,930.5,761.75,25251.4,24973.1,25906.0,25169.0,24773.3,23923.0,25045.4,24407.25,True
2026-02-06,606.2,316.3,942.9,982.25,24906.7,24624.5,25570.5,25222.0,24421.8,23559.6,24697.8,24239.75,True
2026-02-09,705.9,367.8,1097.4,473.25,25461.0,25132.4,26234.0,25428.75,24896.4,23892.4,25217.8,24955.5,True
2026-02-10,629.9,329.0,980.7,249.0,25619.7,25326.5,26309.4,25447.25,25115.9,24220.0,25402.7,25198.25,True
2026-02-11,534.8,277.9,833.4,407.0,25443.8,25194.9,26029.4,25465.25,25016.1,24255.5,25259.6,25058.25,True
2026-02-12,539.8,280.5,841.1,698.25,25516.2,25264.9,26107.2,25419.75,25084.6,24316.8,25330.2,24721.5,True
2026-02-13,561.1,291.5,874.2,416.75,25004.6,24743.5,25619.0,24995.5,24555.9,23758.0,24811.3,24578.75,True
2026-02-17,473.3,246.2,738.2,473.0,25002.8,24782.6,25521.0,24922.25,24624.5,23951.3,24839.8,24449.25,True
2026-02-18,480.0,249.8,748.9,427.5,24970.2,24746.8,25495.7,25128.25,24586.3,23903.8,24804.8,24700.75,True
2026-02-19,498.1,259.5,778.1,305.0,25166.0,24934.3,25711.3,25054.0,24767.9,24059.5,24994.5,24749.0,True
2026-02-20,466.6,243.1,728.9,461.0,25055.5,24838.4,25566.3,25139.5,24682.4,24019.0,24894.8,24678.5,True
2026-02-23,470.6,246.4,734.4,391.75,25265.9,25047.0,25781.0,25059.75,24889.6,24220.6,25103.8,24668.0,True
2026-02-24,449.7,236.0,701.3,384.25,24952.4,24743.2,25444.6,25078.75,24592.7,23953.5,24797.5,24694.5,True
2026-02-25,445.9,234.0,695.1,502.75,25216.8,25009.4,25704.8,25494.75,24860.2,24226.4,25063.2,24992.0,True
2026-02-26,477.1,250.4,743.9,556.5,25583.2,25361.3,26105.3,25418.25,25201.7,24523.5,25418.8,24861.75,True
2026-02-27,504.0,264.6,786.3,316.75,25293.5,25059.1,25845.0,25098.75,24890.5,24174.2,25119.9,24782.0,True
2026-03-02,455.8,239.3,711.0,624.0,25197.0,24985.0,25695.7,25101.0,24832.4,24184.7,25039.9,24477.0,True
2026-03-03,524.4,275.5,817.3,659.0,25246.4,25002.5,25820.1,25011.0,24827.0,24081.8,25065.7,24352.0,True
2026-03-04,551.1,289.3,858.2,718.75,24988.1,24731.9,25591.0,25217.75,24547.4,23764.3,24798.3,24499.0,True
2026-03-05,594.0,312.0,921.6,477.5,25378.7,25102.6,26028.5,25250.0,24903.6,24059.7,25174.1,24772.5,True
2026-03-06,551.4,289.9,856.5,540.5,25282.0,25025.7,25885.2,25141.5,24840.9,24057.7,25092.0,24601.0,True
2026-03-09,570.2,299.5,884.9,1058.0,24910.6,24645.6,25534.3,25058.0,24454.5,23644.6,24714.2,24000.0,True
2026-03-10,679.6,356.4,1057.3,387.5,25277.6,24961.7,26020.8,25217.5,24733.8,23768.7,25043.4,24830.0,True
2026-03-11,572.5,300.4,890.9,306.5,25223.9,24957.8,25850.0,25180.0,24765.9,23952.9,25026.7,24873.5,True
2026-03-12,508.1,266.7,791.3,431.5,25197.6,24961.6,25753.4,24949.25,24791.3,24069.7,25022.7,24517.75,False
2026-03-13,515.3,270.5,802.4,471.5,24777.2,24537.3,25340.7,24805.25,24365.0,23633.3,24599.7,24333.75,True
2026-03-16,515.5,270.8,803.3,538.25,24611.5,24371.6,25175.3,24816.25,24199.2,23467.3,24434.0,24278.0,True
2026-03-17,476.8,250.3,742.6,379.0,24876.8,24654.8,25398.1,24896.0,24495.3,23818.4,24712.5,24517.0,True
2026-03-18,454.5,238.8,708.4,639.0,24987.2,24775.5,25484.0,24989.0,24623.5,23978.3,24830.5,24350.0,True
2026-03-19,516.8,271.1,804.1,390.25,24652.4,24411.8,25217.3,24505.25,24239.0,23505.3,24474.3,24115.0,True
2026-03-20,483.1,253.9,751.3,335.25,24567.7,24342.8,25095.8,24444.0,24181.2,23495.5,24401.2,24108.75,True
2026-03-23,458.5,241.1,713.2,990.5,24485.1,24271.6,24986.2,24763.0,24118.2,23467.5,24327.1,23772.5,True
2026-03-24,587.8,308.2,913.7,416.0,24656.1,24382.4,25298.5,24550.0,24185.7,23351.6,24453.5,24134.0,True
2026-03-25,529.9,277.9,823.9,253.25,24437.1,24190.5,25016.3,24539.75,24013.1,23261.2,24254.6,24286.5,False
2026-03-26,466.0,244.4,724.5,658.0,24564.3,24347.3,25073.5,24421.25,24191.3,23530.1,24403.8,23763.25,True
2026-03-27,541.4,283.8,841.3,743.5,24022.5,23770.5,24614.1,23976.0,23589.3,22821.1,23836.1,23232.5,True
2026-03-30,586.8,307.6,912.0,549.5,23575.8,23302.8,24217.1,23574.0,23106.3,22273.9,23373.9,23024.5,True
2026-03-31,523.1,274.2,812.9,1013.75,23360.2,23116.8,23931.8,23975.25,22941.7,22199.6,23180.2,22961.5,False
2026-04-01,662.7,347.5,1030.3,468.25,24194.3,23885.9,24920.4,24348.25,23664.1,22724.1,23966.3,23880.0,True
2026-04-02,628.0,329.7,977.5,600.75,24459.5,24167.2,25147.4,24266.75,23957.0,23066.2,24243.3,23666.0,True
2026-04-06,641.4,338.2,997.3,470.75,24488.3,24189.9,25191.0,24452.25,23975.2,23065.5,24267.6,23981.5,True
2026-04-07,596.2,314.4,927.3,510.0,24609.8,24332.4,25262.9,24451.5,24132.8,23287.2,24404.6,23941.5,True
2026-04-08,595.5,314.5,927.4,902.0,24622.0,24344.9,25274.4,25257.0,24145.5,23301.0,24417.0,24355.0,True
2026-04-09,643.2,339.5,1001.3,316.75,25345.3,25046.1,26050.0,25269.75,24830.7,23918.7,25124.0,24953.0,True
2026-04-10,543.4,285.8,847.3,200.0,25480.5,25227.7,26075.8,25393.0,25045.8,24275.3,25293.5,25193.0,True
2026-04-13,471.2,247.6,734.6,694.75,25479.8,25260.6,25996.0,25599.25,25102.9,24434.8,25317.7,24904.5,True
2026-04-14,580.0,304.3,902.5,443.25,25787.9,25518.1,26423.3,26003.25,25323.9,24501.6,25588.3,25560.0,True
2026-04-15,549.4,288.4,855.4,443.75,26228.3,25972.7,26830.1,26377.5,25788.8,25009.9,26039.2,25933.75,True
2026-04-16,497.1,261.0,774.0,288.5,26575.0,26343.7,27119.5,26564.0,26177.4,25472.6,26403.9,26275.5,True
2026-04-17,465.1,244.6,725.3,444.75,26683.3,26466.9,27192.7,26884.75,26311.3,25651.9,26523.2,26440.0,True
2026-04-20,522.8,274.9,815.2,292.75,27045.8,26802.6,27618.5,26827.75,26627.7,25886.6,26865.9,26535.0,True
2026-04-21,441.5,232.5,689.4,350.0,26934.8,26729.4,27418.4,26901.75,26581.7,25955.9,26782.9,26551.75,True
2026-04-22,434.4,228.9,678.5,408.25,26817.8,26615.8,27293.7,27136.0,26470.4,25854.7,26668.3,26727.75,False
2026-04-23,444.0,234.2,691.8,474.0,27270.1,27063.6,27756.5,27155.75,26915.0,26285.7,27117.5,26681.75,True
2026-04-24,463.4,244.2,721.3,470.5,27129.3,26913.7,27636.9,27462.5,26758.6,26101.9,26970.0,26992.0,False
2026-04-27,474.8,250.7,738.2,244.0,27635.1,27414.3,28155.1,27542.5,27255.3,26582.4,27473.4,27298.5,True
2026-04-28,431.5,227.6,672.3,502.5,27622.4,27421.7,28094.9,27512.0,27277.2,26665.7,27475.4,27009.5,True
2026-04-29,478.7,252.5,745.8,320.0,27370.5,27147.9,27894.7,27414.0,26987.6,26309.2,27207.4,27094.0,True
2026-04-30,439.9,232.2,685.9,459.5,27510.6,27306.1,27992.3,27622.75,27158.8,26535.4,27360.8,27163.25,True
2026-05-01,458.6,242.0,714.9,380.75,27789.3,27576.0,28291.4,27917.0,27422.5,26772.6,27633.0,27536.25,True
2026-05-04,430.1,226.9,670.3,352.75,28017.0,27817.0,28487.9,27965.75,27673.1,27063.5,27870.4,27613.0,True
2026-05-05,434.6,229.7,676.5,515.25,27959.2,27757.1,28435.0,28247.0,27611.6,26995.7,27811.0,27731.75,True
2026-05-06,459.0,242.3,713.7,557.0,28329.5,28116.1,28831.9,28800.0,27962.4,27311.9,28172.9,28243.0,False
2026-05-07,498.6,264.2,774.1,392.75,28926.9,28695.1,29472.7,28944.75,28528.2,27821.6,28757.8,28552.0,True
2026-05-08,464.7,246.2,721.5,845.75,28878.2,28662.1,29386.7,29386.75,28506.6,27847.9,28720.5,28541.0,False
2026-05-11,568.2,303.4,882.8,254.25,29572.1,29307.9,30194.2,29480.0,29117.7,28312.4,29379.2,29225.75,True
2026-05-12,481.1,254.7,748.9,713.75,29626.9,29403.2,30153.6,29455.75,29242.1,28560.3,29463.5,28742.0,True
2026-05-13,562.4,297.7,875.3,510.0,29407.1,29145.7,30022.9,29565.5,28957.4,28160.3,29216.2,29055.5,True
2026-05-14,536.3,286.5,833.9,333.75,29705.4,29456.0,30292.6,29782.0,29276.5,28516.4,29523.3,29448.25,True
2026-05-15,504.3,269.4,784.2,644.25,29900.4,29665.9,30452.5,29734.0,29497.3,28782.4,29729.1,29089.75,True
2026-05-18,513.8,274.2,798.1,605.0,29448.4,29209.6,30010.9,29419.75,29037.5,28309.3,29273.9,28814.75,True
2026-05-19,550.5,293.4,854.0,525.5,29328.1,29072.2,29930.8,29188.5,28887.9,28107.7,29141.2,28663.0,True
2026-05-20,521.0,277.7,808.3,600.25,29143.8,28901.8,29714.4,29397.5,28727.3,27988.9,28967.0,28797.25,True
2026-05-21,551.6,294.5,854.7,441.0,29623.0,29366.7,30227.0,29554.0,29182.0,28400.3,29435.7,29113.0,True
2026-05-22,543.9,290.5,843.0,313.0,29676.5,29423.8,30272.1,29749.0,29241.6,28470.9,29491.8,29436.0,True
2026-05-26,490.8,262.2,760.7,442.5,29765.7,29537.6,30303.0,30118.75,29373.2,28677.7,29598.9,29676.25,False
2026-05-27,500.1,267.2,775.1,501.5,30284.4,30052.0,30831.9,30379.0,29884.5,29175.8,30115.0,29877.5,True
2026-05-28,501.1,267.7,776.6,581.5,30258.6,30025.7,30807.1,30344.5,29857.8,29147.7,30088.8,29763.0,True
2026-05-29,513.4,274.5,795.2,319.5,30523.5,30285.0,31085.5,30536.0,30112.9,29385.4,30349.5,30216.5,True
2026-06-01,462.2,247.4,716.7,401.5,30600.2,30385.4,31106.1,30693.0,30230.5,29575.6,30443.5,30291.5,True
2026-06-02,486.0,260.2,753.7,445.5,30771.2,30545.4,31303.2,30763.25,30382.5,29693.9,30606.5,30317.75,True
2026-06-03,491.1,263.2,762.4,329.5,30919.8,30691.7,31457.4,30807.75,30527.1,29831.2,30753.4,30478.25,True
2026-06-04,452.2,242.7,701.5,452.25,30823.9,30613.9,31318.9,30603.25,30462.3,29821.5,30670.7,30151.0,False
2026-06-05,451.4,242.2,700.1,1640.75,30678.6,30468.4,31172.7,30422.0,30317.6,29678.0,30525.6,28781.25,False
2026-06-08,673.7,359.0,1039.7,920.75,29310.6,28996.6,30048.1,29743.0,28771.7,27815.5,29082.3,28822.25,True
2026-06-09,704.8,375.5,1087.1,1620.5,29752.0,29423.5,30523.4,29848.25,29188.3,28188.0,29513.1,28227.75,True
2026-06-10,884.5,470.5,1367.2,841.0,29490.0,29077.7,30458.2,29250.0,28782.5,27527.3,29190.2,28409.0,True
2026-06-11,848.7,451.3,1311.4,1278.5,28911.9,28516.3,29840.9,29544.25,28233.0,27028.7,28624.2,28265.75,True
2026-06-12,1021.7,542.8,1576.4,530.0,29895.6,29419.4,31013.9,29760.0,29078.4,27628.7,29549.3,29230.0,True
2026-06-15,836.9,444.6,1293.5,705.5,30014.9,29624.9,30931.0,30612.5,29345.6,28158.1,29731.2,29907.0,False
2026-06-16,874.1,464.6,1350.1,707.75,30927.8,30520.5,31884.6,30664.5,30228.8,28988.6,30632.1,29956.75,True
2026-06-17,773.9,411.9,1192.6,652.5,30321.3,29960.7,31168.4,30268.5,29702.4,28604.4,30059.5,29616.0,True
2026-06-18,740.7,398.4,1140.5,527.25,29999.8,29654.7,30810.6,30285.75,29407.4,28356.7,29749.2,29758.5,False
2026-06-22,653.7,351.9,1007.5,630.5,30539.0,30234.4,31254.5,30968.0,30016.2,29088.9,30318.3,30337.5,False
2026-06-23,685.1,368.8,1055.8,1124.0,30942.4,30623.2,31692.2,30701.25,30394.5,29422.7,30711.5,29577.25,True
2026-06-24,759.3,407.9,1172.3,893.0,29986.2,29632.4,30817.2,30157.75,29378.9,28302.0,29730.2,29264.75,True
2026-06-25,767.0,411.9,1183.7,968.0,29837.7,29480.3,30677.1,30263.75,29224.2,28136.4,29579.1,29295.75,True
2026-06-26,824.4,442.8,1272.7,732.25,30072.4,29688.3,30974.7,29892.75,29413.0,28243.9,29794.4,29160.5,True
2026-06-29,811.9,436.1,1253.4,795.75,29710.6,29332.3,30599.2,30069.5,29061.2,27909.9,29436.9,29273.75,True
2026-06-30,862.9,463.8,1332.9,665.0,30416.6,30014.6,31361.0,30599.75,29726.5,28502.9,30125.6,29934.75,True
2026-07-01,814.1,437.5,1257.5,545.25,30866.8,30487.5,31757.8,30553.75,30215.7,29061.4,30592.2,30008.5,True
2026-07-02,748.7,402.6,1157.0,991.5,30410.0,30061.2,31229.3,30320.0,29811.2,28749.7,30157.5,29328.5,True
2026-07-06,799.9,434.8,1233.9,411.0,29893.3,29520.6,30768.7,30094.0,29253.5,28119.5,29623.5,29683.0,False
2026-07-07,699.6,375.6,1079.3,763.75,30236.0,29910.1,31001.6,29973.75,29676.5,28684.7,30000.9,29210.0,True
2026-07-08,737.3,395.7,1137.2,649.0,29702.4,29358.9,30509.3,29558.75,29112.7,28067.6,29454.7,28909.75,True
2026-07-09,727.1,391.5,1120.8,598.5,29775.1,29436.4,30570.8,29993.5,29193.5,28162.9,29530.8,29395.0,True
2026-07-10,726.4,391.5,1120.9,402.75,30243.3,29904.9,31038.2,30077.75,29662.3,28632.7,29999.2,29675.0,True
2026-07-13,624.9,337.0,964.9,654.5,30295.8,30004.7,30979.5,30041.0,29796.0,28910.2,30085.7,29386.5,True
2026-07-14,663.7,357.7,1024.1,618.25,29755.6,29446.5,30481.8,29921.75,29224.8,28284.1,29532.5,29303.5,True
2026-07-15,648.3,350.1,1001.6,665.5,30063.6,29761.6,30772.9,30062.5,29545.1,28626.2,29845.7,29397.0,True
2026-07-16,643.2,347.4,993.7,718.5,29964.5,29664.9,30668.1,29797.0,29450.0,28538.4,29748.2,29078.5,True
2026-07-17,654.5,353.3,1010.7,811.75,29501.7,29196.9,30217.7,29220.0,28978.2,28050.6,29281.7,28408.25,True
2026-07-20,702.1,378.8,1083.7,482.75,29069.2,28742.3,29837.3,29192.5,28507.6,27512.7,28833.2,28709.75,True
2026-07-21,645.3,348.1,995.7,663.75,29050.8,28750.3,29756.7,29364.75,28534.7,27620.2,28833.9,28701.0,True
2026-07-22,687.6,371.7,1054.2,390.25,29606.0,29285.7,30358.0,29342.25,29056.0,28081.5,29374.7,28952.0,True
2026-07-23,613.0,331.9,941.3,850.0,29439.7,29154.2,30110.1,29282.5,28949.4,28080.7,29233.6,28432.5,True
2026-07-24,678.3,366.8,1040.1,523.5,28906.6,28590.9,29648.6,28736.0,28364.1,27403.0,28678.6,28212.5,True
2026-07-27,599.8,324.3,919.6,824.25,28535.0,28255.8,29191.1,28763.25,28055.3,27205.4,28333.4,27939.0,True
2026-07-28,668.7,361.8,1019.3,624.5,28471.8,28160.5,29203.2,28228.0,27937.0,26989.5,28247.0,27603.5,True
2026-07-29,633.7,343.4,965.0,976.75,28189.1,27894.1,28882.1,28178.25,27682.2,26784.3,27976.0,27201.5,True
2026-07-30,720.6,390.7,1097.9,1212.5,27645.7,27310.3,28433.7,28414.5,27069.2,26048.3,27403.4,27202.0,True
2026-07-31,817.9,443.0,1248.2,646.0,28582.5,28201.8,29476.8,28725.75,27928.2,26769.4,28307.4,28079.75,True
2026-08-03,772.3,419.3,1178.3,650.75,28729.7,28370.3,29574.2,28964.25,28112.0,27017.8,28470.0,28313.5,True
2026-08-04,771.5,418.8,1177.1,1124.75,29217.0,28857.8,30060.4,29956.5,28599.8,27506.8,28957.4,28831.75,True
2026-08-05,899.9,488.3,1372.3,543.25,30243.0,29823.9,31226.6,30074.0,29523.0,28248.0,29940.1,29530.75,True
2026-08-06,773.8,420.6,1181.9,445.0,29941.2,29581.0,30787.1,29686.25,29322.3,28225.9,29680.9,29241.25,True
2026-08-07,668.6,367.8,1021.0,414.25,29770.0,29458.9,30500.9,29867.75,29235.3,28288.0,29545.1,29453.5,True
2026-08-10,642.0,353.7,980.2,265.25,30105.4,29806.5,30807.1,29984.0,29591.9,28682.3,29889.4,29718.75,True
2026-08-11,560.8,308.9,857.3,353.25,29973.4,29712.4,30586.3,29886.75,29524.9,28730.3,29784.7,29533.5,True
2026-08-12,486.7,268.3,743.9,377.25,29831.1,29604.6,30363.1,30001.75,29442.0,28752.3,29667.4,29624.5,True
2026-08-13,470.6,259.7,719.9,492.25,30051.6,29832.6,30565.9,30272.75,29675.3,29008.5,29893.2,29780.5,True
2026-08-14,495.5,273.1,757.2,254.5,30397.4,30166.7,30938.8,30283.0,30001.2,29299.1,30230.6,30028.5,True
2026-08-17,432.0,238.3,660.5,288.5,30323.8,30122.8,30795.9,30343.0,29978.5,29366.3,30178.4,30054.5,True
2026-08-18,436.2,240.6,666.6,607.25,30279.9,30076.8,30756.5,30121.25,29931.2,29313.0,30133.0,29514.0,True
2026-08-19,498.8,274.6,761.1,381.5,29796.2,29564.1,30341.2,29757.25,29397.5,28690.7,29628.3,29375.75,True
2026-08-20,470.9,259.6,719.3,487.0,29711.2,29492.1,30225.7,29689.75,29334.7,28667.5,29552.7,29202.75,True
2026-08-21,479.3,264.1,731.8,319.0,29502.5,29279.5,30026.1,29539.0,29119.3,28440.2,29341.2,29220.0,True
2026-08-24,465.3,256.5,710.8,533.75,29583.9,29367.3,30092.2,29480.5,29211.9,28552.6,29427.2,28946.75,True
2026-08-25,515.5,283.9,786.7,408.75,29323.0,29083.1,29886.1,29425.75,28910.9,28180.5,29149.4,29017.0,True
2026-08-26,480.7,265.0,734.4,341.75,29479.3,29255.7,30004.4,29437.75,29095.0,28414.0,29317.5,29096.0,True
2026-08-27,460.0,253.9,703.5,306.25,29483.4,29269.3,29985.8,29708.0,29115.6,28463.9,29328.5,29401.75,False
2026-08-28,436.1,240.7,666.9,375.25,29879.5,29676.6,30355.9,29811.5,29531.0,28913.0,29733.1,29436.25,True
2026-08-31,439.9,243.3,672.2,272.75,29677.1,29472.5,30157.6,29546.25,29325.5,28702.2,29529.4,29273.5,True
2026-09-01,382.6,211.6,584.7,569.25,29674.2,29496.2,30092.1,29571.25,29368.4,28826.3,29545.8,29002.0,True
2026-09-02,429.2,237.1,655.0,285.75,29306.4,29106.7,29775.1,29213.0,28963.2,28355.2,29162.3,28927.25,True
2026-09-03,386.0,213.6,589.6,509.25,29348.9,29169.3,29770.4,29584.25,29040.3,28493.5,29219.3,29075.0,True
2026-09-04,432.4,239.0,659.7,236.5,29707.0,29505.8,30179.1,29704.5,29361.3,28748.7,29561.8,29468.0,True
2026-09-08,377.4,208.6,576.0,340.0,29724.3,29548.7,30136.4,29764.75,29422.6,28887.9,29597.6,29424.75,True
2026-09-09,397.9,220.4,608.3,300.75,29706.4,29521.3,30140.9,29633.75,29388.3,28824.7,29572.8,29333.0,True
2026-09-10,361.0,199.9,551.7,465.0,29600.9,29433.0,29995.0,29508.25,29312.3,28800.9,29479.7,29043.25,True
2026-09-11,399.2,220.8,609.1,459.75,29303.5,29117.8,29739.3,29500.25,28984.3,28418.8,29169.4,29040.5,True
2026-09-14,399.2,220.5,608.5,486.75,29555.2,29369.5,29991.0,29303.0,29236.1,28670.6,29421.2,28816.25,False
2026-09-15,427.9,236.2,651.7,281.25,29332.6,29133.3,29799.6,29200.0,28990.5,28384.4,29188.9,28918.75,True
2026-09-16,390.7,215.7,595.3,488.5,29119.6,28937.7,29546.1,29252.25,28807.3,28253.9,28988.5,28763.75,True
2026-09-17,441.0,243.8,672.4,540.5,29149.3,28944.0,29630.7,29498.25,28796.7,28172.1,29001.3,28957.75,True
2026-09-18,467.7,258.1,711.7,312.5,29643.9,29426.1,30154.3,29665.25,29269.9,28607.5,29486.8,29352.75,True
2026-09-21,421.1,232.4,640.8,958.75,29791.1,29595.1,30250.7,30862.75,29454.5,28858.0,29649.7,29904.0,False
2026-09-22,563.9,310.3,855.8,395.5,31022.4,30759.9,31639.5,31065.5,30571.6,29772.9,30833.1,30670.0,True
2026-09-23,518.4,285.3,786.7,452.0,31247.0,31005.6,31814.3,31094.75,30832.5,30098.3,31072.9,30642.75,True
2026-09-24,516.3,284.3,783.9,457.5,30982.3,30742.0,31547.3,30827.5,30569.6,29838.3,30809.0,30370.0,True
2026-09-25,504.6,277.8,766.0,320.5,30979.4,30744.5,31531.5,30999.5,30576.0,29861.3,30810.0,30679.0,True
2026-09-28,483.8,266.4,734.6,564.0,31093.1,30867.9,31622.5,30920.75,30706.4,30021.1,30930.7,30356.75,True
2026-09-29,467.8,257.9,711.0,353.25,30763.4,30545.6,31275.2,30725.5,30389.4,29726.9,30606.4,30372.25,True
2026-09-30,440.8,243.0,669.9,393.75,30799.0,30593.8,31281.3,30906.0,30446.6,29822.3,30651.0,30512.25,True
2026-10-01,442.0,243.6,671.6,622.25,30885.0,30679.3,31368.6,31151.5,30531.7,29905.7,30736.6,30529.25,True
2026-10-02,491.0,270.4,745.4,522.25,30967.4,30738.9,31504.5,31282.5,30574.9,29879.5,30802.6,30760.25,True
