direction,entry,exit,pnl,open_time,close_time,reason
SHORT,1.165700,1.189900,-0.024200,2007-10-15T00:00:00+00:00,2007-10-17T01:24:00+00:00,REV
LONG,1.189900,1.184200,-0.005700,2007-10-17T01:24:00+00:00,2007-10-23T05:16:00+00:00,REV
SHORT,1.184200,1.192800,-0.008600,2007-10-23T05:16:00+00:00,2007-10-24T04:46:00+00:00,REV
LONG,1.192800,1.200000,0.007200,2007-10-24T04:46:00+00:00,2007-11-05T13:06:00+00:00,REV
SHORT,1.200000,1.198300,0.001700,2007-11-05T13:06:00+00:00,2007-11-08T00:13:00+00:00,REV
LONG,1.198300,1.188200,-0.010100,2007-11-08T00:13:00+00:00,2007-11-09T18:20:00+00:00,REV
SHORT,1.188200,1.181800,0.006400,2007-11-09T18:20:00+00:00,2007-11-19T01:43:00+00:00,REV
LONG,1.181800,1.169600,-0.012200,2007-11-19T01:43:00+00:00,2007-11-19T19:13:00+00:00,REV
SHORT,1.169600,1.162600,0.007000,2007-11-19T19:13:00+00:00,2007-11-26T06:07:00+00:00,REV
LONG,1.162600,1.154500,-0.008100,2007-11-26T06:07:00+00:00,2007-11-27T09:00:00+00:00,REV
SHORT,1.154500,1.157700,-0.003200,2007-11-27T09:00:00+00:00,2007-11-30T19:17:00+00:00,REV
LONG,1.157700,1.143400,-0.014300,2007-11-30T19:17:00+00:00,2007-12-05T00:33:00+00:00,REV
SHORT,1.143400,1.134800,0.008600,2007-12-05T00:33:00+00:00,2007-12-10T14:14:00+00:00,REV
LONG,1.134800,1.126200,-0.008600,2007-12-10T14:14:00+00:00,2007-12-12T03:30:00+00:00,REV
SHORT,1.126200,1.126700,-0.000500,2007-12-12T03:30:00+00:00,2007-12-17T02:32:00+00:00,REV
LONG,1.126700,1.134100,0.007400,2007-12-17T02:32:00+00:00,2007-12-20T16:59:00+00:00,REV
SHORT,1.134100,1.140200,-0.006100,2007-12-20T16:59:00+00:00,2007-12-24T07:21:00+00:00,REV
LONG,1.140200,1.133400,-0.006800,2007-12-24T07:21:00+00:00,2007-12-28T04:21:00+00:00,REV
SHORT,1.133400,1.142000,-0.008600,2007-12-28T04:21:00+00:00,2007-12-31T17:59:00+00:00,REV
LONG,1.142000,1.133700,-0.008300,2007-12-31T17:59:00+00:00,2008-01-07T23:50:00+00:00,REV
SHORT,1.133700,1.144700,-0.011000,2008-01-07T23:50:00+00:00,2008-01-08T17:23:00+00:00,REV
LONG,1.144700,1.136600,-0.008100,2008-01-08T17:23:00+00:00,2008-01-11T15:46:00+00:00,REV
SHORT,1.136600,1.144000,-0.007400,2008-01-11T15:46:00+00:00,2008-01-16T12:28:00+00:00,REV
LONG,1.144000,1.142100,-0.001900,2008-01-16T12:28:00+00:00,2008-01-22T17:08:00+00:00,REV
SHORT,1.142100,1.145400,-0.003300,2008-01-22T17:08:00+00:00,2008-01-25T03:10:00+00:00,REV
LONG,1.145400,1.138000,-0.007400,2008-01-25T03:10:00+00:00,2008-01-30T16:59:00+00:00,REV
SHORT,1.138000,1.144000,-0.006000,2008-01-30T16:59:00+00:00,2008-02-04T04:15:00+00:00,REV
LONG,1.144000,1.139000,-0.005000,2008-02-04T04:15:00+00:00,2008-02-06T23:45:00+00:00,REV
SHORT,1.139000,1.140300,-0.001300,2008-02-06T23:45:00+00:00,2008-02-11T02:26:00+00:00,REV
LONG,1.140300,1.146700,0.006400,2008-02-11T02:26:00+00:00,2008-02-21T17:16:00+00:00,REV
SHORT,1.146700,1.148900,-0.002200,2008-02-21T17:16:00+00:00,2008-02-27T09:18:00+00:00,REV
LONG,1.148900,1.159200,0.010300,2008-02-27T09:18:00+00:00,2008-03-04T05:37:00+00:00,REV
SHORT,1.159200,1.169400,-0.010200,2008-03-04T05:37:00+00:00,2008-03-07T06:34:00+00:00,REV
LONG,1.169400,1.161700,-0.007700,2008-03-07T06:34:00+00:00,2008-03-10T18:44:00+00:00,REV
SHORT,1.161700,1.164200,-0.002500,2008-03-10T18:44:00+00:00,2008-03-13T03:40:00+00:00,REV
LONG,1.164200,1.153600,-0.010600,2008-03-13T03:40:00+00:00,2008-03-14T09:27:00+00:00,REV
SHORT,1.153600,1.144600,0.009000,2008-03-14T09:27:00+00:00,2008-03-26T16:39:00+00:00,REV
LONG,1.144600,1.151700,0.007100,2008-03-26T16:39:00+00:00,2008-04-02T14:56:00+00:00,REV
SHORT,1.151700,1.165800,-0.014100,2008-04-02T14:56:00+00:00,2008-04-03T17:25:00+00:00,REV
LONG,1.165800,1.199200,0.033400,2008-04-03T17:25:00+00:00,2008-05-02T04:11:00+00:00,REV
SHORT,1.199200,1.207400,-0.008200,2008-05-02T04:11:00+00:00,2008-05-06T00:37:00+00:00,REV
LONG,1.207400,1.224700,0.017300,2008-05-06T00:37:00+00:00,2008-05-14T12:03:00+00:00,REV
SHORT,1.224700,1.235100,-0.010400,2008-05-14T12:03:00+00:00,2008-05-15T09:01:00+00:00,REV
LONG,1.235100,1.233200,-0.001900,2008-05-15T09:01:00+00:00,2008-05-22T05:49:00+00:00,REV
SHORT,1.233200,1.225400,0.007800,2008-05-22T05:49:00+00:00,2008-05-28T17:54:00+00:00,REV
LONG,1.225400,1.217200,-0.008200,2008-05-28T17:54:00+00:00,2008-06-02T04:33:00+00:00,REV
SHORT,1.217200,1.222100,-0.004900,2008-06-02T04:33:00+00:00,2008-06-04T04:30:00+00:00,REV
LONG,1.222100,1.248200,0.026100,2008-06-04T04:30:00+00:00,2008-06-12T04:31:00+00:00,REV
SHORT,1.248200,1.251400,-0.003200,2008-06-12T04:31:00+00:00,2008-06-20T11:15:00+00:00,REV
LONG,1.251400,1.259700,0.008300,2008-06-20T11:15:00+00:00,2008-06-30T15:19:00+00:00,REV
SHORT,1.259700,1.264800,-0.005100,2008-06-30T15:19:00+00:00,2008-07-02T05:18:00+00:00,REV
LONG,1.264800,1.266200,0.001400,2008-07-02T05:18:00+00:00,2008-07-08T23:17:00+00:00,REV
SHORT,1.266200,1.271800,-0.005600,2008-07-08T23:17:00+00:00,2008-07-10T09:58:00+00:00,REV
LONG,1.271800,1.266600,-0.005200,2008-07-10T09:58:00+00:00,2008-07-16T06:53:00+00:00,REV
SHORT,1.266600,1.275300,-0.008700,2008-07-16T06:53:00+00:00,2008-07-17T18:00:00+00:00,REV
LONG,1.275300,1.283700,0.008400,2008-07-17T18:00:00+00:00,2008-07-30T17:34:00+00:00,REV
SHORT,1.283700,1.271800,0.011900,2008-07-30T17:34:00+00:00,2008-08-08T03:21:00+00:00,REV
LONG,1.271800,1.260200,-0.011600,2008-08-08T03:21:00+00:00,2008-08-08T22:43:00+00:00,REV
SHORT,1.260200,1.228100,0.032100,2008-08-08T22:43:00+00:00,2008-08-22T11:38:00+00:00,REV
LONG,1.228100,1.222300,-0.005800,2008-08-22T11:38:00+00:00,2008-08-28T00:55:00+00:00,REV
SHORT,1.222300,1.230500,-0.008200,2008-08-28T00:55:00+00:00,2008-09-02T07:49:00+00:00,REV
LONG,1.230500,1.219600,-0.010900,2008-09-02T07:49:00+00:00,2008-09-02T12:17:00+00:00,REV
SHORT,1.219600,1.227800,-0.008200,2008-09-02T12:17:00+00:00,2008-09-05T01:05:00+00:00,REV
LONG,1.227800,1.216400,-0.011400,2008-09-05T01:05:00+00:00,2008-09-05T13:52:00+00:00,REV
SHORT,1.216400,1.219400,-0.003000,2008-09-05T13:52:00+00:00,2008-09-11T00:16:00+00:00,REV
LONG,1.219400,1.220800,0.001400,2008-09-11T00:16:00+00:00,2008-09-16T00:21:00+00:00,REV
SHORT,1.220800,1.215000,0.005800,2008-09-16T00:21:00+00:00,2008-09-22T00:29:00+00:00,REV
LONG,1.215000,1.217400,0.002400,2008-09-22T00:29:00+00:00,2008-09-25T11:04:00+00:00,REV
SHORT,1.217400,1.140400,0.077000,2008-09-25T11:04:00+00:00,2008-10-14T02:08:00+00:00,REV
LONG,1.140400,1.102600,-0.037800,2008-10-14T02:08:00+00:00,2008-10-15T23:09:00+00:00,REV
SHORT,1.102600,1.136200,-0.033600,2008-10-15T23:09:00+00:00,2008-10-17T20:22:00+00:00,REV
LONG,1.136200,1.107600,-0.028600,2008-10-17T20:22:00+00:00,2008-10-22T00:06:00+00:00,REV
SHORT,1.107600,1.143500,-0.035900,2008-10-22T00:06:00+00:00,2008-10-22T21:24:00+00:00,REV
LONG,1.143500,1.106900,-0.036600,2008-10-22T21:24:00+00:00,2008-10-24T08:39:00+00:00,REV
SHORT,1.106900,1.132000,-0.025100,2008-10-24T08:39:00+00:00,2008-10-28T14:47:00+00:00,REV
LONG,1.132000,1.130600,-0.001400,2008-10-28T14:47:00+00:00,2008-11-07T03:23:00+00:00,REV
SHORT,1.130600,1.151200,-0.020600,2008-11-07T03:23:00+00:00,2008-11-10T00:00:00+00:00,REV
LONG,1.151200,1.138200,-0.013000,2008-11-10T00:00:00+00:00,2008-11-12T22:04:00+00:00,REV
SHORT,1.138200,1.156900,-0.018700,2008-11-12T22:04:00+00:00,2008-11-13T17:23:00+00:00,REV
LONG,1.156900,1.168700,0.011800,2008-11-13T17:23:00+00:00,2008-11-20T11:13:00+00:00,REV
SHORT,1.168700,1.183700,-0.015000,2008-11-20T11:13:00+00:00,2008-11-24T01:31:00+00:00,REV
LONG,1.183700,1.204700,0.021000,2008-11-24T01:31:00+00:00,2008-12-10T09:20:00+00:00,REV
SHORT,1.204700,1.222100,-0.017400,2008-12-10T09:20:00+00:00,2008-12-11T18:55:00+00:00,REV
LONG,1.222100,1.201000,-0.021100,2008-12-11T18:55:00+00:00,2008-12-12T06:11:00+00:00,REV
SHORT,1.201000,1.194000,0.007000,2008-12-12T06:11:00+00:00,2008-12-22T15:42:00+00:00,REV
LONG,1.194000,1.204700,0.010700,2008-12-22T15:42:00+00:00,2009-01-07T00:53:00+00:00,REV
SHORT,1.204700,1.200300,0.004400,2009-01-07T00:53:00+00:00,2009-01-13T02:59:00+00:00,REV
LONG,1.200300,1.237800,0.037500,2009-01-13T02:59:00+00:00,2009-01-22T10:34:00+00:00,REV
SHORT,1.237800,1.249100,-0.011300,2009-01-22T10:34:00+00:00,2009-01-26T11:02:00+00:00,REV
LONG,1.249100,1.249700,0.000600,2009-01-26T11:02:00+00:00,2009-02-02T03:25:00+00:00,REV
SHORT,1.249700,1.273300,-0.023600,2009-02-02T03:25:00+00:00,2009-02-04T02:34:00+00:00,REV
LONG,1.273300,1.256800,-0.016500,2009-02-04T02:34:00+00:00,2009-02-09T16:31:00+00:00,REV
SHORT,1.256800,1.258500,-0.001700,2009-02-09T16:31:00+00:00,2009-02-13T00:42:00+00:00,REV
LONG,1.258500,1.248100,-0.010400,2009-02-13T00:42:00+00:00,2009-02-18T13:30:00+00:00,REV
SHORT,1.248100,1.262400,-0.014300,2009-02-18T13:30:00+00:00,2009-02-19T19:36:00+00:00,REV
LONG,1.262400,1.277300,0.014900,2009-02-19T19:36:00+00:00,2009-03-04T07:03:00+00:00,REV
SHORT,1.277300,1.285100,-0.007800,2009-03-04T07:03:00+00:00,2009-03-10T01:18:00+00:00,REV
LONG,1.285100,1.272100,-0.013000,2009-03-10T01:18:00+00:00,2009-03-11T23:35:00+00:00,REV
SHORT,1.272100,1.240100,0.032000,2009-03-11T23:35:00+00:00,2009-03-24T04:22:00+00:00,REV
LONG,1.240100,1.229000,-0.011100,2009-03-24T04:22:00+00:00,2009-03-26T01:17:00+00:00,REV
SHORT,1.229000,1.224600,0.004400,2009-03-26T01:17:00+00:00,2009-03-31T23:07:00+00:00,REV
LONG,1.224600,1.228200,0.003600,2009-03-31T23:07:00+00:00,2009-04-03T02:29:00+00:00,REV
SHORT,1.228200,1.240500,-0.012300,2009-04-03T02:29:00+00:00,2009-04-13T00:00:00+00:00,REV
LONG,1.240500,1.232200,-0.008300,2009-04-13T00:00:00+00:00,2009-04-14T09:46:00+00:00,REV
SHORT,1.232200,1.244200,-0.012000,2009-04-14T09:46:00+00:00,2009-04-14T17:43:00+00:00,REV
LONG,1.244200,1.261800,0.017600,2009-04-14T17:43:00+00:00,2009-04-24T16:46:00+00:00,REV
SHORT,1.261800,1.285100,-0.023300,2009-04-24T16:46:00+00:00,2009-04-30T00:01:00+00:00,REV
LONG,1.285100,1.278400,-0.006700,2009-04-30T00:01:00+00:00,2009-05-04T00:03:00+00:00,REV
SHORT,1.278400,1.278700,-0.000300,2009-05-04T00:03:00+00:00,2009-05-13T20:31:00+00:00,REV
LONG,1.278700,1.275600,-0.003100,2009-05-13T20:31:00+00:00,2009-05-20T18:58:00+00:00,REV
SHORT,1.275600,1.269700,0.005900,2009-05-20T18:58:00+00:00,2009-05-28T05:02:00+00:00,REV
LONG,1.269700,1.255300,-0.014400,2009-05-28T05:02:00+00:00,2009-05-28T07:22:00+00:00,REV
SHORT,1.255300,1.254900,0.000400,2009-05-28T07:22:00+00:00,2009-06-03T04:24:00+00:00,REV
LONG,1.254900,1.268800,0.013900,2009-06-03T04:24:00+00:00,2009-06-11T01:13:00+00:00,REV
SHORT,1.268800,1.251800,0.017000,2009-06-11T01:13:00+00:00,2009-06-25T13:32:00+00:00,REV
LONG,1.251800,1.240700,-0.011100,2009-06-25T13:32:00+00:00,2009-06-29T12:54:00+00:00,REV
SHORT,1.240700,1.251300,-0.010600,2009-06-29T12:54:00+00:00,2009-07-01T12:11:00+00:00,REV
LONG,1.251300,1.257000,0.005700,2009-07-01T12:11:00+00:00,2009-07-06T17:33:00+00:00,REV
SHORT,1.257000,1.246100,0.010900,2009-07-06T17:33:00+00:00,2009-07-15T12:50:00+00:00,REV
LONG,1.246100,1.234500,-0.011600,2009-07-15T12:50:00+00:00,2009-07-15T19:49:00+00:00,REV
SHORT,1.234500,1.247500,-0.013000,2009-07-15T19:49:00+00:00,2009-07-16T07:56:00+00:00,REV
LONG,1.247500,1.239100,-0.008400,2009-07-16T07:56:00+00:00,2009-07-21T00:24:00+00:00,REV
SHORT,1.239100,1.246600,-0.007500,2009-07-21T00:24:00+00:00,2009-07-22T00:25:00+00:00,REV
LONG,1.246600,1.237200,-0.009400,2009-07-22T00:25:00+00:00,2009-07-22T19:42:00+00:00,REV
SHORT,1.237200,1.246400,-0.009200,2009-07-22T19:42:00+00:00,2009-07-27T00:27:00+00:00,REV
LONG,1.246400,1.243900,-0.002500,2009-07-27T00:27:00+00:00,2009-07-29T19:43:00+00:00,REV
SHORT,1.243900,1.258900,-0.015000,2009-07-29T19:43:00+00:00,2009-07-30T01:13:00+00:00,REV
LONG,1.258900,1.258200,-0.000700,2009-07-30T01:13:00+00:00,2009-08-04T00:41:00+00:00,REV
SHORT,1.258200,1.231200,0.027000,2009-08-04T00:41:00+00:00,2009-08-20T08:22:00+00:00,REV
LONG,1.231200,1.222600,-0.008600,2009-08-20T08:22:00+00:00,2009-08-21T06:30:00+00:00,REV
SHORT,1.222600,1.224400,-0.001800,2009-08-21T06:30:00+00:00,2009-08-27T19:06:00+00:00,REV
LONG,1.224400,1.233000,0.008600,2009-08-27T19:06:00+00:00,2009-09-10T04:52:00+00:00,REV
SHORT,1.233000,1.230100,0.002900,2009-09-10T04:52:00+00:00,2009-09-15T02:32:00+00:00,REV
LONG,1.230100,1.221300,-0.008800,2009-09-15T02:32:00+00:00,2009-09-21T18:08:00+00:00,REV
SHORT,1.221300,1.211900,0.009400,2009-09-21T18:08:00+00:00,2009-09-28T13:27:00+00:00,REV
LONG,1.211900,1.215200,0.003300,2009-09-28T13:27:00+00:00,2009-10-02T00:07:00+00:00,REV
SHORT,1.215200,1.215200,-0.000000,2009-10-02T00:07:00+00:00,2009-10-08T03:38:00+00:00,REV
LONG,1.215200,1.228400,0.013200,2009-10-08T03:38:00+00:00,2009-10-19T19:06:00+00:00,REV
SHORT,1.228400,1.229500,-0.001100,2009-10-19T19:06:00+00:00,2009-10-27T02:09:00+00:00,REV
LONG,1.229500,1.248200,0.018700,2009-10-27T02:09:00+00:00,2009-11-04T02:30:00+00:00,REV
SHORT,1.248200,1.259200,-0.011000,2009-11-04T02:30:00+00:00,2009-11-05T01:49:00+00:00,REV
LONG,1.259200,1.255300,-0.003900,2009-11-05T01:49:00+00:00,2009-11-09T00:01:00+00:00,REV
SHORT,1.255300,1.259100,-0.003800,2009-11-09T00:01:00+00:00,2009-11-12T02:33:00+00:00,REV
LONG,1.259100,1.252400,-0.006700,2009-11-12T02:33:00+00:00,2009-11-16T20:04:00+00:00,REV
SHORT,1.252400,1.252600,-0.000200,2009-11-16T20:04:00+00:00,2009-11-19T05:13:00+00:00,REV
LONG,1.252600,1.268400,0.015800,2009-11-19T05:13:00+00:00,2009-12-01T12:23:00+00:00,REV
SHORT,1.268400,1.281100,-0.012700,2009-12-01T12:23:00+00:00,2009-12-02T20:35:00+00:00,REV
LONG,1.281100,1.273900,-0.007200,2009-12-02T20:35:00+00:00,2009-12-07T02:23:00+00:00,REV
SHORT,1.273900,1.253200,0.020700,2009-12-07T02:23:00+00:00,2009-12-23T00:03:00+00:00,REV
LONG,1.253200,1.246800,-0.006400,2009-12-23T00:03:00+00:00,2009-12-25T01:14:00+00:00,REV
SHORT,1.246800,1.253300,-0.006500,2009-12-25T01:14:00+00:00,2009-12-28T05:06:00+00:00,REV
LONG,1.253300,1.245000,-0.008300,2009-12-28T05:06:00+00:00,2009-12-29T17:47:00+00:00,REV
SHORT,1.245000,1.246800,-0.001800,2009-12-29T17:47:00+00:00,2010-01-06T08:56:00+00:00,REV
LONG,1.246800,1.249400,0.002600,2010-01-06T08:56:00+00:00,2010-01-12T11:51:00+00:00,REV
SHORT,1.249400,1.254200,-0.004800,2010-01-12T11:51:00+00:00,2010-01-14T03:05:00+00:00,REV
LONG,1.254200,1.247800,-0.006400,2010-01-14T03:05:00+00:00,2010-01-19T23:45:00+00:00,REV
SHORT,1.247800,1.255900,-0.008100,2010-01-19T23:45:00+00:00,2010-01-20T00:09:00+00:00,REV
LONG,1.255900,1.265000,0.009100,2010-01-20T00:09:00+00:00,2010-01-29T02:28:00+00:00,REV
SHORT,1.265000,1.260000,0.005000,2010-01-29T02:28:00+00:00,2010-02-04T00:22:00+00:00,REV
LONG,1.260000,1.270400,0.010400,2010-02-04T00:22:00+00:00,2010-02-16T07:40:00+00:00,REV
SHORT,1.270400,1.276900,-0.006500,2010-02-16T07:40:00+00:00,2010-02-16T16:47:00+00:00,REV
LONG,1.276900,1.281400,0.004500,2010-02-16T16:47:00+00:00,2010-02-26T03:06:00+00:00,REV
SHORT,1.281400,1.284900,-0.003500,2010-02-26T03:06:00+00:00,2010-03-01T01:29:00+00:00,REV
LONG,1.284900,1.300700,0.015800,2010-03-01T01:29:00+00:00,2010-03-08T00:24:00+00:00,REV
SHORT,1.300700,1.304100,-0.003400,2010-03-08T00:24:00+00:00,2010-03-11T00:19:00+00:00,REV
LONG,1.304100,1.300400,-0.003700,2010-03-11T00:19:00+00:00,2010-03-15T09:56:00+00:00,REV
SHORT,1.300400,1.294500,0.005900,2010-03-15T09:56:00+00:00,2010-03-22T00:01:00+00:00,REV
LONG,1.294500,1.290900,-0.003600,2010-03-22T00:01:00+00:00,2010-03-24T23:59:00+00:00,REV
SHORT,1.290900,1.294000,-0.003100,2010-03-24T23:59:00+00:00,2010-03-30T09:08:00+00:00,REV
LONG,1.294000,1.307700,0.013700,2010-03-30T09:08:00+00:00,2010-04-09T11:04:00+00:00,REV
SHORT,1.307700,1.305900,0.001800,2010-04-09T11:04:00+00:00,2010-04-14T01:45:00+00:00,REV
LONG,1.305900,1.301800,-0.004100,2010-04-14T01:45:00+00:00,2010-04-19T00:00:00+00:00,REV
SHORT,1.301800,1.253500,0.048300,2010-04-19T00:00:00+00:00,2010-05-12T21:06:00+00:00,REV
LONG,1.253500,1.246000,-0.007500,2010-05-12T21:06:00+00:00,2010-05-17T05:01:00+00:00,REV
SHORT,1.246000,1.258700,-0.012700,2010-05-17T05:01:00+00:00,2010-05-17T18:27:00+00:00,REV
LONG,1.258700,1.244200,-0.014500,2010-05-17T18:27:00+00:00,2010-05-18T22:41:00+00:00,REV
SHORT,1.244200,1.236100,0.008100,2010-05-18T22:41:00+00:00,2010-05-26T00:20:00+00:00,REV
LONG,1.236100,1.238900,0.002800,2010-05-26T00:20:00+00:00,2010-06-01T03:43:00+00:00,REV
SHORT,1.238900,1.237700,0.001200,2010-06-01T03:43:00+00:00,2010-06-08T11:07:00+00:00,REV
LONG,1.237700,1.229100,-0.008600,2010-06-08T11:07:00+00:00,2010-06-11T15:31:00+00:00,REV
SHORT,1.229100,1.239200,-0.010100,2010-06-11T15:31:00+00:00,2010-06-16T03:36:00+00:00,REV
LONG,1.239200,1.232100,-0.007100,2010-06-16T03:36:00+00:00,2010-06-17T17:01:00+00:00,REV
SHORT,1.232100,1.238800,-0.006700,2010-06-17T17:01:00+00:00,2010-06-21T04:44:00+00:00,REV
LONG,1.238800,1.233900,-0.004900,2010-06-21T04:44:00+00:00,2010-06-23T09:09:00+00:00,REV
SHORT,1.233900,1.233000,0.000900,2010-06-23T09:09:00+00:00,2010-06-28T09:52:00+00:00,REV
LONG,1.233000,1.222800,-0.010200,2010-06-28T09:52:00+00:00,2010-07-01T04:14:00+00:00,REV
SHORT,1.222800,1.226000,-0.003200,2010-07-01T04:14:00+00:00,2010-07-06T14:42:00+00:00,REV
LONG,1.226000,1.229200,0.003200,2010-07-06T14:42:00+00:00,2010-07-13T00:23:00+00:00,REV
SHORT,1.229200,1.227100,0.002100,2010-07-13T00:23:00+00:00,2010-07-19T03:08:00+00:00,REV
LONG,1.227100,1.227100,0.000000,2010-07-19T03:08:00+00:00,2010-07-22T09:40:00+00:00,REV
SHORT,1.227100,1.234300,-0.007200,2010-07-22T09:40:00+00:00,2010-07-23T22:34:00+00:00,REV
LONG,1.234300,1.226600,-0.007700,2010-07-23T22:34:00+00:00,2010-07-26T10:45:00+00:00,REV
SHORT,1.226600,1.233000,-0.006400,2010-07-26T10:45:00+00:00,2010-07-28T03:27:00+00:00,REV
LONG,1.233000,1.225700,-0.007300,2010-07-28T03:27:00+00:00,2010-07-28T04:30:00+00:00,REV
SHORT,1.225700,1.233800,-0.008100,2010-07-28T04:30:00+00:00,2010-07-29T00:01:00+00:00,REV
LONG,1.233800,1.241300,0.007500,2010-07-29T00:01:00+00:00,2010-08-03T04:30:00+00:00,REV
SHORT,1.241300,1.249100,-0.007800,2010-08-03T04:30:00+00:00,2010-08-04T12:27:00+00:00,REV
LONG,1.249100,1.259600,0.010500,2010-08-04T12:27:00+00:00,2010-08-18T12:44:00+00:00,REV
SHORT,1.259600,1.265200,-0.005600,2010-08-18T12:44:00+00:00,2010-08-25T14:16:00+00:00,REV
LONG,1.265200,1.267500,0.002300,2010-08-25T14:16:00+00:00,2010-09-06T06:41:00+00:00,REV
SHORT,1.267500,1.274600,-0.007100,2010-09-06T06:41:00+00:00,2010-09-08T09:59:00+00:00,REV
LONG,1.274600,1.306700,0.032100,2010-09-08T09:59:00+00:00,2010-10-01T17:17:00+00:00,REV
SHORT,1.306700,1.311800,-0.005100,2010-10-01T17:17:00+00:00,2010-10-07T17:12:00+00:00,REV
LONG,1.311800,1.301700,-0.010100,2010-10-07T17:12:00+00:00,2010-10-12T14:43:00+00:00,REV
SHORT,1.301700,1.309900,-0.008200,2010-10-12T14:43:00+00:00,2010-10-14T13:11:00+00:00,REV
LONG,1.309900,1.305200,-0.004700,2010-10-14T13:11:00+00:00,2010-10-19T14:59:00+00:00,REV
SHORT,1.305200,1.312100,-0.006900,2010-10-19T14:59:00+00:00,2010-10-21T14:40:00+00:00,REV
LONG,1.312100,1.312400,0.000300,2010-10-21T14:40:00+00:00,2010-10-27T03:30:00+00:00,REV
SHORT,1.312400,1.292900,0.019500,2010-10-27T03:30:00+00:00,2010-11-02T06:20:00+00:00,REV
LONG,1.292900,1.284400,-0.008500,2010-11-02T06:20:00+00:00,2010-11-03T19:01:00+00:00,REV
SHORT,1.284400,1.286800,-0.002400,2010-11-03T19:01:00+00:00,2010-11-09T05:09:00+00:00,REV
LONG,1.286800,1.280400,-0.006400,2010-11-09T05:09:00+00:00,2010-11-11T02:31:00+00:00,REV
SHORT,1.280400,1.274800,0.005600,2010-11-11T02:31:00+00:00,2010-11-22T05:02:00+00:00,REV
LONG,1.274800,1.280300,0.005500,2010-11-22T05:02:00+00:00,2010-11-26T11:03:00+00:00,REV
SHORT,1.280300,1.291400,-0.011100,2010-11-26T11:03:00+00:00,2010-11-30T00:05:00+00:00,REV
LONG,1.291400,1.286300,-0.005100,2010-11-30T00:05:00+00:00,2010-12-02T02:30:00+00:00,REV
SHORT,1.286300,1.293900,-0.007600,2010-12-02T02:30:00+00:00,2010-12-02T16:22:00+00:00,REV
LONG,1.293900,1.335800,0.041900,2010-12-02T16:22:00+00:00,2010-12-21T04:27:00+00:00,REV
SHORT,1.335800,1.343600,-0.007800,2010-12-21T04:27:00+00:00,2010-12-22T05:09:00+00:00,REV
LONG,1.343600,1.339200,-0.004400,2010-12-22T05:09:00+00:00,2010-12-24T02:14:00+00:00,REV
SHORT,1.339200,1.316800,0.022400,2010-12-24T02:14:00+00:00,2011-01-05T22:40:00+00:00,REV
LONG,1.316800,1.306800,-0.010000,2011-01-05T22:40:00+00:00,2011-01-10T00:05:00+00:00,REV
SHORT,1.306800,1.291500,0.015300,2011-01-10T00:05:00+00:00,2011-01-18T08:54:00+00:00,REV
LONG,1.291500,1.299700,0.008200,2011-01-18T08:54:00+00:00,2011-01-25T02:33:00+00:00,REV
SHORT,1.299700,1.287900,0.011800,2011-01-25T02:33:00+00:00,2011-01-31T10:27:00+00:00,REV
LONG,1.287900,1.311400,0.023500,2011-01-31T10:27:00+00:00,2011-02-08T01:53:00+00:00,REV
SHORT,1.311400,1.316300,-0.004900,2011-02-08T01:53:00+00:00,2011-02-10T21:57:00+00:00,REV
LONG,1.316300,1.325400,0.009100,2011-02-10T21:57:00+00:00,2011-02-21T05:31:00+00:00,REV
SHORT,1.325400,1.331700,-0.006300,2011-02-21T05:31:00+00:00,2011-02-22T02:42:00+00:00,REV
LONG,1.331700,1.367100,0.035400,2011-02-22T02:42:00+00:00,2011-03-08T07:26:00+00:00,REV
SHORT,1.367100,1.367500,-0.000400,2011-03-08T07:26:00+00:00,2011-03-17T00:55:00+00:00,REV
LONG,1.367500,1.358800,-0.008700,2011-03-17T00:55:00+00:00,2011-03-24T05:42:00+00:00,REV
SHORT,1.358800,1.368900,-0.010100,2011-03-24T05:42:00+00:00,2011-03-28T10:50:00+00:00,REV
LONG,1.368900,1.356300,-0.012600,2011-03-28T10:50:00+00:00,2011-03-29T20:55:00+00:00,REV
SHORT,1.356300,1.350300,0.006000,2011-03-29T20:55:00+00:00,2011-04-08T12:45:00+00:00,REV
LONG,1.350300,1.343200,-0.007100,2011-04-08T12:45:00+00:00,2011-04-12T00:24:00+00:00,REV
SHORT,1.343200,1.333200,0.010000,2011-04-12T00:24:00+00:00,2011-04-18T11:25:00+00:00,REV
LONG,1.333200,1.337600,0.004400,2011-04-18T11:25:00+00:00,2011-04-26T04:15:00+00:00,REV
SHORT,1.337600,1.341900,-0.004300,2011-04-26T04:15:00+00:00,2011-04-27T04:40:00+00:00,REV
LONG,1.341900,1.352200,0.010300,2011-04-27T04:40:00+00:00,2011-05-05T04:39:00+00:00,REV
SHORT,1.352200,1.359700,-0.007500,2011-05-05T04:39:00+00:00,2011-05-10T01:02:00+00:00,REV
LONG,1.359700,1.353400,-0.006300,2011-05-10T01:02:00+00:00,2011-05-11T19:45:00+00:00,REV
SHORT,1.353400,1.356000,-0.002600,2011-05-11T19:45:00+00:00,2011-05-16T14:05:00+00:00,REV
LONG,1.356000,1.342400,-0.013600,2011-05-16T14:05:00+00:00,2011-05-20T12:03:00+00:00,REV
SHORT,1.342400,1.309000,0.033400,2011-05-20T12:03:00+00:00,2011-06-03T01:46:00+00:00,REV
LONG,1.309000,1.306000,-0.003000,2011-06-03T01:46:00+00:00,2011-06-07T07:55:00+00:00,REV
SHORT,1.306000,1.302500,0.003500,2011-06-07T07:55:00+00:00,2011-06-14T15:54:00+00:00,REV
LONG,1.302500,1.304700,0.002200,2011-06-14T15:54:00+00:00,2011-06-20T09:22:00+00:00,REV
SHORT,1.304700,1.299000,0.005700,2011-06-20T09:22:00+00:00,2011-06-27T01:45:00+00:00,REV
LONG,1.299000,1.293700,-0.005300,2011-06-27T01:45:00+00:00,2011-06-29T10:51:00+00:00,REV
SHORT,1.293700,1.300700,-0.007000,2011-06-29T10:51:00+00:00,2011-07-01T19:43:00+00:00,REV
LONG,1.300700,1.291400,-0.009300,2011-07-01T19:43:00+00:00,2011-07-05T00:34:00+00:00,REV
SHORT,1.291400,1.297400,-0.006000,2011-07-05T00:34:00+00:00,2011-07-07T04:32:00+00:00,REV
LONG,1.297400,1.290000,-0.007400,2011-07-07T04:32:00+00:00,2011-07-08T15:41:00+00:00,REV
SHORT,1.290000,1.295600,-0.005600,2011-07-08T15:41:00+00:00,2011-07-12T09:03:00+00:00,REV
LONG,1.295600,1.282900,-0.012700,2011-07-12T09:03:00+00:00,2011-07-14T00:06:00+00:00,REV
SHORT,1.282900,1.258700,0.024200,2011-07-14T00:06:00+00:00,2011-07-22T04:18:00+00:00,REV
LONG,1.258700,1.254300,-0.004400,2011-07-22T04:18:00+00:00,2011-07-29T18:41:00+00:00,REV
SHORT,1.254300,1.254700,-0.000400,2011-07-29T18:41:00+00:00,2011-08-05T00:48:00+00:00,REV
LONG,1.254700,1.238400,-0.016300,2011-08-05T00:48:00+00:00,2011-08-05T23:04:00+00:00,REV
SHORT,1.238400,1.251900,-0.013500,2011-08-05T23:04:00+00:00,2011-08-10T17:59:00+00:00,REV
LONG,1.251900,1.257000,0.005100,2011-08-10T17:59:00+00:00,2011-08-25T21:02:00+00:00,REV
SHORT,1.257000,1.260300,-0.003300,2011-08-25T21:02:00+00:00,2011-09-01T10:40:00+00:00,REV
LONG,1.260300,1.269200,0.008900,2011-09-01T10:40:00+00:00,2011-09-09T01:59:00+00:00,REV
SHORT,1.269200,1.250900,0.018300,2011-09-09T01:59:00+00:00,2011-09-21T17:55:00+00:00,REV
LONG,1.250900,1.262900,0.012000,2011-09-21T17:55:00+00:00,2011-10-04T03:05:00+00:00,REV
SHORT,1.262900,1.266300,-0.003400,2011-10-04T03:05:00+00:00,2011-10-07T01:53:00+00:00,REV
LONG,1.266300,1.296600,0.030300,2011-10-07T01:53:00+00:00,2011-10-31T04:34:00+00:00,REV
SHORT,1.296600,1.307300,-0.010700,2011-10-31T04:34:00+00:00,2011-11-01T00:23:00+00:00,REV
LONG,1.307300,1.295700,-0.011600,2011-11-01T00:23:00+00:00,2011-11-01T08:09:00+00:00,REV
SHORT,1.295700,1.307300,-0.011600,2011-11-01T08:09:00+00:00,2011-11-02T17:49:00+00:00,REV
LONG,1.307300,1.302500,-0.004800,2011-11-02T17:49:00+00:00,2011-11-07T03:15:00+00:00,REV
SHORT,1.302500,1.303600,-0.001100,2011-11-07T03:15:00+00:00,2011-11-10T07:21:00+00:00,REV
LONG,1.303600,1.314600,0.011000,2011-11-10T07:21:00+00:00,2011-11-21T20:08:00+00:00,REV
SHORT,1.314600,1.314000,0.000600,2011-11-21T20:08:00+00:00,2011-11-28T11:41:00+00:00,REV
LONG,1.314000,1.310600,-0.003400,2011-11-28T11:41:00+00:00,2011-12-02T02:43:00+00:00,REV
SHORT,1.310600,1.318440,-0.007840,2011-12-02T02:43:00+00:00,2011-12-07T14:04:00+00:00,REV
LONG,1.318440,1.317510,-0.000930,2011-12-07T14:04:00+00:00,2011-12-15T17:52:00+00:00,REV
SHORT,1.317510,1.312630,0.004880,2011-12-15T17:52:00+00:00,2011-12-21T00:05:00+00:00,REV
LONG,1.312630,1.310730,-0.001900,2011-12-21T00:05:00+00:00,2011-12-28T12:51:00+00:00,REV
SHORT,1.310730,1.315700,-0.004970,2011-12-28T12:51:00+00:00,2011-12-30T15:21:00+00:00,REV
LONG,1.315700,1.310140,-0.005560,2011-12-30T15:21:00+00:00,2012-01-02T11:45:00+00:00,REV
SHORT,1.310140,1.315980,-0.005840,2012-01-02T11:45:00+00:00,2012-01-04T21:59:00+00:00,REV
LONG,1.315980,1.309620,-0.006360,2012-01-04T21:59:00+00:00,2012-01-06T15:34:00+00:00,REV
SHORT,1.309620,1.302190,0.007430,2012-01-06T15:34:00+00:00,2012-01-13T01:39:00+00:00,REV
LONG,1.302190,1.294060,-0.008130,2012-01-13T01:39:00+00:00,2012-01-18T07:30:00+00:00,REV
SHORT,1.294060,1.300790,-0.006730,2012-01-18T07:30:00+00:00,2012-01-20T17:21:00+00:00,REV
LONG,1.300790,1.295760,-0.005030,2012-01-20T17:21:00+00:00,2012-01-24T04:41:00+00:00,REV
SHORT,1.295760,1.301490,-0.005730,2012-01-24T04:41:00+00:00,2012-01-25T19:28:00+00:00,REV
LONG,1.301490,1.290530,-0.010960,2012-01-25T19:28:00+00:00,2012-01-30T02:14:00+00:00,REV
SHORT,1.290530,1.294460,-0.003930,2012-01-30T02:14:00+00:00,2012-01-31T00:00:00+00:00,REV
LONG,1.294460,1.287450,-0.007010,2012-01-31T00:00:00+00:00,2012-01-31T11:55:00+00:00,REV
SHORT,1.287450,1.289740,-0.002290,2012-01-31T11:55:00+00:00,2012-02-06T00:03:00+00:00,REV
LONG,1.289740,1.284330,-0.005410,2012-02-06T00:03:00+00:00,2012-02-07T02:37:00+00:00,REV
SHORT,1.284330,1.291550,-0.007220,2012-02-07T02:37:00+00:00,2012-02-07T05:33:00+00:00,REV
LONG,1.291550,1.288330,-0.003220,2012-02-07T05:33:00+00:00,2012-02-10T11:24:00+00:00,REV
SHORT,1.288330,1.288170,0.000160,2012-02-10T11:24:00+00:00,2012-02-16T02:30:00+00:00,REV
LONG,1.288170,1.282500,-0.005670,2012-02-16T02:30:00+00:00,2012-02-20T00:02:00+00:00,REV
SHORT,1.282500,1.283700,-0.001200,2012-02-20T00:02:00+00:00,2012-02-22T17:14:00+00:00,REV
LONG,1.283700,1.278040,-0.005660,2012-02-22T17:14:00+00:00,2012-02-27T02:03:00+00:00,REV
SHORT,1.278040,1.282970,-0.004930,2012-02-27T02:03:00+00:00,2012-02-28T11:34:00+00:00,REV
LONG,1.282970,1.292200,0.009230,2012-02-28T11:34:00+00:00,2012-03-07T03:24:00+00:00,REV
SHORT,1.292200,1.290530,0.001670,2012-03-07T03:24:00+00:00,2012-03-14T18:24:00+00:00,REV
LONG,1.290530,1.281130,-0.009400,2012-03-14T18:24:00+00:00,2012-03-19T16:26:00+00:00,REV
SHORT,1.281130,1.287150,-0.006020,2012-03-19T16:26:00+00:00,2012-03-20T20:04:00+00:00,REV
LONG,1.287150,1.280100,-0.007050,2012-03-20T20:04:00+00:00,2012-03-21T10:23:00+00:00,REV
SHORT,1.280100,1.287660,-0.007560,2012-03-21T10:23:00+00:00,2012-03-22T00:46:00+00:00,REV
LONG,1.287660,1.279920,-0.007740,2012-03-22T00:46:00+00:00,2012-03-23T00:05:00+00:00,REV
SHORT,1.279920,1.262670,0.017250,2012-03-23T00:05:00+00:00,2012-04-12T04:34:00+00:00,REV
LONG,1.262670,1.255100,-0.007570,2012-04-12T04:34:00+00:00,2012-04-13T02:48:00+00:00,REV
SHORT,1.255100,1.266130,-0.011030,2012-04-13T02:48:00+00:00,2012-04-17T05:04:00+00:00,REV
LONG,1.266130,1.265760,-0.000370,2012-04-17T05:04:00+00:00,2012-04-23T04:54:00+00:00,REV
SHORT,1.265760,1.270730,-0.004970,2012-04-23T04:54:00+00:00,2012-04-25T06:10:00+00:00,REV
LONG,1.270730,1.268950,-0.001780,2012-04-25T06:10:00+00:00,2012-05-01T07:32:00+00:00,REV
SHORT,1.268950,1.275360,-0.006410,2012-05-01T07:32:00+00:00,2012-05-03T00:28:00+00:00,REV
LONG,1.275360,1.279700,0.004340,2012-05-03T00:28:00+00:00,2012-05-11T13:45:00+00:00,REV
SHORT,1.279700,1.284480,-0.004780,2012-05-11T13:45:00+00:00,2012-05-15T05:29:00+00:00,REV
LONG,1.284480,1.291770,0.007290,2012-05-15T05:29:00+00:00,2012-05-22T05:20:00+00:00,REV
SHORT,1.291770,1.301600,-0.009830,2012-05-22T05:20:00+00:00,2012-05-23T09:44:00+00:00,REV
LONG,1.301600,1.294480,-0.007120,2012-05-23T09:44:00+00:00,2012-05-25T00:07:00+00:00,REV
SHORT,1.294480,1.292090,0.002390,2012-05-25T00:07:00+00:00,2012-06-06T04:40:00+00:00,REV
LONG,1.292090,1.283800,-0.008290,2012-06-06T04:40:00+00:00,2012-06-11T04:48:00+00:00,REV
SHORT,1.283800,1.280250,0.003550,2012-06-11T04:48:00+00:00,2012-06-20T05:28:00+00:00,REV
LONG,1.280250,1.275200,-0.005050,2012-06-20T05:28:00+00:00,2012-06-21T01:44:00+00:00,REV
SHORT,1.275200,1.275300,-0.000100,2012-06-21T01:44:00+00:00,2012-06-27T14:08:00+00:00,REV
LONG,1.275300,1.299390,0.024090,2012-06-27T14:08:00+00:00,2012-07-26T15:38:00+00:00,REV
SHORT,1.299390,1.300350,-0.000960,2012-07-26T15:38:00+00:00,2012-07-31T13:22:00+00:00,REV
LONG,1.300350,1.292350,-0.008000,2012-07-31T13:22:00+00:00,2012-08-02T03:03:00+00:00,REV
SHORT,1.292350,1.293210,-0.000860,2012-08-02T03:03:00+00:00,2012-08-07T18:30:00+00:00,REV
LONG,1.293210,1.297670,0.004460,2012-08-07T18:30:00+00:00,2012-08-14T01:45:00+00:00,REV
SHORT,1.297670,1.293410,0.004260,2012-08-14T01:45:00+00:00,2012-08-22T22:01:00+00:00,REV
LONG,1.293410,1.290140,-0.003270,2012-08-22T22:01:00+00:00,2012-08-22T23:13:00+00:00,REV
SHORT,1.290140,1.285150,0.004990,2012-08-22T23:13:00+00:00,2012-08-28T11:46:00+00:00,REV
LONG,1.285150,1.286630,0.001480,2012-08-28T11:46:00+00:00,2012-08-31T15:33:00+00:00,REV
SHORT,1.286630,1.289540,-0.002910,2012-08-31T15:33:00+00:00,2012-09-04T13:25:00+00:00,REV
LONG,1.289540,1.280950,-0.008590,2012-09-04T13:25:00+00:00,2012-09-05T21:57:00+00:00,REV
SHORT,1.280950,1.287470,-0.006520,2012-09-05T21:57:00+00:00,2012-09-07T13:44:00+00:00,REV
LONG,1.287470,1.278530,-0.008940,2012-09-07T13:44:00+00:00,2012-09-07T23:59:00+00:00,REV
SHORT,1.278530,1.268290,0.010240,2012-09-07T23:59:00+00:00,2012-09-20T01:01:00+00:00,REV
LONG,1.268290,1.259710,-0.008580,2012-09-20T01:01:00+00:00,2012-09-20T17:42:00+00:00,REV
SHORT,1.259710,1.269680,-0.009970,2012-09-20T17:42:00+00:00,2012-09-24T22:04:00+00:00,REV
LONG,1.269680,1.257880,-0.011800,2012-09-24T22:04:00+00:00,2012-09-26T18:59:00+00:00,REV
SHORT,1.257880,1.247930,0.009950,2012-09-26T18:59:00+00:00,2012-10-09T20:31:00+00:00,REV
LONG,1.247930,1.261600,0.013670,2012-10-09T20:31:00+00:00,2012-10-22T03:18:00+00:00,REV
SHORT,1.261600,1.265820,-0.004220,2012-10-22T03:18:00+00:00,2012-10-24T03:00:00+00:00,REV
LONG,1.265820,1.259480,-0.006340,2012-10-24T03:00:00+00:00,2012-10-25T03:57:00+00:00,REV
SHORT,1.259480,1.258750,0.000730,2012-10-25T03:57:00+00:00,2012-11-06T05:30:00+00:00,REV
LONG,1.258750,1.273030,0.014280,2012-11-06T05:30:00+00:00,2012-11-13T08:15:00+00:00,REV
SHORT,1.273030,1.279000,-0.005970,2012-11-13T08:15:00+00:00,2012-11-13T23:54:00+00:00,REV
LONG,1.279000,1.271230,-0.007770,2012-11-13T23:54:00+00:00,2012-11-15T15:44:00+00:00,REV
SHORT,1.271230,1.274500,-0.003270,2012-11-15T15:44:00+00:00,2012-11-22T18:16:00+00:00,REV
LONG,1.274500,1.270120,-0.004380,2012-11-22T18:16:00+00:00,2012-11-23T16:24:00+00:00,REV
SHORT,1.270120,1.273740,-0.003620,2012-11-23T16:24:00+00:00,2012-11-27T00:04:00+00:00,REV
LONG,1.273740,1.270340,-0.003400,2012-11-27T00:04:00+00:00,2012-11-29T02:19:00+00:00,REV
SHORT,1.270340,1.272690,-0.002350,2012-11-29T02:19:00+00:00,2012-12-03T01:20:00+00:00,REV
LONG,1.272690,1.267730,-0.004960,2012-12-03T01:20:00+00:00,2012-12-05T13:27:00+00:00,REV
SHORT,1.267730,1.252820,0.014910,2012-12-05T13:27:00+00:00,2012-12-19T02:31:00+00:00,REV
LONG,1.252820,1.260910,0.008090,2012-12-19T02:31:00+00:00,2012-12-31T04:45:00+00:00,REV
SHORT,1.260910,1.264560,-0.003650,2012-12-31T04:45:00+00:00,2013-01-03T21:10:00+00:00,REV
LONG,1.264560,1.257610,-0.006950,2013-01-03T21:10:00+00:00,2013-01-07T11:26:00+00:00,REV
SHORT,1.257610,1.256520,0.001090,2013-01-07T11:26:00+00:00,2013-01-11T08:57:00+00:00,REV
LONG,1.256520,1.251820,-0.004700,2013-01-11T08:57:00+00:00,2013-01-15T12:44:00+00:00,REV
SHORT,1.251820,1.259600,-0.007780,2013-01-15T12:44:00+00:00,2013-01-17T23:45:00+00:00,REV
LONG,1.259600,1.254580,-0.005020,2013-01-17T23:45:00+00:00,2013-01-22T04:31:00+00:00,REV
SHORT,1.254580,1.253070,0.001510,2013-01-22T04:31:00+00:00,2013-01-28T11:47:00+00:00,REV
LONG,1.253070,1.245040,-0.008030,2013-01-28T11:47:00+00:00,2013-01-30T22:23:00+00:00,REV
SHORT,1.245040,1.222310,0.022730,2013-01-30T22:23:00+00:00,2013-02-19T03:44:00+00:00,REV
LONG,1.222310,1.225910,0.003600,2013-02-19T03:44:00+00:00,2013-02-25T10:40:00+00:00,REV
SHORT,1.225910,1.234430,-0.008520,2013-02-25T10:40:00+00:00,2013-02-26T12:28:00+00:00,REV
LONG,1.234430,1.232380,-0.002050,2013-02-26T12:28:00+00:00,2013-03-04T12:46:00+00:00,REV
SHORT,1.232380,1.238220,-0.005840,2013-03-04T12:46:00+00:00,2013-03-07T05:45:00+00:00,REV
LONG,1.238220,1.256460,0.018240,2013-03-07T05:45:00+00:00,2013-03-18T01:01:00+00:00,REV
SHORT,1.256460,1.262140,-0.005680,2013-03-18T01:01:00+00:00,2013-03-20T08:07:00+00:00,REV
LONG,1.262140,1.255730,-0.006410,2013-03-20T08:07:00+00:00,2013-03-21T00:45:00+00:00,REV
SHORT,1.255730,1.246530,0.009200,2013-03-21T00:45:00+00:00,2013-04-02T06:30:00+00:00,REV
LONG,1.246530,1.242600,-0.003930,2013-04-02T06:30:00+00:00,2013-04-02T13:07:00+00:00,REV
SHORT,1.242600,1.229800,0.012800,2013-04-02T13:07:00+00:00,2013-04-15T04:55:00+00:00,REV
LONG,1.229800,1.220070,-0.009730,2013-04-15T04:55:00+00:00,2013-04-17T16:23:00+00:00,REV
SHORT,1.220070,1.212520,0.007550,2013-04-17T16:23:00+00:00,2013-05-01T00:02:00+00:00,REV
LONG,1.212520,1.205750,-0.006770,2013-05-01T00:02:00+00:00,2013-05-02T07:47:00+00:00,REV
SHORT,1.205750,1.207740,-0.001990,2013-05-02T07:47:00+00:00,2013-05-08T04:12:00+00:00,REV
LONG,1.207740,1.201230,-0.006510,2013-05-08T04:12:00+00:00,2013-05-10T00:02:00+00:00,REV
SHORT,1.201230,1.207050,-0.005820,2013-05-10T00:02:00+00:00,2013-05-17T18:16:00+00:00,REV
LONG,1.207050,1.198600,-0.008450,2013-05-17T18:16:00+00:00,2013-05-21T01:44:00+00:00,REV
SHORT,1.198600,1.194260,0.004340,2013-05-21T01:44:00+00:00,2013-05-30T06:58:00+00:00,REV
LONG,1.194260,1.202000,0.007740,2013-05-30T06:58:00+00:00,2013-06-05T02:53:00+00:00,REV
SHORT,1.202000,1.204210,-0.002210,2013-06-05T02:53:00+00:00,2013-06-07T18:11:00+00:00,REV
LONG,1.204210,1.193160,-0.011050,2013-06-07T18:11:00+00:00,2013-06-12T14:27:00+00:00,REV
SHORT,1.193160,1.189940,0.003220,2013-06-12T14:27:00+00:00,2013-06-21T15:31:00+00:00,REV
LONG,1.189940,1.187980,-0.001960,2013-06-21T15:31:00+00:00,2013-06-27T10:05:00+00:00,REV
SHORT,1.187980,1.174620,0.013360,2013-06-27T10:05:00+00:00,2013-07-11T18:24:00+00:00,REV
LONG,1.174620,1.163730,-0.010890,2013-07-11T18:24:00+00:00,2013-07-12T12:42:00+00:00,REV
SHORT,1.163730,1.171080,-0.007350,2013-07-12T12:42:00+00:00,2013-07-16T04:43:00+00:00,REV
LONG,1.171080,1.163310,-0.007770,2013-07-16T04:43:00+00:00,2013-07-18T09:54:00+00:00,REV
SHORT,1.163310,1.163970,-0.000660,2013-07-18T09:54:00+00:00,2013-07-24T04:37:00+00:00,REV
LONG,1.163970,1.157030,-0.006940,2013-07-24T04:37:00+00:00,2013-07-24T11:12:00+00:00,REV
SHORT,1.157030,1.135510,0.021520,2013-07-24T11:12:00+00:00,2013-08-02T17:22:00+00:00,REV
LONG,1.135510,1.134700,-0.000810,2013-08-02T17:22:00+00:00,2013-08-07T01:24:00+00:00,REV
SHORT,1.134700,1.140640,-0.005940,2013-08-07T01:24:00+00:00,2013-08-09T04:39:00+00:00,REV
LONG,1.140640,1.139830,-0.000810,2013-08-09T04:39:00+00:00,2013-08-14T01:47:00+00:00,REV
SHORT,1.139830,1.137670,0.002160,2013-08-14T01:47:00+00:00,2013-08-20T05:11:00+00:00,REV
LONG,1.137670,1.148470,0.010800,2013-08-20T05:11:00+00:00,2013-08-27T01:03:00+00:00,REV
SHORT,1.148470,1.152610,-0.004140,2013-08-27T01:03:00+00:00,2013-09-02T01:10:00+00:00,REV
LONG,1.152610,1.147810,-0.004800,2013-09-02T01:10:00+00:00,2013-09-03T00:53:00+00:00,REV
SHORT,1.147810,1.154510,-0.006700,2013-09-03T00:53:00+00:00,2013-09-03T08:17:00+00:00,REV
LONG,1.154510,1.154330,-0.000180,2013-09-03T08:17:00+00:00,2013-09-06T05:13:00+00:00,REV
SHORT,1.154330,1.154650,-0.000320,2013-09-06T05:13:00+00:00,2013-09-11T01:20:00+00:00,REV
LONG,1.154650,1.149810,-0.004840,2013-09-11T01:20:00+00:00,2013-09-12T00:02:00+00:00,REV
SHORT,1.149810,1.128690,0.021120,2013-09-12T00:02:00+00:00,2013-09-24T04:25:00+00:00,REV
LONG,1.128690,1.128440,-0.000250,2013-09-24T04:25:00+00:00,2013-09-27T00:01:00+00:00,REV
SHORT,1.128440,1.130820,-0.002380,2013-09-27T00:01:00+00:00,2013-10-01T08:23:00+00:00,REV
LONG,1.130820,1.134850,0.004030,2013-10-01T08:23:00+00:00,2013-10-11T12:27:00+00:00,REV
SHORT,1.134850,1.138310,-0.003460,2013-10-11T12:27:00+00:00,2013-10-18T13:28:00+00:00,REV
LONG,1.138310,1.150560,0.012250,2013-10-18T13:28:00+00:00,2013-10-29T01:48:00+00:00,REV
SHORT,1.150560,1.148450,0.002110,2013-10-29T01:48:00+00:00,2013-11-05T00:49:00+00:00,REV
LONG,1.148450,1.140860,-0.007590,2013-11-05T00:49:00+00:00,2013-11-05T12:21:00+00:00,REV
SHORT,1.140860,1.137920,0.002940,2013-11-05T12:21:00+00:00,2013-11-08T21:00:00+00:00,REV
LONG,1.137920,1.130810,-0.007110,2013-11-08T21:00:00+00:00,2013-11-12T16:53:00+00:00,REV
SHORT,1.130810,1.128030,0.002780,2013-11-12T16:53:00+00:00,2013-11-19T07:39:00+00:00,REV
LONG,1.128030,1.124010,-0.004020,2013-11-19T07:39:00+00:00,2013-11-22T00:38:00+00:00,REV
SHORT,1.124010,1.117810,0.006200,2013-11-22T00:38:00+00:00,2013-11-28T02:30:00+00:00,REV
LONG,1.117810,1.112390,-0.005420,2013-11-28T02:30:00+00:00,2013-12-02T16:42:00+00:00,REV
SHORT,1.112390,1.103310,0.009080,2013-12-02T16:42:00+00:00,2013-12-11T07:36:00+00:00,REV
LONG,1.103310,1.094800,-0.008510,2013-12-11T07:36:00+00:00,2013-12-11T22:05:00+00:00,REV
SHORT,1.094800,1.083660,0.011140,2013-12-11T22:05:00+00:00,2013-12-19T14:59:00+00:00,REV
LONG,1.083660,1.087810,0.004150,2013-12-19T14:59:00+00:00,2013-12-27T02:28:00+00:00,REV
SHORT,1.087810,1.088880,-0.001070,2013-12-27T02:28:00+00:00,2014-01-02T21:20:00+00:00,REV
LONG,1.088880,1.080640,-0.008240,2014-01-02T21:20:00+00:00,2014-01-03T22:59:00+00:00,REV
SHORT,1.080640,1.078960,0.001680,2014-01-03T22:59:00+00:00,2014-01-10T00:22:00+00:00,REV
LONG,1.078960,1.077540,-0.001420,2014-01-10T00:22:00+00:00,2014-01-14T06:48:00+00:00,REV
SHORT,1.077540,1.069900,0.007640,2014-01-14T06:48:00+00:00,2014-01-20T10:38:00+00:00,REV
LONG,1.069900,1.056110,-0.013790,2014-01-20T10:38:00+00:00,2014-01-23T13:56:00+00:00,REV
SHORT,1.056110,1.062810,-0.006700,2014-01-23T13:56:00+00:00,2014-01-28T02:27:00+00:00,REV
LONG,1.062810,1.081640,0.018830,2014-01-28T02:27:00+00:00,2014-02-07T16:57:00+00:00,REV
SHORT,1.081640,1.086540,-0.004900,2014-02-07T16:57:00+00:00,2014-02-12T01:06:00+00:00,REV
LONG,1.086540,1.081070,-0.005470,2014-02-12T01:06:00+00:00,2014-02-13T02:30:00+00:00,REV
SHORT,1.081070,1.083170,-0.002100,2014-02-13T02:30:00+00:00,2014-02-18T02:49:00+00:00,REV
LONG,1.083170,1.081520,-0.001650,2014-02-18T02:49:00+00:00,2014-02-26T01:52:00+00:00,REV
SHORT,1.081520,1.071710,0.009810,2014-02-26T01:52:00+00:00,2014-03-04T05:30:00+00:00,REV
LONG,1.071710,1.066510,-0.005200,2014-03-04T05:30:00+00:00,2014-03-10T10:00:00+00:00,REV
SHORT,1.066510,1.061420,0.005090,2014-03-10T10:00:00+00:00,2014-03-17T11:06:00+00:00,REV
LONG,1.061420,1.054570,-0.006850,2014-03-17T11:06:00+00:00,2014-03-20T00:44:00+00:00,REV
SHORT,1.054570,1.060090,-0.005520,2014-03-20T00:44:00+00:00,2014-03-21T03:42:00+00:00,REV
LONG,1.060090,1.065640,0.005550,2014-03-21T03:42:00+00:00,2014-03-27T10:19:00+00:00,REV
SHORT,1.065640,1.069850,-0.004210,2014-03-27T10:19:00+00:00,2014-04-01T03:59:00+00:00,REV
LONG,1.069850,1.064330,-0.005520,2014-04-01T03:59:00+00:00,2014-04-01T13:27:00+00:00,REV
SHORT,1.064330,1.071460,-0.007130,2014-04-01T13:27:00+00:00,2014-04-02T01:12:00+00:00,REV
LONG,1.071460,1.076430,0.004970,2014-04-02T01:12:00+00:00,2014-04-07T17:05:00+00:00,REV
SHORT,1.076430,1.081870,-0.005440,2014-04-07T17:05:00+00:00,2014-04-10T11:21:00+00:00,REV
LONG,1.081870,1.084840,0.002970,2014-04-10T11:21:00+00:00,2014-04-23T04:30:00+00:00,REV
SHORT,1.084840,1.083150,0.001690,2014-04-23T04:30:00+00:00,2014-04-28T08:59:00+00:00,REV
LONG,1.083150,1.079930,-0.003220,2014-04-28T08:59:00+00:00,2014-04-30T16:58:00+00:00,REV
SHORT,1.079930,1.072670,0.007260,2014-04-30T16:58:00+00:00,2014-05-07T00:42:00+00:00,REV
LONG,1.072670,1.081520,0.008850,2014-05-07T00:42:00+00:00,2014-05-13T11:35:00+00:00,REV
SHORT,1.081520,1.087390,-0.005870,2014-05-13T11:35:00+00:00,2014-05-14T09:54:00+00:00,REV
LONG,1.087390,1.081390,-0.006000,2014-05-14T09:54:00+00:00,2014-05-14T19:16:00+00:00,REV
SHORT,1.081390,1.080820,0.000570,2014-05-14T19:16:00+00:00,2014-05-23T15:50:00+00:00,REV
LONG,1.080820,1.093310,0.012490,2014-05-23T15:50:00+00:00,2014-06-03T00:01:00+00:00,REV
SHORT,1.093310,1.097620,-0.004310,2014-06-03T00:01:00+00:00,2014-06-03T17:46:00+00:00,REV
LONG,1.097620,1.096840,-0.000780,2014-06-03T17:46:00+00:00,2014-06-06T10:58:00+00:00,REV
SHORT,1.096840,1.081090,0.015750,2014-06-06T10:58:00+00:00,2014-06-20T16:19:00+00:00,REV
LONG,1.081090,1.076670,-0.004420,2014-06-20T16:19:00+00:00,2014-06-25T13:42:00+00:00,REV
SHORT,1.076670,1.077120,-0.000450,2014-06-25T13:42:00+00:00,2014-06-30T09:28:00+00:00,REV
LONG,1.077120,1.074190,-0.002930,2014-06-30T09:28:00+00:00,2014-07-03T04:00:00+00:00,REV
SHORT,1.074190,1.067350,0.006840,2014-07-03T04:00:00+00:00,2014-07-15T17:41:00+00:00,REV
LONG,1.067350,1.097780,0.030430,2014-07-15T17:41:00+00:00,2014-07-30T21:06:00+00:00,REV
SHORT,1.097780,1.096410,0.001370,2014-07-30T21:06:00+00:00,2014-08-05T16:57:00+00:00,REV
LONG,1.096410,1.093670,-0.002740,2014-08-05T16:57:00+00:00,2014-08-07T13:58:00+00:00,REV
SHORT,1.093670,1.096750,-0.003080,2014-08-07T13:58:00+00:00,2014-08-12T04:33:00+00:00,REV
LONG,1.096750,1.113320,0.016570,2014-08-12T04:33:00+00:00,2014-09-02T00:33:00+00:00,REV
SHORT,1.113320,1.118050,-0.004730,2014-09-02T00:33:00+00:00,2014-09-03T03:21:00+00:00,REV
LONG,1.118050,1.121400,0.003350,2014-09-03T03:21:00+00:00,2014-09-08T18:19:00+00:00,REV
SHORT,1.121400,1.122540,-0.001140,2014-09-08T18:19:00+00:00,2014-09-11T04:38:00+00:00,REV
LONG,1.122540,1.108700,-0.013840,2014-09-11T04:38:00+00:00,2014-09-12T08:14:00+00:00,REV
SHORT,1.108700,1.109440,-0.000740,2014-09-12T08:14:00+00:00,2014-09-17T03:05:00+00:00,REV
LONG,1.109440,1.101940,-0.007500,2014-09-17T03:05:00+00:00,2014-09-18T23:33:00+00:00,REV
SHORT,1.101940,1.098920,0.003020,2014-09-18T23:33:00+00:00,2014-09-24T09:28:00+00:00,REV
LONG,1.098920,1.112460,0.013540,2014-09-24T09:28:00+00:00,2014-10-02T06:09:00+00:00,REV
SHORT,1.112460,1.122790,-0.010330,2014-10-02T06:09:00+00:00,2014-10-07T13:08:00+00:00,REV
LONG,1.122790,1.114020,-0.008770,2014-10-07T13:08:00+00:00,2014-10-09T03:30:00+00:00,REV
SHORT,1.114020,1.114210,-0.000190,2014-10-09T03:30:00+00:00,2014-10-15T08:57:00+00:00,REV
LONG,1.114210,1.106260,-0.007950,2014-10-15T08:57:00+00:00,2014-10-15T16:38:00+00:00,REV
SHORT,1.106260,1.105990,0.000270,2014-10-15T16:38:00+00:00,2014-10-22T16:30:00+00:00,REV
LONG,1.105990,1.114780,0.008790,2014-10-22T16:30:00+00:00,2014-10-28T00:00:00+00:00,REV
SHORT,1.114780,1.122960,-0.008180,2014-10-28T00:00:00+00:00,2014-10-29T21:31:00+00:00,REV
LONG,1.122960,1.119720,-0.003240,2014-10-29T21:31:00+00:00,2014-11-04T23:46:00+00:00,REV
SHORT,1.119720,1.086020,0.033700,2014-11-04T23:46:00+00:00,2014-12-03T20:23:00+00:00,REV
LONG,1.086020,1.077200,-0.008820,2014-12-03T20:23:00+00:00,2014-12-04T17:51:00+00:00,REV
SHORT,1.077200,1.085840,-0.008640,2014-12-04T17:51:00+00:00,2014-12-08T04:50:00+00:00,REV
LONG,1.085840,1.076520,-0.009320,2014-12-08T04:50:00+00:00,2014-12-10T17:41:00+00:00,REV
SHORT,1.076520,1.048330,0.028190,2014-12-10T17:41:00+00:00,2014-12-31T18:32:00+00:00,REV
LONG,1.048330,1.046610,-0.001720,2014-12-31T18:32:00+00:00,2015-01-06T16:49:00+00:00,REV
SHORT,1.046610,1.043670,0.002940,2015-01-06T16:49:00+00:00,2015-01-09T15:56:00+00:00,REV
LONG,1.043670,1.066650,0.022980,2015-01-09T15:56:00+00:00,2015-01-23T05:24:00+00:00,REV
SHORT,1.066650,1.071100,-0.004450,2015-01-23T05:24:00+00:00,2015-01-28T02:30:00+00:00,REV
LONG,1.071100,1.066190,-0.004910,2015-01-28T02:30:00+00:00,2015-02-03T05:29:00+00:00,REV
SHORT,1.066190,1.038840,0.027350,2015-02-03T05:29:00+00:00,2015-02-20T09:32:00+00:00,REV
LONG,1.038840,1.035240,-0.003600,2015-02-20T09:32:00+00:00,2015-02-26T18:12:00+00:00,REV
SHORT,1.035240,1.037170,-0.001930,2015-02-26T18:12:00+00:00,2015-03-03T05:29:00+00:00,REV
LONG,1.037170,1.031220,-0.005950,2015-03-03T05:29:00+00:00,2015-03-04T16:24:00+00:00,REV
SHORT,1.031220,1.040490,-0.009270,2015-03-04T16:24:00+00:00,2015-03-05T11:30:00+00:00,REV
LONG,1.040490,1.045340,0.004850,2015-03-05T11:30:00+00:00,2015-03-11T23:20:00+00:00,REV
SHORT,1.045340,1.043030,0.002310,2015-03-11T23:20:00+00:00,2015-03-18T05:26:00+00:00,REV
LONG,1.043030,1.032710,-0.010320,2015-03-18T05:26:00+00:00,2015-03-19T18:34:00+00:00,REV
SHORT,1.032710,1.033490,-0.000780,2015-03-19T18:34:00+00:00,2015-03-24T16:39:00+00:00,REV
LONG,1.033490,1.026690,-0.006800,2015-03-24T16:39:00+00:00,2015-03-27T18:24:00+00:00,REV
SHORT,1.026690,1.016130,0.010560,2015-03-27T18:24:00+00:00,2015-04-07T07:30:00+00:00,REV
LONG,1.016130,1.015380,-0.000750,2015-04-07T07:30:00+00:00,2015-04-13T05:07:00+00:00,REV
SHORT,1.015380,1.020090,-0.004710,2015-04-13T05:07:00+00:00,2015-04-16T04:46:00+00:00,REV
LONG,1.020090,1.010340,-0.009750,2015-04-16T04:46:00+00:00,2015-04-20T16:08:00+00:00,REV
SHORT,1.010340,1.013810,-0.003470,2015-04-20T16:08:00+00:00,2015-04-23T02:08:00+00:00,REV
LONG,1.013810,1.036440,0.022630,2015-04-23T02:08:00+00:00,2015-05-05T07:30:00+00:00,REV
SHORT,1.036440,1.042530,-0.006090,2015-05-05T07:30:00+00:00,2015-05-05T07:33:00+00:00,REV
LONG,1.042530,1.074320,0.031790,2015-05-05T07:33:00+00:00,2015-05-14T01:45:00+00:00,REV
SHORT,1.074320,1.084100,-0.009780,2015-05-14T01:45:00+00:00,2015-05-19T02:03:00+00:00,REV
LONG,1.084100,1.074590,-0.009510,2015-05-19T02:03:00+00:00,2015-05-20T10:59:00+00:00,REV
SHORT,1.074590,1.070660,0.003930,2015-05-20T10:59:00+00:00,2015-05-29T04:00:00+00:00,REV
LONG,1.070660,1.076320,0.005660,2015-05-29T04:00:00+00:00,2015-06-08T20:18:00+00:00,REV
SHORT,1.076320,1.093770,-0.017450,2015-06-08T20:18:00+00:00,2015-06-11T00:02:00+00:00,REV
LONG,1.093770,1.122950,0.029180,2015-06-11T00:02:00+00:00,2015-06-24T16:05:00+00:00,REV
SHORT,1.122950,1.126490,-0.003540,2015-06-24T16:05:00+00:00,2015-06-30T04:49:00+00:00,REV
LONG,1.126490,1.133070,0.006580,2015-06-30T04:49:00+00:00,2015-07-03T04:32:00+00:00,REV
SHORT,1.133070,1.109720,0.023350,2015-07-03T04:32:00+00:00,2015-07-14T04:35:00+00:00,REV
LONG,1.109720,1.118620,0.008900,2015-07-14T04:35:00+00:00,2015-07-21T03:50:00+00:00,REV
SHORT,1.118620,1.101550,0.017070,2015-07-21T03:50:00+00:00,2015-07-30T04:50:00+00:00,REV
LONG,1.101550,1.119250,0.017700,2015-07-30T04:50:00+00:00,2015-08-07T21:19:00+00:00,REV
SHORT,1.119250,1.122060,-0.002810,2015-08-07T21:19:00+00:00,2015-08-14T01:45:00+00:00,REV
LONG,1.122060,1.119200,-0.002860,2015-08-14T01:45:00+00:00,2015-08-18T04:12:00+00:00,REV
SHORT,1.119200,1.115440,0.003760,2015-08-18T04:12:00+00:00,2015-08-24T16:11:00+00:00,REV
LONG,1.115440,1.103640,-0.011800,2015-08-24T16:11:00+00:00,2015-09-02T04:30:00+00:00,REV
SHORT,1.103640,1.109070,-0.005430,2015-09-02T04:30:00+00:00,2015-09-08T03:42:00+00:00,REV
LONG,1.109070,1.097430,-0.011640,2015-09-08T03:42:00+00:00,2015-09-09T18:02:00+00:00,REV
SHORT,1.097430,1.113260,-0.015830,2015-09-09T18:02:00+00:00,2015-09-10T04:32:00+00:00,REV
LONG,1.113260,1.122720,0.009460,2015-09-10T04:32:00+00:00,2015-09-23T04:45:00+00:00,REV
SHORT,1.122720,1.095270,0.027450,2015-09-23T04:45:00+00:00,2015-10-09T15:48:00+00:00,REV
LONG,1.095270,1.088260,-0.007010,2015-10-09T15:48:00+00:00,2015-10-14T00:31:00+00:00,REV
SHORT,1.088260,1.074150,0.014110,2015-10-14T00:31:00+00:00,2015-10-20T17:10:00+00:00,REV
LONG,1.074150,1.064260,-0.009890,2015-10-20T17:10:00+00:00,2015-10-22T07:34:00+00:00,REV
SHORT,1.064260,1.062600,0.001660,2015-10-22T07:34:00+00:00,2015-11-03T05:30:00+00:00,REV
LONG,1.062600,1.077270,0.014670,2015-11-03T05:30:00+00:00,2015-11-09T00:01:00+00:00,REV
SHORT,1.077270,1.082650,-0.005380,2015-11-09T00:01:00+00:00,2015-11-12T02:30:00+00:00,REV
LONG,1.082650,1.093560,0.010910,2015-11-12T02:30:00+00:00,2015-11-20T04:06:00+00:00,REV
SHORT,1.093560,1.102120,-0.008560,2015-11-20T04:06:00+00:00,2015-11-20T17:25:00+00:00,REV
LONG,1.102120,1.101620,-0.000500,2015-11-20T17:25:00+00:00,2015-11-26T00:17:00+00:00,REV
SHORT,1.101620,1.102360,-0.000740,2015-11-26T00:17:00+00:00,2015-12-02T17:31:00+00:00,REV
LONG,1.102360,1.095950,-0.006410,2015-12-02T17:31:00+00:00,2015-12-04T02:29:00+00:00,REV
SHORT,1.095950,1.066140,0.029810,2015-12-04T02:29:00+00:00,2015-12-23T14:34:00+00:00,REV
LONG,1.066140,1.060580,-0.005560,2015-12-23T14:34:00+00:00,2015-12-28T17:58:00+00:00,REV
SHORT,1.060580,1.064890,-0.004310,2015-12-28T17:58:00+00:00,2015-12-30T08:52:00+00:00,REV
LONG,1.064890,1.062470,-0.002420,2015-12-30T08:52:00+00:00,2016-01-07T03:21:00+00:00,REV
SHORT,1.062470,1.066570,-0.004100,2016-01-07T03:21:00+00:00,2016-01-11T03:15:00+00:00,REV
LONG,1.066570,1.065450,-0.001120,2016-01-11T03:15:00+00:00,2016-01-15T19:55:00+00:00,REV
SHORT,1.065450,1.078770,-0.013320,2016-01-15T19:55:00+00:00,2016-01-20T00:20:00+00:00,REV
LONG,1.078770,1.089940,0.011170,2016-01-20T00:20:00+00:00,2016-02-01T16:56:00+00:00,REV
SHORT,1.089940,1.068910,0.021030,2016-02-01T16:56:00+00:00,2016-02-12T17:12:00+00:00,REV
LONG,1.068910,1.074300,0.005390,2016-02-12T17:12:00+00:00,2016-02-19T03:43:00+00:00,REV
SHORT,1.074300,1.079970,-0.005670,2016-02-19T03:43:00+00:00,2016-02-23T04:39:00+00:00,REV
LONG,1.079970,1.077100,-0.002870,2016-02-23T04:39:00+00:00,2016-02-25T02:31:00+00:00,REV
SHORT,1.077100,1.081050,-0.003950,2016-02-25T02:31:00+00:00,2016-02-29T00:02:00+00:00,REV
LONG,1.081050,1.089450,0.008400,2016-02-29T00:02:00+00:00,2016-03-07T00:03:00+00:00,REV
SHORT,1.089450,1.096300,-0.006850,2016-03-07T00:03:00+00:00,2016-03-07T10:27:00+00:00,REV
LONG,1.096300,1.120850,0.024550,2016-03-07T10:27:00+00:00,2016-03-17T00:38:00+00:00,REV
SHORT,1.120850,1.124470,-0.003620,2016-03-17T00:38:00+00:00,2016-03-22T08:21:00+00:00,REV
LONG,1.124470,1.119040,-0.005430,2016-03-22T08:21:00+00:00,2016-03-24T04:04:00+00:00,REV
SHORT,1.119040,1.125140,-0.006100,2016-03-24T04:04:00+00:00,2016-03-28T00:02:00+00:00,REV
LONG,1.125140,1.120200,-0.004940,2016-03-28T00:02:00+00:00,2016-03-29T05:03:00+00:00,REV
SHORT,1.120200,1.114360,0.005840,2016-03-29T05:03:00+00:00,2016-04-05T01:07:00+00:00,REV
LONG,1.114360,1.107250,-0.007110,2016-04-05T01:07:00+00:00,2016-04-05T19:17:00+00:00,REV
SHORT,1.107250,1.112650,-0.005400,2016-04-05T19:17:00+00:00,2016-04-14T04:38:00+00:00,REV
LONG,1.112650,1.119970,0.007320,2016-04-14T04:38:00+00:00,2016-04-27T04:30:00+00:00,REV
SHORT,1.119970,1.086040,0.033930,2016-04-27T04:30:00+00:00,2016-05-10T04:37:00+00:00,REV
LONG,1.086040,1.079390,-0.006650,2016-05-10T04:37:00+00:00,2016-05-12T02:17:00+00:00,REV
SHORT,1.079390,1.078590,0.000800,2016-05-12T02:17:00+00:00,2016-05-17T04:31:00+00:00,REV
LONG,1.078590,1.071500,-0.007090,2016-05-17T04:31:00+00:00,2016-05-19T00:10:00+00:00,REV
SHORT,1.071500,1.072500,-0.001000,2016-05-19T00:10:00+00:00,2016-05-24T04:45:00+00:00,REV
LONG,1.072500,1.069440,-0.003060,2016-05-24T04:45:00+00:00,2016-05-31T18:49:00+00:00,REV
SHORT,1.069440,1.064610,0.004830,2016-05-31T18:49:00+00:00,2016-06-07T00:49:00+00:00,REV
LONG,1.064610,1.056270,-0.008340,2016-06-07T00:49:00+00:00,2016-06-09T00:02:00+00:00,REV
SHORT,1.056270,1.049520,0.006750,2016-06-09T00:02:00+00:00,2016-06-14T04:18:00+00:00,REV
LONG,1.049520,1.045500,-0.004020,2016-06-14T04:18:00+00:00,2016-06-16T05:49:00+00:00,REV
SHORT,1.045500,1.050830,-0.005330,2016-06-16T05:49:00+00:00,2016-06-21T04:53:00+00:00,REV
LONG,1.050830,1.044810,-0.006020,2016-06-21T04:53:00+00:00,2016-06-22T03:09:00+00:00,REV
SHORT,1.044810,1.050590,-0.005780,2016-06-22T03:09:00+00:00,2016-06-24T00:12:00+00:00,REV
LONG,1.050590,1.044290,-0.006300,2016-06-24T00:12:00+00:00,2016-06-24T04:12:00+00:00,REV
SHORT,1.044290,1.050060,-0.005770,2016-06-24T04:12:00+00:00,2016-06-30T08:37:00+00:00,REV
LONG,1.050060,1.043300,-0.006760,2016-06-30T08:37:00+00:00,2016-07-01T00:06:00+00:00,REV
SHORT,1.043300,1.046570,-0.003270,2016-07-01T00:06:00+00:00,2016-07-06T04:09:00+00:00,REV
LONG,1.046570,1.040800,-0.005770,2016-07-06T04:09:00+00:00,2016-07-07T10:08:00+00:00,REV
SHORT,1.040800,1.044160,-0.003360,2016-07-07T10:08:00+00:00,2016-07-12T01:26:00+00:00,REV
LONG,1.044160,1.061940,0.017780,2016-07-12T01:26:00+00:00,2016-07-20T09:34:00+00:00,REV
SHORT,1.061940,1.055910,0.006030,2016-07-20T09:34:00+00:00,2016-08-03T05:13:00+00:00,REV
LONG,1.055910,1.058860,0.002950,2016-08-03T05:13:00+00:00,2016-08-11T00:02:00+00:00,REV
SHORT,1.058860,1.039740,0.019120,2016-08-11T00:02:00+00:00,2016-09-06T03:13:00+00:00,REV
LONG,1.039740,1.034550,-0.005190,2016-09-06T03:13:00+00:00,2016-09-07T04:30:00+00:00,REV
SHORT,1.034550,1.031210,0.003340,2016-09-07T04:30:00+00:00,2016-09-14T02:54:00+00:00,REV
LONG,1.031210,1.025540,-0.005670,2016-09-14T02:54:00+00:00,2016-09-14T17:11:00+00:00,REV
SHORT,1.025540,1.031270,-0.005730,2016-09-14T17:11:00+00:00,2016-09-19T02:12:00+00:00,REV
LONG,1.031270,1.048920,0.017650,2016-09-19T02:12:00+00:00,2016-09-30T08:43:00+00:00,REV
SHORT,1.048920,1.057010,-0.008090,2016-09-30T08:43:00+00:00,2016-10-04T20:01:00+00:00,REV
LONG,1.057010,1.065840,0.008830,2016-10-04T20:01:00+00:00,2016-10-14T00:00:00+00:00,REV
SHORT,1.065840,1.074180,-0.008340,2016-10-14T00:00:00+00:00,2016-10-14T12:53:00+00:00,REV
LONG,1.074180,1.065490,-0.008690,2016-10-14T12:53:00+00:00,2016-10-18T00:44:00+00:00,REV
SHORT,1.065490,1.067140,-0.001650,2016-10-18T00:44:00+00:00,2016-10-25T00:58:00+00:00,REV
LONG,1.067140,1.064390,-0.002750,2016-10-25T00:58:00+00:00,2016-10-28T06:20:00+00:00,REV
SHORT,1.064390,1.066530,-0.002140,2016-10-28T06:20:00+00:00,2016-11-01T06:36:00+00:00,REV
LONG,1.066530,1.059220,-0.007310,2016-11-01T06:36:00+00:00,2016-11-02T00:45:00+00:00,REV
SHORT,1.059220,1.053330,0.005890,2016-11-02T00:45:00+00:00,2016-11-07T16:43:00+00:00,REV
LONG,1.053330,1.044660,-0.008670,2016-11-07T16:43:00+00:00,2016-11-09T04:05:00+00:00,REV
SHORT,1.044660,1.053280,-0.008620,2016-11-09T04:05:00+00:00,2016-11-10T05:48:00+00:00,REV
LONG,1.053280,1.056620,0.003340,2016-11-10T05:48:00+00:00,2016-11-17T00:01:00+00:00,REV
SHORT,1.056620,1.049450,0.007170,2016-11-17T00:01:00+00:00,2016-11-23T03:18:00+00:00,REV
LONG,1.049450,1.053410,0.003960,2016-11-23T03:18:00+00:00,2016-11-29T11:39:00+00:00,REV
SHORT,1.053410,1.049200,0.004210,2016-11-29T11:39:00+00:00,2016-12-05T01:51:00+00:00,REV
LONG,1.049200,1.042420,-0.006780,2016-12-05T01:51:00+00:00,2016-12-06T03:34:00+00:00,REV
SHORT,1.042420,1.044470,-0.002050,2016-12-06T03:34:00+00:00,2016-12-12T00:08:00+00:00,REV
LONG,1.044470,1.038340,-0.006130,2016-12-12T00:08:00+00:00,2016-12-14T04:10:00+00:00,REV
SHORT,1.038340,1.042810,-0.004470,2016-12-14T04:10:00+00:00,2016-12-15T02:30:00+00:00,REV
LONG,1.042810,1.044170,0.001360,2016-12-15T02:30:00+00:00,2016-12-22T10:54:00+00:00,REV
SHORT,1.044170,1.040160,0.004010,2016-12-22T10:54:00+00:00,2017-01-03T12:00:00+00:00,REV
LONG,1.040160,1.050460,0.010300,2017-01-03T12:00:00+00:00,2017-01-13T15:30:00+00:00,REV
SHORT,1.050460,1.053690,-0.003230,2017-01-13T15:30:00+00:00,2017-01-19T00:03:00+00:00,REV
LONG,1.053690,1.049320,-0.004370,2017-01-19T00:03:00+00:00,2017-01-23T09:16:00+00:00,REV
SHORT,1.049320,1.041880,0.007440,2017-01-23T09:16:00+00:00,2017-02-01T10:15:00+00:00,REV
LONG,1.041880,1.045430,0.003550,2017-02-01T10:15:00+00:00,2017-02-07T00:00:00+00:00,REV
SHORT,1.045430,1.050750,-0.005320,2017-02-07T00:00:00+00:00,2017-02-08T22:04:00+00:00,REV
LONG,1.050750,1.063680,0.012930,2017-02-08T22:04:00+00:00,2017-02-16T21:24:00+00:00,REV
SHORT,1.063680,1.070900,-0.007220,2017-02-16T21:24:00+00:00,2017-02-17T07:32:00+00:00,REV
LONG,1.070900,1.068080,-0.002820,2017-02-17T07:32:00+00:00,2017-02-23T02:32:00+00:00,REV
SHORT,1.068080,1.069370,-0.001290,2017-02-23T02:32:00+00:00,2017-02-28T03:49:00+00:00,REV
LONG,1.069370,1.064280,-0.005090,2017-02-28T03:49:00+00:00,2017-02-28T17:13:00+00:00,REV
SHORT,1.064280,1.069990,-0.005710,2017-02-28T17:13:00+00:00,2017-03-01T02:47:00+00:00,REV
LONG,1.069990,1.094830,0.024840,2017-03-01T02:47:00+00:00,2017-03-21T05:02:00+00:00,REV
SHORT,1.094830,1.088970,0.005860,2017-03-21T05:02:00+00:00,2017-03-28T21:00:00+00:00,REV
LONG,1.088970,1.087700,-0.001270,2017-03-28T21:00:00+00:00,2017-04-03T04:30:00+00:00,REV
SHORT,1.087700,1.082930,0.004770,2017-04-03T04:30:00+00:00,2017-04-13T04:38:00+00:00,REV
LONG,1.082930,1.078770,-0.004160,2017-04-13T04:38:00+00:00,2017-04-18T05:09:00+00:00,REV
SHORT,1.078770,1.075210,0.003560,2017-04-18T05:09:00+00:00,2017-04-21T01:57:00+00:00,REV
LONG,1.075210,1.084920,0.009710,2017-04-21T01:57:00+00:00,2017-05-03T01:31:00+00:00,REV
SHORT,1.084920,1.071850,0.013070,2017-05-03T01:31:00+00:00,2017-05-11T00:02:00+00:00,REV
LONG,1.071850,1.075100,0.003250,2017-05-11T00:02:00+00:00,2017-05-16T05:27:00+00:00,REV
SHORT,1.075100,1.078990,-0.003890,2017-05-16T05:27:00+00:00,2017-05-19T09:09:00+00:00,REV
LONG,1.078990,1.069180,-0.009810,2017-05-19T09:09:00+00:00,2017-05-22T19:04:00+00:00,REV
SHORT,1.069180,1.049170,0.020010,2017-05-22T19:04:00+00:00,2017-06-06T01:47:00+00:00,REV
LONG,1.049170,1.043400,-0.005770,2017-06-06T01:47:00+00:00,2017-06-09T23:59:00+00:00,REV
SHORT,1.043400,1.049870,-0.006470,2017-06-09T23:59:00+00:00,2017-06-12T09:56:00+00:00,REV
LONG,1.049870,1.042970,-0.006900,2017-06-12T09:56:00+00:00,2017-06-14T00:00:00+00:00,REV
SHORT,1.042970,1.048390,-0.005420,2017-06-14T00:00:00+00:00,2017-06-15T01:46:00+00:00,REV
LONG,1.048390,1.044640,-0.003750,2017-06-15T01:46:00+00:00,2017-06-21T10:41:00+00:00,REV
SHORT,1.044640,1.042620,0.002020,2017-06-21T10:41:00+00:00,2017-06-27T17:26:00+00:00,REV
LONG,1.042620,1.045860,0.003240,2017-06-27T17:26:00+00:00,2017-07-04T08:39:00+00:00,REV
SHORT,1.045860,1.047020,-0.001160,2017-07-04T08:39:00+00:00,2017-07-11T01:45:00+00:00,REV
LONG,1.047020,1.073390,0.026370,2017-07-11T01:45:00+00:00,2017-07-21T03:56:00+00:00,REV
SHORT,1.073390,1.067140,0.006250,2017-07-21T03:56:00+00:00,2017-08-01T03:38:00+00:00,REV
LONG,1.067140,1.069650,0.002510,2017-08-01T03:38:00+00:00,2017-08-10T00:00:00+00:00,REV
SHORT,1.069650,1.080660,-0.011010,2017-08-10T00:00:00+00:00,2017-08-10T08:16:00+00:00,REV
LONG,1.080660,1.076560,-0.004100,2017-08-10T08:16:00+00:00,2017-08-15T00:00:00+00:00,REV
SHORT,1.076560,1.082250,-0.005690,2017-08-15T00:00:00+00:00,2017-08-16T02:51:00+00:00,REV
LONG,1.082250,1.093410,0.011160,2017-08-16T02:51:00+00:00,2017-08-29T02:06:00+00:00,REV
SHORT,1.093410,1.098500,-0.005090,2017-08-29T02:06:00+00:00,2017-08-30T04:31:00+00:00,REV
LONG,1.098500,1.105420,0.006920,2017-08-30T04:31:00+00:00,2017-09-05T17:44:00+00:00,REV
SHORT,1.105420,1.113150,-0.007730,2017-09-05T17:44:00+00:00,2017-09-07T10:31:00+00:00,REV
LONG,1.113150,1.105770,-0.007380,2017-09-07T10:31:00+00:00,2017-09-11T11:47:00+00:00,REV
SHORT,1.105770,1.093550,0.012220,2017-09-11T11:47:00+00:00,2017-09-25T03:07:00+00:00,REV
LONG,1.093550,1.086770,-0.006780,2017-09-25T03:07:00+00:00,2017-09-28T03:49:00+00:00,REV
SHORT,1.086770,1.088480,-0.001710,2017-09-28T03:49:00+00:00,2017-10-03T00:01:00+00:00,REV
LONG,1.088480,1.091920,0.003440,2017-10-03T00:01:00+00:00,2017-10-06T06:16:00+00:00,REV
SHORT,1.091920,1.099520,-0.007600,2017-10-06T06:16:00+00:00,2017-10-09T00:00:00+00:00,REV
LONG,1.099520,1.096540,-0.002980,2017-10-09T00:00:00+00:00,2017-10-12T20:08:00+00:00,REV
SHORT,1.096540,1.099380,-0.002840,2017-10-12T20:08:00+00:00,2017-10-19T04:14:00+00:00,REV
LONG,1.099380,1.118800,0.019420,2017-10-19T04:14:00+00:00,2017-10-24T00:48:00+00:00,REV
SHORT,1.118800,1.125920,-0.007120,2017-10-24T00:48:00+00:00,2017-10-24T06:00:00+00:00,REV
LONG,1.125920,1.116960,-0.008960,2017-10-24T06:00:00+00:00,2017-10-27T06:18:00+00:00,REV
SHORT,1.116960,1.109650,0.007310,2017-10-27T06:18:00+00:00,2017-11-14T04:13:00+00:00,REV
LONG,1.109650,1.103380,-0.006270,2017-11-14T04:13:00+00:00,2017-11-15T02:54:00+00:00,REV
SHORT,1.103380,1.110460,-0.007080,2017-11-15T02:54:00+00:00,2017-11-17T10:09:00+00:00,REV
LONG,1.110460,1.105700,-0.004760,2017-11-17T10:09:00+00:00,2017-11-22T21:32:00+00:00,REV
SHORT,1.105700,1.103620,0.002080,2017-11-22T21:32:00+00:00,2017-11-30T02:03:00+00:00,REV
LONG,1.103620,1.104870,0.001250,2017-11-30T02:03:00+00:00,2017-12-06T02:30:00+00:00,REV
SHORT,1.104870,1.091560,0.013310,2017-12-06T02:30:00+00:00,2017-12-14T02:31:00+00:00,REV
LONG,1.091560,1.092570,0.001010,2017-12-14T02:31:00+00:00,2017-12-21T00:00:00+00:00,REV
SHORT,1.092570,1.101360,-0.008790,2017-12-21T00:00:00+00:00,2017-12-22T15:20:00+00:00,REV
LONG,1.101360,1.096720,-0.004640,2017-12-22T15:20:00+00:00,2018-01-02T00:10:00+00:00,REV
SHORT,1.096720,1.101720,-0.005000,2018-01-02T00:10:00+00:00,2018-01-02T01:03:00+00:00,REV
LONG,1.101720,1.097910,-0.003810,2018-01-02T01:03:00+00:00,2018-01-05T02:30:00+00:00,REV
SHORT,1.097910,1.094320,0.003590,2018-01-05T02:30:00+00:00,2018-01-16T08:15:00+00:00,REV
LONG,1.094320,1.092750,-0.001570,2018-01-16T08:15:00+00:00,2018-01-23T03:20:00+00:00,REV
SHORT,1.092750,1.099220,-0.006470,2018-01-23T03:20:00+00:00,2018-01-24T23:56:00+00:00,REV
LONG,1.099220,1.100960,0.001740,2018-01-24T23:56:00+00:00,2018-01-31T02:30:00+00:00,REV
SHORT,1.100960,1.085080,0.015880,2018-01-31T02:30:00+00:00,2018-02-08T02:22:00+00:00,REV
LONG,1.085080,1.074750,-0.010330,2018-02-08T02:22:00+00:00,2018-02-09T20:24:00+00:00,REV
SHORT,1.074750,1.083360,-0.008610,2018-02-09T20:24:00+00:00,2018-02-13T02:54:00+00:00,REV
LONG,1.083360,1.076110,-0.007250,2018-02-13T02:54:00+00:00,2018-02-14T04:04:00+00:00,REV
SHORT,1.076110,1.076000,0.000110,2018-02-14T04:04:00+00:00,2018-02-20T06:14:00+00:00,REV
LONG,1.076000,1.070200,-0.005800,2018-02-20T06:14:00+00:00,2018-02-21T09:10:00+00:00,REV
SHORT,1.070200,1.075410,-0.005210,2018-02-21T09:10:00+00:00,2018-02-26T00:40:00+00:00,REV
LONG,1.075410,1.074830,-0.000580,2018-02-26T00:40:00+00:00,2018-03-01T02:36:00+00:00,REV
SHORT,1.074830,1.074940,-0.000110,2018-03-01T02:36:00+00:00,2018-03-06T01:26:00+00:00,REV
LONG,1.074940,1.070410,-0.004530,2018-03-06T01:26:00+00:00,2018-03-07T01:01:00+00:00,REV
SHORT,1.070410,1.076050,-0.005640,2018-03-07T01:01:00+00:00,2018-03-09T17:42:00+00:00,REV
LONG,1.076050,1.071570,-0.004480,2018-03-09T17:42:00+00:00,2018-03-14T00:32:00+00:00,REV
SHORT,1.071570,1.070500,0.001070,2018-03-14T00:32:00+00:00,2018-03-21T00:43:00+00:00,REV
LONG,1.070500,1.065500,-0.005000,2018-03-21T00:43:00+00:00,2018-03-23T02:02:00+00:00,REV
SHORT,1.065500,1.063840,0.001660,2018-03-23T02:02:00+00:00,2018-03-29T04:31:00+00:00,REV
LONG,1.063840,1.059480,-0.004360,2018-03-29T04:31:00+00:00,2018-04-03T15:31:00+00:00,REV
SHORT,1.059480,1.059810,-0.000330,2018-04-03T15:31:00+00:00,2018-04-06T11:36:00+00:00,REV
LONG,1.059810,1.052500,-0.007310,2018-04-06T11:36:00+00:00,2018-04-09T10:00:00+00:00,REV
SHORT,1.052500,1.055720,-0.003220,2018-04-09T10:00:00+00:00,2018-04-13T10:44:00+00:00,REV
LONG,1.055720,1.068190,0.012470,2018-04-13T10:44:00+00:00,2018-05-02T00:00:00+00:00,REV
SHORT,1.068190,1.072250,-0.004060,2018-05-02T00:00:00+00:00,2018-05-02T21:02:00+00:00,REV
LONG,1.072250,1.068730,-0.003520,2018-05-02T21:02:00+00:00,2018-05-08T04:32:00+00:00,REV
SHORT,1.068730,1.072410,-0.003680,2018-05-08T04:32:00+00:00,2018-05-10T00:01:00+00:00,REV
LONG,1.072410,1.085070,0.012660,2018-05-10T00:01:00+00:00,2018-05-18T23:50:00+00:00,REV
SHORT,1.085070,1.092940,-0.007870,2018-05-18T23:50:00+00:00,2018-05-22T12:48:00+00:00,REV
LONG,1.092940,1.090920,-0.002020,2018-05-22T12:48:00+00:00,2018-05-25T23:54:00+00:00,REV
SHORT,1.090920,1.085830,0.005090,2018-05-25T23:54:00+00:00,2018-06-04T04:30:00+00:00,REV
LONG,1.085830,1.083000,-0.002830,2018-06-04T04:30:00+00:00,2018-06-07T22:00:00+00:00,REV
SHORT,1.083000,1.074960,0.008040,2018-06-07T22:00:00+00:00,2018-06-21T03:54:00+00:00,REV
LONG,1.074960,1.090130,0.015170,2018-06-21T03:54:00+00:00,2018-07-05T06:02:00+00:00,REV
SHORT,1.090130,1.092790,-0.002660,2018-07-05T06:02:00+00:00,2018-07-09T11:51:00+00:00,REV
LONG,1.092790,1.091080,-0.001710,2018-07-09T11:51:00+00:00,2018-07-17T06:11:00+00:00,REV
SHORT,1.091080,1.091830,-0.000750,2018-07-17T06:11:00+00:00,2018-07-25T01:45:00+00:00,REV
LONG,1.091830,1.086080,-0.005750,2018-07-25T01:45:00+00:00,2018-07-26T23:59:00+00:00,REV
SHORT,1.086080,1.091220,-0.005140,2018-07-26T23:59:00+00:00,2018-07-31T16:25:00+00:00,REV
LONG,1.091220,1.103330,0.012110,2018-07-31T16:25:00+00:00,2018-08-14T05:01:00+00:00,REV
SHORT,1.103330,1.104970,-0.001640,2018-08-14T05:01:00+00:00,2018-08-20T10:56:00+00:00,REV
LONG,1.104970,1.099930,-0.005040,2018-08-20T10:56:00+00:00,2018-08-21T23:45:00+00:00,REV
SHORT,1.099930,1.093510,0.006420,2018-08-21T23:45:00+00:00,2018-09-04T07:36:00+00:00,REV
LONG,1.093510,1.089790,-0.003720,2018-09-04T07:36:00+00:00,2018-09-06T00:00:00+00:00,REV
SHORT,1.089790,1.092030,-0.002240,2018-09-06T00:00:00+00:00,2018-09-12T01:42:00+00:00,REV
LONG,1.092030,1.091050,-0.000980,2018-09-12T01:42:00+00:00,2018-09-17T00:04:00+00:00,REV
SHORT,1.091050,1.095130,-0.004080,2018-09-17T00:04:00+00:00,2018-09-18T16:51:00+00:00,REV
LONG,1.095130,1.089220,-0.005910,2018-09-18T16:51:00+00:00,2018-09-21T02:11:00+00:00,REV
SHORT,1.089220,1.092630,-0.003410,2018-09-21T02:11:00+00:00,2018-09-25T00:40:00+00:00,REV
LONG,1.092630,1.087870,-0.004760,2018-09-25T00:40:00+00:00,2018-09-26T04:00:00+00:00,REV
SHORT,1.087870,1.092770,-0.004900,2018-09-26T04:00:00+00:00,2018-09-28T11:14:00+00:00,REV
LONG,1.092770,1.093000,0.000230,2018-09-28T11:14:00+00:00,2018-10-10T23:52:00+00:00,REV
SHORT,1.093000,1.089480,0.003520,2018-10-10T23:52:00+00:00,2018-10-18T03:39:00+00:00,REV
LONG,1.089480,1.082200,-0.007280,2018-10-18T03:39:00+00:00,2018-10-19T11:16:00+00:00,REV
SHORT,1.082200,1.082280,-0.000080,2018-10-19T11:16:00+00:00,2018-10-24T02:43:00+00:00,REV
LONG,1.082280,1.080690,-0.001590,2018-10-24T02:43:00+00:00,2018-10-31T03:30:00+00:00,REV
SHORT,1.080690,1.085910,-0.005220,2018-10-31T03:30:00+00:00,2018-11-01T03:30:00+00:00,REV
LONG,1.085910,1.080930,-0.004980,2018-11-01T03:30:00+00:00,2018-11-05T02:41:00+00:00,REV
SHORT,1.080930,1.076720,0.004210,2018-11-05T02:41:00+00:00,2018-11-09T01:44:00+00:00,REV
LONG,1.076720,1.070800,-0.005920,2018-11-09T01:44:00+00:00,2018-11-12T11:29:00+00:00,REV
SHORT,1.070800,1.069990,0.000810,2018-11-12T11:29:00+00:00,2018-11-15T02:51:00+00:00,REV
LONG,1.069990,1.063260,-0.006730,2018-11-15T02:51:00+00:00,2018-11-20T05:57:00+00:00,REV
SHORT,1.063260,1.066380,-0.003120,2018-11-20T05:57:00+00:00,2018-11-23T13:50:00+00:00,REV
LONG,1.066380,1.063020,-0.003360,2018-11-23T13:50:00+00:00,2018-11-27T19:22:00+00:00,REV
SHORT,1.063020,1.050130,0.012890,2018-11-27T19:22:00+00:00,2018-12-12T09:12:00+00:00,REV
LONG,1.050130,1.051990,0.001860,2018-12-12T09:12:00+00:00,2018-12-18T02:00:00+00:00,REV
SHORT,1.051990,1.055350,-0.003360,2018-12-18T02:00:00+00:00,2018-12-20T09:30:00+00:00,REV
LONG,1.055350,1.046320,-0.009030,2018-12-20T09:30:00+00:00,2018-12-24T00:00:00+00:00,REV
SHORT,1.046320,1.050300,-0.003980,2018-12-24T00:00:00+00:00,2018-12-26T21:03:00+00:00,REV
LONG,1.050300,1.048350,-0.001950,2018-12-26T21:03:00+00:00,2019-01-02T00:09:00+00:00,REV
SHORT,1.048350,1.051090,-0.002740,2019-01-02T00:09:00+00:00,2019-01-04T11:10:00+00:00,REV
LONG,1.051090,1.054960,0.003870,2019-01-04T11:10:00+00:00,2019-01-10T03:22:00+00:00,REV
SHORT,1.054960,1.057580,-0.002620,2019-01-10T03:22:00+00:00,2019-01-16T11:35:00+00:00,REV
LONG,1.057580,1.060860,0.003280,2019-01-16T11:35:00+00:00,2019-01-22T05:41:00+00:00,REV
SHORT,1.060860,1.051110,0.009750,2019-01-22T05:41:00+00:00,2019-01-30T02:34:00+00:00,REV
LONG,1.051110,1.047040,-0.004070,2019-01-30T02:34:00+00:00,2019-02-05T02:30:00+00:00,REV
SHORT,1.047040,1.052060,-0.005020,2019-02-05T02:30:00+00:00,2019-02-05T06:20:00+00:00,REV
LONG,1.052060,1.045550,-0.006510,2019-02-05T06:20:00+00:00,2019-02-06T03:30:00+00:00,REV
SHORT,1.045550,1.052920,-0.007370,2019-02-06T03:30:00+00:00,2019-02-08T00:09:00+00:00,REV
LONG,1.052920,1.048170,-0.004750,2019-02-08T00:09:00+00:00,2019-02-13T03:00:00+00:00,REV
SHORT,1.048170,1.042040,0.006130,2019-02-13T03:00:00+00:00,2019-02-19T09:56:00+00:00,REV
LONG,1.042040,1.039700,-0.002340,2019-02-19T09:56:00+00:00,2019-02-25T00:04:00+00:00,REV
SHORT,1.039700,1.043460,-0.003760,2019-02-25T00:04:00+00:00,2019-02-27T00:38:00+00:00,REV
LONG,1.043460,1.040590,-0.002870,2019-02-27T00:38:00+00:00,2019-03-01T00:01:00+00:00,REV
SHORT,1.040590,1.042640,-0.002050,2019-03-01T00:01:00+00:00,2019-03-05T17:00:00+00:00,REV
LONG,1.042640,1.038110,-0.004530,2019-03-05T17:00:00+00:00,2019-03-06T09:16:00+00:00,REV
SHORT,1.038110,1.035590,0.002520,2019-03-06T09:16:00+00:00,2019-03-14T18:20:00+00:00,REV
LONG,1.035590,1.034020,-0.001570,2019-03-14T18:20:00+00:00,2019-03-19T15:24:00+00:00,REV
SHORT,1.034020,1.031670,0.002350,2019-03-19T15:24:00+00:00,2019-03-26T07:37:00+00:00,REV
LONG,1.031670,1.058000,0.026330,2019-03-26T07:37:00+00:00,2019-04-16T06:23:00+00:00,REV
SHORT,1.058000,1.062390,-0.004390,2019-04-16T06:23:00+00:00,2019-04-17T01:45:00+00:00,REV
LONG,1.062390,1.067470,0.005080,2019-04-17T01:45:00+00:00,2019-04-23T03:00:00+00:00,REV
SHORT,1.067470,1.059060,0.008410,2019-04-23T03:00:00+00:00,2019-05-01T01:45:00+00:00,REV
LONG,1.059060,1.054150,-0.004910,2019-05-01T01:45:00+00:00,2019-05-06T00:01:00+00:00,REV
SHORT,1.054150,1.059570,-0.005420,2019-05-06T00:01:00+00:00,2019-05-07T04:30:00+00:00,REV
LONG,1.059570,1.058600,-0.000970,2019-05-07T04:30:00+00:00,2019-05-13T15:07:00+00:00,REV
SHORT,1.058600,1.058550,0.000050,2019-05-13T15:07:00+00:00,2019-05-20T00:00:00+00:00,REV
LONG,1.058550,1.056960,-0.001590,2019-05-20T00:00:00+00:00,2019-05-24T04:23:00+00:00,REV
SHORT,1.056960,1.058830,-0.001870,2019-05-24T04:23:00+00:00,2019-05-28T17:48:00+00:00,REV
LONG,1.058830,1.059940,0.001110,2019-05-28T17:48:00+00:00,2019-06-03T10:14:00+00:00,REV
SHORT,1.059940,1.054650,0.005290,2019-06-03T10:14:00+00:00,2019-06-11T05:56:00+00:00,REV
LONG,1.054650,1.052410,-0.002240,2019-06-11T05:56:00+00:00,2019-06-13T04:30:00+00:00,REV
SHORT,1.052410,1.058260,-0.005850,2019-06-13T04:30:00+00:00,2019-06-14T22:28:00+00:00,REV
LONG,1.058260,1.052050,-0.006210,2019-06-14T22:28:00+00:00,2019-06-18T10:21:00+00:00,REV
SHORT,1.052050,1.053810,-0.001760,2019-06-18T10:21:00+00:00,2019-06-21T10:49:00+00:00,REV
LONG,1.053810,1.049720,-0.004090,2019-06-21T10:49:00+00:00,2019-06-25T03:41:00+00:00,REV
SHORT,1.049720,1.046950,0.002770,2019-06-25T03:41:00+00:00,2019-07-02T09:32:00+00:00,REV
LONG,1.046950,1.049110,0.002160,2019-07-02T09:32:00+00:00,2019-07-09T11:44:00+00:00,REV
SHORT,1.049110,1.049370,-0.000260,2019-07-09T11:44:00+00:00,2019-07-15T00:28:00+00:00,REV
LONG,1.049370,1.044560,-0.004810,2019-07-15T00:28:00+00:00,2019-07-16T06:10:00+00:00,REV
SHORT,1.044560,1.043650,0.000910,2019-07-16T06:10:00+00:00,2019-07-23T02:55:00+00:00,REV
LONG,1.043650,1.040330,-0.003320,2019-07-23T02:55:00+00:00,2019-07-30T00:00:00+00:00,REV
SHORT,1.040330,1.043670,-0.003340,2019-07-30T00:00:00+00:00,2019-07-31T04:39:00+00:00,REV
LONG,1.043670,1.038560,-0.005110,2019-07-31T04:39:00+00:00,2019-08-01T21:01:00+00:00,REV
SHORT,1.038560,1.042980,-0.004420,2019-08-01T21:01:00+00:00,2019-08-07T05:00:00+00:00,REV
LONG,1.042980,1.045920,0.002940,2019-08-07T05:00:00+00:00,2019-08-12T15:25:00+00:00,REV
SHORT,1.045920,1.051650,-0.005730,2019-08-12T15:25:00+00:00,2019-08-13T15:47:00+00:00,REV
LONG,1.051650,1.055960,0.004310,2019-08-13T15:47:00+00:00,2019-08-23T18:30:00+00:00,REV
SHORT,1.055960,1.061660,-0.005700,2019-08-23T18:30:00+00:00,2019-08-27T07:51:00+00:00,REV
LONG,1.061660,1.065960,0.004300,2019-08-27T07:51:00+00:00,2019-09-06T11:50:00+00:00,REV
SHORT,1.065960,1.069650,-0.003690,2019-09-06T11:50:00+00:00,2019-09-11T10:38:00+00:00,REV
LONG,1.069650,1.078210,0.008560,2019-09-11T10:38:00+00:00,2019-09-19T04:32:00+00:00,REV
SHORT,1.078210,1.081620,-0.003410,2019-09-19T04:32:00+00:00,2019-09-20T10:41:00+00:00,REV
LONG,1.081620,1.075560,-0.006060,2019-09-20T10:41:00+00:00,2019-09-24T00:03:00+00:00,REV
SHORT,1.075560,1.077230,-0.001670,2019-09-24T00:03:00+00:00,2019-09-30T03:22:00+00:00,REV
LONG,1.077230,1.072620,-0.004610,2019-09-30T03:22:00+00:00,2019-10-02T10:32:00+00:00,REV
SHORT,1.072620,1.070730,0.001890,2019-10-02T10:32:00+00:00,2019-10-11T03:53:00+00:00,REV
LONG,1.070730,1.071720,0.000990,2019-10-11T03:53:00+00:00,2019-10-16T00:45:00+00:00,REV
SHORT,1.071720,1.078240,-0.006520,2019-10-16T00:45:00+00:00,2019-10-17T03:53:00+00:00,REV
LONG,1.078240,1.071300,-0.006940,2019-10-17T03:53:00+00:00,2019-10-22T00:00:00+00:00,REV
SHORT,1.071300,1.071090,0.000210,2019-10-22T00:00:00+00:00,2019-10-25T09:49:00+00:00,REV
LONG,1.071090,1.074340,0.003250,2019-10-25T09:49:00+00:00,2019-10-31T16:01:00+00:00,REV
SHORT,1.074340,1.077010,-0.002670,2019-10-31T16:01:00+00:00,2019-11-05T01:35:00+00:00,REV
LONG,1.077010,1.080230,0.003220,2019-11-05T01:35:00+00:00,2019-11-11T04:35:00+00:00,REV
SHORT,1.080230,1.043210,0.037020,2019-11-11T04:35:00+00:00,2019-12-11T03:30:00+00:00,REV
LONG,1.043210,1.041940,-0.001270,2019-12-11T03:30:00+00:00,2019-12-16T00:22:00+00:00,REV
SHORT,1.041940,1.044210,-0.002270,2019-12-16T00:22:00+00:00,2019-12-19T02:30:00+00:00,REV
LONG,1.044210,1.041100,-0.003110,2019-12-19T02:30:00+00:00,2019-12-25T09:30:00+00:00,REV
SHORT,1.041100,1.042440,-0.001340,2019-12-25T09:30:00+00:00,2019-12-31T10:48:00+00:00,REV
LONG,1.042440,1.040240,-0.002200,2019-12-31T10:48:00+00:00,2020-01-06T17:10:00+00:00,REV
SHORT,1.040240,1.038700,0.001540,2020-01-06T17:10:00+00:00,2020-01-10T02:30:00+00:00,REV
LONG,1.038700,1.039910,0.001210,2020-01-10T02:30:00+00:00,2020-01-16T15:29:00+00:00,REV
SHORT,1.039910,1.041020,-0.001110,2020-01-16T15:29:00+00:00,2020-01-23T02:30:00+00:00,REV
LONG,1.041020,1.036360,-0.004660,2020-01-23T02:30:00+00:00,2020-01-23T23:28:00+00:00,REV
SHORT,1.036360,1.035870,0.000490,2020-01-23T23:28:00+00:00,2020-01-29T04:19:00+00:00,REV
LONG,1.035870,1.032570,-0.003300,2020-01-29T04:19:00+00:00,2020-02-03T00:00:00+00:00,REV
SHORT,1.032570,1.036780,-0.004210,2020-02-03T00:00:00+00:00,2020-02-03T01:45:00+00:00,REV
LONG,1.036780,1.040590,0.003810,2020-02-03T01:45:00+00:00,2020-02-12T04:03:00+00:00,REV
SHORT,1.040590,1.045660,-0.005070,2020-02-12T04:03:00+00:00,2020-02-17T05:01:00+00:00,REV
LONG,1.045660,1.041850,-0.003810,2020-02-17T05:01:00+00:00,2020-02-18T02:30:00+00:00,REV
SHORT,1.041850,1.046820,-0.004970,2020-02-18T02:30:00+00:00,2020-02-18T16:40:00+00:00,REV
LONG,1.046820,1.042870,-0.003950,2020-02-18T16:40:00+00:00,2020-02-21T23:38:00+00:00,REV
SHORT,1.042870,1.045800,-0.002930,2020-02-21T23:38:00+00:00,2020-02-28T04:25:00+00:00,REV
LONG,1.045800,1.046420,0.000620,2020-02-28T04:25:00+00:00,2020-03-06T02:30:00+00:00,REV
SHORT,1.046420,1.015370,0.031050,2020-03-06T02:30:00+00:00,2020-03-19T01:59:00+00:00,REV
LONG,1.015370,1.017480,0.002110,2020-03-19T01:59:00+00:00,2020-03-26T00:28:00+00:00,REV
SHORT,1.017480,1.025050,-0.007570,2020-03-26T00:28:00+00:00,2020-03-30T17:52:00+00:00,REV
LONG,1.025050,1.051120,0.026070,2020-03-30T17:52:00+00:00,2020-04-20T00:06:00+00:00,REV
SHORT,1.051120,1.055650,-0.004530,2020-04-20T00:06:00+00:00,2020-04-22T02:23:00+00:00,REV
LONG,1.055650,1.067160,0.011510,2020-04-22T02:23:00+00:00,2020-04-30T02:21:00+00:00,REV
SHORT,1.067160,1.064620,0.002540,2020-04-30T02:21:00+00:00,2020-05-05T13:23:00+00:00,REV
LONG,1.064620,1.061920,-0.002700,2020-05-05T13:23:00+00:00,2020-05-11T00:00:00+00:00,REV
SHORT,1.061920,1.068810,-0.006890,2020-05-11T00:00:00+00:00,2020-05-13T05:02:00+00:00,REV
LONG,1.068810,1.075260,0.006450,2020-05-13T05:02:00+00:00,2020-05-19T12:57:00+00:00,REV
SHORT,1.075260,1.073770,0.001490,2020-05-19T12:57:00+00:00,2020-05-26T04:08:00+00:00,REV
LONG,1.073770,1.069260,-0.004510,2020-05-26T04:08:00+00:00,2020-05-27T15:26:00+00:00,REV
SHORT,1.069260,1.074060,-0.004800,2020-05-27T15:26:00+00:00,2020-05-29T19:45:00+00:00,REV
LONG,1.074060,1.075630,0.001570,2020-05-29T19:45:00+00:00,2020-06-04T03:54:00+00:00,REV
SHORT,1.075630,1.072040,0.003590,2020-06-04T03:54:00+00:00,2020-06-10T17:25:00+00:00,REV
LONG,1.072040,1.063710,-0.008330,2020-06-10T17:25:00+00:00,2020-06-11T16:42:00+00:00,REV
SHORT,1.063710,1.069200,-0.005490,2020-06-11T16:42:00+00:00,2020-06-16T00:02:00+00:00,REV
LONG,1.069200,1.064630,-0.004570,2020-06-16T00:02:00+00:00,2020-06-18T01:44:00+00:00,REV
SHORT,1.064630,1.069670,-0.005040,2020-06-18T01:44:00+00:00,2020-06-19T09:17:00+00:00,REV
LONG,1.069670,1.063350,-0.006320,2020-06-19T09:17:00+00:00,2020-06-22T16:33:00+00:00,REV
SHORT,1.063350,1.069730,-0.006380,2020-06-22T16:33:00+00:00,2020-06-24T05:01:00+00:00,REV
LONG,1.069730,1.067180,-0.002550,2020-06-24T05:01:00+00:00,2020-06-29T12:07:00+00:00,REV
SHORT,1.067180,1.071830,-0.004650,2020-06-29T12:07:00+00:00,2020-06-30T16:59:00+00:00,REV
LONG,1.071830,1.067110,-0.004720,2020-06-30T16:59:00+00:00,2020-07-01T14:36:00+00:00,REV
SHORT,1.067110,1.062520,0.004590,2020-07-01T14:36:00+00:00,2020-07-14T04:04:00+00:00,REV
LONG,1.062520,1.068810,0.006290,2020-07-14T04:04:00+00:00,2020-07-24T08:22:00+00:00,REV
SHORT,1.068810,1.071550,-0.002740,2020-07-24T08:22:00+00:00,2020-07-28T05:23:00+00:00,REV
LONG,1.071550,1.073490,0.001940,2020-07-28T05:23:00+00:00,2020-07-31T01:04:00+00:00,REV
SHORT,1.073490,1.078750,-0.005260,2020-07-31T01:04:00+00:00,2020-08-04T08:00:00+00:00,REV
LONG,1.078750,1.094000,0.015250,2020-08-04T08:00:00+00:00,2020-08-19T12:40:00+00:00,REV
SHORT,1.094000,1.095930,-0.001930,2020-08-19T12:40:00+00:00,2020-09-01T02:09:00+00:00,REV
LONG,1.095930,1.090280,-0.005650,2020-09-01T02:09:00+00:00,2020-09-01T12:05:00+00:00,REV
SHORT,1.090280,1.086090,0.004190,2020-09-01T12:05:00+00:00,2020-09-07T03:35:00+00:00,REV
LONG,1.086090,1.087560,0.001470,2020-09-07T03:35:00+00:00,2020-09-14T06:39:00+00:00,REV
SHORT,1.087560,1.083920,0.003640,2020-09-14T06:39:00+00:00,2020-09-22T00:02:00+00:00,REV
LONG,1.083920,1.077750,-0.006170,2020-09-22T00:02:00+00:00,2020-09-23T05:02:00+00:00,REV
SHORT,1.077750,1.079530,-0.001780,2020-09-23T05:02:00+00:00,2020-09-29T00:16:00+00:00,REV
LONG,1.079530,1.078670,-0.000860,2020-09-29T00:16:00+00:00,2020-10-02T04:53:00+00:00,REV
SHORT,1.078670,1.082340,-0.003670,2020-10-02T04:53:00+00:00,2020-10-06T06:30:00+00:00,REV
LONG,1.082340,1.076050,-0.006290,2020-10-06T06:30:00+00:00,2020-10-06T12:54:00+00:00,REV
SHORT,1.076050,1.083250,-0.007200,2020-10-06T12:54:00+00:00,2020-10-07T15:40:00+00:00,REV
LONG,1.083250,1.084130,0.000880,2020-10-07T15:40:00+00:00,2020-10-12T02:32:00+00:00,REV
SHORT,1.084130,1.063610,0.020520,2020-10-12T02:32:00+00:00,2020-11-02T16:52:00+00:00,REV
LONG,1.063610,1.068790,0.005180,2020-11-02T16:52:00+00:00,2020-11-09T11:48:00+00:00,REV
SHORT,1.068790,1.054810,0.013980,2020-11-09T11:48:00+00:00,2020-11-24T21:45:00+00:00,REV
LONG,1.054810,1.048900,-0.005910,2020-11-24T21:45:00+00:00,2020-11-27T23:58:00+00:00,REV
SHORT,1.048900,1.050000,-0.001100,2020-11-27T23:58:00+00:00,2020-12-03T09:09:00+00:00,REV
LONG,1.050000,1.066140,0.016140,2020-12-03T09:09:00+00:00,2020-12-24T22:05:00+00:00,REV
SHORT,1.066140,1.068140,-0.002000,2020-12-24T22:05:00+00:00,2020-12-31T12:45:00+00:00,REV
LONG,1.068140,1.078870,0.010730,2020-12-31T12:45:00+00:00,2021-01-21T00:26:00+00:00,REV
SHORT,1.078870,1.062250,0.016620,2021-01-21T00:26:00+00:00,2021-02-05T00:00:00+00:00,REV
LONG,1.062250,1.076420,0.014170,2021-02-05T00:00:00+00:00,2021-02-24T03:53:00+00:00,REV
SHORT,1.076420,1.071740,0.004680,2021-02-24T03:53:00+00:00,2021-03-02T09:10:00+00:00,REV
LONG,1.071740,1.071880,0.000140,2021-03-02T09:10:00+00:00,2021-03-05T23:55:00+00:00,REV
SHORT,1.071880,1.076890,-0.005010,2021-03-05T23:55:00+00:00,2021-03-09T17:17:00+00:00,REV
LONG,1.076890,1.077100,0.000210,2021-03-09T17:17:00+00:00,2021-03-15T03:38:00+00:00,REV
SHORT,1.077100,1.078860,-0.001760,2021-03-15T03:38:00+00:00,2021-03-18T02:30:00+00:00,REV
LONG,1.078860,1.078860,0.000000,2021-03-18T02:30:00+00:00,2021-03-22T03:34:00+00:00,REV
SHORT,1.078860,1.082790,-0.003930,2021-03-22T03:34:00+00:00,2021-03-23T00:06:00+00:00,REV
LONG,1.082790,1.089010,0.006220,2021-03-23T00:06:00+00:00,2021-03-30T05:49:00+00:00,REV
SHORT,1.089010,1.085470,0.003540,2021-03-30T05:49:00+00:00,2021-04-06T10:18:00+00:00,REV
LONG,1.085470,1.082930,-0.002540,2021-04-06T10:18:00+00:00,2021-04-09T08:10:00+00:00,REV
SHORT,1.082930,1.085000,-0.002070,2021-04-09T08:10:00+00:00,2021-04-13T03:25:00+00:00,REV
LONG,1.085000,1.081380,-0.003620,2021-04-13T03:25:00+00:00,2021-04-13T15:29:00+00:00,REV
SHORT,1.081380,1.084320,-0.002940,2021-04-13T15:29:00+00:00,2021-04-16T18:38:00+00:00,REV
LONG,1.084320,1.079240,-0.005080,2021-04-16T18:38:00+00:00,2021-04-20T00:10:00+00:00,REV
SHORT,1.079240,1.079320,-0.000080,2021-04-20T00:10:00+00:00,2021-04-26T16:31:00+00:00,REV
LONG,1.079320,1.075400,-0.003920,2021-04-26T16:31:00+00:00,2021-04-28T04:31:00+00:00,REV
SHORT,1.075400,1.077480,-0.002080,2021-04-28T04:31:00+00:00,2021-05-03T10:21:00+00:00,REV
LONG,1.077480,1.075090,-0.002390,2021-05-03T10:21:00+00:00,2021-05-05T15:53:00+00:00,REV
SHORT,1.075090,1.079150,-0.004060,2021-05-05T15:53:00+00:00,2021-05-10T08:46:00+00:00,REV
LONG,1.079150,1.076800,-0.002350,2021-05-10T08:46:00+00:00,2021-05-13T12:56:00+00:00,REV
SHORT,1.076800,1.078070,-0.001270,2021-05-13T12:56:00+00:00,2021-05-19T16:11:00+00:00,REV
LONG,1.078070,1.075920,-0.002150,2021-05-19T16:11:00+00:00,2021-05-24T00:12:00+00:00,REV
SHORT,1.075920,1.065790,0.010130,2021-05-24T00:12:00+00:00,2021-05-31T04:19:00+00:00,REV
LONG,1.065790,1.077010,0.011220,2021-05-31T04:19:00+00:00,2021-06-16T09:25:00+00:00,REV
SHORT,1.077010,1.080520,-0.003510,2021-06-16T09:25:00+00:00,2021-06-18T08:30:00+00:00,REV
LONG,1.080520,1.076580,-0.003940,2021-06-18T08:30:00+00:00,2021-06-22T09:43:00+00:00,REV
SHORT,1.076580,1.075240,0.001340,2021-06-22T09:43:00+00:00,2021-06-29T06:43:00+00:00,REV
LONG,1.075240,1.072580,-0.002660,2021-06-29T06:43:00+00:00,2021-07-01T00:05:00+00:00,REV
SHORT,1.072580,1.070800,0.001780,2021-07-01T00:05:00+00:00,2021-07-09T10:09:00+00:00,REV
LONG,1.070800,1.067830,-0.002970,2021-07-09T10:09:00+00:00,2021-07-14T05:00:00+00:00,REV
SHORT,1.067830,1.059780,0.008050,2021-07-14T05:00:00+00:00,2021-07-27T17:58:00+00:00,REV
LONG,1.059780,1.054420,-0.005360,2021-07-27T17:58:00+00:00,2021-07-30T00:10:00+00:00,REV
SHORT,1.054420,1.056610,-0.002190,2021-07-30T00:10:00+00:00,2021-08-03T00:06:00+00:00,REV
LONG,1.056610,1.051130,-0.005480,2021-08-03T00:06:00+00:00,2021-08-04T01:45:00+00:00,REV
SHORT,1.051130,1.050610,0.000520,2021-08-04T01:45:00+00:00,2021-08-10T07:57:00+00:00,REV
LONG,1.050610,1.047050,-0.003560,2021-08-10T07:57:00+00:00,2021-08-11T10:08:00+00:00,REV
SHORT,1.047050,1.048930,-0.001880,2021-08-11T10:08:00+00:00,2021-08-13T14:17:00+00:00,REV
LONG,1.048930,1.045510,-0.003420,2021-08-13T14:17:00+00:00,2021-08-16T03:25:00+00:00,REV
SHORT,1.045510,1.049100,-0.003590,2021-08-16T03:25:00+00:00,2021-08-17T06:00:00+00:00,REV
LONG,1.049100,1.045100,-0.004000,2021-08-17T06:00:00+00:00,2021-08-20T06:05:00+00:00,REV
SHORT,1.045100,1.043640,0.001460,2021-08-20T06:05:00+00:00,2021-09-02T09:57:00+00:00,REV
LONG,1.043640,1.039390,-0.004250,2021-09-02T09:57:00+00:00,2021-09-06T00:10:00+00:00,REV
SHORT,1.039390,1.044680,-0.005290,2021-09-06T00:10:00+00:00,2021-09-07T07:31:00+00:00,REV
LONG,1.044680,1.039390,-0.005290,2021-09-07T07:31:00+00:00,2021-09-07T13:38:00+00:00,REV
SHORT,1.039390,1.032830,0.006560,2021-09-07T13:38:00+00:00,2021-09-17T10:04:00+00:00,REV
LONG,1.032830,1.043750,0.010920,2021-09-17T10:04:00+00:00,2021-10-05T13:53:00+00:00,REV
SHORT,1.043750,1.048750,-0.005000,2021-10-05T13:53:00+00:00,2021-10-06T04:35:00+00:00,REV
LONG,1.048750,1.056430,0.007680,2021-10-06T04:35:00+00:00,2021-10-14T10:50:00+00:00,REV
SHORT,1.056430,1.046610,0.009820,2021-10-14T10:50:00+00:00,2021-10-22T12:56:00+00:00,REV
LONG,1.046610,1.046060,-0.000550,2021-10-22T12:56:00+00:00,2021-11-01T07:46:00+00:00,REV
SHORT,1.046060,1.039230,0.006830,2021-11-01T07:46:00+00:00,2021-11-11T11:11:00+00:00,REV
LONG,1.039230,1.038850,-0.000380,2021-11-11T11:11:00+00:00,2021-11-17T11:14:00+00:00,REV
SHORT,1.038850,1.038600,0.000250,2021-11-17T11:14:00+00:00,2021-11-22T16:55:00+00:00,REV
LONG,1.038600,1.042830,0.004230,2021-11-22T16:55:00+00:00,2021-11-29T00:10:00+00:00,REV
SHORT,1.042830,1.043980,-0.001150,2021-11-29T00:10:00+00:00,2021-12-06T17:24:00+00:00,REV
LONG,1.043980,1.055290,0.011310,2021-12-06T17:24:00+00:00,2021-12-21T15:19:00+00:00,REV
SHORT,1.055290,1.059810,-0.004520,2021-12-21T15:19:00+00:00,2021-12-23T01:16:00+00:00,REV
LONG,1.059810,1.060260,0.000450,2021-12-23T01:16:00+00:00,2021-12-30T04:46:00+00:00,REV
SHORT,1.060260,1.064490,-0.004230,2021-12-30T04:46:00+00:00,2021-12-30T10:27:00+00:00,REV
LONG,1.064490,1.058030,-0.006460,2021-12-30T10:27:00+00:00,2021-12-31T00:10:00+00:00,REV
SHORT,1.058030,1.063360,-0.005330,2021-12-31T00:10:00+00:00,2022-01-04T18:14:00+00:00,REV
LONG,1.063360,1.059740,-0.003620,2022-01-04T18:14:00+00:00,2022-01-07T08:54:00+00:00,REV
SHORT,1.059740,1.063350,-0.003610,2022-01-07T08:54:00+00:00,2022-01-12T01:56:00+00:00,REV
LONG,1.063350,1.059900,-0.003450,2022-01-12T01:56:00+00:00,2022-01-14T14:27:00+00:00,REV
SHORT,1.059900,1.061760,-0.001860,2022-01-14T14:27:00+00:00,2022-01-18T02:40:00+00:00,REV
LONG,1.061760,1.067720,0.005960,2022-01-18T02:40:00+00:00,2022-01-28T10:56:00+00:00,REV
SHORT,1.067720,1.072270,-0.004550,2022-01-28T10:56:00+00:00,2022-01-31T12:26:00+00:00,REV
LONG,1.072270,1.070620,-0.001650,2022-01-31T12:26:00+00:00,2022-02-04T00:35:00+00:00,REV
SHORT,1.070620,1.074620,-0.004000,2022-02-04T00:35:00+00:00,2022-02-08T03:52:00+00:00,REV
LONG,1.074620,1.072070,-0.002550,2022-02-08T03:52:00+00:00,2022-02-11T10:02:00+00:00,REV
SHORT,1.072070,1.077160,-0.005090,2022-02-11T10:02:00+00:00,2022-02-14T14:39:00+00:00,REV
LONG,1.077160,1.073110,-0.004050,2022-02-14T14:39:00+00:00,2022-02-17T05:59:00+00:00,REV
SHORT,1.073110,1.073450,-0.000340,2022-02-17T05:59:00+00:00,2022-02-25T09:51:00+00:00,REV
LONG,1.073450,1.073110,-0.000340,2022-02-25T09:51:00+00:00,2022-03-07T02:28:00+00:00,REV
SHORT,1.073110,1.072870,0.000240,2022-03-07T02:28:00+00:00,2022-03-11T08:53:00+00:00,REV
LONG,1.072870,1.068480,-0.004390,2022-03-11T08:53:00+00:00,2022-03-14T05:40:00+00:00,REV
SHORT,1.068480,1.067570,0.000910,2022-03-14T05:40:00+00:00,2022-03-17T01:38:00+00:00,REV
LONG,1.067570,1.070540,0.002970,2022-03-17T01:38:00+00:00,2022-03-22T12:33:00+00:00,REV
SHORT,1.070540,1.075560,-0.005020,2022-03-22T12:33:00+00:00,2022-03-23T16:16:00+00:00,REV
LONG,1.075560,1.075720,0.000160,2022-03-23T16:16:00+00:00,2022-03-30T18:06:00+00:00,REV
SHORT,1.075720,1.083610,-0.007890,2022-03-30T18:06:00+00:00,2022-04-01T11:46:00+00:00,REV
LONG,1.083610,1.083320,-0.000290,2022-04-01T11:46:00+00:00,2022-04-07T00:06:00+00:00,REV
SHORT,1.083320,1.090420,-0.007100,2022-04-07T00:06:00+00:00,2022-04-11T06:00:00+00:00,REV
LONG,1.090420,1.083710,-0.006710,2022-04-11T06:00:00+00:00,2022-04-13T05:00:00+00:00,REV
SHORT,1.083710,1.090790,-0.007080,2022-04-13T05:00:00+00:00,2022-04-13T07:11:00+00:00,REV
LONG,1.090790,1.093010,0.002220,2022-04-13T07:11:00+00:00,2022-04-22T14:35:00+00:00,REV
SHORT,1.093010,1.091810,0.001200,2022-04-22T14:35:00+00:00,2022-04-28T06:48:00+00:00,REV
LONG,1.091810,1.101510,0.009700,2022-04-28T06:48:00+00:00,2022-05-09T00:04:00+00:00,REV
SHORT,1.101510,1.105400,-0.003890,2022-05-09T00:04:00+00:00,2022-05-11T12:16:00+00:00,REV
LONG,1.105400,1.102090,-0.003310,2022-05-11T12:16:00+00:00,2022-05-19T11:50:00+00:00,REV
SHORT,1.102090,1.101080,0.001010,2022-05-19T11:50:00+00:00,2022-05-25T01:16:00+00:00,REV
LONG,1.101080,1.096840,-0.004240,2022-05-25T01:16:00+00:00,2022-05-25T05:00:00+00:00,REV
SHORT,1.096840,1.096970,-0.000130,2022-05-25T05:00:00+00:00,2022-05-30T09:09:00+00:00,REV
LONG,1.096970,1.110230,0.013260,2022-05-30T09:09:00+00:00,2022-06-10T00:04:00+00:00,REV
SHORT,1.110230,1.110000,0.000230,2022-06-10T00:04:00+00:00,2022-06-15T10:24:00+00:00,REV
LONG,1.110000,1.102190,-0.007810,2022-06-15T10:24:00+00:00,2022-06-17T16:51:00+00:00,REV
SHORT,1.102190,1.101670,0.000520,2022-06-17T16:51:00+00:00,2022-06-22T02:34:00+00:00,REV
LONG,1.101670,1.096230,-0.005440,2022-06-22T02:34:00+00:00,2022-06-24T00:09:00+00:00,REV
SHORT,1.096230,1.100380,-0.004150,2022-06-24T00:09:00+00:00,2022-06-28T03:01:00+00:00,REV
LONG,1.100380,1.102690,0.002310,2022-06-28T03:01:00+00:00,2022-07-01T00:04:00+00:00,REV
SHORT,1.102690,1.106610,-0.003920,2022-07-01T00:04:00+00:00,2022-07-05T01:53:00+00:00,REV
LONG,1.106610,1.098380,-0.008230,2022-07-05T01:53:00+00:00,2022-07-07T00:05:00+00:00,REV
SHORT,1.098380,1.107950,-0.009570,2022-07-07T00:05:00+00:00,2022-07-07T21:14:00+00:00,REV
LONG,1.107950,1.099370,-0.008580,2022-07-07T21:14:00+00:00,2022-07-12T10:35:00+00:00,REV
SHORT,1.099370,1.106700,-0.007330,2022-07-12T10:35:00+00:00,2022-07-14T05:36:00+00:00,REV
LONG,1.106700,1.098200,-0.008500,2022-07-14T05:36:00+00:00,2022-07-15T09:30:00+00:00,REV
SHORT,1.098200,1.107060,-0.008860,2022-07-15T09:30:00+00:00,2022-07-18T14:02:00+00:00,REV
LONG,1.107060,1.108750,0.001690,2022-07-18T14:02:00+00:00,2022-07-29T00:07:00+00:00,REV
SHORT,1.108750,1.108390,0.000360,2022-07-29T00:07:00+00:00,2022-08-08T04:58:00+00:00,REV
LONG,1.108390,1.105110,-0.003280,2022-08-08T04:58:00+00:00,2022-08-10T00:24:00+00:00,REV
SHORT,1.105110,1.106180,-0.001070,2022-08-10T00:24:00+00:00,2022-08-16T07:57:00+00:00,REV
LONG,1.106180,1.101140,-0.005040,2022-08-16T07:57:00+00:00,2022-08-17T05:00:00+00:00,REV
SHORT,1.101140,1.107620,-0.006480,2022-08-17T05:00:00+00:00,2022-08-19T03:13:00+00:00,REV
LONG,1.107620,1.118750,0.011130,2022-08-19T03:13:00+00:00,2022-08-30T19:16:00+00:00,REV
SHORT,1.118750,1.116680,0.002070,2022-08-30T19:16:00+00:00,2022-09-07T05:03:00+00:00,REV
LONG,1.116680,1.112450,-0.004230,2022-09-07T05:03:00+00:00,2022-09-08T06:05:00+00:00,REV
SHORT,1.112450,1.118160,-0.005710,2022-09-08T06:05:00+00:00,2022-09-09T07:15:00+00:00,REV
LONG,1.118160,1.120080,0.001920,2022-09-09T07:15:00+00:00,2022-09-16T19:18:00+00:00,REV
SHORT,1.120080,1.125860,-0.005780,2022-09-16T19:18:00+00:00,2022-09-19T16:51:00+00:00,REV
LONG,1.125860,1.136890,0.011030,2022-09-19T16:51:00+00:00,2022-09-29T00:05:00+00:00,REV
SHORT,1.136890,1.144120,-0.007230,2022-09-29T00:05:00+00:00,2022-10-03T01:20:00+00:00,REV
LONG,1.144120,1.130600,-0.013520,2022-10-03T01:20:00+00:00,2022-10-05T04:00:00+00:00,REV
SHORT,1.130600,1.136110,-0.005510,2022-10-05T04:00:00+00:00,2022-10-07T15:30:00+00:00,REV
LONG,1.136110,1.126760,-0.009350,2022-10-07T15:30:00+00:00,2022-10-11T09:19:00+00:00,REV
SHORT,1.126760,1.109790,0.016970,2022-10-11T09:19:00+00:00,2022-10-21T15:21:00+00:00,REV
LONG,1.109790,1.102910,-0.006880,2022-10-21T15:21:00+00:00,2022-10-24T09:50:00+00:00,REV
SHORT,1.102910,1.110180,-0.007270,2022-10-24T09:50:00+00:00,2022-10-25T11:56:00+00:00,REV
LONG,1.110180,1.105820,-0.004360,2022-10-25T11:56:00+00:00,2022-10-27T21:00:00+00:00,REV
SHORT,1.105820,1.095720,0.010100,2022-10-27T21:00:00+00:00,2022-11-04T14:58:00+00:00,REV
LONG,1.095720,1.087560,-0.008160,2022-11-04T14:58:00+00:00,2022-11-07T00:09:00+00:00,REV
SHORT,1.087560,1.094470,-0.006910,2022-11-07T00:09:00+00:00,2022-11-09T09:18:00+00:00,REV
LONG,1.094470,1.094900,0.000430,2022-11-09T09:18:00+00:00,2022-11-15T15:42:00+00:00,REV
SHORT,1.094900,1.062450,0.032450,2022-11-15T15:42:00+00:00,2022-12-09T01:35:00+00:00,REV
LONG,1.062450,1.056220,-0.006230,2022-12-09T01:35:00+00:00,2022-12-12T20:00:00+00:00,REV
SHORT,1.056220,1.061520,-0.005300,2022-12-12T20:00:00+00:00,2022-12-14T07:08:00+00:00,REV
LONG,1.061520,1.055650,-0.005870,2022-12-14T07:08:00+00:00,2022-12-15T17:07:00+00:00,REV
SHORT,1.055650,1.056710,-0.001060,2022-12-15T17:07:00+00:00,2022-12-21T03:45:00+00:00,REV
LONG,1.056710,1.066740,0.010030,2022-12-21T03:45:00+00:00,2022-12-29T00:05:00+00:00,REV
SHORT,1.066740,1.075680,-0.008940,2022-12-29T00:05:00+00:00,2023-01-02T10:19:00+00:00,REV
LONG,1.075680,1.081120,0.005440,2023-01-02T10:19:00+00:00,2023-01-10T11:13:00+00:00,REV
SHORT,1.081120,1.086740,-0.005620,2023-01-10T11:13:00+00:00,2023-01-11T17:59:00+00:00,REV
LONG,1.086740,1.087720,0.000980,2023-01-11T17:59:00+00:00,2023-01-17T00:05:00+00:00,REV
SHORT,1.087720,1.081970,0.005750,2023-01-17T00:05:00+00:00,2023-01-23T17:47:00+00:00,REV
LONG,1.081970,1.093350,0.011380,2023-01-23T17:47:00+00:00,2023-01-30T00:00:00+00:00,REV
SHORT,1.093350,1.096210,-0.002860,2023-01-30T00:00:00+00:00,2023-02-01T00:23:00+00:00,REV
LONG,1.096210,1.090420,-0.005790,2023-02-01T00:23:00+00:00,2023-02-03T00:06:00+00:00,REV
SHORT,1.090420,1.097690,-0.007270,2023-02-03T00:06:00+00:00,2023-02-07T05:37:00+00:00,REV
LONG,1.097690,1.095020,-0.002670,2023-02-07T05:37:00+00:00,2023-02-10T09:44:00+00:00,REV
SHORT,1.095020,1.098480,-0.003460,2023-02-10T09:44:00+00:00,2023-02-14T04:50:00+00:00,REV
LONG,1.098480,1.100100,0.001620,2023-02-14T04:50:00+00:00,2023-02-22T00:04:00+00:00,REV
SHORT,1.100100,1.094120,0.005980,2023-02-22T00:04:00+00:00,2023-02-28T02:02:00+00:00,REV
LONG,1.094120,1.088360,-0.005760,2023-02-28T02:02:00+00:00,2023-02-28T18:00:00+00:00,REV
SHORT,1.088360,1.088730,-0.000370,2023-02-28T18:00:00+00:00,2023-03-03T18:25:00+00:00,REV
LONG,1.088730,1.079940,-0.008790,2023-03-03T18:25:00+00:00,2023-03-07T09:20:00+00:00,REV
SHORT,1.079940,1.075950,0.003990,2023-03-07T09:20:00+00:00,2023-03-16T04:09:00+00:00,REV
LONG,1.075950,1.066460,-0.009490,2023-03-16T04:09:00+00:00,2023-03-19T23:04:00+00:00,REV
SHORT,1.066460,1.075920,-0.009460,2023-03-19T23:04:00+00:00,2023-03-21T00:24:00+00:00,REV
LONG,1.075920,1.072340,-0.003580,2023-03-21T00:24:00+00:00,2023-03-23T07:08:00+00:00,REV
SHORT,1.072340,1.074340,-0.002000,2023-03-23T07:08:00+00:00,2023-03-28T03:58:00+00:00,REV
LONG,1.074340,1.070720,-0.003620,2023-03-28T03:58:00+00:00,2023-03-29T03:30:00+00:00,REV
SHORT,1.070720,1.074730,-0.004010,2023-03-29T03:30:00+00:00,2023-03-30T03:02:00+00:00,REV
LONG,1.074730,1.068520,-0.006210,2023-03-30T03:02:00+00:00,2023-03-31T06:19:00+00:00,REV
SHORT,1.068520,1.076450,-0.007930,2023-03-31T06:19:00+00:00,2023-04-03T15:58:00+00:00,REV
LONG,1.076450,1.068500,-0.007950,2023-04-03T15:58:00+00:00,2023-04-05T00:04:00+00:00,REV
SHORT,1.068500,1.068710,-0.000210,2023-04-05T00:04:00+00:00,2023-04-10T06:39:00+00:00,REV
LONG,1.068710,1.085260,0.016550,2023-04-10T06:39:00+00:00,2023-04-25T01:00:00+00:00,REV
SHORT,1.085260,1.079320,0.005940,2023-04-25T01:00:00+00:00,2023-05-02T07:30:00+00:00,REV
LONG,1.079320,1.068260,-0.011060,2023-05-02T07:30:00+00:00,2023-05-03T05:07:00+00:00,REV
SHORT,1.068260,1.073170,-0.004910,2023-05-03T05:07:00+00:00,2023-05-08T05:33:00+00:00,REV
LONG,1.073170,1.066190,-0.006980,2023-05-08T05:33:00+00:00,2023-05-10T00:04:00+00:00,REV
SHORT,1.066190,1.068820,-0.002630,2023-05-10T00:04:00+00:00,2023-05-12T06:09:00+00:00,REV
LONG,1.068820,1.067490,-0.001330,2023-05-12T06:09:00+00:00,2023-05-17T03:00:00+00:00,REV
SHORT,1.067490,1.061300,0.006190,2023-05-17T03:00:00+00:00,2023-05-24T05:00:00+00:00,REV
LONG,1.061300,1.097110,0.035810,2023-05-24T05:00:00+00:00,2023-06-12T00:10:00+00:00,REV
SHORT,1.097110,1.103020,-0.005910,2023-06-12T00:10:00+00:00,2023-06-12T10:47:00+00:00,REV
LONG,1.103020,1.097110,-0.005910,2023-06-12T10:47:00+00:00,2023-06-14T16:16:00+00:00,REV
SHORT,1.097110,1.104320,-0.007210,2023-06-14T16:16:00+00:00,2023-06-16T01:30:00+00:00,REV
LONG,1.104320,1.100700,-0.003620,2023-06-16T01:30:00+00:00,2023-06-20T04:50:00+00:00,REV
SHORT,1.100700,1.087560,0.013140,2023-06-20T04:50:00+00:00,2023-06-28T09:21:00+00:00,REV
LONG,1.087560,1.084870,-0.002690,2023-06-28T09:21:00+00:00,2023-07-03T00:04:00+00:00,REV
SHORT,1.084870,1.078250,0.006620,2023-07-03T00:04:00+00:00,2023-07-10T01:01:00+00:00,REV
LONG,1.078250,1.073480,-0.004770,2023-07-10T01:01:00+00:00,2023-07-10T12:16:00+00:00,REV
SHORT,1.073480,1.078940,-0.005460,2023-07-10T12:16:00+00:00,2023-07-11T12:37:00+00:00,REV
LONG,1.078940,1.075280,-0.003660,2023-07-11T12:37:00+00:00,2023-07-14T06:17:00+00:00,REV
SHORT,1.075280,1.078630,-0.003350,2023-07-14T06:17:00+00:00,2023-07-18T08:49:00+00:00,REV
LONG,1.078630,1.082960,0.004330,2023-07-18T08:49:00+00:00,2023-07-25T00:05:00+00:00,REV
SHORT,1.082960,1.079410,0.003550,2023-07-25T00:05:00+00:00,2023-08-09T01:34:00+00:00,REV
LONG,1.079410,1.081310,0.001900,2023-08-09T01:34:00+00:00,2023-08-16T05:00:00+00:00,REV
SHORT,1.081310,1.082470,-0.001160,2023-08-16T05:00:00+00:00,2023-08-21T02:58:00+00:00,REV
LONG,1.082470,1.082970,0.000500,2023-08-21T02:58:00+00:00,2023-08-30T00:08:00+00:00,REV
SHORT,1.082970,1.089160,-0.006190,2023-08-30T00:08:00+00:00,2023-08-31T03:59:00+00:00,REV
LONG,1.089160,1.082370,-0.006790,2023-08-31T03:59:00+00:00,2023-09-06T00:05:00+00:00,REV
SHORT,1.082370,1.087250,-0.004880,2023-09-06T00:05:00+00:00,2023-09-12T03:02:00+00:00,REV
LONG,1.087250,1.084370,-0.002880,2023-09-12T03:02:00+00:00,2023-09-14T00:57:00+00:00,REV
SHORT,1.084370,1.088900,-0.004530,2023-09-14T00:57:00+00:00,2023-09-14T16:18:00+00:00,REV
LONG,1.088900,1.086830,-0.002070,2023-09-14T16:18:00+00:00,2023-09-19T00:10:00+00:00,REV
SHORT,1.086830,1.077320,0.009510,2023-09-19T00:10:00+00:00,2023-09-28T22:27:00+00:00,REV
LONG,1.077320,1.068710,-0.008610,2023-09-28T22:27:00+00:00,2023-10-03T00:04:00+00:00,REV
SHORT,1.068710,1.067060,0.001650,2023-10-03T00:04:00+00:00,2023-10-12T05:28:00+00:00,REV
LONG,1.067060,1.088300,0.021240,2023-10-12T05:28:00+00:00,2023-10-31T09:47:00+00:00,REV
SHORT,1.088300,1.093120,-0.004820,2023-10-31T09:47:00+00:00,2023-11-01T00:07:00+00:00,REV
LONG,1.093120,1.086540,-0.006580,2023-11-01T00:07:00+00:00,2023-11-03T14:30:00+00:00,REV
SHORT,1.086540,1.084460,0.002080,2023-11-03T14:30:00+00:00,2023-11-13T18:56:00+00:00,REV
LONG,1.084460,1.077800,-0.006660,2023-11-13T18:56:00+00:00,2023-11-15T11:00:00+00:00,REV
SHORT,1.077800,1.084700,-0.006900,2023-11-15T11:00:00+00:00,2023-11-17T01:38:00+00:00,REV
LONG,1.084700,1.081520,-0.003180,2023-11-17T01:38:00+00:00,2023-11-24T23:04:00+00:00,REV
SHORT,1.081520,1.085560,-0.004040,2023-11-24T23:04:00+00:00,2023-11-28T07:12:00+00:00,REV
LONG,1.085560,1.080500,-0.005060,2023-11-28T07:12:00+00:00,2023-11-29T03:00:00+00:00,REV
SHORT,1.080500,1.076820,0.003680,2023-11-29T03:00:00+00:00,2023-12-04T03:44:00+00:00,REV
LONG,1.076820,1.070100,-0.006720,2023-12-04T03:44:00+00:00,2023-12-05T05:49:00+00:00,REV
SHORT,1.070100,1.070670,-0.000570,2023-12-05T05:49:00+00:00,2023-12-08T00:53:00+00:00,REV
LONG,1.070670,1.069130,-0.001540,2023-12-08T00:53:00+00:00,2023-12-13T00:00:00+00:00,REV
SHORT,1.069130,1.074730,-0.005600,2023-12-13T00:00:00+00:00,2023-12-13T06:20:00+00:00,REV
LONG,1.074730,1.075830,0.001100,2023-12-13T06:20:00+00:00,2023-12-20T12:01:00+00:00,REV
SHORT,1.075830,1.080620,-0.004790,2023-12-20T12:01:00+00:00,2023-12-21T09:03:00+00:00,REV
LONG,1.080620,1.077140,-0.003480,2023-12-21T09:03:00+00:00,2023-12-29T04:50:00+00:00,REV
SHORT,1.077140,1.080400,-0.003260,2023-12-29T04:50:00+00:00,2024-01-02T03:18:00+00:00,REV
LONG,1.080400,1.075600,-0.004800,2024-01-02T03:18:00+00:00,2024-01-04T05:56:00+00:00,REV
SHORT,1.075600,1.076060,-0.000460,2024-01-04T05:56:00+00:00,2024-01-10T21:56:00+00:00,REV
LONG,1.076060,1.070330,-0.005730,2024-01-10T21:56:00+00:00,2024-01-15T00:05:00+00:00,REV
SHORT,1.070330,1.075280,-0.004950,2024-01-15T00:05:00+00:00,2024-01-18T21:59:00+00:00,REV
LONG,1.075280,1.076620,0.001340,2024-01-18T21:59:00+00:00,2024-01-24T09:32:00+00:00,REV
SHORT,1.076620,1.079730,-0.003110,2024-01-24T09:32:00+00:00,2024-01-26T07:53:00+00:00,REV
LONG,1.079730,1.076050,-0.003680,2024-01-26T07:53:00+00:00,2024-01-30T00:05:00+00:00,REV
SHORT,1.076050,1.066010,0.010040,2024-01-30T00:05:00+00:00,2024-02-13T02:13:00+00:00,REV
LONG,1.066010,1.064690,-0.001320,2024-02-13T02:13:00+00:00,2024-02-19T08:40:00+00:00,REV
SHORT,1.064690,1.061230,0.003460,2024-02-19T08:40:00+00:00,2024-02-26T01:33:00+00:00,REV
LONG,1.061230,1.070340,0.009110,2024-02-26T01:33:00+00:00,2024-03-11T13:15:00+00:00,REV
SHORT,1.070340,1.073170,-0.002830,2024-03-11T13:15:00+00:00,2024-03-12T10:16:00+00:00,REV
LONG,1.073170,1.082580,0.009410,2024-03-12T10:16:00+00:00,2024-03-24T23:09:00+00:00,REV
SHORT,1.082580,1.087600,-0.005020,2024-03-24T23:09:00+00:00,2024-03-25T00:18:00+00:00,REV
LONG,1.087600,1.086270,-0.001330,2024-03-25T00:18:00+00:00,2024-03-27T15:43:00+00:00,REV
SHORT,1.086270,1.090350,-0.004080,2024-03-27T15:43:00+00:00,2024-03-28T05:24:00+00:00,REV
LONG,1.090350,1.091660,0.001310,2024-03-28T05:24:00+00:00,2024-04-10T05:00:00+00:00,REV
SHORT,1.091660,1.091070,0.000590,2024-04-10T05:00:00+00:00,2024-04-15T08:48:00+00:00,REV
LONG,1.091070,1.086100,-0.004970,2024-04-15T08:48:00+00:00,2024-04-17T09:01:00+00:00,REV
SHORT,1.086100,1.090680,-0.004580,2024-04-17T09:01:00+00:00,2024-04-22T03:28:00+00:00,REV
LONG,1.090680,1.095730,0.005050,2024-04-22T03:28:00+00:00,2024-05-01T00:11:00+00:00,REV
SHORT,1.095730,1.101360,-0.005630,2024-05-01T00:11:00+00:00,2024-05-01T01:45:00+00:00,REV
LONG,1.101360,1.097320,-0.004040,2024-05-01T01:45:00+00:00,2024-05-08T04:21:00+00:00,REV
SHORT,1.097320,1.099190,-0.001870,2024-05-08T04:21:00+00:00,2024-05-13T06:13:00+00:00,REV
LONG,1.099190,1.095360,-0.003830,2024-05-13T06:13:00+00:00,2024-05-15T00:05:00+00:00,REV
SHORT,1.095360,1.094150,0.001210,2024-05-15T00:05:00+00:00,2024-05-20T05:28:00+00:00,REV
LONG,1.094150,1.090310,-0.003840,2024-05-20T05:28:00+00:00,2024-05-22T05:00:00+00:00,REV
SHORT,1.090310,1.083400,0.006910,2024-05-22T05:00:00+00:00,2024-05-29T04:30:00+00:00,REV
LONG,1.083400,1.080030,-0.003370,2024-05-29T04:30:00+00:00,2024-05-30T00:04:00+00:00,REV
SHORT,1.080030,1.084970,-0.004940,2024-05-30T00:04:00+00:00,2024-05-30T23:12:00+00:00,REV
LONG,1.084970,1.079980,-0.004990,2024-05-30T23:12:00+00:00,2024-06-03T20:13:00+00:00,REV
SHORT,1.079980,1.077510,0.002470,2024-06-03T20:13:00+00:00,2024-06-07T10:00:00+00:00,REV
LONG,1.077510,1.074550,-0.002960,2024-06-07T10:00:00+00:00,2024-06-12T00:04:00+00:00,REV
SHORT,1.074550,1.078420,-0.003870,2024-06-12T00:04:00+00:00,2024-06-14T09:46:00+00:00,REV
LONG,1.078420,1.084560,0.006140,2024-06-14T09:46:00+00:00,2024-06-24T00:04:00+00:00,REV
SHORT,1.084560,1.088820,-0.004260,2024-06-24T00:04:00+00:00,2024-06-26T04:33:00+00:00,REV
LONG,1.088820,1.097260,0.008440,2024-06-26T04:33:00+00:00,2024-07-08T00:04:00+00:00,REV
SHORT,1.097260,1.101220,-0.003960,2024-07-08T00:04:00+00:00,2024-07-09T08:31:00+00:00,REV
LONG,1.101220,1.107310,0.006090,2024-07-09T08:31:00+00:00,2024-07-17T03:34:00+00:00,REV
SHORT,1.107310,1.112900,-0.005590,2024-07-17T03:34:00+00:00,2024-07-24T04:35:00+00:00,REV
LONG,1.112900,1.108090,-0.004810,2024-07-24T04:35:00+00:00,2024-07-25T00:04:00+00:00,REV
SHORT,1.108090,1.113720,-0.005630,2024-07-25T00:04:00+00:00,2024-07-29T03:42:00+00:00,REV
LONG,1.113720,1.107670,-0.006050,2024-07-29T03:42:00+00:00,2024-07-30T19:41:00+00:00,REV
SHORT,1.107670,1.095840,0.011830,2024-07-30T19:41:00+00:00,2024-08-06T02:56:00+00:00,REV
LONG,1.095840,1.086580,-0.009260,2024-08-06T02:56:00+00:00,2024-08-08T00:04:00+00:00,REV
SHORT,1.086580,1.097590,-0.011010,2024-08-08T00:04:00+00:00,2024-08-09T02:46:00+00:00,REV
LONG,1.097590,1.092580,-0.005010,2024-08-09T02:46:00+00:00,2024-08-13T00:04:00+00:00,REV
SHORT,1.092580,1.096780,-0.004200,2024-08-13T00:04:00+00:00,2024-08-14T05:00:00+00:00,REV
LONG,1.096780,1.098260,0.001480,2024-08-14T05:00:00+00:00,2024-08-20T07:03:00+00:00,REV
SHORT,1.098260,1.088270,0.009990,2024-08-20T07:03:00+00:00,2024-09-02T10:46:00+00:00,REV
LONG,1.088270,1.082350,-0.005920,2024-09-02T10:46:00+00:00,2024-09-05T00:04:00+00:00,REV
SHORT,1.082350,1.085890,-0.003540,2024-09-05T00:04:00+00:00,2024-09-11T15:48:00+00:00,REV
LONG,1.085890,1.086500,0.000610,2024-09-11T15:48:00+00:00,2024-09-19T00:10:00+00:00,REV
SHORT,1.086500,1.092880,-0.006380,2024-09-19T00:10:00+00:00,2024-09-19T07:05:00+00:00,REV
LONG,1.092880,1.089190,-0.003690,2024-09-19T07:05:00+00:00,2024-09-24T09:17:00+00:00,REV
SHORT,1.089190,1.092550,-0.003360,2024-09-24T09:17:00+00:00,2024-10-01T04:30:00+00:00,REV
LONG,1.092550,1.098820,0.006270,2024-10-01T04:30:00+00:00,2024-10-08T06:25:00+00:00,REV
SHORT,1.098820,1.105640,-0.006820,2024-10-08T06:25:00+00:00,2024-10-09T06:29:00+00:00,REV
LONG,1.105640,1.104230,-0.001410,2024-10-09T06:29:00+00:00,2024-10-14T01:03:00+00:00,REV
SHORT,1.104230,1.106060,-0.001830,2024-10-14T01:03:00+00:00,2024-10-18T02:10:00+00:00,REV
LONG,1.106060,1.102310,-0.003750,2024-10-18T02:10:00+00:00,2024-10-22T00:04:00+00:00,REV
SHORT,1.102310,1.105930,-0.003620,2024-10-22T00:04:00+00:00,2024-10-23T00:52:00+00:00,REV
LONG,1.105930,1.101500,-0.004430,2024-10-23T00:52:00+00:00,2024-10-25T00:04:00+00:00,REV
SHORT,1.101500,1.101230,0.000270,2024-10-25T00:04:00+00:00,2024-10-31T15:47:00+00:00,REV
LONG,1.101230,1.101720,0.000490,2024-10-31T15:47:00+00:00,2024-11-11T00:04:00+00:00,REV
SHORT,1.101720,1.103610,-0.001890,2024-11-11T00:04:00+00:00,2024-11-14T00:57:00+00:00,REV
LONG,1.103610,1.099700,-0.003910,2024-11-14T00:57:00+00:00,2024-11-18T00:04:00+00:00,REV
SHORT,1.099700,1.105060,-0.005360,2024-11-18T00:04:00+00:00,2024-11-18T12:29:00+00:00,REV
LONG,1.105060,1.110290,0.005230,2024-11-18T12:29:00+00:00,2024-11-26T02:38:00+00:00,REV
SHORT,1.110290,1.099210,0.011080,2024-11-26T02:38:00+00:00,2024-12-09T07:15:00+00:00,REV
LONG,1.099210,1.100540,0.001330,2024-12-09T07:15:00+00:00,2024-12-17T00:08:00+00:00,REV
SHORT,1.100540,1.104370,-0.003830,2024-12-17T00:08:00+00:00,2024-12-18T23:51:00+00:00,REV
LONG,1.104370,1.102930,-0.001440,2024-12-18T23:51:00+00:00,2024-12-24T00:04:00+00:00,REV
SHORT,1.102930,1.106510,-0.003580,2024-12-24T00:04:00+00:00,2024-12-27T02:47:00+00:00,REV
LONG,1.106510,1.101770,-0.004740,2024-12-27T02:47:00+00:00,2024-12-30T00:04:00+00:00,REV
SHORT,1.101770,1.106820,-0.005050,2024-12-30T00:04:00+00:00,2025-01-02T02:33:00+00:00,REV
LONG,1.106820,1.104730,-0.002090,2025-01-02T02:33:00+00:00,2025-01-07T00:04:00+00:00,REV
SHORT,1.104730,1.108720,-0.003990,2025-01-07T00:04:00+00:00,2025-01-09T02:29:00+00:00,REV
LONG,1.108720,1.105610,-0.003110,2025-01-09T02:29:00+00:00,2025-01-13T00:04:00+00:00,REV
SHORT,1.105610,1.108590,-0.002980,2025-01-13T00:04:00+00:00,2025-01-15T20:19:00+00:00,REV
LONG,1.108590,1.105150,-0.003440,2025-01-15T20:19:00+00:00,2025-01-20T22:00:00+00:00,REV
SHORT,1.105150,1.103650,0.001500,2025-01-20T22:00:00+00:00,2025-02-03T00:48:00+00:00,REV
LONG,1.103650,1.110550,0.006900,2025-02-03T00:48:00+00:00,2025-02-14T17:25:00+00:00,REV
SHORT,1.110550,1.113510,-0.002960,2025-02-14T17:25:00+00:00,2025-02-18T05:34:00+00:00,REV
LONG,1.113510,1.109510,-0.004000,2025-02-18T05:34:00+00:00,2025-02-21T00:02:00+00:00,REV
SHORT,1.109510,1.109030,0.000480,2025-02-21T00:02:00+00:00,2025-02-28T05:33:00+00:00,REV
LONG,1.109030,1.105900,-0.003130,2025-02-28T05:33:00+00:00,2025-03-04T04:13:00+00:00,REV
SHORT,1.105900,1.094870,0.011030,2025-03-04T04:13:00+00:00,2025-03-24T00:16:00+00:00,REV
LONG,1.094870,1.097040,0.002170,2025-03-24T00:16:00+00:00,2025-03-27T17:44:00+00:00,REV
SHORT,1.097040,1.100440,-0.003400,2025-03-27T17:44:00+00:00,2025-03-28T08:32:00+00:00,REV
LONG,1.100440,1.098160,-0.002280,2025-03-28T08:32:00+00:00,2025-04-02T00:05:00+00:00,REV
SHORT,1.098160,1.086880,0.011280,2025-04-02T00:05:00+00:00,2025-04-09T20:23:00+00:00,REV
LONG,1.086880,1.073070,-0.013810,2025-04-09T20:23:00+00:00,2025-04-11T08:09:00+00:00,REV
SHORT,1.073070,1.072700,0.000370,2025-04-11T08:09:00+00:00,2025-04-25T10:02:00+00:00,REV
LONG,1.072700,1.079010,0.006310,2025-04-25T10:02:00+00:00,2025-05-06T10:35:00+00:00,REV
SHORT,1.079010,1.084520,-0.005510,2025-05-06T10:35:00+00:00,2025-05-09T03:37:00+00:00,REV
LONG,1.084520,1.086720,0.002200,2025-05-09T03:37:00+00:00,2025-05-16T10:48:00+00:00,REV
SHORT,1.086720,1.088410,-0.001690,2025-05-16T10:48:00+00:00,2025-05-23T05:35:00+00:00,REV
LONG,1.088410,1.081210,-0.007200,2025-05-23T05:35:00+00:00,2025-05-26T17:09:00+00:00,REV
SHORT,1.081210,1.078740,0.002470,2025-05-26T17:09:00+00:00,2025-06-06T16:25:00+00:00,REV
LONG,1.078740,1.076010,-0.002730,2025-06-06T16:25:00+00:00,2025-06-12T09:08:00+00:00,REV
SHORT,1.076010,1.079330,-0.003320,2025-06-12T09:08:00+00:00,2025-06-16T01:47:00+00:00,REV
LONG,1.079330,1.079190,-0.000140,2025-06-16T01:47:00+00:00,2025-06-24T10:32:00+00:00,REV
SHORT,1.079190,1.080900,-0.001710,2025-06-24T10:32:00+00:00,2025-06-27T01:32:00+00:00,REV
LONG,1.080900,1.076900,-0.004000,2025-06-27T01:32:00+00:00,2025-06-30T02:38:00+00:00,REV
SHORT,1.076900,1.080180,-0.003280,2025-06-30T02:38:00+00:00,2025-07-02T10:30:00+00:00,REV
LONG,1.080180,1.079510,-0.000670,2025-07-02T10:30:00+00:00,2025-07-07T00:12:00+00:00,REV
SHORT,1.079510,1.084610,-0.005100,2025-07-07T00:12:00+00:00,2025-07-08T07:30:00+00:00,REV
LONG,1.084610,1.094140,0.009530,2025-07-08T07:30:00+00:00,2025-07-17T05:05:00+00:00,REV
SHORT,1.094140,1.095100,-0.000960,2025-07-17T05:05:00+00:00,2025-07-22T09:25:00+00:00,REV
LONG,1.095100,1.090060,-0.005040,2025-07-22T09:25:00+00:00,2025-07-24T00:04:00+00:00,REV
SHORT,1.090060,1.093450,-0.003390,2025-07-24T00:04:00+00:00,2025-07-29T09:06:00+00:00,REV
LONG,1.093450,1.090500,-0.002950,2025-07-29T09:06:00+00:00,2025-07-30T21:00:00+00:00,REV
SHORT,1.090500,1.094070,-0.003570,2025-07-30T21:00:00+00:00,2025-08-01T05:03:00+00:00,REV
LONG,1.094070,1.093530,-0.000540,2025-08-01T05:03:00+00:00,2025-08-07T18:55:00+00:00,REV
SHORT,1.093530,1.097100,-0.003570,2025-08-07T18:55:00+00:00,2025-08-11T10:01:00+00:00,REV
LONG,1.097100,1.093330,-0.003770,2025-08-11T10:01:00+00:00,2025-08-14T00:04:00+00:00,REV
SHORT,1.093330,1.098350,-0.005020,2025-08-14T00:04:00+00:00,2025-08-15T05:26:00+00:00,REV
LONG,1.098350,1.094480,-0.003870,2025-08-15T05:26:00+00:00,2025-08-19T00:05:00+00:00,REV
SHORT,1.094480,1.099170,-0.004690,2025-08-19T00:05:00+00:00,2025-08-20T05:00:00+00:00,REV
LONG,1.099170,1.107800,0.008630,2025-08-20T05:00:00+00:00,2025-09-01T04:50:00+00:00,REV
SHORT,1.107800,1.111340,-0.003540,2025-09-01T04:50:00+00:00,2025-09-02T07:30:00+00:00,REV
LONG,1.111340,1.110260,-0.001080,2025-09-02T07:30:00+00:00,2025-09-08T00:04:00+00:00,REV
SHORT,1.110260,1.113450,-0.003190,2025-09-08T00:04:00+00:00,2025-09-10T20:13:00+00:00,REV
LONG,1.113450,1.113310,-0.000140,2025-09-10T20:13:00+00:00,2025-09-18T00:12:00+00:00,REV
SHORT,1.113310,1.119240,-0.005930,2025-09-18T00:12:00+00:00,2025-09-18T01:48:00+00:00,REV
LONG,1.119240,1.135390,0.016150,2025-09-18T01:48:00+00:00,2025-10-02T00:27:00+00:00,REV
SHORT,1.135390,1.134680,0.000710,2025-10-02T00:27:00+00:00,2025-10-07T05:57:00+00:00,REV
LONG,1.134680,1.133750,-0.000930,2025-10-07T05:57:00+00:00,2025-10-10T18:27:00+00:00,REV
SHORT,1.133750,1.133470,0.000280,2025-10-10T18:27:00+00:00,2025-10-26T23:08:00+00:00,REV
LONG,1.133470,1.152260,0.018790,2025-10-26T23:08:00+00:00,2025-11-13T00:04:00+00:00,REV
SHORT,1.152260,1.158650,-0.006390,2025-11-13T00:04:00+00:00,2025-11-13T02:32:00+00:00,REV
LONG,1.158650,1.152110,-0.006540,2025-11-13T02:32:00+00:00,2025-11-14T04:02:00+00:00,REV
SHORT,1.152110,1.152470,-0.000360,2025-11-14T04:02:00+00:00,2025-11-19T12:37:00+00:00,REV
LONG,1.152470,1.149190,-0.003280,2025-11-19T12:37:00+00:00,2025-11-26T03:00:00+00:00,REV
SHORT,1.149190,1.143680,0.005510,2025-11-26T03:00:00+00:00,2025-12-02T03:10:00+00:00,REV
LONG,1.143680,1.144470,0.000790,2025-12-02T03:10:00+00:00,2025-12-09T05:30:00+00:00,REV
SHORT,1.144470,1.149760,-0.005290,2025-12-09T05:30:00+00:00,2025-12-10T02:41:00+00:00,REV
LONG,1.149760,1.144100,-0.005660,2025-12-10T02:41:00+00:00,2025-12-17T17:24:00+00:00,REV
SHORT,1.144100,1.147420,-0.003320,2025-12-17T17:24:00+00:00,2025-12-19T06:23:00+00:00,REV
LONG,1.147420,1.145470,-0.001950,2025-12-19T06:23:00+00:00,2025-12-25T00:59:00+00:00,REV
SHORT,1.145470,1.150450,-0.004980,2025-12-25T00:59:00+00:00,2025-12-26T04:09:00+00:00,REV
LONG,1.150450,1.162400,0.011950,2025-12-26T04:09:00+00:00,2026-01-12T23:52:00+00:00,REV
SHORT,1.162400,1.166310,-0.003910,2026-01-12T23:52:00+00:00,2026-01-15T16:26:00+00:00,REV
LONG,1.166310,1.159990,-0.006320,2026-01-15T16:26:00+00:00,2026-01-19T02:27:00+00:00,REV
SHORT,1.159990,1.159080,0.000910,2026-01-19T02:27:00+00:00,2026-01-22T02:30:00+00:00,REV
LONG,1.159080,1.156340,-0.002740,2026-01-22T02:30:00+00:00,2026-01-30T04:25:00+00:00,REV
SHORT,1.156340,1.160860,-0.004520,2026-01-30T04:25:00+00:00,2026-02-03T05:30:00+00:00,REV
LONG,1.160860,1.169840,0.008980,2026-02-03T05:30:00+00:00,2026-02-17T12:16:00+00:00,REV
SHORT,1.169840,1.175300,-0.005460,2026-02-17T12:16:00+00:00,2026-02-18T03:00:00+00:00,REV
LONG,1.175300,1.182520,0.007220,2026-02-18T03:00:00+00:00,2026-03-02T00:04:00+00:00,REV
SHORT,1.182520,1.190080,-0.007560,2026-03-02T00:04:00+00:00,2026-03-02T16:35:00+00:00,REV
LONG,1.190080,1.187000,-0.003080,2026-03-02T16:35:00+00:00,2026-03-09T12:02:00+00:00,REV
SHORT,1.187000,1.193260,-0.006260,2026-03-09T12:02:00+00:00,2026-03-10T03:00:00+00:00,REV
LONG,1.193260,1.205940,0.012680,2026-03-10T03:00:00+00:00,2026-03-15T23:55:00+00:00,REV
SHORT,1.205940,1.209880,-0.003940,2026-03-15T23:55:00+00:00,2026-03-17T03:56:00+00:00,REV
LONG,1.209880,1.206010,-0.003870,2026-03-17T03:56:00+00:00,2026-03-19T16:01:00+00:00,REV
SHORT,1.206010,1.200220,0.005790,2026-03-19T16:01:00+00:00,2026-03-26T09:54:00+00:00,REV
LONG,1.200220,1.193800,-0.006420,2026-03-26T09:54:00+00:00,2026-03-27T03:03:00+00:00,REV
SHORT,1.193800,1.200280,-0.006480,2026-03-27T03:03:00+00:00,2026-03-30T18:54:00+00:00,REV
LONG,1.200280,1.207440,0.007160,2026-03-30T18:54:00+00:00,2026-04-09T04:05:00+00:00,REV
SHORT,1.207440,1.210380,-0.002940,2026-04-09T04:05:00+00:00,2026-04-15T10:26:00+00:00,REV
LONG,1.210380,1.213370,0.002990,2026-04-15T10:26:00+00:00,2026-04-21T03:21:00+00:00,REV
SHORT,1.213370,1.218500,-0.005130,2026-04-21T03:21:00+00:00,2026-04-24T00:16:00+00:00,REV
LONG,1.218500,1.216190,-0.002310,2026-04-24T00:16:00+00:00,2026-05-01T00:04:00+00:00,REV
SHORT,1.216190,1.221770,-0.005580,2026-05-01T00:04:00+00:00,2026-05-05T07:30:00+00:00,REV
LONG,1.221770,1.216150,-0.005620,2026-05-05T07:30:00+00:00,2026-05-05T08:38:00+00:00,REV
SHORT,1.216150,1.217000,-0.000850,2026-05-05T08:38:00+00:00,2026-05-11T08:49:00+00:00,REV
LONG,1.217000,1.217660,0.000660,2026-05-11T08:49:00+00:00,2026-05-19T00:05:00+00:00,REV
SHORT,1.217660,1.219400,-0.001740,2026-05-19T00:05:00+00:00,2026-05-25T04:10:00+00:00,REV
LONG,1.219400,1.215220,-0.004180,2026-05-25T04:10:00+00:00,2026-05-27T11:05:00+00:00,REV
SHORT,1.215220,1.207520,0.007700,2026-05-27T11:05:00+00:00,2026-06-02T03:08:00+00:00,REV
LONG,1.207520,1.213020,0.005500,2026-06-02T03:08:00+00:00,2026-06-08T00:04:00+00:00,REV
SHORT,1.213020,1.210750,0.002270,2026-06-08T00:04:00+00:00,2026-06-15T06:30:00+00:00,REV
LONG,1.210750,1.216650,0.005900,2026-06-15T06:30:00+00:00,2026-06-24T00:05:00+00:00,REV
SHORT,1.216650,1.216160,0.000490,2026-06-24T00:05:00+00:00,2026-07-06T01:49:00+00:00,REV
LONG,1.216160,1.213600,-0.002560,2026-07-06T01:49:00+00:00,2026-07-08T10:46:00+00:00,REV
SHORT,1.213600,1.199060,0.014540,2026-07-08T10:46:00+00:00,2026-07-20T17:04:00+00:00,REV
LONG,1.199060,1.193630,-0.005430,2026-07-20T17:04:00+00:00,2026-07-21T05:10:00+00:00,REV
SHORT,1.193630,1.199170,-0.005540,2026-07-21T05:10:00+00:00,2026-07-21T14:01:00+00:00,REV
LONG,1.199170,1.204700,0.005530,2026-07-21T14:01:00+00:00,2026-07-28T18:18:00+00:00,REV
SHORT,1.204700,1.197010,0.007690,2026-07-28T18:18:00+00:00,2026-08-05T01:45:00+00:00,REV
LONG,1.197010,1.195550,-0.001460,2026-08-05T01:45:00+00:00,2026-08-11T07:30:00+00:00,REV
SHORT,1.195550,1.200840,-0.005290,2026-08-11T07:30:00+00:00,2026-08-11T09:47:00+00:00,REV
LONG,1.200840,1.200210,-0.000630,2026-08-11T09:47:00+00:00,2026-08-17T00:04:00+00:00,REV
SHORT,1.200210,1.207220,-0.007010,2026-08-17T00:04:00+00:00,2026-08-18T06:47:00+00:00,REV
LONG,1.207220,1.199600,-0.007620,2026-08-18T06:47:00+00:00,2026-08-19T21:41:00+00:00,REV
SHORT,1.199600,1.201280,-0.001680,2026-08-19T21:41:00+00:00,2026-08-24T14:30:00+00:00,REV
LONG,1.201280,1.196000,-0.005280,2026-08-24T14:30:00+00:00,2026-08-26T00:08:00+00:00,REV
SHORT,1.196000,1.201730,-0.005730,2026-08-26T00:08:00+00:00,2026-08-26T04:30:00+00:00,REV
LONG,1.201730,1.231030,0.029300,2026-08-26T04:30:00+00:00,2026-09-11T04:35:00+00:00,REV
SHORT,1.231030,1.236680,-0.005650,2026-09-11T04:35:00+00:00,2026-09-15T04:37:00+00:00,REV
LONG,1.236680,1.239070,0.002390,2026-09-15T04:37:00+00:00,2026-09-22T11:50:00+00:00,REV
SHORT,1.239070,1.239480,-0.000410,2026-09-22T11:50:00+00:00,2026-09-24T02:59:00+00:00,END
