direction,entry,exit,pnl,open_time,close_time,reason
LONG,1.802740,1.789600,-0.013140,2002-08-21T09:35:00+00:00,2002-08-23T00:29:00+00:00,REV
SHORT,1.789600,1.784140,0.005460,2002-08-23T00:29:00+00:00,2002-08-29T07:57:00+00:00,REV
LONG,1.784140,1.817000,0.032860,2002-08-29T07:57:00+00:00,2002-09-05T01:02:00+00:00,REV
SHORT,1.817000,1.834840,-0.017840,2002-09-05T01:02:00+00:00,2002-09-05T09:05:00+00:00,REV
LONG,1.834840,1.815200,-0.019640,2002-09-05T09:05:00+00:00,2002-09-06T15:31:00+00:00,REV
SHORT,1.815200,1.782440,0.032760,2002-09-06T15:31:00+00:00,2002-09-13T02:59:00+00:00,REV
LONG,1.782440,1.764800,-0.017640,2002-09-13T02:59:00+00:00,2002-09-16T04:11:00+00:00,REV
SHORT,1.764800,1.775440,-0.010640,2002-09-16T04:11:00+00:00,2002-09-17T22:40:00+00:00,REV
LONG,1.775440,1.796100,0.020660,2002-09-17T22:40:00+00:00,2002-09-25T09:45:00+00:00,REV
SHORT,1.796100,1.807340,-0.011240,2002-09-25T09:45:00+00:00,2002-09-26T11:49:00+00:00,REV
LONG,1.807340,1.788000,-0.019340,2002-09-26T11:49:00+00:00,2002-09-26T18:14:00+00:00,REV
SHORT,1.788000,1.806140,-0.018140,2002-09-26T18:14:00+00:00,2002-09-30T02:02:00+00:00,REV
LONG,1.806140,1.804900,-0.001240,2002-09-30T02:02:00+00:00,2002-10-02T00:22:00+00:00,REV
SHORT,1.804900,1.817240,-0.012340,2002-10-02T00:22:00+00:00,2002-10-03T09:21:00+00:00,REV
LONG,1.817240,1.804900,-0.012340,2002-10-03T09:21:00+00:00,2002-10-04T03:34:00+00:00,REV
SHORT,1.804900,1.793140,0.011760,2002-10-04T03:34:00+00:00,2002-10-08T19:22:00+00:00,REV
LONG,1.793140,1.796400,0.003260,2002-10-08T19:22:00+00:00,2002-10-11T15:40:00+00:00,REV
SHORT,1.796400,1.806840,-0.010440,2002-10-11T15:40:00+00:00,2002-10-14T04:40:00+00:00,REV
LONG,1.806840,1.804100,-0.002740,2002-10-14T04:40:00+00:00,2002-10-15T10:26:00+00:00,REV
SHORT,1.804100,1.768640,0.035460,2002-10-15T10:26:00+00:00,2002-10-22T16:51:00+00:00,REV
LONG,1.768640,1.763300,-0.005340,2002-10-22T16:51:00+00:00,2002-10-24T00:28:00+00:00,REV
SHORT,1.763300,1.765240,-0.001940,2002-10-24T00:28:00+00:00,2002-10-29T17:10:00+00:00,REV
LONG,1.765240,1.778100,0.012860,2002-10-29T17:10:00+00:00,2002-11-04T02:00:00+00:00,REV
SHORT,1.778100,1.780740,-0.002640,2002-11-04T02:00:00+00:00,2002-11-05T00:51:00+00:00,REV
LONG,1.780740,1.777500,-0.003240,2002-11-05T00:51:00+00:00,2002-11-06T08:43:00+00:00,REV
SHORT,1.777500,1.785240,-0.007740,2002-11-06T08:43:00+00:00,2002-11-07T19:29:00+00:00,REV
LONG,1.785240,1.795100,0.009860,2002-11-07T19:29:00+00:00,2002-11-14T08:33:00+00:00,REV
SHORT,1.795100,1.794240,0.000860,2002-11-14T08:33:00+00:00,2002-11-18T02:06:00+00:00,REV
LONG,1.794240,1.793600,-0.000640,2002-11-18T02:06:00+00:00,2002-11-20T09:44:00+00:00,REV
SHORT,1.793600,1.777240,0.016360,2002-11-20T09:44:00+00:00,2002-11-26T20:24:00+00:00,REV
LONG,1.777240,1.768800,-0.008440,2002-11-26T20:24:00+00:00,2002-11-29T01:59:00+00:00,REV
SHORT,1.768800,1.780340,-0.011540,2002-11-29T01:59:00+00:00,2002-12-02T20:12:00+00:00,REV
LONG,1.780340,1.781800,0.001460,2002-12-02T20:12:00+00:00,2002-12-05T02:53:00+00:00,REV
SHORT,1.781800,1.787540,-0.005740,2002-12-05T02:53:00+00:00,2002-12-06T05:34:00+00:00,REV
LONG,1.787540,1.795500,0.007960,2002-12-06T05:34:00+00:00,2002-12-12T09:11:00+00:00,REV
SHORT,1.795500,1.803540,-0.008040,2002-12-12T09:11:00+00:00,2002-12-12T18:43:00+00:00,REV
LONG,1.803540,1.809100,0.005560,2002-12-12T18:43:00+00:00,2002-12-19T18:53:00+00:00,REV
SHORT,1.809100,1.820240,-0.011140,2002-12-19T18:53:00+00:00,2002-12-20T16:54:00+00:00,REV
LONG,1.820240,1.835300,0.015060,2002-12-20T16:54:00+00:00,2003-01-06T02:04:00+00:00,REV
SHORT,1.835300,1.822040,0.013260,2003-01-06T02:04:00+00:00,2003-01-08T19:19:00+00:00,REV
LONG,1.822040,1.813200,-0.008840,2003-01-08T19:19:00+00:00,2003-01-10T14:54:00+00:00,REV
SHORT,1.813200,1.816940,-0.003740,2003-01-10T14:54:00+00:00,2003-01-14T14:45:00+00:00,REV
LONG,1.816940,1.798900,-0.018040,2003-01-14T14:45:00+00:00,2003-01-15T01:52:00+00:00,REV
SHORT,1.798900,1.806740,-0.007840,2003-01-15T01:52:00+00:00,2003-01-20T10:43:00+00:00,REV
LONG,1.806740,1.818500,0.011760,2003-01-20T10:43:00+00:00,2003-01-23T11:23:00+00:00,REV
SHORT,1.818500,1.832840,-0.014340,2003-01-23T11:23:00+00:00,2003-01-27T10:34:00+00:00,REV
LONG,1.832840,1.836800,0.003960,2003-01-27T10:34:00+00:00,2003-01-29T17:28:00+00:00,REV
SHORT,1.836800,1.843640,-0.006840,2003-01-29T17:28:00+00:00,2003-01-31T02:55:00+00:00,REV
LONG,1.843640,1.834700,-0.008940,2003-01-31T02:55:00+00:00,2003-02-05T04:07:00+00:00,REV
SHORT,1.834700,1.835940,-0.001240,2003-02-05T04:07:00+00:00,2003-02-07T23:28:00+00:00,REV
LONG,1.835940,1.822700,-0.013240,2003-02-07T23:28:00+00:00,2003-02-10T11:42:00+00:00,REV
SHORT,1.822700,1.824640,-0.001940,2003-02-10T11:42:00+00:00,2003-02-13T00:14:00+00:00,REV
LONG,1.824640,1.816000,-0.008640,2003-02-13T00:14:00+00:00,2003-02-17T02:11:00+00:00,REV
SHORT,1.816000,1.782440,0.033560,2003-02-17T02:11:00+00:00,2003-02-27T13:00:00+00:00,REV
LONG,1.782440,1.774200,-0.008240,2003-02-27T13:00:00+00:00,2003-02-27T15:55:00+00:00,REV
SHORT,1.774200,1.784140,-0.009940,2003-02-27T15:55:00+00:00,2003-02-28T14:13:00+00:00,REV
LONG,1.784140,1.772500,-0.011640,2003-02-28T14:13:00+00:00,2003-02-28T18:39:00+00:00,REV
SHORT,1.772500,1.779640,-0.007140,2003-02-28T18:39:00+00:00,2003-03-04T10:34:00+00:00,REV
LONG,1.779640,1.820300,0.040660,2003-03-04T10:34:00+00:00,2003-03-13T20:54:00+00:00,REV
SHORT,1.820300,1.797840,0.022460,2003-03-13T20:54:00+00:00,2003-03-20T17:30:00+00:00,REV
LONG,1.797840,1.783000,-0.014840,2003-03-20T17:30:00+00:00,2003-03-21T15:39:00+00:00,REV
SHORT,1.783000,1.794340,-0.011340,2003-03-21T15:39:00+00:00,2003-03-24T11:40:00+00:00,REV
LONG,1.794340,1.784600,-0.009740,2003-03-24T11:40:00+00:00,2003-03-26T00:20:00+00:00,REV
SHORT,1.784600,1.790240,-0.005640,2003-03-26T00:20:00+00:00,2003-03-28T11:54:00+00:00,REV
LONG,1.790240,1.799900,0.009660,2003-03-28T11:54:00+00:00,2003-04-02T08:18:00+00:00,REV
SHORT,1.799900,1.788740,0.011160,2003-04-02T08:18:00+00:00,2003-04-08T08:42:00+00:00,REV
LONG,1.788740,1.777000,-0.011740,2003-04-08T08:42:00+00:00,2003-04-09T17:08:00+00:00,REV
SHORT,1.777000,1.782040,-0.005040,2003-04-09T17:08:00+00:00,2003-04-14T11:40:00+00:00,REV
LONG,1.782040,1.778000,-0.004040,2003-04-14T11:40:00+00:00,2003-04-16T01:23:00+00:00,REV
SHORT,1.778000,1.783740,-0.005740,2003-04-16T01:23:00+00:00,2003-04-17T01:16:00+00:00,REV
LONG,1.783740,1.769700,-0.014040,2003-04-17T01:16:00+00:00,2003-04-17T19:26:00+00:00,REV
SHORT,1.769700,1.774140,-0.004440,2003-04-17T19:26:00+00:00,2003-04-22T12:48:00+00:00,REV
LONG,1.774140,1.766100,-0.008040,2003-04-22T12:48:00+00:00,2003-04-22T14:48:00+00:00,REV
SHORT,1.766100,1.774540,-0.008440,2003-04-22T14:48:00+00:00,2003-04-23T18:46:00+00:00,REV
LONG,1.774540,1.779200,0.004660,2003-04-23T18:46:00+00:00,2003-04-28T11:50:00+00:00,REV
SHORT,1.779200,1.782940,-0.003740,2003-04-28T11:50:00+00:00,2003-04-30T02:41:00+00:00,REV
LONG,1.782940,1.777600,-0.005340,2003-04-30T02:41:00+00:00,2003-05-01T16:17:00+00:00,REV
SHORT,1.777600,1.782040,-0.004440,2003-05-01T16:17:00+00:00,2003-05-06T01:45:00+00:00,REV
LONG,1.782040,1.774600,-0.007440,2003-05-06T01:45:00+00:00,2003-05-06T04:55:00+00:00,REV
SHORT,1.774600,1.786040,-0.011440,2003-05-06T04:55:00+00:00,2003-05-07T16:27:00+00:00,REV
LONG,1.786040,1.779600,-0.006440,2003-05-07T16:27:00+00:00,2003-05-12T21:22:00+00:00,REV
SHORT,1.779600,1.786340,-0.006740,2003-05-12T21:22:00+00:00,2003-05-15T19:00:00+00:00,REV
LONG,1.786340,1.771400,-0.014940,2003-05-15T19:00:00+00:00,2003-05-16T14:28:00+00:00,REV
SHORT,1.771400,1.781840,-0.010440,2003-05-16T14:28:00+00:00,2003-05-19T07:09:00+00:00,REV
LONG,1.781840,1.775000,-0.006840,2003-05-19T07:09:00+00:00,2003-05-22T19:57:00+00:00,REV
SHORT,1.775000,1.784140,-0.009140,2003-05-22T19:57:00+00:00,2003-05-23T10:22:00+00:00,REV
LONG,1.784140,1.792400,0.008260,2003-05-23T10:22:00+00:00,2003-05-27T07:55:00+00:00,REV
SHORT,1.792400,1.799040,-0.006640,2003-05-27T07:55:00+00:00,2003-05-27T09:51:00+00:00,REV
LONG,1.799040,1.803800,0.004760,2003-05-27T09:51:00+00:00,2003-05-30T18:01:00+00:00,REV
SHORT,1.803800,1.777740,0.026060,2003-05-30T18:01:00+00:00,2003-06-05T16:15:00+00:00,REV
LONG,1.777740,1.775500,-0.002240,2003-06-05T16:15:00+00:00,2003-06-11T17:00:00+00:00,REV
SHORT,1.775500,1.777040,-0.001540,2003-06-11T17:00:00+00:00,2003-06-13T20:37:00+00:00,REV
LONG,1.777040,1.769300,-0.007740,2003-06-13T20:37:00+00:00,2003-06-17T01:36:00+00:00,REV
SHORT,1.769300,1.744240,0.025060,2003-06-17T01:36:00+00:00,2003-06-24T00:34:00+00:00,REV
LONG,1.744240,1.732000,-0.012240,2003-06-24T00:34:00+00:00,2003-06-24T19:51:00+00:00,REV
SHORT,1.732000,1.691340,0.040660,2003-06-24T19:51:00+00:00,2003-07-07T00:38:00+00:00,REV
LONG,1.691340,1.680700,-0.010640,2003-07-07T00:38:00+00:00,2003-07-07T03:07:00+00:00,REV
SHORT,1.680700,1.691940,-0.011240,2003-07-07T03:07:00+00:00,2003-07-08T12:27:00+00:00,REV
LONG,1.691940,1.724800,0.032860,2003-07-08T12:27:00+00:00,2003-07-11T01:24:00+00:00,REV
SHORT,1.724800,1.719040,0.005760,2003-07-11T01:24:00+00:00,2003-07-15T04:55:00+00:00,REV
LONG,1.719040,1.711300,-0.007740,2003-07-15T04:55:00+00:00,2003-07-16T03:06:00+00:00,REV
SHORT,1.711300,1.740640,-0.029340,2003-07-16T03:06:00+00:00,2003-07-21T01:08:00+00:00,REV
LONG,1.740640,1.738000,-0.002640,2003-07-21T01:08:00+00:00,2003-07-22T04:29:00+00:00,REV
SHORT,1.738000,1.745540,-0.007540,2003-07-22T04:29:00+00:00,2003-07-22T18:19:00+00:00,REV
LONG,1.745540,1.735200,-0.010340,2003-07-22T18:19:00+00:00,2003-07-24T04:02:00+00:00,REV
SHORT,1.735200,1.735740,-0.000540,2003-07-24T04:02:00+00:00,2003-07-30T09:06:00+00:00,REV
LONG,1.735740,1.731100,-0.004640,2003-07-30T09:06:00+00:00,2003-08-01T01:13:00+00:00,REV
SHORT,1.731100,1.737140,-0.006040,2003-08-01T01:13:00+00:00,2003-08-04T12:03:00+00:00,REV
LONG,1.737140,1.751600,0.014460,2003-08-04T12:03:00+00:00,2003-08-06T13:09:00+00:00,REV
SHORT,1.751600,1.674540,0.077060,2003-08-06T13:09:00+00:00,2003-08-26T04:07:00+00:00,REV
LONG,1.674540,1.692400,0.017860,2003-08-26T04:07:00+00:00,2003-08-29T09:52:00+00:00,REV
SHORT,1.692400,1.699940,-0.007540,2003-08-29T09:52:00+00:00,2003-09-04T15:31:00+00:00,REV
LONG,1.699940,1.706300,0.006360,2003-09-04T15:31:00+00:00,2003-09-09T11:31:00+00:00,REV
SHORT,1.706300,1.708640,-0.002340,2003-09-09T11:31:00+00:00,2003-09-11T01:27:00+00:00,REV
LONG,1.708640,1.698700,-0.009940,2003-09-11T01:27:00+00:00,2003-09-11T05:22:00+00:00,REV
SHORT,1.698700,1.698740,-0.000040,2003-09-11T05:22:00+00:00,2003-09-18T00:34:00+00:00,REV
LONG,1.698740,1.686600,-0.012140,2003-09-18T00:34:00+00:00,2003-09-19T01:01:00+00:00,REV
SHORT,1.686600,1.694440,-0.007840,2003-09-19T01:01:00+00:00,2003-09-22T01:24:00+00:00,REV
LONG,1.694440,1.682300,-0.012140,2003-09-22T01:24:00+00:00,2003-09-22T02:08:00+00:00,REV
SHORT,1.682300,1.694440,-0.012140,2003-09-22T02:08:00+00:00,2003-09-23T06:23:00+00:00,REV
LONG,1.694440,1.690100,-0.004340,2003-09-23T06:23:00+00:00,2003-09-25T03:36:00+00:00,REV
SHORT,1.690100,1.698640,-0.008540,2003-09-25T03:36:00+00:00,2003-09-26T11:55:00+00:00,REV
LONG,1.698640,1.704200,0.005560,2003-09-26T11:55:00+00:00,2003-10-02T21:53:00+00:00,REV
SHORT,1.704200,1.712740,-0.008540,2003-10-02T21:53:00+00:00,2003-10-06T02:19:00+00:00,REV
LONG,1.712740,1.700600,-0.012140,2003-10-06T02:19:00+00:00,2003-10-06T13:58:00+00:00,REV
SHORT,1.700600,1.712740,-0.012140,2003-10-06T13:58:00+00:00,2003-10-08T10:30:00+00:00,REV
LONG,1.712740,1.702300,-0.010440,2003-10-08T10:30:00+00:00,2003-10-09T13:23:00+00:00,REV
SHORT,1.702300,1.678240,0.024060,2003-10-09T13:23:00+00:00,2003-10-23T08:07:00+00:00,REV
LONG,1.678240,1.682300,0.004060,2003-10-23T08:07:00+00:00,2003-10-27T01:24:00+00:00,REV
SHORT,1.682300,1.618640,0.063660,2003-10-27T01:24:00+00:00,2003-11-07T12:41:00+00:00,REV
LONG,1.618640,1.610200,-0.008440,2003-11-07T12:41:00+00:00,2003-11-10T11:54:00+00:00,REV
SHORT,1.610200,1.613740,-0.003540,2003-11-10T11:54:00+00:00,2003-11-12T04:35:00+00:00,REV
LONG,1.613740,1.645000,0.031260,2003-11-12T04:35:00+00:00,2003-11-20T00:24:00+00:00,REV
SHORT,1.645000,1.646140,-0.001140,2003-11-20T00:24:00+00:00,2003-11-26T05:22:00+00:00,REV
LONG,1.646140,1.647400,0.001260,2003-11-26T05:22:00+00:00,2003-12-01T17:48:00+00:00,REV
SHORT,1.647400,1.655440,-0.008040,2003-12-01T17:48:00+00:00,2003-12-03T00:21:00+00:00,REV
LONG,1.655440,1.641800,-0.013640,2003-12-03T00:21:00+00:00,2003-12-04T05:05:00+00:00,REV
SHORT,1.641800,1.650640,-0.008840,2003-12-04T05:05:00+00:00,2003-12-05T15:30:00+00:00,REV
LONG,1.650640,1.649700,-0.000940,2003-12-05T15:30:00+00:00,2003-12-10T08:20:00+00:00,REV
SHORT,1.649700,1.656940,-0.007240,2003-12-10T08:20:00+00:00,2003-12-10T15:28:00+00:00,REV
LONG,1.656940,1.648500,-0.008440,2003-12-10T15:28:00+00:00,2003-12-12T15:50:00+00:00,REV
SHORT,1.648500,1.657140,-0.008640,2003-12-12T15:50:00+00:00,2003-12-15T23:53:00+00:00,REV
LONG,1.657140,1.679400,0.022260,2003-12-15T23:53:00+00:00,2003-12-24T00:10:00+00:00,REV
SHORT,1.679400,1.680540,-0.001140,2003-12-24T00:10:00+00:00,2003-12-29T00:39:00+00:00,REV
LONG,1.680540,1.676000,-0.004540,2003-12-29T00:39:00+00:00,2003-12-29T02:18:00+00:00,REV
SHORT,1.676000,1.680440,-0.004440,2003-12-29T02:18:00+00:00,2003-12-31T03:02:00+00:00,REV
LONG,1.680440,1.671700,-0.008740,2003-12-31T03:02:00+00:00,2003-12-31T19:20:00+00:00,REV
SHORT,1.671700,1.660840,0.010860,2003-12-31T19:20:00+00:00,2004-01-07T03:23:00+00:00,REV
LONG,1.660840,1.647400,-0.013440,2004-01-07T03:23:00+00:00,2004-01-07T19:36:00+00:00,REV
SHORT,1.647400,1.649940,-0.002540,2004-01-07T19:36:00+00:00,2004-01-09T01:29:00+00:00,REV
LONG,1.649940,1.641200,-0.008740,2004-01-09T01:29:00+00:00,2004-01-12T20:00:00+00:00,REV
SHORT,1.641200,1.643140,-0.001940,2004-01-12T20:00:00+00:00,2004-01-14T03:05:00+00:00,REV
LONG,1.643140,1.633700,-0.009440,2004-01-14T03:05:00+00:00,2004-01-14T10:17:00+00:00,REV
SHORT,1.633700,1.636140,-0.002440,2004-01-14T10:17:00+00:00,2004-01-19T03:41:00+00:00,REV
LONG,1.636140,1.631300,-0.004840,2004-01-19T03:41:00+00:00,2004-01-21T10:26:00+00:00,REV
SHORT,1.631300,1.642240,-0.010940,2004-01-21T10:26:00+00:00,2004-01-22T13:05:00+00:00,REV
LONG,1.642240,1.630400,-0.011840,2004-01-22T13:05:00+00:00,2004-01-23T18:34:00+00:00,REV
SHORT,1.630400,1.625340,0.005060,2004-01-23T18:34:00+00:00,2004-01-28T00:35:00+00:00,REV
LONG,1.625340,1.643800,0.018460,2004-01-28T00:35:00+00:00,2004-02-06T11:36:00+00:00,REV
SHORT,1.643800,1.651240,-0.007440,2004-02-06T11:36:00+00:00,2004-02-06T15:30:00+00:00,REV
LONG,1.651240,1.641700,-0.009540,2004-02-06T15:30:00+00:00,2004-02-09T04:01:00+00:00,REV
SHORT,1.641700,1.615340,0.026360,2004-02-09T04:01:00+00:00,2004-02-17T13:57:00+00:00,REV
LONG,1.615340,1.608700,-0.006640,2004-02-17T13:57:00+00:00,2004-02-17T16:40:00+00:00,REV
SHORT,1.608700,1.615640,-0.006940,2004-02-17T16:40:00+00:00,2004-02-18T08:39:00+00:00,REV
LONG,1.615640,1.607300,-0.008340,2004-02-18T08:39:00+00:00,2004-02-18T22:12:00+00:00,REV
SHORT,1.607300,1.612140,-0.004840,2004-02-18T22:12:00+00:00,2004-02-20T04:56:00+00:00,REV
LONG,1.612140,1.620400,0.008260,2004-02-20T04:56:00+00:00,2004-02-25T15:18:00+00:00,REV
SHORT,1.620400,1.621140,-0.000740,2004-02-25T15:18:00+00:00,2004-02-27T17:00:00+00:00,REV
LONG,1.621140,1.611000,-0.010140,2004-02-27T17:00:00+00:00,2004-02-27T17:58:00+00:00,REV
SHORT,1.611000,1.614440,-0.003440,2004-02-27T17:58:00+00:00,2004-03-03T05:55:00+00:00,REV
LONG,1.614440,1.629300,0.014860,2004-03-03T05:55:00+00:00,2004-03-09T06:23:00+00:00,REV
SHORT,1.629300,1.635040,-0.005740,2004-03-09T06:23:00+00:00,2004-03-10T13:35:00+00:00,REV
LONG,1.635040,1.662700,0.027660,2004-03-10T13:35:00+00:00,2004-03-16T02:48:00+00:00,REV
SHORT,1.662700,1.655940,0.006760,2004-03-16T02:48:00+00:00,2004-03-19T05:18:00+00:00,REV
LONG,1.655940,1.642200,-0.013740,2004-03-19T05:18:00+00:00,2004-03-19T18:16:00+00:00,REV
SHORT,1.642200,1.643540,-0.001340,2004-03-19T18:16:00+00:00,2004-03-24T11:57:00+00:00,REV
LONG,1.643540,1.633500,-0.010040,2004-03-24T11:57:00+00:00,2004-03-24T15:02:00+00:00,REV
SHORT,1.633500,1.645140,-0.011640,2004-03-24T15:02:00+00:00,2004-03-25T16:40:00+00:00,REV
LONG,1.645140,1.628700,-0.016440,2004-03-25T16:40:00+00:00,2004-03-26T17:40:00+00:00,REV
SHORT,1.628700,1.617340,0.011360,2004-03-26T17:40:00+00:00,2004-04-01T14:41:00+00:00,REV
LONG,1.617340,1.603700,-0.013640,2004-04-01T14:41:00+00:00,2004-04-02T15:33:00+00:00,REV
SHORT,1.603700,1.596340,0.007360,2004-04-02T15:33:00+00:00,2004-04-08T12:09:00+00:00,REV
LONG,1.596340,1.584000,-0.012340,2004-04-08T12:09:00+00:00,2004-04-08T18:27:00+00:00,REV
SHORT,1.584000,1.586240,-0.002240,2004-04-08T18:27:00+00:00,2004-04-13T23:43:00+00:00,REV
LONG,1.586240,1.611600,0.025360,2004-04-13T23:43:00+00:00,2004-04-19T03:10:00+00:00,REV
SHORT,1.611600,1.615140,-0.003540,2004-04-19T03:10:00+00:00,2004-04-20T08:18:00+00:00,REV
LONG,1.615140,1.618500,0.003360,2004-04-20T08:18:00+00:00,2004-04-23T18:17:00+00:00,REV
SHORT,1.618500,1.621240,-0.002740,2004-04-23T18:17:00+00:00,2004-04-27T13:21:00+00:00,REV
LONG,1.621240,1.653900,0.032660,2004-04-27T13:21:00+00:00,2004-05-04T02:28:00+00:00,REV
SHORT,1.653900,1.663740,-0.009840,2004-05-04T02:28:00+00:00,2004-05-05T15:05:00+00:00,REV
LONG,1.663740,1.698200,0.034460,2004-05-05T15:05:00+00:00,2004-05-12T02:57:00+00:00,REV
SHORT,1.698200,1.708240,-0.010040,2004-05-12T02:57:00+00:00,2004-05-12T16:58:00+00:00,REV
LONG,1.708240,1.738100,0.029860,2004-05-12T16:58:00+00:00,2004-05-19T01:59:00+00:00,REV
SHORT,1.738100,1.725040,0.013060,2004-05-19T01:59:00+00:00,2004-05-24T20:37:00+00:00,REV
LONG,1.725040,1.706700,-0.018340,2004-05-24T20:37:00+00:00,2004-05-25T23:27:00+00:00,REV
SHORT,1.706700,1.714740,-0.008040,2004-05-25T23:27:00+00:00,2004-05-28T11:20:00+00:00,REV
LONG,1.714740,1.704900,-0.009840,2004-05-28T11:20:00+00:00,2004-05-31T12:28:00+00:00,REV
SHORT,1.704900,1.715940,-0.011040,2004-05-31T12:28:00+00:00,2004-06-01T17:10:00+00:00,REV
LONG,1.715940,1.759900,0.043960,2004-06-01T17:10:00+00:00,2004-06-07T08:13:00+00:00,REV
SHORT,1.759900,1.755340,0.004560,2004-06-07T08:13:00+00:00,2004-06-09T06:08:00+00:00,REV
LONG,1.755340,1.744100,-0.011240,2004-06-09T06:08:00+00:00,2004-06-10T01:47:00+00:00,REV
SHORT,1.744100,1.759640,-0.015540,2004-06-10T01:47:00+00:00,2004-06-15T03:47:00+00:00,REV
LONG,1.759640,1.740000,-0.019640,2004-06-15T03:47:00+00:00,2004-06-16T12:31:00+00:00,REV
SHORT,1.740000,1.753240,-0.013240,2004-06-16T12:31:00+00:00,2004-06-17T03:27:00+00:00,REV
LONG,1.753240,1.751300,-0.001940,2004-06-17T03:27:00+00:00,2004-06-21T13:42:00+00:00,REV
SHORT,1.751300,1.764840,-0.013540,2004-06-21T13:42:00+00:00,2004-06-22T08:04:00+00:00,REV
LONG,1.764840,1.754600,-0.010240,2004-06-22T08:04:00+00:00,2004-06-24T02:42:00+00:00,REV
SHORT,1.754600,1.742440,0.012160,2004-06-24T02:42:00+00:00,2004-06-28T01:39:00+00:00,REV
LONG,1.742440,1.738200,-0.004240,2004-06-28T01:39:00+00:00,2004-06-29T09:30:00+00:00,REV
SHORT,1.738200,1.747740,-0.009540,2004-06-29T09:30:00+00:00,2004-06-29T12:44:00+00:00,REV
LONG,1.747740,1.743800,-0.003940,2004-06-29T12:44:00+00:00,2004-07-01T04:10:00+00:00,REV
SHORT,1.743800,1.723340,0.020460,2004-07-01T04:10:00+00:00,2004-07-08T22:52:00+00:00,REV
LONG,1.723340,1.712600,-0.010740,2004-07-08T22:52:00+00:00,2004-07-12T01:54:00+00:00,REV
SHORT,1.712600,1.709640,0.002960,2004-07-12T01:54:00+00:00,2004-07-14T13:02:00+00:00,REV
LONG,1.709640,1.705100,-0.004540,2004-07-14T13:02:00+00:00,2004-07-16T14:59:00+00:00,REV
SHORT,1.705100,1.701840,0.003260,2004-07-16T14:59:00+00:00,2004-07-20T08:54:00+00:00,REV
LONG,1.701840,1.691700,-0.010140,2004-07-20T08:54:00+00:00,2004-07-20T19:06:00+00:00,REV
SHORT,1.691700,1.703840,-0.012140,2004-07-20T19:06:00+00:00,2004-07-21T12:28:00+00:00,REV
LONG,1.703840,1.709400,0.005560,2004-07-21T12:28:00+00:00,2004-07-23T17:59:00+00:00,REV
SHORT,1.709400,1.716040,-0.006640,2004-07-23T17:59:00+00:00,2004-07-27T17:15:00+00:00,REV
LONG,1.716040,1.720700,0.004660,2004-07-27T17:15:00+00:00,2004-07-30T02:37:00+00:00,REV
SHORT,1.720700,1.715040,0.005660,2004-07-30T02:37:00+00:00,2004-08-05T16:36:00+00:00,REV
LONG,1.715040,1.712800,-0.002240,2004-08-05T16:36:00+00:00,2004-08-09T10:15:00+00:00,REV
SHORT,1.712800,1.717740,-0.004940,2004-08-09T10:15:00+00:00,2004-08-13T02:50:00+00:00,REV
LONG,1.717740,1.719800,0.002060,2004-08-13T02:50:00+00:00,2004-08-19T12:14:00+00:00,REV
SHORT,1.719800,1.713040,0.006760,2004-08-19T12:14:00+00:00,2004-08-24T14:00:00+00:00,REV
LONG,1.713040,1.709500,-0.003540,2004-08-24T14:00:00+00:00,2004-08-25T04:52:00+00:00,REV
SHORT,1.709500,1.716540,-0.007040,2004-08-25T04:52:00+00:00,2004-08-26T04:36:00+00:00,REV
LONG,1.716540,1.706800,-0.009740,2004-08-26T04:36:00+00:00,2004-08-27T13:28:00+00:00,REV
SHORT,1.706800,1.722740,-0.015940,2004-08-27T13:28:00+00:00,2004-08-30T07:23:00+00:00,REV
LONG,1.722740,1.741900,0.019160,2004-08-30T07:23:00+00:00,2004-09-06T09:48:00+00:00,REV
SHORT,1.741900,1.748840,-0.006940,2004-09-06T09:48:00+00:00,2004-09-08T04:38:00+00:00,REV
LONG,1.748840,1.758800,0.009960,2004-09-08T04:38:00+00:00,2004-09-13T05:27:00+00:00,REV
SHORT,1.758800,1.745540,0.013260,2004-09-13T05:27:00+00:00,2004-09-21T12:32:00+00:00,REV
LONG,1.745540,1.736800,-0.008740,2004-09-21T12:32:00+00:00,2004-09-22T16:14:00+00:00,REV
SHORT,1.736800,1.724840,0.011960,2004-09-22T16:14:00+00:00,2004-09-29T18:23:00+00:00,REV
LONG,1.724840,1.715400,-0.009440,2004-09-29T18:23:00+00:00,2004-09-30T17:54:00+00:00,REV
SHORT,1.715400,1.692940,0.022460,2004-09-30T17:54:00+00:00,2004-10-12T11:41:00+00:00,REV
LONG,1.692940,1.713100,0.020160,2004-10-12T11:41:00+00:00,2004-10-20T13:04:00+00:00,REV
SHORT,1.713100,1.714840,-0.001740,2004-10-20T13:04:00+00:00,2004-10-25T00:06:00+00:00,REV
LONG,1.714840,1.709000,-0.005840,2004-10-25T00:06:00+00:00,2004-10-25T12:09:00+00:00,REV
SHORT,1.709000,1.715440,-0.006440,2004-10-25T12:09:00+00:00,2004-10-28T13:39:00+00:00,REV
LONG,1.715440,1.704700,-0.010740,2004-10-28T13:39:00+00:00,2004-11-02T12:41:00+00:00,REV
SHORT,1.704700,1.703240,0.001460,2004-11-02T12:41:00+00:00,2004-11-05T02:45:00+00:00,REV
LONG,1.703240,1.693500,-0.009740,2004-11-05T02:45:00+00:00,2004-11-05T15:48:00+00:00,REV
SHORT,1.693500,1.704140,-0.010640,2004-11-05T15:48:00+00:00,2004-11-08T04:38:00+00:00,REV
LONG,1.704140,1.700200,-0.003940,2004-11-08T04:38:00+00:00,2004-11-09T18:11:00+00:00,REV
SHORT,1.700200,1.663840,0.036360,2004-11-09T18:11:00+00:00,2004-11-22T00:03:00+00:00,REV
LONG,1.663840,1.662500,-0.001340,2004-11-22T00:03:00+00:00,2004-11-22T00:13:00+00:00,REV
SHORT,1.662500,1.669340,-0.006840,2004-11-22T00:13:00+00:00,2004-11-23T02:47:00+00:00,REV
LONG,1.669340,1.710500,0.041160,2004-11-23T02:47:00+00:00,2004-12-02T03:03:00+00:00,REV
SHORT,1.710500,1.719540,-0.009040,2004-12-02T03:03:00+00:00,2004-12-03T12:31:00+00:00,REV
LONG,1.719540,1.721300,0.001760,2004-12-03T12:31:00+00:00,2004-12-06T03:00:00+00:00,REV
SHORT,1.721300,1.722040,-0.000740,2004-12-06T03:00:00+00:00,2004-12-06T03:05:00+00:00,REV
LONG,1.722040,1.763600,0.041560,2004-12-06T03:05:00+00:00,2004-12-13T00:02:00+00:00,REV
SHORT,1.763600,1.764940,-0.001340,2004-12-13T00:02:00+00:00,2004-12-13T00:05:00+00:00,REV
LONG,1.764940,1.750100,-0.014840,2004-12-13T00:05:00+00:00,2004-12-14T04:28:00+00:00,REV
SHORT,1.750100,1.761340,-0.011240,2004-12-14T04:28:00+00:00,2004-12-15T01:55:00+00:00,REV
LONG,1.761340,1.752900,-0.008440,2004-12-15T01:55:00+00:00,2004-12-16T00:23:00+00:00,REV
SHORT,1.752900,1.743140,0.009760,2004-12-16T00:23:00+00:00,2004-12-19T00:14:00+00:00,REV
LONG,1.743140,1.743800,0.000660,2004-12-19T00:14:00+00:00,2004-12-22T01:04:00+00:00,REV
SHORT,1.743800,1.756140,-0.012340,2004-12-22T01:04:00+00:00,2004-12-23T05:38:00+00:00,REV
LONG,1.756140,1.750100,-0.006040,2004-12-23T05:38:00+00:00,2004-12-28T02:13:00+00:00,REV
SHORT,1.750100,1.754440,-0.004340,2004-12-28T02:13:00+00:00,2004-12-29T16:04:00+00:00,REV
LONG,1.754440,1.748900,-0.005540,2004-12-29T16:04:00+00:00,2004-12-31T00:00:00+00:00,REV
SHORT,1.748900,1.738540,0.010360,2004-12-31T00:00:00+00:00,2005-01-05T01:05:00+00:00,REV
LONG,1.738540,1.731100,-0.007440,2005-01-05T01:05:00+00:00,2005-01-06T15:12:00+00:00,REV
SHORT,1.731100,1.724640,0.006460,2005-01-06T15:12:00+00:00,2005-01-09T00:06:00+00:00,REV
LONG,1.724640,1.724400,-0.000240,2005-01-09T00:06:00+00:00,2005-01-10T00:30:00+00:00,REV
SHORT,1.724400,1.725440,-0.001040,2005-01-10T00:30:00+00:00,2005-01-10T02:15:00+00:00,REV
LONG,1.725440,1.722100,-0.003340,2005-01-10T02:15:00+00:00,2005-01-11T09:15:00+00:00,REV
SHORT,1.722100,1.731540,-0.009440,2005-01-11T09:15:00+00:00,2005-01-12T09:15:00+00:00,REV
LONG,1.731540,1.725200,-0.006340,2005-01-12T09:15:00+00:00,2005-01-16T23:54:00+00:00,REV
SHORT,1.725200,1.729240,-0.004040,2005-01-16T23:54:00+00:00,2005-01-17T02:02:00+00:00,REV
LONG,1.729240,1.725100,-0.004140,2005-01-17T02:02:00+00:00,2005-01-17T04:24:00+00:00,REV
SHORT,1.725100,1.729540,-0.004440,2005-01-17T04:24:00+00:00,2005-01-18T00:40:00+00:00,REV
LONG,1.729540,1.721900,-0.007640,2005-01-18T00:40:00+00:00,2005-01-18T18:37:00+00:00,REV
SHORT,1.721900,1.695640,0.026260,2005-01-18T18:37:00+00:00,2005-01-23T00:14:00+00:00,REV
LONG,1.695640,1.691200,-0.004440,2005-01-23T00:14:00+00:00,2005-01-25T02:30:00+00:00,REV
SHORT,1.691200,1.684140,0.007060,2005-01-25T02:30:00+00:00,2005-01-30T00:00:00+00:00,REV
LONG,1.684140,1.680400,-0.003740,2005-01-30T00:00:00+00:00,2005-02-02T21:26:00+00:00,REV
SHORT,1.680400,1.668940,0.011460,2005-02-02T21:26:00+00:00,2005-02-08T02:55:00+00:00,REV
LONG,1.668940,1.662000,-0.006940,2005-02-08T02:55:00+00:00,2005-02-09T12:52:00+00:00,REV
SHORT,1.662000,1.637440,0.024560,2005-02-09T12:52:00+00:00,2005-02-13T00:14:00+00:00,REV
LONG,1.637440,1.637200,-0.000240,2005-02-13T00:14:00+00:00,2005-02-14T02:11:00+00:00,REV
SHORT,1.637200,1.640040,-0.002840,2005-02-14T02:11:00+00:00,2005-02-14T03:05:00+00:00,REV
LONG,1.640040,1.655500,0.015460,2005-02-14T03:05:00+00:00,2005-02-18T20:16:00+00:00,REV
SHORT,1.655500,1.658140,-0.002640,2005-02-18T20:16:00+00:00,2005-02-20T00:09:00+00:00,REV
LONG,1.658140,1.654000,-0.004140,2005-02-20T00:09:00+00:00,2005-02-21T00:07:00+00:00,REV
SHORT,1.654000,1.658140,-0.004140,2005-02-21T00:07:00+00:00,2005-02-21T01:45:00+00:00,REV
LONG,1.658140,1.683300,0.025160,2005-02-21T01:45:00+00:00,2005-02-28T00:01:00+00:00,REV
SHORT,1.683300,1.684840,-0.001540,2005-02-28T00:01:00+00:00,2005-02-28T01:18:00+00:00,REV
LONG,1.684840,1.670300,-0.014540,2005-02-28T01:18:00+00:00,2005-03-01T00:03:00+00:00,REV
SHORT,1.670300,1.684440,-0.014140,2005-03-01T00:03:00+00:00,2005-03-02T02:54:00+00:00,REV
LONG,1.684440,1.673000,-0.011440,2005-03-02T02:54:00+00:00,2005-03-04T10:05:00+00:00,REV
SHORT,1.673000,1.677140,-0.004140,2005-03-04T10:05:00+00:00,2005-03-07T00:00:00+00:00,REV
LONG,1.677140,1.675200,-0.001940,2005-03-07T00:00:00+00:00,2005-03-07T02:11:00+00:00,REV
SHORT,1.675200,1.675240,-0.000040,2005-03-07T02:11:00+00:00,2005-03-09T02:08:00+00:00,REV
LONG,1.675240,1.695400,0.020160,2005-03-09T02:08:00+00:00,2005-03-15T02:27:00+00:00,REV
SHORT,1.695400,1.681340,0.014060,2005-03-15T02:27:00+00:00,2005-03-23T01:55:00+00:00,REV
LONG,1.681340,1.675100,-0.006240,2005-03-23T01:55:00+00:00,2005-03-25T12:40:00+00:00,REV
SHORT,1.675100,1.680540,-0.005440,2005-03-25T12:40:00+00:00,2005-03-28T02:21:00+00:00,REV
LONG,1.680540,1.674000,-0.006540,2005-03-28T02:21:00+00:00,2005-03-28T16:39:00+00:00,REV
SHORT,1.674000,1.680640,-0.006640,2005-03-28T16:39:00+00:00,2005-03-29T00:46:00+00:00,REV
LONG,1.680640,1.671300,-0.009340,2005-03-29T00:46:00+00:00,2005-03-29T11:37:00+00:00,REV
SHORT,1.671300,1.680740,-0.009440,2005-03-29T11:37:00+00:00,2005-03-30T11:19:00+00:00,REV
LONG,1.680740,1.674200,-0.006540,2005-03-30T11:19:00+00:00,2005-03-31T08:25:00+00:00,REV
SHORT,1.674200,1.681840,-0.007640,2005-03-31T08:25:00+00:00,2005-03-31T16:58:00+00:00,REV
LONG,1.681840,1.672100,-0.009740,2005-03-31T16:58:00+00:00,2005-04-01T17:19:00+00:00,REV
SHORT,1.672100,1.680940,-0.008840,2005-04-01T17:19:00+00:00,2005-04-05T12:01:00+00:00,REV
LONG,1.680940,1.672200,-0.008740,2005-04-05T12:01:00+00:00,2005-04-05T21:36:00+00:00,REV
SHORT,1.672200,1.681640,-0.009440,2005-04-05T21:36:00+00:00,2005-04-06T02:39:00+00:00,REV
LONG,1.681640,1.676700,-0.004940,2005-04-06T02:39:00+00:00,2005-04-08T01:51:00+00:00,REV
SHORT,1.676700,1.666140,0.010560,2005-04-08T01:51:00+00:00,2005-04-15T00:34:00+00:00,REV
LONG,1.666140,1.690700,0.024560,2005-04-15T00:34:00+00:00,2005-04-20T03:39:00+00:00,REV
SHORT,1.690700,1.672140,0.018560,2005-04-20T03:39:00+00:00,2005-04-27T00:20:00+00:00,REV
LONG,1.672140,1.663200,-0.008940,2005-04-27T00:20:00+00:00,2005-04-27T10:00:00+00:00,REV
SHORT,1.663200,1.651340,0.011860,2005-04-27T10:00:00+00:00,2005-05-03T04:31:00+00:00,REV
LONG,1.651340,1.656700,0.005360,2005-05-03T04:31:00+00:00,2005-05-05T17:53:00+00:00,REV
SHORT,1.656700,1.665340,-0.008640,2005-05-05T17:53:00+00:00,2005-05-06T13:05:00+00:00,REV
LONG,1.665340,1.656000,-0.009340,2005-05-06T13:05:00+00:00,2005-05-06T16:24:00+00:00,REV
SHORT,1.656000,1.655840,0.000160,2005-05-06T16:24:00+00:00,2005-05-09T00:00:00+00:00,REV
LONG,1.655840,1.653000,-0.002840,2005-05-09T00:00:00+00:00,2005-05-09T04:41:00+00:00,REV
SHORT,1.653000,1.665040,-0.012040,2005-05-09T04:41:00+00:00,2005-05-10T00:25:00+00:00,REV
LONG,1.665040,1.656100,-0.008940,2005-05-10T00:25:00+00:00,2005-05-11T10:46:00+00:00,REV
SHORT,1.656100,1.661440,-0.005340,2005-05-11T10:46:00+00:00,2005-05-13T18:34:00+00:00,REV
LONG,1.661440,1.666100,0.004660,2005-05-13T18:34:00+00:00,2005-05-18T18:15:00+00:00,REV
SHORT,1.666100,1.619040,0.047060,2005-05-18T18:15:00+00:00,2005-06-06T00:01:00+00:00,REV
LONG,1.619040,1.602000,-0.017040,2005-06-06T00:01:00+00:00,2005-06-07T01:34:00+00:00,REV
SHORT,1.602000,1.604840,-0.002840,2005-06-07T01:34:00+00:00,2005-06-08T06:17:00+00:00,REV
LONG,1.604840,1.595500,-0.009340,2005-06-08T06:17:00+00:00,2005-06-09T04:57:00+00:00,REV
SHORT,1.595500,1.600440,-0.004940,2005-06-09T04:57:00+00:00,2005-06-10T07:08:00+00:00,REV
LONG,1.600440,1.590200,-0.010240,2005-06-10T07:08:00+00:00,2005-06-10T16:46:00+00:00,REV
SHORT,1.590200,1.578240,0.011960,2005-06-10T16:46:00+00:00,2005-06-17T18:20:00+00:00,REV
LONG,1.578240,1.563600,-0.014640,2005-06-17T18:20:00+00:00,2005-06-20T18:33:00+00:00,REV
SHORT,1.563600,1.566340,-0.002740,2005-06-20T18:33:00+00:00,2005-06-24T14:44:00+00:00,REV
LONG,1.566340,1.611000,0.044660,2005-06-24T14:44:00+00:00,2005-07-12T02:53:00+00:00,REV
SHORT,1.611000,1.617640,-0.006640,2005-07-12T02:53:00+00:00,2005-07-12T05:21:00+00:00,REV
LONG,1.617640,1.611800,-0.005840,2005-07-12T05:21:00+00:00,2005-07-14T00:31:00+00:00,REV
SHORT,1.611800,1.614440,-0.002640,2005-07-14T00:31:00+00:00,2005-07-15T03:53:00+00:00,REV
LONG,1.614440,1.605300,-0.009140,2005-07-15T03:53:00+00:00,2005-07-18T17:25:00+00:00,REV
SHORT,1.605300,1.605140,0.000160,2005-07-18T17:25:00+00:00,2005-07-20T02:35:00+00:00,REV
LONG,1.605140,1.597000,-0.008140,2005-07-20T02:35:00+00:00,2005-07-20T16:45:00+00:00,REV
SHORT,1.597000,1.589340,0.007660,2005-07-20T16:45:00+00:00,2005-07-27T04:34:00+00:00,REV
LONG,1.589340,1.594300,0.004960,2005-07-27T04:34:00+00:00,2005-07-29T09:18:00+00:00,REV
SHORT,1.594300,1.603440,-0.009140,2005-07-29T09:18:00+00:00,2005-07-29T21:52:00+00:00,REV
LONG,1.603440,1.599400,-0.004040,2005-07-29T21:52:00+00:00,2005-08-02T08:55:00+00:00,REV
SHORT,1.599400,1.605640,-0.006240,2005-08-02T08:55:00+00:00,2005-08-03T12:30:00+00:00,REV
LONG,1.605640,1.614400,0.008760,2005-08-03T12:30:00+00:00,2005-08-10T20:06:00+00:00,REV
SHORT,1.614400,1.611240,0.003160,2005-08-10T20:06:00+00:00,2005-08-17T03:19:00+00:00,REV
LONG,1.611240,1.614300,0.003060,2005-08-17T03:19:00+00:00,2005-08-22T10:25:00+00:00,REV
SHORT,1.614300,1.622340,-0.008040,2005-08-22T10:25:00+00:00,2005-08-24T13:05:00+00:00,REV
LONG,1.622340,1.634800,0.012460,2005-08-24T13:05:00+00:00,2005-09-05T08:55:00+00:00,REV
SHORT,1.634800,1.596440,0.038360,2005-09-05T08:55:00+00:00,2005-09-16T03:12:00+00:00,REV
LONG,1.596440,1.590100,-0.006340,2005-09-16T03:12:00+00:00,2005-09-19T00:00:00+00:00,REV
SHORT,1.590100,1.587540,0.002560,2005-09-19T00:00:00+00:00,2005-09-21T11:52:00+00:00,REV
LONG,1.587540,1.590100,0.002560,2005-09-21T11:52:00+00:00,2005-09-26T00:02:00+00:00,REV
SHORT,1.590100,1.598040,-0.007940,2005-09-26T00:02:00+00:00,2005-09-27T04:08:00+00:00,REV
LONG,1.598040,1.589200,-0.008840,2005-09-27T04:08:00+00:00,2005-09-28T00:44:00+00:00,REV
SHORT,1.589200,1.566340,0.022860,2005-09-28T00:44:00+00:00,2005-10-05T03:18:00+00:00,REV
LONG,1.566340,1.598600,0.032260,2005-10-05T03:18:00+00:00,2005-10-10T09:58:00+00:00,REV
SHORT,1.598600,1.597440,0.001160,2005-10-10T09:58:00+00:00,2005-10-13T05:22:00+00:00,REV
LONG,1.597440,1.600700,0.003260,2005-10-13T05:22:00+00:00,2005-10-18T11:34:00+00:00,REV
SHORT,1.600700,1.599740,0.000960,2005-10-18T11:34:00+00:00,2005-10-21T01:22:00+00:00,REV
LONG,1.599740,1.594900,-0.004840,2005-10-21T01:22:00+00:00,2005-10-25T00:13:00+00:00,REV
SHORT,1.594900,1.601540,-0.006640,2005-10-25T00:13:00+00:00,2005-10-25T17:02:00+00:00,REV
LONG,1.601540,1.602700,0.001160,2005-10-25T17:02:00+00:00,2005-10-31T13:08:00+00:00,REV
SHORT,1.602700,1.612340,-0.009640,2005-10-31T13:08:00+00:00,2005-11-01T11:49:00+00:00,REV
LONG,1.612340,1.615800,0.003460,2005-11-01T11:49:00+00:00,2005-11-03T22:12:00+00:00,REV
SHORT,1.615800,1.606240,0.009560,2005-11-03T22:12:00+00:00,2005-11-10T08:46:00+00:00,REV
LONG,1.606240,1.596600,-0.009640,2005-11-10T08:46:00+00:00,2005-11-11T04:47:00+00:00,REV
SHORT,1.596600,1.602840,-0.006240,2005-11-11T04:47:00+00:00,2005-11-14T00:15:00+00:00,REV
LONG,1.602840,1.599200,-0.003640,2005-11-14T00:15:00+00:00,2005-11-15T17:04:00+00:00,REV
SHORT,1.599200,1.602540,-0.003340,2005-11-15T17:04:00+00:00,2005-11-18T00:23:00+00:00,REV
LONG,1.602540,1.595500,-0.007040,2005-11-18T00:23:00+00:00,2005-11-21T17:36:00+00:00,REV
SHORT,1.595500,1.603840,-0.008340,2005-11-21T17:36:00+00:00,2005-11-23T01:22:00+00:00,REV
LONG,1.603840,1.596800,-0.007040,2005-11-23T01:22:00+00:00,2005-11-24T11:33:00+00:00,REV
SHORT,1.596800,1.601340,-0.004540,2005-11-24T11:33:00+00:00,2005-11-28T17:43:00+00:00,REV
LONG,1.601340,1.592900,-0.008440,2005-11-28T17:43:00+00:00,2005-11-29T15:16:00+00:00,REV
SHORT,1.592900,1.572440,0.020460,2005-11-29T15:16:00+00:00,2005-12-07T02:37:00+00:00,REV
LONG,1.572440,1.614500,0.042060,2005-12-07T02:37:00+00:00,2005-12-21T01:29:00+00:00,REV
SHORT,1.614500,1.621240,-0.006740,2005-12-21T01:29:00+00:00,2005-12-22T16:06:00+00:00,REV
LONG,1.621240,1.619500,-0.001740,2005-12-22T16:06:00+00:00,2005-12-27T02:02:00+00:00,REV
SHORT,1.619500,1.633740,-0.014240,2005-12-27T02:02:00+00:00,2005-12-27T18:45:00+00:00,REV
LONG,1.633740,1.622300,-0.011440,2005-12-27T18:45:00+00:00,2005-12-29T00:20:00+00:00,REV
SHORT,1.622300,1.627340,-0.005040,2005-12-29T00:20:00+00:00,2006-01-04T04:07:00+00:00,REV
LONG,1.627340,1.618300,-0.009040,2006-01-04T04:07:00+00:00,2006-01-05T09:40:00+00:00,REV
SHORT,1.618300,1.624140,-0.005840,2006-01-05T09:40:00+00:00,2006-01-06T15:51:00+00:00,REV
LONG,1.624140,1.616400,-0.007740,2006-01-06T15:51:00+00:00,2006-01-06T16:09:00+00:00,REV
SHORT,1.616400,1.612340,0.004060,2006-01-06T16:09:00+00:00,2006-01-12T12:24:00+00:00,REV
LONG,1.612340,1.603000,-0.009340,2006-01-12T12:24:00+00:00,2006-01-12T15:56:00+00:00,REV
SHORT,1.603000,1.611140,-0.008140,2006-01-12T15:56:00+00:00,2006-01-16T00:15:00+00:00,REV
LONG,1.611140,1.605100,-0.006040,2006-01-16T00:15:00+00:00,2006-01-17T13:17:00+00:00,REV
SHORT,1.605100,1.610840,-0.005740,2006-01-17T13:17:00+00:00,2006-01-18T00:16:00+00:00,REV
LONG,1.610840,1.615600,0.004760,2006-01-18T00:16:00+00:00,2006-01-20T01:12:00+00:00,REV
SHORT,1.615600,1.624840,-0.009240,2006-01-20T01:12:00+00:00,2006-01-20T21:08:00+00:00,REV
LONG,1.624840,1.631300,0.006460,2006-01-20T21:08:00+00:00,2006-01-25T13:41:00+00:00,REV
SHORT,1.631300,1.607540,0.023760,2006-01-25T13:41:00+00:00,2006-02-02T22:29:00+00:00,REV
LONG,1.607540,1.601000,-0.006540,2006-02-02T22:29:00+00:00,2006-02-03T15:56:00+00:00,REV
SHORT,1.601000,1.608840,-0.007840,2006-02-03T15:56:00+00:00,2006-02-06T02:11:00+00:00,REV
LONG,1.608840,1.614900,0.006060,2006-02-06T02:11:00+00:00,2006-02-10T11:17:00+00:00,REV
SHORT,1.614900,1.617040,-0.002140,2006-02-10T11:17:00+00:00,2006-02-14T03:43:00+00:00,REV
LONG,1.617040,1.609100,-0.007940,2006-02-14T03:43:00+00:00,2006-02-14T17:28:00+00:00,REV
SHORT,1.609100,1.612240,-0.003140,2006-02-14T17:28:00+00:00,2006-02-16T17:21:00+00:00,REV
LONG,1.612240,1.607000,-0.005240,2006-02-16T17:21:00+00:00,2006-02-17T01:35:00+00:00,REV
SHORT,1.607000,1.614340,-0.007340,2006-02-17T01:35:00+00:00,2006-02-17T11:39:00+00:00,REV
LONG,1.614340,1.611500,-0.002840,2006-02-17T11:39:00+00:00,2006-02-23T19:13:00+00:00,REV
SHORT,1.611500,1.610040,0.001460,2006-02-23T19:13:00+00:00,2006-03-02T18:25:00+00:00,REV
LONG,1.610040,1.619100,0.009060,2006-03-02T18:25:00+00:00,2006-03-09T12:33:00+00:00,REV
SHORT,1.619100,1.629140,-0.010040,2006-03-09T12:33:00+00:00,2006-03-10T21:03:00+00:00,REV
LONG,1.629140,1.681900,0.052760,2006-03-10T21:03:00+00:00,2006-03-22T17:59:00+00:00,REV
SHORT,1.681900,1.685840,-0.003940,2006-03-22T17:59:00+00:00,2006-03-24T07:51:00+00:00,REV
LONG,1.685840,1.697400,0.011560,2006-03-24T07:51:00+00:00,2006-03-28T01:45:00+00:00,REV
SHORT,1.697400,1.708740,-0.011340,2006-03-28T01:45:00+00:00,2006-03-29T03:58:00+00:00,REV
LONG,1.708740,1.699600,-0.009140,2006-03-29T03:58:00+00:00,2006-03-30T02:12:00+00:00,REV
SHORT,1.699600,1.704540,-0.004940,2006-03-30T02:12:00+00:00,2006-03-31T00:21:00+00:00,REV
LONG,1.704540,1.693000,-0.011540,2006-03-31T00:21:00+00:00,2006-03-31T09:38:00+00:00,REV
SHORT,1.693000,1.700640,-0.007640,2006-03-31T09:38:00+00:00,2006-04-04T02:06:00+00:00,REV
LONG,1.700640,1.692000,-0.008640,2006-04-04T02:06:00+00:00,2006-04-05T14:39:00+00:00,REV
SHORT,1.692000,1.662940,0.029060,2006-04-05T14:39:00+00:00,2006-04-13T04:38:00+00:00,REV
LONG,1.662940,1.661000,-0.001940,2006-04-13T04:38:00+00:00,2006-04-17T10:07:00+00:00,REV
SHORT,1.661000,1.666640,-0.005640,2006-04-17T10:07:00+00:00,2006-04-17T14:40:00+00:00,REV
LONG,1.666640,1.660700,-0.005940,2006-04-17T14:40:00+00:00,2006-04-18T03:08:00+00:00,REV
SHORT,1.660700,1.667340,-0.006640,2006-04-18T03:08:00+00:00,2006-04-19T01:34:00+00:00,REV
LONG,1.667340,1.656100,-0.011240,2006-04-19T01:34:00+00:00,2006-04-19T16:00:00+00:00,REV
SHORT,1.656100,1.667940,-0.011840,2006-04-19T16:00:00+00:00,2006-04-20T17:39:00+00:00,REV
LONG,1.667940,1.656700,-0.011240,2006-04-20T17:39:00+00:00,2006-04-21T20:02:00+00:00,REV
SHORT,1.656700,1.668140,-0.011440,2006-04-21T20:02:00+00:00,2006-04-25T21:44:00+00:00,REV
LONG,1.668140,1.659100,-0.009040,2006-04-25T21:44:00+00:00,2006-04-26T15:56:00+00:00,REV
SHORT,1.659100,1.660540,-0.001440,2006-04-26T15:56:00+00:00,2006-04-28T04:41:00+00:00,REV
LONG,1.660540,1.655600,-0.004940,2006-04-28T04:41:00+00:00,2006-05-01T20:36:00+00:00,REV
SHORT,1.655600,1.648840,0.006760,2006-05-01T20:36:00+00:00,2006-05-05T01:53:00+00:00,REV
LONG,1.648840,1.647400,-0.001440,2006-05-05T01:53:00+00:00,2006-05-09T16:40:00+00:00,REV
SHORT,1.647400,1.657640,-0.010240,2006-05-09T16:40:00+00:00,2006-05-11T04:30:00+00:00,REV
LONG,1.657640,1.647000,-0.010640,2006-05-11T04:30:00+00:00,2006-05-11T10:33:00+00:00,REV
SHORT,1.647000,1.657840,-0.010840,2006-05-11T10:33:00+00:00,2006-05-12T08:48:00+00:00,REV
LONG,1.657840,1.672700,0.014860,2006-05-12T08:48:00+00:00,2006-05-17T04:01:00+00:00,REV
SHORT,1.672700,1.681540,-0.008840,2006-05-17T04:01:00+00:00,2006-05-18T00:05:00+00:00,REV
LONG,1.681540,1.694000,0.012460,2006-05-18T00:05:00+00:00,2006-05-25T00:35:00+00:00,REV
SHORT,1.694000,1.684340,0.009660,2006-05-25T00:35:00+00:00,2006-05-29T00:02:00+00:00,REV
LONG,1.684340,1.683600,-0.000740,2006-05-29T00:02:00+00:00,2006-05-29T00:18:00+00:00,REV
SHORT,1.683600,1.684940,-0.001340,2006-05-29T00:18:00+00:00,2006-05-30T03:51:00+00:00,REV
LONG,1.684940,1.724500,0.039560,2006-05-30T03:51:00+00:00,2006-06-08T02:37:00+00:00,REV
SHORT,1.724500,1.690540,0.033960,2006-06-08T02:37:00+00:00,2006-06-13T00:40:00+00:00,REV
LONG,1.690540,1.699900,0.009360,2006-06-13T00:40:00+00:00,2006-06-16T06:04:00+00:00,REV
SHORT,1.699900,1.713340,-0.013440,2006-06-16T06:04:00+00:00,2006-06-16T16:52:00+00:00,REV
LONG,1.713340,1.702400,-0.010940,2006-06-16T16:52:00+00:00,2006-06-20T08:29:00+00:00,REV
SHORT,1.702400,1.709140,-0.006740,2006-06-20T08:29:00+00:00,2006-06-21T06:11:00+00:00,REV
LONG,1.709140,1.707800,-0.001340,2006-06-21T06:11:00+00:00,2006-06-26T04:42:00+00:00,REV
SHORT,1.707800,1.718440,-0.010640,2006-06-26T04:42:00+00:00,2006-06-26T12:10:00+00:00,REV
LONG,1.718440,1.716000,-0.002440,2006-06-26T12:10:00+00:00,2006-06-29T17:20:00+00:00,REV
SHORT,1.716000,1.720940,-0.004940,2006-06-29T17:20:00+00:00,2006-07-03T00:00:00+00:00,REV
LONG,1.720940,1.715100,-0.005840,2006-07-03T00:00:00+00:00,2006-07-04T15:05:00+00:00,REV
SHORT,1.715100,1.691340,0.023760,2006-07-04T15:05:00+00:00,2006-07-14T04:30:00+00:00,REV
LONG,1.691340,1.680500,-0.010840,2006-07-14T04:30:00+00:00,2006-07-14T15:24:00+00:00,REV
SHORT,1.680500,1.680440,0.000060,2006-07-14T15:24:00+00:00,2006-07-19T15:50:00+00:00,REV
LONG,1.680440,1.681600,0.001160,2006-07-19T15:50:00+00:00,2006-07-24T08:33:00+00:00,REV
SHORT,1.681600,1.672340,0.009260,2006-07-24T08:33:00+00:00,2006-07-27T00:52:00+00:00,REV
LONG,1.672340,1.664700,-0.007640,2006-07-27T00:52:00+00:00,2006-07-28T01:49:00+00:00,REV
SHORT,1.664700,1.669440,-0.004740,2006-07-28T01:49:00+00:00,2006-07-31T15:18:00+00:00,REV
LONG,1.669440,1.669800,0.000360,2006-07-31T15:18:00+00:00,2006-08-03T05:29:00+00:00,REV
SHORT,1.669800,1.680140,-0.010340,2006-08-03T05:29:00+00:00,2006-08-03T11:57:00+00:00,REV
LONG,1.680140,1.680200,0.000060,2006-08-03T11:57:00+00:00,2006-08-08T01:33:00+00:00,REV
SHORT,1.680200,1.687940,-0.007740,2006-08-08T01:33:00+00:00,2006-08-08T10:15:00+00:00,REV
LONG,1.687940,1.678600,-0.009340,2006-08-08T10:15:00+00:00,2006-08-09T22:08:00+00:00,REV
SHORT,1.678600,1.668740,0.009860,2006-08-09T22:08:00+00:00,2006-08-14T13:33:00+00:00,REV
LONG,1.668740,1.670800,0.002060,2006-08-14T13:33:00+00:00,2006-08-17T00:58:00+00:00,REV
SHORT,1.670800,1.676940,-0.006140,2006-08-17T00:58:00+00:00,2006-08-17T05:39:00+00:00,REV
LONG,1.676940,1.688300,0.011360,2006-08-17T05:39:00+00:00,2006-08-22T05:26:00+00:00,REV
SHORT,1.688300,1.681940,0.006360,2006-08-22T05:26:00+00:00,2006-08-24T11:48:00+00:00,REV
LONG,1.681940,1.683800,0.001860,2006-08-24T11:48:00+00:00,2006-08-29T04:50:00+00:00,REV
SHORT,1.683800,1.686240,-0.002440,2006-08-29T04:50:00+00:00,2006-08-31T15:37:00+00:00,REV
LONG,1.686240,1.677200,-0.009040,2006-08-31T15:37:00+00:00,2006-08-31T17:59:00+00:00,REV
SHORT,1.677200,1.671840,0.005360,2006-08-31T17:59:00+00:00,2006-09-06T18:03:00+00:00,REV
LONG,1.671840,1.684800,0.012960,2006-09-06T18:03:00+00:00,2006-09-14T00:27:00+00:00,REV
SHORT,1.684800,1.691540,-0.006740,2006-09-14T00:27:00+00:00,2006-09-15T11:17:00+00:00,REV
LONG,1.691540,1.680000,-0.011540,2006-09-15T11:17:00+00:00,2006-09-15T17:25:00+00:00,REV
SHORT,1.680000,1.687040,-0.007040,2006-09-15T17:25:00+00:00,2006-09-20T00:05:00+00:00,REV
LONG,1.687040,1.682300,-0.004740,2006-09-20T00:05:00+00:00,2006-09-21T03:26:00+00:00,REV
SHORT,1.682300,1.689740,-0.007440,2006-09-21T03:26:00+00:00,2006-09-21T20:03:00+00:00,REV
LONG,1.689740,1.692300,0.002560,2006-09-21T20:03:00+00:00,2006-09-26T00:14:00+00:00,REV
SHORT,1.692300,1.694140,-0.001840,2006-09-26T00:14:00+00:00,2006-09-27T12:12:00+00:00,REV
LONG,1.694140,1.702400,0.008260,2006-09-27T12:12:00+00:00,2006-10-05T07:56:00+00:00,REV
SHORT,1.702400,1.664840,0.037560,2006-10-05T07:56:00+00:00,2006-10-20T01:30:00+00:00,REV
LONG,1.664840,1.659200,-0.005640,2006-10-20T01:30:00+00:00,2006-10-23T08:33:00+00:00,REV
SHORT,1.659200,1.659240,-0.000040,2006-10-23T08:33:00+00:00,2006-10-26T10:27:00+00:00,REV
LONG,1.659240,1.655000,-0.004240,2006-10-26T10:27:00+00:00,2006-10-27T14:46:00+00:00,REV
SHORT,1.655000,1.651840,0.003160,2006-10-27T14:46:00+00:00,2006-11-02T02:31:00+00:00,REV
LONG,1.651840,1.648500,-0.003340,2006-11-02T02:31:00+00:00,2006-11-06T13:07:00+00:00,REV
SHORT,1.648500,1.653840,-0.005340,2006-11-06T13:07:00+00:00,2006-11-08T00:29:00+00:00,REV
LONG,1.653840,1.674600,0.020760,2006-11-08T00:29:00+00:00,2006-11-14T17:04:00+00:00,REV
SHORT,1.674600,1.670240,0.004360,2006-11-14T17:04:00+00:00,2006-11-22T15:27:00+00:00,REV
LONG,1.670240,1.681900,0.011660,2006-11-22T15:27:00+00:00,2006-11-28T18:49:00+00:00,REV
SHORT,1.681900,1.682140,-0.000240,2006-11-28T18:49:00+00:00,2006-12-01T17:04:00+00:00,REV
LONG,1.682140,1.687500,0.005360,2006-12-01T17:04:00+00:00,2006-12-06T12:30:00+00:00,REV
SHORT,1.687500,1.688540,-0.001040,2006-12-06T12:30:00+00:00,2006-12-11T19:01:00+00:00,REV
LONG,1.688540,1.682400,-0.006140,2006-12-11T19:01:00+00:00,2006-12-13T11:15:00+00:00,REV
SHORT,1.682400,1.680740,0.001660,2006-12-13T11:15:00+00:00,2006-12-19T10:09:00+00:00,REV
LONG,1.680740,1.676300,-0.004440,2006-12-19T10:09:00+00:00,2006-12-20T17:37:00+00:00,REV
SHORT,1.676300,1.682240,-0.005940,2006-12-20T17:37:00+00:00,2006-12-22T04:07:00+00:00,REV
LONG,1.682240,1.675400,-0.006840,2006-12-22T04:07:00+00:00,2006-12-22T19:02:00+00:00,REV
SHORT,1.675400,1.674240,0.001160,2006-12-22T19:02:00+00:00,2006-12-29T17:52:00+00:00,REV
LONG,1.674240,1.666200,-0.008040,2006-12-29T17:52:00+00:00,2007-01-03T03:07:00+00:00,REV
SHORT,1.666200,1.669440,-0.003240,2007-01-03T03:07:00+00:00,2007-01-04T08:32:00+00:00,REV
LONG,1.669440,1.664800,-0.004640,2007-01-04T08:32:00+00:00,2007-01-08T16:00:00+00:00,REV
SHORT,1.664800,1.652940,0.011860,2007-01-08T16:00:00+00:00,2007-01-16T02:22:00+00:00,REV
LONG,1.652940,1.649300,-0.003640,2007-01-16T02:22:00+00:00,2007-01-17T07:39:00+00:00,REV
SHORT,1.649300,1.647640,0.001660,2007-01-17T07:39:00+00:00,2007-01-19T04:06:00+00:00,REV
LONG,1.647640,1.640500,-0.007140,2007-01-19T04:06:00+00:00,2007-01-22T13:59:00+00:00,REV
SHORT,1.640500,1.645540,-0.005040,2007-01-22T13:59:00+00:00,2007-01-23T10:14:00+00:00,REV
LONG,1.645540,1.676600,0.031060,2007-01-23T10:14:00+00:00,2007-02-02T17:29:00+00:00,REV
SHORT,1.676600,1.672540,0.004060,2007-02-02T17:29:00+00:00,2007-02-07T00:30:00+00:00,REV
LONG,1.672540,1.668300,-0.004240,2007-02-07T00:30:00+00:00,2007-02-08T03:34:00+00:00,REV
SHORT,1.668300,1.677640,-0.009340,2007-02-08T03:34:00+00:00,2007-02-09T14:53:00+00:00,REV
LONG,1.677640,1.673900,-0.003740,2007-02-09T14:53:00+00:00,2007-02-13T19:26:00+00:00,REV
SHORT,1.673900,1.677240,-0.003340,2007-02-13T19:26:00+00:00,2007-02-15T00:47:00+00:00,REV
LONG,1.677240,1.671200,-0.006040,2007-02-15T00:47:00+00:00,2007-02-16T15:03:00+00:00,REV
SHORT,1.671200,1.674640,-0.003440,2007-02-16T15:03:00+00:00,2007-02-20T00:22:00+00:00,REV
LONG,1.674640,1.670700,-0.003940,2007-02-20T00:22:00+00:00,2007-02-21T01:06:00+00:00,REV
SHORT,1.670700,1.665040,0.005660,2007-02-21T01:06:00+00:00,2007-02-23T00:18:00+00:00,REV
LONG,1.665040,1.661000,-0.004040,2007-02-23T00:18:00+00:00,2007-02-26T14:00:00+00:00,REV
SHORT,1.661000,1.666840,-0.005840,2007-02-26T14:00:00+00:00,2007-02-27T10:47:00+00:00,REV
LONG,1.666840,1.675700,0.008860,2007-02-27T10:47:00+00:00,2007-03-02T02:30:00+00:00,REV
SHORT,1.675700,1.686540,-0.010840,2007-03-02T02:30:00+00:00,2007-03-02T20:31:00+00:00,REV
LONG,1.686540,1.691900,0.005360,2007-03-02T20:31:00+00:00,2007-03-07T02:30:00+00:00,REV
SHORT,1.691900,1.697440,-0.005540,2007-03-07T02:30:00+00:00,2007-03-08T00:04:00+00:00,REV
LONG,1.697440,1.687600,-0.009840,2007-03-08T00:04:00+00:00,2007-03-09T02:12:00+00:00,REV
SHORT,1.687600,1.686740,0.000860,2007-03-09T02:12:00+00:00,2007-03-13T21:40:00+00:00,REV
LONG,1.686740,1.679600,-0.007140,2007-03-13T21:40:00+00:00,2007-03-15T01:50:00+00:00,REV
SHORT,1.679600,1.685640,-0.006040,2007-03-15T01:50:00+00:00,2007-03-16T03:02:00+00:00,REV
LONG,1.685640,1.673100,-0.012540,2007-03-16T03:02:00+00:00,2007-03-16T16:33:00+00:00,REV
SHORT,1.673100,1.652740,0.020360,2007-03-16T16:33:00+00:00,2007-03-27T11:23:00+00:00,REV
LONG,1.652740,1.652200,-0.000540,2007-03-27T11:23:00+00:00,2007-03-29T02:18:00+00:00,REV
SHORT,1.652200,1.650140,0.002060,2007-03-29T02:18:00+00:00,2007-04-04T02:36:00+00:00,REV
LONG,1.650140,1.636000,-0.014140,2007-04-04T02:36:00+00:00,2007-04-04T17:36:00+00:00,REV
SHORT,1.636000,1.641340,-0.005340,2007-04-04T17:36:00+00:00,2007-04-06T03:47:00+00:00,REV
LONG,1.641340,1.635400,-0.005940,2007-04-06T03:47:00+00:00,2007-04-09T19:57:00+00:00,REV
SHORT,1.635400,1.630440,0.004960,2007-04-09T19:57:00+00:00,2007-04-12T00:03:00+00:00,REV
LONG,1.630440,1.626100,-0.004340,2007-04-12T00:03:00+00:00,2007-04-13T00:03:00+00:00,REV
SHORT,1.626100,1.629040,-0.002940,2007-04-13T00:03:00+00:00,2007-04-16T06:33:00+00:00,REV
LONG,1.629040,1.623600,-0.005440,2007-04-16T06:33:00+00:00,2007-04-17T14:22:00+00:00,REV
SHORT,1.623600,1.628340,-0.004740,2007-04-17T14:22:00+00:00,2007-04-18T14:55:00+00:00,REV
LONG,1.628340,1.635300,0.006960,2007-04-18T14:55:00+00:00,2007-04-26T00:00:00+00:00,REV
SHORT,1.635300,1.648540,-0.013240,2007-04-26T00:00:00+00:00,2007-04-27T09:23:00+00:00,REV
LONG,1.648540,1.647700,-0.000840,2007-04-27T09:23:00+00:00,2007-05-08T04:01:00+00:00,REV
SHORT,1.647700,1.636640,0.011060,2007-05-08T04:01:00+00:00,2007-05-11T00:44:00+00:00,REV
LONG,1.636640,1.623100,-0.013540,2007-05-11T00:44:00+00:00,2007-05-14T02:06:00+00:00,REV
SHORT,1.623100,1.629040,-0.005940,2007-05-14T02:06:00+00:00,2007-05-15T00:00:00+00:00,REV
LONG,1.629040,1.638100,0.009060,2007-05-15T00:00:00+00:00,2007-05-22T01:36:00+00:00,REV
SHORT,1.638100,1.641940,-0.003840,2007-05-22T01:36:00+00:00,2007-05-25T00:01:00+00:00,REV
LONG,1.641940,1.641300,-0.000640,2007-05-25T00:01:00+00:00,2007-05-30T03:35:00+00:00,REV
SHORT,1.641300,1.586040,0.055260,2007-05-30T03:35:00+00:00,2007-06-13T01:31:00+00:00,REV
LONG,1.586040,1.587700,0.001660,2007-06-13T01:31:00+00:00,2007-06-18T09:07:00+00:00,REV
SHORT,1.587700,1.594540,-0.006840,2007-06-18T09:07:00+00:00,2007-06-18T13:39:00+00:00,REV
LONG,1.594540,1.585700,-0.008840,2007-06-18T13:39:00+00:00,2007-06-19T17:41:00+00:00,REV
SHORT,1.585700,1.590540,-0.004840,2007-06-19T17:41:00+00:00,2007-06-22T20:34:00+00:00,REV
LONG,1.590540,1.584200,-0.006340,2007-06-22T20:34:00+00:00,2007-06-26T13:37:00+00:00,REV
SHORT,1.584200,1.592340,-0.008140,2007-06-26T13:37:00+00:00,2007-06-26T22:21:00+00:00,REV
LONG,1.592340,1.589700,-0.002640,2007-06-26T22:21:00+00:00,2007-06-28T20:03:00+00:00,REV
SHORT,1.589700,1.591140,-0.001440,2007-06-28T20:03:00+00:00,2007-07-06T18:29:00+00:00,REV
LONG,1.591140,1.585600,-0.005540,2007-07-06T18:29:00+00:00,2007-07-09T08:46:00+00:00,REV
SHORT,1.585600,1.590140,-0.004540,2007-07-09T08:46:00+00:00,2007-07-10T15:55:00+00:00,REV
LONG,1.590140,1.593400,0.003260,2007-07-10T15:55:00+00:00,2007-07-12T00:04:00+00:00,REV
SHORT,1.593400,1.576340,0.017060,2007-07-12T00:04:00+00:00,2007-07-20T19:46:00+00:00,REV
LONG,1.576340,1.566000,-0.010340,2007-07-20T19:46:00+00:00,2007-07-23T10:53:00+00:00,REV
SHORT,1.566000,1.569440,-0.003440,2007-07-23T10:53:00+00:00,2007-07-25T00:19:00+00:00,REV
LONG,1.569440,1.560200,-0.009240,2007-07-25T00:19:00+00:00,2007-07-25T05:41:00+00:00,REV
SHORT,1.560200,1.571340,-0.011140,2007-07-25T05:41:00+00:00,2007-07-26T21:01:00+00:00,REV
LONG,1.571340,1.597200,0.025860,2007-07-26T21:01:00+00:00,2007-07-31T00:55:00+00:00,REV
SHORT,1.597200,1.608540,-0.011340,2007-07-31T00:55:00+00:00,2007-08-01T00:12:00+00:00,REV
LONG,1.608540,1.597300,-0.011240,2007-08-01T00:12:00+00:00,2007-08-02T00:31:00+00:00,REV
SHORT,1.597300,1.608540,-0.011240,2007-08-02T00:31:00+00:00,2007-08-03T18:25:00+00:00,REV
LONG,1.608540,1.605800,-0.002740,2007-08-03T18:25:00+00:00,2007-08-07T00:03:00+00:00,REV
SHORT,1.605800,1.610340,-0.004540,2007-08-07T00:03:00+00:00,2007-08-09T15:56:00+00:00,REV
LONG,1.610340,1.676800,0.066460,2007-08-09T15:56:00+00:00,2007-08-20T10:50:00+00:00,REV
SHORT,1.676800,1.653240,0.023560,2007-08-20T10:50:00+00:00,2007-08-28T00:53:00+00:00,REV
LONG,1.653240,1.661100,0.007860,2007-08-28T00:53:00+00:00,2007-08-31T09:35:00+00:00,REV
SHORT,1.661100,1.679940,-0.018840,2007-08-31T09:35:00+00:00,2007-08-31T18:03:00+00:00,REV
LONG,1.679940,1.657200,-0.022740,2007-08-31T18:03:00+00:00,2007-09-03T09:39:00+00:00,REV
SHORT,1.657200,1.660240,-0.003040,2007-09-03T09:39:00+00:00,2007-09-05T17:01:00+00:00,REV
LONG,1.660240,1.666300,0.006060,2007-09-05T17:01:00+00:00,2007-09-11T07:17:00+00:00,REV
SHORT,1.666300,1.660540,0.005760,2007-09-11T07:17:00+00:00,2007-09-14T00:43:00+00:00,REV
LONG,1.660540,1.650300,-0.010240,2007-09-14T00:43:00+00:00,2007-09-14T09:45:00+00:00,REV
SHORT,1.650300,1.662840,-0.012540,2007-09-14T09:45:00+00:00,2007-09-17T18:48:00+00:00,REV
LONG,1.662840,1.641600,-0.021240,2007-09-17T18:48:00+00:00,2007-09-18T22:15:00+00:00,REV
SHORT,1.641600,1.630640,0.010960,2007-09-18T22:15:00+00:00,2007-09-25T10:20:00+00:00,REV
LONG,1.630640,1.620400,-0.010240,2007-09-25T10:20:00+00:00,2007-09-25T22:08:00+00:00,REV
SHORT,1.620400,1.608340,0.012060,2007-09-25T22:08:00+00:00,2007-10-02T09:09:00+00:00,REV
LONG,1.608340,1.591000,-0.017340,2007-10-02T09:09:00+00:00,2007-10-03T05:02:00+00:00,REV
SHORT,1.591000,1.575140,0.015860,2007-10-03T05:02:00+00:00,2007-10-09T00:12:00+00:00,REV
LONG,1.575140,1.566200,-0.008940,2007-10-09T00:12:00+00:00,2007-10-10T00:04:00+00:00,REV
SHORT,1.566200,1.575740,-0.009540,2007-10-10T00:04:00+00:00,2007-10-10T14:32:00+00:00,REV
LONG,1.575740,1.568500,-0.007240,2007-10-10T14:32:00+00:00,2007-10-12T16:57:00+00:00,REV
SHORT,1.568500,1.583740,-0.015240,2007-10-12T16:57:00+00:00,2007-10-15T22:33:00+00:00,REV
LONG,1.583740,1.591000,0.007260,2007-10-15T22:33:00+00:00,2007-10-19T15:26:00+00:00,REV
SHORT,1.591000,1.606740,-0.015740,2007-10-19T15:26:00+00:00,2007-10-19T23:58:00+00:00,REV
LONG,1.606740,1.598600,-0.008140,2007-10-19T23:58:00+00:00,2007-10-23T00:47:00+00:00,REV
SHORT,1.598600,1.570340,0.028260,2007-10-23T00:47:00+00:00,2007-10-30T07:25:00+00:00,REV
LONG,1.570340,1.561800,-0.008540,2007-10-30T07:25:00+00:00,2007-10-31T18:52:00+00:00,REV
SHORT,1.561800,1.572440,-0.010640,2007-10-31T18:52:00+00:00,2007-11-01T16:45:00+00:00,REV
LONG,1.572440,1.570300,-0.002140,2007-11-01T16:45:00+00:00,2007-11-06T01:25:00+00:00,REV
SHORT,1.570300,1.574740,-0.004440,2007-11-06T01:25:00+00:00,2007-11-07T20:19:00+00:00,REV
LONG,1.574740,1.627400,0.052660,2007-11-07T20:19:00+00:00,2007-11-14T00:38:00+00:00,REV
SHORT,1.627400,1.637840,-0.010440,2007-11-14T00:38:00+00:00,2007-11-15T00:02:00+00:00,REV
LONG,1.637840,1.637400,-0.000440,2007-11-15T00:02:00+00:00,2007-11-19T00:00:00+00:00,REV
SHORT,1.637400,1.657640,-0.020240,2007-11-19T00:00:00+00:00,2007-11-19T18:12:00+00:00,REV
LONG,1.657640,1.690900,0.033260,2007-11-19T18:12:00+00:00,2007-11-23T19:38:00+00:00,REV
SHORT,1.690900,1.670540,0.020360,2007-11-23T19:38:00+00:00,2007-12-04T02:30:00+00:00,REV
LONG,1.670540,1.677000,0.006460,2007-12-04T02:30:00+00:00,2007-12-06T01:15:00+00:00,REV
SHORT,1.677000,1.676840,0.000160,2007-12-06T01:15:00+00:00,2007-12-10T00:00:00+00:00,REV
LONG,1.676840,1.661200,-0.015640,2007-12-10T00:00:00+00:00,2007-12-10T23:43:00+00:00,REV
SHORT,1.661200,1.679640,-0.018440,2007-12-10T23:43:00+00:00,2007-12-11T21:43:00+00:00,REV
LONG,1.679640,1.653900,-0.025740,2007-12-11T21:43:00+00:00,2007-12-12T16:12:00+00:00,REV
SHORT,1.653900,1.674140,-0.020240,2007-12-12T16:12:00+00:00,2007-12-14T15:32:00+00:00,REV
LONG,1.674140,1.668600,-0.005540,2007-12-14T15:32:00+00:00,2007-12-19T11:01:00+00:00,REV
SHORT,1.668600,1.659440,0.009160,2007-12-19T11:01:00+00:00,2007-12-26T15:06:00+00:00,REV
LONG,1.659440,1.664500,0.005060,2007-12-26T15:06:00+00:00,2007-12-31T18:00:00+00:00,REV
SHORT,1.664500,1.677040,-0.012540,2007-12-31T18:00:00+00:00,2008-01-03T12:45:00+00:00,REV
LONG,1.677040,1.677300,0.000260,2008-01-03T12:45:00+00:00,2008-01-08T03:53:00+00:00,REV
SHORT,1.677300,1.662540,0.014760,2008-01-08T03:53:00+00:00,2008-01-14T00:00:00+00:00,REV
LONG,1.662540,1.651900,-0.010640,2008-01-14T00:00:00+00:00,2008-01-15T05:45:00+00:00,REV
SHORT,1.651900,1.663340,-0.011440,2008-01-15T05:45:00+00:00,2008-01-15T17:28:00+00:00,REV
LONG,1.663340,1.659400,-0.003940,2008-01-15T17:28:00+00:00,2008-01-17T09:46:00+00:00,REV
SHORT,1.659400,1.672340,-0.012940,2008-01-17T09:46:00+00:00,2008-01-18T01:22:00+00:00,REV
LONG,1.672340,1.658300,-0.014040,2008-01-18T01:22:00+00:00,2008-01-21T00:20:00+00:00,REV
SHORT,1.658300,1.680540,-0.022240,2008-01-21T00:20:00+00:00,2008-01-21T16:41:00+00:00,REV
LONG,1.680540,1.674800,-0.005740,2008-01-21T16:41:00+00:00,2008-01-23T22:49:00+00:00,REV
SHORT,1.674800,1.677040,-0.002240,2008-01-23T22:49:00+00:00,2008-01-28T17:00:00+00:00,REV
LONG,1.677040,1.663300,-0.013740,2008-01-28T17:00:00+00:00,2008-01-28T22:34:00+00:00,REV
SHORT,1.663300,1.666940,-0.003640,2008-01-28T22:34:00+00:00,2008-01-30T09:46:00+00:00,REV
LONG,1.666940,1.658600,-0.008340,2008-01-30T09:46:00+00:00,2008-01-30T21:16:00+00:00,REV
SHORT,1.658600,1.669940,-0.011340,2008-01-30T21:16:00+00:00,2008-01-31T00:18:00+00:00,REV
LONG,1.669940,1.653300,-0.016640,2008-01-31T00:18:00+00:00,2008-02-01T11:29:00+00:00,REV
SHORT,1.653300,1.640640,0.012660,2008-02-01T11:29:00+00:00,2008-02-07T02:41:00+00:00,REV
LONG,1.640640,1.628100,-0.012540,2008-02-07T02:41:00+00:00,2008-02-07T15:56:00+00:00,REV
SHORT,1.628100,1.617340,0.010760,2008-02-07T15:56:00+00:00,2008-02-13T00:04:00+00:00,REV
LONG,1.617340,1.613900,-0.003440,2008-02-13T00:04:00+00:00,2008-02-18T01:59:00+00:00,REV
SHORT,1.613900,1.605640,0.008260,2008-02-18T01:59:00+00:00,2008-02-20T02:43:00+00:00,REV
LONG,1.605640,1.604100,-0.001540,2008-02-20T02:43:00+00:00,2008-02-25T03:55:00+00:00,REV
SHORT,1.604100,1.607140,-0.003040,2008-02-25T03:55:00+00:00,2008-02-27T00:19:00+00:00,REV
LONG,1.607140,1.600300,-0.006840,2008-02-27T00:19:00+00:00,2008-02-28T02:59:00+00:00,REV
SHORT,1.600300,1.611040,-0.010740,2008-02-28T02:59:00+00:00,2008-02-29T10:48:00+00:00,REV
LONG,1.611040,1.631700,0.020660,2008-02-29T10:48:00+00:00,2008-03-06T00:00:00+00:00,REV
SHORT,1.631700,1.646540,-0.014840,2008-03-06T00:00:00+00:00,2008-03-06T17:02:00+00:00,REV
LONG,1.646540,1.652300,0.005760,2008-03-06T17:02:00+00:00,2008-03-11T23:04:00+00:00,REV
SHORT,1.652300,1.669940,-0.017640,2008-03-11T23:04:00+00:00,2008-03-13T00:23:00+00:00,REV
LONG,1.669940,1.647600,-0.022340,2008-03-13T00:23:00+00:00,2008-03-13T21:31:00+00:00,REV
SHORT,1.647600,1.670640,-0.023040,2008-03-13T21:31:00+00:00,2008-03-14T21:37:00+00:00,REV
LONG,1.670640,1.682200,0.011560,2008-03-14T21:37:00+00:00,2008-03-19T00:36:00+00:00,REV
SHORT,1.682200,1.713740,-0.031540,2008-03-19T00:36:00+00:00,2008-03-20T00:07:00+00:00,REV
LONG,1.713740,1.708900,-0.004840,2008-03-20T00:07:00+00:00,2008-03-24T05:14:00+00:00,REV
SHORT,1.708900,1.711840,-0.002940,2008-03-24T05:14:00+00:00,2008-03-26T12:00:00+00:00,REV
LONG,1.711840,1.720500,0.008660,2008-03-26T12:00:00+00:00,2008-04-01T12:37:00+00:00,REV
SHORT,1.720500,1.718340,0.002160,2008-04-01T12:37:00+00:00,2008-04-04T03:30:00+00:00,REV
LONG,1.718340,1.702700,-0.015640,2008-04-04T03:30:00+00:00,2008-04-07T07:23:00+00:00,REV
SHORT,1.702700,1.705840,-0.003140,2008-04-07T07:23:00+00:00,2008-04-09T19:56:00+00:00,REV
LONG,1.705840,1.702100,-0.003740,2008-04-09T19:56:00+00:00,2008-04-16T01:21:00+00:00,REV
SHORT,1.702100,1.679040,0.023060,2008-04-16T01:21:00+00:00,2008-04-25T16:55:00+00:00,REV
LONG,1.679040,1.666200,-0.012840,2008-04-25T16:55:00+00:00,2008-04-28T15:39:00+00:00,REV
SHORT,1.666200,1.673940,-0.007740,2008-04-28T15:39:00+00:00,2008-04-29T15:51:00+00:00,REV
LONG,1.673940,1.665600,-0.008340,2008-04-29T15:51:00+00:00,2008-04-30T11:39:00+00:00,REV
SHORT,1.665600,1.638740,0.026860,2008-04-30T11:39:00+00:00,2008-05-08T02:57:00+00:00,REV
LONG,1.638740,1.628400,-0.010340,2008-05-08T02:57:00+00:00,2008-05-08T04:51:00+00:00,REV
SHORT,1.628400,1.641640,-0.013240,2008-05-08T04:51:00+00:00,2008-05-09T09:28:00+00:00,REV
LONG,1.641640,1.641900,0.000260,2008-05-09T09:28:00+00:00,2008-05-16T02:18:00+00:00,REV
SHORT,1.641900,1.637140,0.004760,2008-05-16T02:18:00+00:00,2008-05-20T22:41:00+00:00,REV
LONG,1.637140,1.639100,0.001960,2008-05-20T22:41:00+00:00,2008-05-27T11:29:00+00:00,REV
SHORT,1.639100,1.630540,0.008560,2008-05-27T11:29:00+00:00,2008-05-30T17:59:00+00:00,REV
LONG,1.630540,1.620900,-0.009640,2008-05-30T17:59:00+00:00,2008-06-03T17:01:00+00:00,REV
SHORT,1.620900,1.628740,-0.007840,2008-06-03T17:01:00+00:00,2008-06-06T10:23:00+00:00,REV
LONG,1.628740,1.638300,0.009560,2008-06-06T10:23:00+00:00,2008-06-10T12:07:00+00:00,REV
SHORT,1.638300,1.647040,-0.008740,2008-06-10T12:07:00+00:00,2008-06-12T04:31:00+00:00,REV
LONG,1.647040,1.638400,-0.008640,2008-06-12T04:31:00+00:00,2008-06-13T13:31:00+00:00,REV
SHORT,1.638400,1.633340,0.005060,2008-06-13T13:31:00+00:00,2008-06-25T18:42:00+00:00,REV
LONG,1.633340,1.644200,0.010860,2008-06-25T18:42:00+00:00,2008-07-03T15:52:00+00:00,REV
SHORT,1.644200,1.637240,0.006960,2008-07-03T15:52:00+00:00,2008-07-07T13:35:00+00:00,REV
LONG,1.637240,1.640800,0.003560,2008-07-07T13:35:00+00:00,2008-07-09T21:00:00+00:00,REV
SHORT,1.640800,1.648540,-0.007740,2008-07-09T21:00:00+00:00,2008-07-11T22:03:00+00:00,REV
LONG,1.648540,1.639300,-0.009240,2008-07-11T22:03:00+00:00,2008-07-14T10:04:00+00:00,REV
SHORT,1.639300,1.631540,0.007760,2008-07-14T10:04:00+00:00,2008-07-17T20:53:00+00:00,REV
LONG,1.631540,1.627100,-0.004440,2008-07-17T20:53:00+00:00,2008-07-21T06:31:00+00:00,REV
SHORT,1.627100,1.632240,-0.005140,2008-07-21T06:31:00+00:00,2008-07-22T03:53:00+00:00,REV
LONG,1.632240,1.624300,-0.007940,2008-07-22T03:53:00+00:00,2008-07-23T02:58:00+00:00,REV
SHORT,1.624300,1.634440,-0.010140,2008-07-23T02:58:00+00:00,2008-07-23T12:58:00+00:00,REV
LONG,1.634440,1.640300,0.005860,2008-07-23T12:58:00+00:00,2008-07-29T17:56:00+00:00,REV
SHORT,1.640300,1.648940,-0.008640,2008-07-29T17:56:00+00:00,2008-07-30T12:42:00+00:00,REV
LONG,1.648940,1.687800,0.038860,2008-07-30T12:42:00+00:00,2008-08-08T03:12:00+00:00,REV
SHORT,1.687800,1.700340,-0.012540,2008-08-08T03:12:00+00:00,2008-08-08T06:14:00+00:00,REV
LONG,1.700340,1.684500,-0.015840,2008-08-08T06:14:00+00:00,2008-08-11T00:12:00+00:00,REV
SHORT,1.684500,1.693240,-0.008740,2008-08-11T00:12:00+00:00,2008-08-12T04:20:00+00:00,REV
LONG,1.693240,1.702900,0.009660,2008-08-12T04:20:00+00:00,2008-08-14T10:46:00+00:00,REV
SHORT,1.702900,1.697440,0.005460,2008-08-14T10:46:00+00:00,2008-08-19T03:35:00+00:00,REV
LONG,1.697440,1.689400,-0.008040,2008-08-19T03:35:00+00:00,2008-08-20T16:21:00+00:00,REV
SHORT,1.689400,1.698740,-0.009340,2008-08-20T16:21:00+00:00,2008-08-21T11:35:00+00:00,REV
LONG,1.698740,1.707600,0.008860,2008-08-21T11:35:00+00:00,2008-08-28T04:52:00+00:00,REV
SHORT,1.707600,1.715640,-0.008040,2008-08-28T04:52:00+00:00,2008-09-01T00:00:00+00:00,REV
LONG,1.715640,1.711600,-0.004040,2008-09-01T00:00:00+00:00,2008-09-02T07:39:00+00:00,REV
SHORT,1.711600,1.722940,-0.011340,2008-09-02T07:39:00+00:00,2008-09-02T09:17:00+00:00,REV
LONG,1.722940,1.733400,0.010460,2008-09-02T09:17:00+00:00,2008-09-08T00:00:00+00:00,REV
SHORT,1.733400,1.744940,-0.011540,2008-09-08T00:00:00+00:00,2008-09-09T05:37:00+00:00,REV
LONG,1.744940,1.740200,-0.004740,2008-09-09T05:37:00+00:00,2008-09-11T23:02:00+00:00,REV
SHORT,1.740200,1.749540,-0.009340,2008-09-11T23:02:00+00:00,2008-09-15T00:02:00+00:00,REV
LONG,1.749540,1.761100,0.011560,2008-09-15T00:02:00+00:00,2008-09-17T03:16:00+00:00,REV
SHORT,1.761100,1.815240,-0.054140,2008-09-17T03:16:00+00:00,2008-09-18T00:08:00+00:00,REV
LONG,1.815240,1.780500,-0.034740,2008-09-18T00:08:00+00:00,2008-09-19T02:34:00+00:00,REV
SHORT,1.780500,1.753140,0.027360,2008-09-19T02:34:00+00:00,2008-09-23T00:04:00+00:00,REV
LONG,1.753140,1.747100,-0.006040,2008-09-23T00:04:00+00:00,2008-09-25T15:19:00+00:00,REV
SHORT,1.747100,1.761540,-0.014440,2008-09-25T15:19:00+00:00,2008-09-26T07:48:00+00:00,REV
LONG,1.761540,1.749100,-0.012440,2008-09-26T07:48:00+00:00,2008-09-29T02:09:00+00:00,REV
SHORT,1.749100,1.768740,-0.019640,2008-09-29T02:09:00+00:00,2008-09-29T15:42:00+00:00,REV
LONG,1.768740,1.763600,-0.005140,2008-09-29T15:42:00+00:00,2008-10-01T15:03:00+00:00,REV
SHORT,1.763600,1.782440,-0.018840,2008-10-01T15:03:00+00:00,2008-10-02T00:10:00+00:00,REV
LONG,1.782440,1.767400,-0.015040,2008-10-02T00:10:00+00:00,2008-10-06T00:50:00+00:00,REV
SHORT,1.767400,1.792240,-0.024840,2008-10-06T00:50:00+00:00,2008-10-06T02:53:00+00:00,REV
LONG,1.792240,1.976700,0.184460,2008-10-06T02:53:00+00:00,2008-10-13T22:25:00+00:00,REV
SHORT,1.976700,1.964640,0.012060,2008-10-13T22:25:00+00:00,2008-10-15T03:10:00+00:00,REV
LONG,1.964640,1.948600,-0.016040,2008-10-15T03:10:00+00:00,2008-10-17T00:00:00+00:00,REV
SHORT,1.948600,1.947840,0.000760,2008-10-17T00:00:00+00:00,2008-10-23T15:27:00+00:00,REV
LONG,1.947840,2.019400,0.071560,2008-10-23T15:27:00+00:00,2008-10-28T10:35:00+00:00,REV
SHORT,2.019400,1.910740,0.108660,2008-10-28T10:35:00+00:00,2008-11-03T00:00:00+00:00,REV
LONG,1.910740,1.905900,-0.004840,2008-11-03T00:00:00+00:00,2008-11-03T00:50:00+00:00,REV
SHORT,1.905900,1.904640,0.001260,2008-11-03T00:50:00+00:00,2008-11-06T00:10:00+00:00,REV
LONG,1.904640,1.870800,-0.033840,2008-11-06T00:10:00+00:00,2008-11-10T00:00:00+00:00,REV
SHORT,1.870800,1.915340,-0.044540,2008-11-10T00:00:00+00:00,2008-11-11T10:31:00+00:00,REV
LONG,1.915340,1.915800,0.000460,2008-11-11T10:31:00+00:00,2008-11-14T00:03:00+00:00,REV
SHORT,1.915800,1.969340,-0.053540,2008-11-14T00:03:00+00:00,2008-11-17T00:00:00+00:00,REV
LONG,1.969340,1.931100,-0.038240,2008-11-17T00:00:00+00:00,2008-11-18T18:22:00+00:00,REV
SHORT,1.931100,1.965740,-0.034640,2008-11-18T18:22:00+00:00,2008-11-19T23:06:00+00:00,REV
LONG,1.965740,1.987900,0.022160,2008-11-19T23:06:00+00:00,2008-11-24T00:00:00+00:00,REV
SHORT,1.987900,2.021440,-0.033540,2008-11-24T00:00:00+00:00,2008-11-25T11:16:00+00:00,REV
LONG,2.021440,1.975500,-0.045940,2008-11-25T11:16:00+00:00,2008-11-26T19:21:00+00:00,REV
SHORT,1.975500,1.973540,0.001960,2008-11-26T19:21:00+00:00,2008-12-01T10:10:00+00:00,REV
LONG,1.973540,1.954600,-0.018940,2008-12-01T10:10:00+00:00,2008-12-04T00:10:00+00:00,REV
SHORT,1.954600,1.980240,-0.025640,2008-12-04T00:10:00+00:00,2008-12-04T20:20:00+00:00,REV
LONG,1.980240,1.960700,-0.019540,2008-12-04T20:20:00+00:00,2008-12-08T03:17:00+00:00,REV
SHORT,1.960700,1.970840,-0.010140,2008-12-08T03:17:00+00:00,2008-12-09T10:11:00+00:00,REV
LONG,1.970840,2.013900,0.043060,2008-12-09T10:11:00+00:00,2008-12-17T09:43:00+00:00,REV
SHORT,2.013900,2.057140,-0.043240,2008-12-17T09:43:00+00:00,2008-12-17T17:59:00+00:00,REV
LONG,2.057140,2.026700,-0.030440,2008-12-17T17:59:00+00:00,2008-12-19T17:44:00+00:00,REV
SHORT,2.026700,2.059940,-0.033240,2008-12-19T17:44:00+00:00,2008-12-24T03:39:00+00:00,REV
LONG,2.059940,2.043800,-0.016140,2008-12-24T03:39:00+00:00,2008-12-29T20:33:00+00:00,REV
SHORT,2.043800,1.913240,0.130560,2008-12-29T20:33:00+00:00,2009-01-07T17:24:00+00:00,REV
LONG,1.913240,1.912600,-0.000640,2009-01-07T17:24:00+00:00,2009-01-09T17:52:00+00:00,REV
SHORT,1.912600,1.929440,-0.016840,2009-01-09T17:52:00+00:00,2009-01-12T00:00:00+00:00,REV
LONG,1.929440,1.916800,-0.012640,2009-01-12T00:00:00+00:00,2009-01-12T02:28:00+00:00,REV
SHORT,1.916800,1.970840,-0.054040,2009-01-12T02:28:00+00:00,2009-01-13T00:15:00+00:00,REV
LONG,1.970840,1.960000,-0.010840,2009-01-13T00:15:00+00:00,2009-01-14T07:35:00+00:00,REV
SHORT,1.960000,2.000240,-0.040240,2009-01-14T07:35:00+00:00,2009-01-15T02:29:00+00:00,REV
LONG,2.000240,1.967000,-0.033240,2009-01-15T02:29:00+00:00,2009-01-16T00:44:00+00:00,REV
SHORT,1.967000,1.974040,-0.007040,2009-01-16T00:44:00+00:00,2009-01-20T07:07:00+00:00,REV
LONG,1.974040,1.948800,-0.025240,2009-01-20T07:07:00+00:00,2009-01-20T11:47:00+00:00,REV
SHORT,1.948800,1.991940,-0.043140,2009-01-20T11:47:00+00:00,2009-01-21T01:05:00+00:00,REV
LONG,1.991940,1.962700,-0.029240,2009-01-21T01:05:00+00:00,2009-01-23T18:22:00+00:00,REV
SHORT,1.962700,1.997140,-0.034440,2009-01-23T18:22:00+00:00,2009-01-26T19:19:00+00:00,REV
LONG,1.997140,1.979500,-0.017640,2009-01-26T19:19:00+00:00,2009-01-28T08:57:00+00:00,REV
SHORT,1.979500,1.996940,-0.017440,2009-01-28T08:57:00+00:00,2009-01-29T10:12:00+00:00,REV
LONG,1.996940,2.003200,0.006260,2009-01-29T10:12:00+00:00,2009-02-03T20:37:00+00:00,REV
SHORT,2.003200,2.036140,-0.032940,2009-02-03T20:37:00+00:00,2009-02-04T09:25:00+00:00,REV
LONG,2.036140,1.990000,-0.046140,2009-02-04T09:25:00+00:00,2009-02-04T17:00:00+00:00,REV
SHORT,1.990000,1.944740,0.045260,2009-02-04T17:00:00+00:00,2009-02-10T11:38:00+00:00,REV
LONG,1.944740,1.957900,0.013160,2009-02-10T11:38:00+00:00,2009-02-12T02:51:00+00:00,REV
SHORT,1.957900,1.972640,-0.014740,2009-02-12T02:51:00+00:00,2009-02-16T18:05:00+00:00,REV
LONG,1.972640,1.961800,-0.010840,2009-02-16T18:05:00+00:00,2009-02-19T02:42:00+00:00,REV
SHORT,1.961800,1.972040,-0.010240,2009-02-19T02:42:00+00:00,2009-02-20T04:46:00+00:00,REV
LONG,1.972040,1.970000,-0.002040,2009-02-20T04:46:00+00:00,2009-02-24T06:03:00+00:00,REV
SHORT,1.970000,1.970540,-0.000540,2009-02-24T06:03:00+00:00,2009-02-27T00:00:00+00:00,REV
LONG,1.970540,1.974000,0.003460,2009-02-27T00:00:00+00:00,2009-03-03T05:43:00+00:00,REV
SHORT,1.974000,1.975640,-0.001640,2009-03-03T05:43:00+00:00,2009-03-06T10:06:00+00:00,REV
LONG,1.975640,1.972200,-0.003440,2009-03-06T10:06:00+00:00,2009-03-10T17:54:00+00:00,REV
SHORT,1.972200,1.979340,-0.007140,2009-03-10T17:54:00+00:00,2009-03-12T03:30:00+00:00,REV
LONG,1.979340,1.968000,-0.011340,2009-03-12T03:30:00+00:00,2009-03-13T00:24:00+00:00,REV
SHORT,1.968000,1.973140,-0.005140,2009-03-13T00:24:00+00:00,2009-03-17T11:07:00+00:00,REV
LONG,1.973140,1.974800,0.001660,2009-03-17T11:07:00+00:00,2009-03-20T13:36:00+00:00,REV
SHORT,1.974800,1.941140,0.033660,2009-03-20T13:36:00+00:00,2009-03-25T11:27:00+00:00,REV
LONG,1.941140,1.927800,-0.013340,2009-03-25T11:27:00+00:00,2009-03-26T21:12:00+00:00,REV
SHORT,1.927800,1.945840,-0.018040,2009-03-26T21:12:00+00:00,2009-03-30T10:32:00+00:00,REV
LONG,1.945840,1.914500,-0.031340,2009-03-30T10:32:00+00:00,2009-03-31T17:50:00+00:00,REV
SHORT,1.914500,1.899440,0.015060,2009-03-31T17:50:00+00:00,2009-04-03T17:46:00+00:00,REV
LONG,1.899440,1.878200,-0.021240,2009-04-03T17:46:00+00:00,2009-04-07T00:02:00+00:00,REV
SHORT,1.878200,1.874040,0.004160,2009-04-07T00:02:00+00:00,2009-04-09T02:12:00+00:00,REV
LONG,1.874040,1.860100,-0.013940,2009-04-09T02:12:00+00:00,2009-04-09T15:02:00+00:00,REV
SHORT,1.860100,1.833940,0.026160,2009-04-09T15:02:00+00:00,2009-04-13T16:43:00+00:00,REV
LONG,1.833940,1.818300,-0.015640,2009-04-13T16:43:00+00:00,2009-04-15T20:01:00+00:00,REV
SHORT,1.818300,1.833940,-0.015640,2009-04-15T20:01:00+00:00,2009-04-20T12:45:00+00:00,REV
LONG,1.833940,1.830400,-0.003540,2009-04-20T12:45:00+00:00,2009-04-27T20:25:00+00:00,REV
SHORT,1.830400,1.855040,-0.024640,2009-04-27T20:25:00+00:00,2009-04-28T07:16:00+00:00,REV
LONG,1.855040,1.834800,-0.020240,2009-04-28T07:16:00+00:00,2009-04-29T17:41:00+00:00,REV
SHORT,1.834800,1.783140,0.051660,2009-04-29T17:41:00+00:00,2009-05-11T12:12:00+00:00,REV
LONG,1.783140,1.779200,-0.003940,2009-05-11T12:12:00+00:00,2009-05-13T02:33:00+00:00,REV
SHORT,1.779200,1.794840,-0.015640,2009-05-13T02:33:00+00:00,2009-05-13T15:33:00+00:00,REV
LONG,1.794840,1.792400,-0.002440,2009-05-13T15:33:00+00:00,2009-05-15T01:39:00+00:00,REV
SHORT,1.792400,1.803640,-0.011240,2009-05-15T01:39:00+00:00,2009-05-18T03:13:00+00:00,REV
LONG,1.803640,1.790500,-0.013140,2009-05-18T03:13:00+00:00,2009-05-18T09:44:00+00:00,REV
SHORT,1.790500,1.776040,0.014460,2009-05-18T09:44:00+00:00,2009-05-20T19:59:00+00:00,REV
LONG,1.776040,1.788300,0.012260,2009-05-20T19:59:00+00:00,2009-05-26T18:14:00+00:00,REV
SHORT,1.788300,1.754140,0.034160,2009-05-26T18:14:00+00:00,2009-06-03T18:07:00+00:00,REV
LONG,1.754140,1.757100,0.002960,2009-06-03T18:07:00+00:00,2009-06-05T15:30:00+00:00,REV
SHORT,1.757100,1.733440,0.023660,2009-06-05T15:30:00+00:00,2009-06-15T00:09:00+00:00,REV
LONG,1.733440,1.740000,0.006560,2009-06-15T00:09:00+00:00,2009-06-18T18:08:00+00:00,REV
SHORT,1.740000,1.741440,-0.001440,2009-06-18T18:08:00+00:00,2009-06-22T14:12:00+00:00,REV
LONG,1.741440,1.759300,0.017860,2009-06-22T14:12:00+00:00,2009-06-24T12:19:00+00:00,REV
SHORT,1.759300,1.749940,0.009360,2009-06-24T12:19:00+00:00,2009-06-29T08:01:00+00:00,REV
LONG,1.749940,1.740500,-0.009440,2009-06-29T08:01:00+00:00,2009-06-30T01:40:00+00:00,REV
SHORT,1.740500,1.745540,-0.005040,2009-06-30T01:40:00+00:00,2009-07-01T08:27:00+00:00,REV
LONG,1.745540,1.751700,0.006160,2009-07-01T08:27:00+00:00,2009-07-07T07:40:00+00:00,REV
SHORT,1.751700,1.764740,-0.013040,2009-07-07T07:40:00+00:00,2009-07-08T01:05:00+00:00,REV
LONG,1.764740,1.784700,0.019960,2009-07-08T01:05:00+00:00,2009-07-13T23:30:00+00:00,REV
SHORT,1.784700,1.765640,0.019060,2009-07-13T23:30:00+00:00,2009-07-16T09:59:00+00:00,REV
LONG,1.765640,1.753900,-0.011740,2009-07-16T09:59:00+00:00,2009-07-20T03:31:00+00:00,REV
SHORT,1.753900,1.744440,0.009460,2009-07-20T03:31:00+00:00,2009-07-24T17:36:00+00:00,REV
LONG,1.744440,1.736600,-0.007840,2009-07-24T17:36:00+00:00,2009-07-27T00:00:00+00:00,REV
SHORT,1.736600,1.714240,0.022360,2009-07-27T00:00:00+00:00,2009-08-03T18:15:00+00:00,REV
LONG,1.714240,1.704000,-0.010240,2009-08-03T18:15:00+00:00,2009-08-07T16:00:00+00:00,REV
SHORT,1.704000,1.701040,0.002960,2009-08-07T16:00:00+00:00,2009-08-11T16:13:00+00:00,REV
LONG,1.701040,1.697400,-0.003640,2009-08-11T16:13:00+00:00,2009-08-13T09:12:00+00:00,REV
SHORT,1.697400,1.706740,-0.009340,2009-08-13T09:12:00+00:00,2009-08-14T18:19:00+00:00,REV
LONG,1.706740,1.707100,0.000360,2009-08-14T18:19:00+00:00,2009-08-19T02:16:00+00:00,REV
SHORT,1.707100,1.717540,-0.010440,2009-08-19T02:16:00+00:00,2009-08-19T09:45:00+00:00,REV
LONG,1.717540,1.710400,-0.007140,2009-08-19T09:45:00+00:00,2009-08-24T02:41:00+00:00,REV
SHORT,1.710400,1.714140,-0.003740,2009-08-24T02:41:00+00:00,2009-08-25T20:07:00+00:00,REV
LONG,1.714140,1.707000,-0.007140,2009-08-25T20:07:00+00:00,2009-08-27T15:40:00+00:00,REV
SHORT,1.707000,1.711840,-0.004840,2009-08-27T15:40:00+00:00,2009-09-01T11:30:00+00:00,REV
LONG,1.711840,1.705500,-0.006340,2009-09-01T11:30:00+00:00,2009-09-03T09:06:00+00:00,REV
SHORT,1.705500,1.683040,0.022460,2009-09-03T09:06:00+00:00,2009-09-09T04:32:00+00:00,REV
LONG,1.683040,1.684800,0.001760,2009-09-09T04:32:00+00:00,2009-09-11T18:08:00+00:00,REV
SHORT,1.684800,1.693340,-0.008540,2009-09-11T18:08:00+00:00,2009-09-14T00:04:00+00:00,REV
LONG,1.693340,1.694500,0.001160,2009-09-14T00:04:00+00:00,2009-09-16T06:32:00+00:00,REV
SHORT,1.694500,1.693040,0.001460,2009-09-16T06:32:00+00:00,2009-09-18T04:49:00+00:00,REV
LONG,1.693040,1.693600,0.000560,2009-09-18T04:49:00+00:00,2009-09-22T05:14:00+00:00,REV
SHORT,1.693600,1.695940,-0.002340,2009-09-22T05:14:00+00:00,2009-09-24T00:05:00+00:00,REV
LONG,1.695940,1.686800,-0.009140,2009-09-24T00:05:00+00:00,2009-09-28T17:22:00+00:00,REV
SHORT,1.686800,1.673640,0.013160,2009-09-28T17:22:00+00:00,2009-10-02T04:03:00+00:00,REV
LONG,1.673640,1.667600,-0.006040,2009-10-02T04:03:00+00:00,2009-10-05T21:44:00+00:00,REV
SHORT,1.667600,1.635240,0.032360,2009-10-05T21:44:00+00:00,2009-10-12T10:20:00+00:00,REV
LONG,1.635240,1.626800,-0.008440,2009-10-12T10:20:00+00:00,2009-10-14T09:12:00+00:00,REV
SHORT,1.626800,1.628840,-0.002040,2009-10-14T09:12:00+00:00,2009-10-19T00:02:00+00:00,REV
LONG,1.628840,1.613400,-0.015440,2009-10-19T00:02:00+00:00,2009-10-19T18:32:00+00:00,REV
SHORT,1.613400,1.621440,-0.008040,2009-10-19T18:32:00+00:00,2009-10-21T12:56:00+00:00,REV
LONG,1.621440,1.619500,-0.001940,2009-10-21T12:56:00+00:00,2009-10-27T03:38:00+00:00,REV
SHORT,1.619500,1.625240,-0.005740,2009-10-27T03:38:00+00:00,2009-10-28T05:55:00+00:00,REV
LONG,1.625240,1.626800,0.001560,2009-10-28T05:55:00+00:00,2009-11-03T17:48:00+00:00,REV
SHORT,1.626800,1.637840,-0.011040,2009-11-03T17:48:00+00:00,2009-11-05T05:41:00+00:00,REV
LONG,1.637840,1.630600,-0.007240,2009-11-05T05:41:00+00:00,2009-11-06T02:33:00+00:00,REV
SHORT,1.630600,1.616840,0.013760,2009-11-06T02:33:00+00:00,2009-11-10T07:36:00+00:00,REV
LONG,1.616840,1.609000,-0.007840,2009-11-10T07:36:00+00:00,2009-11-12T00:33:00+00:00,REV
SHORT,1.609000,1.606140,0.002860,2009-11-12T00:33:00+00:00,2009-11-17T10:06:00+00:00,REV
LONG,1.606140,1.596900,-0.009240,2009-11-17T10:06:00+00:00,2009-11-18T01:34:00+00:00,REV
SHORT,1.596900,1.609640,-0.012740,2009-11-18T01:34:00+00:00,2009-11-18T17:59:00+00:00,REV
LONG,1.609640,1.619900,0.010260,2009-11-18T17:59:00+00:00,2009-11-23T12:05:00+00:00,REV
SHORT,1.619900,1.626940,-0.007040,2009-11-23T12:05:00+00:00,2009-11-24T08:35:00+00:00,REV
LONG,1.626940,1.641900,0.014960,2009-11-24T08:35:00+00:00,2009-11-30T00:26:00+00:00,REV
SHORT,1.641900,1.631340,0.010560,2009-11-30T00:26:00+00:00,2009-12-04T02:13:00+00:00,REV
LONG,1.631340,1.620800,-0.010540,2009-12-04T02:13:00+00:00,2009-12-04T15:30:00+00:00,REV
SHORT,1.620800,1.627940,-0.007140,2009-12-04T15:30:00+00:00,2009-12-09T01:07:00+00:00,REV
LONG,1.627940,1.619800,-0.008140,2009-12-09T01:07:00+00:00,2009-12-09T13:20:00+00:00,REV
SHORT,1.619800,1.612340,0.007460,2009-12-09T13:20:00+00:00,2009-12-14T03:53:00+00:00,REV
LONG,1.612340,1.600200,-0.012140,2009-12-14T03:53:00+00:00,2009-12-14T18:30:00+00:00,REV
SHORT,1.600200,1.606940,-0.006740,2009-12-14T18:30:00+00:00,2009-12-16T02:30:00+00:00,REV
LONG,1.606940,1.609700,0.002760,2009-12-16T02:30:00+00:00,2009-12-18T17:42:00+00:00,REV
SHORT,1.609700,1.624040,-0.014340,2009-12-18T17:42:00+00:00,2009-12-22T00:27:00+00:00,REV
LONG,1.624040,1.624700,0.000660,2009-12-22T00:27:00+00:00,2009-12-24T08:00:00+00:00,REV
SHORT,1.624700,1.556840,0.067860,2009-12-24T08:00:00+00:00,2010-01-11T01:46:00+00:00,REV
LONG,1.556840,1.564700,0.007860,2010-01-11T01:46:00+00:00,2010-01-14T02:31:00+00:00,REV
SHORT,1.564700,1.559640,0.005060,2010-01-14T02:31:00+00:00,2010-01-18T01:14:00+00:00,REV
LONG,1.559640,1.552200,-0.007440,2010-01-18T01:14:00+00:00,2010-01-18T12:39:00+00:00,REV
SHORT,1.552200,1.554540,-0.002340,2010-01-18T12:39:00+00:00,2010-01-21T18:07:00+00:00,REV
LONG,1.554540,1.560200,0.005660,2010-01-21T18:07:00+00:00,2010-01-27T02:30:00+00:00,REV
SHORT,1.560200,1.567040,-0.006840,2010-01-27T02:30:00+00:00,2010-01-29T02:28:00+00:00,REV
LONG,1.567040,1.560900,-0.006140,2010-01-29T02:28:00+00:00,2010-02-02T00:38:00+00:00,REV
SHORT,1.560900,1.581240,-0.020340,2010-02-02T00:38:00+00:00,2010-02-02T06:16:00+00:00,REV
LONG,1.581240,1.571300,-0.009940,2010-02-02T06:16:00+00:00,2010-02-04T15:45:00+00:00,REV
SHORT,1.571300,1.579740,-0.008440,2010-02-04T15:45:00+00:00,2010-02-04T17:11:00+00:00,REV
LONG,1.579740,1.573100,-0.006640,2010-02-04T17:11:00+00:00,2010-02-08T00:13:00+00:00,REV
SHORT,1.573100,1.580540,-0.007440,2010-02-08T00:13:00+00:00,2010-02-09T00:05:00+00:00,REV
LONG,1.580540,1.571400,-0.009140,2010-02-09T00:05:00+00:00,2010-02-09T14:12:00+00:00,REV
SHORT,1.571400,1.516640,0.054760,2010-02-09T14:12:00+00:00,2010-02-19T15:14:00+00:00,REV
LONG,1.516640,1.512400,-0.004240,2010-02-19T15:14:00+00:00,2010-02-22T00:00:00+00:00,REV
SHORT,1.512400,1.514340,-0.001940,2010-02-22T00:00:00+00:00,2010-02-22T01:44:00+00:00,REV
LONG,1.514340,1.508800,-0.005540,2010-02-22T01:44:00+00:00,2010-02-23T09:29:00+00:00,REV
SHORT,1.508800,1.515840,-0.007040,2010-02-23T09:29:00+00:00,2010-02-23T19:09:00+00:00,REV
LONG,1.515840,1.513400,-0.002440,2010-02-23T19:09:00+00:00,2010-02-25T02:00:00+00:00,REV
SHORT,1.513400,1.526840,-0.013440,2010-02-25T02:00:00+00:00,2010-02-25T16:02:00+00:00,REV
LONG,1.526840,1.519800,-0.007040,2010-02-25T16:02:00+00:00,2010-03-01T00:00:00+00:00,REV
SHORT,1.519800,1.509940,0.009860,2010-03-01T00:00:00+00:00,2010-03-03T06:09:00+00:00,REV
LONG,1.509940,1.506300,-0.003640,2010-03-03T06:09:00+00:00,2010-03-05T09:49:00+00:00,REV
SHORT,1.506300,1.494340,0.011960,2010-03-05T09:49:00+00:00,2010-03-11T02:30:00+00:00,REV
LONG,1.494340,1.494600,0.000260,2010-03-11T02:30:00+00:00,2010-03-16T00:01:00+00:00,REV
SHORT,1.494600,1.504340,-0.009740,2010-03-16T00:01:00+00:00,2010-03-16T17:55:00+00:00,REV
LONG,1.504340,1.492800,-0.011540,2010-03-16T17:55:00+00:00,2010-03-17T13:39:00+00:00,REV
SHORT,1.492800,1.480240,0.012560,2010-03-17T13:39:00+00:00,2010-03-22T00:18:00+00:00,REV
LONG,1.480240,1.475100,-0.005140,2010-03-22T00:18:00+00:00,2010-03-23T09:33:00+00:00,REV
SHORT,1.475100,1.468540,0.006560,2010-03-23T09:33:00+00:00,2010-03-26T10:49:00+00:00,REV
LONG,1.468540,1.468100,-0.000440,2010-03-26T10:49:00+00:00,2010-03-30T05:21:00+00:00,REV
SHORT,1.468100,1.472040,-0.003940,2010-03-30T05:21:00+00:00,2010-03-31T14:03:00+00:00,REV
LONG,1.472040,1.467300,-0.004740,2010-03-31T14:03:00+00:00,2010-04-02T16:18:00+00:00,REV
SHORT,1.467300,1.442540,0.024760,2010-04-02T16:18:00+00:00,2010-04-09T16:45:00+00:00,REV
LONG,1.442540,1.463800,0.021260,2010-04-09T16:45:00+00:00,2010-04-14T03:13:00+00:00,REV
SHORT,1.463800,1.461240,0.002560,2010-04-14T03:13:00+00:00,2010-04-16T23:24:00+00:00,REV
LONG,1.461240,1.458300,-0.002940,2010-04-16T23:24:00+00:00,2010-04-20T00:30:00+00:00,REV
SHORT,1.458300,1.445740,0.012560,2010-04-20T00:30:00+00:00,2010-04-22T00:01:00+00:00,REV
LONG,1.445740,1.436500,-0.009240,2010-04-22T00:01:00+00:00,2010-04-22T17:32:00+00:00,REV
SHORT,1.436500,1.446940,-0.010440,2010-04-22T17:32:00+00:00,2010-04-23T12:58:00+00:00,REV
LONG,1.446940,1.438400,-0.008540,2010-04-23T12:58:00+00:00,2010-04-28T00:00:00+00:00,REV
SHORT,1.438400,1.431240,0.007160,2010-04-28T00:00:00+00:00,2010-04-30T13:42:00+00:00,REV
LONG,1.431240,1.423000,-0.008240,2010-04-30T13:42:00+00:00,2010-05-04T00:54:00+00:00,REV
SHORT,1.423000,1.430240,-0.007240,2010-05-04T00:54:00+00:00,2010-05-06T21:44:00+00:00,REV
LONG,1.430240,1.433300,0.003060,2010-05-06T21:44:00+00:00,2010-05-10T00:02:00+00:00,REV
SHORT,1.433300,1.436440,-0.003140,2010-05-10T00:02:00+00:00,2010-05-10T00:41:00+00:00,REV
LONG,1.436440,1.414300,-0.022140,2010-05-10T00:41:00+00:00,2010-05-11T00:36:00+00:00,REV
SHORT,1.414300,1.403640,0.010660,2010-05-11T00:36:00+00:00,2010-05-17T05:14:00+00:00,REV
LONG,1.403640,1.506500,0.102860,2010-05-17T05:14:00+00:00,2010-05-24T00:01:00+00:00,REV
SHORT,1.506500,1.509540,-0.003040,2010-05-24T00:01:00+00:00,2010-05-24T01:02:00+00:00,REV
LONG,1.509540,1.490800,-0.018740,2010-05-24T01:02:00+00:00,2010-05-26T00:03:00+00:00,REV
SHORT,1.490800,1.460940,0.029860,2010-05-26T00:03:00+00:00,2010-05-31T17:59:00+00:00,REV
LONG,1.460940,1.453400,-0.007540,2010-05-31T17:59:00+00:00,2010-06-03T00:02:00+00:00,REV
SHORT,1.453400,1.457340,-0.003940,2010-06-03T00:02:00+00:00,2010-06-04T21:51:00+00:00,REV
LONG,1.457340,1.451200,-0.006140,2010-06-04T21:51:00+00:00,2010-06-08T19:50:00+00:00,REV
SHORT,1.451200,1.427740,0.023460,2010-06-08T19:50:00+00:00,2010-06-15T09:25:00+00:00,REV
LONG,1.427740,1.423800,-0.003940,2010-06-15T09:25:00+00:00,2010-06-18T11:37:00+00:00,REV
SHORT,1.423800,1.408140,0.015660,2010-06-18T11:37:00+00:00,2010-06-23T00:00:00+00:00,REV
LONG,1.408140,1.480900,0.072760,2010-06-23T00:00:00+00:00,2010-07-06T10:37:00+00:00,REV
SHORT,1.480900,1.445140,0.035760,2010-07-06T10:37:00+00:00,2010-07-13T09:16:00+00:00,REV
LONG,1.445140,1.436300,-0.008840,2010-07-13T09:16:00+00:00,2010-07-13T11:43:00+00:00,REV
SHORT,1.436300,1.445940,-0.009640,2010-07-13T11:43:00+00:00,2010-07-14T21:24:00+00:00,REV
LONG,1.445940,1.481700,0.035760,2010-07-14T21:24:00+00:00,2010-07-20T04:05:00+00:00,REV
SHORT,1.481700,1.441140,0.040560,2010-07-20T04:05:00+00:00,2010-07-26T01:01:00+00:00,REV
LONG,1.441140,1.436500,-0.004640,2010-07-26T01:01:00+00:00,2010-07-27T12:01:00+00:00,REV
SHORT,1.436500,1.444140,-0.007640,2010-07-27T12:01:00+00:00,2010-07-28T04:30:00+00:00,REV
LONG,1.444140,1.445300,0.001160,2010-07-28T04:30:00+00:00,2010-07-30T13:48:00+00:00,REV
SHORT,1.445300,1.446040,-0.000740,2010-07-30T13:48:00+00:00,2010-08-03T04:30:00+00:00,REV
LONG,1.446040,1.441100,-0.004940,2010-08-03T04:30:00+00:00,2010-08-04T15:17:00+00:00,REV
SHORT,1.441100,1.446640,-0.005540,2010-08-04T15:17:00+00:00,2010-08-06T16:03:00+00:00,REV
LONG,1.446640,1.440000,-0.006640,2010-08-06T16:03:00+00:00,2010-08-10T06:00:00+00:00,REV
SHORT,1.440000,1.428640,0.011360,2010-08-10T06:00:00+00:00,2010-08-16T00:00:00+00:00,REV
LONG,1.428640,1.427900,-0.000740,2010-08-16T00:00:00+00:00,2010-08-16T01:38:00+00:00,REV
SHORT,1.427900,1.432240,-0.004340,2010-08-16T01:38:00+00:00,2010-08-18T18:47:00+00:00,REV
LONG,1.432240,1.422000,-0.010240,2010-08-18T18:47:00+00:00,2010-08-20T23:48:00+00:00,REV
SHORT,1.422000,1.433040,-0.011040,2010-08-20T23:48:00+00:00,2010-08-23T00:03:00+00:00,REV
LONG,1.433040,1.421600,-0.011440,2010-08-23T00:03:00+00:00,2010-08-23T12:05:00+00:00,REV
SHORT,1.421600,1.433840,-0.012240,2010-08-23T12:05:00+00:00,2010-08-24T17:01:00+00:00,REV
LONG,1.433840,1.427300,-0.006540,2010-08-24T17:01:00+00:00,2010-08-26T15:38:00+00:00,REV
SHORT,1.427300,1.435240,-0.007940,2010-08-26T15:38:00+00:00,2010-08-27T00:23:00+00:00,REV
LONG,1.435240,1.426300,-0.008940,2010-08-27T00:23:00+00:00,2010-08-27T17:26:00+00:00,REV
SHORT,1.426300,1.420740,0.005560,2010-08-27T17:26:00+00:00,2010-08-31T00:31:00+00:00,REV
LONG,1.420740,1.412800,-0.007940,2010-08-31T00:31:00+00:00,2010-09-01T04:30:00+00:00,REV
SHORT,1.412800,1.413040,-0.000240,2010-09-01T04:30:00+00:00,2010-09-03T08:33:00+00:00,REV
LONG,1.413040,1.404700,-0.008340,2010-09-03T08:33:00+00:00,2010-09-03T15:30:00+00:00,REV
SHORT,1.404700,1.368440,0.036260,2010-09-03T15:30:00+00:00,2010-09-13T01:16:00+00:00,REV
LONG,1.368440,1.385700,0.017260,2010-09-13T01:16:00+00:00,2010-09-20T06:33:00+00:00,REV
SHORT,1.385700,1.391240,-0.005540,2010-09-20T06:33:00+00:00,2010-09-22T03:09:00+00:00,REV
LONG,1.391240,1.398300,0.007060,2010-09-22T03:09:00+00:00,2010-09-27T21:01:00+00:00,REV
SHORT,1.398300,1.405540,-0.007240,2010-09-27T21:01:00+00:00,2010-09-29T20:15:00+00:00,REV
LONG,1.405540,1.412700,0.007160,2010-09-29T20:15:00+00:00,2010-10-05T00:01:00+00:00,REV
SHORT,1.412700,1.420640,-0.007940,2010-10-05T00:01:00+00:00,2010-10-05T06:30:00+00:00,REV
LONG,1.420640,1.416100,-0.004540,2010-10-05T06:30:00+00:00,2010-10-07T03:30:00+00:00,REV
SHORT,1.416100,1.426040,-0.009940,2010-10-07T03:30:00+00:00,2010-10-08T10:59:00+00:00,REV
LONG,1.426040,1.409800,-0.016240,2010-10-08T10:59:00+00:00,2010-10-08T21:27:00+00:00,REV
SHORT,1.409800,1.417540,-0.007740,2010-10-08T21:27:00+00:00,2010-10-13T09:30:00+00:00,REV
LONG,1.417540,1.408800,-0.008740,2010-10-13T09:30:00+00:00,2010-10-18T00:02:00+00:00,REV
SHORT,1.408800,1.412940,-0.004140,2010-10-18T00:02:00+00:00,2010-10-19T14:03:00+00:00,REV
LONG,1.412940,1.415100,0.002160,2010-10-19T14:03:00+00:00,2010-10-25T00:01:00+00:00,REV
SHORT,1.415100,1.411840,0.003260,2010-10-25T00:01:00+00:00,2010-10-27T03:30:00+00:00,REV
LONG,1.411840,1.416500,0.004660,2010-10-27T03:30:00+00:00,2010-11-01T00:00:00+00:00,REV
SHORT,1.416500,1.417840,-0.001340,2010-11-01T00:00:00+00:00,2010-11-01T00:23:00+00:00,REV
LONG,1.417840,1.404200,-0.013640,2010-11-01T00:23:00+00:00,2010-11-02T06:30:00+00:00,REV
SHORT,1.404200,1.407840,-0.003640,2010-11-02T06:30:00+00:00,2010-11-03T17:47:00+00:00,REV
LONG,1.407840,1.402900,-0.004940,2010-11-03T17:47:00+00:00,2010-11-04T18:43:00+00:00,REV
SHORT,1.402900,1.376140,0.026760,2010-11-04T18:43:00+00:00,2010-11-10T13:32:00+00:00,REV
LONG,1.376140,1.367300,-0.008840,2010-11-10T13:32:00+00:00,2010-11-10T16:55:00+00:00,REV
SHORT,1.367300,1.377540,-0.010240,2010-11-10T16:55:00+00:00,2010-11-12T09:09:00+00:00,REV
LONG,1.377540,1.386000,0.008460,2010-11-12T09:09:00+00:00,2010-11-15T00:03:00+00:00,REV
SHORT,1.386000,1.390240,-0.004240,2010-11-15T00:03:00+00:00,2010-11-15T05:30:00+00:00,REV
LONG,1.390240,1.377900,-0.012340,2010-11-15T05:30:00+00:00,2010-11-17T17:43:00+00:00,REV
SHORT,1.377900,1.382840,-0.004940,2010-11-17T17:43:00+00:00,2010-11-19T06:57:00+00:00,REV
LONG,1.382840,1.377100,-0.005740,2010-11-19T06:57:00+00:00,2010-11-22T22:39:00+00:00,REV
SHORT,1.377100,1.364140,0.012960,2010-11-22T22:39:00+00:00,2010-11-26T01:01:00+00:00,REV
LONG,1.364140,1.371700,0.007560,2010-11-26T01:01:00+00:00,2010-11-29T00:01:00+00:00,REV
SHORT,1.371700,1.372540,-0.000840,2010-11-29T00:01:00+00:00,2010-11-29T00:02:00+00:00,REV
LONG,1.372540,1.360900,-0.011640,2010-11-29T00:02:00+00:00,2010-11-30T02:30:00+00:00,REV
SHORT,1.360900,1.361340,-0.000440,2010-11-30T02:30:00+00:00,2010-12-02T02:30:00+00:00,REV
LONG,1.361340,1.351900,-0.009440,2010-12-02T02:30:00+00:00,2010-12-02T19:51:00+00:00,REV
SHORT,1.351900,1.349740,0.002160,2010-12-02T19:51:00+00:00,2010-12-08T00:44:00+00:00,REV
LONG,1.349740,1.345900,-0.003840,2010-12-08T00:44:00+00:00,2010-12-09T10:09:00+00:00,REV
SHORT,1.345900,1.347040,-0.001140,2010-12-09T10:09:00+00:00,2010-12-14T08:39:00+00:00,REV
LONG,1.347040,1.338000,-0.009040,2010-12-14T08:39:00+00:00,2010-12-15T23:57:00+00:00,REV
SHORT,1.338000,1.341640,-0.003640,2010-12-15T23:57:00+00:00,2010-12-17T07:40:00+00:00,REV
LONG,1.341640,1.336600,-0.005040,2010-12-17T07:40:00+00:00,2010-12-17T17:34:00+00:00,REV
SHORT,1.336600,1.334440,0.002160,2010-12-17T17:34:00+00:00,2010-12-20T00:17:00+00:00,REV
LONG,1.334440,1.318600,-0.015840,2010-12-20T00:17:00+00:00,2010-12-21T15:10:00+00:00,REV
SHORT,1.318600,1.309440,0.009160,2010-12-21T15:10:00+00:00,2010-12-27T00:04:00+00:00,REV
LONG,1.309440,1.306300,-0.003140,2010-12-27T00:04:00+00:00,2010-12-28T14:36:00+00:00,REV
SHORT,1.306300,1.300740,0.005560,2010-12-28T14:36:00+00:00,2010-12-30T03:12:00+00:00,REV
LONG,1.300740,1.303000,0.002260,2010-12-30T03:12:00+00:00,2011-01-03T05:26:00+00:00,REV
SHORT,1.303000,1.314840,-0.011840,2011-01-03T05:26:00+00:00,2011-01-04T00:58:00+00:00,REV
LONG,1.314840,1.313800,-0.001040,2011-01-04T00:58:00+00:00,2011-01-06T10:21:00+00:00,REV
SHORT,1.313800,1.296940,0.016860,2011-01-06T10:21:00+00:00,2011-01-10T00:00:00+00:00,REV
LONG,1.296940,1.295600,-0.001340,2011-01-10T00:00:00+00:00,2011-01-10T00:34:00+00:00,REV
SHORT,1.295600,1.306440,-0.010840,2011-01-10T00:34:00+00:00,2011-01-11T03:02:00+00:00,REV
LONG,1.306440,1.350400,0.043960,2011-01-11T03:02:00+00:00,2011-01-17T00:00:00+00:00,REV
SHORT,1.350400,1.347140,0.003260,2011-01-17T00:00:00+00:00,2011-01-19T21:57:00+00:00,REV
LONG,1.347140,1.370500,0.023360,2011-01-19T21:57:00+00:00,2011-01-28T18:40:00+00:00,REV
SHORT,1.370500,1.373340,-0.002840,2011-01-28T18:40:00+00:00,2011-01-31T00:00:00+00:00,REV
LONG,1.373340,1.368900,-0.004440,2011-01-31T00:00:00+00:00,2011-01-31T07:53:00+00:00,REV
SHORT,1.368900,1.343940,0.024960,2011-01-31T07:53:00+00:00,2011-02-08T12:48:00+00:00,REV
LONG,1.343940,1.352700,0.008760,2011-02-08T12:48:00+00:00,2011-02-11T15:29:00+00:00,REV
SHORT,1.352700,1.354140,-0.001440,2011-02-11T15:29:00+00:00,2011-02-15T21:17:00+00:00,REV
LONG,1.354140,1.348800,-0.005340,2011-02-15T21:17:00+00:00,2011-02-17T10:26:00+00:00,REV
SHORT,1.348800,1.351040,-0.002240,2011-02-17T10:26:00+00:00,2011-02-21T00:00:00+00:00,REV
LONG,1.351040,1.349300,-0.001740,2011-02-21T00:00:00+00:00,2011-02-21T00:02:00+00:00,REV
SHORT,1.349300,1.357040,-0.007740,2011-02-21T00:02:00+00:00,2011-02-22T00:10:00+00:00,REV
LONG,1.357040,1.364500,0.007460,2011-02-22T00:10:00+00:00,2011-02-24T16:10:00+00:00,REV
SHORT,1.364500,1.360940,0.003560,2011-02-24T16:10:00+00:00,2011-03-02T03:50:00+00:00,REV
LONG,1.360940,1.375900,0.014960,2011-03-02T03:50:00+00:00,2011-03-08T12:03:00+00:00,REV
SHORT,1.375900,1.379840,-0.003940,2011-03-08T12:03:00+00:00,2011-03-10T05:00:00+00:00,REV
LONG,1.379840,1.374800,-0.005040,2011-03-10T05:00:00+00:00,2011-03-11T15:33:00+00:00,REV
SHORT,1.374800,1.383440,-0.008640,2011-03-11T15:33:00+00:00,2011-03-14T05:31:00+00:00,REV
LONG,1.383440,1.412200,0.028760,2011-03-14T05:31:00+00:00,2011-03-18T03:24:00+00:00,REV
SHORT,1.412200,1.375440,0.036760,2011-03-18T03:24:00+00:00,2011-03-29T00:20:00+00:00,REV
LONG,1.375440,1.367900,-0.007540,2011-03-29T00:20:00+00:00,2011-03-30T06:32:00+00:00,REV
SHORT,1.367900,1.371740,-0.003840,2011-03-30T06:32:00+00:00,2011-03-31T10:09:00+00:00,REV
LONG,1.371740,1.365800,-0.005940,2011-03-31T10:09:00+00:00,2011-04-01T13:47:00+00:00,REV
SHORT,1.365800,1.376140,-0.010340,2011-04-01T13:47:00+00:00,2011-04-05T13:00:00+00:00,REV
LONG,1.376140,1.370400,-0.005740,2011-04-05T13:00:00+00:00,2011-04-07T04:30:00+00:00,REV
SHORT,1.370400,1.372740,-0.002340,2011-04-07T04:30:00+00:00,2011-04-11T19:18:00+00:00,REV
LONG,1.372740,1.373500,0.000760,2011-04-11T19:18:00+00:00,2011-04-14T12:54:00+00:00,REV
SHORT,1.373500,1.358040,0.015460,2011-04-14T12:54:00+00:00,2011-04-25T07:43:00+00:00,REV
LONG,1.358040,1.355500,-0.002540,2011-04-25T07:43:00+00:00,2011-04-27T04:30:00+00:00,REV
SHORT,1.355500,1.361640,-0.006140,2011-04-27T04:30:00+00:00,2011-04-29T08:39:00+00:00,REV
LONG,1.361640,1.355200,-0.006440,2011-04-29T08:39:00+00:00,2011-04-29T17:40:00+00:00,REV
SHORT,1.355200,1.357340,-0.002140,2011-04-29T17:40:00+00:00,2011-05-03T07:36:00+00:00,REV
LONG,1.357340,1.368100,0.010760,2011-05-03T07:36:00+00:00,2011-05-06T04:06:00+00:00,REV
SHORT,1.368100,1.332640,0.035460,2011-05-06T04:06:00+00:00,2011-05-12T04:30:00+00:00,REV
LONG,1.332640,1.331800,-0.000840,2011-05-12T04:30:00+00:00,2011-05-16T00:00:00+00:00,REV
SHORT,1.331800,1.340140,-0.008340,2011-05-16T00:00:00+00:00,2011-05-16T13:12:00+00:00,REV
LONG,1.340140,1.338700,-0.001440,2011-05-16T13:12:00+00:00,2011-05-19T03:28:00+00:00,REV
SHORT,1.338700,1.344940,-0.006240,2011-05-19T03:28:00+00:00,2011-05-20T00:39:00+00:00,REV
LONG,1.344940,1.335500,-0.009440,2011-05-20T00:39:00+00:00,2011-05-20T13:14:00+00:00,REV
SHORT,1.335500,1.337440,-0.001940,2011-05-20T13:14:00+00:00,2011-05-24T00:18:00+00:00,REV
LONG,1.337440,1.333600,-0.003840,2011-05-24T00:18:00+00:00,2011-05-26T17:15:00+00:00,REV
SHORT,1.333600,1.337440,-0.003840,2011-05-26T17:15:00+00:00,2011-05-31T01:57:00+00:00,REV
LONG,1.337440,1.358400,0.020960,2011-05-31T01:57:00+00:00,2011-06-07T00:53:00+00:00,REV
SHORT,1.358400,1.365240,-0.006840,2011-06-07T00:53:00+00:00,2011-06-07T07:41:00+00:00,REV
LONG,1.365240,1.369000,0.003760,2011-06-07T07:41:00+00:00,2011-06-09T16:19:00+00:00,REV
SHORT,1.369000,1.347440,0.021560,2011-06-09T16:19:00+00:00,2011-06-17T12:05:00+00:00,REV
LONG,1.347440,1.353400,0.005960,2011-06-17T12:05:00+00:00,2011-06-23T10:02:00+00:00,REV
SHORT,1.353400,1.354940,-0.001540,2011-06-23T10:02:00+00:00,2011-06-27T07:46:00+00:00,REV
LONG,1.354940,1.361800,0.006860,2011-06-27T07:46:00+00:00,2011-06-29T00:35:00+00:00,REV
SHORT,1.361800,1.355340,0.006460,2011-06-29T00:35:00+00:00,2011-07-01T04:05:00+00:00,REV
LONG,1.355340,1.346600,-0.008740,2011-07-01T04:05:00+00:00,2011-07-01T20:39:00+00:00,REV
SHORT,1.346600,1.356140,-0.009540,2011-07-01T20:39:00+00:00,2011-07-05T07:45:00+00:00,REV
LONG,1.356140,1.347700,-0.008440,2011-07-05T07:45:00+00:00,2011-07-05T21:59:00+00:00,REV
SHORT,1.347700,1.320740,0.026960,2011-07-05T21:59:00+00:00,2011-07-14T00:59:00+00:00,REV
LONG,1.320740,1.321400,0.000660,2011-07-14T00:59:00+00:00,2011-07-19T19:24:00+00:00,REV
SHORT,1.321400,1.325140,-0.003740,2011-07-19T19:24:00+00:00,2011-07-21T02:13:00+00:00,REV
LONG,1.325140,1.320800,-0.004340,2011-07-21T02:13:00+00:00,2011-07-22T16:55:00+00:00,REV
SHORT,1.320800,1.304640,0.016160,2011-07-22T16:55:00+00:00,2011-07-29T05:45:00+00:00,REV
LONG,1.304640,1.300200,-0.004440,2011-07-29T05:45:00+00:00,2011-08-01T03:33:00+00:00,REV
SHORT,1.300200,1.308140,-0.007940,2011-08-01T03:33:00+00:00,2011-08-02T14:14:00+00:00,REV
LONG,1.308140,1.381900,0.073760,2011-08-02T14:14:00+00:00,2011-08-11T19:56:00+00:00,REV
SHORT,1.381900,1.376740,0.005160,2011-08-11T19:56:00+00:00,2011-08-18T11:05:00+00:00,REV
LONG,1.376740,1.376000,-0.000740,2011-08-18T11:05:00+00:00,2011-08-22T20:07:00+00:00,REV
SHORT,1.376000,1.379240,-0.003240,2011-08-22T20:07:00+00:00,2011-08-25T04:10:00+00:00,REV
LONG,1.379240,1.371400,-0.007840,2011-08-25T04:10:00+00:00,2011-08-26T03:45:00+00:00,REV
SHORT,1.371400,1.335640,0.035760,2011-08-26T03:45:00+00:00,2011-09-05T00:51:00+00:00,REV
LONG,1.335640,1.332700,-0.002940,2011-09-05T00:51:00+00:00,2011-09-06T15:49:00+00:00,REV
SHORT,1.332700,1.314340,0.018360,2011-09-06T15:49:00+00:00,2011-09-12T10:00:00+00:00,REV
LONG,1.314340,1.335400,0.021060,2011-09-12T10:00:00+00:00,2011-09-16T10:31:00+00:00,REV
SHORT,1.335400,1.340540,-0.005140,2011-09-16T10:31:00+00:00,2011-09-21T17:37:00+00:00,REV
LONG,1.340540,1.371600,0.031060,2011-09-21T17:37:00+00:00,2011-09-26T05:25:00+00:00,REV
SHORT,1.371600,1.388240,-0.016640,2011-09-26T05:25:00+00:00,2011-09-26T09:14:00+00:00,REV
LONG,1.388240,1.371200,-0.017040,2011-09-26T09:14:00+00:00,2011-09-27T08:27:00+00:00,REV
SHORT,1.371200,1.379240,-0.008040,2011-09-27T08:27:00+00:00,2011-09-28T20:08:00+00:00,REV
LONG,1.379240,1.380300,0.001060,2011-09-28T20:08:00+00:00,2011-09-30T17:19:00+00:00,REV
SHORT,1.380300,1.388140,-0.007840,2011-09-30T17:19:00+00:00,2011-10-04T03:15:00+00:00,REV
LONG,1.388140,1.381900,-0.006240,2011-10-04T03:15:00+00:00,2011-10-05T22:39:00+00:00,REV
SHORT,1.381900,1.373340,0.008560,2011-10-05T22:39:00+00:00,2011-10-12T03:32:00+00:00,REV
LONG,1.373340,1.362700,-0.010640,2011-10-12T03:32:00+00:00,2011-10-12T12:09:00+00:00,REV
SHORT,1.362700,1.353040,0.009660,2011-10-12T12:09:00+00:00,2011-10-18T00:01:00+00:00,REV
LONG,1.353040,1.338900,-0.014140,2011-10-18T00:01:00+00:00,2011-10-18T22:10:00+00:00,REV
SHORT,1.338900,1.346240,-0.007340,2011-10-18T22:10:00+00:00,2011-10-20T04:30:00+00:00,REV
LONG,1.346240,1.338500,-0.007740,2011-10-20T04:30:00+00:00,2011-10-21T23:53:00+00:00,REV
SHORT,1.338500,1.334140,0.004360,2011-10-21T23:53:00+00:00,2011-10-26T00:00:00+00:00,REV
LONG,1.334140,1.332300,-0.001840,2011-10-26T00:00:00+00:00,2011-10-27T05:00:00+00:00,REV
SHORT,1.332300,1.329540,0.002760,2011-10-27T05:00:00+00:00,2011-10-31T04:51:00+00:00,REV
LONG,1.329540,1.319900,-0.009640,2011-10-31T04:51:00+00:00,2011-10-31T15:35:00+00:00,REV
SHORT,1.319900,1.329740,-0.009840,2011-10-31T15:35:00+00:00,2011-11-02T13:00:00+00:00,REV
LONG,1.329740,1.319100,-0.010640,2011-11-02T13:00:00+00:00,2011-11-03T15:51:00+00:00,REV
SHORT,1.319100,1.329140,-0.010040,2011-11-03T15:51:00+00:00,2011-11-07T03:46:00+00:00,REV
LONG,1.329140,1.334700,0.005560,2011-11-07T03:46:00+00:00,2011-11-14T00:00:00+00:00,REV
SHORT,1.334700,1.336440,-0.001740,2011-11-14T00:00:00+00:00,2011-11-17T01:13:00+00:00,REV
LONG,1.336440,1.371800,0.035360,2011-11-17T01:13:00+00:00,2011-11-24T11:10:00+00:00,REV
SHORT,1.371800,1.313610,0.058190,2011-11-24T11:10:00+00:00,2011-12-06T06:52:00+00:00,REV
LONG,1.313610,1.304130,-0.009480,2011-12-06T06:52:00+00:00,2011-12-07T12:41:00+00:00,REV
SHORT,1.304130,1.309920,-0.005790,2011-12-07T12:41:00+00:00,2011-12-08T19:39:00+00:00,REV
LONG,1.309920,1.307630,-0.002290,2011-12-08T19:39:00+00:00,2011-12-12T21:17:00+00:00,REV
SHORT,1.307630,1.312280,-0.004650,2011-12-12T21:17:00+00:00,2011-12-14T21:54:00+00:00,REV
LONG,1.312280,1.304860,-0.007420,2011-12-14T21:54:00+00:00,2011-12-16T08:32:00+00:00,REV
SHORT,1.304860,1.312390,-0.007530,2011-12-16T08:32:00+00:00,2011-12-19T05:02:00+00:00,REV
LONG,1.312390,1.305080,-0.007310,2011-12-19T05:02:00+00:00,2011-12-20T16:19:00+00:00,REV
SHORT,1.305080,1.287400,0.017680,2011-12-20T16:19:00+00:00,2011-12-27T03:48:00+00:00,REV
LONG,1.287400,1.283050,-0.004350,2011-12-27T03:48:00+00:00,2011-12-28T13:00:00+00:00,REV
SHORT,1.283050,1.240730,0.042320,2011-12-28T13:00:00+00:00,2012-01-12T17:08:00+00:00,REV
LONG,1.240730,1.229770,-0.010960,2012-01-12T17:08:00+00:00,2012-01-13T22:04:00+00:00,REV
SHORT,1.229770,1.229270,0.000500,2012-01-13T22:04:00+00:00,2012-01-18T04:06:00+00:00,REV
LONG,1.229270,1.229000,-0.000270,2012-01-18T04:06:00+00:00,2012-01-23T00:00:00+00:00,REV
SHORT,1.229000,1.238050,-0.009050,2012-01-23T00:00:00+00:00,2012-01-24T04:30:00+00:00,REV
LONG,1.238050,1.235640,-0.002410,2012-01-24T04:30:00+00:00,2012-01-25T20:08:00+00:00,REV
SHORT,1.235640,1.237810,-0.002170,2012-01-25T20:08:00+00:00,2012-01-27T18:42:00+00:00,REV
LONG,1.237810,1.237710,-0.000100,2012-01-27T18:42:00+00:00,2012-01-31T10:09:00+00:00,REV
SHORT,1.237710,1.230240,0.007470,2012-01-31T10:09:00+00:00,2012-02-03T07:10:00+00:00,REV
LONG,1.230240,1.223290,-0.006950,2012-02-03T07:10:00+00:00,2012-02-03T15:53:00+00:00,REV
SHORT,1.223290,1.224690,-0.001400,2012-02-03T15:53:00+00:00,2012-02-07T00:00:00+00:00,REV
LONG,1.224690,1.217910,-0.006780,2012-02-07T00:00:00+00:00,2012-02-07T05:30:00+00:00,REV
SHORT,1.217910,1.228450,-0.010540,2012-02-07T05:30:00+00:00,2012-02-08T02:44:00+00:00,REV
LONG,1.228450,1.231070,0.002620,2012-02-08T02:44:00+00:00,2012-02-13T17:07:00+00:00,REV
SHORT,1.231070,1.222810,0.008260,2012-02-13T17:07:00+00:00,2012-02-17T14:27:00+00:00,REV
LONG,1.222810,1.243680,0.020870,2012-02-17T14:27:00+00:00,2012-02-27T19:24:00+00:00,REV
SHORT,1.243680,1.234680,0.009000,2012-02-27T19:24:00+00:00,2012-03-05T10:33:00+00:00,REV
LONG,1.234680,1.240920,0.006240,2012-03-05T10:33:00+00:00,2012-03-08T07:57:00+00:00,REV
SHORT,1.240920,1.248650,-0.007730,2012-03-08T07:57:00+00:00,2012-03-08T16:55:00+00:00,REV
LONG,1.248650,1.238950,-0.009700,2012-03-08T16:55:00+00:00,2012-03-09T15:30:00+00:00,REV
SHORT,1.238950,1.249150,-0.010200,2012-03-09T15:30:00+00:00,2012-03-12T15:26:00+00:00,REV
LONG,1.249150,1.240360,-0.008790,2012-03-12T15:26:00+00:00,2012-03-13T23:25:00+00:00,REV
SHORT,1.240360,1.245750,-0.005390,2012-03-13T23:25:00+00:00,2012-03-19T17:44:00+00:00,REV
LONG,1.245750,1.265330,0.019580,2012-03-19T17:44:00+00:00,2012-03-26T01:05:00+00:00,REV
SHORT,1.265330,1.270470,-0.005140,2012-03-26T01:05:00+00:00,2012-03-27T06:09:00+00:00,REV
LONG,1.270470,1.278330,0.007860,2012-03-27T06:09:00+00:00,2012-04-02T00:00:00+00:00,REV
SHORT,1.278330,1.286620,-0.008290,2012-04-02T00:00:00+00:00,2012-04-03T12:33:00+00:00,REV
LONG,1.286620,1.276950,-0.009670,2012-04-03T12:33:00+00:00,2012-04-05T06:34:00+00:00,REV
SHORT,1.276950,1.272930,0.004020,2012-04-05T06:34:00+00:00,2012-04-10T01:34:00+00:00,REV
LONG,1.272930,1.270580,-0.002350,2012-04-10T01:34:00+00:00,2012-04-12T02:15:00+00:00,REV
SHORT,1.270580,1.268780,0.001800,2012-04-12T02:15:00+00:00,2012-04-16T23:00:00+00:00,REV
LONG,1.268780,1.259910,-0.008870,2012-04-16T23:00:00+00:00,2012-04-18T12:31:00+00:00,REV
SHORT,1.259910,1.267840,-0.007930,2012-04-18T12:31:00+00:00,2012-04-19T15:56:00+00:00,REV
LONG,1.267840,1.275520,0.007680,2012-04-19T15:56:00+00:00,2012-04-26T00:09:00+00:00,REV
SHORT,1.275520,1.271670,0.003850,2012-04-26T00:09:00+00:00,2012-05-01T04:35:00+00:00,REV
LONG,1.271670,1.279950,0.008280,2012-05-01T04:35:00+00:00,2012-05-07T05:06:00+00:00,REV
SHORT,1.279950,1.283760,-0.003810,2012-05-07T05:06:00+00:00,2012-05-08T12:00:00+00:00,REV
LONG,1.283760,1.284320,0.000560,2012-05-08T12:00:00+00:00,2012-05-10T04:30:00+00:00,REV
SHORT,1.284320,1.288620,-0.004300,2012-05-10T04:30:00+00:00,2012-05-11T09:20:00+00:00,REV
LONG,1.288620,1.284390,-0.004230,2012-05-11T09:20:00+00:00,2012-05-15T09:07:00+00:00,REV
SHORT,1.284390,1.284440,-0.000050,2012-05-15T09:07:00+00:00,2012-05-18T03:03:00+00:00,REV
LONG,1.284440,1.291680,0.007240,2012-05-18T03:03:00+00:00,2012-05-22T02:04:00+00:00,REV
SHORT,1.291680,1.293760,-0.002080,2012-05-22T02:04:00+00:00,2012-05-23T00:07:00+00:00,REV
LONG,1.293760,1.288100,-0.005660,2012-05-23T00:07:00+00:00,2012-05-24T05:50:00+00:00,REV
SHORT,1.288100,1.276630,0.011470,2012-05-24T05:50:00+00:00,2012-05-31T03:06:00+00:00,REV
LONG,1.276630,1.268410,-0.008220,2012-05-31T03:06:00+00:00,2012-05-31T22:25:00+00:00,REV
SHORT,1.268410,1.277880,-0.009470,2012-05-31T22:25:00+00:00,2012-06-01T11:34:00+00:00,REV
LONG,1.277880,1.279190,0.001310,2012-06-01T11:34:00+00:00,2012-06-05T08:26:00+00:00,REV
SHORT,1.279190,1.271780,0.007410,2012-06-05T08:26:00+00:00,2012-06-08T04:09:00+00:00,REV
LONG,1.271780,1.259470,-0.012310,2012-06-08T04:09:00+00:00,2012-06-08T22:45:00+00:00,REV
SHORT,1.259470,1.265140,-0.005670,2012-06-08T22:45:00+00:00,2012-06-14T11:27:00+00:00,REV
LONG,1.265140,1.259130,-0.006010,2012-06-14T11:27:00+00:00,2012-06-15T01:52:00+00:00,REV
SHORT,1.259130,1.248310,0.010820,2012-06-15T01:52:00+00:00,2012-06-20T17:03:00+00:00,REV
LONG,1.248310,1.243470,-0.004840,2012-06-20T17:03:00+00:00,2012-06-21T02:48:00+00:00,REV
SHORT,1.243470,1.249040,-0.005570,2012-06-21T02:48:00+00:00,2012-06-21T20:26:00+00:00,REV
LONG,1.249040,1.246680,-0.002360,2012-06-21T20:26:00+00:00,2012-06-26T08:45:00+00:00,REV
SHORT,1.246680,1.241990,0.004690,2012-06-26T08:45:00+00:00,2012-06-29T06:01:00+00:00,REV
LONG,1.241990,1.233510,-0.008480,2012-06-29T06:01:00+00:00,2012-07-02T09:12:00+00:00,REV
SHORT,1.233510,1.208620,0.024890,2012-07-02T09:12:00+00:00,2012-07-09T10:55:00+00:00,REV
LONG,1.208620,1.200970,-0.007650,2012-07-09T10:55:00+00:00,2012-07-10T15:22:00+00:00,REV
SHORT,1.200970,1.203780,-0.002810,2012-07-10T15:22:00+00:00,2012-07-12T10:30:00+00:00,REV
LONG,1.203780,1.195810,-0.007970,2012-07-12T10:30:00+00:00,2012-07-16T00:44:00+00:00,REV
SHORT,1.195810,1.179200,0.016610,2012-07-16T00:44:00+00:00,2012-07-23T16:42:00+00:00,REV
LONG,1.179200,1.176290,-0.002910,2012-07-23T16:42:00+00:00,2012-07-26T05:03:00+00:00,REV
SHORT,1.176290,1.184530,-0.008240,2012-07-26T05:03:00+00:00,2012-07-27T17:24:00+00:00,REV
LONG,1.184530,1.173830,-0.010700,2012-07-27T17:24:00+00:00,2012-07-27T23:04:00+00:00,REV
SHORT,1.173830,1.171750,0.002080,2012-07-27T23:04:00+00:00,2012-08-01T00:06:00+00:00,REV
LONG,1.171750,1.167760,-0.003990,2012-08-01T00:06:00+00:00,2012-08-02T05:16:00+00:00,REV
SHORT,1.167760,1.172840,-0.005080,2012-08-02T05:16:00+00:00,2012-08-03T18:59:00+00:00,REV
LONG,1.172840,1.170350,-0.002490,2012-08-03T18:59:00+00:00,2012-08-07T07:33:00+00:00,REV
SHORT,1.170350,1.169240,0.001110,2012-08-07T07:33:00+00:00,2012-08-13T14:44:00+00:00,REV
LONG,1.169240,1.171820,0.002580,2012-08-13T14:44:00+00:00,2012-08-15T15:38:00+00:00,REV
SHORT,1.171820,1.178070,-0.006250,2012-08-15T15:38:00+00:00,2012-08-17T07:40:00+00:00,REV
LONG,1.178070,1.200160,0.022090,2012-08-17T07:40:00+00:00,2012-08-27T00:00:00+00:00,REV
SHORT,1.200160,1.206940,-0.006780,2012-08-27T00:00:00+00:00,2012-08-28T02:15:00+00:00,REV
LONG,1.206940,1.226220,0.019280,2012-08-28T02:15:00+00:00,2012-09-06T17:01:00+00:00,REV
SHORT,1.226220,1.234990,-0.008770,2012-09-06T17:01:00+00:00,2012-09-10T00:00:00+00:00,REV
LONG,1.234990,1.231540,-0.003450,2012-09-10T00:00:00+00:00,2012-09-11T14:21:00+00:00,REV
SHORT,1.231540,1.234160,-0.002620,2012-09-11T14:21:00+00:00,2012-09-13T08:51:00+00:00,REV
LONG,1.234160,1.247340,0.013180,2012-09-13T08:51:00+00:00,2012-09-19T00:01:00+00:00,REV
SHORT,1.247340,1.243980,0.003360,2012-09-19T00:01:00+00:00,2012-09-24T04:00:00+00:00,REV
LONG,1.243980,1.238460,-0.005520,2012-09-24T04:00:00+00:00,2012-09-25T08:19:00+00:00,REV
SHORT,1.238460,1.243380,-0.004920,2012-09-25T08:19:00+00:00,2012-09-26T01:25:00+00:00,REV
LONG,1.243380,1.239830,-0.003550,2012-09-26T01:25:00+00:00,2012-09-27T04:33:00+00:00,REV
SHORT,1.239830,1.242150,-0.002320,2012-09-27T04:33:00+00:00,2012-09-28T16:42:00+00:00,REV
LONG,1.242150,1.269320,0.027170,2012-09-28T16:42:00+00:00,2012-10-09T03:06:00+00:00,REV
SHORT,1.269320,1.260720,0.008600,2012-10-09T03:06:00+00:00,2012-10-12T01:55:00+00:00,REV
LONG,1.260720,1.262970,0.002250,2012-10-12T01:55:00+00:00,2012-10-18T00:00:00+00:00,REV
SHORT,1.262970,1.262730,0.000240,2012-10-18T00:00:00+00:00,2012-10-22T01:21:00+00:00,REV
LONG,1.262730,1.261740,-0.000990,2012-10-22T01:21:00+00:00,2012-10-24T03:30:00+00:00,REV
SHORT,1.261740,1.254180,0.007560,2012-10-24T03:30:00+00:00,2012-10-26T06:55:00+00:00,REV
LONG,1.254180,1.248700,-0.005480,2012-10-26T06:55:00+00:00,2012-10-26T13:43:00+00:00,REV
SHORT,1.248700,1.249770,-0.001070,2012-10-26T13:43:00+00:00,2012-10-30T16:19:00+00:00,REV
LONG,1.249770,1.247200,-0.002570,2012-10-30T16:19:00+00:00,2012-11-01T11:52:00+00:00,REV
SHORT,1.247200,1.221490,0.025710,2012-11-01T11:52:00+00:00,2012-11-14T13:41:00+00:00,REV
LONG,1.221490,1.230710,0.009220,2012-11-14T13:41:00+00:00,2012-11-19T00:15:00+00:00,REV
SHORT,1.230710,1.232050,-0.001340,2012-11-19T00:15:00+00:00,2012-11-20T12:14:00+00:00,REV
LONG,1.232050,1.238360,0.006310,2012-11-20T12:14:00+00:00,2012-11-27T03:41:00+00:00,REV
SHORT,1.238360,1.239490,-0.001130,2012-11-27T03:41:00+00:00,2012-11-29T09:59:00+00:00,REV
LONG,1.239490,1.247190,0.007700,2012-11-29T09:59:00+00:00,2012-12-06T02:41:00+00:00,REV
SHORT,1.247190,1.234310,0.012880,2012-12-06T02:41:00+00:00,2012-12-11T00:12:00+00:00,REV
LONG,1.234310,1.233250,-0.001060,2012-12-11T00:12:00+00:00,2012-12-12T11:04:00+00:00,REV
SHORT,1.233250,1.239200,-0.005950,2012-12-12T11:04:00+00:00,2012-12-13T00:00:00+00:00,REV
LONG,1.239200,1.273940,0.034740,2012-12-13T00:00:00+00:00,2012-12-28T10:26:00+00:00,REV
SHORT,1.273940,1.250890,0.023050,2012-12-28T10:26:00+00:00,2013-01-08T04:28:00+00:00,REV
LONG,1.250890,1.244850,-0.006040,2013-01-08T04:28:00+00:00,2013-01-09T00:30:00+00:00,REV
SHORT,1.244850,1.246750,-0.001900,2013-01-09T00:30:00+00:00,2013-01-10T15:57:00+00:00,REV
LONG,1.246750,1.262240,0.015490,2013-01-10T15:57:00+00:00,2013-01-15T19:30:00+00:00,REV
SHORT,1.262240,1.262350,-0.000110,2013-01-15T19:30:00+00:00,2013-01-17T03:12:00+00:00,REV
LONG,1.262350,1.264900,0.002550,2013-01-17T03:12:00+00:00,2013-01-21T10:54:00+00:00,REV
SHORT,1.264900,1.268300,-0.003400,2013-01-21T10:54:00+00:00,2013-01-22T06:02:00+00:00,REV
LONG,1.268300,1.263750,-0.004550,2013-01-22T06:02:00+00:00,2013-01-22T09:49:00+00:00,REV
SHORT,1.263750,1.265130,-0.001380,2013-01-22T09:49:00+00:00,2013-01-24T03:04:00+00:00,REV
LONG,1.265130,1.288980,0.023850,2013-01-24T03:04:00+00:00,2013-01-29T02:31:00+00:00,REV
SHORT,1.288980,1.292440,-0.003460,2013-01-29T02:31:00+00:00,2013-01-30T10:27:00+00:00,REV
LONG,1.292440,1.301340,0.008900,2013-01-30T10:27:00+00:00,2013-02-04T12:54:00+00:00,REV
SHORT,1.301340,1.308780,-0.007440,2013-02-04T12:54:00+00:00,2013-02-06T00:19:00+00:00,REV
LONG,1.308780,1.305500,-0.003280,2013-02-06T00:19:00+00:00,2013-02-07T15:47:00+00:00,REV
SHORT,1.305500,1.305430,0.000070,2013-02-07T15:47:00+00:00,2013-02-11T14:23:00+00:00,REV
LONG,1.305430,1.303240,-0.002190,2013-02-11T14:23:00+00:00,2013-02-13T01:30:00+00:00,REV
SHORT,1.303240,1.298360,0.004880,2013-02-13T01:30:00+00:00,2013-02-18T00:18:00+00:00,REV
LONG,1.298360,1.293310,-0.005050,2013-02-18T00:18:00+00:00,2013-02-19T02:09:00+00:00,REV
SHORT,1.293310,1.296350,-0.003040,2013-02-19T02:09:00+00:00,2013-02-20T02:10:00+00:00,REV
LONG,1.296350,1.292270,-0.004080,2013-02-20T02:10:00+00:00,2013-02-21T09:11:00+00:00,REV
SHORT,1.292270,1.288530,0.003740,2013-02-21T09:11:00+00:00,2013-02-25T14:43:00+00:00,REV
LONG,1.288530,1.274200,-0.014330,2013-02-25T14:43:00+00:00,2013-02-25T21:00:00+00:00,REV
SHORT,1.274200,1.281100,-0.006900,2013-02-25T21:00:00+00:00,2013-02-27T09:59:00+00:00,REV
LONG,1.281100,1.276150,-0.004950,2013-02-27T09:59:00+00:00,2013-03-01T11:06:00+00:00,REV
SHORT,1.276150,1.280700,-0.004550,2013-03-01T11:06:00+00:00,2013-03-04T03:45:00+00:00,REV
LONG,1.280700,1.274990,-0.005710,2013-03-04T03:45:00+00:00,2013-03-05T02:34:00+00:00,REV
SHORT,1.274990,1.273130,0.001860,2013-03-05T02:34:00+00:00,2013-03-07T15:35:00+00:00,REV
LONG,1.273130,1.266640,-0.006490,2013-03-07T15:35:00+00:00,2013-03-08T16:07:00+00:00,REV
SHORT,1.266640,1.259560,0.007080,2013-03-08T16:07:00+00:00,2013-03-15T13:00:00+00:00,REV
LONG,1.259560,1.246320,-0.013240,2013-03-15T13:00:00+00:00,2013-03-18T00:00:00+00:00,REV
SHORT,1.246320,1.246380,-0.000060,2013-03-18T00:00:00+00:00,2013-03-25T02:41:00+00:00,REV
LONG,1.246380,1.234750,-0.011630,2013-03-25T02:41:00+00:00,2013-03-25T16:32:00+00:00,REV
SHORT,1.234750,1.228390,0.006360,2013-03-25T16:32:00+00:00,2013-03-28T10:03:00+00:00,REV
LONG,1.228390,1.228350,-0.000040,2013-03-28T10:03:00+00:00,2013-04-02T09:12:00+00:00,REV
SHORT,1.228350,1.229190,-0.000840,2013-04-02T09:12:00+00:00,2013-04-04T02:24:00+00:00,REV
LONG,1.229190,1.248210,0.019020,2013-04-04T02:24:00+00:00,2013-04-09T10:20:00+00:00,REV
SHORT,1.248210,1.244920,0.003290,2013-04-09T10:20:00+00:00,2013-04-12T17:42:00+00:00,REV
LONG,1.244920,1.262140,0.017220,2013-04-12T17:42:00+00:00,2013-04-18T14:46:00+00:00,REV
SHORT,1.262140,1.271080,-0.008940,2013-04-18T14:46:00+00:00,2013-04-19T16:31:00+00:00,REV
LONG,1.271080,1.268310,-0.002770,2013-04-19T16:31:00+00:00,2013-04-23T10:53:00+00:00,REV
SHORT,1.268310,1.267990,0.000320,2013-04-23T10:53:00+00:00,2013-04-26T15:30:00+00:00,REV
LONG,1.267990,1.264070,-0.003920,2013-04-26T15:30:00+00:00,2013-04-30T04:29:00+00:00,REV
SHORT,1.264070,1.270270,-0.006200,2013-04-30T04:29:00+00:00,2013-04-30T16:45:00+00:00,REV
LONG,1.270270,1.272180,0.001910,2013-04-30T16:45:00+00:00,2013-05-03T06:11:00+00:00,REV
SHORT,1.272180,1.281510,-0.009330,2013-05-03T06:11:00+00:00,2013-05-07T07:30:00+00:00,REV
LONG,1.281510,1.299280,0.017770,2013-05-07T07:30:00+00:00,2013-05-15T15:34:00+00:00,REV
SHORT,1.299280,1.308620,-0.009340,2013-05-15T15:34:00+00:00,2013-05-16T09:27:00+00:00,REV
LONG,1.308620,1.311360,0.002740,2013-05-16T09:27:00+00:00,2013-05-21T08:33:00+00:00,REV
SHORT,1.311360,1.318340,-0.006980,2013-05-21T08:33:00+00:00,2013-05-21T17:02:00+00:00,REV
LONG,1.318340,1.338880,0.020540,2013-05-21T17:02:00+00:00,2013-05-28T06:30:00+00:00,REV
SHORT,1.338880,1.344700,-0.005820,2013-05-28T06:30:00+00:00,2013-05-29T04:35:00+00:00,REV
LONG,1.344700,1.346890,0.002190,2013-05-29T04:35:00+00:00,2013-06-03T14:26:00+00:00,REV
SHORT,1.346890,1.354360,-0.007470,2013-06-03T14:26:00+00:00,2013-06-04T11:50:00+00:00,REV
LONG,1.354360,1.399140,0.044780,2013-06-04T11:50:00+00:00,2013-06-12T10:29:00+00:00,REV
SHORT,1.399140,1.413050,-0.013910,2013-06-12T10:29:00+00:00,2013-06-13T04:29:00+00:00,REV
LONG,1.413050,1.387810,-0.025240,2013-06-13T04:29:00+00:00,2013-06-13T16:13:00+00:00,REV
SHORT,1.387810,1.395790,-0.007980,2013-06-13T16:13:00+00:00,2013-06-17T00:00:00+00:00,REV
LONG,1.395790,1.426650,0.030860,2013-06-17T00:00:00+00:00,2013-06-21T17:46:00+00:00,REV
SHORT,1.426650,1.407300,0.019350,2013-06-21T17:46:00+00:00,2013-06-28T02:15:00+00:00,REV
LONG,1.407300,1.412500,0.005200,2013-06-28T02:15:00+00:00,2013-07-03T04:33:00+00:00,REV
SHORT,1.412500,1.427320,-0.014820,2013-07-03T04:33:00+00:00,2013-07-03T08:29:00+00:00,REV
LONG,1.427320,1.412210,-0.015110,2013-07-03T08:29:00+00:00,2013-07-04T15:45:00+00:00,REV
SHORT,1.412210,1.418100,-0.005890,2013-07-04T15:45:00+00:00,2013-07-08T04:50:00+00:00,REV
LONG,1.418100,1.407350,-0.010750,2013-07-08T04:50:00+00:00,2013-07-09T09:46:00+00:00,REV
SHORT,1.407350,1.414810,-0.007460,2013-07-09T09:46:00+00:00,2013-07-10T21:48:00+00:00,REV
LONG,1.414810,1.430970,0.016160,2013-07-10T21:48:00+00:00,2013-07-16T03:19:00+00:00,REV
SHORT,1.430970,1.429730,0.001240,2013-07-16T03:19:00+00:00,2013-07-18T08:21:00+00:00,REV
LONG,1.429730,1.423580,-0.006150,2013-07-18T08:21:00+00:00,2013-07-23T02:15:00+00:00,REV
SHORT,1.423580,1.429500,-0.005920,2013-07-23T02:15:00+00:00,2013-07-24T04:30:00+00:00,REV
LONG,1.429500,1.421090,-0.008410,2013-07-24T04:30:00+00:00,2013-07-24T04:33:00+00:00,REV
SHORT,1.421090,1.444160,-0.023070,2013-07-24T04:33:00+00:00,2013-07-25T02:54:00+00:00,REV
LONG,1.444160,1.431730,-0.012430,2013-07-25T02:54:00+00:00,2013-07-26T08:21:00+00:00,REV
SHORT,1.431730,1.438090,-0.006360,2013-07-26T08:21:00+00:00,2013-07-29T13:06:00+00:00,REV
LONG,1.438090,1.484010,0.045920,2013-07-29T13:06:00+00:00,2013-08-06T00:27:00+00:00,REV
SHORT,1.484010,1.488690,-0.004680,2013-08-06T00:27:00+00:00,2013-08-07T11:37:00+00:00,REV
LONG,1.488690,1.476910,-0.011780,2013-08-07T11:37:00+00:00,2013-08-08T03:20:00+00:00,REV
SHORT,1.476910,1.455790,0.021120,2013-08-08T03:20:00+00:00,2013-08-13T01:03:00+00:00,REV
LONG,1.455790,1.453070,-0.002720,2013-08-13T01:03:00+00:00,2013-08-14T13:34:00+00:00,REV
SHORT,1.453070,1.460140,-0.007070,2013-08-14T13:34:00+00:00,2013-08-15T20:49:00+00:00,REV
LONG,1.460140,1.447340,-0.012800,2013-08-15T20:49:00+00:00,2013-08-19T02:38:00+00:00,REV
SHORT,1.447340,1.462970,-0.015630,2013-08-19T02:38:00+00:00,2013-08-19T19:36:00+00:00,REV
LONG,1.462970,1.478460,0.015490,2013-08-19T19:36:00+00:00,2013-08-22T15:48:00+00:00,REV
SHORT,1.478460,1.485560,-0.007100,2013-08-22T15:48:00+00:00,2013-08-27T03:01:00+00:00,REV
LONG,1.485560,1.488530,0.002970,2013-08-27T03:01:00+00:00,2013-08-29T03:16:00+00:00,REV
SHORT,1.488530,1.430270,0.058260,2013-08-29T03:16:00+00:00,2013-09-12T04:30:00+00:00,REV
LONG,1.430270,1.431750,0.001480,2013-09-12T04:30:00+00:00,2013-09-16T00:00:00+00:00,REV
SHORT,1.431750,1.434480,-0.002730,2013-09-16T00:00:00+00:00,2013-09-17T04:52:00+00:00,REV
LONG,1.434480,1.425770,-0.008710,2013-09-17T04:52:00+00:00,2013-09-18T10:52:00+00:00,REV
SHORT,1.425770,1.430060,-0.004290,2013-09-18T10:52:00+00:00,2013-09-19T17:34:00+00:00,REV
LONG,1.430060,1.430310,0.000250,2013-09-19T17:34:00+00:00,2013-09-23T16:24:00+00:00,REV
SHORT,1.430310,1.439360,-0.009050,2013-09-23T16:24:00+00:00,2013-09-25T09:43:00+00:00,REV
LONG,1.439360,1.445260,0.005900,2013-09-25T09:43:00+00:00,2013-10-01T07:32:00+00:00,REV
SHORT,1.445260,1.454430,-0.009170,2013-10-01T07:32:00+00:00,2013-10-03T19:00:00+00:00,REV
LONG,1.454430,1.445820,-0.008610,2013-10-03T19:00:00+00:00,2013-10-04T03:37:00+00:00,REV
SHORT,1.445820,1.441300,0.004520,2013-10-04T03:37:00+00:00,2013-10-09T00:12:00+00:00,REV
LONG,1.441300,1.430620,-0.010680,2013-10-09T00:12:00+00:00,2013-10-09T12:13:00+00:00,REV
SHORT,1.430620,1.438730,-0.008110,2013-10-09T12:13:00+00:00,2013-10-14T00:00:00+00:00,REV
LONG,1.438730,1.427280,-0.011450,2013-10-14T00:00:00+00:00,2013-10-15T01:34:00+00:00,REV
SHORT,1.427280,1.418840,0.008440,2013-10-15T01:34:00+00:00,2013-10-22T15:30:00+00:00,REV
LONG,1.418840,1.413300,-0.005540,2013-10-22T15:30:00+00:00,2013-10-23T04:32:00+00:00,REV
SHORT,1.413300,1.421210,-0.007910,2013-10-23T04:32:00+00:00,2013-10-23T07:00:00+00:00,REV
LONG,1.421210,1.444420,0.023210,2013-10-23T07:00:00+00:00,2013-10-31T04:01:00+00:00,REV
SHORT,1.444420,1.422140,0.022280,2013-10-31T04:01:00+00:00,2013-11-07T02:30:00+00:00,REV
LONG,1.422140,1.415990,-0.006150,2013-11-07T02:30:00+00:00,2013-11-07T14:45:00+00:00,REV
SHORT,1.415990,1.426570,-0.010580,2013-11-07T14:45:00+00:00,2013-11-11T10:41:00+00:00,REV
LONG,1.426570,1.439440,0.012870,2013-11-11T10:41:00+00:00,2013-11-14T00:17:00+00:00,REV
SHORT,1.439440,1.441860,-0.002420,2013-11-14T00:17:00+00:00,2013-11-19T02:29:00+00:00,REV
LONG,1.441860,1.432850,-0.009010,2013-11-19T02:29:00+00:00,2013-11-19T10:00:00+00:00,REV
SHORT,1.432850,1.443630,-0.010780,2013-11-19T10:00:00+00:00,2013-11-20T15:42:00+00:00,REV
LONG,1.443630,1.473250,0.029620,2013-11-20T15:42:00+00:00,2013-11-26T00:46:00+00:00,REV
SHORT,1.473250,1.484370,-0.011120,2013-11-26T00:46:00+00:00,2013-11-26T13:28:00+00:00,REV
LONG,1.484370,1.485840,0.001470,2013-11-26T13:28:00+00:00,2013-11-28T03:25:00+00:00,REV
SHORT,1.485840,1.497670,-0.011830,2013-11-28T03:25:00+00:00,2013-11-29T01:09:00+00:00,REV
LONG,1.497670,1.488230,-0.009440,2013-11-29T01:09:00+00:00,2013-12-02T00:00:00+00:00,REV
SHORT,1.488230,1.491700,-0.003470,2013-12-02T00:00:00+00:00,2013-12-03T05:30:00+00:00,REV
LONG,1.491700,1.501540,0.009840,2013-12-03T05:30:00+00:00,2013-12-09T03:45:00+00:00,REV
SHORT,1.501540,1.512220,-0.010680,2013-12-09T03:45:00+00:00,2013-12-10T00:59:00+00:00,REV
LONG,1.512220,1.541750,0.029530,2013-12-10T00:59:00+00:00,2013-12-19T12:20:00+00:00,REV
SHORT,1.541750,1.534980,0.006770,2013-12-19T12:20:00+00:00,2013-12-24T02:59:00+00:00,REV
LONG,1.534980,1.546800,0.011820,2013-12-24T02:59:00+00:00,2013-12-31T02:00:00+00:00,REV
SHORT,1.546800,1.524770,0.022030,2013-12-31T02:00:00+00:00,2014-01-07T02:39:00+00:00,REV
LONG,1.524770,1.522580,-0.002190,2014-01-07T02:39:00+00:00,2014-01-10T15:31:00+00:00,REV
SHORT,1.522580,1.521380,0.001200,2014-01-10T15:31:00+00:00,2014-01-14T13:47:00+00:00,REV
LONG,1.521380,1.540950,0.019570,2014-01-14T13:47:00+00:00,2014-01-20T00:45:00+00:00,REV
SHORT,1.540950,1.542380,-0.001430,2014-01-20T00:45:00+00:00,2014-01-22T02:23:00+00:00,REV
LONG,1.542380,1.533570,-0.008810,2014-01-22T02:23:00+00:00,2014-01-22T02:30:00+00:00,REV
SHORT,1.533570,1.542860,-0.009290,2014-01-22T02:30:00+00:00,2014-01-23T09:32:00+00:00,REV
LONG,1.542860,1.560090,0.017230,2014-01-23T09:32:00+00:00,2014-01-28T02:37:00+00:00,REV
SHORT,1.560090,1.565510,-0.005420,2014-01-28T02:37:00+00:00,2014-01-30T03:45:00+00:00,REV
LONG,1.565510,1.547360,-0.018150,2014-01-30T03:45:00+00:00,2014-01-30T15:01:00+00:00,REV
SHORT,1.547360,1.547730,-0.000370,2014-01-30T15:01:00+00:00,2014-02-04T02:16:00+00:00,REV
LONG,1.547730,1.530240,-0.017490,2014-02-04T02:16:00+00:00,2014-02-04T05:33:00+00:00,REV
SHORT,1.530240,1.519800,0.010440,2014-02-04T05:33:00+00:00,2014-02-07T03:03:00+00:00,REV
LONG,1.519800,1.520090,0.000290,2014-02-07T03:03:00+00:00,2014-02-11T03:00:00+00:00,REV
SHORT,1.520090,1.513860,0.006230,2014-02-11T03:00:00+00:00,2014-02-13T02:30:00+00:00,REV
LONG,1.513860,1.512490,-0.001370,2014-02-13T02:30:00+00:00,2014-02-17T00:00:00+00:00,REV
SHORT,1.512490,1.519410,-0.006920,2014-02-17T00:00:00+00:00,2014-02-18T02:30:00+00:00,REV
LONG,1.519410,1.511850,-0.007560,2014-02-18T02:30:00+00:00,2014-02-18T02:32:00+00:00,REV
SHORT,1.511850,1.525160,-0.013310,2014-02-18T02:32:00+00:00,2014-02-19T00:30:00+00:00,REV
LONG,1.525160,1.521560,-0.003600,2014-02-19T00:30:00+00:00,2014-02-24T17:54:00+00:00,REV
SHORT,1.521560,1.527680,-0.006120,2014-02-24T17:54:00+00:00,2014-02-26T02:08:00+00:00,REV
LONG,1.527680,1.525410,-0.002270,2014-02-26T02:08:00+00:00,2014-02-28T03:09:00+00:00,REV
SHORT,1.525410,1.535710,-0.010300,2014-02-28T03:09:00+00:00,2014-02-28T12:00:00+00:00,REV
LONG,1.535710,1.536260,0.000550,2014-02-28T12:00:00+00:00,2014-03-04T02:30:00+00:00,REV
SHORT,1.536260,1.530030,0.006230,2014-03-04T02:30:00+00:00,2014-03-07T19:06:00+00:00,REV
LONG,1.530030,1.531200,0.001170,2014-03-07T19:06:00+00:00,2014-03-11T11:11:00+00:00,REV
SHORT,1.531200,1.539930,-0.008730,2014-03-11T11:11:00+00:00,2014-03-11T19:15:00+00:00,REV
LONG,1.539930,1.543200,0.003270,2014-03-11T19:15:00+00:00,2014-03-13T03:06:00+00:00,REV
SHORT,1.543200,1.543650,-0.000450,2014-03-13T03:06:00+00:00,2014-03-17T00:00:00+00:00,REV
LONG,1.543650,1.533150,-0.010500,2014-03-17T00:00:00+00:00,2014-03-17T10:27:00+00:00,REV
SHORT,1.533150,1.532410,0.000740,2014-03-17T10:27:00+00:00,2014-03-20T03:07:00+00:00,REV
LONG,1.532410,1.524200,-0.008210,2014-03-20T03:07:00+00:00,2014-03-20T17:02:00+00:00,REV
SHORT,1.524200,1.489890,0.034310,2014-03-20T17:02:00+00:00,2014-03-31T07:13:00+00:00,REV
LONG,1.489890,1.484670,-0.005220,2014-03-31T07:13:00+00:00,2014-04-01T02:17:00+00:00,REV
SHORT,1.484670,1.494940,-0.010270,2014-04-01T02:17:00+00:00,2014-04-02T03:30:00+00:00,REV
LONG,1.494940,1.487680,-0.007260,2014-04-02T03:30:00+00:00,2014-04-03T00:04:00+00:00,REV
SHORT,1.487680,1.478370,0.009310,2014-04-03T00:04:00+00:00,2014-04-11T03:02:00+00:00,REV
LONG,1.478370,1.473510,-0.004860,2014-04-11T03:02:00+00:00,2014-04-14T03:12:00+00:00,REV
SHORT,1.473510,1.476840,-0.003330,2014-04-14T03:12:00+00:00,2014-04-15T17:02:00+00:00,REV
LONG,1.476840,1.478920,0.002080,2014-04-15T17:02:00+00:00,2014-04-21T01:36:00+00:00,REV
SHORT,1.478920,1.481780,-0.002860,2014-04-21T01:36:00+00:00,2014-04-21T04:12:00+00:00,REV
LONG,1.481780,1.476520,-0.005260,2014-04-21T04:12:00+00:00,2014-04-22T03:03:00+00:00,REV
SHORT,1.476520,1.479810,-0.003290,2014-04-22T03:03:00+00:00,2014-04-23T04:31:00+00:00,REV
LONG,1.479810,1.487690,0.007880,2014-04-23T04:31:00+00:00,2014-04-28T08:59:00+00:00,REV
SHORT,1.487690,1.494280,-0.006590,2014-04-28T08:59:00+00:00,2014-04-28T13:40:00+00:00,REV
LONG,1.494280,1.488520,-0.005760,2014-04-28T13:40:00+00:00,2014-04-30T03:29:00+00:00,REV
SHORT,1.488520,1.498100,-0.009580,2014-04-30T03:29:00+00:00,2014-05-01T15:17:00+00:00,REV
LONG,1.498100,1.493280,-0.004820,2014-05-01T15:17:00+00:00,2014-05-06T04:20:00+00:00,REV
SHORT,1.493280,1.471350,0.021930,2014-05-06T04:20:00+00:00,2014-05-13T03:49:00+00:00,REV
LONG,1.471350,1.466710,-0.004640,2014-05-13T03:49:00+00:00,2014-05-13T13:44:00+00:00,REV
SHORT,1.466710,1.464810,0.001900,2014-05-13T13:44:00+00:00,2014-05-15T03:09:00+00:00,REV
LONG,1.464810,1.457250,-0.007560,2014-05-15T03:09:00+00:00,2014-05-15T11:05:00+00:00,REV
SHORT,1.457250,1.469370,-0.012120,2014-05-15T11:05:00+00:00,2014-05-16T10:23:00+00:00,REV
LONG,1.469370,1.460650,-0.008720,2014-05-16T10:23:00+00:00,2014-05-19T00:00:00+00:00,REV
SHORT,1.460650,1.470240,-0.009590,2014-05-19T00:00:00+00:00,2014-05-19T21:58:00+00:00,REV
LONG,1.470240,1.478960,0.008720,2014-05-19T21:58:00+00:00,2014-05-22T00:08:00+00:00,REV
SHORT,1.478960,1.470520,0.008440,2014-05-22T00:08:00+00:00,2014-06-02T22:02:00+00:00,REV
LONG,1.470520,1.465010,-0.005510,2014-06-02T22:02:00+00:00,2014-06-05T05:00:00+00:00,REV
SHORT,1.465010,1.445790,0.019220,2014-06-05T05:00:00+00:00,2014-06-13T12:56:00+00:00,REV
LONG,1.445790,1.444300,-0.001490,2014-06-13T12:56:00+00:00,2014-06-19T04:16:00+00:00,REV
SHORT,1.444300,1.449370,-0.005070,2014-06-19T04:16:00+00:00,2014-06-23T00:00:00+00:00,REV
LONG,1.449370,1.442210,-0.007160,2014-06-23T00:00:00+00:00,2014-06-23T04:45:00+00:00,REV
SHORT,1.442210,1.450070,-0.007860,2014-06-23T04:45:00+00:00,2014-06-24T15:43:00+00:00,REV
LONG,1.450070,1.448360,-0.001710,2014-06-24T15:43:00+00:00,2014-06-26T03:02:00+00:00,REV
SHORT,1.448360,1.449670,-0.001310,2014-06-26T03:02:00+00:00,2014-06-30T04:35:00+00:00,REV
LONG,1.449670,1.447050,-0.002620,2014-06-30T04:35:00+00:00,2014-07-01T08:14:00+00:00,REV
SHORT,1.447050,1.448000,-0.000950,2014-07-01T08:14:00+00:00,2014-07-03T03:59:00+00:00,REV
LONG,1.448000,1.450580,0.002580,2014-07-03T03:59:00+00:00,2014-07-07T08:28:00+00:00,REV
SHORT,1.450580,1.451890,-0.001310,2014-07-07T08:28:00+00:00,2014-07-10T05:04:00+00:00,REV
LONG,1.451890,1.446520,-0.005370,2014-07-10T05:04:00+00:00,2014-07-16T15:45:00+00:00,REV
SHORT,1.446520,1.447400,-0.000880,2014-07-16T15:45:00+00:00,2014-07-18T00:14:00+00:00,REV
LONG,1.447400,1.440780,-0.006620,2014-07-18T00:14:00+00:00,2014-07-18T10:19:00+00:00,REV
SHORT,1.440780,1.442950,-0.002170,2014-07-18T10:19:00+00:00,2014-07-22T00:24:00+00:00,REV
LONG,1.442950,1.438970,-0.003980,2014-07-22T00:24:00+00:00,2014-07-22T10:04:00+00:00,REV
SHORT,1.438970,1.430990,0.007980,2014-07-22T10:04:00+00:00,2014-07-25T05:41:00+00:00,REV
LONG,1.430990,1.437170,0.006180,2014-07-25T05:41:00+00:00,2014-08-05T02:16:00+00:00,REV
SHORT,1.437170,1.438570,-0.001400,2014-08-05T02:16:00+00:00,2014-08-07T04:34:00+00:00,REV
LONG,1.438570,1.442850,0.004280,2014-08-07T04:34:00+00:00,2014-08-12T04:41:00+00:00,REV
SHORT,1.442850,1.438440,0.004410,2014-08-12T04:41:00+00:00,2014-08-15T15:46:00+00:00,REV
LONG,1.438440,1.431830,-0.006610,2014-08-15T15:46:00+00:00,2014-08-18T18:29:00+00:00,REV
SHORT,1.431830,1.433960,-0.002130,2014-08-18T18:29:00+00:00,2014-08-20T02:51:00+00:00,REV
LONG,1.433960,1.426940,-0.007020,2014-08-20T02:51:00+00:00,2014-08-20T17:29:00+00:00,REV
SHORT,1.426940,1.420670,0.006270,2014-08-20T17:29:00+00:00,2014-08-26T02:20:00+00:00,REV
LONG,1.420670,1.414740,-0.005930,2014-08-26T02:20:00+00:00,2014-08-26T15:38:00+00:00,REV
SHORT,1.414740,1.408270,0.006470,2014-08-26T15:38:00+00:00,2014-09-02T04:23:00+00:00,REV
LONG,1.408270,1.405850,-0.002420,2014-09-02T04:23:00+00:00,2014-09-03T18:01:00+00:00,REV
SHORT,1.405850,1.385540,0.020310,2014-09-03T18:01:00+00:00,2014-09-08T13:16:00+00:00,REV
LONG,1.385540,1.404220,0.018680,2014-09-08T13:16:00+00:00,2014-09-11T04:30:00+00:00,REV
SHORT,1.404220,1.418960,-0.014740,2014-09-11T04:30:00+00:00,2014-09-11T15:04:00+00:00,REV
LONG,1.418960,1.429900,0.010940,2014-09-11T15:04:00+00:00,2014-09-16T18:45:00+00:00,REV
SHORT,1.429900,1.438220,-0.008320,2014-09-16T18:45:00+00:00,2014-09-18T09:57:00+00:00,REV
LONG,1.438220,1.433340,-0.004880,2014-09-18T09:57:00+00:00,2014-09-19T14:32:00+00:00,REV
SHORT,1.433340,1.444030,-0.010690,2014-09-19T14:32:00+00:00,2014-09-22T08:59:00+00:00,REV
LONG,1.444030,1.440070,-0.003960,2014-09-22T08:59:00+00:00,2014-09-24T17:40:00+00:00,REV
SHORT,1.440070,1.452460,-0.012390,2014-09-24T17:40:00+00:00,2014-09-26T05:45:00+00:00,REV
LONG,1.452460,1.447030,-0.005430,2014-09-26T05:45:00+00:00,2014-09-30T12:00:00+00:00,REV
SHORT,1.447030,1.446430,0.000600,2014-09-30T12:00:00+00:00,2014-10-03T17:43:00+00:00,REV
LONG,1.446430,1.435690,-0.010740,2014-10-03T17:43:00+00:00,2014-10-06T10:30:00+00:00,REV
SHORT,1.435690,1.445780,-0.010090,2014-10-06T10:30:00+00:00,2014-10-08T17:13:00+00:00,REV
LONG,1.445780,1.434890,-0.010890,2014-10-08T17:13:00+00:00,2014-10-09T06:17:00+00:00,REV
SHORT,1.434890,1.447100,-0.012210,2014-10-09T06:17:00+00:00,2014-10-10T01:03:00+00:00,REV
LONG,1.447100,1.444740,-0.002360,2014-10-10T01:03:00+00:00,2014-10-13T16:42:00+00:00,REV
SHORT,1.444740,1.455990,-0.011250,2014-10-13T16:42:00+00:00,2014-10-15T19:17:00+00:00,REV
LONG,1.455990,1.454820,-0.001170,2014-10-15T19:17:00+00:00,2014-10-20T02:03:00+00:00,REV
SHORT,1.454820,1.459780,-0.004960,2014-10-20T02:03:00+00:00,2014-10-21T04:59:00+00:00,REV
LONG,1.459780,1.451510,-0.008270,2014-10-21T04:59:00+00:00,2014-10-21T12:41:00+00:00,REV
SHORT,1.451510,1.445900,0.005610,2014-10-21T12:41:00+00:00,2014-10-24T03:05:00+00:00,REV
LONG,1.445900,1.437800,-0.008100,2014-10-24T03:05:00+00:00,2014-10-24T15:27:00+00:00,REV
SHORT,1.437800,1.440010,-0.002210,2014-10-24T15:27:00+00:00,2014-10-30T02:46:00+00:00,REV
LONG,1.440010,1.431830,-0.008180,2014-10-30T02:46:00+00:00,2014-10-30T11:45:00+00:00,REV
SHORT,1.431830,1.431680,0.000150,2014-10-30T11:45:00+00:00,2014-11-03T02:30:00+00:00,REV
LONG,1.431680,1.442930,0.011250,2014-11-03T02:30:00+00:00,2014-11-07T10:19:00+00:00,REV
SHORT,1.442930,1.443370,-0.000440,2014-11-07T10:19:00+00:00,2014-11-11T10:24:00+00:00,REV
LONG,1.443370,1.437640,-0.005730,2014-11-11T10:24:00+00:00,2014-11-11T14:04:00+00:00,REV
SHORT,1.437640,1.434140,0.003500,2014-11-11T14:04:00+00:00,2014-11-14T02:20:00+00:00,REV
LONG,1.434140,1.427130,-0.007010,2014-11-14T02:20:00+00:00,2014-11-17T00:00:00+00:00,REV
SHORT,1.427130,1.434860,-0.007730,2014-11-17T00:00:00+00:00,2014-11-18T11:50:00+00:00,REV
LONG,1.434860,1.452500,0.017640,2014-11-18T11:50:00+00:00,2014-11-21T03:54:00+00:00,REV
SHORT,1.452500,1.445240,0.007260,2014-11-21T03:54:00+00:00,2014-11-25T01:41:00+00:00,REV
LONG,1.445240,1.455820,0.010580,2014-11-25T01:41:00+00:00,2014-11-27T06:42:00+00:00,REV
SHORT,1.455820,1.466240,-0.010420,2014-11-27T06:42:00+00:00,2014-11-28T06:43:00+00:00,REV
LONG,1.466240,1.464410,-0.001830,2014-11-28T06:43:00+00:00,2014-12-02T05:56:00+00:00,REV
SHORT,1.464410,1.473750,-0.009340,2014-12-02T05:56:00+00:00,2014-12-03T02:32:00+00:00,REV
LONG,1.473750,1.512300,0.038550,2014-12-03T02:32:00+00:00,2014-12-18T09:15:00+00:00,REV
SHORT,1.512300,1.507410,0.004890,2014-12-18T09:15:00+00:00,2014-12-23T06:41:00+00:00,REV
LONG,1.507410,1.499950,-0.007460,2014-12-23T06:41:00+00:00,2014-12-24T01:40:00+00:00,REV
SHORT,1.499950,1.506280,-0.006330,2014-12-24T01:40:00+00:00,2014-12-26T01:01:00+00:00,REV
LONG,1.506280,1.498920,-0.007360,2014-12-26T01:01:00+00:00,2014-12-26T13:32:00+00:00,REV
SHORT,1.498920,1.481920,0.017000,2014-12-26T13:32:00+00:00,2015-01-02T03:21:00+00:00,REV
LONG,1.481920,1.476540,-0.005380,2015-01-02T03:21:00+00:00,2015-01-05T00:01:00+00:00,REV
SHORT,1.476540,1.485910,-0.009370,2015-01-05T00:01:00+00:00,2015-01-05T09:58:00+00:00,REV
LONG,1.485910,1.471350,-0.014560,2015-01-05T09:58:00+00:00,2015-01-06T02:30:00+00:00,REV
SHORT,1.471350,1.453780,0.017570,2015-01-06T02:30:00+00:00,2015-01-13T02:10:00+00:00,REV
LONG,1.453780,1.441040,-0.012740,2015-01-13T02:10:00+00:00,2015-01-14T00:03:00+00:00,REV
SHORT,1.441040,1.455050,-0.014010,2015-01-14T00:03:00+00:00,2015-01-14T05:12:00+00:00,REV
LONG,1.455050,1.438380,-0.016670,2015-01-14T05:12:00+00:00,2015-01-15T02:30:00+00:00,REV
SHORT,1.438380,1.416870,0.021510,2015-01-15T02:30:00+00:00,2015-01-20T01:16:00+00:00,REV
LONG,1.416870,1.408810,-0.008060,2015-01-20T01:16:00+00:00,2015-01-21T05:38:00+00:00,REV
SHORT,1.408810,1.419320,-0.010510,2015-01-21T05:38:00+00:00,2015-01-21T16:48:00+00:00,REV
LONG,1.419320,1.406700,-0.012620,2015-01-21T16:48:00+00:00,2015-01-22T19:41:00+00:00,REV
SHORT,1.406700,1.424680,-0.017980,2015-01-22T19:41:00+00:00,2015-01-26T11:10:00+00:00,REV
LONG,1.424680,1.459190,0.034510,2015-01-26T11:10:00+00:00,2015-02-05T01:13:00+00:00,REV
SHORT,1.459190,1.472710,-0.013520,2015-02-05T01:13:00+00:00,2015-02-06T00:11:00+00:00,REV
LONG,1.472710,1.454720,-0.017990,2015-02-06T00:11:00+00:00,2015-02-06T15:39:00+00:00,REV
SHORT,1.454720,1.459580,-0.004860,2015-02-06T15:39:00+00:00,2015-02-11T10:09:00+00:00,REV
LONG,1.459580,1.463980,0.004400,2015-02-11T10:09:00+00:00,2015-02-13T23:59:00+00:00,REV
SHORT,1.463980,1.461630,0.002350,2015-02-13T23:59:00+00:00,2015-02-19T06:38:00+00:00,REV
LONG,1.461630,1.456300,-0.005330,2015-02-19T06:38:00+00:00,2015-02-20T04:02:00+00:00,REV
SHORT,1.456300,1.456450,-0.000150,2015-02-20T04:02:00+00:00,2015-02-24T04:44:00+00:00,REV
LONG,1.456450,1.449510,-0.006940,2015-02-24T04:44:00+00:00,2015-02-24T18:23:00+00:00,REV
SHORT,1.449510,1.449850,-0.000340,2015-02-24T18:23:00+00:00,2015-02-26T03:29:00+00:00,REV
LONG,1.449850,1.436270,-0.013580,2015-02-26T03:29:00+00:00,2015-02-26T12:49:00+00:00,REV
SHORT,1.436270,1.440650,-0.004380,2015-02-26T12:49:00+00:00,2015-03-02T10:26:00+00:00,REV
LONG,1.440650,1.431670,-0.008980,2015-03-02T10:26:00+00:00,2015-03-03T05:29:00+00:00,REV
SHORT,1.431670,1.410710,0.020960,2015-03-03T05:29:00+00:00,2015-03-10T01:51:00+00:00,REV
LONG,1.410710,1.403430,-0.007280,2015-03-10T01:51:00+00:00,2015-03-10T15:51:00+00:00,REV
SHORT,1.403430,1.385290,0.018140,2015-03-10T15:51:00+00:00,2015-03-17T03:30:00+00:00,REV
LONG,1.385290,1.388100,0.002810,2015-03-17T03:30:00+00:00,2015-03-23T03:38:00+00:00,REV
SHORT,1.388100,1.395530,-0.007430,2015-03-23T03:38:00+00:00,2015-03-25T14:13:00+00:00,REV
LONG,1.395530,1.389380,-0.006150,2015-03-25T14:13:00+00:00,2015-03-27T00:03:00+00:00,REV
SHORT,1.389380,1.407220,-0.017840,2015-03-27T00:03:00+00:00,2015-03-27T19:10:00+00:00,REV
LONG,1.407220,1.435060,0.027840,2015-03-27T19:10:00+00:00,2015-04-07T04:30:00+00:00,REV
SHORT,1.435060,1.388520,0.046540,2015-04-07T04:30:00+00:00,2015-04-13T05:03:00+00:00,REV
LONG,1.388520,1.384370,-0.004150,2015-04-13T05:03:00+00:00,2015-04-16T04:30:00+00:00,REV
SHORT,1.384370,1.390720,-0.006350,2015-04-16T04:30:00+00:00,2015-04-20T17:09:00+00:00,REV
LONG,1.390720,1.380980,-0.009740,2015-04-20T17:09:00+00:00,2015-04-22T04:40:00+00:00,REV
SHORT,1.380980,1.393410,-0.012430,2015-04-22T04:40:00+00:00,2015-04-23T13:15:00+00:00,REV
LONG,1.393410,1.385860,-0.007550,2015-04-23T13:15:00+00:00,2015-04-27T12:40:00+00:00,REV
SHORT,1.385860,1.387440,-0.001580,2015-04-27T12:40:00+00:00,2015-04-29T23:49:00+00:00,REV
LONG,1.387440,1.419130,0.031690,2015-04-29T23:49:00+00:00,2015-05-05T05:51:00+00:00,REV
SHORT,1.419130,1.426280,-0.007150,2015-05-05T05:51:00+00:00,2015-05-07T03:15:00+00:00,REV
LONG,1.426280,1.416220,-0.010060,2015-05-07T03:15:00+00:00,2015-05-08T09:16:00+00:00,REV
SHORT,1.416220,1.416250,-0.000030,2015-05-08T09:16:00+00:00,2015-05-12T11:03:00+00:00,REV
LONG,1.416250,1.407960,-0.008290,2015-05-12T11:03:00+00:00,2015-05-12T14:57:00+00:00,REV
SHORT,1.407960,1.412960,-0.005000,2015-05-12T14:57:00+00:00,2015-05-14T11:35:00+00:00,REV
LONG,1.412960,1.415390,0.002430,2015-05-14T11:35:00+00:00,2015-05-19T00:03:00+00:00,REV
SHORT,1.415390,1.411730,0.003660,2015-05-19T00:03:00+00:00,2015-05-21T10:45:00+00:00,REV
LONG,1.411730,1.404980,-0.006750,2015-05-21T10:45:00+00:00,2015-05-25T00:49:00+00:00,REV
SHORT,1.404980,1.407970,-0.002990,2015-05-25T00:49:00+00:00,2015-05-26T16:50:00+00:00,REV
LONG,1.407970,1.427650,0.019680,2015-05-26T16:50:00+00:00,2015-06-01T09:50:00+00:00,REV
SHORT,1.427650,1.438180,-0.010530,2015-06-01T09:50:00+00:00,2015-06-01T22:05:00+00:00,REV
LONG,1.438180,1.424060,-0.014120,2015-06-01T22:05:00+00:00,2015-06-02T07:48:00+00:00,REV
SHORT,1.424060,1.438770,-0.014710,2015-06-02T07:48:00+00:00,2015-06-02T15:58:00+00:00,REV
LONG,1.438770,1.458940,0.020170,2015-06-02T15:58:00+00:00,2015-06-10T09:12:00+00:00,REV
SHORT,1.458940,1.458210,0.000730,2015-06-10T09:12:00+00:00,2015-06-16T09:52:00+00:00,REV
LONG,1.458210,1.456290,-0.001920,2015-06-16T09:52:00+00:00,2015-06-23T09:52:00+00:00,REV
SHORT,1.456290,1.455190,0.001100,2015-06-23T09:52:00+00:00,2015-06-26T11:01:00+00:00,REV
LONG,1.455190,1.443010,-0.012180,2015-06-26T11:01:00+00:00,2015-06-29T00:00:00+00:00,REV
SHORT,1.443010,1.464610,-0.021600,2015-06-29T00:00:00+00:00,2015-06-29T23:50:00+00:00,REV
LONG,1.464610,1.443840,-0.020770,2015-06-29T23:50:00+00:00,2015-07-01T03:35:00+00:00,REV
SHORT,1.443840,1.449580,-0.005740,2015-07-01T03:35:00+00:00,2015-07-02T05:47:00+00:00,REV
LONG,1.449580,1.484090,0.034510,2015-07-02T05:47:00+00:00,2015-07-14T03:10:00+00:00,REV
SHORT,1.484090,1.488270,-0.004180,2015-07-14T03:10:00+00:00,2015-07-15T18:49:00+00:00,REV
LONG,1.488270,1.469160,-0.019110,2015-07-15T18:49:00+00:00,2015-07-16T15:55:00+00:00,REV
SHORT,1.469160,1.474350,-0.005190,2015-07-16T15:55:00+00:00,2015-07-20T05:58:00+00:00,REV
LONG,1.474350,1.466440,-0.007910,2015-07-20T05:58:00+00:00,2015-07-20T10:02:00+00:00,REV
SHORT,1.466440,1.475750,-0.009310,2015-07-20T10:02:00+00:00,2015-07-22T03:26:00+00:00,REV
LONG,1.475750,1.506290,0.030540,2015-07-22T03:26:00+00:00,2015-07-28T19:18:00+00:00,REV
SHORT,1.506290,1.508970,-0.002680,2015-07-28T19:18:00+00:00,2015-07-31T12:33:00+00:00,REV
LONG,1.508970,1.498180,-0.010790,2015-07-31T12:33:00+00:00,2015-08-04T07:30:00+00:00,REV
SHORT,1.498180,1.483590,0.014590,2015-08-04T07:30:00+00:00,2015-08-06T02:31:00+00:00,REV
LONG,1.483590,1.476250,-0.007340,2015-08-06T02:31:00+00:00,2015-08-07T15:30:00+00:00,REV
SHORT,1.476250,1.488500,-0.012250,2015-08-07T15:30:00+00:00,2015-08-10T11:38:00+00:00,REV
LONG,1.488500,1.507290,0.018790,2015-08-10T11:38:00+00:00,2015-08-13T05:03:00+00:00,REV
SHORT,1.507290,1.511010,-0.003720,2015-08-13T05:03:00+00:00,2015-08-18T11:11:00+00:00,REV
LONG,1.511010,1.585720,0.074710,2015-08-18T11:11:00+00:00,2015-08-27T04:36:00+00:00,REV
SHORT,1.585720,1.581250,0.004470,2015-08-27T04:36:00+00:00,2015-08-31T16:49:00+00:00,REV
LONG,1.581250,1.593340,0.012090,2015-08-31T16:49:00+00:00,2015-09-03T00:44:00+00:00,REV
SHORT,1.593340,1.606600,-0.013260,2015-09-03T00:44:00+00:00,2015-09-04T15:52:00+00:00,REV
LONG,1.606600,1.604040,-0.002560,2015-09-04T15:52:00+00:00,2015-09-08T04:37:00+00:00,REV
SHORT,1.604040,1.614280,-0.010240,2015-09-08T04:37:00+00:00,2015-09-08T06:46:00+00:00,REV
LONG,1.614280,1.587630,-0.026650,2015-09-08T06:46:00+00:00,2015-09-09T04:03:00+00:00,REV
SHORT,1.587630,1.599530,-0.011900,2015-09-09T04:03:00+00:00,2015-09-10T00:00:00+00:00,REV
LONG,1.599530,1.577880,-0.021650,2015-09-10T00:00:00+00:00,2015-09-10T12:51:00+00:00,REV
SHORT,1.577880,1.605670,-0.027790,2015-09-10T12:51:00+00:00,2015-09-14T09:14:00+00:00,REV
LONG,1.605670,1.590980,-0.014690,2015-09-14T09:14:00+00:00,2015-09-14T12:01:00+00:00,REV
SHORT,1.590980,1.583380,0.007600,2015-09-14T12:01:00+00:00,2015-09-17T16:35:00+00:00,REV
LONG,1.583380,1.566540,-0.016840,2015-09-17T16:35:00+00:00,2015-09-18T22:58:00+00:00,REV
SHORT,1.566540,1.578320,-0.011780,2015-09-18T22:58:00+00:00,2015-09-23T04:45:00+00:00,REV
LONG,1.578320,1.590080,0.011760,2015-09-23T04:45:00+00:00,2015-09-25T09:23:00+00:00,REV
SHORT,1.590080,1.605920,-0.015840,2015-09-25T09:23:00+00:00,2015-09-28T19:32:00+00:00,REV
LONG,1.605920,1.598080,-0.007840,2015-09-28T19:32:00+00:00,2015-09-30T11:31:00+00:00,REV
SHORT,1.598080,1.596500,0.001580,2015-09-30T11:31:00+00:00,2015-10-02T15:30:00+00:00,REV
LONG,1.596500,1.583590,-0.012910,2015-10-02T15:30:00+00:00,2015-10-05T13:44:00+00:00,REV
SHORT,1.583590,1.576200,0.007390,2015-10-05T13:44:00+00:00,2015-10-08T10:28:00+00:00,REV
LONG,1.576200,1.551560,-0.024640,2015-10-08T10:28:00+00:00,2015-10-08T22:02:00+00:00,REV
SHORT,1.551560,1.555830,-0.004270,2015-10-08T22:02:00+00:00,2015-10-13T05:22:00+00:00,REV
LONG,1.555830,1.567280,0.011450,2015-10-13T05:22:00+00:00,2015-10-15T02:59:00+00:00,REV
SHORT,1.567280,1.567740,-0.000460,2015-10-15T02:59:00+00:00,2015-10-19T03:24:00+00:00,REV
LONG,1.567740,1.560650,-0.007090,2015-10-19T03:24:00+00:00,2015-10-22T15:30:00+00:00,REV
SHORT,1.560650,1.527340,0.033310,2015-10-22T15:30:00+00:00,2015-10-27T00:08:00+00:00,REV
LONG,1.527340,1.540460,0.013120,2015-10-27T00:08:00+00:00,2015-11-02T23:31:00+00:00,REV
SHORT,1.540460,1.526500,0.013960,2015-11-02T23:31:00+00:00,2015-11-06T17:55:00+00:00,REV
LONG,1.526500,1.521610,-0.004890,2015-11-06T17:55:00+00:00,2015-11-10T08:46:00+00:00,REV
SHORT,1.521610,1.483040,0.038570,2015-11-10T08:46:00+00:00,2015-11-24T11:00:00+00:00,REV
LONG,1.483040,1.470500,-0.012540,2015-11-24T11:00:00+00:00,2015-11-24T17:05:00+00:00,REV
SHORT,1.470500,1.470040,0.000460,2015-11-24T17:05:00+00:00,2015-11-26T02:35:00+00:00,REV
LONG,1.470040,1.465780,-0.004260,2015-11-26T02:35:00+00:00,2015-11-30T15:25:00+00:00,REV
SHORT,1.465780,1.455260,0.010520,2015-11-30T15:25:00+00:00,2015-12-03T02:30:00+00:00,REV
LONG,1.455260,1.441390,-0.013870,2015-12-03T02:30:00+00:00,2015-12-03T11:24:00+00:00,REV
SHORT,1.441390,1.494880,-0.053490,2015-12-03T11:24:00+00:00,2015-12-08T03:42:00+00:00,REV
LONG,1.494880,1.504680,0.009800,2015-12-08T03:42:00+00:00,2015-12-10T02:39:00+00:00,REV
SHORT,1.504680,1.525800,-0.021120,2015-12-10T02:39:00+00:00,2015-12-11T16:23:00+00:00,REV
LONG,1.525800,1.515650,-0.010150,2015-12-11T16:23:00+00:00,2015-12-15T01:41:00+00:00,REV
SHORT,1.515650,1.523490,-0.007840,2015-12-15T01:41:00+00:00,2015-12-17T17:01:00+00:00,REV
LONG,1.523490,1.512210,-0.011280,2015-12-17T17:01:00+00:00,2015-12-22T04:59:00+00:00,REV
SHORT,1.512210,1.509610,0.002600,2015-12-22T04:59:00+00:00,2015-12-28T02:48:00+00:00,REV
LONG,1.509610,1.503740,-0.005870,2015-12-28T02:48:00+00:00,2015-12-29T15:28:00+00:00,REV
SHORT,1.503740,1.502290,0.001450,2015-12-29T15:28:00+00:00,2015-12-31T00:53:00+00:00,REV
LONG,1.502290,1.495070,-0.007220,2015-12-31T00:53:00+00:00,2015-12-31T09:53:00+00:00,REV
SHORT,1.495070,1.503010,-0.007940,2015-12-31T09:53:00+00:00,2016-01-04T03:47:00+00:00,REV
LONG,1.503010,1.545080,0.042070,2016-01-04T03:47:00+00:00,2016-01-12T15:05:00+00:00,REV
SHORT,1.545080,1.566390,-0.021310,2016-01-12T15:05:00+00:00,2016-01-14T01:14:00+00:00,REV
LONG,1.566390,1.551930,-0.014460,2016-01-14T01:14:00+00:00,2016-01-15T01:27:00+00:00,REV
SHORT,1.551930,1.582600,-0.030670,2016-01-15T01:27:00+00:00,2016-01-15T10:59:00+00:00,REV
LONG,1.582600,1.571700,-0.010900,2016-01-15T10:59:00+00:00,2016-01-19T08:57:00+00:00,REV
SHORT,1.571700,1.594490,-0.022790,2016-01-19T08:57:00+00:00,2016-01-20T05:46:00+00:00,REV
LONG,1.594490,1.570840,-0.023650,2016-01-20T05:46:00+00:00,2016-01-21T01:29:00+00:00,REV
SHORT,1.570840,1.554840,0.016000,2016-01-21T01:29:00+00:00,2016-01-25T18:00:00+00:00,REV
LONG,1.554840,1.544050,-0.010790,2016-01-25T18:00:00+00:00,2016-01-27T02:31:00+00:00,REV
SHORT,1.544050,1.544410,-0.000360,2016-01-27T02:31:00+00:00,2016-02-02T06:40:00+00:00,REV
LONG,1.544410,1.542140,-0.002270,2016-02-02T06:40:00+00:00,2016-02-04T03:31:00+00:00,REV
SHORT,1.542140,1.558830,-0.016690,2016-02-04T03:31:00+00:00,2016-02-05T02:30:00+00:00,REV
LONG,1.558830,1.578720,0.019890,2016-02-05T02:30:00+00:00,2016-02-10T17:18:00+00:00,REV
SHORT,1.578720,1.606270,-0.027550,2016-02-10T17:18:00+00:00,2016-02-11T10:24:00+00:00,REV
LONG,1.606270,1.580080,-0.026190,2016-02-11T10:24:00+00:00,2016-02-15T00:53:00+00:00,REV
SHORT,1.580080,1.575270,0.004810,2016-02-15T00:53:00+00:00,2016-02-17T06:40:00+00:00,REV
LONG,1.575270,1.553970,-0.021300,2016-02-17T06:40:00+00:00,2016-02-17T17:46:00+00:00,REV
SHORT,1.553970,1.561660,-0.007690,2016-02-17T17:46:00+00:00,2016-02-19T03:43:00+00:00,REV
LONG,1.561660,1.549490,-0.012170,2016-02-19T03:43:00+00:00,2016-02-22T06:16:00+00:00,REV
SHORT,1.549490,1.531280,0.018210,2016-02-22T06:16:00+00:00,2016-02-24T00:42:00+00:00,REV
LONG,1.531280,1.525960,-0.005320,2016-02-24T00:42:00+00:00,2016-02-25T16:31:00+00:00,REV
SHORT,1.525960,1.535110,-0.009150,2016-02-25T16:31:00+00:00,2016-02-29T02:06:00+00:00,REV
LONG,1.535110,1.517530,-0.017580,2016-02-29T02:06:00+00:00,2016-03-01T09:05:00+00:00,REV
SHORT,1.517530,1.485610,0.031920,2016-03-01T09:05:00+00:00,2016-03-08T04:37:00+00:00,REV
LONG,1.485610,1.473380,-0.012230,2016-03-08T04:37:00+00:00,2016-03-09T10:13:00+00:00,REV
SHORT,1.473380,1.482930,-0.009550,2016-03-09T10:13:00+00:00,2016-03-10T16:34:00+00:00,REV
LONG,1.482930,1.472170,-0.010760,2016-03-10T16:34:00+00:00,2016-03-14T03:58:00+00:00,REV
SHORT,1.472170,1.482320,-0.010150,2016-03-14T03:58:00+00:00,2016-03-15T04:06:00+00:00,REV
LONG,1.482320,1.482540,0.000220,2016-03-15T04:06:00+00:00,2016-03-17T00:38:00+00:00,REV
SHORT,1.482540,1.485040,-0.002500,2016-03-17T00:38:00+00:00,2016-03-21T02:33:00+00:00,REV
LONG,1.485040,1.475070,-0.009970,2016-03-21T02:33:00+00:00,2016-03-21T11:47:00+00:00,REV
SHORT,1.475070,1.485450,-0.010380,2016-03-21T11:47:00+00:00,2016-03-23T21:29:00+00:00,REV
LONG,1.485450,1.482700,-0.002750,2016-03-23T21:29:00+00:00,2016-03-25T02:57:00+00:00,REV
SHORT,1.482700,1.488770,-0.006070,2016-03-25T02:57:00+00:00,2016-03-29T12:55:00+00:00,REV
LONG,1.488770,1.480050,-0.008720,2016-03-29T12:55:00+00:00,2016-03-29T17:53:00+00:00,REV
SHORT,1.480050,1.483590,-0.003540,2016-03-29T17:53:00+00:00,2016-03-31T10:58:00+00:00,REV
LONG,1.483590,1.497480,0.013890,2016-03-31T10:58:00+00:00,2016-04-07T02:28:00+00:00,REV
SHORT,1.497480,1.510950,-0.013470,2016-04-07T02:28:00+00:00,2016-04-07T12:39:00+00:00,REV
LONG,1.510950,1.502670,-0.008280,2016-04-07T12:39:00+00:00,2016-04-11T15:45:00+00:00,REV
SHORT,1.502670,1.476180,0.026490,2016-04-11T15:45:00+00:00,2016-04-18T00:00:00+00:00,REV
LONG,1.476180,1.458510,-0.017670,2016-04-18T00:00:00+00:00,2016-04-19T01:35:00+00:00,REV
SHORT,1.458510,1.460660,-0.002150,2016-04-19T01:35:00+00:00,2016-04-20T06:21:00+00:00,REV
LONG,1.460660,1.452370,-0.008290,2016-04-20T06:21:00+00:00,2016-04-20T16:51:00+00:00,REV
SHORT,1.452370,1.459670,-0.007300,2016-04-20T16:51:00+00:00,2016-04-25T03:07:00+00:00,REV
LONG,1.459670,1.501100,0.041430,2016-04-25T03:07:00+00:00,2016-05-03T04:50:00+00:00,REV
SHORT,1.501100,1.520850,-0.019750,2016-05-03T04:50:00+00:00,2016-05-03T07:31:00+00:00,REV
LONG,1.520850,1.529760,0.008910,2016-05-03T07:31:00+00:00,2016-05-05T09:31:00+00:00,REV
SHORT,1.529760,1.541220,-0.011460,2016-05-05T09:31:00+00:00,2016-05-06T05:05:00+00:00,REV
LONG,1.541220,1.543380,0.002160,2016-05-06T05:05:00+00:00,2016-05-10T22:21:00+00:00,REV
SHORT,1.543380,1.553510,-0.010130,2016-05-10T22:21:00+00:00,2016-05-12T02:17:00+00:00,REV
LONG,1.553510,1.551640,-0.001870,2016-05-12T02:17:00+00:00,2016-05-16T05:59:00+00:00,REV
SHORT,1.551640,1.554640,-0.003000,2016-05-16T05:59:00+00:00,2016-05-18T16:07:00+00:00,REV
LONG,1.554640,1.549340,-0.005300,2016-05-18T16:07:00+00:00,2016-05-20T00:00:00+00:00,REV
SHORT,1.549340,1.554160,-0.004820,2016-05-20T00:00:00+00:00,2016-05-23T10:16:00+00:00,REV
LONG,1.554160,1.549890,-0.004270,2016-05-23T10:16:00+00:00,2016-05-25T00:02:00+00:00,REV
SHORT,1.549890,1.554230,-0.004340,2016-05-25T00:02:00+00:00,2016-05-26T03:45:00+00:00,REV
LONG,1.554230,1.546910,-0.007320,2016-05-26T03:45:00+00:00,2016-05-27T10:56:00+00:00,REV
SHORT,1.546910,1.550790,-0.003880,2016-05-27T10:56:00+00:00,2016-05-30T04:28:00+00:00,REV
LONG,1.550790,1.545500,-0.005290,2016-05-30T04:28:00+00:00,2016-05-31T04:32:00+00:00,REV
SHORT,1.545500,1.544800,0.000700,2016-05-31T04:32:00+00:00,2016-06-02T03:20:00+00:00,REV
LONG,1.544800,1.539510,-0.005290,2016-06-02T03:20:00+00:00,2016-06-03T08:35:00+00:00,REV
SHORT,1.539510,1.548640,-0.009130,2016-06-03T08:35:00+00:00,2016-06-06T03:41:00+00:00,REV
LONG,1.548640,1.538340,-0.010300,2016-06-06T03:41:00+00:00,2016-06-07T07:30:00+00:00,REV
SHORT,1.538340,1.530270,0.008070,2016-06-07T07:30:00+00:00,2016-06-09T10:58:00+00:00,REV
LONG,1.530270,1.521750,-0.008520,2016-06-09T10:58:00+00:00,2016-06-09T22:00:00+00:00,REV
SHORT,1.521750,1.529310,-0.007560,2016-06-09T22:00:00+00:00,2016-06-14T00:56:00+00:00,REV
LONG,1.529310,1.520610,-0.008700,2016-06-14T00:56:00+00:00,2016-06-14T16:37:00+00:00,REV
SHORT,1.520610,1.528120,-0.007510,2016-06-14T16:37:00+00:00,2016-06-16T09:26:00+00:00,REV
LONG,1.528120,1.519940,-0.008180,2016-06-16T09:26:00+00:00,2016-06-20T11:09:00+00:00,REV
SHORT,1.519940,1.509490,0.010450,2016-06-20T11:09:00+00:00,2016-06-24T05:43:00+00:00,REV
LONG,1.509490,1.492790,-0.016700,2016-06-24T05:43:00+00:00,2016-06-24T06:08:00+00:00,REV
SHORT,1.492790,1.504700,-0.011910,2016-06-24T06:08:00+00:00,2016-06-28T18:51:00+00:00,REV
LONG,1.504700,1.492930,-0.011770,2016-06-28T18:51:00+00:00,2016-06-29T04:38:00+00:00,REV
SHORT,1.492930,1.500240,-0.007310,2016-06-29T04:38:00+00:00,2016-06-30T10:11:00+00:00,REV
LONG,1.500240,1.489260,-0.010980,2016-06-30T10:11:00+00:00,2016-06-30T18:04:00+00:00,REV
SHORT,1.489260,1.494330,-0.005070,2016-06-30T18:04:00+00:00,2016-07-04T00:02:00+00:00,REV
LONG,1.494330,1.482250,-0.012080,2016-07-04T00:02:00+00:00,2016-07-04T09:24:00+00:00,REV
SHORT,1.482250,1.460150,0.022100,2016-07-04T09:24:00+00:00,2016-07-14T01:25:00+00:00,REV
LONG,1.460150,1.451690,-0.008460,2016-07-14T01:25:00+00:00,2016-07-15T05:31:00+00:00,REV
SHORT,1.451690,1.460720,-0.009030,2016-07-15T05:31:00+00:00,2016-07-18T17:49:00+00:00,REV
LONG,1.460720,1.465420,0.004700,2016-07-18T17:49:00+00:00,2016-07-21T18:00:00+00:00,REV
SHORT,1.465420,1.478150,-0.012730,2016-07-21T18:00:00+00:00,2016-07-22T17:38:00+00:00,REV
LONG,1.478150,1.468000,-0.010150,2016-07-22T17:38:00+00:00,2016-07-25T02:31:00+00:00,REV
SHORT,1.468000,1.472460,-0.004460,2016-07-25T02:31:00+00:00,2016-07-27T06:05:00+00:00,REV
LONG,1.472460,1.469290,-0.003170,2016-07-27T06:05:00+00:00,2016-07-29T06:44:00+00:00,REV
SHORT,1.469290,1.477940,-0.008650,2016-07-29T06:44:00+00:00,2016-07-29T10:14:00+00:00,REV
LONG,1.477940,1.468650,-0.009290,2016-07-29T10:14:00+00:00,2016-08-01T05:30:00+00:00,REV
SHORT,1.468650,1.481530,-0.012880,2016-08-01T05:30:00+00:00,2016-08-01T22:49:00+00:00,REV
LONG,1.481530,1.468820,-0.012710,2016-08-01T22:49:00+00:00,2016-08-04T00:00:00+00:00,REV
SHORT,1.468820,1.451500,0.017320,2016-08-04T00:00:00+00:00,2016-08-11T00:04:00+00:00,REV
LONG,1.451500,1.481120,0.029620,2016-08-11T00:04:00+00:00,2016-08-23T00:02:00+00:00,REV
SHORT,1.481120,1.485540,-0.004420,2016-08-23T00:02:00+00:00,2016-08-24T04:30:00+00:00,REV
LONG,1.485540,1.479110,-0.006430,2016-08-24T04:30:00+00:00,2016-08-24T12:14:00+00:00,REV
SHORT,1.479110,1.481980,-0.002870,2016-08-24T12:14:00+00:00,2016-08-29T01:02:00+00:00,REV
LONG,1.481980,1.474680,-0.007300,2016-08-29T01:02:00+00:00,2016-08-30T08:59:00+00:00,REV
SHORT,1.474680,1.484930,-0.010250,2016-08-30T08:59:00+00:00,2016-08-31T15:48:00+00:00,REV
LONG,1.484930,1.479930,-0.005000,2016-08-31T15:48:00+00:00,2016-09-01T04:36:00+00:00,REV
SHORT,1.479930,1.470030,0.009900,2016-09-01T04:36:00+00:00,2016-09-08T16:21:00+00:00,REV
LONG,1.470030,1.484000,0.013970,2016-09-08T16:21:00+00:00,2016-09-13T00:05:00+00:00,REV
SHORT,1.484000,1.499620,-0.015620,2016-09-13T00:05:00+00:00,2016-09-13T17:10:00+00:00,REV
LONG,1.499620,1.498610,-0.001010,2016-09-13T17:10:00+00:00,2016-09-15T17:59:00+00:00,REV
SHORT,1.498610,1.471050,0.027560,2016-09-15T17:59:00+00:00,2016-09-23T10:43:00+00:00,REV
LONG,1.471050,1.470870,-0.000180,2016-09-23T10:43:00+00:00,2016-09-27T04:43:00+00:00,REV
SHORT,1.470870,1.466360,0.004510,2016-09-27T04:43:00+00:00,2016-09-29T18:14:00+00:00,REV
LONG,1.466360,1.460910,-0.005450,2016-09-29T18:14:00+00:00,2016-10-03T21:02:00+00:00,REV
SHORT,1.460910,1.470100,-0.009190,2016-10-03T21:02:00+00:00,2016-10-04T19:49:00+00:00,REV
LONG,1.470100,1.469280,-0.000820,2016-10-04T19:49:00+00:00,2016-10-07T00:06:00+00:00,REV
SHORT,1.469280,1.475060,-0.005780,2016-10-07T00:06:00+00:00,2016-10-11T06:47:00+00:00,REV
LONG,1.475060,1.462470,-0.012590,2016-10-11T06:47:00+00:00,2016-10-12T02:55:00+00:00,REV
SHORT,1.462470,1.435000,0.027470,2016-10-12T02:55:00+00:00,2016-10-20T15:43:00+00:00,REV
LONG,1.435000,1.424460,-0.010540,2016-10-20T15:43:00+00:00,2016-10-25T11:49:00+00:00,REV
SHORT,1.424460,1.429380,-0.004920,2016-10-25T11:49:00+00:00,2016-10-27T06:18:00+00:00,REV
LONG,1.429380,1.437950,0.008570,2016-10-27T06:18:00+00:00,2016-11-01T06:30:00+00:00,REV
SHORT,1.437950,1.447190,-0.009240,2016-11-01T06:30:00+00:00,2016-11-02T04:27:00+00:00,REV
LONG,1.447190,1.443430,-0.003760,2016-11-02T04:27:00+00:00,2016-11-03T14:03:00+00:00,REV
SHORT,1.443430,1.436410,0.007020,2016-11-03T14:03:00+00:00,2016-11-09T04:05:00+00:00,REV
LONG,1.436410,1.414310,-0.022100,2016-11-09T04:05:00+00:00,2016-11-10T10:24:00+00:00,REV
SHORT,1.414310,1.438640,-0.024330,2016-11-10T10:24:00+00:00,2016-11-11T04:12:00+00:00,REV
LONG,1.438640,1.429190,-0.009450,2016-11-11T04:12:00+00:00,2016-11-14T04:37:00+00:00,REV
SHORT,1.429190,1.431070,-0.001880,2016-11-14T04:37:00+00:00,2016-11-16T13:18:00+00:00,REV
LONG,1.431070,1.440180,0.009110,2016-11-16T13:18:00+00:00,2016-11-22T03:14:00+00:00,REV
SHORT,1.440180,1.427940,0.012240,2016-11-22T03:14:00+00:00,2016-11-28T02:53:00+00:00,REV
LONG,1.427940,1.418040,-0.009900,2016-11-28T02:53:00+00:00,2016-11-28T15:53:00+00:00,REV
SHORT,1.418040,1.424090,-0.006050,2016-11-28T15:53:00+00:00,2016-11-30T05:20:00+00:00,REV
LONG,1.424090,1.430480,0.006390,2016-11-30T05:20:00+00:00,2016-12-02T16:29:00+00:00,REV
SHORT,1.430480,1.443850,-0.013370,2016-12-02T16:29:00+00:00,2016-12-05T13:23:00+00:00,REV
LONG,1.443850,1.435890,-0.007960,2016-12-05T13:23:00+00:00,2016-12-07T01:22:00+00:00,REV
SHORT,1.435890,1.445070,-0.009180,2016-12-07T01:22:00+00:00,2016-12-08T14:45:00+00:00,REV
LONG,1.445070,1.434070,-0.011000,2016-12-08T14:45:00+00:00,2016-12-08T15:33:00+00:00,REV
SHORT,1.434070,1.420800,0.013270,2016-12-08T15:33:00+00:00,2016-12-13T01:35:00+00:00,REV
LONG,1.420800,1.413740,-0.007060,2016-12-13T01:35:00+00:00,2016-12-13T16:27:00+00:00,REV
SHORT,1.413740,1.422200,-0.008460,2016-12-13T16:27:00+00:00,2016-12-14T21:58:00+00:00,REV
LONG,1.422200,1.414150,-0.008050,2016-12-14T21:58:00+00:00,2016-12-15T02:30:00+00:00,REV
SHORT,1.414150,1.424010,-0.009860,2016-12-15T02:30:00+00:00,2016-12-16T11:51:00+00:00,REV
LONG,1.424010,1.430870,0.006860,2016-12-16T11:51:00+00:00,2016-12-20T08:21:00+00:00,REV
SHORT,1.430870,1.437390,-0.006520,2016-12-20T08:21:00+00:00,2016-12-21T16:31:00+00:00,REV
LONG,1.437390,1.452200,0.014810,2016-12-21T16:31:00+00:00,2016-12-27T09:52:00+00:00,REV
SHORT,1.452200,1.455950,-0.003750,2016-12-27T09:52:00+00:00,2016-12-29T21:19:00+00:00,REV
LONG,1.455950,1.453930,-0.002020,2016-12-29T21:19:00+00:00,2017-01-03T00:49:00+00:00,REV
SHORT,1.453930,1.442490,0.011440,2017-01-03T00:49:00+00:00,2017-01-05T02:05:00+00:00,REV
LONG,1.442490,1.439980,-0.002510,2017-01-05T02:05:00+00:00,2017-01-09T01:59:00+00:00,REV
SHORT,1.439980,1.424050,0.015930,2017-01-09T01:59:00+00:00,2017-01-13T15:58:00+00:00,REV
LONG,1.424050,1.416030,-0.008020,2017-01-13T15:58:00+00:00,2017-01-17T07:58:00+00:00,REV
SHORT,1.416030,1.417170,-0.001140,2017-01-17T07:58:00+00:00,2017-01-23T01:03:00+00:00,REV
LONG,1.417170,1.414530,-0.002640,2017-01-23T01:03:00+00:00,2017-01-24T21:56:00+00:00,REV
SHORT,1.414530,1.422210,-0.007680,2017-01-24T21:56:00+00:00,2017-01-25T03:11:00+00:00,REV
LONG,1.422210,1.415930,-0.006280,2017-01-25T03:11:00+00:00,2017-01-27T00:07:00+00:00,REV
SHORT,1.415930,1.421790,-0.005860,2017-01-27T00:07:00+00:00,2017-01-31T13:40:00+00:00,REV
LONG,1.421790,1.418900,-0.002890,2017-01-31T13:40:00+00:00,2017-02-02T00:01:00+00:00,REV
SHORT,1.418900,1.402040,0.016860,2017-02-02T00:01:00+00:00,2017-02-09T03:24:00+00:00,REV
LONG,1.402040,1.394210,-0.007830,2017-02-09T03:24:00+00:00,2017-02-10T04:56:00+00:00,REV
SHORT,1.394210,1.380930,0.013280,2017-02-10T04:56:00+00:00,2017-02-16T11:46:00+00:00,REV
LONG,1.380930,1.381830,0.000900,2017-02-16T11:46:00+00:00,2017-02-20T00:00:00+00:00,REV
SHORT,1.381830,1.375320,0.006510,2017-02-20T00:00:00+00:00,2017-02-23T03:01:00+00:00,REV
LONG,1.375320,1.376680,0.001360,2017-02-23T03:01:00+00:00,2017-03-01T04:05:00+00:00,REV
SHORT,1.376680,1.383900,-0.007220,2017-03-01T04:05:00+00:00,2017-03-02T14:15:00+00:00,REV
LONG,1.383900,1.392470,0.008570,2017-03-02T14:15:00+00:00,2017-03-07T05:19:00+00:00,REV
SHORT,1.392470,1.396730,-0.004260,2017-03-07T05:19:00+00:00,2017-03-08T10:06:00+00:00,REV
LONG,1.396730,1.406520,0.009790,2017-03-08T10:06:00+00:00,2017-03-13T17:17:00+00:00,REV
SHORT,1.406520,1.404210,0.002310,2017-03-13T17:17:00+00:00,2017-03-17T02:02:00+00:00,REV
LONG,1.404210,1.392640,-0.011570,2017-03-17T02:02:00+00:00,2017-03-20T08:18:00+00:00,REV
SHORT,1.392640,1.396520,-0.003880,2017-03-20T08:18:00+00:00,2017-03-21T06:14:00+00:00,REV
LONG,1.396520,1.417620,0.021100,2017-03-21T06:14:00+00:00,2017-03-28T19:57:00+00:00,REV
SHORT,1.417620,1.402660,0.014960,2017-03-28T19:57:00+00:00,2017-04-03T05:06:00+00:00,REV
LONG,1.402660,1.410120,0.007460,2017-04-03T05:06:00+00:00,2017-04-10T01:40:00+00:00,REV
SHORT,1.410120,1.415970,-0.005850,2017-04-10T01:40:00+00:00,2017-04-11T16:51:00+00:00,REV
LONG,1.415970,1.412540,-0.003430,2017-04-11T16:51:00+00:00,2017-04-13T04:30:00+00:00,REV
SHORT,1.412540,1.403470,0.009070,2017-04-13T04:30:00+00:00,2017-04-18T03:59:00+00:00,REV
LONG,1.403470,1.422960,0.019490,2017-04-18T03:59:00+00:00,2017-04-21T00:00:00+00:00,REV
SHORT,1.422960,1.438740,-0.015780,2017-04-21T00:00:00+00:00,2017-04-24T00:00:00+00:00,REV
LONG,1.438740,1.455030,0.016290,2017-04-24T00:00:00+00:00,2017-04-28T00:14:00+00:00,REV
SHORT,1.455030,1.464330,-0.009300,2017-04-28T00:14:00+00:00,2017-04-28T13:47:00+00:00,REV
LONG,1.464330,1.452720,-0.011610,2017-04-28T13:47:00+00:00,2017-05-01T09:33:00+00:00,REV
SHORT,1.452720,1.453100,-0.000380,2017-05-01T09:33:00+00:00,2017-05-03T04:54:00+00:00,REV
LONG,1.453100,1.480250,0.027150,2017-05-03T04:54:00+00:00,2017-05-08T02:49:00+00:00,REV
SHORT,1.480250,1.487040,-0.006790,2017-05-08T02:49:00+00:00,2017-05-09T09:02:00+00:00,REV
LONG,1.487040,1.476620,-0.010420,2017-05-09T09:02:00+00:00,2017-05-10T11:12:00+00:00,REV
SHORT,1.476620,1.480760,-0.004140,2017-05-10T11:12:00+00:00,2017-05-15T21:42:00+00:00,REV
LONG,1.480760,1.496540,0.015780,2017-05-15T21:42:00+00:00,2017-05-23T09:07:00+00:00,REV
SHORT,1.496540,1.502250,-0.005710,2017-05-23T09:07:00+00:00,2017-05-25T10:59:00+00:00,REV
LONG,1.502250,1.498800,-0.003450,2017-05-25T10:59:00+00:00,2017-05-30T01:00:00+00:00,REV
SHORT,1.498800,1.502190,-0.003390,2017-05-30T01:00:00+00:00,2017-05-31T09:54:00+00:00,REV
LONG,1.502190,1.514340,0.012150,2017-05-31T09:54:00+00:00,2017-06-05T04:45:00+00:00,REV
SHORT,1.514340,1.471500,0.042840,2017-06-05T04:45:00+00:00,2017-06-19T09:28:00+00:00,REV
LONG,1.471500,1.466250,-0.005250,2017-06-19T09:28:00+00:00,2017-06-20T00:07:00+00:00,REV
SHORT,1.466250,1.470940,-0.004690,2017-06-20T00:07:00+00:00,2017-06-21T03:16:00+00:00,REV
LONG,1.470940,1.474440,0.003500,2017-06-21T03:16:00+00:00,2017-06-23T11:19:00+00:00,REV
SHORT,1.474440,1.480580,-0.006140,2017-06-23T11:19:00+00:00,2017-06-27T13:53:00+00:00,REV
LONG,1.480580,1.486580,0.006000,2017-06-27T13:53:00+00:00,2017-06-29T12:30:00+00:00,REV
SHORT,1.486580,1.488510,-0.001930,2017-06-29T12:30:00+00:00,2017-07-04T07:32:00+00:00,REV
LONG,1.488510,1.497660,0.009150,2017-07-04T07:32:00+00:00,2017-07-11T04:03:00+00:00,REV
SHORT,1.497660,1.502880,-0.005220,2017-07-11T04:03:00+00:00,2017-07-11T20:35:00+00:00,REV
LONG,1.502880,1.492880,-0.010000,2017-07-11T20:35:00+00:00,2017-07-12T15:56:00+00:00,REV
SHORT,1.492880,1.473120,0.019760,2017-07-12T15:56:00+00:00,2017-07-18T01:53:00+00:00,REV
LONG,1.473120,1.462490,-0.010630,2017-07-18T01:53:00+00:00,2017-07-18T05:27:00+00:00,REV
SHORT,1.462490,1.460540,0.001950,2017-07-18T05:27:00+00:00,2017-07-20T16:50:00+00:00,REV
LONG,1.460540,1.465780,0.005240,2017-07-20T16:50:00+00:00,2017-07-26T21:01:00+00:00,REV
SHORT,1.465780,1.467710,-0.001930,2017-07-26T21:01:00+00:00,2017-07-28T04:25:00+00:00,REV
LONG,1.467710,1.487270,0.019560,2017-07-28T04:25:00+00:00,2017-08-04T17:21:00+00:00,REV
SHORT,1.487270,1.492440,-0.005170,2017-08-04T17:21:00+00:00,2017-08-09T03:33:00+00:00,REV
LONG,1.492440,1.493820,0.001380,2017-08-09T03:33:00+00:00,2017-08-14T03:23:00+00:00,REV
SHORT,1.493820,1.501350,-0.007530,2017-08-14T03:23:00+00:00,2017-08-14T16:02:00+00:00,REV
LONG,1.501350,1.495870,-0.005480,2017-08-14T16:02:00+00:00,2017-08-16T10:11:00+00:00,REV
SHORT,1.495870,1.487480,0.008390,2017-08-16T10:11:00+00:00,2017-08-18T01:05:00+00:00,REV
LONG,1.487480,1.492260,0.004780,2017-08-18T01:05:00+00:00,2017-08-25T08:44:00+00:00,REV
SHORT,1.492260,1.499090,-0.006830,2017-08-25T08:44:00+00:00,2017-08-25T22:02:00+00:00,REV
LONG,1.499090,1.502440,0.003350,2017-08-25T22:02:00+00:00,2017-08-30T04:30:00+00:00,REV
SHORT,1.502440,1.498110,0.004330,2017-08-30T04:30:00+00:00,2017-09-06T15:59:00+00:00,REV
LONG,1.498110,1.487160,-0.010950,2017-09-06T15:59:00+00:00,2017-09-08T08:59:00+00:00,REV
SHORT,1.487160,1.494680,-0.007520,2017-09-08T08:59:00+00:00,2017-09-11T09:41:00+00:00,REV
LONG,1.494680,1.488100,-0.006580,2017-09-11T09:41:00+00:00,2017-09-12T00:00:00+00:00,REV
SHORT,1.488100,1.494250,-0.006150,2017-09-12T00:00:00+00:00,2017-09-13T06:40:00+00:00,REV
LONG,1.494250,1.487850,-0.006400,2017-09-13T06:40:00+00:00,2017-09-14T00:02:00+00:00,REV
SHORT,1.487850,1.492560,-0.004710,2017-09-14T00:02:00+00:00,2017-09-15T14:36:00+00:00,REV
LONG,1.492560,1.494010,0.001450,2017-09-15T14:36:00+00:00,2017-09-20T09:14:00+00:00,REV
SHORT,1.494010,1.499150,-0.005140,2017-09-20T09:14:00+00:00,2017-09-21T13:05:00+00:00,REV
LONG,1.499150,1.495670,-0.003480,2017-09-21T13:05:00+00:00,2017-09-25T00:00:00+00:00,REV
SHORT,1.495670,1.497010,-0.001340,2017-09-25T00:00:00+00:00,2017-09-27T05:57:00+00:00,REV
LONG,1.497010,1.499450,0.002440,2017-09-27T05:57:00+00:00,2017-10-02T17:09:00+00:00,REV
SHORT,1.499450,1.499960,-0.000510,2017-10-02T17:09:00+00:00,2017-10-05T03:30:00+00:00,REV
LONG,1.499960,1.514380,0.014420,2017-10-05T03:30:00+00:00,2017-10-12T10:20:00+00:00,REV
SHORT,1.514380,1.503470,0.010910,2017-10-12T10:20:00+00:00,2017-10-17T02:27:00+00:00,REV
LONG,1.503470,1.502610,-0.000860,2017-10-17T02:27:00+00:00,2017-10-23T09:25:00+00:00,REV
SHORT,1.502610,1.507310,-0.004700,2017-10-23T09:25:00+00:00,2017-10-24T09:36:00+00:00,REV
LONG,1.507310,1.519680,0.012370,2017-10-24T09:36:00+00:00,2017-10-27T02:09:00+00:00,REV
SHORT,1.519680,1.518040,0.001640,2017-10-27T02:09:00+00:00,2017-10-31T12:30:00+00:00,REV
LONG,1.518040,1.512920,-0.005120,2017-10-31T12:30:00+00:00,2017-11-01T16:40:00+00:00,REV
SHORT,1.512920,1.515580,-0.002660,2017-11-01T16:40:00+00:00,2017-11-03T03:30:00+00:00,REV
LONG,1.515580,1.510400,-0.005180,2017-11-03T03:30:00+00:00,2017-11-06T21:41:00+00:00,REV
SHORT,1.510400,1.517120,-0.006720,2017-11-06T21:41:00+00:00,2017-11-09T16:41:00+00:00,REV
LONG,1.517120,1.550610,0.033490,2017-11-09T16:41:00+00:00,2017-11-21T11:33:00+00:00,REV
SHORT,1.550610,1.556180,-0.005570,2017-11-21T11:33:00+00:00,2017-11-24T09:59:00+00:00,REV
LONG,1.556180,1.561520,0.005340,2017-11-24T09:59:00+00:00,2017-11-28T13:34:00+00:00,REV
SHORT,1.561520,1.568120,-0.006600,2017-11-28T13:34:00+00:00,2017-11-30T15:53:00+00:00,REV
LONG,1.568120,1.561330,-0.006790,2017-11-30T15:53:00+00:00,2017-12-01T17:55:00+00:00,REV
SHORT,1.561330,1.561860,-0.000530,2017-12-01T17:55:00+00:00,2017-12-06T05:51:00+00:00,REV
LONG,1.561860,1.562520,0.000660,2017-12-06T05:51:00+00:00,2017-12-12T04:20:00+00:00,REV
SHORT,1.562520,1.541270,0.021250,2017-12-12T04:20:00+00:00,2017-12-18T17:19:00+00:00,REV
LONG,1.541270,1.541930,0.000660,2017-12-18T17:19:00+00:00,2017-12-21T17:37:00+00:00,REV
SHORT,1.541930,1.535120,0.006810,2017-12-21T17:37:00+00:00,2017-12-29T15:04:00+00:00,REV
LONG,1.535120,1.532230,-0.002890,2017-12-29T15:04:00+00:00,2018-01-03T22:52:00+00:00,REV
SHORT,1.532230,1.527630,0.004600,2018-01-03T22:52:00+00:00,2018-01-10T02:48:00+00:00,REV
LONG,1.527630,1.522610,-0.005020,2018-01-10T02:48:00+00:00,2018-01-11T00:00:00+00:00,REV
SHORT,1.522610,1.531390,-0.008780,2018-01-11T00:00:00+00:00,2018-01-11T17:54:00+00:00,REV
LONG,1.531390,1.535180,0.003790,2018-01-11T17:54:00+00:00,2018-01-16T16:00:00+00:00,REV
SHORT,1.535180,1.533630,0.001550,2018-01-16T16:00:00+00:00,2018-01-22T00:00:00+00:00,REV
LONG,1.533630,1.528480,-0.005150,2018-01-22T00:00:00+00:00,2018-01-24T12:58:00+00:00,REV
SHORT,1.528480,1.540040,-0.011560,2018-01-24T12:58:00+00:00,2018-01-25T00:05:00+00:00,REV
LONG,1.540040,1.533470,-0.006570,2018-01-25T00:05:00+00:00,2018-01-26T18:26:00+00:00,REV
SHORT,1.533470,1.536240,-0.002770,2018-01-26T18:26:00+00:00,2018-01-30T09:57:00+00:00,REV
LONG,1.536240,1.564690,0.028450,2018-01-30T09:57:00+00:00,2018-02-07T00:02:00+00:00,REV
SHORT,1.564690,1.574710,-0.010020,2018-02-07T00:02:00+00:00,2018-02-09T00:21:00+00:00,REV
LONG,1.574710,1.564830,-0.009880,2018-02-09T00:21:00+00:00,2018-02-09T18:51:00+00:00,REV
SHORT,1.564830,1.571470,-0.006640,2018-02-09T18:51:00+00:00,2018-02-13T15:14:00+00:00,REV
LONG,1.571470,1.569120,-0.002350,2018-02-13T15:14:00+00:00,2018-02-15T03:37:00+00:00,REV
SHORT,1.569120,1.570130,-0.001010,2018-02-15T03:37:00+00:00,2018-02-20T03:53:00+00:00,REV
LONG,1.570130,1.565110,-0.005020,2018-02-20T03:53:00+00:00,2018-02-20T06:13:00+00:00,REV
SHORT,1.565110,1.570190,-0.005080,2018-02-20T06:13:00+00:00,2018-02-21T06:10:00+00:00,REV
LONG,1.570190,1.566280,-0.003910,2018-02-21T06:10:00+00:00,2018-02-26T00:00:00+00:00,REV
SHORT,1.566280,1.571950,-0.005670,2018-02-26T00:00:00+00:00,2018-02-27T05:44:00+00:00,REV
LONG,1.571950,1.566050,-0.005900,2018-02-27T05:44:00+00:00,2018-02-28T10:00:00+00:00,REV
SHORT,1.566050,1.571890,-0.005840,2018-02-28T10:00:00+00:00,2018-03-01T00:03:00+00:00,REV
LONG,1.571890,1.585940,0.014050,2018-03-01T00:03:00+00:00,2018-03-06T02:23:00+00:00,REV
SHORT,1.585940,1.591330,-0.005390,2018-03-06T02:23:00+00:00,2018-03-07T00:54:00+00:00,REV
LONG,1.591330,1.584030,-0.007300,2018-03-07T00:54:00+00:00,2018-03-08T02:30:00+00:00,REV
SHORT,1.584030,1.568690,0.015340,2018-03-08T02:30:00+00:00,2018-03-13T14:31:00+00:00,REV
LONG,1.568690,1.564840,-0.003850,2018-03-13T14:31:00+00:00,2018-03-14T16:00:00+00:00,REV
SHORT,1.564840,1.578460,-0.013620,2018-03-14T16:00:00+00:00,2018-03-15T18:50:00+00:00,REV
LONG,1.578460,1.592140,0.013680,2018-03-15T18:50:00+00:00,2018-03-21T03:26:00+00:00,REV
SHORT,1.592140,1.600230,-0.008090,2018-03-21T03:26:00+00:00,2018-03-22T18:59:00+00:00,REV
LONG,1.600230,1.605200,0.004970,2018-03-22T18:59:00+00:00,2018-03-28T21:20:00+00:00,REV
SHORT,1.605200,1.604710,0.000490,2018-03-28T21:20:00+00:00,2018-04-02T05:10:00+00:00,REV
LONG,1.604710,1.600530,-0.004180,2018-04-02T05:10:00+00:00,2018-04-03T07:22:00+00:00,REV
SHORT,1.600530,1.599290,0.001240,2018-04-03T07:22:00+00:00,2018-04-06T02:22:00+00:00,REV
LONG,1.599290,1.594680,-0.004610,2018-04-06T02:22:00+00:00,2018-04-10T05:14:00+00:00,REV
SHORT,1.594680,1.590310,0.004370,2018-04-10T05:14:00+00:00,2018-04-16T10:02:00+00:00,REV
LONG,1.590310,1.588160,-0.002150,2018-04-16T10:02:00+00:00,2018-04-19T02:40:00+00:00,REV
SHORT,1.588160,1.596670,-0.008510,2018-04-19T02:40:00+00:00,2018-04-19T20:16:00+00:00,REV
LONG,1.596670,1.607100,0.010430,2018-04-19T20:16:00+00:00,2018-04-26T00:00:00+00:00,REV
SHORT,1.607100,1.605530,0.001570,2018-04-26T00:00:00+00:00,2018-04-30T09:57:00+00:00,REV
LONG,1.605530,1.599860,-0.005670,2018-04-30T09:57:00+00:00,2018-05-02T06:35:00+00:00,REV
SHORT,1.599860,1.591720,0.008140,2018-05-02T06:35:00+00:00,2018-05-08T11:23:00+00:00,REV
LONG,1.591720,1.587250,-0.004470,2018-05-08T11:23:00+00:00,2018-05-10T00:00:00+00:00,REV
SHORT,1.587250,1.585300,0.001950,2018-05-10T00:00:00+00:00,2018-05-14T08:56:00+00:00,REV
LONG,1.585300,1.583320,-0.001980,2018-05-14T08:56:00+00:00,2018-05-16T00:00:00+00:00,REV
SHORT,1.583320,1.572880,0.010440,2018-05-16T00:00:00+00:00,2018-05-18T11:24:00+00:00,REV
LONG,1.572880,1.565900,-0.006980,2018-05-18T11:24:00+00:00,2018-05-18T17:57:00+00:00,REV
SHORT,1.565900,1.557010,0.008890,2018-05-18T17:57:00+00:00,2018-05-23T04:39:00+00:00,REV
LONG,1.557010,1.548850,-0.008160,2018-05-23T04:39:00+00:00,2018-05-23T21:02:00+00:00,REV
SHORT,1.548850,1.549030,-0.000180,2018-05-23T21:02:00+00:00,2018-05-28T04:04:00+00:00,REV
LONG,1.549030,1.540530,-0.008500,2018-05-28T04:04:00+00:00,2018-05-28T13:02:00+00:00,REV
SHORT,1.540530,1.544210,-0.003680,2018-05-28T13:02:00+00:00,2018-05-31T06:33:00+00:00,REV
LONG,1.544210,1.539470,-0.004740,2018-05-31T06:33:00+00:00,2018-06-04T04:01:00+00:00,REV
SHORT,1.539470,1.539400,0.000070,2018-06-04T04:01:00+00:00,2018-06-07T04:33:00+00:00,REV
LONG,1.539400,1.547670,0.008270,2018-06-07T04:33:00+00:00,2018-06-12T01:02:00+00:00,REV
SHORT,1.547670,1.552140,-0.004470,2018-06-12T01:02:00+00:00,2018-06-13T03:40:00+00:00,REV
LONG,1.552140,1.548910,-0.003230,2018-06-13T03:40:00+00:00,2018-06-14T15:53:00+00:00,REV
SHORT,1.548910,1.560490,-0.011580,2018-06-14T15:53:00+00:00,2018-06-18T14:01:00+00:00,REV
LONG,1.560490,1.563850,0.003360,2018-06-18T14:01:00+00:00,2018-06-20T08:18:00+00:00,REV
SHORT,1.563850,1.572460,-0.008610,2018-06-20T08:18:00+00:00,2018-06-21T03:24:00+00:00,REV
LONG,1.572460,1.574380,0.001920,2018-06-21T03:24:00+00:00,2018-06-27T00:00:00+00:00,REV
SHORT,1.574380,1.582500,-0.008120,2018-06-27T00:00:00+00:00,2018-06-27T04:45:00+00:00,REV
LONG,1.582500,1.574730,-0.007770,2018-06-27T04:45:00+00:00,2018-07-04T04:33:00+00:00,REV
SHORT,1.574730,1.580980,-0.006250,2018-07-04T04:33:00+00:00,2018-07-05T03:52:00+00:00,REV
LONG,1.580980,1.577860,-0.003120,2018-07-05T03:52:00+00:00,2018-07-09T04:15:00+00:00,REV
SHORT,1.577860,1.576170,0.001690,2018-07-09T04:15:00+00:00,2018-07-11T00:00:00+00:00,REV
LONG,1.576170,1.574740,-0.001430,2018-07-11T00:00:00+00:00,2018-07-13T00:00:00+00:00,REV
SHORT,1.574740,1.577380,-0.002640,2018-07-13T00:00:00+00:00,2018-07-16T14:36:00+00:00,REV
LONG,1.577380,1.575330,-0.002050,2018-07-16T14:36:00+00:00,2018-07-18T18:37:00+00:00,REV
SHORT,1.575330,1.583270,-0.007940,2018-07-18T18:37:00+00:00,2018-07-19T17:33:00+00:00,REV
LONG,1.583270,1.578550,-0.004720,2018-07-19T17:33:00+00:00,2018-07-24T15:28:00+00:00,REV
SHORT,1.578550,1.579020,-0.000470,2018-07-24T15:28:00+00:00,2018-07-30T11:55:00+00:00,REV
LONG,1.579020,1.573690,-0.005330,2018-07-30T11:55:00+00:00,2018-07-31T17:58:00+00:00,REV
SHORT,1.573690,1.579120,-0.005430,2018-07-31T17:58:00+00:00,2018-08-02T13:56:00+00:00,REV
LONG,1.579120,1.572990,-0.006130,2018-08-02T13:56:00+00:00,2018-08-02T19:28:00+00:00,REV
SHORT,1.572990,1.565470,0.007520,2018-08-02T19:28:00+00:00,2018-08-08T10:07:00+00:00,REV
LONG,1.565470,1.560620,-0.004850,2018-08-08T10:07:00+00:00,2018-08-09T05:35:00+00:00,REV
SHORT,1.560620,1.565250,-0.004630,2018-08-09T05:35:00+00:00,2018-08-10T04:32:00+00:00,REV
LONG,1.565250,1.565520,0.000270,2018-08-10T04:32:00+00:00,2018-08-15T00:00:00+00:00,REV
SHORT,1.565520,1.571850,-0.006330,2018-08-15T00:00:00+00:00,2018-08-16T04:30:00+00:00,REV
LONG,1.571850,1.565070,-0.006780,2018-08-16T04:30:00+00:00,2018-08-16T04:31:00+00:00,REV
SHORT,1.565070,1.566510,-0.001440,2018-08-16T04:31:00+00:00,2018-08-21T02:41:00+00:00,REV
LONG,1.566510,1.607600,0.041090,2018-08-21T02:41:00+00:00,2018-09-04T07:40:00+00:00,REV
SHORT,1.607600,1.615330,-0.007730,2018-09-04T07:40:00+00:00,2018-09-05T10:22:00+00:00,REV
LONG,1.615330,1.613050,-0.002280,2018-09-05T10:22:00+00:00,2018-09-07T00:00:00+00:00,REV
SHORT,1.613050,1.622340,-0.009290,2018-09-07T00:00:00+00:00,2018-09-07T06:17:00+00:00,REV
LONG,1.622340,1.628140,0.005800,2018-09-07T06:17:00+00:00,2018-09-12T11:39:00+00:00,REV
SHORT,1.628140,1.626500,0.001640,2018-09-12T11:39:00+00:00,2018-09-14T02:08:00+00:00,REV
LONG,1.626500,1.623560,-0.002940,2018-09-14T02:08:00+00:00,2018-09-18T06:03:00+00:00,REV
SHORT,1.623560,1.617260,0.006300,2018-09-18T06:03:00+00:00,2018-09-21T04:20:00+00:00,REV
LONG,1.617260,1.618420,0.001160,2018-09-21T04:20:00+00:00,2018-09-26T04:14:00+00:00,REV
SHORT,1.618420,1.608450,0.009970,2018-09-26T04:14:00+00:00,2018-10-03T03:43:00+00:00,REV
LONG,1.608450,1.624870,0.016420,2018-10-03T03:43:00+00:00,2018-10-08T13:38:00+00:00,REV
SHORT,1.624870,1.626410,-0.001540,2018-10-08T13:38:00+00:00,2018-10-10T21:26:00+00:00,REV
LONG,1.626410,1.622840,-0.003570,2018-10-10T21:26:00+00:00,2018-10-12T15:42:00+00:00,REV
SHORT,1.622840,1.627140,-0.004300,2018-10-12T15:42:00+00:00,2018-10-16T09:36:00+00:00,REV
LONG,1.627140,1.621120,-0.006020,2018-10-16T09:36:00+00:00,2018-10-16T17:50:00+00:00,REV
SHORT,1.621120,1.618530,0.002590,2018-10-16T17:50:00+00:00,2018-10-19T23:44:00+00:00,REV
LONG,1.618530,1.617800,-0.000730,2018-10-19T23:44:00+00:00,2018-10-24T02:44:00+00:00,REV
SHORT,1.617800,1.616280,0.001520,2018-10-24T02:44:00+00:00,2018-10-26T06:23:00+00:00,REV
LONG,1.616280,1.604680,-0.011600,2018-10-26T06:23:00+00:00,2018-10-29T00:00:00+00:00,REV
SHORT,1.604680,1.566800,0.037880,2018-10-29T00:00:00+00:00,2018-11-14T01:02:00+00:00,REV
LONG,1.566800,1.562810,-0.003990,2018-11-14T01:02:00+00:00,2018-11-15T00:00:00+00:00,REV
SHORT,1.562810,1.564520,-0.001710,2018-11-15T00:00:00+00:00,2018-11-19T13:39:00+00:00,REV
LONG,1.564520,1.566980,0.002460,2018-11-19T13:39:00+00:00,2018-11-21T18:14:00+00:00,REV
SHORT,1.566980,1.570240,-0.003260,2018-11-21T18:14:00+00:00,2018-11-27T01:00:00+00:00,REV
LONG,1.570240,1.563400,-0.006840,2018-11-27T01:00:00+00:00,2018-11-27T09:30:00+00:00,REV
SHORT,1.563400,1.544450,0.018950,2018-11-27T09:30:00+00:00,2018-12-04T03:03:00+00:00,REV
LONG,1.544450,1.578930,0.034480,2018-12-04T03:03:00+00:00,2018-12-11T00:00:00+00:00,REV
SHORT,1.578930,1.576490,0.002440,2018-12-11T00:00:00+00:00,2018-12-13T01:07:00+00:00,REV
LONG,1.576490,1.614380,0.037890,2018-12-13T01:07:00+00:00,2018-12-26T10:18:00+00:00,REV
SHORT,1.614380,1.622960,-0.008580,2018-12-26T10:18:00+00:00,2018-12-27T16:55:00+00:00,REV
LONG,1.622960,1.620210,-0.002750,2018-12-27T16:55:00+00:00,2018-12-31T04:45:00+00:00,REV
SHORT,1.620210,1.627100,-0.006890,2018-12-31T04:45:00+00:00,2018-12-31T22:57:00+00:00,REV
LONG,1.627100,1.623100,-0.004000,2018-12-31T22:57:00+00:00,2019-01-04T04:40:00+00:00,REV
SHORT,1.623100,1.607740,0.015360,2019-01-04T04:40:00+00:00,2019-01-09T17:32:00+00:00,REV
LONG,1.607740,1.599480,-0.008260,2019-01-09T17:32:00+00:00,2019-01-11T00:01:00+00:00,REV
SHORT,1.599480,1.591490,0.007990,2019-01-11T00:01:00+00:00,2019-01-17T03:41:00+00:00,REV
LONG,1.591490,1.580510,-0.010980,2019-01-17T03:41:00+00:00,2019-01-17T21:40:00+00:00,REV
SHORT,1.580510,1.588270,-0.007760,2019-01-17T21:40:00+00:00,2019-01-21T02:20:00+00:00,REV
LONG,1.588270,1.589250,0.000980,2019-01-21T02:20:00+00:00,2019-01-24T03:04:00+00:00,REV
SHORT,1.589250,1.597580,-0.008330,2019-01-24T03:04:00+00:00,2019-01-24T04:33:00+00:00,REV
LONG,1.597580,1.589040,-0.008540,2019-01-24T04:33:00+00:00,2019-01-25T17:46:00+00:00,REV
SHORT,1.589040,1.597130,-0.008090,2019-01-25T17:46:00+00:00,2019-01-29T02:28:00+00:00,REV
LONG,1.597130,1.593890,-0.003240,2019-01-29T02:28:00+00:00,2019-01-30T02:30:00+00:00,REV
SHORT,1.593890,1.581950,0.011940,2019-01-30T02:30:00+00:00,2019-02-04T02:30:00+00:00,REV
LONG,1.581950,1.579410,-0.002540,2019-02-04T02:30:00+00:00,2019-02-05T05:36:00+00:00,REV
SHORT,1.579410,1.590010,-0.010600,2019-02-05T05:36:00+00:00,2019-02-06T03:50:00+00:00,REV
LONG,1.590010,1.595260,0.005250,2019-02-06T03:50:00+00:00,2019-02-11T00:40:00+00:00,REV
SHORT,1.595260,1.587480,0.007780,2019-02-11T00:40:00+00:00,2019-02-19T02:30:00+00:00,REV
LONG,1.587480,1.581550,-0.005930,2019-02-19T02:30:00+00:00,2019-02-21T02:30:00+00:00,REV
SHORT,1.581550,1.586870,-0.005320,2019-02-21T02:30:00+00:00,2019-02-21T03:28:00+00:00,REV
LONG,1.586870,1.587050,0.000180,2019-02-21T03:28:00+00:00,2019-02-25T00:03:00+00:00,REV
SHORT,1.587050,1.589630,-0.002580,2019-02-25T00:03:00+00:00,2019-02-26T10:43:00+00:00,REV
LONG,1.589630,1.582210,-0.007420,2019-02-26T10:43:00+00:00,2019-02-27T07:30:00+00:00,REV
SHORT,1.582210,1.590270,-0.008060,2019-02-27T07:30:00+00:00,2019-02-27T12:01:00+00:00,REV
LONG,1.590270,1.598250,0.007980,2019-02-27T12:01:00+00:00,2019-03-04T14:22:00+00:00,REV
SHORT,1.598250,1.603960,-0.005710,2019-03-04T14:22:00+00:00,2019-03-06T04:51:00+00:00,REV
LONG,1.603960,1.594070,-0.009890,2019-03-06T04:51:00+00:00,2019-03-07T18:51:00+00:00,REV
SHORT,1.594070,1.597390,-0.003320,2019-03-07T18:51:00+00:00,2019-03-11T00:26:00+00:00,REV
LONG,1.597390,1.594790,-0.002600,2019-03-11T00:26:00+00:00,2019-03-11T06:59:00+00:00,REV
SHORT,1.594790,1.595780,-0.000990,2019-03-11T06:59:00+00:00,2019-03-13T01:08:00+00:00,REV
LONG,1.595780,1.596610,0.000830,2019-03-13T01:08:00+00:00,2019-03-15T04:48:00+00:00,REV
SHORT,1.596610,1.599190,-0.002580,2019-03-15T04:48:00+00:00,2019-03-18T00:37:00+00:00,REV
LONG,1.599190,1.596900,-0.002290,2019-03-18T00:37:00+00:00,2019-03-18T02:35:00+00:00,REV
SHORT,1.596900,1.599840,-0.002940,2019-03-18T02:35:00+00:00,2019-03-19T09:16:00+00:00,REV
LONG,1.599840,1.596770,-0.003070,2019-03-19T09:16:00+00:00,2019-03-21T02:30:00+00:00,REV
SHORT,1.596770,1.596160,0.000610,2019-03-21T02:30:00+00:00,2019-03-25T00:11:00+00:00,REV
LONG,1.596160,1.594350,-0.001810,2019-03-25T00:11:00+00:00,2019-03-25T10:14:00+00:00,REV
SHORT,1.594350,1.579590,0.014760,2019-03-25T10:14:00+00:00,2019-04-02T06:45:00+00:00,REV
LONG,1.579590,1.576180,-0.003410,2019-04-02T06:45:00+00:00,2019-04-04T19:43:00+00:00,REV
SHORT,1.576180,1.581300,-0.005120,2019-04-04T19:43:00+00:00,2019-04-05T18:08:00+00:00,REV
LONG,1.581300,1.577180,-0.004120,2019-04-05T18:08:00+00:00,2019-04-09T09:30:00+00:00,REV
SHORT,1.577180,1.582560,-0.005380,2019-04-09T09:30:00+00:00,2019-04-10T04:34:00+00:00,REV
LONG,1.582560,1.576000,-0.006560,2019-04-10T04:34:00+00:00,2019-04-10T09:19:00+00:00,REV
SHORT,1.576000,1.581970,-0.005970,2019-04-10T09:19:00+00:00,2019-04-12T03:05:00+00:00,REV
LONG,1.581970,1.573600,-0.008370,2019-04-12T03:05:00+00:00,2019-04-15T00:17:00+00:00,REV
SHORT,1.573600,1.579180,-0.005580,2019-04-15T00:17:00+00:00,2019-04-16T04:35:00+00:00,REV
LONG,1.579180,1.573530,-0.005650,2019-04-16T04:35:00+00:00,2019-04-16T19:25:00+00:00,REV
SHORT,1.573530,1.573680,-0.000150,2019-04-16T19:25:00+00:00,2019-04-22T03:05:00+00:00,REV
LONG,1.573680,1.586190,0.012510,2019-04-22T03:05:00+00:00,2019-04-26T00:00:00+00:00,REV
SHORT,1.586190,1.585560,0.000630,2019-04-26T00:00:00+00:00,2019-04-30T01:04:00+00:00,REV
LONG,1.585560,1.593980,0.008420,2019-04-30T01:04:00+00:00,2019-05-03T14:19:00+00:00,REV
SHORT,1.593980,1.602090,-0.008110,2019-05-03T14:19:00+00:00,2019-05-06T00:00:00+00:00,REV
LONG,1.602090,1.598240,-0.003850,2019-05-06T00:00:00+00:00,2019-05-07T07:30:00+00:00,REV
SHORT,1.598240,1.602130,-0.003890,2019-05-07T07:30:00+00:00,2019-05-09T03:12:00+00:00,REV
LONG,1.602130,1.614200,0.012070,2019-05-09T03:12:00+00:00,2019-05-20T00:00:00+00:00,REV
SHORT,1.614200,1.620250,-0.006050,2019-05-20T00:00:00+00:00,2019-05-21T06:10:00+00:00,REV
LONG,1.620250,1.619400,-0.000850,2019-05-21T06:10:00+00:00,2019-05-23T14:30:00+00:00,REV
SHORT,1.619400,1.623990,-0.004590,2019-05-23T14:30:00+00:00,2019-05-24T04:25:00+00:00,REV
LONG,1.623990,1.617410,-0.006580,2019-05-24T04:25:00+00:00,2019-05-24T21:50:00+00:00,REV
SHORT,1.617410,1.612640,0.004770,2019-05-24T21:50:00+00:00,2019-05-31T03:17:00+00:00,REV
LONG,1.612640,1.606860,-0.005780,2019-05-31T03:17:00+00:00,2019-06-03T13:04:00+00:00,REV
SHORT,1.606860,1.613720,-0.006860,2019-06-03T13:04:00+00:00,2019-06-04T03:04:00+00:00,REV
LONG,1.613720,1.608140,-0.005580,2019-06-04T03:04:00+00:00,2019-06-06T14:45:00+00:00,REV
SHORT,1.608140,1.615230,-0.007090,2019-06-06T14:45:00+00:00,2019-06-06T15:37:00+00:00,REV
LONG,1.615230,1.630130,0.014900,2019-06-06T15:37:00+00:00,2019-06-17T00:00:00+00:00,REV
SHORT,1.630130,1.636550,-0.006420,2019-06-17T00:00:00+00:00,2019-06-17T15:47:00+00:00,REV
LONG,1.636550,1.629770,-0.006780,2019-06-17T15:47:00+00:00,2019-06-18T17:13:00+00:00,REV
SHORT,1.629770,1.634580,-0.004810,2019-06-18T17:13:00+00:00,2019-06-20T04:50:00+00:00,REV
LONG,1.634580,1.629570,-0.005010,2019-06-20T04:50:00+00:00,2019-06-21T05:09:00+00:00,REV
SHORT,1.629570,1.636510,-0.006940,2019-06-21T05:09:00+00:00,2019-06-21T14:08:00+00:00,REV
LONG,1.636510,1.634650,-0.001860,2019-06-21T14:08:00+00:00,2019-06-25T11:04:00+00:00,REV
SHORT,1.634650,1.625700,0.008950,2019-06-25T11:04:00+00:00,2019-07-01T17:56:00+00:00,REV
LONG,1.625700,1.614690,-0.011010,2019-07-01T17:56:00+00:00,2019-07-02T15:30:00+00:00,REV
SHORT,1.614690,1.608400,0.006290,2019-07-02T15:30:00+00:00,2019-07-05T16:45:00+00:00,REV
LONG,1.608400,1.615280,0.006880,2019-07-05T16:45:00+00:00,2019-07-11T12:02:00+00:00,REV
SHORT,1.615280,1.601220,0.014060,2019-07-11T12:02:00+00:00,2019-07-17T14:31:00+00:00,REV
LONG,1.601220,1.597060,-0.004160,2019-07-17T14:31:00+00:00,2019-07-18T09:22:00+00:00,REV
SHORT,1.597060,1.595030,0.002030,2019-07-18T09:22:00+00:00,2019-07-22T09:19:00+00:00,REV
LONG,1.595030,1.589460,-0.005570,2019-07-22T09:19:00+00:00,2019-07-22T15:30:00+00:00,REV
SHORT,1.589460,1.594900,-0.005440,2019-07-22T15:30:00+00:00,2019-07-24T03:13:00+00:00,REV
LONG,1.594900,1.614580,0.019680,2019-07-24T03:13:00+00:00,2019-08-01T04:11:00+00:00,REV
SHORT,1.614580,1.624860,-0.010280,2019-08-01T04:11:00+00:00,2019-08-01T20:57:00+00:00,REV
LONG,1.624860,1.653060,0.028200,2019-08-01T20:57:00+00:00,2019-08-08T04:59:00+00:00,REV
SHORT,1.653060,1.652460,0.000600,2019-08-08T04:59:00+00:00,2019-08-12T02:30:00+00:00,REV
LONG,1.652460,1.647610,-0.004850,2019-08-12T02:30:00+00:00,2019-08-13T16:55:00+00:00,REV
SHORT,1.647610,1.638640,0.008970,2019-08-13T16:55:00+00:00,2019-08-22T05:54:00+00:00,REV
LONG,1.638640,1.639640,0.001000,2019-08-22T05:54:00+00:00,2019-08-30T15:02:00+00:00,REV
SHORT,1.639640,1.612100,0.027540,2019-08-30T15:02:00+00:00,2019-09-11T03:30:00+00:00,REV
LONG,1.612100,1.607580,-0.004520,2019-09-11T03:30:00+00:00,2019-09-11T07:04:00+00:00,REV
SHORT,1.607580,1.613000,-0.005420,2019-09-11T07:04:00+00:00,2019-09-13T09:21:00+00:00,REV
LONG,1.613000,1.606850,-0.006150,2019-09-13T09:21:00+00:00,2019-09-16T11:32:00+00:00,REV
SHORT,1.606850,1.613470,-0.006620,2019-09-16T11:32:00+00:00,2019-09-17T14:05:00+00:00,REV
LONG,1.613470,1.622260,0.008790,2019-09-17T14:05:00+00:00,2019-09-23T10:30:00+00:00,REV
SHORT,1.622260,1.624270,-0.002010,2019-09-23T10:30:00+00:00,2019-09-25T14:21:00+00:00,REV
LONG,1.624270,1.616720,-0.007550,2019-09-25T14:21:00+00:00,2019-09-26T13:09:00+00:00,REV
SHORT,1.616720,1.621670,-0.004950,2019-09-26T13:09:00+00:00,2019-10-01T08:44:00+00:00,REV
LONG,1.621670,1.627750,0.006080,2019-10-01T08:44:00+00:00,2019-10-03T18:19:00+00:00,REV
SHORT,1.627750,1.628500,-0.000750,2019-10-03T18:19:00+00:00,2019-10-07T11:55:00+00:00,REV
LONG,1.628500,1.626260,-0.002240,2019-10-07T11:55:00+00:00,2019-10-11T03:55:00+00:00,REV
SHORT,1.626260,1.629940,-0.003680,2019-10-11T03:55:00+00:00,2019-10-14T11:15:00+00:00,REV
LONG,1.629940,1.632240,0.002300,2019-10-14T11:15:00+00:00,2019-10-17T04:06:00+00:00,REV
SHORT,1.632240,1.625220,0.007020,2019-10-17T04:06:00+00:00,2019-10-23T05:07:00+00:00,REV
LONG,1.625220,1.623320,-0.001900,2019-10-23T05:07:00+00:00,2019-10-25T18:04:00+00:00,REV
SHORT,1.623320,1.624650,-0.001330,2019-10-25T18:04:00+00:00,2019-10-28T00:58:00+00:00,REV
LONG,1.624650,1.623210,-0.001440,2019-10-28T00:58:00+00:00,2019-10-28T17:40:00+00:00,REV
SHORT,1.623210,1.618030,0.005180,2019-10-28T17:40:00+00:00,2019-11-05T03:12:00+00:00,REV
LONG,1.618030,1.612210,-0.005820,2019-11-05T03:12:00+00:00,2019-11-05T05:46:00+00:00,REV
SHORT,1.612210,1.611150,0.001060,2019-11-05T05:46:00+00:00,2019-11-07T03:46:00+00:00,REV
LONG,1.611150,1.604450,-0.006700,2019-11-07T03:46:00+00:00,2019-11-07T11:21:00+00:00,REV
SHORT,1.604450,1.609740,-0.005290,2019-11-07T11:21:00+00:00,2019-11-11T14:09:00+00:00,REV
LONG,1.609740,1.608080,-0.001660,2019-11-11T14:09:00+00:00,2019-11-13T03:00:00+00:00,REV
SHORT,1.608080,1.614120,-0.006040,2019-11-13T03:00:00+00:00,2019-11-13T11:56:00+00:00,REV
LONG,1.614120,1.626890,0.012770,2019-11-13T11:56:00+00:00,2019-11-22T11:01:00+00:00,REV
SHORT,1.626890,1.626880,0.000010,2019-11-22T11:01:00+00:00,2019-11-26T11:05:00+00:00,REV
LONG,1.626880,1.621480,-0.005400,2019-11-26T11:05:00+00:00,2019-11-27T15:58:00+00:00,REV
SHORT,1.621480,1.626170,-0.004690,2019-11-27T15:58:00+00:00,2019-11-28T01:08:00+00:00,REV
LONG,1.626170,1.622530,-0.003640,2019-11-28T01:08:00+00:00,2019-11-29T15:02:00+00:00,REV
SHORT,1.622530,1.629000,-0.006470,2019-11-29T15:02:00+00:00,2019-11-29T17:47:00+00:00,REV
LONG,1.629000,1.622370,-0.006630,2019-11-29T17:47:00+00:00,2019-12-02T12:16:00+00:00,REV
SHORT,1.622370,1.625470,-0.003100,2019-12-02T12:16:00+00:00,2019-12-04T09:41:00+00:00,REV
LONG,1.625470,1.616750,-0.008720,2019-12-04T09:41:00+00:00,2019-12-06T18:58:00+00:00,REV
SHORT,1.616750,1.623860,-0.007110,2019-12-06T18:58:00+00:00,2019-12-10T11:08:00+00:00,REV
LONG,1.623860,1.619080,-0.004780,2019-12-10T11:08:00+00:00,2019-12-11T14:54:00+00:00,REV
SHORT,1.619080,1.621270,-0.002190,2019-12-11T14:54:00+00:00,2019-12-13T16:22:00+00:00,REV
LONG,1.621270,1.619980,-0.001290,2019-12-13T16:22:00+00:00,2019-12-19T02:30:00+00:00,REV
SHORT,1.619980,1.602670,0.017310,2019-12-19T02:30:00+00:00,2019-12-26T00:55:00+00:00,REV
LONG,1.602670,1.598720,-0.003950,2019-12-26T00:55:00+00:00,2019-12-26T21:59:00+00:00,REV
SHORT,1.598720,1.603040,-0.004320,2019-12-26T21:59:00+00:00,2019-12-27T19:45:00+00:00,REV
LONG,1.603040,1.598210,-0.004830,2019-12-27T19:45:00+00:00,2019-12-31T09:25:00+00:00,REV
SHORT,1.598210,1.601710,-0.003500,2019-12-31T09:25:00+00:00,2020-01-02T08:19:00+00:00,REV
LONG,1.601710,1.616100,0.014390,2020-01-02T08:19:00+00:00,2020-01-09T02:02:00+00:00,REV
SHORT,1.616100,1.613620,0.002480,2020-01-09T02:02:00+00:00,2020-01-14T00:57:00+00:00,REV
LONG,1.613620,1.611280,-0.002340,2020-01-14T00:57:00+00:00,2020-01-16T13:25:00+00:00,REV
SHORT,1.611280,1.616640,-0.005360,2020-01-16T13:25:00+00:00,2020-01-17T03:35:00+00:00,REV
LONG,1.616640,1.617000,0.000360,2020-01-17T03:35:00+00:00,2020-01-23T02:30:00+00:00,REV
SHORT,1.617000,1.619180,-0.002180,2020-01-23T02:30:00+00:00,2020-01-27T00:00:00+00:00,REV
LONG,1.619180,1.628100,0.008920,2020-01-27T00:00:00+00:00,2020-01-29T02:42:00+00:00,REV
SHORT,1.628100,1.633520,-0.005420,2020-01-29T02:42:00+00:00,2020-01-30T02:19:00+00:00,REV
LONG,1.633520,1.646830,0.013310,2020-01-30T02:19:00+00:00,2020-02-04T05:35:00+00:00,REV
SHORT,1.646830,1.632600,0.014230,2020-02-04T05:35:00+00:00,2020-02-07T02:17:00+00:00,REV
LONG,1.632600,1.631470,-0.001130,2020-02-07T02:17:00+00:00,2020-02-11T00:03:00+00:00,REV
SHORT,1.631470,1.614500,0.016970,2020-02-11T00:03:00+00:00,2020-02-18T00:57:00+00:00,REV
LONG,1.614500,1.613080,-0.001420,2020-02-18T00:57:00+00:00,2020-02-19T01:36:00+00:00,REV
SHORT,1.613080,1.619340,-0.006260,2020-02-19T01:36:00+00:00,2020-02-20T02:30:00+00:00,REV
LONG,1.619340,1.687590,0.068250,2020-02-20T02:30:00+00:00,2020-03-03T17:01:00+00:00,REV
SHORT,1.687590,1.699920,-0.012330,2020-03-03T17:01:00+00:00,2020-03-05T19:44:00+00:00,REV
LONG,1.699920,1.715190,0.015270,2020-03-05T19:44:00+00:00,2020-03-09T00:03:00+00:00,REV
SHORT,1.715190,1.721240,-0.006050,2020-03-09T00:03:00+00:00,2020-03-09T00:49:00+00:00,REV
LONG,1.721240,1.827720,0.106480,2020-03-09T00:49:00+00:00,2020-03-19T17:31:00+00:00,REV
SHORT,1.827720,1.842560,-0.014840,2020-03-19T17:31:00+00:00,2020-03-23T00:00:00+00:00,REV
LONG,1.842560,1.836630,-0.005930,2020-03-23T00:00:00+00:00,2020-03-24T01:20:00+00:00,REV
SHORT,1.836630,1.828500,0.008130,2020-03-24T01:20:00+00:00,2020-03-26T00:28:00+00:00,REV
LONG,1.828500,1.812070,-0.016430,2020-03-26T00:28:00+00:00,2020-03-27T03:37:00+00:00,REV
SHORT,1.812070,1.808950,0.003120,2020-03-27T03:37:00+00:00,2020-04-01T09:18:00+00:00,REV
LONG,1.808950,1.773210,-0.035740,2020-04-01T09:18:00+00:00,2020-04-01T17:49:00+00:00,REV
SHORT,1.773210,1.775770,-0.002560,2020-04-01T17:49:00+00:00,2020-04-08T03:43:00+00:00,REV
LONG,1.775770,1.754980,-0.020790,2020-04-08T03:43:00+00:00,2020-04-08T16:13:00+00:00,REV
SHORT,1.754980,1.716540,0.038440,2020-04-08T16:13:00+00:00,2020-04-15T08:46:00+00:00,REV
LONG,1.716540,1.712790,-0.003750,2020-04-15T08:46:00+00:00,2020-04-17T00:00:00+00:00,REV
SHORT,1.712790,1.715070,-0.002280,2020-04-17T00:00:00+00:00,2020-04-21T00:28:00+00:00,REV
LONG,1.715070,1.711410,-0.003660,2020-04-21T00:28:00+00:00,2020-04-22T05:09:00+00:00,REV
SHORT,1.711410,1.668600,0.042810,2020-04-22T05:09:00+00:00,2020-04-30T15:50:00+00:00,REV
LONG,1.668600,1.694210,0.025610,2020-04-30T15:50:00+00:00,2020-05-05T03:30:00+00:00,REV
SHORT,1.694210,1.688180,0.006030,2020-05-05T03:30:00+00:00,2020-05-07T01:27:00+00:00,REV
LONG,1.688180,1.676310,-0.011870,2020-05-07T01:27:00+00:00,2020-05-07T09:04:00+00:00,REV
SHORT,1.676310,1.668890,0.007420,2020-05-07T09:04:00+00:00,2020-05-11T14:22:00+00:00,REV
LONG,1.668890,1.670120,0.001230,2020-05-11T14:22:00+00:00,2020-05-15T02:15:00+00:00,REV
SHORT,1.670120,1.684060,-0.013940,2020-05-15T02:15:00+00:00,2020-05-15T16:06:00+00:00,REV
LONG,1.684060,1.669250,-0.014810,2020-05-15T16:06:00+00:00,2020-05-18T18:04:00+00:00,REV
SHORT,1.669250,1.673620,-0.004370,2020-05-18T18:04:00+00:00,2020-05-22T06:38:00+00:00,REV
LONG,1.673620,1.666220,-0.007400,2020-05-22T06:38:00+00:00,2020-05-25T02:40:00+00:00,REV
SHORT,1.666220,1.666880,-0.000660,2020-05-25T02:40:00+00:00,2020-05-27T16:42:00+00:00,REV
LONG,1.666880,1.663280,-0.003600,2020-05-27T16:42:00+00:00,2020-06-01T03:18:00+00:00,REV
SHORT,1.663280,1.631860,0.031420,2020-06-01T03:18:00+00:00,2020-06-04T18:30:00+00:00,REV
LONG,1.631860,1.620570,-0.011290,2020-06-04T18:30:00+00:00,2020-06-05T10:43:00+00:00,REV
SHORT,1.620570,1.622780,-0.002210,2020-06-05T10:43:00+00:00,2020-06-09T10:07:00+00:00,REV
LONG,1.622780,1.637940,0.015160,2020-06-09T10:07:00+00:00,2020-06-15T21:01:00+00:00,REV
SHORT,1.637940,1.642180,-0.004240,2020-06-15T21:01:00+00:00,2020-06-22T00:00:00+00:00,REV
LONG,1.642180,1.626510,-0.015670,2020-06-22T00:00:00+00:00,2020-06-23T02:52:00+00:00,REV
SHORT,1.626510,1.638390,-0.011880,2020-06-23T02:52:00+00:00,2020-06-24T18:12:00+00:00,REV
LONG,1.638390,1.628390,-0.010000,2020-06-24T18:12:00+00:00,2020-06-26T00:00:00+00:00,REV
SHORT,1.628390,1.637320,-0.008930,2020-06-26T00:00:00+00:00,2020-06-29T00:57:00+00:00,REV
LONG,1.637320,1.632590,-0.004730,2020-06-29T00:57:00+00:00,2020-06-30T07:00:00+00:00,REV
SHORT,1.632590,1.630270,0.002320,2020-06-30T07:00:00+00:00,2020-07-02T12:34:00+00:00,REV
LONG,1.630270,1.621670,-0.008600,2020-07-02T12:34:00+00:00,2020-07-03T00:06:00+00:00,REV
SHORT,1.621670,1.625120,-0.003450,2020-07-03T00:06:00+00:00,2020-07-06T16:27:00+00:00,REV
LONG,1.625120,1.617650,-0.007470,2020-07-06T16:27:00+00:00,2020-07-07T17:26:00+00:00,REV
SHORT,1.617650,1.628270,-0.010620,2020-07-07T17:26:00+00:00,2020-07-08T17:45:00+00:00,REV
LONG,1.628270,1.621590,-0.006680,2020-07-08T17:45:00+00:00,2020-07-09T10:59:00+00:00,REV
SHORT,1.621590,1.627410,-0.005820,2020-07-09T10:59:00+00:00,2020-07-10T18:25:00+00:00,REV
LONG,1.627410,1.631430,0.004020,2020-07-10T18:25:00+00:00,2020-07-15T01:25:00+00:00,REV
SHORT,1.631430,1.635150,-0.003720,2020-07-15T01:25:00+00:00,2020-07-17T13:38:00+00:00,REV
LONG,1.635150,1.629530,-0.005620,2020-07-17T13:38:00+00:00,2020-07-21T03:35:00+00:00,REV
SHORT,1.629530,1.623610,0.005920,2020-07-21T03:35:00+00:00,2020-07-23T12:22:00+00:00,REV
LONG,1.623610,1.637680,0.014070,2020-07-23T12:22:00+00:00,2020-07-28T17:58:00+00:00,REV
SHORT,1.637680,1.644290,-0.006610,2020-07-28T17:58:00+00:00,2020-07-30T08:47:00+00:00,REV
LONG,1.644290,1.646900,0.002610,2020-07-30T08:47:00+00:00,2020-08-04T16:30:00+00:00,REV
SHORT,1.646900,1.650660,-0.003760,2020-08-04T16:30:00+00:00,2020-08-06T00:09:00+00:00,REV
LONG,1.650660,1.640680,-0.009980,2020-08-06T00:09:00+00:00,2020-08-06T17:09:00+00:00,REV
SHORT,1.640680,1.644990,-0.004310,2020-08-06T17:09:00+00:00,2020-08-12T03:38:00+00:00,REV
LONG,1.644990,1.649170,0.004180,2020-08-12T03:38:00+00:00,2020-08-17T00:43:00+00:00,REV
SHORT,1.649170,1.652900,-0.003730,2020-08-17T00:43:00+00:00,2020-08-18T17:30:00+00:00,REV
LONG,1.652900,1.643800,-0.009100,2020-08-18T17:30:00+00:00,2020-08-19T10:52:00+00:00,REV
SHORT,1.643800,1.649810,-0.006010,2020-08-19T10:52:00+00:00,2020-08-20T04:18:00+00:00,REV
LONG,1.649810,1.646830,-0.002980,2020-08-20T04:18:00+00:00,2020-08-21T02:52:00+00:00,REV
SHORT,1.646830,1.649420,-0.002590,2020-08-21T02:52:00+00:00,2020-08-25T10:58:00+00:00,REV
LONG,1.649420,1.643460,-0.005960,2020-08-25T10:58:00+00:00,2020-08-26T02:35:00+00:00,REV
SHORT,1.643460,1.622550,0.020910,2020-08-26T02:35:00+00:00,2020-09-01T12:54:00+00:00,REV
LONG,1.622550,1.615090,-0.007460,2020-09-01T12:54:00+00:00,2020-09-02T00:26:00+00:00,REV
SHORT,1.615090,1.621480,-0.006390,2020-09-02T00:26:00+00:00,2020-09-03T14:56:00+00:00,REV
LONG,1.621480,1.622860,0.001380,2020-09-03T14:56:00+00:00,2020-09-07T03:47:00+00:00,REV
SHORT,1.622860,1.627530,-0.004670,2020-09-07T03:47:00+00:00,2020-09-08T14:13:00+00:00,REV
LONG,1.627530,1.620340,-0.007190,2020-09-08T14:13:00+00:00,2020-09-10T00:00:00+00:00,REV
SHORT,1.620340,1.630010,-0.009670,2020-09-10T00:00:00+00:00,2020-09-14T11:25:00+00:00,REV
LONG,1.630010,1.623460,-0.006550,2020-09-14T11:25:00+00:00,2020-09-15T08:02:00+00:00,REV
SHORT,1.623460,1.623650,-0.000190,2020-09-15T08:02:00+00:00,2020-09-17T19:26:00+00:00,REV
LONG,1.623650,1.647690,0.024040,2020-09-17T19:26:00+00:00,2020-09-28T07:55:00+00:00,REV
SHORT,1.647690,1.649950,-0.002260,2020-09-28T07:55:00+00:00,2020-09-30T06:11:00+00:00,REV
LONG,1.649950,1.640130,-0.009820,2020-09-30T06:11:00+00:00,2020-09-30T16:11:00+00:00,REV
SHORT,1.640130,1.637920,0.002210,2020-09-30T16:11:00+00:00,2020-10-02T03:44:00+00:00,REV
LONG,1.637920,1.632770,-0.005150,2020-10-02T03:44:00+00:00,2020-10-05T03:04:00+00:00,REV
SHORT,1.632770,1.642160,-0.009390,2020-10-05T03:04:00+00:00,2020-10-06T00:37:00+00:00,REV
LONG,1.642160,1.645760,0.003600,2020-10-06T00:37:00+00:00,2020-10-08T08:53:00+00:00,REV
SHORT,1.645760,1.639050,0.006710,2020-10-08T08:53:00+00:00,2020-10-13T00:28:00+00:00,REV
LONG,1.639050,1.636990,-0.002060,2020-10-13T00:28:00+00:00,2020-10-14T11:02:00+00:00,REV
SHORT,1.636990,1.642180,-0.005190,2020-10-14T11:02:00+00:00,2020-10-15T01:28:00+00:00,REV
LONG,1.642180,1.649200,0.007020,2020-10-15T01:28:00+00:00,2020-10-19T03:01:00+00:00,REV
SHORT,1.649200,1.658590,-0.009390,2020-10-19T03:01:00+00:00,2020-10-19T16:01:00+00:00,REV
LONG,1.658590,1.664270,0.005680,2020-10-19T16:01:00+00:00,2020-10-21T19:23:00+00:00,REV
SHORT,1.664270,1.661840,0.002430,2020-10-21T19:23:00+00:00,2020-10-26T00:17:00+00:00,REV
LONG,1.661840,1.659840,-0.002000,2020-10-26T00:17:00+00:00,2020-10-26T10:45:00+00:00,REV
SHORT,1.659840,1.660790,-0.000950,2020-10-26T10:45:00+00:00,2020-10-28T14:36:00+00:00,REV
LONG,1.660790,1.658070,-0.002720,2020-10-28T14:36:00+00:00,2020-10-30T03:33:00+00:00,REV
SHORT,1.658070,1.624520,0.033550,2020-10-30T03:33:00+00:00,2020-11-12T10:24:00+00:00,REV
LONG,1.624520,1.626420,0.001900,2020-11-12T10:24:00+00:00,2020-11-16T01:36:00+00:00,REV
SHORT,1.626420,1.628290,-0.001870,2020-11-16T01:36:00+00:00,2020-11-18T02:26:00+00:00,REV
LONG,1.628290,1.621600,-0.006690,2020-11-18T02:26:00+00:00,2020-11-20T16:43:00+00:00,REV
SHORT,1.621600,1.620320,0.001280,2020-11-20T16:43:00+00:00,2020-11-30T05:23:00+00:00,REV
LONG,1.620320,1.631910,0.011590,2020-11-30T05:23:00+00:00,2020-12-03T09:08:00+00:00,REV
SHORT,1.631910,1.637350,-0.005440,2020-12-03T09:08:00+00:00,2020-12-04T10:38:00+00:00,REV
LONG,1.637350,1.630400,-0.006950,2020-12-04T10:38:00+00:00,2020-12-07T00:15:00+00:00,REV
SHORT,1.630400,1.613090,0.017310,2020-12-07T00:15:00+00:00,2020-12-15T03:40:00+00:00,REV
LONG,1.613090,1.606530,-0.006560,2020-12-15T03:40:00+00:00,2020-12-16T10:00:00+00:00,REV
SHORT,1.606530,1.612400,-0.005870,2020-12-16T10:00:00+00:00,2020-12-18T07:04:00+00:00,REV
LONG,1.612400,1.612180,-0.000220,2020-12-18T07:04:00+00:00,2020-12-23T09:08:00+00:00,REV
SHORT,1.612180,1.608100,0.004080,2020-12-23T09:08:00+00:00,2020-12-28T10:58:00+00:00,REV
LONG,1.608100,1.606330,-0.001770,2020-12-28T10:58:00+00:00,2020-12-30T05:42:00+00:00,REV
SHORT,1.606330,1.601450,0.004880,2020-12-30T05:42:00+00:00,2021-01-04T19:09:00+00:00,REV
LONG,1.601450,1.586170,-0.015280,2021-01-04T19:09:00+00:00,2021-01-05T18:37:00+00:00,REV
SHORT,1.586170,1.581590,0.004580,2021-01-05T18:37:00+00:00,2021-01-11T04:06:00+00:00,REV
LONG,1.581590,1.573390,-0.008200,2021-01-11T04:06:00+00:00,2021-01-12T11:38:00+00:00,REV
SHORT,1.573390,1.572760,0.000630,2021-01-12T11:38:00+00:00,2021-01-15T17:07:00+00:00,REV
LONG,1.572760,1.567110,-0.005650,2021-01-15T17:07:00+00:00,2021-01-20T12:58:00+00:00,REV
SHORT,1.567110,1.568630,-0.001520,2021-01-20T12:58:00+00:00,2021-01-22T03:00:00+00:00,REV
LONG,1.568630,1.570750,0.002120,2021-01-22T03:00:00+00:00,2021-01-26T14:38:00+00:00,REV
SHORT,1.570750,1.579670,-0.008920,2021-01-26T14:38:00+00:00,2021-01-27T22:01:00+00:00,REV
LONG,1.579670,1.578730,-0.000940,2021-01-27T22:01:00+00:00,2021-02-02T04:37:00+00:00,REV
SHORT,1.578730,1.569040,0.009690,2021-02-02T04:37:00+00:00,2021-02-10T11:49:00+00:00,REV
LONG,1.569040,1.564910,-0.004130,2021-02-10T11:49:00+00:00,2021-02-11T08:41:00+00:00,REV
SHORT,1.564910,1.562340,0.002570,2021-02-11T08:41:00+00:00,2021-02-16T16:02:00+00:00,REV
LONG,1.562340,1.555900,-0.006440,2021-02-16T16:02:00+00:00,2021-02-17T10:36:00+00:00,REV
SHORT,1.555900,1.537730,0.018170,2021-02-17T10:36:00+00:00,2021-02-25T18:07:00+00:00,REV
LONG,1.537730,1.547790,0.010060,2021-02-25T18:07:00+00:00,2021-03-02T00:14:00+00:00,REV
SHORT,1.547790,1.551710,-0.003920,2021-03-02T00:14:00+00:00,2021-03-04T00:00:00+00:00,REV
LONG,1.551710,1.547680,-0.004030,2021-03-04T00:00:00+00:00,2021-03-08T01:00:00+00:00,REV
SHORT,1.547680,1.541250,0.006430,2021-03-08T01:00:00+00:00,2021-03-15T00:22:00+00:00,REV
LONG,1.541250,1.539700,-0.001550,2021-03-15T00:22:00+00:00,2021-03-15T01:14:00+00:00,REV
SHORT,1.539700,1.545940,-0.006240,2021-03-15T01:14:00+00:00,2021-03-16T11:26:00+00:00,REV
LONG,1.545940,1.537050,-0.008890,2021-03-16T11:26:00+00:00,2021-03-16T15:50:00+00:00,REV
SHORT,1.537050,1.536670,0.000380,2021-03-16T15:50:00+00:00,2021-03-19T01:42:00+00:00,REV
LONG,1.536670,1.538020,0.001350,2021-03-19T01:42:00+00:00,2021-03-22T01:20:00+00:00,REV
SHORT,1.538020,1.540520,-0.002500,2021-03-22T01:20:00+00:00,2021-03-22T03:18:00+00:00,REV
LONG,1.540520,1.550900,0.010380,2021-03-22T03:18:00+00:00,2021-03-25T18:49:00+00:00,REV
SHORT,1.550900,1.544730,0.006170,2021-03-25T18:49:00+00:00,2021-03-31T23:10:00+00:00,REV
LONG,1.544730,1.543070,-0.001660,2021-03-31T23:10:00+00:00,2021-04-02T03:25:00+00:00,REV
SHORT,1.543070,1.546440,-0.003370,2021-04-02T03:25:00+00:00,2021-04-06T06:42:00+00:00,REV
LONG,1.546440,1.560460,0.014020,2021-04-06T06:42:00+00:00,2021-04-14T07:43:00+00:00,REV
SHORT,1.560460,1.550160,0.010300,2021-04-14T07:43:00+00:00,2021-04-19T00:45:00+00:00,REV
LONG,1.550160,1.544810,-0.005350,2021-04-19T00:45:00+00:00,2021-04-20T09:37:00+00:00,REV
SHORT,1.544810,1.553070,-0.008260,2021-04-20T09:37:00+00:00,2021-04-20T17:46:00+00:00,REV
LONG,1.553070,1.554240,0.001170,2021-04-20T17:46:00+00:00,2021-04-26T11:15:00+00:00,REV
SHORT,1.554240,1.557010,-0.002770,2021-04-26T11:15:00+00:00,2021-04-28T00:09:00+00:00,REV
LONG,1.557010,1.554170,-0.002840,2021-04-28T00:09:00+00:00,2021-04-29T01:51:00+00:00,REV
SHORT,1.554170,1.561160,-0.006990,2021-04-29T01:51:00+00:00,2021-05-04T15:10:00+00:00,REV
LONG,1.561160,1.552670,-0.008490,2021-05-04T15:10:00+00:00,2021-05-05T11:29:00+00:00,REV
SHORT,1.552670,1.550630,0.002040,2021-05-05T11:29:00+00:00,2021-05-11T04:01:00+00:00,REV
LONG,1.550630,1.569640,0.019010,2021-05-11T04:01:00+00:00,2021-05-21T14:58:00+00:00,REV
SHORT,1.569640,1.579980,-0.010340,2021-05-21T14:58:00+00:00,2021-05-24T11:37:00+00:00,REV
LONG,1.579980,1.573020,-0.006960,2021-05-24T11:37:00+00:00,2021-05-25T00:10:00+00:00,REV
SHORT,1.573020,1.577700,-0.004680,2021-05-25T00:10:00+00:00,2021-05-28T09:23:00+00:00,REV
LONG,1.577700,1.578640,0.000940,2021-05-28T09:23:00+00:00,2021-06-01T03:55:00+00:00,REV
SHORT,1.578640,1.580170,-0.001530,2021-06-01T03:55:00+00:00,2021-06-03T15:56:00+00:00,REV
LONG,1.580170,1.574110,-0.006060,2021-06-03T15:56:00+00:00,2021-06-04T16:34:00+00:00,REV
SHORT,1.574110,1.573440,0.000670,2021-06-04T16:34:00+00:00,2021-06-08T08:49:00+00:00,REV
LONG,1.573440,1.571190,-0.002250,2021-06-08T08:49:00+00:00,2021-06-10T13:08:00+00:00,REV
SHORT,1.571190,1.572920,-0.001730,2021-06-10T13:08:00+00:00,2021-06-15T04:36:00+00:00,REV
LONG,1.572920,1.570760,-0.002160,2021-06-15T04:36:00+00:00,2021-06-17T04:30:00+00:00,REV
SHORT,1.570760,1.579110,-0.008350,2021-06-17T04:30:00+00:00,2021-06-17T18:13:00+00:00,REV
LONG,1.579110,1.579380,0.000270,2021-06-17T18:13:00+00:00,2021-06-23T00:43:00+00:00,REV
SHORT,1.579380,1.574470,0.004910,2021-06-23T00:43:00+00:00,2021-06-28T01:46:00+00:00,REV
LONG,1.574470,1.570750,-0.003720,2021-06-28T01:46:00+00:00,2021-06-28T08:01:00+00:00,REV
SHORT,1.570750,1.577320,-0.006570,2021-06-28T08:01:00+00:00,2021-06-29T03:17:00+00:00,REV
LONG,1.577320,1.579590,0.002270,2021-06-29T03:17:00+00:00,2021-07-02T19:41:00+00:00,REV
SHORT,1.579590,1.578750,0.000840,2021-07-02T19:41:00+00:00,2021-07-06T19:37:00+00:00,REV
LONG,1.578750,1.584340,0.005590,2021-07-06T19:37:00+00:00,2021-07-12T00:17:00+00:00,REV
SHORT,1.584340,1.584830,-0.000490,2021-07-12T00:17:00+00:00,2021-07-15T05:13:00+00:00,REV
LONG,1.584830,1.604030,0.019200,2021-07-15T05:13:00+00:00,2021-07-21T18:43:00+00:00,REV
SHORT,1.604030,1.599960,0.004070,2021-07-21T18:43:00+00:00,2021-07-26T03:47:00+00:00,REV
LONG,1.599960,1.602470,0.002510,2021-07-26T03:47:00+00:00,2021-07-29T11:41:00+00:00,REV
SHORT,1.602470,1.610220,-0.007750,2021-07-29T11:41:00+00:00,2021-07-29T16:42:00+00:00,REV
LONG,1.610220,1.609510,-0.000710,2021-07-29T16:42:00+00:00,2021-08-03T07:30:00+00:00,REV
SHORT,1.609510,1.601930,0.007580,2021-08-03T07:30:00+00:00,2021-08-09T01:57:00+00:00,REV
LONG,1.601930,1.596770,-0.005160,2021-08-09T01:57:00+00:00,2021-08-10T14:04:00+00:00,REV
SHORT,1.596770,1.599530,-0.002760,2021-08-10T14:04:00+00:00,2021-08-12T20:36:00+00:00,REV
LONG,1.599530,1.631950,0.032420,2021-08-12T20:36:00+00:00,2021-08-23T14:31:00+00:00,REV
SHORT,1.631950,1.622220,0.009730,2021-08-23T14:31:00+00:00,2021-08-26T10:08:00+00:00,REV
LONG,1.622220,1.616800,-0.005420,2021-08-26T10:08:00+00:00,2021-08-27T17:12:00+00:00,REV
SHORT,1.616800,1.619230,-0.002430,2021-08-27T17:12:00+00:00,2021-08-31T05:18:00+00:00,REV
LONG,1.619230,1.611790,-0.007440,2021-08-31T05:18:00+00:00,2021-08-31T09:21:00+00:00,REV
SHORT,1.611790,1.598190,0.013600,2021-08-31T09:21:00+00:00,2021-09-07T07:56:00+00:00,REV
LONG,1.598190,1.600390,0.002200,2021-09-07T07:56:00+00:00,2021-09-09T16:12:00+00:00,REV
SHORT,1.600390,1.607210,-0.006820,2021-09-09T16:12:00+00:00,2021-09-13T00:46:00+00:00,REV
LONG,1.607210,1.609880,0.002670,2021-09-13T00:46:00+00:00,2021-09-16T00:10:00+00:00,REV
SHORT,1.609880,1.616860,-0.006980,2021-09-16T00:10:00+00:00,2021-09-16T17:55:00+00:00,REV
LONG,1.616860,1.613010,-0.003850,2021-09-16T17:55:00+00:00,2021-09-21T07:17:00+00:00,REV
SHORT,1.613010,1.621620,-0.008610,2021-09-21T07:17:00+00:00,2021-09-21T16:30:00+00:00,REV
LONG,1.621620,1.611120,-0.010500,2021-09-21T16:30:00+00:00,2021-09-22T21:05:00+00:00,REV
SHORT,1.611120,1.615840,-0.004720,2021-09-22T21:05:00+00:00,2021-09-28T17:15:00+00:00,REV
LONG,1.615840,1.606670,-0.009170,2021-09-28T17:15:00+00:00,2021-09-30T16:26:00+00:00,REV
SHORT,1.606670,1.599540,0.007130,2021-09-30T16:26:00+00:00,2021-10-06T10:21:00+00:00,REV
LONG,1.599540,1.589020,-0.010520,2021-10-06T10:21:00+00:00,2021-10-06T21:12:00+00:00,REV
SHORT,1.589020,1.585270,0.003750,2021-10-06T21:12:00+00:00,2021-10-11T02:38:00+00:00,REV
LONG,1.585270,1.577950,-0.007320,2021-10-11T02:38:00+00:00,2021-10-11T09:04:00+00:00,REV
SHORT,1.577950,1.566220,0.011730,2021-10-11T09:04:00+00:00,2021-10-18T11:24:00+00:00,REV
LONG,1.566220,1.560100,-0.006120,2021-10-18T11:24:00+00:00,2021-10-19T09:26:00+00:00,REV
SHORT,1.560100,1.558240,0.001860,2021-10-19T09:26:00+00:00,2021-10-21T20:16:00+00:00,REV
LONG,1.558240,1.549570,-0.008670,2021-10-21T20:16:00+00:00,2021-10-25T15:28:00+00:00,REV
SHORT,1.549570,1.548670,0.000900,2021-10-25T15:28:00+00:00,2021-10-28T04:10:00+00:00,REV
LONG,1.548670,1.539680,-0.008990,2021-10-28T04:10:00+00:00,2021-10-28T15:20:00+00:00,REV
SHORT,1.539680,1.550230,-0.010550,2021-10-28T15:20:00+00:00,2021-10-29T01:13:00+00:00,REV
LONG,1.550230,1.539500,-0.010730,2021-10-29T01:13:00+00:00,2021-10-29T18:27:00+00:00,REV
SHORT,1.539500,1.539100,0.000400,2021-10-29T18:27:00+00:00,2021-11-01T03:02:00+00:00,REV
LONG,1.539100,1.554480,0.015380,2021-11-01T03:02:00+00:00,2021-11-04T10:01:00+00:00,REV
SHORT,1.554480,1.562360,-0.007880,2021-11-04T10:01:00+00:00,2021-11-04T20:16:00+00:00,REV
LONG,1.562360,1.564680,0.002320,2021-11-04T20:16:00+00:00,2021-11-12T17:25:00+00:00,REV
SHORT,1.564680,1.551980,0.012700,2021-11-12T17:25:00+00:00,2021-11-17T02:30:00+00:00,REV
LONG,1.551980,1.556010,0.004030,2021-11-17T02:30:00+00:00,2021-11-22T05:25:00+00:00,REV
SHORT,1.556010,1.561330,-0.005320,2021-11-22T05:25:00+00:00,2021-11-23T10:48:00+00:00,REV
LONG,1.561330,1.553300,-0.008030,2021-11-23T10:48:00+00:00,2021-11-24T11:40:00+00:00,REV
SHORT,1.553300,1.561310,-0.008010,2021-11-24T11:40:00+00:00,2021-11-25T11:08:00+00:00,REV
LONG,1.561310,1.598950,0.037640,2021-11-25T11:08:00+00:00,2021-12-07T05:31:00+00:00,REV
SHORT,1.598950,1.582870,0.016080,2021-12-07T05:31:00+00:00,2021-12-13T16:09:00+00:00,REV
LONG,1.582870,1.580070,-0.002800,2021-12-13T16:09:00+00:00,2021-12-15T10:44:00+00:00,REV
SHORT,1.580070,1.579870,0.000200,2021-12-15T10:44:00+00:00,2021-12-17T01:25:00+00:00,REV
LONG,1.579870,1.575240,-0.004630,2021-12-17T01:25:00+00:00,2021-12-20T00:39:00+00:00,REV
SHORT,1.575240,1.584100,-0.008860,2021-12-20T00:39:00+00:00,2021-12-20T07:43:00+00:00,REV
LONG,1.584100,1.575630,-0.008470,2021-12-20T07:43:00+00:00,2021-12-22T11:37:00+00:00,REV
SHORT,1.575630,1.567830,0.007800,2021-12-22T11:37:00+00:00,2021-12-27T09:32:00+00:00,REV
LONG,1.567830,1.562720,-0.005110,2021-12-27T09:32:00+00:00,2021-12-28T11:31:00+00:00,REV
SHORT,1.562720,1.566410,-0.003690,2021-12-28T11:31:00+00:00,2021-12-29T03:38:00+00:00,REV
LONG,1.566410,1.559320,-0.007090,2021-12-29T03:38:00+00:00,2021-12-30T10:00:00+00:00,REV
SHORT,1.559320,1.566120,-0.006800,2021-12-30T10:00:00+00:00,2021-12-31T17:29:00+00:00,REV
LONG,1.566120,1.560710,-0.005410,2021-12-31T17:29:00+00:00,2022-01-04T17:57:00+00:00,REV
SHORT,1.560710,1.567580,-0.006870,2022-01-04T17:57:00+00:00,2022-01-06T01:06:00+00:00,REV
LONG,1.567580,1.573920,0.006340,2022-01-06T01:06:00+00:00,2022-01-10T09:38:00+00:00,REV
SHORT,1.573920,1.574540,-0.000620,2022-01-10T09:38:00+00:00,2022-01-14T02:02:00+00:00,REV
LONG,1.574540,1.579310,0.004770,2022-01-14T02:02:00+00:00,2022-01-18T17:24:00+00:00,REV
SHORT,1.579310,1.573750,0.005560,2022-01-18T17:24:00+00:00,2022-01-21T03:12:00+00:00,REV
LONG,1.573750,1.576820,0.003070,2022-01-21T03:12:00+00:00,2022-01-25T02:30:00+00:00,REV
SHORT,1.576820,1.584760,-0.007940,2022-01-25T02:30:00+00:00,2022-01-27T03:16:00+00:00,REV
LONG,1.584760,1.582610,-0.002150,2022-01-27T03:16:00+00:00,2022-01-31T13:10:00+00:00,REV
SHORT,1.582610,1.595420,-0.012810,2022-01-31T13:10:00+00:00,2022-02-01T05:33:00+00:00,REV
LONG,1.595420,1.581380,-0.014040,2022-02-01T05:33:00+00:00,2022-02-01T17:58:00+00:00,REV
SHORT,1.581380,1.587070,-0.005690,2022-02-01T17:58:00+00:00,2022-02-03T01:47:00+00:00,REV
LONG,1.587070,1.604240,0.017170,2022-02-03T01:47:00+00:00,2022-02-08T00:08:00+00:00,REV
SHORT,1.604240,1.598830,0.005410,2022-02-08T00:08:00+00:00,2022-02-10T22:47:00+00:00,REV
LONG,1.598830,1.586100,-0.012730,2022-02-10T22:47:00+00:00,2022-02-14T17:12:00+00:00,REV
SHORT,1.586100,1.568070,0.018030,2022-02-14T17:12:00+00:00,2022-02-25T02:52:00+00:00,REV
LONG,1.568070,1.555410,-0.012660,2022-02-25T02:52:00+00:00,2022-02-25T09:02:00+00:00,REV
SHORT,1.555410,1.488880,0.066530,2022-02-25T09:02:00+00:00,2022-03-08T07:09:00+00:00,REV
LONG,1.488880,1.493550,0.004670,2022-03-08T07:09:00+00:00,2022-03-10T17:35:00+00:00,REV
SHORT,1.493550,1.498730,-0.005180,2022-03-10T17:35:00+00:00,2022-03-14T00:08:00+00:00,REV
LONG,1.498730,1.517730,0.019000,2022-03-14T00:08:00+00:00,2022-03-16T08:55:00+00:00,REV
SHORT,1.517730,1.492550,0.025180,2022-03-16T08:55:00+00:00,2022-03-21T04:24:00+00:00,REV
LONG,1.492550,1.490650,-0.001900,2022-03-21T04:24:00+00:00,2022-03-21T14:53:00+00:00,REV
SHORT,1.490650,1.469930,0.020720,2022-03-21T14:53:00+00:00,2022-03-29T12:08:00+00:00,REV
LONG,1.469930,1.476240,0.006310,2022-03-29T12:08:00+00:00,2022-04-01T10:24:00+00:00,REV
SHORT,1.476240,1.454160,0.022080,2022-04-01T10:24:00+00:00,2022-04-07T03:56:00+00:00,REV
LONG,1.454160,1.459150,0.004990,2022-04-07T03:56:00+00:00,2022-04-12T14:50:00+00:00,REV
SHORT,1.459150,1.464670,-0.005520,2022-04-12T14:50:00+00:00,2022-04-14T10:13:00+00:00,REV
LONG,1.464670,1.460050,-0.004620,2022-04-14T10:13:00+00:00,2022-04-19T09:17:00+00:00,REV
SHORT,1.460050,1.463630,-0.003580,2022-04-19T09:17:00+00:00,2022-04-21T09:36:00+00:00,REV
LONG,1.463630,1.487790,0.024160,2022-04-21T09:36:00+00:00,2022-04-26T06:01:00+00:00,REV
SHORT,1.487790,1.488680,-0.000890,2022-04-26T06:01:00+00:00,2022-04-29T19:54:00+00:00,REV
LONG,1.488680,1.486460,-0.002220,2022-04-29T19:54:00+00:00,2022-05-03T03:33:00+00:00,REV
SHORT,1.486460,1.484250,0.002210,2022-05-03T03:33:00+00:00,2022-05-05T19:47:00+00:00,REV
LONG,1.484250,1.511080,0.026830,2022-05-05T19:47:00+00:00,2022-05-11T11:25:00+00:00,REV
SHORT,1.511080,1.519380,-0.008300,2022-05-11T11:25:00+00:00,2022-05-12T03:10:00+00:00,REV
LONG,1.519380,1.508490,-0.010890,2022-05-12T03:10:00+00:00,2022-05-13T03:40:00+00:00,REV
SHORT,1.508490,1.505880,0.002610,2022-05-13T03:40:00+00:00,2022-05-19T03:52:00+00:00,REV
LONG,1.505880,1.497130,-0.008750,2022-05-19T03:52:00+00:00,2022-05-19T06:06:00+00:00,REV
SHORT,1.497130,1.508030,-0.010900,2022-05-19T06:06:00+00:00,2022-05-20T07:00:00+00:00,REV
LONG,1.508030,1.494910,-0.013120,2022-05-20T07:00:00+00:00,2022-05-20T16:58:00+00:00,REV
SHORT,1.494910,1.506020,-0.011110,2022-05-20T16:58:00+00:00,2022-05-24T01:49:00+00:00,REV
LONG,1.506020,1.502360,-0.003660,2022-05-24T01:49:00+00:00,2022-05-25T10:11:00+00:00,REV
SHORT,1.502360,1.514290,-0.011930,2022-05-25T10:11:00+00:00,2022-05-26T17:57:00+00:00,REV
LONG,1.514290,1.505070,-0.009220,2022-05-26T17:57:00+00:00,2022-05-27T10:36:00+00:00,REV
SHORT,1.505070,1.488120,0.016950,2022-05-27T10:36:00+00:00,2022-06-06T02:54:00+00:00,REV
LONG,1.488120,1.481890,-0.006230,2022-06-06T02:54:00+00:00,2022-06-07T07:30:00+00:00,REV
SHORT,1.481890,1.490690,-0.008800,2022-06-07T07:30:00+00:00,2022-06-08T13:04:00+00:00,REV
LONG,1.490690,1.488820,-0.001870,2022-06-08T13:04:00+00:00,2022-06-10T11:16:00+00:00,REV
SHORT,1.488820,1.498150,-0.009330,2022-06-10T11:16:00+00:00,2022-06-13T11:26:00+00:00,REV
LONG,1.498150,1.496810,-0.001340,2022-06-13T11:26:00+00:00,2022-06-15T18:38:00+00:00,REV
SHORT,1.496810,1.508840,-0.012030,2022-06-15T18:38:00+00:00,2022-06-17T17:00:00+00:00,REV
LONG,1.508840,1.519900,0.011060,2022-06-17T17:00:00+00:00,2022-06-24T17:47:00+00:00,REV
SHORT,1.519900,1.528090,-0.008190,2022-06-24T17:47:00+00:00,2022-06-27T03:54:00+00:00,REV
LONG,1.528090,1.518500,-0.009590,2022-06-27T03:54:00+00:00,2022-06-28T16:02:00+00:00,REV
SHORT,1.518500,1.529590,-0.011090,2022-06-28T16:02:00+00:00,2022-06-29T12:03:00+00:00,REV
LONG,1.529590,1.516480,-0.013110,2022-06-29T12:03:00+00:00,2022-06-30T05:18:00+00:00,REV
SHORT,1.516480,1.522940,-0.006460,2022-06-30T05:18:00+00:00,2022-07-01T05:51:00+00:00,REV
LONG,1.522940,1.517170,-0.005770,2022-07-01T05:51:00+00:00,2022-07-04T13:48:00+00:00,REV
SHORT,1.517170,1.490530,0.026640,2022-07-04T13:48:00+00:00,2022-07-11T13:56:00+00:00,REV
LONG,1.490530,1.483430,-0.007100,2022-07-11T13:56:00+00:00,2022-07-13T00:17:00+00:00,REV
SHORT,1.483430,1.491710,-0.008280,2022-07-13T00:17:00+00:00,2022-07-14T13:58:00+00:00,REV
LONG,1.491710,1.481850,-0.009860,2022-07-14T13:58:00+00:00,2022-07-18T01:45:00+00:00,REV
SHORT,1.481850,1.485290,-0.003440,2022-07-18T01:45:00+00:00,2022-07-21T15:12:00+00:00,REV
LONG,1.485290,1.474980,-0.010310,2022-07-21T15:12:00+00:00,2022-07-21T20:31:00+00:00,REV
SHORT,1.474980,1.477070,-0.002090,2022-07-21T20:31:00+00:00,2022-07-25T01:25:00+00:00,REV
LONG,1.477070,1.467610,-0.009460,2022-07-25T01:25:00+00:00,2022-07-26T04:37:00+00:00,REV
SHORT,1.467610,1.462120,0.005490,2022-07-26T04:37:00+00:00,2022-07-29T12:01:00+00:00,REV
LONG,1.462120,1.455330,-0.006790,2022-07-29T12:01:00+00:00,2022-08-01T13:44:00+00:00,REV
SHORT,1.455330,1.466410,-0.011080,2022-08-01T13:44:00+00:00,2022-08-02T07:30:00+00:00,REV
LONG,1.466410,1.461430,-0.004980,2022-08-02T07:30:00+00:00,2022-08-04T04:15:00+00:00,REV
SHORT,1.461430,1.470650,-0.009220,2022-08-04T04:15:00+00:00,2022-08-05T00:16:00+00:00,REV
LONG,1.470650,1.467110,-0.003540,2022-08-05T00:16:00+00:00,2022-08-08T09:48:00+00:00,REV
SHORT,1.467110,1.469210,-0.002100,2022-08-08T09:48:00+00:00,2022-08-10T08:11:00+00:00,REV
LONG,1.469210,1.457950,-0.011260,2022-08-10T08:11:00+00:00,2022-08-10T17:56:00+00:00,REV
SHORT,1.457950,1.454120,0.003830,2022-08-10T17:56:00+00:00,2022-08-15T15:43:00+00:00,REV
LONG,1.454120,1.457430,0.003310,2022-08-15T15:43:00+00:00,2022-08-19T06:05:00+00:00,REV
SHORT,1.457430,1.443790,0.013640,2022-08-19T06:05:00+00:00,2022-08-26T17:36:00+00:00,REV
LONG,1.443790,1.444170,0.000380,2022-08-26T17:36:00+00:00,2022-08-30T10:12:00+00:00,REV
SHORT,1.444170,1.455930,-0.011760,2022-08-30T10:12:00+00:00,2022-08-30T17:47:00+00:00,REV
LONG,1.455930,1.460880,0.004950,2022-08-30T17:47:00+00:00,2022-09-05T00:28:00+00:00,REV
SHORT,1.460880,1.464250,-0.003370,2022-09-05T00:28:00+00:00,2022-09-06T07:30:00+00:00,REV
LONG,1.464250,1.474850,0.010600,2022-09-06T07:30:00+00:00,2022-09-09T06:54:00+00:00,REV
SHORT,1.474850,1.481870,-0.007020,2022-09-09T06:54:00+00:00,2022-09-12T10:34:00+00:00,REV
LONG,1.481870,1.468540,-0.013330,2022-09-12T10:34:00+00:00,2022-09-13T00:00:00+00:00,REV
SHORT,1.468540,1.482130,-0.013590,2022-09-13T00:00:00+00:00,2022-09-13T22:38:00+00:00,REV
LONG,1.482130,1.477960,-0.004170,2022-09-13T22:38:00+00:00,2022-09-15T00:00:00+00:00,REV
SHORT,1.477960,1.489960,-0.012000,2022-09-15T00:00:00+00:00,2022-09-15T18:13:00+00:00,REV
LONG,1.489960,1.487700,-0.002260,2022-09-15T18:13:00+00:00,2022-09-20T15:29:00+00:00,REV
SHORT,1.487700,1.487840,-0.000140,2022-09-20T15:29:00+00:00,2022-09-26T10:57:00+00:00,REV
LONG,1.487840,1.519020,0.031180,2022-09-26T10:57:00+00:00,2022-10-06T05:34:00+00:00,REV
SHORT,1.519020,1.532110,-0.013090,2022-10-06T05:34:00+00:00,2022-10-10T01:25:00+00:00,REV
LONG,1.532110,1.555990,0.023880,2022-10-10T01:25:00+00:00,2022-10-18T15:00:00+00:00,REV
SHORT,1.555990,1.563040,-0.007050,2022-10-18T15:00:00+00:00,2022-10-20T04:56:00+00:00,REV
LONG,1.563040,1.553420,-0.009620,2022-10-20T04:56:00+00:00,2022-10-20T16:38:00+00:00,REV
SHORT,1.553420,1.564790,-0.011370,2022-10-20T16:38:00+00:00,2022-10-24T15:20:00+00:00,REV
LONG,1.564790,1.554850,-0.009940,2022-10-24T15:20:00+00:00,2022-10-26T06:48:00+00:00,REV
SHORT,1.554850,1.555450,-0.000600,2022-10-26T06:48:00+00:00,2022-10-31T00:00:00+00:00,REV
LONG,1.555450,1.553070,-0.002380,2022-10-31T00:00:00+00:00,2022-10-31T00:19:00+00:00,REV
SHORT,1.553070,1.548180,0.004890,2022-10-31T00:19:00+00:00,2022-11-03T01:14:00+00:00,REV
LONG,1.548180,1.542720,-0.005460,2022-11-03T01:14:00+00:00,2022-11-04T05:46:00+00:00,REV
SHORT,1.542720,1.549740,-0.007020,2022-11-04T05:46:00+00:00,2022-11-08T07:13:00+00:00,REV
LONG,1.549740,1.540220,-0.009520,2022-11-08T07:13:00+00:00,2022-11-08T18:18:00+00:00,REV
SHORT,1.540220,1.552420,-0.012200,2022-11-08T18:18:00+00:00,2022-11-09T12:15:00+00:00,REV
LONG,1.552420,1.545640,-0.006780,2022-11-09T12:15:00+00:00,2022-11-10T15:30:00+00:00,REV
SHORT,1.545640,1.547100,-0.001460,2022-11-10T15:30:00+00:00,2022-11-15T16:15:00+00:00,REV
LONG,1.547100,1.537790,-0.009310,2022-11-15T16:15:00+00:00,2022-11-15T17:53:00+00:00,REV
SHORT,1.537790,1.545080,-0.007290,2022-11-15T17:53:00+00:00,2022-11-17T05:12:00+00:00,REV
LONG,1.545080,1.544290,-0.000790,2022-11-17T05:12:00+00:00,2022-11-22T14:12:00+00:00,REV
SHORT,1.544290,1.552360,-0.008070,2022-11-22T14:12:00+00:00,2022-11-23T03:44:00+00:00,REV
LONG,1.552360,1.544150,-0.008210,2022-11-23T03:44:00+00:00,2022-11-23T17:55:00+00:00,REV
SHORT,1.544150,1.545240,-0.001090,2022-11-23T17:55:00+00:00,2022-11-28T02:01:00+00:00,REV
LONG,1.545240,1.540600,-0.004640,2022-11-28T02:01:00+00:00,2022-11-29T10:16:00+00:00,REV
SHORT,1.540600,1.545600,-0.005000,2022-11-29T10:16:00+00:00,2022-12-02T01:00:00+00:00,REV
LONG,1.545600,1.559680,0.014080,2022-12-02T01:00:00+00:00,2022-12-08T14:53:00+00:00,REV
SHORT,1.559680,1.565110,-0.005430,2022-12-08T14:53:00+00:00,2022-12-12T18:40:00+00:00,REV
LONG,1.565110,1.548580,-0.016530,2022-12-12T18:40:00+00:00,2022-12-13T15:40:00+00:00,REV
SHORT,1.548580,1.560350,-0.011770,2022-12-13T15:40:00+00:00,2022-12-15T06:48:00+00:00,REV
LONG,1.560350,1.577750,0.017400,2022-12-15T06:48:00+00:00,2022-12-19T00:04:00+00:00,REV
SHORT,1.577750,1.586810,-0.009060,2022-12-19T00:04:00+00:00,2022-12-20T05:30:00+00:00,REV
LONG,1.586810,1.579790,-0.007020,2022-12-20T05:30:00+00:00,2022-12-22T01:53:00+00:00,REV
SHORT,1.579790,1.581690,-0.001900,2022-12-22T01:53:00+00:00,2022-12-29T11:26:00+00:00,REV
LONG,1.581690,1.571510,-0.010180,2022-12-29T11:26:00+00:00,2022-12-30T00:20:00+00:00,REV
SHORT,1.571510,1.573320,-0.001810,2022-12-30T00:20:00+00:00,2023-01-03T10:56:00+00:00,REV
LONG,1.573320,1.561730,-0.011590,2023-01-03T10:56:00+00:00,2023-01-04T03:42:00+00:00,REV
SHORT,1.561730,1.553990,0.007740,2023-01-04T03:42:00+00:00,2023-01-10T01:05:00+00:00,REV
LONG,1.553990,1.552180,-0.001810,2023-01-10T01:05:00+00:00,2023-01-12T15:35:00+00:00,REV
SHORT,1.552180,1.557310,-0.005130,2023-01-12T15:35:00+00:00,2023-01-17T12:08:00+00:00,REV
LONG,1.557310,1.548420,-0.008890,2023-01-17T12:08:00+00:00,2023-01-17T17:40:00+00:00,REV
SHORT,1.548420,1.555940,-0.007520,2023-01-17T17:40:00+00:00,2023-01-19T02:26:00+00:00,REV
LONG,1.555940,1.556390,0.000450,2023-01-19T02:26:00+00:00,2023-01-23T01:19:00+00:00,REV
SHORT,1.556390,1.532930,0.023460,2023-01-23T01:19:00+00:00,2023-01-30T04:57:00+00:00,REV
LONG,1.532930,1.535660,0.002730,2023-01-30T04:57:00+00:00,2023-02-02T16:02:00+00:00,REV
SHORT,1.535660,1.544190,-0.008530,2023-02-02T16:02:00+00:00,2023-02-03T04:13:00+00:00,REV
LONG,1.544190,1.553720,0.009530,2023-02-03T04:13:00+00:00,2023-02-07T04:31:00+00:00,REV
SHORT,1.553720,1.548890,0.004830,2023-02-07T04:31:00+00:00,2023-02-09T22:30:00+00:00,REV
LONG,1.548890,1.539020,-0.009870,2023-02-09T22:30:00+00:00,2023-02-13T14:59:00+00:00,REV
SHORT,1.539020,1.547190,-0.008170,2023-02-13T14:59:00+00:00,2023-02-14T16:31:00+00:00,REV
LONG,1.547190,1.537690,-0.009500,2023-02-14T16:31:00+00:00,2023-02-14T17:56:00+00:00,REV
SHORT,1.537690,1.547710,-0.010020,2023-02-14T17:56:00+00:00,2023-02-15T08:39:00+00:00,REV
LONG,1.547710,1.550150,0.002440,2023-02-15T08:39:00+00:00,2023-02-20T04:28:00+00:00,REV
SHORT,1.550150,1.554340,-0.004190,2023-02-20T04:28:00+00:00,2023-02-22T02:30:00+00:00,REV
LONG,1.554340,1.569450,0.015110,2023-02-22T02:30:00+00:00,2023-03-01T00:05:00+00:00,REV
SHORT,1.569450,1.581700,-0.012250,2023-03-01T00:05:00+00:00,2023-03-01T17:04:00+00:00,REV
LONG,1.581700,1.573630,-0.008070,2023-03-01T17:04:00+00:00,2023-03-03T02:47:00+00:00,REV
SHORT,1.573630,1.575280,-0.001650,2023-03-03T02:47:00+00:00,2023-03-06T03:10:00+00:00,REV
LONG,1.575280,1.603880,0.028600,2023-03-06T03:10:00+00:00,2023-03-13T16:44:00+00:00,REV
SHORT,1.603880,1.593400,0.010480,2023-03-13T16:44:00+00:00,2023-03-20T03:38:00+00:00,REV
LONG,1.593400,1.616770,0.023370,2023-03-20T03:38:00+00:00,2023-03-24T10:09:00+00:00,REV
SHORT,1.616770,1.625320,-0.008550,2023-03-24T10:09:00+00:00,2023-03-27T16:29:00+00:00,REV
LONG,1.625320,1.615510,-0.009810,2023-03-27T16:29:00+00:00,2023-03-30T10:04:00+00:00,REV
SHORT,1.615510,1.627170,-0.011660,2023-03-30T10:04:00+00:00,2023-03-30T15:18:00+00:00,REV
LONG,1.627170,1.619680,-0.007490,2023-03-30T15:18:00+00:00,2023-04-03T01:34:00+00:00,REV
SHORT,1.619680,1.624110,-0.004430,2023-04-03T01:34:00+00:00,2023-04-04T17:25:00+00:00,REV
LONG,1.624110,1.634550,0.010440,2023-04-04T17:25:00+00:00,2023-04-10T00:05:00+00:00,REV
SHORT,1.634550,1.637480,-0.002930,2023-04-10T00:05:00+00:00,2023-04-10T03:55:00+00:00,REV
LONG,1.637480,1.633300,-0.004180,2023-04-10T03:55:00+00:00,2023-04-11T05:08:00+00:00,REV
SHORT,1.633300,1.638760,-0.005460,2023-04-11T05:08:00+00:00,2023-04-11T12:29:00+00:00,REV
LONG,1.638760,1.632310,-0.006450,2023-04-11T12:29:00+00:00,2023-04-13T18:00:00+00:00,REV
SHORT,1.632310,1.631530,0.000780,2023-04-13T18:00:00+00:00,2023-04-19T05:01:00+00:00,REV
LONG,1.631530,1.628550,-0.002980,2023-04-19T05:01:00+00:00,2023-04-20T00:10:00+00:00,REV
SHORT,1.628550,1.634830,-0.006280,2023-04-20T00:10:00+00:00,2023-04-20T04:07:00+00:00,REV
LONG,1.634830,1.662340,0.027510,2023-04-20T04:07:00+00:00,2023-04-28T00:00:00+00:00,REV
SHORT,1.662340,1.658460,0.003880,2023-04-28T00:00:00+00:00,2023-05-03T12:02:00+00:00,REV
LONG,1.658460,1.650370,-0.008090,2023-05-03T12:02:00+00:00,2023-05-04T16:02:00+00:00,REV
SHORT,1.650370,1.624640,0.025730,2023-05-04T16:02:00+00:00,2023-05-11T11:03:00+00:00,REV
LONG,1.624640,1.627560,0.002920,2023-05-11T11:03:00+00:00,2023-05-15T08:30:00+00:00,REV
SHORT,1.627560,1.633470,-0.005910,2023-05-15T08:30:00+00:00,2023-05-17T04:30:00+00:00,REV
LONG,1.633470,1.624470,-0.009000,2023-05-17T04:30:00+00:00,2023-05-19T00:05:00+00:00,REV
SHORT,1.624470,1.626870,-0.002400,2023-05-19T00:05:00+00:00,2023-05-22T02:00:00+00:00,REV
LONG,1.626870,1.623520,-0.003350,2023-05-22T02:00:00+00:00,2023-05-23T04:21:00+00:00,REV
SHORT,1.623520,1.630410,-0.006890,2023-05-23T04:21:00+00:00,2023-05-24T04:15:00+00:00,REV
LONG,1.630410,1.642270,0.011860,2023-05-24T04:15:00+00:00,2023-05-29T00:01:00+00:00,REV
SHORT,1.642270,1.645620,-0.003350,2023-05-29T00:01:00+00:00,2023-05-30T17:00:00+00:00,REV
LONG,1.645620,1.640940,-0.004680,2023-05-30T17:00:00+00:00,2023-06-01T05:47:00+00:00,REV
SHORT,1.640940,1.609070,0.031870,2023-06-01T05:47:00+00:00,2023-06-08T07:38:00+00:00,REV
LONG,1.609070,1.601410,-0.007660,2023-06-08T07:38:00+00:00,2023-06-09T15:00:00+00:00,REV
SHORT,1.601410,1.594850,0.006560,2023-06-09T15:00:00+00:00,2023-06-13T03:52:00+00:00,REV
LONG,1.594850,1.590390,-0.004460,2023-06-13T03:52:00+00:00,2023-06-13T15:30:00+00:00,REV
SHORT,1.590390,1.598520,-0.008130,2023-06-13T15:30:00+00:00,2023-06-14T21:07:00+00:00,REV
LONG,1.598520,1.587880,-0.010640,2023-06-14T21:07:00+00:00,2023-06-15T08:00:00+00:00,REV
SHORT,1.587880,1.595890,-0.008010,2023-06-15T08:00:00+00:00,2023-06-19T03:58:00+00:00,REV
LONG,1.595890,1.629510,0.033620,2023-06-19T03:58:00+00:00,2023-06-27T04:19:00+00:00,REV
SHORT,1.629510,1.635780,-0.006270,2023-06-27T04:19:00+00:00,2023-06-27T11:58:00+00:00,REV
LONG,1.635780,1.639140,0.003360,2023-06-27T11:58:00+00:00,2023-06-30T00:05:00+00:00,REV
SHORT,1.639140,1.637920,0.001220,2023-06-30T00:05:00+00:00,2023-07-06T16:00:00+00:00,REV
LONG,1.637920,1.643860,0.005940,2023-07-06T16:00:00+00:00,2023-07-12T00:08:00+00:00,REV
SHORT,1.643860,1.641500,0.002360,2023-07-12T00:08:00+00:00,2023-07-14T18:43:00+00:00,REV
LONG,1.641500,1.646730,0.005230,2023-07-14T18:43:00+00:00,2023-07-20T04:30:00+00:00,REV
SHORT,1.646730,1.654090,-0.007360,2023-07-20T04:30:00+00:00,2023-07-24T01:44:00+00:00,REV
LONG,1.654090,1.641180,-0.012910,2023-07-24T01:44:00+00:00,2023-07-24T18:08:00+00:00,REV
SHORT,1.641180,1.640580,0.000600,2023-07-24T18:08:00+00:00,2023-07-28T04:30:00+00:00,REV
LONG,1.640580,1.634290,-0.006290,2023-07-28T04:30:00+00:00,2023-08-01T00:08:00+00:00,REV
SHORT,1.634290,1.657280,-0.022990,2023-08-01T00:08:00+00:00,2023-08-01T15:29:00+00:00,REV
LONG,1.657280,1.668530,0.011250,2023-08-01T15:29:00+00:00,2023-08-04T00:13:00+00:00,REV
SHORT,1.668530,1.676830,-0.008300,2023-08-04T00:13:00+00:00,2023-08-04T22:55:00+00:00,REV
LONG,1.676830,1.672650,-0.004180,2023-08-04T22:55:00+00:00,2023-08-09T00:00:00+00:00,REV
SHORT,1.672650,1.683930,-0.011280,2023-08-09T00:00:00+00:00,2023-08-10T23:22:00+00:00,REV
LONG,1.683930,1.682070,-0.001860,2023-08-10T23:22:00+00:00,2023-08-14T17:12:00+00:00,REV
SHORT,1.682070,1.691340,-0.009270,2023-08-14T17:12:00+00:00,2023-08-16T03:36:00+00:00,REV
LONG,1.691340,1.693640,0.002300,2023-08-16T03:36:00+00:00,2023-08-21T00:05:00+00:00,REV
SHORT,1.693640,1.701650,-0.008010,2023-08-21T00:05:00+00:00,2023-08-21T11:15:00+00:00,REV
LONG,1.701650,1.693630,-0.008020,2023-08-21T11:15:00+00:00,2023-08-22T12:13:00+00:00,REV
SHORT,1.693630,1.685620,0.008010,2023-08-22T12:13:00+00:00,2023-08-25T16:42:00+00:00,REV
LONG,1.685620,1.678250,-0.007370,2023-08-25T16:42:00+00:00,2023-08-29T08:37:00+00:00,REV
SHORT,1.678250,1.685580,-0.007330,2023-08-29T08:37:00+00:00,2023-08-30T20:47:00+00:00,REV
LONG,1.685580,1.675750,-0.009830,2023-08-30T20:47:00+00:00,2023-08-31T15:42:00+00:00,REV
SHORT,1.675750,1.672240,0.003510,2023-08-31T15:42:00+00:00,2023-09-05T03:16:00+00:00,REV
LONG,1.672240,1.675880,0.003640,2023-09-05T03:16:00+00:00,2023-09-07T15:06:00+00:00,REV
SHORT,1.675880,1.675000,0.000880,2023-09-07T15:06:00+00:00,2023-09-13T00:44:00+00:00,REV
LONG,1.675000,1.669160,-0.005840,2023-09-13T00:44:00+00:00,2023-09-14T00:04:00+00:00,REV
SHORT,1.669160,1.659430,0.009730,2023-09-14T00:04:00+00:00,2023-09-18T16:36:00+00:00,REV
LONG,1.659430,1.653070,-0.006360,2023-09-18T16:36:00+00:00,2023-09-19T16:45:00+00:00,REV
SHORT,1.653070,1.656500,-0.003430,2023-09-19T16:45:00+00:00,2023-09-21T04:33:00+00:00,REV
LONG,1.656500,1.651050,-0.005450,2023-09-21T04:33:00+00:00,2023-09-22T12:41:00+00:00,REV
SHORT,1.651050,1.655200,-0.004150,2023-09-22T12:41:00+00:00,2023-09-27T07:00:00+00:00,REV
LONG,1.655200,1.647020,-0.008180,2023-09-27T07:00:00+00:00,2023-09-28T08:02:00+00:00,REV
SHORT,1.647020,1.645240,0.001780,2023-09-28T08:02:00+00:00,2023-10-02T05:11:00+00:00,REV
LONG,1.645240,1.654940,0.009700,2023-10-02T05:11:00+00:00,2023-10-05T04:19:00+00:00,REV
SHORT,1.654940,1.661970,-0.007030,2023-10-05T04:19:00+00:00,2023-10-06T15:30:00+00:00,REV
LONG,1.661970,1.652560,-0.009410,2023-10-06T15:30:00+00:00,2023-10-09T17:23:00+00:00,REV
SHORT,1.652560,1.655890,-0.003330,2023-10-09T17:23:00+00:00,2023-10-11T17:39:00+00:00,REV
LONG,1.655890,1.664420,0.008530,2023-10-11T17:39:00+00:00,2023-10-16T05:08:00+00:00,REV
SHORT,1.664420,1.663670,0.000750,2023-10-16T05:08:00+00:00,2023-10-19T00:06:00+00:00,REV
LONG,1.663670,1.674170,0.010500,2023-10-19T00:06:00+00:00,2023-10-24T10:30:00+00:00,REV
SHORT,1.674170,1.675920,-0.001750,2023-10-24T10:30:00+00:00,2023-10-26T01:04:00+00:00,REV
LONG,1.675920,1.666810,-0.009110,2023-10-26T01:04:00+00:00,2023-10-27T03:25:00+00:00,REV
SHORT,1.666810,1.667760,-0.000950,2023-10-27T03:25:00+00:00,2023-10-31T04:36:00+00:00,REV
LONG,1.667760,1.664380,-0.003380,2023-10-31T04:36:00+00:00,2023-11-01T11:03:00+00:00,REV
SHORT,1.664380,1.653570,0.010810,2023-11-01T11:03:00+00:00,2023-11-06T14:31:00+00:00,REV
LONG,1.653570,1.673820,0.020250,2023-11-06T14:31:00+00:00,2023-11-14T16:05:00+00:00,REV
SHORT,1.673820,1.676430,-0.002610,2023-11-14T16:05:00+00:00,2023-11-16T04:11:00+00:00,REV
LONG,1.676430,1.668700,-0.007730,2023-11-16T04:11:00+00:00,2023-11-20T05:32:00+00:00,REV
SHORT,1.668700,1.669490,-0.000790,2023-11-20T05:32:00+00:00,2023-11-22T08:51:00+00:00,REV
LONG,1.669490,1.662260,-0.007230,2023-11-22T08:51:00+00:00,2023-11-22T12:04:00+00:00,REV
SHORT,1.662260,1.663540,-0.001280,2023-11-22T12:04:00+00:00,2023-11-27T04:10:00+00:00,REV
LONG,1.663540,1.658600,-0.004940,2023-11-27T04:10:00+00:00,2023-11-27T10:37:00+00:00,REV
SHORT,1.658600,1.659320,-0.000720,2023-11-27T10:37:00+00:00,2023-11-29T13:44:00+00:00,REV
LONG,1.659320,1.649650,-0.009670,2023-11-29T13:44:00+00:00,2023-11-30T06:56:00+00:00,REV
SHORT,1.649650,1.638040,0.011610,2023-11-30T06:56:00+00:00,2023-12-05T01:33:00+00:00,REV
LONG,1.638040,1.635820,-0.002220,2023-12-05T01:33:00+00:00,2023-12-07T17:57:00+00:00,REV
SHORT,1.635820,1.637960,-0.002140,2023-12-07T17:57:00+00:00,2023-12-11T02:50:00+00:00,REV
LONG,1.637960,1.635230,-0.002730,2023-12-11T02:50:00+00:00,2023-12-12T04:56:00+00:00,REV
SHORT,1.635230,1.643130,-0.007900,2023-12-12T04:56:00+00:00,2023-12-12T15:46:00+00:00,REV
LONG,1.643130,1.632030,-0.011100,2023-12-12T15:46:00+00:00,2023-12-13T22:35:00+00:00,REV
SHORT,1.632030,1.626150,0.005880,2023-12-13T22:35:00+00:00,2023-12-21T00:25:00+00:00,REV
LONG,1.626150,1.616680,-0.009470,2023-12-21T00:25:00+00:00,2023-12-22T16:37:00+00:00,REV
SHORT,1.616680,1.621020,-0.004340,2023-12-22T16:37:00+00:00,2023-12-27T16:56:00+00:00,REV
LONG,1.621020,1.616350,-0.004670,2023-12-27T16:56:00+00:00,2024-01-02T06:25:00+00:00,REV
SHORT,1.616350,1.622640,-0.006290,2024-01-02T06:25:00+00:00,2024-01-03T10:10:00+00:00,REV
LONG,1.622640,1.627490,0.004850,2024-01-03T10:10:00+00:00,2024-01-08T00:04:00+00:00,REV
SHORT,1.627490,1.638470,-0.010980,2024-01-08T00:04:00+00:00,2024-01-08T15:42:00+00:00,REV
LONG,1.638470,1.632550,-0.005920,2024-01-08T15:42:00+00:00,2024-01-12T16:32:00+00:00,REV
SHORT,1.632550,1.640080,-0.007530,2024-01-12T16:32:00+00:00,2024-01-15T07:58:00+00:00,REV
LONG,1.640080,1.654000,0.013920,2024-01-15T07:58:00+00:00,2024-01-19T00:00:00+00:00,REV
SHORT,1.654000,1.656650,-0.002650,2024-01-19T00:00:00+00:00,2024-01-22T20:45:00+00:00,REV
LONG,1.656650,1.648610,-0.008040,2024-01-22T20:45:00+00:00,2024-01-23T15:01:00+00:00,REV
SHORT,1.648610,1.655350,-0.006740,2024-01-23T15:01:00+00:00,2024-01-25T00:38:00+00:00,REV
LONG,1.655350,1.646550,-0.008800,2024-01-25T00:38:00+00:00,2024-01-25T15:55:00+00:00,REV
SHORT,1.646550,1.647860,-0.001310,2024-01-25T15:55:00+00:00,2024-01-31T03:20:00+00:00,REV
LONG,1.647860,1.651480,0.003620,2024-01-31T03:20:00+00:00,2024-02-06T05:30:00+00:00,REV
SHORT,1.651480,1.653420,-0.001940,2024-02-06T05:30:00+00:00,2024-02-08T07:16:00+00:00,REV
LONG,1.653420,1.651650,-0.001770,2024-02-08T07:16:00+00:00,2024-02-12T13:03:00+00:00,REV
SHORT,1.651650,1.656510,-0.004860,2024-02-12T13:03:00+00:00,2024-02-13T15:34:00+00:00,REV
LONG,1.656510,1.651070,-0.005440,2024-02-13T15:34:00+00:00,2024-02-15T00:04:00+00:00,REV
SHORT,1.651070,1.650500,0.000570,2024-02-15T00:04:00+00:00,2024-02-20T04:47:00+00:00,REV
LONG,1.650500,1.645860,-0.004640,2024-02-20T04:47:00+00:00,2024-02-20T14:14:00+00:00,REV
SHORT,1.645860,1.650690,-0.004830,2024-02-20T14:14:00+00:00,2024-02-21T00:58:00+00:00,REV
LONG,1.650690,1.646460,-0.004230,2024-02-21T00:58:00+00:00,2024-02-23T08:54:00+00:00,REV
SHORT,1.646460,1.651480,-0.005020,2024-02-23T08:54:00+00:00,2024-02-26T06:04:00+00:00,REV
LONG,1.651480,1.660160,0.008680,2024-02-26T06:04:00+00:00,2024-03-01T08:06:00+00:00,REV
SHORT,1.660160,1.665780,-0.005620,2024-03-01T08:06:00+00:00,2024-03-04T15:30:00+00:00,REV
LONG,1.665780,1.664820,-0.000960,2024-03-04T15:30:00+00:00,2024-03-06T09:11:00+00:00,REV
SHORT,1.664820,1.651230,0.013590,2024-03-06T09:11:00+00:00,2024-03-11T00:01:00+00:00,REV
LONG,1.651230,1.649650,-0.001580,2024-03-11T00:01:00+00:00,2024-03-12T14:38:00+00:00,REV
SHORT,1.649650,1.655660,-0.006010,2024-03-12T14:38:00+00:00,2024-03-14T17:13:00+00:00,REV
LONG,1.655660,1.657460,0.001800,2024-03-14T17:13:00+00:00,2024-03-18T10:43:00+00:00,REV
SHORT,1.657460,1.660780,-0.003320,2024-03-18T10:43:00+00:00,2024-03-19T03:30:00+00:00,REV
LONG,1.660780,1.656940,-0.003840,2024-03-19T03:30:00+00:00,2024-03-19T05:14:00+00:00,REV
SHORT,1.656940,1.659700,-0.002760,2024-03-19T05:14:00+00:00,2024-03-22T04:36:00+00:00,REV
LONG,1.659700,1.656730,-0.002970,2024-03-22T04:36:00+00:00,2024-03-25T03:15:00+00:00,REV
SHORT,1.656730,1.659700,-0.002970,2024-03-25T03:15:00+00:00,2024-03-25T09:05:00+00:00,REV
LONG,1.659700,1.655110,-0.004590,2024-03-25T09:05:00+00:00,2024-03-28T04:20:00+00:00,REV
SHORT,1.655110,1.662290,-0.007180,2024-03-28T04:20:00+00:00,2024-03-28T12:38:00+00:00,REV
LONG,1.662290,1.653360,-0.008930,2024-03-28T12:38:00+00:00,2024-03-29T02:53:00+00:00,REV
SHORT,1.653360,1.657040,-0.003680,2024-03-29T02:53:00+00:00,2024-04-01T20:19:00+00:00,REV
LONG,1.657040,1.650890,-0.006150,2024-04-01T20:19:00+00:00,2024-04-02T11:03:00+00:00,REV
SHORT,1.650890,1.656190,-0.005300,2024-04-02T11:03:00+00:00,2024-04-03T11:25:00+00:00,REV
LONG,1.656190,1.648880,-0.007310,2024-04-03T11:25:00+00:00,2024-04-04T03:52:00+00:00,REV
SHORT,1.648880,1.649800,-0.000920,2024-04-04T03:52:00+00:00,2024-04-08T03:03:00+00:00,REV
LONG,1.649800,1.641420,-0.008380,2024-04-08T03:03:00+00:00,2024-04-08T16:39:00+00:00,REV
SHORT,1.641420,1.645430,-0.004010,2024-04-08T16:39:00+00:00,2024-04-10T15:32:00+00:00,REV
LONG,1.645430,1.638740,-0.006690,2024-04-10T15:32:00+00:00,2024-04-12T00:05:00+00:00,REV
SHORT,1.638740,1.648050,-0.009310,2024-04-12T00:05:00+00:00,2024-04-15T20:30:00+00:00,REV
LONG,1.648050,1.655600,0.007550,2024-04-15T20:30:00+00:00,2024-04-22T03:20:00+00:00,REV
SHORT,1.655600,1.638090,0.017510,2024-04-22T03:20:00+00:00,2024-04-30T06:11:00+00:00,REV
LONG,1.638090,1.640280,0.002190,2024-04-30T06:11:00+00:00,2024-05-02T00:04:00+00:00,REV
SHORT,1.640280,1.629140,0.011140,2024-05-02T00:04:00+00:00,2024-05-07T07:30:00+00:00,REV
LONG,1.629140,1.628550,-0.000590,2024-05-07T07:30:00+00:00,2024-05-09T15:30:00+00:00,REV
SHORT,1.628550,1.632800,-0.004250,2024-05-09T15:30:00+00:00,2024-05-13T03:37:00+00:00,REV
LONG,1.632800,1.630710,-0.002090,2024-05-13T03:37:00+00:00,2024-05-15T05:28:00+00:00,REV
SHORT,1.630710,1.629640,0.001070,2024-05-15T05:28:00+00:00,2024-05-21T04:58:00+00:00,REV
LONG,1.629640,1.625120,-0.004520,2024-05-21T04:58:00+00:00,2024-05-22T05:01:00+00:00,REV
SHORT,1.625120,1.632780,-0.007660,2024-05-22T05:01:00+00:00,2024-05-22T17:30:00+00:00,REV
LONG,1.632780,1.634690,0.001910,2024-05-22T17:30:00+00:00,2024-05-27T07:26:00+00:00,REV
SHORT,1.634690,1.634450,0.000240,2024-05-27T07:26:00+00:00,2024-05-29T13:14:00+00:00,REV
LONG,1.634450,1.630430,-0.004020,2024-05-29T13:14:00+00:00,2024-05-31T00:05:00+00:00,REV
SHORT,1.630430,1.634420,-0.003990,2024-05-31T00:05:00+00:00,2024-06-03T09:51:00+00:00,REV
LONG,1.634420,1.628740,-0.005680,2024-06-03T09:51:00+00:00,2024-06-03T14:53:00+00:00,REV
SHORT,1.628740,1.635040,-0.006300,2024-06-03T14:53:00+00:00,2024-06-04T08:49:00+00:00,REV
LONG,1.635040,1.632060,-0.002980,2024-06-04T08:49:00+00:00,2024-06-06T04:03:00+00:00,REV
SHORT,1.632060,1.639720,-0.007660,2024-06-06T04:03:00+00:00,2024-06-06T15:22:00+00:00,REV
LONG,1.639720,1.631000,-0.008720,2024-06-06T15:22:00+00:00,2024-06-10T07:14:00+00:00,REV
SHORT,1.631000,1.622080,0.008920,2024-06-10T07:14:00+00:00,2024-06-17T09:29:00+00:00,REV
LONG,1.622080,1.616610,-0.005470,2024-06-17T09:29:00+00:00,2024-06-18T17:03:00+00:00,REV
SHORT,1.616610,1.611520,0.005090,2024-06-18T17:03:00+00:00,2024-06-24T04:07:00+00:00,REV
LONG,1.611520,1.607660,-0.003860,2024-06-24T04:07:00+00:00,2024-06-26T04:31:00+00:00,REV
SHORT,1.607660,1.611590,-0.003930,2024-06-26T04:31:00+00:00,2024-06-28T04:01:00+00:00,REV
LONG,1.611590,1.602460,-0.009130,2024-06-28T04:01:00+00:00,2024-06-28T16:34:00+00:00,REV
SHORT,1.602460,1.614860,-0.012400,2024-06-28T16:34:00+00:00,2024-07-01T09:23:00+00:00,REV
LONG,1.614860,1.609070,-0.005790,2024-07-01T09:23:00+00:00,2024-07-03T04:31:00+00:00,REV
SHORT,1.609070,1.606510,0.002560,2024-07-03T04:31:00+00:00,2024-07-11T13:32:00+00:00,REV
LONG,1.606510,1.602920,-0.003590,2024-07-11T13:32:00+00:00,2024-07-11T15:30:00+00:00,REV
SHORT,1.602920,1.608760,-0.005840,2024-07-11T15:30:00+00:00,2024-07-12T04:17:00+00:00,REV
LONG,1.608760,1.604730,-0.004030,2024-07-12T04:17:00+00:00,2024-07-15T00:36:00+00:00,REV
SHORT,1.604730,1.609110,-0.004380,2024-07-15T00:36:00+00:00,2024-07-15T01:06:00+00:00,REV
LONG,1.609110,1.652500,0.043390,2024-07-15T01:06:00+00:00,2024-07-29T22:38:00+00:00,REV
SHORT,1.652500,1.656870,-0.004370,2024-07-29T22:38:00+00:00,2024-07-31T04:29:00+00:00,REV
LONG,1.656870,1.651650,-0.005220,2024-07-31T04:29:00+00:00,2024-08-01T12:57:00+00:00,REV
SHORT,1.651650,1.662260,-0.010610,2024-08-01T12:57:00+00:00,2024-08-02T03:16:00+00:00,REV
LONG,1.662260,1.671670,0.009410,2024-08-02T03:16:00+00:00,2024-08-06T20:01:00+00:00,REV
SHORT,1.671670,1.678560,-0.006890,2024-08-06T20:01:00+00:00,2024-08-08T02:25:00+00:00,REV
LONG,1.678560,1.660050,-0.018510,2024-08-08T02:25:00+00:00,2024-08-08T17:03:00+00:00,REV
SHORT,1.660050,1.661530,-0.001480,2024-08-08T17:03:00+00:00,2024-08-14T11:34:00+00:00,REV
LONG,1.661530,1.655990,-0.005540,2024-08-14T11:34:00+00:00,2024-08-16T08:15:00+00:00,REV
SHORT,1.655990,1.650650,0.005340,2024-08-16T08:15:00+00:00,2024-08-21T10:54:00+00:00,REV
LONG,1.650650,1.649230,-0.001420,2024-08-21T10:54:00+00:00,2024-08-23T17:00:00+00:00,REV
SHORT,1.649230,1.635070,0.014160,2024-08-23T17:00:00+00:00,2024-09-03T05:54:00+00:00,REV
LONG,1.635070,1.645830,0.010760,2024-09-03T05:54:00+00:00,2024-09-06T15:30:00+00:00,REV
SHORT,1.645830,1.652190,-0.006360,2024-09-06T15:30:00+00:00,2024-09-06T17:18:00+00:00,REV
LONG,1.652190,1.655380,0.003190,2024-09-06T17:18:00+00:00,2024-09-10T08:16:00+00:00,REV
SHORT,1.655380,1.660040,-0.004660,2024-09-10T08:16:00+00:00,2024-09-11T06:35:00+00:00,REV
LONG,1.660040,1.653760,-0.006280,2024-09-11T06:35:00+00:00,2024-09-11T20:11:00+00:00,REV
SHORT,1.653760,1.654190,-0.000430,2024-09-11T20:11:00+00:00,2024-09-13T13:32:00+00:00,REV
LONG,1.654190,1.647680,-0.006510,2024-09-13T13:32:00+00:00,2024-09-17T00:02:00+00:00,REV
SHORT,1.647680,1.631500,0.016180,2024-09-17T00:02:00+00:00,2024-09-25T20:41:00+00:00,REV
LONG,1.631500,1.619710,-0.011790,2024-09-25T20:41:00+00:00,2024-09-26T13:57:00+00:00,REV
SHORT,1.619710,1.609320,0.010390,2024-09-26T13:57:00+00:00,2024-10-03T11:10:00+00:00,REV
LONG,1.609320,1.622850,0.013530,2024-10-03T11:10:00+00:00,2024-10-10T08:04:00+00:00,REV
SHORT,1.622850,1.625800,-0.002950,2024-10-10T08:04:00+00:00,2024-10-14T13:02:00+00:00,REV
LONG,1.625800,1.622630,-0.003170,2024-10-14T13:02:00+00:00,2024-10-17T03:43:00+00:00,REV
SHORT,1.622630,1.621430,0.001200,2024-10-17T03:43:00+00:00,2024-10-21T08:33:00+00:00,REV
LONG,1.621430,1.616200,-0.005230,2024-10-21T08:33:00+00:00,2024-10-22T16:22:00+00:00,REV
SHORT,1.616200,1.626200,-0.010000,2024-10-22T16:22:00+00:00,2024-10-23T18:23:00+00:00,REV
LONG,1.626200,1.649630,0.023430,2024-10-23T18:23:00+00:00,2024-11-01T17:32:00+00:00,REV
SHORT,1.649630,1.627930,0.021700,2024-11-01T17:32:00+00:00,2024-11-13T02:19:00+00:00,REV
LONG,1.627930,1.626970,-0.000960,2024-11-13T02:19:00+00:00,2024-11-18T00:04:00+00:00,REV
SHORT,1.626970,1.635530,-0.008560,2024-11-18T00:04:00+00:00,2024-11-18T11:23:00+00:00,REV
LONG,1.635530,1.626910,-0.008620,2024-11-18T11:23:00+00:00,2024-11-19T04:05:00+00:00,REV
SHORT,1.626910,1.613460,0.013450,2024-11-19T04:05:00+00:00,2024-11-25T15:55:00+00:00,REV
LONG,1.613460,1.619930,0.006470,2024-11-25T15:55:00+00:00,2024-11-29T16:57:00+00:00,REV
SHORT,1.619930,1.625150,-0.005220,2024-11-29T16:57:00+00:00,2024-12-03T17:47:00+00:00,REV
LONG,1.625150,1.638760,0.013610,2024-12-03T17:47:00+00:00,2024-12-09T14:30:00+00:00,REV
SHORT,1.638760,1.652630,-0.013870,2024-12-09T14:30:00+00:00,2024-12-10T05:32:00+00:00,REV
LONG,1.652630,1.646040,-0.006590,2024-12-10T05:32:00+00:00,2024-12-12T00:05:00+00:00,REV
SHORT,1.646040,1.648170,-0.002130,2024-12-12T00:05:00+00:00,2024-12-13T12:15:00+00:00,REV
LONG,1.648170,1.664090,0.015920,2024-12-13T12:15:00+00:00,2024-12-26T00:32:00+00:00,REV
SHORT,1.664090,1.668530,-0.004440,2024-12-26T00:32:00+00:00,2024-12-26T10:30:00+00:00,REV
LONG,1.668530,1.670410,0.001880,2024-12-26T10:30:00+00:00,2024-12-30T05:11:00+00:00,REV
SHORT,1.670410,1.677830,-0.007420,2024-12-30T05:11:00+00:00,2024-12-31T15:25:00+00:00,REV
LONG,1.677830,1.669040,-0.008790,2024-12-31T15:25:00+00:00,2025-01-02T02:58:00+00:00,REV
SHORT,1.669040,1.659530,0.009510,2025-01-02T02:58:00+00:00,2025-01-06T13:15:00+00:00,REV
LONG,1.659530,1.659840,0.000310,2025-01-06T13:15:00+00:00,2025-01-13T11:24:00+00:00,REV
SHORT,1.659840,1.665590,-0.005750,2025-01-13T11:24:00+00:00,2025-01-15T02:53:00+00:00,REV
LONG,1.665590,1.653370,-0.012220,2025-01-15T02:53:00+00:00,2025-01-15T18:20:00+00:00,REV
SHORT,1.653370,1.660110,-0.006740,2025-01-15T18:20:00+00:00,2025-01-17T01:20:00+00:00,REV
LONG,1.660110,1.658430,-0.001680,2025-01-17T01:20:00+00:00,2025-01-23T03:30:00+00:00,REV
SHORT,1.658430,1.663100,-0.004670,2025-01-23T03:30:00+00:00,2025-01-24T17:00:00+00:00,REV
LONG,1.663100,1.668710,0.005610,2025-01-24T17:00:00+00:00,2025-01-31T06:58:00+00:00,REV
SHORT,1.668710,1.674460,-0.005750,2025-01-31T06:58:00+00:00,2025-02-03T04:01:00+00:00,REV
LONG,1.674460,1.664130,-0.010330,2025-02-03T04:01:00+00:00,2025-02-03T18:58:00+00:00,REV
SHORT,1.664130,1.647430,0.016700,2025-02-03T18:58:00+00:00,2025-02-12T09:12:00+00:00,REV
LONG,1.647430,1.651860,0.004430,2025-02-12T09:12:00+00:00,2025-02-14T13:03:00+00:00,REV
SHORT,1.651860,1.646600,0.005260,2025-02-14T13:03:00+00:00,2025-02-20T03:47:00+00:00,REV
LONG,1.646600,1.639840,-0.006760,2025-02-20T03:47:00+00:00,2025-02-20T06:04:00+00:00,REV
SHORT,1.639840,1.646700,-0.006860,2025-02-20T06:04:00+00:00,2025-02-21T21:34:00+00:00,REV
LONG,1.646700,1.713990,0.067290,2025-02-21T21:34:00+00:00,2025-03-10T09:33:00+00:00,REV
SHORT,1.713990,1.719560,-0.005570,2025-03-10T09:33:00+00:00,2025-03-10T16:52:00+00:00,REV
LONG,1.719560,1.724860,0.005300,2025-03-10T16:52:00+00:00,2025-03-12T20:34:00+00:00,REV
SHORT,1.724860,1.720580,0.004280,2025-03-12T20:34:00+00:00,2025-03-17T01:05:00+00:00,REV
LONG,1.720580,1.718630,-0.001950,2025-03-17T01:05:00+00:00,2025-03-17T02:47:00+00:00,REV
SHORT,1.718630,1.721000,-0.002370,2025-03-17T02:47:00+00:00,2025-03-18T19:07:00+00:00,REV
LONG,1.721000,1.721610,0.000610,2025-03-18T19:07:00+00:00,2025-03-24T00:11:00+00:00,REV
SHORT,1.721610,1.724680,-0.003070,2025-03-24T00:11:00+00:00,2025-03-24T05:50:00+00:00,REV
LONG,1.724680,1.716010,-0.008670,2025-03-24T05:50:00+00:00,2025-03-25T10:24:00+00:00,REV
SHORT,1.716010,1.714280,0.001730,2025-03-25T10:24:00+00:00,2025-03-28T01:01:00+00:00,REV
LONG,1.714280,1.718100,0.003820,2025-03-28T01:01:00+00:00,2025-04-02T00:05:00+00:00,REV
SHORT,1.718100,1.729520,-0.011420,2025-04-02T00:05:00+00:00,2025-04-03T00:47:00+00:00,REV
LONG,1.729520,1.795790,0.066270,2025-04-03T00:47:00+00:00,2025-04-09T20:25:00+00:00,REV
SHORT,1.795790,1.814730,-0.018940,2025-04-09T20:25:00+00:00,2025-04-11T03:24:00+00:00,REV
LONG,1.814730,1.792560,-0.022170,2025-04-11T03:24:00+00:00,2025-04-14T00:05:00+00:00,REV
SHORT,1.792560,1.788770,0.003790,2025-04-14T00:05:00+00:00,2025-04-21T00:26:00+00:00,REV
LONG,1.788770,1.785860,-0.002910,2025-04-21T00:26:00+00:00,2025-04-23T00:32:00+00:00,REV
SHORT,1.785860,1.781520,0.004340,2025-04-23T00:32:00+00:00,2025-04-28T06:09:00+00:00,REV
LONG,1.781520,1.771040,-0.010480,2025-04-28T06:09:00+00:00,2025-04-29T05:08:00+00:00,REV
SHORT,1.771040,1.781910,-0.010870,2025-04-29T05:08:00+00:00,2025-04-29T16:04:00+00:00,REV
LONG,1.781910,1.769960,-0.011950,2025-04-29T16:04:00+00:00,2025-04-30T22:24:00+00:00,REV
SHORT,1.769960,1.757740,0.012220,2025-04-30T22:24:00+00:00,2025-05-07T16:09:00+00:00,REV
LONG,1.757740,1.749910,-0.007830,2025-05-07T16:09:00+00:00,2025-05-09T00:06:00+00:00,REV
SHORT,1.749910,1.740450,0.009460,2025-05-09T00:06:00+00:00,2025-05-15T02:04:00+00:00,REV
LONG,1.740450,1.739910,-0.000540,2025-05-15T02:04:00+00:00,2025-05-19T18:54:00+00:00,REV
SHORT,1.739910,1.752040,-0.012130,2025-05-19T18:54:00+00:00,2025-05-20T08:41:00+00:00,REV
LONG,1.752040,1.753670,0.001630,2025-05-20T08:41:00+00:00,2025-05-23T17:00:00+00:00,REV
SHORT,1.753670,1.755930,-0.002260,2025-05-23T17:00:00+00:00,2025-05-27T01:02:00+00:00,REV
LONG,1.755930,1.754410,-0.001520,2025-05-27T01:02:00+00:00,2025-05-29T02:03:00+00:00,REV
SHORT,1.754410,1.763900,-0.009490,2025-05-29T02:03:00+00:00,2025-05-29T16:57:00+00:00,REV
LONG,1.763900,1.760140,-0.003760,2025-05-29T16:57:00+00:00,2025-06-02T04:05:00+00:00,REV
SHORT,1.760140,1.765670,-0.005530,2025-06-02T04:05:00+00:00,2025-06-03T05:30:00+00:00,REV
LONG,1.765670,1.758270,-0.007400,2025-06-03T05:30:00+00:00,2025-06-04T00:10:00+00:00,REV
SHORT,1.758270,1.760640,-0.002370,2025-06-04T00:10:00+00:00,2025-06-06T05:02:00+00:00,REV
LONG,1.760640,1.753160,-0.007480,2025-06-06T05:02:00+00:00,2025-06-09T00:02:00+00:00,REV
SHORT,1.753160,1.755300,-0.002140,2025-06-09T00:02:00+00:00,2025-06-11T05:39:00+00:00,REV
LONG,1.755300,1.771510,0.016210,2025-06-11T05:39:00+00:00,2025-06-16T18:11:00+00:00,REV
SHORT,1.771510,1.774350,-0.002840,2025-06-16T18:11:00+00:00,2025-06-19T12:37:00+00:00,REV
LONG,1.774350,1.785740,0.011390,2025-06-19T12:37:00+00:00,2025-06-27T00:05:00+00:00,REV
SHORT,1.785740,1.794330,-0.008590,2025-06-27T00:05:00+00:00,2025-06-27T15:31:00+00:00,REV
LONG,1.794330,1.789280,-0.005050,2025-06-27T15:31:00+00:00,2025-07-01T00:59:00+00:00,REV
SHORT,1.789280,1.796570,-0.007290,2025-07-01T00:59:00+00:00,2025-07-01T04:36:00+00:00,REV
LONG,1.796570,1.790070,-0.006500,2025-07-01T04:36:00+00:00,2025-07-03T00:04:00+00:00,REV
SHORT,1.790070,1.796660,-0.006590,2025-07-03T00:04:00+00:00,2025-07-03T05:31:00+00:00,REV
LONG,1.796660,1.787390,-0.009270,2025-07-03T05:31:00+00:00,2025-07-04T00:04:00+00:00,REV
SHORT,1.787390,1.796690,-0.009300,2025-07-04T00:04:00+00:00,2025-07-04T10:43:00+00:00,REV
LONG,1.796690,1.794080,-0.002610,2025-07-04T10:43:00+00:00,2025-07-08T07:30:00+00:00,REV
SHORT,1.794080,1.780350,0.013730,2025-07-08T07:30:00+00:00,2025-07-14T04:16:00+00:00,REV
LONG,1.780350,1.781510,0.001160,2025-07-14T04:16:00+00:00,2025-07-21T00:07:00+00:00,REV
SHORT,1.781510,1.788720,-0.007210,2025-07-21T00:07:00+00:00,2025-07-21T10:45:00+00:00,REV
LONG,1.788720,1.787930,-0.000790,2025-07-21T10:45:00+00:00,2025-07-23T07:05:00+00:00,REV
SHORT,1.787930,1.784520,0.003410,2025-07-23T07:05:00+00:00,2025-07-25T07:33:00+00:00,REV
LONG,1.784520,1.777830,-0.006690,2025-07-25T07:33:00+00:00,2025-07-28T22:55:00+00:00,REV
SHORT,1.777830,1.778870,-0.001040,2025-07-28T22:55:00+00:00,2025-07-31T17:53:00+00:00,REV
LONG,1.778870,1.783880,0.005010,2025-07-31T17:53:00+00:00,2025-08-05T15:38:00+00:00,REV
SHORT,1.783880,1.791690,-0.007810,2025-08-05T15:38:00+00:00,2025-08-06T17:28:00+00:00,REV
LONG,1.791690,1.783950,-0.007740,2025-08-06T17:28:00+00:00,2025-08-08T10:27:00+00:00,REV
SHORT,1.783950,1.789710,-0.005760,2025-08-08T10:27:00+00:00,2025-08-12T11:25:00+00:00,REV
LONG,1.789710,1.785550,-0.004160,2025-08-12T11:25:00+00:00,2025-08-14T00:07:00+00:00,REV
SHORT,1.785550,1.792060,-0.006510,2025-08-14T00:07:00+00:00,2025-08-14T13:57:00+00:00,REV
LONG,1.792060,1.804810,0.012750,2025-08-14T13:57:00+00:00,2025-08-22T00:05:00+00:00,REV
SHORT,1.804810,1.789630,0.015180,2025-08-22T00:05:00+00:00,2025-09-01T06:09:00+00:00,REV
LONG,1.789630,1.785230,-0.004400,2025-09-01T06:09:00+00:00,2025-09-02T22:06:00+00:00,REV
SHORT,1.785230,1.787780,-0.002550,2025-09-02T22:06:00+00:00,2025-09-04T13:41:00+00:00,REV
LONG,1.787780,1.781290,-0.006490,2025-09-04T13:41:00+00:00,2025-09-08T10:32:00+00:00,REV
SHORT,1.781290,1.766540,0.014750,2025-09-08T10:32:00+00:00,2025-09-15T15:15:00+00:00,REV
LONG,1.766540,1.777770,0.011230,2025-09-15T15:15:00+00:00,2025-09-22T00:10:00+00:00,REV
SHORT,1.777770,1.786260,-0.008490,2025-09-22T00:10:00+00:00,2025-09-22T10:19:00+00:00,REV
LONG,1.786260,1.783570,-0.002690,2025-09-22T10:19:00+00:00,2025-09-24T05:06:00+00:00,REV
SHORT,1.783570,1.785960,-0.002390,2025-09-24T05:06:00+00:00,2025-09-26T04:11:00+00:00,REV
LONG,1.785960,1.782240,-0.003720,2025-09-26T04:11:00+00:00,2025-09-30T00:00:00+00:00,REV
SHORT,1.782240,1.779720,0.002520,2025-09-30T00:00:00+00:00,2025-10-03T17:09:00+00:00,REV
LONG,1.779720,1.774540,-0.005180,2025-10-03T17:09:00+00:00,2025-10-06T04:52:00+00:00,REV
SHORT,1.774540,1.767740,0.006800,2025-10-06T04:52:00+00:00,2025-10-10T17:02:00+00:00,REV
LONG,1.767740,1.773440,0.005700,2025-10-10T17:02:00+00:00,2025-10-14T03:23:00+00:00,REV
SHORT,1.773440,1.787970,-0.014530,2025-10-14T03:23:00+00:00,2025-10-14T07:44:00+00:00,REV
LONG,1.787970,1.793010,0.005040,2025-10-14T07:44:00+00:00,2025-10-20T00:56:00+00:00,REV
SHORT,1.793010,1.780420,0.012590,2025-10-20T00:56:00+00:00,2025-10-27T01:57:00+00:00,REV
LONG,1.780420,1.777940,-0.002480,2025-10-27T01:57:00+00:00,2025-10-27T08:07:00+00:00,REV
SHORT,1.777940,1.766000,0.011940,2025-10-27T08:07:00+00:00,2025-11-04T05:31:00+00:00,REV
LONG,1.766000,1.777140,0.011140,2025-11-04T05:31:00+00:00,2025-11-10T01:05:00+00:00,REV
SHORT,1.777140,1.776470,0.000670,2025-11-10T01:05:00+00:00,2025-11-13T16:43:00+00:00,REV
LONG,1.776470,1.777800,0.001330,2025-11-13T16:43:00+00:00,2025-11-20T01:38:00+00:00,REV
SHORT,1.777800,1.788650,-0.010850,2025-11-20T01:38:00+00:00,2025-11-20T18:58:00+00:00,REV
LONG,1.788650,1.779960,-0.008690,2025-11-20T18:58:00+00:00,2025-11-24T00:05:00+00:00,REV
SHORT,1.779960,1.791030,-0.011070,2025-11-24T00:05:00+00:00,2025-11-25T16:09:00+00:00,REV
LONG,1.791030,1.781070,-0.009960,2025-11-25T16:09:00+00:00,2025-11-26T06:50:00+00:00,REV
SHORT,1.781070,1.775970,0.005100,2025-11-26T06:50:00+00:00,2025-12-01T12:51:00+00:00,REV
LONG,1.775970,1.770180,-0.005790,2025-12-01T12:51:00+00:00,2025-12-02T15:59:00+00:00,REV
SHORT,1.770180,1.758230,0.011950,2025-12-02T15:59:00+00:00,2025-12-09T03:04:00+00:00,REV
LONG,1.758230,1.751810,-0.006420,2025-12-09T03:04:00+00:00,2025-12-09T06:35:00+00:00,REV
SHORT,1.751810,1.755740,-0.003930,2025-12-09T06:35:00+00:00,2025-12-11T02:33:00+00:00,REV
LONG,1.755740,1.770500,0.014760,2025-12-11T02:33:00+00:00,2025-12-19T16:59:00+00:00,REV
SHORT,1.770500,1.758000,0.012500,2025-12-19T16:59:00+00:00,2025-12-29T10:59:00+00:00,REV
LONG,1.758000,1.753180,-0.004820,2025-12-29T10:59:00+00:00,2025-12-31T03:52:00+00:00,REV
SHORT,1.753180,1.759310,-0.006130,2025-12-31T03:52:00+00:00,2025-12-31T15:26:00+00:00,REV
LONG,1.759310,1.752700,-0.006610,2025-12-31T15:26:00+00:00,2026-01-02T09:52:00+00:00,REV
SHORT,1.752700,1.739970,0.012730,2026-01-02T09:52:00+00:00,2026-01-08T04:56:00+00:00,REV
LONG,1.739970,1.737360,-0.002610,2026-01-08T04:56:00+00:00,2026-01-12T18:08:00+00:00,REV
SHORT,1.737360,1.743990,-0.006630,2026-01-12T18:08:00+00:00,2026-01-13T17:04:00+00:00,REV
LONG,1.743990,1.737890,-0.006100,2026-01-13T17:04:00+00:00,2026-01-15T11:00:00+00:00,REV
SHORT,1.737890,1.738120,-0.000230,2026-01-15T11:00:00+00:00,2026-01-19T01:46:00+00:00,REV
LONG,1.738120,1.733230,-0.004890,2026-01-19T01:46:00+00:00,2026-01-20T05:02:00+00:00,REV
SHORT,1.733230,1.740030,-0.006800,2026-01-20T05:02:00+00:00,2026-01-20T10:46:00+00:00,REV
LONG,1.740030,1.730650,-0.009380,2026-01-20T10:46:00+00:00,2026-01-21T17:00:00+00:00,REV
SHORT,1.730650,1.719430,0.011220,2026-01-21T17:00:00+00:00,2026-01-27T01:00:00+00:00,REV
LONG,1.719430,1.714190,-0.005240,2026-01-27T01:00:00+00:00,2026-01-28T02:30:00+00:00,REV
SHORT,1.714190,1.708690,0.005500,2026-01-28T02:30:00+00:00,2026-02-02T01:10:00+00:00,REV
LONG,1.708690,1.693090,-0.015600,2026-02-02T01:10:00+00:00,2026-02-03T00:04:00+00:00,REV
SHORT,1.693090,1.692270,0.000820,2026-02-03T00:04:00+00:00,2026-02-05T04:15:00+00:00,REV
LONG,1.692270,1.684130,-0.008140,2026-02-05T04:15:00+00:00,2026-02-06T18:38:00+00:00,REV
SHORT,1.684130,1.676070,0.008060,2026-02-06T18:38:00+00:00,2026-02-13T02:53:00+00:00,REV
LONG,1.676070,1.671800,-0.004270,2026-02-13T02:53:00+00:00,2026-02-17T20:55:00+00:00,REV
SHORT,1.671800,1.674900,-0.003100,2026-02-17T20:55:00+00:00,2026-02-20T04:46:00+00:00,REV
LONG,1.674900,1.665730,-0.009170,2026-02-20T04:46:00+00:00,2026-02-20T11:10:00+00:00,REV
SHORT,1.665730,1.673140,-0.007410,2026-02-20T11:10:00+00:00,2026-02-24T14:43:00+00:00,REV
LONG,1.673140,1.665460,-0.007680,2026-02-24T14:43:00+00:00,2026-02-25T02:30:00+00:00,REV
SHORT,1.665460,1.672470,-0.007010,2026-02-25T02:30:00+00:00,2026-03-02T00:00:00+00:00,REV
LONG,1.672470,1.655950,-0.016520,2026-03-02T00:00:00+00:00,2026-03-02T11:17:00+00:00,REV
SHORT,1.655950,1.659520,-0.003570,2026-03-02T11:17:00+00:00,2026-03-05T19:54:00+00:00,REV
LONG,1.659520,1.650360,-0.009160,2026-03-05T19:54:00+00:00,2026-03-09T00:15:00+00:00,REV
SHORT,1.650360,1.654210,-0.003850,2026-03-09T00:15:00+00:00,2026-03-09T01:31:00+00:00,REV
LONG,1.654210,1.641120,-0.013090,2026-03-09T01:31:00+00:00,2026-03-10T08:10:00+00:00,REV
SHORT,1.641120,1.628240,0.012880,2026-03-10T08:10:00+00:00,2026-03-13T00:04:00+00:00,REV
LONG,1.628240,1.631570,0.003330,2026-03-13T00:04:00+00:00,2026-03-16T02:00:00+00:00,REV
SHORT,1.631570,1.633650,-0.002080,2026-03-16T02:00:00+00:00,2026-03-16T03:23:00+00:00,REV
LONG,1.633650,1.624900,-0.008750,2026-03-16T03:23:00+00:00,2026-03-17T03:30:00+00:00,REV
SHORT,1.624900,1.631190,-0.006290,2026-03-17T03:30:00+00:00,2026-03-18T15:16:00+00:00,REV
LONG,1.631190,1.646870,0.015680,2026-03-18T15:16:00+00:00,2026-03-23T13:10:00+00:00,REV
SHORT,1.646870,1.649680,-0.002810,2026-03-23T13:10:00+00:00,2026-03-23T13:15:00+00:00,REV
LONG,1.649680,1.669720,0.020040,2026-03-23T13:15:00+00:00,2026-03-31T14:11:00+00:00,REV
SHORT,1.669720,1.680710,-0.010990,2026-03-31T14:11:00+00:00,2026-03-31T17:55:00+00:00,REV
LONG,1.680710,1.668240,-0.012470,2026-03-31T17:55:00+00:00,2026-04-01T10:41:00+00:00,REV
SHORT,1.668240,1.676200,-0.007960,2026-04-01T10:41:00+00:00,2026-04-02T04:17:00+00:00,REV
LONG,1.676200,1.668920,-0.007280,2026-04-02T04:17:00+00:00,2026-04-03T00:08:00+00:00,REV
SHORT,1.668920,1.672690,-0.003770,2026-04-03T00:08:00+00:00,2026-04-06T00:20:00+00:00,REV
LONG,1.672690,1.667990,-0.004700,2026-04-06T00:20:00+00:00,2026-04-06T05:08:00+00:00,REV
SHORT,1.667990,1.668930,-0.000940,2026-04-06T05:08:00+00:00,2026-04-13T00:00:00+00:00,REV
LONG,1.668930,1.654900,-0.014030,2026-04-13T00:00:00+00:00,2026-04-14T15:40:00+00:00,REV
SHORT,1.654900,1.646470,0.008430,2026-04-14T15:40:00+00:00,2026-04-20T00:03:00+00:00,REV
LONG,1.646470,1.640910,-0.005560,2026-04-20T00:03:00+00:00,2026-04-21T00:04:00+00:00,REV
SHORT,1.640910,1.641250,-0.000340,2026-04-21T00:04:00+00:00,2026-04-24T15:49:00+00:00,REV
LONG,1.641250,1.636590,-0.004660,2026-04-24T15:49:00+00:00,2026-04-27T04:00:00+00:00,REV
SHORT,1.636590,1.634290,0.002300,2026-04-27T04:00:00+00:00,2026-04-29T05:22:00+00:00,REV
LONG,1.634290,1.629780,-0.004510,2026-04-29T05:22:00+00:00,2026-04-30T22:24:00+00:00,REV
SHORT,1.629780,1.633680,-0.003900,2026-04-30T22:24:00+00:00,2026-05-04T19:11:00+00:00,REV
LONG,1.633680,1.626910,-0.006770,2026-05-04T19:11:00+00:00,2026-05-06T00:04:00+00:00,REV
SHORT,1.626910,1.627650,-0.000740,2026-05-06T00:04:00+00:00,2026-05-08T00:17:00+00:00,REV
LONG,1.627650,1.624280,-0.003370,2026-05-08T00:17:00+00:00,2026-05-11T09:08:00+00:00,REV
SHORT,1.624280,1.629330,-0.005050,2026-05-11T09:08:00+00:00,2026-05-12T09:42:00+00:00,REV
LONG,1.629330,1.622770,-0.006560,2026-05-12T09:42:00+00:00,2026-05-12T17:13:00+00:00,REV
SHORT,1.622770,1.619340,0.003430,2026-05-12T17:13:00+00:00,2026-05-15T04:30:00+00:00,REV
LONG,1.619340,1.623720,0.004380,2026-05-15T04:30:00+00:00,2026-05-20T18:01:00+00:00,REV
SHORT,1.623720,1.636180,-0.012460,2026-05-20T18:01:00+00:00,2026-05-21T05:46:00+00:00,REV
LONG,1.636180,1.622360,-0.013820,2026-05-21T05:46:00+00:00,2026-05-21T20:32:00+00:00,REV
SHORT,1.622360,1.625800,-0.003440,2026-05-21T20:32:00+00:00,2026-05-27T04:32:00+00:00,REV
LONG,1.625800,1.625670,-0.000130,2026-05-27T04:32:00+00:00,2026-05-29T00:00:00+00:00,REV
SHORT,1.625670,1.627750,-0.002080,2026-05-29T00:00:00+00:00,2026-06-01T16:21:00+00:00,REV
LONG,1.627750,1.619950,-0.007800,2026-06-01T16:21:00+00:00,2026-06-02T00:08:00+00:00,REV
SHORT,1.619950,1.626020,-0.006070,2026-06-02T00:08:00+00:00,2026-06-03T18:52:00+00:00,REV
LONG,1.626020,1.641500,0.015480,2026-06-03T18:52:00+00:00,2026-06-12T00:00:00+00:00,REV
SHORT,1.641500,1.643190,-0.001690,2026-06-12T00:00:00+00:00,2026-06-16T07:52:00+00:00,REV
LONG,1.643190,1.637300,-0.005890,2026-06-16T07:52:00+00:00,2026-06-18T05:06:00+00:00,REV
SHORT,1.637300,1.637160,0.000140,2026-06-18T05:06:00+00:00,2026-06-22T02:35:00+00:00,REV
LONG,1.637160,1.630940,-0.006220,2026-06-22T02:35:00+00:00,2026-06-23T00:00:00+00:00,REV
SHORT,1.630940,1.637440,-0.006500,2026-06-23T00:00:00+00:00,2026-06-23T05:49:00+00:00,REV
LONG,1.637440,1.643150,0.005710,2026-06-23T05:49:00+00:00,2026-06-26T00:07:00+00:00,REV
SHORT,1.643150,1.649870,-0.006720,2026-06-26T00:07:00+00:00,2026-06-26T05:12:00+00:00,REV
LONG,1.649870,1.650260,0.000390,2026-06-26T05:12:00+00:00,2026-06-30T17:57:00+00:00,REV
SHORT,1.650260,1.649340,0.000920,2026-06-30T17:57:00+00:00,2026-07-08T11:16:00+00:00,REV
LONG,1.649340,1.644700,-0.004640,2026-07-08T11:16:00+00:00,2026-07-10T00:05:00+00:00,REV
SHORT,1.644700,1.638350,0.006350,2026-07-10T00:05:00+00:00,2026-07-16T03:37:00+00:00,REV
LONG,1.638350,1.633070,-0.005280,2026-07-16T03:37:00+00:00,2026-07-16T17:29:00+00:00,REV
SHORT,1.633070,1.640830,-0.007760,2026-07-16T17:29:00+00:00,2026-07-17T11:39:00+00:00,REV
LONG,1.640830,1.633320,-0.007510,2026-07-17T11:39:00+00:00,2026-07-20T12:32:00+00:00,REV
SHORT,1.633320,1.632000,0.001320,2026-07-20T12:32:00+00:00,2026-07-22T09:29:00+00:00,REV
LONG,1.632000,1.626440,-0.005560,2026-07-22T09:29:00+00:00,2026-07-23T04:38:00+00:00,REV
SHORT,1.626440,1.633870,-0.007430,2026-07-23T04:38:00+00:00,2026-07-23T22:47:00+00:00,REV
LONG,1.633870,1.626890,-0.006980,2026-07-23T22:47:00+00:00,2026-07-27T00:04:00+00:00,REV
SHORT,1.626890,1.630890,-0.004000,2026-07-27T00:04:00+00:00,2026-07-28T07:03:00+00:00,REV
LONG,1.630890,1.639470,0.008580,2026-07-28T07:03:00+00:00,2026-07-31T03:15:00+00:00,REV
SHORT,1.639470,1.641090,-0.001620,2026-07-31T03:15:00+00:00,2026-08-03T10:16:00+00:00,REV
LONG,1.641090,1.637610,-0.003480,2026-08-03T10:16:00+00:00,2026-08-04T12:59:00+00:00,REV
SHORT,1.637610,1.639430,-0.001820,2026-08-04T12:59:00+00:00,2026-08-06T07:38:00+00:00,REV
LONG,1.639430,1.635600,-0.003830,2026-08-06T07:38:00+00:00,2026-08-07T17:25:00+00:00,REV
SHORT,1.635600,1.637290,-0.001690,2026-08-07T17:25:00+00:00,2026-08-11T07:30:00+00:00,REV
LONG,1.637290,1.634250,-0.003040,2026-08-11T07:30:00+00:00,2026-08-11T13:16:00+00:00,REV
SHORT,1.634250,1.635480,-0.001230,2026-08-11T13:16:00+00:00,2026-08-13T08:37:00+00:00,REV
LONG,1.635480,1.631130,-0.004350,2026-08-13T08:37:00+00:00,2026-08-17T00:04:00+00:00,REV
SHORT,1.631130,1.633720,-0.002590,2026-08-17T00:04:00+00:00,2026-08-18T21:00:00+00:00,REV
LONG,1.633720,1.637820,0.004100,2026-08-18T21:00:00+00:00,2026-08-21T05:23:00+00:00,REV
SHORT,1.637820,1.632710,0.005110,2026-08-21T05:23:00+00:00,2026-08-25T11:04:00+00:00,REV
LONG,1.632710,1.627690,-0.005020,2026-08-25T11:04:00+00:00,2026-08-26T00:04:00+00:00,REV
SHORT,1.627690,1.620090,0.007600,2026-08-26T00:04:00+00:00,2026-08-31T10:40:00+00:00,REV
LONG,1.620090,1.618110,-0.001980,2026-08-31T10:40:00+00:00,2026-09-02T16:44:00+00:00,REV
SHORT,1.618110,1.613010,0.005100,2026-09-02T16:44:00+00:00,2026-09-08T05:21:00+00:00,REV
LONG,1.613010,1.608800,-0.004210,2026-09-08T05:21:00+00:00,2026-09-08T15:39:00+00:00,REV
SHORT,1.608800,1.613400,-0.004600,2026-09-08T15:39:00+00:00,2026-09-09T14:32:00+00:00,REV
LONG,1.613400,1.616720,0.003320,2026-09-09T14:32:00+00:00,2026-09-16T00:07:00+00:00,REV
SHORT,1.616720,1.613060,0.003660,2026-09-16T00:07:00+00:00,2026-09-22T04:33:00+00:00,REV
LONG,1.613060,1.608980,-0.004080,2026-09-22T04:33:00+00:00,2026-09-22T20:28:00+00:00,REV
SHORT,1.608980,1.615060,-0.006080,2026-09-22T20:28:00+00:00,2026-09-23T15:48:00+00:00,REV
LONG,1.615060,1.618180,0.003120,2026-09-23T15:48:00+00:00,2026-09-24T02:59:00+00:00,END
