direction,entry,exit,pnl,open_time,close_time,reason
LONG,0.949830,0.953200,0.003370,2000-06-06T10:58:00+00:00,2000-06-21T03:00:00+00:00,REV
SHORT,0.953200,0.947230,0.005970,2000-06-21T03:00:00+00:00,2000-06-29T11:58:00+00:00,REV
LONG,0.947230,0.946700,-0.000530,2000-06-29T11:58:00+00:00,2000-07-07T15:47:00+00:00,REV
SHORT,0.946700,0.937230,0.009470,2000-07-07T15:47:00+00:00,2000-07-21T19:55:00+00:00,REV
LONG,0.937230,0.931800,-0.005430,2000-07-21T19:55:00+00:00,2000-07-28T01:35:00+00:00,REV
SHORT,0.931800,0.909830,0.021970,2000-07-28T01:35:00+00:00,2000-08-11T09:37:00+00:00,REV
LONG,0.909830,0.905900,-0.003930,2000-08-11T09:37:00+00:00,2000-08-21T09:47:00+00:00,REV
SHORT,0.905900,0.906030,-0.000130,2000-08-21T09:47:00+00:00,2000-08-25T17:19:00+00:00,REV
LONG,0.906030,0.897900,-0.008130,2000-08-25T17:19:00+00:00,2000-08-29T08:18:00+00:00,REV
SHORT,0.897900,0.901730,-0.003830,2000-08-29T08:18:00+00:00,2000-09-04T05:17:00+00:00,REV
LONG,0.901730,0.885100,-0.016630,2000-09-04T05:17:00+00:00,2000-09-06T09:14:00+00:00,REV
SHORT,0.885100,0.859330,0.025770,2000-09-06T09:14:00+00:00,2000-09-21T19:21:00+00:00,REV
LONG,0.859330,0.875200,0.015870,2000-09-21T19:21:00+00:00,2000-10-03T17:44:00+00:00,REV
SHORT,0.875200,0.875130,0.000070,2000-10-03T17:44:00+00:00,2000-10-11T09:35:00+00:00,REV
LONG,0.875130,0.866300,-0.008830,2000-10-11T09:35:00+00:00,2000-10-12T00:12:00+00:00,REV
SHORT,0.866300,0.840530,0.025770,2000-10-12T00:12:00+00:00,2000-10-27T17:16:00+00:00,REV
LONG,0.840530,0.854800,0.014270,2000-10-27T17:16:00+00:00,2000-11-08T09:24:00+00:00,REV
SHORT,0.854800,0.869830,-0.015030,2000-11-08T09:24:00+00:00,2000-11-10T09:53:00+00:00,REV
LONG,0.869830,0.854900,-0.014930,2000-11-10T09:53:00+00:00,2000-11-16T17:01:00+00:00,REV
SHORT,0.854900,0.848630,0.006270,2000-11-16T17:01:00+00:00,2000-11-27T17:22:00+00:00,REV
LONG,0.848630,0.877300,0.028670,2000-11-27T17:22:00+00:00,2000-12-11T18:08:00+00:00,REV
SHORT,0.877300,0.886630,-0.009330,2000-12-11T18:08:00+00:00,2000-12-14T10:10:00+00:00,REV
LONG,0.886630,0.927100,0.040470,2000-12-14T10:10:00+00:00,2001-01-04T00:06:00+00:00,REV
SHORT,0.927100,0.957230,-0.030130,2001-01-04T00:06:00+00:00,2001-01-05T06:32:00+00:00,REV
LONG,0.957230,0.938900,-0.018330,2001-01-05T06:32:00+00:00,2001-01-10T17:16:00+00:00,REV
SHORT,0.938900,0.931830,0.007070,2001-01-10T17:16:00+00:00,2001-01-31T10:10:00+00:00,REV
LONG,0.931830,0.931800,-0.000030,2001-01-31T10:10:00+00:00,2001-02-06T15:07:00+00:00,REV
SHORT,0.931800,0.933130,-0.001330,2001-02-06T15:07:00+00:00,2001-02-13T01:05:00+00:00,REV
LONG,0.933130,0.917000,-0.016130,2001-02-13T01:05:00+00:00,2001-02-15T10:09:00+00:00,REV
SHORT,0.917000,0.922230,-0.005230,2001-02-15T10:09:00+00:00,2001-02-19T12:43:00+00:00,REV
LONG,0.922230,0.905500,-0.016730,2001-02-19T12:43:00+00:00,2001-02-22T08:46:00+00:00,REV
SHORT,0.905500,0.921330,-0.015830,2001-02-22T08:46:00+00:00,2001-02-28T09:05:00+00:00,REV
LONG,0.921330,0.926500,0.005170,2001-02-28T09:05:00+00:00,2001-03-12T14:06:00+00:00,REV
SHORT,0.926500,0.909930,0.016570,2001-03-12T14:06:00+00:00,2001-03-21T00:00:00+00:00,REV
LONG,0.909930,0.893500,-0.016430,2001-03-21T00:00:00+00:00,2001-03-22T10:11:00+00:00,REV
SHORT,0.893500,0.897530,-0.004030,2001-03-22T10:11:00+00:00,2001-03-27T01:25:00+00:00,REV
LONG,0.897530,0.885400,-0.012130,2001-03-27T01:25:00+00:00,2001-03-28T13:12:00+00:00,REV
SHORT,0.885400,0.888630,-0.003230,2001-03-28T13:12:00+00:00,2001-04-03T18:05:00+00:00,REV
LONG,0.888630,0.892700,0.004070,2001-04-03T18:05:00+00:00,2001-04-10T17:29:00+00:00,REV
SHORT,0.892700,0.891230,0.001470,2001-04-10T17:29:00+00:00,2001-04-19T16:46:00+00:00,REV
LONG,0.891230,0.892900,0.001670,2001-04-19T16:46:00+00:00,2001-04-25T03:04:00+00:00,REV
SHORT,0.892900,0.904730,-0.011830,2001-04-25T03:04:00+00:00,2001-04-27T04:42:00+00:00,REV
LONG,0.904730,0.891000,-0.013730,2001-04-27T04:42:00+00:00,2001-04-27T17:06:00+00:00,REV
SHORT,0.891000,0.895230,-0.004230,2001-04-27T17:06:00+00:00,2001-05-03T01:04:00+00:00,REV
LONG,0.895230,0.888100,-0.007130,2001-05-03T01:04:00+00:00,2001-05-08T09:48:00+00:00,REV
SHORT,0.888100,0.882130,0.005970,2001-05-08T09:48:00+00:00,2001-05-16T10:31:00+00:00,REV
LONG,0.882130,0.875000,-0.007130,2001-05-16T10:31:00+00:00,2001-05-21T11:02:00+00:00,REV
SHORT,0.875000,0.854930,0.020070,2001-05-21T11:02:00+00:00,2001-06-06T09:31:00+00:00,REV
LONG,0.854930,0.844800,-0.010130,2001-06-06T09:31:00+00:00,2001-06-11T15:59:00+00:00,REV
SHORT,0.844800,0.854430,-0.009630,2001-06-11T15:59:00+00:00,2001-06-13T09:07:00+00:00,REV
LONG,0.854430,0.852900,-0.001530,2001-06-13T09:07:00+00:00,2001-06-20T04:08:00+00:00,REV
SHORT,0.852900,0.858230,-0.005330,2001-06-20T04:08:00+00:00,2001-06-25T05:18:00+00:00,REV
LONG,0.858230,0.856600,-0.001630,2001-06-25T05:18:00+00:00,2001-06-28T10:11:00+00:00,REV
SHORT,0.856600,0.848130,0.008470,2001-06-28T10:11:00+00:00,2001-07-09T05:36:00+00:00,REV
LONG,0.848130,0.850900,0.002770,2001-07-09T05:36:00+00:00,2001-07-17T09:04:00+00:00,REV
SHORT,0.850900,0.859930,-0.009030,2001-07-17T09:04:00+00:00,2001-07-17T20:30:00+00:00,REV
LONG,0.859930,0.878400,0.018470,2001-07-17T20:30:00+00:00,2001-08-07T09:32:00+00:00,REV
SHORT,0.878400,0.883630,-0.005230,2001-08-07T09:32:00+00:00,2001-08-09T10:08:00+00:00,REV
LONG,0.883630,0.909100,0.025470,2001-08-09T10:08:00+00:00,2001-08-21T21:24:00+00:00,REV
SHORT,0.909100,0.920530,-0.011430,2001-08-21T21:24:00+00:00,2001-08-22T11:03:00+00:00,REV
LONG,0.920530,0.908200,-0.012330,2001-08-22T11:03:00+00:00,2001-08-24T18:37:00+00:00,REV
SHORT,0.908200,0.915230,-0.007030,2001-08-24T18:37:00+00:00,2001-08-30T18:34:00+00:00,REV
LONG,0.915230,0.905800,-0.009430,2001-08-30T18:34:00+00:00,2001-09-04T02:58:00+00:00,REV
SHORT,0.905800,0.907230,-0.001430,2001-09-04T02:58:00+00:00,2001-09-07T22:21:00+00:00,REV
LONG,0.907230,0.919000,0.011770,2001-09-07T22:21:00+00:00,2001-09-21T10:01:00+00:00,REV
SHORT,0.919000,0.919930,-0.000930,2001-09-21T10:01:00+00:00,2001-10-03T04:48:00+00:00,REV
LONG,0.919930,0.912700,-0.007230,2001-10-03T04:48:00+00:00,2001-10-10T10:38:00+00:00,REV
SHORT,0.912700,0.894630,0.018070,2001-10-10T10:38:00+00:00,2001-10-29T06:20:00+00:00,REV
LONG,0.894630,0.898900,0.004270,2001-10-29T06:20:00+00:00,2001-11-05T03:54:00+00:00,REV
SHORT,0.898900,0.901430,-0.002530,2001-11-05T03:54:00+00:00,2001-11-07T08:50:00+00:00,REV
LONG,0.901430,0.894300,-0.007130,2001-11-07T08:50:00+00:00,2001-11-07T20:32:00+00:00,REV
SHORT,0.894300,0.883930,0.010370,2001-11-07T20:32:00+00:00,2001-11-27T09:10:00+00:00,REV
LONG,0.883930,0.886900,0.002970,2001-11-27T09:10:00+00:00,2001-12-05T18:14:00+00:00,REV
SHORT,0.886900,0.897030,-0.010130,2001-12-05T18:14:00+00:00,2001-12-05T21:57:00+00:00,REV
LONG,0.897030,0.884800,-0.012230,2001-12-05T21:57:00+00:00,2001-12-10T15:32:00+00:00,REV
SHORT,0.884800,0.893530,-0.008730,2001-12-10T15:32:00+00:00,2001-12-12T00:03:00+00:00,REV
LONG,0.893530,0.888900,-0.004630,2001-12-12T00:03:00+00:00,2001-12-24T02:02:00+00:00,REV
SHORT,0.888900,0.894030,-0.005130,2001-12-24T02:02:00+00:00,2001-12-31T09:43:00+00:00,REV
LONG,0.894030,0.888600,-0.005430,2001-12-31T09:43:00+00:00,2002-01-08T10:57:00+00:00,REV
SHORT,0.888600,0.871830,0.016770,2002-01-08T10:57:00+00:00,2002-02-05T09:46:00+00:00,REV
LONG,0.871830,0.868300,-0.003530,2002-02-05T09:46:00+00:00,2002-02-26T13:45:00+00:00,REV
SHORT,0.868300,0.871630,-0.003330,2002-02-26T13:45:00+00:00,2002-03-05T21:51:00+00:00,REV
LONG,0.871630,0.877000,0.005370,2002-03-05T21:51:00+00:00,2002-03-25T01:59:00+00:00,REV
SHORT,0.877000,0.879930,-0.002930,2002-03-25T01:59:00+00:00,2002-04-01T15:56:00+00:00,REV
LONG,0.879930,0.877500,-0.002430,2002-04-01T15:56:00+00:00,2002-04-08T09:53:00+00:00,REV
SHORT,0.877500,0.881430,-0.003930,2002-04-08T09:53:00+00:00,2002-04-10T00:20:00+00:00,REV
LONG,0.881430,0.906200,0.024770,2002-04-10T00:20:00+00:00,2002-05-08T18:34:00+00:00,REV
SHORT,0.906200,0.921130,-0.014930,2002-05-08T18:34:00+00:00,2002-05-20T02:00:00+00:00,REV
LONG,0.921130,0.980100,0.058970,2002-05-20T02:00:00+00:00,2002-07-03T10:09:00+00:00,REV
SHORT,0.980100,0.991430,-0.011330,2002-07-03T10:09:00+00:00,2002-07-09T00:19:00+00:00,REV
LONG,0.991430,1.004500,0.013070,2002-07-09T00:19:00+00:00,2002-07-23T02:50:00+00:00,REV
SHORT,1.004500,0.989430,0.015070,2002-07-23T02:50:00+00:00,2002-08-02T12:42:00+00:00,REV
LONG,0.989430,0.972700,-0.016730,2002-08-02T12:42:00+00:00,2002-08-06T10:55:00+00:00,REV
SHORT,0.972700,0.977430,-0.004730,2002-08-06T10:55:00+00:00,2002-08-12T14:41:00+00:00,REV
LONG,0.977430,0.974900,-0.002530,2002-08-12T14:41:00+00:00,2002-08-20T15:58:00+00:00,REV
SHORT,0.974900,0.981530,-0.006630,2002-08-20T15:58:00+00:00,2002-08-27T17:35:00+00:00,REV
LONG,0.981530,0.983400,0.001870,2002-08-27T17:35:00+00:00,2002-09-06T16:39:00+00:00,REV
SHORT,0.983400,0.983930,-0.000530,2002-09-06T16:39:00+00:00,2002-09-13T16:50:00+00:00,REV
LONG,0.983930,0.970400,-0.013530,2002-09-13T16:50:00+00:00,2002-09-13T19:44:00+00:00,REV
SHORT,0.970400,0.979630,-0.009230,2002-09-13T19:44:00+00:00,2002-09-19T09:42:00+00:00,REV
LONG,0.979630,0.975400,-0.004230,2002-09-19T09:42:00+00:00,2002-09-26T16:53:00+00:00,REV
SHORT,0.975400,0.985630,-0.010230,2002-09-26T16:53:00+00:00,2002-09-30T13:27:00+00:00,REV
LONG,0.985630,0.981200,-0.004430,2002-09-30T13:27:00+00:00,2002-10-04T16:02:00+00:00,REV
SHORT,0.981200,0.988730,-0.007530,2002-10-04T16:02:00+00:00,2002-10-09T19:28:00+00:00,REV
LONG,0.988730,0.983600,-0.005130,2002-10-09T19:28:00+00:00,2002-10-15T11:39:00+00:00,REV
SHORT,0.983600,0.979830,0.003770,2002-10-15T11:39:00+00:00,2002-10-28T17:15:00+00:00,REV
LONG,0.979830,1.007000,0.027170,2002-10-28T17:15:00+00:00,2002-11-13T12:40:00+00:00,REV
SHORT,1.007000,1.012030,-0.005030,2002-11-13T12:40:00+00:00,2002-11-19T10:49:00+00:00,REV
LONG,1.012030,1.001600,-0.010430,2002-11-19T10:49:00+00:00,2002-11-19T20:17:00+00:00,REV
SHORT,1.001600,0.996330,0.005270,2002-11-19T20:17:00+00:00,2002-12-02T20:01:00+00:00,REV
LONG,0.996330,1.036200,0.039870,2002-12-02T20:01:00+00:00,2003-01-02T19:01:00+00:00,REV
SHORT,1.036200,1.049630,-0.013430,2003-01-02T19:01:00+00:00,2003-01-08T20:00:00+00:00,REV
LONG,1.049630,1.078400,0.028770,2003-01-08T20:00:00+00:00,2003-01-30T10:43:00+00:00,REV
SHORT,1.078400,1.084830,-0.006430,2003-01-30T10:43:00+00:00,2003-02-04T16:09:00+00:00,REV
LONG,1.084830,1.073800,-0.011030,2003-02-04T16:09:00+00:00,2003-02-07T15:36:00+00:00,REV
SHORT,1.073800,1.083130,-0.009330,2003-02-07T15:36:00+00:00,2003-02-13T17:49:00+00:00,REV
LONG,1.083130,1.070500,-0.012630,2003-02-13T17:49:00+00:00,2003-02-17T10:20:00+00:00,REV
SHORT,1.070500,1.077930,-0.007430,2003-02-17T10:20:00+00:00,2003-02-20T13:18:00+00:00,REV
LONG,1.077930,1.098400,0.020470,2003-02-20T13:18:00+00:00,2003-03-13T02:12:00+00:00,REV
SHORT,1.098400,1.067530,0.030870,2003-03-13T02:12:00+00:00,2003-03-24T21:15:00+00:00,REV
LONG,1.067530,1.075200,0.007670,2003-03-24T21:15:00+00:00,2003-04-03T01:18:00+00:00,REV
SHORT,1.075200,1.077030,-0.001830,2003-04-03T01:18:00+00:00,2003-04-09T10:56:00+00:00,REV
LONG,1.077030,1.094600,0.017570,2003-04-09T10:56:00+00:00,2003-04-29T17:00:00+00:00,REV
SHORT,1.094600,1.108030,-0.013430,2003-04-29T17:00:00+00:00,2003-04-29T23:52:00+00:00,REV
LONG,1.108030,1.146500,0.038470,2003-04-29T23:52:00+00:00,2003-05-15T05:08:00+00:00,REV
SHORT,1.146500,1.157530,-0.011030,2003-05-15T05:08:00+00:00,2003-05-16T21:49:00+00:00,REV
LONG,1.157530,1.171000,0.013470,2003-05-16T21:49:00+00:00,2003-05-29T10:58:00+00:00,REV
SHORT,1.171000,1.178130,-0.007130,2003-05-29T10:58:00+00:00,2003-06-05T15:04:00+00:00,REV
LONG,1.178130,1.174000,-0.004130,2003-06-05T15:04:00+00:00,2003-06-18T12:42:00+00:00,REV
SHORT,1.174000,1.154630,0.019370,2003-06-18T12:42:00+00:00,2003-07-01T03:15:00+00:00,REV
LONG,1.154630,1.143500,-0.011130,2003-07-01T03:15:00+00:00,2003-07-07T09:37:00+00:00,REV
SHORT,1.143500,1.131030,0.012470,2003-07-07T09:37:00+00:00,2003-07-21T16:39:00+00:00,REV
LONG,1.131030,1.143600,0.012570,2003-07-21T16:39:00+00:00,2003-07-30T00:13:00+00:00,REV
SHORT,1.143600,1.137830,0.005770,2003-07-30T00:13:00+00:00,2003-08-05T10:45:00+00:00,REV
LONG,1.137830,1.131000,-0.006830,2003-08-05T10:45:00+00:00,2003-08-08T15:46:00+00:00,REV
SHORT,1.131000,1.092130,0.038870,2003-08-08T15:46:00+00:00,2003-08-27T14:12:00+00:00,REV
LONG,1.092130,1.081400,-0.010730,2003-08-27T14:12:00+00:00,2003-09-02T22:26:00+00:00,REV
SHORT,1.081400,1.096630,-0.015230,2003-09-02T22:26:00+00:00,2003-09-05T07:37:00+00:00,REV
LONG,1.096630,1.143000,0.046370,2003-09-05T07:37:00+00:00,2003-09-29T10:18:00+00:00,REV
SHORT,1.143000,1.153930,-0.010930,2003-09-29T10:18:00+00:00,2003-09-29T18:00:00+00:00,REV
LONG,1.153930,1.157600,0.003670,2003-09-29T18:00:00+00:00,2003-10-03T19:08:00+00:00,REV
SHORT,1.157600,1.177230,-0.019630,2003-10-03T19:08:00+00:00,2003-10-07T11:27:00+00:00,REV
LONG,1.177230,1.168800,-0.008430,2003-10-07T11:27:00+00:00,2003-10-13T11:55:00+00:00,REV
SHORT,1.168800,1.173930,-0.005130,2003-10-13T11:55:00+00:00,2003-10-22T16:14:00+00:00,REV
LONG,1.173930,1.172300,-0.001630,2003-10-22T16:14:00+00:00,2003-10-28T02:46:00+00:00,REV
SHORT,1.172300,1.151430,0.020870,2003-10-28T02:46:00+00:00,2003-11-07T18:45:00+00:00,REV
LONG,1.151430,1.185900,0.034470,2003-11-07T18:45:00+00:00,2003-11-24T11:16:00+00:00,REV
SHORT,1.185900,1.194030,-0.008130,2003-11-24T11:16:00+00:00,2003-11-26T18:31:00+00:00,REV
LONG,1.194030,1.215400,0.021370,2003-11-26T18:31:00+00:00,2003-12-11T10:43:00+00:00,REV
SHORT,1.215400,1.227730,-0.012330,2003-12-11T10:43:00+00:00,2003-12-12T16:59:00+00:00,REV
LONG,1.227730,1.258700,0.030970,2003-12-12T16:59:00+00:00,2004-01-08T04:37:00+00:00,REV
SHORT,1.258700,1.281230,-0.022530,2004-01-08T04:37:00+00:00,2004-01-09T15:33:00+00:00,REV
LONG,1.281230,1.270500,-0.010730,2004-01-09T15:33:00+00:00,2004-01-14T10:01:00+00:00,REV
SHORT,1.270500,1.261030,0.009470,2004-01-14T10:01:00+00:00,2004-01-21T06:58:00+00:00,REV
LONG,1.261030,1.255000,-0.006030,2004-01-21T06:58:00+00:00,2004-01-26T09:22:00+00:00,REV
SHORT,1.255000,1.256230,-0.001230,2004-01-26T09:22:00+00:00,2004-02-03T09:55:00+00:00,REV
LONG,1.256230,1.271700,0.015470,2004-02-03T09:55:00+00:00,2004-02-18T21:13:00+00:00,REV
SHORT,1.271700,1.243530,0.028170,2004-02-18T21:13:00+00:00,2004-03-08T13:25:00+00:00,REV
LONG,1.243530,1.219700,-0.023830,2004-03-08T13:25:00+00:00,2004-03-11T04:15:00+00:00,REV
SHORT,1.219700,1.237030,-0.017330,2004-03-11T04:15:00+00:00,2004-03-18T17:57:00+00:00,REV
LONG,1.237030,1.222100,-0.014930,2004-03-18T17:57:00+00:00,2004-03-24T14:33:00+00:00,REV
SHORT,1.222100,1.221030,0.001070,2004-03-24T14:33:00+00:00,2004-03-30T06:40:00+00:00,REV
LONG,1.221030,1.215300,-0.005730,2004-03-30T06:40:00+00:00,2004-04-02T16:26:00+00:00,REV
SHORT,1.215300,1.219830,-0.004530,2004-04-02T16:26:00+00:00,2004-04-08T06:59:00+00:00,REV
LONG,1.219830,1.205700,-0.014130,2004-04-08T06:59:00+00:00,2004-04-13T09:11:00+00:00,REV
SHORT,1.205700,1.204930,0.000770,2004-04-13T09:11:00+00:00,2004-04-19T09:50:00+00:00,REV
LONG,1.204930,1.189700,-0.015230,2004-04-19T09:50:00+00:00,2004-04-20T15:38:00+00:00,REV
SHORT,1.189700,1.194530,-0.004830,2004-04-20T15:38:00+00:00,2004-04-27T21:30:00+00:00,REV
LONG,1.194530,1.192800,-0.001730,2004-04-27T21:30:00+00:00,2004-05-07T17:22:00+00:00,REV
SHORT,1.192800,1.193030,-0.000230,2004-05-07T17:22:00+00:00,2004-05-17T04:04:00+00:00,REV
LONG,1.193030,1.215800,0.022770,2004-05-17T04:04:00+00:00,2004-06-04T15:31:00+00:00,REV
SHORT,1.215800,1.232930,-0.017130,2004-06-04T15:31:00+00:00,2004-06-07T03:01:00+00:00,REV
LONG,1.232930,1.224900,-0.008030,2004-06-07T03:01:00+00:00,2004-06-09T04:21:00+00:00,REV
SHORT,1.224900,1.212030,0.012870,2004-06-09T04:21:00+00:00,2004-06-15T15:48:00+00:00,REV
LONG,1.212030,1.198300,-0.013730,2004-06-15T15:48:00+00:00,2004-06-18T08:10:00+00:00,REV
SHORT,1.198300,1.214930,-0.016630,2004-06-18T08:10:00+00:00,2004-06-23T07:37:00+00:00,REV
LONG,1.214930,1.206700,-0.008230,2004-06-23T07:37:00+00:00,2004-06-24T04:24:00+00:00,REV
SHORT,1.206700,1.219530,-0.012830,2004-06-24T04:24:00+00:00,2004-06-28T15:07:00+00:00,REV
LONG,1.219530,1.207900,-0.011630,2004-06-28T15:07:00+00:00,2004-06-30T00:38:00+00:00,REV
SHORT,1.207900,1.221230,-0.013330,2004-06-30T00:38:00+00:00,2004-07-02T15:30:00+00:00,REV
LONG,1.221230,1.234300,0.013070,2004-07-02T15:30:00+00:00,2004-07-13T15:37:00+00:00,REV
SHORT,1.234300,1.242330,-0.008030,2004-07-13T15:37:00+00:00,2004-07-16T16:24:00+00:00,REV
LONG,1.242330,1.233000,-0.009330,2004-07-16T16:24:00+00:00,2004-07-20T21:46:00+00:00,REV
SHORT,1.233000,1.207730,0.025270,2004-07-20T21:46:00+00:00,2004-08-06T08:20:00+00:00,REV
LONG,1.207730,1.219700,0.011970,2004-08-06T08:20:00+00:00,2004-08-13T09:29:00+00:00,REV
SHORT,1.219700,1.232030,-0.012330,2004-08-13T09:29:00+00:00,2004-08-13T15:48:00+00:00,REV
LONG,1.232030,1.228500,-0.003530,2004-08-13T15:48:00+00:00,2004-08-20T15:17:00+00:00,REV
SHORT,1.228500,1.213730,0.014770,2004-08-20T15:17:00+00:00,2004-08-31T17:00:00+00:00,REV
LONG,1.213730,1.204500,-0.009230,2004-08-31T17:00:00+00:00,2004-09-03T18:50:00+00:00,REV
SHORT,1.204500,1.219330,-0.014830,2004-09-03T18:50:00+00:00,2004-09-09T04:41:00+00:00,REV
LONG,1.219330,1.220000,0.000670,2004-09-09T04:41:00+00:00,2004-09-15T15:42:00+00:00,REV
SHORT,1.220000,1.222530,-0.002530,2004-09-15T15:42:00+00:00,2004-09-21T12:40:00+00:00,REV
LONG,1.222530,1.229100,0.006570,2004-09-21T12:40:00+00:00,2004-10-04T15:35:00+00:00,REV
SHORT,1.229100,1.233030,-0.003930,2004-10-04T15:35:00+00:00,2004-10-08T09:09:00+00:00,REV
LONG,1.233030,1.228300,-0.004730,2004-10-08T09:09:00+00:00,2004-10-13T14:36:00+00:00,REV
SHORT,1.228300,1.242130,-0.013830,2004-10-13T14:36:00+00:00,2004-10-15T15:39:00+00:00,REV
LONG,1.242130,1.269600,0.027470,2004-10-15T15:39:00+00:00,2004-10-28T02:59:00+00:00,REV
SHORT,1.269600,1.281430,-0.011830,2004-10-28T02:59:00+00:00,2004-11-01T00:15:00+00:00,REV
LONG,1.281430,1.266700,-0.014730,2004-11-01T00:15:00+00:00,2004-11-03T08:03:00+00:00,REV
SHORT,1.266700,1.283530,-0.016830,2004-11-03T08:03:00+00:00,2004-11-04T08:24:00+00:00,REV
LONG,1.283530,1.339100,0.055570,2004-11-04T08:24:00+00:00,2004-12-08T06:13:00+00:00,REV
SHORT,1.339100,1.332830,0.006270,2004-12-08T06:13:00+00:00,2004-12-14T13:42:00+00:00,REV
LONG,1.332830,1.355900,0.023070,2004-12-14T13:42:00+00:00,2004-12-31T18:42:00+00:00,REV
SHORT,1.355900,1.312430,0.043470,2004-12-31T18:42:00+00:00,2005-01-11T02:30:00+00:00,REV
LONG,1.312430,1.306900,-0.005530,2005-01-11T02:30:00+00:00,2005-01-14T10:58:00+00:00,REV
SHORT,1.306900,1.306930,-0.000030,2005-01-14T10:58:00+00:00,2005-01-24T08:44:00+00:00,REV
LONG,1.306930,1.303000,-0.003930,2005-01-24T08:44:00+00:00,2005-01-25T03:43:00+00:00,REV
SHORT,1.303000,1.310030,-0.007030,2005-01-25T03:43:00+00:00,2005-01-26T19:55:00+00:00,REV
LONG,1.310030,1.298800,-0.011230,2005-01-26T19:55:00+00:00,2005-01-31T11:43:00+00:00,REV
SHORT,1.298800,1.306130,-0.007330,2005-01-31T11:43:00+00:00,2005-02-01T07:50:00+00:00,REV
LONG,1.306130,1.297700,-0.008430,2005-02-01T07:50:00+00:00,2005-02-03T15:47:00+00:00,REV
SHORT,1.297700,1.286630,0.011070,2005-02-03T15:47:00+00:00,2005-02-10T16:59:00+00:00,REV
LONG,1.286630,1.322200,0.035570,2005-02-10T16:59:00+00:00,2005-03-01T00:44:00+00:00,REV
SHORT,1.322200,1.323430,-0.001230,2005-03-01T00:44:00+00:00,2005-03-04T17:33:00+00:00,REV
LONG,1.323430,1.333700,0.010270,2005-03-04T17:33:00+00:00,2005-03-15T16:35:00+00:00,REV
SHORT,1.333700,1.297130,0.036570,2005-03-15T16:35:00+00:00,2005-03-30T09:14:00+00:00,REV
LONG,1.297130,1.287800,-0.009330,2005-03-30T09:14:00+00:00,2005-04-01T17:27:00+00:00,REV
SHORT,1.287800,1.291230,-0.003430,2005-04-01T17:27:00+00:00,2005-04-07T08:50:00+00:00,REV
LONG,1.291230,1.285100,-0.006130,2005-04-07T08:50:00+00:00,2005-04-14T12:41:00+00:00,REV
SHORT,1.285100,1.295730,-0.010630,2005-04-14T12:41:00+00:00,2005-04-18T10:29:00+00:00,REV
LONG,1.295730,1.299400,0.003670,2005-04-18T10:29:00+00:00,2005-04-25T11:36:00+00:00,REV
SHORT,1.299400,1.297430,0.001970,2005-04-25T11:36:00+00:00,2005-05-05T10:47:00+00:00,REV
LONG,1.297430,1.283300,-0.014130,2005-05-05T10:47:00+00:00,2005-05-06T18:01:00+00:00,REV
SHORT,1.283300,1.269130,0.014170,2005-05-06T18:01:00+00:00,2005-05-18T20:25:00+00:00,REV
LONG,1.269130,1.258900,-0.010230,2005-05-18T20:25:00+00:00,2005-05-20T15:54:00+00:00,REV
SHORT,1.258900,1.231530,0.027370,2005-05-20T15:54:00+00:00,2005-06-08T06:45:00+00:00,REV
LONG,1.231530,1.222200,-0.009330,2005-06-08T06:45:00+00:00,2005-06-08T21:12:00+00:00,REV
SHORT,1.222200,1.215330,0.006870,2005-06-08T21:12:00+00:00,2005-06-16T16:13:00+00:00,REV
LONG,1.215330,1.207300,-0.008030,2005-06-16T16:13:00+00:00,2005-06-23T15:10:00+00:00,REV
SHORT,1.207300,1.195330,0.011970,2005-06-23T15:10:00+00:00,2005-07-07T11:46:00+00:00,REV
LONG,1.195330,1.205500,0.010170,2005-07-07T11:46:00+00:00,2005-07-15T15:34:00+00:00,REV
SHORT,1.205500,1.213830,-0.008330,2005-07-15T15:34:00+00:00,2005-07-20T21:04:00+00:00,REV
LONG,1.213830,1.202900,-0.010930,2005-07-20T21:04:00+00:00,2005-07-26T05:42:00+00:00,REV
SHORT,1.202900,1.209030,-0.006130,2005-07-26T05:42:00+00:00,2005-07-28T14:06:00+00:00,REV
LONG,1.209030,1.234700,0.025670,2005-07-28T14:06:00+00:00,2005-08-16T03:10:00+00:00,REV
SHORT,1.234700,1.225630,0.009070,2005-08-16T03:10:00+00:00,2005-08-24T16:00:00+00:00,REV
LONG,1.225630,1.221900,-0.003730,2005-08-24T16:00:00+00:00,2005-08-30T05:11:00+00:00,REV
SHORT,1.221900,1.234930,-0.013030,2005-08-30T05:11:00+00:00,2005-08-31T19:28:00+00:00,REV
LONG,1.234930,1.244500,0.009570,2005-08-31T19:28:00+00:00,2005-09-07T16:09:00+00:00,REV
SHORT,1.244500,1.224230,0.020270,2005-09-07T16:09:00+00:00,2005-09-22T02:43:00+00:00,REV
LONG,1.224230,1.211300,-0.012930,2005-09-22T02:43:00+00:00,2005-09-23T14:07:00+00:00,REV
SHORT,1.211300,1.208430,0.002870,2005-09-23T14:07:00+00:00,2005-09-30T18:33:00+00:00,REV
LONG,1.208430,1.199400,-0.009030,2005-09-30T18:33:00+00:00,2005-10-03T03:32:00+00:00,REV
SHORT,1.199400,1.203530,-0.004130,2005-10-03T03:32:00+00:00,2005-10-06T03:03:00+00:00,REV
LONG,1.203530,1.197800,-0.005730,2005-10-06T03:03:00+00:00,2005-10-12T01:10:00+00:00,REV
SHORT,1.197800,1.207530,-0.009730,2005-10-12T01:10:00+00:00,2005-10-14T17:48:00+00:00,REV
LONG,1.207530,1.191800,-0.015730,2005-10-14T17:48:00+00:00,2005-10-19T09:35:00+00:00,REV
SHORT,1.191800,1.203030,-0.011230,2005-10-19T09:35:00+00:00,2005-10-21T02:44:00+00:00,REV
LONG,1.203030,1.204300,0.001270,2005-10-21T02:44:00+00:00,2005-10-31T13:04:00+00:00,REV
SHORT,1.204300,1.176430,0.027870,2005-10-31T13:04:00+00:00,2005-11-18T16:29:00+00:00,REV
LONG,1.176430,1.171200,-0.005230,2005-11-18T16:29:00+00:00,2005-11-28T00:17:00+00:00,REV
SHORT,1.171200,1.186830,-0.015630,2005-11-28T00:17:00+00:00,2005-11-28T21:09:00+00:00,REV
LONG,1.186830,1.169300,-0.017530,2005-11-28T21:09:00+00:00,2005-12-02T15:32:00+00:00,REV
SHORT,1.169300,1.180630,-0.011330,2005-12-02T15:32:00+00:00,2005-12-05T19:32:00+00:00,REV
LONG,1.180630,1.193600,0.012970,2005-12-05T19:32:00+00:00,2005-12-20T15:55:00+00:00,REV
SHORT,1.193600,1.189830,0.003770,2005-12-20T15:55:00+00:00,2005-12-28T09:12:00+00:00,REV
LONG,1.189830,1.205400,0.015570,2005-12-28T09:12:00+00:00,2006-01-10T04:31:00+00:00,REV
SHORT,1.205400,1.215530,-0.010130,2006-01-10T04:31:00+00:00,2006-01-12T03:42:00+00:00,REV
LONG,1.215530,1.203900,-0.011630,2006-01-12T03:42:00+00:00,2006-01-12T16:27:00+00:00,REV
SHORT,1.203900,1.216530,-0.012630,2006-01-12T16:27:00+00:00,2006-01-16T01:49:00+00:00,REV
LONG,1.216530,1.205200,-0.011330,2006-01-16T01:49:00+00:00,2006-01-20T10:37:00+00:00,REV
SHORT,1.205200,1.216130,-0.010930,2006-01-20T10:37:00+00:00,2006-01-23T01:34:00+00:00,REV
LONG,1.216130,1.220000,0.003870,2006-01-23T01:34:00+00:00,2006-01-27T03:28:00+00:00,REV
SHORT,1.220000,1.201730,0.018270,2006-01-27T03:28:00+00:00,2006-02-10T15:55:00+00:00,REV
LONG,1.201730,1.192500,-0.009230,2006-02-10T15:55:00+00:00,2006-02-10T17:53:00+00:00,REV
SHORT,1.192500,1.195530,-0.003030,2006-02-10T17:53:00+00:00,2006-02-20T02:07:00+00:00,REV
LONG,1.195530,1.186500,-0.009030,2006-02-20T02:07:00+00:00,2006-02-24T17:57:00+00:00,REV
SHORT,1.186500,1.194330,-0.007830,2006-02-24T17:57:00+00:00,2006-03-01T02:23:00+00:00,REV
LONG,1.194330,1.191600,-0.002730,2006-03-01T02:23:00+00:00,2006-03-07T11:33:00+00:00,REV
SHORT,1.191600,1.195430,-0.003830,2006-03-07T11:33:00+00:00,2006-03-13T09:36:00+00:00,REV
LONG,1.195430,1.207900,0.012470,2006-03-13T09:36:00+00:00,2006-03-22T06:31:00+00:00,REV
SHORT,1.207900,1.208330,-0.000430,2006-03-22T06:31:00+00:00,2006-03-28T14:01:00+00:00,REV
LONG,1.208330,1.212300,0.003970,2006-03-28T14:01:00+00:00,2006-04-07T17:28:00+00:00,REV
SHORT,1.212300,1.217030,-0.004730,2006-04-07T17:28:00+00:00,2006-04-17T03:24:00+00:00,REV
LONG,1.217030,1.277200,0.060170,2006-04-17T03:24:00+00:00,2006-05-17T17:32:00+00:00,REV
SHORT,1.277200,1.288830,-0.011630,2006-05-17T17:32:00+00:00,2006-05-24T15:45:00+00:00,REV
LONG,1.288830,1.273300,-0.015530,2006-05-24T15:45:00+00:00,2006-05-26T16:52:00+00:00,REV
SHORT,1.273300,1.283630,-0.010330,2006-05-26T16:52:00+00:00,2006-05-30T09:08:00+00:00,REV
LONG,1.283630,1.281100,-0.002530,2006-05-30T09:08:00+00:00,2006-06-07T00:10:00+00:00,REV
SHORT,1.281100,1.265230,0.015870,2006-06-07T00:10:00+00:00,2006-06-15T16:00:00+00:00,REV
LONG,1.265230,1.255400,-0.009830,2006-06-15T16:00:00+00:00,2006-06-20T12:59:00+00:00,REV
SHORT,1.255400,1.267330,-0.011930,2006-06-20T12:59:00+00:00,2006-06-21T19:26:00+00:00,REV
LONG,1.267330,1.254000,-0.013330,2006-06-21T19:26:00+00:00,2006-06-23T13:15:00+00:00,REV
SHORT,1.254000,1.262130,-0.008130,2006-06-23T13:15:00+00:00,2006-06-29T21:21:00+00:00,REV
LONG,1.262130,1.276400,0.014270,2006-06-29T21:21:00+00:00,2006-07-05T10:16:00+00:00,REV
SHORT,1.276400,1.283930,-0.007530,2006-07-05T10:16:00+00:00,2006-07-07T15:30:00+00:00,REV
LONG,1.283930,1.272000,-0.011930,2006-07-07T15:30:00+00:00,2006-07-11T09:10:00+00:00,REV
SHORT,1.272000,1.265530,0.006470,2006-07-11T09:10:00+00:00,2006-07-21T09:43:00+00:00,REV
LONG,1.265530,1.259000,-0.006530,2006-07-21T09:43:00+00:00,2006-07-25T18:21:00+00:00,REV
SHORT,1.259000,1.271230,-0.012230,2006-07-25T18:21:00+00:00,2006-07-26T23:09:00+00:00,REV
LONG,1.271230,1.278000,0.006770,2006-07-26T23:09:00+00:00,2006-08-09T01:49:00+00:00,REV
SHORT,1.278000,1.290230,-0.012230,2006-08-09T01:49:00+00:00,2006-08-10T09:15:00+00:00,REV
LONG,1.290230,1.276600,-0.013630,2006-08-10T09:15:00+00:00,2006-08-10T17:37:00+00:00,REV
SHORT,1.276600,1.280530,-0.003930,2006-08-10T17:37:00+00:00,2006-08-16T15:30:00+00:00,REV
LONG,1.280530,1.278300,-0.002230,2006-08-16T15:30:00+00:00,2006-08-23T18:02:00+00:00,REV
SHORT,1.278300,1.284030,-0.005730,2006-08-23T18:02:00+00:00,2006-08-30T03:26:00+00:00,REV
LONG,1.284030,1.277300,-0.006730,2006-08-30T03:26:00+00:00,2006-09-07T13:34:00+00:00,REV
SHORT,1.277300,1.274330,0.002970,2006-09-07T13:34:00+00:00,2006-09-14T17:55:00+00:00,REV
LONG,1.274330,1.266700,-0.007630,2006-09-14T17:55:00+00:00,2006-09-15T15:45:00+00:00,REV
SHORT,1.266700,1.273230,-0.006530,2006-09-15T15:45:00+00:00,2006-09-21T10:43:00+00:00,REV
LONG,1.273230,1.268400,-0.004830,2006-09-21T10:43:00+00:00,2006-09-26T17:04:00+00:00,REV
SHORT,1.268400,1.273530,-0.005130,2006-09-26T17:04:00+00:00,2006-10-02T16:46:00+00:00,REV
LONG,1.273530,1.267000,-0.006530,2006-10-02T16:46:00+00:00,2006-10-06T14:51:00+00:00,REV
SHORT,1.267000,1.256730,0.010270,2006-10-06T14:51:00+00:00,2006-10-19T11:57:00+00:00,REV
LONG,1.256730,1.253100,-0.003630,2006-10-19T11:57:00+00:00,2006-10-24T10:35:00+00:00,REV
SHORT,1.253100,1.262430,-0.009330,2006-10-24T10:35:00+00:00,2006-10-26T03:37:00+00:00,REV
LONG,1.262430,1.279400,0.016970,2006-10-26T03:37:00+00:00,2006-11-15T12:38:00+00:00,REV
SHORT,1.279400,1.284730,-0.005330,2006-11-15T12:38:00+00:00,2006-11-20T04:52:00+00:00,REV
LONG,1.284730,1.325600,0.040870,2006-11-20T04:52:00+00:00,2006-12-08T15:30:00+00:00,REV
SHORT,1.325600,1.336530,-0.010930,2006-12-08T15:30:00+00:00,2006-12-08T17:02:00+00:00,REV
LONG,1.336530,1.317800,-0.018730,2006-12-08T17:02:00+00:00,2006-12-11T00:00:00+00:00,REV
SHORT,1.317800,1.321830,-0.004030,2006-12-11T00:00:00+00:00,2006-12-20T02:52:00+00:00,REV
LONG,1.321830,1.311000,-0.010830,2006-12-20T02:52:00+00:00,2006-12-26T19:52:00+00:00,REV
SHORT,1.311000,1.320230,-0.009230,2006-12-26T19:52:00+00:00,2006-12-29T18:32:00+00:00,REV
LONG,1.320230,1.314000,-0.006230,2006-12-29T18:32:00+00:00,2007-01-04T10:24:00+00:00,REV
SHORT,1.314000,1.299230,0.014770,2007-01-04T10:24:00+00:00,2007-01-19T05:49:00+00:00,REV
LONG,1.299230,1.292600,-0.006630,2007-01-19T05:49:00+00:00,2007-01-25T21:37:00+00:00,REV
SHORT,1.292600,1.298430,-0.005830,2007-01-25T21:37:00+00:00,2007-01-31T17:07:00+00:00,REV
LONG,1.298430,1.292700,-0.005730,2007-01-31T17:07:00+00:00,2007-02-05T14:19:00+00:00,REV
SHORT,1.292700,1.302530,-0.009830,2007-02-05T14:19:00+00:00,2007-02-08T01:43:00+00:00,REV
LONG,1.302530,1.297400,-0.005130,2007-02-08T01:43:00+00:00,2007-02-12T12:16:00+00:00,REV
SHORT,1.297400,1.304530,-0.007130,2007-02-12T12:16:00+00:00,2007-02-13T15:40:00+00:00,REV
LONG,1.304530,1.311500,0.006970,2007-02-13T15:40:00+00:00,2007-02-22T09:34:00+00:00,REV
SHORT,1.311500,1.318930,-0.007430,2007-02-22T09:34:00+00:00,2007-02-26T01:41:00+00:00,REV
LONG,1.318930,1.315800,-0.003130,2007-02-26T01:41:00+00:00,2007-03-02T11:17:00+00:00,REV
SHORT,1.315800,1.318930,-0.003130,2007-03-02T11:17:00+00:00,2007-03-12T18:12:00+00:00,REV
LONG,1.318930,1.328500,0.009570,2007-03-12T18:12:00+00:00,2007-03-26T00:01:00+00:00,REV
SHORT,1.328500,1.336530,-0.008030,2007-03-26T00:01:00+00:00,2007-03-28T00:03:00+00:00,REV
LONG,1.336530,1.330400,-0.006130,2007-03-28T00:03:00+00:00,2007-03-30T13:52:00+00:00,REV
SHORT,1.330400,1.337530,-0.007130,2007-03-30T13:52:00+00:00,2007-03-30T18:27:00+00:00,REV
LONG,1.337530,1.355900,0.018370,2007-03-30T18:27:00+00:00,2007-04-23T12:05:00+00:00,REV
SHORT,1.355900,1.364030,-0.008130,2007-04-23T12:05:00+00:00,2007-04-24T23:01:00+00:00,REV
LONG,1.364030,1.358700,-0.005330,2007-04-24T23:01:00+00:00,2007-05-02T06:14:00+00:00,REV
SHORT,1.358700,1.362530,-0.003830,2007-05-02T06:14:00+00:00,2007-05-07T15:32:00+00:00,REV
LONG,1.362530,1.353600,-0.008930,2007-05-07T15:32:00+00:00,2007-05-08T17:14:00+00:00,REV
SHORT,1.353600,1.356630,-0.003030,2007-05-08T17:14:00+00:00,2007-05-15T15:33:00+00:00,REV
LONG,1.356630,1.350700,-0.005930,2007-05-15T15:33:00+00:00,2007-05-17T14:16:00+00:00,REV
SHORT,1.350700,1.347430,0.003270,2007-05-17T14:16:00+00:00,2007-05-29T11:55:00+00:00,REV
LONG,1.347430,1.341300,-0.006130,2007-05-29T11:55:00+00:00,2007-05-30T14:51:00+00:00,REV
SHORT,1.341300,1.347830,-0.006530,2007-05-30T14:51:00+00:00,2007-06-04T14:55:00+00:00,REV
LONG,1.347830,1.343300,-0.004530,2007-06-04T14:55:00+00:00,2007-06-07T19:48:00+00:00,REV
SHORT,1.343300,1.337030,0.006270,2007-06-07T19:48:00+00:00,2007-06-15T18:13:00+00:00,REV
LONG,1.337030,1.337800,0.000770,2007-06-15T18:13:00+00:00,2007-06-21T10:06:00+00:00,REV
SHORT,1.337800,1.344030,-0.006230,2007-06-21T10:06:00+00:00,2007-06-22T14:54:00+00:00,REV
LONG,1.344030,1.358100,0.014070,2007-06-22T14:54:00+00:00,2007-07-06T08:55:00+00:00,REV
SHORT,1.358100,1.366130,-0.008030,2007-07-06T08:55:00+00:00,2007-07-10T13:01:00+00:00,REV
LONG,1.366130,1.375700,0.009570,2007-07-10T13:01:00+00:00,2007-07-18T15:44:00+00:00,REV
SHORT,1.375700,1.381530,-0.005830,2007-07-18T15:44:00+00:00,2007-07-18T17:45:00+00:00,REV
LONG,1.381530,1.378000,-0.003530,2007-07-18T17:45:00+00:00,2007-07-25T10:31:00+00:00,REV
SHORT,1.378000,1.373030,0.004970,2007-07-25T10:31:00+00:00,2007-08-03T16:31:00+00:00,REV
LONG,1.373030,1.372300,-0.000730,2007-08-03T16:31:00+00:00,2007-08-09T15:25:00+00:00,REV
SHORT,1.372300,1.355030,0.017270,2007-08-09T15:25:00+00:00,2007-08-22T18:29:00+00:00,REV
LONG,1.355030,1.359500,0.004470,2007-08-22T18:29:00+00:00,2007-09-04T11:14:00+00:00,REV
SHORT,1.359500,1.367230,-0.007730,2007-09-04T11:14:00+00:00,2007-09-06T14:54:00+00:00,REV
LONG,1.367230,1.384500,0.017270,2007-09-06T14:54:00+00:00,2007-09-18T09:20:00+00:00,REV
SHORT,1.384500,1.393030,-0.008530,2007-09-18T09:20:00+00:00,2007-09-18T21:16:00+00:00,REV
LONG,1.393030,1.414100,0.021070,2007-09-18T21:16:00+00:00,2007-10-03T18:28:00+00:00,REV
SHORT,1.414100,1.415830,-0.001730,2007-10-03T18:28:00+00:00,2007-10-10T15:20:00+00:00,REV
LONG,1.415830,1.415800,-0.000030,2007-10-10T15:20:00+00:00,2007-10-22T14:43:00+00:00,REV
SHORT,1.415800,1.434430,-0.018630,2007-10-22T14:43:00+00:00,2007-10-26T09:10:00+00:00,REV
LONG,1.434430,1.455500,0.021070,2007-10-26T09:10:00+00:00,2007-11-12T13:11:00+00:00,REV
SHORT,1.455500,1.470530,-0.015030,2007-11-12T13:11:00+00:00,2007-11-20T09:23:00+00:00,REV
LONG,1.470530,1.478700,0.008170,2007-11-20T09:23:00+00:00,2007-11-28T09:35:00+00:00,REV
SHORT,1.478700,1.473730,0.004970,2007-11-28T09:35:00+00:00,2007-12-11T09:12:00+00:00,REV
LONG,1.473730,1.464000,-0.009730,2007-12-11T09:12:00+00:00,2007-12-13T17:26:00+00:00,REV
SHORT,1.464000,1.441730,0.022270,2007-12-13T17:26:00+00:00,2007-12-26T08:59:00+00:00,REV
LONG,1.441730,1.466100,0.024370,2007-12-26T08:59:00+00:00,2008-01-09T17:43:00+00:00,REV
SHORT,1.466100,1.475830,-0.009730,2008-01-09T17:43:00+00:00,2008-01-10T19:18:00+00:00,REV
LONG,1.475830,1.476400,0.000570,2008-01-10T19:18:00+00:00,2008-01-16T17:46:00+00:00,REV
SHORT,1.476400,1.468530,0.007870,2008-01-16T17:46:00+00:00,2008-01-24T14:03:00+00:00,REV
LONG,1.468530,1.478600,0.010070,2008-01-24T14:03:00+00:00,2008-02-05T10:26:00+00:00,REV
SHORT,1.478600,1.461730,0.016870,2008-02-05T10:26:00+00:00,2008-02-14T10:00:00+00:00,REV
LONG,1.461730,1.558500,0.096770,2008-02-14T10:00:00+00:00,2008-03-20T03:51:00+00:00,REV
SHORT,1.558500,1.565130,-0.006630,2008-03-20T03:51:00+00:00,2008-03-25T23:39:00+00:00,REV
LONG,1.565130,1.572800,0.007670,2008-03-25T23:39:00+00:00,2008-04-01T08:41:00+00:00,REV
SHORT,1.572800,1.577230,-0.004430,2008-04-01T08:41:00+00:00,2008-04-08T03:14:00+00:00,REV
LONG,1.577230,1.568500,-0.008730,2008-04-08T03:14:00+00:00,2008-04-14T03:17:00+00:00,REV
SHORT,1.568500,1.588830,-0.020330,2008-04-14T03:17:00+00:00,2008-04-16T12:02:00+00:00,REV
LONG,1.588830,1.575400,-0.013430,2008-04-16T12:02:00+00:00,2008-04-18T15:27:00+00:00,REV
SHORT,1.575400,1.598630,-0.023230,2008-04-18T15:27:00+00:00,2008-04-22T17:25:00+00:00,REV
LONG,1.598630,1.579300,-0.019330,2008-04-22T17:25:00+00:00,2008-04-24T11:03:00+00:00,REV
SHORT,1.579300,1.554130,0.025170,2008-04-24T11:03:00+00:00,2008-05-12T18:44:00+00:00,REV
LONG,1.554130,1.569600,0.015470,2008-05-12T18:44:00+00:00,2008-05-27T23:00:00+00:00,REV
SHORT,1.569600,1.562930,0.006670,2008-05-27T23:00:00+00:00,2008-06-06T15:30:00+00:00,REV
LONG,1.562930,1.544400,-0.018530,2008-06-06T15:30:00+00:00,2008-06-12T09:30:00+00:00,REV
SHORT,1.544400,1.555330,-0.010930,2008-06-12T09:30:00+00:00,2008-06-19T02:51:00+00:00,REV
LONG,1.555330,1.572400,0.017070,2008-06-19T02:51:00+00:00,2008-07-03T17:30:00+00:00,REV
SHORT,1.572400,1.575530,-0.003130,2008-07-03T17:30:00+00:00,2008-07-10T09:28:00+00:00,REV
LONG,1.575530,1.580300,0.004770,2008-07-10T09:28:00+00:00,2008-07-17T21:23:00+00:00,REV
SHORT,1.580300,1.593230,-0.012930,2008-07-17T21:23:00+00:00,2008-07-22T00:16:00+00:00,REV
LONG,1.593230,1.578700,-0.014530,2008-07-22T00:16:00+00:00,2008-07-22T18:35:00+00:00,REV
SHORT,1.578700,1.480930,0.097770,2008-07-22T18:35:00+00:00,2008-08-21T09:23:00+00:00,REV
LONG,1.480930,1.469700,-0.011230,2008-08-21T09:23:00+00:00,2008-08-26T08:24:00+00:00,REV
SHORT,1.469700,1.481030,-0.011330,2008-08-26T08:24:00+00:00,2008-08-28T16:23:00+00:00,REV
LONG,1.481030,1.463500,-0.017530,2008-08-28T16:23:00+00:00,2008-09-01T03:59:00+00:00,REV
SHORT,1.463500,1.422930,0.040570,2008-09-01T03:59:00+00:00,2008-09-12T23:23:00+00:00,REV
LONG,1.422930,1.456100,0.033170,2008-09-12T23:23:00+00:00,2008-09-26T13:25:00+00:00,REV
SHORT,1.456100,1.375630,0.080470,2008-09-26T13:25:00+00:00,2008-10-09T11:10:00+00:00,REV
LONG,1.375630,1.348400,-0.027230,2008-10-09T11:10:00+00:00,2008-10-10T18:11:00+00:00,REV
SHORT,1.348400,1.299430,0.048970,2008-10-10T18:11:00+00:00,2008-10-30T03:17:00+00:00,REV
LONG,1.299430,1.267000,-0.032430,2008-10-30T03:17:00+00:00,2008-11-03T19:20:00+00:00,REV
SHORT,1.267000,1.292530,-0.025530,2008-11-03T19:20:00+00:00,2008-11-04T17:35:00+00:00,REV
LONG,1.292530,1.265500,-0.027030,2008-11-04T17:35:00+00:00,2008-11-11T16:58:00+00:00,REV
SHORT,1.265500,1.281630,-0.016130,2008-11-11T16:58:00+00:00,2008-11-24T16:12:00+00:00,REV
LONG,1.281630,1.280600,-0.001030,2008-11-24T16:12:00+00:00,2008-11-28T13:56:00+00:00,REV
SHORT,1.280600,1.276830,0.003770,2008-11-28T13:56:00+00:00,2008-12-04T18:16:00+00:00,REV
LONG,1.276830,1.392000,0.115170,2008-12-04T18:16:00+00:00,2008-12-31T15:13:00+00:00,REV
SHORT,1.392000,1.334630,0.057370,2008-12-31T15:13:00+00:00,2009-01-19T00:11:00+00:00,REV
LONG,1.334630,1.302800,-0.031830,2009-01-19T00:11:00+00:00,2009-01-20T02:34:00+00:00,REV
SHORT,1.302800,1.308830,-0.006030,2009-01-20T02:34:00+00:00,2009-01-26T16:04:00+00:00,REV
LONG,1.308830,1.293400,-0.015430,2009-01-26T16:04:00+00:00,2009-01-30T01:07:00+00:00,REV
SHORT,1.293400,1.306030,-0.012630,2009-01-30T01:07:00+00:00,2009-02-04T08:34:00+00:00,REV
LONG,1.306030,1.276300,-0.029730,2009-02-04T08:34:00+00:00,2009-02-06T08:45:00+00:00,REV
SHORT,1.276300,1.307330,-0.031030,2009-02-06T08:45:00+00:00,2009-02-09T16:20:00+00:00,REV
LONG,1.307330,1.281200,-0.026130,2009-02-09T16:20:00+00:00,2009-02-12T12:31:00+00:00,REV
SHORT,1.281200,1.280830,0.000370,2009-02-12T12:31:00+00:00,2009-02-20T19:08:00+00:00,REV
LONG,1.280830,1.266400,-0.014430,2009-02-20T19:08:00+00:00,2009-02-27T10:07:00+00:00,REV
SHORT,1.266400,1.268030,-0.001630,2009-02-27T10:07:00+00:00,2009-03-06T09:00:00+00:00,REV
LONG,1.268030,1.343300,0.075270,2009-03-06T09:00:00+00:00,2009-03-25T11:32:00+00:00,REV
SHORT,1.343300,1.334530,0.008770,2009-03-25T11:32:00+00:00,2009-04-02T13:21:00+00:00,REV
LONG,1.334530,1.322900,-0.011630,2009-04-02T13:21:00+00:00,2009-04-08T03:25:00+00:00,REV
SHORT,1.322900,1.333830,-0.010930,2009-04-08T03:25:00+00:00,2009-04-13T18:34:00+00:00,REV
LONG,1.333830,1.312800,-0.021030,2009-04-13T18:34:00+00:00,2009-04-16T20:52:00+00:00,REV
SHORT,1.312800,1.306430,0.006370,2009-04-16T20:52:00+00:00,2009-04-23T12:11:00+00:00,REV
LONG,1.306430,1.298200,-0.008230,2009-04-23T12:11:00+00:00,2009-04-28T14:35:00+00:00,REV
SHORT,1.298200,1.330330,-0.032130,2009-04-28T14:35:00+00:00,2009-04-29T18:22:00+00:00,REV
LONG,1.330330,1.356000,0.025670,2009-04-29T18:22:00+00:00,2009-05-14T02:50:00+00:00,REV
SHORT,1.356000,1.366730,-0.010730,2009-05-14T02:50:00+00:00,2009-05-19T22:08:00+00:00,REV
LONG,1.366730,1.386000,0.019270,2009-05-19T22:08:00+00:00,2009-05-27T23:56:00+00:00,REV
SHORT,1.386000,1.402330,-0.016330,2009-05-27T23:56:00+00:00,2009-05-29T11:57:00+00:00,REV
LONG,1.402330,1.409900,0.007570,2009-05-29T11:57:00+00:00,2009-06-04T14:56:00+00:00,REV
SHORT,1.409900,1.414430,-0.004530,2009-06-04T14:56:00+00:00,2009-06-11T20:26:00+00:00,REV
LONG,1.414430,1.391500,-0.022930,2009-06-11T20:26:00+00:00,2009-06-15T08:52:00+00:00,REV
SHORT,1.391500,1.400130,-0.008630,2009-06-15T08:52:00+00:00,2009-06-19T18:55:00+00:00,REV
LONG,1.400130,1.398900,-0.001230,2009-06-19T18:55:00+00:00,2009-07-03T00:23:00+00:00,REV
SHORT,1.398900,1.405030,-0.006130,2009-07-03T00:23:00+00:00,2009-07-09T19:22:00+00:00,REV
LONG,1.405030,1.413100,0.008070,2009-07-09T19:22:00+00:00,2009-07-29T09:23:00+00:00,REV
SHORT,1.413100,1.427930,-0.014830,2009-07-29T09:23:00+00:00,2009-08-03T02:22:00+00:00,REV
LONG,1.427930,1.432900,0.004970,2009-08-03T02:22:00+00:00,2009-08-07T15:39:00+00:00,REV
SHORT,1.432900,1.424730,0.008170,2009-08-07T15:39:00+00:00,2009-08-13T09:05:00+00:00,REV
LONG,1.424730,1.408600,-0.016130,2009-08-13T09:05:00+00:00,2009-08-17T13:18:00+00:00,REV
SHORT,1.408600,1.426530,-0.017930,2009-08-17T13:18:00+00:00,2009-08-20T21:16:00+00:00,REV
LONG,1.426530,1.420800,-0.005730,2009-08-20T21:16:00+00:00,2009-08-26T18:21:00+00:00,REV
SHORT,1.420800,1.436230,-0.015430,2009-08-26T18:21:00+00:00,2009-08-27T21:27:00+00:00,REV
LONG,1.436230,1.422000,-0.014230,2009-08-27T21:27:00+00:00,2009-09-01T19:21:00+00:00,REV
SHORT,1.422000,1.434730,-0.012730,2009-09-01T19:21:00+00:00,2009-09-07T10:07:00+00:00,REV
LONG,1.434730,1.464500,0.029770,2009-09-07T10:07:00+00:00,2009-09-21T09:36:00+00:00,REV
SHORT,1.464500,1.476630,-0.012130,2009-09-21T09:36:00+00:00,2009-09-22T10:26:00+00:00,REV
LONG,1.476630,1.462800,-0.013830,2009-09-22T10:26:00+00:00,2009-09-25T02:46:00+00:00,REV
SHORT,1.462800,1.466730,-0.003930,2009-09-25T02:46:00+00:00,2009-10-06T04:11:00+00:00,REV
LONG,1.466730,1.483800,0.017070,2009-10-06T04:11:00+00:00,2009-10-19T03:35:00+00:00,REV
SHORT,1.483800,1.496630,-0.012830,2009-10-19T03:35:00+00:00,2009-10-20T00:01:00+00:00,REV
LONG,1.496630,1.488900,-0.007730,2009-10-20T00:01:00+00:00,2009-10-26T19:11:00+00:00,REV
SHORT,1.488900,1.485830,0.003070,2009-10-26T19:11:00+00:00,2009-11-04T21:09:00+00:00,REV
LONG,1.485830,1.485300,-0.000530,2009-11-04T21:09:00+00:00,2009-11-12T18:42:00+00:00,REV
SHORT,1.485300,1.499030,-0.013730,2009-11-12T18:42:00+00:00,2009-11-23T10:46:00+00:00,REV
LONG,1.499030,1.488900,-0.010130,2009-11-23T10:46:00+00:00,2009-11-27T09:21:00+00:00,REV
SHORT,1.488900,1.511730,-0.022830,2009-11-27T09:21:00+00:00,2009-12-03T09:22:00+00:00,REV
LONG,1.511730,1.497100,-0.014630,2009-12-03T09:22:00+00:00,2009-12-04T15:57:00+00:00,REV
SHORT,1.497100,1.437330,0.059770,2009-12-04T15:57:00+00:00,2009-12-24T11:18:00+00:00,REV
LONG,1.437330,1.433100,-0.004230,2009-12-24T11:18:00+00:00,2009-12-30T02:36:00+00:00,REV
SHORT,1.433100,1.445630,-0.012530,2009-12-30T02:36:00+00:00,2010-01-05T07:49:00+00:00,REV
LONG,1.445630,1.428300,-0.017330,2010-01-05T07:49:00+00:00,2010-01-08T14:12:00+00:00,REV
SHORT,1.428300,1.444730,-0.016430,2010-01-08T14:12:00+00:00,2010-01-11T01:36:00+00:00,REV
LONG,1.444730,1.444600,-0.000130,2010-01-11T01:36:00+00:00,2010-01-15T03:53:00+00:00,REV
SHORT,1.444600,1.398730,0.045870,2010-01-15T03:53:00+00:00,2010-02-03T09:34:00+00:00,REV
LONG,1.398730,1.385200,-0.013530,2010-02-03T09:34:00+00:00,2010-02-04T10:04:00+00:00,REV
SHORT,1.385200,1.377930,0.007270,2010-02-04T10:04:00+00:00,2010-02-17T06:58:00+00:00,REV
LONG,1.377930,1.357900,-0.020030,2010-02-17T06:58:00+00:00,2010-02-18T02:28:00+00:00,REV
SHORT,1.357900,1.365330,-0.007430,2010-02-18T02:28:00+00:00,2010-02-23T09:12:00+00:00,REV
LONG,1.365330,1.349600,-0.015730,2010-02-23T09:12:00+00:00,2010-02-25T03:16:00+00:00,REV
SHORT,1.349600,1.365230,-0.015630,2010-02-25T03:16:00+00:00,2010-03-03T02:40:00+00:00,REV
LONG,1.365230,1.363900,-0.001330,2010-03-03T02:40:00+00:00,2010-03-18T18:12:00+00:00,REV
SHORT,1.363900,1.350530,0.013370,2010-03-18T18:12:00+00:00,2010-03-29T11:35:00+00:00,REV
LONG,1.350530,1.345900,-0.004630,2010-03-29T11:35:00+00:00,2010-04-06T03:02:00+00:00,REV
SHORT,1.345900,1.349530,-0.003630,2010-04-06T03:02:00+00:00,2010-04-09T23:00:00+00:00,REV
LONG,1.349530,1.354400,0.004870,2010-04-09T23:00:00+00:00,2010-04-15T12:14:00+00:00,REV
SHORT,1.354400,1.339930,0.014470,2010-04-15T12:14:00+00:00,2010-04-27T00:17:00+00:00,REV
LONG,1.339930,1.320100,-0.019830,2010-04-27T00:17:00+00:00,2010-04-27T22:34:00+00:00,REV
SHORT,1.320100,1.335830,-0.015730,2010-04-27T22:34:00+00:00,2010-05-03T00:00:00+00:00,REV
LONG,1.335830,1.315300,-0.020530,2010-05-03T00:00:00+00:00,2010-05-04T10:10:00+00:00,REV
SHORT,1.315300,1.291830,0.023470,2010-05-04T10:10:00+00:00,2010-05-10T00:00:00+00:00,REV
LONG,1.291830,1.265500,-0.026330,2010-05-10T00:00:00+00:00,2010-05-12T00:01:00+00:00,REV
SHORT,1.265500,1.244330,0.021170,2010-05-12T00:01:00+00:00,2010-05-20T20:27:00+00:00,REV
LONG,1.244330,1.234300,-0.010030,2010-05-20T20:27:00+00:00,2010-05-25T00:21:00+00:00,REV
SHORT,1.234300,1.239330,-0.005030,2010-05-25T00:21:00+00:00,2010-05-28T11:30:00+00:00,REV
LONG,1.239330,1.215300,-0.024030,2010-05-28T11:30:00+00:00,2010-06-01T11:36:00+00:00,REV
SHORT,1.215300,1.207230,0.008070,2010-06-01T11:36:00+00:00,2010-06-10T12:16:00+00:00,REV
LONG,1.207230,1.230300,0.023070,2010-06-10T12:16:00+00:00,2010-06-22T04:48:00+00:00,REV
SHORT,1.230300,1.238730,-0.008430,2010-06-22T04:48:00+00:00,2010-06-25T20:37:00+00:00,REV
LONG,1.238730,1.225300,-0.013430,2010-06-25T20:37:00+00:00,2010-06-29T08:27:00+00:00,REV
SHORT,1.225300,1.239630,-0.014330,2010-06-29T08:27:00+00:00,2010-07-01T15:47:00+00:00,REV
LONG,1.239630,1.255200,0.015570,2010-07-01T15:47:00+00:00,2010-07-12T13:08:00+00:00,REV
SHORT,1.255200,1.272830,-0.017630,2010-07-12T13:08:00+00:00,2010-07-13T18:37:00+00:00,REV
LONG,1.272830,1.283800,0.010970,2010-07-13T18:37:00+00:00,2010-07-21T12:46:00+00:00,REV
SHORT,1.283800,1.296430,-0.012630,2010-07-21T12:46:00+00:00,2010-07-26T18:16:00+00:00,REV
LONG,1.296430,1.311800,0.015370,2010-07-26T18:16:00+00:00,2010-08-10T15:37:00+00:00,REV
SHORT,1.311800,1.291530,0.020270,2010-08-10T15:37:00+00:00,2010-08-18T15:46:00+00:00,REV
LONG,1.291530,1.277000,-0.014530,2010-08-18T15:46:00+00:00,2010-08-20T11:51:00+00:00,REV
SHORT,1.277000,1.272830,0.004170,2010-08-20T11:51:00+00:00,2010-08-26T09:05:00+00:00,REV
LONG,1.272830,1.264900,-0.007930,2010-08-26T09:05:00+00:00,2010-08-31T03:06:00+00:00,REV
SHORT,1.264900,1.277830,-0.012930,2010-08-31T03:06:00+00:00,2010-09-01T12:28:00+00:00,REV
LONG,1.277830,1.277600,-0.000230,2010-09-01T12:28:00+00:00,2010-09-07T11:14:00+00:00,REV
SHORT,1.277600,1.276530,0.001070,2010-09-07T11:14:00+00:00,2010-09-13T03:00:00+00:00,REV
LONG,1.276530,1.383200,0.106670,2010-09-13T03:00:00+00:00,2010-10-12T09:00:00+00:00,REV
SHORT,1.383200,1.401230,-0.018030,2010-10-12T09:00:00+00:00,2010-10-14T03:11:00+00:00,REV
LONG,1.401230,1.391100,-0.010130,2010-10-14T03:11:00+00:00,2010-10-18T04:20:00+00:00,REV
SHORT,1.391100,1.400330,-0.009230,2010-10-18T04:20:00+00:00,2010-10-21T11:05:00+00:00,REV
LONG,1.400330,1.385700,-0.014630,2010-10-21T11:05:00+00:00,2010-10-26T16:36:00+00:00,REV
SHORT,1.385700,1.396130,-0.010430,2010-10-26T16:36:00+00:00,2010-11-01T00:00:00+00:00,REV
LONG,1.396130,1.399100,0.002970,2010-11-01T00:00:00+00:00,2010-11-08T03:51:00+00:00,REV
SHORT,1.399100,1.366730,0.032370,2010-11-08T03:51:00+00:00,2010-11-19T08:40:00+00:00,REV
LONG,1.366730,1.352400,-0.014330,2010-11-19T08:40:00+00:00,2010-11-23T14:33:00+00:00,REV
SHORT,1.352400,1.324630,0.027770,2010-11-23T14:33:00+00:00,2010-12-03T11:35:00+00:00,REV
LONG,1.324630,1.319200,-0.005430,2010-12-03T11:35:00+00:00,2010-12-08T09:31:00+00:00,REV
SHORT,1.319200,1.332130,-0.012930,2010-12-08T09:31:00+00:00,2010-12-13T16:34:00+00:00,REV
LONG,1.332130,1.318100,-0.014030,2010-12-13T16:34:00+00:00,2010-12-16T17:51:00+00:00,REV
SHORT,1.318100,1.316930,0.001170,2010-12-16T17:51:00+00:00,2010-12-28T00:16:00+00:00,REV
LONG,1.316930,1.324900,0.007970,2010-12-28T00:16:00+00:00,2011-01-05T10:04:00+00:00,REV
SHORT,1.324900,1.302130,0.022770,2011-01-05T10:04:00+00:00,2011-01-12T10:25:00+00:00,REV
LONG,1.302130,1.358200,0.056070,2011-01-12T10:25:00+00:00,2011-01-31T00:52:00+00:00,REV
SHORT,1.358200,1.375730,-0.017530,2011-01-31T00:52:00+00:00,2011-02-01T12:03:00+00:00,REV
LONG,1.375730,1.360800,-0.014930,2011-02-01T12:03:00+00:00,2011-02-04T15:31:00+00:00,REV
SHORT,1.360800,1.368730,-0.007930,2011-02-04T15:31:00+00:00,2011-02-09T16:32:00+00:00,REV
LONG,1.368730,1.357100,-0.011630,2011-02-09T16:32:00+00:00,2011-02-11T03:43:00+00:00,REV
SHORT,1.357100,1.358730,-0.001630,2011-02-11T03:43:00+00:00,2011-02-17T03:32:00+00:00,REV
LONG,1.358730,1.353600,-0.005130,2011-02-17T03:32:00+00:00,2011-02-22T09:34:00+00:00,REV
SHORT,1.353600,1.371530,-0.017930,2011-02-22T09:34:00+00:00,2011-02-23T08:53:00+00:00,REV
LONG,1.371530,1.386100,0.014570,2011-02-23T08:53:00+00:00,2011-03-09T10:33:00+00:00,REV
SHORT,1.386100,1.396330,-0.010230,2011-03-09T10:33:00+00:00,2011-03-14T00:00:00+00:00,REV
LONG,1.396330,1.408400,0.012070,2011-03-14T00:00:00+00:00,2011-03-24T00:02:00+00:00,REV
SHORT,1.408400,1.414830,-0.006430,2011-03-24T00:02:00+00:00,2011-03-31T08:20:00+00:00,REV
LONG,1.414830,1.437700,0.022870,2011-03-31T08:20:00+00:00,2011-04-14T14:03:00+00:00,REV
SHORT,1.437700,1.450330,-0.012630,2011-04-14T14:03:00+00:00,2011-04-20T12:35:00+00:00,REV
LONG,1.450330,1.450400,0.000070,2011-04-20T12:35:00+00:00,2011-04-26T03:51:00+00:00,REV
SHORT,1.450400,1.464830,-0.014430,2011-04-26T03:51:00+00:00,2011-04-26T12:16:00+00:00,REV
LONG,1.464830,1.476200,0.011370,2011-04-26T12:16:00+00:00,2011-05-03T11:12:00+00:00,REV
SHORT,1.476200,1.490130,-0.013930,2011-05-03T11:12:00+00:00,2011-05-04T15:19:00+00:00,REV
LONG,1.490130,1.475400,-0.014730,2011-05-04T15:19:00+00:00,2011-05-05T15:31:00+00:00,REV
SHORT,1.475400,1.428630,0.046770,2011-05-05T15:31:00+00:00,2011-05-19T04:16:00+00:00,REV
LONG,1.428630,1.412500,-0.016130,2011-05-19T04:16:00+00:00,2011-05-23T00:00:00+00:00,REV
SHORT,1.412500,1.414630,-0.002130,2011-05-23T00:00:00+00:00,2011-05-26T03:57:00+00:00,REV
LONG,1.414630,1.455600,0.040970,2011-05-26T03:57:00+00:00,2011-06-09T15:43:00+00:00,REV
SHORT,1.455600,1.433830,0.021770,2011-06-09T15:43:00+00:00,2011-06-21T02:16:00+00:00,REV
LONG,1.433830,1.419000,-0.014830,2011-06-21T02:16:00+00:00,2011-06-23T15:25:00+00:00,REV
SHORT,1.419000,1.435630,-0.016630,2011-06-23T15:25:00+00:00,2011-06-28T17:11:00+00:00,REV
LONG,1.435630,1.442600,0.006970,2011-06-28T17:11:00+00:00,2011-07-05T21:22:00+00:00,REV
SHORT,1.442600,1.422730,0.019870,2011-07-05T21:22:00+00:00,2011-07-14T00:59:00+00:00,REV
LONG,1.422730,1.432400,0.009670,2011-07-14T00:59:00+00:00,2011-07-28T12:52:00+00:00,REV
SHORT,1.432400,1.442330,-0.009930,2011-07-28T12:52:00+00:00,2011-08-08T00:00:00+00:00,REV
LONG,1.442330,1.412800,-0.029530,2011-08-08T00:00:00+00:00,2011-08-11T01:37:00+00:00,REV
SHORT,1.412800,1.440030,-0.027230,2011-08-11T01:37:00+00:00,2011-08-15T16:27:00+00:00,REV
LONG,1.440030,1.427000,-0.013030,2011-08-15T16:27:00+00:00,2011-08-19T10:42:00+00:00,REV
SHORT,1.427000,1.445130,-0.018130,2011-08-19T10:42:00+00:00,2011-08-23T10:52:00+00:00,REV
LONG,1.445130,1.434600,-0.010530,2011-08-23T10:52:00+00:00,2011-08-25T17:48:00+00:00,REV
SHORT,1.434600,1.449930,-0.015330,2011-08-25T17:48:00+00:00,2011-08-26T19:38:00+00:00,REV
LONG,1.449930,1.435800,-0.014130,2011-08-26T19:38:00+00:00,2011-09-01T02:55:00+00:00,REV
SHORT,1.435800,1.378230,0.057570,2011-09-01T02:55:00+00:00,2011-09-15T11:34:00+00:00,REV
LONG,1.378230,1.359000,-0.019230,2011-09-15T11:34:00+00:00,2011-09-19T17:25:00+00:00,REV
SHORT,1.359000,1.360030,-0.001030,2011-09-19T17:25:00+00:00,2011-09-27T14:45:00+00:00,REV
LONG,1.360030,1.347800,-0.012230,2011-09-27T14:45:00+00:00,2011-09-30T14:26:00+00:00,REV
SHORT,1.347800,1.338330,0.009470,2011-09-30T14:26:00+00:00,2011-10-06T11:15:00+00:00,REV
LONG,1.338330,1.368500,0.030170,2011-10-06T11:15:00+00:00,2011-10-18T11:36:00+00:00,REV
SHORT,1.368500,1.386830,-0.018330,2011-10-18T11:36:00+00:00,2011-10-21T16:20:00+00:00,REV
LONG,1.386830,1.382800,-0.004030,2011-10-21T16:20:00+00:00,2011-11-01T04:08:00+00:00,REV
SHORT,1.382800,1.384530,-0.001730,2011-11-01T04:08:00+00:00,2011-11-09T03:09:00+00:00,REV
LONG,1.384530,1.368100,-0.016430,2011-11-09T03:09:00+00:00,2011-11-09T12:20:00+00:00,REV
SHORT,1.368100,1.341130,0.026970,2011-11-09T12:20:00+00:00,2011-11-29T12:16:00+00:00,REV
LONG,1.341130,1.336200,-0.004930,2011-11-29T12:16:00+00:00,2011-12-06T03:44:00+00:00,REV
SHORT,1.336200,1.308380,0.027820,2011-12-06T03:44:00+00:00,2011-12-20T12:00:00+00:00,REV
LONG,1.308380,1.302540,-0.005840,2011-12-20T12:00:00+00:00,2011-12-28T16:25:00+00:00,REV
SHORT,1.302540,1.299830,0.002710,2011-12-28T16:25:00+00:00,2012-01-03T09:14:00+00:00,REV
LONG,1.299830,1.290340,-0.009490,2012-01-03T09:14:00+00:00,2012-01-04T17:37:00+00:00,REV
SHORT,1.290340,1.281780,0.008560,2012-01-04T17:37:00+00:00,2012-01-12T16:56:00+00:00,REV
LONG,1.281780,1.266080,-0.015700,2012-01-12T16:56:00+00:00,2012-01-13T17:07:00+00:00,REV
SHORT,1.266080,1.286780,-0.020700,2012-01-13T17:07:00+00:00,2012-01-19T02:01:00+00:00,REV
LONG,1.286780,1.307630,0.020850,2012-01-19T02:01:00+00:00,2012-01-31T18:10:00+00:00,REV
SHORT,1.307630,1.320470,-0.012840,2012-01-31T18:10:00+00:00,2012-02-07T17:11:00+00:00,REV
LONG,1.320470,1.315480,-0.004990,2012-02-07T17:11:00+00:00,2012-02-14T01:15:00+00:00,REV
SHORT,1.315480,1.319700,-0.004220,2012-02-14T01:15:00+00:00,2012-02-20T00:14:00+00:00,REV
LONG,1.319700,1.335660,0.015960,2012-02-20T00:14:00+00:00,2012-02-29T17:50:00+00:00,REV
SHORT,1.335660,1.324060,0.011600,2012-02-29T17:50:00+00:00,2012-03-08T13:53:00+00:00,REV
LONG,1.324060,1.309590,-0.014470,2012-03-08T13:53:00+00:00,2012-03-12T04:07:00+00:00,REV
SHORT,1.309590,1.318690,-0.009100,2012-03-12T04:07:00+00:00,2012-03-19T17:44:00+00:00,REV
LONG,1.318690,1.314120,-0.004570,2012-03-19T17:44:00+00:00,2012-03-22T12:30:00+00:00,REV
SHORT,1.314120,1.328460,-0.014340,2012-03-22T12:30:00+00:00,2012-03-23T12:07:00+00:00,REV
LONG,1.328460,1.325150,-0.003310,2012-03-23T12:07:00+00:00,2012-04-03T21:12:00+00:00,REV
SHORT,1.325150,1.314400,0.010750,2012-04-03T21:12:00+00:00,2012-04-11T13:00:00+00:00,REV
LONG,1.314400,1.306570,-0.007830,2012-04-11T13:00:00+00:00,2012-04-16T00:01:00+00:00,REV
SHORT,1.306570,1.317210,-0.010640,2012-04-16T00:01:00+00:00,2012-04-20T11:01:00+00:00,REV
LONG,1.317210,1.315670,-0.001540,2012-04-20T11:01:00+00:00,2012-05-02T12:22:00+00:00,REV
SHORT,1.315670,1.279410,0.036260,2012-05-02T12:22:00+00:00,2012-05-21T03:21:00+00:00,REV
LONG,1.279410,1.264130,-0.015280,2012-05-21T03:21:00+00:00,2012-05-23T11:10:00+00:00,REV
SHORT,1.264130,1.250500,0.013630,2012-05-23T11:10:00+00:00,2012-06-04T17:15:00+00:00,REV
LONG,1.250500,1.255640,0.005140,2012-06-04T17:15:00+00:00,2012-06-21T19:30:00+00:00,REV
SHORT,1.255640,1.253010,0.002630,2012-06-21T19:30:00+00:00,2012-06-29T06:00:00+00:00,REV
LONG,1.253010,1.250750,-0.002260,2012-06-29T06:00:00+00:00,2012-07-05T11:51:00+00:00,REV
SHORT,1.250750,1.228930,0.021820,2012-07-05T11:51:00+00:00,2012-07-17T04:21:00+00:00,REV
LONG,1.228930,1.218840,-0.010090,2012-07-17T04:21:00+00:00,2012-07-20T14:51:00+00:00,REV
SHORT,1.218840,1.217000,0.001840,2012-07-20T14:51:00+00:00,2012-07-26T13:18:00+00:00,REV
LONG,1.217000,1.222460,0.005460,2012-07-26T13:18:00+00:00,2012-08-01T21:54:00+00:00,REV
SHORT,1.222460,1.233610,-0.011150,2012-08-01T21:54:00+00:00,2012-08-02T15:10:00+00:00,REV
LONG,1.233610,1.221730,-0.011880,2012-08-02T15:10:00+00:00,2012-08-02T15:55:00+00:00,REV
SHORT,1.221730,1.240490,-0.018760,2012-08-02T15:55:00+00:00,2012-08-06T02:34:00+00:00,REV
LONG,1.240490,1.232610,-0.007880,2012-08-06T02:34:00+00:00,2012-08-09T13:03:00+00:00,REV
SHORT,1.232610,1.238160,-0.005550,2012-08-09T13:03:00+00:00,2012-08-21T10:26:00+00:00,REV
LONG,1.238160,1.248070,0.009910,2012-08-21T10:26:00+00:00,2012-08-28T04:02:00+00:00,REV
SHORT,1.248070,1.257630,-0.009560,2012-08-28T04:02:00+00:00,2012-08-31T12:40:00+00:00,REV
LONG,1.257630,1.299270,0.041640,2012-08-31T12:40:00+00:00,2012-09-20T08:23:00+00:00,REV
SHORT,1.299270,1.295930,0.003340,2012-09-20T08:23:00+00:00,2012-10-02T18:31:00+00:00,REV
LONG,1.295930,1.290100,-0.005830,2012-10-02T18:31:00+00:00,2012-10-09T17:50:00+00:00,REV
SHORT,1.290100,1.299030,-0.008930,2012-10-09T17:50:00+00:00,2012-10-12T15:58:00+00:00,REV
LONG,1.299030,1.301240,0.002210,2012-10-12T15:58:00+00:00,2012-10-23T13:38:00+00:00,REV
SHORT,1.301240,1.298310,0.002930,2012-10-23T13:38:00+00:00,2012-10-31T11:05:00+00:00,REV
LONG,1.298310,1.288520,-0.009790,2012-10-31T11:05:00+00:00,2012-11-02T11:59:00+00:00,REV
SHORT,1.288520,1.277780,0.010740,2012-11-02T11:59:00+00:00,2012-11-15T16:18:00+00:00,REV
LONG,1.277780,1.298240,0.020460,2012-11-15T16:18:00+00:00,2012-12-06T17:12:00+00:00,REV
SHORT,1.298240,1.301440,-0.003200,2012-12-06T17:12:00+00:00,2012-12-12T11:20:00+00:00,REV
LONG,1.301440,1.317070,0.015630,2012-12-12T11:20:00+00:00,2012-12-28T12:28:00+00:00,REV
SHORT,1.317070,1.328310,-0.011240,2012-12-28T12:28:00+00:00,2013-01-02T04:00:00+00:00,REV
LONG,1.328310,1.316520,-0.011790,2013-01-02T04:00:00+00:00,2013-01-02T19:24:00+00:00,REV
SHORT,1.316520,1.313940,0.002580,2013-01-02T19:24:00+00:00,2013-01-10T15:43:00+00:00,REV
LONG,1.313940,1.326910,0.012970,2013-01-10T15:43:00+00:00,2013-01-22T11:20:00+00:00,REV
SHORT,1.326910,1.337110,-0.010200,2013-01-22T11:20:00+00:00,2013-01-24T17:41:00+00:00,REV
LONG,1.337110,1.350450,0.013340,2013-01-24T17:41:00+00:00,2013-02-05T00:48:00+00:00,REV
SHORT,1.350450,1.347520,0.002930,2013-02-05T00:48:00+00:00,2013-02-13T11:02:00+00:00,REV
LONG,1.347520,1.335640,-0.011880,2013-02-13T11:02:00+00:00,2013-02-14T12:00:00+00:00,REV
SHORT,1.335640,1.339550,-0.003910,2013-02-14T12:00:00+00:00,2013-02-20T01:57:00+00:00,REV
LONG,1.339550,1.330560,-0.008990,2013-02-20T01:57:00+00:00,2013-02-20T21:02:00+00:00,REV
SHORT,1.330560,1.307490,0.023070,2013-02-20T21:02:00+00:00,2013-03-07T15:46:00+00:00,REV
LONG,1.307490,1.296440,-0.011050,2013-03-07T15:46:00+00:00,2013-03-08T16:08:00+00:00,REV
SHORT,1.296440,1.307400,-0.010960,2013-03-08T16:08:00+00:00,2013-03-15T15:32:00+00:00,REV
LONG,1.307400,1.290740,-0.016660,2013-03-15T15:32:00+00:00,2013-03-18T00:00:00+00:00,REV
SHORT,1.290740,1.297790,-0.007050,2013-03-18T00:00:00+00:00,2013-03-22T17:13:00+00:00,REV
LONG,1.297790,1.285600,-0.012190,2013-03-22T17:13:00+00:00,2013-03-25T19:34:00+00:00,REV
SHORT,1.285600,1.286660,-0.001060,2013-03-25T19:34:00+00:00,2013-04-01T18:31:00+00:00,REV
LONG,1.286660,1.277070,-0.009590,2013-04-01T18:31:00+00:00,2013-04-04T15:39:00+00:00,REV
SHORT,1.277070,1.287720,-0.010650,2013-04-04T15:39:00+00:00,2013-04-04T17:08:00+00:00,REV
LONG,1.287720,1.303610,0.015890,2013-04-04T17:08:00+00:00,2013-04-15T21:29:00+00:00,REV
SHORT,1.303610,1.313780,-0.010170,2013-04-15T21:29:00+00:00,2013-04-16T15:03:00+00:00,REV
LONG,1.313780,1.302000,-0.011780,2013-04-16T15:03:00+00:00,2013-04-17T19:47:00+00:00,REV
SHORT,1.302000,1.308380,-0.006380,2013-04-17T19:47:00+00:00,2013-04-25T15:15:00+00:00,REV
LONG,1.308380,1.303650,-0.004730,2013-04-25T15:15:00+00:00,2013-05-03T15:42:00+00:00,REV
SHORT,1.303650,1.315890,-0.012240,2013-05-03T15:42:00+00:00,2013-05-08T15:30:00+00:00,REV
LONG,1.315890,1.305290,-0.010600,2013-05-08T15:30:00+00:00,2013-05-09T21:25:00+00:00,REV
SHORT,1.305290,1.292920,0.012370,2013-05-09T21:25:00+00:00,2013-05-21T20:02:00+00:00,REV
LONG,1.292920,1.284880,-0.008040,2013-05-21T20:02:00+00:00,2013-05-29T01:46:00+00:00,REV
SHORT,1.284880,1.297700,-0.012820,2013-05-29T01:46:00+00:00,2013-05-30T08:35:00+00:00,REV
LONG,1.297700,1.329410,0.031710,2013-05-30T08:35:00+00:00,2013-06-19T21:38:00+00:00,REV
SHORT,1.329410,1.291660,0.037750,2013-06-19T21:38:00+00:00,2013-07-10T21:14:00+00:00,REV
LONG,1.291660,1.323370,0.031710,2013-07-10T21:14:00+00:00,2013-07-31T15:30:00+00:00,REV
SHORT,1.323370,1.330140,-0.006770,2013-07-31T15:30:00+00:00,2013-07-31T21:00:00+00:00,REV
LONG,1.330140,1.320860,-0.009280,2013-07-31T21:00:00+00:00,2013-08-01T15:31:00+00:00,REV
SHORT,1.320860,1.331040,-0.010180,2013-08-01T15:31:00+00:00,2013-08-06T17:13:00+00:00,REV
LONG,1.331040,1.327650,-0.003390,2013-08-06T17:13:00+00:00,2013-08-13T15:31:00+00:00,REV
SHORT,1.327650,1.334370,-0.006720,2013-08-13T15:31:00+00:00,2013-08-15T20:14:00+00:00,REV
LONG,1.334370,1.331440,-0.002930,2013-08-15T20:14:00+00:00,2013-08-22T12:53:00+00:00,REV
SHORT,1.331440,1.322260,0.009180,2013-08-22T12:53:00+00:00,2013-09-09T17:20:00+00:00,REV
LONG,1.322260,1.347890,0.025630,2013-09-09T17:20:00+00:00,2013-09-24T13:00:00+00:00,REV
SHORT,1.347890,1.353670,-0.005780,2013-09-24T13:00:00+00:00,2013-09-27T14:48:00+00:00,REV
LONG,1.353670,1.353780,0.000110,2013-09-27T14:48:00+00:00,2013-10-09T10:06:00+00:00,REV
SHORT,1.353780,1.359720,-0.005940,2013-10-09T10:06:00+00:00,2013-10-17T10:28:00+00:00,REV
LONG,1.359720,1.376380,0.016660,2013-10-17T10:28:00+00:00,2013-10-29T11:58:00+00:00,REV
SHORT,1.376380,1.345570,0.030810,2013-10-29T11:58:00+00:00,2013-11-13T18:42:00+00:00,REV
LONG,1.345570,1.343170,-0.002400,2013-11-13T18:42:00+00:00,2013-11-20T20:23:00+00:00,REV
SHORT,1.343170,1.355970,-0.012800,2013-11-20T20:23:00+00:00,2013-11-26T10:24:00+00:00,REV
LONG,1.355970,1.355690,-0.000280,2013-11-26T10:24:00+00:00,2013-12-02T11:36:00+00:00,REV
SHORT,1.355690,1.361530,-0.005840,2013-12-02T11:36:00+00:00,2013-12-05T08:27:00+00:00,REV
LONG,1.361530,1.373360,0.011830,2013-12-05T08:27:00+00:00,2013-12-13T12:10:00+00:00,REV
SHORT,1.373360,1.379810,-0.006450,2013-12-13T12:10:00+00:00,2013-12-18T21:35:00+00:00,REV
LONG,1.379810,1.370890,-0.008920,2013-12-18T21:35:00+00:00,2013-12-18T22:31:00+00:00,REV
SHORT,1.370890,1.371650,-0.000760,2013-12-18T22:31:00+00:00,2013-12-27T04:03:00+00:00,REV
LONG,1.371650,1.368670,-0.002980,2013-12-27T04:03:00+00:00,2014-01-02T13:26:00+00:00,REV
SHORT,1.368670,1.365580,0.003090,2014-01-02T13:26:00+00:00,2014-01-10T15:34:00+00:00,REV
LONG,1.365580,1.358070,-0.007510,2014-01-10T15:34:00+00:00,2014-01-17T15:15:00+00:00,REV
SHORT,1.358070,1.358310,-0.000240,2014-01-17T15:15:00+00:00,2014-01-23T09:58:00+00:00,REV
LONG,1.358310,1.362850,0.004540,2014-01-23T09:58:00+00:00,2014-01-29T14:45:00+00:00,REV
SHORT,1.362850,1.355460,0.007390,2014-01-29T14:45:00+00:00,2014-02-06T15:35:00+00:00,REV
LONG,1.355460,1.369130,0.013670,2014-02-06T15:35:00+00:00,2014-02-20T10:28:00+00:00,REV
SHORT,1.369130,1.376660,-0.007530,2014-02-20T10:28:00+00:00,2014-02-28T12:00:00+00:00,REV
LONG,1.376660,1.384680,0.008020,2014-02-28T12:00:00+00:00,2014-03-19T21:16:00+00:00,REV
SHORT,1.384680,1.380800,0.003880,2014-03-19T21:16:00+00:00,2014-04-01T15:42:00+00:00,REV
LONG,1.380800,1.372160,-0.008640,2014-04-01T15:42:00+00:00,2014-04-03T16:10:00+00:00,REV
SHORT,1.372160,1.380630,-0.008470,2014-04-03T16:10:00+00:00,2014-04-08T16:33:00+00:00,REV
LONG,1.380630,1.380750,0.000120,2014-04-08T16:33:00+00:00,2014-04-15T10:22:00+00:00,REV
SHORT,1.380750,1.386260,-0.005510,2014-04-15T10:22:00+00:00,2014-04-17T12:43:00+00:00,REV
LONG,1.386260,1.380300,-0.005960,2014-04-17T12:43:00+00:00,2014-04-21T17:59:00+00:00,REV
SHORT,1.380300,1.383010,-0.002710,2014-04-21T17:59:00+00:00,2014-04-23T09:07:00+00:00,REV
LONG,1.383010,1.380480,-0.002530,2014-04-23T09:07:00+00:00,2014-04-30T05:43:00+00:00,REV
SHORT,1.380480,1.387900,-0.007420,2014-04-30T05:43:00+00:00,2014-05-01T09:06:00+00:00,REV
LONG,1.387900,1.386380,-0.001520,2014-05-01T09:06:00+00:00,2014-05-08T17:01:00+00:00,REV
SHORT,1.386380,1.373170,0.013210,2014-05-08T17:01:00+00:00,2014-05-19T17:22:00+00:00,REV
LONG,1.373170,1.367730,-0.005440,2014-05-19T17:22:00+00:00,2014-05-21T14:01:00+00:00,REV
SHORT,1.367730,1.364720,0.003010,2014-05-21T14:01:00+00:00,2014-06-05T17:25:00+00:00,REV
LONG,1.364720,1.353270,-0.011450,2014-06-05T17:25:00+00:00,2014-06-11T03:23:00+00:00,REV
SHORT,1.353270,1.357860,-0.004590,2014-06-11T03:23:00+00:00,2014-06-16T18:54:00+00:00,REV
LONG,1.357860,1.361920,0.004060,2014-06-16T18:54:00+00:00,2014-07-03T15:30:00+00:00,REV
SHORT,1.361920,1.361680,0.000240,2014-07-03T15:30:00+00:00,2014-07-09T03:00:00+00:00,REV
LONG,1.361680,1.358840,-0.002840,2014-07-09T03:00:00+00:00,2014-07-15T12:12:00+00:00,REV
SHORT,1.358840,1.344410,0.014430,2014-07-15T12:12:00+00:00,2014-08-01T17:50:00+00:00,REV
LONG,1.344410,1.337080,-0.007330,2014-08-01T17:50:00+00:00,2014-08-05T17:00:00+00:00,REV
SHORT,1.337080,1.342430,-0.005350,2014-08-05T17:00:00+00:00,2014-08-08T17:34:00+00:00,REV
LONG,1.342430,1.333640,-0.008790,2014-08-08T17:34:00+00:00,2014-08-12T13:41:00+00:00,REV
SHORT,1.333640,1.321430,0.012210,2014-08-12T13:41:00+00:00,2014-08-28T04:57:00+00:00,REV
LONG,1.321430,1.315190,-0.006240,2014-08-28T04:57:00+00:00,2014-08-29T18:26:00+00:00,REV
SHORT,1.315190,1.296220,0.018970,2014-08-29T18:26:00+00:00,2014-09-12T18:41:00+00:00,REV
LONG,1.296220,1.290790,-0.005430,2014-09-12T18:41:00+00:00,2014-09-17T21:01:00+00:00,REV
SHORT,1.290790,1.268150,0.022640,2014-09-17T21:01:00+00:00,2014-10-08T02:28:00+00:00,REV
LONG,1.268150,1.271440,0.003290,2014-10-08T02:28:00+00:00,2014-10-22T00:18:00+00:00,REV
SHORT,1.271440,1.272360,-0.000920,2014-10-22T00:18:00+00:00,2014-10-28T15:30:00+00:00,REV
LONG,1.272360,1.263480,-0.008880,2014-10-28T15:30:00+00:00,2014-10-29T21:30:00+00:00,REV
SHORT,1.263480,1.249940,0.013540,2014-10-29T21:30:00+00:00,2014-11-14T18:53:00+00:00,REV
LONG,1.249940,1.244340,-0.005600,2014-11-14T18:53:00+00:00,2014-11-21T11:59:00+00:00,REV
SHORT,1.244340,1.244810,-0.000470,2014-11-21T11:59:00+00:00,2014-12-10T22:41:00+00:00,REV
LONG,1.244810,1.238420,-0.006390,2014-12-10T22:41:00+00:00,2014-12-17T21:00:00+00:00,REV
SHORT,1.238420,1.164900,0.073520,2014-12-17T21:00:00+00:00,2015-01-21T16:48:00+00:00,REV
LONG,1.164900,1.154050,-0.010850,2015-01-21T16:48:00+00:00,2015-01-22T15:40:00+00:00,REV
SHORT,1.154050,1.136810,0.017240,2015-01-22T15:40:00+00:00,2015-02-03T15:10:00+00:00,REV
LONG,1.136810,1.129640,-0.007170,2015-02-03T15:10:00+00:00,2015-02-09T00:00:00+00:00,REV
SHORT,1.129640,1.135950,-0.006310,2015-02-09T00:00:00+00:00,2015-02-12T15:34:00+00:00,REV
LONG,1.135950,1.132210,-0.003740,2015-02-12T15:34:00+00:00,2015-02-20T10:14:00+00:00,REV
SHORT,1.132210,1.065100,0.067110,2015-02-20T10:14:00+00:00,2015-03-18T19:03:00+00:00,REV
LONG,1.065100,1.085610,0.020510,2015-03-18T19:03:00+00:00,2015-03-27T10:29:00+00:00,REV
SHORT,1.085610,1.089520,-0.003910,2015-03-27T10:29:00+00:00,2015-04-02T16:49:00+00:00,REV
LONG,1.089520,1.080300,-0.009220,2015-04-02T16:49:00+00:00,2015-04-08T17:52:00+00:00,REV
SHORT,1.080300,1.070760,0.009540,2015-04-08T17:52:00+00:00,2015-04-16T03:13:00+00:00,REV
LONG,1.070760,1.107160,0.036400,2015-04-16T03:13:00+00:00,2015-05-05T11:28:00+00:00,REV
SHORT,1.107160,1.129020,-0.021860,2015-05-05T11:28:00+00:00,2015-05-06T16:02:00+00:00,REV
LONG,1.129020,1.117480,-0.011540,2015-05-06T16:02:00+00:00,2015-05-11T03:55:00+00:00,REV
SHORT,1.117480,1.128930,-0.011450,2015-05-11T03:55:00+00:00,2015-05-13T15:38:00+00:00,REV
LONG,1.128930,1.129860,0.000930,2015-05-13T15:38:00+00:00,2015-05-19T04:47:00+00:00,REV
SHORT,1.129860,1.098190,0.031670,2015-05-19T04:47:00+00:00,2015-05-29T12:32:00+00:00,REV
LONG,1.098190,1.118170,0.019980,2015-05-29T12:32:00+00:00,2015-06-12T11:49:00+00:00,REV
SHORT,1.118170,1.133010,-0.014840,2015-06-12T11:49:00+00:00,2015-06-17T21:45:00+00:00,REV
LONG,1.133010,1.129190,-0.003820,2015-06-17T21:45:00+00:00,2015-06-23T05:41:00+00:00,REV
SHORT,1.129190,1.123550,0.005640,2015-06-23T05:41:00+00:00,2015-06-29T20:34:00+00:00,REV
LONG,1.123550,1.099050,-0.024500,2015-06-29T20:34:00+00:00,2015-07-06T00:00:00+00:00,REV
SHORT,1.099050,1.109560,-0.010510,2015-07-06T00:00:00+00:00,2015-07-09T08:18:00+00:00,REV
LONG,1.109560,1.099140,-0.010420,2015-07-09T08:18:00+00:00,2015-07-14T02:40:00+00:00,REV
SHORT,1.099140,1.096290,0.002850,2015-07-14T02:40:00+00:00,2015-07-21T20:00:00+00:00,REV
LONG,1.096290,1.096670,0.000380,2015-07-21T20:00:00+00:00,2015-07-30T03:08:00+00:00,REV
SHORT,1.096670,1.109970,-0.013300,2015-07-30T03:08:00+00:00,2015-07-31T16:13:00+00:00,REV
LONG,1.109970,1.089320,-0.020650,2015-07-31T16:13:00+00:00,2015-08-04T21:19:00+00:00,REV
SHORT,1.089320,1.097860,-0.008540,2015-08-04T21:19:00+00:00,2015-08-10T10:05:00+00:00,REV
LONG,1.097860,1.105870,0.008010,2015-08-10T10:05:00+00:00,2015-08-18T07:42:00+00:00,REV
SHORT,1.105870,1.113450,-0.007580,2015-08-18T07:42:00+00:00,2015-08-20T03:11:00+00:00,REV
LONG,1.113450,1.129120,0.015670,2015-08-20T03:11:00+00:00,2015-08-27T11:35:00+00:00,REV
SHORT,1.129120,1.122980,0.006140,2015-08-27T11:35:00+00:00,2015-09-10T03:04:00+00:00,REV
LONG,1.122980,1.125400,0.002420,2015-09-10T03:04:00+00:00,2015-09-16T10:09:00+00:00,REV
SHORT,1.125400,1.137960,-0.012560,2015-09-16T10:09:00+00:00,2015-09-17T21:00:00+00:00,REV
LONG,1.137960,1.121400,-0.016560,2015-09-17T21:00:00+00:00,2015-09-21T17:30:00+00:00,REV
SHORT,1.121400,1.128160,-0.006760,2015-09-21T17:30:00+00:00,2015-10-02T15:38:00+00:00,REV
LONG,1.128160,1.134430,0.006270,2015-10-02T15:38:00+00:00,2015-10-16T12:53:00+00:00,REV
SHORT,1.134430,1.079010,0.055420,2015-10-16T12:53:00+00:00,2015-11-12T16:43:00+00:00,REV
LONG,1.079010,1.069110,-0.009900,2015-11-12T16:43:00+00:00,2015-11-16T01:24:00+00:00,REV
SHORT,1.069110,1.075820,-0.006710,2015-11-16T01:24:00+00:00,2015-11-19T18:41:00+00:00,REV
LONG,1.075820,1.061680,-0.014140,2015-11-19T18:41:00+00:00,2015-11-23T03:48:00+00:00,REV
SHORT,1.061680,1.063730,-0.002050,2015-11-23T03:48:00+00:00,2015-12-03T14:40:00+00:00,REV
LONG,1.063730,1.055080,-0.008650,2015-12-03T14:40:00+00:00,2015-12-03T14:45:00+00:00,REV
SHORT,1.055080,1.095650,-0.040570,2015-12-03T14:45:00+00:00,2015-12-09T15:37:00+00:00,REV
LONG,1.095650,1.092510,-0.003140,2015-12-09T15:37:00+00:00,2015-12-15T17:54:00+00:00,REV
SHORT,1.092510,1.093920,-0.001410,2015-12-15T17:54:00+00:00,2015-12-22T11:37:00+00:00,REV
LONG,1.093920,1.089920,-0.004000,2015-12-22T11:37:00+00:00,2015-12-31T13:32:00+00:00,REV
SHORT,1.089920,1.094040,-0.004120,2015-12-31T13:32:00+00:00,2016-01-11T00:50:00+00:00,REV
LONG,1.094040,1.085920,-0.008120,2016-01-11T00:50:00+00:00,2016-01-21T15:33:00+00:00,REV
SHORT,1.085920,1.087670,-0.001750,2016-01-21T15:33:00+00:00,2016-01-27T09:19:00+00:00,REV
LONG,1.087670,1.081860,-0.005810,2016-01-27T09:19:00+00:00,2016-01-29T17:59:00+00:00,REV
SHORT,1.081860,1.094880,-0.013020,2016-01-29T17:59:00+00:00,2016-02-03T15:22:00+00:00,REV
LONG,1.094880,1.116020,0.021140,2016-02-03T15:22:00+00:00,2016-02-15T16:47:00+00:00,REV
SHORT,1.116020,1.105280,0.010740,2016-02-15T16:47:00+00:00,2016-02-26T03:04:00+00:00,REV
LONG,1.105280,1.095720,-0.009560,2016-02-26T03:04:00+00:00,2016-02-26T16:15:00+00:00,REV
SHORT,1.095720,1.096270,-0.000550,2016-02-26T16:15:00+00:00,2016-03-03T18:36:00+00:00,REV
LONG,1.096270,1.094000,-0.002270,2016-03-03T18:36:00+00:00,2016-03-10T14:45:00+00:00,REV
SHORT,1.094000,1.105820,-0.011820,2016-03-10T14:45:00+00:00,2016-03-10T16:12:00+00:00,REV
LONG,1.105820,1.107210,0.001390,2016-03-10T16:12:00+00:00,2016-03-16T16:10:00+00:00,REV
SHORT,1.107210,1.120990,-0.013780,2016-03-16T16:10:00+00:00,2016-03-16T21:40:00+00:00,REV
LONG,1.120990,1.120550,-0.000440,2016-03-16T21:40:00+00:00,2016-03-22T11:23:00+00:00,REV
SHORT,1.120550,1.122030,-0.001480,2016-03-22T11:23:00+00:00,2016-03-29T16:00:00+00:00,REV
LONG,1.122030,1.133470,0.011440,2016-03-29T16:00:00+00:00,2016-04-06T14:28:00+00:00,REV
SHORT,1.133470,1.143180,-0.009710,2016-04-06T14:28:00+00:00,2016-04-07T09:33:00+00:00,REV
LONG,1.143180,1.134580,-0.008600,2016-04-07T09:33:00+00:00,2016-04-13T09:34:00+00:00,REV
SHORT,1.134580,1.133230,0.001350,2016-04-13T09:34:00+00:00,2016-04-19T09:17:00+00:00,REV
LONG,1.133230,1.127360,-0.005870,2016-04-19T09:17:00+00:00,2016-04-21T17:48:00+00:00,REV
SHORT,1.127360,1.134000,-0.006640,2016-04-21T17:48:00+00:00,2016-04-27T20:14:00+00:00,REV
LONG,1.134000,1.144810,0.010810,2016-04-27T20:14:00+00:00,2016-05-05T11:19:00+00:00,REV
SHORT,1.144810,1.119420,0.025390,2016-05-05T11:19:00+00:00,2016-06-02T03:06:00+00:00,REV
LONG,1.119420,1.132570,0.013150,2016-06-02T03:06:00+00:00,2016-06-09T16:00:00+00:00,REV
SHORT,1.132570,1.132940,-0.000370,2016-06-09T16:00:00+00:00,2016-06-20T00:00:00+00:00,REV
LONG,1.132940,1.123660,-0.009280,2016-06-20T00:00:00+00:00,2016-06-24T04:05:00+00:00,REV
SHORT,1.123660,1.113080,0.010580,2016-06-24T04:05:00+00:00,2016-06-30T11:13:00+00:00,REV
LONG,1.113080,1.106220,-0.006860,2016-06-30T11:13:00+00:00,2016-07-06T00:50:00+00:00,REV
SHORT,1.106220,1.112050,-0.005830,2016-07-06T00:50:00+00:00,2016-07-12T10:19:00+00:00,REV
LONG,1.112050,1.104170,-0.007880,2016-07-12T10:19:00+00:00,2016-07-15T23:30:00+00:00,REV
SHORT,1.104170,1.104110,0.000060,2016-07-15T23:30:00+00:00,2016-07-27T22:04:00+00:00,REV
LONG,1.104110,1.114060,0.009950,2016-07-27T22:04:00+00:00,2016-08-04T04:03:00+00:00,REV
SHORT,1.114060,1.116150,-0.002090,2016-08-04T04:03:00+00:00,2016-08-10T12:10:00+00:00,REV
LONG,1.116150,1.127090,0.010940,2016-08-10T12:10:00+00:00,2016-08-24T14:30:00+00:00,REV
SHORT,1.127090,1.120530,0.006560,2016-08-24T14:30:00+00:00,2016-09-02T07:04:00+00:00,REV
LONG,1.120530,1.120370,-0.000160,2016-09-02T07:04:00+00:00,2016-09-16T15:30:00+00:00,REV
SHORT,1.120370,1.121350,-0.000980,2016-09-16T15:30:00+00:00,2016-09-22T09:05:00+00:00,REV
LONG,1.121350,1.119100,-0.002250,2016-09-22T09:05:00+00:00,2016-09-28T10:06:00+00:00,REV
SHORT,1.119100,1.102640,0.016460,2016-09-28T10:06:00+00:00,2016-10-20T15:45:00+00:00,REV
LONG,1.102640,1.095490,-0.007150,2016-10-20T15:45:00+00:00,2016-10-20T16:06:00+00:00,REV
SHORT,1.095490,1.092980,0.002510,2016-10-20T16:06:00+00:00,2016-10-26T12:16:00+00:00,REV
LONG,1.092980,1.104950,0.011970,2016-10-26T12:16:00+00:00,2016-11-07T10:59:00+00:00,REV
SHORT,1.104950,1.114150,-0.009200,2016-11-07T10:59:00+00:00,2016-11-09T04:23:00+00:00,REV
LONG,1.114150,1.100870,-0.013280,2016-11-09T04:23:00+00:00,2016-11-09T15:04:00+00:00,REV
SHORT,1.100870,1.064380,0.036490,2016-11-09T15:04:00+00:00,2016-11-28T03:53:00+00:00,REV
LONG,1.064380,1.055270,-0.009110,2016-11-28T03:53:00+00:00,2016-12-05T00:48:00+00:00,REV
SHORT,1.055270,1.069010,-0.013740,2016-12-05T00:48:00+00:00,2016-12-05T13:17:00+00:00,REV
LONG,1.069010,1.059710,-0.009300,2016-12-05T13:17:00+00:00,2016-12-09T03:57:00+00:00,REV
SHORT,1.059710,1.066730,-0.007020,2016-12-09T03:57:00+00:00,2016-12-14T19:32:00+00:00,REV
LONG,1.066730,1.052510,-0.014220,2016-12-14T19:32:00+00:00,2016-12-14T22:33:00+00:00,REV
SHORT,1.052510,1.047960,0.004550,2016-12-14T22:33:00+00:00,2016-12-22T17:06:00+00:00,REV
LONG,1.047960,1.042630,-0.005330,2016-12-22T17:06:00+00:00,2016-12-28T13:15:00+00:00,REV
SHORT,1.042630,1.048000,-0.005370,2016-12-28T13:15:00+00:00,2016-12-29T17:57:00+00:00,REV
LONG,1.048000,1.040750,-0.007250,2016-12-29T17:57:00+00:00,2017-01-03T11:35:00+00:00,REV
SHORT,1.040750,1.052330,-0.011580,2017-01-03T11:35:00+00:00,2017-01-05T02:05:00+00:00,REV
LONG,1.052330,1.051080,-0.001250,2017-01-05T02:05:00+00:00,2017-01-11T14:04:00+00:00,REV
SHORT,1.051080,1.062730,-0.011650,2017-01-11T14:04:00+00:00,2017-01-12T08:46:00+00:00,REV
LONG,1.062730,1.069350,0.006620,2017-01-12T08:46:00+00:00,2017-01-26T15:12:00+00:00,REV
SHORT,1.069350,1.076570,-0.007220,2017-01-26T15:12:00+00:00,2017-01-31T16:28:00+00:00,REV
LONG,1.076570,1.070690,-0.005880,2017-01-31T16:28:00+00:00,2017-02-06T16:06:00+00:00,REV
SHORT,1.070690,1.065850,0.004840,2017-02-06T16:06:00+00:00,2017-02-16T16:52:00+00:00,REV
LONG,1.065850,1.059090,-0.006760,2017-02-16T16:52:00+00:00,2017-02-21T02:45:00+00:00,REV
SHORT,1.059090,1.061550,-0.002460,2017-02-21T02:45:00+00:00,2017-02-24T14:33:00+00:00,REV
LONG,1.061550,1.055130,-0.006420,2017-02-24T14:33:00+00:00,2017-03-01T06:32:00+00:00,REV
SHORT,1.055130,1.062410,-0.007280,2017-03-01T06:32:00+00:00,2017-03-06T10:24:00+00:00,REV
LONG,1.062410,1.053470,-0.008940,2017-03-06T10:24:00+00:00,2017-03-09T05:31:00+00:00,REV
SHORT,1.053470,1.061520,-0.008050,2017-03-09T05:31:00+00:00,2017-03-10T10:29:00+00:00,REV
LONG,1.061520,1.076010,0.014490,2017-03-10T10:29:00+00:00,2017-03-29T14:51:00+00:00,REV
SHORT,1.076010,1.066650,0.009360,2017-03-29T14:51:00+00:00,2017-04-12T22:51:00+00:00,REV
LONG,1.066650,1.088260,0.021610,2017-04-12T22:51:00+00:00,2017-05-04T01:02:00+00:00,REV
SHORT,1.088260,1.093720,-0.005460,2017-05-04T01:02:00+00:00,2017-05-04T13:17:00+00:00,REV
LONG,1.093720,1.087480,-0.006240,2017-05-04T13:17:00+00:00,2017-05-09T15:45:00+00:00,REV
SHORT,1.087480,1.093370,-0.005890,2017-05-09T15:45:00+00:00,2017-05-12T18:40:00+00:00,REV
LONG,1.093370,1.116840,0.023470,2017-05-12T18:40:00+00:00,2017-05-26T16:11:00+00:00,REV
SHORT,1.116840,1.123470,-0.006630,2017-05-26T16:11:00+00:00,2017-05-31T16:47:00+00:00,REV
LONG,1.123470,1.120490,-0.002980,2017-05-31T16:47:00+00:00,2017-06-07T13:57:00+00:00,REV
SHORT,1.120490,1.123730,-0.003240,2017-06-07T13:57:00+00:00,2017-06-14T15:31:00+00:00,REV
LONG,1.123730,1.118520,-0.005210,2017-06-14T15:31:00+00:00,2017-06-15T10:11:00+00:00,REV
SHORT,1.118520,1.117820,0.000700,2017-06-15T10:11:00+00:00,2017-06-23T10:01:00+00:00,REV
LONG,1.117820,1.135510,0.017690,2017-06-23T10:01:00+00:00,2017-07-04T08:30:00+00:00,REV
SHORT,1.135510,1.142480,-0.006970,2017-07-04T08:30:00+00:00,2017-07-07T02:56:00+00:00,REV
LONG,1.142480,1.138160,-0.004320,2017-07-07T02:56:00+00:00,2017-07-13T13:46:00+00:00,REV
SHORT,1.138160,1.148730,-0.010570,2017-07-13T13:46:00+00:00,2017-07-18T04:02:00+00:00,REV
LONG,1.148730,1.161890,0.013160,2017-07-18T04:02:00+00:00,2017-07-26T11:34:00+00:00,REV
SHORT,1.161890,1.171230,-0.009340,2017-07-26T11:34:00+00:00,2017-07-26T22:00:00+00:00,REV
LONG,1.171230,1.178500,0.007270,2017-07-26T22:00:00+00:00,2017-08-04T17:00:00+00:00,REV
SHORT,1.178500,1.182400,-0.003900,2017-08-04T17:00:00+00:00,2017-08-11T15:39:00+00:00,REV
LONG,1.182400,1.170400,-0.012000,2017-08-11T15:39:00+00:00,2017-08-15T15:34:00+00:00,REV
SHORT,1.170400,1.179000,-0.008600,2017-08-15T15:34:00+00:00,2017-08-21T16:13:00+00:00,REV
LONG,1.179000,1.188040,0.009040,2017-08-21T16:13:00+00:00,2017-08-31T04:43:00+00:00,REV
SHORT,1.188040,1.195040,-0.007000,2017-08-31T04:43:00+00:00,2017-09-07T10:46:00+00:00,REV
LONG,1.195040,1.192620,-0.002420,2017-09-07T10:46:00+00:00,2017-09-13T17:07:00+00:00,REV
SHORT,1.192620,1.198730,-0.006110,2017-09-13T17:07:00+00:00,2017-09-19T08:20:00+00:00,REV
LONG,1.198730,1.190070,-0.008660,2017-09-19T08:20:00+00:00,2017-09-20T21:20:00+00:00,REV
SHORT,1.190070,1.177900,0.012170,2017-09-20T21:20:00+00:00,2017-10-10T04:53:00+00:00,REV
LONG,1.177900,1.179510,0.001610,2017-10-10T04:53:00+00:00,2017-10-16T08:53:00+00:00,REV
SHORT,1.179510,1.181990,-0.002480,2017-10-16T08:53:00+00:00,2017-10-19T09:59:00+00:00,REV
LONG,1.181990,1.173010,-0.008980,2017-10-19T09:59:00+00:00,2017-10-23T21:12:00+00:00,REV
SHORT,1.173010,1.181800,-0.008790,2017-10-23T21:12:00+00:00,2017-10-26T02:38:00+00:00,REV
LONG,1.181800,1.172490,-0.009310,2017-10-26T02:38:00+00:00,2017-10-26T16:39:00+00:00,REV
SHORT,1.172490,1.166150,0.006340,2017-10-26T16:39:00+00:00,2017-11-02T04:40:00+00:00,REV
LONG,1.166150,1.160620,-0.005530,2017-11-02T04:40:00+00:00,2017-11-03T17:59:00+00:00,REV
SHORT,1.160620,1.162400,-0.001780,2017-11-03T17:59:00+00:00,2017-11-09T13:23:00+00:00,REV
LONG,1.162400,1.175700,0.013300,2017-11-09T13:23:00+00:00,2017-11-20T01:07:00+00:00,REV
SHORT,1.175700,1.182190,-0.006490,2017-11-20T01:07:00+00:00,2017-11-22T21:30:00+00:00,REV
LONG,1.182190,1.182690,0.000500,2017-11-22T21:30:00+00:00,2017-11-29T15:05:00+00:00,REV
SHORT,1.182690,1.193160,-0.010470,2017-11-29T15:05:00+00:00,2017-12-01T08:06:00+00:00,REV
LONG,1.193160,1.180880,-0.012280,2017-12-01T08:06:00+00:00,2017-12-05T18:44:00+00:00,REV
SHORT,1.180880,1.181180,-0.000300,2017-12-05T18:44:00+00:00,2017-12-13T21:55:00+00:00,REV
LONG,1.181180,1.200130,0.018950,2017-12-13T21:55:00+00:00,2018-01-08T09:40:00+00:00,REV
SHORT,1.200130,1.205250,-0.005120,2018-01-08T09:40:00+00:00,2018-01-11T17:04:00+00:00,REV
LONG,1.205250,1.217690,0.012440,2018-01-11T17:04:00+00:00,2018-01-18T00:39:00+00:00,REV
SHORT,1.217690,1.229550,-0.011860,2018-01-18T00:39:00+00:00,2018-01-23T17:33:00+00:00,REV
LONG,1.229550,1.233650,0.004100,2018-01-23T17:33:00+00:00,2018-01-30T10:15:00+00:00,REV
SHORT,1.233650,1.247500,-0.013850,2018-01-30T10:15:00+00:00,2018-02-01T18:10:00+00:00,REV
LONG,1.247500,1.238530,-0.008970,2018-02-01T18:10:00+00:00,2018-02-05T23:01:00+00:00,REV
SHORT,1.238530,1.229740,0.008790,2018-02-05T23:01:00+00:00,2018-02-13T01:05:00+00:00,REV
LONG,1.229740,1.236900,0.007160,2018-02-13T01:05:00+00:00,2018-02-20T09:32:00+00:00,REV
SHORT,1.236900,1.233610,0.003290,2018-02-20T09:32:00+00:00,2018-03-05T00:02:00+00:00,REV
LONG,1.233610,1.229800,-0.003810,2018-03-05T00:02:00+00:00,2018-03-09T03:34:00+00:00,REV
SHORT,1.229800,1.240760,-0.010960,2018-03-09T03:34:00+00:00,2018-03-14T05:21:00+00:00,REV
LONG,1.240760,1.230020,-0.010740,2018-03-14T05:21:00+00:00,2018-03-16T04:03:00+00:00,REV
SHORT,1.230020,1.235890,-0.005870,2018-03-16T04:03:00+00:00,2018-03-22T03:12:00+00:00,REV
LONG,1.235890,1.230010,-0.005880,2018-03-22T03:12:00+00:00,2018-03-29T10:41:00+00:00,REV
SHORT,1.230010,1.231470,-0.001460,2018-03-29T10:41:00+00:00,2018-04-09T16:01:00+00:00,REV
LONG,1.231470,1.232900,0.001430,2018-04-09T16:01:00+00:00,2018-04-20T10:54:00+00:00,REV
SHORT,1.232900,1.194660,0.038240,2018-04-20T10:54:00+00:00,2018-05-11T13:33:00+00:00,REV
LONG,1.194660,1.184260,-0.010400,2018-05-11T13:33:00+00:00,2018-05-15T16:04:00+00:00,REV
SHORT,1.184260,1.172430,0.011830,2018-05-15T16:04:00+00:00,2018-06-04T12:13:00+00:00,REV
LONG,1.172430,1.172700,0.000270,2018-06-04T12:13:00+00:00,2018-06-13T21:32:00+00:00,REV
SHORT,1.172700,1.182060,-0.009360,2018-06-13T21:32:00+00:00,2018-06-14T11:01:00+00:00,REV
LONG,1.182060,1.172530,-0.009530,2018-06-14T11:01:00+00:00,2018-06-14T15:00:00+00:00,REV
SHORT,1.172530,1.164440,0.008090,2018-06-14T15:00:00+00:00,2018-06-22T10:00:00+00:00,REV
LONG,1.164440,1.159780,-0.004660,2018-06-22T10:00:00+00:00,2018-06-27T15:56:00+00:00,REV
SHORT,1.159780,1.168950,-0.009170,2018-06-27T15:56:00+00:00,2018-07-05T08:55:00+00:00,REV
LONG,1.168950,1.167980,-0.000970,2018-07-05T08:55:00+00:00,2018-07-11T20:08:00+00:00,REV
SHORT,1.167980,1.172540,-0.004560,2018-07-11T20:08:00+00:00,2018-07-17T09:16:00+00:00,REV
LONG,1.172540,1.161210,-0.011330,2018-07-17T09:16:00+00:00,2018-07-18T11:30:00+00:00,REV
SHORT,1.161210,1.173890,-0.012680,2018-07-18T11:30:00+00:00,2018-07-23T02:04:00+00:00,REV
LONG,1.173890,1.165430,-0.008460,2018-07-23T02:04:00+00:00,2018-07-26T17:30:00+00:00,REV
SHORT,1.165430,1.174380,-0.008950,2018-07-26T17:30:00+00:00,2018-07-31T14:16:00+00:00,REV
LONG,1.174380,1.164780,-0.009600,2018-07-31T14:16:00+00:00,2018-08-02T07:26:00+00:00,REV
SHORT,1.164780,1.161070,0.003710,2018-08-02T07:26:00+00:00,2018-08-08T06:05:00+00:00,REV
LONG,1.161070,1.153000,-0.008070,2018-08-08T06:05:00+00:00,2018-08-09T22:44:00+00:00,REV
SHORT,1.153000,1.142950,0.010050,2018-08-09T22:44:00+00:00,2018-08-17T21:17:00+00:00,REV
LONG,1.142950,1.164160,0.021210,2018-08-17T21:17:00+00:00,2018-08-31T15:39:00+00:00,REV
SHORT,1.164160,1.164010,0.000150,2018-08-31T15:39:00+00:00,2018-09-06T03:01:00+00:00,REV
LONG,1.164010,1.154240,-0.009770,2018-09-06T03:01:00+00:00,2018-09-10T06:45:00+00:00,REV
SHORT,1.154240,1.164950,-0.010710,2018-09-10T06:45:00+00:00,2018-09-12T18:18:00+00:00,REV
LONG,1.164950,1.172400,0.007450,2018-09-12T18:18:00+00:00,2018-09-27T08:10:00+00:00,REV
SHORT,1.172400,1.154550,0.017850,2018-09-27T08:10:00+00:00,2018-10-11T04:51:00+00:00,REV
LONG,1.154550,1.153450,-0.001100,2018-10-11T04:51:00+00:00,2018-10-17T14:21:00+00:00,REV
SHORT,1.153450,1.141660,0.011790,2018-10-17T14:21:00+00:00,2018-11-01T20:16:00+00:00,REV
LONG,1.141660,1.135350,-0.006310,2018-11-01T20:16:00+00:00,2018-11-08T22:06:00+00:00,REV
SHORT,1.135350,1.134750,0.000600,2018-11-08T22:06:00+00:00,2018-11-15T10:10:00+00:00,REV
LONG,1.134750,1.135850,0.001100,2018-11-15T10:10:00+00:00,2018-11-23T12:36:00+00:00,REV
SHORT,1.135850,1.138720,-0.002870,2018-11-23T12:36:00+00:00,2018-11-29T06:37:00+00:00,REV
LONG,1.138720,1.132070,-0.006650,2018-11-29T06:37:00+00:00,2018-12-11T17:38:00+00:00,REV
SHORT,1.132070,1.139350,-0.007280,2018-12-11T17:38:00+00:00,2018-12-18T13:05:00+00:00,REV
LONG,1.139350,1.135590,-0.003760,2018-12-18T13:05:00+00:00,2018-12-26T19:59:00+00:00,REV
SHORT,1.135590,1.143870,-0.008280,2018-12-26T19:59:00+00:00,2018-12-27T19:33:00+00:00,REV
LONG,1.143870,1.135040,-0.008830,2018-12-27T19:33:00+00:00,2019-01-02T17:38:00+00:00,REV
SHORT,1.135040,1.148290,-0.013250,2019-01-02T17:38:00+00:00,2019-01-08T02:03:00+00:00,REV
LONG,1.148290,1.145060,-0.003230,2019-01-08T02:03:00+00:00,2019-01-15T11:13:00+00:00,REV
SHORT,1.145060,1.139450,0.005610,2019-01-15T11:13:00+00:00,2019-01-25T17:20:00+00:00,REV
LONG,1.139450,1.142440,0.002990,2019-01-25T17:20:00+00:00,2019-02-05T09:17:00+00:00,REV
SHORT,1.142440,1.133410,0.009030,2019-02-05T09:17:00+00:00,2019-02-19T17:56:00+00:00,REV
LONG,1.133410,1.135330,0.001920,2019-02-19T17:56:00+00:00,2019-03-04T10:03:00+00:00,REV
SHORT,1.135330,1.125860,0.009470,2019-03-04T10:03:00+00:00,2019-03-12T00:03:00+00:00,REV
LONG,1.125860,1.133360,0.007500,2019-03-12T00:03:00+00:00,2019-03-22T10:30:00+00:00,REV
SHORT,1.133360,1.125010,0.008350,2019-03-22T10:30:00+00:00,2019-04-03T12:18:00+00:00,REV
LONG,1.125010,1.127880,0.002870,2019-04-03T12:18:00+00:00,2019-04-18T10:30:00+00:00,REV
SHORT,1.127880,1.118720,0.009160,2019-04-18T10:30:00+00:00,2019-04-30T03:59:00+00:00,REV
LONG,1.118720,1.117070,-0.001650,2019-04-30T03:59:00+00:00,2019-05-03T03:01:00+00:00,REV
SHORT,1.117070,1.121810,-0.004740,2019-05-03T03:01:00+00:00,2019-05-09T16:51:00+00:00,REV
LONG,1.121810,1.120110,-0.001700,2019-05-09T16:51:00+00:00,2019-05-15T03:24:00+00:00,REV
SHORT,1.120110,1.118830,0.001280,2019-05-15T03:24:00+00:00,2019-05-24T09:11:00+00:00,REV
LONG,1.118830,1.115920,-0.002910,2019-05-24T09:11:00+00:00,2019-05-29T09:21:00+00:00,REV
SHORT,1.115920,1.118000,-0.002080,2019-05-29T09:21:00+00:00,2019-06-03T03:41:00+00:00,REV
LONG,1.118000,1.128240,0.010240,2019-06-03T03:41:00+00:00,2019-06-13T15:53:00+00:00,REV
SHORT,1.128240,1.125450,0.002790,2019-06-13T15:53:00+00:00,2019-06-20T03:34:00+00:00,REV
LONG,1.125450,1.134740,0.009290,2019-06-20T03:34:00+00:00,2019-07-01T08:01:00+00:00,REV
SHORT,1.134740,1.126460,0.008280,2019-07-01T08:01:00+00:00,2019-07-11T03:17:00+00:00,REV
LONG,1.126460,1.123810,-0.002650,2019-07-11T03:17:00+00:00,2019-07-16T11:21:00+00:00,REV
SHORT,1.123810,1.128070,-0.004260,2019-07-16T11:21:00+00:00,2019-07-19T01:10:00+00:00,REV
LONG,1.128070,1.120330,-0.007740,2019-07-19T01:10:00+00:00,2019-07-23T03:45:00+00:00,REV
SHORT,1.120330,1.116130,0.004200,2019-07-23T03:45:00+00:00,2019-07-31T09:12:00+00:00,REV
LONG,1.116130,1.111200,-0.004930,2019-07-31T09:12:00+00:00,2019-07-31T21:00:00+00:00,REV
SHORT,1.111200,1.116230,-0.005030,2019-07-31T21:00:00+00:00,2019-08-05T13:40:00+00:00,REV
LONG,1.116230,1.117690,0.001460,2019-08-05T13:40:00+00:00,2019-08-12T10:22:00+00:00,REV
SHORT,1.117690,1.111330,0.006360,2019-08-12T10:22:00+00:00,2019-08-23T17:52:00+00:00,REV
LONG,1.111330,1.107330,-0.004000,2019-08-23T17:52:00+00:00,2019-08-29T12:03:00+00:00,REV
SHORT,1.107330,1.103860,0.003470,2019-08-29T12:03:00+00:00,2019-09-05T04:40:00+00:00,REV
LONG,1.103860,1.101530,-0.002330,2019-09-05T04:40:00+00:00,2019-09-11T13:30:00+00:00,REV
SHORT,1.101530,1.106830,-0.005300,2019-09-11T13:30:00+00:00,2019-09-12T14:45:00+00:00,REV
LONG,1.106830,1.098510,-0.008320,2019-09-12T14:45:00+00:00,2019-09-12T14:49:00+00:00,REV
SHORT,1.098510,1.108740,-0.010230,2019-09-12T14:49:00+00:00,2019-09-13T09:30:00+00:00,REV
LONG,1.108740,1.099610,-0.009130,2019-09-13T09:30:00+00:00,2019-09-23T10:30:00+00:00,REV
SHORT,1.099610,1.095890,0.003720,2019-09-23T10:30:00+00:00,2019-10-02T19:59:00+00:00,REV
LONG,1.095890,1.111450,0.015560,2019-10-02T19:59:00+00:00,2019-10-23T12:41:00+00:00,REV
SHORT,1.111450,1.111860,-0.000410,2019-10-23T12:41:00+00:00,2019-10-30T09:21:00+00:00,REV
LONG,1.111860,1.112470,0.000610,2019-10-30T09:21:00+00:00,2019-11-05T00:52:00+00:00,REV
SHORT,1.112470,1.103880,0.008590,2019-11-05T00:52:00+00:00,2019-11-15T15:56:00+00:00,REV
LONG,1.103880,1.105220,0.001340,2019-11-15T15:56:00+00:00,2019-11-22T11:03:00+00:00,REV
SHORT,1.105220,1.102590,0.002630,2019-11-22T11:03:00+00:00,2019-11-29T17:57:00+00:00,REV
LONG,1.102590,1.106600,0.004010,2019-11-29T17:57:00+00:00,2019-12-06T16:53:00+00:00,REV
SHORT,1.106600,1.111000,-0.004400,2019-12-06T16:53:00+00:00,2019-12-11T21:15:00+00:00,REV
LONG,1.111000,1.111050,0.000050,2019-12-11T21:15:00+00:00,2019-12-19T15:17:00+00:00,REV
SHORT,1.111050,1.109610,0.001440,2019-12-19T15:17:00+00:00,2019-12-26T10:29:00+00:00,REV
LONG,1.109610,1.116350,0.006740,2019-12-26T10:29:00+00:00,2020-01-03T09:14:00+00:00,REV
SHORT,1.116350,1.114720,0.001630,2020-01-03T09:14:00+00:00,2020-01-15T13:09:00+00:00,REV
LONG,1.114720,1.110450,-0.004270,2020-01-15T13:09:00+00:00,2020-01-17T15:22:00+00:00,REV
SHORT,1.110450,1.103780,0.006670,2020-01-17T15:22:00+00:00,2020-01-30T19:57:00+00:00,REV
LONG,1.103780,1.101680,-0.002100,2020-01-30T19:57:00+00:00,2020-02-05T13:03:00+00:00,REV
SHORT,1.101680,1.083760,0.017920,2020-02-05T13:03:00+00:00,2020-02-21T16:48:00+00:00,REV
LONG,1.083760,1.127490,0.043730,2020-02-21T16:48:00+00:00,2020-03-11T17:17:00+00:00,REV
SHORT,1.127490,1.083120,0.044370,2020-03-11T17:17:00+00:00,2020-03-24T08:48:00+00:00,REV
LONG,1.083120,1.092650,0.009530,2020-03-24T08:48:00+00:00,2020-04-01T12:19:00+00:00,REV
SHORT,1.092650,1.092660,-0.000010,2020-04-01T12:19:00+00:00,2020-04-09T16:21:00+00:00,REV
LONG,1.092660,1.089260,-0.003400,2020-04-09T16:21:00+00:00,2020-04-15T15:19:00+00:00,REV
SHORT,1.089260,1.086050,0.003210,2020-04-15T15:19:00+00:00,2020-04-28T12:20:00+00:00,REV
LONG,1.086050,1.083300,-0.002750,2020-04-28T12:20:00+00:00,2020-05-05T12:04:00+00:00,REV
SHORT,1.083300,1.087590,-0.004290,2020-05-05T12:04:00+00:00,2020-05-12T16:12:00+00:00,REV
LONG,1.087590,1.078430,-0.009160,2020-05-12T16:12:00+00:00,2020-05-14T13:57:00+00:00,REV
SHORT,1.078430,1.089680,-0.011250,2020-05-14T13:57:00+00:00,2020-05-18T18:24:00+00:00,REV
LONG,1.089680,1.090210,0.000530,2020-05-18T18:24:00+00:00,2020-05-22T11:00:00+00:00,REV
SHORT,1.090210,1.099600,-0.009390,2020-05-22T11:00:00+00:00,2020-05-27T12:41:00+00:00,REV
LONG,1.099600,1.124090,0.024490,2020-05-27T12:41:00+00:00,2020-06-12T17:57:00+00:00,REV
SHORT,1.124090,1.127010,-0.002920,2020-06-12T17:57:00+00:00,2020-06-23T01:48:00+00:00,REV
LONG,1.127010,1.119100,-0.007910,2020-06-23T01:48:00+00:00,2020-07-01T14:34:00+00:00,REV
SHORT,1.119100,1.128820,-0.009720,2020-07-01T14:34:00+00:00,2020-07-02T11:25:00+00:00,REV
LONG,1.128820,1.125880,-0.002940,2020-07-02T11:25:00+00:00,2020-07-10T09:17:00+00:00,REV
SHORT,1.125880,1.137090,-0.011210,2020-07-10T09:17:00+00:00,2020-07-13T18:01:00+00:00,REV
LONG,1.137090,1.171180,0.034090,2020-07-13T18:01:00+00:00,2020-08-03T15:52:00+00:00,REV
SHORT,1.171180,1.190510,-0.019330,2020-08-03T15:52:00+00:00,2020-08-06T09:07:00+00:00,REV
LONG,1.190510,1.175510,-0.015000,2020-08-06T09:07:00+00:00,2020-08-10T11:36:00+00:00,REV
SHORT,1.175510,1.181730,-0.006220,2020-08-10T11:36:00+00:00,2020-08-13T04:09:00+00:00,REV
LONG,1.181730,1.182860,0.001130,2020-08-13T04:09:00+00:00,2020-08-20T11:21:00+00:00,REV
SHORT,1.182860,1.184980,-0.002120,2020-08-20T11:21:00+00:00,2020-08-27T04:05:00+00:00,REV
LONG,1.184980,1.177210,-0.007770,2020-08-27T04:05:00+00:00,2020-08-27T17:09:00+00:00,REV
SHORT,1.177210,1.190210,-0.013000,2020-08-27T17:09:00+00:00,2020-08-28T11:15:00+00:00,REV
LONG,1.190210,1.182210,-0.008000,2020-08-28T11:15:00+00:00,2020-09-03T05:54:00+00:00,REV
SHORT,1.182210,1.184890,-0.002680,2020-09-03T05:54:00+00:00,2020-09-10T14:45:00+00:00,REV
LONG,1.184890,1.181300,-0.003590,2020-09-10T14:45:00+00:00,2020-09-16T17:28:00+00:00,REV
SHORT,1.181300,1.168720,0.012580,2020-09-16T17:28:00+00:00,2020-09-29T12:03:00+00:00,REV
LONG,1.168720,1.173260,0.004540,2020-09-29T12:03:00+00:00,2020-10-13T19:03:00+00:00,REV
SHORT,1.173260,1.177130,-0.003870,2020-10-13T19:03:00+00:00,2020-10-19T14:31:00+00:00,REV
LONG,1.177130,1.178660,0.001530,2020-10-19T14:31:00+00:00,2020-10-27T23:13:00+00:00,REV
SHORT,1.178660,1.174000,0.004660,2020-10-27T23:13:00+00:00,2020-11-04T01:13:00+00:00,REV
LONG,1.174000,1.162210,-0.011790,2020-11-04T01:13:00+00:00,2020-11-04T04:41:00+00:00,REV
SHORT,1.162210,1.177070,-0.014860,2020-11-04T04:41:00+00:00,2020-11-05T11:28:00+00:00,REV
LONG,1.177070,1.177990,0.000920,2020-11-05T11:28:00+00:00,2020-11-11T11:49:00+00:00,REV
SHORT,1.177990,1.184140,-0.006150,2020-11-11T11:49:00+00:00,2020-11-16T00:00:00+00:00,REV
LONG,1.184140,1.181610,-0.002530,2020-11-16T00:00:00+00:00,2020-11-23T17:57:00+00:00,REV
SHORT,1.181610,1.190630,-0.009020,2020-11-23T17:57:00+00:00,2020-11-25T03:16:00+00:00,REV
LONG,1.190630,1.207840,0.017210,2020-11-25T03:16:00+00:00,2020-12-09T17:57:00+00:00,REV
SHORT,1.207840,1.215910,-0.008070,2020-12-09T17:57:00+00:00,2020-12-11T03:21:00+00:00,REV
LONG,1.215910,1.224320,0.008410,2020-12-11T03:21:00+00:00,2021-01-08T03:14:00+00:00,REV
SHORT,1.224320,1.215840,0.008480,2021-01-08T03:14:00+00:00,2021-01-21T15:12:00+00:00,REV
LONG,1.215840,1.210760,-0.005080,2021-01-21T15:12:00+00:00,2021-01-27T14:45:00+00:00,REV
SHORT,1.210760,1.205030,0.005730,2021-01-27T14:45:00+00:00,2021-02-08T01:01:00+00:00,REV
LONG,1.205030,1.208150,0.003120,2021-02-08T01:01:00+00:00,2021-02-17T09:02:00+00:00,REV
SHORT,1.208150,1.214470,-0.006320,2021-02-17T09:02:00+00:00,2021-02-22T15:36:00+00:00,REV
LONG,1.214470,1.210920,-0.003550,2021-02-22T15:36:00+00:00,2021-02-26T13:20:00+00:00,REV
SHORT,1.210920,1.193240,0.017680,2021-02-26T13:20:00+00:00,2021-03-11T04:20:00+00:00,REV
LONG,1.193240,1.190990,-0.002250,2021-03-11T04:20:00+00:00,2021-03-16T15:47:00+00:00,REV
SHORT,1.190990,1.196770,-0.005780,2021-03-16T15:47:00+00:00,2021-03-17T20:36:00+00:00,REV
LONG,1.196770,1.188190,-0.008580,2021-03-17T20:36:00+00:00,2021-03-19T15:29:00+00:00,REV
SHORT,1.188190,1.178020,0.010170,2021-03-19T15:29:00+00:00,2021-04-02T01:02:00+00:00,REV
LONG,1.178020,1.194700,0.016680,2021-04-02T01:02:00+00:00,2021-04-19T04:32:00+00:00,REV
SHORT,1.194700,1.199490,-0.004790,2021-04-19T04:32:00+00:00,2021-04-19T10:48:00+00:00,REV
LONG,1.199490,1.205600,0.006110,2021-04-19T10:48:00+00:00,2021-04-30T17:53:00+00:00,REV
SHORT,1.205600,1.207190,-0.001590,2021-04-30T17:53:00+00:00,2021-05-07T10:14:00+00:00,REV
LONG,1.207190,1.206550,-0.000640,2021-05-07T10:14:00+00:00,2021-05-13T11:47:00+00:00,REV
SHORT,1.206550,1.215230,-0.008680,2021-05-13T11:47:00+00:00,2021-05-17T12:38:00+00:00,REV
LONG,1.215230,1.217510,0.002280,2021-05-17T12:38:00+00:00,2021-05-28T09:11:00+00:00,REV
SHORT,1.217510,1.223280,-0.005770,2021-05-28T09:11:00+00:00,2021-06-01T03:00:00+00:00,REV
LONG,1.223280,1.216400,-0.006880,2021-06-01T03:00:00+00:00,2021-06-03T15:25:00+00:00,REV
SHORT,1.216400,1.220200,-0.003800,2021-06-03T15:25:00+00:00,2021-06-09T16:08:00+00:00,REV
LONG,1.220200,1.214480,-0.005720,2021-06-09T16:08:00+00:00,2021-06-10T16:28:00+00:00,REV
SHORT,1.214480,1.195290,0.019190,2021-06-10T16:28:00+00:00,2021-06-23T15:14:00+00:00,REV
LONG,1.195290,1.191130,-0.004160,2021-06-23T15:14:00+00:00,2021-06-28T14:38:00+00:00,REV
SHORT,1.191130,1.188450,0.002680,2021-06-28T14:38:00+00:00,2021-07-06T09:02:00+00:00,REV
LONG,1.188450,1.180700,-0.007750,2021-07-06T09:02:00+00:00,2021-07-06T19:21:00+00:00,REV
SHORT,1.180700,1.182470,-0.001770,2021-07-06T19:21:00+00:00,2021-07-22T16:15:00+00:00,REV
LONG,1.182470,1.185150,0.002680,2021-07-22T16:15:00+00:00,2021-08-04T11:27:00+00:00,REV
SHORT,1.185150,1.175440,0.009710,2021-08-04T11:27:00+00:00,2021-08-13T14:18:00+00:00,REV
LONG,1.175440,1.172360,-0.003080,2021-08-13T14:18:00+00:00,2021-08-17T17:30:00+00:00,REV
SHORT,1.172360,1.174300,-0.001940,2021-08-17T17:30:00+00:00,2021-08-23T16:31:00+00:00,REV
LONG,1.174300,1.183580,0.009280,2021-08-23T16:31:00+00:00,2021-09-08T00:00:00+00:00,REV
SHORT,1.183580,1.158700,0.024880,2021-09-08T00:00:00+00:00,2021-10-13T20:27:00+00:00,REV
LONG,1.158700,1.161680,0.002980,2021-10-13T20:27:00+00:00,2021-10-25T14:35:00+00:00,REV
SHORT,1.161680,1.166520,-0.004840,2021-10-25T14:35:00+00:00,2021-10-28T17:05:00+00:00,REV
LONG,1.166520,1.158210,-0.008310,2021-10-28T17:05:00+00:00,2021-10-29T17:52:00+00:00,REV
SHORT,1.158210,1.161360,-0.003150,2021-10-29T17:52:00+00:00,2021-11-03T20:50:00+00:00,REV
LONG,1.161360,1.154600,-0.006760,2021-11-03T20:50:00+00:00,2021-11-04T12:05:00+00:00,REV
SHORT,1.154600,1.127530,0.027070,2021-11-04T12:05:00+00:00,2021-11-26T10:30:00+00:00,REV
LONG,1.127530,1.126650,-0.000880,2021-11-26T10:30:00+00:00,2021-12-06T17:54:00+00:00,REV
SHORT,1.126650,1.133360,-0.006710,2021-12-06T17:54:00+00:00,2021-12-08T17:55:00+00:00,REV
LONG,1.133360,1.126310,-0.007050,2021-12-08T17:55:00+00:00,2021-12-13T11:27:00+00:00,REV
SHORT,1.126310,1.132410,-0.006100,2021-12-13T11:27:00+00:00,2021-12-16T14:45:00+00:00,REV
LONG,1.132410,1.129000,-0.003410,2021-12-16T14:45:00+00:00,2021-12-28T17:36:00+00:00,REV
SHORT,1.129000,1.134360,-0.005360,2021-12-28T17:36:00+00:00,2021-12-29T16:48:00+00:00,REV
LONG,1.134360,1.127970,-0.006390,2021-12-29T16:48:00+00:00,2022-01-04T13:26:00+00:00,REV
SHORT,1.127970,1.134660,-0.006690,2022-01-04T13:26:00+00:00,2022-01-07T17:20:00+00:00,REV
LONG,1.134660,1.139170,0.004510,2022-01-07T17:20:00+00:00,2022-01-18T05:49:00+00:00,REV
SHORT,1.139170,1.124810,0.014360,2022-01-18T05:49:00+00:00,2022-02-01T09:39:00+00:00,REV
LONG,1.124810,1.139610,0.014800,2022-02-01T09:39:00+00:00,2022-02-10T15:34:00+00:00,REV
SHORT,1.139610,1.146490,-0.006880,2022-02-10T15:34:00+00:00,2022-02-10T17:32:00+00:00,REV
LONG,1.146490,1.137480,-0.009010,2022-02-10T17:32:00+00:00,2022-02-11T08:50:00+00:00,REV
SHORT,1.137480,1.106800,0.030680,2022-02-11T08:50:00+00:00,2022-03-09T18:11:00+00:00,REV
LONG,1.106800,1.090180,-0.016620,2022-03-09T18:11:00+00:00,2022-03-14T04:35:00+00:00,REV
SHORT,1.090180,1.101990,-0.011810,2022-03-14T04:35:00+00:00,2022-03-16T13:44:00+00:00,REV
LONG,1.101990,1.100300,-0.001690,2022-03-16T13:44:00+00:00,2022-03-22T02:34:00+00:00,REV
SHORT,1.100300,1.103790,-0.003490,2022-03-22T02:34:00+00:00,2022-03-29T12:45:00+00:00,REV
LONG,1.103790,1.102790,-0.001000,2022-03-29T12:45:00+00:00,2022-04-04T10:48:00+00:00,REV
SHORT,1.102790,1.083020,0.019770,2022-04-04T10:48:00+00:00,2022-04-20T11:37:00+00:00,REV
LONG,1.083020,1.077070,-0.005950,2022-04-20T11:37:00+00:00,2022-04-25T08:56:00+00:00,REV
SHORT,1.077070,1.059310,0.017760,2022-04-25T08:56:00+00:00,2022-05-04T21:47:00+00:00,REV
LONG,1.059310,1.049210,-0.010100,2022-05-04T21:47:00+00:00,2022-05-06T09:56:00+00:00,REV
SHORT,1.049210,1.052950,-0.003740,2022-05-06T09:56:00+00:00,2022-05-17T14:19:00+00:00,REV
LONG,1.052950,1.067890,0.014940,2022-05-17T14:19:00+00:00,2022-06-01T17:06:00+00:00,REV
SHORT,1.067890,1.075210,-0.007320,2022-06-01T17:06:00+00:00,2022-06-09T15:25:00+00:00,REV
LONG,1.075210,1.065190,-0.010020,2022-06-09T15:25:00+00:00,2022-06-09T17:09:00+00:00,REV
SHORT,1.065190,1.052040,0.013150,2022-06-09T17:09:00+00:00,2022-06-16T18:51:00+00:00,REV
LONG,1.052040,1.050320,-0.001720,2022-06-16T18:51:00+00:00,2022-06-29T07:50:00+00:00,REV
SHORT,1.050320,1.012250,0.038070,2022-06-29T07:50:00+00:00,2022-07-18T10:07:00+00:00,REV
LONG,1.012250,1.012970,0.000720,2022-07-18T10:07:00+00:00,2022-07-26T14:42:00+00:00,REV
SHORT,1.012970,1.025030,-0.012060,2022-07-26T14:42:00+00:00,2022-07-29T09:29:00+00:00,REV
LONG,1.025030,1.014600,-0.010430,2022-07-29T09:29:00+00:00,2022-08-03T17:01:00+00:00,REV
SHORT,1.014600,1.025230,-0.010630,2022-08-03T17:01:00+00:00,2022-08-10T14:53:00+00:00,REV
LONG,1.025230,1.020200,-0.005030,2022-08-10T14:53:00+00:00,2022-08-15T11:56:00+00:00,REV
SHORT,1.020200,1.003370,0.016830,2022-08-15T11:56:00+00:00,2022-08-26T16:00:00+00:00,REV
LONG,1.003370,0.991410,-0.011960,2022-08-26T16:00:00+00:00,2022-09-01T17:49:00+00:00,REV
SHORT,0.991410,1.001110,-0.009700,2022-09-01T17:49:00+00:00,2022-09-08T01:00:00+00:00,REV
LONG,1.001110,0.996620,-0.004490,2022-09-08T01:00:00+00:00,2022-09-14T00:10:00+00:00,REV
SHORT,0.996620,1.003660,-0.007040,2022-09-14T00:10:00+00:00,2022-09-20T03:03:00+00:00,REV
LONG,1.003660,0.994480,-0.009180,2022-09-20T03:03:00+00:00,2022-09-21T09:01:00+00:00,REV
SHORT,0.994480,0.975110,0.019370,2022-09-21T09:01:00+00:00,2022-09-29T17:09:00+00:00,REV
LONG,0.975110,0.978800,0.003690,2022-09-29T17:09:00+00:00,2022-10-07T00:05:00+00:00,REV
SHORT,0.978800,0.977480,0.001320,2022-10-07T00:05:00+00:00,2022-10-13T18:20:00+00:00,REV
LONG,0.977480,0.975440,-0.002040,2022-10-13T18:20:00+00:00,2022-10-21T11:56:00+00:00,REV
SHORT,0.975440,0.987240,-0.011800,2022-10-21T11:56:00+00:00,2022-10-24T00:05:00+00:00,REV
LONG,0.987240,0.992650,0.005410,2022-10-24T00:05:00+00:00,2022-10-31T10:02:00+00:00,REV
SHORT,0.992650,0.996590,-0.003940,2022-10-31T10:02:00+00:00,2022-11-02T20:32:00+00:00,REV
LONG,0.996590,0.985270,-0.011320,2022-11-02T20:32:00+00:00,2022-11-02T21:20:00+00:00,REV
SHORT,0.985270,0.997600,-0.012330,2022-11-02T21:20:00+00:00,2022-11-07T10:39:00+00:00,REV
LONG,0.997600,1.030510,0.032910,2022-11-07T10:39:00+00:00,2022-11-21T03:17:00+00:00,REV
SHORT,1.030510,1.039620,-0.009110,2022-11-21T03:17:00+00:00,2022-11-23T21:02:00+00:00,REV
LONG,1.039620,1.033000,-0.006620,2022-11-23T21:02:00+00:00,2022-11-29T15:52:00+00:00,REV
SHORT,1.033000,1.049700,-0.016700,2022-11-29T15:52:00+00:00,2022-12-01T15:39:00+00:00,REV
LONG,1.049700,1.058390,0.008690,2022-12-01T15:39:00+00:00,2022-12-19T01:46:00+00:00,REV
SHORT,1.058390,1.065870,-0.007480,2022-12-19T01:46:00+00:00,2022-12-22T10:26:00+00:00,REV
LONG,1.065870,1.057570,-0.008300,2022-12-22T10:26:00+00:00,2022-12-22T21:28:00+00:00,REV
SHORT,1.057570,1.065960,-0.008390,2022-12-22T21:28:00+00:00,2022-12-27T04:06:00+00:00,REV
LONG,1.065960,1.060920,-0.005040,2022-12-27T04:06:00+00:00,2023-01-03T10:04:00+00:00,REV
SHORT,1.060920,1.064830,-0.003910,2023-01-03T10:04:00+00:00,2023-01-09T01:02:00+00:00,REV
LONG,1.064830,1.077440,0.012610,2023-01-09T01:02:00+00:00,2023-01-18T04:41:00+00:00,REV
SHORT,1.077440,1.087440,-0.010000,2023-01-18T04:41:00+00:00,2023-01-18T16:15:00+00:00,REV
LONG,1.087440,1.083770,-0.003670,2023-01-18T16:15:00+00:00,2023-01-31T07:58:00+00:00,REV
SHORT,1.083770,1.091400,-0.007630,2023-01-31T07:58:00+00:00,2023-02-01T17:53:00+00:00,REV
LONG,1.091400,1.080190,-0.011210,2023-02-01T17:53:00+00:00,2023-02-03T21:51:00+00:00,REV
SHORT,1.080190,1.079100,0.001090,2023-02-03T21:51:00+00:00,2023-02-14T15:32:00+00:00,REV
LONG,1.079100,1.065530,-0.013570,2023-02-14T15:32:00+00:00,2023-02-16T17:03:00+00:00,REV
SHORT,1.065530,1.063130,0.002400,2023-02-16T17:03:00+00:00,2023-02-28T16:00:00+00:00,REV
LONG,1.063130,1.057250,-0.005880,2023-02-28T16:00:00+00:00,2023-03-07T19:00:00+00:00,REV
SHORT,1.057250,1.068760,-0.011510,2023-03-07T19:00:00+00:00,2023-03-12T23:55:00+00:00,REV
LONG,1.068760,1.065000,-0.003760,2023-03-12T23:55:00+00:00,2023-03-15T12:35:00+00:00,REV
SHORT,1.065000,1.072980,-0.007980,2023-03-15T12:35:00+00:00,2023-03-21T10:06:00+00:00,REV
LONG,1.072980,1.081770,0.008790,2023-03-21T10:06:00+00:00,2023-04-03T02:09:00+00:00,REV
SHORT,1.081770,1.092650,-0.010880,2023-04-03T02:09:00+00:00,2023-04-04T10:52:00+00:00,REV
LONG,1.092650,1.088450,-0.004200,2023-04-04T10:52:00+00:00,2023-04-10T15:05:00+00:00,REV
SHORT,1.088450,1.092820,-0.004370,2023-04-10T15:05:00+00:00,2023-04-12T04:40:00+00:00,REV
LONG,1.092820,1.096680,0.003860,2023-04-12T04:40:00+00:00,2023-05-01T20:08:00+00:00,REV
SHORT,1.096680,1.104520,-0.007840,2023-05-01T20:08:00+00:00,2023-05-03T11:44:00+00:00,REV
LONG,1.104520,1.096350,-0.008170,2023-05-03T11:44:00+00:00,2023-05-09T15:00:00+00:00,REV
SHORT,1.096350,1.075100,0.021250,2023-05-09T15:00:00+00:00,2023-06-01T19:00:00+00:00,REV
LONG,1.075100,1.089960,0.014860,2023-06-01T19:00:00+00:00,2023-06-23T10:15:00+00:00,REV
SHORT,1.089960,1.091660,-0.001700,2023-06-23T10:15:00+00:00,2023-07-07T15:30:00+00:00,REV
LONG,1.091660,1.120330,0.028670,2023-07-07T15:30:00+00:00,2023-07-19T09:42:00+00:00,REV
SHORT,1.120330,1.101950,0.018380,2023-07-19T09:42:00+00:00,2023-08-04T16:14:00+00:00,REV
LONG,1.101950,1.094290,-0.007660,2023-08-04T16:14:00+00:00,2023-08-14T01:32:00+00:00,REV
SHORT,1.094290,1.091830,0.002460,2023-08-14T01:32:00+00:00,2023-08-22T09:24:00+00:00,REV
LONG,1.091830,1.084500,-0.007330,2023-08-22T09:24:00+00:00,2023-08-22T16:57:00+00:00,REV
SHORT,1.084500,1.087670,-0.003170,2023-08-22T16:57:00+00:00,2023-08-29T20:42:00+00:00,REV
LONG,1.087670,1.078220,-0.009450,2023-08-29T20:42:00+00:00,2023-09-01T19:13:00+00:00,REV
SHORT,1.078220,1.074910,0.003310,2023-09-01T19:13:00+00:00,2023-09-11T17:08:00+00:00,REV
LONG,1.074910,1.070550,-0.004360,2023-09-11T17:08:00+00:00,2023-09-14T15:15:00+00:00,REV
SHORT,1.070550,1.071830,-0.001280,2023-09-14T15:15:00+00:00,2023-09-20T16:59:00+00:00,REV
LONG,1.071830,1.065010,-0.006820,2023-09-20T16:59:00+00:00,2023-09-21T02:52:00+00:00,REV
SHORT,1.065010,1.060930,0.004080,2023-09-21T02:52:00+00:00,2023-09-29T10:38:00+00:00,REV
LONG,1.060930,1.048800,-0.012130,2023-09-29T10:38:00+00:00,2023-10-02T22:20:00+00:00,REV
SHORT,1.048800,1.055210,-0.006410,2023-10-02T22:20:00+00:00,2023-10-06T11:00:00+00:00,REV
LONG,1.055210,1.052570,-0.002640,2023-10-06T11:00:00+00:00,2023-10-13T13:22:00+00:00,REV
SHORT,1.052570,1.059510,-0.006940,2023-10-13T13:22:00+00:00,2023-10-19T19:02:00+00:00,REV
LONG,1.059510,1.056500,-0.003010,2023-10-19T19:02:00+00:00,2023-10-26T00:00:00+00:00,REV
SHORT,1.056500,1.059730,-0.003230,2023-10-26T00:00:00+00:00,2023-10-30T14:54:00+00:00,REV
LONG,1.059730,1.054710,-0.005020,2023-10-30T14:54:00+00:00,2023-11-01T11:33:00+00:00,REV
SHORT,1.054710,1.067510,-0.012800,2023-11-01T11:33:00+00:00,2023-11-03T14:30:00+00:00,REV
LONG,1.067510,1.065930,-0.001580,2023-11-03T14:30:00+00:00,2023-11-10T09:09:00+00:00,REV
SHORT,1.065930,1.072570,-0.006640,2023-11-10T09:09:00+00:00,2023-11-14T12:13:00+00:00,REV
LONG,1.072570,1.092510,0.019940,2023-11-14T12:13:00+00:00,2023-11-30T10:40:00+00:00,REV
SHORT,1.092510,1.081780,0.010730,2023-11-30T10:40:00+00:00,2023-12-12T15:30:00+00:00,REV
LONG,1.081780,1.102860,0.021080,2023-12-12T15:30:00+00:00,2024-01-02T04:22:00+00:00,REV
SHORT,1.102860,1.097910,0.004950,2024-01-02T04:22:00+00:00,2024-01-11T03:01:00+00:00,REV
LONG,1.097910,1.093020,-0.004890,2024-01-11T03:01:00+00:00,2024-01-16T02:47:00+00:00,REV
SHORT,1.093020,1.090700,0.002320,2024-01-16T02:47:00+00:00,2024-01-22T04:18:00+00:00,REV
LONG,1.090700,1.084660,-0.006040,2024-01-22T04:18:00+00:00,2024-01-23T17:11:00+00:00,REV
SHORT,1.084660,1.091650,-0.006990,2024-01-23T17:11:00+00:00,2024-01-24T15:32:00+00:00,REV
LONG,1.091650,1.082150,-0.009500,2024-01-24T15:32:00+00:00,2024-01-26T09:16:00+00:00,REV
SHORT,1.082150,1.088570,-0.006420,2024-01-26T09:16:00+00:00,2024-01-31T16:56:00+00:00,REV
LONG,1.088570,1.079580,-0.008990,2024-01-31T16:56:00+00:00,2024-01-31T22:32:00+00:00,REV
SHORT,1.079580,1.088770,-0.009190,2024-01-31T22:32:00+00:00,2024-02-02T10:12:00+00:00,REV
LONG,1.088770,1.077990,-0.010780,2024-02-02T10:12:00+00:00,2024-02-05T00:58:00+00:00,REV
SHORT,1.077990,1.078640,-0.000650,2024-02-05T00:58:00+00:00,2024-02-08T06:19:00+00:00,REV
LONG,1.078640,1.074160,-0.004480,2024-02-08T06:19:00+00:00,2024-02-13T15:30:00+00:00,REV
SHORT,1.074160,1.078770,-0.004610,2024-02-13T15:30:00+00:00,2024-02-19T02:14:00+00:00,REV
LONG,1.078770,1.081170,0.002400,2024-02-19T02:14:00+00:00,2024-02-28T10:46:00+00:00,REV
SHORT,1.081170,1.085610,-0.004440,2024-02-28T10:46:00+00:00,2024-03-04T10:00:00+00:00,REV
LONG,1.085610,1.091450,0.005840,2024-03-04T10:00:00+00:00,2024-03-12T14:30:00+00:00,REV
SHORT,1.091450,1.094830,-0.003380,2024-03-12T14:30:00+00:00,2024-03-13T18:55:00+00:00,REV
LONG,1.094830,1.090230,-0.004600,2024-03-13T18:55:00+00:00,2024-03-14T16:23:00+00:00,REV
SHORT,1.090230,1.090640,-0.000410,2024-03-14T16:23:00+00:00,2024-03-20T20:46:00+00:00,REV
LONG,1.090640,1.083470,-0.007170,2024-03-20T20:46:00+00:00,2024-03-22T06:05:00+00:00,REV
SHORT,1.083470,1.080540,0.002930,2024-03-22T06:05:00+00:00,2024-04-03T17:00:00+00:00,REV
LONG,1.080540,1.079130,-0.001410,2024-04-03T17:00:00+00:00,2024-04-10T15:33:00+00:00,REV
SHORT,1.079130,1.067990,0.011140,2024-04-10T15:33:00+00:00,2024-04-18T06:56:00+00:00,REV
LONG,1.067990,1.067380,-0.000610,2024-04-18T06:56:00+00:00,2024-04-30T22:25:00+00:00,REV
SHORT,1.067380,1.073560,-0.006180,2024-04-30T22:25:00+00:00,2024-05-03T04:32:00+00:00,REV
LONG,1.073560,1.073500,-0.000060,2024-05-03T04:32:00+00:00,2024-05-09T10:40:00+00:00,REV
SHORT,1.073500,1.078760,-0.005260,2024-05-09T10:40:00+00:00,2024-05-10T16:47:00+00:00,REV
LONG,1.078760,1.083560,0.004800,2024-05-10T16:47:00+00:00,2024-05-22T14:07:00+00:00,REV
SHORT,1.083560,1.086360,-0.002800,2024-05-22T14:07:00+00:00,2024-05-27T12:57:00+00:00,REV
LONG,1.086360,1.080540,-0.005820,2024-05-27T12:57:00+00:00,2024-05-29T21:52:00+00:00,REV
SHORT,1.080540,1.088250,-0.007710,2024-05-29T21:52:00+00:00,2024-06-03T17:15:00+00:00,REV
LONG,1.088250,1.085440,-0.002810,2024-06-03T17:15:00+00:00,2024-06-07T15:30:00+00:00,REV
SHORT,1.085440,1.074410,0.011030,2024-06-07T15:30:00+00:00,2024-07-01T00:00:00+00:00,REV
LONG,1.074410,1.087560,0.013150,2024-07-01T00:00:00+00:00,2024-07-22T15:45:00+00:00,REV
SHORT,1.087560,1.087020,0.000540,2024-07-22T15:45:00+00:00,2024-07-29T05:25:00+00:00,REV
LONG,1.087020,1.082560,-0.004460,2024-07-29T05:25:00+00:00,2024-07-29T14:43:00+00:00,REV
SHORT,1.082560,1.084960,-0.002400,2024-07-29T14:43:00+00:00,2024-08-02T15:30:00+00:00,REV
LONG,1.084960,1.089230,0.004270,2024-08-02T15:30:00+00:00,2024-08-08T15:54:00+00:00,REV
SHORT,1.089230,1.094540,-0.005310,2024-08-08T15:54:00+00:00,2024-08-13T15:40:00+00:00,REV
LONG,1.094540,1.110550,0.016010,2024-08-13T15:40:00+00:00,2024-08-28T15:31:00+00:00,REV
SHORT,1.110550,1.109530,0.001020,2024-08-28T15:31:00+00:00,2024-09-04T17:57:00+00:00,REV
LONG,1.109530,1.103630,-0.005900,2024-09-04T17:57:00+00:00,2024-09-09T14:31:00+00:00,REV
SHORT,1.103630,1.107530,-0.003900,2024-09-09T14:31:00+00:00,2024-09-13T02:04:00+00:00,REV
LONG,1.107530,1.107430,-0.000100,2024-09-13T02:04:00+00:00,2024-09-19T04:33:00+00:00,REV
SHORT,1.107430,1.118210,-0.010780,2024-09-19T04:33:00+00:00,2024-09-25T01:39:00+00:00,REV
LONG,1.118210,1.112150,-0.006060,2024-09-25T01:39:00+00:00,2024-09-30T21:12:00+00:00,REV
SHORT,1.112150,1.083830,0.028320,2024-09-30T21:12:00+00:00,2024-10-25T15:44:00+00:00,REV
LONG,1.083830,1.077060,-0.006770,2024-10-25T15:44:00+00:00,2024-10-29T15:05:00+00:00,REV
SHORT,1.077060,1.083950,-0.006890,2024-10-29T15:05:00+00:00,2024-10-30T10:15:00+00:00,REV
LONG,1.083950,1.083170,-0.000780,2024-10-30T10:15:00+00:00,2024-11-06T03:00:00+00:00,REV
SHORT,1.083170,1.060750,0.022420,2024-11-06T03:00:00+00:00,2024-11-20T01:45:00+00:00,REV
LONG,1.060750,1.051630,-0.009120,2024-11-20T01:45:00+00:00,2024-11-20T17:51:00+00:00,REV
SHORT,1.051630,1.054500,-0.002870,2024-11-20T17:51:00+00:00,2024-11-27T15:34:00+00:00,REV
LONG,1.054500,1.047440,-0.007060,2024-11-27T15:34:00+00:00,2024-12-02T16:58:00+00:00,REV
SHORT,1.047440,1.057360,-0.009920,2024-12-02T16:58:00+00:00,2024-12-05T16:00:00+00:00,REV
LONG,1.057360,1.050770,-0.006590,2024-12-05T16:00:00+00:00,2024-12-10T17:08:00+00:00,REV
SHORT,1.050770,1.053110,-0.002340,2024-12-10T17:08:00+00:00,2024-12-17T02:54:00+00:00,REV
LONG,1.053110,1.045310,-0.007800,2024-12-17T02:54:00+00:00,2024-12-18T21:00:00+00:00,REV
SHORT,1.045310,1.043040,0.002270,2024-12-18T21:00:00+00:00,2024-12-27T13:26:00+00:00,REV
LONG,1.043040,1.038600,-0.004440,2024-12-27T13:26:00+00:00,2024-12-30T15:59:00+00:00,REV
SHORT,1.038600,1.042460,-0.003860,2024-12-30T15:59:00+00:00,2025-01-06T13:31:00+00:00,REV
LONG,1.042460,1.027310,-0.015150,2025-01-06T13:31:00+00:00,2025-01-10T15:30:00+00:00,REV
SHORT,1.027310,1.031210,-0.003900,2025-01-10T15:30:00+00:00,2025-01-15T10:03:00+00:00,REV
LONG,1.031210,1.041150,0.009940,2025-01-15T10:03:00+00:00,2025-01-29T11:05:00+00:00,REV
SHORT,1.041150,1.043430,-0.002280,2025-01-29T11:05:00+00:00,2025-02-05T17:00:00+00:00,REV
LONG,1.043430,1.029180,-0.014250,2025-02-05T17:00:00+00:00,2025-02-10T00:00:00+00:00,REV
SHORT,1.029180,1.041270,-0.012090,2025-02-10T00:00:00+00:00,2025-02-12T19:13:00+00:00,REV
LONG,1.041270,1.043500,0.002230,2025-02-12T19:13:00+00:00,2025-02-19T11:01:00+00:00,REV
SHORT,1.043500,1.050360,-0.006860,2025-02-19T11:01:00+00:00,2025-02-21T01:10:00+00:00,REV
LONG,1.050360,1.045270,-0.005090,2025-02-21T01:10:00+00:00,2025-02-27T15:46:00+00:00,REV
SHORT,1.045270,1.050390,-0.005120,2025-02-27T15:46:00+00:00,2025-03-04T10:24:00+00:00,REV
LONG,1.050390,1.086850,0.036460,2025-03-04T10:24:00+00:00,2025-03-19T19:25:00+00:00,REV
SHORT,1.086850,1.083030,0.003820,2025-03-19T19:25:00+00:00,2025-03-28T16:21:00+00:00,REV
LONG,1.083030,1.135780,0.052750,2025-03-28T16:21:00+00:00,2025-04-23T01:00:00+00:00,REV
SHORT,1.135780,1.138110,-0.002330,2025-04-23T01:00:00+00:00,2025-05-06T22:48:00+00:00,REV
LONG,1.138110,1.127970,-0.010140,2025-05-06T22:48:00+00:00,2025-05-08T09:34:00+00:00,REV
SHORT,1.127970,1.126580,0.001390,2025-05-08T09:34:00+00:00,2025-05-19T12:06:00+00:00,REV
LONG,1.126580,1.128370,0.001790,2025-05-19T12:06:00+00:00,2025-05-29T02:06:00+00:00,REV
SHORT,1.128370,1.139000,-0.010630,2025-05-29T02:06:00+00:00,2025-06-02T09:22:00+00:00,REV
LONG,1.139000,1.148370,0.009370,2025-06-02T09:22:00+00:00,2025-06-17T20:45:00+00:00,REV
SHORT,1.148370,1.154420,-0.006050,2025-06-17T20:45:00+00:00,2025-06-23T18:19:00+00:00,REV
LONG,1.154420,1.171690,0.017270,2025-06-23T18:19:00+00:00,2025-07-07T19:23:00+00:00,REV
SHORT,1.171690,1.171410,0.000280,2025-07-07T19:23:00+00:00,2025-07-16T18:30:00+00:00,REV
LONG,1.171410,1.156230,-0.015180,2025-07-16T18:30:00+00:00,2025-07-17T15:30:00+00:00,REV
SHORT,1.156230,1.171690,-0.015460,2025-07-17T15:30:00+00:00,2025-07-22T17:50:00+00:00,REV
LONG,1.171690,1.170280,-0.001410,2025-07-22T17:50:00+00:00,2025-07-28T10:31:00+00:00,REV
SHORT,1.170280,1.159720,0.010560,2025-07-28T10:31:00+00:00,2025-08-06T13:08:00+00:00,REV
LONG,1.159720,1.163900,0.004180,2025-08-06T13:08:00+00:00,2025-08-20T03:03:00+00:00,REV
SHORT,1.163900,1.169310,-0.005410,2025-08-20T03:03:00+00:00,2025-08-22T17:16:00+00:00,REV
LONG,1.169310,1.158280,-0.011030,2025-08-22T17:16:00+00:00,2025-08-27T11:31:00+00:00,REV
SHORT,1.158280,1.169750,-0.011470,2025-08-27T11:31:00+00:00,2025-08-29T17:33:00+00:00,REV
LONG,1.169750,1.162890,-0.006860,2025-08-29T17:33:00+00:00,2025-09-02T12:21:00+00:00,REV
SHORT,1.162890,1.171830,-0.008940,2025-09-02T12:21:00+00:00,2025-09-05T15:30:00+00:00,REV
LONG,1.171830,1.168240,-0.003590,2025-09-05T15:30:00+00:00,2025-09-11T12:40:00+00:00,REV
SHORT,1.168240,1.174780,-0.006540,2025-09-11T12:40:00+00:00,2025-09-15T12:30:00+00:00,REV
LONG,1.174780,1.175000,0.000220,2025-09-15T12:30:00+00:00,2025-09-19T14:43:00+00:00,REV
SHORT,1.175000,1.175470,-0.000470,2025-09-19T14:43:00+00:00,2025-09-30T11:34:00+00:00,REV
LONG,1.175470,1.169860,-0.005610,2025-09-30T11:34:00+00:00,2025-10-02T18:15:00+00:00,REV
SHORT,1.169860,1.163080,0.006780,2025-10-02T18:15:00+00:00,2025-10-15T09:15:00+00:00,REV
LONG,1.163080,1.163820,0.000740,2025-10-15T09:15:00+00:00,2025-10-21T05:38:00+00:00,REV
SHORT,1.163820,1.164930,-0.001110,2025-10-21T05:38:00+00:00,2025-10-27T14:04:00+00:00,REV
LONG,1.164930,1.161760,-0.003170,2025-10-27T14:04:00+00:00,2025-10-29T20:35:00+00:00,REV
SHORT,1.161760,1.154160,0.007600,2025-10-29T20:35:00+00:00,2025-11-06T15:40:00+00:00,REV
LONG,1.154160,1.157890,0.003730,2025-11-06T15:40:00+00:00,2025-11-18T18:02:00+00:00,REV
SHORT,1.157890,1.155270,0.002620,2025-11-18T18:02:00+00:00,2025-11-25T14:43:00+00:00,REV
LONG,1.155270,1.162040,0.006770,2025-11-25T14:43:00+00:00,2025-12-08T17:40:00+00:00,REV
SHORT,1.162040,1.167210,-0.005170,2025-12-08T17:40:00+00:00,2025-12-10T21:00:00+00:00,REV
LONG,1.167210,1.171950,0.004740,2025-12-10T21:00:00+00:00,2025-12-17T08:54:00+00:00,REV
SHORT,1.171950,1.176300,-0.004350,2025-12-17T08:54:00+00:00,2025-12-22T16:35:00+00:00,REV
LONG,1.176300,1.176150,-0.000150,2025-12-22T16:35:00+00:00,2025-12-29T07:02:00+00:00,REV
SHORT,1.176150,1.164900,0.011250,2025-12-29T07:02:00+00:00,2026-01-20T05:19:00+00:00,REV
LONG,1.164900,1.185020,0.020120,2026-01-20T05:19:00+00:00,2026-01-30T23:06:00+00:00,REV
SHORT,1.185020,1.183820,0.001200,2026-01-30T23:06:00+00:00,2026-02-09T08:00:00+00:00,REV
LONG,1.183820,1.184620,0.000800,2026-02-09T08:00:00+00:00,2026-02-17T02:36:00+00:00,REV
SHORT,1.184620,1.163760,0.020860,2026-02-17T02:36:00+00:00,2026-03-10T00:00:00+00:00,REV
LONG,1.163760,1.150960,-0.012800,2026-03-10T00:00:00+00:00,2026-03-13T05:14:00+00:00,REV
SHORT,1.150960,1.152990,-0.002030,2026-03-13T05:14:00+00:00,2026-03-17T15:01:00+00:00,REV
LONG,1.152990,1.151960,-0.001030,2026-03-17T15:01:00+00:00,2026-03-27T09:57:00+00:00,REV
SHORT,1.151960,1.156370,-0.004410,2026-03-27T09:57:00+00:00,2026-04-01T02:18:00+00:00,REV
LONG,1.156370,1.150900,-0.005470,2026-04-01T02:18:00+00:00,2026-04-06T01:05:00+00:00,REV
SHORT,1.150900,1.160530,-0.009630,2026-04-06T01:05:00+00:00,2026-04-08T01:00:00+00:00,REV
LONG,1.160530,1.174320,0.013790,2026-04-08T01:00:00+00:00,2026-04-20T00:00:00+00:00,REV
SHORT,1.174320,1.174190,0.000130,2026-04-20T00:00:00+00:00,2026-05-01T09:51:00+00:00,REV
LONG,1.174190,1.172240,-0.001950,2026-05-01T09:51:00+00:00,2026-05-12T18:25:00+00:00,REV
SHORT,1.172240,1.164530,0.007710,2026-05-12T18:25:00+00:00,2026-05-25T02:03:00+00:00,REV
LONG,1.164530,1.161630,-0.002900,2026-05-25T02:03:00+00:00,2026-05-28T02:52:00+00:00,REV
SHORT,1.161630,1.166170,-0.004540,2026-05-28T02:52:00+00:00,2026-05-29T17:51:00+00:00,REV
LONG,1.166170,1.160670,-0.005500,2026-05-29T17:51:00+00:00,2026-06-03T11:40:00+00:00,REV
SHORT,1.160670,1.157830,0.002840,2026-06-03T11:40:00+00:00,2026-06-11T22:20:00+00:00,REV
LONG,1.157830,1.155690,-0.002140,2026-06-11T22:20:00+00:00,2026-06-17T21:00:00+00:00,REV
SHORT,1.155690,1.143410,0.012280,2026-06-17T21:00:00+00:00,2026-06-30T17:57:00+00:00,REV
LONG,1.143410,1.140800,-0.002610,2026-06-30T17:57:00+00:00,2026-07-08T00:16:00+00:00,REV
SHORT,1.140800,1.144820,-0.004020,2026-07-08T00:16:00+00:00,2026-07-09T09:33:00+00:00,REV
LONG,1.144820,1.139100,-0.005720,2026-07-09T09:33:00+00:00,2026-07-13T00:05:00+00:00,REV
SHORT,1.139100,1.146090,-0.006990,2026-07-13T00:05:00+00:00,2026-07-14T15:30:00+00:00,REV
LONG,1.146090,1.140590,-0.005500,2026-07-14T15:30:00+00:00,2026-07-20T17:45:00+00:00,REV
SHORT,1.140590,1.141840,-0.001250,2026-07-20T17:45:00+00:00,2026-07-29T21:00:00+00:00,REV
LONG,1.141840,1.151970,0.010130,2026-07-29T21:00:00+00:00,2026-08-13T05:39:00+00:00,REV
SHORT,1.151970,1.156310,-0.004340,2026-08-13T05:39:00+00:00,2026-08-14T14:21:00+00:00,REV
LONG,1.156310,1.165520,0.009210,2026-08-14T14:21:00+00:00,2026-08-25T07:50:00+00:00,REV
SHORT,1.165520,1.162470,0.003050,2026-08-25T07:50:00+00:00,2026-09-03T15:30:00+00:00,REV
LONG,1.162470,1.160500,-0.001970,2026-09-03T15:30:00+00:00,2026-09-10T15:33:00+00:00,REV
SHORT,1.160500,1.138170,0.022330,2026-09-10T15:33:00+00:00,2026-09-24T02:59:00+00:00,END
