direction,entry,exit,pnl,open_time,close_time,reason
LONG,2.301580,2.298300,-0.003280,2002-08-22T12:46:00+00:00,2002-08-27T13:10:00+00:00,REV
SHORT,2.298300,2.306480,-0.008180,2002-08-27T13:10:00+00:00,2002-08-29T17:11:00+00:00,REV
LONG,2.306480,2.310600,0.004120,2002-08-29T17:11:00+00:00,2002-09-03T12:18:00+00:00,REV
SHORT,2.310600,2.313280,-0.002680,2002-09-03T12:18:00+00:00,2002-09-06T16:16:00+00:00,REV
LONG,2.313280,2.329300,0.016020,2002-09-06T16:16:00+00:00,2002-09-17T21:58:00+00:00,REV
SHORT,2.329300,2.329780,-0.000480,2002-09-17T21:58:00+00:00,2002-09-24T12:10:00+00:00,REV
LONG,2.329780,2.330400,0.000620,2002-09-24T12:10:00+00:00,2002-09-30T02:01:00+00:00,REV
SHORT,2.330400,2.332980,-0.002580,2002-09-30T02:01:00+00:00,2002-10-04T15:55:00+00:00,REV
LONG,2.332980,2.327200,-0.005780,2002-10-04T15:55:00+00:00,2002-10-09T00:18:00+00:00,REV
SHORT,2.327200,2.324280,0.002920,2002-10-09T00:18:00+00:00,2002-10-15T14:57:00+00:00,REV
LONG,2.324280,2.328800,0.004520,2002-10-15T14:57:00+00:00,2002-10-22T14:23:00+00:00,REV
SHORT,2.328800,2.334680,-0.005880,2002-10-22T14:23:00+00:00,2002-10-25T02:09:00+00:00,REV
LONG,2.334680,2.327200,-0.007480,2002-10-25T02:09:00+00:00,2002-10-28T04:28:00+00:00,REV
SHORT,2.327200,2.293580,0.033620,2002-10-28T04:28:00+00:00,2002-11-07T14:45:00+00:00,REV
LONG,2.293580,2.294900,0.001320,2002-11-07T14:45:00+00:00,2002-11-15T18:54:00+00:00,REV
SHORT,2.294900,2.310180,-0.015280,2002-11-15T18:54:00+00:00,2002-11-19T19:06:00+00:00,REV
LONG,2.310180,2.317700,0.007520,2002-11-19T19:06:00+00:00,2002-11-26T17:10:00+00:00,REV
SHORT,2.317700,2.310380,0.007320,2002-11-26T17:10:00+00:00,2002-11-29T18:18:00+00:00,REV
LONG,2.310380,2.307400,-0.002980,2002-11-29T18:18:00+00:00,2002-12-06T05:08:00+00:00,REV
SHORT,2.307400,2.237280,0.070120,2002-12-06T05:08:00+00:00,2003-01-03T00:24:00+00:00,REV
LONG,2.237280,2.236800,-0.000480,2003-01-03T00:24:00+00:00,2003-01-08T19:08:00+00:00,REV
SHORT,2.236800,2.226980,0.009820,2003-01-08T19:08:00+00:00,2003-01-15T04:04:00+00:00,REV
LONG,2.226980,2.213900,-0.013080,2003-01-15T04:04:00+00:00,2003-01-17T00:38:00+00:00,REV
SHORT,2.213900,2.210680,0.003220,2003-01-17T00:38:00+00:00,2003-01-23T00:24:00+00:00,REV
LONG,2.210680,2.232600,0.021920,2003-01-23T00:24:00+00:00,2003-02-03T20:08:00+00:00,REV
SHORT,2.232600,2.225180,0.007420,2003-02-03T20:08:00+00:00,2003-02-11T00:16:00+00:00,REV
LONG,2.225180,2.209400,-0.015780,2003-02-11T00:16:00+00:00,2003-02-12T09:58:00+00:00,REV
SHORT,2.209400,2.133380,0.076020,2003-02-12T09:58:00+00:00,2003-03-06T08:40:00+00:00,REV
LONG,2.133380,2.128600,-0.004780,2003-03-06T08:40:00+00:00,2003-03-10T09:14:00+00:00,REV
SHORT,2.128600,2.140780,-0.012180,2003-03-10T09:14:00+00:00,2003-03-12T10:16:00+00:00,REV
LONG,2.140780,2.152300,0.011520,2003-03-12T10:16:00+00:00,2003-03-17T07:54:00+00:00,REV
SHORT,2.152300,2.180680,-0.028380,2003-03-17T07:54:00+00:00,2003-03-18T12:27:00+00:00,REV
LONG,2.180680,2.166800,-0.013880,2003-03-18T12:27:00+00:00,2003-03-25T12:56:00+00:00,REV
SHORT,2.166800,2.154680,0.012120,2003-03-25T12:56:00+00:00,2003-04-02T13:01:00+00:00,REV
LONG,2.154680,2.156600,0.001920,2003-04-02T13:01:00+00:00,2003-04-08T11:52:00+00:00,REV
SHORT,2.156600,2.169480,-0.012880,2003-04-08T11:52:00+00:00,2003-04-10T15:52:00+00:00,REV
LONG,2.169480,2.178600,0.009120,2003-04-10T15:52:00+00:00,2003-04-16T10:38:00+00:00,REV
SHORT,2.178600,2.176380,0.002220,2003-04-16T10:38:00+00:00,2003-04-21T15:52:00+00:00,REV
LONG,2.176380,2.166300,-0.010080,2003-04-21T15:52:00+00:00,2003-04-22T10:00:00+00:00,REV
SHORT,2.166300,2.182680,-0.016380,2003-04-22T10:00:00+00:00,2003-04-24T05:10:00+00:00,REV
LONG,2.182680,2.163900,-0.018780,2003-04-24T05:10:00+00:00,2003-04-30T11:07:00+00:00,REV
SHORT,2.163900,2.114880,0.049020,2003-04-30T11:07:00+00:00,2003-05-13T03:24:00+00:00,REV
LONG,2.114880,2.118800,0.003920,2003-05-13T03:24:00+00:00,2003-05-19T14:25:00+00:00,REV
SHORT,2.118800,2.120780,-0.001980,2003-05-19T14:25:00+00:00,2003-05-28T13:22:00+00:00,REV
LONG,2.120780,2.121900,0.001120,2003-05-28T13:22:00+00:00,2003-06-02T00:44:00+00:00,REV
SHORT,2.121900,2.136880,-0.014980,2003-06-02T00:44:00+00:00,2003-06-03T10:29:00+00:00,REV
LONG,2.136880,2.165800,0.028920,2003-06-03T10:29:00+00:00,2003-06-13T20:17:00+00:00,REV
SHORT,2.165800,2.201580,-0.035780,2003-06-13T20:17:00+00:00,2003-06-17T16:32:00+00:00,REV
LONG,2.201580,2.199100,-0.002480,2003-06-17T16:32:00+00:00,2003-06-23T13:03:00+00:00,REV
SHORT,2.199100,2.219680,-0.020580,2003-06-23T13:03:00+00:00,2003-06-25T13:58:00+00:00,REV
LONG,2.219680,2.247200,0.027520,2003-06-25T13:58:00+00:00,2003-07-08T14:28:00+00:00,REV
SHORT,2.247200,2.242080,0.005120,2003-07-08T14:28:00+00:00,2003-07-11T04:55:00+00:00,REV
LONG,2.242080,2.153200,-0.088880,2003-07-11T04:55:00+00:00,2003-07-21T01:08:00+00:00,REV
SHORT,2.153200,2.180080,-0.026880,2003-07-21T01:08:00+00:00,2003-07-25T08:23:00+00:00,REV
LONG,2.180080,2.194600,0.014520,2003-07-25T08:23:00+00:00,2003-08-01T15:30:00+00:00,REV
SHORT,2.194600,2.182080,0.012520,2003-08-01T15:30:00+00:00,2003-08-07T17:35:00+00:00,REV
LONG,2.182080,2.191900,0.009820,2003-08-07T17:35:00+00:00,2003-08-15T12:22:00+00:00,REV
SHORT,2.191900,2.209180,-0.017280,2003-08-15T12:22:00+00:00,2003-08-18T17:35:00+00:00,REV
LONG,2.209180,2.221800,0.012620,2003-08-18T17:35:00+00:00,2003-08-26T15:11:00+00:00,REV
SHORT,2.221800,2.234080,-0.012280,2003-08-26T15:11:00+00:00,2003-08-28T15:18:00+00:00,REV
LONG,2.234080,2.211200,-0.022880,2003-08-28T15:18:00+00:00,2003-08-29T18:20:00+00:00,REV
SHORT,2.211200,2.227980,-0.016780,2003-08-29T18:20:00+00:00,2003-09-03T03:21:00+00:00,REV
LONG,2.227980,2.217300,-0.010680,2003-09-03T03:21:00+00:00,2003-09-05T16:22:00+00:00,REV
SHORT,2.217300,2.208880,0.008420,2003-09-05T16:22:00+00:00,2003-09-11T15:16:00+00:00,REV
LONG,2.208880,2.204600,-0.004280,2003-09-11T15:16:00+00:00,2003-09-16T16:22:00+00:00,REV
SHORT,2.204600,2.221480,-0.016880,2003-09-16T16:22:00+00:00,2003-09-18T00:20:00+00:00,REV
LONG,2.221480,2.229900,0.008420,2003-09-18T00:20:00+00:00,2003-09-26T00:12:00+00:00,REV
SHORT,2.229900,2.206280,0.023620,2003-09-26T00:12:00+00:00,2003-10-03T15:30:00+00:00,REV
LONG,2.206280,2.199700,-0.006580,2003-10-03T15:30:00+00:00,2003-10-07T11:33:00+00:00,REV
SHORT,2.199700,2.203780,-0.004080,2003-10-07T11:33:00+00:00,2003-10-13T15:48:00+00:00,REV
LONG,2.203780,2.225400,0.021620,2003-10-13T15:48:00+00:00,2003-10-21T16:51:00+00:00,REV
SHORT,2.225400,2.239680,-0.014280,2003-10-21T16:51:00+00:00,2003-10-22T14:23:00+00:00,REV
LONG,2.239680,2.222500,-0.017180,2003-10-22T14:23:00+00:00,2003-10-22T18:28:00+00:00,REV
SHORT,2.222500,2.230780,-0.008280,2003-10-22T18:28:00+00:00,2003-10-27T05:19:00+00:00,REV
LONG,2.230780,2.284800,0.054020,2003-10-27T05:19:00+00:00,2003-11-07T11:32:00+00:00,REV
SHORT,2.284800,2.222580,0.062220,2003-11-07T11:32:00+00:00,2003-11-24T10:34:00+00:00,REV
LONG,2.222580,2.213600,-0.008980,2003-11-24T10:34:00+00:00,2003-11-26T19:32:00+00:00,REV
SHORT,2.213600,2.232380,-0.018780,2003-11-26T19:32:00+00:00,2003-12-01T17:48:00+00:00,REV
LONG,2.232380,2.219300,-0.013080,2003-12-01T17:48:00+00:00,2003-12-03T13:42:00+00:00,REV
SHORT,2.219300,2.212680,0.006620,2003-12-03T13:42:00+00:00,2003-12-10T06:40:00+00:00,REV
LONG,2.212680,2.201800,-0.010880,2003-12-10T06:40:00+00:00,2003-12-15T19:36:00+00:00,REV
SHORT,2.201800,2.219480,-0.017680,2003-12-15T19:36:00+00:00,2003-12-18T14:04:00+00:00,REV
LONG,2.219480,2.209500,-0.009980,2003-12-18T14:04:00+00:00,2003-12-22T10:54:00+00:00,REV
SHORT,2.209500,2.223480,-0.013980,2003-12-22T10:54:00+00:00,2003-12-23T13:18:00+00:00,REV
LONG,2.223480,2.211600,-0.011880,2003-12-23T13:18:00+00:00,2003-12-30T20:21:00+00:00,REV
SHORT,2.211600,2.219480,-0.007880,2003-12-30T20:21:00+00:00,2004-01-02T03:12:00+00:00,REV
LONG,2.219480,2.252800,0.033320,2004-01-02T03:12:00+00:00,2004-01-15T09:42:00+00:00,REV
SHORT,2.252800,2.270580,-0.017780,2004-01-15T09:42:00+00:00,2004-01-15T21:38:00+00:00,REV
LONG,2.270580,2.265400,-0.005180,2004-01-15T21:38:00+00:00,2004-01-23T17:10:00+00:00,REV
SHORT,2.265400,2.284480,-0.019080,2004-01-23T17:10:00+00:00,2004-01-26T20:54:00+00:00,REV
LONG,2.284480,2.285400,0.000920,2004-01-26T20:54:00+00:00,2004-02-05T12:14:00+00:00,REV
SHORT,2.285400,2.301680,-0.016280,2004-02-05T12:14:00+00:00,2004-02-10T13:50:00+00:00,REV
LONG,2.301680,2.336300,0.034620,2004-02-10T13:50:00+00:00,2004-02-23T10:06:00+00:00,REV
SHORT,2.336300,2.349980,-0.013680,2004-02-23T10:06:00+00:00,2004-02-25T12:41:00+00:00,REV
LONG,2.349980,2.365100,0.015120,2004-02-25T12:41:00+00:00,2004-03-04T01:53:00+00:00,REV
SHORT,2.365100,2.316180,0.048920,2004-03-04T01:53:00+00:00,2004-03-16T18:28:00+00:00,REV
LONG,2.316180,2.313700,-0.002480,2004-03-16T18:28:00+00:00,2004-03-25T11:09:00+00:00,REV
SHORT,2.313700,2.334880,-0.021180,2004-03-25T11:09:00+00:00,2004-03-29T08:30:00+00:00,REV
LONG,2.334880,2.328600,-0.006280,2004-03-29T08:30:00+00:00,2004-03-31T16:42:00+00:00,REV
SHORT,2.328600,2.344480,-0.015880,2004-03-31T16:42:00+00:00,2004-04-01T15:18:00+00:00,REV
LONG,2.344480,2.351600,0.007120,2004-04-01T15:18:00+00:00,2004-04-07T18:08:00+00:00,REV
SHORT,2.351600,2.360580,-0.008980,2004-04-07T18:08:00+00:00,2004-04-12T21:06:00+00:00,REV
LONG,2.360580,2.348800,-0.011780,2004-04-12T21:06:00+00:00,2004-04-14T12:35:00+00:00,REV
SHORT,2.348800,2.330480,0.018320,2004-04-14T12:35:00+00:00,2004-04-19T11:58:00+00:00,REV
LONG,2.330480,2.321800,-0.008680,2004-04-19T11:58:00+00:00,2004-04-22T10:21:00+00:00,REV
SHORT,2.321800,2.336580,-0.014780,2004-04-22T10:21:00+00:00,2004-04-26T00:41:00+00:00,REV
LONG,2.336580,2.321200,-0.015380,2004-04-26T00:41:00+00:00,2004-04-28T12:00:00+00:00,REV
SHORT,2.321200,2.308580,0.012620,2004-04-28T12:00:00+00:00,2004-05-04T09:52:00+00:00,REV
LONG,2.308580,2.295200,-0.013380,2004-05-04T09:52:00+00:00,2004-05-05T09:07:00+00:00,REV
SHORT,2.295200,2.307980,-0.012780,2004-05-05T09:07:00+00:00,2004-05-07T02:35:00+00:00,REV
LONG,2.307980,2.299400,-0.008580,2004-05-07T02:35:00+00:00,2004-05-11T12:33:00+00:00,REV
SHORT,2.299400,2.282980,0.016420,2004-05-11T12:33:00+00:00,2004-05-19T11:32:00+00:00,REV
LONG,2.282980,2.288400,0.005420,2004-05-19T11:32:00+00:00,2004-05-27T18:44:00+00:00,REV
SHORT,2.288400,2.303280,-0.014880,2004-05-27T18:44:00+00:00,2004-06-01T16:30:00+00:00,REV
LONG,2.303280,2.288600,-0.014680,2004-06-01T16:30:00+00:00,2004-06-02T18:51:00+00:00,REV
SHORT,2.288600,2.305080,-0.016480,2004-06-02T18:51:00+00:00,2004-06-04T10:39:00+00:00,REV
LONG,2.305080,2.288000,-0.017080,2004-06-04T10:39:00+00:00,2004-06-04T17:29:00+00:00,REV
SHORT,2.288000,2.285780,0.002220,2004-06-04T17:29:00+00:00,2004-06-09T12:16:00+00:00,REV
LONG,2.285780,2.282800,-0.002980,2004-06-09T12:16:00+00:00,2004-06-14T10:48:00+00:00,REV
SHORT,2.282800,2.298180,-0.015380,2004-06-14T10:48:00+00:00,2004-06-16T10:44:00+00:00,REV
LONG,2.298180,2.287100,-0.011080,2004-06-16T10:44:00+00:00,2004-06-18T17:03:00+00:00,REV
SHORT,2.287100,2.283380,0.003720,2004-06-18T17:03:00+00:00,2004-06-28T08:53:00+00:00,REV
LONG,2.283380,2.276700,-0.006680,2004-06-28T08:53:00+00:00,2004-06-30T12:50:00+00:00,REV
SHORT,2.276700,2.278580,-0.001880,2004-06-30T12:50:00+00:00,2004-07-06T22:48:00+00:00,REV
LONG,2.278580,2.278600,0.000020,2004-07-06T22:48:00+00:00,2004-07-15T07:15:00+00:00,REV
SHORT,2.278600,2.298680,-0.020080,2004-07-15T07:15:00+00:00,2004-07-16T15:10:00+00:00,REV
LONG,2.298680,2.285800,-0.012880,2004-07-16T15:10:00+00:00,2004-07-20T11:35:00+00:00,REV
SHORT,2.285800,2.303180,-0.017380,2004-07-20T11:35:00+00:00,2004-07-20T21:40:00+00:00,REV
LONG,2.303180,2.317500,0.014320,2004-07-20T21:40:00+00:00,2004-07-29T17:16:00+00:00,REV
SHORT,2.317500,2.330880,-0.013380,2004-07-29T17:16:00+00:00,2004-07-30T19:38:00+00:00,REV
LONG,2.330880,2.324400,-0.006480,2004-07-30T19:38:00+00:00,2004-08-05T14:01:00+00:00,REV
SHORT,2.324400,2.280380,0.044020,2004-08-05T14:01:00+00:00,2004-08-20T14:40:00+00:00,REV
LONG,2.280380,2.284000,0.003620,2004-08-20T14:40:00+00:00,2004-08-31T13:27:00+00:00,REV
SHORT,2.284000,2.263180,0.020820,2004-08-31T13:27:00+00:00,2004-09-07T02:00:00+00:00,REV
LONG,2.263180,2.251600,-0.011580,2004-09-07T02:00:00+00:00,2004-09-07T13:34:00+00:00,REV
SHORT,2.251600,2.266980,-0.015380,2004-09-07T13:34:00+00:00,2004-09-08T14:30:00+00:00,REV
LONG,2.266980,2.247500,-0.019480,2004-09-08T14:30:00+00:00,2004-09-10T02:51:00+00:00,REV
SHORT,2.247500,2.261380,-0.013880,2004-09-10T02:51:00+00:00,2004-09-13T01:15:00+00:00,REV
LONG,2.261380,2.256400,-0.004980,2004-09-13T01:15:00+00:00,2004-09-15T11:11:00+00:00,REV
SHORT,2.256400,2.269680,-0.013280,2004-09-15T11:11:00+00:00,2004-09-16T13:29:00+00:00,REV
LONG,2.269680,2.271000,0.001320,2004-09-16T13:29:00+00:00,2004-09-21T02:30:00+00:00,REV
SHORT,2.271000,2.270480,0.000520,2004-09-21T02:30:00+00:00,2004-09-24T16:32:00+00:00,REV
LONG,2.270480,2.274500,0.004020,2004-09-24T16:32:00+00:00,2004-09-29T15:22:00+00:00,REV
SHORT,2.274500,2.261880,0.012620,2004-09-29T15:22:00+00:00,2004-10-05T11:07:00+00:00,REV
LONG,2.261880,2.247200,-0.014680,2004-10-05T11:07:00+00:00,2004-10-07T15:20:00+00:00,REV
SHORT,2.247200,2.253480,-0.006280,2004-10-07T15:20:00+00:00,2004-10-13T14:31:00+00:00,REV
LONG,2.253480,2.243100,-0.010380,2004-10-13T14:31:00+00:00,2004-10-14T15:35:00+00:00,REV
SHORT,2.243100,2.223280,0.019820,2004-10-14T15:35:00+00:00,2004-10-21T10:17:00+00:00,REV
LONG,2.223280,2.209400,-0.013880,2004-10-21T10:17:00+00:00,2004-10-25T00:01:00+00:00,REV
SHORT,2.209400,2.211580,-0.002180,2004-10-25T00:01:00+00:00,2004-10-27T20:07:00+00:00,REV
LONG,2.211580,2.199700,-0.011880,2004-10-27T20:07:00+00:00,2004-10-28T15:25:00+00:00,REV
SHORT,2.199700,2.206280,-0.006580,2004-10-28T15:25:00+00:00,2004-11-02T09:33:00+00:00,REV
LONG,2.206280,2.202700,-0.003580,2004-11-02T09:33:00+00:00,2004-11-04T12:06:00+00:00,REV
SHORT,2.202700,2.164480,0.038220,2004-11-04T12:06:00+00:00,2004-11-23T00:43:00+00:00,REV
LONG,2.164480,2.155000,-0.009480,2004-11-23T00:43:00+00:00,2004-11-24T19:35:00+00:00,REV
SHORT,2.155000,2.167580,-0.012580,2004-11-24T19:35:00+00:00,2004-11-26T11:59:00+00:00,REV
LONG,2.167580,2.209400,0.041820,2004-11-26T11:59:00+00:00,2004-12-09T11:52:00+00:00,REV
SHORT,2.209400,2.223080,-0.013680,2004-12-09T11:52:00+00:00,2004-12-14T11:30:00+00:00,REV
LONG,2.223080,2.214400,-0.008680,2004-12-14T11:30:00+00:00,2004-12-15T12:30:00+00:00,REV
SHORT,2.214400,2.228680,-0.014280,2004-12-15T12:30:00+00:00,2004-12-16T12:21:00+00:00,REV
LONG,2.228680,2.246400,0.017720,2004-12-16T12:21:00+00:00,2004-12-20T00:01:00+00:00,REV
SHORT,2.246400,2.246880,-0.000480,2004-12-20T00:01:00+00:00,2004-12-20T00:05:00+00:00,REV
LONG,2.246880,2.232600,-0.014280,2004-12-20T00:05:00+00:00,2004-12-21T10:57:00+00:00,REV
SHORT,2.232600,2.200080,0.032520,2004-12-21T10:57:00+00:00,2004-12-27T00:14:00+00:00,REV
LONG,2.200080,2.193400,-0.006680,2004-12-27T00:14:00+00:00,2004-12-28T15:57:00+00:00,REV
SHORT,2.193400,2.191080,0.002320,2004-12-28T15:57:00+00:00,2004-12-31T18:52:00+00:00,REV
LONG,2.191080,2.216100,0.025020,2004-12-31T18:52:00+00:00,2005-01-10T00:00:00+00:00,REV
SHORT,2.216100,2.216980,-0.000880,2005-01-10T00:00:00+00:00,2005-01-10T00:21:00+00:00,REV
LONG,2.216980,2.209900,-0.007080,2005-01-10T00:21:00+00:00,2005-01-11T11:32:00+00:00,REV
SHORT,2.209900,2.221680,-0.011780,2005-01-11T11:32:00+00:00,2005-01-11T22:03:00+00:00,REV
LONG,2.221680,2.204900,-0.016780,2005-01-11T22:03:00+00:00,2005-01-12T16:57:00+00:00,REV
SHORT,2.204900,2.208480,-0.003580,2005-01-12T16:57:00+00:00,2005-01-17T01:06:00+00:00,REV
LONG,2.208480,2.262400,0.053920,2005-01-17T01:06:00+00:00,2005-02-09T09:46:00+00:00,REV
SHORT,2.262400,2.261680,0.000720,2005-02-09T09:46:00+00:00,2005-02-14T00:10:00+00:00,REV
LONG,2.261680,2.260700,-0.000980,2005-02-14T00:10:00+00:00,2005-02-14T00:23:00+00:00,REV
SHORT,2.260700,2.244980,0.015720,2005-02-14T00:23:00+00:00,2005-02-21T10:54:00+00:00,REV
LONG,2.244980,2.241700,-0.003280,2005-02-21T10:54:00+00:00,2005-02-21T13:05:00+00:00,REV
SHORT,2.241700,2.236680,0.005020,2005-02-21T13:05:00+00:00,2005-02-25T13:11:00+00:00,REV
LONG,2.236680,2.229100,-0.007580,2005-02-25T13:11:00+00:00,2005-02-28T00:01:00+00:00,REV
SHORT,2.229100,2.231480,-0.002380,2005-02-28T00:01:00+00:00,2005-02-28T01:57:00+00:00,REV
LONG,2.231480,2.245700,0.014220,2005-02-28T01:57:00+00:00,2005-03-07T11:03:00+00:00,REV
SHORT,2.245700,2.226480,0.019220,2005-03-07T11:03:00+00:00,2005-03-15T13:36:00+00:00,REV
LONG,2.226480,2.218200,-0.008280,2005-03-15T13:36:00+00:00,2005-03-17T11:30:00+00:00,REV
SHORT,2.218200,2.232580,-0.014380,2005-03-17T11:30:00+00:00,2005-03-18T13:17:00+00:00,REV
LONG,2.232580,2.232800,0.000220,2005-03-18T13:17:00+00:00,2005-03-24T10:55:00+00:00,REV
SHORT,2.232800,2.246480,-0.013680,2005-03-24T10:55:00+00:00,2005-03-24T21:21:00+00:00,REV
LONG,2.246480,2.240500,-0.005980,2005-03-24T21:21:00+00:00,2005-03-29T05:10:00+00:00,REV
SHORT,2.240500,2.253480,-0.012980,2005-03-29T05:10:00+00:00,2005-03-29T15:37:00+00:00,REV
LONG,2.253480,2.262000,0.008520,2005-03-29T15:37:00+00:00,2005-04-07T08:50:00+00:00,REV
SHORT,2.262000,2.265580,-0.003580,2005-04-07T08:50:00+00:00,2005-04-12T15:49:00+00:00,REV
LONG,2.265580,2.270700,0.005120,2005-04-12T15:49:00+00:00,2005-04-18T09:23:00+00:00,REV
SHORT,2.270700,2.266680,0.004020,2005-04-18T09:23:00+00:00,2005-04-25T01:47:00+00:00,REV
LONG,2.266680,2.266600,-0.000080,2005-04-25T01:47:00+00:00,2005-05-03T16:44:00+00:00,REV
SHORT,2.266600,2.275380,-0.008780,2005-05-03T16:44:00+00:00,2005-05-05T16:26:00+00:00,REV
LONG,2.275380,2.265900,-0.009480,2005-05-05T16:26:00+00:00,2005-05-10T09:48:00+00:00,REV
SHORT,2.265900,2.270280,-0.004380,2005-05-10T09:48:00+00:00,2005-05-13T01:07:00+00:00,REV
LONG,2.270280,2.256100,-0.014180,2005-05-13T01:07:00+00:00,2005-05-16T11:54:00+00:00,REV
SHORT,2.256100,2.250280,0.005820,2005-05-16T11:54:00+00:00,2005-05-19T19:05:00+00:00,REV
LONG,2.250280,2.245200,-0.005080,2005-05-19T19:05:00+00:00,2005-05-25T10:59:00+00:00,REV
SHORT,2.245200,2.254380,-0.009180,2005-05-25T10:59:00+00:00,2005-05-26T12:59:00+00:00,REV
LONG,2.254380,2.243700,-0.010680,2005-05-26T12:59:00+00:00,2005-05-27T19:36:00+00:00,REV
SHORT,2.243700,2.256180,-0.012480,2005-05-27T19:36:00+00:00,2005-05-30T13:43:00+00:00,REV
LONG,2.256180,2.270200,0.014020,2005-05-30T13:43:00+00:00,2005-06-06T04:00:00+00:00,REV
SHORT,2.270200,2.280280,-0.010080,2005-06-06T04:00:00+00:00,2005-06-07T00:15:00+00:00,REV
LONG,2.280280,2.305400,0.025120,2005-06-07T00:15:00+00:00,2005-06-17T17:41:00+00:00,REV
SHORT,2.305400,2.322780,-0.017380,2005-06-17T17:41:00+00:00,2005-06-21T13:35:00+00:00,REV
LONG,2.322780,2.304000,-0.018780,2005-06-21T13:35:00+00:00,2005-06-22T11:57:00+00:00,REV
SHORT,2.304000,2.324080,-0.020080,2005-06-22T11:57:00+00:00,2005-06-23T14:36:00+00:00,REV
LONG,2.324080,2.314700,-0.009380,2005-06-23T14:36:00+00:00,2005-06-29T17:06:00+00:00,REV
SHORT,2.314700,2.266480,0.048220,2005-06-29T17:06:00+00:00,2005-07-13T20:46:00+00:00,REV
LONG,2.266480,2.262500,-0.003980,2005-07-13T20:46:00+00:00,2005-07-18T10:39:00+00:00,REV
SHORT,2.262500,2.258180,0.004320,2005-07-18T10:39:00+00:00,2005-07-25T00:01:00+00:00,REV
LONG,2.258180,2.256000,-0.002180,2005-07-25T00:01:00+00:00,2005-07-29T02:38:00+00:00,REV
SHORT,2.256000,2.266680,-0.010680,2005-07-29T02:38:00+00:00,2005-07-29T11:34:00+00:00,REV
LONG,2.266680,2.254100,-0.012580,2005-07-29T11:34:00+00:00,2005-08-01T15:20:00+00:00,REV
SHORT,2.254100,2.250080,0.004020,2005-08-01T15:20:00+00:00,2005-08-08T11:36:00+00:00,REV
LONG,2.250080,2.282100,0.032020,2005-08-08T11:36:00+00:00,2005-08-24T15:35:00+00:00,REV
SHORT,2.282100,2.269180,0.012920,2005-08-24T15:35:00+00:00,2005-09-05T09:40:00+00:00,REV
LONG,2.269180,2.286100,0.016920,2005-09-05T09:40:00+00:00,2005-09-15T12:33:00+00:00,REV
SHORT,2.286100,2.302280,-0.016180,2005-09-15T12:33:00+00:00,2005-09-19T07:38:00+00:00,REV
LONG,2.302280,2.296800,-0.005480,2005-09-19T07:38:00+00:00,2005-09-21T10:46:00+00:00,REV
SHORT,2.296800,2.288080,0.008720,2005-09-21T10:46:00+00:00,2005-10-03T04:04:00+00:00,REV
LONG,2.288080,2.278700,-0.009380,2005-10-03T04:04:00+00:00,2005-10-06T00:16:00+00:00,REV
SHORT,2.278700,2.258080,0.020620,2005-10-06T00:16:00+00:00,2005-10-13T11:02:00+00:00,REV
LONG,2.258080,2.279000,0.020920,2005-10-13T11:02:00+00:00,2005-10-24T17:10:00+00:00,REV
SHORT,2.279000,2.283280,-0.004280,2005-10-24T17:10:00+00:00,2005-10-31T13:42:00+00:00,REV
LONG,2.283280,2.271800,-0.011480,2005-10-31T13:42:00+00:00,2005-11-02T01:49:00+00:00,REV
SHORT,2.271800,2.286080,-0.014280,2005-11-02T01:49:00+00:00,2005-11-03T19:02:00+00:00,REV
LONG,2.286080,2.281400,-0.004680,2005-11-03T19:02:00+00:00,2005-11-14T06:06:00+00:00,REV
SHORT,2.281400,2.292280,-0.010880,2005-11-14T06:06:00+00:00,2005-11-14T18:44:00+00:00,REV
LONG,2.292280,2.279900,-0.012380,2005-11-14T18:44:00+00:00,2005-11-16T16:31:00+00:00,REV
SHORT,2.279900,2.267380,0.012520,2005-11-16T16:31:00+00:00,2005-11-24T11:10:00+00:00,REV
LONG,2.267380,2.259400,-0.007980,2005-11-24T11:10:00+00:00,2005-11-28T09:27:00+00:00,REV
SHORT,2.259400,2.265880,-0.006480,2005-11-28T09:27:00+00:00,2005-11-30T11:56:00+00:00,REV
LONG,2.265880,2.273900,0.008020,2005-11-30T11:56:00+00:00,2005-12-06T11:38:00+00:00,REV
SHORT,2.273900,2.282480,-0.008580,2005-12-06T11:38:00+00:00,2005-12-08T03:50:00+00:00,REV
LONG,2.282480,2.282800,0.000320,2005-12-08T03:50:00+00:00,2005-12-14T03:41:00+00:00,REV
SHORT,2.282800,2.289580,-0.006780,2005-12-14T03:41:00+00:00,2005-12-20T12:27:00+00:00,REV
LONG,2.289580,2.277300,-0.012280,2005-12-20T12:27:00+00:00,2005-12-23T12:05:00+00:00,REV
SHORT,2.277300,2.250380,0.026920,2005-12-23T12:05:00+00:00,2006-01-09T02:21:00+00:00,REV
LONG,2.250380,2.246600,-0.003780,2006-01-09T02:21:00+00:00,2006-01-11T18:48:00+00:00,REV
SHORT,2.246600,2.264280,-0.017680,2006-01-11T18:48:00+00:00,2006-01-12T16:01:00+00:00,REV
LONG,2.264280,2.257900,-0.006380,2006-01-12T16:01:00+00:00,2006-01-17T11:30:00+00:00,REV
SHORT,2.257900,2.265080,-0.007180,2006-01-17T11:30:00+00:00,2006-01-20T15:23:00+00:00,REV
LONG,2.265080,2.249600,-0.015480,2006-01-20T15:23:00+00:00,2006-01-23T02:43:00+00:00,REV
SHORT,2.249600,2.260280,-0.010680,2006-01-23T02:43:00+00:00,2006-01-26T10:09:00+00:00,REV
LONG,2.260280,2.279700,0.019420,2006-01-26T10:09:00+00:00,2006-02-06T00:00:00+00:00,REV
SHORT,2.279700,2.269380,0.010320,2006-02-06T00:00:00+00:00,2006-02-10T07:31:00+00:00,REV
LONG,2.269380,2.268000,-0.001380,2006-02-10T07:31:00+00:00,2006-02-15T12:23:00+00:00,REV
SHORT,2.268000,2.282080,-0.014080,2006-02-15T12:23:00+00:00,2006-02-15T17:31:00+00:00,REV
LONG,2.282080,2.293000,0.010920,2006-02-15T17:31:00+00:00,2006-03-01T10:19:00+00:00,REV
SHORT,2.293000,2.282180,0.010820,2006-03-01T10:19:00+00:00,2006-03-08T04:46:00+00:00,REV
LONG,2.282180,2.270400,-0.011780,2006-03-08T04:46:00+00:00,2006-03-09T09:42:00+00:00,REV
SHORT,2.270400,2.283280,-0.012880,2006-03-09T09:42:00+00:00,2006-03-09T17:48:00+00:00,REV
LONG,2.283280,2.270200,-0.013080,2006-03-09T17:48:00+00:00,2006-03-13T10:06:00+00:00,REV
SHORT,2.270200,2.270980,-0.000780,2006-03-13T10:06:00+00:00,2006-03-21T06:28:00+00:00,REV
LONG,2.270980,2.281000,0.010020,2006-03-21T06:28:00+00:00,2006-03-28T10:09:00+00:00,REV
SHORT,2.281000,2.267380,0.013620,2006-03-28T10:09:00+00:00,2006-04-07T10:50:00+00:00,REV
LONG,2.267380,2.272400,0.005020,2006-04-07T10:50:00+00:00,2006-04-17T03:14:00+00:00,REV
SHORT,2.272400,2.276080,-0.003680,2006-04-17T03:14:00+00:00,2006-04-20T09:57:00+00:00,REV
LONG,2.276080,2.267000,-0.009080,2006-04-20T09:57:00+00:00,2006-04-24T17:45:00+00:00,REV
SHORT,2.267000,2.271580,-0.004580,2006-04-24T17:45:00+00:00,2006-04-27T13:49:00+00:00,REV
LONG,2.271580,2.265000,-0.006580,2006-04-27T13:49:00+00:00,2006-04-28T11:01:00+00:00,REV
SHORT,2.265000,2.272780,-0.007780,2006-04-28T11:01:00+00:00,2006-05-02T11:31:00+00:00,REV
LONG,2.272780,2.274900,0.002120,2006-05-02T11:31:00+00:00,2006-05-10T11:10:00+00:00,REV
SHORT,2.274900,2.286580,-0.011680,2006-05-10T11:10:00+00:00,2006-05-11T11:56:00+00:00,REV
LONG,2.286580,2.267500,-0.019080,2006-05-11T11:56:00+00:00,2006-05-15T00:00:00+00:00,REV
SHORT,2.267500,2.283480,-0.015980,2006-05-15T00:00:00+00:00,2006-05-17T11:49:00+00:00,REV
LONG,2.283480,2.280700,-0.002780,2006-05-17T11:49:00+00:00,2006-05-22T05:48:00+00:00,REV
SHORT,2.280700,2.279180,0.001520,2006-05-22T05:48:00+00:00,2006-05-25T14:13:00+00:00,REV
LONG,2.279180,2.275600,-0.003580,2006-05-25T14:13:00+00:00,2006-05-30T04:43:00+00:00,REV
SHORT,2.275600,2.281480,-0.005880,2006-05-30T04:43:00+00:00,2006-05-30T17:00:00+00:00,REV
LONG,2.281480,2.273100,-0.008380,2006-05-30T17:00:00+00:00,2006-05-31T12:31:00+00:00,REV
SHORT,2.273100,2.283880,-0.010780,2006-05-31T12:31:00+00:00,2006-06-01T15:00:00+00:00,REV
LONG,2.283880,2.273000,-0.010880,2006-06-01T15:00:00+00:00,2006-06-02T15:30:00+00:00,REV
SHORT,2.273000,2.272180,0.000820,2006-06-02T15:30:00+00:00,2006-06-08T16:29:00+00:00,REV
LONG,2.272180,2.278100,0.005920,2006-06-08T16:29:00+00:00,2006-06-21T12:19:00+00:00,REV
SHORT,2.278100,2.264580,0.013520,2006-06-21T12:19:00+00:00,2006-07-04T18:45:00+00:00,REV
LONG,2.264580,2.255500,-0.009080,2006-07-04T18:45:00+00:00,2006-07-07T00:13:00+00:00,REV
SHORT,2.255500,2.264880,-0.009380,2006-07-07T00:13:00+00:00,2006-07-10T03:12:00+00:00,REV
LONG,2.264880,2.260900,-0.003980,2006-07-10T03:12:00+00:00,2006-07-13T10:01:00+00:00,REV
SHORT,2.260900,2.270380,-0.009480,2006-07-13T10:01:00+00:00,2006-07-14T13:38:00+00:00,REV
LONG,2.270380,2.300600,0.030220,2006-07-14T13:38:00+00:00,2006-07-27T00:05:00+00:00,REV
SHORT,2.300600,2.307580,-0.006980,2006-07-27T00:05:00+00:00,2006-08-01T17:59:00+00:00,REV
LONG,2.307580,2.331200,0.023620,2006-08-01T17:59:00+00:00,2006-08-10T08:51:00+00:00,REV
SHORT,2.331200,2.342080,-0.010880,2006-08-10T08:51:00+00:00,2006-08-10T17:37:00+00:00,REV
LONG,2.342080,2.341800,-0.000280,2006-08-10T17:37:00+00:00,2006-08-16T09:39:00+00:00,REV
SHORT,2.341800,2.327780,0.014020,2006-08-16T09:39:00+00:00,2006-08-22T15:38:00+00:00,REV
LONG,2.327780,2.331700,0.003920,2006-08-22T15:38:00+00:00,2006-08-29T21:37:00+00:00,REV
SHORT,2.331700,2.343680,-0.011980,2006-08-29T21:37:00+00:00,2006-08-31T17:29:00+00:00,REV
LONG,2.343680,2.339200,-0.004480,2006-08-31T17:29:00+00:00,2006-09-05T11:36:00+00:00,REV
SHORT,2.339200,2.333080,0.006120,2006-09-05T11:36:00+00:00,2006-09-12T16:33:00+00:00,REV
LONG,2.333080,2.350300,0.017220,2006-09-12T16:33:00+00:00,2006-09-19T04:32:00+00:00,REV
SHORT,2.350300,2.364480,-0.014180,2006-09-19T04:32:00+00:00,2006-09-20T23:56:00+00:00,REV
LONG,2.364480,2.354100,-0.010380,2006-09-20T23:56:00+00:00,2006-09-22T11:40:00+00:00,REV
SHORT,2.354100,2.347480,0.006620,2006-09-22T11:40:00+00:00,2006-10-03T08:45:00+00:00,REV
LONG,2.347480,2.361800,0.014320,2006-10-03T08:45:00+00:00,2006-10-19T20:48:00+00:00,REV
SHORT,2.361800,2.374880,-0.013080,2006-10-19T20:48:00+00:00,2006-10-23T10:05:00+00:00,REV
LONG,2.374880,2.370800,-0.004080,2006-10-23T10:05:00+00:00,2006-10-26T09:37:00+00:00,REV
SHORT,2.370800,2.376780,-0.005980,2006-10-26T09:37:00+00:00,2006-10-30T15:08:00+00:00,REV
LONG,2.376780,2.377800,0.001020,2006-10-30T15:08:00+00:00,2006-11-08T11:39:00+00:00,REV
SHORT,2.377800,2.346580,0.031220,2006-11-08T11:39:00+00:00,2006-11-28T11:57:00+00:00,REV
LONG,2.346580,2.354400,0.007820,2006-11-28T11:57:00+00:00,2006-12-05T15:30:00+00:00,REV
SHORT,2.354400,2.356080,-0.001680,2006-12-05T15:30:00+00:00,2006-12-08T18:58:00+00:00,REV
LONG,2.356080,2.385700,0.029620,2006-12-08T18:58:00+00:00,2006-12-22T02:18:00+00:00,REV
SHORT,2.385700,2.392480,-0.006780,2006-12-22T02:18:00+00:00,2006-12-27T13:12:00+00:00,REV
LONG,2.392480,2.386900,-0.005580,2006-12-27T13:12:00+00:00,2006-12-29T20:52:00+00:00,REV
SHORT,2.386900,2.397680,-0.010780,2006-12-29T20:52:00+00:00,2007-01-09T00:25:00+00:00,REV
LONG,2.397680,2.460400,0.062720,2007-01-09T00:25:00+00:00,2007-01-24T08:42:00+00:00,REV
SHORT,2.460400,2.462680,-0.002280,2007-01-24T08:42:00+00:00,2007-01-30T09:14:00+00:00,REV
LONG,2.462680,2.453600,-0.009080,2007-01-30T09:14:00+00:00,2007-01-31T10:32:00+00:00,REV
SHORT,2.453600,2.452180,0.001420,2007-01-31T10:32:00+00:00,2007-02-08T08:45:00+00:00,REV
LONG,2.452180,2.439600,-0.012580,2007-02-08T08:45:00+00:00,2007-02-08T17:12:00+00:00,REV
SHORT,2.439600,2.413880,0.025720,2007-02-08T17:12:00+00:00,2007-02-20T13:35:00+00:00,REV
LONG,2.413880,2.416300,0.002420,2007-02-20T13:35:00+00:00,2007-02-26T03:20:00+00:00,REV
SHORT,2.416300,2.397680,0.018620,2007-02-26T03:20:00+00:00,2007-03-02T01:39:00+00:00,REV
LONG,2.397680,2.383800,-0.013880,2007-03-02T01:39:00+00:00,2007-03-02T13:40:00+00:00,REV
SHORT,2.383800,2.365980,0.017820,2007-03-02T13:40:00+00:00,2007-03-07T00:58:00+00:00,REV
LONG,2.365980,2.361600,-0.004380,2007-03-07T00:58:00+00:00,2007-03-13T10:58:00+00:00,REV
SHORT,2.361600,2.362880,-0.001280,2007-03-13T10:58:00+00:00,2007-03-20T05:47:00+00:00,REV
LONG,2.362880,2.382500,0.019620,2007-03-20T05:47:00+00:00,2007-03-27T12:31:00+00:00,REV
SHORT,2.382500,2.392580,-0.010080,2007-03-27T12:31:00+00:00,2007-03-30T15:39:00+00:00,REV
LONG,2.392580,2.403100,0.010520,2007-03-30T15:39:00+00:00,2007-04-05T14:00:00+00:00,REV
SHORT,2.403100,2.408680,-0.005580,2007-04-05T14:00:00+00:00,2007-04-11T05:06:00+00:00,REV
LONG,2.408680,2.400000,-0.008680,2007-04-11T05:06:00+00:00,2007-04-13T13:23:00+00:00,REV
SHORT,2.400000,2.416380,-0.016380,2007-04-13T13:23:00+00:00,2007-04-16T11:33:00+00:00,REV
LONG,2.416380,2.413700,-0.002680,2007-04-16T11:33:00+00:00,2007-04-19T03:54:00+00:00,REV
SHORT,2.413700,2.423180,-0.009480,2007-04-19T03:54:00+00:00,2007-04-23T00:00:00+00:00,REV
LONG,2.423180,2.412100,-0.011080,2007-04-23T00:00:00+00:00,2007-04-24T11:38:00+00:00,REV
SHORT,2.412100,2.417080,-0.004980,2007-04-24T11:38:00+00:00,2007-04-27T18:17:00+00:00,REV
LONG,2.417080,2.412600,-0.004480,2007-04-27T18:17:00+00:00,2007-05-03T08:45:00+00:00,REV
SHORT,2.412600,2.418280,-0.005680,2007-05-03T08:45:00+00:00,2007-05-08T03:45:00+00:00,REV
LONG,2.418280,2.414200,-0.004080,2007-05-08T03:45:00+00:00,2007-05-11T00:52:00+00:00,REV
SHORT,2.414200,2.421580,-0.007380,2007-05-11T00:52:00+00:00,2007-05-16T19:11:00+00:00,REV
LONG,2.421580,2.434300,0.012720,2007-05-16T19:11:00+00:00,2007-05-28T05:58:00+00:00,REV
SHORT,2.434300,2.429380,0.004920,2007-05-28T05:58:00+00:00,2007-06-01T10:05:00+00:00,REV
LONG,2.429380,2.425700,-0.003680,2007-06-01T10:05:00+00:00,2007-06-06T11:26:00+00:00,REV
SHORT,2.425700,2.435780,-0.010080,2007-06-06T11:26:00+00:00,2007-06-11T11:50:00+00:00,REV
LONG,2.435780,2.460700,0.024920,2007-06-11T11:50:00+00:00,2007-06-22T15:22:00+00:00,REV
SHORT,2.460700,2.459680,0.001020,2007-06-22T15:22:00+00:00,2007-06-28T01:39:00+00:00,REV
LONG,2.459680,2.451000,-0.008680,2007-06-28T01:39:00+00:00,2007-07-02T09:53:00+00:00,REV
SHORT,2.451000,2.456080,-0.005080,2007-07-02T09:53:00+00:00,2007-07-05T00:32:00+00:00,REV
LONG,2.456080,2.440800,-0.015280,2007-07-05T00:32:00+00:00,2007-07-05T12:48:00+00:00,REV
SHORT,2.440800,2.456080,-0.015280,2007-07-05T12:48:00+00:00,2007-07-09T19:30:00+00:00,REV
LONG,2.456080,2.448500,-0.007580,2007-07-09T19:30:00+00:00,2007-07-10T11:54:00+00:00,REV
SHORT,2.448500,2.452480,-0.003980,2007-07-10T11:54:00+00:00,2007-07-17T12:00:00+00:00,REV
LONG,2.452480,2.476100,0.023620,2007-07-17T12:00:00+00:00,2007-07-26T15:07:00+00:00,REV
SHORT,2.476100,2.452280,0.023820,2007-07-26T15:07:00+00:00,2007-08-02T15:31:00+00:00,REV
LONG,2.452280,2.419800,-0.032480,2007-08-02T15:31:00+00:00,2007-08-06T00:00:00+00:00,REV
SHORT,2.419800,2.427680,-0.007880,2007-08-06T00:00:00+00:00,2007-08-08T16:18:00+00:00,REV
LONG,2.427680,2.413700,-0.013980,2007-08-08T16:18:00+00:00,2007-08-10T09:56:00+00:00,REV
SHORT,2.413700,2.430380,-0.016680,2007-08-10T09:56:00+00:00,2007-08-15T18:30:00+00:00,REV
LONG,2.430380,2.409700,-0.020680,2007-08-15T18:30:00+00:00,2007-08-16T13:13:00+00:00,REV
SHORT,2.409700,2.403480,0.006220,2007-08-16T13:13:00+00:00,2007-08-22T13:30:00+00:00,REV
LONG,2.403480,2.405200,0.001720,2007-08-22T13:30:00+00:00,2007-08-28T23:13:00+00:00,REV
SHORT,2.405200,2.423780,-0.018580,2007-08-28T23:13:00+00:00,2007-08-30T10:08:00+00:00,REV
LONG,2.423780,2.431300,0.007520,2007-08-30T10:08:00+00:00,2007-09-05T10:47:00+00:00,REV
SHORT,2.431300,2.418580,0.012720,2007-09-05T10:47:00+00:00,2007-09-12T00:18:00+00:00,REV
LONG,2.418580,2.403200,-0.015380,2007-09-12T00:18:00+00:00,2007-09-12T14:51:00+00:00,REV
SHORT,2.403200,2.373580,0.029620,2007-09-12T14:51:00+00:00,2007-09-24T08:56:00+00:00,REV
LONG,2.373580,2.404400,0.030820,2007-09-24T08:56:00+00:00,2007-10-11T10:04:00+00:00,REV
SHORT,2.404400,2.414080,-0.009680,2007-10-11T10:04:00+00:00,2007-10-16T02:02:00+00:00,REV
LONG,2.414080,2.400600,-0.013480,2007-10-16T02:02:00+00:00,2007-10-17T04:43:00+00:00,REV
SHORT,2.400600,2.403480,-0.002880,2007-10-17T04:43:00+00:00,2007-10-23T12:51:00+00:00,REV
LONG,2.403480,2.389100,-0.014380,2007-10-23T12:51:00+00:00,2007-10-26T13:01:00+00:00,REV
SHORT,2.389100,2.403980,-0.014880,2007-10-26T13:01:00+00:00,2007-10-29T22:32:00+00:00,REV
LONG,2.403980,2.397200,-0.006780,2007-10-29T22:32:00+00:00,2007-11-05T15:15:00+00:00,REV
SHORT,2.397200,2.278980,0.118220,2007-11-05T15:15:00+00:00,2007-11-26T03:51:00+00:00,REV
LONG,2.278980,2.303400,0.024420,2007-11-26T03:51:00+00:00,2007-12-04T15:27:00+00:00,REV
SHORT,2.303400,2.300880,0.002520,2007-12-04T15:27:00+00:00,2007-12-10T10:42:00+00:00,REV
LONG,2.300880,2.320900,0.020020,2007-12-10T10:42:00+00:00,2007-12-18T11:31:00+00:00,REV
SHORT,2.320900,2.209380,0.111520,2007-12-18T11:31:00+00:00,2008-01-08T09:45:00+00:00,REV
LONG,2.209380,2.183500,-0.025880,2008-01-08T09:45:00+00:00,2008-01-09T11:30:00+00:00,REV
SHORT,2.183500,2.157780,0.025720,2008-01-09T11:30:00+00:00,2008-01-16T18:02:00+00:00,REV
LONG,2.157780,2.147200,-0.010580,2008-01-16T18:02:00+00:00,2008-01-21T13:11:00+00:00,REV
SHORT,2.147200,2.154880,-0.007680,2008-01-21T13:11:00+00:00,2008-01-25T07:11:00+00:00,REV
LONG,2.154880,2.158300,0.003420,2008-01-25T07:11:00+00:00,2008-01-30T22:56:00+00:00,REV
SHORT,2.158300,2.159280,-0.000980,2008-01-30T22:56:00+00:00,2008-02-05T10:49:00+00:00,REV
LONG,2.159280,2.146700,-0.012580,2008-02-05T10:49:00+00:00,2008-02-07T11:30:00+00:00,REV
SHORT,2.146700,2.158880,-0.012180,2008-02-07T11:30:00+00:00,2008-02-12T18:01:00+00:00,REV
LONG,2.158880,2.156600,-0.002280,2008-02-12T18:01:00+00:00,2008-02-15T11:30:00+00:00,REV
SHORT,2.156600,2.153780,0.002820,2008-02-15T11:30:00+00:00,2008-02-21T12:56:00+00:00,REV
LONG,2.153780,2.134900,-0.018880,2008-02-21T12:56:00+00:00,2008-02-27T00:20:00+00:00,REV
SHORT,2.134900,2.071480,0.063420,2008-02-27T00:20:00+00:00,2008-03-06T15:07:00+00:00,REV
LONG,2.071480,2.050200,-0.021280,2008-03-06T15:07:00+00:00,2008-03-07T15:39:00+00:00,REV
SHORT,2.050200,2.071780,-0.021580,2008-03-07T15:39:00+00:00,2008-03-07T16:57:00+00:00,REV
LONG,2.071780,2.047800,-0.023980,2008-03-07T16:57:00+00:00,2008-03-10T21:23:00+00:00,REV
SHORT,2.047800,2.075080,-0.027280,2008-03-10T21:23:00+00:00,2008-03-11T23:23:00+00:00,REV
LONG,2.075080,2.046100,-0.028980,2008-03-11T23:23:00+00:00,2008-03-14T10:16:00+00:00,REV
SHORT,2.046100,2.014080,0.032020,2008-03-14T10:16:00+00:00,2008-03-19T00:29:00+00:00,REV
LONG,2.014080,2.000400,-0.013680,2008-03-19T00:29:00+00:00,2008-03-26T13:10:00+00:00,REV
SHORT,2.000400,1.998280,0.002120,2008-03-26T13:10:00+00:00,2008-04-01T15:10:00+00:00,REV
LONG,1.998280,1.999500,0.001220,2008-04-01T15:10:00+00:00,2008-04-04T17:38:00+00:00,REV
SHORT,1.999500,1.982980,0.016520,2008-04-04T17:38:00+00:00,2008-04-17T13:20:00+00:00,REV
LONG,1.982980,1.993700,0.010720,2008-04-17T13:20:00+00:00,2008-04-22T05:05:00+00:00,REV
SHORT,1.993700,2.014880,-0.021180,2008-04-22T05:05:00+00:00,2008-04-24T04:40:00+00:00,REV
LONG,2.014880,2.040900,0.026020,2008-04-24T04:40:00+00:00,2008-04-29T17:22:00+00:00,REV
SHORT,2.040900,2.066780,-0.025880,2008-04-29T17:22:00+00:00,2008-04-30T18:09:00+00:00,REV
LONG,2.066780,2.068500,0.001720,2008-04-30T18:09:00+00:00,2008-05-06T11:33:00+00:00,REV
SHORT,2.068500,2.057880,0.010620,2008-05-06T11:33:00+00:00,2008-05-14T11:21:00+00:00,REV
LONG,2.057880,2.041300,-0.016580,2008-05-14T11:21:00+00:00,2008-05-19T11:00:00+00:00,REV
SHORT,2.041300,2.044880,-0.003580,2008-05-19T11:00:00+00:00,2008-05-27T22:45:00+00:00,REV
LONG,2.044880,2.053000,0.008120,2008-05-27T22:45:00+00:00,2008-06-02T10:16:00+00:00,REV
SHORT,2.053000,2.037680,0.015320,2008-06-02T10:16:00+00:00,2008-06-10T03:26:00+00:00,REV
LONG,2.037680,2.023200,-0.014480,2008-06-10T03:26:00+00:00,2008-06-13T00:37:00+00:00,REV
SHORT,2.023200,2.043180,-0.019980,2008-06-13T00:37:00+00:00,2008-06-13T12:28:00+00:00,REV
LONG,2.043180,2.031700,-0.011480,2008-06-13T12:28:00+00:00,2008-06-18T20:39:00+00:00,REV
SHORT,2.031700,2.053680,-0.021980,2008-06-18T20:39:00+00:00,2008-06-19T11:35:00+00:00,REV
LONG,2.053680,2.041300,-0.012380,2008-06-19T11:35:00+00:00,2008-06-25T21:40:00+00:00,REV
SHORT,2.041300,2.041880,-0.000580,2008-06-25T21:40:00+00:00,2008-07-01T10:01:00+00:00,REV
LONG,2.041880,2.022000,-0.019880,2008-07-01T10:01:00+00:00,2008-07-02T10:18:00+00:00,REV
SHORT,2.022000,2.038280,-0.016280,2008-07-02T10:18:00+00:00,2008-07-07T08:08:00+00:00,REV
LONG,2.038280,2.023100,-0.015180,2008-07-07T08:08:00+00:00,2008-07-08T09:25:00+00:00,REV
SHORT,2.023100,2.039880,-0.016780,2008-07-08T09:25:00+00:00,2008-07-09T17:17:00+00:00,REV
LONG,2.039880,2.028200,-0.011680,2008-07-09T17:17:00+00:00,2008-07-11T13:09:00+00:00,REV
SHORT,2.028200,2.036480,-0.008280,2008-07-11T13:09:00+00:00,2008-07-17T01:31:00+00:00,REV
LONG,2.036480,2.051100,0.014620,2008-07-17T01:31:00+00:00,2008-07-25T09:20:00+00:00,REV
SHORT,2.051100,2.072580,-0.021480,2008-07-25T09:20:00+00:00,2008-07-29T19:10:00+00:00,REV
LONG,2.072580,2.068100,-0.004480,2008-07-29T19:10:00+00:00,2008-08-01T10:37:00+00:00,REV
SHORT,2.068100,2.067480,0.000620,2008-08-01T10:37:00+00:00,2008-08-07T19:56:00+00:00,REV
LONG,2.067480,2.061200,-0.006280,2008-08-07T19:56:00+00:00,2008-08-12T22:39:00+00:00,REV
SHORT,2.061200,2.051380,0.009820,2008-08-12T22:39:00+00:00,2008-08-18T13:42:00+00:00,REV
LONG,2.051380,2.036600,-0.014780,2008-08-18T13:42:00+00:00,2008-08-19T19:11:00+00:00,REV
SHORT,2.036600,1.993980,0.042620,2008-08-19T19:11:00+00:00,2008-09-08T00:00:00+00:00,REV
LONG,1.993980,1.994400,0.000420,2008-09-08T00:00:00+00:00,2008-09-16T02:03:00+00:00,REV
SHORT,1.994400,2.015480,-0.021080,2008-09-16T02:03:00+00:00,2008-09-18T10:01:00+00:00,REV
LONG,2.015480,2.000500,-0.014980,2008-09-18T10:01:00+00:00,2008-09-26T02:59:00+00:00,REV
SHORT,2.000500,2.008280,-0.007780,2008-09-26T02:59:00+00:00,2008-10-02T19:58:00+00:00,REV
LONG,2.008280,1.937200,-0.071080,2008-10-02T19:58:00+00:00,2008-10-13T00:00:00+00:00,REV
SHORT,1.937200,1.994480,-0.057280,2008-10-13T00:00:00+00:00,2008-10-15T13:35:00+00:00,REV
LONG,1.994480,1.954400,-0.040080,2008-10-15T13:35:00+00:00,2008-10-16T00:18:00+00:00,REV
SHORT,1.954400,1.986680,-0.032280,2008-10-16T00:18:00+00:00,2008-10-20T10:40:00+00:00,REV
LONG,1.986680,1.953300,-0.033380,2008-10-20T10:40:00+00:00,2008-10-21T18:56:00+00:00,REV
SHORT,1.953300,1.853380,0.099920,2008-10-21T18:56:00+00:00,2008-10-29T01:25:00+00:00,REV
LONG,1.853380,1.846000,-0.007380,2008-10-29T01:25:00+00:00,2008-11-03T17:23:00+00:00,REV
SHORT,1.846000,1.782380,0.063620,2008-11-03T17:23:00+00:00,2008-11-17T11:34:00+00:00,REV
LONG,1.782380,1.840100,0.057720,2008-11-17T11:34:00+00:00,2008-12-01T10:23:00+00:00,REV
SHORT,1.840100,1.802980,0.037120,2008-12-01T10:23:00+00:00,2008-12-08T08:12:00+00:00,REV
LONG,1.802980,1.776500,-0.026480,2008-12-08T08:12:00+00:00,2008-12-10T16:21:00+00:00,REV
SHORT,1.776500,1.568180,0.208320,2008-12-10T16:21:00+00:00,2008-12-31T15:26:00+00:00,REV
LONG,1.568180,1.652600,0.084420,2008-12-31T15:26:00+00:00,2009-01-12T18:53:00+00:00,REV
SHORT,1.652600,1.649780,0.002820,2009-01-12T18:53:00+00:00,2009-01-16T00:17:00+00:00,REV
LONG,1.649780,1.633700,-0.016080,2009-01-16T00:17:00+00:00,2009-01-20T00:09:00+00:00,REV
SHORT,1.633700,1.610080,0.023620,2009-01-20T00:09:00+00:00,2009-01-27T10:27:00+00:00,REV
LONG,1.610080,1.709100,0.099020,2009-01-27T10:27:00+00:00,2009-02-10T16:55:00+00:00,REV
SHORT,1.709100,1.685880,0.023220,2009-02-10T16:55:00+00:00,2009-02-13T11:09:00+00:00,REV
LONG,1.685880,1.663000,-0.022880,2009-02-13T11:09:00+00:00,2009-02-25T16:16:00+00:00,REV
SHORT,1.663000,1.668780,-0.005780,2009-02-25T16:16:00+00:00,2009-03-05T10:33:00+00:00,REV
LONG,1.668780,1.650600,-0.018180,2009-03-05T10:33:00+00:00,2009-03-06T05:34:00+00:00,REV
SHORT,1.650600,1.605980,0.044620,2009-03-06T05:34:00+00:00,2009-03-12T10:16:00+00:00,REV
LONG,1.605980,1.653300,0.047320,2009-03-12T10:16:00+00:00,2009-03-18T10:28:00+00:00,REV
SHORT,1.653300,1.639380,0.013920,2009-03-18T10:28:00+00:00,2009-03-23T12:00:00+00:00,REV
LONG,1.639380,1.626800,-0.012580,2009-03-23T12:00:00+00:00,2009-03-25T20:52:00+00:00,REV
SHORT,1.626800,1.643480,-0.016680,2009-03-25T20:52:00+00:00,2009-04-01T10:22:00+00:00,REV
LONG,1.643480,1.666800,0.023320,2009-04-01T10:22:00+00:00,2009-04-07T03:00:00+00:00,REV
SHORT,1.666800,1.689180,-0.022380,2009-04-07T03:00:00+00:00,2009-04-07T17:33:00+00:00,REV
LONG,1.689180,1.706400,0.017220,2009-04-07T17:33:00+00:00,2009-04-20T11:47:00+00:00,REV
SHORT,1.706400,1.692780,0.013620,2009-04-20T11:47:00+00:00,2009-05-01T11:38:00+00:00,REV
LONG,1.692780,1.692700,-0.000080,2009-05-01T11:38:00+00:00,2009-05-08T09:14:00+00:00,REV
SHORT,1.692700,1.690380,0.002320,2009-05-08T09:14:00+00:00,2009-05-15T15:54:00+00:00,REV
LONG,1.690380,1.723600,0.033220,2009-05-15T15:54:00+00:00,2009-05-29T04:52:00+00:00,REV
SHORT,1.723600,1.746280,-0.022680,2009-05-29T04:52:00+00:00,2009-06-01T15:31:00+00:00,REV
LONG,1.746280,1.738500,-0.007780,2009-06-01T15:31:00+00:00,2009-06-04T06:51:00+00:00,REV
SHORT,1.738500,1.753880,-0.015380,2009-06-04T06:51:00+00:00,2009-06-09T03:01:00+00:00,REV
LONG,1.753880,1.769500,0.015620,2009-06-09T03:01:00+00:00,2009-06-17T13:39:00+00:00,REV
SHORT,1.769500,1.786880,-0.017380,2009-06-17T13:39:00+00:00,2009-06-22T07:55:00+00:00,REV
LONG,1.786880,1.770800,-0.016080,2009-06-22T07:55:00+00:00,2009-06-23T05:20:00+00:00,REV
SHORT,1.770800,1.793080,-0.022280,2009-06-23T05:20:00+00:00,2009-06-24T14:27:00+00:00,REV
LONG,1.793080,1.784700,-0.008380,2009-06-24T14:27:00+00:00,2009-07-01T03:54:00+00:00,REV
SHORT,1.784700,1.763880,0.020820,2009-07-01T03:54:00+00:00,2009-07-10T06:09:00+00:00,REV
LONG,1.763880,1.748700,-0.015180,2009-07-10T06:09:00+00:00,2009-07-13T09:47:00+00:00,REV
SHORT,1.748700,1.774980,-0.026280,2009-07-13T09:47:00+00:00,2009-07-14T20:28:00+00:00,REV
LONG,1.774980,1.759900,-0.015080,2009-07-14T20:28:00+00:00,2009-07-17T09:21:00+00:00,REV
SHORT,1.759900,1.769980,-0.010080,2009-07-17T09:21:00+00:00,2009-07-20T10:53:00+00:00,REV
LONG,1.769980,1.754500,-0.015480,2009-07-20T10:53:00+00:00,2009-07-21T11:40:00+00:00,REV
SHORT,1.754500,1.767680,-0.013180,2009-07-21T11:40:00+00:00,2009-07-23T12:42:00+00:00,REV
LONG,1.767680,1.791000,0.023320,2009-07-23T12:42:00+00:00,2009-08-06T14:00:00+00:00,REV
SHORT,1.791000,1.777980,0.013020,2009-08-06T14:00:00+00:00,2009-08-18T17:13:00+00:00,REV
LONG,1.777980,1.758600,-0.019380,2009-08-18T17:13:00+00:00,2009-08-19T17:02:00+00:00,REV
SHORT,1.758600,1.729780,0.028820,2009-08-19T17:02:00+00:00,2009-09-02T13:57:00+00:00,REV
LONG,1.729780,1.730100,0.000320,2009-09-02T13:57:00+00:00,2009-09-08T04:42:00+00:00,REV
SHORT,1.730100,1.737780,-0.007680,2009-09-08T04:42:00+00:00,2009-09-10T16:28:00+00:00,REV
LONG,1.737780,1.716500,-0.021280,2009-09-10T16:28:00+00:00,2009-09-14T16:59:00+00:00,REV
SHORT,1.716500,1.679380,0.037120,2009-09-14T16:59:00+00:00,2009-09-23T11:39:00+00:00,REV
LONG,1.679380,1.667500,-0.011880,2009-09-23T11:39:00+00:00,2009-09-24T10:31:00+00:00,REV
SHORT,1.667500,1.654680,0.012820,2009-09-24T10:31:00+00:00,2009-09-29T13:18:00+00:00,REV
LONG,1.654680,1.652100,-0.002580,2009-09-29T13:18:00+00:00,2009-10-02T10:28:00+00:00,REV
SHORT,1.652100,1.651280,0.000820,2009-10-02T10:28:00+00:00,2009-10-08T14:00:00+00:00,REV
LONG,1.651280,1.632500,-0.018780,2009-10-08T14:00:00+00:00,2009-10-12T10:11:00+00:00,REV
SHORT,1.632500,1.631480,0.001020,2009-10-12T10:11:00+00:00,2009-10-15T09:38:00+00:00,REV
LONG,1.631480,1.656300,0.024820,2009-10-15T09:38:00+00:00,2009-10-23T11:45:00+00:00,REV
SHORT,1.656300,1.675480,-0.019180,2009-10-23T11:45:00+00:00,2009-10-28T17:50:00+00:00,REV
LONG,1.675480,1.678500,0.003020,2009-10-28T17:50:00+00:00,2009-11-02T00:24:00+00:00,REV
SHORT,1.678500,1.690980,-0.012480,2009-11-02T00:24:00+00:00,2009-11-04T09:53:00+00:00,REV
LONG,1.690980,1.679800,-0.011180,2009-11-04T09:53:00+00:00,2009-11-10T07:20:00+00:00,REV
SHORT,1.679800,1.688880,-0.009080,2009-11-10T07:20:00+00:00,2009-11-13T09:33:00+00:00,REV
LONG,1.688880,1.688300,-0.000580,2009-11-13T09:33:00+00:00,2009-11-19T19:22:00+00:00,REV
SHORT,1.688300,1.679580,0.008720,2009-11-19T19:22:00+00:00,2009-11-25T09:57:00+00:00,REV
LONG,1.679580,1.668400,-0.011180,2009-11-25T09:57:00+00:00,2009-11-25T18:46:00+00:00,REV
SHORT,1.668400,1.662680,0.005720,2009-11-25T18:46:00+00:00,2009-12-02T11:50:00+00:00,REV
LONG,1.662680,1.652900,-0.009780,2009-12-02T11:50:00+00:00,2009-12-04T02:38:00+00:00,REV
SHORT,1.652900,1.670080,-0.017180,2009-12-04T02:38:00+00:00,2009-12-04T15:58:00+00:00,REV
LONG,1.670080,1.661600,-0.008480,2009-12-04T15:58:00+00:00,2009-12-09T09:28:00+00:00,REV
SHORT,1.661600,1.678180,-0.016580,2009-12-09T09:28:00+00:00,2009-12-09T15:03:00+00:00,REV
LONG,1.678180,1.686200,0.008020,2009-12-09T15:03:00+00:00,2009-12-18T02:29:00+00:00,REV
SHORT,1.686200,1.657580,0.028620,2009-12-18T02:29:00+00:00,2009-12-29T02:55:00+00:00,REV
LONG,1.657580,1.650300,-0.007280,2009-12-29T02:55:00+00:00,2009-12-29T11:57:00+00:00,REV
SHORT,1.650300,1.658380,-0.008080,2009-12-29T11:57:00+00:00,2009-12-30T17:16:00+00:00,REV
LONG,1.658380,1.654800,-0.003580,2009-12-30T17:16:00+00:00,2010-01-05T03:07:00+00:00,REV
SHORT,1.654800,1.646080,0.008720,2010-01-05T03:07:00+00:00,2010-01-12T19:22:00+00:00,REV
LONG,1.646080,1.686700,0.040620,2010-01-12T19:22:00+00:00,2010-01-22T01:16:00+00:00,REV
SHORT,1.686700,1.692980,-0.006280,2010-01-22T01:16:00+00:00,2010-01-26T06:51:00+00:00,REV
LONG,1.692980,1.687000,-0.005980,2010-01-26T06:51:00+00:00,2010-02-01T10:43:00+00:00,REV
SHORT,1.687000,1.697280,-0.010280,2010-02-01T10:43:00+00:00,2010-02-05T05:01:00+00:00,REV
LONG,1.697280,1.675000,-0.022280,2010-02-05T05:01:00+00:00,2010-02-08T00:02:00+00:00,REV
SHORT,1.675000,1.678480,-0.003480,2010-02-08T00:02:00+00:00,2010-02-11T17:42:00+00:00,REV
LONG,1.678480,1.679000,0.000520,2010-02-11T17:42:00+00:00,2010-02-16T17:52:00+00:00,REV
SHORT,1.679000,1.691080,-0.012080,2010-02-16T17:52:00+00:00,2010-02-17T17:48:00+00:00,REV
LONG,1.691080,1.679800,-0.011280,2010-02-17T17:48:00+00:00,2010-02-19T00:39:00+00:00,REV
SHORT,1.679800,1.672480,0.007320,2010-02-19T00:39:00+00:00,2010-02-23T07:10:00+00:00,REV
LONG,1.672480,1.661700,-0.010780,2010-02-23T07:10:00+00:00,2010-02-23T11:25:00+00:00,REV
SHORT,1.661700,1.622280,0.039420,2010-02-23T11:25:00+00:00,2010-03-05T15:34:00+00:00,REV
LONG,1.622280,1.612200,-0.010080,2010-03-05T15:34:00+00:00,2010-03-09T03:05:00+00:00,REV
SHORT,1.612200,1.609580,0.002620,2010-03-09T03:05:00+00:00,2010-03-17T12:30:00+00:00,REV
LONG,1.609580,1.602200,-0.007380,2010-03-17T12:30:00+00:00,2010-03-19T10:58:00+00:00,REV
SHORT,1.602200,1.602080,0.000120,2010-03-19T10:58:00+00:00,2010-03-24T13:09:00+00:00,REV
LONG,1.602080,1.586200,-0.015880,2010-03-24T13:09:00+00:00,2010-03-26T10:45:00+00:00,REV
SHORT,1.586200,1.595980,-0.009780,2010-03-26T10:45:00+00:00,2010-03-30T08:56:00+00:00,REV
LONG,1.595980,1.628900,0.032920,2010-03-30T08:56:00+00:00,2010-04-12T00:05:00+00:00,REV
SHORT,1.628900,1.633180,-0.004280,2010-04-12T00:05:00+00:00,2010-04-15T09:51:00+00:00,REV
LONG,1.633180,1.623900,-0.009280,2010-04-15T09:51:00+00:00,2010-04-19T00:02:00+00:00,REV
SHORT,1.623900,1.639180,-0.015280,2010-04-19T00:02:00+00:00,2010-04-20T11:31:00+00:00,REV
LONG,1.639180,1.649500,0.010320,2010-04-20T11:31:00+00:00,2010-04-28T12:12:00+00:00,REV
SHORT,1.649500,1.660680,-0.011180,2010-04-28T12:12:00+00:00,2010-04-29T21:56:00+00:00,REV
LONG,1.660680,1.651900,-0.008780,2010-04-29T21:56:00+00:00,2010-05-06T18:36:00+00:00,REV
SHORT,1.651900,1.663880,-0.011980,2010-05-06T18:36:00+00:00,2010-05-12T10:37:00+00:00,REV
LONG,1.663880,1.635400,-0.028480,2010-05-12T10:37:00+00:00,2010-05-13T17:53:00+00:00,REV
SHORT,1.635400,1.647680,-0.012280,2010-05-13T17:53:00+00:00,2010-05-19T09:45:00+00:00,REV
LONG,1.647680,1.658800,0.011120,2010-05-19T09:45:00+00:00,2010-05-26T14:42:00+00:00,REV
SHORT,1.658800,1.676380,-0.017580,2010-05-26T14:42:00+00:00,2010-05-27T12:12:00+00:00,REV
LONG,1.676380,1.684200,0.007820,2010-05-27T12:12:00+00:00,2010-06-04T14:00:00+00:00,REV
SHORT,1.684200,1.684280,-0.000080,2010-06-04T14:00:00+00:00,2010-06-11T05:02:00+00:00,REV
LONG,1.684280,1.668700,-0.015580,2010-06-11T05:02:00+00:00,2010-06-14T02:31:00+00:00,REV
SHORT,1.668700,1.686180,-0.017480,2010-06-14T02:31:00+00:00,2010-06-14T21:01:00+00:00,REV
LONG,1.686180,1.667900,-0.018280,2010-06-14T21:01:00+00:00,2010-06-16T19:33:00+00:00,REV
SHORT,1.667900,1.651180,0.016720,2010-06-16T19:33:00+00:00,2010-06-23T12:45:00+00:00,REV
LONG,1.651180,1.638400,-0.012780,2010-06-23T12:45:00+00:00,2010-06-25T12:06:00+00:00,REV
SHORT,1.638400,1.605780,0.032620,2010-06-25T12:06:00+00:00,2010-07-13T12:30:00+00:00,REV
LONG,1.605780,1.600100,-0.005680,2010-07-13T12:30:00+00:00,2010-07-19T17:59:00+00:00,REV
SHORT,1.600100,1.610580,-0.010480,2010-07-19T17:59:00+00:00,2010-07-21T07:50:00+00:00,REV
LONG,1.610580,1.591800,-0.018780,2010-07-21T07:50:00+00:00,2010-07-21T21:59:00+00:00,REV
SHORT,1.591800,1.611380,-0.019580,2010-07-21T21:59:00+00:00,2010-07-23T14:02:00+00:00,REV
LONG,1.611380,1.622800,0.011420,2010-07-23T14:02:00+00:00,2010-07-29T17:51:00+00:00,REV
SHORT,1.622800,1.650480,-0.027680,2010-07-29T17:51:00+00:00,2010-08-02T10:38:00+00:00,REV
LONG,1.650480,1.654800,0.004320,2010-08-02T10:38:00+00:00,2010-08-06T16:02:00+00:00,REV
SHORT,1.654800,1.599180,0.055620,2010-08-06T16:02:00+00:00,2010-08-30T03:29:00+00:00,REV
LONG,1.599180,1.583600,-0.015580,2010-08-30T03:29:00+00:00,2010-08-31T03:35:00+00:00,REV
SHORT,1.583600,1.573680,0.009920,2010-08-31T03:35:00+00:00,2010-09-03T15:30:00+00:00,REV
LONG,1.573680,1.556800,-0.016880,2010-09-03T15:30:00+00:00,2010-09-07T00:39:00+00:00,REV
SHORT,1.556800,1.569280,-0.012480,2010-09-07T00:39:00+00:00,2010-09-09T19:18:00+00:00,REV
LONG,1.569280,1.560900,-0.008380,2010-09-09T19:18:00+00:00,2010-09-13T13:37:00+00:00,REV
SHORT,1.560900,1.570380,-0.009480,2010-09-13T13:37:00+00:00,2010-09-16T15:00:00+00:00,REV
LONG,1.570380,1.561200,-0.009180,2010-09-16T15:00:00+00:00,2010-09-21T03:15:00+00:00,REV
SHORT,1.561200,1.560880,0.000320,2010-09-21T03:15:00+00:00,2010-09-27T05:14:00+00:00,REV
LONG,1.560880,1.538400,-0.022480,2010-09-27T05:14:00+00:00,2010-09-30T15:28:00+00:00,REV
SHORT,1.538400,1.552180,-0.013780,2010-09-30T15:28:00+00:00,2010-10-01T13:06:00+00:00,REV
LONG,1.552180,1.535800,-0.016380,2010-10-01T13:06:00+00:00,2010-10-04T12:42:00+00:00,REV
SHORT,1.535800,1.542580,-0.006780,2010-10-04T12:42:00+00:00,2010-10-07T18:13:00+00:00,REV
LONG,1.542580,1.527500,-0.015080,2010-10-07T18:13:00+00:00,2010-10-12T13:13:00+00:00,REV
SHORT,1.527500,1.527780,-0.000280,2010-10-12T13:13:00+00:00,2010-10-15T02:33:00+00:00,REV
LONG,1.527780,1.524600,-0.003180,2010-10-15T02:33:00+00:00,2010-10-18T10:28:00+00:00,REV
SHORT,1.524600,1.530180,-0.005580,2010-10-18T10:28:00+00:00,2010-10-22T11:07:00+00:00,REV
LONG,1.530180,1.565800,0.035620,2010-10-22T11:07:00+00:00,2010-11-02T16:59:00+00:00,REV
SHORT,1.565800,1.561380,0.004420,2010-11-02T16:59:00+00:00,2010-11-10T13:06:00+00:00,REV
LONG,1.561380,1.574100,0.012720,2010-11-10T13:06:00+00:00,2010-11-23T08:30:00+00:00,REV
SHORT,1.574100,1.565880,0.008220,2010-11-23T08:30:00+00:00,2010-12-01T10:24:00+00:00,REV
LONG,1.565880,1.544500,-0.021380,2010-12-01T10:24:00+00:00,2010-12-02T18:21:00+00:00,REV
SHORT,1.544500,1.547780,-0.003280,2010-12-02T18:21:00+00:00,2010-12-07T16:39:00+00:00,REV
LONG,1.547780,1.547200,-0.000580,2010-12-07T16:39:00+00:00,2010-12-10T19:40:00+00:00,REV
SHORT,1.547200,1.487980,0.059220,2010-12-10T19:40:00+00:00,2010-12-24T10:58:00+00:00,REV
LONG,1.487980,1.474300,-0.013680,2010-12-24T10:58:00+00:00,2010-12-28T09:49:00+00:00,REV
SHORT,1.474300,1.463580,0.010720,2010-12-28T09:49:00+00:00,2011-01-04T10:35:00+00:00,REV
LONG,1.463580,1.526900,0.063320,2011-01-04T10:35:00+00:00,2011-01-18T09:24:00+00:00,REV
SHORT,1.526900,1.539380,-0.012480,2011-01-18T09:24:00+00:00,2011-01-18T12:13:00+00:00,REV
LONG,1.539380,1.524100,-0.015280,2011-01-18T12:13:00+00:00,2011-01-19T20:57:00+00:00,REV
SHORT,1.524100,1.510380,0.013720,2011-01-19T20:57:00+00:00,2011-01-31T20:26:00+00:00,REV
LONG,1.510380,1.552000,0.041620,2011-01-31T20:26:00+00:00,2011-02-14T17:16:00+00:00,REV
SHORT,1.552000,1.565280,-0.013280,2011-02-14T17:16:00+00:00,2011-02-15T14:31:00+00:00,REV
LONG,1.565280,1.549900,-0.015380,2011-02-15T14:31:00+00:00,2011-02-16T12:31:00+00:00,REV
SHORT,1.549900,1.512480,0.037420,2011-02-16T12:31:00+00:00,2011-03-01T02:33:00+00:00,REV
LONG,1.512480,1.502300,-0.010180,2011-03-01T02:33:00+00:00,2011-03-04T17:07:00+00:00,REV
SHORT,1.502300,1.513780,-0.011480,2011-03-04T17:07:00+00:00,2011-03-09T09:26:00+00:00,REV
LONG,1.513780,1.499600,-0.014180,2011-03-09T09:26:00+00:00,2011-03-10T16:34:00+00:00,REV
SHORT,1.499600,1.467880,0.031720,2011-03-10T16:34:00+00:00,2011-03-21T08:34:00+00:00,REV
LONG,1.467880,1.462700,-0.005180,2011-03-21T08:34:00+00:00,2011-03-24T17:36:00+00:00,REV
SHORT,1.462700,1.477880,-0.015180,2011-03-24T17:36:00+00:00,2011-03-30T07:50:00+00:00,REV
LONG,1.477880,1.463200,-0.014680,2011-03-30T07:50:00+00:00,2011-03-31T16:23:00+00:00,REV
SHORT,1.463200,1.487380,-0.024180,2011-03-31T16:23:00+00:00,2011-04-01T16:10:00+00:00,REV
LONG,1.487380,1.489100,0.001720,2011-04-01T16:10:00+00:00,2011-04-08T18:26:00+00:00,REV
SHORT,1.489100,1.461580,0.027520,2011-04-08T18:26:00+00:00,2011-04-19T12:16:00+00:00,REV
LONG,1.461580,1.454000,-0.007580,2011-04-19T12:16:00+00:00,2011-04-25T14:12:00+00:00,REV
SHORT,1.454000,1.430480,0.023520,2011-04-25T14:12:00+00:00,2011-05-06T11:46:00+00:00,REV
LONG,1.430480,1.436700,0.006220,2011-05-06T11:46:00+00:00,2011-05-13T10:11:00+00:00,REV
SHORT,1.436700,1.435580,0.001120,2011-05-13T10:11:00+00:00,2011-05-20T14:27:00+00:00,REV
LONG,1.435580,1.418900,-0.016680,2011-05-20T14:27:00+00:00,2011-05-25T10:21:00+00:00,REV
SHORT,1.418900,1.379580,0.039320,2011-05-25T10:21:00+00:00,2011-06-09T12:17:00+00:00,REV
LONG,1.379580,1.366000,-0.013580,2011-06-09T12:17:00+00:00,2011-06-10T11:24:00+00:00,REV
SHORT,1.366000,1.377980,-0.011980,2011-06-10T11:24:00+00:00,2011-06-14T15:30:00+00:00,REV
LONG,1.377980,1.366100,-0.011880,2011-06-14T15:30:00+00:00,2011-06-16T14:40:00+00:00,REV
SHORT,1.366100,1.337580,0.028520,2011-06-16T14:40:00+00:00,2011-06-29T14:22:00+00:00,REV
LONG,1.337580,1.347700,0.010120,2011-06-29T14:22:00+00:00,2011-07-05T21:56:00+00:00,REV
SHORT,1.347700,1.356480,-0.008780,2011-07-05T21:56:00+00:00,2011-07-08T11:50:00+00:00,REV
LONG,1.356480,1.338400,-0.018080,2011-07-08T11:50:00+00:00,2011-07-11T09:35:00+00:00,REV
SHORT,1.338400,1.320180,0.018220,2011-07-11T09:35:00+00:00,2011-07-19T09:28:00+00:00,REV
LONG,1.320180,1.325400,0.005220,2011-07-19T09:28:00+00:00,2011-07-25T00:00:00+00:00,REV
SHORT,1.325400,1.243680,0.081720,2011-07-25T00:00:00+00:00,2011-08-11T16:58:00+00:00,REV
LONG,1.243680,1.292500,0.048820,2011-08-11T16:58:00+00:00,2011-08-22T07:38:00+00:00,REV
SHORT,1.292500,1.308080,-0.015580,2011-08-22T07:38:00+00:00,2011-08-24T01:49:00+00:00,REV
LONG,1.308080,1.293300,-0.014780,2011-08-24T01:49:00+00:00,2011-08-25T18:08:00+00:00,REV
SHORT,1.293300,1.309780,-0.016480,2011-08-25T18:08:00+00:00,2011-08-26T17:38:00+00:00,REV
LONG,1.309780,1.318100,0.008320,2011-08-26T17:38:00+00:00,2011-08-31T13:07:00+00:00,REV
SHORT,1.318100,1.288180,0.029920,2011-08-31T13:07:00+00:00,2011-09-06T10:53:00+00:00,REV
LONG,1.288180,1.388400,0.100220,2011-09-06T10:53:00+00:00,2011-09-13T17:08:00+00:00,REV
SHORT,1.388400,1.386580,0.001820,2011-09-13T17:08:00+00:00,2011-09-19T00:18:00+00:00,REV
LONG,1.386580,1.398300,0.011720,2011-09-19T00:18:00+00:00,2011-09-28T12:50:00+00:00,REV
SHORT,1.398300,1.407380,-0.009080,2011-09-28T12:50:00+00:00,2011-09-30T12:31:00+00:00,REV
LONG,1.407380,1.412900,0.005520,2011-09-30T12:31:00+00:00,2011-10-06T14:12:00+00:00,REV
SHORT,1.412900,1.438380,-0.025480,2011-10-06T14:12:00+00:00,2011-10-07T19:44:00+00:00,REV
LONG,1.438380,1.411900,-0.026480,2011-10-07T19:44:00+00:00,2011-10-11T05:17:00+00:00,REV
SHORT,1.411900,1.417880,-0.005980,2011-10-11T05:17:00+00:00,2011-10-18T08:52:00+00:00,REV
LONG,1.417880,1.409700,-0.008180,2011-10-18T08:52:00+00:00,2011-10-20T16:15:00+00:00,REV
SHORT,1.409700,1.408280,0.001420,2011-10-20T16:15:00+00:00,2011-10-31T19:07:00+00:00,REV
LONG,1.408280,1.406500,-0.001780,2011-10-31T19:07:00+00:00,2011-11-03T12:29:00+00:00,REV
SHORT,1.406500,1.418880,-0.012380,2011-11-03T12:29:00+00:00,2011-11-04T11:52:00+00:00,REV
LONG,1.418880,1.438400,0.019520,2011-11-04T11:52:00+00:00,2011-11-14T11:12:00+00:00,REV
SHORT,1.438400,1.449880,-0.011480,2011-11-14T11:12:00+00:00,2011-11-15T09:04:00+00:00,REV
LONG,1.449880,1.442100,-0.007780,2011-11-15T09:04:00+00:00,2011-11-18T11:26:00+00:00,REV
SHORT,1.442100,1.432280,0.009820,2011-11-18T11:26:00+00:00,2011-11-25T11:48:00+00:00,REV
LONG,1.432280,1.426700,-0.005580,2011-11-25T11:48:00+00:00,2011-12-01T15:19:00+00:00,REV
SHORT,1.426700,1.440280,-0.013580,2011-12-01T15:19:00+00:00,2011-12-05T10:59:00+00:00,REV
LONG,1.440280,1.457030,0.016750,2011-12-05T10:59:00+00:00,2011-12-15T10:30:00+00:00,REV
SHORT,1.457030,1.459820,-0.002790,2011-12-15T10:30:00+00:00,2011-12-21T00:24:00+00:00,REV
LONG,1.459820,1.459220,-0.000600,2011-12-21T00:24:00+00:00,2011-12-26T11:04:00+00:00,REV
SHORT,1.459220,1.469790,-0.010570,2011-12-26T11:04:00+00:00,2011-12-27T09:28:00+00:00,REV
LONG,1.469790,1.458810,-0.010980,2011-12-27T09:28:00+00:00,2011-12-28T15:54:00+00:00,REV
SHORT,1.458810,1.460060,-0.001250,2011-12-28T15:54:00+00:00,2012-01-03T07:19:00+00:00,REV
LONG,1.460060,1.469020,0.008960,2012-01-03T07:19:00+00:00,2012-01-09T10:58:00+00:00,REV
SHORT,1.469020,1.462920,0.006100,2012-01-09T10:58:00+00:00,2012-01-16T08:47:00+00:00,REV
LONG,1.462920,1.453580,-0.009340,2012-01-16T08:47:00+00:00,2012-01-18T03:05:00+00:00,REV
SHORT,1.453580,1.458410,-0.004830,2012-01-18T03:05:00+00:00,2012-01-23T00:00:00+00:00,REV
LONG,1.458410,1.441780,-0.016630,2012-01-23T00:00:00+00:00,2012-01-23T15:02:00+00:00,REV
SHORT,1.441780,1.448930,-0.007150,2012-01-23T15:02:00+00:00,2012-01-31T17:48:00+00:00,REV
LONG,1.448930,1.447190,-0.001740,2012-01-31T17:48:00+00:00,2012-02-08T13:10:00+00:00,REV
SHORT,1.447190,1.445490,0.001700,2012-02-08T13:10:00+00:00,2012-02-15T15:13:00+00:00,REV
LONG,1.445490,1.449100,0.003610,2012-02-15T15:13:00+00:00,2012-02-20T11:51:00+00:00,REV
SHORT,1.449100,1.426880,0.022220,2012-02-20T11:51:00+00:00,2012-02-27T13:32:00+00:00,REV
LONG,1.426880,1.443030,0.016150,2012-02-27T13:32:00+00:00,2012-03-06T19:15:00+00:00,REV
SHORT,1.443030,1.444430,-0.001400,2012-03-06T19:15:00+00:00,2012-03-13T16:34:00+00:00,REV
LONG,1.444430,1.445450,0.001020,2012-03-13T16:34:00+00:00,2012-03-19T18:45:00+00:00,REV
SHORT,1.445450,1.450630,-0.005180,2012-03-19T18:45:00+00:00,2012-03-22T11:28:00+00:00,REV
LONG,1.450630,1.440260,-0.010370,2012-03-22T11:28:00+00:00,2012-03-26T01:29:00+00:00,REV
SHORT,1.440260,1.445990,-0.005730,2012-03-26T01:29:00+00:00,2012-03-27T16:47:00+00:00,REV
LONG,1.445990,1.439470,-0.006520,2012-03-27T16:47:00+00:00,2012-03-28T10:28:00+00:00,REV
SHORT,1.439470,1.446290,-0.006820,2012-03-28T10:28:00+00:00,2012-03-29T23:26:00+00:00,REV
LONG,1.446290,1.441520,-0.004770,2012-03-29T23:26:00+00:00,2012-04-03T17:41:00+00:00,REV
SHORT,1.441520,1.451610,-0.010090,2012-04-03T17:41:00+00:00,2012-04-04T11:28:00+00:00,REV
LONG,1.451610,1.454360,0.002750,2012-04-04T11:28:00+00:00,2012-04-10T15:05:00+00:00,REV
SHORT,1.454360,1.460110,-0.005750,2012-04-10T15:05:00+00:00,2012-04-11T22:08:00+00:00,REV
LONG,1.460110,1.466770,0.006660,2012-04-11T22:08:00+00:00,2012-04-25T11:30:00+00:00,REV
SHORT,1.466770,1.473040,-0.006270,2012-04-25T11:30:00+00:00,2012-04-27T00:39:00+00:00,REV
LONG,1.473040,1.469920,-0.003120,2012-04-27T00:39:00+00:00,2012-05-01T09:17:00+00:00,REV
SHORT,1.469920,1.479260,-0.009340,2012-05-01T09:17:00+00:00,2012-05-02T11:32:00+00:00,REV
LONG,1.479260,1.498260,0.019000,2012-05-02T11:32:00+00:00,2012-05-17T15:20:00+00:00,REV
SHORT,1.498260,1.493460,0.004800,2012-05-17T15:20:00+00:00,2012-05-23T00:58:00+00:00,REV
LONG,1.493460,1.500590,0.007130,2012-05-23T00:58:00+00:00,2012-05-31T07:59:00+00:00,REV
SHORT,1.500590,1.488610,0.011980,2012-05-31T07:59:00+00:00,2012-06-06T14:01:00+00:00,REV
LONG,1.488610,1.474200,-0.014410,2012-06-06T14:01:00+00:00,2012-06-11T00:00:00+00:00,REV
SHORT,1.474200,1.489120,-0.014920,2012-06-11T00:00:00+00:00,2012-06-11T14:37:00+00:00,REV
LONG,1.489120,1.481100,-0.008020,2012-06-11T14:37:00+00:00,2012-06-14T09:21:00+00:00,REV
SHORT,1.481100,1.493350,-0.012250,2012-06-14T09:21:00+00:00,2012-06-18T16:33:00+00:00,REV
LONG,1.493350,1.495430,0.002080,2012-06-18T16:33:00+00:00,2012-06-29T05:55:00+00:00,REV
SHORT,1.495430,1.499270,-0.003840,2012-06-29T05:55:00+00:00,2012-07-05T14:45:00+00:00,REV
LONG,1.499270,1.534400,0.035130,2012-07-05T14:45:00+00:00,2012-07-25T11:31:00+00:00,REV
SHORT,1.534400,1.539470,-0.005070,2012-07-25T11:31:00+00:00,2012-07-30T15:03:00+00:00,REV
LONG,1.539470,1.527210,-0.012260,2012-07-30T15:03:00+00:00,2012-08-01T10:16:00+00:00,REV
SHORT,1.527210,1.520070,0.007140,2012-08-01T10:16:00+00:00,2012-08-08T13:05:00+00:00,REV
LONG,1.520070,1.524120,0.004050,2012-08-08T13:05:00+00:00,2012-08-14T09:29:00+00:00,REV
SHORT,1.524120,1.534140,-0.010020,2012-08-14T09:29:00+00:00,2012-08-15T13:39:00+00:00,REV
LONG,1.534140,1.524280,-0.009860,2012-08-15T13:39:00+00:00,2012-08-21T10:28:00+00:00,REV
SHORT,1.524280,1.519050,0.005230,2012-08-21T10:28:00+00:00,2012-08-30T15:17:00+00:00,REV
LONG,1.519050,1.511040,-0.008010,2012-08-30T15:17:00+00:00,2012-08-31T12:40:00+00:00,REV
SHORT,1.511040,1.518600,-0.007560,2012-08-31T12:40:00+00:00,2012-09-04T17:43:00+00:00,REV
LONG,1.518600,1.515170,-0.003430,2012-09-04T17:43:00+00:00,2012-09-07T15:48:00+00:00,REV
SHORT,1.515170,1.515130,0.000040,2012-09-07T15:48:00+00:00,2012-09-13T18:41:00+00:00,REV
LONG,1.515130,1.505000,-0.010130,2012-09-13T18:41:00+00:00,2012-09-14T15:06:00+00:00,REV
SHORT,1.505000,1.510060,-0.005060,2012-09-14T15:06:00+00:00,2012-09-20T11:59:00+00:00,REV
LONG,1.510060,1.516570,0.006510,2012-09-20T11:59:00+00:00,2012-09-28T11:56:00+00:00,REV
SHORT,1.516570,1.505320,0.011250,2012-09-28T11:56:00+00:00,2012-10-10T00:05:00+00:00,REV
LONG,1.505320,1.498180,-0.007140,2012-10-10T00:05:00+00:00,2012-10-12T08:51:00+00:00,REV
SHORT,1.498180,1.489350,0.008830,2012-10-12T08:51:00+00:00,2012-10-23T16:09:00+00:00,REV
LONG,1.489350,1.499990,0.010640,2012-10-23T16:09:00+00:00,2012-10-30T03:20:00+00:00,REV
SHORT,1.499990,1.503410,-0.003420,2012-10-30T03:20:00+00:00,2012-11-01T09:59:00+00:00,REV
LONG,1.503410,1.505600,0.002190,2012-11-01T09:59:00+00:00,2012-11-07T06:16:00+00:00,REV
SHORT,1.505600,1.511560,-0.005960,2012-11-07T06:16:00+00:00,2012-11-07T15:08:00+00:00,REV
LONG,1.511560,1.507110,-0.004450,2012-11-07T15:08:00+00:00,2012-11-12T01:13:00+00:00,REV
SHORT,1.507110,1.503840,0.003270,2012-11-12T01:13:00+00:00,2012-11-19T07:01:00+00:00,REV
LONG,1.503840,1.494860,-0.008980,2012-11-19T07:01:00+00:00,2012-11-22T01:15:00+00:00,REV
SHORT,1.494860,1.491470,0.003390,2012-11-22T01:15:00+00:00,2012-11-27T15:37:00+00:00,REV
LONG,1.491470,1.483890,-0.007580,2012-11-27T15:37:00+00:00,2012-11-30T16:59:00+00:00,REV
SHORT,1.483890,1.489420,-0.005530,2012-11-30T16:59:00+00:00,2012-12-03T15:24:00+00:00,REV
LONG,1.489420,1.497580,0.008160,2012-12-03T15:24:00+00:00,2012-12-12T17:03:00+00:00,REV
SHORT,1.497580,1.476620,0.020960,2012-12-12T17:03:00+00:00,2012-12-28T12:28:00+00:00,REV
LONG,1.476620,1.483570,0.006950,2012-12-28T12:28:00+00:00,2013-01-07T18:11:00+00:00,REV
SHORT,1.483570,1.483820,-0.000250,2013-01-07T18:11:00+00:00,2013-01-14T21:46:00+00:00,REV
LONG,1.483820,1.485700,0.001880,2013-01-14T21:46:00+00:00,2013-01-18T13:40:00+00:00,REV
SHORT,1.485700,1.436520,0.049180,2013-01-18T13:40:00+00:00,2013-02-07T16:48:00+00:00,REV
LONG,1.436520,1.436800,0.000280,2013-02-07T16:48:00+00:00,2013-02-12T10:46:00+00:00,REV
SHORT,1.436800,1.423930,0.012870,2013-02-12T10:46:00+00:00,2013-02-22T14:39:00+00:00,REV
LONG,1.423930,1.401070,-0.022860,2013-02-22T14:39:00+00:00,2013-02-25T00:00:00+00:00,REV
SHORT,1.401070,1.417000,-0.015930,2013-02-25T00:00:00+00:00,2013-02-28T17:50:00+00:00,REV
LONG,1.417000,1.421090,0.004090,2013-02-28T17:50:00+00:00,2013-03-07T00:34:00+00:00,REV
SHORT,1.421090,1.421210,-0.000120,2013-03-07T00:34:00+00:00,2013-03-13T19:02:00+00:00,REV
LONG,1.421210,1.422530,0.001320,2013-03-13T19:02:00+00:00,2013-03-20T15:47:00+00:00,REV
SHORT,1.422530,1.434760,-0.012230,2013-03-20T15:47:00+00:00,2013-03-21T12:30:00+00:00,REV
LONG,1.434760,1.439970,0.005210,2013-03-21T12:30:00+00:00,2013-04-02T03:35:00+00:00,REV
SHORT,1.439970,1.433370,0.006600,2013-04-02T03:35:00+00:00,2013-04-12T10:30:00+00:00,REV
LONG,1.433370,1.423540,-0.009830,2013-04-12T10:30:00+00:00,2013-04-12T23:28:00+00:00,REV
SHORT,1.423540,1.425460,-0.001920,2013-04-12T23:28:00+00:00,2013-04-18T21:53:00+00:00,REV
LONG,1.425460,1.450040,0.024580,2013-04-18T21:53:00+00:00,2013-04-30T08:27:00+00:00,REV
SHORT,1.450040,1.452850,-0.002810,2013-04-30T08:27:00+00:00,2013-05-03T00:02:00+00:00,REV
LONG,1.452850,1.453360,0.000510,2013-05-03T00:02:00+00:00,2013-05-08T08:44:00+00:00,REV
SHORT,1.453360,1.465990,-0.012630,2013-05-08T08:44:00+00:00,2013-05-09T21:07:00+00:00,REV
LONG,1.465990,1.462520,-0.003470,2013-05-09T21:07:00+00:00,2013-05-14T03:28:00+00:00,REV
SHORT,1.462520,1.474200,-0.011680,2013-05-14T03:28:00+00:00,2013-05-15T10:07:00+00:00,REV
LONG,1.474200,1.468940,-0.005260,2013-05-15T10:07:00+00:00,2013-05-21T11:51:00+00:00,REV
SHORT,1.468940,1.465660,0.003280,2013-05-21T11:51:00+00:00,2013-05-28T16:56:00+00:00,REV
LONG,1.465660,1.451190,-0.014470,2013-05-28T16:56:00+00:00,2013-05-29T14:05:00+00:00,REV
SHORT,1.451190,1.459220,-0.008030,2013-05-29T14:05:00+00:00,2013-06-03T11:01:00+00:00,REV
LONG,1.459220,1.446270,-0.012950,2013-06-03T11:01:00+00:00,2013-06-06T19:24:00+00:00,REV
SHORT,1.446270,1.456810,-0.010540,2013-06-06T19:24:00+00:00,2013-06-10T10:08:00+00:00,REV
LONG,1.456810,1.440350,-0.016460,2013-06-10T10:08:00+00:00,2013-06-11T13:22:00+00:00,REV
SHORT,1.440350,1.450990,-0.010640,2013-06-11T13:22:00+00:00,2013-06-17T04:16:00+00:00,REV
LONG,1.450990,1.442450,-0.008540,2013-06-17T04:16:00+00:00,2013-06-18T11:48:00+00:00,REV
SHORT,1.442450,1.442210,0.000240,2013-06-18T11:48:00+00:00,2013-06-25T04:03:00+00:00,REV
LONG,1.442210,1.438880,-0.003330,2013-06-25T04:03:00+00:00,2013-06-28T13:59:00+00:00,REV
SHORT,1.438880,1.446020,-0.007140,2013-06-28T13:59:00+00:00,2013-07-01T17:00:00+00:00,REV
LONG,1.446020,1.436950,-0.009070,2013-07-01T17:00:00+00:00,2013-07-04T14:01:00+00:00,REV
SHORT,1.436950,1.442150,-0.005200,2013-07-04T14:01:00+00:00,2013-07-09T08:52:00+00:00,REV
LONG,1.442150,1.435730,-0.006420,2013-07-09T08:52:00+00:00,2013-07-11T00:43:00+00:00,REV
SHORT,1.435730,1.434700,0.001030,2013-07-11T00:43:00+00:00,2013-07-18T12:56:00+00:00,REV
LONG,1.434700,1.434610,-0.000090,2013-07-18T12:56:00+00:00,2013-07-25T12:31:00+00:00,REV
SHORT,1.434610,1.419490,0.015120,2013-07-25T12:31:00+00:00,2013-08-02T11:30:00+00:00,REV
LONG,1.419490,1.418600,-0.000890,2013-08-02T11:30:00+00:00,2013-08-07T03:57:00+00:00,REV
SHORT,1.418600,1.430690,-0.012090,2013-08-07T03:57:00+00:00,2013-08-07T13:53:00+00:00,REV
LONG,1.430690,1.441710,0.011020,2013-08-07T13:53:00+00:00,2013-08-20T10:54:00+00:00,REV
SHORT,1.441710,1.437650,0.004060,2013-08-20T10:54:00+00:00,2013-08-29T09:50:00+00:00,REV
LONG,1.437650,1.470480,0.032830,2013-08-29T09:50:00+00:00,2013-09-18T21:00:00+00:00,REV
SHORT,1.470480,1.464790,0.005690,2013-09-18T21:00:00+00:00,2013-09-27T08:20:00+00:00,REV
LONG,1.464790,1.455720,-0.009070,2013-09-27T08:20:00+00:00,2013-09-27T15:27:00+00:00,REV
SHORT,1.455720,1.466820,-0.011100,2013-09-27T15:27:00+00:00,2013-10-01T04:28:00+00:00,REV
LONG,1.466820,1.460750,-0.006070,2013-10-01T04:28:00+00:00,2013-10-03T10:49:00+00:00,REV
SHORT,1.460750,1.456180,0.004570,2013-10-03T10:49:00+00:00,2013-10-08T09:37:00+00:00,REV
LONG,1.456180,1.452640,-0.003540,2013-10-08T09:37:00+00:00,2013-10-17T10:35:00+00:00,REV
SHORT,1.452640,1.446120,0.006520,2013-10-17T10:35:00+00:00,2013-10-31T13:20:00+00:00,REV
LONG,1.446120,1.467750,0.021630,2013-10-31T13:20:00+00:00,2013-11-12T11:10:00+00:00,REV
SHORT,1.467750,1.471810,-0.004060,2013-11-12T11:10:00+00:00,2013-11-14T14:19:00+00:00,REV
LONG,1.471810,1.466370,-0.005440,2013-11-14T14:19:00+00:00,2013-11-20T01:14:00+00:00,REV
SHORT,1.466370,1.475760,-0.009390,2013-11-20T01:14:00+00:00,2013-11-20T17:22:00+00:00,REV
LONG,1.475760,1.469400,-0.006360,2013-11-20T17:22:00+00:00,2013-11-26T10:24:00+00:00,REV
SHORT,1.469400,1.475260,-0.005860,2013-11-26T10:24:00+00:00,2013-11-27T13:34:00+00:00,REV
LONG,1.475260,1.480910,0.005650,2013-11-27T13:34:00+00:00,2013-12-04T10:41:00+00:00,REV
SHORT,1.480910,1.451480,0.029430,2013-12-04T10:41:00+00:00,2013-12-18T11:38:00+00:00,REV
LONG,1.451480,1.461450,0.009970,2013-12-18T11:38:00+00:00,2013-12-23T15:59:00+00:00,REV
SHORT,1.461450,1.468560,-0.007110,2013-12-23T15:59:00+00:00,2013-12-26T14:54:00+00:00,REV
LONG,1.468560,1.459070,-0.009490,2013-12-26T14:54:00+00:00,2013-12-27T13:41:00+00:00,REV
SHORT,1.459070,1.472050,-0.012980,2013-12-27T13:41:00+00:00,2013-12-31T11:04:00+00:00,REV
LONG,1.472050,1.487870,0.015820,2013-12-31T11:04:00+00:00,2014-01-10T11:35:00+00:00,REV
SHORT,1.487870,1.488710,-0.000840,2014-01-10T11:35:00+00:00,2014-01-15T11:01:00+00:00,REV
LONG,1.488710,1.478230,-0.010480,2014-01-15T11:01:00+00:00,2014-01-17T04:02:00+00:00,REV
SHORT,1.478230,1.491350,-0.013120,2014-01-17T04:02:00+00:00,2014-01-17T11:54:00+00:00,REV
LONG,1.491350,1.493970,0.002620,2014-01-17T11:54:00+00:00,2014-01-23T19:24:00+00:00,REV
SHORT,1.493970,1.492620,0.001350,2014-01-23T19:24:00+00:00,2014-01-31T16:57:00+00:00,REV
LONG,1.492620,1.478580,-0.014040,2014-01-31T16:57:00+00:00,2014-02-03T11:59:00+00:00,REV
SHORT,1.478580,1.477650,0.000930,2014-02-03T11:59:00+00:00,2014-02-11T20:10:00+00:00,REV
LONG,1.477650,1.484740,0.007090,2014-02-11T20:10:00+00:00,2014-02-18T11:30:00+00:00,REV
SHORT,1.484740,1.482510,0.002230,2014-02-18T11:30:00+00:00,2014-02-26T12:37:00+00:00,REV
LONG,1.482510,1.477910,-0.004600,2014-02-26T12:37:00+00:00,2014-02-28T12:00:00+00:00,REV
SHORT,1.477910,1.479760,-0.001850,2014-02-28T12:00:00+00:00,2014-03-05T09:12:00+00:00,REV
LONG,1.479760,1.472710,-0.007050,2014-03-05T09:12:00+00:00,2014-03-07T00:47:00+00:00,REV
SHORT,1.472710,1.455800,0.016910,2014-03-07T00:47:00+00:00,2014-03-19T12:30:00+00:00,REV
LONG,1.455800,1.451880,-0.003920,2014-03-19T12:30:00+00:00,2014-03-24T00:00:00+00:00,REV
SHORT,1.451880,1.462020,-0.010140,2014-03-24T00:00:00+00:00,2014-03-25T17:00:00+00:00,REV
LONG,1.462020,1.468920,0.006900,2014-03-25T17:00:00+00:00,2014-04-01T12:00:00+00:00,REV
SHORT,1.468920,1.475610,-0.006690,2014-04-01T12:00:00+00:00,2014-04-03T03:58:00+00:00,REV
LONG,1.475610,1.473410,-0.002200,2014-04-03T03:58:00+00:00,2014-04-10T11:32:00+00:00,REV
SHORT,1.473410,1.471910,0.001500,2014-04-10T11:32:00+00:00,2014-04-15T00:39:00+00:00,REV
LONG,1.471910,1.482190,0.010280,2014-04-15T00:39:00+00:00,2014-04-23T11:30:00+00:00,REV
SHORT,1.482190,1.483970,-0.001780,2014-04-23T11:30:00+00:00,2014-04-29T15:11:00+00:00,REV
LONG,1.483970,1.481220,-0.002750,2014-04-29T15:11:00+00:00,2014-05-02T20:15:00+00:00,REV
SHORT,1.481220,1.484950,-0.003730,2014-05-02T20:15:00+00:00,2014-05-07T09:27:00+00:00,REV
LONG,1.484950,1.479360,-0.005590,2014-05-07T09:27:00+00:00,2014-05-08T14:55:00+00:00,REV
SHORT,1.479360,1.485920,-0.006560,2014-05-08T14:55:00+00:00,2014-05-08T16:12:00+00:00,REV
LONG,1.485920,1.492930,0.007010,2014-05-08T16:12:00+00:00,2014-05-14T12:30:00+00:00,REV
SHORT,1.492930,1.500710,-0.007780,2014-05-14T12:30:00+00:00,2014-05-15T13:05:00+00:00,REV
LONG,1.500710,1.505790,0.005080,2014-05-15T13:05:00+00:00,2014-05-27T03:31:00+00:00,REV
SHORT,1.505790,1.504880,0.000910,2014-05-27T03:31:00+00:00,2014-06-02T22:02:00+00:00,REV
LONG,1.504880,1.498930,-0.005950,2014-06-02T22:02:00+00:00,2014-06-04T11:10:00+00:00,REV
SHORT,1.498930,1.507750,-0.008820,2014-06-04T11:10:00+00:00,2014-06-05T15:31:00+00:00,REV
LONG,1.507750,1.498440,-0.009310,2014-06-05T15:31:00+00:00,2014-06-05T20:53:00+00:00,REV
SHORT,1.498440,1.507830,-0.009390,2014-06-05T20:53:00+00:00,2014-06-10T03:48:00+00:00,REV
LONG,1.507830,1.521090,0.013260,2014-06-10T03:48:00+00:00,2014-06-18T13:08:00+00:00,REV
SHORT,1.521090,1.521820,-0.000730,2014-06-18T13:08:00+00:00,2014-07-01T21:05:00+00:00,REV
LONG,1.521820,1.528500,0.006680,2014-07-01T21:05:00+00:00,2014-07-08T11:30:00+00:00,REV
SHORT,1.528500,1.529910,-0.001410,2014-07-08T11:30:00+00:00,2014-07-15T11:36:00+00:00,REV
LONG,1.529910,1.534080,0.004170,2014-07-15T11:36:00+00:00,2014-07-18T01:03:00+00:00,REV
SHORT,1.534080,1.535950,-0.001870,2014-07-18T01:03:00+00:00,2014-07-22T10:51:00+00:00,REV
LONG,1.535950,1.532420,-0.003530,2014-07-22T10:51:00+00:00,2014-07-24T11:44:00+00:00,REV
SHORT,1.532420,1.537040,-0.004620,2014-07-24T11:44:00+00:00,2014-07-30T03:58:00+00:00,REV
LONG,1.537040,1.532620,-0.004420,2014-07-30T03:58:00+00:00,2014-07-31T11:43:00+00:00,REV
SHORT,1.532620,1.535380,-0.002760,2014-07-31T11:43:00+00:00,2014-08-05T17:32:00+00:00,REV
LONG,1.535380,1.527540,-0.007840,2014-08-05T17:32:00+00:00,2014-08-07T15:49:00+00:00,REV
SHORT,1.527540,1.527770,-0.000230,2014-08-07T15:49:00+00:00,2014-08-13T10:02:00+00:00,REV
LONG,1.527770,1.518440,-0.009330,2014-08-13T10:02:00+00:00,2014-08-13T13:36:00+00:00,REV
SHORT,1.518440,1.515880,0.002560,2014-08-13T13:36:00+00:00,2014-08-18T18:14:00+00:00,REV
LONG,1.515880,1.510440,-0.005440,2014-08-18T18:14:00+00:00,2014-08-22T05:31:00+00:00,REV
SHORT,1.510440,1.518200,-0.007760,2014-08-22T05:31:00+00:00,2014-08-25T00:01:00+00:00,REV
LONG,1.518200,1.515370,-0.002830,2014-08-25T00:01:00+00:00,2014-08-27T18:48:00+00:00,REV
SHORT,1.515370,1.519960,-0.004590,2014-08-27T18:48:00+00:00,2014-08-29T10:22:00+00:00,REV
LONG,1.519960,1.515280,-0.004680,2014-08-29T10:22:00+00:00,2014-09-02T19:30:00+00:00,REV
SHORT,1.515280,1.511780,0.003500,2014-09-02T19:30:00+00:00,2014-09-10T15:44:00+00:00,REV
LONG,1.511780,1.514460,0.002680,2014-09-10T15:44:00+00:00,2014-09-16T09:54:00+00:00,REV
SHORT,1.514460,1.522840,-0.008380,2014-09-16T09:54:00+00:00,2014-09-17T10:36:00+00:00,REV
LONG,1.522840,1.542350,0.019510,2014-09-17T10:36:00+00:00,2014-09-29T15:01:00+00:00,REV
SHORT,1.542350,1.547570,-0.005220,2014-09-29T15:01:00+00:00,2014-09-30T09:42:00+00:00,REV
LONG,1.547570,1.543430,-0.004140,2014-09-30T09:42:00+00:00,2014-10-02T13:25:00+00:00,REV
SHORT,1.543430,1.521640,0.021790,2014-10-02T13:25:00+00:00,2014-10-17T17:59:00+00:00,REV
LONG,1.521640,1.526240,0.004600,2014-10-17T17:59:00+00:00,2014-10-29T13:25:00+00:00,REV
SHORT,1.526240,1.532230,-0.005990,2014-10-29T13:25:00+00:00,2014-10-30T11:07:00+00:00,REV
LONG,1.532230,1.534030,0.001800,2014-10-30T11:07:00+00:00,2014-11-05T08:15:00+00:00,REV
SHORT,1.534030,1.542990,-0.008960,2014-11-05T08:15:00+00:00,2014-11-06T15:37:00+00:00,REV
LONG,1.542990,1.531370,-0.011620,2014-11-06T15:37:00+00:00,2014-11-10T00:00:00+00:00,REV
SHORT,1.531370,1.537300,-0.005930,2014-11-10T00:00:00+00:00,2014-11-12T10:34:00+00:00,REV
LONG,1.537300,1.529710,-0.007590,2014-11-12T10:34:00+00:00,2014-11-12T13:13:00+00:00,REV
SHORT,1.529710,1.506880,0.022830,2014-11-12T13:13:00+00:00,2014-11-21T10:43:00+00:00,REV
LONG,1.506880,1.513890,0.007010,2014-11-21T10:43:00+00:00,2014-11-26T00:06:00+00:00,REV
SHORT,1.513890,1.521990,-0.008100,2014-11-26T00:06:00+00:00,2014-11-26T14:13:00+00:00,REV
LONG,1.521990,1.511950,-0.010040,2014-11-26T14:13:00+00:00,2014-11-28T13:47:00+00:00,REV
SHORT,1.511950,1.518880,-0.006930,2014-11-28T13:47:00+00:00,2014-12-02T03:54:00+00:00,REV
LONG,1.518880,1.517590,-0.001290,2014-12-02T03:54:00+00:00,2014-12-09T17:04:00+00:00,REV
SHORT,1.517590,1.525000,-0.007410,2014-12-09T17:04:00+00:00,2014-12-12T09:05:00+00:00,REV
LONG,1.525000,1.510440,-0.014560,2014-12-12T09:05:00+00:00,2014-12-15T17:16:00+00:00,REV
SHORT,1.510440,1.518310,-0.007870,2014-12-15T17:16:00+00:00,2014-12-18T08:53:00+00:00,REV
LONG,1.518310,1.530890,0.012580,2014-12-18T08:53:00+00:00,2014-12-23T11:31:00+00:00,REV
SHORT,1.530890,1.535060,-0.004170,2014-12-23T11:31:00+00:00,2014-12-26T13:27:00+00:00,REV
LONG,1.535060,1.537690,0.002630,2014-12-26T13:27:00+00:00,2015-01-02T17:59:00+00:00,REV
SHORT,1.537690,1.537010,0.000680,2015-01-02T17:59:00+00:00,2015-01-08T12:11:00+00:00,REV
LONG,1.537010,1.355000,-0.182010,2015-01-08T12:11:00+00:00,2015-01-15T12:35:00+00:00,REV
SHORT,1.355000,1.322920,0.032080,2015-01-15T12:35:00+00:00,2015-01-26T00:30:00+00:00,REV
LONG,1.322920,1.400920,0.078000,2015-01-26T00:30:00+00:00,2015-02-09T20:15:00+00:00,REV
SHORT,1.400920,1.417260,-0.016340,2015-02-09T20:15:00+00:00,2015-02-11T12:02:00+00:00,REV
LONG,1.417260,1.466320,0.049060,2015-02-11T12:02:00+00:00,2015-02-27T07:46:00+00:00,REV
SHORT,1.466320,1.476110,-0.009790,2015-02-27T07:46:00+00:00,2015-03-03T10:14:00+00:00,REV
LONG,1.476110,1.466860,-0.009250,2015-03-03T10:14:00+00:00,2015-03-04T17:41:00+00:00,REV
SHORT,1.466860,1.479760,-0.012900,2015-03-04T17:41:00+00:00,2015-03-05T17:58:00+00:00,REV
LONG,1.479760,1.490840,0.011080,2015-03-05T17:58:00+00:00,2015-03-13T13:19:00+00:00,REV
SHORT,1.490840,1.432890,0.057950,2015-03-13T13:19:00+00:00,2015-03-27T08:44:00+00:00,REV
LONG,1.432890,1.428260,-0.004630,2015-03-27T08:44:00+00:00,2015-04-02T11:22:00+00:00,REV
SHORT,1.428260,1.428710,-0.000450,2015-04-02T11:22:00+00:00,2015-04-07T11:23:00+00:00,REV
LONG,1.428710,1.431490,0.002780,2015-04-07T11:23:00+00:00,2015-04-13T06:02:00+00:00,REV
SHORT,1.431490,1.440440,-0.008950,2015-04-13T06:02:00+00:00,2015-04-13T13:29:00+00:00,REV
LONG,1.440440,1.428410,-0.012030,2015-04-13T13:29:00+00:00,2015-04-16T03:18:00+00:00,REV
SHORT,1.428410,1.433640,-0.005230,2015-04-16T03:18:00+00:00,2015-04-22T13:53:00+00:00,REV
LONG,1.433640,1.446830,0.013190,2015-04-22T13:53:00+00:00,2015-04-30T10:38:00+00:00,REV
SHORT,1.446830,1.408500,0.038330,2015-04-30T10:38:00+00:00,2015-05-08T00:00:00+00:00,REV
LONG,1.408500,1.441100,0.032600,2015-05-08T00:00:00+00:00,2015-05-14T09:01:00+00:00,REV
SHORT,1.441100,1.456380,-0.015280,2015-05-14T09:01:00+00:00,2015-05-19T10:05:00+00:00,REV
LONG,1.456380,1.456230,-0.000150,2015-05-19T10:05:00+00:00,2015-05-27T18:17:00+00:00,REV
SHORT,1.456230,1.438740,0.017490,2015-05-27T18:17:00+00:00,2015-06-05T15:39:00+00:00,REV
LONG,1.438740,1.425410,-0.013330,2015-06-05T15:39:00+00:00,2015-06-08T18:45:00+00:00,REV
SHORT,1.425410,1.439080,-0.013670,2015-06-08T18:45:00+00:00,2015-06-10T14:42:00+00:00,REV
LONG,1.439080,1.454720,0.015640,2015-06-10T14:42:00+00:00,2015-06-22T00:00:00+00:00,REV
SHORT,1.454720,1.467710,-0.012990,2015-06-22T00:00:00+00:00,2015-06-23T12:09:00+00:00,REV
LONG,1.467710,1.463430,-0.004280,2015-06-23T12:09:00+00:00,2015-06-29T17:00:00+00:00,REV
SHORT,1.463430,1.480090,-0.016660,2015-06-29T17:00:00+00:00,2015-07-01T21:33:00+00:00,REV
LONG,1.480090,1.465510,-0.014580,2015-07-01T21:33:00+00:00,2015-07-03T18:31:00+00:00,REV
SHORT,1.465510,1.464580,0.000930,2015-07-03T18:31:00+00:00,2015-07-13T10:54:00+00:00,REV
LONG,1.464580,1.492500,0.027920,2015-07-13T10:54:00+00:00,2015-07-21T13:11:00+00:00,REV
SHORT,1.492500,1.504140,-0.011640,2015-07-21T13:11:00+00:00,2015-07-22T17:25:00+00:00,REV
LONG,1.504140,1.487250,-0.016890,2015-07-22T17:25:00+00:00,2015-07-23T11:35:00+00:00,REV
SHORT,1.487250,1.499190,-0.011940,2015-07-23T11:35:00+00:00,2015-07-28T08:23:00+00:00,REV
LONG,1.499190,1.499340,0.000150,2015-07-28T08:23:00+00:00,2015-07-31T11:55:00+00:00,REV
SHORT,1.499340,1.514140,-0.014800,2015-07-31T11:55:00+00:00,2015-08-04T14:47:00+00:00,REV
LONG,1.514140,1.519130,0.004990,2015-08-04T14:47:00+00:00,2015-08-07T10:35:00+00:00,REV
SHORT,1.519130,1.535280,-0.016150,2015-08-07T10:35:00+00:00,2015-08-11T05:02:00+00:00,REV
LONG,1.535280,1.518020,-0.017260,2015-08-11T05:02:00+00:00,2015-08-12T12:56:00+00:00,REV
SHORT,1.518020,1.530650,-0.012630,2015-08-12T12:56:00+00:00,2015-08-17T04:42:00+00:00,REV
LONG,1.530650,1.520030,-0.010620,2015-08-17T04:42:00+00:00,2015-08-19T17:41:00+00:00,REV
SHORT,1.520030,1.489870,0.030160,2015-08-19T17:41:00+00:00,2015-08-28T03:54:00+00:00,REV
LONG,1.489870,1.473330,-0.016540,2015-08-28T03:54:00+00:00,2015-09-01T10:29:00+00:00,REV
SHORT,1.473330,1.485620,-0.012290,2015-09-01T10:29:00+00:00,2015-09-03T15:35:00+00:00,REV
LONG,1.485620,1.493600,0.007980,2015-09-03T15:35:00+00:00,2015-09-14T16:13:00+00:00,REV
SHORT,1.493600,1.502220,-0.008620,2015-09-14T16:13:00+00:00,2015-09-16T12:17:00+00:00,REV
LONG,1.502220,1.490520,-0.011700,2015-09-16T12:17:00+00:00,2015-09-18T13:26:00+00:00,REV
SHORT,1.490520,1.509790,-0.019270,2015-09-18T13:26:00+00:00,2015-09-21T17:28:00+00:00,REV
LONG,1.509790,1.493540,-0.016250,2015-09-21T17:28:00+00:00,2015-09-23T10:21:00+00:00,REV
SHORT,1.493540,1.482890,0.010650,2015-09-23T10:21:00+00:00,2015-10-01T16:18:00+00:00,REV
LONG,1.482890,1.470180,-0.012710,2015-10-01T16:18:00+00:00,2015-10-02T15:49:00+00:00,REV
SHORT,1.470180,1.481780,-0.011600,2015-10-02T15:49:00+00:00,2015-10-07T12:41:00+00:00,REV
LONG,1.481780,1.471200,-0.010580,2015-10-07T12:41:00+00:00,2015-10-09T18:15:00+00:00,REV
SHORT,1.471200,1.474290,-0.003090,2015-10-09T18:15:00+00:00,2015-10-16T10:07:00+00:00,REV
LONG,1.474290,1.519150,0.044860,2015-10-16T10:07:00+00:00,2015-11-05T15:07:00+00:00,REV
SHORT,1.519150,1.518320,0.000830,2015-11-05T15:07:00+00:00,2015-11-10T08:26:00+00:00,REV
LONG,1.518320,1.545660,0.027340,2015-11-10T08:26:00+00:00,2015-11-23T09:24:00+00:00,REV
SHORT,1.545660,1.547610,-0.001950,2015-11-23T09:24:00+00:00,2015-11-26T15:30:00+00:00,REV
LONG,1.547610,1.544100,-0.003510,2015-11-26T15:30:00+00:00,2015-12-02T10:14:00+00:00,REV
SHORT,1.544100,1.474730,0.069370,2015-12-02T10:14:00+00:00,2015-12-31T14:38:00+00:00,REV
LONG,1.474730,1.471650,-0.003080,2015-12-31T14:38:00+00:00,2016-01-07T03:30:00+00:00,REV
SHORT,1.471650,1.458480,0.013170,2016-01-07T03:30:00+00:00,2016-01-13T11:26:00+00:00,REV
LONG,1.458480,1.439250,-0.019230,2016-01-13T11:26:00+00:00,2016-01-15T11:00:00+00:00,REV
SHORT,1.439250,1.439010,0.000240,2016-01-15T11:00:00+00:00,2016-01-22T09:28:00+00:00,REV
LONG,1.439010,1.460800,0.021790,2016-01-22T09:28:00+00:00,2016-02-04T13:38:00+00:00,REV
SHORT,1.460800,1.420860,0.039940,2016-02-04T13:38:00+00:00,2016-02-12T12:11:00+00:00,REV
LONG,1.420860,1.409700,-0.011160,2016-02-12T12:11:00+00:00,2016-02-17T06:41:00+00:00,REV
SHORT,1.409700,1.392430,0.017270,2016-02-17T06:41:00+00:00,2016-02-29T17:57:00+00:00,REV
LONG,1.392430,1.406330,0.013900,2016-02-29T17:57:00+00:00,2016-03-10T19:24:00+00:00,REV
SHORT,1.406330,1.402900,0.003430,2016-03-10T19:24:00+00:00,2016-03-18T16:01:00+00:00,REV
LONG,1.402900,1.391900,-0.011000,2016-03-18T16:01:00+00:00,2016-03-22T10:43:00+00:00,REV
SHORT,1.391900,1.383190,0.008710,2016-03-22T10:43:00+00:00,2016-03-28T01:02:00+00:00,REV
LONG,1.383190,1.384160,0.000970,2016-03-28T01:02:00+00:00,2016-03-31T06:31:00+00:00,REV
SHORT,1.384160,1.352110,0.032050,2016-03-31T06:31:00+00:00,2016-04-11T11:00:00+00:00,REV
LONG,1.352110,1.410740,0.058630,2016-04-11T11:00:00+00:00,2016-04-28T00:19:00+00:00,REV
SHORT,1.410740,1.404190,0.006550,2016-04-28T00:19:00+00:00,2016-05-05T18:42:00+00:00,REV
LONG,1.404190,1.398470,-0.005720,2016-05-05T18:42:00+00:00,2016-05-12T12:23:00+00:00,REV
SHORT,1.398470,1.407650,-0.009180,2016-05-12T12:23:00+00:00,2016-05-16T18:46:00+00:00,REV
LONG,1.407650,1.435200,0.027550,2016-05-16T18:46:00+00:00,2016-05-23T00:57:00+00:00,REV
SHORT,1.435200,1.448910,-0.013710,2016-05-23T00:57:00+00:00,2016-05-24T13:34:00+00:00,REV
LONG,1.448910,1.447750,-0.001160,2016-05-24T13:34:00+00:00,2016-05-27T12:17:00+00:00,REV
SHORT,1.447750,1.456060,-0.008310,2016-05-27T12:17:00+00:00,2016-05-31T04:16:00+00:00,REV
LONG,1.456060,1.447710,-0.008350,2016-05-31T04:16:00+00:00,2016-05-31T10:54:00+00:00,REV
SHORT,1.447710,1.375320,0.072390,2016-05-31T10:54:00+00:00,2016-06-16T20:11:00+00:00,REV
LONG,1.375320,1.403690,0.028370,2016-06-16T20:11:00+00:00,2016-06-24T02:17:00+00:00,REV
SHORT,1.403690,1.313900,0.089790,2016-06-24T02:17:00+00:00,2016-06-29T10:31:00+00:00,REV
LONG,1.313900,1.291960,-0.021940,2016-06-29T10:31:00+00:00,2016-07-01T13:26:00+00:00,REV
SHORT,1.291960,1.274860,0.017100,2016-07-01T13:26:00+00:00,2016-07-08T15:49:00+00:00,REV
LONG,1.274860,1.291240,0.016380,2016-07-08T15:49:00+00:00,2016-07-19T19:08:00+00:00,REV
SHORT,1.291240,1.305120,-0.013880,2016-07-19T19:08:00+00:00,2016-07-21T00:02:00+00:00,REV
LONG,1.305120,1.289560,-0.015560,2016-07-21T00:02:00+00:00,2016-07-26T09:23:00+00:00,REV
SHORT,1.289560,1.305710,-0.016150,2016-07-26T09:23:00+00:00,2016-07-27T03:09:00+00:00,REV
LONG,1.305710,1.287370,-0.018340,2016-07-27T03:09:00+00:00,2016-07-29T11:57:00+00:00,REV
SHORT,1.287370,1.288870,-0.001500,2016-07-29T11:57:00+00:00,2016-08-03T11:19:00+00:00,REV
LONG,1.288870,1.275150,-0.013720,2016-08-03T11:19:00+00:00,2016-08-05T00:00:00+00:00,REV
SHORT,1.275150,1.257050,0.018100,2016-08-05T00:00:00+00:00,2016-08-18T11:30:00+00:00,REV
LONG,1.257050,1.250950,-0.006100,2016-08-18T11:30:00+00:00,2016-08-19T16:22:00+00:00,REV
SHORT,1.250950,1.262850,-0.011900,2016-08-19T16:22:00+00:00,2016-08-22T11:06:00+00:00,REV
LONG,1.262850,1.300380,0.037530,2016-08-22T11:06:00+00:00,2016-09-07T03:45:00+00:00,REV
SHORT,1.300380,1.265050,0.035330,2016-09-07T03:45:00+00:00,2016-09-28T09:03:00+00:00,REV
LONG,1.265050,1.253060,-0.011990,2016-09-28T09:03:00+00:00,2016-09-29T19:20:00+00:00,REV
SHORT,1.253060,1.213450,0.039610,2016-09-29T19:20:00+00:00,2016-10-18T12:56:00+00:00,REV
LONG,1.213450,1.209960,-0.003490,2016-10-18T12:56:00+00:00,2016-10-25T16:47:00+00:00,REV
SHORT,1.209960,1.212870,-0.002910,2016-10-25T16:47:00+00:00,2016-11-01T11:19:00+00:00,REV
LONG,1.212870,1.201170,-0.011700,2016-11-01T11:19:00+00:00,2016-11-01T15:19:00+00:00,REV
SHORT,1.201170,1.213140,-0.011970,2016-11-01T15:19:00+00:00,2016-11-03T15:01:00+00:00,REV
LONG,1.213140,1.206500,-0.006640,2016-11-03T15:01:00+00:00,2016-11-08T00:00:00+00:00,REV
SHORT,1.206500,1.217670,-0.011170,2016-11-08T00:00:00+00:00,2016-11-09T16:50:00+00:00,REV
LONG,1.217670,1.236810,0.019140,2016-11-09T16:50:00+00:00,2016-11-15T10:43:00+00:00,REV
SHORT,1.236810,1.251690,-0.014880,2016-11-15T10:43:00+00:00,2016-11-15T21:39:00+00:00,REV
LONG,1.251690,1.242290,-0.009400,2016-11-15T21:39:00+00:00,2016-11-18T15:08:00+00:00,REV
SHORT,1.242290,1.256400,-0.014110,2016-11-18T15:08:00+00:00,2016-11-21T15:26:00+00:00,REV
LONG,1.256400,1.256500,0.000100,2016-11-21T15:26:00+00:00,2016-11-28T12:00:00+00:00,REV
SHORT,1.256500,1.267540,-0.011040,2016-11-28T12:00:00+00:00,2016-11-29T14:17:00+00:00,REV
LONG,1.267540,1.278900,0.011360,2016-11-29T14:17:00+00:00,2016-12-07T02:34:00+00:00,REV
SHORT,1.278900,1.282110,-0.003210,2016-12-07T02:34:00+00:00,2016-12-09T12:08:00+00:00,REV
LONG,1.282110,1.276620,-0.005490,2016-12-09T12:08:00+00:00,2016-12-14T13:21:00+00:00,REV
SHORT,1.276620,1.262660,0.013960,2016-12-14T13:21:00+00:00,2016-12-27T04:02:00+00:00,REV
LONG,1.262660,1.256870,-0.005790,2016-12-27T04:02:00+00:00,2016-12-28T12:43:00+00:00,REV
SHORT,1.256870,1.259590,-0.002720,2016-12-28T12:43:00+00:00,2017-01-02T10:59:00+00:00,REV
LONG,1.259590,1.254890,-0.004700,2017-01-02T10:59:00+00:00,2017-01-05T02:05:00+00:00,REV
SHORT,1.254890,1.234070,0.020820,2017-01-05T02:05:00+00:00,2017-01-17T14:45:00+00:00,REV
LONG,1.234070,1.251780,0.017710,2017-01-17T14:45:00+00:00,2017-01-27T18:04:00+00:00,REV
SHORT,1.251780,1.257260,-0.005480,2017-01-27T18:04:00+00:00,2017-02-01T20:49:00+00:00,REV
LONG,1.257260,1.239110,-0.018150,2017-02-01T20:49:00+00:00,2017-02-03T17:01:00+00:00,REV
SHORT,1.239110,1.246410,-0.007300,2017-02-03T17:01:00+00:00,2017-02-07T20:05:00+00:00,REV
LONG,1.246410,1.250490,0.004080,2017-02-07T20:05:00+00:00,2017-02-16T02:54:00+00:00,REV
SHORT,1.250490,1.252250,-0.001760,2017-02-16T02:54:00+00:00,2017-02-21T02:54:00+00:00,REV
LONG,1.252250,1.256090,0.003840,2017-02-21T02:54:00+00:00,2017-02-24T17:43:00+00:00,REV
SHORT,1.256090,1.236780,0.019310,2017-02-24T17:43:00+00:00,2017-03-13T10:42:00+00:00,REV
LONG,1.236780,1.226960,-0.009820,2017-03-13T10:42:00+00:00,2017-03-14T09:06:00+00:00,REV
SHORT,1.226960,1.236070,-0.009110,2017-03-14T09:06:00+00:00,2017-03-17T20:20:00+00:00,REV
LONG,1.236070,1.231030,-0.005040,2017-03-17T20:20:00+00:00,2017-03-22T17:23:00+00:00,REV
SHORT,1.231030,1.242670,-0.011640,2017-03-22T17:23:00+00:00,2017-03-23T12:30:00+00:00,REV
LONG,1.242670,1.235250,-0.007420,2017-03-23T12:30:00+00:00,2017-03-27T00:00:00+00:00,REV
SHORT,1.235250,1.241800,-0.006550,2017-03-27T00:00:00+00:00,2017-03-29T14:50:00+00:00,REV
LONG,1.241800,1.255930,0.014130,2017-03-29T14:50:00+00:00,2017-04-14T05:09:00+00:00,REV
SHORT,1.255930,1.260940,-0.005010,2017-04-14T05:09:00+00:00,2017-04-17T17:03:00+00:00,REV
LONG,1.260940,1.255500,-0.005440,2017-04-17T17:03:00+00:00,2017-04-18T12:21:00+00:00,REV
SHORT,1.255500,1.262960,-0.007460,2017-04-18T12:21:00+00:00,2017-04-18T13:10:00+00:00,REV
LONG,1.262960,1.271150,0.008190,2017-04-18T13:10:00+00:00,2017-04-24T00:01:00+00:00,REV
SHORT,1.271150,1.277270,-0.006120,2017-04-24T00:01:00+00:00,2017-04-26T17:44:00+00:00,REV
LONG,1.277270,1.279690,0.002420,2017-04-26T17:44:00+00:00,2017-05-03T07:48:00+00:00,REV
SHORT,1.279690,1.282510,-0.002820,2017-05-03T07:48:00+00:00,2017-05-08T00:01:00+00:00,REV
LONG,1.282510,1.295340,0.012830,2017-05-08T00:01:00+00:00,2017-05-12T11:48:00+00:00,REV
SHORT,1.295340,1.268450,0.026890,2017-05-12T11:48:00+00:00,2017-05-24T12:13:00+00:00,REV
LONG,1.268450,1.258980,-0.009470,2017-05-24T12:13:00+00:00,2017-05-25T15:33:00+00:00,REV
SHORT,1.258980,1.259250,-0.000270,2017-05-25T15:33:00+00:00,2017-05-30T10:59:00+00:00,REV
LONG,1.259250,1.247270,-0.011980,2017-05-30T10:59:00+00:00,2017-05-31T00:37:00+00:00,REV
SHORT,1.247270,1.248860,-0.001590,2017-05-31T00:37:00+00:00,2017-06-07T14:29:00+00:00,REV
LONG,1.248860,1.239730,-0.009130,2017-06-07T14:29:00+00:00,2017-06-09T00:01:00+00:00,REV
SHORT,1.239730,1.237140,0.002590,2017-06-09T00:01:00+00:00,2017-06-14T09:18:00+00:00,REV
LONG,1.237140,1.239030,0.001890,2017-06-14T09:18:00+00:00,2017-06-20T10:30:00+00:00,REV
SHORT,1.239030,1.237850,0.001180,2017-06-20T10:30:00+00:00,2017-06-26T11:44:00+00:00,REV
LONG,1.237850,1.231410,-0.006440,2017-06-26T11:44:00+00:00,2017-06-27T13:09:00+00:00,REV
SHORT,1.231410,1.240240,-0.008830,2017-06-27T13:09:00+00:00,2017-06-28T16:42:00+00:00,REV
LONG,1.240240,1.244820,0.004580,2017-06-28T16:42:00+00:00,2017-07-05T00:09:00+00:00,REV
SHORT,1.244820,1.249540,-0.004720,2017-07-05T00:09:00+00:00,2017-07-05T12:33:00+00:00,REV
LONG,1.249540,1.243900,-0.005640,2017-07-05T12:33:00+00:00,2017-07-07T11:30:00+00:00,REV
SHORT,1.243900,1.246910,-0.003010,2017-07-07T11:30:00+00:00,2017-07-11T10:28:00+00:00,REV
LONG,1.246910,1.239590,-0.007320,2017-07-11T10:28:00+00:00,2017-07-11T20:35:00+00:00,REV
SHORT,1.239590,1.251910,-0.012320,2017-07-11T20:35:00+00:00,2017-07-13T18:29:00+00:00,REV
LONG,1.251910,1.250100,-0.001810,2017-07-13T18:29:00+00:00,2017-07-18T11:30:00+00:00,REV
SHORT,1.250100,1.237380,0.012720,2017-07-18T11:30:00+00:00,2017-07-25T14:52:00+00:00,REV
LONG,1.237380,1.273510,0.036130,2017-07-25T14:52:00+00:00,2017-08-03T15:00:00+00:00,REV
SHORT,1.273510,1.257160,0.016350,2017-08-03T15:00:00+00:00,2017-08-14T14:07:00+00:00,REV
LONG,1.257160,1.249540,-0.007620,2017-08-14T14:07:00+00:00,2017-08-16T20:42:00+00:00,REV
SHORT,1.249540,1.236670,0.012870,2017-08-16T20:42:00+00:00,2017-08-30T02:58:00+00:00,REV
LONG,1.236670,1.236910,0.000240,2017-08-30T02:58:00+00:00,2017-09-04T11:47:00+00:00,REV
SHORT,1.236910,1.247240,-0.010330,2017-09-04T11:47:00+00:00,2017-09-06T14:30:00+00:00,REV
LONG,1.247240,1.242180,-0.005060,2017-09-06T14:30:00+00:00,2017-09-08T04:11:00+00:00,REV
SHORT,1.242180,1.251350,-0.009170,2017-09-08T04:11:00+00:00,2017-09-08T17:00:00+00:00,REV
LONG,1.251350,1.303880,0.052530,2017-09-08T17:00:00+00:00,2017-09-25T18:49:00+00:00,REV
SHORT,1.303880,1.290160,0.013720,2017-09-25T18:49:00+00:00,2017-10-12T12:28:00+00:00,REV
LONG,1.290160,1.281240,-0.008920,2017-10-12T12:28:00+00:00,2017-10-12T14:02:00+00:00,REV
SHORT,1.281240,1.295780,-0.014540,2017-10-12T14:02:00+00:00,2017-10-13T09:47:00+00:00,REV
LONG,1.295780,1.290270,-0.005510,2017-10-13T09:47:00+00:00,2017-10-17T14:00:00+00:00,REV
SHORT,1.290270,1.296530,-0.006260,2017-10-17T14:00:00+00:00,2017-10-20T17:22:00+00:00,REV
LONG,1.296530,1.312340,0.015810,2017-10-20T17:22:00+00:00,2017-11-02T15:00:00+00:00,REV
SHORT,1.312340,1.314630,-0.002290,2017-11-02T15:00:00+00:00,2017-11-07T00:47:00+00:00,REV
LONG,1.314630,1.308070,-0.006560,2017-11-07T00:47:00+00:00,2017-11-09T13:29:00+00:00,REV
SHORT,1.308070,1.307840,0.000230,2017-11-09T13:29:00+00:00,2017-11-16T11:57:00+00:00,REV
LONG,1.307840,1.304260,-0.003580,2017-11-16T11:57:00+00:00,2017-11-23T11:20:00+00:00,REV
SHORT,1.304260,1.309000,-0.004740,2017-11-23T11:20:00+00:00,2017-11-27T11:59:00+00:00,REV
LONG,1.309000,1.303190,-0.005810,2017-11-27T11:59:00+00:00,2017-11-28T17:49:00+00:00,REV
SHORT,1.303190,1.312310,-0.009120,2017-11-28T17:49:00+00:00,2017-11-28T20:05:00+00:00,REV
LONG,1.312310,1.321980,0.009670,2017-11-28T20:05:00+00:00,2017-12-11T17:43:00+00:00,REV
SHORT,1.321980,1.326120,-0.004140,2017-12-11T17:43:00+00:00,2017-12-14T10:45:00+00:00,REV
LONG,1.326120,1.317150,-0.008970,2017-12-14T10:45:00+00:00,2017-12-18T00:01:00+00:00,REV
SHORT,1.317150,1.325800,-0.008650,2017-12-18T00:01:00+00:00,2017-12-20T15:55:00+00:00,REV
LONG,1.325800,1.320460,-0.005340,2017-12-20T15:55:00+00:00,2017-12-27T23:59:00+00:00,REV
SHORT,1.320460,1.322260,-0.001800,2017-12-27T23:59:00+00:00,2018-01-03T03:59:00+00:00,REV
LONG,1.322260,1.318690,-0.003570,2018-01-03T03:59:00+00:00,2018-01-05T00:00:00+00:00,REV
SHORT,1.318690,1.324760,-0.006070,2018-01-05T00:00:00+00:00,2018-01-05T16:07:00+00:00,REV
LONG,1.324760,1.319850,-0.004910,2018-01-05T16:07:00+00:00,2018-01-10T16:50:00+00:00,REV
SHORT,1.319850,1.330950,-0.011100,2018-01-10T16:50:00+00:00,2018-01-17T20:01:00+00:00,REV
LONG,1.330950,1.337860,0.006910,2018-01-17T20:01:00+00:00,2018-01-25T16:59:00+00:00,REV
SHORT,1.337860,1.324430,0.013430,2018-01-25T16:59:00+00:00,2018-02-01T09:49:00+00:00,REV
LONG,1.324430,1.316050,-0.008380,2018-02-01T09:49:00+00:00,2018-02-02T17:46:00+00:00,REV
SHORT,1.316050,1.313060,0.002990,2018-02-02T17:46:00+00:00,2018-02-08T08:00:00+00:00,REV
LONG,1.313060,1.300410,-0.012650,2018-02-08T08:00:00+00:00,2018-02-09T13:36:00+00:00,REV
SHORT,1.300410,1.302340,-0.001930,2018-02-09T13:36:00+00:00,2018-02-14T22:06:00+00:00,REV
LONG,1.302340,1.303760,0.001420,2018-02-14T22:06:00+00:00,2018-02-28T14:14:00+00:00,REV
SHORT,1.303760,1.304070,-0.000310,2018-02-28T14:14:00+00:00,2018-03-06T14:06:00+00:00,REV
LONG,1.304070,1.334220,0.030150,2018-03-06T14:06:00+00:00,2018-03-23T05:46:00+00:00,REV
SHORT,1.334220,1.346590,-0.012370,2018-03-23T05:46:00+00:00,2018-03-26T13:54:00+00:00,REV
LONG,1.346590,1.339030,-0.007560,2018-03-26T13:54:00+00:00,2018-03-30T03:54:00+00:00,REV
SHORT,1.339030,1.342630,-0.003600,2018-03-30T03:54:00+00:00,2018-04-03T04:03:00+00:00,REV
LONG,1.342630,1.372460,0.029830,2018-04-03T04:03:00+00:00,2018-04-19T11:31:00+00:00,REV
SHORT,1.372460,1.370780,0.001680,2018-04-19T11:31:00+00:00,2018-04-25T03:26:00+00:00,REV
LONG,1.370780,1.366390,-0.004390,2018-04-25T03:26:00+00:00,2018-04-27T12:42:00+00:00,REV
SHORT,1.366390,1.358050,0.008340,2018-04-27T12:42:00+00:00,2018-05-07T10:58:00+00:00,REV
LONG,1.358050,1.352180,-0.005870,2018-05-07T10:58:00+00:00,2018-05-10T16:09:00+00:00,REV
SHORT,1.352180,1.318560,0.033620,2018-05-10T16:09:00+00:00,2018-06-01T15:44:00+00:00,REV
LONG,1.318560,1.313220,-0.005340,2018-06-01T15:44:00+00:00,2018-06-07T16:51:00+00:00,REV
SHORT,1.313220,1.324410,-0.011190,2018-06-07T16:51:00+00:00,2018-06-11T09:19:00+00:00,REV
LONG,1.324410,1.316150,-0.008260,2018-06-11T09:19:00+00:00,2018-06-18T15:30:00+00:00,REV
SHORT,1.316150,1.317370,-0.001220,2018-06-18T15:30:00+00:00,2018-06-22T11:56:00+00:00,REV
LONG,1.317370,1.306420,-0.010950,2018-06-22T11:56:00+00:00,2018-06-25T10:20:00+00:00,REV
SHORT,1.306420,1.311530,-0.005110,2018-06-25T10:20:00+00:00,2018-06-29T17:57:00+00:00,REV
LONG,1.311530,1.310970,-0.000560,2018-06-29T17:57:00+00:00,2018-07-09T18:58:00+00:00,REV
SHORT,1.310970,1.320290,-0.009320,2018-07-09T18:58:00+00:00,2018-07-10T15:53:00+00:00,REV
LONG,1.320290,1.315980,-0.004310,2018-07-10T15:53:00+00:00,2018-07-17T13:15:00+00:00,REV
SHORT,1.315980,1.305040,0.010940,2018-07-17T13:15:00+00:00,2018-07-24T16:36:00+00:00,REV
LONG,1.305040,1.302210,-0.002830,2018-07-24T16:36:00+00:00,2018-07-27T00:00:00+00:00,REV
SHORT,1.302210,1.303200,-0.000990,2018-07-27T00:00:00+00:00,2018-08-02T14:00:00+00:00,REV
LONG,1.303200,1.294990,-0.008210,2018-08-02T14:00:00+00:00,2018-08-02T15:02:00+00:00,REV
SHORT,1.294990,1.269970,0.025020,2018-08-02T15:02:00+00:00,2018-08-17T09:43:00+00:00,REV
LONG,1.269970,1.265290,-0.004680,2018-08-17T09:43:00+00:00,2018-08-23T11:10:00+00:00,REV
SHORT,1.265290,1.265650,-0.000360,2018-08-23T11:10:00+00:00,2018-08-29T17:58:00+00:00,REV
LONG,1.265650,1.251830,-0.013820,2018-08-29T17:58:00+00:00,2018-09-03T00:01:00+00:00,REV
SHORT,1.251830,1.254350,-0.002520,2018-09-03T00:01:00+00:00,2018-09-05T16:05:00+00:00,REV
LONG,1.254350,1.262810,0.008460,2018-09-05T16:05:00+00:00,2018-09-14T14:46:00+00:00,REV
SHORT,1.262810,1.267770,-0.004960,2018-09-14T14:46:00+00:00,2018-09-18T20:40:00+00:00,REV
LONG,1.267770,1.266000,-0.001770,2018-09-18T20:40:00+00:00,2018-09-21T10:19:00+00:00,REV
SHORT,1.266000,1.272960,-0.006960,2018-09-21T10:19:00+00:00,2018-09-26T13:30:00+00:00,REV
LONG,1.272960,1.294990,0.022030,2018-09-26T13:30:00+00:00,2018-10-15T00:00:00+00:00,REV
SHORT,1.294990,1.284860,0.010130,2018-10-15T00:00:00+00:00,2018-10-31T15:05:00+00:00,REV
LONG,1.284860,1.308340,0.023480,2018-10-31T15:05:00+00:00,2018-11-09T18:04:00+00:00,REV
SHORT,1.308340,1.315130,-0.006790,2018-11-09T18:04:00+00:00,2018-11-13T18:25:00+00:00,REV
LONG,1.315130,1.296100,-0.019030,2018-11-13T18:25:00+00:00,2018-11-15T10:54:00+00:00,REV
SHORT,1.296100,1.279170,0.016930,2018-11-15T10:54:00+00:00,2018-11-22T12:21:00+00:00,REV
LONG,1.279170,1.276110,-0.003060,2018-11-22T12:21:00+00:00,2018-11-27T08:46:00+00:00,REV
SHORT,1.276110,1.277040,-0.000930,2018-11-27T08:46:00+00:00,2018-12-03T09:41:00+00:00,REV
LONG,1.277040,1.267760,-0.009280,2018-12-03T09:41:00+00:00,2018-12-03T15:59:00+00:00,REV
SHORT,1.267760,1.258360,0.009400,2018-12-03T15:59:00+00:00,2018-12-13T10:44:00+00:00,REV
LONG,1.258360,1.251720,-0.006640,2018-12-13T10:44:00+00:00,2018-12-20T00:30:00+00:00,REV
SHORT,1.251720,1.257860,-0.006140,2018-12-20T00:30:00+00:00,2018-12-21T17:53:00+00:00,REV
LONG,1.257860,1.248020,-0.009840,2018-12-21T17:53:00+00:00,2018-12-25T08:21:00+00:00,REV
SHORT,1.248020,1.258350,-0.010330,2018-12-25T08:21:00+00:00,2018-12-31T14:15:00+00:00,REV
LONG,1.258350,1.243570,-0.014780,2018-12-31T14:15:00+00:00,2019-01-03T00:35:00+00:00,REV
SHORT,1.243570,1.254230,-0.010660,2019-01-03T00:35:00+00:00,2019-01-04T17:59:00+00:00,REV
LONG,1.254230,1.246550,-0.007680,2019-01-04T17:59:00+00:00,2019-01-09T00:15:00+00:00,REV
SHORT,1.246550,1.255100,-0.008550,2019-01-09T00:15:00+00:00,2019-01-10T22:50:00+00:00,REV
LONG,1.255100,1.300410,0.045310,2019-01-10T22:50:00+00:00,2019-01-29T22:04:00+00:00,REV
SHORT,1.300410,1.307180,-0.006770,2019-01-29T22:04:00+00:00,2019-02-04T17:13:00+00:00,REV
LONG,1.307180,1.294840,-0.012340,2019-02-04T17:13:00+00:00,2019-02-05T17:11:00+00:00,REV
SHORT,1.294840,1.300730,-0.005890,2019-02-05T17:11:00+00:00,2019-02-11T00:08:00+00:00,REV
LONG,1.300730,1.290410,-0.010320,2019-02-11T00:08:00+00:00,2019-02-12T00:03:00+00:00,REV
SHORT,1.290410,1.298190,-0.007780,2019-02-12T00:03:00+00:00,2019-02-18T17:58:00+00:00,REV
LONG,1.298190,1.302550,0.004360,2019-02-18T17:58:00+00:00,2019-02-22T11:20:00+00:00,REV
SHORT,1.302550,1.310200,-0.007650,2019-02-22T11:20:00+00:00,2019-02-25T19:36:00+00:00,REV
LONG,1.310200,1.319890,0.009690,2019-02-25T19:36:00+00:00,2019-03-01T13:51:00+00:00,REV
SHORT,1.319890,1.324470,-0.004580,2019-03-01T13:51:00+00:00,2019-03-07T18:59:00+00:00,REV
LONG,1.324470,1.317600,-0.006870,2019-03-07T18:59:00+00:00,2019-03-08T14:46:00+00:00,REV
SHORT,1.317600,1.328570,-0.010970,2019-03-08T14:46:00+00:00,2019-03-11T19:05:00+00:00,REV
LONG,1.328570,1.323310,-0.005260,2019-03-11T19:05:00+00:00,2019-03-18T17:13:00+00:00,REV
SHORT,1.323310,1.314460,0.008850,2019-03-18T17:13:00+00:00,2019-03-25T14:29:00+00:00,REV
LONG,1.314460,1.306540,-0.007920,2019-03-25T14:29:00+00:00,2019-03-28T12:30:00+00:00,REV
SHORT,1.306540,1.313050,-0.006510,2019-03-28T12:30:00+00:00,2019-04-03T09:30:00+00:00,REV
LONG,1.313050,1.305610,-0.007440,2019-04-03T09:30:00+00:00,2019-04-05T00:08:00+00:00,REV
SHORT,1.305610,1.310140,-0.004530,2019-04-05T00:08:00+00:00,2019-04-10T14:17:00+00:00,REV
LONG,1.310140,1.315710,0.005570,2019-04-10T14:17:00+00:00,2019-04-24T11:55:00+00:00,REV
SHORT,1.315710,1.319460,-0.003750,2019-04-24T11:55:00+00:00,2019-04-29T09:56:00+00:00,REV
LONG,1.319460,1.325740,0.006280,2019-04-29T09:56:00+00:00,2019-05-03T13:41:00+00:00,REV
SHORT,1.325740,1.332740,-0.007000,2019-05-03T13:41:00+00:00,2019-05-03T17:46:00+00:00,REV
LONG,1.332740,1.330820,-0.001920,2019-05-03T17:46:00+00:00,2019-05-08T09:28:00+00:00,REV
SHORT,1.330820,1.292770,0.038050,2019-05-08T09:28:00+00:00,2019-05-21T17:57:00+00:00,REV
LONG,1.292770,1.281130,-0.011640,2019-05-21T17:57:00+00:00,2019-05-22T10:05:00+00:00,REV
SHORT,1.281130,1.276390,0.004740,2019-05-22T10:05:00+00:00,2019-05-28T16:36:00+00:00,REV
LONG,1.276390,1.270390,-0.006000,2019-05-28T16:36:00+00:00,2019-05-29T12:22:00+00:00,REV
SHORT,1.270390,1.263150,0.007240,2019-05-29T12:22:00+00:00,2019-06-06T12:36:00+00:00,REV
LONG,1.263150,1.256250,-0.006900,2019-06-06T12:36:00+00:00,2019-06-10T11:36:00+00:00,REV
SHORT,1.256250,1.263600,-0.007350,2019-06-10T11:36:00+00:00,2019-06-12T11:09:00+00:00,REV
LONG,1.263600,1.257250,-0.006350,2019-06-12T11:09:00+00:00,2019-06-14T10:37:00+00:00,REV
SHORT,1.257250,1.244790,0.012460,2019-06-14T10:37:00+00:00,2019-07-01T05:00:00+00:00,REV
LONG,1.244790,1.240360,-0.004430,2019-07-01T05:00:00+00:00,2019-07-03T03:30:00+00:00,REV
SHORT,1.240360,1.242370,-0.002010,2019-07-03T03:30:00+00:00,2019-07-05T15:37:00+00:00,REV
LONG,1.242370,1.237760,-0.004610,2019-07-05T15:37:00+00:00,2019-07-09T14:39:00+00:00,REV
SHORT,1.237760,1.241270,-0.003510,2019-07-09T14:39:00+00:00,2019-07-12T04:01:00+00:00,REV
LONG,1.241270,1.234210,-0.007060,2019-07-12T04:01:00+00:00,2019-07-15T11:56:00+00:00,REV
SHORT,1.234210,1.233320,0.000890,2019-07-15T11:56:00+00:00,2019-07-18T13:45:00+00:00,REV
LONG,1.233320,1.224740,-0.008580,2019-07-18T13:45:00+00:00,2019-07-22T00:11:00+00:00,REV
SHORT,1.224740,1.230540,-0.005800,2019-07-22T00:11:00+00:00,2019-07-24T12:07:00+00:00,REV
LONG,1.230540,1.228150,-0.002390,2019-07-24T12:07:00+00:00,2019-07-29T03:52:00+00:00,REV
SHORT,1.228150,1.180120,0.048030,2019-07-29T03:52:00+00:00,2019-08-15T14:29:00+00:00,REV
LONG,1.180120,1.194910,0.014790,2019-08-15T14:29:00+00:00,2019-09-02T16:39:00+00:00,REV
SHORT,1.194910,1.203050,-0.008140,2019-09-02T16:39:00+00:00,2019-09-05T04:48:00+00:00,REV
LONG,1.203050,1.219580,0.016530,2019-09-05T04:48:00+00:00,2019-09-12T11:48:00+00:00,REV
SHORT,1.219580,1.229240,-0.009660,2019-09-12T11:48:00+00:00,2019-09-13T11:39:00+00:00,REV
LONG,1.229240,1.232960,0.003720,2019-09-13T11:39:00+00:00,2019-09-23T10:38:00+00:00,REV
SHORT,1.232960,1.227950,0.005010,2019-09-23T10:38:00+00:00,2019-09-30T16:49:00+00:00,REV
LONG,1.227950,1.216630,-0.011320,2019-09-30T16:49:00+00:00,2019-10-01T18:51:00+00:00,REV
SHORT,1.216630,1.232740,-0.016110,2019-10-01T18:51:00+00:00,2019-10-03T15:00:00+00:00,REV
LONG,1.232740,1.221770,-0.010970,2019-10-03T15:00:00+00:00,2019-10-07T00:13:00+00:00,REV
SHORT,1.221770,1.224300,-0.002530,2019-10-07T00:13:00+00:00,2019-10-10T17:55:00+00:00,REV
LONG,1.224300,1.270190,0.045890,2019-10-10T17:55:00+00:00,2019-10-24T19:05:00+00:00,REV
SHORT,1.270190,1.276620,-0.006430,2019-10-24T19:05:00+00:00,2019-10-28T05:15:00+00:00,REV
LONG,1.276620,1.274490,-0.002130,2019-10-28T05:15:00+00:00,2019-10-30T19:59:00+00:00,REV
SHORT,1.274490,1.278860,-0.004370,2019-10-30T19:59:00+00:00,2019-11-11T14:09:00+00:00,REV
LONG,1.278860,1.273620,-0.005240,2019-11-11T14:09:00+00:00,2019-11-13T06:34:00+00:00,REV
SHORT,1.273620,1.277420,-0.003800,2019-11-13T06:34:00+00:00,2019-11-15T16:07:00+00:00,REV
LONG,1.277420,1.287710,0.010290,2019-11-15T16:07:00+00:00,2019-12-02T16:39:00+00:00,REV
SHORT,1.287710,1.293200,-0.005490,2019-12-02T16:39:00+00:00,2019-12-04T14:26:00+00:00,REV
LONG,1.293200,1.294960,0.001760,2019-12-04T14:26:00+00:00,2019-12-10T23:58:00+00:00,REV
SHORT,1.294960,1.310430,-0.015470,2019-12-10T23:58:00+00:00,2019-12-13T00:00:00+00:00,REV
LONG,1.310430,1.307960,-0.002470,2019-12-13T00:00:00+00:00,2019-12-17T00:48:00+00:00,REV
SHORT,1.307960,1.272800,0.035160,2019-12-17T00:48:00+00:00,2019-12-26T03:00:00+00:00,REV
LONG,1.272800,1.269240,-0.003560,2019-12-26T03:00:00+00:00,2019-12-31T00:07:00+00:00,REV
SHORT,1.269240,1.279820,-0.010580,2019-12-31T00:07:00+00:00,2019-12-31T17:39:00+00:00,REV
LONG,1.279820,1.268370,-0.011450,2019-12-31T17:39:00+00:00,2020-01-06T00:15:00+00:00,REV
SHORT,1.268370,1.278060,-0.009690,2020-01-06T00:15:00+00:00,2020-01-07T10:29:00+00:00,REV
LONG,1.278060,1.268040,-0.010020,2020-01-07T10:29:00+00:00,2020-01-08T02:18:00+00:00,REV
SHORT,1.268040,1.262610,0.005430,2020-01-08T02:18:00+00:00,2020-01-16T19:05:00+00:00,REV
LONG,1.262610,1.267100,0.004490,2020-01-16T19:05:00+00:00,2020-01-27T00:07:00+00:00,REV
SHORT,1.267100,1.269910,-0.002810,2020-01-27T00:07:00+00:00,2020-01-30T14:00:00+00:00,REV
LONG,1.269910,1.259510,-0.010400,2020-01-30T14:00:00+00:00,2020-02-03T12:01:00+00:00,REV
SHORT,1.259510,1.265260,-0.005750,2020-02-03T12:01:00+00:00,2020-02-11T14:16:00+00:00,REV
LONG,1.265260,1.274920,0.009660,2020-02-11T14:16:00+00:00,2020-02-18T00:20:00+00:00,REV
SHORT,1.274920,1.282080,-0.007160,2020-02-18T00:20:00+00:00,2020-02-18T16:31:00+00:00,REV
LONG,1.282080,1.271790,-0.010290,2020-02-18T16:31:00+00:00,2020-02-19T17:47:00+00:00,REV
SHORT,1.271790,1.271570,0.000220,2020-02-19T17:47:00+00:00,2020-02-25T17:59:00+00:00,REV
LONG,1.271570,1.261890,-0.009680,2020-02-25T17:59:00+00:00,2020-02-26T11:05:00+00:00,REV
SHORT,1.261890,1.232610,0.029280,2020-02-26T11:05:00+00:00,2020-03-05T08:45:00+00:00,REV
LONG,1.232610,1.218200,-0.014410,2020-03-05T08:45:00+00:00,2020-03-06T12:28:00+00:00,REV
SHORT,1.218200,1.164780,0.053420,2020-03-06T12:28:00+00:00,2020-03-20T16:10:00+00:00,REV
LONG,1.164780,1.127040,-0.037740,2020-03-20T16:10:00+00:00,2020-03-23T18:27:00+00:00,REV
SHORT,1.127040,1.151980,-0.024940,2020-03-23T18:27:00+00:00,2020-03-24T16:05:00+00:00,REV
LONG,1.151980,1.192360,0.040380,2020-03-24T16:05:00+00:00,2020-04-06T00:20:00+00:00,REV
SHORT,1.192360,1.205070,-0.012710,2020-04-06T00:20:00+00:00,2020-04-08T18:28:00+00:00,REV
LONG,1.205070,1.204330,-0.000740,2020-04-08T18:28:00+00:00,2020-04-16T18:35:00+00:00,REV
SHORT,1.204330,1.205230,-0.000900,2020-04-16T18:35:00+00:00,2020-04-23T12:58:00+00:00,REV
LONG,1.205230,1.206960,0.001730,2020-04-23T12:58:00+00:00,2020-05-01T14:12:00+00:00,REV
SHORT,1.206960,1.191270,0.015690,2020-05-01T14:12:00+00:00,2020-05-19T09:32:00+00:00,REV
LONG,1.191270,1.179480,-0.011790,2020-05-19T09:32:00+00:00,2020-05-21T03:07:00+00:00,REV
SHORT,1.179480,1.187640,-0.008160,2020-05-21T03:07:00+00:00,2020-05-26T09:09:00+00:00,REV
LONG,1.187640,1.183440,-0.004200,2020-05-26T09:09:00+00:00,2020-05-29T11:49:00+00:00,REV
SHORT,1.183440,1.192400,-0.008960,2020-05-29T11:49:00+00:00,2020-06-01T10:57:00+00:00,REV
LONG,1.192400,1.205210,0.012810,2020-06-01T10:57:00+00:00,2020-06-10T16:40:00+00:00,REV
SHORT,1.205210,1.198030,0.007180,2020-06-10T16:40:00+00:00,2020-06-16T01:15:00+00:00,REV
LONG,1.198030,1.189060,-0.008970,2020-06-16T01:15:00+00:00,2020-06-18T00:06:00+00:00,REV
SHORT,1.189060,1.184120,0.004940,2020-06-18T00:06:00+00:00,2020-06-23T02:53:00+00:00,REV
LONG,1.184120,1.176050,-0.008070,2020-06-23T02:53:00+00:00,2020-06-26T10:12:00+00:00,REV
SHORT,1.176050,1.175090,0.000960,2020-06-26T10:12:00+00:00,2020-07-01T12:30:00+00:00,REV
LONG,1.175090,1.177150,0.002060,2020-07-01T12:30:00+00:00,2020-07-06T00:41:00+00:00,REV
SHORT,1.177150,1.181010,-0.003860,2020-07-06T00:41:00+00:00,2020-07-07T14:15:00+00:00,REV
LONG,1.181010,1.181740,0.000730,2020-07-07T14:15:00+00:00,2020-07-14T00:50:00+00:00,REV
SHORT,1.181740,1.190360,-0.008620,2020-07-14T00:50:00+00:00,2020-07-15T15:05:00+00:00,REV
LONG,1.190360,1.178650,-0.011710,2020-07-15T15:05:00+00:00,2020-07-17T15:31:00+00:00,REV
SHORT,1.178650,1.190370,-0.011720,2020-07-17T15:31:00+00:00,2020-07-21T03:32:00+00:00,REV
LONG,1.190370,1.180610,-0.009760,2020-07-21T03:32:00+00:00,2020-07-23T10:07:00+00:00,REV
SHORT,1.180610,1.184270,-0.003660,2020-07-23T10:07:00+00:00,2020-07-27T13:17:00+00:00,REV
LONG,1.184270,1.189630,0.005360,2020-07-27T13:17:00+00:00,2020-08-10T00:16:00+00:00,REV
SHORT,1.189630,1.199000,-0.009370,2020-08-10T00:16:00+00:00,2020-08-11T17:58:00+00:00,REV
LONG,1.199000,1.189320,-0.009680,2020-08-11T17:58:00+00:00,2020-08-12T14:32:00+00:00,REV
SHORT,1.189320,1.194780,-0.005460,2020-08-12T14:32:00+00:00,2020-08-18T17:19:00+00:00,REV
LONG,1.194780,1.192900,-0.001880,2020-08-18T17:19:00+00:00,2020-08-21T17:58:00+00:00,REV
SHORT,1.192900,1.197570,-0.004670,2020-08-21T17:58:00+00:00,2020-08-26T10:17:00+00:00,REV
LONG,1.197570,1.206250,0.008680,2020-08-26T10:17:00+00:00,2020-09-03T17:30:00+00:00,REV
SHORT,1.206250,1.170540,0.035710,2020-09-03T17:30:00+00:00,2020-09-15T13:37:00+00:00,REV
LONG,1.170540,1.171260,0.000720,2020-09-15T13:37:00+00:00,2020-09-21T17:31:00+00:00,REV
SHORT,1.171260,1.179980,-0.008720,2020-09-21T17:31:00+00:00,2020-09-24T12:37:00+00:00,REV
LONG,1.179980,1.180450,0.000470,2020-09-24T12:37:00+00:00,2020-09-30T11:02:00+00:00,REV
SHORT,1.180450,1.190530,-0.010080,2020-09-30T11:02:00+00:00,2020-10-01T04:06:00+00:00,REV
LONG,1.190530,1.179730,-0.010800,2020-10-01T04:06:00+00:00,2020-10-01T11:48:00+00:00,REV
SHORT,1.179730,1.190960,-0.011230,2020-10-01T11:48:00+00:00,2020-10-02T11:40:00+00:00,REV
LONG,1.190960,1.181270,-0.009690,2020-10-02T11:40:00+00:00,2020-10-06T22:30:00+00:00,REV
SHORT,1.181270,1.189550,-0.008280,2020-10-06T22:30:00+00:00,2020-10-08T11:18:00+00:00,REV
LONG,1.189550,1.182510,-0.007040,2020-10-08T11:18:00+00:00,2020-10-14T00:17:00+00:00,REV
SHORT,1.182510,1.190300,-0.007790,2020-10-14T00:17:00+00:00,2020-10-14T15:45:00+00:00,REV
LONG,1.190300,1.176840,-0.013460,2020-10-14T15:45:00+00:00,2020-10-16T13:53:00+00:00,REV
SHORT,1.176840,1.188190,-0.011350,2020-10-16T13:53:00+00:00,2020-10-21T16:56:00+00:00,REV
LONG,1.188190,1.177800,-0.010390,2020-10-21T16:56:00+00:00,2020-10-25T23:26:00+00:00,REV
SHORT,1.177800,1.185340,-0.007540,2020-10-25T23:26:00+00:00,2020-10-27T12:59:00+00:00,REV
LONG,1.185340,1.181800,-0.003540,2020-10-27T12:59:00+00:00,2020-11-05T00:43:00+00:00,REV
SHORT,1.181800,1.189940,-0.008140,2020-11-05T00:43:00+00:00,2020-11-09T14:44:00+00:00,REV
LONG,1.189940,1.199470,0.009530,2020-11-09T14:44:00+00:00,2020-11-12T17:55:00+00:00,REV
SHORT,1.199470,1.207880,-0.008410,2020-11-12T17:55:00+00:00,2020-11-17T13:57:00+00:00,REV
LONG,1.207880,1.213670,0.005790,2020-11-17T13:57:00+00:00,2020-11-26T09:53:00+00:00,REV
SHORT,1.213670,1.213320,0.000350,2020-11-26T09:53:00+00:00,2020-12-01T09:07:00+00:00,REV
LONG,1.213320,1.203340,-0.009980,2020-12-01T09:07:00+00:00,2020-12-02T09:59:00+00:00,REV
SHORT,1.203340,1.197350,0.005990,2020-12-02T09:59:00+00:00,2020-12-09T15:24:00+00:00,REV
LONG,1.197350,1.182250,-0.015100,2020-12-09T15:24:00+00:00,2020-12-10T12:37:00+00:00,REV
SHORT,1.182250,1.190940,-0.008690,2020-12-10T12:37:00+00:00,2020-12-15T18:07:00+00:00,REV
LONG,1.190940,1.185860,-0.005080,2020-12-15T18:07:00+00:00,2020-12-21T00:00:00+00:00,REV
SHORT,1.185860,1.194740,-0.008880,2020-12-21T00:00:00+00:00,2020-12-23T12:24:00+00:00,REV
LONG,1.194740,1.197480,0.002740,2020-12-23T12:24:00+00:00,2020-12-28T17:40:00+00:00,REV
SHORT,1.197480,1.204840,-0.007360,2020-12-28T17:40:00+00:00,2020-12-31T12:22:00+00:00,REV
LONG,1.204840,1.193030,-0.011810,2020-12-31T12:22:00+00:00,2021-01-05T10:48:00+00:00,REV
SHORT,1.193030,1.198950,-0.005920,2021-01-05T10:48:00+00:00,2021-01-07T10:44:00+00:00,REV
LONG,1.198950,1.209030,0.010080,2021-01-07T10:44:00+00:00,2021-01-15T15:39:00+00:00,REV
SHORT,1.209030,1.212630,-0.003600,2021-01-15T15:39:00+00:00,2021-01-20T07:37:00+00:00,REV
LONG,1.212630,1.210300,-0.002330,2021-01-20T07:37:00+00:00,2021-01-22T09:30:00+00:00,REV
SHORT,1.210300,1.215770,-0.005470,2021-01-22T09:30:00+00:00,2021-01-26T14:04:00+00:00,REV
LONG,1.215770,1.223770,0.008000,2021-01-26T14:04:00+00:00,2021-02-04T09:55:00+00:00,REV
SHORT,1.223770,1.229210,-0.005440,2021-02-04T09:55:00+00:00,2021-02-04T14:01:00+00:00,REV
LONG,1.229210,1.232160,0.002950,2021-02-04T14:01:00+00:00,2021-02-09T11:06:00+00:00,REV
SHORT,1.232160,1.234430,-0.002270,2021-02-09T11:06:00+00:00,2021-02-12T16:40:00+00:00,REV
LONG,1.234430,1.267060,0.032630,2021-02-12T16:40:00+00:00,2021-02-26T00:05:00+00:00,REV
SHORT,1.267060,1.277370,-0.010310,2021-02-26T00:05:00+00:00,2021-03-02T13:58:00+00:00,REV
LONG,1.277370,1.290210,0.012840,2021-03-02T13:58:00+00:00,2021-03-15T16:41:00+00:00,REV
SHORT,1.290210,1.291890,-0.001680,2021-03-15T16:41:00+00:00,2021-03-18T09:31:00+00:00,REV
LONG,1.291890,1.287080,-0.004810,2021-03-18T09:31:00+00:00,2021-03-21T23:00:00+00:00,REV
SHORT,1.287080,1.287940,-0.000860,2021-03-21T23:00:00+00:00,2021-03-25T16:35:00+00:00,REV
LONG,1.287940,1.300190,0.012250,2021-03-25T16:35:00+00:00,2021-04-06T00:12:00+00:00,REV
SHORT,1.300190,1.273500,0.026690,2021-04-06T00:12:00+00:00,2021-04-13T12:36:00+00:00,REV
LONG,1.273500,1.264180,-0.009320,2021-04-13T12:36:00+00:00,2021-04-13T16:08:00+00:00,REV
SHORT,1.264180,1.274550,-0.010370,2021-04-13T16:08:00+00:00,2021-04-15T15:49:00+00:00,REV
LONG,1.274550,1.265230,-0.009320,2021-04-15T15:49:00+00:00,2021-04-16T09:57:00+00:00,REV
SHORT,1.265230,1.275110,-0.009880,2021-04-16T09:57:00+00:00,2021-04-19T07:35:00+00:00,REV
LONG,1.275110,1.274300,-0.000810,2021-04-19T07:35:00+00:00,2021-04-22T10:58:00+00:00,REV
SHORT,1.274300,1.273760,0.000540,2021-04-22T10:58:00+00:00,2021-04-27T10:04:00+00:00,REV
LONG,1.273760,1.266850,-0.006910,2021-04-27T10:04:00+00:00,2021-04-29T00:06:00+00:00,REV
SHORT,1.266850,1.269520,-0.002670,2021-04-29T00:06:00+00:00,2021-05-04T08:59:00+00:00,REV
LONG,1.269520,1.262430,-0.007090,2021-05-04T08:59:00+00:00,2021-05-06T14:00:00+00:00,REV
SHORT,1.262430,1.271180,-0.008750,2021-05-06T14:00:00+00:00,2021-05-10T15:39:00+00:00,REV
LONG,1.271180,1.271210,0.000030,2021-05-10T15:39:00+00:00,2021-05-13T20:24:00+00:00,REV
SHORT,1.271210,1.277460,-0.006250,2021-05-13T20:24:00+00:00,2021-05-18T02:09:00+00:00,REV
LONG,1.277460,1.271440,-0.006020,2021-05-18T02:09:00+00:00,2021-05-20T12:25:00+00:00,REV
SHORT,1.271440,1.271870,-0.000430,2021-05-20T12:25:00+00:00,2021-05-27T14:09:00+00:00,REV
LONG,1.271870,1.272630,0.000760,2021-05-27T14:09:00+00:00,2021-06-01T15:35:00+00:00,REV
SHORT,1.272630,1.277210,-0.004580,2021-06-01T15:35:00+00:00,2021-06-04T10:57:00+00:00,REV
LONG,1.277210,1.271420,-0.005790,2021-06-04T10:57:00+00:00,2021-06-07T00:10:00+00:00,REV
SHORT,1.271420,1.270390,0.001030,2021-06-07T00:10:00+00:00,2021-06-15T09:05:00+00:00,REV
LONG,1.270390,1.264600,-0.005790,2021-06-15T09:05:00+00:00,2021-06-15T11:58:00+00:00,REV
SHORT,1.264600,1.270660,-0.006060,2021-06-15T11:58:00+00:00,2021-06-16T22:25:00+00:00,REV
LONG,1.270660,1.276350,0.005690,2021-06-16T22:25:00+00:00,2021-06-25T00:11:00+00:00,REV
SHORT,1.276350,1.280430,-0.004080,2021-06-25T00:11:00+00:00,2021-06-30T14:10:00+00:00,REV
LONG,1.280430,1.272750,-0.007680,2021-06-30T14:10:00+00:00,2021-07-02T00:10:00+00:00,REV
SHORT,1.272750,1.278050,-0.005300,2021-07-02T00:10:00+00:00,2021-07-06T04:06:00+00:00,REV
LONG,1.278050,1.272230,-0.005820,2021-07-06T04:06:00+00:00,2021-07-07T11:57:00+00:00,REV
SHORT,1.272230,1.272230,-0.000000,2021-07-07T11:57:00+00:00,2021-07-14T11:44:00+00:00,REV
LONG,1.272230,1.266090,-0.006140,2021-07-14T11:44:00+00:00,2021-07-15T00:12:00+00:00,REV
SHORT,1.266090,1.259550,0.006540,2021-07-15T00:12:00+00:00,2021-07-22T09:09:00+00:00,REV
LONG,1.259550,1.264190,0.004640,2021-07-22T09:09:00+00:00,2021-07-30T00:06:00+00:00,REV
SHORT,1.264190,1.261760,0.002430,2021-07-30T00:06:00+00:00,2021-08-04T11:47:00+00:00,REV
LONG,1.261760,1.273870,0.012110,2021-08-04T11:47:00+00:00,2021-08-13T00:00:00+00:00,REV
SHORT,1.273870,1.256180,0.017690,2021-08-13T00:00:00+00:00,2021-08-25T17:56:00+00:00,REV
LONG,1.256180,1.253070,-0.003110,2021-08-25T17:56:00+00:00,2021-08-30T00:11:00+00:00,REV
SHORT,1.253070,1.261190,-0.008120,2021-08-30T00:11:00+00:00,2021-08-30T17:23:00+00:00,REV
LONG,1.261190,1.262450,0.001260,2021-08-30T17:23:00+00:00,2021-09-07T13:05:00+00:00,REV
SHORT,1.262450,1.268660,-0.006210,2021-09-07T13:05:00+00:00,2021-09-08T14:23:00+00:00,REV
LONG,1.268660,1.268480,-0.000180,2021-09-08T14:23:00+00:00,2021-09-15T00:18:00+00:00,REV
SHORT,1.268480,1.279830,-0.011350,2021-09-15T00:18:00+00:00,2021-09-16T14:56:00+00:00,REV
LONG,1.279830,1.270100,-0.009730,2021-09-16T14:56:00+00:00,2021-09-20T15:00:00+00:00,REV
SHORT,1.270100,1.270490,-0.000390,2021-09-20T15:00:00+00:00,2021-09-23T18:54:00+00:00,REV
LONG,1.270490,1.261500,-0.008990,2021-09-23T18:54:00+00:00,2021-09-28T14:04:00+00:00,REV
SHORT,1.261500,1.261490,0.000010,2021-09-28T14:04:00+00:00,2021-10-01T17:01:00+00:00,REV
LONG,1.261490,1.260480,-0.001010,2021-10-01T17:01:00+00:00,2021-10-12T00:00:00+00:00,REV
SHORT,1.260480,1.266580,-0.006100,2021-10-12T00:00:00+00:00,2021-10-15T10:25:00+00:00,REV
LONG,1.266580,1.266580,0.000000,2021-10-15T10:25:00+00:00,2021-10-21T15:53:00+00:00,REV
SHORT,1.266580,1.268170,-0.001590,2021-10-21T15:53:00+00:00,2021-10-26T09:36:00+00:00,REV
LONG,1.268170,1.258070,-0.010100,2021-10-26T09:36:00+00:00,2021-10-27T17:58:00+00:00,REV
SHORT,1.258070,1.248090,0.009980,2021-10-27T17:58:00+00:00,2021-11-04T00:00:00+00:00,REV
LONG,1.248090,1.240390,-0.007700,2021-11-04T00:00:00+00:00,2021-11-04T14:01:00+00:00,REV
SHORT,1.240390,1.241120,-0.000730,2021-11-04T14:01:00+00:00,2021-11-09T11:17:00+00:00,REV
LONG,1.241120,1.229960,-0.011160,2021-11-09T11:17:00+00:00,2021-11-11T00:04:00+00:00,REV
SHORT,1.229960,1.237450,-0.007490,2021-11-11T00:04:00+00:00,2021-11-15T17:13:00+00:00,REV
LONG,1.237450,1.247430,0.009980,2021-11-15T17:13:00+00:00,2021-11-19T11:01:00+00:00,REV
SHORT,1.247430,1.250780,-0.003350,2021-11-19T11:01:00+00:00,2021-11-24T10:52:00+00:00,REV
LONG,1.250780,1.243670,-0.007110,2021-11-24T10:52:00+00:00,2021-11-25T00:11:00+00:00,REV
SHORT,1.243670,1.227500,0.016170,2021-11-25T00:11:00+00:00,2021-12-06T19:22:00+00:00,REV
LONG,1.227500,1.214090,-0.013410,2021-12-06T19:22:00+00:00,2021-12-09T00:10:00+00:00,REV
SHORT,1.214090,1.223290,-0.009200,2021-12-09T00:10:00+00:00,2021-12-13T11:04:00+00:00,REV
LONG,1.223290,1.217370,-0.005920,2021-12-13T11:04:00+00:00,2021-12-14T10:46:00+00:00,REV
SHORT,1.217370,1.225890,-0.008520,2021-12-14T10:46:00+00:00,2021-12-15T10:02:00+00:00,REV
LONG,1.225890,1.220480,-0.005410,2021-12-15T10:02:00+00:00,2021-12-17T12:29:00+00:00,REV
SHORT,1.220480,1.226010,-0.005530,2021-12-17T12:29:00+00:00,2021-12-21T18:21:00+00:00,REV
LONG,1.226010,1.229780,0.003770,2021-12-21T18:21:00+00:00,2021-12-31T14:00:00+00:00,REV
SHORT,1.229780,1.236500,-0.006720,2021-12-31T14:00:00+00:00,2022-01-03T16:37:00+00:00,REV
LONG,1.236500,1.250770,0.014270,2022-01-03T16:37:00+00:00,2022-01-13T14:22:00+00:00,REV
SHORT,1.250770,1.242270,0.008500,2022-01-13T14:22:00+00:00,2022-01-26T10:00:00+00:00,REV
LONG,1.242270,1.243860,0.001590,2022-01-26T10:00:00+00:00,2022-02-01T00:16:00+00:00,REV
SHORT,1.243860,1.248180,-0.004320,2022-02-01T00:16:00+00:00,2022-02-03T09:15:00+00:00,REV
LONG,1.248180,1.249920,0.001740,2022-02-03T09:15:00+00:00,2022-02-14T10:28:00+00:00,REV
SHORT,1.249920,1.255980,-0.006060,2022-02-14T10:28:00+00:00,2022-02-16T11:04:00+00:00,REV
LONG,1.255980,1.250330,-0.005650,2022-02-16T11:04:00+00:00,2022-02-18T17:39:00+00:00,REV
SHORT,1.250330,1.254340,-0.004010,2022-02-18T17:39:00+00:00,2022-02-23T10:22:00+00:00,REV
LONG,1.254340,1.242690,-0.011650,2022-02-23T10:22:00+00:00,2022-02-24T00:10:00+00:00,REV
SHORT,1.242690,1.234010,0.008680,2022-02-24T00:10:00+00:00,2022-03-03T00:31:00+00:00,REV
LONG,1.234010,1.219610,-0.014400,2022-03-03T00:31:00+00:00,2022-03-04T13:14:00+00:00,REV
SHORT,1.219610,1.221210,-0.001600,2022-03-04T13:14:00+00:00,2022-03-09T12:02:00+00:00,REV
LONG,1.221210,1.215500,-0.005710,2022-03-09T12:02:00+00:00,2022-03-11T00:10:00+00:00,REV
SHORT,1.215500,1.222700,-0.007200,2022-03-11T00:10:00+00:00,2022-03-14T14:46:00+00:00,REV
LONG,1.222700,1.225890,0.003190,2022-03-14T14:46:00+00:00,2022-03-20T23:40:00+00:00,REV
SHORT,1.225890,1.230090,-0.004200,2022-03-20T23:40:00+00:00,2022-03-22T02:01:00+00:00,REV
LONG,1.230090,1.227080,-0.003010,2022-03-22T02:01:00+00:00,2022-03-24T13:40:00+00:00,REV
SHORT,1.227080,1.232800,-0.005720,2022-03-24T13:40:00+00:00,2022-03-28T11:37:00+00:00,REV
LONG,1.232800,1.219630,-0.013170,2022-03-28T11:37:00+00:00,2022-03-29T19:33:00+00:00,REV
SHORT,1.219630,1.215890,0.003740,2022-03-29T19:33:00+00:00,2022-04-04T09:08:00+00:00,REV
LONG,1.215890,1.213580,-0.002310,2022-04-04T09:08:00+00:00,2022-04-11T00:06:00+00:00,REV
SHORT,1.213580,1.219040,-0.005460,2022-04-11T00:06:00+00:00,2022-04-13T18:17:00+00:00,REV
LONG,1.219040,1.226910,0.007870,2022-04-13T18:17:00+00:00,2022-04-19T00:05:00+00:00,REV
SHORT,1.226910,1.234020,-0.007110,2022-04-19T00:05:00+00:00,2022-04-19T11:57:00+00:00,REV
LONG,1.234020,1.234020,-0.000000,2022-04-19T11:57:00+00:00,2022-04-22T10:21:00+00:00,REV
SHORT,1.234020,1.219250,0.014770,2022-04-22T10:21:00+00:00,2022-04-29T13:35:00+00:00,REV
LONG,1.219250,1.218590,-0.000660,2022-04-29T13:35:00+00:00,2022-05-05T14:09:00+00:00,REV
SHORT,1.218590,1.228580,-0.009990,2022-05-05T14:09:00+00:00,2022-05-10T13:06:00+00:00,REV
LONG,1.228580,1.216190,-0.012390,2022-05-10T13:06:00+00:00,2022-05-12T00:32:00+00:00,REV
SHORT,1.216190,1.228640,-0.012450,2022-05-12T00:32:00+00:00,2022-05-13T23:55:00+00:00,REV
LONG,1.228640,1.224750,-0.003890,2022-05-13T23:55:00+00:00,2022-05-18T18:15:00+00:00,REV
SHORT,1.224750,1.221740,0.003010,2022-05-18T18:15:00+00:00,2022-05-23T09:21:00+00:00,REV
LONG,1.221740,1.207960,-0.013780,2022-05-23T09:21:00+00:00,2022-05-24T11:30:00+00:00,REV
SHORT,1.207960,1.212300,-0.004340,2022-05-24T11:30:00+00:00,2022-05-27T07:13:00+00:00,REV
LONG,1.212300,1.205100,-0.007200,2022-05-27T07:13:00+00:00,2022-06-01T16:39:00+00:00,REV
SHORT,1.205100,1.208140,-0.003040,2022-06-01T16:39:00+00:00,2022-06-06T11:22:00+00:00,REV
LONG,1.208140,1.220210,0.012070,2022-06-06T11:22:00+00:00,2022-06-10T09:57:00+00:00,REV
SHORT,1.220210,1.164850,0.055360,2022-06-10T09:57:00+00:00,2022-07-04T13:52:00+00:00,REV
LONG,1.164850,1.153450,-0.011400,2022-07-04T13:52:00+00:00,2022-07-06T09:10:00+00:00,REV
SHORT,1.153450,1.164910,-0.011460,2022-07-06T09:10:00+00:00,2022-07-07T12:23:00+00:00,REV
LONG,1.164910,1.163450,-0.001460,2022-07-07T12:23:00+00:00,2022-07-12T11:13:00+00:00,REV
SHORT,1.163450,1.168770,-0.005320,2022-07-12T11:13:00+00:00,2022-07-18T13:38:00+00:00,REV
LONG,1.168770,1.160620,-0.008150,2022-07-18T13:38:00+00:00,2022-07-21T11:15:00+00:00,REV
SHORT,1.160620,1.164780,-0.004160,2022-07-21T11:15:00+00:00,2022-07-27T21:40:00+00:00,REV
LONG,1.164780,1.156160,-0.008620,2022-07-27T21:40:00+00:00,2022-07-29T17:01:00+00:00,REV
SHORT,1.156160,1.166820,-0.010660,2022-07-29T17:01:00+00:00,2022-08-03T10:10:00+00:00,REV
LONG,1.166820,1.159800,-0.007020,2022-08-03T10:10:00+00:00,2022-08-04T14:52:00+00:00,REV
SHORT,1.159800,1.150220,0.009580,2022-08-04T14:52:00+00:00,2022-08-16T17:50:00+00:00,REV
LONG,1.150220,1.140360,-0.009860,2022-08-16T17:50:00+00:00,2022-08-19T00:05:00+00:00,REV
SHORT,1.140360,1.140910,-0.000550,2022-08-19T00:05:00+00:00,2022-08-30T10:45:00+00:00,REV
LONG,1.140910,1.130890,-0.010020,2022-08-30T10:45:00+00:00,2022-09-01T11:26:00+00:00,REV
SHORT,1.130890,1.104230,0.026660,2022-09-01T11:26:00+00:00,2022-09-20T08:54:00+00:00,REV
LONG,1.104230,1.094780,-0.009450,2022-09-20T08:54:00+00:00,2022-09-21T00:09:00+00:00,REV
SHORT,1.094780,1.106020,-0.011240,2022-09-21T00:09:00+00:00,2022-09-22T11:14:00+00:00,REV
LONG,1.106020,1.081250,-0.024770,2022-09-22T11:14:00+00:00,2022-09-23T14:50:00+00:00,REV
SHORT,1.081250,1.073320,0.007930,2022-09-23T14:50:00+00:00,2022-09-29T16:02:00+00:00,REV
LONG,1.073320,1.106860,0.033540,2022-09-29T16:02:00+00:00,2022-10-06T13:12:00+00:00,REV
SHORT,1.106860,1.111770,-0.004910,2022-10-06T13:12:00+00:00,2022-10-13T12:21:00+00:00,REV
LONG,1.111770,1.121200,0.009430,2022-10-13T12:21:00+00:00,2022-10-18T12:59:00+00:00,REV
SHORT,1.121200,1.133420,-0.012220,2022-10-18T12:59:00+00:00,2022-10-20T17:24:00+00:00,REV
LONG,1.133420,1.122200,-0.011220,2022-10-20T17:24:00+00:00,2022-10-21T11:21:00+00:00,REV
SHORT,1.122200,1.134300,-0.012100,2022-10-21T11:21:00+00:00,2022-10-24T00:53:00+00:00,REV
LONG,1.134300,1.145720,0.011420,2022-10-24T00:53:00+00:00,2022-11-01T11:00:00+00:00,REV
SHORT,1.145720,1.140330,0.005390,2022-11-01T11:00:00+00:00,2022-11-08T18:43:00+00:00,REV
LONG,1.140330,1.125370,-0.014960,2022-11-08T18:43:00+00:00,2022-11-09T12:09:00+00:00,REV
SHORT,1.125370,1.129160,-0.003790,2022-11-09T12:09:00+00:00,2022-11-17T10:21:00+00:00,REV
LONG,1.129160,1.133820,0.004660,2022-11-17T10:21:00+00:00,2022-11-28T22:27:00+00:00,REV
SHORT,1.133820,1.145200,-0.011380,2022-11-28T22:27:00+00:00,2022-12-01T11:33:00+00:00,REV
LONG,1.145200,1.143630,-0.001570,2022-12-01T11:33:00+00:00,2022-12-06T21:40:00+00:00,REV
SHORT,1.143630,1.148870,-0.005240,2022-12-06T21:40:00+00:00,2022-12-12T17:44:00+00:00,REV
LONG,1.148870,1.144300,-0.004570,2022-12-12T17:44:00+00:00,2022-12-15T00:22:00+00:00,REV
SHORT,1.144300,1.126660,0.017640,2022-12-15T00:22:00+00:00,2022-12-26T02:54:00+00:00,REV
LONG,1.126660,1.117710,-0.008950,2022-12-26T02:54:00+00:00,2022-12-27T13:35:00+00:00,REV
SHORT,1.117710,1.118870,-0.001160,2022-12-27T13:35:00+00:00,2023-01-03T12:24:00+00:00,REV
LONG,1.118870,1.111640,-0.007230,2023-01-03T12:24:00+00:00,2023-01-05T15:36:00+00:00,REV
SHORT,1.111640,1.122510,-0.010870,2023-01-05T15:36:00+00:00,2023-01-06T21:56:00+00:00,REV
LONG,1.122510,1.127680,0.005170,2023-01-06T21:56:00+00:00,2023-01-16T11:46:00+00:00,REV
SHORT,1.127680,1.134140,-0.006460,2023-01-16T11:46:00+00:00,2023-01-18T07:02:00+00:00,REV
LONG,1.134140,1.134740,0.000600,2023-01-18T07:02:00+00:00,2023-01-25T12:17:00+00:00,REV
SHORT,1.134740,1.142880,-0.008140,2023-01-25T12:17:00+00:00,2023-01-26T23:44:00+00:00,REV
LONG,1.142880,1.138290,-0.004590,2023-01-26T23:44:00+00:00,2023-01-31T15:21:00+00:00,REV
SHORT,1.138290,1.116990,0.021300,2023-01-31T15:21:00+00:00,2023-02-09T13:56:00+00:00,REV
LONG,1.116990,1.110050,-0.006940,2023-02-09T13:56:00+00:00,2023-02-15T15:54:00+00:00,REV
SHORT,1.110050,1.115530,-0.005480,2023-02-15T15:54:00+00:00,2023-02-21T11:33:00+00:00,REV
LONG,1.115530,1.125080,0.009550,2023-02-21T11:33:00+00:00,2023-03-02T14:51:00+00:00,REV
SHORT,1.125080,1.111670,0.013410,2023-03-02T14:51:00+00:00,2023-03-14T09:06:00+00:00,REV
LONG,1.111670,1.123000,0.011330,2023-03-14T09:06:00+00:00,2023-03-23T10:32:00+00:00,REV
SHORT,1.123000,1.127370,-0.004370,2023-03-23T10:32:00+00:00,2023-03-28T09:08:00+00:00,REV
LONG,1.127370,1.127830,0.000460,2023-03-28T09:08:00+00:00,2023-03-31T17:50:00+00:00,REV
SHORT,1.127830,1.135820,-0.007990,2023-03-31T17:50:00+00:00,2023-04-04T10:44:00+00:00,REV
LONG,1.135820,1.126050,-0.009770,2023-04-04T10:44:00+00:00,2023-04-06T11:37:00+00:00,REV
SHORT,1.126050,1.114310,0.011740,2023-04-06T11:37:00+00:00,2023-04-18T09:18:00+00:00,REV
LONG,1.114310,1.109440,-0.004870,2023-04-18T09:18:00+00:00,2023-04-20T23:59:00+00:00,REV
SHORT,1.109440,1.110830,-0.001390,2023-04-20T23:59:00+00:00,2023-04-26T11:25:00+00:00,REV
LONG,1.110830,1.114570,0.003740,2023-04-26T11:25:00+00:00,2023-05-02T17:52:00+00:00,REV
SHORT,1.114570,1.116670,-0.002100,2023-05-02T17:52:00+00:00,2023-05-05T09:30:00+00:00,REV
LONG,1.116670,1.121130,0.004460,2023-05-05T09:30:00+00:00,2023-05-11T16:04:00+00:00,REV
SHORT,1.121130,1.122150,-0.001020,2023-05-11T16:04:00+00:00,2023-05-16T01:00:00+00:00,REV
LONG,1.122150,1.117050,-0.005100,2023-05-16T01:00:00+00:00,2023-05-22T00:04:00+00:00,REV
SHORT,1.117050,1.120190,-0.003140,2023-05-22T00:04:00+00:00,2023-05-24T07:38:00+00:00,REV
LONG,1.120190,1.115540,-0.004650,2023-05-24T07:38:00+00:00,2023-05-26T00:00:00+00:00,REV
SHORT,1.115540,1.118960,-0.003420,2023-05-26T00:00:00+00:00,2023-05-30T10:12:00+00:00,REV
LONG,1.118960,1.129500,0.010540,2023-05-30T10:12:00+00:00,2023-06-05T00:26:00+00:00,REV
SHORT,1.129500,1.132540,-0.003040,2023-06-05T00:26:00+00:00,2023-06-08T07:49:00+00:00,REV
LONG,1.132540,1.142410,0.009870,2023-06-08T07:49:00+00:00,2023-06-21T11:36:00+00:00,REV
SHORT,1.142410,1.140380,0.002030,2023-06-21T11:36:00+00:00,2023-06-30T15:07:00+00:00,REV
LONG,1.140380,1.138110,-0.002270,2023-06-30T15:07:00+00:00,2023-07-10T13:38:00+00:00,REV
SHORT,1.138110,1.117260,0.020850,2023-07-10T13:38:00+00:00,2023-07-25T11:03:00+00:00,REV
LONG,1.117260,1.110940,-0.006320,2023-07-25T11:03:00+00:00,2023-07-27T12:37:00+00:00,REV
SHORT,1.110940,1.117650,-0.006710,2023-07-27T12:37:00+00:00,2023-07-27T18:41:00+00:00,REV
LONG,1.117650,1.114790,-0.002860,2023-07-27T18:41:00+00:00,2023-08-02T00:53:00+00:00,REV
SHORT,1.114790,1.123040,-0.008250,2023-08-02T00:53:00+00:00,2023-08-02T11:08:00+00:00,REV
LONG,1.123040,1.112800,-0.010240,2023-08-02T11:08:00+00:00,2023-08-03T11:48:00+00:00,REV
SHORT,1.112800,1.117270,-0.004470,2023-08-03T11:48:00+00:00,2023-08-07T14:38:00+00:00,REV
LONG,1.117270,1.112610,-0.004660,2023-08-07T14:38:00+00:00,2023-08-10T17:45:00+00:00,REV
SHORT,1.112610,1.115430,-0.002820,2023-08-10T17:45:00+00:00,2023-08-15T09:00:00+00:00,REV
LONG,1.115430,1.118400,0.002970,2023-08-15T09:00:00+00:00,2023-08-23T00:05:00+00:00,REV
SHORT,1.118400,1.116700,0.001700,2023-08-23T00:05:00+00:00,2023-08-30T18:47:00+00:00,REV
LONG,1.116700,1.114270,-0.002430,2023-08-30T18:47:00+00:00,2023-09-04T00:10:00+00:00,REV
SHORT,1.114270,1.118850,-0.004580,2023-09-04T00:10:00+00:00,2023-09-06T09:10:00+00:00,REV
LONG,1.118850,1.112300,-0.006550,2023-09-06T09:10:00+00:00,2023-09-07T10:21:00+00:00,REV
SHORT,1.112300,1.115320,-0.003020,2023-09-07T10:21:00+00:00,2023-09-11T08:15:00+00:00,REV
LONG,1.115320,1.110850,-0.004470,2023-09-11T08:15:00+00:00,2023-09-13T09:04:00+00:00,REV
SHORT,1.110850,1.114880,-0.004030,2023-09-13T09:04:00+00:00,2023-09-27T09:27:00+00:00,REV
LONG,1.114880,1.112510,-0.002370,2023-09-27T09:27:00+00:00,2023-10-02T10:36:00+00:00,REV
SHORT,1.112510,1.111950,0.000560,2023-10-02T10:36:00+00:00,2023-10-11T02:19:00+00:00,REV
LONG,1.111950,1.106390,-0.005560,2023-10-11T02:19:00+00:00,2023-10-12T13:19:00+00:00,REV
SHORT,1.106390,1.091780,0.014610,2023-10-12T13:19:00+00:00,2023-10-23T18:37:00+00:00,REV
LONG,1.091780,1.084890,-0.006890,2023-10-23T18:37:00+00:00,2023-10-26T03:18:00+00:00,REV
SHORT,1.084890,1.091330,-0.006440,2023-10-26T03:18:00+00:00,2023-10-27T02:28:00+00:00,REV
LONG,1.091330,1.104050,0.012720,2023-10-27T02:28:00+00:00,2023-11-08T00:05:00+00:00,REV
SHORT,1.104050,1.108030,-0.003980,2023-11-08T00:05:00+00:00,2023-11-13T14:56:00+00:00,REV
LONG,1.108030,1.100230,-0.007800,2023-11-13T14:56:00+00:00,2023-11-16T00:05:00+00:00,REV
SHORT,1.100230,1.104400,-0.004170,2023-11-16T00:05:00+00:00,2023-11-20T05:50:00+00:00,REV
LONG,1.104400,1.101650,-0.002750,2023-11-20T05:50:00+00:00,2023-11-23T00:04:00+00:00,REV
SHORT,1.101650,1.109030,-0.007380,2023-11-23T00:04:00+00:00,2023-11-23T11:30:00+00:00,REV
LONG,1.109030,1.109860,0.000830,2023-11-23T11:30:00+00:00,2023-11-29T17:04:00+00:00,REV
SHORT,1.109860,1.103840,0.006020,2023-11-29T17:04:00+00:00,2023-12-08T17:53:00+00:00,REV
LONG,1.103840,1.098440,-0.005400,2023-12-08T17:53:00+00:00,2023-12-12T14:45:00+00:00,REV
SHORT,1.098440,1.103590,-0.005150,2023-12-12T14:45:00+00:00,2023-12-14T11:53:00+00:00,REV
LONG,1.103590,1.094660,-0.008930,2023-12-14T11:53:00+00:00,2023-12-19T00:05:00+00:00,REV
SHORT,1.094660,1.078880,0.015780,2023-12-19T00:05:00+00:00,2024-01-03T13:08:00+00:00,REV
LONG,1.078880,1.085220,0.006340,2024-01-03T13:08:00+00:00,2024-01-17T00:04:00+00:00,REV
SHORT,1.085220,1.090480,-0.005260,2024-01-17T00:04:00+00:00,2024-01-17T09:22:00+00:00,REV
LONG,1.090480,1.099740,0.009260,2024-01-17T09:22:00+00:00,2024-01-24T15:22:00+00:00,REV
SHORT,1.099740,1.095600,0.004140,2024-01-24T15:22:00+00:00,2024-02-02T17:42:00+00:00,REV
LONG,1.095600,1.090120,-0.005480,2024-02-02T17:42:00+00:00,2024-02-06T00:04:00+00:00,REV
SHORT,1.090120,1.097610,-0.007490,2024-02-06T00:04:00+00:00,2024-02-06T16:16:00+00:00,REV
LONG,1.097610,1.105590,0.007980,2024-02-06T16:16:00+00:00,2024-02-16T00:04:00+00:00,REV
SHORT,1.105590,1.112980,-0.007390,2024-02-16T00:04:00+00:00,2024-02-20T16:04:00+00:00,REV
LONG,1.112980,1.109060,-0.003920,2024-02-20T16:04:00+00:00,2024-02-22T09:35:00+00:00,REV
SHORT,1.109060,1.114850,-0.005790,2024-02-22T09:35:00+00:00,2024-02-22T18:45:00+00:00,REV
LONG,1.114850,1.113840,-0.001010,2024-02-22T18:45:00+00:00,2024-02-28T00:04:00+00:00,REV
SHORT,1.113840,1.116990,-0.003150,2024-02-28T00:04:00+00:00,2024-03-01T01:00:00+00:00,REV
LONG,1.116990,1.123080,0.006090,2024-03-01T01:00:00+00:00,2024-03-12T09:02:00+00:00,REV
SHORT,1.123080,1.125110,-0.002030,2024-03-12T09:02:00+00:00,2024-03-14T06:31:00+00:00,REV
LONG,1.125110,1.123680,-0.001430,2024-03-14T06:31:00+00:00,2024-03-17T23:04:00+00:00,REV
SHORT,1.123680,1.127720,-0.004040,2024-03-17T23:04:00+00:00,2024-03-18T16:44:00+00:00,REV
LONG,1.127720,1.129440,0.001720,2024-03-18T16:44:00+00:00,2024-03-24T23:05:00+00:00,REV
SHORT,1.129440,1.136840,-0.007400,2024-03-24T23:05:00+00:00,2024-03-26T00:05:00+00:00,REV
LONG,1.136840,1.136220,-0.000620,2024-03-26T00:05:00+00:00,2024-03-29T00:33:00+00:00,REV
SHORT,1.136220,1.140130,-0.003910,2024-03-29T00:33:00+00:00,2024-04-02T10:09:00+00:00,REV
LONG,1.140130,1.138700,-0.001430,2024-04-02T10:09:00+00:00,2024-04-05T00:00:00+00:00,REV
SHORT,1.138700,1.146420,-0.007720,2024-04-05T00:00:00+00:00,2024-04-09T13:07:00+00:00,REV
LONG,1.146420,1.143040,-0.003380,2024-04-09T13:07:00+00:00,2024-04-11T00:05:00+00:00,REV
SHORT,1.143040,1.148240,-0.005200,2024-04-11T00:05:00+00:00,2024-04-11T11:06:00+00:00,REV
LONG,1.148240,1.140000,-0.008240,2024-04-11T11:06:00+00:00,2024-04-12T13:27:00+00:00,REV
SHORT,1.140000,1.135350,0.004650,2024-04-12T13:27:00+00:00,2024-04-23T19:39:00+00:00,REV
LONG,1.135350,1.141970,0.006620,2024-04-23T19:39:00+00:00,2024-05-02T09:30:00+00:00,REV
SHORT,1.141970,1.136780,0.005190,2024-05-02T09:30:00+00:00,2024-05-10T09:45:00+00:00,REV
LONG,1.136780,1.131830,-0.004950,2024-05-10T09:45:00+00:00,2024-05-13T00:54:00+00:00,REV
SHORT,1.131830,1.137660,-0.005830,2024-05-13T00:54:00+00:00,2024-05-13T15:06:00+00:00,REV
LONG,1.137660,1.162110,0.024450,2024-05-13T15:06:00+00:00,2024-05-29T00:05:00+00:00,REV
SHORT,1.162110,1.142500,0.019610,2024-05-29T00:05:00+00:00,2024-06-11T13:08:00+00:00,REV
LONG,1.142500,1.138820,-0.003680,2024-06-11T13:08:00+00:00,2024-06-14T00:04:00+00:00,REV
SHORT,1.138820,1.130440,0.008380,2024-06-14T00:04:00+00:00,2024-06-20T10:33:00+00:00,REV
LONG,1.130440,1.145670,0.015230,2024-06-20T10:33:00+00:00,2024-07-08T00:04:00+00:00,REV
SHORT,1.145670,1.151690,-0.006020,2024-07-08T00:04:00+00:00,2024-07-10T16:23:00+00:00,REV
LONG,1.151690,1.157520,0.005830,2024-07-10T16:23:00+00:00,2024-07-17T11:27:00+00:00,REV
SHORT,1.157520,1.150870,0.006650,2024-07-17T11:27:00+00:00,2024-07-23T01:38:00+00:00,REV
LONG,1.150870,1.144450,-0.006420,2024-07-23T01:38:00+00:00,2024-07-24T13:21:00+00:00,REV
SHORT,1.144450,1.140430,0.004020,2024-07-24T13:21:00+00:00,2024-07-30T08:29:00+00:00,REV
LONG,1.140430,1.132580,-0.007850,2024-07-30T08:29:00+00:00,2024-07-31T00:00:00+00:00,REV
SHORT,1.132580,1.099610,0.032970,2024-07-31T00:00:00+00:00,2024-08-07T14:19:00+00:00,REV
LONG,1.099610,1.116800,0.017190,2024-08-07T14:19:00+00:00,2024-08-20T10:40:00+00:00,REV
SHORT,1.116800,1.117800,-0.001000,2024-08-20T10:40:00+00:00,2024-08-23T11:47:00+00:00,REV
LONG,1.117800,1.114720,-0.003080,2024-08-23T11:47:00+00:00,2024-08-28T00:16:00+00:00,REV
SHORT,1.114720,1.117740,-0.003020,2024-08-28T00:16:00+00:00,2024-08-30T09:36:00+00:00,REV
LONG,1.117740,1.113030,-0.004710,2024-08-30T09:36:00+00:00,2024-09-03T16:56:00+00:00,REV
SHORT,1.113030,1.112330,0.000700,2024-09-03T16:56:00+00:00,2024-09-11T16:06:00+00:00,REV
LONG,1.112330,1.104270,-0.008060,2024-09-11T16:06:00+00:00,2024-09-11T17:19:00+00:00,REV
SHORT,1.104270,1.112680,-0.008410,2024-09-11T17:19:00+00:00,2024-09-12T06:54:00+00:00,REV
LONG,1.112680,1.127630,0.014950,2024-09-12T06:54:00+00:00,2024-09-27T16:41:00+00:00,REV
SHORT,1.127630,1.125650,0.001980,2024-09-27T16:41:00+00:00,2024-10-10T08:05:00+00:00,REV
LONG,1.125650,1.123080,-0.002570,2024-10-10T08:05:00+00:00,2024-10-22T00:04:00+00:00,REV
SHORT,1.123080,1.126800,-0.003720,2024-10-22T00:04:00+00:00,2024-10-28T02:54:00+00:00,REV
LONG,1.126800,1.120930,-0.005870,2024-10-28T02:54:00+00:00,2024-10-28T23:05:00+00:00,REV
SHORT,1.120930,1.127250,-0.006320,2024-10-28T23:05:00+00:00,2024-10-29T13:47:00+00:00,REV
LONG,1.127250,1.120870,-0.006380,2024-10-29T13:47:00+00:00,2024-10-31T05:21:00+00:00,REV
SHORT,1.120870,1.125880,-0.005010,2024-10-31T05:21:00+00:00,2024-11-06T02:36:00+00:00,REV
LONG,1.125880,1.127770,0.001890,2024-11-06T02:36:00+00:00,2024-11-12T16:31:00+00:00,REV
SHORT,1.127770,1.122510,0.005260,2024-11-12T16:31:00+00:00,2024-11-20T09:00:00+00:00,REV
LONG,1.122510,1.114580,-0.007930,2024-11-20T09:00:00+00:00,2024-11-22T07:12:00+00:00,REV
SHORT,1.114580,1.121290,-0.006710,2024-11-22T07:12:00+00:00,2024-11-25T00:08:00+00:00,REV
LONG,1.121290,1.119640,-0.001650,2024-11-25T00:08:00+00:00,2024-12-06T00:04:00+00:00,REV
SHORT,1.119640,1.123830,-0.004190,2024-12-06T00:04:00+00:00,2024-12-10T17:45:00+00:00,REV
LONG,1.123830,1.124550,0.000720,2024-12-10T17:45:00+00:00,2024-12-16T00:05:00+00:00,REV
SHORT,1.124550,1.134970,-0.010420,2024-12-16T00:05:00+00:00,2024-12-16T20:24:00+00:00,REV
LONG,1.134970,1.131470,-0.003500,2024-12-16T20:24:00+00:00,2024-12-19T00:04:00+00:00,REV
SHORT,1.131470,1.127270,0.004200,2024-12-19T00:04:00+00:00,2024-12-24T04:41:00+00:00,REV
LONG,1.127270,1.124380,-0.002890,2024-12-24T04:41:00+00:00,2024-12-27T00:04:00+00:00,REV
SHORT,1.124380,1.129440,-0.005060,2024-12-27T00:04:00+00:00,2024-12-27T13:18:00+00:00,REV
LONG,1.129440,1.131050,0.001610,2024-12-27T13:18:00+00:00,2025-01-02T10:57:00+00:00,REV
SHORT,1.131050,1.133350,-0.002300,2025-01-02T10:57:00+00:00,2025-01-07T03:53:00+00:00,REV
LONG,1.133350,1.127070,-0.006280,2025-01-07T03:53:00+00:00,2025-01-08T13:31:00+00:00,REV
SHORT,1.127070,1.117180,0.009890,2025-01-08T13:31:00+00:00,2025-01-20T15:50:00+00:00,REV
LONG,1.117180,1.125150,0.007970,2025-01-20T15:50:00+00:00,2025-02-03T00:04:00+00:00,REV
SHORT,1.125150,1.132210,-0.007060,2025-02-03T00:04:00+00:00,2025-02-03T16:18:00+00:00,REV
LONG,1.132210,1.126150,-0.006060,2025-02-03T16:18:00+00:00,2025-02-06T00:08:00+00:00,REV
SHORT,1.126150,1.131420,-0.005270,2025-02-06T00:08:00+00:00,2025-02-07T16:53:00+00:00,REV
LONG,1.131420,1.130140,-0.001280,2025-02-07T16:53:00+00:00,2025-02-17T00:04:00+00:00,REV
SHORT,1.130140,1.138360,-0.008220,2025-02-17T00:04:00+00:00,2025-02-18T18:54:00+00:00,REV
LONG,1.138360,1.135460,-0.002900,2025-02-18T18:54:00+00:00,2025-02-21T11:09:00+00:00,REV
SHORT,1.135460,1.135660,-0.000200,2025-02-21T11:09:00+00:00,2025-02-27T09:50:00+00:00,REV
LONG,1.135660,1.130890,-0.004770,2025-02-27T09:50:00+00:00,2025-03-04T15:02:00+00:00,REV
SHORT,1.130890,1.143210,-0.012320,2025-03-04T15:02:00+00:00,2025-03-05T16:31:00+00:00,REV
LONG,1.143210,1.135180,-0.008030,2025-03-05T16:31:00+00:00,2025-03-07T08:05:00+00:00,REV
SHORT,1.135180,1.137850,-0.002670,2025-03-07T08:05:00+00:00,2025-03-11T10:30:00+00:00,REV
LONG,1.137850,1.141310,0.003460,2025-03-11T10:30:00+00:00,2025-03-18T13:58:00+00:00,REV
SHORT,1.141310,1.145030,-0.003720,2025-03-18T13:58:00+00:00,2025-03-20T14:02:00+00:00,REV
LONG,1.145030,1.136840,-0.008190,2025-03-20T14:02:00+00:00,2025-03-23T23:04:00+00:00,REV
SHORT,1.136840,1.143380,-0.006540,2025-03-23T23:04:00+00:00,2025-03-26T05:14:00+00:00,REV
LONG,1.143380,1.138740,-0.004640,2025-03-26T05:14:00+00:00,2025-03-26T10:37:00+00:00,REV
SHORT,1.138740,1.144270,-0.005530,2025-03-26T10:37:00+00:00,2025-03-27T14:30:00+00:00,REV
LONG,1.144270,1.136070,-0.008200,2025-03-27T14:30:00+00:00,2025-03-31T00:04:00+00:00,REV
SHORT,1.136070,1.143340,-0.007270,2025-03-31T00:04:00+00:00,2025-04-02T11:42:00+00:00,REV
LONG,1.143340,1.137250,-0.006090,2025-04-02T11:42:00+00:00,2025-04-03T12:56:00+00:00,REV
SHORT,1.137250,1.100290,0.036960,2025-04-03T12:56:00+00:00,2025-04-10T09:43:00+00:00,REV
LONG,1.100290,1.068830,-0.031460,2025-04-10T09:43:00+00:00,2025-04-10T19:22:00+00:00,REV
SHORT,1.068830,1.086440,-0.017610,2025-04-10T19:22:00+00:00,2025-04-15T20:08:00+00:00,REV
LONG,1.086440,1.098390,0.011950,2025-04-15T20:08:00+00:00,2025-04-30T16:26:00+00:00,REV
SHORT,1.098390,1.104240,-0.005850,2025-04-30T16:26:00+00:00,2025-05-06T15:56:00+00:00,REV
LONG,1.104240,1.109900,0.005660,2025-05-06T15:56:00+00:00,2025-05-16T00:04:00+00:00,REV
SHORT,1.109900,1.113650,-0.003750,2025-05-16T00:04:00+00:00,2025-05-23T11:02:00+00:00,REV
LONG,1.113650,1.110060,-0.003590,2025-05-23T11:02:00+00:00,2025-05-29T18:25:00+00:00,REV
SHORT,1.110060,1.111600,-0.001540,2025-05-29T18:25:00+00:00,2025-06-03T15:57:00+00:00,REV
LONG,1.111600,1.109830,-0.001770,2025-06-03T15:57:00+00:00,2025-06-10T09:36:00+00:00,REV
SHORT,1.109830,1.101530,0.008300,2025-06-10T09:36:00+00:00,2025-06-20T05:30:00+00:00,REV
LONG,1.101530,1.094900,-0.006630,2025-06-20T05:30:00+00:00,2025-06-23T00:04:00+00:00,REV
SHORT,1.094900,1.103710,-0.008810,2025-06-23T00:04:00+00:00,2025-06-24T11:58:00+00:00,REV
LONG,1.103710,1.094720,-0.008990,2025-06-24T11:58:00+00:00,2025-06-27T15:57:00+00:00,REV
SHORT,1.094720,1.086740,0.007980,2025-06-27T15:57:00+00:00,2025-07-07T15:20:00+00:00,REV
LONG,1.086740,1.081040,-0.005700,2025-07-07T15:20:00+00:00,2025-07-08T17:05:00+00:00,REV
SHORT,1.081040,1.076040,0.005000,2025-07-08T17:05:00+00:00,2025-07-16T14:50:00+00:00,REV
LONG,1.076040,1.072430,-0.003610,2025-07-16T14:50:00+00:00,2025-07-21T00:14:00+00:00,REV
SHORT,1.072430,1.077960,-0.005530,2025-07-21T00:14:00+00:00,2025-07-23T20:44:00+00:00,REV
LONG,1.077960,1.070070,-0.007890,2025-07-23T20:44:00+00:00,2025-07-25T16:07:00+00:00,REV
SHORT,1.070070,1.077300,-0.007230,2025-07-25T16:07:00+00:00,2025-07-28T16:43:00+00:00,REV
LONG,1.077300,1.070880,-0.006420,2025-07-28T16:43:00+00:00,2025-08-01T00:04:00+00:00,REV
SHORT,1.070880,1.076970,-0.006090,2025-08-01T00:04:00+00:00,2025-08-05T11:30:00+00:00,REV
LONG,1.076970,1.089290,0.012320,2025-08-05T11:30:00+00:00,2025-08-19T00:05:00+00:00,REV
SHORT,1.089290,1.086260,0.003030,2025-08-19T00:05:00+00:00,2025-08-26T11:24:00+00:00,REV
LONG,1.086260,1.080590,-0.005670,2025-08-26T11:24:00+00:00,2025-08-27T00:06:00+00:00,REV
SHORT,1.080590,1.084400,-0.003810,2025-08-27T00:06:00+00:00,2025-09-01T16:00:00+00:00,REV
LONG,1.084400,1.077010,-0.007390,2025-09-01T16:00:00+00:00,2025-09-02T10:52:00+00:00,REV
SHORT,1.077010,1.079180,-0.002170,2025-09-02T10:52:00+00:00,2025-09-10T04:02:00+00:00,REV
LONG,1.079180,1.077790,-0.001390,2025-09-10T04:02:00+00:00,2025-09-15T00:12:00+00:00,REV
SHORT,1.077790,1.081590,-0.003800,2025-09-15T00:12:00+00:00,2025-09-15T10:13:00+00:00,REV
LONG,1.081590,1.077410,-0.004180,2025-09-15T10:13:00+00:00,2025-09-16T16:38:00+00:00,REV
SHORT,1.077410,1.071730,0.005680,2025-09-16T16:38:00+00:00,2025-09-29T14:12:00+00:00,REV
LONG,1.071730,1.068840,-0.002890,2025-09-29T14:12:00+00:00,2025-10-06T00:04:00+00:00,REV
SHORT,1.068840,1.074410,-0.005570,2025-10-06T00:04:00+00:00,2025-10-08T10:25:00+00:00,REV
LONG,1.074410,1.069710,-0.004700,2025-10-08T10:25:00+00:00,2025-10-10T00:18:00+00:00,REV
SHORT,1.069710,1.065650,0.004060,2025-10-10T00:18:00+00:00,2025-10-23T13:26:00+00:00,REV
LONG,1.065650,1.059840,-0.005810,2025-10-23T13:26:00+00:00,2025-10-23T17:53:00+00:00,REV
SHORT,1.059840,1.061340,-0.001500,2025-10-23T17:53:00+00:00,2025-10-27T08:17:00+00:00,REV
LONG,1.061340,1.058920,-0.002420,2025-10-27T08:17:00+00:00,2025-10-28T10:11:00+00:00,REV
SHORT,1.058920,1.056600,0.002320,2025-10-28T10:11:00+00:00,2025-10-31T20:15:00+00:00,REV
LONG,1.056600,1.053210,-0.003390,2025-10-31T20:15:00+00:00,2025-11-05T00:04:00+00:00,REV
SHORT,1.053210,1.060520,-0.007310,2025-11-05T00:04:00+00:00,2025-11-10T01:00:00+00:00,REV
LONG,1.060520,1.056090,-0.004430,2025-11-10T01:00:00+00:00,2025-11-11T09:00:00+00:00,REV
SHORT,1.056090,1.048840,0.007250,2025-11-11T09:00:00+00:00,2025-11-17T14:25:00+00:00,REV
LONG,1.048840,1.062050,0.013210,2025-11-17T14:25:00+00:00,2025-12-01T00:05:00+00:00,REV
SHORT,1.062050,1.064330,-0.002280,2025-12-01T00:05:00+00:00,2025-12-03T11:33:00+00:00,REV
LONG,1.064330,1.069470,0.005140,2025-12-03T11:33:00+00:00,2025-12-10T17:28:00+00:00,REV
SHORT,1.069470,1.066320,0.003150,2025-12-10T17:28:00+00:00,2025-12-16T10:05:00+00:00,REV
LONG,1.066320,1.061510,-0.004810,2025-12-16T10:05:00+00:00,2025-12-17T14:22:00+00:00,REV
SHORT,1.061510,1.067270,-0.005760,2025-12-17T14:22:00+00:00,2025-12-22T19:01:00+00:00,REV
LONG,1.067270,1.062240,-0.005030,2025-12-22T19:01:00+00:00,2025-12-25T01:25:00+00:00,REV
SHORT,1.062240,1.066290,-0.004050,2025-12-25T01:25:00+00:00,2025-12-26T15:42:00+00:00,REV
LONG,1.066290,1.064030,-0.002260,2025-12-26T15:42:00+00:00,2026-01-05T00:05:00+00:00,REV
SHORT,1.064030,1.068800,-0.004770,2026-01-05T00:05:00+00:00,2026-01-05T11:33:00+00:00,REV
LONG,1.068800,1.071020,0.002220,2026-01-05T11:33:00+00:00,2026-01-08T12:36:00+00:00,REV
SHORT,1.071020,1.075160,-0.004140,2026-01-08T12:36:00+00:00,2026-01-13T04:03:00+00:00,REV
LONG,1.075160,1.072780,-0.002380,2026-01-13T04:03:00+00:00,2026-01-16T00:04:00+00:00,REV
SHORT,1.072780,1.069240,0.003540,2026-01-16T00:04:00+00:00,2026-01-23T11:44:00+00:00,REV
LONG,1.069240,1.058960,-0.010280,2026-01-23T11:44:00+00:00,2026-01-26T00:00:00+00:00,REV
SHORT,1.058960,1.061020,-0.002060,2026-01-26T00:00:00+00:00,2026-02-02T11:22:00+00:00,REV
LONG,1.061020,1.059430,-0.001590,2026-02-02T11:22:00+00:00,2026-02-05T00:06:00+00:00,REV
SHORT,1.059430,1.047370,0.012060,2026-02-05T00:06:00+00:00,2026-02-23T13:10:00+00:00,REV
LONG,1.047370,1.043110,-0.004260,2026-02-23T13:10:00+00:00,2026-02-26T19:46:00+00:00,REV
SHORT,1.043110,1.045140,-0.002030,2026-02-26T19:46:00+00:00,2026-03-03T02:57:00+00:00,REV
LONG,1.045140,1.040090,-0.005050,2026-03-03T02:57:00+00:00,2026-03-05T06:31:00+00:00,REV
SHORT,1.040090,1.045140,-0.005050,2026-03-05T06:31:00+00:00,2026-03-09T22:00:00+00:00,REV
LONG,1.045140,1.048490,0.003350,2026-03-09T22:00:00+00:00,2026-03-22T23:12:00+00:00,REV
SHORT,1.048490,1.058160,-0.009670,2026-03-22T23:12:00+00:00,2026-03-24T15:33:00+00:00,REV
LONG,1.058160,1.056600,-0.001560,2026-03-24T15:33:00+00:00,2026-03-30T00:06:00+00:00,REV
SHORT,1.056600,1.058310,-0.001710,2026-03-30T00:06:00+00:00,2026-04-06T05:12:00+00:00,REV
LONG,1.058310,1.056980,-0.001330,2026-04-06T05:12:00+00:00,2026-04-13T00:05:00+00:00,REV
SHORT,1.056980,1.061510,-0.004530,2026-04-13T00:05:00+00:00,2026-04-16T13:27:00+00:00,REV
LONG,1.061510,1.057710,-0.003800,2026-04-16T13:27:00+00:00,2026-04-17T16:03:00+00:00,REV
SHORT,1.057710,1.057010,0.000700,2026-04-17T16:03:00+00:00,2026-04-22T15:55:00+00:00,REV
LONG,1.057010,1.060650,0.003640,2026-04-22T15:55:00+00:00,2026-04-30T15:11:00+00:00,REV
SHORT,1.060650,1.059990,0.000660,2026-04-30T15:11:00+00:00,2026-05-11T16:39:00+00:00,REV
LONG,1.059990,1.054140,-0.005850,2026-05-11T16:39:00+00:00,2026-05-14T19:12:00+00:00,REV
SHORT,1.054140,1.055800,-0.001660,2026-05-14T19:12:00+00:00,2026-05-19T14:52:00+00:00,REV
LONG,1.055800,1.055520,-0.000280,2026-05-19T14:52:00+00:00,2026-05-22T00:05:00+00:00,REV
SHORT,1.055520,1.057770,-0.002250,2026-05-22T00:05:00+00:00,2026-05-26T09:56:00+00:00,REV
LONG,1.057770,1.054950,-0.002820,2026-05-26T09:56:00+00:00,2026-05-28T17:40:00+00:00,REV
SHORT,1.054950,1.058050,-0.003100,2026-05-28T17:40:00+00:00,2026-06-01T17:50:00+00:00,REV
LONG,1.058050,1.059010,0.000960,2026-06-01T17:50:00+00:00,2026-06-05T00:05:00+00:00,REV
SHORT,1.059010,1.063470,-0.004460,2026-06-05T00:05:00+00:00,2026-06-05T15:37:00+00:00,REV
LONG,1.063470,1.058250,-0.005220,2026-06-05T15:37:00+00:00,2026-06-08T00:05:00+00:00,REV
SHORT,1.058250,1.063940,-0.005690,2026-06-08T00:05:00+00:00,2026-06-08T05:04:00+00:00,REV
LONG,1.063940,1.065370,0.001430,2026-06-08T05:04:00+00:00,2026-06-12T00:05:00+00:00,REV
SHORT,1.065370,1.065110,0.000260,2026-06-12T00:05:00+00:00,2026-06-19T07:27:00+00:00,REV
LONG,1.065110,1.067310,0.002200,2026-06-19T07:27:00+00:00,2026-06-25T00:05:00+00:00,REV
SHORT,1.067310,1.070570,-0.003260,2026-06-25T00:05:00+00:00,2026-06-29T15:29:00+00:00,REV
LONG,1.070570,1.079080,0.008510,2026-06-29T15:29:00+00:00,2026-07-13T00:05:00+00:00,REV
SHORT,1.079080,1.084080,-0.005000,2026-07-13T00:05:00+00:00,2026-07-13T04:25:00+00:00,REV
LONG,1.084080,1.086340,0.002260,2026-07-13T04:25:00+00:00,2026-07-27T00:05:00+00:00,REV
SHORT,1.086340,1.090630,-0.004290,2026-07-27T00:05:00+00:00,2026-07-29T20:18:00+00:00,REV
LONG,1.090630,1.085490,-0.005140,2026-07-29T20:18:00+00:00,2026-07-30T16:23:00+00:00,REV
SHORT,1.085490,1.090560,-0.005070,2026-07-30T16:23:00+00:00,2026-08-05T15:36:00+00:00,REV
LONG,1.090560,1.086460,-0.004100,2026-08-05T15:36:00+00:00,2026-08-05T23:59:00+00:00,REV
SHORT,1.086460,1.090610,-0.004150,2026-08-05T23:59:00+00:00,2026-08-06T14:53:00+00:00,REV
LONG,1.090610,1.095270,0.004660,2026-08-06T14:53:00+00:00,2026-08-19T16:39:00+00:00,REV
SHORT,1.095270,1.093720,0.001550,2026-08-19T16:39:00+00:00,2026-08-24T10:19:00+00:00,REV
LONG,1.093720,1.091700,-0.002020,2026-08-24T10:19:00+00:00,2026-08-27T16:21:00+00:00,REV
SHORT,1.091700,1.096060,-0.004360,2026-08-27T16:21:00+00:00,2026-08-28T18:42:00+00:00,REV
LONG,1.096060,1.093610,-0.002450,2026-08-28T18:42:00+00:00,2026-09-03T09:30:00+00:00,REV
SHORT,1.093610,1.096570,-0.002960,2026-09-03T09:30:00+00:00,2026-09-07T10:07:00+00:00,REV
LONG,1.096570,1.100370,0.003800,2026-09-07T10:07:00+00:00,2026-09-16T21:00:00+00:00,REV
SHORT,1.100370,1.106320,-0.005950,2026-09-16T21:00:00+00:00,2026-09-17T12:15:00+00:00,REV
LONG,1.106320,1.100010,-0.006310,2026-09-17T12:15:00+00:00,2026-09-17T17:31:00+00:00,REV
SHORT,1.100010,1.092430,0.007580,2026-09-17T17:31:00+00:00,2026-09-24T02:59:00+00:00,END
