direction,entry,exit,pnl,open_time,close_time,reason
LONG,1.514880,1.508000,-0.006880,2000-06-05T14:24:00+00:00,2000-06-08T16:49:00+00:00,REV
SHORT,1.508000,1.514780,-0.006780,2000-06-08T16:49:00+00:00,2000-06-13T03:29:00+00:00,REV
LONG,1.514780,1.503900,-0.010880,2000-06-13T03:29:00+00:00,2000-06-14T12:55:00+00:00,REV
SHORT,1.503900,1.517680,-0.013780,2000-06-14T12:55:00+00:00,2000-06-20T21:13:00+00:00,REV
LONG,1.517680,1.505300,-0.012380,2000-06-20T21:13:00+00:00,2000-06-21T14:46:00+00:00,REV
SHORT,1.505300,1.513780,-0.008480,2000-06-21T14:46:00+00:00,2000-06-28T20:21:00+00:00,REV
LONG,1.513780,1.509800,-0.003980,2000-06-28T20:21:00+00:00,2000-07-05T19:55:00+00:00,REV
SHORT,1.509800,1.517080,-0.007280,2000-07-05T19:55:00+00:00,2000-07-07T16:15:00+00:00,REV
LONG,1.517080,1.506400,-0.010680,2000-07-07T16:15:00+00:00,2000-07-13T02:37:00+00:00,REV
SHORT,1.506400,1.501480,0.004920,2000-07-13T02:37:00+00:00,2000-07-20T15:57:00+00:00,REV
LONG,1.501480,1.513200,0.011720,2000-07-20T15:57:00+00:00,2000-07-27T18:15:00+00:00,REV
SHORT,1.513200,1.504380,0.008820,2000-07-27T18:15:00+00:00,2000-08-04T15:28:00+00:00,REV
LONG,1.504380,1.500600,-0.003780,2000-08-04T15:28:00+00:00,2000-08-09T12:53:00+00:00,REV
SHORT,1.500600,1.508280,-0.007680,2000-08-09T12:53:00+00:00,2000-08-14T16:17:00+00:00,REV
LONG,1.508280,1.498000,-0.010280,2000-08-14T16:17:00+00:00,2000-08-17T14:34:00+00:00,REV
SHORT,1.498000,1.463080,0.034920,2000-08-17T14:34:00+00:00,2000-09-04T02:35:00+00:00,REV
LONG,1.463080,1.447000,-0.016080,2000-09-04T02:35:00+00:00,2000-09-06T18:42:00+00:00,REV
SHORT,1.447000,1.414680,0.032320,2000-09-06T18:42:00+00:00,2000-09-20T14:56:00+00:00,REV
LONG,1.414680,1.461400,0.046720,2000-09-20T14:56:00+00:00,2000-10-03T15:07:00+00:00,REV
SHORT,1.461400,1.458480,0.002920,2000-10-03T15:07:00+00:00,2000-10-11T04:45:00+00:00,REV
LONG,1.458480,1.449900,-0.008580,2000-10-11T04:45:00+00:00,2000-10-16T09:49:00+00:00,REV
SHORT,1.449900,1.456180,-0.006280,2000-10-16T09:49:00+00:00,2000-10-27T23:18:00+00:00,REV
LONG,1.456180,1.442300,-0.013880,2000-10-27T23:18:00+00:00,2000-11-03T10:15:00+00:00,REV
SHORT,1.442300,1.436780,0.005520,2000-11-03T10:15:00+00:00,2000-11-13T17:11:00+00:00,REV
LONG,1.436780,1.424300,-0.012480,2000-11-13T17:11:00+00:00,2000-11-15T14:27:00+00:00,REV
SHORT,1.424300,1.428580,-0.004280,2000-11-15T14:27:00+00:00,2000-11-21T10:48:00+00:00,REV
LONG,1.428580,1.420100,-0.008480,2000-11-21T10:48:00+00:00,2000-11-21T14:55:00+00:00,REV
SHORT,1.420100,1.419780,0.000320,2000-11-21T14:55:00+00:00,2000-11-28T08:31:00+00:00,REV
LONG,1.419780,1.488600,0.068820,2000-11-28T08:31:00+00:00,2001-01-09T12:31:00+00:00,REV
SHORT,1.488600,1.465280,0.023320,2001-01-09T12:31:00+00:00,2001-02-01T03:39:00+00:00,REV
LONG,1.465280,1.463800,-0.001480,2001-02-01T03:39:00+00:00,2001-02-06T15:07:00+00:00,REV
SHORT,1.463800,1.455580,0.008220,2001-02-06T15:07:00+00:00,2001-02-13T12:43:00+00:00,REV
LONG,1.455580,1.445400,-0.010180,2001-02-13T12:43:00+00:00,2001-02-19T17:55:00+00:00,REV
SHORT,1.445400,1.452380,-0.006980,2001-02-19T17:55:00+00:00,2001-02-23T20:27:00+00:00,REV
LONG,1.452380,1.459800,0.007420,2001-02-23T20:27:00+00:00,2001-03-13T10:51:00+00:00,REV
SHORT,1.459800,1.438680,0.021120,2001-03-13T10:51:00+00:00,2001-03-21T00:53:00+00:00,REV
LONG,1.438680,1.421800,-0.016880,2001-03-21T00:53:00+00:00,2001-03-22T11:16:00+00:00,REV
SHORT,1.421800,1.435780,-0.013980,2001-03-22T11:16:00+00:00,2001-03-27T04:03:00+00:00,REV
LONG,1.435780,1.426400,-0.009380,2001-03-27T04:03:00+00:00,2001-03-30T00:12:00+00:00,REV
SHORT,1.426400,1.434180,-0.007780,2001-03-30T00:12:00+00:00,2001-04-04T12:04:00+00:00,REV
LONG,1.434180,1.432600,-0.001580,2001-04-04T12:04:00+00:00,2001-04-17T13:25:00+00:00,REV
SHORT,1.432600,1.442980,-0.010380,2001-04-17T13:25:00+00:00,2001-04-19T21:36:00+00:00,REV
LONG,1.442980,1.434100,-0.008880,2001-04-19T21:36:00+00:00,2001-04-25T00:18:00+00:00,REV
SHORT,1.434100,1.444180,-0.010080,2001-04-25T00:18:00+00:00,2001-04-27T15:29:00+00:00,REV
LONG,1.444180,1.431700,-0.012480,2001-04-27T15:29:00+00:00,2001-04-30T14:34:00+00:00,REV
SHORT,1.431700,1.438480,-0.006780,2001-04-30T14:34:00+00:00,2001-05-04T15:30:00+00:00,REV
LONG,1.438480,1.430500,-0.007980,2001-05-04T15:30:00+00:00,2001-05-08T16:05:00+00:00,REV
SHORT,1.430500,1.425580,0.004920,2001-05-08T16:05:00+00:00,2001-05-16T10:43:00+00:00,REV
LONG,1.425580,1.426300,0.000720,2001-05-16T10:43:00+00:00,2001-05-22T17:23:00+00:00,REV
SHORT,1.426300,1.424280,0.002020,2001-05-22T17:23:00+00:00,2001-05-30T04:09:00+00:00,REV
LONG,1.424280,1.415300,-0.008980,2001-05-30T04:09:00+00:00,2001-06-01T15:36:00+00:00,REV
SHORT,1.415300,1.392780,0.022520,2001-06-01T15:36:00+00:00,2001-06-14T10:40:00+00:00,REV
LONG,1.392780,1.394400,0.001620,2001-06-14T10:40:00+00:00,2001-06-20T14:06:00+00:00,REV
SHORT,1.394400,1.408180,-0.013780,2001-06-20T14:06:00+00:00,2001-06-21T13:55:00+00:00,REV
LONG,1.408180,1.410600,0.002420,2001-06-21T13:55:00+00:00,2001-06-28T13:52:00+00:00,REV
SHORT,1.410600,1.413080,-0.002480,2001-06-28T13:52:00+00:00,2001-07-09T09:36:00+00:00,REV
LONG,1.413080,1.405500,-0.007580,2001-07-09T09:36:00+00:00,2001-07-12T15:42:00+00:00,REV
SHORT,1.405500,1.408280,-0.002780,2001-07-12T15:42:00+00:00,2001-07-18T13:44:00+00:00,REV
LONG,1.408280,1.424500,0.016220,2001-07-18T13:44:00+00:00,2001-08-06T13:58:00+00:00,REV
SHORT,1.424500,1.428580,-0.004080,2001-08-06T13:58:00+00:00,2001-08-09T19:47:00+00:00,REV
LONG,1.428580,1.443800,0.015220,2001-08-09T19:47:00+00:00,2001-08-24T13:25:00+00:00,REV
SHORT,1.443800,1.450180,-0.006380,2001-08-24T13:25:00+00:00,2001-08-28T18:36:00+00:00,REV
LONG,1.450180,1.448400,-0.001780,2001-08-28T18:36:00+00:00,2001-09-04T09:02:00+00:00,REV
SHORT,1.448400,1.459080,-0.010680,2001-09-04T09:02:00+00:00,2001-09-07T09:54:00+00:00,REV
LONG,1.459080,1.463000,0.003920,2001-09-07T09:54:00+00:00,2001-09-18T08:22:00+00:00,REV
SHORT,1.463000,1.469580,-0.006580,2001-09-18T08:22:00+00:00,2001-09-25T17:01:00+00:00,REV
LONG,1.469580,1.465800,-0.003780,2001-09-25T17:01:00+00:00,2001-10-02T18:38:00+00:00,REV
SHORT,1.465800,1.483580,-0.017780,2001-10-02T18:38:00+00:00,2001-10-08T02:03:00+00:00,REV
LONG,1.483580,1.457900,-0.025680,2001-10-08T02:03:00+00:00,2001-10-09T07:18:00+00:00,REV
SHORT,1.457900,1.437680,0.020220,2001-10-09T07:18:00+00:00,2001-10-29T01:59:00+00:00,REV
LONG,1.437680,1.456300,0.018620,2001-10-29T01:59:00+00:00,2001-11-12T12:24:00+00:00,REV
SHORT,1.456300,1.420780,0.035520,2001-11-12T12:24:00+00:00,2001-11-28T16:28:00+00:00,REV
LONG,1.420780,1.419200,-0.001580,2001-11-28T16:28:00+00:00,2001-12-05T17:03:00+00:00,REV
SHORT,1.419200,1.432780,-0.013580,2001-12-05T17:03:00+00:00,2001-12-10T02:01:00+00:00,REV
LONG,1.432780,1.439900,0.007120,2001-12-10T02:01:00+00:00,2001-12-24T02:02:00+00:00,REV
SHORT,1.439900,1.464480,-0.024580,2001-12-24T02:02:00+00:00,2001-12-27T02:28:00+00:00,REV
LONG,1.464480,1.442700,-0.021780,2001-12-27T02:28:00+00:00,2002-01-07T12:00:00+00:00,REV
SHORT,1.442700,1.450180,-0.007480,2002-01-07T12:00:00+00:00,2002-01-14T05:22:00+00:00,REV
LONG,1.450180,1.437300,-0.012880,2002-01-14T05:22:00+00:00,2002-01-16T10:45:00+00:00,REV
SHORT,1.437300,1.422380,0.014920,2002-01-16T10:45:00+00:00,2002-01-31T00:02:00+00:00,REV
LONG,1.422380,1.413100,-0.009280,2002-01-31T00:02:00+00:00,2002-02-06T08:50:00+00:00,REV
SHORT,1.413100,1.432280,-0.019180,2002-02-06T08:50:00+00:00,2002-02-18T02:00:00+00:00,REV
LONG,1.432280,1.423800,-0.008480,2002-02-18T02:00:00+00:00,2002-02-26T16:18:00+00:00,REV
SHORT,1.423800,1.425080,-0.001280,2002-02-26T16:18:00+00:00,2002-03-05T23:05:00+00:00,REV
LONG,1.425080,1.418600,-0.006480,2002-03-05T23:05:00+00:00,2002-03-12T09:30:00+00:00,REV
SHORT,1.418600,1.423780,-0.005180,2002-03-12T09:30:00+00:00,2002-03-18T02:00:00+00:00,REV
LONG,1.423780,1.422800,-0.000980,2002-03-18T02:00:00+00:00,2002-03-27T17:49:00+00:00,REV
SHORT,1.422800,1.428980,-0.006180,2002-03-27T17:49:00+00:00,2002-04-01T15:32:00+00:00,REV
LONG,1.428980,1.431700,0.002720,2002-04-01T15:32:00+00:00,2002-04-08T02:05:00+00:00,REV
SHORT,1.431700,1.437580,-0.005880,2002-04-08T02:05:00+00:00,2002-04-10T00:09:00+00:00,REV
LONG,1.437580,1.463600,0.026020,2002-04-10T00:09:00+00:00,2002-05-08T10:23:00+00:00,REV
SHORT,1.463600,1.461180,0.002420,2002-05-08T10:23:00+00:00,2002-05-20T06:11:00+00:00,REV
LONG,1.461180,1.455900,-0.005280,2002-05-20T06:11:00+00:00,2002-06-03T02:53:00+00:00,REV
SHORT,1.455900,1.464180,-0.008280,2002-06-03T02:53:00+00:00,2002-06-03T23:24:00+00:00,REV
LONG,1.464180,1.455000,-0.009180,2002-06-03T23:24:00+00:00,2002-06-05T17:01:00+00:00,REV
SHORT,1.455000,1.463480,-0.008480,2002-06-05T17:01:00+00:00,2002-06-11T09:55:00+00:00,REV
LONG,1.463480,1.523400,0.059920,2002-06-11T09:55:00+00:00,2002-07-03T15:15:00+00:00,REV
SHORT,1.523400,1.537280,-0.013880,2002-07-03T15:15:00+00:00,2002-07-08T21:20:00+00:00,REV
LONG,1.537280,1.562300,0.025020,2002-07-08T21:20:00+00:00,2002-07-23T11:37:00+00:00,REV
SHORT,1.562300,1.537880,0.024420,2002-07-23T11:37:00+00:00,2002-08-14T00:20:00+00:00,REV
LONG,1.537880,1.530300,-0.007580,2002-08-14T00:20:00+00:00,2002-08-19T17:08:00+00:00,REV
SHORT,1.530300,1.532580,-0.002280,2002-08-19T17:08:00+00:00,2002-08-27T17:35:00+00:00,REV
LONG,1.532580,1.556600,0.024020,2002-08-27T17:35:00+00:00,2002-09-09T14:40:00+00:00,REV
SHORT,1.556600,1.562080,-0.005480,2002-09-09T14:40:00+00:00,2002-09-13T10:04:00+00:00,REV
LONG,1.562080,1.547800,-0.014280,2002-09-13T10:04:00+00:00,2002-09-16T09:43:00+00:00,REV
SHORT,1.547800,1.553380,-0.005580,2002-09-16T09:43:00+00:00,2002-09-19T10:50:00+00:00,REV
LONG,1.553380,1.562700,0.009320,2002-09-19T10:50:00+00:00,2002-10-08T15:24:00+00:00,REV
SHORT,1.562700,1.551480,0.011220,2002-10-08T15:24:00+00:00,2002-10-24T21:41:00+00:00,REV
LONG,1.551480,1.555300,0.003820,2002-10-24T21:41:00+00:00,2002-11-04T13:08:00+00:00,REV
SHORT,1.555300,1.567480,-0.012180,2002-11-04T13:08:00+00:00,2002-11-07T10:47:00+00:00,REV
LONG,1.567480,1.583900,0.016420,2002-11-07T10:47:00+00:00,2002-11-14T03:48:00+00:00,REV
SHORT,1.583900,1.589780,-0.005880,2002-11-14T03:48:00+00:00,2002-11-19T13:24:00+00:00,REV
LONG,1.589780,1.573600,-0.016180,2002-11-19T13:24:00+00:00,2002-11-20T12:49:00+00:00,REV
SHORT,1.573600,1.557680,0.015920,2002-11-20T12:49:00+00:00,2002-12-02T02:55:00+00:00,REV
LONG,1.557680,1.596000,0.038320,2002-12-02T02:55:00+00:00,2002-12-23T15:14:00+00:00,REV
SHORT,1.596000,1.604480,-0.008480,2002-12-23T15:14:00+00:00,2002-12-30T02:54:00+00:00,REV
LONG,1.604480,1.599200,-0.005280,2002-12-30T02:54:00+00:00,2003-01-02T17:23:00+00:00,REV
SHORT,1.599200,1.613480,-0.014280,2003-01-02T17:23:00+00:00,2003-01-06T10:11:00+00:00,REV
LONG,1.613480,1.599500,-0.013980,2003-01-06T10:11:00+00:00,2003-01-14T02:35:00+00:00,REV
SHORT,1.599500,1.611880,-0.012380,2003-01-14T02:35:00+00:00,2003-01-16T19:54:00+00:00,REV
LONG,1.611880,1.602200,-0.009680,2003-01-16T19:54:00+00:00,2003-01-21T09:03:00+00:00,REV
SHORT,1.602200,1.620180,-0.017980,2003-01-21T09:03:00+00:00,2003-01-22T23:50:00+00:00,REV
LONG,1.620180,1.639300,0.019120,2003-01-22T23:50:00+00:00,2003-02-03T11:17:00+00:00,REV
SHORT,1.639300,1.585980,0.053320,2003-02-03T11:17:00+00:00,2003-03-05T00:38:00+00:00,REV
LONG,1.585980,1.598100,0.012120,2003-03-05T00:38:00+00:00,2003-03-14T10:23:00+00:00,REV
SHORT,1.598100,1.570180,0.027920,2003-03-14T10:23:00+00:00,2003-03-24T09:32:00+00:00,REV
LONG,1.570180,1.564500,-0.005680,2003-03-24T09:32:00+00:00,2003-03-27T19:26:00+00:00,REV
SHORT,1.564500,1.579180,-0.014680,2003-03-27T19:26:00+00:00,2003-03-31T11:29:00+00:00,REV
LONG,1.579180,1.564700,-0.014480,2003-03-31T11:29:00+00:00,2003-04-03T10:43:00+00:00,REV
SHORT,1.564700,1.564680,0.000020,2003-04-03T10:43:00+00:00,2003-04-10T00:44:00+00:00,REV
LONG,1.564680,1.569100,0.004420,2003-04-10T00:44:00+00:00,2003-04-21T16:30:00+00:00,REV
SHORT,1.569100,1.580780,-0.011680,2003-04-21T16:30:00+00:00,2003-04-23T15:36:00+00:00,REV
LONG,1.580780,1.601100,0.020320,2003-04-23T15:36:00+00:00,2003-05-07T15:38:00+00:00,REV
SHORT,1.601100,1.615080,-0.013980,2003-05-07T15:38:00+00:00,2003-05-14T13:42:00+00:00,REV
LONG,1.615080,1.631300,0.016220,2003-05-14T13:42:00+00:00,2003-05-28T14:14:00+00:00,REV
SHORT,1.631300,1.647680,-0.016380,2003-05-28T14:14:00+00:00,2003-05-29T16:46:00+00:00,REV
LONG,1.647680,1.628100,-0.019580,2003-05-29T16:46:00+00:00,2003-06-02T00:00:00+00:00,REV
SHORT,1.628100,1.642980,-0.014880,2003-06-02T00:00:00+00:00,2003-06-05T14:08:00+00:00,REV
LONG,1.642980,1.671600,0.028620,2003-06-05T14:08:00+00:00,2003-06-19T15:48:00+00:00,REV
SHORT,1.671600,1.665680,0.005920,2003-06-19T15:48:00+00:00,2003-07-02T17:29:00+00:00,REV
LONG,1.665680,1.660300,-0.005380,2003-07-02T17:29:00+00:00,2003-07-07T12:33:00+00:00,REV
SHORT,1.660300,1.599680,0.060620,2003-07-07T12:33:00+00:00,2003-07-21T18:25:00+00:00,REV
LONG,1.599680,1.615200,0.015520,2003-07-21T18:25:00+00:00,2003-07-31T07:38:00+00:00,REV
SHORT,1.615200,1.616880,-0.001680,2003-07-31T07:38:00+00:00,2003-08-06T09:12:00+00:00,REV
LONG,1.616880,1.602300,-0.014580,2003-08-06T09:12:00+00:00,2003-08-08T22:38:00+00:00,REV
SHORT,1.602300,1.610880,-0.008580,2003-08-08T22:38:00+00:00,2003-08-14T09:57:00+00:00,REV
LONG,1.610880,1.596800,-0.014080,2003-08-14T09:57:00+00:00,2003-08-15T16:59:00+00:00,REV
SHORT,1.596800,1.579180,0.017620,2003-08-15T16:59:00+00:00,2003-08-29T04:13:00+00:00,REV
LONG,1.579180,1.565300,-0.013880,2003-08-29T04:13:00+00:00,2003-09-02T09:40:00+00:00,REV
SHORT,1.565300,1.581580,-0.016280,2003-09-02T09:40:00+00:00,2003-09-04T16:38:00+00:00,REV
LONG,1.581580,1.590500,0.008920,2003-09-04T16:38:00+00:00,2003-09-16T17:50:00+00:00,REV
SHORT,1.590500,1.608180,-0.017680,2003-09-16T17:50:00+00:00,2003-09-17T21:06:00+00:00,REV
LONG,1.608180,1.647700,0.039520,2003-09-17T21:06:00+00:00,2003-09-29T11:51:00+00:00,REV
SHORT,1.647700,1.663580,-0.015880,2003-09-29T11:51:00+00:00,2003-09-29T18:04:00+00:00,REV
LONG,1.663580,1.658400,-0.005180,2003-09-29T18:04:00+00:00,2003-10-09T16:03:00+00:00,REV
SHORT,1.658400,1.672680,-0.014280,2003-10-09T16:03:00+00:00,2003-10-13T10:08:00+00:00,REV
LONG,1.672680,1.656500,-0.016180,2003-10-13T10:08:00+00:00,2003-10-13T11:47:00+00:00,REV
SHORT,1.656500,1.672880,-0.016380,2003-10-13T11:47:00+00:00,2003-10-14T18:57:00+00:00,REV
LONG,1.672880,1.689500,0.016620,2003-10-14T18:57:00+00:00,2003-10-28T13:08:00+00:00,REV
SHORT,1.689500,1.700280,-0.010780,2003-10-28T13:08:00+00:00,2003-10-28T21:26:00+00:00,REV
LONG,1.700280,1.690900,-0.009380,2003-10-28T21:26:00+00:00,2003-11-03T17:18:00+00:00,REV
SHORT,1.690900,1.675980,0.014920,2003-11-03T17:18:00+00:00,2003-11-12T14:52:00+00:00,REV
LONG,1.675980,1.695400,0.019420,2003-11-12T14:52:00+00:00,2003-11-24T12:01:00+00:00,REV
SHORT,1.695400,1.707280,-0.011880,2003-11-24T12:01:00+00:00,2003-11-26T17:26:00+00:00,REV
LONG,1.707280,1.831300,0.124020,2003-11-26T17:26:00+00:00,2004-01-15T00:45:00+00:00,REV
SHORT,1.831300,1.827180,0.004120,2004-01-15T00:45:00+00:00,2004-01-21T10:33:00+00:00,REV
LONG,1.827180,1.815100,-0.012080,2004-01-21T10:33:00+00:00,2004-01-26T20:32:00+00:00,REV
SHORT,1.815100,1.834080,-0.018980,2004-01-26T20:32:00+00:00,2004-02-03T10:26:00+00:00,REV
LONG,1.834080,1.884000,0.049920,2004-02-03T10:26:00+00:00,2004-02-20T09:59:00+00:00,REV
SHORT,1.884000,1.850380,0.033620,2004-02-20T09:59:00+00:00,2004-03-08T11:38:00+00:00,REV
LONG,1.850380,1.817800,-0.032580,2004-03-08T11:38:00+00:00,2004-03-10T09:47:00+00:00,REV
SHORT,1.817800,1.815380,0.002420,2004-03-10T09:47:00+00:00,2004-03-16T12:22:00+00:00,REV
LONG,1.815380,1.825400,0.010020,2004-03-16T12:22:00+00:00,2004-03-24T20:46:00+00:00,REV
SHORT,1.825400,1.825780,-0.000380,2004-03-24T20:46:00+00:00,2004-03-30T11:52:00+00:00,REV
LONG,1.825780,1.825300,-0.000480,2004-03-30T11:52:00+00:00,2004-04-05T11:30:00+00:00,REV
SHORT,1.825300,1.844880,-0.019580,2004-04-05T11:30:00+00:00,2004-04-08T08:10:00+00:00,REV
LONG,1.844880,1.828400,-0.016480,2004-04-08T08:10:00+00:00,2004-04-13T10:02:00+00:00,REV
SHORT,1.828400,1.785980,0.042420,2004-04-13T10:02:00+00:00,2004-04-26T14:35:00+00:00,REV
LONG,1.785980,1.766800,-0.019180,2004-04-26T14:35:00+00:00,2004-04-29T09:38:00+00:00,REV
SHORT,1.766800,1.781580,-0.014780,2004-04-29T09:38:00+00:00,2004-05-04T11:11:00+00:00,REV
LONG,1.781580,1.782600,0.001020,2004-05-04T11:11:00+00:00,2004-05-10T05:19:00+00:00,REV
SHORT,1.782600,1.774780,0.007820,2004-05-10T05:19:00+00:00,2004-05-19T09:57:00+00:00,REV
LONG,1.774780,1.832100,0.057320,2004-05-19T09:57:00+00:00,2004-06-09T14:17:00+00:00,REV
SHORT,1.832100,1.835780,-0.003680,2004-06-09T14:17:00+00:00,2004-06-17T13:08:00+00:00,REV
LONG,1.835780,1.824400,-0.011380,2004-06-17T13:08:00+00:00,2004-06-22T10:23:00+00:00,REV
SHORT,1.824400,1.829280,-0.004880,2004-06-22T10:23:00+00:00,2004-06-28T15:07:00+00:00,REV
LONG,1.829280,1.810500,-0.018780,2004-06-28T15:07:00+00:00,2004-06-29T17:04:00+00:00,REV
SHORT,1.810500,1.830680,-0.020180,2004-06-29T17:04:00+00:00,2004-07-02T15:42:00+00:00,REV
LONG,1.830680,1.852200,0.021520,2004-07-02T15:42:00+00:00,2004-07-15T07:45:00+00:00,REV
SHORT,1.852200,1.862780,-0.010580,2004-07-15T07:45:00+00:00,2004-07-16T15:32:00+00:00,REV
LONG,1.862780,1.848100,-0.014680,2004-07-16T15:32:00+00:00,2004-07-21T12:47:00+00:00,REV
SHORT,1.848100,1.829080,0.019020,2004-07-21T12:47:00+00:00,2004-08-02T10:59:00+00:00,REV
LONG,1.829080,1.824900,-0.004180,2004-08-02T10:59:00+00:00,2004-08-12T17:02:00+00:00,REV
SHORT,1.824900,1.842280,-0.017380,2004-08-12T17:02:00+00:00,2004-08-13T17:47:00+00:00,REV
LONG,1.842280,1.821000,-0.021280,2004-08-13T17:47:00+00:00,2004-08-19T11:12:00+00:00,REV
SHORT,1.821000,1.804280,0.016720,2004-08-19T11:12:00+00:00,2004-08-31T19:01:00+00:00,REV
LONG,1.804280,1.786800,-0.017480,2004-08-31T19:01:00+00:00,2004-09-03T10:01:00+00:00,REV
SHORT,1.786800,1.790880,-0.004080,2004-09-03T10:01:00+00:00,2004-09-10T01:46:00+00:00,REV
LONG,1.790880,1.785900,-0.004980,2004-09-10T01:46:00+00:00,2004-09-15T15:23:00+00:00,REV
SHORT,1.785900,1.797580,-0.011680,2004-09-15T15:23:00+00:00,2004-09-21T21:20:00+00:00,REV
LONG,1.797580,1.796600,-0.000980,2004-09-21T21:20:00+00:00,2004-09-30T10:53:00+00:00,REV
SHORT,1.796600,1.789180,0.007420,2004-09-30T10:53:00+00:00,2004-10-08T11:05:00+00:00,REV
LONG,1.789180,1.792700,0.003520,2004-10-08T11:05:00+00:00,2004-10-19T10:03:00+00:00,REV
SHORT,1.792700,1.807580,-0.014880,2004-10-19T10:03:00+00:00,2004-10-20T10:21:00+00:00,REV
LONG,1.807580,1.827000,0.019420,2004-10-20T10:21:00+00:00,2004-10-28T00:40:00+00:00,REV
SHORT,1.827000,1.841780,-0.014780,2004-10-28T00:40:00+00:00,2004-11-03T00:19:00+00:00,REV
LONG,1.841780,1.841300,-0.000480,2004-11-03T00:19:00+00:00,2004-11-11T13:20:00+00:00,REV
SHORT,1.841300,1.859280,-0.017980,2004-11-11T13:20:00+00:00,2004-11-17T12:03:00+00:00,REV
LONG,1.859280,1.936800,0.077520,2004-11-17T12:03:00+00:00,2004-12-08T07:09:00+00:00,REV
SHORT,1.936800,1.927780,0.009020,2004-12-08T07:09:00+00:00,2004-12-14T11:51:00+00:00,REV
LONG,1.927780,1.936900,0.009120,2004-12-14T11:51:00+00:00,2004-12-21T10:57:00+00:00,REV
SHORT,1.936900,1.929280,0.007620,2004-12-21T10:57:00+00:00,2004-12-27T17:40:00+00:00,REV
LONG,1.929280,1.920200,-0.009080,2004-12-27T17:40:00+00:00,2004-12-29T14:47:00+00:00,REV
SHORT,1.920200,1.879780,0.040420,2004-12-29T14:47:00+00:00,2005-01-11T04:13:00+00:00,REV
LONG,1.879780,1.869800,-0.009980,2005-01-11T04:13:00+00:00,2005-01-14T10:31:00+00:00,REV
SHORT,1.869800,1.875280,-0.005480,2005-01-14T10:31:00+00:00,2005-01-19T10:39:00+00:00,REV
LONG,1.875280,1.874300,-0.000980,2005-01-19T10:39:00+00:00,2005-01-25T14:31:00+00:00,REV
SHORT,1.874300,1.884080,-0.009780,2005-01-25T14:31:00+00:00,2005-01-26T19:55:00+00:00,REV
LONG,1.884080,1.879200,-0.004880,2005-01-26T19:55:00+00:00,2005-02-01T12:07:00+00:00,REV
SHORT,1.879200,1.888580,-0.009380,2005-02-01T12:07:00+00:00,2005-02-02T13:07:00+00:00,REV
LONG,1.888580,1.877500,-0.011080,2005-02-02T13:07:00+00:00,2005-02-03T17:07:00+00:00,REV
SHORT,1.877500,1.891780,-0.014280,2005-02-03T17:07:00+00:00,2005-02-04T15:34:00+00:00,REV
LONG,1.891780,1.877100,-0.014680,2005-02-04T15:34:00+00:00,2005-02-04T20:12:00+00:00,REV
SHORT,1.877100,1.871180,0.005920,2005-02-04T20:12:00+00:00,2005-02-14T02:47:00+00:00,REV
LONG,1.871180,1.916500,0.045320,2005-02-14T02:47:00+00:00,2005-03-02T08:18:00+00:00,REV
SHORT,1.916500,1.923180,-0.006680,2005-03-02T08:18:00+00:00,2005-03-04T17:33:00+00:00,REV
LONG,1.923180,1.916900,-0.006280,2005-03-04T17:33:00+00:00,2005-03-14T16:17:00+00:00,REV
SHORT,1.916900,1.929380,-0.012480,2005-03-14T16:17:00+00:00,2005-03-16T17:42:00+00:00,REV
LONG,1.929380,1.911500,-0.017880,2005-03-16T17:42:00+00:00,2005-03-21T09:50:00+00:00,REV
SHORT,1.911500,1.874480,0.037020,2005-03-21T09:50:00+00:00,2005-03-29T10:31:00+00:00,REV
LONG,1.874480,1.874100,-0.000380,2005-03-29T10:31:00+00:00,2005-04-04T11:18:00+00:00,REV
SHORT,1.874100,1.885180,-0.011080,2005-04-04T11:18:00+00:00,2005-04-07T09:24:00+00:00,REV
LONG,1.885180,1.871200,-0.013980,2005-04-07T09:24:00+00:00,2005-04-07T20:50:00+00:00,REV
SHORT,1.871200,1.886280,-0.015080,2005-04-07T20:50:00+00:00,2005-04-11T10:56:00+00:00,REV
LONG,1.886280,1.881600,-0.004680,2005-04-11T10:56:00+00:00,2005-04-14T14:22:00+00:00,REV
SHORT,1.881600,1.896080,-0.014480,2005-04-14T14:22:00+00:00,2005-04-18T10:31:00+00:00,REV
LONG,1.896080,1.905800,0.009720,2005-04-18T10:31:00+00:00,2005-04-26T10:58:00+00:00,REV
SHORT,1.905800,1.913780,-0.007980,2005-04-26T10:58:00+00:00,2005-04-29T07:42:00+00:00,REV
LONG,1.913780,1.899300,-0.014480,2005-04-29T07:42:00+00:00,2005-05-02T16:04:00+00:00,REV
SHORT,1.899300,1.907780,-0.008480,2005-05-02T16:04:00+00:00,2005-05-05T19:50:00+00:00,REV
LONG,1.907780,1.890000,-0.017780,2005-05-05T19:50:00+00:00,2005-05-09T02:40:00+00:00,REV
SHORT,1.890000,1.891580,-0.001580,2005-05-09T02:40:00+00:00,2005-05-11T11:44:00+00:00,REV
LONG,1.891580,1.876300,-0.015280,2005-05-11T11:44:00+00:00,2005-05-11T15:31:00+00:00,REV
SHORT,1.876300,1.824480,0.051820,2005-05-11T15:31:00+00:00,2005-06-06T20:13:00+00:00,REV
LONG,1.824480,1.817700,-0.006780,2005-06-06T20:13:00+00:00,2005-06-10T17:12:00+00:00,REV
SHORT,1.817700,1.825080,-0.007380,2005-06-10T17:12:00+00:00,2005-06-16T15:43:00+00:00,REV
LONG,1.825080,1.817200,-0.007880,2005-06-16T15:43:00+00:00,2005-06-21T11:30:00+00:00,REV
SHORT,1.817200,1.830580,-0.013380,2005-06-21T11:30:00+00:00,2005-06-22T09:55:00+00:00,REV
LONG,1.830580,1.816800,-0.013780,2005-06-22T09:55:00+00:00,2005-06-23T15:44:00+00:00,REV
SHORT,1.816800,1.759380,0.057420,2005-06-23T15:44:00+00:00,2005-07-12T04:34:00+00:00,REV
LONG,1.759380,1.753100,-0.006280,2005-07-12T04:34:00+00:00,2005-07-15T16:15:00+00:00,REV
SHORT,1.753100,1.756080,-0.002980,2005-07-15T16:15:00+00:00,2005-07-21T14:24:00+00:00,REV
LONG,1.756080,1.804100,0.048020,2005-07-21T14:24:00+00:00,2005-08-17T09:12:00+00:00,REV
SHORT,1.804100,1.805080,-0.000980,2005-08-17T09:12:00+00:00,2005-08-25T05:19:00+00:00,REV
LONG,1.805080,1.792900,-0.012180,2005-08-25T05:19:00+00:00,2005-08-30T05:23:00+00:00,REV
SHORT,1.792900,1.809080,-0.016180,2005-08-30T05:23:00+00:00,2005-09-01T11:51:00+00:00,REV
LONG,1.809080,1.835500,0.026420,2005-09-01T11:51:00+00:00,2005-09-08T03:49:00+00:00,REV
SHORT,1.835500,1.813380,0.022120,2005-09-08T03:49:00+00:00,2005-09-22T02:47:00+00:00,REV
LONG,1.813380,1.796400,-0.016980,2005-09-22T02:47:00+00:00,2005-09-22T15:46:00+00:00,REV
SHORT,1.796400,1.766580,0.029820,2005-09-22T15:46:00+00:00,2005-10-06T00:58:00+00:00,REV
LONG,1.766580,1.757800,-0.008780,2005-10-06T00:58:00+00:00,2005-10-10T01:58:00+00:00,REV
SHORT,1.757800,1.757880,-0.000080,2005-10-10T01:58:00+00:00,2005-10-14T10:42:00+00:00,REV
LONG,1.757880,1.744700,-0.013180,2005-10-14T10:42:00+00:00,2005-10-18T13:24:00+00:00,REV
SHORT,1.744700,1.773480,-0.028780,2005-10-18T13:24:00+00:00,2005-10-20T22:30:00+00:00,REV
LONG,1.773480,1.771800,-0.001680,2005-10-20T22:30:00+00:00,2005-10-31T17:08:00+00:00,REV
SHORT,1.771800,1.752180,0.019620,2005-10-31T17:08:00+00:00,2005-11-10T15:31:00+00:00,REV
LONG,1.752180,1.736400,-0.015780,2005-11-10T15:31:00+00:00,2005-11-14T17:29:00+00:00,REV
SHORT,1.736400,1.724780,0.011620,2005-11-14T17:29:00+00:00,2005-11-23T08:13:00+00:00,REV
LONG,1.724780,1.712600,-0.012180,2005-11-23T08:13:00+00:00,2005-11-28T00:59:00+00:00,REV
SHORT,1.712600,1.728980,-0.016380,2005-11-28T00:59:00+00:00,2005-11-28T20:46:00+00:00,REV
LONG,1.728980,1.761700,0.032720,2005-11-28T20:46:00+00:00,2005-12-19T20:06:00+00:00,REV
SHORT,1.761700,1.741180,0.020520,2005-12-19T20:06:00+00:00,2006-01-03T19:12:00+00:00,REV
LONG,1.741180,1.759000,0.017820,2006-01-03T19:12:00+00:00,2006-01-18T20:06:00+00:00,REV
SHORT,1.759000,1.770980,-0.011980,2006-01-18T20:06:00+00:00,2006-01-20T21:23:00+00:00,REV
LONG,1.770980,1.778100,0.007120,2006-01-20T21:23:00+00:00,2006-01-27T00:24:00+00:00,REV
SHORT,1.778100,1.751980,0.026120,2006-01-27T00:24:00+00:00,2006-02-10T15:36:00+00:00,REV
LONG,1.751980,1.737900,-0.014080,2006-02-10T15:36:00+00:00,2006-02-13T11:25:00+00:00,REV
SHORT,1.737900,1.746680,-0.008780,2006-02-13T11:25:00+00:00,2006-02-21T14:59:00+00:00,REV
LONG,1.746680,1.743700,-0.002980,2006-02-21T14:59:00+00:00,2006-03-07T10:25:00+00:00,REV
SHORT,1.743700,1.741580,0.002120,2006-03-07T10:25:00+00:00,2006-03-14T16:54:00+00:00,REV
LONG,1.741580,1.745400,0.003820,2006-03-14T16:54:00+00:00,2006-03-23T02:57:00+00:00,REV
SHORT,1.745400,1.749780,-0.004380,2006-03-23T02:57:00+00:00,2006-03-28T10:31:00+00:00,REV
LONG,1.749780,1.731900,-0.017880,2006-03-28T10:31:00+00:00,2006-04-03T07:40:00+00:00,REV
SHORT,1.731900,1.748580,-0.016680,2006-04-03T07:40:00+00:00,2006-04-04T15:04:00+00:00,REV
LONG,1.748580,1.739700,-0.008880,2006-04-04T15:04:00+00:00,2006-04-10T20:00:00+00:00,REV
SHORT,1.739700,1.753680,-0.013980,2006-04-10T20:00:00+00:00,2006-04-12T10:25:00+00:00,REV
LONG,1.753680,1.875000,0.121320,2006-04-12T10:25:00+00:00,2006-05-19T11:19:00+00:00,REV
SHORT,1.875000,1.877780,-0.002780,2006-05-19T11:19:00+00:00,2006-05-30T12:49:00+00:00,REV
LONG,1.877780,1.861300,-0.016480,2006-05-30T12:49:00+00:00,2006-06-06T17:52:00+00:00,REV
SHORT,1.861300,1.848780,0.012520,2006-06-06T17:52:00+00:00,2006-06-14T16:28:00+00:00,REV
LONG,1.848780,1.837300,-0.011480,2006-06-14T16:28:00+00:00,2006-06-20T15:30:00+00:00,REV
SHORT,1.837300,1.826580,0.010720,2006-06-20T15:30:00+00:00,2006-06-29T21:35:00+00:00,REV
LONG,1.826580,1.838800,0.012220,2006-06-29T21:35:00+00:00,2006-07-05T15:31:00+00:00,REV
SHORT,1.838800,1.849180,-0.010380,2006-07-05T15:31:00+00:00,2006-07-07T15:30:00+00:00,REV
LONG,1.849180,1.835900,-0.013280,2006-07-07T15:30:00+00:00,2006-07-12T15:31:00+00:00,REV
SHORT,1.835900,1.844480,-0.008580,2006-07-12T15:31:00+00:00,2006-07-20T04:17:00+00:00,REV
LONG,1.844480,1.841900,-0.002580,2006-07-20T04:17:00+00:00,2006-07-25T18:26:00+00:00,REV
SHORT,1.841900,1.860180,-0.018280,2006-07-25T18:26:00+00:00,2006-07-27T11:27:00+00:00,REV
LONG,1.860180,1.897400,0.037220,2006-07-27T11:27:00+00:00,2006-08-10T17:16:00+00:00,REV
SHORT,1.897400,1.899280,-0.001880,2006-08-10T17:16:00+00:00,2006-08-16T15:42:00+00:00,REV
LONG,1.899280,1.884400,-0.014880,2006-08-16T15:42:00+00:00,2006-08-17T20:58:00+00:00,REV
SHORT,1.884400,1.899680,-0.015280,2006-08-17T20:58:00+00:00,2006-08-29T08:27:00+00:00,REV
LONG,1.899680,1.895800,-0.003880,2006-08-29T08:27:00+00:00,2006-09-05T16:38:00+00:00,REV
SHORT,1.895800,1.877580,0.018220,2006-09-05T16:38:00+00:00,2006-09-13T18:57:00+00:00,REV
LONG,1.877580,1.893300,0.015720,2006-09-13T18:57:00+00:00,2006-09-27T09:09:00+00:00,REV
SHORT,1.893300,1.864380,0.028920,2006-09-27T09:09:00+00:00,2006-10-16T15:43:00+00:00,REV
LONG,1.864380,1.897800,0.033420,2006-10-16T15:43:00+00:00,2006-11-06T10:57:00+00:00,REV
SHORT,1.897800,1.911780,-0.013980,2006-11-06T10:57:00+00:00,2006-11-07T17:14:00+00:00,REV
LONG,1.911780,1.897700,-0.014080,2006-11-07T17:14:00+00:00,2006-11-14T12:44:00+00:00,REV
SHORT,1.897700,1.897580,0.000120,2006-11-14T12:44:00+00:00,2006-11-20T11:54:00+00:00,REV
LONG,1.897580,1.963700,0.066120,2006-11-20T11:54:00+00:00,2006-12-06T11:40:00+00:00,REV
SHORT,1.963700,1.973180,-0.009480,2006-12-06T11:40:00+00:00,2006-12-13T13:18:00+00:00,REV
LONG,1.973180,1.957700,-0.015480,2006-12-13T13:18:00+00:00,2006-12-15T11:31:00+00:00,REV
SHORT,1.957700,1.970380,-0.012680,2006-12-15T11:31:00+00:00,2006-12-20T00:01:00+00:00,REV
LONG,1.970380,1.956200,-0.014180,2006-12-20T00:01:00+00:00,2006-12-26T15:58:00+00:00,REV
SHORT,1.956200,1.968180,-0.011980,2006-12-26T15:58:00+00:00,2007-01-02T09:28:00+00:00,REV
LONG,1.968180,1.956000,-0.012180,2007-01-02T09:28:00+00:00,2007-01-03T17:00:00+00:00,REV
SHORT,1.956000,1.945980,0.010020,2007-01-03T17:00:00+00:00,2007-01-11T14:00:00+00:00,REV
LONG,1.945980,1.969600,0.023620,2007-01-11T14:00:00+00:00,2007-01-24T15:50:00+00:00,REV
SHORT,1.969600,1.969780,-0.000180,2007-01-24T15:50:00+00:00,2007-02-01T15:20:00+00:00,REV
LONG,1.969780,1.954800,-0.014980,2007-02-01T15:20:00+00:00,2007-02-09T09:29:00+00:00,REV
SHORT,1.954800,1.960480,-0.005680,2007-02-09T09:29:00+00:00,2007-02-14T17:02:00+00:00,REV
LONG,1.960480,1.945700,-0.014780,2007-02-14T17:02:00+00:00,2007-02-19T12:23:00+00:00,REV
SHORT,1.945700,1.958080,-0.012380,2007-02-19T12:23:00+00:00,2007-02-21T10:01:00+00:00,REV
LONG,1.958080,1.954100,-0.003980,2007-02-21T10:01:00+00:00,2007-02-28T10:38:00+00:00,REV
SHORT,1.954100,1.936980,0.017120,2007-02-28T10:38:00+00:00,2007-03-12T00:00:00+00:00,REV
LONG,1.936980,1.926400,-0.010580,2007-03-12T00:00:00+00:00,2007-03-12T16:15:00+00:00,REV
SHORT,1.926400,1.939780,-0.013380,2007-03-12T16:15:00+00:00,2007-03-16T05:01:00+00:00,REV
LONG,1.939780,1.960100,0.020320,2007-03-16T05:01:00+00:00,2007-03-30T10:18:00+00:00,REV
SHORT,1.960100,1.970680,-0.010580,2007-03-30T10:18:00+00:00,2007-03-30T18:29:00+00:00,REV
LONG,1.970680,1.967200,-0.003480,2007-03-30T18:29:00+00:00,2007-04-06T15:30:00+00:00,REV
SHORT,1.967200,1.975380,-0.008180,2007-04-06T15:30:00+00:00,2007-04-11T04:51:00+00:00,REV
LONG,1.975380,1.998900,0.023520,2007-04-11T04:51:00+00:00,2007-04-23T09:48:00+00:00,REV
SHORT,1.998900,2.006480,-0.007580,2007-04-23T09:48:00+00:00,2007-05-01T15:31:00+00:00,REV
LONG,2.006480,1.987100,-0.019380,2007-05-01T15:31:00+00:00,2007-05-03T17:09:00+00:00,REV
SHORT,1.987100,1.997980,-0.010880,2007-05-03T17:09:00+00:00,2007-05-09T16:24:00+00:00,REV
LONG,1.997980,1.988200,-0.009780,2007-05-09T16:24:00+00:00,2007-05-10T12:17:00+00:00,REV
SHORT,1.988200,1.987680,0.000520,2007-05-10T12:17:00+00:00,2007-05-16T09:45:00+00:00,REV
LONG,1.987680,1.975000,-0.012680,2007-05-16T09:45:00+00:00,2007-05-17T14:16:00+00:00,REV
SHORT,1.975000,1.978380,-0.003380,2007-05-17T14:16:00+00:00,2007-05-23T12:28:00+00:00,REV
LONG,1.978380,1.982800,0.004420,2007-05-23T12:28:00+00:00,2007-05-29T00:56:00+00:00,REV
SHORT,1.982800,1.989180,-0.006380,2007-05-29T00:56:00+00:00,2007-05-29T11:18:00+00:00,REV
LONG,1.989180,1.979500,-0.009680,2007-05-29T11:18:00+00:00,2007-05-30T09:40:00+00:00,REV
SHORT,1.979500,1.983580,-0.004080,2007-05-30T09:40:00+00:00,2007-06-04T02:49:00+00:00,REV
LONG,1.983580,1.981700,-0.001880,2007-06-04T02:49:00+00:00,2007-06-07T16:32:00+00:00,REV
SHORT,1.981700,1.978380,0.003320,2007-06-07T16:32:00+00:00,2007-06-18T07:53:00+00:00,REV
LONG,1.978380,2.009400,0.031020,2007-06-18T07:53:00+00:00,2007-07-06T08:55:00+00:00,REV
SHORT,2.009400,2.020580,-0.011180,2007-07-06T08:55:00+00:00,2007-07-10T16:40:00+00:00,REV
LONG,2.020580,2.049000,0.028420,2007-07-10T16:40:00+00:00,2007-07-26T09:06:00+00:00,REV
SHORT,2.049000,2.038080,0.010920,2007-07-26T09:06:00+00:00,2007-08-02T19:11:00+00:00,REV
LONG,2.038080,2.028300,-0.009780,2007-08-02T19:11:00+00:00,2007-08-07T10:20:00+00:00,REV
SHORT,2.028300,1.993380,0.034920,2007-08-07T10:20:00+00:00,2007-08-23T00:16:00+00:00,REV
LONG,1.993380,1.998100,0.004720,2007-08-23T00:16:00+00:00,2007-08-29T02:51:00+00:00,REV
SHORT,1.998100,2.018780,-0.020680,2007-08-29T02:51:00+00:00,2007-08-31T12:28:00+00:00,REV
LONG,2.018780,2.007700,-0.011080,2007-08-31T12:28:00+00:00,2007-09-05T09:35:00+00:00,REV
SHORT,2.007700,2.022780,-0.015080,2007-09-05T09:35:00+00:00,2007-09-06T08:16:00+00:00,REV
LONG,2.022780,2.023800,0.001020,2007-09-06T08:16:00+00:00,2007-09-13T12:28:00+00:00,REV
SHORT,2.023800,2.017680,0.006120,2007-09-13T12:28:00+00:00,2007-09-21T12:54:00+00:00,REV
LONG,2.017680,2.031300,0.013620,2007-09-21T12:54:00+00:00,2007-10-04T06:40:00+00:00,REV
SHORT,2.031300,2.044580,-0.013280,2007-10-04T06:40:00+00:00,2007-10-10T11:17:00+00:00,REV
LONG,2.044580,2.025900,-0.018680,2007-10-10T11:17:00+00:00,2007-10-12T10:16:00+00:00,REV
SHORT,2.025900,2.044280,-0.018380,2007-10-12T10:16:00+00:00,2007-10-18T11:30:00+00:00,REV
LONG,2.044280,2.029000,-0.015280,2007-10-18T11:30:00+00:00,2007-10-22T14:47:00+00:00,REV
SHORT,2.029000,2.055280,-0.026280,2007-10-22T14:47:00+00:00,2007-10-25T15:42:00+00:00,REV
LONG,2.055280,2.086300,0.031020,2007-10-25T15:42:00+00:00,2007-11-12T00:00:00+00:00,REV
SHORT,2.086300,2.062280,0.024020,2007-11-12T00:00:00+00:00,2007-11-20T10:02:00+00:00,REV
LONG,2.062280,2.058400,-0.003880,2007-11-20T10:02:00+00:00,2007-11-30T17:11:00+00:00,REV
SHORT,2.058400,2.049280,0.009120,2007-11-30T17:11:00+00:00,2007-12-11T09:18:00+00:00,REV
LONG,2.049280,2.033300,-0.015980,2007-12-11T09:18:00+00:00,2007-12-14T11:55:00+00:00,REV
SHORT,2.033300,1.989880,0.043420,2007-12-14T11:55:00+00:00,2007-12-27T10:44:00+00:00,REV
LONG,1.989880,1.981600,-0.008280,2007-12-27T10:44:00+00:00,2008-01-02T09:59:00+00:00,REV
SHORT,1.981600,1.966780,0.014820,2008-01-02T09:59:00+00:00,2008-01-15T13:12:00+00:00,REV
LONG,1.966780,1.952700,-0.014080,2008-01-15T13:12:00+00:00,2008-01-18T18:24:00+00:00,REV
SHORT,1.952700,1.964680,-0.011980,2008-01-18T18:24:00+00:00,2008-01-24T14:09:00+00:00,REV
LONG,1.964680,1.981600,0.016920,2008-01-24T14:09:00+00:00,2008-02-01T15:43:00+00:00,REV
SHORT,1.981600,1.962780,0.018820,2008-02-01T15:43:00+00:00,2008-02-12T18:10:00+00:00,REV
LONG,1.962780,1.955200,-0.007580,2008-02-12T18:10:00+00:00,2008-02-18T09:51:00+00:00,REV
SHORT,1.955200,1.964180,-0.008980,2008-02-18T09:51:00+00:00,2008-02-21T20:24:00+00:00,REV
LONG,1.964180,1.978700,0.014520,2008-02-21T20:24:00+00:00,2008-03-05T09:24:00+00:00,REV
SHORT,1.978700,1.993980,-0.015280,2008-03-05T09:24:00+00:00,2008-03-05T18:17:00+00:00,REV
LONG,1.993980,2.005900,0.011920,2008-03-05T18:17:00+00:00,2008-03-17T13:59:00+00:00,REV
SHORT,2.005900,1.988480,0.017420,2008-03-17T13:59:00+00:00,2008-03-25T01:04:00+00:00,REV
LONG,1.988480,1.988600,0.000120,2008-03-25T01:04:00+00:00,2008-03-31T09:39:00+00:00,REV
SHORT,1.988600,1.997880,-0.009280,2008-03-31T09:39:00+00:00,2008-04-04T10:27:00+00:00,REV
LONG,1.997880,1.976200,-0.021680,2008-04-04T10:27:00+00:00,2008-04-08T11:18:00+00:00,REV
SHORT,1.976200,1.984780,-0.008580,2008-04-08T11:18:00+00:00,2008-04-14T14:35:00+00:00,REV
LONG,1.984780,1.965600,-0.019180,2008-04-14T14:35:00+00:00,2008-04-15T15:30:00+00:00,REV
SHORT,1.965600,1.989880,-0.024280,2008-04-15T15:30:00+00:00,2008-04-17T18:36:00+00:00,REV
LONG,1.989880,1.974800,-0.015080,2008-04-17T18:36:00+00:00,2008-04-24T11:11:00+00:00,REV
SHORT,1.974800,1.958980,0.015820,2008-04-24T11:11:00+00:00,2008-05-16T18:34:00+00:00,REV
LONG,1.958980,1.971800,0.012820,2008-05-16T18:34:00+00:00,2008-05-28T15:33:00+00:00,REV
SHORT,1.971800,1.973780,-0.001980,2008-05-28T15:33:00+00:00,2008-06-09T11:17:00+00:00,REV
LONG,1.973780,1.952100,-0.021680,2008-06-09T11:17:00+00:00,2008-06-11T11:31:00+00:00,REV
SHORT,1.952100,1.967080,-0.014980,2008-06-11T11:31:00+00:00,2008-06-16T15:37:00+00:00,REV
LONG,1.967080,1.984800,0.017720,2008-06-16T15:37:00+00:00,2008-07-03T12:50:00+00:00,REV
SHORT,1.984800,1.983680,0.001120,2008-07-03T12:50:00+00:00,2008-07-10T00:04:00+00:00,REV
LONG,1.983680,1.993400,0.009720,2008-07-10T00:04:00+00:00,2008-07-18T10:25:00+00:00,REV
SHORT,1.993400,2.007580,-0.014180,2008-07-18T10:25:00+00:00,2008-07-22T14:09:00+00:00,REV
LONG,2.007580,1.991000,-0.016580,2008-07-22T14:09:00+00:00,2008-07-22T19:25:00+00:00,REV
SHORT,1.991000,1.872480,0.118520,2008-07-22T19:25:00+00:00,2008-08-21T16:55:00+00:00,REV
LONG,1.872480,1.854000,-0.018480,2008-08-21T16:55:00+00:00,2008-08-22T18:03:00+00:00,REV
SHORT,1.854000,1.786280,0.067720,2008-08-22T18:03:00+00:00,2008-09-08T00:38:00+00:00,REV
LONG,1.786280,1.754000,-0.032280,2008-09-08T00:38:00+00:00,2008-09-08T19:00:00+00:00,REV
SHORT,1.754000,1.771080,-0.017080,2008-09-08T19:00:00+00:00,2008-09-12T11:13:00+00:00,REV
LONG,1.771080,1.831000,0.059920,2008-09-12T11:13:00+00:00,2008-09-29T00:50:00+00:00,REV
SHORT,1.831000,1.744580,0.086420,2008-09-29T00:50:00+00:00,2008-10-14T01:58:00+00:00,REV
LONG,1.744580,1.713900,-0.030680,2008-10-14T01:58:00+00:00,2008-10-20T17:42:00+00:00,REV
SHORT,1.713900,1.633080,0.080820,2008-10-20T17:42:00+00:00,2008-10-29T17:47:00+00:00,REV
LONG,1.633080,1.588200,-0.044880,2008-10-29T17:47:00+00:00,2008-11-03T17:16:00+00:00,REV
SHORT,1.588200,1.508680,0.079520,2008-11-03T17:16:00+00:00,2008-11-18T09:45:00+00:00,REV
LONG,1.508680,1.471500,-0.037180,2008-11-18T09:45:00+00:00,2008-11-21T18:05:00+00:00,REV
SHORT,1.471500,1.519080,-0.047580,2008-11-21T18:05:00+00:00,2008-11-25T00:00:00+00:00,REV
LONG,1.519080,1.517900,-0.001180,2008-11-25T00:00:00+00:00,2008-12-01T10:23:00+00:00,REV
SHORT,1.517900,1.493680,0.024220,2008-12-01T10:23:00+00:00,2008-12-08T09:50:00+00:00,REV
LONG,1.493680,1.492400,-0.001280,2008-12-08T09:50:00+00:00,2008-12-18T19:26:00+00:00,REV
SHORT,1.492400,1.477180,0.015220,2008-12-18T19:26:00+00:00,2009-01-06T18:40:00+00:00,REV
LONG,1.477180,1.498700,0.021520,2009-01-06T18:40:00+00:00,2009-01-12T10:30:00+00:00,REV
SHORT,1.498700,1.483180,0.015520,2009-01-12T10:30:00+00:00,2009-01-16T07:53:00+00:00,REV
LONG,1.483180,1.447900,-0.035280,2009-01-16T07:53:00+00:00,2009-01-19T16:31:00+00:00,REV
SHORT,1.447900,1.402780,0.045120,2009-01-19T16:31:00+00:00,2009-01-27T00:23:00+00:00,REV
LONG,1.402780,1.407400,0.004620,2009-01-27T00:23:00+00:00,2009-02-02T14:16:00+00:00,REV
SHORT,1.407400,1.454780,-0.047380,2009-02-02T14:16:00+00:00,2009-02-04T17:11:00+00:00,REV
LONG,1.454780,1.445800,-0.008980,2009-02-04T17:11:00+00:00,2009-02-11T07:43:00+00:00,REV
SHORT,1.445800,1.432380,0.013420,2009-02-11T07:43:00+00:00,2009-02-19T09:31:00+00:00,REV
LONG,1.432380,1.417600,-0.014780,2009-02-19T09:31:00+00:00,2009-02-26T09:40:00+00:00,REV
SHORT,1.417600,1.423580,-0.005980,2009-02-26T09:40:00+00:00,2009-03-06T08:53:00+00:00,REV
LONG,1.423580,1.398600,-0.024980,2009-03-06T08:53:00+00:00,2009-03-09T11:40:00+00:00,REV
SHORT,1.398600,1.398680,-0.000080,2009-03-09T11:40:00+00:00,2009-03-13T11:51:00+00:00,REV
LONG,1.398680,1.386600,-0.012080,2009-03-13T11:51:00+00:00,2009-03-18T12:30:00+00:00,REV
SHORT,1.386600,1.423280,-0.036680,2009-03-18T12:30:00+00:00,2009-03-18T21:32:00+00:00,REV
LONG,1.423280,1.445200,0.021920,2009-03-18T21:32:00+00:00,2009-03-26T20:38:00+00:00,REV
SHORT,1.445200,1.447280,-0.002080,2009-03-26T20:38:00+00:00,2009-04-02T00:00:00+00:00,REV
LONG,1.447280,1.482400,0.035120,2009-04-02T00:00:00+00:00,2009-04-17T09:07:00+00:00,REV
SHORT,1.482400,1.474580,0.007820,2009-04-17T09:07:00+00:00,2009-04-24T16:33:00+00:00,REV
LONG,1.474580,1.507000,0.032420,2009-04-24T16:33:00+00:00,2009-05-14T13:42:00+00:00,REV
SHORT,1.507000,1.533580,-0.026580,2009-05-14T13:42:00+00:00,2009-05-18T19:46:00+00:00,REV
LONG,1.533580,1.614700,0.081120,2009-05-18T19:46:00+00:00,2009-06-04T14:59:00+00:00,REV
SHORT,1.614700,1.636080,-0.021380,2009-06-04T14:59:00+00:00,2009-06-10T08:48:00+00:00,REV
LONG,1.636080,1.624100,-0.011980,2009-06-10T08:48:00+00:00,2009-06-16T03:27:00+00:00,REV
SHORT,1.624100,1.650780,-0.026680,2009-06-16T03:27:00+00:00,2009-06-19T18:49:00+00:00,REV
LONG,1.650780,1.638300,-0.012480,2009-06-19T18:49:00+00:00,2009-07-02T10:18:00+00:00,REV
SHORT,1.638300,1.632680,0.005620,2009-07-02T10:18:00+00:00,2009-07-09T19:22:00+00:00,REV
LONG,1.632680,1.638100,0.005420,2009-07-09T19:22:00+00:00,2009-07-29T09:19:00+00:00,REV
SHORT,1.638100,1.655680,-0.017580,2009-07-29T09:19:00+00:00,2009-07-31T09:13:00+00:00,REV
LONG,1.655680,1.675100,0.019420,2009-07-31T09:13:00+00:00,2009-08-07T05:12:00+00:00,REV
SHORT,1.675100,1.659280,0.015820,2009-08-07T05:12:00+00:00,2009-08-20T11:30:00+00:00,REV
LONG,1.659280,1.639100,-0.020180,2009-08-20T11:30:00+00:00,2009-08-25T04:21:00+00:00,REV
SHORT,1.639100,1.637480,0.001620,2009-08-25T04:21:00+00:00,2009-09-03T13:15:00+00:00,REV
LONG,1.637480,1.647900,0.010420,2009-09-03T13:15:00+00:00,2009-09-15T13:22:00+00:00,REV
SHORT,1.647900,1.645380,0.002520,2009-09-15T13:22:00+00:00,2009-09-23T15:03:00+00:00,REV
LONG,1.645380,1.613200,-0.032180,2009-09-23T15:03:00+00:00,2009-09-24T16:55:00+00:00,REV
SHORT,1.613200,1.606580,0.006620,2009-09-24T16:55:00+00:00,2009-09-30T09:36:00+00:00,REV
LONG,1.606580,1.582400,-0.024180,2009-09-30T09:36:00+00:00,2009-10-02T15:30:00+00:00,REV
SHORT,1.582400,1.602280,-0.019880,2009-10-02T15:30:00+00:00,2009-10-06T10:34:00+00:00,REV
LONG,1.602280,1.585700,-0.016580,2009-10-06T10:34:00+00:00,2009-10-09T19:50:00+00:00,REV
SHORT,1.585700,1.602480,-0.016780,2009-10-09T19:50:00+00:00,2009-10-15T03:48:00+00:00,REV
LONG,1.602480,1.632700,0.030220,2009-10-15T03:48:00+00:00,2009-10-23T18:21:00+00:00,REV
SHORT,1.632700,1.646580,-0.013880,2009-10-23T18:21:00+00:00,2009-10-29T13:41:00+00:00,REV
LONG,1.646580,1.632800,-0.013780,2009-10-29T13:41:00+00:00,2009-11-03T09:46:00+00:00,REV
SHORT,1.632800,1.657780,-0.024980,2009-11-03T09:46:00+00:00,2009-11-04T17:51:00+00:00,REV
LONG,1.657780,1.653400,-0.004380,2009-11-04T17:51:00+00:00,2009-11-12T09:56:00+00:00,REV
SHORT,1.653400,1.679780,-0.026380,2009-11-12T09:56:00+00:00,2009-11-16T19:48:00+00:00,REV
LONG,1.679780,1.666800,-0.012980,2009-11-16T19:48:00+00:00,2009-11-19T09:55:00+00:00,REV
SHORT,1.666800,1.667580,-0.000780,2009-11-19T09:55:00+00:00,2009-11-25T09:52:00+00:00,REV
LONG,1.667580,1.648100,-0.019480,2009-11-25T09:52:00+00:00,2009-11-26T17:25:00+00:00,REV
SHORT,1.648100,1.664680,-0.016580,2009-11-26T17:25:00+00:00,2009-12-02T11:50:00+00:00,REV
LONG,1.664680,1.642100,-0.022580,2009-12-02T11:50:00+00:00,2009-12-07T00:10:00+00:00,REV
SHORT,1.642100,1.633980,0.008120,2009-12-07T00:10:00+00:00,2009-12-16T12:20:00+00:00,REV
LONG,1.633980,1.616600,-0.017380,2009-12-16T12:20:00+00:00,2009-12-17T11:30:00+00:00,REV
SHORT,1.616600,1.602180,0.014420,2009-12-17T11:30:00+00:00,2009-12-29T09:38:00+00:00,REV
LONG,1.602180,1.592700,-0.009480,2009-12-29T09:38:00+00:00,2009-12-29T18:12:00+00:00,REV
SHORT,1.592700,1.606780,-0.014080,2009-12-29T18:12:00+00:00,2009-12-30T19:08:00+00:00,REV
LONG,1.606780,1.596400,-0.010380,2009-12-30T19:08:00+00:00,2010-01-06T02:35:00+00:00,REV
SHORT,1.596400,1.610980,-0.014580,2010-01-06T02:35:00+00:00,2010-01-11T09:18:00+00:00,REV
LONG,1.610980,1.624300,0.013320,2010-01-11T09:18:00+00:00,2010-01-21T09:51:00+00:00,REV
SHORT,1.624300,1.626780,-0.002480,2010-01-21T09:51:00+00:00,2010-01-28T10:09:00+00:00,REV
LONG,1.626780,1.609200,-0.017580,2010-01-28T10:09:00+00:00,2010-01-29T15:33:00+00:00,REV
SHORT,1.609200,1.599480,0.009720,2010-01-29T15:33:00+00:00,2010-02-03T02:01:00+00:00,REV
LONG,1.599480,1.584900,-0.014580,2010-02-03T02:01:00+00:00,2010-02-04T11:30:00+00:00,REV
SHORT,1.584900,1.574080,0.010820,2010-02-04T11:30:00+00:00,2010-02-16T18:36:00+00:00,REV
LONG,1.574080,1.561000,-0.013080,2010-02-16T18:36:00+00:00,2010-02-18T10:18:00+00:00,REV
SHORT,1.561000,1.513580,0.047420,2010-02-18T10:18:00+00:00,2010-03-05T18:22:00+00:00,REV
LONG,1.513580,1.499100,-0.014480,2010-03-05T18:22:00+00:00,2010-03-09T08:47:00+00:00,REV
SHORT,1.499100,1.506880,-0.007780,2010-03-09T08:47:00+00:00,2010-03-12T01:01:00+00:00,REV
LONG,1.506880,1.498700,-0.008180,2010-03-12T01:01:00+00:00,2010-03-22T00:27:00+00:00,REV
SHORT,1.498700,1.501880,-0.003180,2010-03-22T00:27:00+00:00,2010-03-30T08:55:00+00:00,REV
LONG,1.501880,1.517000,0.015120,2010-03-30T08:55:00+00:00,2010-04-06T10:15:00+00:00,REV
SHORT,1.517000,1.530680,-0.013680,2010-04-06T10:15:00+00:00,2010-04-09T09:21:00+00:00,REV
LONG,1.530680,1.527400,-0.003280,2010-04-09T09:21:00+00:00,2010-04-19T00:00:00+00:00,REV
SHORT,1.527400,1.543980,-0.016580,2010-04-19T00:00:00+00:00,2010-04-22T08:38:00+00:00,REV
LONG,1.543980,1.529400,-0.014580,2010-04-22T08:38:00+00:00,2010-04-27T18:29:00+00:00,REV
SHORT,1.529400,1.449480,0.079920,2010-04-27T18:29:00+00:00,2010-05-24T07:28:00+00:00,REV
LONG,1.449480,1.440900,-0.008580,2010-05-24T07:28:00+00:00,2010-06-07T00:00:00+00:00,REV
SHORT,1.440900,1.460680,-0.019780,2010-06-07T00:00:00+00:00,2010-06-10T10:10:00+00:00,REV
LONG,1.460680,1.473600,0.012920,2010-06-10T10:10:00+00:00,2010-06-22T08:50:00+00:00,REV
SHORT,1.473600,1.493580,-0.019980,2010-06-22T08:50:00+00:00,2010-06-23T14:32:00+00:00,REV
LONG,1.493580,1.493300,-0.000280,2010-06-23T14:32:00+00:00,2010-07-01T00:34:00+00:00,REV
SHORT,1.493300,1.512680,-0.019380,2010-07-01T00:34:00+00:00,2010-07-01T17:37:00+00:00,REV
LONG,1.512680,1.507900,-0.004780,2010-07-01T17:37:00+00:00,2010-07-07T11:39:00+00:00,REV
SHORT,1.507900,1.522480,-0.014580,2010-07-07T11:39:00+00:00,2010-07-08T04:33:00+00:00,REV
LONG,1.522480,1.507800,-0.014680,2010-07-08T04:33:00+00:00,2010-07-09T15:44:00+00:00,REV
SHORT,1.507800,1.520280,-0.012480,2010-07-09T15:44:00+00:00,2010-07-14T03:11:00+00:00,REV
LONG,1.520280,1.520000,-0.000280,2010-07-14T03:11:00+00:00,2010-07-20T12:41:00+00:00,REV
SHORT,1.520000,1.533380,-0.013380,2010-07-20T12:41:00+00:00,2010-07-23T11:10:00+00:00,REV
LONG,1.533380,1.581700,0.048320,2010-07-23T11:10:00+00:00,2010-08-10T05:25:00+00:00,REV
SHORT,1.581700,1.548680,0.033020,2010-08-10T05:25:00+00:00,2010-09-08T10:20:00+00:00,REV
LONG,1.548680,1.553400,0.004720,2010-09-08T10:20:00+00:00,2010-09-21T10:26:00+00:00,REV
SHORT,1.553400,1.571280,-0.017880,2010-09-21T10:26:00+00:00,2010-09-23T17:31:00+00:00,REV
LONG,1.571280,1.571600,0.000320,2010-09-23T17:31:00+00:00,2010-09-30T17:23:00+00:00,REV
SHORT,1.571600,1.587080,-0.015480,2010-09-30T17:23:00+00:00,2010-10-05T11:26:00+00:00,REV
LONG,1.587080,1.582200,-0.004880,2010-10-05T11:26:00+00:00,2010-10-12T11:46:00+00:00,REV
SHORT,1.582200,1.596280,-0.014080,2010-10-12T11:46:00+00:00,2010-10-14T03:13:00+00:00,REV
LONG,1.596280,1.583600,-0.012680,2010-10-14T03:13:00+00:00,2010-10-19T10:01:00+00:00,REV
SHORT,1.583600,1.584880,-0.001280,2010-10-19T10:01:00+00:00,2010-10-26T11:43:00+00:00,REV
LONG,1.584880,1.607700,0.022820,2010-10-26T11:43:00+00:00,2010-11-09T02:04:00+00:00,REV
SHORT,1.607700,1.608680,-0.000980,2010-11-09T02:04:00+00:00,2010-11-19T11:03:00+00:00,REV
LONG,1.608680,1.588700,-0.019980,2010-11-19T11:03:00+00:00,2010-11-23T16:47:00+00:00,REV
SHORT,1.588700,1.564780,0.023920,2010-11-23T16:47:00+00:00,2010-12-02T11:43:00+00:00,REV
LONG,1.564780,1.571800,0.007020,2010-12-02T11:43:00+00:00,2010-12-15T08:30:00+00:00,REV
SHORT,1.571800,1.547480,0.024320,2010-12-15T08:30:00+00:00,2010-12-28T02:15:00+00:00,REV
LONG,1.547480,1.536900,-0.010580,2010-12-28T02:15:00+00:00,2010-12-28T17:07:00+00:00,REV
SHORT,1.536900,1.551080,-0.014180,2010-12-28T17:07:00+00:00,2010-12-29T22:08:00+00:00,REV
LONG,1.551080,1.544700,-0.006380,2010-12-29T22:08:00+00:00,2011-01-07T00:24:00+00:00,REV
SHORT,1.544700,1.560280,-0.015580,2011-01-07T00:24:00+00:00,2011-01-11T16:11:00+00:00,REV
LONG,1.560280,1.583600,0.023320,2011-01-11T16:11:00+00:00,2011-01-25T11:30:00+00:00,REV
SHORT,1.583600,1.598980,-0.015380,2011-01-25T11:30:00+00:00,2011-01-31T17:22:00+00:00,REV
LONG,1.598980,1.603500,0.004520,2011-01-31T17:22:00+00:00,2011-02-08T16:44:00+00:00,REV
SHORT,1.603500,1.613680,-0.010180,2011-02-08T16:44:00+00:00,2011-02-15T14:25:00+00:00,REV
LONG,1.613680,1.609900,-0.003780,2011-02-15T14:25:00+00:00,2011-02-24T17:53:00+00:00,REV
SHORT,1.609900,1.627380,-0.017480,2011-02-24T17:53:00+00:00,2011-02-28T18:01:00+00:00,REV
LONG,1.627380,1.621400,-0.005980,2011-02-28T18:01:00+00:00,2011-03-07T17:46:00+00:00,REV
SHORT,1.621400,1.618380,0.003020,2011-03-07T17:46:00+00:00,2011-03-18T06:34:00+00:00,REV
LONG,1.618380,1.620300,0.001920,2011-03-18T06:34:00+00:00,2011-03-24T10:37:00+00:00,REV
SHORT,1.620300,1.608280,0.012020,2011-03-24T10:37:00+00:00,2011-03-31T03:20:00+00:00,REV
LONG,1.608280,1.631200,0.022920,2011-03-31T03:20:00+00:00,2011-04-12T04:25:00+00:00,REV
SHORT,1.631200,1.637280,-0.006080,2011-04-12T04:25:00+00:00,2011-04-20T10:16:00+00:00,REV
LONG,1.637280,1.662000,0.024720,2011-04-20T10:16:00+00:00,2011-05-03T03:25:00+00:00,REV
SHORT,1.662000,1.646380,0.015620,2011-05-03T03:25:00+00:00,2011-05-11T12:32:00+00:00,REV
LONG,1.646380,1.626900,-0.019480,2011-05-11T12:32:00+00:00,2011-05-12T11:37:00+00:00,REV
SHORT,1.626900,1.630280,-0.003380,2011-05-12T11:37:00+00:00,2011-05-20T20:46:00+00:00,REV
LONG,1.630280,1.610300,-0.019980,2011-05-20T20:46:00+00:00,2011-05-23T18:15:00+00:00,REV
SHORT,1.610300,1.629280,-0.018980,2011-05-23T18:15:00+00:00,2011-05-26T02:31:00+00:00,REV
LONG,1.629280,1.637700,0.008420,2011-05-26T02:31:00+00:00,2011-06-01T16:06:00+00:00,REV
SHORT,1.637700,1.645980,-0.008280,2011-06-01T16:06:00+00:00,2011-06-07T11:48:00+00:00,REV
LONG,1.645980,1.632300,-0.013680,2011-06-07T11:48:00+00:00,2011-06-10T07:33:00+00:00,REV
SHORT,1.632300,1.623480,0.008820,2011-06-10T07:33:00+00:00,2011-06-21T02:36:00+00:00,REV
LONG,1.623480,1.609200,-0.014280,2011-06-21T02:36:00+00:00,2011-06-22T15:34:00+00:00,REV
SHORT,1.609200,1.604580,0.004620,2011-06-22T15:34:00+00:00,2011-06-29T15:56:00+00:00,REV
LONG,1.604580,1.598700,-0.005880,2011-06-29T15:56:00+00:00,2011-07-06T14:13:00+00:00,REV
SHORT,1.598700,1.607680,-0.008980,2011-07-06T14:13:00+00:00,2011-07-13T17:55:00+00:00,REV
LONG,1.607680,1.626400,0.018720,2011-07-13T17:55:00+00:00,2011-07-29T11:23:00+00:00,REV
SHORT,1.626400,1.643880,-0.017480,2011-07-29T11:23:00+00:00,2011-07-29T18:08:00+00:00,REV
LONG,1.643880,1.626000,-0.017880,2011-07-29T18:08:00+00:00,2011-08-01T17:59:00+00:00,REV
SHORT,1.626000,1.646980,-0.020980,2011-08-01T17:59:00+00:00,2011-08-08T00:00:00+00:00,REV
LONG,1.646980,1.622700,-0.024280,2011-08-08T00:00:00+00:00,2011-08-09T17:59:00+00:00,REV
SHORT,1.622700,1.633580,-0.010880,2011-08-09T17:59:00+00:00,2011-08-15T15:32:00+00:00,REV
LONG,1.633580,1.643400,0.009820,2011-08-15T15:32:00+00:00,2011-08-24T16:12:00+00:00,REV
SHORT,1.643400,1.557080,0.086320,2011-08-24T16:12:00+00:00,2011-09-27T04:58:00+00:00,REV
LONG,1.557080,1.553100,-0.003980,2011-09-27T04:58:00+00:00,2011-10-03T06:09:00+00:00,REV
SHORT,1.553100,1.550080,0.003020,2011-10-03T06:09:00+00:00,2011-10-07T10:15:00+00:00,REV
LONG,1.550080,1.566500,0.016420,2011-10-07T10:15:00+00:00,2011-10-18T17:02:00+00:00,REV
SHORT,1.566500,1.584680,-0.018180,2011-10-18T17:02:00+00:00,2011-10-21T14:02:00+00:00,REV
LONG,1.584680,1.595300,0.010620,2011-10-21T14:02:00+00:00,2011-11-01T12:32:00+00:00,REV
SHORT,1.595300,1.606780,-0.011480,2011-11-01T12:32:00+00:00,2011-11-07T00:00:00+00:00,REV
LONG,1.606780,1.594400,-0.012380,2011-11-07T00:00:00+00:00,2011-11-09T15:30:00+00:00,REV
SHORT,1.594400,1.559380,0.035020,2011-11-09T15:30:00+00:00,2011-11-29T12:11:00+00:00,REV
LONG,1.559380,1.557500,-0.001880,2011-11-29T12:11:00+00:00,2011-12-06T18:30:00+00:00,REV
SHORT,1.557500,1.572360,-0.014860,2011-12-06T18:30:00+00:00,2011-12-08T11:44:00+00:00,REV
LONG,1.572360,1.558350,-0.014010,2011-12-08T11:44:00+00:00,2011-12-12T09:37:00+00:00,REV
SHORT,1.558350,1.555670,0.002680,2011-12-12T09:37:00+00:00,2011-12-20T10:09:00+00:00,REV
LONG,1.555670,1.558150,0.002480,2011-12-20T10:09:00+00:00,2011-12-28T16:24:00+00:00,REV
SHORT,1.558150,1.557150,0.001000,2011-12-28T16:24:00+00:00,2012-01-03T08:32:00+00:00,REV
LONG,1.557150,1.546710,-0.010440,2012-01-03T08:32:00+00:00,2012-01-05T17:45:00+00:00,REV
SHORT,1.546710,1.540890,0.005820,2012-01-05T17:45:00+00:00,2012-01-18T16:51:00+00:00,REV
LONG,1.540890,1.578690,0.037800,2012-01-18T16:51:00+00:00,2012-02-10T07:03:00+00:00,REV
SHORT,1.578690,1.581630,-0.002940,2012-02-10T07:03:00+00:00,2012-02-17T03:27:00+00:00,REV
LONG,1.581630,1.577130,-0.004500,2012-02-17T03:27:00+00:00,2012-02-22T03:13:00+00:00,REV
SHORT,1.577130,1.586460,-0.009330,2012-02-22T03:13:00+00:00,2012-02-24T17:09:00+00:00,REV
LONG,1.586460,1.582220,-0.004240,2012-02-24T17:09:00+00:00,2012-03-05T03:49:00+00:00,REV
SHORT,1.582220,1.574720,0.007500,2012-03-05T03:49:00+00:00,2012-03-16T15:31:00+00:00,REV
LONG,1.574720,1.581590,0.006870,2012-03-16T15:31:00+00:00,2012-03-22T12:16:00+00:00,REV
SHORT,1.581590,1.592270,-0.010680,2012-03-22T12:16:00+00:00,2012-03-26T15:45:00+00:00,REV
LONG,1.592270,1.589030,-0.003240,2012-03-26T15:45:00+00:00,2012-04-04T03:26:00+00:00,REV
SHORT,1.589030,1.591350,-0.002320,2012-04-04T03:26:00+00:00,2012-04-10T04:33:00+00:00,REV
LONG,1.591350,1.583990,-0.007360,2012-04-10T04:33:00+00:00,2012-04-16T02:57:00+00:00,REV
SHORT,1.583990,1.597000,-0.013010,2012-04-16T02:57:00+00:00,2012-04-18T11:30:00+00:00,REV
LONG,1.597000,1.615910,0.018910,2012-04-18T11:30:00+00:00,2012-05-03T15:33:00+00:00,REV
SHORT,1.615910,1.543760,0.072150,2012-05-03T15:33:00+00:00,2012-06-06T09:33:00+00:00,REV
LONG,1.543760,1.561390,0.017630,2012-06-06T09:33:00+00:00,2012-06-21T19:26:00+00:00,REV
SHORT,1.561390,1.565020,-0.003630,2012-06-21T19:26:00+00:00,2012-06-29T10:01:00+00:00,REV
LONG,1.565020,1.557290,-0.007730,2012-06-29T10:01:00+00:00,2012-07-05T11:25:00+00:00,REV
SHORT,1.557290,1.555040,0.002250,2012-07-05T11:25:00+00:00,2012-07-11T10:18:00+00:00,REV
LONG,1.555040,1.546930,-0.008110,2012-07-11T10:18:00+00:00,2012-07-12T10:06:00+00:00,REV
SHORT,1.546930,1.557750,-0.010820,2012-07-12T10:06:00+00:00,2012-07-13T22:08:00+00:00,REV
LONG,1.557750,1.558030,0.000280,2012-07-13T22:08:00+00:00,2012-07-23T04:22:00+00:00,REV
SHORT,1.558030,1.562550,-0.004520,2012-07-23T04:22:00+00:00,2012-07-26T14:08:00+00:00,REV
LONG,1.562550,1.562420,-0.000130,2012-07-26T14:08:00+00:00,2012-08-01T11:35:00+00:00,REV
SHORT,1.562420,1.567900,-0.005480,2012-08-01T11:35:00+00:00,2012-08-07T15:28:00+00:00,REV
LONG,1.567900,1.565580,-0.002320,2012-08-07T15:28:00+00:00,2012-08-16T09:07:00+00:00,REV
SHORT,1.565580,1.572820,-0.007240,2012-08-16T09:07:00+00:00,2012-08-16T15:35:00+00:00,REV
LONG,1.572820,1.578970,0.006150,2012-08-16T15:35:00+00:00,2012-08-28T00:02:00+00:00,REV
SHORT,1.578970,1.585450,-0.006480,2012-08-28T00:02:00+00:00,2012-08-30T15:14:00+00:00,REV
LONG,1.585450,1.618350,0.032900,2012-08-30T15:14:00+00:00,2012-09-20T09:05:00+00:00,REV
SHORT,1.618350,1.627050,-0.008700,2012-09-20T09:05:00+00:00,2012-09-21T11:38:00+00:00,REV
LONG,1.627050,1.618070,-0.008980,2012-09-21T11:38:00+00:00,2012-09-26T07:04:00+00:00,REV
SHORT,1.618070,1.626710,-0.008640,2012-09-26T07:04:00+00:00,2012-09-28T09:24:00+00:00,REV
LONG,1.626710,1.613600,-0.013110,2012-09-28T09:24:00+00:00,2012-09-28T17:19:00+00:00,REV
SHORT,1.613600,1.618650,-0.005050,2012-09-28T17:19:00+00:00,2012-10-04T20:01:00+00:00,REV
LONG,1.618650,1.606580,-0.012070,2012-10-04T20:01:00+00:00,2012-10-08T12:50:00+00:00,REV
SHORT,1.606580,1.605370,0.001210,2012-10-08T12:50:00+00:00,2012-10-12T04:39:00+00:00,REV
LONG,1.605370,1.604080,-0.001290,2012-10-12T04:39:00+00:00,2012-10-19T00:27:00+00:00,REV
SHORT,1.604080,1.605180,-0.001100,2012-10-19T00:27:00+00:00,2012-10-25T08:37:00+00:00,REV
LONG,1.605180,1.601960,-0.003220,2012-10-25T08:37:00+00:00,2012-11-02T21:40:00+00:00,REV
SHORT,1.601960,1.590090,0.011870,2012-11-02T21:40:00+00:00,2012-11-19T01:36:00+00:00,REV
LONG,1.590090,1.603830,0.013740,2012-11-19T01:36:00+00:00,2012-12-07T00:51:00+00:00,REV
SHORT,1.603830,1.612150,-0.008320,2012-12-07T00:51:00+00:00,2012-12-12T11:02:00+00:00,REV
LONG,1.612150,1.619350,0.007200,2012-12-12T11:02:00+00:00,2012-12-21T17:35:00+00:00,REV
SHORT,1.619350,1.620210,-0.000860,2012-12-21T17:35:00+00:00,2012-12-31T16:08:00+00:00,REV
LONG,1.620210,1.609020,-0.011190,2012-12-31T16:08:00+00:00,2013-01-04T00:20:00+00:00,REV
SHORT,1.609020,1.612840,-0.003820,2013-01-04T00:20:00+00:00,2013-01-10T19:19:00+00:00,REV
LONG,1.612840,1.603010,-0.009830,2013-01-10T19:19:00+00:00,2013-01-16T09:51:00+00:00,REV
SHORT,1.603010,1.581640,0.021370,2013-01-16T09:51:00+00:00,2013-01-31T07:41:00+00:00,REV
LONG,1.581640,1.568780,-0.012860,2013-01-31T07:41:00+00:00,2013-02-05T17:46:00+00:00,REV
SHORT,1.568780,1.580390,-0.011610,2013-02-05T17:46:00+00:00,2013-02-08T15:03:00+00:00,REV
LONG,1.580390,1.564430,-0.015960,2013-02-08T15:03:00+00:00,2013-02-12T05:15:00+00:00,REV
SHORT,1.564430,1.521880,0.042550,2013-02-12T05:15:00+00:00,2013-02-28T15:10:00+00:00,REV
LONG,1.521880,1.507920,-0.013960,2013-02-28T15:10:00+00:00,2013-03-01T11:33:00+00:00,REV
SHORT,1.507920,1.498100,0.009820,2013-03-01T11:33:00+00:00,2013-03-14T16:54:00+00:00,REV
LONG,1.498100,1.506730,0.008630,2013-03-14T16:54:00+00:00,2013-03-20T11:38:00+00:00,REV
SHORT,1.506730,1.517600,-0.010870,2013-03-20T11:38:00+00:00,2013-03-20T17:15:00+00:00,REV
LONG,1.517600,1.513420,-0.004180,2013-03-20T17:15:00+00:00,2013-03-27T12:30:00+00:00,REV
SHORT,1.513420,1.520730,-0.007310,2013-03-27T12:30:00+00:00,2013-03-29T03:42:00+00:00,REV
LONG,1.520730,1.511070,-0.009660,2013-03-29T03:42:00+00:00,2013-04-02T18:21:00+00:00,REV
SHORT,1.511070,1.525790,-0.014720,2013-04-02T18:21:00+00:00,2013-04-05T15:30:00+00:00,REV
LONG,1.525790,1.529150,0.003360,2013-04-05T15:30:00+00:00,2013-04-15T21:17:00+00:00,REV
SHORT,1.529150,1.529760,-0.000610,2013-04-15T21:17:00+00:00,2013-04-25T03:55:00+00:00,REV
LONG,1.529760,1.547980,0.018220,2013-04-25T03:55:00+00:00,2013-05-07T17:36:00+00:00,REV
SHORT,1.547980,1.515600,0.032380,2013-05-07T17:36:00+00:00,2013-05-30T08:11:00+00:00,REV
LONG,1.515600,1.561490,0.045890,2013-05-30T08:11:00+00:00,2013-06-18T13:59:00+00:00,REV
SHORT,1.561490,1.527840,0.033650,2013-06-18T13:59:00+00:00,2013-07-03T15:49:00+00:00,REV
LONG,1.527840,1.512850,-0.014990,2013-07-03T15:49:00+00:00,2013-07-04T14:05:00+00:00,REV
SHORT,1.512850,1.501530,0.011320,2013-07-04T14:05:00+00:00,2013-07-11T00:00:00+00:00,REV
LONG,1.501530,1.526200,0.024670,2013-07-11T00:00:00+00:00,2013-07-30T17:15:00+00:00,REV
SHORT,1.526200,1.530830,-0.004630,2013-07-30T17:15:00+00:00,2013-08-05T10:28:00+00:00,REV
LONG,1.530830,1.545750,0.014920,2013-08-05T10:28:00+00:00,2013-08-13T00:09:00+00:00,REV
SHORT,1.545750,1.554620,-0.008870,2013-08-13T00:09:00+00:00,2013-08-15T11:09:00+00:00,REV
LONG,1.554620,1.560800,0.006180,2013-08-15T11:09:00+00:00,2013-08-22T03:36:00+00:00,REV
SHORT,1.560800,1.555170,0.005630,2013-08-22T03:36:00+00:00,2013-09-02T04:54:00+00:00,REV
LONG,1.555170,1.598510,0.043340,2013-09-02T04:54:00+00:00,2013-09-24T11:48:00+00:00,REV
SHORT,1.598510,1.607190,-0.008680,2013-09-24T11:48:00+00:00,2013-09-25T16:46:00+00:00,REV
LONG,1.607190,1.615350,0.008160,2013-09-25T16:46:00+00:00,2013-10-04T00:00:00+00:00,REV
SHORT,1.615350,1.601780,0.013570,2013-10-04T00:00:00+00:00,2013-10-16T11:09:00+00:00,REV
LONG,1.601780,1.591360,-0.010420,2013-10-16T11:09:00+00:00,2013-10-16T18:13:00+00:00,REV
SHORT,1.591360,1.605990,-0.014630,2013-10-16T18:13:00+00:00,2013-10-17T10:57:00+00:00,REV
LONG,1.605990,1.612330,0.006340,2013-10-17T10:57:00+00:00,2013-10-29T03:14:00+00:00,REV
SHORT,1.612330,1.606210,0.006120,2013-10-29T03:14:00+00:00,2013-11-06T04:47:00+00:00,REV
LONG,1.606210,1.595590,-0.010620,2013-11-06T04:47:00+00:00,2013-11-12T08:46:00+00:00,REV
SHORT,1.595590,1.606680,-0.011090,2013-11-12T08:46:00+00:00,2013-11-14T15:53:00+00:00,REV
LONG,1.606680,1.632590,0.025910,2013-11-14T15:53:00+00:00,2013-12-05T15:30:00+00:00,REV
SHORT,1.632590,1.640320,-0.007730,2013-12-05T15:30:00+00:00,2013-12-09T19:00:00+00:00,REV
LONG,1.640320,1.632170,-0.008150,2013-12-09T19:00:00+00:00,2013-12-12T17:55:00+00:00,REV
SHORT,1.632170,1.635980,-0.003810,2013-12-12T17:55:00+00:00,2013-12-18T11:43:00+00:00,REV
LONG,1.635980,1.640920,0.004940,2013-12-18T11:43:00+00:00,2014-01-03T15:11:00+00:00,REV
SHORT,1.640920,1.647140,-0.006220,2014-01-03T15:11:00+00:00,2014-01-09T09:58:00+00:00,REV
LONG,1.647140,1.637520,-0.009620,2014-01-09T09:58:00+00:00,2014-01-13T15:29:00+00:00,REV
SHORT,1.637520,1.645790,-0.008270,2014-01-13T15:29:00+00:00,2014-01-21T15:55:00+00:00,REV
LONG,1.645790,1.647250,0.001460,2014-01-21T15:55:00+00:00,2014-01-30T11:50:00+00:00,REV
SHORT,1.647250,1.634800,0.012450,2014-01-30T11:50:00+00:00,2014-02-07T09:45:00+00:00,REV
LONG,1.634800,1.664310,0.029510,2014-02-07T09:45:00+00:00,2014-02-19T14:24:00+00:00,REV
SHORT,1.664310,1.672430,-0.008120,2014-02-19T14:24:00+00:00,2014-02-25T18:07:00+00:00,REV
LONG,1.672430,1.665520,-0.006910,2014-02-25T18:07:00+00:00,2014-03-10T13:06:00+00:00,REV
SHORT,1.665520,1.654890,0.010630,2014-03-10T13:06:00+00:00,2014-03-26T11:04:00+00:00,REV
LONG,1.654890,1.661030,0.006140,2014-03-26T11:04:00+00:00,2014-04-03T11:29:00+00:00,REV
SHORT,1.661030,1.666050,-0.005020,2014-04-03T11:29:00+00:00,2014-04-08T11:30:00+00:00,REV
LONG,1.666050,1.671590,0.005540,2014-04-08T11:30:00+00:00,2014-04-14T11:56:00+00:00,REV
SHORT,1.671590,1.678870,-0.007280,2014-04-14T11:56:00+00:00,2014-04-16T11:30:00+00:00,REV
LONG,1.678870,1.677300,-0.001570,2014-04-16T11:30:00+00:00,2014-04-23T17:45:00+00:00,REV
SHORT,1.677300,1.683530,-0.006230,2014-04-23T17:45:00+00:00,2014-04-28T10:20:00+00:00,REV
LONG,1.683530,1.686500,0.002970,2014-04-28T10:20:00+00:00,2014-05-09T14:48:00+00:00,REV
SHORT,1.686500,1.684440,0.002060,2014-05-09T14:48:00+00:00,2014-05-20T11:06:00+00:00,REV
LONG,1.684440,1.681150,-0.003290,2014-05-20T11:06:00+00:00,2014-05-27T12:37:00+00:00,REV
SHORT,1.681150,1.677710,0.003440,2014-05-27T12:37:00+00:00,2014-06-03T11:17:00+00:00,REV
LONG,1.677710,1.671340,-0.006370,2014-06-03T11:17:00+00:00,2014-06-04T09:19:00+00:00,REV
SHORT,1.671340,1.678190,-0.006850,2014-06-04T09:19:00+00:00,2014-06-05T12:43:00+00:00,REV
LONG,1.678190,1.674160,-0.004030,2014-06-05T12:43:00+00:00,2014-06-11T03:26:00+00:00,REV
SHORT,1.674160,1.683190,-0.009030,2014-06-11T03:26:00+00:00,2014-06-12T10:10:00+00:00,REV
LONG,1.683190,1.697920,0.014730,2014-06-12T10:10:00+00:00,2014-06-24T11:55:00+00:00,REV
SHORT,1.697920,1.703940,-0.006020,2014-06-24T11:55:00+00:00,2014-06-27T06:08:00+00:00,REV
LONG,1.703940,1.709860,0.005920,2014-06-27T06:08:00+00:00,2014-07-08T11:30:00+00:00,REV
SHORT,1.709860,1.716690,-0.006830,2014-07-08T11:30:00+00:00,2014-07-10T04:28:00+00:00,REV
LONG,1.716690,1.708950,-0.007740,2014-07-10T04:28:00+00:00,2014-07-14T15:29:00+00:00,REV
SHORT,1.708950,1.716740,-0.007790,2014-07-14T15:29:00+00:00,2014-07-15T15:09:00+00:00,REV
LONG,1.716740,1.705800,-0.010940,2014-07-15T15:09:00+00:00,2014-07-18T15:56:00+00:00,REV
SHORT,1.705800,1.683830,0.021970,2014-07-18T15:56:00+00:00,2014-08-13T12:30:00+00:00,REV
LONG,1.683830,1.675540,-0.008290,2014-08-13T12:30:00+00:00,2014-08-13T12:33:00+00:00,REV
SHORT,1.675540,1.659790,0.015750,2014-08-13T12:33:00+00:00,2014-08-27T14:46:00+00:00,REV
LONG,1.659790,1.656160,-0.003630,2014-08-27T14:46:00+00:00,2014-09-02T10:01:00+00:00,REV
SHORT,1.656160,1.623240,0.032920,2014-09-02T10:01:00+00:00,2014-09-11T10:57:00+00:00,REV
LONG,1.623240,1.618440,-0.004800,2014-09-11T10:57:00+00:00,2014-09-16T09:46:00+00:00,REV
SHORT,1.618440,1.627910,-0.009470,2014-09-16T09:46:00+00:00,2014-09-16T18:57:00+00:00,REV
LONG,1.627910,1.628710,0.000800,2014-09-16T18:57:00+00:00,2014-09-25T09:49:00+00:00,REV
SHORT,1.628710,1.615840,0.012870,2014-09-25T09:49:00+00:00,2014-10-08T21:41:00+00:00,REV
LONG,1.615840,1.602480,-0.013360,2014-10-08T21:41:00+00:00,2014-10-10T15:37:00+00:00,REV
SHORT,1.602480,1.609710,-0.007230,2014-10-10T15:37:00+00:00,2014-10-17T02:04:00+00:00,REV
LONG,1.609710,1.602830,-0.006880,2014-10-17T02:04:00+00:00,2014-10-22T11:39:00+00:00,REV
SHORT,1.602830,1.613130,-0.010300,2014-10-22T11:39:00+00:00,2014-10-27T17:08:00+00:00,REV
LONG,1.613130,1.601690,-0.011440,2014-10-27T17:08:00+00:00,2014-10-29T21:13:00+00:00,REV
SHORT,1.601690,1.573660,0.028030,2014-10-29T21:13:00+00:00,2014-11-20T16:55:00+00:00,REV
LONG,1.573660,1.564850,-0.008810,2014-11-20T16:55:00+00:00,2014-11-28T17:21:00+00:00,REV
SHORT,1.564850,1.571820,-0.006970,2014-11-28T17:21:00+00:00,2014-12-10T17:34:00+00:00,REV
LONG,1.571820,1.564710,-0.007110,2014-12-10T17:34:00+00:00,2014-12-15T15:28:00+00:00,REV
SHORT,1.564710,1.575770,-0.011060,2014-12-15T15:28:00+00:00,2014-12-16T14:05:00+00:00,REV
LONG,1.575770,1.560140,-0.015630,2014-12-16T14:05:00+00:00,2014-12-17T21:46:00+00:00,REV
SHORT,1.560140,1.558650,0.001490,2014-12-17T21:46:00+00:00,2014-12-31T12:59:00+00:00,REV
LONG,1.558650,1.550080,-0.008570,2014-12-31T12:59:00+00:00,2015-01-02T11:30:00+00:00,REV
SHORT,1.550080,1.517650,0.032430,2015-01-02T11:30:00+00:00,2015-01-12T00:00:00+00:00,REV
LONG,1.517650,1.507770,-0.009880,2015-01-12T00:00:00+00:00,2015-01-16T17:46:00+00:00,REV
SHORT,1.507770,1.520040,-0.012270,2015-01-16T17:46:00+00:00,2015-01-22T14:21:00+00:00,REV
LONG,1.520040,1.505720,-0.014320,2015-01-22T14:21:00+00:00,2015-01-22T18:08:00+00:00,REV
SHORT,1.505720,1.521310,-0.015590,2015-01-22T18:08:00+00:00,2015-01-27T17:38:00+00:00,REV
LONG,1.521310,1.501810,-0.019500,2015-01-27T17:38:00+00:00,2015-01-30T17:29:00+00:00,REV
SHORT,1.501810,1.516310,-0.014500,2015-01-30T17:29:00+00:00,2015-02-03T19:58:00+00:00,REV
LONG,1.516310,1.534160,0.017850,2015-02-03T19:58:00+00:00,2015-02-23T12:45:00+00:00,REV
SHORT,1.534160,1.547550,-0.013390,2015-02-23T12:45:00+00:00,2015-02-25T02:22:00+00:00,REV
LONG,1.547550,1.539430,-0.008120,2015-02-25T02:22:00+00:00,2015-02-27T10:47:00+00:00,REV
SHORT,1.539430,1.489760,0.049670,2015-02-27T10:47:00+00:00,2015-03-18T21:22:00+00:00,REV
LONG,1.489760,1.483090,-0.006670,2015-03-18T21:22:00+00:00,2015-03-26T17:04:00+00:00,REV
SHORT,1.483090,1.487440,-0.004350,2015-03-26T17:04:00+00:00,2015-04-03T15:30:00+00:00,REV
LONG,1.487440,1.480270,-0.007170,2015-04-03T15:30:00+00:00,2015-04-09T10:42:00+00:00,REV
SHORT,1.480270,1.480230,0.000040,2015-04-09T10:42:00+00:00,2015-04-15T16:33:00+00:00,REV
LONG,1.480230,1.517550,0.037320,2015-04-15T16:33:00+00:00,2015-05-01T17:09:00+00:00,REV
SHORT,1.517550,1.540900,-0.023350,2015-05-01T17:09:00+00:00,2015-05-08T00:03:00+00:00,REV
LONG,1.540900,1.563800,0.022900,2015-05-08T00:03:00+00:00,2015-05-19T04:49:00+00:00,REV
SHORT,1.563800,1.536790,0.027010,2015-05-19T04:49:00+00:00,2015-06-03T08:25:00+00:00,REV
LONG,1.536790,1.580520,0.043730,2015-06-03T08:25:00+00:00,2015-06-23T04:56:00+00:00,REV
SHORT,1.580520,1.555160,0.025360,2015-06-23T04:56:00+00:00,2015-07-13T09:56:00+00:00,REV
LONG,1.555160,1.555430,0.000270,2015-07-13T09:56:00+00:00,2015-07-20T12:25:00+00:00,REV
SHORT,1.555430,1.564750,-0.009320,2015-07-20T12:25:00+00:00,2015-07-23T10:28:00+00:00,REV
LONG,1.564750,1.552900,-0.011850,2015-07-23T10:28:00+00:00,2015-07-23T17:57:00+00:00,REV
SHORT,1.552900,1.562860,-0.009960,2015-07-23T17:57:00+00:00,2015-07-29T12:13:00+00:00,REV
LONG,1.562860,1.554920,-0.007940,2015-07-29T12:13:00+00:00,2015-08-05T04:37:00+00:00,REV
SHORT,1.554920,1.561670,-0.006750,2015-08-05T04:37:00+00:00,2015-08-12T15:18:00+00:00,REV
LONG,1.561670,1.557370,-0.004300,2015-08-12T15:18:00+00:00,2015-08-18T07:46:00+00:00,REV
SHORT,1.557370,1.568880,-0.011510,2015-08-18T07:46:00+00:00,2015-08-18T12:47:00+00:00,REV
LONG,1.568880,1.563030,-0.005850,2015-08-18T12:47:00+00:00,2015-08-26T13:25:00+00:00,REV
SHORT,1.563030,1.531430,0.031600,2015-08-26T13:25:00+00:00,2015-09-08T07:21:00+00:00,REV
LONG,1.531430,1.533870,0.002440,2015-09-08T07:21:00+00:00,2015-09-15T20:58:00+00:00,REV
SHORT,1.533870,1.547170,-0.013300,2015-09-15T20:58:00+00:00,2015-09-16T16:32:00+00:00,REV
LONG,1.547170,1.548060,0.000890,2015-09-16T16:32:00+00:00,2015-09-22T10:02:00+00:00,REV
SHORT,1.548060,1.521450,0.026610,2015-09-22T10:02:00+00:00,2015-10-02T15:30:00+00:00,REV
LONG,1.521450,1.526150,0.004700,2015-10-02T15:30:00+00:00,2015-10-13T11:31:00+00:00,REV
SHORT,1.526150,1.539980,-0.013830,2015-10-13T11:31:00+00:00,2015-10-14T15:30:00+00:00,REV
LONG,1.539980,1.542720,0.002740,2015-10-14T15:30:00+00:00,2015-10-21T09:00:00+00:00,REV
SHORT,1.542720,1.550650,-0.007930,2015-10-21T09:00:00+00:00,2015-10-22T11:30:00+00:00,REV
LONG,1.550650,1.541240,-0.009410,2015-10-22T11:30:00+00:00,2015-10-22T15:54:00+00:00,REV
SHORT,1.541240,1.535930,0.005310,2015-10-22T15:54:00+00:00,2015-10-30T09:46:00+00:00,REV
LONG,1.535930,1.535940,0.000010,2015-10-30T09:46:00+00:00,2015-11-05T14:00:00+00:00,REV
SHORT,1.535940,1.522020,0.013920,2015-11-05T14:00:00+00:00,2015-11-11T18:30:00+00:00,REV
LONG,1.522020,1.517400,-0.004620,2015-11-11T18:30:00+00:00,2015-11-17T07:34:00+00:00,REV
SHORT,1.517400,1.524920,-0.007520,2015-11-17T07:34:00+00:00,2015-11-19T02:14:00+00:00,REV
LONG,1.524920,1.518220,-0.006700,2015-11-19T02:14:00+00:00,2015-11-23T00:03:00+00:00,REV
SHORT,1.518220,1.512620,0.005600,2015-11-23T00:03:00+00:00,2015-12-03T20:29:00+00:00,REV
LONG,1.512620,1.510760,-0.001860,2015-12-03T20:29:00+00:00,2015-12-15T17:19:00+00:00,REV
SHORT,1.510760,1.493030,0.017730,2015-12-15T17:19:00+00:00,2015-12-24T14:28:00+00:00,REV
LONG,1.493030,1.481890,-0.011140,2015-12-24T14:28:00+00:00,2015-12-29T14:36:00+00:00,REV
SHORT,1.481890,1.434070,0.047820,2015-12-29T14:36:00+00:00,2016-01-22T16:53:00+00:00,REV
LONG,1.434070,1.417320,-0.016750,2016-01-22T16:53:00+00:00,2016-01-29T18:01:00+00:00,REV
SHORT,1.417320,1.441370,-0.024050,2016-01-29T18:01:00+00:00,2016-02-01T21:11:00+00:00,REV
LONG,1.441370,1.438380,-0.002990,2016-02-01T21:11:00+00:00,2016-02-08T14:59:00+00:00,REV
SHORT,1.438380,1.404330,0.034050,2016-02-08T14:59:00+00:00,2016-03-02T16:10:00+00:00,REV
LONG,1.404330,1.413400,0.009070,2016-03-02T16:10:00+00:00,2016-03-10T15:29:00+00:00,REV
SHORT,1.413400,1.428450,-0.015050,2016-03-10T15:29:00+00:00,2016-03-10T17:09:00+00:00,REV
LONG,1.428450,1.413870,-0.014580,2016-03-10T17:09:00+00:00,2016-03-16T04:17:00+00:00,REV
SHORT,1.413870,1.438950,-0.025080,2016-03-16T04:17:00+00:00,2016-03-17T15:02:00+00:00,REV
LONG,1.438950,1.422120,-0.016830,2016-03-17T15:02:00+00:00,2016-03-22T16:15:00+00:00,REV
SHORT,1.422120,1.422800,-0.000680,2016-03-22T16:15:00+00:00,2016-03-28T15:59:00+00:00,REV
LONG,1.422800,1.419450,-0.003350,2016-03-28T15:59:00+00:00,2016-04-01T16:52:00+00:00,REV
SHORT,1.419450,1.417170,0.002280,2016-04-01T16:52:00+00:00,2016-04-11T11:01:00+00:00,REV
LONG,1.417170,1.410500,-0.006670,2016-04-11T11:01:00+00:00,2016-04-14T10:05:00+00:00,REV
SHORT,1.410500,1.427950,-0.017450,2016-04-14T10:05:00+00:00,2016-04-18T17:57:00+00:00,REV
LONG,1.427950,1.452900,0.024950,2016-04-18T17:57:00+00:00,2016-05-04T04:37:00+00:00,REV
SHORT,1.452900,1.448870,0.004030,2016-05-04T04:37:00+00:00,2016-05-12T14:00:00+00:00,REV
LONG,1.448870,1.438870,-0.010000,2016-05-12T14:00:00+00:00,2016-05-13T10:33:00+00:00,REV
SHORT,1.438870,1.452510,-0.013640,2016-05-13T10:33:00+00:00,2016-05-18T14:08:00+00:00,REV
LONG,1.452510,1.460130,0.007620,2016-05-18T14:08:00+00:00,2016-05-30T04:29:00+00:00,REV
SHORT,1.460130,1.458220,0.001910,2016-05-30T04:29:00+00:00,2016-06-07T07:10:00+00:00,REV
LONG,1.458220,1.443500,-0.014720,2016-06-07T07:10:00+00:00,2016-06-10T10:00:00+00:00,REV
SHORT,1.443500,1.426740,0.016760,2016-06-10T10:00:00+00:00,2016-06-17T02:56:00+00:00,REV
LONG,1.426740,1.461590,0.034850,2016-06-17T02:56:00+00:00,2016-06-24T02:17:00+00:00,REV
SHORT,1.461590,1.304770,0.156820,2016-06-24T02:17:00+00:00,2016-07-12T04:54:00+00:00,REV
LONG,1.304770,1.310460,0.005690,2016-07-12T04:54:00+00:00,2016-07-19T19:08:00+00:00,REV
SHORT,1.310460,1.327540,-0.017080,2016-07-19T19:08:00+00:00,2016-07-22T11:03:00+00:00,REV
LONG,1.327540,1.307870,-0.019670,2016-07-22T11:03:00+00:00,2016-07-26T09:52:00+00:00,REV
SHORT,1.307870,1.323540,-0.015670,2016-07-26T09:52:00+00:00,2016-07-28T02:45:00+00:00,REV
LONG,1.323540,1.316300,-0.007240,2016-07-28T02:45:00+00:00,2016-08-04T14:05:00+00:00,REV
SHORT,1.316300,1.303520,0.012780,2016-08-04T14:05:00+00:00,2016-08-16T19:38:00+00:00,REV
LONG,1.303520,1.312820,0.009300,2016-08-16T19:38:00+00:00,2016-08-26T21:50:00+00:00,REV
SHORT,1.312820,1.315860,-0.003040,2016-08-26T21:50:00+00:00,2016-09-01T11:30:00+00:00,REV
LONG,1.315860,1.328790,0.012930,2016-09-01T11:30:00+00:00,2016-09-08T17:09:00+00:00,REV
SHORT,1.328790,1.309170,0.019620,2016-09-08T17:09:00+00:00,2016-09-22T16:28:00+00:00,REV
LONG,1.309170,1.294500,-0.014670,2016-09-22T16:28:00+00:00,2016-09-23T16:01:00+00:00,REV
SHORT,1.294500,1.303240,-0.008740,2016-09-23T16:01:00+00:00,2016-09-29T02:08:00+00:00,REV
LONG,1.303240,1.291650,-0.011590,2016-09-29T02:08:00+00:00,2016-10-03T00:00:00+00:00,REV
SHORT,1.291650,1.227260,0.064390,2016-10-03T00:00:00+00:00,2016-10-18T04:04:00+00:00,REV
LONG,1.227260,1.217430,-0.009830,2016-10-18T04:04:00+00:00,2016-10-21T15:21:00+00:00,REV
SHORT,1.217430,1.224980,-0.007550,2016-10-21T15:21:00+00:00,2016-10-27T02:34:00+00:00,REV
LONG,1.224980,1.236100,0.011120,2016-10-27T02:34:00+00:00,2016-11-09T01:12:00+00:00,REV
SHORT,1.236100,1.254680,-0.018580,2016-11-09T01:12:00+00:00,2016-11-10T19:36:00+00:00,REV
LONG,1.254680,1.238010,-0.016670,2016-11-10T19:36:00+00:00,2016-11-18T14:26:00+00:00,REV
SHORT,1.238010,1.250570,-0.012560,2016-11-18T14:26:00+00:00,2016-11-21T17:06:00+00:00,REV
LONG,1.250570,1.256980,0.006410,2016-11-21T17:06:00+00:00,2016-12-08T17:53:00+00:00,REV
SHORT,1.256980,1.270530,-0.013550,2016-12-08T17:53:00+00:00,2016-12-13T11:28:00+00:00,REV
LONG,1.270530,1.255210,-0.015320,2016-12-13T11:28:00+00:00,2016-12-14T22:38:00+00:00,REV
SHORT,1.255210,1.229710,0.025500,2016-12-14T22:38:00+00:00,2016-12-30T01:47:00+00:00,REV
LONG,1.229710,1.220850,-0.008860,2016-12-30T01:47:00+00:00,2017-01-03T17:13:00+00:00,REV
SHORT,1.220850,1.235380,-0.014530,2017-01-03T17:13:00+00:00,2017-01-05T08:18:00+00:00,REV
LONG,1.235380,1.222080,-0.013300,2017-01-05T08:18:00+00:00,2017-01-09T07:20:00+00:00,REV
SHORT,1.222080,1.227230,-0.005150,2017-01-09T07:20:00+00:00,2017-01-12T10:10:00+00:00,REV
LONG,1.227230,1.199460,-0.027770,2017-01-12T10:10:00+00:00,2017-01-16T00:00:00+00:00,REV
SHORT,1.199460,1.231680,-0.032220,2017-01-16T00:00:00+00:00,2017-01-17T14:45:00+00:00,REV
LONG,1.231680,1.249090,0.017410,2017-01-17T14:45:00+00:00,2017-01-30T14:13:00+00:00,REV
SHORT,1.249090,1.260610,-0.011520,2017-01-30T14:13:00+00:00,2017-02-01T11:39:00+00:00,REV
LONG,1.260610,1.245700,-0.014910,2017-02-01T11:39:00+00:00,2017-02-06T10:23:00+00:00,REV
SHORT,1.245700,1.254710,-0.009010,2017-02-06T10:23:00+00:00,2017-02-08T17:55:00+00:00,REV
LONG,1.254710,1.243960,-0.010750,2017-02-08T17:55:00+00:00,2017-02-15T11:30:00+00:00,REV
SHORT,1.243960,1.250840,-0.006880,2017-02-15T11:30:00+00:00,2017-02-23T16:02:00+00:00,REV
LONG,1.250840,1.241990,-0.008850,2017-02-23T16:02:00+00:00,2017-02-27T01:24:00+00:00,REV
SHORT,1.241990,1.221440,0.020550,2017-02-27T01:24:00+00:00,2017-03-13T09:44:00+00:00,REV
LONG,1.221440,1.213440,-0.008000,2017-03-13T09:44:00+00:00,2017-03-14T10:03:00+00:00,REV
SHORT,1.213440,1.225140,-0.011700,2017-03-14T10:03:00+00:00,2017-03-15T09:13:00+00:00,REV
LONG,1.225140,1.246300,0.021160,2017-03-15T09:13:00+00:00,2017-03-28T21:00:00+00:00,REV
SHORT,1.246300,1.249600,-0.003300,2017-03-28T21:00:00+00:00,2017-04-12T10:24:00+00:00,REV
LONG,1.249600,1.286410,0.036810,2017-04-12T10:24:00+00:00,2017-05-04T00:00:00+00:00,REV
SHORT,1.286410,1.294810,-0.008400,2017-05-04T00:00:00+00:00,2017-05-05T15:32:00+00:00,REV
LONG,1.294810,1.290270,-0.004540,2017-05-05T15:32:00+00:00,2017-05-11T14:00:00+00:00,REV
SHORT,1.290270,1.294900,-0.004630,2017-05-11T14:00:00+00:00,2017-05-16T11:30:00+00:00,REV
LONG,1.294900,1.292670,-0.002230,2017-05-16T11:30:00+00:00,2017-05-26T03:11:00+00:00,REV
SHORT,1.292670,1.292160,0.000510,2017-05-26T03:11:00+00:00,2017-06-05T16:20:00+00:00,REV
LONG,1.292160,1.287190,-0.004970,2017-06-05T16:20:00+00:00,2017-06-09T00:00:00+00:00,REV
SHORT,1.287190,1.274450,0.012740,2017-06-09T00:00:00+00:00,2017-06-26T02:41:00+00:00,REV
LONG,1.274450,1.292080,0.017630,2017-06-26T02:41:00+00:00,2017-07-04T11:34:00+00:00,REV
SHORT,1.292080,1.292760,-0.000680,2017-07-04T11:34:00+00:00,2017-07-13T09:58:00+00:00,REV
LONG,1.292760,1.300480,0.007720,2017-07-13T09:58:00+00:00,2017-07-20T10:26:00+00:00,REV
SHORT,1.300480,1.305340,-0.004860,2017-07-20T10:26:00+00:00,2017-07-24T17:57:00+00:00,REV
LONG,1.305340,1.311210,0.005870,2017-07-24T17:57:00+00:00,2017-08-04T15:31:00+00:00,REV
SHORT,1.311210,1.291700,0.019510,2017-08-04T15:31:00+00:00,2017-08-21T17:50:00+00:00,REV
LONG,1.291700,1.283140,-0.008560,2017-08-21T17:50:00+00:00,2017-08-22T12:42:00+00:00,REV
SHORT,1.283140,1.292200,-0.009060,2017-08-22T12:42:00+00:00,2017-08-28T00:00:00+00:00,REV
LONG,1.292200,1.287340,-0.004860,2017-08-28T00:00:00+00:00,2017-08-31T12:40:00+00:00,REV
SHORT,1.287340,1.297880,-0.010540,2017-08-31T12:40:00+00:00,2017-09-01T15:30:00+00:00,REV
LONG,1.297880,1.315930,0.018050,2017-09-01T15:30:00+00:00,2017-09-14T14:00:00+00:00,REV
SHORT,1.315930,1.332940,-0.017010,2017-09-14T14:00:00+00:00,2017-09-14T14:28:00+00:00,REV
LONG,1.332940,1.345170,0.012230,2017-09-14T14:28:00+00:00,2017-09-22T23:45:00+00:00,REV
SHORT,1.345170,1.322610,0.022560,2017-09-22T23:45:00+00:00,2017-10-11T21:00:00+00:00,REV
LONG,1.322610,1.315440,-0.007170,2017-10-11T21:00:00+00:00,2017-10-18T12:05:00+00:00,REV
SHORT,1.315440,1.322790,-0.007350,2017-10-18T12:05:00+00:00,2017-10-25T13:31:00+00:00,REV
LONG,1.322790,1.310990,-0.011800,2017-10-25T13:31:00+00:00,2017-10-27T09:39:00+00:00,REV
SHORT,1.310990,1.327950,-0.016960,2017-10-27T09:39:00+00:00,2017-10-31T18:58:00+00:00,REV
LONG,1.327950,1.312070,-0.015880,2017-10-31T18:58:00+00:00,2017-11-02T15:00:00+00:00,REV
SHORT,1.312070,1.317800,-0.005730,2017-11-02T15:00:00+00:00,2017-11-10T14:10:00+00:00,REV
LONG,1.317800,1.308490,-0.009310,2017-11-10T14:10:00+00:00,2017-11-13T10:24:00+00:00,REV
SHORT,1.308490,1.321380,-0.012890,2017-11-13T10:24:00+00:00,2017-11-17T03:24:00+00:00,REV
LONG,1.321380,1.327840,0.006460,2017-11-17T03:24:00+00:00,2017-11-28T14:50:00+00:00,REV
SHORT,1.327840,1.338370,-0.010530,2017-11-28T14:50:00+00:00,2017-11-28T21:35:00+00:00,REV
LONG,1.338370,1.340420,0.002050,2017-11-28T21:35:00+00:00,2017-12-05T10:25:00+00:00,REV
SHORT,1.340420,1.348520,-0.008100,2017-12-05T10:25:00+00:00,2017-12-08T01:46:00+00:00,REV
LONG,1.348520,1.331960,-0.016560,2017-12-08T01:46:00+00:00,2017-12-12T12:27:00+00:00,REV
SHORT,1.331960,1.343220,-0.011260,2017-12-12T12:27:00+00:00,2017-12-14T04:58:00+00:00,REV
LONG,1.343220,1.330330,-0.012890,2017-12-14T04:58:00+00:00,2017-12-15T20:45:00+00:00,REV
SHORT,1.330330,1.339780,-0.009450,2017-12-15T20:45:00+00:00,2017-12-27T11:18:00+00:00,REV
LONG,1.339780,1.350670,0.010890,2017-12-27T11:18:00+00:00,2018-01-10T11:47:00+00:00,REV
SHORT,1.350670,1.358280,-0.007610,2018-01-10T11:47:00+00:00,2018-01-12T10:56:00+00:00,REV
LONG,1.358280,1.402500,0.044220,2018-01-12T10:56:00+00:00,2018-01-30T08:43:00+00:00,REV
SHORT,1.402500,1.423320,-0.020820,2018-01-30T08:43:00+00:00,2018-02-01T10:13:00+00:00,REV
LONG,1.423320,1.409940,-0.013380,2018-02-01T10:13:00+00:00,2018-02-05T00:00:00+00:00,REV
SHORT,1.409940,1.398750,0.011190,2018-02-05T00:00:00+00:00,2018-02-14T20:03:00+00:00,REV
LONG,1.398750,1.395860,-0.002890,2018-02-14T20:03:00+00:00,2018-02-20T09:32:00+00:00,REV
SHORT,1.395860,1.400950,-0.005090,2018-02-20T09:32:00+00:00,2018-02-26T07:11:00+00:00,REV
LONG,1.400950,1.385750,-0.015200,2018-02-26T07:11:00+00:00,2018-02-28T13:41:00+00:00,REV
SHORT,1.385750,1.387790,-0.002040,2018-02-28T13:41:00+00:00,2018-03-06T13:24:00+00:00,REV
LONG,1.387790,1.407590,0.019800,2018-03-06T13:24:00+00:00,2018-03-27T15:10:00+00:00,REV
SHORT,1.407590,1.408930,-0.001340,2018-03-27T15:10:00+00:00,2018-04-04T05:03:00+00:00,REV
LONG,1.408930,1.401340,-0.007590,2018-04-04T05:03:00+00:00,2018-04-05T15:23:00+00:00,REV
SHORT,1.401340,1.409740,-0.008400,2018-04-05T15:23:00+00:00,2018-04-06T17:18:00+00:00,REV
LONG,1.409740,1.422020,0.012280,2018-04-06T17:18:00+00:00,2018-04-18T11:32:00+00:00,REV
SHORT,1.422020,1.359350,0.062670,2018-04-18T11:32:00+00:00,2018-05-09T14:29:00+00:00,REV
LONG,1.359350,1.348500,-0.010850,2018-05-09T14:29:00+00:00,2018-05-10T17:03:00+00:00,REV
SHORT,1.348500,1.334140,0.014360,2018-05-10T17:03:00+00:00,2018-05-31T11:11:00+00:00,REV
LONG,1.334140,1.335410,0.001270,2018-05-31T11:11:00+00:00,2018-06-11T13:25:00+00:00,REV
SHORT,1.335410,1.344170,-0.008760,2018-06-11T13:25:00+00:00,2018-06-14T11:57:00+00:00,REV
LONG,1.344170,1.330800,-0.013370,2018-06-14T11:57:00+00:00,2018-06-14T17:14:00+00:00,REV
SHORT,1.330800,1.327350,0.003450,2018-06-14T17:14:00+00:00,2018-06-22T08:09:00+00:00,REV
LONG,1.327350,1.319300,-0.008050,2018-06-22T08:09:00+00:00,2018-06-27T11:33:00+00:00,REV
SHORT,1.319300,1.321430,-0.002130,2018-06-27T11:33:00+00:00,2018-07-04T04:34:00+00:00,REV
LONG,1.321430,1.318910,-0.002520,2018-07-04T04:34:00+00:00,2018-07-12T14:03:00+00:00,REV
SHORT,1.318910,1.328590,-0.009680,2018-07-12T14:03:00+00:00,2018-07-16T14:01:00+00:00,REV
LONG,1.328590,1.310210,-0.018380,2018-07-16T14:01:00+00:00,2018-07-17T20:42:00+00:00,REV
SHORT,1.310210,1.314050,-0.003840,2018-07-17T20:42:00+00:00,2018-07-23T01:54:00+00:00,REV
LONG,1.314050,1.309030,-0.005020,2018-07-23T01:54:00+00:00,2018-08-02T09:47:00+00:00,REV
SHORT,1.309030,1.275460,0.033570,2018-08-02T09:47:00+00:00,2018-08-20T14:01:00+00:00,REV
LONG,1.275460,1.285460,0.010000,2018-08-20T14:01:00+00:00,2018-09-04T04:12:00+00:00,REV
SHORT,1.285460,1.298310,-0.012850,2018-09-04T04:12:00+00:00,2018-09-07T13:45:00+00:00,REV
LONG,1.298310,1.309700,0.011390,2018-09-07T13:45:00+00:00,2018-09-21T16:09:00+00:00,REV
SHORT,1.309700,1.305170,0.004530,2018-09-21T16:09:00+00:00,2018-10-05T09:42:00+00:00,REV
LONG,1.305170,1.308280,0.003110,2018-10-05T09:42:00+00:00,2018-10-15T00:00:00+00:00,REV
SHORT,1.308280,1.285320,0.022960,2018-10-15T00:00:00+00:00,2018-11-01T04:03:00+00:00,REV
LONG,1.285320,1.302070,0.016750,2018-11-01T04:03:00+00:00,2018-11-09T09:08:00+00:00,REV
SHORT,1.302070,1.307070,-0.005000,2018-11-09T09:08:00+00:00,2018-11-14T22:15:00+00:00,REV
LONG,1.307070,1.282680,-0.024390,2018-11-14T22:15:00+00:00,2018-11-15T11:24:00+00:00,REV
SHORT,1.282680,1.288410,-0.005730,2018-11-15T11:24:00+00:00,2018-11-22T12:21:00+00:00,REV
LONG,1.288410,1.276650,-0.011760,2018-11-22T12:21:00+00:00,2018-11-27T09:15:00+00:00,REV
SHORT,1.276650,1.268720,0.007930,2018-11-27T09:15:00+00:00,2018-12-18T13:27:00+00:00,REV
LONG,1.268720,1.263040,-0.005680,2018-12-18T13:27:00+00:00,2018-12-27T00:00:00+00:00,REV
SHORT,1.263040,1.271940,-0.008900,2018-12-27T00:00:00+00:00,2018-12-31T09:52:00+00:00,REV
LONG,1.271940,1.261570,-0.010370,2018-12-31T09:52:00+00:00,2019-01-02T15:41:00+00:00,REV
SHORT,1.261570,1.277370,-0.015800,2019-01-02T15:41:00+00:00,2019-01-07T16:11:00+00:00,REV
LONG,1.277370,1.270960,-0.006410,2019-01-07T16:11:00+00:00,2019-01-15T20:38:00+00:00,REV
SHORT,1.270960,1.293120,-0.022160,2019-01-15T20:38:00+00:00,2019-01-17T18:05:00+00:00,REV
LONG,1.293120,1.305590,0.012470,2019-01-17T18:05:00+00:00,2019-01-30T17:30:00+00:00,REV
SHORT,1.305590,1.293930,0.011660,2019-01-30T17:30:00+00:00,2019-02-19T14:57:00+00:00,REV
LONG,1.293930,1.317160,0.023230,2019-02-19T14:57:00+00:00,2019-03-04T17:57:00+00:00,REV
SHORT,1.317160,1.318550,-0.001390,2019-03-04T17:57:00+00:00,2019-03-11T23:53:00+00:00,REV
LONG,1.318550,1.320230,0.001680,2019-03-11T23:53:00+00:00,2019-03-18T17:36:00+00:00,REV
SHORT,1.320230,1.330080,-0.009850,2019-03-18T17:36:00+00:00,2019-03-19T13:03:00+00:00,REV
LONG,1.330080,1.318410,-0.011670,2019-03-19T13:03:00+00:00,2019-03-20T14:46:00+00:00,REV
SHORT,1.318410,1.322770,-0.004360,2019-03-20T14:46:00+00:00,2019-03-25T14:28:00+00:00,REV
LONG,1.322770,1.315700,-0.007070,2019-03-25T14:28:00+00:00,2019-03-27T23:59:00+00:00,REV
SHORT,1.315700,1.315040,0.000660,2019-03-27T23:59:00+00:00,2019-04-03T09:04:00+00:00,REV
LONG,1.315040,1.301310,-0.013730,2019-04-03T09:04:00+00:00,2019-04-05T17:57:00+00:00,REV
SHORT,1.301310,1.312180,-0.010870,2019-04-05T17:57:00+00:00,2019-04-12T15:56:00+00:00,REV
LONG,1.312180,1.305010,-0.007170,2019-04-12T15:56:00+00:00,2019-04-16T15:58:00+00:00,REV
SHORT,1.305010,1.294750,0.010260,2019-04-16T15:58:00+00:00,2019-04-30T10:01:00+00:00,REV
LONG,1.294750,1.298800,0.004050,2019-04-30T10:01:00+00:00,2019-05-08T17:15:00+00:00,REV
SHORT,1.298800,1.273470,0.025330,2019-05-08T17:15:00+00:00,2019-05-27T07:00:00+00:00,REV
LONG,1.273470,1.264710,-0.008760,2019-05-27T07:00:00+00:00,2019-05-29T10:00:00+00:00,REV
SHORT,1.264710,1.267180,-0.002470,2019-05-29T10:00:00+00:00,2019-06-03T22:08:00+00:00,REV
LONG,1.267180,1.266850,-0.000330,2019-06-03T22:08:00+00:00,2019-06-10T14:04:00+00:00,REV
SHORT,1.266850,1.267410,-0.000560,2019-06-10T14:04:00+00:00,2019-06-20T03:34:00+00:00,REV
LONG,1.267410,1.266220,-0.001190,2019-06-20T03:34:00+00:00,2019-06-27T21:59:00+00:00,REV
SHORT,1.266220,1.254040,0.012180,2019-06-27T21:59:00+00:00,2019-07-11T10:43:00+00:00,REV
LONG,1.254040,1.249280,-0.004760,2019-07-11T10:43:00+00:00,2019-07-16T09:52:00+00:00,REV
SHORT,1.249280,1.218900,0.030380,2019-07-16T09:52:00+00:00,2019-08-06T11:14:00+00:00,REV
LONG,1.218900,1.210130,-0.008770,2019-08-06T11:14:00+00:00,2019-08-08T15:53:00+00:00,REV
SHORT,1.210130,1.210710,-0.000580,2019-08-08T15:53:00+00:00,2019-08-15T13:16:00+00:00,REV
LONG,1.210710,1.219410,0.008700,2019-08-15T13:16:00+00:00,2019-08-28T11:34:00+00:00,REV
SHORT,1.219410,1.222630,-0.003220,2019-08-28T11:34:00+00:00,2019-09-04T21:52:00+00:00,REV
LONG,1.222630,1.243790,0.021160,2019-09-04T21:52:00+00:00,2019-09-23T10:36:00+00:00,REV
SHORT,1.243790,1.234660,0.009130,2019-09-23T10:36:00+00:00,2019-10-03T15:21:00+00:00,REV
LONG,1.234660,1.226530,-0.008130,2019-10-03T15:21:00+00:00,2019-10-08T10:06:00+00:00,REV
SHORT,1.226530,1.233720,-0.007190,2019-10-08T10:06:00+00:00,2019-10-10T18:30:00+00:00,REV
LONG,1.233720,1.284070,0.050350,2019-10-10T18:30:00+00:00,2019-10-24T18:01:00+00:00,REV
SHORT,1.284070,1.287690,-0.003620,2019-10-24T18:01:00+00:00,2019-10-29T15:50:00+00:00,REV
LONG,1.287690,1.287580,-0.000110,2019-10-29T15:50:00+00:00,2019-11-05T11:03:00+00:00,REV
SHORT,1.287580,1.289780,-0.002200,2019-11-05T11:03:00+00:00,2019-11-11T14:15:00+00:00,REV
LONG,1.289780,1.288720,-0.001060,2019-11-11T14:15:00+00:00,2019-11-22T11:30:00+00:00,REV
SHORT,1.288720,1.292150,-0.003430,2019-11-22T11:30:00+00:00,2019-11-28T00:00:00+00:00,REV
LONG,1.292150,1.310670,0.018520,2019-11-28T00:00:00+00:00,2019-12-12T19:58:00+00:00,REV
SHORT,1.310670,1.322980,-0.012310,2019-12-12T19:58:00+00:00,2019-12-13T00:00:00+00:00,REV
LONG,1.322980,1.309900,-0.013080,2019-12-13T00:00:00+00:00,2019-12-18T03:43:00+00:00,REV
SHORT,1.309900,1.301640,0.008260,2019-12-18T03:43:00+00:00,2019-12-27T09:34:00+00:00,REV
LONG,1.301640,1.305760,0.004120,2019-12-27T09:34:00+00:00,2020-01-03T13:39:00+00:00,REV
SHORT,1.305760,1.304580,0.001180,2020-01-03T13:39:00+00:00,2020-01-16T00:14:00+00:00,REV
LONG,1.304580,1.298500,-0.006080,2020-01-16T00:14:00+00:00,2020-01-20T09:20:00+00:00,REV
SHORT,1.298500,1.311920,-0.013420,2020-01-20T09:20:00+00:00,2020-01-22T14:12:00+00:00,REV
LONG,1.311920,1.303950,-0.007970,2020-01-22T14:12:00+00:00,2020-01-28T08:39:00+00:00,REV
SHORT,1.303950,1.310580,-0.006630,2020-01-28T08:39:00+00:00,2020-01-30T15:15:00+00:00,REV
LONG,1.310580,1.297730,-0.012850,2020-01-30T15:15:00+00:00,2020-02-04T09:26:00+00:00,REV
SHORT,1.297730,1.296870,0.000860,2020-02-04T09:26:00+00:00,2020-02-12T05:02:00+00:00,REV
LONG,1.296870,1.297050,0.000180,2020-02-12T05:02:00+00:00,2020-02-19T16:04:00+00:00,REV
SHORT,1.297050,1.298140,-0.001090,2020-02-19T16:04:00+00:00,2020-02-25T11:03:00+00:00,REV
LONG,1.298140,1.288640,-0.009500,2020-02-25T11:03:00+00:00,2020-02-27T12:04:00+00:00,REV
SHORT,1.288640,1.287290,0.001350,2020-02-27T12:04:00+00:00,2020-03-05T01:21:00+00:00,REV
LONG,1.287290,1.294530,0.007240,2020-03-05T01:21:00+00:00,2020-03-10T17:57:00+00:00,REV
SHORT,1.294530,1.179970,0.114560,2020-03-10T17:57:00+00:00,2020-03-25T04:58:00+00:00,REV
LONG,1.179970,1.224190,0.044220,2020-03-25T04:58:00+00:00,2020-04-03T17:36:00+00:00,REV
SHORT,1.224190,1.240680,-0.016490,2020-04-03T17:36:00+00:00,2020-04-08T18:25:00+00:00,REV
LONG,1.240680,1.244050,0.003370,2020-04-08T18:25:00+00:00,2020-04-15T15:31:00+00:00,REV
SHORT,1.244050,1.241540,0.002510,2020-04-15T15:31:00+00:00,2020-04-27T07:34:00+00:00,REV
LONG,1.241540,1.240500,-0.001040,2020-04-27T07:34:00+00:00,2020-05-06T11:21:00+00:00,REV
SHORT,1.240500,1.224230,0.016270,2020-05-06T11:21:00+00:00,2020-05-19T09:18:00+00:00,REV
LONG,1.224230,1.218340,-0.005890,2020-05-19T09:18:00+00:00,2020-05-22T10:14:00+00:00,REV
SHORT,1.218340,1.225020,-0.006680,2020-05-22T10:14:00+00:00,2020-05-26T09:56:00+00:00,REV
LONG,1.225020,1.261800,0.036780,2020-05-26T09:56:00+00:00,2020-06-11T19:27:00+00:00,REV
SHORT,1.261800,1.253250,0.008550,2020-06-11T19:27:00+00:00,2020-06-24T03:04:00+00:00,REV
LONG,1.253250,1.238860,-0.014390,2020-06-24T03:04:00+00:00,2020-06-26T12:51:00+00:00,REV
SHORT,1.238860,1.243730,-0.004870,2020-06-26T12:51:00+00:00,2020-07-01T17:01:00+00:00,REV
LONG,1.243730,1.255000,0.011270,2020-07-01T17:01:00+00:00,2020-07-14T03:00:00+00:00,REV
SHORT,1.255000,1.265010,-0.010010,2020-07-14T03:00:00+00:00,2020-07-20T17:55:00+00:00,REV
LONG,1.265010,1.300920,0.035910,2020-07-20T17:55:00+00:00,2020-08-12T14:45:00+00:00,REV
SHORT,1.300920,1.313240,-0.012320,2020-08-12T14:45:00+00:00,2020-08-14T15:48:00+00:00,REV
LONG,1.313240,1.307380,-0.005860,2020-08-14T15:48:00+00:00,2020-08-20T08:43:00+00:00,REV
SHORT,1.307380,1.321940,-0.014560,2020-08-20T08:43:00+00:00,2020-08-27T01:54:00+00:00,REV
LONG,1.321940,1.328290,0.006350,2020-08-27T01:54:00+00:00,2020-09-03T09:47:00+00:00,REV
SHORT,1.328290,1.292680,0.035610,2020-09-03T09:47:00+00:00,2020-09-16T12:38:00+00:00,REV
LONG,1.292680,1.286450,-0.006230,2020-09-16T12:38:00+00:00,2020-09-21T11:17:00+00:00,REV
SHORT,1.286450,1.280620,0.005830,2020-09-21T11:17:00+00:00,2020-09-28T11:27:00+00:00,REV
LONG,1.280620,1.291760,0.011140,2020-09-28T11:27:00+00:00,2020-10-14T07:50:00+00:00,REV
SHORT,1.291760,1.302480,-0.010720,2020-10-14T07:50:00+00:00,2020-10-21T10:42:00+00:00,REV
LONG,1.302480,1.301870,-0.000610,2020-10-21T10:42:00+00:00,2020-10-26T09:00:00+00:00,REV
SHORT,1.301870,1.302620,-0.000750,2020-10-26T09:00:00+00:00,2020-11-03T17:00:00+00:00,REV
LONG,1.302620,1.311790,0.009170,2020-11-03T17:00:00+00:00,2020-11-12T19:51:00+00:00,REV
SHORT,1.311790,1.324280,-0.012490,2020-11-12T19:51:00+00:00,2020-11-17T12:24:00+00:00,REV
LONG,1.324280,1.329270,0.004990,2020-11-17T12:24:00+00:00,2020-11-27T18:52:00+00:00,REV
SHORT,1.329270,1.339830,-0.010560,2020-11-27T18:52:00+00:00,2020-12-01T10:06:00+00:00,REV
LONG,1.339830,1.328750,-0.011080,2020-12-01T10:06:00+00:00,2020-12-02T16:35:00+00:00,REV
SHORT,1.328750,1.344280,-0.015530,2020-12-02T16:35:00+00:00,2020-12-03T13:46:00+00:00,REV
LONG,1.344280,1.328720,-0.015560,2020-12-03T13:46:00+00:00,2020-12-07T10:16:00+00:00,REV
SHORT,1.328720,1.344590,-0.015870,2020-12-07T10:16:00+00:00,2020-12-15T18:08:00+00:00,REV
LONG,1.344590,1.340040,-0.004550,2020-12-15T18:08:00+00:00,2020-12-21T00:00:00+00:00,REV
SHORT,1.340040,1.357120,-0.017080,2020-12-21T00:00:00+00:00,2020-12-24T09:28:00+00:00,REV
LONG,1.357120,1.354120,-0.003000,2020-12-24T09:28:00+00:00,2021-01-06T16:07:00+00:00,REV
SHORT,1.354120,1.363640,-0.009520,2021-01-06T16:07:00+00:00,2021-01-12T18:59:00+00:00,REV
LONG,1.363640,1.357210,-0.006430,2021-01-12T18:59:00+00:00,2021-01-18T01:57:00+00:00,REV
SHORT,1.357210,1.369850,-0.012640,2021-01-18T01:57:00+00:00,2021-01-20T11:09:00+00:00,REV
LONG,1.369850,1.363550,-0.006300,2021-01-20T11:09:00+00:00,2021-01-26T08:37:00+00:00,REV
SHORT,1.363550,1.374500,-0.010950,2021-01-26T08:37:00+00:00,2021-01-27T02:14:00+00:00,REV
LONG,1.374500,1.362980,-0.011520,2021-01-27T02:14:00+00:00,2021-02-02T16:39:00+00:00,REV
SHORT,1.362980,1.371090,-0.008110,2021-02-02T16:39:00+00:00,2021-02-05T11:02:00+00:00,REV
LONG,1.371090,1.400000,0.028910,2021-02-05T11:02:00+00:00,2021-02-26T02:06:00+00:00,REV
SHORT,1.400000,1.400690,-0.000690,2021-02-26T02:06:00+00:00,2021-03-04T18:41:00+00:00,REV
LONG,1.400690,1.385870,-0.014820,2021-03-04T18:41:00+00:00,2021-03-05T10:07:00+00:00,REV
SHORT,1.385870,1.392610,-0.006740,2021-03-05T10:07:00+00:00,2021-03-10T16:10:00+00:00,REV
LONG,1.392610,1.386320,-0.006290,2021-03-10T16:10:00+00:00,2021-03-15T17:34:00+00:00,REV
SHORT,1.386320,1.395030,-0.008710,2021-03-15T17:34:00+00:00,2021-03-17T21:00:00+00:00,REV
LONG,1.395030,1.383010,-0.012020,2021-03-17T21:00:00+00:00,2021-03-22T01:55:00+00:00,REV
SHORT,1.383010,1.381310,0.001700,2021-03-22T01:55:00+00:00,2021-03-29T11:27:00+00:00,REV
LONG,1.381310,1.380170,-0.001140,2021-03-29T11:27:00+00:00,2021-04-07T09:09:00+00:00,REV
SHORT,1.380170,1.377740,0.002430,2021-04-07T09:09:00+00:00,2021-04-14T07:52:00+00:00,REV
LONG,1.377740,1.385820,0.008080,2021-04-14T07:52:00+00:00,2021-04-30T17:05:00+00:00,REV
SHORT,1.385820,1.393230,-0.007410,2021-04-30T17:05:00+00:00,2021-05-06T14:09:00+00:00,REV
LONG,1.393230,1.411100,0.017870,2021-05-06T14:09:00+00:00,2021-05-27T03:01:00+00:00,REV
SHORT,1.411100,1.421150,-0.010050,2021-05-27T03:01:00+00:00,2021-05-27T21:25:00+00:00,REV
LONG,1.421150,1.413600,-0.007550,2021-05-27T21:25:00+00:00,2021-06-02T10:26:00+00:00,REV
SHORT,1.413600,1.396410,0.017190,2021-06-02T10:26:00+00:00,2021-06-23T10:00:00+00:00,REV
LONG,1.396410,1.387110,-0.009300,2021-06-23T10:00:00+00:00,2021-06-28T23:02:00+00:00,REV
SHORT,1.387110,1.386250,0.000860,2021-06-28T23:02:00+00:00,2021-07-06T04:37:00+00:00,REV
LONG,1.386250,1.375370,-0.010880,2021-07-06T04:37:00+00:00,2021-07-08T13:30:00+00:00,REV
SHORT,1.375370,1.389890,-0.014520,2021-07-08T13:30:00+00:00,2021-07-09T23:07:00+00:00,REV
LONG,1.389890,1.379980,-0.009910,2021-07-09T23:07:00+00:00,2021-07-16T10:31:00+00:00,REV
SHORT,1.379980,1.377140,0.002840,2021-07-16T10:31:00+00:00,2021-07-22T14:48:00+00:00,REV
LONG,1.377140,1.387530,0.010390,2021-07-22T14:48:00+00:00,2021-08-05T09:38:00+00:00,REV
SHORT,1.387530,1.374820,0.012710,2021-08-05T09:38:00+00:00,2021-08-25T20:44:00+00:00,REV
LONG,1.374820,1.368910,-0.005910,2021-08-25T20:44:00+00:00,2021-08-27T03:25:00+00:00,REV
SHORT,1.368910,1.376830,-0.007920,2021-08-27T03:25:00+00:00,2021-08-27T17:01:00+00:00,REV
LONG,1.376830,1.376740,-0.000090,2021-08-27T17:01:00+00:00,2021-09-08T09:00:00+00:00,REV
SHORT,1.376740,1.386330,-0.009590,2021-09-08T09:00:00+00:00,2021-09-10T10:00:00+00:00,REV
LONG,1.386330,1.379680,-0.006650,2021-09-10T10:00:00+00:00,2021-09-15T05:02:00+00:00,REV
SHORT,1.379680,1.374950,0.004730,2021-09-15T05:02:00+00:00,2021-09-23T17:29:00+00:00,REV
LONG,1.374950,1.361190,-0.013760,2021-09-23T17:29:00+00:00,2021-09-28T13:46:00+00:00,REV
SHORT,1.361190,1.357610,0.003580,2021-09-28T13:46:00+00:00,2021-10-04T02:39:00+00:00,REV
LONG,1.357610,1.357020,-0.000590,2021-10-04T02:39:00+00:00,2021-10-12T11:15:00+00:00,REV
SHORT,1.357020,1.367430,-0.010410,2021-10-12T11:15:00+00:00,2021-10-14T09:14:00+00:00,REV
LONG,1.367430,1.373540,0.006110,2021-10-14T09:14:00+00:00,2021-10-27T11:31:00+00:00,REV
SHORT,1.373540,1.369380,0.004160,2021-10-27T11:31:00+00:00,2021-11-04T00:19:00+00:00,REV
LONG,1.369380,1.360530,-0.008850,2021-11-04T00:19:00+00:00,2021-11-04T14:00:00+00:00,REV
SHORT,1.360530,1.345010,0.015520,2021-11-04T14:00:00+00:00,2021-11-16T09:10:00+00:00,REV
LONG,1.345010,1.339600,-0.005410,2021-11-16T09:10:00+00:00,2021-11-22T16:33:00+00:00,REV
SHORT,1.339600,1.336580,0.003020,2021-11-22T16:33:00+00:00,2021-11-30T11:28:00+00:00,REV
LONG,1.336580,1.327800,-0.008780,2021-11-30T11:28:00+00:00,2021-11-30T17:53:00+00:00,REV
SHORT,1.327800,1.327590,0.000210,2021-11-30T17:53:00+00:00,2021-12-15T10:47:00+00:00,REV
LONG,1.327590,1.318720,-0.008870,2021-12-15T10:47:00+00:00,2021-12-15T21:00:00+00:00,REV
SHORT,1.318720,1.328320,-0.009600,2021-12-15T21:00:00+00:00,2021-12-16T10:15:00+00:00,REV
LONG,1.328320,1.363710,0.035390,2021-12-16T10:15:00+00:00,2022-01-18T05:39:00+00:00,REV
SHORT,1.363710,1.346850,0.016860,2022-01-18T05:39:00+00:00,2022-02-01T09:28:00+00:00,REV
LONG,1.346850,1.350460,0.003610,2022-02-01T09:28:00+00:00,2022-02-07T12:34:00+00:00,REV
SHORT,1.350460,1.358990,-0.008530,2022-02-07T12:34:00+00:00,2022-02-10T17:09:00+00:00,REV
LONG,1.358990,1.351360,-0.007630,2022-02-10T17:09:00+00:00,2022-02-14T10:28:00+00:00,REV
SHORT,1.351360,1.360170,-0.008810,2022-02-14T10:28:00+00:00,2022-02-17T10:19:00+00:00,REV
LONG,1.360170,1.355490,-0.004680,2022-02-17T10:19:00+00:00,2022-02-22T12:48:00+00:00,REV
SHORT,1.355490,1.308910,0.046580,2022-02-22T12:48:00+00:00,2022-03-16T13:37:00+00:00,REV
LONG,1.308910,1.315670,0.006760,2022-03-16T13:37:00+00:00,2022-03-28T03:55:00+00:00,REV
SHORT,1.315670,1.308650,0.007020,2022-03-28T03:55:00+00:00,2022-04-13T19:11:00+00:00,REV
LONG,1.308650,1.300450,-0.008200,2022-04-13T19:11:00+00:00,2022-04-19T02:10:00+00:00,REV
SHORT,1.300450,1.307100,-0.006650,2022-04-19T02:10:00+00:00,2022-04-21T01:55:00+00:00,REV
LONG,1.307100,1.298040,-0.009060,2022-04-21T01:55:00+00:00,2022-04-22T09:42:00+00:00,REV
SHORT,1.298040,1.261510,0.036530,2022-04-22T09:42:00+00:00,2022-05-04T22:49:00+00:00,REV
LONG,1.261510,1.245120,-0.016390,2022-05-04T22:49:00+00:00,2022-05-05T14:22:00+00:00,REV
SHORT,1.245120,1.232980,0.012140,2022-05-05T14:22:00+00:00,2022-05-17T03:00:00+00:00,REV
LONG,1.232980,1.256010,0.023030,2022-05-17T03:00:00+00:00,2022-06-01T14:56:00+00:00,REV
SHORT,1.256010,1.259030,-0.003020,2022-06-01T14:56:00+00:00,2022-06-07T18:54:00+00:00,REV
LONG,1.259030,1.242990,-0.016040,2022-06-07T18:54:00+00:00,2022-06-10T14:34:00+00:00,REV
SHORT,1.242990,1.232080,0.010910,2022-06-10T14:34:00+00:00,2022-06-16T18:29:00+00:00,REV
LONG,1.232080,1.217230,-0.014850,2022-06-16T18:29:00+00:00,2022-06-22T10:20:00+00:00,REV
SHORT,1.217230,1.232100,-0.014870,2022-06-22T10:20:00+00:00,2022-06-27T10:26:00+00:00,REV
LONG,1.232100,1.218010,-0.014090,2022-06-27T10:26:00+00:00,2022-06-29T00:00:00+00:00,REV
SHORT,1.218010,1.196760,0.021250,2022-06-29T00:00:00+00:00,2022-07-18T12:41:00+00:00,REV
LONG,1.196760,1.209970,0.013210,2022-07-18T12:41:00+00:00,2022-08-04T14:09:00+00:00,REV
SHORT,1.209970,1.216950,-0.006980,2022-08-04T14:09:00+00:00,2022-08-10T15:30:00+00:00,REV
LONG,1.216950,1.206450,-0.010500,2022-08-10T15:30:00+00:00,2022-08-15T12:14:00+00:00,REV
SHORT,1.206450,1.187820,0.018630,2022-08-15T12:14:00+00:00,2022-08-26T16:33:00+00:00,REV
LONG,1.187820,1.172930,-0.014890,2022-08-26T16:33:00+00:00,2022-08-29T00:00:00+00:00,REV
SHORT,1.172930,1.160970,0.011960,2022-08-29T00:00:00+00:00,2022-09-09T10:11:00+00:00,REV
LONG,1.160970,1.148970,-0.012000,2022-09-09T10:11:00+00:00,2022-09-14T00:00:00+00:00,REV
SHORT,1.148970,1.093060,0.055910,2022-09-14T00:00:00+00:00,2022-09-29T16:18:00+00:00,REV
LONG,1.093060,1.111240,0.018180,2022-09-29T16:18:00+00:00,2022-10-07T15:49:00+00:00,REV
SHORT,1.111240,1.118020,-0.006780,2022-10-07T15:49:00+00:00,2022-10-13T14:23:00+00:00,REV
LONG,1.118020,1.118460,0.000440,2022-10-13T14:23:00+00:00,2022-10-20T11:33:00+00:00,REV
SHORT,1.118460,1.139360,-0.020900,2022-10-20T11:33:00+00:00,2022-10-24T00:00:00+00:00,REV
LONG,1.139360,1.150350,0.010990,2022-10-24T00:00:00+00:00,2022-10-31T14:57:00+00:00,REV
SHORT,1.150350,1.154210,-0.003860,2022-10-31T14:57:00+00:00,2022-11-08T17:18:00+00:00,REV
LONG,1.154210,1.193980,0.039770,2022-11-08T17:18:00+00:00,2022-11-30T17:27:00+00:00,REV
SHORT,1.193980,1.211830,-0.017850,2022-11-30T17:27:00+00:00,2022-12-01T09:00:00+00:00,REV
LONG,1.211830,1.212670,0.000840,2022-12-01T09:00:00+00:00,2022-12-07T01:02:00+00:00,REV
SHORT,1.212670,1.226970,-0.014300,2022-12-07T01:02:00+00:00,2022-12-09T03:32:00+00:00,REV
LONG,1.226970,1.220540,-0.006430,2022-12-09T03:32:00+00:00,2022-12-15T18:17:00+00:00,REV
SHORT,1.220540,1.211280,0.009260,2022-12-15T18:17:00+00:00,2022-12-28T16:36:00+00:00,REV
LONG,1.211280,1.200930,-0.010350,2022-12-28T16:36:00+00:00,2023-01-03T10:04:00+00:00,REV
SHORT,1.200930,1.208830,-0.007900,2023-01-03T10:04:00+00:00,2023-01-06T21:05:00+00:00,REV
LONG,1.208830,1.231260,0.022430,2023-01-06T21:05:00+00:00,2023-01-24T11:49:00+00:00,REV
SHORT,1.231260,1.211000,0.020260,2023-01-24T11:49:00+00:00,2023-02-09T10:22:00+00:00,REV
LONG,1.211000,1.203790,-0.007210,2023-02-09T10:22:00+00:00,2023-02-13T03:23:00+00:00,REV
SHORT,1.203790,1.219440,-0.015650,2023-02-13T03:23:00+00:00,2023-02-14T12:00:00+00:00,REV
LONG,1.219440,1.203050,-0.016390,2023-02-14T12:00:00+00:00,2023-02-15T15:30:00+00:00,REV
SHORT,1.203050,1.207450,-0.004400,2023-02-15T15:30:00+00:00,2023-02-21T11:37:00+00:00,REV
LONG,1.207450,1.198540,-0.008910,2023-02-21T11:37:00+00:00,2023-02-24T13:29:00+00:00,REV
SHORT,1.198540,1.207520,-0.008980,2023-02-24T13:29:00+00:00,2023-02-28T10:53:00+00:00,REV
LONG,1.207520,1.187530,-0.019990,2023-02-28T10:53:00+00:00,2023-03-07T18:00:00+00:00,REV
SHORT,1.187530,1.206570,-0.019040,2023-03-07T18:00:00+00:00,2023-03-10T16:38:00+00:00,REV
LONG,1.206570,1.229300,0.022730,2023-03-10T16:38:00+00:00,2023-04-03T02:49:00+00:00,REV
SHORT,1.229300,1.242350,-0.013050,2023-04-03T02:49:00+00:00,2023-04-04T02:23:00+00:00,REV
LONG,1.242350,1.241600,-0.000750,2023-04-04T02:23:00+00:00,2023-04-10T03:46:00+00:00,REV
SHORT,1.241600,1.245360,-0.003760,2023-04-10T03:46:00+00:00,2023-04-12T15:30:00+00:00,REV
LONG,1.245360,1.239920,-0.005440,2023-04-12T15:30:00+00:00,2023-04-17T03:00:00+00:00,REV
SHORT,1.239920,1.247480,-0.007560,2023-04-17T03:00:00+00:00,2023-04-24T20:26:00+00:00,REV
LONG,1.247480,1.243610,-0.003870,2023-04-24T20:26:00+00:00,2023-05-02T17:00:00+00:00,REV
SHORT,1.243610,1.256970,-0.013360,2023-05-02T17:00:00+00:00,2023-05-04T01:00:00+00:00,REV
LONG,1.256970,1.258450,0.001480,2023-05-04T01:00:00+00:00,2023-05-11T10:09:00+00:00,REV
SHORT,1.258450,1.239600,0.018850,2023-05-11T10:09:00+00:00,2023-05-30T12:24:00+00:00,REV
LONG,1.239600,1.271320,0.031720,2023-05-30T12:24:00+00:00,2023-06-21T12:11:00+00:00,REV
SHORT,1.271320,1.273650,-0.002330,2023-06-21T12:11:00+00:00,2023-07-04T16:00:00+00:00,REV
LONG,1.273650,1.302910,0.029260,2023-07-04T16:00:00+00:00,2023-07-19T04:20:00+00:00,REV
SHORT,1.302910,1.290460,0.012450,2023-07-19T04:20:00+00:00,2023-07-26T10:46:00+00:00,REV
LONG,1.290460,1.279760,-0.010700,2023-07-26T10:46:00+00:00,2023-07-27T22:01:00+00:00,REV
SHORT,1.279760,1.278960,0.000800,2023-07-27T22:01:00+00:00,2023-08-10T15:29:00+00:00,REV
LONG,1.278960,1.268380,-0.010580,2023-08-10T15:29:00+00:00,2023-08-10T20:31:00+00:00,REV
SHORT,1.268380,1.275290,-0.006910,2023-08-10T20:31:00+00:00,2023-08-16T11:26:00+00:00,REV
LONG,1.275290,1.268890,-0.006400,2023-08-16T11:26:00+00:00,2023-08-23T11:30:00+00:00,REV
SHORT,1.268890,1.265550,0.003340,2023-08-23T11:30:00+00:00,2023-08-30T12:16:00+00:00,REV
LONG,1.265550,1.257700,-0.007850,2023-08-30T12:16:00+00:00,2023-09-05T10:30:00+00:00,REV
SHORT,1.257700,1.222520,0.035180,2023-09-05T10:30:00+00:00,2023-09-29T05:20:00+00:00,REV
LONG,1.222520,1.211010,-0.011510,2023-09-29T05:20:00+00:00,2023-10-02T19:49:00+00:00,REV
SHORT,1.211010,1.219640,-0.008630,2023-10-02T19:49:00+00:00,2023-10-06T10:35:00+00:00,REV
LONG,1.219640,1.217150,-0.002490,2023-10-06T10:35:00+00:00,2023-10-13T00:00:00+00:00,REV
SHORT,1.217150,1.221160,-0.004010,2023-10-13T00:00:00+00:00,2023-10-23T17:23:00+00:00,REV
LONG,1.221160,1.210580,-0.010580,2023-10-23T17:23:00+00:00,2023-10-26T01:02:00+00:00,REV
SHORT,1.210580,1.216300,-0.005720,2023-10-26T01:02:00+00:00,2023-10-30T17:36:00+00:00,REV
LONG,1.216300,1.224140,0.007840,2023-10-30T17:36:00+00:00,2023-11-09T20:04:00+00:00,REV
SHORT,1.224140,1.230910,-0.006770,2023-11-09T20:04:00+00:00,2023-11-14T15:30:00+00:00,REV
LONG,1.230910,1.260300,0.029390,2023-11-14T15:30:00+00:00,2023-12-05T16:45:00+00:00,REV
SHORT,1.260300,1.261310,-0.001010,2023-12-05T16:45:00+00:00,2023-12-12T15:31:00+00:00,REV
LONG,1.261310,1.250200,-0.011110,2023-12-12T15:31:00+00:00,2023-12-13T20:06:00+00:00,REV
SHORT,1.250200,1.261600,-0.011400,2023-12-13T20:06:00+00:00,2023-12-13T21:42:00+00:00,REV
LONG,1.261600,1.262840,0.001240,2023-12-13T21:42:00+00:00,2023-12-20T22:57:00+00:00,REV
SHORT,1.262840,1.274460,-0.011620,2023-12-20T22:57:00+00:00,2023-12-27T14:13:00+00:00,REV
LONG,1.274460,1.269830,-0.004630,2023-12-27T14:13:00+00:00,2024-01-02T12:56:00+00:00,REV
SHORT,1.269830,1.276040,-0.006210,2024-01-02T12:56:00+00:00,2024-01-05T17:10:00+00:00,REV
LONG,1.276040,1.268980,-0.007060,2024-01-05T17:10:00+00:00,2024-01-16T03:01:00+00:00,REV
SHORT,1.268980,1.271510,-0.002530,2024-01-16T03:01:00+00:00,2024-01-22T04:18:00+00:00,REV
LONG,1.271510,1.267510,-0.004000,2024-01-22T04:18:00+00:00,2024-01-29T16:47:00+00:00,REV
SHORT,1.267510,1.275130,-0.007620,2024-01-29T16:47:00+00:00,2024-02-01T21:14:00+00:00,REV
LONG,1.275130,1.262490,-0.012640,2024-02-01T21:14:00+00:00,2024-02-02T18:55:00+00:00,REV
SHORT,1.262490,1.264240,-0.001750,2024-02-02T18:55:00+00:00,2024-02-09T17:07:00+00:00,REV
LONG,1.264240,1.257270,-0.006970,2024-02-09T17:07:00+00:00,2024-02-14T09:00:00+00:00,REV
SHORT,1.257270,1.262490,-0.005220,2024-02-14T09:00:00+00:00,2024-02-19T03:08:00+00:00,REV
LONG,1.262490,1.264790,0.002300,2024-02-19T03:08:00+00:00,2024-02-28T09:33:00+00:00,REV
SHORT,1.264790,1.268690,-0.003900,2024-02-28T09:33:00+00:00,2024-03-04T16:44:00+00:00,REV
LONG,1.268690,1.279490,0.010800,2024-03-04T16:44:00+00:00,2024-03-12T09:56:00+00:00,REV
SHORT,1.279490,1.274730,0.004760,2024-03-12T09:56:00+00:00,2024-03-20T20:05:00+00:00,REV
LONG,1.274730,1.266740,-0.007990,2024-03-20T20:05:00+00:00,2024-03-21T17:19:00+00:00,REV
SHORT,1.266740,1.264560,0.002180,2024-03-21T17:19:00+00:00,2024-04-03T19:24:00+00:00,REV
LONG,1.264560,1.257410,-0.007150,2024-04-03T19:24:00+00:00,2024-04-10T16:47:00+00:00,REV
SHORT,1.257410,1.246900,0.010510,2024-04-10T16:47:00+00:00,2024-04-24T22:28:00+00:00,REV
LONG,1.246900,1.250060,0.003160,2024-04-24T22:28:00+00:00,2024-05-08T02:01:00+00:00,REV
SHORT,1.250060,1.254180,-0.004120,2024-05-08T02:01:00+00:00,2024-05-13T14:16:00+00:00,REV
LONG,1.254180,1.268630,0.014450,2024-05-13T14:16:00+00:00,2024-05-23T21:54:00+00:00,REV
SHORT,1.268630,1.276180,-0.007550,2024-05-23T21:54:00+00:00,2024-05-27T16:22:00+00:00,REV
LONG,1.276180,1.269870,-0.006310,2024-05-27T16:22:00+00:00,2024-05-30T00:00:00+00:00,REV
SHORT,1.269870,1.277230,-0.007360,2024-05-30T00:00:00+00:00,2024-06-03T17:06:00+00:00,REV
LONG,1.277230,1.274250,-0.002980,2024-06-03T17:06:00+00:00,2024-06-07T15:31:00+00:00,REV
SHORT,1.274250,1.281670,-0.007420,2024-06-07T15:31:00+00:00,2024-06-12T15:30:00+00:00,REV
LONG,1.281670,1.270570,-0.011100,2024-06-12T15:30:00+00:00,2024-06-14T12:32:00+00:00,REV
SHORT,1.270570,1.269400,0.001170,2024-06-14T12:32:00+00:00,2024-07-01T17:00:00+00:00,REV
LONG,1.269400,1.293800,0.024400,2024-07-01T17:00:00+00:00,2024-07-19T04:42:00+00:00,REV
SHORT,1.293800,1.277450,0.016350,2024-07-19T04:42:00+00:00,2024-08-12T09:28:00+00:00,REV
LONG,1.277450,1.316730,0.039280,2024-08-12T09:28:00+00:00,2024-08-29T15:30:00+00:00,REV
SHORT,1.316730,1.317580,-0.000850,2024-08-29T15:30:00+00:00,2024-09-05T15:15:00+00:00,REV
LONG,1.317580,1.310070,-0.007510,2024-09-05T15:15:00+00:00,2024-09-09T10:02:00+00:00,REV
SHORT,1.310070,1.312760,-0.002690,2024-09-09T10:02:00+00:00,2024-09-13T02:04:00+00:00,REV
LONG,1.312760,1.331210,0.018450,2024-09-13T02:04:00+00:00,2024-10-01T13:08:00+00:00,REV
SHORT,1.331210,1.309450,0.021760,2024-10-01T13:08:00+00:00,2024-10-15T13:30:00+00:00,REV
LONG,1.309450,1.302990,-0.006460,2024-10-15T13:30:00+00:00,2024-10-16T09:00:00+00:00,REV
SHORT,1.302990,1.299890,0.003100,2024-10-16T09:00:00+00:00,2024-10-28T16:50:00+00:00,REV
LONG,1.299890,1.293920,-0.005970,2024-10-28T16:50:00+00:00,2024-10-30T14:47:00+00:00,REV
SHORT,1.293920,1.301720,-0.007800,2024-10-30T14:47:00+00:00,2024-10-30T16:07:00+00:00,REV
LONG,1.301720,1.293660,-0.008060,2024-10-30T16:07:00+00:00,2024-10-31T15:54:00+00:00,REV
SHORT,1.293660,1.300040,-0.006380,2024-10-31T15:54:00+00:00,2024-11-05T16:20:00+00:00,REV
LONG,1.300040,1.288410,-0.011630,2024-11-05T16:20:00+00:00,2024-11-06T05:05:00+00:00,REV
SHORT,1.288410,1.269770,0.018640,2024-11-06T05:05:00+00:00,2024-11-20T09:00:00+00:00,REV
LONG,1.269770,1.260760,-0.009010,2024-11-20T09:00:00+00:00,2024-11-21T18:09:00+00:00,REV
SHORT,1.260760,1.261690,-0.000930,2024-11-21T18:09:00+00:00,2024-11-27T10:20:00+00:00,REV
LONG,1.261690,1.271670,0.009980,2024-11-27T10:20:00+00:00,2024-12-11T12:08:00+00:00,REV
SHORT,1.271670,1.257530,0.014140,2024-12-11T12:08:00+00:00,2024-12-27T16:00:00+00:00,REV
LONG,1.257530,1.250460,-0.007070,2024-12-27T16:00:00+00:00,2025-01-02T10:20:00+00:00,REV
SHORT,1.250460,1.255150,-0.004690,2025-01-02T10:20:00+00:00,2025-01-07T09:19:00+00:00,REV
LONG,1.255150,1.237500,-0.017650,2025-01-07T09:19:00+00:00,2025-01-08T13:26:00+00:00,REV
SHORT,1.237500,1.230670,0.006830,2025-01-08T13:26:00+00:00,2025-01-20T16:02:00+00:00,REV
LONG,1.230670,1.239290,0.008620,2025-01-20T16:02:00+00:00,2025-01-31T16:32:00+00:00,REV
SHORT,1.239290,1.247730,-0.008440,2025-01-31T16:32:00+00:00,2025-02-04T17:32:00+00:00,REV
LONG,1.247730,1.235980,-0.011750,2025-02-04T17:32:00+00:00,2025-02-11T01:16:00+00:00,REV
SHORT,1.235980,1.248390,-0.012410,2025-02-11T01:16:00+00:00,2025-02-13T06:04:00+00:00,REV
LONG,1.248390,1.260540,0.012150,2025-02-13T06:04:00+00:00,2025-02-27T21:41:00+00:00,REV
SHORT,1.260540,1.271610,-0.011070,2025-02-27T21:41:00+00:00,2025-03-03T19:55:00+00:00,REV
LONG,1.271610,1.286550,0.014940,2025-03-03T19:55:00+00:00,2025-03-10T20:19:00+00:00,REV
SHORT,1.286550,1.294700,-0.008150,2025-03-10T20:19:00+00:00,2025-03-11T14:33:00+00:00,REV
LONG,1.294700,1.293570,-0.001130,2025-03-11T14:33:00+00:00,2025-03-21T07:06:00+00:00,REV
SHORT,1.293570,1.297480,-0.003910,2025-03-21T07:06:00+00:00,2025-03-27T17:31:00+00:00,REV
LONG,1.297480,1.287900,-0.009580,2025-03-27T17:31:00+00:00,2025-04-04T20:07:00+00:00,REV
SHORT,1.287900,1.293450,-0.005550,2025-04-04T20:07:00+00:00,2025-04-10T14:44:00+00:00,REV
LONG,1.293450,1.324540,0.031090,2025-04-10T14:44:00+00:00,2025-04-23T01:29:00+00:00,REV
SHORT,1.324540,1.334940,-0.010400,2025-04-23T01:29:00+00:00,2025-04-28T12:28:00+00:00,REV
LONG,1.334940,1.327970,-0.006970,2025-04-28T12:28:00+00:00,2025-05-01T08:29:00+00:00,REV
SHORT,1.327970,1.334600,-0.006630,2025-05-01T08:29:00+00:00,2025-05-06T13:54:00+00:00,REV
LONG,1.334600,1.325930,-0.008670,2025-05-06T13:54:00+00:00,2025-05-08T14:01:00+00:00,REV
SHORT,1.325930,1.332310,-0.006380,2025-05-08T14:01:00+00:00,2025-05-14T10:39:00+00:00,REV
LONG,1.332310,1.344960,0.012650,2025-05-14T10:39:00+00:00,2025-05-29T02:16:00+00:00,REV
SHORT,1.344960,1.352260,-0.007300,2025-05-29T02:16:00+00:00,2025-06-02T09:31:00+00:00,REV
LONG,1.352260,1.350720,-0.001540,2025-06-02T09:31:00+00:00,2025-06-10T09:41:00+00:00,REV
SHORT,1.350720,1.358180,-0.007460,2025-06-10T09:41:00+00:00,2025-06-12T03:43:00+00:00,REV
LONG,1.358180,1.351630,-0.006550,2025-06-12T03:43:00+00:00,2025-06-17T17:30:00+00:00,REV
SHORT,1.351630,1.351180,0.000450,2025-06-17T17:30:00+00:00,2025-06-23T20:23:00+00:00,REV
LONG,1.351180,1.367400,0.016220,2025-06-23T20:23:00+00:00,2025-07-02T14:55:00+00:00,REV
SHORT,1.367400,1.348640,0.018760,2025-07-02T14:55:00+00:00,2025-07-21T17:11:00+00:00,REV
LONG,1.348640,1.346150,-0.002490,2025-07-21T17:11:00+00:00,2025-07-25T11:11:00+00:00,REV
SHORT,1.346150,1.333150,0.013000,2025-07-25T11:11:00+00:00,2025-08-06T17:39:00+00:00,REV
LONG,1.333150,1.350170,0.017020,2025-08-06T17:39:00+00:00,2025-08-19T00:00:00+00:00,REV
SHORT,1.350170,1.353180,-0.003010,2025-08-19T00:00:00+00:00,2025-08-22T18:04:00+00:00,REV
LONG,1.353180,1.344610,-0.008570,2025-08-22T18:04:00+00:00,2025-09-02T10:24:00+00:00,REV
SHORT,1.344610,1.354960,-0.010350,2025-09-02T10:24:00+00:00,2025-09-05T16:54:00+00:00,REV
LONG,1.354960,1.353930,-0.001030,2025-09-05T16:54:00+00:00,2025-09-18T16:45:00+00:00,REV
SHORT,1.353930,1.346770,0.007160,2025-09-18T16:45:00+00:00,2025-09-30T17:54:00+00:00,REV
LONG,1.346770,1.340070,-0.006700,2025-09-30T17:54:00+00:00,2025-10-07T14:47:00+00:00,REV
SHORT,1.340070,1.337160,0.002910,2025-10-07T14:47:00+00:00,2025-10-15T09:15:00+00:00,REV
LONG,1.337160,1.339070,0.001910,2025-10-15T09:15:00+00:00,2025-10-21T05:46:00+00:00,REV
SHORT,1.339070,1.314400,0.024670,2025-10-21T05:46:00+00:00,2025-11-07T16:46:00+00:00,REV
LONG,1.314400,1.309450,-0.004950,2025-11-07T16:46:00+00:00,2025-11-12T16:10:00+00:00,REV
SHORT,1.309450,1.319170,-0.009720,2025-11-12T16:10:00+00:00,2025-11-13T17:34:00+00:00,REV
LONG,1.319170,1.310780,-0.008390,2025-11-13T17:34:00+00:00,2025-11-19T12:48:00+00:00,REV
SHORT,1.310780,1.312430,-0.001650,2025-11-19T12:48:00+00:00,2025-11-25T09:42:00+00:00,REV
LONG,1.312430,1.320070,0.007640,2025-11-25T09:42:00+00:00,2025-12-02T12:03:00+00:00,REV
SHORT,1.320070,1.327650,-0.007580,2025-12-02T12:03:00+00:00,2025-12-03T11:35:00+00:00,REV
LONG,1.327650,1.330540,0.002890,2025-12-03T11:35:00+00:00,2025-12-09T16:24:00+00:00,REV
SHORT,1.330540,1.336310,-0.005770,2025-12-09T16:24:00+00:00,2025-12-10T21:35:00+00:00,REV
LONG,1.336310,1.334210,-0.002100,2025-12-10T21:35:00+00:00,2025-12-17T09:00:00+00:00,REV
SHORT,1.334210,1.344710,-0.010500,2025-12-17T09:00:00+00:00,2025-12-22T16:25:00+00:00,REV
LONG,1.344710,1.347710,0.003000,2025-12-22T16:25:00+00:00,2025-12-29T10:02:00+00:00,REV
SHORT,1.347710,1.352810,-0.005100,2025-12-29T10:02:00+00:00,2025-12-30T12:37:00+00:00,REV
LONG,1.352810,1.346900,-0.005910,2025-12-30T12:37:00+00:00,2025-12-30T17:05:00+00:00,REV
SHORT,1.346900,1.353140,-0.006240,2025-12-30T17:05:00+00:00,2026-01-05T19:07:00+00:00,REV
LONG,1.353140,1.341550,-0.011590,2026-01-05T19:07:00+00:00,2026-01-09T09:25:00+00:00,REV
SHORT,1.341550,1.348660,-0.007110,2026-01-09T09:25:00+00:00,2026-01-13T15:30:00+00:00,REV
LONG,1.348660,1.339060,-0.009600,2026-01-13T15:30:00+00:00,2026-01-15T15:17:00+00:00,REV
SHORT,1.339060,1.344590,-0.005530,2026-01-15T15:17:00+00:00,2026-01-20T07:07:00+00:00,REV
LONG,1.344590,1.367870,0.023280,2026-01-20T07:07:00+00:00,2026-02-02T00:04:00+00:00,REV
SHORT,1.367870,1.370070,-0.002200,2026-02-02T00:04:00+00:00,2026-02-11T12:41:00+00:00,REV
LONG,1.370070,1.360430,-0.009640,2026-02-11T12:41:00+00:00,2026-02-13T00:04:00+00:00,REV
SHORT,1.360430,1.353550,0.006880,2026-02-13T00:04:00+00:00,2026-02-24T18:27:00+00:00,REV
LONG,1.353550,1.346990,-0.006560,2026-02-24T18:27:00+00:00,2026-02-26T19:31:00+00:00,REV
SHORT,1.346990,1.341610,0.005380,2026-02-26T19:31:00+00:00,2026-03-09T21:19:00+00:00,REV
LONG,1.341610,1.333450,-0.008160,2026-03-09T21:19:00+00:00,2026-03-13T06:32:00+00:00,REV
SHORT,1.333450,1.336510,-0.003060,2026-03-13T06:32:00+00:00,2026-03-18T06:51:00+00:00,REV
LONG,1.336510,1.331000,-0.005510,2026-03-18T06:51:00+00:00,2026-03-27T10:36:00+00:00,REV
SHORT,1.331000,1.330140,0.000860,2026-03-27T10:36:00+00:00,2026-04-08T01:00:00+00:00,REV
LONG,1.330140,1.348320,0.018180,2026-04-08T01:00:00+00:00,2026-04-20T00:00:00+00:00,REV
SHORT,1.348320,1.353830,-0.005510,2026-04-20T00:00:00+00:00,2026-04-27T05:38:00+00:00,REV
LONG,1.353830,1.345740,-0.008090,2026-04-27T05:38:00+00:00,2026-04-30T07:39:00+00:00,REV
SHORT,1.345740,1.357660,-0.011920,2026-04-30T07:39:00+00:00,2026-04-30T17:55:00+00:00,REV
LONG,1.357660,1.354500,-0.003160,2026-04-30T17:55:00+00:00,2026-05-12T09:55:00+00:00,REV
SHORT,1.354500,1.343960,0.010540,2026-05-12T09:55:00+00:00,2026-05-20T17:55:00+00:00,REV
LONG,1.343960,1.341620,-0.002340,2026-05-20T17:55:00+00:00,2026-05-28T02:51:00+00:00,REV
SHORT,1.341620,1.348220,-0.006600,2026-05-28T02:51:00+00:00,2026-06-05T13:30:00+00:00,REV
LONG,1.348220,1.341120,-0.007100,2026-06-05T13:30:00+00:00,2026-06-05T15:57:00+00:00,REV
SHORT,1.341120,1.342390,-0.001270,2026-06-05T15:57:00+00:00,2026-06-11T22:30:00+00:00,REV
LONG,1.342390,1.338320,-0.004070,2026-06-11T22:30:00+00:00,2026-06-17T21:00:00+00:00,REV
SHORT,1.338320,1.323250,0.015070,2026-06-17T21:00:00+00:00,2026-06-29T14:28:00+00:00,REV
LONG,1.323250,1.332840,0.009590,2026-06-29T14:28:00+00:00,2026-07-08T12:09:00+00:00,REV
SHORT,1.332840,1.340220,-0.007380,2026-07-08T12:09:00+00:00,2026-07-08T20:13:00+00:00,REV
LONG,1.340220,1.334220,-0.006000,2026-07-08T20:13:00+00:00,2026-07-14T00:08:00+00:00,REV
SHORT,1.334220,1.345220,-0.011000,2026-07-14T00:08:00+00:00,2026-07-15T17:33:00+00:00,REV
LONG,1.345220,1.341230,-0.003990,2026-07-15T17:33:00+00:00,2026-07-21T14:09:00+00:00,REV
SHORT,1.341230,1.336410,0.004820,2026-07-21T14:09:00+00:00,2026-07-29T21:58:00+00:00,REV
LONG,1.336410,1.348060,0.011650,2026-07-29T21:58:00+00:00,2026-08-13T09:30:00+00:00,REV
SHORT,1.348060,1.354160,-0.006100,2026-08-13T09:30:00+00:00,2026-08-14T14:40:00+00:00,REV
LONG,1.354160,1.361820,0.007660,2026-08-14T14:40:00+00:00,2026-08-26T13:24:00+00:00,REV
SHORT,1.361820,1.354980,0.006840,2026-08-26T13:24:00+00:00,2026-09-08T04:26:00+00:00,REV
LONG,1.354980,1.350510,-0.004470,2026-09-08T04:26:00+00:00,2026-09-10T15:33:00+00:00,REV
SHORT,1.350510,1.323860,0.026650,2026-09-10T15:33:00+00:00,2026-09-24T02:59:00+00:00,END
