direction,entry,exit,pnl,open_time,close_time,reason
LONG,1.502180,1.519100,0.016920,2000-06-02T15:33:00+00:00,2000-06-08T04:22:00+00:00,REV
SHORT,1.519100,1.509580,0.009520,2000-06-08T04:22:00+00:00,2000-06-12T02:12:00+00:00,REV
LONG,1.509580,1.506900,-0.002680,2000-06-12T02:12:00+00:00,2000-06-14T00:07:00+00:00,REV
SHORT,1.506900,1.511680,-0.004780,2000-06-14T00:07:00+00:00,2000-06-15T18:58:00+00:00,REV
LONG,1.511680,1.511500,-0.000180,2000-06-15T18:58:00+00:00,2000-06-20T00:06:00+00:00,REV
SHORT,1.511500,1.517580,-0.006080,2000-06-20T00:06:00+00:00,2000-06-20T21:12:00+00:00,REV
LONG,1.517580,1.505300,-0.012280,2000-06-20T21:12:00+00:00,2000-06-21T14:46:00+00:00,REV
SHORT,1.505300,1.503980,0.001320,2000-06-21T14:46:00+00:00,2000-06-27T19:22:00+00:00,REV
LONG,1.503980,1.511500,0.007520,2000-06-27T19:22:00+00:00,2000-06-30T12:02:00+00:00,REV
SHORT,1.511500,1.514880,-0.003380,2000-06-30T12:02:00+00:00,2000-07-05T01:58:00+00:00,REV
LONG,1.514880,1.512000,-0.002880,2000-07-05T01:58:00+00:00,2000-07-05T08:36:00+00:00,REV
SHORT,1.512000,1.515580,-0.003580,2000-07-05T08:36:00+00:00,2000-07-07T16:15:00+00:00,REV
LONG,1.515580,1.511600,-0.003980,2000-07-07T16:15:00+00:00,2000-07-12T18:31:00+00:00,REV
SHORT,1.511600,1.498880,0.012720,2000-07-12T18:31:00+00:00,2000-07-20T09:51:00+00:00,REV
LONG,1.498880,1.492900,-0.005980,2000-07-20T09:51:00+00:00,2000-07-20T12:34:00+00:00,REV
SHORT,1.492900,1.514580,-0.021680,2000-07-20T12:34:00+00:00,2000-07-21T10:09:00+00:00,REV
LONG,1.514580,1.513800,-0.000780,2000-07-21T10:09:00+00:00,2000-07-27T16:24:00+00:00,REV
SHORT,1.513800,1.496380,0.017420,2000-07-27T16:24:00+00:00,2000-08-03T01:18:00+00:00,REV
LONG,1.496380,1.486900,-0.009480,2000-08-03T01:18:00+00:00,2000-08-03T13:39:00+00:00,REV
SHORT,1.486900,1.499580,-0.012680,2000-08-03T13:39:00+00:00,2000-08-04T13:17:00+00:00,REV
LONG,1.499580,1.505200,0.005620,2000-08-04T13:17:00+00:00,2000-08-07T03:02:00+00:00,REV
SHORT,1.505200,1.506080,-0.000880,2000-08-07T03:02:00+00:00,2000-08-07T11:07:00+00:00,REV
LONG,1.506080,1.501000,-0.005080,2000-08-07T11:07:00+00:00,2000-08-09T11:56:00+00:00,REV
SHORT,1.501000,1.504080,-0.003080,2000-08-09T11:56:00+00:00,2000-08-11T12:48:00+00:00,REV
LONG,1.504080,1.503100,-0.000980,2000-08-11T12:48:00+00:00,2000-08-16T10:13:00+00:00,REV
SHORT,1.503100,1.487680,0.015420,2000-08-16T10:13:00+00:00,2000-08-24T00:02:00+00:00,REV
LONG,1.487680,1.477400,-0.010280,2000-08-24T00:02:00+00:00,2000-08-25T05:36:00+00:00,REV
SHORT,1.477400,1.460180,0.017220,2000-08-25T05:36:00+00:00,2000-08-31T00:02:00+00:00,REV
LONG,1.460180,1.458400,-0.001780,2000-08-31T00:02:00+00:00,2000-09-05T02:01:00+00:00,REV
SHORT,1.458400,1.422080,0.036320,2000-09-05T02:01:00+00:00,2000-09-14T11:22:00+00:00,REV
LONG,1.422080,1.403000,-0.019080,2000-09-14T11:22:00+00:00,2000-09-15T18:49:00+00:00,REV
SHORT,1.403000,1.406980,-0.003980,2000-09-15T18:49:00+00:00,2000-09-19T03:25:00+00:00,REV
LONG,1.406980,1.464900,0.057920,2000-09-19T03:25:00+00:00,2000-10-03T09:55:00+00:00,REV
SHORT,1.464900,1.449980,0.014920,2000-10-03T09:55:00+00:00,2000-10-10T05:52:00+00:00,REV
LONG,1.449980,1.458900,0.008920,2000-10-10T05:52:00+00:00,2000-10-13T18:29:00+00:00,REV
SHORT,1.458900,1.451580,0.007320,2000-10-13T18:29:00+00:00,2000-10-18T14:44:00+00:00,REV
LONG,1.451580,1.449500,-0.002080,2000-10-18T14:44:00+00:00,2000-10-24T16:41:00+00:00,REV
SHORT,1.449500,1.439580,0.009920,2000-10-24T16:41:00+00:00,2000-10-27T09:55:00+00:00,REV
LONG,1.439580,1.449700,0.010120,2000-10-27T09:55:00+00:00,2000-10-31T01:23:00+00:00,REV
SHORT,1.449700,1.455080,-0.005380,2000-10-31T01:23:00+00:00,2000-11-01T10:01:00+00:00,REV
LONG,1.455080,1.445000,-0.010080,2000-11-01T10:01:00+00:00,2000-11-01T12:39:00+00:00,REV
SHORT,1.445000,1.435280,0.009720,2000-11-01T12:39:00+00:00,2000-11-08T04:40:00+00:00,REV
LONG,1.435280,1.424500,-0.010780,2000-11-08T04:40:00+00:00,2000-11-08T10:03:00+00:00,REV
SHORT,1.424500,1.434680,-0.010180,2000-11-08T10:03:00+00:00,2000-11-10T09:54:00+00:00,REV
LONG,1.434680,1.426400,-0.008280,2000-11-10T09:54:00+00:00,2000-11-15T13:41:00+00:00,REV
SHORT,1.426400,1.427580,-0.001180,2000-11-15T13:41:00+00:00,2000-11-20T16:00:00+00:00,REV
LONG,1.427580,1.420600,-0.006980,2000-11-20T16:00:00+00:00,2000-11-20T19:40:00+00:00,REV
SHORT,1.420600,1.428080,-0.007480,2000-11-20T19:40:00+00:00,2000-11-21T10:42:00+00:00,REV
LONG,1.428080,1.420100,-0.007980,2000-11-21T10:42:00+00:00,2000-11-21T14:55:00+00:00,REV
SHORT,1.420100,1.408080,0.012020,2000-11-21T14:55:00+00:00,2000-11-27T12:42:00+00:00,REV
LONG,1.408080,1.416400,0.008320,2000-11-27T12:42:00+00:00,2000-11-30T15:07:00+00:00,REV
SHORT,1.416400,1.426680,-0.010280,2000-11-30T15:07:00+00:00,2000-11-30T21:16:00+00:00,REV
LONG,1.426680,1.438100,0.011420,2000-11-30T21:16:00+00:00,2000-12-05T20:21:00+00:00,REV
SHORT,1.438100,1.444380,-0.006280,2000-12-05T20:21:00+00:00,2000-12-07T00:27:00+00:00,REV
LONG,1.444380,1.445200,0.000820,2000-12-07T00:27:00+00:00,2000-12-13T12:00:00+00:00,REV
SHORT,1.445200,1.456780,-0.011580,2000-12-13T12:00:00+00:00,2000-12-14T00:08:00+00:00,REV
LONG,1.456780,1.468600,0.011820,2000-12-14T00:08:00+00:00,2000-12-18T17:48:00+00:00,REV
SHORT,1.468600,1.476480,-0.007880,2000-12-18T17:48:00+00:00,2000-12-20T21:34:00+00:00,REV
LONG,1.476480,1.488600,0.012120,2000-12-20T21:34:00+00:00,2001-01-04T00:02:00+00:00,REV
SHORT,1.488600,1.504680,-0.016080,2001-01-04T00:02:00+00:00,2001-01-05T06:47:00+00:00,REV
LONG,1.504680,1.495500,-0.009180,2001-01-05T06:47:00+00:00,2001-01-08T19:42:00+00:00,REV
SHORT,1.495500,1.467280,0.028220,2001-01-08T19:42:00+00:00,2001-01-23T06:11:00+00:00,REV
LONG,1.467280,1.464600,-0.002680,2001-01-23T06:11:00+00:00,2001-01-24T10:49:00+00:00,REV
SHORT,1.464600,1.463180,0.001420,2001-01-24T10:49:00+00:00,2001-01-26T10:10:00+00:00,REV
LONG,1.463180,1.456600,-0.006580,2001-01-26T10:10:00+00:00,2001-01-30T12:24:00+00:00,REV
SHORT,1.456600,1.463980,-0.007380,2001-01-30T12:24:00+00:00,2001-01-31T10:10:00+00:00,REV
LONG,1.463980,1.468900,0.004920,2001-01-31T10:10:00+00:00,2001-02-06T11:41:00+00:00,REV
SHORT,1.468900,1.450580,0.018320,2001-02-06T11:41:00+00:00,2001-02-12T08:25:00+00:00,REV
LONG,1.450580,1.450500,-0.000080,2001-02-12T08:25:00+00:00,2001-02-15T13:07:00+00:00,REV
SHORT,1.450500,1.447580,0.002920,2001-02-15T13:07:00+00:00,2001-02-22T17:09:00+00:00,REV
LONG,1.447580,1.442600,-0.004980,2001-02-22T17:09:00+00:00,2001-02-26T17:43:00+00:00,REV
SHORT,1.442600,1.447780,-0.005180,2001-02-26T17:43:00+00:00,2001-02-28T13:36:00+00:00,REV
LONG,1.447780,1.466400,0.018620,2001-02-28T13:36:00+00:00,2001-03-06T02:22:00+00:00,REV
SHORT,1.466400,1.469180,-0.002780,2001-03-06T02:22:00+00:00,2001-03-07T04:06:00+00:00,REV
LONG,1.469180,1.464000,-0.005180,2001-03-07T04:06:00+00:00,2001-03-07T11:06:00+00:00,REV
SHORT,1.464000,1.470680,-0.006680,2001-03-07T11:06:00+00:00,2001-03-09T02:22:00+00:00,REV
LONG,1.470680,1.462100,-0.008580,2001-03-09T02:22:00+00:00,2001-03-12T14:42:00+00:00,REV
SHORT,1.462100,1.434080,0.028020,2001-03-12T14:42:00+00:00,2001-03-20T22:16:00+00:00,REV
LONG,1.434080,1.425800,-0.008280,2001-03-20T22:16:00+00:00,2001-03-22T10:10:00+00:00,REV
SHORT,1.425800,1.431380,-0.005580,2001-03-22T10:10:00+00:00,2001-03-26T08:40:00+00:00,REV
LONG,1.431380,1.428200,-0.003180,2001-03-26T08:40:00+00:00,2001-03-28T11:43:00+00:00,REV
SHORT,1.428200,1.438780,-0.010580,2001-03-28T11:43:00+00:00,2001-03-29T09:25:00+00:00,REV
LONG,1.438780,1.426900,-0.011880,2001-03-29T09:25:00+00:00,2001-03-29T19:53:00+00:00,REV
SHORT,1.426900,1.424480,0.002420,2001-03-29T19:53:00+00:00,2001-04-03T11:45:00+00:00,REV
LONG,1.424480,1.430000,0.005520,2001-04-03T11:45:00+00:00,2001-04-05T16:44:00+00:00,REV
SHORT,1.430000,1.440180,-0.010180,2001-04-05T16:44:00+00:00,2001-04-06T17:51:00+00:00,REV
LONG,1.440180,1.437900,-0.002280,2001-04-06T17:51:00+00:00,2001-04-10T18:03:00+00:00,REV
SHORT,1.437900,1.438680,-0.000780,2001-04-10T18:03:00+00:00,2001-04-12T08:20:00+00:00,REV
LONG,1.438680,1.434000,-0.004680,2001-04-12T08:20:00+00:00,2001-04-16T15:04:00+00:00,REV
SHORT,1.434000,1.437780,-0.003780,2001-04-16T15:04:00+00:00,2001-04-17T00:02:00+00:00,REV
LONG,1.437780,1.432600,-0.005180,2001-04-17T00:02:00+00:00,2001-04-17T13:25:00+00:00,REV
SHORT,1.432600,1.433980,-0.001380,2001-04-17T13:25:00+00:00,2001-04-19T16:04:00+00:00,REV
LONG,1.433980,1.437000,0.003020,2001-04-19T16:04:00+00:00,2001-04-23T19:46:00+00:00,REV
SHORT,1.437000,1.441880,-0.004880,2001-04-23T19:46:00+00:00,2001-04-26T00:02:00+00:00,REV
LONG,1.441880,1.436500,-0.005380,2001-04-26T00:02:00+00:00,2001-04-27T16:10:00+00:00,REV
SHORT,1.436500,1.436680,-0.000180,2001-04-27T16:10:00+00:00,2001-05-02T05:23:00+00:00,REV
LONG,1.436680,1.435300,-0.001380,2001-05-02T05:23:00+00:00,2001-05-08T10:19:00+00:00,REV
SHORT,1.435300,1.421180,0.014120,2001-05-08T10:19:00+00:00,2001-05-15T15:51:00+00:00,REV
LONG,1.421180,1.427400,0.006220,2001-05-15T15:51:00+00:00,2001-05-18T11:21:00+00:00,REV
SHORT,1.427400,1.433480,-0.006080,2001-05-18T11:21:00+00:00,2001-05-18T18:32:00+00:00,REV
LONG,1.433480,1.435500,0.002020,2001-05-18T18:32:00+00:00,2001-05-22T12:08:00+00:00,REV
SHORT,1.435500,1.420280,0.015220,2001-05-22T12:08:00+00:00,2001-05-25T14:34:00+00:00,REV
LONG,1.420280,1.419000,-0.001280,2001-05-25T14:34:00+00:00,2001-05-29T08:38:00+00:00,REV
SHORT,1.419000,1.423580,-0.004580,2001-05-29T08:38:00+00:00,2001-05-29T23:49:00+00:00,REV
LONG,1.423580,1.420500,-0.003080,2001-05-29T23:49:00+00:00,2001-05-31T09:48:00+00:00,REV
SHORT,1.420500,1.415180,0.005320,2001-05-31T09:48:00+00:00,2001-06-06T09:31:00+00:00,REV
LONG,1.415180,1.406700,-0.008480,2001-06-06T09:31:00+00:00,2001-06-06T10:21:00+00:00,REV
SHORT,1.406700,1.393680,0.013020,2001-06-06T10:21:00+00:00,2001-06-08T00:00:00+00:00,REV
LONG,1.393680,1.380100,-0.013580,2001-06-08T00:00:00+00:00,2001-06-08T10:12:00+00:00,REV
SHORT,1.380100,1.380180,-0.000080,2001-06-08T10:12:00+00:00,2001-06-13T15:43:00+00:00,REV
LONG,1.380180,1.400800,0.020620,2001-06-13T15:43:00+00:00,2001-06-19T10:15:00+00:00,REV
SHORT,1.400800,1.402380,-0.001580,2001-06-19T10:15:00+00:00,2001-06-21T10:41:00+00:00,REV
LONG,1.402380,1.411800,0.009420,2001-06-21T10:41:00+00:00,2001-06-26T10:14:00+00:00,REV
SHORT,1.411800,1.417580,-0.005780,2001-06-26T10:14:00+00:00,2001-06-27T00:51:00+00:00,REV
LONG,1.417580,1.412700,-0.004880,2001-06-27T00:51:00+00:00,2001-06-28T12:00:00+00:00,REV
SHORT,1.412700,1.416280,-0.003580,2001-06-28T12:00:00+00:00,2001-07-02T03:27:00+00:00,REV
LONG,1.416280,1.410300,-0.005980,2001-07-02T03:27:00+00:00,2001-07-03T13:11:00+00:00,REV
SHORT,1.410300,1.408080,0.002220,2001-07-03T13:11:00+00:00,2001-07-05T12:57:00+00:00,REV
LONG,1.408080,1.402300,-0.005780,2001-07-05T12:57:00+00:00,2001-07-05T17:27:00+00:00,REV
SHORT,1.402300,1.408680,-0.006380,2001-07-05T17:27:00+00:00,2001-07-06T18:03:00+00:00,REV
LONG,1.408680,1.408100,-0.000580,2001-07-06T18:03:00+00:00,2001-07-11T20:15:00+00:00,REV
SHORT,1.408100,1.404080,0.004020,2001-07-11T20:15:00+00:00,2001-07-17T18:58:00+00:00,REV
LONG,1.404080,1.425200,0.021120,2001-07-17T18:58:00+00:00,2001-07-23T02:04:00+00:00,REV
SHORT,1.425200,1.426080,-0.000880,2001-07-23T02:04:00+00:00,2001-07-24T22:09:00+00:00,REV
LONG,1.426080,1.425300,-0.000780,2001-07-24T22:09:00+00:00,2001-07-27T11:48:00+00:00,REV
SHORT,1.425300,1.427880,-0.002580,2001-07-27T11:48:00+00:00,2001-07-31T04:49:00+00:00,REV
LONG,1.427880,1.428000,0.000120,2001-07-31T04:49:00+00:00,2001-08-03T13:17:00+00:00,REV
SHORT,1.428000,1.419080,0.008920,2001-08-03T13:17:00+00:00,2001-08-09T11:31:00+00:00,REV
LONG,1.419080,1.423400,0.004320,2001-08-09T11:31:00+00:00,2001-08-13T03:37:00+00:00,REV
SHORT,1.423400,1.427780,-0.004380,2001-08-13T03:37:00+00:00,2001-08-14T18:34:00+00:00,REV
LONG,1.427780,1.440000,0.012220,2001-08-14T18:34:00+00:00,2001-08-17T17:06:00+00:00,REV
SHORT,1.440000,1.447880,-0.007880,2001-08-17T17:06:00+00:00,2001-08-21T11:03:00+00:00,REV
LONG,1.447880,1.448300,0.000420,2001-08-21T11:03:00+00:00,2001-08-23T09:39:00+00:00,REV
SHORT,1.448300,1.445980,0.002320,2001-08-23T09:39:00+00:00,2001-08-28T17:46:00+00:00,REV
LONG,1.445980,1.449600,0.003620,2001-08-28T17:46:00+00:00,2001-08-30T01:44:00+00:00,REV
SHORT,1.449600,1.457780,-0.008180,2001-08-30T01:44:00+00:00,2001-08-30T18:35:00+00:00,REV
LONG,1.457780,1.451600,-0.006180,2001-08-30T18:35:00+00:00,2001-09-04T07:56:00+00:00,REV
SHORT,1.451600,1.454380,-0.002780,2001-09-04T07:56:00+00:00,2001-09-05T18:19:00+00:00,REV
LONG,1.454380,1.456900,0.002520,2001-09-05T18:19:00+00:00,2001-09-11T00:39:00+00:00,REV
SHORT,1.456900,1.469580,-0.012680,2001-09-11T00:39:00+00:00,2001-09-11T16:50:00+00:00,REV
LONG,1.469580,1.465800,-0.003780,2001-09-11T16:50:00+00:00,2001-09-17T17:45:00+00:00,REV
SHORT,1.465800,1.471780,-0.005980,2001-09-17T17:45:00+00:00,2001-09-19T18:39:00+00:00,REV
LONG,1.471780,1.463100,-0.008680,2001-09-19T18:39:00+00:00,2001-09-21T05:15:00+00:00,REV
SHORT,1.463100,1.466980,-0.003880,2001-09-21T05:15:00+00:00,2001-09-25T16:03:00+00:00,REV
LONG,1.466980,1.471400,0.004420,2001-09-25T16:03:00+00:00,2001-09-28T04:24:00+00:00,REV
SHORT,1.471400,1.474980,-0.003580,2001-09-28T04:24:00+00:00,2001-10-01T12:50:00+00:00,REV
LONG,1.474980,1.470500,-0.004480,2001-10-01T12:50:00+00:00,2001-10-02T17:10:00+00:00,REV
SHORT,1.470500,1.483580,-0.013080,2001-10-02T17:10:00+00:00,2001-10-08T02:03:00+00:00,REV
LONG,1.483580,1.474100,-0.009480,2001-10-08T02:03:00+00:00,2001-10-08T11:50:00+00:00,REV
SHORT,1.474100,1.453080,0.021020,2001-10-08T11:50:00+00:00,2001-10-15T02:50:00+00:00,REV
LONG,1.453080,1.450900,-0.002180,2001-10-15T02:50:00+00:00,2001-10-15T09:32:00+00:00,REV
SHORT,1.450900,1.450180,0.000720,2001-10-15T09:32:00+00:00,2001-10-17T00:18:00+00:00,REV
LONG,1.450180,1.433400,-0.016780,2001-10-17T00:18:00+00:00,2001-10-22T01:59:00+00:00,REV
SHORT,1.433400,1.427180,0.006220,2001-10-22T01:59:00+00:00,2001-10-24T03:31:00+00:00,REV
LONG,1.427180,1.450800,0.023620,2001-10-24T03:31:00+00:00,2001-10-31T00:37:00+00:00,REV
SHORT,1.450800,1.461880,-0.011080,2001-10-31T00:37:00+00:00,2001-11-05T02:00:00+00:00,REV
LONG,1.461880,1.453500,-0.008380,2001-11-05T02:00:00+00:00,2001-11-05T12:48:00+00:00,REV
SHORT,1.453500,1.461780,-0.008280,2001-11-05T12:48:00+00:00,2001-11-07T07:53:00+00:00,REV
LONG,1.461780,1.457000,-0.004780,2001-11-07T07:53:00+00:00,2001-11-12T01:59:00+00:00,REV
SHORT,1.457000,1.418180,0.038820,2001-11-12T01:59:00+00:00,2001-11-26T10:27:00+00:00,REV
LONG,1.418180,1.416600,-0.001580,2001-11-26T10:27:00+00:00,2001-11-26T16:04:00+00:00,REV
SHORT,1.416600,1.417080,-0.000480,2001-11-26T16:04:00+00:00,2001-11-28T07:11:00+00:00,REV
LONG,1.417080,1.423800,0.006720,2001-11-28T07:11:00+00:00,2001-12-03T01:59:00+00:00,REV
SHORT,1.423800,1.432780,-0.008980,2001-12-03T01:59:00+00:00,2001-12-10T02:01:00+00:00,REV
LONG,1.432780,1.453900,0.021120,2001-12-10T02:01:00+00:00,2001-12-19T11:01:00+00:00,REV
SHORT,1.453900,1.450780,0.003120,2001-12-19T11:01:00+00:00,2001-12-26T15:09:00+00:00,REV
LONG,1.450780,1.450300,-0.000480,2001-12-26T15:09:00+00:00,2001-12-31T02:04:00+00:00,REV
SHORT,1.450300,1.464480,-0.014180,2001-12-31T02:04:00+00:00,2001-12-31T17:57:00+00:00,REV
LONG,1.464480,1.448000,-0.016480,2001-12-31T17:57:00+00:00,2002-01-02T10:37:00+00:00,REV
SHORT,1.448000,1.448980,-0.000980,2002-01-02T10:37:00+00:00,2002-01-09T01:43:00+00:00,REV
LONG,1.448980,1.437800,-0.011180,2002-01-09T01:43:00+00:00,2002-01-09T18:37:00+00:00,REV
SHORT,1.437800,1.449180,-0.011380,2002-01-09T18:37:00+00:00,2002-01-14T02:03:00+00:00,REV
LONG,1.449180,1.446900,-0.002280,2002-01-14T02:03:00+00:00,2002-01-15T11:01:00+00:00,REV
SHORT,1.446900,1.439880,0.007020,2002-01-15T11:01:00+00:00,2002-01-21T02:00:00+00:00,REV
LONG,1.439880,1.434900,-0.004980,2002-01-21T02:00:00+00:00,2002-01-21T17:07:00+00:00,REV
SHORT,1.434900,1.411580,0.023320,2002-01-21T17:07:00+00:00,2002-01-29T14:19:00+00:00,REV
LONG,1.411580,1.414500,0.002920,2002-01-29T14:19:00+00:00,2002-02-05T19:13:00+00:00,REV
SHORT,1.414500,1.422480,-0.007980,2002-02-05T19:13:00+00:00,2002-02-07T00:00:00+00:00,REV
LONG,1.422480,1.427800,0.005320,2002-02-07T00:00:00+00:00,2002-02-19T02:27:00+00:00,REV
SHORT,1.427800,1.429080,-0.001280,2002-02-19T02:27:00+00:00,2002-02-22T14:53:00+00:00,REV
LONG,1.429080,1.424600,-0.004480,2002-02-22T14:53:00+00:00,2002-02-25T20:54:00+00:00,REV
SHORT,1.424600,1.420980,0.003620,2002-02-25T20:54:00+00:00,2002-03-04T05:18:00+00:00,REV
LONG,1.420980,1.416900,-0.004080,2002-03-04T05:18:00+00:00,2002-03-04T13:21:00+00:00,REV
SHORT,1.416900,1.425080,-0.008180,2002-03-04T13:21:00+00:00,2002-03-05T23:05:00+00:00,REV
LONG,1.425080,1.422000,-0.003080,2002-03-05T23:05:00+00:00,2002-03-11T02:01:00+00:00,REV
SHORT,1.422000,1.425180,-0.003180,2002-03-11T02:01:00+00:00,2002-03-11T22:19:00+00:00,REV
LONG,1.425180,1.418600,-0.006580,2002-03-11T22:19:00+00:00,2002-03-12T09:30:00+00:00,REV
SHORT,1.418600,1.423780,-0.005180,2002-03-12T09:30:00+00:00,2002-03-18T02:00:00+00:00,REV
LONG,1.423780,1.420900,-0.002880,2002-03-18T02:00:00+00:00,2002-03-19T19:02:00+00:00,REV
SHORT,1.420900,1.429780,-0.008880,2002-03-19T19:02:00+00:00,2002-03-21T00:01:00+00:00,REV
LONG,1.429780,1.424300,-0.005480,2002-03-21T00:01:00+00:00,2002-03-25T01:59:00+00:00,REV
SHORT,1.424300,1.428680,-0.004380,2002-03-25T01:59:00+00:00,2002-03-26T16:21:00+00:00,REV
LONG,1.428680,1.422800,-0.005880,2002-03-26T16:21:00+00:00,2002-03-27T17:49:00+00:00,REV
SHORT,1.422800,1.427080,-0.004280,2002-03-27T17:49:00+00:00,2002-04-01T05:23:00+00:00,REV
LONG,1.427080,1.435500,0.008420,2002-04-01T05:23:00+00:00,2002-04-03T02:54:00+00:00,REV
SHORT,1.435500,1.436280,-0.000780,2002-04-03T02:54:00+00:00,2002-04-09T19:46:00+00:00,REV
LONG,1.436280,1.436000,-0.000280,2002-04-09T19:46:00+00:00,2002-04-15T03:42:00+00:00,REV
SHORT,1.436000,1.437180,-0.001180,2002-04-15T03:42:00+00:00,2002-04-15T06:27:00+00:00,REV
LONG,1.437180,1.446300,0.009120,2002-04-15T06:27:00+00:00,2002-04-24T11:38:00+00:00,REV
SHORT,1.446300,1.457780,-0.011480,2002-04-24T11:38:00+00:00,2002-04-29T02:04:00+00:00,REV
LONG,1.457780,1.456500,-0.001280,2002-04-29T02:04:00+00:00,2002-04-30T10:52:00+00:00,REV
SHORT,1.456500,1.459880,-0.003380,2002-04-30T10:52:00+00:00,2002-05-01T17:47:00+00:00,REV
LONG,1.459880,1.466600,0.006720,2002-05-01T17:47:00+00:00,2002-05-07T11:21:00+00:00,REV
SHORT,1.466600,1.462880,0.003720,2002-05-07T11:21:00+00:00,2002-05-13T01:58:00+00:00,REV
LONG,1.462880,1.456100,-0.006780,2002-05-13T01:58:00+00:00,2002-05-14T05:33:00+00:00,REV
SHORT,1.456100,1.458480,-0.002380,2002-05-14T05:33:00+00:00,2002-05-15T19:10:00+00:00,REV
LONG,1.458480,1.458500,0.000020,2002-05-15T19:10:00+00:00,2002-05-20T04:31:00+00:00,REV
SHORT,1.458500,1.461080,-0.002580,2002-05-20T04:31:00+00:00,2002-05-20T06:10:00+00:00,REV
LONG,1.461080,1.457500,-0.003580,2002-05-20T06:10:00+00:00,2002-05-21T05:06:00+00:00,REV
SHORT,1.457500,1.461580,-0.004080,2002-05-21T05:06:00+00:00,2002-05-22T06:19:00+00:00,REV
LONG,1.461580,1.457000,-0.004580,2002-05-22T06:19:00+00:00,2002-05-23T06:50:00+00:00,REV
SHORT,1.457000,1.458980,-0.001980,2002-05-23T06:50:00+00:00,2002-05-28T10:53:00+00:00,REV
LONG,1.458980,1.457000,-0.001980,2002-05-28T10:53:00+00:00,2002-06-03T02:00:00+00:00,REV
SHORT,1.457000,1.463380,-0.006380,2002-06-03T02:00:00+00:00,2002-06-03T19:03:00+00:00,REV
LONG,1.463380,1.458800,-0.004580,2002-06-03T19:03:00+00:00,2002-06-05T00:17:00+00:00,REV
SHORT,1.458800,1.460280,-0.001480,2002-06-05T00:17:00+00:00,2002-06-10T13:33:00+00:00,REV
LONG,1.460280,1.527900,0.067620,2002-06-10T13:33:00+00:00,2002-07-02T08:25:00+00:00,REV
SHORT,1.527900,1.535080,-0.007180,2002-07-02T08:25:00+00:00,2002-07-02T22:28:00+00:00,REV
LONG,1.535080,1.523400,-0.011680,2002-07-02T22:28:00+00:00,2002-07-03T15:15:00+00:00,REV
SHORT,1.523400,1.528080,-0.004680,2002-07-03T15:15:00+00:00,2002-07-08T03:45:00+00:00,REV
LONG,1.528080,1.568900,0.040820,2002-07-08T03:45:00+00:00,2002-07-17T12:02:00+00:00,REV
SHORT,1.568900,1.585280,-0.016380,2002-07-17T12:02:00+00:00,2002-07-19T05:34:00+00:00,REV
LONG,1.585280,1.575700,-0.009580,2002-07-19T05:34:00+00:00,2002-07-22T04:19:00+00:00,REV
SHORT,1.575700,1.578480,-0.002780,2002-07-22T04:19:00+00:00,2002-07-25T06:14:00+00:00,REV
LONG,1.578480,1.565500,-0.012980,2002-07-25T06:14:00+00:00,2002-07-29T01:58:00+00:00,REV
SHORT,1.565500,1.568880,-0.003380,2002-07-29T01:58:00+00:00,2002-07-30T16:29:00+00:00,REV
LONG,1.568880,1.560900,-0.007980,2002-07-30T16:29:00+00:00,2002-07-31T15:57:00+00:00,REV
SHORT,1.560900,1.565380,-0.004480,2002-07-31T15:57:00+00:00,2002-08-02T12:28:00+00:00,REV
LONG,1.565380,1.560200,-0.005180,2002-08-02T12:28:00+00:00,2002-08-06T00:10:00+00:00,REV
SHORT,1.560200,1.533680,0.026520,2002-08-06T00:10:00+00:00,2002-08-13T15:11:00+00:00,REV
LONG,1.533680,1.535500,0.001820,2002-08-13T15:11:00+00:00,2002-08-15T00:16:00+00:00,REV
SHORT,1.535500,1.539980,-0.004480,2002-08-15T00:16:00+00:00,2002-08-19T02:45:00+00:00,REV
LONG,1.539980,1.532400,-0.007580,2002-08-19T02:45:00+00:00,2002-08-19T15:52:00+00:00,REV
SHORT,1.532400,1.530880,0.001520,2002-08-19T15:52:00+00:00,2002-08-21T03:22:00+00:00,REV
LONG,1.530880,1.521900,-0.008980,2002-08-21T03:22:00+00:00,2002-08-21T15:26:00+00:00,REV
SHORT,1.521900,1.523480,-0.001580,2002-08-21T15:26:00+00:00,2002-08-26T03:24:00+00:00,REV
LONG,1.523480,1.563100,0.039620,2002-08-26T03:24:00+00:00,2002-09-06T15:36:00+00:00,REV
SHORT,1.563100,1.558380,0.004720,2002-09-06T15:36:00+00:00,2002-09-12T19:55:00+00:00,REV
LONG,1.558380,1.551900,-0.006480,2002-09-12T19:55:00+00:00,2002-09-13T19:37:00+00:00,REV
SHORT,1.551900,1.542480,0.009420,2002-09-13T19:37:00+00:00,2002-09-18T01:11:00+00:00,REV
LONG,1.542480,1.549000,0.006520,2002-09-18T01:11:00+00:00,2002-09-20T14:09:00+00:00,REV
SHORT,1.549000,1.559380,-0.010380,2002-09-20T14:09:00+00:00,2002-09-23T17:29:00+00:00,REV
LONG,1.559380,1.548700,-0.010680,2002-09-23T17:29:00+00:00,2002-09-24T02:32:00+00:00,REV
SHORT,1.548700,1.560780,-0.012080,2002-09-24T02:32:00+00:00,2002-09-25T00:34:00+00:00,REV
LONG,1.560780,1.556900,-0.003880,2002-09-25T00:34:00+00:00,2002-09-26T15:45:00+00:00,REV
SHORT,1.556900,1.561780,-0.004880,2002-09-26T15:45:00+00:00,2002-09-30T03:04:00+00:00,REV
LONG,1.561780,1.565500,0.003720,2002-09-30T03:04:00+00:00,2002-10-02T00:33:00+00:00,REV
SHORT,1.565500,1.570280,-0.004780,2002-10-02T00:33:00+00:00,2002-10-03T00:36:00+00:00,REV
LONG,1.570280,1.567400,-0.002880,2002-10-03T00:36:00+00:00,2002-10-04T15:32:00+00:00,REV
SHORT,1.567400,1.567780,-0.000380,2002-10-04T15:32:00+00:00,2002-10-08T04:15:00+00:00,REV
LONG,1.567780,1.562700,-0.005080,2002-10-08T04:15:00+00:00,2002-10-08T15:24:00+00:00,REV
SHORT,1.562700,1.566280,-0.003580,2002-10-08T15:24:00+00:00,2002-10-10T10:20:00+00:00,REV
LONG,1.566280,1.561600,-0.004680,2002-10-10T10:20:00+00:00,2002-10-11T13:37:00+00:00,REV
SHORT,1.561600,1.556280,0.005320,2002-10-11T13:37:00+00:00,2002-10-17T14:11:00+00:00,REV
LONG,1.556280,1.549800,-0.006480,2002-10-17T14:11:00+00:00,2002-10-17T19:16:00+00:00,REV
SHORT,1.549800,1.549680,0.000120,2002-10-17T19:16:00+00:00,2002-10-23T11:16:00+00:00,REV
LONG,1.549680,1.549500,-0.000180,2002-10-23T11:16:00+00:00,2002-10-28T02:01:00+00:00,REV
SHORT,1.549500,1.556980,-0.007480,2002-10-28T02:01:00+00:00,2002-10-28T18:34:00+00:00,REV
LONG,1.556980,1.561200,0.004220,2002-10-28T18:34:00+00:00,2002-11-04T10:45:00+00:00,REV
SHORT,1.561200,1.565380,-0.004180,2002-11-04T10:45:00+00:00,2002-11-05T10:30:00+00:00,REV
LONG,1.565380,1.586300,0.020920,2002-11-05T10:30:00+00:00,2002-11-12T02:21:00+00:00,REV
SHORT,1.586300,1.582080,0.004220,2002-11-12T02:21:00+00:00,2002-11-18T02:14:00+00:00,REV
LONG,1.582080,1.577900,-0.004180,2002-11-18T02:14:00+00:00,2002-11-19T20:17:00+00:00,REV
SHORT,1.577900,1.580980,-0.003080,2002-11-19T20:17:00+00:00,2002-11-21T16:03:00+00:00,REV
LONG,1.580980,1.577700,-0.003280,2002-11-21T16:03:00+00:00,2002-11-25T02:24:00+00:00,REV
SHORT,1.577700,1.554280,0.023420,2002-11-25T02:24:00+00:00,2002-11-28T16:15:00+00:00,REV
LONG,1.554280,1.547300,-0.006980,2002-11-28T16:15:00+00:00,2002-12-02T14:33:00+00:00,REV
SHORT,1.547300,1.557680,-0.010380,2002-12-02T14:33:00+00:00,2002-12-02T20:02:00+00:00,REV
LONG,1.557680,1.567900,0.010220,2002-12-02T20:02:00+00:00,2002-12-05T03:04:00+00:00,REV
SHORT,1.567900,1.574280,-0.006380,2002-12-05T03:04:00+00:00,2002-12-06T10:25:00+00:00,REV
LONG,1.574280,1.575100,0.000820,2002-12-06T10:25:00+00:00,2002-12-10T15:27:00+00:00,REV
SHORT,1.575100,1.577980,-0.002880,2002-12-10T15:27:00+00:00,2002-12-12T11:29:00+00:00,REV
LONG,1.577980,1.600700,0.022720,2002-12-12T11:29:00+00:00,2002-12-23T13:26:00+00:00,REV
SHORT,1.600700,1.597580,0.003120,2002-12-23T13:26:00+00:00,2002-12-26T14:39:00+00:00,REV
LONG,1.597580,1.601600,0.004020,2002-12-26T14:39:00+00:00,2002-12-31T09:47:00+00:00,REV
SHORT,1.601600,1.606280,-0.004680,2002-12-31T09:47:00+00:00,2002-12-31T10:30:00+00:00,REV
LONG,1.606280,1.601100,-0.005180,2002-12-31T10:30:00+00:00,2003-01-02T17:05:00+00:00,REV
SHORT,1.601100,1.610880,-0.009780,2003-01-02T17:05:00+00:00,2003-01-03T22:38:00+00:00,REV
LONG,1.610880,1.606800,-0.004080,2003-01-03T22:38:00+00:00,2003-01-07T00:56:00+00:00,REV
SHORT,1.606800,1.609180,-0.002380,2003-01-07T00:56:00+00:00,2003-01-08T19:07:00+00:00,REV
LONG,1.609180,1.604600,-0.004580,2003-01-08T19:07:00+00:00,2003-01-13T11:58:00+00:00,REV
SHORT,1.604600,1.610080,-0.005480,2003-01-13T11:58:00+00:00,2003-01-14T16:19:00+00:00,REV
LONG,1.610080,1.599000,-0.011080,2003-01-14T16:19:00+00:00,2003-01-15T12:26:00+00:00,REV
SHORT,1.599000,1.607580,-0.008580,2003-01-15T12:26:00+00:00,2003-01-16T15:57:00+00:00,REV
LONG,1.607580,1.608900,0.001320,2003-01-16T15:57:00+00:00,2003-01-20T13:28:00+00:00,REV
SHORT,1.608900,1.612780,-0.003880,2003-01-20T13:28:00+00:00,2003-01-21T18:39:00+00:00,REV
LONG,1.612780,1.642900,0.030120,2003-01-21T18:39:00+00:00,2003-02-03T04:36:00+00:00,REV
SHORT,1.642900,1.648480,-0.005580,2003-02-03T04:36:00+00:00,2003-02-04T16:10:00+00:00,REV
LONG,1.648480,1.642500,-0.005980,2003-02-04T16:10:00+00:00,2003-02-05T19:20:00+00:00,REV
SHORT,1.642500,1.622480,0.020020,2003-02-05T19:20:00+00:00,2003-02-13T09:12:00+00:00,REV
LONG,1.622480,1.615500,-0.006980,2003-02-13T09:12:00+00:00,2003-02-14T13:30:00+00:00,REV
SHORT,1.615500,1.598180,0.017320,2003-02-14T13:30:00+00:00,2003-02-20T02:52:00+00:00,REV
LONG,1.598180,1.591400,-0.006780,2003-02-20T02:52:00+00:00,2003-02-21T09:39:00+00:00,REV
SHORT,1.591400,1.588480,0.002920,2003-02-21T09:39:00+00:00,2003-02-25T04:03:00+00:00,REV
LONG,1.588480,1.574500,-0.013980,2003-02-25T04:03:00+00:00,2003-02-25T14:51:00+00:00,REV
SHORT,1.574500,1.585080,-0.010580,2003-02-25T14:51:00+00:00,2003-02-27T03:08:00+00:00,REV
LONG,1.585080,1.576200,-0.008880,2003-02-27T03:08:00+00:00,2003-02-28T14:58:00+00:00,REV
SHORT,1.576200,1.581280,-0.005080,2003-02-28T14:58:00+00:00,2003-03-04T02:21:00+00:00,REV
LONG,1.581280,1.599000,0.017720,2003-03-04T02:21:00+00:00,2003-03-07T00:48:00+00:00,REV
SHORT,1.599000,1.606980,-0.007980,2003-03-07T00:48:00+00:00,2003-03-07T13:17:00+00:00,REV
LONG,1.606980,1.596300,-0.010680,2003-03-07T13:17:00+00:00,2003-03-10T10:37:00+00:00,REV
SHORT,1.596300,1.604180,-0.007880,2003-03-10T10:37:00+00:00,2003-03-11T14:51:00+00:00,REV
LONG,1.604180,1.605000,0.000820,2003-03-11T14:51:00+00:00,2003-03-13T03:42:00+00:00,REV
SHORT,1.605000,1.568180,0.036820,2003-03-13T03:42:00+00:00,2003-03-20T08:08:00+00:00,REV
LONG,1.568180,1.562400,-0.005780,2003-03-20T08:08:00+00:00,2003-03-21T09:48:00+00:00,REV
SHORT,1.562400,1.570080,-0.007680,2003-03-21T09:48:00+00:00,2003-03-24T09:32:00+00:00,REV
LONG,1.570080,1.570500,0.000420,2003-03-24T09:32:00+00:00,2003-03-27T17:28:00+00:00,REV
SHORT,1.570500,1.578680,-0.008180,2003-03-27T17:28:00+00:00,2003-03-31T09:54:00+00:00,REV
LONG,1.578680,1.573500,-0.005180,2003-03-31T09:54:00+00:00,2003-04-01T15:56:00+00:00,REV
SHORT,1.573500,1.556880,0.016620,2003-04-01T15:56:00+00:00,2003-04-09T04:58:00+00:00,REV
LONG,1.556880,1.568500,0.011620,2003-04-09T04:58:00+00:00,2003-04-15T10:34:00+00:00,REV
SHORT,1.568500,1.574680,-0.006180,2003-04-15T10:34:00+00:00,2003-04-16T11:16:00+00:00,REV
LONG,1.574680,1.571000,-0.003680,2003-04-16T11:16:00+00:00,2003-04-21T16:23:00+00:00,REV
SHORT,1.571000,1.575480,-0.004480,2003-04-21T16:23:00+00:00,2003-04-22T12:07:00+00:00,REV
LONG,1.575480,1.587600,0.012120,2003-04-22T12:07:00+00:00,2003-04-29T05:27:00+00:00,REV
SHORT,1.587600,1.595180,-0.007580,2003-04-29T05:27:00+00:00,2003-04-30T02:29:00+00:00,REV
LONG,1.595180,1.605900,0.010720,2003-04-30T02:29:00+00:00,2003-05-07T14:05:00+00:00,REV
SHORT,1.605900,1.608380,-0.002480,2003-05-07T14:05:00+00:00,2003-05-09T10:32:00+00:00,REV
LONG,1.608380,1.633300,0.024920,2003-05-09T10:32:00+00:00,2003-05-22T00:25:00+00:00,REV
SHORT,1.633300,1.639880,-0.006580,2003-05-22T00:25:00+00:00,2003-05-23T11:04:00+00:00,REV
LONG,1.639880,1.637600,-0.002280,2003-05-23T11:04:00+00:00,2003-05-28T10:57:00+00:00,REV
SHORT,1.637600,1.644180,-0.006580,2003-05-28T10:57:00+00:00,2003-05-29T14:47:00+00:00,REV
LONG,1.644180,1.628100,-0.016080,2003-05-29T14:47:00+00:00,2003-06-02T00:00:00+00:00,REV
SHORT,1.628100,1.640080,-0.011980,2003-06-02T00:00:00+00:00,2003-06-03T09:38:00+00:00,REV
LONG,1.640080,1.625700,-0.014380,2003-06-03T09:38:00+00:00,2003-06-03T19:58:00+00:00,REV
SHORT,1.625700,1.634980,-0.009280,2003-06-03T19:58:00+00:00,2003-06-05T10:07:00+00:00,REV
LONG,1.634980,1.654800,0.019820,2003-06-05T10:07:00+00:00,2003-06-09T11:04:00+00:00,REV
SHORT,1.654800,1.657880,-0.003080,2003-06-09T11:04:00+00:00,2003-06-11T09:43:00+00:00,REV
LONG,1.657880,1.665900,0.008020,2003-06-11T09:43:00+00:00,2003-06-13T15:02:00+00:00,REV
SHORT,1.665900,1.675480,-0.009580,2003-06-13T15:02:00+00:00,2003-06-16T03:39:00+00:00,REV
LONG,1.675480,1.677000,0.001520,2003-06-16T03:39:00+00:00,2003-06-18T13:12:00+00:00,REV
SHORT,1.677000,1.681080,-0.004080,2003-06-18T13:12:00+00:00,2003-06-20T03:56:00+00:00,REV
LONG,1.681080,1.669300,-0.011780,2003-06-20T03:56:00+00:00,2003-06-20T15:45:00+00:00,REV
SHORT,1.669300,1.669980,-0.000680,2003-06-20T15:45:00+00:00,2003-06-24T10:51:00+00:00,REV
LONG,1.669980,1.661500,-0.008480,2003-06-24T10:51:00+00:00,2003-06-26T16:08:00+00:00,REV
SHORT,1.661500,1.657580,0.003920,2003-06-26T16:08:00+00:00,2003-07-01T12:45:00+00:00,REV
LONG,1.657580,1.666500,0.008920,2003-07-01T12:45:00+00:00,2003-07-07T04:08:00+00:00,REV
SHORT,1.666500,1.638180,0.028320,2003-07-07T04:08:00+00:00,2003-07-11T03:15:00+00:00,REV
LONG,1.638180,1.629900,-0.008280,2003-07-11T03:15:00+00:00,2003-07-14T00:00:00+00:00,REV
SHORT,1.629900,1.630080,-0.000180,2003-07-14T00:00:00+00:00,2003-07-14T00:05:00+00:00,REV
LONG,1.630080,1.612600,-0.017480,2003-07-14T00:05:00+00:00,2003-07-15T00:29:00+00:00,REV
SHORT,1.612600,1.597580,0.015020,2003-07-15T00:29:00+00:00,2003-07-17T01:15:00+00:00,REV
LONG,1.597580,1.585600,-0.011980,2003-07-17T01:15:00+00:00,2003-07-17T16:16:00+00:00,REV
SHORT,1.585600,1.598780,-0.013180,2003-07-17T16:16:00+00:00,2003-07-21T18:20:00+00:00,REV
LONG,1.598780,1.595100,-0.003680,2003-07-21T18:20:00+00:00,2003-07-23T02:51:00+00:00,REV
SHORT,1.595100,1.605580,-0.010480,2003-07-23T02:51:00+00:00,2003-07-23T15:29:00+00:00,REV
LONG,1.605580,1.621600,0.016020,2003-07-23T15:29:00+00:00,2003-07-30T10:56:00+00:00,REV
SHORT,1.621600,1.612780,0.008820,2003-07-30T10:56:00+00:00,2003-08-04T03:20:00+00:00,REV
LONG,1.612780,1.606500,-0.006280,2003-08-04T03:20:00+00:00,2003-08-05T17:00:00+00:00,REV
SHORT,1.606500,1.615680,-0.009180,2003-08-05T17:00:00+00:00,2003-08-05T23:25:00+00:00,REV
LONG,1.615680,1.604800,-0.010880,2003-08-05T23:25:00+00:00,2003-08-08T21:49:00+00:00,REV
SHORT,1.604800,1.609980,-0.005180,2003-08-08T21:49:00+00:00,2003-08-13T17:10:00+00:00,REV
LONG,1.609980,1.598700,-0.011280,2003-08-13T17:10:00+00:00,2003-08-15T14:30:00+00:00,REV
SHORT,1.598700,1.591780,0.006920,2003-08-15T14:30:00+00:00,2003-08-20T10:43:00+00:00,REV
LONG,1.591780,1.586100,-0.005680,2003-08-20T10:43:00+00:00,2003-08-21T10:19:00+00:00,REV
SHORT,1.586100,1.574980,0.011120,2003-08-21T10:19:00+00:00,2003-08-27T18:25:00+00:00,REV
LONG,1.574980,1.567200,-0.007780,2003-08-27T18:25:00+00:00,2003-08-28T02:36:00+00:00,REV
SHORT,1.567200,1.575680,-0.008480,2003-08-28T02:36:00+00:00,2003-08-28T16:51:00+00:00,REV
LONG,1.575680,1.573000,-0.002680,2003-08-28T16:51:00+00:00,2003-09-01T13:47:00+00:00,REV
SHORT,1.573000,1.575380,-0.002380,2003-09-01T13:47:00+00:00,2003-09-03T20:05:00+00:00,REV
LONG,1.575380,1.582500,0.007120,2003-09-03T20:05:00+00:00,2003-09-09T00:40:00+00:00,REV
SHORT,1.582500,1.590780,-0.008280,2003-09-09T00:40:00+00:00,2003-09-09T16:29:00+00:00,REV
LONG,1.590780,1.600300,0.009520,2003-09-09T16:29:00+00:00,2003-09-16T09:57:00+00:00,REV
SHORT,1.600300,1.605980,-0.005680,2003-09-16T09:57:00+00:00,2003-09-17T19:16:00+00:00,REV
LONG,1.605980,1.656000,0.050020,2003-09-17T19:16:00+00:00,2003-09-29T10:13:00+00:00,REV
SHORT,1.656000,1.663180,-0.007180,2003-09-29T10:13:00+00:00,2003-09-29T18:04:00+00:00,REV
LONG,1.663180,1.658700,-0.004480,2003-09-29T18:04:00+00:00,2003-10-01T13:53:00+00:00,REV
SHORT,1.658700,1.665880,-0.007180,2003-10-01T13:53:00+00:00,2003-10-06T12:14:00+00:00,REV
LONG,1.665880,1.661400,-0.004480,2003-10-06T12:14:00+00:00,2003-10-08T13:43:00+00:00,REV
SHORT,1.661400,1.667580,-0.006180,2003-10-08T13:43:00+00:00,2003-10-09T09:26:00+00:00,REV
LONG,1.667580,1.658900,-0.008680,2003-10-09T09:26:00+00:00,2003-10-09T16:01:00+00:00,REV
SHORT,1.658900,1.669880,-0.010980,2003-10-09T16:01:00+00:00,2003-10-10T15:57:00+00:00,REV
LONG,1.669880,1.660700,-0.009180,2003-10-10T15:57:00+00:00,2003-10-13T10:22:00+00:00,REV
SHORT,1.660700,1.672880,-0.012180,2003-10-13T10:22:00+00:00,2003-10-14T18:57:00+00:00,REV
LONG,1.672880,1.670100,-0.002780,2003-10-14T18:57:00+00:00,2003-10-21T03:09:00+00:00,REV
SHORT,1.670100,1.677880,-0.007780,2003-10-21T03:09:00+00:00,2003-10-22T09:17:00+00:00,REV
LONG,1.677880,1.693400,0.015520,2003-10-22T09:17:00+00:00,2003-10-27T05:16:00+00:00,REV
SHORT,1.693400,1.698180,-0.004780,2003-10-27T05:16:00+00:00,2003-10-28T21:19:00+00:00,REV
LONG,1.698180,1.696400,-0.001780,2003-10-28T21:19:00+00:00,2003-10-30T19:59:00+00:00,REV
SHORT,1.696400,1.684980,0.011420,2003-10-30T19:59:00+00:00,2003-11-05T01:00:00+00:00,REV
LONG,1.684980,1.670400,-0.014580,2003-11-05T01:00:00+00:00,2003-11-06T15:33:00+00:00,REV
SHORT,1.670400,1.675580,-0.005180,2003-11-06T15:33:00+00:00,2003-11-10T08:52:00+00:00,REV
LONG,1.675580,1.668700,-0.006880,2003-11-10T08:52:00+00:00,2003-11-11T00:16:00+00:00,REV
SHORT,1.668700,1.670180,-0.001480,2003-11-11T00:16:00+00:00,2003-11-12T04:55:00+00:00,REV
LONG,1.670180,1.686400,0.016220,2003-11-12T04:55:00+00:00,2003-11-18T14:19:00+00:00,REV
SHORT,1.686400,1.694480,-0.008080,2003-11-18T14:19:00+00:00,2003-11-18T17:04:00+00:00,REV
LONG,1.694480,1.699800,0.005320,2003-11-18T17:04:00+00:00,2003-11-24T11:50:00+00:00,REV
SHORT,1.699800,1.702980,-0.003180,2003-11-24T11:50:00+00:00,2003-11-26T09:45:00+00:00,REV
LONG,1.702980,1.718400,0.015420,2003-11-26T09:45:00+00:00,2003-12-02T08:56:00+00:00,REV
SHORT,1.718400,1.727980,-0.009580,2003-12-02T08:56:00+00:00,2003-12-02T17:30:00+00:00,REV
LONG,1.727980,1.724900,-0.003080,2003-12-02T17:30:00+00:00,2003-12-04T02:59:00+00:00,REV
SHORT,1.724900,1.729280,-0.004380,2003-12-04T02:59:00+00:00,2003-12-05T20:43:00+00:00,REV
LONG,1.729280,1.737300,0.008020,2003-12-05T20:43:00+00:00,2003-12-15T00:00:00+00:00,REV
SHORT,1.737300,1.748480,-0.011180,2003-12-15T00:00:00+00:00,2003-12-16T06:04:00+00:00,REV
LONG,1.748480,1.763500,0.015020,2003-12-16T06:04:00+00:00,2003-12-19T17:32:00+00:00,REV
SHORT,1.763500,1.767280,-0.003780,2003-12-19T17:32:00+00:00,2003-12-24T13:57:00+00:00,REV
LONG,1.767280,1.812500,0.045220,2003-12-24T13:57:00+00:00,2004-01-08T11:16:00+00:00,REV
SHORT,1.812500,1.826180,-0.013680,2004-01-08T11:16:00+00:00,2004-01-08T15:31:00+00:00,REV
LONG,1.826180,1.845400,0.019220,2004-01-08T15:31:00+00:00,2004-01-13T01:18:00+00:00,REV
SHORT,1.845400,1.802380,0.043020,2004-01-13T01:18:00+00:00,2004-01-20T11:41:00+00:00,REV
LONG,1.802380,1.831600,0.029220,2004-01-20T11:41:00+00:00,2004-01-23T18:02:00+00:00,REV
SHORT,1.831600,1.829580,0.002020,2004-01-23T18:02:00+00:00,2004-01-28T00:35:00+00:00,REV
LONG,1.829580,1.816800,-0.012780,2004-01-28T00:35:00+00:00,2004-01-29T00:14:00+00:00,REV
SHORT,1.816800,1.826780,-0.009980,2004-01-29T00:14:00+00:00,2004-02-02T02:48:00+00:00,REV
LONG,1.826780,1.888200,0.061420,2004-02-02T02:48:00+00:00,2004-02-13T17:41:00+00:00,REV
SHORT,1.888200,1.892080,-0.003880,2004-02-13T17:41:00+00:00,2004-02-17T04:41:00+00:00,REV
LONG,1.892080,1.887200,-0.004880,2004-02-17T04:41:00+00:00,2004-02-18T21:55:00+00:00,REV
SHORT,1.887200,1.898280,-0.011080,2004-02-18T21:55:00+00:00,2004-02-20T01:31:00+00:00,REV
LONG,1.898280,1.886800,-0.011480,2004-02-20T01:31:00+00:00,2004-02-20T09:55:00+00:00,REV
SHORT,1.886800,1.870980,0.015820,2004-02-20T09:55:00+00:00,2004-02-24T11:41:00+00:00,REV
LONG,1.870980,1.869400,-0.001580,2004-02-24T11:41:00+00:00,2004-02-26T10:22:00+00:00,REV
SHORT,1.869400,1.869080,0.000320,2004-02-26T10:22:00+00:00,2004-03-01T01:34:00+00:00,REV
LONG,1.869080,1.864500,-0.004580,2004-03-01T01:34:00+00:00,2004-03-02T09:28:00+00:00,REV
SHORT,1.864500,1.838180,0.026320,2004-03-02T09:28:00+00:00,2004-03-05T15:59:00+00:00,REV
LONG,1.838180,1.842600,0.004420,2004-03-05T15:59:00+00:00,2004-03-09T11:50:00+00:00,REV
SHORT,1.842600,1.811980,0.030620,2004-03-09T11:50:00+00:00,2004-03-16T10:12:00+00:00,REV
LONG,1.811980,1.840500,0.028520,2004-03-16T10:12:00+00:00,2004-03-24T12:39:00+00:00,REV
SHORT,1.840500,1.822880,0.017620,2004-03-24T12:39:00+00:00,2004-03-30T06:30:00+00:00,REV
LONG,1.822880,1.828700,0.005820,2004-03-30T06:30:00+00:00,2004-04-02T15:31:00+00:00,REV
SHORT,1.828700,1.831080,-0.002380,2004-04-02T15:31:00+00:00,2004-04-06T12:27:00+00:00,REV
LONG,1.831080,1.833900,0.002820,2004-04-06T12:27:00+00:00,2004-04-08T14:00:00+00:00,REV
SHORT,1.833900,1.835180,-0.001280,2004-04-08T14:00:00+00:00,2004-04-12T03:41:00+00:00,REV
LONG,1.835180,1.831400,-0.003780,2004-04-12T03:41:00+00:00,2004-04-13T09:42:00+00:00,REV
SHORT,1.831400,1.799980,0.031420,2004-04-13T09:42:00+00:00,2004-04-16T17:35:00+00:00,REV
LONG,1.799980,1.797600,-0.002380,2004-04-16T17:35:00+00:00,2004-04-20T10:01:00+00:00,REV
SHORT,1.797600,1.776680,0.020920,2004-04-20T10:01:00+00:00,2004-04-23T00:21:00+00:00,REV
LONG,1.776680,1.782000,0.005320,2004-04-23T00:21:00+00:00,2004-04-28T16:04:00+00:00,REV
SHORT,1.782000,1.779180,0.002820,2004-04-28T16:04:00+00:00,2004-05-04T10:56:00+00:00,REV
LONG,1.779180,1.787900,0.008720,2004-05-04T10:56:00+00:00,2004-05-07T10:25:00+00:00,REV
SHORT,1.787900,1.798780,-0.010880,2004-05-07T10:25:00+00:00,2004-05-07T14:20:00+00:00,REV
LONG,1.798780,1.782600,-0.016180,2004-05-07T14:20:00+00:00,2004-05-10T05:19:00+00:00,REV
SHORT,1.782600,1.777780,0.004820,2004-05-10T05:19:00+00:00,2004-05-12T15:43:00+00:00,REV
LONG,1.777780,1.757600,-0.020180,2004-05-12T15:43:00+00:00,2004-05-14T09:44:00+00:00,REV
SHORT,1.757600,1.764880,-0.007280,2004-05-14T09:44:00+00:00,2004-05-17T05:13:00+00:00,REV
LONG,1.764880,1.831400,0.066520,2004-05-17T05:13:00+00:00,2004-06-01T02:35:00+00:00,REV
SHORT,1.831400,1.837480,-0.006080,2004-06-01T02:35:00+00:00,2004-06-01T08:59:00+00:00,REV
LONG,1.837480,1.830900,-0.006580,2004-06-01T08:59:00+00:00,2004-06-03T07:07:00+00:00,REV
SHORT,1.830900,1.843380,-0.012480,2004-06-03T07:07:00+00:00,2004-06-04T15:44:00+00:00,REV
LONG,1.843380,1.834900,-0.008480,2004-06-04T15:44:00+00:00,2004-06-08T17:04:00+00:00,REV
SHORT,1.834900,1.842080,-0.007180,2004-06-08T17:04:00+00:00,2004-06-10T19:29:00+00:00,REV
LONG,1.842080,1.819200,-0.022880,2004-06-10T19:29:00+00:00,2004-06-11T13:35:00+00:00,REV
SHORT,1.819200,1.818980,0.000220,2004-06-11T13:35:00+00:00,2004-06-15T15:32:00+00:00,REV
LONG,1.818980,1.827900,0.008920,2004-06-15T15:32:00+00:00,2004-06-22T09:00:00+00:00,REV
SHORT,1.827900,1.828780,-0.000880,2004-06-22T09:00:00+00:00,2004-06-24T19:52:00+00:00,REV
LONG,1.828780,1.821200,-0.007580,2004-06-24T19:52:00+00:00,2004-06-29T10:46:00+00:00,REV
SHORT,1.821200,1.820880,0.000320,2004-06-29T10:46:00+00:00,2004-07-01T02:55:00+00:00,REV
LONG,1.820880,1.857200,0.036320,2004-07-01T02:55:00+00:00,2004-07-13T08:19:00+00:00,REV
SHORT,1.857200,1.857580,-0.000380,2004-07-13T08:19:00+00:00,2004-07-16T12:52:00+00:00,REV
LONG,1.857580,1.867000,0.009420,2004-07-16T12:52:00+00:00,2004-07-20T02:06:00+00:00,REV
SHORT,1.867000,1.843080,0.023920,2004-07-20T02:06:00+00:00,2004-07-27T04:38:00+00:00,REV
LONG,1.843080,1.831500,-0.011580,2004-07-27T04:38:00+00:00,2004-07-27T17:17:00+00:00,REV
SHORT,1.831500,1.826180,0.005320,2004-07-27T17:17:00+00:00,2004-07-29T09:01:00+00:00,REV
LONG,1.826180,1.815200,-0.010980,2004-07-29T09:01:00+00:00,2004-07-29T12:43:00+00:00,REV
SHORT,1.815200,1.824780,-0.009580,2004-07-29T12:43:00+00:00,2004-08-02T10:18:00+00:00,REV
LONG,1.824780,1.819800,-0.004980,2004-08-02T10:18:00+00:00,2004-08-03T10:56:00+00:00,REV
SHORT,1.819800,1.826780,-0.006980,2004-08-03T10:56:00+00:00,2004-08-05T09:27:00+00:00,REV
LONG,1.826780,1.838100,0.011320,2004-08-05T09:27:00+00:00,2004-08-10T11:30:00+00:00,REV
SHORT,1.838100,1.832580,0.005520,2004-08-10T11:30:00+00:00,2004-08-12T02:56:00+00:00,REV
LONG,1.832580,1.824900,-0.007680,2004-08-12T02:56:00+00:00,2004-08-12T17:02:00+00:00,REV
SHORT,1.824900,1.836980,-0.012080,2004-08-12T17:02:00+00:00,2004-08-13T16:07:00+00:00,REV
LONG,1.836980,1.837700,0.000720,2004-08-13T16:07:00+00:00,2004-08-17T10:52:00+00:00,REV
SHORT,1.837700,1.830180,0.007520,2004-08-17T10:52:00+00:00,2004-08-19T13:32:00+00:00,REV
LONG,1.830180,1.820000,-0.010180,2004-08-19T13:32:00+00:00,2004-08-20T17:00:00+00:00,REV
SHORT,1.820000,1.799680,0.020320,2004-08-20T17:00:00+00:00,2004-08-27T06:11:00+00:00,REV
LONG,1.799680,1.791800,-0.007880,2004-08-27T06:11:00+00:00,2004-08-27T19:32:00+00:00,REV
SHORT,1.791800,1.798080,-0.006280,2004-08-27T19:32:00+00:00,2004-08-31T04:39:00+00:00,REV
LONG,1.798080,1.790700,-0.007380,2004-08-31T04:39:00+00:00,2004-09-01T17:17:00+00:00,REV
SHORT,1.790700,1.781180,0.009520,2004-09-01T17:17:00+00:00,2004-09-07T03:12:00+00:00,REV
LONG,1.781180,1.774700,-0.006480,2004-09-07T03:12:00+00:00,2004-09-07T14:49:00+00:00,REV
SHORT,1.774700,1.785280,-0.010580,2004-09-07T14:49:00+00:00,2004-09-08T18:20:00+00:00,REV
LONG,1.785280,1.794400,0.009120,2004-09-08T18:20:00+00:00,2004-09-15T06:25:00+00:00,REV
SHORT,1.794400,1.795580,-0.001180,2004-09-15T06:25:00+00:00,2004-09-17T09:21:00+00:00,REV
LONG,1.795580,1.789500,-0.006080,2004-09-17T09:21:00+00:00,2004-09-20T09:33:00+00:00,REV
SHORT,1.789500,1.793180,-0.003680,2004-09-20T09:33:00+00:00,2004-09-21T13:07:00+00:00,REV
LONG,1.793180,1.808500,0.015320,2004-09-21T13:07:00+00:00,2004-09-29T11:43:00+00:00,REV
SHORT,1.808500,1.813080,-0.004580,2004-09-29T11:43:00+00:00,2004-10-01T01:19:00+00:00,REV
LONG,1.813080,1.795700,-0.017380,2004-10-01T01:19:00+00:00,2004-10-01T13:04:00+00:00,REV
SHORT,1.795700,1.788180,0.007520,2004-10-01T13:04:00+00:00,2004-10-06T11:13:00+00:00,REV
LONG,1.788180,1.780400,-0.007780,2004-10-06T11:13:00+00:00,2004-10-06T11:49:00+00:00,REV
SHORT,1.780400,1.784780,-0.004380,2004-10-06T11:49:00+00:00,2004-10-08T09:09:00+00:00,REV
LONG,1.784780,1.793000,0.008220,2004-10-08T09:09:00+00:00,2004-10-12T09:06:00+00:00,REV
SHORT,1.793000,1.796580,-0.003580,2004-10-12T09:06:00+00:00,2004-10-14T08:04:00+00:00,REV
LONG,1.796580,1.795400,-0.001180,2004-10-14T08:04:00+00:00,2004-10-18T19:25:00+00:00,REV
SHORT,1.795400,1.806080,-0.010680,2004-10-18T19:25:00+00:00,2004-10-20T10:19:00+00:00,REV
LONG,1.806080,1.833500,0.027420,2004-10-20T10:19:00+00:00,2004-10-27T04:53:00+00:00,REV
SHORT,1.833500,1.835580,-0.002080,2004-10-27T04:53:00+00:00,2004-10-29T15:51:00+00:00,REV
LONG,1.835580,1.841100,0.005520,2004-10-29T15:51:00+00:00,2004-11-05T10:07:00+00:00,REV
SHORT,1.841100,1.850280,-0.009180,2004-11-05T10:07:00+00:00,2004-11-05T18:01:00+00:00,REV
LONG,1.850280,1.852800,0.002520,2004-11-05T18:01:00+00:00,2004-11-09T03:27:00+00:00,REV
SHORT,1.852800,1.860780,-0.007980,2004-11-09T03:27:00+00:00,2004-11-10T12:10:00+00:00,REV
LONG,1.860780,1.851200,-0.009580,2004-11-10T12:10:00+00:00,2004-11-10T16:29:00+00:00,REV
SHORT,1.851200,1.848680,0.002520,2004-11-10T16:29:00+00:00,2004-11-12T07:01:00+00:00,REV
LONG,1.848680,1.852000,0.003320,2004-11-12T07:01:00+00:00,2004-11-18T14:34:00+00:00,REV
SHORT,1.852000,1.858680,-0.006680,2004-11-18T14:34:00+00:00,2004-11-22T00:00:00+00:00,REV
LONG,1.858680,1.857400,-0.001280,2004-11-22T00:00:00+00:00,2004-11-22T01:53:00+00:00,REV
SHORT,1.857400,1.861080,-0.003680,2004-11-22T01:53:00+00:00,2004-11-23T12:20:00+00:00,REV
LONG,1.861080,1.892100,0.031020,2004-11-23T12:20:00+00:00,2004-11-29T00:12:00+00:00,REV
SHORT,1.892100,1.894580,-0.002480,2004-11-29T00:12:00+00:00,2004-11-29T17:40:00+00:00,REV
LONG,1.894580,1.943000,0.048420,2004-11-29T17:40:00+00:00,2004-12-06T03:00:00+00:00,REV
SHORT,1.943000,1.944080,-0.001080,2004-12-06T03:00:00+00:00,2004-12-06T10:13:00+00:00,REV
LONG,1.944080,1.936800,-0.007280,2004-12-06T10:13:00+00:00,2004-12-07T01:38:00+00:00,REV
SHORT,1.936800,1.944880,-0.008080,2004-12-07T01:38:00+00:00,2004-12-07T08:23:00+00:00,REV
LONG,1.944880,1.936800,-0.008080,2004-12-07T08:23:00+00:00,2004-12-08T07:09:00+00:00,REV
SHORT,1.936800,1.927780,0.009020,2004-12-08T07:09:00+00:00,2004-12-14T11:51:00+00:00,REV
LONG,1.927780,1.920200,-0.007580,2004-12-14T11:51:00+00:00,2004-12-15T04:51:00+00:00,REV
SHORT,1.920200,1.929580,-0.009380,2004-12-15T04:51:00+00:00,2004-12-15T09:21:00+00:00,REV
LONG,1.929580,1.936900,0.007320,2004-12-15T09:21:00+00:00,2004-12-21T10:57:00+00:00,REV
SHORT,1.936900,1.924580,0.012320,2004-12-21T10:57:00+00:00,2004-12-24T01:22:00+00:00,REV
LONG,1.924580,1.926700,0.002120,2004-12-24T01:22:00+00:00,2004-12-29T02:01:00+00:00,REV
SHORT,1.926700,1.929480,-0.002780,2004-12-29T02:01:00+00:00,2004-12-31T08:22:00+00:00,REV
LONG,1.929480,1.915800,-0.013680,2004-12-31T08:22:00+00:00,2004-12-31T18:43:00+00:00,REV
SHORT,1.915800,1.885980,0.029820,2004-12-31T18:43:00+00:00,2005-01-07T16:07:00+00:00,REV
LONG,1.885980,1.869900,-0.016080,2005-01-07T16:07:00+00:00,2005-01-07T17:46:00+00:00,REV
SHORT,1.869900,1.870380,-0.000480,2005-01-07T17:46:00+00:00,2005-01-09T00:06:00+00:00,REV
LONG,1.870380,1.870300,-0.000080,2005-01-09T00:06:00+00:00,2005-01-10T00:13:00+00:00,REV
SHORT,1.870300,1.872180,-0.001880,2005-01-10T00:13:00+00:00,2005-01-10T02:09:00+00:00,REV
LONG,1.872180,1.875200,0.003020,2005-01-10T02:09:00+00:00,2005-01-12T10:20:00+00:00,REV
SHORT,1.875200,1.882480,-0.007280,2005-01-12T10:20:00+00:00,2005-01-12T15:30:00+00:00,REV
LONG,1.882480,1.879700,-0.002780,2005-01-12T15:30:00+00:00,2005-01-14T03:44:00+00:00,REV
SHORT,1.879700,1.871380,0.008320,2005-01-14T03:44:00+00:00,2005-01-17T01:16:00+00:00,REV
LONG,1.871380,1.870100,-0.001280,2005-01-17T01:16:00+00:00,2005-01-17T02:08:00+00:00,REV
SHORT,1.870100,1.874180,-0.004080,2005-01-17T02:08:00+00:00,2005-01-19T10:37:00+00:00,REV
LONG,1.874180,1.864100,-0.010080,2005-01-19T10:37:00+00:00,2005-01-21T11:32:00+00:00,REV
SHORT,1.864100,1.875580,-0.011480,2005-01-21T11:32:00+00:00,2005-01-21T19:13:00+00:00,REV
LONG,1.875580,1.878500,0.002920,2005-01-21T19:13:00+00:00,2005-01-24T01:06:00+00:00,REV
SHORT,1.878500,1.878980,-0.000480,2005-01-24T01:06:00+00:00,2005-01-24T01:07:00+00:00,REV
LONG,1.878980,1.874300,-0.004680,2005-01-24T01:07:00+00:00,2005-01-25T14:31:00+00:00,REV
SHORT,1.874300,1.881280,-0.006980,2005-01-25T14:31:00+00:00,2005-01-26T15:38:00+00:00,REV
LONG,1.881280,1.879600,-0.001680,2005-01-26T15:38:00+00:00,2005-01-28T17:21:00+00:00,REV
SHORT,1.879600,1.888480,-0.008880,2005-01-28T17:21:00+00:00,2005-01-30T00:00:00+00:00,REV
LONG,1.888480,1.887500,-0.000980,2005-01-30T00:00:00+00:00,2005-01-31T00:00:00+00:00,REV
SHORT,1.887500,1.888480,-0.000980,2005-01-31T00:00:00+00:00,2005-01-31T18:10:00+00:00,REV
LONG,1.888480,1.879200,-0.009280,2005-01-31T18:10:00+00:00,2005-02-01T12:07:00+00:00,REV
SHORT,1.879200,1.886880,-0.007680,2005-02-01T12:07:00+00:00,2005-02-02T13:06:00+00:00,REV
LONG,1.886880,1.882600,-0.004280,2005-02-02T13:06:00+00:00,2005-02-03T05:03:00+00:00,REV
SHORT,1.882600,1.889180,-0.006580,2005-02-03T05:03:00+00:00,2005-02-03T12:18:00+00:00,REV
LONG,1.889180,1.877100,-0.012080,2005-02-03T12:18:00+00:00,2005-02-04T20:12:00+00:00,REV
SHORT,1.877100,1.860080,0.017020,2005-02-04T20:12:00+00:00,2005-02-09T11:30:00+00:00,REV
LONG,1.860080,1.852600,-0.007480,2005-02-09T11:30:00+00:00,2005-02-10T15:34:00+00:00,REV
SHORT,1.852600,1.864680,-0.012080,2005-02-10T15:34:00+00:00,2005-02-10T16:52:00+00:00,REV
LONG,1.864680,1.868100,0.003420,2005-02-10T16:52:00+00:00,2005-02-14T00:22:00+00:00,REV
SHORT,1.868100,1.891980,-0.023880,2005-02-14T00:22:00+00:00,2005-02-15T15:21:00+00:00,REV
LONG,1.891980,1.883500,-0.008480,2005-02-15T15:21:00+00:00,2005-02-16T15:32:00+00:00,REV
SHORT,1.883500,1.896280,-0.012780,2005-02-16T15:32:00+00:00,2005-02-18T11:40:00+00:00,REV
LONG,1.896280,1.892900,-0.003380,2005-02-18T11:40:00+00:00,2005-02-21T00:00:00+00:00,REV
SHORT,1.892900,1.894780,-0.001880,2005-02-21T00:00:00+00:00,2005-02-21T08:58:00+00:00,REV
LONG,1.894780,1.904400,0.009620,2005-02-21T08:58:00+00:00,2005-02-24T11:15:00+00:00,REV
SHORT,1.904400,1.913480,-0.009080,2005-02-24T11:15:00+00:00,2005-02-24T16:16:00+00:00,REV
LONG,1.913480,1.918400,0.004920,2005-02-24T16:16:00+00:00,2005-02-28T00:01:00+00:00,REV
SHORT,1.918400,1.919780,-0.001380,2005-02-28T00:01:00+00:00,2005-02-28T01:57:00+00:00,REV
LONG,1.919780,1.917400,-0.002380,2005-02-28T01:57:00+00:00,2005-03-02T03:01:00+00:00,REV
SHORT,1.917400,1.914280,0.003120,2005-03-02T03:01:00+00:00,2005-03-04T16:01:00+00:00,REV
LONG,1.914280,1.920900,0.006620,2005-03-04T16:01:00+00:00,2005-03-11T10:03:00+00:00,REV
SHORT,1.920900,1.925880,-0.004980,2005-03-11T10:03:00+00:00,2005-03-16T15:38:00+00:00,REV
LONG,1.925880,1.918600,-0.007280,2005-03-16T15:38:00+00:00,2005-03-18T10:18:00+00:00,REV
SHORT,1.918600,1.870480,0.048120,2005-03-18T10:18:00+00:00,2005-03-29T05:09:00+00:00,REV
LONG,1.870480,1.876400,0.005920,2005-03-29T05:09:00+00:00,2005-04-04T09:46:00+00:00,REV
SHORT,1.876400,1.881080,-0.004680,2005-04-04T09:46:00+00:00,2005-04-05T21:56:00+00:00,REV
LONG,1.881080,1.874600,-0.006480,2005-04-05T21:56:00+00:00,2005-04-07T20:09:00+00:00,REV
SHORT,1.874600,1.885780,-0.011180,2005-04-07T20:09:00+00:00,2005-04-11T06:14:00+00:00,REV
LONG,1.885780,1.887600,0.001820,2005-04-11T06:14:00+00:00,2005-04-14T09:12:00+00:00,REV
SHORT,1.887600,1.895180,-0.007580,2005-04-14T09:12:00+00:00,2005-04-15T17:47:00+00:00,REV
LONG,1.895180,1.909900,0.014720,2005-04-15T17:47:00+00:00,2005-04-21T14:29:00+00:00,REV
SHORT,1.909900,1.917180,-0.007280,2005-04-21T14:29:00+00:00,2005-04-25T00:54:00+00:00,REV
LONG,1.917180,1.908400,-0.008780,2005-04-25T00:54:00+00:00,2005-04-26T09:56:00+00:00,REV
SHORT,1.908400,1.909680,-0.001280,2005-04-26T09:56:00+00:00,2005-04-28T15:36:00+00:00,REV
LONG,1.909680,1.905700,-0.003980,2005-04-28T15:36:00+00:00,2005-05-02T02:05:00+00:00,REV
SHORT,1.905700,1.896280,0.009420,2005-05-02T02:05:00+00:00,2005-05-04T04:36:00+00:00,REV
LONG,1.896280,1.900100,0.003820,2005-05-04T04:36:00+00:00,2005-05-06T02:57:00+00:00,REV
SHORT,1.900100,1.891280,0.008820,2005-05-06T02:57:00+00:00,2005-05-09T00:00:00+00:00,REV
LONG,1.891280,1.890700,-0.000580,2005-05-09T00:00:00+00:00,2005-05-09T01:00:00+00:00,REV
SHORT,1.890700,1.886680,0.004020,2005-05-09T01:00:00+00:00,2005-05-11T01:58:00+00:00,REV
LONG,1.886680,1.876300,-0.010380,2005-05-11T01:58:00+00:00,2005-05-11T15:31:00+00:00,REV
SHORT,1.876300,1.841580,0.034720,2005-05-11T15:31:00+00:00,2005-05-19T05:33:00+00:00,REV
LONG,1.841580,1.832400,-0.009180,2005-05-19T05:33:00+00:00,2005-05-20T15:51:00+00:00,REV
SHORT,1.832400,1.831880,0.000520,2005-05-20T15:51:00+00:00,2005-05-24T09:03:00+00:00,REV
LONG,1.831880,1.826500,-0.005380,2005-05-24T09:03:00+00:00,2005-05-25T02:16:00+00:00,REV
SHORT,1.826500,1.825780,0.000720,2005-05-25T02:16:00+00:00,2005-05-31T17:23:00+00:00,REV
LONG,1.825780,1.819900,-0.005880,2005-05-31T17:23:00+00:00,2005-05-31T20:20:00+00:00,REV
SHORT,1.819900,1.821080,-0.001180,2005-05-31T20:20:00+00:00,2005-06-03T15:30:00+00:00,REV
LONG,1.821080,1.813600,-0.007480,2005-06-03T15:30:00+00:00,2005-06-06T00:04:00+00:00,REV
SHORT,1.813600,1.813980,-0.000380,2005-06-06T00:04:00+00:00,2005-06-06T00:10:00+00:00,REV
LONG,1.813980,1.822300,0.008320,2005-06-06T00:10:00+00:00,2005-06-09T14:31:00+00:00,REV
SHORT,1.822300,1.813280,0.009020,2005-06-09T14:31:00+00:00,2005-06-14T15:45:00+00:00,REV
LONG,1.813280,1.821500,0.008220,2005-06-14T15:45:00+00:00,2005-06-21T02:54:00+00:00,REV
SHORT,1.821500,1.829180,-0.007680,2005-06-21T02:54:00+00:00,2005-06-21T21:24:00+00:00,REV
LONG,1.829180,1.818400,-0.010780,2005-06-21T21:24:00+00:00,2005-06-23T15:43:00+00:00,REV
SHORT,1.818400,1.823480,-0.005080,2005-06-23T15:43:00+00:00,2005-06-24T13:22:00+00:00,REV
LONG,1.823480,1.822300,-0.001180,2005-06-24T13:22:00+00:00,2005-06-28T10:09:00+00:00,REV
SHORT,1.822300,1.744480,0.077820,2005-06-28T10:09:00+00:00,2005-07-11T05:51:00+00:00,REV
LONG,1.744480,1.755400,0.010920,2005-07-11T05:51:00+00:00,2005-07-13T17:59:00+00:00,REV
SHORT,1.755400,1.745780,0.009620,2005-07-13T17:59:00+00:00,2005-07-21T03:35:00+00:00,REV
LONG,1.745780,1.738900,-0.006880,2005-07-21T03:35:00+00:00,2005-07-22T19:16:00+00:00,REV
SHORT,1.738900,1.747580,-0.008680,2005-07-22T19:16:00+00:00,2005-07-26T00:25:00+00:00,REV
LONG,1.747580,1.735200,-0.012380,2005-07-26T00:25:00+00:00,2005-07-27T10:11:00+00:00,REV
SHORT,1.735200,1.747580,-0.012380,2005-07-27T10:11:00+00:00,2005-07-27T21:35:00+00:00,REV
LONG,1.747580,1.766900,0.019320,2005-07-27T21:35:00+00:00,2005-08-03T05:04:00+00:00,REV
SHORT,1.766900,1.775580,-0.008680,2005-08-03T05:04:00+00:00,2005-08-03T12:02:00+00:00,REV
LONG,1.775580,1.807800,0.032220,2005-08-03T12:02:00+00:00,2005-08-15T16:27:00+00:00,REV
SHORT,1.807800,1.798080,0.009720,2005-08-15T16:27:00+00:00,2005-08-22T05:12:00+00:00,REV
LONG,1.798080,1.796600,-0.001480,2005-08-22T05:12:00+00:00,2005-08-24T05:23:00+00:00,REV
SHORT,1.796600,1.802380,-0.005780,2005-08-24T05:23:00+00:00,2005-08-24T16:23:00+00:00,REV
LONG,1.802380,1.799300,-0.003080,2005-08-24T16:23:00+00:00,2005-08-29T19:00:00+00:00,REV
SHORT,1.799300,1.796980,0.002320,2005-08-29T19:00:00+00:00,2005-08-31T17:23:00+00:00,REV
LONG,1.796980,1.837700,0.040720,2005-08-31T17:23:00+00:00,2005-09-06T10:30:00+00:00,REV
SHORT,1.837700,1.842880,-0.005180,2005-09-06T10:30:00+00:00,2005-09-12T02:57:00+00:00,REV
LONG,1.842880,1.832300,-0.010580,2005-09-12T02:57:00+00:00,2005-09-12T09:33:00+00:00,REV
SHORT,1.832300,1.825480,0.006820,2005-09-12T09:33:00+00:00,2005-09-14T04:25:00+00:00,REV
LONG,1.825480,1.821700,-0.003780,2005-09-14T04:25:00+00:00,2005-09-15T04:08:00+00:00,REV
SHORT,1.821700,1.806880,0.014820,2005-09-15T04:08:00+00:00,2005-09-20T09:30:00+00:00,REV
LONG,1.806880,1.798300,-0.008580,2005-09-20T09:30:00+00:00,2005-09-21T01:19:00+00:00,REV
SHORT,1.798300,1.808780,-0.010480,2005-09-21T01:19:00+00:00,2005-09-21T09:54:00+00:00,REV
LONG,1.808780,1.796400,-0.012380,2005-09-21T09:54:00+00:00,2005-09-22T15:46:00+00:00,REV
SHORT,1.796400,1.779880,0.016520,2005-09-22T15:46:00+00:00,2005-09-27T00:18:00+00:00,REV
LONG,1.779880,1.770700,-0.009180,2005-09-27T00:18:00+00:00,2005-09-27T05:58:00+00:00,REV
SHORT,1.770700,1.770680,0.000020,2005-09-27T05:58:00+00:00,2005-09-30T17:40:00+00:00,REV
LONG,1.770680,1.756800,-0.013880,2005-09-30T17:40:00+00:00,2005-10-03T04:07:00+00:00,REV
SHORT,1.756800,1.762680,-0.005880,2005-10-03T04:07:00+00:00,2005-10-05T06:12:00+00:00,REV
LONG,1.762680,1.762400,-0.000280,2005-10-05T06:12:00+00:00,2005-10-07T15:38:00+00:00,REV
SHORT,1.762400,1.755280,0.007120,2005-10-07T15:38:00+00:00,2005-10-13T20:41:00+00:00,REV
LONG,1.755280,1.753100,-0.002180,2005-10-13T20:41:00+00:00,2005-10-18T01:16:00+00:00,REV
SHORT,1.753100,1.755280,-0.002180,2005-10-18T01:16:00+00:00,2005-10-19T12:26:00+00:00,REV
LONG,1.755280,1.764700,0.009420,2005-10-19T12:26:00+00:00,2005-10-25T03:10:00+00:00,REV
SHORT,1.764700,1.773580,-0.008880,2005-10-25T03:10:00+00:00,2005-10-25T11:17:00+00:00,REV
LONG,1.773580,1.773900,0.000320,2005-10-25T11:17:00+00:00,2005-10-28T20:21:00+00:00,REV
SHORT,1.773900,1.772780,0.001120,2005-10-28T20:21:00+00:00,2005-11-02T17:32:00+00:00,REV
LONG,1.772780,1.769900,-0.002880,2005-11-02T17:32:00+00:00,2005-11-04T01:06:00+00:00,REV
SHORT,1.769900,1.745680,0.024220,2005-11-04T01:06:00+00:00,2005-11-09T00:16:00+00:00,REV
LONG,1.745680,1.739900,-0.005780,2005-11-09T00:16:00+00:00,2005-11-11T01:58:00+00:00,REV
SHORT,1.739900,1.743980,-0.004080,2005-11-11T01:58:00+00:00,2005-11-14T06:02:00+00:00,REV
LONG,1.743980,1.737900,-0.006080,2005-11-14T06:02:00+00:00,2005-11-14T15:27:00+00:00,REV
SHORT,1.737900,1.722880,0.015020,2005-11-14T15:27:00+00:00,2005-11-18T16:34:00+00:00,REV
LONG,1.722880,1.715300,-0.007580,2005-11-18T16:34:00+00:00,2005-11-18T17:11:00+00:00,REV
SHORT,1.715300,1.722980,-0.007680,2005-11-18T17:11:00+00:00,2005-11-21T16:12:00+00:00,REV
LONG,1.722980,1.714500,-0.008480,2005-11-21T16:12:00+00:00,2005-11-22T10:36:00+00:00,REV
SHORT,1.714500,1.724180,-0.009680,2005-11-22T10:36:00+00:00,2005-11-23T08:11:00+00:00,REV
LONG,1.724180,1.720500,-0.003680,2005-11-23T08:11:00+00:00,2005-11-25T09:11:00+00:00,REV
SHORT,1.720500,1.723580,-0.003080,2005-11-25T09:11:00+00:00,2005-11-28T20:06:00+00:00,REV
LONG,1.723580,1.726600,0.003020,2005-11-28T20:06:00+00:00,2005-12-02T14:29:00+00:00,REV
SHORT,1.726600,1.734680,-0.008080,2005-12-02T14:29:00+00:00,2005-12-02T15:50:00+00:00,REV
LONG,1.734680,1.731700,-0.002980,2005-12-02T15:50:00+00:00,2005-12-07T11:59:00+00:00,REV
SHORT,1.731700,1.743480,-0.011780,2005-12-07T11:59:00+00:00,2005-12-08T11:04:00+00:00,REV
LONG,1.743480,1.768600,0.025120,2005-12-08T11:04:00+00:00,2005-12-15T09:04:00+00:00,REV
SHORT,1.768600,1.738580,0.030020,2005-12-15T09:04:00+00:00,2005-12-28T09:50:00+00:00,REV
LONG,1.738580,1.726800,-0.011780,2005-12-28T09:50:00+00:00,2005-12-28T17:42:00+00:00,REV
SHORT,1.726800,1.728480,-0.001680,2005-12-28T17:42:00+00:00,2006-01-03T04:51:00+00:00,REV
LONG,1.728480,1.763100,0.034620,2006-01-03T04:51:00+00:00,2006-01-10T09:27:00+00:00,REV
SHORT,1.763100,1.767380,-0.004280,2006-01-10T09:27:00+00:00,2006-01-12T01:28:00+00:00,REV
LONG,1.767380,1.764500,-0.002880,2006-01-12T01:28:00+00:00,2006-01-17T02:57:00+00:00,REV
SHORT,1.764500,1.770680,-0.006180,2006-01-17T02:57:00+00:00,2006-01-18T15:46:00+00:00,REV
LONG,1.770680,1.759000,-0.011680,2006-01-18T15:46:00+00:00,2006-01-18T20:06:00+00:00,REV
SHORT,1.759000,1.764280,-0.005280,2006-01-18T20:06:00+00:00,2006-01-20T15:56:00+00:00,REV
LONG,1.764280,1.782000,0.017720,2006-01-20T15:56:00+00:00,2006-01-26T20:08:00+00:00,REV
SHORT,1.782000,1.771880,0.010120,2006-01-26T20:08:00+00:00,2006-01-31T09:51:00+00:00,REV
LONG,1.771880,1.773000,0.001120,2006-01-31T09:51:00+00:00,2006-02-02T07:45:00+00:00,REV
SHORT,1.773000,1.781780,-0.008780,2006-02-02T07:45:00+00:00,2006-02-02T18:42:00+00:00,REV
LONG,1.781780,1.771600,-0.010180,2006-02-02T18:42:00+00:00,2006-02-03T15:35:00+00:00,REV
SHORT,1.771600,1.746880,0.024720,2006-02-03T15:35:00+00:00,2006-02-10T02:02:00+00:00,REV
LONG,1.746880,1.741600,-0.005280,2006-02-10T02:02:00+00:00,2006-02-13T05:01:00+00:00,REV
SHORT,1.741600,1.744880,-0.003280,2006-02-13T05:01:00+00:00,2006-02-15T15:45:00+00:00,REV
LONG,1.744880,1.733400,-0.011480,2006-02-15T15:45:00+00:00,2006-02-16T11:30:00+00:00,REV
SHORT,1.733400,1.741580,-0.008180,2006-02-16T11:30:00+00:00,2006-02-17T17:13:00+00:00,REV
LONG,1.741580,1.741900,0.000320,2006-02-17T17:13:00+00:00,2006-02-22T11:14:00+00:00,REV
SHORT,1.741900,1.747180,-0.005280,2006-02-22T11:14:00+00:00,2006-02-23T10:05:00+00:00,REV
LONG,1.747180,1.743100,-0.004080,2006-02-23T10:05:00+00:00,2006-02-27T01:19:00+00:00,REV
SHORT,1.743100,1.745680,-0.002580,2006-02-27T01:19:00+00:00,2006-02-28T12:28:00+00:00,REV
LONG,1.745680,1.746500,0.000820,2006-02-28T12:28:00+00:00,2006-03-02T14:56:00+00:00,REV
SHORT,1.746500,1.755280,-0.008780,2006-03-02T14:56:00+00:00,2006-03-03T13:13:00+00:00,REV
LONG,1.755280,1.750600,-0.004680,2006-03-03T13:13:00+00:00,2006-03-06T18:14:00+00:00,REV
SHORT,1.750600,1.733680,0.016920,2006-03-06T18:14:00+00:00,2006-03-14T00:15:00+00:00,REV
LONG,1.733680,1.753000,0.019320,2006-03-14T00:15:00+00:00,2006-03-21T02:39:00+00:00,REV
SHORT,1.753000,1.744680,0.008320,2006-03-21T02:39:00+00:00,2006-03-27T03:05:00+00:00,REV
LONG,1.744680,1.742700,-0.001980,2006-03-27T03:05:00+00:00,2006-03-29T01:07:00+00:00,REV
SHORT,1.742700,1.744680,-0.001980,2006-03-29T01:07:00+00:00,2006-03-30T16:31:00+00:00,REV
LONG,1.744680,1.734000,-0.010680,2006-03-30T16:31:00+00:00,2006-03-31T17:03:00+00:00,REV
SHORT,1.734000,1.740780,-0.006780,2006-03-31T17:03:00+00:00,2006-04-04T02:09:00+00:00,REV
LONG,1.740780,1.749300,0.008520,2006-04-04T02:09:00+00:00,2006-04-07T10:16:00+00:00,REV
SHORT,1.749300,1.747680,0.001620,2006-04-07T10:16:00+00:00,2006-04-11T16:44:00+00:00,REV
LONG,1.747680,1.779900,0.032220,2006-04-11T16:44:00+00:00,2006-04-20T17:03:00+00:00,REV
SHORT,1.779900,1.787580,-0.007680,2006-04-20T17:03:00+00:00,2006-04-24T00:00:00+00:00,REV
LONG,1.787580,1.782900,-0.004680,2006-04-24T00:00:00+00:00,2006-04-26T10:47:00+00:00,REV
SHORT,1.782900,1.791180,-0.008280,2006-04-26T10:47:00+00:00,2006-04-27T17:01:00+00:00,REV
LONG,1.791180,1.820900,0.029720,2006-04-27T17:01:00+00:00,2006-05-02T09:56:00+00:00,REV
SHORT,1.820900,1.841980,-0.021080,2006-05-02T09:56:00+00:00,2006-05-02T22:11:00+00:00,REV
LONG,1.841980,1.835700,-0.006280,2006-05-02T22:11:00+00:00,2006-05-04T09:34:00+00:00,REV
SHORT,1.835700,1.848180,-0.012480,2006-05-04T09:34:00+00:00,2006-05-04T17:21:00+00:00,REV
LONG,1.848180,1.855100,0.006920,2006-05-04T17:21:00+00:00,2006-05-09T09:31:00+00:00,REV
SHORT,1.855100,1.869480,-0.014380,2006-05-09T09:31:00+00:00,2006-05-10T09:50:00+00:00,REV
LONG,1.869480,1.860500,-0.008980,2006-05-10T09:50:00+00:00,2006-05-11T02:32:00+00:00,REV
SHORT,1.860500,1.873580,-0.013080,2006-05-11T02:32:00+00:00,2006-05-11T16:52:00+00:00,REV
LONG,1.873580,1.882000,0.008420,2006-05-11T16:52:00+00:00,2006-05-15T13:41:00+00:00,REV
SHORT,1.882000,1.890080,-0.008080,2006-05-15T13:41:00+00:00,2006-05-17T06:10:00+00:00,REV
LONG,1.890080,1.879800,-0.010280,2006-05-17T06:10:00+00:00,2006-05-19T10:45:00+00:00,REV
SHORT,1.879800,1.875080,0.004720,2006-05-19T10:45:00+00:00,2006-05-26T00:32:00+00:00,REV
LONG,1.875080,1.866900,-0.008180,2006-05-26T00:32:00+00:00,2006-05-26T15:11:00+00:00,REV
SHORT,1.866900,1.859080,0.007820,2006-05-26T15:11:00+00:00,2006-05-29T00:02:00+00:00,REV
LONG,1.859080,1.868900,0.009820,2006-05-29T00:02:00+00:00,2006-06-01T03:29:00+00:00,REV
SHORT,1.868900,1.873080,-0.004180,2006-06-01T03:29:00+00:00,2006-06-02T15:30:00+00:00,REV
LONG,1.873080,1.872100,-0.000980,2006-06-02T15:30:00+00:00,2006-06-06T01:08:00+00:00,REV
SHORT,1.872100,1.846280,0.025820,2006-06-06T01:08:00+00:00,2006-06-14T16:20:00+00:00,REV
LONG,1.846280,1.847400,0.001120,2006-06-14T16:20:00+00:00,2006-06-19T03:54:00+00:00,REV
SHORT,1.847400,1.846380,0.001020,2006-06-19T03:54:00+00:00,2006-06-21T05:05:00+00:00,REV
LONG,1.846380,1.841000,-0.005380,2006-06-21T05:05:00+00:00,2006-06-22T11:16:00+00:00,REV
SHORT,1.841000,1.824980,0.016020,2006-06-22T11:16:00+00:00,2006-06-27T00:10:00+00:00,REV
LONG,1.824980,1.818900,-0.006080,2006-06-27T00:10:00+00:00,2006-06-28T10:06:00+00:00,REV
SHORT,1.818900,1.824380,-0.005480,2006-06-28T10:06:00+00:00,2006-06-29T21:27:00+00:00,REV
LONG,1.824380,1.847300,0.022920,2006-06-29T21:27:00+00:00,2006-07-03T00:00:00+00:00,REV
SHORT,1.847300,1.847580,-0.000280,2006-07-03T00:00:00+00:00,2006-07-03T00:04:00+00:00,REV
LONG,1.847580,1.841700,-0.005880,2006-07-03T00:04:00+00:00,2006-07-05T10:45:00+00:00,REV
SHORT,1.841700,1.841480,0.000220,2006-07-05T10:45:00+00:00,2006-07-07T12:37:00+00:00,REV
LONG,1.841480,1.837100,-0.004380,2006-07-07T12:37:00+00:00,2006-07-12T15:30:00+00:00,REV
SHORT,1.837100,1.833380,0.003720,2006-07-12T15:30:00+00:00,2006-07-19T17:01:00+00:00,REV
LONG,1.833380,1.848500,0.015120,2006-07-19T17:01:00+00:00,2006-07-25T03:22:00+00:00,REV
SHORT,1.848500,1.853880,-0.005380,2006-07-25T03:22:00+00:00,2006-07-26T21:22:00+00:00,REV
LONG,1.853880,1.873500,0.019620,2006-07-26T21:22:00+00:00,2006-08-03T11:03:00+00:00,REV
SHORT,1.873500,1.879880,-0.006380,2006-08-03T11:03:00+00:00,2006-08-03T14:00:00+00:00,REV
LONG,1.879880,1.904600,0.024720,2006-08-03T14:00:00+00:00,2006-08-08T00:58:00+00:00,REV
SHORT,1.904600,1.911780,-0.007180,2006-08-08T00:58:00+00:00,2006-08-08T21:14:00+00:00,REV
LONG,1.911780,1.903700,-0.008080,2006-08-08T21:14:00+00:00,2006-08-09T01:46:00+00:00,REV
SHORT,1.903700,1.895380,0.008320,2006-08-09T01:46:00+00:00,2006-08-15T15:31:00+00:00,REV
LONG,1.895380,1.888400,-0.006980,2006-08-15T15:31:00+00:00,2006-08-17T20:19:00+00:00,REV
SHORT,1.888400,1.887280,0.001120,2006-08-17T20:19:00+00:00,2006-08-21T05:04:00+00:00,REV
LONG,1.887280,1.886700,-0.000580,2006-08-21T05:04:00+00:00,2006-08-24T23:26:00+00:00,REV
SHORT,1.886700,1.891880,-0.005180,2006-08-24T23:26:00+00:00,2006-08-28T06:31:00+00:00,REV
LONG,1.891880,1.899900,0.008020,2006-08-28T06:31:00+00:00,2006-09-01T15:31:00+00:00,REV
SHORT,1.899900,1.907280,-0.007380,2006-09-01T15:31:00+00:00,2006-09-04T02:00:00+00:00,REV
LONG,1.907280,1.903200,-0.004080,2006-09-04T02:00:00+00:00,2006-09-05T08:04:00+00:00,REV
SHORT,1.903200,1.870980,0.032220,2006-09-05T08:04:00+00:00,2006-09-12T11:33:00+00:00,REV
LONG,1.870980,1.875900,0.004920,2006-09-12T11:33:00+00:00,2006-09-15T20:18:00+00:00,REV
SHORT,1.875900,1.884280,-0.008380,2006-09-15T20:18:00+00:00,2006-09-19T15:30:00+00:00,REV
LONG,1.884280,1.899800,0.015520,2006-09-19T15:30:00+00:00,2006-09-25T00:00:00+00:00,REV
SHORT,1.899800,1.906780,-0.006980,2006-09-25T00:00:00+00:00,2006-09-25T09:33:00+00:00,REV
LONG,1.906780,1.898400,-0.008380,2006-09-25T09:33:00+00:00,2006-09-26T10:12:00+00:00,REV
SHORT,1.898400,1.878180,0.020220,2006-09-26T10:12:00+00:00,2006-10-02T16:32:00+00:00,REV
LONG,1.878180,1.886100,0.007920,2006-10-02T16:32:00+00:00,2006-10-04T01:32:00+00:00,REV
SHORT,1.886100,1.887280,-0.001180,2006-10-04T01:32:00+00:00,2006-10-06T15:30:00+00:00,REV
LONG,1.887280,1.875400,-0.011880,2006-10-06T15:30:00+00:00,2006-10-06T15:56:00+00:00,REV
SHORT,1.875400,1.859280,0.016120,2006-10-06T15:56:00+00:00,2006-10-12T10:05:00+00:00,REV
LONG,1.859280,1.853800,-0.005480,2006-10-12T10:05:00+00:00,2006-10-13T17:06:00+00:00,REV
SHORT,1.853800,1.864380,-0.010580,2006-10-13T17:06:00+00:00,2006-10-16T15:43:00+00:00,REV
LONG,1.864380,1.876000,0.011620,2006-10-16T15:43:00+00:00,2006-10-23T11:48:00+00:00,REV
SHORT,1.876000,1.877280,-0.001280,2006-10-23T11:48:00+00:00,2006-10-25T10:48:00+00:00,REV
LONG,1.877280,1.905900,0.028620,2006-10-25T10:48:00+00:00,2006-11-02T08:54:00+00:00,REV
SHORT,1.905900,1.910980,-0.005080,2006-11-02T08:54:00+00:00,2006-11-03T11:37:00+00:00,REV
LONG,1.910980,1.903800,-0.007180,2006-11-03T11:37:00+00:00,2006-11-03T15:31:00+00:00,REV
SHORT,1.903800,1.903280,0.000520,2006-11-03T15:31:00+00:00,2006-11-07T06:33:00+00:00,REV
LONG,1.903280,1.901100,-0.002180,2006-11-07T06:33:00+00:00,2006-11-09T15:30:00+00:00,REV
SHORT,1.901100,1.908780,-0.007680,2006-11-09T15:30:00+00:00,2006-11-10T04:00:00+00:00,REV
LONG,1.908780,1.905700,-0.003080,2006-11-10T04:00:00+00:00,2006-11-13T13:36:00+00:00,REV
SHORT,1.905700,1.893680,0.012020,2006-11-13T13:36:00+00:00,2006-11-17T17:04:00+00:00,REV
LONG,1.893680,1.972800,0.079120,2006-11-17T17:04:00+00:00,2006-12-05T17:01:00+00:00,REV
SHORT,1.972800,1.971680,0.001120,2006-12-05T17:01:00+00:00,2006-12-08T17:01:00+00:00,REV
LONG,1.971680,1.961600,-0.010080,2006-12-08T17:01:00+00:00,2006-12-08T18:49:00+00:00,REV
SHORT,1.961600,1.959780,0.001820,2006-12-08T18:49:00+00:00,2006-12-12T01:11:00+00:00,REV
LONG,1.959780,1.961000,0.001220,2006-12-12T01:11:00+00:00,2006-12-14T15:36:00+00:00,REV
SHORT,1.961000,1.958380,0.002620,2006-12-14T15:36:00+00:00,2006-12-19T10:30:00+00:00,REV
LONG,1.958380,1.962200,0.003820,2006-12-19T10:30:00+00:00,2006-12-21T14:01:00+00:00,REV
SHORT,1.962200,1.960380,0.001820,2006-12-21T14:01:00+00:00,2006-12-27T08:01:00+00:00,REV
LONG,1.960380,1.964200,0.003820,2006-12-27T08:01:00+00:00,2007-01-03T12:21:00+00:00,REV
SHORT,1.964200,1.940880,0.023320,2007-01-03T12:21:00+00:00,2007-01-09T02:02:00+00:00,REV
LONG,1.940880,1.937800,-0.003080,2007-01-09T02:02:00+00:00,2007-01-10T02:13:00+00:00,REV
SHORT,1.937800,1.942680,-0.004880,2007-01-10T02:13:00+00:00,2007-01-11T14:00:00+00:00,REV
LONG,1.942680,1.975700,0.033020,2007-01-11T14:00:00+00:00,2007-01-24T09:49:00+00:00,REV
SHORT,1.975700,1.962180,0.013520,2007-01-24T09:49:00+00:00,2007-01-30T02:12:00+00:00,REV
LONG,1.962180,1.960000,-0.002180,2007-01-30T02:12:00+00:00,2007-01-31T09:48:00+00:00,REV
SHORT,1.960000,1.967280,-0.007280,2007-01-31T09:48:00+00:00,2007-02-01T12:58:00+00:00,REV
LONG,1.967280,1.963900,-0.003380,2007-02-01T12:58:00+00:00,2007-02-05T07:20:00+00:00,REV
SHORT,1.963900,1.967180,-0.003280,2007-02-05T07:20:00+00:00,2007-02-06T12:21:00+00:00,REV
LONG,1.967180,1.967700,0.000520,2007-02-06T12:21:00+00:00,2007-02-08T09:34:00+00:00,REV
SHORT,1.967700,1.952780,0.014920,2007-02-08T09:34:00+00:00,2007-02-14T10:10:00+00:00,REV
LONG,1.952780,1.951100,-0.001680,2007-02-14T10:10:00+00:00,2007-02-16T00:00:00+00:00,REV
SHORT,1.951100,1.955080,-0.003980,2007-02-16T00:00:00+00:00,2007-02-19T00:00:00+00:00,REV
LONG,1.955080,1.946900,-0.008180,2007-02-19T00:00:00+00:00,2007-02-19T12:21:00+00:00,REV
SHORT,1.946900,1.957180,-0.010280,2007-02-19T12:21:00+00:00,2007-02-20T17:53:00+00:00,REV
LONG,1.957180,1.948900,-0.008280,2007-02-20T17:53:00+00:00,2007-02-22T09:51:00+00:00,REV
SHORT,1.948900,1.959480,-0.010580,2007-02-22T09:51:00+00:00,2007-02-22T19:16:00+00:00,REV
LONG,1.959480,1.961100,0.001620,2007-02-22T19:16:00+00:00,2007-02-27T09:33:00+00:00,REV
SHORT,1.961100,1.966480,-0.005380,2007-02-27T09:33:00+00:00,2007-02-27T10:32:00+00:00,REV
LONG,1.966480,1.959700,-0.006780,2007-02-27T10:32:00+00:00,2007-02-28T09:07:00+00:00,REV
SHORT,1.959700,1.964980,-0.005280,2007-02-28T09:07:00+00:00,2007-03-01T01:38:00+00:00,REV
LONG,1.964980,1.955900,-0.009080,2007-03-01T01:38:00+00:00,2007-03-02T08:22:00+00:00,REV
SHORT,1.955900,1.932480,0.023420,2007-03-02T08:22:00+00:00,2007-03-07T00:24:00+00:00,REV
LONG,1.932480,1.927700,-0.004780,2007-03-07T00:24:00+00:00,2007-03-09T11:30:00+00:00,REV
SHORT,1.927700,1.936980,-0.009280,2007-03-09T11:30:00+00:00,2007-03-12T00:00:00+00:00,REV
LONG,1.936980,1.927100,-0.009880,2007-03-12T00:00:00+00:00,2007-03-12T16:15:00+00:00,REV
SHORT,1.927100,1.935680,-0.008580,2007-03-12T16:15:00+00:00,2007-03-14T18:20:00+00:00,REV
LONG,1.935680,1.961700,0.026020,2007-03-14T18:20:00+00:00,2007-03-23T12:14:00+00:00,REV
SHORT,1.961700,1.969580,-0.007880,2007-03-23T12:14:00+00:00,2007-03-26T17:01:00+00:00,REV
LONG,1.969580,1.962100,-0.007480,2007-03-26T17:01:00+00:00,2007-03-28T11:30:00+00:00,REV
SHORT,1.962100,1.966280,-0.004180,2007-03-28T11:30:00+00:00,2007-03-30T18:17:00+00:00,REV
LONG,1.966280,1.973400,0.007120,2007-03-30T18:17:00+00:00,2007-04-04T02:30:00+00:00,REV
SHORT,1.973400,1.966180,0.007220,2007-04-04T02:30:00+00:00,2007-04-10T04:40:00+00:00,REV
LONG,1.966180,2.001600,0.035420,2007-04-10T04:40:00+00:00,2007-04-19T09:38:00+00:00,REV
SHORT,2.001600,2.004880,-0.003280,2007-04-19T09:38:00+00:00,2007-04-25T09:09:00+00:00,REV
LONG,2.004880,2.000700,-0.004180,2007-04-25T09:09:00+00:00,2007-04-26T12:31:00+00:00,REV
SHORT,2.000700,2.003480,-0.002780,2007-04-26T12:31:00+00:00,2007-05-01T09:59:00+00:00,REV
LONG,2.003480,1.998400,-0.005080,2007-05-01T09:59:00+00:00,2007-05-02T01:25:00+00:00,REV
SHORT,1.998400,1.994780,0.003620,2007-05-02T01:25:00+00:00,2007-05-07T00:00:00+00:00,REV
LONG,1.994780,1.992900,-0.001880,2007-05-07T00:00:00+00:00,2007-05-08T00:14:00+00:00,REV
SHORT,1.992900,1.996680,-0.003780,2007-05-08T00:14:00+00:00,2007-05-09T16:15:00+00:00,REV
LONG,1.996680,1.988600,-0.008080,2007-05-09T16:15:00+00:00,2007-05-10T12:17:00+00:00,REV
SHORT,1.988600,1.984680,0.003920,2007-05-10T12:17:00+00:00,2007-05-14T05:47:00+00:00,REV
LONG,1.984680,1.978300,-0.006380,2007-05-14T05:47:00+00:00,2007-05-15T11:32:00+00:00,REV
SHORT,1.978300,1.984880,-0.006580,2007-05-15T11:32:00+00:00,2007-05-15T17:50:00+00:00,REV
LONG,1.984880,1.976200,-0.008680,2007-05-15T17:50:00+00:00,2007-05-17T14:15:00+00:00,REV
SHORT,1.976200,1.976180,0.000020,2007-05-17T14:15:00+00:00,2007-05-22T17:30:00+00:00,REV
LONG,1.976180,1.983500,0.007320,2007-05-22T17:30:00+00:00,2007-05-28T02:37:00+00:00,REV
SHORT,1.983500,1.985380,-0.001880,2007-05-28T02:37:00+00:00,2007-05-29T08:52:00+00:00,REV
LONG,1.985380,1.982800,-0.002580,2007-05-29T08:52:00+00:00,2007-05-29T17:56:00+00:00,REV
SHORT,1.982800,1.982180,0.000620,2007-05-29T17:56:00+00:00,2007-06-01T19:41:00+00:00,REV
LONG,1.982180,1.991100,0.008920,2007-06-01T19:41:00+00:00,2007-06-06T12:50:00+00:00,REV
SHORT,1.991100,1.970580,0.020520,2007-06-06T12:50:00+00:00,2007-06-12T03:40:00+00:00,REV
LONG,1.970580,1.969000,-0.001580,2007-06-12T03:40:00+00:00,2007-06-13T11:34:00+00:00,REV
SHORT,1.969000,1.974080,-0.005080,2007-06-13T11:34:00+00:00,2007-06-15T16:00:00+00:00,REV
LONG,1.974080,1.996000,0.021920,2007-06-15T16:00:00+00:00,2007-06-27T09:21:00+00:00,REV
SHORT,1.996000,1.999880,-0.003880,2007-06-27T09:21:00+00:00,2007-06-28T00:00:00+00:00,REV
LONG,1.999880,2.015400,0.015520,2007-06-28T00:00:00+00:00,2007-07-05T03:36:00+00:00,REV
SHORT,2.015400,2.014380,0.001020,2007-07-05T03:36:00+00:00,2007-07-09T11:41:00+00:00,REV
LONG,2.014380,2.027400,0.013020,2007-07-09T11:41:00+00:00,2007-07-13T09:39:00+00:00,REV
SHORT,2.027400,2.036980,-0.009580,2007-07-13T09:39:00+00:00,2007-07-13T15:39:00+00:00,REV
LONG,2.036980,2.058800,0.021820,2007-07-13T15:39:00+00:00,2007-07-25T03:25:00+00:00,REV
SHORT,2.058800,2.029380,0.029420,2007-07-25T03:25:00+00:00,2007-07-31T02:05:00+00:00,REV
LONG,2.029380,2.023800,-0.005580,2007-07-31T02:05:00+00:00,2007-08-01T08:18:00+00:00,REV
SHORT,2.023800,2.035380,-0.011580,2007-08-01T08:18:00+00:00,2007-08-02T18:33:00+00:00,REV
LONG,2.035380,2.034100,-0.001280,2007-08-02T18:33:00+00:00,2007-08-06T12:58:00+00:00,REV
SHORT,2.034100,2.036080,-0.001980,2007-08-06T12:58:00+00:00,2007-08-08T15:43:00+00:00,REV
LONG,2.036080,2.021200,-0.014880,2007-08-08T15:43:00+00:00,2007-08-10T03:38:00+00:00,REV
SHORT,2.021200,1.989480,0.031720,2007-08-10T03:38:00+00:00,2007-08-17T15:22:00+00:00,REV
LONG,1.989480,1.977200,-0.012280,2007-08-17T15:22:00+00:00,2007-08-21T10:34:00+00:00,REV
SHORT,1.977200,1.990980,-0.013780,2007-08-21T10:34:00+00:00,2007-08-22T17:20:00+00:00,REV
LONG,1.990980,2.012300,0.021320,2007-08-22T17:20:00+00:00,2007-08-28T00:02:00+00:00,REV
SHORT,2.012300,2.014580,-0.002280,2007-08-28T00:02:00+00:00,2007-08-29T13:57:00+00:00,REV
LONG,2.014580,2.014100,-0.000480,2007-08-29T13:57:00+00:00,2007-09-04T12:06:00+00:00,REV
SHORT,2.014100,2.020080,-0.005980,2007-09-04T12:06:00+00:00,2007-09-05T17:59:00+00:00,REV
LONG,2.020080,2.026500,0.006420,2007-09-05T17:59:00+00:00,2007-09-11T03:34:00+00:00,REV
SHORT,2.026500,2.033380,-0.006880,2007-09-11T03:34:00+00:00,2007-09-11T15:23:00+00:00,REV
LONG,2.033380,2.029000,-0.004380,2007-09-11T15:23:00+00:00,2007-09-13T02:01:00+00:00,REV
SHORT,2.029000,2.009580,0.019420,2007-09-13T02:01:00+00:00,2007-09-18T21:17:00+00:00,REV
LONG,2.009580,2.020100,0.010520,2007-09-18T21:17:00+00:00,2007-09-25T03:01:00+00:00,REV
SHORT,2.020100,2.022180,-0.002080,2007-09-25T03:01:00+00:00,2007-09-27T09:43:00+00:00,REV
LONG,2.022180,2.037700,0.015520,2007-09-27T09:43:00+00:00,2007-10-02T09:21:00+00:00,REV
SHORT,2.037700,2.043080,-0.005380,2007-10-02T09:21:00+00:00,2007-10-05T18:35:00+00:00,REV
LONG,2.043080,2.033300,-0.009780,2007-10-05T18:35:00+00:00,2007-10-09T06:19:00+00:00,REV
SHORT,2.033300,2.039180,-0.005880,2007-10-09T06:19:00+00:00,2007-10-10T00:12:00+00:00,REV
LONG,2.039180,2.037000,-0.002180,2007-10-10T00:12:00+00:00,2007-10-11T09:09:00+00:00,REV
SHORT,2.037000,2.036780,0.000220,2007-10-11T09:09:00+00:00,2007-10-15T09:52:00+00:00,REV
LONG,2.036780,2.032200,-0.004580,2007-10-15T09:52:00+00:00,2007-10-16T11:46:00+00:00,REV
SHORT,2.032200,2.042280,-0.010080,2007-10-16T11:46:00+00:00,2007-10-18T01:02:00+00:00,REV
LONG,2.042280,2.041100,-0.001180,2007-10-18T01:02:00+00:00,2007-10-22T13:31:00+00:00,REV
SHORT,2.041100,2.051980,-0.010880,2007-10-22T13:31:00+00:00,2007-10-24T01:38:00+00:00,REV
LONG,2.051980,2.097600,0.045620,2007-10-24T01:38:00+00:00,2007-11-09T14:00:00+00:00,REV
SHORT,2.097600,2.076480,0.021120,2007-11-09T14:00:00+00:00,2007-11-14T04:21:00+00:00,REV
LONG,2.076480,2.052600,-0.023880,2007-11-14T04:21:00+00:00,2007-11-14T22:53:00+00:00,REV
SHORT,2.052600,2.055580,-0.002980,2007-11-14T22:53:00+00:00,2007-11-19T02:20:00+00:00,REV
LONG,2.055580,2.058900,0.003320,2007-11-19T02:20:00+00:00,2007-11-23T11:31:00+00:00,REV
SHORT,2.058900,2.074080,-0.015180,2007-11-23T11:31:00+00:00,2007-11-27T04:56:00+00:00,REV
LONG,2.074080,2.064500,-0.009580,2007-11-27T04:56:00+00:00,2007-11-28T04:36:00+00:00,REV
SHORT,2.064500,2.076080,-0.011580,2007-11-28T04:36:00+00:00,2007-11-28T21:14:00+00:00,REV
LONG,2.076080,2.059700,-0.016380,2007-11-28T21:14:00+00:00,2007-11-30T17:10:00+00:00,REV
SHORT,2.059700,2.031480,0.028220,2007-11-30T17:10:00+00:00,2007-12-07T12:21:00+00:00,REV
LONG,2.031480,2.034500,0.003020,2007-12-07T12:21:00+00:00,2007-12-14T11:38:00+00:00,REV
SHORT,2.034500,1.984780,0.049720,2007-12-14T11:38:00+00:00,2007-12-26T15:06:00+00:00,REV
LONG,1.984780,1.990500,0.005720,2007-12-26T15:06:00+00:00,2007-12-31T18:00:00+00:00,REV
SHORT,1.990500,1.984380,0.006120,2007-12-31T18:00:00+00:00,2008-01-04T15:33:00+00:00,REV
LONG,1.984380,1.967600,-0.016780,2008-01-04T15:33:00+00:00,2008-01-07T09:46:00+00:00,REV
SHORT,1.967600,1.975880,-0.008280,2008-01-07T09:46:00+00:00,2008-01-08T09:08:00+00:00,REV
LONG,1.975880,1.966900,-0.008980,2008-01-08T09:08:00+00:00,2008-01-09T10:42:00+00:00,REV
SHORT,1.966900,1.963880,0.003020,2008-01-09T10:42:00+00:00,2008-01-14T09:42:00+00:00,REV
LONG,1.963880,1.955800,-0.008080,2008-01-14T09:42:00+00:00,2008-01-15T00:07:00+00:00,REV
SHORT,1.955800,1.965080,-0.009280,2008-01-15T00:07:00+00:00,2008-01-15T11:30:00+00:00,REV
LONG,1.965080,1.960900,-0.004180,2008-01-15T11:30:00+00:00,2008-01-18T11:31:00+00:00,REV
SHORT,1.960900,1.958680,0.002220,2008-01-18T11:31:00+00:00,2008-01-22T15:20:00+00:00,REV
LONG,1.958680,1.974200,0.015520,2008-01-22T15:20:00+00:00,2008-01-28T06:40:00+00:00,REV
SHORT,1.974200,1.985180,-0.010980,2008-01-28T06:40:00+00:00,2008-01-28T15:04:00+00:00,REV
LONG,1.985180,1.984100,-0.001080,2008-01-28T15:04:00+00:00,2008-01-31T01:51:00+00:00,REV
SHORT,1.984100,1.951380,0.032720,2008-01-31T01:51:00+00:00,2008-02-11T12:31:00+00:00,REV
LONG,1.951380,1.961700,0.010320,2008-02-11T12:31:00+00:00,2008-02-15T12:12:00+00:00,REV
SHORT,1.961700,1.950580,0.011120,2008-02-15T12:12:00+00:00,2008-02-21T11:30:00+00:00,REV
LONG,1.950580,1.979500,0.028920,2008-02-21T11:30:00+00:00,2008-02-28T09:24:00+00:00,REV
SHORT,1.979500,1.992480,-0.012980,2008-02-28T09:24:00+00:00,2008-03-03T17:02:00+00:00,REV
LONG,1.992480,1.981500,-0.010980,2008-03-03T17:02:00+00:00,2008-03-05T09:12:00+00:00,REV
SHORT,1.981500,1.989480,-0.007980,2008-03-05T09:12:00+00:00,2008-03-05T17:21:00+00:00,REV
LONG,1.989480,2.009100,0.019620,2008-03-05T17:21:00+00:00,2008-03-11T00:36:00+00:00,REV
SHORT,2.009100,2.021480,-0.012380,2008-03-11T00:36:00+00:00,2008-03-12T13:28:00+00:00,REV
LONG,2.021480,2.025100,0.003620,2008-03-12T13:28:00+00:00,2008-03-14T14:17:00+00:00,REV
SHORT,2.025100,2.039380,-0.014280,2008-03-14T14:17:00+00:00,2008-03-14T17:42:00+00:00,REV
LONG,2.039380,2.018000,-0.021380,2008-03-14T17:42:00+00:00,2008-03-17T00:00:00+00:00,REV
SHORT,2.018000,2.023380,-0.005380,2008-03-17T00:00:00+00:00,2008-03-18T20:14:00+00:00,REV
LONG,2.023380,1.995600,-0.027780,2008-03-18T20:14:00+00:00,2008-03-19T14:14:00+00:00,REV
SHORT,1.995600,1.988180,0.007420,2008-03-19T14:14:00+00:00,2008-03-21T00:11:00+00:00,REV
LONG,1.988180,1.981500,-0.006680,2008-03-21T00:11:00+00:00,2008-03-24T01:10:00+00:00,REV
SHORT,1.981500,1.987980,-0.006480,2008-03-24T01:10:00+00:00,2008-03-25T00:58:00+00:00,REV
LONG,1.987980,2.002600,0.014620,2008-03-25T00:58:00+00:00,2008-03-28T09:52:00+00:00,REV
SHORT,2.002600,1.987680,0.014920,2008-03-28T09:52:00+00:00,2008-04-02T20:03:00+00:00,REV
LONG,1.987680,1.991400,0.003720,2008-04-02T20:03:00+00:00,2008-04-07T03:45:00+00:00,REV
SHORT,1.991400,1.979380,0.012020,2008-04-07T03:45:00+00:00,2008-04-10T12:05:00+00:00,REV
LONG,1.979380,1.970900,-0.008480,2008-04-10T12:05:00+00:00,2008-04-11T15:53:00+00:00,REV
SHORT,1.970900,1.977180,-0.006280,2008-04-11T15:53:00+00:00,2008-04-14T13:25:00+00:00,REV
LONG,1.977180,1.965600,-0.011580,2008-04-14T13:25:00+00:00,2008-04-15T15:30:00+00:00,REV
SHORT,1.965600,1.979280,-0.013680,2008-04-15T15:30:00+00:00,2008-04-16T12:47:00+00:00,REV
LONG,1.979280,1.988400,0.009120,2008-04-16T12:47:00+00:00,2008-04-21T11:21:00+00:00,REV
SHORT,1.988400,1.981980,0.006420,2008-04-21T11:21:00+00:00,2008-04-25T12:42:00+00:00,REV
LONG,1.981980,1.978500,-0.003480,2008-04-25T12:42:00+00:00,2008-04-29T13:00:00+00:00,REV
SHORT,1.978500,1.989880,-0.011380,2008-04-29T13:00:00+00:00,2008-05-01T09:16:00+00:00,REV
LONG,1.989880,1.971500,-0.018380,2008-05-01T09:16:00+00:00,2008-05-02T17:24:00+00:00,REV
SHORT,1.971500,1.957480,0.014020,2008-05-02T17:24:00+00:00,2008-05-12T11:45:00+00:00,REV
LONG,1.957480,1.944500,-0.012980,2008-05-12T11:45:00+00:00,2008-05-13T16:58:00+00:00,REV
SHORT,1.944500,1.947880,-0.003380,2008-05-13T16:58:00+00:00,2008-05-15T08:38:00+00:00,REV
LONG,1.947880,1.976100,0.028220,2008-05-15T08:38:00+00:00,2008-05-27T10:35:00+00:00,REV
SHORT,1.976100,1.982180,-0.006080,2008-05-27T10:35:00+00:00,2008-05-30T23:16:00+00:00,REV
LONG,1.982180,1.968700,-0.013480,2008-05-30T23:16:00+00:00,2008-06-02T09:47:00+00:00,REV
SHORT,1.968700,1.960080,0.008620,2008-06-02T09:47:00+00:00,2008-06-06T02:57:00+00:00,REV
LONG,1.960080,1.967000,0.006920,2008-06-06T02:57:00+00:00,2008-06-10T08:56:00+00:00,REV
SHORT,1.967000,1.951580,0.015420,2008-06-10T08:56:00+00:00,2008-06-16T05:29:00+00:00,REV
LONG,1.951580,1.970200,0.018620,2008-06-16T05:29:00+00:00,2008-06-23T09:14:00+00:00,REV
SHORT,1.970200,1.972680,-0.002480,2008-06-23T09:14:00+00:00,2008-06-25T12:47:00+00:00,REV
LONG,1.972680,1.988900,0.016220,2008-06-25T12:47:00+00:00,2008-07-02T11:17:00+00:00,REV
SHORT,1.988900,1.980180,0.008720,2008-07-02T11:17:00+00:00,2008-07-09T17:50:00+00:00,REV
LONG,1.980180,1.996100,0.015920,2008-07-09T17:50:00+00:00,2008-07-17T21:14:00+00:00,REV
SHORT,1.996100,2.004180,-0.008080,2008-07-17T21:14:00+00:00,2008-07-22T09:51:00+00:00,REV
LONG,2.004180,1.991000,-0.013180,2008-07-22T09:51:00+00:00,2008-07-22T19:25:00+00:00,REV
SHORT,1.991000,1.996780,-0.005780,2008-07-22T19:25:00+00:00,2008-07-29T09:38:00+00:00,REV
LONG,1.996780,1.984400,-0.012380,2008-07-29T09:38:00+00:00,2008-07-29T16:44:00+00:00,REV
SHORT,1.984400,1.984680,-0.000280,2008-07-29T16:44:00+00:00,2008-07-31T15:31:00+00:00,REV
LONG,1.984680,1.978300,-0.006380,2008-07-31T15:31:00+00:00,2008-08-01T10:20:00+00:00,REV
SHORT,1.978300,1.870380,0.107920,2008-08-01T10:20:00+00:00,2008-08-18T03:32:00+00:00,REV
LONG,1.870380,1.862900,-0.007480,2008-08-18T03:32:00+00:00,2008-08-19T00:45:00+00:00,REV
SHORT,1.862900,1.868280,-0.005380,2008-08-19T00:45:00+00:00,2008-08-20T00:19:00+00:00,REV
LONG,1.868280,1.860900,-0.007380,2008-08-20T00:19:00+00:00,2008-08-22T11:40:00+00:00,REV
SHORT,1.860900,1.784380,0.076520,2008-08-22T11:40:00+00:00,2008-09-04T10:46:00+00:00,REV
LONG,1.784380,1.766900,-0.017480,2008-09-04T10:46:00+00:00,2008-09-04T18:18:00+00:00,REV
SHORT,1.766900,1.779380,-0.012480,2008-09-04T18:18:00+00:00,2008-09-08T00:00:00+00:00,REV
LONG,1.779380,1.754000,-0.025380,2008-09-08T00:00:00+00:00,2008-09-08T19:00:00+00:00,REV
SHORT,1.754000,1.759380,-0.005380,2008-09-08T19:00:00+00:00,2008-09-12T00:07:00+00:00,REV
LONG,1.759380,1.776900,0.017520,2008-09-12T00:07:00+00:00,2008-09-16T17:50:00+00:00,REV
SHORT,1.776900,1.801480,-0.024580,2008-09-16T17:50:00+00:00,2008-09-17T20:06:00+00:00,REV
LONG,1.801480,1.809400,0.007920,2008-09-17T20:06:00+00:00,2008-09-19T03:14:00+00:00,REV
SHORT,1.809400,1.828180,-0.018780,2008-09-19T03:14:00+00:00,2008-09-19T16:37:00+00:00,REV
LONG,1.828180,1.847500,0.019320,2008-09-19T16:37:00+00:00,2008-09-24T22:50:00+00:00,REV
SHORT,1.847500,1.860980,-0.013480,2008-09-24T22:50:00+00:00,2008-09-25T09:36:00+00:00,REV
LONG,1.860980,1.846200,-0.014780,2008-09-25T09:36:00+00:00,2008-09-25T17:25:00+00:00,REV
SHORT,1.846200,1.773180,0.073020,2008-09-25T17:25:00+00:00,2008-10-03T08:26:00+00:00,REV
LONG,1.773180,1.756200,-0.016980,2008-10-03T08:26:00+00:00,2008-10-06T09:33:00+00:00,REV
SHORT,1.756200,1.718380,0.037820,2008-10-06T09:33:00+00:00,2008-10-13T09:20:00+00:00,REV
LONG,1.718380,1.733800,0.015420,2008-10-13T09:20:00+00:00,2008-10-15T20:48:00+00:00,REV
SHORT,1.733800,1.735880,-0.002080,2008-10-15T20:48:00+00:00,2008-10-17T09:33:00+00:00,REV
LONG,1.735880,1.722800,-0.013080,2008-10-17T09:33:00+00:00,2008-10-20T16:33:00+00:00,REV
SHORT,1.722800,1.588380,0.134420,2008-10-20T16:33:00+00:00,2008-10-28T22:21:00+00:00,REV
LONG,1.588380,1.621500,0.033120,2008-10-28T22:21:00+00:00,2008-10-31T10:03:00+00:00,REV
SHORT,1.621500,1.610980,0.010520,2008-10-31T10:03:00+00:00,2008-11-05T17:09:00+00:00,REV
LONG,1.610980,1.575600,-0.035380,2008-11-05T17:09:00+00:00,2008-11-06T14:03:00+00:00,REV
SHORT,1.575600,1.588680,-0.013080,2008-11-06T14:03:00+00:00,2008-11-10T03:39:00+00:00,REV
LONG,1.588680,1.557800,-0.030880,2008-11-10T03:39:00+00:00,2008-11-11T03:40:00+00:00,REV
SHORT,1.557800,1.496080,0.061720,2008-11-11T03:40:00+00:00,2008-11-17T11:35:00+00:00,REV
LONG,1.496080,1.490600,-0.005480,2008-11-17T11:35:00+00:00,2008-11-20T09:57:00+00:00,REV
SHORT,1.490600,1.499980,-0.009380,2008-11-20T09:57:00+00:00,2008-11-21T12:03:00+00:00,REV
LONG,1.499980,1.471500,-0.028480,2008-11-21T12:03:00+00:00,2008-11-21T18:05:00+00:00,REV
SHORT,1.471500,1.506480,-0.034980,2008-11-21T18:05:00+00:00,2008-11-24T16:13:00+00:00,REV
LONG,1.506480,1.531500,0.025020,2008-11-24T16:13:00+00:00,2008-11-28T14:17:00+00:00,REV
SHORT,1.531500,1.477680,0.053820,2008-11-28T14:17:00+00:00,2008-12-08T08:08:00+00:00,REV
LONG,1.477680,1.468600,-0.009080,2008-12-08T08:08:00+00:00,2008-12-09T15:32:00+00:00,REV
SHORT,1.468600,1.488480,-0.019880,2008-12-09T15:32:00+00:00,2008-12-11T07:26:00+00:00,REV
LONG,1.488480,1.524700,0.036220,2008-12-11T07:26:00+00:00,2008-12-18T16:54:00+00:00,REV
SHORT,1.524700,1.476280,0.048420,2008-12-18T16:54:00+00:00,2008-12-29T09:51:00+00:00,REV
LONG,1.476280,1.458000,-0.018280,2008-12-29T09:51:00+00:00,2008-12-29T15:19:00+00:00,REV
SHORT,1.458000,1.455580,0.002420,2008-12-29T15:19:00+00:00,2008-12-31T13:12:00+00:00,REV
LONG,1.455580,1.439500,-0.016080,2008-12-31T13:12:00+00:00,2008-12-31T17:59:00+00:00,REV
SHORT,1.439500,1.473980,-0.034480,2008-12-31T17:59:00+00:00,2009-01-02T01:59:00+00:00,REV
LONG,1.473980,1.515600,0.041620,2009-01-02T01:59:00+00:00,2009-01-12T00:00:00+00:00,REV
SHORT,1.515600,1.468780,0.046820,2009-01-12T00:00:00+00:00,2009-01-16T02:09:00+00:00,REV
LONG,1.468780,1.463000,-0.005780,2009-01-16T02:09:00+00:00,2009-01-19T14:29:00+00:00,REV
SHORT,1.463000,1.390280,0.072720,2009-01-19T14:29:00+00:00,2009-01-26T15:00:00+00:00,REV
LONG,1.390280,1.413000,0.022720,2009-01-26T15:00:00+00:00,2009-01-29T06:22:00+00:00,REV
SHORT,1.413000,1.437880,-0.024880,2009-01-29T06:22:00+00:00,2009-01-29T16:03:00+00:00,REV
LONG,1.437880,1.419000,-0.018880,2009-01-29T16:03:00+00:00,2009-02-02T11:51:00+00:00,REV
SHORT,1.419000,1.448880,-0.029880,2009-02-02T11:51:00+00:00,2009-02-04T15:52:00+00:00,REV
LONG,1.448880,1.470700,0.021820,2009-02-04T15:52:00+00:00,2009-02-10T17:52:00+00:00,REV
SHORT,1.470700,1.441880,0.028820,2009-02-10T17:52:00+00:00,2009-02-13T09:42:00+00:00,REV
LONG,1.441880,1.421600,-0.020280,2009-02-13T09:42:00+00:00,2009-02-16T00:00:00+00:00,REV
SHORT,1.421600,1.430080,-0.008480,2009-02-16T00:00:00+00:00,2009-02-19T09:30:00+00:00,REV
LONG,1.430080,1.420900,-0.009180,2009-02-19T09:30:00+00:00,2009-02-20T09:08:00+00:00,REV
SHORT,1.420900,1.444980,-0.024080,2009-02-20T09:08:00+00:00,2009-02-20T19:08:00+00:00,REV
LONG,1.444980,1.437700,-0.007280,2009-02-20T19:08:00+00:00,2009-02-25T13:51:00+00:00,REV
SHORT,1.437700,1.415980,0.021720,2009-02-25T13:51:00+00:00,2009-03-04T18:30:00+00:00,REV
LONG,1.415980,1.404300,-0.011680,2009-03-04T18:30:00+00:00,2009-03-09T10:07:00+00:00,REV
SHORT,1.404300,1.389280,0.015020,2009-03-09T10:07:00+00:00,2009-03-12T04:11:00+00:00,REV
LONG,1.389280,1.396700,0.007420,2009-03-12T04:11:00+00:00,2009-03-18T10:49:00+00:00,REV
SHORT,1.396700,1.414180,-0.017480,2009-03-18T10:49:00+00:00,2009-03-18T21:23:00+00:00,REV
LONG,1.414180,1.455000,0.040820,2009-03-18T21:23:00+00:00,2009-03-25T14:23:00+00:00,REV
SHORT,1.455000,1.430280,0.024720,2009-03-25T14:23:00+00:00,2009-03-31T03:54:00+00:00,REV
LONG,1.430280,1.467200,0.036920,2009-03-31T03:54:00+00:00,2009-04-07T02:59:00+00:00,REV
SHORT,1.467200,1.474980,-0.007780,2009-04-07T02:59:00+00:00,2009-04-09T09:33:00+00:00,REV
LONG,1.474980,1.463700,-0.011280,2009-04-09T09:33:00+00:00,2009-04-09T12:40:00+00:00,REV
SHORT,1.463700,1.468680,-0.004980,2009-04-09T12:40:00+00:00,2009-04-13T08:17:00+00:00,REV
LONG,1.468680,1.482700,0.014020,2009-04-13T08:17:00+00:00,2009-04-15T10:35:00+00:00,REV
SHORT,1.482700,1.494780,-0.012080,2009-04-15T10:35:00+00:00,2009-04-15T11:58:00+00:00,REV
LONG,1.494780,1.484200,-0.010580,2009-04-15T11:58:00+00:00,2009-04-17T09:03:00+00:00,REV
SHORT,1.484200,1.468980,0.015220,2009-04-17T09:03:00+00:00,2009-04-23T20:42:00+00:00,REV
LONG,1.468980,1.457700,-0.011280,2009-04-23T20:42:00+00:00,2009-04-27T09:09:00+00:00,REV
SHORT,1.457700,1.469480,-0.011780,2009-04-27T09:09:00+00:00,2009-04-29T06:14:00+00:00,REV
LONG,1.469480,1.499500,0.030020,2009-04-29T06:14:00+00:00,2009-05-07T20:48:00+00:00,REV
SHORT,1.499500,1.519980,-0.020480,2009-05-07T20:48:00+00:00,2009-05-08T21:46:00+00:00,REV
LONG,1.519980,1.508800,-0.011180,2009-05-08T21:46:00+00:00,2009-05-14T13:34:00+00:00,REV
SHORT,1.508800,1.524980,-0.016180,2009-05-14T13:34:00+00:00,2009-05-15T15:54:00+00:00,REV
LONG,1.524980,1.513600,-0.011380,2009-05-15T15:54:00+00:00,2009-05-18T03:19:00+00:00,REV
SHORT,1.513600,1.529180,-0.015580,2009-05-18T03:19:00+00:00,2009-05-18T14:40:00+00:00,REV
LONG,1.529180,1.583400,0.054220,2009-05-18T14:40:00+00:00,2009-05-26T10:10:00+00:00,REV
SHORT,1.583400,1.593680,-0.010280,2009-05-26T10:10:00+00:00,2009-05-26T17:15:00+00:00,REV
LONG,1.593680,1.592100,-0.001580,2009-05-26T17:15:00+00:00,2009-05-28T06:07:00+00:00,REV
SHORT,1.592100,1.601480,-0.009380,2009-05-28T06:07:00+00:00,2009-05-29T08:47:00+00:00,REV
LONG,1.601480,1.631900,0.030420,2009-05-29T08:47:00+00:00,2009-06-03T19:45:00+00:00,REV
SHORT,1.631900,1.610280,0.021620,2009-06-03T19:45:00+00:00,2009-06-09T09:35:00+00:00,REV
LONG,1.610280,1.634100,0.023820,2009-06-09T09:35:00+00:00,2009-06-15T09:05:00+00:00,REV
SHORT,1.634100,1.644280,-0.010180,2009-06-15T09:05:00+00:00,2009-06-16T12:00:00+00:00,REV
LONG,1.644280,1.621900,-0.022380,2009-06-16T12:00:00+00:00,2009-06-18T11:56:00+00:00,REV
SHORT,1.621900,1.646880,-0.024980,2009-06-18T11:56:00+00:00,2009-06-19T15:27:00+00:00,REV
LONG,1.646880,1.631900,-0.014980,2009-06-19T15:27:00+00:00,2009-06-23T02:18:00+00:00,REV
SHORT,1.631900,1.647280,-0.015380,2009-06-23T02:18:00+00:00,2009-06-24T03:27:00+00:00,REV
LONG,1.647280,1.636700,-0.010580,2009-06-24T03:27:00+00:00,2009-06-25T10:05:00+00:00,REV
SHORT,1.636700,1.646780,-0.010080,2009-06-25T10:05:00+00:00,2009-06-26T10:11:00+00:00,REV
LONG,1.646780,1.642700,-0.004080,2009-06-26T10:11:00+00:00,2009-06-30T17:18:00+00:00,REV
SHORT,1.642700,1.613980,0.028720,2009-06-30T17:18:00+00:00,2009-07-09T10:47:00+00:00,REV
LONG,1.613980,1.615300,0.001320,2009-07-09T10:47:00+00:00,2009-07-13T05:17:00+00:00,REV
SHORT,1.615300,1.623780,-0.008480,2009-07-13T05:17:00+00:00,2009-07-14T00:58:00+00:00,REV
LONG,1.623780,1.635300,0.011520,2009-07-14T00:58:00+00:00,2009-07-17T09:30:00+00:00,REV
SHORT,1.635300,1.644680,-0.009380,2009-07-17T09:30:00+00:00,2009-07-20T10:17:00+00:00,REV
LONG,1.644680,1.638300,-0.006380,2009-07-20T10:17:00+00:00,2009-07-22T08:53:00+00:00,REV
SHORT,1.638300,1.650380,-0.012080,2009-07-22T08:53:00+00:00,2009-07-23T09:05:00+00:00,REV
LONG,1.650380,1.643200,-0.007180,2009-07-23T09:05:00+00:00,2009-07-24T12:04:00+00:00,REV
SHORT,1.643200,1.652380,-0.009180,2009-07-24T12:04:00+00:00,2009-07-28T08:18:00+00:00,REV
LONG,1.652380,1.638900,-0.013480,2009-07-28T08:18:00+00:00,2009-07-29T09:10:00+00:00,REV
SHORT,1.638900,1.646880,-0.007980,2009-07-29T09:10:00+00:00,2009-07-30T09:57:00+00:00,REV
LONG,1.646880,1.690000,0.043120,2009-07-30T09:57:00+00:00,2009-08-06T14:00:00+00:00,REV
SHORT,1.690000,1.652180,0.037820,2009-08-06T14:00:00+00:00,2009-08-12T17:06:00+00:00,REV
LONG,1.652180,1.643000,-0.009180,2009-08-12T17:06:00+00:00,2009-08-12T21:28:00+00:00,REV
SHORT,1.643000,1.655980,-0.012980,2009-08-12T21:28:00+00:00,2009-08-13T09:15:00+00:00,REV
LONG,1.655980,1.648300,-0.007680,2009-08-13T09:15:00+00:00,2009-08-17T02:59:00+00:00,REV
SHORT,1.648300,1.651680,-0.003380,2009-08-17T02:59:00+00:00,2009-08-18T17:15:00+00:00,REV
LONG,1.651680,1.645000,-0.006680,2009-08-18T17:15:00+00:00,2009-08-21T06:45:00+00:00,REV
SHORT,1.645000,1.660480,-0.015480,2009-08-21T06:45:00+00:00,2009-08-21T17:03:00+00:00,REV
LONG,1.660480,1.641800,-0.018680,2009-08-21T17:03:00+00:00,2009-08-24T17:39:00+00:00,REV
SHORT,1.641800,1.630480,0.011320,2009-08-24T17:39:00+00:00,2009-08-28T09:37:00+00:00,REV
LONG,1.630480,1.625500,-0.004980,2009-08-28T09:37:00+00:00,2009-08-31T01:20:00+00:00,REV
SHORT,1.625500,1.632980,-0.007480,2009-08-31T01:20:00+00:00,2009-09-01T09:06:00+00:00,REV
LONG,1.632980,1.618100,-0.014880,2009-09-01T09:06:00+00:00,2009-09-01T18:16:00+00:00,REV
SHORT,1.618100,1.629980,-0.011880,2009-09-01T18:16:00+00:00,2009-09-03T09:03:00+00:00,REV
LONG,1.629980,1.632500,0.002520,2009-09-03T09:03:00+00:00,2009-09-08T04:42:00+00:00,REV
SHORT,1.632500,1.644480,-0.011980,2009-09-08T04:42:00+00:00,2009-09-08T10:48:00+00:00,REV
LONG,1.644480,1.664200,0.019720,2009-09-08T10:48:00+00:00,2009-09-14T03:10:00+00:00,REV
SHORT,1.664200,1.653280,0.010920,2009-09-14T03:10:00+00:00,2009-09-17T09:17:00+00:00,REV
LONG,1.653280,1.643100,-0.010180,2009-09-17T09:17:00+00:00,2009-09-17T22:19:00+00:00,REV
SHORT,1.643100,1.626380,0.016720,2009-09-17T22:19:00+00:00,2009-09-22T09:18:00+00:00,REV
LONG,1.626380,1.632700,0.006320,2009-09-22T09:18:00+00:00,2009-09-24T00:58:00+00:00,REV
SHORT,1.632700,1.597580,0.035120,2009-09-24T00:58:00+00:00,2009-09-29T13:41:00+00:00,REV
LONG,1.597580,1.594400,-0.003180,2009-09-29T13:41:00+00:00,2009-10-01T07:34:00+00:00,REV
SHORT,1.594400,1.595580,-0.001180,2009-10-01T07:34:00+00:00,2009-10-05T03:08:00+00:00,REV
LONG,1.595580,1.590200,-0.005380,2009-10-05T03:08:00+00:00,2009-10-06T14:01:00+00:00,REV
SHORT,1.590200,1.597280,-0.007080,2009-10-06T14:01:00+00:00,2009-10-08T02:29:00+00:00,REV
LONG,1.597280,1.594700,-0.002580,2009-10-08T02:29:00+00:00,2009-10-09T12:05:00+00:00,REV
SHORT,1.594700,1.588280,0.006420,2009-10-09T12:05:00+00:00,2009-10-13T18:42:00+00:00,REV
LONG,1.588280,1.625100,0.036820,2009-10-13T18:42:00+00:00,2009-10-19T10:28:00+00:00,REV
SHORT,1.625100,1.639880,-0.014780,2009-10-19T10:28:00+00:00,2009-10-19T17:54:00+00:00,REV
LONG,1.639880,1.648600,0.008720,2009-10-19T17:54:00+00:00,2009-10-23T11:42:00+00:00,REV
SHORT,1.648600,1.639480,0.009120,2009-10-23T11:42:00+00:00,2009-10-27T11:59:00+00:00,REV
LONG,1.639480,1.628400,-0.011080,2009-10-27T11:59:00+00:00,2009-10-28T14:44:00+00:00,REV
SHORT,1.628400,1.643780,-0.015380,2009-10-28T14:44:00+00:00,2009-10-28T20:14:00+00:00,REV
LONG,1.643780,1.640500,-0.003280,2009-10-28T20:14:00+00:00,2009-11-02T00:00:00+00:00,REV
SHORT,1.640500,1.645480,-0.004980,2009-11-02T00:00:00+00:00,2009-11-04T08:47:00+00:00,REV
LONG,1.645480,1.661500,0.016020,2009-11-04T08:47:00+00:00,2009-11-10T07:20:00+00:00,REV
SHORT,1.661500,1.678780,-0.017280,2009-11-10T07:20:00+00:00,2009-11-11T12:30:00+00:00,REV
LONG,1.678780,1.660000,-0.018780,2009-11-11T12:30:00+00:00,2009-11-11T17:46:00+00:00,REV
SHORT,1.660000,1.662580,-0.002580,2009-11-11T17:46:00+00:00,2009-11-13T09:33:00+00:00,REV
LONG,1.662580,1.675400,0.012820,2009-11-13T09:33:00+00:00,2009-11-18T17:30:00+00:00,REV
SHORT,1.675400,1.661780,0.013620,2009-11-18T17:30:00+00:00,2009-11-25T03:23:00+00:00,REV
LONG,1.661780,1.657400,-0.004380,2009-11-25T03:23:00+00:00,2009-11-26T10:04:00+00:00,REV
SHORT,1.657400,1.653080,0.004320,2009-11-26T10:04:00+00:00,2009-11-30T03:01:00+00:00,REV
LONG,1.653080,1.654900,0.001820,2009-11-30T03:01:00+00:00,2009-12-03T23:41:00+00:00,REV
SHORT,1.654900,1.631880,0.023020,2009-12-03T23:41:00+00:00,2009-12-16T12:08:00+00:00,REV
LONG,1.631880,1.622900,-0.008980,2009-12-16T12:08:00+00:00,2009-12-17T09:02:00+00:00,REV
SHORT,1.622900,1.599280,0.023620,2009-12-17T09:02:00+00:00,2009-12-24T04:38:00+00:00,REV
LONG,1.599280,1.595700,-0.003580,2009-12-24T04:38:00+00:00,2009-12-28T00:30:00+00:00,REV
SHORT,1.595700,1.598280,-0.002580,2009-12-28T00:30:00+00:00,2009-12-28T11:06:00+00:00,REV
LONG,1.598280,1.593100,-0.005180,2009-12-28T11:06:00+00:00,2009-12-29T18:09:00+00:00,REV
SHORT,1.593100,1.606780,-0.013680,2009-12-29T18:09:00+00:00,2009-12-30T19:08:00+00:00,REV
LONG,1.606780,1.605700,-0.001080,2009-12-30T19:08:00+00:00,2010-01-05T10:21:00+00:00,REV
SHORT,1.605700,1.605880,-0.000180,2010-01-05T10:21:00+00:00,2010-01-08T15:44:00+00:00,REV
LONG,1.605880,1.625000,0.019120,2010-01-08T15:44:00+00:00,2010-01-15T17:58:00+00:00,REV
SHORT,1.625000,1.635580,-0.010580,2010-01-15T17:58:00+00:00,2010-01-18T12:05:00+00:00,REV
LONG,1.635580,1.631000,-0.004580,2010-01-18T12:05:00+00:00,2010-01-20T04:01:00+00:00,REV
SHORT,1.631000,1.625980,0.005020,2010-01-20T04:01:00+00:00,2010-01-26T01:49:00+00:00,REV
LONG,1.625980,1.611200,-0.014780,2010-01-26T01:49:00+00:00,2010-01-29T01:30:00+00:00,REV
SHORT,1.611200,1.597780,0.013420,2010-01-29T01:30:00+00:00,2010-02-02T17:33:00+00:00,REV
LONG,1.597780,1.590100,-0.007680,2010-02-02T17:33:00+00:00,2010-02-03T21:06:00+00:00,REV
SHORT,1.590100,1.565980,0.024120,2010-02-03T21:06:00+00:00,2010-02-09T18:51:00+00:00,REV
LONG,1.565980,1.557000,-0.008980,2010-02-09T18:51:00+00:00,2010-02-11T10:53:00+00:00,REV
SHORT,1.557000,1.571780,-0.014780,2010-02-11T10:53:00+00:00,2010-02-12T09:48:00+00:00,REV
LONG,1.571780,1.566500,-0.005280,2010-02-12T09:48:00+00:00,2010-02-18T02:28:00+00:00,REV
SHORT,1.566500,1.552080,0.014420,2010-02-18T02:28:00+00:00,2010-02-23T06:13:00+00:00,REV
LONG,1.552080,1.543100,-0.008980,2010-02-23T06:13:00+00:00,2010-02-23T12:00:00+00:00,REV
SHORT,1.543100,1.499780,0.043320,2010-02-23T12:00:00+00:00,2010-03-03T01:47:00+00:00,REV
LONG,1.499780,1.500500,0.000720,2010-03-03T01:47:00+00:00,2010-03-05T09:31:00+00:00,REV
SHORT,1.500500,1.513580,-0.013080,2010-03-05T09:31:00+00:00,2010-03-05T18:22:00+00:00,REV
LONG,1.513580,1.503000,-0.010580,2010-03-05T18:22:00+00:00,2010-03-09T02:18:00+00:00,REV
SHORT,1.503000,1.501580,0.001420,2010-03-09T02:18:00+00:00,2010-03-11T12:06:00+00:00,REV
LONG,1.501580,1.502500,0.000920,2010-03-11T12:06:00+00:00,2010-03-15T13:58:00+00:00,REV
SHORT,1.502500,1.520680,-0.018180,2010-03-15T13:58:00+00:00,2010-03-16T18:55:00+00:00,REV
LONG,1.520680,1.521500,0.000820,2010-03-16T18:55:00+00:00,2010-03-19T09:23:00+00:00,REV
SHORT,1.521500,1.510580,0.010920,2010-03-19T09:23:00+00:00,2010-03-23T00:44:00+00:00,REV
LONG,1.510580,1.497100,-0.013480,2010-03-23T00:44:00+00:00,2010-03-24T08:53:00+00:00,REV
SHORT,1.497100,1.492380,0.004720,2010-03-24T08:53:00+00:00,2010-03-29T00:02:00+00:00,REV
LONG,1.492380,1.522200,0.029820,2010-03-29T00:02:00+00:00,2010-04-06T07:44:00+00:00,REV
SHORT,1.522200,1.527980,-0.005780,2010-04-06T07:44:00+00:00,2010-04-09T00:05:00+00:00,REV
LONG,1.527980,1.535100,0.007120,2010-04-09T00:05:00+00:00,2010-04-13T03:15:00+00:00,REV
SHORT,1.535100,1.544880,-0.009780,2010-04-13T03:15:00+00:00,2010-04-14T12:41:00+00:00,REV
LONG,1.544880,1.538400,-0.006480,2010-04-14T12:41:00+00:00,2010-04-16T09:38:00+00:00,REV
SHORT,1.538400,1.533980,0.004420,2010-04-16T09:38:00+00:00,2010-04-20T00:07:00+00:00,REV
LONG,1.533980,1.534100,0.000120,2010-04-20T00:07:00+00:00,2010-04-23T02:06:00+00:00,REV
SHORT,1.534100,1.538680,-0.004580,2010-04-23T02:06:00+00:00,2010-04-26T00:00:00+00:00,REV
LONG,1.538680,1.537400,-0.001280,2010-04-26T00:00:00+00:00,2010-04-26T01:40:00+00:00,REV
SHORT,1.537400,1.528780,0.008620,2010-04-26T01:40:00+00:00,2010-04-29T18:50:00+00:00,REV
LONG,1.528780,1.525200,-0.003580,2010-04-29T18:50:00+00:00,2010-05-03T03:39:00+00:00,REV
SHORT,1.525200,1.493480,0.031720,2010-05-03T03:39:00+00:00,2010-05-10T11:13:00+00:00,REV
LONG,1.493480,1.475900,-0.017580,2010-05-10T11:13:00+00:00,2010-05-11T13:35:00+00:00,REV
SHORT,1.475900,1.500380,-0.024480,2010-05-11T13:35:00+00:00,2010-05-12T11:05:00+00:00,REV
LONG,1.500380,1.481700,-0.018680,2010-05-12T11:05:00+00:00,2010-05-13T03:47:00+00:00,REV
SHORT,1.481700,1.444880,0.036820,2010-05-13T03:47:00+00:00,2010-05-20T00:03:00+00:00,REV
LONG,1.444880,1.423700,-0.021180,2010-05-20T00:03:00+00:00,2010-05-20T17:25:00+00:00,REV
SHORT,1.423700,1.446580,-0.022880,2010-05-20T17:25:00+00:00,2010-05-21T12:13:00+00:00,REV
LONG,1.446580,1.435000,-0.011580,2010-05-21T12:13:00+00:00,2010-05-25T03:56:00+00:00,REV
SHORT,1.435000,1.442280,-0.007280,2010-05-25T03:56:00+00:00,2010-05-26T00:15:00+00:00,REV
LONG,1.442280,1.441700,-0.000580,2010-05-26T00:15:00+00:00,2010-05-31T00:00:00+00:00,REV
SHORT,1.441700,1.444880,-0.003180,2010-05-31T00:00:00+00:00,2010-05-31T01:19:00+00:00,REV
LONG,1.444880,1.458400,0.013520,2010-05-31T01:19:00+00:00,2010-06-04T14:14:00+00:00,REV
SHORT,1.458400,1.452780,0.005620,2010-06-04T14:14:00+00:00,2010-06-09T14:47:00+00:00,REV
LONG,1.452780,1.450700,-0.002080,2010-06-09T14:47:00+00:00,2010-06-11T19:30:00+00:00,REV
SHORT,1.450700,1.475780,-0.025080,2010-06-11T19:30:00+00:00,2010-06-14T15:20:00+00:00,REV
LONG,1.475780,1.472400,-0.003380,2010-06-14T15:20:00+00:00,2010-06-17T00:02:00+00:00,REV
SHORT,1.472400,1.483680,-0.011280,2010-06-17T00:02:00+00:00,2010-06-18T07:25:00+00:00,REV
LONG,1.483680,1.473600,-0.010080,2010-06-18T07:25:00+00:00,2010-06-22T08:50:00+00:00,REV
SHORT,1.473600,1.485780,-0.012180,2010-06-22T08:50:00+00:00,2010-06-23T10:10:00+00:00,REV
LONG,1.485780,1.491300,0.005520,2010-06-23T10:10:00+00:00,2010-06-25T10:23:00+00:00,REV
SHORT,1.491300,1.501080,-0.009780,2010-06-25T10:23:00+00:00,2010-06-25T19:36:00+00:00,REV
LONG,1.501080,1.501400,0.000320,2010-06-25T19:36:00+00:00,2010-06-29T12:20:00+00:00,REV
SHORT,1.501400,1.507280,-0.005880,2010-06-29T12:20:00+00:00,2010-07-01T16:36:00+00:00,REV
LONG,1.507280,1.514700,0.007420,2010-07-01T16:36:00+00:00,2010-07-05T11:50:00+00:00,REV
SHORT,1.514700,1.520080,-0.005380,2010-07-05T11:50:00+00:00,2010-07-06T10:21:00+00:00,REV
LONG,1.520080,1.507900,-0.012180,2010-07-06T10:21:00+00:00,2010-07-07T11:39:00+00:00,REV
SHORT,1.507900,1.521780,-0.013880,2010-07-07T11:39:00+00:00,2010-07-08T04:31:00+00:00,REV
LONG,1.521780,1.509900,-0.011880,2010-07-08T04:31:00+00:00,2010-07-09T15:26:00+00:00,REV
SHORT,1.509900,1.508380,0.001520,2010-07-09T15:26:00+00:00,2010-07-13T12:20:00+00:00,REV
LONG,1.508380,1.527300,0.018920,2010-07-13T12:20:00+00:00,2010-07-19T00:00:00+00:00,REV
SHORT,1.527300,1.530780,-0.003480,2010-07-19T00:00:00+00:00,2010-07-21T09:17:00+00:00,REV
LONG,1.530780,1.515000,-0.015780,2010-07-21T09:17:00+00:00,2010-07-21T21:32:00+00:00,REV
SHORT,1.515000,1.529380,-0.014380,2010-07-21T21:32:00+00:00,2010-07-23T09:40:00+00:00,REV
LONG,1.529380,1.541500,0.012120,2010-07-23T09:40:00+00:00,2010-07-26T00:00:00+00:00,REV
SHORT,1.541500,1.542180,-0.000680,2010-07-26T00:00:00+00:00,2010-07-26T01:30:00+00:00,REV
LONG,1.542180,1.557700,0.015520,2010-07-26T01:30:00+00:00,2010-07-30T12:58:00+00:00,REV
SHORT,1.557700,1.565980,-0.008280,2010-07-30T12:58:00+00:00,2010-07-30T17:43:00+00:00,REV
LONG,1.565980,1.585900,0.019920,2010-07-30T17:43:00+00:00,2010-08-04T17:46:00+00:00,REV
SHORT,1.585900,1.592180,-0.006280,2010-08-04T17:46:00+00:00,2010-08-06T15:46:00+00:00,REV
LONG,1.592180,1.588800,-0.003380,2010-08-06T15:46:00+00:00,2010-08-10T00:00:00+00:00,REV
SHORT,1.588800,1.560680,0.028120,2010-08-10T00:00:00+00:00,2010-08-16T00:00:00+00:00,REV
LONG,1.560680,1.558800,-0.001880,2010-08-16T00:00:00+00:00,2010-08-16T00:26:00+00:00,REV
SHORT,1.558800,1.553180,0.005620,2010-08-16T00:26:00+00:00,2010-08-23T00:04:00+00:00,REV
LONG,1.553180,1.553000,-0.000180,2010-08-23T00:04:00+00:00,2010-08-23T00:05:00+00:00,REV
SHORT,1.553000,1.546780,0.006220,2010-08-23T00:05:00+00:00,2010-08-26T00:23:00+00:00,REV
LONG,1.546780,1.545600,-0.001180,2010-08-26T00:23:00+00:00,2010-08-27T17:02:00+00:00,REV
SHORT,1.545600,1.554280,-0.008680,2010-08-27T17:02:00+00:00,2010-08-30T02:20:00+00:00,REV
LONG,1.554280,1.545300,-0.008980,2010-08-30T02:20:00+00:00,2010-08-31T03:35:00+00:00,REV
SHORT,1.545300,1.547280,-0.001980,2010-08-31T03:35:00+00:00,2010-09-01T16:05:00+00:00,REV
LONG,1.547280,1.538600,-0.008680,2010-09-01T16:05:00+00:00,2010-09-06T11:58:00+00:00,REV
SHORT,1.538600,1.542180,-0.003580,2010-09-06T11:58:00+00:00,2010-09-08T10:00:00+00:00,REV
LONG,1.542180,1.537300,-0.004880,2010-09-08T10:00:00+00:00,2010-09-10T09:25:00+00:00,REV
SHORT,1.537300,1.535680,0.001620,2010-09-10T09:25:00+00:00,2010-09-13T00:01:00+00:00,REV
LONG,1.535680,1.535400,-0.000280,2010-09-13T00:01:00+00:00,2010-09-13T00:02:00+00:00,REV
SHORT,1.535400,1.548580,-0.013180,2010-09-13T00:02:00+00:00,2010-09-14T17:43:00+00:00,REV
LONG,1.548580,1.559200,0.010620,2010-09-14T17:43:00+00:00,2010-09-20T11:46:00+00:00,REV
SHORT,1.559200,1.564180,-0.004980,2010-09-20T11:46:00+00:00,2010-09-22T03:08:00+00:00,REV
LONG,1.564180,1.578400,0.014220,2010-09-22T03:08:00+00:00,2010-09-28T09:20:00+00:00,REV
SHORT,1.578400,1.586480,-0.008080,2010-09-28T09:20:00+00:00,2010-09-28T12:34:00+00:00,REV
LONG,1.586480,1.575900,-0.010580,2010-09-28T12:34:00+00:00,2010-09-30T16:47:00+00:00,REV
SHORT,1.575900,1.581780,-0.005880,2010-09-30T16:47:00+00:00,2010-10-04T01:38:00+00:00,REV
LONG,1.581780,1.583200,0.001420,2010-10-04T01:38:00+00:00,2010-10-07T20:34:00+00:00,REV
SHORT,1.583200,1.590780,-0.007580,2010-10-07T20:34:00+00:00,2010-10-14T02:08:00+00:00,REV
LONG,1.590780,1.596900,0.006120,2010-10-14T02:08:00+00:00,2010-10-18T03:24:00+00:00,REV
SHORT,1.596900,1.574980,0.021920,2010-10-18T03:24:00+00:00,2010-10-25T07:15:00+00:00,REV
LONG,1.574980,1.598900,0.023920,2010-10-25T07:15:00+00:00,2010-11-02T13:25:00+00:00,REV
SHORT,1.598900,1.607980,-0.009080,2010-11-02T13:25:00+00:00,2010-11-03T12:28:00+00:00,REV
LONG,1.607980,1.616500,0.008520,2010-11-03T12:28:00+00:00,2010-11-08T03:31:00+00:00,REV
SHORT,1.616500,1.613580,0.002920,2010-11-08T03:31:00+00:00,2010-11-11T03:02:00+00:00,REV
LONG,1.613580,1.608000,-0.005580,2010-11-11T03:02:00+00:00,2010-11-12T06:20:00+00:00,REV
SHORT,1.608000,1.617880,-0.009880,2010-11-12T06:20:00+00:00,2010-11-12T18:47:00+00:00,REV
LONG,1.617880,1.604000,-0.013880,2010-11-12T18:47:00+00:00,2010-11-16T01:25:00+00:00,REV
SHORT,1.604000,1.594780,0.009220,2010-11-16T01:25:00+00:00,2010-11-18T11:00:00+00:00,REV
LONG,1.594780,1.593500,-0.001280,2010-11-18T11:00:00+00:00,2010-11-22T18:32:00+00:00,REV
SHORT,1.593500,1.559480,0.034020,2010-11-22T18:32:00+00:00,2010-12-01T10:23:00+00:00,REV
LONG,1.559480,1.554600,-0.004880,2010-12-01T10:23:00+00:00,2010-12-02T15:35:00+00:00,REV
SHORT,1.554600,1.566680,-0.012080,2010-12-02T15:35:00+00:00,2010-12-03T12:03:00+00:00,REV
LONG,1.566680,1.570100,0.003420,2010-12-03T12:03:00+00:00,2010-12-08T07:45:00+00:00,REV
SHORT,1.570100,1.582180,-0.012080,2010-12-08T07:45:00+00:00,2010-12-08T16:44:00+00:00,REV
LONG,1.582180,1.574600,-0.007580,2010-12-08T16:44:00+00:00,2010-12-13T10:35:00+00:00,REV
SHORT,1.574600,1.586180,-0.011580,2010-12-13T10:35:00+00:00,2010-12-13T17:55:00+00:00,REV
LONG,1.586180,1.573800,-0.012380,2010-12-13T17:55:00+00:00,2010-12-15T08:04:00+00:00,REV
SHORT,1.573800,1.563680,0.010120,2010-12-15T08:04:00+00:00,2010-12-17T03:08:00+00:00,REV
LONG,1.563680,1.553900,-0.009780,2010-12-17T03:08:00+00:00,2010-12-17T15:38:00+00:00,REV
SHORT,1.553900,1.543680,0.010220,2010-12-17T15:38:00+00:00,2010-12-24T01:33:00+00:00,REV
LONG,1.543680,1.541600,-0.002080,2010-12-24T01:33:00+00:00,2010-12-27T01:02:00+00:00,REV
SHORT,1.541600,1.545680,-0.004080,2010-12-27T01:02:00+00:00,2010-12-28T02:15:00+00:00,REV
LONG,1.545680,1.536900,-0.008780,2010-12-28T02:15:00+00:00,2010-12-28T17:07:00+00:00,REV
SHORT,1.536900,1.551080,-0.014180,2010-12-28T17:07:00+00:00,2010-12-29T22:08:00+00:00,REV
LONG,1.551080,1.545300,-0.005780,2010-12-29T22:08:00+00:00,2011-01-05T17:56:00+00:00,REV
SHORT,1.545300,1.556380,-0.011080,2011-01-05T17:56:00+00:00,2011-01-07T17:37:00+00:00,REV
LONG,1.556380,1.594300,0.037920,2011-01-07T17:37:00+00:00,2011-01-20T03:22:00+00:00,REV
SHORT,1.594300,1.600980,-0.006680,2011-01-20T03:22:00+00:00,2011-01-21T19:28:00+00:00,REV
LONG,1.600980,1.591900,-0.009080,2011-01-21T19:28:00+00:00,2011-01-25T10:31:00+00:00,REV
SHORT,1.591900,1.593480,-0.001580,2011-01-25T10:31:00+00:00,2011-01-27T00:00:00+00:00,REV
LONG,1.593480,1.587900,-0.005580,2011-01-27T00:00:00+00:00,2011-01-28T03:39:00+00:00,REV
SHORT,1.587900,1.596580,-0.008680,2011-01-28T03:39:00+00:00,2011-01-31T17:10:00+00:00,REV
LONG,1.596580,1.612700,0.016120,2011-01-31T17:10:00+00:00,2011-02-03T17:09:00+00:00,REV
SHORT,1.612700,1.617180,-0.004480,2011-02-03T17:09:00+00:00,2011-02-07T10:26:00+00:00,REV
LONG,1.617180,1.608800,-0.008380,2011-02-07T10:26:00+00:00,2011-02-08T11:16:00+00:00,REV
SHORT,1.608800,1.612480,-0.003680,2011-02-08T11:16:00+00:00,2011-02-10T18:28:00+00:00,REV
LONG,1.612480,1.601000,-0.011480,2011-02-10T18:28:00+00:00,2011-02-11T12:10:00+00:00,REV
SHORT,1.601000,1.607680,-0.006680,2011-02-11T12:10:00+00:00,2011-02-15T10:46:00+00:00,REV
LONG,1.607680,1.600600,-0.007080,2011-02-15T10:46:00+00:00,2011-02-16T15:48:00+00:00,REV
SHORT,1.600600,1.618580,-0.017980,2011-02-16T15:48:00+00:00,2011-02-17T18:28:00+00:00,REV
LONG,1.618580,1.620300,0.001720,2011-02-17T18:28:00+00:00,2011-02-22T02:20:00+00:00,REV
SHORT,1.620300,1.622780,-0.002480,2011-02-22T02:20:00+00:00,2011-02-23T09:07:00+00:00,REV
LONG,1.622780,1.613200,-0.009580,2011-02-23T09:07:00+00:00,2011-02-24T17:44:00+00:00,REV
SHORT,1.613200,1.616080,-0.002880,2011-02-24T17:44:00+00:00,2011-02-28T11:12:00+00:00,REV
LONG,1.616080,1.625000,0.008920,2011-02-28T11:12:00+00:00,2011-03-02T02:36:00+00:00,REV
SHORT,1.625000,1.632880,-0.007880,2011-03-02T02:36:00+00:00,2011-03-02T17:04:00+00:00,REV
LONG,1.632880,1.625200,-0.007680,2011-03-02T17:04:00+00:00,2011-03-04T10:29:00+00:00,REV
SHORT,1.625200,1.630480,-0.005280,2011-03-04T10:29:00+00:00,2011-03-07T11:20:00+00:00,REV
LONG,1.630480,1.623400,-0.007080,2011-03-07T11:20:00+00:00,2011-03-07T17:25:00+00:00,REV
SHORT,1.623400,1.620780,0.002620,2011-03-07T17:25:00+00:00,2011-03-09T13:44:00+00:00,REV
LONG,1.620780,1.613700,-0.007080,2011-03-09T13:44:00+00:00,2011-03-10T10:12:00+00:00,REV
SHORT,1.613700,1.608880,0.004820,2011-03-10T10:12:00+00:00,2011-03-14T00:00:00+00:00,REV
LONG,1.608880,1.602600,-0.006280,2011-03-14T00:00:00+00:00,2011-03-15T12:27:00+00:00,REV
SHORT,1.602600,1.613080,-0.010480,2011-03-15T12:27:00+00:00,2011-03-17T12:57:00+00:00,REV
LONG,1.613080,1.629200,0.016120,2011-03-17T12:57:00+00:00,2011-03-23T12:30:00+00:00,REV
SHORT,1.629200,1.603780,0.025420,2011-03-23T12:30:00+00:00,2011-03-29T09:20:00+00:00,REV
LONG,1.603780,1.601400,-0.002380,2011-03-29T09:20:00+00:00,2011-04-01T12:07:00+00:00,REV
SHORT,1.601400,1.613180,-0.011780,2011-04-01T12:07:00+00:00,2011-04-04T03:19:00+00:00,REV
LONG,1.613180,1.610200,-0.002980,2011-04-04T03:19:00+00:00,2011-04-05T09:24:00+00:00,REV
SHORT,1.610200,1.619180,-0.008980,2011-04-05T09:24:00+00:00,2011-04-05T11:28:00+00:00,REV
LONG,1.619180,1.637300,0.018120,2011-04-05T11:28:00+00:00,2011-04-11T00:00:00+00:00,REV
SHORT,1.637300,1.638280,-0.000980,2011-04-11T00:00:00+00:00,2011-04-11T02:37:00+00:00,REV
LONG,1.638280,1.631200,-0.007080,2011-04-11T02:37:00+00:00,2011-04-12T04:25:00+00:00,REV
SHORT,1.631200,1.630880,0.000320,2011-04-12T04:25:00+00:00,2011-04-14T07:42:00+00:00,REV
LONG,1.630880,1.629000,-0.001880,2011-04-14T07:42:00+00:00,2011-04-18T04:02:00+00:00,REV
SHORT,1.629000,1.632780,-0.003780,2011-04-18T04:02:00+00:00,2011-04-19T17:51:00+00:00,REV
LONG,1.632780,1.650100,0.017320,2011-04-19T17:51:00+00:00,2011-04-25T04:41:00+00:00,REV
SHORT,1.650100,1.653180,-0.003080,2011-04-25T04:41:00+00:00,2011-04-27T11:35:00+00:00,REV
LONG,1.653180,1.663500,0.010320,2011-04-27T11:35:00+00:00,2011-05-03T03:02:00+00:00,REV
SHORT,1.663500,1.640680,0.022820,2011-05-03T03:02:00+00:00,2011-05-10T01:47:00+00:00,REV
LONG,1.640680,1.632100,-0.008580,2011-05-10T01:47:00+00:00,2011-05-12T09:46:00+00:00,REV
SHORT,1.632100,1.625480,0.006620,2011-05-12T09:46:00+00:00,2011-05-17T10:39:00+00:00,REV
LONG,1.625480,1.617400,-0.008080,2011-05-17T10:39:00+00:00,2011-05-18T13:02:00+00:00,REV
SHORT,1.617400,1.624180,-0.006780,2011-05-18T13:02:00+00:00,2011-05-20T11:13:00+00:00,REV
LONG,1.624180,1.616500,-0.007680,2011-05-20T11:13:00+00:00,2011-05-23T09:59:00+00:00,REV
SHORT,1.616500,1.620880,-0.004380,2011-05-23T09:59:00+00:00,2011-05-25T13:02:00+00:00,REV
LONG,1.620880,1.644900,0.024020,2011-05-25T13:02:00+00:00,2011-05-31T18:09:00+00:00,REV
SHORT,1.644900,1.641780,0.003120,2011-05-31T18:09:00+00:00,2011-06-03T19:37:00+00:00,REV
LONG,1.641780,1.633900,-0.007880,2011-06-03T19:37:00+00:00,2011-06-07T03:57:00+00:00,REV
SHORT,1.633900,1.645980,-0.012080,2011-06-07T03:57:00+00:00,2011-06-07T11:48:00+00:00,REV
LONG,1.645980,1.635700,-0.010280,2011-06-07T11:48:00+00:00,2011-06-10T06:52:00+00:00,REV
SHORT,1.635700,1.638280,-0.002580,2011-06-10T06:52:00+00:00,2011-06-13T21:47:00+00:00,REV
LONG,1.638280,1.635400,-0.002880,2011-06-13T21:47:00+00:00,2011-06-15T04:01:00+00:00,REV
SHORT,1.635400,1.619880,0.015520,2011-06-15T04:01:00+00:00,2011-06-20T16:03:00+00:00,REV
LONG,1.619880,1.616600,-0.003280,2011-06-20T16:03:00+00:00,2011-06-22T11:30:00+00:00,REV
SHORT,1.616600,1.601080,0.015520,2011-06-22T11:30:00+00:00,2011-06-28T16:09:00+00:00,REV
LONG,1.601080,1.605300,0.004220,2011-06-28T16:09:00+00:00,2011-07-05T04:38:00+00:00,REV
SHORT,1.605300,1.601780,0.003520,2011-07-05T04:38:00+00:00,2011-07-08T15:42:00+00:00,REV
LONG,1.601780,1.593000,-0.008780,2011-07-08T15:42:00+00:00,2011-07-11T16:08:00+00:00,REV
SHORT,1.593000,1.594880,-0.001880,2011-07-11T16:08:00+00:00,2011-07-13T03:17:00+00:00,REV
LONG,1.594880,1.609300,0.014420,2011-07-13T03:17:00+00:00,2011-07-15T11:41:00+00:00,REV
SHORT,1.609300,1.613380,-0.004080,2011-07-15T11:41:00+00:00,2011-07-19T11:16:00+00:00,REV
LONG,1.613380,1.626300,0.012920,2011-07-19T11:16:00+00:00,2011-07-25T11:57:00+00:00,REV
SHORT,1.626300,1.634280,-0.007980,2011-07-25T11:57:00+00:00,2011-07-26T05:51:00+00:00,REV
LONG,1.634280,1.631100,-0.003180,2011-07-26T05:51:00+00:00,2011-07-28T10:05:00+00:00,REV
SHORT,1.631100,1.638280,-0.007180,2011-07-28T10:05:00+00:00,2011-07-29T16:26:00+00:00,REV
LONG,1.638280,1.626000,-0.012280,2011-07-29T16:26:00+00:00,2011-08-01T17:59:00+00:00,REV
SHORT,1.626000,1.632880,-0.006880,2011-08-01T17:59:00+00:00,2011-08-03T11:28:00+00:00,REV
LONG,1.632880,1.624900,-0.007980,2011-08-03T11:28:00+00:00,2011-08-04T23:28:00+00:00,REV
SHORT,1.624900,1.646980,-0.022080,2011-08-04T23:28:00+00:00,2011-08-08T00:00:00+00:00,REV
LONG,1.646980,1.629600,-0.017380,2011-08-08T00:00:00+00:00,2011-08-09T03:12:00+00:00,REV
SHORT,1.629600,1.623880,0.005720,2011-08-09T03:12:00+00:00,2011-08-12T00:02:00+00:00,REV
LONG,1.623880,1.644300,0.020420,2011-08-12T00:02:00+00:00,2011-08-22T17:59:00+00:00,REV
SHORT,1.644300,1.651980,-0.007680,2011-08-22T17:59:00+00:00,2011-08-23T10:17:00+00:00,REV
LONG,1.651980,1.644600,-0.007380,2011-08-23T10:17:00+00:00,2011-08-24T15:38:00+00:00,REV
SHORT,1.644600,1.637780,0.006820,2011-08-24T15:38:00+00:00,2011-08-29T08:21:00+00:00,REV
LONG,1.637780,1.632200,-0.005580,2011-08-29T08:21:00+00:00,2011-08-30T12:12:00+00:00,REV
SHORT,1.632200,1.618480,0.013720,2011-08-30T12:12:00+00:00,2011-09-06T11:02:00+00:00,REV
LONG,1.618480,1.606000,-0.012480,2011-09-06T11:02:00+00:00,2011-09-06T15:17:00+00:00,REV
SHORT,1.606000,1.603880,0.002120,2011-09-06T15:17:00+00:00,2011-09-08T14:10:00+00:00,REV
LONG,1.603880,1.591200,-0.012680,2011-09-08T14:10:00+00:00,2011-09-09T12:59:00+00:00,REV
SHORT,1.591200,1.581480,0.009720,2011-09-09T12:59:00+00:00,2011-09-15T12:59:00+00:00,REV
LONG,1.581480,1.573200,-0.008280,2011-09-15T12:59:00+00:00,2011-09-19T00:00:00+00:00,REV
SHORT,1.573200,1.574680,-0.001480,2011-09-19T00:00:00+00:00,2011-09-21T00:30:00+00:00,REV
LONG,1.574680,1.565400,-0.009280,2011-09-21T00:30:00+00:00,2011-09-21T11:32:00+00:00,REV
SHORT,1.565400,1.549080,0.016320,2011-09-21T11:32:00+00:00,2011-09-26T01:38:00+00:00,REV
LONG,1.549080,1.556300,0.007220,2011-09-26T01:38:00+00:00,2011-09-29T00:43:00+00:00,REV
SHORT,1.556300,1.567680,-0.011380,2011-09-29T00:43:00+00:00,2011-09-29T11:02:00+00:00,REV
LONG,1.567680,1.554100,-0.013580,2011-09-29T11:02:00+00:00,2011-09-30T10:14:00+00:00,REV
SHORT,1.554100,1.549280,0.004820,2011-09-30T10:14:00+00:00,2011-10-06T11:35:00+00:00,REV
LONG,1.549280,1.539300,-0.009980,2011-10-06T11:35:00+00:00,2011-10-06T14:00:00+00:00,REV
SHORT,1.539300,1.550080,-0.010780,2011-10-06T14:00:00+00:00,2011-10-07T10:15:00+00:00,REV
LONG,1.550080,1.557300,0.007220,2011-10-07T10:15:00+00:00,2011-10-12T02:58:00+00:00,REV
SHORT,1.557300,1.566980,-0.009680,2011-10-12T02:58:00+00:00,2011-10-12T11:20:00+00:00,REV
LONG,1.566980,1.573000,0.006020,2011-10-12T11:20:00+00:00,2011-10-18T11:35:00+00:00,REV
SHORT,1.573000,1.582080,-0.009080,2011-10-18T11:35:00+00:00,2011-10-19T15:36:00+00:00,REV
LONG,1.582080,1.569400,-0.012680,2011-10-19T15:36:00+00:00,2011-10-20T10:27:00+00:00,REV
SHORT,1.569400,1.580280,-0.010880,2011-10-20T10:27:00+00:00,2011-10-21T03:01:00+00:00,REV
LONG,1.580280,1.595500,0.015220,2011-10-21T03:01:00+00:00,2011-10-26T17:25:00+00:00,REV
SHORT,1.595500,1.604180,-0.008680,2011-10-26T17:25:00+00:00,2011-10-27T16:04:00+00:00,REV
LONG,1.604180,1.607000,0.002820,2011-10-27T16:04:00+00:00,2011-10-31T05:19:00+00:00,REV
SHORT,1.607000,1.615180,-0.008180,2011-10-31T05:19:00+00:00,2011-10-31T19:04:00+00:00,REV
LONG,1.615180,1.596400,-0.018780,2011-10-31T19:04:00+00:00,2011-11-01T11:26:00+00:00,REV
SHORT,1.596400,1.604680,-0.008280,2011-11-01T11:26:00+00:00,2011-11-03T22:03:00+00:00,REV
LONG,1.604680,1.603400,-0.001280,2011-11-03T22:03:00+00:00,2011-11-09T11:30:00+00:00,REV
SHORT,1.603400,1.598480,0.004920,2011-11-09T11:30:00+00:00,2011-11-11T16:46:00+00:00,REV
LONG,1.598480,1.589400,-0.009080,2011-11-11T16:46:00+00:00,2011-11-14T17:47:00+00:00,REV
SHORT,1.589400,1.581180,0.008220,2011-11-14T17:47:00+00:00,2011-11-18T09:38:00+00:00,REV
LONG,1.581180,1.573400,-0.007780,2011-11-18T09:38:00+00:00,2011-11-21T03:02:00+00:00,REV
SHORT,1.573400,1.551780,0.021620,2011-11-21T03:02:00+00:00,2011-11-28T03:12:00+00:00,REV
LONG,1.551780,1.563600,0.011820,2011-11-28T03:12:00+00:00,2011-12-02T17:33:00+00:00,REV
SHORT,1.563600,1.566370,-0.002770,2011-12-02T17:33:00+00:00,2011-12-07T16:30:00+00:00,REV
LONG,1.566370,1.560920,-0.005450,2011-12-07T16:30:00+00:00,2011-12-09T05:36:00+00:00,REV
SHORT,1.560920,1.552880,0.008040,2011-12-09T05:36:00+00:00,2011-12-16T02:35:00+00:00,REV
LONG,1.552880,1.548200,-0.004680,2011-12-16T02:35:00+00:00,2011-12-19T05:18:00+00:00,REV
SHORT,1.548200,1.554450,-0.006250,2011-12-19T05:18:00+00:00,2011-12-20T09:45:00+00:00,REV
LONG,1.554450,1.564780,0.010330,2011-12-20T09:45:00+00:00,2011-12-23T16:39:00+00:00,REV
SHORT,1.564780,1.564640,0.000140,2011-12-23T16:39:00+00:00,2011-12-27T09:16:00+00:00,REV
LONG,1.564640,1.559370,-0.005270,2011-12-27T09:16:00+00:00,2011-12-28T16:22:00+00:00,REV
SHORT,1.559370,1.547540,0.011830,2011-12-28T16:22:00+00:00,2011-12-30T14:18:00+00:00,REV
LONG,1.547540,1.557950,0.010410,2011-12-30T14:18:00+00:00,2012-01-05T10:50:00+00:00,REV
SHORT,1.557950,1.546930,0.011020,2012-01-05T10:50:00+00:00,2012-01-10T05:07:00+00:00,REV
LONG,1.546930,1.544530,-0.002400,2012-01-10T05:07:00+00:00,2012-01-11T12:27:00+00:00,REV
SHORT,1.544530,1.536720,0.007810,2012-01-11T12:27:00+00:00,2012-01-13T08:09:00+00:00,REV
LONG,1.536720,1.527810,-0.008910,2012-01-13T08:09:00+00:00,2012-01-13T17:05:00+00:00,REV
SHORT,1.527810,1.535220,-0.007410,2012-01-13T17:05:00+00:00,2012-01-17T04:31:00+00:00,REV
LONG,1.535220,1.564940,0.029720,2012-01-17T04:31:00+00:00,2012-01-27T17:44:00+00:00,REV
SHORT,1.564940,1.573440,-0.008500,2012-01-27T17:44:00+00:00,2012-01-27T22:15:00+00:00,REV
LONG,1.573440,1.579420,0.005980,2012-01-27T22:15:00+00:00,2012-02-03T03:03:00+00:00,REV
SHORT,1.579420,1.585810,-0.006390,2012-02-03T03:03:00+00:00,2012-02-03T12:05:00+00:00,REV
LONG,1.585810,1.574910,-0.010900,2012-02-03T12:05:00+00:00,2012-02-06T11:03:00+00:00,REV
SHORT,1.574910,1.584060,-0.009150,2012-02-06T11:03:00+00:00,2012-02-07T16:23:00+00:00,REV
LONG,1.584060,1.579590,-0.004470,2012-02-07T16:23:00+00:00,2012-02-09T01:09:00+00:00,REV
SHORT,1.579590,1.573560,0.006030,2012-02-09T01:09:00+00:00,2012-02-16T17:25:00+00:00,REV
LONG,1.573560,1.582760,0.009200,2012-02-16T17:25:00+00:00,2012-02-21T01:16:00+00:00,REV
SHORT,1.582760,1.574710,0.008050,2012-02-21T01:16:00+00:00,2012-02-24T00:41:00+00:00,REV
LONG,1.574710,1.580910,0.006200,2012-02-24T00:41:00+00:00,2012-02-28T17:07:00+00:00,REV
SHORT,1.580910,1.590170,-0.009260,2012-02-28T17:07:00+00:00,2012-02-28T23:11:00+00:00,REV
LONG,1.590170,1.589700,-0.000470,2012-02-28T23:11:00+00:00,2012-03-01T09:27:00+00:00,REV
SHORT,1.589700,1.587660,0.002040,2012-03-01T09:27:00+00:00,2012-03-06T02:30:00+00:00,REV
LONG,1.587660,1.578450,-0.009210,2012-03-06T02:30:00+00:00,2012-03-06T11:29:00+00:00,REV
SHORT,1.578450,1.575840,0.002610,2012-03-06T11:29:00+00:00,2012-03-08T07:50:00+00:00,REV
LONG,1.575840,1.572340,-0.003500,2012-03-08T07:50:00+00:00,2012-03-09T16:04:00+00:00,REV
SHORT,1.572340,1.569480,0.002860,2012-03-09T16:04:00+00:00,2012-03-13T18:13:00+00:00,REV
LONG,1.569480,1.564830,-0.004650,2012-03-13T18:13:00+00:00,2012-03-15T03:41:00+00:00,REV
SHORT,1.564830,1.573610,-0.008780,2012-03-15T03:41:00+00:00,2012-03-16T14:02:00+00:00,REV
LONG,1.573610,1.582930,0.009320,2012-03-16T14:02:00+00:00,2012-03-21T15:27:00+00:00,REV
SHORT,1.582930,1.589170,-0.006240,2012-03-21T15:27:00+00:00,2012-03-23T12:07:00+00:00,REV
LONG,1.589170,1.580480,-0.008690,2012-03-23T12:07:00+00:00,2012-03-26T11:35:00+00:00,REV
SHORT,1.580480,1.590810,-0.010330,2012-03-26T11:35:00+00:00,2012-03-26T15:06:00+00:00,REV
LONG,1.590810,1.594100,0.003290,2012-03-26T15:06:00+00:00,2012-03-28T09:32:00+00:00,REV
SHORT,1.594100,1.595790,-0.001690,2012-03-28T09:32:00+00:00,2012-03-30T02:00:00+00:00,REV
LONG,1.595790,1.597790,0.002000,2012-03-30T02:00:00+00:00,2012-04-03T15:22:00+00:00,REV
SHORT,1.597790,1.589230,0.008560,2012-04-03T15:22:00+00:00,2012-04-09T00:01:00+00:00,REV
LONG,1.589230,1.583510,-0.005720,2012-04-09T00:01:00+00:00,2012-04-10T12:45:00+00:00,REV
SHORT,1.583510,1.593010,-0.009500,2012-04-10T12:45:00+00:00,2012-04-11T13:02:00+00:00,REV
LONG,1.593010,1.590150,-0.002860,2012-04-11T13:02:00+00:00,2012-04-13T17:11:00+00:00,REV
SHORT,1.590150,1.591040,-0.000890,2012-04-13T17:11:00+00:00,2012-04-17T10:27:00+00:00,REV
LONG,1.591040,1.610850,0.019810,2012-04-17T10:27:00+00:00,2012-04-25T11:30:00+00:00,REV
SHORT,1.610850,1.616340,-0.005490,2012-04-25T11:30:00+00:00,2012-04-25T21:24:00+00:00,REV
LONG,1.616340,1.615720,-0.000620,2012-04-25T21:24:00+00:00,2012-04-27T09:18:00+00:00,REV
SHORT,1.615720,1.620620,-0.004900,2012-04-27T09:18:00+00:00,2012-04-27T12:25:00+00:00,REV
LONG,1.620620,1.621510,0.000890,2012-04-27T12:25:00+00:00,2012-05-01T09:40:00+00:00,REV
SHORT,1.621510,1.619650,0.001860,2012-05-01T09:40:00+00:00,2012-05-08T01:25:00+00:00,REV
LONG,1.619650,1.612330,-0.007320,2012-05-08T01:25:00+00:00,2012-05-09T12:16:00+00:00,REV
SHORT,1.612330,1.616160,-0.003830,2012-05-09T12:16:00+00:00,2012-05-10T14:31:00+00:00,REV
LONG,1.616160,1.609040,-0.007120,2012-05-10T14:31:00+00:00,2012-05-11T14:01:00+00:00,REV
SHORT,1.609040,1.583720,0.025320,2012-05-11T14:01:00+00:00,2012-05-21T04:36:00+00:00,REV
LONG,1.583720,1.577810,-0.005910,2012-05-21T04:36:00+00:00,2012-05-22T12:01:00+00:00,REV
SHORT,1.577810,1.569950,0.007860,2012-05-22T12:01:00+00:00,2012-05-28T06:14:00+00:00,REV
LONG,1.569950,1.567150,-0.002800,2012-05-28T06:14:00+00:00,2012-05-29T02:39:00+00:00,REV
SHORT,1.567150,1.540800,0.026350,2012-05-29T02:39:00+00:00,2012-06-06T04:55:00+00:00,REV
LONG,1.540800,1.542850,0.002050,2012-06-06T04:55:00+00:00,2012-06-08T10:27:00+00:00,REV
SHORT,1.542850,1.553640,-0.010790,2012-06-08T10:27:00+00:00,2012-06-11T00:40:00+00:00,REV
LONG,1.553640,1.548180,-0.005460,2012-06-11T00:40:00+00:00,2012-06-12T00:03:00+00:00,REV
SHORT,1.548180,1.558150,-0.009970,2012-06-12T00:03:00+00:00,2012-06-12T20:12:00+00:00,REV
LONG,1.558150,1.550370,-0.007780,2012-06-12T20:12:00+00:00,2012-06-14T00:00:00+00:00,REV
SHORT,1.550370,1.556350,-0.005980,2012-06-14T00:00:00+00:00,2012-06-15T14:28:00+00:00,REV
LONG,1.556350,1.563540,0.007190,2012-06-15T14:28:00+00:00,2012-06-19T11:30:00+00:00,REV
SHORT,1.563540,1.574230,-0.010690,2012-06-19T11:30:00+00:00,2012-06-19T18:10:00+00:00,REV
LONG,1.574230,1.565040,-0.009190,2012-06-19T18:10:00+00:00,2012-06-21T17:01:00+00:00,REV
SHORT,1.565040,1.559420,0.005620,2012-06-21T17:01:00+00:00,2012-06-26T10:07:00+00:00,REV
LONG,1.559420,1.556200,-0.003220,2012-06-26T10:07:00+00:00,2012-06-27T16:09:00+00:00,REV
SHORT,1.556200,1.562360,-0.006160,2012-06-27T16:09:00+00:00,2012-06-29T06:09:00+00:00,REV
LONG,1.562360,1.565690,0.003330,2012-06-29T06:09:00+00:00,2012-07-04T10:21:00+00:00,REV
SHORT,1.565690,1.553400,0.012290,2012-07-04T10:21:00+00:00,2012-07-10T11:32:00+00:00,REV
LONG,1.553400,1.548480,-0.004920,2012-07-10T11:32:00+00:00,2012-07-12T09:04:00+00:00,REV
SHORT,1.548480,1.551610,-0.003130,2012-07-12T09:04:00+00:00,2012-07-13T16:45:00+00:00,REV
LONG,1.551610,1.563510,0.011900,2012-07-13T16:45:00+00:00,2012-07-20T16:50:00+00:00,REV
SHORT,1.563510,1.555110,0.008400,2012-07-20T16:50:00+00:00,2012-07-25T11:23:00+00:00,REV
LONG,1.555110,1.548550,-0.006560,2012-07-25T11:23:00+00:00,2012-07-25T11:30:00+00:00,REV
SHORT,1.548550,1.555110,-0.006560,2012-07-25T11:30:00+00:00,2012-07-26T13:19:00+00:00,REV
LONG,1.555110,1.567130,0.012020,2012-07-26T13:19:00+00:00,2012-07-31T14:18:00+00:00,REV
SHORT,1.567130,1.565630,0.001500,2012-07-31T14:18:00+00:00,2012-08-06T02:40:00+00:00,REV
LONG,1.565630,1.560420,-0.005210,2012-08-06T02:40:00+00:00,2012-08-10T10:20:00+00:00,REV
SHORT,1.560420,1.568520,-0.008100,2012-08-10T10:20:00+00:00,2012-08-10T17:43:00+00:00,REV
LONG,1.568520,1.566960,-0.001560,2012-08-10T17:43:00+00:00,2012-08-15T01:17:00+00:00,REV
SHORT,1.566960,1.570110,-0.003150,2012-08-15T01:17:00+00:00,2012-08-16T11:32:00+00:00,REV
LONG,1.570110,1.585550,0.015440,2012-08-16T11:32:00+00:00,2012-08-24T00:04:00+00:00,REV
SHORT,1.585550,1.582810,0.002740,2012-08-24T00:04:00+00:00,2012-08-28T17:20:00+00:00,REV
LONG,1.582810,1.580160,-0.002650,2012-08-28T17:20:00+00:00,2012-08-30T17:50:00+00:00,REV
SHORT,1.580160,1.587440,-0.007280,2012-08-30T17:50:00+00:00,2012-08-31T15:36:00+00:00,REV
LONG,1.587440,1.585760,-0.001680,2012-08-31T15:36:00+00:00,2012-09-05T02:37:00+00:00,REV
SHORT,1.585760,1.590870,-0.005110,2012-09-05T02:37:00+00:00,2012-09-05T15:01:00+00:00,REV
LONG,1.590870,1.621930,0.031060,2012-09-05T15:01:00+00:00,2012-09-19T12:48:00+00:00,REV
SHORT,1.621930,1.623560,-0.001630,2012-09-19T12:48:00+00:00,2012-09-21T06:57:00+00:00,REV
LONG,1.623560,1.621140,-0.002420,2012-09-21T06:57:00+00:00,2012-09-24T04:27:00+00:00,REV
SHORT,1.621140,1.625060,-0.003920,2012-09-24T04:27:00+00:00,2012-09-25T10:27:00+00:00,REV
LONG,1.625060,1.618140,-0.006920,2012-09-25T10:27:00+00:00,2012-09-26T07:04:00+00:00,REV
SHORT,1.618140,1.620870,-0.002730,2012-09-26T07:04:00+00:00,2012-09-27T12:40:00+00:00,REV
LONG,1.620870,1.615860,-0.005010,2012-09-27T12:40:00+00:00,2012-09-28T16:46:00+00:00,REV
SHORT,1.615860,1.617410,-0.001550,2012-09-28T16:46:00+00:00,2012-10-02T18:33:00+00:00,REV
LONG,1.617410,1.612350,-0.005060,2012-10-02T18:33:00+00:00,2012-10-03T03:52:00+00:00,REV
SHORT,1.612350,1.614150,-0.001800,2012-10-03T03:52:00+00:00,2012-10-04T15:41:00+00:00,REV
LONG,1.614150,1.612140,-0.002010,2012-10-04T15:41:00+00:00,2012-10-08T03:05:00+00:00,REV
SHORT,1.612140,1.603410,0.008730,2012-10-08T03:05:00+00:00,2012-10-11T13:31:00+00:00,REV
LONG,1.603410,1.610770,0.007360,2012-10-11T13:31:00+00:00,2012-10-18T21:27:00+00:00,REV
SHORT,1.610770,1.602350,0.008420,2012-10-18T21:27:00+00:00,2012-10-24T16:00:00+00:00,REV
LONG,1.602350,1.607970,0.005620,2012-10-24T16:00:00+00:00,2012-10-29T02:16:00+00:00,REV
SHORT,1.607970,1.608530,-0.000560,2012-10-29T02:16:00+00:00,2012-10-31T02:00:00+00:00,REV
LONG,1.608530,1.611900,0.003370,2012-10-31T02:00:00+00:00,2012-11-02T03:58:00+00:00,REV
SHORT,1.611900,1.600730,0.011170,2012-11-02T03:58:00+00:00,2012-11-07T05:35:00+00:00,REV
LONG,1.600730,1.596300,-0.004430,2012-11-07T05:35:00+00:00,2012-11-07T14:40:00+00:00,REV
SHORT,1.596300,1.600430,-0.004130,2012-11-07T14:40:00+00:00,2012-11-09T05:11:00+00:00,REV
LONG,1.600430,1.592780,-0.007650,2012-11-09T05:11:00+00:00,2012-11-09T14:35:00+00:00,REV
SHORT,1.592780,1.591450,0.001330,2012-11-09T14:35:00+00:00,2012-11-13T13:55:00+00:00,REV
LONG,1.591450,1.585630,-0.005820,2012-11-13T13:55:00+00:00,2012-11-14T13:18:00+00:00,REV
SHORT,1.585630,1.587870,-0.002240,2012-11-14T13:18:00+00:00,2012-11-16T09:41:00+00:00,REV
LONG,1.587870,1.589040,0.001170,2012-11-16T09:41:00+00:00,2012-11-21T08:48:00+00:00,REV
SHORT,1.589040,1.593580,-0.004540,2012-11-21T08:48:00+00:00,2012-11-21T13:55:00+00:00,REV
LONG,1.593580,1.600820,0.007240,2012-11-21T13:55:00+00:00,2012-11-28T03:29:00+00:00,REV
SHORT,1.600820,1.602620,-0.001800,2012-11-28T03:29:00+00:00,2012-11-29T11:38:00+00:00,REV
LONG,1.602620,1.600100,-0.002520,2012-11-29T11:38:00+00:00,2012-11-30T15:33:00+00:00,REV
SHORT,1.600100,1.606190,-0.006090,2012-11-30T15:33:00+00:00,2012-12-03T12:31:00+00:00,REV
LONG,1.606190,1.608530,0.002340,2012-12-03T12:31:00+00:00,2012-12-05T15:29:00+00:00,REV
SHORT,1.608530,1.611790,-0.003260,2012-12-05T15:29:00+00:00,2012-12-06T13:14:00+00:00,REV
LONG,1.611790,1.608120,-0.003670,2012-12-06T13:14:00+00:00,2012-12-06T17:21:00+00:00,REV
SHORT,1.608120,1.606050,0.002070,2012-12-06T17:21:00+00:00,2012-12-10T15:02:00+00:00,REV
LONG,1.606050,1.609390,0.003340,2012-12-10T15:02:00+00:00,2012-12-13T19:18:00+00:00,REV
SHORT,1.609390,1.615350,-0.005960,2012-12-13T19:18:00+00:00,2012-12-14T19:05:00+00:00,REV
LONG,1.615350,1.624190,0.008840,2012-12-14T19:05:00+00:00,2012-12-20T00:15:00+00:00,REV
SHORT,1.624190,1.617060,0.007130,2012-12-20T00:15:00+00:00,2012-12-27T11:50:00+00:00,REV
LONG,1.617060,1.610720,-0.006340,2012-12-27T11:50:00+00:00,2012-12-27T18:58:00+00:00,REV
SHORT,1.610720,1.617490,-0.006770,2012-12-27T18:58:00+00:00,2012-12-31T00:00:00+00:00,REV
LONG,1.617490,1.622420,0.004930,2012-12-31T00:00:00+00:00,2013-01-03T04:53:00+00:00,REV
SHORT,1.622420,1.610870,0.011550,2013-01-03T04:53:00+00:00,2013-01-07T22:47:00+00:00,REV
LONG,1.610870,1.602770,-0.008100,2013-01-07T22:47:00+00:00,2013-01-09T13:59:00+00:00,REV
SHORT,1.602770,1.607450,-0.004680,2013-01-09T13:59:00+00:00,2013-01-10T15:52:00+00:00,REV
LONG,1.607450,1.608750,0.001300,2013-01-10T15:52:00+00:00,2013-01-14T13:44:00+00:00,REV
SHORT,1.608750,1.588280,0.020470,2013-01-14T13:44:00+00:00,2013-01-23T12:06:00+00:00,REV
LONG,1.588280,1.580090,-0.008190,2013-01-23T12:06:00+00:00,2013-01-24T15:21:00+00:00,REV
SHORT,1.580090,1.577270,0.002820,2013-01-24T15:21:00+00:00,2013-01-30T12:54:00+00:00,REV
LONG,1.577270,1.577380,0.000110,2013-01-30T12:54:00+00:00,2013-02-01T16:49:00+00:00,REV
SHORT,1.577380,1.577170,0.000210,2013-02-01T16:49:00+00:00,2013-02-05T11:25:00+00:00,REV
LONG,1.577170,1.569010,-0.008160,2013-02-05T11:25:00+00:00,2013-02-05T17:28:00+00:00,REV
SHORT,1.569010,1.567770,0.001240,2013-02-05T17:28:00+00:00,2013-02-07T10:08:00+00:00,REV
LONG,1.567770,1.570380,0.002610,2013-02-07T10:08:00+00:00,2013-02-11T11:39:00+00:00,REV
SHORT,1.570380,1.567040,0.003340,2013-02-11T11:39:00+00:00,2013-02-13T00:08:00+00:00,REV
LONG,1.567040,1.557090,-0.009950,2013-02-13T00:08:00+00:00,2013-02-13T12:50:00+00:00,REV
SHORT,1.557090,1.554260,0.002830,2013-02-13T12:50:00+00:00,2013-02-15T09:59:00+00:00,REV
LONG,1.554260,1.547370,-0.006890,2013-02-15T09:59:00+00:00,2013-02-15T11:33:00+00:00,REV
SHORT,1.547370,1.527280,0.020090,2013-02-15T11:33:00+00:00,2013-02-22T06:05:00+00:00,REV
LONG,1.527280,1.507700,-0.019580,2013-02-22T06:05:00+00:00,2013-02-25T00:00:00+00:00,REV
SHORT,1.507700,1.519880,-0.012180,2013-02-25T00:00:00+00:00,2013-02-26T05:50:00+00:00,REV
LONG,1.519880,1.511180,-0.008700,2013-02-26T05:50:00+00:00,2013-02-27T03:35:00+00:00,REV
SHORT,1.511180,1.518770,-0.007590,2013-02-27T03:35:00+00:00,2013-02-28T10:50:00+00:00,REV
LONG,1.518770,1.514750,-0.004020,2013-02-28T10:50:00+00:00,2013-03-01T11:27:00+00:00,REV
SHORT,1.514750,1.511640,0.003110,2013-03-01T11:27:00+00:00,2013-03-05T01:29:00+00:00,REV
LONG,1.511640,1.509290,-0.002350,2013-03-05T01:29:00+00:00,2013-03-06T11:26:00+00:00,REV
SHORT,1.509290,1.492430,0.016860,2013-03-06T11:26:00+00:00,2013-03-13T05:04:00+00:00,REV
LONG,1.492430,1.507200,0.014770,2013-03-13T05:04:00+00:00,2013-03-20T11:38:00+00:00,REV
SHORT,1.507200,1.514380,-0.007180,2013-03-20T11:38:00+00:00,2013-03-20T12:45:00+00:00,REV
LONG,1.514380,1.516420,0.002040,2013-03-20T12:45:00+00:00,2013-03-25T17:41:00+00:00,REV
SHORT,1.516420,1.518070,-0.001650,2013-03-25T17:41:00+00:00,2013-03-28T18:27:00+00:00,REV
LONG,1.518070,1.517670,-0.000400,2013-03-28T18:27:00+00:00,2013-04-02T14:34:00+00:00,REV
SHORT,1.517670,1.515760,0.001910,2013-04-02T14:34:00+00:00,2013-04-04T17:02:00+00:00,REV
LONG,1.515760,1.533910,0.018150,2013-04-04T17:02:00+00:00,2013-04-15T00:17:00+00:00,REV
SHORT,1.533910,1.531210,0.002700,2013-04-15T00:17:00+00:00,2013-04-19T09:39:00+00:00,REV
LONG,1.531210,1.522290,-0.008920,2013-04-19T09:39:00+00:00,2013-04-22T02:37:00+00:00,REV
SHORT,1.522290,1.529250,-0.006960,2013-04-22T02:37:00+00:00,2013-04-23T00:01:00+00:00,REV
LONG,1.529250,1.520290,-0.008960,2013-04-23T00:01:00+00:00,2013-04-23T11:30:00+00:00,REV
SHORT,1.520290,1.528690,-0.008400,2013-04-23T11:30:00+00:00,2013-04-25T03:29:00+00:00,REV
LONG,1.528690,1.547500,0.018810,2013-04-25T03:29:00+00:00,2013-04-30T04:43:00+00:00,REV
SHORT,1.547500,1.554540,-0.007040,2013-04-30T04:43:00+00:00,2013-04-30T17:45:00+00:00,REV
LONG,1.554540,1.552520,-0.002020,2013-04-30T17:45:00+00:00,2013-05-02T17:28:00+00:00,REV
SHORT,1.552520,1.559010,-0.006490,2013-05-02T17:28:00+00:00,2013-05-03T17:08:00+00:00,REV
LONG,1.559010,1.551940,-0.007070,2013-05-03T17:08:00+00:00,2013-05-07T17:04:00+00:00,REV
SHORT,1.551940,1.555120,-0.003180,2013-05-07T17:04:00+00:00,2013-05-08T17:45:00+00:00,REV
LONG,1.555120,1.546950,-0.008170,2013-05-08T17:45:00+00:00,2013-05-09T21:08:00+00:00,REV
SHORT,1.546950,1.527200,0.019750,2013-05-09T21:08:00+00:00,2013-05-16T15:42:00+00:00,REV
LONG,1.527200,1.519620,-0.007580,2013-05-16T15:42:00+00:00,2013-05-17T15:40:00+00:00,REV
SHORT,1.519620,1.512790,0.006830,2013-05-17T15:40:00+00:00,2013-05-24T13:21:00+00:00,REV
LONG,1.512790,1.508540,-0.004250,2013-05-24T13:21:00+00:00,2013-05-28T03:14:00+00:00,REV
SHORT,1.508540,1.513440,-0.004900,2013-05-28T03:14:00+00:00,2013-05-29T17:30:00+00:00,REV
LONG,1.513440,1.564310,0.050870,2013-05-29T17:30:00+00:00,2013-06-14T11:10:00+00:00,REV
SHORT,1.564310,1.573130,-0.008820,2013-06-14T11:10:00+00:00,2013-06-17T00:00:00+00:00,REV
LONG,1.573130,1.567990,-0.005140,2013-06-17T00:00:00+00:00,2013-06-18T09:13:00+00:00,REV
SHORT,1.567990,1.551650,0.016340,2013-06-18T09:13:00+00:00,2013-06-21T02:02:00+00:00,REV
LONG,1.551650,1.541330,-0.010320,2013-06-21T02:02:00+00:00,2013-06-21T17:06:00+00:00,REV
SHORT,1.541330,1.546460,-0.005130,2013-06-21T17:06:00+00:00,2013-06-25T14:31:00+00:00,REV
LONG,1.546460,1.539610,-0.006850,2013-06-25T14:31:00+00:00,2013-06-26T11:08:00+00:00,REV
SHORT,1.539610,1.523750,0.015860,2013-06-26T11:08:00+00:00,2013-07-03T11:52:00+00:00,REV
LONG,1.523750,1.512850,-0.010900,2013-07-03T11:52:00+00:00,2013-07-04T14:05:00+00:00,REV
SHORT,1.512850,1.496550,0.016300,2013-07-04T14:05:00+00:00,2013-07-09T09:15:00+00:00,REV
LONG,1.496550,1.485700,-0.010850,2013-07-09T09:15:00+00:00,2013-07-09T12:58:00+00:00,REV
SHORT,1.485700,1.498020,-0.012320,2013-07-09T12:58:00+00:00,2013-07-10T21:15:00+00:00,REV
LONG,1.498020,1.507510,0.009490,2013-07-10T21:15:00+00:00,2013-07-15T11:01:00+00:00,REV
SHORT,1.507510,1.512980,-0.005470,2013-07-15T11:01:00+00:00,2013-07-16T08:59:00+00:00,REV
LONG,1.512980,1.532490,0.019510,2013-07-16T08:59:00+00:00,2013-07-24T15:48:00+00:00,REV
SHORT,1.532490,1.538930,-0.006440,2013-07-24T15:48:00+00:00,2013-07-25T22:24:00+00:00,REV
LONG,1.538930,1.535480,-0.003450,2013-07-25T22:24:00+00:00,2013-07-29T15:26:00+00:00,REV
SHORT,1.535480,1.524210,0.011270,2013-07-29T15:26:00+00:00,2013-08-02T15:40:00+00:00,REV
LONG,1.524210,1.533060,0.008850,2013-08-02T15:40:00+00:00,2013-08-07T03:11:00+00:00,REV
SHORT,1.533060,1.539180,-0.006120,2013-08-07T03:11:00+00:00,2013-08-07T13:15:00+00:00,REV
LONG,1.539180,1.549010,0.009830,2013-08-07T13:15:00+00:00,2013-08-12T00:00:00+00:00,REV
SHORT,1.549010,1.551190,-0.002180,2013-08-12T00:00:00+00:00,2013-08-14T15:33:00+00:00,REV
LONG,1.551190,1.563660,0.012470,2013-08-14T15:33:00+00:00,2013-08-22T01:13:00+00:00,REV
SHORT,1.563660,1.553450,0.010210,2013-08-22T01:13:00+00:00,2013-09-02T00:00:00+00:00,REV
LONG,1.553450,1.557150,0.003700,2013-09-02T00:00:00+00:00,2013-09-06T12:00:00+00:00,REV
SHORT,1.557150,1.566630,-0.009480,2013-09-06T12:00:00+00:00,2013-09-06T15:31:00+00:00,REV
LONG,1.566630,1.589350,0.022720,2013-09-06T15:31:00+00:00,2013-09-17T00:00:00+00:00,REV
SHORT,1.589350,1.593580,-0.004230,2013-09-17T00:00:00+00:00,2013-09-18T11:30:00+00:00,REV
LONG,1.593580,1.602150,0.008570,2013-09-18T11:30:00+00:00,2013-09-20T14:59:00+00:00,REV
SHORT,1.602150,1.606620,-0.004470,2013-09-20T14:59:00+00:00,2013-09-23T15:44:00+00:00,REV
LONG,1.606620,1.599250,-0.007370,2013-09-23T15:44:00+00:00,2013-09-24T11:38:00+00:00,REV
SHORT,1.599250,1.604460,-0.005210,2013-09-24T11:38:00+00:00,2013-09-25T14:08:00+00:00,REV
LONG,1.604460,1.618110,0.013650,2013-09-25T14:08:00+00:00,2013-10-02T03:16:00+00:00,REV
SHORT,1.618110,1.609960,0.008150,2013-10-02T03:16:00+00:00,2013-10-08T14:49:00+00:00,REV
LONG,1.609960,1.601860,-0.008100,2013-10-08T14:49:00+00:00,2013-10-09T11:30:00+00:00,REV
SHORT,1.601860,1.597840,0.004020,2013-10-09T11:30:00+00:00,2013-10-11T01:30:00+00:00,REV
LONG,1.597840,1.595320,-0.002520,2013-10-11T01:30:00+00:00,2013-10-15T03:54:00+00:00,REV
SHORT,1.595320,1.600860,-0.005540,2013-10-15T03:54:00+00:00,2013-10-16T11:07:00+00:00,REV
LONG,1.600860,1.591360,-0.009500,2013-10-16T11:07:00+00:00,2013-10-16T18:13:00+00:00,REV
SHORT,1.591360,1.605990,-0.014630,2013-10-16T18:13:00+00:00,2013-10-17T10:57:00+00:00,REV
LONG,1.605990,1.614060,0.008070,2013-10-17T10:57:00+00:00,2013-10-21T15:18:00+00:00,REV
SHORT,1.614060,1.618040,-0.003980,2013-10-21T15:18:00+00:00,2013-10-22T15:30:00+00:00,REV
LONG,1.618040,1.614900,-0.003140,2013-10-22T15:30:00+00:00,2013-10-28T16:23:00+00:00,REV
SHORT,1.614900,1.597780,0.017120,2013-10-28T16:23:00+00:00,2013-11-05T02:31:00+00:00,REV
LONG,1.597780,1.604040,0.006260,2013-11-05T02:31:00+00:00,2013-11-07T14:45:00+00:00,REV
SHORT,1.604040,1.599180,0.004860,2013-11-07T14:45:00+00:00,2013-11-13T12:30:00+00:00,REV
LONG,1.599180,1.608050,0.008870,2013-11-13T12:30:00+00:00,2013-11-19T13:15:00+00:00,REV
SHORT,1.608050,1.613200,-0.005150,2013-11-19T13:15:00+00:00,2013-11-20T01:14:00+00:00,REV
LONG,1.613200,1.608620,-0.004580,2013-11-20T01:14:00+00:00,2013-11-21T02:48:00+00:00,REV
SHORT,1.608620,1.617740,-0.009120,2013-11-21T02:48:00+00:00,2013-11-21T23:14:00+00:00,REV
LONG,1.617740,1.617510,-0.000230,2013-11-21T23:14:00+00:00,2013-11-25T15:38:00+00:00,REV
SHORT,1.617510,1.621870,-0.004360,2013-11-25T15:38:00+00:00,2013-11-27T05:39:00+00:00,REV
LONG,1.621870,1.634490,0.012620,2013-11-27T05:39:00+00:00,2013-12-04T11:28:00+00:00,REV
SHORT,1.634490,1.639270,-0.004780,2013-12-04T11:28:00+00:00,2013-12-09T17:21:00+00:00,REV
LONG,1.639270,1.641740,0.002470,2013-12-09T17:21:00+00:00,2013-12-11T10:12:00+00:00,REV
SHORT,1.641740,1.633530,0.008210,2013-12-11T10:12:00+00:00,2013-12-18T11:30:00+00:00,REV
LONG,1.633530,1.633430,-0.000100,2013-12-18T11:30:00+00:00,2013-12-20T09:14:00+00:00,REV
SHORT,1.633430,1.637450,-0.004020,2013-12-20T09:14:00+00:00,2013-12-24T14:38:00+00:00,REV
LONG,1.637450,1.647320,0.009870,2013-12-24T14:38:00+00:00,2014-01-02T14:56:00+00:00,REV
SHORT,1.647320,1.643320,0.004000,2014-01-02T14:56:00+00:00,2014-01-07T13:05:00+00:00,REV
LONG,1.643320,1.643980,0.000660,2014-01-07T13:05:00+00:00,2014-01-10T11:30:00+00:00,REV
SHORT,1.643980,1.649670,-0.005690,2014-01-10T11:30:00+00:00,2014-01-10T16:55:00+00:00,REV
LONG,1.649670,1.638150,-0.011520,2014-01-10T16:55:00+00:00,2014-01-13T15:23:00+00:00,REV
SHORT,1.638150,1.638270,-0.000120,2014-01-13T15:23:00+00:00,2014-01-17T11:30:00+00:00,REV
LONG,1.638270,1.655550,0.017280,2014-01-17T11:30:00+00:00,2014-01-24T14:24:00+00:00,REV
SHORT,1.655550,1.658800,-0.003250,2014-01-24T14:24:00+00:00,2014-01-28T05:05:00+00:00,REV
LONG,1.658800,1.653460,-0.005340,2014-01-28T05:05:00+00:00,2014-01-29T15:15:00+00:00,REV
SHORT,1.653460,1.634070,0.019390,2014-01-29T15:15:00+00:00,2014-02-06T18:42:00+00:00,REV
LONG,1.634070,1.669430,0.035360,2014-02-06T18:42:00+00:00,2014-02-18T10:18:00+00:00,REV
SHORT,1.669430,1.669950,-0.000520,2014-02-18T10:18:00+00:00,2014-02-21T16:54:00+00:00,REV
LONG,1.669950,1.662380,-0.007570,2014-02-21T16:54:00+00:00,2014-02-21T18:53:00+00:00,REV
SHORT,1.662380,1.667820,-0.005440,2014-02-21T18:53:00+00:00,2014-02-25T09:52:00+00:00,REV
LONG,1.667820,1.664090,-0.003730,2014-02-25T09:52:00+00:00,2014-02-26T17:01:00+00:00,REV
SHORT,1.664090,1.669810,-0.005720,2014-02-26T17:01:00+00:00,2014-02-28T09:05:00+00:00,REV
LONG,1.669810,1.667500,-0.002310,2014-02-28T09:05:00+00:00,2014-03-03T19:57:00+00:00,REV
SHORT,1.667500,1.671600,-0.004100,2014-03-03T19:57:00+00:00,2014-03-05T14:34:00+00:00,REV
LONG,1.671600,1.670540,-0.001060,2014-03-05T14:34:00+00:00,2014-03-10T10:59:00+00:00,REV
SHORT,1.670540,1.663580,0.006960,2014-03-10T10:59:00+00:00,2014-03-13T07:19:00+00:00,REV
LONG,1.663580,1.660550,-0.003030,2014-03-13T07:19:00+00:00,2014-03-14T10:13:00+00:00,REV
SHORT,1.660550,1.665100,-0.004550,2014-03-14T10:13:00+00:00,2014-03-17T12:04:00+00:00,REV
LONG,1.665100,1.660340,-0.004760,2014-03-17T12:04:00+00:00,2014-03-18T10:59:00+00:00,REV
SHORT,1.660340,1.664730,-0.004390,2014-03-18T10:59:00+00:00,2014-03-19T14:56:00+00:00,REV
LONG,1.664730,1.654460,-0.010270,2014-03-19T14:56:00+00:00,2014-03-19T21:54:00+00:00,REV
SHORT,1.654460,1.651990,0.002470,2014-03-19T21:54:00+00:00,2014-03-24T20:51:00+00:00,REV
LONG,1.651990,1.661910,0.009920,2014-03-24T20:51:00+00:00,2014-04-03T11:29:00+00:00,REV
SHORT,1.661910,1.660520,0.001390,2014-04-03T11:29:00+00:00,2014-04-07T16:44:00+00:00,REV
LONG,1.660520,1.675290,0.014770,2014-04-07T16:44:00+00:00,2014-04-11T13:50:00+00:00,REV
SHORT,1.675290,1.674330,0.000960,2014-04-11T13:50:00+00:00,2014-04-15T17:06:00+00:00,REV
LONG,1.674330,1.678570,0.004240,2014-04-15T17:06:00+00:00,2014-04-18T02:52:00+00:00,REV
SHORT,1.678570,1.680350,-0.001780,2014-04-18T02:52:00+00:00,2014-04-21T08:27:00+00:00,REV
LONG,1.680350,1.678470,-0.001880,2014-04-21T08:27:00+00:00,2014-04-23T13:14:00+00:00,REV
SHORT,1.678470,1.680570,-0.002100,2014-04-23T13:14:00+00:00,2014-04-25T01:59:00+00:00,REV
LONG,1.680570,1.678870,-0.001700,2014-04-25T01:59:00+00:00,2014-04-28T03:19:00+00:00,REV
SHORT,1.678870,1.683030,-0.004160,2014-04-28T03:19:00+00:00,2014-04-28T10:00:00+00:00,REV
LONG,1.683030,1.686900,0.003870,2014-04-28T10:00:00+00:00,2014-05-02T13:10:00+00:00,REV
SHORT,1.686900,1.688630,-0.001730,2014-05-02T13:10:00+00:00,2014-05-06T07:29:00+00:00,REV
LONG,1.688630,1.695000,0.006370,2014-05-06T07:29:00+00:00,2014-05-08T04:36:00+00:00,REV
SHORT,1.695000,1.680520,0.014480,2014-05-08T04:36:00+00:00,2014-05-16T11:35:00+00:00,REV
LONG,1.680520,1.680390,-0.000130,2014-05-16T11:35:00+00:00,2014-05-20T09:48:00+00:00,REV
SHORT,1.680390,1.684440,-0.004050,2014-05-20T09:48:00+00:00,2014-05-20T11:06:00+00:00,REV
LONG,1.684440,1.685020,0.000580,2014-05-20T11:06:00+00:00,2014-05-23T10:44:00+00:00,REV
SHORT,1.685020,1.685250,-0.000230,2014-05-23T10:44:00+00:00,2014-05-27T03:37:00+00:00,REV
LONG,1.685250,1.682530,-0.002720,2014-05-27T03:37:00+00:00,2014-05-27T12:31:00+00:00,REV
SHORT,1.682530,1.673990,0.008540,2014-05-27T12:31:00+00:00,2014-05-30T09:22:00+00:00,REV
LONG,1.673990,1.674330,0.000340,2014-05-30T09:22:00+00:00,2014-06-03T02:18:00+00:00,REV
SHORT,1.674330,1.675020,-0.000690,2014-06-03T02:18:00+00:00,2014-06-03T03:45:00+00:00,REV
LONG,1.675020,1.672940,-0.002080,2014-06-03T03:45:00+00:00,2014-06-04T04:11:00+00:00,REV
SHORT,1.672940,1.676810,-0.003870,2014-06-04T04:11:00+00:00,2014-06-05T12:42:00+00:00,REV
LONG,1.676810,1.678280,0.001470,2014-06-05T12:42:00+00:00,2014-06-10T11:21:00+00:00,REV
SHORT,1.678280,1.681010,-0.002730,2014-06-10T11:21:00+00:00,2014-06-12T09:52:00+00:00,REV
LONG,1.681010,1.695810,0.014800,2014-06-12T09:52:00+00:00,2014-06-17T05:00:00+00:00,REV
SHORT,1.695810,1.698870,-0.003060,2014-06-17T05:00:00+00:00,2014-06-18T11:30:00+00:00,REV
LONG,1.698870,1.693670,-0.005200,2014-06-18T11:30:00+00:00,2014-06-18T11:40:00+00:00,REV
SHORT,1.693670,1.700210,-0.006540,2014-06-18T11:40:00+00:00,2014-06-19T03:09:00+00:00,REV
LONG,1.700210,1.700180,-0.000030,2014-06-19T03:09:00+00:00,2014-06-23T15:43:00+00:00,REV
SHORT,1.700180,1.700400,-0.000220,2014-06-23T15:43:00+00:00,2014-06-26T11:46:00+00:00,REV
LONG,1.700400,1.713880,0.013480,2014-06-26T11:46:00+00:00,2014-07-03T11:31:00+00:00,REV
SHORT,1.713880,1.716630,-0.002750,2014-07-03T11:31:00+00:00,2014-07-04T05:59:00+00:00,REV
LONG,1.716630,1.713010,-0.003620,2014-07-04T05:59:00+00:00,2014-07-07T13:08:00+00:00,REV
SHORT,1.713010,1.714700,-0.001690,2014-07-07T13:08:00+00:00,2014-07-09T21:29:00+00:00,REV
LONG,1.714700,1.710350,-0.004350,2014-07-09T21:29:00+00:00,2014-07-11T17:41:00+00:00,REV
SHORT,1.710350,1.714330,-0.003980,2014-07-11T17:41:00+00:00,2014-07-15T11:36:00+00:00,REV
LONG,1.714330,1.711230,-0.003100,2014-07-15T11:36:00+00:00,2014-07-17T10:58:00+00:00,REV
SHORT,1.711230,1.708260,0.002970,2014-07-17T10:58:00+00:00,2014-07-23T11:03:00+00:00,REV
LONG,1.708260,1.704020,-0.004240,2014-07-23T11:03:00+00:00,2014-07-23T12:28:00+00:00,REV
SHORT,1.704020,1.699750,0.004270,2014-07-23T12:28:00+00:00,2014-07-28T16:00:00+00:00,REV
LONG,1.699750,1.697120,-0.002630,2014-07-28T16:00:00+00:00,2014-07-29T07:25:00+00:00,REV
SHORT,1.697120,1.686360,0.010760,2014-07-29T07:25:00+00:00,2014-08-05T02:21:00+00:00,REV
LONG,1.686360,1.682770,-0.003590,2014-08-05T02:21:00+00:00,2014-08-06T11:30:00+00:00,REV
SHORT,1.682770,1.679510,0.003260,2014-08-06T11:30:00+00:00,2014-08-12T17:00:00+00:00,REV
LONG,1.679510,1.675540,-0.003970,2014-08-12T17:00:00+00:00,2014-08-13T12:33:00+00:00,REV
SHORT,1.675540,1.669640,0.005900,2014-08-13T12:33:00+00:00,2014-08-15T11:30:00+00:00,REV
LONG,1.669640,1.671120,0.001480,2014-08-15T11:30:00+00:00,2014-08-19T09:34:00+00:00,REV
SHORT,1.671120,1.659680,0.011440,2014-08-19T09:34:00+00:00,2014-08-25T14:05:00+00:00,REV
LONG,1.659680,1.653800,-0.005880,2014-08-25T14:05:00+00:00,2014-08-27T03:40:00+00:00,REV
SHORT,1.653800,1.659480,-0.005680,2014-08-27T03:40:00+00:00,2014-08-27T14:46:00+00:00,REV
LONG,1.659480,1.656600,-0.002880,2014-08-27T14:46:00+00:00,2014-08-29T21:59:00+00:00,REV
SHORT,1.656600,1.661290,-0.004690,2014-08-29T21:59:00+00:00,2014-09-01T09:27:00+00:00,REV
LONG,1.661290,1.658480,-0.002810,2014-09-01T09:27:00+00:00,2014-09-02T04:23:00+00:00,REV
SHORT,1.658480,1.615620,0.042860,2014-09-02T04:23:00+00:00,2014-09-10T16:51:00+00:00,REV
LONG,1.615620,1.621950,0.006330,2014-09-10T16:51:00+00:00,2014-09-16T01:07:00+00:00,REV
SHORT,1.621950,1.627910,-0.005960,2014-09-16T01:07:00+00:00,2014-09-16T18:57:00+00:00,REV
LONG,1.627910,1.624750,-0.003160,2014-09-16T18:57:00+00:00,2014-09-18T01:53:00+00:00,REV
SHORT,1.624750,1.635770,-0.011020,2014-09-18T01:53:00+00:00,2014-09-18T15:24:00+00:00,REV
LONG,1.635770,1.632600,-0.003170,2014-09-18T15:24:00+00:00,2014-09-25T02:10:00+00:00,REV
SHORT,1.632600,1.627370,0.005230,2014-09-25T02:10:00+00:00,2014-09-30T09:24:00+00:00,REV
LONG,1.627370,1.621160,-0.006210,2014-09-30T09:24:00+00:00,2014-09-30T12:00:00+00:00,REV
SHORT,1.621160,1.609870,0.011290,2014-09-30T12:00:00+00:00,2014-10-07T09:23:00+00:00,REV
LONG,1.609870,1.610280,0.000410,2014-10-07T09:23:00+00:00,2014-10-10T09:45:00+00:00,REV
SHORT,1.610280,1.606890,0.003390,2014-10-10T09:45:00+00:00,2014-10-16T19:40:00+00:00,REV
LONG,1.606890,1.611010,0.004120,2014-10-16T19:40:00+00:00,2014-10-22T01:17:00+00:00,REV
SHORT,1.611010,1.606060,0.004950,2014-10-22T01:17:00+00:00,2014-10-24T11:48:00+00:00,REV
LONG,1.606060,1.608810,0.002750,2014-10-24T11:48:00+00:00,2014-10-29T21:00:00+00:00,REV
SHORT,1.608810,1.602030,0.006780,2014-10-29T21:00:00+00:00,2014-11-03T11:30:00+00:00,REV
LONG,1.602030,1.596520,-0.005510,2014-11-03T11:30:00+00:00,2014-11-05T08:17:00+00:00,REV
SHORT,1.596520,1.588730,0.007790,2014-11-05T08:17:00+00:00,2014-11-10T01:03:00+00:00,REV
LONG,1.588730,1.584080,-0.004650,2014-11-10T01:03:00+00:00,2014-11-11T00:00:00+00:00,REV
SHORT,1.584080,1.591820,-0.007740,2014-11-11T00:00:00+00:00,2014-11-11T20:25:00+00:00,REV
LONG,1.591820,1.583520,-0.008300,2014-11-11T20:25:00+00:00,2014-11-12T13:58:00+00:00,REV
SHORT,1.583520,1.571070,0.012450,2014-11-12T13:58:00+00:00,2014-11-17T04:32:00+00:00,REV
LONG,1.571070,1.562980,-0.008090,2014-11-17T04:32:00+00:00,2014-11-19T00:10:00+00:00,REV
SHORT,1.562980,1.567960,-0.004980,2014-11-19T00:10:00+00:00,2014-11-19T12:42:00+00:00,REV
LONG,1.567960,1.563180,-0.004780,2014-11-19T12:42:00+00:00,2014-11-21T12:00:00+00:00,REV
SHORT,1.563180,1.571480,-0.008300,2014-11-21T12:00:00+00:00,2014-11-24T18:30:00+00:00,REV
LONG,1.571480,1.571650,0.000170,2014-11-24T18:30:00+00:00,2014-11-28T02:21:00+00:00,REV
SHORT,1.571650,1.574030,-0.002380,2014-11-28T02:21:00+00:00,2014-12-01T15:18:00+00:00,REV
LONG,1.574030,1.563150,-0.010880,2014-12-01T15:18:00+00:00,2014-12-03T09:39:00+00:00,REV
SHORT,1.563150,1.572010,-0.008860,2014-12-03T09:39:00+00:00,2014-12-04T18:07:00+00:00,REV
LONG,1.572010,1.564320,-0.007690,2014-12-04T18:07:00+00:00,2014-12-05T02:44:00+00:00,REV
SHORT,1.564320,1.567970,-0.003650,2014-12-05T02:44:00+00:00,2014-12-09T09:55:00+00:00,REV
LONG,1.567970,1.569480,0.001510,2014-12-09T09:55:00+00:00,2014-12-15T12:09:00+00:00,REV
SHORT,1.569480,1.574710,-0.005230,2014-12-15T12:09:00+00:00,2014-12-16T14:03:00+00:00,REV
LONG,1.574710,1.561070,-0.013640,2014-12-16T14:03:00+00:00,2014-12-17T21:00:00+00:00,REV
SHORT,1.561070,1.567810,-0.006740,2014-12-17T21:00:00+00:00,2014-12-19T10:40:00+00:00,REV
LONG,1.567810,1.560500,-0.007310,2014-12-19T10:40:00+00:00,2014-12-22T13:34:00+00:00,REV
SHORT,1.560500,1.556460,0.004040,2014-12-22T13:34:00+00:00,2014-12-26T02:37:00+00:00,REV
LONG,1.556460,1.553700,-0.002760,2014-12-26T02:37:00+00:00,2014-12-29T13:17:00+00:00,REV
SHORT,1.553700,1.557430,-0.003730,2014-12-29T13:17:00+00:00,2014-12-31T03:50:00+00:00,REV
LONG,1.557430,1.529260,-0.028170,2014-12-31T03:50:00+00:00,2015-01-05T00:00:00+00:00,REV
SHORT,1.529260,1.511860,0.017400,2015-01-05T00:00:00+00:00,2015-01-09T10:58:00+00:00,REV
LONG,1.511860,1.509120,-0.002740,2015-01-09T10:58:00+00:00,2015-01-13T11:30:00+00:00,REV
SHORT,1.509120,1.519210,-0.010090,2015-01-13T11:30:00+00:00,2015-01-14T09:50:00+00:00,REV
LONG,1.519210,1.515000,-0.004210,2015-01-14T09:50:00+00:00,2015-01-16T16:43:00+00:00,REV
SHORT,1.515000,1.517980,-0.002980,2015-01-16T16:43:00+00:00,2015-01-20T15:22:00+00:00,REV
LONG,1.517980,1.507620,-0.010360,2015-01-20T15:22:00+00:00,2015-01-22T17:55:00+00:00,REV
SHORT,1.507620,1.503640,0.003980,2015-01-22T17:55:00+00:00,2015-01-26T09:59:00+00:00,REV
LONG,1.503640,1.513070,0.009430,2015-01-26T09:59:00+00:00,2015-01-29T07:22:00+00:00,REV
SHORT,1.513070,1.509820,0.003250,2015-01-29T07:22:00+00:00,2015-02-02T00:01:00+00:00,REV
LONG,1.509820,1.500570,-0.009250,2015-02-02T00:01:00+00:00,2015-02-03T09:47:00+00:00,REV
SHORT,1.500570,1.509880,-0.009310,2015-02-03T09:47:00+00:00,2015-02-03T15:15:00+00:00,REV
LONG,1.509880,1.521090,0.011210,2015-02-03T15:15:00+00:00,2015-02-09T12:12:00+00:00,REV
SHORT,1.521090,1.526800,-0.005710,2015-02-09T12:12:00+00:00,2015-02-10T19:13:00+00:00,REV
LONG,1.526800,1.521870,-0.004930,2015-02-10T19:13:00+00:00,2015-02-12T05:06:00+00:00,REV
SHORT,1.521870,1.530020,-0.008150,2015-02-12T05:06:00+00:00,2015-02-12T12:43:00+00:00,REV
LONG,1.530020,1.537090,0.007070,2015-02-12T12:43:00+00:00,2015-02-16T12:52:00+00:00,REV
SHORT,1.537090,1.540350,-0.003260,2015-02-16T12:52:00+00:00,2015-02-18T11:30:00+00:00,REV
LONG,1.540350,1.540390,0.000040,2015-02-18T11:30:00+00:00,2015-02-20T10:26:00+00:00,REV
SHORT,1.540390,1.543510,-0.003120,2015-02-20T10:26:00+00:00,2015-02-23T17:09:00+00:00,REV
LONG,1.543510,1.544620,0.001110,2015-02-23T17:09:00+00:00,2015-02-26T16:25:00+00:00,REV
SHORT,1.544620,1.484560,0.060060,2015-02-26T16:25:00+00:00,2015-03-18T21:19:00+00:00,REV
LONG,1.484560,1.484260,-0.000300,2015-03-18T21:19:00+00:00,2015-03-25T00:54:00+00:00,REV
SHORT,1.484260,1.495510,-0.011250,2015-03-25T00:54:00+00:00,2015-03-26T11:22:00+00:00,REV
LONG,1.495510,1.483090,-0.012420,2015-03-26T11:22:00+00:00,2015-03-26T17:04:00+00:00,REV
SHORT,1.483090,1.487210,-0.004120,2015-03-26T17:04:00+00:00,2015-04-01T08:15:00+00:00,REV
LONG,1.487210,1.475540,-0.011670,2015-04-01T08:15:00+00:00,2015-04-01T11:50:00+00:00,REV
SHORT,1.475540,1.487440,-0.011900,2015-04-01T11:50:00+00:00,2015-04-03T15:30:00+00:00,REV
LONG,1.487440,1.487050,-0.000390,2015-04-03T15:30:00+00:00,2015-04-07T11:33:00+00:00,REV
SHORT,1.487050,1.492110,-0.005060,2015-04-07T11:33:00+00:00,2015-04-08T12:19:00+00:00,REV
LONG,1.492110,1.480590,-0.011520,2015-04-08T12:19:00+00:00,2015-04-09T10:42:00+00:00,REV
SHORT,1.480590,1.468200,0.012390,2015-04-09T10:42:00+00:00,2015-04-14T03:33:00+00:00,REV
LONG,1.468200,1.491590,0.023390,2015-04-14T03:33:00+00:00,2015-04-20T12:17:00+00:00,REV
SHORT,1.491590,1.497370,-0.005780,2015-04-20T12:17:00+00:00,2015-04-22T11:31:00+00:00,REV
LONG,1.497370,1.532770,0.035400,2015-04-22T11:31:00+00:00,2015-04-30T17:43:00+00:00,REV
SHORT,1.532770,1.517540,0.015230,2015-04-30T17:43:00+00:00,2015-05-05T16:55:00+00:00,REV
LONG,1.517540,1.572830,0.055290,2015-05-05T16:55:00+00:00,2015-05-15T13:06:00+00:00,REV
SHORT,1.572830,1.558870,0.013960,2015-05-15T13:06:00+00:00,2015-05-21T11:22:00+00:00,REV
LONG,1.558870,1.552520,-0.006350,2015-05-21T11:22:00+00:00,2015-05-22T16:01:00+00:00,REV
SHORT,1.552520,1.530520,0.022000,2015-05-22T16:01:00+00:00,2015-06-02T16:15:00+00:00,REV
LONG,1.530520,1.530420,-0.000100,2015-06-02T16:15:00+00:00,2015-06-05T11:40:00+00:00,REV
SHORT,1.530420,1.536480,-0.006060,2015-06-05T11:40:00+00:00,2015-06-09T08:31:00+00:00,REV
LONG,1.536480,1.583540,0.047060,2015-06-09T08:31:00+00:00,2015-06-22T13:26:00+00:00,REV
SHORT,1.583540,1.576790,0.006750,2015-06-22T13:26:00+00:00,2015-06-29T18:17:00+00:00,REV
LONG,1.576790,1.569270,-0.007520,2015-06-29T18:17:00+00:00,2015-07-01T01:50:00+00:00,REV
SHORT,1.569270,1.564080,0.005190,2015-07-01T01:50:00+00:00,2015-07-03T11:30:00+00:00,REV
LONG,1.564080,1.556290,-0.007790,2015-07-03T11:30:00+00:00,2015-07-03T19:41:00+00:00,REV
SHORT,1.556290,1.542140,0.014150,2015-07-03T19:41:00+00:00,2015-07-10T10:15:00+00:00,REV
LONG,1.542140,1.548090,0.005950,2015-07-10T10:15:00+00:00,2015-07-14T02:40:00+00:00,REV
SHORT,1.548090,1.558970,-0.010880,2015-07-14T02:40:00+00:00,2015-07-14T12:55:00+00:00,REV
LONG,1.558970,1.557680,-0.001290,2015-07-14T12:55:00+00:00,2015-07-16T14:50:00+00:00,REV
SHORT,1.557680,1.565090,-0.007410,2015-07-16T14:50:00+00:00,2015-07-17T09:31:00+00:00,REV
LONG,1.565090,1.556020,-0.009070,2015-07-17T09:31:00+00:00,2015-07-17T16:46:00+00:00,REV
SHORT,1.556020,1.559140,-0.003120,2015-07-17T16:46:00+00:00,2015-07-22T09:03:00+00:00,REV
LONG,1.559140,1.554700,-0.004440,2015-07-22T09:03:00+00:00,2015-07-23T15:56:00+00:00,REV
SHORT,1.554700,1.552670,0.002030,2015-07-23T15:56:00+00:00,2015-07-27T03:49:00+00:00,REV
LONG,1.552670,1.558770,0.006100,2015-07-27T03:49:00+00:00,2015-07-30T18:46:00+00:00,REV
SHORT,1.558770,1.564390,-0.005620,2015-07-30T18:46:00+00:00,2015-07-31T15:38:00+00:00,REV
LONG,1.564390,1.556530,-0.007860,2015-07-31T15:38:00+00:00,2015-08-04T17:27:00+00:00,REV
SHORT,1.556530,1.563550,-0.007020,2015-08-04T17:27:00+00:00,2015-08-05T14:33:00+00:00,REV
LONG,1.563550,1.552570,-0.010980,2015-08-05T14:33:00+00:00,2015-08-06T14:04:00+00:00,REV
SHORT,1.552570,1.554580,-0.002010,2015-08-06T14:04:00+00:00,2015-08-10T17:52:00+00:00,REV
LONG,1.554580,1.555520,0.000940,2015-08-10T17:52:00+00:00,2015-08-12T04:29:00+00:00,REV
SHORT,1.555520,1.561670,-0.006150,2015-08-12T04:29:00+00:00,2015-08-12T15:18:00+00:00,REV
LONG,1.561670,1.558890,-0.002780,2015-08-12T15:18:00+00:00,2015-08-17T18:03:00+00:00,REV
SHORT,1.558890,1.568880,-0.009990,2015-08-17T18:03:00+00:00,2015-08-18T12:47:00+00:00,REV
LONG,1.568880,1.563530,-0.005350,2015-08-18T12:47:00+00:00,2015-08-20T11:30:00+00:00,REV
SHORT,1.563530,1.570220,-0.006690,2015-08-20T11:30:00+00:00,2015-08-21T09:00:00+00:00,REV
LONG,1.570220,1.565790,-0.004430,2015-08-21T09:00:00+00:00,2015-08-24T08:44:00+00:00,REV
SHORT,1.565790,1.572380,-0.006590,2015-08-24T08:44:00+00:00,2015-08-24T11:41:00+00:00,REV
LONG,1.572380,1.568110,-0.004270,2015-08-24T11:41:00+00:00,2015-08-26T11:06:00+00:00,REV
SHORT,1.568110,1.527700,0.040410,2015-08-26T11:06:00+00:00,2015-09-07T13:12:00+00:00,REV
LONG,1.527700,1.534990,0.007290,2015-09-07T13:12:00+00:00,2015-09-10T08:31:00+00:00,REV
SHORT,1.534990,1.540510,-0.005520,2015-09-10T08:31:00+00:00,2015-09-10T14:00:00+00:00,REV
LONG,1.540510,1.540000,-0.000510,2015-09-10T14:00:00+00:00,2015-09-14T15:59:00+00:00,REV
SHORT,1.540000,1.545800,-0.005800,2015-09-14T15:59:00+00:00,2015-09-16T15:35:00+00:00,REV
LONG,1.545800,1.551370,0.005570,2015-09-16T15:35:00+00:00,2015-09-21T12:08:00+00:00,REV
SHORT,1.551370,1.520580,0.030790,2015-09-21T12:08:00+00:00,2015-09-30T13:43:00+00:00,REV
LONG,1.520580,1.512880,-0.007700,2015-09-30T13:43:00+00:00,2015-09-30T18:05:00+00:00,REV
SHORT,1.512880,1.519810,-0.006930,2015-09-30T18:05:00+00:00,2015-10-02T15:30:00+00:00,REV
LONG,1.519810,1.530890,0.011080,2015-10-02T15:30:00+00:00,2015-10-13T03:55:00+00:00,REV
SHORT,1.530890,1.537380,-0.006490,2015-10-13T03:55:00+00:00,2015-10-13T09:24:00+00:00,REV
LONG,1.537380,1.543020,0.005640,2015-10-13T09:24:00+00:00,2015-10-19T03:28:00+00:00,REV
SHORT,1.543020,1.548700,-0.005680,2015-10-19T03:28:00+00:00,2015-10-19T13:45:00+00:00,REV
LONG,1.548700,1.543540,-0.005160,2015-10-19T13:45:00+00:00,2015-10-21T08:51:00+00:00,REV
SHORT,1.543540,1.547800,-0.004260,2015-10-21T08:51:00+00:00,2015-10-22T11:26:00+00:00,REV
LONG,1.547800,1.541240,-0.006560,2015-10-22T11:26:00+00:00,2015-10-22T15:54:00+00:00,REV
SHORT,1.541240,1.532250,0.008990,2015-10-22T15:54:00+00:00,2015-10-30T02:23:00+00:00,REV
LONG,1.532250,1.540450,0.008200,2015-10-30T02:23:00+00:00,2015-11-03T11:43:00+00:00,REV
SHORT,1.540450,1.512870,0.027580,2015-11-03T11:43:00+00:00,2015-11-10T14:29:00+00:00,REV
LONG,1.512870,1.518730,0.005860,2015-11-10T14:29:00+00:00,2015-11-16T10:20:00+00:00,REV
SHORT,1.518730,1.523100,-0.004370,2015-11-16T10:20:00+00:00,2015-11-17T17:04:00+00:00,REV
LONG,1.523100,1.522720,-0.000380,2015-11-17T17:04:00+00:00,2015-11-20T17:27:00+00:00,REV
SHORT,1.522720,1.506930,0.015790,2015-11-20T17:27:00+00:00,2015-12-01T02:55:00+00:00,REV
LONG,1.506930,1.503510,-0.003420,2015-12-01T02:55:00+00:00,2015-12-02T11:30:00+00:00,REV
SHORT,1.503510,1.508270,-0.004760,2015-12-02T11:30:00+00:00,2015-12-03T18:27:00+00:00,REV
LONG,1.508270,1.507800,-0.000470,2015-12-03T18:27:00+00:00,2015-12-07T10:12:00+00:00,REV
SHORT,1.507800,1.506190,0.001610,2015-12-07T10:12:00+00:00,2015-12-09T12:09:00+00:00,REV
LONG,1.506190,1.512530,0.006340,2015-12-09T12:09:00+00:00,2015-12-14T13:47:00+00:00,REV
SHORT,1.512530,1.490100,0.022430,2015-12-14T13:47:00+00:00,2015-12-24T09:38:00+00:00,REV
LONG,1.490100,1.487400,-0.002700,2015-12-24T09:38:00+00:00,2015-12-29T10:59:00+00:00,REV
SHORT,1.487400,1.464120,0.023280,2015-12-29T10:59:00+00:00,2016-01-08T05:06:00+00:00,REV
LONG,1.464120,1.453290,-0.010830,2016-01-08T05:06:00+00:00,2016-01-08T17:55:00+00:00,REV
SHORT,1.453290,1.432370,0.020920,2016-01-08T17:55:00+00:00,2016-01-19T11:24:00+00:00,REV
LONG,1.432370,1.423670,-0.008700,2016-01-19T11:24:00+00:00,2016-01-19T14:42:00+00:00,REV
SHORT,1.423670,1.421960,0.001710,2016-01-19T14:42:00+00:00,2016-01-21T19:15:00+00:00,REV
LONG,1.421960,1.422360,0.000400,2016-01-21T19:15:00+00:00,2016-01-26T02:08:00+00:00,REV
SHORT,1.422360,1.431030,-0.008670,2016-01-26T02:08:00+00:00,2016-01-26T17:17:00+00:00,REV
LONG,1.431030,1.423050,-0.007980,2016-01-26T17:17:00+00:00,2016-01-29T17:05:00+00:00,REV
SHORT,1.423050,1.441370,-0.018320,2016-01-29T17:05:00+00:00,2016-02-01T21:11:00+00:00,REV
LONG,1.441370,1.452960,0.011590,2016-02-01T21:11:00+00:00,2016-02-05T09:35:00+00:00,REV
SHORT,1.452960,1.451640,0.001320,2016-02-05T09:35:00+00:00,2016-02-10T12:59:00+00:00,REV
LONG,1.451640,1.443980,-0.007660,2016-02-10T12:59:00+00:00,2016-02-11T10:40:00+00:00,REV
SHORT,1.443980,1.456430,-0.012450,2016-02-11T10:40:00+00:00,2016-02-12T12:11:00+00:00,REV
LONG,1.456430,1.444310,-0.012120,2016-02-12T12:11:00+00:00,2016-02-15T17:16:00+00:00,REV
SHORT,1.444310,1.433970,0.010340,2016-02-15T17:16:00+00:00,2016-02-18T12:59:00+00:00,REV
LONG,1.433970,1.425640,-0.008330,2016-02-18T12:59:00+00:00,2016-02-19T15:32:00+00:00,REV
SHORT,1.425640,1.439520,-0.013880,2016-02-19T15:32:00+00:00,2016-02-19T23:50:00+00:00,REV
LONG,1.439520,1.424680,-0.014840,2016-02-19T23:50:00+00:00,2016-02-22T09:06:00+00:00,REV
SHORT,1.424680,1.399720,0.024960,2016-02-22T09:06:00+00:00,2016-02-26T05:10:00+00:00,REV
LONG,1.399720,1.389950,-0.009770,2016-02-26T05:10:00+00:00,2016-02-26T17:00:00+00:00,REV
SHORT,1.389950,1.394700,-0.004750,2016-02-26T17:00:00+00:00,2016-03-01T08:22:00+00:00,REV
LONG,1.394700,1.417700,0.023000,2016-03-01T08:22:00+00:00,2016-03-10T14:46:00+00:00,REV
SHORT,1.417700,1.424160,-0.006460,2016-03-10T14:46:00+00:00,2016-03-10T16:13:00+00:00,REV
LONG,1.424160,1.429250,0.005090,2016-03-10T16:13:00+00:00,2016-03-15T02:12:00+00:00,REV
SHORT,1.429250,1.427450,0.001800,2016-03-15T02:12:00+00:00,2016-03-17T04:01:00+00:00,REV
LONG,1.427450,1.441020,0.013570,2016-03-17T04:01:00+00:00,2016-03-21T09:43:00+00:00,REV
SHORT,1.441020,1.415920,0.025100,2016-03-21T09:43:00+00:00,2016-03-28T10:23:00+00:00,REV
LONG,1.415920,1.436060,0.020140,2016-03-28T10:23:00+00:00,2016-03-31T04:05:00+00:00,REV
SHORT,1.436060,1.414250,0.021810,2016-03-31T04:05:00+00:00,2016-04-11T07:30:00+00:00,REV
LONG,1.414250,1.419620,0.005370,2016-04-11T07:30:00+00:00,2016-04-13T18:35:00+00:00,REV
SHORT,1.419620,1.420820,-0.001200,2016-04-13T18:35:00+00:00,2016-04-15T18:42:00+00:00,REV
LONG,1.420820,1.413240,-0.007580,2016-04-15T18:42:00+00:00,2016-04-18T09:49:00+00:00,REV
SHORT,1.413240,1.424210,-0.010970,2016-04-18T09:49:00+00:00,2016-04-18T17:24:00+00:00,REV
LONG,1.424210,1.432830,0.008620,2016-04-18T17:24:00+00:00,2016-04-21T00:00:00+00:00,REV
SHORT,1.432830,1.441090,-0.008260,2016-04-21T00:00:00+00:00,2016-04-21T15:10:00+00:00,REV
LONG,1.441090,1.447880,0.006790,2016-04-21T15:10:00+00:00,2016-04-27T21:01:00+00:00,REV
SHORT,1.447880,1.462260,-0.014380,2016-04-27T21:01:00+00:00,2016-04-28T20:48:00+00:00,REV
LONG,1.462260,1.458250,-0.004010,2016-04-28T20:48:00+00:00,2016-05-03T17:10:00+00:00,REV
SHORT,1.458250,1.452990,0.005260,2016-05-03T17:10:00+00:00,2016-05-06T15:30:00+00:00,REV
LONG,1.452990,1.444400,-0.008590,2016-05-06T15:30:00+00:00,2016-05-06T15:43:00+00:00,REV
SHORT,1.444400,1.447850,-0.003450,2016-05-06T15:43:00+00:00,2016-05-11T18:29:00+00:00,REV
LONG,1.447850,1.440610,-0.007240,2016-05-11T18:29:00+00:00,2016-05-13T09:37:00+00:00,REV
SHORT,1.440610,1.441520,-0.000910,2016-05-13T09:37:00+00:00,2016-05-17T02:04:00+00:00,REV
LONG,1.441520,1.456160,0.014640,2016-05-17T02:04:00+00:00,2016-05-20T10:09:00+00:00,REV
SHORT,1.456160,1.454940,0.001220,2016-05-20T10:09:00+00:00,2016-05-24T12:06:00+00:00,REV
LONG,1.454940,1.464030,0.009090,2016-05-24T12:06:00+00:00,2016-05-27T10:11:00+00:00,REV
SHORT,1.464030,1.464200,-0.000170,2016-05-27T10:11:00+00:00,2016-05-31T03:04:00+00:00,REV
LONG,1.464200,1.458730,-0.005470,2016-05-31T03:04:00+00:00,2016-05-31T10:59:00+00:00,REV
SHORT,1.458730,1.447350,0.011380,2016-05-31T10:59:00+00:00,2016-06-03T15:30:00+00:00,REV
LONG,1.447350,1.439880,-0.007470,2016-06-03T15:30:00+00:00,2016-06-06T02:08:00+00:00,REV
SHORT,1.439880,1.448230,-0.008350,2016-06-06T02:08:00+00:00,2016-06-07T07:10:00+00:00,REV
LONG,1.448230,1.449990,0.001760,2016-06-07T07:10:00+00:00,2016-06-09T00:00:00+00:00,REV
SHORT,1.449990,1.421840,0.028150,2016-06-09T00:00:00+00:00,2016-06-16T20:11:00+00:00,REV
LONG,1.421840,1.471300,0.049460,2016-06-16T20:11:00+00:00,2016-06-24T02:17:00+00:00,REV
SHORT,1.471300,1.342030,0.129270,2016-06-24T02:17:00+00:00,2016-06-29T11:21:00+00:00,REV
LONG,1.342030,1.328690,-0.013340,2016-06-29T11:21:00+00:00,2016-06-30T18:11:00+00:00,REV
SHORT,1.328690,1.302770,0.025920,2016-06-30T18:11:00+00:00,2016-07-07T13:15:00+00:00,REV
LONG,1.302770,1.288010,-0.014760,2016-07-07T13:15:00+00:00,2016-07-11T11:00:00+00:00,REV
SHORT,1.288010,1.301860,-0.013850,2016-07-11T11:00:00+00:00,2016-07-12T03:59:00+00:00,REV
LONG,1.301860,1.313350,0.011490,2016-07-12T03:59:00+00:00,2016-07-14T00:58:00+00:00,REV
SHORT,1.313350,1.333700,-0.020350,2016-07-14T00:58:00+00:00,2016-07-14T14:00:00+00:00,REV
LONG,1.333700,1.318700,-0.015000,2016-07-14T14:00:00+00:00,2016-07-19T10:33:00+00:00,REV
SHORT,1.318700,1.322740,-0.004040,2016-07-19T10:33:00+00:00,2016-07-21T00:05:00+00:00,REV
LONG,1.322740,1.315590,-0.007150,2016-07-21T00:05:00+00:00,2016-07-22T12:22:00+00:00,REV
SHORT,1.315590,1.316500,-0.000910,2016-07-22T12:22:00+00:00,2016-07-26T16:46:00+00:00,REV
LONG,1.316500,1.309440,-0.007060,2016-07-26T16:46:00+00:00,2016-07-26T17:55:00+00:00,REV
SHORT,1.309440,1.317610,-0.008170,2016-07-26T17:55:00+00:00,2016-07-27T21:23:00+00:00,REV
LONG,1.317610,1.328020,0.010410,2016-07-27T21:23:00+00:00,2016-08-04T10:50:00+00:00,REV
SHORT,1.328020,1.304610,0.023410,2016-08-04T10:50:00+00:00,2016-08-10T03:16:00+00:00,REV
LONG,1.304610,1.299090,-0.005520,2016-08-10T03:16:00+00:00,2016-08-11T10:24:00+00:00,REV
SHORT,1.299090,1.302860,-0.003770,2016-08-11T10:24:00+00:00,2016-08-12T15:32:00+00:00,REV
LONG,1.302860,1.293550,-0.009310,2016-08-12T15:32:00+00:00,2016-08-12T17:30:00+00:00,REV
SHORT,1.293550,1.294550,-0.001000,2016-08-12T17:30:00+00:00,2016-08-16T11:30:00+00:00,REV
LONG,1.294550,1.303310,0.008760,2016-08-16T11:30:00+00:00,2016-08-19T16:25:00+00:00,REV
SHORT,1.303310,1.315770,-0.012460,2016-08-19T16:25:00+00:00,2016-08-23T08:17:00+00:00,REV
LONG,1.315770,1.316870,0.001100,2016-08-23T08:17:00+00:00,2016-08-26T17:00:00+00:00,REV
SHORT,1.316870,1.326420,-0.009550,2016-08-26T17:00:00+00:00,2016-08-26T17:14:00+00:00,REV
LONG,1.326420,1.310800,-0.015620,2016-08-26T17:14:00+00:00,2016-08-29T00:00:00+00:00,REV
SHORT,1.310800,1.312050,-0.001250,2016-08-29T00:00:00+00:00,2016-08-31T11:12:00+00:00,REV
LONG,1.312050,1.331910,0.019860,2016-08-31T11:12:00+00:00,2016-09-08T15:55:00+00:00,REV
SHORT,1.331910,1.333670,-0.001760,2016-09-08T15:55:00+00:00,2016-09-12T20:15:00+00:00,REV
LONG,1.333670,1.323510,-0.010160,2016-09-12T20:15:00+00:00,2016-09-13T15:38:00+00:00,REV
SHORT,1.323510,1.324100,-0.000590,2016-09-13T15:38:00+00:00,2016-09-15T00:48:00+00:00,REV
LONG,1.324100,1.317950,-0.006150,2016-09-15T00:48:00+00:00,2016-09-16T13:23:00+00:00,REV
SHORT,1.317950,1.304700,0.013250,2016-09-16T13:23:00+00:00,2016-09-22T03:21:00+00:00,REV
LONG,1.304700,1.302760,-0.001940,2016-09-22T03:21:00+00:00,2016-09-23T10:06:00+00:00,REV
SHORT,1.302760,1.298730,0.004030,2016-09-23T10:06:00+00:00,2016-09-27T04:46:00+00:00,REV
LONG,1.298730,1.297990,-0.000740,2016-09-27T04:46:00+00:00,2016-09-29T17:51:00+00:00,REV
SHORT,1.297990,1.220210,0.077780,2016-09-29T17:51:00+00:00,2016-10-18T02:42:00+00:00,REV
LONG,1.220210,1.225360,0.005150,2016-10-18T02:42:00+00:00,2016-10-20T12:07:00+00:00,REV
SHORT,1.225360,1.224410,0.000950,2016-10-20T12:07:00+00:00,2016-10-26T17:49:00+00:00,REV
LONG,1.224410,1.215620,-0.008790,2016-10-26T17:49:00+00:00,2016-10-27T18:44:00+00:00,REV
SHORT,1.215620,1.221270,-0.005650,2016-10-27T18:44:00+00:00,2016-10-31T02:53:00+00:00,REV
LONG,1.221270,1.244800,0.023530,2016-10-31T02:53:00+00:00,2016-11-07T07:10:00+00:00,REV
SHORT,1.244800,1.244030,0.000770,2016-11-07T07:10:00+00:00,2016-11-09T04:16:00+00:00,REV
LONG,1.244030,1.236100,-0.007930,2016-11-09T04:16:00+00:00,2016-11-09T10:00:00+00:00,REV
SHORT,1.236100,1.254680,-0.018580,2016-11-09T10:00:00+00:00,2016-11-10T19:36:00+00:00,REV
LONG,1.254680,1.252490,-0.002190,2016-11-10T19:36:00+00:00,2016-11-14T03:16:00+00:00,REV
SHORT,1.252490,1.250330,0.002160,2016-11-14T03:16:00+00:00,2016-11-17T11:30:00+00:00,REV
LONG,1.250330,1.240910,-0.009420,2016-11-17T11:30:00+00:00,2016-11-17T21:56:00+00:00,REV
SHORT,1.240910,1.243700,-0.002790,2016-11-17T21:56:00+00:00,2016-11-21T15:26:00+00:00,REV
LONG,1.243700,1.238420,-0.005280,2016-11-21T15:26:00+00:00,2016-11-23T10:38:00+00:00,REV
SHORT,1.238420,1.246940,-0.008520,2016-11-23T10:38:00+00:00,2016-11-24T12:42:00+00:00,REV
LONG,1.246940,1.241550,-0.005390,2016-11-24T12:42:00+00:00,2016-11-28T13:17:00+00:00,REV
SHORT,1.241550,1.252400,-0.010850,2016-11-28T13:17:00+00:00,2016-12-01T02:15:00+00:00,REV
LONG,1.252400,1.265630,0.013230,2016-12-01T02:15:00+00:00,2016-12-07T02:37:00+00:00,REV
SHORT,1.265630,1.268340,-0.002710,2016-12-07T02:37:00+00:00,2016-12-08T11:16:00+00:00,REV
LONG,1.268340,1.256980,-0.011360,2016-12-08T11:16:00+00:00,2016-12-08T17:53:00+00:00,REV
SHORT,1.256980,1.262120,-0.005140,2016-12-08T17:53:00+00:00,2016-12-12T13:50:00+00:00,REV
LONG,1.262120,1.265340,0.003220,2016-12-12T13:50:00+00:00,2016-12-14T02:50:00+00:00,REV
SHORT,1.265340,1.228730,0.036610,2016-12-14T02:50:00+00:00,2016-12-28T02:55:00+00:00,REV
LONG,1.228730,1.224040,-0.004690,2016-12-28T02:55:00+00:00,2016-12-28T11:32:00+00:00,REV
SHORT,1.224040,1.227520,-0.003480,2016-12-28T11:32:00+00:00,2016-12-30T01:39:00+00:00,REV
LONG,1.227520,1.227020,-0.000500,2016-12-30T01:39:00+00:00,2017-01-03T10:33:00+00:00,REV
SHORT,1.227020,1.230730,-0.003710,2017-01-03T10:33:00+00:00,2017-01-04T19:13:00+00:00,REV
LONG,1.230730,1.226990,-0.003740,2017-01-04T19:13:00+00:00,2017-01-06T20:54:00+00:00,REV
SHORT,1.226990,1.219040,0.007950,2017-01-06T20:54:00+00:00,2017-01-11T02:08:00+00:00,REV
LONG,1.219040,1.210720,-0.008320,2017-01-11T02:08:00+00:00,2017-01-11T12:03:00+00:00,REV
SHORT,1.210720,1.227230,-0.016510,2017-01-11T12:03:00+00:00,2017-01-12T10:10:00+00:00,REV
LONG,1.227230,1.215200,-0.012030,2017-01-12T10:10:00+00:00,2017-01-13T02:08:00+00:00,REV
SHORT,1.215200,1.208580,0.006620,2017-01-13T02:08:00+00:00,2017-01-17T07:14:00+00:00,REV
LONG,1.208580,1.225360,0.016780,2017-01-17T07:14:00+00:00,2017-01-19T00:00:00+00:00,REV
SHORT,1.225360,1.234420,-0.009060,2017-01-19T00:00:00+00:00,2017-01-20T03:07:00+00:00,REV
LONG,1.234420,1.255630,0.021210,2017-01-20T03:07:00+00:00,2017-01-27T07:07:00+00:00,REV
SHORT,1.255630,1.259680,-0.004050,2017-01-27T07:07:00+00:00,2017-02-01T11:20:00+00:00,REV
LONG,1.259680,1.254310,-0.005370,2017-02-01T11:20:00+00:00,2017-02-02T15:19:00+00:00,REV
SHORT,1.254310,1.249930,0.004380,2017-02-02T15:19:00+00:00,2017-02-07T19:14:00+00:00,REV
LONG,1.249930,1.249050,-0.000880,2017-02-07T19:14:00+00:00,2017-02-10T01:28:00+00:00,REV
SHORT,1.249050,1.252160,-0.003110,2017-02-10T01:28:00+00:00,2017-02-13T09:14:00+00:00,REV
LONG,1.252160,1.248040,-0.004120,2017-02-13T09:14:00+00:00,2017-02-14T11:33:00+00:00,REV
SHORT,1.248040,1.248140,-0.000100,2017-02-14T11:33:00+00:00,2017-02-16T09:46:00+00:00,REV
LONG,1.248140,1.245400,-0.002740,2017-02-16T09:46:00+00:00,2017-02-17T11:04:00+00:00,REV
SHORT,1.245400,1.248180,-0.002780,2017-02-17T11:04:00+00:00,2017-02-22T01:06:00+00:00,REV
LONG,1.248180,1.244790,-0.003390,2017-02-22T01:06:00+00:00,2017-02-27T00:52:00+00:00,REV
SHORT,1.244790,1.230050,0.014740,2017-02-27T00:52:00+00:00,2017-03-06T01:59:00+00:00,REV
LONG,1.230050,1.222400,-0.007650,2017-03-06T01:59:00+00:00,2017-03-07T08:46:00+00:00,REV
SHORT,1.222400,1.218900,0.003500,2017-03-07T08:46:00+00:00,2017-03-13T08:14:00+00:00,REV
LONG,1.218900,1.215250,-0.003650,2017-03-13T08:14:00+00:00,2017-03-14T10:00:00+00:00,REV
SHORT,1.215250,1.222200,-0.006950,2017-03-14T10:00:00+00:00,2017-03-15T09:11:00+00:00,REV
LONG,1.222200,1.248890,0.026690,2017-03-15T09:11:00+00:00,2017-03-28T19:10:00+00:00,REV
SHORT,1.248890,1.247650,0.001240,2017-03-28T19:10:00+00:00,2017-03-30T14:27:00+00:00,REV
LONG,1.247650,1.246540,-0.001110,2017-03-30T14:27:00+00:00,2017-04-04T07:18:00+00:00,REV
SHORT,1.246540,1.249590,-0.003050,2017-04-04T07:18:00+00:00,2017-04-05T17:20:00+00:00,REV
LONG,1.249590,1.245050,-0.004540,2017-04-05T17:20:00+00:00,2017-04-07T10:14:00+00:00,REV
SHORT,1.245050,1.242940,0.002110,2017-04-07T10:14:00+00:00,2017-04-11T04:30:00+00:00,REV
LONG,1.242940,1.249930,0.006990,2017-04-11T04:30:00+00:00,2017-04-14T00:00:00+00:00,REV
SHORT,1.249930,1.253540,-0.003610,2017-04-14T00:00:00+00:00,2017-04-17T00:08:00+00:00,REV
LONG,1.253540,1.252360,-0.001180,2017-04-17T00:08:00+00:00,2017-04-18T12:13:00+00:00,REV
SHORT,1.252360,1.259660,-0.007300,2017-04-18T12:13:00+00:00,2017-04-18T13:35:00+00:00,REV
LONG,1.259660,1.277220,0.017560,2017-04-18T13:35:00+00:00,2017-04-21T14:23:00+00:00,REV
SHORT,1.277220,1.283790,-0.006570,2017-04-21T14:23:00+00:00,2017-04-24T00:01:00+00:00,REV
LONG,1.283790,1.288850,0.005060,2017-04-24T00:01:00+00:00,2017-05-01T22:25:00+00:00,REV
SHORT,1.288850,1.294000,-0.005150,2017-05-01T22:25:00+00:00,2017-05-03T00:06:00+00:00,REV
LONG,1.294000,1.286450,-0.007550,2017-05-03T00:06:00+00:00,2017-05-04T00:00:00+00:00,REV
SHORT,1.286450,1.293220,-0.006770,2017-05-04T00:00:00+00:00,2017-05-05T09:34:00+00:00,REV
LONG,1.293220,1.292970,-0.000250,2017-05-05T09:34:00+00:00,2017-05-09T12:19:00+00:00,REV
SHORT,1.292970,1.296140,-0.003170,2017-05-09T12:19:00+00:00,2017-05-10T09:08:00+00:00,REV
LONG,1.296140,1.292770,-0.003370,2017-05-10T09:08:00+00:00,2017-05-11T02:16:00+00:00,REV
SHORT,1.292770,1.290040,0.002730,2017-05-11T02:16:00+00:00,2017-05-15T06:28:00+00:00,REV
LONG,1.290040,1.287840,-0.002200,2017-05-15T06:28:00+00:00,2017-05-16T12:09:00+00:00,REV
SHORT,1.287840,1.295800,-0.007960,2017-05-16T12:09:00+00:00,2017-05-17T13:10:00+00:00,REV
LONG,1.295800,1.290590,-0.005210,2017-05-17T13:10:00+00:00,2017-05-18T20:34:00+00:00,REV
SHORT,1.290590,1.304070,-0.013480,2017-05-18T20:34:00+00:00,2017-05-22T17:17:00+00:00,REV
LONG,1.304070,1.296540,-0.007530,2017-05-22T17:17:00+00:00,2017-05-23T09:59:00+00:00,REV
SHORT,1.296540,1.299940,-0.003400,2017-05-23T09:59:00+00:00,2017-05-25T11:29:00+00:00,REV
LONG,1.299940,1.293130,-0.006810,2017-05-25T11:29:00+00:00,2017-05-26T02:01:00+00:00,REV
SHORT,1.293130,1.285070,0.008060,2017-05-26T02:01:00+00:00,2017-05-30T10:56:00+00:00,REV
LONG,1.285070,1.279370,-0.005700,2017-05-30T10:56:00+00:00,2017-05-31T00:35:00+00:00,REV
SHORT,1.279370,1.288880,-0.009510,2017-05-31T00:35:00+00:00,2017-05-31T17:30:00+00:00,REV
LONG,1.288880,1.290760,0.001880,2017-05-31T17:30:00+00:00,2017-06-09T00:00:00+00:00,REV
SHORT,1.290760,1.275740,0.015020,2017-06-09T00:00:00+00:00,2017-06-14T09:13:00+00:00,REV
LONG,1.275740,1.272310,-0.003430,2017-06-14T09:13:00+00:00,2017-06-15T10:11:00+00:00,REV
SHORT,1.272310,1.279600,-0.007290,2017-06-15T10:11:00+00:00,2017-06-16T15:35:00+00:00,REV
LONG,1.279600,1.274970,-0.004630,2017-06-16T15:35:00+00:00,2017-06-19T17:43:00+00:00,REV
SHORT,1.274970,1.269190,0.005780,2017-06-19T17:43:00+00:00,2017-06-23T04:49:00+00:00,REV
LONG,1.269190,1.294550,0.025360,2017-06-23T04:49:00+00:00,2017-07-03T14:17:00+00:00,REV
SHORT,1.294550,1.294850,-0.000300,2017-07-03T14:17:00+00:00,2017-07-06T12:53:00+00:00,REV
LONG,1.294850,1.291960,-0.002890,2017-07-06T12:53:00+00:00,2017-07-07T11:31:00+00:00,REV
SHORT,1.291960,1.290860,0.001100,2017-07-07T11:31:00+00:00,2017-07-11T11:42:00+00:00,REV
LONG,1.290860,1.285470,-0.005390,2017-07-11T11:42:00+00:00,2017-07-11T16:08:00+00:00,REV
SHORT,1.285470,1.290810,-0.005340,2017-07-11T16:08:00+00:00,2017-07-13T09:03:00+00:00,REV
LONG,1.290810,1.304640,0.013830,2017-07-13T09:03:00+00:00,2017-07-18T11:30:00+00:00,REV
SHORT,1.304640,1.302030,0.002610,2017-07-18T11:30:00+00:00,2017-07-24T08:01:00+00:00,REV
LONG,1.302030,1.300740,-0.001290,2017-07-24T08:01:00+00:00,2017-07-26T09:31:00+00:00,REV
SHORT,1.300740,1.308420,-0.007680,2017-07-26T09:31:00+00:00,2017-07-26T21:09:00+00:00,REV
LONG,1.308420,1.319070,0.010650,2017-07-26T21:09:00+00:00,2017-08-03T14:00:00+00:00,REV
SHORT,1.319070,1.301580,0.017490,2017-08-03T14:00:00+00:00,2017-08-11T19:56:00+00:00,REV
LONG,1.301580,1.295650,-0.005930,2017-08-11T19:56:00+00:00,2017-08-15T00:00:00+00:00,REV
SHORT,1.295650,1.290370,0.005280,2017-08-15T00:00:00+00:00,2017-08-17T04:47:00+00:00,REV
LONG,1.290370,1.285220,-0.005150,2017-08-17T04:47:00+00:00,2017-08-18T18:19:00+00:00,REV
SHORT,1.285220,1.291700,-0.006480,2017-08-18T18:19:00+00:00,2017-08-21T17:50:00+00:00,REV
LONG,1.291700,1.285020,-0.006680,2017-08-21T17:50:00+00:00,2017-08-22T11:01:00+00:00,REV
SHORT,1.285020,1.283430,0.001590,2017-08-22T11:01:00+00:00,2017-08-24T15:05:00+00:00,REV
LONG,1.283430,1.291440,0.008010,2017-08-24T15:05:00+00:00,2017-08-30T09:16:00+00:00,REV
SHORT,1.291440,1.293550,-0.002110,2017-08-30T09:16:00+00:00,2017-09-01T01:45:00+00:00,REV
LONG,1.293550,1.291240,-0.002310,2017-09-01T01:45:00+00:00,2017-09-05T10:49:00+00:00,REV
SHORT,1.291240,1.296680,-0.005440,2017-09-05T10:49:00+00:00,2017-09-05T13:36:00+00:00,REV
LONG,1.296680,1.315930,0.019250,2017-09-05T13:36:00+00:00,2017-09-12T00:00:00+00:00,REV
SHORT,1.315930,1.322310,-0.006380,2017-09-12T00:00:00+00:00,2017-09-12T11:30:00+00:00,REV
LONG,1.322310,1.318360,-0.003950,2017-09-12T11:30:00+00:00,2017-09-14T14:00:00+00:00,REV
SHORT,1.318360,1.332940,-0.014580,2017-09-14T14:00:00+00:00,2017-09-14T14:28:00+00:00,REV
LONG,1.332940,1.346830,0.013890,2017-09-14T14:28:00+00:00,2017-09-20T21:35:00+00:00,REV
SHORT,1.346830,1.358690,-0.011860,2017-09-20T21:35:00+00:00,2017-09-22T04:43:00+00:00,REV
LONG,1.358690,1.347060,-0.011630,2017-09-22T04:43:00+00:00,2017-09-22T23:35:00+00:00,REV
SHORT,1.347060,1.328820,0.018240,2017-09-22T23:35:00+00:00,2017-10-04T13:36:00+00:00,REV
LONG,1.328820,1.323160,-0.005660,2017-10-04T13:36:00+00:00,2017-10-05T02:51:00+00:00,REV
SHORT,1.323160,1.312170,0.010990,2017-10-05T02:51:00+00:00,2017-10-09T09:31:00+00:00,REV
LONG,1.312170,1.317550,0.005380,2017-10-09T09:31:00+00:00,2017-10-12T13:36:00+00:00,REV
SHORT,1.317550,1.323510,-0.005960,2017-10-12T13:36:00+00:00,2017-10-12T19:13:00+00:00,REV
LONG,1.323510,1.324740,0.001230,2017-10-12T19:13:00+00:00,2017-10-16T15:33:00+00:00,REV
SHORT,1.324740,1.321230,0.003510,2017-10-16T15:33:00+00:00,2017-10-19T02:35:00+00:00,REV
LONG,1.321230,1.313990,-0.007240,2017-10-19T02:35:00+00:00,2017-10-19T11:30:00+00:00,REV
SHORT,1.313990,1.320130,-0.006140,2017-10-19T11:30:00+00:00,2017-10-23T07:05:00+00:00,REV
LONG,1.320130,1.315760,-0.004370,2017-10-23T07:05:00+00:00,2017-10-24T14:51:00+00:00,REV
SHORT,1.315760,1.322790,-0.007030,2017-10-24T14:51:00+00:00,2017-10-25T13:31:00+00:00,REV
LONG,1.322790,1.314650,-0.008140,2017-10-25T13:31:00+00:00,2017-10-27T01:45:00+00:00,REV
SHORT,1.314650,1.316240,-0.001590,2017-10-27T01:45:00+00:00,2017-10-30T11:07:00+00:00,REV
LONG,1.316240,1.324010,0.007770,2017-10-30T11:07:00+00:00,2017-11-02T12:11:00+00:00,REV
SHORT,1.324010,1.313300,0.010710,2017-11-02T12:11:00+00:00,2017-11-06T18:41:00+00:00,REV
LONG,1.313300,1.310870,-0.002430,2017-11-06T18:41:00+00:00,2017-11-08T14:13:00+00:00,REV
SHORT,1.310870,1.316640,-0.005770,2017-11-08T14:13:00+00:00,2017-11-10T11:30:00+00:00,REV
LONG,1.316640,1.311210,-0.005430,2017-11-10T11:30:00+00:00,2017-11-13T02:15:00+00:00,REV
SHORT,1.311210,1.317990,-0.006780,2017-11-13T02:15:00+00:00,2017-11-14T19:59:00+00:00,REV
LONG,1.317990,1.328420,0.010430,2017-11-14T19:59:00+00:00,2017-11-24T08:34:00+00:00,REV
SHORT,1.328420,1.333740,-0.005320,2017-11-24T08:34:00+00:00,2017-11-24T15:53:00+00:00,REV
LONG,1.333740,1.330990,-0.002750,2017-11-24T15:53:00+00:00,2017-11-28T00:00:00+00:00,REV
SHORT,1.330990,1.338370,-0.007380,2017-11-28T00:00:00+00:00,2017-11-28T21:35:00+00:00,REV
LONG,1.338370,1.343110,0.004740,2017-11-28T21:35:00+00:00,2017-12-04T00:00:00+00:00,REV
SHORT,1.343110,1.344460,-0.001350,2017-12-04T00:00:00+00:00,2017-12-07T20:22:00+00:00,REV
LONG,1.344460,1.335550,-0.008910,2017-12-07T20:22:00+00:00,2017-12-11T12:14:00+00:00,REV
SHORT,1.335550,1.338040,-0.002490,2017-12-11T12:14:00+00:00,2017-12-13T21:01:00+00:00,REV
LONG,1.338040,1.339210,0.001170,2017-12-13T21:01:00+00:00,2017-12-15T14:00:00+00:00,REV
SHORT,1.339210,1.340280,-0.001070,2017-12-15T14:00:00+00:00,2017-12-20T03:53:00+00:00,REV
LONG,1.340280,1.337130,-0.003150,2017-12-20T03:53:00+00:00,2017-12-21T00:22:00+00:00,REV
SHORT,1.337130,1.338810,-0.001680,2017-12-21T00:22:00+00:00,2017-12-22T11:50:00+00:00,REV
LONG,1.338810,1.349850,0.011040,2017-12-22T11:50:00+00:00,2018-01-03T17:27:00+00:00,REV
SHORT,1.349850,1.356030,-0.006180,2018-01-03T17:27:00+00:00,2018-01-05T02:47:00+00:00,REV
LONG,1.356030,1.352300,-0.003730,2018-01-05T02:47:00+00:00,2018-01-08T12:16:00+00:00,REV
SHORT,1.352300,1.358320,-0.006020,2018-01-08T12:16:00+00:00,2018-01-08T18:01:00+00:00,REV
LONG,1.358320,1.352290,-0.006030,2018-01-08T18:01:00+00:00,2018-01-09T10:40:00+00:00,REV
SHORT,1.352290,1.355520,-0.003230,2018-01-09T10:40:00+00:00,2018-01-12T02:11:00+00:00,REV
LONG,1.355520,1.410680,0.055160,2018-01-12T02:11:00+00:00,2018-01-29T10:45:00+00:00,REV
SHORT,1.410680,1.415880,-0.005200,2018-01-29T10:45:00+00:00,2018-01-30T21:23:00+00:00,REV
LONG,1.415880,1.415930,0.000050,2018-01-30T21:23:00+00:00,2018-02-02T15:51:00+00:00,REV
SHORT,1.415930,1.399430,0.016500,2018-02-02T15:51:00+00:00,2018-02-08T14:02:00+00:00,REV
LONG,1.399430,1.384550,-0.014880,2018-02-08T14:02:00+00:00,2018-02-09T13:50:00+00:00,REV
SHORT,1.384550,1.387630,-0.003080,2018-02-09T13:50:00+00:00,2018-02-13T11:22:00+00:00,REV
LONG,1.387630,1.383110,-0.004520,2018-02-13T11:22:00+00:00,2018-02-14T15:30:00+00:00,REV
SHORT,1.383110,1.392490,-0.009380,2018-02-14T15:30:00+00:00,2018-02-14T17:12:00+00:00,REV
LONG,1.392490,1.399640,0.007150,2018-02-14T17:12:00+00:00,2018-02-19T10:57:00+00:00,REV
SHORT,1.399640,1.398900,0.000740,2018-02-19T10:57:00+00:00,2018-02-23T10:57:00+00:00,REV
LONG,1.398900,1.392790,-0.006110,2018-02-23T10:57:00+00:00,2018-02-27T15:03:00+00:00,REV
SHORT,1.392790,1.378580,0.014210,2018-02-27T15:03:00+00:00,2018-03-02T03:52:00+00:00,REV
LONG,1.378580,1.384590,0.006010,2018-03-02T03:52:00+00:00,2018-03-08T17:06:00+00:00,REV
SHORT,1.384590,1.388950,-0.004360,2018-03-08T17:06:00+00:00,2018-03-12T15:52:00+00:00,REV
LONG,1.388950,1.392560,0.003610,2018-03-12T15:52:00+00:00,2018-03-15T12:43:00+00:00,REV
SHORT,1.392560,1.398080,-0.005520,2018-03-15T12:43:00+00:00,2018-03-19T12:53:00+00:00,REV
LONG,1.398080,1.412970,0.014890,2018-03-19T12:53:00+00:00,2018-03-27T12:48:00+00:00,REV
SHORT,1.412970,1.406030,0.006940,2018-03-27T12:48:00+00:00,2018-04-02T10:43:00+00:00,REV
LONG,1.406030,1.402060,-0.003970,2018-04-02T10:43:00+00:00,2018-04-04T15:10:00+00:00,REV
SHORT,1.402060,1.408930,-0.006870,2018-04-04T15:10:00+00:00,2018-04-04T17:32:00+00:00,REV
LONG,1.408930,1.401470,-0.007460,2018-04-04T17:32:00+00:00,2018-04-05T15:23:00+00:00,REV
SHORT,1.401470,1.409740,-0.008270,2018-04-05T15:23:00+00:00,2018-04-06T17:18:00+00:00,REV
LONG,1.409740,1.416050,0.006310,2018-04-06T17:18:00+00:00,2018-04-12T11:58:00+00:00,REV
SHORT,1.416050,1.422370,-0.006320,2018-04-12T11:58:00+00:00,2018-04-12T17:38:00+00:00,REV
LONG,1.422370,1.428270,0.005900,2018-04-12T17:38:00+00:00,2018-04-18T10:06:00+00:00,REV
SHORT,1.428270,1.398730,0.029540,2018-04-18T10:06:00+00:00,2018-04-25T02:18:00+00:00,REV
LONG,1.398730,1.392330,-0.006400,2018-04-25T02:18:00+00:00,2018-04-26T00:02:00+00:00,REV
SHORT,1.392330,1.399700,-0.007370,2018-04-26T00:02:00+00:00,2018-04-26T16:28:00+00:00,REV
LONG,1.399700,1.389460,-0.010240,2018-04-26T16:28:00+00:00,2018-04-27T10:21:00+00:00,REV
SHORT,1.389460,1.357580,0.031880,2018-04-27T10:21:00+00:00,2018-05-08T03:52:00+00:00,REV
LONG,1.357580,1.351500,-0.006080,2018-05-08T03:52:00+00:00,2018-05-08T11:23:00+00:00,REV
SHORT,1.351500,1.359350,-0.007850,2018-05-08T11:23:00+00:00,2018-05-09T14:29:00+00:00,REV
LONG,1.359350,1.349860,-0.009490,2018-05-09T14:29:00+00:00,2018-05-10T14:31:00+00:00,REV
SHORT,1.349860,1.359620,-0.009760,2018-05-10T14:31:00+00:00,2018-05-14T11:50:00+00:00,REV
LONG,1.359620,1.353810,-0.005810,2018-05-14T11:50:00+00:00,2018-05-15T10:44:00+00:00,REV
SHORT,1.353810,1.352120,0.001690,2018-05-15T10:44:00+00:00,2018-05-17T01:39:00+00:00,REV
LONG,1.352120,1.347400,-0.004720,2018-05-17T01:39:00+00:00,2018-05-18T13:54:00+00:00,REV
SHORT,1.347400,1.348350,-0.000950,2018-05-18T13:54:00+00:00,2018-05-22T11:27:00+00:00,REV
LONG,1.348350,1.341230,-0.007120,2018-05-22T11:27:00+00:00,2018-05-23T05:03:00+00:00,REV
SHORT,1.341230,1.330750,0.010480,2018-05-23T05:03:00+00:00,2018-05-31T06:21:00+00:00,REV
LONG,1.330750,1.327620,-0.003130,2018-05-31T06:21:00+00:00,2018-06-01T05:08:00+00:00,REV
SHORT,1.327620,1.334880,-0.007260,2018-06-01T05:08:00+00:00,2018-06-01T18:25:00+00:00,REV
LONG,1.334880,1.338630,0.003750,2018-06-01T18:25:00+00:00,2018-06-07T14:40:00+00:00,REV
SHORT,1.338630,1.344380,-0.005750,2018-06-07T14:40:00+00:00,2018-06-07T18:33:00+00:00,REV
LONG,1.344380,1.337120,-0.007260,2018-06-07T18:33:00+00:00,2018-06-08T15:39:00+00:00,REV
SHORT,1.337120,1.343960,-0.006840,2018-06-08T15:39:00+00:00,2018-06-11T10:24:00+00:00,REV
LONG,1.343960,1.335410,-0.008550,2018-06-11T10:24:00+00:00,2018-06-11T13:25:00+00:00,REV
SHORT,1.335410,1.338980,-0.003570,2018-06-11T13:25:00+00:00,2018-06-14T06:53:00+00:00,REV
LONG,1.338980,1.330800,-0.008180,2018-06-14T06:53:00+00:00,2018-06-14T17:14:00+00:00,REV
SHORT,1.330800,1.321740,0.009060,2018-06-14T17:14:00+00:00,2018-06-21T14:30:00+00:00,REV
LONG,1.321740,1.323620,0.001880,2018-06-21T14:30:00+00:00,2018-06-25T10:02:00+00:00,REV
SHORT,1.323620,1.329040,-0.005420,2018-06-25T10:02:00+00:00,2018-06-26T07:31:00+00:00,REV
LONG,1.329040,1.322070,-0.006970,2018-06-26T07:31:00+00:00,2018-06-26T12:34:00+00:00,REV
SHORT,1.322070,1.312100,0.009970,2018-06-26T12:34:00+00:00,2018-06-29T05:58:00+00:00,REV
LONG,1.312100,1.320370,0.008270,2018-06-29T05:58:00+00:00,2018-07-06T04:56:00+00:00,REV
SHORT,1.320370,1.327550,-0.007180,2018-07-06T04:56:00+00:00,2018-07-06T16:31:00+00:00,REV
LONG,1.327550,1.320280,-0.007270,2018-07-06T16:31:00+00:00,2018-07-09T18:59:00+00:00,REV
SHORT,1.320280,1.323930,-0.003650,2018-07-09T18:59:00+00:00,2018-07-16T05:05:00+00:00,REV
LONG,1.323930,1.321660,-0.002270,2018-07-16T05:05:00+00:00,2018-07-17T14:15:00+00:00,REV
SHORT,1.321660,1.308370,0.013290,2018-07-17T14:15:00+00:00,2018-07-20T16:06:00+00:00,REV
LONG,1.308370,1.308160,-0.000210,2018-07-20T16:06:00+00:00,2018-07-24T09:08:00+00:00,REV
SHORT,1.308160,1.315870,-0.007710,2018-07-24T09:08:00+00:00,2018-07-24T16:56:00+00:00,REV
LONG,1.315870,1.313270,-0.002600,2018-07-24T16:56:00+00:00,2018-07-26T17:22:00+00:00,REV
SHORT,1.313270,1.313150,0.000120,2018-07-26T17:22:00+00:00,2018-07-30T10:46:00+00:00,REV
LONG,1.313150,1.309670,-0.003480,2018-07-30T10:46:00+00:00,2018-07-31T17:52:00+00:00,REV
SHORT,1.309670,1.279180,0.030490,2018-07-31T17:52:00+00:00,2018-08-14T09:28:00+00:00,REV
LONG,1.279180,1.272980,-0.006200,2018-08-14T09:28:00+00:00,2018-08-14T19:03:00+00:00,REV
SHORT,1.272980,1.273570,-0.000590,2018-08-14T19:03:00+00:00,2018-08-16T16:45:00+00:00,REV
LONG,1.273570,1.286780,0.013210,2018-08-16T16:45:00+00:00,2018-08-23T06:22:00+00:00,REV
SHORT,1.286780,1.288130,-0.001350,2018-08-23T06:22:00+00:00,2018-08-27T16:26:00+00:00,REV
LONG,1.288130,1.286110,-0.002020,2018-08-27T16:26:00+00:00,2018-08-29T03:36:00+00:00,REV
SHORT,1.286110,1.293230,-0.007120,2018-08-29T03:36:00+00:00,2018-08-29T16:59:00+00:00,REV
LONG,1.293230,1.298500,0.005270,2018-08-29T16:59:00+00:00,2018-08-31T14:33:00+00:00,REV
SHORT,1.298500,1.287650,0.010850,2018-08-31T14:33:00+00:00,2018-09-05T16:05:00+00:00,REV
LONG,1.287650,1.290790,0.003140,2018-09-05T16:05:00+00:00,2018-09-10T06:57:00+00:00,REV
SHORT,1.290790,1.302870,-0.012080,2018-09-10T06:57:00+00:00,2018-09-10T15:59:00+00:00,REV
LONG,1.302870,1.313000,0.010130,2018-09-10T15:59:00+00:00,2018-09-21T16:05:00+00:00,REV
SHORT,1.313000,1.316760,-0.003760,2018-09-21T16:05:00+00:00,2018-09-25T14:40:00+00:00,REV
LONG,1.316760,1.313750,-0.003010,2018-09-25T14:40:00+00:00,2018-09-27T08:10:00+00:00,REV
SHORT,1.313750,1.309050,0.004700,2018-09-27T08:10:00+00:00,2018-10-01T15:41:00+00:00,REV
LONG,1.309050,1.301160,-0.007890,2018-10-01T15:41:00+00:00,2018-10-02T09:00:00+00:00,REV
SHORT,1.301160,1.302340,-0.001180,2018-10-02T09:00:00+00:00,2018-10-04T17:03:00+00:00,REV
LONG,1.302340,1.317300,0.014960,2018-10-04T17:03:00+00:00,2018-10-12T15:34:00+00:00,REV
SHORT,1.317300,1.318200,-0.000900,2018-10-12T15:34:00+00:00,2018-10-16T10:22:00+00:00,REV
LONG,1.318200,1.313700,-0.004500,2018-10-16T10:22:00+00:00,2018-10-17T11:30:00+00:00,REV
SHORT,1.313700,1.284170,0.029530,2018-10-17T11:30:00+00:00,2018-10-29T09:30:00+00:00,REV
LONG,1.284170,1.279020,-0.005150,2018-10-29T09:30:00+00:00,2018-10-30T00:00:00+00:00,REV
SHORT,1.279020,1.281310,-0.002290,2018-10-30T00:00:00+00:00,2018-10-31T18:29:00+00:00,REV
LONG,1.281310,1.307300,0.025990,2018-10-31T18:29:00+00:00,2018-11-08T21:13:00+00:00,REV
SHORT,1.307300,1.294710,0.012590,2018-11-08T21:13:00+00:00,2018-11-13T14:33:00+00:00,REV
LONG,1.294710,1.288140,-0.006570,2018-11-13T14:33:00+00:00,2018-11-15T10:54:00+00:00,REV
SHORT,1.288140,1.287780,0.000360,2018-11-15T10:54:00+00:00,2018-11-19T10:35:00+00:00,REV
LONG,1.287780,1.279360,-0.008420,2018-11-19T10:35:00+00:00,2018-11-20T19:59:00+00:00,REV
SHORT,1.279360,1.281990,-0.002630,2018-11-20T19:59:00+00:00,2018-11-22T12:12:00+00:00,REV
LONG,1.281990,1.279830,-0.002160,2018-11-22T12:12:00+00:00,2018-11-26T02:59:00+00:00,REV
SHORT,1.279830,1.282000,-0.002170,2018-11-26T02:59:00+00:00,2018-11-28T20:07:00+00:00,REV
LONG,1.282000,1.275360,-0.006640,2018-11-28T20:07:00+00:00,2018-11-30T12:02:00+00:00,REV
SHORT,1.275360,1.280960,-0.005600,2018-11-30T12:02:00+00:00,2018-12-03T09:41:00+00:00,REV
LONG,1.280960,1.273440,-0.007520,2018-12-03T09:41:00+00:00,2018-12-03T12:45:00+00:00,REV
SHORT,1.273440,1.282500,-0.009060,2018-12-03T12:45:00+00:00,2018-12-04T11:40:00+00:00,REV
LONG,1.282500,1.269840,-0.012660,2018-12-04T11:40:00+00:00,2018-12-04T19:03:00+00:00,REV
SHORT,1.269840,1.279850,-0.010010,2018-12-04T19:03:00+00:00,2018-12-06T17:26:00+00:00,REV
LONG,1.279850,1.270160,-0.009690,2018-12-06T17:26:00+00:00,2018-12-10T00:00:00+00:00,REV
SHORT,1.270160,1.263950,0.006210,2018-12-10T00:00:00+00:00,2018-12-12T16:40:00+00:00,REV
LONG,1.263950,1.260900,-0.003050,2018-12-12T16:40:00+00:00,2018-12-14T08:45:00+00:00,REV
SHORT,1.260900,1.264780,-0.003880,2018-12-14T08:45:00+00:00,2018-12-18T09:56:00+00:00,REV
LONG,1.264780,1.260990,-0.003790,2018-12-18T09:56:00+00:00,2018-12-19T15:30:00+00:00,REV
SHORT,1.260990,1.267950,-0.006960,2018-12-19T15:30:00+00:00,2018-12-20T11:13:00+00:00,REV
LONG,1.267950,1.264650,-0.003300,2018-12-20T11:13:00+00:00,2018-12-26T19:41:00+00:00,REV
SHORT,1.264650,1.267530,-0.002880,2018-12-26T19:41:00+00:00,2018-12-28T12:43:00+00:00,REV
LONG,1.267530,1.267990,0.000460,2018-12-28T12:43:00+00:00,2019-01-02T12:46:00+00:00,REV
SHORT,1.267990,1.264800,0.003190,2019-01-02T12:46:00+00:00,2019-01-04T09:13:00+00:00,REV
LONG,1.264800,1.271130,0.006330,2019-01-04T09:13:00+00:00,2019-01-08T17:14:00+00:00,REV
SHORT,1.271130,1.279780,-0.008650,2019-01-08T17:14:00+00:00,2019-01-09T17:14:00+00:00,REV
LONG,1.279780,1.272780,-0.007000,2019-01-09T17:14:00+00:00,2019-01-11T11:05:00+00:00,REV
SHORT,1.272780,1.280160,-0.007380,2019-01-11T11:05:00+00:00,2019-01-11T12:53:00+00:00,REV
LONG,1.280160,1.281870,0.001710,2019-01-11T12:53:00+00:00,2019-01-15T17:21:00+00:00,REV
SHORT,1.281870,1.289790,-0.007920,2019-01-15T17:21:00+00:00,2019-01-17T13:28:00+00:00,REV
LONG,1.289790,1.285670,-0.004120,2019-01-17T13:28:00+00:00,2019-01-21T01:58:00+00:00,REV
SHORT,1.285670,1.291130,-0.005460,2019-01-21T01:58:00+00:00,2019-01-22T11:41:00+00:00,REV
LONG,1.291130,1.313670,0.022540,2019-01-22T11:41:00+00:00,2019-01-29T09:42:00+00:00,REV
SHORT,1.313670,1.314590,-0.000920,2019-01-29T09:42:00+00:00,2019-01-31T09:27:00+00:00,REV
LONG,1.314590,1.309720,-0.004870,2019-01-31T09:27:00+00:00,2019-02-01T03:37:00+00:00,REV
SHORT,1.309720,1.297990,0.011730,2019-02-01T03:37:00+00:00,2019-02-07T16:09:00+00:00,REV
LONG,1.297990,1.292110,-0.005880,2019-02-07T16:09:00+00:00,2019-02-11T09:38:00+00:00,REV
SHORT,1.292110,1.291000,0.001110,2019-02-11T09:38:00+00:00,2019-02-13T07:47:00+00:00,REV
LONG,1.291000,1.284480,-0.006520,2019-02-13T07:47:00+00:00,2019-02-14T00:48:00+00:00,REV
SHORT,1.284480,1.287820,-0.003340,2019-02-14T00:48:00+00:00,2019-02-15T19:18:00+00:00,REV
LONG,1.287820,1.302520,0.014700,2019-02-15T19:18:00+00:00,2019-02-22T00:01:00+00:00,REV
SHORT,1.302520,1.308070,-0.005550,2019-02-22T00:01:00+00:00,2019-02-25T09:58:00+00:00,REV
LONG,1.308070,1.325310,0.017240,2019-02-25T09:58:00+00:00,2019-03-01T03:01:00+00:00,REV
SHORT,1.325310,1.318170,0.007140,2019-03-01T03:01:00+00:00,2019-03-07T01:46:00+00:00,REV
LONG,1.318170,1.312370,-0.005800,2019-03-07T01:46:00+00:00,2019-03-07T14:31:00+00:00,REV
SHORT,1.312370,1.298930,0.013440,2019-03-07T14:31:00+00:00,2019-03-11T00:01:00+00:00,REV
LONG,1.298930,1.296080,-0.002850,2019-03-11T00:01:00+00:00,2019-03-11T02:56:00+00:00,REV
SHORT,1.296080,1.319160,-0.023080,2019-03-11T02:56:00+00:00,2019-03-12T00:01:00+00:00,REV
LONG,1.319160,1.320710,0.001550,2019-03-12T00:01:00+00:00,2019-03-15T09:47:00+00:00,REV
SHORT,1.320710,1.329800,-0.009090,2019-03-15T09:47:00+00:00,2019-03-18T00:00:00+00:00,REV
LONG,1.329800,1.329070,-0.000730,2019-03-18T00:00:00+00:00,2019-03-18T01:09:00+00:00,REV
SHORT,1.329070,1.330070,-0.001000,2019-03-18T01:09:00+00:00,2019-03-19T13:03:00+00:00,REV
LONG,1.330070,1.324060,-0.006010,2019-03-19T13:03:00+00:00,2019-03-20T09:33:00+00:00,REV
SHORT,1.324060,1.321630,0.002430,2019-03-20T09:33:00+00:00,2019-03-25T00:01:00+00:00,REV
LONG,1.321630,1.317670,-0.003960,2019-03-25T00:01:00+00:00,2019-03-25T08:38:00+00:00,REV
SHORT,1.317670,1.324640,-0.006970,2019-03-25T08:38:00+00:00,2019-03-26T12:30:00+00:00,REV
LONG,1.324640,1.315700,-0.008940,2019-03-26T12:30:00+00:00,2019-03-27T23:59:00+00:00,REV
SHORT,1.315700,1.313610,0.002090,2019-03-27T23:59:00+00:00,2019-04-01T17:55:00+00:00,REV
LONG,1.313610,1.312070,-0.001540,2019-04-01T17:55:00+00:00,2019-04-04T16:05:00+00:00,REV
SHORT,1.312070,1.307470,0.004600,2019-04-04T16:05:00+00:00,2019-04-09T05:01:00+00:00,REV
LONG,1.307470,1.306910,-0.000560,2019-04-09T05:01:00+00:00,2019-04-16T15:28:00+00:00,REV
SHORT,1.306910,1.299840,0.007070,2019-04-16T15:28:00+00:00,2019-04-23T11:20:00+00:00,REV
LONG,1.299840,1.297500,-0.002340,2019-04-23T11:20:00+00:00,2019-04-23T15:59:00+00:00,REV
SHORT,1.297500,1.291710,0.005790,2019-04-23T15:59:00+00:00,2019-04-26T09:57:00+00:00,REV
LONG,1.291710,1.302640,0.010930,2019-04-26T09:57:00+00:00,2019-05-02T14:03:00+00:00,REV
SHORT,1.302640,1.308090,-0.005450,2019-05-02T14:03:00+00:00,2019-05-03T17:28:00+00:00,REV
LONG,1.308090,1.308100,0.000010,2019-05-03T17:28:00+00:00,2019-05-07T13:31:00+00:00,REV
SHORT,1.308100,1.303630,0.004470,2019-05-07T13:31:00+00:00,2019-05-10T17:34:00+00:00,REV
LONG,1.303630,1.299080,-0.004550,2019-05-10T17:34:00+00:00,2019-05-13T17:54:00+00:00,REV
SHORT,1.299080,1.275790,0.023290,2019-05-13T17:54:00+00:00,2019-05-21T17:55:00+00:00,REV
LONG,1.275790,1.271440,-0.004350,2019-05-21T17:55:00+00:00,2019-05-21T21:04:00+00:00,REV
SHORT,1.271440,1.268440,0.003000,2019-05-21T21:04:00+00:00,2019-05-24T09:26:00+00:00,REV
LONG,1.268440,1.266700,-0.001740,2019-05-24T09:26:00+00:00,2019-05-28T10:02:00+00:00,REV
SHORT,1.266700,1.264090,0.002610,2019-05-28T10:02:00+00:00,2019-05-31T22:48:00+00:00,REV
LONG,1.264090,1.268010,0.003920,2019-05-31T22:48:00+00:00,2019-06-06T00:05:00+00:00,REV
SHORT,1.268010,1.274270,-0.006260,2019-06-06T00:05:00+00:00,2019-06-07T15:36:00+00:00,REV
LONG,1.274270,1.268780,-0.005490,2019-06-07T15:36:00+00:00,2019-06-10T11:35:00+00:00,REV
SHORT,1.268780,1.273270,-0.004490,2019-06-10T11:35:00+00:00,2019-06-12T10:09:00+00:00,REV
LONG,1.273270,1.268110,-0.005160,2019-06-12T10:09:00+00:00,2019-06-13T09:40:00+00:00,REV
SHORT,1.268110,1.256510,0.011600,2019-06-13T09:40:00+00:00,2019-06-19T02:26:00+00:00,REV
LONG,1.256510,1.270770,0.014260,2019-06-19T02:26:00+00:00,2019-06-25T19:36:00+00:00,REV
SHORT,1.270770,1.270790,-0.000020,2019-06-25T19:36:00+00:00,2019-06-27T12:46:00+00:00,REV
LONG,1.270790,1.266220,-0.004570,2019-06-27T12:46:00+00:00,2019-06-27T21:59:00+00:00,REV
SHORT,1.266220,1.272550,-0.006330,2019-06-27T21:59:00+00:00,2019-06-28T17:36:00+00:00,REV
LONG,1.272550,1.265960,-0.006590,2019-06-28T17:36:00+00:00,2019-07-01T10:55:00+00:00,REV
SHORT,1.265960,1.252140,0.013820,2019-07-01T10:55:00+00:00,2019-07-11T05:52:00+00:00,REV
LONG,1.252140,1.251450,-0.000690,2019-07-11T05:52:00+00:00,2019-07-15T17:58:00+00:00,REV
SHORT,1.251450,1.245700,0.005750,2019-07-15T17:58:00+00:00,2019-07-18T10:19:00+00:00,REV
LONG,1.245700,1.247460,0.001760,2019-07-18T10:19:00+00:00,2019-07-22T00:06:00+00:00,REV
SHORT,1.247460,1.248230,-0.000770,2019-07-22T00:06:00+00:00,2019-07-24T12:07:00+00:00,REV
LONG,1.248230,1.243650,-0.004580,2019-07-24T12:07:00+00:00,2019-07-26T09:07:00+00:00,REV
SHORT,1.243650,1.222620,0.021030,2019-07-26T09:07:00+00:00,2019-07-31T16:44:00+00:00,REV
LONG,1.222620,1.213340,-0.009280,2019-07-31T16:44:00+00:00,2019-08-01T03:17:00+00:00,REV
SHORT,1.213340,1.217000,-0.003660,2019-08-01T03:17:00+00:00,2019-08-05T03:33:00+00:00,REV
LONG,1.217000,1.213530,-0.003470,2019-08-05T03:33:00+00:00,2019-08-07T12:23:00+00:00,REV
SHORT,1.213530,1.209830,0.003700,2019-08-07T12:23:00+00:00,2019-08-14T14:02:00+00:00,REV
LONG,1.209830,1.210440,0.000610,2019-08-14T14:02:00+00:00,2019-08-20T09:56:00+00:00,REV
SHORT,1.210440,1.217330,-0.006890,2019-08-20T09:56:00+00:00,2019-08-20T16:57:00+00:00,REV
LONG,1.217330,1.211200,-0.006130,2019-08-20T16:57:00+00:00,2019-08-22T10:10:00+00:00,REV
SHORT,1.211200,1.217560,-0.006360,2019-08-22T10:10:00+00:00,2019-08-22T14:22:00+00:00,REV
LONG,1.217560,1.220850,0.003290,2019-08-22T14:22:00+00:00,2019-08-28T11:31:00+00:00,REV
SHORT,1.220850,1.210600,0.010250,2019-08-28T11:31:00+00:00,2019-09-04T05:46:00+00:00,REV
LONG,1.210600,1.227030,0.016430,2019-09-04T05:46:00+00:00,2019-09-09T00:00:00+00:00,REV
SHORT,1.227030,1.234390,-0.007360,2019-09-09T00:00:00+00:00,2019-09-09T12:15:00+00:00,REV
LONG,1.234390,1.231210,-0.003180,2019-09-09T12:15:00+00:00,2019-09-12T14:52:00+00:00,REV
SHORT,1.231210,1.236710,-0.005500,2019-09-12T14:52:00+00:00,2019-09-13T09:31:00+00:00,REV
LONG,1.236710,1.239880,0.003170,2019-09-13T09:31:00+00:00,2019-09-17T10:46:00+00:00,REV
SHORT,1.239880,1.250450,-0.010570,2019-09-17T10:46:00+00:00,2019-09-17T19:58:00+00:00,REV
LONG,1.250450,1.243880,-0.006570,2019-09-17T19:58:00+00:00,2019-09-19T14:19:00+00:00,REV
SHORT,1.243880,1.251280,-0.007400,2019-09-19T14:19:00+00:00,2019-09-19T20:02:00+00:00,REV
LONG,1.251280,1.245920,-0.005360,2019-09-19T20:02:00+00:00,2019-09-23T09:32:00+00:00,REV
SHORT,1.245920,1.249110,-0.003190,2019-09-23T09:32:00+00:00,2019-09-24T16:01:00+00:00,REV
LONG,1.249110,1.241390,-0.007720,2019-09-24T16:01:00+00:00,2019-09-25T13:59:00+00:00,REV
SHORT,1.241390,1.233700,0.007690,2019-09-25T13:59:00+00:00,2019-09-30T17:48:00+00:00,REV
LONG,1.233700,1.227540,-0.006160,2019-09-30T17:48:00+00:00,2019-10-01T09:21:00+00:00,REV
SHORT,1.227540,1.232490,-0.004950,2019-10-01T09:21:00+00:00,2019-10-03T14:56:00+00:00,REV
LONG,1.232490,1.228680,-0.003810,2019-10-03T14:56:00+00:00,2019-10-08T00:00:00+00:00,REV
SHORT,1.228680,1.229210,-0.000530,2019-10-08T00:00:00+00:00,2019-10-10T17:29:00+00:00,REV
LONG,1.229210,1.287420,0.058210,2019-10-10T17:29:00+00:00,2019-10-22T22:04:00+00:00,REV
SHORT,1.287420,1.292220,-0.004800,2019-10-22T22:04:00+00:00,2019-10-24T05:01:00+00:00,REV
LONG,1.292220,1.284070,-0.008150,2019-10-24T05:01:00+00:00,2019-10-24T18:01:00+00:00,REV
SHORT,1.284070,1.283160,0.000910,2019-10-24T18:01:00+00:00,2019-10-28T00:03:00+00:00,REV
LONG,1.283160,1.281070,-0.002090,2019-10-28T00:03:00+00:00,2019-10-28T04:34:00+00:00,REV
SHORT,1.281070,1.287690,-0.006620,2019-10-28T04:34:00+00:00,2019-10-29T15:50:00+00:00,REV
LONG,1.287690,1.292600,0.004910,2019-10-29T15:50:00+00:00,2019-11-04T11:26:00+00:00,REV
SHORT,1.292600,1.282340,0.010260,2019-11-04T11:26:00+00:00,2019-11-11T13:04:00+00:00,REV
LONG,1.282340,1.291010,0.008670,2019-11-11T13:04:00+00:00,2019-11-20T03:29:00+00:00,REV
SHORT,1.291010,1.293090,-0.002080,2019-11-20T03:29:00+00:00,2019-11-21T04:21:00+00:00,REV
LONG,1.293090,1.289290,-0.003800,2019-11-21T04:21:00+00:00,2019-11-22T11:14:00+00:00,REV
SHORT,1.289290,1.290390,-0.001100,2019-11-22T11:14:00+00:00,2019-11-27T20:04:00+00:00,REV
LONG,1.290390,1.289910,-0.000480,2019-11-27T20:04:00+00:00,2019-11-29T11:33:00+00:00,REV
SHORT,1.289910,1.294270,-0.004360,2019-11-29T11:33:00+00:00,2019-12-02T19:31:00+00:00,REV
LONG,1.294270,1.310160,0.015890,2019-12-02T19:31:00+00:00,2019-12-06T18:08:00+00:00,REV
SHORT,1.310160,1.316580,-0.006420,2019-12-06T18:08:00+00:00,2019-12-09T08:23:00+00:00,REV
LONG,1.316580,1.313270,-0.003310,2019-12-09T08:23:00+00:00,2019-12-10T10:07:00+00:00,REV
SHORT,1.313270,1.318120,-0.004850,2019-12-10T10:07:00+00:00,2019-12-10T13:09:00+00:00,REV
LONG,1.318120,1.313220,-0.004900,2019-12-10T13:09:00+00:00,2019-12-11T00:03:00+00:00,REV
SHORT,1.313220,1.321440,-0.008220,2019-12-11T00:03:00+00:00,2019-12-12T03:57:00+00:00,REV
LONG,1.321440,1.310670,-0.010770,2019-12-12T03:57:00+00:00,2019-12-12T19:58:00+00:00,REV
SHORT,1.310670,1.322980,-0.012310,2019-12-12T19:58:00+00:00,2019-12-13T00:00:00+00:00,REV
LONG,1.322980,1.332090,0.009110,2019-12-13T00:00:00+00:00,2019-12-17T00:45:00+00:00,REV
SHORT,1.332090,1.296210,0.035880,2019-12-17T00:45:00+00:00,2019-12-26T00:23:00+00:00,REV
LONG,1.296210,1.311520,0.015310,2019-12-26T00:23:00+00:00,2020-01-03T08:02:00+00:00,REV
SHORT,1.311520,1.316080,-0.004560,2020-01-03T08:02:00+00:00,2020-01-06T12:16:00+00:00,REV
LONG,1.316080,1.309480,-0.006600,2020-01-06T12:16:00+00:00,2020-01-08T12:01:00+00:00,REV
SHORT,1.309480,1.303370,0.006110,2020-01-08T12:01:00+00:00,2020-01-15T07:55:00+00:00,REV
LONG,1.303370,1.302520,-0.000850,2020-01-15T07:55:00+00:00,2020-01-17T17:15:00+00:00,REV
SHORT,1.302520,1.301400,0.001120,2020-01-17T17:15:00+00:00,2020-01-21T05:51:00+00:00,REV
LONG,1.301400,1.309660,0.008260,2020-01-21T05:51:00+00:00,2020-01-24T11:58:00+00:00,REV
SHORT,1.309660,1.302900,0.006760,2020-01-24T11:58:00+00:00,2020-01-30T13:25:00+00:00,REV
LONG,1.302900,1.307750,0.004850,2020-01-30T13:25:00+00:00,2020-02-03T12:00:00+00:00,REV
SHORT,1.307750,1.304720,0.003030,2020-02-03T12:00:00+00:00,2020-02-05T10:08:00+00:00,REV
LONG,1.304720,1.295600,-0.009120,2020-02-05T10:08:00+00:00,2020-02-06T13:31:00+00:00,REV
SHORT,1.295600,1.294670,0.000930,2020-02-06T13:31:00+00:00,2020-02-11T16:05:00+00:00,REV
LONG,1.294670,1.300090,0.005420,2020-02-11T16:05:00+00:00,2020-02-17T21:29:00+00:00,REV
SHORT,1.300090,1.292890,0.007200,2020-02-17T21:29:00+00:00,2020-02-21T13:26:00+00:00,REV
LONG,1.292890,1.291400,-0.001490,2020-02-21T13:26:00+00:00,2020-02-26T14:45:00+00:00,REV
SHORT,1.291400,1.284460,0.006940,2020-02-26T14:45:00+00:00,2020-03-04T18:54:00+00:00,REV
LONG,1.284460,1.306910,0.022450,2020-03-04T18:54:00+00:00,2020-03-09T02:54:00+00:00,REV
SHORT,1.306910,1.308800,-0.001890,2020-03-09T02:54:00+00:00,2020-03-09T03:18:00+00:00,REV
LONG,1.308800,1.303420,-0.005380,2020-03-09T03:18:00+00:00,2020-03-10T07:56:00+00:00,REV
SHORT,1.303420,1.179380,0.124040,2020-03-10T07:56:00+00:00,2020-03-20T09:28:00+00:00,REV
LONG,1.179380,1.162990,-0.016390,2020-03-20T09:28:00+00:00,2020-03-23T00:06:00+00:00,REV
SHORT,1.162990,1.168000,-0.005010,2020-03-23T00:06:00+00:00,2020-03-23T07:29:00+00:00,REV
LONG,1.168000,1.231660,0.063660,2020-03-23T07:29:00+00:00,2020-03-31T03:54:00+00:00,REV
SHORT,1.231660,1.246640,-0.014980,2020-03-31T03:54:00+00:00,2020-03-31T18:16:00+00:00,REV
LONG,1.246640,1.234820,-0.011820,2020-03-31T18:16:00+00:00,2020-04-03T10:15:00+00:00,REV
SHORT,1.234820,1.232770,0.002050,2020-04-03T10:15:00+00:00,2020-04-07T10:11:00+00:00,REV
LONG,1.232770,1.249450,0.016680,2020-04-07T10:11:00+00:00,2020-04-15T13:37:00+00:00,REV
SHORT,1.249450,1.238640,0.010810,2020-04-15T13:37:00+00:00,2020-04-23T17:23:00+00:00,REV
LONG,1.238640,1.230760,-0.007880,2020-04-23T17:23:00+00:00,2020-04-24T10:15:00+00:00,REV
SHORT,1.230760,1.237770,-0.007010,2020-04-24T10:15:00+00:00,2020-04-27T04:00:00+00:00,REV
LONG,1.237770,1.240340,0.002570,2020-04-27T04:00:00+00:00,2020-04-29T13:57:00+00:00,REV
SHORT,1.240340,1.248590,-0.008250,2020-04-29T13:57:00+00:00,2020-04-30T12:24:00+00:00,REV
LONG,1.248590,1.248280,-0.000310,2020-04-30T12:24:00+00:00,2020-05-04T00:08:00+00:00,REV
SHORT,1.248280,1.241890,0.006390,2020-05-04T00:08:00+00:00,2020-05-08T17:24:00+00:00,REV
LONG,1.241890,1.235000,-0.006890,2020-05-08T17:24:00+00:00,2020-05-11T11:34:00+00:00,REV
SHORT,1.235000,1.222790,0.012210,2020-05-11T11:34:00+00:00,2020-05-19T09:10:00+00:00,REV
LONG,1.222790,1.222100,-0.000690,2020-05-19T09:10:00+00:00,2020-05-21T03:07:00+00:00,REV
SHORT,1.222100,1.220400,0.001700,2020-05-21T03:07:00+00:00,2020-05-26T03:15:00+00:00,REV
LONG,1.220400,1.254470,0.034070,2020-05-26T03:15:00+00:00,2020-06-04T03:39:00+00:00,REV
SHORT,1.254470,1.261570,-0.007100,2020-06-04T03:39:00+00:00,2020-06-04T18:05:00+00:00,REV
LONG,1.261570,1.262760,0.001190,2020-06-04T18:05:00+00:00,2020-06-09T11:32:00+00:00,REV
SHORT,1.262760,1.273650,-0.010890,2020-06-09T11:32:00+00:00,2020-06-09T18:20:00+00:00,REV
LONG,1.273650,1.270590,-0.003060,2020-06-09T18:20:00+00:00,2020-06-11T06:46:00+00:00,REV
SHORT,1.270590,1.260760,0.009830,2020-06-11T06:46:00+00:00,2020-06-16T00:23:00+00:00,REV
LONG,1.260760,1.255230,-0.005530,2020-06-16T00:23:00+00:00,2020-06-17T03:31:00+00:00,REV
SHORT,1.255230,1.245640,0.009590,2020-06-17T03:31:00+00:00,2020-06-22T17:46:00+00:00,REV
LONG,1.245640,1.243170,-0.002470,2020-06-22T17:46:00+00:00,2020-06-24T18:10:00+00:00,REV
SHORT,1.243170,1.239000,0.004170,2020-06-24T18:10:00+00:00,2020-06-30T18:22:00+00:00,REV
LONG,1.239000,1.245600,0.006600,2020-06-30T18:22:00+00:00,2020-07-03T10:32:00+00:00,REV
SHORT,1.245600,1.248870,-0.003270,2020-07-03T10:32:00+00:00,2020-07-06T03:06:00+00:00,REV
LONG,1.248870,1.259620,0.010750,2020-07-06T03:06:00+00:00,2020-07-10T03:45:00+00:00,REV
SHORT,1.259620,1.266460,-0.006840,2020-07-10T03:45:00+00:00,2020-07-13T08:25:00+00:00,REV
LONG,1.266460,1.256660,-0.009800,2020-07-13T08:25:00+00:00,2020-07-13T22:06:00+00:00,REV
SHORT,1.256660,1.256410,0.000250,2020-07-13T22:06:00+00:00,2020-07-15T01:01:00+00:00,REV
LONG,1.256410,1.254820,-0.001590,2020-07-15T01:01:00+00:00,2020-07-16T08:22:00+00:00,REV
SHORT,1.254820,1.257500,-0.002680,2020-07-16T08:22:00+00:00,2020-07-20T10:53:00+00:00,REV
LONG,1.257500,1.264900,0.007400,2020-07-20T10:53:00+00:00,2020-07-22T11:34:00+00:00,REV
SHORT,1.264900,1.274430,-0.009530,2020-07-22T11:34:00+00:00,2020-07-23T07:28:00+00:00,REV
LONG,1.274430,1.307010,0.032580,2020-07-23T07:28:00+00:00,2020-08-03T00:36:00+00:00,REV
SHORT,1.307010,1.310860,-0.003850,2020-08-03T00:36:00+00:00,2020-08-05T10:23:00+00:00,REV
LONG,1.310860,1.311100,0.000240,2020-08-05T10:23:00+00:00,2020-08-07T05:57:00+00:00,REV
SHORT,1.311100,1.310390,0.000710,2020-08-07T05:57:00+00:00,2020-08-11T13:07:00+00:00,REV
LONG,1.310390,1.304120,-0.006270,2020-08-11T13:07:00+00:00,2020-08-12T03:39:00+00:00,REV
SHORT,1.304120,1.306820,-0.002700,2020-08-12T03:39:00+00:00,2020-08-13T04:08:00+00:00,REV
LONG,1.306820,1.309330,0.002510,2020-08-13T04:08:00+00:00,2020-08-20T00:03:00+00:00,REV
SHORT,1.309330,1.322510,-0.013180,2020-08-20T00:03:00+00:00,2020-08-21T01:24:00+00:00,REV
LONG,1.322510,1.306410,-0.016100,2020-08-21T01:24:00+00:00,2020-08-21T18:04:00+00:00,REV
SHORT,1.306410,1.314970,-0.008560,2020-08-21T18:04:00+00:00,2020-08-25T16:06:00+00:00,REV
LONG,1.314970,1.335600,0.020630,2020-08-25T16:06:00+00:00,2020-09-02T10:06:00+00:00,REV
SHORT,1.335600,1.302390,0.033210,2020-09-02T10:06:00+00:00,2020-09-10T09:19:00+00:00,REV
LONG,1.302390,1.288450,-0.013940,2020-09-10T09:19:00+00:00,2020-09-10T17:54:00+00:00,REV
SHORT,1.288450,1.286620,0.001830,2020-09-10T17:54:00+00:00,2020-09-14T13:12:00+00:00,REV
LONG,1.286620,1.287480,0.000860,2020-09-14T13:12:00+00:00,2020-09-17T15:06:00+00:00,REV
SHORT,1.287480,1.299940,-0.012460,2020-09-17T15:06:00+00:00,2020-09-18T12:49:00+00:00,REV
LONG,1.299940,1.290890,-0.009050,2020-09-18T12:49:00+00:00,2020-09-21T00:11:00+00:00,REV
SHORT,1.290890,1.277760,0.013130,2020-09-21T00:11:00+00:00,2020-09-24T13:11:00+00:00,REV
LONG,1.277760,1.269030,-0.008730,2020-09-24T13:11:00+00:00,2020-09-25T17:12:00+00:00,REV
SHORT,1.269030,1.280620,-0.011590,2020-09-25T17:12:00+00:00,2020-09-28T11:27:00+00:00,REV
LONG,1.280620,1.282220,0.001600,2020-09-28T11:27:00+00:00,2020-09-30T09:11:00+00:00,REV
SHORT,1.282220,1.290340,-0.008120,2020-09-30T09:11:00+00:00,2020-09-30T17:17:00+00:00,REV
LONG,1.290340,1.289940,-0.000400,2020-09-30T17:17:00+00:00,2020-10-06T21:55:00+00:00,REV
SHORT,1.289940,1.293010,-0.003070,2020-10-06T21:55:00+00:00,2020-10-08T04:57:00+00:00,REV
LONG,1.293010,1.300510,0.007500,2020-10-08T04:57:00+00:00,2020-10-13T16:18:00+00:00,REV
SHORT,1.300510,1.296270,0.004240,2020-10-13T16:18:00+00:00,2020-10-19T10:02:00+00:00,REV
LONG,1.296270,1.307020,0.010750,2020-10-19T10:02:00+00:00,2020-10-23T03:09:00+00:00,REV
SHORT,1.307020,1.305760,0.001260,2020-10-23T03:09:00+00:00,2020-10-26T00:32:00+00:00,REV
LONG,1.305760,1.302410,-0.003350,2020-10-26T00:32:00+00:00,2020-10-26T05:51:00+00:00,REV
SHORT,1.302410,1.307530,-0.005120,2020-10-26T05:51:00+00:00,2020-10-27T17:53:00+00:00,REV
LONG,1.307530,1.300080,-0.007450,2020-10-27T17:53:00+00:00,2020-10-28T10:16:00+00:00,REV
SHORT,1.300080,1.294320,0.005760,2020-10-28T10:16:00+00:00,2020-11-03T09:50:00+00:00,REV
LONG,1.294320,1.319080,0.024760,2020-11-03T09:50:00+00:00,2020-11-12T08:23:00+00:00,REV
SHORT,1.319080,1.320040,-0.000960,2020-11-12T08:23:00+00:00,2020-11-16T01:28:00+00:00,REV
LONG,1.320040,1.324350,0.004310,2020-11-16T01:28:00+00:00,2020-11-19T02:00:00+00:00,REV
SHORT,1.324350,1.327950,-0.003600,2020-11-19T02:00:00+00:00,2020-11-20T07:42:00+00:00,REV
LONG,1.327950,1.332170,0.004220,2020-11-20T07:42:00+00:00,2020-11-27T12:58:00+00:00,REV
SHORT,1.332170,1.334480,-0.002310,2020-11-27T12:58:00+00:00,2020-12-01T02:44:00+00:00,REV
LONG,1.334480,1.331530,-0.002950,2020-12-01T02:44:00+00:00,2020-12-02T14:12:00+00:00,REV
SHORT,1.331530,1.344170,-0.012640,2020-12-02T14:12:00+00:00,2020-12-03T13:33:00+00:00,REV
LONG,1.344170,1.340920,-0.003250,2020-12-03T13:33:00+00:00,2020-12-07T00:00:00+00:00,REV
SHORT,1.340920,1.339400,0.001520,2020-12-07T00:00:00+00:00,2020-12-09T08:24:00+00:00,REV
LONG,1.339400,1.335190,-0.004210,2020-12-09T08:24:00+00:00,2020-12-10T00:21:00+00:00,REV
SHORT,1.335190,1.336110,-0.000920,2020-12-10T00:21:00+00:00,2020-12-14T00:00:00+00:00,REV
LONG,1.336110,1.328970,-0.007140,2020-12-14T00:00:00+00:00,2020-12-15T10:41:00+00:00,REV
SHORT,1.328970,1.344590,-0.015620,2020-12-15T10:41:00+00:00,2020-12-15T18:08:00+00:00,REV
LONG,1.344590,1.349480,0.004890,2020-12-15T18:08:00+00:00,2020-12-18T11:46:00+00:00,REV
SHORT,1.349480,1.347000,0.002480,2020-12-18T11:46:00+00:00,2020-12-23T15:53:00+00:00,REV
LONG,1.347000,1.353000,0.006000,2020-12-23T15:53:00+00:00,2020-12-28T02:55:00+00:00,REV
SHORT,1.353000,1.352320,0.000680,2020-12-28T02:55:00+00:00,2020-12-30T03:10:00+00:00,REV
LONG,1.352320,1.360370,0.008050,2020-12-30T03:10:00+00:00,2021-01-04T16:58:00+00:00,REV
SHORT,1.360370,1.364250,-0.003880,2021-01-04T16:58:00+00:00,2021-01-06T02:50:00+00:00,REV
LONG,1.364250,1.355400,-0.008850,2021-01-06T02:50:00+00:00,2021-01-06T16:04:00+00:00,REV
SHORT,1.355400,1.363380,-0.007980,2021-01-06T16:04:00+00:00,2021-01-08T16:26:00+00:00,REV
LONG,1.363380,1.353780,-0.009600,2021-01-08T16:26:00+00:00,2021-01-11T01:07:00+00:00,REV
SHORT,1.353780,1.357050,-0.003270,2021-01-11T01:07:00+00:00,2021-01-12T11:19:00+00:00,REV
LONG,1.357050,1.361600,0.004550,2021-01-12T11:19:00+00:00,2021-01-15T14:31:00+00:00,REV
SHORT,1.361600,1.360040,0.001560,2021-01-15T14:31:00+00:00,2021-01-19T03:22:00+00:00,REV
LONG,1.360040,1.364630,0.004590,2021-01-19T03:22:00+00:00,2021-01-22T15:16:00+00:00,REV
SHORT,1.364630,1.372400,-0.007770,2021-01-22T15:16:00+00:00,2021-01-26T16:53:00+00:00,REV
LONG,1.372400,1.365880,-0.006520,2021-01-26T16:53:00+00:00,2021-01-28T02:28:00+00:00,REV
SHORT,1.365880,1.374650,-0.008770,2021-01-28T02:28:00+00:00,2021-01-29T15:38:00+00:00,REV
LONG,1.374650,1.365700,-0.008950,2021-01-29T15:38:00+00:00,2021-02-01T17:54:00+00:00,REV
SHORT,1.365700,1.368400,-0.002700,2021-02-01T17:54:00+00:00,2021-02-04T15:36:00+00:00,REV
LONG,1.368400,1.380230,0.011830,2021-02-04T15:36:00+00:00,2021-02-11T19:27:00+00:00,REV
SHORT,1.380230,1.386010,-0.005780,2021-02-11T19:27:00+00:00,2021-02-12T19:21:00+00:00,REV
LONG,1.386010,1.386900,0.000890,2021-02-12T19:21:00+00:00,2021-02-17T02:50:00+00:00,REV
SHORT,1.386900,1.390850,-0.003950,2021-02-17T02:50:00+00:00,2021-02-18T10:44:00+00:00,REV
LONG,1.390850,1.408190,0.017340,2021-02-18T10:44:00+00:00,2021-02-25T19:29:00+00:00,REV
SHORT,1.408190,1.397760,0.010430,2021-02-25T19:29:00+00:00,2021-03-03T09:23:00+00:00,REV
LONG,1.397760,1.392070,-0.005690,2021-03-03T09:23:00+00:00,2021-03-04T11:22:00+00:00,REV
SHORT,1.392070,1.400690,-0.008620,2021-03-04T11:22:00+00:00,2021-03-04T18:41:00+00:00,REV
LONG,1.400690,1.388010,-0.012680,2021-03-04T18:41:00+00:00,2021-03-05T03:03:00+00:00,REV
SHORT,1.388010,1.386620,0.001390,2021-03-05T03:03:00+00:00,2021-03-09T09:29:00+00:00,REV
LONG,1.386620,1.391860,0.005240,2021-03-09T09:29:00+00:00,2021-03-12T11:43:00+00:00,REV
SHORT,1.391860,1.392150,-0.000290,2021-03-12T11:43:00+00:00,2021-03-15T00:00:00+00:00,REV
LONG,1.392150,1.391220,-0.000930,2021-03-15T00:00:00+00:00,2021-03-15T07:30:00+00:00,REV
SHORT,1.391220,1.390670,0.000550,2021-03-15T07:30:00+00:00,2021-03-17T08:59:00+00:00,REV
LONG,1.390670,1.389710,-0.000960,2021-03-17T08:59:00+00:00,2021-03-19T03:22:00+00:00,REV
SHORT,1.389710,1.384780,0.004930,2021-03-19T03:22:00+00:00,2021-03-22T00:32:00+00:00,REV
LONG,1.384780,1.383330,-0.001450,2021-03-22T00:32:00+00:00,2021-03-22T01:52:00+00:00,REV
SHORT,1.383330,1.374600,0.008730,2021-03-22T01:52:00+00:00,2021-03-26T01:31:00+00:00,REV
LONG,1.374600,1.375510,0.000910,2021-03-26T01:31:00+00:00,2021-03-30T09:58:00+00:00,REV
SHORT,1.375510,1.378390,-0.002880,2021-03-30T09:58:00+00:00,2021-03-31T11:59:00+00:00,REV
LONG,1.378390,1.381260,0.002870,2021-03-31T11:59:00+00:00,2021-04-06T20:02:00+00:00,REV
SHORT,1.381260,1.375110,0.006150,2021-04-06T20:02:00+00:00,2021-04-12T12:20:00+00:00,REV
LONG,1.375110,1.376120,0.001010,2021-04-12T12:20:00+00:00,2021-04-16T04:05:00+00:00,REV
SHORT,1.376120,1.380960,-0.004840,2021-04-16T04:05:00+00:00,2021-04-16T15:08:00+00:00,REV
LONG,1.380960,1.392600,0.011640,2021-04-16T15:08:00+00:00,2021-04-21T05:41:00+00:00,REV
SHORT,1.392600,1.395020,-0.002420,2021-04-21T05:41:00+00:00,2021-04-22T06:04:00+00:00,REV
LONG,1.395020,1.388530,-0.006490,2021-04-22T06:04:00+00:00,2021-04-22T15:01:00+00:00,REV
SHORT,1.388530,1.389600,-0.001070,2021-04-22T15:01:00+00:00,2021-04-26T04:10:00+00:00,REV
LONG,1.389600,1.386420,-0.003180,2021-04-26T04:10:00+00:00,2021-04-27T11:51:00+00:00,REV
SHORT,1.386420,1.392470,-0.006050,2021-04-27T11:51:00+00:00,2021-04-28T21:35:00+00:00,REV
LONG,1.392470,1.393060,0.000590,2021-04-28T21:35:00+00:00,2021-04-30T10:00:00+00:00,REV
SHORT,1.393060,1.391410,0.001650,2021-04-30T10:00:00+00:00,2021-05-05T06:23:00+00:00,REV
LONG,1.391410,1.387590,-0.003820,2021-05-05T06:23:00+00:00,2021-05-06T14:00:00+00:00,REV
SHORT,1.387590,1.392680,-0.005090,2021-05-06T14:00:00+00:00,2021-05-06T14:09:00+00:00,REV
LONG,1.392680,1.410360,0.017680,2021-05-06T14:09:00+00:00,2021-05-12T15:30:00+00:00,REV
SHORT,1.410360,1.407860,0.002500,2021-05-12T15:30:00+00:00,2021-05-14T13:54:00+00:00,REV
LONG,1.407860,1.412750,0.004890,2021-05-14T13:54:00+00:00,2021-05-19T21:06:00+00:00,REV
SHORT,1.412750,1.419300,-0.006550,2021-05-19T21:06:00+00:00,2021-05-21T00:43:00+00:00,REV
LONG,1.419300,1.414010,-0.005290,2021-05-21T00:43:00+00:00,2021-05-24T01:17:00+00:00,REV
SHORT,1.414010,1.417220,-0.003210,2021-05-24T01:17:00+00:00,2021-05-25T04:05:00+00:00,REV
LONG,1.417220,1.411530,-0.005690,2021-05-25T04:05:00+00:00,2021-05-26T20:09:00+00:00,REV
SHORT,1.411530,1.417660,-0.006130,2021-05-26T20:09:00+00:00,2021-05-27T14:13:00+00:00,REV
LONG,1.417660,1.417280,-0.000380,2021-05-27T14:13:00+00:00,2021-06-01T13:14:00+00:00,REV
SHORT,1.417280,1.418380,-0.001100,2021-06-01T13:14:00+00:00,2021-06-03T11:36:00+00:00,REV
LONG,1.418380,1.411150,-0.007230,2021-06-03T11:36:00+00:00,2021-06-03T16:50:00+00:00,REV
SHORT,1.411150,1.418510,-0.007360,2021-06-03T16:50:00+00:00,2021-06-09T11:09:00+00:00,REV
LONG,1.418510,1.412070,-0.006440,2021-06-09T11:09:00+00:00,2021-06-09T17:38:00+00:00,REV
SHORT,1.412070,1.417880,-0.005810,2021-06-09T17:38:00+00:00,2021-06-11T03:15:00+00:00,REV
LONG,1.417880,1.409530,-0.008350,2021-06-11T03:15:00+00:00,2021-06-14T10:11:00+00:00,REV
SHORT,1.409530,1.412450,-0.002920,2021-06-14T10:11:00+00:00,2021-06-15T08:56:00+00:00,REV
LONG,1.412450,1.406990,-0.005460,2021-06-15T08:56:00+00:00,2021-06-15T14:21:00+00:00,REV
SHORT,1.406990,1.412940,-0.005950,2021-06-15T14:21:00+00:00,2021-06-16T15:17:00+00:00,REV
LONG,1.412940,1.403410,-0.009530,2021-06-16T15:17:00+00:00,2021-06-16T21:13:00+00:00,REV
SHORT,1.403410,1.393740,0.009670,2021-06-16T21:13:00+00:00,2021-06-22T00:07:00+00:00,REV
LONG,1.393740,1.392370,-0.001370,2021-06-22T00:07:00+00:00,2021-06-24T14:02:00+00:00,REV
SHORT,1.392370,1.393590,-0.001220,2021-06-24T14:02:00+00:00,2021-06-28T10:09:00+00:00,REV
LONG,1.393590,1.387110,-0.006480,2021-06-28T10:09:00+00:00,2021-06-28T23:02:00+00:00,REV
SHORT,1.387110,1.383590,0.003520,2021-06-28T23:02:00+00:00,2021-07-02T21:09:00+00:00,REV
LONG,1.383590,1.381670,-0.001920,2021-07-02T21:09:00+00:00,2021-07-06T17:18:00+00:00,REV
SHORT,1.381670,1.380540,0.001130,2021-07-06T17:18:00+00:00,2021-07-09T13:20:00+00:00,REV
LONG,1.380540,1.383870,0.003330,2021-07-09T13:20:00+00:00,2021-07-13T14:27:00+00:00,REV
SHORT,1.383870,1.389250,-0.005380,2021-07-13T14:27:00+00:00,2021-07-15T13:24:00+00:00,REV
LONG,1.389250,1.380460,-0.008790,2021-07-15T13:24:00+00:00,2021-07-16T09:52:00+00:00,REV
SHORT,1.380460,1.369000,0.011460,2021-07-16T09:52:00+00:00,2021-07-21T18:40:00+00:00,REV
LONG,1.369000,1.389770,0.020770,2021-07-21T18:40:00+00:00,2021-07-30T18:01:00+00:00,REV
SHORT,1.389770,1.393310,-0.003540,2021-07-30T18:01:00+00:00,2021-08-03T13:51:00+00:00,REV
LONG,1.393310,1.388540,-0.004770,2021-08-03T13:51:00+00:00,2021-08-05T01:17:00+00:00,REV
SHORT,1.388540,1.387290,0.001250,2021-08-05T01:17:00+00:00,2021-08-11T15:44:00+00:00,REV
LONG,1.387290,1.380230,-0.007060,2021-08-11T15:44:00+00:00,2021-08-12T21:32:00+00:00,REV
SHORT,1.380230,1.387570,-0.007340,2021-08-12T21:32:00+00:00,2021-08-16T14:29:00+00:00,REV
LONG,1.387570,1.382770,-0.004800,2021-08-16T14:29:00+00:00,2021-08-17T04:32:00+00:00,REV
SHORT,1.382770,1.364680,0.018090,2021-08-17T04:32:00+00:00,2021-08-23T04:06:00+00:00,REV
LONG,1.364680,1.369620,0.004940,2021-08-23T04:06:00+00:00,2021-08-26T20:00:00+00:00,REV
SHORT,1.369620,1.376830,-0.007210,2021-08-26T20:00:00+00:00,2021-08-27T17:01:00+00:00,REV
LONG,1.376830,1.374260,-0.002570,2021-08-27T17:01:00+00:00,2021-09-01T03:46:00+00:00,REV
SHORT,1.374260,1.379880,-0.005620,2021-09-01T03:46:00+00:00,2021-09-02T12:39:00+00:00,REV
LONG,1.379880,1.381810,0.001930,2021-09-02T12:39:00+00:00,2021-09-07T11:05:00+00:00,REV
SHORT,1.381810,1.379110,0.002700,2021-09-07T11:05:00+00:00,2021-09-09T10:53:00+00:00,REV
LONG,1.379110,1.382580,0.003470,2021-09-09T10:53:00+00:00,2021-09-13T07:54:00+00:00,REV
SHORT,1.382580,1.385160,-0.002580,2021-09-13T07:54:00+00:00,2021-09-14T09:46:00+00:00,REV
LONG,1.385160,1.380330,-0.004830,2021-09-14T09:46:00+00:00,2021-09-15T01:37:00+00:00,REV
SHORT,1.380330,1.369010,0.011320,2021-09-15T01:37:00+00:00,2021-09-23T14:00:00+00:00,REV
LONG,1.369010,1.365770,-0.003240,2021-09-23T14:00:00+00:00,2021-09-28T12:34:00+00:00,REV
SHORT,1.365770,1.351780,0.013990,2021-09-28T12:34:00+00:00,2021-10-01T13:29:00+00:00,REV
LONG,1.351780,1.358410,0.006630,2021-10-01T13:29:00+00:00,2021-10-06T10:10:00+00:00,REV
SHORT,1.358410,1.363220,-0.004810,2021-10-06T10:10:00+00:00,2021-10-07T17:45:00+00:00,REV
LONG,1.363220,1.358410,-0.004810,2021-10-07T17:45:00+00:00,2021-10-12T03:38:00+00:00,REV
SHORT,1.358410,1.363790,-0.005380,2021-10-12T03:38:00+00:00,2021-10-13T11:32:00+00:00,REV
LONG,1.363790,1.377590,0.013800,2021-10-13T11:32:00+00:00,2021-10-22T11:00:00+00:00,REV
SHORT,1.377590,1.379260,-0.001670,2021-10-22T11:00:00+00:00,2021-10-26T12:21:00+00:00,REV
LONG,1.379260,1.375650,-0.003610,2021-10-26T12:21:00+00:00,2021-10-27T10:27:00+00:00,REV
SHORT,1.375650,1.378160,-0.002510,2021-10-27T10:27:00+00:00,2021-10-28T16:52:00+00:00,REV
LONG,1.378160,1.372190,-0.005970,2021-10-28T16:52:00+00:00,2021-10-29T17:51:00+00:00,REV
SHORT,1.372190,1.368960,0.003230,2021-10-29T17:51:00+00:00,2021-11-01T14:55:00+00:00,REV
LONG,1.368960,1.366980,-0.001980,2021-11-01T14:55:00+00:00,2021-11-01T16:00:00+00:00,REV
SHORT,1.366980,1.366840,0.000140,2021-11-01T16:00:00+00:00,2021-11-03T20:00:00+00:00,REV
LONG,1.366840,1.360720,-0.006120,2021-11-03T20:00:00+00:00,2021-11-04T14:00:00+00:00,REV
SHORT,1.360720,1.350940,0.009780,2021-11-04T14:00:00+00:00,2021-11-08T13:57:00+00:00,REV
LONG,1.350940,1.352380,0.001440,2021-11-08T13:57:00+00:00,2021-11-10T11:19:00+00:00,REV
SHORT,1.352380,1.342680,0.009700,2021-11-10T11:19:00+00:00,2021-11-15T03:46:00+00:00,REV
LONG,1.342680,1.340500,-0.002180,2021-11-15T03:46:00+00:00,2021-11-17T05:41:00+00:00,REV
SHORT,1.340500,1.347330,-0.006830,2021-11-17T05:41:00+00:00,2021-11-17T09:00:00+00:00,REV
LONG,1.347330,1.346360,-0.000970,2021-11-17T09:00:00+00:00,2021-11-19T10:53:00+00:00,REV
SHORT,1.346360,1.335410,0.010950,2021-11-19T10:53:00+00:00,2021-11-26T22:45:00+00:00,REV
LONG,1.335410,1.328720,-0.006690,2021-11-26T22:45:00+00:00,2021-11-30T17:52:00+00:00,REV
SHORT,1.328720,1.328690,0.000030,2021-11-30T17:52:00+00:00,2021-12-07T06:02:00+00:00,REV
LONG,1.328690,1.321360,-0.007330,2021-12-07T06:02:00+00:00,2021-12-07T16:26:00+00:00,REV
SHORT,1.321360,1.322310,-0.000950,2021-12-07T16:26:00+00:00,2021-12-10T01:02:00+00:00,REV
LONG,1.322310,1.320690,-0.001620,2021-12-10T01:02:00+00:00,2021-12-14T02:31:00+00:00,REV
SHORT,1.320690,1.325710,-0.005020,2021-12-14T02:31:00+00:00,2021-12-15T09:00:00+00:00,REV
LONG,1.325710,1.319070,-0.006640,2021-12-15T09:00:00+00:00,2021-12-15T21:00:00+00:00,REV
SHORT,1.319070,1.328320,-0.009250,2021-12-15T21:00:00+00:00,2021-12-16T10:15:00+00:00,REV
LONG,1.328320,1.324110,-0.004210,2021-12-16T10:15:00+00:00,2021-12-17T22:49:00+00:00,REV
SHORT,1.324110,1.324490,-0.000380,2021-12-17T22:49:00+00:00,2021-12-21T10:20:00+00:00,REV
LONG,1.324490,1.341480,0.016990,2021-12-21T10:20:00+00:00,2021-12-29T10:34:00+00:00,REV
SHORT,1.341480,1.346220,-0.004740,2021-12-29T10:34:00+00:00,2021-12-29T15:53:00+00:00,REV
LONG,1.346220,1.346510,0.000290,2021-12-29T15:53:00+00:00,2022-01-03T16:50:00+00:00,REV
SHORT,1.346510,1.353460,-0.006950,2022-01-03T16:50:00+00:00,2022-01-04T17:11:00+00:00,REV
LONG,1.353460,1.352210,-0.001250,2022-01-04T17:11:00+00:00,2022-01-06T08:50:00+00:00,REV
SHORT,1.352210,1.355950,-0.003740,2022-01-06T08:50:00+00:00,2022-01-07T15:30:00+00:00,REV
LONG,1.355950,1.369870,0.013920,2022-01-07T15:30:00+00:00,2022-01-14T15:52:00+00:00,REV
SHORT,1.369870,1.364940,0.004930,2022-01-14T15:52:00+00:00,2022-01-20T16:57:00+00:00,REV
LONG,1.364940,1.358760,-0.006180,2022-01-20T16:57:00+00:00,2022-01-20T22:55:00+00:00,REV
SHORT,1.358760,1.351920,0.006840,2022-01-20T22:55:00+00:00,2022-01-26T04:05:00+00:00,REV
LONG,1.351920,1.344420,-0.007500,2022-01-26T04:05:00+00:00,2022-01-27T03:07:00+00:00,REV
SHORT,1.344420,1.343350,0.001070,2022-01-27T03:07:00+00:00,2022-01-31T09:59:00+00:00,REV
LONG,1.343350,1.353770,0.010420,2022-01-31T09:59:00+00:00,2022-02-04T15:30:00+00:00,REV
SHORT,1.353770,1.355120,-0.001350,2022-02-04T15:30:00+00:00,2022-02-08T11:49:00+00:00,REV
LONG,1.355120,1.352660,-0.002460,2022-02-08T11:49:00+00:00,2022-02-10T02:54:00+00:00,REV
SHORT,1.352660,1.358990,-0.006330,2022-02-10T02:54:00+00:00,2022-02-10T17:09:00+00:00,REV
LONG,1.358990,1.352300,-0.006690,2022-02-10T17:09:00+00:00,2022-02-11T06:52:00+00:00,REV
SHORT,1.352300,1.356740,-0.004440,2022-02-11T06:52:00+00:00,2022-02-16T10:23:00+00:00,REV
LONG,1.356740,1.358340,0.001600,2022-02-16T10:23:00+00:00,2022-02-22T01:23:00+00:00,REV
SHORT,1.358340,1.360550,-0.002210,2022-02-22T01:23:00+00:00,2022-02-23T09:45:00+00:00,REV
LONG,1.360550,1.353810,-0.006740,2022-02-23T09:45:00+00:00,2022-02-23T21:33:00+00:00,REV
SHORT,1.353810,1.343220,0.010590,2022-02-23T21:33:00+00:00,2022-03-01T09:12:00+00:00,REV
LONG,1.343220,1.330690,-0.012530,2022-03-01T09:12:00+00:00,2022-03-01T19:09:00+00:00,REV
SHORT,1.330690,1.340810,-0.010120,2022-03-01T19:09:00+00:00,2022-03-03T07:05:00+00:00,REV
LONG,1.340810,1.331730,-0.009080,2022-03-03T07:05:00+00:00,2022-03-04T02:58:00+00:00,REV
SHORT,1.331730,1.314520,0.017210,2022-03-04T02:58:00+00:00,2022-03-09T11:27:00+00:00,REV
LONG,1.314520,1.308780,-0.005740,2022-03-09T11:27:00+00:00,2022-03-10T22:28:00+00:00,REV
SHORT,1.308780,1.304030,0.004750,2022-03-10T22:28:00+00:00,2022-03-14T00:06:00+00:00,REV
LONG,1.304030,1.302870,-0.001160,2022-03-14T00:06:00+00:00,2022-03-14T03:52:00+00:00,REV
SHORT,1.302870,1.307980,-0.005110,2022-03-14T03:52:00+00:00,2022-03-15T17:51:00+00:00,REV
LONG,1.307980,1.316270,0.008290,2022-03-15T17:51:00+00:00,2022-03-21T01:49:00+00:00,REV
SHORT,1.316270,1.317690,-0.001420,2022-03-21T01:49:00+00:00,2022-03-21T15:08:00+00:00,REV
LONG,1.317690,1.312650,-0.005040,2022-03-21T15:08:00+00:00,2022-03-22T06:36:00+00:00,REV
SHORT,1.312650,1.321080,-0.008430,2022-03-22T06:36:00+00:00,2022-03-22T12:56:00+00:00,REV
LONG,1.321080,1.317490,-0.003590,2022-03-22T12:56:00+00:00,2022-03-24T10:29:00+00:00,REV
SHORT,1.317490,1.321470,-0.003980,2022-03-24T10:29:00+00:00,2022-03-25T06:17:00+00:00,REV
LONG,1.321470,1.315900,-0.005570,2022-03-25T06:17:00+00:00,2022-03-28T03:54:00+00:00,REV
SHORT,1.315900,1.316010,-0.000110,2022-03-28T03:54:00+00:00,2022-03-30T12:37:00+00:00,REV
LONG,1.316010,1.310600,-0.005410,2022-03-30T12:37:00+00:00,2022-04-01T16:19:00+00:00,REV
SHORT,1.310600,1.313750,-0.003150,2022-04-01T16:19:00+00:00,2022-04-05T09:54:00+00:00,REV
LONG,1.313750,1.308930,-0.004820,2022-04-05T09:54:00+00:00,2022-04-05T19:42:00+00:00,REV
SHORT,1.308930,1.305430,0.003500,2022-04-05T19:42:00+00:00,2022-04-13T18:29:00+00:00,REV
LONG,1.305430,1.304350,-0.001080,2022-04-13T18:29:00+00:00,2022-04-18T03:22:00+00:00,REV
SHORT,1.304350,1.304130,0.000220,2022-04-18T03:22:00+00:00,2022-04-20T06:22:00+00:00,REV
LONG,1.304130,1.302210,-0.001920,2022-04-20T06:22:00+00:00,2022-04-22T03:00:00+00:00,REV
SHORT,1.302210,1.257030,0.045180,2022-04-22T03:00:00+00:00,2022-04-29T10:54:00+00:00,REV
LONG,1.257030,1.247250,-0.009780,2022-04-29T10:54:00+00:00,2022-05-03T21:41:00+00:00,REV
SHORT,1.247250,1.256770,-0.009520,2022-05-03T21:41:00+00:00,2022-05-04T21:48:00+00:00,REV
LONG,1.256770,1.245120,-0.011650,2022-05-04T21:48:00+00:00,2022-05-05T14:22:00+00:00,REV
SHORT,1.245120,1.238080,0.007040,2022-05-05T14:22:00+00:00,2022-05-09T15:05:00+00:00,REV
LONG,1.238080,1.229140,-0.008940,2022-05-09T15:05:00+00:00,2022-05-11T15:38:00+00:00,REV
SHORT,1.229140,1.237630,-0.008490,2022-05-11T15:38:00+00:00,2022-05-11T16:31:00+00:00,REV
LONG,1.237630,1.223700,-0.013930,2022-05-11T16:31:00+00:00,2022-05-12T02:28:00+00:00,REV
SHORT,1.223700,1.225300,-0.001600,2022-05-12T02:28:00+00:00,2022-05-13T23:51:00+00:00,REV
LONG,1.225300,1.260930,0.035630,2022-05-13T23:51:00+00:00,2022-05-31T04:01:00+00:00,REV
SHORT,1.260930,1.258690,0.002240,2022-05-31T04:01:00+00:00,2022-06-03T03:31:00+00:00,REV
LONG,1.258690,1.248450,-0.010240,2022-06-03T03:31:00+00:00,2022-06-06T03:50:00+00:00,REV
SHORT,1.248450,1.257810,-0.009360,2022-06-06T03:50:00+00:00,2022-06-07T17:50:00+00:00,REV
LONG,1.257810,1.251290,-0.006520,2022-06-07T17:50:00+00:00,2022-06-09T09:07:00+00:00,REV
SHORT,1.251290,1.220530,0.030760,2022-06-09T09:07:00+00:00,2022-06-16T15:35:00+00:00,REV
LONG,1.220530,1.223730,0.003200,2022-06-16T15:35:00+00:00,2022-06-22T05:14:00+00:00,REV
SHORT,1.223730,1.229500,-0.005770,2022-06-22T05:14:00+00:00,2022-06-24T12:29:00+00:00,REV
LONG,1.229500,1.224030,-0.005470,2022-06-24T12:29:00+00:00,2022-06-27T15:40:00+00:00,REV
SHORT,1.224030,1.198990,0.025040,2022-06-27T15:40:00+00:00,2022-07-07T11:08:00+00:00,REV
LONG,1.198990,1.191910,-0.007080,2022-07-07T11:08:00+00:00,2022-07-11T15:32:00+00:00,REV
SHORT,1.191910,1.191640,0.000270,2022-07-11T15:32:00+00:00,2022-07-13T06:34:00+00:00,REV
LONG,1.191640,1.182710,-0.008930,2022-07-13T06:34:00+00:00,2022-07-14T10:05:00+00:00,REV
SHORT,1.182710,1.187510,-0.004800,2022-07-14T10:05:00+00:00,2022-07-18T02:12:00+00:00,REV
LONG,1.187510,1.195320,0.007810,2022-07-18T02:12:00+00:00,2022-07-21T10:49:00+00:00,REV
SHORT,1.195320,1.200440,-0.005120,2022-07-21T10:49:00+00:00,2022-07-22T16:45:00+00:00,REV
LONG,1.200440,1.210290,0.009850,2022-07-22T16:45:00+00:00,2022-07-29T16:02:00+00:00,REV
SHORT,1.210290,1.224620,-0.014330,2022-07-29T16:02:00+00:00,2022-08-01T12:09:00+00:00,REV
LONG,1.224620,1.215800,-0.008820,2022-08-01T12:09:00+00:00,2022-08-03T00:00:00+00:00,REV
SHORT,1.215800,1.220830,-0.005030,2022-08-03T00:00:00+00:00,2022-08-04T14:00:00+00:00,REV
LONG,1.220830,1.209970,-0.010860,2022-08-04T14:00:00+00:00,2022-08-04T14:09:00+00:00,REV
SHORT,1.209970,1.213070,-0.003100,2022-08-04T14:09:00+00:00,2022-08-10T15:30:00+00:00,REV
LONG,1.213070,1.218180,0.005110,2022-08-10T15:30:00+00:00,2022-08-12T03:31:00+00:00,REV
SHORT,1.218180,1.211830,0.006350,2022-08-12T03:31:00+00:00,2022-08-17T07:52:00+00:00,REV
LONG,1.211830,1.202770,-0.009060,2022-08-17T07:52:00+00:00,2022-08-18T08:58:00+00:00,REV
SHORT,1.202770,1.183710,0.019060,2022-08-18T08:58:00+00:00,2022-08-23T16:47:00+00:00,REV
LONG,1.183710,1.178320,-0.005390,2022-08-23T16:47:00+00:00,2022-08-26T09:52:00+00:00,REV
SHORT,1.178320,1.186490,-0.008170,2022-08-26T09:52:00+00:00,2022-08-26T16:07:00+00:00,REV
LONG,1.186490,1.172930,-0.013560,2022-08-26T16:07:00+00:00,2022-08-29T00:00:00+00:00,REV
SHORT,1.172930,1.174460,-0.001530,2022-08-29T00:00:00+00:00,2022-08-30T10:42:00+00:00,REV
LONG,1.174460,1.164770,-0.009690,2022-08-30T10:42:00+00:00,2022-08-30T17:32:00+00:00,REV
SHORT,1.164770,1.152280,0.012490,2022-08-30T17:32:00+00:00,2022-09-06T01:02:00+00:00,REV
LONG,1.152280,1.149330,-0.002950,2022-09-06T01:02:00+00:00,2022-09-07T03:18:00+00:00,REV
SHORT,1.149330,1.154010,-0.004680,2022-09-07T03:18:00+00:00,2022-09-08T01:05:00+00:00,REV
LONG,1.154010,1.160010,0.006000,2022-09-08T01:05:00+00:00,2022-09-13T15:36:00+00:00,REV
SHORT,1.160010,1.144220,0.015790,2022-09-13T15:36:00+00:00,2022-09-20T01:13:00+00:00,REV
LONG,1.144220,1.135700,-0.008520,2022-09-20T01:13:00+00:00,2022-09-21T09:01:00+00:00,REV
SHORT,1.135700,1.083820,0.051880,2022-09-21T09:01:00+00:00,2022-09-28T13:02:00+00:00,REV
LONG,1.083820,1.064850,-0.018970,2022-09-28T13:02:00+00:00,2022-09-28T13:05:00+00:00,REV
SHORT,1.064850,1.091640,-0.026790,2022-09-28T13:05:00+00:00,2022-09-29T16:07:00+00:00,REV
LONG,1.091640,1.128000,0.036360,2022-09-29T16:07:00+00:00,2022-10-05T17:00:00+00:00,REV
SHORT,1.128000,1.111140,0.016860,2022-10-05T17:00:00+00:00,2022-10-11T15:26:00+00:00,REV
LONG,1.111140,1.101910,-0.009230,2022-10-11T15:26:00+00:00,2022-10-11T22:00:00+00:00,REV
SHORT,1.101910,1.113440,-0.011530,2022-10-11T22:00:00+00:00,2022-10-13T12:20:00+00:00,REV
LONG,1.113440,1.125510,0.012070,2022-10-13T12:20:00+00:00,2022-10-19T11:10:00+00:00,REV
SHORT,1.125510,1.139360,-0.013850,2022-10-19T11:10:00+00:00,2022-10-24T00:00:00+00:00,REV
LONG,1.139360,1.154830,0.015470,2022-10-24T00:00:00+00:00,2022-10-28T03:11:00+00:00,REV
SHORT,1.154830,1.160510,-0.005680,2022-10-28T03:11:00+00:00,2022-10-31T00:48:00+00:00,REV
LONG,1.160510,1.157640,-0.002870,2022-10-31T00:48:00+00:00,2022-10-31T09:53:00+00:00,REV
SHORT,1.157640,1.138260,0.019380,2022-10-31T09:53:00+00:00,2022-11-07T10:30:00+00:00,REV
LONG,1.138260,1.142970,0.004710,2022-11-07T10:30:00+00:00,2022-11-09T12:05:00+00:00,REV
SHORT,1.142970,1.156720,-0.013750,2022-11-09T12:05:00+00:00,2022-11-10T15:35:00+00:00,REV
LONG,1.156720,1.183090,0.026370,2022-11-10T15:35:00+00:00,2022-11-17T13:38:00+00:00,REV
SHORT,1.183090,1.189840,-0.006750,2022-11-17T13:38:00+00:00,2022-11-22T15:09:00+00:00,REV
LONG,1.189840,1.205770,0.015930,2022-11-22T15:09:00+00:00,2022-11-28T01:24:00+00:00,REV
SHORT,1.205770,1.206470,-0.000700,2022-11-28T01:24:00+00:00,2022-11-30T22:11:00+00:00,REV
LONG,1.206470,1.216100,0.009630,2022-11-30T22:11:00+00:00,2022-12-06T12:48:00+00:00,REV
SHORT,1.216100,1.223510,-0.007410,2022-12-06T12:48:00+00:00,2022-12-08T17:08:00+00:00,REV
LONG,1.223510,1.234140,0.010630,2022-12-08T17:08:00+00:00,2022-12-15T10:39:00+00:00,REV
SHORT,1.234140,1.222330,0.011810,2022-12-15T10:39:00+00:00,2022-12-19T11:11:00+00:00,REV
LONG,1.222330,1.212000,-0.010330,2022-12-19T11:11:00+00:00,2022-12-20T07:23:00+00:00,REV
SHORT,1.212000,1.207810,0.004190,2022-12-20T07:23:00+00:00,2022-12-27T01:30:00+00:00,REV
LONG,1.207810,1.204750,-0.003060,2022-12-27T01:30:00+00:00,2022-12-27T12:04:00+00:00,REV
SHORT,1.204750,1.211280,-0.006530,2022-12-27T12:04:00+00:00,2022-12-28T16:36:00+00:00,REV
LONG,1.211280,1.201270,-0.010010,2022-12-28T16:36:00+00:00,2022-12-30T15:33:00+00:00,REV
SHORT,1.201270,1.207910,-0.006640,2022-12-30T15:33:00+00:00,2022-12-30T16:18:00+00:00,REV
LONG,1.207910,1.203250,-0.004660,2022-12-30T16:18:00+00:00,2023-01-03T09:54:00+00:00,REV
SHORT,1.203250,1.208550,-0.005300,2023-01-03T09:54:00+00:00,2023-01-04T10:16:00+00:00,REV
LONG,1.208550,1.195730,-0.012820,2023-01-04T10:16:00+00:00,2023-01-05T15:30:00+00:00,REV
SHORT,1.195730,1.207870,-0.012140,2023-01-05T15:30:00+00:00,2023-01-06T19:55:00+00:00,REV
LONG,1.207870,1.210960,0.003090,2023-01-06T19:55:00+00:00,2023-01-11T14:16:00+00:00,REV
SHORT,1.210960,1.217880,-0.006920,2023-01-11T14:16:00+00:00,2023-01-12T11:38:00+00:00,REV
LONG,1.217880,1.209990,-0.007890,2023-01-12T11:38:00+00:00,2023-01-12T15:30:00+00:00,REV
SHORT,1.209990,1.224730,-0.014740,2023-01-12T15:30:00+00:00,2023-01-13T10:47:00+00:00,REV
LONG,1.224730,1.217110,-0.007620,2023-01-13T10:47:00+00:00,2023-01-17T08:58:00+00:00,REV
SHORT,1.217110,1.228950,-0.011840,2023-01-17T08:58:00+00:00,2023-01-17T16:27:00+00:00,REV
LONG,1.228950,1.233500,0.004550,2023-01-17T16:27:00+00:00,2023-01-23T15:51:00+00:00,REV
SHORT,1.233500,1.240430,-0.006930,2023-01-23T15:51:00+00:00,2023-01-26T01:01:00+00:00,REV
LONG,1.240430,1.234500,-0.005930,2023-01-26T01:01:00+00:00,2023-01-30T21:12:00+00:00,REV
SHORT,1.234500,1.237160,-0.002660,2023-01-30T21:12:00+00:00,2023-02-01T21:45:00+00:00,REV
LONG,1.237160,1.227190,-0.009970,2023-02-01T21:45:00+00:00,2023-02-02T14:46:00+00:00,REV
SHORT,1.227190,1.207790,0.019400,2023-02-02T14:46:00+00:00,2023-02-07T19:57:00+00:00,REV
LONG,1.207790,1.200510,-0.007280,2023-02-07T19:57:00+00:00,2023-02-07T20:30:00+00:00,REV
SHORT,1.200510,1.209560,-0.009050,2023-02-07T20:30:00+00:00,2023-02-08T09:57:00+00:00,REV
LONG,1.209560,1.205620,-0.003940,2023-02-08T09:57:00+00:00,2023-02-10T19:13:00+00:00,REV
SHORT,1.205620,1.213980,-0.008360,2023-02-10T19:13:00+00:00,2023-02-13T17:51:00+00:00,REV
LONG,1.213980,1.211700,-0.002280,2023-02-13T17:51:00+00:00,2023-02-15T09:00:00+00:00,REV
SHORT,1.211700,1.204990,0.006710,2023-02-15T09:00:00+00:00,2023-02-20T09:34:00+00:00,REV
LONG,1.204990,1.201430,-0.003560,2023-02-20T09:34:00+00:00,2023-02-21T03:33:00+00:00,REV
SHORT,1.201430,1.205720,-0.004290,2023-02-21T03:33:00+00:00,2023-02-21T11:33:00+00:00,REV
LONG,1.205720,1.203510,-0.002210,2023-02-21T11:33:00+00:00,2023-02-23T11:00:00+00:00,REV
SHORT,1.203510,1.204220,-0.000710,2023-02-23T11:00:00+00:00,2023-02-27T17:15:00+00:00,REV
LONG,1.204220,1.202650,-0.001570,2023-02-27T17:15:00+00:00,2023-03-01T02:06:00+00:00,REV
SHORT,1.202650,1.204480,-0.001830,2023-03-01T02:06:00+00:00,2023-03-03T22:00:00+00:00,REV
LONG,1.204480,1.198900,-0.005580,2023-03-03T22:00:00+00:00,2023-03-07T14:00:00+00:00,REV
SHORT,1.198900,1.185940,0.012960,2023-03-07T14:00:00+00:00,2023-03-09T07:14:00+00:00,REV
LONG,1.185940,1.213520,0.027580,2023-03-09T07:14:00+00:00,2023-03-15T11:32:00+00:00,REV
SHORT,1.213520,1.212830,0.000690,2023-03-15T11:32:00+00:00,2023-03-17T03:29:00+00:00,REV
LONG,1.212830,1.226120,0.013290,2023-03-17T03:29:00+00:00,2023-03-24T03:49:00+00:00,REV
SHORT,1.226120,1.229680,-0.003560,2023-03-24T03:49:00+00:00,2023-03-28T03:00:00+00:00,REV
LONG,1.229680,1.230230,0.000550,2023-03-28T03:00:00+00:00,2023-03-30T03:37:00+00:00,REV
SHORT,1.230230,1.236220,-0.005990,2023-03-30T03:37:00+00:00,2023-03-30T11:42:00+00:00,REV
LONG,1.236220,1.232740,-0.003480,2023-03-30T11:42:00+00:00,2023-04-03T00:00:00+00:00,REV
SHORT,1.232740,1.241560,-0.008820,2023-04-03T00:00:00+00:00,2023-04-04T01:00:00+00:00,REV
LONG,1.241560,1.243230,0.001670,2023-04-04T01:00:00+00:00,2023-04-06T15:55:00+00:00,REV
SHORT,1.243230,1.244270,-0.001040,2023-04-06T15:55:00+00:00,2023-04-10T12:30:00+00:00,REV
LONG,1.244270,1.243310,-0.000960,2023-04-10T12:30:00+00:00,2023-04-10T12:51:00+00:00,REV
SHORT,1.243310,1.244310,-0.001000,2023-04-10T12:51:00+00:00,2023-04-11T11:25:00+00:00,REV
LONG,1.244310,1.247740,0.003430,2023-04-11T11:25:00+00:00,2023-04-14T16:08:00+00:00,REV
SHORT,1.247740,1.243860,0.003880,2023-04-14T16:08:00+00:00,2023-04-18T11:17:00+00:00,REV
LONG,1.243860,1.240440,-0.003420,2023-04-18T11:17:00+00:00,2023-04-21T09:55:00+00:00,REV
SHORT,1.240440,1.244670,-0.004230,2023-04-21T09:55:00+00:00,2023-04-24T02:01:00+00:00,REV
LONG,1.244670,1.240800,-0.003870,2023-04-24T02:01:00+00:00,2023-04-25T17:00:00+00:00,REV
SHORT,1.240800,1.250740,-0.009940,2023-04-25T17:00:00+00:00,2023-04-26T16:24:00+00:00,REV
LONG,1.250740,1.248560,-0.002180,2023-04-26T16:24:00+00:00,2023-05-02T02:26:00+00:00,REV
SHORT,1.248560,1.251280,-0.002720,2023-05-02T02:26:00+00:00,2023-05-03T10:15:00+00:00,REV
LONG,1.251280,1.261260,0.009980,2023-05-03T10:15:00+00:00,2023-05-09T02:22:00+00:00,REV
SHORT,1.261260,1.264060,-0.002800,2023-05-09T02:22:00+00:00,2023-05-10T10:14:00+00:00,REV
LONG,1.264060,1.260220,-0.003840,2023-05-10T10:14:00+00:00,2023-05-11T09:37:00+00:00,REV
SHORT,1.260220,1.253500,0.006720,2023-05-11T09:37:00+00:00,2023-05-16T12:05:00+00:00,REV
LONG,1.253500,1.246510,-0.006990,2023-05-16T12:05:00+00:00,2023-05-17T08:59:00+00:00,REV
SHORT,1.246510,1.247130,-0.000620,2023-05-17T08:59:00+00:00,2023-05-22T04:04:00+00:00,REV
LONG,1.247130,1.241350,-0.005780,2023-05-22T04:04:00+00:00,2023-05-23T10:09:00+00:00,REV
SHORT,1.241350,1.244720,-0.003370,2023-05-23T10:09:00+00:00,2023-05-24T09:00:00+00:00,REV
LONG,1.244720,1.237630,-0.007090,2023-05-24T09:00:00+00:00,2023-05-24T13:09:00+00:00,REV
SHORT,1.237630,1.238750,-0.001120,2023-05-24T13:09:00+00:00,2023-05-26T14:23:00+00:00,REV
LONG,1.238750,1.233480,-0.005270,2023-05-26T14:23:00+00:00,2023-05-30T08:45:00+00:00,REV
SHORT,1.233480,1.237220,-0.003740,2023-05-30T08:45:00+00:00,2023-05-30T11:46:00+00:00,REV
LONG,1.237220,1.244560,0.007340,2023-05-30T11:46:00+00:00,2023-06-05T01:00:00+00:00,REV
SHORT,1.244560,1.244920,-0.000360,2023-06-05T01:00:00+00:00,2023-06-06T05:12:00+00:00,REV
LONG,1.244920,1.252220,0.007300,2023-06-06T05:12:00+00:00,2023-06-12T17:00:00+00:00,REV
SHORT,1.252220,1.260000,-0.007780,2023-06-12T17:00:00+00:00,2023-06-13T16:02:00+00:00,REV
LONG,1.260000,1.277020,0.017020,2023-06-13T16:02:00+00:00,2023-06-20T08:19:00+00:00,REV
SHORT,1.277020,1.274920,0.002100,2023-06-20T08:19:00+00:00,2023-06-27T09:55:00+00:00,REV
LONG,1.274920,1.270300,-0.004620,2023-06-27T09:55:00+00:00,2023-06-28T11:38:00+00:00,REV
SHORT,1.270300,1.268550,0.001750,2023-06-28T11:38:00+00:00,2023-06-30T16:00:00+00:00,REV
LONG,1.268550,1.269140,0.000590,2023-06-30T16:00:00+00:00,2023-07-06T04:21:00+00:00,REV
SHORT,1.269140,1.277190,-0.008050,2023-07-06T04:21:00+00:00,2023-07-06T14:00:00+00:00,REV
LONG,1.277190,1.309190,0.032000,2023-07-06T14:00:00+00:00,2023-07-17T02:00:00+00:00,REV
SHORT,1.309190,1.312500,-0.003310,2023-07-17T02:00:00+00:00,2023-07-18T14:00:00+00:00,REV
LONG,1.312500,1.305330,-0.007170,2023-07-18T14:00:00+00:00,2023-07-18T18:40:00+00:00,REV
SHORT,1.305330,1.289420,0.015910,2023-07-18T18:40:00+00:00,2023-07-25T22:00:00+00:00,REV
LONG,1.289420,1.287500,-0.001920,2023-07-25T22:00:00+00:00,2023-07-27T16:16:00+00:00,REV
SHORT,1.287500,1.272860,0.014640,2023-07-27T16:16:00+00:00,2023-08-04T04:01:00+00:00,REV
LONG,1.272860,1.271270,-0.001590,2023-08-04T04:01:00+00:00,2023-08-08T14:31:00+00:00,REV
SHORT,1.271270,1.278270,-0.007000,2023-08-08T14:31:00+00:00,2023-08-10T15:29:00+00:00,REV
LONG,1.278270,1.271160,-0.007110,2023-08-10T15:29:00+00:00,2023-08-10T19:15:00+00:00,REV
SHORT,1.271160,1.271540,-0.000380,2023-08-10T19:15:00+00:00,2023-08-15T09:00:00+00:00,REV
LONG,1.271540,1.270230,-0.001310,2023-08-15T09:00:00+00:00,2023-08-18T14:23:00+00:00,REV
SHORT,1.270230,1.276630,-0.006400,2023-08-18T14:23:00+00:00,2023-08-21T22:01:00+00:00,REV
LONG,1.276630,1.271820,-0.004810,2023-08-21T22:01:00+00:00,2023-08-23T10:35:00+00:00,REV
SHORT,1.271820,1.261130,0.010690,2023-08-23T10:35:00+00:00,2023-08-29T02:10:00+00:00,REV
LONG,1.261130,1.256530,-0.004600,2023-08-29T02:10:00+00:00,2023-08-29T15:27:00+00:00,REV
SHORT,1.256530,1.265550,-0.009020,2023-08-29T15:27:00+00:00,2023-08-30T12:16:00+00:00,REV
LONG,1.265550,1.265220,-0.000330,2023-08-30T12:16:00+00:00,2023-09-01T09:22:00+00:00,REV
SHORT,1.265220,1.251020,0.014200,2023-09-01T09:22:00+00:00,2023-09-08T09:13:00+00:00,REV
LONG,1.251020,1.246610,-0.004410,2023-09-08T09:13:00+00:00,2023-09-12T11:59:00+00:00,REV
SHORT,1.246610,1.241100,0.005510,2023-09-12T11:59:00+00:00,2023-09-19T14:53:00+00:00,REV
LONG,1.241100,1.236970,-0.004130,2023-09-19T14:53:00+00:00,2023-09-20T09:00:00+00:00,REV
SHORT,1.236970,1.216500,0.020470,2023-09-20T09:00:00+00:00,2023-09-28T11:08:00+00:00,REV
LONG,1.216500,1.217990,0.001490,2023-09-28T11:08:00+00:00,2023-10-02T01:42:00+00:00,REV
SHORT,1.217990,1.210230,0.007760,2023-10-02T01:42:00+00:00,2023-10-04T11:34:00+00:00,REV
LONG,1.210230,1.210740,0.000510,2023-10-04T11:34:00+00:00,2023-10-06T15:53:00+00:00,REV
SHORT,1.210740,1.219640,-0.008900,2023-10-06T15:53:00+00:00,2023-10-06T17:31:00+00:00,REV
LONG,1.219640,1.226800,0.007160,2023-10-06T17:31:00+00:00,2023-10-12T15:32:00+00:00,REV
SHORT,1.226800,1.217080,0.009720,2023-10-12T15:32:00+00:00,2023-10-23T10:25:00+00:00,REV
LONG,1.217080,1.215290,-0.001790,2023-10-23T10:25:00+00:00,2023-10-25T10:25:00+00:00,REV
SHORT,1.215290,1.214010,0.001280,2023-10-25T10:25:00+00:00,2023-10-27T08:05:00+00:00,REV
LONG,1.214010,1.210890,-0.003120,2023-10-27T08:05:00+00:00,2023-10-30T02:04:00+00:00,REV
SHORT,1.210890,1.212730,-0.001840,2023-10-30T02:04:00+00:00,2023-10-30T08:40:00+00:00,REV
LONG,1.212730,1.211910,-0.000820,2023-10-30T08:40:00+00:00,2023-11-01T14:58:00+00:00,REV
SHORT,1.211910,1.216490,-0.004580,2023-11-01T14:58:00+00:00,2023-11-02T00:27:00+00:00,REV
LONG,1.216490,1.233780,0.017290,2023-11-02T00:27:00+00:00,2023-11-07T02:57:00+00:00,REV
SHORT,1.233780,1.230250,0.003530,2023-11-07T02:57:00+00:00,2023-11-09T11:25:00+00:00,REV
LONG,1.230250,1.224140,-0.006110,2023-11-09T11:25:00+00:00,2023-11-09T20:04:00+00:00,REV
SHORT,1.224140,1.223840,0.000300,2023-11-09T20:04:00+00:00,2023-11-13T08:46:00+00:00,REV
LONG,1.223840,1.240340,0.016500,2023-11-13T08:46:00+00:00,2023-11-16T03:48:00+00:00,REV
SHORT,1.240340,1.245650,-0.005310,2023-11-16T03:48:00+00:00,2023-11-17T20:55:00+00:00,REV
LONG,1.245650,1.249820,0.004170,2023-11-17T20:55:00+00:00,2023-11-22T16:05:00+00:00,REV
SHORT,1.249820,1.255010,-0.005190,2023-11-22T16:05:00+00:00,2023-11-23T11:30:00+00:00,REV
LONG,1.255010,1.266440,0.011430,2023-11-23T11:30:00+00:00,2023-11-30T10:50:00+00:00,REV
SHORT,1.266440,1.271120,-0.004680,2023-11-30T10:50:00+00:00,2023-12-01T20:15:00+00:00,REV
LONG,1.271120,1.261370,-0.009750,2023-12-01T20:15:00+00:00,2023-12-04T16:29:00+00:00,REV
SHORT,1.261370,1.259150,0.002220,2023-12-04T16:29:00+00:00,2023-12-12T15:28:00+00:00,REV
LONG,1.259150,1.252610,-0.006540,2023-12-12T15:28:00+00:00,2023-12-12T16:34:00+00:00,REV
SHORT,1.252610,1.261600,-0.008990,2023-12-12T16:34:00+00:00,2023-12-13T21:42:00+00:00,REV
LONG,1.261600,1.266810,0.005210,2023-12-13T21:42:00+00:00,2023-12-18T00:09:00+00:00,REV
SHORT,1.266810,1.270440,-0.003630,2023-12-18T00:09:00+00:00,2023-12-19T12:20:00+00:00,REV
LONG,1.270440,1.263850,-0.006590,2023-12-19T12:20:00+00:00,2023-12-20T14:51:00+00:00,REV
SHORT,1.263850,1.269660,-0.005810,2023-12-20T14:51:00+00:00,2023-12-22T09:00:00+00:00,REV
LONG,1.269660,1.267640,-0.002020,2023-12-22T09:00:00+00:00,2023-12-25T03:10:00+00:00,REV
SHORT,1.267640,1.271400,-0.003760,2023-12-25T03:10:00+00:00,2023-12-26T16:23:00+00:00,REV
LONG,1.271400,1.271210,-0.000190,2023-12-26T16:23:00+00:00,2023-12-29T11:50:00+00:00,REV
SHORT,1.271210,1.267690,0.003520,2023-12-29T11:50:00+00:00,2024-01-04T08:55:00+00:00,REV
LONG,1.267690,1.265650,-0.002040,2024-01-04T08:55:00+00:00,2024-01-05T12:09:00+00:00,REV
SHORT,1.265650,1.273040,-0.007390,2024-01-05T12:09:00+00:00,2024-01-05T17:00:00+00:00,REV
LONG,1.273040,1.268900,-0.004140,2024-01-05T17:00:00+00:00,2024-01-10T08:47:00+00:00,REV
SHORT,1.268900,1.274450,-0.005550,2024-01-10T08:47:00+00:00,2024-01-11T01:34:00+00:00,REV
LONG,1.274450,1.271920,-0.002530,2024-01-11T01:34:00+00:00,2024-01-15T11:48:00+00:00,REV
SHORT,1.271920,1.269660,0.002260,2024-01-15T11:48:00+00:00,2024-01-18T08:22:00+00:00,REV
LONG,1.269660,1.267890,-0.001770,2024-01-18T08:22:00+00:00,2024-01-23T17:14:00+00:00,REV
SHORT,1.267890,1.274750,-0.006860,2024-01-23T17:14:00+00:00,2024-01-24T11:30:00+00:00,REV
LONG,1.274750,1.268130,-0.006620,2024-01-24T11:30:00+00:00,2024-01-26T09:45:00+00:00,REV
SHORT,1.268130,1.274320,-0.006190,2024-01-26T09:45:00+00:00,2024-01-26T13:10:00+00:00,REV
LONG,1.274320,1.267510,-0.006810,2024-01-26T13:10:00+00:00,2024-01-29T16:47:00+00:00,REV
SHORT,1.267510,1.271920,-0.004410,2024-01-29T16:47:00+00:00,2024-01-30T02:45:00+00:00,REV
LONG,1.271920,1.266170,-0.005750,2024-01-30T02:45:00+00:00,2024-01-30T17:00:00+00:00,REV
SHORT,1.266170,1.272150,-0.005980,2024-01-30T17:00:00+00:00,2024-01-31T16:14:00+00:00,REV
LONG,1.272150,1.265760,-0.006390,2024-01-31T16:14:00+00:00,2024-02-01T09:05:00+00:00,REV
SHORT,1.265760,1.275130,-0.009370,2024-02-01T09:05:00+00:00,2024-02-01T21:14:00+00:00,REV
LONG,1.275130,1.262490,-0.012640,2024-02-01T21:14:00+00:00,2024-02-02T18:55:00+00:00,REV
SHORT,1.262490,1.260360,0.002130,2024-02-02T18:55:00+00:00,2024-02-07T01:04:00+00:00,REV
LONG,1.260360,1.259200,-0.001160,2024-02-07T01:04:00+00:00,2024-02-08T14:31:00+00:00,REV
SHORT,1.259200,1.263910,-0.004710,2024-02-08T14:31:00+00:00,2024-02-09T16:43:00+00:00,REV
LONG,1.263910,1.257270,-0.006640,2024-02-09T16:43:00+00:00,2024-02-14T09:00:00+00:00,REV
SHORT,1.257270,1.260230,-0.002960,2024-02-14T09:00:00+00:00,2024-02-16T00:53:00+00:00,REV
LONG,1.260230,1.258300,-0.001930,2024-02-16T00:53:00+00:00,2024-02-20T03:05:00+00:00,REV
SHORT,1.258300,1.263030,-0.004730,2024-02-20T03:05:00+00:00,2024-02-20T15:43:00+00:00,REV
LONG,1.263030,1.266010,0.002980,2024-02-20T15:43:00+00:00,2024-02-28T07:30:00+00:00,REV
SHORT,1.266010,1.266440,-0.000430,2024-02-28T07:30:00+00:00,2024-03-04T02:15:00+00:00,REV
LONG,1.266440,1.285020,0.018580,2024-03-04T02:15:00+00:00,2024-03-11T00:33:00+00:00,REV
SHORT,1.285020,1.286150,-0.001130,2024-03-11T00:33:00+00:00,2024-03-11T03:10:00+00:00,REV
LONG,1.286150,1.279490,-0.006660,2024-03-11T03:10:00+00:00,2024-03-12T09:56:00+00:00,REV
SHORT,1.279490,1.281190,-0.001700,2024-03-12T09:56:00+00:00,2024-03-14T10:18:00+00:00,REV
LONG,1.281190,1.277410,-0.003780,2024-03-14T10:18:00+00:00,2024-03-14T15:47:00+00:00,REV
SHORT,1.277410,1.273670,0.003740,2024-03-14T15:47:00+00:00,2024-03-18T00:00:00+00:00,REV
LONG,1.273670,1.272640,-0.001030,2024-03-18T00:00:00+00:00,2024-03-18T03:20:00+00:00,REV
SHORT,1.272640,1.273340,-0.000700,2024-03-18T03:20:00+00:00,2024-03-20T20:00:00+00:00,REV
LONG,1.273340,1.268410,-0.004930,2024-03-20T20:00:00+00:00,2024-03-21T17:12:00+00:00,REV
SHORT,1.268410,1.260260,0.008150,2024-03-21T17:12:00+00:00,2024-03-25T03:15:00+00:00,REV
LONG,1.260260,1.262170,0.001910,2024-03-25T03:15:00+00:00,2024-03-27T02:15:00+00:00,REV
SHORT,1.262170,1.264160,-0.001990,2024-03-27T02:15:00+00:00,2024-03-28T14:58:00+00:00,REV
LONG,1.264160,1.260770,-0.003390,2024-03-28T14:58:00+00:00,2024-04-01T00:04:00+00:00,REV
SHORT,1.260770,1.257920,0.002850,2024-04-01T00:04:00+00:00,2024-04-03T00:57:00+00:00,REV
LONG,1.257920,1.263490,0.005570,2024-04-03T00:57:00+00:00,2024-04-05T04:31:00+00:00,REV
SHORT,1.263490,1.264910,-0.001420,2024-04-05T04:31:00+00:00,2024-04-08T16:41:00+00:00,REV
LONG,1.264910,1.264770,-0.000140,2024-04-08T16:41:00+00:00,2024-04-10T15:30:00+00:00,REV
SHORT,1.264770,1.247260,0.017510,2024-04-10T15:30:00+00:00,2024-04-17T09:49:00+00:00,REV
LONG,1.247260,1.243340,-0.003920,2024-04-17T09:49:00+00:00,2024-04-19T00:00:00+00:00,REV
SHORT,1.243340,1.239270,0.004070,2024-04-19T00:00:00+00:00,2024-04-23T14:28:00+00:00,REV
LONG,1.239270,1.245400,0.006130,2024-04-23T14:28:00+00:00,2024-04-26T18:09:00+00:00,REV
SHORT,1.245400,1.254170,-0.008770,2024-04-26T18:09:00+00:00,2024-04-29T07:33:00+00:00,REV
LONG,1.254170,1.248980,-0.005190,2024-04-29T07:33:00+00:00,2024-05-01T00:00:00+00:00,REV
SHORT,1.248980,1.254520,-0.005540,2024-05-01T00:00:00+00:00,2024-05-03T03:56:00+00:00,REV
LONG,1.254520,1.253240,-0.001280,2024-05-03T03:56:00+00:00,2024-05-07T11:14:00+00:00,REV
SHORT,1.253240,1.251360,0.001880,2024-05-07T11:14:00+00:00,2024-05-09T17:31:00+00:00,REV
LONG,1.251360,1.251240,-0.000120,2024-05-09T17:31:00+00:00,2024-05-14T11:22:00+00:00,REV
SHORT,1.251240,1.256910,-0.005670,2024-05-14T11:22:00+00:00,2024-05-14T16:08:00+00:00,REV
LONG,1.256910,1.268780,0.011870,2024-05-14T16:08:00+00:00,2024-05-21T16:02:00+00:00,REV
SHORT,1.268780,1.272600,-0.003820,2024-05-21T16:02:00+00:00,2024-05-21T17:53:00+00:00,REV
LONG,1.272600,1.269980,-0.002620,2024-05-21T17:53:00+00:00,2024-05-23T20:45:00+00:00,REV
SHORT,1.269980,1.274710,-0.004730,2024-05-23T20:45:00+00:00,2024-05-24T18:15:00+00:00,REV
LONG,1.274710,1.275370,0.000660,2024-05-24T18:15:00+00:00,2024-05-29T03:07:00+00:00,REV
SHORT,1.275370,1.274770,0.000600,2024-05-29T03:07:00+00:00,2024-05-31T15:57:00+00:00,REV
LONG,1.274770,1.269990,-0.004780,2024-05-31T15:57:00+00:00,2024-06-03T12:10:00+00:00,REV
SHORT,1.269990,1.276680,-0.006690,2024-06-03T12:10:00+00:00,2024-06-03T17:00:00+00:00,REV
LONG,1.276680,1.271420,-0.005260,2024-06-03T17:00:00+00:00,2024-06-10T00:15:00+00:00,REV
SHORT,1.271420,1.273780,-0.002360,2024-06-10T00:15:00+00:00,2024-06-11T07:13:00+00:00,REV
LONG,1.273780,1.273800,0.000020,2024-06-11T07:13:00+00:00,2024-06-14T09:06:00+00:00,REV
SHORT,1.273800,1.271010,0.002790,2024-06-14T09:06:00+00:00,2024-06-18T02:20:00+00:00,REV
LONG,1.271010,1.269970,-0.001040,2024-06-18T02:20:00+00:00,2024-06-20T11:29:00+00:00,REV
SHORT,1.269970,1.267500,0.002470,2024-06-20T11:29:00+00:00,2024-06-24T16:16:00+00:00,REV
LONG,1.267500,1.267000,-0.000500,2024-06-24T16:16:00+00:00,2024-06-26T10:14:00+00:00,REV
SHORT,1.267000,1.266400,0.000600,2024-06-26T10:14:00+00:00,2024-07-01T04:25:00+00:00,REV
LONG,1.266400,1.263280,-0.003120,2024-07-01T04:25:00+00:00,2024-07-02T06:31:00+00:00,REV
SHORT,1.263280,1.268840,-0.005560,2024-07-02T06:31:00+00:00,2024-07-03T01:01:00+00:00,REV
LONG,1.268840,1.278550,0.009710,2024-07-03T01:01:00+00:00,2024-07-09T18:16:00+00:00,REV
SHORT,1.278550,1.282560,-0.004010,2024-07-09T18:16:00+00:00,2024-07-10T16:35:00+00:00,REV
LONG,1.282560,1.296160,0.013600,2024-07-10T16:35:00+00:00,2024-07-16T04:27:00+00:00,REV
SHORT,1.296160,1.298030,-0.001870,2024-07-16T04:27:00+00:00,2024-07-17T09:00:00+00:00,REV
LONG,1.298030,1.296580,-0.001450,2024-07-17T09:00:00+00:00,2024-07-18T20:25:00+00:00,REV
SHORT,1.296580,1.293540,0.003040,2024-07-18T20:25:00+00:00,2024-07-24T16:41:00+00:00,REV
LONG,1.293540,1.287710,-0.005830,2024-07-24T16:41:00+00:00,2024-07-25T10:13:00+00:00,REV
SHORT,1.287710,1.287850,-0.000140,2024-07-25T10:13:00+00:00,2024-07-29T03:40:00+00:00,REV
LONG,1.287850,1.284780,-0.003070,2024-07-29T03:40:00+00:00,2024-07-29T10:19:00+00:00,REV
SHORT,1.284780,1.273630,0.011150,2024-07-29T10:19:00+00:00,2024-08-08T18:51:00+00:00,REV
LONG,1.273630,1.281680,0.008050,2024-08-08T18:51:00+00:00,2024-08-15T15:39:00+00:00,REV
SHORT,1.281680,1.286890,-0.005210,2024-08-15T15:39:00+00:00,2024-08-15T18:12:00+00:00,REV
LONG,1.286890,1.317960,0.031070,2024-08-15T18:12:00+00:00,2024-08-28T19:16:00+00:00,REV
SHORT,1.317960,1.314960,0.003000,2024-08-28T19:16:00+00:00,2024-09-04T17:00:00+00:00,REV
LONG,1.314960,1.313690,-0.001270,2024-09-04T17:00:00+00:00,2024-09-06T18:09:00+00:00,REV
SHORT,1.313690,1.310820,0.002870,2024-09-06T18:09:00+00:00,2024-09-11T08:21:00+00:00,REV
LONG,1.310820,1.304920,-0.005900,2024-09-11T08:21:00+00:00,2024-09-11T15:45:00+00:00,REV
SHORT,1.304920,1.311190,-0.006270,2024-09-11T15:45:00+00:00,2024-09-12T22:30:00+00:00,REV
LONG,1.311190,1.326780,0.015590,2024-09-12T22:30:00+00:00,2024-09-23T10:19:00+00:00,REV
SHORT,1.326780,1.334100,-0.007320,2024-09-23T10:19:00+00:00,2024-09-23T17:15:00+00:00,REV
LONG,1.334100,1.333160,-0.000940,2024-09-23T17:15:00+00:00,2024-09-25T19:22:00+00:00,REV
SHORT,1.333160,1.343040,-0.009880,2024-09-25T19:22:00+00:00,2024-09-26T18:52:00+00:00,REV
LONG,1.343040,1.335950,-0.007090,2024-09-26T18:52:00+00:00,2024-09-30T21:17:00+00:00,REV
SHORT,1.335950,1.307250,0.028700,2024-09-30T21:17:00+00:00,2024-10-15T10:59:00+00:00,REV
LONG,1.307250,1.303510,-0.003740,2024-10-15T10:59:00+00:00,2024-10-16T09:00:00+00:00,REV
SHORT,1.303510,1.302360,0.001150,2024-10-16T09:00:00+00:00,2024-10-18T05:35:00+00:00,REV
LONG,1.302360,1.300180,-0.002180,2024-10-18T05:35:00+00:00,2024-10-21T17:35:00+00:00,REV
SHORT,1.300180,1.298840,0.001340,2024-10-21T17:35:00+00:00,2024-10-25T14:00:00+00:00,REV
LONG,1.298840,1.295790,-0.003050,2024-10-25T14:00:00+00:00,2024-10-28T00:30:00+00:00,REV
SHORT,1.295790,1.297280,-0.001490,2024-10-28T00:30:00+00:00,2024-10-28T10:01:00+00:00,REV
LONG,1.297280,1.295770,-0.001510,2024-10-28T10:01:00+00:00,2024-10-30T14:15:00+00:00,REV
SHORT,1.295770,1.301720,-0.005950,2024-10-30T14:15:00+00:00,2024-10-30T16:07:00+00:00,REV
LONG,1.301720,1.293660,-0.008060,2024-10-30T16:07:00+00:00,2024-10-31T15:54:00+00:00,REV
SHORT,1.293660,1.298090,-0.004430,2024-10-31T15:54:00+00:00,2024-11-04T04:48:00+00:00,REV
LONG,1.298090,1.294760,-0.003330,2024-11-04T04:48:00+00:00,2024-11-06T04:10:00+00:00,REV
SHORT,1.294760,1.268700,0.026060,2024-11-06T04:10:00+00:00,2024-11-19T05:18:00+00:00,REV
LONG,1.268700,1.263050,-0.005650,2024-11-19T05:18:00+00:00,2024-11-21T11:08:00+00:00,REV
SHORT,1.263050,1.259490,0.003560,2024-11-21T11:08:00+00:00,2024-11-25T01:29:00+00:00,REV
LONG,1.259490,1.254140,-0.005350,2024-11-25T01:29:00+00:00,2024-11-26T01:43:00+00:00,REV
SHORT,1.254140,1.261390,-0.007250,2024-11-26T01:43:00+00:00,2024-11-26T14:37:00+00:00,REV
LONG,1.261390,1.267150,0.005760,2024-11-26T14:37:00+00:00,2024-12-02T14:54:00+00:00,REV
SHORT,1.267150,1.270010,-0.002860,2024-12-02T14:54:00+00:00,2024-12-04T08:50:00+00:00,REV
LONG,1.270010,1.263620,-0.006390,2024-12-04T08:50:00+00:00,2024-12-04T11:04:00+00:00,REV
SHORT,1.263620,1.272200,-0.008580,2024-12-04T11:04:00+00:00,2024-12-05T09:06:00+00:00,REV
LONG,1.272200,1.272060,-0.000140,2024-12-05T09:06:00+00:00,2024-12-09T06:04:00+00:00,REV
SHORT,1.272060,1.277820,-0.005760,2024-12-09T06:04:00+00:00,2024-12-11T01:48:00+00:00,REV
LONG,1.277820,1.272370,-0.005450,2024-12-11T01:48:00+00:00,2024-12-11T12:07:00+00:00,REV
SHORT,1.272370,1.278210,-0.005840,2024-12-11T12:07:00+00:00,2024-12-12T09:08:00+00:00,REV
LONG,1.278210,1.271280,-0.006930,2024-12-12T09:08:00+00:00,2024-12-12T16:12:00+00:00,REV
SHORT,1.271280,1.267980,0.003300,2024-12-12T16:12:00+00:00,2024-12-16T17:28:00+00:00,REV
LONG,1.267980,1.266570,-0.001410,2024-12-16T17:28:00+00:00,2024-12-18T21:00:00+00:00,REV
SHORT,1.266570,1.255350,0.011220,2024-12-18T21:00:00+00:00,2024-12-27T13:55:00+00:00,REV
LONG,1.255350,1.250570,-0.004780,2024-12-27T13:55:00+00:00,2024-12-31T19:31:00+00:00,REV
SHORT,1.250570,1.243460,0.007110,2024-12-31T19:31:00+00:00,2025-01-06T03:15:00+00:00,REV
LONG,1.243460,1.247550,0.004090,2025-01-06T03:15:00+00:00,2025-01-08T00:00:00+00:00,REV
SHORT,1.247550,1.221080,0.026470,2025-01-08T00:00:00+00:00,2025-01-14T00:36:00+00:00,REV
LONG,1.221080,1.217430,-0.003650,2025-01-14T00:36:00+00:00,2025-01-17T09:20:00+00:00,REV
SHORT,1.217430,1.224480,-0.007050,2025-01-17T09:20:00+00:00,2025-01-20T15:31:00+00:00,REV
LONG,1.224480,1.230700,0.006220,2025-01-20T15:31:00+00:00,2025-01-23T01:13:00+00:00,REV
SHORT,1.230700,1.237590,-0.006890,2025-01-23T01:13:00+00:00,2025-01-24T04:15:00+00:00,REV
LONG,1.237590,1.242550,0.004960,2025-01-24T04:15:00+00:00,2025-01-28T13:52:00+00:00,REV
SHORT,1.242550,1.246390,-0.003840,2025-01-28T13:52:00+00:00,2025-01-30T15:57:00+00:00,REV
LONG,1.246390,1.240740,-0.005650,2025-01-30T15:57:00+00:00,2025-01-31T03:27:00+00:00,REV
SHORT,1.240740,1.245550,-0.004810,2025-01-31T03:27:00+00:00,2025-02-04T17:00:00+00:00,REV
LONG,1.245550,1.246300,0.000750,2025-02-04T17:00:00+00:00,2025-02-06T10:12:00+00:00,REV
SHORT,1.246300,1.242270,0.004030,2025-02-06T10:12:00+00:00,2025-02-11T18:28:00+00:00,REV
LONG,1.242270,1.258170,0.015900,2025-02-11T18:28:00+00:00,2025-02-19T13:33:00+00:00,REV
SHORT,1.258170,1.264060,-0.005890,2025-02-19T13:33:00+00:00,2025-02-20T17:45:00+00:00,REV
LONG,1.264060,1.262460,-0.001600,2025-02-20T17:45:00+00:00,2025-02-24T16:39:00+00:00,REV
SHORT,1.262460,1.267840,-0.005380,2025-02-24T16:39:00+00:00,2025-02-26T17:30:00+00:00,REV
LONG,1.267840,1.263500,-0.004340,2025-02-26T17:30:00+00:00,2025-02-27T15:53:00+00:00,REV
SHORT,1.263500,1.262220,0.001280,2025-02-27T15:53:00+00:00,2025-03-03T11:53:00+00:00,REV
LONG,1.262220,1.289990,0.027770,2025-03-03T11:53:00+00:00,2025-03-10T09:48:00+00:00,REV
SHORT,1.289990,1.292180,-0.002190,2025-03-10T09:48:00+00:00,2025-03-10T12:30:00+00:00,REV
LONG,1.292180,1.292050,-0.000130,2025-03-10T12:30:00+00:00,2025-03-14T09:50:00+00:00,REV
SHORT,1.292050,1.293260,-0.001210,2025-03-14T09:50:00+00:00,2025-03-17T00:14:00+00:00,REV
LONG,1.293260,1.295480,0.002220,2025-03-17T00:14:00+00:00,2025-03-20T11:22:00+00:00,REV
SHORT,1.295480,1.290990,0.004490,2025-03-20T11:22:00+00:00,2025-03-24T00:00:00+00:00,REV
LONG,1.290990,1.290170,-0.000820,2025-03-24T00:00:00+00:00,2025-03-26T10:12:00+00:00,REV
SHORT,1.290170,1.294930,-0.004760,2025-03-26T10:12:00+00:00,2025-03-27T14:30:00+00:00,REV
LONG,1.294930,1.292130,-0.002800,2025-03-27T14:30:00+00:00,2025-03-31T13:11:00+00:00,REV
SHORT,1.292130,1.294120,-0.001990,2025-03-31T13:11:00+00:00,2025-04-02T12:44:00+00:00,REV
LONG,1.294120,1.297080,0.002960,2025-04-02T12:44:00+00:00,2025-04-04T12:05:00+00:00,REV
SHORT,1.297080,1.281510,0.015570,2025-04-04T12:05:00+00:00,2025-04-09T03:52:00+00:00,REV
LONG,1.281510,1.321170,0.039660,2025-04-09T03:52:00+00:00,2025-04-17T03:57:00+00:00,REV
SHORT,1.321170,1.327380,-0.006210,2025-04-17T03:57:00+00:00,2025-04-18T03:09:00+00:00,REV
LONG,1.327380,1.332540,0.005160,2025-04-18T03:09:00+00:00,2025-04-23T00:32:00+00:00,REV
SHORT,1.332540,1.333950,-0.001410,2025-04-23T00:32:00+00:00,2025-04-24T22:38:00+00:00,REV
LONG,1.333950,1.338010,0.004060,2025-04-24T22:38:00+00:00,2025-04-30T11:00:00+00:00,REV
SHORT,1.338010,1.333130,0.004880,2025-04-30T11:00:00+00:00,2025-05-05T15:24:00+00:00,REV
LONG,1.333130,1.327970,-0.005160,2025-05-05T15:24:00+00:00,2025-05-08T09:39:00+00:00,REV
SHORT,1.327970,1.329980,-0.002010,2025-05-08T09:39:00+00:00,2025-05-13T20:04:00+00:00,REV
LONG,1.329980,1.325430,-0.004550,2025-05-13T20:04:00+00:00,2025-05-16T17:46:00+00:00,REV
SHORT,1.325430,1.333310,-0.007880,2025-05-16T17:46:00+00:00,2025-05-19T10:09:00+00:00,REV
LONG,1.333310,1.352180,0.018870,2025-05-19T10:09:00+00:00,2025-05-27T10:58:00+00:00,REV
SHORT,1.352180,1.350790,0.001390,2025-05-27T10:58:00+00:00,2025-05-30T03:19:00+00:00,REV
LONG,1.350790,1.354040,0.003250,2025-05-30T03:19:00+00:00,2025-06-06T10:02:00+00:00,REV
SHORT,1.354040,1.356470,-0.002430,2025-06-06T10:02:00+00:00,2025-06-11T20:56:00+00:00,REV
LONG,1.356470,1.352260,-0.004210,2025-06-11T20:56:00+00:00,2025-06-13T09:42:00+00:00,REV
SHORT,1.352260,1.347070,0.005190,2025-06-13T09:42:00+00:00,2025-06-20T01:07:00+00:00,REV
LONG,1.347070,1.340670,-0.006400,2025-06-20T01:07:00+00:00,2025-06-23T00:00:00+00:00,REV
SHORT,1.340670,1.351180,-0.010510,2025-06-23T00:00:00+00:00,2025-06-23T20:23:00+00:00,REV
LONG,1.351180,1.368270,0.017090,2025-06-23T20:23:00+00:00,2025-06-30T16:35:00+00:00,REV
SHORT,1.368270,1.374130,-0.005860,2025-06-30T16:35:00+00:00,2025-07-01T03:58:00+00:00,REV
LONG,1.374130,1.370300,-0.003830,2025-07-01T03:58:00+00:00,2025-07-02T11:00:00+00:00,REV
SHORT,1.370300,1.367650,0.002650,2025-07-02T11:00:00+00:00,2025-07-04T08:00:00+00:00,REV
LONG,1.367650,1.363450,-0.004200,2025-07-04T08:00:00+00:00,2025-07-07T04:44:00+00:00,REV
SHORT,1.363450,1.346800,0.016650,2025-07-07T04:44:00+00:00,2025-07-16T18:18:00+00:00,REV
LONG,1.346800,1.340550,-0.006250,2025-07-16T18:18:00+00:00,2025-07-21T00:14:00+00:00,REV
SHORT,1.340550,1.347590,-0.007040,2025-07-21T00:14:00+00:00,2025-07-21T14:50:00+00:00,REV
LONG,1.347590,1.351180,0.003590,2025-07-21T14:50:00+00:00,2025-07-24T19:18:00+00:00,REV
SHORT,1.351180,1.336450,0.014730,2025-07-24T19:18:00+00:00,2025-07-30T03:48:00+00:00,REV
LONG,1.336450,1.330730,-0.005720,2025-07-30T03:48:00+00:00,2025-07-30T15:58:00+00:00,REV
SHORT,1.330730,1.328270,0.002460,2025-07-30T15:58:00+00:00,2025-08-01T15:42:00+00:00,REV
LONG,1.328270,1.341770,0.013500,2025-08-01T15:42:00+00:00,2025-08-11T15:35:00+00:00,REV
SHORT,1.341770,1.347720,-0.005950,2025-08-11T15:35:00+00:00,2025-08-12T15:30:00+00:00,REV
LONG,1.347720,1.352240,0.004520,2025-08-12T15:30:00+00:00,2025-08-18T17:46:00+00:00,REV
SHORT,1.352240,1.348320,0.003920,2025-08-18T17:46:00+00:00,2025-08-22T17:01:00+00:00,REV
LONG,1.348320,1.344600,-0.003720,2025-08-22T17:01:00+00:00,2025-08-26T09:20:00+00:00,REV
SHORT,1.344600,1.349380,-0.004780,2025-08-26T09:20:00+00:00,2025-08-27T19:47:00+00:00,REV
LONG,1.349380,1.347990,-0.001390,2025-08-27T19:47:00+00:00,2025-08-29T11:19:00+00:00,REV
SHORT,1.347990,1.351780,-0.003790,2025-08-29T11:19:00+00:00,2025-09-01T03:37:00+00:00,REV
LONG,1.351780,1.349420,-0.002360,2025-09-01T03:37:00+00:00,2025-09-02T10:10:00+00:00,REV
SHORT,1.349420,1.345890,0.003530,2025-09-02T10:10:00+00:00,2025-09-04T12:03:00+00:00,REV
LONG,1.345890,1.351800,0.005910,2025-09-04T12:03:00+00:00,2025-09-10T00:04:00+00:00,REV
SHORT,1.351800,1.356460,-0.004660,2025-09-10T00:04:00+00:00,2025-09-11T17:17:00+00:00,REV
LONG,1.356460,1.361630,0.005170,2025-09-11T17:17:00+00:00,2025-09-18T00:04:00+00:00,REV
SHORT,1.361630,1.352110,0.009520,2025-09-18T00:04:00+00:00,2025-09-23T03:59:00+00:00,REV
LONG,1.352110,1.348680,-0.003430,2025-09-23T03:59:00+00:00,2025-09-24T10:13:00+00:00,REV
SHORT,1.348680,1.341350,0.007330,2025-09-24T10:13:00+00:00,2025-09-29T03:04:00+00:00,REV
LONG,1.341350,1.343460,0.002110,2025-09-29T03:04:00+00:00,2025-10-02T16:49:00+00:00,REV
SHORT,1.343460,1.348780,-0.005320,2025-10-02T16:49:00+00:00,2025-10-06T22:35:00+00:00,REV
LONG,1.348780,1.341620,-0.007160,2025-10-06T22:35:00+00:00,2025-10-07T14:20:00+00:00,REV
SHORT,1.341620,1.335280,0.006340,2025-10-07T14:20:00+00:00,2025-10-15T06:09:00+00:00,REV
LONG,1.335280,1.339370,0.004090,2025-10-15T06:09:00+00:00,2025-10-17T17:56:00+00:00,REV
SHORT,1.339370,1.336020,0.003350,2025-10-17T17:56:00+00:00,2025-10-24T15:30:00+00:00,REV
LONG,1.336020,1.330750,-0.005270,2025-10-24T15:30:00+00:00,2025-10-24T17:46:00+00:00,REV
SHORT,1.330750,1.332360,-0.001610,2025-10-24T17:46:00+00:00,2025-10-27T00:00:00+00:00,REV
LONG,1.332360,1.331700,-0.000660,2025-10-27T00:00:00+00:00,2025-10-27T06:06:00+00:00,REV
SHORT,1.331700,1.335360,-0.003660,2025-10-27T06:06:00+00:00,2025-10-28T02:35:00+00:00,REV
LONG,1.335360,1.331030,-0.004330,2025-10-28T02:35:00+00:00,2025-10-28T10:39:00+00:00,REV
SHORT,1.331030,1.305470,0.025560,2025-10-28T10:39:00+00:00,2025-11-06T02:23:00+00:00,REV
LONG,1.305470,1.313530,0.008060,2025-11-06T02:23:00+00:00,2025-11-11T09:00:00+00:00,REV
SHORT,1.313530,1.315590,-0.002060,2025-11-11T09:00:00+00:00,2025-11-13T10:53:00+00:00,REV
LONG,1.315590,1.313580,-0.002010,2025-11-13T10:53:00+00:00,2025-11-18T15:10:00+00:00,REV
SHORT,1.313580,1.311010,0.002570,2025-11-18T15:10:00+00:00,2025-11-24T08:06:00+00:00,REV
LONG,1.311010,1.320990,0.009980,2025-11-24T08:06:00+00:00,2025-11-28T10:04:00+00:00,REV
SHORT,1.320990,1.325530,-0.004540,2025-11-28T10:04:00+00:00,2025-12-01T14:38:00+00:00,REV
LONG,1.325530,1.320540,-0.004990,2025-12-01T14:38:00+00:00,2025-12-02T02:32:00+00:00,REV
SHORT,1.320540,1.322230,-0.001690,2025-12-02T02:32:00+00:00,2025-12-03T02:02:00+00:00,REV
LONG,1.322230,1.332160,0.009930,2025-12-03T02:02:00+00:00,2025-12-05T00:00:00+00:00,REV
SHORT,1.332160,1.334680,-0.002520,2025-12-05T00:00:00+00:00,2025-12-09T10:54:00+00:00,REV
LONG,1.334680,1.330540,-0.004140,2025-12-09T10:54:00+00:00,2025-12-09T16:24:00+00:00,REV
SHORT,1.330540,1.335670,-0.005130,2025-12-09T16:24:00+00:00,2025-12-10T21:07:00+00:00,REV
LONG,1.335670,1.335440,-0.000230,2025-12-10T21:07:00+00:00,2025-12-12T17:54:00+00:00,REV
SHORT,1.335440,1.340030,-0.004590,2025-12-12T17:54:00+00:00,2025-12-15T16:45:00+00:00,REV
LONG,1.340030,1.335540,-0.004490,2025-12-15T16:45:00+00:00,2025-12-17T09:00:00+00:00,REV
SHORT,1.335540,1.342750,-0.007210,2025-12-17T09:00:00+00:00,2025-12-18T15:30:00+00:00,REV
LONG,1.342750,1.349070,0.006320,2025-12-18T15:30:00+00:00,2025-12-25T00:50:00+00:00,REV
SHORT,1.349070,1.351630,-0.002560,2025-12-25T00:50:00+00:00,2025-12-30T07:13:00+00:00,REV
LONG,1.351630,1.346900,-0.004730,2025-12-30T07:13:00+00:00,2025-12-30T17:05:00+00:00,REV
SHORT,1.346900,1.348410,-0.001510,2025-12-30T17:05:00+00:00,2026-01-02T03:05:00+00:00,REV
LONG,1.348410,1.343390,-0.005020,2026-01-02T03:05:00+00:00,2026-01-05T04:21:00+00:00,REV
SHORT,1.343390,1.350270,-0.006880,2026-01-05T04:21:00+00:00,2026-01-05T17:57:00+00:00,REV
LONG,1.350270,1.349140,-0.001130,2026-01-05T17:57:00+00:00,2026-01-07T09:50:00+00:00,REV
SHORT,1.349140,1.345140,0.004000,2026-01-07T09:50:00+00:00,2026-01-12T10:02:00+00:00,REV
LONG,1.345140,1.342080,-0.003060,2026-01-12T10:02:00+00:00,2026-01-14T00:00:00+00:00,REV
SHORT,1.342080,1.341360,0.000720,2026-01-14T00:00:00+00:00,2026-01-19T11:01:00+00:00,REV
LONG,1.341360,1.341010,-0.000350,2026-01-19T11:01:00+00:00,2026-01-21T11:48:00+00:00,REV
SHORT,1.341010,1.345980,-0.004970,2026-01-21T11:48:00+00:00,2026-01-22T17:07:00+00:00,REV
LONG,1.345980,1.374960,0.028980,2026-01-22T17:07:00+00:00,2026-01-29T17:27:00+00:00,REV
SHORT,1.374960,1.370790,0.004170,2026-01-29T17:27:00+00:00,2026-02-04T03:19:00+00:00,REV
LONG,1.370790,1.365030,-0.005760,2026-02-04T03:19:00+00:00,2026-02-04T18:11:00+00:00,REV
SHORT,1.365030,1.362400,0.002630,2026-02-04T18:11:00+00:00,2026-02-09T08:01:00+00:00,REV
LONG,1.362400,1.363650,0.001250,2026-02-09T08:01:00+00:00,2026-02-11T00:04:00+00:00,REV
SHORT,1.363650,1.369760,-0.006110,2026-02-11T00:04:00+00:00,2026-02-11T11:34:00+00:00,REV
LONG,1.369760,1.360900,-0.008860,2026-02-11T11:34:00+00:00,2026-02-12T08:32:00+00:00,REV
SHORT,1.360900,1.365980,-0.005080,2026-02-12T08:32:00+00:00,2026-02-16T10:05:00+00:00,REV
LONG,1.365980,1.362140,-0.003840,2026-02-16T10:05:00+00:00,2026-02-17T00:04:00+00:00,REV
SHORT,1.362140,1.351550,0.010590,2026-02-17T00:04:00+00:00,2026-02-23T01:36:00+00:00,REV
LONG,1.351550,1.347550,-0.004000,2026-02-23T01:36:00+00:00,2026-02-24T09:12:00+00:00,REV
SHORT,1.347550,1.353550,-0.006000,2026-02-24T09:12:00+00:00,2026-02-24T18:27:00+00:00,REV
LONG,1.353550,1.348510,-0.005040,2026-02-24T18:27:00+00:00,2026-02-26T19:19:00+00:00,REV
SHORT,1.348510,1.338740,0.009770,2026-02-26T19:19:00+00:00,2026-03-06T15:30:00+00:00,REV
LONG,1.338740,1.333200,-0.005540,2026-03-06T15:30:00+00:00,2026-03-09T00:05:00+00:00,REV
SHORT,1.333200,1.335440,-0.002240,2026-03-09T00:05:00+00:00,2026-03-09T11:32:00+00:00,REV
LONG,1.335440,1.341010,0.005570,2026-03-09T11:32:00+00:00,2026-03-11T00:47:00+00:00,REV
SHORT,1.341010,1.324350,0.016660,2026-03-11T00:47:00+00:00,2026-03-16T01:12:00+00:00,REV
LONG,1.324350,1.327320,0.002970,2026-03-16T01:12:00+00:00,2026-03-18T22:11:00+00:00,REV
SHORT,1.327320,1.337510,-0.010190,2026-03-18T22:11:00+00:00,2026-03-19T17:05:00+00:00,REV
LONG,1.337510,1.329990,-0.007520,2026-03-19T17:05:00+00:00,2026-03-23T08:00:00+00:00,REV
SHORT,1.329990,1.331820,-0.001830,2026-03-23T08:00:00+00:00,2026-03-23T10:19:00+00:00,REV
LONG,1.331820,1.335790,0.003970,2026-03-23T10:19:00+00:00,2026-03-26T02:41:00+00:00,REV
SHORT,1.335790,1.326480,0.009310,2026-03-26T02:41:00+00:00,2026-04-01T08:49:00+00:00,REV
LONG,1.326480,1.321560,-0.004920,2026-04-01T08:49:00+00:00,2026-04-02T08:55:00+00:00,REV
SHORT,1.321560,1.324310,-0.002750,2026-04-02T08:55:00+00:00,2026-04-06T10:47:00+00:00,REV
LONG,1.324310,1.338830,0.014520,2026-04-06T10:47:00+00:00,2026-04-13T00:00:00+00:00,REV
SHORT,1.338830,1.347970,-0.009140,2026-04-13T00:00:00+00:00,2026-04-13T19:47:00+00:00,REV
LONG,1.347970,1.354320,0.006350,2026-04-13T19:47:00+00:00,2026-04-16T12:22:00+00:00,REV
SHORT,1.354320,1.359540,-0.005220,2026-04-16T12:22:00+00:00,2026-04-17T16:08:00+00:00,REV
LONG,1.359540,1.351620,-0.007920,2026-04-17T16:08:00+00:00,2026-04-17T23:09:00+00:00,REV
SHORT,1.351620,1.351870,-0.000250,2026-04-17T23:09:00+00:00,2026-04-24T18:50:00+00:00,REV
LONG,1.351870,1.349630,-0.002240,2026-04-24T18:50:00+00:00,2026-04-28T12:22:00+00:00,REV
SHORT,1.349630,1.352850,-0.003220,2026-04-28T12:22:00+00:00,2026-04-30T13:57:00+00:00,REV
LONG,1.352850,1.356820,0.003970,2026-04-30T13:57:00+00:00,2026-05-04T10:29:00+00:00,REV
SHORT,1.356820,1.357910,-0.001090,2026-05-04T10:29:00+00:00,2026-05-06T02:20:00+00:00,REV
LONG,1.357910,1.354500,-0.003410,2026-05-06T02:20:00+00:00,2026-05-08T00:00:00+00:00,REV
SHORT,1.354500,1.363300,-0.008800,2026-05-08T00:00:00+00:00,2026-05-08T23:09:00+00:00,REV
LONG,1.363300,1.355230,-0.008070,2026-05-08T23:09:00+00:00,2026-05-12T09:50:00+00:00,REV
SHORT,1.355230,1.340500,0.014730,2026-05-12T09:50:00+00:00,2026-05-18T18:36:00+00:00,REV
LONG,1.340500,1.337800,-0.002700,2026-05-18T18:36:00+00:00,2026-05-20T04:36:00+00:00,REV
SHORT,1.337800,1.343780,-0.005980,2026-05-20T04:36:00+00:00,2026-05-20T17:55:00+00:00,REV
LONG,1.343780,1.344610,0.000830,2026-05-20T17:55:00+00:00,2026-05-26T18:02:00+00:00,REV
SHORT,1.344610,1.345160,-0.000550,2026-05-26T18:02:00+00:00,2026-05-29T17:49:00+00:00,REV
LONG,1.345160,1.340800,-0.004360,2026-05-29T17:49:00+00:00,2026-06-01T17:02:00+00:00,REV
SHORT,1.340800,1.347670,-0.006870,2026-06-01T17:02:00+00:00,2026-06-02T09:12:00+00:00,REV
LONG,1.347670,1.344920,-0.002750,2026-06-02T09:12:00+00:00,2026-06-03T09:00:00+00:00,REV
SHORT,1.344920,1.346320,-0.001400,2026-06-03T09:00:00+00:00,2026-06-05T12:13:00+00:00,REV
LONG,1.346320,1.341120,-0.005200,2026-06-05T12:13:00+00:00,2026-06-05T15:57:00+00:00,REV
SHORT,1.341120,1.337030,0.004090,2026-06-05T15:57:00+00:00,2026-06-09T09:12:00+00:00,REV
LONG,1.337030,1.336480,-0.000550,2026-06-09T09:12:00+00:00,2026-06-11T00:53:00+00:00,REV
SHORT,1.336480,1.342390,-0.005910,2026-06-11T00:53:00+00:00,2026-06-11T22:30:00+00:00,REV
LONG,1.342390,1.340160,-0.002230,2026-06-11T22:30:00+00:00,2026-06-16T05:03:00+00:00,REV
SHORT,1.340160,1.324120,0.016040,2026-06-16T05:03:00+00:00,2026-06-22T13:09:00+00:00,REV
LONG,1.324120,1.318330,-0.005790,2026-06-22T13:09:00+00:00,2026-06-23T20:05:00+00:00,REV
SHORT,1.318330,1.320950,-0.002620,2026-06-23T20:05:00+00:00,2026-06-25T17:04:00+00:00,REV
LONG,1.320950,1.333430,0.012480,2026-06-25T17:04:00+00:00,2026-07-06T09:18:00+00:00,REV
SHORT,1.333430,1.338160,-0.004730,2026-07-06T09:18:00+00:00,2026-07-06T20:37:00+00:00,REV
LONG,1.338160,1.334860,-0.003300,2026-07-06T20:37:00+00:00,2026-07-08T00:49:00+00:00,REV
SHORT,1.334860,1.340220,-0.005360,2026-07-08T00:49:00+00:00,2026-07-08T20:13:00+00:00,REV
LONG,1.340220,1.338490,-0.001730,2026-07-08T20:13:00+00:00,2026-07-13T00:00:00+00:00,REV
SHORT,1.338490,1.341220,-0.002730,2026-07-13T00:00:00+00:00,2026-07-14T15:30:00+00:00,REV
LONG,1.341220,1.345940,0.004720,2026-07-14T15:30:00+00:00,2026-07-17T07:28:00+00:00,REV
SHORT,1.345940,1.348130,-0.002190,2026-07-17T07:28:00+00:00,2026-07-20T10:42:00+00:00,REV
LONG,1.348130,1.342590,-0.005540,2026-07-20T10:42:00+00:00,2026-07-20T18:03:00+00:00,REV
SHORT,1.342590,1.334980,0.007610,2026-07-20T18:03:00+00:00,2026-07-27T01:01:00+00:00,REV
LONG,1.334980,1.329630,-0.005350,2026-07-27T01:01:00+00:00,2026-07-27T20:03:00+00:00,REV
SHORT,1.329630,1.331180,-0.001550,2026-07-27T20:03:00+00:00,2026-07-29T21:00:00+00:00,REV
LONG,1.331180,1.344670,0.013490,2026-07-29T21:00:00+00:00,2026-08-07T00:04:00+00:00,REV
SHORT,1.344670,1.347980,-0.003310,2026-08-07T00:04:00+00:00,2026-08-07T15:30:00+00:00,REV
LONG,1.347980,1.349180,0.001200,2026-08-07T15:30:00+00:00,2026-08-12T20:53:00+00:00,REV
SHORT,1.349180,1.351360,-0.002180,2026-08-12T20:53:00+00:00,2026-08-14T10:48:00+00:00,REV
LONG,1.351360,1.352720,0.001360,2026-08-14T10:48:00+00:00,2026-08-18T09:03:00+00:00,REV
SHORT,1.352720,1.355440,-0.002720,2026-08-18T09:03:00+00:00,2026-08-19T09:22:00+00:00,REV
LONG,1.355440,1.362160,0.006720,2026-08-19T09:22:00+00:00,2026-08-26T13:17:00+00:00,REV
SHORT,1.362160,1.351520,0.010640,2026-08-26T13:17:00+00:00,2026-09-03T15:51:00+00:00,REV
LONG,1.351520,1.353010,0.001490,2026-09-03T15:51:00+00:00,2026-09-10T14:11:00+00:00,REV
SHORT,1.353010,1.339860,0.013150,2026-09-10T14:11:00+00:00,2026-09-21T15:03:00+00:00,REV
LONG,1.339860,1.336470,-0.003390,2026-09-21T15:03:00+00:00,2026-09-22T00:00:00+00:00,REV
SHORT,1.336470,1.323860,0.012610,2026-09-22T00:00:00+00:00,2026-09-24T02:59:00+00:00,END
