direction,entry,exit,pnl,open_time,close_time,reason
SHORT,1.658800,1.635090,0.023710,2000-06-06T10:58:00+00:00,2000-06-21T03:59:00+00:00,REV
LONG,1.635090,1.636300,0.001210,2000-06-21T03:59:00+00:00,2000-06-27T21:45:00+00:00,REV
SHORT,1.636300,1.633990,0.002310,2000-06-27T21:45:00+00:00,2000-07-11T18:58:00+00:00,REV
LONG,1.633990,1.656100,0.022110,2000-07-11T18:58:00+00:00,2000-07-25T12:02:00+00:00,REV
SHORT,1.656100,1.667290,-0.011190,2000-07-25T12:02:00+00:00,2000-07-28T10:26:00+00:00,REV
LONG,1.667290,1.701400,0.034110,2000-07-28T10:26:00+00:00,2000-08-11T10:08:00+00:00,REV
SHORT,1.701400,1.724790,-0.023390,2000-08-11T10:08:00+00:00,2000-08-14T04:18:00+00:00,REV
LONG,1.724790,1.703300,-0.021490,2000-08-14T04:18:00+00:00,2000-08-18T10:47:00+00:00,REV
SHORT,1.703300,1.720490,-0.017190,2000-08-18T10:47:00+00:00,2000-08-18T15:54:00+00:00,REV
LONG,1.720490,1.719500,-0.000990,2000-08-18T15:54:00+00:00,2000-08-24T00:43:00+00:00,REV
SHORT,1.719500,1.725890,-0.006390,2000-08-24T00:43:00+00:00,2000-08-29T15:36:00+00:00,REV
LONG,1.725890,1.767900,0.042010,2000-08-29T15:36:00+00:00,2000-09-12T07:51:00+00:00,REV
SHORT,1.767900,1.776490,-0.008590,2000-09-12T07:51:00+00:00,2000-09-15T15:31:00+00:00,REV
LONG,1.776490,1.773000,-0.003490,2000-09-15T15:31:00+00:00,2000-09-21T10:31:00+00:00,REV
SHORT,1.773000,1.738990,0.034010,2000-09-21T10:31:00+00:00,2000-09-29T14:13:00+00:00,REV
LONG,1.738990,1.739800,0.000810,2000-09-29T14:13:00+00:00,2000-10-11T05:03:00+00:00,REV
SHORT,1.739800,1.755890,-0.016090,2000-10-11T05:03:00+00:00,2000-10-13T18:05:00+00:00,REV
LONG,1.755890,1.796100,0.040210,2000-10-13T18:05:00+00:00,2000-10-30T10:55:00+00:00,REV
SHORT,1.796100,1.780590,0.015510,2000-10-30T10:55:00+00:00,2000-11-08T19:16:00+00:00,REV
LONG,1.780590,1.753000,-0.027590,2000-11-08T19:16:00+00:00,2000-11-10T00:52:00+00:00,REV
SHORT,1.753000,1.779590,-0.026590,2000-11-10T00:52:00+00:00,2000-11-15T18:45:00+00:00,REV
LONG,1.779590,1.793000,0.013410,2000-11-15T18:45:00+00:00,2000-11-27T15:39:00+00:00,REV
SHORT,1.793000,1.718990,0.074010,2000-11-27T15:39:00+00:00,2000-12-13T05:19:00+00:00,REV
LONG,1.718990,1.701100,-0.017890,2000-12-13T05:19:00+00:00,2000-12-14T09:46:00+00:00,REV
SHORT,1.701100,1.622390,0.078710,2000-12-14T09:46:00+00:00,2001-01-10T16:42:00+00:00,REV
LONG,1.622390,1.639700,0.017310,2001-01-10T16:42:00+00:00,2001-01-31T21:11:00+00:00,REV
SHORT,1.639700,1.650190,-0.010490,2001-01-31T21:11:00+00:00,2001-02-06T14:48:00+00:00,REV
LONG,1.650190,1.665400,0.015210,2001-02-06T14:48:00+00:00,2001-02-19T13:53:00+00:00,REV
SHORT,1.665400,1.695590,-0.030190,2001-02-19T13:53:00+00:00,2001-02-22T16:10:00+00:00,REV
LONG,1.695590,1.668500,-0.027090,2001-02-22T16:10:00+00:00,2001-02-28T13:42:00+00:00,REV
SHORT,1.668500,1.660390,0.008110,2001-02-28T13:42:00+00:00,2001-03-07T19:45:00+00:00,REV
LONG,1.660390,1.688200,0.027810,2001-03-07T19:45:00+00:00,2001-03-21T00:17:00+00:00,REV
SHORT,1.688200,1.716890,-0.028690,2001-03-21T00:17:00+00:00,2001-03-22T10:14:00+00:00,REV
LONG,1.716890,1.709400,-0.007490,2001-03-22T10:14:00+00:00,2001-03-27T16:17:00+00:00,REV
SHORT,1.709400,1.729590,-0.020190,2001-03-27T16:17:00+00:00,2001-03-29T09:51:00+00:00,REV
LONG,1.729590,1.721300,-0.008290,2001-03-29T09:51:00+00:00,2001-04-03T16:11:00+00:00,REV
SHORT,1.721300,1.711890,0.009410,2001-04-03T16:11:00+00:00,2001-04-10T17:52:00+00:00,REV
LONG,1.711890,1.709500,-0.002390,2001-04-10T17:52:00+00:00,2001-04-19T21:26:00+00:00,REV
SHORT,1.709500,1.715590,-0.006090,2001-04-19T21:26:00+00:00,2001-04-25T03:04:00+00:00,REV
LONG,1.715590,1.723100,0.007510,2001-04-25T03:04:00+00:00,2001-05-03T01:07:00+00:00,REV
SHORT,1.723100,1.738390,-0.015290,2001-05-03T01:07:00+00:00,2001-05-04T07:57:00+00:00,REV
LONG,1.738390,1.720200,-0.018190,2001-05-04T07:57:00+00:00,2001-05-04T15:36:00+00:00,REV
SHORT,1.720200,1.746990,-0.026790,2001-05-04T15:36:00+00:00,2001-05-10T16:00:00+00:00,REV
LONG,1.746990,1.742000,-0.004990,2001-05-10T16:00:00+00:00,2001-05-16T02:51:00+00:00,REV
SHORT,1.742000,1.752290,-0.010290,2001-05-16T02:51:00+00:00,2001-05-21T11:02:00+00:00,REV
LONG,1.752290,1.777600,0.025310,2001-05-21T11:02:00+00:00,2001-06-05T22:51:00+00:00,REV
SHORT,1.777600,1.799990,-0.022390,2001-06-05T22:51:00+00:00,2001-06-07T14:41:00+00:00,REV
LONG,1.799990,1.786100,-0.013890,2001-06-07T14:41:00+00:00,2001-06-13T09:07:00+00:00,REV
SHORT,1.786100,1.792290,-0.006190,2001-06-13T09:07:00+00:00,2001-06-20T14:00:00+00:00,REV
LONG,1.792290,1.774500,-0.017790,2001-06-20T14:00:00+00:00,2001-06-22T18:43:00+00:00,REV
SHORT,1.774500,1.774390,0.000110,2001-06-22T18:43:00+00:00,2001-06-28T10:09:00+00:00,REV
LONG,1.774390,1.792700,0.018310,2001-06-28T10:09:00+00:00,2001-07-06T18:47:00+00:00,REV
SHORT,1.792700,1.779890,0.012810,2001-07-06T18:47:00+00:00,2001-07-17T09:21:00+00:00,REV
LONG,1.779890,1.761600,-0.018290,2001-07-17T09:21:00+00:00,2001-07-17T19:49:00+00:00,REV
SHORT,1.761600,1.730890,0.030710,2001-07-17T19:49:00+00:00,2001-07-30T10:09:00+00:00,REV
LONG,1.730890,1.712600,-0.018290,2001-07-30T10:09:00+00:00,2001-08-01T14:50:00+00:00,REV
SHORT,1.712600,1.718490,-0.005890,2001-08-01T14:50:00+00:00,2001-08-07T09:50:00+00:00,REV
LONG,1.718490,1.706700,-0.011790,2001-08-07T09:50:00+00:00,2001-08-09T02:05:00+00:00,REV
SHORT,1.706700,1.669690,0.037010,2001-08-09T02:05:00+00:00,2001-08-21T21:24:00+00:00,REV
LONG,1.669690,1.651400,-0.018290,2001-08-21T21:24:00+00:00,2001-08-22T11:03:00+00:00,REV
SHORT,1.651400,1.670290,-0.018890,2001-08-22T11:03:00+00:00,2001-08-23T13:59:00+00:00,REV
LONG,1.670290,1.658700,-0.011590,2001-08-23T13:59:00+00:00,2001-08-30T18:34:00+00:00,REV
SHORT,1.658700,1.675190,-0.016490,2001-08-30T18:34:00+00:00,2001-09-04T04:02:00+00:00,REV
LONG,1.675190,1.672800,-0.002390,2001-09-04T04:02:00+00:00,2001-09-10T02:58:00+00:00,REV
SHORT,1.672800,1.604090,0.068710,2001-09-10T02:58:00+00:00,2001-09-26T14:57:00+00:00,REV
LONG,1.604090,1.610100,0.006010,2001-09-26T14:57:00+00:00,2001-10-03T15:20:00+00:00,REV
SHORT,1.610100,1.626490,-0.016390,2001-10-03T15:20:00+00:00,2001-10-09T23:27:00+00:00,REV
LONG,1.626490,1.653200,0.026710,2001-10-09T23:27:00+00:00,2001-10-29T01:59:00+00:00,REV
SHORT,1.653200,1.636790,0.016410,2001-10-29T01:59:00+00:00,2001-11-05T03:01:00+00:00,REV
LONG,1.636790,1.632700,-0.004090,2001-11-05T03:01:00+00:00,2001-11-07T09:33:00+00:00,REV
SHORT,1.632700,1.647590,-0.014890,2001-11-07T09:33:00+00:00,2001-11-13T03:29:00+00:00,REV
LONG,1.647590,1.656600,0.009010,2001-11-13T03:29:00+00:00,2001-11-20T02:05:00+00:00,REV
SHORT,1.656600,1.665490,-0.008890,2001-11-20T02:05:00+00:00,2001-11-26T01:59:00+00:00,REV
LONG,1.665490,1.655400,-0.010090,2001-11-26T01:59:00+00:00,2001-11-28T06:53:00+00:00,REV
SHORT,1.655400,1.659290,-0.003890,2001-11-28T06:53:00+00:00,2001-12-05T17:05:00+00:00,REV
LONG,1.659290,1.653000,-0.006290,2001-12-05T17:05:00+00:00,2001-12-12T00:04:00+00:00,REV
SHORT,1.653000,1.651690,0.001310,2001-12-12T00:04:00+00:00,2001-12-24T02:04:00+00:00,REV
LONG,1.651690,1.655800,0.004110,2001-12-24T02:04:00+00:00,2002-01-02T10:00:00+00:00,REV
SHORT,1.655800,1.661490,-0.005690,2002-01-02T10:00:00+00:00,2002-01-09T01:31:00+00:00,REV
LONG,1.661490,1.696200,0.034710,2002-01-09T01:31:00+00:00,2002-02-04T19:23:00+00:00,REV
SHORT,1.696200,1.703990,-0.007790,2002-02-04T19:23:00+00:00,2002-02-19T09:44:00+00:00,REV
LONG,1.703990,1.688400,-0.015590,2002-02-19T09:44:00+00:00,2002-02-19T18:17:00+00:00,REV
SHORT,1.688400,1.705290,-0.016890,2002-02-19T18:17:00+00:00,2002-02-26T19:20:00+00:00,REV
LONG,1.705290,1.696200,-0.009090,2002-02-26T19:20:00+00:00,2002-03-05T19:30:00+00:00,REV
SHORT,1.696200,1.668290,0.027910,2002-03-05T19:30:00+00:00,2002-03-25T03:12:00+00:00,REV
LONG,1.668290,1.661600,-0.006690,2002-03-25T03:12:00+00:00,2002-04-01T16:02:00+00:00,REV
SHORT,1.661600,1.673890,-0.012290,2002-04-01T16:02:00+00:00,2002-04-08T17:36:00+00:00,REV
LONG,1.673890,1.662600,-0.011290,2002-04-08T17:36:00+00:00,2002-04-15T07:39:00+00:00,REV
SHORT,1.662600,1.603190,0.059410,2002-04-15T07:39:00+00:00,2002-05-08T14:59:00+00:00,REV
LONG,1.603190,1.578600,-0.024590,2002-05-08T14:59:00+00:00,2002-05-20T02:00:00+00:00,REV
SHORT,1.578600,1.586290,-0.007690,2002-05-20T02:00:00+00:00,2002-05-27T13:38:00+00:00,REV
LONG,1.586290,1.568300,-0.017990,2002-05-27T13:38:00+00:00,2002-05-29T20:10:00+00:00,REV
SHORT,1.568300,1.497990,0.070310,2002-05-29T20:10:00+00:00,2002-07-04T04:50:00+00:00,REV
LONG,1.497990,1.483700,-0.014290,2002-07-04T04:50:00+00:00,2002-07-09T00:21:00+00:00,REV
SHORT,1.483700,1.458090,0.025610,2002-07-09T00:21:00+00:00,2002-07-23T05:01:00+00:00,REV
LONG,1.458090,1.468800,0.010710,2002-07-23T05:01:00+00:00,2002-08-02T02:48:00+00:00,REV
SHORT,1.468800,1.492590,-0.023790,2002-08-02T02:48:00+00:00,2002-08-06T10:43:00+00:00,REV
LONG,1.492590,1.491900,-0.000690,2002-08-06T10:43:00+00:00,2002-08-12T15:43:00+00:00,REV
SHORT,1.491900,1.501590,-0.009690,2002-08-12T15:43:00+00:00,2002-08-19T17:00:00+00:00,REV
LONG,1.501590,1.496800,-0.004790,2002-08-19T17:00:00+00:00,2002-08-27T17:36:00+00:00,REV
SHORT,1.496800,1.487590,0.009210,2002-08-27T17:36:00+00:00,2002-09-09T04:01:00+00:00,REV
LONG,1.487590,1.497300,0.009710,2002-09-09T04:01:00+00:00,2002-09-19T09:59:00+00:00,REV
SHORT,1.497300,1.502190,-0.004890,2002-09-19T09:59:00+00:00,2002-09-25T15:03:00+00:00,REV
LONG,1.502190,1.486000,-0.016190,2002-09-25T15:03:00+00:00,2002-09-30T12:59:00+00:00,REV
SHORT,1.486000,1.491790,-0.005790,2002-09-30T12:59:00+00:00,2002-10-04T16:03:00+00:00,REV
LONG,1.491790,1.477500,-0.014290,2002-10-04T16:03:00+00:00,2002-10-10T11:51:00+00:00,REV
SHORT,1.477500,1.488890,-0.011390,2002-10-10T11:51:00+00:00,2002-10-15T11:04:00+00:00,REV
LONG,1.488890,1.498100,0.009210,2002-10-15T11:04:00+00:00,2002-10-23T11:36:00+00:00,REV
SHORT,1.498100,1.453790,0.044310,2002-10-23T11:36:00+00:00,2002-11-13T12:41:00+00:00,REV
LONG,1.453790,1.448900,-0.004890,2002-11-13T12:41:00+00:00,2002-11-19T12:01:00+00:00,REV
SHORT,1.448900,1.465090,-0.016190,2002-11-19T12:01:00+00:00,2002-11-19T20:15:00+00:00,REV
LONG,1.465090,1.481600,0.016510,2002-11-19T20:15:00+00:00,2002-12-02T19:57:00+00:00,REV
SHORT,1.481600,1.465190,0.016410,2002-12-02T19:57:00+00:00,2002-12-12T02:47:00+00:00,REV
LONG,1.465190,1.453500,-0.011690,2002-12-12T02:47:00+00:00,2002-12-12T14:46:00+00:00,REV
SHORT,1.453500,1.404390,0.049110,2002-12-12T14:46:00+00:00,2003-01-02T19:23:00+00:00,REV
LONG,1.404390,1.387900,-0.016490,2003-01-02T19:23:00+00:00,2003-01-08T19:52:00+00:00,REV
SHORT,1.387900,1.362890,0.025010,2003-01-08T19:52:00+00:00,2003-01-30T10:43:00+00:00,REV
LONG,1.362890,1.354400,-0.008490,2003-01-30T10:43:00+00:00,2003-02-04T15:34:00+00:00,REV
SHORT,1.354400,1.367490,-0.013090,2003-02-04T15:34:00+00:00,2003-02-07T15:36:00+00:00,REV
LONG,1.367490,1.354400,-0.013090,2003-02-07T15:36:00+00:00,2003-02-13T19:07:00+00:00,REV
SHORT,1.354400,1.373290,-0.018890,2003-02-13T19:07:00+00:00,2003-02-17T02:38:00+00:00,REV
LONG,1.373290,1.362500,-0.010790,2003-02-17T02:38:00+00:00,2003-02-20T15:53:00+00:00,REV
SHORT,1.362500,1.336790,0.025710,2003-02-20T15:53:00+00:00,2003-03-13T01:47:00+00:00,REV
LONG,1.336790,1.378600,0.041810,2003-03-13T01:47:00+00:00,2003-03-25T05:53:00+00:00,REV
SHORT,1.378600,1.381890,-0.003290,2003-03-25T05:53:00+00:00,2003-04-03T01:18:00+00:00,REV
LONG,1.381890,1.378800,-0.003090,2003-04-03T01:18:00+00:00,2003-04-10T03:22:00+00:00,REV
SHORT,1.378800,1.396890,-0.018090,2003-04-10T03:22:00+00:00,2003-04-11T14:01:00+00:00,REV
LONG,1.396890,1.384100,-0.012790,2003-04-11T14:01:00+00:00,2003-04-16T15:36:00+00:00,REV
SHORT,1.384100,1.377390,0.006710,2003-04-16T15:36:00+00:00,2003-04-29T17:01:00+00:00,REV
LONG,1.377390,1.356500,-0.020890,2003-04-29T17:01:00+00:00,2003-04-30T02:46:00+00:00,REV
SHORT,1.356500,1.319990,0.036510,2003-04-30T02:46:00+00:00,2003-05-14T09:22:00+00:00,REV
LONG,1.319990,1.310200,-0.009790,2003-05-14T09:22:00+00:00,2003-05-16T15:00:00+00:00,REV
SHORT,1.310200,1.302090,0.008110,2003-05-16T15:00:00+00:00,2003-05-29T10:18:00+00:00,REV
LONG,1.302090,1.304600,0.002510,2003-05-29T10:18:00+00:00,2003-06-12T09:52:00+00:00,REV
SHORT,1.304600,1.319390,-0.014790,2003-06-12T09:52:00+00:00,2003-06-18T14:32:00+00:00,REV
LONG,1.319390,1.368500,0.049110,2003-06-18T14:32:00+00:00,2003-07-17T10:51:00+00:00,REV
SHORT,1.368500,1.354090,0.014410,2003-07-17T10:51:00+00:00,2003-07-30T08:47:00+00:00,REV
LONG,1.354090,1.362000,0.007910,2003-07-30T08:47:00+00:00,2003-08-04T10:08:00+00:00,REV
SHORT,1.362000,1.358390,0.003610,2003-08-04T10:08:00+00:00,2003-08-08T15:23:00+00:00,REV
LONG,1.358390,1.406900,0.048510,2003-08-08T15:23:00+00:00,2003-08-27T14:13:00+00:00,REV
SHORT,1.406900,1.419490,-0.012590,2003-08-27T14:13:00+00:00,2003-09-03T00:14:00+00:00,REV
LONG,1.419490,1.402400,-0.017090,2003-09-03T00:14:00+00:00,2003-09-05T07:44:00+00:00,REV
SHORT,1.402400,1.394690,0.007710,2003-09-05T07:44:00+00:00,2003-09-12T12:49:00+00:00,REV
LONG,1.394690,1.375400,-0.019290,2003-09-12T12:49:00+00:00,2003-09-12T16:59:00+00:00,REV
SHORT,1.375400,1.329490,0.045910,2003-09-12T16:59:00+00:00,2003-10-03T15:58:00+00:00,REV
LONG,1.329490,1.311400,-0.018090,2003-10-03T15:58:00+00:00,2003-10-08T09:31:00+00:00,REV
SHORT,1.311400,1.324990,-0.013590,2003-10-08T09:31:00+00:00,2003-10-13T11:56:00+00:00,REV
LONG,1.324990,1.324200,-0.000790,2003-10-13T11:56:00+00:00,2003-10-22T16:15:00+00:00,REV
SHORT,1.324200,1.319890,0.004310,2003-10-22T16:15:00+00:00,2003-10-28T02:46:00+00:00,REV
LONG,1.319890,1.360800,0.040910,2003-10-28T02:46:00+00:00,2003-11-11T17:32:00+00:00,REV
SHORT,1.360800,1.309290,0.051510,2003-11-11T17:32:00+00:00,2003-11-24T11:50:00+00:00,REV
LONG,1.309290,1.295000,-0.014290,2003-11-24T11:50:00+00:00,2003-11-26T19:31:00+00:00,REV
SHORT,1.295000,1.301590,-0.006590,2003-11-26T19:31:00+00:00,2003-12-02T12:01:00+00:00,REV
LONG,1.301590,1.286600,-0.014990,2003-12-02T12:01:00+00:00,2003-12-02T17:57:00+00:00,REV
SHORT,1.286600,1.278590,0.008010,2003-12-02T17:57:00+00:00,2003-12-11T10:43:00+00:00,REV
LONG,1.278590,1.259900,-0.018690,2003-12-11T10:43:00+00:00,2003-12-12T19:14:00+00:00,REV
SHORT,1.259900,1.241790,0.018110,2003-12-12T19:14:00+00:00,2004-01-08T02:21:00+00:00,REV
LONG,1.241790,1.224600,-0.017190,2004-01-08T02:21:00+00:00,2004-01-08T19:50:00+00:00,REV
SHORT,1.224600,1.234090,-0.009490,2004-01-08T19:50:00+00:00,2004-01-14T10:58:00+00:00,REV
LONG,1.234090,1.242800,0.008710,2004-01-14T10:58:00+00:00,2004-01-21T10:33:00+00:00,REV
SHORT,1.242800,1.251490,-0.008690,2004-01-21T10:33:00+00:00,2004-01-26T20:04:00+00:00,REV
LONG,1.251490,1.248400,-0.003090,2004-01-26T20:04:00+00:00,2004-02-03T09:55:00+00:00,REV
SHORT,1.248400,1.241590,0.006810,2004-02-03T09:55:00+00:00,2004-02-18T21:14:00+00:00,REV
LONG,1.241590,1.268000,0.026410,2004-02-18T21:14:00+00:00,2004-03-09T19:15:00+00:00,REV
SHORT,1.268000,1.285190,-0.017190,2004-03-09T19:15:00+00:00,2004-04-02T15:51:00+00:00,REV
LONG,1.285190,1.273400,-0.011790,2004-04-02T15:51:00+00:00,2004-04-08T07:28:00+00:00,REV
SHORT,1.273400,1.287790,-0.014390,2004-04-08T07:28:00+00:00,2004-04-13T09:13:00+00:00,REV
LONG,1.287790,1.288300,0.000510,2004-04-13T09:13:00+00:00,2004-04-19T09:38:00+00:00,REV
SHORT,1.288300,1.305990,-0.017690,2004-04-19T09:38:00+00:00,2004-04-20T14:29:00+00:00,REV
LONG,1.305990,1.304500,-0.001490,2004-04-20T14:29:00+00:00,2004-04-27T09:48:00+00:00,REV
SHORT,1.304500,1.302790,0.001710,2004-04-27T09:48:00+00:00,2004-05-07T18:47:00+00:00,REV
LONG,1.302790,1.290100,-0.012690,2004-05-07T18:47:00+00:00,2004-05-17T05:11:00+00:00,REV
SHORT,1.290100,1.257290,0.032810,2004-05-17T05:11:00+00:00,2004-06-04T15:31:00+00:00,REV
LONG,1.257290,1.241200,-0.016090,2004-06-04T15:31:00+00:00,2004-06-04T19:47:00+00:00,REV
SHORT,1.241200,1.256990,-0.015790,2004-06-04T19:47:00+00:00,2004-06-10T00:58:00+00:00,REV
LONG,1.256990,1.247700,-0.009290,2004-06-10T00:58:00+00:00,2004-06-18T15:37:00+00:00,REV
SHORT,1.247700,1.257490,-0.009790,2004-06-18T15:37:00+00:00,2004-06-24T04:24:00+00:00,REV
LONG,1.257490,1.243100,-0.014390,2004-06-24T04:24:00+00:00,2004-06-24T15:35:00+00:00,REV
SHORT,1.243100,1.257590,-0.014490,2004-06-24T15:35:00+00:00,2004-06-29T10:32:00+00:00,REV
LONG,1.257590,1.247600,-0.009990,2004-06-29T10:32:00+00:00,2004-07-02T05:32:00+00:00,REV
SHORT,1.247600,1.230990,0.016610,2004-07-02T05:32:00+00:00,2004-07-13T05:28:00+00:00,REV
LONG,1.230990,1.224900,-0.006090,2004-07-13T05:28:00+00:00,2004-07-16T16:57:00+00:00,REV
SHORT,1.224900,1.241090,-0.016190,2004-07-16T16:57:00+00:00,2004-07-20T16:59:00+00:00,REV
LONG,1.241090,1.269300,0.028210,2004-07-20T16:59:00+00:00,2004-08-02T12:05:00+00:00,REV
SHORT,1.269300,1.283490,-0.014190,2004-08-02T12:05:00+00:00,2004-08-04T11:21:00+00:00,REV
LONG,1.283490,1.273300,-0.010190,2004-08-04T11:21:00+00:00,2004-08-06T08:25:00+00:00,REV
SHORT,1.273300,1.251590,0.021710,2004-08-06T08:25:00+00:00,2004-08-20T14:45:00+00:00,REV
LONG,1.251590,1.269800,0.018210,2004-08-20T14:45:00+00:00,2004-08-31T17:10:00+00:00,REV
SHORT,1.269800,1.272590,-0.002790,2004-08-31T17:10:00+00:00,2004-09-07T16:36:00+00:00,REV
LONG,1.272590,1.259900,-0.012690,2004-09-07T16:36:00+00:00,2004-09-09T01:57:00+00:00,REV
SHORT,1.259900,1.264490,-0.004590,2004-09-09T01:57:00+00:00,2004-09-15T15:59:00+00:00,REV
LONG,1.264490,1.265300,0.000810,2004-09-15T15:59:00+00:00,2004-09-21T12:40:00+00:00,REV
SHORT,1.265300,1.264590,0.000710,2004-09-21T12:40:00+00:00,2004-10-04T15:27:00+00:00,REV
LONG,1.264590,1.260200,-0.004390,2004-10-04T15:27:00+00:00,2004-10-08T07:41:00+00:00,REV
SHORT,1.260200,1.264790,-0.004590,2004-10-08T07:41:00+00:00,2004-10-13T15:49:00+00:00,REV
LONG,1.264790,1.248500,-0.016290,2004-10-13T15:49:00+00:00,2004-10-14T15:09:00+00:00,REV
SHORT,1.248500,1.208890,0.039610,2004-10-14T15:09:00+00:00,2004-10-28T03:33:00+00:00,REV
LONG,1.208890,1.193700,-0.015190,2004-10-28T03:33:00+00:00,2004-11-01T00:00:00+00:00,REV
SHORT,1.193700,1.212290,-0.018590,2004-11-01T00:00:00+00:00,2004-11-03T08:03:00+00:00,REV
LONG,1.212290,1.191400,-0.020890,2004-11-03T08:03:00+00:00,2004-11-04T12:40:00+00:00,REV
SHORT,1.191400,1.147790,0.043610,2004-11-04T12:40:00+00:00,2004-12-02T17:27:00+00:00,REV
LONG,1.147790,1.132800,-0.014990,2004-12-02T17:27:00+00:00,2004-12-03T20:28:00+00:00,REV
SHORT,1.132800,1.143290,-0.010490,2004-12-03T20:28:00+00:00,2004-12-08T03:53:00+00:00,REV
LONG,1.143290,1.149900,0.006610,2004-12-08T03:53:00+00:00,2004-12-15T11:57:00+00:00,REV
SHORT,1.149900,1.139090,0.010810,2004-12-15T11:57:00+00:00,2004-12-31T18:41:00+00:00,REV
LONG,1.139090,1.178800,0.039710,2004-12-31T18:41:00+00:00,2005-01-11T02:28:00+00:00,REV
SHORT,1.178800,1.184490,-0.005690,2005-01-11T02:28:00+00:00,2005-01-14T08:04:00+00:00,REV
LONG,1.184490,1.177700,-0.006790,2005-01-14T08:04:00+00:00,2005-01-19T11:02:00+00:00,REV
SHORT,1.177700,1.190890,-0.013190,2005-01-19T11:02:00+00:00,2005-01-20T12:30:00+00:00,REV
LONG,1.190890,1.184100,-0.006790,2005-01-20T12:30:00+00:00,2005-01-24T08:44:00+00:00,REV
SHORT,1.184100,1.187590,-0.003490,2005-01-24T08:44:00+00:00,2005-01-25T03:45:00+00:00,REV
LONG,1.187590,1.179200,-0.008390,2005-01-25T03:45:00+00:00,2005-01-27T09:50:00+00:00,REV
SHORT,1.179200,1.192690,-0.013490,2005-01-27T09:50:00+00:00,2005-01-31T10:59:00+00:00,REV
LONG,1.192690,1.211700,0.019010,2005-01-31T10:59:00+00:00,2005-02-10T16:50:00+00:00,REV
SHORT,1.211700,1.163890,0.047810,2005-02-10T16:50:00+00:00,2005-03-01T00:49:00+00:00,REV
LONG,1.163890,1.167100,0.003210,2005-03-01T00:49:00+00:00,2005-03-08T16:14:00+00:00,REV
SHORT,1.167100,1.164190,0.002910,2005-03-08T16:14:00+00:00,2005-03-15T16:35:00+00:00,REV
LONG,1.164190,1.198000,0.033810,2005-03-15T16:35:00+00:00,2005-03-30T06:15:00+00:00,REV
SHORT,1.198000,1.205990,-0.007990,2005-03-30T06:15:00+00:00,2005-04-01T17:22:00+00:00,REV
LONG,1.205990,1.201200,-0.004790,2005-04-01T17:22:00+00:00,2005-04-07T08:50:00+00:00,REV
SHORT,1.201200,1.207690,-0.006490,2005-04-07T08:50:00+00:00,2005-04-14T12:09:00+00:00,REV
LONG,1.207690,1.194800,-0.012890,2005-04-14T12:09:00+00:00,2005-04-18T10:29:00+00:00,REV
SHORT,1.194800,1.189690,0.005110,2005-04-18T10:29:00+00:00,2005-04-25T12:00:00+00:00,REV
LONG,1.189690,1.185900,-0.003790,2005-04-25T12:00:00+00:00,2005-04-29T09:25:00+00:00,REV
SHORT,1.185900,1.196790,-0.010890,2005-04-29T09:25:00+00:00,2005-04-29T20:27:00+00:00,REV
LONG,1.196790,1.216700,0.019910,2005-04-29T20:27:00+00:00,2005-05-19T03:47:00+00:00,REV
SHORT,1.216700,1.227390,-0.010690,2005-05-19T03:47:00+00:00,2005-05-20T15:05:00+00:00,REV
LONG,1.227390,1.245400,0.018010,2005-05-20T15:05:00+00:00,2005-06-07T09:29:00+00:00,REV
SHORT,1.245400,1.254290,-0.008890,2005-06-07T09:29:00+00:00,2005-06-08T20:27:00+00:00,REV
LONG,1.254290,1.267400,0.013110,2005-06-08T20:27:00+00:00,2005-06-16T16:25:00+00:00,REV
SHORT,1.267400,1.277490,-0.010090,2005-06-16T16:25:00+00:00,2005-06-21T12:01:00+00:00,REV
LONG,1.277490,1.296700,0.019210,2005-06-21T12:01:00+00:00,2005-07-07T11:59:00+00:00,REV
SHORT,1.296700,1.307790,-0.011090,2005-07-07T11:59:00+00:00,2005-07-08T15:33:00+00:00,REV
LONG,1.307790,1.284300,-0.023490,2005-07-08T15:33:00+00:00,2005-07-12T05:21:00+00:00,REV
SHORT,1.284300,1.293190,-0.008890,2005-07-12T05:21:00+00:00,2005-07-15T15:34:00+00:00,REV
LONG,1.293190,1.285300,-0.007890,2005-07-15T15:34:00+00:00,2005-07-20T21:15:00+00:00,REV
SHORT,1.285300,1.299790,-0.014490,2005-07-20T21:15:00+00:00,2005-07-26T11:49:00+00:00,REV
LONG,1.299790,1.293600,-0.006190,2005-07-26T11:49:00+00:00,2005-07-28T14:06:00+00:00,REV
SHORT,1.293600,1.257790,0.035810,2005-07-28T14:06:00+00:00,2005-08-16T03:59:00+00:00,REV
LONG,1.257790,1.267700,0.009910,2005-08-16T03:59:00+00:00,2005-08-24T16:00:00+00:00,REV
SHORT,1.267700,1.268990,-0.001290,2005-08-24T16:00:00+00:00,2005-08-30T10:16:00+00:00,REV
LONG,1.268990,1.250800,-0.018190,2005-08-30T10:16:00+00:00,2005-09-01T11:22:00+00:00,REV
SHORT,1.250800,1.240790,0.010010,2005-09-01T11:22:00+00:00,2005-09-07T05:05:00+00:00,REV
LONG,1.240790,1.268300,0.027510,2005-09-07T05:05:00+00:00,2005-09-22T02:44:00+00:00,REV
SHORT,1.268300,1.283090,-0.014790,2005-09-22T02:44:00+00:00,2005-09-23T10:27:00+00:00,REV
LONG,1.283090,1.288500,0.005410,2005-09-23T10:27:00+00:00,2005-09-30T17:38:00+00:00,REV
SHORT,1.288500,1.298690,-0.010190,2005-09-30T17:38:00+00:00,2005-10-03T03:33:00+00:00,REV
LONG,1.298690,1.292200,-0.006490,2005-10-03T03:33:00+00:00,2005-10-06T00:39:00+00:00,REV
SHORT,1.292200,1.292290,-0.000090,2005-10-06T00:39:00+00:00,2005-10-12T02:31:00+00:00,REV
LONG,1.292290,1.283000,-0.009290,2005-10-12T02:31:00+00:00,2005-10-14T18:18:00+00:00,REV
SHORT,1.283000,1.302090,-0.019090,2005-10-14T18:18:00+00:00,2005-10-18T12:54:00+00:00,REV
LONG,1.302090,1.287200,-0.014890,2005-10-18T12:54:00+00:00,2005-10-21T02:41:00+00:00,REV
SHORT,1.287200,1.285590,0.001610,2005-10-21T02:41:00+00:00,2005-10-31T14:33:00+00:00,REV
LONG,1.285590,1.315500,0.029910,2005-10-31T14:33:00+00:00,2005-11-18T16:32:00+00:00,REV
SHORT,1.315500,1.321390,-0.005890,2005-11-18T16:32:00+00:00,2005-11-28T02:33:00+00:00,REV
LONG,1.321390,1.306500,-0.014890,2005-11-28T02:33:00+00:00,2005-11-28T20:38:00+00:00,REV
SHORT,1.306500,1.322490,-0.015990,2005-11-28T20:38:00+00:00,2005-12-02T16:53:00+00:00,REV
LONG,1.322490,1.312000,-0.010490,2005-12-02T16:53:00+00:00,2005-12-05T14:55:00+00:00,REV
SHORT,1.312000,1.294790,0.017210,2005-12-05T14:55:00+00:00,2005-12-19T15:15:00+00:00,REV
LONG,1.294790,1.307800,0.013010,2005-12-19T15:15:00+00:00,2005-12-28T09:18:00+00:00,REV
SHORT,1.307800,1.318090,-0.010290,2005-12-28T09:18:00+00:00,2005-12-28T19:09:00+00:00,REV
LONG,1.318090,1.305400,-0.012690,2005-12-28T19:09:00+00:00,2006-01-03T16:28:00+00:00,REV
SHORT,1.305400,1.283190,0.022210,2006-01-03T16:28:00+00:00,2006-01-10T15:42:00+00:00,REV
LONG,1.283190,1.273100,-0.010090,2006-01-10T15:42:00+00:00,2006-01-18T16:34:00+00:00,REV
SHORT,1.273100,1.286590,-0.013490,2006-01-18T16:34:00+00:00,2006-01-19T10:34:00+00:00,REV
LONG,1.286590,1.272900,-0.013690,2006-01-19T10:34:00+00:00,2006-01-23T02:06:00+00:00,REV
SHORT,1.272900,1.271690,0.001210,2006-01-23T02:06:00+00:00,2006-01-27T11:12:00+00:00,REV
LONG,1.271690,1.295100,0.023410,2006-01-27T11:12:00+00:00,2006-02-10T15:54:00+00:00,REV
SHORT,1.295100,1.304290,-0.009190,2006-02-10T15:54:00+00:00,2006-02-10T17:53:00+00:00,REV
LONG,1.304290,1.306000,0.001710,2006-02-10T17:53:00+00:00,2006-02-23T12:17:00+00:00,REV
SHORT,1.306000,1.315790,-0.009790,2006-02-23T12:17:00+00:00,2006-02-24T17:34:00+00:00,REV
LONG,1.315790,1.304300,-0.011490,2006-02-24T17:34:00+00:00,2006-03-02T17:23:00+00:00,REV
SHORT,1.304300,1.314190,-0.009890,2006-03-02T17:23:00+00:00,2006-03-07T16:13:00+00:00,REV
LONG,1.314190,1.306700,-0.007490,2006-03-07T16:13:00+00:00,2006-03-14T17:00:00+00:00,REV
SHORT,1.306700,1.300490,0.006210,2006-03-14T17:00:00+00:00,2006-03-21T16:45:00+00:00,REV
LONG,1.300490,1.304900,0.004410,2006-03-21T16:45:00+00:00,2006-03-28T10:03:00+00:00,REV
SHORT,1.304900,1.312990,-0.008090,2006-03-28T10:03:00+00:00,2006-04-03T07:43:00+00:00,REV
LONG,1.312990,1.296000,-0.016990,2006-04-03T07:43:00+00:00,2006-04-04T15:03:00+00:00,REV
SHORT,1.296000,1.303890,-0.007890,2006-04-04T15:03:00+00:00,2006-04-10T18:06:00+00:00,REV
LONG,1.303890,1.293700,-0.010190,2006-04-10T18:06:00+00:00,2006-04-17T03:13:00+00:00,REV
SHORT,1.293700,1.282390,0.011310,2006-04-17T03:13:00+00:00,2006-04-21T02:50:00+00:00,REV
LONG,1.282390,1.266000,-0.016390,2006-04-21T02:50:00+00:00,2006-04-25T15:10:00+00:00,REV
SHORT,1.266000,1.275090,-0.009090,2006-04-25T15:10:00+00:00,2006-04-27T14:53:00+00:00,REV
LONG,1.275090,1.264300,-0.010790,2006-04-27T14:53:00+00:00,2006-04-27T17:15:00+00:00,REV
SHORT,1.264300,1.217290,0.047010,2006-04-27T17:15:00+00:00,2006-05-17T18:30:00+00:00,REV
LONG,1.217290,1.214200,-0.003090,2006-05-17T18:30:00+00:00,2006-05-30T10:01:00+00:00,REV
SHORT,1.214200,1.228590,-0.014390,2006-05-30T10:01:00+00:00,2006-06-01T15:20:00+00:00,REV
LONG,1.228590,1.207000,-0.021590,2006-06-01T15:20:00+00:00,2006-06-02T17:42:00+00:00,REV
SHORT,1.207000,1.218290,-0.011290,2006-06-02T17:42:00+00:00,2006-06-07T09:30:00+00:00,REV
LONG,1.218290,1.227700,0.009410,2006-06-07T09:30:00+00:00,2006-06-14T16:28:00+00:00,REV
SHORT,1.227700,1.240090,-0.012390,2006-06-14T16:28:00+00:00,2006-06-19T15:29:00+00:00,REV
LONG,1.240090,1.240400,0.000310,2006-06-19T15:29:00+00:00,2006-06-29T21:27:00+00:00,REV
SHORT,1.240400,1.228090,0.012310,2006-06-29T21:27:00+00:00,2006-07-05T10:16:00+00:00,REV
LONG,1.228090,1.220600,-0.007490,2006-07-05T10:16:00+00:00,2006-07-07T15:30:00+00:00,REV
SHORT,1.220600,1.233190,-0.012590,2006-07-07T15:30:00+00:00,2006-07-11T09:54:00+00:00,REV
LONG,1.233190,1.242100,0.008910,2006-07-11T09:54:00+00:00,2006-07-21T09:34:00+00:00,REV
SHORT,1.242100,1.249390,-0.007290,2006-07-21T09:34:00+00:00,2006-07-25T17:22:00+00:00,REV
LONG,1.249390,1.236000,-0.013390,2006-07-25T17:22:00+00:00,2006-07-27T13:17:00+00:00,REV
SHORT,1.236000,1.233690,0.002310,2006-07-27T13:17:00+00:00,2006-08-10T17:22:00+00:00,REV
LONG,1.233690,1.233600,-0.000090,2006-08-10T17:22:00+00:00,2006-08-16T15:30:00+00:00,REV
SHORT,1.233600,1.237390,-0.003790,2006-08-16T15:30:00+00:00,2006-08-24T04:02:00+00:00,REV
LONG,1.237390,1.231000,-0.006390,2006-08-24T04:02:00+00:00,2006-08-29T09:51:00+00:00,REV
SHORT,1.231000,1.238290,-0.007290,2006-08-29T09:51:00+00:00,2006-09-01T15:52:00+00:00,REV
LONG,1.238290,1.248500,0.010210,2006-09-01T15:52:00+00:00,2006-09-20T21:10:00+00:00,REV
SHORT,1.248500,1.246990,0.001510,2006-09-20T21:10:00+00:00,2006-09-27T17:05:00+00:00,REV
LONG,1.246990,1.241700,-0.005290,2006-09-27T17:05:00+00:00,2006-10-02T16:54:00+00:00,REV
SHORT,1.241700,1.254690,-0.012990,2006-10-02T16:54:00+00:00,2006-10-05T16:50:00+00:00,REV
LONG,1.254690,1.267000,0.012310,2006-10-05T16:50:00+00:00,2006-10-17T16:20:00+00:00,REV
SHORT,1.267000,1.253290,0.013710,2006-10-17T16:20:00+00:00,2006-11-03T15:33:00+00:00,REV
LONG,1.253290,1.244300,-0.008990,2006-11-03T15:33:00+00:00,2006-11-09T18:26:00+00:00,REV
SHORT,1.244300,1.247490,-0.003190,2006-11-09T18:26:00+00:00,2006-11-15T10:40:00+00:00,REV
LONG,1.247490,1.242500,-0.004990,2006-11-15T10:40:00+00:00,2006-11-20T11:49:00+00:00,REV
SHORT,1.242500,1.199290,0.043210,2006-11-20T11:49:00+00:00,2006-12-08T15:30:00+00:00,REV
LONG,1.199290,1.212000,0.012710,2006-12-08T15:30:00+00:00,2006-12-20T04:59:00+00:00,REV
SHORT,1.212000,1.222790,-0.010790,2006-12-20T04:59:00+00:00,2006-12-26T19:52:00+00:00,REV
LONG,1.222790,1.215400,-0.007390,2006-12-26T19:52:00+00:00,2007-01-02T03:00:00+00:00,REV
SHORT,1.215400,1.227590,-0.012190,2007-01-02T03:00:00+00:00,2007-01-03T18:32:00+00:00,REV
LONG,1.227590,1.243600,0.016010,2007-01-03T18:32:00+00:00,2007-01-23T12:09:00+00:00,REV
SHORT,1.243600,1.251990,-0.008390,2007-01-23T12:09:00+00:00,2007-01-26T10:08:00+00:00,REV
LONG,1.251990,1.247800,-0.004190,2007-01-26T10:08:00+00:00,2007-01-31T17:27:00+00:00,REV
SHORT,1.247800,1.251490,-0.003690,2007-01-31T17:27:00+00:00,2007-02-09T12:02:00+00:00,REV
LONG,1.251490,1.244600,-0.006890,2007-02-09T12:02:00+00:00,2007-02-14T09:44:00+00:00,REV
SHORT,1.244600,1.239590,0.005010,2007-02-14T09:44:00+00:00,2007-02-21T13:17:00+00:00,REV
LONG,1.239590,1.231500,-0.008090,2007-02-21T13:17:00+00:00,2007-02-23T17:19:00+00:00,REV
SHORT,1.231500,1.225890,0.005610,2007-02-23T17:19:00+00:00,2007-03-08T16:14:00+00:00,REV
LONG,1.225890,1.217200,-0.008690,2007-03-08T16:14:00+00:00,2007-03-14T02:28:00+00:00,REV
SHORT,1.217200,1.217090,0.000110,2007-03-14T02:28:00+00:00,2007-03-22T19:47:00+00:00,REV
LONG,1.217090,1.211600,-0.005490,2007-03-22T19:47:00+00:00,2007-03-28T00:03:00+00:00,REV
SHORT,1.211600,1.219090,-0.007490,2007-03-28T00:03:00+00:00,2007-03-30T03:07:00+00:00,REV
LONG,1.219090,1.214700,-0.004390,2007-03-30T03:07:00+00:00,2007-04-12T17:20:00+00:00,REV
SHORT,1.214700,1.209490,0.005210,2007-04-12T17:20:00+00:00,2007-04-23T11:29:00+00:00,REV
LONG,1.209490,1.201100,-0.008390,2007-04-23T11:29:00+00:00,2007-04-25T09:15:00+00:00,REV
SHORT,1.201100,1.210990,-0.009890,2007-04-25T09:15:00+00:00,2007-04-27T18:17:00+00:00,REV
LONG,1.210990,1.209600,-0.001390,2007-04-27T18:17:00+00:00,2007-05-07T03:46:00+00:00,REV
SHORT,1.209600,1.217390,-0.007790,2007-05-07T03:46:00+00:00,2007-05-08T13:48:00+00:00,REV
LONG,1.217390,1.216200,-0.001190,2007-05-08T13:48:00+00:00,2007-05-15T17:39:00+00:00,REV
SHORT,1.216200,1.221690,-0.005490,2007-05-15T17:39:00+00:00,2007-05-16T18:11:00+00:00,REV
LONG,1.221690,1.224700,0.003010,2007-05-16T18:11:00+00:00,2007-05-23T15:29:00+00:00,REV
SHORT,1.224700,1.231090,-0.006390,2007-05-23T15:29:00+00:00,2007-06-01T15:30:00+00:00,REV
LONG,1.231090,1.223600,-0.007490,2007-06-01T15:30:00+00:00,2007-06-04T15:55:00+00:00,REV
SHORT,1.223600,1.227190,-0.003590,2007-06-04T15:55:00+00:00,2007-06-08T10:07:00+00:00,REV
LONG,1.227190,1.241500,0.014310,2007-06-08T10:07:00+00:00,2007-06-18T03:02:00+00:00,REV
SHORT,1.241500,1.231490,0.010010,2007-06-18T03:02:00+00:00,2007-06-28T20:13:00+00:00,REV
LONG,1.231490,1.226300,-0.005190,2007-06-28T20:13:00+00:00,2007-06-29T14:01:00+00:00,REV
SHORT,1.226300,1.220390,0.005910,2007-06-29T14:01:00+00:00,2007-07-06T10:56:00+00:00,REV
LONG,1.220390,1.210400,-0.009990,2007-07-06T10:56:00+00:00,2007-07-10T15:19:00+00:00,REV
SHORT,1.210400,1.205290,0.005110,2007-07-10T15:19:00+00:00,2007-07-19T22:45:00+00:00,REV
LONG,1.205290,1.202600,-0.002690,2007-07-19T22:45:00+00:00,2007-07-30T12:59:00+00:00,REV
SHORT,1.202600,1.199890,0.002710,2007-07-30T12:59:00+00:00,2007-08-10T19:25:00+00:00,REV
LONG,1.199890,1.203100,0.003210,2007-08-10T19:25:00+00:00,2007-08-17T14:47:00+00:00,REV
SHORT,1.203100,1.205090,-0.001990,2007-08-17T14:47:00+00:00,2007-08-30T10:55:00+00:00,REV
LONG,1.205090,1.202500,-0.002590,2007-08-30T10:55:00+00:00,2007-09-06T14:53:00+00:00,REV
SHORT,1.202500,1.190190,0.012310,2007-09-06T14:53:00+00:00,2007-09-14T17:12:00+00:00,REV
LONG,1.190190,1.180900,-0.009290,2007-09-14T17:12:00+00:00,2007-09-19T00:28:00+00:00,REV
SHORT,1.180900,1.174590,0.006310,2007-09-19T00:28:00+00:00,2007-10-02T13:07:00+00:00,REV
LONG,1.174590,1.178000,0.003410,2007-10-02T13:07:00+00:00,2007-10-18T04:43:00+00:00,REV
SHORT,1.178000,1.107690,0.070310,2007-10-18T04:43:00+00:00,2007-11-28T09:32:00+00:00,REV
LONG,1.107690,1.116400,0.008710,2007-11-28T09:32:00+00:00,2007-12-05T05:58:00+00:00,REV
SHORT,1.116400,1.132390,-0.015990,2007-12-05T05:58:00+00:00,2007-12-06T10:04:00+00:00,REV
LONG,1.132390,1.151700,0.019310,2007-12-06T10:04:00+00:00,2007-12-26T15:05:00+00:00,REV
SHORT,1.151700,1.102790,0.048910,2007-12-26T15:05:00+00:00,2008-01-17T09:31:00+00:00,REV
LONG,1.102790,1.095600,-0.007190,2008-01-17T09:31:00+00:00,2008-01-22T23:16:00+00:00,REV
SHORT,1.095600,1.092690,0.002910,2008-01-22T23:16:00+00:00,2008-02-05T10:05:00+00:00,REV
LONG,1.092690,1.096800,0.004110,2008-02-05T10:05:00+00:00,2008-02-15T00:22:00+00:00,REV
SHORT,1.096800,1.035290,0.061510,2008-02-15T00:22:00+00:00,2008-03-12T01:18:00+00:00,REV
LONG,1.035290,1.013800,-0.021490,2008-03-12T01:18:00+00:00,2008-03-12T23:07:00+00:00,REV
SHORT,1.013800,1.005590,0.008210,2008-03-12T23:07:00+00:00,2008-03-20T11:12:00+00:00,REV
LONG,1.005590,1.004200,-0.001390,2008-03-20T11:12:00+00:00,2008-03-26T12:08:00+00:00,REV
SHORT,1.004200,1.000090,0.004110,2008-03-26T12:08:00+00:00,2008-04-01T09:22:00+00:00,REV
LONG,1.000090,1.001900,0.001810,2008-04-01T09:22:00+00:00,2008-04-09T18:34:00+00:00,REV
SHORT,1.001900,1.009290,-0.007390,2008-04-09T18:34:00+00:00,2008-04-16T01:12:00+00:00,REV
LONG,1.009290,1.043100,0.033810,2008-04-16T01:12:00+00:00,2008-05-09T10:43:00+00:00,REV
SHORT,1.043100,1.056090,-0.012990,2008-05-09T10:43:00+00:00,2008-05-14T07:57:00+00:00,REV
LONG,1.056090,1.043500,-0.012590,2008-05-14T07:57:00+00:00,2008-05-19T11:14:00+00:00,REV
SHORT,1.043500,1.035190,0.008310,2008-05-19T11:14:00+00:00,2008-05-28T00:22:00+00:00,REV
LONG,1.035190,1.032800,-0.002390,2008-05-28T00:22:00+00:00,2008-06-03T09:30:00+00:00,REV
SHORT,1.032800,1.049390,-0.016590,2008-06-03T09:30:00+00:00,2008-06-05T12:48:00+00:00,REV
LONG,1.049390,1.027800,-0.021590,2008-06-05T12:48:00+00:00,2008-06-06T17:01:00+00:00,REV
SHORT,1.027800,1.044290,-0.016490,2008-06-06T17:01:00+00:00,2008-06-11T07:56:00+00:00,REV
LONG,1.044290,1.038000,-0.006290,2008-06-11T07:56:00+00:00,2008-06-18T20:37:00+00:00,REV
SHORT,1.038000,1.047790,-0.009790,2008-06-18T20:37:00+00:00,2008-06-23T15:37:00+00:00,REV
LONG,1.047790,1.033600,-0.014190,2008-06-23T15:37:00+00:00,2008-06-26T11:31:00+00:00,REV
SHORT,1.033600,1.023590,0.010010,2008-06-26T11:31:00+00:00,2008-07-03T15:52:00+00:00,REV
LONG,1.023590,1.022200,-0.001390,2008-07-03T15:52:00+00:00,2008-07-11T15:22:00+00:00,REV
SHORT,1.022200,1.025390,-0.003190,2008-07-11T15:22:00+00:00,2008-07-17T21:06:00+00:00,REV
LONG,1.025390,1.090500,0.065110,2008-07-17T21:06:00+00:00,2008-08-20T00:21:00+00:00,REV
SHORT,1.090500,1.103690,-0.013190,2008-08-20T00:21:00+00:00,2008-08-20T18:29:00+00:00,REV
LONG,1.103690,1.089800,-0.013890,2008-08-20T18:29:00+00:00,2008-08-21T15:54:00+00:00,REV
SHORT,1.089800,1.103690,-0.013890,2008-08-21T15:54:00+00:00,2008-08-26T10:16:00+00:00,REV
LONG,1.103690,1.091900,-0.011790,2008-08-26T10:16:00+00:00,2008-08-28T08:10:00+00:00,REV
SHORT,1.091900,1.104290,-0.012390,2008-08-28T08:10:00+00:00,2008-09-01T04:00:00+00:00,REV
LONG,1.104290,1.117300,0.013010,2008-09-01T04:00:00+00:00,2008-09-15T00:00:00+00:00,REV
SHORT,1.117300,1.125490,-0.008190,2008-09-15T00:00:00+00:00,2008-09-19T11:19:00+00:00,REV
LONG,1.125490,1.090300,-0.035190,2008-09-19T11:19:00+00:00,2008-09-22T17:18:00+00:00,REV
SHORT,1.090300,1.094690,-0.004390,2008-09-22T17:18:00+00:00,2008-09-29T00:02:00+00:00,REV
LONG,1.094690,1.122300,0.027610,2008-09-29T00:02:00+00:00,2008-10-08T21:06:00+00:00,REV
SHORT,1.122300,1.144490,-0.022190,2008-10-08T21:06:00+00:00,2008-10-16T07:36:00+00:00,REV
LONG,1.144490,1.148600,0.004110,2008-10-16T07:36:00+00:00,2008-10-29T09:47:00+00:00,REV
SHORT,1.148600,1.165890,-0.017290,2008-10-29T09:47:00+00:00,2008-10-31T18:45:00+00:00,REV
LONG,1.165890,1.194600,0.028710,2008-10-31T18:45:00+00:00,2008-11-24T23:57:00+00:00,REV
SHORT,1.194600,1.208190,-0.013590,2008-11-24T23:57:00+00:00,2008-11-28T13:56:00+00:00,REV
LONG,1.208190,1.199700,-0.008490,2008-11-28T13:56:00+00:00,2008-12-04T18:28:00+00:00,REV
SHORT,1.199700,1.219290,-0.019590,2008-12-04T18:28:00+00:00,2008-12-05T17:00:00+00:00,REV
LONG,1.219290,1.193200,-0.026090,2008-12-05T17:00:00+00:00,2008-12-10T20:16:00+00:00,REV
SHORT,1.193200,1.074690,0.118510,2008-12-10T20:16:00+00:00,2009-01-02T06:47:00+00:00,REV
LONG,1.074690,1.112600,0.037910,2009-01-02T06:47:00+00:00,2009-01-16T16:00:00+00:00,REV
SHORT,1.112600,1.129390,-0.016790,2009-01-16T16:00:00+00:00,2009-01-19T16:17:00+00:00,REV
LONG,1.129390,1.138500,0.009110,2009-01-19T16:17:00+00:00,2009-01-26T22:10:00+00:00,REV
SHORT,1.138500,1.158590,-0.020090,2009-01-26T22:10:00+00:00,2009-01-30T09:53:00+00:00,REV
LONG,1.158590,1.141000,-0.017590,2009-01-30T09:53:00+00:00,2009-02-03T18:23:00+00:00,REV
SHORT,1.141000,1.168890,-0.027890,2009-02-03T18:23:00+00:00,2009-02-05T20:41:00+00:00,REV
LONG,1.168890,1.159200,-0.009690,2009-02-05T20:41:00+00:00,2009-02-20T19:03:00+00:00,REV
SHORT,1.159200,1.174590,-0.015390,2009-02-20T19:03:00+00:00,2009-02-27T10:18:00+00:00,REV
LONG,1.174590,1.167300,-0.007290,2009-02-27T10:18:00+00:00,2009-03-05T00:11:00+00:00,REV
SHORT,1.167300,1.168390,-0.001090,2009-03-05T00:11:00+00:00,2009-03-12T16:00:00+00:00,REV
LONG,1.168390,1.180600,0.012210,2009-03-12T16:00:00+00:00,2009-03-18T01:38:00+00:00,REV
SHORT,1.180600,1.133190,0.047410,2009-03-18T01:38:00+00:00,2009-03-27T12:39:00+00:00,REV
LONG,1.133190,1.135900,0.002710,2009-03-27T12:39:00+00:00,2009-04-02T15:40:00+00:00,REV
SHORT,1.135900,1.148590,-0.012690,2009-04-02T15:40:00+00:00,2009-04-08T07:53:00+00:00,REV
LONG,1.148590,1.141800,-0.006790,2009-04-08T07:53:00+00:00,2009-04-13T16:16:00+00:00,REV
SHORT,1.141800,1.152290,-0.010490,2009-04-13T16:16:00+00:00,2009-04-17T05:59:00+00:00,REV
LONG,1.152290,1.160000,0.007710,2009-04-17T05:59:00+00:00,2009-04-23T12:41:00+00:00,REV
SHORT,1.160000,1.142490,0.017510,2009-04-23T12:41:00+00:00,2009-05-07T15:36:00+00:00,REV
LONG,1.142490,1.124700,-0.017790,2009-05-07T15:36:00+00:00,2009-05-08T15:33:00+00:00,REV
SHORT,1.124700,1.110990,0.013710,2009-05-08T15:33:00+00:00,2009-05-14T02:50:00+00:00,REV
LONG,1.110990,1.104100,-0.006890,2009-05-14T02:50:00+00:00,2009-05-20T14:48:00+00:00,REV
SHORT,1.104100,1.093390,0.010710,2009-05-20T14:48:00+00:00,2009-05-28T00:01:00+00:00,REV
LONG,1.093390,1.080900,-0.012490,2009-05-28T00:01:00+00:00,2009-05-28T18:09:00+00:00,REV
SHORT,1.080900,1.074590,0.006310,2009-05-28T18:09:00+00:00,2009-06-04T14:57:00+00:00,REV
LONG,1.074590,1.071900,-0.002690,2009-06-04T14:57:00+00:00,2009-06-11T18:27:00+00:00,REV
SHORT,1.071900,1.085790,-0.013890,2009-06-11T18:27:00+00:00,2009-06-15T09:04:00+00:00,REV
LONG,1.085790,1.076200,-0.009590,2009-06-15T09:04:00+00:00,2009-06-18T15:35:00+00:00,REV
SHORT,1.076200,1.089690,-0.013490,2009-06-18T15:35:00+00:00,2009-06-24T14:32:00+00:00,REV
LONG,1.089690,1.079500,-0.010190,2009-06-24T14:32:00+00:00,2009-06-30T09:18:00+00:00,REV
SHORT,1.079500,1.088990,-0.009490,2009-06-30T09:18:00+00:00,2009-07-03T00:25:00+00:00,REV
LONG,1.088990,1.079900,-0.009090,2009-07-03T00:25:00+00:00,2009-07-09T14:55:00+00:00,REV
SHORT,1.079900,1.092390,-0.012490,2009-07-09T14:55:00+00:00,2009-07-14T20:57:00+00:00,REV
LONG,1.092390,1.077700,-0.014690,2009-07-14T20:57:00+00:00,2009-07-15T14:44:00+00:00,REV
SHORT,1.077700,1.077190,0.000510,2009-07-15T14:44:00+00:00,2009-07-28T18:10:00+00:00,REV
LONG,1.077190,1.065900,-0.011290,2009-07-28T18:10:00+00:00,2009-08-03T02:55:00+00:00,REV
SHORT,1.065900,1.067990,-0.002090,2009-08-03T02:55:00+00:00,2009-08-07T15:39:00+00:00,REV
LONG,1.067990,1.073100,0.005110,2009-08-07T15:39:00+00:00,2009-08-13T14:07:00+00:00,REV
SHORT,1.073100,1.065590,0.007510,2009-08-13T14:07:00+00:00,2009-08-26T16:24:00+00:00,REV
LONG,1.065590,1.056200,-0.009390,2009-08-26T16:24:00+00:00,2009-08-27T21:28:00+00:00,REV
SHORT,1.056200,1.070390,-0.014190,2009-08-27T21:28:00+00:00,2009-09-01T20:18:00+00:00,REV
LONG,1.070390,1.054500,-0.015890,2009-09-01T20:18:00+00:00,2009-09-08T09:55:00+00:00,REV
SHORT,1.054500,1.036790,0.017710,2009-09-08T09:55:00+00:00,2009-09-21T13:12:00+00:00,REV
LONG,1.036790,1.027400,-0.009390,2009-09-21T13:12:00+00:00,2009-09-22T09:42:00+00:00,REV
SHORT,1.027400,1.032690,-0.005290,2009-09-22T09:42:00+00:00,2009-09-25T15:31:00+00:00,REV
LONG,1.032690,1.030600,-0.002090,2009-09-25T15:31:00+00:00,2009-10-06T04:12:00+00:00,REV
SHORT,1.030600,1.022690,0.007910,2009-10-06T04:12:00+00:00,2009-10-19T04:14:00+00:00,REV
LONG,1.022690,1.011600,-0.011090,2009-10-19T04:14:00+00:00,2009-10-19T18:22:00+00:00,REV
SHORT,1.011600,1.015490,-0.003890,2009-10-19T18:22:00+00:00,2009-10-26T19:04:00+00:00,REV
LONG,1.015490,1.015500,0.000010,2009-10-26T19:04:00+00:00,2009-11-04T21:09:00+00:00,REV
SHORT,1.015500,1.017290,-0.001790,2009-11-04T21:09:00+00:00,2009-11-12T22:28:00+00:00,REV
LONG,1.017290,1.007600,-0.009690,2009-11-12T22:28:00+00:00,2009-11-23T16:08:00+00:00,REV
SHORT,1.007600,1.015190,-0.007590,2009-11-23T16:08:00+00:00,2009-11-27T09:25:00+00:00,REV
LONG,1.015190,0.996900,-0.018290,2009-11-27T09:25:00+00:00,2009-12-03T09:23:00+00:00,REV
SHORT,0.996900,1.007490,-0.010590,2009-12-03T09:23:00+00:00,2009-12-04T15:57:00+00:00,REV
LONG,1.007490,1.038500,0.031010,2009-12-04T15:57:00+00:00,2009-12-23T17:30:00+00:00,REV
SHORT,1.038500,1.038790,-0.000290,2009-12-23T17:30:00+00:00,2009-12-30T02:40:00+00:00,REV
LONG,1.038790,1.027800,-0.010990,2009-12-30T02:40:00+00:00,2010-01-04T17:52:00+00:00,REV
SHORT,1.027800,1.037890,-0.010090,2010-01-04T17:52:00+00:00,2010-01-08T14:15:00+00:00,REV
LONG,1.037890,1.024100,-0.013790,2010-01-08T14:15:00+00:00,2010-01-08T20:13:00+00:00,REV
SHORT,1.024100,1.023490,0.000610,2010-01-08T20:13:00+00:00,2010-01-15T04:19:00+00:00,REV
LONG,1.023490,1.065200,0.041710,2010-01-15T04:19:00+00:00,2010-02-17T06:47:00+00:00,REV
SHORT,1.065200,1.080390,-0.015190,2010-02-17T06:47:00+00:00,2010-02-18T02:36:00+00:00,REV
LONG,1.080390,1.074100,-0.006290,2010-02-18T02:36:00+00:00,2010-02-22T00:01:00+00:00,REV
SHORT,1.074100,1.084790,-0.010690,2010-02-22T00:01:00+00:00,2010-02-25T03:16:00+00:00,REV
LONG,1.084790,1.071400,-0.013390,2010-02-25T03:16:00+00:00,2010-02-26T18:02:00+00:00,REV
SHORT,1.071400,1.087090,-0.015690,2010-02-26T18:02:00+00:00,2010-03-02T11:17:00+00:00,REV
LONG,1.087090,1.071900,-0.015190,2010-03-02T11:17:00+00:00,2010-03-03T07:10:00+00:00,REV
SHORT,1.071900,1.064190,0.007710,2010-03-03T07:10:00+00:00,2010-03-18T18:34:00+00:00,REV
LONG,1.064190,1.058000,-0.006190,2010-03-18T18:34:00+00:00,2010-03-31T15:15:00+00:00,REV
SHORT,1.058000,1.064390,-0.006390,2010-03-31T15:15:00+00:00,2010-04-06T03:28:00+00:00,REV
LONG,1.064390,1.053300,-0.011090,2010-04-06T03:28:00+00:00,2010-04-12T00:02:00+00:00,REV
SHORT,1.053300,1.061190,-0.007890,2010-04-12T00:02:00+00:00,2010-04-16T15:59:00+00:00,REV
LONG,1.061190,1.073100,0.011910,2010-04-16T15:59:00+00:00,2010-05-03T00:01:00+00:00,REV
SHORT,1.073100,1.088890,-0.015790,2010-05-03T00:01:00+00:00,2010-05-04T10:08:00+00:00,REV
LONG,1.088890,1.100700,0.011810,2010-05-04T10:08:00+00:00,2010-05-10T00:01:00+00:00,REV
SHORT,1.100700,1.113390,-0.012690,2010-05-10T00:01:00+00:00,2010-05-12T07:51:00+00:00,REV
LONG,1.113390,1.148900,0.035510,2010-05-12T07:51:00+00:00,2010-05-27T18:52:00+00:00,REV
SHORT,1.148900,1.165590,-0.016690,2010-05-27T18:52:00+00:00,2010-06-01T11:29:00+00:00,REV
LONG,1.165590,1.148000,-0.017590,2010-06-01T11:29:00+00:00,2010-06-01T17:28:00+00:00,REV
SHORT,1.148000,1.164390,-0.016390,2010-06-01T17:28:00+00:00,2010-06-07T00:01:00+00:00,REV
LONG,1.164390,1.141900,-0.022490,2010-06-07T00:01:00+00:00,2010-06-09T18:03:00+00:00,REV
SHORT,1.141900,1.113690,0.028210,2010-06-09T18:03:00+00:00,2010-06-23T17:08:00+00:00,REV
LONG,1.113690,1.099600,-0.014090,2010-06-23T17:08:00+00:00,2010-06-24T18:49:00+00:00,REV
SHORT,1.099600,1.063690,0.035910,2010-06-24T18:49:00+00:00,2010-07-12T10:28:00+00:00,REV
LONG,1.063690,1.051400,-0.012290,2010-07-12T10:28:00+00:00,2010-07-15T00:37:00+00:00,REV
SHORT,1.051400,1.054690,-0.003290,2010-07-15T00:37:00+00:00,2010-07-19T22:32:00+00:00,REV
LONG,1.054690,1.044500,-0.010190,2010-07-19T22:32:00+00:00,2010-07-22T10:34:00+00:00,REV
SHORT,1.044500,1.055690,-0.011190,2010-07-22T10:34:00+00:00,2010-07-23T17:35:00+00:00,REV
LONG,1.055690,1.045900,-0.009790,2010-07-23T17:35:00+00:00,2010-07-29T13:16:00+00:00,REV
SHORT,1.045900,1.047590,-0.001690,2010-07-29T13:16:00+00:00,2010-08-04T17:16:00+00:00,REV
LONG,1.047590,1.034600,-0.012990,2010-08-04T17:16:00+00:00,2010-08-06T17:16:00+00:00,REV
SHORT,1.034600,1.054190,-0.019590,2010-08-06T17:16:00+00:00,2010-08-10T07:31:00+00:00,REV
LONG,1.054190,1.046400,-0.007790,2010-08-10T07:31:00+00:00,2010-08-16T09:31:00+00:00,REV
SHORT,1.046400,1.041290,0.005110,2010-08-16T09:31:00+00:00,2010-08-24T00:42:00+00:00,REV
LONG,1.041290,1.028500,-0.012790,2010-08-24T00:42:00+00:00,2010-08-24T20:43:00+00:00,REV
SHORT,1.028500,1.016690,0.011810,2010-08-24T20:43:00+00:00,2010-09-10T04:18:00+00:00,REV
LONG,1.016690,1.009900,-0.006790,2010-09-10T04:18:00+00:00,2010-09-13T17:16:00+00:00,REV
SHORT,1.009900,1.017090,-0.007190,2010-09-13T17:16:00+00:00,2010-09-17T06:11:00+00:00,REV
LONG,1.017090,0.999700,-0.017390,2010-09-17T06:11:00+00:00,2010-09-21T21:26:00+00:00,REV
SHORT,0.999700,0.970090,0.029610,2010-09-21T21:26:00+00:00,2010-10-12T11:01:00+00:00,REV
LONG,0.970090,0.955400,-0.014690,2010-10-12T11:01:00+00:00,2010-10-12T21:18:00+00:00,REV
SHORT,0.955400,0.960190,-0.004790,2010-10-12T21:18:00+00:00,2010-10-18T04:58:00+00:00,REV
LONG,0.960190,0.980300,0.020110,2010-10-18T04:58:00+00:00,2010-11-02T16:40:00+00:00,REV
SHORT,0.980300,0.969590,0.010710,2010-11-02T16:40:00+00:00,2010-11-10T02:26:00+00:00,REV
LONG,0.969590,0.985400,0.015810,2010-11-10T02:26:00+00:00,2010-11-23T13:16:00+00:00,REV
SHORT,0.985400,0.998890,-0.013490,2010-11-23T13:16:00+00:00,2010-11-25T09:34:00+00:00,REV
LONG,0.998890,0.998300,-0.000590,2010-11-25T09:34:00+00:00,2010-11-30T03:27:00+00:00,REV
SHORT,0.998300,1.004590,-0.006290,2010-11-30T03:27:00+00:00,2010-12-01T10:25:00+00:00,REV
LONG,1.004590,0.992500,-0.012090,2010-12-01T10:25:00+00:00,2010-12-02T18:21:00+00:00,REV
SHORT,0.992500,0.988490,0.004010,2010-12-02T18:21:00+00:00,2010-12-08T04:34:00+00:00,REV
LONG,0.988490,0.979300,-0.009190,2010-12-08T04:34:00+00:00,2010-12-13T13:36:00+00:00,REV
SHORT,0.979300,0.945990,0.033310,2010-12-13T13:36:00+00:00,2011-01-04T13:34:00+00:00,REV
LONG,0.945990,0.962900,0.016910,2011-01-04T13:34:00+00:00,2011-01-13T16:23:00+00:00,REV
SHORT,0.962900,0.967590,-0.004690,2011-01-13T16:23:00+00:00,2011-01-20T17:48:00+00:00,REV
LONG,0.967590,0.951900,-0.015690,2011-01-20T17:48:00+00:00,2011-01-24T16:49:00+00:00,REV
SHORT,0.951900,0.945590,0.006310,2011-01-24T16:49:00+00:00,2011-02-03T15:02:00+00:00,REV
LONG,0.945590,0.964800,0.019210,2011-02-03T15:02:00+00:00,2011-02-16T05:05:00+00:00,REV
SHORT,0.964800,0.932190,0.032610,2011-02-16T05:05:00+00:00,2011-03-03T17:42:00+00:00,REV
LONG,0.932190,0.926700,-0.005490,2011-03-03T17:42:00+00:00,2011-03-14T01:13:00+00:00,REV
SHORT,0.926700,0.908790,0.017910,2011-03-14T01:13:00+00:00,2011-03-24T05:56:00+00:00,REV
LONG,0.908790,0.913900,0.005110,2011-03-24T05:56:00+00:00,2011-03-31T16:19:00+00:00,REV
SHORT,0.913900,0.927490,-0.013590,2011-03-31T16:19:00+00:00,2011-04-01T15:35:00+00:00,REV
LONG,0.927490,0.918000,-0.009490,2011-04-01T15:35:00+00:00,2011-04-06T10:34:00+00:00,REV
SHORT,0.918000,0.896890,0.021110,2011-04-06T10:34:00+00:00,2011-04-18T10:15:00+00:00,REV
LONG,0.896890,0.890400,-0.006490,2011-04-18T10:15:00+00:00,2011-04-20T15:51:00+00:00,REV
SHORT,0.890400,0.869590,0.020810,2011-04-20T15:51:00+00:00,2011-05-05T18:20:00+00:00,REV
LONG,0.869590,0.879700,0.010110,2011-05-05T18:20:00+00:00,2011-05-17T23:30:00+00:00,REV
SHORT,0.879700,0.887890,-0.008190,2011-05-17T23:30:00+00:00,2011-05-24T02:35:00+00:00,REV
LONG,0.887890,0.874600,-0.013290,2011-05-24T02:35:00+00:00,2011-05-25T15:31:00+00:00,REV
SHORT,0.874600,0.839090,0.035510,2011-05-25T15:31:00+00:00,2011-06-09T12:14:00+00:00,REV
LONG,0.839090,0.835200,-0.003890,2011-06-09T12:14:00+00:00,2011-06-14T04:16:00+00:00,REV
SHORT,0.835200,0.846790,-0.011590,2011-06-14T04:16:00+00:00,2011-06-15T07:53:00+00:00,REV
LONG,0.846790,0.844100,-0.002690,2011-06-15T07:53:00+00:00,2011-06-20T16:03:00+00:00,REV
SHORT,0.844100,0.838390,0.005710,2011-06-20T16:03:00+00:00,2011-06-30T16:19:00+00:00,REV
LONG,0.838390,0.838200,-0.000190,2011-06-30T16:19:00+00:00,2011-07-06T17:06:00+00:00,REV
SHORT,0.838200,0.850590,-0.012390,2011-07-06T17:06:00+00:00,2011-07-08T15:22:00+00:00,REV
LONG,0.850590,0.836200,-0.014390,2011-07-08T15:22:00+00:00,2011-07-08T17:20:00+00:00,REV
SHORT,0.836200,0.819890,0.016310,2011-07-08T17:20:00+00:00,2011-07-19T09:18:00+00:00,REV
LONG,0.819890,0.811700,-0.008190,2011-07-19T09:18:00+00:00,2011-07-25T00:00:00+00:00,REV
SHORT,0.811700,0.765090,0.046610,2011-07-25T00:00:00+00:00,2011-08-11T16:57:00+00:00,REV
LONG,0.765090,0.799200,0.034110,2011-08-11T16:57:00+00:00,2011-09-01T11:39:00+00:00,REV
SHORT,0.799200,0.814890,-0.015690,2011-09-01T11:39:00+00:00,2011-09-06T11:02:00+00:00,REV
LONG,0.814890,0.872800,0.057910,2011-09-06T11:02:00+00:00,2011-09-15T13:32:00+00:00,REV
SHORT,0.872800,0.885390,-0.012590,2011-09-15T13:32:00+00:00,2011-09-19T12:16:00+00:00,REV
LONG,0.885390,0.897500,0.012110,2011-09-19T12:16:00+00:00,2011-09-27T16:05:00+00:00,REV
SHORT,0.897500,0.905790,-0.008290,2011-09-27T16:05:00+00:00,2011-09-30T17:41:00+00:00,REV
LONG,0.905790,0.914700,0.008910,2011-09-30T17:41:00+00:00,2011-10-07T17:57:00+00:00,REV
SHORT,0.914700,0.903890,0.010810,2011-10-07T17:57:00+00:00,2011-10-18T16:56:00+00:00,REV
LONG,0.903890,0.892800,-0.011090,2011-10-18T16:56:00+00:00,2011-10-21T04:24:00+00:00,REV
SHORT,0.892800,0.882490,0.010310,2011-10-21T04:24:00+00:00,2011-11-01T10:02:00+00:00,REV
LONG,0.882490,0.915200,0.032710,2011-11-01T10:02:00+00:00,2011-11-29T12:31:00+00:00,REV
SHORT,0.915200,0.924090,-0.008890,2011-11-29T12:31:00+00:00,2011-12-06T09:09:00+00:00,REV
LONG,0.924090,0.935020,0.010930,2011-12-06T09:09:00+00:00,2011-12-19T15:14:00+00:00,REV
SHORT,0.935020,0.938790,-0.003770,2011-12-19T15:14:00+00:00,2011-12-28T16:42:00+00:00,REV
LONG,0.938790,0.933990,-0.004800,2011-12-28T16:42:00+00:00,2012-01-03T12:03:00+00:00,REV
SHORT,0.933990,0.942740,-0.008750,2012-01-03T12:03:00+00:00,2012-01-04T17:16:00+00:00,REV
LONG,0.942740,0.946440,0.003700,2012-01-04T17:16:00+00:00,2012-01-12T16:32:00+00:00,REV
SHORT,0.946440,0.956650,-0.010210,2012-01-12T16:32:00+00:00,2012-01-13T17:22:00+00:00,REV
LONG,0.956650,0.940560,-0.016090,2012-01-13T17:22:00+00:00,2012-01-18T19:28:00+00:00,REV
SHORT,0.940560,0.922820,0.017740,2012-01-18T19:28:00+00:00,2012-02-01T08:25:00+00:00,REV
LONG,0.922820,0.912710,-0.010110,2012-02-01T08:25:00+00:00,2012-02-07T17:57:00+00:00,REV
SHORT,0.912710,0.919990,-0.007280,2012-02-07T17:57:00+00:00,2012-02-14T17:57:00+00:00,REV
LONG,0.919990,0.915420,-0.004570,2012-02-14T17:57:00+00:00,2012-02-20T00:18:00+00:00,REV
SHORT,0.915420,0.902700,0.012720,2012-02-20T00:18:00+00:00,2012-02-29T17:51:00+00:00,REV
LONG,0.902700,0.910480,0.007780,2012-02-29T17:51:00+00:00,2012-03-08T13:50:00+00:00,REV
SHORT,0.910480,0.920120,-0.009640,2012-03-08T13:50:00+00:00,2012-03-09T18:16:00+00:00,REV
LONG,0.920120,0.914980,-0.005140,2012-03-09T18:16:00+00:00,2012-03-19T17:44:00+00:00,REV
SHORT,0.914980,0.917770,-0.002790,2012-03-19T17:44:00+00:00,2012-03-22T12:33:00+00:00,REV
LONG,0.917770,0.907620,-0.010150,2012-03-22T12:33:00+00:00,2012-03-23T11:32:00+00:00,REV
SHORT,0.907620,0.909270,-0.001650,2012-03-23T11:32:00+00:00,2012-04-03T21:29:00+00:00,REV
LONG,0.909270,0.914500,0.005230,2012-04-03T21:29:00+00:00,2012-04-11T12:56:00+00:00,REV
SHORT,0.914500,0.920290,-0.005790,2012-04-11T12:56:00+00:00,2012-04-16T00:00:00+00:00,REV
LONG,0.920290,0.912390,-0.007900,2012-04-16T00:00:00+00:00,2012-04-20T11:01:00+00:00,REV
SHORT,0.912390,0.913310,-0.000920,2012-04-20T11:01:00+00:00,2012-05-02T12:22:00+00:00,REV
LONG,0.913310,0.938570,0.025260,2012-05-02T12:22:00+00:00,2012-05-21T03:21:00+00:00,REV
SHORT,0.938570,0.950000,-0.011430,2012-05-21T03:21:00+00:00,2012-05-23T11:10:00+00:00,REV
LONG,0.950000,0.960080,0.010080,2012-05-23T11:10:00+00:00,2012-06-04T17:15:00+00:00,REV
SHORT,0.960080,0.956350,0.003730,2012-06-04T17:15:00+00:00,2012-06-21T19:30:00+00:00,REV
LONG,0.956350,0.958330,0.001980,2012-06-21T19:30:00+00:00,2012-06-29T06:00:00+00:00,REV
SHORT,0.958330,0.960410,-0.002080,2012-06-29T06:00:00+00:00,2012-07-05T11:51:00+00:00,REV
LONG,0.960410,0.977150,0.016740,2012-07-05T11:51:00+00:00,2012-07-17T04:21:00+00:00,REV
SHORT,0.977150,0.985160,-0.008010,2012-07-17T04:21:00+00:00,2012-07-20T14:51:00+00:00,REV
LONG,0.985160,0.986680,0.001520,2012-07-20T14:51:00+00:00,2012-07-26T13:19:00+00:00,REV
SHORT,0.986680,0.982330,0.004350,2012-07-26T13:19:00+00:00,2012-08-01T21:48:00+00:00,REV
LONG,0.982330,0.973590,-0.008740,2012-08-01T21:48:00+00:00,2012-08-02T15:10:00+00:00,REV
SHORT,0.973590,0.983320,-0.009730,2012-08-02T15:10:00+00:00,2012-08-02T15:56:00+00:00,REV
LONG,0.983320,0.968790,-0.014530,2012-08-02T15:56:00+00:00,2012-08-06T00:00:00+00:00,REV
SHORT,0.968790,0.974420,-0.005630,2012-08-06T00:00:00+00:00,2012-08-09T13:03:00+00:00,REV
LONG,0.974420,0.969670,-0.004750,2012-08-09T13:03:00+00:00,2012-08-14T10:30:00+00:00,REV
SHORT,0.969670,0.979460,-0.009790,2012-08-14T10:30:00+00:00,2012-08-16T09:12:00+00:00,REV
LONG,0.979460,0.969860,-0.009600,2012-08-16T09:12:00+00:00,2012-08-21T10:26:00+00:00,REV
SHORT,0.969860,0.962060,0.007800,2012-08-21T10:26:00+00:00,2012-08-28T03:58:00+00:00,REV
LONG,0.962060,0.954680,-0.007380,2012-08-28T03:58:00+00:00,2012-08-31T12:40:00+00:00,REV
SHORT,0.954680,0.930670,0.024010,2012-08-31T12:40:00+00:00,2012-09-20T08:41:00+00:00,REV
LONG,0.930670,0.933400,0.002730,2012-09-20T08:41:00+00:00,2012-10-02T18:33:00+00:00,REV
SHORT,0.933400,0.938720,-0.005320,2012-10-02T18:33:00+00:00,2012-10-09T17:57:00+00:00,REV
LONG,0.938720,0.932180,-0.006540,2012-10-09T17:57:00+00:00,2012-10-12T10:20:00+00:00,REV
SHORT,0.932180,0.928960,0.003220,2012-10-12T10:20:00+00:00,2012-10-23T10:24:00+00:00,REV
LONG,0.928960,0.929900,0.000940,2012-10-23T10:24:00+00:00,2012-10-31T11:15:00+00:00,REV
SHORT,0.929900,0.937480,-0.007580,2012-10-31T11:15:00+00:00,2012-11-02T12:04:00+00:00,REV
LONG,0.937480,0.942760,0.005280,2012-11-02T12:04:00+00:00,2012-11-14T21:00:00+00:00,REV
SHORT,0.942760,0.929310,0.013450,2012-11-14T21:00:00+00:00,2012-12-05T13:13:00+00:00,REV
LONG,0.929310,0.931550,0.002240,2012-12-05T13:13:00+00:00,2012-12-12T01:46:00+00:00,REV
SHORT,0.931550,0.917110,0.014440,2012-12-12T01:46:00+00:00,2012-12-28T12:27:00+00:00,REV
LONG,0.917110,0.909450,-0.007660,2012-12-28T12:27:00+00:00,2013-01-02T03:52:00+00:00,REV
SHORT,0.909450,0.918140,-0.008690,2013-01-02T03:52:00+00:00,2013-01-02T19:24:00+00:00,REV
LONG,0.918140,0.920000,0.001860,2013-01-02T19:24:00+00:00,2013-01-10T15:50:00+00:00,REV
SHORT,0.920000,0.926870,-0.006870,2013-01-10T15:50:00+00:00,2013-01-15T12:45:00+00:00,REV
LONG,0.926870,0.929660,0.002790,2013-01-15T12:45:00+00:00,2013-01-22T06:32:00+00:00,REV
SHORT,0.929660,0.911670,0.017990,2013-01-22T06:32:00+00:00,2013-02-06T09:35:00+00:00,REV
LONG,0.911670,0.920020,0.008350,2013-02-06T09:35:00+00:00,2013-02-20T03:07:00+00:00,REV
SHORT,0.920020,0.925840,-0.005820,2013-02-20T03:07:00+00:00,2013-02-20T21:02:00+00:00,REV
LONG,0.925840,0.942830,0.016990,2013-02-20T21:02:00+00:00,2013-03-15T13:01:00+00:00,REV
SHORT,0.942830,0.948200,-0.005370,2013-03-15T13:01:00+00:00,2013-03-25T17:46:00+00:00,REV
LONG,0.948200,0.946480,-0.001720,2013-03-25T17:46:00+00:00,2013-04-01T18:29:00+00:00,REV
SHORT,0.946480,0.933200,0.013280,2013-04-01T18:29:00+00:00,2013-04-17T19:47:00+00:00,REV
LONG,0.933200,0.940120,0.006920,2013-04-17T19:47:00+00:00,2013-04-29T00:33:00+00:00,REV
SHORT,0.940120,0.938390,0.001730,2013-04-29T00:33:00+00:00,2013-05-03T15:36:00+00:00,REV
LONG,0.938390,0.933590,-0.004800,2013-05-03T15:36:00+00:00,2013-05-09T11:17:00+00:00,REV
SHORT,0.933590,0.943640,-0.010050,2013-05-09T11:17:00+00:00,2013-05-09T20:26:00+00:00,REV
LONG,0.943640,0.964700,0.021060,2013-05-09T20:26:00+00:00,2013-05-23T11:30:00+00:00,REV
SHORT,0.964700,0.978060,-0.013360,2013-05-23T11:30:00+00:00,2013-05-29T08:24:00+00:00,REV
LONG,0.978060,0.959120,-0.018940,2013-05-29T08:24:00+00:00,2013-05-30T08:12:00+00:00,REV
SHORT,0.959120,0.927140,0.031980,2013-05-30T08:12:00+00:00,2013-06-19T21:28:00+00:00,REV
LONG,0.927140,0.957890,0.030750,2013-06-19T21:28:00+00:00,2013-07-11T00:00:00+00:00,REV
SHORT,0.957890,0.932440,0.025450,2013-07-11T00:00:00+00:00,2013-07-31T15:30:00+00:00,REV
LONG,0.932440,0.926260,-0.006180,2013-07-31T15:30:00+00:00,2013-07-31T21:00:00+00:00,REV
SHORT,0.926260,0.933680,-0.007420,2013-07-31T21:00:00+00:00,2013-08-01T17:00:00+00:00,REV
LONG,0.933680,0.925230,-0.008450,2013-08-01T17:00:00+00:00,2013-08-06T03:43:00+00:00,REV
SHORT,0.925230,0.928400,-0.003170,2013-08-06T03:43:00+00:00,2013-08-13T10:21:00+00:00,REV
LONG,0.928400,0.924610,-0.003790,2013-08-13T10:21:00+00:00,2013-08-16T15:35:00+00:00,REV
SHORT,0.924610,0.928460,-0.003850,2013-08-16T15:35:00+00:00,2013-08-22T13:24:00+00:00,REV
LONG,0.928460,0.918860,-0.009600,2013-08-22T13:24:00+00:00,2013-08-27T10:47:00+00:00,REV
SHORT,0.918860,0.924610,-0.005750,2013-08-27T10:47:00+00:00,2013-08-29T08:33:00+00:00,REV
LONG,0.924610,0.934460,0.009850,2013-08-29T08:33:00+00:00,2013-09-09T15:34:00+00:00,REV
SHORT,0.934460,0.913280,0.021180,2013-09-09T15:34:00+00:00,2013-09-25T01:24:00+00:00,REV
LONG,0.913280,0.908330,-0.004950,2013-09-25T01:24:00+00:00,2013-09-25T18:32:00+00:00,REV
SHORT,0.908330,0.907720,0.000610,2013-09-25T18:32:00+00:00,2013-10-04T19:35:00+00:00,REV
LONG,0.907720,0.906250,-0.001470,2013-10-04T19:35:00+00:00,2013-10-17T10:35:00+00:00,REV
SHORT,0.906250,0.896490,0.009760,2013-10-17T10:35:00+00:00,2013-10-29T03:29:00+00:00,REV
LONG,0.896490,0.915160,0.018670,2013-10-29T03:29:00+00:00,2013-11-13T18:42:00+00:00,REV
SHORT,0.915160,0.909200,0.005960,2013-11-13T18:42:00+00:00,2013-12-02T11:36:00+00:00,REV
LONG,0.909200,0.902380,-0.006820,2013-12-02T11:36:00+00:00,2013-12-03T18:46:00+00:00,REV
SHORT,0.902380,0.890900,0.011480,2013-12-03T18:46:00+00:00,2013-12-13T12:18:00+00:00,REV
LONG,0.890900,0.884510,-0.006390,2013-12-13T12:18:00+00:00,2013-12-17T20:25:00+00:00,REV
SHORT,0.884510,0.891710,-0.007200,2013-12-17T20:25:00+00:00,2013-12-18T22:31:00+00:00,REV
LONG,0.891710,0.892180,0.000470,2013-12-18T22:31:00+00:00,2013-12-24T00:02:00+00:00,REV
SHORT,0.892180,0.896650,-0.004470,2013-12-24T00:02:00+00:00,2014-01-02T10:22:00+00:00,REV
LONG,0.896650,0.903410,0.006760,2014-01-02T10:22:00+00:00,2014-01-10T15:34:00+00:00,REV
SHORT,0.903410,0.909140,-0.005730,2014-01-10T15:34:00+00:00,2014-01-15T15:33:00+00:00,REV
LONG,0.909140,0.908310,-0.000830,2014-01-15T15:33:00+00:00,2014-01-23T09:41:00+00:00,REV
SHORT,0.908310,0.900970,0.007340,2014-01-23T09:41:00+00:00,2014-01-30T14:53:00+00:00,REV
LONG,0.900970,0.900250,-0.000720,2014-01-30T14:53:00+00:00,2014-02-05T15:22:00+00:00,REV
SHORT,0.900250,0.902180,-0.001930,2014-02-05T15:22:00+00:00,2014-02-12T14:37:00+00:00,REV
LONG,0.902180,0.893870,-0.008310,2014-02-12T14:37:00+00:00,2014-02-13T11:24:00+00:00,REV
SHORT,0.893870,0.891070,0.002800,2014-02-13T11:24:00+00:00,2014-02-26T16:52:00+00:00,REV
LONG,0.891070,0.885210,-0.005860,2014-02-26T16:52:00+00:00,2014-02-28T12:00:00+00:00,REV
SHORT,0.885210,0.888930,-0.003720,2014-02-28T12:00:00+00:00,2014-03-05T12:14:00+00:00,REV
LONG,0.888930,0.879350,-0.009580,2014-03-05T12:14:00+00:00,2014-03-07T04:52:00+00:00,REV
SHORT,0.879350,0.876420,0.002930,2014-03-07T04:52:00+00:00,2014-03-18T17:54:00+00:00,REV
LONG,0.876420,0.882320,0.005900,2014-03-18T17:54:00+00:00,2014-04-01T15:31:00+00:00,REV
SHORT,0.882320,0.888970,-0.006650,2014-04-01T15:31:00+00:00,2014-04-03T16:08:00+00:00,REV
LONG,0.888970,0.884200,-0.004770,2014-04-03T16:08:00+00:00,2014-04-08T15:28:00+00:00,REV
SHORT,0.884200,0.880500,0.003700,2014-04-08T15:28:00+00:00,2014-04-15T04:23:00+00:00,REV
LONG,0.880500,0.881800,0.001300,2014-04-15T04:23:00+00:00,2014-04-23T11:31:00+00:00,REV
SHORT,0.881800,0.884550,-0.002750,2014-04-23T11:31:00+00:00,2014-04-30T11:40:00+00:00,REV
LONG,0.884550,0.878200,-0.006350,2014-04-30T11:40:00+00:00,2014-05-02T20:07:00+00:00,REV
SHORT,0.878200,0.878070,0.000130,2014-05-02T20:07:00+00:00,2014-05-08T16:49:00+00:00,REV
LONG,0.878070,0.889700,0.011630,2014-05-08T16:49:00+00:00,2014-05-21T10:00:00+00:00,REV
SHORT,0.889700,0.893940,-0.004240,2014-05-21T10:00:00+00:00,2014-05-21T15:43:00+00:00,REV
LONG,0.893940,0.893620,-0.000320,2014-05-21T15:43:00+00:00,2014-05-30T18:08:00+00:00,REV
SHORT,0.893620,0.898720,-0.005100,2014-05-30T18:08:00+00:00,2014-06-03T03:01:00+00:00,REV
LONG,0.898720,0.894790,-0.003930,2014-06-03T03:01:00+00:00,2014-06-05T14:44:00+00:00,REV
SHORT,0.894790,0.899340,-0.004550,2014-06-05T14:44:00+00:00,2014-06-05T15:31:00+00:00,REV
LONG,0.899340,0.896320,-0.003020,2014-06-05T15:31:00+00:00,2014-06-13T10:42:00+00:00,REV
SHORT,0.896320,0.901150,-0.004830,2014-06-13T10:42:00+00:00,2014-06-16T10:22:00+00:00,REV
LONG,0.901150,0.895880,-0.005270,2014-06-16T10:22:00+00:00,2014-06-18T21:00:00+00:00,REV
SHORT,0.895880,0.892520,0.003360,2014-06-18T21:00:00+00:00,2014-07-03T15:30:00+00:00,REV
LONG,0.892520,0.892000,-0.000520,2014-07-03T15:30:00+00:00,2014-07-09T09:23:00+00:00,REV
SHORT,0.892000,0.893360,-0.001360,2014-07-09T09:23:00+00:00,2014-07-15T12:11:00+00:00,REV
LONG,0.893360,0.906350,0.012990,2014-07-15T12:11:00+00:00,2014-08-08T09:37:00+00:00,REV
SHORT,0.906350,0.908530,-0.002180,2014-08-08T09:37:00+00:00,2014-08-19T15:35:00+00:00,REV
LONG,0.908530,0.913650,0.005120,2014-08-19T15:35:00+00:00,2014-08-28T04:04:00+00:00,REV
SHORT,0.913650,0.919070,-0.005420,2014-08-28T04:04:00+00:00,2014-09-01T00:00:00+00:00,REV
LONG,0.919070,0.917420,-0.001650,2014-09-01T00:00:00+00:00,2014-09-04T01:35:00+00:00,REV
SHORT,0.917420,0.921160,-0.003740,2014-09-04T01:35:00+00:00,2014-09-04T14:45:00+00:00,REV
LONG,0.921160,0.931880,0.010720,2014-09-04T14:45:00+00:00,2014-09-16T18:56:00+00:00,REV
SHORT,0.931880,0.937220,-0.005340,2014-09-16T18:56:00+00:00,2014-09-17T21:01:00+00:00,REV
LONG,0.937220,0.953060,0.015840,2014-09-17T21:01:00+00:00,2014-10-08T21:13:00+00:00,REV
SHORT,0.953060,0.949030,0.004030,2014-10-08T21:13:00+00:00,2014-10-21T22:59:00+00:00,REV
LONG,0.949030,0.947670,-0.001360,2014-10-21T22:59:00+00:00,2014-10-28T15:30:00+00:00,REV
SHORT,0.947670,0.954670,-0.007000,2014-10-28T15:30:00+00:00,2014-10-29T21:30:00+00:00,REV
LONG,0.954670,0.962210,0.007540,2014-10-29T21:30:00+00:00,2014-11-14T17:42:00+00:00,REV
SHORT,0.962210,0.965460,-0.003250,2014-11-14T17:42:00+00:00,2014-11-21T11:00:00+00:00,REV
LONG,0.965460,0.965330,-0.000130,2014-11-21T11:00:00+00:00,2014-12-11T01:55:00+00:00,REV
SHORT,0.965330,0.969990,-0.004660,2014-12-11T01:55:00+00:00,2014-12-17T21:40:00+00:00,REV
LONG,0.969990,1.011780,0.041790,2014-12-17T21:40:00+00:00,2015-01-15T11:30:00+00:00,REV
SHORT,1.011780,0.882000,0.129780,2015-01-15T11:30:00+00:00,2015-01-26T01:49:00+00:00,REV
LONG,0.882000,0.918530,0.036530,2015-01-26T01:49:00+00:00,2015-02-06T14:54:00+00:00,REV
SHORT,0.918530,0.928980,-0.010450,2015-02-06T14:54:00+00:00,2015-02-11T18:59:00+00:00,REV
LONG,0.928980,1.000950,0.071970,2015-02-11T18:59:00+00:00,2015-03-18T16:55:00+00:00,REV
SHORT,1.000950,0.969310,0.031640,2015-03-18T16:55:00+00:00,2015-03-31T07:00:00+00:00,REV
LONG,0.969310,0.960410,-0.008900,2015-03-31T07:00:00+00:00,2015-04-02T12:40:00+00:00,REV
SHORT,0.960410,0.967270,-0.006860,2015-04-02T12:40:00+00:00,2015-04-08T21:08:00+00:00,REV
LONG,0.967270,0.967290,0.000020,2015-04-08T21:08:00+00:00,2015-04-15T20:17:00+00:00,REV
SHORT,0.967290,0.962530,0.004760,2015-04-15T20:17:00+00:00,2015-04-22T15:15:00+00:00,REV
LONG,0.962530,0.950160,-0.012370,2015-04-22T15:15:00+00:00,2015-04-27T18:11:00+00:00,REV
SHORT,0.950160,0.932470,0.017690,2015-04-27T18:11:00+00:00,2015-05-11T03:56:00+00:00,REV
LONG,0.932470,0.919840,-0.012630,2015-05-11T03:56:00+00:00,2015-05-13T17:01:00+00:00,REV
SHORT,0.919840,0.926540,-0.006700,2015-05-13T17:01:00+00:00,2015-05-19T03:08:00+00:00,REV
LONG,0.926540,0.941730,0.015190,2015-05-19T03:08:00+00:00,2015-05-29T00:03:00+00:00,REV
SHORT,0.941730,0.947060,-0.005330,2015-05-29T00:03:00+00:00,2015-06-05T16:02:00+00:00,REV
LONG,0.947060,0.927770,-0.019290,2015-06-05T16:02:00+00:00,2015-06-08T21:13:00+00:00,REV
SHORT,0.927770,0.925010,0.002760,2015-06-08T21:13:00+00:00,2015-06-23T05:24:00+00:00,REV
LONG,0.925010,0.928070,0.003060,2015-06-23T05:24:00+00:00,2015-06-29T17:29:00+00:00,REV
SHORT,0.928070,0.942890,-0.014820,2015-06-29T17:29:00+00:00,2015-07-01T15:15:00+00:00,REV
LONG,0.942890,0.940850,-0.002040,2015-07-01T15:15:00+00:00,2015-07-10T10:26:00+00:00,REV
SHORT,0.940850,0.951580,-0.010730,2015-07-10T10:26:00+00:00,2015-07-14T03:24:00+00:00,REV
LONG,0.951580,0.955990,0.004410,2015-07-14T03:24:00+00:00,2015-07-23T10:30:00+00:00,REV
SHORT,0.955990,0.963630,-0.007640,2015-07-23T10:30:00+00:00,2015-07-28T09:11:00+00:00,REV
LONG,0.963630,0.959840,-0.003790,2015-07-28T09:11:00+00:00,2015-07-31T15:30:00+00:00,REV
SHORT,0.959840,0.971980,-0.012140,2015-07-31T15:30:00+00:00,2015-08-04T17:22:00+00:00,REV
LONG,0.971980,0.979090,0.007110,2015-08-04T17:22:00+00:00,2015-08-12T12:17:00+00:00,REV
SHORT,0.979090,0.955210,0.023880,2015-08-12T12:17:00+00:00,2015-08-27T14:35:00+00:00,REV
LONG,0.955210,0.969960,0.014750,2015-08-27T14:35:00+00:00,2015-09-11T20:50:00+00:00,REV
SHORT,0.969960,0.974140,-0.004180,2015-09-11T20:50:00+00:00,2015-09-22T09:12:00+00:00,REV
LONG,0.974140,0.968700,-0.005440,2015-09-22T09:12:00+00:00,2015-10-02T15:38:00+00:00,REV
SHORT,0.968700,0.957890,0.010810,2015-10-02T15:38:00+00:00,2015-10-21T12:21:00+00:00,REV
LONG,0.957890,0.999740,0.041850,2015-10-21T12:21:00+00:00,2015-11-12T17:00:00+00:00,REV
SHORT,0.999740,1.008720,-0.008980,2015-11-12T17:00:00+00:00,2015-11-13T18:48:00+00:00,REV
LONG,1.008720,1.022580,0.013860,2015-11-13T18:48:00+00:00,2015-12-02T19:56:00+00:00,REV
SHORT,1.022580,0.990880,0.031700,2015-12-02T19:56:00+00:00,2015-12-15T18:00:00+00:00,REV
LONG,0.990880,0.987870,-0.003010,2015-12-15T18:00:00+00:00,2015-12-22T15:14:00+00:00,REV
SHORT,0.987870,0.994400,-0.006530,2015-12-22T15:14:00+00:00,2015-12-31T14:38:00+00:00,REV
LONG,0.994400,0.992400,-0.002000,2015-12-31T14:38:00+00:00,2016-01-07T22:21:00+00:00,REV
SHORT,0.992400,1.005250,-0.012850,2016-01-07T22:21:00+00:00,2016-01-13T03:34:00+00:00,REV
LONG,1.005250,0.996640,-0.008610,2016-01-13T03:34:00+00:00,2016-01-15T15:50:00+00:00,REV
SHORT,0.996640,1.008250,-0.011610,2016-01-15T15:50:00+00:00,2016-01-21T15:33:00+00:00,REV
LONG,1.008250,1.011660,0.003410,2016-01-21T15:33:00+00:00,2016-01-28T15:30:00+00:00,REV
SHORT,1.011660,1.019970,-0.008310,2016-01-28T15:30:00+00:00,2016-01-29T05:41:00+00:00,REV
LONG,1.019970,1.013260,-0.006710,2016-01-29T05:41:00+00:00,2016-02-03T15:25:00+00:00,REV
SHORT,1.013260,0.982030,0.031230,2016-02-03T15:25:00+00:00,2016-02-15T10:26:00+00:00,REV
LONG,0.982030,0.988820,0.006790,2016-02-15T10:26:00+00:00,2016-02-24T16:51:00+00:00,REV
SHORT,0.988820,0.998940,-0.010120,2016-02-24T16:51:00+00:00,2016-02-29T10:38:00+00:00,REV
LONG,0.998940,0.994840,-0.004100,2016-02-29T10:38:00+00:00,2016-03-03T14:40:00+00:00,REV
SHORT,0.994840,1.000990,-0.006150,2016-03-03T14:40:00+00:00,2016-03-07T10:18:00+00:00,REV
LONG,1.000990,0.990120,-0.010870,2016-03-07T10:18:00+00:00,2016-03-10T16:12:00+00:00,REV
SHORT,0.990120,0.989650,0.000470,2016-03-10T16:12:00+00:00,2016-03-16T11:10:00+00:00,REV
LONG,0.989650,0.980250,-0.009400,2016-03-16T11:10:00+00:00,2016-03-16T21:10:00+00:00,REV
SHORT,0.980250,0.973740,0.006510,2016-03-16T21:10:00+00:00,2016-03-23T03:20:00+00:00,REV
LONG,0.973740,0.972460,-0.001280,2016-03-23T03:20:00+00:00,2016-03-28T18:13:00+00:00,REV
SHORT,0.972460,0.958290,0.014170,2016-03-28T18:13:00+00:00,2016-04-12T17:05:00+00:00,REV
LONG,0.958290,0.962780,0.004490,2016-04-12T17:05:00+00:00,2016-04-19T09:10:00+00:00,REV
SHORT,0.962780,0.968870,-0.006090,2016-04-19T09:10:00+00:00,2016-04-20T20:05:00+00:00,REV
LONG,0.968870,0.970130,0.001260,2016-04-20T20:05:00+00:00,2016-04-27T20:14:00+00:00,REV
SHORT,0.970130,0.960570,0.009560,2016-04-27T20:14:00+00:00,2016-05-05T10:56:00+00:00,REV
LONG,0.960570,0.968390,0.007820,2016-05-05T10:56:00+00:00,2016-05-12T12:23:00+00:00,REV
SHORT,0.968390,0.976340,-0.007950,2016-05-12T12:23:00+00:00,2016-05-13T16:59:00+00:00,REV
LONG,0.976340,0.988310,0.011970,2016-05-13T16:59:00+00:00,2016-05-26T16:06:00+00:00,REV
SHORT,0.988310,0.993820,-0.005510,2016-05-26T16:06:00+00:00,2016-05-27T21:00:00+00:00,REV
LONG,0.993820,0.988550,-0.005270,2016-05-27T21:00:00+00:00,2016-06-01T15:01:00+00:00,REV
SHORT,0.988550,0.965990,0.022560,2016-06-01T15:01:00+00:00,2016-06-13T12:49:00+00:00,REV
LONG,0.965990,0.961640,-0.004350,2016-06-13T12:49:00+00:00,2016-06-15T17:29:00+00:00,REV
SHORT,0.961640,0.967910,-0.006270,2016-06-15T17:29:00+00:00,2016-06-16T14:20:00+00:00,REV
LONG,0.967910,0.957220,-0.010690,2016-06-16T14:20:00+00:00,2016-06-22T16:53:00+00:00,REV
SHORT,0.957220,0.962850,-0.005630,2016-06-22T16:53:00+00:00,2016-06-24T00:21:00+00:00,REV
LONG,0.962850,0.972760,0.009910,2016-06-24T00:21:00+00:00,2016-07-01T14:34:00+00:00,REV
SHORT,0.972760,0.978170,-0.005410,2016-07-01T14:34:00+00:00,2016-07-06T05:14:00+00:00,REV
LONG,0.978170,0.979540,0.001370,2016-07-06T05:14:00+00:00,2016-07-14T14:17:00+00:00,REV
SHORT,0.979540,0.985400,-0.005860,2016-07-14T14:17:00+00:00,2016-07-19T14:47:00+00:00,REV
LONG,0.985400,0.984030,-0.001370,2016-07-19T14:47:00+00:00,2016-07-26T12:11:00+00:00,REV
SHORT,0.984030,0.990730,-0.006700,2016-07-26T12:11:00+00:00,2016-07-26T15:33:00+00:00,REV
LONG,0.990730,0.983460,-0.007270,2016-07-26T15:33:00+00:00,2016-07-28T10:30:00+00:00,REV
SHORT,0.983460,0.973920,0.009540,2016-07-28T10:30:00+00:00,2016-08-04T11:59:00+00:00,REV
LONG,0.973920,0.974620,0.000700,2016-08-04T11:59:00+00:00,2016-08-11T00:00:00+00:00,REV
SHORT,0.974620,0.964940,0.009680,2016-08-11T00:00:00+00:00,2016-08-24T11:09:00+00:00,REV
LONG,0.964940,0.977320,0.012380,2016-08-24T11:09:00+00:00,2016-09-02T15:29:00+00:00,REV
SHORT,0.977320,0.978520,-0.001200,2016-09-02T15:29:00+00:00,2016-09-13T21:28:00+00:00,REV
LONG,0.978520,0.971970,-0.006550,2016-09-13T21:28:00+00:00,2016-09-22T09:05:00+00:00,REV
SHORT,0.971970,0.973740,-0.001770,2016-09-22T09:05:00+00:00,2016-09-30T12:58:00+00:00,REV
LONG,0.973740,0.986650,0.012910,2016-09-30T12:58:00+00:00,2016-10-20T15:43:00+00:00,REV
SHORT,0.986650,0.991520,-0.004870,2016-10-20T15:43:00+00:00,2016-10-20T16:23:00+00:00,REV
LONG,0.991520,0.991540,0.000020,2016-10-20T16:23:00+00:00,2016-10-26T11:54:00+00:00,REV
SHORT,0.991540,0.977150,0.014390,2016-10-26T11:54:00+00:00,2016-11-07T00:00:00+00:00,REV
LONG,0.977150,0.967870,-0.009280,2016-11-07T00:00:00+00:00,2016-11-09T04:22:00+00:00,REV
SHORT,0.967870,0.979010,-0.011140,2016-11-09T04:22:00+00:00,2016-11-09T11:42:00+00:00,REV
LONG,0.979010,1.009200,0.030190,2016-11-09T11:42:00+00:00,2016-11-28T04:00:00+00:00,REV
SHORT,1.009200,1.018640,-0.009440,2016-11-28T04:00:00+00:00,2016-11-30T16:20:00+00:00,REV
LONG,1.018640,1.009640,-0.009000,2016-11-30T16:20:00+00:00,2016-12-02T00:02:00+00:00,REV
SHORT,1.009640,1.017870,-0.008230,2016-12-02T00:02:00+00:00,2016-12-09T03:58:00+00:00,REV
LONG,1.017870,1.010020,-0.007850,2016-12-09T03:58:00+00:00,2016-12-14T12:35:00+00:00,REV
SHORT,1.010020,1.021440,-0.011420,2016-12-14T12:35:00+00:00,2016-12-14T22:35:00+00:00,REV
LONG,1.021440,1.022090,0.000650,2016-12-14T22:35:00+00:00,2016-12-22T17:07:00+00:00,REV
SHORT,1.022090,1.028140,-0.006050,2016-12-22T17:07:00+00:00,2016-12-27T03:32:00+00:00,REV
LONG,1.028140,1.024410,-0.003730,2016-12-27T03:32:00+00:00,2016-12-29T11:39:00+00:00,REV
SHORT,1.024410,1.028620,-0.004210,2016-12-29T11:39:00+00:00,2017-01-03T12:00:00+00:00,REV
LONG,1.028620,1.018170,-0.010450,2017-01-03T12:00:00+00:00,2017-01-05T02:05:00+00:00,REV
SHORT,1.018170,1.019820,-0.001650,2017-01-05T02:05:00+00:00,2017-01-11T12:28:00+00:00,REV
LONG,1.019820,1.010120,-0.009700,2017-01-11T12:28:00+00:00,2017-01-12T08:46:00+00:00,REV
SHORT,1.010120,1.002670,0.007450,2017-01-12T08:46:00+00:00,2017-01-26T18:27:00+00:00,REV
LONG,1.002670,0.996590,-0.006080,2017-01-26T18:27:00+00:00,2017-01-30T00:02:00+00:00,REV
SHORT,0.996590,1.002840,-0.006250,2017-01-30T00:02:00+00:00,2017-01-30T14:08:00+00:00,REV
LONG,1.002840,0.993380,-0.009460,2017-01-30T14:08:00+00:00,2017-01-31T13:40:00+00:00,REV
SHORT,0.993380,0.996690,-0.003310,2017-01-31T13:40:00+00:00,2017-02-03T13:25:00+00:00,REV
LONG,0.996690,1.001880,0.005190,2017-02-03T13:25:00+00:00,2017-02-16T11:10:00+00:00,REV
SHORT,1.001880,1.005780,-0.003900,2017-02-16T11:10:00+00:00,2017-02-21T03:19:00+00:00,REV
LONG,1.005780,1.002520,-0.003260,2017-02-21T03:19:00+00:00,2017-02-28T17:16:00+00:00,REV
SHORT,1.002520,1.010240,-0.007720,2017-02-28T17:16:00+00:00,2017-03-01T10:03:00+00:00,REV
LONG,1.010240,1.009190,-0.001050,2017-03-01T10:03:00+00:00,2017-03-10T16:03:00+00:00,REV
SHORT,1.009190,0.995990,0.013200,2017-03-10T16:03:00+00:00,2017-03-29T14:50:00+00:00,REV
LONG,0.995990,1.002190,0.006200,2017-03-29T14:50:00+00:00,2017-04-13T00:03:00+00:00,REV
SHORT,1.002190,0.995750,0.006440,2017-04-13T00:03:00+00:00,2017-05-08T16:38:00+00:00,REV
LONG,0.995750,0.998750,0.003000,2017-05-08T16:38:00+00:00,2017-05-15T12:12:00+00:00,REV
SHORT,0.998750,0.977530,0.021220,2017-05-15T12:12:00+00:00,2017-05-30T00:00:00+00:00,REV
LONG,0.977530,0.969620,-0.007910,2017-05-30T00:00:00+00:00,2017-05-31T16:47:00+00:00,REV
SHORT,0.969620,0.967810,0.001810,2017-05-31T16:47:00+00:00,2017-06-08T15:38:00+00:00,REV
LONG,0.967810,0.965980,-0.001830,2017-06-08T15:38:00+00:00,2017-06-14T15:37:00+00:00,REV
SHORT,0.965980,0.972860,-0.006880,2017-06-14T15:37:00+00:00,2017-06-14T22:21:00+00:00,REV
LONG,0.972860,0.971200,-0.001660,2017-06-14T22:21:00+00:00,2017-06-23T00:06:00+00:00,REV
SHORT,0.971200,0.964340,0.006860,2017-06-23T00:06:00+00:00,2017-07-04T08:45:00+00:00,REV
LONG,0.964340,0.960110,-0.004230,2017-07-04T08:45:00+00:00,2017-07-07T00:00:00+00:00,REV
SHORT,0.960110,0.967580,-0.007470,2017-07-07T00:00:00+00:00,2017-07-11T08:16:00+00:00,REV
LONG,0.967580,0.960230,-0.007350,2017-07-11T08:16:00+00:00,2017-07-17T14:44:00+00:00,REV
SHORT,0.960230,0.952620,0.007610,2017-07-17T14:44:00+00:00,2017-07-26T01:23:00+00:00,REV
LONG,0.952620,0.967100,0.014480,2017-07-26T01:23:00+00:00,2017-08-09T06:52:00+00:00,REV
SHORT,0.967100,0.973360,-0.006260,2017-08-09T06:52:00+00:00,2017-08-15T03:52:00+00:00,REV
LONG,0.973360,0.961530,-0.011830,2017-08-15T03:52:00+00:00,2017-08-17T20:02:00+00:00,REV
SHORT,0.961530,0.968940,-0.007410,2017-08-17T20:02:00+00:00,2017-08-23T03:00:00+00:00,REV
LONG,0.968940,0.961110,-0.007830,2017-08-23T03:00:00+00:00,2017-08-25T17:01:00+00:00,REV
SHORT,0.961110,0.964630,-0.003520,2017-08-25T17:01:00+00:00,2017-08-31T10:43:00+00:00,REV
LONG,0.964630,0.954670,-0.009960,2017-08-31T10:43:00+00:00,2017-09-05T07:20:00+00:00,REV
SHORT,0.954670,0.959530,-0.004860,2017-09-05T07:20:00+00:00,2017-09-12T13:45:00+00:00,REV
LONG,0.959530,0.974260,0.014730,2017-09-12T13:45:00+00:00,2017-10-10T17:54:00+00:00,REV
SHORT,0.974260,0.977220,-0.002960,2017-10-10T17:54:00+00:00,2017-10-17T08:16:00+00:00,REV
LONG,0.977220,0.996950,0.019730,2017-10-17T08:16:00+00:00,2017-11-09T13:39:00+00:00,REV
SHORT,0.996950,0.994600,0.002350,2017-11-09T13:39:00+00:00,2017-11-21T14:13:00+00:00,REV
LONG,0.994600,0.987120,-0.007480,2017-11-21T14:13:00+00:00,2017-11-22T16:02:00+00:00,REV
SHORT,0.987120,0.982870,0.004250,2017-11-22T16:02:00+00:00,2017-11-28T09:20:00+00:00,REV
LONG,0.982870,0.980260,-0.002610,2017-11-28T09:20:00+00:00,2017-12-01T18:09:00+00:00,REV
SHORT,0.980260,0.988300,-0.008040,2017-12-01T18:09:00+00:00,2017-12-05T19:52:00+00:00,REV
LONG,0.988300,0.989010,0.000710,2017-12-05T19:52:00+00:00,2017-12-13T15:37:00+00:00,REV
SHORT,0.989010,0.991060,-0.002050,2017-12-13T15:37:00+00:00,2017-12-22T17:03:00+00:00,REV
LONG,0.991060,0.985810,-0.005250,2017-12-22T17:03:00+00:00,2017-12-28T00:00:00+00:00,REV
SHORT,0.985810,0.978540,0.007270,2017-12-28T00:00:00+00:00,2018-01-09T09:27:00+00:00,REV
LONG,0.978540,0.973770,-0.004770,2018-01-09T09:27:00+00:00,2018-01-11T16:57:00+00:00,REV
SHORT,0.973770,0.935970,0.037800,2018-01-11T16:57:00+00:00,2018-02-05T16:36:00+00:00,REV
LONG,0.935970,0.934830,-0.001140,2018-02-05T16:36:00+00:00,2018-02-13T09:40:00+00:00,REV
SHORT,0.934830,0.932060,0.002770,2018-02-13T09:40:00+00:00,2018-02-20T09:33:00+00:00,REV
LONG,0.932060,0.935820,0.003760,2018-02-20T09:33:00+00:00,2018-03-02T13:03:00+00:00,REV
SHORT,0.935820,0.942490,-0.006670,2018-03-02T13:03:00+00:00,2018-03-07T16:45:00+00:00,REV
LONG,0.942490,0.942920,0.000430,2018-03-07T16:45:00+00:00,2018-03-14T04:51:00+00:00,REV
SHORT,0.942920,0.951480,-0.008560,2018-03-14T04:51:00+00:00,2018-03-15T21:58:00+00:00,REV
LONG,0.951480,0.948530,-0.002950,2018-03-15T21:58:00+00:00,2018-03-21T22:47:00+00:00,REV
SHORT,0.948530,0.950950,-0.002420,2018-03-21T22:47:00+00:00,2018-03-28T12:01:00+00:00,REV
LONG,0.950950,0.956020,0.005070,2018-03-28T12:01:00+00:00,2018-04-10T00:00:00+00:00,REV
SHORT,0.956020,0.961040,-0.005020,2018-04-10T00:00:00+00:00,2018-04-12T11:59:00+00:00,REV
LONG,0.961040,0.999390,0.038350,2018-04-12T11:59:00+00:00,2018-05-11T13:36:00+00:00,REV
SHORT,0.999390,0.995850,0.003540,2018-05-11T13:36:00+00:00,2018-05-29T12:31:00+00:00,REV
LONG,0.995850,0.988550,-0.007300,2018-05-29T12:31:00+00:00,2018-05-29T21:17:00+00:00,REV
SHORT,0.988550,0.988850,-0.000300,2018-05-29T21:17:00+00:00,2018-06-13T11:05:00+00:00,REV
LONG,0.988850,0.982990,-0.005860,2018-06-13T11:05:00+00:00,2018-06-14T11:00:00+00:00,REV
SHORT,0.982990,0.989590,-0.006600,2018-06-14T11:00:00+00:00,2018-06-14T15:52:00+00:00,REV
LONG,0.989590,0.991760,0.002170,2018-06-14T15:52:00+00:00,2018-06-21T15:48:00+00:00,REV
SHORT,0.991760,0.992360,-0.000600,2018-06-21T15:48:00+00:00,2018-06-27T12:57:00+00:00,REV
LONG,0.992360,0.990510,-0.001850,2018-06-27T12:57:00+00:00,2018-07-06T15:35:00+00:00,REV
SHORT,0.990510,0.994590,-0.004080,2018-07-06T15:35:00+00:00,2018-07-10T13:38:00+00:00,REV
LONG,0.994590,0.994730,0.000140,2018-07-10T13:38:00+00:00,2018-07-17T11:34:00+00:00,REV
SHORT,0.994730,1.003530,-0.008800,2018-07-17T11:34:00+00:00,2018-07-19T15:23:00+00:00,REV
LONG,1.003530,0.992670,-0.010860,2018-07-19T15:23:00+00:00,2018-07-20T21:06:00+00:00,REV
SHORT,0.992670,0.995490,-0.002820,2018-07-20T21:06:00+00:00,2018-07-27T11:11:00+00:00,REV
LONG,0.995490,0.990290,-0.005200,2018-07-27T11:11:00+00:00,2018-07-30T16:50:00+00:00,REV
SHORT,0.990290,0.995680,-0.005390,2018-07-30T16:50:00+00:00,2018-08-03T03:01:00+00:00,REV
LONG,0.995680,0.992760,-0.002920,2018-08-03T03:01:00+00:00,2018-08-09T00:03:00+00:00,REV
SHORT,0.992760,0.997150,-0.004390,2018-08-09T00:03:00+00:00,2018-08-10T08:26:00+00:00,REV
LONG,0.997150,0.991540,-0.005610,2018-08-10T08:26:00+00:00,2018-08-20T22:56:00+00:00,REV
SHORT,0.991540,0.971640,0.019900,2018-08-20T22:56:00+00:00,2018-09-04T09:55:00+00:00,REV
LONG,0.971640,0.968290,-0.003350,2018-09-04T09:55:00+00:00,2018-09-06T15:23:00+00:00,REV
SHORT,0.968290,0.975430,-0.007140,2018-09-06T15:23:00+00:00,2018-09-10T21:34:00+00:00,REV
LONG,0.975430,0.968270,-0.007160,2018-09-10T21:34:00+00:00,2018-09-13T15:30:00+00:00,REV
SHORT,0.968270,0.968180,0.000090,2018-09-13T15:30:00+00:00,2018-09-19T13:56:00+00:00,REV
LONG,0.968180,0.959990,-0.008190,2018-09-19T13:56:00+00:00,2018-09-20T17:31:00+00:00,REV
SHORT,0.959990,0.967160,-0.007170,2018-09-20T17:31:00+00:00,2018-09-26T13:10:00+00:00,REV
LONG,0.967160,0.990720,0.023560,2018-09-26T13:10:00+00:00,2018-10-10T05:04:00+00:00,REV
SHORT,0.990720,0.993080,-0.002360,2018-10-10T05:04:00+00:00,2018-10-17T13:58:00+00:00,REV
LONG,0.993080,1.000030,0.006950,2018-10-17T13:58:00+00:00,2018-11-02T12:24:00+00:00,REV
SHORT,1.000030,1.006980,-0.006950,2018-11-02T12:24:00+00:00,2018-11-08T21:58:00+00:00,REV
LONG,1.006980,1.004460,-0.002520,2018-11-08T21:58:00+00:00,2018-11-14T21:41:00+00:00,REV
SHORT,1.004460,0.995930,0.008530,2018-11-14T21:41:00+00:00,2018-11-23T10:35:00+00:00,REV
LONG,0.995930,0.993310,-0.002620,2018-11-23T10:35:00+00:00,2018-11-28T20:23:00+00:00,REV
SHORT,0.993310,1.000490,-0.007180,2018-11-28T20:23:00+00:00,2018-12-05T08:11:00+00:00,REV
LONG,1.000490,0.993030,-0.007460,2018-12-05T08:11:00+00:00,2018-12-06T16:15:00+00:00,REV
SHORT,0.993030,0.994380,-0.001350,2018-12-06T16:15:00+00:00,2018-12-12T13:03:00+00:00,REV
LONG,0.994380,0.991160,-0.003220,2018-12-12T13:03:00+00:00,2018-12-18T11:26:00+00:00,REV
SHORT,0.991160,0.995650,-0.004490,2018-12-18T11:26:00+00:00,2018-12-21T22:02:00+00:00,REV
LONG,0.995650,0.984050,-0.011600,2018-12-21T22:02:00+00:00,2018-12-25T07:42:00+00:00,REV
SHORT,0.984050,0.995750,-0.011700,2018-12-25T07:42:00+00:00,2018-12-26T22:01:00+00:00,REV
LONG,0.995750,0.983580,-0.012170,2018-12-26T22:01:00+00:00,2018-12-28T12:20:00+00:00,REV
SHORT,0.983580,0.984920,-0.001340,2018-12-28T12:20:00+00:00,2019-01-11T16:23:00+00:00,REV
LONG,0.984920,0.993420,0.008500,2019-01-11T16:23:00+00:00,2019-01-25T17:24:00+00:00,REV
SHORT,0.993420,0.997500,-0.004080,2019-01-25T17:24:00+00:00,2019-01-30T14:55:00+00:00,REV
LONG,0.997500,1.004320,0.006820,2019-01-30T14:55:00+00:00,2019-02-18T00:39:00+00:00,REV
SHORT,1.004320,1.001620,0.002700,2019-02-18T00:39:00+00:00,2019-03-04T10:32:00+00:00,REV
LONG,1.001620,1.006290,0.004670,2019-03-04T10:32:00+00:00,2019-03-13T11:17:00+00:00,REV
SHORT,1.006290,0.995310,0.010980,2019-03-13T11:17:00+00:00,2019-03-27T03:56:00+00:00,REV
LONG,0.995310,0.990980,-0.004330,2019-03-27T03:56:00+00:00,2019-03-27T12:04:00+00:00,REV
SHORT,0.990980,0.996720,-0.005740,2019-03-27T12:04:00+00:00,2019-03-28T15:09:00+00:00,REV
LONG,0.996720,1.018390,0.021670,2019-03-28T15:09:00+00:00,2019-04-30T10:02:00+00:00,REV
SHORT,1.018390,1.020480,-0.002090,2019-04-30T10:02:00+00:00,2019-05-03T09:48:00+00:00,REV
LONG,1.020480,1.015110,-0.005370,2019-05-03T09:48:00+00:00,2019-05-09T16:51:00+00:00,REV
SHORT,1.015110,1.010790,0.004320,2019-05-09T16:51:00+00:00,2019-05-17T12:38:00+00:00,REV
LONG,1.010790,1.008030,-0.002760,2019-05-17T12:38:00+00:00,2019-05-22T14:30:00+00:00,REV
SHORT,1.008030,0.995070,0.012960,2019-05-22T14:30:00+00:00,2019-06-12T16:04:00+00:00,REV
LONG,0.995070,0.992530,-0.002540,2019-06-12T16:04:00+00:00,2019-06-19T21:30:00+00:00,REV
SHORT,0.992530,0.978560,0.013970,2019-06-19T21:30:00+00:00,2019-06-27T05:02:00+00:00,REV
LONG,0.978560,0.988710,0.010150,2019-06-27T05:02:00+00:00,2019-07-11T00:07:00+00:00,REV
SHORT,0.988710,0.985990,0.002720,2019-07-11T00:07:00+00:00,2019-07-24T03:23:00+00:00,REV
LONG,0.985990,0.989040,0.003050,2019-07-24T03:23:00+00:00,2019-07-31T20:34:00+00:00,REV
SHORT,0.989040,0.994680,-0.005640,2019-07-31T20:34:00+00:00,2019-07-31T21:49:00+00:00,REV
LONG,0.994680,0.988380,-0.006300,2019-07-31T21:49:00+00:00,2019-08-02T03:32:00+00:00,REV
SHORT,0.988380,0.976890,0.011490,2019-08-02T03:32:00+00:00,2019-08-14T07:48:00+00:00,REV
LONG,0.976890,0.977280,0.000390,2019-08-14T07:48:00+00:00,2019-08-23T18:30:00+00:00,REV
SHORT,0.977280,0.983790,-0.006510,2019-08-23T18:30:00+00:00,2019-08-29T12:04:00+00:00,REV
LONG,0.983790,0.985870,0.002080,2019-08-29T12:04:00+00:00,2019-09-04T00:17:00+00:00,REV
SHORT,0.985870,0.991820,-0.005950,2019-09-04T00:17:00+00:00,2019-09-09T21:33:00+00:00,REV
LONG,0.991820,0.988010,-0.003810,2019-09-09T21:33:00+00:00,2019-09-13T09:30:00+00:00,REV
SHORT,0.988010,0.994740,-0.006730,2019-09-13T09:30:00+00:00,2019-09-17T12:17:00+00:00,REV
LONG,0.994740,0.989980,-0.004760,2019-09-17T12:17:00+00:00,2019-09-20T10:20:00+00:00,REV
SHORT,0.989980,0.992550,-0.002570,2019-09-20T10:20:00+00:00,2019-09-26T10:09:00+00:00,REV
LONG,0.992550,0.992630,0.000080,2019-09-26T10:09:00+00:00,2019-10-08T11:09:00+00:00,REV
SHORT,0.992630,0.996640,-0.004010,2019-10-08T11:09:00+00:00,2019-10-10T18:03:00+00:00,REV
LONG,0.996640,0.994410,-0.002230,2019-10-10T18:03:00+00:00,2019-10-17T01:50:00+00:00,REV
SHORT,0.994410,0.989750,0.004660,2019-10-17T01:50:00+00:00,2019-10-23T04:04:00+00:00,REV
LONG,0.989750,0.993180,0.003430,2019-10-23T04:04:00+00:00,2019-10-30T08:14:00+00:00,REV
SHORT,0.993180,0.989540,0.003640,2019-10-30T08:14:00+00:00,2019-11-05T05:33:00+00:00,REV
LONG,0.989540,0.992180,0.002640,2019-11-05T05:33:00+00:00,2019-11-13T03:04:00+00:00,REV
SHORT,0.992180,0.991490,0.000690,2019-11-13T03:04:00+00:00,2019-11-19T11:26:00+00:00,REV
LONG,0.991490,0.996420,0.004930,2019-11-19T11:26:00+00:00,2019-12-02T15:46:00+00:00,REV
SHORT,0.996420,0.974030,0.022390,2019-12-02T15:46:00+00:00,2020-01-09T03:20:00+00:00,REV
LONG,0.974030,0.969380,-0.004650,2020-01-09T03:20:00+00:00,2020-01-14T00:00:00+00:00,REV
SHORT,0.969380,0.969610,-0.000230,2020-01-14T00:00:00+00:00,2020-01-20T17:51:00+00:00,REV
LONG,0.969610,0.967820,-0.001790,2020-01-20T17:51:00+00:00,2020-01-31T15:11:00+00:00,REV
SHORT,0.967820,0.971380,-0.003560,2020-01-31T15:11:00+00:00,2020-02-05T11:35:00+00:00,REV
LONG,0.971380,0.979620,0.008240,2020-02-05T11:35:00+00:00,2020-02-21T16:47:00+00:00,REV
SHORT,0.979620,0.941160,0.038460,2020-02-21T16:47:00+00:00,2020-03-12T14:40:00+00:00,REV
LONG,0.941160,0.974300,0.033140,2020-03-12T14:40:00+00:00,2020-03-24T11:48:00+00:00,REV
SHORT,0.974300,0.968600,0.005700,2020-03-24T11:48:00+00:00,2020-04-01T17:59:00+00:00,REV
LONG,0.968600,0.968510,-0.000090,2020-04-01T17:59:00+00:00,2020-04-09T15:57:00+00:00,REV
SHORT,0.968510,0.968760,-0.000250,2020-04-09T15:57:00+00:00,2020-04-15T15:35:00+00:00,REV
LONG,0.968760,0.971200,0.002440,2020-04-15T15:35:00+00:00,2020-04-30T11:58:00+00:00,REV
SHORT,0.971200,0.973540,-0.002340,2020-04-30T11:58:00+00:00,2020-05-06T09:13:00+00:00,REV
LONG,0.973540,0.968080,-0.005460,2020-05-06T09:13:00+00:00,2020-05-12T16:10:00+00:00,REV
SHORT,0.968080,0.975050,-0.006970,2020-05-12T16:10:00+00:00,2020-05-14T14:08:00+00:00,REV
LONG,0.975050,0.967640,-0.007410,2020-05-14T14:08:00+00:00,2020-05-20T10:14:00+00:00,REV
SHORT,0.967640,0.972930,-0.005290,2020-05-20T10:14:00+00:00,2020-05-22T12:55:00+00:00,REV
LONG,0.972930,0.964630,-0.008300,2020-05-22T12:55:00+00:00,2020-05-28T18:44:00+00:00,REV
SHORT,0.964630,0.964850,-0.000220,2020-05-28T18:44:00+00:00,2020-06-05T17:03:00+00:00,REV
LONG,0.964850,0.954140,-0.010710,2020-06-05T17:03:00+00:00,2020-06-09T12:36:00+00:00,REV
SHORT,0.954140,0.952960,0.001180,2020-06-09T12:36:00+00:00,2020-06-19T17:50:00+00:00,REV
LONG,0.952960,0.948090,-0.004870,2020-06-19T17:50:00+00:00,2020-06-22T17:03:00+00:00,REV
SHORT,0.948090,0.950860,-0.002770,2020-06-22T17:03:00+00:00,2020-06-29T19:11:00+00:00,REV
LONG,0.950860,0.944130,-0.006730,2020-06-29T19:11:00+00:00,2020-07-02T11:15:00+00:00,REV
SHORT,0.944130,0.943310,0.000820,2020-07-02T11:15:00+00:00,2020-07-13T15:15:00+00:00,REV
LONG,0.943310,0.937970,-0.005340,2020-07-13T15:15:00+00:00,2020-07-15T10:42:00+00:00,REV
SHORT,0.937970,0.943840,-0.005870,2020-07-15T10:42:00+00:00,2020-07-15T17:56:00+00:00,REV
LONG,0.943840,0.937370,-0.006470,2020-07-15T17:56:00+00:00,2020-07-21T10:10:00+00:00,REV
SHORT,0.937370,0.918830,0.018540,2020-07-21T10:10:00+00:00,2020-08-03T14:33:00+00:00,REV
LONG,0.918830,0.905590,-0.013240,2020-08-03T14:33:00+00:00,2020-08-05T17:04:00+00:00,REV
SHORT,0.905590,0.915870,-0.010280,2020-08-05T17:04:00+00:00,2020-08-10T11:36:00+00:00,REV
LONG,0.915870,0.909650,-0.006220,2020-08-10T11:36:00+00:00,2020-08-13T09:17:00+00:00,REV
SHORT,0.909650,0.912360,-0.002710,2020-08-13T09:17:00+00:00,2020-08-19T19:09:00+00:00,REV
LONG,0.912360,0.907000,-0.005360,2020-08-19T19:09:00+00:00,2020-08-27T10:50:00+00:00,REV
SHORT,0.907000,0.910140,-0.003140,2020-08-27T10:50:00+00:00,2020-09-02T03:45:00+00:00,REV
LONG,0.910140,0.911970,0.001830,2020-09-02T03:45:00+00:00,2020-09-10T01:41:00+00:00,REV
SHORT,0.911970,0.910890,0.001080,2020-09-10T01:41:00+00:00,2020-09-16T21:54:00+00:00,REV
LONG,0.910890,0.921560,0.010670,2020-09-16T21:54:00+00:00,2020-09-29T14:03:00+00:00,REV
SHORT,0.921560,0.916320,0.005240,2020-09-29T14:03:00+00:00,2020-10-19T09:57:00+00:00,REV
LONG,0.916320,0.911300,-0.005020,2020-10-19T09:57:00+00:00,2020-10-19T13:56:00+00:00,REV
SHORT,0.911300,0.909290,0.002010,2020-10-19T13:56:00+00:00,2020-10-27T11:56:00+00:00,REV
LONG,0.909290,0.911700,0.002410,2020-10-27T11:56:00+00:00,2020-11-04T01:03:00+00:00,REV
SHORT,0.911700,0.914350,-0.002650,2020-11-04T01:03:00+00:00,2020-11-10T11:44:00+00:00,REV
LONG,0.914350,0.912320,-0.002030,2020-11-10T11:44:00+00:00,2020-11-16T01:09:00+00:00,REV
SHORT,0.912320,0.914020,-0.001700,2020-11-16T01:09:00+00:00,2020-11-23T17:29:00+00:00,REV
LONG,0.914020,0.907580,-0.006440,2020-11-23T17:29:00+00:00,2020-11-26T02:12:00+00:00,REV
SHORT,0.907580,0.889280,0.018300,2020-11-26T02:12:00+00:00,2020-12-21T12:06:00+00:00,REV
LONG,0.889280,0.886820,-0.002460,2020-12-21T12:06:00+00:00,2020-12-29T05:52:00+00:00,REV
SHORT,0.886820,0.884620,0.002200,2020-12-29T05:52:00+00:00,2021-01-07T16:45:00+00:00,REV
LONG,0.884620,0.886380,0.001760,2021-01-07T16:45:00+00:00,2021-01-21T10:48:00+00:00,REV
SHORT,0.886380,0.889650,-0.003270,2021-01-21T10:48:00+00:00,2021-01-27T15:50:00+00:00,REV
LONG,0.889650,0.897840,0.008190,2021-01-27T15:50:00+00:00,2021-02-09T00:01:00+00:00,REV
SHORT,0.897840,0.894050,0.003790,2021-02-09T00:01:00+00:00,2021-02-17T01:14:00+00:00,REV
LONG,0.894050,0.927420,0.033370,2021-02-17T01:14:00+00:00,2021-03-11T10:21:00+00:00,REV
SHORT,0.927420,0.930600,-0.003180,2021-03-11T10:21:00+00:00,2021-03-19T15:13:00+00:00,REV
LONG,0.930600,0.940340,0.009740,2021-03-19T15:13:00+00:00,2021-04-05T15:48:00+00:00,REV
SHORT,0.940340,0.917390,0.022950,2021-04-05T15:48:00+00:00,2021-04-28T09:50:00+00:00,REV
LONG,0.917390,0.912130,-0.005260,2021-04-28T09:50:00+00:00,2021-04-28T18:32:00+00:00,REV
SHORT,0.912130,0.914840,-0.002710,2021-04-28T18:32:00+00:00,2021-05-04T09:14:00+00:00,REV
LONG,0.914840,0.909270,-0.005570,2021-05-04T09:14:00+00:00,2021-05-06T12:34:00+00:00,REV
SHORT,0.909270,0.909420,-0.000150,2021-05-06T12:34:00+00:00,2021-05-12T19:56:00+00:00,REV
LONG,0.909420,0.901030,-0.008390,2021-05-12T19:56:00+00:00,2021-05-17T00:00:00+00:00,REV
SHORT,0.901030,0.900330,0.000700,2021-05-17T00:00:00+00:00,2021-05-27T15:48:00+00:00,REV
LONG,0.900330,0.896050,-0.004280,2021-05-27T15:48:00+00:00,2021-06-01T17:19:00+00:00,REV
SHORT,0.896050,0.902500,-0.006450,2021-06-01T17:19:00+00:00,2021-06-03T16:32:00+00:00,REV
LONG,0.902500,0.896700,-0.005800,2021-06-03T16:32:00+00:00,2021-06-08T00:30:00+00:00,REV
SHORT,0.896700,0.899340,-0.002640,2021-06-08T00:30:00+00:00,2021-06-11T17:39:00+00:00,REV
LONG,0.899340,0.916180,0.016840,2021-06-11T17:39:00+00:00,2021-06-23T16:39:00+00:00,REV
SHORT,0.916180,0.920050,-0.003870,2021-06-23T16:39:00+00:00,2021-06-28T14:34:00+00:00,REV
LONG,0.920050,0.919980,-0.000070,2021-06-28T14:34:00+00:00,2021-07-06T09:04:00+00:00,REV
SHORT,0.919980,0.920120,-0.000140,2021-07-06T09:04:00+00:00,2021-07-16T11:01:00+00:00,REV
LONG,0.920120,0.916260,-0.003860,2021-07-16T11:01:00+00:00,2021-07-22T16:10:00+00:00,REV
SHORT,0.916260,0.907600,0.008660,2021-07-22T16:10:00+00:00,2021-08-04T18:13:00+00:00,REV
LONG,0.907600,0.918850,0.011250,2021-08-04T18:13:00+00:00,2021-08-13T17:01:00+00:00,REV
SHORT,0.918850,0.919720,-0.000870,2021-08-13T17:01:00+00:00,2021-08-19T05:20:00+00:00,REV
LONG,0.919720,0.912660,-0.007060,2021-08-19T05:20:00+00:00,2021-08-23T20:07:00+00:00,REV
SHORT,0.912660,0.917870,-0.005210,2021-08-23T20:07:00+00:00,2021-08-26T15:52:00+00:00,REV
LONG,0.917870,0.911010,-0.006860,2021-08-26T15:52:00+00:00,2021-08-27T19:43:00+00:00,REV
SHORT,0.911010,0.916890,-0.005880,2021-08-27T19:43:00+00:00,2021-09-07T17:04:00+00:00,REV
LONG,0.916890,0.922480,0.005590,2021-09-07T17:04:00+00:00,2021-09-22T11:52:00+00:00,REV
SHORT,0.922480,0.927420,-0.004940,2021-09-22T11:52:00+00:00,2021-09-27T10:02:00+00:00,REV
LONG,0.927420,0.927780,0.000360,2021-09-27T10:02:00+00:00,2021-10-04T14:09:00+00:00,REV
SHORT,0.927780,0.930630,-0.002850,2021-10-04T14:09:00+00:00,2021-10-12T15:45:00+00:00,REV
LONG,0.930630,0.924980,-0.005650,2021-10-12T15:45:00+00:00,2021-10-13T20:02:00+00:00,REV
SHORT,0.924980,0.920690,0.004290,2021-10-13T20:02:00+00:00,2021-10-26T03:22:00+00:00,REV
LONG,0.920690,0.914960,-0.005730,2021-10-26T03:22:00+00:00,2021-10-28T16:55:00+00:00,REV
SHORT,0.914960,0.915150,-0.000190,2021-10-28T16:55:00+00:00,2021-11-05T12:01:00+00:00,REV
LONG,0.915150,0.911100,-0.004050,2021-11-05T12:01:00+00:00,2021-11-09T19:57:00+00:00,REV
SHORT,0.911100,0.917570,-0.006470,2021-11-09T19:57:00+00:00,2021-11-10T20:04:00+00:00,REV
LONG,0.917570,0.930100,0.012530,2021-11-10T20:04:00+00:00,2021-11-26T09:29:00+00:00,REV
SHORT,0.930100,0.922210,0.007890,2021-11-26T09:29:00+00:00,2021-12-06T11:02:00+00:00,REV
LONG,0.922210,0.919160,-0.003050,2021-12-06T11:02:00+00:00,2021-12-14T13:18:00+00:00,REV
SHORT,0.919160,0.925710,-0.006550,2021-12-14T13:18:00+00:00,2021-12-15T16:27:00+00:00,REV
LONG,0.925710,0.918800,-0.006910,2021-12-15T16:27:00+00:00,2021-12-17T00:11:00+00:00,REV
SHORT,0.918800,0.920060,-0.001260,2021-12-17T00:11:00+00:00,2021-12-29T12:20:00+00:00,REV
LONG,0.920060,0.915910,-0.004150,2021-12-29T12:20:00+00:00,2021-12-29T16:22:00+00:00,REV
SHORT,0.915910,0.920080,-0.004170,2021-12-29T16:22:00+00:00,2022-01-06T17:55:00+00:00,REV
LONG,0.920080,0.918160,-0.001920,2022-01-06T17:55:00+00:00,2022-01-12T17:00:00+00:00,REV
SHORT,0.918160,0.915930,0.002230,2022-01-12T17:00:00+00:00,2022-01-18T05:40:00+00:00,REV
LONG,0.915930,0.912660,-0.003270,2022-01-18T05:40:00+00:00,2022-01-21T11:17:00+00:00,REV
SHORT,0.912660,0.918180,-0.005520,2022-01-21T11:17:00+00:00,2022-01-25T10:41:00+00:00,REV
LONG,0.918180,0.922740,0.004560,2022-01-25T10:41:00+00:00,2022-02-01T09:57:00+00:00,REV
SHORT,0.922740,0.925950,-0.003210,2022-02-01T09:57:00+00:00,2022-02-07T04:05:00+00:00,REV
LONG,0.925950,0.922650,-0.003300,2022-02-07T04:05:00+00:00,2022-02-15T16:11:00+00:00,REV
SHORT,0.922650,0.922840,-0.000190,2022-02-15T16:11:00+00:00,2022-02-24T12:34:00+00:00,REV
LONG,0.922840,0.916780,-0.006060,2022-02-24T12:34:00+00:00,2022-02-28T21:59:00+00:00,REV
SHORT,0.916780,0.924020,-0.007240,2022-02-28T21:59:00+00:00,2022-03-07T11:28:00+00:00,REV
LONG,0.924020,0.933570,0.009550,2022-03-07T11:28:00+00:00,2022-03-18T12:20:00+00:00,REV
SHORT,0.933570,0.935830,-0.002260,2022-03-18T12:20:00+00:00,2022-03-28T11:02:00+00:00,REV
LONG,0.935830,0.925980,-0.009850,2022-03-28T11:02:00+00:00,2022-03-30T11:49:00+00:00,REV
SHORT,0.925980,0.928160,-0.002180,2022-03-30T11:49:00+00:00,2022-04-05T17:30:00+00:00,REV
LONG,0.928160,0.930340,0.002180,2022-04-05T17:30:00+00:00,2022-04-12T15:43:00+00:00,REV
SHORT,0.930340,0.937240,-0.006900,2022-04-12T15:43:00+00:00,2022-04-14T14:52:00+00:00,REV
LONG,0.937240,0.971410,0.034170,2022-04-14T14:52:00+00:00,2022-05-05T04:33:00+00:00,REV
SHORT,0.971410,0.985300,-0.013890,2022-05-05T04:33:00+00:00,2022-05-05T17:17:00+00:00,REV
LONG,0.985300,0.992220,0.006920,2022-05-05T17:17:00+00:00,2022-05-17T14:49:00+00:00,REV
SHORT,0.992220,0.962060,0.030160,2022-05-17T14:49:00+00:00,2022-06-01T12:08:00+00:00,REV
LONG,0.962060,0.955670,-0.006390,2022-06-01T12:08:00+00:00,2022-06-03T10:48:00+00:00,REV
SHORT,0.955670,0.965950,-0.010280,2022-06-03T10:48:00+00:00,2022-06-06T17:17:00+00:00,REV
LONG,0.965950,0.986910,0.020960,2022-06-06T17:17:00+00:00,2022-06-16T10:30:00+00:00,REV
SHORT,0.986910,0.960600,0.026310,2022-06-16T10:30:00+00:00,2022-07-01T13:58:00+00:00,REV
LONG,0.960600,0.975450,0.014850,2022-07-01T13:58:00+00:00,2022-07-18T00:12:00+00:00,REV
SHORT,0.975450,0.959460,0.015990,2022-07-18T00:12:00+00:00,2022-08-03T11:54:00+00:00,REV
LONG,0.959460,0.953720,-0.005740,2022-08-03T11:54:00+00:00,2022-08-08T17:00:00+00:00,REV
SHORT,0.953720,0.947180,0.006540,2022-08-08T17:00:00+00:00,2022-08-16T10:01:00+00:00,REV
LONG,0.947180,0.960270,0.013090,2022-08-16T10:01:00+00:00,2022-08-26T16:13:00+00:00,REV
SHORT,0.960270,0.968810,-0.008540,2022-08-26T16:13:00+00:00,2022-08-29T02:38:00+00:00,REV
LONG,0.968810,0.976490,0.007680,2022-08-29T02:38:00+00:00,2022-09-07T22:48:00+00:00,REV
SHORT,0.976490,0.963680,0.012810,2022-09-07T22:48:00+00:00,2022-09-15T08:02:00+00:00,REV
LONG,0.963680,0.975550,0.011870,2022-09-15T08:02:00+00:00,2022-09-28T18:53:00+00:00,REV
SHORT,0.975550,0.994170,-0.018620,2022-09-28T18:53:00+00:00,2022-10-07T15:36:00+00:00,REV
LONG,0.994170,0.994320,0.000150,2022-10-07T15:36:00+00:00,2022-10-18T06:45:00+00:00,REV
SHORT,0.994320,1.006340,-0.012020,2022-10-18T06:45:00+00:00,2022-10-20T05:25:00+00:00,REV
LONG,1.006340,0.994350,-0.011990,2022-10-20T05:25:00+00:00,2022-10-25T17:02:00+00:00,REV
SHORT,0.994350,0.998030,-0.003680,2022-10-25T17:02:00+00:00,2022-10-31T00:14:00+00:00,REV
LONG,0.998030,0.991430,-0.006600,2022-10-31T00:14:00+00:00,2022-11-02T20:35:00+00:00,REV
SHORT,0.991430,1.003270,-0.011840,2022-11-02T20:35:00+00:00,2022-11-02T21:24:00+00:00,REV
LONG,1.003270,0.990990,-0.012280,2022-11-02T21:24:00+00:00,2022-11-07T11:03:00+00:00,REV
SHORT,0.990990,0.948910,0.042080,2022-11-07T11:03:00+00:00,2022-11-17T12:45:00+00:00,REV
LONG,0.948910,0.949760,0.000850,2022-11-17T12:45:00+00:00,2022-11-23T09:42:00+00:00,REV
SHORT,0.949760,0.950020,-0.000260,2022-11-23T09:42:00+00:00,2022-11-29T03:19:00+00:00,REV
LONG,0.950020,0.940440,-0.009580,2022-11-29T03:19:00+00:00,2022-12-01T15:42:00+00:00,REV
SHORT,0.940440,0.934370,0.006070,2022-12-01T15:42:00+00:00,2022-12-19T01:48:00+00:00,REV
LONG,0.934370,0.924150,-0.010220,2022-12-19T01:48:00+00:00,2022-12-21T15:38:00+00:00,REV
SHORT,0.924150,0.932200,-0.008050,2022-12-21T15:38:00+00:00,2022-12-23T03:01:00+00:00,REV
LONG,0.932200,0.926940,-0.005260,2022-12-23T03:01:00+00:00,2022-12-28T14:30:00+00:00,REV
SHORT,0.926940,0.928850,-0.001910,2022-12-28T14:30:00+00:00,2023-01-03T10:04:00+00:00,REV
LONG,0.928850,0.925290,-0.003560,2023-01-03T10:04:00+00:00,2023-01-09T04:49:00+00:00,REV
SHORT,0.925290,0.933240,-0.007950,2023-01-09T04:49:00+00:00,2023-01-12T09:12:00+00:00,REV
LONG,0.933240,0.921840,-0.011400,2023-01-12T09:12:00+00:00,2023-01-17T13:12:00+00:00,REV
SHORT,0.921840,0.924190,-0.002350,2023-01-17T13:12:00+00:00,2023-01-24T14:38:00+00:00,REV
LONG,0.924190,0.915920,-0.008270,2023-01-24T14:38:00+00:00,2023-01-26T16:17:00+00:00,REV
SHORT,0.915920,0.924580,-0.008660,2023-01-26T16:17:00+00:00,2023-01-30T21:07:00+00:00,REV
LONG,0.924580,0.915830,-0.008750,2023-01-30T21:07:00+00:00,2023-01-31T20:51:00+00:00,REV
SHORT,0.915830,0.927640,-0.011810,2023-01-31T20:51:00+00:00,2023-02-06T00:00:00+00:00,REV
LONG,0.927640,0.917780,-0.009860,2023-02-06T00:00:00+00:00,2023-02-09T10:27:00+00:00,REV
SHORT,0.917780,0.925350,-0.007570,2023-02-09T10:27:00+00:00,2023-02-13T03:22:00+00:00,REV
LONG,0.925350,0.916030,-0.009320,2023-02-13T03:22:00+00:00,2023-02-14T11:34:00+00:00,REV
SHORT,0.916030,0.926040,-0.010010,2023-02-14T11:34:00+00:00,2023-02-15T15:30:00+00:00,REV
LONG,0.926040,0.935180,0.009140,2023-02-15T15:30:00+00:00,2023-03-06T09:00:00+00:00,REV
SHORT,0.935180,0.942360,-0.007180,2023-03-06T09:00:00+00:00,2023-03-08T02:00:00+00:00,REV
LONG,0.942360,0.928530,-0.013830,2023-03-08T02:00:00+00:00,2023-03-10T05:47:00+00:00,REV
SHORT,0.928530,0.933380,-0.004850,2023-03-10T05:47:00+00:00,2023-03-15T22:28:00+00:00,REV
LONG,0.933380,0.923920,-0.009460,2023-03-15T22:28:00+00:00,2023-03-21T15:42:00+00:00,REV
SHORT,0.923920,0.921220,0.002700,2023-03-21T15:42:00+00:00,2023-03-28T17:02:00+00:00,REV
LONG,0.921220,0.913610,-0.007610,2023-03-28T17:02:00+00:00,2023-03-30T15:32:00+00:00,REV
SHORT,0.913610,0.907670,0.005940,2023-03-30T15:32:00+00:00,2023-04-10T15:06:00+00:00,REV
LONG,0.907670,0.903350,-0.004320,2023-04-10T15:06:00+00:00,2023-04-11T21:00:00+00:00,REV
SHORT,0.903350,0.899590,0.003760,2023-04-11T21:00:00+00:00,2023-04-19T12:31:00+00:00,REV
LONG,0.899590,0.892160,-0.007430,2023-04-19T12:31:00+00:00,2023-04-20T17:00:00+00:00,REV
SHORT,0.892160,0.892870,-0.000710,2023-04-20T17:00:00+00:00,2023-04-27T11:13:00+00:00,REV
LONG,0.892870,0.889580,-0.003290,2023-04-27T11:13:00+00:00,2023-05-03T09:54:00+00:00,REV
SHORT,0.889580,0.893820,-0.004240,2023-05-03T09:54:00+00:00,2023-05-11T10:18:00+00:00,REV
LONG,0.893820,0.894890,0.001070,2023-05-11T10:18:00+00:00,2023-05-22T12:26:00+00:00,REV
SHORT,0.894890,0.905940,-0.011050,2023-05-22T12:26:00+00:00,2023-05-24T19:00:00+00:00,REV
LONG,0.905940,0.901840,-0.004100,2023-05-24T19:00:00+00:00,2023-05-30T15:08:00+00:00,REV
SHORT,0.901840,0.908480,-0.006640,2023-05-30T15:08:00+00:00,2023-05-31T07:50:00+00:00,REV
LONG,0.908480,0.903440,-0.005040,2023-05-31T07:50:00+00:00,2023-06-06T10:02:00+00:00,REV
SHORT,0.903440,0.900170,0.003270,2023-06-06T10:02:00+00:00,2023-06-23T10:17:00+00:00,REV
LONG,0.900170,0.893030,-0.007140,2023-06-23T10:17:00+00:00,2023-07-03T00:07:00+00:00,REV
SHORT,0.893030,0.862570,0.030460,2023-07-03T00:07:00+00:00,2023-07-20T15:39:00+00:00,REV
LONG,0.862570,0.863220,0.000650,2023-07-20T15:39:00+00:00,2023-07-26T08:56:00+00:00,REV
SHORT,0.863220,0.870130,-0.006910,2023-07-26T08:56:00+00:00,2023-07-28T09:44:00+00:00,REV
LONG,0.870130,0.869950,-0.000180,2023-07-28T09:44:00+00:00,2023-08-04T16:41:00+00:00,REV
SHORT,0.869950,0.878340,-0.008390,2023-08-04T16:41:00+00:00,2023-08-14T15:01:00+00:00,REV
LONG,0.878340,0.876480,-0.001860,2023-08-14T15:01:00+00:00,2023-08-24T08:33:00+00:00,REV
SHORT,0.876480,0.882830,-0.006350,2023-08-24T08:33:00+00:00,2023-08-24T15:33:00+00:00,REV
LONG,0.882830,0.877470,-0.005360,2023-08-24T15:33:00+00:00,2023-08-30T15:30:00+00:00,REV
SHORT,0.877470,0.885950,-0.008480,2023-08-30T15:30:00+00:00,2023-09-01T19:00:00+00:00,REV
LONG,0.885950,0.894550,0.008600,2023-09-01T19:00:00+00:00,2023-09-20T17:08:00+00:00,REV
SHORT,0.894550,0.898470,-0.003920,2023-09-20T17:08:00+00:00,2023-09-20T22:23:00+00:00,REV
LONG,0.898470,0.911290,0.012820,2023-09-20T22:23:00+00:00,2023-09-29T09:55:00+00:00,REV
SHORT,0.911290,0.921730,-0.010440,2023-09-29T09:55:00+00:00,2023-10-03T10:50:00+00:00,REV
LONG,0.921730,0.911950,-0.009780,2023-10-03T10:50:00+00:00,2023-10-06T00:00:00+00:00,REV
SHORT,0.911950,0.895770,0.016180,2023-10-06T00:00:00+00:00,2023-10-25T12:17:00+00:00,REV
LONG,0.895770,0.900940,0.005170,2023-10-25T12:17:00+00:00,2023-11-03T14:31:00+00:00,REV
SHORT,0.900940,0.902460,-0.001520,2023-11-03T14:31:00+00:00,2023-11-09T21:06:00+00:00,REV
LONG,0.902460,0.898630,-0.003830,2023-11-09T21:06:00+00:00,2023-11-14T15:30:00+00:00,REV
SHORT,0.898630,0.876680,0.021950,2023-11-14T15:30:00+00:00,2023-12-07T14:20:00+00:00,REV
LONG,0.876680,0.872750,-0.003930,2023-12-07T14:20:00+00:00,2023-12-12T15:30:00+00:00,REV
SHORT,0.872750,0.850740,0.022010,2023-12-12T15:30:00+00:00,2024-01-03T09:14:00+00:00,REV
LONG,0.850740,0.864960,0.014220,2024-01-03T09:14:00+00:00,2024-01-24T11:46:00+00:00,REV
SHORT,0.864960,0.864990,-0.000030,2024-01-24T11:46:00+00:00,2024-02-01T09:23:00+00:00,REV
LONG,0.864990,0.878060,0.013070,2024-02-01T09:23:00+00:00,2024-02-19T00:05:00+00:00,REV
SHORT,0.878060,0.882190,-0.004130,2024-02-19T00:05:00+00:00,2024-02-26T04:31:00+00:00,REV
LONG,0.882190,0.878380,-0.003810,2024-02-26T04:31:00+00:00,2024-02-29T03:05:00+00:00,REV
SHORT,0.878380,0.882280,-0.003900,2024-02-29T03:05:00+00:00,2024-02-29T18:19:00+00:00,REV
LONG,0.882280,0.880520,-0.001760,2024-02-29T18:19:00+00:00,2024-03-06T19:05:00+00:00,REV
SHORT,0.880520,0.879550,0.000970,2024-03-06T19:05:00+00:00,2024-03-14T06:04:00+00:00,REV
LONG,0.879550,0.900840,0.021290,2024-03-14T06:04:00+00:00,2024-04-05T00:04:00+00:00,REV
SHORT,0.900840,0.907150,-0.006310,2024-04-05T00:04:00+00:00,2024-04-10T15:30:00+00:00,REV
LONG,0.907150,0.909320,0.002170,2024-04-10T15:30:00+00:00,2024-04-18T09:05:00+00:00,REV
SHORT,0.909320,0.913170,-0.003850,2024-04-18T09:05:00+00:00,2024-04-24T09:44:00+00:00,REV
LONG,0.913170,0.909570,-0.003600,2024-04-24T09:44:00+00:00,2024-04-29T19:43:00+00:00,REV
SHORT,0.909570,0.915740,-0.006170,2024-04-29T19:43:00+00:00,2024-04-30T17:53:00+00:00,REV
LONG,0.915740,0.909510,-0.006230,2024-04-30T17:53:00+00:00,2024-05-03T03:56:00+00:00,REV
SHORT,0.909510,0.909640,-0.000130,2024-05-03T03:56:00+00:00,2024-05-09T12:09:00+00:00,REV
LONG,0.909640,0.905190,-0.004450,2024-05-09T12:09:00+00:00,2024-05-13T00:04:00+00:00,REV
SHORT,0.905190,0.909930,-0.004740,2024-05-13T00:04:00+00:00,2024-05-14T15:30:00+00:00,REV
LONG,0.909930,0.904530,-0.005400,2024-05-14T15:30:00+00:00,2024-05-15T11:41:00+00:00,REV
SHORT,0.904530,0.909890,-0.005360,2024-05-15T11:41:00+00:00,2024-05-20T10:55:00+00:00,REV
LONG,0.909890,0.912610,0.002720,2024-05-20T10:55:00+00:00,2024-05-28T03:40:00+00:00,REV
SHORT,0.912610,0.897290,0.015320,2024-05-28T03:40:00+00:00,2024-06-07T17:33:00+00:00,REV
LONG,0.897290,0.889400,-0.007890,2024-06-07T17:33:00+00:00,2024-06-18T00:00:00+00:00,REV
SHORT,0.889400,0.892670,-0.003270,2024-06-18T00:00:00+00:00,2024-06-21T12:16:00+00:00,REV
LONG,0.892670,0.898530,0.005860,2024-06-21T12:16:00+00:00,2024-07-05T06:20:00+00:00,REV
SHORT,0.898530,0.890280,0.008250,2024-07-05T06:20:00+00:00,2024-07-23T09:52:00+00:00,REV
LONG,0.890280,0.886670,-0.003610,2024-07-23T09:52:00+00:00,2024-07-24T13:23:00+00:00,REV
SHORT,0.886670,0.887200,-0.000530,2024-07-24T13:23:00+00:00,2024-07-30T08:34:00+00:00,REV
LONG,0.887200,0.880210,-0.006990,2024-07-30T08:34:00+00:00,2024-07-31T14:20:00+00:00,REV
SHORT,0.880210,0.866270,0.013940,2024-07-31T14:20:00+00:00,2024-08-08T16:41:00+00:00,REV
LONG,0.866270,0.862500,-0.003770,2024-08-08T16:41:00+00:00,2024-08-14T11:49:00+00:00,REV
SHORT,0.862500,0.871250,-0.008750,2024-08-14T11:49:00+00:00,2024-08-15T15:33:00+00:00,REV
LONG,0.871250,0.861620,-0.009630,2024-08-15T15:33:00+00:00,2024-08-19T09:08:00+00:00,REV
SHORT,0.861620,0.848630,0.012990,2024-08-19T09:08:00+00:00,2024-08-29T17:23:00+00:00,REV
LONG,0.848630,0.846250,-0.002380,2024-08-29T17:23:00+00:00,2024-09-05T00:00:00+00:00,REV
SHORT,0.846250,0.849510,-0.003260,2024-09-05T00:00:00+00:00,2024-09-10T02:20:00+00:00,REV
LONG,0.849510,0.843420,-0.006090,2024-09-10T02:20:00+00:00,2024-09-17T10:42:00+00:00,REV
SHORT,0.843420,0.848660,-0.005240,2024-09-17T10:42:00+00:00,2024-09-19T03:25:00+00:00,REV
LONG,0.848660,0.844880,-0.003780,2024-09-19T03:25:00+00:00,2024-09-24T19:55:00+00:00,REV
SHORT,0.844880,0.849380,-0.004500,2024-09-24T19:55:00+00:00,2024-10-02T15:20:00+00:00,REV
LONG,0.849380,0.865010,0.015630,2024-10-02T15:20:00+00:00,2024-10-28T16:52:00+00:00,REV
SHORT,0.865010,0.869910,-0.004900,2024-10-28T16:52:00+00:00,2024-11-01T16:40:00+00:00,REV
LONG,0.869910,0.863190,-0.006720,2024-11-01T16:40:00+00:00,2024-11-04T11:38:00+00:00,REV
SHORT,0.863190,0.871190,-0.008000,2024-11-04T11:38:00+00:00,2024-11-06T04:14:00+00:00,REV
LONG,0.871190,0.882800,0.011610,2024-11-06T04:14:00+00:00,2024-11-19T00:00:00+00:00,REV
SHORT,0.882800,0.887060,-0.004260,2024-11-19T00:00:00+00:00,2024-11-22T08:01:00+00:00,REV
LONG,0.887060,0.884210,-0.002850,2024-11-22T08:01:00+00:00,2024-11-27T09:46:00+00:00,REV
SHORT,0.884210,0.886800,-0.002590,2024-11-27T09:46:00+00:00,2024-12-02T14:57:00+00:00,REV
LONG,0.886800,0.879700,-0.007100,2024-12-02T14:57:00+00:00,2024-12-05T17:06:00+00:00,REV
SHORT,0.879700,0.883310,-0.003610,2024-12-05T17:06:00+00:00,2024-12-11T03:53:00+00:00,REV
LONG,0.883310,0.891440,0.008130,2024-12-11T03:53:00+00:00,2024-12-20T21:50:00+00:00,REV
SHORT,0.891440,0.901270,-0.009830,2024-12-20T21:50:00+00:00,2024-12-27T16:55:00+00:00,REV
LONG,0.901270,0.902280,0.001010,2024-12-27T16:55:00+00:00,2025-01-06T13:24:00+00:00,REV
SHORT,0.902280,0.912530,-0.010250,2025-01-06T13:24:00+00:00,2025-01-08T13:46:00+00:00,REV
LONG,0.912530,0.911040,-0.001490,2025-01-08T13:46:00+00:00,2025-01-15T10:03:00+00:00,REV
SHORT,0.911040,0.907740,0.003300,2025-01-15T10:03:00+00:00,2025-01-29T15:17:00+00:00,REV
LONG,0.907740,0.905860,-0.001880,2025-01-29T15:17:00+00:00,2025-02-04T17:00:00+00:00,REV
SHORT,0.905860,0.910670,-0.004810,2025-02-04T17:00:00+00:00,2025-02-10T00:00:00+00:00,REV
LONG,0.910670,0.909360,-0.001310,2025-02-10T00:00:00+00:00,2025-02-13T09:30:00+00:00,REV
SHORT,0.909360,0.904960,0.004400,2025-02-13T09:30:00+00:00,2025-02-19T11:01:00+00:00,REV
LONG,0.904960,0.897540,-0.007420,2025-02-19T11:01:00+00:00,2025-02-21T11:07:00+00:00,REV
SHORT,0.897540,0.899870,-0.002330,2025-02-21T11:07:00+00:00,2025-02-27T15:53:00+00:00,REV
LONG,0.899870,0.893810,-0.006060,2025-02-27T15:53:00+00:00,2025-03-04T10:11:00+00:00,REV
SHORT,0.893810,0.883580,0.010230,2025-03-04T10:11:00+00:00,2025-03-12T01:54:00+00:00,REV
LONG,0.883580,0.880310,-0.003270,2025-03-12T01:54:00+00:00,2025-03-17T17:10:00+00:00,REV
SHORT,0.880310,0.884340,-0.004030,2025-03-17T17:10:00+00:00,2025-03-24T17:32:00+00:00,REV
LONG,0.884340,0.879990,-0.004350,2025-03-24T17:32:00+00:00,2025-03-28T16:35:00+00:00,REV
SHORT,0.879990,0.885110,-0.005120,2025-03-28T16:35:00+00:00,2025-03-31T17:49:00+00:00,REV
LONG,0.885110,0.877890,-0.007220,2025-03-31T17:49:00+00:00,2025-04-03T02:30:00+00:00,REV
SHORT,0.877890,0.820550,0.057340,2025-04-03T02:30:00+00:00,2025-04-23T00:35:00+00:00,REV
LONG,0.820550,0.819620,-0.000930,2025-04-23T00:35:00+00:00,2025-04-29T00:00:00+00:00,REV
SHORT,0.819620,0.831950,-0.012330,2025-04-29T00:00:00+00:00,2025-05-01T17:28:00+00:00,REV
LONG,0.831950,0.820530,-0.011420,2025-05-01T17:28:00+00:00,2025-05-07T17:44:00+00:00,REV
SHORT,0.820530,0.827570,-0.007040,2025-05-07T17:44:00+00:00,2025-05-08T09:39:00+00:00,REV
LONG,0.827570,0.832410,0.004840,2025-05-08T09:39:00+00:00,2025-05-19T13:02:00+00:00,REV
SHORT,0.832410,0.829160,0.003250,2025-05-19T13:02:00+00:00,2025-05-29T02:10:00+00:00,REV
LONG,0.829160,0.819870,-0.009290,2025-05-29T02:10:00+00:00,2025-06-02T09:33:00+00:00,REV
SHORT,0.819870,0.824980,-0.005110,2025-06-02T09:33:00+00:00,2025-06-04T08:34:00+00:00,REV
LONG,0.824980,0.818580,-0.006400,2025-06-04T08:34:00+00:00,2025-06-11T15:36:00+00:00,REV
SHORT,0.818580,0.817220,0.001360,2025-06-11T15:36:00+00:00,2025-06-18T02:39:00+00:00,REV
LONG,0.817220,0.814420,-0.002800,2025-06-18T02:39:00+00:00,2025-06-23T17:44:00+00:00,REV
SHORT,0.814420,0.798730,0.015690,2025-06-23T17:44:00+00:00,2025-07-07T19:56:00+00:00,REV
LONG,0.798730,0.793070,-0.005660,2025-07-07T19:56:00+00:00,2025-07-10T02:51:00+00:00,REV
SHORT,0.793070,0.798810,-0.005740,2025-07-10T02:51:00+00:00,2025-07-15T16:46:00+00:00,REV
LONG,0.798810,0.795320,-0.003490,2025-07-15T16:46:00+00:00,2025-07-16T18:30:00+00:00,REV
SHORT,0.795320,0.802510,-0.007190,2025-07-16T18:30:00+00:00,2025-07-16T18:55:00+00:00,REV
LONG,0.802510,0.796500,-0.006010,2025-07-16T18:55:00+00:00,2025-07-22T16:54:00+00:00,REV
SHORT,0.796500,0.798020,-0.001520,2025-07-22T16:54:00+00:00,2025-07-28T10:48:00+00:00,REV
LONG,0.798020,0.802610,0.004590,2025-07-28T10:48:00+00:00,2025-08-04T00:06:00+00:00,REV
SHORT,0.802610,0.809450,-0.006840,2025-08-04T00:06:00+00:00,2025-08-11T12:29:00+00:00,REV
LONG,0.809450,0.804580,-0.004870,2025-08-11T12:29:00+00:00,2025-08-13T10:14:00+00:00,REV
SHORT,0.804580,0.808600,-0.004020,2025-08-13T10:14:00+00:00,2025-08-20T03:05:00+00:00,REV
LONG,0.808600,0.803790,-0.004810,2025-08-20T03:05:00+00:00,2025-08-20T17:47:00+00:00,REV
SHORT,0.803790,0.809340,-0.005550,2025-08-20T17:47:00+00:00,2025-08-22T04:33:00+00:00,REV
LONG,0.809340,0.803080,-0.006260,2025-08-22T04:33:00+00:00,2025-08-22T17:16:00+00:00,REV
SHORT,0.803080,0.803600,-0.000520,2025-08-22T17:16:00+00:00,2025-09-02T10:56:00+00:00,REV
LONG,0.803600,0.799780,-0.003820,2025-09-02T10:56:00+00:00,2025-09-05T15:30:00+00:00,REV
SHORT,0.799780,0.799610,0.000170,2025-09-05T15:30:00+00:00,2025-09-11T09:01:00+00:00,REV
LONG,0.799610,0.794040,-0.005570,2025-09-11T09:01:00+00:00,2025-09-15T18:50:00+00:00,REV
SHORT,0.794040,0.794870,-0.000830,2025-09-15T18:50:00+00:00,2025-09-19T11:09:00+00:00,REV
LONG,0.794870,0.790590,-0.004280,2025-09-19T11:09:00+00:00,2025-09-24T00:04:00+00:00,REV
SHORT,0.790590,0.797360,-0.006770,2025-09-24T00:04:00+00:00,2025-09-25T15:31:00+00:00,REV
LONG,0.797360,0.793870,-0.003490,2025-09-25T15:31:00+00:00,2025-10-01T08:00:00+00:00,REV
SHORT,0.793870,0.799070,-0.005200,2025-10-01T08:00:00+00:00,2025-10-02T18:14:00+00:00,REV
LONG,0.799070,0.794450,-0.004620,2025-10-02T18:14:00+00:00,2025-10-07T00:00:00+00:00,REV
SHORT,0.794450,0.799440,-0.004990,2025-10-07T00:00:00+00:00,2025-10-08T04:00:00+00:00,REV
LONG,0.799440,0.798550,-0.000890,2025-10-08T04:00:00+00:00,2025-10-15T17:23:00+00:00,REV
SHORT,0.798550,0.796500,0.002050,2025-10-15T17:23:00+00:00,2025-10-22T01:16:00+00:00,REV
LONG,0.796500,0.793370,-0.003130,2025-10-22T01:16:00+00:00,2025-10-28T06:17:00+00:00,REV
SHORT,0.793370,0.797350,-0.003980,2025-10-28T06:17:00+00:00,2025-10-29T11:16:00+00:00,REV
LONG,0.797350,0.805910,0.008560,2025-10-29T11:16:00+00:00,2025-11-07T00:00:00+00:00,REV
SHORT,0.805910,0.799470,0.006440,2025-11-07T00:00:00+00:00,2025-11-18T18:08:00+00:00,REV
LONG,0.799470,0.803780,0.004310,2025-11-18T18:08:00+00:00,2025-11-27T00:00:00+00:00,REV
SHORT,0.803780,0.805370,-0.001590,2025-11-27T00:00:00+00:00,2025-12-05T18:14:00+00:00,REV
LONG,0.805370,0.801870,-0.003500,2025-12-05T18:14:00+00:00,2025-12-10T21:00:00+00:00,REV
SHORT,0.801870,0.797440,0.004430,2025-12-10T21:00:00+00:00,2025-12-17T08:55:00+00:00,REV
LONG,0.797440,0.792750,-0.004690,2025-12-17T08:55:00+00:00,2025-12-22T15:10:00+00:00,REV
SHORT,0.792750,0.790390,0.002360,2025-12-22T15:10:00+00:00,2025-12-29T13:01:00+00:00,REV
LONG,0.790390,0.798330,0.007940,2025-12-29T13:01:00+00:00,2026-01-19T01:32:00+00:00,REV
SHORT,0.798330,0.773290,0.025040,2026-01-19T01:32:00+00:00,2026-02-02T00:53:00+00:00,REV
LONG,0.773290,0.773550,0.000260,2026-02-02T00:53:00+00:00,2026-02-09T00:04:00+00:00,REV
SHORT,0.773550,0.772570,0.000980,2026-02-09T00:04:00+00:00,2026-02-17T17:01:00+00:00,REV
LONG,0.772570,0.771000,-0.001570,2026-02-17T17:01:00+00:00,2026-02-26T03:47:00+00:00,REV
SHORT,0.771000,0.775820,-0.004820,2026-02-26T03:47:00+00:00,2026-03-02T14:06:00+00:00,REV
LONG,0.775820,0.778200,0.002380,2026-03-02T14:06:00+00:00,2026-03-06T17:02:00+00:00,REV
SHORT,0.778200,0.782610,-0.004410,2026-03-06T17:02:00+00:00,2026-03-12T10:36:00+00:00,REV
LONG,0.782610,0.784670,0.002060,2026-03-12T10:36:00+00:00,2026-03-17T19:52:00+00:00,REV
SHORT,0.784670,0.792350,-0.007680,2026-03-17T19:52:00+00:00,2026-03-18T21:00:00+00:00,REV
LONG,0.792350,0.785510,-0.006840,2026-03-18T21:00:00+00:00,2026-03-23T14:56:00+00:00,REV
SHORT,0.785510,0.794030,-0.008520,2026-03-23T14:56:00+00:00,2026-03-26T17:41:00+00:00,REV
LONG,0.794030,0.794040,0.000010,2026-03-26T17:41:00+00:00,2026-04-01T10:18:00+00:00,REV
SHORT,0.794040,0.801790,-0.007750,2026-04-01T10:18:00+00:00,2026-04-06T04:37:00+00:00,REV
LONG,0.801790,0.796080,-0.005710,2026-04-06T04:37:00+00:00,2026-04-08T01:05:00+00:00,REV
SHORT,0.796080,0.784090,0.011990,2026-04-08T01:05:00+00:00,2026-04-22T20:56:00+00:00,REV
LONG,0.784090,0.783060,-0.001030,2026-04-22T20:56:00+00:00,2026-04-30T17:11:00+00:00,REV
SHORT,0.783060,0.780990,0.002070,2026-04-30T17:11:00+00:00,2026-05-12T12:19:00+00:00,REV
LONG,0.780990,0.783800,0.002810,2026-05-12T12:19:00+00:00,2026-05-22T20:30:00+00:00,REV
SHORT,0.783800,0.787640,-0.003840,2026-05-22T20:30:00+00:00,2026-05-28T02:30:00+00:00,REV
LONG,0.787640,0.781460,-0.006180,2026-05-28T02:30:00+00:00,2026-05-29T15:57:00+00:00,REV
SHORT,0.781460,0.788530,-0.007070,2026-05-29T15:57:00+00:00,2026-06-03T07:23:00+00:00,REV
LONG,0.788530,0.794700,0.006170,2026-06-03T07:23:00+00:00,2026-06-11T22:30:00+00:00,REV
SHORT,0.794700,0.797640,-0.002940,2026-06-11T22:30:00+00:00,2026-06-17T22:02:00+00:00,REV
LONG,0.797640,0.807180,0.009540,2026-06-17T22:02:00+00:00,2026-06-26T15:57:00+00:00,REV
SHORT,0.807180,0.811240,-0.004060,2026-06-26T15:57:00+00:00,2026-07-01T15:09:00+00:00,REV
LONG,0.811240,0.806280,-0.004960,2026-07-01T15:09:00+00:00,2026-07-02T11:01:00+00:00,REV
SHORT,0.806280,0.808820,-0.002540,2026-07-02T11:01:00+00:00,2026-07-08T02:46:00+00:00,REV
LONG,0.808820,0.803700,-0.005120,2026-07-08T02:46:00+00:00,2026-07-10T05:15:00+00:00,REV
SHORT,0.803700,0.810860,-0.007160,2026-07-10T05:15:00+00:00,2026-07-13T04:24:00+00:00,REV
LONG,0.810860,0.803350,-0.007510,2026-07-13T04:24:00+00:00,2026-07-16T00:08:00+00:00,REV
SHORT,0.803350,0.810850,-0.007500,2026-07-16T00:08:00+00:00,2026-07-21T06:14:00+00:00,REV
LONG,0.810850,0.813850,0.003000,2026-07-21T06:14:00+00:00,2026-07-29T22:16:00+00:00,REV
SHORT,0.813850,0.811610,0.002240,2026-07-29T22:16:00+00:00,2026-08-06T18:17:00+00:00,REV
LONG,0.811610,0.805970,-0.005640,2026-08-06T18:17:00+00:00,2026-08-07T15:45:00+00:00,REV
SHORT,0.805970,0.812990,-0.007020,2026-08-07T15:45:00+00:00,2026-08-12T19:47:00+00:00,REV
LONG,0.812990,0.809350,-0.003640,2026-08-12T19:47:00+00:00,2026-08-17T10:26:00+00:00,REV
SHORT,0.809350,0.803060,0.006290,2026-08-17T10:26:00+00:00,2026-08-25T04:50:00+00:00,REV
LONG,0.803060,0.806210,0.003150,2026-08-25T04:50:00+00:00,2026-09-03T16:15:00+00:00,REV
SHORT,0.806210,0.812120,-0.005910,2026-09-03T16:15:00+00:00,2026-09-10T15:09:00+00:00,REV
LONG,0.812120,0.820600,0.008480,2026-09-10T15:09:00+00:00,2026-09-22T00:05:00+00:00,REV
SHORT,0.820600,0.826050,-0.005450,2026-09-22T00:05:00+00:00,2026-09-23T20:02:00+00:00,REV
LONG,0.826050,0.825100,-0.000950,2026-09-23T20:02:00+00:00,2026-09-24T02:59:00+00:00,END
