week,entry,expiry,move_pct,sigma_w_pct,credit_pct,unhedged,hedged,stop2x,hedge_trades
1990-W06,1990-02-09,1990-02-16,1.568822281918103,2.2076917797306987,0.4003875201381701,0.36705418680483676,0.36705418680483676,0.36705418680483676,0
1990-W07,1990-02-16,1990-02-23,-1.5309767377420735,1.834009132890656,0.3326177197492019,0.2992843864158685,-1.4961707199256327,-0.4863777874965789,8.0
1990-W08,1990-02-23,1990-03-02,1.475311835383608,3.0601976106459645,0.5549913764442955,0.5216580431109622,0.5216580431109622,0.5216580431109622,0
1990-W09,1990-03-02,1990-03-09,-0.8512087163772608,3.2944526940166114,0.597472990160071,0.5641396568267377,0.5641396568267377,0.5641396568267377,0
1990-W10,1990-03-09,1990-03-16,-0.8928571428571397,2.989490394857712,0.5421686884424234,0.5088353551090901,0.5088353551090901,0.5088353551090901,0
1990-W11,1990-03-16,1990-03-23,3.049203049203042,2.876179974612681,0.521619857167933,0.3152634492442398,0.3152634492442398,0.3152634492442398,0
1990-W12,1990-03-23,1990-03-30,0.773369199731011,1.734421547075023,0.31455672251180783,0.2812233891784745,0.2812233891784745,0.2812233891784745,0
1990-W13,1990-03-30,1990-04-06,-1.3680347013680372,1.240609676215158,0.2249993299269881,0.06424097144077381,-0.5280129491464802,-0.6698264292932936,4.0
1990-W14,1990-04-06,1990-04-12,1.3193504736130013,1.6430828484956375,0.29799168118651753,0.2646583478531842,0.2646583478531842,0.2646583478531842,0
1990-W15,1990-04-12,1990-04-20,2.404006677796322,1.6189772505049473,0.29361992131264086,-0.5247428393120716,-0.22799200458753066,-0.5247428393120716,3.0000000000000004
1990-W16,1990-04-20,1990-04-27,-2.641017280730351,1.8900349685889903,0.3427784250655361,-0.44153722040916343,-0.44153722040916343,-0.44153722040916343,0
1990-W17,1990-04-27,1990-05-04,-1.339584728734089,1.7829803321730713,0.32336324926469956,0.29002991593136623,0.29002991593136623,0.29002991593136623,0
1990-W18,1990-05-04,1990-05-11,0.4752206381534174,1.5523737027650248,0.28154077414714446,0.24820744081381113,0.24820744081381113,0.24820744081381113,0
1990-W19,1990-05-11,1990-05-18,-1.1824324324324342,1.6616541658694033,0.3013597491940345,0.26802641586070114,0.26802641586070114,0.26802641586070114,0
1990-W20,1990-05-18,1990-05-25,4.581196581196578,1.4588004427677426,0.2645703947538332,-2.8911590770083504,-1.0692680513673243,-1.8313300171792908,3.0000000000000004
1990-W21,1990-05-25,1990-06-01,3.26904217064401,1.6749034182186422,0.3037626139292939,-1.3237094718294147,-0.6225963629703102,-0.4410680857555343,4.0
1990-W22,1990-06-01,1990-06-08,0.47483380816715215,1.8931377521714792,0.3433411376179304,0.310007804284597,0.310007804284597,0.310007804284597,0
1990-W23,1990-06-08,1990-06-15,0.8506616257088817,1.9424255536251072,0.3522798344598796,0.3189465011265462,0.3189465011265462,0.3189465011265462,0
1990-W24,1990-06-15,1990-06-22,1.530771633864414,1.7091928384716304,0.30998128819484433,0.27664795486151095,0.27664795486151095,0.27664795486151095,0
1990-W25,1990-06-22,1990-06-29,0.8615384615384691,1.7031162591649989,0.30887924994999594,0.2755459166166626,0.2755459166166626,0.2755459166166626,0
1990-W26,1990-06-29,1990-07-06,2.410006101281259,1.49599617535487,0.2713161908626246,-0.6760270683971069,-0.6566219433208409,-0.6455206620517745,4.0
1990-W27,1990-07-06,1990-07-13,4.468275245755149,1.4620544568216793,0.2651605410644893,-2.7743935812023053,-1.0087065838832703,-0.7785639714316764,3.0000000000000004
1990-W28,1990-07-13,1990-07-20,0.9409751924722043,1.0309988938656645,0.1869841642098116,0.15365083087647827,-0.8987262007745057,0.15365083087647827,7.0
1990-W29,1990-07-20,1990-07-27,-1.5536723163841804,1.522794353249596,0.2761762887743127,0.21196499230640536,0.17431668722165958,0.21196499230640536,3.0000000000000004
1990-W30,1990-07-27,1990-08-03,-3.701578192252508,1.9606449792288014,0.35558405463371856,-1.4186824917233278,-0.40665056919821996,-1.4186824917233278,3.0000000000000004
1990-W31,1990-08-03,1990-08-10,-8.283671036948748,2.176981543305506,0.394818049670401,-5.745204777306174,-4.887330820214398,-4.881080820214398,5.0
1990-W32,1990-08-10,1990-08-17,1.4294996751137212,4.492070839892167,0.814649145536522,0.7813158122031887,0.7813158122031887,0.7813158122031887,0
1990-W33,1990-08-17,1990-08-24,-6.534272901985904,4.806160021695184,0.8716031896641276,-0.8898430239599294,-0.20172883433789207,-2.3952882513782514,3.0000000000000004
1990-W34,1990-08-24,1990-08-31,5.791638108293351,4.453764896665245,0.8077030080705672,-0.5635035368908686,-0.3821952778093058,-0.5635035368908686,3.0000000000000004
1990-W35,1990-08-31,1990-09-07,-1.2957563977972097,6.093496771306769,1.1050217402041036,1.0716884068707702,1.0716884068707702,1.0716884068707702,0
1990-W36,1990-09-07,1990-09-14,0.4922874958976031,4.656057430269804,0.8443851322499529,0.8110517989166196,0.8110517989166196,0.8110517989166196,0
1990-W37,1990-09-14,1990-09-21,-4.278249510124099,4.203906563020889,0.7623949487312326,0.6547186682946892,0.6547186682946892,0.6547186682946892,0
1990-W38,1990-09-21,1990-09-28,-5.834186284544529,3.7723247205186814,0.6841322776534449,-1.4110626197057239,-0.4526836534825915,-0.7969377476484055,3.0000000000000004
1990-W39,1990-09-28,1990-10-05,3.2608695652173836,1.8761533545477296,0.340260891916963,-1.0777886520860316,-3.0767922752744377,-3.070542275274437,5.0
1990-W40,1990-10-05,1990-10-12,2.280701754385972,3.172989476075054,0.5754459826912692,0.5421126493579359,0.5421126493579359,0.5421126493579359,0
1990-W41,1990-10-12,1990-10-19,2.6072041166380844,3.406197201765033,0.617737410921522,0.5844040775881887,0.5844040775881887,0.5844040775881887,0
1990-W42,1990-10-19,1990-10-25,1.9725844199264486,3.0882941922221105,0.560086652967187,0.5267533196338536,0.5267533196338536,0.5267533196338536,0
1990-W43,1990-10-25,1990-11-02,-2.3606557377049198,3.1736920544579164,0.5755733936753187,0.5422400603419854,0.5422400603419854,0.5422400603419854,0
1990-W44,1990-11-02,1990-11-09,-1.5446608462055034,2.661580347835687,0.4827019444808874,0.4493686111475541,0.4493686111475541,0.4493686111475541,0
1990-W45,1990-11-09,1990-11-16,2.592087312414737,2.090676913207194,0.3791661974201609,-0.15557753512072267,0.045310936912019505,-0.15557753512072267,3.0000000000000004
1990-W46,1990-11-16,1990-11-23,0.26595744680850686,2.145606325726438,0.38912797491009615,0.35579464157676277,0.35579464157676277,0.35579464157676277,0
1990-W47,1990-11-23,1990-11-30,-1.6909814323607386,1.6875915599402147,0.3060637156533667,0.26934050989949987,0.26934050989949987,0.26934050989949987,0
1990-W48,1990-11-30,1990-12-07,6.6779089376054035,1.3958688060758253,0.25315713664442135,-5.062216328218486,-2.1722057885894803,-1.7907154850481661,3.0000000000000004
1990-W49,1990-12-07,1990-12-14,-1.2013910844135278,1.9172545288514913,0.347714890038182,0.3143815567048487,0.3143815567048487,0.3143815567048487,0
1990-W50,1990-12-14,1990-12-21,-1.4719999999999955,1.8652636519270243,0.33828596323050625,0.30495262989717287,-0.2363973701028273,0.30495262989717287,3.0000000000000004
1990-W51,1990-12-21,1990-12-28,-0.7145177005521308,1.7388052862448755,0.3153517494204716,0.2820184160871383,0.2820184160871383,0.2820184160871383,0
1990-W52,1990-12-28,1991-01-04,-0.359829898593389,1.9963182063767928,0.3620536380845532,0.3287203047512199,0.3287203047512199,0.3287203047512199,0
1991-W01,1991-01-04,1991-01-11,0.3939592908732692,2.1449847398278603,0.3890152466964196,0.35568191336308624,0.35568191336308624,0.35568191336308624,0
1991-W02,1991-01-11,1991-01-18,0.457815565729236,1.7991155099966418,0.32628949095627874,0.29295615762294536,-1.5208952158237525,0.29295615762294536,7.0
1991-W03,1991-01-18,1991-01-25,4.361979166666674,2.322584373070324,0.4212238690039727,-1.6515042579257142,-1.6515042579257142,-1.6515042579257142,0
1991-W04,1991-01-25,1991-02-01,0.5302557704304434,2.4588921817465788,0.4459438563400051,0.4126105230066718,0.4126105230066718,0.4126105230066718,0
1991-W05,1991-02-01,1991-02-08,4.219671113869072,2.538658812593974,0.4604098038271719,-1.253935830781268,-0.9114335037567568,-0.8195579220006287,4.0
1991-W06,1991-02-08,1991-02-13,1.5778505507591634,2.1972895536393646,0.39850101984976805,0.3651676865164347,0.3651676865164347,0.3651676865164347,0
1991-W07,1991-02-13,1991-02-22,1.8464243845252026,2.6380857102346438,0.4784411397850308,0.4451078064516975,0.4451078064516975,0.4451078064516975,0
1991-W08,1991-02-22,1991-03-01,2.2158273381295057,2.179151516435682,0.3952115864468141,0.3252024314196648,0.3214524314196648,0.3252024314196648,3.0000000000000004
1991-W09,1991-03-01,1991-03-08,2.8434684684684575,2.0495487894463587,0.3717073538889767,-0.45554565846646444,-0.3579443071151131,-0.5963114242322302,3.0000000000000004
1991-W10,1991-03-08,1991-03-15,1.888858472488364,1.568152273176786,0.2844023604477694,-0.06963717219713847,-0.06963717219713847,-0.06963717219713847,0
1991-W11,1991-03-15,1991-03-22,-0.1612036539494932,1.537535931637463,0.27884980924563596,0.24551647591230258,-0.64485362080989,0.24551647591230258,3.0000000000000004
1991-W12,1991-03-22,1991-03-28,0.7804090419806231,1.8712889340569145,0.3393786931080084,0.30604535977467506,0.30604535977467506,0.30604535977467506,0
1991-W13,1991-03-28,1991-04-04,2.7770360480640965,1.6817010394553598,0.3049954200850661,-0.8236729218570065,-1.3639683157154845,-1.3577183157154844,5.0
1991-W14,1991-04-04,1991-04-12,-2.779942842296701,2.4180735867670964,0.4385412484537611,0.0433386595908286,-0.7722614962938168,-0.9699115352649781,4.0
1991-W15,1991-04-12,1991-04-19,-2.004275788348475,2.8128197846682643,0.5101294463612123,0.476796113027879,0.476796113027879,0.476796113027879,0
1991-W16,1991-04-19,1991-04-26,-1.1453504226888511,2.5786263436796695,0.46765803245111137,0.43432469911777805,-0.4857056390332991,0.43432469911777805,3.0000000000000004
1991-W17,1991-04-26,1991-05-03,3.0896551724137966,2.6016940435333056,0.47184142172346927,-0.049453040490364725,0.12886592502687672,-0.049453040490364725,3.0000000000000004
1991-W18,1991-05-03,1991-05-10,0.3478726251003428,2.6430150289902024,0.47933508304513295,0.4460017497117996,0.4460017497117996,0.4460017497117996,0
1991-W19,1991-05-10,1991-05-17,3.51999999999999,2.382857149556458,0.4321546036344716,-0.7383215801423981,-0.3740715801423981,-0.7383215801423981,3.0000000000000004
1991-W20,1991-05-17,1991-05-24,-4.6110252447192135,2.4132085836313566,0.43765896077836447,-1.7934910336428374,-0.6380447430709669,-1.7934910336428374,3.0000000000000004
1991-W21,1991-05-24,1991-05-31,0.10802052389953243,2.417782730472292,0.43848850051221466,0.40515516717888134,-1.2874650056539574,-0.6337188671341359,6.000000000000001
1991-W22,1991-05-31,1991-06-07,-1.888319395737792,2.9538274323212,0.5357012264466519,0.5023678931133185,0.5023678931133185,0.5023678931133185,0
1991-W23,1991-06-07,1991-06-14,0.05499037668408313,2.940020035287964,0.5331972583013571,0.49986392496802384,0.49986392496802384,0.49986392496802384,0
1991-W24,1991-06-14,1991-06-21,-2.0335256938719404,2.1363442297813626,0.387448239749518,0.35411490641618465,0.35411490641618465,0.35411490641618465,0
1991-W25,1991-06-21,1991-06-28,2.889200561009808,2.481431805277389,0.45003149784131985,0.008929408775545038,0.008929408775545038,0.008929408775545038,0
1991-W26,1991-06-28,1991-07-05,6.106870229007644,1.5712498468329645,0.2849641332800544,-4.283989582227946,-1.7686556127622963,-1.012451959545285,3.0000000000000004
1991-W27,1991-07-05,1991-07-12,0.5909558067831444,1.7834980688379563,0.32345714491171274,0.2901238115783794,0.2901238115783794,0.2901238115783794,0
1991-W28,1991-07-12,1991-07-19,2.4010217113665355,1.6663741872165676,0.3022157653578681,-0.46576509212544936,-0.2856070461484378,-0.46576509212544936,3.0000000000000004
1991-W29,1991-07-19,1991-07-26,0.5487652781242192,1.6497131599372665,0.2991941453420634,0.2658608120087301,0.2658608120087301,0.2658608120087301,0
1991-W30,1991-07-26,1991-08-02,0.6946167204167741,1.603611866445245,0.29083327379507584,0.2574999404617425,0.2574999404617425,0.2574999404617425,0
1991-W31,1991-08-02,1991-08-09,-0.8622813500862248,1.3625914998111186,0.2471219701078553,0.21378863677452195,0.21378863677452195,0.21378863677452195,0
1991-W32,1991-08-09,1991-08-16,0.9691848906560718,1.482752124644908,0.2689142583419829,0.23558092500864952,0.23558092500864952,0.23558092500864952,0
1991-W33,1991-08-16,1991-08-23,-1.0337189269013058,1.4070056018016102,0.25517690297642803,0.22184356964309468,-7.740447225335985,-6.763964020777791,10.0
1991-W34,1991-08-23,1991-08-30,-0.5719970156677467,4.931029536408844,0.8942455021016423,0.860912168768309,0.860912168768309,0.860912168768309,0
1991-W35,1991-08-30,1991-09-06,-0.7003501750875385,5.525089801964897,1.001961996295508,0.9686286629621748,0.9686286629621748,0.9686286629621748,0
1991-W36,1991-09-06,1991-09-13,0.1007556675062915,5.49526212067515,0.996553695273941,0.9632203619406078,0.9632203619406078,0.9632203619406078,0
1991-W37,1991-09-13,1991-09-20,-1.610468042274782,5.459847269939001,0.9901323206076754,0.9567989872743422,0.9567989872743422,0.9567989872743422,0
1991-W38,1991-09-20,1991-09-27,0.716112531969304,2.4178289604854473,0.4384968845083287,0.40516355117499536,0.40516355117499536,0.40516355117499536,0
1991-W39,1991-09-27,1991-10-04,3.2935487854716783,1.3564849553435077,0.24601448776237358,-1.7243826756991427,-0.8395899112882741,-0.6121417201855568,4.0
1991-W40,1991-10-04,1991-10-11,-1.221819499187904,1.6113378439569108,0.29223444789830244,0.25890111456496906,0.25890111456496906,0.25890111456496906,0
1991-W41,1991-10-11,1991-10-18,-0.05226723883150486,1.4031117566227271,0.2544707163019451,0.22113738296861174,0.22113738296861174,0.22113738296861174,0
1991-W42,1991-10-18,1991-10-25,-1.095644838516041,1.6294985096652626,0.2955280435258039,0.26219471019247054,0.26219471019247054,0.26219471019247054,0
1991-W43,1991-10-25,1991-11-01,1.6591592966753277,1.5130226079878597,0.2744040925866156,0.09493407056580813,0.07759003699181524,0.09493407056580813,3.0000000000000004
1991-W44,1991-11-01,1991-11-08,4.923474328200617,1.1889414473506257,0.21562875596915312,-3.5522374582141802,-1.327071920874747,-1.3208219208747467,5.0
1991-W45,1991-11-08,1991-11-15,0.8190460801444699,1.4566252871741656,0.2641759096314764,0.23084257629814303,0.23084257629814303,0.23084257629814303,0
1991-W46,1991-11-15,1991-11-22,-0.660213712938218,1.477390503863006,0.2679418780237315,0.23460854469039816,-1.2544145003725917,0.23460854469039816,9.000000000000002
1991-W47,1991-11-22,1991-11-29,-2.1988708920698374,2.018741052971013,0.36612017064128566,0.15265699820913176,0.08952060239580016,0.15265699820913176,3.0000000000000004
1991-W48,1991-11-29,1991-12-06,0.9687261363088062,2.144801804135199,0.38898207024536985,0.3556487369120365,0.3556487369120365,0.3556487369120365,0
1991-W49,1991-12-06,1991-12-13,-0.8233890214797146,2.1058098716626015,0.381910651837319,0.34857731850398566,-0.4900147533933892,0.34857731850398566,3.0000000000000004
1991-W50,1991-12-13,1991-12-20,-0.31042960759836147,2.2147965870547957,0.401676015187952,0.3683426818546186,0.3683426818546186,0.3683426818546186,0
1991-W51,1991-12-20,1991-12-27,2.259452890690694,1.3450699339122751,0.2439442601168038,-0.7037720299949475,-0.7037720299949475,-0.7037720299949475,0
1991-W52,1991-12-27,1992-01-03,1.6736674159593123,1.6676782629610407,0.302452270606892,0.26312978427528966,0.26312978427528966,0.26312978427528966,0
1992-W01,1992-01-03,1992-01-10,0.9704860286447792,1.732136416315212,0.3141422953421931,0.2808089620088598,0.2808089620088598,0.2808089620088598,0
1992-W02,1992-01-10,1992-01-17,2.4373980174359433,1.7053304436959675,0.30928081076952557,-0.4561200963037819,-0.4561200963037819,-0.4561200963037819,0
1992-W03,1992-01-17,1992-01-24,3.2593368761464125,1.234935292230877,0.22397022149062046,-1.833764695758232,-0.7883341882083355,-0.7248755304200745,3.0000000000000004
1992-W04,1992-01-24,1992-01-31,0.03694934882212397,1.2456947223944546,0.22592155573378708,0.19258822240045376,0.19258822240045376,0.19258822240045376,0
1992-W06,1992-02-07,1992-02-14,1.2926073694880857,1.601813428640646,0.290507111210367,0.2571737778770336,0.2571737778770336,0.2571737778770336,0
1992-W07,1992-02-14,1992-02-21,-0.7501583335635442,1.7409939186700216,0.31574867575221505,0.2824153424188817,0.2824153424188817,0.2824153424188817,0
1992-W08,1992-02-21,1992-02-28,4.066295738546399,1.856096666025091,0.3366234615428946,-1.906908944311753,-1.1953293232835676,-1.1890793232835672,5.0
1992-W09,1992-02-28,1992-03-06,-0.40981507602381173,1.8593530262709195,0.3372140269643408,0.3038806936310074,0.3038806936310074,0.3038806936310074,0
1992-W10,1992-03-06,1992-03-13,3.306245720986478,1.8336616603832925,0.332554702951072,-1.1733626909854544,-0.3801904076685315,-0.5948137046547237,3.0000000000000004
1992-W11,1992-03-13,1992-03-20,-1.0924512638291972,2.116547465744185,0.3838579792186354,0.350524645885302,0.350524645885302,0.350524645885302,0
1992-W12,1992-03-20,1992-03-27,-0.16347755792779362,2.0818998731907454,0.37757442696815835,0.344241093634825,0.344241093634825,0.344241093634825,0
1992-W13,1992-03-27,1992-04-03,-1.815238848371592,1.8316346345051273,0.3321870862837893,0.29885375295045596,0.2148234368489052,0.29885375295045596,3.0000000000000004
1992-W14,1992-04-03,1992-04-10,0.0894889289354106,1.8275609504064194,0.3314482924058659,0.2981149590725325,-3.607095475717935,-1.6837955963761222,5.0
1992-W15,1992-04-10,1992-04-16,3.283820577704044,1.5263432441659264,0.27681991278795715,-1.5139907540835098,-1.5139907540835098,-1.5139907540835098,0
1992-W16,1992-04-16,1992-04-24,4.869458958611328,2.6414826883743197,0.47905718958087756,-1.7822524139894567,-1.1198844560823018,-0.9480424666055127,4.0
1992-W17,1992-04-24,1992-05-01,2.8891972976067715,3.2847261004890735,0.595709105427467,0.5623757720941337,0.5623757720941337,0.5623757720941337,0
1992-W18,1992-05-01,1992-05-08,2.261040727615793,3.2666061057533855,0.5924231034251977,0.5590897700918643,0.5590897700918643,0.5590897700918643,0
1992-W19,1992-05-08,1992-05-15,1.7171249480000705,3.4694867933251112,0.6292146706142605,0.5958813372809272,0.5958813372809272,0.5958813372809272,0
1992-W20,1992-05-15,1992-05-22,2.7206625525900696,2.278602401864583,0.4132475281297964,-0.06214595592900394,-0.1279512001440973,-0.06214595592900394,3.0000000000000004
1992-W21,1992-05-22,1992-05-29,3.7629911539909466,2.406541154277606,0.4364497956617067,-0.9533335373849727,-0.6693545063461954,-0.47378515232034385,3.0000000000000004
1992-W22,1992-05-29,1992-06-04,-0.7302455379549877,2.276726355151045,0.4129072977910705,0.3795739644577371,0.3795739644577371,0.3795739644577371,0
1992-W23,1992-06-04,1992-06-12,-3.5902401345875856,2.2534074187805215,0.40867829151056284,-0.9614877576298414,-0.8684076014523207,-0.8388875624079402,4.0
1992-W24,1992-06-12,1992-06-19,-0.5413208137231895,2.1810256688730028,0.39555147445980277,0.3622181411264694,0.3622181411264694,0.3622181411264694,0
1992-W25,1992-06-19,1992-06-26,5.624092793346502,2.3666344818103626,0.4292125535780369,-2.8615790912914343,-1.3320520868524754,-2.2672066093765104,3.0000000000000004
1992-W26,1992-06-26,1992-07-03,-0.8375487803991666,1.9870018850848392,0.3603640602957516,0.32703072696241825,0.32703072696241825,0.32703072696241825,0
1992-W27,1992-07-03,1992-07-10,-1.3279665005500263,1.9796355692577654,0.35902812880513946,0.32569479547180613,-0.36595834829137736,0.32569479547180613,3.0000000000000004
1992-W28,1992-07-10,1992-07-17,2.4526063748892213,2.2693990437441083,0.41157845344449084,0.19503778896604568,0.21736961962810697,0.19503778896604568,3.0000000000000004
1992-W29,1992-07-17,1992-07-24,-5.797886576699973,1.989683823673746,0.360850448025363,-3.480685638334202,-1.3921049788441748,-1.1243208870432218,3.0000000000000004
1992-W30,1992-07-24,1992-07-31,1.8760444954424083,2.597523917091859,0.47108515840517473,0.4377518250718414,0.4377518250718414,0.4377518250718414,0
1992-W31,1992-07-31,1992-08-07,-0.5135126899903586,3.0210646197273716,0.5478946503548642,0.514561317021531,0.514561317021531,0.514561317021531,0
1992-W32,1992-08-07,1992-08-14,-0.48368294039971005,2.876677229638118,0.5217100345494601,0.48837670121612675,0.48837670121612675,0.48837670121612675,0
1992-W33,1992-08-14,1992-08-21,-5.379043555448215,2.6164873719715613,0.47452422937811534,-2.3213652874318624,-1.1812963941026045,-2.798811861492309,3.0000000000000004
1992-W34,1992-08-21,1992-08-28,2.1635785643694394,2.8174271727178644,0.5109650002541583,0.477631666920825,-1.5696527888180396,-0.659998085001198,6.000000000000001
1992-W35,1992-08-28,1992-09-04,1.4017677748433988,2.7443050213313667,0.49770421281240973,0.4643708794790764,0.4643708794790764,0.4643708794790764,0
1992-W36,1992-09-04,1992-09-11,-2.982044595926414,3.529969250219464,0.6401828318824078,0.6068494985490744,0.6068494985490744,0.6068494985490744,0
1992-W37,1992-09-11,1992-09-18,2.745020232990214,3.6377425537392662,0.6597268338424602,0.6263935005091269,0.6263935005091269,0.6263935005091269,0
1992-W38,1992-09-18,1992-09-25,-0.05448138578399986,3.5451478818836244,0.6429353874072331,0.6096020540738998,0.6096020540738998,0.6096020540738998,0
1992-W39,1992-09-25,1992-10-02,-1.596853607855775,2.472555936743883,0.44842182771918204,0.41508849438584877,-0.5383290893287676,0.41508849438584877,3.0000000000000004
1992-W40,1992-10-02,1992-10-09,0.023238606559750075,1.859031692466624,0.3371557506648071,0.30382241733147375,0.30382241733147375,0.30382241733147375,0
1992-W41,1992-10-09,1992-10-16,6.943370125497705,2.1806704631813014,0.3954870559252807,-4.400545939724456,-1.6201585233722904,-1.2111665952760582,3.0000000000000004
1992-W42,1992-10-16,1992-10-23,4.631350213992724,2.2588274924270912,0.40966124942635296,-1.9961948054726033,-1.1778429311620568,-0.9670049625844201,4.0
1992-W43,1992-10-23,1992-10-30,-1.1465038672654693,2.5858173036875507,0.468962132783933,0.4356287994505997,-0.7963865448607774,0.4356287994505997,3.0000000000000004
1992-W44,1992-10-30,1992-11-06,2.0078472671252623,3.234950228850146,0.5866824057214484,0.553349072388115,0.553349072388115,0.553349072388115,0
1992-W45,1992-11-06,1992-11-13,0.8171036841844836,3.240802012960209,0.5877436098254936,0.5544102764921602,0.5544102764921602,0.5544102764921602,0
1992-W46,1992-11-13,1992-11-20,-7.671282864515794,3.302902442662148,0.5990053226603324,-3.802708432526648,-1.824554733895554,-4.272352986391548,3.0000000000000004
1992-W47,1992-11-20,1992-11-27,1.8458030756850041,3.9853533064767475,0.722762965451786,0.6894296321184527,0.6894296321184527,0.6894296321184527,0
1992-W48,1992-11-27,1992-12-04,-12.00327516348495,3.4530864680446407,0.6262405552651449,-7.957281473508496,-4.06154724120711,-4.055297241207109,5.0
1992-W49,1992-12-04,1992-12-11,-0.2828325595100045,5.680721840103922,1.030180684468332,0.9968473511349989,0.9968473511349989,0.9968473511349989,0
1992-W50,1992-12-11,1992-12-18,-1.1516789338046785,6.648559321348246,1.2056565642084918,1.1723232308751586,1.1723232308751586,1.1723232308751586,0
1992-W51,1992-12-18,1992-12-24,4.800966651464789,5.8159652287684365,1.0547022503385421,1.021368917005209,1.021368917005209,1.021368917005209,0
1992-W52,1992-12-24,1992-12-31,1.2936402488744836,5.9032354729576335,1.070525436197997,1.0371921028646636,1.0371921028646636,1.0371921028646636,0
1992-W53,1992-12-31,1993-01-08,0.3120273495612391,6.105817748828092,1.1072556370116242,1.073922303678291,1.073922303678291,1.073922303678291,0
1993-W01,1993-01-08,1993-01-15,6.188507323997872,3.2649563685002456,0.5921239287926378,-2.3647603600383253,-1.0228331648589015,-0.6811013660640456,4.0
1993-W02,1993-01-15,1993-01-21,0.7255032370524939,2.967093829316693,0.5381070827969962,0.5047737494636628,0.5047737494636628,0.5047737494636628,0
1993-W03,1993-01-21,1993-01-29,-2.7559854370923897,2.3898806858517925,0.4334283513512648,0.03399026677734435,0.03399026677734435,0.03399026677734435,0
1993-W04,1993-01-29,1993-02-05,-0.07302060546230393,2.766687225903708,0.5017632563828374,0.4684299230495041,0.4684299230495041,0.4684299230495041,0
1993-W05,1993-02-05,1993-02-12,1.9313752127606998,2.5309292936355536,0.45900803157063125,0.4256746982372979,0.4256746982372979,0.4256746982372979,0
1993-W06,1993-02-12,1993-02-19,5.324159160578357,2.207416051831107,0.40033751539279583,-2.7497389266878045,-1.517271065006537,-0.6893758238856923,3.0000000000000004
1993-W07,1993-02-19,1993-02-26,2.948086732220867,2.495160716514072,0.452521283263752,-0.03373806577635912,-0.03373806577635912,-0.03373806577635912,0
1993-W08,1993-02-26,1993-03-05,2.3740523407981717,2.287740680394905,0.41490479974133443,0.29525980600472557,0.29525980600472557,0.29525980600472557,0
1993-W09,1993-03-05,1993-03-12,-5.111642866571742,2.3344584381250604,0.4233772852275121,-2.3871404765525095,-2.3871404765525095,-2.3871404765525095,0
1993-W10,1993-03-12,1993-03-19,-1.3305474354274094,2.612387530979856,0.47378071297925856,0.4404473796459253,-2.238466114334717,-2.065144631794915,7.0
1993-W11,1993-03-19,1993-03-26,4.155511524008904,4.007718095503379,0.7268185748740581,0.5456918130352064,0.5456918130352064,0.5456918130352064,0
1993-W12,1993-03-26,1993-04-02,0.9950656742266917,4.044309133023241,0.733453945906682,0.7001206125733487,0.7001206125733487,0.7001206125733487,0
1993-W13,1993-04-02,1993-04-08,-1.8534087321407045,3.0052851522078017,0.5450330569046518,0.5116997235713184,0.5116997235713184,0.5116997235713184,0
1993-W14,1993-04-08,1993-04-16,6.546605584320941,3.4926919392771585,0.6334228007938281,-2.4538241775832916,-3.931668385480464,-3.925418385480464,5.0
1993-W15,1993-04-16,1993-04-23,0.8018232315772034,3.413080008546696,0.6189855764243701,0.5856522430910368,0.5856522430910368,0.5856522430910368,0
1993-W16,1993-04-23,1993-04-30,1.1791035092760804,3.439070901449607,0.623698901574988,0.5903655682416546,0.5903655682416546,0.5903655682416546,0
1993-W17,1993-04-30,1993-05-07,-0.47141783635897827,3.4076196299414856,0.6179953617989338,0.5846620284656004,0.5846620284656004,0.5846620284656004,0
1993-W18,1993-05-07,1993-05-14,3.0448789542536936,3.400900172431857,0.6167768185762762,0.5834434852429429,-0.6395080964585367,0.5834434852429429,4.0
1993-W19,1993-05-14,1993-05-21,2.351079895285757,2.1732832862618436,0.3941473499795449,0.1830174076223146,0.1830174076223146,0.1830174076223146,0
1993-W20,1993-05-21,1993-05-28,3.1785202558403114,2.2606798517359805,0.40999718416073205,-0.5411765532769134,-0.2963934400446958,-1.2287678080711952,3.0000000000000004
1993-W21,1993-05-28,1993-06-04,-3.2495695469952013,2.350109984831222,0.4262157636013766,-0.5065771318959379,-0.5375293872703549,-0.5390174511139593,4.0
1993-W22,1993-06-04,1993-06-11,1.5256751004191438,2.6982645140556953,0.48935469076185856,0.4560213574285253,0.4560213574285253,0.4560213574285253,0
1993-W23,1993-06-11,1993-06-18,-0.9068819251344618,2.254507117051407,0.4088777273996491,0.3755443940663158,0.3755443940663158,0.3755443940663158,0
1993-W24,1993-06-18,1993-06-25,-2.5927634720481207,2.1157818258926513,0.38371912584250983,-0.12659585364629447,-0.21783613487726125,-0.12659585364629447,3.0000000000000004
1993-W25,1993-06-25,1993-07-02,2.9055730863549956,2.5268439384141557,0.45826713953860243,0.04620465826441885,0.14938213143387238,0.04620465826441885,3.0000000000000004
1993-W26,1993-07-02,1993-07-09,-2.040757099439272,2.768084103526256,0.502016581924464,0.4686832485911307,0.4686832485911307,0.4686832485911307,0
1993-W27,1993-07-09,1993-07-16,-2.0564011588202646,2.3027756147371528,0.41763145755711734,0.384298124223784,0.384298124223784,0.384298124223784,0
1993-W28,1993-07-16,1993-07-23,-2.5255643980283127,2.3101688848193556,0.41897226215807243,0.17024341561576786,0.25053599956069833,0.17024341561576786,3.0000000000000004
1993-W29,1993-07-23,1993-07-30,3.536142130261277,1.9536507964559315,0.3543156109315346,-1.2615090562071503,-0.5026279982984085,-1.2615090562071503,3.0000000000000004
1993-W30,1993-07-30,1993-08-06,5.834880593611391,1.683337645264693,0.3052922323685442,-3.8795840493114797,-1.766970656837592,-1.23256730871912,4.0
1993-W31,1993-08-06,1993-08-13,-0.06083712036045741,2.5006114738401957,0.45350979652558293,0.4201764631922496,0.4201764631922496,0.4201764631922496,0
1993-W32,1993-08-13,1993-08-20,2.0710753311055985,2.3823059177122623,0.43205463541658473,0.39872130208325146,-0.09120948543649011,0.39872130208325146,3.0000000000000004
1993-W33,1993-08-20,1993-08-27,-1.6221791280503273,1.9236981802150075,0.34888349240228994,0.3155501590689566,0.03666485991401693,-0.645949395081684,3.0000000000000004
1993-W34,1993-08-27,1993-09-03,1.200324635002703,2.4237856557690116,0.43957715467754727,0.40624382134421394,0.40624382134421394,0.40624382134421394,0
1993-W35,1993-09-03,1993-09-10,1.0835838352200033,2.52581549110038,0.45808062736050387,0.42474729402717054,0.42474729402717054,0.42474729402717054,0
1993-W36,1993-09-10,1993-09-16,-2.3098689977447795,2.0314330746061477,0.3684219519528735,0.05665269548090176,0.05665269548090176,0.05665269548090176,0
1993-W37,1993-09-16,1993-09-24,1.4424178508160912,2.293366286062974,0.41592503062661884,0.3825916972932855,0.3825916972932855,0.3825916972932855,0
1993-W38,1993-09-24,1993-09-30,2.007948009931604,1.9507390353265062,0.35378754271065044,0.2632452347722053,0.2632452347722053,0.2632452347722053,0
1993-W39,1993-09-30,1993-10-08,4.291184361566014,1.7343506480133248,0.3145438643869871,-2.2756231824990403,-0.8622120499768839,-0.5026092668463445,4.0
1993-W40,1993-10-08,1993-10-15,9.473367306540602,2.2600533595936207,0.40988356664298475,-6.836763713637331,-2.5550150798379554,-0.45997754179924555,3.0000000000000004
1993-W41,1993-10-15,1993-10-22,-0.5100433057108611,2.305778183236442,0.4181759876429214,0.3848426543095881,-1.753547724655497,0.3848426543095881,3.0000000000000004
1993-W42,1993-10-22,1993-10-29,6.993678602032594,3.2013513093258448,0.5805893326499085,-3.2450712933901893,-1.0550685024875543,-3.2450712933901893,3.0000000000000004
1993-W43,1993-10-29,1993-11-05,-3.5608926119318762,3.262526084559403,0.5916832044394991,0.25998334373368465,-1.6177986347614435,0.25998334373368465,6.000000000000001
1993-W44,1993-11-05,1993-11-12,7.8293565948168276,4.308594961061144,0.7813787145082438,-2.772716252580764,-2.4844203662262405,-2.47817036622624,5.0
1993-W45,1993-11-12,1993-11-19,-4.50866814621228,4.8954524220461915,0.8877944052207434,0.85446107188741,0.85446107188741,0.85446107188741,0
1993-W46,1993-11-19,1993-11-26,0.11334318761271334,4.5048532484000825,0.8169670157133461,0.7836336823800129,0.7836336823800129,0.7836336823800129,0
1993-W47,1993-11-26,1993-12-03,0.21564736433221654,4.588277714286325,0.832094556470837,0.7987612231375038,0.7987612231375038,0.7987612231375038,0
1993-W48,1993-12-03,1993-12-10,10.045825222806148,3.9119352800600034,0.7094493700030223,-5.457773906076461,-2.288645747121126,-2.899246247558953,3.0000000000000004
1993-W49,1993-12-10,1993-12-17,3.332004910644648,3.497850001402402,0.6343581872606797,0.6010248539273465,0.6010248539273465,0.6010248539273465,0
1993-W50,1993-12-17,1993-12-24,4.45551946425955,4.004505157516173,0.7262359441367845,0.2418883040600893,0.2418883040600893,0.2418883040600893,0
1993-W51,1993-12-24,1993-12-31,7.6867388988085095,3.775566872971279,0.684720214690932,-3.259785144479646,-1.5341548969643304,-3.1610479316873303,3.0000000000000004
1993-W52,1993-12-31,1994-01-07,-7.460216357823846,4.474437858571673,0.811451703809688,-2.2076601287758115,-2.2076601287758115,-2.2076601287758115,0
1994-W01,1994-01-07,1994-01-14,-2.0651747062900516,5.848576955628222,1.0606151788589777,1.0272818455256445,-3.324760319179169,1.0272818455256445,4.0
1994-W02,1994-01-14,1994-01-21,6.358655303423411,7.132243268581787,1.2933455039579398,1.2600121706246064,1.2600121706246064,1.2600121706246064,0
1994-W03,1994-01-21,1994-01-28,-0.7120842553355433,7.324191778230242,1.3281433189043454,1.2948099855710122,1.2948099855710122,1.2948099855710122,0
1994-W04,1994-01-28,1994-02-04,6.853695952412808,6.836991223276715,1.2398186510849385,1.1897805886155104,1.1897805886155104,1.1897805886155104,0
1994-W05,1994-02-04,1994-02-09,-5.376058024406349,4.699979895380426,0.852349611487368,0.14293814912810315,-0.3034988854572281,0.14293814912810315,3.0000000000000004
1994-W06,1994-02-09,1994-02-18,-5.894468092619953,6.507486734786783,1.1800801300289276,1.1467467966955942,0.1426450168798779,1.1467467966955942,3.0000000000000004
1994-W07,1994-02-18,1994-02-25,-6.702450232831025,5.545379798203602,1.0056409335200296,-0.184762834440729,-0.184762834440729,-0.184762834440729,0
1994-W08,1994-02-25,1994-03-04,-1.80291291245126,5.704145109923369,1.0344276806781505,1.001094347344817,1.001094347344817,1.001094347344817,0
1994-W09,1994-03-04,1994-03-11,-0.1260309305503582,5.74829632446488,1.0424329451501873,1.009099611816854,1.009099611816854,1.009099611816854,0
1994-W10,1994-03-11,1994-03-18,-7.8076297018456415,5.0991995177986045,0.9247390395842672,-1.8170244777960955,-1.8170244777960955,-1.8170244777960955,0
1994-W11,1994-03-18,1994-03-25,1.1158239742928178,4.492814088333481,0.8147839209306484,0.7814505875973151,-5.487870000866003,0.7814505875973151,8.0
1994-W12,1994-03-25,1994-03-31,-2.212425552471853,5.372750020072467,0.9743398771170478,0.9410065437837145,0.9410065437837145,0.9410065437837145,0
1994-W13,1994-03-31,1994-04-08,2.9712377000974843,4.44325535761621,0.8057972768843128,0.7724639435509795,0.7724639435509795,0.7724639435509795,0
1994-W14,1994-04-08,1994-04-15,2.558553365870009,5.85554636667383,1.0618788210602068,1.0285454877268734,1.0285454877268734,1.0285454877268734,0
1994-W15,1994-04-15,1994-04-22,-3.9764603379059404,5.942860248753577,1.0777098609857427,1.0443765276524095,-0.35806344218465924,1.0443765276524095,3.0000000000000004
1994-W16,1994-04-22,1994-04-29,-2.0836830489643132,5.084854193379831,0.9221378798393906,0.8888045465060572,0.8888045465060572,0.8888045465060572,0
1994-W17,1994-04-29,1994-05-06,-3.8567473009772257,4.3574364550587426,0.7902353842710423,0.756902050937709,-1.4867473060260106,-1.5407204911854302,4.0
1994-W18,1994-05-06,1994-05-13,5.967314389057354,4.118345195111541,0.7468795002722477,-1.1354230270069057,-1.1354230270069057,-1.1354230270069057,0
1994-W19,1994-05-13,1994-05-20,5.439690448926671,4.694050704933217,0.8512744703992348,0.07230139307246142,0.07230139307246142,0.07230139307246142,0
1994-W20,1994-05-20,1994-05-27,-1.6767723592122974,5.334376135520424,0.9673819002126925,0.9340485668793592,0.9340485668793592,0.9340485668793592,0
1994-W21,1994-05-27,1994-06-03,-2.4899400683607187,5.192864792615191,0.9417227801756853,0.9083894468423521,0.9083894468423521,0.9083894468423521,0
1994-W22,1994-06-03,1994-06-10,-1.3330692307879421,4.741208363881473,0.8598255632295099,0.8264922298961765,0.8264922298961765,0.8264922298961765,0
1994-W23,1994-06-10,1994-06-17,0.030729263186857203,3.1812040610462824,0.5769356786129123,0.543602345279579,0.543602345279579,0.543602345279579,0
1994-W24,1994-06-17,1994-06-24,-2.556506473557163,3.721147059236418,0.6748516245179906,0.6415182911846573,0.6415182911846573,0.6415182911846573,0
1994-W25,1994-06-24,1994-07-01,-2.7767099355365366,2.5128563990037813,0.4557304542814848,0.15854358441539554,0.24329449225235084,0.15854358441539554,3.0000000000000004
1994-W26,1994-07-01,1994-07-08,-2.332534762271099,2.8661679180489896,0.5198041665850331,0.4864708332516998,0.4864708332516998,0.4864708332516998,0
1994-W27,1994-07-08,1994-07-15,8.110992529348993,2.461204320861412,0.44636317122546865,-5.236758370595444,-1.8266724358747044,-1.8204224358747048,5.0
1994-W28,1994-07-15,1994-07-22,0.39486673247779436,3.0615634514330554,0.5552390699627054,0.5219057366293722,0.5219057366293722,0.5219057366293722,0
1994-W29,1994-07-22,1994-07-29,3.603188076996622,3.374504217349271,0.6119900271608301,0.34997283418014163,0.34997283418014163,0.34997283418014163,0
1994-W30,1994-07-29,1994-08-05,1.2591259236114816,3.07939182269087,0.558472221241872,0.5251388879085387,0.5251388879085387,0.5251388879085387,0
1994-W31,1994-08-05,1994-08-12,-1.43301100933797,2.8614259043861088,0.5189442001568149,0.48561086682348154,0.48561086682348154,0.48561086682348154,0
1994-W32,1994-08-12,1994-08-19,-0.6360461217014501,2.7336032862839508,0.4957634370086547,0.4624301036753214,0.4624301036753214,0.4624301036753214,0
1994-W33,1994-08-19,1994-08-26,-0.05636490397924465,2.418418277056531,0.43860375940275137,0.40527042606941804,0.40527042606941804,0.40527042606941804,0
1994-W34,1994-08-26,1994-09-02,5.346256778668335,2.360497415135557,0.42809956985255404,-2.5909931270135638,-1.2222712375643787,-2.886774450814734,3.0000000000000004
1994-W35,1994-09-02,1994-09-09,2.458192617630628,3.0522869978680895,0.5535567963799275,0.5202234630465942,0.5202234630465942,0.5202234630465942,0
1994-W36,1994-09-09,1994-09-16,-1.7397732873336569,2.8968241494401377,0.525363684083809,0.49203035075047563,-0.23384646664725733,0.49203035075047563,3.0000000000000004
1994-W37,1994-09-16,1994-09-23,-3.3706174449515958,2.6766434994343444,0.4854336781822236,-0.2418736006683736,-0.03135098568116388,-0.2418736006683736,3.0000000000000004
1994-W38,1994-09-23,1994-09-30,-1.1554612477290394,2.931360265246386,0.5316268102323645,0.49829347689903114,0.49829347689903114,0.49829347689903114,0
1994-W39,1994-09-30,1994-10-07,-2.481827919171742,2.1577794731681093,0.39133564541860366,0.033953866081644024,0.11527717442346225,0.033953866081644024,3.0000000000000004
1994-W40,1994-10-07,1994-10-14,2.8648664908519805,2.0239560252204765,0.3670659401569005,-0.5071778588079334,-0.35277927209887605,-0.5071778588079334,4.0
1994-W41,1994-10-14,1994-10-21,-2.222835257065303,2.3499815976410448,0.4261924800140619,0.3928591466807286,0.2728897375567933,0.3928591466807286,3.0000000000000004
1994-W42,1994-10-21,1994-10-28,0.4379713483372738,2.220444546673924,0.4027003028280973,0.369366969494764,0.369366969494764,0.369366969494764,0
1994-W43,1994-10-28,1994-11-04,1.6088319273415363,2.1529588355359066,0.39046139508982547,0.3571280617564921,-0.388022316062155,0.3571280617564921,3.0000000000000004
1994-W44,1994-11-04,1994-11-11,-1.705070021610533,2.3379929035028755,0.4240182765656247,0.3906849432322914,0.3906849432322914,0.3906849432322914,0
1994-W45,1994-11-11,1994-11-18,0.6351476586957006,2.1260212265491316,0.38557610221845007,0.3522427688851167,-0.7070253161647078,0.3522427688851167,3.0000000000000004
1994-W46,1994-11-18,1994-11-25,-8.152836986767086,2.235694714625971,0.4054660011780518,-5.545009604296396,-2.4793567048980543,-2.473106704898054,5.0
1994-W47,1994-11-25,1994-12-02,-5.049200872802473,3.652231861518049,0.6623543681075584,-0.767947976510195,-0.767947976510195,-0.767947976510195,0
1994-W48,1994-12-02,1994-12-09,-5.2605275404749126,3.271235793436035,0.5932626825022433,-1.4293623978699714,-1.4293623978699714,-1.4293623978699714,0
1994-W49,1994-12-09,1994-12-16,4.843946026589507,3.5878956568796694,0.6506874318899446,-0.6386962711532372,-1.8414863831399084,-1.8352363831399088,5.0
1994-W50,1994-12-16,1994-12-23,1.7816968311763937,4.4854636957378595,0.8134510526192342,0.7801177192859009,0.7801177192859009,0.7801177192859009,0
1994-W51,1994-12-23,1994-12-30,-1.4545457108865678,2.908805258492537,0.5275364599105217,0.49420312657718835,0.49420312657718835,0.49420312657718835,0
1994-W52,1994-12-30,1995-01-06,-6.198268774417048,3.400999342439571,0.6167948026118584,-2.213807962698951,-1.039677657714822,-2.213807962698951,3.0000000000000004
1995-W01,1995-01-06,1995-01-13,-5.609568947668187,4.040387505698302,0.7327428038765303,-0.8697719714266724,-0.8697719714266724,-0.8697719714266724,0
1995-W02,1995-01-13,1995-01-20,0.3557532598428059,3.9572722299676477,0.717670761672439,0.6843374283391057,-2.0363430173506036,0.6843374283391057,3.0000000000000004
1995-W03,1995-01-20,1995-01-27,0.26105714053201723,4.083573361916997,0.7405740523534458,0.7072407190201124,0.7072407190201124,0.7072407190201124,0
1995-W05,1995-02-03,1995-02-10,7.1387491384452995,4.892997321064772,0.8873492280847146,-1.3917359226291437,-0.4728903417152091,-1.2740741702002563,3.0000000000000004
1995-W06,1995-02-10,1995-02-17,0.376899411549414,5.133995153292696,0.9310483305332967,0.8977149971999634,0.8977149971999634,0.8977149971999634,0
1995-W07,1995-02-17,1995-02-24,2.188238219569816,4.867266906357767,0.8826835931432105,0.8493502598098772,0.8493502598098772,0.8493502598098772,0
1995-W08,1995-02-24,1995-03-03,-0.4112398672283746,4.1715591622063135,0.75652917605437,0.7231958427210367,0.7231958427210367,0.7231958427210367,0
1995-W09,1995-03-03,1995-03-10,-2.8808127760123425,4.405881558709409,0.7990201446761231,0.7656868113427898,0.7656868113427898,0.7656868113427898,0
1995-W10,1995-03-10,1995-03-17,7.36282361132925,3.8073067952547253,0.6904759760761169,-2.8983741733317583,-1.197585036216885,-0.7661377519381669,4.0
1995-W11,1995-03-17,1995-03-24,-0.58584366006742,3.990995295894718,0.7237860789608641,0.6904527456275308,0.6904527456275308,0.6904527456275308,0
1995-W12,1995-03-24,1995-03-31,1.2139497876059835,3.6648689739362625,0.6646460179060911,0.6313126845727579,-1.0710255256166998,0.6313126845727579,3.0000000000000004
1995-W13,1995-03-31,1995-04-07,-1.367076026816605,3.0689929153877005,0.5565863936628932,0.5232530603295599,0.5232530603295599,0.5232530603295599,0
1995-W14,1995-04-07,1995-04-13,2.263204369772276,3.010596458213965,0.5459962581257394,0.512662924792406,0.512662924792406,0.512662924792406,0
1995-W15,1995-04-13,1995-04-21,-0.1916371435580655,2.6852094043951795,0.4869871219643126,0.4536537886309793,0.4536537886309793,0.4536537886309793,0
1995-W16,1995-04-21,1995-04-28,-3.2896150296682802,2.476103727443204,0.4490652321683267,-0.39777940339008344,-1.099564295103411,-1.2687605180317427,4.0
1995-W17,1995-04-28,1995-05-05,-0.344454068741773,2.5525730217143225,0.4629331877085932,0.4295998543752599,0.4295998543752599,0.4295998543752599,0
1995-W18,1995-05-05,1995-05-12,10.628640558507186,2.283315024417623,0.4141021854039333,-7.964556682018964,-3.3330349874576837,-2.913076830403203,3.0000000000000004
1995-W19,1995-05-12,1995-05-19,-2.218533753532015,2.9567537185880823,0.5362319075468572,0.5028985742135239,0.5028985742135239,0.5028985742135239,0
1995-W20,1995-05-19,1995-05-26,3.5048250637431444,3.0067681065147496,0.545301989542236,0.013911698980505264,0.1852350145745727,-0.667297352010657,3.0000000000000004
1995-W21,1995-05-26,1995-06-01,2.4707369889630515,2.5237148321289102,0.4576996661772902,0.42436633284395686,0.42436633284395686,0.42436633284395686,0
1995-W22,1995-06-01,1995-06-09,-3.055541282358709,2.798207344184525,0.5074794662036303,0.2168121946961136,0.2168121946961136,0.2168121946961136,0
1995-W23,1995-06-09,1995-06-16,0.5006732334234876,2.8359792639255623,0.5143294365899718,0.4809961032566385,0.4809961032566385,0.4809961032566385,0
1995-W24,1995-06-16,1995-06-23,-0.9619885052072119,2.6230962022851174,0.47572275697963073,0.44238942364629746,0.44238942364629746,0.44238942364629746,0
1995-W25,1995-06-23,1995-06-30,-0.19405478802928533,2.570021425705624,0.46609750644130377,0.4327641731079705,0.4327641731079705,0.4327641731079705,0
1995-W26,1995-06-30,1995-07-07,4.624991089854991,2.4630379896621686,0.4466957137416663,-1.7485907197845005,-1.7485907197845005,-1.7485907197845005,0
1995-W27,1995-07-07,1995-07-14,0.9935342260207536,2.413268824942687,0.43766988578089305,0.4043365524475598,0.4043365524475598,0.4043365524475598,0
1995-W28,1995-07-14,1995-07-21,-3.2668565448961795,2.2666530852352134,0.41108046012590216,-0.6224563328683839,-0.5559086740484825,-0.5330217593435072,4.0
1995-W29,1995-07-21,1995-07-28,0.441010808895137,2.436794071025345,0.44193628117185,0.4086029478385167,0.4086029478385167,0.4086029478385167,0
1995-W30,1995-07-28,1995-08-04,-0.9405756508134799,2.5135061547119286,0.4558482896011718,0.42251495626783847,0.42251495626783847,0.42251495626783847,0
1995-W31,1995-08-04,1995-08-11,-3.801207133408091,2.2379099235504447,0.40586774086587174,-1.1907628023251142,-0.3249061360666176,-1.1907628023251142,3.0000000000000004
1995-W32,1995-08-11,1995-08-18,-1.233505213992836,1.662902419202181,0.30158613060240513,0.2682527972690718,0.2682527972690718,0.2682527972690718,0
1995-W33,1995-08-18,1995-08-25,2.075143213544761,1.620033784876319,0.2938115330700031,-0.19463122893177492,-0.6690592277272914,-0.7814162274261707,4.0
1995-W34,1995-08-25,1995-09-01,1.278573679359618,1.7118566108048132,0.31046438542417953,0.2771310520908462,0.2771310520908462,0.2771310520908462,0
1995-W35,1995-09-01,1995-09-08,2.138859297694773,1.8916943677472893,0.343079369276398,0.06258110599558435,0.06258110599558435,0.06258110599558435,0
1995-W36,1995-09-08,1995-09-15,4.30311487999806,1.9837785148187448,0.3597794802077803,-1.9928902183048838,-0.6169187463333351,-0.7441062169957583,3.0000000000000004
1995-W37,1995-09-15,1995-09-22,-2.6078346276884323,1.694902193525212,0.3073895604664634,-0.63887620703009,-0.689607406852109,-0.6960402068076139,4.0
1995-W38,1995-09-22,1995-09-29,1.0941155303305639,1.7363401350730567,0.3149046741301799,0.28157134079684654,0.28157134079684654,0.28157134079684654,0
1995-W39,1995-09-29,1995-10-06,2.3594600058656656,1.7425235055218928,0.3160260787820479,-0.33424375489507574,-0.8874299876545403,-1.0194765458444066,4.0
1995-W40,1995-10-06,1995-10-13,0.10025839507048495,1.8337153625689675,0.33256444225342524,0.2992311089200919,-1.2157769682748176,0.2992311089200919,3.0000000000000004
1995-W41,1995-10-13,1995-10-20,0.11534420820211722,1.8312283928736688,0.33211341124996513,0.2987800779166318,0.2987800779166318,0.2987800779166318,0
1995-W42,1995-10-20,1995-10-27,-2.1667109951607144,1.8965923812968088,0.3439676598754537,0.04051571267823046,0.04051571267823046,0.04051571267823046,0
1995-W43,1995-10-27,1995-11-03,1.8077018792937327,1.8117685859534869,0.3285842250501592,0.2952508917168259,0.2952508917168259,0.2952508917168259,0
1995-W44,1995-11-03,1995-11-10,-4.503941058658456,1.9515593552035952,0.35393631345567933,-2.2317787233325173,-1.0143544666760576,-0.7037484025119424,4.0
1995-W45,1995-11-10,1995-11-17,-1.3174810065299192,2.156845343471737,0.3911662356433034,0.35783290230997006,0.35783290230997006,0.35783290230997006,0
1995-W46,1995-11-17,1995-11-24,2.163022918132107,1.6945773029364692,0.3073306388347005,-0.1944483096942739,0.03888559798551363,-0.37640967786375684,3.0000000000000004
1995-W47,1995-11-24,1995-12-01,3.939379187901526,1.8104894447862487,0.3283522428537206,-1.8338708335948812,-1.3205629790478213,-1.3143129790478212,5.0
1995-W48,1995-12-01,1995-12-08,0.010139314578383463,2.024718490627452,0.3672042182593751,0.3338708849260418,0.3338708849260418,0.3338708849260418,0
1995-W49,1995-12-08,1995-12-15,-0.04967166406312229,1.6511321350841643,0.2994514886932627,0.2661181553599294,0.2661181553599294,0.2661181553599294,0
1995-W50,1995-12-15,1995-12-22,0.7455343863174368,1.5357606596063516,0.2785278474300372,0.24519451409670384,0.24519451409670384,0.24519451409670384,0
1995-W51,1995-12-22,1995-12-29,1.421640648958511,1.3753310373095218,0.24943241097343627,0.16978946599108788,0.16978946599108788,0.16978946599108788,0
1995-W52,1995-12-29,1996-01-05,4.5317368743215125,1.536479404242308,0.27865819834357863,-2.7499326050689543,-1.4408372910544969,-1.4345872910544968,5.0
1996-W01,1996-01-05,1996-01-12,0.09591362691323546,1.89581172847164,0.3438260827821495,0.3104927494488161,-1.0345827060203474,0.3104927494488161,3.0000000000000004
1996-W02,1996-01-12,1996-01-19,2.126182252134723,2.080987531374532,0.37740896811381924,0.2988809140202906,0.2988809140202906,0.2988809140202906,0
1996-W03,1996-01-19,1996-01-26,3.2311181972627168,2.1136210279394754,0.3833272521625399,-0.767503250494016,-0.7070948535495287,-0.685742754313407,4.0
1996-W04,1996-01-26,1996-02-02,3.2172714606190977,2.2173157371275667,0.4021328765332609,-0.6311561802916041,-0.04256720249594468,-0.6311561802916041,3.0000000000000004
1996-W05,1996-02-02,1996-02-09,-1.3871743989995133,2.1138011485353427,0.3833599181149699,0.35002658478163656,0.35002658478163656,0.35002658478163656,0
1996-W06,1996-02-09,1996-02-16,2.5171763810761805,1.9457803311876016,0.3528882469629085,-0.2518411362590148,-0.2518411362590148,-0.2518411362590148,0
1996-W08,1996-02-23,1996-03-01,-1.7163575756380611,2.0767235019624346,0.3766356598305833,0.3433023264972499,-0.024966178240069217,0.3433023264972499,3.0000000000000004
1996-W09,1996-03-01,1996-03-08,0.20455219129664748,2.27767418230585,0.41307919093060896,0.37974585759727564,-1.0190998461611847,0.37974585759727564,6.000000000000001
1996-W10,1996-03-08,1996-03-15,-5.8852912942574225,2.3938442249113137,0.43414715560188466,-3.0906332470775597,-4.524075853136551,-4.517825853136551,5.0
1996-W11,1996-03-15,1996-03-22,4.443250391130049,4.999606279252456,0.9066802766072931,0.8733469432739598,0.8733469432739598,0.8733469432739598,0
1996-W12,1996-03-22,1996-03-29,-0.6302882890526496,5.107400559202992,0.9262260885084741,0.8928927551751408,0.8928927551751408,0.8928927551751408,0
1996-W13,1996-03-29,1996-04-03,1.6673985329816121,3.921358448167371,0.711158167005268,0.6778248336719348,0.6778248336719348,0.6778248336719348,0
1996-W14,1996-04-03,1996-04-12,-2.60415780900195,4.5352959376241255,0.8224872657521101,0.7891539324187768,0.7891539324187768,0.7891539324187768,0
1996-W15,1996-04-12,1996-04-19,-0.28848278540565264,3.2111959119039057,0.5823746257776591,0.5490412924443258,0.5490412924443258,0.5490412924443258,0
1996-W16,1996-04-19,1996-04-26,-0.7921633804362949,2.3946191787795077,0.4342876966876369,0.40095436335430357,0.40095436335430357,0.40095436335430357,0
1996-W17,1996-04-26,1996-05-03,0.013047766197860078,1.9422395884802763,0.35224610837118525,0.3189127750378519,-0.972291433808479,0.3189127750378519,3.0000000000000004
1996-W18,1996-05-03,1996-05-10,-1.2716364285772164,1.9884177900783926,0.36062084426248486,0.32728751092915154,0.32728751092915154,0.32728751092915154,0
1996-W19,1996-05-10,1996-05-17,2.0683751311388665,1.7683449172011245,0.32070900019331744,-0.012654547077775824,-0.022066152793564872,-0.4551978649501215,3.0000000000000004
1996-W20,1996-05-17,1996-05-24,1.8702197245232366,1.8334421795060292,0.3325148984141356,0.26240402006358743,-0.12740634951505048,-0.38102992923414236,3.0000000000000004
1996-W21,1996-05-24,1996-05-31,2.2279293927742083,1.832418340951167,0.3323292174525716,-0.09651516770380682,-0.09651516770380682,-0.09651516770380682,0
1996-W22,1996-05-31,1996-06-07,-0.6045485876831291,1.7356334378958969,0.31477650882189834,0.28144317548856496,-0.6102348165848136,0.28144317548856496,6.000000000000001
1996-W23,1996-06-07,1996-06-14,-2.961609961450695,1.7359915874462295,0.31484146217000547,-0.9441102451678037,-0.25872454042764725,-0.9351789621453878,3.0000000000000004
1996-W24,1996-06-14,1996-06-21,-0.08927929417855696,1.4599939985414634,0.26478685741877456,0.23145352408544123,0.23145352408544123,0.23145352408544123,0
1996-W25,1996-06-21,1996-06-28,1.5255275203545304,1.6930109682301748,0.3070465708979228,0.27371323756458943,0.054400328929901244,0.27371323756458943,3.0000000000000004
1996-W26,1996-06-28,1996-07-05,1.4172999774398898,1.7995386238500868,0.3263662259702818,0.2930328926369485,0.2930328926369485,0.2930328926369485,0
1996-W27,1996-07-05,1996-07-12,-3.3497009702630365,1.5289408133528488,0.2772910058185335,-1.5768024844249797,-0.95624188557916,-0.7948517358677051,4.0
1996-W28,1996-07-12,1996-07-19,0.3943422348561043,1.7975743720008468,0.3260099934920146,0.2926766601586812,0.2926766601586812,0.2926766601586812,0
1996-W29,1996-07-19,1996-07-26,-1.2881174133343887,1.999921307800302,0.3627070847250217,0.32937375139168834,0.32937375139168834,0.32937375139168834,0
1996-W30,1996-07-26,1996-08-02,2.3950119561772842,2.1484242252483425,0.38963901732749756,0.10971795306521794,0.10971795306521794,0.10971795306521794,0
1996-W31,1996-08-02,1996-08-09,1.2953840540047334,2.174339408514558,0.3943388836921499,0.36100555035881654,0.36100555035881654,0.36100555035881654,0
1996-W32,1996-08-09,1996-08-16,0.6484149855907839,2.0100891747671605,0.3645510952668887,0.33121776193355534,0.33121776193355534,0.33121776193355534,0
1996-W33,1996-08-16,1996-08-23,2.2244059536059346,1.68936424880819,0.30638520769563743,-0.2619898304354475,-0.3521751606072443,-0.3684714931501934,4.0
1996-W34,1996-08-23,1996-08-30,-2.324804531066893,1.2154175509996696,0.22043047561926002,-0.9222898377812949,-0.9222898377812949,-0.9222898377812949,0
1996-W35,1996-08-30,1996-09-06,-1.1954511212922347,1.3943674271344555,0.25288484691649676,0.2195515135831634,-0.15197022615606068,0.2195515135831634,3.0000000000000004
1996-W36,1996-09-06,1996-09-13,3.1145733818685795,1.6106193450489976,0.2921041418019859,-1.2451832283509243,-0.3978209287966377,-1.2451832283509243,3.0000000000000004
1996-W37,1996-09-13,1996-09-20,1.9649959594071564,1.764701250607241,0.32004819206022356,0.08642014992696981,-0.07142899027885305,0.08642014992696981,3.0000000000000004
1996-W38,1996-09-20,1996-09-27,1.4405989646032014,1.9216384752633158,0.3485099501707384,0.315176616837405,0.315176616837405,0.315176616837405,0
1996-W39,1996-09-27,1996-10-04,1.2424069639764612,1.8715084872493397,0.33941851071405077,0.30608517738071744,-0.25432386517715644,0.30608517738071744,3.0000000000000004
1996-W40,1996-10-04,1996-10-11,2.6282003328293557,1.3973567160508655,0.2534269836345609,-1.0107499664772746,-0.5846106821129053,-0.2942678258699924,3.0000000000000004
1996-W41,1996-10-11,1996-10-18,2.387376493029447,1.6550650768411033,0.3001647614665798,-0.46547998805510016,-0.37396671245945895,-0.46547998805510016,3.0000000000000004
1996-W42,1996-10-18,1996-10-25,-0.9728077517368372,1.474606656810364,0.2674370011476823,0.23410366781434896,0.23410366781434896,0.23410366781434896,0
1996-W43,1996-10-25,1996-11-01,1.1373495335937456,1.6445882323310606,0.2982646955454689,0.2649313622121356,0.2649313622121356,0.2649313622121356,0
1996-W44,1996-11-01,1996-11-08,1.7710518072365122,1.9472688329188919,0.35315819719873237,0.31982486386539904,0.1997085621583768,0.31982486386539904,3.0000000000000004
1996-W45,1996-11-08,1996-11-15,1.0838210771979329,1.8946638183191553,0.34361790088309085,0.31028456754975753,-0.2364703839602452,0.31028456754975753,3.0000000000000004
1996-W46,1996-11-15,1996-11-22,1.7642357842176715,1.7471239996155237,0.3168604157710111,0.26641529783551027,0.028052100490853403,0.26641529783551027,3.0000000000000004
1996-W47,1996-11-22,1996-11-29,2.112562439494381,1.9078344602502275,0.34600649264649247,0.10794518006900063,-0.4545042918964826,-0.5888666598878535,4.0
1996-W48,1996-11-29,1996-12-06,-2.174125436354035,1.9756210079114354,0.3583000606580677,0.1264622988821343,0.1264622988821343,0.1264622988821343,0
1996-W49,1996-12-06,1996-12-13,-2.4315643431380596,1.755677579810782,0.31841167675565396,-0.39080841990495946,-1.7226164983999321,-0.39080841990495946,6.000000000000001
1996-W50,1996-12-13,1996-12-20,2.7166620400494557,2.575182866880715,0.46703354834311,0.2922210418410552,0.2922210418410552,0.2922210418410552,0
1996-W51,1996-12-20,1996-12-27,2.0766956351790933,2.1416189100496332,0.3884048338703062,0.3550715005369729,0.3550715005369729,0.3550715005369729,0
1996-W52,1996-12-27,1997-01-03,-1.3525698105130157,2.596040876853421,0.4708162051534616,0.4374828718201283,0.4374828718201283,0.4374828718201283,0
1997-W01,1997-01-03,1997-01-10,-0.23671087175050065,2.893325384709664,0.5247291823713166,0.49139584903798333,0.49139584903798333,0.49139584903798333,0
1997-W02,1997-01-10,1997-01-17,5.040369864117045,2.7905719481445654,0.5060947790729617,-1.7770364702328554,-1.2380486276827283,-1.0970516670451962,4.0
1997-W03,1997-01-17,1997-01-24,-3.441014749924487,2.8066273434488,0.509006441397453,-0.15871429841156848,-0.15871429841156848,-0.15871429841156848,0
1997-W04,1997-01-24,1997-01-31,-0.4319995095144691,2.5578839510627525,0.4638963404130586,0.4305630070797253,0.4305630070797253,0.4305630070797253,0
1997-W05,1997-01-31,1997-02-05,2.542450721961176,2.0167670209135777,0.3657621669021127,-0.19325486747882187,-0.19325486747882187,-0.19325486747882187,0
1997-W06,1997-02-05,1997-02-14,-4.005711323249517,2.53647855808453,0.46001440794957316,-1.0425516905487477,-0.4898058288489564,-1.0425516905487477,3.0000000000000004
1997-W07,1997-02-14,1997-02-21,2.5287348789125197,2.594882774931506,0.470606180309176,0.4372728469758427,0.4372728469758427,0.4372728469758427,0
1997-W08,1997-02-21,1997-02-28,-0.3436261628588566,2.191922993672176,0.39752776472994505,0.3641944313966117,0.3641944313966117,0.3641944313966117,0
1997-W09,1997-02-28,1997-03-07,-0.4575056072151362,2.023362539021144,0.3669583075396176,0.33362497420628423,0.33362497420628423,0.33362497420628423,0
1997-W10,1997-03-07,1997-03-14,-4.50537865720354,2.0126868770978485,0.3650222058244384,-2.161002907614581,-1.0827356796054683,-0.80691887260319,4.0
1997-W11,1997-03-14,1997-03-21,-1.9408801108036,1.9031398937711046,0.3451550989634367,0.2740815485976079,0.19024675293160861,0.2740815485976079,3.0000000000000004
1997-W12,1997-03-21,1997-03-27,0.36030842964560605,1.5071748329376446,0.273343544405369,0.24001021107203563,-0.795662193129749,-0.33299405930554904,3.0000000000000004
1997-W13,1997-03-27,1997-04-04,-2.6303838303692095,1.7827280338582736,0.32331749296544166,-0.5576716368788293,-1.3949441441232087,-1.5980122709343034,4.0
1997-W14,1997-04-04,1997-04-11,2.556413237516919,2.6712426373235387,0.48445422087277834,0.45112088753944507,0.45112088753944507,0.45112088753944507,0
1997-W15,1997-04-11,1997-04-18,0.19574006331279925,2.9509980370504048,0.5351881164272281,0.5018547830938948,0.5018547830938948,0.5018547830938948,0
1997-W16,1997-04-18,1997-04-25,0.83485658015372,3.1494514036889063,0.5711774043941921,0.5378440710608587,0.5378440710608587,0.5378440710608587,0
1997-W17,1997-04-25,1997-05-02,3.4469974011720694,2.9093653815838465,0.5276380382824553,-0.04332731463910077,0.24187423401229724,-0.04332731463910077,3.0000000000000004
1997-W18,1997-05-02,1997-05-09,6.490743532551324,2.1544029089389864,0.39072328611317614,-3.978950670832497,-1.5449441465370548,-1.291991065031783,3.0000000000000004
1997-W19,1997-05-09,1997-05-16,0.9446735850243027,2.3289563951044054,0.42237946458142966,0.3890461312480963,0.3890461312480963,0.3890461312480963,0
1997-W20,1997-05-16,1997-05-23,1.9150343981603202,2.1072385133444076,0.38216974465565473,0.34883641132232135,0.34883641132232135,0.34883641132232135,0
1997-W21,1997-05-23,1997-05-30,2.9731267300328046,2.0976671151718667,0.3804339134058225,-0.5283590347884458,-0.5283590347884458,-0.5283590347884458,0
1997-W22,1997-05-30,1997-06-06,-0.6959045160639721,1.9999173011013247,0.3627063580832967,0.32937302474996333,0.32937302474996333,0.32937302474996333,0
1997-W23,1997-06-06,1997-06-13,-3.701783095714739,2.0271046556152075,0.36763696490789377,-1.3403748085249687,-2.631500447084552,-2.6252504470845524,5.0
1997-W24,1997-06-13,1997-06-20,7.382061491760394,2.9039314020517333,0.5266525855020779,-3.9848108375399103,-3.9848108375399103,-3.9848108375399103,0
1997-W25,1997-06-20,1997-06-27,0.2797828549437664,3.304430512869852,0.5992824327985852,0.5659490994652518,0.5659490994652518,0.5659490994652518,0
1997-W27,1997-07-04,1997-07-11,2.7140241832793732,3.793095008081665,0.6878987923287416,0.6545654589954083,0.6545654589954083,0.6545654589954083,0
1997-W28,1997-07-11,1997-07-18,2.26662588168709,3.7209848746421144,0.6748222136136375,0.6414888802803042,0.6414888802803042,0.6414888802803042,0
1997-W29,1997-07-18,1997-07-25,0.563243182897244,3.2276806672647487,0.5853640913226688,0.5520307579893355,0.5520307579893355,0.5520307579893355,0
1997-W30,1997-07-25,1997-08-01,4.6052880229843,2.3982782146473767,0.4349512779020504,-1.8053918637682205,-1.7254245044667307,-1.7191745044667306,5.0
1997-W31,1997-08-01,1997-08-08,1.6380519285934536,2.5100380947835705,0.4552193455705721,0.42188601223723876,0.42188601223723876,0.42188601223723876,0
1997-W32,1997-08-08,1997-08-15,-3.3074011675927273,2.2627821661374496,0.4103784494881366,-0.6675738853004818,-0.6675738853004818,-0.6675738853004818,0
1997-W33,1997-08-15,1997-08-22,-4.144279766594239,1.8352281922253835,0.332838805482798,-2.009546102219391,-1.778475808697965,-1.7144582353176083,4.0
1997-W34,1997-08-22,1997-08-29,-8.390255387381673,3.303810646659696,0.5991700222521692,-4.520608051803134,-1.643311932835012,-4.520608051803134,3.0000000000000004
1997-W35,1997-08-29,1997-09-05,3.0307276030272723,3.9292144828582405,0.7125827793044656,0.6792494459711322,-6.989407740884738,0.6792494459711322,12.000000000000002
1997-W36,1997-09-05,1997-09-12,-0.6392623518369001,6.484530729658992,1.1759181757109933,1.1425848423776601,1.1425848423776601,1.1425848423776601,0
1997-W37,1997-09-12,1997-09-19,-0.5970795109014881,6.207254693778038,1.1256469073009927,1.0923135739676593,1.0923135739676593,1.0923135739676593,0
1997-W38,1997-09-19,1997-09-26,2.271958552324005,6.609231069161769,1.1985263964365258,1.1651930631031926,1.1651930631031926,1.1651930631031926,0
1997-W39,1997-09-26,1997-10-03,2.8353098607126093,5.287775663617512,0.9589322429263427,0.9255989095930095,0.9255989095930095,0.9255989095930095,0
1997-W40,1997-10-03,1997-10-09,-5.6511131056649955,4.6758757722764255,0.8479788038604195,-0.16059186286147556,-0.16059186286147556,-0.16059186286147556,0
1997-W41,1997-10-09,1997-10-17,-4.708855313624694,3.4179718311108025,0.6198726857640466,-0.7043441300831762,-2.229534028359367,-2.223284028359367,5.0
1997-W42,1997-10-17,1997-10-24,-18.062643888776563,3.8523891975836824,0.698651261879631,-13.544936762646584,-5.490747261415054,-4.289736375266981,3.0000000000000004
1997-W43,1997-10-24,1997-10-31,-4.670549151783121,7.423807328397277,1.3462020521804952,1.312868718847162,-13.747325077128972,-9.967050975477646,9.0
1997-W44,1997-10-31,1997-11-07,-4.888079728859074,14.40295295315232,2.61079101717685,2.5774576838435164,2.5774576838435164,2.5774576838435164,0
1997-W45,1997-11-07,1997-11-14,-1.456778616581722,14.9439872657662,2.7087650193947312,2.675431686061398,2.675431686061398,2.675431686061398,0
1997-W46,1997-11-14,1997-11-21,5.934343669624442,14.963942425295434,2.7123784533727804,2.6790451200394467,2.6790451200394467,2.6790451200394467,0
1997-W47,1997-11-21,1997-11-28,-0.2019283317827525,13.887622557025395,2.517463145592798,2.4841298122594644,2.4841298122594644,2.4841298122594644,0
1997-W48,1997-11-28,1997-12-05,9.506114635996731,6.495725641773893,1.177947829402164,-1.8657744981539979,-0.09578745950691518,-1.3651597227265353,3.0000000000000004
1997-W49,1997-12-05,1997-12-12,-7.919249843827592,5.588520065011905,1.013463009448932,-1.350600102700098,-3.044105095854265,-3.037855095854266,5.0
1997-W50,1997-12-12,1997-12-19,-1.9680291179326126,6.26045236070795,1.13529196647539,1.1019586331420568,1.1019586331420568,1.1019586331420568,0
1997-W51,1997-12-19,1997-12-24,-0.60926997686368,4.637255251114588,0.8409757171360104,0.807642383802677,0.807642383802677,0.807642383802677,0
1997-W52,1997-12-24,1998-01-02,3.270026357290945,5.19892787712753,0.9428221570028671,0.9094888236695338,0.9094888236695338,0.9094888236695338,0
1998-W01,1998-01-02,1998-01-09,-16.721907620545206,5.745264340311107,1.0418832028579437,-9.968093410709493,-3.9447193862799774,-3.938469386279977,5.0
1998-W02,1998-01-09,1998-01-16,0.060715387562892964,5.909083274604673,1.0715857111479272,1.038252377814594,-7.162205634969674,-1.7489468750536121,7.0
1998-W03,1998-01-16,1998-01-23,0.2269684866573085,9.122372819908001,1.6540919871726238,1.6207586538392902,1.6207586538392902,1.6207586538392902,0
1998-W05,1998-01-27,1998-02-06,13.33167554281205,9.704725365313859,1.7596363243806745,-1.9006471864508538,-2.5055334203124637,-2.9025409095535366,3.0000000000000004
1998-W06,1998-02-06,1998-02-13,-2.015094301667364,11.944080742280825,2.1654089958911844,2.1320756625578507,2.1320756625578507,2.1320756625578507,0
1998-W07,1998-02-13,1998-02-20,3.1670371887590587,9.938862128189596,1.8020683646870532,1.7687350313537198,1.7687350313537198,1.7687350313537198,0
1998-W08,1998-02-20,1998-02-27,8.308492408608492,8.240738301599498,1.4942908803810981,1.3932034400387763,1.3932034400387763,1.3932034400387763,0
1998-W09,1998-02-27,1998-03-06,-4.888205299025527,7.828628819884198,1.4195876982154214,1.3862543648820882,1.3862543648820882,1.3862543648820882,0
1998-W10,1998-03-06,1998-03-13,1.2592151655295591,4.99364701698623,0.9055997076665825,0.8722663743332492,0.8722663743332492,0.8722663743332492,0
1998-W11,1998-03-13,1998-03-20,4.587141135140627,4.8362453398485865,0.8770585138140817,0.8437251804807484,0.8437251804807484,0.8437251804807484,0
1998-W12,1998-03-20,1998-03-27,1.481294009048173,4.194481832933242,0.7606859000880946,0.7273525667547613,0.7273525667547613,0.7273525667547613,0
1998-W13,1998-03-27,1998-04-03,-5.818242125921347,3.9334419121718285,0.713349380487168,-1.2047841665956913,-0.5080953271768339,-1.2047841665956913,3.0000000000000004
1998-W14,1998-04-03,1998-04-09,2.617458173797149,2.3421460649589227,0.4247714711347976,0.11612602896324492,0.26166081646700556,0.11612602896324492,3.0000000000000004
1998-W15,1998-04-09,1998-04-17,-3.0038811083803574,2.8813571131102664,0.5225587330332649,0.366701404429834,0.366701404429834,0.366701404429834,0
1998-W16,1998-04-17,1998-04-24,-1.1035006428128935,2.9197492117799264,0.5295211463134152,0.49618781298008185,0.49618781298008185,0.49618781298008185,0
1998-W17,1998-04-24,1998-05-01,-2.906466895574533,2.6697197963889323,0.4841780505356592,0.2140976180167347,-0.47127108796686573,-0.6363632644627658,4.0
1998-W18,1998-05-01,1998-05-08,-4.764436442379583,2.7943520923171836,0.5067803122687017,-1.4966373711270289,-0.9705704350008121,-0.6136091442500009,3.0000000000000004
1998-W19,1998-05-08,1998-05-15,-5.188573795973506,3.1608970065243938,0.573253040251344,-1.4877570825311055,-2.180855990623057,-2.174605990623057,5.0
1998-W20,1998-05-15,1998-05-22,0.1844212803298717,3.4933225167322086,0.6335371525947734,0.6002038192614402,0.6002038192614402,0.6002038192614402,0
1998-W21,1998-05-22,1998-05-29,-6.502952789299565,3.557320822597618,0.6451428768320824,-2.3338224232032054,-1.9296954489711822,-1.822413705413176,4.0
1998-W22,1998-05-29,1998-06-05,-4.086265706516867,4.078750058168222,0.739699403894211,0.6988504222122347,0.6209610828819546,0.6988504222122347,3.0000000000000004
1998-W23,1998-06-05,1998-06-12,-7.632091669907837,4.562213468117936,0.8273682796355618,-2.275843255487669,-1.6840252229031065,-1.5298207147569658,4.0
1998-W24,1998-06-12,1998-06-19,8.546211200530806,4.580225933924052,0.8306345135595746,-3.1686840863805155,-5.0376146475624575,-2.209287890469154,11.0
1998-W25,1998-06-19,1998-06-26,0.18564201699544647,7.213542016944695,1.308084019902846,1.2747506865695126,1.2747506865695126,1.2747506865695126,0
1998-W26,1998-06-26,1998-07-03,0.3653546580166367,6.728162871342713,1.2200885092571998,1.1867551759238666,1.1867551759238666,1.1867551759238666,0
1998-W27,1998-07-03,1998-07-10,-5.018225536821664,7.487692375309453,1.3577832995114993,1.3244499661781661,1.3244499661781661,1.3244499661781661,0
1998-W28,1998-07-10,1998-07-17,5.156861335655116,7.107990343085266,1.2889487055817272,1.255615372248394,1.255615372248394,1.255615372248394,0
1998-W29,1998-07-17,1998-07-24,-4.304933983882342,6.065979347146336,1.1000325903711405,1.0666992570378073,1.0666992570378073,1.0666992570378073,0
1998-W30,1998-07-24,1998-07-31,-3.890539792439107,5.020511101223798,0.910470859419219,0.8771375260858857,-0.052103734834785316,0.8771375260858857,3.0000000000000004
1998-W31,1998-07-31,1998-08-07,-11.56460291418292,4.255535893509334,0.7717572172996943,-6.570643136707233,-2.534475920932848,-0.9253719930197012,3.0000000000000004
1998-W32,1998-08-07,1998-08-14,2.9391241116416555,4.567744103140855,0.8283711604287752,0.7950378270954419,-4.032625341006532,0.7950378270954419,3.0000000000000004
1998-W33,1998-08-14,1998-08-21,4.192843213089348,4.271950685228904,0.7747338069615741,0.7414004736282408,-0.05106335863843132,-2.154289915705082,3.0000000000000004
1998-W34,1998-08-21,1998-08-28,4.013629512968042,6.968982430808622,1.2637478200739287,1.2304144867405953,1.2304144867405953,1.2304144867405953,0
1998-W35,1998-08-28,1998-09-04,-4.35863782597753,7.192443166660042,1.3042590568588726,1.2709257235255393,-1.9973003938025475,1.2709257235255393,3.0000000000000004
1998-W36,1998-09-04,1998-09-11,1.2019780147697112,7.982122918782698,1.447412045040982,1.4140787117076488,-3.4833545267239328,1.4140787117076488,3.0000000000000004
1998-W37,1998-09-11,1998-09-18,-1.7486358725335438,8.450215250577147,1.5322613646213539,1.4989280312880204,1.4989280312880204,1.4989280312880204,0
1998-W38,1998-09-18,1998-09-25,3.4334042042251545,7.536654020644153,1.3666591365567409,1.3333258032234074,1.3333258032234074,1.3333258032234074,0
1998-W39,1998-09-25,1998-09-30,2.3611959172750607,6.099379541150386,1.1060883361619167,1.0727550028285835,1.0727550028285835,1.0727550028285835,0
1998-W40,1998-09-30,1998-10-09,7.906808447224911,6.166960104867982,1.1183412210998147,-0.6548404545904506,-0.6548404545904506,-0.6548404545904506,0
1998-W41,1998-10-09,1998-10-16,14.931833520396687,5.977358445573421,1.0839647567453514,-7.90384365141126,-7.90384365141126,-7.90384365141126,0
1998-W42,1998-10-16,1998-10-23,0.4166942178807975,6.863369741118931,1.2446009360147403,1.2112676026814069,1.2112676026814069,1.2112676026814069,0
1998-W43,1998-10-23,1998-10-30,3.434498023350563,6.332435088678129,1.1483427909091828,1.1150094575758496,1.1150094575758496,1.1150094575758496,0
1998-W44,1998-10-30,1998-11-06,-0.14958659573316435,6.790562776334788,1.231401388287662,1.1980680549543286,1.1980680549543286,1.1980680549543286,0
1998-W45,1998-11-06,1998-11-13,-1.3980597709509657,6.334759018519424,1.148764129334276,1.1154307960009426,1.1154307960009426,1.1154307960009426,0
1998-W46,1998-11-13,1998-11-20,2.354174305734502,5.8011198408427544,1.0520105833466658,1.0186772500133323,1.0186772500133323,1.0186772500133323,0
1998-W47,1998-11-20,1998-11-27,4.971485245531504,4.145747796958829,0.7518486177017795,-0.10722216420422451,-0.9690246659026278,-1.1782252913272286,4.0
1998-W48,1998-11-27,1998-12-04,-7.251561170302956,4.5499493173818175,0.8251443959096127,-1.909800790344848,-1.8201455650936849,-1.7914817587808936,4.0
1998-W49,1998-12-04,1998-12-11,-0.11180861486014271,4.932580353908744,0.894526707014646,0.8611933736813127,0.8611933736813127,0.8611933736813127,0
1998-W50,1998-12-11,1998-12-18,2.755531237439701,4.6577940418450385,0.8447000332607826,0.8113666999274494,0.8113666999274494,0.8113666999274494,0
1998-W51,1998-12-18,1998-12-24,0.6451030686634107,4.319388347943893,0.7833359353467908,0.7500026020134575,0.7500026020134575,0.7500026020134575,0
1998-W52,1998-12-24,1998-12-31,-2.367036324249261,3.9945803955465444,0.7244361976554181,0.6911028643220848,0.6911028643220848,0.6911028643220848,0
1998-W53,1998-12-31,1999-01-08,6.7086106887380925,3.7472485667040054,0.6795849244620648,-2.315110530905349,-2.031469993276917,-2.025219993276917,5.0
1999-W01,1999-01-08,1999-01-15,-5.3652512353091435,4.233867956693525,0.7678280391590464,-0.39688857278990225,-0.200710430418901,-0.39688857278990225,3.0000000000000004
1999-W02,1999-01-15,1999-01-22,-4.029414861295488,4.337324740830415,0.7865884312736348,0.7532550979403014,0.7532550979403014,0.7532550979403014,0
1999-W03,1999-01-22,1999-01-29,-2.378381435512411,4.544496308308802,0.8241555898977003,0.790822256564367,0.790822256564367,0.790822256564367,0
1999-W04,1999-01-29,1999-02-05,-3.3312665779564266,5.222988004849297,0.9471848067145177,0.9138514733811843,0.9138514733811843,0.9138514733811843,0
1999-W05,1999-02-05,1999-02-12,2.559462487906128,4.172128959275165,0.7566325013161073,0.7232991679827739,0.7232991679827739,0.7232991679827739,0
1999-W07,1999-02-19,1999-02-26,6.530822050440155,4.129763075228155,0.748949990425238,-1.6854423181200844,-0.516180170553634,-1.6854423181200844,3.0000000000000004
1999-W08,1999-02-26,1999-03-05,3.8812219083844024,3.96192572980186,0.7185146248776271,0.6851812915442937,0.6851812915442937,0.6851812915442937,0
1999-W09,1999-03-05,1999-03-12,5.47439774186993,3.4436300095968853,0.624525673509695,-1.4395753920966787,-1.032511091345275,-0.924495016157424,4.0
1999-W10,1999-03-12,1999-03-19,2.6029106585461204,3.5009106226455247,0.6349132141203927,0.6015798807870595,0.6015798807870595,0.6015798807870595,0
1999-W11,1999-03-19,1999-03-26,-2.5228942691412626,3.4537179665486506,0.6263550743489255,0.5930217410155921,0.5930217410155921,0.5930217410155921,0
1999-W12,1999-03-26,1999-04-01,2.49618782727985,3.5139433253466184,0.6372766221250897,0.6039432887917564,0.6039432887917564,0.6039432887917564,0
1999-W13,1999-04-01,1999-04-09,7.596140379717942,3.0510921280616046,0.553340108135888,-4.025041476853784,-1.868170114165258,-1.3227022734931262,4.0
1999-W14,1999-04-09,1999-04-16,4.83628821483999,4.2720920338233626,0.7747594385098023,0.17722992415986036,0.17722992415986036,0.17722992415986036,0
1999-W15,1999-04-16,1999-04-23,3.322578372732532,4.224954881948998,0.7662117756778487,0.7328784423445154,0.7328784423445154,0.7328784423445154,0
1999-W16,1999-04-23,1999-04-30,3.315695079548453,4.604984725440583,0.8351240642169229,0.8017907308835895,0.8017907308835895,0.8017907308835895,0
1999-W17,1999-04-30,1999-05-07,-2.5183039547440833,4.220808447733725,0.7654598765443352,0.7321265432110019,0.7321265432110019,0.7321265432110019,0
1999-W18,1999-05-07,1999-05-14,-1.0918324596630002,3.7183204438952497,0.6743390399505022,0.6410057066171688,0.6410057066171688,0.6410057066171688,0
1999-W19,1999-05-14,1999-05-21,-4.537972046904704,4.531455838049003,0.8217909314300935,0.7819413892410562,0.7819413892410562,0.7819413892410562,0
1999-W20,1999-05-21,1999-05-28,-1.7347394548643758,3.5897486014598448,0.6510234514898205,0.6176901181564872,0.6176901181564872,0.6176901181564872,0
1999-W21,1999-05-28,1999-06-04,2.9544958356655604,3.33162848367451,0.6042146849847397,0.5708813516514064,0.28815722390714366,0.5708813516514064,3.0000000000000004
1999-W22,1999-06-04,1999-06-11,4.649171318737788,3.450778268808155,0.6258219748855548,-0.6059044083774093,0.008439111486061999,-0.6059044083774093,3.0000000000000004
1999-W23,1999-06-11,1999-06-17,3.1980100696105795,2.6674525120833947,0.48376687382737105,-0.0801240170331479,-0.0801240170331479,-0.0801240170331479,0
1999-W24,1999-06-17,1999-06-25,2.8060312592770753,2.652659547874786,0.48108413811086426,0.2943790933752404,-0.9619125972412956,-1.2697355198954294,4.0
1999-W25,1999-06-25,1999-07-02,2.9023180316333885,3.031098049923771,0.5497142035098921,0.5163808701765588,0.5163808701765588,0.5163808701765588,0
1999-W26,1999-07-02,1999-07-09,0.2678276985695671,3.241934900266511,0.5879490556203352,0.5546157222870018,0.5546157222870018,0.5546157222870018,0
1999-W27,1999-07-09,1999-07-16,-4.762360552576805,3.8292802246304913,0.6944606615516478,-0.27195299972800063,-0.14775111427304874,-0.27195299972800063,3.0000000000000004
1999-W28,1999-07-16,1999-07-23,-3.333569809390202,4.265491430652708,0.7735625131580848,0.7402291798247514,0.7402291798247514,0.7402291798247514,0
1999-W29,1999-07-23,1999-07-30,0.7114883864787869,3.6791889253676677,0.6672428364251073,0.633909503091774,0.633909503091774,0.633909503091774,0
1999-W30,1999-07-30,1999-08-06,-0.15015538742437773,3.8670445385631385,0.7013088704488577,0.6679755371155245,0.6679755371155245,0.6679755371155245,0
1999-W31,1999-08-06,1999-08-13,-4.2445306776966,3.116876857523361,0.5652700727210558,-0.5957170807855072,-0.6517326295266731,-0.6828263286874501,3.0000000000000004
1999-W32,1999-08-13,1999-08-20,7.602687863223712,3.4165868297729114,0.6196215222177955,-3.5998128445663475,-2.3120585182578437,-2.3058085182578445,5.0
1999-W33,1999-08-20,1999-08-27,-1.3533859157800698,4.001564371102905,0.725702664968721,0.6923693316353878,0.6923693316353878,0.6923693316353878,0
1999-W34,1999-08-27,1999-09-03,-1.5304365592614055,3.7625017816791546,0.6823509697271751,0.6490176363938419,0.6490176363938419,0.6490176363938419,0
1999-W35,1999-09-03,1999-09-10,5.141935037814038,3.826969080375684,0.694041556404612,-0.6542577343670908,-0.6528848096340737,-0.6542577343670908,4.0
1999-W36,1999-09-10,1999-09-17,-2.6782024167225305,3.2654578015379814,0.5922148620907157,0.5588815287573824,0.5588815287573824,0.5588815287573824,0
1999-W37,1999-09-17,1999-09-24,-3.357618900159587,3.65510651972044,0.6628756669278283,0.6295423335944951,0.6295423335944951,0.6295423335944951,0
1999-W38,1999-09-24,1999-09-30,-2.29303610983721,2.9701520032461164,0.5386616813267012,0.5053283479933679,0.5053283479933679,0.5053283479933679,0
1999-W39,1999-09-30,1999-10-08,2.977872721480246,3.1038054812011415,0.5628996008639648,0.5295662675306315,0.5295662675306315,0.5295662675306315,0
1999-W40,1999-10-08,1999-10-15,-6.2028202924857005,3.014320245914201,0.5466715639848291,-2.6751618159199997,-1.6015506053832333,-1.3268978027490417,4.0
1999-W41,1999-10-15,1999-10-22,4.585708820638734,2.30503105938209,0.41804049318231695,-1.8959706014076625,-1.8959706014076625,-1.8959706014076625,0
1999-W42,1999-10-22,1999-10-29,3.0620202532775753,2.9443271628859566,0.5339783550379009,0.3829519313129505,0.3829519313129505,0.3829519313129505,0
1999-W43,1999-10-29,1999-11-05,2.6651630332173104,3.175876369940777,0.5759695142665142,0.5426361809331809,0.5426361809331809,0.5426361809331809,0
1999-W44,1999-11-05,1999-11-12,4.257082413354585,3.915730055014799,0.7101375144940996,0.3354518228209885,0.3354518228209885,0.3354518228209885,0
1999-W45,1999-11-12,1999-11-19,6.225864959255278,3.613736226238287,0.6553734499168014,-1.9900886164335205,-0.43515905875023086,-1.9900886164335205,3.0000000000000004
1999-W46,1999-11-19,1999-11-26,1.336358607603283,3.2039809207913508,0.5810662059542012,0.5477328726208679,0.5477328726208679,0.5477328726208679,0
1999-W47,1999-11-26,1999-12-03,3.7047285427596277,3.1855310680625277,0.5777203710394555,0.02518956300900539,0.02518956300900539,0.02518956300900539,0
1999-W48,1999-12-03,1999-12-10,3.4077388108193496,2.585166897683992,0.4688441798864425,-0.3870610665822367,-0.34529578445299103,-0.3870610665822367,4.0
1999-W49,1999-12-10,1999-12-17,-2.404489029760626,2.7352482403311837,0.4960617519683328,0.4627284186349995,-0.13090427314931166,-1.7399918487873522,3.0000000000000004
1999-W50,1999-12-17,1999-12-24,5.297830387766123,3.3216210396496795,0.6023998725804053,-1.407142808869368,-1.407142808869368,-1.407142808869368,0
1999-W51,1999-12-24,1999-12-30,0.7652716397565706,2.418937361825095,0.43869789747955124,0.4053645641462179,0.4053645641462179,0.4053645641462179,0
1999-W52,1999-12-30,2000-01-07,-9.176161928103731,3.4628784463218105,0.6280162809169129,-5.118600534198337,-2.524406875052459,-2.518156875052459,5.0
2000-W01,2000-01-07,2000-01-14,0.8866926375395989,5.761753910590746,1.0448729970552575,1.011539663721924,1.011539663721924,1.011539663721924,0
2000-W02,2000-01-14,2000-01-21,-2.7912358742347876,5.894440462237786,1.06893079663003,1.0355974632966967,1.0355974632966967,1.0355974632966967,0
2000-W03,2000-01-21,2000-01-28,7.131989814240991,5.7213029634149235,1.0375386556280441,-0.4064815285313347,-0.4064815285313347,-0.4064815285313347,0
2000-W04,2000-01-28,2000-02-03,-1.345737762017729,5.16547042675586,0.9367555440237608,0.9034222106904275,0.9034222106904275,0.9034222106904275,0
2000-W05,2000-02-03,2000-02-11,8.843750258006144,4.143482832958349,0.7514378952920998,-3.982162863089029,-1.8785645729931923,-3.982162863089029,3.0000000000000004
2000-W06,2000-02-11,2000-02-18,-4.494402224860805,4.156654914088272,0.7538264837767761,0.382745839670906,0.382745839670906,0.382745839670906,0
2000-W07,2000-02-18,2000-02-25,3.6256069996011275,4.749809333298145,0.8613851727262996,0.8280518393929662,0.8280518393929662,0.8280518393929662,0
2000-W08,2000-02-25,2000-03-03,0.48985443462412626,4.984327924878611,0.9039099133325281,0.8705765799991948,0.8705765799991948,0.8705765799991948,0
2000-W09,2000-03-03,2000-03-10,3.162346216848899,4.3367882784518095,0.7864911519234855,0.7531578185901522,0.7531578185901522,0.7531578185901522,0
2000-W10,2000-03-10,2000-03-17,-4.199613315002382,4.329906768688144,0.7852432937369566,0.7519099604036232,0.23055803828213933,-1.000892501840587,3.0000000000000004
2000-W11,2000-03-17,2000-03-24,4.106892695596431,4.408530695786118,0.7995005233066659,0.7661671899733327,0.7661671899733327,0.7661671899733327,0
2000-W12,2000-03-24,2000-03-31,-2.1256136266294745,4.381209252500659,0.7945462123088289,0.7612128789754957,0.7612128789754957,0.7612128789754957,0
2000-W13,2000-03-31,2000-04-07,-2.6706019693568783,4.2950596322736585,0.7789242810502679,0.7455909477169346,-2.1238004425517194,-1.2104406272021009,4.0
2000-W14,2000-04-07,2000-04-14,-4.715706686772403,4.990438400983228,0.9050179020828253,0.871684568749492,0.871684568749492,0.871684568749492,0
2000-W15,2000-04-14,2000-04-20,-4.804755372988545,4.309155173944588,0.7814803008527866,0.2525467684754972,-2.7495592531990325,-3.4938357586176636,4.0
2000-W16,2000-04-20,2000-04-28,0.990165767547202,5.653367330401997,1.025220883190966,0.9918875498576327,0.9918875498576327,0.9918875498576327,0
2000-W17,2000-04-28,2000-05-05,-1.6151511949932806,5.205222827751334,0.9439635759117098,0.9106302425783764,0.9106302425783764,0.9106302425783764,0
2000-W18,2000-05-05,2000-05-12,-1.0262814655268682,5.374701492569037,0.974693718731766,0.9413603853984327,0.9413603853984327,0.9413603853984327,0
2000-W19,2000-05-12,2000-05-19,-4.193244851717592,5.487163946003706,0.9950853465180463,0.9617520131847129,0.9617520131847129,0.9617520131847129,0
2000-W20,2000-05-19,2000-05-26,-5.218580012677954,6.300234423697317,1.1425046625942619,1.1091713292609284,1.1091713292609284,1.1091713292609284,0
2000-W21,2000-05-26,2000-06-02,11.378222884996458,4.379594005767403,0.7942533125985425,-6.237708899963855,-2.918352907650992,-2.0822639095727777,4.0
2000-W22,2000-06-02,2000-06-09,5.470784525227201,4.555518445863564,0.8261542577006361,-0.12244515499633335,-0.12244515499633335,-0.12244515499633335,0
2000-W23,2000-06-09,2000-06-16,1.9486106199096964,5.28699075913972,0.9587899227565682,0.9254565894232349,0.9254565894232349,0.9254565894232349,0
2000-W24,2000-06-16,2000-06-23,-4.236854355561526,4.708226850242422,0.8538450323838702,0.8205116990505369,0.8205116990505369,0.8205116990505369,0
2000-W25,2000-06-23,2000-06-30,2.6540733891237345,4.128117675201008,0.7486516177490284,0.7153182844156951,-0.36596968858147777,0.7153182844156951,3.0000000000000004
2000-W26,2000-06-30,2000-07-07,4.172999710641978,3.5234766504218267,0.6390054363876863,-0.04385095716579939,-0.04385095716579939,-0.04385095716579939,0
2000-W27,2000-07-07,2000-07-14,4.493172750419516,2.9723505328179542,0.5390603836703579,-1.0150951672645534,-0.21135666206433143,-0.8136663537878435,3.0000000000000004
2000-W28,2000-07-14,2000-07-21,1.9031966943110712,2.911617260380881,0.5280464166733067,0.4947130833399733,0.4947130833399733,0.4947130833399733,0
2000-W29,2000-07-21,2000-07-28,-4.112133643144555,2.7495250499398307,0.4986508725421561,-0.8972910539959076,-0.26018956720720543,-0.8972910539959076,3.0000000000000004
2000-W30,2000-07-28,2000-08-04,1.4069513530765354,2.874800548419769,0.5213696977100797,0.48803636437674636,0.48803636437674636,0.48803636437674636,0
2000-W31,2000-08-04,2000-08-11,-1.2124580725441647,3.280497317603541,0.5949422297141748,0.5616088963808414,0.5616088963808414,0.5616088963808414,0
2000-W32,2000-08-11,2000-08-18,1.310413473987282,3.370869544177614,0.6113308944782048,0.5779975611448716,0.5779975611448716,0.5779975611448716,0
2000-W33,2000-08-18,2000-08-25,-1.1654803074828024,3.4534214008051354,0.6263012936405089,0.5929679603071756,0.5929679603071756,0.5929679603071756,0
2000-W34,2000-08-25,2000-09-01,0.5619922288543577,3.2775535323121283,0.5944083839391656,0.5610750506058323,0.5610750506058323,0.5610750506058323,0
2000-W35,2000-09-01,2000-09-08,-0.3355340194401979,3.0183959700470755,0.5474106930871051,0.5140773597537719,0.5140773597537719,0.5140773597537719,0
2000-W36,2000-09-08,2000-09-15,-5.938594894533988,2.507925329385113,0.454836188599507,-3.0091667098827126,-1.253290828172871,-0.8080718577454105,4.0
2000-W37,2000-09-15,2000-09-22,-10.071985854879584,2.585150143397542,0.46884114145098893,-7.051327903364382,-2.3926594403517196,-1.2217423245985526,4.0
2000-W38,2000-09-22,2000-09-29,7.0903243867497245,3.4467707840364508,0.625095237450136,-3.051791698596469,-1.852209027955087,-1.5460633602947411,4.0
2000-W39,2000-09-29,2000-10-05,3.4232212112460303,3.7533549638733845,0.6806922697461694,0.647358936412836,0.647358936412836,0.647358936412836,0
2000-W40,2000-10-05,2000-10-13,-9.293848976583273,4.730999918674552,0.8579744696283349,-3.7382079216137285,-1.53618246978549,-0.9794261068284311,4.0
2000-W41,2000-10-13,2000-10-20,2.4796857970607267,5.151758219883041,0.9342691975535209,0.9009358642201876,0.9009358642201876,0.9009358642201876,0
2000-W42,2000-10-20,2000-10-27,-0.9443319925437454,5.0490583369043955,0.9156471984847274,0.8823138651513941,0.8823138651513941,0.8823138651513941,0
2000-W43,2000-10-27,2000-11-03,4.641248210449733,4.163604033001738,0.755086616786281,0.24410910600494723,0.24410910600494723,0.24410910600494723,0
2000-W44,2000-11-03,2000-11-10,-1.3128696406817464,4.332229257246208,0.7856644421360933,0.75233110880276,0.75233110880276,0.75233110880276,0
2000-W45,2000-11-10,2000-11-17,-1.3550897327736067,3.8680597121139395,0.701492962556426,0.6681596292230928,0.6681596292230928,0.6681596292230928,0
2000-W46,2000-11-17,2000-11-24,-5.295811759135782,3.915407454389541,0.7100790141030653,-0.7036586239765149,0.03013655880992913,-0.7036586239765149,3.0000000000000004
2000-W47,2000-11-24,2000-12-01,0.4488401193700975,3.691883771477996,0.6695449521205907,0.6362116187872574,0.6362116187872574,0.6362116187872574,0
2000-W48,2000-12-01,2000-12-08,5.178852833887748,3.675069503548397,0.6664958096161268,-0.8706208540565591,-0.49886835284341524,-0.8706208540565591,3.0000000000000004
2000-W49,2000-12-08,2000-12-15,-1.4075657292839105,4.343069485146585,0.7876301536639856,0.7542968203306524,0.7542968203306524,0.7542968203306524,0
2000-W50,2000-12-15,2000-12-22,-1.5847205953096744,3.9014172140903165,0.7075420230557283,0.674208689722395,0.674208689722395,0.674208689722395,0
2000-W51,2000-12-22,2000-12-29,2.4244485147589145,3.1936284309489484,0.579188808058832,0.5458554747254987,0.5458554747254987,0.5458554747254987,0
2000-W52,2000-12-29,2001-01-05,2.332346540648067,3.575862791684905,0.6485053481825053,0.6151720148491719,0.6151720148491719,0.6151720148491719,0
2001-W01,2001-01-05,2001-01-12,-0.985203706100124,4.23324759864714,0.7677155457938362,0.7343822124605028,0.7343822124605028,0.7343822124605028,0
2001-W02,2001-01-12,2001-01-19,4.172032452014407,3.9717997162785643,0.7203051675442945,0.4867390984751357,0.4867390984751357,0.4867390984751357,0
2001-W04,2001-01-23,2001-02-02,0.1687841170798121,3.6312664439449733,0.6585524360611196,0.6252191027277862,0.6252191027277862,0.6252191027277862,0
2001-W05,2001-02-02,2001-02-09,-1.2320713840875408,3.5021241121711495,0.6351332737571512,0.6017999404238179,0.6017999404238179,0.6017999404238179,0
2001-W06,2001-02-09,2001-02-16,-1.530689932638496,2.6308876514833393,0.4771357549830788,0.4438024216497455,0.4438024216497455,0.4438024216497455,0
2001-W07,2001-02-16,2001-02-23,-2.2376396220859185,2.391994516206983,0.4338117032689804,0.40047836993564706,-0.5356352260255254,-0.6090587308947523,4.0
2001-W08,2001-02-23,2001-03-02,-8.600011516369,1.9421154688265916,0.3522235983977482,-6.339005782477996,-1.7980948699642472,-0.6566171418358099,4.0
2001-W09,2001-03-02,2001-03-09,1.6319125716072413,2.4490987519145335,0.44416778158716796,0.4108344482538347,-0.13722156902084695,0.4108344482538347,3.0000000000000004
2001-W10,2001-03-09,2001-03-16,-4.736459146169381,2.855905483374663,0.5179430689468166,-1.3959439271812328,-1.5644442856948195,-1.6003193753232163,4.0
2001-W11,2001-03-16,2001-03-23,-6.941849637986131,3.21080586091306,0.5823038910602134,-3.182073219346196,-2.9036823093850352,-2.8974323093850356,5.0
2001-W12,2001-03-23,2001-03-30,1.408839069390444,3.632350118191949,0.6587489529321663,0.625415619598833,0.625415619598833,0.625415619598833,0
2001-W13,2001-03-30,2001-04-06,-2.93111714757025,3.443014645997068,0.6244140803468402,0.591080747013507,-1.438271633563516,-1.4274622302809572,4.0
2001-W14,2001-04-06,2001-04-12,4.867024616819027,3.5167299885953067,0.6377819677478036,-0.7458459938092443,-0.7458459938092443,-0.7458459938092443,0
2001-W15,2001-04-12,2001-04-20,3.531015244695279,4.143427305892282,0.7514278261642138,0.7180944928308804,0.24864274538927414,0.7180944928308804,3.0000000000000004
2001-W16,2001-04-20,2001-04-27,-0.46169872161447856,5.6394603319423435,1.0226993217860776,0.9893659884527441,0.9893659884527441,0.9893659884527441,0
2001-W17,2001-04-27,2001-05-04,0.036980281681930904,3.843553376426359,0.697048967450452,0.6637156341171186,0.6637156341171186,0.6637156341171186,0
2001-W18,2001-05-04,2001-05-11,1.8342192241839417,4.999887872784595,0.9067313368116333,0.8733980034783,0.8733980034783,0.8733980034783,0
2001-W19,2001-05-11,2001-05-18,-1.301134662413883,4.462709302837387,0.8093249271526621,0.7759915938193288,0.7759915938193288,0.7759915938193288,0
2001-W20,2001-05-18,2001-05-25,2.1904050151644983,3.9282091205536176,0.7124004670757698,0.6790671337424364,0.6790671337424364,0.6790671337424364,0
2001-W21,2001-05-25,2001-06-01,-4.4540554495336115,3.2056179692260196,0.5813630804620191,-0.7004077331789068,-0.51328734993217,-0.7004077331789068,4.0
2001-W22,2001-06-01,2001-06-08,5.0794495827491515,3.0182714663694172,0.5473881144533407,-1.5471233352597222,-0.4876065327358182,-0.7446203874876225,3.0000000000000004
2001-W23,2001-06-08,2001-06-15,-5.115470297913705,2.91262710858148,0.5282295527070017,-1.7079469699585563,-0.8648576468372624,-0.6478353160569388,4.0
2001-W24,2001-06-15,2001-06-22,0.5458464510589511,2.5858051751574376,0.46895993324204305,0.4356265999087098,0.4356265999087098,0.4356265999087098,0
2001-W25,2001-06-22,2001-06-29,-0.9980952092912498,2.491715958907172,0.4518965647168505,0.4185632313835172,-0.5630658149995006,0.4185632313835172,3.0000000000000004
2001-W26,2001-06-29,2001-07-05,-0.330072491954847,2.2100234084920625,0.4008103736005586,0.3674770402672253,0.3674770402672253,0.3674770402672253,0
2001-W27,2001-07-05,2001-07-13,-2.9746606459933655,2.9102226971937206,0.5277935125385548,0.43002223040557463,0.034458194568204856,0.43002223040557463,3.0000000000000004
2001-W28,2001-07-13,2001-07-20,-2.4666259455598194,3.0004493946059485,0.5441560957997018,0.5108227624663685,0.5108227624663685,0.5108227624663685,0
2001-W29,2001-07-20,2001-07-27,-0.9714914439402644,2.5415008317404784,0.46092521270841846,0.42759187937508514,0.42759187937508514,0.42759187937508514,0
2001-W30,2001-07-27,2001-08-03,0.7134209817081905,2.376778485623424,0.4310522121954382,0.3977188788621049,-0.6386558058758198,0.3977188788621049,3.0000000000000004
2001-W31,2001-08-03,2001-08-10,-4.101941666431863,2.443441970202729,0.4431419029661543,-1.2486911265963094,-0.3125164015706038,-1.6483954137167052,3.0000000000000004
2001-W32,2001-08-10,2001-08-17,-0.09349122926275433,2.3335426200531972,0.42321119744943536,0.389877864116102,-1.7224131939009992,-0.4707525156068312,8.0
2001-W33,2001-08-17,2001-08-24,-5.482945187412902,2.998074359365328,0.5437253848196325,-1.9744787765612664,-1.446791233854138,-1.3086193481773556,4.0
2001-W34,2001-08-24,2001-08-31,-0.17838704882777723,3.38787660582326,0.6144150523997582,0.5810817190664249,0.5810817190664249,0.5810817190664249,0
2001-W35,2001-08-31,2001-09-07,-6.368346938868951,3.2472228400059455,0.5889080078417073,-2.5655494243546295,-1.0538369447435607,-2.5655494243546295,3.0000000000000004
2001-W36,2001-09-07,2001-09-14,-7.017873175528367,3.7110503764850056,0.6730206697298418,-2.667135462646858,-4.231811485654881,-4.2255614856548815,5.0
2001-W37,2001-09-14,2001-09-21,-7.4698743757194315,5.462659407012475,0.9906422143642923,-1.049906087676003,-1.049906087676003,-1.049906087676003,0
2001-W38,2001-09-21,2001-09-28,11.37762729486771,5.83954523304442,1.0589776123354562,-4.512437782821183,-1.3842180330905949,-4.512437782821183,4.0
2001-W39,2001-09-28,2001-10-05,3.2829819117039527,5.192973433540593,0.9417424792818134,0.9084091459484802,0.9084091459484802,0.9084091459484802,0
2001-W40,2001-10-05,2001-10-12,-0.03162284587179265,7.212033445515854,1.3078105346831563,1.274477201349823,1.274477201349823,1.274477201349823,0
2001-W41,2001-10-12,2001-10-19,-4.36328958438067,7.483705134454495,1.3570604845974963,1.323727151264163,1.323727151264163,1.323727151264163,0
2001-W42,2001-10-19,2001-10-26,5.891612318444461,5.312538499998933,0.9634222762888349,0.35101512450996636,0.35101512450996636,0.35101512450996636,0
2001-W43,2001-10-26,2001-11-02,-2.1017407367848184,5.213058459888053,0.945384354879919,0.9120510215465857,0.9120510215465857,0.9120510215465857,0
2001-W44,2001-11-02,2001-11-09,4.154603914951549,4.977565939732621,0.902683788366645,0.8693504550333118,0.8693504550333118,0.8693504550333118,0
2001-W45,2001-11-09,2001-11-16,6.3917818619365185,4.243364176606106,0.7695500469132353,-1.4122009717504969,-1.055399949058035,-0.9599496933849196,4.0
2001-W46,2001-11-16,2001-11-23,0.30999456925506763,4.159283710472011,0.7543031821351199,0.7209698488017866,0.7209698488017866,0.7209698488017866,0
2001-W47,2001-11-23,2001-11-30,-0.3807541027127881,3.064526706794769,0.5557764525582546,0.5224431192249213,0.5224431192249213,0.5224431192249213,0
2001-W48,2001-11-30,2001-12-07,4.902184874880855,2.921753473579278,0.5298846191656913,-1.4838801154692212,-0.6698137297387868,-0.7184050728023772,3.0000000000000004
2001-W49,2001-12-07,2001-12-14,-3.0938453066617244,2.890242518702656,0.5241701038921319,0.28723398259974237,0.28723398259974237,0.28723398259974237,0
2001-W50,2001-12-14,2001-12-21,-2.686270520198919,2.9435402475871433,0.533835648116426,0.5005023147830927,0.5005023147830927,0.5005023147830927,0
2001-W51,2001-12-21,2001-12-28,2.4510467189700957,2.210724907253615,0.4009375941807914,0.12728244913099496,0.12728244913099496,0.12728244913099496,0
2001-W52,2001-12-28,2002-01-04,2.366779691828458,3.1267395291087534,0.5670586503931448,0.5337253170598115,0.5337253170598115,0.5337253170598115,0
2002-W01,2002-01-04,2002-01-11,-4.577709325259227,3.2477438567573964,0.5890024926730781,-0.7742963091620833,-0.318590489994232,-0.7742963091620833,3.0000000000000004
2002-W02,2002-01-11,2002-01-18,-1.7328678979452894,3.5044238940589967,0.6355503264845509,0.6022169931512177,0.6022169931512177,0.6022169931512177,0
2002-W03,2002-01-18,2002-01-25,-1.8226622598822684,3.292909216569849,0.597193085823575,0.5638597524902417,0.5638597524902417,0.5638597524902417,0
2002-W04,2002-01-25,2002-02-01,-0.7584727060508722,2.7594735939367494,0.5004550547546953,0.467121721421362,0.467121721421362,0.467121721421362,0
2002-W05,2002-02-01,2002-02-08,-1.6112219396702931,3.0749290115238215,0.5576628966770051,0.5243295633436719,0.5243295633436719,0.5243295633436719,0
2002-W07,2002-02-15,2002-02-22,-2.7088369540573143,2.888015701833094,0.5237662700758672,0.4904329367425338,0.4904329367425338,0.4904329367425338,0
2002-W08,2002-02-22,2002-03-01,-2.24690293354054,2.946118159756538,0.5343031519180291,0.5009698185846958,0.5009698185846958,0.5009698185846958,0
2002-W09,2002-03-01,2002-03-08,7.749610627756942,3.104970996946514,0.5631109652251087,-4.114861998918663,-2.221477124443731,-1.7418809058249984,4.0
2002-W10,2002-03-08,2002-03-15,-0.20457577910405478,3.321347359470219,0.6023502416935089,0.5690169083601757,0.5690169083601757,0.5690169083601757,0
2002-W11,2002-03-15,2002-03-22,-3.09698434468455,2.7989268442915143,0.5076099482825707,0.17621911455620592,-0.005973884038829883,0.17621911455620592,3.0000000000000004
2002-W12,2002-03-22,2002-03-28,1.5635506766402463,2.642504625111043,0.4792425201400327,0.44590918680669944,0.44590918680669944,0.44590918680669944,0
2002-W13,2002-03-28,2002-04-04,-1.8268038390080843,2.2272490793583826,0.4039343408909139,0.3706010075575806,0.3706010075575806,0.3706010075575806,0
2002-W14,2002-04-04,2002-04-12,-1.1161067079193399,2.5354572220335045,0.4598291854953628,0.42649585216202945,0.42649585216202945,0.42649585216202945,0
2002-W15,2002-04-12,2002-04-19,5.057655633008418,2.0185805121376155,0.3660910555026976,-2.7063173987014357,-1.5042782945529365,-1.1975185185158113,4.0
2002-W16,2002-04-19,2002-04-26,1.1811079658871737,2.5380061243494385,0.46029143680536183,0.42695810347202856,0.42695810347202856,0.42695810347202856,0
2002-W17,2002-04-26,2002-05-03,3.6199978007126488,2.117183160531391,0.3839732662756922,-1.1521747072388966,-1.0369515739269155,-1.0018957905989203,4.0
2002-W18,2002-05-03,2002-05-10,-1.2826694716619569,2.3540928855807115,0.4269380802895039,0.3936047469561706,0.3936047469561706,0.3936047469561706,0
2002-W19,2002-05-10,2002-05-17,2.822537973981931,2.223599403580545,0.4032724528852479,-0.22899945084946063,-0.22899945084946063,-0.22899945084946063,0
2002-W20,2002-05-17,2002-05-24,-2.9047298234602947,1.7594761021835463,0.3191005694033639,-0.8594864852067208,-0.22934647002893685,-0.8764413035923987,3.0000000000000004
2002-W21,2002-05-24,2002-05-31,-2.7938933746957217,2.1705532507381466,0.3936522426439255,-0.2630212146469781,-0.2630212146469781,-0.2630212146469781,0
2002-W22,2002-05-31,2002-06-07,-0.1524558447037916,2.2150937467232676,0.40172990668606706,0.36839657335273374,0.36839657335273374,0.36839657335273374,0
2002-W23,2002-06-07,2002-06-14,-2.917136823427513,1.8650239725700235,0.33824249558635233,-0.7472036886044675,-0.7472036886044675,-0.7472036886044675,0
2002-W24,2002-06-14,2002-06-21,-3.3194151920425408,1.666925751825421,0.30231579630090244,-1.383506977249543,-0.7951987382875183,-0.6418716785470125,4.0
2002-W25,2002-06-21,2002-06-28,0.06315654571495966,1.556164371690683,0.2822282463103508,0.2488949129770175,-1.1366474997551579,-0.4225043524670661,7.0
2002-W26,2002-06-28,2002-07-05,1.958856215127458,1.9495086387326788,0.3535644016786524,0.31088349195054465,0.31088349195054465,0.31088349195054465,0
2002-W27,2002-07-05,2002-07-12,-1.4608366827803976,2.476808115925635,0.4491929755114196,0.41585964217808635,0.41585964217808635,0.41585964217808635,0
2002-W28,2002-07-12,2002-07-19,-3.0318440471396424,2.6693620697034737,0.4841131760624784,0.0882978652929723,0.13897997047701774,0.0882978652929723,3.0000000000000004
2002-W29,2002-07-19,2002-07-26,-5.3493001361641035,2.684664905625575,0.48688837605442303,-2.2110801878174393,-1.0592199703171026,-1.1296740647737753,3.0000000000000004
2002-W30,2002-07-26,2002-08-02,2.2367432995176184,3.214169543770925,0.5829138860188887,0.5495805526855554,-0.45812890842804027,-1.2933885496326567,3.0000000000000004
2002-W31,2002-08-02,2002-08-09,0.2235835708102485,3.310136531068059,0.6003171988561781,0.5669838655228447,0.5669838655228447,0.5669838655228447,0
2002-W32,2002-08-09,2002-08-16,2.506280964156149,3.7079076781278792,0.6724507656300398,0.6391174322967065,0.6391174322967065,0.6391174322967065,0
2002-W33,2002-08-16,2002-08-23,-0.18850008671537077,3.94916318076994,0.7162002703690298,0.6828669370356965,0.6828669370356965,0.6828669370356965,0
2002-W34,2002-08-23,2002-08-30,-1.9698068557216342,3.194041819554145,0.579263775058051,0.5459304417247177,0.5459304417247177,0.5459304417247177,0
2002-W35,2002-08-30,2002-09-06,-3.215989074492831,2.9659069635419644,0.5378918451759895,0.25447640089179513,0.2816104434850163,0.25447640089179513,3.0000000000000004
2002-W36,2002-09-06,2002-09-13,-0.7189757127697649,2.391184905203434,0.4336648769533583,0.400331543620025,0.400331543620025,0.400331543620025,0
2002-W37,2002-09-13,2002-09-20,-3.344223525141632,1.8689045858772444,0.3389462737967363,-1.1697059988009846,-0.5544281788755865,-1.1697059988009846,3.0000000000000004
2002-W38,2002-09-20,2002-09-27,-0.3619100601679359,2.577209249105811,0.46740103841431835,0.434067705080985,0.434067705080985,0.434067705080985,0
2002-W39,2002-09-27,2002-10-04,-2.6154273058537125,2.4663948143097367,0.4473044860551289,0.2649386611778056,-0.3171776422484942,0.2649386611778056,4.0
2002-W40,2002-10-04,2002-10-11,-0.9461512161001995,2.9391347836097323,0.5330367180649237,0.49970338473159037,0.49970338473159037,0.49970338473159037,0
2002-W41,2002-10-11,2002-10-18,7.220157309059183,2.5753464822023306,0.4670632204394262,-4.211080939750779,-1.7472968064166907,-1.1251007730831686,4.0
2002-W42,2002-10-18,2002-10-25,1.1387592413649061,3.456203783989357,0.6268058648244026,0.5934725314910693,0.5934725314910693,0.5934725314910693,0
2002-W43,2002-10-25,2002-11-01,-3.238457751754964,3.326987109857031,0.6033729893894685,0.5700396560561352,0.5700396560561352,0.5700396560561352,0
2002-W44,2002-11-01,2002-11-08,3.858549738702499,3.3867447282961733,0.6142097913386615,0.10907144759898259,0.08426983002922783,-0.674333151203691,3.0000000000000004
2002-W45,2002-11-08,2002-11-15,0.9719968944074564,3.5828895759642236,0.6497796110843072,0.6164462777509738,0.6164462777509738,0.6164462777509738,0
2002-W46,2002-11-15,2002-11-22,2.023890103228676,3.087464665499413,0.5599362195368714,0.5266028862035381,0.5266028862035381,0.5266028862035381,0
2002-W47,2002-11-22,2002-11-29,0.04520278089759078,2.854195041621646,0.5176328793966337,0.4842995460633004,0.4842995460633004,0.4842995460633004,0
2002-W48,2002-11-29,2002-12-06,-0.9545318466763542,2.568913707914,0.46589661867182836,0.4325632853384951,0.4325632853384951,0.4325632853384951,0
2002-W49,2002-12-06,2002-12-13,-2.45965973179596,2.4009391287268924,0.4354338455622794,0.34337990915988276,0.34337990915988276,0.34337990915988276,0
2002-W50,2002-12-13,2002-12-20,-1.0252349147432782,2.1614505108391375,0.3920014090901634,0.35866807575683,0.35866807575683,0.35866807575683,0
2002-W51,2002-12-20,2002-12-27,-1.9050426992329172,1.7417284086809643,0.3158818814976002,0.11923425761232655,0.11923425761232655,0.11923425761232655,0
2002-W52,2002-12-27,2003-01-03,1.4672952061560274,1.9779565159099666,0.3587236210126301,0.3253902876792968,0.3253902876792968,0.3253902876792968,0
2003-W01,2003-01-03,2003-01-10,1.436274526786696,1.9579373367355477,0.35509300486514295,0.3217596715318096,0.3217596715318096,0.3217596715318096,0
2003-W02,2003-01-10,2003-01-17,-1.0997290155840167,2.15918941465634,0.39159134637935367,0.3582580130460203,0.3582580130460203,0.3582580130460203,0
2003-W03,2003-01-17,2003-01-24,-1.6016308222976505,2.2928398897911904,0.41582956611761446,0.3824962327842811,0.3824962327842811,0.3824962327842811,0
2003-W04,2003-01-24,2003-01-30,-2.1314654714134074,1.9472195355490285,0.35314925677492487,0.13556998757721558,0.016646592656216118,0.13556998757721558,3.0000000000000004
2003-W05,2003-01-30,2003-02-07,-1.166438934455838,1.966583331816012,0.35666101596274213,0.32332768262940875,0.32332768262940875,0.32332768262940875,0
2003-W06,2003-02-07,2003-02-14,0.5552381908769055,1.7444664097217435,0.31637844026077067,0.2830451069274373,-0.6520353089126615,0.2830451069274373,6.000000000000001
2003-W07,2003-02-14,2003-02-21,0.5335999546622006,1.9306173871967842,0.35013833992203863,0.31680500658870525,-0.5529923973024917,0.31680500658870525,3.0000000000000004
2003-W08,2003-02-21,2003-02-28,-1.3858191610345405,2.036038408187204,0.36925715914252694,0.3359238258091936,0.3359238258091936,0.3359238258091936,0
2003-W09,2003-02-28,2003-03-07,-2.3629132641460715,1.9385798305579804,0.3515823854570677,-0.10608438146435448,-0.10608438146435448,-0.10608438146435448,0
2003-W10,2003-03-07,2003-03-14,0.5509123581412645,2.2472752631983064,0.40756619367794106,0.3742328603446077,0.3742328603446077,0.3742328603446077,0
2003-W11,2003-03-14,2003-03-21,2.4901326097864995,1.9896556902128641,0.36084534583188865,-0.1729649070750991,-0.038705560777297636,-0.1729649070750991,3.0000000000000004
2003-W12,2003-03-21,2003-03-28,-3.440718226125228,2.6639971322054428,0.48314023344631474,-0.32691419380679865,-0.25382485896941226,-0.32691419380679865,4.0
2003-W13,2003-03-28,2003-04-04,-0.46156485381740886,2.7185801174577624,0.49303896110354023,0.4597056277702069,-1.0709633144472548,0.4597056277702069,3.0000000000000004
2003-W14,2003-04-04,2003-04-11,-2.003976228524773,2.821809943575316,0.5117598194566783,0.478426486123345,0.478426486123345,0.478426486123345,0
2003-W15,2003-04-11,2003-04-17,-0.7692971515436464,2.9874878932621947,0.5418055359875662,0.5084722026542329,0.5084722026542329,0.5084722026542329,0
2003-W16,2003-04-17,2003-04-25,-1.983064617015362,2.4768137541993553,0.44919399803228943,0.4158606646989561,0.4158606646989561,0.4158606646989561,0
2003-W17,2003-04-25,2003-05-02,4.746931362914553,2.492657498253846,0.4520673160989905,-1.8355398818950406,-1.2320500575738893,-1.0749276014936016,4.0
2003-W18,2003-05-02,2003-05-09,3.13322932253135,2.698702091615517,0.4894340462553549,0.02157348200619577,0.02157348200619577,0.02157348200619577,0
2003-W19,2003-05-09,2003-05-16,0.09928855386587276,2.8593534408561507,0.5185683578523246,0.48523502451899125,0.48523502451899125,0.48523502451899125,0
2003-W20,2003-05-16,2003-05-23,2.3154802663740925,2.578095758112519,0.4675618092866738,0.4342284759533405,0.4342284759533405,0.4342284759533405,0
2003-W21,2003-05-23,2003-05-30,1.973933087156321,2.358517287973324,0.4277404651257398,0.3944071317924065,0.3944071317924065,0.3944071317924065,0
2003-W22,2003-05-30,2003-06-06,2.1844808847114594,1.73036689529286,0.31382137820080713,-0.17362594455112457,0.023793845456715867,-0.17362594455112457,3.0000000000000004
2003-W23,2003-06-06,2003-06-13,1.660813951344875,1.94251579302619,0.35229620001071615,0.3189628666773828,0.3189628666773828,0.3189628666773828,0
2003-W24,2003-06-13,2003-06-20,0.7576364856931139,1.7589160148741585,0.31899899306035207,0.28566565972701874,-0.32724143475459705,0.28566565972701874,3.0000000000000004
2003-W25,2003-06-20,2003-06-27,-2.750162091536945,1.89646104998998,0.3439438419836904,-0.5430905328966167,-0.08111439870577074,-0.8236492744467379,3.0000000000000004
2003-W26,2003-06-27,2003-07-04,-0.21124518062171083,1.7240442401696496,0.31267471273847824,0.2793413794051449,0.2793413794051449,0.2793413794051449,0
2003-W27,2003-07-04,2003-07-11,2.8504291558662853,1.8376385311983026,0.333275938865644,-0.7128480191356886,-0.597681426031023,-0.5146536972945792,3.0000000000000004
2003-W28,2003-07-11,2003-07-18,2.313876242243862,2.2747838829207194,0.4125550208316767,0.34012932817521985,-0.065154716873461,0.34012932817521985,3.0000000000000004
2003-W29,2003-07-18,2003-07-25,-1.9883920024806878,2.3777061901410512,0.4312204553541359,0.39788712202080256,0.39788712202080256,0.39788712202080256,0
2003-W30,2003-07-25,2003-08-01,3.1129206373005536,2.1848819934556825,0.3962508403915804,-0.5651211367866316,-0.2670359849587357,-0.5651211367866316,3.0000000000000004
2003-W31,2003-08-01,2003-08-08,-2.9602081686846304,2.3442669159670233,0.4251560969881979,-0.22411848906273998,0.019894019648911413,-0.22411848906273998,3.0000000000000004
2003-W32,2003-08-08,2003-08-15,4.819801441588467,2.247703103735877,0.4076437847596036,-2.197787886426324,-0.7512553081815342,-0.9601094124028523,3.0000000000000004
2003-W33,2003-08-15,2003-08-22,3.2247971357453054,2.114789476849698,0.38353915739018374,-0.7598018348387631,-0.7598018348387631,-0.7598018348387631,0
2003-W34,2003-08-22,2003-08-29,1.377785328380421,2.070444650550725,0.3754969508284707,0.34216361749513735,0.34216361749513735,0.34216361749513735,0
2003-W35,2003-08-29,2003-09-05,2.3982065394386076,1.9478108725534748,0.3532564998875067,-0.13047250033096583,0.04172541246959666,-0.13047250033096583,3.0000000000000004
2003-W36,2003-09-05,2003-09-11,-2.570054914433062,1.370444737388499,0.24854623233294482,-0.9843972780449505,-1.6460274106736001,-1.6397774106736005,5.0
2003-W37,2003-09-11,2003-09-19,0.780082126753423,2.027603735372856,0.36772747628627317,0.33439414295293984,-0.6155381043597797,0.33439414295293984,3.0000000000000004
2003-W38,2003-09-19,2003-09-26,2.9332435395580836,2.067164657481866,0.3749021034598117,-0.524510111949741,-0.5713703459916841,-0.5768354045021699,4.0
2003-W39,2003-09-26,2003-10-03,2.8216571517243105,2.248054115072058,0.40770744246957863,-0.1992289275160077,0.12969835600528623,-0.1992289275160077,3.0000000000000004
2003-W40,2003-10-03,2003-10-10,2.8177986829505564,2.8839693723213706,0.5230324670621644,0.48969913372883106,0.48969913372883106,0.48969913372883106,0
2003-W41,2003-10-10,2003-10-17,0.9103694970418852,2.776883684590488,0.5036123968257745,0.4702790634924412,0.4702790634924412,0.4702790634924412,0
2003-W42,2003-10-17,2003-10-24,-2.55818312931273,2.6415615489527005,0.4790714911270129,0.44573815779367965,0.44573815779367965,0.44573815779367965,0
2003-W43,2003-10-24,2003-10-31,3.866012128596985,3.0465565566041644,0.5525175874316666,-0.30027131789446776,0.0006206275537221201,-0.30027131789446776,3.0000000000000004
2003-W44,2003-10-31,2003-11-07,0.2056612603946073,2.9463544866674005,0.5343460097481395,0.5010126764148062,0.5010126764148062,0.5010126764148062,0
2003-W45,2003-11-07,2003-11-14,-0.09528846927177037,3.2578503486744266,0.5908352742750699,0.5575019409417366,0.5575019409417366,0.5575019409417366,0
2003-W46,2003-11-14,2003-11-21,-2.980534817385627,3.336157553263956,0.6050360144289941,0.5717026810956608,0.5717026810956608,0.5717026810956608,0
2003-W47,2003-11-21,2003-11-28,4.034442556080098,2.721776832953761,0.49361869076882625,-0.8523803656908352,-0.8523803656908352,-0.8523803656908352,0
2003-W48,2003-11-28,2003-12-05,-0.022238802881668907,2.408387262973531,0.436784594926959,0.40345126159362565,0.40345126159362565,0.40345126159362565,0
2003-W49,2003-12-05,2003-12-12,2.271178032152177,2.2375532118593946,0.40580304934311684,0.33884489571699483,0.33884489571699483,0.33884489571699483,0
2003-W50,2003-12-12,2003-12-19,-1.7680045866046545,2.1825614559169457,0.3958299980017177,0.36249666466838437,-0.17205946645708473,-0.6412720730783854,3.0000000000000004
2003-W51,2003-12-19,2003-12-24,0.6866465561662594,1.7079982749238145,0.309764644165512,0.2764313108321787,0.2764313108321787,0.2764313108321787,0
2003-W52,2003-12-24,2004-01-02,2.7678299070506895,1.9977543984902775,0.36231410117860235,-0.4410947407151351,-0.4410947407151351,-0.4410947407151351,0
2004-W01,2004-01-02,2004-01-09,4.56446687837313,1.9434074397842627,0.35245790642657443,-2.301934865495626,-0.881349018643806,-0.5199525569308509,4.0
2004-W02,2004-01-09,2004-01-16,-1.6288906321917818,2.0638787511235575,0.3743061836126171,0.3409728502792837,0.3409728502792837,0.3409728502792837,0
2004-W03,2004-01-16,2004-01-21,4.426115929161134,1.5592951506654391,0.28279604140036124,-2.6173580704286725,-1.255490836886105,-1.2492408368861052,5.0
2004-W04,2004-01-21,2004-01-30,-3.3541127597315867,1.8658221524010046,0.3383872514677107,-1.1832366891962007,-0.5655867681417337,-0.8585983962378212,3.0000000000000004
2004-W05,2004-01-30,2004-02-06,0.1522231077102587,2.413605780136042,0.4377309939511997,0.4043976606178664,0.4043976606178664,0.4043976606178664,0
2004-W06,2004-02-06,2004-02-13,3.2322549733913464,2.5086769052310696,0.45497248936102047,-0.30193891213260643,-0.30193891213260643,-0.30193891213260643,0
2004-W07,2004-02-13,2004-02-20,0.9357509885707049,2.8059576941025623,0.508884999847764,0.4755516665144307,0.4755516665144307,0.4755516665144307,0
2004-W08,2004-02-20,2004-02-27,0.2787649588475327,2.556659221162179,0.4636742320516147,0.43034089871828135,0.43034089871828135,0.43034089871828135,0
2004-W09,2004-02-27,2004-03-05,-3.252099829510968,2.2170532571389807,0.40208527438477554,-0.6662946313205481,-0.6751483476745251,-0.6711117767630194,4.0
2004-W10,2004-03-05,2004-03-12,-3.8836018329363897,2.3905558186181004,0.4335507894870091,-1.0928285581646073,-0.551826381019176,-1.0928285581646073,4.0
2004-W11,2004-03-12,2004-03-19,-1.0953283810344216,2.2064366079290743,0.4001598879415539,0.36682655460822056,0.36682655460822056,0.36682655460822056,0
2004-W12,2004-03-19,2004-03-26,-2.4028608700525256,2.087439168405978,0.3785790124457382,0.029823977465861136,0.19949719832068638,0.029823977465861136,3.0000000000000004
2004-W13,2004-03-26,2004-04-02,1.9908255115178575,2.257983447437861,0.40950817758869906,0.3761748442553657,0.3761748442553657,0.3761748442553657,0
2004-W14,2004-04-02,2004-04-08,1.3950180873035123,1.5877722327075436,0.2879606157473169,0.2546272824139835,0.2546272824139835,0.2546272824139835,0
2004-W15,2004-04-08,2004-04-16,-3.493510762190888,1.8532259601178978,0.33610283738765506,-1.3375152980186726,-1.182023225222258,-1.1757732252222581,5.0
2004-W16,2004-04-16,2004-04-23,-0.5975050835277274,2.4600118754815647,0.44614691689915914,0.41281358356582587,0.41281358356582587,0.41281358356582587,0
2004-W17,2004-04-23,2004-04-30,-3.5609059269443466,2.3033384691339625,0.41773353388515216,-0.8731672572585644,-0.4736425905385376,-0.8731672572585644,4.0
2004-W18,2004-04-30,2004-05-07,-0.26961653909767236,2.649916952591024,0.480586762397715,0.44725342906438165,0.44725342906438165,0.44725342906438165,0
2004-W19,2004-05-07,2004-05-14,-5.322073709285635,2.4956228103751372,0.45260508555561957,-2.407179146688205,-1.3599148409191792,-0.6554886370731622,3.0000000000000004
2004-W20,2004-05-14,2004-05-21,2.6527721789252334,2.622216744638732,0.4755632651960202,0.4116744975761957,-2.0776944759596465,0.4116744975761957,7.0
2004-W21,2004-05-21,2004-05-28,4.672252032549129,3.208800881248466,0.581940293268514,-0.9148441913654879,-0.2293943932242283,-0.9148441913654879,3.0000000000000004
2004-W22,2004-05-28,2004-06-04,-0.777679944066878,3.7999894131551977,0.6891490328848814,0.6558156995515481,0.6558156995515481,0.6558156995515481,0
2004-W23,2004-06-04,2004-06-11,3.1087183091990322,3.9030355914118733,0.7078354998146167,0.6745021664812834,0.6745021664812834,0.6745021664812834,0
2004-W24,2004-06-11,2004-06-18,-4.362881928434459,3.560730782280715,0.6457612521890733,-0.18972322729800664,-0.18972322729800664,-0.18972322729800664,0
2004-W25,2004-06-18,2004-06-25,2.7832511524015224,2.6882944454246522,0.48754660010507506,0.35925655979486953,0.35925655979486953,0.35925655979486953,0
2004-W26,2004-06-25,2004-07-02,0.2840285264304132,2.8720130581326475,0.5208641852508705,0.4875308519175372,0.4875308519175372,0.4875308519175372,0
2004-W27,2004-07-02,2004-07-09,-0.14623508390556594,2.9880525357342207,0.5419079335624104,0.5085746002290771,0.5085746002290771,0.5085746002290771,0
2004-W28,2004-07-09,2004-07-16,-1.172402268598749,2.5394664063420924,0.4605562634343561,0.4272229301010228,0.4272229301010228,0.4272229301010228,0
2004-W29,2004-07-16,2004-07-23,2.436231543586942,2.297636375156495,0.41669943185984976,0.2447709300960889,0.031454210055041384,0.2447709300960889,3.0000000000000004
2004-W30,2004-07-23,2004-07-30,-0.9306245593686091,2.3870022039752254,0.43290632665214335,0.3995729933188101,0.3995729933188101,0.3995729933188101,0
2004-W31,2004-07-30,2004-08-06,1.9664064288583027,1.9600775744744974,0.35548115184488793,0.31581896412774285,0.2471554082081872,0.31581896412774285,3.0000000000000004
2004-W32,2004-08-06,2004-08-13,-0.952421348662813,2.0638138043965384,0.374294405113288,0.34096107177995466,0.34096107177995466,0.34096107177995466,0
2004-W33,2004-08-13,2004-08-20,0.13811122314870694,1.914408175198406,0.34719868332453235,0.313865349991199,0.313865349991199,0.313865349991199,0
2004-W34,2004-08-20,2004-08-27,3.5672867787191143,1.6989961155298345,0.3081320274949289,-1.5934919690276776,-0.763771477674787,-1.3883545950795797,3.0000000000000004
2004-W35,2004-08-27,2004-09-03,1.0116667131391033,1.8403748516978882,0.3337721914496862,0.30043885811635285,0.30043885811635285,0.30043885811635285,0
2004-W36,2004-09-03,2004-09-10,0.4316511819196345,1.6379826461251827,0.2970667153592623,0.263733382025929,0.263733382025929,0.263733382025929,0
2004-W37,2004-09-10,2004-09-17,1.6990127579530556,1.7802589990961657,0.3228697139224584,0.289536380589125,0.289536380589125,0.289536380589125,0
2004-W38,2004-09-17,2004-09-24,-1.1953926976218554,1.6106334323910565,0.29210669666539996,0.2587733633320666,0.2587733633320666,0.2587733633320666,0
2004-W39,2004-09-24,2004-09-30,0.4070642199915042,1.0614468556957328,0.19250623801541678,0.15917290468208345,0.15917290468208345,0.15917290468208345,0
2004-W40,2004-09-30,2004-10-08,0.9255290191352961,1.6660102298870068,0.30214975859315324,0.26881642525981986,-0.27360629091969196,0.26881642525981986,3.0000000000000004
2004-W41,2004-10-08,2004-10-15,-1.3746994211702668,1.8011913076466923,0.3266659531226142,0.2933326197892808,0.2933326197892808,0.2933326197892808,0
2004-W42,2004-10-15,2004-10-21,-0.33867858892669966,1.6005458236394272,0.2902772198350775,0.2569438865017441,0.2569438865017441,0.2569438865017441,0
2004-W43,2004-10-21,2004-10-29,0.3031836648329955,1.865301839979443,0.33829288891942133,0.304959555586088,0.304959555586088,0.304959555586088,0
2004-W44,2004-10-29,2004-11-05,3.3726656519029286,2.1174298953896193,0.38401801311932443,-0.9045510767273252,-0.4611951133096879,-0.9045510767273252,3.0000000000000004
2004-W45,2004-11-05,2004-11-12,2.145319259685463,1.9841880578087352,0.3598537536136637,0.16538921840359855,0.16538921840359855,0.16538921840359855,0
2004-W46,2004-11-12,2004-11-19,0.023357654718614285,2.0399399104180858,0.369964721839938,0.3366313885066047,0.3366313885066047,0.3366313885066047,0
2004-W47,2004-11-19,2004-11-26,0.778597910385348,2.0434289858712864,0.3705974881919638,0.3372641548586305,0.3372641548586305,0.3372641548586305,0
2004-W48,2004-11-26,2004-12-03,2.2800207273972584,1.7630005038071253,0.31973974797624705,-0.23061380894722436,-0.022604475872948344,-0.5900962593596392,3.0000000000000004
2004-W49,2004-12-03,2004-12-10,-2.1814928738719486,1.6775000265322373,0.3042335308555081,-0.23309264981752545,-0.23309264981752545,-0.23309264981752545,0
2004-W50,2004-12-10,2004-12-17,0.6519356988499148,1.7967812328769566,0.32586615148553316,0.2925328181521998,0.2925328181521998,0.2925328181521998,0
2004-W51,2004-12-17,2004-12-24,1.4469238726072753,1.6169359849503173,0.29324971991942866,0.2599163865860953,0.08293249962188001,0.2599163865860953,3.0000000000000004
2004-W52,2004-12-24,2004-12-31,0.24825294185066848,1.4458367976092694,0.26221931429739676,0.2288859809640634,0.2288859809640634,0.2288859809640634,0
2004-W53,2004-12-31,2005-01-07,-4.604869053038074,1.531827538375462,0.27781453987971044,-2.828560308116233,-1.5031297717217253,-1.4968797717217253,5.0
2005-W01,2005-01-07,2005-01-14,-0.5899145630310909,1.7737275074988763,0.3216851759459612,0.2883518426126278,0.2883518426126278,0.2883518426126278,0
2005-W02,2005-01-14,2005-01-21,-0.10197085027450203,1.6945348700599174,0.30732294327678283,0.2739896099434495,0.2739896099434495,0.2739896099434495,0
2005-W03,2005-01-21,2005-01-28,1.253911387567186,1.6510997403497332,0.2994456136295705,0.2661122802962372,0.2661122802962372,0.2661122802962372,0
2005-W04,2005-01-28,2005-02-04,-0.4753799652173596,1.800106673295639,0.32646924618853446,0.29313591285520113,0.29313591285520113,0.29313591285520113,0
2005-W06,2005-02-08,2005-02-18,1.7495790110329867,1.588285743646144,0.288053745528631,0.0934271448084347,0.0934271448084347,0.0934271448084347,0
2005-W07,2005-02-18,2005-02-25,0.4913427366004086,1.6103357049639475,0.29205270117720045,0.25871936784386707,0.25871936784386707,0.25871936784386707,0
2005-W08,2005-02-25,2005-03-04,-3.011279684014334,1.5540659406732997,0.2818476768362018,-1.2086993998381634,-0.5355939342407858,-0.3610675678414417,4.0
2005-W09,2005-03-04,2005-03-11,1.1663533380714908,1.7463739492346582,0.31672438804680164,0.28339105471346826,0.28339105471346826,0.28339105471346826,0
2005-W10,2005-03-11,2005-03-18,-0.4503627310762037,1.6599952149076047,0.30105888424926147,0.2677255509159281,0.2677255509159281,0.2677255509159281,0
2005-W11,2005-03-18,2005-03-24,-1.6724350437008484,1.3867945972892772,0.2515114401532075,-0.06746233959169931,-0.042962840342003795,-0.06746233959169931,3.0000000000000004
2005-W12,2005-03-24,2005-04-01,-0.7777393932385968,1.3736927789897933,0.24913529669457965,0.2158019633612463,0.2158019633612463,0.2158019633612463,0
2005-W13,2005-04-01,2005-04-08,1.29987082289853,1.367790464450158,0.24806485373933584,0.2147315204060025,0.2147315204060025,0.2147315204060025,0
2005-W14,2005-04-08,2005-04-15,-0.20465574126129482,1.2615848024236178,0.2288033857506256,0.19547005241729223,0.19547005241729223,0.19547005241729223,0
2005-W15,2005-04-15,2005-04-22,0.4017949202639537,1.2707690249730297,0.23046903886891223,0.19713570553557888,-1.232813199239419,-0.6108747122555815,8.0
2005-W16,2005-04-22,2005-04-29,1.5731488543698102,1.7818455515947655,0.3231574478092138,0.28982411447588047,0.28982411447588047,0.28982411447588047,0
2005-W17,2005-04-29,2005-05-06,0.8986304293717939,1.4136802814409326,0.25638742086413824,0.22305408753080488,0.22305408753080488,0.22305408753080488,0
2005-W18,2005-05-06,2005-05-13,-1.1910422367617635,1.5939955287448202,0.2890892658154703,0.25575593248213696,0.25575593248213696,0.25575593248213696,0
2005-W19,2005-05-13,2005-05-20,-1.0773180931057724,1.422635515509968,0.2580115391207323,0.22467820578739894,-0.17026555421155318,0.22467820578739894,3.0000000000000004
2005-W20,2005-05-20,2005-05-27,-0.019243038796901146,1.3247590840254964,0.24026068423258395,0.2069273508992506,0.2069273508992506,0.2069273508992506,0
2005-W21,2005-05-27,2005-06-03,0.7558992547316734,1.2603280530165888,0.22857546130904619,0.19524212797571286,0.19524212797571286,0.19524212797571286,0
2005-W22,2005-06-03,2005-06-10,0.8416976482062744,1.4528744992526357,0.2634956685758659,0.2301623352425326,0.2301623352425326,0.2301623352425326,0
2005-W23,2005-06-10,2005-06-17,-0.16311362786153305,1.354434024262293,0.24564253105540715,0.2123091977220738,0.2123091977220738,0.2123091977220738,0
2005-W24,2005-06-17,2005-06-24,2.287658662105274,1.0794569648715346,0.19577256863997583,-1.0457624619270962,-0.6524280336603062,-0.5478444265936087,4.0
2005-W25,2005-06-24,2005-06-30,-0.20541021068272158,0.9440067322337252,0.1712071604907653,0.13787382715743196,0.13787382715743196,0.13787382715743196,0
2005-W26,2005-06-30,2005-07-08,-1.6660013471430979,0.9752735635989879,0.1768777534269962,-0.5471833634504474,-0.2706450789536301,-0.5471833634504474,3.0000000000000004
2005-W27,2005-07-08,2005-07-15,3.865669968643215,1.1105938213478506,0.2014195762336974,-2.5869899043949864,-1.099599267551356,-1.176336737950039,3.0000000000000004
2005-W28,2005-07-15,2005-07-22,1.9454238788321865,1.5147733177907177,0.2747215999985925,-0.1892622943762202,-0.1892622943762202,-0.1892622943762202,0
2005-W29,2005-07-22,2005-07-29,0.6392368968786366,1.3435162846430473,0.24366249033209988,0.21032915699876653,0.21032915699876653,0.21032915699876653,0
2005-W30,2005-07-29,2005-08-05,1.1446815894134987,1.3731410363701424,0.24903523273480282,0.2157018994014695,-0.13383082293364215,0.2157018994014695,3.0000000000000004
2005-W31,2005-08-05,2005-08-12,2.6551151295385766,1.2193186482580947,0.22113798039251134,-1.2479918342212954,-0.6973460203418029,-0.5534345668719298,4.0
2005-W32,2005-08-12,2005-08-19,-2.6687021738966976,1.2665916460149564,0.2297114283158801,-1.205732432899192,-0.6438831929309534,-0.4971708829388938,4.0
2005-W33,2005-08-19,2005-08-26,-0.3705176330950688,1.712926581339612,0.31065843345421273,0.2773251001208794,0.2773251001208794,0.2773251001208794,0
2005-W34,2005-08-26,2005-09-02,1.595152908470654,2.0153867518685713,0.36551184598926967,0.3321785126559363,0.3321785126559363,0.3321785126559363,0
2005-W35,2005-09-02,2005-09-09,-0.36868035758793605,2.172753441507284,0.39405125964951937,0.36071792631618604,0.36071792631618604,0.36071792631618604,0
2005-W36,2005-09-09,2005-09-16,-1.2038250717268606,1.9069813603331889,0.34585177679786644,0.3125184434645331,0.3125184434645331,0.3125184434645331,0
2005-W37,2005-09-16,2005-09-23,1.0729986194824903,1.516572146544851,0.27504783421293383,0.2417145008796005,-0.15403703573722372,0.2417145008796005,3.0000000000000004
2005-W38,2005-09-23,2005-09-30,1.8789644315545528,1.530184860024215,0.27751662509798997,-0.10459627976569734,-0.1191643233802884,-0.10459627976569734,3.0000000000000004
2005-W39,2005-09-30,2005-10-07,-3.7640001103880993,1.606563097668567,0.2913685056174805,-1.8994018404353874,-0.6849912758761966,-1.954431322413897,3.0000000000000004
2005-W40,2005-10-07,2005-10-14,-2.437468170669599,1.6948902793347436,0.30738739972815693,-0.4685238249400231,-0.11206002260451392,-0.4685238249400231,3.0000000000000004
2005-W41,2005-10-14,2005-10-21,0.013597562443123934,2.15455127771048,0.3907501936430942,0.3574168603097609,0.3574168603097609,0.3574168603097609,0
2005-W42,2005-10-21,2005-10-28,-1.877570092072034,2.116611749567371,0.3838696374751036,0.3505363041417703,0.3505363041417703,0.3505363041417703,0
2005-W43,2005-10-28,2005-11-04,2.6024506406191916,2.0971184440144435,0.38033440853833644,-0.158331121399758,-0.1049746139507695,-0.158331121399758,3.0000000000000004
2005-W44,2005-11-04,2005-11-11,1.0613725406570351,2.1780876940514284,0.39501865630509186,0.36168532297175854,0.36168532297175854,0.36168532297175854,0
2005-W45,2005-11-11,2005-11-18,0.9682150448902416,1.8728407468927823,0.3396601259133875,0.30632679258005413,0.30632679258005413,0.30632679258005413,0
2005-W46,2005-11-18,2005-11-25,1.3313522110794063,1.7289881423430062,0.31357133004113,0.28023799670779664,0.28023799670779664,0.28023799670779664,0
2005-W47,2005-11-25,2005-12-02,0.7884520435071929,1.729934895853643,0.31374303155913535,0.280409698225802,0.280409698225802,0.280409698225802,0
2005-W48,2005-12-02,2005-12-09,-1.906992584542344,1.535159054416693,0.278418740824644,-0.12674812263433452,-0.29674194313982283,-0.33299039826619486,4.0
2005-W49,2005-12-09,2005-12-16,0.8001054730035984,1.6993813159582292,0.30820188681302596,0.27486855347969263,0.27486855347969263,0.27486855347969263,0
2005-W50,2005-12-16,2005-12-23,1.0231035003679168,1.594872968731394,0.28924839734365043,0.25591506401031705,0.25591506401031705,0.25591506401031705,0
2005-W51,2005-12-23,2005-12-30,-2.022911520501758,1.2078025614596066,0.21904941749365928,-0.6293928748818213,-0.6293928748818213,-0.6293928748818213,0
2005-W52,2005-12-30,2006-01-06,3.145988332003813,1.41061004537745,0.2558306038002543,-1.5128810161594208,-0.7414535404388624,-0.5423466715087228,4.0
2006-W01,2006-01-06,2006-01-13,2.8904885708108674,1.7789154465248085,0.3226260499905702,-0.8222804076288335,-0.2899801904383773,-0.375215493861906,3.0000000000000004
2006-W02,2006-01-13,2006-01-20,-0.7973770574546846,1.4496592781466124,0.2629125576064051,0.2295792242730717,-0.7273610914718146,0.2295792242730717,7.0
2006-W03,2006-01-20,2006-01-27,0.5814015115379378,1.6883547767527893,0.3062021314462499,0.2728687981129166,0.2728687981129166,0.2728687981129166,0
2006-W04,2006-01-27,2006-02-03,-2.052982369895884,1.3917322539295234,0.2524069325077829,-0.4421765167919117,-0.4421765167919117,-0.4421765167919117,0
2006-W05,2006-02-03,2006-02-10,-0.024499931772337114,1.7885216839451297,0.32436821724735354,0.2910348839140202,0.2910348839140202,0.2910348839140202,0
2006-W06,2006-02-10,2006-02-17,0.3224451897304581,1.822312894474967,0.330496517049417,0.2971631837160837,0.2971631837160837,0.2971631837160837,0
2006-W07,2006-02-17,2006-02-24,2.457786143552898,1.733225326225379,0.3143397780716927,-0.44355437258915864,-0.2235846036590946,-0.44355437258915864,4.0
2006-W08,2006-02-24,2006-03-03,-0.34087812130561,1.5893580580363924,0.28824821928781663,0.25491488595448325,0.25491488595448325,0.25491488595448325,0
2006-W09,2006-03-03,2006-03-10,-2.258892515583466,1.4851090035420325,0.26934170044015815,-0.5377751449346163,-0.35911770639835505,-0.5377751449346163,3.0000000000000004
2006-W10,2006-03-10,2006-03-17,2.308897388302822,1.3170440165317456,0.23886147910689007,-0.7863252259975264,-0.37022044114755653,-0.3161414576974713,4.0
2006-W11,2006-03-17,2006-03-24,-0.539185088592109,1.4151351197176867,0.2566512698706451,0.22331793653731177,0.22331793653731177,0.22331793653731177,0
2006-W12,2006-03-24,2006-03-31,0.5636134240481816,1.6618532753914457,0.3013958594077874,0.268062526074454,0.268062526074454,0.268062526074454,0
2006-W13,2006-03-31,2006-04-07,4.218523054447432,1.5415390473995472,0.2795758108398337,-2.430741529541383,-0.8855072971703921,-2.0470130647598572,3.0000000000000004
2006-W14,2006-04-07,2006-04-13,-0.25698546199578454,1.696635126677907,0.30770384241156845,0.27437050907823507,0.27437050907823507,0.27437050907823507,0
2006-W15,2006-04-13,2006-04-21,2.9380240654940604,1.7658043118212465,0.320248241057452,-0.8853048459486799,-0.5906482356768714,-0.3879604954956657,3.0000000000000004
2006-W16,2006-04-21,2006-04-28,-1.4832508201562233,2.0206867706068947,0.3664730393503922,0.3331397060170589,0.3331397060170589,0.3331397060170589,0
2006-W17,2006-04-28,2006-05-04,2.1164548367486047,1.4922501553792236,0.27063681516761523,-0.38690119953512425,-0.45456512438155333,-0.4652311055931606,4.0
2006-W18,2006-05-04,2006-05-12,-0.6587547978838981,1.9625643058929394,0.3559321378265553,0.3225988044932219,0.3225988044932219,0.3225988044932219,0
2006-W19,2006-05-12,2006-05-19,-3.48180389373528,1.8884294059662972,0.3424872444906014,-1.2842205766117243,-0.6437351951058865,-0.8123845037521872,3.0000000000000004
2006-W20,2006-05-19,2006-05-26,-2.563915301162578,2.586231709149507,0.4690372863397136,0.43570395300638026,0.10248138747298914,-0.756995777104292,3.0000000000000004
2006-W21,2006-05-26,2006-06-02,0.11079107394906806,2.5625050138825753,0.46473438361349356,0.43140105028016024,0.43140105028016024,0.43140105028016024,0
2006-W22,2006-06-02,2006-06-09,-1.7848595993216199,2.8843339555867855,0.5230985843472965,0.4897652510139632,-0.1873335823276041,0.4897652510139632,3.0000000000000004
2006-W23,2006-06-09,2006-06-16,1.3690204044932042,3.012943922663909,0.5464219689014843,0.5130886355681511,0.5130886355681511,0.5130886355681511,0
2006-W24,2006-06-16,2006-06-23,-0.21360580129020645,3.0646720954478095,0.5558028186037548,0.5224694852704215,0.5224694852704215,0.5224694852704215,0
2006-W25,2006-06-23,2006-06-30,2.9022460219686907,2.941921675036338,0.5335421203128539,0.5002087869795206,0.5002087869795206,0.5002087869795206,0
2006-W26,2006-06-30,2006-07-07,1.181237195749829,2.7540257524020637,0.49946708125804307,0.46613374792470974,0.46613374792470974,0.46613374792470974,0
2006-W27,2006-07-07,2006-07-14,-1.9688559007533413,2.5724727538454015,0.46654206173250384,0.4332087283991705,0.4332087283991705,0.4332087283991705,0
2006-W28,2006-07-14,2006-07-21,2.0356695017305304,2.264544880082947,0.4106981265359378,0.3773647932026044,0.3773647932026044,0.3773647932026044,0
2006-W29,2006-07-21,2006-07-28,2.9813776593599295,2.1540252106901816,0.39065478836311385,-0.4700309936399612,-0.28907806078145926,-0.4700309936399612,4.0
2006-W30,2006-07-28,2006-08-04,-0.3965681294047396,2.254481179835125,0.40887302355330374,0.37553969021997036,0.37553969021997036,0.37553969021997036,0
2006-W31,2006-08-04,2006-08-11,2.144438119509817,1.8799645155842915,0.3409520742036425,0.0431451369448081,-0.41960947836205287,-0.5290481321887681,4.0
2006-W32,2006-08-11,2006-08-18,0.46811732009175433,1.9502363442451924,0.35369637616652894,0.3203630428331956,0.3203630428331956,0.3203630428331956,0
2006-W33,2006-08-18,2006-08-25,-2.1652328925887754,1.5506796701690588,0.28123354596191236,-0.3666530097911216,-0.188881283645389,-0.7844674057138192,3.0000000000000004
2006-W34,2006-08-25,2006-09-01,2.761775747334183,1.8347648941514811,0.33275478283478405,-0.6275894036812333,-0.13942758053256354,-0.44209640099381364,3.0000000000000004
2006-W35,2006-09-01,2006-09-08,-1.5953018430222343,1.9712538756799267,0.35750805126296176,0.32417471792962843,0.32417471792962843,0.32417471792962843,0
2006-W36,2006-09-08,2006-09-15,0.5359379010093646,1.814177141327295,0.3290210352705914,0.2956877019372581,0.2956877019372581,0.2956877019372581,0
2006-W37,2006-09-15,2006-09-22,2.105855448822802,1.9031014751781903,0.3451481314724223,0.10906082449448701,0.038061592509223995,0.10906082449448701,3.0000000000000004
2006-W38,2006-09-22,2006-09-29,-0.32725841430087943,1.5573440493821717,0.28244219153712774,0.24910885820379436,-0.5168525489729868,0.24910885820379436,6.000000000000001
2006-W39,2006-09-29,2006-10-06,2.0540318114744993,1.5007656488241692,0.27218117931298574,-0.31441831667067266,-0.3389328101455418,-0.338811433514259,4.0
2006-W40,2006-10-06,2006-10-13,0.4773886231396407,1.7085450921526721,0.30986381401634255,0.2765304806830092,0.2765304806830092,0.2765304806830092,0
2006-W41,2006-10-13,2006-10-20,0.6931590472228022,1.619997801000413,0.2938050070791881,0.2604716737458547,0.2604716737458547,0.2604716737458547,0
2006-W42,2006-10-20,2006-10-27,1.0158140842847052,1.5455817138097454,0.28030898523046727,0.2469756518971339,0.2469756518971339,0.2469756518971339,0
2006-W43,2006-10-27,2006-11-03,2.4710338409789756,1.1511198396335636,0.20876940561938592,-1.1444779290593632,-0.959936512943861,-0.953686512943861,5.0
2006-W44,2006-11-03,2006-11-10,0.7544187450604589,1.4522991035347472,0.26339131508562935,0.230057981752296,0.230057981752296,0.230057981752296,0
2006-W45,2006-11-10,2006-11-17,1.5434235459247159,1.1740645093786215,0.2129306658223632,-0.1897617040570642,-0.10254644504428288,-0.1897617040570642,3.0000000000000004
2006-W46,2006-11-17,2006-11-24,0.40447799063854095,1.2832654667230343,0.23273539645504204,0.1994020631217087,0.1994020631217087,0.1994020631217087,0
2006-W47,2006-11-24,2006-12-01,-2.9567579199198835,1.510667621786841,0.2739769940401299,-1.205446637426234,-1.4780009709231026,-1.4717509709231027,5.0
2006-W48,2006-12-01,2006-12-08,0.26306989769793176,2.1193614728595604,0.38436831624376483,0.35103498291043145,0.35103498291043145,0.35103498291043145,0
2006-W49,2006-12-08,2006-12-15,1.9779100822053364,2.289676031612723,0.41525578509996697,0.3819224517666336,0.3819224517666336,0.3819224517666336,0
2006-W50,2006-12-15,2006-12-22,1.0981789543277554,2.394231125168299,0.43421732156251525,0.400883988229182,0.400883988229182,0.400883988229182,0
2006-W51,2006-12-22,2006-12-29,3.33428493386545,1.9233567111882073,0.34882156455251484,-1.0954399914580475,-0.3570042526477274,-1.2879268087242597,3.0000000000000004
2006-W52,2006-12-29,2007-01-05,1.2349714149089364,1.9710587707077971,0.3574726676349533,0.3241393343016199,-0.8488481853338466,0.3241393343016199,6.000000000000001
2007-W01,2007-01-05,2007-01-12,-2.958096475948657,2.4054909201342953,0.43625933144886286,-0.14967955769884655,-0.2872270630560714,-1.2779654631845965,3.0000000000000004
2007-W02,2007-01-12,2007-01-19,3.641949774080344,2.604529989438432,0.4723557278413906,-0.5983973901338593,-0.39859491223737853,-0.5983973901338593,4.0
2007-W03,2007-01-19,2007-01-26,-0.2291936436475961,2.763406591692907,0.5011683091142549,0.46783497578092154,0.46783497578092154,0.46783497578092154,0
2007-W04,2007-01-26,2007-02-02,1.3931611115974407,2.6498334549846816,0.48057161992143377,0.44723828658810044,0.44723828658810044,0.44723828658810044,0
2007-W05,2007-02-02,2007-02-09,0.554280510502636,2.771468495538034,0.5026303456737227,0.46929701234038934,0.46929701234038934,0.46929701234038934,0
2007-W06,2007-02-09,2007-02-16,-0.5307660497884115,2.4643232668788464,0.44692880343190544,0.41359547009857217,-0.7724805935540603,0.41359547009857217,6.000000000000001
2007-W07,2007-02-16,2007-02-23,0.6988567787540756,2.009003831338414,0.3643542610211594,0.3310209276878261,0.3310209276878261,0.3310209276878261,0
2007-W08,2007-02-23,2007-03-02,-6.130079453130854,2.3877878682144007,0.43304881014601637,-3.3425761081037724,-1.301507771503702,-2.3310681111610045,3.0000000000000004
2007-W09,2007-03-02,2007-03-09,-1.5797178890066599,2.697473072601809,0.48921116139790455,0.4558778280645713,-0.9983395022142059,-0.8438125388049006,3.0000000000000004
2007-W10,2007-03-09,2007-03-16,-0.9479069177801169,3.356294585067533,0.6086877856684416,0.5753544523351083,0.5753544523351083,0.5753544523351083,0
2007-W11,2007-03-16,2007-03-23,3.8997579602711996,3.572486596142024,0.6478930962823451,0.28728839881984736,0.29110626227514586,0.28728839881984736,3.0000000000000004
2007-W12,2007-03-23,2007-03-30,0.5498960985584,3.6128317629801225,0.6552094315476025,0.6218760982142693,0.6218760982142693,0.6218760982142693,0
2007-W13,2007-03-30,2007-04-04,2.0644548334417756,2.52927166885573,0.4587074161129156,0.4253740827795823,0.4253740827795823,0.4253740827795823,0
2007-W14,2007-04-04,2007-04-13,0.6494885851209276,2.0186147887819685,0.3660972717981592,0.3327639384648258,0.3327639384648258,0.3327639384648258,0
2007-W15,2007-04-13,2007-04-20,1.1091857115272274,2.0748069796879354,0.3762880865465994,0.3429547532132661,-1.1066547054810238,0.3429547532132661,6.000000000000001
2007-W16,2007-04-20,2007-04-27,-0.19492703483938723,2.014118003811434,0.3652817501344997,0.3319484168011664,0.3319484168011664,0.3319484168011664,0
2007-W17,2007-04-27,2007-05-04,1.5325558576717802,1.8419439038888306,0.3340567510083164,0.30072341767498306,0.30072341767498306,0.30072341767498306,0
2007-W18,2007-05-04,2007-05-11,-1.7891066068901451,2.131069013084032,0.3864915481675241,0.3531582148341908,0.3531582148341908,0.3531582148341908,0
2007-W19,2007-05-11,2007-05-18,2.1332050347890874,2.149213814726527,0.3897822139485628,0.3564488806152294,0.134603442223913,0.3564488806152294,3.0000000000000004
2007-W20,2007-05-18,2007-05-25,-1.837754751394849,2.1365637532993063,0.38748805162712324,0.3541547182937899,0.3541547182937899,0.3541547182937899,0
2007-W21,2007-05-25,2007-06-01,0.40061569047504797,1.9843822701770937,0.35988897534684294,0.3265556420135096,0.3265556420135096,0.3265556420135096,0
2007-W22,2007-06-01,2007-06-08,-0.4548820329844494,2.1958217769137067,0.39823483049911745,0.3649014971657841,0.3649014971657841,0.3649014971657841,0
2007-W23,2007-06-08,2007-06-15,2.476457488249584,1.9951311516336037,0.36183835771809614,-0.1528213122311998,-0.1528213122311998,-0.1528213122311998,0
2007-W24,2007-06-15,2007-06-22,4.6764857031075024,1.5137642150908803,0.2745385898942438,-2.921516231455709,-1.3391592398761412,-0.9373199919812493,4.0
2007-W25,2007-06-22,2007-06-29,-1.0326391602806573,2.202453700728813,0.3994375661052062,0.3661042327718728,0.3661042327718728,0.3661042327718728,0
2007-W26,2007-06-29,2007-07-06,3.486056866934506,1.8409230981342222,0.3338716201157698,-1.3445954820178458,-0.48527655207950365,-1.3445954820178458,3.0000000000000004
2007-W27,2007-07-06,2007-07-13,2.5188859014943388,2.1264029163646314,0.38564532393006834,-0.04017099453297454,-0.04017099453297454,-0.04017099453297454,0
2007-W28,2007-07-13,2007-07-20,0.8338409359865961,2.149314044364326,0.3898003911731072,0.3564670578397739,0.3564670578397739,0.3564670578397739,0
2007-W29,2007-07-20,2007-07-27,-3.0976014076781855,1.962754630559305,0.3559666545227143,-0.8122134559294916,-0.8122134559294916,-0.8122134559294916,0
2007-W30,2007-07-27,2007-08-03,-0.14164874676035888,1.9257524982576073,0.34925605765514384,0.3159227243218105,-1.6310548653390167,-0.4810457763778236,6.000000000000001
2007-W31,2007-08-03,2007-08-10,-3.3086963149154602,2.9869220393363194,0.541702918713455,0.18659530980097508,0.18659530980097508,0.18659530980097508,0
2007-W32,2007-08-10,2007-08-17,-6.449771587188524,3.4025918923077367,0.617083604365572,-2.463429423848542,-1.4212544617500482,-1.1544607212254245,4.0
2007-W33,2007-08-17,2007-08-24,12.433136291266766,4.084945204423661,0.7408228195372182,-7.640701600639222,-3.7412252719129673,-1.135324386095464,3.0000000000000004
2007-W34,2007-08-24,2007-08-31,4.634216336594177,5.562350455220535,1.0087180104715183,0.9753846771381849,0.9753846771381849,0.9753846771381849,0
2007-W35,2007-08-31,2007-09-07,-0.006384427209382704,5.360819861616545,0.9721766957063914,0.9388433623730581,0.9388433623730581,0.9388433623730581,0
2007-W36,2007-09-07,2007-09-14,3.8173494205110847,5.059073564132624,0.9174632108015801,0.8841298774682469,0.8841298774682469,0.8841298774682469,0
2007-W37,2007-09-14,2007-09-21,3.798159561563086,3.955529828956561,0.7173547955276309,0.6840214621942976,0.6840214621942976,0.6840214621942976,0
2007-W38,2007-09-21,2007-09-28,5.025160567003595,2.7585287414676722,0.5002837044874042,-1.7996814543818505,-1.5067479966847424,-1.500497996684742,5.0
2007-W39,2007-09-28,2007-10-05,2.53863708894293,2.5879692550321876,0.46935239498926296,0.43601906165592963,-1.4352453254989455,-0.8713066564156777,7.0
2007-W40,2007-10-05,2007-10-12,3.617659496616721,3.763235177442344,0.6824839649609977,0.6491506316276644,0.010184742044290852,0.6491506316276644,3.0000000000000004
2007-W41,2007-10-12,2007-10-18,2.1730828035701366,3.5273317531335273,0.6397045370635752,0.606371203730242,0.606371203730242,0.606371203730242,0
2007-W42,2007-10-18,2007-10-26,3.190796882906688,4.248007360127496,0.7703920234303849,0.7370586900970516,0.7370586900970516,0.7370586900970516,0
2007-W43,2007-10-26,2007-11-02,0.20759310133378062,4.689698741951602,0.8504853279243669,0.8171519945910336,0.8171519945910336,0.8171519945910336,0
2007-W44,2007-11-02,2007-11-09,-5.5301000846806225,4.37904314222443,0.7941534221105252,-0.39023685367900657,-0.08105187186194372,-0.39023685367900657,3.0000000000000004
2007-W45,2007-11-09,2007-11-16,-4.061299416588304,5.532673292965291,1.003337018869733,0.9700036855363997,0.9700036855363997,0.9700036855363997,0
2007-W46,2007-11-16,2007-11-23,-3.886880358915612,6.091229601728662,1.1046106830126798,1.0712773496793466,1.0712773496793466,1.0712773496793466,0
2007-W47,2007-11-23,2007-11-30,7.921752812818683,6.1376989927862216,1.1130359623221895,-0.7043511910436118,-0.34397828550754656,-0.7043511910436118,3.0000000000000004
2007-W48,2007-11-30,2007-12-07,0.6942607180593807,6.6378750747948665,1.2037195252158073,1.170386191882474,1.170386191882474,1.170386191882474,0
2007-W49,2007-12-07,2007-12-14,-4.433843727494679,5.724039228358967,1.038034780860834,1.0047014475275007,1.0047014475275007,1.0047014475275007,0
2007-W50,2007-12-14,2007-12-21,0.22957525000382173,5.397840000677774,0.9788891958996093,0.9455558625662761,0.9455558625662761,0.9455558625662761,0
2007-W51,2007-12-21,2007-12-28,-0.9277918538325602,3.642205948441904,0.6605362393826913,0.627202906049358,0.627202906049358,0.627202906049358,0
2007-W52,2007-12-28,2008-01-04,0.5447079928016407,3.8718254520687614,0.7021758437255277,0.6688425103921943,0.6688425103921943,0.6688425103921943,0
2008-W01,2008-01-04,2008-01-11,-2.3716826042376904,4.147562339423028,0.7521776618506781,0.7188443285173448,0.7188443285173448,0.7188443285173448,0
2008-W02,2008-01-11,2008-01-18,-6.197714742079208,4.218088945199336,0.7649667318397123,-1.2479923983734895,-4.049564757659234,-4.043314757659234,5.0
2008-W03,2008-01-18,2008-01-25,-0.3154527926337303,4.627831827266095,0.8392669578937649,0.8059336245604317,-2.30118087198105,-8.232833093032767,3.0000000000000004
2008-W04,2008-01-25,2008-02-01,-3.9756961491536735,8.590464636648186,1.557682871676877,1.5243495383435435,1.5243495383435435,1.5243495383435435,0
2008-W05,2008-02-01,2008-02-06,-2.711534268572968,7.364702650502444,1.3354873277140646,1.3021539943807314,1.3021539943807314,1.3021539943807314,0
2008-W06,2008-02-06,2008-02-15,2.8929882616738345,9.790294420794163,1.775143960593722,1.7418106272603886,1.7418106272603886,1.7418106272603886,0
2008-W07,2008-02-15,2008-02-22,-3.4925278202937005,10.397732087207782,1.8852241273251635,1.85189079399183,1.85189079399183,1.85189079399183,0
2008-W08,2008-02-22,2008-02-29,4.405188322670295,8.410655013181758,1.5250906215679922,1.4917572882346588,1.4917572882346588,1.4917572882346588,0
2008-W09,2008-02-29,2008-03-07,-7.522458793937781,5.540625697377972,1.0047789310639936,-1.010387498829148,-1.010387498829148,-1.010387498829148,0
2008-W10,2008-03-07,2008-03-14,-1.1742448211177758,5.142951945057702,0.9326724107817267,0.8993390774483934,0.8993390774483934,0.8993390774483934,0
2008-W11,2008-03-14,2008-03-20,-5.076598099320185,4.16602515814797,0.7555256564395554,-0.1883806180659918,-0.2558385246832383,-0.1883806180659918,3.0000000000000004
2008-W12,2008-03-20,2008-03-28,10.316968664737303,4.75699275445556,0.8626877381226679,-4.730621505492418,-2.3994621854139417,-1.5615270444611016,3.0000000000000004
2008-W13,2008-03-28,2008-04-03,4.202884887496694,5.723724123674353,1.0379776477355342,1.004644314402201,1.004644314402201,1.004644314402201,0
2008-W14,2008-04-03,2008-04-11,1.661505610621039,6.440064410329691,1.1678563453335737,1.1345230120002405,1.1345230120002405,1.1345230120002405,0
2008-W15,2008-04-11,2008-04-18,-1.905358297146742,6.16652842389721,1.1182629542155085,1.084929620882175,1.084929620882175,1.084929620882175,0
2008-W16,2008-04-18,2008-04-25,5.450913423986559,5.083797624413282,0.9219462978089714,0.5214971649023675,0.11109827868532615,0.5214971649023675,3.0000000000000004
2008-W17,2008-04-25,2008-05-02,2.8382901538976713,3.27728297137407,0.594359318599213,0.5610259852658797,0.5610259852658797,0.5610259852658797,0
2008-W18,2008-05-02,2008-05-09,-4.488581733542474,3.3588772038849823,0.609156133108187,-0.5538817298826443,-0.5538817298826443,-0.5538817298826443,0
2008-W19,2008-05-09,2008-05-16,2.217155510883706,2.90482934707978,0.5268154279482751,0.4934820946149418,0.4934820946149418,0.4934820946149418,0
2008-W20,2008-05-16,2008-05-23,-3.531730469557648,2.7430549724116555,0.49747751460195133,-0.32453131587737705,-0.32453131587737705,-0.32453131587737705,0
2008-W21,2008-05-23,2008-05-30,-0.7321787531836765,2.9153973079686475,0.5287319284922691,0.4953985951589358,0.4953985951589358,0.4953985951589358,0
2008-W22,2008-05-30,2008-06-06,-0.5337252567618855,2.9348662401717913,0.5322626183662937,0.49892928503296047,0.49892928503296047,0.49892928503296047,0
2008-W23,2008-06-06,2008-06-13,-7.416873940884505,2.4889861694345736,0.45140150801858553,-4.50981959676469,-1.9471186453576212,-1.3001934075058543,4.0
2008-W24,2008-06-13,2008-06-20,0.6785445608630924,3.2308168887250868,0.5859328362613175,0.5525995029279842,-0.8576564483960032,0.5525995029279842,6.000000000000001
2008-W25,2008-06-20,2008-06-27,-3.0918068201206794,3.4784585430347894,0.6308416505076804,0.597508317174347,0.597508317174347,0.597508317174347,0
2008-W26,2008-06-27,2008-07-04,-2.8060951206940743,2.941455009035931,0.5334574905241674,0.500124157190834,0.003574563227402523,0.500124157190834,3.0000000000000004
2008-W27,2008-07-04,2008-07-11,3.550862813697808,3.2631357626499096,0.5917937676500455,0.27073338326882707,0.27073338326882707,0.27073338326882707,0
2008-W28,2008-07-11,2008-07-18,-1.3989975780231312,3.6619782689116023,0.6641218094117254,0.6307884760783921,-1.2646020500830961,0.6307884760783921,3.0000000000000004
2008-W29,2008-07-18,2008-07-25,3.961387854996423,4.120494338395405,0.7472692207222466,0.7139358873889132,-0.7314460553348574,-0.9274350576167998,4.0
2008-W30,2008-07-25,2008-08-01,0.5359932335009088,4.468601345289567,0.8103933503461996,0.7770600170128663,0.7770600170128663,0.7770600170128663,0
2008-W31,2008-08-01,2008-08-08,-4.275054843169334,3.878191513718706,0.7033302681668805,0.2731336053829137,0.4387582091533489,0.2731336053829137,3.0000000000000004
2008-W32,2008-08-08,2008-08-15,-3.3110526622037506,3.965634441608846,0.7191871605404526,0.6858538272071194,0.6858538272071194,0.6858538272071194,0
2008-W33,2008-08-15,2008-08-21,-3.6318452916348276,3.1180421358370185,0.5654813938844803,0.018344904753329432,-1.2562960432265755,0.018344904753329432,6.000000000000001
2008-W34,2008-08-21,2008-08-29,4.265533030002189,3.2574086331917136,0.5907551705348466,-0.4507025596089769,0.007790759467697399,-1.4453547560300144,3.0000000000000004
2008-W35,2008-08-29,2008-09-05,-6.248792036220907,3.834676775941896,0.6954392771816886,-1.7520093164306594,-0.46838225315503607,-1.7520093164306594,3.0000000000000004
2008-W36,2008-09-05,2008-09-12,-2.911607757088863,3.7323650873839385,0.6768859252551175,0.6435525919217842,-1.755396068007106,0.6435525919217842,6.000000000000001
2008-W37,2008-09-12,2008-09-19,-0.1300576211676896,4.275145496115846,0.775313140212727,0.7419798068793938,-2.4461644896392665,-3.8482690454980197,3.0000000000000004
2008-W38,2008-09-19,2008-09-26,-3.3404885588812494,5.564150320605484,1.0090443572780117,0.9757110239446785,0.9757110239446785,0.9757110239446785,0
2008-W39,2008-09-26,2008-10-03,-5.351057946332705,6.432313869044312,1.1664511533990185,1.133117820065685,1.133117820065685,1.133117820065685,0
2008-W40,2008-10-03,2008-10-10,-16.318657024457917,6.588229093746765,1.19471875016597,-8.569042513878507,-4.984940878706308,-4.978690878706306,5.0
2008-W41,2008-10-10,2008-10-17,-1.6399424630221926,8.435967588403875,1.5296788178970326,1.4963454845636994,-2.8971116121750478,-3.8274261560910383,6.000000000000001
2008-W42,2008-10-17,2008-10-24,-13.300825557145558,10.888661834799926,1.9741834992415628,-0.4713135564374018,-0.4713135564374018,-0.4713135564374018,0
2008-W43,2008-10-24,2008-10-31,10.70097787198283,10.171676164555281,1.844259285128477,1.2816242443675792,-8.53573088503544,1.2816242443675792,10.0
2008-W44,2008-10-31,2008-11-07,1.9669715668112708,16.062438949802658,2.9112722822322565,2.877938948898923,2.877938948898923,2.877938948898923,0
2008-W45,2008-11-07,2008-11-14,-4.919949384557243,15.847291263119079,2.8723206327064195,2.838987299373086,2.838987299373086,2.838987299373086,0
2008-W46,2008-11-14,2008-11-21,-6.523533417692528,14.680817212233471,2.661109625887651,2.6277762925543175,2.6277762925543175,2.6277762925543175,0
2008-W47,2008-11-21,2008-11-28,9.70867053289508,14.290437360289474,2.590414813018053,2.557081479684719,2.557081479684719,2.557081479684719,0
2008-W48,2008-11-28,2008-12-05,-0.303496986757712,7.8333045962483485,1.4204352980904809,1.3871019647571476,1.3871019647571476,1.3871019647571476,0
2008-W49,2008-12-05,2008-12-12,6.588862379073057,7.146379252524642,1.2959082026453717,1.2625748693120382,0.017403766388971526,-4.09746762008674,3.0000000000000004
2008-W50,2008-12-12,2008-12-19,2.5010866766658424,7.505831667729152,1.3610716221795587,1.3277382888462255,1.3277382888462255,1.3277382888462255,0
2008-W51,2008-12-19,2008-12-24,-6.236123009030658,5.574617163150722,1.0109421763161552,0.3161029971028843,0.4577188551700826,0.3161029971028843,3.0000000000000004
2008-W52,2008-12-24,2009-01-02,6.053732853438087,6.833679814246175,1.2392183093028957,1.2058849759695625,1.2058849759695625,1.2058849759695625,0
2009-W01,2009-01-02,2009-01-09,-4.423170668450982,7.342512308298154,1.331464558233044,1.2981312248997106,1.2981312248997106,1.2981312248997106,0
2009-W02,2009-01-09,2009-01-16,-7.8034102770188625,6.47320858952249,1.173865453061196,-0.18966956776851013,-0.24579246995040196,-0.18966956776851013,3.0000000000000004
2009-W03,2009-01-16,2009-01-23,-5.106632398290745,5.329615625135616,0.9665187198934253,0.933185386560092,0.933185386560092,0.933185386560092,0
2009-W05,2009-01-30,2009-02-06,2.837958423865694,5.648716086273901,1.024377538534731,0.9910442052013975,0.9910442052013975,0.9910442052013975,0
2009-W06,2009-02-06,2009-02-13,-0.735040812039911,4.959271511150516,0.8993665261373346,0.8660331928040013,0.8660331928040013,0.8660331928040013,0
2009-W07,2009-02-13,2009-02-20,-6.311477925547737,5.0282768035735605,0.9118789797151007,-0.4046554755924187,-0.4046554755924187,-0.4046554755924187,0
2009-W08,2009-02-20,2009-02-27,0.8851002964483934,5.18047081351556,0.9394754646759105,0.9061421313425772,0.9061421313425772,0.9061421313425772,0
2009-W09,2009-02-27,2009-03-06,-6.947241903528367,5.022146533007841,0.9107674050694705,-1.0476612987843867,-0.5251978113423099,-1.0476612987843867,3.0000000000000004
2009-W10,2009-03-06,2009-03-13,5.068819221018717,5.23589939687231,0.9495259328684338,0.9161925995351005,0.9161925995351005,0.9161925995351005,0
2009-W11,2009-03-13,2009-03-20,2.456609284321676,5.637028574723463,1.0222584049603702,0.988925071627037,0.988925071627037,0.988925071627037,0
2009-W12,2009-03-20,2009-03-27,10.020565362560196,6.036814512423751,1.094744736318832,-2.922339447150956,-1.948211251381427,-1.2925424542017412,3.0000000000000004
2009-W13,2009-03-27,2009-04-03,3.018452705035579,6.450973390388028,1.1698341680253106,1.1365008346919774,1.1365008346919774,1.1365008346919774,0
2009-W14,2009-04-03,2009-04-09,2.4455334608007417,6.394240636580059,1.1595483681598646,1.1262150348265312,1.1262150348265312,1.1262150348265312,0
2009-W15,2009-04-09,2009-04-17,4.6965982927895,5.913680758700866,1.0724192884727357,1.0390859551394023,1.0390859551394023,1.0390859551394023,0
2009-W16,2009-04-17,2009-04-24,-2.1948208842179073,6.565716090266462,1.1906371462627372,1.157303812929404,1.157303812929404,1.157303812929404,0
2009-W17,2009-04-24,2009-04-30,1.717957983142715,5.771631049474243,1.0466638610167251,1.013330527683392,1.013330527683392,1.013330527683392,0
2009-W18,2009-04-30,2009-05-08,12.04097727032205,5.9778863566800275,1.0840604725746665,-5.012363774400717,-2.155181298980271,-1.4346356801251599,4.0
2009-W19,2009-05-08,2009-05-15,-3.445511389589817,5.716896237923147,1.0367396509775024,1.0034063176441692,1.0034063176441692,1.0034063176441692,0
2009-W20,2009-05-15,2009-05-22,1.6188742884302387,5.328826195508738,0.9663755797209769,0.9330422463876435,0.9330422463876435,0.9330422463876435,0
2009-W21,2009-05-22,2009-05-29,6.496581391275891,4.524951265421443,0.8206114414754672,-1.184352017712303,-0.18333668433928696,-1.184352017712303,3.0000000000000004
2009-W22,2009-05-29,2009-06-05,2.798576285702503,5.067620526448522,0.9190129886419667,0.8856796553086334,0.8856796553086334,0.8856796553086334,0
2009-W23,2009-06-05,2009-06-12,1.1250304399273992,4.702184201442425,0.8527493185492474,0.8194159852159142,0.8194159852159142,0.8194159852159142,0
2009-W24,2009-06-12,2009-06-19,-5.128461763388492,5.057718681072916,0.9172175365487546,0.8131411208998499,0.3511423830597842,0.8131411208998499,3.0000000000000004
2009-W25,2009-06-19,2009-06-26,3.7907077923464927,4.865690711265193,0.8823977851295519,0.8490644517962186,0.8490644517962186,0.8490644517962186,0
2009-W26,2009-06-26,2009-07-03,-2.1336227558145904,4.05259988819483,0.7349573784426797,0.7016240451093465,0.7016240451093465,0.7016240451093465,0
2009-W27,2009-07-03,2009-07-10,-2.7191648710035654,3.8869082794527774,0.7049109695814931,0.6715776362481598,0.6715776362481598,0.6715776362481598,0
2009-W28,2009-07-10,2009-07-17,6.1961498497084655,3.0694736222657766,0.5566735692176497,-2.603335991558374,-0.7537303480400133,-2.603335991558374,3.0000000000000004
2009-W29,2009-07-17,2009-07-24,6.2594394265855335,3.750434911290157,0.6801627420958992,-1.8621751065328227,-1.1648765756508512,-0.9843019429303586,4.0
2009-W30,2009-07-24,2009-07-31,2.955248207735006,3.9978260164591504,0.7250247554560458,0.6916914221227126,0.6916914221227126,0.6916914221227126,0
2009-W31,2009-07-31,2009-08-07,-0.9622211705555883,4.052581892364805,0.7349541151079697,0.7016207817746364,0.7016207817746364,0.7016207817746364,0
2009-W32,2009-08-07,2009-08-14,2.542093514601773,4.05293061385178,0.7350173516975635,0.7016840183642302,0.7016840183642302,0.7016840183642302,0
2009-W33,2009-08-14,2009-08-21,-3.323120557033332,4.312381843861628,0.7820654097793712,0.7487320764460379,0.04201401462532175,0.7487320764460379,3.0000000000000004
2009-W34,2009-08-21,2009-08-28,-0.4970557628783401,4.296321518617482,0.7791531057375682,0.7458197724042349,0.7458197724042349,0.7458197724042349,0
2009-W35,2009-08-28,2009-09-04,1.0946025618014499,4.077092040710074,0.7393987421901488,0.7060654088568155,0.7060654088568155,0.7060654088568155,0
2009-W36,2009-09-04,2009-09-11,4.147923514964202,4.001931715470472,0.7257692788221286,0.5464441459950697,0.5464441459950697,0.5464441459950697,0
2009-W37,2009-09-11,2009-09-18,2.183356781259227,3.670148175348456,0.6656033627506664,0.6322700294173331,0.6322700294173331,0.6322700294173331,0
2009-W38,2009-09-18,2009-09-25,-2.7703666610484845,3.198501171281139,0.5800724673415376,0.5467391340082044,0.5467391340082044,0.5467391340082044,0
2009-W39,2009-09-25,2009-10-02,-3.086462130636347,3.070057333356101,0.5567794244468538,0.5070412938332711,0.5070412938332711,0.5070412938332711,0
2009-W40,2009-10-02,2009-10-09,5.516182461484109,3.3992984256822636,0.6164863489822728,-1.533731020152887,-0.7781875560673317,-1.5016382340418166,3.0000000000000004
2009-W41,2009-10-09,2009-10-16,2.002196096500697,3.4731305407561592,0.6298754452556641,0.5965421119223308,0.5965421119223308,0.5965421119223308,0
2009-W42,2009-10-16,2009-10-23,3.0088147523327446,3.3406328871418935,0.6058475989094874,0.572514265576154,0.572514265576154,0.572514265576154,0
2009-W43,2009-10-23,2009-10-30,-3.704609620210786,2.8961178616360543,0.5252355986518962,-0.3165894932561765,-0.2972025970137433,-2.4763271090941252,3.0000000000000004
2009-W44,2009-10-30,2009-11-06,0.3532939126474677,3.2536712176366676,0.5900774016778576,0.5567440683445243,0.5567440683445243,0.5567440683445243,0
2009-W45,2009-11-06,2009-11-13,3.316167742569287,3.1084641847449226,0.5637444490054304,0.3227075578477356,0.11671929985353206,0.3227075578477356,3.0000000000000004
2009-W46,2009-11-13,2009-11-20,-0.4335932260075559,3.209306229160048,0.5820319367874701,0.5486986034541368,0.5486986034541368,0.5486986034541368,0
2009-W47,2009-11-20,2009-11-27,-5.884170233418196,3.2831061219027404,0.5954153277185913,-2.0389821171301827,-2.0389821171301827,-2.0389821171301827,0
2009-W48,2009-11-27,2009-12-04,6.452248175376751,2.975200083790948,0.5395771483875396,-2.9708042765315987,-1.0535708874048155,-1.1491382801749308,3.0000000000000004
2009-W49,2009-12-04,2009-12-11,-2.649288964986962,3.9716742017953535,0.7202824068318199,0.6869490734984867,0.6869490734984867,0.6869490734984867,0
2009-W50,2009-12-11,2009-12-18,-3.3157925713490743,3.8260505976098784,0.6938749978298729,0.6605416644965396,0.6605416644965396,0.6605416644965396,0
2009-W51,2009-12-18,2009-12-24,1.6108852467120904,3.4201074709921078,0.620259974078537,0.5869266407452036,0.5869266407452036,0.5869266407452036,0
2009-W52,2009-12-24,2009-12-31,1.6521819956313522,3.35332773013843,0.6081497584880592,0.5748164251547259,0.5748164251547259,0.5748164251547259,0
2009-W53,2009-12-31,2010-01-08,1.9396502457423637,2.030675227313932,0.3682845114064799,0.33495117807314656,0.002240368266311444,0.33495117807314656,3.0000000000000004
2010-W01,2010-01-08,2010-01-15,-2.8819888268469596,2.2984087663273303,0.4168395087073028,-0.20007388514565785,0.050310335648852594,-0.20007388514565785,3.0000000000000004
2010-W02,2010-01-15,2010-01-22,-4.285460447572054,2.4163900383790184,0.4382359302743304,-1.4641678122520247,-0.9649128020733729,-0.8338490495287099,4.0
2010-W03,2010-01-22,2010-01-29,-2.915102842080386,2.6531849675037473,0.48117942411448356,0.18592821620450875,0.14552846277898385,0.18592821620450875,3.0000000000000004
2010-W04,2010-01-29,2010-02-05,-2.2707006162315246,2.927481907300798,0.5309234703581394,0.49759013702480603,-0.6443089418747073,0.49759013702480603,6.000000000000001
2010-W05,2010-02-05,2010-02-12,3.0694478364796662,2.8919477976882044,0.5244793566493448,0.3136459845245493,0.24277192529082464,0.3136459845245493,3.0000000000000004
2010-W06,2010-02-12,2010-02-19,-1.8485157747445524,2.6150436673086754,0.4742624099482408,0.44092907661490754,0.44092907661490754,0.44092907661490754,0
2010-W07,2010-02-19,2010-02-26,3.5924348338824297,3.399770944658947,0.6165720381835423,0.3905748156267238,0.34369392025124873,0.3905748156267238,3.0000000000000004
2010-W08,2010-02-26,2010-03-05,0.8698825795462994,3.4939512565295248,0.6336511711423989,0.6003178378090656,0.6003178378090656,0.6003178378090656,0
2010-W09,2010-03-05,2010-03-12,2.028911514612619,3.6369756416732972,0.6595877596596673,0.626254426326334,0.626254426326334,0.626254426326334,0
2010-W10,2010-03-12,2010-03-19,0.7594627578886293,2.868167244066537,0.5201667452500597,0.4868334119167264,0.4868334119167264,0.4868334119167264,0
2010-W11,2010-03-19,2010-03-26,-1.4866576614944838,2.8285640311181934,0.5129846786320081,0.47965134529867487,0.47965134529867487,0.47965134529867487,0
2010-W12,2010-03-26,2010-04-01,2.29842830520135,2.1541361855271637,0.39067491428824924,0.21304946128071753,0.21304946128071753,0.21304946128071753,0
2010-W13,2010-04-01,2010-04-09,3.1178901425453764,1.7392872768720338,0.31543916235195907,-1.0964970366547386,-0.3209449924981707,-1.0964970366547386,3.0000000000000004
2010-W14,2010-04-09,2010-04-16,-1.545535422811084,2.1233433265286514,0.3850904491428138,0.3517571158094805,0.3517571158094805,0.3517571158094805,0
2010-W15,2010-04-16,2010-04-23,-2.8390677170272105,2.2082694774148552,0.40049228873501364,-0.2636392842106734,-0.2636392842106734,-0.2636392842106734,0
2010-W16,2010-04-23,2010-04-30,-0.6396971126429007,2.2811116969384484,0.41370260114952684,0.3803692678161935,0.3803692678161935,0.3803692678161935,0
2010-W17,2010-04-30,2010-05-07,-5.629465492702446,2.552553980224106,0.46292973447778807,-2.647315111333893,-1.1088676218917428,-0.7180057495312056,4.0
2010-W18,2010-05-07,2010-05-14,1.1302076204497746,2.588311962059814,0.4694145458337419,0.43608121250040865,0.43608121250040865,0.43608121250040865,0
2010-W19,2010-05-14,2010-05-20,-2.976355524186436,2.655629857780202,0.48162281030699655,0.1275638105674381,0.22254704526901234,0.1275638105674381,3.0000000000000004
2010-W20,2010-05-20,2010-05-28,1.1300664054283427,3.0823776557502223,0.5590136977910631,0.5256803644577299,0.5256803644577299,0.5256803644577299,0
2010-W21,2010-05-28,2010-06-04,0.06758521962626496,3.4484465168362286,0.6253991232803299,0.5920657899469965,0.5920657899469965,0.5920657899469965,0
2010-W22,2010-06-04,2010-06-11,0.46668462455699,3.4540394870341564,0.6264133804734876,0.5930800471401543,0.5930800471401543,0.5930800471401543,0
2010-W23,2010-06-11,2010-06-18,2.084954395031824,2.8986752164472476,0.5256993754286352,0.4923660420953019,0.4923660420953019,0.4923660420953019,0
2010-W24,2010-06-18,2010-06-25,1.9918365586461872,2.9815144273870446,0.5407222513488291,0.5073889180154958,-0.15114625346568097,0.5073889180154958,3.0000000000000004
2010-W25,2010-06-25,2010-07-02,-3.7962242407834745,2.2323329661119735,0.40485633049577247,-1.1923682775090598,-0.5475110507879305,-1.1923682775090598,3.0000000000000004
2010-W26,2010-07-02,2010-07-09,2.3779564273213705,2.601517231623828,0.47180935642475175,0.4384760230914184,0.4384760230914184,0.4384760230914184,0
2010-W27,2010-07-09,2010-07-16,-0.6305615728156244,2.499984424658212,0.45339607904852675,0.4200627457151935,0.4200627457151935,0.4200627457151935,0
2010-W28,2010-07-16,2010-07-23,2.7909405037498836,2.657975850728382,0.4820482612087875,0.31575027485395335,0.31575027485395335,0.31575027485395335,0
2010-W29,2010-07-23,2010-07-30,1.0303966737255754,2.2642575096443185,0.41064601046165033,0.37731267712831695,0.37731267712831695,0.37731267712831695,0
2010-W30,2010-07-30,2010-08-06,3.0860488872613168,1.9315637062908275,0.35030996161559474,-0.8375085526882412,-0.21032383882456002,-0.8375085526882412,3.0000000000000004
2010-W31,2010-08-06,2010-08-13,-2.8010334837118567,1.7162966565047801,0.3112696244961679,-0.8068005360442511,-0.19344421475867765,-0.6493166173326209,3.0000000000000004
2010-W32,2010-08-13,2010-08-20,-0.4259293382931184,1.7710825555655612,0.3212054928011034,0.28787215946777006,0.28787215946777006,0.28787215946777006,0
2010-W33,2010-08-20,2010-08-27,-1.8323991789022664,1.6317831480992737,0.295942382582812,0.06199301844647643,0.16585291734332652,0.06199301844647643,3.0000000000000004
2010-W34,2010-08-27,2010-09-03,1.8164977422857609,1.6086702642870025,0.29175065885071133,0.05058984751862034,0.05058984751862034,0.05058984751862034,0
2010-W35,2010-09-03,2010-09-10,1.36323403190044,1.538121120317185,0.278955938560397,0.24562260522706367,-0.039591971698764286,0.24562260522706367,3.0000000000000004
2010-W36,2010-09-10,2010-09-17,3.35633268723452,1.6966051948656822,0.3076984140267954,-1.3853624116753762,-0.507038677025736,-1.3853624116753762,3.0000000000000004
2010-W37,2010-09-17,2010-09-24,0.6762152993844861,1.706944219021949,0.30957348235973775,0.2762401490264044,0.2762401490264044,0.2762401490264044,0
2010-W38,2010-09-24,2010-09-30,1.079323643276009,1.5984138443371516,0.2898905665201197,0.25655723318678636,0.25655723318678636,0.25655723318678636,0
2010-W39,2010-09-30,2010-10-08,2.621009535541874,1.8391376985395862,0.3335478242975736,-0.4816573460380624,-0.3142765295012172,-0.4816573460380624,3.0000000000000004
2010-W40,2010-10-08,2010-10-15,3.545348680816729,1.748907929460212,0.31718394591552046,-1.5125901387743335,-0.731980679420705,-1.9246295482787181,3.0000000000000004
2010-W41,2010-10-15,2010-10-22,-1.0105881276468165,1.6006042547996258,0.2902878168428048,0.2569544835094715,0.2569544835094715,0.2569544835094715,0
2010-W42,2010-10-22,2010-10-29,-1.7910834500181827,1.922633352325044,0.34869037824792376,0.31535704491459043,0.31535704491459043,0.31535704491459043,0
2010-W43,2010-10-29,2010-11-05,7.709020207155559,2.0761477653616196,0.37653124640469327,-5.289674528722577,-2.114006744030818,-2.1196873588236924,3.0000000000000004
2010-W44,2010-11-05,2010-11-12,-2.6299190417284124,2.542115052293928,0.46103660348000036,0.3398992807121705,0.3398992807121705,0.3398992807121705,0
2010-W45,2010-11-12,2010-11-19,-2.54666983713302,2.5375056066748627,0.46020066638254337,0.4177031025910549,-0.8794796417346207,-1.1975253278160394,4.0
2010-W46,2010-11-19,2010-11-26,-3.0859521216231145,3.0266187720059996,0.5489018907721424,0.45623520782169513,0.45623520782169513,0.45623520782169513,0
2010-W47,2010-11-26,2010-12-03,1.9375997169677195,3.1829770196967977,0.5772572004667871,0.5439238671334539,0.5439238671334539,0.5439238671334539,0
2010-W48,2010-12-03,2010-12-10,-0.6758398962287249,2.787963896349884,0.505621806016941,0.4722884726836077,0.4722884726836077,0.4722884726836077,0
2010-W49,2010-12-10,2010-12-17,-1.9343879670236541,2.6829911158309656,0.486584831008047,0.4532514976747137,0.4532514976747137,0.4532514976747137,0
2010-W50,2010-12-17,2010-12-24,0.5236714040400603,2.3513092959853883,0.4264332640016584,0.3930999306683251,0.3930999306683251,0.3930999306683251,0
2010-W51,2010-12-24,2010-12-31,0.883113763809229,1.8963476650919127,0.34392327880417484,0.31058994547084146,0.31058994547084146,0.31058994547084146,0
2010-W52,2010-12-31,2011-01-07,2.826867557221169,2.090935426287506,0.37921308035770607,-0.3900523839092846,-0.3465264038683321,-0.6990954264346044,3.0000000000000004
2011-W01,2011-01-07,2011-01-14,2.5187187359694496,2.0812129271793838,0.3774498450432996,-0.09338929708011294,0.014949248385151938,-0.09338929708011294,3.0000000000000004
2011-W02,2011-01-14,2011-01-21,-1.6734638921825362,1.983992398268166,0.3598182694257372,0.3264849360924038,0.3264849360924038,0.3264849360924038,0
2011-W03,2011-01-21,2011-01-28,-1.0882496716551504,2.0253832029316543,0.36732476819266785,0.3339914348593345,0.3339914348593345,0.3339914348593345,0
2011-W04,2011-01-28,2011-02-02,1.2361483880880986,1.4150207901612248,0.2566305350990225,0.22329720176568912,0.22329720176568912,0.22329720176568912,0
2011-W05,2011-02-02,2011-02-11,-4.5173063708135,1.6423130255073053,0.29785206713516826,-2.610474611504366,-0.9695336663272338,-1.2088688458836703,3.0000000000000004
2011-W06,2011-02-11,2011-02-18,3.356796182747579,2.2292978732563853,0.40430590046191,-0.7565257423626163,-0.7565257423626163,-0.7565257423626163,0
2011-W07,2011-02-18,2011-02-25,-2.4702909907263315,2.343505237496767,0.4250179631811223,0.26489887661823336,0.20632783592734327,-1.47837677575571,3.0000000000000004
2011-W08,2011-02-25,2011-03-04,1.7229440043835087,2.509305875440222,0.45508655518218916,0.42175322184885583,0.42175322184885583,0.42175322184885583,0
2011-W09,2011-03-04,2011-03-11,-0.6795721037774816,2.8844682682250014,0.5231229419844649,0.4897896086511315,0.4897896086511315,0.4897896086511315,0
2011-W10,2011-03-11,2011-03-18,-4.084119750128679,2.5642469766704945,0.465050293596177,-1.0881558131953397,-1.1623668077847542,-1.156116807784754,5.0
2011-W11,2011-03-18,2011-03-25,3.8494644901897246,3.0241521919938386,0.5484545787851627,-0.31019105274405867,-0.31019105274405867,-0.31019105274405867,0
2011-W12,2011-03-25,2011-04-01,2.7774931415315063,2.8600739036268066,0.5186990141426057,0.48536568080927234,0.48536568080927234,0.48536568080927234,0
2011-W13,2011-04-01,2011-04-08,2.4963129503265513,2.4103891954035315,0.43714765342797074,0.31789056517160746,0.31789056517160746,0.31789056517160746,0
2011-W14,2011-04-08,2011-04-15,-1.590420075979193,2.645541291573381,0.4797932264840461,0.44645989315071277,0.44645989315071277,0.44645989315071277,0
2011-W15,2011-04-15,2011-04-21,0.5424852255084822,1.857488231846956,0.336875832477731,0.3035424991443976,-0.6423431283447965,0.3035424991443976,6.000000000000001
2011-W16,2011-04-21,2011-04-29,-1.729615662990347,1.7662094156967931,0.3203217098924417,0.2869883765591083,0.2869883765591083,0.2869883765591083,0
2011-W17,2011-04-29,2011-05-06,-2.367836127543266,1.8087582088778167,0.3280382697467319,-0.2643729822520622,-0.008936012740602533,-0.2643729822520622,3.0000000000000004
2011-W18,2011-05-06,2011-05-13,0.5057567037852984,1.694933743068145,0.30739528224051815,0.2740619489071848,0.2740619489071848,0.2740619489071848,0
2011-W19,2011-05-13,2011-05-20,-0.330288778220178,1.7325856966094468,0.31422377600353885,0.28089044267020546,0.28089044267020546,0.28089044267020546,0
2011-W20,2011-05-20,2011-05-27,-0.3505277953825603,1.8504782243860416,0.33560451475806197,0.30227118142472864,-0.7542240078683631,0.30227118142472864,3.0000000000000004
2011-W21,2011-05-27,2011-06-03,-0.7289093049167139,1.7374729950923213,0.3151101275471558,0.28177679421382246,-0.8424886013624874,-0.4293133443085596,6.000000000000001
2011-W22,2011-06-03,2011-06-10,-2.3058890612267513,1.958983809810231,0.35528279002922525,-0.024955794720628727,-0.024955794720628727,-0.024955794720628727,0
2011-W23,2011-06-10,2011-06-17,-3.23415448894695,2.2749795241011315,0.41259050132984604,-0.5799177968493151,-0.5799177968493151,-0.5799177968493151,0
2011-W24,2011-06-17,2011-06-24,2.1972055567653914,2.2726563430292614,0.41216918090611193,0.3788358475727786,0.3788358475727786,0.3788358475727786,0
2011-W25,2011-06-24,2011-06-30,1.0199842530477898,1.9408608194496024,0.35199605889110797,0.3186627255577746,0.3186627255577746,0.3186627255577746,0
2011-W26,2011-06-30,2011-07-08,1.4658836412513088,1.9379557052313594,0.3514691959189676,0.31813586258563425,0.31813586258563425,0.31813586258563425,0
2011-W27,2011-07-08,2011-07-15,-3.7447537507094397,2.1500536830064454,0.38993452891691355,-1.2380988721194075,-2.178154604225783,-2.171904604225783,5.0
2011-W28,2011-07-15,2011-07-22,2.6030171796115997,2.8449851041013203,0.5159626517510485,0.48262931841771517,0.48262931841771517,0.48262931841771517,0
2011-W29,2011-07-22,2011-07-29,-0.02027543614377958,2.5892525162526017,0.4695851178706607,0.4362517845373274,0.4362517845373274,0.4362517845373274,0
2011-W30,2011-07-29,2011-08-05,-6.6581672441260675,2.6857678316782607,0.48708839383473557,-3.5186443519464046,-3.5186443519464046,-3.5186443519464046,0
2011-W31,2011-08-05,2011-08-12,-6.331146549222599,2.696019933274064,0.4889476318939431,-3.1795123173879176,-4.566974026287155,-4.560724026287156,5.0
2011-W32,2011-08-12,2011-08-19,-1.1217621519006848,4.329339108054741,0.7851403570011631,0.7518070236678298,0.7518070236678298,0.7518070236678298,0
2011-W33,2011-08-19,2011-08-26,0.9431015088557038,4.728062457475977,0.8574418206082726,0.8241084872749392,0.8241084872749392,0.8241084872749392,0
2011-W34,2011-08-26,2011-09-02,3.2172452122813278,4.986996385424884,0.9043937749204081,0.8710604415870747,-0.27374717260979603,0.8710604415870747,3.0000000000000004
2011-W35,2011-09-02,2011-09-09,-1.7131590364682259,5.217437836292479,0.9461784353869167,0.9128451020535835,0.9128451020535835,0.9128451020535835,0
2011-W36,2011-09-09,2011-09-16,-2.07040798921323,3.4572702637696686,0.6269992655430159,0.5936659322096827,-0.6929532791278354,0.5936659322096827,3.0000000000000004
2011-W37,2011-09-16,2011-09-23,-9.182482409857773,4.099418138143794,0.7434473110980736,-4.372950293949234,-3.1295716126735664,-3.1233216126735663,5.0
2011-W38,2011-09-23,2011-09-30,-0.4325126312104355,4.045621798000395,0.7336919825685195,0.7003586492351862,0.7003586492351862,0.7003586492351862,0
2011-W39,2011-09-30,2011-10-07,0.6514150611380831,4.301711428378149,0.7801304870508425,0.7467971537175092,-4.062624833514201,-2.580580400480045,7.0
2011-W40,2011-10-07,2011-10-14,4.488500923616834,6.040146998618843,1.0953489476030105,1.062015614269677,1.062015614269677,1.062015614269677,0
2011-W41,2011-10-14,2011-10-21,-2.573093649305025,6.216404797012301,1.127305879991104,1.0939725466577708,1.0939725466577708,1.0939725466577708,0
2011-W42,2011-10-21,2011-10-28,11.059305556112363,6.572057635564751,1.1917868683543287,-3.3287943855266224,-1.8668194065225543,-1.4950756617715377,4.0
2011-W43,2011-10-28,2011-11-04,-0.8814079346128989,6.158671424358195,1.1168384227634884,1.0835050894301552,1.0835050894301552,1.0835050894301552,0
2011-W44,2011-11-04,2011-11-11,-3.5560481865854143,4.9250152773578835,0.8931549548923872,0.859821621559054,0.859821621559054,0.859821621559054,0
2011-W45,2011-11-11,2011-11-18,-3.375313360136134,5.598157900574941,1.015210511530931,0.9818771781975976,0.9818771781975976,0.9818771781975976,0
2011-W46,2011-11-18,2011-11-25,-4.335839096024197,5.094336225876378,0.9238572056193174,0.8905238722859841,0.8905238722859841,0.8905238722859841,0
2011-W47,2011-11-25,2011-12-02,7.636799501469249,4.502962969027955,0.8166242461596647,-2.3505456196149614,-2.1412389251017365,-2.134988925101737,5.0
2011-W48,2011-12-02,2011-12-09,-2.3852460025357236,5.157994387735834,0.9353999621948401,0.9020666288615068,0.9020666288615068,0.9020666288615068,0
2011-W49,2011-12-09,2011-12-16,-1.6186167725393164,4.107926212772885,0.7449901464031788,0.7116568130698455,0.7116568130698455,0.7116568130698455,0
2011-W50,2011-12-16,2011-12-23,1.880076307502998,4.136300226108423,0.7501354204965411,0.7168020871632079,0.7168020871632079,0.7168020871632079,0
2011-W51,2011-12-23,2011-12-30,-1.045560793593292,3.1435975343955223,0.570115817112846,0.5367824837795127,0.5367824837795127,0.5367824837795127,0
2011-W52,2011-12-30,2012-01-06,0.8607277837533678,3.504104174904449,0.6354923471872008,0.6021590138538675,0.6021590138538675,0.6021590138538675,0
2012-W01,2012-01-06,2012-01-13,3.2881051156623764,2.8995735715755218,0.5258622922870757,0.10399741486689458,0.26960243401834,0.10399741486689458,3.0000000000000004
2012-W02,2012-01-13,2012-01-20,4.717399548830259,2.5311995364284803,0.45905704094757227,-1.760476304787542,-1.0680538465989515,-0.8886982320518039,4.0
2012-W04,2012-01-27,2012-02-03,1.2453158588929814,2.5684525989607727,0.46581299525000963,0.43247966191667636,0.43247966191667636,0.43247966191667636,0
2012-W05,2012-02-03,2012-02-10,0.1294933349793581,2.7644980135744723,0.5013662398976401,0.4680329065643068,0.4680329065643068,0.4680329065643068,0
2012-W06,2012-02-10,2012-02-17,3.4053336911831433,2.438645402251095,0.44227202716140374,-0.5577495951039678,-0.19663375495006227,-0.5577495951039678,3.0000000000000004
2012-W07,2012-02-17,2012-02-24,-0.3943852022986083,2.594954145101278,0.470619123478395,0.43728579014506175,0.43728579014506175,0.43728579014506175,0
2012-W08,2012-02-24,2012-03-02,0.7259373638268674,2.149291433005943,0.38979629047248465,0.35646295713915127,0.35646295713915127,0.35646295713915127,0
2012-W09,2012-03-02,2012-03-09,-2.2087655505582227,2.019880217904663,0.36632676570809003,0.14410809972120148,-0.8988165075909995,-1.1532976594190498,4.0
2012-W10,2012-03-09,2012-03-16,1.0995428690837583,2.480077218839849,0.4497858388417676,0.4164525055084343,0.4164525055084343,0.4164525055084343,0
2012-W11,2012-03-16,2012-03-23,-3.044626170172282,2.0066968633947555,0.36393587702538854,-0.7073267630854724,-0.18242097021676504,-0.7073267630854724,3.0000000000000004
2012-W12,2012-03-23,2012-03-30,-0.5477855455828351,2.386231976300036,0.43276664263942827,0.39943330930609494,0.39943330930609494,0.39943330930609494,0
2012-W13,2012-03-30,2012-04-05,0.18204264600063524,1.9202210775563828,0.34825289494007633,0.31491956160674295,0.31491956160674295,0.31491956160674295,0
2012-W14,2012-04-05,2012-04-13,0.524639744087807,2.139634363871001,0.3880449248329985,0.3547115914996652,-1.281736336801214,0.3547115914996652,3.0000000000000004
2012-W15,2012-04-13,2012-04-20,1.495584649472237,2.1492983029284862,0.38979753637267484,0.3564642030393415,0.3564642030393415,0.3564642030393415,0
2012-W16,2012-04-20,2012-04-27,-1.2812146523971113,2.4472781174499287,0.44383760271061057,0.41050426937727724,0.41050426937727724,0.41050426937727724,0
2012-W17,2012-04-27,2012-05-04,1.6611702375094017,2.129579763961398,0.38622146404600616,0.3528881307126728,-0.29617862349948293,0.3528881307126728,3.0000000000000004
2012-W18,2012-05-04,2012-05-11,-5.318074270250406,2.2568068036850706,0.4092947872712067,-2.68530601262746,-1.0613802147046678,-0.9495108612236853,3.0000000000000004
2012-W19,2012-05-11,2012-05-18,-5.072877415734522,2.4735873135911155,0.44860887158457735,-2.184014563892165,-0.9549102284027725,-0.6413841445304244,4.0
2012-W20,2012-05-18,2012-05-25,-1.258132889610153,2.7574134467101374,0.5000814442722631,0.46674811093892976,0.46674811093892976,0.46674811093892976,0
2012-W21,2012-05-25,2012-06-01,-0.8286587597087891,2.6484901883604803,0.48032801552941423,0.4469946821960809,0.4469946821960809,0.4469946821960809,0
2012-W22,2012-06-01,2012-06-08,-0.30175112898829237,2.530851788300019,0.45899397573517736,0.42566064240184404,0.42566064240184404,0.42566064240184404,0
2012-W23,2012-06-08,2012-06-15,3.9540923772521275,2.7401235943973243,0.49694590483712514,-0.750356211350992,-0.08147802391101648,-0.750356211350992,3.0000000000000004
2012-W24,2012-06-15,2012-06-22,-1.2416000077987155,2.6195964420634437,0.4750880669140287,0.44175473358069545,0.44175473358069545,0.44175473358069545,0
2012-W25,2012-06-22,2012-06-29,2.3497078352830325,2.785685492827935,0.5052086149911357,0.47187528165780235,0.47187528165780235,0.47187528165780235,0
2012-W26,2012-06-29,2012-07-06,1.847493296181213,2.426058175895224,0.4399892850928458,0.40665595175951247,0.40665595175951247,0.40665595175951247,0
2012-W27,2012-07-06,2012-07-13,-3.5756912063293456,2.6494766354979897,0.4805069099147255,-0.47904099424995306,-0.7568462459739739,-0.8200475589049792,4.0
2012-W28,2012-07-13,2012-07-20,2.871107318381072,2.740511859660391,0.49701631732433743,0.3330875252703325,0.3330875252703325,0.3330875252703325,0
2012-W29,2012-07-20,2012-07-27,-1.8626523827849573,2.71504264660964,0.49239743479325876,0.45906410145992543,-0.221308721128178,-0.5813489011937186,3.0000000000000004
2012-W30,2012-07-27,2012-08-03,2.0296733740138073,2.934897465161283,0.5322682810139345,0.4989349476806012,0.4989349476806012,0.4989349476806012,0
2012-W31,2012-08-03,2012-08-10,2.389581813003039,2.953694396257827,0.5356771003963455,0.5023437670630122,0.09174841747609842,0.5023437670630122,3.0000000000000004
2012-W32,2012-08-10,2012-08-17,-0.09956649533598982,2.6794037731817455,0.48593425934139567,0.4526009260080624,0.4526009260080624,0.4526009260080624,0
2012-W33,2012-08-17,2012-08-24,-1.173395260396981,2.5746063315668897,0.46692899204936694,0.4335956587160336,0.4335956587160336,0.4335956587160336,0
2012-W34,2012-08-24,2012-08-31,-1.9992877195481706,2.0864913544971584,0.3784071205395353,0.34507378720620197,0.34507378720620197,0.34507378720620197,0
2012-W35,2012-08-31,2012-09-07,1.6403885043081434,1.8906388021245681,0.34288793470878115,0.30955460137544777,0.30955460137544777,0.30955460137544777,0
2012-W36,2012-09-07,2012-09-14,4.1794386778746695,1.716450134705714,0.3112974590376229,-2.1850244174646645,-2.1850244174646645,-2.1850244174646645,0
2012-W37,2012-09-14,2012-09-21,0.509749303357454,2.289083259797116,0.41514828305013496,0.38181494971680163,0.38181494971680163,0.38181494971680163,0
2012-W38,2012-09-21,2012-09-28,0.50852044438503,2.692814873986001,0.48836638840625757,0.45503305507292424,0.45503305507292424,0.45503305507292424,0
2012-W39,2012-09-28,2012-10-05,0.8253208094449294,1.998680463424066,0.36248204927297023,0.3291487159396369,0.3291487159396369,0.3291487159396369,0
2012-W40,2012-10-05,2012-10-12,0.5903606495389235,2.507447726971018,0.45474957382239145,0.4214162404890582,0.4214162404890582,0.4214162404890582,0
2012-W41,2012-10-12,2012-10-19,1.9649963795476122,1.9829761372295502,0.35963396357342775,0.32630063024009437,0.32630063024009437,0.32630063024009437,0
2012-W42,2012-10-19,2012-10-26,-0.02871901502388141,1.2782878613831643,0.23183265686265359,0.19849932352932026,0.19849932352932026,0.19849932352932026,0
2012-W43,2012-10-26,2012-11-02,2.6258750983108925,1.10202388334891,0.19986532508016527,-1.357319223215149,-0.5549798044577405,-1.357319223215149,3.0000000000000004
2012-W44,2012-11-02,2012-11-09,-3.2876774765765004,1.2768517383561793,0.23157220125901587,-1.8125868702946322,-0.9933356624067432,-0.9870856624067429,5.0
2012-W45,2012-11-09,2012-11-16,-1.0539051620528705,1.9073416938266154,0.3459171258871577,0.3125837925538243,0.3125837925538243,0.3125837925538243,0
2012-W46,2012-11-16,2012-11-23,3.568081453185612,2.2055844960370083,0.4000053528341803,-0.9958249376477718,-0.35511891683974023,-0.9958249376477718,4.0
2012-W47,2012-11-23,2012-11-30,0.5312141097141287,2.350938793990924,0.4263660718217639,0.39303273848843057,0.39303273848843057,0.39303273848843057,0
2012-W48,2012-11-30,2012-12-07,0.7298068364368859,2.2761444713136276,0.4128017702779466,0.37946843694461324,0.37946843694461324,0.37946843694461324,0
2012-W49,2012-12-07,2012-12-14,1.8692594772396376,2.1143666746655585,0.38346247967570235,0.350129146342369,0.350129146342369,0.350129146342369,0
2012-W50,2012-12-14,2012-12-21,-0.44099571964070217,1.6733689440685113,0.30348432402031605,0.2701509906869827,0.2701509906869827,0.2701509906869827,0
2012-W51,2012-12-21,2012-12-28,0.7122488332254262,1.221290128795117,0.2214955289784117,0.18816219564507838,0.18816219564507838,0.18816219564507838,0
2012-W52,2012-12-28,2013-01-04,2.9316275830668204,1.4232356065778273,0.25812037142402755,-1.2836049383983135,-1.2055485864868498,-1.1992985864868497,5.0
2013-W01,2013-01-04,2013-01-11,-0.28725418186135165,1.8427822156770368,0.33420878522689956,0.3008754518935662,0.3008754518935662,0.3008754518935662,0
2013-W02,2013-01-11,2013-01-18,1.4516332689793465,1.709553584872678,0.3100467125519847,0.27671337921865136,0.27671337921865136,0.27671337921865136,0
2013-W03,2013-01-18,2013-01-25,-0.09045762654779077,1.6811035429019447,0.30488705903632246,0.2715537257029891,0.2715537257029891,0.2715537257029891,0
2013-W04,2013-01-25,2013-02-01,0.5996928729630424,1.6904020582001966,0.30657342315405073,0.2732400898207174,0.2732400898207174,0.2732400898207174,0
2013-W05,2013-02-01,2013-02-08,-2.1359206993950552,1.0501669509647902,0.19046050318104957,-0.9286265785825452,-1.2157606070300908,-1.209510607030091,5.0
2013-W07,2013-02-15,2013-02-22,-2.8241992099879876,1.5014775214456555,0.2723102840366104,-1.0837447378390537,-0.6648324414183503,-0.5538543673131744,4.0
2013-W08,2013-02-22,2013-03-01,0.4291956978583755,1.7388909565369648,0.3153672864267841,0.2820339530934507,0.2820339530934507,0.2820339530934507,0
2013-W09,2013-03-01,2013-03-08,0.9253779426877662,2.1265778035732343,0.3856770407621957,0.3523437074288624,0.3523437074288624,0.3523437074288624,0
2013-W10,2013-03-08,2013-03-15,-2.4200635401373516,2.2769433760935742,0.4129466556122477,0.23649315823514494,0.29390997114122575,0.23649315823514494,3.0000000000000004
2013-W11,2013-03-15,2013-03-22,-1.8541985786193815,2.2060255410050305,0.40008533872878904,0.3667520053954557,0.3667520053954557,0.3667520053954557,0
2013-W12,2013-03-22,2013-03-28,0.8334956867567467,2.010299857518514,0.3645893039835687,0.3312559706502354,0.3312559706502354,0.3312559706502354,0
2013-W13,2013-03-28,2013-04-05,-2.568340580890016,1.7166308563171049,0.31133023439679924,-0.5737128235094426,-0.5737128235094426,-0.5737128235094426,0
2013-W14,2013-04-05,2013-04-12,1.6668295252150411,1.8400386693023723,0.333711222211449,0.3003778888781156,0.3003778888781156,0.3003778888781156,0
2013-W15,2013-04-12,2013-04-19,-0.3417098792405815,2.1694688752558755,0.39345558502259204,0.36012225168925865,-0.8493845597400465,0.36012225168925865,3.0000000000000004
2013-W16,2013-04-19,2013-04-26,2.426415240315194,1.9118574326368172,0.34673608776992954,-0.20115505324177352,-0.20115505324177352,-0.20115505324177352,0
2013-W17,2013-04-26,2013-05-03,0.6308844405283676,2.199396398757161,0.39888310772998264,0.36554977439664926,0.36554977439664926,0.36554977439664926,0
2013-W18,2013-05-03,2013-05-10,2.7821104115772544,2.4463917687599634,0.44367686004851553,0.0746248838978836,0.2741482891586766,0.0746248838978836,3.0000000000000004
2013-W19,2013-05-10,2013-05-16,-1.0228496126407083,1.7644695470619791,0.3200061707633209,0.2866728374299875,0.2866728374299875,0.2866728374299875,0
2013-W20,2013-05-16,2013-05-24,-2.010207531824293,1.9501220319214185,0.3536756448267482,0.2602568115905469,0.2602568115905469,0.2602568115905469,0
2013-W21,2013-05-24,2013-05-31,-1.0014283174358485,2.239175784272187,0.40609731129288024,0.3727639779595469,0.3727639779595469,0.3727639779595469,0
2013-W22,2013-05-31,2013-06-07,-3.64815357216437,2.230242404397105,0.40447719615280175,-1.0467673049477895,-0.3453510680899884,-1.0467673049477895,3.0000000000000004
2013-W23,2013-06-07,2013-06-14,-2.809324880485131,1.9113629496446893,0.3466464097097558,-0.5846488544640072,-0.9714345392802295,-0.9651845392802296,5.0
2013-W24,2013-06-14,2013-06-21,-3.3660419887856063,2.3204857601814557,0.4208432758184945,-0.6580462861189844,-0.31969759198139375,-0.6580462861189844,3.0000000000000004
2013-W25,2013-06-21,2013-06-28,2.6648089628586114,2.4954732981881467,0.45257797101265496,0.24990897300885526,0.24990897300885526,0.24990897300885526,0
2013-W26,2013-06-28,2013-07-05,0.24698430724408027,2.448609763327556,0.44407910167853676,0.4107457683452035,-1.6331413644173818,0.4107457683452035,3.0000000000000004
2013-W27,2013-07-05,2013-07-12,2.0264495989778863,3.307712628287715,0.5998776327672489,0.5665442994339156,0.5665442994339156,0.5665442994339156,0
2013-W28,2013-07-12,2013-07-19,0.4001480819613379,3.7376405268513544,0.6778425840290525,0.6445092506957192,0.6445092506957192,0.6445092506957192,0
2013-W29,2013-07-19,2013-07-26,2.8392349700696373,3.4718123920962407,0.6296364058690129,0.5963030725356797,0.5963030725356797,0.5963030725356797,0
2013-W30,2013-07-26,2013-08-02,1.0106149464149672,2.7633543050238676,0.5011588268583026,0.46782549352496927,0.46782549352496927,0.46782549352496927,0
2013-W31,2013-08-02,2013-08-09,-1.7277755055393196,2.1655211606790568,0.3927396446121968,0.35940631127886347,-0.23572125228359703,0.35940631127886347,3.0000000000000004
2013-W32,2013-08-09,2013-08-16,3.2568979848678126,1.6067565887968052,0.2914035969393954,-1.392071132464946,-0.717529997232048,-1.4990079558197333,3.0000000000000004
2013-W33,2013-08-16,2013-08-23,-2.905703375947455,2.0905789905927263,0.37914843855145397,-0.4693092801366131,-0.1885397084329989,-0.6726118915503734,3.0000000000000004
2013-W34,2013-08-23,2013-08-30,-0.6043888946309917,2.187239179800018,0.39667832921039325,0.36334499587705993,0.36334499587705993,0.36334499587705993,0
2013-W35,2013-08-30,2013-09-06,4.094779103616153,2.3746905598157215,0.4306735579505551,-1.3227483191832117,-0.700746788665107,-1.2157601223073136,3.0000000000000004
2013-W36,2013-09-06,2013-09-13,1.299923631925748,2.3924498284519866,0.43389427603224606,0.40056094269891274,0.40056094269891274,0.40056094269891274,0
2013-W37,2013-09-13,2013-09-19,2.562615367424659,1.920240283740989,0.34825637811935334,-0.32745203889766067,-0.32745203889766067,-0.32745203889766067,0
2013-W38,2013-09-19,2013-09-27,-1.2571878751313492,1.8391022397586352,0.33354139357733537,0.300208060244002,0.300208060244002,0.300208060244002,0
2013-W39,2013-09-27,2013-10-04,-0.29516906407370813,1.6097239123962905,0.2919417472114238,0.25860841387809047,0.25860841387809047,0.25860841387809047,0
2013-W40,2013-10-04,2013-10-11,0.3447981300137348,1.7880958789675359,0.3242909941518231,0.2909576608184897,0.2909576608184897,0.2909576608184897,0
2013-W41,2013-10-11,2013-10-18,0.5244965838869797,1.579652006605213,0.2864879402706816,0.2531546069373482,0.2531546069373482,0.2531546069373482,0
2013-W42,2013-10-18,2013-10-25,-2.7496016570864423,1.7605266840564497,0.3192911008801771,-0.7031172054831413,-0.35344848563814535,-0.7031172054831413,3.0000000000000004
2013-W43,2013-10-25,2013-11-01,2.429469390916017,1.7572517083664057,0.31869715766557605,-0.3868538582173728,-0.5829884314885801,-0.6257720748063821,4.0
2013-W44,2013-11-01,2013-11-08,-2.173776442192188,1.8976677917258555,0.3441626934081106,0.034720709608447906,0.034720709608447906,0.034720709608447906,0
2013-W45,2013-11-08,2013-11-15,1.265190043424158,1.7701845661217117,0.32104263523942383,0.2877093019060905,0.2877093019060905,0.2877093019060905,0
2013-W46,2013-11-15,2013-11-22,2.883486322320672,2.101257064814819,0.38108497266648156,-0.43447761817271036,-0.343875811539642,-0.45436320439597616,3.0000000000000004
2013-W47,2013-11-22,2013-11-29,0.7807544944382849,2.4523594760147778,0.4447591260506343,0.411425792717301,0.411425792717301,0.411425792717301,0
2013-W48,2013-11-29,2013-12-06,-0.5786515659324087,2.2276947190221756,0.40401515999492615,0.37068182666159283,0.37068182666159283,0.37068182666159283,0
2013-W49,2013-12-06,2013-12-13,-2.093823805880446,2.2356525436928383,0.4054583532591431,0.3721250199258097,0.3721250199258097,0.3721250199258097,0
2013-W50,2013-12-13,2013-12-20,-1.866049982473439,2.015006598695588,0.36544290269709734,0.332109569363764,0.332109569363764,0.332109569363764,0
2013-W51,2013-12-20,2013-12-27,1.8896070116052988,1.0254807635026575,0.18598339007989556,-0.7114761913560781,-0.4931237401744004,-0.43228562737898113,4.0
2013-W52,2013-12-27,2014-01-03,-1.832622875316825,1.3158366348479091,0.23864250826760516,-0.31147706553463744,-0.31147706553463744,-0.31147706553463744,0
2014-W01,2014-01-03,2014-01-10,0.12696826272784456,1.3880753011766194,0.25174370834660104,0.2184103750132677,0.2184103750132677,0.2184103750132677,0
2014-W02,2014-01-10,2014-01-17,1.2566596678885933,1.8978687359851591,0.34419913611586267,0.3108658027825293,0.3108658027825293,0.3108658027825293,0
2014-W03,2014-01-17,2014-01-24,-2.9536970392869177,1.7499294770671465,0.3173692118510433,-0.9197316837020489,-0.9197316837020489,-0.9197316837020489,0
2014-W04,2014-01-24,2014-01-30,-1.8469465778688798,1.6960065230278456,0.3075898398751808,0.12331645170082092,-0.03897293141435897,0.12331645170082092,3.0000000000000004
2014-W05,2014-01-30,2014-02-07,-1.8087711235506454,1.9355248620036531,0.35102834530169796,0.31769501196836464,-0.5552896381000844,-0.6405320621641813,4.0
2014-W06,2014-02-07,2014-02-14,3.057564103918131,2.3855155150907676,0.43263670939656296,-0.27274521276412783,-0.24149632712821312,-0.27274521276412783,3.0000000000000004
2014-W07,2014-02-14,2014-02-21,1.210086621576334,2.659110040418199,0.482253948949777,0.4489206156164437,0.4489206156164437,0.4489206156164437,0
2014-W08,2014-02-21,2014-02-28,1.1907029539489633,2.7232168083310695,0.493879832668562,0.4605464993352287,0.4605464993352287,0.4605464993352287,0
2014-W09,2014-02-28,2014-03-07,-0.7727416253325625,2.510078607062364,0.45522669260557835,0.421893359272245,0.421893359272245,0.421893359272245,0
2014-W10,2014-03-07,2014-03-14,-4.946936224263543,2.0326775040581095,0.36864763733812433,-2.5789444162006387,-1.30432873048113,-0.9794248090512525,4.0
2014-W11,2014-03-14,2014-03-21,-0.47722120861037887,2.1138724512412157,0.38337284928909904,0.3500395159557657,0.3500395159557657,0.3500395159557657,0
2014-W12,2014-03-21,2014-03-28,2.933427724614357,2.124110266499319,0.38522953826679945,-0.45742125318156257,-0.45742125318156257,-0.45742125318156257,0
2014-W13,2014-03-28,2014-04-04,2.014684421429025,2.232849814013391,0.4049500635718187,0.3716167302384853,0.21831219403856014,0.3716167302384853,3.0000000000000004
2014-W14,2014-04-04,2014-04-11,2.192620129124445,2.2941839314062333,0.41607331455920393,0.38273998122587055,-0.27377369394101003,0.38273998122587055,4.0
2014-W15,2014-04-11,2014-04-17,-1.058095084134103,1.8585484535565813,0.33706811165690825,0.30373477832357487,0.30373477832357487,0.30373477832357487,0
2014-W16,2014-04-17,2014-04-25,-2.3581075242316674,2.001698032151298,0.3630293055895957,-0.02671351982410258,-0.02671351982410258,-0.02671351982410258,0
2014-W17,2014-04-25,2014-05-02,0.16712298260035396,1.60117616786726,0.2903915383353367,0.2570582050020033,0.2570582050020033,0.2570582050020033,0
2014-W18,2014-05-02,2014-05-09,-1.7864677428652276,1.9280055488827033,0.349664664453758,0.31633133112042466,-0.002046582126584842,0.31633133112042466,3.0000000000000004
2014-W19,2014-05-09,2014-05-16,3.8874825116039124,2.2047418582417033,0.3998525359008901,-1.3162214507946441,-0.3305478824444849,-0.7209660735343965,3.0000000000000004
2014-W20,2014-05-16,2014-05-23,1.1136803562814102,2.202971614894036,0.39953149265570304,0.3661981593223697,0.3661981593223697,0.3661981593223697,0
2014-W21,2014-05-23,2014-05-30,0.5041876018410552,2.0738812984160897,0.37612020845854705,0.3427868751252137,0.3427868751252137,0.3427868751252137,0
2014-W22,2014-05-30,2014-06-06,-0.5660357401395588,1.5210159725859211,0.2758537630602636,0.24252042972693028,0.24252042972693028,0.24252042972693028,0
2014-W23,2014-06-06,2014-06-13,1.60415634122697,1.213863969035514,0.22014871727220162,-0.20347698825257765,-0.19826087566489087,-0.20347698825257765,3.0000000000000004
2014-W24,2014-06-13,2014-06-20,-0.5365086982904943,1.0709248640804818,0.19422517880983345,0.16089184547650012,0.16089184547650012,0.16089184547650012,0
2014-W25,2014-06-20,2014-06-27,0.11838799989121185,1.0767198936179065,0.19527617084666846,0.16194283751333513,-1.203643970430745,-0.4395686385477755,8.0
2014-W26,2014-06-27,2014-07-04,1.3988741921597825,1.371488314837206,0.24873549539493078,0.1880162847390127,0.17584366893056858,0.1880162847390127,3.0000000000000004
2014-W27,2014-07-04,2014-07-11,-1.3289109847793634,1.609509481572323,0.29190285829412194,0.2585695249607886,0.2585695249607886,0.2585695249607886,0
2014-W28,2014-07-11,2014-07-18,0.9526775024492506,1.6762810682581701,0.3040124624449521,0.2706791291116188,0.2706791291116188,0.2706791291116188,0
2014-W29,2014-07-18,2014-07-25,3.2454809169102816,1.6556864420963109,0.3002774513864379,-1.322850356760881,-0.70206105858317,-1.0051763609451276,3.0000000000000004
2014-W30,2014-07-25,2014-08-01,1.3066559063094063,1.6344984733853034,0.2964348304145358,0.2631014970812024,-0.008486872050401875,-0.3357978889848562,3.0000000000000004
2014-W31,2014-08-01,2014-08-08,-0.8194032707344312,1.416863176518444,0.2569646696900333,0.22363133635669996,0.22363133635669996,0.22363133635669996,0
2014-W32,2014-08-08,2014-08-15,2.562651703583385,1.3460596659034854,0.24412375787589777,-1.0058016131373269,-0.3547700895762021,-0.7403027827770722,3.0000000000000004
2014-W33,2014-08-15,2014-08-22,0.6303001292407684,1.5060890606792485,0.2731466295304008,0.23981329619706745,0.23981329619706745,0.23981329619706745,0
2014-W34,2014-08-22,2014-08-29,-1.4740622993869246,1.3191473736894495,0.23924294411647673,0.05099468508566989,0.044710747983619736,0.05099468508566989,3.0000000000000004
2014-W35,2014-08-29,2014-09-05,2.013130001061736,1.3345014022942845,0.24202755135011791,-0.46993438075067334,-0.7264860345916505,-0.784373948051895,4.0
2014-W36,2014-09-05,2014-09-12,-2.554779064884294,1.4226652894958922,0.2580169389203053,-0.9074301698014329,-0.5636555046841536,-0.47146183840483386,4.0
2014-W37,2014-09-12,2014-09-19,-1.1756714390218415,1.758715274453761,0.31896258716848896,0.28562925383515564,-0.1332006600585253,0.28562925383515564,3.0000000000000004
2014-W38,2014-09-19,2014-09-26,-2.582678613012357,1.8902905894857613,0.3428247837914314,-0.38289657306849995,0.005007613105047582,-0.38289657306849995,3.0000000000000004
2014-W39,2014-09-26,2014-10-03,-2.592444363132096,1.5521057626091117,0.28149218076909827,-0.7921797530872212,-0.378713251966161,-1.3478761755105357,3.0000000000000004
2014-W40,2014-10-03,2014-10-10,0.10396259480542902,2.2008242776843403,0.3991420613631477,0.36580872802981435,0.36580872802981435,0.36580872802981435,0
2014-W41,2014-10-10,2014-10-17,-0.2829461180855031,2.1311244032282355,0.38650159349694546,0.35316826016361214,0.35316826016361214,0.35316826016361214,0
2014-W42,2014-10-17,2014-10-24,1.21176964415326,2.155254840455061,0.3908777887908419,0.35754445545750857,0.35754445545750857,0.35754445545750857,0
2014-W43,2014-10-24,2014-10-31,2.9862474421087137,2.094693794529748,0.3798946835140813,-0.5449922973982188,-0.08992361360646951,-0.5449922973982188,3.0000000000000004
2014-W44,2014-10-31,2014-11-07,-1.8660687667875542,2.0069247324214023,0.3639772025918802,0.3306438692585469,0.3306438692585469,0.3306438692585469,0
2014-W45,2014-11-07,2014-11-14,2.2808286440151315,1.953739085229558,0.35433162271661284,-0.006091269402288217,0.16198221667381427,-0.006091269402288217,3.0000000000000004
2014-W46,2014-11-14,2014-11-21,-2.6995949561569366,1.5885999287411536,0.28811072579269287,-0.8562176349564241,-0.5554947943125088,-0.4740640841515299,4.0
2014-W47,2014-11-21,2014-11-28,2.3481131568388047,1.7581498929712398,0.31886005068228285,-0.3044365465186017,-0.06675262321734797,-0.835778514158909,3.0000000000000004
2014-W48,2014-11-28,2014-12-05,0.06333064475285699,1.7819413613672965,0.3231748236714062,0.2898414903380728,-0.8810452221468257,-0.5129021406254147,6.000000000000001
2014-W49,2014-12-05,2014-12-12,-3.138993821643321,2.4130989275396706,0.43763907420788717,-0.3215891532290956,-0.16700696451808786,-0.3215891532290956,3.0000000000000004
2014-W50,2014-12-12,2014-12-19,-0.570206131091544,2.6828130104006376,0.48655253123929376,0.4532191979059605,-0.9203612482031547,0.4532191979059605,3.0000000000000004
2014-W51,2014-12-19,2014-12-24,1.0066734455839832,2.140427311096935,0.3881887304454664,0.3548553971121331,0.3548553971121331,0.3548553971121331,0
2014-W52,2014-12-24,2015-01-02,1.5930254987468695,2.4429197212850964,0.44304719115067825,0.40971385781734493,0.40971385781734493,0.40971385781734493,0
2015-W01,2015-01-02,2015-01-09,0.8374264098409689,2.563805630601184,0.4649702542139987,0.4316369208806654,0.4316369208806654,0.4316369208806654,0
2015-W02,2015-01-09,2015-01-16,0.7674360460435459,2.377010638745672,0.4310943141517988,0.39776098081846545,0.39776098081846545,0.39776098081846545,0
2015-W03,2015-01-16,2015-01-23,3.098840758635313,1.9611251417727757,0.3556711354409469,-0.8153778147549214,-0.8153778147549214,-0.8153778147549214,0
2015-W04,2015-01-23,2015-01-30,-1.381860080182784,2.0285747839014956,0.3679035822839867,0.33457024895065335,0.33457024895065335,0.33457024895065335,0
2015-W05,2015-01-30,2015-02-06,0.7032255545079913,1.9334880635242981,0.35065895746116577,0.31732562412783244,0.31732562412783244,0.31732562412783244,0
2015-W06,2015-02-06,2015-02-13,0.012757355105885715,1.8184547404367306,0.3297968110090965,0.2964634776757632,0.2964634776757632,0.2964634776757632,0
2015-W07,2015-02-13,2015-02-18,0.6058575061760774,1.415810745766904,0.2567738011927047,0.22344046785937136,0.22344046785937136,0.22344046785937136,0
2015-W08,2015-02-18,2015-02-27,-0.035401849532312735,1.552527795967339,0.2815687203471676,0.2482353870138343,0.2482353870138343,0.2482353870138343,0
2015-W09,2015-02-27,2015-03-06,-2.6559295218294587,1.1378383883318417,0.20636067215890788,-1.3450637946720305,-0.6203506358629359,-1.2280806566725273,3.0000000000000004
2015-W10,2015-03-06,2015-03-13,-1.4103172591458324,1.2874377748009374,0.23349208708694172,0.07727926940870311,-0.2761406424436393,-0.3582456204067248,4.0
2015-W11,2015-03-13,2015-03-20,2.3171909879119434,1.3224581502221113,0.23984338675789854,-0.7882227842652509,-1.1875784444161475,-1.1813284444161474,5.0
2015-W12,2015-03-20,2015-03-27,0.45521185969079614,1.4577500847107627,0.26437990234849057,0.23104656901515724,0.23104656901515724,0.23104656901515724,0
2015-W13,2015-03-27,2015-04-02,3.224025906174499,1.3323166239352882,0.2416313199177249,-1.683411295654819,-0.6567323247437491,-0.8956588834621729,3.0000000000000004
2015-W14,2015-04-02,2015-04-10,7.8998986796205095,1.2184690681310824,0.22098390015895084,-6.493779044663819,-2.403075517892429,-2.3968255178924283,5.0
2015-W15,2015-04-10,2015-04-17,1.3960217894356308,2.5078197799851094,0.4548170468669307,0.4214837135335974,-0.3813616971753785,0.4214837135335974,3.0000000000000004
2015-W16,2015-04-17,2015-04-24,1.4749197949457171,2.7619482547958585,0.5009038377984761,0.4675705044651428,0.4675705044651428,0.4675705044651428,0
2015-W17,2015-04-24,2015-04-30,0.2566536523205487,2.9156636060672305,0.5287802216611122,0.4954468883277789,0.4954468883277789,0.4954468883277789,0
2015-W18,2015-04-30,2015-05-08,-1.9751187440017026,3.225665741909603,0.5849986902287501,0.5516653568954167,0.5516653568954167,0.5516653568954167,0
2015-W19,2015-05-08,2015-05-15,0.8881910094040935,3.1152910046476108,0.5649824810837837,0.5316491477504504,0.5316491477504504,0.5316491477504504,0
2015-W20,2015-05-15,2015-05-22,0.6130007517721747,2.409005027219815,0.4368966289616743,0.403563295628341,0.403563295628341,0.403563295628341,0
2015-W21,2015-05-22,2015-05-29,-2.0313795475948138,1.7610897614166638,0.3193932194882344,0.015770099976752782,0.07658183310470427,0.015770099976752782,3.0000000000000004
2015-W22,2015-05-29,2015-06-05,-0.5981190334006681,2.338480842127248,0.42410676644295325,0.3907734331096199,0.3907734331096199,0.3907734331096199,0
2015-W23,2015-06-05,2015-06-12,0.07475710389517332,2.284446779264903,0.4143074346884458,0.38097410135511245,0.38097410135511245,0.38097410135511245,0
2015-W24,2015-06-12,2015-06-19,-1.906156489186861,2.278280886238197,0.4131892196844249,0.3798558863510916,-0.050198178273731214,0.3798558863510916,3.0000000000000004
2015-W25,2015-06-19,2015-06-26,-0.3612042018215522,2.324161542414292,0.42150989596297267,0.38817656262963934,-1.277203267509505,0.38817656262963934,3.0000000000000004
2015-W26,2015-06-26,2015-07-03,-2.2493350925999245,1.7837861201266139,0.3235093852949729,-0.17537292051166994,-0.3976858884089613,-0.5396445336738223,3.0000000000000004
2015-W27,2015-07-03,2015-07-10,-4.461422645963708,2.522476736456673,0.4574751335753279,-1.5148041092650508,-0.7473787082256663,-1.23076889081631,3.0000000000000004
2015-W28,2015-07-10,2015-07-17,2.0641117600713077,4.56526667735738,0.8279219240487069,0.7945885907153736,0.7945885907153736,0.7945885907153736,0
2015-W29,2015-07-17,2015-07-24,-1.1282971651054408,4.617468112789374,0.8373876933956798,0.8040543600623464,0.8040543600623464,0.8040543600623464,0
2015-W30,2015-07-24,2015-07-31,-1.9588526074210577,4.589107358604166,0.8322449972249454,0.7989116638916121,0.7989116638916121,0.7989116638916121,0
2015-W31,2015-07-31,2015-08-07,-0.3401836484319687,4.587793440651112,0.8320067423403268,0.7986734090069935,0.7986734090069935,0.7986734090069935,0
2015-W32,2015-08-07,2015-08-14,-2.286700239005035,2.4242660980660675,0.4396642847707643,0.406330951437431,0.21927614305710075,0.406330951437431,3.0000000000000004
2015-W33,2015-08-14,2015-08-21,-6.591672815205096,2.3751625866094783,0.4307591620242761,-3.8190843999046735,-1.2957044479906807,-0.658609460012183,4.0
2015-W34,2015-08-21,2015-08-28,-3.557528178512215,2.3823381619280135,0.432060483041043,-0.7764628668764845,-2.39282640890403,-2.38657640890403,5.0
2015-W35,2015-08-28,2015-09-04,-3.571012866606471,3.4028963344976937,0.6171388135841579,0.41568894814204543,0.41568894814204543,0.41568894814204543,0
2015-W36,2015-09-04,2015-09-11,3.184934536613082,3.821504932378341,0.6930506822538929,0.6597173489205596,-1.7518971409688473,-1.7119803676759533,4.0
2015-W37,2015-09-11,2015-09-18,1.93663406155562,4.894903361476589,0.8876948454895796,0.8543615121562462,0.8543615121562462,0.8543615121562462,0
2015-W38,2015-09-18,2015-09-25,-3.3507388315462294,5.035994778755529,0.913278444987245,0.8799451116539116,0.8799451116539116,0.8799451116539116,0
2015-W39,2015-09-25,2015-10-02,1.509320762328592,3.2861529534553693,0.5959678604287838,0.5626345270954505,0.5626345270954505,0.5626345270954505,0
2015-W40,2015-10-02,2015-10-09,4.429958883375873,4.143677883653229,0.7514732652568759,0.4318589322008872,0.2691986380781651,0.4318589322008872,3.0000000000000004
2015-W41,2015-10-09,2015-10-16,2.709709949798711,4.241384607378965,0.7691910795855929,0.7358577462522595,0.7358577462522595,0.7358577462522595,0
2015-W42,2015-10-16,2015-10-23,0.36662313757773735,3.2641871676741485,0.5919844366469326,0.5586511033135992,0.5586511033135992,0.5586511033135992,0
2015-W43,2015-10-23,2015-10-30,-2.2110475524585227,3.4863566292842547,0.6322739264654101,0.5989405931320768,0.5989405931320768,0.5989405931320768,0
2015-W44,2015-10-30,2015-11-06,1.003933849219707,2.773234034580923,0.5029505283630961,0.4696171950297628,0.4696171950297628,0.4696171950297628,0
2015-W45,2015-11-06,2015-11-13,-2.0605354954653987,2.175886822687584,0.39461951594564904,0.36128618261231565,-1.0545548825655326,0.36128618261231565,6.000000000000001
2015-W46,2015-11-13,2015-11-20,1.6010797758821527,2.504074370315842,0.4541378043898374,0.4208044710565041,0.4208044710565041,0.4208044710565041,0
2015-W47,2015-11-20,2015-11-27,-3.016518636199894,2.8086787523389227,0.509378466339362,0.26820524914505983,0.26820524914505983,0.26820524914505983,0
2015-W48,2015-11-27,2015-12-04,0.7593251780249277,2.755903547213353,0.499807621936922,0.46647428860358875,0.46647428860358875,0.46647428860358875,0
2015-W49,2015-12-04,2015-12-11,-3.471144271964599,2.72226504178214,0.493707228243571,-0.2885053352722255,-0.2885053352722255,-0.2885053352722255,0
2015-W50,2015-12-11,2015-12-18,1.3581302457579492,2.3671050787814707,0.42929789837399596,0.39596456504066263,0.39596456504066263,0.39596456504066263,0
2015-W51,2015-12-18,2015-12-24,1.758494393540011,1.9209676025916385,0.34838828260594973,0.31505494927261635,0.31505494927261635,0.31505494927261635,0
2015-W52,2015-12-24,2015-12-31,-1.0106113753287183,1.9077337106344867,0.34598822097419757,0.3126548876408642,0.3126548876408642,0.3126548876408642,0
2015-W53,2015-12-31,2016-01-08,-6.665431985763504,1.7888354948377896,0.3244251293304792,-4.585504694928557,-1.402069008598229,-0.5999600870156486,4.0
2016-W01,2016-01-08,2016-01-15,-4.5612329669700085,2.5898671784793796,0.46969658851785484,-1.5350025333061132,-0.46003248135954933,-0.6012344021410398,3.0000000000000004
2016-W02,2016-01-15,2016-01-22,-2.2553402155596647,2.9975969271597585,0.5436388028169719,0.5103054694836385,-0.09037484332221318,-1.5053176972589795,3.0000000000000004
2016-W03,2016-01-22,2016-01-29,3.158194496777167,3.4631328578176532,0.6280624171397567,0.5947290838064234,0.5947290838064234,0.5947290838064234,0
2016-W04,2016-01-29,2016-02-05,-2.0064891455951694,4.158111891745219,0.7540906879155157,0.7207573545821825,0.7207573545821825,0.7207573545821825,0
2016-W06,2016-02-12,2016-02-19,5.272609512640436,4.424694807497693,0.8024316244329487,-0.07881641404311159,-0.4226018132461714,-0.07881641404311159,4.0
2016-W07,2016-02-19,2016-02-26,0.4078213716263601,4.847972432363957,0.8791849659068599,0.8458516325735266,0.8458516325735266,0.8458516325735266,0
2016-W08,2016-02-26,2016-03-04,4.196150162717127,4.01483040085392,0.7281083122864594,0.5134552170899302,0.5134552170899302,0.5134552170899302,0
2016-W09,2016-03-04,2016-03-11,0.11349919219552085,4.183591094708425,0.7587110091379469,0.7253776758046135,0.7253776758046135,0.7253776758046135,0
2016-W10,2016-03-11,2016-03-18,2.3368346854802047,3.3601112252928527,0.6093799178583463,0.576046584525013,0.576046584525013,0.576046584525013,0
2016-W11,2016-03-18,2016-03-24,-1.5771444768574838,2.480698420323299,0.44989849591037256,0.41656516257703924,0.41656516257703924,0.41656516257703924,0
2016-W12,2016-03-24,2016-04-01,0.7535313592690107,2.368562525710281,0.4295622126678565,0.3962288793345232,0.3962288793345232,0.3962288793345232,0
2016-W13,2016-04-01,2016-04-08,-0.6269575750322942,2.070021653931876,0.3754202377354279,0.34208690440209455,0.34208690440209455,0.34208690440209455,0
2016-W14,2016-04-08,2016-04-15,4.644338325992869,2.081504388003548,0.3775027032739884,-2.218664568048685,-1.4504586781310511,-1.444208678131051,5.0
2016-W15,2016-04-15,2016-04-22,0.7063475069206682,2.4896355340062497,0.45151927251935503,0.41818593918602176,0.41818593918602176,0.41818593918602176,0
2016-W16,2016-04-22,2016-04-29,-1.863267123544421,2.673608628506088,0.4848832982059658,0.45154996487263255,0.45154996487263255,0.45154996487263255,0
2016-W17,2016-04-29,2016-05-06,-4.543500894187369,2.192363785588642,0.3976077047716221,-1.9868627371604255,-0.8059354650947642,-1.9868627371604255,3.0000000000000004
2016-W18,2016-05-06,2016-05-13,-1.9422308290210077,2.577415648679078,0.4674384695511382,0.4341051362178049,0.4341051362178049,0.4341051362178049,0
2016-W19,2016-05-13,2016-05-20,0.6740108927291599,2.1429090729967615,0.3886388124406085,0.35530547910727517,0.35530547910727517,0.35530547910727517,0
2016-W20,2016-05-20,2016-05-27,3.649823903719729,2.1937680124206596,0.3978623690328449,-1.0915268555995705,-0.4644588357918626,-1.0915268555995705,3.0000000000000004
2016-W21,2016-05-27,2016-06-03,1.8004318052081247,2.4770502141486928,0.4492368808797544,0.41590354754642106,0.41590354754642106,0.41590354754642106,0
2016-W22,2016-06-03,2016-06-10,0.4554317874697622,2.0335976043308395,0.3688145035085831,0.33548117017524975,0.33548117017524975,0.33548117017524975,0
2016-W23,2016-06-10,2016-06-17,-4.1471038345502365,2.0810631859789113,0.3774226885463606,-1.7219512933582901,-0.7476593116381369,-0.6881037264016123,3.0000000000000004
2016-W24,2016-06-17,2016-06-24,0.4419954236600354,2.5902563967622494,0.4697671742982571,0.43643384096492377,-1.1617300418261596,0.43643384096492377,3.0000000000000004
2016-W25,2016-06-24,2016-06-30,2.641960728548809,2.116245826700789,0.38380327517061197,-0.17524496001075576,-0.17524496001075576,-0.17524496001075576,0
2016-W26,2016-06-30,2016-07-08,-1.107026701282654,2.8239289158322056,0.5121440968104761,0.4788107634771428,0.4788107634771428,0.4788107634771428,0
2016-W27,2016-07-08,2016-07-15,5.325184932264704,3.1127691687651815,0.5645251505224379,-1.6812239463104364,-0.41720646352147184,-1.2037456260182486,3.0000000000000004
2016-W28,2016-07-15,2016-07-22,1.4082645116982428,3.0057897790518098,0.5451245706018545,0.5117912372685213,0.5117912372685213,0.5117912372685213,0
2016-W29,2016-07-22,2016-07-29,-0.33190446202310264,2.696746358926721,0.4890793705313298,0.4557460371979965,0.4557460371979965,0.4557460371979965,0
2016-W30,2016-07-29,2016-08-05,1.163566798808846,1.8257587363031995,0.3311214470169574,0.297788113683624,0.297788113683624,0.297788113683624,0
2016-W31,2016-08-05,2016-08-12,2.803295375753234,1.986584483790148,0.36028836173980916,-0.4897558635566124,-0.4897558635566124,-0.4897558635566124,0
2016-W32,2016-08-12,2016-08-19,0.7480617514900034,1.868215485678758,0.3388213003344598,0.3054879670011264,0.3054879670011264,0.3054879670011264,0
2016-W33,2016-08-19,2016-08-26,-0.12068437141221633,1.8386463036817402,0.3334587060934458,0.3001253727601125,0.3001253727601125,0.3001253727601125,0
2016-W34,2016-08-26,2016-09-02,1.559001930486792,1.90044537094796,0.34466642764833033,0.31133309431499695,0.31133309431499695,0.31133309431499695,0
2016-W35,2016-09-02,2016-09-09,3.5802242173170296,1.4365402970201997,0.26053330497146754,-1.9164839486586853,-0.7593943299372526,-0.5754276676777028,3.0000000000000004
2016-W36,2016-09-09,2016-09-15,-3.1706178905565263,1.2197923639142347,0.22122389367562642,-1.7629349663000133,-1.9558687666521635,-1.9496187666521638,5.0
2016-W37,2016-09-15,2016-09-23,1.5036715478352392,2.2639896441736784,0.41059743171089474,0.3772640983775614,0.3772640983775614,0.3772640983775614,0
2016-W38,2016-09-23,2016-09-30,-1.6436805739824867,2.2224892338098488,0.40307111770811216,0.36973778437477883,0.36973778437477883,0.36973778437477883,0
2016-W39,2016-09-30,2016-10-07,2.3808487843998583,2.4063189841860724,0.4364095042169974,0.4030761708836641,0.14003346131559308,0.4030761708836641,3.0000000000000004
2016-W40,2016-10-07,2016-10-14,-2.5931344338564255,2.270742432336183,0.41182208367055934,0.05609674881698402,-0.6264524293281589,-0.7908397238644447,4.0
2016-W41,2016-10-14,2016-10-20,0.6072739546322481,1.858478619715899,0.33705544676498467,0.30372211343165134,0.30372211343165134,0.30372211343165134,0
2016-W42,2016-10-20,2016-10-28,-1.7950828116997997,2.2438644042018434,0.4069476168149059,0.37361428348157255,0.37361428348157255,0.37361428348157255,0
2016-W43,2016-10-28,2016-11-04,-1.3600260634366257,2.151546553717055,0.3902052696403521,0.3568719363070188,0.3568719363070188,0.3568719363070188,0
2016-W44,2016-11-04,2016-11-11,-0.49256358631628583,2.000137375668678,0.36274627008155064,0.3294129367482173,0.3294129367482173,0.3294129367482173,0
2016-W45,2016-11-11,2016-11-18,-0.829426838852354,2.4080328177524897,0.43672031485701296,0.40338698152367963,0.40338698152367963,0.40338698152367963,0
2016-W46,2016-11-18,2016-11-25,1.6972551964837157,2.2174340684312903,0.40215433654732713,0.3688210032139938,0.3688210032139938,0.3688210032139938,0
2016-W47,2016-11-25,2016-12-02,-0.6980846293313081,2.2308459904939406,0.4045866596634097,0.3712533263300763,0.3712533263300763,0.3712533263300763,0
2016-W48,2016-12-02,2016-12-09,0.8693184946007904,2.0569747621360874,0.37305410144029244,0.33972076810695906,0.33972076810695906,0.33972076810695906,0
2016-W49,2016-12-09,2016-12-16,-3.2521906064912676,1.6234234413373714,0.29442627690654144,-1.3676742215806896,-1.2041143547427229,-1.197864354742723,5.0
2016-W50,2016-12-16,2016-12-23,-2.0253180948650695,1.736929271769291,0.3150115188825663,-0.006710637546549701,0.1569436146928155,-0.006710637546549701,3.0000000000000004
2016-W51,2016-12-23,2016-12-30,1.9736061299205243,1.2602420785352006,0.22855986895164285,-0.5181375157670168,-0.5181375157670168,-0.5181375157670168,0
2016-W52,2016-12-30,2017-01-06,2.283801895317472,1.4706463931359885,0.26671876998130956,-0.5797700655335069,-0.41633685711117174,-0.36922855500558793,4.0
2017-W01,2017-01-06,2017-01-13,1.9302799859845177,1.8115211276173433,0.32853934655752454,0.1764471548570114,0.17811309704738335,0.1764471548570114,3.0000000000000004
2017-W02,2017-01-13,2017-01-20,-0.22439660151504226,1.6832889736611019,0.30528340536242476,0.27195007202909144,0.27195007202909144,0.27195007202909144,0
2017-W03,2017-01-20,2017-01-27,2.0749410330762608,1.471399488756819,0.26685535097984825,-0.37001952667294286,-0.4218278027120519,-0.42852987172182916,4.0
2017-W04,2017-01-27,2017-02-03,-0.9912698392128383,1.1280038117667641,0.20457706596741393,0.1712437326340806,0.1712437326340806,0.1712437326340806,0
2017-W05,2017-02-03,2017-02-10,1.9273010759189413,1.5006771415322484,0.27216512769189666,-0.1877921400281178,0.04153872801651872,-0.1877921400281178,3.0000000000000004
2017-W06,2017-02-10,2017-02-17,1.945960321083251,1.411124085271986,0.2559238299194821,-0.3122457392251263,-0.21706604432711546,-0.625963854381306,3.0000000000000004
2017-W07,2017-02-17,2017-02-24,-0.2831062288327524,1.3002781988508836,0.23582082855389264,0.20248749522055928,0.20248749522055928,0.20248749522055928,0
2017-W08,2017-02-24,2017-03-03,-1.723206620660156,1.3367404575108732,0.24243362641440486,-0.17736587006820617,-0.17736587006820617,-0.17736587006820617,0
2017-W09,2017-03-03,2017-03-10,0.0677170971075336,1.288464664089914,0.23367832392460233,0.200344990591269,0.200344990591269,0.200344990591269,0
2017-W10,2017-03-10,2017-03-17,3.1451064828100783,1.4021929849268833,0.25430408811446964,-1.521942743102075,-1.4363318502440294,-1.4300818502440296,5.0
2017-W11,2017-03-17,2017-03-24,0.19884814300741294,1.6946245622931,0.3073392097152194,0.274005876381886,0.274005876381886,0.274005876381886,0
2017-W12,2017-03-24,2017-03-31,-1.0127143358173551,1.6947826274345608,0.3073678761536919,0.27403454282035855,0.27403454282035855,0.27403454282035855,0
2017-W13,2017-03-31,2017-04-07,0.6457929091737702,1.496411614886458,0.27139153469632604,0.23805820136299272,0.23805820136299272,0.23805820136299272,0
2017-W14,2017-04-07,2017-04-13,-0.02324372640717387,1.5501839474709258,0.28114364214924514,0.24781030881591182,0.24781030881591182,0.24781030881591182,0
2017-W15,2017-04-13,2017-04-21,-0.905299239975621,1.458075993338441,0.26443900897268685,0.23110567563935352,-0.3071634062776051,0.23110567563935352,3.0000000000000004
2017-W16,2017-04-21,2017-04-28,2.3837902942390743,1.481798265009449,0.26874126694182693,-0.6665840956211269,-0.2730511484633431,-0.5139298153627837,3.0000000000000004
2017-W17,2017-04-28,2017-05-05,-0.5638046402956398,1.178223486306464,0.2136849403820114,0.1803516070486781,0.1803516070486781,0.1803516070486781,0
2017-W18,2017-05-05,2017-05-12,2.778152155967528,1.499043964685391,0.27186893586537886,-1.0405725887500838,-0.3890519675804613,-0.464833460473274,3.0000000000000004
2017-W19,2017-05-12,2017-05-19,0.0736565692389668,1.5707270836519096,0.2848693254802532,0.25153599214691985,0.25153599214691985,0.25153599214691985,0
2017-W20,2017-05-19,2017-05-26,1.8446983300326014,1.3129030235234924,0.23811046825804333,-0.32701817158439084,-0.3050381405778369,-0.29329313282619845,4.0
2017-W21,2017-05-26,2017-06-02,1.1107229465055601,1.0362035954385131,0.18792809446723135,0.08007541006687446,0.08007541006687446,0.08007541006687446,0
2017-W22,2017-06-02,2017-06-09,0.4098058677112215,1.1400403266031396,0.2067600172925174,0.17342668395918406,0.17342668395918406,0.17342668395918406,0
2017-W23,2017-06-09,2017-06-16,-1.5512652477867594,0.8867778114224937,0.1608280423942987,-0.5369927273032956,-0.35277210293751016,-0.22370835336031997,3.0000000000000004
2017-W24,2017-06-16,2017-06-23,0.1699824926340021,1.2708711465866105,0.2304875596709357,0.19715422633760235,0.19715422633760235,0.19715422633760235,0
2017-W25,2017-06-23,2017-06-30,0.3682474089379051,1.3399708382324378,0.24301948824157726,0.2096861549082439,0.2096861549082439,0.2096861549082439,0
2017-W26,2017-06-30,2017-07-07,-1.644624004991102,1.4504269666290506,0.26305178522825445,0.035521413532860216,0.035521413532860216,0.035521413532860216,0
2017-W27,2017-07-07,2017-07-14,4.137118034855258,1.655504195362793,0.3002443993779779,-2.214702773447807,-1.0071520042090338,-0.8509369602362921,3.0000000000000004
2017-W28,2017-07-14,2017-07-21,1.200714721011753,1.7335829441252455,0.3144046350050993,0.28107130167176597,0.28107130167176597,0.28107130167176597,0
2017-W29,2017-07-21,2017-07-28,1.02336501842466,1.6017304691489598,0.2904920657732513,0.25715873243991794,0.25715873243991794,0.25715873243991794,0
2017-W30,2017-07-28,2017-08-04,2.1619801225588375,1.4795948038045803,0.2683416485498827,-0.4473770035377016,-0.4012017422995227,-0.3641682348074035,3.0000000000000004
2017-W31,2017-08-04,2017-08-11,-2.464092495995629,1.2148183552205143,0.22032180519530623,-1.062285668913151,-1.062285668913151,-1.062285668913151,0
2017-W32,2017-08-11,2017-08-18,0.6102646131599165,1.1776285954430077,0.2135770506205635,0.18024371728723018,-0.27581364440064243,-0.5970827934181973,3.0000000000000004
2017-W33,2017-08-18,2017-08-25,2.9599325725017556,1.6079372601987223,0.2916177221029667,-1.0937109235333908,-0.36639219595301953,-1.0937109235333908,3.0000000000000004
2017-W34,2017-08-25,2017-09-01,0.3770446572084696,1.9365111452564039,0.3512072147515162,0.31787388141818285,0.31787388141818285,0.31787388141818285,0
2017-W35,2017-09-01,2017-09-08,-1.0184517655022485,1.9482405290888798,0.3533344211119478,0.3200010877786144,0.3200010877786144,0.3200010877786144,0
2017-W36,2017-09-08,2017-09-15,0.5028074811857408,1.9603880509964027,0.35553745891644595,0.3222041255831126,0.3222041255831126,0.3222041255831126,0
2017-W37,2017-09-15,2017-09-22,0.26230052131395176,1.4470488748402124,0.262439136072357,0.22910580273902367,0.22910580273902367,0.22910580273902367,0
2017-W38,2017-09-22,2017-09-29,-1.1700944130266788,1.3801883645865727,0.2503133350423903,0.21698000170905693,-0.07234816030210806,0.21698000170905693,3.0000000000000004
2017-W39,2017-09-29,2017-10-06,3.27984472705245,1.0924927832132836,0.19813675647056636,-2.022548520701936,-1.2005905013024574,-0.9888509964525878,4.0
2017-W40,2017-10-06,2017-10-13,0.06462365505792711,1.8213990012012429,0.3303307754514004,0.29699744211806706,0.29699744211806706,0.29699744211806706,0
2017-W41,2017-10-13,2017-10-20,0.03796314002013634,1.766848927496255,0.32043769048159065,0.28710435714825727,0.28710435714825727,0.28710435714825727,0
2017-W42,2017-10-20,2017-10-27,-0.16986771832536718,1.9441071070391276,0.35258479600496706,0.31925146267163373,0.31925146267163373,0.31925146267163373,0
2017-W43,2017-10-27,2017-11-03,0.5793475048677221,1.9099227534110055,0.3463852197184588,0.31305188638512543,0.31305188638512543,0.31305188638512543,0
2017-W44,2017-11-03,2017-11-10,1.8085498934520494,1.6302084787528783,0.29565680259949184,0.08398205456699637,0.04740321030509977,0.08398205456699637,3.0000000000000004
2017-W45,2017-11-10,2017-11-17,0.26825780516059883,1.7568841185353148,0.31863049228601337,0.28529715895268004,0.28529715895268004,0.28529715895268004,0
2017-W46,2017-11-17,2017-11-24,2.285284966302137,1.5096847537173792,0.2737987418104325,-0.5351348041076582,-0.4397377056773534,-0.3698896400571504,3.0000000000000004
2017-W47,2017-11-24,2017-12-01,-2.6520845883832855,1.6765136817606965,0.3040546488750212,-0.7048495910809006,-0.4336605623123436,-0.3596133051202045,4.0
2017-W48,2017-12-01,2017-12-08,-1.4940738657253427,1.7962150934791101,0.3257634776593308,0.29243014432599745,-0.8546085119668133,-0.8329769482862511,4.0
2017-W49,2017-12-08,2017-12-15,0.7271678045293495,2.01137595055073,0.3647844606000846,0.3314511272667513,-0.45580208132393424,0.3314511272667513,3.0000000000000004
2017-W50,2017-12-15,2017-12-22,2.5301498310926984,2.2688002290295657,0.411469855403387,0.11678692000690524,0.11678692000690524,0.11678692000690524,0
2017-W51,2017-12-22,2017-12-29,1.1533589572225722,1.6159442946608926,0.2930698681893282,0.2597365348559948,0.2597365348559948,0.2597365348559948,0
2017-W52,2017-12-29,2018-01-05,2.993033634590092,1.9059089027576046,0.3456572788432742,-0.7748007863225373,-0.17827288895525087,-0.5135628994522902,3.0000000000000004
2018-W01,2018-01-05,2018-01-12,1.9403063783094199,2.1525962365774554,0.39039563567958685,0.3570623023462535,0.3570623023462535,0.3570623023462535,0
2018-W02,2018-01-12,2018-01-19,2.6815774453125663,1.4788119920982192,0.2681996782869293,-0.967899108260744,-0.3028576597821432,-0.5446567475891869,3.0000000000000004
2018-W03,2018-01-19,2018-01-26,2.7878887552420517,1.2515757860659138,0.22698814743983775,-1.3426581550696366,-0.7935173828127162,-0.649982189748486,4.0
2018-W04,2018-01-26,2018-02-02,-1.6659823233230675,1.529329579192624,0.2773615120717194,0.10737543460794441,0.11359662149494404,0.10737543460794441,3.0000000000000004
2018-W05,2018-02-02,2018-02-09,-9.491381886928508,1.773420789737869,0.3216295502336936,-7.429664880290275,-4.098673712890897,-4.092423712890896,5.0
2018-W06,2018-02-09,2018-02-15,5.449509885589565,3.007862488785238,0.545500454923511,-1.9294802752141393,-0.7135436749357003,-1.9294802752141393,3.0000000000000004
2018-W07,2018-02-15,2018-02-23,0.4876687736565577,3.3878018090291735,0.6144014883272272,0.5810681549938939,0.5810681549938939,0.5810681549938939,0
2018-W08,2018-02-23,2018-03-02,-2.1867047923856298,3.9842683227297533,0.7225662153895858,0.6892328820562524,0.6892328820562524,0.6892328820562524,0
2018-W09,2018-03-02,2018-03-09,1.3496244841374683,3.9937608933086564,0.724287589881771,0.6909542565484377,0.6909542565484377,0.6909542565484377,0
2018-W10,2018-03-09,2018-03-16,1.631682551924829,3.5121672504844685,0.6369545409499271,0.6036212076165938,0.6036212076165938,0.6036212076165938,0
2018-W11,2018-03-16,2018-03-23,-3.7860540594899517,3.1645589817303788,0.5739171314490231,-0.08091127964388481,-0.08091127964388481,-0.08091127964388481,0
2018-W12,2018-03-23,2018-03-29,-0.712349942223256,2.346270092713713,0.4255193820571634,0.3921860487238301,0.3921860487238301,0.3921860487238301,0
2018-W13,2018-03-29,2018-04-06,-0.8255682783232521,2.374055068465144,0.4305583088792803,0.397224975545947,0.397224975545947,0.397224975545947,0
2018-W14,2018-04-06,2018-04-13,3.2281566788339378,2.9497843758975675,0.534968019304457,0.22326238303475324,0.3796211849810631,0.22326238303475324,3.0000000000000004
2018-W15,2018-04-13,2018-04-20,-1.266054139717332,2.627408256067262,0.47650475833584427,0.443171425002511,0.443171425002511,0.443171425002511,0
2018-W16,2018-04-20,2018-04-27,-0.45255658642812113,2.8822161950825613,0.5227145278253443,0.48938119449201106,0.48938119449201106,0.48938119449201106,0
2018-W17,2018-04-27,2018-05-04,-1.169623798907915,2.4482463253508566,0.44401319084139046,0.4106798575080572,0.4106798575080572,0.4106798575080572,0
2018-W18,2018-05-04,2018-05-11,3.9949895473075703,2.6737278417065364,0.4849049177621639,-0.8696901211721999,-0.24622375357157833,-0.8696901211721999,3.0000000000000004
2018-W19,2018-05-11,2018-05-18,-0.23825668777077702,2.347749738893968,0.4257877224967001,0.3924543891633668,0.3924543891633668,0.3924543891633668,0
2018-W20,2018-05-18,2018-05-25,-1.4811660154763318,2.1268921038289825,0.3857340409764579,0.35240070764312453,0.35240070764312453,0.35240070764312453,0
2018-W21,2018-05-25,2018-06-01,-0.3110003425051966,2.3483514115681783,0.4258968385175265,0.3925635051841932,0.3925635051841932,0.3925635051841932,0
2018-W22,2018-06-01,2018-06-08,1.5259310405787208,2.323430505524706,0.4213773190422509,0.38804398570891757,-0.20775577995766603,-0.6326494310152134,3.0000000000000004
2018-W23,2018-06-08,2018-06-15,-2.095472197778714,2.191815248206006,0.3975082244960574,0.36417489116272406,0.36417489116272406,0.36417489116272406,0
2018-W24,2018-06-15,2018-06-22,-3.2029275587221684,1.9999238227277758,0.362707540823988,-0.8736295285037365,-0.6211208368385396,-0.4465317090617416,3.0000000000000004
2018-W25,2018-06-22,2018-06-29,-1.30745347941279,2.543880162666239,0.4613567116161789,0.42802337828284565,-0.8004222462435805,0.42802337828284565,3.0000000000000004
2018-W26,2018-06-29,2018-07-06,-2.2085574814893927,2.3279786459201457,0.4222021452766462,0.38886881194331285,0.23188322690246024,0.38886881194331285,3.0000000000000004
2018-W27,2018-07-06,2018-07-13,0.7410055611285049,2.4834908800592563,0.4504049182461568,0.4170715849128235,0.4170715849128235,0.4170715849128235,0
2018-W28,2018-07-13,2018-07-20,-1.0550546815222828,2.521236543487005,0.45725022061029064,0.4239168872769573,0.4239168872769573,0.4239168872769573,0
2018-W29,2018-07-20,2018-07-27,2.05424092311266,2.119886866067557,0.38446359943967473,0.35113026610634135,0.09946549464589459,0.35113026610634135,3.0000000000000004
2018-W30,2018-07-27,2018-08-03,-3.9159423943558758,2.010618370733231,0.3646470684706559,-1.5740102884853173,-1.4475014231067667,-1.4412514231067666,5.0
2018-W31,2018-08-03,2018-08-10,2.49418571663671,2.0121711799612467,0.3649286807294556,-0.15041918927935136,0.10107777979873867,-1.0200493926712966,3.0000000000000004
2018-W32,2018-08-10,2018-08-17,-4.0653733836170876,1.9918340941096944,0.36124041410335295,-1.745632208737385,-0.6082109004992485,-1.3572190286055053,3.0000000000000004
2018-W33,2018-08-17,2018-08-24,1.6846803900822716,2.2542996333185963,0.40884009916730907,0.37550676583397574,-0.19203351851141764,0.37550676583397574,3.0000000000000004
2018-W34,2018-08-24,2018-08-31,0.7830394091698389,2.2164285349801456,0.40197197768129017,0.36863864434795685,-0.6391671865503699,0.36863864434795685,3.0000000000000004
2018-W35,2018-08-31,2018-09-07,-3.281203406023614,2.224100523016024,0.403363333550541,-0.6870728827903847,-0.10912415981812991,-0.6822335873189709,3.0000000000000004
2018-W36,2018-09-07,2018-09-14,1.1601749606836576,2.506326566921851,0.4545462477334106,0.42121291440007735,0.42121291440007735,0.42121291440007735,0
2018-W37,2018-09-14,2018-09-21,2.4450630114206673,2.7004193088797086,0.4897454667427755,0.4564121334094422,0.4564121334094422,0.4564121334094422,0
2018-W38,2018-09-21,2018-09-28,-0.5904808844294229,2.4728877355635994,0.4484820006179775,0.4151486672846442,0.4151486672846442,0.4151486672846442,0
2018-W39,2018-09-28,2018-10-05,-4.375725080937065,2.5535977550505398,0.463119026138691,-1.3923416330811564,-1.2139872389272646,-1.2077372389272647,5.0
2018-W40,2018-10-05,2018-10-12,-2.901789586242154,3.075937653666062,0.5578458125349558,0.5245124792016225,-1.4955475792791477,-1.3151495118552468,5.0
2018-W41,2018-10-12,2018-10-19,-0.9305270415355005,2.933669659778135,0.5320456186668208,0.4987122853334875,0.4987122853334875,0.4987122853334875,0
2018-W42,2018-10-19,2018-10-26,-3.300951897609894,3.142821385924672,0.5699750641435453,0.37851121912499697,0.37851121912499697,0.37851121912499697,0
2018-W43,2018-10-26,2018-11-02,7.155696919590304,3.385569621013572,0.613996690736104,-3.18946394117397,-3.18946394117397,-3.18946394117397,0
2018-W44,2018-11-02,2018-11-09,-3.339190566249084,3.4974608403388014,0.634287615031372,0.6009542816980387,0.6009542816980387,0.6009542816980387,0
2018-W45,2018-11-09,2018-11-16,2.27174124743299,4.152899587924667,0.7531455036099357,0.7198121702766024,0.7198121702766024,0.7198121702766024,0
2018-W46,2018-11-16,2018-11-23,-0.9771395081011325,3.8197806954042632,0.6927380072993095,0.6594046739659761,0.6594046739659761,0.6594046739659761,0
2018-W47,2018-11-23,2018-11-30,2.233405840705349,3.3870533211309284,0.6142657533068255,0.5809324199734922,0.5809324199734922,0.5809324199734922,0
2018-W48,2018-11-30,2018-12-07,-1.6712355697133696,3.302840901060596,0.5989941623076452,0.565660828974312,0.565660828974312,0.565660828974312,0
2018-W49,2018-12-07,2018-12-14,0.11905149968396422,3.0591471312858323,0.5548008733147554,0.5214675399814221,0.5214675399814221,0.5214675399814221,0
2018-W50,2018-12-14,2018-12-21,-1.308188925411058,2.8871642740647436,0.5236118634182815,0.49027853008494815,0.49027853008494815,0.49027853008494815,0
2018-W51,2018-12-21,2018-12-28,-0.9677188656148639,2.224528675294076,0.40344098123381283,0.37010764790047945,0.37010764790047945,0.37010764790047945,0
2018-W52,2018-12-28,2019-01-04,0.47768634913827324,2.4576535986803973,0.44571923475460573,0.41238590142127246,0.41238590142127246,0.41238590142127246,0
2019-W01,2019-01-04,2019-01-11,4.063213314526171,2.655058644762272,0.4815192195825908,-0.9599687835146228,-0.4838569608911869,-0.9599687835146228,3.0000000000000004
2019-W02,2019-01-11,2019-01-18,1.5882429025164235,2.79759127628729,0.5073677416581187,0.47403440832478544,0.47403440832478544,0.47403440832478544,0
2019-W03,2019-01-18,2019-01-25,1.765834600711802,2.7914390023190867,0.5062520202869021,0.4729186869535688,0.4729186869535688,0.4729186869535688,0
2019-W04,2019-01-25,2019-02-01,1.3114305803757276,2.7291064768248297,0.49494793354914285,0.4616146002158096,0.4616146002158096,0.4616146002158096,0
2019-W06,2019-02-08,2019-02-15,-0.162742243849745,1.985184163974329,0.36003440423558436,0.32670107090225103,0.32670107090225103,0.32670107090225103,0
2019-W07,2019-02-15,2019-02-22,3.2811232300774984,1.5980915211541917,0.2898321103563725,-1.4265329319002615,-0.5648923527846295,-0.3432322080057214,4.0
2019-W08,2019-02-22,2019-03-01,-0.014335148034294587,1.8337354542213289,0.3325680860283316,0.2992347526949983,0.2992347526949983,0.2992347526949983,0
2019-W09,2019-03-01,2019-03-08,-2.0260535793827916,1.7251298723388426,0.3128716010680468,-0.021385439309232576,-0.021385439309232576,-0.021385439309232576,0
2019-W10,2019-03-08,2019-03-15,2.7767754834289615,1.7580752778131117,0.31884651862218844,-0.7331870203269965,-0.5426846493060195,-0.40943306862536827,3.0000000000000004
2019-W11,2019-03-15,2019-03-22,0.3484720259356866,2.120372794618643,0.3845517254828237,0.35121839214949035,0.35121839214949035,0.35121839214949035,0
2019-W12,2019-03-22,2019-03-29,-0.21296065219199578,1.836046024364953,0.3329871255914468,0.29965379225811345,-0.7922765695281158,0.29965379225811345,3.0000000000000004
2019-W13,2019-03-29,2019-04-04,3.046194589646456,1.8477691820557671,0.3351132094284217,-0.8966455314956151,-0.2567415394007959,-1.0689965456209225,3.0000000000000004
2019-W14,2019-04-04,2019-04-12,-0.0887234857114727,2.3204910160674794,0.4208442289978568,0.38751089566452346,0.38751089566452346,0.38751089566452346,0
2019-W15,2019-04-12,2019-04-18,0.17887137984133883,1.7059635505890705,0.3093956299768476,0.2760622966435143,0.2760622966435143,0.2760622966435143,0
2019-W16,2019-04-18,2019-04-26,-1.1956309253474462,1.6723016689678718,0.30329076461679777,0.26995743128346444,0.26995743128346444,0.26995743128346444,0
2019-W17,2019-04-26,2019-05-03,1.6096634299317847,1.3785358127186331,0.250013628520716,-0.014447322025780272,-0.014447322025780272,-0.014447322025780272,0
2019-W18,2019-05-03,2019-05-10,-5.090530598008513,1.620828520210552,0.2939556652765833,-3.209079745854714,-1.4599678440544388,-1.0164398686043694,4.0
2019-W19,2019-05-10,2019-05-17,-2.1147958543201284,2.066926010939745,0.3748588234061306,0.29365564669240923,0.29365564669240923,0.29365564669240923,0
2019-W20,2019-05-17,2019-05-24,-2.1202371610671844,2.4490415371671004,0.44415740547888666,0.41082407214555333,0.41082407214555333,0.41082407214555333,0
2019-W21,2019-05-24,2019-05-31,-1.6554836870730671,2.4540651994156137,0.44506846531327143,0.41173513197993816,0.41173513197993816,0.41173513197993816,0
2019-W22,2019-05-31,2019-06-06,0.23861283501089847,2.1320697566231304,0.3866730389092412,0.3533397055759079,0.3533397055759079,0.3533397055759079,0
2019-W23,2019-06-06,2019-06-14,0.5676570630504862,1.8635565235812974,0.33797636272902043,0.30464302939568705,-0.7232929481884794,-0.8878064234584199,3.0000000000000004
2019-W24,2019-06-14,2019-06-21,4.997949165964144,1.95833121650329,0.35516443769885614,-2.7177868450953375,-1.7226104441092085,-1.7163604441092088,5.0
2019-W25,2019-06-21,2019-06-28,0.2420064011896983,2.4194631454925952,0.4387932504262057,0.40545991709287243,0.40545991709287243,0.40545991709287243,0
2019-W26,2019-06-28,2019-07-05,0.8135586168737108,2.1376785035874413,0.38769021812576643,0.3543568847924331,0.3543568847924331,0.3543568847924331,0
2019-W27,2019-07-05,2019-07-12,-1.053736674297534,2.331340484048693,0.4228118300324702,0.38947849669913687,0.38947849669913687,0.38947849669913687,0
2019-W28,2019-07-12,2019-07-19,1.0318389289663443,2.131324743778384,0.3865379264374698,0.3532045931041365,0.3532045931041365,0.3532045931041365,0
2019-W29,2019-07-19,2019-07-26,-1.278133282545324,1.659269703626209,0.30092730656931194,0.26759397323597856,0.26759397323597856,0.26759397323597856,0
2019-W30,2019-07-26,2019-08-02,-5.208724863464664,1.6793764158826903,0.3045738299473096,-3.258107950967996,-1.4465657873295905,-0.9793381077194382,3.0000000000000004
2019-W31,2019-08-02,2019-08-09,-3.6379307304949426,1.6457564952049757,0.2984765700990355,-1.727030998524266,-1.1019248617676851,-0.9393983275785402,4.0
2019-W32,2019-08-09,2019-08-16,-0.7906152901131391,2.2125052981360813,0.40126047764592315,0.36792714431258977,-0.6834684935429749,0.36792714431258977,3.0000000000000004
2019-W33,2019-08-16,2019-08-23,1.7296400001183931,2.381512496878285,0.43191074520101524,0.3985774118676819,0.3985774118676819,0.3985774118676819,0
2019-W34,2019-08-23,2019-08-30,-1.736482973469422,2.629391621880791,0.47686444646241133,0.443531113129078,0.443531113129078,0.443531113129078,0
2019-W35,2019-08-30,2019-09-06,3.7552552709872566,2.733715885802624,0.4957838571061497,-0.559088861411819,-0.17209588259963204,-0.559088861411819,3.0000000000000004
2019-W36,2019-09-06,2019-09-13,2.479995673830526,2.8551745048315986,0.5178105055900699,0.48447717225673664,0.48447717225673664,0.48447717225673664,0
2019-W37,2019-09-13,2019-09-20,-3.3525753758931853,2.669903547355035,0.48421137415244897,-0.23179378771902903,-0.16254336792769938,-0.23179378771902903,3.0000000000000004
2019-W38,2019-09-20,2019-09-27,-1.818979342763305,2.660359617076502,0.4824805623540791,0.4491472290207458,0.4491472290207458,0.4491472290207458,0
2019-W39,2019-09-27,2019-10-04,-0.5154391312484741,2.309601465867207,0.41886935805269315,0.3855360247193598,0.3855360247193598,0.3855360247193598,0
2019-W40,2019-10-04,2019-10-11,1.8876480509202098,1.5121669319304873,0.27424890781592776,-0.13456554450714195,-0.13456554450714195,-0.13456554450714195,0
2019-W41,2019-10-11,2019-10-18,1.5627708581215982,1.765962994749281,0.3202770194785055,0.2869436861451721,-0.010803583772001102,0.2869436861451721,3.0000000000000004
2019-W42,2019-10-18,2019-10-25,-0.19532287922341407,1.8491602099587976,0.3353654828714958,0.3020321495381625,0.3020321495381625,0.3020321495381625,0
2019-W43,2019-10-25,2019-11-01,1.6250901586851496,1.823032931398189,0.3306271012990293,0.29729376796569595,0.29729376796569595,0.29729376796569595,0
2019-W44,2019-11-01,2019-11-08,2.0308687436619843,1.788262054541589,0.3243211314046925,0.04838110895096614,-0.026790724024916866,-0.6751773648550827,3.0000000000000004
2019-W45,2019-11-08,2019-11-15,-4.789966846982463,1.7155087335444064,0.31112672814698394,-2.7966647186244176,-1.066067238185941,-0.6271678680763214,4.0
2019-W46,2019-11-15,2019-11-22,1.0195745312239213,2.261784009485808,0.4101974287452194,0.3768640954118861,-1.0594231145589954,0.3768640954118861,6.000000000000001
2019-W47,2019-11-22,2019-11-29,-0.9347211703057412,2.568730958547825,0.4658634765540377,0.4325301432207044,0.4325301432207044,0.4325301432207044,0
2019-W48,2019-11-29,2019-12-06,0.5764673203106252,2.598857694077866,0.4713270423586273,0.437993709025294,0.437993709025294,0.437993709025294,0
2019-W49,2019-12-06,2019-12-13,4.4885427427174385,2.6365635639717397,0.4781650950313115,-1.4071474170477016,-1.4071474170477016,-1.4071474170477016,0
2019-W50,2019-12-13,2019-12-20,0.6630722214584273,2.255572521610368,0.4090709439414734,0.3757376106081401,0.3757376106081401,0.3757376106081401,0
2019-W51,2019-12-20,2019-12-27,1.270373761810606,1.7616843176438528,0.31950104704018056,0.2861677137068472,0.2861677137068472,0.2861677137068472,0
2019-W52,2019-12-27,2020-01-03,0.8009803884256206,1.9379751865877124,0.35147272900063936,0.318139395667306,0.318139395667306,0.318139395667306,0
2020-W01,2020-01-03,2020-01-10,0.6562016721438191,1.9617101310864675,0.3557772273080196,0.32244389397468626,0.32244389397468626,0.32244389397468626,0
2020-W02,2020-01-10,2020-01-17,1.460359640389619,2.0487343742670516,0.3715596544768779,0.33822632114354456,0.33822632114354456,0.33822632114354456,0
2020-W03,2020-01-17,2020-01-24,-3.809069733473136,1.6219385713326115,0.29415698275510854,-1.9263075127187528,-1.8097293968636012,-1.8034793968636011,5.0
2020-W04,2020-01-24,2020-01-31,-5.8569975463682695,1.8973268964018564,0.3441008695530089,-3.648903113746748,-1.226680491810084,-0.6148748363259182,4.0
2020-W05,2020-01-31,2020-02-07,4.148724913556334,2.988590339745805,0.5420054639958762,-0.6514624431479654,-0.9283613284489367,-0.9913360497741793,4.0
2020-W06,2020-02-07,2020-02-14,1.5009707799580108,3.3212861871610975,0.6023391483217277,0.5690058149883944,0.5690058149883944,0.5690058149883944,0
2020-W07,2020-02-14,2020-02-21,-1.8219598700622286,3.227818863410671,0.5853891528069202,0.5520558194735868,0.5520558194735868,0.5520558194735868,0
2020-W08,2020-02-21,2020-02-28,-4.316851725751569,2.9784162303588415,0.5401603949561837,-0.831608433769878,-0.831608433769878,-0.831608433769878,0
2020-W09,2020-02-28,2020-03-06,0.06406536326428736,2.274341119171477,0.4124747234293271,0.3791413900959938,-1.0510170836638921,0.3791413900959938,3.0000000000000004
2020-W10,2020-03-06,2020-03-13,-8.084240830441559,2.3714167211127735,0.43007983328538996,-5.3160776093767295,-2.2383117068414893,-1.4626202312076795,4.0
2020-W11,2020-03-13,2020-03-20,-5.1089936082113985,3.649145226433035,0.6617946286885129,-0.8313870864231789,-0.18977204743448733,-2.967000279594977,3.0000000000000004
2020-W12,2020-03-20,2020-03-27,2.978324447448477,4.340951001665645,0.7872459988130489,0.7539126654797156,-1.7987039118713328,0.7539126654797156,6.000000000000001
2020-W13,2020-03-27,2020-04-03,-1.0567491500921733,6.662144407729569,1.2081195183271725,1.174786184993839,1.174786184993839,1.174786184993839,0
2020-W14,2020-04-03,2020-04-09,4.5800296682628305,5.958440740056321,1.0805347748750533,1.0472014415417201,1.0472014415417201,1.0472014415417201,0
2020-W15,2020-04-09,2020-04-17,0.32785530739238844,5.823902834198656,1.0561414426546896,1.0228081093213564,1.0228081093213564,1.0228081093213564,0
2020-W16,2020-04-17,2020-04-24,-2.2504918862797374,5.915858960683581,1.072814221695202,1.0394808883618685,1.0394808883618685,1.0394808883618685,0
2020-W17,2020-04-24,2020-04-29,3.4083694152286625,2.7017894484927347,0.48999394404729113,-0.24991935602196075,-0.08340045530606521,-0.24991935602196075,3.0000000000000004
2020-W18,2020-04-29,2020-05-08,-1.6775961801679173,3.130696189014029,0.5677761832659164,0.5344428499325831,-0.9699873947874961,0.5344428499325831,3.0000000000000004
2020-W19,2020-05-08,2020-05-15,-1.785786976092807,3.559293578992934,0.6455006241675805,0.6121672908342471,0.6121672908342471,0.6121672908342471,0
2020-W20,2020-05-15,2020-05-22,-3.6446313515625217,3.3761748150660416,0.6122929829817693,0.31050311315196605,0.31050311315196605,0.31050311315196605,0
2020-W21,2020-05-22,2020-05-29,0.13663273434461054,3.1782054139074263,0.5763918809862896,0.5430585476529562,0.5430585476529562,0.5430585476529562,0
2020-W22,2020-05-29,2020-06-05,7.878151519618504,4.230427311381776,0.7672041255835034,-2.913853415986566,-0.8938549031713223,-0.9767343987606139,3.0000000000000004
2020-W23,2020-06-05,2020-06-12,-1.8935063808648955,4.076654725303027,0.7393194402479896,0.7059861069146562,0.7059861069146562,0.7059861069146562,0
2020-W24,2020-06-12,2020-06-19,1.4094251170623018,4.118477656987559,0.7469035205903639,0.7135701872570306,0.7135701872570306,0.7135701872570306,0
2020-W25,2020-06-19,2020-06-26,-0.38102908365346133,3.889197424497793,0.7053260838189429,0.6719927504856096,0.6719927504856096,0.6719927504856096,0
2020-W26,2020-06-26,2020-07-03,3.3528685689554916,2.801721817314578,0.5081168194530025,-0.07636326552123561,-0.07636326552123561,-0.07636326552123561,0
2020-W27,2020-07-03,2020-07-10,1.3963242503273632,3.03577899426857,0.5505630880680633,0.5172297547347301,-0.9331299346996084,0.5172297547347301,3.0000000000000004
2020-W28,2020-07-10,2020-07-17,-2.480779178699999,3.498499964016568,0.6344760544205592,0.6011427210872259,0.6011427210872259,0.6011427210872259,0
2020-W29,2020-07-17,2020-07-24,-1.5299025234602692,3.2428476746623587,0.5881145845746395,0.5547812512413062,0.5547812512413062,0.5547812512413062,0
2020-W30,2020-07-24,2020-07-31,-0.4451689914775958,3.545412765047144,0.6429834223887858,0.6096500890554526,0.6096500890554526,0.6096500890554526,0
2020-W31,2020-07-31,2020-08-07,-0.2591159294833001,3.3903429395314113,0.6148623112345236,0.5815289779011903,0.5815289779011903,0.5815289779011903,0
2020-W32,2020-08-07,2020-08-14,2.655310361969865,2.835779838537716,0.5142932706543015,0.4809599373209682,0.3279908451560334,0.4809599373209682,3.0000000000000004
2020-W33,2020-08-14,2020-08-21,-0.27466900310469944,2.9101315149107387,0.5277769766243665,0.49444364329103324,0.49444364329103324,0.49444364329103324,0
2020-W34,2020-08-21,2020-08-28,1.2272942132411702,2.523092752479647,0.4575868500487596,0.4242535167154263,0.4242535167154263,0.4242535167154263,0
2020-W35,2020-08-28,2020-09-04,-2.8581921075407024,2.4714677875801856,0.44822448798348524,0.02816683468963678,0.02816683468963678,0.02816683468963678,0
2020-W36,2020-09-04,2020-09-11,-0.7780327062409498,2.275682506718236,0.41271799071111737,0.379384657377784,0.379384657377784,0.379384657377784,0
2020-W37,2020-09-11,2020-09-18,-0.1954853836315995,1.7959028365306269,0.3257068474085603,0.29237351407522694,0.29237351407522694,0.29237351407522694,0
2020-W38,2020-09-18,2020-09-25,-4.988631254108045,1.8398255721577736,0.3336725754207258,-2.848466439862885,-1.097342095053254,-0.8798644641689202,3.0000000000000004
2020-W39,2020-09-25,2020-09-30,0.9624567153377006,1.4456671045005678,0.2621885388319278,0.22885520549859442,0.22885520549859442,0.22885520549859442,0
2020-W40,2020-09-30,2020-10-09,2.813754419477954,1.9245529731132822,0.3490385152038718,-0.5734962644941283,-0.22306193698327448,-1.1009196320410026,3.0000000000000004
2020-W41,2020-10-09,2020-10-16,1.1097340309879522,2.016920032693517,0.36578991659888366,0.3324565832655503,-0.8968302908889864,0.3324565832655503,6.000000000000001
2020-W42,2020-10-16,2020-10-23,2.1814689626075134,2.652475168590674,0.481050700522244,0.4477173671889107,0.4477173671889107,0.4477173671889107,0
2020-W43,2020-10-23,2020-10-30,-3.25601573549692,2.1051650630660106,0.3817937118903086,-0.8023902938739416,-0.8023902938739416,-0.8023902938739416,0
2020-W44,2020-10-30,2020-11-06,6.659985956411396,2.084359137440554,0.3780204297870897,-4.230939722517093,-1.6699571764600112,-1.0234615399457418,4.0
2020-W45,2020-11-06,2020-11-13,1.7263220068969076,2.8495613952573744,0.5167925649626447,0.48345923162931137,0.48345923162931137,0.48345923162931137,0
2020-W46,2020-11-13,2020-11-20,1.1265866565832727,2.720954567605315,0.49346957158987925,0.460136238256546,0.460136238256546,0.460136238256546,0
2020-W47,2020-11-20,2020-11-27,1.6752924053036855,2.4709829692776686,0.4481365644506576,0.4148032311173243,0.4148032311173243,0.4148032311173243,0
2020-W48,2020-11-27,2020-12-04,-0.21848100184777008,2.35996080192771,0.42800225270157377,0.3946689193682405,0.3946689193682405,0.3946689193682405,0
2020-W49,2020-12-04,2020-12-11,-1.2298843572750573,1.6058403156576848,0.29123742272621966,0.25790408939288634,-0.19593354166888086,0.25790408939288634,3.0000000000000004
2020-W50,2020-12-11,2020-12-18,-0.027426119141504834,1.6852058637677718,0.3056310495534278,0.2722977162200944,0.2722977162200944,0.2722977162200944,0
2020-W51,2020-12-18,2020-12-24,-0.4228112585253796,1.5674471220863437,0.28427447495134545,0.2509411416180121,0.2509411416180121,0.2509411416180121,0
2020-W52,2020-12-24,2020-12-31,3.200759382791274,1.6862230932397804,0.3058155326916567,-1.2420540901931603,-0.9298787909741199,-0.9236287909741199,5.0
2020-W53,2020-12-31,2021-01-08,2.3762870777995104,1.8898633741536774,0.34274730515498303,-0.1770097318241878,-0.1770097318241878,-0.1770097318241878,0
2021-W01,2021-01-08,2021-01-15,2.4952764356192203,1.7390161163536526,0.3153899851804461,-0.474203667418467,-0.2582426503723003,-0.474203667418467,4.0
2021-W02,2021-01-15,2021-01-22,3.0587055913758654,1.7456996604035917,0.3166021002920529,-1.029737164013551,-1.7164331791924163,-1.710183179192416,5.0
2021-W03,2021-01-22,2021-01-29,-3.953221329629397,1.7833442965104263,0.3234292570816901,-1.8797811093706183,-2.5509353301133393,-0.9728945377108003,11.0
2021-W04,2021-01-29,2021-02-05,3.55317147817249,3.0526040622998627,0.5536142956421856,0.019713546436232195,0.10077660828306037,0.019713546436232195,3.0000000000000004
2021-W05,2021-02-05,2021-02-11,3.021271817102966,2.9370225449317044,0.5326536639239741,0.4150710584193785,0.4150710584193785,0.4150710584193785,0
2021-W06,2021-02-11,2021-02-19,1.5614995221656436,2.9609449010403295,0.5369919770447298,0.5036586437113965,-0.37544481260656826,0.5036586437113965,3.0000000000000004
2021-W07,2021-02-19,2021-02-26,-5.431666409816838,3.304049974791752,0.5992134235635,-1.5617363447949153,-1.5617363447949153,-1.5617363447949153,0
2021-W08,2021-02-26,2021-03-05,0.4074439804963914,3.179413432363832,0.5766109523106246,0.5432776189772913,0.5432776189772913,0.5432776189772913,0
2021-W09,2021-03-05,2021-03-12,-1.232266126042092,3.791821614234193,0.6876678733423721,0.6543345400090388,0.6543345400090388,0.6543345400090388,0
2021-W10,2021-03-12,2021-03-19,0.8741168802405275,4.007477492157595,0.7267749441249307,0.6934416107915974,0.6934416107915974,0.6934416107915974,0
2021-W11,2021-03-19,2021-03-26,-2.2576355853637153,3.850033784714678,0.6982241296312149,0.6648907962978816,0.6648907962978816,0.6648907962978816,0
2021-W12,2021-03-26,2021-04-01,2.125569641332392,3.2340374006055126,0.5865168669329913,0.553183533599658,0.553183533599658,0.553183533599658,0
2021-W13,2021-04-01,2021-04-09,-0.8291288811528408,2.1716279690604243,0.3938471488772463,0.360513815543913,0.360513815543913,0.360513815543913,0
2021-W14,2021-04-09,2021-04-16,0.9439772703917049,2.7316683598339946,0.4954125350773863,0.46207920174405304,0.46207920174405304,0.46207920174405304,0
2021-W15,2021-04-16,2021-04-23,0.3763898878219596,2.508042860914036,0.4548575033306683,0.421524169997335,0.421524169997335,0.421524169997335,0
2021-W16,2021-04-23,2021-04-30,-1.2169338112023365,2.4953795633105695,0.45256097187412764,0.41922763854079437,0.41922763854079437,0.41922763854079437,0
2021-W17,2021-04-30,2021-05-07,-0.39767081823324224,2.110169477129423,0.3827012926428171,0.3493679593094838,0.3493679593094838,0.3493679593094838,0
2021-W18,2021-05-07,2021-05-14,-2.0379826049535033,2.124890923321333,0.38537111501952537,0.352037781686192,-0.5166976074994213,-0.6407231364279966,4.0
2021-W19,2021-05-14,2021-05-21,1.5373046461784723,2.086452860640439,0.37840013944075723,0.3450668061074239,0.3450668061074239,0.3450668061074239,0
2021-W20,2021-05-21,2021-05-28,2.340151870315821,2.374582166573712,0.43065390037325446,0.39732056703992114,0.3058645434327159,0.39732056703992114,3.0000000000000004
2021-W21,2021-05-28,2021-06-04,-0.7083767388529449,2.483903085757453,0.4504796731857691,0.41714633985243577,0.41714633985243577,0.41714633985243577,0
2021-W22,2021-06-04,2021-06-11,-0.2627031202817043,2.2406036805199725,0.40635626769268224,0.3730229343593489,0.3730229343593489,0.3730229343593489,0
2021-W23,2021-06-11,2021-06-18,-0.14167236229606361,1.7122627856189256,0.31053804859591827,0.27720471526258494,0.27720471526258494,0.27720471526258494,0
2021-W24,2021-06-18,2021-06-25,1.690728151224885,1.4939551758406846,0.27094603655393257,0.040839727836392885,-1.0235106578548847,0.040839727836392885,6.000000000000001
2021-W25,2021-06-25,2021-07-02,-3.33854620654942,1.4410653907122495,0.26135397405266053,-1.6694601751178428,-0.6129969881424102,-1.6694601751178428,3.0000000000000004
2021-W26,2021-07-02,2021-07-09,-3.4117503803914984,1.7495060938069666,0.3172924278670448,-1.3782851920508246,-2.060640328086274,-2.0543903280862743,5.0
2021-W27,2021-07-09,2021-07-16,2.414158905700159,2.3369865247679265,0.4238357652232183,0.3133300509576559,0.3280338041493495,0.3133300509576559,3.0000000000000004
2021-W28,2021-07-16,2021-07-23,-2.437804061207405,2.597027125845205,0.4709950640065573,0.43766173067322395,-0.5652215744049733,0.43766173067322395,6.000000000000001
2021-W29,2021-07-23,2021-07-30,-4.981158570959421,2.657452438123204,0.48195333920305156,-1.8750861269664965,-1.2028555260895413,-1.0285478758703024,4.0
2021-W30,2021-07-30,2021-08-06,0.8411495987036499,4.343433185565976,0.7876961052135506,0.7543627718802173,0.7543627718802173,0.7543627718802173,0
2021-W31,2021-08-06,2021-08-13,0.8106325845262496,4.206158793719155,0.7628033604589292,0.7294700271255959,0.7294700271255959,0.7294700271255959,0
2021-W32,2021-08-13,2021-08-20,-5.842379087407079,4.101306922918837,0.743789819197701,-1.0306156786238865,-1.0306156786238865,-1.0306156786238865,0
2021-W33,2021-08-20,2021-08-27,2.2461818727999017,4.049832155593188,0.7344554822453397,0.7011221489120064,0.7011221489120064,0.7011221489120064,0
2021-W34,2021-08-27,2021-09-03,1.944669932138443,2.617158273780328,0.474645899083605,0.44131256575027167,-0.007431761184335959,0.44131256575027167,3.0000000000000004
2021-W35,2021-09-03,2021-09-10,1.173345828351291,2.5425867737815326,0.46112215160923253,0.42778881827589926,0.42778881827589926,0.42778881827589926,0
2021-W36,2021-09-10,2021-09-17,-4.904047915002474,2.7912059387274804,0.506209753952662,-1.6399655556556716,-1.3016806364766875,-1.2108594066819414,4.0
2021-W37,2021-09-17,2021-09-24,-2.923665314490176,2.680275803530807,0.48609240377496454,0.20936955948227076,-0.018337170869847673,0.20936955948227076,3.0000000000000004
2021-W38,2021-09-24,2021-09-30,1.5851435600343855,2.784099224548618,0.5049209434400763,0.47158761010674305,0.47158761010674305,0.47158761010674305,0
2021-W39,2021-09-30,2021-10-08,1.0669466907335279,3.1274552251874645,0.5671884405489958,0.5338551072156625,0.5338551072156625,0.5338551072156625,0
2021-W40,2021-10-08,2021-10-15,1.9853221429397605,2.763603821242424,0.5012040769513225,0.46787074361798925,0.46787074361798925,0.46787074361798925,0
2021-W41,2021-10-15,2021-10-22,3.1422761732723847,3.4964814353626834,0.6341100052915813,0.600776671958248,0.600776671958248,0.600776671958248,0
2021-W42,2021-10-22,2021-10-29,-2.8694127556965765,3.3538476596798517,0.608244045620557,0.5749107122872238,0.5749107122872238,0.5749107122872238,0
2021-W43,2021-10-29,2021-11-05,-1.9967910776350073,2.832119495330831,0.51362946475602,0.4802961314226866,0.4802961314226866,0.4802961314226866,0
2021-W44,2021-11-05,2021-11-12,1.839370973136556,2.613292259632524,0.4739447877902252,0.44061145445689187,0.44061145445689187,0.44061145445689187,0
2021-W45,2021-11-12,2021-11-19,-1.0976007642242713,1.9921984371194565,0.3613064901681872,0.3279731568348539,0.3279731568348539,0.3279731568348539,0
2021-W46,2021-11-19,2021-11-26,-3.870069084568073,1.7657912645474914,0.3202458748297654,-1.8173652785241456,-1.8173652785241456,-1.8173652785241456,0
2021-W47,2021-11-26,2021-12-03,-1.303252937370114,1.7489402585667408,0.3171898090610098,0.28385647572767647,-0.748492248150043,-0.48068626942374076,7.0
2021-W48,2021-12-03,2021-12-10,0.963664924606844,2.2967061475352604,0.4165307306088771,0.3831973972755437,0.3831973972755437,0.3831973972755437,0
2021-W49,2021-12-10,2021-12-17,-3.3468044310309586,2.7462778575912337,0.49806198954441994,-0.13579791722863568,-0.13579791722863568,-0.13579791722863568,0
2021-W50,2021-12-17,2021-12-24,0.13421895273004747,2.6642088514608213,0.4831786291796126,0.44984529584627925,0.44984529584627925,0.44984529584627925,0
2021-W51,2021-12-24,2021-12-31,0.7488458286044386,2.5812341214925727,0.4681309601601717,0.4347976268268384,0.4347976268268384,0.4347976268268384,0
2021-W52,2021-12-31,2022-01-07,0.40906183316364864,2.454382393208019,0.4451259895811766,0.4117926562478433,0.4117926562478433,0.4117926562478433,0
2022-W01,2022-01-07,2022-01-14,3.788043357624593,2.1034488679250654,0.38148246948742726,-1.3364453535454328,-1.4056323157807233,-1.4166790563395457,4.0
2022-W02,2022-01-14,2022-01-21,2.3878227464022794,2.5001591119975806,0.4534277591850498,0.4200944258517165,0.4200944258517165,0.4200944258517165,0
2022-W03,2022-01-21,2022-01-28,-5.669695475687508,2.6669766089884197,0.48368056780950863,-2.5523716322229153,-0.8893545667932237,-1.5232738801799048,3.0000000000000004
2022-W05,2022-02-04,2022-02-11,1.3566401017873542,3.153954631739475,0.5719940554185529,0.5386607220852195,0.5386607220852195,0.5386607220852195,0
2022-W06,2022-02-11,2022-02-18,-2.3244755222820213,3.4298102113898894,0.6220195201385621,0.5886861868052288,0.5886861868052288,0.5886861868052288,0
2022-W07,2022-02-18,2022-02-25,-6.414624269456093,3.342663184045,0.6062157853312206,-2.4990786334132062,-1.9529508954491368,-1.946700895449137,5.0
2022-W08,2022-02-25,2022-03-04,-3.7856714658127344,3.605091628111956,0.6538058094457182,0.43989263841161025,0.43989263841161025,0.43989263841161025,0
2022-W09,2022-03-04,2022-03-11,-6.169742823954117,3.456486888542879,0.6268572044056264,-2.1197320643389457,-0.7434268764687214,-1.1515637031733164,3.0000000000000004
2022-W10,2022-03-11,2022-03-18,4.177387076972194,3.323119061099543,0.6026715332089648,-0.28492981599701306,-4.184770848577304,-1.0804891049815182,12.0
2022-W11,2022-03-18,2022-03-25,-0.03511764731100042,7.7387015715183844,1.403286073553875,1.3699527402205416,1.3699527402205416,1.3699527402205416,0
2022-W12,2022-03-25,2022-04-01,2.965071032371691,7.734173852942798,1.4024653036389119,1.3691319703055786,1.3691319703055786,1.3691319703055786,0
2022-W13,2022-04-01,2022-04-08,-0.7601834415224773,7.048677527634817,1.2781958715908106,1.2448625382574774,1.2448625382574774,1.2448625382574774,0
2022-W14,2022-04-08,2022-04-14,-1.6181854858909772,6.801752673259241,1.2334300686404767,1.2000967353071432,1.2000967353071432,1.2000967353071432,0
2022-W15,2022-04-14,2022-04-22,-4.087541935347428,5.716263253834758,1.0366248815537418,1.0032915482204086,1.0032915482204086,1.0032915482204086,0
2022-W16,2022-04-22,2022-04-29,2.1846096715770313,3.6525034723623504,0.6624036228062502,0.6290702894729169,0.6290702894729169,0.6290702894729169,0
2022-W17,2022-04-29,2022-05-06,-5.156287855045594,3.11799095511294,0.5654721123508515,-1.5061581209151436,-1.5061581209151436,-1.5061581209151436,0
2022-W18,2022-05-06,2022-05-13,-0.5159064482349596,3.5321180757073356,0.6405725088841818,0.6072391755508486,0.6072391755508486,0.6072391755508486,0
2022-W19,2022-05-13,2022-05-20,4.1131724343037135,4.252281317841225,0.7711670457650643,0.737833712431731,0.737833712431731,0.737833712431731,0
2022-W20,2022-05-20,2022-05-27,-0.09596287512277923,4.687181625832597,0.8500288985465313,0.8166955652131981,0.8166955652131981,0.8166955652131981,0
2022-W21,2022-05-27,2022-06-02,1.8590365920773344,4.138181390237162,0.7504765458495561,0.7171432125162229,0.7171432125162229,0.7171432125162229,0
2022-W22,2022-06-02,2022-06-10,3.4344195705579006,4.520332074878184,0.8197738320956373,0.7864404987623039,0.7864404987623039,0.7864404987623039,0
2022-W23,2022-06-10,2022-06-17,-3.3530847584418266,4.164820296389096,0.7553071703905848,0.7219738370572515,0.08655799978563507,0.7219738370572515,3.0000000000000004
2022-W24,2022-06-17,2022-06-24,3.05604055456703,4.1733071025697805,0.7568461422135231,0.7235128088801898,0.7235128088801898,0.7235128088801898,0
2022-W25,2022-06-24,2022-06-30,0.6479493683498649,3.4983207186725753,0.6344435492596808,0.6011102159263476,0.6011102159263476,0.6011102159263476,0
2022-W26,2022-06-30,2022-07-08,-0.613042354808857,3.939812816180855,0.7145046785516331,0.6811713452182998,0.6811713452182998,0.6811713452182998,0
2022-W27,2022-07-08,2022-07-15,-6.573106419963537,3.5342522761954114,0.6409595336798523,-2.4312279434216006,-0.9242762361773892,-2.4312279434216006,3.0000000000000004
2022-W28,2022-07-15,2022-07-22,1.5342605528464892,3.382648587027684,0.6134669738483214,0.5801336405149882,0.5801336405149882,0.5801336405149882,0
2022-W29,2022-07-22,2022-07-29,-2.1962626565123933,3.3871415768928896,0.6142817581051618,0.5809484247718285,0.5809484247718285,0.5809484247718285,0
2022-W30,2022-07-29,2022-08-05,0.22538469223216673,2.823348545878227,0.5120388462478458,0.4787055129145125,0.4787055129145125,0.4787055129145125,0
2022-W31,2022-08-05,2022-08-12,-0.130286067637575,3.3703690590392235,0.6112401335944562,0.577906800261123,0.577906800261123,0.577906800261123,0
2022-W32,2022-08-12,2022-08-19,-1.9954274559998875,3.4579943957096266,0.6271305832042712,0.5937972498709378,0.5937972498709378,0.5937972498709378,0
2022-W33,2022-08-19,2022-08-26,2.0078348120778022,2.8780610462006186,0.521960990180369,0.4886276568470357,0.4886276568470357,0.4886276568470357,0
2022-W34,2022-08-26,2022-09-02,-3.559483531615004,3.3544821936916156,0.6083591158094988,0.37002444455277084,0.37002444455277084,0.37002444455277084,0
2022-W35,2022-09-02,2022-09-09,-0.4618518856927101,2.926358404220137,0.5307197231484098,0.4973863898150765,-1.0721517495136228,0.4973863898150765,3.0000000000000004
2022-W36,2022-09-09,2022-09-16,-3.1017084629885505,2.2644487970673923,0.41068070139791324,-0.45991229785657534,-0.19899216008849568,-0.45991229785657534,3.0000000000000004
2022-W37,2022-09-16,2022-09-23,-4.4154868032794115,3.10586239790254,0.5632726193121904,-0.779685119398024,-0.09688813853140794,-0.779685119398024,3.0000000000000004
2022-W38,2022-09-23,2022-09-30,-3.961572383033718,3.3338077695531014,0.6046098901671955,-0.056488056646757816,0.03361247473945544,-0.056488056646757816,3.0000000000000004
2022-W39,2022-09-30,2022-10-07,3.003110991508473,2.6037660980318837,0.4722171941670449,0.039538967357109045,-1.581548146302098,-1.9805699247168993,4.0
2022-W40,2022-10-07,2022-10-14,-6.4958175280026005,4.297497459795087,0.7793663455042785,-1.4522870560365646,-0.6285199596359192,-0.81339461346367,3.0000000000000004
2022-W41,2022-10-14,2022-10-21,-2.2701735344253016,4.227588358648718,0.7666893205487557,0.7333559872154224,0.7333559872154224,0.7333559872154224,0
2022-W42,2022-10-21,2022-10-28,-8.31565331161631,4.4636043407171275,0.8094872273072878,-3.0758950769252262,-1.904041452700993,-1.1165557032181712,3.0000000000000004
2022-W43,2022-10-28,2022-11-04,8.733599377599122,5.27667518407898,0.9569194848630934,-2.5333380419904,-1.1889010486627067,-2.5333380419904,3.0000000000000004
2022-W44,2022-11-04,2022-11-11,7.205683096272786,5.661081601158473,1.0266196025973982,-0.5513152258502355,-0.5513152258502355,-0.5513152258502355,0
2022-W45,2022-11-11,2022-11-18,3.849082229685963,6.338372511790048,1.149419270935064,1.1160859376017307,1.1160859376017307,1.1160859376017307,0
2022-W46,2022-11-18,2022-11-25,-2.328515074607751,7.454984650463106,1.35185396868585,1.3185206353525167,1.3185206353525167,1.3185206353525167,0
2022-W47,2022-11-25,2022-12-02,6.269465449566791,6.665936575227829,1.208807031523864,1.1754736981905307,0.9631497702427158,1.1754736981905307,3.0000000000000004
2022-W48,2022-12-02,2022-12-09,6.5622307313314865,5.963863507379761,1.081517981076298,0.44981742379124445,0.44981742379124445,0.44981742379124445,0
2022-W49,2022-12-09,2022-12-16,-2.2622088290152997,6.066943066360942,1.100207321320392,1.0668739879870588,1.0668739879870588,1.0668739879870588,0
2022-W50,2022-12-16,2022-12-23,0.7320602610188853,4.934460646303801,0.8948676545394,0.8615343212060667,0.8615343212060667,0.8615343212060667,0
2022-W51,2022-12-23,2022-12-30,0.9613077493655808,3.8182796287963123,0.6924658022675881,0.6591324689342548,0.6591324689342548,0.6591324689342548,0
2022-W52,2022-12-30,2023-01-06,6.118019186653512,3.8191931481671,0.6926314608549491,-1.639527910964786,-1.0411026916093342,-1.9455187194910202,3.0000000000000004
2023-W01,2023-01-06,2023-01-13,3.558652439773269,3.9708356306415276,0.720130340894607,0.6867970075612737,0.6867970075612737,0.6867970075612737,0
2023-W02,2023-01-13,2023-01-20,1.4075855281588057,2.795558255717366,0.5069990512687377,0.47366571793540435,0.47366571793540435,0.47366571793540435,0
2023-W04,2023-01-27,2023-02-03,-4.532743631440795,2.6440495813305582,0.4795227014603291,-1.4425046819832357,-0.9653339536914128,-0.6409701348301974,3.0000000000000004
2023-W05,2023-02-03,2023-02-10,-2.170085718322756,3.012373169573506,0.5463184632955709,0.5129851299622376,0.5129851299622376,0.5129851299622376,0
2023-W06,2023-02-10,2023-02-17,-2.22085912754465,2.8151271623099774,0.510547891356965,0.47721455802363166,0.47721455802363166,0.47721455802363166,0
2023-W07,2023-02-17,2023-02-24,-3.425569373664228,3.0339656158591914,0.5502342337370968,0.12529714259873495,0.12529714259873495,0.12529714259873495,0
2023-W08,2023-02-24,2023-03-03,2.7861015076416695,2.6344132566264213,0.4777751317781585,0.29275354742956133,0.1325664465212282,0.29275354742956133,3.0000000000000004
2023-W09,2023-03-03,2023-03-10,-6.065962178721396,3.253383383812352,0.5900252038903829,-2.255886924352006,-2.255886924352006,-2.255886924352006,0
2023-W10,2023-03-10,2023-03-17,1.028316487223413,3.1387263667913508,0.569232440540293,0.5358991072069597,0.5358991072069597,0.5358991072069597,0
2023-W11,2023-03-17,2023-03-24,2.0344187102079525,3.7591220276174444,0.6817380793062688,0.6484047459729355,0.6484047459729355,0.6484047459729355,0
2023-W12,2023-03-24,2023-03-31,2.4324034886143098,4.347817214646325,0.7884910821995488,0.7551577488662155,0.7551577488662155,0.7551577488662155,0
2023-W13,2023-03-31,2023-04-06,-0.3377930724942524,3.07015445723711,0.5567970377330881,0.5234637043997548,0.5234637043997548,0.5234637043997548,0
2023-W14,2023-04-06,2023-04-14,0.5292915925281916,3.5445310891016826,0.6428235357128428,0.6094902023795095,0.6094902023795095,0.6094902023795095,0
2023-W15,2023-04-14,2023-04-21,-1.7764246960081165,3.29813124220218,0.5981400821524836,0.5648067488191503,0.5648067488191503,0.5648067488191503,0
2023-W16,2023-04-21,2023-04-28,-0.9023838835254039,2.5249377310397905,0.4579214427868298,0.4245881094534965,0.4245881094534965,0.4245881094534965,0
2023-W17,2023-04-28,2023-05-05,0.7778013394829308,2.026659339679374,0.3675562039489668,0.3342228706156335,0.3342228706156335,0.3342228706156335,0
2023-W18,2023-05-05,2023-05-12,-2.1051612299246236,2.0867007873779873,0.3784451024864443,0.3266513266064689,0.3266513266064689,0.3266513266064689,0
2023-W19,2023-05-12,2023-05-19,-0.9001261500105384,2.3617785198882983,0.4283319037915203,0.394998570458187,0.394998570458187,0.394998570458187,0
2023-W20,2023-05-19,2023-05-25,-3.6176337213762566,2.262224711940246,0.4102773523588172,-0.978464990410543,-0.978464990410543,-0.978464990410543,0
2023-W21,2023-05-25,2023-06-02,1.0829487302236984,2.627778917861736,0.4765719787397382,0.44323864540640495,-1.8510313702253298,0.44323864540640495,3.0000000000000004
2023-W22,2023-06-02,2023-06-09,2.321958688646042,2.816608441823663,0.5108165226961483,0.477483189362815,0.477483189362815,0.477483189362815,0
2023-W23,2023-06-09,2023-06-16,3.3544178715333883,3.311754908807797,0.600610685831797,0.5246143897728549,0.5246143897728549,0.5246143897728549,0
2023-W24,2023-06-16,2023-06-23,-5.7404054258060615,2.885285363174631,0.5232711223949446,-2.365182273569812,-1.0593125827143717,-0.7265951600005113,4.0
2023-W25,2023-06-23,2023-06-30,0.14006895400120456,3.318611573180521,0.6018541169424227,0.5685207836090894,0.5685207836090894,0.5685207836090894,0
2023-W26,2023-06-30,2023-07-07,-2.9113869680911453,3.1620023469138543,0.5734534913276275,0.5401201579942941,0.5401201579942941,0.5401201579942941,0
2023-W27,2023-07-07,2023-07-14,5.706725704486049,3.1410720528124174,0.5696578260699414,-2.0293291589370117,-1.691676345884742,-1.685426345884742,5.0
2023-W28,2023-07-14,2023-07-21,-1.7437075289327697,3.148684842270449,0.5710383900593169,0.5377050567259836,0.5377050567259836,0.5377050567259836,0
2023-W29,2023-07-21,2023-07-28,4.410428961843471,3.343492700318571,0.6063662148592044,-0.4939033799990267,-0.4939033799990267,-0.4939033799990267,0
2023-W30,2023-07-28,2023-08-04,-1.8933972484228345,3.825518800566704,0.693778561222864,0.6604452278895306,0.6604452278895306,0.6604452278895306,0
2023-W31,2023-08-04,2023-08-11,-2.3760710997096868,3.8538222807364555,0.6989111381692844,0.6655778048359511,0.6655778048359511,0.6655778048359511,0
2023-W32,2023-08-11,2023-08-18,-5.894252565684499,3.5343279725026004,0.6409732607622496,-1.7522846657529776,-0.5656365117372644,-1.7522846657529776,3.0000000000000004
2023-W33,2023-08-18,2023-08-25,0.9389027221139212,3.337878203380577,0.6053480476925204,0.5720147143591872,0.5720147143591872,0.5720147143591872,0
2023-W34,2023-08-25,2023-08-31,1.4496620074661015,2.4827801609691855,0.45027602685988216,0.4169426935265489,0.4169426935265489,0.4169426935265489,0
2023-W35,2023-08-31,2023-09-07,-0.9791624498027174,2.3236915578408777,0.42142466208748947,0.3880913287541561,-0.8834127768111482,0.3880913287541561,6.000000000000001
2023-W36,2023-09-07,2023-09-15,-0.10537091204855242,2.95540215369688,0.53598680168542,0.5026534683520868,0.5026534683520868,0.5026534683520868,0
2023-W37,2023-09-15,2023-09-22,-0.6898870418190151,2.8737633257220927,0.5211815969738919,0.4878482636405586,-0.8425523909497372,0.4878482636405586,3.0000000000000004
2023-W38,2023-09-22,2023-09-29,-1.372226273480015,2.6179710048361504,0.47479328986981434,0.44145995653648107,-0.7011876634078507,-0.7308049328772067,3.0000000000000004
2023-W39,2023-09-29,2023-10-06,-1.8174388767682959,2.4770696650501316,0.4492404083694516,0.4159070750361183,-0.10922210098602392,-0.5535815160216889,3.0000000000000004
2023-W40,2023-10-06,2023-10-13,1.872750290355385,2.9048046626068404,0.5268109514160247,0.4934776180826914,-1.4548470676979486,-0.9036238668916513,4.0
2023-W41,2023-10-13,2023-10-20,-3.600191919597262,3.267728922280351,0.5926267226357893,0.2268303919855364,0.2268303919855364,0.2268303919855364,0
2023-W42,2023-10-20,2023-10-27,1.319577699649832,3.2559286427033154,0.5904867788114838,0.5571534454781505,0.5571534454781505,0.5571534454781505,0
2023-W43,2023-10-27,2023-11-03,1.5253335428792703,3.255629456199568,0.5904325222566197,0.5570991889232864,0.5570991889232864,0.5570991889232864,0
2023-W44,2023-11-03,2023-11-10,-2.60901419046754,2.8805841565278567,0.5224185571029766,0.4890852237696432,0.4890852237696432,0.4890852237696432,0
2023-W45,2023-11-10,2023-11-17,1.4586170930314113,3.191726296004623,0.578843860579228,0.5455105272458947,-2.365034377091254,-1.3533114002023208,4.0
2023-W46,2023-11-17,2023-11-24,0.6028951904790913,3.6151455695451036,0.6556290248924361,0.6222956915591028,0.6222956915591028,0.6222956915591028,0
2023-W47,2023-11-24,2023-12-01,-4.15229628238849,3.6006992865937395,0.6530092871725793,0.068078958044489,0.068078958044489,0.068078958044489,0
2023-W48,2023-12-01,2023-12-08,-2.9466536011940936,3.704923667973125,0.6719096383118699,0.6385763049785366,0.6385763049785366,0.6385763049785366,0
2023-W49,2023-12-08,2023-12-15,2.8027976141900224,3.4523232479242605,0.6261021491220155,0.5927688157886821,0.5927688157886821,0.5927688157886821,0
2023-W50,2023-12-15,2023-12-22,-2.6904132908703304,2.635121697536219,0.4779036091937378,0.3892786825262897,0.3892786825262897,0.3892786825262897,0
2023-W51,2023-12-22,2023-12-29,4.326577252282671,2.0079083265863074,0.36415558394474196,-1.9878466750849495,-1.9704661291679422,-1.964216129167942,5.0
2023-W52,2023-12-29,2024-01-05,-3.003747366028342,2.726238687761406,0.4944278554120954,0.18358584381183618,0.18358584381183618,0.18358584381183618,0
2024-W01,2024-01-05,2024-01-12,-1.7583561902077771,2.8676079171714255,0.5200653110715694,0.48673197773823607,0.48673197773823607,0.48673197773823607,0
2024-W02,2024-01-12,2024-01-19,-5.761242481717154,2.8863521879670238,0.523464591377611,-2.3847590357058546,-2.586705316616856,-2.580455316616856,5.0
2024-W03,2024-01-19,2024-01-26,4.2037563044224235,3.201859314403804,0.5806814580747817,-0.4545488652771752,-0.2530807175734639,-2.1511635651460645,3.0000000000000004
2024-W04,2024-01-26,2024-02-02,-2.624528897433276,4.072407355269027,0.7385492301452228,0.7052158968118895,0.7052158968118895,0.7052158968118895,0
2024-W05,2024-02-02,2024-02-09,1.3713566864585358,4.066015496255236,0.7373901420346293,0.7040568087012959,0.7040568087012959,0.7040568087012959,0
2024-W06,2024-02-09,2024-02-16,3.768309562257377,3.468973917770344,0.6291216632895583,0.29645268546919035,0.29645268546919035,0.29645268546919035,0
2024-W07,2024-02-16,2024-02-23,2.361691307598268,4.388582448539566,0.7958832255684691,0.7625498922351358,0.7625498922351358,0.7625498922351358,0
2024-W08,2024-02-23,2024-03-01,-0.815622795913884,3.784288950614408,0.6863018894241566,0.6529685560908234,0.6529685560908234,0.6529685560908234,0
2024-W09,2024-03-01,2024-03-08,-1.4228919871251855,3.0651730369190022,0.5558936636946821,0.5225603303613487,0.5225603303613487,0.5225603303613487,0
2024-W10,2024-03-08,2024-03-15,2.247246500346267,2.840052705667774,0.5150681580686386,0.48173482473530527,-1.3460524163702783,-1.203943021325159,4.0
2024-W11,2024-03-15,2024-03-22,-1.3242112925728189,3.144593925292867,0.5702965105964808,0.5369631772631475,0.5369631772631475,0.5369631772631475,0
2024-W12,2024-03-22,2024-03-28,0.25424584524431637,2.6999533815411114,0.4896609699712119,0.45632763663787856,0.45632763663787856,0.45632763663787856,0
2024-W13,2024-03-28,2024-04-05,1.1032910165024834,2.4661228976926424,0.44725517299438294,0.4139218396610496,0.4139218396610496,0.4139218396610496,0
2024-W14,2024-04-05,2024-04-12,-0.01333699730936555,3.480426007061971,0.6311984397103858,0.5978651063770525,0.5978651063770525,0.5978651063770525,0
2024-W15,2024-04-12,2024-04-19,-2.975475690313789,3.0467504291192262,0.5525527459946616,0.5192194126613283,0.5192194126613283,0.5192194126613283,0
2024-W16,2024-04-19,2024-04-26,8.795601943212628,3.016536419378966,0.5470734651746454,-5.265325391992366,-2.228344526966118,-2.4924149688604578,3.0000000000000004
2024-W17,2024-04-26,2024-05-03,4.6726106400864165,2.7663297627228975,0.5016984299756962,-1.4379157807211458,-0.5279948078328479,-1.4379157807211458,3.0000000000000004
2024-W18,2024-05-03,2024-05-10,2.6399755340328346,3.1116094699248626,0.5643148411304378,0.5309815077971045,0.5309815077971045,0.5309815077971045,0
2024-W19,2024-05-10,2024-05-17,3.110839759062456,2.760355286974959,0.5006149509675845,0.11679714554675011,0.11679714554675011,0.11679714554675011,0
2024-W20,2024-05-17,2024-05-24,-4.831179265976315,2.408501040663086,0.43680522896951124,-2.0192063296770475,-0.9613990314720325,-0.6906972069207787,4.0
2024-W21,2024-05-24,2024-05-31,-2.8444935266641935,2.86423652022194,0.5194539066954842,0.48612057336215087,0.48612057336215087,0.48612057336215087,0
2024-W22,2024-05-31,2024-06-07,1.5893033847696136,3.0844396791060698,0.5593876427261799,0.5260543093928466,0.5260543093928466,0.5260543093928466,0
2024-W23,2024-06-07,2024-06-14,-2.314864144345552,2.5454111801067563,0.46163436626795495,0.42830103293462163,0.42830103293462163,0.42830103293462163,0
2024-W24,2024-06-14,2024-06-21,0.4834539146856498,2.630394926812054,0.47704639819592376,0.4437130648625905,-0.90395412562474,0.4437130648625905,3.0000000000000004
2024-W25,2024-06-21,2024-06-28,-1.7189994758738392,2.7001234516374937,0.48969181249317983,0.45635847915984656,0.45635847915984656,0.45635847915984656,0
2024-W26,2024-06-28,2024-07-05,0.45714648528956126,2.317109961223553,0.42023105894928925,0.3868977256159559,0.3868977256159559,0.3868977256159559,0
2024-W27,2024-07-05,2024-07-12,2.7740579805560994,2.4042957169822765,0.4360425765099508,0.03294697960279917,0.03294697960279917,0.03294697960279917,0
2024-W28,2024-07-12,2024-07-19,-4.786983765366804,2.6781826348330493,0.485712803469453,-1.6564216603976358,-0.642423928684139,-1.6564216603976358,3.0000000000000004
2024-W29,2024-07-19,2024-07-26,-2.2756713163663123,2.7263434893168292,0.49444686134310384,0.4611135280097705,0.4611135280097705,0.4611135280097705,0
2024-W30,2024-07-26,2024-08-02,-0.44532870157825144,2.9988440852298335,0.543864974072373,0.5105316407390397,0.5105316407390397,0.5105316407390397,0
2024-W31,2024-08-02,2024-08-09,0.8540357010597299,3.112462188320564,0.5644694801474789,0.5311361468141456,0.5311361468141456,0.5311361468141456,0
2024-W32,2024-08-09,2024-08-16,1.9890292768232287,3.0955712289546735,0.5614063324243035,0.5280729990909702,0.5280729990909702,0.5280729990909702,0
2024-W33,2024-08-16,2024-08-23,1.0438197440185926,2.6795123198556268,0.4859539444963389,0.45262061116300556,0.45262061116300556,0.45262061116300556,0
2024-W34,2024-08-23,2024-08-30,2.140407512369147,2.5013232842983824,0.453638885741474,0.42030555240814066,0.42030555240814066,0.42030555240814066,0
2024-W35,2024-08-30,2024-09-05,-3.02833621630495,2.0093835577760593,0.3644231269356847,-0.6878628649265374,-0.6348762662930789,-0.6153796166347144,4.0
2024-W36,2024-09-05,2024-09-13,-0.4311490523073336,2.0371333387482857,0.369455731900329,0.33612239856699566,0.33612239856699566,0.33612239856699566,0
2024-W37,2024-09-13,2024-09-20,5.121053991611801,1.940186004318575,0.3518736764075748,-2.8623276442189765,-1.4556644837846828,-1.449414483784683,5.0
2024-W38,2024-09-20,2024-09-27,13.00063711519035,2.2775762256716536,0.41306142601109147,-10.343332796840928,-3.1988563309518345,-1.4064872144795615,4.0
2024-W39,2024-09-27,2024-10-04,10.200357108440205,3.1000737836028605,0.5622228635659022,-6.571393794604787,-5.1568683077458735,-5.150618307745872,5.0
2024-W40,2024-10-04,2024-10-10,-6.530752596987421,4.041631633325017,0.7329684121381486,-1.7894858848575952,-3.2259741654173655,-3.2197241654173645,5.0
2024-W41,2024-10-10,2024-10-18,-2.1074322668824808,7.113742721960034,1.2899915519690093,1.256658218635676,1.256658218635676,1.256658218635676,0
2024-W42,2024-10-18,2024-10-25,-1.0284457773141242,7.631067729028189,1.3837744471708937,1.3504411138375603,1.3504411138375603,1.3504411138375603,0
2024-W43,2024-10-25,2024-11-01,-0.40660559314379396,7.659731629845916,1.3889706000743518,1.3556372667410186,1.3556372667410186,1.3556372667410186,0
2024-W44,2024-11-01,2024-11-08,1.0814157754637233,6.3388007961468915,1.149496920683394,1.1161635873500608,1.1161635873500608,1.1161635873500608,0
2024-W45,2024-11-08,2024-11-15,-6.280575601255578,3.9754482789820313,0.7209667953859795,-1.6174938602208926,-0.4039421274978766,-1.5718038922359068,3.0000000000000004
2024-W46,2024-11-15,2024-11-22,-1.0108396239561168,3.660601987155703,0.663872230616166,0.6305388972828327,0.6305388972828327,0.6305388972828327,0
2024-W47,2024-11-22,2024-11-29,1.006962906311304,2.954895291869146,0.5358948824506958,0.5025615491173625,0.5025615491173625,0.5025615491173625,0
2024-W48,2024-11-29,2024-12-06,2.2768179993580606,3.266263158356068,0.5923609110016363,0.559027577668303,0.559027577668303,0.559027577668303,0
2024-W49,2024-12-06,2024-12-13,0.5305115415263462,2.6742925305328593,0.4850073252270343,0.45167399189370105,-0.8895962795756224,0.45167399189370105,3.0000000000000004
2024-W50,2024-12-13,2024-12-20,-1.254509047433927,2.561957126206976,0.46463502259635997,0.4313016892630267,0.4313016892630267,0.4313016892630267,0
2024-W51,2024-12-20,2024-12-27,1.8749929434471513,2.2277708891457255,0.4040289738485453,0.370695640515212,0.370695640515212,0.370695640515212,0
2024-W52,2024-12-27,2025-01-03,-1.6435232983314951,2.442974815395569,0.44305718267598493,0.4097238493426516,0.4097238493426516,0.4097238493426516,0
2025-W01,2025-01-03,2025-01-10,-3.5221203215337615,2.674204599778989,0.48499137880651155,-0.3962576762815877,-0.3962576762815877,-0.3962576762815877,0
2025-W02,2025-01-10,2025-01-17,2.726414201290117,2.0955375103939913,0.38004769655422366,-0.2841623276752363,-0.0953955597817312,-0.2841623276752363,3.0000000000000004
2025-W03,2025-01-17,2025-01-24,2.461843421572407,2.1515479974794687,0.3902055314749979,0.04657677404873198,-1.2047620102623695,0.04657677404873198,6.000000000000001
2025-W05,2025-01-28,2025-02-07,4.491593447810471,2.572536500037019,0.4665536222840451,-1.4858366588227434,-0.4703245565627896,-1.4858366588227434,3.0000000000000004
2025-W06,2025-02-07,2025-02-14,7.035220230875616,2.7425465143390686,0.49738530497889244,-3.8286217448909796,-1.6678213948660445,-3.8286217448909796,3.0000000000000004
2025-W07,2025-02-14,2025-02-21,3.7912348793677886,2.729995685369627,0.49510919292858024,-0.5994633344029279,-0.5994633344029279,-0.5994633344029279,0
2025-W08,2025-02-21,2025-02-28,-2.2855500451512967,3.296561902145793,0.5978554877763818,0.5645221544430484,0.5645221544430484,0.5645221544430484,0
2025-W09,2025-02-28,2025-03-07,5.6229565307412965,3.858520100877203,0.6997630439586227,-1.098006719238825,-1.585664750649806,-1.7013292585025512,4.0
2025-W10,2025-03-07,2025-03-14,-1.1197100599318444,4.486626678167237,0.8136619396912156,0.7803286063578823,0.7803286063578823,0.7803286063578823,0
2025-W11,2025-03-14,2025-03-21,-1.1279632133986417,4.5251816335194075,0.8206532146917673,0.787319881358434,0.787319881358434,0.787319881358434,0
2025-W12,2025-03-21,2025-03-28,-1.11069732331327,4.46361078003956,0.8094883949707095,0.7761550616373761,0.7761550616373761,0.7761550616373761,0
2025-W13,2025-03-28,2025-04-03,-2.4621117538081716,3.6180107693942936,0.6561486096425859,0.6228152763092526,0.6228152763092526,0.6228152763092526,0
2025-W14,2025-04-03,2025-04-11,-8.468871502370733,3.450438644646648,0.6257603857390284,-4.426005805318394,-9.186731426227107,-9.180481426227109,5.0
2025-W15,2025-04-11,2025-04-17,2.297194863695262,6.991532597050935,1.2678359883870693,1.2345026550537361,1.2345026550537361,1.2345026550537361,0
2025-W16,2025-04-17,2025-04-25,2.7370682887250197,6.917494755237471,1.2544134710926587,1.2210801377593254,1.2210801377593254,1.2210801377593254,0
2025-W17,2025-04-25,2025-05-02,2.3836297028142273,7.031547919829852,1.2750904281210536,1.2417570947877203,1.2417570947877203,1.2417570947877203,0
2025-W18,2025-05-02,2025-05-09,1.6132668934482064,6.970762040035085,1.264070449632837,1.2307371162995038,1.2307371162995038,1.2307371162995038,0
2025-W19,2025-05-09,2025-05-16,2.0872659125168003,7.811062968522921,1.4164034498873261,1.3830701165539927,1.3830701165539927,1.3830701165539927,0
2025-W20,2025-05-16,2025-05-23,1.0974873722732648,3.0001799218343344,0.544107227103517,0.5107738937701837,0.5107738937701837,0.5107738937701837,0
2025-W21,2025-05-23,2025-05-30,-1.3198034234964129,2.7426750147703,0.4974086087222425,0.46407527538890925,0.46407527538890925,0.46407527538890925,0
2025-W22,2025-05-30,2025-06-06,2.1587570051965876,2.720370000648925,0.49336355940358184,0.4600302260702485,0.4600302260702485,0.4600302260702485,0
2025-W23,2025-06-06,2025-06-13,0.4203901236108365,2.856904480979106,0.5181242376989443,0.484790904365611,0.484790904365611,0.484790904365611,0
2025-W24,2025-06-13,2025-06-20,-1.515451127201839,2.244763460829596,0.40711066537679663,0.3737773320434633,-0.36511422082778483,0.3737773320434633,3.0000000000000004
2025-W25,2025-06-20,2025-06-27,3.2029516901532107,2.374932541527428,0.43071744236698445,-0.4306350395921333,-0.16134324191050245,-1.2403062722005038,3.0000000000000004
2025-W26,2025-06-27,2025-07-04,-1.5157616710037458,2.2890528416338034,0.4151427665683102,0.3818094332349768,0.3818094332349768,0.3818094332349768,0
2025-W27,2025-07-04,2025-07-11,0.9345592899253852,2.4249888442141354,0.439795357613726,0.4064620242803927,0.4064620242803927,0.4064620242803927,0
2025-W28,2025-07-11,2025-07-18,2.8421791890584247,2.336901740666157,0.42382038924197957,-0.11479039248361701,-0.11479039248361701,-0.11479039248361701,0
2025-W29,2025-07-18,2025-07-25,2.2665639084056277,2.2412207582420414,0.4064681779379495,0.3477916944410359,-0.017811409603748857,-0.7753610288705453,3.0000000000000004
2025-W30,2025-07-25,2025-08-01,-3.468280042019145,1.7854628596091615,0.3238134752752036,-1.3923370404681077,-0.5606712931145948,-1.3923370404681077,4.0
2025-W31,2025-08-01,2025-08-08,1.4322363270829142,2.118582440363679,0.3842270340450841,0.35089370071175074,-0.1983408821289078,0.35089370071175074,3.0000000000000004
2025-W32,2025-08-08,2025-08-15,1.6543423816181901,2.0793084792595926,0.3771044615718226,0.3437711282384892,-0.7669920738945563,-0.6134667767864239,4.0
2025-W33,2025-08-15,2025-08-22,0.2733285331059543,2.358918282883584,0.42781318730986784,0.39447985397653457,0.39447985397653457,0.39447985397653457,0
2025-W34,2025-08-22,2025-08-29,-1.032085058626564,2.152834366416662,0.3904388218980062,0.35710548856467283,0.35710548856467283,0.35710548856467283,0
2025-W35,2025-08-29,2025-09-05,1.3572314270202224,2.287138277561243,0.4147955510516311,0.38146221771829775,0.38146221771829775,0.38146221771829775,0
2025-W36,2025-09-05,2025-09-12,3.8169031119241748,2.4859337606611405,0.45084794313673354,-0.9134547414596474,-0.47365953332004773,-0.9134547414596474,3.0000000000000004
2025-W37,2025-09-12,2025-09-19,0.5947343512989534,2.3543055642448527,0.42697665050393224,0.3936433171705989,0.3936433171705989,0.3936433171705989,0
2025-W38,2025-09-19,2025-09-26,-1.5705361696128683,2.556732715230497,0.4636875604168913,0.430354227083558,0.430354227083558,0.430354227083558,0
2025-W39,2025-09-26,2025-10-03,3.875968238937255,2.023586967559669,0.3669990091282447,-1.5187155955826772,-0.8671750278456821,-0.4265646493543522,3.0000000000000004
2025-W40,2025-10-03,2025-10-10,-3.1340117130275846,2.143244930322558,0.3886997221224907,-0.6354003939158706,-0.6354003939158706,-0.6354003939158706,0
2025-W41,2025-10-10,2025-10-17,-3.9680790904209284,2.2776916994121708,0.41308236774437623,-1.310638356597729,-2.2425418104740817,-0.5717732621787697,7.0
2025-W42,2025-10-17,2025-10-24,3.616458109552334,2.771647616305998,0.502662829447727,-0.37548099713195204,-0.06410661906098701,-0.37548099713195204,3.0000000000000004
2025-W43,2025-10-24,2025-10-31,-0.9690311264068496,2.7994236163629656,0.5077000384023844,0.4743667050690511,0.4743667050690511,0.4743667050690511,0
2025-W44,2025-10-31,2025-11-07,1.2937978567128638,2.889583664671687,0.5240506205473111,0.4907172872139777,0.4907172872139777,0.4907172872139777,0
2025-W45,2025-11-07,2025-11-14,1.2599382679892024,3.0567993958147457,0.5543751143618529,0.5210417810285196,-0.6272206814439898,0.5210417810285196,3.0000000000000004
2025-W46,2025-11-14,2025-11-21,-5.089635504332934,2.6675275020058122,0.48378047340588254,-1.971660862254563,-0.5966205556783524,-1.971660862254563,3.0000000000000004
2025-W47,2025-11-21,2025-11-28,2.5331903211192053,2.3949610061276445,0.43434968848813243,0.26278704016321836,0.1741993035251154,0.26278704016321836,3.0000000000000004
2025-W48,2025-11-28,2025-12-05,0.8747067165608469,2.787011546957015,0.5054490963950844,0.4721157630617511,0.4721157630617511,0.4721157630617511,0
2025-W49,2025-12-05,2025-12-12,-0.4151454214465389,2.5167728783384438,0.4564407205518123,0.42310738721847896,0.42310738721847896,0.42310738721847896,0
2025-W50,2025-12-12,2025-12-19,-1.1019828699238454,2.4053718774108157,0.436237742568619,0.4029044092352857,-0.6520589786780229,0.4029044092352857,3.0000000000000004
2025-W51,2025-12-19,2025-12-24,0.4997965948510874,1.9685945947947208,0.35702577237307825,0.32369243903974493,0.32369243903974493,0.32369243903974493,0
2025-W52,2025-12-24,2026-01-02,2.012248462323085,1.7942233052862995,0.3254022512136333,0.0740437608434897,0.0740437608434897,0.0740437608434897,0
2026-W01,2026-01-02,2026-01-09,-0.40504113480036574,2.091228868126429,0.3792662978400407,0.3459329645067073,0.3459329645067073,0.3459329645067073,0
2026-W02,2026-01-09,2026-01-16,2.337514507832661,2.522647515873535,0.4575061049683602,0.42417277163502687,0.06623508964493194,0.42417277163502687,3.0000000000000004
2026-W03,2026-01-16,2026-01-23,-0.35556457726731994,2.2792361380053876,0.4133624593040531,0.3800291259707197,0.3800291259707197,0.3800291259707197,0
2026-W04,2026-01-23,2026-01-30,2.3835936245619083,2.16975831616975,0.3935080767686465,0.14633943504316135,-1.5040557665080647,-1.4978057665080646,5.0
2026-W05,2026-01-30,2026-02-06,-3.0202535978662404,2.367243161097759,0.42932294019894723,-0.2570208299028725,-0.2570208299028725,-0.2570208299028725,0
2026-W06,2026-02-06,2026-02-13,0.026995239395777304,2.444953066150887,0.443415945917615,0.4100826125842817,-1.1733279048154042,0.4100826125842817,3.0000000000000004
2026-W08,2026-02-20,2026-02-27,0.8222715268491054,2.6918985329859453,0.4882002082394762,0.45486687490614286,0.45486687490614286,0.45486687490614286,0
2026-W09,2026-02-27,2026-03-06,-3.279130016672005,3.258209663195156,0.5909004348536244,0.5366467480434386,-0.9938457477958953,-1.3702188717557287,4.0
2026-W10,2026-03-06,2026-03-13,-1.1324540110460246,2.897153095161657,0.525423338453528,0.4920900051201947,0.4920900051201947,0.4920900051201947,0
2026-W11,2026-03-13,2026-03-20,-0.7393475895446255,3.143999971505681,0.5701887982738273,0.536855464940494,0.536855464940494,0.536855464940494,0
2026-W12,2026-03-20,2026-03-27,-1.287476081727168,3.278174352091242,0.5945209675700409,0.5611876342367076,-1.7095550762340483,0.5611876342367076,6.000000000000001
2026-W13,2026-03-27,2026-04-02,0.659863833223362,3.3391316040122514,0.6055753470454196,0.5722420137120863,0.5722420137120863,0.5722420137120863,0
2026-W14,2026-04-02,2026-04-10,3.0936191718243355,2.7717846825156602,0.5026876865751128,0.14751986393311092,0.14501095399900144,0.14751986393311092,3.0000000000000004
2026-W15,2026-04-10,2026-04-17,1.0303381665250022,3.7619192458854167,0.6822453316922984,0.6489119983589652,0.6489119983589652,0.6489119983589652,0
2026-W16,2026-04-17,2026-04-24,-0.6967028515339813,3.6359438763936978,0.6594006561740557,0.6260673228407224,0.6260673228407224,0.6260673228407224,0
2026-W17,2026-04-24,2026-04-30,-0.7758121107556804,2.6887724665225323,0.4876332901463453,0.454299956813012,0.454299956813012,0.454299956813012,0
2026-W18,2026-04-30,2026-05-08,2.3943550875944464,2.635724437152204,0.478012917429428,0.44467958409609465,-0.2821192483113242,0.44467958409609465,4.0
2026-W19,2026-05-08,2026-05-15,-1.6328907661774306,2.3044062702174823,0.41792718469599976,0.38459385136266644,0.38459385136266644,0.38459385136266644,0
2026-W20,2026-05-15,2026-05-22,-1.3738969878547391,2.2422186234226635,0.40664914595836144,0.3733158126250281,0.3733158126250281,0.3733158126250281,0
2026-W21,2026-05-22,2026-05-29,-1.6544489071825819,1.961430251758595,0.3557264692520924,0.32239313591875907,-0.09429976914502797,0.32239313591875907,3.0000000000000004
2026-W22,2026-05-29,2026-06-05,-0.8753791867208816,2.292681320777646,0.41580080885995213,0.3824674755266188,-2.1210842561211787,-0.7237726970755994,8.0
2026-W23,2026-06-05,2026-06-12,-0.9768852874351364,2.4987440521521473,0.45317113331631853,0.4198377999829852,-0.7107726293047795,0.4198377999829852,3.0000000000000004
2026-W24,2026-06-12,2026-06-18,-3.2093448729332064,2.1226701167217206,0.3849683585382921,-0.7350397310065256,-0.7350397310065256,-0.7350397310065256,0
2026-W25,2026-06-18,2026-06-26,-5.237036963867025,2.593975009492669,0.4704415546404931,-2.2059537330671954,-0.8565412315967272,-0.5129381062291103,4.0
2026-W26,2026-06-26,2026-07-03,2.9912408623300246,2.440097555234334,0.4425353806345537,-0.14194125979446126,-0.14194125979446126,-0.14194125979446126,0
2026-W27,2026-07-03,2026-07-10,3.5335709144503014,2.4430223739087156,0.44306580759219305,-0.6808160662827298,-0.7692139809166365,-0.7850634595751131,4.0
2026-W28,2026-07-10,2026-07-17,1.601320314072252,3.0127210709103167,0.5463815549186796,0.5130482215853462,-0.5985168979271369,0.5130482215853462,3.0000000000000004
2026-W29,2026-07-17,2026-07-24,1.6325474816169638,2.905764977956313,0.5269851047205665,0.49365177138723315,0.49365177138723315,0.49365177138723315,0
2026-W30,2026-07-24,2026-07-31,3.690224387837926,2.980755222682611,0.5405845699849898,-0.2022179285036552,-0.0220740232958863,-0.2022179285036552,3.0000000000000004
2026-W31,2026-07-31,2026-08-07,-0.8360253373845938,2.676444243289064,0.4853975426798259,0.4520642093464926,0.4520642093464926,0.4520642093464926,0
2026-W32,2026-08-07,2026-08-14,-2.1473393267752883,2.436151076968069,0.4418196717376299,0.4084863384042966,0.4084863384042966,0.4084863384042966,0
2026-W33,2026-08-14,2026-08-21,3.553834744433182,2.4741296092326452,0.44870721882790443,-0.664331249705962,-0.664331249705962,-0.664331249705962,0
2026-W34,2026-08-21,2026-08-28,-1.6327592333438723,2.0260881934181687,0.36745262283541663,0.3341192895020833,0.3341192895020833,0.3341192895020833,0
2026-W35,2026-08-28,2026-09-04,0.2582787685432075,2.008419787225324,0.3642483407358432,0.3309150074025099,0.3309150074025099,0.3309150074025099,0
2026-W36,2026-09-04,2026-09-11,-3.2951642948867543,1.880572045339896,0.3410622542178466,-1.1068633286623462,-0.647661221719241,-0.5266106949834648,4.0
2026-W37,2026-09-11,2026-09-18,-0.22112544853608584,2.030625858397914,0.3682755580316351,0.3349422246983017,0.3349422246983017,0.3349422246983017,0
2026-W38,2026-09-18,2026-09-25,-0.9724520195426245,1.8530524445339844,0.33607136902711604,0.3027380356937827,0.3027380356937827,0.3027380356937827,0
