nohup: ignoring input
Error 321, reqId -1: Error validating request.-'cp' : cause - The API interface is currently in Read-Only mode.
Error 321, reqId -1: Error validating request.-'bZ' : cause - The API interface is currently in Read-Only mode.
open orders request timed out
completed orders request timed out
2026-09-29 00:10:00 == job=iv 連線 port 4002
2026-09-29 00:10:01 EUR：6EZ6 conId 532281583
2026-09-29 00:10:10   fut_EUR_D1_option_implied_volatility.csv.gz：+241 筆（共 241），最早 2025-09-29 00:00:00
Error 10339, reqId 5: Setting end date/time for continuous future security type is not allowed., contract: ContFuture(conId=532281583, symbol='EUR', lastTradeDateOrContractMonth='20261214', multiplier='125000', exchange='CME', currency='USD', localSymbol='6EZ6', tradingClass='6E')
2026-09-29 00:10:21   fut_EUR_D1_option_implied_volatility.csv.gz：空回應（第 1 次），end=20250928 23:59:59 UTC
Error 10339, reqId 6: Setting end date/time for continuous future security type is not allowed., contract: ContFuture(conId=532281583, symbol='EUR', lastTradeDateOrContractMonth='20261214', multiplier='125000', exchange='CME', currency='USD', localSymbol='6EZ6', tradingClass='6E')
2026-09-29 00:10:32   fut_EUR_D1_option_implied_volatility.csv.gz：空回應（第 2 次），end=20250928 23:59:59 UTC
Error 10339, reqId 7: Setting end date/time for continuous future security type is not allowed., contract: ContFuture(conId=532281583, symbol='EUR', lastTradeDateOrContractMonth='20261214', multiplier='125000', exchange='CME', currency='USD', localSymbol='6EZ6', tradingClass='6E')
2026-09-29 00:10:43   fut_EUR_D1_option_implied_volatility.csv.gz：空回應（第 3 次），end=20250928 23:59:59 UTC
2026-09-29 00:10:56   fut_EUR_D1_historical_volatility.csv.gz：+250 筆（共 250），最早 2025-09-29 00:00:00
Error 10339, reqId 9: Setting end date/time for continuous future security type is not allowed., contract: ContFuture(conId=532281583, symbol='EUR', lastTradeDateOrContractMonth='20261214', multiplier='125000', exchange='CME', currency='USD', localSymbol='6EZ6', tradingClass='6E')
2026-09-29 00:11:07   fut_EUR_D1_historical_volatility.csv.gz：空回應（第 1 次），end=20250928 23:59:59 UTC
Error 10339, reqId 10: Setting end date/time for continuous future security type is not allowed., contract: ContFuture(conId=532281583, symbol='EUR', lastTradeDateOrContractMonth='20261214', multiplier='125000', exchange='CME', currency='USD', localSymbol='6EZ6', tradingClass='6E')
2026-09-29 00:11:18   fut_EUR_D1_historical_volatility.csv.gz：空回應（第 2 次），end=20250928 23:59:59 UTC
Error 10339, reqId 11: Setting end date/time for continuous future security type is not allowed., contract: ContFuture(conId=532281583, symbol='EUR', lastTradeDateOrContractMonth='20261214', multiplier='125000', exchange='CME', currency='USD', localSymbol='6EZ6', tradingClass='6E')
2026-09-29 00:11:29   fut_EUR_D1_historical_volatility.csv.gz：空回應（第 3 次），end=20250928 23:59:59 UTC
2026-09-29 00:11:41 JPY：6JZ6 conId 532281568
2026-09-29 00:11:43   fut_JPY_D1_option_implied_volatility.csv.gz：+236 筆（共 236），最早 2025-09-29 00:00:00
Error 10339, reqId 14: Setting end date/time for continuous future security type is not allowed., contract: ContFuture(conId=532281568, symbol='JPY', lastTradeDateOrContractMonth='20261214', multiplier='12500000', exchange='CME', currency='USD', localSymbol='6JZ6', tradingClass='6J')
2026-09-29 00:11:54   fut_JPY_D1_option_implied_volatility.csv.gz：空回應（第 1 次），end=20250928 23:59:59 UTC
Error 10339, reqId 15: Setting end date/time for continuous future security type is not allowed., contract: ContFuture(conId=532281568, symbol='JPY', lastTradeDateOrContractMonth='20261214', multiplier='12500000', exchange='CME', currency='USD', localSymbol='6JZ6', tradingClass='6J')
2026-09-29 00:12:05   fut_JPY_D1_option_implied_volatility.csv.gz：空回應（第 2 次），end=20250928 23:59:59 UTC
Error 10339, reqId 16: Setting end date/time for continuous future security type is not allowed., contract: ContFuture(conId=532281568, symbol='JPY', lastTradeDateOrContractMonth='20261214', multiplier='12500000', exchange='CME', currency='USD', localSymbol='6JZ6', tradingClass='6J')
2026-09-29 00:12:16   fut_JPY_D1_option_implied_volatility.csv.gz：空回應（第 3 次），end=20250928 23:59:59 UTC
2026-09-29 00:12:29   fut_JPY_D1_historical_volatility.csv.gz：+250 筆（共 250），最早 2025-09-29 00:00:00
Error 10339, reqId 18: Setting end date/time for continuous future security type is not allowed., contract: ContFuture(conId=532281568, symbol='JPY', lastTradeDateOrContractMonth='20261214', multiplier='12500000', exchange='CME', currency='USD', localSymbol='6JZ6', tradingClass='6J')
2026-09-29 00:12:40   fut_JPY_D1_historical_volatility.csv.gz：空回應（第 1 次），end=20250928 23:59:59 UTC
Error 10339, reqId 19: Setting end date/time for continuous future security type is not allowed., contract: ContFuture(conId=532281568, symbol='JPY', lastTradeDateOrContractMonth='20261214', multiplier='12500000', exchange='CME', currency='USD', localSymbol='6JZ6', tradingClass='6J')
2026-09-29 00:12:51   fut_JPY_D1_historical_volatility.csv.gz：空回應（第 2 次），end=20250928 23:59:59 UTC
Error 10339, reqId 20: Setting end date/time for continuous future security type is not allowed., contract: ContFuture(conId=532281568, symbol='JPY', lastTradeDateOrContractMonth='20261214', multiplier='12500000', exchange='CME', currency='USD', localSymbol='6JZ6', tradingClass='6J')
2026-09-29 00:13:02   fut_JPY_D1_historical_volatility.csv.gz：空回應（第 3 次），end=20250928 23:59:59 UTC
2026-09-29 00:13:13 GBP：6BZ6 conId 532281525
2026-09-29 00:13:16   fut_GBP_D1_option_implied_volatility.csv.gz：+237 筆（共 237），最早 2025-09-29 00:00:00
Error 10339, reqId 23: Setting end date/time for continuous future security type is not allowed., contract: ContFuture(conId=532281525, symbol='GBP', lastTradeDateOrContractMonth='20261214', multiplier='62500', exchange='CME', currency='USD', localSymbol='6BZ6', tradingClass='6B')
2026-09-29 00:13:27   fut_GBP_D1_option_implied_volatility.csv.gz：空回應（第 1 次），end=20250928 23:59:59 UTC
Error 10339, reqId 24: Setting end date/time for continuous future security type is not allowed., contract: ContFuture(conId=532281525, symbol='GBP', lastTradeDateOrContractMonth='20261214', multiplier='62500', exchange='CME', currency='USD', localSymbol='6BZ6', tradingClass='6B')
2026-09-29 00:13:38   fut_GBP_D1_option_implied_volatility.csv.gz：空回應（第 2 次），end=20250928 23:59:59 UTC
Error 10339, reqId 25: Setting end date/time for continuous future security type is not allowed., contract: ContFuture(conId=532281525, symbol='GBP', lastTradeDateOrContractMonth='20261214', multiplier='62500', exchange='CME', currency='USD', localSymbol='6BZ6', tradingClass='6B')
2026-09-29 00:13:49   fut_GBP_D1_option_implied_volatility.csv.gz：空回應（第 3 次），end=20250928 23:59:59 UTC
2026-09-29 00:14:02   fut_GBP_D1_historical_volatility.csv.gz：+250 筆（共 250），最早 2025-09-29 00:00:00
Error 10339, reqId 27: Setting end date/time for continuous future security type is not allowed., contract: ContFuture(conId=532281525, symbol='GBP', lastTradeDateOrContractMonth='20261214', multiplier='62500', exchange='CME', currency='USD', localSymbol='6BZ6', tradingClass='6B')
2026-09-29 00:14:13   fut_GBP_D1_historical_volatility.csv.gz：空回應（第 1 次），end=20250928 23:59:59 UTC
Error 10339, reqId 28: Setting end date/time for continuous future security type is not allowed., contract: ContFuture(conId=532281525, symbol='GBP', lastTradeDateOrContractMonth='20261214', multiplier='62500', exchange='CME', currency='USD', localSymbol='6BZ6', tradingClass='6B')
2026-09-29 00:14:24   fut_GBP_D1_historical_volatility.csv.gz：空回應（第 2 次），end=20250928 23:59:59 UTC
Error 10339, reqId 29: Setting end date/time for continuous future security type is not allowed., contract: ContFuture(conId=532281525, symbol='GBP', lastTradeDateOrContractMonth='20261214', multiplier='62500', exchange='CME', currency='USD', localSymbol='6BZ6', tradingClass='6B')
2026-09-29 00:14:35   fut_GBP_D1_historical_volatility.csv.gz：空回應（第 3 次），end=20250928 23:59:59 UTC
2026-09-29 00:14:46 CHF：6SZ6 conId 532281496
2026-09-29 00:14:48   fut_CHF_D1_option_implied_volatility.csv.gz：+238 筆（共 238），最早 2025-09-29 00:00:00
Error 10339, reqId 32: Setting end date/time for continuous future security type is not allowed., contract: ContFuture(conId=532281496, symbol='CHF', lastTradeDateOrContractMonth='20261214', multiplier='125000', exchange='CME', currency='USD', localSymbol='6SZ6', tradingClass='6S')
2026-09-29 00:14:59   fut_CHF_D1_option_implied_volatility.csv.gz：空回應（第 1 次），end=20250928 23:59:59 UTC
Error 10339, reqId 33: Setting end date/time for continuous future security type is not allowed., contract: ContFuture(conId=532281496, symbol='CHF', lastTradeDateOrContractMonth='20261214', multiplier='125000', exchange='CME', currency='USD', localSymbol='6SZ6', tradingClass='6S')
2026-09-29 00:15:10   fut_CHF_D1_option_implied_volatility.csv.gz：空回應（第 2 次），end=20250928 23:59:59 UTC
Error 10339, reqId 34: Setting end date/time for continuous future security type is not allowed., contract: ContFuture(conId=532281496, symbol='CHF', lastTradeDateOrContractMonth='20261214', multiplier='125000', exchange='CME', currency='USD', localSymbol='6SZ6', tradingClass='6S')
2026-09-29 00:15:21   fut_CHF_D1_option_implied_volatility.csv.gz：空回應（第 3 次），end=20250928 23:59:59 UTC
2026-09-29 00:15:34   fut_CHF_D1_historical_volatility.csv.gz：+250 筆（共 250），最早 2025-09-29 00:00:00
Error 10339, reqId 36: Setting end date/time for continuous future security type is not allowed., contract: ContFuture(conId=532281496, symbol='CHF', lastTradeDateOrContractMonth='20261214', multiplier='125000', exchange='CME', currency='USD', localSymbol='6SZ6', tradingClass='6S')
2026-09-29 00:15:45   fut_CHF_D1_historical_volatility.csv.gz：空回應（第 1 次），end=20250928 23:59:59 UTC
Error 10339, reqId 37: Setting end date/time for continuous future security type is not allowed., contract: ContFuture(conId=532281496, symbol='CHF', lastTradeDateOrContractMonth='20261214', multiplier='125000', exchange='CME', currency='USD', localSymbol='6SZ6', tradingClass='6S')
2026-09-29 00:15:56   fut_CHF_D1_historical_volatility.csv.gz：空回應（第 2 次），end=20250928 23:59:59 UTC
Error 10339, reqId 38: Setting end date/time for continuous future security type is not allowed., contract: ContFuture(conId=532281496, symbol='CHF', lastTradeDateOrContractMonth='20261214', multiplier='125000', exchange='CME', currency='USD', localSymbol='6SZ6', tradingClass='6S')
2026-09-29 00:16:07   fut_CHF_D1_historical_volatility.csv.gz：空回應（第 3 次），end=20250928 23:59:59 UTC
2026-09-29 00:16:19 AUD：6AZ6 conId 532281530
2026-09-29 00:16:21   fut_AUD_D1_option_implied_volatility.csv.gz：+238 筆（共 238），最早 2025-09-29 00:00:00
Error 10339, reqId 41: Setting end date/time for continuous future security type is not allowed., contract: ContFuture(conId=532281530, symbol='AUD', lastTradeDateOrContractMonth='20261214', multiplier='100000', exchange='CME', currency='USD', localSymbol='6AZ6', tradingClass='6A')
2026-09-29 00:16:32   fut_AUD_D1_option_implied_volatility.csv.gz：空回應（第 1 次），end=20250928 23:59:59 UTC
Error 10339, reqId 42: Setting end date/time for continuous future security type is not allowed., contract: ContFuture(conId=532281530, symbol='AUD', lastTradeDateOrContractMonth='20261214', multiplier='100000', exchange='CME', currency='USD', localSymbol='6AZ6', tradingClass='6A')
2026-09-29 00:16:43   fut_AUD_D1_option_implied_volatility.csv.gz：空回應（第 2 次），end=20250928 23:59:59 UTC
Error 10339, reqId 43: Setting end date/time for continuous future security type is not allowed., contract: ContFuture(conId=532281530, symbol='AUD', lastTradeDateOrContractMonth='20261214', multiplier='100000', exchange='CME', currency='USD', localSymbol='6AZ6', tradingClass='6A')
2026-09-29 00:16:54   fut_AUD_D1_option_implied_volatility.csv.gz：空回應（第 3 次），end=20250928 23:59:59 UTC
2026-09-29 00:17:07   fut_AUD_D1_historical_volatility.csv.gz：+250 筆（共 250），最早 2025-09-29 00:00:00
Error 10339, reqId 45: Setting end date/time for continuous future security type is not allowed., contract: ContFuture(conId=532281530, symbol='AUD', lastTradeDateOrContractMonth='20261214', multiplier='100000', exchange='CME', currency='USD', localSymbol='6AZ6', tradingClass='6A')
2026-09-29 00:17:18   fut_AUD_D1_historical_volatility.csv.gz：空回應（第 1 次），end=20250928 23:59:59 UTC
Error 10339, reqId 46: Setting end date/time for continuous future security type is not allowed., contract: ContFuture(conId=532281530, symbol='AUD', lastTradeDateOrContractMonth='20261214', multiplier='100000', exchange='CME', currency='USD', localSymbol='6AZ6', tradingClass='6A')
2026-09-29 00:17:29   fut_AUD_D1_historical_volatility.csv.gz：空回應（第 2 次），end=20250928 23:59:59 UTC
Error 10339, reqId 47: Setting end date/time for continuous future security type is not allowed., contract: ContFuture(conId=532281530, symbol='AUD', lastTradeDateOrContractMonth='20261214', multiplier='100000', exchange='CME', currency='USD', localSymbol='6AZ6', tradingClass='6A')
2026-09-29 00:17:40   fut_AUD_D1_historical_volatility.csv.gz：空回應（第 3 次），end=20250928 23:59:59 UTC
2026-09-29 00:17:52 CAD：6CZ6 conId 532513476
2026-09-29 00:17:54   fut_CAD_D1_option_implied_volatility.csv.gz：+233 筆（共 233），最早 2025-09-29 00:00:00
Error 10339, reqId 50: Setting end date/time for continuous future security type is not allowed., contract: ContFuture(conId=532513476, symbol='CAD', lastTradeDateOrContractMonth='20261215', multiplier='100000', exchange='CME', currency='USD', localSymbol='6CZ6', tradingClass='6C')
2026-09-29 00:18:05   fut_CAD_D1_option_implied_volatility.csv.gz：空回應（第 1 次），end=20250928 23:59:59 UTC
Error 10339, reqId 51: Setting end date/time for continuous future security type is not allowed., contract: ContFuture(conId=532513476, symbol='CAD', lastTradeDateOrContractMonth='20261215', multiplier='100000', exchange='CME', currency='USD', localSymbol='6CZ6', tradingClass='6C')
2026-09-29 00:18:16   fut_CAD_D1_option_implied_volatility.csv.gz：空回應（第 2 次），end=20250928 23:59:59 UTC
Error 10339, reqId 52: Setting end date/time for continuous future security type is not allowed., contract: ContFuture(conId=532513476, symbol='CAD', lastTradeDateOrContractMonth='20261215', multiplier='100000', exchange='CME', currency='USD', localSymbol='6CZ6', tradingClass='6C')
2026-09-29 00:18:27   fut_CAD_D1_option_implied_volatility.csv.gz：空回應（第 3 次），end=20250928 23:59:59 UTC
2026-09-29 00:18:40   fut_CAD_D1_historical_volatility.csv.gz：+250 筆（共 250），最早 2025-09-29 00:00:00
Error 10339, reqId 54: Setting end date/time for continuous future security type is not allowed., contract: ContFuture(conId=532513476, symbol='CAD', lastTradeDateOrContractMonth='20261215', multiplier='100000', exchange='CME', currency='USD', localSymbol='6CZ6', tradingClass='6C')
2026-09-29 00:18:51   fut_CAD_D1_historical_volatility.csv.gz：空回應（第 1 次），end=20250928 23:59:59 UTC
Error 10339, reqId 55: Setting end date/time for continuous future security type is not allowed., contract: ContFuture(conId=532513476, symbol='CAD', lastTradeDateOrContractMonth='20261215', multiplier='100000', exchange='CME', currency='USD', localSymbol='6CZ6', tradingClass='6C')
2026-09-29 00:19:02   fut_CAD_D1_historical_volatility.csv.gz：空回應（第 2 次），end=20250928 23:59:59 UTC
Error 10339, reqId 56: Setting end date/time for continuous future security type is not allowed., contract: ContFuture(conId=532513476, symbol='CAD', lastTradeDateOrContractMonth='20261215', multiplier='100000', exchange='CME', currency='USD', localSymbol='6CZ6', tradingClass='6C')
2026-09-29 00:19:13   fut_CAD_D1_historical_volatility.csv.gz：空回應（第 3 次），end=20250928 23:59:59 UTC
2026-09-29 00:19:24 NZD：6NZ6 conId 791943497
2026-09-29 00:19:26   fut_NZD_D1_option_implied_volatility.csv.gz：+237 筆（共 237），最早 2025-09-29 00:00:00
Error 10339, reqId 59: Setting end date/time for continuous future security type is not allowed., contract: ContFuture(conId=791943497, symbol='NZD', lastTradeDateOrContractMonth='20261214', multiplier='100000', exchange='CME', currency='USD', localSymbol='6NZ6', tradingClass='6N')
2026-09-29 00:19:37   fut_NZD_D1_option_implied_volatility.csv.gz：空回應（第 1 次），end=20250928 23:59:59 UTC
Error 10339, reqId 60: Setting end date/time for continuous future security type is not allowed., contract: ContFuture(conId=791943497, symbol='NZD', lastTradeDateOrContractMonth='20261214', multiplier='100000', exchange='CME', currency='USD', localSymbol='6NZ6', tradingClass='6N')
2026-09-29 00:19:48   fut_NZD_D1_option_implied_volatility.csv.gz：空回應（第 2 次），end=20250928 23:59:59 UTC
Error 10339, reqId 61: Setting end date/time for continuous future security type is not allowed., contract: ContFuture(conId=791943497, symbol='NZD', lastTradeDateOrContractMonth='20261214', multiplier='100000', exchange='CME', currency='USD', localSymbol='6NZ6', tradingClass='6N')
2026-09-29 00:19:59   fut_NZD_D1_option_implied_volatility.csv.gz：空回應（第 3 次），end=20250928 23:59:59 UTC
2026-09-29 00:20:13   fut_NZD_D1_historical_volatility.csv.gz：+250 筆（共 250），最早 2025-09-29 00:00:00
Error 10339, reqId 63: Setting end date/time for continuous future security type is not allowed., contract: ContFuture(conId=791943497, symbol='NZD', lastTradeDateOrContractMonth='20261214', multiplier='100000', exchange='CME', currency='USD', localSymbol='6NZ6', tradingClass='6N')
2026-09-29 00:20:24   fut_NZD_D1_historical_volatility.csv.gz：空回應（第 1 次），end=20250928 23:59:59 UTC
Error 10339, reqId 64: Setting end date/time for continuous future security type is not allowed., contract: ContFuture(conId=791943497, symbol='NZD', lastTradeDateOrContractMonth='20261214', multiplier='100000', exchange='CME', currency='USD', localSymbol='6NZ6', tradingClass='6N')
2026-09-29 00:20:35   fut_NZD_D1_historical_volatility.csv.gz：空回應（第 2 次），end=20250928 23:59:59 UTC
Error 10339, reqId 65: Setting end date/time for continuous future security type is not allowed., contract: ContFuture(conId=791943497, symbol='NZD', lastTradeDateOrContractMonth='20261214', multiplier='100000', exchange='CME', currency='USD', localSymbol='6NZ6', tradingClass='6N')
2026-09-29 00:20:46   fut_NZD_D1_historical_volatility.csv.gz：空回應（第 3 次），end=20250928 23:59:59 UTC
2026-09-29 00:20:57 MXN：MXPV6 conId 876880658
2026-09-29 00:21:10   fut_MXN_D1_option_implied_volatility.csv.gz：+243 筆（共 243），最早 2025-10-07 00:00:00
Error 10339, reqId 68: Setting end date/time for continuous future security type is not allowed., contract: ContFuture(conId=876880658, symbol='MXP', lastTradeDateOrContractMonth='20261030', multiplier='2500', exchange='CME', currency='USD', localSymbol='MXPV6', tradingClass='MXP')
2026-09-29 00:21:21   fut_MXN_D1_option_implied_volatility.csv.gz：空回應（第 1 次），end=20251006 23:59:59 UTC
Error 10339, reqId 69: Setting end date/time for continuous future security type is not allowed., contract: ContFuture(conId=876880658, symbol='MXP', lastTradeDateOrContractMonth='20261030', multiplier='2500', exchange='CME', currency='USD', localSymbol='MXPV6', tradingClass='MXP')
2026-09-29 00:21:32   fut_MXN_D1_option_implied_volatility.csv.gz：空回應（第 2 次），end=20251006 23:59:59 UTC
Error 10339, reqId 70: Setting end date/time for continuous future security type is not allowed., contract: ContFuture(conId=876880658, symbol='MXP', lastTradeDateOrContractMonth='20261030', multiplier='2500', exchange='CME', currency='USD', localSymbol='MXPV6', tradingClass='MXP')
2026-09-29 00:21:43   fut_MXN_D1_option_implied_volatility.csv.gz：空回應（第 3 次），end=20251006 23:59:59 UTC
2026-09-29 00:21:58   fut_MXN_D1_historical_volatility.csv.gz：+250 筆（共 250），最早 2025-09-29 00:00:00
Error 10339, reqId 72: Setting end date/time for continuous future security type is not allowed., contract: ContFuture(conId=876880658, symbol='MXP', lastTradeDateOrContractMonth='20261030', multiplier='2500', exchange='CME', currency='USD', localSymbol='MXPV6', tradingClass='MXP')
2026-09-29 00:22:09   fut_MXN_D1_historical_volatility.csv.gz：空回應（第 1 次），end=20250928 23:59:59 UTC
Error 10339, reqId 73: Setting end date/time for continuous future security type is not allowed., contract: ContFuture(conId=876880658, symbol='MXP', lastTradeDateOrContractMonth='20261030', multiplier='2500', exchange='CME', currency='USD', localSymbol='MXPV6', tradingClass='MXP')
2026-09-29 00:22:20   fut_MXN_D1_historical_volatility.csv.gz：空回應（第 2 次），end=20250928 23:59:59 UTC
Error 10339, reqId 74: Setting end date/time for continuous future security type is not allowed., contract: ContFuture(conId=876880658, symbol='MXP', lastTradeDateOrContractMonth='20261030', multiplier='2500', exchange='CME', currency='USD', localSymbol='MXPV6', tradingClass='MXP')
2026-09-29 00:22:31   fut_MXN_D1_historical_volatility.csv.gz：空回應（第 3 次），end=20250928 23:59:59 UTC
2026-09-29 00:22:42 == 完成
Error 321, reqId -1: Error validating request.-'cp' : cause - The API interface is currently in Read-Only mode.
Error 321, reqId -1: Error validating request.-'bZ' : cause - The API interface is currently in Read-Only mode.
open orders request timed out
completed orders request timed out
2026-09-29 00:23:13 == job=fut 連線 port 4002
2026-09-29 00:23:13 EUR：6EZ6 conId 532281583
2026-09-29 00:23:16   fut_EUR_D1_trades.csv.gz：+253 筆（共 253），最早 2025-09-29 00:00:00
Error 10339, reqId 5: Setting end date/time for continuous future security type is not allowed., contract: ContFuture(conId=532281583, symbol='EUR', lastTradeDateOrContractMonth='20261214', multiplier='125000', exchange='CME', currency='USD', localSymbol='6EZ6', tradingClass='6E')
2026-09-29 00:23:27   fut_EUR_D1_trades.csv.gz：空回應（第 1 次），end=20250928 23:59:59 UTC
Error 10339, reqId 6: Setting end date/time for continuous future security type is not allowed., contract: ContFuture(conId=532281583, symbol='EUR', lastTradeDateOrContractMonth='20261214', multiplier='125000', exchange='CME', currency='USD', localSymbol='6EZ6', tradingClass='6E')
2026-09-29 00:23:38   fut_EUR_D1_trades.csv.gz：空回應（第 2 次），end=20250928 23:59:59 UTC
Error 10339, reqId 7: Setting end date/time for continuous future security type is not allowed., contract: ContFuture(conId=532281583, symbol='EUR', lastTradeDateOrContractMonth='20261214', multiplier='125000', exchange='CME', currency='USD', localSymbol='6EZ6', tradingClass='6E')
2026-09-29 00:23:49   fut_EUR_D1_trades.csv.gz：空回應（第 3 次），end=20250928 23:59:59 UTC
2026-09-29 00:24:03   fut_EUR_D1_bid_ask.csv.gz：+253 筆（共 253），最早 2025-09-29 00:00:00
Error 10339, reqId 9: Setting end date/time for continuous future security type is not allowed., contract: ContFuture(conId=532281583, symbol='EUR', lastTradeDateOrContractMonth='20261214', multiplier='125000', exchange='CME', currency='USD', localSymbol='6EZ6', tradingClass='6E')
2026-09-29 00:24:14   fut_EUR_D1_bid_ask.csv.gz：空回應（第 1 次），end=20250928 23:59:59 UTC
Error 10339, reqId 10: Setting end date/time for continuous future security type is not allowed., contract: ContFuture(conId=532281583, symbol='EUR', lastTradeDateOrContractMonth='20261214', multiplier='125000', exchange='CME', currency='USD', localSymbol='6EZ6', tradingClass='6E')
2026-09-29 00:24:25   fut_EUR_D1_bid_ask.csv.gz：空回應（第 2 次），end=20250928 23:59:59 UTC
Error 10339, reqId 11: Setting end date/time for continuous future security type is not allowed., contract: ContFuture(conId=532281583, symbol='EUR', lastTradeDateOrContractMonth='20261214', multiplier='125000', exchange='CME', currency='USD', localSymbol='6EZ6', tradingClass='6E')
2026-09-29 00:24:36   fut_EUR_D1_bid_ask.csv.gz：空回應（第 3 次），end=20250928 23:59:59 UTC
2026-09-29 00:24:47 JPY：6JZ6 conId 532281568
2026-09-29 00:24:49   fut_JPY_D1_trades.csv.gz：+253 筆（共 253），最早 2025-09-29 00:00:00
Error 10339, reqId 14: Setting end date/time for continuous future security type is not allowed., contract: ContFuture(conId=532281568, symbol='JPY', lastTradeDateOrContractMonth='20261214', multiplier='12500000', exchange='CME', currency='USD', localSymbol='6JZ6', tradingClass='6J')
2026-09-29 00:25:00   fut_JPY_D1_trades.csv.gz：空回應（第 1 次），end=20250928 23:59:59 UTC
Error 10339, reqId 15: Setting end date/time for continuous future security type is not allowed., contract: ContFuture(conId=532281568, symbol='JPY', lastTradeDateOrContractMonth='20261214', multiplier='12500000', exchange='CME', currency='USD', localSymbol='6JZ6', tradingClass='6J')
2026-09-29 00:25:11   fut_JPY_D1_trades.csv.gz：空回應（第 2 次），end=20250928 23:59:59 UTC
Error 10339, reqId 16: Setting end date/time for continuous future security type is not allowed., contract: ContFuture(conId=532281568, symbol='JPY', lastTradeDateOrContractMonth='20261214', multiplier='12500000', exchange='CME', currency='USD', localSymbol='6JZ6', tradingClass='6J')
2026-09-29 00:25:22   fut_JPY_D1_trades.csv.gz：空回應（第 3 次），end=20250928 23:59:59 UTC
2026-09-29 00:25:36   fut_JPY_D1_bid_ask.csv.gz：+253 筆（共 253），最早 2025-09-29 00:00:00
Error 10339, reqId 18: Setting end date/time for continuous future security type is not allowed., contract: ContFuture(conId=532281568, symbol='JPY', lastTradeDateOrContractMonth='20261214', multiplier='12500000', exchange='CME', currency='USD', localSymbol='6JZ6', tradingClass='6J')
2026-09-29 00:25:47   fut_JPY_D1_bid_ask.csv.gz：空回應（第 1 次），end=20250928 23:59:59 UTC
Error 10339, reqId 19: Setting end date/time for continuous future security type is not allowed., contract: ContFuture(conId=532281568, symbol='JPY', lastTradeDateOrContractMonth='20261214', multiplier='12500000', exchange='CME', currency='USD', localSymbol='6JZ6', tradingClass='6J')
2026-09-29 00:25:58   fut_JPY_D1_bid_ask.csv.gz：空回應（第 2 次），end=20250928 23:59:59 UTC
Error 10339, reqId 20: Setting end date/time for continuous future security type is not allowed., contract: ContFuture(conId=532281568, symbol='JPY', lastTradeDateOrContractMonth='20261214', multiplier='12500000', exchange='CME', currency='USD', localSymbol='6JZ6', tradingClass='6J')
2026-09-29 00:26:09   fut_JPY_D1_bid_ask.csv.gz：空回應（第 3 次），end=20250928 23:59:59 UTC
2026-09-29 00:26:20 GBP：6BZ6 conId 532281525
2026-09-29 00:26:22   fut_GBP_D1_trades.csv.gz：+253 筆（共 253），最早 2025-09-29 00:00:00
Error 10339, reqId 23: Setting end date/time for continuous future security type is not allowed., contract: ContFuture(conId=532281525, symbol='GBP', lastTradeDateOrContractMonth='20261214', multiplier='62500', exchange='CME', currency='USD', localSymbol='6BZ6', tradingClass='6B')
2026-09-29 00:26:33   fut_GBP_D1_trades.csv.gz：空回應（第 1 次），end=20250928 23:59:59 UTC
Error 10339, reqId 24: Setting end date/time for continuous future security type is not allowed., contract: ContFuture(conId=532281525, symbol='GBP', lastTradeDateOrContractMonth='20261214', multiplier='62500', exchange='CME', currency='USD', localSymbol='6BZ6', tradingClass='6B')
2026-09-29 00:26:44   fut_GBP_D1_trades.csv.gz：空回應（第 2 次），end=20250928 23:59:59 UTC
Error 10339, reqId 25: Setting end date/time for continuous future security type is not allowed., contract: ContFuture(conId=532281525, symbol='GBP', lastTradeDateOrContractMonth='20261214', multiplier='62500', exchange='CME', currency='USD', localSymbol='6BZ6', tradingClass='6B')
2026-09-29 00:26:55   fut_GBP_D1_trades.csv.gz：空回應（第 3 次），end=20250928 23:59:59 UTC
2026-09-29 00:27:09   fut_GBP_D1_bid_ask.csv.gz：+253 筆（共 253），最早 2025-09-29 00:00:00
Error 10339, reqId 27: Setting end date/time for continuous future security type is not allowed., contract: ContFuture(conId=532281525, symbol='GBP', lastTradeDateOrContractMonth='20261214', multiplier='62500', exchange='CME', currency='USD', localSymbol='6BZ6', tradingClass='6B')
2026-09-29 00:27:20   fut_GBP_D1_bid_ask.csv.gz：空回應（第 1 次），end=20250928 23:59:59 UTC
Error 10339, reqId 28: Setting end date/time for continuous future security type is not allowed., contract: ContFuture(conId=532281525, symbol='GBP', lastTradeDateOrContractMonth='20261214', multiplier='62500', exchange='CME', currency='USD', localSymbol='6BZ6', tradingClass='6B')
2026-09-29 00:27:31   fut_GBP_D1_bid_ask.csv.gz：空回應（第 2 次），end=20250928 23:59:59 UTC
Error 10339, reqId 29: Setting end date/time for continuous future security type is not allowed., contract: ContFuture(conId=532281525, symbol='GBP', lastTradeDateOrContractMonth='20261214', multiplier='62500', exchange='CME', currency='USD', localSymbol='6BZ6', tradingClass='6B')
2026-09-29 00:27:42   fut_GBP_D1_bid_ask.csv.gz：空回應（第 3 次），end=20250928 23:59:59 UTC
2026-09-29 00:27:53 CHF：6SZ6 conId 532281496
2026-09-29 00:27:55   fut_CHF_D1_trades.csv.gz：+253 筆（共 253），最早 2025-09-29 00:00:00
Error 10339, reqId 32: Setting end date/time for continuous future security type is not allowed., contract: ContFuture(conId=532281496, symbol='CHF', lastTradeDateOrContractMonth='20261214', multiplier='125000', exchange='CME', currency='USD', localSymbol='6SZ6', tradingClass='6S')
2026-09-29 00:28:06   fut_CHF_D1_trades.csv.gz：空回應（第 1 次），end=20250928 23:59:59 UTC
Error 10339, reqId 33: Setting end date/time for continuous future security type is not allowed., contract: ContFuture(conId=532281496, symbol='CHF', lastTradeDateOrContractMonth='20261214', multiplier='125000', exchange='CME', currency='USD', localSymbol='6SZ6', tradingClass='6S')
2026-09-29 00:28:17   fut_CHF_D1_trades.csv.gz：空回應（第 2 次），end=20250928 23:59:59 UTC
Error 10339, reqId 34: Setting end date/time for continuous future security type is not allowed., contract: ContFuture(conId=532281496, symbol='CHF', lastTradeDateOrContractMonth='20261214', multiplier='125000', exchange='CME', currency='USD', localSymbol='6SZ6', tradingClass='6S')
2026-09-29 00:28:28   fut_CHF_D1_trades.csv.gz：空回應（第 3 次），end=20250928 23:59:59 UTC
2026-09-29 00:28:42   fut_CHF_D1_bid_ask.csv.gz：+253 筆（共 253），最早 2025-09-29 00:00:00
Error 10339, reqId 36: Setting end date/time for continuous future security type is not allowed., contract: ContFuture(conId=532281496, symbol='CHF', lastTradeDateOrContractMonth='20261214', multiplier='125000', exchange='CME', currency='USD', localSymbol='6SZ6', tradingClass='6S')
2026-09-29 00:28:53   fut_CHF_D1_bid_ask.csv.gz：空回應（第 1 次），end=20250928 23:59:59 UTC
Error 10339, reqId 37: Setting end date/time for continuous future security type is not allowed., contract: ContFuture(conId=532281496, symbol='CHF', lastTradeDateOrContractMonth='20261214', multiplier='125000', exchange='CME', currency='USD', localSymbol='6SZ6', tradingClass='6S')
2026-09-29 00:29:04   fut_CHF_D1_bid_ask.csv.gz：空回應（第 2 次），end=20250928 23:59:59 UTC
Error 10339, reqId 38: Setting end date/time for continuous future security type is not allowed., contract: ContFuture(conId=532281496, symbol='CHF', lastTradeDateOrContractMonth='20261214', multiplier='125000', exchange='CME', currency='USD', localSymbol='6SZ6', tradingClass='6S')
2026-09-29 00:29:15   fut_CHF_D1_bid_ask.csv.gz：空回應（第 3 次），end=20250928 23:59:59 UTC
2026-09-29 00:29:27 AUD：6AZ6 conId 532281530
2026-09-29 00:29:29   fut_AUD_D1_trades.csv.gz：+253 筆（共 253），最早 2025-09-29 00:00:00
Error 10339, reqId 41: Setting end date/time for continuous future security type is not allowed., contract: ContFuture(conId=532281530, symbol='AUD', lastTradeDateOrContractMonth='20261214', multiplier='100000', exchange='CME', currency='USD', localSymbol='6AZ6', tradingClass='6A')
2026-09-29 00:29:40   fut_AUD_D1_trades.csv.gz：空回應（第 1 次），end=20250928 23:59:59 UTC
Error 10339, reqId 42: Setting end date/time for continuous future security type is not allowed., contract: ContFuture(conId=532281530, symbol='AUD', lastTradeDateOrContractMonth='20261214', multiplier='100000', exchange='CME', currency='USD', localSymbol='6AZ6', tradingClass='6A')
2026-09-29 00:29:51   fut_AUD_D1_trades.csv.gz：空回應（第 2 次），end=20250928 23:59:59 UTC
Error 10339, reqId 43: Setting end date/time for continuous future security type is not allowed., contract: ContFuture(conId=532281530, symbol='AUD', lastTradeDateOrContractMonth='20261214', multiplier='100000', exchange='CME', currency='USD', localSymbol='6AZ6', tradingClass='6A')
2026-09-29 00:30:02   fut_AUD_D1_trades.csv.gz：空回應（第 3 次），end=20250928 23:59:59 UTC
2026-09-29 00:30:16   fut_AUD_D1_bid_ask.csv.gz：+253 筆（共 253），最早 2025-09-29 00:00:00
Error 10339, reqId 45: Setting end date/time for continuous future security type is not allowed., contract: ContFuture(conId=532281530, symbol='AUD', lastTradeDateOrContractMonth='20261214', multiplier='100000', exchange='CME', currency='USD', localSymbol='6AZ6', tradingClass='6A')
2026-09-29 00:30:27   fut_AUD_D1_bid_ask.csv.gz：空回應（第 1 次），end=20250928 23:59:59 UTC
Error 10339, reqId 46: Setting end date/time for continuous future security type is not allowed., contract: ContFuture(conId=532281530, symbol='AUD', lastTradeDateOrContractMonth='20261214', multiplier='100000', exchange='CME', currency='USD', localSymbol='6AZ6', tradingClass='6A')
2026-09-29 00:30:38   fut_AUD_D1_bid_ask.csv.gz：空回應（第 2 次），end=20250928 23:59:59 UTC
Error 10339, reqId 47: Setting end date/time for continuous future security type is not allowed., contract: ContFuture(conId=532281530, symbol='AUD', lastTradeDateOrContractMonth='20261214', multiplier='100000', exchange='CME', currency='USD', localSymbol='6AZ6', tradingClass='6A')
2026-09-29 00:30:49   fut_AUD_D1_bid_ask.csv.gz：空回應（第 3 次），end=20250928 23:59:59 UTC
2026-09-29 00:31:00 CAD：6CZ6 conId 532513476
2026-09-29 00:31:02   fut_CAD_D1_trades.csv.gz：+253 筆（共 253），最早 2025-09-29 00:00:00
Error 10339, reqId 50: Setting end date/time for continuous future security type is not allowed., contract: ContFuture(conId=532513476, symbol='CAD', lastTradeDateOrContractMonth='20261215', multiplier='100000', exchange='CME', currency='USD', localSymbol='6CZ6', tradingClass='6C')
2026-09-29 00:31:13   fut_CAD_D1_trades.csv.gz：空回應（第 1 次），end=20250928 23:59:59 UTC
Error 10339, reqId 51: Setting end date/time for continuous future security type is not allowed., contract: ContFuture(conId=532513476, symbol='CAD', lastTradeDateOrContractMonth='20261215', multiplier='100000', exchange='CME', currency='USD', localSymbol='6CZ6', tradingClass='6C')
2026-09-29 00:31:24   fut_CAD_D1_trades.csv.gz：空回應（第 2 次），end=20250928 23:59:59 UTC
Error 10339, reqId 52: Setting end date/time for continuous future security type is not allowed., contract: ContFuture(conId=532513476, symbol='CAD', lastTradeDateOrContractMonth='20261215', multiplier='100000', exchange='CME', currency='USD', localSymbol='6CZ6', tradingClass='6C')
2026-09-29 00:31:35   fut_CAD_D1_trades.csv.gz：空回應（第 3 次），end=20250928 23:59:59 UTC
2026-09-29 00:31:49   fut_CAD_D1_bid_ask.csv.gz：+253 筆（共 253），最早 2025-09-29 00:00:00
Error 10339, reqId 54: Setting end date/time for continuous future security type is not allowed., contract: ContFuture(conId=532513476, symbol='CAD', lastTradeDateOrContractMonth='20261215', multiplier='100000', exchange='CME', currency='USD', localSymbol='6CZ6', tradingClass='6C')
2026-09-29 00:32:00   fut_CAD_D1_bid_ask.csv.gz：空回應（第 1 次），end=20250928 23:59:59 UTC
Error 10339, reqId 55: Setting end date/time for continuous future security type is not allowed., contract: ContFuture(conId=532513476, symbol='CAD', lastTradeDateOrContractMonth='20261215', multiplier='100000', exchange='CME', currency='USD', localSymbol='6CZ6', tradingClass='6C')
2026-09-29 00:32:11   fut_CAD_D1_bid_ask.csv.gz：空回應（第 2 次），end=20250928 23:59:59 UTC
Error 10339, reqId 56: Setting end date/time for continuous future security type is not allowed., contract: ContFuture(conId=532513476, symbol='CAD', lastTradeDateOrContractMonth='20261215', multiplier='100000', exchange='CME', currency='USD', localSymbol='6CZ6', tradingClass='6C')
2026-09-29 00:32:22   fut_CAD_D1_bid_ask.csv.gz：空回應（第 3 次），end=20250928 23:59:59 UTC
2026-09-29 00:32:33 NZD：6NZ6 conId 791943497
2026-09-29 00:32:35   fut_NZD_D1_trades.csv.gz：+253 筆（共 253），最早 2025-09-29 00:00:00
Error 10339, reqId 59: Setting end date/time for continuous future security type is not allowed., contract: ContFuture(conId=791943497, symbol='NZD', lastTradeDateOrContractMonth='20261214', multiplier='100000', exchange='CME', currency='USD', localSymbol='6NZ6', tradingClass='6N')
2026-09-29 00:32:46   fut_NZD_D1_trades.csv.gz：空回應（第 1 次），end=20250928 23:59:59 UTC
Error 10339, reqId 60: Setting end date/time for continuous future security type is not allowed., contract: ContFuture(conId=791943497, symbol='NZD', lastTradeDateOrContractMonth='20261214', multiplier='100000', exchange='CME', currency='USD', localSymbol='6NZ6', tradingClass='6N')
2026-09-29 00:32:57   fut_NZD_D1_trades.csv.gz：空回應（第 2 次），end=20250928 23:59:59 UTC
Error 10339, reqId 61: Setting end date/time for continuous future security type is not allowed., contract: ContFuture(conId=791943497, symbol='NZD', lastTradeDateOrContractMonth='20261214', multiplier='100000', exchange='CME', currency='USD', localSymbol='6NZ6', tradingClass='6N')
2026-09-29 00:33:08   fut_NZD_D1_trades.csv.gz：空回應（第 3 次），end=20250928 23:59:59 UTC
2026-09-29 00:33:23   fut_NZD_D1_bid_ask.csv.gz：+253 筆（共 253），最早 2025-09-29 00:00:00
Error 10339, reqId 63: Setting end date/time for continuous future security type is not allowed., contract: ContFuture(conId=791943497, symbol='NZD', lastTradeDateOrContractMonth='20261214', multiplier='100000', exchange='CME', currency='USD', localSymbol='6NZ6', tradingClass='6N')
2026-09-29 00:33:34   fut_NZD_D1_bid_ask.csv.gz：空回應（第 1 次），end=20250928 23:59:59 UTC
Error 10339, reqId 64: Setting end date/time for continuous future security type is not allowed., contract: ContFuture(conId=791943497, symbol='NZD', lastTradeDateOrContractMonth='20261214', multiplier='100000', exchange='CME', currency='USD', localSymbol='6NZ6', tradingClass='6N')
2026-09-29 00:33:45   fut_NZD_D1_bid_ask.csv.gz：空回應（第 2 次），end=20250928 23:59:59 UTC
Error 10339, reqId 65: Setting end date/time for continuous future security type is not allowed., contract: ContFuture(conId=791943497, symbol='NZD', lastTradeDateOrContractMonth='20261214', multiplier='100000', exchange='CME', currency='USD', localSymbol='6NZ6', tradingClass='6N')
2026-09-29 00:33:56   fut_NZD_D1_bid_ask.csv.gz：空回應（第 3 次），end=20250928 23:59:59 UTC
2026-09-29 00:34:07 MXN：MXPV6 conId 876880658
2026-09-29 00:34:11   fut_MXN_D1_trades.csv.gz：+253 筆（共 253），最早 2025-09-29 00:00:00
Error 10339, reqId 68: Setting end date/time for continuous future security type is not allowed., contract: ContFuture(conId=876880658, symbol='MXP', lastTradeDateOrContractMonth='20261030', multiplier='2500', exchange='CME', currency='USD', localSymbol='MXPV6', tradingClass='MXP')
2026-09-29 00:34:22   fut_MXN_D1_trades.csv.gz：空回應（第 1 次），end=20250928 23:59:59 UTC
Error 10339, reqId 69: Setting end date/time for continuous future security type is not allowed., contract: ContFuture(conId=876880658, symbol='MXP', lastTradeDateOrContractMonth='20261030', multiplier='2500', exchange='CME', currency='USD', localSymbol='MXPV6', tradingClass='MXP')
2026-09-29 00:34:33   fut_MXN_D1_trades.csv.gz：空回應（第 2 次），end=20250928 23:59:59 UTC
Error 10339, reqId 70: Setting end date/time for continuous future security type is not allowed., contract: ContFuture(conId=876880658, symbol='MXP', lastTradeDateOrContractMonth='20261030', multiplier='2500', exchange='CME', currency='USD', localSymbol='MXPV6', tradingClass='MXP')
2026-09-29 00:34:44   fut_MXN_D1_trades.csv.gz：空回應（第 3 次），end=20250928 23:59:59 UTC
2026-09-29 00:35:02   fut_MXN_D1_bid_ask.csv.gz：+253 筆（共 253），最早 2025-09-29 00:00:00
Error 10339, reqId 72: Setting end date/time for continuous future security type is not allowed., contract: ContFuture(conId=876880658, symbol='MXP', lastTradeDateOrContractMonth='20261030', multiplier='2500', exchange='CME', currency='USD', localSymbol='MXPV6', tradingClass='MXP')
2026-09-29 00:35:13   fut_MXN_D1_bid_ask.csv.gz：空回應（第 1 次），end=20250928 23:59:59 UTC
Error 10339, reqId 73: Setting end date/time for continuous future security type is not allowed., contract: ContFuture(conId=876880658, symbol='MXP', lastTradeDateOrContractMonth='20261030', multiplier='2500', exchange='CME', currency='USD', localSymbol='MXPV6', tradingClass='MXP')
2026-09-29 00:35:24   fut_MXN_D1_bid_ask.csv.gz：空回應（第 2 次），end=20250928 23:59:59 UTC
Error 10339, reqId 74: Setting end date/time for continuous future security type is not allowed., contract: ContFuture(conId=876880658, symbol='MXP', lastTradeDateOrContractMonth='20261030', multiplier='2500', exchange='CME', currency='USD', localSymbol='MXPV6', tradingClass='MXP')
2026-09-29 00:35:35   fut_MXN_D1_bid_ask.csv.gz：空回應（第 3 次），end=20250928 23:59:59 UTC
2026-09-29 00:35:46 == 完成
Error 321, reqId -1: Error validating request.-'cp' : cause - The API interface is currently in Read-Only mode.
Error 321, reqId -1: Error validating request.-'bZ' : cause - The API interface is currently in Read-Only mode.
open orders request timed out
completed orders request timed out
2026-09-29 00:36:17 == job=spot5m 連線 port 4002
2026-09-29 00:36:20   spot_EURUSD_M5_bid_ask.csv.gz：+1181 筆（共 1181），最早 2026-09-22 21:15:00
2026-09-29 00:36:32   spot_EURUSD_M5_bid_ask.csv.gz：+1425 筆（共 2606），最早 2026-09-15 21:15:00
2026-09-29 00:36:44   spot_EURUSD_M5_bid_ask.csv.gz：+1425 筆（共 4031），最早 2026-09-08 21:15:00
2026-09-29 00:36:56   spot_EURUSD_M5_bid_ask.csv.gz：+1425 筆（共 5456），最早 2026-09-01 21:15:00
2026-09-29 00:37:08   spot_EURUSD_M5_bid_ask.csv.gz：+1425 筆（共 6881），最早 2026-08-25 21:15:00
2026-09-29 00:37:20   spot_EURUSD_M5_bid_ask.csv.gz：+1425 筆（共 8306），最早 2026-08-18 21:15:00
2026-09-29 00:37:33   spot_EURUSD_M5_bid_ask.csv.gz：+1425 筆（共 9731），最早 2026-08-11 21:15:00
2026-09-29 00:37:45   spot_EURUSD_M5_bid_ask.csv.gz：+1425 筆（共 11156），最早 2026-08-04 21:15:00
2026-09-29 00:37:57   spot_EURUSD_M5_bid_ask.csv.gz：+1425 筆（共 12581），最早 2026-07-28 21:15:00
2026-09-29 00:38:09   spot_EURUSD_M5_bid_ask.csv.gz：+1425 筆（共 14006），最早 2026-07-21 21:15:00
2026-09-29 00:38:21   spot_EURUSD_M5_bid_ask.csv.gz：+1425 筆（共 15431），最早 2026-07-14 21:15:00
2026-09-29 00:38:34   spot_EURUSD_M5_bid_ask.csv.gz：+1425 筆（共 16856），最早 2026-07-07 21:15:00
2026-09-29 00:38:46   spot_EURUSD_M5_bid_ask.csv.gz：+1425 筆（共 18281），最早 2026-06-30 21:15:00
2026-09-29 00:38:58   spot_EURUSD_M5_bid_ask.csv.gz：+1425 筆（共 19706），最早 2026-06-23 21:15:00
2026-09-29 00:39:11   spot_EURUSD_M5_bid_ask.csv.gz：+1425 筆（共 21131），最早 2026-06-16 21:15:00
2026-09-29 00:39:23   spot_EURUSD_M5_bid_ask.csv.gz：+1425 筆（共 22556），最早 2026-06-09 21:15:00
2026-09-29 00:39:36   spot_EURUSD_M5_bid_ask.csv.gz：+1425 筆（共 23981），最早 2026-06-02 21:15:00
2026-09-29 00:39:48   spot_EURUSD_M5_bid_ask.csv.gz：+1425 筆（共 25406），最早 2026-05-26 21:15:00
2026-09-29 00:40:01   spot_EURUSD_M5_bid_ask.csv.gz：+1425 筆（共 26831），最早 2026-05-19 21:15:00
2026-09-29 00:40:13   spot_EURUSD_M5_bid_ask.csv.gz：+1425 筆（共 28256），最早 2026-05-12 21:15:00
2026-09-29 00:40:26   spot_EURUSD_M5_bid_ask.csv.gz：+1425 筆（共 29681），最早 2026-05-05 21:15:00
2026-09-29 00:40:38   spot_EURUSD_M5_bid_ask.csv.gz：+1425 筆（共 31106），最早 2026-04-28 21:15:00
2026-09-29 00:40:51   spot_EURUSD_M5_bid_ask.csv.gz：+1425 筆（共 32531），最早 2026-04-21 21:15:00
2026-09-29 00:41:04   spot_EURUSD_M5_bid_ask.csv.gz：+1425 筆（共 33956），最早 2026-04-14 21:15:00
2026-09-29 00:41:16   spot_EURUSD_M5_bid_ask.csv.gz：+1425 筆（共 35381），最早 2026-04-07 21:15:00
2026-09-29 00:41:29   spot_EURUSD_M5_bid_ask.csv.gz：+1392 筆（共 36773），最早 2026-03-31 21:15:00
2026-09-29 00:41:42   spot_EURUSD_M5_bid_ask.csv.gz：+1425 筆（共 38198），最早 2026-03-24 21:15:00
2026-09-29 00:41:55   spot_EURUSD_M5_bid_ask.csv.gz：+1425 筆（共 39623），最早 2026-03-17 21:15:00
2026-09-29 00:42:08   spot_EURUSD_M5_bid_ask.csv.gz：+1425 筆（共 41048），最早 2026-03-10 21:15:00
2026-09-29 00:42:20   spot_EURUSD_M5_bid_ask.csv.gz：+1425 筆（共 42473），最早 2026-03-03 22:15:00
2026-09-29 00:42:33   spot_EURUSD_M5_bid_ask.csv.gz：+1425 筆（共 43898），最早 2026-02-24 22:15:00
2026-09-29 00:42:46   spot_EURUSD_M5_bid_ask.csv.gz：+1425 筆（共 45323），最早 2026-02-17 22:15:00
2026-09-29 00:42:59   spot_EURUSD_M5_bid_ask.csv.gz：+1425 筆（共 46748），最早 2026-02-10 22:15:00
2026-09-29 00:43:12   spot_EURUSD_M5_bid_ask.csv.gz：+1425 筆（共 48173），最早 2026-02-03 22:15:00
2026-09-29 00:43:25   spot_EURUSD_M5_bid_ask.csv.gz：+1425 筆（共 49598），最早 2026-01-27 22:15:00
2026-09-29 00:43:38   spot_EURUSD_M5_bid_ask.csv.gz：+1425 筆（共 51023），最早 2026-01-20 22:15:00
2026-09-29 00:43:52   spot_EURUSD_M5_bid_ask.csv.gz：+1425 筆（共 52448），最早 2026-01-13 22:15:00
2026-09-29 00:44:05   spot_EURUSD_M5_bid_ask.csv.gz：+1425 筆（共 53873），最早 2026-01-06 22:15:00
2026-09-29 00:44:18   spot_EURUSD_M5_bid_ask.csv.gz：+1119 筆（共 54992），最早 2025-12-30 22:15:00
2026-09-29 00:44:31   spot_EURUSD_M5_bid_ask.csv.gz：+1119 筆（共 56111），最早 2025-12-23 22:15:00
2026-09-29 00:44:44   spot_EURUSD_M5_bid_ask.csv.gz：+1425 筆（共 57536），最早 2025-12-16 22:15:00
2026-09-29 00:44:58   spot_EURUSD_M5_bid_ask.csv.gz：+1425 筆（共 58961），最早 2025-12-09 22:15:00
2026-09-29 00:45:11   spot_EURUSD_M5_bid_ask.csv.gz：+1425 筆（共 60386），最早 2025-12-02 22:15:00
2026-09-29 00:45:24   spot_EURUSD_M5_bid_ask.csv.gz：+1425 筆（共 61811），最早 2025-11-25 22:15:00
2026-09-29 00:45:38   spot_EURUSD_M5_bid_ask.csv.gz：+1425 筆（共 63236），最早 2025-11-18 22:15:00
2026-09-29 00:45:51   spot_EURUSD_M5_bid_ask.csv.gz：+1425 筆（共 64661），最早 2025-11-11 22:15:00
2026-09-29 00:46:04   spot_EURUSD_M5_bid_ask.csv.gz：+1425 筆（共 66086），最早 2025-11-04 22:15:00
2026-09-29 00:46:18   spot_EURUSD_M5_bid_ask.csv.gz：+1425 筆（共 67511），最早 2025-10-28 21:15:00
2026-09-29 00:46:31   spot_EURUSD_M5_bid_ask.csv.gz：+1425 筆（共 68936），最早 2025-10-21 21:15:00
2026-09-29 00:46:45   spot_EURUSD_M5_bid_ask.csv.gz：+1425 筆（共 70361），最早 2025-10-14 21:15:00
2026-09-29 00:46:58   spot_EURUSD_M5_bid_ask.csv.gz：+1425 筆（共 71786），最早 2025-10-07 21:15:00
2026-09-29 00:47:12   spot_EURUSD_M5_bid_ask.csv.gz：+1425 筆（共 73211），最早 2025-09-30 21:15:00
2026-09-29 00:47:25   spot_EURUSD_M5_bid_ask.csv.gz：+1425 筆（共 74636），最早 2025-09-23 21:15:00
2026-09-29 00:47:39   spot_EURUSD_M5_bid_ask.csv.gz：+1425 筆（共 76061），最早 2025-09-16 21:15:00
2026-09-29 00:47:53   spot_EURUSD_M5_bid_ask.csv.gz：+1425 筆（共 77486），最早 2025-09-09 21:15:00
2026-09-29 00:48:07   spot_EURUSD_M5_bid_ask.csv.gz：+1425 筆（共 78911），最早 2025-09-02 21:15:00
2026-09-29 00:48:21   spot_EURUSD_M5_bid_ask.csv.gz：+1425 筆（共 80336），最早 2025-08-26 21:15:00
2026-09-29 00:48:35   spot_EURUSD_M5_bid_ask.csv.gz：+1425 筆（共 81761），最早 2025-08-19 21:15:00
2026-09-29 00:48:48   spot_EURUSD_M5_bid_ask.csv.gz：+1425 筆（共 83186），最早 2025-08-12 21:15:00
2026-09-29 00:49:02   spot_EURUSD_M5_bid_ask.csv.gz：+1425 筆（共 84611），最早 2025-08-05 21:15:00
2026-09-29 00:49:16   spot_EURUSD_M5_bid_ask.csv.gz：+1425 筆（共 86036），最早 2025-07-29 21:15:00
2026-09-29 00:49:30   spot_EURUSD_M5_bid_ask.csv.gz：+1425 筆（共 87461），最早 2025-07-22 21:15:00
2026-09-29 00:49:44   spot_EURUSD_M5_bid_ask.csv.gz：+1425 筆（共 88886），最早 2025-07-15 21:15:00
2026-09-29 00:49:58   spot_EURUSD_M5_bid_ask.csv.gz：+1425 筆（共 90311），最早 2025-07-08 21:15:00
2026-09-29 00:50:12   spot_EURUSD_M5_bid_ask.csv.gz：+1425 筆（共 91736），最早 2025-07-01 21:15:00
2026-09-29 00:50:27   spot_EURUSD_M5_bid_ask.csv.gz：+1425 筆（共 93161），最早 2025-06-24 21:15:00
2026-09-29 00:50:41   spot_EURUSD_M5_bid_ask.csv.gz：+1425 筆（共 94586），最早 2025-06-17 21:15:00
2026-09-29 00:50:56   spot_EURUSD_M5_bid_ask.csv.gz：+1425 筆（共 96011），最早 2025-06-10 21:15:00
2026-09-29 00:51:10   spot_EURUSD_M5_bid_ask.csv.gz：+1425 筆（共 97436），最早 2025-06-03 21:15:00
2026-09-29 00:51:24   spot_EURUSD_M5_bid_ask.csv.gz：+1425 筆（共 98861），最早 2025-05-27 21:15:00
2026-09-29 00:51:38   spot_EURUSD_M5_bid_ask.csv.gz：+1425 筆（共 100286），最早 2025-05-20 21:15:00
2026-09-29 00:51:53   spot_EURUSD_M5_bid_ask.csv.gz：+1425 筆（共 101711），最早 2025-05-13 21:15:00
2026-09-29 00:52:07   spot_EURUSD_M5_bid_ask.csv.gz：+1425 筆（共 103136），最早 2025-05-06 21:15:00
2026-09-29 00:52:22   spot_EURUSD_M5_bid_ask.csv.gz：+1425 筆（共 104561），最早 2025-04-29 21:15:00
2026-09-29 00:52:36   spot_EURUSD_M5_bid_ask.csv.gz：+1425 筆（共 105986），最早 2025-04-22 21:15:00
2026-09-29 00:52:50   spot_EURUSD_M5_bid_ask.csv.gz：+1392 筆（共 107378），最早 2025-04-15 21:15:00
2026-09-29 00:53:05   spot_EURUSD_M5_bid_ask.csv.gz：+1425 筆（共 108803），最早 2025-04-08 21:15:00
2026-09-29 00:53:19   spot_EURUSD_M5_bid_ask.csv.gz：+1425 筆（共 110228），最早 2025-04-01 21:15:00
2026-09-29 00:53:34   spot_EURUSD_M5_bid_ask.csv.gz：+1425 筆（共 111653），最早 2025-03-25 21:15:00
2026-09-29 00:53:49   spot_EURUSD_M5_bid_ask.csv.gz：+1425 筆（共 113078），最早 2025-03-18 21:15:00
2026-09-29 00:54:03   spot_EURUSD_M5_bid_ask.csv.gz：+1425 筆（共 114503），最早 2025-03-11 21:15:00
2026-09-29 00:54:18   spot_EURUSD_M5_bid_ask.csv.gz：+1425 筆（共 115928），最早 2025-03-04 22:15:00
2026-09-29 00:54:33   spot_EURUSD_M5_bid_ask.csv.gz：+1425 筆（共 117353），最早 2025-02-25 22:15:00
2026-09-29 00:54:47   spot_EURUSD_M5_bid_ask.csv.gz：+1425 筆（共 118778），最早 2025-02-18 22:15:00
2026-09-29 00:55:02   spot_EURUSD_M5_bid_ask.csv.gz：+1425 筆（共 120203），最早 2025-02-11 22:15:00
2026-09-29 00:55:17   spot_EURUSD_M5_bid_ask.csv.gz：+1425 筆（共 121628），最早 2025-02-04 22:15:00
2026-09-29 00:55:32   spot_EURUSD_M5_bid_ask.csv.gz：+1425 筆（共 123053），最早 2025-01-28 22:15:00
2026-09-29 00:55:47   spot_EURUSD_M5_bid_ask.csv.gz：+1425 筆（共 124478），最早 2025-01-21 22:15:00
2026-09-29 00:56:02   spot_EURUSD_M5_bid_ask.csv.gz：+1425 筆（共 125903），最早 2025-01-14 22:15:00
2026-09-29 00:56:17   spot_EURUSD_M5_bid_ask.csv.gz：+1425 筆（共 127328），最早 2025-01-07 22:15:00
2026-09-29 00:56:32   spot_EURUSD_M5_bid_ask.csv.gz：+1119 筆（共 128447），最早 2025-01-02 00:00:00
2026-09-29 00:56:47   spot_EURUSD_M5_bid_ask.csv.gz：+1119 筆（共 129566），最早 2024-12-26 00:00:00
2026-09-29 00:57:02   spot_EURUSD_M5_bid_ask.csv.gz：+1425 筆（共 130991），最早 2024-12-17 22:15:00
2026-09-29 00:57:17   spot_EURUSD_M5_bid_ask.csv.gz：+1425 筆（共 132416），最早 2024-12-10 22:15:00
2026-09-29 00:57:32   spot_EURUSD_M5_bid_ask.csv.gz：+1425 筆（共 133841），最早 2024-12-03 22:15:00
2026-09-29 00:57:47   spot_EURUSD_M5_bid_ask.csv.gz：+1425 筆（共 135266），最早 2024-11-26 22:15:00
2026-09-29 00:58:03   spot_EURUSD_M5_bid_ask.csv.gz：+1425 筆（共 136691），最早 2024-11-19 22:15:00
2026-09-29 00:58:18   spot_EURUSD_M5_bid_ask.csv.gz：+1425 筆（共 138116），最早 2024-11-12 22:15:00
2026-09-29 00:58:33   spot_EURUSD_M5_bid_ask.csv.gz：+1425 筆（共 139541），最早 2024-11-05 22:15:00
2026-09-29 00:58:49   spot_EURUSD_M5_bid_ask.csv.gz：+1425 筆（共 140966），最早 2024-10-29 21:15:00
2026-09-29 00:59:04   spot_EURUSD_M5_bid_ask.csv.gz：+1425 筆（共 142391），最早 2024-10-22 21:15:00
2026-09-29 00:59:19   spot_EURUSD_M5_bid_ask.csv.gz：+1425 筆（共 143816），最早 2024-10-15 21:15:00
2026-09-29 00:59:35   spot_EURUSD_M5_bid_ask.csv.gz：+1425 筆（共 145241），最早 2024-10-08 21:15:00
2026-09-29 00:59:50   spot_EURUSD_M5_bid_ask.csv.gz：+1425 筆（共 146666），最早 2024-10-01 21:15:00
2026-09-29 01:00:06   spot_EURUSD_M5_bid_ask.csv.gz：+1425 筆（共 148091），最早 2024-09-24 21:15:00
2026-09-29 01:00:21   spot_EURUSD_M5_bid_ask.csv.gz：+1425 筆（共 149516），最早 2024-09-17 21:15:00
2026-09-29 01:00:39   spot_GBPUSD_M5_bid_ask.csv.gz：+1186 筆（共 1186），最早 2026-09-22 21:15:00
2026-09-29 01:00:51   spot_GBPUSD_M5_bid_ask.csv.gz：+1425 筆（共 2611），最早 2026-09-15 21:15:00
2026-09-29 01:01:03   spot_GBPUSD_M5_bid_ask.csv.gz：+1425 筆（共 4036），最早 2026-09-08 21:15:00
2026-09-29 01:01:15   spot_GBPUSD_M5_bid_ask.csv.gz：+1425 筆（共 5461），最早 2026-09-01 21:15:00
2026-09-29 01:01:27   spot_GBPUSD_M5_bid_ask.csv.gz：+1425 筆（共 6886），最早 2026-08-25 21:15:00
2026-09-29 01:01:39   spot_GBPUSD_M5_bid_ask.csv.gz：+1425 筆（共 8311），最早 2026-08-18 21:15:00
2026-09-29 01:01:51   spot_GBPUSD_M5_bid_ask.csv.gz：+1425 筆（共 9736），最早 2026-08-11 21:15:00
2026-09-29 01:02:03   spot_GBPUSD_M5_bid_ask.csv.gz：+1425 筆（共 11161），最早 2026-08-04 21:15:00
2026-09-29 01:02:15   spot_GBPUSD_M5_bid_ask.csv.gz：+1425 筆（共 12586），最早 2026-07-28 21:15:00
2026-09-29 01:02:28   spot_GBPUSD_M5_bid_ask.csv.gz：+1425 筆（共 14011），最早 2026-07-21 21:15:00
2026-09-29 01:02:40   spot_GBPUSD_M5_bid_ask.csv.gz：+1425 筆（共 15436），最早 2026-07-14 21:15:00
2026-09-29 01:02:52   spot_GBPUSD_M5_bid_ask.csv.gz：+1425 筆（共 16861），最早 2026-07-07 21:15:00
2026-09-29 01:03:05   spot_GBPUSD_M5_bid_ask.csv.gz：+1425 筆（共 18286），最早 2026-06-30 21:15:00
2026-09-29 01:03:17   spot_GBPUSD_M5_bid_ask.csv.gz：+1425 筆（共 19711），最早 2026-06-23 21:15:00
2026-09-29 01:03:29   spot_GBPUSD_M5_bid_ask.csv.gz：+1425 筆（共 21136），最早 2026-06-16 21:15:00
2026-09-29 01:03:42   spot_GBPUSD_M5_bid_ask.csv.gz：+1425 筆（共 22561），最早 2026-06-09 21:15:00
2026-09-29 01:03:54   spot_GBPUSD_M5_bid_ask.csv.gz：+1425 筆（共 23986），最早 2026-06-02 21:15:00
2026-09-29 01:04:07   spot_GBPUSD_M5_bid_ask.csv.gz：+1425 筆（共 25411），最早 2026-05-26 21:15:00
2026-09-29 01:04:19   spot_GBPUSD_M5_bid_ask.csv.gz：+1425 筆（共 26836），最早 2026-05-19 21:15:00
2026-09-29 01:04:32   spot_GBPUSD_M5_bid_ask.csv.gz：+1425 筆（共 28261），最早 2026-05-12 21:15:00
2026-09-29 01:04:45   spot_GBPUSD_M5_bid_ask.csv.gz：+1425 筆（共 29686），最早 2026-05-05 21:15:00
2026-09-29 01:04:57   spot_GBPUSD_M5_bid_ask.csv.gz：+1425 筆（共 31111），最早 2026-04-28 21:15:00
2026-09-29 01:05:10   spot_GBPUSD_M5_bid_ask.csv.gz：+1425 筆（共 32536），最早 2026-04-21 21:15:00
2026-09-29 01:05:23   spot_GBPUSD_M5_bid_ask.csv.gz：+1425 筆（共 33961），最早 2026-04-14 21:15:00
2026-09-29 01:05:35   spot_GBPUSD_M5_bid_ask.csv.gz：+1425 筆（共 35386），最早 2026-04-07 21:15:00
2026-09-29 01:05:48   spot_GBPUSD_M5_bid_ask.csv.gz：+1392 筆（共 36778），最早 2026-03-31 21:15:00
2026-09-29 01:06:01   spot_GBPUSD_M5_bid_ask.csv.gz：+1425 筆（共 38203），最早 2026-03-24 21:15:00
2026-09-29 01:06:14   spot_GBPUSD_M5_bid_ask.csv.gz：+1425 筆（共 39628），最早 2026-03-17 21:15:00
2026-09-29 01:06:27   spot_GBPUSD_M5_bid_ask.csv.gz：+1425 筆（共 41053），最早 2026-03-10 21:15:00
2026-09-29 01:06:40   spot_GBPUSD_M5_bid_ask.csv.gz：+1425 筆（共 42478），最早 2026-03-03 22:15:00
2026-09-29 01:06:53   spot_GBPUSD_M5_bid_ask.csv.gz：+1425 筆（共 43903），最早 2026-02-24 22:15:00
2026-09-29 01:07:06   spot_GBPUSD_M5_bid_ask.csv.gz：+1425 筆（共 45328），最早 2026-02-17 22:15:00
2026-09-29 01:07:19   spot_GBPUSD_M5_bid_ask.csv.gz：+1425 筆（共 46753），最早 2026-02-10 22:15:00
2026-09-29 01:07:32   spot_GBPUSD_M5_bid_ask.csv.gz：+1425 筆（共 48178），最早 2026-02-03 22:15:00
2026-09-29 01:07:45   spot_GBPUSD_M5_bid_ask.csv.gz：+1425 筆（共 49603），最早 2026-01-27 22:15:00
2026-09-29 01:07:59   spot_GBPUSD_M5_bid_ask.csv.gz：+1425 筆（共 51028），最早 2026-01-20 22:15:00
2026-09-29 01:08:12   spot_GBPUSD_M5_bid_ask.csv.gz：+1425 筆（共 52453），最早 2026-01-13 22:15:00
2026-09-29 01:08:25   spot_GBPUSD_M5_bid_ask.csv.gz：+1425 筆（共 53878），最早 2026-01-06 22:15:00
2026-09-29 01:08:38   spot_GBPUSD_M5_bid_ask.csv.gz：+1119 筆（共 54997），最早 2025-12-30 22:15:00
2026-09-29 01:08:52   spot_GBPUSD_M5_bid_ask.csv.gz：+1119 筆（共 56116），最早 2025-12-23 22:15:00
2026-09-29 01:09:05   spot_GBPUSD_M5_bid_ask.csv.gz：+1425 筆（共 57541），最早 2025-12-16 22:15:00
2026-09-29 01:09:18   spot_GBPUSD_M5_bid_ask.csv.gz：+1425 筆（共 58966），最早 2025-12-09 22:15:00
2026-09-29 01:09:32   spot_GBPUSD_M5_bid_ask.csv.gz：+1425 筆（共 60391），最早 2025-12-02 22:15:00
2026-09-29 01:09:45   spot_GBPUSD_M5_bid_ask.csv.gz：+1425 筆（共 61816），最早 2025-11-25 22:15:00
2026-09-29 01:09:59   spot_GBPUSD_M5_bid_ask.csv.gz：+1425 筆（共 63241），最早 2025-11-18 22:15:00
2026-09-29 01:10:12   spot_GBPUSD_M5_bid_ask.csv.gz：+1425 筆（共 64666），最早 2025-11-11 22:15:00
2026-09-29 01:10:26   spot_GBPUSD_M5_bid_ask.csv.gz：+1425 筆（共 66091），最早 2025-11-04 22:15:00
2026-09-29 01:10:40   spot_GBPUSD_M5_bid_ask.csv.gz：+1425 筆（共 67516），最早 2025-10-28 21:15:00
2026-09-29 01:10:53   spot_GBPUSD_M5_bid_ask.csv.gz：+1425 筆（共 68941），最早 2025-10-21 21:15:00
2026-09-29 01:11:07   spot_GBPUSD_M5_bid_ask.csv.gz：+1425 筆（共 70366），最早 2025-10-14 21:15:00
2026-09-29 01:11:21   spot_GBPUSD_M5_bid_ask.csv.gz：+1425 筆（共 71791），最早 2025-10-07 21:15:00
2026-09-29 01:11:34   spot_GBPUSD_M5_bid_ask.csv.gz：+1425 筆（共 73216），最早 2025-09-30 21:15:00
2026-09-29 01:11:48   spot_GBPUSD_M5_bid_ask.csv.gz：+1425 筆（共 74641），最早 2025-09-23 21:15:00
2026-09-29 01:12:02   spot_GBPUSD_M5_bid_ask.csv.gz：+1425 筆（共 76066），最早 2025-09-16 21:15:00
2026-09-29 01:12:16   spot_GBPUSD_M5_bid_ask.csv.gz：+1425 筆（共 77491），最早 2025-09-09 21:15:00
2026-09-29 01:12:30   spot_GBPUSD_M5_bid_ask.csv.gz：+1425 筆（共 78916），最早 2025-09-02 21:15:00
2026-09-29 01:12:44   spot_GBPUSD_M5_bid_ask.csv.gz：+1425 筆（共 80341），最早 2025-08-26 21:15:00
2026-09-29 01:12:58   spot_GBPUSD_M5_bid_ask.csv.gz：+1425 筆（共 81766），最早 2025-08-19 21:15:00
2026-09-29 01:13:12   spot_GBPUSD_M5_bid_ask.csv.gz：+1425 筆（共 83191），最早 2025-08-12 21:15:00
2026-09-29 01:13:26   spot_GBPUSD_M5_bid_ask.csv.gz：+1425 筆（共 84616），最早 2025-08-05 21:15:00
2026-09-29 01:13:40   spot_GBPUSD_M5_bid_ask.csv.gz：+1425 筆（共 86041），最早 2025-07-29 21:15:00
2026-09-29 01:13:54   spot_GBPUSD_M5_bid_ask.csv.gz：+1425 筆（共 87466），最早 2025-07-22 21:15:00
2026-09-29 01:14:08   spot_GBPUSD_M5_bid_ask.csv.gz：+1425 筆（共 88891），最早 2025-07-15 21:15:00
2026-09-29 01:14:22   spot_GBPUSD_M5_bid_ask.csv.gz：+1425 筆（共 90316），最早 2025-07-08 21:15:00
2026-09-29 01:14:37   spot_GBPUSD_M5_bid_ask.csv.gz：+1425 筆（共 91741），最早 2025-07-01 21:15:00
2026-09-29 01:14:51   spot_GBPUSD_M5_bid_ask.csv.gz：+1425 筆（共 93166），最早 2025-06-24 21:15:00
2026-09-29 01:15:05   spot_GBPUSD_M5_bid_ask.csv.gz：+1425 筆（共 94591），最早 2025-06-17 21:15:00
2026-09-29 01:15:20   spot_GBPUSD_M5_bid_ask.csv.gz：+1425 筆（共 96016），最早 2025-06-10 21:15:00
2026-09-29 01:15:34   spot_GBPUSD_M5_bid_ask.csv.gz：+1425 筆（共 97441），最早 2025-06-03 21:15:00
2026-09-29 01:15:48   spot_GBPUSD_M5_bid_ask.csv.gz：+1425 筆（共 98866），最早 2025-05-27 21:15:00
2026-09-29 01:16:03   spot_GBPUSD_M5_bid_ask.csv.gz：+1425 筆（共 100291），最早 2025-05-20 21:15:00
2026-09-29 01:16:17   spot_GBPUSD_M5_bid_ask.csv.gz：+1425 筆（共 101716），最早 2025-05-13 21:15:00
2026-09-29 01:16:32   spot_GBPUSD_M5_bid_ask.csv.gz：+1425 筆（共 103141），最早 2025-05-06 21:15:00
2026-09-29 01:16:46   spot_GBPUSD_M5_bid_ask.csv.gz：+1425 筆（共 104566），最早 2025-04-29 21:15:00
2026-09-29 01:17:01   spot_GBPUSD_M5_bid_ask.csv.gz：+1425 筆（共 105991），最早 2025-04-22 21:15:00
2026-09-29 01:17:16   spot_GBPUSD_M5_bid_ask.csv.gz：+1392 筆（共 107383），最早 2025-04-15 21:15:00
2026-09-29 01:17:30   spot_GBPUSD_M5_bid_ask.csv.gz：+1425 筆（共 108808），最早 2025-04-08 21:15:00
2026-09-29 01:17:45   spot_GBPUSD_M5_bid_ask.csv.gz：+1425 筆（共 110233），最早 2025-04-01 21:15:00
2026-09-29 01:18:00   spot_GBPUSD_M5_bid_ask.csv.gz：+1425 筆（共 111658），最早 2025-03-25 21:15:00
2026-09-29 01:18:15   spot_GBPUSD_M5_bid_ask.csv.gz：+1425 筆（共 113083），最早 2025-03-18 21:15:00
2026-09-29 01:18:29   spot_GBPUSD_M5_bid_ask.csv.gz：+1425 筆（共 114508），最早 2025-03-11 21:15:00
2026-09-29 01:18:44   spot_GBPUSD_M5_bid_ask.csv.gz：+1425 筆（共 115933），最早 2025-03-04 22:15:00
2026-09-29 01:18:59   spot_GBPUSD_M5_bid_ask.csv.gz：+1425 筆（共 117358），最早 2025-02-25 22:15:00
2026-09-29 01:19:14   spot_GBPUSD_M5_bid_ask.csv.gz：+1425 筆（共 118783），最早 2025-02-18 22:15:00
2026-09-29 01:19:29   spot_GBPUSD_M5_bid_ask.csv.gz：+1425 筆（共 120208），最早 2025-02-11 22:15:00
2026-09-29 01:19:44   spot_GBPUSD_M5_bid_ask.csv.gz：+1425 筆（共 121633），最早 2025-02-04 22:15:00
2026-09-29 01:19:59   spot_GBPUSD_M5_bid_ask.csv.gz：+1425 筆（共 123058），最早 2025-01-28 22:15:00
2026-09-29 01:20:14   spot_GBPUSD_M5_bid_ask.csv.gz：+1425 筆（共 124483），最早 2025-01-21 22:15:00
2026-09-29 01:20:29   spot_GBPUSD_M5_bid_ask.csv.gz：+1425 筆（共 125908），最早 2025-01-14 22:15:00
2026-09-29 01:20:45   spot_GBPUSD_M5_bid_ask.csv.gz：+1425 筆（共 127333），最早 2025-01-07 22:15:00
2026-09-29 01:21:00   spot_GBPUSD_M5_bid_ask.csv.gz：+1119 筆（共 128452），最早 2025-01-02 00:00:00
2026-09-29 01:21:15   spot_GBPUSD_M5_bid_ask.csv.gz：+1119 筆（共 129571），最早 2024-12-26 00:00:00
2026-09-29 01:21:30   spot_GBPUSD_M5_bid_ask.csv.gz：+1425 筆（共 130996），最早 2024-12-17 22:15:00
2026-09-29 01:21:46   spot_GBPUSD_M5_bid_ask.csv.gz：+1425 筆（共 132421），最早 2024-12-10 22:15:00
2026-09-29 01:22:01   spot_GBPUSD_M5_bid_ask.csv.gz：+1425 筆（共 133846），最早 2024-12-03 22:15:00
2026-09-29 01:22:16   spot_GBPUSD_M5_bid_ask.csv.gz：+1425 筆（共 135271），最早 2024-11-26 22:15:00
2026-09-29 01:22:32   spot_GBPUSD_M5_bid_ask.csv.gz：+1425 筆（共 136696），最早 2024-11-19 22:15:00
2026-09-29 01:22:47   spot_GBPUSD_M5_bid_ask.csv.gz：+1425 筆（共 138121），最早 2024-11-12 22:15:00
2026-09-29 01:23:03   spot_GBPUSD_M5_bid_ask.csv.gz：+1425 筆（共 139546），最早 2024-11-05 22:15:00
2026-09-29 01:23:18   spot_GBPUSD_M5_bid_ask.csv.gz：+1425 筆（共 140971），最早 2024-10-29 21:15:00
2026-09-29 01:23:34   spot_GBPUSD_M5_bid_ask.csv.gz：+1425 筆（共 142396），最早 2024-10-22 21:15:00
2026-09-29 01:23:49   spot_GBPUSD_M5_bid_ask.csv.gz：+1425 筆（共 143821），最早 2024-10-15 21:15:00
2026-09-29 01:24:05   spot_GBPUSD_M5_bid_ask.csv.gz：+1425 筆（共 145246），最早 2024-10-08 21:15:00
2026-09-29 01:24:21   spot_GBPUSD_M5_bid_ask.csv.gz：+1425 筆（共 146671），最早 2024-10-01 21:15:00
2026-09-29 01:24:36   spot_GBPUSD_M5_bid_ask.csv.gz：+1425 筆（共 148096），最早 2024-09-24 21:15:00
2026-09-29 01:24:52   spot_GBPUSD_M5_bid_ask.csv.gz：+1425 筆（共 149521），最早 2024-09-17 21:15:00
2026-09-29 01:25:08   spot_AUDUSD_M5_bid_ask.csv.gz：+1191 筆（共 1191），最早 2026-09-22 21:15:00
2026-09-29 01:25:20   spot_AUDUSD_M5_bid_ask.csv.gz：+1425 筆（共 2616），最早 2026-09-15 21:15:00
2026-09-29 01:25:32   spot_AUDUSD_M5_bid_ask.csv.gz：+1425 筆（共 4041），最早 2026-09-08 21:15:00
2026-09-29 01:25:44   spot_AUDUSD_M5_bid_ask.csv.gz：+1425 筆（共 5466），最早 2026-09-01 21:15:00
2026-09-29 01:25:56   spot_AUDUSD_M5_bid_ask.csv.gz：+1425 筆（共 6891），最早 2026-08-25 21:15:00
2026-09-29 01:26:08   spot_AUDUSD_M5_bid_ask.csv.gz：+1425 筆（共 8316），最早 2026-08-18 21:15:00
2026-09-29 01:26:20   spot_AUDUSD_M5_bid_ask.csv.gz：+1425 筆（共 9741），最早 2026-08-11 21:15:00
2026-09-29 01:26:33   spot_AUDUSD_M5_bid_ask.csv.gz：+1425 筆（共 11166），最早 2026-08-04 21:15:00
2026-09-29 01:26:45   spot_AUDUSD_M5_bid_ask.csv.gz：+1425 筆（共 12591），最早 2026-07-28 21:15:00
2026-09-29 01:26:57   spot_AUDUSD_M5_bid_ask.csv.gz：+1425 筆（共 14016），最早 2026-07-21 21:15:00
2026-09-29 01:27:09   spot_AUDUSD_M5_bid_ask.csv.gz：+1425 筆（共 15441），最早 2026-07-14 21:15:00
2026-09-29 01:27:22   spot_AUDUSD_M5_bid_ask.csv.gz：+1425 筆（共 16866），最早 2026-07-07 21:15:00
2026-09-29 01:27:34   spot_AUDUSD_M5_bid_ask.csv.gz：+1425 筆（共 18291），最早 2026-06-30 21:15:00
2026-09-29 01:27:46   spot_AUDUSD_M5_bid_ask.csv.gz：+1425 筆（共 19716），最早 2026-06-23 21:15:00
2026-09-29 01:27:59   spot_AUDUSD_M5_bid_ask.csv.gz：+1425 筆（共 21141），最早 2026-06-16 21:15:00
2026-09-29 01:28:11   spot_AUDUSD_M5_bid_ask.csv.gz：+1425 筆（共 22566），最早 2026-06-09 21:15:00
2026-09-29 01:28:23   spot_AUDUSD_M5_bid_ask.csv.gz：+1425 筆（共 23991），最早 2026-06-02 21:15:00
2026-09-29 01:28:36   spot_AUDUSD_M5_bid_ask.csv.gz：+1425 筆（共 25416），最早 2026-05-26 21:15:00
2026-09-29 01:28:49   spot_AUDUSD_M5_bid_ask.csv.gz：+1425 筆（共 26841），最早 2026-05-19 21:15:00
2026-09-29 01:29:01   spot_AUDUSD_M5_bid_ask.csv.gz：+1425 筆（共 28266），最早 2026-05-12 21:15:00
2026-09-29 01:29:14   spot_AUDUSD_M5_bid_ask.csv.gz：+1425 筆（共 29691），最早 2026-05-05 21:15:00
2026-09-29 01:29:26   spot_AUDUSD_M5_bid_ask.csv.gz：+1425 筆（共 31116），最早 2026-04-28 21:15:00
2026-09-29 01:29:39   spot_AUDUSD_M5_bid_ask.csv.gz：+1425 筆（共 32541），最早 2026-04-21 21:15:00
2026-09-29 01:29:51   spot_AUDUSD_M5_bid_ask.csv.gz：+1425 筆（共 33966），最早 2026-04-14 21:15:00
2026-09-29 01:30:04   spot_AUDUSD_M5_bid_ask.csv.gz：+1425 筆（共 35391），最早 2026-04-07 21:15:00
2026-09-29 01:30:17   spot_AUDUSD_M5_bid_ask.csv.gz：+1392 筆（共 36783），最早 2026-03-31 21:15:00
2026-09-29 01:30:30   spot_AUDUSD_M5_bid_ask.csv.gz：+1425 筆（共 38208），最早 2026-03-24 21:15:00
2026-09-29 01:30:42   spot_AUDUSD_M5_bid_ask.csv.gz：+1425 筆（共 39633），最早 2026-03-17 21:15:00
2026-09-29 01:30:55   spot_AUDUSD_M5_bid_ask.csv.gz：+1425 筆（共 41058），最早 2026-03-10 21:15:00
2026-09-29 01:31:08   spot_AUDUSD_M5_bid_ask.csv.gz：+1425 筆（共 42483），最早 2026-03-03 22:15:00
2026-09-29 01:31:21   spot_AUDUSD_M5_bid_ask.csv.gz：+1425 筆（共 43908），最早 2026-02-24 22:15:00
2026-09-29 01:31:34   spot_AUDUSD_M5_bid_ask.csv.gz：+1425 筆（共 45333），最早 2026-02-17 22:15:00
2026-09-29 01:31:47   spot_AUDUSD_M5_bid_ask.csv.gz：+1425 筆（共 46758），最早 2026-02-10 22:15:00
2026-09-29 01:32:00   spot_AUDUSD_M5_bid_ask.csv.gz：+1425 筆（共 48183），最早 2026-02-03 22:15:00
2026-09-29 01:32:13   spot_AUDUSD_M5_bid_ask.csv.gz：+1425 筆（共 49608），最早 2026-01-27 22:15:00
2026-09-29 01:32:26   spot_AUDUSD_M5_bid_ask.csv.gz：+1425 筆（共 51033），最早 2026-01-20 22:15:00
2026-09-29 01:32:39   spot_AUDUSD_M5_bid_ask.csv.gz：+1425 筆（共 52458），最早 2026-01-13 22:15:00
2026-09-29 01:32:52   spot_AUDUSD_M5_bid_ask.csv.gz：+1425 筆（共 53883），最早 2026-01-06 22:15:00
2026-09-29 01:33:05   spot_AUDUSD_M5_bid_ask.csv.gz：+1119 筆（共 55002），最早 2025-12-30 22:15:00
2026-09-29 01:33:18   spot_AUDUSD_M5_bid_ask.csv.gz：+1119 筆（共 56121），最早 2025-12-23 22:15:00
2026-09-29 01:33:32   spot_AUDUSD_M5_bid_ask.csv.gz：+1425 筆（共 57546），最早 2025-12-16 22:15:00
2026-09-29 01:33:45   spot_AUDUSD_M5_bid_ask.csv.gz：+1425 筆（共 58971），最早 2025-12-09 22:15:00
2026-09-29 01:33:58   spot_AUDUSD_M5_bid_ask.csv.gz：+1425 筆（共 60396），最早 2025-12-02 22:15:00
2026-09-29 01:34:11   spot_AUDUSD_M5_bid_ask.csv.gz：+1425 筆（共 61821），最早 2025-11-25 22:15:00
2026-09-29 01:34:25   spot_AUDUSD_M5_bid_ask.csv.gz：+1425 筆（共 63246），最早 2025-11-18 22:15:00
2026-09-29 01:34:38   spot_AUDUSD_M5_bid_ask.csv.gz：+1425 筆（共 64671），最早 2025-11-11 22:15:00
2026-09-29 01:34:51   spot_AUDUSD_M5_bid_ask.csv.gz：+1425 筆（共 66096），最早 2025-11-04 22:15:00
2026-09-29 01:35:05   spot_AUDUSD_M5_bid_ask.csv.gz：+1425 筆（共 67521），最早 2025-10-28 21:15:00
2026-09-29 01:35:18   spot_AUDUSD_M5_bid_ask.csv.gz：+1425 筆（共 68946），最早 2025-10-21 21:15:00
2026-09-29 01:35:32   spot_AUDUSD_M5_bid_ask.csv.gz：+1425 筆（共 70371），最早 2025-10-14 21:15:00
2026-09-29 01:35:45   spot_AUDUSD_M5_bid_ask.csv.gz：+1425 筆（共 71796），最早 2025-10-07 21:15:00
2026-09-29 01:35:59   spot_AUDUSD_M5_bid_ask.csv.gz：+1425 筆（共 73221），最早 2025-09-30 21:15:00
2026-09-29 01:36:12   spot_AUDUSD_M5_bid_ask.csv.gz：+1425 筆（共 74646），最早 2025-09-23 21:15:00
2026-09-29 01:36:26   spot_AUDUSD_M5_bid_ask.csv.gz：+1425 筆（共 76071），最早 2025-09-16 21:15:00
2026-09-29 01:36:40   spot_AUDUSD_M5_bid_ask.csv.gz：+1425 筆（共 77496），最早 2025-09-09 21:15:00
2026-09-29 01:36:54   spot_AUDUSD_M5_bid_ask.csv.gz：+1425 筆（共 78921），最早 2025-09-02 21:15:00
2026-09-29 01:37:08   spot_AUDUSD_M5_bid_ask.csv.gz：+1425 筆（共 80346），最早 2025-08-26 21:15:00
2026-09-29 01:37:21   spot_AUDUSD_M5_bid_ask.csv.gz：+1425 筆（共 81771），最早 2025-08-19 21:15:00
2026-09-29 01:37:35   spot_AUDUSD_M5_bid_ask.csv.gz：+1425 筆（共 83196），最早 2025-08-12 21:15:00
2026-09-29 01:37:49   spot_AUDUSD_M5_bid_ask.csv.gz：+1425 筆（共 84621），最早 2025-08-05 21:15:00
2026-09-29 01:38:03   spot_AUDUSD_M5_bid_ask.csv.gz：+1425 筆（共 86046），最早 2025-07-29 21:15:00
2026-09-29 01:38:17   spot_AUDUSD_M5_bid_ask.csv.gz：+1425 筆（共 87471），最早 2025-07-22 21:15:00
2026-09-29 01:38:30   spot_AUDUSD_M5_bid_ask.csv.gz：+1425 筆（共 88896），最早 2025-07-15 21:15:00
2026-09-29 01:38:44   spot_AUDUSD_M5_bid_ask.csv.gz：+1425 筆（共 90321），最早 2025-07-08 21:15:00
2026-09-29 01:38:58   spot_AUDUSD_M5_bid_ask.csv.gz：+1425 筆（共 91746），最早 2025-07-01 21:15:00
2026-09-29 01:39:12   spot_AUDUSD_M5_bid_ask.csv.gz：+1425 筆（共 93171），最早 2025-06-24 21:15:00
2026-09-29 01:39:26   spot_AUDUSD_M5_bid_ask.csv.gz：+1425 筆（共 94596），最早 2025-06-17 21:15:00
2026-09-29 01:39:40   spot_AUDUSD_M5_bid_ask.csv.gz：+1425 筆（共 96021），最早 2025-06-10 21:15:00
2026-09-29 01:39:54   spot_AUDUSD_M5_bid_ask.csv.gz：+1425 筆（共 97446），最早 2025-06-03 21:15:00
2026-09-29 01:40:08   spot_AUDUSD_M5_bid_ask.csv.gz：+1425 筆（共 98871），最早 2025-05-27 21:15:00
2026-09-29 01:40:22   spot_AUDUSD_M5_bid_ask.csv.gz：+1425 筆（共 100296），最早 2025-05-20 21:15:00
2026-09-29 01:40:37   spot_AUDUSD_M5_bid_ask.csv.gz：+1425 筆（共 101721），最早 2025-05-13 21:15:00
2026-09-29 01:40:51   spot_AUDUSD_M5_bid_ask.csv.gz：+1425 筆（共 103146），最早 2025-05-06 21:15:00
2026-09-29 01:41:05   spot_AUDUSD_M5_bid_ask.csv.gz：+1425 筆（共 104571），最早 2025-04-29 21:15:00
2026-09-29 01:41:20   spot_AUDUSD_M5_bid_ask.csv.gz：+1425 筆（共 105996），最早 2025-04-22 21:15:00
2026-09-29 01:41:34   spot_AUDUSD_M5_bid_ask.csv.gz：+1392 筆（共 107388），最早 2025-04-15 21:15:00
2026-09-29 01:41:48   spot_AUDUSD_M5_bid_ask.csv.gz：+1425 筆（共 108813），最早 2025-04-08 21:15:00
2026-09-29 01:42:03   spot_AUDUSD_M5_bid_ask.csv.gz：+1425 筆（共 110238），最早 2025-04-01 21:15:00
2026-09-29 01:42:17   spot_AUDUSD_M5_bid_ask.csv.gz：+1425 筆（共 111663），最早 2025-03-25 21:15:00
2026-09-29 01:42:32   spot_AUDUSD_M5_bid_ask.csv.gz：+1425 筆（共 113088），最早 2025-03-18 21:15:00
2026-09-29 01:42:46   spot_AUDUSD_M5_bid_ask.csv.gz：+1425 筆（共 114513），最早 2025-03-11 21:15:00
2026-09-29 01:43:01   spot_AUDUSD_M5_bid_ask.csv.gz：+1425 筆（共 115938），最早 2025-03-04 22:15:00
2026-09-29 01:43:15   spot_AUDUSD_M5_bid_ask.csv.gz：+1425 筆（共 117363），最早 2025-02-25 22:15:00
2026-09-29 01:43:30   spot_AUDUSD_M5_bid_ask.csv.gz：+1425 筆（共 118788），最早 2025-02-18 22:15:00
2026-09-29 01:43:44   spot_AUDUSD_M5_bid_ask.csv.gz：+1425 筆（共 120213），最早 2025-02-11 22:15:00
2026-09-29 01:43:59   spot_AUDUSD_M5_bid_ask.csv.gz：+1425 筆（共 121638），最早 2025-02-04 22:15:00
2026-09-29 01:44:13   spot_AUDUSD_M5_bid_ask.csv.gz：+1425 筆（共 123063），最早 2025-01-28 22:15:00
2026-09-29 01:44:28   spot_AUDUSD_M5_bid_ask.csv.gz：+1425 筆（共 124488），最早 2025-01-21 22:15:00
2026-09-29 01:44:43   spot_AUDUSD_M5_bid_ask.csv.gz：+1425 筆（共 125913），最早 2025-01-14 22:15:00
2026-09-29 01:44:58   spot_AUDUSD_M5_bid_ask.csv.gz：+1425 筆（共 127338），最早 2025-01-07 22:15:00
2026-09-29 01:45:12   spot_AUDUSD_M5_bid_ask.csv.gz：+1119 筆（共 128457），最早 2025-01-02 00:00:00
2026-09-29 01:45:27   spot_AUDUSD_M5_bid_ask.csv.gz：+1119 筆（共 129576），最早 2024-12-26 00:00:00
2026-09-29 01:45:42   spot_AUDUSD_M5_bid_ask.csv.gz：+1425 筆（共 131001），最早 2024-12-17 22:15:00
2026-09-29 01:45:57   spot_AUDUSD_M5_bid_ask.csv.gz：+1425 筆（共 132426），最早 2024-12-10 22:15:00
2026-09-29 01:46:12   spot_AUDUSD_M5_bid_ask.csv.gz：+1425 筆（共 133851），最早 2024-12-03 22:15:00
2026-09-29 01:46:27   spot_AUDUSD_M5_bid_ask.csv.gz：+1425 筆（共 135276），最早 2024-11-26 22:15:00
2026-09-29 01:46:42   spot_AUDUSD_M5_bid_ask.csv.gz：+1425 筆（共 136701），最早 2024-11-19 22:15:00
2026-09-29 01:46:57   spot_AUDUSD_M5_bid_ask.csv.gz：+1425 筆（共 138126），最早 2024-11-12 22:15:00
2026-09-29 01:47:12   spot_AUDUSD_M5_bid_ask.csv.gz：+1425 筆（共 139551），最早 2024-11-05 22:15:00
2026-09-29 01:47:27   spot_AUDUSD_M5_bid_ask.csv.gz：+1425 筆（共 140976），最早 2024-10-29 21:15:00
2026-09-29 01:47:42   spot_AUDUSD_M5_bid_ask.csv.gz：+1425 筆（共 142401），最早 2024-10-22 21:15:00
2026-09-29 01:47:57   spot_AUDUSD_M5_bid_ask.csv.gz：+1425 筆（共 143826），最早 2024-10-15 21:15:00
2026-09-29 01:48:12   spot_AUDUSD_M5_bid_ask.csv.gz：+1425 筆（共 145251），最早 2024-10-08 21:15:00
2026-09-29 01:48:27   spot_AUDUSD_M5_bid_ask.csv.gz：+1425 筆（共 146676），最早 2024-10-01 21:15:00
2026-09-29 01:48:42   spot_AUDUSD_M5_bid_ask.csv.gz：+1425 筆（共 148101），最早 2024-09-24 21:15:00
2026-09-29 01:48:57   spot_AUDUSD_M5_bid_ask.csv.gz：+1425 筆（共 149526），最早 2024-09-17 21:15:00
2026-09-29 01:49:14   spot_NZDUSD_M5_bid_ask.csv.gz：+1219 筆（共 1219），最早 2026-09-22 19:15:00
2026-09-29 01:49:26   spot_NZDUSD_M5_bid_ask.csv.gz：+1425 筆（共 2644），最早 2026-09-15 19:15:00
2026-09-29 01:49:38   spot_NZDUSD_M5_bid_ask.csv.gz：+1425 筆（共 4069），最早 2026-09-08 19:15:00
2026-09-29 01:49:50   spot_NZDUSD_M5_bid_ask.csv.gz：+1425 筆（共 5494），最早 2026-09-01 19:15:00
2026-09-29 01:50:02   spot_NZDUSD_M5_bid_ask.csv.gz：+1425 筆（共 6919），最早 2026-08-25 19:15:00
2026-09-29 01:50:14   spot_NZDUSD_M5_bid_ask.csv.gz：+1425 筆（共 8344），最早 2026-08-18 19:15:00
2026-09-29 01:50:26   spot_NZDUSD_M5_bid_ask.csv.gz：+1425 筆（共 9769），最早 2026-08-11 19:15:00
2026-09-29 01:50:38   spot_NZDUSD_M5_bid_ask.csv.gz：+1425 筆（共 11194），最早 2026-08-04 19:15:00
2026-09-29 01:50:50   spot_NZDUSD_M5_bid_ask.csv.gz：+1425 筆（共 12619），最早 2026-07-28 19:15:00
2026-09-29 01:51:03   spot_NZDUSD_M5_bid_ask.csv.gz：+1425 筆（共 14044），最早 2026-07-21 19:15:00
2026-09-29 01:51:15   spot_NZDUSD_M5_bid_ask.csv.gz：+1425 筆（共 15469），最早 2026-07-14 19:15:00
2026-09-29 01:51:27   spot_NZDUSD_M5_bid_ask.csv.gz：+1425 筆（共 16894），最早 2026-07-07 19:15:00
2026-09-29 01:51:39   spot_NZDUSD_M5_bid_ask.csv.gz：+1425 筆（共 18319），最早 2026-06-30 19:15:00
2026-09-29 01:51:52   spot_NZDUSD_M5_bid_ask.csv.gz：+1425 筆（共 19744），最早 2026-06-23 19:15:00
2026-09-29 01:52:04   spot_NZDUSD_M5_bid_ask.csv.gz：+1425 筆（共 21169），最早 2026-06-16 19:15:00
2026-09-29 01:52:16   spot_NZDUSD_M5_bid_ask.csv.gz：+1425 筆（共 22594），最早 2026-06-09 19:15:00
2026-09-29 01:52:29   spot_NZDUSD_M5_bid_ask.csv.gz：+1425 筆（共 24019），最早 2026-06-02 19:15:00
2026-09-29 01:52:41   spot_NZDUSD_M5_bid_ask.csv.gz：+1425 筆（共 25444），最早 2026-05-26 19:15:00
2026-09-29 01:52:54   spot_NZDUSD_M5_bid_ask.csv.gz：+1425 筆（共 26869），最早 2026-05-19 19:15:00
2026-09-29 01:53:06   spot_NZDUSD_M5_bid_ask.csv.gz：+1425 筆（共 28294），最早 2026-05-12 19:15:00
2026-09-29 01:53:19   spot_NZDUSD_M5_bid_ask.csv.gz：+1425 筆（共 29719），最早 2026-05-05 19:15:00
2026-09-29 01:53:32   spot_NZDUSD_M5_bid_ask.csv.gz：+1425 筆（共 31144），最早 2026-04-28 19:15:00
2026-09-29 01:53:44   spot_NZDUSD_M5_bid_ask.csv.gz：+1425 筆（共 32569），最早 2026-04-21 19:15:00
2026-09-29 01:53:57   spot_NZDUSD_M5_bid_ask.csv.gz：+1425 筆（共 33994），最早 2026-04-14 19:15:00
2026-09-29 01:54:10   spot_NZDUSD_M5_bid_ask.csv.gz：+1425 筆（共 35419），最早 2026-04-07 19:15:00
2026-09-29 01:54:22   spot_NZDUSD_M5_bid_ask.csv.gz：+1437 筆（共 36856），最早 2026-03-31 18:15:00
2026-09-29 01:54:35   spot_NZDUSD_M5_bid_ask.csv.gz：+1425 筆（共 38281），最早 2026-03-24 18:15:00
2026-09-29 01:54:48   spot_NZDUSD_M5_bid_ask.csv.gz：+1425 筆（共 39706），最早 2026-03-17 18:15:00
2026-09-29 01:55:01   spot_NZDUSD_M5_bid_ask.csv.gz：+1425 筆（共 41131），最早 2026-03-10 18:15:00
2026-09-29 01:55:14   spot_NZDUSD_M5_bid_ask.csv.gz：+1437 筆（共 42568），最早 2026-03-03 18:15:00
2026-09-29 01:55:27   spot_NZDUSD_M5_bid_ask.csv.gz：+1425 筆（共 43993），最早 2026-02-24 18:15:00
2026-09-29 01:55:40   spot_NZDUSD_M5_bid_ask.csv.gz：+1425 筆（共 45418），最早 2026-02-17 18:15:00
2026-09-29 01:55:53   spot_NZDUSD_M5_bid_ask.csv.gz：+1425 筆（共 46843），最早 2026-02-10 18:15:00
2026-09-29 01:56:06   spot_NZDUSD_M5_bid_ask.csv.gz：+1425 筆（共 48268），最早 2026-02-03 18:15:00
2026-09-29 01:56:19   spot_NZDUSD_M5_bid_ask.csv.gz：+1425 筆（共 49693），最早 2026-01-27 18:15:00
2026-09-29 01:56:32   spot_NZDUSD_M5_bid_ask.csv.gz：+1425 筆（共 51118），最早 2026-01-20 18:15:00
2026-09-29 01:56:45   spot_NZDUSD_M5_bid_ask.csv.gz：+1425 筆（共 52543），最早 2026-01-13 18:15:00
2026-09-29 01:56:58   spot_NZDUSD_M5_bid_ask.csv.gz：+1425 筆（共 53968），最早 2026-01-06 18:15:00
2026-09-29 01:57:11   spot_NZDUSD_M5_bid_ask.csv.gz：+1071 筆（共 55039），最早 2025-12-30 18:15:00
2026-09-29 01:57:24   spot_NZDUSD_M5_bid_ask.csv.gz：+1071 筆（共 56110），最早 2025-12-23 18:15:00
2026-09-29 01:57:37   spot_NZDUSD_M5_bid_ask.csv.gz：+1425 筆（共 57535），最早 2025-12-16 18:15:00
2026-09-29 01:57:51   spot_NZDUSD_M5_bid_ask.csv.gz：+1425 筆（共 58960），最早 2025-12-09 18:15:00
2026-09-29 01:58:04   spot_NZDUSD_M5_bid_ask.csv.gz：+1425 筆（共 60385），最早 2025-12-02 18:15:00
2026-09-29 01:58:17   spot_NZDUSD_M5_bid_ask.csv.gz：+1425 筆（共 61810），最早 2025-11-25 18:15:00
2026-09-29 01:58:31   spot_NZDUSD_M5_bid_ask.csv.gz：+1425 筆（共 63235），最早 2025-11-18 18:15:00
2026-09-29 01:58:44   spot_NZDUSD_M5_bid_ask.csv.gz：+1425 筆（共 64660），最早 2025-11-11 18:15:00
2026-09-29 01:58:57   spot_NZDUSD_M5_bid_ask.csv.gz：+1425 筆（共 66085），最早 2025-11-04 18:15:00
2026-09-29 01:59:11   spot_NZDUSD_M5_bid_ask.csv.gz：+1413 筆（共 67498），最早 2025-10-28 18:15:00
2026-09-29 01:59:24   spot_NZDUSD_M5_bid_ask.csv.gz：+1425 筆（共 68923），最早 2025-10-21 18:15:00
2026-09-29 01:59:38   spot_NZDUSD_M5_bid_ask.csv.gz：+1425 筆（共 70348），最早 2025-10-14 18:15:00
2026-09-29 01:59:51   spot_NZDUSD_M5_bid_ask.csv.gz：+1425 筆（共 71773），最早 2025-10-07 18:15:00
2026-09-29 02:00:04   spot_NZDUSD_M5_bid_ask.csv.gz：+1425 筆（共 73198），最早 2025-09-30 18:15:00
2026-09-29 02:00:18   spot_NZDUSD_M5_bid_ask.csv.gz：+1413 筆（共 74611），最早 2025-09-23 19:15:00
2026-09-29 02:00:31   spot_NZDUSD_M5_bid_ask.csv.gz：+1425 筆（共 76036），最早 2025-09-16 19:15:00
2026-09-29 02:00:54   spot_NZDUSD_M5_bid_ask.csv.gz：+1425 筆（共 77461），最早 2025-09-09 19:15:00
2026-09-29 02:01:08   spot_NZDUSD_M5_bid_ask.csv.gz：+1425 筆（共 78886），最早 2025-09-02 19:15:00
2026-09-29 02:01:21   spot_NZDUSD_M5_bid_ask.csv.gz：+1425 筆（共 80311），最早 2025-08-26 19:15:00
2026-09-29 02:01:35   spot_NZDUSD_M5_bid_ask.csv.gz：+1425 筆（共 81736），最早 2025-08-19 19:15:00
2026-09-29 02:01:49   spot_NZDUSD_M5_bid_ask.csv.gz：+1425 筆（共 83161），最早 2025-08-12 19:15:00
2026-09-29 02:02:02   spot_NZDUSD_M5_bid_ask.csv.gz：+1425 筆（共 84586），最早 2025-08-05 19:15:00
2026-09-29 02:02:16   spot_NZDUSD_M5_bid_ask.csv.gz：+1425 筆（共 86011），最早 2025-07-29 19:15:00
2026-09-29 02:02:30   spot_NZDUSD_M5_bid_ask.csv.gz：+1425 筆（共 87436），最早 2025-07-22 19:15:00
2026-09-29 02:02:44   spot_NZDUSD_M5_bid_ask.csv.gz：+1425 筆（共 88861），最早 2025-07-15 19:15:00
2026-09-29 02:02:58   spot_NZDUSD_M5_bid_ask.csv.gz：+1425 筆（共 90286），最早 2025-07-08 19:15:00
2026-09-29 02:03:12   spot_NZDUSD_M5_bid_ask.csv.gz：+1425 筆（共 91711），最早 2025-07-01 19:15:00
2026-09-29 02:03:25   spot_NZDUSD_M5_bid_ask.csv.gz：+1425 筆（共 93136），最早 2025-06-24 19:15:00
2026-09-29 02:03:40   spot_NZDUSD_M5_bid_ask.csv.gz：+1425 筆（共 94561），最早 2025-06-17 19:15:00
2026-09-29 02:03:54   spot_NZDUSD_M5_bid_ask.csv.gz：+1425 筆（共 95986），最早 2025-06-10 19:15:00
2026-09-29 02:04:08   spot_NZDUSD_M5_bid_ask.csv.gz：+1425 筆（共 97411），最早 2025-06-03 19:15:00
2026-09-29 02:04:22   spot_NZDUSD_M5_bid_ask.csv.gz：+1425 筆（共 98836），最早 2025-05-27 19:15:00
2026-09-29 02:04:36   spot_NZDUSD_M5_bid_ask.csv.gz：+1425 筆（共 100261），最早 2025-05-20 19:15:00
2026-09-29 02:04:51   spot_NZDUSD_M5_bid_ask.csv.gz：+1425 筆（共 101686），最早 2025-05-13 19:15:00
2026-09-29 02:05:05   spot_NZDUSD_M5_bid_ask.csv.gz：+1425 筆（共 103111），最早 2025-05-06 19:15:00
2026-09-29 02:05:19   spot_NZDUSD_M5_bid_ask.csv.gz：+1425 筆（共 104536），最早 2025-04-29 19:15:00
2026-09-29 02:05:33   spot_NZDUSD_M5_bid_ask.csv.gz：+1425 筆（共 105961），最早 2025-04-22 19:15:00
2026-09-29 02:05:47   spot_NZDUSD_M5_bid_ask.csv.gz：+1392 筆（共 107353），最早 2025-04-15 19:15:00
2026-09-29 02:06:02   spot_NZDUSD_M5_bid_ask.csv.gz：+1425 筆（共 108778），最早 2025-04-08 19:15:00
2026-09-29 02:06:16   spot_NZDUSD_M5_bid_ask.csv.gz：+1437 筆（共 110215），最早 2025-04-01 18:15:00
2026-09-29 02:06:30   spot_NZDUSD_M5_bid_ask.csv.gz：+1425 筆（共 111640），最早 2025-03-25 18:15:00
2026-09-29 02:06:45   spot_NZDUSD_M5_bid_ask.csv.gz：+1425 筆（共 113065），最早 2025-03-18 18:15:00
2026-09-29 02:06:59   spot_NZDUSD_M5_bid_ask.csv.gz：+1425 筆（共 114490），最早 2025-03-11 18:15:00
2026-09-29 02:07:13   spot_NZDUSD_M5_bid_ask.csv.gz：+1437 筆（共 115927），最早 2025-03-04 18:15:00
2026-09-29 02:07:28   spot_NZDUSD_M5_bid_ask.csv.gz：+1425 筆（共 117352），最早 2025-02-25 18:15:00
2026-09-29 02:07:42   spot_NZDUSD_M5_bid_ask.csv.gz：+1425 筆（共 118777），最早 2025-02-18 18:15:00
2026-09-29 02:07:57   spot_NZDUSD_M5_bid_ask.csv.gz：+1425 筆（共 120202），最早 2025-02-11 18:15:00
2026-09-29 02:08:11   spot_NZDUSD_M5_bid_ask.csv.gz：+1425 筆（共 121627），最早 2025-02-04 18:15:00
2026-09-29 02:08:26   spot_NZDUSD_M5_bid_ask.csv.gz：+1425 筆（共 123052），最早 2025-01-28 18:15:00
2026-09-29 02:08:41   spot_NZDUSD_M5_bid_ask.csv.gz：+1425 筆（共 124477），最早 2025-01-21 18:15:00
2026-09-29 02:08:55   spot_NZDUSD_M5_bid_ask.csv.gz：+1425 筆（共 125902），最早 2025-01-14 18:15:00
2026-09-29 02:09:10   spot_NZDUSD_M5_bid_ask.csv.gz：+1425 筆（共 127327），最早 2025-01-07 18:15:00
2026-09-29 02:09:24   spot_NZDUSD_M5_bid_ask.csv.gz：+1071 筆（共 128398），最早 2025-01-02 00:00:00
2026-09-29 02:09:39   spot_NZDUSD_M5_bid_ask.csv.gz：+1071 筆（共 129469），最早 2024-12-26 00:00:00
2026-09-29 02:09:54   spot_NZDUSD_M5_bid_ask.csv.gz：+1425 筆（共 130894），最早 2024-12-17 18:15:00
2026-09-29 02:10:09   spot_NZDUSD_M5_bid_ask.csv.gz：+1425 筆（共 132319），最早 2024-12-10 18:15:00
2026-09-29 02:10:23   spot_NZDUSD_M5_bid_ask.csv.gz：+1425 筆（共 133744），最早 2024-12-03 18:15:00
2026-09-29 02:10:38   spot_NZDUSD_M5_bid_ask.csv.gz：+1425 筆（共 135169），最早 2024-11-26 18:15:00
2026-09-29 02:10:53   spot_NZDUSD_M5_bid_ask.csv.gz：+1425 筆（共 136594），最早 2024-11-19 18:15:00
2026-09-29 02:11:08   spot_NZDUSD_M5_bid_ask.csv.gz：+1425 筆（共 138019），最早 2024-11-12 18:15:00
2026-09-29 02:11:23   spot_NZDUSD_M5_bid_ask.csv.gz：+1425 筆（共 139444），最早 2024-11-05 18:15:00
2026-09-29 02:11:38   spot_NZDUSD_M5_bid_ask.csv.gz：+1413 筆（共 140857），最早 2024-10-29 18:15:00
2026-09-29 02:11:53   spot_NZDUSD_M5_bid_ask.csv.gz：+1425 筆（共 142282），最早 2024-10-22 18:15:00
2026-09-29 02:12:08   spot_NZDUSD_M5_bid_ask.csv.gz：+1425 筆（共 143707），最早 2024-10-15 18:15:00
2026-09-29 02:12:23   spot_NZDUSD_M5_bid_ask.csv.gz：+1425 筆（共 145132），最早 2024-10-08 18:15:00
2026-09-29 02:12:38   spot_NZDUSD_M5_bid_ask.csv.gz：+1425 筆（共 146557），最早 2024-10-01 18:15:00
2026-09-29 02:12:53   spot_NZDUSD_M5_bid_ask.csv.gz：+1413 筆（共 147970），最早 2024-09-24 19:15:00
2026-09-29 02:13:08   spot_NZDUSD_M5_bid_ask.csv.gz：+1425 筆（共 149395），最早 2024-09-17 19:15:00
2026-09-29 02:13:24   spot_USDJPY_M5_bid_ask.csv.gz：+1200 筆（共 1200），最早 2026-09-22 21:15:00
2026-09-29 02:13:36   spot_USDJPY_M5_bid_ask.csv.gz：+1425 筆（共 2625），最早 2026-09-15 21:15:00
2026-09-29 02:13:48   spot_USDJPY_M5_bid_ask.csv.gz：+1425 筆（共 4050），最早 2026-09-08 21:15:00
2026-09-29 02:14:00   spot_USDJPY_M5_bid_ask.csv.gz：+1425 筆（共 5475），最早 2026-09-01 21:15:00
2026-09-29 02:14:12   spot_USDJPY_M5_bid_ask.csv.gz：+1425 筆（共 6900），最早 2026-08-25 21:15:00
2026-09-29 02:14:24   spot_USDJPY_M5_bid_ask.csv.gz：+1425 筆（共 8325），最早 2026-08-18 21:15:00
2026-09-29 02:14:36   spot_USDJPY_M5_bid_ask.csv.gz：+1425 筆（共 9750），最早 2026-08-11 21:15:00
2026-09-29 02:14:48   spot_USDJPY_M5_bid_ask.csv.gz：+1425 筆（共 11175），最早 2026-08-04 21:15:00
2026-09-29 02:15:01   spot_USDJPY_M5_bid_ask.csv.gz：+1425 筆（共 12600），最早 2026-07-28 21:15:00
2026-09-29 02:15:13   spot_USDJPY_M5_bid_ask.csv.gz：+1425 筆（共 14025），最早 2026-07-21 21:15:00
2026-09-29 02:15:25   spot_USDJPY_M5_bid_ask.csv.gz：+1425 筆（共 15450），最早 2026-07-14 21:15:00
2026-09-29 02:15:37   spot_USDJPY_M5_bid_ask.csv.gz：+1425 筆（共 16875），最早 2026-07-07 21:15:00
2026-09-29 02:15:50   spot_USDJPY_M5_bid_ask.csv.gz：+1425 筆（共 18300），最早 2026-06-30 21:15:00
2026-09-29 02:16:02   spot_USDJPY_M5_bid_ask.csv.gz：+1425 筆（共 19725），最早 2026-06-23 21:15:00
2026-09-29 02:16:15   spot_USDJPY_M5_bid_ask.csv.gz：+1425 筆（共 21150），最早 2026-06-16 21:15:00
2026-09-29 02:16:27   spot_USDJPY_M5_bid_ask.csv.gz：+1425 筆（共 22575），最早 2026-06-09 21:15:00
2026-09-29 02:16:39   spot_USDJPY_M5_bid_ask.csv.gz：+1425 筆（共 24000），最早 2026-06-02 21:15:00
2026-09-29 02:16:52   spot_USDJPY_M5_bid_ask.csv.gz：+1425 筆（共 25425），最早 2026-05-26 21:15:00
2026-09-29 02:17:05   spot_USDJPY_M5_bid_ask.csv.gz：+1425 筆（共 26850），最早 2026-05-19 21:15:00
2026-09-29 02:17:17   spot_USDJPY_M5_bid_ask.csv.gz：+1425 筆（共 28275），最早 2026-05-12 21:15:00
2026-09-29 02:17:30   spot_USDJPY_M5_bid_ask.csv.gz：+1425 筆（共 29700），最早 2026-05-05 21:15:00
2026-09-29 02:17:42   spot_USDJPY_M5_bid_ask.csv.gz：+1425 筆（共 31125），最早 2026-04-28 21:15:00
2026-09-29 02:17:55   spot_USDJPY_M5_bid_ask.csv.gz：+1425 筆（共 32550），最早 2026-04-21 21:15:00
2026-09-29 02:18:08   spot_USDJPY_M5_bid_ask.csv.gz：+1425 筆（共 33975），最早 2026-04-14 21:15:00
2026-09-29 02:18:20   spot_USDJPY_M5_bid_ask.csv.gz：+1425 筆（共 35400），最早 2026-04-07 21:15:00
2026-09-29 02:18:33   spot_USDJPY_M5_bid_ask.csv.gz：+1392 筆（共 36792），最早 2026-03-31 21:15:00
2026-09-29 02:18:46   spot_USDJPY_M5_bid_ask.csv.gz：+1425 筆（共 38217），最早 2026-03-24 21:15:00
2026-09-29 02:18:59   spot_USDJPY_M5_bid_ask.csv.gz：+1425 筆（共 39642），最早 2026-03-17 21:15:00
2026-09-29 02:19:12   spot_USDJPY_M5_bid_ask.csv.gz：+1425 筆（共 41067），最早 2026-03-10 21:15:00
2026-09-29 02:19:25   spot_USDJPY_M5_bid_ask.csv.gz：+1425 筆（共 42492），最早 2026-03-03 22:15:00
2026-09-29 02:19:38   spot_USDJPY_M5_bid_ask.csv.gz：+1425 筆（共 43917），最早 2026-02-24 22:15:00
2026-09-29 02:19:51   spot_USDJPY_M5_bid_ask.csv.gz：+1425 筆（共 45342），最早 2026-02-17 22:15:00
2026-09-29 02:20:04   spot_USDJPY_M5_bid_ask.csv.gz：+1425 筆（共 46767），最早 2026-02-10 22:15:00
2026-09-29 02:20:17   spot_USDJPY_M5_bid_ask.csv.gz：+1425 筆（共 48192），最早 2026-02-03 22:15:00
2026-09-29 02:20:30   spot_USDJPY_M5_bid_ask.csv.gz：+1425 筆（共 49617），最早 2026-01-27 22:15:00
2026-09-29 02:20:43   spot_USDJPY_M5_bid_ask.csv.gz：+1425 筆（共 51042），最早 2026-01-20 22:15:00
2026-09-29 02:20:56   spot_USDJPY_M5_bid_ask.csv.gz：+1425 筆（共 52467），最早 2026-01-13 22:15:00
2026-09-29 02:21:09   spot_USDJPY_M5_bid_ask.csv.gz：+1425 筆（共 53892），最早 2026-01-06 22:15:00
2026-09-29 02:21:22   spot_USDJPY_M5_bid_ask.csv.gz：+1119 筆（共 55011），最早 2025-12-30 22:15:00
2026-09-29 02:21:35   spot_USDJPY_M5_bid_ask.csv.gz：+1119 筆（共 56130），最早 2025-12-23 22:15:00
2026-09-29 02:21:49   spot_USDJPY_M5_bid_ask.csv.gz：+1425 筆（共 57555），最早 2025-12-16 22:15:00
2026-09-29 02:22:02   spot_USDJPY_M5_bid_ask.csv.gz：+1425 筆（共 58980），最早 2025-12-09 22:15:00
2026-09-29 02:22:15   spot_USDJPY_M5_bid_ask.csv.gz：+1425 筆（共 60405），最早 2025-12-02 22:15:00
2026-09-29 02:22:29   spot_USDJPY_M5_bid_ask.csv.gz：+1425 筆（共 61830），最早 2025-11-25 22:15:00
2026-09-29 02:22:42   spot_USDJPY_M5_bid_ask.csv.gz：+1425 筆（共 63255），最早 2025-11-18 22:15:00
2026-09-29 02:22:56   spot_USDJPY_M5_bid_ask.csv.gz：+1425 筆（共 64680），最早 2025-11-11 22:15:00
2026-09-29 02:23:09   spot_USDJPY_M5_bid_ask.csv.gz：+1425 筆（共 66105），最早 2025-11-04 22:15:00
2026-09-29 02:23:22   spot_USDJPY_M5_bid_ask.csv.gz：+1425 筆（共 67530），最早 2025-10-28 21:15:00
2026-09-29 02:23:36   spot_USDJPY_M5_bid_ask.csv.gz：+1425 筆（共 68955），最早 2025-10-21 21:15:00
2026-09-29 02:23:49   spot_USDJPY_M5_bid_ask.csv.gz：+1425 筆（共 70380），最早 2025-10-14 21:15:00
2026-09-29 02:24:03   spot_USDJPY_M5_bid_ask.csv.gz：+1425 筆（共 71805），最早 2025-10-07 21:15:00
2026-09-29 02:24:17   spot_USDJPY_M5_bid_ask.csv.gz：+1425 筆（共 73230），最早 2025-09-30 21:15:00
2026-09-29 02:24:30   spot_USDJPY_M5_bid_ask.csv.gz：+1425 筆（共 74655），最早 2025-09-23 21:15:00
2026-09-29 02:24:44   spot_USDJPY_M5_bid_ask.csv.gz：+1425 筆（共 76080），最早 2025-09-16 21:15:00
2026-09-29 02:24:58   spot_USDJPY_M5_bid_ask.csv.gz：+1425 筆（共 77505），最早 2025-09-09 21:15:00
2026-09-29 02:25:12   spot_USDJPY_M5_bid_ask.csv.gz：+1425 筆（共 78930），最早 2025-09-02 21:15:00
2026-09-29 02:25:25   spot_USDJPY_M5_bid_ask.csv.gz：+1425 筆（共 80355），最早 2025-08-26 21:15:00
2026-09-29 02:25:39   spot_USDJPY_M5_bid_ask.csv.gz：+1425 筆（共 81780），最早 2025-08-19 21:15:00
2026-09-29 02:25:53   spot_USDJPY_M5_bid_ask.csv.gz：+1425 筆（共 83205），最早 2025-08-12 21:15:00
2026-09-29 02:26:07   spot_USDJPY_M5_bid_ask.csv.gz：+1425 筆（共 84630），最早 2025-08-05 21:15:00
2026-09-29 02:26:21   spot_USDJPY_M5_bid_ask.csv.gz：+1425 筆（共 86055），最早 2025-07-29 21:15:00
2026-09-29 02:26:35   spot_USDJPY_M5_bid_ask.csv.gz：+1425 筆（共 87480），最早 2025-07-22 21:15:00
2026-09-29 02:26:49   spot_USDJPY_M5_bid_ask.csv.gz：+1425 筆（共 88905），最早 2025-07-15 21:15:00
2026-09-29 02:27:03   spot_USDJPY_M5_bid_ask.csv.gz：+1425 筆（共 90330），最早 2025-07-08 21:15:00
2026-09-29 02:27:17   spot_USDJPY_M5_bid_ask.csv.gz：+1425 筆（共 91755），最早 2025-07-01 21:15:00
2026-09-29 02:27:31   spot_USDJPY_M5_bid_ask.csv.gz：+1425 筆（共 93180），最早 2025-06-24 21:15:00
2026-09-29 02:27:45   spot_USDJPY_M5_bid_ask.csv.gz：+1425 筆（共 94605），最早 2025-06-17 21:15:00
2026-09-29 02:27:59   spot_USDJPY_M5_bid_ask.csv.gz：+1425 筆（共 96030），最早 2025-06-10 21:15:00
2026-09-29 02:28:13   spot_USDJPY_M5_bid_ask.csv.gz：+1425 筆（共 97455），最早 2025-06-03 21:15:00
2026-09-29 02:28:27   spot_USDJPY_M5_bid_ask.csv.gz：+1425 筆（共 98880），最早 2025-05-27 21:15:00
2026-09-29 02:28:41   spot_USDJPY_M5_bid_ask.csv.gz：+1425 筆（共 100305），最早 2025-05-20 21:15:00
2026-09-29 02:28:56   spot_USDJPY_M5_bid_ask.csv.gz：+1425 筆（共 101730），最早 2025-05-13 21:15:00
2026-09-29 02:29:10   spot_USDJPY_M5_bid_ask.csv.gz：+1425 筆（共 103155），最早 2025-05-06 21:15:00
2026-09-29 02:29:24   spot_USDJPY_M5_bid_ask.csv.gz：+1425 筆（共 104580），最早 2025-04-29 21:15:00
2026-09-29 02:29:38   spot_USDJPY_M5_bid_ask.csv.gz：+1425 筆（共 106005），最早 2025-04-22 21:15:00
2026-09-29 02:29:53   spot_USDJPY_M5_bid_ask.csv.gz：+1392 筆（共 107397），最早 2025-04-15 21:15:00
2026-09-29 02:30:07   spot_USDJPY_M5_bid_ask.csv.gz：+1425 筆（共 108822），最早 2025-04-08 21:15:00
2026-09-29 02:30:22   spot_USDJPY_M5_bid_ask.csv.gz：+1425 筆（共 110247），最早 2025-04-01 21:15:00
2026-09-29 02:30:36   spot_USDJPY_M5_bid_ask.csv.gz：+1425 筆（共 111672），最早 2025-03-25 21:15:00
2026-09-29 02:30:51   spot_USDJPY_M5_bid_ask.csv.gz：+1425 筆（共 113097），最早 2025-03-18 21:15:00
2026-09-29 02:31:05   spot_USDJPY_M5_bid_ask.csv.gz：+1425 筆（共 114522），最早 2025-03-11 21:15:00
2026-09-29 02:31:20   spot_USDJPY_M5_bid_ask.csv.gz：+1425 筆（共 115947），最早 2025-03-04 22:15:00
2026-09-29 02:31:35   spot_USDJPY_M5_bid_ask.csv.gz：+1425 筆（共 117372），最早 2025-02-25 22:15:00
2026-09-29 02:31:49   spot_USDJPY_M5_bid_ask.csv.gz：+1425 筆（共 118797），最早 2025-02-18 22:15:00
2026-09-29 02:32:04   spot_USDJPY_M5_bid_ask.csv.gz：+1425 筆（共 120222），最早 2025-02-11 22:15:00
2026-09-29 02:32:18   spot_USDJPY_M5_bid_ask.csv.gz：+1425 筆（共 121647），最早 2025-02-04 22:15:00
2026-09-29 02:32:33   spot_USDJPY_M5_bid_ask.csv.gz：+1425 筆（共 123072），最早 2025-01-28 22:15:00
2026-09-29 02:32:48   spot_USDJPY_M5_bid_ask.csv.gz：+1425 筆（共 124497），最早 2025-01-21 22:15:00
2026-09-29 02:33:03   spot_USDJPY_M5_bid_ask.csv.gz：+1425 筆（共 125922），最早 2025-01-14 22:15:00
2026-09-29 02:33:18   spot_USDJPY_M5_bid_ask.csv.gz：+1425 筆（共 127347），最早 2025-01-07 22:15:00
2026-09-29 02:33:32   spot_USDJPY_M5_bid_ask.csv.gz：+1119 筆（共 128466），最早 2025-01-02 00:00:00
2026-09-29 02:33:47   spot_USDJPY_M5_bid_ask.csv.gz：+1119 筆（共 129585），最早 2024-12-26 00:00:00
2026-09-29 02:34:02   spot_USDJPY_M5_bid_ask.csv.gz：+1425 筆（共 131010），最早 2024-12-17 22:15:00
2026-09-29 02:34:17   spot_USDJPY_M5_bid_ask.csv.gz：+1425 筆（共 132435），最早 2024-12-10 22:15:00
2026-09-29 02:34:32   spot_USDJPY_M5_bid_ask.csv.gz：+1425 筆（共 133860），最早 2024-12-03 22:15:00
2026-09-29 02:34:47   spot_USDJPY_M5_bid_ask.csv.gz：+1425 筆（共 135285），最早 2024-11-26 22:15:00
2026-09-29 02:35:02   spot_USDJPY_M5_bid_ask.csv.gz：+1425 筆（共 136710），最早 2024-11-19 22:15:00
2026-09-29 02:35:17   spot_USDJPY_M5_bid_ask.csv.gz：+1425 筆（共 138135），最早 2024-11-12 22:15:00
2026-09-29 02:35:32   spot_USDJPY_M5_bid_ask.csv.gz：+1425 筆（共 139560），最早 2024-11-05 22:15:00
2026-09-29 02:35:47   spot_USDJPY_M5_bid_ask.csv.gz：+1425 筆（共 140985），最早 2024-10-29 21:15:00
2026-09-29 02:36:02   spot_USDJPY_M5_bid_ask.csv.gz：+1425 筆（共 142410），最早 2024-10-22 21:15:00
2026-09-29 02:36:18   spot_USDJPY_M5_bid_ask.csv.gz：+1425 筆（共 143835），最早 2024-10-15 21:15:00
2026-09-29 02:36:33   spot_USDJPY_M5_bid_ask.csv.gz：+1425 筆（共 145260），最早 2024-10-08 21:15:00
2026-09-29 02:36:48   spot_USDJPY_M5_bid_ask.csv.gz：+1425 筆（共 146685），最早 2024-10-01 21:15:00
2026-09-29 02:37:03   spot_USDJPY_M5_bid_ask.csv.gz：+1425 筆（共 148110），最早 2024-09-24 21:15:00
2026-09-29 02:37:19   spot_USDJPY_M5_bid_ask.csv.gz：+1425 筆（共 149535），最早 2024-09-17 21:15:00
2026-09-29 02:37:34   spot_USDCHF_M5_bid_ask.csv.gz：+1205 筆（共 1205），最早 2026-09-22 21:15:00
2026-09-29 02:37:46   spot_USDCHF_M5_bid_ask.csv.gz：+1425 筆（共 2630），最早 2026-09-15 21:15:00
2026-09-29 02:37:58   spot_USDCHF_M5_bid_ask.csv.gz：+1425 筆（共 4055），最早 2026-09-08 21:15:00
2026-09-29 02:38:10   spot_USDCHF_M5_bid_ask.csv.gz：+1425 筆（共 5480），最早 2026-09-01 21:15:00
2026-09-29 02:38:22   spot_USDCHF_M5_bid_ask.csv.gz：+1425 筆（共 6905），最早 2026-08-25 21:15:00
2026-09-29 02:38:34   spot_USDCHF_M5_bid_ask.csv.gz：+1425 筆（共 8330），最早 2026-08-18 21:15:00
2026-09-29 02:38:46   spot_USDCHF_M5_bid_ask.csv.gz：+1425 筆（共 9755），最早 2026-08-11 21:15:00
2026-09-29 02:38:59   spot_USDCHF_M5_bid_ask.csv.gz：+1425 筆（共 11180），最早 2026-08-04 21:15:00
2026-09-29 02:39:11   spot_USDCHF_M5_bid_ask.csv.gz：+1425 筆（共 12605），最早 2026-07-28 21:15:00
2026-09-29 02:39:23   spot_USDCHF_M5_bid_ask.csv.gz：+1425 筆（共 14030），最早 2026-07-21 21:15:00
2026-09-29 02:39:35   spot_USDCHF_M5_bid_ask.csv.gz：+1425 筆（共 15455），最早 2026-07-14 21:15:00
2026-09-29 02:39:48   spot_USDCHF_M5_bid_ask.csv.gz：+1425 筆（共 16880），最早 2026-07-07 21:15:00
2026-09-29 02:40:00   spot_USDCHF_M5_bid_ask.csv.gz：+1425 筆（共 18305），最早 2026-06-30 21:15:00
2026-09-29 02:40:12   spot_USDCHF_M5_bid_ask.csv.gz：+1425 筆（共 19730），最早 2026-06-23 21:15:00
2026-09-29 02:40:25   spot_USDCHF_M5_bid_ask.csv.gz：+1425 筆（共 21155），最早 2026-06-16 21:15:00
2026-09-29 02:40:37   spot_USDCHF_M5_bid_ask.csv.gz：+1425 筆（共 22580），最早 2026-06-09 21:15:00
2026-09-29 02:40:49   spot_USDCHF_M5_bid_ask.csv.gz：+1425 筆（共 24005），最早 2026-06-02 21:15:00
2026-09-29 02:41:02   spot_USDCHF_M5_bid_ask.csv.gz：+1425 筆（共 25430），最早 2026-05-26 21:15:00
2026-09-29 02:41:14   spot_USDCHF_M5_bid_ask.csv.gz：+1425 筆（共 26855），最早 2026-05-19 21:15:00
2026-09-29 02:41:27   spot_USDCHF_M5_bid_ask.csv.gz：+1425 筆（共 28280），最早 2026-05-12 21:15:00
2026-09-29 02:41:39   spot_USDCHF_M5_bid_ask.csv.gz：+1425 筆（共 29705），最早 2026-05-05 21:15:00
2026-09-29 02:41:52   spot_USDCHF_M5_bid_ask.csv.gz：+1425 筆（共 31130），最早 2026-04-28 21:15:00
2026-09-29 02:42:05   spot_USDCHF_M5_bid_ask.csv.gz：+1425 筆（共 32555），最早 2026-04-21 21:15:00
2026-09-29 02:42:17   spot_USDCHF_M5_bid_ask.csv.gz：+1425 筆（共 33980），最早 2026-04-14 21:15:00
2026-09-29 02:42:30   spot_USDCHF_M5_bid_ask.csv.gz：+1425 筆（共 35405），最早 2026-04-07 21:15:00
2026-09-29 02:42:43   spot_USDCHF_M5_bid_ask.csv.gz：+1392 筆（共 36797），最早 2026-03-31 21:15:00
2026-09-29 02:42:55   spot_USDCHF_M5_bid_ask.csv.gz：+1425 筆（共 38222），最早 2026-03-24 21:15:00
2026-09-29 02:43:08   spot_USDCHF_M5_bid_ask.csv.gz：+1425 筆（共 39647），最早 2026-03-17 21:15:00
2026-09-29 02:43:21   spot_USDCHF_M5_bid_ask.csv.gz：+1425 筆（共 41072），最早 2026-03-10 21:15:00
2026-09-29 02:43:34   spot_USDCHF_M5_bid_ask.csv.gz：+1425 筆（共 42497），最早 2026-03-03 22:15:00
2026-09-29 02:43:47   spot_USDCHF_M5_bid_ask.csv.gz：+1425 筆（共 43922），最早 2026-02-24 22:15:00
2026-09-29 02:44:00   spot_USDCHF_M5_bid_ask.csv.gz：+1425 筆（共 45347），最早 2026-02-17 22:15:00
2026-09-29 02:44:13   spot_USDCHF_M5_bid_ask.csv.gz：+1425 筆（共 46772），最早 2026-02-10 22:15:00
2026-09-29 02:44:25   spot_USDCHF_M5_bid_ask.csv.gz：+1425 筆（共 48197），最早 2026-02-03 22:15:00
2026-09-29 02:44:38   spot_USDCHF_M5_bid_ask.csv.gz：+1425 筆（共 49622），最早 2026-01-27 22:15:00
2026-09-29 02:44:52   spot_USDCHF_M5_bid_ask.csv.gz：+1425 筆（共 51047），最早 2026-01-20 22:15:00
2026-09-29 02:45:05   spot_USDCHF_M5_bid_ask.csv.gz：+1425 筆（共 52472），最早 2026-01-13 22:15:00
2026-09-29 02:45:18   spot_USDCHF_M5_bid_ask.csv.gz：+1425 筆（共 53897），最早 2026-01-06 22:15:00
2026-09-29 02:45:31   spot_USDCHF_M5_bid_ask.csv.gz：+1119 筆（共 55016），最早 2025-12-30 22:15:00
2026-09-29 02:45:44   spot_USDCHF_M5_bid_ask.csv.gz：+1119 筆（共 56135），最早 2025-12-23 22:15:00
2026-09-29 02:45:57   spot_USDCHF_M5_bid_ask.csv.gz：+1425 筆（共 57560），最早 2025-12-16 22:15:00
2026-09-29 02:46:10   spot_USDCHF_M5_bid_ask.csv.gz：+1425 筆（共 58985），最早 2025-12-09 22:15:00
2026-09-29 02:46:23   spot_USDCHF_M5_bid_ask.csv.gz：+1425 筆（共 60410），最早 2025-12-02 22:15:00
2026-09-29 02:46:37   spot_USDCHF_M5_bid_ask.csv.gz：+1425 筆（共 61835），最早 2025-11-25 22:15:00
2026-09-29 02:46:50   spot_USDCHF_M5_bid_ask.csv.gz：+1425 筆（共 63260），最早 2025-11-18 22:15:00
2026-09-29 02:47:03   spot_USDCHF_M5_bid_ask.csv.gz：+1425 筆（共 64685），最早 2025-11-11 22:15:00
2026-09-29 02:47:17   spot_USDCHF_M5_bid_ask.csv.gz：+1425 筆（共 66110），最早 2025-11-04 22:15:00
2026-09-29 02:47:30   spot_USDCHF_M5_bid_ask.csv.gz：+1425 筆（共 67535），最早 2025-10-28 21:15:00
2026-09-29 02:47:43   spot_USDCHF_M5_bid_ask.csv.gz：+1425 筆（共 68960），最早 2025-10-21 21:15:00
2026-09-29 02:47:57   spot_USDCHF_M5_bid_ask.csv.gz：+1425 筆（共 70385），最早 2025-10-14 21:15:00
2026-09-29 02:48:10   spot_USDCHF_M5_bid_ask.csv.gz：+1425 筆（共 71810），最早 2025-10-07 21:15:00
2026-09-29 02:48:24   spot_USDCHF_M5_bid_ask.csv.gz：+1425 筆（共 73235），最早 2025-09-30 21:15:00
2026-09-29 02:48:37   spot_USDCHF_M5_bid_ask.csv.gz：+1425 筆（共 74660），最早 2025-09-23 21:15:00
2026-09-29 02:48:51   spot_USDCHF_M5_bid_ask.csv.gz：+1425 筆（共 76085），最早 2025-09-16 21:15:00
2026-09-29 02:49:04   spot_USDCHF_M5_bid_ask.csv.gz：+1425 筆（共 77510），最早 2025-09-09 21:15:00
2026-09-29 02:49:18   spot_USDCHF_M5_bid_ask.csv.gz：+1425 筆（共 78935），最早 2025-09-02 21:15:00
2026-09-29 02:49:32   spot_USDCHF_M5_bid_ask.csv.gz：+1425 筆（共 80360），最早 2025-08-26 21:15:00
2026-09-29 02:49:45   spot_USDCHF_M5_bid_ask.csv.gz：+1425 筆（共 81785），最早 2025-08-19 21:15:00
2026-09-29 02:49:59   spot_USDCHF_M5_bid_ask.csv.gz：+1425 筆（共 83210），最早 2025-08-12 21:15:00
2026-09-29 02:50:13   spot_USDCHF_M5_bid_ask.csv.gz：+1425 筆（共 84635），最早 2025-08-05 21:15:00
2026-09-29 02:50:27   spot_USDCHF_M5_bid_ask.csv.gz：+1425 筆（共 86060），最早 2025-07-29 21:15:00
2026-09-29 02:50:40   spot_USDCHF_M5_bid_ask.csv.gz：+1425 筆（共 87485），最早 2025-07-22 21:15:00
2026-09-29 02:50:54   spot_USDCHF_M5_bid_ask.csv.gz：+1425 筆（共 88910），最早 2025-07-15 21:15:00
2026-09-29 02:51:08   spot_USDCHF_M5_bid_ask.csv.gz：+1425 筆（共 90335），最早 2025-07-08 21:15:00
2026-09-29 02:51:22   spot_USDCHF_M5_bid_ask.csv.gz：+1425 筆（共 91760），最早 2025-07-01 21:15:00
2026-09-29 02:51:36   spot_USDCHF_M5_bid_ask.csv.gz：+1425 筆（共 93185），最早 2025-06-24 21:15:00
2026-09-29 02:51:50   spot_USDCHF_M5_bid_ask.csv.gz：+1425 筆（共 94610），最早 2025-06-17 21:15:00
2026-09-29 02:52:04   spot_USDCHF_M5_bid_ask.csv.gz：+1425 筆（共 96035），最早 2025-06-10 21:15:00
2026-09-29 02:52:18   spot_USDCHF_M5_bid_ask.csv.gz：+1425 筆（共 97460），最早 2025-06-03 21:15:00
2026-09-29 02:52:32   spot_USDCHF_M5_bid_ask.csv.gz：+1425 筆（共 98885），最早 2025-05-27 21:15:00
2026-09-29 02:52:46   spot_USDCHF_M5_bid_ask.csv.gz：+1425 筆（共 100310），最早 2025-05-20 21:15:00
2026-09-29 02:53:00   spot_USDCHF_M5_bid_ask.csv.gz：+1425 筆（共 101735），最早 2025-05-13 21:15:00
2026-09-29 02:53:15   spot_USDCHF_M5_bid_ask.csv.gz：+1425 筆（共 103160），最早 2025-05-06 21:15:00
2026-09-29 02:53:29   spot_USDCHF_M5_bid_ask.csv.gz：+1425 筆（共 104585），最早 2025-04-29 21:15:00
2026-09-29 02:53:43   spot_USDCHF_M5_bid_ask.csv.gz：+1425 筆（共 106010），最早 2025-04-22 21:15:00
2026-09-29 02:53:57   spot_USDCHF_M5_bid_ask.csv.gz：+1392 筆（共 107402），最早 2025-04-15 21:15:00
2026-09-29 02:54:12   spot_USDCHF_M5_bid_ask.csv.gz：+1425 筆（共 108827），最早 2025-04-08 21:15:00
2026-09-29 02:54:26   spot_USDCHF_M5_bid_ask.csv.gz：+1425 筆（共 110252），最早 2025-04-01 21:15:00
2026-09-29 02:54:40   spot_USDCHF_M5_bid_ask.csv.gz：+1425 筆（共 111677），最早 2025-03-25 21:15:00
2026-09-29 02:54:55   spot_USDCHF_M5_bid_ask.csv.gz：+1425 筆（共 113102），最早 2025-03-18 21:15:00
2026-09-29 02:55:09   spot_USDCHF_M5_bid_ask.csv.gz：+1425 筆（共 114527），最早 2025-03-11 21:15:00
2026-09-29 02:55:24   spot_USDCHF_M5_bid_ask.csv.gz：+1425 筆（共 115952），最早 2025-03-04 22:15:00
2026-09-29 02:55:38   spot_USDCHF_M5_bid_ask.csv.gz：+1425 筆（共 117377），最早 2025-02-25 22:15:00
2026-09-29 02:55:53   spot_USDCHF_M5_bid_ask.csv.gz：+1425 筆（共 118802），最早 2025-02-18 22:15:00
2026-09-29 02:56:07   spot_USDCHF_M5_bid_ask.csv.gz：+1425 筆（共 120227），最早 2025-02-11 22:15:00
2026-09-29 02:56:22   spot_USDCHF_M5_bid_ask.csv.gz：+1425 筆（共 121652），最早 2025-02-04 22:15:00
2026-09-29 02:56:37   spot_USDCHF_M5_bid_ask.csv.gz：+1425 筆（共 123077），最早 2025-01-28 22:15:00
2026-09-29 02:56:51   spot_USDCHF_M5_bid_ask.csv.gz：+1425 筆（共 124502），最早 2025-01-21 22:15:00
2026-09-29 02:57:06   spot_USDCHF_M5_bid_ask.csv.gz：+1425 筆（共 125927），最早 2025-01-14 22:15:00
2026-09-29 02:57:21   spot_USDCHF_M5_bid_ask.csv.gz：+1425 筆（共 127352），最早 2025-01-07 22:15:00
2026-09-29 02:57:36   spot_USDCHF_M5_bid_ask.csv.gz：+1119 筆（共 128471），最早 2025-01-02 00:00:00
2026-09-29 02:57:51   spot_USDCHF_M5_bid_ask.csv.gz：+1119 筆（共 129590），最早 2024-12-26 00:00:00
2026-09-29 02:58:05   spot_USDCHF_M5_bid_ask.csv.gz：+1425 筆（共 131015），最早 2024-12-17 22:15:00
2026-09-29 02:58:20   spot_USDCHF_M5_bid_ask.csv.gz：+1425 筆（共 132440），最早 2024-12-10 22:15:00
2026-09-29 02:58:35   spot_USDCHF_M5_bid_ask.csv.gz：+1425 筆（共 133865），最早 2024-12-03 22:15:00
2026-09-29 02:58:50   spot_USDCHF_M5_bid_ask.csv.gz：+1425 筆（共 135290），最早 2024-11-26 22:15:00
2026-09-29 02:59:05   spot_USDCHF_M5_bid_ask.csv.gz：+1425 筆（共 136715），最早 2024-11-19 22:15:00
2026-09-29 02:59:20   spot_USDCHF_M5_bid_ask.csv.gz：+1425 筆（共 138140），最早 2024-11-12 22:15:00
2026-09-29 02:59:35   spot_USDCHF_M5_bid_ask.csv.gz：+1425 筆（共 139565），最早 2024-11-05 22:15:00
2026-09-29 02:59:50   spot_USDCHF_M5_bid_ask.csv.gz：+1425 筆（共 140990），最早 2024-10-29 21:15:00
2026-09-29 03:00:05   spot_USDCHF_M5_bid_ask.csv.gz：+1425 筆（共 142415），最早 2024-10-22 21:15:00
2026-09-29 03:00:20   spot_USDCHF_M5_bid_ask.csv.gz：+1425 筆（共 143840），最早 2024-10-15 21:15:00
2026-09-29 03:00:35   spot_USDCHF_M5_bid_ask.csv.gz：+1425 筆（共 145265），最早 2024-10-08 21:15:00
2026-09-29 03:00:51   spot_USDCHF_M5_bid_ask.csv.gz：+1425 筆（共 146690），最早 2024-10-01 21:15:00
2026-09-29 03:01:06   spot_USDCHF_M5_bid_ask.csv.gz：+1425 筆（共 148115），最早 2024-09-24 21:15:00
2026-09-29 03:01:21   spot_USDCHF_M5_bid_ask.csv.gz：+1425 筆（共 149540），最早 2024-09-17 21:15:00
2026-09-29 03:01:37   spot_USDCAD_M5_bid_ask.csv.gz：+1210 筆（共 1210），最早 2026-09-22 21:15:00
2026-09-29 03:01:49   spot_USDCAD_M5_bid_ask.csv.gz：+1425 筆（共 2635），最早 2026-09-15 21:15:00
2026-09-29 03:02:01   spot_USDCAD_M5_bid_ask.csv.gz：+1425 筆（共 4060），最早 2026-09-08 21:15:00
2026-09-29 03:02:13   spot_USDCAD_M5_bid_ask.csv.gz：+1425 筆（共 5485），最早 2026-09-01 21:15:00
2026-09-29 03:02:25   spot_USDCAD_M5_bid_ask.csv.gz：+1425 筆（共 6910），最早 2026-08-25 21:15:00
2026-09-29 03:02:37   spot_USDCAD_M5_bid_ask.csv.gz：+1425 筆（共 8335），最早 2026-08-18 21:15:00
2026-09-29 03:02:49   spot_USDCAD_M5_bid_ask.csv.gz：+1425 筆（共 9760），最早 2026-08-11 21:15:00
2026-09-29 03:03:01   spot_USDCAD_M5_bid_ask.csv.gz：+1425 筆（共 11185），最早 2026-08-04 21:15:00
2026-09-29 03:03:14   spot_USDCAD_M5_bid_ask.csv.gz：+1425 筆（共 12610），最早 2026-07-28 21:15:00
2026-09-29 03:03:26   spot_USDCAD_M5_bid_ask.csv.gz：+1425 筆（共 14035），最早 2026-07-21 21:15:00
2026-09-29 03:03:38   spot_USDCAD_M5_bid_ask.csv.gz：+1425 筆（共 15460），最早 2026-07-14 21:15:00
2026-09-29 03:03:50   spot_USDCAD_M5_bid_ask.csv.gz：+1425 筆（共 16885），最早 2026-07-07 21:15:00
2026-09-29 03:04:03   spot_USDCAD_M5_bid_ask.csv.gz：+1425 筆（共 18310），最早 2026-06-30 21:15:00
2026-09-29 03:04:15   spot_USDCAD_M5_bid_ask.csv.gz：+1425 筆（共 19735），最早 2026-06-23 21:15:00
2026-09-29 03:04:27   spot_USDCAD_M5_bid_ask.csv.gz：+1425 筆（共 21160），最早 2026-06-16 21:15:00
2026-09-29 03:04:40   spot_USDCAD_M5_bid_ask.csv.gz：+1425 筆（共 22585），最早 2026-06-09 21:15:00
2026-09-29 03:04:52   spot_USDCAD_M5_bid_ask.csv.gz：+1425 筆（共 24010），最早 2026-06-02 21:15:00
2026-09-29 03:05:05   spot_USDCAD_M5_bid_ask.csv.gz：+1425 筆（共 25435），最早 2026-05-26 21:15:00
2026-09-29 03:05:17   spot_USDCAD_M5_bid_ask.csv.gz：+1425 筆（共 26860），最早 2026-05-19 21:15:00
2026-09-29 03:05:30   spot_USDCAD_M5_bid_ask.csv.gz：+1425 筆（共 28285），最早 2026-05-12 21:15:00
2026-09-29 03:05:42   spot_USDCAD_M5_bid_ask.csv.gz：+1425 筆（共 29710），最早 2026-05-05 21:15:00
2026-09-29 03:05:55   spot_USDCAD_M5_bid_ask.csv.gz：+1425 筆（共 31135），最早 2026-04-28 21:15:00
2026-09-29 03:06:08   spot_USDCAD_M5_bid_ask.csv.gz：+1425 筆（共 32560），最早 2026-04-21 21:15:00
2026-09-29 03:06:20   spot_USDCAD_M5_bid_ask.csv.gz：+1425 筆（共 33985），最早 2026-04-14 21:15:00
2026-09-29 03:06:33   spot_USDCAD_M5_bid_ask.csv.gz：+1425 筆（共 35410），最早 2026-04-07 21:15:00
2026-09-29 03:06:46   spot_USDCAD_M5_bid_ask.csv.gz：+1392 筆（共 36802），最早 2026-03-31 21:15:00
2026-09-29 03:06:59   spot_USDCAD_M5_bid_ask.csv.gz：+1425 筆（共 38227），最早 2026-03-24 21:15:00
2026-09-29 03:07:11   spot_USDCAD_M5_bid_ask.csv.gz：+1425 筆（共 39652），最早 2026-03-17 21:15:00
2026-09-29 03:07:24   spot_USDCAD_M5_bid_ask.csv.gz：+1425 筆（共 41077），最早 2026-03-10 21:15:00
2026-09-29 03:07:37   spot_USDCAD_M5_bid_ask.csv.gz：+1425 筆（共 42502），最早 2026-03-03 22:15:00
2026-09-29 03:07:50   spot_USDCAD_M5_bid_ask.csv.gz：+1425 筆（共 43927），最早 2026-02-24 22:15:00
2026-09-29 03:08:03   spot_USDCAD_M5_bid_ask.csv.gz：+1425 筆（共 45352），最早 2026-02-17 22:15:00
2026-09-29 03:08:16   spot_USDCAD_M5_bid_ask.csv.gz：+1425 筆（共 46777），最早 2026-02-10 22:15:00
2026-09-29 03:08:29   spot_USDCAD_M5_bid_ask.csv.gz：+1425 筆（共 48202），最早 2026-02-03 22:15:00
2026-09-29 03:08:42   spot_USDCAD_M5_bid_ask.csv.gz：+1425 筆（共 49627），最早 2026-01-27 22:15:00
2026-09-29 03:08:55   spot_USDCAD_M5_bid_ask.csv.gz：+1425 筆（共 51052），最早 2026-01-20 22:15:00
2026-09-29 03:09:08   spot_USDCAD_M5_bid_ask.csv.gz：+1425 筆（共 52477），最早 2026-01-13 22:15:00
2026-09-29 03:09:21   spot_USDCAD_M5_bid_ask.csv.gz：+1425 筆（共 53902），最早 2026-01-06 22:15:00
2026-09-29 03:09:34   spot_USDCAD_M5_bid_ask.csv.gz：+1119 筆（共 55021），最早 2025-12-30 22:15:00
2026-09-29 03:09:48   spot_USDCAD_M5_bid_ask.csv.gz：+1119 筆（共 56140），最早 2025-12-23 22:15:00
2026-09-29 03:10:01   spot_USDCAD_M5_bid_ask.csv.gz：+1425 筆（共 57565），最早 2025-12-16 22:15:00
2026-09-29 03:10:14   spot_USDCAD_M5_bid_ask.csv.gz：+1425 筆（共 58990），最早 2025-12-09 22:15:00
2026-09-29 03:10:27   spot_USDCAD_M5_bid_ask.csv.gz：+1425 筆（共 60415），最早 2025-12-02 22:15:00
2026-09-29 03:10:41   spot_USDCAD_M5_bid_ask.csv.gz：+1425 筆（共 61840），最早 2025-11-25 22:15:00
2026-09-29 03:10:54   spot_USDCAD_M5_bid_ask.csv.gz：+1425 筆（共 63265），最早 2025-11-18 22:15:00
2026-09-29 03:11:07   spot_USDCAD_M5_bid_ask.csv.gz：+1425 筆（共 64690），最早 2025-11-11 22:15:00
2026-09-29 03:11:21   spot_USDCAD_M5_bid_ask.csv.gz：+1425 筆（共 66115），最早 2025-11-04 22:15:00
2026-09-29 03:11:34   spot_USDCAD_M5_bid_ask.csv.gz：+1425 筆（共 67540），最早 2025-10-28 21:15:00
2026-09-29 03:11:48   spot_USDCAD_M5_bid_ask.csv.gz：+1425 筆（共 68965），最早 2025-10-21 21:15:00
2026-09-29 03:12:01   spot_USDCAD_M5_bid_ask.csv.gz：+1425 筆（共 70390），最早 2025-10-14 21:15:00
2026-09-29 03:12:15   spot_USDCAD_M5_bid_ask.csv.gz：+1425 筆（共 71815），最早 2025-10-07 21:15:00
2026-09-29 03:12:29   spot_USDCAD_M5_bid_ask.csv.gz：+1425 筆（共 73240），最早 2025-09-30 21:15:00
2026-09-29 03:12:42   spot_USDCAD_M5_bid_ask.csv.gz：+1425 筆（共 74665），最早 2025-09-23 21:15:00
2026-09-29 03:12:56   spot_USDCAD_M5_bid_ask.csv.gz：+1425 筆（共 76090），最早 2025-09-16 21:15:00
2026-09-29 03:13:09   spot_USDCAD_M5_bid_ask.csv.gz：+1425 筆（共 77515），最早 2025-09-09 21:15:00
2026-09-29 03:13:23   spot_USDCAD_M5_bid_ask.csv.gz：+1425 筆（共 78940），最早 2025-09-02 21:15:00
2026-09-29 03:13:37   spot_USDCAD_M5_bid_ask.csv.gz：+1425 筆（共 80365），最早 2025-08-26 21:15:00
2026-09-29 03:13:51   spot_USDCAD_M5_bid_ask.csv.gz：+1425 筆（共 81790），最早 2025-08-19 21:15:00
2026-09-29 03:14:04   spot_USDCAD_M5_bid_ask.csv.gz：+1425 筆（共 83215），最早 2025-08-12 21:15:00
2026-09-29 03:14:18   spot_USDCAD_M5_bid_ask.csv.gz：+1425 筆（共 84640），最早 2025-08-05 21:15:00
2026-09-29 03:14:32   spot_USDCAD_M5_bid_ask.csv.gz：+1425 筆（共 86065），最早 2025-07-29 21:15:00
2026-09-29 03:14:46   spot_USDCAD_M5_bid_ask.csv.gz：+1425 筆（共 87490），最早 2025-07-22 21:15:00
2026-09-29 03:15:00   spot_USDCAD_M5_bid_ask.csv.gz：+1425 筆（共 88915），最早 2025-07-15 21:15:00
2026-09-29 03:15:14   spot_USDCAD_M5_bid_ask.csv.gz：+1425 筆（共 90340），最早 2025-07-08 21:15:00
2026-09-29 03:15:28   spot_USDCAD_M5_bid_ask.csv.gz：+1425 筆（共 91765），最早 2025-07-01 21:15:00
2026-09-29 03:15:42   spot_USDCAD_M5_bid_ask.csv.gz：+1425 筆（共 93190），最早 2025-06-24 21:15:00
2026-09-29 03:15:56   spot_USDCAD_M5_bid_ask.csv.gz：+1425 筆（共 94615），最早 2025-06-17 21:15:00
2026-09-29 03:16:10   spot_USDCAD_M5_bid_ask.csv.gz：+1425 筆（共 96040），最早 2025-06-10 21:15:00
2026-09-29 03:16:24   spot_USDCAD_M5_bid_ask.csv.gz：+1425 筆（共 97465），最早 2025-06-03 21:15:00
2026-09-29 03:16:38   spot_USDCAD_M5_bid_ask.csv.gz：+1425 筆（共 98890），最早 2025-05-27 21:15:00
2026-09-29 03:16:53   spot_USDCAD_M5_bid_ask.csv.gz：+1425 筆（共 100315），最早 2025-05-20 21:15:00
2026-09-29 03:17:07   spot_USDCAD_M5_bid_ask.csv.gz：+1425 筆（共 101740），最早 2025-05-13 21:15:00
2026-09-29 03:17:21   spot_USDCAD_M5_bid_ask.csv.gz：+1425 筆（共 103165），最早 2025-05-06 21:15:00
2026-09-29 03:17:35   spot_USDCAD_M5_bid_ask.csv.gz：+1425 筆（共 104590），最早 2025-04-29 21:15:00
2026-09-29 03:17:50   spot_USDCAD_M5_bid_ask.csv.gz：+1425 筆（共 106015），最早 2025-04-22 21:15:00
2026-09-29 03:18:04   spot_USDCAD_M5_bid_ask.csv.gz：+1392 筆（共 107407），最早 2025-04-15 21:15:00
2026-09-29 03:18:19   spot_USDCAD_M5_bid_ask.csv.gz：+1425 筆（共 108832），最早 2025-04-08 21:15:00
2026-09-29 03:18:33   spot_USDCAD_M5_bid_ask.csv.gz：+1425 筆（共 110257），最早 2025-04-01 21:15:00
2026-09-29 03:18:47   spot_USDCAD_M5_bid_ask.csv.gz：+1425 筆（共 111682），最早 2025-03-25 21:15:00
2026-09-29 03:19:02   spot_USDCAD_M5_bid_ask.csv.gz：+1425 筆（共 113107），最早 2025-03-18 21:15:00
2026-09-29 03:19:17   spot_USDCAD_M5_bid_ask.csv.gz：+1425 筆（共 114532），最早 2025-03-11 21:15:00
2026-09-29 03:19:31   spot_USDCAD_M5_bid_ask.csv.gz：+1425 筆（共 115957），最早 2025-03-04 22:15:00
2026-09-29 03:19:46   spot_USDCAD_M5_bid_ask.csv.gz：+1425 筆（共 117382），最早 2025-02-25 22:15:00
2026-09-29 03:20:01   spot_USDCAD_M5_bid_ask.csv.gz：+1425 筆（共 118807），最早 2025-02-18 22:15:00
2026-09-29 03:20:15   spot_USDCAD_M5_bid_ask.csv.gz：+1425 筆（共 120232），最早 2025-02-11 22:15:00
2026-09-29 03:20:30   spot_USDCAD_M5_bid_ask.csv.gz：+1425 筆（共 121657），最早 2025-02-04 22:15:00
2026-09-29 03:20:45   spot_USDCAD_M5_bid_ask.csv.gz：+1425 筆（共 123082），最早 2025-01-28 22:15:00
2026-09-29 03:21:00   spot_USDCAD_M5_bid_ask.csv.gz：+1425 筆（共 124507），最早 2025-01-21 22:15:00
2026-09-29 03:21:15   spot_USDCAD_M5_bid_ask.csv.gz：+1425 筆（共 125932），最早 2025-01-14 22:15:00
2026-09-29 03:21:29   spot_USDCAD_M5_bid_ask.csv.gz：+1425 筆（共 127357），最早 2025-01-07 22:15:00
2026-09-29 03:21:44   spot_USDCAD_M5_bid_ask.csv.gz：+1119 筆（共 128476），最早 2025-01-02 00:00:00
2026-09-29 03:21:59   spot_USDCAD_M5_bid_ask.csv.gz：+1119 筆（共 129595），最早 2024-12-26 00:00:00
2026-09-29 03:22:14   spot_USDCAD_M5_bid_ask.csv.gz：+1425 筆（共 131020），最早 2024-12-17 22:15:00
2026-09-29 03:22:29   spot_USDCAD_M5_bid_ask.csv.gz：+1425 筆（共 132445），最早 2024-12-10 22:15:00
2026-09-29 03:22:44   spot_USDCAD_M5_bid_ask.csv.gz：+1425 筆（共 133870），最早 2024-12-03 22:15:00
2026-09-29 03:22:59   spot_USDCAD_M5_bid_ask.csv.gz：+1425 筆（共 135295），最早 2024-11-26 22:15:00
2026-09-29 03:23:14   spot_USDCAD_M5_bid_ask.csv.gz：+1425 筆（共 136720），最早 2024-11-19 22:15:00
2026-09-29 03:23:30   spot_USDCAD_M5_bid_ask.csv.gz：+1425 筆（共 138145），最早 2024-11-12 22:15:00
2026-09-29 03:23:45   spot_USDCAD_M5_bid_ask.csv.gz：+1425 筆（共 139570），最早 2024-11-05 22:15:00
2026-09-29 03:24:00   spot_USDCAD_M5_bid_ask.csv.gz：+1425 筆（共 140995），最早 2024-10-29 21:15:00
2026-09-29 03:24:15   spot_USDCAD_M5_bid_ask.csv.gz：+1425 筆（共 142420），最早 2024-10-22 21:15:00
2026-09-29 03:24:30   spot_USDCAD_M5_bid_ask.csv.gz：+1425 筆（共 143845），最早 2024-10-15 21:15:00
2026-09-29 03:24:46   spot_USDCAD_M5_bid_ask.csv.gz：+1425 筆（共 145270），最早 2024-10-08 21:15:00
2026-09-29 03:25:01   spot_USDCAD_M5_bid_ask.csv.gz：+1425 筆（共 146695），最早 2024-10-01 21:15:00
2026-09-29 03:25:16   spot_USDCAD_M5_bid_ask.csv.gz：+1425 筆（共 148120），最早 2024-09-24 21:15:00
2026-09-29 03:25:32   spot_USDCAD_M5_bid_ask.csv.gz：+1425 筆（共 149545），最早 2024-09-17 21:15:00
2026-09-29 03:25:46 == 完成
