

HANG SENG CHINA ENTERPRISES INDEX OPTIONS DAILY MARKET REPORT


HANG SENG CHINA ENTERPRISES INDEX OPTIONS DAILY MARKET REPORT (Final)

Hong Kong Exchanges and Clearing Limited and/or its subsidiaries endeavour to ensure the
accuracy and reliability of the information provided, but do not guarantee its accuracy and
reliability and accept no liability (whether in tort or contract or otherwise) for any loss
or damage arising from any inaccuracies or omissions.


TOP 10 TRADED (BY VOLUME)    VOLUME    O.Q.P.  IV%     DAILY     DAILY      OPEN    O.Q.P.  
                                        CLOSE           HIGH       LOW  INTEREST    CHANGE
P OCT-26       8000            2203       165   18       175       129      5340       +91
P NOV-26       8000            1561       245   19       242       205      1841       +97
C OCT-26       8800            1119         7   20        11         7      1795        -8
P OCT-26       7800             935        90   19        91        60      1100       +54
P NOV-26       7300             912        55   22        51        49      1512       +24
P OCT-26       7900             851       123   18       129        92       597       +71
C OCT-26       8500             811        21   18        33        18      5286       -27
C OCT-26       8400             788        32   18        48        30      1311       -39
P OCT-26       7500             668        36   22        37        24      1976       +23
C OCT-26       8100             601       111   18       137       104      1080       -96

Hang Seng China Enterprises Index Options HK$50 per point
                                                                  
                   Prev. Trading Day of the Exchange                             Trading Day of the Exchange
                   01 OCT 2026, THURSDAY                                         02 OCT 2026, FRIDAY   

                   After-Hours Trading Session            |                      Day Trading Session                  |                    Combined
                                                          |                                                           |
 
CONTRACT STRIKE *OPENING  *DAILY  *DAILY   CLOSE  VOLUME  |*OPENING  *DAILY  *DAILY  O.Q.P.   O.Q.P.  IV%     VOLUME  | *Contract *Contract     Volume      Open Change in
MONTH     PRICE    PRICE    HIGH     LOW   PRICE          |   PRICE    HIGH     LOW   CLOSE   CHANGE                  |      High       Low             Interest        OI
OCT-26   5900 C        0       0       0       0       0  |       0       0       0    2091     -210   47          0  |         0         0          0         0         0
OCT-26   6000 C        0       0       0       0       0  |       0       0       0    1991     -210   45          0  |         0         0          0         0         0
OCT-26   6100 C        0       0       0       0       0  |       0       0       0    1892     -209   44          0  |         0         0          0         0         0
OCT-26   6200 C        0       0       0       0       0  |       0       0       0    1792     -209   42          0  |         0         0          0         0         0
OCT-26   6300 C        0       0       0       0       0  |       0       0       0    1692     -209   40          0  |         0         0          0         0         0
OCT-26   6400 C        0       0       0       0       0  |       0       0       0    1592     -210   37          0  |         0         0          0         0         0
OCT-26   6500 C        0       0       0       0       0  |       0       0       0    1493     -209   36          0  |         0         0          0         0         0
OCT-26   6600 C        0       0       0       0       0  |       0       0       0    1393     -209   34          0  |         0         0          0         0         0
OCT-26   6700 C        0       0       0       0       0  |       0       0       0    1294     -208   32          0  |         0         0          0         0         0
OCT-26   6800 C        0       0       0       0       0  |       0       0       0    1195     -208   31          0  |         0         0          0         0         0
OCT-26   6900 C        0       0       0       0       0  |       0       0       0    1097     -206   30          0  |         0         0          0         0         0
OCT-26   7000 C        0       0       0       0       0  |       0       0       0     999     -205   28          0  |         0         0          0         0         0
OCT-26   7100 C        0       0       0       0       0  |       0       0       0     902     -203   27          0  |         0         0          0         0         0
OCT-26   7200 C        0       0       0       0       0  |       0       0       0     806     -200   26          0  |         0         0          0         0         0
OCT-26   7300 C        0       0       0       0       0  |       0       0       0     711     -197   25          0  |         0         0          0         0         0
OCT-26   7400 C        0       0       0       0       0  |       0       0       0     618     -193   24          0  |       469       469          0         1         0
OCT-26   7500 C        0       0       0       0       0  |       0       0       0     523     -191   22          0  |         0         0          0         0         0
OCT-26   7600 C        0       0       0       0       0  |       0       0       0     436     -183   21          0  |       362       362          0         1         0
OCT-26   7700 C        0       0       0       0       0  |     356     356     356     355     -172   20          5  |       356       316          5         4        +3
OCT-26   7800 C        0       0       0       0       0  |     282     282     278     280     -158   19          4  |       419       276          4        11        -2
OCT-26   7900 C        0       0       0       0       0  |     216     216     206     213     -140   19         24  |       360       206         24        43       +13
OCT-26   8000 C        0       0       0       0       0  |     167     168     148     155     -121   18        135  |       430       148        135       252       +17
OCT-26   8100 C        0       0       0       0       0  |     135     137     104     111      -96   18        601  |       316       104        601      1080      +332
OCT-26   8200 C        0       0       0       0       0  |     103     103      71      75      -75   18        572  |       450        71        572      7404      -132
OCT-26   8300 C        0       0       0       0       0  |      72      72      46      48      -57   17        491  |       396        46        491     12846      +189
OCT-26   8400 C        0       0       0       0       0  |      47      48      30      32      -39   18        788  |       382        30        788      1311      +234
OCT-26   8500 C        0       0       0       0       0  |      33      33      18      21      -27   18        811  |       337        18        811      5286      +139
OCT-26   8600 C        0       0       0       0       0  |      23      23      13      14      -18   18        264  |       311        13        264      2413       -84
OCT-26   8700 C        0       0       0       0       0  |      14      14       9      10      -12   19        357  |       194         9        357      1881      +106
OCT-26   8800 C        0       0       0       0       0  |      11      11       7       7       -8   20       1119  |       277         7       1119      1795      +963
OCT-26   8900 C        0       0       0       0       0  |       8       8       6       5       -5   20        144  |       237         6        144       211       +31
OCT-26   9000 C        0       0       0       0       0  |       7       7       5       4       -3   21        165  |       213         5        165      1681       -70
OCT-26   9100 C        0       0       0       0       0  |       5       6       3       3       -2   22         13  |       177         3         13       531        -2
OCT-26   9200 C        0       0       0       0       0  |       4       4       4       2       -2   22          1  |       154         4          1       119        -1
OCT-26   9300 C        0       0       0       0       0  |       2       2       2       2       -1   24         14  |       132         2         14       171       +14
OCT-26   9400 C        0       0       0       0       0  |       2       2       2       1       -1   23          1  |       114         2          1       121        +1
OCT-26   9500 C        0       0       0       0       0  |       0       0       0       1       -1   24          0  |        99         2          0      5185         0
OCT-26   9600 C        0       0       0       0       0  |       0       0       0       1        0   26          0  |        20         3          0      1244         0
OCT-26   9700 C        0       0       0       0       0  |       0       0       0       1        0   27          0  |        20         2          0       182         0
OCT-26   9800 C        0       0       0       0       0  |       0       0       0       1        0   28          0  |        14         4          0        27         0
OCT-26   9900 C        0       0       0       0       0  |       1       1       1       1        0   30         10  |        27         1         10        28         0
OCT-26  10000 C        0       0       0       0       0  |       1       1       1       1        0   31         10  |        15         1         10       104         0
OCT-26  10100 C        0       0       0       0       0  |       0       0       0       1        0   32          0  |        36         6          0        71         0
OCT-26  10200 C        0       0       0       0       0  |       0       0       0       1        0   33          0  |        11         1          0        14         0
OCT-26  10300 C        0       0       0       0       0  |       0       0       0       1        0   34          0  |        11         2          0         2         0
OCT-26  10400 C        0       0       0       0       0  |       0       0       0       1        0   36          0  |        12         3          0        52         0
OCT-26  10500 C        0       0       0       0       0  |       0       0       0       1        0   37          0  |        28         1          0        52         0

                              TOTAL CALL               0  |                               TOTAL CALL            5529  | TOTAL CALL                5529     44123     +1751

CONTRACT STRIKE *OPENING  *DAILY  *DAILY   CLOSE  VOLUME  |*OPENING  *DAILY  *DAILY  O.Q.P.   O.Q.P.  IV%     VOLUME  | *Contract *Contract     Volume      Open Change in
MONTH     PRICE    PRICE    HIGH     LOW   PRICE          |   PRICE    HIGH     LOW   CLOSE   CHANGE                  |      High       Low             Interest        OI
OCT-26   5900 P        0       0       0       0       0  |       0       0       0       1        0   42          0  |        32         1          0        17         0
OCT-26   6000 P        0       0       0       0       0  |       0       0       0       1        0   40          0  |        35         3          0         9         0
OCT-26   6100 P        0       0       0       0       0  |       0       0       0       1        0   37          0  |         5         3          0         2         0
OCT-26   6200 P        0       0       0       0       0  |       0       0       0       1        0   35          0  |        10         9          0         8         0
OCT-26   6300 P        0       0       0       0       0  |       0       0       0       1        0   33          0  |        11         5          0        12         0
OCT-26   6400 P        0       0       0       0       0  |       0       0       0       1        0   31          0  |        10         7          0        41         0
OCT-26   6500 P        0       0       0       0       0  |       0       0       0       2       +1   32          0  |        13         6          0       131         0
OCT-26   6600 P        0       0       0       0       0  |       0       0       0       2       +1   30          0  |        14         6          0       158         0
OCT-26   6700 P        0       0       0       0       0  |       6       6       6       3       +2   29          1  |        88         6          1        67         0
OCT-26   6800 P        0       0       0       0       0  |       6       6       6       4       +3   28          4  |        14         4          4       165        +4
OCT-26   6900 P        0       0       0       0       0  |       8       8       8       6       +4   28          6  |        41         4          6       161        +6
OCT-26   7000 P        0       0       0       0       0  |       9      11       9       8       +5   27         35  |        24         5         35       118       +17
OCT-26   7100 P        0       0       0       0       0  |       8      12       8      11       +7   26         43  |        20         6         43       131       +31
OCT-26   7200 P        0       0       0       0       0  |      14      16      14      14       +9   24         24  |       101         8         24       157       +11
OCT-26   7300 P        0       0       0       0       0  |      13      20      13      19      +12   23         29  |       107         9         29       434       +10
OCT-26   7400 P        0       0       0       0       0  |      17      26      17      27      +18   23        510  |       150        11        510       720      +415
OCT-26   7500 P        0       0       0       0       0  |      24      37      24      36      +23   22        668  |       177        14        668      1976       +38
OCT-26   7600 P        0       0       0       0       0  |      32      51      31      48      +30   21        325  |       208        20        325       472       -80
OCT-26   7700 P        0       0       0       0       0  |      42      69      42      66      +40   20        569  |       231        26        569       488       -32
OCT-26   7800 P        0       0       0       0       0  |      60      91      60      90      +54   19        935  |       107        37        935      1100      +447
OCT-26   7900 P        0       0       0       0       0  |      92     129      92     123      +71   18        851  |       300        52        851       597      -117
OCT-26   8000 P        0       0       0       0       0  |     129     175     129     165      +91   18       2203  |       396        73       2203      5340      +445
OCT-26   8100 P        0       0       0       0       0  |     178     230     177     220     +114   18         44  |       291        76         44      1307        +6
OCT-26   8200 P        0       0       0       0       0  |     220     290     220     284     +135   17         24  |       394        96         24      2452         0
OCT-26   8300 P        0       0       0       0       0  |     345     361     345     358     +154   17          2  |       383       129          2       281        -1
OCT-26   8400 P        0       0       0       0       0  |       0       0       0     443     +173   17          0  |       414       160          0       245         0
OCT-26   8500 P        0       0       0       0       0  |       0       0       0     532     +185   18          0  |       469       208          0      3251         0
OCT-26   8600 P        0       0       0       0       0  |       0       0       0     623     +192   17          0  |       445       301          0       488         0
OCT-26   8700 P        0       0       0       0       0  |       0       0       0     719     +198   18          0  |       400       353          0       382         0
OCT-26   8800 P        0       0       0       0       0  |       0       0       0     816     +202   18          0  |       663       663          0         2         0
OCT-26   8900 P        0       0       0       0       0  |       0       0       0     914     +205   18          0  |         0         0          0         0         0
OCT-26   9000 P        0       0       0       0       0  |       0       0       0    1013     +207   17          0  |         0         0          0         0         0
OCT-26   9100 P        0       0       0       0       0  |       0       0       0    1112     +208    0          0  |         0         0          0         0         0
OCT-26   9200 P        0       0       0       0       0  |       0       0       0    1211     +208    0          0  |         0         0          0         0         0
OCT-26   9300 P        0       0       0       0       0  |       0       0       0    1311     +209    0          0  |         0         0          0         0         0
OCT-26   9400 P        0       0       0       0       0  |       0       0       0    1410     +209    0          0  |         0         0          0         0         0
OCT-26   9500 P        0       0       0       0       0  |       0       0       0    1510     +210    0          0  |         0         0          0         0         0
OCT-26   9600 P        0       0       0       0       0  |       0       0       0    1610     +210    0          0  |         0         0          0         0         0
OCT-26   9700 P        0       0       0       0       0  |       0       0       0    1710     +210    0          0  |         0         0          0         0         0
OCT-26   9800 P        0       0       0       0       0  |       0       0       0    1809     +209    0          0  |         0         0          0         0         0
OCT-26   9900 P        0       0       0       0       0  |       0       0       0    1909     +210    0          0  |         0         0          0         0         0
OCT-26  10000 P        0       0       0       0       0  |       0       0       0    2009     +210    0          0  |         0         0          0         0         0
OCT-26  10100 P        0       0       0       0       0  |       0       0       0    2109     +210    0          0  |         0         0          0         0         0
OCT-26  10200 P        0       0       0       0       0  |       0       0       0    2209     +210    0          0  |         0         0          0         0         0
OCT-26  10300 P        0       0       0       0       0  |       0       0       0    2309     +210    0          0  |         0         0          0         0         0
OCT-26  10400 P        0       0       0       0       0  |       0       0       0    2409     +210    0          0  |         0         0          0         0         0
OCT-26  10500 P        0       0       0       0       0  |       0       0       0    2509     +210    0          0  |         0         0          0         0         0

                              TOTAL PUT                0  |                               TOTAL PUT             6273  | TOTAL PUT                 6273     20712     +1200

                                                                                                                      | MONTH PUT/CALL RATIO      1.13
                                                                                                                      | MONTH TOTAL              11802     64835     +2951

 
CONTRACT STRIKE *OPENING  *DAILY  *DAILY   CLOSE  VOLUME  |*OPENING  *DAILY  *DAILY  O.Q.P.   O.Q.P.  IV%     VOLUME  | *Contract *Contract     Volume      Open Change in
MONTH     PRICE    PRICE    HIGH     LOW   PRICE          |   PRICE    HIGH     LOW   CLOSE   CHANGE                  |      High       Low             Interest        OI
NOV-26   6400 C        0       0       0       0       0  |       0       0       0    1604     -209   31          0  |         0         0          0         0         0
NOV-26   6500 C        0       0       0       0       0  |       0       0       0    1506     -209   30          0  |         0         0          0         0         0
NOV-26   6600 C        0       0       0       0       0  |       0       0       0    1409     -207   29          0  |         0         0          0         0         0
NOV-26   6700 C        0       0       0       0       0  |       0       0       0    1312     -205   28          0  |         0         0          0         0         0
NOV-26   6800 C        0       0       0       0       0  |       0       0       0    1215     -204   27          0  |         0         0          0         0         0
NOV-26   6900 C        0       0       0       0       0  |       0       0       0    1120     -202   26          0  |         0         0          0         0         0
NOV-26   7000 C        0       0       0       0       0  |       0       0       0    1025     -200   25          0  |         0         0          0         0         0
NOV-26   7100 C        0       0       0       0       0  |       0       0       0     932     -197   24          0  |         0         0          0         0         0
NOV-26   7200 C        0       0       0       0       0  |       0       0       0     840     -193   24          0  |         0         0          0         0         0
NOV-26   7300 C        0       0       0       0       0  |       0       0       0     750     -189   23          0  |         0         0          0         0         0
NOV-26   7400 C        0       0       0       0       0  |       0       0       0     663     -183   22          0  |         0         0          0         0         0
NOV-26   7500 C        0       0       0       0       0  |       0       0       0     576     -180   21          0  |         0         0          0         0         0
NOV-26   7600 C        0       0       0       0       0  |       0       0       0     497     -171   20          0  |         0         0          0         0         0
NOV-26   7700 C        0       0       0       0       0  |       0       0       0     424     -159   20          0  |         0         0          0         0         0
NOV-26   7800 C        0       0       0       0       0  |       0       0       0     358     -144   20          0  |         0         0          0         0         0
NOV-26   7900 C        0       0       0       0       0  |     309     309     309     294     -132   19          1  |       309       309          1         1        +1
NOV-26   8000 C        0       0       0       0       0  |     249     249     249     240     -117   19          1  |       346       249          1         8        +1
NOV-26   8100 C        0       0       0       0       0  |     200     200     190     192     -102   19          4  |       285       190          4        13        +4
NOV-26   8200 C        0       0       0       0       0  |     161     161     148     153      -86   19          7  |       330       148          7       470        +3
NOV-26   8300 C        0       0       0       0       0  |     137     137     121     119      -73   19        206  |       404       121        206       612      +201
NOV-26   8400 C        0       0       0       0       0  |       0       0       0      93      -59   19          0  |       388       135          0       369         0
NOV-26   8500 C        0       0       0       0       0  |      74      75      70      72      -48   19         11  |       391        70         11        73        -7
NOV-26   8600 C        0       0       0       0       0  |      57      58      57      55      -39   19          2  |       293        57          2       105        -1
NOV-26   8700 C        0       0       0       0       0  |      45      45      45      43      -30   19          4  |       253        45          4       509        -4
NOV-26   8800 C        0       0       0       0       0  |       0       0       0      33      -24   19          0  |       217        55          0       623         0
NOV-26   8900 C        0       0       0       0       0  |      26      26      24      26      -18   20         23  |       187        24         23       943        -7
NOV-26   9000 C        0       0       0       0       0  |      26      26      19      20      -15   20         42  |       160        19         42      1857         0
NOV-26   9100 C        0       0       0       0       0  |      19      19      15      16      -11   20          9  |       120        15          9       828        -3
NOV-26   9200 C        0       0       0       0       0  |      13      14      13      13       -9   21          7  |       152        13          7       518        +1
NOV-26   9300 C        0       0       0       0       0  |      12      12      12      10       -7   21         10  |       110        12         10       126        -9
NOV-26   9400 C        0       0       0       0       0  |       0       0       0       8       -6   21          0  |        89        15          0        12         0
NOV-26   9500 C        0       0       0       0       0  |       7       7       7       7       -4   22          5  |        70         7          5       521         0
NOV-26   9600 C        0       0       0       0       0  |       0       0       0       5       -4   22          0  |        59         9          0        17         0
NOV-26   9700 C        0       0       0       0       0  |       5       5       5       4       -3   22          1  |        51         5          1       108         0
NOV-26   9800 C        0       0       0       0       0  |       4       4       4       3       -3   22          8  |        44         4          8        14        +8
NOV-26   9900 C        0       0       0       0       0  |       0       0       0       3       -2   23          0  |         8         8          0         1         0
NOV-26  10000 C        0       0       0       0       0  |       3       3       3       2       -2   23         10  |        36         3         10        59       +10
NOV-26  10100 C        0       0       0       0       0  |       0       0       0       2       -1   24          0  |         4         3          0         5         0
NOV-26  10200 C        0       0       0       0       0  |       0       0       0       2       -1   25          0  |        26         4          0        12         0
NOV-26  10300 C        0       0       0       0       0  |       0       0       0       1       -1   24          0  |        10         5          0        12         0
NOV-26  10400 C        0       0       0       0       0  |       0       0       0       1       -1   25          0  |        14         5          0        18         0
NOV-26  10500 C        0       0       0       0       0  |       0       0       0       1        0   25          0  |        28         4          0        20         0

                              TOTAL CALL               0  |                               TOTAL CALL             351  | TOTAL CALL                 351      7854      +198

CONTRACT STRIKE *OPENING  *DAILY  *DAILY   CLOSE  VOLUME  |*OPENING  *DAILY  *DAILY  O.Q.P.   O.Q.P.  IV%     VOLUME  | *Contract *Contract     Volume      Open Change in
MONTH     PRICE    PRICE    HIGH     LOW   PRICE          |   PRICE    HIGH     LOW   CLOSE   CHANGE                  |      High       Low             Interest        OI
NOV-26   6400 P        0       0       0       0       0  |      11      12      11      10       +5   30          6  |        12         8          6         9        +6
NOV-26   6500 P        0       0       0       0       0  |      13      14      13      12       +6   29         10  |        15         9         10        14        +5
NOV-26   6600 P        0       0       0       0       0  |      15      15      15      14       +6   28          1  |        28        10          1        30        +1
NOV-26   6700 P        0       0       0       0       0  |       0       0       0      17       +8   27          0  |        35        12          0       119         0
NOV-26   6800 P        0       0       0       0       0  |       0       0       0      21      +10   26          0  |        40        14          0        94         0
NOV-26   6900 P        0       0       0       0       0  |      21      25      21      26      +12   26         12  |        25        15         12        89        +9
NOV-26   7000 P        0       0       0       0       0  |      23      28      23      30      +13   25          7  |        34        18          7       281        +1
NOV-26   7100 P        0       0       0       0       0  |      27      30      27      37      +17   24          3  |        44        21          3        30        +3
NOV-26   7200 P        0       0       0       0       0  |      32      42      32      45      +20   23          8  |        46        25          8        42        +1
NOV-26   7300 P        0       0       0       0       0  |      49      51      49      55      +24   22        912  |        51        30        912      1512      +900
NOV-26   7400 P        0       0       0       0       0  |      69      69      69      68      +30   22          1  |        74        45          1        84         0
NOV-26   7500 P        0       0       0       0       0  |      79      85      79      85      +37   21         10  |        95        42         10      1099        +2
NOV-26   7600 P        0       0       0       0       0  |      95      95      95     105      +46   20          5  |       107        53          5       928         0
NOV-26   7700 P        0       0       0       0       0  |     128     135     125     131      +56   20         28  |       135        74         28       320       +17
NOV-26   7800 P        0       0       0       0       0  |     157     157     144     162      +68   19          7  |       157        70          7       454        +7
NOV-26   7900 P        0       0       0       0       0  |     165     198     165     200      +82   19         11  |       199       109         11        64        +9
NOV-26   8000 P        0       0       0       0       0  |     208     242     205     245      +97   19       1561  |       242       140       1561      1841     +1068
NOV-26   8100 P        0       0       0       0       0  |     253     298     253     299     +113   19         28  |       298       173         28        61        -9
NOV-26   8200 P        0       0       0       0       0  |     347     347     344     357     +126   18         10  |       347       209         10       501         0
NOV-26   8300 P        0       0       0       0       0  |       0       0       0     422     +139   18          0  |       325       239          0       383         0
NOV-26   8400 P        0       0       0       0       0  |       0       0       0     502     +158   19          0  |       356       288          0       776         0
NOV-26   8500 P        0       0       0       0       0  |       0       0       0     581     +170   19          0  |       372       312          0        71         0
NOV-26   8600 P        0       0       0       0       0  |       0       0       0     662     +177   19          0  |       398       396          0        16         0
NOV-26   8700 P        0       0       0       0       0  |       0       0       0     749     +184   19          0  |       455       455          0         3         0
NOV-26   8800 P        0       0       0       0       0  |       0       0       0     840     +191   19          0  |         0         0          0         0         0
NOV-26   8900 P        0       0       0       0       0  |       0       0       0     932     +196   19          0  |         0         0          0         0         0
NOV-26   9000 P        0       0       0       0       0  |       0       0       0    1026     +199   19          0  |         0         0          0         0         0
NOV-26   9100 P        0       0       0       0       0  |       0       0       0    1122     +203   20          0  |       912       912          0         1         0
NOV-26   9200 P        0       0       0       0       0  |       0       0       0    1219     +206   20          0  |         0         0          0         0         0
NOV-26   9300 P        0       0       0       0       0  |       0       0       0    1316     +207   20          0  |         0         0          0         0         0
NOV-26   9400 P        0       0       0       0       0  |       0       0       0    1414     +209   20          0  |         0         0          0         0         0
NOV-26   9500 P        0       0       0       0       0  |       0       0       0    1512     +209   20          0  |         0         0          0         0         0
NOV-26   9600 P        0       0       0       0       0  |       0       0       0    1611     +210   20          0  |         0         0          0         0         0
NOV-26   9700 P        0       0       0       0       0  |       0       0       0    1710     +211   20          0  |         0         0          0         0         0
NOV-26   9800 P        0       0       0       0       0  |       0       0       0    1809     +211   19          0  |         0         0          0         0         0
NOV-26   9900 P        0       0       0       0       0  |       0       0       0    1909     +213   20          0  |         0         0          0         0         0
NOV-26  10000 P        0       0       0       0       0  |       0       0       0    2008     +212    0          0  |         0         0          0         0         0
NOV-26  10100 P        0       0       0       0       0  |       0       0       0    2108     +213    0          0  |         0         0          0         0         0
NOV-26  10200 P        0       0       0       0       0  |       0       0       0    2207     +213    0          0  |         0         0          0         0         0
NOV-26  10300 P        0       0       0       0       0  |       0       0       0    2307     +213    0          0  |         0         0          0         0         0
NOV-26  10400 P        0       0       0       0       0  |       0       0       0    2407     +213    0          0  |         0         0          0         0         0
NOV-26  10500 P        0       0       0       0       0  |       0       0       0    2507     +214    0          0  |         0         0          0         0         0

                              TOTAL PUT                0  |                               TOTAL PUT             2620  | TOTAL PUT                 2620      8822     +2020

                                                                                                                      | MONTH PUT/CALL RATIO      7.46
                                                                                                                      | MONTH TOTAL               2971     16676     +2218

 
CONTRACT STRIKE *OPENING  *DAILY  *DAILY   CLOSE  VOLUME  |*OPENING  *DAILY  *DAILY  O.Q.P.   O.Q.P.  IV%     VOLUME  | *Contract *Contract     Volume      Open Change in
MONTH     PRICE    PRICE    HIGH     LOW   PRICE          |   PRICE    HIGH     LOW   CLOSE   CHANGE                  |      High       Low             Interest        OI
DEC-26   3900 C        0       0       0       0       0  |       0       0       0    4097     -210    0          0  |         0         0          0         0         0
DEC-26   4000 C        0       0       0       0       0  |       0       0       0    3997     -210    0          0  |      5000      4930          0         0         0
DEC-26   4100 C        0       0       0       0       0  |       0       0       0    3898     -209    0          0  |         0         0          0         0         0
DEC-26   4200 C        0       0       0       0       0  |       0       0       0    3798     -210    0          0  |         0         0          0         0         0
DEC-26   4300 C        0       0       0       0       0  |       0       0       0    3698     -210    0          0  |         0         0          0         0         0
DEC-26   4400 C        0       0       0       0       0  |       0       0       0    3598     -210    0          0  |         0         0          0         0         0
DEC-26   4500 C        0       0       0       0       0  |       0       0       0    3498     -210    0          0  |         0         0          0         0         0
DEC-26   4600 C        0       0       0       0       0  |       0       0       0    3398     -210    0          0  |         0         0          0         0         0
DEC-26   4700 C        0       0       0       0       0  |       0       0       0    3298     -210    0          0  |         0         0          0         0         0
DEC-26   4800 C        0       0       0       0       0  |       0       0       0    3199     -209   37          0  |         0         0          0         0         0
DEC-26   4900 C        0       0       0       0       0  |       0       0       0    3099     -210   36          0  |         0         0          0         0         0
DEC-26   5000 C        0       0       0       0       0  |       0       0       0    2999     -210   34          0  |         0         0          0         0         0
DEC-26   5200 C        0       0       0       0       0  |       0       0       0    2800     -210   34          0  |         0         0          0         0         0
DEC-26   5400 C        0       0       0       0       0  |       0       0       0    2602     -208   34          0  |         0         0          0         0         0
DEC-26   5600 C        0       0       0       0       0  |       0       0       0    2403     -209   32          0  |       850       850          0         1         0
DEC-26   5800 C        0       0       0       0       0  |       0       0       0    2206     -207   31          0  |         0         0          0         0         0
DEC-26   5900 C        0       0       0       0       0  |       0       0       0    2107     -207   30          0  |         0         0          0         0         0
DEC-26   6000 C        0       0       0       0       0  |       0       0       0    2009     -206   30          0  |         0         0          0         0         0
DEC-26   6100 C        0       0       0       0       0  |       0       0       0    1911     -206   29          0  |         0         0          0         0         0
DEC-26   6200 C        0       0       0       0       0  |       0       0       0    1813     -205   28          0  |         0         0          0         0         0
DEC-26   6300 C        0       0       0       0       0  |       0       0       0    1716     -204   28          0  |         0         0          0         0         0
DEC-26   6400 C        0       0       0       0       0  |       0       0       0    1619     -203   27          0  |         0         0          0         0         0
DEC-26   6500 C        0       0       0       0       0  |       0       0       0    1522     -203   26          0  |         0         0          0         0         0
DEC-26   6600 C        0       0       0       0       0  |       0       0       0    1427     -200   26          0  |         0         0          0         0         0
DEC-26   6700 C        0       0       0       0       0  |       0       0       0    1332     -199   25          0  |         0         0          0         0         0
DEC-26   6800 C        0       0       0       0       0  |       0       0       0    1238     -197   24          0  |         0         0          0         0         0
DEC-26   6900 C        0       0       0       0       0  |       0       0       0    1145     -194   24          0  |         0         0          0         0         0
DEC-26   7000 C        0       0       0       0       0  |       0       0       0    1054     -191   23          0  |         0         0          0         0         0
DEC-26   7100 C        0       0       0       0       0  |       0       0       0     964     -187   23          0  |         0         0          0       134         0
DEC-26   7200 C        0       0       0       0       0  |       0       0       0     877     -182   22          0  |      1348       596          0         0         0
DEC-26   7300 C        0       0       0       0       0  |       0       0       0     792     -177   22          0  |         0         0          0         0         0
DEC-26   7400 C        0       0       0       0       0  |       0       0       0     709     -171   21          0  |         0         0          0         0         0
DEC-26   7500 C        0       0       0       0       0  |       0       0       0     627     -167   20          0  |       539       512          0        14         0
DEC-26   7600 C        0       0       0       0       0  |       0       0       0     553     -158   20          0  |      1004       387          0         2         0
DEC-26   7700 C        0       0       0       0       0  |       0       0       0     483     -148   20          0  |       441       441          0       490         0
DEC-26   7800 C        0       0       0       0       0  |       0       0       0     422     -134   20          0  |       858       313          0       700         0
DEC-26   7900 C        0       0       0       0       0  |     351     359     351     361     -124   19         10  |       519       351         10       187        +1
DEC-26   8000 C        0       0       0       0       0  |     301     305     301     307     -113   19        250  |       697       244        250      1042      +241
DEC-26   8100 C        0       0       0       0       0  |       0       0       0     259     -101   19          0  |       758       335          0         1         0
DEC-26   8200 C        0       0       0       0       0  |     212     216     212     218      -89   19         10  |       737       194         10      2927        -8
DEC-26   8300 C        0       0       0       0       0  |     178     179     178     181      -78   19          9  |       545       168          9       872        -9
DEC-26   8400 C        0       0       0       0       0  |     147     152     147     150      -68   19         80  |      1795       147         80      3292       -37
DEC-26   8500 C        0       0       0       0       0  |     128     128     121     124      -58   19         75  |       454       121         75      1987       -38
DEC-26   8600 C        0       0       0       0       0  |     108     108      99     101      -50   19         43  |       557        99         43      2243        -6
DEC-26   8700 C        0       0       0       0       0  |       0       0       0      84      -42   19          0  |       595       103          0      3232         0
DEC-26   8800 C        0       0       0       0       0  |      70      72      69      71      -33   19         42  |       801        69         42      1328        +3
DEC-26   8900 C        0       0       0       0       0  |      59      59      59      56      -30   19          7  |       884        59          7       418        -7
DEC-26   9000 C        0       0       0       0       0  |      47      47      46      47      -25   19         44  |      1190        46         44      5525        -8
DEC-26   9100 C        0       0       0       0       0  |       0       0       0      40      -19   20          0  |       549        54          0       627         0
DEC-26   9200 C        0       0       0       0       0  |      33      33      32      33      -16   20         30  |       831        32         30      4933        -2
DEC-26   9300 C        0       0       0       0       0  |      28      28      27      27      -14   20         27  |       871        27         27      2826       +27
DEC-26   9400 C        0       0       0       0       0  |      23      23      23      23      -11   20         24  |      1020        23         24      1766       +16
DEC-26   9500 C        0       0       0       0       0  |      18      18      18      19      -10   21          1  |       864        18          1      1643        +1
DEC-26   9600 C        0       0       0       0       0  |       0       0       0      16       -8   21          0  |       293        46          0      1895         0
DEC-26   9700 C        0       0       0       0       0  |       0       0       0      14       -6   21          0  |       202        23          0        41         0
DEC-26   9800 C        0       0       0       0       0  |      13      14      13      12       -5   22         10  |       545        13         10        92         0
DEC-26   9900 C        0       0       0       0       0  |       0       0       0      10       -4   22          0  |       700        25          0        83         0
DEC-26  10000 C        0       0       0       0       0  |       9       9       8       9       -3   22        115  |       616         8        115      4681      +115
DEC-26  10100 C        0       0       0       0       0  |       0       0       0       7       -3   22          0  |       279       197          0       299         0
DEC-26  10200 C        0       0       0       0       0  |       6       6       6       6       -3   23         10  |       109         6         10        21       +10
DEC-26  10300 C        0       0       0       0       0  |       5       5       5       6       -2   23         10  |       111         5         10        16       +10
DEC-26  10400 C        0       0       0       0       0  |       0       0       0       5       -2   23          0  |       173         9          0      1108         0
DEC-26  10500 C        0       0       0       0       0  |       0       0       0       4       -2   23          0  |       174        13          0      1435         0
DEC-26  10600 C        0       0       0       0       0  |       0       0       0       4       -1   24          0  |       393       163          0         5         0
DEC-26  10700 C        0       0       0       0       0  |       0       0       0       3       -1   24          0  |       306       154          0       645         0
DEC-26  10800 C        0       0       0       0       0  |       0       0       0       3       -1   25          0  |        20        16          0         8         0
DEC-26  10900 C        0       0       0       0       0  |       0       0       0       2       -1   24          0  |       267         6          0        20         0
DEC-26  11000 C        0       0       0       0       0  |       0       0       0       2       -1   25          0  |       130         5          0       554         0
DEC-26  11100 C        0       0       0       0       0  |       0       0       0       2        0   25          0  |       262         4          0        26         0
DEC-26  11200 C        0       0       0       0       0  |       0       0       0       2        0   26          0  |        17         4          0        27         0
DEC-26  11300 C        0       0       0       0       0  |       0       0       0       1       -1   25          0  |        36         4          0        28         0
DEC-26  11400 C        0       0       0       0       0  |       0       0       0       1       -1   25          0  |       113         3          0        49         0
DEC-26  11500 C        0       0       0       0       0  |       0       0       0       1        0   26          0  |        12         7          0       444         0
DEC-26  11600 C        0       0       0       0       0  |       0       0       0       1        0   26          0  |        59         6          0        24         0
DEC-26  11800 C        0       0       0       0       0  |       0       0       0       1        0   28          0  |        57         4          0       721         0
DEC-26  12000 C        0       0       0       0       0  |       0       0       0       1        0   29          0  |        49         9          0        22         0
DEC-26  12200 C        0       0       0       0       0  |       0       0       0       1        0   30          0  |        18         4          0        26         0
DEC-26  12400 C        0       0       0       0       0  |       0       0       0       1        0   31          0  |        16         2          0         2         0
DEC-26  12600 C        0       0       0       0       0  |       0       0       0       1        0   32          0  |       103         1          0       755         0
DEC-26  12800 C        0       0       0       0       0  |       0       0       0       1        0   33          0  |        56         1          0        11         0
DEC-26  13000 C        0       0       0       0       0  |       0       0       0       1        0   34          0  |        97         1          0        19         0
DEC-26  13200 C        0       0       0       0       0  |       0       0       0       1        0   35          0  |       111         2          0        40         0
DEC-26  13400 C        0       0       0       0       0  |       0       0       0       1        0   36          0  |        21         1          0        23         0
DEC-26  13600 C        0       0       0       0       0  |       0       0       0       1        0   36          0  |         7         5          0        12         0
DEC-26  13800 C        0       0       0       0       0  |       0       0       0       1        0   37          0  |        85         2          0        18         0
DEC-26  14000 C        0       0       0       0       0  |       0       0       0       1        0   38          0  |       146         1          0        24         0
DEC-26  14200 C        0       0       0       0       0  |       0       0       0       1        0   39          0  |        10         3          0        10         0
DEC-26  14400 C        0       0       0       0       0  |       0       0       0       1        0   40          0  |        64         1          0         7         0
DEC-26  14600 C        0       0       0       0       0  |       0       0       0       1        0   41          0  |        11         1          0         4         0
DEC-26  14800 C        0       0       0       0       0  |       0       0       0       1        0   42          0  |        10         1          0         6         0
DEC-26  15000 C        0       0       0       0       0  |       0       0       0       1        0   42          0  |        50         2          0        36         0

                              TOTAL CALL               0  |                               TOTAL CALL             797  | TOTAL CALL                 797     49427      +309

CONTRACT STRIKE *OPENING  *DAILY  *DAILY   CLOSE  VOLUME  |*OPENING  *DAILY  *DAILY  O.Q.P.   O.Q.P.  IV%     VOLUME  | *Contract *Contract     Volume      Open Change in
MONTH     PRICE    PRICE    HIGH     LOW   PRICE          |   PRICE    HIGH     LOW   CLOSE   CHANGE                  |      High       Low             Interest        OI
DEC-26   3900 P        0       0       0       0       0  |       0       0       0       1        0   51          0  |        30         7          0        55         0
DEC-26   4000 P        0       0       0       0       0  |       0       0       0       1        0   49          0  |        33         8          0        28         0
DEC-26   4100 P        0       0       0       0       0  |       0       0       0       1        0   48          0  |        21         8          0        20         0
DEC-26   4200 P        0       0       0       0       0  |       0       0       0       1        0   46          0  |        17         9          0        35         0
DEC-26   4300 P        0       0       0       0       0  |       0       0       0       1        0   44          0  |        19         7          0         7         0
DEC-26   4400 P        0       0       0       0       0  |       0       0       0       1        0   43          0  |        19         6          0        19         0
DEC-26   4500 P        0       0       0       0       0  |       0       0       0       1        0   41          0  |        39         5          0         9         0
DEC-26   4600 P        0       0       0       0       0  |       0       0       0       1        0   40          0  |        28         1          0        50         0
DEC-26   4700 P        0       0       0       0       0  |       0       0       0       1        0   38          0  |        49         3          0        44         0
DEC-26   4800 P        0       0       0       0       0  |       0       0       0       2       +1   40          0  |        45        16          0        36         0
DEC-26   4900 P        0       0       0       0       0  |       0       0       0       2        0   38          0  |        53         5          0        12         0
DEC-26   5000 P        0       0       0       0       0  |       0       0       0       2        0   37          0  |        57         7          0        39         0
DEC-26   5200 P        0       0       0       0       0  |       0       0       0       3       +1   36          0  |        67         3          0        58         0
DEC-26   5400 P        0       0       0       0       0  |       0       0       0       4       +1   34          0  |        82        10          0       106         0
DEC-26   5600 P        0       0       0       0       0  |      10      10      10       6       +1   33          2  |       155        10          2        62        +2
DEC-26   5800 P        0       0       0       0       0  |       0       0       0       8       +2   31          0  |        21        12          0       572         0
DEC-26   5900 P        0       0       0       0       0  |       0       0       0      10       +3   31          0  |        22        10          0        47         0
DEC-26   6000 P        0       0       0       0       0  |       0       0       0      12       +4   30          0  |       560        12          0      4992         0
DEC-26   6100 P        0       0       0       0       0  |      17      17      17      13       +3   29         15  |        23        12         15        17       -15
DEC-26   6200 P        0       0       0       0       0  |       0       0       0      16       +5   29          0  |       115        15          0        17         0
DEC-26   6300 P        0       0       0       0       0  |       0       0       0      18       +5   28          0  |        75        16          0        67         0
DEC-26   6400 P        0       0       0       0       0  |       0       0       0      22       +7   27          0  |       260        17          0      1400         0
DEC-26   6500 P        0       0       0       0       0  |      27      27      25      25       +8   27         34  |       180        21         34        18        -4
DEC-26   6600 P        0       0       0       0       0  |      30      30      30      30      +10   26         10  |       216        21         10      1521       -10
DEC-26   6700 P        0       0       0       0       0  |      35      35      35      35      +11   25          1  |       234        34          1      3484         0
DEC-26   6800 P        0       0       0       0       0  |      35      41      35      40      +13   24          3  |       234        32          3       950         0
DEC-26   6900 P        0       0       0       0       0  |      47      47      47      48      +16   24          2  |       267        32          2      2365         0
DEC-26   7000 P        0       0       0       0       0  |      55      55      54      57      +19   23          9  |       777        37          9      3165         0
DEC-26   7100 P        0       0       0       0       0  |       0       0       0      67      +23   23          0  |       361        44          0      1766         0
DEC-26   7200 P        0       0       0       0       0  |      73      73      73      78      +26   22          3  |       405        50          3      2261        +3
DEC-26   7300 P        0       0       0       0       0  |      95      95      95      95      +34   22          1  |       360        62          1      1986        +1
DEC-26   7400 P        0       0       0       0       0  |     109     109     109     112      +39   21          8  |       474        64          8      2746        -8
DEC-26   7500 P        0       0       0       0       0  |     132     133     132     133      +46   21          2  |       530        67          2      4182        +2
DEC-26   7600 P        0       0       0       0       0  |     161     161     148     158      +54   20         60  |       566        79         60      2189        -7
DEC-26   7700 P        0       0       0       0       0  |     185     185     185     188      +64   20          7  |       663        94          7      2983         0
DEC-26   7800 P        0       0       0       0       0  |     225     225     213     224      +75   20          2  |       607       114          2      1653        -1
DEC-26   7900 P        0       0       0       0       0  |     261     261     251     264      +86   19          2  |       786       134          2      1538        -1
DEC-26   8000 P        0       0       0       0       0  |     309     309     309     310      +97   19          7  |       851       159          7      7352        -7
DEC-26   8100 P        0       0       0       0       0  |       0       0       0     362     +109   19          0  |       927       179          0      1318         0
DEC-26   8200 P        0       0       0       0       0  |       0       0       0     420     +121   19          0  |       579       262          0      3037         0
DEC-26   8300 P        0       0       0       0       0  |       0       0       0     483     +131   19          0  |      1081       331          0       574         0
DEC-26   8400 P        0       0       0       0       0  |       0       0       0     560     +149   19          0  |      1070       325          0      2247         0
DEC-26   8500 P        0       0       0       0       0  |     620     620     620     636     +161   20          7  |       809       426          7      1823        -7
DEC-26   8600 P        0       0       0       0       0  |       0       0       0     705     +161   19          0  |      1020       390          0      1076         0
DEC-26   8700 P        0       0       0       0       0  |       0       0       0     787     +168   19          0  |       614       525          0      2019         0
DEC-26   8800 P        0       0       0       0       0  |       0       0       0     872     +175   19          0  |       666       615          0       726         0
DEC-26   8900 P        0       0       0       0       0  |       0       0       0     960     +181   19          0  |       775       684          0         4         0
DEC-26   9000 P        0       0       0       0       0  |       0       0       0    1051     +186   20          0  |       824       699          0      1530         0
DEC-26   9100 P        0       0       0       0       0  |       0       0       0    1142     +190   20          0  |       854       751          0       865         0
DEC-26   9200 P        0       0       0       0       0  |       0       0       0    1236     +194   20          0  |       806       806          0      1800         0
DEC-26   9300 P        0       0       0       0       0  |       0       0       0    1330     +196   20          0  |       833       831          0       100         0
DEC-26   9400 P        0       0       0       0       0  |       0       0       0    1426     +199   21          0  |      1125      1125          0         1         0
DEC-26   9500 P        0       0       0       0       0  |       0       0       0    1522     +200   21          0  |         0         0          0       500         0
DEC-26   9600 P        0       0       0       0       0  |       0       0       0    1619     +202   21          0  |         0         0          0         0         0
DEC-26   9700 P        0       0       0       0       0  |       0       0       0    1717     +204   22          0  |      1317       947          0         1         0
DEC-26   9800 P        0       0       0       0       0  |       0       0       0    1815     +205   22          0  |         0         0          0         0         0
DEC-26   9900 P        0       0       0       0       0  |       0       0       0    1913     +206   22          0  |      1378      1378          0         1         0
DEC-26  10000 P        0       0       0       0       0  |       0       0       0    2012     +207   23          0  |         0         0          0         0         0
DEC-26  10100 P        0       0       0       0       0  |       0       0       0    2110     +207   23          0  |         0         0          0         0         0
DEC-26  10200 P        0       0       0       0       0  |       0       0       0    2209     +207   23          0  |         0         0          0         0         0
DEC-26  10300 P        0       0       0       0       0  |       0       0       0    2308     +207   23          0  |         0         0          0         0         0
DEC-26  10400 P        0       0       0       0       0  |       0       0       0    2408     +209   24          0  |         0         0          0         0         0
DEC-26  10500 P        0       0       0       0       0  |       0       0       0    2507     +208   24          0  |      1458      1458          0         3         0
DEC-26  10600 P        0       0       0       0       0  |       0       0       0    2607     +209   25          0  |         0         0          0         0         0
DEC-26  10700 P        0       0       0       0       0  |       0       0       0    2706     +209   25          0  |         0         0          0         0         0
DEC-26  10800 P        0       0       0       0       0  |       0       0       0    2806     +209   26          0  |      1685      1683          0         3         0
DEC-26  10900 P        0       0       0       0       0  |       0       0       0    2905     +209   25          0  |         0         0          0         0         0
DEC-26  11000 P        0       0       0       0       0  |       0       0       0    3005     +209   26          0  |         0         0          0         0         0
DEC-26  11100 P        0       0       0       0       0  |       0       0       0    3105     +210   27          0  |      2261      2261          0         1         0
DEC-26  11200 P        0       0       0       0       0  |       0       0       0    3205     +210   27          0  |         0         0          0         0         0
DEC-26  11300 P        0       0       0       0       0  |       0       0       0    3304     +209   27          0  |      2434      2434          0         1         0
DEC-26  11400 P        0       0       0       0       0  |       0       0       0    3404     +209   27          0  |         0         0          0         0         0
DEC-26  11500 P        0       0       0       0       0  |       0       0       0    3504     +210   28          0  |         0         0          0         0         0
DEC-26  11600 P        0       0       0       0       0  |       0       0       0    3604     +210   28          0  |         0         0          0         0         0
DEC-26  11800 P        0       0       0       0       0  |       0       0       0    3804     +210   30          0  |         0         0          0         0         0
DEC-26  12000 P        0       0       0       0       0  |       0       0       0    4004     +210   31          0  |         0         0          0         0         0
DEC-26  12200 P        0       0       0       0       0  |       0       0       0    4203     +209   30          0  |         0         0          0         0         0
DEC-26  12400 P        0       0       0       0       0  |       0       0       0    4403     +210   31          0  |         0         0          0         0         0
DEC-26  12600 P        0       0       0       0       0  |       0       0       0    4603     +210   32          0  |         0         0          0         0         0
DEC-26  12800 P        0       0       0       0       0  |       0       0       0    4803     +210   33          0  |         0         0          0         0         0
DEC-26  13000 P        0       0       0       0       0  |       0       0       0    5003     +210   34          0  |         0         0          0         0         0
DEC-26  13200 P        0       0       0       0       0  |       0       0       0    5203     +210   35          0  |         0         0          0         0         0
DEC-26  13400 P        0       0       0       0       0  |       0       0       0    5403     +210   36          0  |         0         0          0         0         0
DEC-26  13600 P        0       0       0       0       0  |       0       0       0    5603     +210   36          0  |         0         0          0         0         0
DEC-26  13800 P        0       0       0       0       0  |       0       0       0    5803     +210   37          0  |         0         0          0         0         0
DEC-26  14000 P        0       0       0       0       0  |       0       0       0    6003     +210   38          0  |         0         0          0         0         0
DEC-26  14200 P        0       0       0       0       0  |       0       0       0    6203     +210   39          0  |         0         0          0         0         0
DEC-26  14400 P        0       0       0       0       0  |       0       0       0    6403     +210   40          0  |         0         0          0         0         0
DEC-26  14600 P        0       0       0       0       0  |       0       0       0    6603     +210   41          0  |         0         0          0         0         0
DEC-26  14800 P        0       0       0       0       0  |       0       0       0    6803     +210   42          0  |         0         0          0         0         0
DEC-26  15000 P        0       0       0       0       0  |       0       0       0    7003     +210   42          0  |         0         0          0         0         0

                              TOTAL PUT                0  |                               TOTAL PUT              175  | TOTAL PUT                  175     65481       -52

                                                                                                                      | MONTH PUT/CALL RATIO      0.21
                                                                                                                      | MONTH TOTAL                972    114908      +257

 
CONTRACT STRIKE *OPENING  *DAILY  *DAILY   CLOSE  VOLUME  |*OPENING  *DAILY  *DAILY  O.Q.P.   O.Q.P.  IV%     VOLUME  | *Contract *Contract     Volume      Open Change in
MONTH     PRICE    PRICE    HIGH     LOW   PRICE          |   PRICE    HIGH     LOW   CLOSE   CHANGE                  |      High       Low             Interest        OI
JAN-27   6400 C        0       0       0       0       0  |       0       0       0    1648     -202   26          0  |         0         0          0         0         0
JAN-27   6500 C        0       0       0       0       0  |       0       0       0    1553     -201   26          0  |         0         0          0         0         0
JAN-27   6600 C        0       0       0       0       0  |       0       0       0    1459     -199   25          0  |         0         0          0         0         0
JAN-27   6700 C        0       0       0       0       0  |       0       0       0    1366     -197   25          0  |         0         0          0         0         0
JAN-27   6800 C        0       0       0       0       0  |       0       0       0    1274     -194   24          0  |         0         0          0         0         0
JAN-27   6900 C        0       0       0       0       0  |       0       0       0    1183     -191   23          0  |         0         0          0         0         0
JAN-27   7000 C        0       0       0       0       0  |       0       0       0    1094     -188   23          0  |         0         0          0         0         0
JAN-27   7100 C        0       0       0       0       0  |       0       0       0    1007     -184   22          0  |         0         0          0         0         0
JAN-27   7200 C        0       0       0       0       0  |       0       0       0     922     -179   22          0  |         0         0          0         0         0
JAN-27   7300 C        0       0       0       0       0  |       0       0       0     839     -174   21          0  |         0         0          0         0         0
JAN-27   7400 C        0       0       0       0       0  |       0       0       0     760     -168   21          0  |         0         0          0         0         0
JAN-27   7500 C        0       0       0       0       0  |       0       0       0     681     -164   20          0  |         0         0          0         0         0
JAN-27   7600 C        0       0       0       0       0  |       0       0       0     610     -155   20          0  |         0         0          0         0         0
JAN-27   7700 C        0       0       0       0       0  |       0       0       0     541     -147   20          0  |         0         0          0         0         0
JAN-27   7800 C        0       0       0       0       0  |       0       0       0     483     -133   20          0  |         0         0          0         0         0
JAN-27   7900 C        0       0       0       0       0  |       0       0       0     423     -125   20          0  |         0         0          0         0         0
JAN-27   8000 C        0       0       0       0       0  |     367     367     367     368     -116   19          1  |       367       367          1         1        +1
JAN-27   8100 C        0       0       0       0       0  |       0       0       0     319     -107   19          0  |         0         0          0         0         0
JAN-27   8200 C        0       0       0       0       0  |       0       0       0     276      -96   19          0  |         0         0          0         0         0
JAN-27   8300 C        0       0       0       0       0  |     236     236     236     237      -87   19          1  |       236       236          1         1        +1
JAN-27   8400 C        0       0       0       0       0  |       0       0       0     204      -76   19          0  |         0         0          0         0         0
JAN-27   8500 C        0       0       0       0       0  |       0       0       0     174      -68   19          0  |         0         0          0         0         0
JAN-27   8600 C        0       0       0       0       0  |       0       0       0     148      -60   19          0  |         0         0          0         0         0
JAN-27   8700 C        0       0       0       0       0  |       0       0       0     126      -52   19          0  |         0         0          0         0         0
JAN-27   8800 C        0       0       0       0       0  |       0       0       0     107      -46   19          0  |         0         0          0         0         0
JAN-27   8900 C        0       0       0       0       0  |      93      94      93      91      -39   19         48  |        94        93         48        48       +48
JAN-27   9000 C        0       0       0       0       0  |      80      80      79      77      -34   19         50  |        80        79         50        50       +50
JAN-27   9100 C        0       0       0       0       0  |      68      68      67      66      -29   20         50  |        68        67         50        50       +50
JAN-27   9200 C        0       0       0       0       0  |       0       0       0      55      -26   20          0  |         0         0          0         0         0
JAN-27   9300 C        0       0       0       0       0  |       0       0       0      47      -22   20          0  |         0         0          0         0         0
JAN-27   9400 C        0       0       0       0       0  |       0       0       0      40      -19   20          0  |         0         0          0         0         0
JAN-27   9500 C        0       0       0       0       0  |       0       0       0      34      -17   20          0  |         0         0          0         0         0
JAN-27   9600 C        0       0       0       0       0  |       0       0       0      30      -13   21          0  |         0         0          0         0         0
JAN-27   9700 C        0       0       0       0       0  |       0       0       0      26      -11   21          0  |         0         0          0         0         0
JAN-27   9800 C        0       0       0       0       0  |       0       0       0      22      -10   21          0  |         0         0          0         0         0
JAN-27   9900 C        -       -       -       -       -  |       0       0       0      19        -   21          0  |         0         0          0         0         -

                              TOTAL CALL               0  |                               TOTAL CALL             150  | TOTAL CALL                 150       150      +150

CONTRACT STRIKE *OPENING  *DAILY  *DAILY   CLOSE  VOLUME  |*OPENING  *DAILY  *DAILY  O.Q.P.   O.Q.P.  IV%     VOLUME  | *Contract *Contract     Volume      Open Change in
MONTH     PRICE    PRICE    HIGH     LOW   PRICE          |   PRICE    HIGH     LOW   CLOSE   CHANGE                  |      High       Low             Interest        OI
JAN-27   6400 P        0       0       0       0       0  |       0       0       0      35      +10   27          0  |         0         0          0         0         0
JAN-27   6500 P        0       0       0       0       0  |       0       0       0      40      +11   26          0  |         0         0          0         0         0
JAN-27   6600 P        0       0       0       0       0  |       0       0       0      45      +12   25          0  |         0         0          0         0         0
JAN-27   6700 P        0       0       0       0       0  |       0       0       0      52      +15   25          0  |         0         0          0         0         0
JAN-27   6800 P        0       0       0       0       0  |       0       0       0      59      +16   24          0  |         0         0          0         0         0
JAN-27   6900 P        0       0       0       0       0  |       0       0       0      69      +20   23          0  |         0         0          0         0         0
JAN-27   7000 P        0       0       0       0       0  |       0       0       0      80      +23   23          0  |         0         0          0         0         0
JAN-27   7100 P        0       0       0       0       0  |       0       0       0      93      +27   22          0  |         0         0          0         0         0
JAN-27   7200 P        0       0       0       0       0  |       0       0       0     108      +32   22          0  |         0         0          0         0         0
JAN-27   7300 P        0       0       0       0       0  |       0       0       0     125      +37   21          0  |         0         0          0         0         0
JAN-27   7400 P        0       0       0       0       0  |       0       0       0     146      +43   21          0  |         0         0          0         0         0
JAN-27   7500 P        0       0       0       0       0  |       0       0       0     170      +50   21          0  |         0         0          0         0         0
JAN-27   7600 P        0       0       0       0       0  |       0       0       0     198      +58   20          0  |         0         0          0         0         0
JAN-27   7700 P        0       0       0       0       0  |       0       0       0     230      +67   20          0  |         0         0          0         0         0
JAN-27   7800 P        0       0       0       0       0  |     268     268     268     266      +75   20          1  |       268       268          1         1        +1
JAN-27   7900 P        0       0       0       0       0  |     308     308     308     307      +84   20          1  |       308       308          1         1        +1
JAN-27   8000 P        0       0       0       0       0  |       0       0       0     354      +95   19          0  |         0         0          0         0         0
JAN-27   8100 P        0       0       0       0       0  |       0       0       0     405     +104   19          0  |         0         0          0         0         0
JAN-27   8200 P        0       0       0       0       0  |       0       0       0     462     +115   19          0  |         0         0          0         0         0
JAN-27   8300 P        0       0       0       0       0  |       0       0       0     523     +124   19          0  |         0         0          0         0         0
JAN-27   8400 P        0       0       0       0       0  |       0       0       0     590     +135   19          0  |         0         0          0         0         0
JAN-27   8500 P        0       0       0       0       0  |       0       0       0     662     +145   19          0  |         0         0          0         0         0
JAN-27   8600 P        0       0       0       0       0  |       0       0       0     734     +151   19          0  |         0         0          0         0         0
JAN-27   8700 P        0       0       0       0       0  |       0       0       0     812     +159   19          0  |         0         0          0         0         0
JAN-27   8800 P        0       0       0       0       0  |       0       0       0     893     +165   19          0  |         0         0          0         0         0
JAN-27   8900 P        0       0       0       0       0  |       0       0       0     977     +172   19          0  |         0         0          0         0         0
JAN-27   9000 P        0       0       0       0       0  |       0       0       0    1063     +177   19          0  |         0         0          0         0         0
JAN-27   9100 P        0       0       0       0       0  |       0       0       0    1152     +182   20          0  |         0         0          0         0         0
JAN-27   9200 P        0       0       0       0       0  |       0       0       0    1242     +186   20          0  |         0         0          0         0         0
JAN-27   9300 P        0       0       0       0       0  |       0       0       0    1333     +189   20          0  |         0         0          0         0         0
JAN-27   9400 P        0       0       0       0       0  |       0       0       0    1426     +192   20          0  |         0         0          0         0         0
JAN-27   9500 P        0       0       0       0       0  |       0       0       0    1521     +195   20          0  |         0         0          0         0         0
JAN-27   9600 P        0       0       0       0       0  |       0       0       0    1616     +198   21          0  |         0         0          0         0         0
JAN-27   9700 P        0       0       0       0       0  |       0       0       0    1711     +199   21          0  |         0         0          0         0         0
JAN-27   9800 P        0       0       0       0       0  |       0       0       0    1808     +201   21          0  |         0         0          0         0         0
JAN-27   9900 P        -       -       -       -       -  |       0       0       0    1905        -   21          0  |         0         0          0         0         -

                              TOTAL PUT                0  |                               TOTAL PUT                2  | TOTAL PUT                    2         2        +2

                                                                                                                      | MONTH PUT/CALL RATIO      0.01
                                                                                                                      | MONTH TOTAL                152       152      +152

 
CONTRACT STRIKE *OPENING  *DAILY  *DAILY   CLOSE  VOLUME  |*OPENING  *DAILY  *DAILY  O.Q.P.   O.Q.P.  IV%     VOLUME  | *Contract *Contract     Volume      Open Change in
MONTH     PRICE    PRICE    HIGH     LOW   PRICE          |   PRICE    HIGH     LOW   CLOSE   CHANGE                  |      High       Low             Interest        OI
MAR-27   5900 C        0       0       0       0       0  |       0       0       0    2189     -206   28          0  |         0         0          0         0         0
MAR-27   6000 C        0       0       0       0       0  |       0       0       0    2093     -206   28          0  |         0         0          0         0         0
MAR-27   6100 C        0       0       0       0       0  |       0       0       0    1998     -205   27          0  |         0         0          0         0         0
MAR-27   6200 C        0       0       0       0       0  |       0       0       0    1903     -204   26          0  |         0         0          0         0         0
MAR-27   6300 C        0       0       0       0       0  |       0       0       0    1810     -202   26          0  |         0         0          0         0         0
MAR-27   6400 C        0       0       0       0       0  |       0       0       0    1717     -200   25          0  |         0         0          0         0         0
MAR-27   6500 C        0       0       0       0       0  |       0       0       0    1625     -198   25          0  |         0         0          0         0         0
MAR-27   6600 C        0       0       0       0       0  |       0       0       0    1534     -196   24          0  |         0         0          0         0         0
MAR-27   6700 C        0       0       0       0       0  |       0       0       0    1444     -194   24          0  |         0         0          0         0         0
MAR-27   6800 C        0       0       0       0       0  |       0       0       0    1355     -192   23          0  |         0         0          0         0         0
MAR-27   6900 C        0       0       0       0       0  |       0       0       0    1269     -188   23          0  |         0         0          0         0         0
MAR-27   7000 C        0       0       0       0       0  |       0       0       0    1184     -185   23          0  |         0         0          0         0         0
MAR-27   7100 C        0       0       0       0       0  |       0       0       0    1101     -181   22          0  |         0         0          0         0         0
MAR-27   7200 C        0       0       0       0       0  |       0       0       0    1020     -176   22          0  |         0         0          0         0         0
MAR-27   7300 C        0       0       0       0       0  |       0       0       0     942     -171   22          0  |         0         0          0         0         0
MAR-27   7400 C        0       0       0       0       0  |       0       0       0     867     -165   21          0  |         0         0          0         0         0
MAR-27   7500 C        0       0       0       0       0  |       0       0       0     789     -165   21          0  |       623       623          0       300         0
MAR-27   7600 C        0       0       0       0       0  |       0       0       0     724     -154   21          0  |         0         0          0       100         0
MAR-27   7700 C        0       0       0       0       0  |       0       0       0     658     -147   20          0  |       528       528          0       300         0
MAR-27   7800 C        0       0       0       0       0  |       0       0       0     596     -140   20          0  |         0         0          0         0         0
MAR-27   7900 C        0       0       0       0       0  |       0       0       0     542     -128   20          0  |         0         0          0         0         0
MAR-27   8000 C        0       0       0       0       0  |       0       0       0     486     -122   20          0  |       572       396          0      1300         0
MAR-27   8100 C        0       0       0       0       0  |       0       0       0     436     -114   20          0  |       480       361          0       400         0
MAR-27   8200 C        0       0       0       0       0  |       0       0       0     391     -104   20          0  |         0         0          0         0         0
MAR-27   8300 C        0       0       0       0       0  |       0       0       0     349      -96   20          0  |       567       365          0       808         0
MAR-27   8400 C        0       0       0       0       0  |       0       0       0     310      -89   20          0  |       749       508          0       708         0
MAR-27   8500 C        0       0       0       0       0  |       0       0       0     277      -80   20          0  |       799       672          0        69         0
MAR-27   8600 C        0       0       0       0       0  |       0       0       0     245      -73   20          0  |       784       420          0       790         0
MAR-27   8700 C        0       0       0       0       0  |       0       0       0     218      -66   20          0  |       707       204          0       189         0
MAR-27   8800 C        0       0       0       0       0  |       0       0       0     193      -59   20          0  |       847       214          0        63         0
MAR-27   8900 C        0       0       0       0       0  |       0       0       0     171      -53   20          0  |       797       307          0       361         0
MAR-27   9000 C        0       0       0       0       0  |       0       0       0     151      -48   20          0  |       637       175          0      1037         0
MAR-27   9100 C        0       0       0       0       0  |       0       0       0     134      -43   20          0  |       361       173          0        15         0
MAR-27   9200 C        0       0       0       0       0  |       0       0       0     118      -39   20          0  |       504       152          0      4503         0
MAR-27   9300 C        0       0       0       0       0  |     104     104     104     103      -36   20          7  |       299       104          7       401         0
MAR-27   9400 C        0       0       0       0       0  |       0       0       0      92      -31   20          0  |       270       202          0         1         0
MAR-27   9500 C        0       0       0       0       0  |       0       0       0      81      -28   20          0  |       215       214          0      3776         0
MAR-27   9600 C        0       0       0       0       0  |       0       0       0      72      -25   20          0  |         0         0          0       300         0
MAR-27   9700 C        0       0       0       0       0  |       0       0       0      64      -22   21          0  |       396        85          0        28         0
MAR-27   9800 C        0       0       0       0       0  |       0       0       0      57      -20   21          0  |       380       380          0         7         0
MAR-27   9900 C        0       0       0       0       0  |       0       0       0      51      -17   21          0  |       395       150          0         9         0
MAR-27  10000 C        0       0       0       0       0  |       0       0       0      45      -16   21          0  |       332       160          0         8         0
MAR-27  10100 C        0       0       0       0       0  |       0       0       0      40      -14   21          0  |       376       301          0        14         0
MAR-27  10200 C        0       0       0       0       0  |       0       0       0      36      -12   21          0  |       334       298          0        21         0
MAR-27  10300 C        0       0       0       0       0  |       0       0       0      32      -11   21        600  |       324        99        600       726      +600
MAR-27  10400 C        0       0       0       0       0  |       0       0       0      29      -10   22          0  |         0         0          0         0         0
MAR-27  10500 C        0       0       0       0       0  |       0       0       0      26       -9   22          0  |         0         0          0         0         0
MAR-27  10600 C        0       0       0       0       0  |       0       0       0      23       -8   22          0  |         0         0          0         0         0
MAR-27  10700 C        0       0       0       0       0  |       0       0       0      21       -7   22          0  |       220        27          0        25         0

                              TOTAL CALL               0  |                               TOTAL CALL             607  | TOTAL CALL                 607     16259      +600

CONTRACT STRIKE *OPENING  *DAILY  *DAILY   CLOSE  VOLUME  |*OPENING  *DAILY  *DAILY  O.Q.P.   O.Q.P.  IV%     VOLUME  | *Contract *Contract     Volume      Open Change in
MONTH     PRICE    PRICE    HIGH     LOW   PRICE          |   PRICE    HIGH     LOW   CLOSE   CHANGE                  |      High       Low             Interest        OI
MAR-27   5900 P        0       0       0       0       0  |       0       0       0      36       +8   28          0  |        76        32          0       127         0
MAR-27   6000 P        0       0       0       0       0  |       0       0       0      41       +9   28          0  |         0         0          0         0         0
MAR-27   6100 P        0       0       0       0       0  |       0       0       0      46      +11   27          0  |         0         0          0         0         0
MAR-27   6200 P        0       0       0       0       0  |       0       0       0      51      +11   27          0  |         0         0          0         0         0
MAR-27   6300 P        0       0       0       0       0  |       0       0       0      57      +12   26          0  |       147       146          0         3         0
MAR-27   6400 P        0       0       0       0       0  |       0       0       0      64      +14   25          0  |       219        66          0         2         0
MAR-27   6500 P        0       0       0       0       0  |       0       0       0      72      +16   25          0  |       211       140          0      1503         0
MAR-27   6600 P        0       0       0       0       0  |       0       0       0      81      +18   24          0  |       237        70          0       100         0
MAR-27   6700 P        0       0       0       0       0  |       0       0       0      92      +21   24          0  |       255        97          0      1133         0
MAR-27   6800 P        0       0       0       0       0  |       0       0       0     103      +23   24          0  |       265        91          0       992         0
MAR-27   6900 P        0       0       0       0       0  |       0       0       0     116      +26   23          0  |       284       182          0       470         0
MAR-27   7000 P        0       0       0       0       0  |       0       0       0     130      +29   23          0  |       307       122          0      1264         0
MAR-27   7100 P        0       0       0       0       0  |       0       0       0     149      +35   22          0  |       254       215          0      2230         0
MAR-27   7200 P        0       0       0       0       0  |       0       0       0     168      +39   22          0  |       254       140          0       800         0
MAR-27   7300 P        0       0       0       0       0  |       0       0       0     190      +44   22          0  |       388       159          0         7         0
MAR-27   7400 P        0       0       0       0       0  |     211     211     211     214      +49   21          1  |       432       211          1       807        +1
MAR-27   7500 P        0       0       0       0       0  |       0       0       0     242      +56   21          0  |       307       193          0      6366         0
MAR-27   7600 P        0       0       0       0       0  |       0       0       0     273      +62   21          0  |       391       202          0       440         0
MAR-27   7700 P        0       0       0       0       0  |       0       0       0     307      +69   21          0  |       350       234          0       327         0
MAR-27   7800 P        0       0       0       0       0  |       0       0       0     346      +78   20          0  |       357       215          0        79         0
MAR-27   7900 P        0       0       0       0       0  |       0       0       0     388      +85   20          0  |       727       285          0        19         0
MAR-27   8000 P        0       0       0       0       0  |       0       0       0     434      +93   20          0  |       430       315          0       733         0
MAR-27   8100 P        0       0       0       0       0  |       0       0       0     484     +102   20          0  |       462       420          0       518         0
MAR-27   8200 P        0       0       0       0       0  |     520     520     520     539     +111   20          7  |       596       390          7        99        +7
MAR-27   8300 P        0       0       0       0       0  |       0       0       0     597     +119   20          0  |       635       476          0      1110         0
MAR-27   8400 P        0       0       0       0       0  |       0       0       0     659     +127   20          0  |       853       463          0       371         0
MAR-27   8500 P        0       0       0       0       0  |       0       0       0     726     +137   20          0  |       902       508          0       102         0
MAR-27   8600 P        0       0       0       0       0  |       0       0       0     793     +142   20          0  |       900       638          0      1110         0
MAR-27   8700 P        0       0       0       0       0  |       0       0       0     865     +149   20          0  |       721       598          0        97         0
MAR-27   8800 P        0       0       0       0       0  |       0       0       0     940     +155   20          0  |       754       719          0        93         0
MAR-27   8900 P        0       0       0       0       0  |       0       0       0    1018     +161   20          0  |       808       745          0       374         0
MAR-27   9000 P        0       0       0       0       0  |       0       0       0    1098     +166   20          0  |         0         0          0         0         0
MAR-27   9100 P        0       0       0       0       0  |       0       0       0    1181     +172   20          0  |         0         0          0         0         0
MAR-27   9200 P        0       0       0       0       0  |       0       0       0    1265     +176   20          0  |         0         0          0         0         0
MAR-27   9300 P        0       0       0       0       0  |       0       0       0    1352     +180   20          0  |         0         0          0         0         0
MAR-27   9400 P        0       0       0       0       0  |       0       0       0    1440     +184   20          0  |      1355      1293          0         1         0
MAR-27   9500 P        0       0       0       0       0  |       0       0       0    1529     +187   20          0  |      1418      1363          0         1         0
MAR-27   9600 P        0       0       0       0       0  |       0       0       0    1620     +190   20          0  |      1435      1425          0         2         0
MAR-27   9700 P        0       0       0       0       0  |       0       0       0    1712     +193   21          0  |         0         0          0         0         0
MAR-27   9800 P        0       0       0       0       0  |       0       0       0    1805     +196   21          0  |         0         0          0         0         0
MAR-27   9900 P        0       0       0       0       0  |       0       0       0    1898     +197   21          0  |         0         0          0         0         0
MAR-27  10000 P        0       0       0       0       0  |       0       0       0    1993     +199   21          0  |         0         0          0         0         0
MAR-27  10100 P        0       0       0       0       0  |       0       0       0    2088     +201   21          0  |         0         0          0         0         0
MAR-27  10200 P        0       0       0       0       0  |       0       0       0    2183     +202   21          0  |         0         0          0         0         0
MAR-27  10300 P        0       0       0       0       0  |       0       0       0    2280     +204   22          0  |         0         0          0         0         0
MAR-27  10400 P        0       0       0       0       0  |       0       0       0    2376     +205   22          0  |         0         0          0         0         0
MAR-27  10500 P        0       0       0       0       0  |       0       0       0    2473     +206   22          0  |         0         0          0         0         0
MAR-27  10600 P        0       0       0       0       0  |       0       0       0    2571     +207   22          0  |         0         0          0         0         0
MAR-27  10700 P        0       0       0       0       0  |       0       0       0    2668     +207   22          0  |         0         0          0         0         0

                              TOTAL PUT                0  |                               TOTAL PUT                8  | TOTAL PUT                    8     21280        +8

                                                                                                                      | MONTH PUT/CALL RATIO      0.01
                                                                                                                      | MONTH TOTAL                615     37539      +608

 
CONTRACT STRIKE *OPENING  *DAILY  *DAILY   CLOSE  VOLUME  |*OPENING  *DAILY  *DAILY  O.Q.P.   O.Q.P.  IV%     VOLUME  | *Contract *Contract     Volume      Open Change in
MONTH     PRICE    PRICE    HIGH     LOW   PRICE          |   PRICE    HIGH     LOW   CLOSE   CHANGE                  |      High       Low             Interest        OI
JUN-27   5400 C        0       0       0       0       0  |       0       0       0    2675     -203   30          0  |         0         0          0         0         0
JUN-27   5600 C        0       0       0       0       0  |       0       0       0    2484     -202   29          0  |         0         0          0         0         0
JUN-27   5800 C        0       0       0       0       0  |       0       0       0    2296     -200   28          0  |         0         0          0         0         0
JUN-27   5900 C        0       0       0       0       0  |       0       0       0    2203     -199   27          0  |         0         0          0         0         0
JUN-27   6000 C        0       0       0       0       0  |       0       0       0    2110     -198   27          0  |         0         0          0         0         0
JUN-27   6100 C        0       0       0       0       0  |       0       0       0    2019     -196   26          0  |         0         0          0         0         0
JUN-27   6200 C        0       0       0       0       0  |       0       0       0    1928     -195   26          0  |         0         0          0         0         0
JUN-27   6300 C        0       0       0       0       0  |       0       0       0    1838     -193   25          0  |         0         0          0         0         0
JUN-27   6400 C        0       0       0       0       0  |       0       0       0    1749     -192   25          0  |         0         0          0         0         0
JUN-27   6500 C        0       0       0       0       0  |       0       0       0    1662     -189   25          0  |         0         0          0         0         0
JUN-27   6600 C        0       0       0       0       0  |       0       0       0    1576     -186   24          0  |         0         0          0         0         0
JUN-27   6700 C        0       0       0       0       0  |       0       0       0    1491     -184   24          0  |         0         0          0         0         0
JUN-27   6800 C        0       0       0       0       0  |       0       0       0    1408     -181   23          0  |         0         0          0         0         0
JUN-27   6900 C        0       0       0       0       0  |       0       0       0    1327     -177   23          0  |         0         0          0         0         0
JUN-27   7000 C        0       0       0       0       0  |       0       0       0    1248     -174   23          0  |         0         0          0         0         0
JUN-27   7100 C        0       0       0       0       0  |       0       0       0    1171     -169   23          0  |         0         0          0         0         0
JUN-27   7200 C        0       0       0       0       0  |       0       0       0    1097     -164   22          0  |         0         0          0         0         0
JUN-27   7300 C        0       0       0       0       0  |       0       0       0    1025     -159   22          0  |         0         0          0         0         0
JUN-27   7400 C        0       0       0       0       0  |       0       0       0     955     -155   22          0  |         0         0          0         0         0
JUN-27   7500 C        0       0       0       0       0  |       0       0       0     886     -152   21          0  |         0         0          0         0         0
JUN-27   7600 C        0       0       0       0       0  |       0       0       0     818     -150   21          0  |         0         0          0         0         0
JUN-27   7700 C        0       0       0       0       0  |       0       0       0     760     -141   21          0  |       620       620          0         7         0
JUN-27   7800 C        0       0       0       0       0  |       0       0       0     704     -134   21          0  |         0         0          0         0         0
JUN-27   7900 C        0       0       0       0       0  |       0       0       0     653     -124   21          0  |         0         0          0         0         0
JUN-27   8000 C        0       0       0       0       0  |       0       0       0     601     -118   21          0  |       777       777          0         7         0
JUN-27   8100 C        0       0       0       0       0  |       0       0       0     552     -112   21          0  |         0         0          0         0         0
JUN-27   8200 C        0       0       0       0       0  |       0       0       0     506     -107   21          0  |         0         0          0         0         0
JUN-27   8300 C        0       0       0       0       0  |       0       0       0     464     -101   21          0  |         0         0          0         0         0
JUN-27   8400 C        0       0       0       0       0  |       0       0       0     425      -94   21          0  |       911       907          0       450         0
JUN-27   8500 C        0       0       0       0       0  |       0       0       0     389      -88   21          0  |       581       577          0       540         0
JUN-27   8600 C        0       0       0       0       0  |       0       0       0     356      -82   21          0  |       812       327          0       406         0
JUN-27   8700 C        0       0       0       0       0  |       0       0       0     325      -77   21          0  |         0         0          0         0         0
JUN-27   8800 C        0       0       0       0       0  |       0       0       0     297      -71   21          0  |         0         0          0      1000         0
JUN-27   8900 C        0       0       0       0       0  |       0       0       0     271      -66   21          0  |         0         0          0         0         0
JUN-27   9000 C        0       0       0       0       0  |       0       0       0     247      -61   21          0  |       917       265          0      1836         0
JUN-27   9100 C        0       0       0       0       0  |       0       0       0     226      -56   21          0  |       564       505          0        91         0
JUN-27   9200 C        0       0       0       0       0  |       0       0       0     206      -52   21          0  |       832       201          0       505         0
JUN-27   9300 C        0       0       0       0       0  |       0       0       0     187      -49   21          0  |         0         0          0         0         0
JUN-27   9400 C        0       0       0       0       0  |       0       0       0     170      -46   21          0  |       400       173          0        39         0
JUN-27   9500 C        0       0       0       0       0  |       0       0       0     156      -41   21          0  |       428       305          0       340         0
JUN-27   9600 C        0       0       0       0       0  |       0       0       0     142      -39   21          0  |       150       150          0         5         0
JUN-27   9700 C        0       0       0       0       0  |       0       0       0     129      -36   21          0  |         0         0          0         0         0
JUN-27   9800 C        0       0       0       0       0  |       0       0       0     118      -33   21          0  |       130       130          0         5         0
JUN-27   9900 C        0       0       0       0       0  |       0       0       0     108      -31   21          0  |       211       211          0        30         0
JUN-27  10000 C        0       0       0       0       0  |       0       0       0      99      -28   21          0  |       260       260          0         1         0
JUN-27  10100 C        0       0       0       0       0  |       0       0       0      90      -26   21          0  |         0         0          0         0         0
JUN-27  10200 C        0       0       0       0       0  |       0       0       0      83      -24   21          0  |       413       240          0         9         0
JUN-27  10300 C        0       0       0       0       0  |       0       0       0      76      -22   22          0  |         0         0          0         0         0
JUN-27  10400 C        0       0       0       0       0  |       0       0       0      70      -20   22          0  |         0         0          0         0         0
JUN-27  10500 C        0       0       0       0       0  |       0       0       0      64      -19   22          0  |         0         0          0         0         0
JUN-27  10600 C        0       0       0       0       0  |       0       0       0      59      -17   22          0  |       170       170          0         5         0
JUN-27  10800 C        0       0       0       0       0  |       0       0       0      49      -15   22          0  |       167       150          0        20         0
JUN-27  11000 C        0       0       0       0       0  |       0       0       0      42      -13   22          0  |       241        55          0        40         0
JUN-27  11200 C        0       0       0       0       0  |       0       0       0      36      -11   23          0  |       231        53          0        14         0
JUN-27  11400 C        0       0       0       0       0  |       0       0       0      30      -10   23          0  |         0         0          0         0         0
JUN-27  11600 C        0       0       0       0       0  |       0       0       0      26       -8   23          0  |       173       173          0        10         0
JUN-27  11800 C        0       0       0       0       0  |       0       0       0      22       -7   23          0  |       142       142          0         5         0
JUN-27  12000 C        0       0       0       0       0  |       0       0       0      19       -6   23          0  |         0         0          0       500         0
JUN-27  12200 C        0       0       0       0       0  |       0       0       0      17       -5   24          0  |       115       115          0         5         0
JUN-27  12400 C        0       0       0       0       0  |       0       0       0      14       -5   24          0  |         0         0          0         0         0
JUN-27  12600 C        0       0       0       0       0  |       0       0       0      12       -4   24          0  |        26        26          0         5         0
JUN-27  12800 C        0       0       0       0       0  |       0       0       0      11       -3   24          0  |        24        24          0         5         0
JUN-27  13000 C        0       0       0       0       0  |       0       0       0       9       -4   24          0  |        22        22          0       105         0
JUN-27  13200 C        0       0       0       0       0  |       0       0       0       8       -3   25          0  |         0         0          0         0         0
JUN-27  13400 C        0       0       0       0       0  |       0       0       0       7       -3   25          0  |         0         0          0         0         0
JUN-27  13600 C        0       0       0       0       0  |       0       0       0       6       -2   25          0  |         6         6          0         2         0
JUN-27  13800 C        0       0       0       0       0  |       0       0       0       6       -1   26          0  |         8         7          0         4         0
JUN-27  14000 C        0       0       0       0       0  |       0       0       0       5       -2   26          0  |         7         6          0         8         0
JUN-27  14200 C        0       0       0       0       0  |       0       0       0       4       -2   25          0  |        27        27          0        10         0
JUN-27  14400 C        0       0       0       0       0  |       0       0       0       4       -1   26          0  |        29        25          0        20         0
JUN-27  14600 C        0       0       0       0       0  |       0       0       0       3       -2   26          0  |        26        26          0         5         0
JUN-27  14800 C        0       0       0       0       0  |       0       0       0       3       -1   26          0  |        24        24          0         5         0
JUN-27  15000 C        0       0       0       0       0  |       0       0       0       3       -1   27          0  |       161         6          0         0         0

                              TOTAL CALL               0  |                               TOTAL CALL               0  | TOTAL CALL                   0      6039         0

CONTRACT STRIKE *OPENING  *DAILY  *DAILY   CLOSE  VOLUME  |*OPENING  *DAILY  *DAILY  O.Q.P.   O.Q.P.  IV%     VOLUME  | *Contract *Contract     Volume      Open Change in
MONTH     PRICE    PRICE    HIGH     LOW   PRICE          |   PRICE    HIGH     LOW   CLOSE   CHANGE                  |      High       Low             Interest        OI
JUN-27   5400 P        0       0       0       0       0  |      49      49      49      46       +7   30          2  |        98        43          2        86        +2
JUN-27   5600 P        0       0       0       0       0  |       0       0       0      56       +9   29          0  |       112        99          0        25         0
JUN-27   5800 P        0       0       0       0       0  |       0       0       0      68      +11   28          0  |       127        59          0        19         0
JUN-27   5900 P        0       0       0       0       0  |       0       0       0      74      +11   27          0  |         0         0          0         0         0
JUN-27   6000 P        0       0       0       0       0  |       0       0       0      82      +13   27          0  |       219        89          0      1801         0
JUN-27   6100 P        0       0       0       0       0  |      91      91      91      90      +14   26          1  |       211        91          1       200         0
JUN-27   6200 P        0       0       0       0       0  |      97      97      97     100      +16   26          1  |       248        85          1      1215         0
JUN-27   6300 P        0       0       0       0       0  |       0       0       0     110      +18   25          0  |       252       252          0       200         0
JUN-27   6400 P        0       0       0       0       0  |       0       0       0     121      +20   25          0  |       265       265          0       520         0
JUN-27   6500 P        0       0       0       0       0  |       0       0       0     133      +21   24          0  |         0         0          0         0         0
JUN-27   6600 P        0       0       0       0       0  |       0       0       0     147      +24   24          0  |       309       210          0       205         0
JUN-27   6700 P        0       0       0       0       0  |       0       0       0     163      +27   24          0  |       235       235          0       200         0
JUN-27   6800 P        0       0       0       0       0  |       0       0       0     181      +31   23          0  |       339       146          0      1671         0
JUN-27   6900 P        0       0       0       0       0  |       0       0       0     199      +34   23          0  |         0         0          0         0         0
JUN-27   7000 P        0       0       0       0       0  |       0       0       0     219      +37   23          0  |       306       181          0       815         0
JUN-27   7100 P        0       0       0       0       0  |       0       0       0     244      +43   23          0  |         0         0          0         0         0
JUN-27   7200 P        0       0       0       0       0  |       0       0       0     269      +47   22        120  |       365       282        120       194      +120
JUN-27   7300 P        0       0       0       0       0  |       0       0       0     296      +51   22          0  |         0         0          0         0         0
JUN-27   7400 P        0       0       0       0       0  |       0       0       0     327      +56   22          0  |       425       313          0       676         0
JUN-27   7500 P        0       0       0       0       0  |       0       0       0     360      +61   22          0  |         0         0          0         0         0
JUN-27   7600 P        0       0       0       0       0  |       0       0       0     397      +68   21          0  |       687       320          0       208         0
JUN-27   7700 P        0       0       0       0       0  |       0       0       0     435      +73   21          0  |       345       345          0         7         0
JUN-27   7800 P        0       0       0       0       0  |       0       0       0     477      +78   21          0  |       551       373          0       567         0
JUN-27   7900 P        0       0       0       0       0  |       0       0       0     523      +85   21          0  |       467       467          0        30         0
JUN-27   8000 P        0       0       0       0       0  |       0       0       0     573      +93   21          0  |       784       615          0       364         0
JUN-27   8100 P        0       0       0       0       0  |       0       0       0     624      +99   21          0  |       557       454          0         7         0
JUN-27   8200 P        0       0       0       0       0  |       0       0       0     683     +109   21          0  |       901       545          0       317         0
JUN-27   8300 P        0       0       0       0       0  |       0       0       0     741     +116   21          0  |         0         0          0       110         0
JUN-27   8400 P        0       0       0       0       0  |       0       0       0     803     +123   21          0  |      1028       613          0       495         0
JUN-27   8500 P        0       0       0       0       0  |       0       0       0     865     +127   21          0  |         0         0          0       350         0
JUN-27   8600 P        0       0       0       0       0  |       0       0       0     928     +129   21          0  |      1165       736          0        82         0
JUN-27   8700 P        0       0       0       0       0  |       0       0       0     997     +135   21          0  |         0         0          0         0         0
JUN-27   8800 P        0       0       0       0       0  |       0       0       0    1068     +139   21          0  |      1309       881          0       500         0
JUN-27   8900 P        0       0       0       0       0  |       0       0       0    1142     +144   21          0  |         0         0          0         0         0
JUN-27   9000 P        0       0       0       0       0  |       0       0       0    1219     +150   21          0  |      1097       914          0        20         0
JUN-27   9100 P        0       0       0       0       0  |       0       0       0    1297     +154   21          0  |         0         0          0         0         0
JUN-27   9200 P        0       0       0       0       0  |       0       0       0    1377     +158   21          0  |         0         0          0         0         0
JUN-27   9300 P        0       0       0       0       0  |       0       0       0    1459     +162   21          0  |         0         0          0         0         0
JUN-27   9400 P        0       0       0       0       0  |       0       0       0    1542     +165   21          0  |      1599      1353          0        32         0
JUN-27   9500 P        0       0       0       0       0  |       0       0       0    1627     +169   21          0  |         0         0          0         0         0
JUN-27   9600 P        0       0       0       0       0  |       0       0       0    1714     +172   21          0  |         0         0          0         0         0
JUN-27   9700 P        0       0       0       0       0  |       0       0       0    1801     +175   21          0  |         0         0          0         0         0
JUN-27   9800 P        0       0       0       0       0  |       0       0       0    1890     +178   21          0  |         0         0          0         0         0
JUN-27   9900 P        0       0       0       0       0  |       0       0       0    1980     +180   21          0  |         0         0          0         0         0
JUN-27  10000 P        0       0       0       0       0  |       0       0       0    2071     +183   21          0  |      1699      1699          0         5         0
JUN-27  10100 P        0       0       0       0       0  |       0       0       0    2162     +185   21          0  |         0         0          0         0         0
JUN-27  10200 P        0       0       0       0       0  |       0       0       0    2254     +186   21          0  |         0         0          0         0         0
JUN-27  10300 P        0       0       0       0       0  |       0       0       0    2347     +188   21          0  |         0         0          0         0         0
JUN-27  10400 P        0       0       0       0       0  |       0       0       0    2441     +190   22          0  |      2237      2237          0         5         0
JUN-27  10500 P        0       0       0       0       0  |       0       0       0    2535     +191   22          0  |         0         0          0         0         0
JUN-27  10600 P        0       0       0       0       0  |       0       0       0    2630     +193   22          0  |         0         0          0         0         0
JUN-27  10800 P        0       0       0       0       0  |       0       0       0    2821     +196   22          0  |         0         0          0         0         0
JUN-27  11000 P        0       0       0       0       0  |       0       0       0    3014     +198   22          0  |         0         0          0         0         0
JUN-27  11200 P        0       0       0       0       0  |       0       0       0    3207     +199   22          0  |         0         0          0         0         0
JUN-27  11400 P        0       0       0       0       0  |       0       0       0    3402     +201   23          0  |         0         0          0         0         0
JUN-27  11600 P        0       0       0       0       0  |       0       0       0    3598     +203   23          0  |         0         0          0         0         0
JUN-27  11800 P        0       0       0       0       0  |       0       0       0    3794     +204   23          0  |         0         0          0         0         0
JUN-27  12000 P        0       0       0       0       0  |       0       0       0    3991     +205   23          0  |         0         0          0         0         0
JUN-27  12200 P        0       0       0       0       0  |       0       0       0    4188     +205   23          0  |         0         0          0         0         0
JUN-27  12400 P        0       0       0       0       0  |       0       0       0    4386     +206   24          0  |         0         0          0         0         0
JUN-27  12600 P        0       0       0       0       0  |       0       0       0    4584     +207   24          0  |         0         0          0         0         0
JUN-27  12800 P        0       0       0       0       0  |       0       0       0    4782     +207   24          0  |         0         0          0         0         0
JUN-27  13000 P        0       0       0       0       0  |       0       0       0    4981     +208   24          0  |         0         0          0         0         0
JUN-27  13200 P        0       0       0       0       0  |       0       0       0    5180     +208   25          0  |         0         0          0         0         0
JUN-27  13400 P        0       0       0       0       0  |       0       0       0    5379     +209   25          0  |         0         0          0         0         0
JUN-27  13600 P        0       0       0       0       0  |       0       0       0    5578     +209   25          0  |         0         0          0         0         0
JUN-27  13800 P        0       0       0       0       0  |       0       0       0    5777     +209   25          0  |         0         0          0         0         0
JUN-27  14000 P        0       0       0       0       0  |       0       0       0    5977     +210   26          0  |         0         0          0         0         0
JUN-27  14200 P        0       0       0       0       0  |       0       0       0    6176     +209   25          0  |         0         0          0         0         0
JUN-27  14400 P        0       0       0       0       0  |       0       0       0    6376     +210   26          0  |         0         0          0         0         0
JUN-27  14600 P        0       0       0       0       0  |       0       0       0    6575     +210   26          0  |         0         0          0         0         0
JUN-27  14800 P        0       0       0       0       0  |       0       0       0    6775     +210   26          0  |         0         0          0         0         0
JUN-27  15000 P        0       0       0       0       0  |       0       0       0    6974     +209   26          0  |         0         0          0         0         0

                              TOTAL PUT                0  |                               TOTAL PUT              124  | TOTAL PUT                  124     10926      +122

                                                                                                                      | MONTH PUT/CALL RATIO ---------
                                                                                                                      | MONTH TOTAL                124     16965      +122

 
CONTRACT STRIKE *OPENING  *DAILY  *DAILY   CLOSE  VOLUME  |*OPENING  *DAILY  *DAILY  O.Q.P.   O.Q.P.  IV%     VOLUME  | *Contract *Contract     Volume      Open Change in
MONTH     PRICE    PRICE    HIGH     LOW   PRICE          |   PRICE    HIGH     LOW   CLOSE   CHANGE                  |      High       Low             Interest        OI
SEP-27   6400 C        0       0       0       0       0  |       0       0       0    1793     -172   25          0  |         0         0          0         0         0
SEP-27   6500 C        0       0       0       0       0  |       0       0       0    1710     -169   24          0  |         0         0          0         0         0
SEP-27   6600 C        0       0       0       0       0  |       0       0       0    1627     -168   24          0  |         0         0          0         0         0
SEP-27   6700 C        0       0       0       0       0  |       0       0       0    1547     -165   24          0  |         0         0          0         0         0
SEP-27   6800 C        0       0       0       0       0  |       0       0       0    1468     -163   23          0  |         0         0          0         0         0
SEP-27   6900 C        0       0       0       0       0  |       0       0       0    1391     -160   23          0  |         0         0          0         0         0
SEP-27   7000 C        0       0       0       0       0  |       0       0       0    1316     -157   23          0  |         0         0          0         0         0
SEP-27   7100 C        0       0       0       0       0  |       0       0       0    1243     -154   23          0  |         0         0          0         0         0
SEP-27   7200 C        0       0       0       0       0  |       0       0       0    1172     -151   22          0  |         0         0          0         0         0
SEP-27   7300 C        0       0       0       0       0  |       0       0       0    1104     -148   22          0  |         0         0          0         0         0
SEP-27   7400 C        0       0       0       0       0  |       0       0       0    1038     -144   22          0  |         0         0          0         0         0
SEP-27   7500 C        0       0       0       0       0  |       0       0       0     973     -142   22          0  |         0         0          0         0         0
SEP-27   7600 C        0       0       0       0       0  |       0       0       0     912     -138   22          0  |         0         0          0         0         0
SEP-27   7700 C        0       0       0       0       0  |       0       0       0     855     -133   22          0  |         0         0          0         0         0
SEP-27   7800 C        0       0       0       0       0  |       0       0       0     800     -128   21          0  |         0         0          0         0         0
SEP-27   7900 C        0       0       0       0       0  |       0       0       0     746     -125   21          0  |         0         0          0         0         0
SEP-27   8000 C        0       0       0       0       0  |       0       0       0     700     -116   21          0  |         0         0          0       100         0
SEP-27   8100 C        0       0       0       0       0  |       0       0       0     652     -112   21          0  |         0         0          0         0         0
SEP-27   8200 C        0       0       0       0       0  |       0       0       0     608     -107   21          0  |         0         0          0         0         0
SEP-27   8300 C        0       0       0       0       0  |       0       0       0     567     -101   21          0  |         0         0          0         0         0
SEP-27   8400 C        0       0       0       0       0  |       0       0       0     527      -97   21          0  |         0         0          0         0         0
SEP-27   8500 C        0       0       0       0       0  |       0       0       0     490      -92   21          0  |         0         0          0         0         0
SEP-27   8600 C        0       0       0       0       0  |       0       0       0     455      -87   21          0  |         0         0          0         0         0
SEP-27   8700 C        0       0       0       0       0  |       0       0       0     423      -82   21          0  |         0         0          0         0         0
SEP-27   8800 C        0       0       0       0       0  |       0       0       0     393      -78   21          0  |         0         0          0         0         0
SEP-27   8900 C        0       0       0       0       0  |       0       0       0     365      -73   21          0  |         0         0          0         0         0
SEP-27   9000 C        0       0       0       0       0  |       0       0       0     338      -69   21          0  |         0         0          0         0         0
SEP-27   9100 C        0       0       0       0       0  |       0       0       0     314      -65   21          0  |         0         0          0         0         0
SEP-27   9200 C        0       0       0       0       0  |       0       0       0     291      -61   21          0  |         0         0          0         0         0
SEP-27   9300 C        0       0       0       0       0  |       0       0       0     271      -56   21          0  |         0         0          0         0         0
SEP-27   9400 C        0       0       0       0       0  |       0       0       0     252      -52   21          0  |         0         0          0         0         0
SEP-27   9500 C        0       0       0       0       0  |       0       0       0     234      -48   21          0  |         0         0          0         0         0
SEP-27   9600 C        0       0       0       0       0  |       0       0       0     218      -44   21          0  |         0         0          0         0         0
SEP-27   9700 C        0       0       0       0       0  |       0       0       0     202      -42   21          0  |         0         0          0         0         0
SEP-27   9800 C        0       0       0       0       0  |       0       0       0     188      -38   22          0  |         0         0          0         0         0
SEP-27   9900 C        0       0       0       0       0  |       0       0       0     175      -35   22          0  |         0         0          0         0         0
SEP-27  10000 C        0       0       0       0       0  |       0       0       0     163      -32   22          0  |         0         0          0         0         0
SEP-27  10100 C        0       0       0       0       0  |       0       0       0     152      -30   22          0  |         0         0          0         0         0
SEP-27  10200 C        0       0       0       0       0  |       0       0       0     141      -28   22          0  |         0         0          0         0         0
SEP-27  10300 C        0       0       0       0       0  |       0       0       0     132      -25   22          0  |         0         0          0         0         0
SEP-27  10400 C        0       0       0       0       0  |       0       0       0     123      -23   22          0  |       143       143          0         1         0

                              TOTAL CALL               0  |                               TOTAL CALL               0  | TOTAL CALL                   0       101         0

CONTRACT STRIKE *OPENING  *DAILY  *DAILY   CLOSE  VOLUME  |*OPENING  *DAILY  *DAILY  O.Q.P.   O.Q.P.  IV%     VOLUME  | *Contract *Contract     Volume      Open Change in
MONTH     PRICE    PRICE    HIGH     LOW   PRICE          |   PRICE    HIGH     LOW   CLOSE   CHANGE                  |      High       Low             Interest        OI
SEP-27   6400 P        0       0       0       0       0  |       0       0       0     182      +35   25          0  |         0         0          0         0         0
SEP-27   6500 P        0       0       0       0       0  |       0       0       0     199      +38   24          0  |       178       178          0         3         0
SEP-27   6600 P        0       0       0       0       0  |       0       0       0     216      +39   24          0  |         0         0          0         0         0
SEP-27   6700 P        0       0       0       0       0  |       0       0       0     236      +42   24          0  |         0         0          0         0         0
SEP-27   6800 P        0       0       0       0       0  |       0       0       0     257      +44   23          0  |         0         0          0         0         0
SEP-27   6900 P        0       0       0       0       0  |       0       0       0     280      +47   23          0  |         0         0          0         0         0
SEP-27   7000 P        0       0       0       0       0  |       0       0       0     305      +50   23          0  |         0         0          0         0         0
SEP-27   7100 P        0       0       0       0       0  |       0       0       0     333      +54   23          0  |         0         0          0         0         0
SEP-27   7200 P        0       0       0       0       0  |       0       0       0     363      +58   23          0  |         0         0          0         0         0
SEP-27   7300 P        0       0       0       0       0  |       0       0       0     392      +58   22          0  |         0         0          0         0         0
SEP-27   7400 P        0       0       0       0       0  |       0       0       0     426      +62   22          0  |         0         0          0         0         0
SEP-27   7500 P        0       0       0       0       0  |       0       0       0     463      +66   22          0  |         0         0          0         0         0
SEP-27   7600 P        0       0       0       0       0  |       0       0       0     503      +71   22          0  |         0         0          0         0         0
SEP-27   7700 P        0       0       0       0       0  |       0       0       0     545      +75   22          0  |         0         0          0         0         0
SEP-27   7800 P        0       0       0       0       0  |       0       0       0     590      +80   22          0  |         0         0          0         0         0
SEP-27   7900 P        0       0       0       0       0  |       0       0       0     638      +85   21          0  |         0         0          0         0         0
SEP-27   8000 P        0       0       0       0       0  |       0       0       0     689      +91   21          0  |         0         0          0       100         0
SEP-27   8100 P        0       0       0       0       0  |       0       0       0     741      +95   21          0  |         0         0          0         0         0
SEP-27   8200 P        0       0       0       0       0  |       0       0       0     797     +100   21          0  |         0         0          0         0         0
SEP-27   8300 P        0       0       0       0       0  |       0       0       0     858     +108   21          0  |         0         0          0         0         0
SEP-27   8400 P        0       0       0       0       0  |       0       0       0     918     +112   21          0  |         0         0          0         0         0
SEP-27   8500 P        0       0       0       0       0  |       0       0       0     980     +116   21          0  |         0         0          0         0         0
SEP-27   8600 P        0       0       0       0       0  |       0       0       0    1044     +120   21          0  |         0         0          0         0         0
SEP-27   8700 P        0       0       0       0       0  |       0       0       0    1112     +125   21          0  |         0         0          0         0         0
SEP-27   8800 P        0       0       0       0       0  |       0       0       0    1182     +130   21          0  |         0         0          0         0         0
SEP-27   8900 P        0       0       0       0       0  |       0       0       0    1254     +134   21          0  |         0         0          0         0         0
SEP-27   9000 P        0       0       0       0       0  |       0       0       0    1328     +139   21          0  |         0         0          0         0         0
SEP-27   9100 P        0       0       0       0       0  |       0       0       0    1403     +142   21          0  |         0         0          0         0         0
SEP-27   9200 P        0       0       0       0       0  |       0       0       0    1481     +147   21          0  |         0         0          0         0         0
SEP-27   9300 P        0       0       0       0       0  |       0       0       0    1560     +151   21          0  |         0         0          0         0         0
SEP-27   9400 P        0       0       0       0       0  |       0       0       0    1641     +155   21          0  |         0         0          0         0         0
SEP-27   9500 P        0       0       0       0       0  |       0       0       0    1723     +159   21          0  |         0         0          0         0         0
SEP-27   9600 P        0       0       0       0       0  |       0       0       0    1806     +162   21          0  |         0         0          0         0         0
SEP-27   9700 P        0       0       0       0       0  |       0       0       0    1891     +165   21          0  |         0         0          0         0         0
SEP-27   9800 P        0       0       0       0       0  |       0       0       0    1977     +169   22          0  |         0         0          0         0         0
SEP-27   9900 P        0       0       0       0       0  |       0       0       0    2064     +172   22          0  |         0         0          0         0         0
SEP-27  10000 P        0       0       0       0       0  |       0       0       0    2152     +175   22          0  |         0         0          0         0         0
SEP-27  10100 P        0       0       0       0       0  |       0       0       0    2241     +178   22          0  |         0         0          0         0         0
SEP-27  10200 P        0       0       0       0       0  |       0       0       0    2330     +179   22          0  |         0         0          0         0         0
SEP-27  10300 P        0       0       0       0       0  |       0       0       0    2421     +182   22          0  |         0         0          0         0         0
SEP-27  10400 P        0       0       0       0       0  |       0       0       0    2512     +184   22          0  |         0         0          0         0         0

                              TOTAL PUT                0  |                               TOTAL PUT                0  | TOTAL PUT                    0       103         0

                                                                                                                      | MONTH PUT/CALL RATIO ---------
                                                                                                                      | MONTH TOTAL                  0       204         0

 
CONTRACT STRIKE *OPENING  *DAILY  *DAILY   CLOSE  VOLUME  |*OPENING  *DAILY  *DAILY  O.Q.P.   O.Q.P.  IV%     VOLUME  | *Contract *Contract     Volume      Open Change in
MONTH     PRICE    PRICE    HIGH     LOW   PRICE          |   PRICE    HIGH     LOW   CLOSE   CHANGE                  |      High       Low             Interest        OI
DEC-27   3900 C        0       0       0       0       0  |       0       0       0    4195     -161   36          0  |         0         0          0         0         0
DEC-27   4000 C        0       0       0       0       0  |       0       0       0    4097     -161   36          0  |         0         0          0         0         0
DEC-27   4100 C        0       0       0       0       0  |       0       0       0    4001     -160   35          0  |         0         0          0         0         0
DEC-27   4200 C        0       0       0       0       0  |       0       0       0    3904     -160   34          0  |         0         0          0         0         0
DEC-27   4300 C        0       0       0       0       0  |       0       0       0    3808     -159   34          0  |         0         0          0         0         0
DEC-27   4400 C        0       0       0       0       0  |       0       0       0    3711     -160   33          0  |         0         0          0         0         0
DEC-27   4500 C        0       0       0       0       0  |       0       0       0    3616     -158   33          0  |         0         0          0         0         0
DEC-27   4600 C        0       0       0       0       0  |       0       0       0    3520     -158   32          0  |         0         0          0         0         0
DEC-27   4700 C        0       0       0       0       0  |       0       0       0    3425     -157   32          0  |         0         0          0         0         0
DEC-27   4800 C        0       0       0       0       0  |       0       0       0    3330     -156   31          0  |         0         0          0         0         0
DEC-27   4900 C        0       0       0       0       0  |       0       0       0    3235     -156   31          0  |         0         0          0         0         0
DEC-27   5000 C        0       0       0       0       0  |       0       0       0    3141     -154   30          0  |         0         0          0         0         0
DEC-27   5200 C        0       0       0       0       0  |       0       0       0    2954     -152   29          0  |         0         0          0         0         0
DEC-27   5400 C        0       0       0       0       0  |       0       0       0    2769     -150   28          0  |         0         0          0         0         0
DEC-27   5600 C        0       0       0       0       0  |       0       0       0    2587     -146   28          0  |         0         0          0         0         0
DEC-27   5800 C        0       0       0       0       0  |       0       0       0    2407     -143   27          0  |         0         0          0         0         0
DEC-27   6000 C        0       0       0       0       0  |       0       0       0    2231     -139   26          0  |         0         0          0         0         0
DEC-27   6200 C        0       0       0       0       0  |       0       0       0    2060     -134   25          0  |         0         0          0         0         0
DEC-27   6400 C        0       0       0       0       0  |       0       0       0    1893     -129   25          0  |         0         0          0         0         0
DEC-27   6600 C        0       0       0       0       0  |       0       0       0    1731     -125   24          0  |         0         0          0         0         0
DEC-27   6800 C        0       0       0       0       0  |       0       0       0    1576     -120   24          0  |         0         0          0         0         0
DEC-27   7000 C        0       0       0       0       0  |       0       0       0    1427     -116   23          0  |      1981      1939          0        26         0
DEC-27   7200 C        0       0       0       0       0  |       0       0       0    1289     -110   23          0  |      1833      1795          0        17         0
DEC-27   7400 C        0       0       0       0       0  |       0       0       0    1158     -105   22          0  |      1658      1658          0         1         0
DEC-27   7600 C        0       0       0       0       0  |       0       0       0    1037      -99   22          0  |         0         0          0         0         0
DEC-27   7800 C        0       0       0       0       0  |       0       0       0     925      -94   22          0  |         0         0          0         0         0
DEC-27   8000 C        0       0       0       0       0  |       0       0       0     823      -89   22          0  |         0         0          0         0         0
DEC-27   8200 C        0       0       0       0       0  |       0       0       0     730      -84   22          0  |         0         0          0         0         0
DEC-27   8400 C        0       0       0       0       0  |       0       0       0     646      -79   22          0  |      1465      1098          0        11         0
DEC-27   8600 C        0       0       0       0       0  |       0       0       0     570      -75   21          0  |      1006      1002          0         9         0
DEC-27   8800 C        0       0       0       0       0  |       0       0       0     503      -70   21          0  |         0         0          0         0         0
DEC-27   9000 C        0       0       0       0       0  |       0       0       0     444      -64   21          0  |         0         0          0         0         0
DEC-27   9200 C        0       0       0       0       0  |       0       0       0     393      -58   22          0  |         0         0          0         0         0
DEC-27   9400 C        0       0       0       0       0  |       0       0       0     347      -52   22          0  |      1095       145          0       150         0
DEC-27   9600 C        0       0       0       0       0  |       0       0       0     307      -47   22          0  |         0         0          0         0         0
DEC-27   9800 C        0       0       0       0       0  |       0       0       0     272      -41   22          0  |         0         0          0         0         0
DEC-27  10000 C        0       0       0       0       0  |       0       0       0     242      -35   22          0  |         0         0          0         0         0
DEC-27  10200 C        0       0       0       0       0  |       0       0       0     215      -31   22          0  |         0         0          0         0         0
DEC-27  10400 C        0       0       0       0       0  |       0       0       0     191      -27   22          0  |         0         0          0         0         0
DEC-27  10600 C        0       0       0       0       0  |       0       0       0     170      -23   22          0  |         0         0          0         0         0
DEC-27  10800 C        0       0       0       0       0  |       0       0       0     152      -19   23          0  |         0         0          0         0         0
DEC-27  11000 C        0       0       0       0       0  |       0       0       0     136      -16   23          0  |         0         0          0         0         0
DEC-27  11200 C        0       0       0       0       0  |       0       0       0     122      -13   23          0  |         0         0          0         0         0
DEC-27  11400 C        0       0       0       0       0  |       0       0       0     110      -10   23          0  |         0         0          0         0         0
DEC-27  11600 C        0       0       0       0       0  |       0       0       0      99       -7   23          0  |         0         0          0         0         0
DEC-27  11800 C        0       0       0       0       0  |       0       0       0      90       -4   23          0  |         0         0          0         0         0
DEC-27  12000 C        0       0       0       0       0  |       0       0       0      81       -3   24          0  |         0         0          0         0         0
DEC-27  12200 C        0       0       0       0       0  |       0       0       0      73       -2   24          0  |         0         0          0         0         0
DEC-27  12400 C        0       0       0       0       0  |       0       0       0      67        0   24          0  |         0         0          0         0         0
DEC-27  12600 C        0       0       0       0       0  |       0       0       0      61       +1   24          0  |         0         0          0         0         0
DEC-27  12800 C        0       0       0       0       0  |       0       0       0      55       +2   24          0  |         0         0          0         0         0
DEC-27  13000 C        0       0       0       0       0  |       0       0       0      51       +3   25          0  |         0         0          0         0         0
DEC-27  13200 C        0       0       0       0       0  |       0       0       0      46       +3   25          0  |         0         0          0         0         0
DEC-27  13400 C        0       0       0       0       0  |       0       0       0      42       +4   25          0  |         0         0          0         0         0
DEC-27  13600 C        0       0       0       0       0  |       0       0       0      39       +5   25          0  |         0         0          0         0         0
DEC-27  13800 C        0       0       0       0       0  |       0       0       0      36       +5   25          0  |         0         0          0         0         0
DEC-27  14000 C        0       0       0       0       0  |       0       0       0      33       +5   25          0  |         0         0          0         0         0
DEC-27  14200 C        0       0       0       0       0  |       0       0       0      30       +5   26          0  |         0         0          0         0         0
DEC-27  14400 C        0       0       0       0       0  |       0       0       0      28       +6   26          0  |         0         0          0         0         0
DEC-27  14600 C        0       0       0       0       0  |       0       0       0      26       +6   26          0  |         0         0          0         0         0
DEC-27  14800 C        0       0       0       0       0  |       0       0       0      24       +6   26          0  |         0         0          0         0         0
DEC-27  15000 C        0       0       0       0       0  |       0       0       0      22       +6   26          0  |        35        35          0         1         0

                              TOTAL CALL               0  |                               TOTAL CALL               0  | TOTAL CALL                   0       215         0

CONTRACT STRIKE *OPENING  *DAILY  *DAILY   CLOSE  VOLUME  |*OPENING  *DAILY  *DAILY  O.Q.P.   O.Q.P.  IV%     VOLUME  | *Contract *Contract     Volume      Open Change in
MONTH     PRICE    PRICE    HIGH     LOW   PRICE          |   PRICE    HIGH     LOW   CLOSE   CHANGE                  |      High       Low             Interest        OI
DEC-27   3900 P        0       0       0       0       0  |       0       0       0      35       +5   36          0  |         0         0          0         0         0
DEC-27   4000 P        0       0       0       0       0  |       0       0       0      37       +4   36          0  |        36        35          0        14         0
DEC-27   4100 P        0       0       0       0       0  |       0       0       0      41       +6   35          0  |         0         0          0         0         0
DEC-27   4200 P        0       0       0       0       0  |       0       0       0      44       +6   34          0  |         0         0          0         0         0
DEC-27   4300 P        0       0       0       0       0  |       0       0       0      48       +7   34          0  |         0         0          0         0         0
DEC-27   4400 P        0       0       0       0       0  |       0       0       0      51       +6   33          0  |         0         0          0         0         0
DEC-27   4500 P        0       0       0       0       0  |       0       0       0      56       +8   33          0  |         0         0          0         0         0
DEC-27   4600 P        0       0       0       0       0  |       0       0       0      60       +8   32          0  |         0         0          0         0         0
DEC-27   4700 P        0       0       0       0       0  |       0       0       0      65       +9   32          0  |         0         0          0         0         0
DEC-27   4800 P        0       0       0       0       0  |       0       0       0      70      +10   31          0  |         0         0          0         0         0
DEC-27   4900 P        0       0       0       0       0  |       0       0       0      75      +10   31          0  |       107       107          0         4         0
DEC-27   5000 P        0       0       0       0       0  |       0       0       0      81      +11   30          0  |         0         0          0         0         0
DEC-27   5200 P        0       0       0       0       0  |       0       0       0      94      +14   29          0  |         0         0          0         0         0
DEC-27   5400 P        0       0       0       0       0  |       0       0       0     109      +16   28          0  |         0         0          0         0         0
DEC-27   5600 P        0       0       0       0       0  |       0       0       0     127      +20   28          0  |         0         0          0         0         0
DEC-27   5800 P        0       0       0       0       0  |       0       0       0     147      +23   27          0  |         0         0          0         0         0
DEC-27   6000 P        0       0       0       0       0  |       0       0       0     171      +27   26          0  |         0         0          0         0         0
DEC-27   6200 P        0       0       0       0       0  |       0       0       0     200      +32   25          0  |         0         0          0         0         0
DEC-27   6400 P        0       0       0       0       0  |       0       0       0     233      +37   25          0  |         0         0          0         0         0
DEC-27   6600 P        0       0       0       0       0  |       0       0       0     271      +41   24          0  |         0         0          0         0         0
DEC-27   6800 P        0       0       0       0       0  |       0       0       0     316      +46   24          0  |         0         0          0         0         0
DEC-27   7000 P        0       0       0       0       0  |       0       0       0     368      +51   23          0  |       405       403          0        13         0
DEC-27   7200 P        0       0       0       0       0  |       0       0       0     429      +56   23          0  |       462       461          0        13         0
DEC-27   7400 P        0       0       0       0       0  |       0       0       0     498      +61   22          0  |       523       471          0       640         0
DEC-27   7600 P        0       0       0       0       0  |       0       0       0     577      +66   22          0  |       792       536          0        41         0
DEC-27   7800 P        0       0       0       0       0  |       0       0       0     665      +71   22          0  |       608       608          0       650         0
DEC-27   8000 P        0       0       0       0       0  |       0       0       0     763      +77   22        350  |       622       620        350       940      +100
DEC-27   8200 P        0       0       0       0       0  |       0       0       0     870      +82   22          0  |         0         0          0       600         0
DEC-27   8400 P        0       0       0       0       0  |       0       0       0     985      +85   22          0  |         0         0          0         0         0
DEC-27   8600 P        0       0       0       0       0  |       0       0       0    1110      +91   21          0  |       882       877          0       100         0
DEC-27   8800 P        0       0       0       0       0  |       0       0       0    1243      +96   21          0  |         0         0          0         0         0
DEC-27   9000 P        0       0       0       0       0  |       0       0       0    1383     +100   21          0  |         0         0          0         0         0
DEC-27   9200 P        0       0       0       0       0  |       0       0       0    1533     +108   22          0  |         0         0          0         0         0
DEC-27   9400 P        0       0       0       0       0  |       0       0       0    1687     +113   22          0  |         0         0          0         0         0
DEC-27   9600 P        0       0       0       0       0  |       0       0       0    1847     +119   22          0  |         0         0          0         0         0
DEC-27   9800 P        0       0       0       0       0  |       0       0       0    2012     +125   22          0  |         0         0          0         0         0
DEC-27  10000 P        0       0       0       0       0  |       0       0       0    2182     +130   22          0  |         0         0          0         0         0
DEC-27  10200 P        0       0       0       0       0  |       0       0       0    2355     +135   22          0  |         0         0          0         0         0
DEC-27  10400 P        0       0       0       0       0  |       0       0       0    2531     +139   22          0  |         0         0          0         0         0
DEC-27  10600 P        0       0       0       0       0  |       0       0       0    2710     +143   22          0  |         0         0          0         0         0
DEC-27  10800 P        0       0       0       0       0  |       0       0       0    2892     +147   23          0  |         0         0          0         0         0
DEC-27  11000 P        0       0       0       0       0  |       0       0       0    3076     +150   23          0  |         0         0          0         0         0
DEC-27  11200 P        0       0       0       0       0  |       0       0       0    3262     +153   23          0  |         0         0          0         0         0
DEC-27  11400 P        0       0       0       0       0  |       0       0       0    3450     +156   23          0  |         0         0          0         0         0
DEC-27  11600 P        0       0       0       0       0  |       0       0       0    3639     +159   23          0  |         0         0          0         0         0
DEC-27  11800 P        0       0       0       0       0  |       0       0       0    3830     +161   23          0  |         0         0          0         0         0
DEC-27  12000 P        0       0       0       0       0  |       0       0       0    4021     +163   24          0  |         0         0          0         0         0
DEC-27  12200 P        0       0       0       0       0  |       0       0       0    4213     +164   24          0  |         0         0          0         0         0
DEC-27  12400 P        0       0       0       0       0  |       0       0       0    4407     +166   24          0  |         0         0          0         0         0
DEC-27  12600 P        0       0       0       0       0  |       0       0       0    4601     +167   24          0  |         0         0          0         0         0
DEC-27  12800 P        0       0       0       0       0  |       0       0       0    4795     +168   24          0  |         0         0          0         0         0
DEC-27  13000 P        0       0       0       0       0  |       0       0       0    4991     +169   25          0  |         0         0          0         0         0
DEC-27  13200 P        0       0       0       0       0  |       0       0       0    5186     +169   25          0  |         0         0          0         0         0
DEC-27  13400 P        0       0       0       0       0  |       0       0       0    5382     +170   25          0  |         0         0          0         0         0
DEC-27  13600 P        0       0       0       0       0  |       0       0       0    5579     +171   25          0  |         0         0          0         0         0
DEC-27  13800 P        0       0       0       0       0  |       0       0       0    5776     +171   25          0  |         0         0          0         0         0
DEC-27  14000 P        0       0       0       0       0  |       0       0       0    5973     +171   25          0  |         0         0          0         0         0
DEC-27  14200 P        0       0       0       0       0  |       0       0       0    6170     +171   26          0  |         0         0          0         0         0
DEC-27  14400 P        0       0       0       0       0  |       0       0       0    6368     +172   26          0  |         0         0          0         0         0
DEC-27  14600 P        0       0       0       0       0  |       0       0       0    6566     +172   26          0  |         0         0          0         0         0
DEC-27  14800 P        0       0       0       0       0  |       0       0       0    6764     +172   26          0  |         0         0          0         0         0
DEC-27  15000 P        0       0       0       0       0  |       0       0       0    6962     +172   26          0  |         0         0          0         0         0

                              TOTAL PUT                0  |                               TOTAL PUT              350  | TOTAL PUT                  350      3015      +100

                                                                                                                      | MONTH PUT/CALL RATIO ---------
                                                                                                                      | MONTH TOTAL                350      3230      +100

 
CONTRACT STRIKE *OPENING  *DAILY  *DAILY   CLOSE  VOLUME  |*OPENING  *DAILY  *DAILY  O.Q.P.   O.Q.P.  IV%     VOLUME  | *Contract *Contract     Volume      Open Change in
MONTH     PRICE    PRICE    HIGH     LOW   PRICE          |   PRICE    HIGH     LOW   CLOSE   CHANGE                  |      High       Low             Interest        OI
JUN-28   5800 C        0       0       0       0       0  |       0       0       0    2580      -58   26          0  |         0         0          0         0         0
JUN-28   6000 C        0       0       0       0       0  |       0       0       0    2409      -54   25          0  |         0         0          0         0         0
JUN-28   6200 C        0       0       0       0       0  |       0       0       0    2243      -47   25          0  |         0         0          0         0         0
JUN-28   6400 C        0       0       0       0       0  |       0       0       0    2081      -39   24          0  |         0         0          0         0         0
JUN-28   6600 C        0       0       0       0       0  |       0       0       0    1925      -28   24          0  |         0         0          0         0         0
JUN-28   6800 C        0       0       0       0       0  |       0       0       0    1776      -13   23          0  |         0         0          0         0         0
JUN-28   7000 C        0       0       0       0       0  |       0       0       0    1632      -10   23          0  |         0         0          0         0         0
JUN-28   7200 C        0       0       0       0       0  |       0       0       0    1497      -21   23          0  |         0         0          0         0         0
JUN-28   7400 C        0       0       0       0       0  |       0       0       0    1371      -29   22          0  |         0         0          0         0         0
JUN-28   7600 C        0       0       0       0       0  |       0       0       0    1253      -37   22          0  |         0         0          0         0         0
JUN-28   7800 C        0       0       0       0       0  |       0       0       0    1142      -45   22          0  |         0         0          0         0         0
JUN-28   8000 C        0       0       0       0       0  |       0       0       0    1039      -53   22          0  |         0         0          0         0         0
JUN-28   8200 C        0       0       0       0       0  |       0       0       0     945      -58   22          0  |         0         0          0         0         0
JUN-28   8400 C        0       0       0       0       0  |       0       0       0     857      -63   22          0  |         0         0          0         0         0
JUN-28   8600 C        0       0       0       0       0  |       0       0       0     778      -65   22          0  |         0         0          0         0         0
JUN-28   8800 C        0       0       0       0       0  |       0       0       0     705      -68   22          0  |         0         0          0         0         0
JUN-28   9000 C        0       0       0       0       0  |       0       0       0     639      -69   22          0  |         0         0          0         0         0
JUN-28   9200 C        0       0       0       0       0  |       0       0       0     582      -66   22          0  |         0         0          0         0         0
JUN-28   9400 C        0       0       0       0       0  |       0       0       0     528      -64   22          0  |         0         0          0         0         0
JUN-28   9600 C        0       0       0       0       0  |       0       0       0     480      -62   22          0  |         0         0          0         0         0
JUN-28   9800 C        0       0       0       0       0  |       0       0       0     437      -58   22          0  |         0         0          0         0         0
JUN-28  10000 C        0       0       0       0       0  |       0       0       0     398      -54   22          0  |         0         0          0         0         0
JUN-28  10200 C        0       0       0       0       0  |       0       0       0     363      -50   22          0  |         0         0          0         0         0
JUN-28  10400 C        0       0       0       0       0  |       0       0       0     332      -45   22          0  |         0         0          0         0         0
JUN-28  10600 C        0       0       0       0       0  |       0       0       0     303      -42   22          0  |         0         0          0         0         0
JUN-28  10800 C        0       0       0       0       0  |       0       0       0     278      -37   23          0  |         0         0          0         0         0
JUN-28  11000 C        0       0       0       0       0  |       0       0       0     255      -32   23          0  |         0         0          0         0         0
JUN-28  11200 C        0       0       0       0       0  |       0       0       0     234      -28   23          0  |         0         0          0         0         0
JUN-28  11400 C        0       0       0       0       0  |       0       0       0     215      -25   23          0  |         0         0          0         0         0
JUN-28  11600 C        0       0       0       0       0  |       0       0       0     198      -21   23          0  |         0         0          0         0         0

                              TOTAL CALL               0  |                               TOTAL CALL               0  | TOTAL CALL                   0         0         0

CONTRACT STRIKE *OPENING  *DAILY  *DAILY   CLOSE  VOLUME  |*OPENING  *DAILY  *DAILY  O.Q.P.   O.Q.P.  IV%     VOLUME  | *Contract *Contract     Volume      Open Change in
MONTH     PRICE    PRICE    HIGH     LOW   PRICE          |   PRICE    HIGH     LOW   CLOSE   CHANGE                  |      High       Low             Interest        OI
JUN-28   5800 P        0       0       0       0       0  |       0       0       0     208      +19   26          0  |         0         0          0         0         0
JUN-28   6000 P        0       0       0       0       0  |       0       0       0     237      +23   25          0  |         0         0          0         0         0
JUN-28   6200 P        0       0       0       0       0  |       0       0       0     270      +29   25          0  |         0         0          0         0         0
JUN-28   6400 P        0       0       0       0       0  |       0       0       0     309      +38   24          0  |         0         0          0         0         0
JUN-28   6600 P        0       0       0       0       0  |       0       0       0     353      +49   24          0  |         0         0          0         0         0
JUN-28   6800 P        0       0       0       0       0  |       0       0       0     403      +63   23          0  |         0         0          0         0         0
JUN-28   7000 P        0       0       0       0       0  |       0       0       0     459      +65   23          0  |         0         0          0         0         0
JUN-28   7200 P        0       0       0       0       0  |       0       0       0     525      +56   23          0  |         0         0          0         0         0
JUN-28   7400 P        0       0       0       0       0  |       0       0       0     598      +47   22          0  |         0         0          0         0         0
JUN-28   7600 P        0       0       0       0       0  |       0       0       0     680      +39   22          0  |         0         0          0         0         0
JUN-28   7800 P        0       0       0       0       0  |       0       0       0     770      +31   22          0  |         0         0          0         0         0
JUN-28   8000 P        0       0       0       0       0  |       0       0       0     867      +24   22          0  |         0         0          0         0         0
JUN-28   8200 P        0       0       0       0       0  |       0       0       0     972      +18   22          0  |         0         0          0         0         0
JUN-28   8400 P        0       0       0       0       0  |       0       0       0    1085      +14   22          0  |         0         0          0         0         0
JUN-28   8600 P        0       0       0       0       0  |       0       0       0    1205      +10   22          0  |         0         0          0         0         0
JUN-28   8800 P        0       0       0       0       0  |       0       0       0    1332       +8   22          0  |         0         0          0         0         0
JUN-28   9000 P        0       0       0       0       0  |       0       0       0    1466       +7   22          0  |         0         0          0         0         0
JUN-28   9200 P        0       0       0       0       0  |       0       0       0    1609      +10   22          0  |         0         0          0         0         0
JUN-28   9400 P        0       0       0       0       0  |       0       0       0    1756      +12   22          0  |         0         0          0         0         0
JUN-28   9600 P        0       0       0       0       0  |       0       0       0    1908      +15   22          0  |         0         0          0         0         0
JUN-28   9800 P        0       0       0       0       0  |       0       0       0    2065      +19   22          0  |         0         0          0         0         0
JUN-28  10000 P        0       0       0       0       0  |       0       0       0    2226      +22   22          0  |         0         0          0         0         0
JUN-28  10200 P        0       0       0       0       0  |       0       0       0    2391      +26   22          0  |         0         0          0         0         0
JUN-28  10400 P        0       0       0       0       0  |       0       0       0    2559      +30   22          0  |         0         0          0         0         0
JUN-28  10600 P        0       0       0       0       0  |       0       0       0    2731      +35   22          0  |         0         0          0         0         0
JUN-28  10800 P        0       0       0       0       0  |       0       0       0    2905      +39   23          0  |         0         0          0         0         0
JUN-28  11000 P        0       0       0       0       0  |       0       0       0    3082      +43   23          0  |         0         0          0         0         0
JUN-28  11200 P        0       0       0       0       0  |       0       0       0    3261      +47   23          0  |         0         0          0         0         0
JUN-28  11400 P        0       0       0       0       0  |       0       0       0    3443      +52   23          0  |         0         0          0         0         0
JUN-28  11600 P        0       0       0       0       0  |       0       0       0    3626      +56   23          0  |         0         0          0         0         0

                              TOTAL PUT                0  |                               TOTAL PUT                0  | TOTAL PUT                    0         0         0

                                                                                                                      | MONTH PUT/CALL RATIO ---------
                                                                                                                      | MONTH TOTAL                  0         0         0

 
CONTRACT STRIKE *OPENING  *DAILY  *DAILY   CLOSE  VOLUME  |*OPENING  *DAILY  *DAILY  O.Q.P.   O.Q.P.  IV%     VOLUME  | *Contract *Contract     Volume      Open Change in
MONTH     PRICE    PRICE    HIGH     LOW   PRICE          |   PRICE    HIGH     LOW   CLOSE   CHANGE                  |      High       Low             Interest        OI
DEC-28   3900 C        0       0       0       0       0  |       0       0       0    4438      -19   35          0  |         0         0          0         0         0
DEC-28   4000 C        0       0       0       0       0  |       0       0       0    4343      -21   34          0  |         0         0          0         0         0
DEC-28   4100 C        0       0       0       0       0  |       0       0       0    4249      -21   34          0  |         0         0          0         0         0
DEC-28   4200 C        0       0       0       0       0  |       0       0       0    4156      -21   33          0  |         0         0          0         0         0
DEC-28   4300 C        0       0       0       0       0  |       0       0       0    4062      -22   33          0  |         0         0          0         0         0
DEC-28   4400 C        0       0       0       0       0  |       0       0       0    3969      -23   32          0  |         0         0          0         0         0
DEC-28   4500 C        0       0       0       0       0  |       0       0       0    3877      -23   32          0  |         0         0          0         0         0
DEC-28   4600 C        0       0       0       0       0  |       0       0       0    3784      -24   31          0  |         0         0          0         0         0
DEC-28   4700 C        0       0       0       0       0  |       0       0       0    3692      -24   31          0  |         0         0          0         0         0
DEC-28   4800 C        0       0       0       0       0  |       0       0       0    3601      -24   30          0  |         0         0          0         0         0
DEC-28   4900 C        0       0       0       0       0  |       0       0       0    3509      -26   30          0  |         0         0          0         0         0
DEC-28   5000 C        0       0       0       0       0  |       0       0       0    3419      -26   29          0  |         0         0          0         0         0
DEC-28   5200 C        0       0       0       0       0  |       0       0       0    3239      -26   28          0  |         0         0          0         0         0
DEC-28   5400 C        0       0       0       0       0  |       0       0       0    3062      -26   28          0  |         0         0          0         0         0
DEC-28   5600 C        0       0       0       0       0  |       0       0       0    2887      -25   27          0  |         0         0          0         0         0
DEC-28   5800 C        0       0       0       0       0  |       0       0       0    2716      -23   26          0  |         0         0          0         0         0
DEC-28   6000 C        0       0       0       0       0  |       0       0       0    2548      -19   25          0  |         0         0          0         0         0
DEC-28   6200 C        0       0       0       0       0  |       0       0       0    2385      -13   25          0  |         0         0          0         0         0
DEC-28   6400 C        0       0       0       0       0  |       0       0       0    2227       -4   24          0  |         0         0          0         0         0
DEC-28   6600 C        0       0       0       0       0  |       0       0       0    2075       +8   24          0  |         0         0          0         0         0
DEC-28   6800 C        0       0       0       0       0  |       0       0       0    1928      +23   23          0  |         0         0          0         0         0
DEC-28   7000 C        0       0       0       0       0  |       0       0       0    1788      +25   23          0  |         0         0          0         0         0
DEC-28   7200 C        0       0       0       0       0  |       0       0       0    1656      +12   23          0  |         0         0          0         0         0
DEC-28   7400 C        0       0       0       0       0  |       0       0       0    1530       -2   22          0  |         0         0          0         0         0
DEC-28   7600 C        0       0       0       0       0  |       0       0       0    1412      -14   22          0  |         0         0          0         0         0
DEC-28   7800 C        0       0       0       0       0  |       0       0       0    1302      -25   22          0  |         0         0          0         0         0
DEC-28   8000 C        0       0       0       0       0  |       0       0       0    1200      -34   22          0  |         0         0          0         0         0
DEC-28   8200 C        0       0       0       0       0  |       0       0       0    1105      -42   22          0  |         0         0          0         0         0
DEC-28   8400 C        0       0       0       0       0  |       0       0       0    1017      -48   22          0  |         0         0          0         0         0
DEC-28   8600 C        0       0       0       0       0  |       0       0       0     937      -52   22          0  |         0         0          0         0         0
DEC-28   8800 C        0       0       0       0       0  |       0       0       0     863      -55   22          0  |         0         0          0         0         0
DEC-28   9000 C        0       0       0       0       0  |       0       0       0     795      -57   22          0  |         0         0          0         0         0
DEC-28   9200 C        0       0       0       0       0  |       0       0       0     733      -58   22          0  |         0         0          0         0         0
DEC-28   9400 C        0       0       0       0       0  |       0       0       0     677      -57   22          0  |         0         0          0         0         0
DEC-28   9600 C        0       0       0       0       0  |       0       0       0     625      -56   22          0  |         0         0          0         0         0
DEC-28   9800 C        0       0       0       0       0  |       0       0       0     578      -53   22          0  |         0         0          0         0         0
DEC-28  10000 C        0       0       0       0       0  |       0       0       0     535      -51   22          0  |         0         0          0         0         0
DEC-28  10200 C        0       0       0       0       0  |       0       0       0     496      -47   22          0  |         0         0          0         0         0
DEC-28  10400 C        0       0       0       0       0  |       0       0       0     461      -43   22          0  |         0         0          0         0         0
DEC-28  10600 C        0       0       0       0       0  |       0       0       0     428      -40   22          0  |         0         0          0         0         0
DEC-28  10800 C        0       0       0       0       0  |       0       0       0     399      -35   23          0  |         0         0          0         0         0
DEC-28  11000 C        0       0       0       0       0  |       0       0       0     371      -31   23          0  |         0         0          0         0         0
DEC-28  11200 C        0       0       0       0       0  |       0       0       0     347      -27   23          0  |         0         0          0         0         0
DEC-28  11400 C        0       0       0       0       0  |       0       0       0     324      -23   23          0  |         0         0          0         0         0
DEC-28  11600 C        0       0       0       0       0  |       0       0       0     303      -19   23          0  |         0         0          0         0         0
DEC-28  11800 C        0       0       0       0       0  |       0       0       0     284      -15   23          0  |         0         0          0         0         0

                              TOTAL CALL               0  |                               TOTAL CALL               0  | TOTAL CALL                   0         0         0

CONTRACT STRIKE *OPENING  *DAILY  *DAILY   CLOSE  VOLUME  |*OPENING  *DAILY  *DAILY  O.Q.P.   O.Q.P.  IV%     VOLUME  | *Contract *Contract     Volume      Open Change in
MONTH     PRICE    PRICE    HIGH     LOW   PRICE          |   PRICE    HIGH     LOW   CLOSE   CHANGE                  |      High       Low             Interest        OI
DEC-28   3900 P        0       0       0       0       0  |       0       0       0     104      +20   35          0  |         0         0          0         0         0
DEC-28   4000 P        0       0       0       0       0  |       0       0       0     110      +20   34          0  |         0         0          0         0         0
DEC-28   4100 P        0       0       0       0       0  |       0       0       0     116      +20   34          0  |         0         0          0         0         0
DEC-28   4200 P        0       0       0       0       0  |       0       0       0     123      +20   33          0  |         0         0          0         0         0
DEC-28   4300 P        0       0       0       0       0  |       0       0       0     129      +19   33          0  |         0         0          0         0         0
DEC-28   4400 P        0       0       0       0       0  |       0       0       0     136      +18   32          0  |         0         0          0         0         0
DEC-28   4500 P        0       0       0       0       0  |       0       0       0     143      +17   32          0  |         0         0          0         0         0
DEC-28   4600 P        0       0       0       0       0  |       0       0       0     151      +17   31          0  |         0         0          0         0         0
DEC-28   4700 P        0       0       0       0       0  |       0       0       0     159      +16   31          0  |         0         0          0         0         0
DEC-28   4800 P        0       0       0       0       0  |       0       0       0     167      +15   30          0  |         0         0          0         0         0
DEC-28   4900 P        0       0       0       0       0  |       0       0       0     176      +15   30          0  |         0         0          0         0         0
DEC-28   5000 P        0       0       0       0       0  |       0       0       0     186      +15   29          0  |         0         0          0         0         0
DEC-28   5200 P        0       0       0       0       0  |       0       0       0     206      +14   28          0  |         0         0          0         0         0
DEC-28   5400 P        0       0       0       0       0  |       0       0       0     228      +14   28          0  |         0         0          0         0         0
DEC-28   5600 P        0       0       0       0       0  |       0       0       0     254      +15   27          0  |         0         0          0         0         0
DEC-28   5800 P        0       0       0       0       0  |       0       0       0     283      +18   26          0  |         0         0          0         0         0
DEC-28   6000 P        0       0       0       0       0  |       0       0       0     315      +21   25          0  |         0         0          0         0         0
DEC-28   6200 P        0       0       0       0       0  |       0       0       0     352      +28   25          0  |         0         0          0         0         0
DEC-28   6400 P        0       0       0       0       0  |       0       0       0     394      +37   24          0  |         0         0          0         0         0
DEC-28   6600 P        0       0       0       0       0  |       0       0       0     442      +49   24          0  |         0         0          0         0         0
DEC-28   6800 P        0       0       0       0       0  |       0       0       0     495      +63   23          0  |         0         0          0         0         0
DEC-28   7000 P        0       0       0       0       0  |       0       0       0     555      +66   23          0  |         0         0          0         0         0
DEC-28   7200 P        0       0       0       0       0  |       0       0       0     622      +52   23          0  |         0         0          0         0         0
DEC-28   7400 P        0       0       0       0       0  |       0       0       0     697      +39   22          0  |         0         0          0         0         0
DEC-28   7600 P        0       0       0       0       0  |       0       0       0     779      +27   22          0  |         0         0          0         0         0
DEC-28   7800 P        0       0       0       0       0  |       0       0       0     869      +16   22          0  |         0         0          0         0         0
DEC-28   8000 P        0       0       0       0       0  |       0       0       0     967       +7   22          0  |         0         0          0         0         0
DEC-28   8200 P        0       0       0       0       0  |       0       0       0    1072       -1   22          0  |         0         0          0         0         0
DEC-28   8400 P        0       0       0       0       0  |       0       0       0    1184       -8   22          0  |         0         0          0         0         0
DEC-28   8600 P        0       0       0       0       0  |       0       0       0    1303      -13   22          0  |         0         0          0         0         0
DEC-28   8800 P        0       0       0       0       0  |       0       0       0    1429      -16   22          0  |         0         0          0         0         0
DEC-28   9000 P        0       0       0       0       0  |       0       0       0    1562      -17   22          0  |         0         0          0         0         0
DEC-28   9200 P        0       0       0       0       0  |       0       0       0    1700      -17   22          0  |         0         0          0         0         0
DEC-28   9400 P        0       0       0       0       0  |       0       0       0    1843      -17   22          0  |         0         0          0         0         0
DEC-28   9600 P        0       0       0       0       0  |       0       0       0    1992      -15   22          0  |         0         0          0         0         0
DEC-28   9800 P        0       0       0       0       0  |       0       0       0    2145      -13   22          0  |         0         0          0         0         0
DEC-28  10000 P        0       0       0       0       0  |       0       0       0    2302      -10   22          0  |         0         0          0         0         0
DEC-28  10200 P        0       0       0       0       0  |       0       0       0    2463       -7   22          0  |         0         0          0         0         0
DEC-28  10400 P        0       0       0       0       0  |       0       0       0    2627       -3   22          0  |         0         0          0         0         0
DEC-28  10600 P        0       0       0       0       0  |       0       0       0    2795       +1   22          0  |         0         0          0         0         0
DEC-28  10800 P        0       0       0       0       0  |       0       0       0    2965       +5   23          0  |         0         0          0         0         0
DEC-28  11000 P        0       0       0       0       0  |       0       0       0    3138       +9   23          0  |         0         0          0         0         0
DEC-28  11200 P        0       0       0       0       0  |       0       0       0    3313      +13   23          0  |         0         0          0         0         0
DEC-28  11400 P        0       0       0       0       0  |       0       0       0    3491      +18   23          0  |         0         0          0         0         0
DEC-28  11600 P        0       0       0       0       0  |       0       0       0    3670      +22   23          0  |         0         0          0         0         0
DEC-28  11800 P        0       0       0       0       0  |       0       0       0    3851      +26   23          0  |         0         0          0         0         0

                              TOTAL PUT                0  |                               TOTAL PUT                0  | TOTAL PUT                    0         0         0

                                                                                                                      | MONTH PUT/CALL RATIO ---------
                                                                                                                      | MONTH TOTAL                  0         0         0

 
CONTRACT STRIKE *OPENING  *DAILY  *DAILY   CLOSE  VOLUME  |*OPENING  *DAILY  *DAILY  O.Q.P.   O.Q.P.  IV%     VOLUME  | *Contract *Contract     Volume      Open Change in
MONTH     PRICE    PRICE    HIGH     LOW   PRICE          |   PRICE    HIGH     LOW   CLOSE   CHANGE                  |      High       Low             Interest        OI
DEC-29   4600 C        0       0       0       0       0  |       0       0       0    4013      +57   31          0  |         0         0          0         0         0
DEC-29   4700 C        0       0       0       0       0  |       0       0       0    3923      +55   31          0  |         0         0          0         0         0
DEC-29   4800 C        0       0       0       0       0  |       0       0       0    3834      +54   30          0  |         0         0          0         0         0
DEC-29   4900 C        0       0       0       0       0  |       0       0       0    3745      +52   30          0  |         0         0          0         0         0
DEC-29   5000 C        0       0       0       0       0  |       0       0       0    3657      +51   29          0  |         0         0          0         0         0
DEC-29   5200 C        0       0       0       0       0  |       0       0       0    3482      +49   28          0  |         0         0          0         0         0
DEC-29   5400 C        0       0       0       0       0  |       0       0       0    3309      +48   28          0  |         0         0          0         0         0
DEC-29   5600 C        0       0       0       0       0  |       0       0       0    3139      +48   27          0  |         0         0          0         0         0
DEC-29   5800 C        0       0       0       0       0  |       0       0       0    2972      +49   26          0  |         0         0          0         0         0
DEC-29   6000 C        0       0       0       0       0  |       0       0       0    2809      +53   25          0  |         0         0          0         0         0
DEC-29   6200 C        0       0       0       0       0  |       0       0       0    2650      +59   25          0  |         0         0          0         0         0
DEC-29   6400 C        0       0       0       0       0  |       0       0       0    2496      +68   24          0  |         0         0          0         0         0
DEC-29   6600 C        0       0       0       0       0  |       0       0       0    2348      +81   24          0  |         0         0          0         0         0
DEC-29   6800 C        0       0       0       0       0  |       0       0       0    2205      +97   23          0  |         0         0          0         0         0
DEC-29   7000 C        0       0       0       0       0  |       0       0       0    2068      +98   23          0  |         0         0          0         0         0
DEC-29   7200 C        0       0       0       0       0  |       0       0       0    1938      +78   23          0  |         0         0          0         0         0
DEC-29   7400 C        0       0       0       0       0  |       0       0       0    1815      +60   22          0  |         0         0          0         0         0
DEC-29   7600 C        0       0       0       0       0  |       0       0       0    1699      +42   22          0  |         0         0          0         0         0
DEC-29   7800 C        0       0       0       0       0  |       0       0       0    1590      +27   22          0  |         0         0          0         0         0
DEC-29   8000 C        0       0       0       0       0  |       0       0       0    1488      +14   22          0  |         0         0          0         0         0
DEC-29   8200 C        0       0       0       0       0  |       0       0       0    1392       +1   22          0  |         0         0          0         0         0
DEC-29   8400 C        0       0       0       0       0  |       0       0       0    1304       -8   22          0  |         0         0          0         0         0
DEC-29   8600 C        0       0       0       0       0  |       0       0       0    1221      -17   22          0  |         0         0          0         0         0
DEC-29   8800 C        0       0       0       0       0  |       0       0       0    1145      -23   22          0  |         0         0          0         0         0
DEC-29   9000 C        0       0       0       0       0  |       0       0       0    1075      -27   22          0  |         0         0          0         0         0
DEC-29   9200 C        0       0       0       0       0  |       0       0       0    1009      -30   22          0  |         0         0          0         0         0
DEC-29   9400 C        0       0       0       0       0  |       0       0       0     949      -32   22          0  |         0         0          0         0         0
DEC-29   9600 C        0       0       0       0       0  |       0       0       0     894      -32   22          0  |         0         0          0         0         0
DEC-29   9800 C        0       0       0       0       0  |       0       0       0     842      -32   22          0  |         0         0          0         0         0
DEC-29  10000 C        0       0       0       0       0  |       0       0       0     795      -30   22          0  |         0         0          0         0         0
DEC-29  10200 C        0       0       0       0       0  |       0       0       0     751      -28   22          0  |         0         0          0         0         0
DEC-29  10400 C        0       0       0       0       0  |       0       0       0     711      -25   22          0  |         0         0          0         0         0
DEC-29  10600 C        0       0       0       0       0  |       0       0       0     673      -22   22          0  |         0         0          0         0         0
DEC-29  10800 C        0       0       0       0       0  |       0       0       0     638      -19   23          0  |         0         0          0         0         0
DEC-29  11000 C        0       0       0       0       0  |       0       0       0     606      -15   23          0  |         0         0          0         0         0
DEC-29  11200 C        0       0       0       0       0  |       0       0       0     576      -11   23          0  |         0         0          0         0         0
DEC-29  11400 C        0       0       0       0       0  |       0       0       0     548       -7   23          0  |         0         0          0         0         0
DEC-29  11600 C        0       0       0       0       0  |       0       0       0     522       -3   23          0  |         0         0          0         0         0
DEC-29  11800 C        0       0       0       0       0  |       0       0       0     498       +2   23          0  |         0         0          0         0         0

                              TOTAL CALL               0  |                               TOTAL CALL               0  | TOTAL CALL                   0         0         0

CONTRACT STRIKE *OPENING  *DAILY  *DAILY   CLOSE  VOLUME  |*OPENING  *DAILY  *DAILY  O.Q.P.   O.Q.P.  IV%     VOLUME  | *Contract *Contract     Volume      Open Change in
MONTH     PRICE    PRICE    HIGH     LOW   PRICE          |   PRICE    HIGH     LOW   CLOSE   CHANGE                  |      High       Low             Interest        OI
DEC-29   4600 P        0       0       0       0       0  |       0       0       0     262      +18   31          0  |         0         0          0         0         0
DEC-29   4700 P        0       0       0       0       0  |       0       0       0     272      +16   31          0  |         0         0          0         0         0
DEC-29   4800 P        0       0       0       0       0  |       0       0       0     283      +15   30          0  |         0         0          0         0         0
DEC-29   4900 P        0       0       0       0       0  |       0       0       0     294      +13   30          0  |         0         0          0         0         0
DEC-29   5000 P        0       0       0       0       0  |       0       0       0     305      +11   29          0  |         0         0          0         0         0
DEC-29   5200 P        0       0       0       0       0  |       0       0       0     330       +9   28          0  |         0         0          0         0         0
DEC-29   5400 P        0       0       0       0       0  |       0       0       0     357       +8   28          0  |         0         0          0         0         0
DEC-29   5600 P        0       0       0       0       0  |       0       0       0     387       +8   27          0  |         0         0          0         0         0
DEC-29   5800 P        0       0       0       0       0  |       0       0       0     421      +10   26          0  |         0         0          0         0         0
DEC-29   6000 P        0       0       0       0       0  |       0       0       0     458      +14   25          0  |         0         0          0         0         0
DEC-29   6200 P        0       0       0       0       0  |       0       0       0     499      +20   25          0  |         0         0          0         0         0
DEC-29   6400 P        0       0       0       0       0  |       0       0       0     545      +29   24          0  |         0         0          0         0         0
DEC-29   6600 P        0       0       0       0       0  |       0       0       0     596      +41   24          0  |         0         0          0         0         0
DEC-29   6800 P        0       0       0       0       0  |       0       0       0     654      +58   23          0  |         0         0          0         0         0
DEC-29   7000 P        0       0       0       0       0  |       0       0       0     717      +59   23          0  |         0         0          0         0         0
DEC-29   7200 P        0       0       0       0       0  |       0       0       0     787      +39   23          0  |         0         0          0         0         0
DEC-29   7400 P        0       0       0       0       0  |       0       0       0     864      +21   22          0  |         0         0          0         0         0
DEC-29   7600 P        0       0       0       0       0  |       0       0       0     948       +3   22          0  |         0         0          0         0         0
DEC-29   7800 P        0       0       0       0       0  |       0       0       0    1038      -13   22          0  |         0         0          0         0         0
DEC-29   8000 P        0       0       0       0       0  |       0       0       0    1136      -26   22          0  |         0         0          0         0         0
DEC-29   8200 P        0       0       0       0       0  |       0       0       0    1241      -38   22          0  |         0         0          0         0         0
DEC-29   8400 P        0       0       0       0       0  |       0       0       0    1352      -48   22          0  |         0         0          0         0         0
DEC-29   8600 P        0       0       0       0       0  |       0       0       0    1470      -56   22          0  |         0         0          0         0         0
DEC-29   8800 P        0       0       0       0       0  |       0       0       0    1594      -62   22          0  |         0         0          0         0         0
DEC-29   9000 P        0       0       0       0       0  |       0       0       0    1723      -67   22          0  |         0         0          0         0         0
DEC-29   9200 P        0       0       0       0       0  |       0       0       0    1858      -69   22          0  |         0         0          0         0         0
DEC-29   9400 P        0       0       0       0       0  |       0       0       0    1998      -71   22          0  |         0         0          0         0         0
DEC-29   9600 P        0       0       0       0       0  |       0       0       0    2142      -72   22          0  |         0         0          0         0         0
DEC-29   9800 P        0       0       0       0       0  |       0       0       0    2291      -71   22          0  |         0         0          0         0         0
DEC-29  10000 P        0       0       0       0       0  |       0       0       0    2444      -69   22          0  |         0         0          0         0         0
DEC-29  10200 P        0       0       0       0       0  |       0       0       0    2600      -67   22          0  |         0         0          0         0         0
DEC-29  10400 P        0       0       0       0       0  |       0       0       0    2759      -65   22          0  |         0         0          0         0         0
DEC-29  10600 P        0       0       0       0       0  |       0       0       0    2922      -61   22          0  |         0         0          0         0         0
DEC-29  10800 P        0       0       0       0       0  |       0       0       0    3087      -58   23          0  |         0         0          0         0         0
DEC-29  11000 P        0       0       0       0       0  |       0       0       0    3255      -54   23          0  |         0         0          0         0         0
DEC-29  11200 P        0       0       0       0       0  |       0       0       0    3425      -50   23          0  |         0         0          0         0         0
DEC-29  11400 P        0       0       0       0       0  |       0       0       0    3597      -46   23          0  |         0         0          0         0         0
DEC-29  11600 P        0       0       0       0       0  |       0       0       0    3771      -42   23          0  |         0         0          0         0         0
DEC-29  11800 P        0       0       0       0       0  |       0       0       0    3947      -37   23          0  |         0         0          0         0         0

                              TOTAL PUT                0  |                               TOTAL PUT                0  | TOTAL PUT                    0         0         0

                                                                                                                      | MONTH PUT/CALL RATIO ---------
                                                                                                                      | MONTH TOTAL                  0         0         0

 
CONTRACT STRIKE *OPENING  *DAILY  *DAILY   CLOSE  VOLUME  |*OPENING  *DAILY  *DAILY  O.Q.P.   O.Q.P.  IV%     VOLUME  | *Contract *Contract     Volume      Open Change in
MONTH     PRICE    PRICE    HIGH     LOW   PRICE          |   PRICE    HIGH     LOW   CLOSE   CHANGE                  |      High       Low             Interest        OI
DEC-30   5800 C        0       0       0       0       0  |       0       0       0    3210     +121   26          0  |         0         0          0         0         0
DEC-30   6000 C        0       0       0       0       0  |       0       0       0    3050     +124   25          0  |         0         0          0         0         0
DEC-30   6200 C        0       0       0       0       0  |       0       0       0    2894     +131   25          0  |         0         0          0         0         0
DEC-30   6400 C        0       0       0       0       0  |       0       0       0    2742     +140   24          0  |         0         0          0         0         0
DEC-30   6600 C        0       0       0       0       0  |       0       0       0    2595     +153   24          0  |         0         0          0         0         0
DEC-30   6800 C        0       0       0       0       0  |       0       0       0    2455     +171   23          0  |         0         0          0         0         0
DEC-30   7000 C        0       0       0       0       0  |       0       0       0    2320     +170   23          0  |         0         0          0         0         0
DEC-30   7200 C        0       0       0       0       0  |       0       0       0    2191     +145   23          0  |         0         0          0         0         0
DEC-30   7400 C        0       0       0       0       0  |       0       0       0    2069     +122   22          0  |         0         0          0         0         0
DEC-30   7600 C        0       0       0       0       0  |       0       0       0    1954     +100   22          0  |         0         0          0         0         0
DEC-30   7800 C        0       0       0       0       0  |       0       0       0    1846      +82   22          0  |         0         0          0         0         0
DEC-30   8000 C        0       0       0       0       0  |       0       0       0    1744      +64   22          0  |         0         0          0         0         0
DEC-30   8200 C        0       0       0       0       0  |       0       0       0    1649      +50   22          0  |         0         0          0         0         0
DEC-30   8400 C        0       0       0       0       0  |       0       0       0    1560      +37   22          0  |         0         0          0         0         0
DEC-30   8600 C        0       0       0       0       0  |       0       0       0    1477      +27   22          0  |         0         0          0         0         0
DEC-30   8800 C        0       0       0       0       0  |       0       0       0    1399      +18   22          0  |         0         0          0         0         0
DEC-30   9000 C        0       0       0       0       0  |       0       0       0    1328      +12   22          0  |         0         0          0         0         0
DEC-30   9200 C        0       0       0       0       0  |       0       0       0    1261       +7   22          0  |         0         0          0         0         0
DEC-30   9400 C        0       0       0       0       0  |       0       0       0    1199       +4   22          0  |         0         0          0         0         0
DEC-30   9600 C        0       0       0       0       0  |       0       0       0    1141       +1   22          0  |         0         0          0         0         0
DEC-30   9800 C        0       0       0       0       0  |       0       0       0    1087        0   22          0  |         0         0          0         0         0
DEC-30  10000 C        0       0       0       0       0  |       0       0       0    1038       +1   22          0  |         0         0          0         0         0
DEC-30  10200 C        0       0       0       0       0  |       0       0       0     991       +2   22          0  |         0         0          0         0         0
DEC-30  10400 C        0       0       0       0       0  |       0       0       0     948       +4   22          0  |         0         0          0         0         0
DEC-30  10600 C        0       0       0       0       0  |       0       0       0     908       +7   22          0  |         0         0          0         0         0
DEC-30  10800 C        0       0       0       0       0  |       0       0       0     870       +9   23          0  |         0         0          0         0         0
DEC-30  11000 C        0       0       0       0       0  |       0       0       0     835      +13   23          0  |         0         0          0         0         0
DEC-30  11200 C        0       0       0       0       0  |       0       0       0     802      +16   23          0  |         0         0          0         0         0
DEC-30  11400 C        0       0       0       0       0  |       0       0       0     771      +20   23          0  |         0         0          0         0         0
DEC-30  11600 C        0       0       0       0       0  |       0       0       0     742      +24   23          0  |         0         0          0         0         0
DEC-30  11800 C        0       0       0       0       0  |       0       0       0     715      +29   23          0  |         0         0          0         0         0

                              TOTAL CALL               0  |                               TOTAL CALL               0  | TOTAL CALL                   0         0         0

CONTRACT STRIKE *OPENING  *DAILY  *DAILY   CLOSE  VOLUME  |*OPENING  *DAILY  *DAILY  O.Q.P.   O.Q.P.  IV%     VOLUME  | *Contract *Contract     Volume      Open Change in
MONTH     PRICE    PRICE    HIGH     LOW   PRICE          |   PRICE    HIGH     LOW   CLOSE   CHANGE                  |      High       Low             Interest        OI
DEC-30   5800 P        0       0       0       0       0  |       0       0       0     546       -1   26          0  |         0         0          0         0         0
DEC-30   6000 P        0       0       0       0       0  |       0       0       0     585       +2   25          0  |         0         0          0         0         0
DEC-30   6200 P        0       0       0       0       0  |       0       0       0     629       +9   25          0  |         0         0          0         0         0
DEC-30   6400 P        0       0       0       0       0  |       0       0       0     677      +18   24          0  |         0         0          0         0         0
DEC-30   6600 P        0       0       0       0       0  |       0       0       0     731      +32   24          0  |         0         0          0         0         0
DEC-30   6800 P        0       0       0       0       0  |       0       0       0     790      +49   23          0  |         0         0          0         0         0
DEC-30   7000 P        0       0       0       0       0  |       0       0       0     855      +48   23          0  |         0         0          0         0         0
DEC-30   7200 P        0       0       0       0       0  |       0       0       0     927      +24   23          0  |         0         0          0         0         0
DEC-30   7400 P        0       0       0       0       0  |       0       0       0    1005        0   22          0  |         0         0          0         0         0
DEC-30   7600 P        0       0       0       0       0  |       0       0       0    1089      -22   22          0  |         0         0          0         0         0
DEC-30   7800 P        0       0       0       0       0  |       0       0       0    1181      -40   22          0  |         0         0          0         0         0
DEC-30   8000 P        0       0       0       0       0  |       0       0       0    1279      -58   22          0  |         0         0          0         0         0
DEC-30   8200 P        0       0       0       0       0  |       0       0       0    1384      -72   22          0  |         0         0          0         0         0
DEC-30   8400 P        0       0       0       0       0  |       0       0       0    1495      -85   22          0  |         0         0          0         0         0
DEC-30   8600 P        0       0       0       0       0  |       0       0       0    1612      -95   22          0  |         0         0          0         0         0
DEC-30   8800 P        0       0       0       0       0  |       0       0       0    1735     -104   22          0  |         0         0          0         0         0
DEC-30   9000 P        0       0       0       0       0  |       0       0       0    1863     -110   22          0  |         0         0          0         0         0
DEC-30   9200 P        0       0       0       0       0  |       0       0       0    1996     -115   22          0  |         0         0          0         0         0
DEC-30   9400 P        0       0       0       0       0  |       0       0       0    2134     -119   22          0  |         0         0          0         0         0
DEC-30   9600 P        0       0       0       0       0  |       0       0       0    2276     -121   22          0  |         0         0          0         0         0
DEC-30   9800 P        0       0       0       0       0  |       0       0       0    2423     -121   22          0  |         0         0          0         0         0
DEC-30  10000 P        0       0       0       0       0  |       0       0       0    2573     -121   22          0  |         0         0          0         0         0
DEC-30  10200 P        0       0       0       0       0  |       0       0       0    2726     -120   22          0  |         0         0          0         0         0
DEC-30  10400 P        0       0       0       0       0  |       0       0       0    2883     -118   22          0  |         0         0          0         0         0
DEC-30  10600 P        0       0       0       0       0  |       0       0       0    3043     -116   22          0  |         0         0          0         0         0
DEC-30  10800 P        0       0       0       0       0  |       0       0       0    3205     -113   23          0  |         0         0          0         0         0
DEC-30  11000 P        0       0       0       0       0  |       0       0       0    3370     -109   23          0  |         0         0          0         0         0
DEC-30  11200 P        0       0       0       0       0  |       0       0       0    3537     -106   23          0  |         0         0          0         0         0
DEC-30  11400 P        0       0       0       0       0  |       0       0       0    3706     -102   23          0  |         0         0          0         0         0
DEC-30  11600 P        0       0       0       0       0  |       0       0       0    3878      -97   23          0  |         0         0          0         0         0
DEC-30  11800 P        0       0       0       0       0  |       0       0       0    4050      -94   23          0  |         0         0          0         0         0

                              TOTAL PUT                0  |                               TOTAL PUT                0  | TOTAL PUT                    0         0         0

                                                                                                                      | MONTH PUT/CALL RATIO ---------
                                                                                                                      | MONTH TOTAL                  0         0         0

 
CONTRACT STRIKE *OPENING  *DAILY  *DAILY   CLOSE  VOLUME  |*OPENING  *DAILY  *DAILY  O.Q.P.   O.Q.P.  IV%     VOLUME  | *Contract *Contract     Volume      Open Change in
MONTH     PRICE    PRICE    HIGH     LOW   PRICE          |   PRICE    HIGH     LOW   CLOSE   CHANGE                  |      High       Low             Interest        OI
DEC-31   5800 C        0       0       0       0       0  |       0       0       0    3440     +193   26          0  |         0         0          0         0         0
DEC-31   6000 C        0       0       0       0       0  |       0       0       0    3281     +196   25          0  |         0         0          0         0         0
DEC-31   6200 C        0       0       0       0       0  |       0       0       0    3125     +201   25          0  |         0         0          0         0         0
DEC-31   6400 C        0       0       0       0       0  |       0       0       0    2975     +211   24          0  |         0         0          0         0         0
DEC-31   6600 C        0       0       0       0       0  |       0       0       0    2830     +225   24          0  |         0         0          0         0         0
DEC-31   6800 C        0       0       0       0       0  |       0       0       0    2690     +244   23          0  |         0         0          0         0         0
DEC-31   7000 C        0       0       0       0       0  |       0       0       0    2556     +241   23          0  |         0         0          0         0         0
DEC-31   7200 C        0       0       0       0       0  |       0       0       0    2429     +213   23          0  |         0         0          0         0         0
DEC-31   7400 C        0       0       0       0       0  |       0       0       0    2307     +185   22          0  |         0         0          0         0         0
DEC-31   7600 C        0       0       0       0       0  |       0       0       0    2193     +161   22          0  |         0         0          0         0         0
DEC-31   7800 C        0       0       0       0       0  |       0       0       0    2085     +139   22          0  |         0         0          0         0         0
DEC-31   8000 C        0       0       0       0       0  |       0       0       0    1983     +119   22          0  |         0         0          0         0         0
DEC-31   8200 C        0       0       0       0       0  |       0       0       0    1888     +102   22          0  |         0         0          0         0         0
DEC-31   8400 C        0       0       0       0       0  |       0       0       0    1798      +86   22          0  |         0         0          0         0         0
DEC-31   8600 C        0       0       0       0       0  |       0       0       0    1715      +74   22          0  |         0         0          0         0         0
DEC-31   8800 C        0       0       0       0       0  |       0       0       0    1637      +63   22          0  |         0         0          0         0         0
DEC-31   9000 C        0       0       0       0       0  |       0       0       0    1565      +55   22          0  |         0         0          0         0         0
DEC-31   9200 C        0       0       0       0       0  |       0       0       0    1497      +49   22          0  |         0         0          0         0         0
DEC-31   9400 C        0       0       0       0       0  |       0       0       0    1434      +44   22          0  |         0         0          0         0         0
DEC-31   9600 C        0       0       0       0       0  |       0       0       0    1375      +41   22          0  |         0         0          0         0         0
DEC-31   9800 C        0       0       0       0       0  |       0       0       0    1320      +39   22          0  |         0         0          0         0         0
DEC-31  10000 C        0       0       0       0       0  |       0       0       0    1269      +38   22          0  |         0         0          0         0         0
DEC-31  10200 C        0       0       0       0       0  |       0       0       0    1221      +39   22          0  |         0         0          0         0         0
DEC-31  10400 C        0       0       0       0       0  |       0       0       0    1176      +40   22          0  |         0         0          0         0         0
DEC-31  10600 C        0       0       0       0       0  |       0       0       0    1134      +42   22          0  |         0         0          0         0         0

                              TOTAL CALL               0  |                               TOTAL CALL               0  | TOTAL CALL                   0         0         0

CONTRACT STRIKE *OPENING  *DAILY  *DAILY   CLOSE  VOLUME  |*OPENING  *DAILY  *DAILY  O.Q.P.   O.Q.P.  IV%     VOLUME  | *Contract *Contract     Volume      Open Change in
MONTH     PRICE    PRICE    HIGH     LOW   PRICE          |   PRICE    HIGH     LOW   CLOSE   CHANGE                  |      High       Low             Interest        OI
DEC-31   5800 P        0       0       0       0       0  |       0       0       0     657      -14   26          0  |         0         0          0         0         0
DEC-31   6000 P        0       0       0       0       0  |       0       0       0     698      -11   25          0  |         0         0          0         0         0
DEC-31   6200 P        0       0       0       0       0  |       0       0       0     743       -5   25          0  |         0         0          0         0         0
DEC-31   6400 P        0       0       0       0       0  |       0       0       0     793       +6   24          0  |         0         0          0         0         0
DEC-31   6600 P        0       0       0       0       0  |       0       0       0     847      +19   24          0  |         0         0          0         0         0
DEC-31   6800 P        0       0       0       0       0  |       0       0       0     907      +37   23          0  |         0         0          0         0         0
DEC-31   7000 P        0       0       0       0       0  |       0       0       0     974      +36   23          0  |         0         0          0         0         0
DEC-31   7200 P        0       0       0       0       0  |       0       0       0    1046       +7   23          0  |         0         0          0         0         0
DEC-31   7400 P        0       0       0       0       0  |       0       0       0    1125      -20   22          0  |         0         0          0         0         0
DEC-31   7600 P        0       0       0       0       0  |       0       0       0    1210      -45   22          0  |         0         0          0         0         0
DEC-31   7800 P        0       0       0       0       0  |       0       0       0    1302      -67   22          0  |         0         0          0         0         0
DEC-31   8000 P        0       0       0       0       0  |       0       0       0    1400      -88   22          0  |         0         0          0         0         0
DEC-31   8200 P        0       0       0       0       0  |       0       0       0    1505     -105   22          0  |         0         0          0         0         0
DEC-31   8400 P        0       0       0       0       0  |       0       0       0    1616     -119   22          0  |         0         0          0         0         0
DEC-31   8600 P        0       0       0       0       0  |       0       0       0    1733     -132   22          0  |         0         0          0         0         0
DEC-31   8800 P        0       0       0       0       0  |       0       0       0    1855     -142   22          0  |         0         0          0         0         0
DEC-31   9000 P        0       0       0       0       0  |       0       0       0    1982     -151   22          0  |         0         0          0         0         0
DEC-31   9200 P        0       0       0       0       0  |       0       0       0    2114     -158   22          0  |         0         0          0         0         0
DEC-31   9400 P        0       0       0       0       0  |       0       0       0    2251     -162   22          0  |         0         0          0         0         0
DEC-31   9600 P        0       0       0       0       0  |       0       0       0    2392     -166   22          0  |         0         0          0         0         0
DEC-31   9800 P        0       0       0       0       0  |       0       0       0    2537     -168   22          0  |         0         0          0         0         0
DEC-31  10000 P        0       0       0       0       0  |       0       0       0    2686     -168   22          0  |         0         0          0         0         0
DEC-31  10200 P        0       0       0       0       0  |       0       0       0    2838     -168   22          0  |         0         0          0         0         0
DEC-31  10400 P        0       0       0       0       0  |       0       0       0    2993     -167   22          0  |         0         0          0         0         0
DEC-31  10600 P        0       0       0       0       0  |       0       0       0    3151     -165   22          0  |         0         0          0         0         0

                              TOTAL PUT                0  |                               TOTAL PUT                0  | TOTAL PUT                    0         0         0

                                                                                                                      | MONTH PUT/CALL RATIO ---------
                                                                                                                      | MONTH TOTAL                  0         0         0

                                                                                                                        MARKET PUT/CALL RATIO     1.28
                                                                                                                        MARKET TOTAL             16986    254509     +6408


                                 ***  END OF REPORT  ***

O.Q.P. - OFFICIAL QUOTATION PRICE
*ALL COMBO VS. COMBO TRANSACTIONS ARE EXCLUDED

