

HANG SENG INDEX OPTIONS DAILY MARKET REPORT


HANG SENG INDEX OPTIONS DAILY MARKET REPORT (Final)

Hong Kong Exchanges and Clearing Limited and/or its subsidiaries endeavour to ensure the
accuracy and reliability of the information provided, but do not guarantee its accuracy and
reliability and accept no liability (whether in tort or contract or otherwise) for any loss
or damage arising from any inaccuracies or omissions.


TOP 10 TRADED (BY VOLUME)    VOLUME    O.Q.P.  IV%     DAILY     DAILY      OPEN    O.Q.P.  
                                        CLOSE           HIGH       LOW  INTEREST    CHANGE
C OCT-26      24400            1712       230   16       337       218      1192      -281
P OCT-26      22200            1116        73   21        73        46       626       +51
P OCT-26      23800             875       408   17       534       249       740      +252
P OCT-26      22000             731        58   22        61        38       796       +41
P OCT-26      24000             645       500   16       530       330       769      +298
C OCT-26      25000             639        90   16       138        83       566      -142
P OCT-26      23200             634       214   18       224       130       478      +141
P OCT-26      24800             619      1030   15      1038       906       475      +500
P OCT-26      25600             600      1741   15         0         0       230      +624
P OCT-26      26000             600      2133   16         0         0       176      +659

Hang Seng Index Options HK$50 per point
                                                                  
                   Prev. Trading Day of the Exchange                             Trading Day of the Exchange
                   01 OCT 2026, THURSDAY                                         02 OCT 2026, FRIDAY   

                   After-Hours Trading Session            |                      Day Trading Session                  |                    Combined
                                                          |                                                           |
 
CONTRACT STRIKE *OPENING  *DAILY  *DAILY   CLOSE  VOLUME  |*OPENING  *DAILY  *DAILY  O.Q.P.   O.Q.P.  IV%     VOLUME  | *Contract *Contract     Volume      Open Change in
MONTH     PRICE    PRICE    HIGH     LOW   PRICE          |   PRICE    HIGH     LOW   CLOSE   CHANGE                  |      High       Low             Interest        OI
OCT-26  18200 C        0       0       0       0       0  |       0       0       0    5696     -682   46          0  |         0         0          0         0         0
OCT-26  18300 C        0       0       0       0       0  |       0       0       0    5596     -682   46          0  |         0         0          0         0         0
OCT-26  18400 C        0       0       0       0       0  |       0       0       0    5496     -682   45          0  |         0         0          0         0         0
OCT-26  18500 C        0       0       0       0       0  |       0       0       0    5396     -682   44          0  |         0         0          0         0         0
OCT-26  18600 C        0       0       0       0       0  |       0       0       0    5296     -682   43          0  |         0         0          0         0         0
OCT-26  18700 C        0       0       0       0       0  |       0       0       0    5196     -682   42          0  |         0         0          0         0         0
OCT-26  18800 C        0       0       0       0       0  |       0       0       0    5097     -681   42          0  |         0         0          0         0         0
OCT-26  18900 C        0       0       0       0       0  |       0       0       0    4997     -681   41          0  |         0         0          0         0         0
OCT-26  19000 C        0       0       0       0       0  |       0       0       0    4897     -681   40          0  |         0         0          0         0         0
OCT-26  19100 C        0       0       0       0       0  |       0       0       0    4797     -681   39          0  |         0         0          0         0         0
OCT-26  19200 C        0       0       0       0       0  |       0       0       0    4698     -681   39          0  |         0         0          0         0         0
OCT-26  19300 C        0       0       0       0       0  |       0       0       0    4598     -681   38          0  |         0         0          0         0         0
OCT-26  19400 C        0       0       0       0       0  |       0       0       0    4498     -681   37          0  |         0         0          0         0         0
OCT-26  19500 C        0       0       0       0       0  |       0       0       0    4399     -680   37          0  |         0         0          0         0         0
OCT-26  19600 C        0       0       0       0       0  |       0       0       0    4299     -680   36          0  |         0         0          0         0         0
OCT-26  19700 C        0       0       0       0       0  |       0       0       0    4200     -679   36          0  |         0         0          0         0         0
OCT-26  19800 C        0       0       0       0       0  |       0       0       0    4101     -678   35          0  |         0         0          0         0         0
OCT-26  19900 C        0       0       0       0       0  |       0       0       0    4001     -678   34          0  |         0         0          0         0         0
OCT-26  20000 C        0       0       0       0       0  |       0       0       0    3902     -678   34          0  |         0         0          0         0         0
OCT-26  20200 C        0       0       0       0       0  |       0       0       0    3704     -676   33          0  |         0         0          0         0         0
OCT-26  20400 C        0       0       0       0       0  |       0       0       0    3506     -675   31          0  |         0         0          0         0         0
OCT-26  20600 C        0       0       0       0       0  |       0       0       0    3308     -673   30          0  |         0         0          0         0         0
OCT-26  20800 C        0       0       0       0       0  |       0       0       0    3111     -671   29          0  |         0         0          0         0         0
OCT-26  21000 C        0       0       0       0       0  |       0       0       0    2915     -668   28          0  |         0         0          0         0         0
OCT-26  21200 C        0       0       0       0       0  |       0       0       0    2720     -665   27          0  |         0         0          0         0         0
OCT-26  21400 C        0       0       0       0       0  |       0       0       0    2526     -661   26          0  |         0         0          0         0         0
OCT-26  21600 C        0       0       0       0       0  |       0       0       0    2333     -656   25          0  |         0         0          0         0         0
OCT-26  21800 C        0       0       0       0       0  |       0       0       0    2133     -659   23          0  |         0         0          0         0         0
OCT-26  22000 C        0       0       0       0       0  |       0       0       0    1948     -647   23          0  |      1517      1517          0         1         0
OCT-26  22200 C        0       0       0       0       0  |    1831    1831    1831    1766     -634   22          1  |      2475      1825          1         2        +1
OCT-26  22400 C        0       0       0       0       0  |       0       0       0    1571     -635   21          0  |      2322      2322          0         1         0
OCT-26  22600 C        0       0       0       0       0  |       0       0       0    1391     -622   20          0  |      2386      2386          0         1         0
OCT-26  22800 C        0       0       0       0       0  |       0       0       0    1218     -605   19          0  |         0         0          0         0         0
OCT-26  23000 C        0       0       0       0       0  |    1185    1185    1040    1054     -581   19        202  |      2650      1040        202        32        +7
OCT-26  23200 C        0       0       0       0       0  |     882     948     882     909     -542   19         12  |      2212       882         12        14       +12
OCT-26  23400 C        0       0       0       0       0  |     818     837     747     757     -515   18        409  |      2515       747        409       189      +165
OCT-26  23600 C        0       0       0       0       0  |     762     762     602     624     -475   18         65  |      2164       602         65        61       +53
OCT-26  23800 C        0       0       0       0       0  |     592     592     480     502     -432   17        208  |      1175       480        208       175      +169
OCT-26  24000 C        0       0       0       0       0  |     466     475     380     394     -386   17        320  |      2253       380        320       344       +48
OCT-26  24200 C        0       0       0       0       0  |     430     430     290     304     -334   17        479  |      1336       290        479       119       +61
OCT-26  24400 C        0       0       0       0       0  |     337     337     218     230     -281   16       1712  |      1126       218       1712      1192      +916
OCT-26  24600 C        0       0       0       0       0  |     250     250     161     169     -231   16        366  |      1361       161        366       431       +79
OCT-26  24800 C        0       0       0       0       0  |     190     190     115     124     -184   16        499  |      1720       115        499       446      +101
OCT-26  25000 C        0       0       0       0       0  |     138     138      83      90     -142   16        639  |      1430        83        639       566      +187
OCT-26  25200 C        0       0       0       0       0  |     109     110      60      66     -107   16        382  |      1454        60        382       424       +25
OCT-26  25400 C        0       0       0       0       0  |      78      78      43      47      -81   16        341  |      1266        43        341       412       +76
OCT-26  25600 C        0       0       0       0       0  |      57      57      33      35      -59   17        225  |      1138        33        225       307       -46
OCT-26  25800 C        0       0       0       0       0  |      43      45      25      26      -43   17        274  |       991        25        274       444        +9
OCT-26  26000 C        0       0       0       0       0  |      35      35      20      20      -31   17        510  |       943        20        510      1508      +282
OCT-26  26200 C        0       0       0       0       0  |      26      27      15      15      -23   18        273  |       794        15        273       288       +96
OCT-26  26400 C        0       0       0       0       0  |      20      20      11      11      -18   18        172  |       790        11        172       306       +67
OCT-26  26600 C        0       0       0       0       0  |      16      16       9       9      -13   19        151  |       676         9        151       387      +109
OCT-26  26800 C        0       0       0       0       0  |      11      13       7       7       -9   19        128  |       629         7        128       271       +89
OCT-26  27000 C        0       0       0       0       0  |      11      11       6       5       -8   19        238  |       595         6        238       586      +179
OCT-26  27200 C        0       0       0       0       0  |       8      10       5       4       -6   20         40  |       450         5         40       297         0
OCT-26  27400 C        0       0       0       0       0  |       8       8       5       3       -5   20          8  |       424         5          8       181         0
OCT-26  27600 C        0       0       0       0       0  |       5       6       4       3       -3   21         14  |       390         4         14       163        +5
OCT-26  27800 C        0       0       0       0       0  |       5       5       4       2       -3   21         17  |       363         4         17       178        +6
OCT-26  28000 C        0       0       0       0       0  |       5       5       3       2       -2   22         29  |       322         3         29       295       +12
OCT-26  28200 C        0       0       0       0       0  |       3       3       3       1       -2   21         13  |       290         3         13       147        +5
OCT-26  28400 C        0       0       0       0       0  |       3       3       2       1       -1   22         10  |       246         2         10       155        +3
OCT-26  28600 C        0       0       0       0       0  |       3       3       2       1       -1   23         28  |       221         2         28       237        +1
OCT-26  28800 C        0       0       0       0       0  |       2       2       2       1       -1   23         16  |       207         2         16       152       +16
OCT-26  29000 C        0       0       0       0       0  |       2       2       2       1        0   24         60  |       172         2         60       303       +33
OCT-26  29200 C        0       0       0       0       0  |       2       2       2       1        0   25         20  |       128         2         20       130       +17
OCT-26  29400 C        0       0       0       0       0  |       2       2       2       1        0   26         10  |       160         2         10       162        -1
OCT-26  29600 C        0       0       0       0       0  |       0       0       0       1        0   27          0  |       122         2          0       546         0
OCT-26  29800 C        0       0       0       0       0  |       1       1       1       1        0   27          9  |       115         1          9       472         0
OCT-26  30000 C        0       0       0       0       0  |       1       1       1       1        0   28          4  |       110         1          4       168         0
OCT-26  30200 C        0       0       0       0       0  |       1       1       1       1        0   29          2  |        90         1          2        31         0
OCT-26  30400 C        0       0       0       0       0  |       0       0       0       1        0   30          0  |        80         2          0        41         0
OCT-26  30600 C        0       0       0       0       0  |       0       0       0       1        0   30          0  |        64         1          0        40         0
OCT-26  30800 C        0       0       0       0       0  |       0       0       0       1        0   31          0  |        53         2          0        11         0
OCT-26  31000 C        0       0       0       0       0  |       0       0       0       1        0   32          0  |        58         2          0        26         0
OCT-26  31200 C        0       0       0       0       0  |       0       0       0       1        0   32          0  |        45         1          0        71         0
OCT-26  31400 C        0       0       0       0       0  |       0       0       0       1        0   33          0  |         8         3          0        11         0

                              TOTAL CALL               0  |                               TOTAL CALL            7886  | TOTAL CALL                7886     12324     +2782

CONTRACT STRIKE *OPENING  *DAILY  *DAILY   CLOSE  VOLUME  |*OPENING  *DAILY  *DAILY  O.Q.P.   O.Q.P.  IV%     VOLUME  | *Contract *Contract     Volume      Open Change in
MONTH     PRICE    PRICE    HIGH     LOW   PRICE          |   PRICE    HIGH     LOW   CLOSE   CHANGE                  |      High       Low             Interest        OI
OCT-26  18200 P        0       0       0       0       0  |       3       5       3       1        0   34         79  |       126         2         79       373       +71
OCT-26  18300 P        0       0       0       0       0  |       5       6       5       1        0   33         34  |        97         3         34       102       +26
OCT-26  18400 P        0       0       0       0       0  |       5       6       4       1        0   32         68  |       166         3         68       109       +63
OCT-26  18500 P        0       0       0       0       0  |       5       6       5       2       +1   34          2  |       150         3          2       146        +2
OCT-26  18600 P        0       0       0       0       0  |       6       6       6       2       +1   33          1  |        24         3          1        25        +1
OCT-26  18700 P        0       0       0       0       0  |       5       5       5       2       +1   33          1  |        72         4          1        26        +1
OCT-26  18800 P        0       0       0       0       0  |       0       0       0       2       +1   32          0  |       128         4          0        31         0
OCT-26  18900 P        0       0       0       0       0  |       7       7       7       2       +1   31          9  |       121         3          9        74        +7
OCT-26  19000 P        0       0       0       0       0  |       7       9       7       3       +2   32         20  |       103         5         20       115       +11
OCT-26  19100 P        0       0       0       0       0  |       8       9       8       3       +2   31         36  |       146         5         36        64       +35
OCT-26  19200 P        0       0       0       0       0  |       8       9       8       3       +2   31         29  |       110         5         29        94       +25
OCT-26  19300 P        0       0       0       0       0  |       9       9       9       4       +3   31          1  |       102         5          1        65         0
OCT-26  19400 P        0       0       0       0       0  |      10      10      10       4       +3   30          1  |       252         5          1        97        +1
OCT-26  19500 P        0       0       0       0       0  |       9      11       8       4       +3   30         13  |       174         5         13       116        +8
OCT-26  19600 P        0       0       0       0       0  |      11      11      11       5       +4   30          5  |       113         6          5        55         0
OCT-26  19700 P        0       0       0       0       0  |      10      13       9       5       +4   29          3  |       197         6          3        25        +3
OCT-26  19800 P        0       0       0       0       0  |       7      13       7       6       +5   29         57  |       258         6         57       186       +57
OCT-26  19900 P        0       0       0       0       0  |      12      15      11       7       +5   29          9  |       173         7          9        56        +2
OCT-26  20000 P        0       0       0       0       0  |       9      16       9       7       +5   28        109  |       291         7        109       539       -32
OCT-26  20200 P        0       0       0       0       0  |      15      18      13       9       +7   28        355  |       248         7        355       741      -121
OCT-26  20400 P        0       0       0       0       0  |      16      19      14      11       +8   27         34  |       246         8         34       377       +16
OCT-26  20600 P        0       0       0       0       0  |      15      21      15      14      +10   27         95  |       356         9         95       158       +38
OCT-26  20800 P        0       0       0       0       0  |      15      24      15      17      +13   26         87  |       323        10         87       175       +39
OCT-26  21000 P        0       0       0       0       0  |      18      27      18      21      +15   25        101  |       437        12        101       192       +32
OCT-26  21200 P        0       0       0       0       0  |      20      31      20      26      +19   25         87  |       440        13         87       178       +28
OCT-26  21400 P        0       0       0       0       0  |      23      35      23      32      +23   24         67  |       430        15         67       207       +19
OCT-26  21600 P        0       0       0       0       0  |      27      42      26      39      +28   23        222  |       472        16        222       333       -24
OCT-26  21800 P        0       0       0       0       0  |      30      50      30      48      +34   23        273  |       388        19        273       252       +77
OCT-26  22000 P        0       0       0       0       0  |      38      61      38      58      +41   22        731  |       573        22        731       796       +76
OCT-26  22200 P        0       0       0       0       0  |      46      73      46      73      +51   21       1116  |       276        26       1116       626      +345
OCT-26  22400 P        0       0       0       0       0  |      56      90      56      90      +62   21        473  |       490        30        473       486       +55
OCT-26  22600 P        0       0       0       0       0  |      68     113      67     112      +77   20        212  |       836        36        212       286       +61
OCT-26  22800 P        0       0       0       0       0  |      72     141      72     139      +94   19        549  |       450        45        549       439       -64
OCT-26  23000 P        0       0       0       0       0  |     100     178     100     172     +115   19        582  |       680        56        582       566      +222
OCT-26  23200 P        0       0       0       0       0  |     130     224     130     214     +141   18        634  |       556        72        634       478      +226
OCT-26  23400 P        0       0       0       0       0  |     176     280     172     266     +172   18        578  |      1473        84        578       630      +296
OCT-26  23600 P        0       0       0       0       0  |     227     351     207     330     +209   17        531  |       680       104        531       429      -148
OCT-26  23800 P        0       0       0       0       0  |     249     534     249     408     +252   17        875  |       808       126        875       740      +117
OCT-26  24000 P        0       0       0       0       0  |     330     530     330     500     +298   16        645  |       792        89        645       769      -208
OCT-26  24200 P        0       0       0       0       0  |     368     640     368     608     +348   16        146  |       915       182        146       588       +22
OCT-26  24400 P        0       0       0       0       0  |     568     770     540     735     +402   16        129  |       965       207        129       385       -48
OCT-26  24600 P        0       0       0       0       0  |     598     900     598     876     +454   16        220  |       946       249        220       498       -11
OCT-26  24800 P        0       0       0       0       0  |     906    1038     906    1030     +500   15        619  |      1226       290        619       475      -307
OCT-26  25000 P        0       0       0       0       0  |    1150    1243    1148    1209     +554   16        226  |      2069       342        226       541       +79
OCT-26  25200 P        0       0       0       0       0  |    1338    1412    1312    1372     +577   15         19  |      2225       406         19        99        +4
OCT-26  25400 P        0       0       0       0       0  |       0       0       0    1560     +610   16          0  |      1250       487          0        85         0
OCT-26  25600 P        0       0       0       0       0  |       0       0       0    1741     +624   15        600  |      1292       561        600       230      -378
OCT-26  25800 P        0       0       0       0       0  |       0       0       0    1941     +649   16          0  |      1301       658          0        41         0
OCT-26  26000 P        0       0       0       0       0  |       0       0       0    2133     +659   16        600  |      1736       755        600       176      -447
OCT-26  26200 P        0       0       0       0       0  |       0       0       0    2331     +671   17          0  |      1875       924          0        24         0
OCT-26  26400 P        0       0       0       0       0  |       0       0       0    2527     +676   17          0  |      3889      1146          0        71         0
OCT-26  26600 P        0       0       0       0       0  |       0       0       0    2725     +681   17          0  |      1910      1280          0         2         0
OCT-26  26800 P        0       0       0       0       0  |       0       0       0    2924     +685   18          0  |      1620      1620          0         2         0
OCT-26  27000 P        0       0       0       0       0  |       0       0       0    3111     +676    0          0  |      2435      1640          0         2         0
OCT-26  27200 P        0       0       0       0       0  |       0       0       0    3310     +678    0          0  |         0         0          0         1         0
OCT-26  27400 P        0       0       0       0       0  |       0       0       0    3509     +679    0          0  |         0         0          0         0         0
OCT-26  27600 P        0       0       0       0       0  |       0       0       0    3708     +680    0          0  |         0         0          0         0         0
OCT-26  27800 P        0       0       0       0       0  |       0       0       0    3908     +681    0          0  |      4640      2383          0        10         0
OCT-26  28000 P        0       0       0       0       0  |       0       0       0    4107     +681    0          0  |         0         0          0         0         0
OCT-26  28200 P        0       0       0       0       0  |       0       0       0    4307     +682    0          0  |         0         0          0         0         0
OCT-26  28400 P        0       0       0       0       0  |       0       0       0    4507     +682    0          0  |         0         0          0         0         0
OCT-26  28600 P        0       0       0       0       0  |       0       0       0    4707     +683    0          0  |         0         0          0         0         0
OCT-26  28800 P        0       0       0       0       0  |       0       0       0    4906     +682    0          0  |         0         0          0         0         0
OCT-26  29000 P        0       0       0       0       0  |       0       0       0    5106     +683    0          0  |         0         0          0         0         0
OCT-26  29200 P        0       0       0       0       0  |       0       0       0    5306     +683    0          0  |         0         0          0         0         0
OCT-26  29400 P        0       0       0       0       0  |       0       0       0    5506     +683    0          0  |         0         0          0         0         0
OCT-26  29600 P        0       0       0       0       0  |       0       0       0    5706     +683    0          0  |      4609      4609          0         1         0
OCT-26  29800 P        0       0       0       0       0  |       0       0       0    5906     +683    0          0  |         0         0          0         0         0
OCT-26  30000 P        0       0       0       0       0  |       0       0       0    6106     +683    0          0  |         0         0          0         0         0
OCT-26  30200 P        0       0       0       0       0  |       0       0       0    6306     +683    0          0  |         0         0          0         0         0
OCT-26  30400 P        0       0       0       0       0  |       0       0       0    6506     +683    0          0  |      5760      5310          0         1         0
OCT-26  30600 P        0       0       0       0       0  |       0       0       0    6706     +684    0          0  |         0         0          0         0         0
OCT-26  30800 P        0       0       0       0       0  |       0       0       0    6906     +684    0          0  |         0         0          0         0         0
OCT-26  31000 P        0       0       0       0       0  |       0       0       0    7106     +684    0          0  |         0         0          0         0         0
OCT-26  31200 P        0       0       0       0       0  |       0       0       0    7306     +684    0          0  |         0         0          0         0         0
OCT-26  31400 P        0       0       0       0       0  |       0       0       0    7506     +684    0          0  |         0         0          0         0         0

                              TOTAL PUT                0  |                               TOTAL PUT            11283  | TOTAL PUT                11283     14388      +277

                                                                                                                      | MONTH PUT/CALL RATIO      1.43
                                                                                                                      | MONTH TOTAL              19169     26712     +3059

 
CONTRACT STRIKE *OPENING  *DAILY  *DAILY   CLOSE  VOLUME  |*OPENING  *DAILY  *DAILY  O.Q.P.   O.Q.P.  IV%     VOLUME  | *Contract *Contract     Volume      Open Change in
MONTH     PRICE    PRICE    HIGH     LOW   PRICE          |   PRICE    HIGH     LOW   CLOSE   CHANGE                  |      High       Low             Interest        OI
NOV-26  17000 C        0       0       0       0       0  |       0       0       0    6896     -685   40          0  |         0         0          0         0         0
NOV-26  17100 C        0       0       0       0       0  |       0       0       0    6796     -685   39          0  |         0         0          0         0         0
NOV-26  17200 C        0       0       0       0       0  |       0       0       0    6696     -685   38          0  |         0         0          0         0         0
NOV-26  17300 C        0       0       0       0       0  |       0       0       0    6597     -684   38          0  |         0         0          0         0         0
NOV-26  17400 C        0       0       0       0       0  |       0       0       0    6497     -684   37          0  |         0         0          0         0         0
NOV-26  17500 C        0       0       0       0       0  |       0       0       0    6397     -684   37          0  |         0         0          0         0         0
NOV-26  17600 C        0       0       0       0       0  |       0       0       0    6298     -684   37          0  |         0         0          0         0         0
NOV-26  17700 C        0       0       0       0       0  |       0       0       0    6198     -684   36          0  |         0         0          0         0         0
NOV-26  17800 C        0       0       0       0       0  |       0       0       0    6099     -683   36          0  |         0         0          0         0         0
NOV-26  17900 C        0       0       0       0       0  |       0       0       0    5999     -683   35          0  |         0         0          0         0         0
NOV-26  18000 C        0       0       0       0       0  |       0       0       0    5900     -683   35          0  |         0         0          0         0         0
NOV-26  18100 C        0       0       0       0       0  |       0       0       0    5801     -682   34          0  |         0         0          0         0         0
NOV-26  18200 C        0       0       0       0       0  |       0       0       0    5701     -682   34          0  |         0         0          0         0         0
NOV-26  18300 C        0       0       0       0       0  |       0       0       0    5602     -682   33          0  |         0         0          0         0         0
NOV-26  18400 C        0       0       0       0       0  |       0       0       0    5503     -681   33          0  |         0         0          0         0         0
NOV-26  18500 C        0       0       0       0       0  |       0       0       0    5404     -681   33          0  |         0         0          0         0         0
NOV-26  18600 C        0       0       0       0       0  |       0       0       0    5305     -680   32          0  |         0         0          0         0         0
NOV-26  18700 C        0       0       0       0       0  |       0       0       0    5206     -679   32          0  |         0         0          0         0         0
NOV-26  18800 C        0       0       0       0       0  |       0       0       0    5107     -679   31          0  |         0         0          0         0         0
NOV-26  18900 C        0       0       0       0       0  |       0       0       0    5008     -678   31          0  |         0         0          0         0         0
NOV-26  19000 C        0       0       0       0       0  |       0       0       0    4909     -678   31          0  |         0         0          0         0         0
NOV-26  19100 C        0       0       0       0       0  |       0       0       0    4810     -678   30          0  |         0         0          0         0         0
NOV-26  19200 C        0       0       0       0       0  |       0       0       0    4712     -676   30          0  |         0         0          0         0         0
NOV-26  19300 C        0       0       0       0       0  |       0       0       0    4613     -676   29          0  |         0         0          0         0         0
NOV-26  19400 C        0       0       0       0       0  |       0       0       0    4515     -675   29          0  |         0         0          0         0         0
NOV-26  19500 C        0       0       0       0       0  |       0       0       0    4416     -675   29          0  |         0         0          0         0         0
NOV-26  19600 C        0       0       0       0       0  |       0       0       0    4318     -674   28          0  |         0         0          0         0         0
NOV-26  19700 C        0       0       0       0       0  |       0       0       0    4220     -673   28          0  |         0         0          0         0         0
NOV-26  19800 C        0       0       0       0       0  |       0       0       0    4122     -672   28          0  |         0         0          0         0         0
NOV-26  19900 C        0       0       0       0       0  |       0       0       0    4025     -670   27          0  |         0         0          0         0         0
NOV-26  20000 C        0       0       0       0       0  |       0       0       0    3927     -669   27          0  |         0         0          0         0         0
NOV-26  20200 C        0       0       0       0       0  |       0       0       0    3732     -667   26          0  |         0         0          0         0         0
NOV-26  20400 C        0       0       0       0       0  |       0       0       0    3539     -663   26          0  |         0         0          0         0         0
NOV-26  20600 C        0       0       0       0       0  |       0       0       0    3346     -659   25          0  |         0         0          0         0         0
NOV-26  20800 C        0       0       0       0       0  |       0       0       0    3155     -655   24          0  |         0         0          0         0         0
NOV-26  21000 C        0       0       0       0       0  |       0       0       0    2965     -650   24          0  |         0         0          0         0         0
NOV-26  21200 C        0       0       0       0       0  |       0       0       0    2777     -643   23          0  |         0         0          0         0         0
NOV-26  21400 C        0       0       0       0       0  |       0       0       0    2590     -637   23          0  |         0         0          0         0         0
NOV-26  21600 C        0       0       0       0       0  |    2420    2420    2420    2406     -629   22          2  |      2420      2420          2         2        +2
NOV-26  21800 C        0       0       0       0       0  |       0       0       0    2225     -620   21          0  |         0         0          0         0         0
NOV-26  22000 C        0       0       0       0       0  |       0       0       0    2047     -609   21          0  |         0         0          0         0         0
NOV-26  22200 C        0       0       0       0       0  |    1888    1888    1855    1874     -595   21          6  |      1888      1855          6         6        +6
NOV-26  22400 C        0       0       0       0       0  |       0       0       0    1704     -581   20          0  |         0         0          0         0         0
NOV-26  22600 C        0       0       0       0       0  |       0       0       0    1540     -564   20          0  |         0         0          0         0         0
NOV-26  22800 C        0       0       0       0       0  |       0       0       0    1383     -544   19          0  |         0         0          0         0         0
NOV-26  23000 C        0       0       0       0       0  |       0       0       0    1232     -522   19          0  |      2029      1993          0         6         0
NOV-26  23200 C        0       0       0       0       0  |    1098    1098    1098    1090     -496   18          2  |      2265      1098          2        16        +2
NOV-26  23400 C        0       0       0       0       0  |     961     961     961     957     -467   18          5  |      2164       961          5        10        -2
NOV-26  23600 C        0       0       0       0       0  |     931     931     843     835     -434   18          7  |      2150       843          7         8        +3
NOV-26  23800 C        0       0       0       0       0  |     785     787     720     720     -402   18         28  |      1994       720         28        35       +22
NOV-26  24000 C        0       0       0       0       0  |     700     700     615     616     -368   18         27  |      1080       615         27        23       +19
NOV-26  24200 C        0       0       0       0       0  |     654     654     565     522     -334   17         10  |      1703       565         10        10        +8
NOV-26  24400 C        0       0       0       0       0  |     456     475     435     441     -298   17        168  |      1568       435        168       244       +97
NOV-26  24600 C        0       0       0       0       0  |     389     400     360     368     -264   17         34  |      1435       360         34        60        -3
NOV-26  24800 C        0       0       0       0       0  |     320     338     302     306     -231   17         49  |      1714       302         49        34        +1
NOV-26  25000 C        0       0       0       0       0  |     270     277     246     253     -200   17         41  |      1608       246         41        79        -7
NOV-26  25200 C        0       0       0       0       0  |     240     249     216     209     -171   17         30  |      1395       216         30        78        -5
NOV-26  25400 C        0       0       0       0       0  |     208     208     165     175     -141   17         25  |      1039       165         25       373        +8
NOV-26  25600 C        0       0       0       0       0  |     152     160     135     140     -123   17         44  |       817       135         44        55       +21
NOV-26  25800 C        0       0       0       0       0  |     137     137     111     114     -103   17         38  |      1052       111         38       101       +29
NOV-26  26000 C        0       0       0       0       0  |     115     115      89      95      -84   17         71  |       920        89         71       140       +28
NOV-26  26200 C        0       0       0       0       0  |      91      91      73      77      -71   17         33  |       756        73         33        66       +16
NOV-26  26400 C        0       0       0       0       0  |      72      72      62      63      -58   18         45  |       660        62         45        72       +31
NOV-26  26600 C        0       0       0       0       0  |      64      65      51      54      -46   18         31  |       612        51         31       137        -7
NOV-26  26800 C        0       0       0       0       0  |      50      52      43      45      -37   18         33  |       431        43         33        43        +2
NOV-26  27000 C        0       0       0       0       0  |      44      44      35      37      -31   18         59  |       750        35         59       638       +27
NOV-26  27200 C        0       0       0       0       0  |      36      37      30      30      -26   18         20  |       488        30         20       336        +4
NOV-26  27400 C        0       0       0       0       0  |      29      29      29      25      -21   19         20  |       523        29         20        64         0
NOV-26  27600 C        0       0       0       0       0  |      27      27      22      21      -17   19         31  |       486        22         31       148        -8
NOV-26  27800 C        0       0       0       0       0  |      21      21      19      18      -14   19         32  |       472        19         32        44        -3
NOV-26  28000 C        0       0       0       0       0  |      20      20      17      15      -11   19         35  |       394        17         35       142       +11
NOV-26  28200 C        0       0       0       0       0  |       0       0       0      12      -10   19          0  |       386        20          0        58         0
NOV-26  28400 C        0       0       0       0       0  |       0       0       0      10       -8   20          0  |       238        17          0        26         0
NOV-26  28600 C        0       0       0       0       0  |       0       0       0       9       -6   20          0  |       288        15          0        22         0
NOV-26  28800 C        0       0       0       0       0  |       0       0       0       7       -6   20          0  |       277        15          0        56         0
NOV-26  29000 C        0       0       0       0       0  |       8       8       7       6       -5   20          5  |       260         5          5       230        -2
NOV-26  29200 C        0       0       0       0       0  |      10      10       7       5       -4   20          3  |       219         7          3       120         0
NOV-26  29400 C        0       0       0       0       0  |       0       0       0       5       -3   21          0  |       194         8          0       254         0
NOV-26  29600 C        0       0       0       0       0  |       0       0       0       4       -3   21          0  |       179         9          0        66         0
NOV-26  29800 C        0       0       0       0       0  |       0       0       0       3       -3   21          0  |       180         6          0         9         0
NOV-26  30000 C        0       0       0       0       0  |       5       5       4       3       -2   22          5  |       160         4          5        31        -5
NOV-26  30200 C        0       0       0       0       0  |       0       0       0       2       -2   21          0  |        88         5          0        12         0
NOV-26  30400 C        0       0       0       0       0  |       0       0       0       2       -1   22          0  |       118         8          0        75         0
NOV-26  30600 C        0       0       0       0       0  |       0       0       0       2       -1   22          0  |       108         6          0        17         0
NOV-26  30800 C        0       0       0       0       0  |       0       0       0       2       -1   23          0  |        95         4          0         8         0
NOV-26  31000 C        0       0       0       0       0  |       0       0       0       1       -1   22          0  |       105         3          0        29         0
NOV-26  31200 C        0       0       0       0       0  |       0       0       0       1       -1   22          0  |        83         3          0        24         0
NOV-26  31400 C        0       0       0       0       0  |       0       0       0       1       -1   23          0  |        24         2          0        11         0

                              TOTAL CALL               0  |                               TOTAL CALL             939  | TOTAL CALL                 939      4018      +295

CONTRACT STRIKE *OPENING  *DAILY  *DAILY   CLOSE  VOLUME  |*OPENING  *DAILY  *DAILY  O.Q.P.   O.Q.P.  IV%     VOLUME  | *Contract *Contract     Volume      Open Change in
MONTH     PRICE    PRICE    HIGH     LOW   PRICE          |   PRICE    HIGH     LOW   CLOSE   CHANGE                  |      High       Low             Interest        OI
NOV-26  17000 P        0       0       0       0       0  |       2       2       2       4       +2   33         10  |         8         2         10       464         0
NOV-26  17100 P        0       0       0       0       0  |       0       0       0       4       +2   32          0  |         0         0          0         0         0
NOV-26  17200 P        0       0       0       0       0  |       0       0       0       5       +3   33          0  |         0         0          0         0         0
NOV-26  17300 P        0       0       0       0       0  |      11      11      11       5       +3   32          1  |        20        10          1         7        +1
NOV-26  17400 P        0       0       0       0       0  |       0       0       0       6       +3   32          0  |        10        10          0         2         0
NOV-26  17500 P        0       0       0       0       0  |      10      12      10       6       +3   32          3  |        12        10          3         5        +3
NOV-26  17600 P        0       0       0       0       0  |       0       0       0       6       +3   31          0  |        11        10          0         2         0
NOV-26  17700 P        0       0       0       0       0  |       0       0       0       7       +4   31          0  |         0         0          0         0         0
NOV-26  17800 P        0       0       0       0       0  |       0       0       0       7       +4   31          0  |         0         0          0         0         0
NOV-26  17900 P        0       0       0       0       0  |      13      13      13       8       +4   31          1  |        13        13          1         1        +1
NOV-26  18000 P        0       0       0       0       0  |      15      15      15       9       +5   31          1  |        15         9          1         3        +1
NOV-26  18100 P        0       0       0       0       0  |       0       0       0       9       +5   30          0  |         0         0          0         0         0
NOV-26  18200 P        0       0       0       0       0  |       0       0       0      10       +5   30          0  |         0         0          0         0         0
NOV-26  18300 P        0       0       0       0       0  |       0       0       0      11       +6   30          0  |         0         0          0         0         0
NOV-26  18400 P        0       0       0       0       0  |       0       0       0      11       +6   29          0  |         0         0          0         0         0
NOV-26  18500 P        0       0       0       0       0  |      18      18      18      12       +6   29          5  |        18        18          5         5        +5
NOV-26  18600 P        0       0       0       0       0  |      18      20      18      13       +7   29          9  |        20        18          9         9        +9
NOV-26  18700 P        0       0       0       0       0  |       0       0       0      14       +7   29          0  |         0         0          0         0         0
NOV-26  18800 P        0       0       0       0       0  |       0       0       0      15       +8   28          0  |         0         0          0         0         0
NOV-26  18900 P        0       0       0       0       0  |       0       0       0      16       +8   28          0  |        13        13          0         3         0
NOV-26  19000 P        0       0       0       0       0  |      22      25      22      17       +9   28         22  |        25        14         22        26       +21
NOV-26  19100 P        0       0       0       0       0  |       0       0       0      19      +10   28          0  |        14        14          0         3         0
NOV-26  19200 P        0       0       0       0       0  |       0       0       0      20      +10   27          1  |        15        15          1         4        +1
NOV-26  19300 P        0       0       0       0       0  |       0       0       0      22      +12   27          0  |         0         0          0         0         0
NOV-26  19400 P        0       0       0       0       0  |       0       0       0      23      +12   27          1  |        17        17          1         5        +1
NOV-26  19500 P        0       0       0       0       0  |      30      30      30      25      +13   27          1  |        30        20          1         2        +1
NOV-26  19600 P        0       0       0       0       0  |      29      32      29      27      +14   26         18  |        32        20         18        67       +16
NOV-26  19700 P        0       0       0       0       0  |      30      33      30      29      +15   26          4  |        34        23          4        17        +2
NOV-26  19800 P        0       0       0       0       0  |      32      35      32      31      +16   26          9  |        40        24          9       100        +7
NOV-26  19900 P        0       0       0       0       0  |      33      33      33      34      +18   26          2  |        55        22          2        66        +1
NOV-26  20000 P        0       0       0       0       0  |      30      41      30      36      +19   25         22  |        50        23         22       181        +5
NOV-26  20200 P        0       0       0       0       0  |       0       0       0      41      +21   25          0  |        65        25          0        71         0
NOV-26  20400 P        0       0       0       0       0  |      45      45      45      47      +24   24          1  |        80        29          1        56        +1
NOV-26  20600 P        0       0       0       0       0  |      51      51      51      56      +29   24          2  |        84        36          2        17        +2
NOV-26  20800 P        0       0       0       0       0  |      58      63      58      64      +33   23         10  |       113        36         10        40       +10
NOV-26  21000 P        0       0       0       0       0  |      48      76      48      72      +36   23         92  |       135        39         92       303       +47
NOV-26  21200 P        0       0       0       0       0  |      70      85      70      84      +42   22         16  |       111        51         16        70        -5
NOV-26  21400 P        0       0       0       0       0  |      86      91      86      98      +50   22         26  |       153        52         26        81       +14
NOV-26  21600 P        0       0       0       0       0  |     104     117      99     112      +55   21         25  |       172        56         25        98        +6
NOV-26  21800 P        0       0       0       0       0  |     120     130     113     131      +65   21         25  |       170        64         25        62       +10
NOV-26  22000 P        0       0       0       0       0  |     123     158     123     155      +78   20         48  |       173        76         48       177       +35
NOV-26  22200 P        0       0       0       0       0  |     146     185     146     180      +89   20         15  |       220        96         15        64        +5
NOV-26  22400 P        0       0       0       0       0  |     175     213     175     211     +105   19         41  |       247       101         41       115       +25
NOV-26  22600 P        0       0       0       0       0  |     197     254     197     247     +122   19         87  |       256       111         87       249       -43
NOV-26  22800 P        0       0       0       0       0  |     233     300     233     291     +143   19        107  |       300       114        107        91        -6
NOV-26  23000 P        0       0       0       0       0  |     208     349     208     341     +166   18         54  |       349       141         54       217        +9
NOV-26  23200 P        0       0       0       0       0  |     370     405     351     399     +192   18        214  |       405       162        214       277      +114
NOV-26  23400 P        0       0       0       0       0  |     404     468     404     466     +221   18         27  |       468       211         27       111        -3
NOV-26  23600 P        0       0       0       0       0  |     454     539     454     541     +251   18         32  |       539       207         32       316       +13
NOV-26  23800 P        0       0       0       0       0  |     615     619     579     626     +283   17         59  |       619       242         59       278       +38
NOV-26  24000 P        0       0       0       0       0  |     565     730     565     725     +320   17        131  |       730       305        131       356       +33
NOV-26  24200 P        0       0       0       0       0  |     815     815     815     832     +355   17          1  |       815       316          1        93         0
NOV-26  24400 P        0       0       0       0       0  |       0       0       0     949     +389   17          0  |       785       356          0       135         0
NOV-26  24600 P        0       0       0       0       0  |    1030    1056    1030    1078     +425   17          4  |      1056       462          4        32        -2
NOV-26  24800 P        0       0       0       0       0  |    1188    1188    1188    1216     +458   17          2  |      1188       478          2        80        +2
NOV-26  25000 P        0       0       0       0       0  |       0       0       0    1363     +489   17          0  |      1005       620          0       103         0
NOV-26  25200 P        0       0       0       0       0  |       0       0       0    1519     +518   17          0  |      1182       612          0        76         0
NOV-26  25400 P        0       0       0       0       0  |       0       0       0    1682     +544   17          0  |      1125       678          0       359         0
NOV-26  25600 P        0       0       0       0       0  |    1885    1886    1868    1851     +567   17          3  |      1886       742          3        35         0
NOV-26  25800 P        0       0       0       0       0  |       0       0       0    2025     +586   17          0  |      1480       990          0        11         0
NOV-26  26000 P        0       0       0       0       0  |       0       0       0    2205     +604   17          0  |      1535      1535          0         1         0
NOV-26  26200 P        0       0       0       0       0  |       0       0       0    2387     +618   17          0  |         0         0          0         0         0
NOV-26  26400 P        0       0       0       0       0  |    2550    2550    2550    2573     +630   17          2  |      2550      2550          2         2        +2
NOV-26  26600 P        0       0       0       0       0  |       0       0       0    2762     +641   17          0  |         0         0          0         0         0
NOV-26  26800 P        0       0       0       0       0  |       0       0       0    2953     +650   17          0  |      1640      1640          0         1         0
NOV-26  27000 P        0       0       0       0       0  |       0       0       0    3145     +656   17          0  |         0         0          0         0         0
NOV-26  27200 P        0       0       0       0       0  |       0       0       0    3339     +662   17          0  |         0         0          0         0         0
NOV-26  27400 P        0       0       0       0       0  |       0       0       0    3534     +667   17          0  |         0         0          0         0         0
NOV-26  27600 P        0       0       0       0       0  |       0       0       0    3730     +671   17          0  |         0         0          0         0         0
NOV-26  27800 P        0       0       0       0       0  |       0       0       0    3926     +673   16          0  |         0         0          0         0         0
NOV-26  28000 P        0       0       0       0       0  |       0       0       0    4123     +675   15          0  |         0         0          0         0         0
NOV-26  28200 P        0       0       0       0       0  |       0       0       0    4321     +678    0          0  |         0         0          0         0         0
NOV-26  28400 P        0       0       0       0       0  |       0       0       0    4519     +679    0          0  |         0         0          0         0         0
NOV-26  28600 P        0       0       0       0       0  |       0       0       0    4717     +680    0          0  |         0         0          0         0         0
NOV-26  28800 P        0       0       0       0       0  |       0       0       0    4916     +682    0          0  |         0         0          0         0         0
NOV-26  29000 P        0       0       0       0       0  |       0       0       0    5115     +683    0          0  |         0         0          0         0         0
NOV-26  29200 P        0       0       0       0       0  |       0       0       0    5314     +684    0          0  |         0         0          0         0         0
NOV-26  29400 P        0       0       0       0       0  |       0       0       0    5513     +684    0          0  |         0         0          0         0         0
NOV-26  29600 P        0       0       0       0       0  |       0       0       0    5713     +685    0          0  |         0         0          0         0         0
NOV-26  29800 P        0       0       0       0       0  |       0       0       0    5912     +685    0          0  |         0         0          0         0         0
NOV-26  30000 P        0       0       0       0       0  |       0       0       0    6111     +685    0          0  |      4145      4145          0         1         0
NOV-26  30200 P        0       0       0       0       0  |       0       0       0    6311     +686    0          0  |         0         0          0         0         0
NOV-26  30400 P        0       0       0       0       0  |       0       0       0    6511     +686    0          0  |         0         0          0         0         0
NOV-26  30600 P        0       0       0       0       0  |       0       0       0    6710     +686    0          0  |      4892      4892          0         1         0
NOV-26  30800 P        0       0       0       0       0  |       0       0       0    6910     +686    0          0  |         0         0          0         0         0
NOV-26  31000 P        0       0       0       0       0  |       0       0       0    7110     +687    0          0  |         0         0          0         0         0
NOV-26  31200 P        0       0       0       0       0  |       0       0       0    7310     +687    0          0  |      5535      5535          0         1         0
NOV-26  31400 P        0       0       0       0       0  |       0       0       0    7510     +687    0          0  |         0         0          0         0         0

                              TOTAL PUT                0  |                               TOTAL PUT             1134  | TOTAL PUT                 1134      4952      +382

                                                                                                                      | MONTH PUT/CALL RATIO      1.20
                                                                                                                      | MONTH TOTAL               2073      8970      +677

 
CONTRACT STRIKE *OPENING  *DAILY  *DAILY   CLOSE  VOLUME  |*OPENING  *DAILY  *DAILY  O.Q.P.   O.Q.P.  IV%     VOLUME  | *Contract *Contract     Volume      Open Change in
MONTH     PRICE    PRICE    HIGH     LOW   PRICE          |   PRICE    HIGH     LOW   CLOSE   CHANGE                  |      High       Low             Interest        OI
DEC-26  10000 C        0       0       0       0       0  |       0       0       0   13922     -681   77          0  |         0         0          0         4         0
DEC-26  10100 C        0       0       0       0       0  |       0       0       0   13822     -681   76          0  |         0         0          0         0         0
DEC-26  10200 C        0       0       0       0       0  |       0       0       0   13722     -681   75          0  |         0         0          0         0         0
DEC-26  10300 C        0       0       0       0       0  |       0       0       0   13622     -681   74          0  |         0         0          0         0         0
DEC-26  10400 C        0       0       0       0       0  |       0       0       0   13522     -681   73          0  |         0         0          0         0         0
DEC-26  10500 C        0       0       0       0       0  |       0       0       0   13422     -681   73          0  |         0         0          0         0         0
DEC-26  10600 C        0       0       0       0       0  |       0       0       0   13322     -681   72          0  |         0         0          0         0         0
DEC-26  10700 C        0       0       0       0       0  |       0       0       0   13222     -681   71          0  |         0         0          0         0         0
DEC-26  10800 C        0       0       0       0       0  |       0       0       0   13122     -681   70          0  |         0         0          0         0         0
DEC-26  10900 C        0       0       0       0       0  |       0       0       0   13022     -681   70          0  |         0         0          0         0         0
DEC-26  11000 C        0       0       0       0       0  |       0       0       0   12922     -681   69          0  |         0         0          0         0         0
DEC-26  11100 C        0       0       0       0       0  |       0       0       0   12822     -681   68          0  |         0         0          0         0         0
DEC-26  11200 C        0       0       0       0       0  |       0       0       0   12722     -681   67          0  |         0         0          0         0         0
DEC-26  11300 C        0       0       0       0       0  |       0       0       0   12622     -681   67          0  |         0         0          0         0         0
DEC-26  11400 C        0       0       0       0       0  |       0       0       0   12522     -681   66          0  |         0         0          0         0         0
DEC-26  11500 C        0       0       0       0       0  |       0       0       0   12422     -682   65          0  |         0         0          0         0         0
DEC-26  11600 C        0       0       0       0       0  |       0       0       0   12322     -682   64          0  |         0         0          0         0         0
DEC-26  11800 C        0       0       0       0       0  |       0       0       0   12122     -682   63          0  |         0         0          0         0         0
DEC-26  12000 C        0       0       0       0       0  |       0       0       0   11922     -682   62          0  |         0         0          0         0         0
DEC-26  12200 C        0       0       0       0       0  |       0       0       0   11722     -682   60          0  |         0         0          0         0         0
DEC-26  12400 C        0       0       0       0       0  |       0       0       0   11522     -682   59          0  |         0         0          0         0         0
DEC-26  12600 C        0       0       0       0       0  |       0       0       0   11322     -682   58          0  |         0         0          0         0         0
DEC-26  12800 C        0       0       0       0       0  |       0       0       0   11122     -682   56          0  |         0         0          0         0         0
DEC-26  13000 C        0       0       0       0       0  |       0       0       0   10923     -681   55          0  |         0         0          0         0         0
DEC-26  13200 C        0       0       0       0       0  |       0       0       0   10723     -681   54          0  |         0         0          0         0         0
DEC-26  13400 C        0       0       0       0       0  |       0       0       0   10523     -681   53          0  |         0         0          0         0         0
DEC-26  13600 C        0       0       0       0       0  |       0       0       0   10323     -682   52          0  |         0         0          0         0         0
DEC-26  13800 C        0       0       0       0       0  |       0       0       0   10123     -682   50          0  |         0         0          0         0         0
DEC-26  14000 C        0       0       0       0       0  |       0       0       0    9924     -681   49          0  |         0         0          0         0         0
DEC-26  14200 C        0       0       0       0       0  |       0       0       0    9724     -681   48          0  |         0         0          0         0         0
DEC-26  14400 C        0       0       0       0       0  |       0       0       0    9524     -681   47          0  |         0         0          0         0         0
DEC-26  14600 C        0       0       0       0       0  |       0       0       0    9325     -681   46          0  |         0         0          0         0         0
DEC-26  14800 C        0       0       0       0       0  |       0       0       0    9125     -681   45          0  |         0         0          0         0         0
DEC-26  15000 C        0       0       0       0       0  |       0       0       0    8925     -681   44          0  |         0         0          0         0         0
DEC-26  15200 C        0       0       0       0       0  |       0       0       0    8726     -681   43          0  |         0         0          0         0         0
DEC-26  15400 C        0       0       0       0       0  |       0       0       0    8527     -680   42          0  |         0         0          0         0         0
DEC-26  15600 C        0       0       0       0       0  |       0       0       0    8327     -681   41          0  |         0         0          0         0         0
DEC-26  15800 C        0       0       0       0       0  |       0       0       0    8128     -680   40          0  |         0         0          0         0         0
DEC-26  16000 C        0       0       0       0       0  |       0       0       0    7929     -680   39          0  |         0         0          0         0         0
DEC-26  16200 C        0       0       0       0       0  |       0       0       0    7730     -680   38          0  |         0         0          0         0         0
DEC-26  16400 C        0       0       0       0       0  |       0       0       0    7531     -679   38          0  |         0         0          0         0         0
DEC-26  16600 C        0       0       0       0       0  |       0       0       0    7332     -679   37          0  |         0         0          0         0         0
DEC-26  16800 C        0       0       0       0       0  |       0       0       0    7133     -679   36          0  |         0         0          0         0         0
DEC-26  17000 C        0       0       0       0       0  |       0       0       0    6935     -678   35          0  |         0         0          0         0         0
DEC-26  17200 C        0       0       0       0       0  |       0       0       0    6736     -678   34          0  |         0         0          0         0         0
DEC-26  17400 C        0       0       0       0       0  |       0       0       0    6538     -677   33          0  |         0         0          0         0         0
DEC-26  17600 C        0       0       0       0       0  |       0       0       0    6340     -677   33          0  |         0         0          0         0         0
DEC-26  17800 C        0       0       0       0       0  |       0       0       0    6143     -675   32          0  |         0         0          0         0         0
DEC-26  18000 C        0       0       0       0       0  |       0       0       0    5945     -675   31          0  |      7920      7400          0         0         0
DEC-26  18100 C        0       0       0       0       0  |       0       0       0    5847     -674   31          0  |         0         0          0         0         0
DEC-26  18200 C        0       0       0       0       0  |       0       0       0    5748     -674   31          0  |         0         0          0         0         0
DEC-26  18300 C        0       0       0       0       0  |       0       0       0    5650     -673   30          0  |         0         0          0         0         0
DEC-26  18400 C        0       0       0       0       0  |       0       0       0    5552     -672   30          0  |         0         0          0         0         0
DEC-26  18500 C        0       0       0       0       0  |       0       0       0    5453     -672   30          0  |         0         0          0         0         0
DEC-26  18600 C        0       0       0       0       0  |       0       0       0    5355     -671   29          0  |         0         0          0         0         0
DEC-26  18700 C        0       0       0       0       0  |       0       0       0    5257     -671   29          0  |         0         0          0         0         0
DEC-26  18800 C        0       0       0       0       0  |       0       0       0    5159     -670   29          0  |         0         0          0         0         0
DEC-26  18900 C        0       0       0       0       0  |       0       0       0    5062     -668   28          0  |         0         0          0         0         0
DEC-26  19000 C        0       0       0       0       0  |       0       0       0    4964     -668   28          0  |      6481      5780          0         4         0
DEC-26  19100 C        0       0       0       0       0  |       0       0       0    4867     -667   28          0  |         0         0          0         0         0
DEC-26  19200 C        0       0       0       0       0  |       0       0       0    4769     -666   27          0  |         0         0          0         0         0
DEC-26  19300 C        0       0       0       0       0  |       0       0       0    4672     -665   27          0  |         0         0          0         0         0
DEC-26  19400 C        0       0       0       0       0  |       0       0       0    4575     -664   27          0  |         0         0          0         0         0
DEC-26  19500 C        0       0       0       0       0  |       0       0       0    4479     -662   26          0  |         0         0          0         0         0
DEC-26  19600 C        0       0       0       0       0  |       0       0       0    4382     -661   26          0  |         0         0          0         0         0
DEC-26  19700 C        0       0       0       0       0  |       0       0       0    4286     -659   26          0  |         0         0          0         0         0
DEC-26  19800 C        0       0       0       0       0  |       0       0       0    4190     -657   26          0  |         0         0          0         0         0
DEC-26  19900 C        0       0       0       0       0  |       0       0       0    4094     -656   25          0  |         0         0          0         0         0
DEC-26  20000 C        0       0       0       0       0  |       0       0       0    3998     -655   25          0  |         0         0          0         0         0
DEC-26  20200 C        0       0       0       0       0  |       0       0       0    3808     -650   25          0  |      5919      4810          0         1         0
DEC-26  20400 C        0       0       0       0       0  |       0       0       0    3619     -646   24          0  |         0         0          0         0         0
DEC-26  20600 C        0       0       0       0       0  |       0       0       0    3431     -641   23          0  |         0         0          0         0         0
DEC-26  20800 C        0       0       0       0       0  |       0       0       0    3246     -635   23          0  |         0         0          0         0         0
DEC-26  21000 C        0       0       0       0       0  |       0       0       0    3062     -628   23          0  |         0         0          0         0         0
DEC-26  21200 C        0       0       0       0       0  |       0       0       0    2880     -621   22          0  |         0         0          0         0         0
DEC-26  21400 C        0       0       0       0       0  |       0       0       0    2701     -612   22          0  |         0         0          0         0         0
DEC-26  21600 C        0       0       0       0       0  |       0       0       0    2525     -602   21          0  |         0         0          0         0         0
DEC-26  21800 C        0       0       0       0       0  |       0       0       0    2352     -592   21          0  |         0         0          0         0         0
DEC-26  22000 C        0       0       0       0       0  |       0       0       0    2183     -579   20          0  |      5690      1700          0        17         0
DEC-26  22200 C        0       0       0       0       0  |    2044    2050    2003    2018     -565   20          4  |      2050      2003          4         4        +4
DEC-26  22400 C        0       0       0       0       0  |       0       0       0    1858     -550   20          0  |      1920      1920          0         1         0
DEC-26  22600 C        0       0       0       0       0  |       0       0       0    1704     -532   19          0  |      3315      1365          0         1         0
DEC-26  22800 C        0       0       0       0       0  |       0       0       0    1546     -522   19          0  |      3240      1350          0        23         0
DEC-26  23000 C        0       0       0       0       0  |       0       0       0    1405     -500   19          0  |      5666      1230          0       258         0
DEC-26  23200 C        0       0       0       0       0  |       0       0       0    1269     -478   18          0  |      2780      1078          0         7         0
DEC-26  23400 C        0       0       0       0       0  |       0       0       0    1148     -448   18          0  |      2140      1380          0         2         0
DEC-26  23600 C        0       0       0       0       0  |       0       0       0    1009     -441   18          0  |      2750      2750          0         1         0
DEC-26  23800 C        0       0       0       0       0  |     929     940     917     919     -393   18          4  |      2873       917          4       406        +4
DEC-26  24000 C        0       0       0       0       0  |     890     890     796     810     -371   18          4  |      3950       796          4        62        +2
DEC-26  24200 C        0       0       0       0       0  |     827     827     730     716     -343   18         10  |      1676       728         10        65       +10
DEC-26  24400 C        0       0       0       0       0  |     700     700     624     630     -314   18          2  |      1580       624          2         6        -1
DEC-26  24600 C        0       0       0       0       0  |     551     568     542     552     -286   17         14  |      2074       542         14        45        +6
DEC-26  24800 C        0       0       0       0       0  |     491     491     476     481     -260   17          2  |      2161       476          2       165        +1
DEC-26  25000 C        0       0       0       0       0  |     477     477     419     419     -234   17         57  |      2340       419         57       628       +45
DEC-26  25200 C        0       0       0       0       0  |     379     390     353     367     -206   17        122  |      1590       353        122       246       +24
DEC-26  25400 C        0       0       0       0       0  |     382     382     312     315     -186   17        116  |      2244       312        116       255      +105
DEC-26  25600 C        0       0       0       0       0  |     285     294     276     272     -164   17         17  |      2030       276         17       123        +7
DEC-26  25800 C        0       0       0       0       0  |     247     247     241     235     -144   17          8  |      2199       241          8       127        +1
DEC-26  26000 C        0       0       0       0       0  |     229     229     200     203     -126   17        173  |      2515       200        173      1291      +151
DEC-26  26200 C        0       0       0       0       0  |     185     185     185     175     -109   18          2  |      2200       185          2       130         0
DEC-26  26400 C        0       0       0       0       0  |     180     180     149     149      -97   18         53  |      2678       149         53       369       +53
DEC-26  26600 C        0       0       0       0       0  |     145     145     127     128      -84   18          4  |      1975       127          4       161        +2
DEC-26  26800 C        0       0       0       0       0  |     113     115     108     110      -73   18         25  |      2210       108         25        90       +20
DEC-26  27000 C        0       0       0       0       0  |     105     105      90      93      -64   18         15  |      2155        90         15      1948       -12
DEC-26  27200 C        0       0       0       0       0  |      83      83      83      81      -55   18          1  |      1300        83          1        58        -1
DEC-26  27400 C        0       0       0       0       0  |      71      78      67      69      -48   18          5  |      2294        67          5        64        -1
DEC-26  27600 C        0       0       0       0       0  |      65      69      58      60      -40   18         21  |      1944        58         21       152       -10
DEC-26  27800 C        0       0       0       0       0  |       0       0       0      52      -34   18          0  |      2422        87          0       146         0
DEC-26  28000 C        0       0       0       0       0  |      59      59      44      45      -29   18         24  |      2285        44         24       993       +19
DEC-26  28200 C        0       0       0       0       0  |      40      41      37      39      -25   19         26  |      1107        37         26        61       +26
DEC-26  28400 C        0       0       0       0       0  |      36      36      33      34      -21   19          3  |       968        33          3        61        +3
DEC-26  28600 C        0       0       0       0       0  |      32      35      31      29      -19   19         21  |       910        31         21        76       +17
DEC-26  28800 C        0       0       0       0       0  |       0       0       0      25      -16   19          0  |       913        40          0        70         0
DEC-26  29000 C        0       0       0       0       0  |      26      26      25      22      -14   19          2  |      1410        23          2      1924        +1
DEC-26  29200 C        0       0       0       0       0  |       0       0       0      19      -12   19          0  |      1167        31          0        61         0
DEC-26  29400 C        0       0       0       0       0  |      17      17      17      17      -10   19          1  |      1093        17          1       152        +1
DEC-26  29600 C        0       0       0       0       0  |       0       0       0      15       -8   20          0  |      1680        22          0        25         0
DEC-26  29800 C        0       0       0       0       0  |       0       0       0      13       -7   20          0  |       471        21          0        70         0
DEC-26  30000 C        0       0       0       0       0  |      12      12      11      11       -7   20         11  |      1333        11         11      1293         0
DEC-26  30200 C        0       0       0       0       0  |      11      11      11      10       -5   20          1  |       827        11          1       448         0
DEC-26  30400 C        0       0       0       0       0  |       8       8       8       9       -4   20          1  |       432         8          1        11        +1
DEC-26  30600 C        0       0       0       0       0  |       0       0       0       8       -4   20          0  |       312        11          0       217         0
DEC-26  30800 C        0       0       0       0       0  |       0       0       0       7       -3   21          0  |       119        10          0        81         0
DEC-26  31000 C        0       0       0       0       0  |       5       5       5       6       -3   21          2  |       912         5          2       545         0
DEC-26  31200 C        0       0       0       0       0  |       0       0       0       5       -3   21          0  |       719        11          0        55         0
DEC-26  31400 C        0       0       0       0       0  |       0       0       0       5       -2   21          0  |       312         8          0        24         0
DEC-26  31600 C        0       0       0       0       0  |       0       0       0       4       -2   21          0  |       318         9          0        17         0
DEC-26  31800 C        0       0       0       0       0  |       0       0       0       4       -1   22          0  |       431         6          0        24         0
DEC-26  32000 C        0       0       0       0       0  |       0       0       0       3       -2   21          0  |       756         8          0       252         0
DEC-26  32200 C        0       0       0       0       0  |       0       0       0       3       -1   22          0  |       186         7          0        35         0
DEC-26  32400 C        0       0       0       0       0  |       0       0       0       3       -1   22          0  |       223         4          0        46         0
DEC-26  32600 C        0       0       0       0       0  |       0       0       0       2       -1   22          0  |       149         6          0        11         0
DEC-26  32800 C        0       0       0       0       0  |       0       0       0       2       -1   22          0  |       239         5          0        11         0
DEC-26  33000 C        0       0       0       0       0  |       0       0       0       2       -1   22          0  |       269         5          0        30         0
DEC-26  33200 C        0       0       0       0       0  |       0       0       0       2        0   23          0  |       740         4          0        25         0
DEC-26  33400 C        0       0       0       0       0  |       0       0       0       1       -1   22          0  |       114         5          0        17         0
DEC-26  33600 C        0       0       0       0       0  |       0       0       0       1       -1   22          0  |       410         3          0        20         0
DEC-26  33800 C        0       0       0       0       0  |       0       0       0       1       -1   22          0  |       235         4          0        14         0
DEC-26  34000 C        0       0       0       0       0  |       0       0       0       1        0   23          0  |       498         3          0       113         0
DEC-26  34400 C        0       0       0       0       0  |       0       0       0       1        0   24          0  |       705         9          0        40         0
DEC-26  34800 C        0       0       0       0       0  |       0       0       0       1        0   24          0  |       310         6          0       222         0
DEC-26  35200 C        0       0       0       0       0  |       0       0       0       1        0   25          0  |       385         4          0        50         0
DEC-26  35600 C        0       0       0       0       0  |       0       0       0       1        0   26          0  |       450         5          0       117         0
DEC-26  36000 C        0       0       0       0       0  |       0       0       0       1        0   26          0  |       149         4          0        69         0
DEC-26  36400 C        0       0       0       0       0  |       0       0       0       1        0   27          0  |       239         3          0        33         0
DEC-26  36800 C        0       0       0       0       0  |       0       0       0       1        0   27          0  |        59         3          0        18         0
DEC-26  37200 C        0       0       0       0       0  |       0       0       0       1        0   28          0  |         9         9          0         3         0
DEC-26  37600 C        0       0       0       0       0  |       0       0       0       1        0   29          0  |        53        12          0         3         0
DEC-26  38000 C        0       0       0       0       0  |       0       0       0       1        0   29          0  |       108         2          0        33         0
DEC-26  38400 C        0       0       0       0       0  |       0       0       0       1        0   30          0  |        11         6          0        25         0
DEC-26  38800 C        0       0       0       0       0  |       0       0       0       1        0   31          0  |       151         7          0         3         0
DEC-26  39200 C        0       0       0       0       0  |       0       0       0       1        0   31          0  |        15         6          0         7         0
DEC-26  39600 C        0       0       0       0       0  |       0       0       0       1        0   32          0  |        65         5          0        15         0
DEC-26  40000 C        0       0       0       0       0  |       0       0       0       1        0   32          0  |       135         3          0       174         0

                              TOTAL CALL               0  |                               TOTAL CALL             751  | TOTAL CALL                 751     14454      +478

CONTRACT STRIKE *OPENING  *DAILY  *DAILY   CLOSE  VOLUME  |*OPENING  *DAILY  *DAILY  O.Q.P.   O.Q.P.  IV%     VOLUME  | *Contract *Contract     Volume      Open Change in
MONTH     PRICE    PRICE    HIGH     LOW   PRICE          |   PRICE    HIGH     LOW   CLOSE   CHANGE                  |      High       Low             Interest        OI
DEC-26  10000 P        0       0       0       0       0  |       0       0       0       1        0   56          0  |        33         3          0        68         0
DEC-26  10100 P        0       0       0       0       0  |       0       0       0       1        0   55          0  |         5         5          0         2         0
DEC-26  10200 P        0       0       0       0       0  |       0       0       0       1        0   55          0  |         0         0          0         0         0
DEC-26  10300 P        0       0       0       0       0  |       0       0       0       1        0   54          0  |         8         7          0         5         0
DEC-26  10400 P        0       0       0       0       0  |       0       0       0       1        0   53          0  |         9         7          0        13         0
DEC-26  10500 P        0       0       0       0       0  |       0       0       0       1        0   53          0  |         9         5          0         9         0
DEC-26  10600 P        0       0       0       0       0  |       0       0       0       1        0   52          0  |        10         8          0         3         0
DEC-26  10700 P        0       0       0       0       0  |       0       0       0       1        0   52          0  |         9         8          0         6         0
DEC-26  10800 P        0       0       0       0       0  |       0       0       0       1        0   51          0  |        12         8          0        11         0
DEC-26  10900 P        0       0       0       0       0  |       0       0       0       1        0   50          0  |        10         9          0         3         0
DEC-26  11000 P        0       0       0       0       0  |       0       0       0       1        0   50          0  |        49         8          0        17         0
DEC-26  11100 P        0       0       0       0       0  |       0       0       0       1        0   49          0  |         0         0          0         0         0
DEC-26  11200 P        0       0       0       0       0  |       0       0       0       1        0   49          0  |         0         0          0         0         0
DEC-26  11300 P        0       0       0       0       0  |       0       0       0       1        0   48          0  |        11        11          0         2         0
DEC-26  11400 P        0       0       0       0       0  |       0       0       0       1        0   48          0  |         0         0          0         0         0
DEC-26  11500 P        0       0       0       0       0  |       0       0       0       1        0   47          0  |         0         0          0         0         0
DEC-26  11600 P        0       0       0       0       0  |       0       0       0       1        0   47          0  |       100        12          0        24         0
DEC-26  11800 P        0       0       0       0       0  |       0       0       0       1        0   46          0  |         0         0          0         0         0
DEC-26  12000 P        0       0       0       0       0  |       0       0       0       1        0   45          0  |        49        17          0         2         0
DEC-26  12200 P        0       0       0       0       0  |       0       0       0       1        0   43          0  |         0         0          0         0         0
DEC-26  12400 P        0       0       0       0       0  |       0       0       0       1        0   42          0  |         0         0          0         0         0
DEC-26  12600 P        0       0       0       0       0  |       0       0       0       1        0   41          0  |         4         4          0         3         0
DEC-26  12800 P        0       0       0       0       0  |       0       0       0       1        0   41          0  |        55         4          0        17         0
DEC-26  13000 P        0       0       0       0       0  |       5       5       5       1        0   40          5  |        84         4          5        13         0
DEC-26  13200 P        0       0       0       0       0  |       0       0       0       1        0   39          0  |        55        39          0         2         0
DEC-26  13400 P        0       0       0       0       0  |       0       0       0       1        0   38          0  |       101        50          0         1         0
DEC-26  13600 P        0       0       0       0       0  |       0       0       0       2       +1   39          0  |       109         5          0         9         0
DEC-26  13800 P        0       0       0       0       0  |       0       0       0       2        0   38          0  |        78        24          0        28         0
DEC-26  14000 P        0       0       0       0       0  |       0       0       0       2        0   37          0  |       780         7          0        53         0
DEC-26  14200 P        0       0       0       0       0  |       0       0       0       2        0   36          0  |       820         7          0         8         0
DEC-26  14400 P        0       0       0       0       0  |       0       0       0       3       +1   37          0  |        53         6          0        11         0
DEC-26  14600 P        0       0       0       0       0  |       0       0       0       3        0   36          0  |       900        27          0        24         0
DEC-26  14800 P        0       0       0       0       0  |       7       7       7       3        0   35          2  |        97         7          2         9        +2
DEC-26  15000 P        0       0       0       0       0  |       7       7       7       4       +1   35         49  |      1000         7         49       133       +49
DEC-26  15200 P        0       0       0       0       0  |       0       0       0       4        0   34          0  |       103         9          0        10         0
DEC-26  15400 P        0       0       0       0       0  |      10      10      10       5       +1   34          1  |       102         9          1        12        +1
DEC-26  15600 P        0       0       0       0       0  |       0       0       0       6       +2   34          0  |       115        10          0        23         0
DEC-26  15800 P        0       0       0       0       0  |       0       0       0       6       +1   33          0  |       129        10          0        12         0
DEC-26  16000 P        0       0       0       0       0  |      13      13      13       7       +1   32          1  |       127         8          1       593        +1
DEC-26  16200 P        0       0       0       0       0  |      13      14      13       8       +2   32          6  |       137         9          6        20        +6
DEC-26  16400 P        0       0       0       0       0  |       0       0       0       9       +2   32          0  |       210        18          0       474         0
DEC-26  16600 P        0       0       0       0       0  |       0       0       0      10       +2   31          0  |       148        15          0        11         0
DEC-26  16800 P        0       0       0       0       0  |       0       0       0      12       +3   31          0  |       163        22          0        89         0
DEC-26  17000 P        0       0       0       0       0  |       0       0       0      13       +3   30          0  |       192        13          0      2081         0
DEC-26  17200 P        0       0       0       0       0  |       0       0       0      15       +4   30          0  |       164        14          0        30         0
DEC-26  17400 P        0       0       0       0       0  |       0       0       0      17       +5   29          0  |       184        15          0        22         0
DEC-26  17600 P        0       0       0       0       0  |       0       0       0      19       +5   29          0  |       306        19          0       179         0
DEC-26  17800 P        0       0       0       0       0  |       0       0       0      21       +6   28          0  |       260        27          0        21         0
DEC-26  18000 P        0       0       0       0       0  |       0       0       0      24       +7   28          0  |       383        24          0       751         0
DEC-26  18100 P        0       0       0       0       0  |       0       0       0      25       +7   28          0  |       103        30          0         4         0
DEC-26  18200 P        0       0       0       0       0  |      32      32      32      27       +8   28          4  |       135        32          4        21        +4
DEC-26  18300 P        0       0       0       0       0  |       0       0       0      28       +8   27          0  |       130        25          0         2         0
DEC-26  18400 P        0       0       0       0       0  |       0       0       0      30       +9   27          0  |       233        48          0         3         0
DEC-26  18500 P        0       0       0       0       0  |       0       0       0      32      +10   27          0  |       183        27          0         9         0
DEC-26  18600 P        0       0       0       0       0  |      38      38      38      34      +11   27          4  |       400        26          4        24        +4
DEC-26  18700 P        0       0       0       0       0  |       0       0       0      36      +12   26          0  |        68        39          0         6         0
DEC-26  18800 P        0       0       0       0       0  |       0       0       0      38      +12   26          0  |       333        34          0        15         0
DEC-26  18900 P        0       0       0       0       0  |       0       0       0      40      +13   26          0  |        63        30          0         6         0
DEC-26  19000 P        0       0       0       0       0  |      42      47      42      43      +14   26         27  |       460        31         27        66       +24
DEC-26  19100 P        0       0       0       0       0  |      47      47      46      45      +15   26          2  |        70        46          2        14        +2
DEC-26  19200 P        0       0       0       0       0  |       0       0       0      48      +16   25          0  |       366        36          0        53         0
DEC-26  19300 P        0       0       0       0       0  |       0       0       0      51      +17   25          0  |       318        69          0         5         0
DEC-26  19400 P        0       0       0       0       0  |       0       0       0      54      +18   25          0  |       430        46          0         2         0
DEC-26  19500 P        0       0       0       0       0  |       0       0       0      57      +19   25          0  |       360        53          0         8         0
DEC-26  19600 P        0       0       0       0       0  |      63      63      63      62      +22   25          1  |       378        44          1         6        +1
DEC-26  19700 P        0       0       0       0       0  |       0       0       0      65      +23   24          0  |       370       210          0         2         0
DEC-26  19800 P        0       0       0       0       0  |      63      68      61      68      +24   24          5  |      2389        46          5        38        +5
DEC-26  19900 P        0       0       0       0       0  |       0       0       0      71      +24   24          0  |       316        50          0         6         0
DEC-26  20000 P        0       0       0       0       0  |      71      78      66      76      +27   24         24  |      2232        50         24      2598       +19
DEC-26  20200 P        0       0       0       0       0  |      88      88      88      84      +29   23          1  |       575        65          1       129        +1
DEC-26  20400 P        0       0       0       0       0  |      95      95      95      96      +34   23          4  |       593        68          4       199        +3
DEC-26  20600 P        0       0       0       0       0  |       0       0       0     110      +41   22          3  |       607        68          3       138        +3
DEC-26  20800 P        0       0       0       0       0  |     115     120     115     121      +44   22          5  |      2969        79          5        74        +1
DEC-26  21000 P        0       0       0       0       0  |     115     136     115     139      +52   21         17  |       782        84         17       121        +1
DEC-26  21200 P        0       0       0       0       0  |     147     149     143     155      +57   21          7  |       833        94          7        74        +3
DEC-26  21400 P        0       0       0       0       0  |     165     182     165     179      +69   21          6  |       818       108          6       158        -3
DEC-26  21600 P        0       0       0       0       0  |     189     203     188     203      +79   20         17  |      1032       115         17       680       +10
DEC-26  21800 P        0       0       0       0       0  |     209     233     209     230      +90   20         23  |      1090       139         23       262        -2
DEC-26  22000 P        0       0       0       0       0  |     254     256     242     262     +103   20         12  |      1031       143         12       353        +5
DEC-26  22200 P        0       0       0       0       0  |     274     297     274     297     +117   19          7  |      1051       166          7       258         0
DEC-26  22400 P        0       0       0       0       0  |     286     337     286     337     +132   19         10  |      1020       170         10        41        +3
DEC-26  22600 P        0       0       0       0       0  |     360     386     353     382     +149   19         10  |      1413       200         10       513        +5
DEC-26  22800 P        0       0       0       0       0  |     415     430     410     433     +168   19        116  |      1433       229        116       164      +107
DEC-26  23000 P        0       0       0       0       0  |     460     505     460     505     +203   19         56  |      1502       229         56      1532        +1
DEC-26  23200 P        0       0       0       0       0  |     557     557     557     555     +211   18          5  |      1440       256          5        73         0
DEC-26  23400 P        0       0       0       0       0  |     555     637     555     627     +235   18         14  |      1830       291         14        93        -4
DEC-26  23600 P        0       0       0       0       0  |     685     701     673     709     +262   18         32  |      1570       310         32       115       +17
DEC-26  23800 P        0       0       0       0       0  |     770     770     760     798     +289   18         13  |      1465       356         13        75        +6
DEC-26  24000 P        0       0       0       0       0  |     745     882     745     893     +315   17        147  |      1660       395        147       761        +4
DEC-26  24200 P        0       0       0       0       0  |     838     988     838     997     +342   17          7  |      1827       459          7        70        +5
DEC-26  24400 P        0       0       0       0       0  |    1080    1080    1080    1118     +377   17          5  |      1738       539          5       104         0
DEC-26  24600 P        0       0       0       0       0  |    1194    1194    1194    1209     +374   16          1  |      2250       575          1       263         0
DEC-26  24800 P        0       0       0       0       0  |    1370    1370    1370    1368     +430   17          1  |      2689       670          1       171        -1
DEC-26  25000 P        0       0       0       0       0  |    1495    1495    1495    1498     +448   17          1  |      2860       675          1       398        +1
DEC-26  25200 P        0       0       0       0       0  |       0       0       0    1643     +474   17          0  |      2788       764          0        18         0
DEC-26  25400 P        0       0       0       0       0  |       0       0       0    1793     +496   17          0  |      2900       960          0       780         0
DEC-26  25600 P        0       0       0       0       0  |       0       0       0    1950     +517   17          0  |      3439      1155          0        89         0
DEC-26  25800 P        0       0       0       0       0  |       0       0       0    2113     +537   17          0  |      3335      1152          0        61         0
DEC-26  26000 P        0       0       0       0       0  |       0       0       0    2280     +554   17          0  |      3800      1120          0       564         0
DEC-26  26200 P        0       0       0       0       0  |       0       0       0    2452     +571   17          0  |      2264      1780          0        42         0
DEC-26  26400 P        0       0       0       0       0  |       0       0       0    2637     +594   17          0  |      3778      1711          0        12         0
DEC-26  26600 P        0       0       0       0       0  |       0       0       0    2818     +609   17          0  |      2222      2038          0         5         0
DEC-26  26800 P        0       0       0       0       0  |       0       0       0    2989     +609   17          0  |      4110      1805          0         4         0
DEC-26  27000 P        0       0       0       0       0  |       0       0       0    3173     +619   17          0  |      2920      1705          0       137         0
DEC-26  27200 P        0       0       0       0       0  |       0       0       0    3360     +628   17          0  |         0         0          0         0         0
DEC-26  27400 P        0       0       0       0       0  |       0       0       0    3548     +635   17          0  |      2369      2369          0         7         0
DEC-26  27600 P        0       0       0       0       0  |       0       0       0    3739     +642   17          0  |      3160      2650          0         3         0
DEC-26  27800 P        0       0       0       0       0  |       0       0       0    3930     +647   16          0  |      5435      3095          0         0         0
DEC-26  28000 P        0       0       0       0       0  |       0       0       0    4123     +652   16          0  |      5600      2468          0       114         0
DEC-26  28200 P        0       0       0       0       0  |       0       0       0    4317     +656   16          0  |         0         0          0         0         0
DEC-26  28400 P        0       0       0       0       0  |       0       0       0    4512     +660   16          0  |         0         0          0         0         0
DEC-26  28600 P        0       0       0       0       0  |       0       0       0    4708     +663   15          0  |      3350      3230          0         2         0
DEC-26  28800 P        0       0       0       0       0  |       0       0       0    4904     +666   15          0  |         0         0          0         0         0
DEC-26  29000 P        0       0       0       0       0  |       0       0       0    5100     +667    0          0  |      3675      3675          0         1         0
DEC-26  29200 P        0       0       0       0       0  |       0       0       0    5298     +670    0          0  |         0         0          0         0         0
DEC-26  29400 P        0       0       0       0       0  |       0       0       0    5495     +671    0          0  |         0         0          0         0         0
DEC-26  29600 P        0       0       0       0       0  |       0       0       0    5693     +673    0          0  |      6967      6367          0         5         0
DEC-26  29800 P        0       0       0       0       0  |       0       0       0    5891     +674    0          0  |         0         0          0         0         0
DEC-26  30000 P        0       0       0       0       0  |       0       0       0    6090     +676    0          0  |      7400      3573          0         7         0
DEC-26  30200 P        0       0       0       0       0  |       0       0       0    6288     +676    0          0  |         0         0          0         0         0
DEC-26  30400 P        0       0       0       0       0  |       0       0       0    6487     +677    0          0  |         0         0          0         0         0
DEC-26  30600 P        0       0       0       0       0  |       0       0       0    6686     +678    0          0  |         0         0          0         0         0
DEC-26  30800 P        0       0       0       0       0  |       0       0       0    6885     +678    0          0  |         0         0          0         0         0
DEC-26  31000 P        0       0       0       0       0  |       0       0       0    7084     +678    0          0  |      6700      6255          0         0         0
DEC-26  31200 P        0       0       0       0       0  |       0       0       0    7284     +679    0          0  |         0         0          0         0         0
DEC-26  31400 P        0       0       0       0       0  |       0       0       0    7483     +679    0          0  |      7875      5631          0         0         0
DEC-26  31600 P        0       0       0       0       0  |       0       0       0    7682     +679    0          0  |         0         0          0         0         0
DEC-26  31800 P        0       0       0       0       0  |       0       0       0    7882     +680    0          0  |      7371      6000          0         1         0
DEC-26  32000 P        0       0       0       0       0  |       0       0       0    8082     +681    0          0  |      7450      5522          0         3         0
DEC-26  32200 P        0       0       0       0       0  |       0       0       0    8281     +680    0          0  |         0         0          0         0         0
DEC-26  32400 P        0       0       0       0       0  |       0       0       0    8481     +681    0          0  |         0         0          0         0         0
DEC-26  32600 P        0       0       0       0       0  |       0       0       0    8681     +681    0          0  |         0         0          0         0         0
DEC-26  32800 P        0       0       0       0       0  |       0       0       0    8880     +680    0          0  |         0         0          0         0         0
DEC-26  33000 P        0       0       0       0       0  |       0       0       0    9080     +681    0          0  |         0         0          0         0         0
DEC-26  33200 P        0       0       0       0       0  |       0       0       0    9280     +681    0          0  |         0         0          0         0         0
DEC-26  33400 P        0       0       0       0       0  |       0       0       0    9480     +681    0          0  |         0         0          0         0         0
DEC-26  33600 P        0       0       0       0       0  |       0       0       0    9680     +681    0          0  |         0         0          0         0         0
DEC-26  33800 P        0       0       0       0       0  |       0       0       0    9880     +682    0          0  |         0         0          0         0         0
DEC-26  34000 P        0       0       0       0       0  |       0       0       0   10079     +681    0          0  |         0         0          0         0         0
DEC-26  34400 P        0       0       0       0       0  |       0       0       0   10479     +681    0          0  |         0         0          0         0         0
DEC-26  34800 P        0       0       0       0       0  |       0       0       0   10879     +681    0          0  |         0         0          0         0         0
DEC-26  35200 P        0       0       0       0       0  |       0       0       0   11279     +681    0          0  |         0         0          0         0         0
DEC-26  35600 P        0       0       0       0       0  |       0       0       0   11679     +682    0          0  |     15800      9117          0         3         0
DEC-26  36000 P        0       0       0       0       0  |       0       0       0   12079     +682    0          0  |         0         0          0         0         0
DEC-26  36400 P        0       0       0       0       0  |       0       0       0   12479     +682    0          0  |         0         0          0         0         0
DEC-26  36800 P        0       0       0       0       0  |       0       0       0   12879     +682    0          0  |         0         0          0         0         0
DEC-26  37200 P        0       0       0       0       0  |       0       0       0   13279     +682    0          0  |         0         0          0         0         0
DEC-26  37600 P        0       0       0       0       0  |       0       0       0   13679     +682    0          0  |         0         0          0         0         0
DEC-26  38000 P        0       0       0       0       0  |       0       0       0   14079     +682    0          0  |         0         0          0         0         0
DEC-26  38400 P        0       0       0       0       0  |       0       0       0   14479     +682    0          0  |         0         0          0         0         0
DEC-26  38800 P        0       0       0       0       0  |       0       0       0   14878     +681    0          0  |         0         0          0         0         0
DEC-26  39200 P        0       0       0       0       0  |       0       0       0   15278     +681    0          0  |         0         0          0         0         0
DEC-26  39600 P        0       0       0       0       0  |       0       0       0   15678     +681    0          0  |         0         0          0         0         0
DEC-26  40000 P        0       0       0       0       0  |       0       0       0   16078     +681    0          0  |         0         0          0         0         0

                              TOTAL PUT                0  |                               TOTAL PUT              651  | TOTAL PUT                  651     16369      +284

                                                                                                                      | MONTH PUT/CALL RATIO      0.86
                                                                                                                      | MONTH TOTAL               1402     30823      +762

 
CONTRACT STRIKE *OPENING  *DAILY  *DAILY   CLOSE  VOLUME  |*OPENING  *DAILY  *DAILY  O.Q.P.   O.Q.P.  IV%     VOLUME  | *Contract *Contract     Volume      Open Change in
MONTH     PRICE    PRICE    HIGH     LOW   PRICE          |   PRICE    HIGH     LOW   CLOSE   CHANGE                  |      High       Low             Interest        OI
JAN-27  19500 C        0       0       0       0       0  |       0       0       0    4569     -655   24          0  |         0         0          0         0         0
JAN-27  19600 C        0       0       0       0       0  |       0       0       0    4473     -654   24          0  |         0         0          0         0         0
JAN-27  19700 C        0       0       0       0       0  |       0       0       0    4378     -652   23          0  |         0         0          0         0         0
JAN-27  19800 C        0       0       0       0       0  |       0       0       0    4284     -650   23          0  |         0         0          0         0         0
JAN-27  19900 C        0       0       0       0       0  |       0       0       0    4189     -649   23          0  |         0         0          0         0         0
JAN-27  20000 C        0       0       0       0       0  |       0       0       0    4095     -647   23          0  |         0         0          0         0         0
JAN-27  20200 C        0       0       0       0       0  |       0       0       0    3909     -641   23          0  |         0         0          0         0         0
JAN-27  20400 C        0       0       0       0       0  |       0       0       0    3723     -637   22          0  |         0         0          0         0         0
JAN-27  20600 C        0       0       0       0       0  |       0       0       0    3539     -632   22          0  |         0         0          0         0         0
JAN-27  20800 C        0       0       0       0       0  |       0       0       0    3358     -625   22          0  |         0         0          0         0         0
JAN-27  21000 C        0       0       0       0       0  |       0       0       0    3178     -619   21          0  |         0         0          0         0         0
JAN-27  21200 C        0       0       0       0       0  |       0       0       0    3001     -611   21          0  |         0         0          0         0         0
JAN-27  21400 C        0       0       0       0       0  |       0       0       0    2827     -602   21          0  |         0         0          0         0         0
JAN-27  21600 C        0       0       0       0       0  |       0       0       0    2656     -592   20          0  |         0         0          0         0         0
JAN-27  21800 C        0       0       0       0       0  |       0       0       0    2489     -581   20          0  |         0         0          0         0         0
JAN-27  22000 C        0       0       0       0       0  |    2420    2420    2420    2325     -569   20          1  |      2420      2420          1         1        +1
JAN-27  22200 C        0       0       0       0       0  |       0       0       0    2166     -556   19          0  |         0         0          0         0         0
JAN-27  22400 C        0       0       0       0       0  |       0       0       0    2011     -541   19          0  |         0         0          0         0         0
JAN-27  22600 C        0       0       0       0       0  |       0       0       0    1861     -526   19          0  |         0         0          0         0         0
JAN-27  22800 C        0       0       0       0       0  |       0       0       0    1710     -515   19          0  |         0         0          0         0         0
JAN-27  23000 C        0       0       0       0       0  |       0       0       0    1572     -497   18          0  |         0         0          0         0         0
JAN-27  23200 C        0       0       0       0       0  |       0       0       0    1440     -477   18          0  |         0         0          0         0         0
JAN-27  23400 C        0       0       0       0       0  |       0       0       0    1316     -454   18          0  |         0         0          0         0         0
JAN-27  23600 C        0       0       0       0       0  |       0       0       0    1210     -419   18          0  |         0         0          0         0         0
JAN-27  23800 C        0       0       0       0       0  |       0       0       0    1095     -400   18          0  |         0         0          0         0         0
JAN-27  24000 C        0       0       0       0       0  |       0       0       0     986     -381   18          0  |         0         0          0         0         0
JAN-27  24200 C        0       0       0       0       0  |       0       0       0     889     -356   18          0  |         0         0          0         0         0
JAN-27  24400 C        0       0       0       0       0  |       0       0       0     800     -331   18          0  |      1121      1121          0         7         0
JAN-27  24600 C        0       0       0       0       0  |       0       0       0     717     -307   18          0  |      1019      1019          0         7         0
JAN-27  24800 C        0       0       0       0       0  |       0       0       0     640     -284   18          0  |         0         0          0         0         0
JAN-27  25000 C        0       0       0       0       0  |     560     560     560     570     -262   17          1  |       560       560          1         1        +1
JAN-27  25200 C        0       0       0       0       0  |       0       0       0     507     -239   17          0  |       744       744          0         7         0
JAN-27  25400 C        0       0       0       0       0  |       0       0       0     450     -218   17          0  |       642       624          0        12         0
JAN-27  25600 C        0       0       0       0       0  |       0       0       0     399     -197   17          0  |         0         0          0         0         0
JAN-27  25800 C        0       0       0       0       0  |       0       0       0     353     -178   17          0  |       508       494          0         6         0
JAN-27  26000 C        0       0       0       0       0  |     316     318     314     313     -159   18         56  |       318       314         56        56       +56
JAN-27  26200 C        0       0       0       0       0  |     278     280     277     276     -143   18         45  |       280       277         45        45       +45
JAN-27  26400 C        0       0       0       0       0  |     274     274     242     243     -128   18         49  |       363       242         49        67       +41
JAN-27  26600 C        0       0       0       0       0  |     244     244     232     214     -115   18         20  |       342       232         20        26       +13
JAN-27  26800 C        0       0       0       0       0  |     190     205     188     190     -100   18         34  |       284       188         34        28       +14
JAN-27  27000 C        0       0       0       0       0  |     180     184     171     166      -91   18         21  |       267       171         21        54       +20
JAN-27  27200 C        0       0       0       0       0  |       0       0       0     146      -80   18          0  |         0         0          0         0         0
JAN-27  27400 C        0       0       0       0       0  |     129     129     129     128      -72   18          1  |       202       129          1        40         0
JAN-27  27600 C        0       0       0       0       0  |     110     110     110     112      -64   18          1  |       176       110          1        26        +1
JAN-27  27800 C        0       0       0       0       0  |     103     103      97      99      -56   18         16  |       103        97         16        16       +16
JAN-27  28000 C        0       0       0       0       0  |      92      92      87      87      -50   18          5  |       133        87          5         2        +1
JAN-27  28200 C        0       0       0       0       0  |       0       0       0      77      -43   18          0  |       115       114          0         2         0
JAN-27  28400 C        0       0       0       0       0  |      66      66      66      68      -38   18          1  |       104        66          1         3        +1
JAN-27  28600 C        0       0       0       0       0  |      62      62      62      60      -33   18          1  |        96        62          1         2        +1
JAN-27  28800 C        0       0       0       0       0  |       0       0       0      53      -29   19          0  |         0         0          0         0         0
JAN-27  29000 C        0       0       0       0       0  |       0       0       0      47      -26   19          0  |        73        68          0         8         0
JAN-27  29200 C        0       0       0       0       0  |       0       0       0      43      -21   19          0  |         0         0          0         0         0
JAN-27  29400 C        0       0       0       0       0  |       0       0       0      38      -19   19          0  |        56        53          0        14         0
JAN-27  29600 C        -       -       -       -       -  |       0       0       0      34        -   19          0  |         0         0          0         0         -

                              TOTAL CALL               0  |                               TOTAL CALL             252  | TOTAL CALL                 252       430      +211

CONTRACT STRIKE *OPENING  *DAILY  *DAILY   CLOSE  VOLUME  |*OPENING  *DAILY  *DAILY  O.Q.P.   O.Q.P.  IV%     VOLUME  | *Contract *Contract     Volume      Open Change in
MONTH     PRICE    PRICE    HIGH     LOW   PRICE          |   PRICE    HIGH     LOW   CLOSE   CHANGE                  |      High       Low             Interest        OI
JAN-27  19500 P        0       0       0       0       0  |      82      90      82      89      +32   24          4  |        90        62          4        19        +4
JAN-27  19600 P        0       0       0       0       0  |       0       0       0      92      +32   24          0  |         0         0          0         0         0
JAN-27  19700 P        0       0       0       0       0  |       0       0       0     100      +37   24          0  |         0         0          0         0         0
JAN-27  19800 P        0       0       0       0       0  |       0       0       0     104      +37   23          0  |         0         0          0         0         0
JAN-27  19900 P        0       0       0       0       0  |     112     112     112     111      +40   23          1  |       112       112          1         1        +1
JAN-27  20000 P        0       0       0       0       0  |       0       0       0     117      +42   23          0  |        79        79          0         4         0
JAN-27  20200 P        0       0       0       0       0  |       0       0       0     129      +46   23          0  |         0         0          0         0         0
JAN-27  20400 P        0       0       0       0       0  |       0       0       0     144      +51   22          0  |         0         0          0         0         0
JAN-27  20600 P        0       0       0       0       0  |       0       0       0     159      +55   22          0  |         0         0          0         0         0
JAN-27  20800 P        0       0       0       0       0  |       0       0       0     178      +62   22          0  |         0         0          0         0         0
JAN-27  21000 P        0       0       0       0       0  |     190     198     190     199      +69   21          2  |       198       190          2         2        +2
JAN-27  21200 P        0       0       0       0       0  |       0       0       0     222      +77   21          0  |       153       153          0         2         0
JAN-27  21400 P        0       0       0       0       0  |       0       0       0     248      +86   21          0  |         0         0          0         0         0
JAN-27  21600 P        0       0       0       0       0  |     270     278     267     276      +95   20         19  |       278       181         19        16        -7
JAN-27  21800 P        0       0       0       0       0  |       0       0       0     308     +105   20          0  |       207       206          0         5         0
JAN-27  22000 P        0       0       0       0       0  |     241     348     241     347     +120   20         20  |       348       239         20        15        -5
JAN-27  22200 P        0       0       0       0       0  |     361     379     361     387     +132   19          8  |       379       253          8        16        +8
JAN-27  22400 P        0       0       0       0       0  |     401     401     401     431     +146   19          4  |       401       292          4        16        +4
JAN-27  22600 P        0       0       0       0       0  |     452     470     452     482     +162   19          8  |       470       317          8        19        -4
JAN-27  22800 P        0       0       0       0       0  |       0       0       0     538     +180   19          0  |       375       367          0         2         0
JAN-27  23000 P        0       0       0       0       0  |     544     600     544     599     +197   19         28  |       600       418         28        26        +6
JAN-27  23200 P        0       0       0       0       0  |     636     668     636     666     +216   18          4  |       668       476          4         1        -4
JAN-27  23400 P        0       0       0       0       0  |       0       0       0     741     +238   18          0  |         0         0          0         0         0
JAN-27  23600 P        0       0       0       0       0  |     766     816     766     824     +262   18          4  |       816       604          4         7        -3
JAN-27  23800 P        0       0       0       0       0  |     890     890     890     911     +283   18          6  |       890       890          6         6        +6
JAN-27  24000 P        0       0       0       0       0  |       0       0       0    1006     +306   18          0  |         0         0          0         0         0
JAN-27  24200 P        0       0       0       0       0  |       0       0       0    1117     +339   18          0  |         0         0          0         0         0
JAN-27  24400 P        0       0       0       0       0  |       0       0       0    1219     +355   18          0  |       945       945          0         3         0
JAN-27  24600 P        0       0       0       0       0  |    1330    1330    1330    1367     +410   18          5  |      1330      1000          5         3        -5
JAN-27  24800 P        0       0       0       0       0  |       0       0       0    1459     +402   18          0  |      1149      1149          0         3         0
JAN-27  25000 P        0       0       0       0       0  |       0       0       0    1591     +426   17          0  |      1261      1261          0         3         0
JAN-27  25200 P        0       0       0       0       0  |       0       0       0    1728     +449   17          0  |         0         0          0         0         0
JAN-27  25400 P        0       0       0       0       0  |       0       0       0    1871     +470   17          0  |         0         0          0         0         0
JAN-27  25600 P        0       0       0       0       0  |       0       0       0    2020     +491   17          0  |         0         0          0         0         0
JAN-27  25800 P        0       0       0       0       0  |       0       0       0    2174     +510   17          0  |         0         0          0         0         0
JAN-27  26000 P        0       0       0       0       0  |       0       0       0    2332     +527   17          0  |         0         0          0         0         0
JAN-27  26200 P        0       0       0       0       0  |       0       0       0    2496     +544   18          0  |         0         0          0         0         0
JAN-27  26400 P        0       0       0       0       0  |       0       0       0    2663     +559   18          0  |         0         0          0         0         0
JAN-27  26600 P        0       0       0       0       0  |       0       0       0    2834     +572   18          0  |         0         0          0         0         0
JAN-27  26800 P        0       0       0       0       0  |       0       0       0    3009     +586   18          0  |         0         0          0         0         0
JAN-27  27000 P        0       0       0       0       0  |       0       0       0    3186     +597   18          0  |         0         0          0         0         0
JAN-27  27200 P        0       0       0       0       0  |       0       0       0    3367     +608   18          0  |         0         0          0         0         0
JAN-27  27400 P        0       0       0       0       0  |       0       0       0    3549     +617   18          0  |         0         0          0         0         0
JAN-27  27600 P        0       0       0       0       0  |       0       0       0    3734     +625   18          0  |         0         0          0         0         0
JAN-27  27800 P        0       0       0       0       0  |       0       0       0    3920     +632   18          0  |         0         0          0         0         0
JAN-27  28000 P        0       0       0       0       0  |       0       0       0    4108     +639   18          0  |         0         0          0         0         0
JAN-27  28200 P        0       0       0       0       0  |       0       0       0    4298     +645   18          0  |         0         0          0         0         0
JAN-27  28400 P        0       0       0       0       0  |       0       0       0    4489     +650   18          0  |         0         0          0         0         0
JAN-27  28600 P        0       0       0       0       0  |       0       0       0    4681     +655   18          0  |         0         0          0         0         0
JAN-27  28800 P        0       0       0       0       0  |       0       0       0    4874     +659   19          0  |         0         0          0         0         0
JAN-27  29000 P        0       0       0       0       0  |       0       0       0    5068     +662   19          0  |         0         0          0         0         0
JAN-27  29200 P        0       0       0       0       0  |       0       0       0    5262     +665   19          0  |         0         0          0         0         0
JAN-27  29400 P        0       0       0       0       0  |       0       0       0    5457     +668   19          0  |         0         0          0         0         0
JAN-27  29600 P        -       -       -       -       -  |       0       0       0    5653        -   19          0  |         0         0          0         0         -

                              TOTAL PUT                0  |                               TOTAL PUT              113  | TOTAL PUT                  113       169        +3

                                                                                                                      | MONTH PUT/CALL RATIO      0.44
                                                                                                                      | MONTH TOTAL                365       599      +214

 
CONTRACT STRIKE *OPENING  *DAILY  *DAILY   CLOSE  VOLUME  |*OPENING  *DAILY  *DAILY  O.Q.P.   O.Q.P.  IV%     VOLUME  | *Contract *Contract     Volume      Open Change in
MONTH     PRICE    PRICE    HIGH     LOW   PRICE          |   PRICE    HIGH     LOW   CLOSE   CHANGE                  |      High       Low             Interest        OI
MAR-27  15200 C        0       0       0       0       0  |       0       0       0    8884     -671   34          0  |         0         0          0         0         0
MAR-27  17800 C        0       0       0       0       0  |       0       0       0    6339     -656   27          0  |         0         0          0         0         0
MAR-27  18000 C        0       0       0       0       0  |       0       0       0    6146     -655   27          0  |         0         0          0         0         0
MAR-27  18100 C        0       0       0       0       0  |       0       0       0    6050     -654   26          0  |         0         0          0         0         0
MAR-27  18200 C        0       0       0       0       0  |       0       0       0    5955     -652   26          0  |         0         0          0         0         0
MAR-27  18300 C        0       0       0       0       0  |       0       0       0    5859     -651   26          0  |         0         0          0         0         0
MAR-27  18400 C        0       0       0       0       0  |       0       0       0    5764     -649   26          0  |         0         0          0         0         0
MAR-27  18500 C        0       0       0       0       0  |       0       0       0    5668     -649   26          0  |         0         0          0         0         0
MAR-27  18600 C        0       0       0       0       0  |       0       0       0    5573     -648   25          0  |         0         0          0         0         0
MAR-27  18700 C        0       0       0       0       0  |       0       0       0    5479     -645   25          0  |         0         0          0         0         0
MAR-27  18800 C        0       0       0       0       0  |       0       0       0    5384     -644   25          0  |         0         0          0         0         0
MAR-27  18900 C        0       0       0       0       0  |       0       0       0    5290     -643   25          0  |         0         0          0         0         0
MAR-27  19000 C        0       0       0       0       0  |       0       0       0    5196     -641   25          0  |      7250      4620          0         1         0
MAR-27  19100 C        0       0       0       0       0  |       0       0       0    5102     -639   25          0  |         0         0          0         0         0
MAR-27  19200 C        0       0       0       0       0  |       0       0       0    5009     -637   24          0  |         0         0          0         0         0
MAR-27  19300 C        0       0       0       0       0  |       0       0       0    4916     -635   24          0  |         0         0          0         0         0
MAR-27  19400 C        0       0       0       0       0  |       0       0       0    4823     -633   24          0  |         0         0          0         0         0
MAR-27  19500 C        0       0       0       0       0  |       0       0       0    4730     -632   24          0  |         0         0          0         0         0
MAR-27  19600 C        0       0       0       0       0  |       0       0       0    4638     -630   24          0  |         0         0          0         0         0
MAR-27  19700 C        0       0       0       0       0  |       0       0       0    4547     -627   24          0  |         0         0          0         0         0
MAR-27  19800 C        0       0       0       0       0  |       0       0       0    4455     -625   23          0  |         0         0          0         0         0
MAR-27  19900 C        0       0       0       0       0  |       0       0       0    4364     -623   23          0  |         0         0          0         0         0
MAR-27  20000 C        0       0       0       0       0  |       0       0       0    4274     -619   23          0  |      5341      4038          0        21         0
MAR-27  20200 C        0       0       0       0       0  |       0       0       0    4094     -614   23          0  |      5179      5179          0         7         0
MAR-27  20400 C        0       0       0       0       0  |       0       0       0    3916     -608   22          0  |      5020      5020          0         7         0
MAR-27  20600 C        0       0       0       0       0  |       0       0       0    3741     -601   22          0  |         0         0          0         0         0
MAR-27  20800 C        0       0       0       0       0  |       0       0       0    3568     -593   22          0  |         0         0          0         0         0
MAR-27  21000 C        0       0       0       0       0  |       0       0       0    3397     -586   21          0  |         0         0          0         0         0
MAR-27  21200 C        0       0       0       0       0  |       0       0       0    3229     -577   21          0  |         0         0          0         0         0
MAR-27  21400 C        0       0       0       0       0  |       0       0       0    3064     -568   21          0  |         0         0          0         0         0
MAR-27  21600 C        0       0       0       0       0  |       0       0       0    2902     -558   21          0  |         0         0          0         0         0
MAR-27  21800 C        0       0       0       0       0  |       0       0       0    2744     -547   20          0  |         0         0          0         0         0
MAR-27  22000 C        0       0       0       0       0  |       0       0       0    2589     -535   20          0  |      2905      2350          0        15         0
MAR-27  22200 C        0       0       0       0       0  |       0       0       0    2439     -522   20          0  |         0         0          0         0         0
MAR-27  22400 C        0       0       0       0       0  |       0       0       0    2293     -509   20          0  |         0         0          0         0         0
MAR-27  22600 C        0       0       0       0       0  |       0       0       0    2151     -494   20          0  |         0         0          0         0         0
MAR-27  22800 C        0       0       0       0       0  |       0       0       0    1999     -494   19          0  |         0         0          0         0         0
MAR-27  23000 C        0       0       0       0       0  |       0       0       0    1863     -483   19          0  |      3100      1750          0         0         0
MAR-27  23200 C        0       0       0       0       0  |       0       0       0    1737     -465   19          0  |         0         0          0         0         0
MAR-27  23400 C        0       0       0       0       0  |       0       0       0    1616     -448   19          0  |         0         0          0         0         0
MAR-27  23600 C        0       0       0       0       0  |       0       0       0    1501     -429   19          0  |         0         0          0         0         0
MAR-27  23800 C        0       0       0       0       0  |       0       0       0    1406     -395   19          0  |         0         0          0         0         0
MAR-27  24000 C        0       0       0       0       0  |    1323    1323    1323    1302     -376   19          1  |      2220      1323          1         5        +1
MAR-27  24200 C        0       0       0       0       0  |       0       0       0    1201     -359   19          0  |      1920      1920          0         1         0
MAR-27  24400 C        0       0       0       0       0  |       0       0       0    1104     -344   18          0  |         0         0          0         0         0
MAR-27  24600 C        0       0       0       0       0  |       0       0       0    1015     -326   18          0  |      2900      1000          0         7         0
MAR-27  24800 C        0       0       0       0       0  |       0       0       0     934     -306   18          0  |      1241      1153          0        15         0
MAR-27  25000 C        0       0       0       0       0  |       0       0       0     858     -287   18          3  |      2292      1347          3       550        +3
MAR-27  25200 C        0       0       0       0       0  |       0       0       0     785     -271   18          0  |      1682      1596          0        33         0
MAR-27  25400 C        0       0       0       0       0  |       0       0       0     719     -253   18          0  |      2100       854          0        39         0
MAR-27  25600 C        0       0       0       0       0  |       0       0       0     660     -233   18          0  |      2124       815          0       163         0
MAR-27  25800 C        0       0       0       0       0  |       0       0       0     602     -218   18          0  |      2307       778          0        13         0
MAR-27  26000 C        0       0       0       0       0  |       0       0       0     553     -199   18          0  |      2232       727          0       833         0
MAR-27  26200 C        0       0       0       0       0  |       0       0       0     500     -188   18          0  |      2241      1580          0        23         0
MAR-27  26400 C        0       0       0       0       0  |       0       0       0     456     -174   18          0  |      2202       710          0        14         0
MAR-27  26600 C        0       0       0       0       0  |       0       0       0     417     -159   18          0  |      1130       604          0       215         0
MAR-27  26800 C        0       0       0       0       0  |       0       0       0     379     -147   18          0  |      1300       510          0        37         0
MAR-27  27000 C        0       0       0       0       0  |     338     338     338     345     -135   18          1  |      1725       338          1        13         0
MAR-27  27200 C        0       0       0       0       0  |       0       0       0     313     -125   18          0  |       860       854          0         4         0
MAR-27  27400 C        0       0       0       0       0  |       0       0       0     284     -115   18          0  |      1029       360          0        74         0
MAR-27  27600 C        0       0       0       0       0  |       0       0       0     260     -104   18          0  |      1068       338          0        15         0
MAR-27  27800 C        0       0       0       0       0  |       0       0       0     238      -94   18          0  |       900       541          0        11         0
MAR-27  28000 C        0       0       0       0       0  |       0       0       0     214      -88   18          0  |      1430       275          0      1222        -1
MAR-27  28200 C        0       0       0       0       0  |       0       0       0     194      -81   19          0  |       826       327          0         8         0
MAR-27  28400 C        0       0       0       0       0  |       0       0       0     177      -74   19          0  |       615       247          0         6         0
MAR-27  28600 C        0       0       0       0       0  |       0       0       0     161      -67   19          0  |       800       231          0        17         0
MAR-27  28800 C        0       0       0       0       0  |     143     143     143     146      -62   19          2  |       736       143          2        18        +2
MAR-27  29000 C        0       0       0       0       0  |     131     131     128     132      -57   19          4  |      1174       128          4       260        +4
MAR-27  29200 C        0       0       0       0       0  |     116     116     116     120      -52   19          1  |       935       116          1         8        +1
MAR-27  29400 C        0       0       0       0       0  |       0       0       0     110      -47   19          0  |       968       153          0         3         0
MAR-27  29600 C        0       0       0       0       0  |       0       0       0     100      -43   19          0  |       869       143          0        11         0
MAR-27  29800 C        0       0       0       0       0  |       0       0       0      91      -39   19          0  |       778       127          0         8         0
MAR-27  30000 C        0       0       0       0       0  |      86      86      80      83      -36   19          8  |      1000        80          8        18        -8
MAR-27  30200 C        0       0       0       0       0  |       0       0       0      76      -32   19          0  |       290       100          0        14         0
MAR-27  30400 C        0       0       0       0       0  |       0       0       0      69      -30   19          0  |       212        93          0        14         0
MAR-27  30600 C        0       0       0       0       0  |       0       0       0      63      -27   19          0  |       455       118          0        32         0
MAR-27  30800 C        0       0       0       0       0  |       0       0       0      58      -24   19          0  |       193        96          0        22         0
MAR-27  31000 C        0       0       0       0       0  |       0       0       0      53      -22   20          0  |       505        72          0       499         0
MAR-27  31200 C        0       0       0       0       0  |       0       0       0      48      -21   20          0  |       166        82          0        13         0
MAR-27  31400 C        0       0       0       0       0  |       0       0       0      44      -19   20          0  |       211        62          0         8         0
MAR-27  31600 C        0       0       0       0       0  |       0       0       0      41      -16   20          0  |       275        58          0        20         0
MAR-27  31800 C        0       0       0       0       0  |       0       0       0      37      -16   20          0  |       250        49          0        11         0
MAR-27  32000 C        0       0       0       0       0  |       0       0       0      34      -14   20          0  |       558        44          0       101         0

                              TOTAL CALL               0  |                               TOTAL CALL              20  | TOTAL CALL                  20      4429        +2

CONTRACT STRIKE *OPENING  *DAILY  *DAILY   CLOSE  VOLUME  |*OPENING  *DAILY  *DAILY  O.Q.P.   O.Q.P.  IV%     VOLUME  | *Contract *Contract     Volume      Open Change in
MONTH     PRICE    PRICE    HIGH     LOW   PRICE          |   PRICE    HIGH     LOW   CLOSE   CHANGE                  |      High       Low             Interest        OI
MAR-27  15200 P        0       0       0       0       0  |      34      34      32      24       +7   30         12  |        51        24         12        25        -8
MAR-27  17800 P        0       0       0       0       0  |       0       0       0      79      +22   26          0  |       119        68          0        62         0
MAR-27  18000 P        0       0       0       0       0  |      85      85      85      86      +24   25          3  |       197        70          3        27        -3
MAR-27  18100 P        0       0       0       0       0  |       0       0       0      90      +25   25          0  |       213        74          0        12         0
MAR-27  18200 P        0       0       0       0       0  |       0       0       0      94      +26   25          0  |       112        76          0         5         0
MAR-27  18300 P        0       0       0       0       0  |       0       0       0      99      +27   25          0  |       357        80          0         4         0
MAR-27  18400 P        0       0       0       0       0  |       0       0       0     103      +28   25          0  |         0         0          0         0         0
MAR-27  18500 P        0       0       0       0       0  |       0       0       0     108      +30   24          0  |       115        85          0         3         0
MAR-27  18600 P        0       0       0       0       0  |       0       0       0     113      +31   24          0  |       114        84          0        25         0
MAR-27  18700 P        0       0       0       0       0  |     117     117     117     118      +32   24          1  |       415        88          1         4        -1
MAR-27  18800 P        0       0       0       0       0  |       0       0       0     124      +34   24          0  |       146        93          0        12         0
MAR-27  18900 P        0       0       0       0       0  |       0       0       0     130      +36   24          0  |       123        99          0         4         0
MAR-27  19000 P        0       0       0       0       0  |       0       0       0     135      +37   24          0  |       120       100          0         7         0
MAR-27  19100 P        0       0       0       0       0  |       0       0       0     141      +38   23          0  |       106       106          0         1         0
MAR-27  19200 P        0       0       0       0       0  |     142     147     142     147      +39   23          2  |       466       102          2        16        +2
MAR-27  19300 P        0       0       0       0       0  |       0       0       0     154      +41   23          0  |       110       110          0         1         0
MAR-27  19400 P        0       0       0       0       0  |       0       0       0     162      +44   23          0  |       121       119          0         2         0
MAR-27  19500 P        0       0       0       0       0  |       0       0       0     169      +46   23          0  |       564       130          0        14         0
MAR-27  19600 P        0       0       0       0       0  |     160     160     160     176      +47   23          1  |       415       119          1        12        +1
MAR-27  19700 P        0       0       0       0       0  |       0       0       0     186      +51   23          0  |       195       195          0         1         0
MAR-27  19800 P        0       0       0       0       0  |       0       0       0     194      +53   22          0  |       624       172          0         4         0
MAR-27  19900 P        0       0       0       0       0  |       0       0       0     203      +55   22          0  |       171       162          0         2         0
MAR-27  20000 P        0       0       0       0       0  |     219     219     219     214      +59   22          3  |       767       142          3       219        -3
MAR-27  20200 P        0       0       0       0       0  |       0       0       0     234      +64   22          0  |       191       168          0         4         0
MAR-27  20400 P        0       0       0       0       0  |       0       0       0     255      +69   22          0  |       566       314          0         4         0
MAR-27  20600 P        0       0       0       0       0  |     268     268     268     285      +82   22          1  |       392       191          1       407        +1
MAR-27  20800 P        0       0       0       0       0  |       0       0       0     307      +84   21          0  |       888       190          0       206         0
MAR-27  21000 P        0       0       0       0       0  |       0       0       0     335      +91   21          0  |       695       289          0       203         0
MAR-27  21200 P        0       0       0       0       0  |       0       0       0     371     +103   21          0  |       517       342          0         2         0
MAR-27  21400 P        0       0       0       0       0  |       0       0       0     407     +114   20          0  |       900       314          0         1         0
MAR-27  21600 P        0       0       0       0       0  |       0       0       0     446     +125   20          0  |       545       545          0         1         0
MAR-27  21800 P        0       0       0       0       0  |       0       0       0     486     +134   20          0  |       647       369          0         2         0
MAR-27  22000 P        0       0       0       0       0  |       0       0       0     531     +145   20          0  |      1190       393          0       278         0
MAR-27  22200 P        0       0       0       0       0  |       0       0       0     580     +157   20          0  |       973       505          0        18         0
MAR-27  22400 P        0       0       0       0       0  |       0       0       0     633     +170   19          0  |       520       520          0         7         0
MAR-27  22600 P        0       0       0       0       0  |       0       0       0     690     +183   19          0  |       845       538          0         2         0
MAR-27  22800 P        0       0       0       0       0  |       0       0       0     751     +196   19          0  |      1011       566          0        11         0
MAR-27  23000 P        0       0       0       0       0  |       0       0       0     820     +213   19          0  |      1320       532          0        10         0
MAR-27  23200 P        0       0       0       0       0  |       0       0       0     892     +228   19          0  |      1315       659          0        23         0
MAR-27  23400 P        0       0       0       0       0  |       0       0       0     973     +248   19          0  |       683       683          0         2         0
MAR-27  23600 P        0       0       0       0       0  |       0       0       0    1058     +267   19          0  |      1188      1187          0         2         0
MAR-27  23800 P        0       0       0       0       0  |       0       0       0    1146     +283   18          0  |      1312       771          0        19         0
MAR-27  24000 P        0       0       0       0       0  |       0       0       0    1242     +303   18          0  |      1626       864          0        30         0
MAR-27  24200 P        0       0       0       0       0  |       0       0       0    1342     +320   18          0  |      1683       862          0        63         0
MAR-27  24400 P        0       0       0       0       0  |       0       0       0    1448     +339   18          0  |      1434      1351          0        22         0
MAR-27  24600 P        0       0       0       0       0  |       0       0       0    1561     +358   18          0  |      1745      1745          0         1         0
MAR-27  24800 P        0       0       0       0       0  |       0       0       0    1686     +384   18          0  |      1944      1020          0        26         0
MAR-27  25000 P        0       0       0       0       0  |       0       0       0    1799     +392   18          0  |      3070      1555          0       112         0
MAR-27  25200 P        0       0       0       0       0  |       0       0       0    1927     +410   18          0  |      2415      1632          0        26         0
MAR-27  25400 P        0       0       0       0       0  |       0       0       0    2061     +428   18          0  |      1962      1615          0        10         0
MAR-27  25600 P        0       0       0       0       0  |       0       0       0    2199     +445   18          0  |      1963      1882          0        39         0
MAR-27  25800 P        0       0       0       0       0  |       0       0       0    2341     +460   18          0  |      3300      1901          0       106         0
MAR-27  26000 P        0       0       0       0       0  |       0       0       0    2489     +476   18          0  |      2560      1840          0        31         0
MAR-27  26200 P        0       0       0       0       0  |       0       0       0    2640     +490   18          0  |      4050      1890          0        31         0
MAR-27  26400 P        0       0       0       0       0  |       0       0       0    2795     +504   18          0  |      2203      2085          0        24         0
MAR-27  26600 P        0       0       0       0       0  |       0       0       0    2955     +518   18          0  |      2310      2238          0         8         0
MAR-27  26800 P        0       0       0       0       0  |       0       0       0    3117     +530   18          0  |      4036      3450          0         0         0
MAR-27  27000 P        0       0       0       0       0  |       0       0       0    3283     +541   18          0  |      3300      2700          0        18         0
MAR-27  27200 P        0       0       0       0       0  |       0       0       0    3452     +553   18          0  |         0         0          0         0         0
MAR-27  27400 P        0       0       0       0       0  |       0       0       0    3623     +562   18          0  |      2908      2435          0         0         0
MAR-27  27600 P        0       0       0       0       0  |       0       0       0    3798     +573   18          0  |      4850      4850          0         1         0
MAR-27  27800 P        0       0       0       0       0  |       0       0       0    3974     +581   18          0  |      3800      3275          0         3         0
MAR-27  28000 P        0       0       0       0       0  |       0       0       0    4153     +589   18          0  |      3940      3155          0         1         0
MAR-27  28200 P        0       0       0       0       0  |       0       0       0    4333     +596   18          0  |      4547      4300          0        11         0
MAR-27  28400 P        0       0       0       0       0  |       0       0       0    4516     +604   18          0  |      3430      3240          0         0         0
MAR-27  28600 P        0       0       0       0       0  |       0       0       0    4700     +610   18          0  |         0         0          0         0         0
MAR-27  28800 P        0       0       0       0       0  |       0       0       0    4885     +616   18          0  |      3945      3945          0         1         0
MAR-27  29000 P        0       0       0       0       0  |       0       0       0    5072     +621   18          0  |      4973      4973          0         2         0
MAR-27  29200 P        0       0       0       0       0  |       0       0       0    5260     +626   18          0  |         0         0          0         0         0
MAR-27  29400 P        0       0       0       0       0  |       0       0       0    5450     +631   18          0  |         0         0          0         0         0
MAR-27  29600 P        0       0       0       0       0  |       0       0       0    5640     +635   18          0  |         0         0          0         0         0
MAR-27  29800 P        0       0       0       0       0  |       0       0       0    5831     +639   18          0  |      4270      4270          0         1         0
MAR-27  30000 P        0       0       0       0       0  |       0       0       0    6023     +643   18          0  |         0         0          0         0         0
MAR-27  30200 P        0       0       0       0       0  |       0       0       0    6216     +646   18          0  |         0         0          0         0         0
MAR-27  30400 P        0       0       0       0       0  |       0       0       0    6409     +649   18          0  |      6420      5380          0         7         0
MAR-27  30600 P        0       0       0       0       0  |       0       0       0    6603     +651   18          0  |         0         0          0         0         0
MAR-27  30800 P        0       0       0       0       0  |       0       0       0    6798     +654   18          0  |         0         0          0         0         0
MAR-27  31000 P        0       0       0       0       0  |       0       0       0    6993     +656   18          0  |         0         0          0         0         0
MAR-27  31200 P        0       0       0       0       0  |       0       0       0    7188     +658   17          0  |         0         0          0         0         0
MAR-27  31400 P        0       0       0       0       0  |       0       0       0    7384     +660   17          0  |      6500      5670          0         2         0
MAR-27  31600 P        0       0       0       0       0  |       0       0       0    7580     +661   17          0  |         0         0          0         0         0
MAR-27  31800 P        0       0       0       0       0  |       0       0       0    7777     +663   17          0  |         0         0          0         0         0
MAR-27  32000 P        0       0       0       0       0  |       0       0       0    7974     +664   17          0  |      6227      6227          0         1         0

                              TOTAL PUT                0  |                               TOTAL PUT               23  | TOTAL PUT                   23      2241       -11

                                                                                                                      | MONTH PUT/CALL RATIO      1.14
                                                                                                                      | MONTH TOTAL                 43      6670        -9

 
CONTRACT STRIKE *OPENING  *DAILY  *DAILY   CLOSE  VOLUME  |*OPENING  *DAILY  *DAILY  O.Q.P.   O.Q.P.  IV%     VOLUME  | *Contract *Contract     Volume      Open Change in
MONTH     PRICE    PRICE    HIGH     LOW   PRICE          |   PRICE    HIGH     LOW   CLOSE   CHANGE                  |      High       Low             Interest        OI
JUN-27  15200 C        0       0       0       0       0  |       0       0       0    8879     -663   29          0  |         0         0          0         0         0
JUN-27  15400 C        0       0       0       0       0  |       0       0       0    8685     -661   29          0  |         0         0          0         0         0
JUN-27  15600 C        0       0       0       0       0  |       0       0       0    8490     -661   28          0  |         0         0          0         0         0
JUN-27  15800 C        0       0       0       0       0  |       0       0       0    8296     -660   28          0  |         0         0          0         0         0
JUN-27  16000 C        0       0       0       0       0  |       0       0       0    8103     -658   28          0  |         0         0          0         0         0
JUN-27  16200 C        0       0       0       0       0  |       0       0       0    7910     -657   27          0  |         0         0          0         0         0
JUN-27  16400 C        0       0       0       0       0  |       0       0       0    7717     -656   27          0  |         0         0          0         0         0
JUN-27  16600 C        0       0       0       0       0  |       0       0       0    7525     -654   27          0  |         0         0          0         0         0
JUN-27  16800 C        0       0       0       0       0  |       0       0       0    7334     -652   26          0  |         0         0          0         0         0
JUN-27  17000 C        0       0       0       0       0  |       0       0       0    7143     -651   26          0  |         0         0          0         0         0
JUN-27  17200 C        0       0       0       0       0  |       0       0       0    6953     -649   26          0  |         0         0          0         0         0
JUN-27  17400 C        0       0       0       0       0  |       0       0       0    6764     -647   25          0  |         0         0          0         0         0
JUN-27  17600 C        0       0       0       0       0  |       0       0       0    6575     -645   25          0  |         0         0          0         0         0
JUN-27  17800 C        0       0       0       0       0  |       0       0       0    6388     -642   25          0  |         0         0          0         0         0
JUN-27  18000 C        0       0       0       0       0  |       0       0       0    6201     -640   25          0  |      8150      8150          0         1         0
JUN-27  18100 C        0       0       0       0       0  |       0       0       0    6108     -638   24          0  |         0         0          0         0         0
JUN-27  18200 C        0       0       0       0       0  |       0       0       0    6016     -636   24          0  |         0         0          0         0         0
JUN-27  18300 C        0       0       0       0       0  |       0       0       0    5923     -635   24          0  |         0         0          0         0         0
JUN-27  18400 C        0       0       0       0       0  |       0       0       0    5831     -634   24          0  |         0         0          0         0         0
JUN-27  18500 C        0       0       0       0       0  |       0       0       0    5739     -632   24          0  |         0         0          0         0         0
JUN-27  18600 C        0       0       0       0       0  |       0       0       0    5648     -630   24          0  |         0         0          0         0         0
JUN-27  18700 C        0       0       0       0       0  |       0       0       0    5557     -628   24          0  |         0         0          0         0         0
JUN-27  18800 C        0       0       0       0       0  |       0       0       0    5466     -626   24          0  |         0         0          0         0         0
JUN-27  18900 C        0       0       0       0       0  |       0       0       0    5376     -624   23          0  |         0         0          0         0         0
JUN-27  19000 C        0       0       0       0       0  |       0       0       0    5285     -623   23          0  |         0         0          0         0         0
JUN-27  19100 C        0       0       0       0       0  |       0       0       0    5196     -620   23          0  |         0         0          0         0         0
JUN-27  19200 C        0       0       0       0       0  |       0       0       0    5106     -618   23          0  |         0         0          0         0         0
JUN-27  19300 C        0       0       0       0       0  |       0       0       0    5018     -615   23          0  |         0         0          0         0         0
JUN-27  19400 C        0       0       0       0       0  |       0       0       0    4929     -613   23          0  |         0         0          0         0         0
JUN-27  19500 C        0       0       0       0       0  |       0       0       0    4841     -610   23          0  |         0         0          0         0         0
JUN-27  19600 C        0       0       0       0       0  |       0       0       0    4753     -608   23          0  |         0         0          0         0         0
JUN-27  19700 C        0       0       0       0       0  |       0       0       0    4666     -605   22          0  |         0         0          0         0         0
JUN-27  19800 C        0       0       0       0       0  |       0       0       0    4580     -601   22          0  |         0         0          0         0         0
JUN-27  19900 C        0       0       0       0       0  |       0       0       0    4493     -599   22          0  |         0         0          0         0         0
JUN-27  20000 C        0       0       0       0       0  |       0       0       0    4408     -596   22          0  |      5560      4000          0        11         0
JUN-27  20200 C        0       0       0       0       0  |       0       0       0    4238     -589   22          0  |         0         0          0         0         0
JUN-27  20400 C        0       0       0       0       0  |       0       0       0    4071     -582   22          0  |         0         0          0         0         0
JUN-27  20600 C        0       0       0       0       0  |       0       0       0    3906     -574   21          0  |         0         0          0         0         0
JUN-27  20800 C        0       0       0       0       0  |       0       0       0    3744     -566   21          0  |         0         0          0         0         0
JUN-27  21000 C        0       0       0       0       0  |       0       0       0    3584     -558   21          0  |         0         0          0         0         0
JUN-27  21200 C        0       0       0       0       0  |       0       0       0    3428     -548   21          0  |         0         0          0         0         0
JUN-27  21400 C        0       0       0       0       0  |       0       0       0    3274     -539   21          0  |         0         0          0         0         0
JUN-27  21600 C        0       0       0       0       0  |       0       0       0    3124     -528   21          0  |         0         0          0         0         0
JUN-27  21800 C        0       0       0       0       0  |       0       0       0    2977     -518   20          0  |         0         0          0         0         0
JUN-27  22000 C        0       0       0       0       0  |       0       0       0    2834     -506   20          0  |         0         0          0         0         0
JUN-27  22200 C        0       0       0       0       0  |       0       0       0    2694     -495   20          0  |         0         0          0         0         0
JUN-27  22400 C        0       0       0       0       0  |       0       0       0    2558     -483   20          0  |         0         0          0         0         0
JUN-27  22600 C        0       0       0       0       0  |       0       0       0    2427     -470   20          0  |         0         0          0         0         0
JUN-27  22800 C        0       0       0       0       0  |       0       0       0    2288     -468   20          0  |         0         0          0         0         0
JUN-27  23000 C        0       0       0       0       0  |       0       0       0    2164     -455   19          0  |      3030      3030          0        10         0
JUN-27  23200 C        0       0       0       0       0  |       0       0       0    2045     -442   19          0  |      2053      1965          0         2         0
JUN-27  23400 C        0       0       0       0       0  |       0       0       0    1931     -427   19          0  |         0         0          0         0         0
JUN-27  23600 C        0       0       0       0       0  |       0       0       0    1822     -412   19          0  |      2030      1923          0         1         0
JUN-27  23800 C        0       0       0       0       0  |       0       0       0    1728     -386   19          0  |         0         0          0         0         0
JUN-27  24000 C        0       0       0       0       0  |    1630    1630    1630    1627     -371   19          1  |      2173      1630          1       301         0
JUN-27  24200 C        0       0       0       0       0  |       0       0       0    1523     -364   19          0  |      2085      2085          0         1         0
JUN-27  24400 C        0       0       0       0       0  |       0       0       0    1434     -346   19          0  |      2000      1835          0         1         0
JUN-27  24600 C        0       0       0       0       0  |       0       0       0    1344     -334   19          0  |      1964      1964          0         1         0
JUN-27  24800 C        0       0       0       0       0  |    1248    1248    1248    1259     -321   19          1  |      1855      1248          1         2        +1
JUN-27  25000 C        0       0       0       0       0  |       0       0       0    1180     -306   19          0  |      2496      2468          0         0         0
JUN-27  25200 C        0       0       0       0       0  |       0       0       0    1105     -292   19          0  |      1265      1265          0        40         0
JUN-27  25400 C        0       0       0       0       0  |       0       0       0    1034     -279   19          0  |         0         0          0         0         0
JUN-27  25600 C        0       0       0       0       0  |       0       0       0     968     -264   19          0  |      2490       990          0         0         0
JUN-27  25800 C        0       0       0       0       0  |       0       0       0     905     -251   19          0  |         0         0          0         0         0
JUN-27  26000 C        0       0       0       0       0  |       0       0       0     846     -237   19          0  |      2085      1220          0         2         0
JUN-27  26200 C        0       0       0       0       0  |       0       0       0     790     -225   19          0  |      1839      1314          0         1         0
JUN-27  26400 C        0       0       0       0       0  |       0       0       0     737     -213   19          0  |      1068       945          0       161         0
JUN-27  26600 C        0       0       0       0       0  |       0       0       0     687     -202   19          0  |      1282      1282          0       120         0
JUN-27  26800 C        0       0       0       0       0  |       0       0       0     639     -192   19          0  |      1450      1450          0         1         0
JUN-27  27000 C        0       0       0       0       0  |       0       0       0     597     -180   19          0  |      1423      1168          0         0         0
JUN-27  27200 C        0       0       0       0       0  |       0       0       0     555     -171   19          0  |         0         0          0         0         0
JUN-27  27400 C        0       0       0       0       0  |       0       0       0     517     -161   19          0  |         0         0          0         0         0
JUN-27  27600 C        0       0       0       0       0  |     479     479     479     482     -151   19          3  |       479       479          3         3        +3
JUN-27  27800 C        0       0       0       0       0  |       0       0       0     450     -141   19          0  |         0         0          0         0         0
JUN-27  28000 C        0       0       0       0       0  |       0       0       0     418     -134   19          0  |      1145       667          0       304         0
JUN-27  28200 C        0       0       0       0       0  |       0       0       0     391     -124   19          0  |         0         0          0         0         0
JUN-27  28400 C        0       0       0       0       0  |       0       0       0     364     -116   19          0  |      1983      1983          0         3         0
JUN-27  28600 C        0       0       0       0       0  |       0       0       0     339     -109   19          0  |       590       590          0         2         0
JUN-27  28800 C        0       0       0       0       0  |       0       0       0     316     -101   19          0  |         0         0          0         0         0
JUN-27  29000 C        0       0       0       0       0  |       0       0       0     293      -96   19          0  |       532       530          0       221         0
JUN-27  29200 C        0       0       0       0       0  |       0       0       0     272      -90   19          0  |       515       464          0         1         0
JUN-27  29400 C        0       0       0       0       0  |     252     252     252     254      -84   19          3  |       634       252          3         0        -3
JUN-27  29600 C        0       0       0       0       0  |       0       0       0     236      -79   19          0  |         0         0          0         0         0
JUN-27  29800 C        0       0       0       0       0  |       0       0       0     219      -74   19          0  |       620       298          0         0         0
JUN-27  30000 C        0       0       0       0       0  |       0       0       0     204      -69   19          0  |       522       266          0         6         0
JUN-27  30200 C        0       0       0       0       0  |       0       0       0     190      -65   19          0  |       488       488          0         1         0
JUN-27  30400 C        0       0       0       0       0  |       0       0       0     177      -60   19          0  |       376       373          0         9         0
JUN-27  30600 C        0       0       0       0       0  |       0       0       0     164      -57   19          0  |         0         0          0         0         0
JUN-27  30800 C        0       0       0       0       0  |       0       0       0     156      -50   20          0  |       870       188          0         9         0
JUN-27  31000 C        0       0       0       0       0  |       0       0       0     146      -46   20          0  |       468       175          0        21         0
JUN-27  31200 C        0       0       0       0       0  |       0       0       0     136      -43   20          0  |       316       196          0         4         0
JUN-27  31400 C        0       0       0       0       0  |       0       0       0     127      -39   20          0  |         0         0          0         0         0
JUN-27  31600 C        0       0       0       0       0  |       0       0       0     119      -36   20          0  |         0         0          0         0         0
JUN-27  32000 C        0       0       0       0       0  |       0       0       0     104      -31   20          0  |       453       148          0       214         0
JUN-27  32400 C        0       0       0       0       0  |       0       0       0      91      -26   20          0  |       278       278          0         7         0
JUN-27  32800 C        0       0       0       0       0  |       0       0       0      80      -22   20          0  |       300       126          0        13         0
JUN-27  33200 C        0       0       0       0       0  |       0       0       0      70      -18   20          0  |       238       105          0        11         0
JUN-27  33600 C        0       0       0       0       0  |       0       0       0      62      -15   20          0  |       250        94          0        11         0
JUN-27  34000 C        0       0       0       0       0  |       0       0       0      55      -12   21          0  |       234        97          0       308         0
JUN-27  34400 C        0       0       0       0       0  |       0       0       0      48      -10   21          0  |       208       113          0         9         0
JUN-27  34800 C        0       0       0       0       0  |       0       0       0      43       -8   21          0  |       320        77          0        15         0
JUN-27  35200 C        0       0       0       0       0  |       0       0       0      38       -6   21          0  |       314        49          0       106         0

                              TOTAL CALL               0  |                               TOTAL CALL               8  | TOTAL CALL                   8      1934        +1

CONTRACT STRIKE *OPENING  *DAILY  *DAILY   CLOSE  VOLUME  |*OPENING  *DAILY  *DAILY  O.Q.P.   O.Q.P.  IV%     VOLUME  | *Contract *Contract     Volume      Open Change in
MONTH     PRICE    PRICE    HIGH     LOW   PRICE          |   PRICE    HIGH     LOW   CLOSE   CHANGE                  |      High       Low             Interest        OI
JUN-27  15200 P        0       0       0       0       0  |       0       0       0      67      +15   29          0  |       225        66          0        79         0
JUN-27  15400 P        0       0       0       0       0  |       0       0       0      72      +15   29          0  |        83        68          0         4         0
JUN-27  15600 P        0       0       0       0       0  |       0       0       0      78      +17   28          0  |       200        59          0        18         0
JUN-27  15800 P        0       0       0       0       0  |       0       0       0      84      +18   28          0  |       159        89          0        15         0
JUN-27  16000 P        0       0       0       0       0  |       0       0       0      90      +18   28          0  |       212        86          0         6         0
JUN-27  16200 P        0       0       0       0       0  |       0       0       0      97      +20   27          0  |        97        83          0         2         0
JUN-27  16400 P        0       0       0       0       0  |       0       0       0     105      +22   27          0  |         0         0          0         0         0
JUN-27  16600 P        0       0       0       0       0  |       0       0       0     113      +23   27          0  |       272        95          0        22         0
JUN-27  16800 P        0       0       0       0       0  |       0       0       0     121      +24   26          0  |       290       118          0         2         0
JUN-27  17000 P        0       0       0       0       0  |       0       0       0     131      +27   26          0  |       241       107          0        10         0
JUN-27  17200 P        0       0       0       0       0  |       0       0       0     141      +28   26          0  |       305       301          0         2         0
JUN-27  17400 P        0       0       0       0       0  |       0       0       0     151      +30   25          0  |         0         0          0         0         0
JUN-27  17600 P        0       0       0       0       0  |       0       0       0     163      +32   25          0  |       147       147          0         1         0
JUN-27  17800 P        0       0       0       0       0  |       0       0       0     175      +34   25          0  |       166       149          0         1         0
JUN-27  18000 P        0       0       0       0       0  |       0       0       0     189      +38   25          0  |       316       169          0        30         0
JUN-27  18100 P        0       0       0       0       0  |       0       0       0     196      +39   24          0  |         0         0          0         0         0
JUN-27  18200 P        0       0       0       0       0  |       0       0       0     203      +40   24          0  |         0         0          0         0         0
JUN-27  18300 P        0       0       0       0       0  |       0       0       0     211      +42   24          0  |         0         0          0         0         0
JUN-27  18400 P        0       0       0       0       0  |       0       0       0     219      +44   24          0  |         0         0          0         0         0
JUN-27  18500 P        0       0       0       0       0  |       0       0       0     227      +45   24          0  |       210       210          0         1         0
JUN-27  18600 P        0       0       0       0       0  |       0       0       0     235      +46   24          0  |         0         0          0         0         0
JUN-27  18700 P        0       0       0       0       0  |       0       0       0     244      +48   24          0  |       225       225          0         2         0
JUN-27  18800 P        0       0       0       0       0  |       0       0       0     254      +51   24          0  |         0         0          0         0         0
JUN-27  18900 P        0       0       0       0       0  |       0       0       0     263      +53   23          0  |       244       244          0         1         0
JUN-27  19000 P        0       0       0       0       0  |       0       0       0     271      +53   23          0  |       305       192          0       124         0
JUN-27  19100 P        0       0       0       0       0  |       0       0       0     281      +55   23          0  |         0         0          0         0         0
JUN-27  19200 P        0       0       0       0       0  |       0       0       0     293      +58   23          0  |       273       273          0         1         0
JUN-27  19300 P        0       0       0       0       0  |       0       0       0     305      +62   23          0  |         0         0          0         0         0
JUN-27  19400 P        0       0       0       0       0  |     289     289     289     316      +64   23          1  |       289       289          1         1        +1
JUN-27  19500 P        0       0       0       0       0  |     320     320     320     328      +66   23          1  |       400       320          1         3        +1
JUN-27  19600 P        0       0       0       0       0  |       0       0       0     342      +71   23          0  |       788       788          0         1         0
JUN-27  19700 P        0       0       0       0       0  |       0       0       0     355      +73   22          0  |       272       272          0         1         0
JUN-27  19800 P        0       0       0       0       0  |       0       0       0     368      +76   22          0  |       888       301          0        21         0
JUN-27  19900 P        0       0       0       0       0  |       0       0       0     383      +80   22          0  |         0         0          0         0         0
JUN-27  20000 P        0       0       0       0       0  |       0       0       0     396      +82   22          0  |       438       299          0       100         0
JUN-27  20200 P        0       0       0       0       0  |     415     415     415     429      +91   22          4  |       847       360          4        27        +4
JUN-27  20400 P        0       0       0       0       0  |       0       0       0     461      +98   22          0  |         0         0          0         0         0
JUN-27  20600 P        0       0       0       0       0  |       0       0       0     492     +101   21          0  |      1080      1059          0         1         0
JUN-27  20800 P        0       0       0       0       0  |       0       0       0     531     +110   21          0  |         0         0          0         0         0
JUN-27  21000 P        0       0       0       0       0  |     535     575     535     572     +120   21          4  |       575       435          4        22        +4
JUN-27  21200 P        0       0       0       0       0  |       0       0       0     615     +128   21          0  |      1323       450          0         1         0
JUN-27  21400 P        0       0       0       0       0  |       0       0       0     661     +138   21          0  |      1000      1000          0         1         0
JUN-27  21600 P        0       0       0       0       0  |       0       0       0     711     +148   21          0  |       580       580          0         3         0
JUN-27  21800 P        0       0       0       0       0  |       0       0       0     764     +159   20          0  |         0         0          0         0         0
JUN-27  22000 P        0       0       0       0       0  |       0       0       0     820     +169   20          0  |      1233       675          0        16         0
JUN-27  22200 P        0       0       0       0       0  |       0       0       0     881     +182   20          0  |      1500       715          0       232         0
JUN-27  22400 P        0       0       0       0       0  |       0       0       0     946     +194   20          0  |         0         0          0         0         0
JUN-27  22600 P        0       0       0       0       0  |       0       0       0    1014     +207   20          0  |      1151      1151          0         7         0
JUN-27  22800 P        0       0       0       0       0  |       0       0       0    1086     +219   20          0  |      1991      1050          0         4         0
JUN-27  23000 P        0       0       0       0       0  |    1145    1145    1145    1161     +231   20          1  |      1380      1145          1         6        +1
JUN-27  23200 P        0       0       0       0       0  |       0       0       0    1243     +246   19          0  |      1207      1207          0         4         0
JUN-27  23400 P        0       0       0       0       0  |       0       0       0    1328     +259   19          0  |      2127      1441          0        23         0
JUN-27  23600 P        0       0       0       0       0  |       0       0       0    1418     +274   19          0  |      1605      1106          0        34         0
JUN-27  23800 P        0       0       0       0       0  |       0       0       0    1512     +288   19          0  |      1999      1999          0         2         0
JUN-27  24000 P        0       0       0       0       0  |       0       0       0    1615     +306   19          0  |      2009      1460          0       131         0
JUN-27  24200 P        0       0       0       0       0  |       0       0       0    1717     +320   19          0  |      1661      1661          0         3         0
JUN-27  24400 P        0       0       0       0       0  |       0       0       0    1825     +334   19          0  |      1768      1405          0        14         0
JUN-27  24600 P        0       0       0       0       0  |       0       0       0    1960     +372   19          0  |      2090      2090          0         1         0
JUN-27  24800 P        0       0       0       0       0  |       0       0       0    2053     +363   19          0  |         0         0          0         0         0
JUN-27  25000 P        0       0       0       0       0  |       0       0       0    2170     +373   19          0  |      1730      1548          0       101         0
JUN-27  25200 P        0       0       0       0       0  |       0       0       0    2294     +386   19          0  |      2051      1750          0         0         0
JUN-27  25400 P        0       0       0       0       0  |       0       0       0    2423     +400   19          0  |         0         0          0         0         0
JUN-27  25600 P        0       0       0       0       0  |       0       0       0    2555     +412   19          0  |      1965      1958          0        51         0
JUN-27  25800 P        0       0       0       0       0  |       0       0       0    2692     +426   19          0  |      2054      2054          0         1         0
JUN-27  26000 P        0       0       0       0       0  |       0       0       0    2832     +438   19          0  |      2760      1990          0         1         0
JUN-27  26200 P        0       0       0       0       0  |       0       0       0    2976     +451   19          0  |      2250      2250          0         1         0
JUN-27  26400 P        0       0       0       0       0  |       0       0       0    3123     +462   19          0  |      2700      2588          0        25         0
JUN-27  26600 P        0       0       0       0       0  |       0       0       0    3273     +473   19          0  |         0         0          0         0         0
JUN-27  26800 P        0       0       0       0       0  |       0       0       0    3427     +485   19          0  |      4089      2921          0         4         0
JUN-27  27000 P        0       0       0       0       0  |       0       0       0    3583     +495   19          0  |      3300      2580          0        14         0
JUN-27  27200 P        0       0       0       0       0  |       0       0       0    3742     +505   19          0  |         0         0          0         0         0
JUN-27  27400 P        0       0       0       0       0  |       0       0       0    3904     +515   19          0  |         0         0          0         0         0
JUN-27  27600 P        0       0       0       0       0  |       0       0       0    4069     +525   19          0  |         0         0          0         0         0
JUN-27  27800 P        0       0       0       0       0  |       0       0       0    4236     +534   19          0  |         0         0          0         0         0
JUN-27  28000 P        0       0       0       0       0  |       0       0       0    4405     +543   19          0  |      3888      3142          0        11         0
JUN-27  28200 P        0       0       0       0       0  |       0       0       0    4576     +551   19          0  |         0         0          0         0         0
JUN-27  28400 P        0       0       0       0       0  |       0       0       0    4750     +559   19          0  |         0         0          0         0         0
JUN-27  28600 P        0       0       0       0       0  |       0       0       0    4925     +567   19          0  |         0         0          0         0         0
JUN-27  28800 P        0       0       0       0       0  |       0       0       0    5102     +574   19          0  |      5780      5220          0         3         0
JUN-27  29000 P        0       0       0       0       0  |       0       0       0    5280     +581   19          0  |         0         0          0         0         0
JUN-27  29200 P        0       0       0       0       0  |       0       0       0    5460     +587   19          0  |         0         0          0         0         0
JUN-27  29400 P        0       0       0       0       0  |       0       0       0    5642     +594   19          0  |         0         0          0         0         0
JUN-27  29600 P        0       0       0       0       0  |       0       0       0    5824     +599   19          0  |         0         0          0         0         0
JUN-27  29800 P        0       0       0       0       0  |       0       0       0    6008     +604   19          0  |         0         0          0         0         0
JUN-27  30000 P        0       0       0       0       0  |       0       0       0    6193     +609   19          0  |         0         0          0         0         0
JUN-27  30200 P        0       0       0       0       0  |       0       0       0    6379     +614   19          0  |         0         0          0         0         0
JUN-27  30400 P        0       0       0       0       0  |       0       0       0    6567     +619   19          0  |         0         0          0         0         0
JUN-27  30600 P        0       0       0       0       0  |       0       0       0    6755     +624   19          0  |         0         0          0         0         0
JUN-27  30800 P        0       0       0       0       0  |       0       0       0    6944     +628   20          0  |      5250      5250          0         2         0
JUN-27  31000 P        0       0       0       0       0  |       0       0       0    7133     +631   20          0  |         0         0          0         0         0
JUN-27  31200 P        0       0       0       0       0  |       0       0       0    7324     +635   20          0  |         0         0          0         0         0
JUN-27  31400 P        0       0       0       0       0  |       0       0       0    7515     +638   20          0  |         0         0          0         0         0
JUN-27  31600 P        0       0       0       0       0  |       0       0       0    7706     +640   20          0  |         0         0          0         0         0
JUN-27  32000 P        0       0       0       0       0  |       0       0       0    8092     +647   20          0  |         0         0          0         0         0
JUN-27  32400 P        0       0       0       0       0  |       0       0       0    8479     +651   20          0  |         0         0          0         0         0
JUN-27  32800 P        0       0       0       0       0  |       0       0       0    8868     +656   20          0  |      7212      7212          0         1         0
JUN-27  33200 P        0       0       0       0       0  |       0       0       0    9258     +659   20          0  |         0         0          0         0         0
JUN-27  33600 P        0       0       0       0       0  |       0       0       0    9649     +661   20          0  |         0         0          0         0         0
JUN-27  34000 P        0       0       0       0       0  |       0       0       0   10042     +664   21          0  |      8660      8550          0         3         0
JUN-27  34400 P        0       0       0       0       0  |       0       0       0   10436     +667   21          0  |         0         0          0         0         0
JUN-27  34800 P        0       0       0       0       0  |       0       0       0   10830     +669   21          0  |      9480      9480          0         1         0
JUN-27  35200 P        0       0       0       0       0  |       0       0       0   11225     +670   21          0  |      9900      9555          0         3         0

                              TOTAL PUT                0  |                               TOTAL PUT               11  | TOTAL PUT                   11      1202       +11

                                                                                                                      | MONTH PUT/CALL RATIO      1.37
                                                                                                                      | MONTH TOTAL                 19      3136       +12

 
CONTRACT STRIKE *OPENING  *DAILY  *DAILY   CLOSE  VOLUME  |*OPENING  *DAILY  *DAILY  O.Q.P.   O.Q.P.  IV%     VOLUME  | *Contract *Contract     Volume      Open Change in
MONTH     PRICE    PRICE    HIGH     LOW   PRICE          |   PRICE    HIGH     LOW   CLOSE   CHANGE                  |      High       Low             Interest        OI
SEP-27  19500 C        0       0       0       0       0  |       0       0       0    5020     -601   23          0  |         0         0          0         0         0
SEP-27  19600 C        0       0       0       0       0  |       0       0       0    4936     -598   22          0  |         0         0          0         0         0
SEP-27  19700 C        0       0       0       0       0  |       0       0       0    4853     -594   22          0  |         0         0          0         0         0
SEP-27  19800 C        0       0       0       0       0  |       0       0       0    4770     -591   22          0  |         0         0          0         0         0
SEP-27  19900 C        0       0       0       0       0  |       0       0       0    4687     -588   22          0  |         0         0          0         0         0
SEP-27  20000 C        0       0       0       0       0  |       0       0       0    4606     -584   22          0  |         0         0          0         0         0
SEP-27  20200 C        0       0       0       0       0  |       0       0       0    4443     -578   22          0  |         0         0          0         0         0
SEP-27  20400 C        0       0       0       0       0  |       0       0       0    4283     -571   22          0  |         0         0          0         0         0
SEP-27  20600 C        0       0       0       0       0  |       0       0       0    4126     -562   22          0  |         0         0          0         0         0
SEP-27  20800 C        0       0       0       0       0  |       0       0       0    3971     -554   21          0  |         0         0          0         0         0
SEP-27  21000 C        0       0       0       0       0  |       0       0       0    3819     -545   21          0  |         0         0          0         0         0
SEP-27  21200 C        0       0       0       0       0  |       0       0       0    3669     -536   21          0  |         0         0          0         0         0
SEP-27  21400 C        0       0       0       0       0  |       0       0       0    3522     -527   21          0  |         0         0          0         0         0
SEP-27  21600 C        0       0       0       0       0  |       0       0       0    3379     -516   21          0  |         0         0          0         0         0
SEP-27  21800 C        0       0       0       0       0  |       0       0       0    3238     -506   21          0  |         0         0          0         0         0
SEP-27  22000 C        0       0       0       0       0  |       0       0       0    3101     -495   21          0  |         0         0          0         0         0
SEP-27  22200 C        0       0       0       0       0  |       0       0       0    2967     -483   20          0  |         0         0          0         0         0
SEP-27  22400 C        0       0       0       0       0  |       0       0       0    2837     -471   20          0  |         0         0          0         0         0
SEP-27  22600 C        0       0       0       0       0  |       0       0       0    2709     -460   20          0  |         0         0          0         0         0
SEP-27  22800 C        0       0       0       0       0  |       0       0       0    2571     -463   20          0  |         0         0          0         0         0
SEP-27  23000 C        0       0       0       0       0  |       0       0       0    2455     -447   20          0  |         0         0          0         0         0
SEP-27  23200 C        0       0       0       0       0  |       0       0       0    2338     -436   20          0  |         0         0          0         0         0
SEP-27  23400 C        0       0       0       0       0  |       0       0       0    2229     -420   20          0  |         0         0          0         0         0
SEP-27  23600 C        0       0       0       0       0  |       0       0       0    2119     -409   20          0  |         0         0          0         0         0
SEP-27  23800 C        0       0       0       0       0  |       0       0       0    2016     -396   20          0  |         0         0          0         0         0
SEP-27  24000 C        0       0       0       0       0  |       0       0       0    1931     -368   20          0  |         0         0          0         0         0
SEP-27  24200 C        0       0       0       0       0  |       0       0       0    1832     -358   20          0  |         0         0          0         0         0
SEP-27  24400 C        0       0       0       0       0  |    1728    1728    1728    1729     -355   19          1  |      1728      1728          1         2        +1
SEP-27  24600 C        0       0       0       0       0  |       0       0       0    1641     -342   19          0  |         0         0          0         0         0
SEP-27  24800 C        0       0       0       0       0  |       0       0       0    1556     -330   19          0  |         0         0          0         0         0
SEP-27  25000 C        0       0       0       0       0  |       0       0       0    1475     -318   19          0  |      1791      1791          0         2         0
SEP-27  25200 C        0       0       0       0       0  |       0       0       0    1398     -305   19          0  |         0         0          0         0         0
SEP-27  25400 C        0       0       0       0       0  |       0       0       0    1325     -292   19          0  |         0         0          0         0         0
SEP-27  25600 C        0       0       0       0       0  |       0       0       0    1254     -281   19          0  |         0         0          0         0         0
SEP-27  25800 C        0       0       0       0       0  |       0       0       0    1187     -270   19          0  |         0         0          0         0         0
SEP-27  26000 C        0       0       0       0       0  |       0       0       0    1124     -258   19          0  |         0         0          0         0         0
SEP-27  26200 C        0       0       0       0       0  |       0       0       0    1063     -247   19          0  |         0         0          0         0         0
SEP-27  26400 C        0       0       0       0       0  |       0       0       0    1005     -237   19          0  |         0         0          0         0         0
SEP-27  26600 C        0       0       0       0       0  |       0       0       0     950     -227   19          0  |         0         0          0         0         0
SEP-27  26800 C        0       0       0       0       0  |       0       0       0     893     -222   19          0  |      1324      1297          0         3         0
SEP-27  27000 C        0       0       0       0       0  |       0       0       0     843     -213   19          0  |      1305      1125          0         4         0
SEP-27  27200 C        0       0       0       0       0  |       0       0       0     796     -204   19          0  |         0         0          0         0         0
SEP-27  27400 C        0       0       0       0       0  |       0       0       0     752     -194   19          0  |         0         0          0         0         0
SEP-27  27600 C        0       0       0       0       0  |       0       0       0     709     -186   19          0  |         0         0          0         0         0
SEP-27  27800 C        0       0       0       0       0  |       0       0       0     669     -178   19          0  |         0         0          0         0         0
SEP-27  28000 C        0       0       0       0       0  |       0       0       0     636     -165   19          0  |         0         0          0         0         0
SEP-27  28200 C        0       0       0       0       0  |       0       0       0     601     -157   19          0  |         0         0          0         0         0
SEP-27  28400 C        0       0       0       0       0  |       0       0       0     568     -149   19          0  |         0         0          0         0         0
SEP-27  28600 C        0       0       0       0       0  |       0       0       0     537     -140   19          0  |         0         0          0         0         0
SEP-27  28800 C        0       0       0       0       0  |       0       0       0     508     -132   19          0  |         0         0          0         0         0
SEP-27  29000 C        0       0       0       0       0  |       0       0       0     480     -125   19          0  |       650       597          0         3         0
SEP-27  29200 C        0       0       0       0       0  |       0       0       0     454     -118   19          0  |         0         0          0         0         0
SEP-27  29400 C        0       0       0       0       0  |       0       0       0     430     -110   20          0  |         0         0          0         0         0
SEP-27  29600 C        0       0       0       0       0  |       0       0       0     407     -103   20          0  |       608       608          0         1         0
SEP-27  29800 C        0       0       0       0       0  |       0       0       0     385      -97   20          0  |         0         0          0         0         0
SEP-27  30000 C        0       0       0       0       0  |       0       0       0     365      -90   20          0  |         0         0          0         0         0
SEP-27  30200 C        0       0       0       0       0  |       0       0       0     346      -84   20          0  |         0         0          0         0         0
SEP-27  30400 C        0       0       0       0       0  |       0       0       0     328      -78   20          0  |         0         0          0         0         0
SEP-27  30600 C        0       0       0       0       0  |       0       0       0     311      -73   20          0  |       491       491          0         1         0
SEP-27  30800 C        0       0       0       0       0  |     274     278     274     295      -67   20          2  |       555       274          2        45        +2

                              TOTAL CALL               0  |                               TOTAL CALL               3  | TOTAL CALL                   3        61        +3

CONTRACT STRIKE *OPENING  *DAILY  *DAILY   CLOSE  VOLUME  |*OPENING  *DAILY  *DAILY  O.Q.P.   O.Q.P.  IV%     VOLUME  | *Contract *Contract     Volume      Open Change in
MONTH     PRICE    PRICE    HIGH     LOW   PRICE          |   PRICE    HIGH     LOW   CLOSE   CHANGE                  |      High       Low             Interest        OI
SEP-27  19500 P        0       0       0       0       0  |       0       0       0     489      +79   23          0  |       392       392          0         1         0
SEP-27  19600 P        0       0       0       0       0  |     444     444     444     504      +81   22          2  |       444       419          2        10        +2
SEP-27  19700 P        0       0       0       0       0  |       0       0       0     521      +85   22          0  |         0         0          0         0         0
SEP-27  19800 P        0       0       0       0       0  |       0       0       0     538      +88   22          0  |         0         0          0         0         0
SEP-27  19900 P        0       0       0       0       0  |       0       0       0     555      +90   22          0  |         0         0          0         0         0
SEP-27  20000 P        0       0       0       0       0  |       0       0       0     574      +95   22          0  |       412       412          0         1         0
SEP-27  20200 P        0       0       0       0       0  |       0       0       0     611     +101   22          0  |         0         0          0         0         0
SEP-27  20400 P        0       0       0       0       0  |       0       0       0     651     +108   22          0  |         0         0          0         0         0
SEP-27  20600 P        0       0       0       0       0  |       0       0       0     694     +116   22          0  |         0         0          0         0         0
SEP-27  20800 P        0       0       0       0       0  |       0       0       0     739     +125   21          0  |         0         0          0         0         0
SEP-27  21000 P        0       0       0       0       0  |       0       0       0     787     +134   21          0  |         0         0          0         0         0
SEP-27  21200 P        0       0       0       0       0  |       0       0       0     835     +141   21          0  |         0         0          0         0         0
SEP-27  21400 P        0       0       0       0       0  |       0       0       0     889     +151   21          0  |         0         0          0         0         0
SEP-27  21600 P        0       0       0       0       0  |       0       0       0     946     +162   21          0  |         0         0          0         0         0
SEP-27  21800 P        0       0       0       0       0  |       0       0       0    1005     +172   21          0  |         0         0          0         0         0
SEP-27  22000 P        0       0       0       0       0  |       0       0       0    1069     +184   21          0  |      1013      1013          0         1         0
SEP-27  22200 P        0       0       0       0       0  |       0       0       0    1132     +192   20          0  |         0         0          0         0         0
SEP-27  22400 P        0       0       0       0       0  |       0       0       0    1202     +204   20          0  |      1082      1051          0         0         0
SEP-27  22600 P        0       0       0       0       0  |       0       0       0    1276     +217   20          0  |      1030      1030          0         1         0
SEP-27  22800 P        0       0       0       0       0  |       0       0       0    1353     +230   20          0  |         0         0          0         0         0
SEP-27  23000 P        0       0       0       0       0  |       0       0       0    1434     +243   20          0  |         0         0          0         0         0
SEP-27  23200 P        0       0       0       0       0  |       0       0       0    1519     +256   20          0  |      1293      1287          0         2         0
SEP-27  23400 P        0       0       0       0       0  |       0       0       0    1607     +269   20          0  |         0         0          0         0         0
SEP-27  23600 P        0       0       0       0       0  |       0       0       0    1699     +281   20          0  |         0         0          0         0         0
SEP-27  23800 P        0       0       0       0       0  |       0       0       0    1796     +295   20          0  |         0         0          0         0         0
SEP-27  24000 P        0       0       0       0       0  |       0       0       0    1896     +308   20          0  |         0         0          0         0         0
SEP-27  24200 P        0       0       0       0       0  |       0       0       0    2000     +321   20          0  |         0         0          0         0         0
SEP-27  24400 P        0       0       0       0       0  |       0       0       0    2108     +334   19          0  |         0         0          0         1         0
SEP-27  24600 P        0       0       0       0       0  |       0       0       0    2220     +347   19          0  |         0         0          0         0         0
SEP-27  24800 P        0       0       0       0       0  |       0       0       0    2326     +351   19          0  |         0         0          0         0         0
SEP-27  25000 P        0       0       0       0       0  |       0       0       0    2444     +362   19          0  |      1860      1860          0         3         0
SEP-27  25200 P        0       0       0       0       0  |       0       0       0    2566     +374   19          0  |         0         0          0         0         0
SEP-27  25400 P        0       0       0       0       0  |       0       0       0    2691     +384   19          0  |         0         0          0         0         0
SEP-27  25600 P        0       0       0       0       0  |       0       0       0    2820     +395   19          0  |         0         0          0         0         0
SEP-27  25800 P        0       0       0       0       0  |       0       0       0    2952     +406   19          0  |         0         0          0         0         0
SEP-27  26000 P        0       0       0       0       0  |       0       0       0    3088     +417   19          0  |         0         0          0         0         0
SEP-27  26200 P        0       0       0       0       0  |       0       0       0    3227     +428   19          0  |         0         0          0         0         0
SEP-27  26400 P        0       0       0       0       0  |       0       0       0    3369     +438   19          0  |         0         0          0         0         0
SEP-27  26600 P        0       0       0       0       0  |       0       0       0    3514     +448   19          0  |         0         0          0         0         0
SEP-27  26800 P        0       0       0       0       0  |       0       0       0    3662     +458   19          0  |         0         0          0         0         0
SEP-27  27000 P        0       0       0       0       0  |       0       0       0    3812     +467   19          0  |         0         0          0         0         0
SEP-27  27200 P        0       0       0       0       0  |       0       0       0    3966     +477   19          0  |         0         0          0         0         0
SEP-27  27400 P        0       0       0       0       0  |       0       0       0    4122     +487   19          0  |         0         0          0         0         0
SEP-27  27600 P        0       0       0       0       0  |       0       0       0    4280     +495   19          0  |         0         0          0         0         0
SEP-27  27800 P        0       0       0       0       0  |       0       0       0    4441     +505   19          0  |         0         0          0         0         0
SEP-27  28000 P        0       0       0       0       0  |       0       0       0    4604     +513   19          0  |         0         0          0         0         0
SEP-27  28200 P        0       0       0       0       0  |       0       0       0    4769     +522   19          0  |         0         0          0         0         0
SEP-27  28400 P        0       0       0       0       0  |       0       0       0    4936     +530   19          0  |         0         0          0         0         0
SEP-27  28600 P        0       0       0       0       0  |       0       0       0    5105     +538   19          0  |         0         0          0         0         0
SEP-27  28800 P        0       0       0       0       0  |       0       0       0    5276     +546   19          0  |         0         0          0         0         0
SEP-27  29000 P        0       0       0       0       0  |       0       0       0    5448     +554   19          0  |         0         0          0         0         0
SEP-27  29200 P        0       0       0       0       0  |       0       0       0    5622     +561   19          0  |         0         0          0         0         0
SEP-27  29400 P        0       0       0       0       0  |       0       0       0    5798     +568   20          0  |         0         0          0         0         0
SEP-27  29600 P        0       0       0       0       0  |       0       0       0    5975     +575   20          0  |         0         0          0         0         0
SEP-27  29800 P        0       0       0       0       0  |       0       0       0    6153     +582   20          0  |         0         0          0         0         0
SEP-27  30000 P        0       0       0       0       0  |       0       0       0    6333     +588   20          0  |         0         0          0         0         0
SEP-27  30200 P        0       0       0       0       0  |       0       0       0    6514     +595   20          0  |         0         0          0         0         0
SEP-27  30400 P        0       0       0       0       0  |       0       0       0    6696     +601   20          0  |         0         0          0         0         0
SEP-27  30600 P        0       0       0       0       0  |       0       0       0    6879     +606   20          0  |         0         0          0         0         0
SEP-27  30800 P        0       0       0       0       0  |       0       0       0    7063     +612   20          0  |         0         0          0         0         0

                              TOTAL PUT                0  |                               TOTAL PUT                2  | TOTAL PUT                    2        20        +2

                                                                                                                      | MONTH PUT/CALL RATIO      0.66
                                                                                                                      | MONTH TOTAL                  5        81        +5

 
CONTRACT STRIKE *OPENING  *DAILY  *DAILY   CLOSE  VOLUME  |*OPENING  *DAILY  *DAILY  O.Q.P.   O.Q.P.  IV%     VOLUME  | *Contract *Contract     Volume      Open Change in
MONTH     PRICE    PRICE    HIGH     LOW   PRICE          |   PRICE    HIGH     LOW   CLOSE   CHANGE                  |      High       Low             Interest        OI
DEC-27  11600 C        0       0       0       0       0  |       0       0       0   12536     -651   33          0  |         0         0          0         0         0
DEC-27  11800 C        0       0       0       0       0  |       0       0       0   12340     -649   33          0  |         0         0          0         0         0
DEC-27  12000 C        0       0       0       0       0  |       0       0       0   12145     -647   33          0  |         0         0          0         0         0
DEC-27  12200 C        0       0       0       0       0  |       0       0       0   11950     -646   32          0  |         0         0          0         0         0
DEC-27  12400 C        0       0       0       0       0  |       0       0       0   11755     -644   32          0  |         0         0          0         0         0
DEC-27  12600 C        0       0       0       0       0  |       0       0       0   11561     -642   32          0  |         0         0          0         0         0
DEC-27  12800 C        0       0       0       0       0  |       0       0       0   11366     -641   31          0  |         0         0          0         0         0
DEC-27  13000 C        0       0       0       0       0  |       0       0       0   11172     -639   31          0  |         0         0          0         0         0
DEC-27  13200 C        0       0       0       0       0  |       0       0       0   10979     -637   31          0  |         0         0          0         0         0
DEC-27  13400 C        0       0       0       0       0  |       0       0       0   10786     -635   30          0  |         0         0          0         0         0
DEC-27  13600 C        0       0       0       0       0  |       0       0       0   10593     -633   30          0  |         0         0          0         0         0
DEC-27  13800 C        0       0       0       0       0  |       0       0       0   10400     -632   30          0  |         0         0          0         0         0
DEC-27  14000 C        0       0       0       0       0  |       0       0       0   10208     -630   29          0  |         0         0          0         0         0
DEC-27  14200 C        0       0       0       0       0  |       0       0       0   10017     -628   29          0  |         0         0          0         0         0
DEC-27  14400 C        0       0       0       0       0  |       0       0       0    9826     -626   29          0  |         0         0          0         0         0
DEC-27  14600 C        0       0       0       0       0  |       0       0       0    9635     -624   29          0  |         0         0          0         0         0
DEC-27  14800 C        0       0       0       0       0  |       0       0       0    9445     -622   28          0  |         0         0          0         0         0
DEC-27  15000 C        0       0       0       0       0  |       0       0       0    9255     -621   28          0  |         0         0          0         0         0
DEC-27  15200 C        0       0       0       0       0  |       0       0       0    9066     -619   28          0  |         0         0          0         0         0
DEC-27  15400 C        0       0       0       0       0  |       0       0       0    8878     -617   27          0  |         0         0          0         0         0
DEC-27  15600 C        0       0       0       0       0  |       0       0       0    8690     -615   27          0  |         0         0          0         0         0
DEC-27  15800 C        0       0       0       0       0  |       0       0       0    8503     -613   27          0  |         0         0          0         0         0
DEC-27  16000 C        0       0       0       0       0  |       0       0       0    8316     -611   27          0  |         0         0          0         0         0
DEC-27  16200 C        0       0       0       0       0  |       0       0       0    8131     -608   26          0  |         0         0          0         0         0
DEC-27  16400 C        0       0       0       0       0  |       0       0       0    7946     -606   26          0  |         0         0          0         0         0
DEC-27  16600 C        0       0       0       0       0  |       0       0       0    7761     -605   26          0  |         0         0          0         0         0
DEC-27  16800 C        0       0       0       0       0  |       0       0       0    7578     -603   26          0  |         0         0          0         0         0
DEC-27  17000 C        0       0       0       0       0  |       0       0       0    7396     -600   25          0  |         0         0          0         0         0
DEC-27  17200 C        0       0       0       0       0  |       0       0       0    7215     -597   25          0  |         0         0          0         0         0
DEC-27  17400 C        0       0       0       0       0  |       0       0       0    7034     -595   25          0  |         0         0          0         0         0
DEC-27  17600 C        0       0       0       0       0  |       0       0       0    6855     -592   25          0  |         0         0          0         0         0
DEC-27  17800 C        0       0       0       0       0  |       0       0       0    6677     -589   24          0  |         0         0          0         0         0
DEC-27  18000 C        0       0       0       0       0  |       0       0       0    6500     -586   24          0  |         0         0          0         0         0
DEC-27  18200 C        0       0       0       0       0  |       0       0       0    6324     -584   24          0  |         0         0          0         0         0
DEC-27  18400 C        0       0       0       0       0  |       0       0       0    6150     -580   24          0  |         0         0          0         0         0
DEC-27  18600 C        0       0       0       0       0  |       0       0       0    5977     -576   23          0  |         0         0          0         0         0
DEC-27  18800 C        0       0       0       0       0  |       0       0       0    5806     -572   23          0  |         0         0          0         0         0
DEC-27  19000 C        0       0       0       0       0  |       0       0       0    5636     -568   23          0  |         0         0          0         0         0
DEC-27  19200 C        0       0       0       0       0  |       0       0       0    5468     -563   23          0  |         0         0          0         0         0
DEC-27  19400 C        0       0       0       0       0  |       0       0       0    5302     -558   23          0  |         0         0          0         0         0
DEC-27  19600 C        0       0       0       0       0  |       0       0       0    5137     -553   22          0  |         0         0          0         0         0
DEC-27  19800 C        0       0       0       0       0  |       0       0       0    4974     -547   22          0  |         0         0          0         0         0
DEC-27  20000 C        0       0       0       0       0  |       0       0       0    4814     -541   22          0  |         0         0          0         0         0
DEC-27  20400 C        0       0       0       0       0  |       0       0       0    4499     -527   22          0  |         0         0          0         0         0
DEC-27  20800 C        0       0       0       0       0  |       0       0       0    4194     -510   21          0  |         0         0          0         0         0
DEC-27  21200 C        0       0       0       0       0  |       0       0       0    3899     -491   21          0  |         0         0          0         0         0
DEC-27  21600 C        0       0       0       0       0  |       0       0       0    3614     -472   21          0  |         0         0          0         0         0
DEC-27  22000 C        0       0       0       0       0  |       0       0       0    3342     -449   21          0  |      3130      2920          0        10         0
DEC-27  22400 C        0       0       0       0       0  |       0       0       0    3081     -429   20          0  |         0         0          0         0         0
DEC-27  22800 C        0       0       0       0       0  |       0       0       0    2834     -411   20          0  |         0         0          0         0         0
DEC-27  23200 C        0       0       0       0       0  |       0       0       0    2601     -397   20          0  |         0         0          0         0         0
DEC-27  23600 C        0       0       0       0       0  |       0       0       0    2381     -389   20          0  |         0         0          0         0         0
DEC-27  24000 C        0       0       0       0       0  |       0       0       0    2175     -383   20          0  |      2300      2238          0         0         0
DEC-27  24400 C        0       0       0       0       0  |       0       0       0    1983     -378   19          0  |         0         0          0         0         0
DEC-27  24800 C        0       0       0       0       0  |       0       0       0    1806     -371   19          0  |         0         0          0         0         0
DEC-27  25200 C        0       0       0       0       0  |       0       0       0    1642     -364   19          0  |         0         0          0         0         0
DEC-27  25600 C        0       0       0       0       0  |       0       0       0    1491     -355   19          0  |         0         0          0       100         0
DEC-27  26000 C        0       0       0       0       0  |       0       0       0    1354     -344   19          0  |      2152      1508          0         0         0
DEC-27  26400 C        0       0       0       0       0  |       0       0       0    1228     -332   19          0  |      2146      1930          0         0         0
DEC-27  26800 C        0       0       0       0       0  |       0       0       0    1114     -317   19          0  |         0         0          0         0         0
DEC-27  27200 C        0       0       0       0       0  |       0       0       0    1011     -302   19          0  |      1680      1408          0         0         0
DEC-27  27600 C        0       0       0       0       0  |       0       0       0     917     -286   19          0  |         0         0          0         0         0
DEC-27  28000 C        0       0       0       0       0  |       0       0       0     833     -268   19          0  |      2260      1652          0         2         0
DEC-27  28400 C        0       0       0       0       0  |       0       0       0     757     -250   19          0  |         0         0          0         0         0
DEC-27  28800 C        0       0       0       0       0  |       0       0       0     689     -232   19          0  |         0         0          0         0         0
DEC-27  29200 C        0       0       0       0       0  |       0       0       0     627     -214   19          0  |         0         0          0         0         0
DEC-27  29600 C        0       0       0       0       0  |       0       0       0     572     -196   20          0  |         0         0          0         0         0
DEC-27  30000 C        0       0       0       0       0  |     540     540     540     522     -179   20          3  |      1314       540          3         5         0
DEC-27  30400 C        0       0       0       0       0  |       0       0       0     477     -162   20          0  |         0         0          0         0         0
DEC-27  30800 C        0       0       0       0       0  |       0       0       0     437     -146   20          0  |       520       488          0         5         0
DEC-27  31200 C        0       0       0       0       0  |       0       0       0     401     -130   20          0  |       570       465          0        12         0
DEC-27  31600 C        0       0       0       0       0  |       0       0       0     368     -115   20          0  |       540       500          0         7         0
DEC-27  32000 C        0       0       0       0       0  |       0       0       0     338     -102   20          0  |       545       408          0        17         0
DEC-27  32400 C        0       0       0       0       0  |       0       0       0     311      -89   20          0  |       510       446          0         7         0
DEC-27  32800 C        0       0       0       0       0  |       0       0       0     287      -77   21          0  |       670       358          0         6         0
DEC-27  33200 C        0       0       0       0       0  |       0       0       0     265      -66   21          0  |         0         0          0         0         0
DEC-27  33600 C        0       0       0       0       0  |       0       0       0     246      -55   21          0  |       351       351          0         1         0
DEC-27  34000 C        0       0       0       0       0  |       0       0       0     228      -46   21          0  |         0         0          0         0         0
DEC-27  34400 C        0       0       0       0       0  |       0       0       0     211      -38   21          0  |       444       305          0         7         0
DEC-27  34800 C        0       0       0       0       0  |       0       0       0     196      -30   21          0  |       284       284          0        10         0
DEC-27  35200 C        0       0       0       0       0  |       0       0       0     183      -22   21          0  |       444       220          0        31         0

                              TOTAL CALL               0  |                               TOTAL CALL               3  | TOTAL CALL                   3       220         0

CONTRACT STRIKE *OPENING  *DAILY  *DAILY   CLOSE  VOLUME  |*OPENING  *DAILY  *DAILY  O.Q.P.   O.Q.P.  IV%     VOLUME  | *Contract *Contract     Volume      Open Change in
MONTH     PRICE    PRICE    HIGH     LOW   PRICE          |   PRICE    HIGH     LOW   CLOSE   CHANGE                  |      High       Low             Interest        OI
DEC-27  11600 P        0       0       0       0       0  |       0       0       0      61      +34   33          0  |       114        43          0        38         0
DEC-27  11800 P        0       0       0       0       0  |       0       0       0      66      +36   33          0  |        93        93          0         2         0
DEC-27  12000 P        0       0       0       0       0  |       0       0       0      70      +37   33          0  |         0         0          0         0         0
DEC-27  12200 P        0       0       0       0       0  |       0       0       0      75      +39   32          0  |         0         0          0         0         0
DEC-27  12400 P        0       0       0       0       0  |       0       0       0      80      +40   32          0  |         0         0          0         0         0
DEC-27  12600 P        0       0       0       0       0  |       0       0       0      86      +42   32          0  |         0         0          0         0         0
DEC-27  12800 P        0       0       0       0       0  |       0       0       0      92      +44   31          0  |       101       101          0         3         0
DEC-27  13000 P        0       0       0       0       0  |       0       0       0      98      +46   31          0  |         0         0          0         0         0
DEC-27  13200 P        0       0       0       0       0  |       0       0       0     104      +47   31          0  |         0         0          0         0         0
DEC-27  13400 P        0       0       0       0       0  |       0       0       0     111      +49   30          0  |         0         0          0         0         0
DEC-27  13600 P        0       0       0       0       0  |       0       0       0     118      +51   30          0  |         0         0          0         0         0
DEC-27  13800 P        0       0       0       0       0  |       0       0       0     126      +53   30          0  |         0         0          0         0         0
DEC-27  14000 P        0       0       0       0       0  |       0       0       0     134      +55   29          0  |       103       103          0         1         0
DEC-27  14200 P        0       0       0       0       0  |       0       0       0     142      +56   29          0  |         0         0          0         0         0
DEC-27  14400 P        0       0       0       0       0  |       0       0       0     151      +58   29          0  |         0         0          0         0         0
DEC-27  14600 P        0       0       0       0       0  |       0       0       0     160      +60   29          0  |         0         0          0         0         0
DEC-27  14800 P        0       0       0       0       0  |       0       0       0     170      +62   28          0  |       127       110          0         3         0
DEC-27  15000 P        0       0       0       0       0  |       0       0       0     180      +63   28          0  |       137       128          0         2         0
DEC-27  15200 P        0       0       0       0       0  |       0       0       0     191      +65   28          0  |         0         0          0         0         0
DEC-27  15400 P        0       0       0       0       0  |       0       0       0     203      +68   27          0  |         0         0          0         0         0
DEC-27  15600 P        0       0       0       0       0  |       0       0       0     215      +69   27          0  |       248       242          0         2         0
DEC-27  15800 P        0       0       0       0       0  |       0       0       0     228      +72   27          0  |         0         0          0         0         0
DEC-27  16000 P        0       0       0       0       0  |       0       0       0     241      +73   27          0  |       275       275          0         1         0
DEC-27  16200 P        0       0       0       0       0  |       0       0       0     256      +76   26          0  |         0         0          0         0         0
DEC-27  16400 P        0       0       0       0       0  |       0       0       0     271      +78   26          0  |         0         0          0         0         0
DEC-27  16600 P        0       0       0       0       0  |       0       0       0     287      +80   26          0  |         0         0          0         0         0
DEC-27  16800 P        0       0       0       0       0  |       0       0       0     303      +82   26          0  |         0         0          0         0         0
DEC-27  17000 P        0       0       0       0       0  |       0       0       0     321      +84   25          0  |       277       277          0         1         0
DEC-27  17200 P        0       0       0       0       0  |       0       0       0     340      +87   25          0  |         0         0          0         0         0
DEC-27  17400 P        0       0       0       0       0  |       0       0       0     359      +89   25          0  |         0         0          0         0         0
DEC-27  17600 P        0       0       0       0       0  |       0       0       0     380      +92   25          0  |         0         0          0         0         0
DEC-27  17800 P        0       0       0       0       0  |       0       0       0     402      +95   24          0  |         0         0          0         0         0
DEC-27  18000 P        0       0       0       0       0  |       0       0       0     425      +98   24          0  |         0         0          0         0         0
DEC-27  18200 P        0       0       0       0       0  |       0       0       0     449     +101   24          0  |         0         0          0         0         0
DEC-27  18400 P        0       0       0       0       0  |       0       0       0     475     +104   24          0  |         0         0          0         0         0
DEC-27  18600 P        0       0       0       0       0  |       0       0       0     502     +108   23          0  |         0         0          0         0         0
DEC-27  18800 P        0       0       0       0       0  |       0       0       0     531     +112   23          0  |         0         0          0         0         0
DEC-27  19000 P        0       0       0       0       0  |       0       0       0     561     +116   23          0  |         0         0          0         0         0
DEC-27  19200 P        0       0       0       0       0  |       0       0       0     593     +121   23          0  |         0         0          0         0         0
DEC-27  19400 P        0       0       0       0       0  |       0       0       0     627     +126   23          0  |       516       460          0         0         0
DEC-27  19600 P        0       0       0       0       0  |       0       0       0     662     +131   22          0  |         0         0          0         0         0
DEC-27  19800 P        0       0       0       0       0  |       0       0       0     700     +138   22          0  |         0         0          0         0         0
DEC-27  20000 P        0       0       0       0       0  |       0       0       0     739     +144   22          0  |         0         0          0         0         0
DEC-27  20400 P        0       0       0       0       0  |       0       0       0     824     +157   22          0  |         0         0          0         0         0
DEC-27  20800 P        0       0       0       0       0  |       0       0       0     919     +174   21          0  |         0         0          0       300         0
DEC-27  21200 P        0       0       0       0       0  |       0       0       0    1024     +193   21          0  |       520       520          0         1         0
DEC-27  21600 P        0       0       0       0       0  |       0       0       0    1140     +214   21          0  |         0         0          0         0         0
DEC-27  22000 P        0       0       0       0       0  |       0       0       0    1267     +235   21          0  |      1930      1926          0       410         0
DEC-27  22400 P        0       0       0       0       0  |       0       0       0    1407     +256   20          0  |         0         0          0         0         0
DEC-27  22800 P        0       0       0       0       0  |       0       0       0    1559     +274   20          0  |      1741      1741          0        12         0
DEC-27  23200 P        0       0       0       0       0  |       0       0       0    1726     +287   20          0  |      2293      1902          0        18         0
DEC-27  23600 P        0       0       0       0       0  |       0       0       0    1906     +295   20          0  |         0         0          0         0         0
DEC-27  24000 P        0       0       0       0       0  |       0       0       0    2100     +301   20          0  |         0         0          0         0         0
DEC-27  24400 P        0       0       0       0       0  |       0       0       0    2308     +306   19          0  |         0         0          0         0         0
DEC-27  24800 P        0       0       0       0       0  |       0       0       0    2531     +313   19          0  |         0         0          0        10         0
DEC-27  25200 P        0       0       0       0       0  |       0       0       0    2767     +320   19          0  |      3000      2793          0         0         0
DEC-27  25600 P        0       0       0       0       0  |       0       0       0    3017     +330   19          0  |      2206      2206          0       101         0
DEC-27  26000 P        0       0       0       0       0  |       0       0       0    3279     +340   19          0  |      4028      2838          0         0         0
DEC-27  26400 P        0       0       0       0       0  |       0       0       0    3553     +353   19          0  |         0         0          0         0         0
DEC-27  26800 P        0       0       0       0       0  |       0       0       0    3839     +367   19          0  |         0         0          0         0         0
DEC-27  27200 P        0       0       0       0       0  |       0       0       0    4136     +383   19          0  |      4488      4208          0         0         0
DEC-27  27600 P        0       0       0       0       0  |       0       0       0    4443     +400   19          0  |         0         0          0         0         0
DEC-27  28000 P        0       0       0       0       0  |       0       0       0    4758     +416   19          0  |      5073      3928          0         0         0
DEC-27  28400 P        0       0       0       0       0  |       0       0       0    5082     +434   19          0  |         0         0          0         0         0
DEC-27  28800 P        0       0       0       0       0  |       0       0       0    5414     +452   19          0  |         0         0          0         0         0
DEC-27  29200 P        0       0       0       0       0  |       0       0       0    5752     +470   19          0  |         0         0          0         0         0
DEC-27  29600 P        0       0       0       0       0  |       0       0       0    6097     +488   20          0  |         0         0          0         0         0
DEC-27  30000 P        0       0       0       0       0  |       0       0       0    6447     +505   20          0  |      5800      5442          0         2         0
DEC-27  30400 P        0       0       0       0       0  |       0       0       0    6802     +522   20          0  |         0         0          0         0         0
DEC-27  30800 P        0       0       0       0       0  |       0       0       0    7162     +539   20          0  |      5680      5559          0         0         0
DEC-27  31200 P        0       0       0       0       0  |       0       0       0    7526     +554   20          0  |         0         0          0         0         0
DEC-27  31600 P        0       0       0       0       0  |       0       0       0    7893     +569   20          0  |         0         0          0         0         0
DEC-27  32000 P        0       0       0       0       0  |       0       0       0    8263     +582   20          0  |         0         0          0        10         0
DEC-27  32400 P        0       0       0       0       0  |       0       0       0    8637     +596   20          0  |         0         0          0         0         0
DEC-27  32800 P        0       0       0       0       0  |       0       0       0    9013     +608   21          0  |         0         0          0         0         0
DEC-27  33200 P        0       0       0       0       0  |       0       0       0    9391     +619   21          0  |         0         0          0         0         0
DEC-27  33600 P        0       0       0       0       0  |       0       0       0    9771     +629   21          0  |         0         0          0         0         0
DEC-27  34000 P        0       0       0       0       0  |       0       0       0   10153     +638   21          0  |         0         0          0         0         0
DEC-27  34400 P        0       0       0       0       0  |       0       0       0   10536     +646   21          0  |         0         0          0         0         0
DEC-27  34800 P        0       0       0       0       0  |       0       0       0   10921     +654   21          0  |         0         0          0         0         0
DEC-27  35200 P        0       0       0       0       0  |       0       0       0   11308     +662   21          0  |      9390      9120          0         3         0

                              TOTAL PUT                0  |                               TOTAL PUT                0  | TOTAL PUT                    0       920         0

                                                                                                                      | MONTH PUT/CALL RATIO      0.00
                                                                                                                      | MONTH TOTAL                  3      1140         0

 
CONTRACT STRIKE *OPENING  *DAILY  *DAILY   CLOSE  VOLUME  |*OPENING  *DAILY  *DAILY  O.Q.P.   O.Q.P.  IV%     VOLUME  | *Contract *Contract     Volume      Open Change in
MONTH     PRICE    PRICE    HIGH     LOW   PRICE          |   PRICE    HIGH     LOW   CLOSE   CHANGE                  |      High       Low             Interest        OI
JUN-28  18200 C        0       0       0       0       0  |       0       0       0    6677     -534   24          0  |         0         0          0         0         0
JUN-28  18400 C        0       0       0       0       0  |       0       0       0    6508     -531   24          0  |         0         0          0         0         0
JUN-28  18600 C        0       0       0       0       0  |       0       0       0    6341     -527   24          0  |         0         0          0         0         0
JUN-28  18800 C        0       0       0       0       0  |       0       0       0    6175     -523   23          0  |         0         0          0         0         0
JUN-28  19000 C        0       0       0       0       0  |       0       0       0    6011     -519   23          0  |         0         0          0         0         0
JUN-28  19200 C        0       0       0       0       0  |       0       0       0    5848     -515   23          0  |         0         0          0         0         0
JUN-28  19400 C        0       0       0       0       0  |       0       0       0    5686     -511   23          0  |         0         0          0         0         0
JUN-28  19600 C        0       0       0       0       0  |       0       0       0    5527     -505   22          0  |         0         0          0         0         0
JUN-28  19800 C        0       0       0       0       0  |       0       0       0    5369     -500   22          0  |         0         0          0         0         0
JUN-28  20000 C        0       0       0       0       0  |       0       0       0    5214     -494   22          0  |         0         0          0         0         0
JUN-28  20400 C        0       0       0       0       0  |       0       0       0    4908     -481   22          0  |         0         0          0         0         0
JUN-28  20800 C        0       0       0       0       0  |       0       0       0    4612     -466   21          0  |         0         0          0         0         0
JUN-28  21200 C        0       0       0       0       0  |       0       0       0    4324     -451   21          0  |         0         0          0         0         0
JUN-28  21600 C        0       0       0       0       0  |       0       0       0    4047     -439   21          0  |         0         0          0         0         0
JUN-28  22000 C        0       0       0       0       0  |       0       0       0    3780     -437   21          0  |         0         0          0         0         0
JUN-28  22400 C        0       0       0       0       0  |       0       0       0    3525     -444   20          0  |         0         0          0         0         0
JUN-28  22800 C        0       0       0       0       0  |       0       0       0    3281     -455   20          0  |         0         0          0         0         0
JUN-28  23200 C        0       0       0       0       0  |       0       0       0    3049     -465   20          0  |         0         0          0         0         0
JUN-28  23600 C        0       0       0       0       0  |       0       0       0    2830     -473   20          0  |         0         0          0         0         0
JUN-28  24000 C        0       0       0       0       0  |       0       0       0    2623     -480   20          0  |         0         0          0         0         0
JUN-28  24400 C        0       0       0       0       0  |       0       0       0    2429     -484   19          0  |         0         0          0         0         0
JUN-28  24800 C        0       0       0       0       0  |       0       0       0    2248     -484   19          0  |         0         0          0         0         0
JUN-28  25200 C        0       0       0       0       0  |       0       0       0    2079     -482   19          0  |         0         0          0         0         0
JUN-28  25600 C        0       0       0       0       0  |       0       0       0    1922     -477   19          0  |         0         0          0         0         0
JUN-28  26000 C        0       0       0       0       0  |       0       0       0    1777     -469   19          0  |         0         0          0         0         0
JUN-28  26400 C        0       0       0       0       0  |       0       0       0    1643     -459   19          0  |         0         0          0         0         0
JUN-28  26800 C        0       0       0       0       0  |       0       0       0    1520     -445   19          0  |         0         0          0         0         0
JUN-28  27200 C        0       0       0       0       0  |       0       0       0    1407     -430   19          0  |         0         0          0         0         0
JUN-28  27600 C        0       0       0       0       0  |       0       0       0    1303     -413   19          0  |         0         0          0         0         0
JUN-28  28000 C        0       0       0       0       0  |       0       0       0    1208     -394   19          0  |         0         0          0         0         0
JUN-28  28400 C        0       0       0       0       0  |       0       0       0    1121     -374   19          0  |         0         0          0         0         0
JUN-28  28800 C        0       0       0       0       0  |       0       0       0    1041     -354   19          0  |         0         0          0         0         0
JUN-28  29200 C        0       0       0       0       0  |       0       0       0     968     -333   19          0  |         0         0          0         0         0
JUN-28  29600 C        0       0       0       0       0  |       0       0       0     902     -310   20          0  |         0         0          0         0         0
JUN-28  30000 C        0       0       0       0       0  |       0       0       0     841     -289   20          0  |         0         0          0         0         0
JUN-28  30400 C        0       0       0       0       0  |       0       0       0     785     -267   20          0  |         0         0          0         0         0
JUN-28  30800 C        0       0       0       0       0  |       0       0       0     734     -246   20          0  |         0         0          0         0         0
JUN-28  31200 C        0       0       0       0       0  |       0       0       0     687     -225   20          0  |         0         0          0         0         0
JUN-28  31600 C        0       0       0       0       0  |       0       0       0     644     -205   20          0  |         0         0          0         0         0
JUN-28  32000 C        0       0       0       0       0  |       0       0       0     605     -185   20          0  |         0         0          0         0         0
JUN-28  32400 C        0       0       0       0       0  |       0       0       0     568     -167   20          0  |         0         0          0         0         0
JUN-28  32800 C        0       0       0       0       0  |       0       0       0     535     -148   21          0  |         0         0          0         0         0
JUN-28  33200 C        0       0       0       0       0  |       0       0       0     504     -131   21          0  |         0         0          0         0         0
JUN-28  33600 C        0       0       0       0       0  |       0       0       0     476     -115   21          0  |         0         0          0         0         0
JUN-28  34000 C        0       0       0       0       0  |       0       0       0     450      -99   21          0  |       614       555          0         4         0

                              TOTAL CALL               0  |                               TOTAL CALL               0  | TOTAL CALL                   0         4         0

CONTRACT STRIKE *OPENING  *DAILY  *DAILY   CLOSE  VOLUME  |*OPENING  *DAILY  *DAILY  O.Q.P.   O.Q.P.  IV%     VOLUME  | *Contract *Contract     Volume      Open Change in
MONTH     PRICE    PRICE    HIGH     LOW   PRICE          |   PRICE    HIGH     LOW   CLOSE   CHANGE                  |      High       Low             Interest        OI
JUN-28  18200 P        0       0       0       0       0  |       0       0       0     699     +166   24          0  |         0         0          0         0         0
JUN-28  18400 P        0       0       0       0       0  |       0       0       0     730     +169   24          0  |         0         0          0         0         0
JUN-28  18600 P        0       0       0       0       0  |       0       0       0     763     +173   24          0  |         0         0          0         0         0
JUN-28  18800 P        0       0       0       0       0  |       0       0       0     797     +177   23          0  |         0         0          0         0         0
JUN-28  19000 P        0       0       0       0       0  |       0       0       0     832     +180   23          0  |         0         0          0         0         0
JUN-28  19200 P        0       0       0       0       0  |       0       0       0     869     +184   23          0  |         0         0          0         0         0
JUN-28  19400 P        0       0       0       0       0  |       0       0       0     908     +189   23          0  |         0         0          0         0         0
JUN-28  19600 P        0       0       0       0       0  |       0       0       0     949     +195   22          0  |         0         0          0         0         0
JUN-28  19800 P        0       0       0       0       0  |       0       0       0     991     +200   22          0  |         0         0          0         0         0
JUN-28  20000 P        0       0       0       0       0  |       0       0       0    1036     +207   22          0  |         0         0          0         0         0
JUN-28  20400 P        0       0       0       0       0  |       0       0       0    1130     +219   22          0  |         0         0          0         0         0
JUN-28  20800 P        0       0       0       0       0  |       0       0       0    1233     +234   21          0  |         0         0          0         0         0
JUN-28  21200 P        0       0       0       0       0  |       0       0       0    1346     +249   21          0  |         0         0          0         0         0
JUN-28  21600 P        0       0       0       0       0  |       0       0       0    1469     +262   21          0  |         0         0          0         0         0
JUN-28  22000 P        0       0       0       0       0  |       0       0       0    1602     +263   21          0  |         0         0          0         0         0
JUN-28  22400 P        0       0       0       0       0  |       0       0       0    1746     +255   20          0  |         0         0          0         0         0
JUN-28  22800 P        0       0       0       0       0  |       0       0       0    1902     +244   20          0  |         0         0          0         0         0
JUN-28  23200 P        0       0       0       0       0  |       0       0       0    2071     +235   20          0  |         0         0          0         0         0
JUN-28  23600 P        0       0       0       0       0  |       0       0       0    2252     +227   20          0  |         0         0          0         0         0
JUN-28  24000 P        0       0       0       0       0  |       0       0       0    2445     +220   20          0  |         0         0          0         0         0
JUN-28  24400 P        0       0       0       0       0  |       0       0       0    2651     +216   19          0  |         0         0          0         0         0
JUN-28  24800 P        0       0       0       0       0  |       0       0       0    2870     +216   19          0  |         0         0          0         0         0
JUN-28  25200 P        0       0       0       0       0  |       0       0       0    3101     +218   19          0  |         0         0          0         0         0
JUN-28  25600 P        0       0       0       0       0  |       0       0       0    3344     +223   19          0  |         0         0          0         0         0
JUN-28  26000 P        0       0       0       0       0  |       0       0       0    3599     +231   19          0  |         0         0          0         0         0
JUN-28  26400 P        0       0       0       0       0  |       0       0       0    3865     +242   19          0  |         0         0          0         0         0
JUN-28  26800 P        0       0       0       0       0  |       0       0       0    4142     +255   19          0  |         0         0          0         0         0
JUN-28  27200 P        0       0       0       0       0  |       0       0       0    4429     +270   19          0  |         0         0          0         0         0
JUN-28  27600 P        0       0       0       0       0  |       0       0       0    4725     +287   19          0  |         0         0          0         0         0
JUN-28  28000 P        0       0       0       0       0  |       0       0       0    5030     +306   19          0  |         0         0          0         0         0
JUN-28  28400 P        0       0       0       0       0  |       0       0       0    5343     +326   19          0  |         0         0          0         0         0
JUN-28  28800 P        0       0       0       0       0  |       0       0       0    5663     +346   19          0  |         0         0          0         0         0
JUN-28  29200 P        0       0       0       0       0  |       0       0       0    5990     +368   19          0  |         0         0          0         0         0
JUN-28  29600 P        0       0       0       0       0  |       0       0       0    6323     +389   20          0  |         0         0          0         0         0
JUN-28  30000 P        0       0       0       0       0  |       0       0       0    6662     +411   20          0  |         0         0          0         0         0
JUN-28  30400 P        0       0       0       0       0  |       0       0       0    7007     +433   20          0  |         0         0          0         0         0
JUN-28  30800 P        0       0       0       0       0  |       0       0       0    7356     +454   20          0  |         0         0          0         0         0
JUN-28  31200 P        0       0       0       0       0  |       0       0       0    7709     +475   20          0  |         0         0          0         0         0
JUN-28  31600 P        0       0       0       0       0  |       0       0       0    8066     +495   20          0  |         0         0          0         0         0
JUN-28  32000 P        0       0       0       0       0  |       0       0       0    8426     +514   20          0  |         0         0          0         0         0
JUN-28  32400 P        0       0       0       0       0  |       0       0       0    8790     +533   20          0  |         0         0          0         0         0
JUN-28  32800 P        0       0       0       0       0  |       0       0       0    9157     +552   21          0  |         0         0          0         0         0
JUN-28  33200 P        0       0       0       0       0  |       0       0       0    9526     +569   21          0  |         0         0          0         0         0
JUN-28  33600 P        0       0       0       0       0  |       0       0       0    9898     +585   21          0  |         0         0          0         0         0
JUN-28  34000 P        0       0       0       0       0  |       0       0       0   10271     +600   21          0  |         0         0          0         0         0

                              TOTAL PUT                0  |                               TOTAL PUT                0  | TOTAL PUT                    0         0         0

                                                                                                                      | MONTH PUT/CALL RATIO ---------
                                                                                                                      | MONTH TOTAL                  0         4         0

 
CONTRACT STRIKE *OPENING  *DAILY  *DAILY   CLOSE  VOLUME  |*OPENING  *DAILY  *DAILY  O.Q.P.   O.Q.P.  IV%     VOLUME  | *Contract *Contract     Volume      Open Change in
MONTH     PRICE    PRICE    HIGH     LOW   PRICE          |   PRICE    HIGH     LOW   CLOSE   CHANGE                  |      High       Low             Interest        OI
DEC-28  12000 C        0       0       0       0       0  |       0       0       0   12578     -575   33          0  |         0         0          0         0         0
DEC-28  12200 C        0       0       0       0       0  |       0       0       0   12391     -571   32          0  |         0         0          0         0         0
DEC-28  12400 C        0       0       0       0       0  |       0       0       0   12203     -569   32          0  |         0         0          0         0         0
DEC-28  12600 C        0       0       0       0       0  |       0       0       0   12017     -566   32          0  |         0         0          0         0         0
DEC-28  12800 C        0       0       0       0       0  |       0       0       0   11830     -564   31          0  |         0         0          0         0         0
DEC-28  13000 C        0       0       0       0       0  |       0       0       0   11644     -562   31          0  |         0         0          0         0         0
DEC-28  13200 C        0       0       0       0       0  |       0       0       0   11459     -559   31          0  |         0         0          0         0         0
DEC-28  13400 C        0       0       0       0       0  |       0       0       0   11274     -556   30          0  |         0         0          0         0         0
DEC-28  13600 C        0       0       0       0       0  |       0       0       0   11089     -554   30          0  |         0         0          0         0         0
DEC-28  13800 C        0       0       0       0       0  |       0       0       0   10905     -552   30          0  |         0         0          0         0         0
DEC-28  14000 C        0       0       0       0       0  |       0       0       0   10721     -550   29          0  |         0         0          0         0         0
DEC-28  14200 C        0       0       0       0       0  |       0       0       0   10538     -548   29          0  |         0         0          0         0         0
DEC-28  14400 C        0       0       0       0       0  |       0       0       0   10355     -547   29          0  |         0         0          0         0         0
DEC-28  14600 C        0       0       0       0       0  |       0       0       0   10173     -545   29          0  |         0         0          0         0         0
DEC-28  14800 C        0       0       0       0       0  |       0       0       0    9992     -543   28          0  |         0         0          0         0         0
DEC-28  15000 C        0       0       0       0       0  |       0       0       0    9811     -541   28          0  |         0         0          0         0         0
DEC-28  15200 C        0       0       0       0       0  |       0       0       0    9631     -539   28          0  |         0         0          0         0         0
DEC-28  15400 C        0       0       0       0       0  |       0       0       0    9451     -538   27          0  |         0         0          0         0         0
DEC-28  15600 C        0       0       0       0       0  |       0       0       0    9273     -536   27          0  |         0         0          0         0         0
DEC-28  15800 C        0       0       0       0       0  |       0       0       0    9094     -535   27          0  |         0         0          0         0         0
DEC-28  16000 C        0       0       0       0       0  |       0       0       0    8917     -533   27          0  |         0         0          0         0         0
DEC-28  16200 C        0       0       0       0       0  |       0       0       0    8740     -532   26          0  |         0         0          0         0         0
DEC-28  16400 C        0       0       0       0       0  |       0       0       0    8565     -530   26          0  |         0         0          0         0         0
DEC-28  16600 C        0       0       0       0       0  |       0       0       0    8390     -529   26          0  |         0         0          0         0         0
DEC-28  16800 C        0       0       0       0       0  |       0       0       0    8216     -527   26          0  |         0         0          0         0         0
DEC-28  17000 C        0       0       0       0       0  |       0       0       0    8042     -526   25          0  |         0         0          0         0         0
DEC-28  17200 C        0       0       0       0       0  |       0       0       0    7870     -525   25          0  |         0         0          0         0         0
DEC-28  17400 C        0       0       0       0       0  |       0       0       0    7699     -523   25          0  |         0         0          0         0         0
DEC-28  17600 C        0       0       0       0       0  |       0       0       0    7529     -521   25          0  |         0         0          0         0         0
DEC-28  17800 C        0       0       0       0       0  |       0       0       0    7360     -519   24          0  |         0         0          0         0         0
DEC-28  18000 C        0       0       0       0       0  |       0       0       0    7192     -517   24          0  |         0         0          0         0         0
DEC-28  18200 C        0       0       0       0       0  |       0       0       0    7026     -514   24          0  |         0         0          0         0         0
DEC-28  18400 C        0       0       0       0       0  |       0       0       0    6860     -513   24          0  |         0         0          0         0         0
DEC-28  18600 C        0       0       0       0       0  |       0       0       0    6696     -510   23          0  |         0         0          0         0         0
DEC-28  18800 C        0       0       0       0       0  |       0       0       0    6534     -506   23          0  |         0         0          0         0         0
DEC-28  19000 C        0       0       0       0       0  |       0       0       0    6372     -504   23          0  |         0         0          0         0         0
DEC-28  19200 C        0       0       0       0       0  |       0       0       0    6213     -500   23          0  |         0         0          0         0         0
DEC-28  19400 C        0       0       0       0       0  |       0       0       0    6055     -496   23          0  |         0         0          0         0         0
DEC-28  19600 C        0       0       0       0       0  |       0       0       0    5898     -492   22          0  |         0         0          0         0         0
DEC-28  19800 C        0       0       0       0       0  |       0       0       0    5744     -486   22          0  |         0         0          0         0         0
DEC-28  20000 C        0       0       0       0       0  |       0       0       0    5591     -481   22          0  |         0         0          0         0         0
DEC-28  20400 C        0       0       0       0       0  |       0       0       0    5291     -469   22          0  |         0         0          0         0         0
DEC-28  20800 C        0       0       0       0       0  |       0       0       0    4999     -456   21          0  |         0         0          0         0         0
DEC-28  21200 C        0       0       0       0       0  |       0       0       0    4716     -442   21          0  |         0         0          0         0         0
DEC-28  21600 C        0       0       0       0       0  |       0       0       0    4443     -431   21          0  |         0         0          0         0         0
DEC-28  22000 C        0       0       0       0       0  |       0       0       0    4179     -434   21          0  |         0         0          0         0         0
DEC-28  22400 C        0       0       0       0       0  |       0       0       0    3926     -446   20          0  |         0         0          0         0         0
DEC-28  22800 C        0       0       0       0       0  |       0       0       0    3683     -463   20          0  |         0         0          0         0         0
DEC-28  23200 C        0       0       0       0       0  |       0       0       0    3452     -478   20          0  |         0         0          0         0         0
DEC-28  23600 C        0       0       0       0       0  |       0       0       0    3233     -492   20          0  |         0         0          0         0         0
DEC-28  24000 C        0       0       0       0       0  |       0       0       0    3025     -503   20          0  |         0         0          0         0         0
DEC-28  24400 C        0       0       0       0       0  |       0       0       0    2830     -511   19          0  |         0         0          0         0         0
DEC-28  24800 C        0       0       0       0       0  |       0       0       0    2646     -516   19          0  |         0         0          0         0         0
DEC-28  25200 C        0       0       0       0       0  |       0       0       0    2473     -518   19          0  |         0         0          0         0         0
DEC-28  25600 C        0       0       0       0       0  |       0       0       0    2312     -517   19          0  |         0         0          0         0         0
DEC-28  26000 C        0       0       0       0       0  |       0       0       0    2163     -511   19          0  |         0         0          0         0         0
DEC-28  26400 C        0       0       0       0       0  |       0       0       0    2023     -504   19          0  |         0         0          0         0         0
DEC-28  26800 C        0       0       0       0       0  |       0       0       0    1894     -494   19          0  |         0         0          0         0         0
DEC-28  27200 C        0       0       0       0       0  |       0       0       0    1774     -481   19          0  |         0         0          0         0         0
DEC-28  27600 C        0       0       0       0       0  |       0       0       0    1664     -465   19          0  |         0         0          0         0         0
DEC-28  28000 C        0       0       0       0       0  |       0       0       0    1562     -448   19          0  |         0         0          0         0         0
DEC-28  28400 C        0       0       0       0       0  |       0       0       0    1467     -429   19          0  |         0         0          0         0         0
DEC-28  28800 C        0       0       0       0       0  |       0       0       0    1380     -409   19          0  |         0         0          0         0         0
DEC-28  29200 C        0       0       0       0       0  |       0       0       0    1300     -388   19          0  |         0         0          0         0         0
DEC-28  29600 C        0       0       0       0       0  |       0       0       0    1226     -365   20          0  |         0         0          0         0         0
DEC-28  30000 C        0       0       0       0       0  |       0       0       0    1158     -343   20          0  |      1600      1600          0         1         0
DEC-28  30400 C        0       0       0       0       0  |       0       0       0    1094     -321   20          0  |         0         0          0         0         0
DEC-28  30800 C        0       0       0       0       0  |       0       0       0    1036     -297   20          0  |         0         0          0         0         0
DEC-28  31200 C        0       0       0       0       0  |       0       0       0     982     -275   20          0  |         0         0          0         0         0
DEC-28  31600 C        0       0       0       0       0  |       0       0       0     932     -252   20          0  |         0         0          0         0         0
DEC-28  32000 C        0       0       0       0       0  |       0       0       0     885     -231   20          0  |         0         0          0         0         0
DEC-28  32400 C        0       0       0       0       0  |       0       0       0     842     -209   20          0  |         0         0          0         0         0
DEC-28  32800 C        0       0       0       0       0  |       0       0       0     802     -188   21          0  |         0         0          0         0         0
DEC-28  33200 C        0       0       0       0       0  |       0       0       0     765     -168   21          0  |         0         0          0         0         0
DEC-28  33600 C        0       0       0       0       0  |       0       0       0     730     -149   21          0  |         0         0          0         0         0
DEC-28  34000 C        0       0       0       0       0  |       0       0       0     698     -129   21          0  |         0         0          0         0         0

                              TOTAL CALL               0  |                               TOTAL CALL               0  | TOTAL CALL                   0         1         0

CONTRACT STRIKE *OPENING  *DAILY  *DAILY   CLOSE  VOLUME  |*OPENING  *DAILY  *DAILY  O.Q.P.   O.Q.P.  IV%     VOLUME  | *Contract *Contract     Volume      Open Change in
MONTH     PRICE    PRICE    HIGH     LOW   PRICE          |   PRICE    HIGH     LOW   CLOSE   CHANGE                  |      High       Low             Interest        OI
DEC-28  12000 P        0       0       0       0       0  |       0       0       0     286     +137   33          0  |         0         0          0         0         0
DEC-28  12200 P        0       0       0       0       0  |       0       0       0     299     +141   32          0  |         0         0          0         0         0
DEC-28  12400 P        0       0       0       0       0  |       0       0       0     312     +144   32          0  |         0         0          0         0         0
DEC-28  12600 P        0       0       0       0       0  |       0       0       0     325     +146   32          0  |         0         0          0         0         0
DEC-28  12800 P        0       0       0       0       0  |       0       0       0     338     +148   31          0  |         0         0          0         0         0
DEC-28  13000 P        0       0       0       0       0  |       0       0       0     352     +151   31          0  |         0         0          0         0         0
DEC-28  13200 P        0       0       0       0       0  |       0       0       0     367     +154   31          0  |         0         0          0         0         0
DEC-28  13400 P        0       0       0       0       0  |       0       0       0     382     +156   30          0  |         0         0          0         0         0
DEC-28  13600 P        0       0       0       0       0  |       0       0       0     397     +158   30          0  |         0         0          0         0         0
DEC-28  13800 P        0       0       0       0       0  |       0       0       0     413     +160   30          0  |         0         0          0         0         0
DEC-28  14000 P        0       0       0       0       0  |       0       0       0     429     +162   29          0  |         0         0          0         0         0
DEC-28  14200 P        0       0       0       0       0  |       0       0       0     446     +164   29          0  |         0         0          0         0         0
DEC-28  14400 P        0       0       0       0       0  |       0       0       0     464     +167   29          0  |         0         0          0         0         0
DEC-28  14600 P        0       0       0       0       0  |       0       0       0     482     +169   29          0  |         0         0          0         0         0
DEC-28  14800 P        0       0       0       0       0  |       0       0       0     500     +170   28          0  |         0         0          0         0         0
DEC-28  15000 P        0       0       0       0       0  |       0       0       0     519     +171   28          0  |         0         0          0         0         0
DEC-28  15200 P        0       0       0       0       0  |       0       0       0     539     +173   28          0  |         0         0          0         0         0
DEC-28  15400 P        0       0       0       0       0  |       0       0       0     560     +175   27          0  |         0         0          0         0         0
DEC-28  15600 P        0       0       0       0       0  |       0       0       0     581     +177   27          0  |         0         0          0         0         0
DEC-28  15800 P        0       0       0       0       0  |       0       0       0     603     +178   27          0  |         0         0          0         0         0
DEC-28  16000 P        0       0       0       0       0  |       0       0       0     625     +179   27          0  |         0         0          0         0         0
DEC-28  16200 P        0       0       0       0       0  |       0       0       0     649     +181   26          0  |         0         0          0         0         0
DEC-28  16400 P        0       0       0       0       0  |       0       0       0     673     +182   26          0  |         0         0          0         0         0
DEC-28  16600 P        0       0       0       0       0  |       0       0       0     698     +184   26          0  |         0         0          0         0         0
DEC-28  16800 P        0       0       0       0       0  |       0       0       0     724     +185   26          0  |         0         0          0         0         0
DEC-28  17000 P        0       0       0       0       0  |       0       0       0     751     +187   25          0  |         0         0          0         0         0
DEC-28  17200 P        0       0       0       0       0  |       0       0       0     778     +188   25          0  |         0         0          0         0         0
DEC-28  17400 P        0       0       0       0       0  |       0       0       0     807     +189   25          0  |         0         0          0         0         0
DEC-28  17600 P        0       0       0       0       0  |       0       0       0     837     +191   25          0  |         0         0          0         0         0
DEC-28  17800 P        0       0       0       0       0  |       0       0       0     868     +193   24          0  |         0         0          0         0         0
DEC-28  18000 P        0       0       0       0       0  |       0       0       0     900     +195   24          0  |         0         0          0         0         0
DEC-28  18200 P        0       0       0       0       0  |       0       0       0     934     +198   24          0  |         0         0          0         0         0
DEC-28  18400 P        0       0       0       0       0  |       0       0       0     968     +200   24          0  |         0         0          0         0         0
DEC-28  18600 P        0       0       0       0       0  |       0       0       0    1004     +202   23          0  |         0         0          0         0         0
DEC-28  18800 P        0       0       0       0       0  |       0       0       0    1042     +206   23          0  |         0         0          0         0         0
DEC-28  19000 P        0       0       0       0       0  |       0       0       0    1081     +209   23          0  |         0         0          0         0         0
DEC-28  19200 P        0       0       0       0       0  |       0       0       0    1121     +213   23          0  |         0         0          0         0         0
DEC-28  19400 P        0       0       0       0       0  |       0       0       0    1163     +217   23          0  |         0         0          0         0         0
DEC-28  19600 P        0       0       0       0       0  |       0       0       0    1206     +220   22          0  |         0         0          0         0         0
DEC-28  19800 P        0       0       0       0       0  |       0       0       0    1252     +226   22          0  |         0         0          0         0         0
DEC-28  20000 P        0       0       0       0       0  |       0       0       0    1299     +231   22          0  |         0         0          0         0         0
DEC-28  20400 P        0       0       0       0       0  |       0       0       0    1399     +243   22          0  |         0         0          0         0         0
DEC-28  20800 P        0       0       0       0       0  |       0       0       0    1507     +256   21          0  |         0         0          0         0         0
DEC-28  21200 P        0       0       0       0       0  |       0       0       0    1624     +270   21          0  |         0         0          0         0         0
DEC-28  21600 P        0       0       0       0       0  |       0       0       0    1751     +281   21          0  |         0         0          0         0         0
DEC-28  22000 P        0       0       0       0       0  |       0       0       0    1887     +278   21          0  |         0         0          0         0         0
DEC-28  22400 P        0       0       0       0       0  |       0       0       0    2034     +266   20          0  |         0         0          0         0         0
DEC-28  22800 P        0       0       0       0       0  |       0       0       0    2191     +249   20          0  |         0         0          0         0         0
DEC-28  23200 P        0       0       0       0       0  |       0       0       0    2360     +234   20          0  |         0         0          0         0         0
DEC-28  23600 P        0       0       0       0       0  |       0       0       0    2541     +221   20          0  |         0         0          0         0         0
DEC-28  24000 P        0       0       0       0       0  |       0       0       0    2733     +209   20          0  |         0         0          0         0         0
DEC-28  24400 P        0       0       0       0       0  |       0       0       0    2938     +202   19          0  |         0         0          0         0         0
DEC-28  24800 P        0       0       0       0       0  |       0       0       0    3154     +196   19          0  |         0         0          0         0         0
DEC-28  25200 P        0       0       0       0       0  |       0       0       0    3381     +194   19          0  |         0         0          0         0         0
DEC-28  25600 P        0       0       0       0       0  |       0       0       0    3621     +196   19          0  |         0         0          0         0         0
DEC-28  26000 P        0       0       0       0       0  |       0       0       0    3871     +201   19          0  |         0         0          0         0         0
DEC-28  26400 P        0       0       0       0       0  |       0       0       0    4131     +208   19          0  |         0         0          0         0         0
DEC-28  26800 P        0       0       0       0       0  |       0       0       0    4402     +219   19          0  |         0         0          0         0         0
DEC-28  27200 P        0       0       0       0       0  |       0       0       0    4683     +232   19          0  |         0         0          0         0         0
DEC-28  27600 P        0       0       0       0       0  |       0       0       0    4972     +247   19          0  |         0         0          0         0         0
DEC-28  28000 P        0       0       0       0       0  |       0       0       0    5270     +265   19          0  |         0         0          0         0         0
DEC-28  28400 P        0       0       0       0       0  |       0       0       0    5576     +284   19          0  |         0         0          0         0         0
DEC-28  28800 P        0       0       0       0       0  |       0       0       0    5889     +304   19          0  |         0         0          0         0         0
DEC-28  29200 P        0       0       0       0       0  |       0       0       0    6208     +325   19          0  |         0         0          0         0         0
DEC-28  29600 P        0       0       0       0       0  |       0       0       0    6534     +347   20          0  |         0         0          0         0         0
DEC-28  30000 P        0       0       0       0       0  |       0       0       0    6866     +370   20          0  |         0         0          0         0         0
DEC-28  30400 P        0       0       0       0       0  |       0       0       0    7202     +392   20          0  |         0         0          0         0         0
DEC-28  30800 P        0       0       0       0       0  |       0       0       0    7544     +415   20          0  |         0         0          0         0         0
DEC-28  31200 P        0       0       0       0       0  |       0       0       0    7890     +438   20          0  |         0         0          0         0         0
DEC-28  31600 P        0       0       0       0       0  |       0       0       0    8240     +460   20          0  |         0         0          0         0         0
DEC-28  32000 P        0       0       0       0       0  |       0       0       0    8593     +482   20          0  |         0         0          0         0         0
DEC-28  32400 P        0       0       0       0       0  |       0       0       0    8950     +503   20          0  |         0         0          0         0         0
DEC-28  32800 P        0       0       0       0       0  |       0       0       0    9310     +524   21          0  |         0         0          0         0         0
DEC-28  33200 P        0       0       0       0       0  |       0       0       0    9673     +545   21          0  |         0         0          0         0         0
DEC-28  33600 P        0       0       0       0       0  |       0       0       0   10038     +564   21          0  |         0         0          0         0         0
DEC-28  34000 P        0       0       0       0       0  |       0       0       0   10406     +583   21          0  |         0         0          0         0         0

                              TOTAL PUT                0  |                               TOTAL PUT                0  | TOTAL PUT                    0         0         0

                                                                                                                      | MONTH PUT/CALL RATIO ---------
                                                                                                                      | MONTH TOTAL                  0         1         0

 
CONTRACT STRIKE *OPENING  *DAILY  *DAILY   CLOSE  VOLUME  |*OPENING  *DAILY  *DAILY  O.Q.P.   O.Q.P.  IV%     VOLUME  | *Contract *Contract     Volume      Open Change in
MONTH     PRICE    PRICE    HIGH     LOW   PRICE          |   PRICE    HIGH     LOW   CLOSE   CHANGE                  |      High       Low             Interest        OI
DEC-29  13200 C        0       0       0       0       0  |       0       0       0   11977     -477   31          0  |         0         0          0         0         0
DEC-29  13400 C        0       0       0       0       0  |       0       0       0   11798     -475   30          0  |         0         0          0         0         0
DEC-29  13600 C        0       0       0       0       0  |       0       0       0   11619     -474   30          0  |         0         0          0         0         0
DEC-29  13800 C        0       0       0       0       0  |       0       0       0   11440     -474   30          0  |         0         0          0         0         0
DEC-29  14000 C        0       0       0       0       0  |       0       0       0   11262     -473   29          0  |         0         0          0         0         0
DEC-29  14200 C        0       0       0       0       0  |       0       0       0   11084     -473   29          0  |         0         0          0         0         0
DEC-29  14400 C        0       0       0       0       0  |       0       0       0   10907     -472   29          0  |         0         0          0         0         0
DEC-29  14600 C        0       0       0       0       0  |       0       0       0   10731     -471   29          0  |         0         0          0         0         0
DEC-29  14800 C        0       0       0       0       0  |       0       0       0   10555     -471   28          0  |         0         0          0         0         0
DEC-29  15000 C        0       0       0       0       0  |       0       0       0   10379     -471   28          0  |         0         0          0         0         0
DEC-29  15200 C        0       0       0       0       0  |       0       0       0   10204     -472   28          0  |         0         0          0         0         0
DEC-29  15400 C        0       0       0       0       0  |       0       0       0   10030     -471   27          0  |         0         0          0         0         0
DEC-29  15600 C        0       0       0       0       0  |       0       0       0    9856     -472   27          0  |         0         0          0         0         0
DEC-29  15800 C        0       0       0       0       0  |       0       0       0    9683     -472   27          0  |         0         0          0         0         0
DEC-29  16000 C        0       0       0       0       0  |       0       0       0    9511     -472   27          0  |         0         0          0         0         0
DEC-29  16200 C        0       0       0       0       0  |       0       0       0    9339     -473   26          0  |         0         0          0         0         0
DEC-29  16400 C        0       0       0       0       0  |       0       0       0    9169     -472   26          0  |         0         0          0         0         0
DEC-29  16600 C        0       0       0       0       0  |       0       0       0    8999     -473   26          0  |         0         0          0         0         0
DEC-29  16800 C        0       0       0       0       0  |       0       0       0    8829     -474   26          0  |         0         0          0         0         0
DEC-29  17000 C        0       0       0       0       0  |       0       0       0    8661     -473   25          0  |         0         0          0         0         0
DEC-29  17200 C        0       0       0       0       0  |       0       0       0    8493     -474   25          0  |         0         0          0         0         0
DEC-29  17400 C        0       0       0       0       0  |       0       0       0    8327     -474   25          0  |         0         0          0         0         0
DEC-29  17600 C        0       0       0       0       0  |       0       0       0    8161     -474   25          0  |         0         0          0         0         0
DEC-29  17800 C        0       0       0       0       0  |       0       0       0    7997     -473   24          0  |         0         0          0         0         0
DEC-29  18000 C        0       0       0       0       0  |       0       0       0    7833     -473   24          0  |         0         0          0         0         0
DEC-29  18200 C        0       0       0       0       0  |       0       0       0    7671     -472   24          0  |         0         0          0         0         0
DEC-29  18400 C        0       0       0       0       0  |       0       0       0    7510     -471   24          0  |         0         0          0         0         0
DEC-29  18600 C        0       0       0       0       0  |       0       0       0    7350     -470   24          0  |         0         0          0         0         0
DEC-29  18800 C        0       0       0       0       0  |       0       0       0    7191     -469   23          0  |         0         0          0         0         0
DEC-29  19000 C        0       0       0       0       0  |       0       0       0    7034     -467   23          0  |         0         0          0         0         0
DEC-29  19200 C        0       0       0       0       0  |       0       0       0    6878     -465   23          0  |         0         0          0         0         0
DEC-29  19400 C        0       0       0       0       0  |       0       0       0    6723     -463   23          0  |         0         0          0         0         0
DEC-29  19600 C        0       0       0       0       0  |       0       0       0    6570     -460   22          0  |         0         0          0         0         0
DEC-29  19800 C        0       0       0       0       0  |       0       0       0    6419     -456   22          0  |         0         0          0         0         0
DEC-29  20000 C        0       0       0       0       0  |       0       0       0    6269     -452   22          0  |         0         0          0         0         0
DEC-29  20400 C        0       0       0       0       0  |       0       0       0    5975     -442   22          0  |         0         0          0         0         0
DEC-29  20800 C        0       0       0       0       0  |       0       0       0    5689     -430   21          0  |         0         0          0         0         0
DEC-29  21200 C        0       0       0       0       0  |       0       0       0    5411     -417   21          0  |         0         0          0         0         0
DEC-29  21600 C        0       0       0       0       0  |       0       0       0    5141     -411   21          0  |         0         0          0         0         0
DEC-29  22000 C        0       0       0       0       0  |       0       0       0    4880     -420   21          0  |         0         0          0         0         0
DEC-29  22400 C        0       0       0       0       0  |       0       0       0    4629     -441   20          0  |         0         0          0         0         0
DEC-29  22800 C        0       0       0       0       0  |       0       0       0    4388     -466   20          0  |         0         0          0         0         0
DEC-29  23200 C        0       0       0       0       0  |       0       0       0    4158     -489   20          0  |         0         0          0         0         0
DEC-29  23600 C        0       0       0       0       0  |       0       0       0    3938     -511   20          0  |         0         0          0         0         0
DEC-29  24000 C        0       0       0       0       0  |       0       0       0    3729     -530   20          0  |         0         0          0         0         0
DEC-29  24400 C        0       0       0       0       0  |       0       0       0    3531     -546   19          0  |         0         0          0         0         0
DEC-29  24800 C        0       0       0       0       0  |       0       0       0    3344     -558   19          0  |         0         0          0         0         0
DEC-29  25200 C        0       0       0       0       0  |       0       0       0    3167     -566   19          0  |         0         0          0         0         0
DEC-29  25600 C        0       0       0       0       0  |       0       0       0    3002     -570   19          0  |         0         0          0         0         0
DEC-29  26000 C        0       0       0       0       0  |       0       0       0    2846     -571   19          0  |         0         0          0         0         0
DEC-29  26400 C        0       0       0       0       0  |       0       0       0    2701     -568   19          0  |         0         0          0         0         0
DEC-29  26800 C        0       0       0       0       0  |       0       0       0    2565     -561   19          0  |         0         0          0         0         0
DEC-29  27200 C        0       0       0       0       0  |       0       0       0    2438     -552   19          0  |         0         0          0         0         0
DEC-29  27600 C        0       0       0       0       0  |       0       0       0    2320     -539   19          0  |         0         0          0         0         0
DEC-29  28000 C        0       0       0       0       0  |       0       0       0    2210     -524   19          0  |         0         0          0         0         0
DEC-29  28400 C        0       0       0       0       0  |       0       0       0    2107     -507   19          0  |         0         0          0         0         0
DEC-29  28800 C        0       0       0       0       0  |       0       0       0    2012     -487   19          0  |         0         0          0         0         0
DEC-29  29200 C        0       0       0       0       0  |       0       0       0    1923     -466   19          0  |         0         0          0         0         0
DEC-29  29600 C        0       0       0       0       0  |       0       0       0    1840     -444   20          0  |         0         0          0         0         0
DEC-29  30000 C        0       0       0       0       0  |       0       0       0    1763     -420   20          0  |         0         0          0         0         0
DEC-29  30400 C        0       0       0       0       0  |       0       0       0    1691     -396   20          0  |         0         0          0         0         0
DEC-29  30800 C        0       0       0       0       0  |       0       0       0    1623     -372   20          0  |         0         0          0         0         0
DEC-29  31200 C        0       0       0       0       0  |       0       0       0    1561     -346   20          0  |         0         0          0         0         0
DEC-29  31600 C        0       0       0       0       0  |       0       0       0    1502     -321   20          0  |         0         0          0         0         0
DEC-29  32000 C        0       0       0       0       0  |       0       0       0    1447     -296   20          0  |         0         0          0         0         0
DEC-29  32400 C        0       0       0       0       0  |       0       0       0    1395     -271   20          0  |         0         0          0         0         0
DEC-29  32800 C        0       0       0       0       0  |       0       0       0    1347     -246   21          0  |         0         0          0         0         0
DEC-29  33200 C        0       0       0       0       0  |       0       0       0    1302     -221   21          0  |         0         0          0         0         0
DEC-29  33600 C        0       0       0       0       0  |       0       0       0    1259     -197   21          0  |         0         0          0         0         0
DEC-29  34000 C        0       0       0       0       0  |       0       0       0    1219     -173   21          0  |         0         0          0         0         0

                              TOTAL CALL               0  |                               TOTAL CALL               0  | TOTAL CALL                   0         0         0

CONTRACT STRIKE *OPENING  *DAILY  *DAILY   CLOSE  VOLUME  |*OPENING  *DAILY  *DAILY  O.Q.P.   O.Q.P.  IV%     VOLUME  | *Contract *Contract     Volume      Open Change in
MONTH     PRICE    PRICE    HIGH     LOW   PRICE          |   PRICE    HIGH     LOW   CLOSE   CHANGE                  |      High       Low             Interest        OI
DEC-29  13200 P        0       0       0       0       0  |       0       0       0     670     +238   31          0  |         0         0          0         0         0
DEC-29  13400 P        0       0       0       0       0  |       0       0       0     691     +240   30          0  |         0         0          0         0         0
DEC-29  13600 P        0       0       0       0       0  |       0       0       0     712     +241   30          0  |         0         0          0         0         0
DEC-29  13800 P        0       0       0       0       0  |       0       0       0     733     +241   30          0  |         0         0          0         0         0
DEC-29  14000 P        0       0       0       0       0  |       0       0       0     755     +242   29          0  |         0         0          0         0         0
DEC-29  14200 P        0       0       0       0       0  |       0       0       0     777     +242   29          0  |         0         0          0         0         0
DEC-29  14400 P        0       0       0       0       0  |       0       0       0     800     +243   29          0  |         0         0          0         0         0
DEC-29  14600 P        0       0       0       0       0  |       0       0       0     824     +243   29          0  |         0         0          0         0         0
DEC-29  14800 P        0       0       0       0       0  |       0       0       0     848     +244   28          0  |         0         0          0         0         0
DEC-29  15000 P        0       0       0       0       0  |       0       0       0     872     +243   28          0  |         0         0          0         0         0
DEC-29  15200 P        0       0       0       0       0  |       0       0       0     897     +243   28          0  |         0         0          0         0         0
DEC-29  15400 P        0       0       0       0       0  |       0       0       0     923     +243   27          0  |         0         0          0         0         0
DEC-29  15600 P        0       0       0       0       0  |       0       0       0     949     +243   27          0  |         0         0          0         0         0
DEC-29  15800 P        0       0       0       0       0  |       0       0       0     976     +243   27          0  |         0         0          0         0         0
DEC-29  16000 P        0       0       0       0       0  |       0       0       0    1004     +243   27          0  |         0         0          0         0         0
DEC-29  16200 P        0       0       0       0       0  |       0       0       0    1032     +242   26          0  |         0         0          0         0         0
DEC-29  16400 P        0       0       0       0       0  |       0       0       0    1062     +242   26          0  |         0         0          0         0         0
DEC-29  16600 P        0       0       0       0       0  |       0       0       0    1091     +241   26          0  |         0         0          0         0         0
DEC-29  16800 P        0       0       0       0       0  |       0       0       0    1122     +241   26          0  |         0         0          0         0         0
DEC-29  17000 P        0       0       0       0       0  |       0       0       0    1154     +241   25          0  |         0         0          0         0         0
DEC-29  17200 P        0       0       0       0       0  |       0       0       0    1186     +241   25          0  |         0         0          0         0         0
DEC-29  17400 P        0       0       0       0       0  |       0       0       0    1220     +241   25          0  |         0         0          0         0         0
DEC-29  17600 P        0       0       0       0       0  |       0       0       0    1254     +241   25          0  |         0         0          0         0         0
DEC-29  17800 P        0       0       0       0       0  |       0       0       0    1290     +241   24          0  |         0         0          0         0         0
DEC-29  18000 P        0       0       0       0       0  |       0       0       0    1326     +241   24          0  |         0         0          0         0         0
DEC-29  18200 P        0       0       0       0       0  |       0       0       0    1364     +242   24          0  |         0         0          0         0         0
DEC-29  18400 P        0       0       0       0       0  |       0       0       0    1403     +243   24          0  |         0         0          0         0         0
DEC-29  18600 P        0       0       0       0       0  |       0       0       0    1443     +244   24          0  |         0         0          0         0         0
DEC-29  18800 P        0       0       0       0       0  |       0       0       0    1484     +246   23          0  |         0         0          0         0         0
DEC-29  19000 P        0       0       0       0       0  |       0       0       0    1527     +248   23          0  |         0         0          0         0         0
DEC-29  19200 P        0       0       0       0       0  |       0       0       0    1571     +250   23          0  |         0         0          0         0         0
DEC-29  19400 P        0       0       0       0       0  |       0       0       0    1616     +252   23          0  |         0         0          0         0         0
DEC-29  19600 P        0       0       0       0       0  |       0       0       0    1663     +255   22          0  |         0         0          0         0         0
DEC-29  19800 P        0       0       0       0       0  |       0       0       0    1712     +259   22          0  |         0         0          0         0         0
DEC-29  20000 P        0       0       0       0       0  |       0       0       0    1762     +263   22          0  |         0         0          0         0         0
DEC-29  20400 P        0       0       0       0       0  |       0       0       0    1868     +273   22          0  |         0         0          0         0         0
DEC-29  20800 P        0       0       0       0       0  |       0       0       0    1982     +285   21          0  |         0         0          0         0         0
DEC-29  21200 P        0       0       0       0       0  |       0       0       0    2103     +296   21          0  |         0         0          0         0         0
DEC-29  21600 P        0       0       0       0       0  |       0       0       0    2234     +304   21          0  |         0         0          0         0         0
DEC-29  22000 P        0       0       0       0       0  |       0       0       0    2373     +295   21          0  |         0         0          0         0         0
DEC-29  22400 P        0       0       0       0       0  |       0       0       0    2522     +274   20          0  |         0         0          0         0         0
DEC-29  22800 P        0       0       0       0       0  |       0       0       0    2681     +249   20          0  |         0         0          0         0         0
DEC-29  23200 P        0       0       0       0       0  |       0       0       0    2851     +226   20          0  |         0         0          0         0         0
DEC-29  23600 P        0       0       0       0       0  |       0       0       0    3031     +203   20          0  |         0         0          0         0         0
DEC-29  24000 P        0       0       0       0       0  |       0       0       0    3222     +184   20          0  |         0         0          0         0         0
DEC-29  24400 P        0       0       0       0       0  |       0       0       0    3424     +169   19          0  |         0         0          0         0         0
DEC-29  24800 P        0       0       0       0       0  |       0       0       0    3637     +157   19          0  |         0         0          0         0         0
DEC-29  25200 P        0       0       0       0       0  |       0       0       0    3860     +148   19          0  |         0         0          0         0         0
DEC-29  25600 P        0       0       0       0       0  |       0       0       0    4095     +145   19          0  |         0         0          0         0         0
DEC-29  26000 P        0       0       0       0       0  |       0       0       0    4339     +144   19          0  |         0         0          0         0         0
DEC-29  26400 P        0       0       0       0       0  |       0       0       0    4594     +147   19          0  |         0         0          0         0         0
DEC-29  26800 P        0       0       0       0       0  |       0       0       0    4858     +154   19          0  |         0         0          0         0         0
DEC-29  27200 P        0       0       0       0       0  |       0       0       0    5131     +163   19          0  |         0         0          0         0         0
DEC-29  27600 P        0       0       0       0       0  |       0       0       0    5413     +176   19          0  |         0         0          0         0         0
DEC-29  28000 P        0       0       0       0       0  |       0       0       0    5703     +191   19          0  |         0         0          0         0         0
DEC-29  28400 P        0       0       0       0       0  |       0       0       0    6000     +208   19          0  |         0         0          0         0         0
DEC-29  28800 P        0       0       0       0       0  |       0       0       0    6305     +228   19          0  |         0         0          0         0         0
DEC-29  29200 P        0       0       0       0       0  |       0       0       0    6616     +249   19          0  |         0         0          0         0         0
DEC-29  29600 P        0       0       0       0       0  |       0       0       0    6933     +271   20          0  |         0         0          0         0         0
DEC-29  30000 P        0       0       0       0       0  |       0       0       0    7255     +293   20          0  |         0         0          0         0         0
DEC-29  30400 P        0       0       0       0       0  |       0       0       0    7583     +318   20          0  |         0         0          0         0         0
DEC-29  30800 P        0       0       0       0       0  |       0       0       0    7916     +343   20          0  |         0         0          0         0         0
DEC-29  31200 P        0       0       0       0       0  |       0       0       0    8253     +368   20          0  |         0         0          0         0         0
DEC-29  31600 P        0       0       0       0       0  |       0       0       0    8595     +394   20          0  |         0         0          0         0         0
DEC-29  32000 P        0       0       0       0       0  |       0       0       0    8940     +419   20          0  |         0         0          0         0         0
DEC-29  32400 P        0       0       0       0       0  |       0       0       0    9288     +444   20          0  |         0         0          0         0         0
DEC-29  32800 P        0       0       0       0       0  |       0       0       0    9640     +469   21          0  |         0         0          0         0         0
DEC-29  33200 P        0       0       0       0       0  |       0       0       0    9995     +494   21          0  |         0         0          0         0         0
DEC-29  33600 P        0       0       0       0       0  |       0       0       0   10352     +518   21          0  |         0         0          0         0         0
DEC-29  34000 P        0       0       0       0       0  |       0       0       0   10712     +542   21          0  |         0         0          0         0         0

                              TOTAL PUT                0  |                               TOTAL PUT                0  | TOTAL PUT                    0         0         0

                                                                                                                      | MONTH PUT/CALL RATIO ---------
                                                                                                                      | MONTH TOTAL                  0         0         0

 
CONTRACT STRIKE *OPENING  *DAILY  *DAILY   CLOSE  VOLUME  |*OPENING  *DAILY  *DAILY  O.Q.P.   O.Q.P.  IV%     VOLUME  | *Contract *Contract     Volume      Open Change in
MONTH     PRICE    PRICE    HIGH     LOW   PRICE          |   PRICE    HIGH     LOW   CLOSE   CHANGE                  |      High       Low             Interest        OI
DEC-30  18200 C        0       0       0       0       0  |       0       0       0    8256     -440   24          0  |         0         0          0         0         0
DEC-30  18400 C        0       0       0       0       0  |       0       0       0    8097     -441   24          0  |         0         0          0         0         0
DEC-30  18600 C        0       0       0       0       0  |       0       0       0    7940     -440   24          0  |         0         0          0         0         0
DEC-30  18800 C        0       0       0       0       0  |       0       0       0    7783     -440   23          0  |         0         0          0         0         0
DEC-30  19000 C        0       0       0       0       0  |       0       0       0    7628     -439   23          0  |         0         0          0         0         0
DEC-30  19200 C        0       0       0       0       0  |       0       0       0    7474     -438   23          0  |         0         0          0         0         0
DEC-30  19400 C        0       0       0       0       0  |       0       0       0    7321     -437   23          0  |         0         0          0         0         0
DEC-30  19600 C        0       0       0       0       0  |       0       0       0    7170     -435   22          0  |         0         0          0         0         0
DEC-30  19800 C        0       0       0       0       0  |       0       0       0    7021     -431   22          0  |         0         0          0         0         0
DEC-30  20000 C        0       0       0       0       0  |       0       0       0    6873     -428   22          0  |         0         0          0         0         0
DEC-30  20400 C        0       0       0       0       0  |       0       0       0    6581     -421   22          0  |         0         0          0         0         0
DEC-30  20800 C        0       0       0       0       0  |       0       0       0    6297     -410   21          0  |         0         0          0         0         0
DEC-30  21200 C        0       0       0       0       0  |       0       0       0    6021     -399   21          0  |         0         0          0         0         0
DEC-30  21600 C        0       0       0       0       0  |       0       0       0    5753     -395   21          0  |         0         0          0         0         0
DEC-30  22000 C        0       0       0       0       0  |       0       0       0    5494     -408   21          0  |         0         0          0         0         0
DEC-30  22400 C        0       0       0       0       0  |       0       0       0    5244     -436   20          0  |         0         0          0         0         0
DEC-30  22800 C        0       0       0       0       0  |       0       0       0    5003     -468   20          0  |         0         0          0         0         0
DEC-30  23200 C        0       0       0       0       0  |       0       0       0    4773     -499   20          0  |         0         0          0         0         0
DEC-30  23600 C        0       0       0       0       0  |       0       0       0    4553     -527   20          0  |         0         0          0         0         0
DEC-30  24000 C        0       0       0       0       0  |       0       0       0    4343     -552   20          0  |         0         0          0         0         0
DEC-30  24400 C        0       0       0       0       0  |       0       0       0    4143     -574   19          0  |         0         0          0         0         0
DEC-30  24800 C        0       0       0       0       0  |       0       0       0    3955     -590   19          0  |         0         0          0         0         0
DEC-30  25200 C        0       0       0       0       0  |       0       0       0    3776     -604   19          0  |         0         0          0         0         0
DEC-30  25600 C        0       0       0       0       0  |       0       0       0    3608     -612   19          0  |         0         0          0         0         0
DEC-30  26000 C        0       0       0       0       0  |       0       0       0    3450     -616   19          0  |         0         0          0         0         0
DEC-30  26400 C        0       0       0       0       0  |       0       0       0    3301     -617   19          0  |         0         0          0         0         0
DEC-30  26800 C        0       0       0       0       0  |       0       0       0    3162     -613   19          0  |         0         0          0         0         0
DEC-30  27200 C        0       0       0       0       0  |       0       0       0    3032     -606   19          0  |         0         0          0         0         0
DEC-30  27600 C        0       0       0       0       0  |       0       0       0    2910     -595   19          0  |         0         0          0         0         0
DEC-30  28000 C        0       0       0       0       0  |       0       0       0    2795     -582   19          0  |         0         0          0         0         0
DEC-30  28400 C        0       0       0       0       0  |       0       0       0    2689     -565   19          0  |         0         0          0         0         0
DEC-30  28800 C        0       0       0       0       0  |       0       0       0    2589     -546   19          0  |         0         0          0         0         0
DEC-30  29200 C        0       0       0       0       0  |       0       0       0    2496     -525   19          0  |         0         0          0         0         0
DEC-30  29600 C        0       0       0       0       0  |       0       0       0    2408     -503   20          0  |         0         0          0         0         0
DEC-30  30000 C        0       0       0       0       0  |       0       0       0    2327     -479   20          0  |         0         0          0         0         0
DEC-30  30400 C        0       0       0       0       0  |       0       0       0    2250     -454   20          0  |         0         0          0         0         0
DEC-30  30800 C        0       0       0       0       0  |       0       0       0    2179     -427   20          0  |         0         0          0         0         0
DEC-30  31200 C        0       0       0       0       0  |       0       0       0    2111     -401   20          0  |         0         0          0         0         0
DEC-30  31600 C        0       0       0       0       0  |       0       0       0    2048     -373   20          0  |         0         0          0         0         0
DEC-30  32000 C        0       0       0       0       0  |       0       0       0    1989     -344   20          0  |         0         0          0         0         0
DEC-30  32400 C        0       0       0       0       0  |       0       0       0    1933     -316   20          0  |         0         0          0         0         0
DEC-30  32800 C        0       0       0       0       0  |       0       0       0    1880     -288   21          0  |         0         0          0         0         0
DEC-30  33200 C        0       0       0       0       0  |       0       0       0    1831     -260   21          0  |         0         0          0         0         0
DEC-30  33600 C        0       0       0       0       0  |       0       0       0    1784     -232   21          0  |         0         0          0         0         0
DEC-30  34000 C        0       0       0       0       0  |       0       0       0    1740     -204   21          0  |         0         0          0         0         0

                              TOTAL CALL               0  |                               TOTAL CALL               0  | TOTAL CALL                   0         0         0

CONTRACT STRIKE *OPENING  *DAILY  *DAILY   CLOSE  VOLUME  |*OPENING  *DAILY  *DAILY  O.Q.P.   O.Q.P.  IV%     VOLUME  | *Contract *Contract     Volume      Open Change in
MONTH     PRICE    PRICE    HIGH     LOW   PRICE          |   PRICE    HIGH     LOW   CLOSE   CHANGE                  |      High       Low             Interest        OI
DEC-30  18200 P        0       0       0       0       0  |       0       0       0    1752     +274   24          0  |         0         0          0         0         0
DEC-30  18400 P        0       0       0       0       0  |       0       0       0    1793     +274   24          0  |         0         0          0         0         0
DEC-30  18600 P        0       0       0       0       0  |       0       0       0    1835     +273   23          0  |         0         0          0         0         0
DEC-30  18800 P        0       0       0       0       0  |       0       0       0    1879     +274   23          0  |         0         0          0         0         0
DEC-30  19000 P        0       0       0       0       0  |       0       0       0    1923     +274   23          0  |         0         0          0         0         0
DEC-30  19200 P        0       0       0       0       0  |       0       0       0    1969     +275   23          0  |         0         0          0         0         0
DEC-30  19400 P        0       0       0       0       0  |       0       0       0    2017     +278   23          0  |         0         0          0         0         0
DEC-30  19600 P        0       0       0       0       0  |       0       0       0    2066     +280   22          0  |         0         0          0         0         0
DEC-30  19800 P        0       0       0       0       0  |       0       0       0    2116     +282   22          0  |         0         0          0         0         0
DEC-30  20000 P        0       0       0       0       0  |       0       0       0    2168     +286   22          0  |         0         0          0         0         0
DEC-30  20400 P        0       0       0       0       0  |       0       0       0    2277     +294   22          0  |         0         0          0         0         0
DEC-30  20800 P        0       0       0       0       0  |       0       0       0    2393     +304   21          0  |         0         0          0         0         0
DEC-30  21200 P        0       0       0       0       0  |       0       0       0    2517     +315   21          0  |         0         0          0         0         0
DEC-30  21600 P        0       0       0       0       0  |       0       0       0    2649     +320   21          0  |         0         0          0         0         0
DEC-30  22000 P        0       0       0       0       0  |       0       0       0    2789     +306   21          0  |         0         0          0         0         0
DEC-30  22400 P        0       0       0       0       0  |       0       0       0    2939     +278   20          0  |         0         0          0         0         0
DEC-30  22800 P        0       0       0       0       0  |       0       0       0    3099     +247   20          0  |         0         0          0         0         0
DEC-30  23200 P        0       0       0       0       0  |       0       0       0    3268     +215   20          0  |         0         0          0         0         0
DEC-30  23600 P        0       0       0       0       0  |       0       0       0    3448     +187   20          0  |         0         0          0         0         0
DEC-30  24000 P        0       0       0       0       0  |       0       0       0    3638     +162   20          0  |         0         0          0         0         0
DEC-30  24400 P        0       0       0       0       0  |       0       0       0    3839     +141   19          0  |         0         0          0         0         0
DEC-30  24800 P        0       0       0       0       0  |       0       0       0    4050     +123   19          0  |         0         0          0         0         0
DEC-30  25200 P        0       0       0       0       0  |       0       0       0    4272     +111   19          0  |         0         0          0         0         0
DEC-30  25600 P        0       0       0       0       0  |       0       0       0    4504     +102   19          0  |         0         0          0         0         0
DEC-30  26000 P        0       0       0       0       0  |       0       0       0    4746      +98   19          0  |         0         0          0         0         0
DEC-30  26400 P        0       0       0       0       0  |       0       0       0    4997      +98   19          0  |         0         0          0         0         0
DEC-30  26800 P        0       0       0       0       0  |       0       0       0    5258     +101   19          0  |         0         0          0         0         0
DEC-30  27200 P        0       0       0       0       0  |       0       0       0    5527     +108   19          0  |         0         0          0         0         0
DEC-30  27600 P        0       0       0       0       0  |       0       0       0    5805     +119   19          0  |         0         0          0         0         0
DEC-30  28000 P        0       0       0       0       0  |       0       0       0    6091     +133   19          0  |         0         0          0         0         0
DEC-30  28400 P        0       0       0       0       0  |       0       0       0    6384     +149   19          0  |         0         0          0         0         0
DEC-30  28800 P        0       0       0       0       0  |       0       0       0    6685     +168   19          0  |         0         0          0         0         0
DEC-30  29200 P        0       0       0       0       0  |       0       0       0    6991     +188   19          0  |         0         0          0         0         0
DEC-30  29600 P        0       0       0       0       0  |       0       0       0    7304     +211   20          0  |         0         0          0         0         0
DEC-30  30000 P        0       0       0       0       0  |       0       0       0    7622     +235   20          0  |         0         0          0         0         0
DEC-30  30400 P        0       0       0       0       0  |       0       0       0    7946     +261   20          0  |         0         0          0         0         0
DEC-30  30800 P        0       0       0       0       0  |       0       0       0    8274     +287   20          0  |         0         0          0         0         0
DEC-30  31200 P        0       0       0       0       0  |       0       0       0    8607     +314   20          0  |         0         0          0         0         0
DEC-30  31600 P        0       0       0       0       0  |       0       0       0    8944     +342   20          0  |         0         0          0         0         0
DEC-30  32000 P        0       0       0       0       0  |       0       0       0    9284     +369   20          0  |         0         0          0         0         0
DEC-30  32400 P        0       0       0       0       0  |       0       0       0    9629     +398   20          0  |         0         0          0         0         0
DEC-30  32800 P        0       0       0       0       0  |       0       0       0    9976     +426   21          0  |         0         0          0         0         0
DEC-30  33200 P        0       0       0       0       0  |       0       0       0   10326     +454   21          0  |         0         0          0         0         0
DEC-30  33600 P        0       0       0       0       0  |       0       0       0   10679     +482   21          0  |         0         0          0         0         0
DEC-30  34000 P        0       0       0       0       0  |       0       0       0   11035     +510   21          0  |         0         0          0         0         0

                              TOTAL PUT                0  |                               TOTAL PUT                0  | TOTAL PUT                    0         0         0

                                                                                                                      | MONTH PUT/CALL RATIO ---------
                                                                                                                      | MONTH TOTAL                  0         0         0

 
CONTRACT STRIKE *OPENING  *DAILY  *DAILY   CLOSE  VOLUME  |*OPENING  *DAILY  *DAILY  O.Q.P.   O.Q.P.  IV%     VOLUME  | *Contract *Contract     Volume      Open Change in
MONTH     PRICE    PRICE    HIGH     LOW   PRICE          |   PRICE    HIGH     LOW   CLOSE   CHANGE                  |      High       Low             Interest        OI
DEC-31  18200 C        0       0       0       0       0  |       0       0       0    8811     -414   24          0  |         0         0          0         0         0
DEC-31  18400 C        0       0       0       0       0  |       0       0       0    8653     -416   24          0  |         0         0          0         0         0
DEC-31  18600 C        0       0       0       0       0  |       0       0       0    8497     -416   24          0  |         0         0          0         0         0
DEC-31  18800 C        0       0       0       0       0  |       0       0       0    8341     -417   23          0  |         0         0          0         0         0
DEC-31  19000 C        0       0       0       0       0  |       0       0       0    8187     -417   23          0  |         0         0          0         0         0
DEC-31  19200 C        0       0       0       0       0  |       0       0       0    8034     -417   23          0  |         0         0          0         0         0
DEC-31  19400 C        0       0       0       0       0  |       0       0       0    7882     -417   23          0  |         0         0          0         0         0
DEC-31  19600 C        0       0       0       0       0  |       0       0       0    7732     -415   22          0  |         0         0          0         0         0
DEC-31  19800 C        0       0       0       0       0  |       0       0       0    7583     -413   22          0  |         0         0          0         0         0
DEC-31  20000 C        0       0       0       0       0  |       0       0       0    7436     -410   22          0  |         0         0          0         0         0
DEC-31  20400 C        0       0       0       0       0  |       0       0       0    7146     -403   22          0  |         0         0          0         0         0
DEC-31  20800 C        0       0       0       0       0  |       0       0       0    6863     -394   21          0  |         0         0          0         0         0
DEC-31  21200 C        0       0       0       0       0  |       0       0       0    6587     -384   21          0  |         0         0          0         0         0
DEC-31  21600 C        0       0       0       0       0  |       0       0       0    6320     -381   21          0  |         0         0          0         0         0
DEC-31  22000 C        0       0       0       0       0  |       0       0       0    6060     -400   21          0  |         0         0          0         0         0
DEC-31  22400 C        0       0       0       0       0  |       0       0       0    5810     -433   20          0  |         0         0          0         0         0
DEC-31  22800 C        0       0       0       0       0  |       0       0       0    5570     -470   20          0  |         0         0          0         0         0
DEC-31  23200 C        0       0       0       0       0  |       0       0       0    5339     -507   20          0  |         0         0          0         0         0
DEC-31  23600 C        0       0       0       0       0  |       0       0       0    5118     -541   20          0  |         0         0          0         0         0
DEC-31  24000 C        0       0       0       0       0  |       0       0       0    4907     -571   20          0  |         0         0          0         0         0
DEC-31  24400 C        0       0       0       0       0  |       0       0       0    4707     -597   19          0  |         0         0          0         0         0
DEC-31  24800 C        0       0       0       0       0  |       0       0       0    4516     -619   19          0  |         0         0          0         0         0
DEC-31  25200 C        0       0       0       0       0  |       0       0       0    4337     -635   19          0  |         0         0          0         0         0
DEC-31  25600 C        0       0       0       0       0  |       0       0       0    4167     -647   19          0  |         0         0          0         0         0
DEC-31  26000 C        0       0       0       0       0  |       0       0       0    4007     -655   19          0  |         0         0          0         0         0
DEC-31  26400 C        0       0       0       0       0  |       0       0       0    3856     -658   19          0  |         0         0          0         0         0
DEC-31  26800 C        0       0       0       0       0  |       0       0       0    3715     -656   19          0  |         0         0          0         0         0
DEC-31  27200 C        0       0       0       0       0  |       0       0       0    3582     -651   19          0  |         0         0          0         0         0
DEC-31  27600 C        0       0       0       0       0  |       0       0       0    3458     -642   19          0  |         0         0          0         0         0
DEC-31  28000 C        0       0       0       0       0  |       0       0       0    3342     -629   19          0  |         0         0          0         0         0
DEC-31  28400 C        0       0       0       0       0  |       0       0       0    3233     -613   19          0  |         0         0          0         0         0
DEC-31  28800 C        0       0       0       0       0  |       0       0       0    3130     -596   19          0  |         0         0          0         0         0
DEC-31  29200 C        0       0       0       0       0  |       0       0       0    3035     -574   19          0  |         0         0          0         0         0
DEC-31  29600 C        0       0       0       0       0  |       0       0       0    2945     -551   20          0  |         0         0          0         0         0
DEC-31  30000 C        0       0       0       0       0  |       0       0       0    2861     -526   20          0  |         0         0          0         0         0
DEC-31  30400 C        0       0       0       0       0  |       0       0       0    2782     -500   20          0  |         0         0          0         0         0
DEC-31  30800 C        0       0       0       0       0  |       0       0       0    2708     -472   20          0  |         0         0          0         0         0
DEC-31  31200 C        0       0       0       0       0  |       0       0       0    2638     -444   20          0  |         0         0          0         0         0
DEC-31  31600 C        0       0       0       0       0  |       0       0       0    2573     -414   20          0  |         0         0          0         0         0

                              TOTAL CALL               0  |                               TOTAL CALL               0  | TOTAL CALL                   0         0         0

CONTRACT STRIKE *OPENING  *DAILY  *DAILY   CLOSE  VOLUME  |*OPENING  *DAILY  *DAILY  O.Q.P.   O.Q.P.  IV%     VOLUME  | *Contract *Contract     Volume      Open Change in
MONTH     PRICE    PRICE    HIGH     LOW   PRICE          |   PRICE    HIGH     LOW   CLOSE   CHANGE                  |      High       Low             Interest        OI
DEC-31  18200 P        0       0       0       0       0  |       0       0       0    2099     +299   24          0  |         0         0          0         0         0
DEC-31  18400 P        0       0       0       0       0  |       0       0       0    2141     +297   24          0  |         0         0          0         0         0
DEC-31  18600 P        0       0       0       0       0  |       0       0       0    2184     +296   23          0  |         0         0          0         0         0
DEC-31  18800 P        0       0       0       0       0  |       0       0       0    2229     +296   23          0  |         0         0          0         0         0
DEC-31  19000 P        0       0       0       0       0  |       0       0       0    2274     +295   23          0  |         0         0          0         0         0
DEC-31  19200 P        0       0       0       0       0  |       0       0       0    2321     +295   23          0  |         0         0          0         0         0
DEC-31  19400 P        0       0       0       0       0  |       0       0       0    2370     +296   23          0  |         0         0          0         0         0
DEC-31  19600 P        0       0       0       0       0  |       0       0       0    2419     +297   22          0  |         0         0          0         0         0
DEC-31  19800 P        0       0       0       0       0  |       0       0       0    2471     +300   22          0  |         0         0          0         0         0
DEC-31  20000 P        0       0       0       0       0  |       0       0       0    2523     +302   22          0  |         0         0          0         0         0
DEC-31  20400 P        0       0       0       0       0  |       0       0       0    2633     +309   22          0  |         0         0          0         0         0
DEC-31  20800 P        0       0       0       0       0  |       0       0       0    2750     +319   21          0  |         0         0          0         0         0
DEC-31  21200 P        0       0       0       0       0  |       0       0       0    2875     +329   21          0  |         0         0          0         0         0
DEC-31  21600 P        0       0       0       0       0  |       0       0       0    3007     +331   21          0  |         0         0          0         0         0
DEC-31  22000 P        0       0       0       0       0  |       0       0       0    3148     +314   21          0  |         0         0          0         0         0
DEC-31  22400 P        0       0       0       0       0  |       0       0       0    3298     +280   20          0  |         0         0          0         0         0
DEC-31  22800 P        0       0       0       0       0  |       0       0       0    3457     +242   20          0  |         0         0          0         0         0
DEC-31  23200 P        0       0       0       0       0  |       0       0       0    3626     +205   20          0  |         0         0          0         0         0
DEC-31  23600 P        0       0       0       0       0  |       0       0       0    3805     +171   20          0  |      3888      3888          0         1         0
DEC-31  24000 P        0       0       0       0       0  |       0       0       0    3995     +142   20          0  |         0         0          0         0         0
DEC-31  24400 P        0       0       0       0       0  |       0       0       0    4194     +115   19          0  |         0         0          0         0         0
DEC-31  24800 P        0       0       0       0       0  |       0       0       0    4404      +94   19          0  |         0         0          0         0         0
DEC-31  25200 P        0       0       0       0       0  |       0       0       0    4624      +77   19          0  |         0         0          0         0         0
DEC-31  25600 P        0       0       0       0       0  |       0       0       0    4854      +65   19          0  |         0         0          0         0         0
DEC-31  26000 P        0       0       0       0       0  |       0       0       0    5094      +57   19          0  |         0         0          0         0         0
DEC-31  26400 P        0       0       0       0       0  |       0       0       0    5344      +55   19          0  |         0         0          0         0         0
DEC-31  26800 P        0       0       0       0       0  |       0       0       0    5603      +57   19          0  |         0         0          0         0         0
DEC-31  27200 P        0       0       0       0       0  |       0       0       0    5870      +62   19          0  |         0         0          0         0         0
DEC-31  27600 P        0       0       0       0       0  |       0       0       0    6146      +71   19          0  |         0         0          0         0         0
DEC-31  28000 P        0       0       0       0       0  |       0       0       0    6429      +83   19          0  |         0         0          0         0         0
DEC-31  28400 P        0       0       0       0       0  |       0       0       0    6720      +99   19          0  |         0         0          0         0         0
DEC-31  28800 P        0       0       0       0       0  |       0       0       0    7018     +118   19          0  |         0         0          0         0         0
DEC-31  29200 P        0       0       0       0       0  |       0       0       0    7322     +138   19          0  |         0         0          0         0         0
DEC-31  29600 P        0       0       0       0       0  |       0       0       0    7633     +162   20          0  |         0         0          0         0         0
DEC-31  30000 P        0       0       0       0       0  |       0       0       0    7949     +187   20          0  |         0         0          0         0         0
DEC-31  30400 P        0       0       0       0       0  |       0       0       0    8270     +213   20          0  |         0         0          0         0         0
DEC-31  30800 P        0       0       0       0       0  |       0       0       0    8596     +241   20          0  |         0         0          0         0         0
DEC-31  31200 P        0       0       0       0       0  |       0       0       0    8926     +269   20          0  |         0         0          0         0         0
DEC-31  31600 P        0       0       0       0       0  |       0       0       0    9260     +299   20          0  |         0         0          0         0         0

                              TOTAL PUT                0  |                               TOTAL PUT                0  | TOTAL PUT                    0         1         0

                                                                                                                      | MONTH PUT/CALL RATIO ---------
                                                                                                                      | MONTH TOTAL                  0         1         0

                                                                                                                        MARKET PUT/CALL RATIO     1.34
                                                                                                                        MARKET TOTAL             23079     78137     +4720


                                 ***  END OF REPORT  ***

O.Q.P. - OFFICIAL QUOTATION PRICE
*ALL COMBO VS. COMBO TRANSACTIONS ARE EXCLUDED

