

WEEKLY HANG SENG INDEX OPTIONS DAILY MARKET REPORT


WEEKLY HANG SENG INDEX OPTIONS DAILY MARKET REPORT (Final)

Hong Kong Exchanges and Clearing Limited and/or its subsidiaries endeavour to ensure the
accuracy and reliability of the information provided, but do not guarantee its accuracy and
reliability and accept no liability (whether in tort or contract or otherwise) for any loss
or damage arising from any inaccuracies or omissions.


TOP 10 TRADED (BY VOLUME)       VOLUME    O.Q.P.  IV%     DAILY     DAILY      OPEN    O.Q.P.  
                                           CLOSE           HIGH       LOW  INTEREST    CHANGE
C 09-OCT-26      24150            2930       114   15       229        98      2596      -372
C 09-OCT-26      24400            1474        50   15       121        40       755      -252
C 09-OCT-26      24000            1351       170   15       269       153       752      -442
P 02-OCT-26      23800            1056         0    0        16         1       566        -1
C 02-OCT-26      24000             865         0    0       142         1       328      -608
P 09-OCT-26      24000             817       287   18       328       140       398      +240
P 02-OCT-26      23850             765         0    0        30         1       234        -1
C 02-OCT-26      23950             764         0    0       168         1         0      -658
P 02-OCT-26      23750             646         0    0         7         1       432        -1
C 09-OCT-26      24300             614        70   15       162        59       165      -301

Weekly Hang Seng Index Options HK$50 per point
                                                                  
                   Prev. Trading Day of the Exchange                                Trading Day of the Exchange
                   01 OCT 2026, THURSDAY                                            02 OCT 2026, FRIDAY   

                   After-Hours Trading Session               |                      Day Trading Session                  |                    Combined
                                                             |                                                           |
 
CONTRACT    STRIKE *OPENING  *DAILY  *DAILY   CLOSE  VOLUME  |*OPENING  *DAILY  *DAILY  O.Q.P.   O.Q.P.  IV%     VOLUME  | *Contract *Contract     Volume      Open Change in
WEEK         PRICE    PRICE    HIGH     LOW   PRICE          |   PRICE    HIGH     LOW   CLOSE   CHANGE                  |      High       Low             Interest        OI
02-OCT-26  19575 C        0       0       0       0       0  |       0       0       0       0    -5033    0          0  |         0         0          0         0         0
02-OCT-26  19600 C        0       0       0       0       0  |       0       0       0       0    -5008    0          0  |         0         0          0         0         0
02-OCT-26  19625 C        0       0       0       0       0  |       0       0       0       0    -4983    0          0  |         0         0          0         0         0
02-OCT-26  19650 C        0       0       0       0       0  |       0       0       0       0    -4958    0          0  |         0         0          0         0         0
02-OCT-26  19675 C        0       0       0       0       0  |       0       0       0       0    -4933    0          0  |         0         0          0         0         0
02-OCT-26  19700 C        0       0       0       0       0  |       0       0       0       0    -4908    0          0  |         0         0          0         0         0
02-OCT-26  19725 C        0       0       0       0       0  |       0       0       0       0    -4883    0          0  |         0         0          0         0         0
02-OCT-26  19750 C        0       0       0       0       0  |       0       0       0       0    -4858    0          0  |         0         0          0         0         0
02-OCT-26  19775 C        0       0       0       0       0  |       0       0       0       0    -4833    0          0  |         0         0          0         0         0
02-OCT-26  19800 C        0       0       0       0       0  |       0       0       0       0    -4808    0          0  |         0         0          0         0         0
02-OCT-26  19825 C        0       0       0       0       0  |       0       0       0       0    -4783    0          0  |         0         0          0         0         0
02-OCT-26  19850 C        0       0       0       0       0  |       0       0       0       0    -4758    0          0  |         0         0          0         0         0
02-OCT-26  19875 C        0       0       0       0       0  |       0       0       0       0    -4733    0          0  |         0         0          0         0         0
02-OCT-26  19900 C        0       0       0       0       0  |       0       0       0       0    -4708    0          0  |         0         0          0         0         0
02-OCT-26  19925 C        0       0       0       0       0  |       0       0       0       0    -4683    0          0  |         0         0          0         0         0
02-OCT-26  19950 C        0       0       0       0       0  |       0       0       0       0    -4658    0          0  |         0         0          0         0         0
02-OCT-26  19975 C        0       0       0       0       0  |       0       0       0       0    -4633    0          0  |         0         0          0         0         0
02-OCT-26  20000 C        0       0       0       0       0  |       0       0       0       0    -4608    0          0  |         0         0          0         0         0
02-OCT-26  20050 C        0       0       0       0       0  |       0       0       0       0    -4558    0          0  |         0         0          0         0         0
02-OCT-26  20100 C        0       0       0       0       0  |       0       0       0       0    -4508    0          0  |         0         0          0         0         0
02-OCT-26  20150 C        0       0       0       0       0  |       0       0       0       0    -4458    0          0  |         0         0          0         0         0
02-OCT-26  20200 C        0       0       0       0       0  |       0       0       0       0    -4408    0          0  |         0         0          0         0         0
02-OCT-26  20250 C        0       0       0       0       0  |       0       0       0       0    -4358    0          0  |         0         0          0         0         0
02-OCT-26  20300 C        0       0       0       0       0  |       0       0       0       0    -4308    0          0  |         0         0          0         0         0
02-OCT-26  20350 C        0       0       0       0       0  |       0       0       0       0    -4258    0          0  |         0         0          0         0         0
02-OCT-26  20400 C        0       0       0       0       0  |       0       0       0       0    -4208    0          0  |         0         0          0         0         0
02-OCT-26  20450 C        0       0       0       0       0  |       0       0       0       0    -4158    0          0  |         0         0          0         0         0
02-OCT-26  20500 C        0       0       0       0       0  |       0       0       0       0    -4108    0          0  |         0         0          0         0         0
02-OCT-26  20550 C        0       0       0       0       0  |       0       0       0       0    -4058    0          0  |         0         0          0         0         0
02-OCT-26  20600 C        0       0       0       0       0  |       0       0       0       0    -4008    0          0  |         0         0          0         0         0
02-OCT-26  20650 C        0       0       0       0       0  |       0       0       0       0    -3958    0          0  |         0         0          0         0         0
02-OCT-26  20700 C        0       0       0       0       0  |       0       0       0       0    -3908    0          0  |         0         0          0         0         0
02-OCT-26  20750 C        0       0       0       0       0  |       0       0       0       0    -3858    0          0  |         0         0          0         0         0
02-OCT-26  20800 C        0       0       0       0       0  |       0       0       0       0    -3808    0          0  |         0         0          0         0         0
02-OCT-26  20850 C        0       0       0       0       0  |       0       0       0       0    -3758    0          0  |         0         0          0         0         0
02-OCT-26  20900 C        0       0       0       0       0  |       0       0       0       0    -3708    0          0  |         0         0          0         0         0
02-OCT-26  20950 C        0       0       0       0       0  |       0       0       0       0    -3658    0          0  |         0         0          0         0         0
02-OCT-26  21000 C        0       0       0       0       0  |       0       0       0       0    -3608    0          0  |         0         0          0         0         0
02-OCT-26  21050 C        0       0       0       0       0  |       0       0       0       0    -3558    0          0  |         0         0          0         0         0
02-OCT-26  21100 C        0       0       0       0       0  |       0       0       0       0    -3508    0          0  |         0         0          0         0         0
02-OCT-26  21150 C        0       0       0       0       0  |       0       0       0       0    -3458    0          0  |         0         0          0         0         0
02-OCT-26  21200 C        0       0       0       0       0  |       0       0       0       0    -3408    0          0  |         0         0          0         0         0
02-OCT-26  21250 C        0       0       0       0       0  |       0       0       0       0    -3358    0          0  |         0         0          0         0         0
02-OCT-26  21300 C        0       0       0       0       0  |       0       0       0       0    -3308    0          0  |         0         0          0         0         0
02-OCT-26  21350 C        0       0       0       0       0  |       0       0       0       0    -3258    0          0  |         0         0          0         0         0
02-OCT-26  21400 C        0       0       0       0       0  |       0       0       0       0    -3208    0          0  |         0         0          0         0         0
02-OCT-26  21450 C        0       0       0       0       0  |       0       0       0       0    -3158    0          0  |         0         0          0         0         0
02-OCT-26  21500 C        0       0       0       0       0  |       0       0       0       0    -3108    0          0  |         0         0          0         0         0
02-OCT-26  21550 C        0       0       0       0       0  |       0       0       0       0    -3058    0          0  |         0         0          0         0         0
02-OCT-26  21600 C        0       0       0       0       0  |       0       0       0       0    -3008    0          0  |         0         0          0         0         0
02-OCT-26  21650 C        0       0       0       0       0  |       0       0       0       0    -2958    0          0  |         0         0          0         0         0
02-OCT-26  21700 C        0       0       0       0       0  |       0       0       0       0    -2908    0          0  |         0         0          0         0         0
02-OCT-26  21750 C        0       0       0       0       0  |       0       0       0       0    -2858    0          0  |         0         0          0         0         0
02-OCT-26  21800 C        0       0       0       0       0  |       0       0       0       0    -2808    0          0  |         0         0          0         0         0
02-OCT-26  21850 C        0       0       0       0       0  |       0       0       0       0    -2758    0          0  |         0         0          0         0         0
02-OCT-26  21900 C        0       0       0       0       0  |       0       0       0       0    -2708    0          0  |         0         0          0         0         0
02-OCT-26  21950 C        0       0       0       0       0  |       0       0       0       0    -2658    0          0  |         0         0          0         0         0
02-OCT-26  22000 C        0       0       0       0       0  |       0       0       0       0    -2608    0          0  |         0         0          0         0         0
02-OCT-26  22050 C        0       0       0       0       0  |       0       0       0       0    -2558    0          0  |         0         0          0         0         0
02-OCT-26  22100 C        0       0       0       0       0  |       0       0       0       0    -2508    0          0  |         0         0          0         0         0
02-OCT-26  22150 C        0       0       0       0       0  |       0       0       0       0    -2458    0          0  |         0         0          0         0         0
02-OCT-26  22200 C        0       0       0       0       0  |       0       0       0       0    -2408    0          0  |         0         0          0         0         0
02-OCT-26  22250 C        0       0       0       0       0  |       0       0       0       0    -2358    0          0  |         0         0          0         0         0
02-OCT-26  22300 C        0       0       0       0       0  |       0       0       0       0    -2308    0          0  |         0         0          0         0         0
02-OCT-26  22350 C        0       0       0       0       0  |       0       0       0       0    -2258    0          0  |         0         0          0         0         0
02-OCT-26  22400 C        0       0       0       0       0  |       0       0       0       0    -2208    0          0  |         0         0          0         0         0
02-OCT-26  22450 C        0       0       0       0       0  |       0       0       0       0    -2158    0          0  |         0         0          0         0         0
02-OCT-26  22500 C        0       0       0       0       0  |       0       0       0       0    -2108    0          0  |         0         0          0         0         0
02-OCT-26  22550 C        0       0       0       0       0  |       0       0       0       0    -2058    0          0  |         0         0          0         0         0
02-OCT-26  22600 C        0       0       0       0       0  |       0       0       0       0    -2008    0          0  |         0         0          0         0         0
02-OCT-26  22650 C        0       0       0       0       0  |       0       0       0       0    -1958    0          0  |         0         0          0         0         0
02-OCT-26  22700 C        0       0       0       0       0  |       0       0       0       0    -1908    0          0  |         0         0          0         0         0
02-OCT-26  22750 C        0       0       0       0       0  |       0       0       0       0    -1858    0          0  |         0         0          0         0         0
02-OCT-26  22800 C        0       0       0       0       0  |       0       0       0       0    -1808    0          0  |         0         0          0         0         0
02-OCT-26  22850 C        0       0       0       0       0  |       0       0       0       0    -1758    0          0  |         0         0          0         0         0
02-OCT-26  22900 C        0       0       0       0       0  |    1049    1049    1049       0    -1708    0          6  |      1049      1049          6         0         0
02-OCT-26  22950 C        0       0       0       0       0  |       0       0       0       0    -1658    0          0  |         0         0          0         0         0
02-OCT-26  23000 C        0       0       0       0       0  |     950     950     950       0    -1608    0          5  |       950       950          5         0         0
02-OCT-26  23050 C        0       0       0       0       0  |       0       0       0       0    -1558    0          0  |         0         0          0         0         0
02-OCT-26  23100 C        0       0       0       0       0  |       0       0       0       0    -1508    0          0  |         0         0          0         0         0
02-OCT-26  23150 C        0       0       0       0       0  |       0       0       0       0    -1458    0          0  |         0         0          0         0         0
02-OCT-26  23200 C        0       0       0       0       0  |       0       0       0       0    -1408    0          0  |         0         0          0         0         0
02-OCT-26  23250 C        0       0       0       0       0  |     700     700     700       0    -1358    0          5  |       700       700          5         0         0
02-OCT-26  23300 C        0       0       0       0       0  |       0       0       0       0    -1308    0          0  |      1032       990          0         0        -1
02-OCT-26  23350 C        0       0       0       0       0  |       0       0       0       0    -1258    0          0  |         0         0          0         0         0
02-OCT-26  23400 C        0       0       0       0       0  |       0       0       0       0    -1208    0          0  |         0         0          0         0         0
02-OCT-26  23450 C        0       0       0       0       0  |       0       0       0       0    -1158    0          0  |         0         0          0         0         0
02-OCT-26  23500 C        0       0       0       0       0  |       0       0       0       0    -1108    0          0  |       834       834          0         0        -1
02-OCT-26  23550 C        0       0       0       0       0  |     400     400     400       0    -1058    0         12  |       400       400         12         0         0
02-OCT-26  23600 C        0       0       0       0       0  |       0       0       0       0    -1008    0          0  |         0         0          0         0         0
02-OCT-26  23650 C        0       0       0       0       0  |     300     300     300       0     -958    0         11  |       300       300         11         0         0
02-OCT-26  23700 C        0       0       0       0       0  |       0       0       0       0     -908    0          0  |         0         0          0         0         0
02-OCT-26  23750 C        0       0       0       0       0  |     229     231     153       0     -858    0         20  |       231       153         20         0         0
02-OCT-26  23800 C        0       0       0       0       0  |     179     180      97       0     -808    0         18  |       877        97         18         0        -2
02-OCT-26  23850 C        0       0       0       0       0  |     124     170      70       0     -758    0         89  |       170        70         89         0         0
02-OCT-26  23900 C        0       0       0       0       0  |      96     138      37       0     -708    0        255  |       138        37        255         0         0
02-OCT-26  23950 C        0       0       0       0       0  |     147     168       1       0     -658    0        764  |       168         1        764         0         0
02-OCT-26  24000 C        0       0       0       0       0  |     142     142       1       0     -608    0        865  |       142         1        865       328      +328
02-OCT-26  24050 C        0       0       0       0       0  |      73      89       1       0     -558    0        476  |        89         1        476       116      +116
02-OCT-26  24100 C        0       0       0       0       0  |      98      98       1       0     -508    0        554  |        98         1        554       235      +235
02-OCT-26  24150 C        0       0       0       0       0  |      72      78       1       0     -458    0        586  |       825         1        586       361      +355
02-OCT-26  24200 C        0       0       0       0       0  |      48      60       1       0     -409    0        330  |       395         1        330       241      +203
02-OCT-26  24250 C        0       0       0       0       0  |      35      35       1       0     -360    0        279  |       316         1        279       150      +133
02-OCT-26  24300 C        0       0       0       0       0  |     111     111       1       0     -312    0        165  |       828         1        165       124       +84
02-OCT-26  24350 C        0       0       0       0       0  |       7       8       1       0     -265    0         61  |       650         1         61       115       +55
02-OCT-26  24400 C        0       0       0       0       0  |       8       8       1       0     -220    0         89  |       590         1         89       167       +73
02-OCT-26  24450 C        0       0       0       0       0  |       1       1       1       0     -178    0         18  |       346         1         18       126       +17
02-OCT-26  24500 C        0       0       0       0       0  |       1       1       1       0     -139    0         18  |       329         1         18       405        +1
02-OCT-26  24550 C        0       0       0       0       0  |       1       1       1       0     -105    0          6  |       414         1          6       156         0
02-OCT-26  24600 C        0       0       0       0       0  |       1       1       1       0      -76    0         21  |       334         1         21      2608        -3
02-OCT-26  24650 C        0       0       0       0       0  |       8       8       1       0      -53    0         10  |       366         1         10       146         0
02-OCT-26  24700 C        0       0       0       0       0  |       6       6       1       0      -35    0         19  |       388         1         19       188       -15
02-OCT-26  24750 C        0       0       0       0       0  |       1       1       1       0      -22    0          2  |       388         1          2       265         0
02-OCT-26  24800 C        0       0       0       0       0  |       1       1       1       0      -13    0         18  |       358         1         18       539        +2
02-OCT-26  24850 C        0       0       0       0       0  |       1       1       1       0       -7    0          1  |       400         1          1       149         0
02-OCT-26  24900 C        0       0       0       0       0  |       1       1       1       0       -4    0         44  |       302         1         44       329       -13
02-OCT-26  24950 C        0       0       0       0       0  |       1       1       1       0       -2    0          2  |       373         1          2        92         0
02-OCT-26  25000 C        0       0       0       0       0  |       1       1       1       0       -1    0         13  |       363         1         13       273         0
02-OCT-26  25050 C        0       0       0       0       0  |       1       1       1       0       -1    0          2  |       313         1          2        64         0
02-OCT-26  25100 C        0       0       0       0       0  |       0       0       0       0       -1    0          0  |       272         2          0       300         0
02-OCT-26  25150 C        0       0       0       0       0  |       1       1       1       0       -1    0          1  |       181         1          1       107         0
02-OCT-26  25200 C        0       0       0       0       0  |       1       1       1       0       -1    0          8  |       308         1          8       121         0
02-OCT-26  25250 C        0       0       0       0       0  |       0       0       0       0       -1    0          0  |       260         1          0        93         0
02-OCT-26  25300 C        0       0       0       0       0  |       1       1       1       0       -1    0         10  |       243         1         10       152         0
02-OCT-26  25350 C        0       0       0       0       0  |       0       0       0       0       -1    0          0  |       226         1          0        36         0
02-OCT-26  25400 C        0       0       0       0       0  |       0       0       0       0       -1    0          0  |       221         1          0        53         0
02-OCT-26  25450 C        0       0       0       0       0  |       0       0       0       0       -1    0          0  |       164         1          0        17         0
02-OCT-26  25500 C        0       0       0       0       0  |       0       0       0       0       -1    0          0  |       180         1          0       235         0
02-OCT-26  25550 C        0       0       0       0       0  |       0       0       0       0       -1    0          0  |       134         1          0        32         0
02-OCT-26  25600 C        0       0       0       0       0  |       0       0       0       0       -1    0          0  |       150         1          0        49         0
02-OCT-26  25650 C        0       0       0       0       0  |       0       0       0       0       -1    0          0  |       116         1          0        54         0
02-OCT-26  25700 C        0       0       0       0       0  |       0       0       0       0       -1    0          0  |       107         1          0        50         0
02-OCT-26  25750 C        0       0       0       0       0  |       0       0       0       0       -1    0          0  |        93         1          0        36         0
02-OCT-26  25800 C        0       0       0       0       0  |       0       0       0       0       -1    0          0  |        84         1          0        62         0
02-OCT-26  25850 C        0       0       0       0       0  |       0       0       0       0       -1    0          0  |        72         1          0        96         0
02-OCT-26  25900 C        0       0       0       0       0  |       0       0       0       0       -1    0          0  |        65         1          0        26         0
02-OCT-26  25950 C        0       0       0       0       0  |       0       0       0       0       -1    0          0  |        62         4          0         9         0
02-OCT-26  26000 C        0       0       0       0       0  |       0       0       0       0       -1    0          0  |        60         2          0        49         0
02-OCT-26  26050 C        0       0       0       0       0  |       0       0       0       0       -1    0          0  |        43         1          0        33         0
02-OCT-26  26100 C        0       0       0       0       0  |       1       1       1       0       -1    0          2  |        38         1          2        34         0
02-OCT-26  26150 C        0       0       0       0       0  |       1       1       1       0       -1    0          5  |        46         1          5        17         0
02-OCT-26  26200 C        0       0       0       0       0  |       1       1       1       0       -1    0          1  |        26         1          1        15         0
02-OCT-26  26250 C        0       0       0       0       0  |       0       0       0       0       -1    0          0  |        22         1          0         9         0
02-OCT-26  26300 C        0       0       0       0       0  |       0       0       0       0       -1    0          0  |        22         1          0         7         0
02-OCT-26  26350 C        0       0       0       0       0  |       0       0       0       0       -1    0          0  |        12         1          0        19         0
02-OCT-26  26400 C        0       0       0       0       0  |       0       0       0       0       -1    0          0  |        23         1          0        10         0
02-OCT-26  26450 C        0       0       0       0       0  |       0       0       0       0       -1    0          0  |        23         1          0         4         0
02-OCT-26  26500 C        0       0       0       0       0  |       0       0       0       0       -1    0          0  |        16         1          0         5         0
02-OCT-26  26550 C        0       0       0       0       0  |       0       0       0       0       -1    0          0  |        10         1          0         4         0
02-OCT-26  26600 C        0       0       0       0       0  |       0       0       0       0       -1    0          0  |        11         1          0        11         0
02-OCT-26  26650 C        0       0       0       0       0  |       0       0       0       0       -1    0          0  |         0         0          0         0         0
02-OCT-26  26700 C        0       0       0       0       0  |       0       0       0       0       -1    0          0  |        10         1          0         4         0
02-OCT-26  26750 C        0       0       0       0       0  |       0       0       0       0       -1    0          0  |         9         9          0         2         0
02-OCT-26  26800 C        0       0       0       0       0  |       0       0       0       0       -1    0          0  |        11         6          0         4         0
02-OCT-26  26850 C        0       0       0       0       0  |       0       0       0       0       -1    0          0  |         0         0          0         0         0
02-OCT-26  26900 C        0       0       0       0       0  |       0       0       0       0       -1    0          0  |         0         0          0         0         0
02-OCT-26  26950 C        0       0       0       0       0  |       0       0       0       0       -1    0          0  |         0         0          0         0         0
02-OCT-26  27000 C        0       0       0       0       0  |       0       0       0       0       -1    0          0  |         5         2          0         1         0
02-OCT-26  27050 C        0       0       0       0       0  |       0       0       0       0       -1    0          0  |         0         0          0         0         0
02-OCT-26  27100 C        0       0       0       0       0  |       0       0       0       0       -1    0          0  |         7         5          0         2         0
02-OCT-26  27150 C        0       0       0       0       0  |       0       0       0       0       -1    0          0  |         2         2          0         1         0
02-OCT-26  27200 C        0       0       0       0       0  |       0       0       0       0       -1    0          0  |         5         2          0        21         0
02-OCT-26  27250 C        0       0       0       0       0  |       0       0       0       0       -1    0          0  |         2         2          0         1         0
02-OCT-26  27300 C        0       0       0       0       0  |       0       0       0       0       -1    0          0  |         5         5          0         1         0
02-OCT-26  27350 C        0       0       0       0       0  |       0       0       0       0       -1    0          0  |         0         0          0         0         0
02-OCT-26  27400 C        0       0       0       0       0  |       0       0       0       0       -1    0          0  |         0         0          0         0         0
02-OCT-26  27450 C        0       0       0       0       0  |       0       0       0       0       -1    0          0  |         0         0          0         0         0
02-OCT-26  27500 C        0       0       0       0       0  |       0       0       0       0       -1    0          0  |         2         2          0         1         0
02-OCT-26  27550 C        0       0       0       0       0  |       0       0       0       0       -1    0          0  |         0         0          0         0         0
02-OCT-26  27600 C        0       0       0       0       0  |       0       0       0       0       -1    0          0  |         4         2          0         2         0
02-OCT-26  27650 C        0       0       0       0       0  |       0       0       0       0       -1    0          0  |         2         2          0         1         0
02-OCT-26  27700 C        0       0       0       0       0  |       0       0       0       0       -1    0          0  |         2         2          0         1         0
02-OCT-26  27750 C        0       0       0       0       0  |       0       0       0       0       -1    0          0  |         0         0          0         0         0
02-OCT-26  27800 C        0       0       0       0       0  |       0       0       0       0       -1    0          0  |         0         0          0         0         0
02-OCT-26  27850 C        0       0       0       0       0  |       0       0       0       0       -1    0          0  |         0         0          0         0         0
02-OCT-26  27900 C        0       0       0       0       0  |       0       0       0       0       -1    0          0  |         0         0          0         0         0
02-OCT-26  27950 C        0       0       0       0       0  |       0       0       0       0       -1    0          0  |         0         0          0         0         0
02-OCT-26  28000 C        0       0       0       0       0  |       0       0       0       0       -1    0          0  |         0         0          0         0         0
02-OCT-26  28050 C        0       0       0       0       0  |       0       0       0       0       -1    0          0  |         0         0          0         0         0
02-OCT-26  28100 C        0       0       0       0       0  |       0       0       0       0       -1    0          0  |         2         2          0         8         0
02-OCT-26  28150 C        0       0       0       0       0  |       0       0       0       0       -1    0          0  |         0         0          0         0         0
02-OCT-26  28200 C        0       0       0       0       0  |       0       0       0       0       -1    0          0  |         0         0          0         0         0
02-OCT-26  28250 C        0       0       0       0       0  |       0       0       0       0       -1    0          0  |         0         0          0         0         0
02-OCT-26  28300 C        0       0       0       0       0  |       0       0       0       0       -1    0          0  |         0         0          0         0         0
02-OCT-26  28350 C        0       0       0       0       0  |       0       0       0       0       -1    0          0  |         0         0          0         0         0
02-OCT-26  28400 C        0       0       0       0       0  |       0       0       0       0       -1    0          0  |         0         0          0         0         0
02-OCT-26  28450 C        0       0       0       0       0  |       0       0       0       0       -1    0          0  |         0         0          0         0         0
02-OCT-26  28500 C        0       0       0       0       0  |       0       0       0       0       -1    0          0  |         0         0          0         0         0
02-OCT-26  28550 C        0       0       0       0       0  |       0       0       0       0       -1    0          0  |         0         0          0         0         0
02-OCT-26  28600 C        0       0       0       0       0  |       0       0       0       0       -1    0          0  |         0         0          0         0         0
02-OCT-26  28650 C        0       0       0       0       0  |       0       0       0       0       -1    0          0  |         0         0          0         0         0
02-OCT-26  28700 C        0       0       0       0       0  |       0       0       0       0       -1    0          0  |         0         0          0         0         0
02-OCT-26  28750 C        0       0       0       0       0  |       0       0       0       0       -1    0          0  |         0         0          0         0         0
02-OCT-26  28800 C        0       0       0       0       0  |       0       0       0       0       -1    0          0  |         0         0          0         0         0
02-OCT-26  28850 C        0       0       0       0       0  |       0       0       0       0       -1    0          0  |         0         0          0         0         0
02-OCT-26  28900 C        0       0       0       0       0  |       0       0       0       0       -1    0          0  |         1         1          0         1         0
02-OCT-26  28950 C        0       0       0       0       0  |       0       0       0       0       -1    0          0  |         1         1          0         1         0
02-OCT-26  29000 C        0       0       0       0       0  |       0       0       0       0       -1    0          0  |         1         1          0         1         0
02-OCT-26  29050 C        0       0       0       0       0  |       0       0       0       0       -1    0          0  |         1         1          0         1         0
02-OCT-26  29100 C        0       0       0       0       0  |       0       0       0       0       -1    0          0  |         0         0          0         0         0
02-OCT-26  29150 C        0       0       0       0       0  |       0       0       0       0       -1    0          0  |         0         0          0         0         0
02-OCT-26  29200 C        0       0       0       0       0  |       0       0       0       0       -1    0          0  |         0         0          0         0         0
02-OCT-26  29250 C        0       0       0       0       0  |       0       0       0       0       -1    0          0  |         0         0          0         0         0
02-OCT-26  29300 C        0       0       0       0       0  |       0       0       0       0       -1    0          0  |         0         0          0         0         0
02-OCT-26  29350 C        0       0       0       0       0  |       0       0       0       0       -1    0          0  |         0         0          0         0         0
02-OCT-26  29400 C        0       0       0       0       0  |       0       0       0       0       -1    0          0  |         0         0          0         0         0
02-OCT-26  29450 C        0       0       0       0       0  |       0       0       0       0       -1    0          0  |         0         0          0         0         0
02-OCT-26  29500 C        0       0       0       0       0  |       0       0       0       0       -1    0          0  |         0         0          0         0         0
02-OCT-26  29550 C        0       0       0       0       0  |       0       0       0       0       -1    0          0  |         0         0          0         0         0
02-OCT-26  29600 C        0       0       0       0       0  |       0       0       0       0       -1    0          0  |         0         0          0         0         0
02-OCT-26  29650 C        0       0       0       0       0  |       0       0       0       0       -1    0          0  |         0         0          0         0         0
02-OCT-26  29700 C        0       0       0       0       0  |       0       0       0       0       -1    0          0  |         0         0          0         0         0
02-OCT-26  29750 C        0       0       0       0       0  |       0       0       0       0       -1    0          0  |         0         0          0         0         0
02-OCT-26  29800 C        0       0       0       0       0  |       0       0       0       0       -1    0          0  |         0         0          0         0         0
02-OCT-26  29850 C        0       0       0       0       0  |       0       0       0       0       -1    0          0  |         0         0          0         0         0
02-OCT-26  29900 C        0       0       0       0       0  |       0       0       0       0       -1    0          0  |         0         0          0         0         0
02-OCT-26  29950 C        0       0       0       0       0  |       0       0       0       0       -1    0          0  |         0         0          0         0         0
02-OCT-26  30000 C        0       0       0       0       0  |       0       0       0       0       -1    0          0  |         0         0          0         0         0
02-OCT-26  30050 C        0       0       0       0       0  |       0       0       0       0       -1    0          0  |         0         0          0         0         0
02-OCT-26  30100 C        0       0       0       0       0  |       0       0       0       0       -1    0          0  |         0         0          0         0         0
02-OCT-26  30150 C        0       0       0       0       0  |       0       0       0       0       -1    0          0  |         0         0          0         0         0

                                 TOTAL CALL               0  |                               TOTAL CALL            4791  | TOTAL CALL                4791      8976     +1567

CONTRACT    STRIKE *OPENING  *DAILY  *DAILY   CLOSE  VOLUME  |*OPENING  *DAILY  *DAILY  O.Q.P.   O.Q.P.  IV%     VOLUME  | *Contract *Contract     Volume      Open Change in
WEEK         PRICE    PRICE    HIGH     LOW   PRICE          |   PRICE    HIGH     LOW   CLOSE   CHANGE                  |      High       Low             Interest        OI
02-OCT-26  19575 P        0       0       0       0       0  |       0       0       0       0       -1    0          0  |         0         0          0         0         0
02-OCT-26  19600 P        0       0       0       0       0  |       0       0       0       0       -1    0          0  |         0         0          0         0         0
02-OCT-26  19625 P        0       0       0       0       0  |       0       0       0       0       -1    0          0  |         0         0          0         0         0
02-OCT-26  19650 P        0       0       0       0       0  |       0       0       0       0       -1    0          0  |         0         0          0         0         0
02-OCT-26  19675 P        0       0       0       0       0  |       0       0       0       0       -1    0          0  |         2         2          0        17         0
02-OCT-26  19700 P        0       0       0       0       0  |       0       0       0       0       -1    0          0  |         0         0          0         0         0
02-OCT-26  19725 P        0       0       0       0       0  |       0       0       0       0       -1    0          0  |         0         0          0         0         0
02-OCT-26  19750 P        0       0       0       0       0  |       0       0       0       0       -1    0          0  |         0         0          0         0         0
02-OCT-26  19775 P        0       0       0       0       0  |       0       0       0       0       -1    0          0  |         0         0          0         0         0
02-OCT-26  19800 P        0       0       0       0       0  |       0       0       0       0       -1    0          0  |         2         2          0         1         0
02-OCT-26  19825 P        0       0       0       0       0  |       0       0       0       0       -1    0          0  |         2         2          0         1         0
02-OCT-26  19850 P        0       0       0       0       0  |       0       0       0       0       -1    0          0  |         2         2          0         2         0
02-OCT-26  19875 P        0       0       0       0       0  |       0       0       0       0       -1    0          0  |         0         0          0         0         0
02-OCT-26  19900 P        0       0       0       0       0  |       0       0       0       0       -1    0          0  |         2         1          0        95         0
02-OCT-26  19925 P        0       0       0       0       0  |       0       0       0       0       -1    0          0  |         0         0          0         0         0
02-OCT-26  19950 P        0       0       0       0       0  |       0       0       0       0       -1    0          0  |         0         0          0         0         0
02-OCT-26  19975 P        0       0       0       0       0  |       0       0       0       0       -1    0          0  |         0         0          0         0         0
02-OCT-26  20000 P        0       0       0       0       0  |       0       0       0       0       -1    0          0  |         0         0          0         0         0
02-OCT-26  20050 P        0       0       0       0       0  |       0       0       0       0       -1    0          0  |         0         0          0         0         0
02-OCT-26  20100 P        0       0       0       0       0  |       0       0       0       0       -1    0          0  |         3         1          0         2         0
02-OCT-26  20150 P        0       0       0       0       0  |       0       0       0       0       -1    0          0  |         0         0          0         0         0
02-OCT-26  20200 P        0       0       0       0       0  |       0       0       0       0       -1    0          0  |         0         0          0         0         0
02-OCT-26  20250 P        0       0       0       0       0  |       0       0       0       0       -1    0          0  |         0         0          0         0         0
02-OCT-26  20300 P        0       0       0       0       0  |       0       0       0       0       -1    0          0  |         2         2          0         1         0
02-OCT-26  20350 P        0       0       0       0       0  |       0       0       0       0       -1    0          0  |         0         0          0         0         0
02-OCT-26  20400 P        0       0       0       0       0  |       0       0       0       0       -1    0          0  |         3         3          0         1         0
02-OCT-26  20450 P        0       0       0       0       0  |       0       0       0       0       -1    0          0  |         0         0          0         0         0
02-OCT-26  20500 P        0       0       0       0       0  |       0       0       0       0       -1    0          0  |         3         1          0         2         0
02-OCT-26  20550 P        0       0       0       0       0  |       0       0       0       0       -1    0          0  |         0         0          0         0         0
02-OCT-26  20600 P        0       0       0       0       0  |       0       0       0       0       -1    0          0  |         4         4          0         1         0
02-OCT-26  20650 P        0       0       0       0       0  |       0       0       0       0       -1    0          0  |         0         0          0         0         0
02-OCT-26  20700 P        0       0       0       0       0  |       0       0       0       0       -1    0          0  |         4         2          0        28         0
02-OCT-26  20750 P        0       0       0       0       0  |       0       0       0       0       -1    0          0  |         2         2          0        10         0
02-OCT-26  20800 P        0       0       0       0       0  |       0       0       0       0       -1    0          0  |         4         1          0        31         0
02-OCT-26  20850 P        0       0       0       0       0  |       0       0       0       0       -1    0          0  |         2         2          0        37         0
02-OCT-26  20900 P        0       0       0       0       0  |       0       0       0       0       -1    0          0  |         2         2          0        10         0
02-OCT-26  20950 P        0       0       0       0       0  |       0       0       0       0       -1    0          0  |         2         1          0        49         0
02-OCT-26  21000 P        0       0       0       0       0  |       0       0       0       0       -1    0          0  |         2         1          0        78         0
02-OCT-26  21050 P        0       0       0       0       0  |       0       0       0       0       -1    0          0  |         2         2          0        15         0
02-OCT-26  21100 P        0       0       0       0       0  |       0       0       0       0       -1    0          0  |         2         2          0        58         0
02-OCT-26  21150 P        0       0       0       0       0  |       0       0       0       0       -1    0          0  |         2         2          0        20         0
02-OCT-26  21200 P        0       0       0       0       0  |       0       0       0       0       -1    0          0  |         3         2          0       134         0
02-OCT-26  21250 P        0       0       0       0       0  |       0       0       0       0       -1    0          0  |         3         2          0        42         0
02-OCT-26  21300 P        0       0       0       0       0  |       0       0       0       0       -1    0          0  |         4         2          0        39         0
02-OCT-26  21350 P        0       0       0       0       0  |       0       0       0       0       -1    0          0  |         2         2          0        47         0
02-OCT-26  21400 P        0       0       0       0       0  |       0       0       0       0       -1    0          0  |         2         2          0        72         0
02-OCT-26  21450 P        0       0       0       0       0  |       0       0       0       0       -1    0          0  |         2         2          0        37         0
02-OCT-26  21500 P        0       0       0       0       0  |       0       0       0       0       -1    0          0  |         5         2          0        17         0
02-OCT-26  21550 P        0       0       0       0       0  |       0       0       0       0       -1    0          0  |         4         2          0        11         0
02-OCT-26  21600 P        0       0       0       0       0  |       0       0       0       0       -1    0          0  |         4         2          0        27         0
02-OCT-26  21650 P        0       0       0       0       0  |       0       0       0       0       -1    0          0  |         4         4          0        15         0
02-OCT-26  21700 P        0       0       0       0       0  |       0       0       0       0       -1    0          0  |         6         2          0        19         0
02-OCT-26  21750 P        0       0       0       0       0  |       0       0       0       0       -1    0          0  |         0         0          0         0         0
02-OCT-26  21800 P        0       0       0       0       0  |       0       0       0       0       -1    0          0  |         4         4          0         2         0
02-OCT-26  21850 P        0       0       0       0       0  |       0       0       0       0       -1    0          0  |         0         0          0         0         0
02-OCT-26  21900 P        0       0       0       0       0  |       0       0       0       0       -1    0          0  |         6         6          0         1         0
02-OCT-26  21950 P        0       0       0       0       0  |       0       0       0       0       -1    0          0  |         0         0          0         0         0
02-OCT-26  22000 P        0       0       0       0       0  |       0       0       0       0       -1    0          0  |         1         1          0         3         0
02-OCT-26  22050 P        0       0       0       0       0  |       0       0       0       0       -1    0          0  |         1         1          0         1         0
02-OCT-26  22100 P        0       0       0       0       0  |       0       0       0       0       -1    0          0  |         7         1          0         2         0
02-OCT-26  22150 P        0       0       0       0       0  |       0       0       0       0       -1    0          0  |         0         0          0         0         0
02-OCT-26  22200 P        0       0       0       0       0  |       0       0       0       0       -1    0          0  |         1         1          0         2         0
02-OCT-26  22250 P        0       0       0       0       0  |       0       0       0       0       -1    0          0  |         1         1          0         1         0
02-OCT-26  22300 P        0       0       0       0       0  |       0       0       0       0       -1    0          0  |        10         2          0         9         0
02-OCT-26  22350 P        0       0       0       0       0  |       0       0       0       0       -1    0          0  |         0         0          0         0         0
02-OCT-26  22400 P        0       0       0       0       0  |       0       0       0       0       -1    0          0  |         2         2          0         2         0
02-OCT-26  22450 P        0       0       0       0       0  |       0       0       0       0       -1    0          0  |         9         1          0         8         0
02-OCT-26  22500 P        0       0       0       0       0  |       0       0       0       0       -1    0          0  |        12         1          0        16         0
02-OCT-26  22550 P        0       0       0       0       0  |       0       0       0       0       -1    0          0  |         9         1          0        14         0
02-OCT-26  22600 P        0       0       0       0       0  |       0       0       0       0       -1    0          0  |        13         1          0        16         0
02-OCT-26  22650 P        0       0       0       0       0  |       0       0       0       0       -1    0          0  |        11         1          0        26         0
02-OCT-26  22700 P        0       0       0       0       0  |       0       0       0       0       -1    0          0  |        10         1          0        28         0
02-OCT-26  22750 P        0       0       0       0       0  |       0       0       0       0       -1    0          0  |        10         1          0        12         0
02-OCT-26  22800 P        0       0       0       0       0  |       0       0       0       0       -1    0          0  |        10         1          0        33         0
02-OCT-26  22850 P        0       0       0       0       0  |       0       0       0       0       -1    0          0  |        10         1          0        12         0
02-OCT-26  22900 P        0       0       0       0       0  |       0       0       0       0       -1    0          0  |        11         1          0        51         0
02-OCT-26  22950 P        0       0       0       0       0  |       1       1       1       0       -1    0          1  |        10         1          1         8         0
02-OCT-26  23000 P        0       0       0       0       0  |       1       1       1       0       -1    0         10  |        21         1         10        44         0
02-OCT-26  23050 P        0       0       0       0       0  |       1       1       1       0       -1    0         10  |        22         1         10        91         0
02-OCT-26  23100 P        0       0       0       0       0  |       0       0       0       0       -1    0          0  |        24         1          0        49         0
02-OCT-26  23150 P        0       0       0       0       0  |       1       1       1       0       -1    0          4  |        18         1          4        14        +1
02-OCT-26  23200 P        0       0       0       0       0  |       1       1       1       0       -1    0          3  |        19         1          3        32         0
02-OCT-26  23250 P        0       0       0       0       0  |       0       0       0       0       -1    0          0  |        24         1          0        44         0
02-OCT-26  23300 P        0       0       0       0       0  |       1       1       1       0       -1    0          1  |        23         1          1        39        +1
02-OCT-26  23350 P        0       0       0       0       0  |       1       1       1       0       -1    0          3  |        26         1          3        50         0
02-OCT-26  23400 P        0       0       0       0       0  |       1       1       1       0       -1    0          3  |        28         1          3        69         0
02-OCT-26  23450 P        0       0       0       0       0  |       1       1       1       0       -1    0          7  |        26         1          7        24        +2
02-OCT-26  23500 P        0       0       0       0       0  |       1       1       1       0       -1    0          3  |        41         1          3       137         0
02-OCT-26  23550 P        0       0       0       0       0  |       1       1       1       0       -1    0          3  |        25         1          3       140         0
02-OCT-26  23600 P        0       0       0       0       0  |       1       1       1       0       -1    0         12  |        47         1         12       177         0
02-OCT-26  23650 P        0       0       0       0       0  |       1       1       1       0       -1    0          9  |        22         1          9        71        +2
02-OCT-26  23700 P        0       0       0       0       0  |       1       3       1       0       -1    0        332  |        52         1        332       423      +228
02-OCT-26  23750 P        0       0       0       0       0  |       1       7       1       0       -1    0        646  |        48         1        646       432      +357
02-OCT-26  23800 P        0       0       0       0       0  |       1      16       1       0       -1    0       1056  |        67         1       1056       566      +360
02-OCT-26  23850 P        0       0       0       0       0  |       1      30       1       0       -1    0        765  |        80         1        765       234      +125
02-OCT-26  23900 P        0       0       0       0       0  |       1      51       1       0       -1    0        531  |        97         1        531       259      +143
02-OCT-26  23950 P        0       0       0       0       0  |       6      76       1       0       -1    0        593  |        82         1        593       142       +82
02-OCT-26  24000 P        0       0       0       0       0  |       5     123       5       0       -1    0        410  |       123         3        410         0      -200
02-OCT-26  24050 P        0       0       0       0       0  |      16     161      10       0       -1    0        242  |       161         3        242         0       -67
02-OCT-26  24100 P        0       0       0       0       0  |      36     207      15       0       -1    0        177  |       207         4        177         0       -61
02-OCT-26  24150 P        0       0       0       0       0  |      46     257      30       0       -1    0        260  |       257         5        260         0       -55
02-OCT-26  24200 P        0       0       0       0       0  |      42     307      42       0       -1    0        465  |       307         7        465         0      -321
02-OCT-26  24250 P        0       0       0       0       0  |     102     355     102       0       -2    0        232  |       355         9        232         0      -390
02-OCT-26  24300 P        0       0       0       0       0  |      53     350      53       0       -4    0        280  |       350        12        280         0      -306
02-OCT-26  24350 P        0       0       0       0       0  |     110     426     110       0       -7    0         54  |       426        17         54         0       -81
02-OCT-26  24400 P        0       0       0       0       0  |     102     497     102       0      -12    0        132  |       497        24        132         0      -147
02-OCT-26  24450 P        0       0       0       0       0  |     176     526     176       0      -20    0         59  |       526        33         59         0       -84
02-OCT-26  24500 P        0       0       0       0       0  |     200     560     200       0      -32    0        257  |       560        45        257         0      -249
02-OCT-26  24550 P        0       0       0       0       0  |     329     557     329       0      -47    0         20  |       557        63         20         0       -59
02-OCT-26  24600 P        0       0       0       0       0  |     397     705     397       0      -69    0        262  |       705        69        262         0      -301
02-OCT-26  24650 P        0       0       0       0       0  |     350     706     350       0      -95    0          9  |       706        77          9         0       -44
02-OCT-26  24700 P        0       0       0       0       0  |     500     780     500       0     -127    0         15  |       780        90         15         0       -65
02-OCT-26  24750 P        0       0       0       0       0  |     780     800     780       0     -164    0         15  |       800       106         15         0       -66
02-OCT-26  24800 P        0       0       0       0       0  |     830     889     830       0     -205    0         23  |       889       128         23         0      -125
02-OCT-26  24850 P        0       0       0       0       0  |     883     883     883       0     -250    0          2  |       883       158          2         0       -62
02-OCT-26  24900 P        0       0       0       0       0  |       0       0       0       0     -296    0          0  |       585       162          0         0       -27
02-OCT-26  24950 P        0       0       0       0       0  |       0       0       0       0     -344    0          0  |       508       184          0         0       -10
02-OCT-26  25000 P        0       0       0       0       0  |     999    1050     999       0     -393    0          6  |      1050       155          6         0       -14
02-OCT-26  25050 P        0       0       0       0       0  |    1100    1100    1100       0     -443    0          1  |      1100       191          1         0       -17
02-OCT-26  25100 P        0       0       0       0       0  |    1150    1150    1150       0     -493    0          5  |      1150       202          5         0       -17
02-OCT-26  25150 P        0       0       0       0       0  |       0       0       0       0     -542    0          0  |       319       206          0         0        -5
02-OCT-26  25200 P        0       0       0       0       0  |       0       0       0       0     -592    0          0  |       335       229          0         0        -1
02-OCT-26  25250 P        0       0       0       0       0  |       0       0       0       0     -642    0          0  |       364       249          0         0        -3
02-OCT-26  25300 P        0       0       0       0       0  |       0       0       0       0     -692    0          0  |       521       352          0         0        -4
02-OCT-26  25350 P        0       0       0       0       0  |       0       0       0       0     -742    0          1  |         0         0          1         0        -1
02-OCT-26  25400 P        0       0       0       0       0  |       0       0       0       0     -792    0          0  |       640       640          0         0        -1
02-OCT-26  25450 P        0       0       0       0       0  |       0       0       0       0     -842    0          0  |         0         0          0         0         0
02-OCT-26  25500 P        0       0       0       0       0  |       0       0       0       0     -892    0          0  |         0         0          0         0         0
02-OCT-26  25550 P        0       0       0       0       0  |       0       0       0       0     -942    0          0  |         0         0          0         0         0
02-OCT-26  25600 P        0       0       0       0       0  |       0       0       0       0     -992    0          0  |      1258      1258          0         0        -1
02-OCT-26  25650 P        0       0       0       0       0  |       0       0       0       0    -1042    0          0  |         0         0          0         0         0
02-OCT-26  25700 P        0       0       0       0       0  |       0       0       0       0    -1092    0          0  |         0         0          0         0         0
02-OCT-26  25750 P        0       0       0       0       0  |       0       0       0       0    -1142    0          0  |         0         0          0         0         0
02-OCT-26  25800 P        0       0       0       0       0  |       0       0       0       0    -1192    0          0  |         0         0          0         0         0
02-OCT-26  25850 P        0       0       0       0       0  |       0       0       0       0    -1242    0          0  |         0         0          0         0         0
02-OCT-26  25900 P        0       0       0       0       0  |       0       0       0       0    -1292    0          0  |         0         0          0         0         0
02-OCT-26  25950 P        0       0       0       0       0  |       0       0       0       0    -1342    0          0  |         0         0          0         0         0
02-OCT-26  26000 P        0       0       0       0       0  |       0       0       0       0    -1392    0          0  |         0         0          0         0        -3
02-OCT-26  26050 P        0       0       0       0       0  |       0       0       0       0    -1442    0          0  |         0         0          0         0         0
02-OCT-26  26100 P        0       0       0       0       0  |       0       0       0       0    -1492    0          0  |         0         0          0         0         0
02-OCT-26  26150 P        0       0       0       0       0  |       0       0       0       0    -1542    0          0  |         0         0          0         0         0
02-OCT-26  26200 P        0       0       0       0       0  |       0       0       0       0    -1592    0          0  |         0         0          0         0         0
02-OCT-26  26250 P        0       0       0       0       0  |       0       0       0       0    -1642    0          0  |         0         0          0         0         0
02-OCT-26  26300 P        0       0       0       0       0  |       0       0       0       0    -1692    0          0  |         0         0          0         0         0
02-OCT-26  26350 P        0       0       0       0       0  |       0       0       0       0    -1742    0          0  |         0         0          0         0         0
02-OCT-26  26400 P        0       0       0       0       0  |       0       0       0       0    -1792    0          0  |         0         0          0         0         0
02-OCT-26  26450 P        0       0       0       0       0  |       0       0       0       0    -1842    0          0  |         0         0          0         0         0
02-OCT-26  26500 P        0       0       0       0       0  |       0       0       0       0    -1892    0          0  |         0         0          0         0         0
02-OCT-26  26550 P        0       0       0       0       0  |       0       0       0       0    -1942    0          0  |         0         0          0         0         0
02-OCT-26  26600 P        0       0       0       0       0  |       0       0       0       0    -1992    0          0  |         0         0          0         0         0
02-OCT-26  26650 P        0       0       0       0       0  |       0       0       0       0    -2042    0          0  |         0         0          0         0         0
02-OCT-26  26700 P        0       0       0       0       0  |       0       0       0       0    -2092    0          0  |         0         0          0         0         0
02-OCT-26  26750 P        0       0       0       0       0  |       0       0       0       0    -2142    0          0  |         0         0          0         0         0
02-OCT-26  26800 P        0       0       0       0       0  |       0       0       0       0    -2192    0          0  |         0         0          0         0         0
02-OCT-26  26850 P        0       0       0       0       0  |       0       0       0       0    -2242    0          0  |         0         0          0         0         0
02-OCT-26  26900 P        0       0       0       0       0  |       0       0       0       0    -2292    0          0  |         0         0          0         0         0
02-OCT-26  26950 P        0       0       0       0       0  |       0       0       0       0    -2342    0          0  |         0         0          0         0         0
02-OCT-26  27000 P        0       0       0       0       0  |       0       0       0       0    -2392    0          0  |         0         0          0         0         0
02-OCT-26  27050 P        0       0       0       0       0  |       0       0       0       0    -2442    0          0  |         0         0          0         0         0
02-OCT-26  27100 P        0       0       0       0       0  |       0       0       0       0    -2492    0          0  |         0         0          0         0         0
02-OCT-26  27150 P        0       0       0       0       0  |       0       0       0       0    -2542    0          0  |         0         0          0         0         0
02-OCT-26  27200 P        0       0       0       0       0  |       0       0       0       0    -2592    0          0  |         0         0          0         0         0
02-OCT-26  27250 P        0       0       0       0       0  |       0       0       0       0    -2642    0          0  |         0         0          0         0         0
02-OCT-26  27300 P        0       0       0       0       0  |       0       0       0       0    -2692    0          0  |         0         0          0         0         0
02-OCT-26  27350 P        0       0       0       0       0  |       0       0       0       0    -2742    0          0  |         0         0          0         0         0
02-OCT-26  27400 P        0       0       0       0       0  |       0       0       0       0    -2792    0          0  |         0         0          0         0         0
02-OCT-26  27450 P        0       0       0       0       0  |       0       0       0       0    -2842    0          0  |         0         0          0         0         0
02-OCT-26  27500 P        0       0       0       0       0  |       0       0       0       0    -2892    0          0  |         0         0          0         0         0
02-OCT-26  27550 P        0       0       0       0       0  |       0       0       0       0    -2942    0          0  |         0         0          0         0         0
02-OCT-26  27600 P        0       0       0       0       0  |       0       0       0       0    -2992    0          0  |         0         0          0         0         0
02-OCT-26  27650 P        0       0       0       0       0  |       0       0       0       0    -3042    0          0  |         0         0          0         0         0
02-OCT-26  27700 P        0       0       0       0       0  |       0       0       0       0    -3092    0          0  |         0         0          0         0         0
02-OCT-26  27750 P        0       0       0       0       0  |       0       0       0       0    -3142    0          0  |         0         0          0         0         0
02-OCT-26  27800 P        0       0       0       0       0  |       0       0       0       0    -3192    0          0  |         0         0          0         0         0
02-OCT-26  27850 P        0       0       0       0       0  |       0       0       0       0    -3242    0          0  |         0         0          0         0         0
02-OCT-26  27900 P        0       0       0       0       0  |       0       0       0       0    -3292    0          0  |         0         0          0         0         0
02-OCT-26  27950 P        0       0       0       0       0  |       0       0       0       0    -3342    0          0  |         0         0          0         0         0
02-OCT-26  28000 P        0       0       0       0       0  |       0       0       0       0    -3392    0          0  |         0         0          0         0         0
02-OCT-26  28050 P        0       0       0       0       0  |       0       0       0       0    -3442    0          0  |         0         0          0         0         0
02-OCT-26  28100 P        0       0       0       0       0  |       0       0       0       0    -3492    0          0  |         0         0          0         0         0
02-OCT-26  28150 P        0       0       0       0       0  |    4200    4200    4200       0    -3542    0          6  |      4200      4200          6         0         0
02-OCT-26  28200 P        0       0       0       0       0  |       0       0       0       0    -3592    0          0  |         0         0          0         0         0
02-OCT-26  28250 P        0       0       0       0       0  |       0       0       0       0    -3642    0          0  |         0         0          0         0         0
02-OCT-26  28300 P        0       0       0       0       0  |       0       0       0       0    -3692    0          0  |         0         0          0         0         0
02-OCT-26  28350 P        0       0       0       0       0  |       0       0       0       0    -3742    0          0  |         0         0          0         0         0
02-OCT-26  28400 P        0       0       0       0       0  |       0       0       0       0    -3792    0          0  |         0         0          0         0         0
02-OCT-26  28450 P        0       0       0       0       0  |       0       0       0       0    -3842    0          0  |         0         0          0         0         0
02-OCT-26  28500 P        0       0       0       0       0  |       0       0       0       0    -3892    0          0  |         0         0          0         0         0
02-OCT-26  28550 P        0       0       0       0       0  |       0       0       0       0    -3942    0          0  |         0         0          0         0         0
02-OCT-26  28600 P        0       0       0       0       0  |       0       0       0       0    -3992    0          0  |         0         0          0         0         0
02-OCT-26  28650 P        0       0       0       0       0  |       0       0       0       0    -4042    0          0  |         0         0          0         0         0
02-OCT-26  28700 P        0       0       0       0       0  |       0       0       0       0    -4092    0          0  |         0         0          0         0         0
02-OCT-26  28750 P        0       0       0       0       0  |       0       0       0       0    -4142    0          0  |         0         0          0         0         0
02-OCT-26  28800 P        0       0       0       0       0  |       0       0       0       0    -4192    0          0  |         0         0          0         0         0
02-OCT-26  28850 P        0       0       0       0       0  |       0       0       0       0    -4242    0          0  |         0         0          0         0         0
02-OCT-26  28900 P        0       0       0       0       0  |       0       0       0       0    -4292    0          0  |         0         0          0         0         0
02-OCT-26  28950 P        0       0       0       0       0  |       0       0       0       0    -4342    0          0  |         0         0          0         0         0
02-OCT-26  29000 P        0       0       0       0       0  |       0       0       0       0    -4392    0          0  |         0         0          0         0         0
02-OCT-26  29050 P        0       0       0       0       0  |       0       0       0       0    -4442    0          0  |         0         0          0         0         0
02-OCT-26  29100 P        0       0       0       0       0  |       0       0       0       0    -4492    0          0  |         0         0          0         0         0
02-OCT-26  29150 P        0       0       0       0       0  |       0       0       0       0    -4542    0          0  |         0         0          0         0         0
02-OCT-26  29200 P        0       0       0       0       0  |       0       0       0       0    -4592    0          0  |         0         0          0         0         0
02-OCT-26  29250 P        0       0       0       0       0  |       0       0       0       0    -4642    0          0  |         0         0          0         0         0
02-OCT-26  29300 P        0       0       0       0       0  |       0       0       0       0    -4692    0          0  |         0         0          0         0         0
02-OCT-26  29350 P        0       0       0       0       0  |       0       0       0       0    -4742    0          0  |         0         0          0         0         0
02-OCT-26  29400 P        0       0       0       0       0  |       0       0       0       0    -4792    0          0  |         0         0          0         0         0
02-OCT-26  29450 P        0       0       0       0       0  |       0       0       0       0    -4842    0          0  |         0         0          0         0         0
02-OCT-26  29500 P        0       0       0       0       0  |       0       0       0       0    -4892    0          0  |         0         0          0         0         0
02-OCT-26  29550 P        0       0       0       0       0  |       0       0       0       0    -4942    0          0  |         0         0          0         0         0
02-OCT-26  29600 P        0       0       0       0       0  |       0       0       0       0    -4992    0          0  |         0         0          0         0         0
02-OCT-26  29650 P        0       0       0       0       0  |       0       0       0       0    -5042    0          0  |         0         0          0         0         0
02-OCT-26  29700 P        0       0       0       0       0  |       0       0       0       0    -5092    0          0  |         0         0          0         0         0
02-OCT-26  29750 P        0       0       0       0       0  |       0       0       0       0    -5142    0          0  |         0         0          0         0         0
02-OCT-26  29800 P        0       0       0       0       0  |       0       0       0       0    -5192    0          0  |         0         0          0         0         0
02-OCT-26  29850 P        0       0       0       0       0  |       0       0       0       0    -5242    0          0  |         0         0          0         0         0
02-OCT-26  29900 P        0       0       0       0       0  |       0       0       0       0    -5292    0          0  |         0         0          0         0         0
02-OCT-26  29950 P        0       0       0       0       0  |       0       0       0       0    -5342    0          0  |         0         0          0         0         0
02-OCT-26  30000 P        0       0       0       0       0  |       0       0       0       0    -5392    0          0  |         0         0          0         0         0
02-OCT-26  30050 P        0       0       0       0       0  |       0       0       0       0    -5442    0          0  |         0         0          0         0         0
02-OCT-26  30100 P        0       0       0       0       0  |       0       0       0       0    -5492    0          0  |         0         0          0         0         0
02-OCT-26  30150 P        0       0       0       0       0  |       0       0       0       0    -5542    0          0  |         0         0          0         0         0

                                 TOTAL PUT                0  |                               TOTAL PUT             6925  | TOTAL PUT                 6925      4203     -1486

                                                                                                                         | WEEKLY PUT/CALL RATIO     1.44
                                                                                                                         | WEEKLY TOTAL             11716     13179       +81
 
 
CONTRACT    STRIKE *OPENING  *DAILY  *DAILY   CLOSE  VOLUME  |*OPENING  *DAILY  *DAILY  O.Q.P.   O.Q.P.  IV%     VOLUME  | *Contract *Contract     Volume      Open Change in
WEEK         PRICE    PRICE    HIGH     LOW   PRICE          |   PRICE    HIGH     LOW   CLOSE   CHANGE                  |      High       Low             Interest        OI
09-OCT-26  19575 C        0       0       0       0       0  |       0       0       0    4342     -648    0          0  |         0         0          0         0         0
09-OCT-26  19600 C        0       0       0       0       0  |       0       0       0    4317     -648    0          0  |         0         0          0         0         0
09-OCT-26  19625 C        0       0       0       0       0  |       0       0       0    4292     -648    0          0  |         0         0          0         0         0
09-OCT-26  19650 C        0       0       0       0       0  |       0       0       0    4267     -648    0          0  |         0         0          0         0         0
09-OCT-26  19675 C        0       0       0       0       0  |       0       0       0    4242     -648    0          0  |         0         0          0         0         0
09-OCT-26  19700 C        0       0       0       0       0  |       0       0       0    4217     -648    0          0  |         0         0          0         0         0
09-OCT-26  19725 C        0       0       0       0       0  |       0       0       0    4192     -648    0          0  |         0         0          0         0         0
09-OCT-26  19750 C        0       0       0       0       0  |       0       0       0    4167     -648    0          0  |         0         0          0         0         0
09-OCT-26  19775 C        0       0       0       0       0  |       0       0       0    4142     -648    0          0  |         0         0          0         0         0
09-OCT-26  19800 C        0       0       0       0       0  |       0       0       0    4117     -648    0          0  |         0         0          0         0         0
09-OCT-26  19825 C        0       0       0       0       0  |       0       0       0    4092     -648    0          0  |         0         0          0         0         0
09-OCT-26  19850 C        0       0       0       0       0  |       0       0       0    4067     -648    0          0  |         0         0          0         0         0
09-OCT-26  19875 C        0       0       0       0       0  |       0       0       0    4042     -648    0          0  |         0         0          0         0         0
09-OCT-26  19900 C        0       0       0       0       0  |       0       0       0    4017     -648    0          0  |         0         0          0         0         0
09-OCT-26  19925 C        0       0       0       0       0  |       0       0       0    3992     -648    0          0  |         0         0          0         0         0
09-OCT-26  19950 C        0       0       0       0       0  |       0       0       0    3967     -648    0          0  |         0         0          0         0         0
09-OCT-26  19975 C        0       0       0       0       0  |       0       0       0    3942     -648    0          0  |         0         0          0         0         0
09-OCT-26  20000 C        0       0       0       0       0  |       0       0       0    3917     -648    0          0  |         0         0          0         0         0
09-OCT-26  20050 C        0       0       0       0       0  |       0       0       0    3867     -648    0          0  |         0         0          0         0         0
09-OCT-26  20100 C        0       0       0       0       0  |       0       0       0    3817     -648    0          0  |         0         0          0         0         0
09-OCT-26  20150 C        0       0       0       0       0  |       0       0       0    3767     -648    0          0  |         0         0          0         0         0
09-OCT-26  20200 C        0       0       0       0       0  |       0       0       0    3717     -648    0          0  |         0         0          0         0         0
09-OCT-26  20250 C        0       0       0       0       0  |       0       0       0    3667     -648    0          0  |         0         0          0         0         0
09-OCT-26  20300 C        0       0       0       0       0  |       0       0       0    3617     -648    0          0  |         0         0          0         0         0
09-OCT-26  20350 C        0       0       0       0       0  |       0       0       0    3567     -648    0          0  |         0         0          0         0         0
09-OCT-26  20400 C        0       0       0       0       0  |       0       0       0    3517     -648    0          0  |         0         0          0         0         0
09-OCT-26  20450 C        0       0       0       0       0  |       0       0       0    3467     -648    0          0  |         0         0          0         0         0
09-OCT-26  20500 C        0       0       0       0       0  |       0       0       0    3417     -648    0          0  |         0         0          0         0         0
09-OCT-26  20550 C        0       0       0       0       0  |       0       0       0    3367     -648    0          0  |         0         0          0         0         0
09-OCT-26  20600 C        0       0       0       0       0  |       0       0       0    3317     -648    0          0  |         0         0          0         0         0
09-OCT-26  20650 C        0       0       0       0       0  |       0       0       0    3267     -648    0          0  |         0         0          0         0         0
09-OCT-26  20700 C        0       0       0       0       0  |       0       0       0    3217     -648    0          0  |         0         0          0         0         0
09-OCT-26  20750 C        0       0       0       0       0  |       0       0       0    3167     -648    0          0  |         0         0          0         0         0
09-OCT-26  20800 C        0       0       0       0       0  |       0       0       0    3117     -648    0          0  |         0         0          0         0         0
09-OCT-26  20850 C        0       0       0       0       0  |       0       0       0    3067     -648    0          0  |         0         0          0         0         0
09-OCT-26  20900 C        0       0       0       0       0  |       0       0       0    3017     -648    0          0  |         0         0          0         0         0
09-OCT-26  20950 C        0       0       0       0       0  |       0       0       0    2967     -648    0          0  |         0         0          0         0         0
09-OCT-26  21000 C        0       0       0       0       0  |       0       0       0    2917     -648    0          0  |         0         0          0         0         0
09-OCT-26  21050 C        0       0       0       0       0  |       0       0       0    2867     -648    0          0  |         0         0          0         0         0
09-OCT-26  21100 C        0       0       0       0       0  |       0       0       0    2817     -648    0          0  |         0         0          0         0         0
09-OCT-26  21150 C        0       0       0       0       0  |       0       0       0    2767     -648    0          0  |         0         0          0         0         0
09-OCT-26  21200 C        0       0       0       0       0  |       0       0       0    2717     -648    0          0  |         0         0          0         0         0
09-OCT-26  21250 C        0       0       0       0       0  |       0       0       0    2667     -648    0          0  |         0         0          0         0         0
09-OCT-26  21300 C        0       0       0       0       0  |       0       0       0    2617     -648    0          0  |         0         0          0         0         0
09-OCT-26  21350 C        0       0       0       0       0  |       0       0       0    2568     -647    0          0  |         0         0          0         0         0
09-OCT-26  21400 C        0       0       0       0       0  |       0       0       0    2518     -647    0          0  |         0         0          0         0         0
09-OCT-26  21450 C        0       0       0       0       0  |       0       0       0    2468     -647    0          0  |         0         0          0         0         0
09-OCT-26  21500 C        0       0       0       0       0  |       0       0       0    2418     -647    0          0  |         0         0          0         0         0
09-OCT-26  21550 C        0       0       0       0       0  |       0       0       0    2368     -647    0          0  |         0         0          0         0         0
09-OCT-26  21600 C        0       0       0       0       0  |       0       0       0    2318     -647    0          0  |         0         0          0         0         0
09-OCT-26  21650 C        0       0       0       0       0  |       0       0       0    2268     -647    0          0  |         0         0          0         0         0
09-OCT-26  21700 C        0       0       0       0       0  |       0       0       0    2218     -647    0          0  |         0         0          0         0         0
09-OCT-26  21750 C        0       0       0       0       0  |       0       0       0    2168     -647    0          0  |         0         0          0         0         0
09-OCT-26  21800 C        0       0       0       0       0  |       0       0       0    2118     -647    0          0  |         0         0          0         0         0
09-OCT-26  21850 C        0       0       0       0       0  |       0       0       0    2069     -646    0          0  |         0         0          0         0         0
09-OCT-26  21900 C        0       0       0       0       0  |       0       0       0    2019     -646    0          0  |         0         0          0         0         0
09-OCT-26  21950 C        0       0       0       0       0  |       0       0       0    1969     -646    0          0  |         0         0          0         0         0
09-OCT-26  22000 C        0       0       0       0       0  |       0       0       0    1919     -646    0          0  |         0         0          0         0         0
09-OCT-26  22050 C        0       0       0       0       0  |       0       0       0    1870     -646    0          0  |         0         0          0         0         0
09-OCT-26  22100 C        0       0       0       0       0  |       0       0       0    1820     -646    0          0  |         0         0          0         0         0
09-OCT-26  22150 C        0       0       0       0       0  |       0       0       0    1770     -646    0          0  |         0         0          0         0         0
09-OCT-26  22200 C        0       0       0       0       0  |       0       0       0    1721     -645    0          0  |         0         0          0         0         0
09-OCT-26  22250 C        0       0       0       0       0  |       0       0       0    1671     -645    0          0  |         0         0          0         0         0
09-OCT-26  22300 C        0       0       0       0       0  |       0       0       0    1622     -644    0          0  |         0         0          0         0         0
09-OCT-26  22350 C        0       0       0       0       0  |       0       0       0    1573     -643    0          0  |         0         0          0         0         0
09-OCT-26  22400 C        0       0       0       0       0  |       0       0       0    1523     -643    0          0  |         0         0          0         0         0
09-OCT-26  22450 C        0       0       0       0       0  |       0       0       0    1474     -642    0          0  |         0         0          0         0         0
09-OCT-26  22500 C        0       0       0       0       0  |       0       0       0    1425     -641    0          0  |         0         0          0         0         0
09-OCT-26  22550 C        0       0       0       0       0  |       0       0       0    1376     -640    0          0  |         0         0          0         0         0
09-OCT-26  22600 C        0       0       0       0       0  |       0       0       0    1327     -639    0          0  |         0         0          0         0         0
09-OCT-26  22650 C        0       0       0       0       0  |       0       0       0    1279     -637   15          0  |         0         0          0         0         0
09-OCT-26  22700 C        0       0       0       0       0  |       0       0       0    1230     -636   16          0  |         0         0          0         0         0
09-OCT-26  22750 C        0       0       0       0       0  |       0       0       0    1182     -635   17          0  |         0         0          0         0         0
09-OCT-26  22800 C        0       0       0       0       0  |       0       0       0    1134     -633   18          0  |         0         0          0         0         0
09-OCT-26  22850 C        0       0       0       0       0  |       0       0       0    1086     -631   18          0  |         0         0          0         0         0
09-OCT-26  22900 C        0       0       0       0       0  |       0       0       0    1039     -628   18          0  |         0         0          0         0         0
09-OCT-26  22950 C        0       0       0       0       0  |       0       0       0     992     -626   18          0  |         0         0          0         0         0
09-OCT-26  23000 C        0       0       0       0       0  |       0       0       0     945     -623   18          0  |         0         0          0         0         0
09-OCT-26  23050 C        0       0       0       0       0  |       0       0       0     899     -619   18          0  |         0         0          0         0         0
09-OCT-26  23100 C        0       0       0       0       0  |     847     847     847     853     -616   18          1  |       847       847          1         1        +1
09-OCT-26  23150 C        0       0       0       0       0  |     802     802     802     808     -611   18          1  |       802       802          1         1        +1
09-OCT-26  23200 C        0       0       0       0       0  |       0       0       0     763     -607   18          0  |         0         0          0         0         0
09-OCT-26  23250 C        0       0       0       0       0  |       0       0       0     719     -602   18          0  |         0         0          0         0         0
09-OCT-26  23300 C        0       0       0       0       0  |       0       0       0     676     -596   18          0  |         0         0          0         0         0
09-OCT-26  23350 C        0       0       0       0       0  |       0       0       0     633     -589   18          0  |         0         0          0         0         0
09-OCT-26  23400 C        0       0       0       0       0  |       0       0       0     591     -583   18          0  |         0         0          0         0         0
09-OCT-26  23450 C        0       0       0       0       0  |       0       0       0     551     -574   18          0  |         0         0          0         0         0
09-OCT-26  23500 C        0       0       0       0       0  |       0       0       0     511     -565   18          0  |         0         0          0         0         0
09-OCT-26  23550 C        0       0       0       0       0  |       0       0       0     472     -556   18          0  |         0         0          0         0         0
09-OCT-26  23600 C        0       0       0       0       0  |       0       0       0     435     -545   17          0  |         0         0          0         0         0
09-OCT-26  23650 C        0       0       0       0       0  |     403     403     365     372     -560   15          9  |       403       365          9         9        +9
09-OCT-26  23700 C        0       0       0       0       0  |     375     375     326     337     -548   15         49  |       375       326         49        23       +23
09-OCT-26  23750 C        0       0       0       0       0  |     360     360     291     302     -536   15         39  |       360       291         39        23       +23
09-OCT-26  23800 C        0       0       0       0       0  |     324     360     260     277     -515   15         47  |       360       260         47        18       +18
09-OCT-26  23850 C        0       0       0       0       0  |     276     284     230     246     -500   15         64  |       284       230         64        40       +40
09-OCT-26  23900 C        0       0       0       0       0  |     257     265     199     220     -481   15        274  |       825       199        274        68       +67
09-OCT-26  23950 C        0       0       0       0       0  |     298     298     180     196     -460   15        143  |       298       180        143        71       +71
09-OCT-26  24000 C        0       0       0       0       0  |     269     269     153     170     -442   15       1351  |       477       153       1351       752      +751
09-OCT-26  24050 C        0       0       0       0       0  |     223     223     133     154     -415   15        136  |       680       133        136        51       +50
09-OCT-26  24100 C        0       0       0       0       0  |     218     218     116     131     -396   15        331  |       218       116        331       124      +124
09-OCT-26  24150 C        0       0       0       0       0  |     229     229      98     114     -372   15       2930  |       229        98       2930      2596     +2596
09-OCT-26  24200 C        0       0       0       0       0  |     193     193      85      95     -351   15        404  |       580        85        404       145      +142
09-OCT-26  24250 C        0       0       0       0       0  |     172     172      70      82     -326   15        316  |       384        70        316       248      +241
09-OCT-26  24300 C        0       0       0       0       0  |     162     162      59      70     -301   15        614  |       367        59        614       165      +149
09-OCT-26  24350 C        0       0       0       0       0  |     117     117      48      59     -277   15        409  |       343        48        409       224      +208
09-OCT-26  24400 C        0       0       0       0       0  |     121     121      40      50     -252   15       1474  |       297        40       1474       755      +749
09-OCT-26  24450 C        0       0       0       0       0  |     107     107      35      41     -230   15        102  |       394        35        102        46       +34
09-OCT-26  24500 C        0       0       0       0       0  |      92      98      27      35     -206   15        380  |       377        27        380       275      +163
09-OCT-26  24550 C        0       0       0       0       0  |      80      80      24      29     -184   15        130  |       354        24        130        58       +37
09-OCT-26  24600 C        0       0       0       0       0  |      75      75      20      24     -163   15        421  |       312        20        421       144      +101
09-OCT-26  24650 C        0       0       0       0       0  |      59      64      17      21     -143   15        122  |       307        17        122        31        +3
09-OCT-26  24700 C        0       0       0       0       0  |      55      55      14      18     -124   15        227  |       229        14        227       190      +108
09-OCT-26  24750 C        0       0       0       0       0  |      45      45      13      15     -108   16         81  |       244        13         81        25        +1
09-OCT-26  24800 C        0       0       0       0       0  |      38      39      11      13      -93   16        213  |       197        11        213       172       +52
09-OCT-26  24850 C        0       0       0       0       0  |      32      32       9      12      -79   16         74  |       202         9         74        37       +27
09-OCT-26  24900 C        0       0       0       0       0  |      30      30       8      10      -67   16         67  |       181         8         67        41        +7
09-OCT-26  24950 C        0       0       0       0       0  |      20      20       7       8      -58   16         47  |       158         7         47        20       +12
09-OCT-26  25000 C        0       0       0       0       0  |      20      20       6       7      -49   16        395  |       159         6        395       306      +193
09-OCT-26  25050 C        0       0       0       0       0  |      16      16       5       7      -40   17         17  |       118         5         17        17        +3
09-OCT-26  25100 C        0       0       0       0       0  |      13      15       4       5      -35   17         50  |       128         4         50        41        +6
09-OCT-26  25150 C        0       0       0       0       0  |       4       5       4       5      -28   17         14  |        52         4         14        37        +2
09-OCT-26  25200 C        0       0       0       0       0  |      11      11       4       4      -24   17         36  |       102         4         36        51        +3
09-OCT-26  25250 C        0       0       0       0       0  |       9       9       3       4      -20   18         13  |        85         3         13        11        +3
09-OCT-26  25300 C        0       0       0       0       0  |       6       7       3       2      -18   17         32  |        82         3         32        45       +26
09-OCT-26  25350 C        0       0       0       0       0  |       5       5       3       3      -14   18         12  |        43         3         12        33        +1
09-OCT-26  25400 C        0       0       0       0       0  |       7       7       3       2      -13   18         15  |        52         3         15        47        +3
09-OCT-26  25450 C        0       0       0       0       0  |       4       4       2       1      -11   17         13  |        21         2         13        25        +4
09-OCT-26  25500 C        0       0       0       0       0  |       5       5       2       1      -10   17         17  |        43         2         17        44       +14
09-OCT-26  25550 C        0       0       0       0       0  |       4       4       2       2       -7   19         22  |        32         2         22        31       +16
09-OCT-26  25600 C        0       0       0       0       0  |       3       3       2       1       -7   18         10  |        34         2         10        28         0
09-OCT-26  25650 C        0       0       0       0       0  |       2       2       2       1       -6   19          9  |        26         2          9        20        +9
09-OCT-26  25700 C        0       0       0       0       0  |       1       1       1       1       -5   19          9  |        22         1          9        26        +6
09-OCT-26  25750 C        0       0       0       0       0  |       0       0       0       1       -4   20          0  |        21         5          0         6         0
09-OCT-26  25800 C        0       0       0       0       0  |       3       3       3       1       -4   20          1  |        21         3          1         7        +1
09-OCT-26  25850 C        0       0       0       0       0  |       1       1       1       1       -3   21          8  |        22         1          8        11        +8
09-OCT-26  25900 C        0       0       0       0       0  |       2       2       1       1       -3   21        115  |        20         1        115       131      +101
09-OCT-26  25950 C        0       0       0       0       0  |       1       1       1       1       -2   22         39  |        12         1         39        71       +38
09-OCT-26  26000 C        0       0       0       0       0  |       1       1       1       1       -2   22         18  |        15         1         18        48        +7
09-OCT-26  26050 C        0       0       0       0       0  |       1       1       1       1       -2   23          3  |        11         1          3         6        +3
09-OCT-26  26100 C        0       0       0       0       0  |       1       1       1       1       -1   23          1  |        12         1          1         8        +1
09-OCT-26  26150 C        0       0       0       0       0  |       1       1       1       1       -1   24          2  |         3         1          2         4        +2
09-OCT-26  26200 C        0       0       0       0       0  |       0       0       0       1       -1   24          0  |        11         3          0         4         0
09-OCT-26  26250 C        0       0       0       0       0  |       0       0       0       1       -1   25          0  |         3         3          0         2         0
09-OCT-26  26300 C        0       0       0       0       0  |       0       0       0       1        0   25          0  |         8         8          0         1         0
09-OCT-26  26350 C        0       0       0       0       0  |       1       1       1       1        0   25          5  |         1         1          5         5        +5
09-OCT-26  26400 C        0       0       0       0       0  |       0       0       0       1        0   26          0  |         0         0          0         0         0
09-OCT-26  26450 C        0       0       0       0       0  |       0       0       0       1        0   26          0  |         5         5          0         1         0
09-OCT-26  26500 C        0       0       0       0       0  |       0       0       0       1        0   27          0  |         2         2          0         9         0
09-OCT-26  26550 C        0       0       0       0       0  |       0       0       0       1        0   27          0  |         0         0          0         0         0
09-OCT-26  26600 C        0       0       0       0       0  |       0       0       0       1        0   28          0  |         5         5          0         1         0
09-OCT-26  26650 C        0       0       0       0       0  |       0       0       0       1        0   28          0  |         0         0          0         0         0
09-OCT-26  26700 C        0       0       0       0       0  |       0       0       0       1        0   29          0  |         0         0          0         0         0
09-OCT-26  26750 C        0       0       0       0       0  |       0       0       0       1        0   29          0  |         0         0          0         0         0
09-OCT-26  26800 C        0       0       0       0       0  |       0       0       0       1        0   29          0  |         0         0          0         0         0
09-OCT-26  26850 C        0       0       0       0       0  |       0       0       0       1        0   30          0  |         0         0          0         0         0
09-OCT-26  26900 C        0       0       0       0       0  |       0       0       0       1        0   30          0  |         0         0          0         0         0
09-OCT-26  26950 C        0       0       0       0       0  |       0       0       0       1        0   31          0  |         0         0          0         0         0
09-OCT-26  27000 C        0       0       0       0       0  |       0       0       0       1        0   31          0  |         0         0          0         0         0
09-OCT-26  27050 C        0       0       0       0       0  |       0       0       0       1        0   32          0  |         0         0          0         0         0
09-OCT-26  27100 C        0       0       0       0       0  |       0       0       0       1        0   32          0  |         1         1          0         6         0
09-OCT-26  27150 C        0       0       0       0       0  |       0       0       0       1        0   33          0  |         1         1          0         2         0
09-OCT-26  27200 C        0       0       0       0       0  |       0       0       0       1        0   33          0  |         1         1          0         6         0
09-OCT-26  27250 C        0       0       0       0       0  |       0       0       0       1        0   33          0  |         2         2          0         1         0
09-OCT-26  27300 C        0       0       0       0       0  |       0       0       0       1        0   34          0  |         0         0          0         0         0
09-OCT-26  27350 C        0       0       0       0       0  |       0       0       0       1        0   34          0  |         1         1          0         1         0
09-OCT-26  27400 C        0       0       0       0       0  |       0       0       0       1        0   35          0  |         0         0          0         0         0
09-OCT-26  27450 C        0       0       0       0       0  |       0       0       0       1        0   35          0  |         0         0          0         0         0
09-OCT-26  27500 C        0       0       0       0       0  |       0       0       0       1        0   35          0  |         1         1          0         3         0
09-OCT-26  27550 C        0       0       0       0       0  |       0       0       0       1        0   36          0  |         0         0          0         0         0
09-OCT-26  27600 C        0       0       0       0       0  |       0       0       0       1        0   36          0  |         0         0          0         0         0
09-OCT-26  27650 C        0       0       0       0       0  |       0       0       0       1        0   37          0  |         0         0          0         0         0
09-OCT-26  27700 C        0       0       0       0       0  |       0       0       0       1        0   37          0  |         0         0          0         0         0
09-OCT-26  27750 C        0       0       0       0       0  |       0       0       0       1        0   38          0  |         0         0          0         0         0
09-OCT-26  27800 C        0       0       0       0       0  |       0       0       0       1        0   38          0  |         0         0          0         0         0
09-OCT-26  27850 C        0       0       0       0       0  |       0       0       0       1        0   38          0  |         0         0          0         0         0
09-OCT-26  27900 C        0       0       0       0       0  |       0       0       0       1        0   39          0  |         0         0          0         0         0
09-OCT-26  27950 C        0       0       0       0       0  |       0       0       0       1        0   39          0  |         0         0          0         0         0
09-OCT-26  28000 C        0       0       0       0       0  |       0       0       0       1        0   40          0  |         1         1          0         1         0
09-OCT-26  28050 C        0       0       0       0       0  |       0       0       0       1        0   40          0  |         0         0          0         0         0
09-OCT-26  28100 C        0       0       0       0       0  |       0       0       0       1        0   40          0  |         0         0          0         0         0
09-OCT-26  28150 C        0       0       0       0       0  |       0       0       0       1        0   41          0  |         0         0          0         0         0
09-OCT-26  28200 C        0       0       0       0       0  |       0       0       0       1        0   41          0  |         0         0          0         0         0
09-OCT-26  28250 C        0       0       0       0       0  |       0       0       0       1        0   42          0  |         0         0          0         0         0
09-OCT-26  28300 C        0       0       0       0       0  |       0       0       0       1        0   42          0  |         0         0          0         0         0
09-OCT-26  28350 C        0       0       0       0       0  |       0       0       0       1        0   42          0  |         0         0          0         0         0
09-OCT-26  28400 C        0       0       0       0       0  |       0       0       0       1        0   43          0  |         0         0          0         0         0
09-OCT-26  28450 C        0       0       0       0       0  |       0       0       0       1        0   43          0  |         0         0          0         0         0
09-OCT-26  28500 C        0       0       0       0       0  |       0       0       0       1        0   44          0  |         0         0          0         0         0
09-OCT-26  28550 C        0       0       0       0       0  |       0       0       0       1        0   44          0  |         0         0          0         0         0
09-OCT-26  28600 C        0       0       0       0       0  |       0       0       0       1        0   44          0  |         0         0          0         0         0
09-OCT-26  28650 C        0       0       0       0       0  |       0       0       0       1        0   45          0  |         0         0          0         0         0
09-OCT-26  28700 C        0       0       0       0       0  |       0       0       0       1        0   45          0  |         0         0          0         0         0
09-OCT-26  28750 C        0       0       0       0       0  |       0       0       0       1        0   46          0  |         0         0          0         0         0
09-OCT-26  28800 C        0       0       0       0       0  |       0       0       0       1        0   46          0  |         0         0          0         0         0
09-OCT-26  28850 C        0       0       0       0       0  |       0       0       0       1        0   46          0  |         0         0          0         0         0
09-OCT-26  28900 C        0       0       0       0       0  |       0       0       0       1        0   47          0  |         0         0          0         0         0
09-OCT-26  28950 C        0       0       0       0       0  |       0       0       0       1        0   47          0  |         0         0          0         0         0
09-OCT-26  29000 C        0       0       0       0       0  |       0       0       0       1        0   48          0  |         0         0          0         0         0
09-OCT-26  29050 C        0       0       0       0       0  |       0       0       0       1        0   48          0  |         0         0          0         0         0
09-OCT-26  29100 C        0       0       0       0       0  |       0       0       0       1        0   48          0  |         0         0          0         0         0
09-OCT-26  29150 C        0       0       0       0       0  |       0       0       0       1        0   49          0  |         0         0          0         0         0
09-OCT-26  29200 C        0       0       0       0       0  |       0       0       0       1        0   49          0  |         0         0          0         0         0
09-OCT-26  29250 C        0       0       0       0       0  |       0       0       0       1        0   50          0  |         0         0          0         0         0
09-OCT-26  29300 C        0       0       0       0       0  |       0       0       0       1        0   50          0  |         0         0          0         0         0
09-OCT-26  29350 C        0       0       0       0       0  |       0       0       0       1        0   50          0  |         0         0          0         0         0
09-OCT-26  29400 C        0       0       0       0       0  |       0       0       0       1        0   51          0  |         0         0          0         0         0
09-OCT-26  29450 C        0       0       0       0       0  |       0       0       0       1        0   51          0  |         0         0          0         0         0
09-OCT-26  29500 C        0       0       0       0       0  |       0       0       0       1        0   51          0  |         0         0          0         0         0
09-OCT-26  29550 C        0       0       0       0       0  |       0       0       0       1        0   52          0  |         0         0          0         0         0
09-OCT-26  29600 C        0       0       0       0       0  |       0       0       0       1        0   52          0  |         0         0          0         0         0
09-OCT-26  29650 C        0       0       0       0       0  |       0       0       0       1        0   53          0  |         0         0          0         0         0
09-OCT-26  29700 C        0       0       0       0       0  |       0       0       0       1        0   53          0  |         0         0          0         0         0
09-OCT-26  29750 C        0       0       0       0       0  |       0       0       0       1        0   53          0  |         0         0          0         0         0

                                 TOTAL CALL               0  |                               TOTAL CALL           11312  | TOTAL CALL               11312      7450     +6263

CONTRACT    STRIKE *OPENING  *DAILY  *DAILY   CLOSE  VOLUME  |*OPENING  *DAILY  *DAILY  O.Q.P.   O.Q.P.  IV%     VOLUME  | *Contract *Contract     Volume      Open Change in
WEEK         PRICE    PRICE    HIGH     LOW   PRICE          |   PRICE    HIGH     LOW   CLOSE   CHANGE                  |      High       Low             Interest        OI
09-OCT-26  19575 P        0       0       0       0       0  |       1       2       1       1        0   50         18  |         2         1         18        20       +18
09-OCT-26  19600 P        0       0       0       0       0  |       2       2       2       3       +2   56          6  |         2         2          6         6        +6
09-OCT-26  19625 P        0       0       0       0       0  |       0       0       0       1        0   50          0  |         2         2          0         2         0
09-OCT-26  19650 P        0       0       0       0       0  |       0       0       0       3       +2   56          0  |         0         0          0         0         0
09-OCT-26  19675 P        0       0       0       0       0  |       0       0       0       1        0   49          0  |         0         0          0         0         0
09-OCT-26  19700 P        0       0       0       0       0  |       0       0       0       3       +2   55          0  |         0         0          0         0         0
09-OCT-26  19725 P        0       0       0       0       0  |       0       0       0       1        0   49          0  |         0         0          0         0         0
09-OCT-26  19750 P        0       0       0       0       0  |       0       0       0       3       +2   54          0  |         0         0          0         0         0
09-OCT-26  19775 P        0       0       0       0       0  |       0       0       0       1        0   48          0  |         0         0          0         0         0
09-OCT-26  19800 P        0       0       0       0       0  |       0       0       0       1        0   48          0  |         0         0          0         0         0
09-OCT-26  19825 P        0       0       0       0       0  |       0       0       0       1        0   48          0  |         0         0          0         0         0
09-OCT-26  19850 P        0       0       0       0       0  |       0       0       0       1        0   47          0  |         2         2          0         5         0
09-OCT-26  19875 P        0       0       0       0       0  |       0       0       0       1        0   47          0  |         0         0          0         0         0
09-OCT-26  19900 P        0       0       0       0       0  |       0       0       0       1        0   47          0  |         0         0          0         0         0
09-OCT-26  19925 P        0       0       0       0       0  |       2       2       2       1        0   46          1  |         2         2          1         2        +1
09-OCT-26  19950 P        0       0       0       0       0  |       0       0       0       1        0   46          0  |         2         2          0         1         0
09-OCT-26  19975 P        0       0       0       0       0  |       0       0       0       1        0   46          0  |         0         0          0         0         0
09-OCT-26  20000 P        0       0       0       0       0  |       1       1       1       1        0   45          2  |         1         1          2         2        +2
09-OCT-26  20050 P        0       0       0       0       0  |       0       0       0       1        0   45          0  |         0         0          0         0         0
09-OCT-26  20100 P        0       0       0       0       0  |       2       2       2       1        0   44          1  |         2         2          1         1        +1
09-OCT-26  20150 P        0       0       0       0       0  |       2       2       2       1        0   44          2  |         2         2          2         2        +1
09-OCT-26  20200 P        0       0       0       0       0  |       2       3       2       1        0   43          9  |         3         2          9        10        +9
09-OCT-26  20250 P        0       0       0       0       0  |       3       3       3       1        0   43         12  |         3         3         12        12       +12
09-OCT-26  20300 P        0       0       0       0       0  |       3       3       3       1        0   42         30  |         3         3         30        30       +30
09-OCT-26  20350 P        0       0       0       0       0  |       0       0       0       1        0   41          0  |         0         0          0         0         0
09-OCT-26  20400 P        0       0       0       0       0  |       2       3       2       1        0   41          3  |         3         2          3         3        +3
09-OCT-26  20450 P        0       0       0       0       0  |       0       0       0       1        0   40          0  |         0         0          0         0         0
09-OCT-26  20500 P        0       0       0       0       0  |       0       0       0       1        0   40          0  |         3         1          0        11         0
09-OCT-26  20550 P        0       0       0       0       0  |       0       0       0       1        0   39          0  |         0         0          0         0         0
09-OCT-26  20600 P        0       0       0       0       0  |       0       0       0       1        0   39          0  |         0         0          0         0         0
09-OCT-26  20650 P        0       0       0       0       0  |       0       0       0       1        0   38          0  |         0         0          0         0         0
09-OCT-26  20700 P        0       0       0       0       0  |       0       0       0       1        0   37          0  |         3         3          0         2         0
09-OCT-26  20750 P        0       0       0       0       0  |       0       0       0       1        0   37          0  |         2         2          0         5         0
09-OCT-26  20800 P        0       0       0       0       0  |       2       4       2       1        0   36          5  |         4         2          5         7        +2
09-OCT-26  20850 P        0       0       0       0       0  |       4       4       4       1        0   36          5  |         4         4          5         5        +5
09-OCT-26  20900 P        0       0       0       0       0  |       4       4       4       4       +3   41          8  |         4         4          8         8        +8
09-OCT-26  20950 P        0       0       0       0       0  |       4       4       4       4       +3   40          5  |         4         4          5         5        +5
09-OCT-26  21000 P        0       0       0       0       0  |       0       0       0       1        0   34          0  |         0         0          0         0         0
09-OCT-26  21050 P        0       0       0       0       0  |       0       0       0       1        0   33          0  |         0         0          0         0         0
09-OCT-26  21100 P        0       0       0       0       0  |       4       4       4       4       +3   38          4  |         4         4          4        14        +4
09-OCT-26  21150 P        0       0       0       0       0  |       0       0       0       1        0   32          0  |         0         0          0         0         0
09-OCT-26  21200 P        0       0       0       0       0  |       2       5       2       1        0   32         11  |         5         2         11        13       +11
09-OCT-26  21250 P        0       0       0       0       0  |       5       5       5       1        0   31          3  |         5         5          3         3        +3
09-OCT-26  21300 P        0       0       0       0       0  |       5       5       5       1        0   31          3  |         5         5          3         4        +3
09-OCT-26  21350 P        0       0       0       0       0  |       5       6       5       1        0   30         35  |         6         5         35        30       +30
09-OCT-26  21400 P        0       0       0       0       0  |       3       7       3       1        0   29         44  |         7         2         44        43       +42
09-OCT-26  21450 P        0       0       0       0       0  |       3       6       3       1        0   29         63  |         6         3         63        60       +60
09-OCT-26  21500 P        0       0       0       0       0  |       3       6       3       1        0   28         22  |         6         2         22        20       +19
09-OCT-26  21550 P        0       0       0       0       0  |       6       6       6       1        0   28         46  |         6         2         46        45       +44
09-OCT-26  21600 P        0       0       0       0       0  |       4       6       4       1        0   27        136  |         6         2        136       126      +121
09-OCT-26  21650 P        0       0       0       0       0  |       4       6       4       1        0   27        258  |         6         2        258       258      +255
09-OCT-26  21700 P        0       0       0       0       0  |       4       4       4       1        0   26          5  |         7         4          5        11         0
09-OCT-26  21750 P        0       0       0       0       0  |       5       5       5       1        0   25         11  |         5         5         11        10       +10
09-OCT-26  21800 P        0       0       0       0       0  |       5       7       5       1        0   25         80  |         7         5         80        75       +75
09-OCT-26  21850 P        0       0       0       0       0  |       0       0       0       2       +1   26          0  |         0         0          0         0         0
09-OCT-26  21900 P        0       0       0       0       0  |       5       5       5       2       +1   26          5  |         8         5          5         6        +5
09-OCT-26  21950 P        0       0       0       0       0  |       0       0       0       2       +1   25          0  |         0         0          0         0         0
09-OCT-26  22000 P        0       0       0       0       0  |       5       5       5       2       +1   25         24  |         6         3         24        35        +3
09-OCT-26  22050 P        0       0       0       0       0  |       6       9       6       8       +7   29         11  |         9         6         11         9        +9
09-OCT-26  22100 P        0       0       0       0       0  |       6       8       6       3       +2   25         88  |         8         6         88        68       +68
09-OCT-26  22150 P        0       0       0       0       0  |       8       8       8       3       +2   24          1  |         8         8          1         1        +1
09-OCT-26  22200 P        0       0       0       0       0  |       6       8       6       4       +3   24         36  |         8         6         36        34       +34
09-OCT-26  22250 P        0       0       0       0       0  |       7      10       3      10       +9   27         25  |        10         3         25        17       +17
09-OCT-26  22300 P        0       0       0       0       0  |       7      10       7       5       +4   24         61  |        10         6         61       124       +40
09-OCT-26  22350 P        0       0       0       0       0  |       1      10       1      11      +10   26         13  |        10         1         13        13       +13
09-OCT-26  22400 P        0       0       0       0       0  |       9      12       7       6       +5   23        151  |        12         7        151        77       +59
09-OCT-26  22450 P        0       0       0       0       0  |      10      12       7      12      +11   25         61  |        12         7         61        54       +48
09-OCT-26  22500 P        0       0       0       0       0  |      11      13       8      12      +11   24        166  |        13         5        166        85       +43
09-OCT-26  22550 P        0       0       0       0       0  |       9      13       9       9       +8   22         39  |        13         6         39        29       +16
09-OCT-26  22600 P        0       0       0       0       0  |      10      15       9      15      +14   24         70  |        15         5         70        22        +1
09-OCT-26  22650 P        0       0       0       0       0  |      15      17      11      16      +15   24         29  |        17         5         29        17       +16
09-OCT-26  22700 P        0       0       0       0       0  |       9      18       9      13      +12   22         43  |        18         4         43        28       +19
09-OCT-26  22750 P        0       0       0       0       0  |      12      21      12      19      +18   23         31  |        21         4         31        26       +12
09-OCT-26  22800 P        0       0       0       0       0  |      12      24      12      20      +19   22        123  |        24         5        123        51       +31
09-OCT-26  22850 P        0       0       0       0       0  |      13      24      13      23      +21   22         69  |        24        10         69        33       +32
09-OCT-26  22900 P        0       0       0       0       0  |      14      30      14      26      +24   22         96  |        30         6         96        31       +25
09-OCT-26  22950 P        0       0       0       0       0  |      15      31      15      29      +27   22         44  |        31         6         44        22       +14
09-OCT-26  23000 P        0       0       0       0       0  |      17      38      17      31      +28   21        193  |        38         7        193        84       +42
09-OCT-26  23050 P        0       0       0       0       0  |      39      41      29      36      +33   21         33  |        41         7         33        24        +5
09-OCT-26  23100 P        0       0       0       0       0  |      22      41      22      40      +37   21        149  |        41         7        149        47       +36
09-OCT-26  23150 P        0       0       0       0       0  |      40      45      34      46      +42   21         32  |        45         8         32        43        +7
09-OCT-26  23200 P        0       0       0       0       0  |      48      61      38      51      +46   21        113  |        61         9        113        53       +16
09-OCT-26  23250 P        0       0       0       0       0  |      23      59      23      57      +52   20         63  |        59         9         63        31        +8
09-OCT-26  23300 P        0       0       0       0       0  |      40      75      40      64      +58   20        313  |        75        10        313       243      +208
09-OCT-26  23350 P        0       0       0       0       0  |      36      73      36      71      +64   20         33  |        73        20         33         7        +4
09-OCT-26  23400 P        0       0       0       0       0  |      52      96      52      79      +71   20        614  |        96        13        614       395      +366
09-OCT-26  23450 P        0       0       0       0       0  |      55      95      55      89      +79   19         88  |        95        14         88        73       +42
09-OCT-26  23500 P        0       0       0       0       0  |      53     116      53      98      +87   19        370  |       116        18        370       202      +180
09-OCT-26  23550 P        0       0       0       0       0  |      51     126      51     111      +98   19         75  |       126        19         75        43       +17
09-OCT-26  23600 P        0       0       0       0       0  |      80     147      80     123     +108   19        566  |       147        19        566       311      +263
09-OCT-26  23650 P        0       0       0       0       0  |      76     155      76     140     +123   19         76  |       155        37         76        41       +34
09-OCT-26  23700 P        0       0       0       0       0  |      80     188      80     156     +136   19        333  |       188        25        333       104       +74
09-OCT-26  23750 P        0       0       0       0       0  |      94     195      94     176     +153   19         67  |       195        30         67        12        -2
09-OCT-26  23800 P        0       0       0       0       0  |     106     228     106     192     +166   19        247  |       228        31        247        63       +55
09-OCT-26  23850 P        0       0       0       0       0  |     100     233     100     214     +184   19         97  |       233        40         97        15       -19
09-OCT-26  23900 P        0       0       0       0       0  |     138     263     138     236     +201   18        136  |       263        40        136        46       +10
09-OCT-26  23950 P        0       0       0       0       0  |     141     300     141     262     +221   18         39  |       300        47         39        21        -2
09-OCT-26  24000 P        0       0       0       0       0  |     140     328     140     287     +240   18        817  |       328        50        817       398       +58
09-OCT-26  24050 P        0       0       0       0       0  |     178     344     178     318     +264   19         45  |       344        68         45        23       +17
09-OCT-26  24100 P        0       0       0       0       0  |     210     354     195     340     +278   18         47  |       354        65         47        39       +24
09-OCT-26  24150 P        0       0       0       0       0  |     155     373     155     372     +301   18         24  |       373        75         24        20        +7
09-OCT-26  24200 P        0       0       0       0       0  |     228     450     228     396     +315   17         84  |       450        85         84        80       +43
09-OCT-26  24250 P        0       0       0       0       0  |     263     419     263     431     +338   17         18  |       419        98         18        18       +13
09-OCT-26  24300 P        0       0       0       0       0  |     226     517     226     494     +388   20         61  |       517       110         61        34       -13
09-OCT-26  24350 P        0       0       0       0       0  |     300     510     300     505     +384   17         19  |       510       131         19        23        +1
09-OCT-26  24400 P        0       0       0       0       0  |     323     529     323     545     +408   17         21  |       529       140         21        14       -14
09-OCT-26  24450 P        0       0       0       0       0  |     395     582     395     618     +463   21         13  |       582       177         13        29        -3
09-OCT-26  24500 P        0       0       0       0       0  |     539     626     539     627     +452   17         12  |       626       177         12        49       -11
09-OCT-26  24550 P        0       0       0       0       0  |     743     743     682     670     +472   18          9  |       743       191          9        22         0
09-OCT-26  24600 P        0       0       0       0       0  |     690     690     690     714     +492   18          1  |       690       225          1        30         0
09-OCT-26  24650 P        0       0       0       0       0  |     828     828     788     759     +511   18          3  |       828       260          3        10        -3
09-OCT-26  24700 P        0       0       0       0       0  |     761     761     761     805     +528   18          1  |       761       275          1        11         0
09-OCT-26  24750 P        0       0       0       0       0  |       0       0       0     851     +543   18          0  |       427       302          0        19         0
09-OCT-26  24800 P        0       0       0       0       0  |     883     883     883     898     +558   19          5  |       883       338          5        26        +5
09-OCT-26  24850 P        0       0       0       0       0  |       0       0       0     946     +571   19          0  |       375       363          0        17         0
09-OCT-26  24900 P        0       0       0       0       0  |       0       0       0     993     +581   19          0  |       410       392          0        14         0
09-OCT-26  24950 P        0       0       0       0       0  |       0       0       0    1042     +592   20          0  |         0         0          0         0         0
09-OCT-26  25000 P        0       0       0       0       0  |    1105    1105    1105    1090     +600   20          2  |      1105      1105          2         2        +2
09-OCT-26  25050 P        0       0       0       0       0  |       0       0       0    1139     +607   20          0  |         0         0          0         0         0
09-OCT-26  25100 P        0       0       0       0       0  |       0       0       0    1188     +614   21          0  |       531       531          0         2         0
09-OCT-26  25150 P        0       0       0       0       0  |       0       0       0    1237     +619   21          0  |         0         0          0         0         0
09-OCT-26  25200 P        0       0       0       0       0  |       0       0       0    1286     +623   22          0  |         0         0          0         0         0
09-OCT-26  25250 P        0       0       0       0       0  |       0       0       0    1336     +627   22          0  |         0         0          0         0         0
09-OCT-26  25300 P        0       0       0       0       0  |       0       0       0    1385     +630   23          0  |         0         0          0         0         0
09-OCT-26  25350 P        0       0       0       0       0  |       0       0       0    1435     +633   23          0  |         0         0          0         0         0
09-OCT-26  25400 P        0       0       0       0       0  |       0       0       0    1485     +636   24          0  |       810       809          0         8         0
09-OCT-26  25450 P        0       0       0       0       0  |       0       0       0    1534     +637   24          0  |         0         0          0         0         0
09-OCT-26  25500 P        0       0       0       0       0  |       0       0       0    1584     +639   25          0  |         0         0          0         0         0
09-OCT-26  25550 P        0       0       0       0       0  |       0       0       0    1634     +640   25          0  |         0         0          0         1         0
09-OCT-26  25600 P        0       0       0       0       0  |       0       0       0    1684     +641   26          0  |         0         0          0         0         0
09-OCT-26  25650 P        0       0       0       0       0  |       0       0       0    1734     +642   27          0  |         0         0          0         0         0
09-OCT-26  25700 P        0       0       0       0       0  |       0       0       0    1784     +643   27          0  |         0         0          0         0         0
09-OCT-26  25750 P        0       0       0       0       0  |       0       0       0    1833     +643   28          0  |         0         0          0         0         0
09-OCT-26  25800 P        0       0       0       0       0  |       0       0       0    1883     +644   28          0  |         0         0          0         1         0
09-OCT-26  25850 P        0       0       0       0       0  |       0       0       0    1933     +644   29          0  |         0         0          0         0         0
09-OCT-26  25900 P        0       0       0       0       0  |       0       0       0    1983     +645   29          0  |         0         0          0         0         0
09-OCT-26  25950 P        0       0       0       0       0  |       0       0       0    2033     +645   30          0  |         0         0          0         0         0
09-OCT-26  26000 P        0       0       0       0       0  |       0       0       0    2083     +646   31          0  |         0         0          0         1         0
09-OCT-26  26050 P        0       0       0       0       0  |       0       0       0    2133     +646   31          0  |         0         0          0         0         0
09-OCT-26  26100 P        0       0       0       0       0  |       0       0       0    2183     +646   32          0  |         0         0          0         0         0
09-OCT-26  26150 P        0       0       0       0       0  |       0       0       0    2233     +646   32          0  |         0         0          0         0         0
09-OCT-26  26200 P        0       0       0       0       0  |       0       0       0    2283     +647   33          0  |         0         0          0         0         0
09-OCT-26  26250 P        0       0       0       0       0  |       0       0       0    2333     +647   34          0  |         0         0          0         0         0
09-OCT-26  26300 P        0       0       0       0       0  |       0       0       0    2383     +647   34          0  |         0         0          0         0         0
09-OCT-26  26350 P        0       0       0       0       0  |       0       0       0    2433     +647   35          0  |         0         0          0         0         0
09-OCT-26  26400 P        0       0       0       0       0  |       0       0       0    2483     +647   35          0  |         0         0          0         0         0
09-OCT-26  26450 P        0       0       0       0       0  |       0       0       0    2533     +647   36          0  |         0         0          0         0         0
09-OCT-26  26500 P        0       0       0       0       0  |       0       0       0    2583     +647   36          0  |         0         0          0         0         0
09-OCT-26  26550 P        0       0       0       0       0  |       0       0       0    2633     +647   37          0  |         0         0          0         0         0
09-OCT-26  26600 P        0       0       0       0       0  |       0       0       0    2683     +648   38          0  |         0         0          0         0         0
09-OCT-26  26650 P        0       0       0       0       0  |       0       0       0    2733     +648   38          0  |         0         0          0         0         0
09-OCT-26  26700 P        0       0       0       0       0  |       0       0       0    2783     +648   39          0  |         0         0          0         0         0
09-OCT-26  26750 P        0       0       0       0       0  |       0       0       0    2833     +648   39          0  |         0         0          0         0         0
09-OCT-26  26800 P        0       0       0       0       0  |       0       0       0    2883     +648   40          0  |         0         0          0         0         0
09-OCT-26  26850 P        0       0       0       0       0  |       0       0       0    2933     +648   40          0  |         0         0          0         0         0
09-OCT-26  26900 P        0       0       0       0       0  |       0       0       0    2983     +648   41          0  |         0         0          0         0         0
09-OCT-26  26950 P        0       0       0       0       0  |       0       0       0    3033     +648   41          0  |         0         0          0         0         0
09-OCT-26  27000 P        0       0       0       0       0  |       0       0       0    3083     +648   42          0  |         0         0          0         0         0
09-OCT-26  27050 P        0       0       0       0       0  |       0       0       0    3133     +648   43          0  |         0         0          0         0         0
09-OCT-26  27100 P        0       0       0       0       0  |       0       0       0    3183     +648   43          0  |         0         0          0         0         0
09-OCT-26  27150 P        0       0       0       0       0  |       0       0       0    3233     +648   44          0  |         0         0          0         0         0
09-OCT-26  27200 P        0       0       0       0       0  |       0       0       0    3283     +648   44          0  |         0         0          0         0         0
09-OCT-26  27250 P        0       0       0       0       0  |       0       0       0    3333     +648   45          0  |         0         0          0         0         0
09-OCT-26  27300 P        0       0       0       0       0  |       0       0       0    3383     +648   45          0  |         0         0          0         0         0
09-OCT-26  27350 P        0       0       0       0       0  |       0       0       0    3433     +648   46          0  |         0         0          0         0         0
09-OCT-26  27400 P        0       0       0       0       0  |       0       0       0    3483     +648   46          0  |         0         0          0         0         0
09-OCT-26  27450 P        0       0       0       0       0  |       0       0       0    3533     +648   47          0  |         0         0          0         0         0
09-OCT-26  27500 P        0       0       0       0       0  |       0       0       0    3583     +648   47          0  |         0         0          0         0         0
09-OCT-26  27550 P        0       0       0       0       0  |       0       0       0    3633     +648   48          0  |         0         0          0         0         0
09-OCT-26  27600 P        0       0       0       0       0  |       0       0       0    3683     +648   48          0  |         0         0          0         0         0
09-OCT-26  27650 P        0       0       0       0       0  |       0       0       0    3733     +648   49          0  |         0         0          0         0         0
09-OCT-26  27700 P        0       0       0       0       0  |       0       0       0    3783     +648   49          0  |         0         0          0         0         0
09-OCT-26  27750 P        0       0       0       0       0  |       0       0       0    3833     +648   50          0  |         0         0          0         0         0
09-OCT-26  27800 P        0       0       0       0       0  |       0       0       0    3883     +648   50          0  |         0         0          0         0         0
09-OCT-26  27850 P        0       0       0       0       0  |       0       0       0    3933     +648   51          0  |         0         0          0         0         0
09-OCT-26  27900 P        0       0       0       0       0  |       0       0       0    3983     +648   52          0  |         0         0          0         0         0
09-OCT-26  27950 P        0       0       0       0       0  |       0       0       0    4033     +648   52          0  |         0         0          0         0         0
09-OCT-26  28000 P        0       0       0       0       0  |       0       0       0    4083     +648   53          0  |         0         0          0         0         0
09-OCT-26  28050 P        0       0       0       0       0  |       0       0       0    4133     +648   53          0  |         0         0          0         0         0
09-OCT-26  28100 P        0       0       0       0       0  |       0       0       0    4183     +648   54          0  |         0         0          0         0         0
09-OCT-26  28150 P        0       0       0       0       0  |       0       0       0    4233     +648   54          0  |         0         0          0         0         0
09-OCT-26  28200 P        0       0       0       0       0  |       0       0       0    4283     +648   55          0  |         0         0          0         0         0
09-OCT-26  28250 P        0       0       0       0       0  |       0       0       0    4333     +648   55          0  |         0         0          0         0         0
09-OCT-26  28300 P        0       0       0       0       0  |       0       0       0    4383     +648   56          0  |         0         0          0         0         0
09-OCT-26  28350 P        0       0       0       0       0  |       0       0       0    4433     +648   56          0  |         0         0          0         0         0
09-OCT-26  28400 P        0       0       0       0       0  |       0       0       0    4483     +648   57          0  |         0         0          0         0         0
09-OCT-26  28450 P        0       0       0       0       0  |       0       0       0    4533     +648   57          0  |         0         0          0         0         0
09-OCT-26  28500 P        0       0       0       0       0  |       0       0       0    4583     +648   58          0  |         0         0          0         0         0
09-OCT-26  28550 P        0       0       0       0       0  |       0       0       0    4633     +648   58          0  |         0         0          0         0         0
09-OCT-26  28600 P        0       0       0       0       0  |       0       0       0    4683     +648   59          0  |         0         0          0         0         0
09-OCT-26  28650 P        0       0       0       0       0  |       0       0       0    4733     +648   59          0  |         0         0          0         0         0
09-OCT-26  28700 P        0       0       0       0       0  |       0       0       0    4783     +648   60          0  |         0         0          0         0         0
09-OCT-26  28750 P        0       0       0       0       0  |       0       0       0    4833     +648   60          0  |         0         0          0         0         0
09-OCT-26  28800 P        0       0       0       0       0  |       0       0       0    4883     +648   60          0  |         0         0          0         0         0
09-OCT-26  28850 P        0       0       0       0       0  |       0       0       0    4933     +648   61          0  |         0         0          0         0         0
09-OCT-26  28900 P        0       0       0       0       0  |       0       0       0    4983     +648   61          0  |         0         0          0         0         0
09-OCT-26  28950 P        0       0       0       0       0  |       0       0       0    5033     +648   62          0  |         0         0          0         0         0
09-OCT-26  29000 P        0       0       0       0       0  |       0       0       0    5083     +648   62          0  |         0         0          0         0         0
09-OCT-26  29050 P        0       0       0       0       0  |       0       0       0    5133     +648   63          0  |         0         0          0         0         0
09-OCT-26  29100 P        0       0       0       0       0  |       0       0       0    5183     +648   63          0  |         0         0          0         0         0
09-OCT-26  29150 P        0       0       0       0       0  |       0       0       0    5233     +648   64          0  |         0         0          0         0         0
09-OCT-26  29200 P        0       0       0       0       0  |       0       0       0    5283     +648   64          0  |         0         0          0         0         0
09-OCT-26  29250 P        0       0       0       0       0  |       0       0       0    5333     +648   65          0  |         0         0          0         0         0
09-OCT-26  29300 P        0       0       0       0       0  |       0       0       0    5383     +648   65          0  |         0         0          0         0         0
09-OCT-26  29350 P        0       0       0       0       0  |       0       0       0    5433     +648   66          0  |         0         0          0         0         0
09-OCT-26  29400 P        0       0       0       0       0  |       0       0       0    5483     +648   66          0  |         0         0          0         0         0
09-OCT-26  29450 P        0       0       0       0       0  |       0       0       0    5533     +648   67          0  |         0         0          0         0         0
09-OCT-26  29500 P        0       0       0       0       0  |       0       0       0    5583     +648   67          0  |         0         0          0         0         0
09-OCT-26  29550 P        0       0       0       0       0  |       0       0       0    5633     +648   68          0  |         0         0          0         0         0
09-OCT-26  29600 P        0       0       0       0       0  |       0       0       0    5683     +648   68          0  |         0         0          0         0         0
09-OCT-26  29650 P        0       0       0       0       0  |       0       0       0    5733     +648   69          0  |         0         0          0         0         0
09-OCT-26  29700 P        0       0       0       0       0  |       0       0       0    5783     +648   69          0  |         0         0          0         0         0
09-OCT-26  29750 P        0       0       0       0       0  |       0       0       0    5833     +648   69          0  |         0         0          0         0         0

                                 TOTAL PUT                0  |                               TOTAL PUT             6833  | TOTAL PUT                 6833      4382     +2756

                                                                                                                         | WEEKLY PUT/CALL RATIO     0.60
                                                                                                                         | WEEKLY TOTAL             18145     11832     +9019
 
 
CONTRACT    STRIKE *OPENING  *DAILY  *DAILY   CLOSE  VOLUME  |*OPENING  *DAILY  *DAILY  O.Q.P.   O.Q.P.  IV%     VOLUME  | *Contract *Contract     Volume      Open Change in
WEEK         PRICE    PRICE    HIGH     LOW   PRICE          |   PRICE    HIGH     LOW   CLOSE   CHANGE                  |      High       Low             Interest        OI
16-OCT-26  19675 C        -       -       -       -       -  |       0       0       0    4215        -    0          0  |         0         0          0         0         -
16-OCT-26  19700 C        -       -       -       -       -  |       0       0       0    4190        -    0          0  |         0         0          0         0         -
16-OCT-26  19725 C        -       -       -       -       -  |       0       0       0    4165        -    0          0  |         0         0          0         0         -
16-OCT-26  19750 C        -       -       -       -       -  |       0       0       0    4140        -    0          0  |         0         0          0         0         -
16-OCT-26  19775 C        -       -       -       -       -  |       0       0       0    4115        -    0          0  |         0         0          0         0         -
16-OCT-26  19800 C        -       -       -       -       -  |       0       0       0    4090        -    0          0  |         0         0          0         0         -
16-OCT-26  19825 C        -       -       -       -       -  |       0       0       0    4065        -    0          0  |         0         0          0         0         -
16-OCT-26  19850 C        -       -       -       -       -  |       0       0       0    4040        -    0          0  |         0         0          0         0         -
16-OCT-26  19875 C        -       -       -       -       -  |       0       0       0    4015        -    0          0  |         0         0          0         0         -
16-OCT-26  19900 C        -       -       -       -       -  |       0       0       0    3991        -    0          0  |         0         0          0         0         -
16-OCT-26  19925 C        -       -       -       -       -  |       0       0       0    3966        -    0          0  |         0         0          0         0         -
16-OCT-26  19950 C        -       -       -       -       -  |       0       0       0    3941        -    0          0  |         0         0          0         0         -
16-OCT-26  19975 C        -       -       -       -       -  |       0       0       0    3916        -    0          0  |         0         0          0         0         -
16-OCT-26  20000 C        -       -       -       -       -  |       0       0       0    3891        -    0          0  |         0         0          0         0         -
16-OCT-26  20050 C        -       -       -       -       -  |       0       0       0    3841        -    0          0  |         0         0          0         0         -
16-OCT-26  20100 C        -       -       -       -       -  |       0       0       0    3791        -    0          0  |         0         0          0         0         -
16-OCT-26  20150 C        -       -       -       -       -  |       0       0       0    3741        -    0          0  |         0         0          0         0         -
16-OCT-26  20200 C        -       -       -       -       -  |       0       0       0    3691        -    0          0  |         0         0          0         0         -
16-OCT-26  20250 C        -       -       -       -       -  |       0       0       0    3641        -    0          0  |         0         0          0         0         -
16-OCT-26  20300 C        -       -       -       -       -  |       0       0       0    3591        -    0          0  |         0         0          0         0         -
16-OCT-26  20350 C        -       -       -       -       -  |       0       0       0    3542        -    0          0  |         0         0          0         0         -
16-OCT-26  20400 C        -       -       -       -       -  |       0       0       0    3492        -    0          0  |         0         0          0         0         -
16-OCT-26  20450 C        -       -       -       -       -  |       0       0       0    3442        -    0          0  |         0         0          0         0         -
16-OCT-26  20500 C        -       -       -       -       -  |       0       0       0    3392        -    0          0  |         0         0          0         0         -
16-OCT-26  20550 C        -       -       -       -       -  |       0       0       0    3342        -    0          0  |         0         0          0         0         -
16-OCT-26  20600 C        -       -       -       -       -  |       0       0       0    3293        -    0          0  |         0         0          0         0         -
16-OCT-26  20650 C        -       -       -       -       -  |       0       0       0    3243        -    0          0  |         0         0          0         0         -
16-OCT-26  20700 C        -       -       -       -       -  |       0       0       0    3193        -    0          0  |         0         0          0         0         -
16-OCT-26  20750 C        -       -       -       -       -  |       0       0       0    3143        -    0          0  |         0         0          0         0         -
16-OCT-26  20800 C        -       -       -       -       -  |       0       0       0    3094        -    0          0  |         0         0          0         0         -
16-OCT-26  20850 C        -       -       -       -       -  |       0       0       0    3044        -    0          0  |         0         0          0         0         -
16-OCT-26  20900 C        -       -       -       -       -  |       0       0       0    2994        -    0          0  |         0         0          0         0         -
16-OCT-26  20950 C        -       -       -       -       -  |       0       0       0    2945        -    0          0  |         0         0          0         0         -
16-OCT-26  21000 C        -       -       -       -       -  |       0       0       0    2895        -    0          0  |         0         0          0         0         -
16-OCT-26  21050 C        -       -       -       -       -  |       0       0       0    2845        -    0          0  |         0         0          0         0         -
16-OCT-26  21100 C        -       -       -       -       -  |       0       0       0    2796        -    0          0  |         0         0          0         0         -
16-OCT-26  21150 C        -       -       -       -       -  |       0       0       0    2746        -    0          0  |         0         0          0         0         -
16-OCT-26  21200 C        -       -       -       -       -  |       0       0       0    2697        -    0          0  |         0         0          0         0         -
16-OCT-26  21250 C        -       -       -       -       -  |       0       0       0    2647        -    0          0  |         0         0          0         0         -
16-OCT-26  21300 C        -       -       -       -       -  |       0       0       0    2598        -    0          0  |         0         0          0         0         -
16-OCT-26  21350 C        -       -       -       -       -  |       0       0       0    2549        -    0          0  |         0         0          0         0         -
16-OCT-26  21400 C        -       -       -       -       -  |       0       0       0    2499        -    0          0  |         0         0          0         0         -
16-OCT-26  21450 C        -       -       -       -       -  |       0       0       0    2450        -    0          0  |         0         0          0         0         -
16-OCT-26  21500 C        -       -       -       -       -  |       0       0       0    2401        -    0          0  |         0         0          0         0         -
16-OCT-26  21550 C        -       -       -       -       -  |       0       0       0    2351        -    0          0  |         0         0          0         0         -
16-OCT-26  21600 C        -       -       -       -       -  |       0       0       0    2302        -    0          0  |         0         0          0         0         -
16-OCT-26  21650 C        -       -       -       -       -  |       0       0       0    2253        -    0          0  |         0         0          0         0         -
16-OCT-26  21700 C        -       -       -       -       -  |       0       0       0    2204        -    0          0  |         0         0          0         0         -
16-OCT-26  21750 C        -       -       -       -       -  |       0       0       0    2155        -    0          0  |         0         0          0         0         -
16-OCT-26  21800 C        -       -       -       -       -  |       0       0       0    2106        -    0          0  |         0         0          0         0         -
16-OCT-26  21850 C        -       -       -       -       -  |       0       0       0    2058        -    0          0  |         0         0          0         0         -
16-OCT-26  21900 C        -       -       -       -       -  |       0       0       0    2009        -    0          0  |         0         0          0         0         -
16-OCT-26  21950 C        -       -       -       -       -  |       0       0       0    1960        -    0          0  |         0         0          0         0         -
16-OCT-26  22000 C        -       -       -       -       -  |       0       0       0    1912        -   16          0  |         0         0          0         0         -
16-OCT-26  22050 C        -       -       -       -       -  |       0       0       0    1864        -   18          0  |         0         0          0         0         -
16-OCT-26  22100 C        -       -       -       -       -  |       0       0       0    1815        -   18          0  |         0         0          0         0         -
16-OCT-26  22150 C        -       -       -       -       -  |       0       0       0    1767        -   18          0  |         0         0          0         0         -
16-OCT-26  22200 C        -       -       -       -       -  |       0       0       0    1719        -   19          0  |         0         0          0         0         -
16-OCT-26  22250 C        -       -       -       -       -  |       0       0       0    1671        -   19          0  |         0         0          0         0         -
16-OCT-26  22300 C        -       -       -       -       -  |       0       0       0    1624        -   19          0  |         0         0          0         0         -
16-OCT-26  22350 C        -       -       -       -       -  |       0       0       0    1576        -   19          0  |         0         0          0         0         -
16-OCT-26  22400 C        -       -       -       -       -  |       0       0       0    1529        -   20          0  |         0         0          0         0         -
16-OCT-26  22450 C        -       -       -       -       -  |       0       0       0    1482        -   20          0  |         0         0          0         0         -
16-OCT-26  22500 C        -       -       -       -       -  |       0       0       0    1435        -   20          0  |         0         0          0         0         -
16-OCT-26  22550 C        -       -       -       -       -  |       0       0       0    1388        -   20          0  |         0         0          0         0         -
16-OCT-26  22600 C        -       -       -       -       -  |       0       0       0    1342        -   20          0  |         0         0          0         0         -
16-OCT-26  22650 C        -       -       -       -       -  |       0       0       0    1295        -   19          0  |         0         0          0         0         -
16-OCT-26  22700 C        -       -       -       -       -  |       0       0       0    1249        -   19          0  |         0         0          0         0         -
16-OCT-26  22750 C        -       -       -       -       -  |       0       0       0    1204        -   19          0  |         0         0          0         0         -
16-OCT-26  22800 C        -       -       -       -       -  |       0       0       0    1159        -   19          0  |         0         0          0         0         -
16-OCT-26  22850 C        -       -       -       -       -  |       0       0       0    1114        -   19          0  |         0         0          0         0         -
16-OCT-26  22900 C        -       -       -       -       -  |       0       0       0    1069        -   19          0  |         0         0          0         0         -
16-OCT-26  22950 C        -       -       -       -       -  |       0       0       0    1025        -   19          0  |         0         0          0         0         -
16-OCT-26  23000 C        -       -       -       -       -  |       0       0       0     982        -   19          0  |         0         0          0         0         -
16-OCT-26  23050 C        -       -       -       -       -  |       0       0       0     939        -   19          0  |         0         0          0         0         -
16-OCT-26  23100 C        -       -       -       -       -  |       0       0       0     896        -   19          0  |         0         0          0         0         -
16-OCT-26  23150 C        -       -       -       -       -  |       0       0       0     854        -   19          0  |         0         0          0         0         -
16-OCT-26  23200 C        -       -       -       -       -  |       0       0       0     813        -   18          0  |         0         0          0         0         -
16-OCT-26  23250 C        -       -       -       -       -  |       0       0       0     772        -   18          0  |         0         0          0         0         -
16-OCT-26  23300 C        -       -       -       -       -  |       0       0       0     732        -   18          0  |         0         0          0         0         -
16-OCT-26  23350 C        -       -       -       -       -  |       0       0       0     693        -   18          0  |         0         0          0         0         -
16-OCT-26  23400 C        -       -       -       -       -  |       0       0       0     654        -   18          0  |         0         0          0         0         -
16-OCT-26  23450 C        -       -       -       -       -  |       0       0       0     617        -   18          0  |         0         0          0         0         -
16-OCT-26  23500 C        -       -       -       -       -  |       0       0       0     580        -   18          0  |         0         0          0         0         -
16-OCT-26  23550 C        -       -       -       -       -  |       0       0       0     544        -   17          0  |         0         0          0         0         -
16-OCT-26  23600 C        -       -       -       -       -  |       0       0       0     510        -   17          0  |         0         0          0         0         -
16-OCT-26  23650 C        -       -       -       -       -  |       0       0       0     476        -   17          0  |         0         0          0         0         -
16-OCT-26  23700 C        -       -       -       -       -  |       0       0       0     443        -   17          0  |         0         0          0         0         -
16-OCT-26  23750 C        -       -       -       -       -  |       0       0       0     412        -   17          0  |         0         0          0         0         -
16-OCT-26  23800 C        -       -       -       -       -  |       0       0       0     382        -   17          0  |         0         0          0         0         -
16-OCT-26  23850 C        -       -       -       -       -  |       0       0       0     353        -   17          0  |         0         0          0         0         -
16-OCT-26  23900 C        -       -       -       -       -  |       0       0       0     326        -   17          0  |         0         0          0         0         -
16-OCT-26  23950 C        -       -       -       -       -  |       0       0       0     300        -   17          0  |         0         0          0         0         -
16-OCT-26  24000 C        -       -       -       -       -  |       0       0       0     275        -   16          0  |         0         0          0         0         -
16-OCT-26  24050 C        -       -       -       -       -  |       0       0       0     251        -   16          0  |         0         0          0         0         -
16-OCT-26  24100 C        -       -       -       -       -  |       0       0       0     229        -   16          0  |         0         0          0         0         -
16-OCT-26  24150 C        -       -       -       -       -  |       0       0       0     209        -   16          0  |         0         0          0         0         -
16-OCT-26  24200 C        -       -       -       -       -  |       0       0       0     190        -   16          0  |         0         0          0         0         -
16-OCT-26  24250 C        -       -       -       -       -  |       0       0       0     172        -   16          0  |         0         0          0         0         -
16-OCT-26  24300 C        -       -       -       -       -  |       0       0       0     155        -   16          0  |         0         0          0         0         -
16-OCT-26  24350 C        -       -       -       -       -  |       0       0       0     140        -   16          0  |         0         0          0         0         -
16-OCT-26  24400 C        -       -       -       -       -  |       0       0       0     126        -   16          0  |         0         0          0         0         -
16-OCT-26  24450 C        -       -       -       -       -  |       0       0       0     114        -   16          0  |         0         0          0         0         -
16-OCT-26  24500 C        -       -       -       -       -  |       0       0       0     102        -   16          0  |         0         0          0         0         -
16-OCT-26  24550 C        -       -       -       -       -  |       0       0       0      91        -   16          0  |         0         0          0         0         -
16-OCT-26  24600 C        -       -       -       -       -  |       0       0       0      82        -   16          0  |         0         0          0         0         -
16-OCT-26  24650 C        -       -       -       -       -  |       0       0       0      73        -   16          0  |         0         0          0         0         -
16-OCT-26  24700 C        -       -       -       -       -  |       0       0       0      66        -   16          0  |         0         0          0         0         -
16-OCT-26  24750 C        -       -       -       -       -  |       0       0       0      59        -   16          0  |         0         0          0         0         -
16-OCT-26  24800 C        -       -       -       -       -  |       0       0       0      53        -   16          0  |         0         0          0         0         -
16-OCT-26  24850 C        -       -       -       -       -  |       0       0       0      47        -   16          0  |         0         0          0         0         -
16-OCT-26  24900 C        -       -       -       -       -  |       0       0       0      42        -   16          0  |         0         0          0         0         -
16-OCT-26  24950 C        -       -       -       -       -  |       0       0       0      38        -   16          0  |         0         0          0         0         -
16-OCT-26  25000 C        -       -       -       -       -  |       0       0       0      34        -   16          0  |         0         0          0         0         -
16-OCT-26  25050 C        -       -       -       -       -  |       0       0       0      30        -   16          0  |         0         0          0         0         -
16-OCT-26  25100 C        -       -       -       -       -  |       0       0       0      27        -   17          0  |         0         0          0         0         -
16-OCT-26  25150 C        -       -       -       -       -  |       0       0       0      24        -   17          0  |         0         0          0         0         -
16-OCT-26  25200 C        -       -       -       -       -  |       0       0       0      22        -   17          0  |         0         0          0         0         -
16-OCT-26  25250 C        -       -       -       -       -  |       0       0       0      20        -   17          0  |         0         0          0         0         -
16-OCT-26  25300 C        -       -       -       -       -  |       0       0       0      18        -   17          0  |         0         0          0         0         -
16-OCT-26  25350 C        -       -       -       -       -  |       0       0       0      16        -   17          0  |         0         0          0         0         -
16-OCT-26  25400 C        -       -       -       -       -  |       0       0       0      15        -   17          0  |         0         0          0         0         -
16-OCT-26  25450 C        -       -       -       -       -  |       0       0       0      13        -   17          0  |         0         0          0         0         -
16-OCT-26  25500 C        -       -       -       -       -  |       0       0       0      12        -   18          0  |         0         0          0         0         -
16-OCT-26  25550 C        -       -       -       -       -  |       0       0       0      11        -   18          0  |         0         0          0         0         -
16-OCT-26  25600 C        -       -       -       -       -  |       0       0       0      10        -   18          0  |         0         0          0         0         -
16-OCT-26  25650 C        -       -       -       -       -  |       0       0       0       9        -   18          0  |         0         0          0         0         -
16-OCT-26  25700 C        -       -       -       -       -  |       0       0       0       8        -   18          0  |         0         0          0         0         -
16-OCT-26  25750 C        -       -       -       -       -  |       0       0       0       7        -   18          0  |         0         0          0         0         -
16-OCT-26  25800 C        -       -       -       -       -  |       0       0       0       7        -   19          0  |         0         0          0         0         -
16-OCT-26  25850 C        -       -       -       -       -  |       0       0       0       6        -   18          0  |         0         0          0         0         -
16-OCT-26  25900 C        -       -       -       -       -  |       0       0       0       6        -   19          0  |         0         0          0         0         -
16-OCT-26  25950 C        -       -       -       -       -  |       0       0       0       5        -   19          0  |         0         0          0         0         -
16-OCT-26  26000 C        -       -       -       -       -  |       0       0       0       5        -   19          0  |         0         0          0         0         -
16-OCT-26  26050 C        -       -       -       -       -  |       0       0       0       4        -   19          0  |         0         0          0         0         -
16-OCT-26  26100 C        -       -       -       -       -  |       0       0       0       4        -   19          0  |         0         0          0         0         -
16-OCT-26  26150 C        -       -       -       -       -  |       0       0       0       4        -   20          0  |         0         0          0         0         -
16-OCT-26  26200 C        -       -       -       -       -  |       0       0       0       3        -   19          0  |         0         0          0         0         -
16-OCT-26  26250 C        -       -       -       -       -  |       0       0       0       3        -   20          0  |         0         0          0         0         -
16-OCT-26  26300 C        -       -       -       -       -  |       0       0       0       3        -   20          0  |         0         0          0         0         -
16-OCT-26  26350 C        -       -       -       -       -  |       0       0       0       3        -   20          0  |         0         0          0         0         -
16-OCT-26  26400 C        -       -       -       -       -  |       0       0       0       3        -   21          0  |         0         0          0         0         -
16-OCT-26  26450 C        -       -       -       -       -  |       0       0       0       2        -   20          0  |         0         0          0         0         -
16-OCT-26  26500 C        -       -       -       -       -  |       0       0       0       2        -   20          0  |         0         0          0         0         -
16-OCT-26  26550 C        -       -       -       -       -  |       0       0       0       2        -   21          0  |         0         0          0         0         -
16-OCT-26  26600 C        -       -       -       -       -  |       0       0       0       2        -   21          0  |         0         0          0         0         -
16-OCT-26  26650 C        -       -       -       -       -  |       0       0       0       2        -   21          0  |         0         0          0         0         -
16-OCT-26  26700 C        -       -       -       -       -  |       0       0       0       2        -   22          0  |         0         0          0         0         -
16-OCT-26  26750 C        -       -       -       -       -  |       0       0       0       2        -   22          0  |         0         0          0         0         -
16-OCT-26  26800 C        -       -       -       -       -  |       0       0       0       1        -   21          0  |         0         0          0         0         -
16-OCT-26  26850 C        -       -       -       -       -  |       0       0       0       1        -   21          0  |         0         0          0         0         -
16-OCT-26  26900 C        -       -       -       -       -  |       0       0       0       1        -   21          0  |         0         0          0         0         -
16-OCT-26  26950 C        -       -       -       -       -  |       0       0       0       1        -   22          0  |         0         0          0         0         -
16-OCT-26  27000 C        -       -       -       -       -  |       0       0       0       1        -   22          0  |         0         0          0         0         -
16-OCT-26  27050 C        -       -       -       -       -  |       0       0       0       1        -   22          0  |         0         0          0         0         -
16-OCT-26  27100 C        -       -       -       -       -  |       0       0       0       1        -   23          0  |         0         0          0         0         -
16-OCT-26  27150 C        -       -       -       -       -  |       0       0       0       1        -   23          0  |         0         0          0         0         -
16-OCT-26  27200 C        -       -       -       -       -  |       0       0       0       1        -   23          0  |         0         0          0         0         -
16-OCT-26  27250 C        -       -       -       -       -  |       0       0       0       1        -   24          0  |         0         0          0         0         -
16-OCT-26  27300 C        -       -       -       -       -  |       0       0       0       1        -   24          0  |         0         0          0         0         -
16-OCT-26  27350 C        -       -       -       -       -  |       0       0       0       1        -   24          0  |         0         0          0         0         -
16-OCT-26  27400 C        -       -       -       -       -  |       0       0       0       1        -   24          0  |         0         0          0         0         -
16-OCT-26  27450 C        -       -       -       -       -  |       0       0       0       1        -   25          0  |         0         0          0         0         -
16-OCT-26  27500 C        -       -       -       -       -  |       0       0       0       1        -   25          0  |         0         0          0         0         -
16-OCT-26  27550 C        -       -       -       -       -  |       0       0       0       1        -   25          0  |         0         0          0         0         -
16-OCT-26  27600 C        -       -       -       -       -  |       0       0       0       1        -   26          0  |         0         0          0         0         -
16-OCT-26  27650 C        -       -       -       -       -  |       0       0       0       1        -   26          0  |         0         0          0         0         -
16-OCT-26  27700 C        -       -       -       -       -  |       0       0       0       1        -   26          0  |         0         0          0         0         -
16-OCT-26  27750 C        -       -       -       -       -  |       0       0       0       1        -   27          0  |         0         0          0         0         -
16-OCT-26  27800 C        -       -       -       -       -  |       0       0       0       1        -   27          0  |         0         0          0         0         -
16-OCT-26  27850 C        -       -       -       -       -  |       0       0       0       1        -   27          0  |         0         0          0         0         -
16-OCT-26  27900 C        -       -       -       -       -  |       0       0       0       1        -   27          0  |         0         0          0         0         -
16-OCT-26  27950 C        -       -       -       -       -  |       0       0       0       1        -   28          0  |         0         0          0         0         -
16-OCT-26  28000 C        -       -       -       -       -  |       0       0       0       1        -   28          0  |         0         0          0         0         -
16-OCT-26  28050 C        -       -       -       -       -  |       0       0       0       1        -   28          0  |         0         0          0         0         -
16-OCT-26  28100 C        -       -       -       -       -  |       0       0       0       1        -   29          0  |         0         0          0         0         -
16-OCT-26  28150 C        -       -       -       -       -  |       0       0       0       1        -   29          0  |         0         0          0         0         -
16-OCT-26  28200 C        -       -       -       -       -  |       0       0       0       1        -   29          0  |         0         0          0         0         -
16-OCT-26  28250 C        -       -       -       -       -  |       0       0       0       1        -   29          0  |         0         0          0         0         -
16-OCT-26  28300 C        -       -       -       -       -  |       0       0       0       1        -   30          0  |         0         0          0         0         -
16-OCT-26  28350 C        -       -       -       -       -  |       0       0       0       1        -   30          0  |         0         0          0         0         -
16-OCT-26  28400 C        -       -       -       -       -  |       0       0       0       1        -   30          0  |         0         0          0         0         -
16-OCT-26  28450 C        -       -       -       -       -  |       0       0       0       1        -   31          0  |         0         0          0         0         -
16-OCT-26  28500 C        -       -       -       -       -  |       0       0       0       1        -   31          0  |         0         0          0         0         -
16-OCT-26  28550 C        -       -       -       -       -  |       0       0       0       1        -   31          0  |         0         0          0         0         -
16-OCT-26  28600 C        -       -       -       -       -  |       0       0       0       1        -   31          0  |         0         0          0         0         -
16-OCT-26  28650 C        -       -       -       -       -  |       0       0       0       1        -   32          0  |         0         0          0         0         -
16-OCT-26  28700 C        -       -       -       -       -  |       0       0       0       1        -   32          0  |         0         0          0         0         -
16-OCT-26  28750 C        -       -       -       -       -  |       0       0       0       1        -   32          0  |         0         0          0         0         -
16-OCT-26  28800 C        -       -       -       -       -  |       0       0       0       1        -   33          0  |         0         0          0         0         -
16-OCT-26  28850 C        -       -       -       -       -  |       0       0       0       1        -   33          0  |         0         0          0         0         -
16-OCT-26  28900 C        -       -       -       -       -  |       0       0       0       1        -   33          0  |         0         0          0         0         -
16-OCT-26  28950 C        -       -       -       -       -  |       0       0       0       1        -   33          0  |         0         0          0         0         -
16-OCT-26  29000 C        -       -       -       -       -  |       0       0       0       1        -   34          0  |         0         0          0         0         -
16-OCT-26  29050 C        -       -       -       -       -  |       0       0       0       1        -   34          0  |         0         0          0         0         -
16-OCT-26  29100 C        -       -       -       -       -  |       0       0       0       1        -   34          0  |         0         0          0         0         -
16-OCT-26  29150 C        -       -       -       -       -  |       0       0       0       1        -   34          0  |         0         0          0         0         -
16-OCT-26  29200 C        -       -       -       -       -  |       0       0       0       1        -   35          0  |         0         0          0         0         -
16-OCT-26  29250 C        -       -       -       -       -  |       0       0       0       1        -   35          0  |         0         0          0         0         -
16-OCT-26  29300 C        -       -       -       -       -  |       0       0       0       1        -   35          0  |         0         0          0         0         -
16-OCT-26  29350 C        -       -       -       -       -  |       0       0       0       1        -   36          0  |         0         0          0         0         -
16-OCT-26  29400 C        -       -       -       -       -  |       0       0       0       1        -   36          0  |         0         0          0         0         -
16-OCT-26  29450 C        -       -       -       -       -  |       0       0       0       1        -   36          0  |         0         0          0         0         -
16-OCT-26  29500 C        -       -       -       -       -  |       0       0       0       1        -   36          0  |         0         0          0         0         -
16-OCT-26  29550 C        -       -       -       -       -  |       0       0       0       1        -   37          0  |         0         0          0         0         -

                                 TOTAL CALL               0  |                               TOTAL CALL               0  | TOTAL CALL                   0         0         0

CONTRACT    STRIKE *OPENING  *DAILY  *DAILY   CLOSE  VOLUME  |*OPENING  *DAILY  *DAILY  O.Q.P.   O.Q.P.  IV%     VOLUME  | *Contract *Contract     Volume      Open Change in
WEEK         PRICE    PRICE    HIGH     LOW   PRICE          |   PRICE    HIGH     LOW   CLOSE   CHANGE                  |      High       Low             Interest        OI
16-OCT-26  19675 P        -       -       -       -       -  |       0       0       0       1        -   35          0  |         0         0          0         0         -
16-OCT-26  19700 P        -       -       -       -       -  |       0       0       0       1        -   34          0  |         0         0          0         0         -
16-OCT-26  19725 P        -       -       -       -       -  |       0       0       0       1        -   34          0  |         0         0          0         0         -
16-OCT-26  19750 P        -       -       -       -       -  |       0       0       0       1        -   34          0  |         0         0          0         0         -
16-OCT-26  19775 P        -       -       -       -       -  |       0       0       0       1        -   34          0  |         0         0          0         0         -
16-OCT-26  19800 P        -       -       -       -       -  |       0       0       0       1        -   34          0  |         0         0          0         0         -
16-OCT-26  19825 P        -       -       -       -       -  |       0       0       0       1        -   33          0  |         0         0          0         0         -
16-OCT-26  19850 P        -       -       -       -       -  |       0       0       0       1        -   33          0  |         0         0          0         0         -
16-OCT-26  19875 P        -       -       -       -       -  |       0       0       0       1        -   33          0  |         0         0          0         0         -
16-OCT-26  19900 P        -       -       -       -       -  |       0       0       0       1        -   33          0  |         0         0          0         0         -
16-OCT-26  19925 P        -       -       -       -       -  |       0       0       0       1        -   33          0  |         0         0          0         0         -
16-OCT-26  19950 P        -       -       -       -       -  |       0       0       0       1        -   32          0  |         0         0          0         0         -
16-OCT-26  19975 P        -       -       -       -       -  |       0       0       0       1        -   32          0  |         0         0          0         0         -
16-OCT-26  20000 P        -       -       -       -       -  |       0       0       0       1        -   32          0  |         0         0          0         0         -
16-OCT-26  20050 P        -       -       -       -       -  |       0       0       0       2        -   34          0  |         0         0          0         0         -
16-OCT-26  20100 P        -       -       -       -       -  |       0       0       0       2        -   33          0  |         0         0          0         0         -
16-OCT-26  20150 P        -       -       -       -       -  |       0       0       0       2        -   33          0  |         0         0          0         0         -
16-OCT-26  20200 P        -       -       -       -       -  |       0       0       0       2        -   32          0  |         0         0          0         0         -
16-OCT-26  20250 P        -       -       -       -       -  |       0       0       0       2        -   32          0  |         0         0          0         0         -
16-OCT-26  20300 P        -       -       -       -       -  |       0       0       0       2        -   32          0  |         0         0          0         0         -
16-OCT-26  20350 P        -       -       -       -       -  |       0       0       0       2        -   31          0  |         0         0          0         0         -
16-OCT-26  20400 P        -       -       -       -       -  |       0       0       0       3        -   32          0  |         0         0          0         0         -
16-OCT-26  20450 P        -       -       -       -       -  |       0       0       0       3        -   32          0  |         0         0          0         0         -
16-OCT-26  20500 P        -       -       -       -       -  |       0       0       0       3        -   31          0  |         0         0          0         0         -
16-OCT-26  20550 P        -       -       -       -       -  |       0       0       0       3        -   31          0  |         0         0          0         0         -
16-OCT-26  20600 P        -       -       -       -       -  |       0       0       0       3        -   30          0  |         0         0          0         0         -
16-OCT-26  20650 P        -       -       -       -       -  |       0       0       0       4        -   31          0  |         0         0          0         0         -
16-OCT-26  20700 P        -       -       -       -       -  |       0       0       0       4        -   31          0  |         0         0          0         0         -
16-OCT-26  20750 P        -       -       -       -       -  |       0       0       0       4        -   30          0  |         0         0          0         0         -
16-OCT-26  20800 P        -       -       -       -       -  |       0       0       0       4        -   30          0  |         0         0          0         0         -
16-OCT-26  20850 P        -       -       -       -       -  |       0       0       0       5        -   30          0  |         0         0          0         0         -
16-OCT-26  20900 P        -       -       -       -       -  |       0       0       0       5        -   30          0  |         0         0          0         0         -
16-OCT-26  20950 P        -       -       -       -       -  |       0       0       0       5        -   29          0  |         0         0          0         0         -
16-OCT-26  21000 P        -       -       -       -       -  |       0       0       0       6        -   29          0  |         0         0          0         0         -
16-OCT-26  21050 P        -       -       -       -       -  |       0       0       0       6        -   29          0  |         0         0          0         0         -
16-OCT-26  21100 P        -       -       -       -       -  |       0       0       0       7        -   29          0  |         0         0          0         0         -
16-OCT-26  21150 P        -       -       -       -       -  |       0       0       0       7        -   29          0  |         0         0          0         0         -
16-OCT-26  21200 P        -       -       -       -       -  |       0       0       0       8        -   29          0  |         0         0          0         0         -
16-OCT-26  21250 P        -       -       -       -       -  |       0       0       0       8        -   28          0  |         0         0          0         0         -
16-OCT-26  21300 P        -       -       -       -       -  |       0       0       0       9        -   28          0  |         0         0          0         0         -
16-OCT-26  21350 P        -       -       -       -       -  |       0       0       0       9        -   28          0  |         0         0          0         0         -
16-OCT-26  21400 P        -       -       -       -       -  |       0       0       0      10        -   28          0  |         0         0          0         0         -
16-OCT-26  21450 P        -       -       -       -       -  |       0       0       0      11        -   27          0  |         0         0          0         0         -
16-OCT-26  21500 P        -       -       -       -       -  |       0       0       0      11        -   27          0  |         0         0          0         0         -
16-OCT-26  21550 P        -       -       -       -       -  |       0       0       0      12        -   27          0  |         0         0          0         0         -
16-OCT-26  21600 P        -       -       -       -       -  |       0       0       0      13        -   27          0  |         0         0          0         0         -
16-OCT-26  21650 P        -       -       -       -       -  |       0       0       0      14        -   26          0  |         0         0          0         0         -
16-OCT-26  21700 P        -       -       -       -       -  |       0       0       0      15        -   26          0  |         0         0          0         0         -
16-OCT-26  21750 P        -       -       -       -       -  |       0       0       0      16        -   26          0  |         0         0          0         0         -
16-OCT-26  21800 P        -       -       -       -       -  |       0       0       0      17        -   26          0  |         0         0          0         0         -
16-OCT-26  21850 P        -       -       -       -       -  |       0       0       0      18        -   26          0  |         0         0          0         0         -
16-OCT-26  21900 P        -       -       -       -       -  |       0       0       0      20        -   25          0  |         0         0          0         0         -
16-OCT-26  21950 P        -       -       -       -       -  |       0       0       0      21        -   25          0  |         0         0          0         0         -
16-OCT-26  22000 P        -       -       -       -       -  |       0       0       0      23        -   25          0  |         0         0          0         0         -
16-OCT-26  22050 P        -       -       -       -       -  |       0       0       0      24        -   25          0  |         0         0          0         0         -
16-OCT-26  22100 P        -       -       -       -       -  |       0       0       0      26        -   25          0  |         0         0          0         0         -
16-OCT-26  22150 P        -       -       -       -       -  |       0       0       0      28        -   24          0  |         0         0          0         0         -
16-OCT-26  22200 P        -       -       -       -       -  |       0       0       0      30        -   24          0  |         0         0          0         0         -
16-OCT-26  22250 P        -       -       -       -       -  |       0       0       0      32        -   24          0  |         0         0          0         0         -
16-OCT-26  22300 P        -       -       -       -       -  |       0       0       0      34        -   24          0  |         0         0          0         0         -
16-OCT-26  22350 P        -       -       -       -       -  |       0       0       0      37        -   24          0  |         0         0          0         0         -
16-OCT-26  22400 P        -       -       -       -       -  |       0       0       0      39        -   23          0  |         0         0          0         0         -
16-OCT-26  22450 P        -       -       -       -       -  |       0       0       0      42        -   23          0  |         0         0          0         0         -
16-OCT-26  22500 P        -       -       -       -       -  |       0       0       0      45        -   23          0  |         0         0          0         0         -
16-OCT-26  22550 P        -       -       -       -       -  |       0       0       0      49        -   23          0  |         0         0          0         0         -
16-OCT-26  22600 P        -       -       -       -       -  |       0       0       0      52        -   22          0  |         0         0          0         0         -
16-OCT-26  22650 P        -       -       -       -       -  |       0       0       0      56        -   22          0  |         0         0          0         0         -
16-OCT-26  22700 P        -       -       -       -       -  |       0       0       0      60        -   22          0  |         0         0          0         0         -
16-OCT-26  22750 P        -       -       -       -       -  |       0       0       0      65        -   22          0  |         0         0          0         0         -
16-OCT-26  22800 P        -       -       -       -       -  |       0       0       0      69        -   22          0  |         0         0          0         0         -
16-OCT-26  22850 P        -       -       -       -       -  |       0       0       0      75        -   21          0  |         0         0          0         0         -
16-OCT-26  22900 P        -       -       -       -       -  |       0       0       0      80        -   21          0  |         0         0          0         0         -
16-OCT-26  22950 P        -       -       -       -       -  |       0       0       0      86        -   21          0  |         0         0          0         0         -
16-OCT-26  23000 P        -       -       -       -       -  |       0       0       0      93        -   21          0  |         0         0          0         0         -
16-OCT-26  23050 P        -       -       -       -       -  |       0       0       0      99        -   21          0  |         0         0          0         0         -
16-OCT-26  23100 P        -       -       -       -       -  |       0       0       0     107        -   20          0  |         0         0          0         0         -
16-OCT-26  23150 P        -       -       -       -       -  |       0       0       0     115        -   20          0  |         0         0          0         0         -
16-OCT-26  23200 P        -       -       -       -       -  |       0       0       0     123        -   20          0  |         0         0          0         0         -
16-OCT-26  23250 P        -       -       -       -       -  |       0       0       0     133        -   20          0  |         0         0          0         0         -
16-OCT-26  23300 P        -       -       -       -       -  |       0       0       0     143        -   20          0  |         0         0          0         0         -
16-OCT-26  23350 P        -       -       -       -       -  |       0       0       0     153        -   19          0  |         0         0          0         0         -
16-OCT-26  23400 P        -       -       -       -       -  |       0       0       0     165        -   19          0  |         0         0          0         0         -
16-OCT-26  23450 P        -       -       -       -       -  |       0       0       0     177        -   19          0  |         0         0          0         0         -
16-OCT-26  23500 P        -       -       -       -       -  |       0       0       0     191        -   19          0  |         0         0          0         0         -
16-OCT-26  23550 P        -       -       -       -       -  |       0       0       0     205        -   19          0  |         0         0          0         0         -
16-OCT-26  23600 P        -       -       -       -       -  |       0       0       0     220        -   19          0  |         0         0          0         0         -
16-OCT-26  23650 P        -       -       -       -       -  |       0       0       0     237        -   18          0  |         0         0          0         0         -
16-OCT-26  23700 P        -       -       -       -       -  |       0       0       0     254        -   18          0  |         0         0          0         0         -
16-OCT-26  23750 P        -       -       -       -       -  |       0       0       0     273        -   18          0  |         0         0          0         0         -
16-OCT-26  23800 P        -       -       -       -       -  |       0       0       0     293        -   18          0  |         0         0          0         0         -
16-OCT-26  23850 P        -       -       -       -       -  |       0       0       0     314        -   18          0  |         0         0          0         0         -
16-OCT-26  23900 P        -       -       -       -       -  |       0       0       0     336        -   18          0  |         0         0          0         0         -
16-OCT-26  23950 P        -       -       -       -       -  |       0       0       0     360        -   18          0  |         0         0          0         0         -
16-OCT-26  24000 P        -       -       -       -       -  |       0       0       0     386        -   18          0  |         0         0          0         0         -
16-OCT-26  24050 P        -       -       -       -       -  |       0       0       0     412        -   18          0  |         0         0          0         0         -
16-OCT-26  24100 P        -       -       -       -       -  |       0       0       0     440        -   17          0  |         0         0          0         0         -
16-OCT-26  24150 P        -       -       -       -       -  |       0       0       0     470        -   17          0  |         0         0          0         0         -
16-OCT-26  24200 P        -       -       -       -       -  |       0       0       0     500        -   17          0  |         0         0          0         0         -
16-OCT-26  24250 P        -       -       -       -       -  |       0       0       0     533        -   17          0  |         0         0          0         0         -
16-OCT-26  24300 P        -       -       -       -       -  |       0       0       0     566        -   17          0  |         0         0          0         0         -
16-OCT-26  24350 P        -       -       -       -       -  |       0       0       0     601        -   17          0  |         0         0          0         0         -
16-OCT-26  24400 P        -       -       -       -       -  |       0       0       0     637        -   17          0  |         0         0          0         0         -
16-OCT-26  24450 P        -       -       -       -       -  |       0       0       0     674        -   17          0  |         0         0          0         0         -
16-OCT-26  24500 P        -       -       -       -       -  |       0       0       0     713        -   18          0  |         0         0          0         0         -
16-OCT-26  24550 P        -       -       -       -       -  |       0       0       0     752        -   18          0  |         0         0          0         0         -
16-OCT-26  24600 P        -       -       -       -       -  |       0       0       0     793        -   18          0  |         0         0          0         0         -
16-OCT-26  24650 P        -       -       -       -       -  |       0       0       0     834        -   18          0  |         0         0          0         0         -
16-OCT-26  24700 P        -       -       -       -       -  |       0       0       0     876        -   18          0  |         0         0          0         0         -
16-OCT-26  24750 P        -       -       -       -       -  |       0       0       0     920        -   18          0  |         0         0          0         0         -
16-OCT-26  24800 P        -       -       -       -       -  |       0       0       0     963        -   18          0  |         0         0          0         0         -
16-OCT-26  24850 P        -       -       -       -       -  |       0       0       0    1008        -   18          0  |         0         0          0         0         -
16-OCT-26  24900 P        -       -       -       -       -  |       0       0       0    1053        -   19          0  |         0         0          0         0         -
16-OCT-26  24950 P        -       -       -       -       -  |       0       0       0    1098        -   19          0  |         0         0          0         0         -
16-OCT-26  25000 P        -       -       -       -       -  |       0       0       0    1145        -   19          0  |         0         0          0         0         -
16-OCT-26  25050 P        -       -       -       -       -  |       0       0       0    1191        -   19          0  |         0         0          0         0         -
16-OCT-26  25100 P        -       -       -       -       -  |       0       0       0    1238        -   19          0  |         0         0          0         0         -
16-OCT-26  25150 P        -       -       -       -       -  |       0       0       0    1285        -   20          0  |         0         0          0         0         -
16-OCT-26  25200 P        -       -       -       -       -  |       0       0       0    1333        -   20          0  |         0         0          0         0         -
16-OCT-26  25250 P        -       -       -       -       -  |       0       0       0    1381        -   20          0  |         0         0          0         0         -
16-OCT-26  25300 P        -       -       -       -       -  |       0       0       0    1429        -   21          0  |         0         0          0         0         -
16-OCT-26  25350 P        -       -       -       -       -  |       0       0       0    1477        -   21          0  |         0         0          0         0         -
16-OCT-26  25400 P        -       -       -       -       -  |       0       0       0    1525        -   21          0  |         0         0          0         0         -
16-OCT-26  25450 P        -       -       -       -       -  |       0       0       0    1574        -   21          0  |         0         0          0         0         -
16-OCT-26  25500 P        -       -       -       -       -  |       0       0       0    1623        -   22          0  |         0         0          0         0         -
16-OCT-26  25550 P        -       -       -       -       -  |       0       0       0    1672        -   22          0  |         0         0          0         0         -
16-OCT-26  25600 P        -       -       -       -       -  |       0       0       0    1721        -   23          0  |         0         0          0         0         -
16-OCT-26  25650 P        -       -       -       -       -  |       0       0       0    1770        -   23          0  |         0         0          0         0         -
16-OCT-26  25700 P        -       -       -       -       -  |       0       0       0    1819        -   23          0  |         0         0          0         0         -
16-OCT-26  25750 P        -       -       -       -       -  |       0       0       0    1868        -   24          0  |         0         0          0         0         -
16-OCT-26  25800 P        -       -       -       -       -  |       0       0       0    1918        -   24          0  |         0         0          0         0         -
16-OCT-26  25850 P        -       -       -       -       -  |       0       0       0    1967        -   24          0  |         0         0          0         0         -
16-OCT-26  25900 P        -       -       -       -       -  |       0       0       0    2017        -   25          0  |         0         0          0         0         -
16-OCT-26  25950 P        -       -       -       -       -  |       0       0       0    2066        -   25          0  |         0         0          0         0         -
16-OCT-26  26000 P        -       -       -       -       -  |       0       0       0    2116        -   26          0  |         0         0          0         0         -
16-OCT-26  26050 P        -       -       -       -       -  |       0       0       0    2165        -   26          0  |         0         0          0         0         -
16-OCT-26  26100 P        -       -       -       -       -  |       0       0       0    2215        -   26          0  |         0         0          0         0         -
16-OCT-26  26150 P        -       -       -       -       -  |       0       0       0    2265        -   27          0  |         0         0          0         0         -
16-OCT-26  26200 P        -       -       -       -       -  |       0       0       0    2314        -   27          0  |         0         0          0         0         -
16-OCT-26  26250 P        -       -       -       -       -  |       0       0       0    2364        -   27          0  |         0         0          0         0         -
16-OCT-26  26300 P        -       -       -       -       -  |       0       0       0    2414        -   28          0  |         0         0          0         0         -
16-OCT-26  26350 P        -       -       -       -       -  |       0       0       0    2464        -   28          0  |         0         0          0         0         -
16-OCT-26  26400 P        -       -       -       -       -  |       0       0       0    2513        -   29          0  |         0         0          0         0         -
16-OCT-26  26450 P        -       -       -       -       -  |       0       0       0    2563        -   29          0  |         0         0          0         0         -
16-OCT-26  26500 P        -       -       -       -       -  |       0       0       0    2613        -   30          0  |         0         0          0         0         -
16-OCT-26  26550 P        -       -       -       -       -  |       0       0       0    2663        -   30          0  |         0         0          0         0         -
16-OCT-26  26600 P        -       -       -       -       -  |       0       0       0    2713        -   30          0  |         0         0          0         0         -
16-OCT-26  26650 P        -       -       -       -       -  |       0       0       0    2763        -   31          0  |         0         0          0         0         -
16-OCT-26  26700 P        -       -       -       -       -  |       0       0       0    2812        -   31          0  |         0         0          0         0         -
16-OCT-26  26750 P        -       -       -       -       -  |       0       0       0    2862        -   31          0  |         0         0          0         0         -
16-OCT-26  26800 P        -       -       -       -       -  |       0       0       0    2912        -   32          0  |         0         0          0         0         -
16-OCT-26  26850 P        -       -       -       -       -  |       0       0       0    2962        -   32          0  |         0         0          0         0         -
16-OCT-26  26900 P        -       -       -       -       -  |       0       0       0    3012        -   33          0  |         0         0          0         0         -
16-OCT-26  26950 P        -       -       -       -       -  |       0       0       0    3062        -   33          0  |         0         0          0         0         -
16-OCT-26  27000 P        -       -       -       -       -  |       0       0       0    3112        -   34          0  |         0         0          0         0         -
16-OCT-26  27050 P        -       -       -       -       -  |       0       0       0    3162        -   34          0  |         0         0          0         0         -
16-OCT-26  27100 P        -       -       -       -       -  |       0       0       0    3212        -   34          0  |         0         0          0         0         -
16-OCT-26  27150 P        -       -       -       -       -  |       0       0       0    3262        -   35          0  |         0         0          0         0         -
16-OCT-26  27200 P        -       -       -       -       -  |       0       0       0    3312        -   35          0  |         0         0          0         0         -
16-OCT-26  27250 P        -       -       -       -       -  |       0       0       0    3362        -   36          0  |         0         0          0         0         -
16-OCT-26  27300 P        -       -       -       -       -  |       0       0       0    3411        -   36          0  |         0         0          0         0         -
16-OCT-26  27350 P        -       -       -       -       -  |       0       0       0    3461        -   36          0  |         0         0          0         0         -
16-OCT-26  27400 P        -       -       -       -       -  |       0       0       0    3511        -   37          0  |         0         0          0         0         -
16-OCT-26  27450 P        -       -       -       -       -  |       0       0       0    3561        -   37          0  |         0         0          0         0         -
16-OCT-26  27500 P        -       -       -       -       -  |       0       0       0    3611        -   37          0  |         0         0          0         0         -
16-OCT-26  27550 P        -       -       -       -       -  |       0       0       0    3661        -   38          0  |         0         0          0         0         -
16-OCT-26  27600 P        -       -       -       -       -  |       0       0       0    3711        -   38          0  |         0         0          0         0         -
16-OCT-26  27650 P        -       -       -       -       -  |       0       0       0    3761        -   39          0  |         0         0          0         0         -
16-OCT-26  27700 P        -       -       -       -       -  |       0       0       0    3811        -   39          0  |         0         0          0         0         -
16-OCT-26  27750 P        -       -       -       -       -  |       0       0       0    3861        -   39          0  |         0         0          0         0         -
16-OCT-26  27800 P        -       -       -       -       -  |       0       0       0    3911        -   40          0  |         0         0          0         0         -
16-OCT-26  27850 P        -       -       -       -       -  |       0       0       0    3961        -   40          0  |         0         0          0         0         -
16-OCT-26  27900 P        -       -       -       -       -  |       0       0       0    4011        -   41          0  |         0         0          0         0         -
16-OCT-26  27950 P        -       -       -       -       -  |       0       0       0    4061        -   41          0  |         0         0          0         0         -
16-OCT-26  28000 P        -       -       -       -       -  |       0       0       0    4111        -   41          0  |         0         0          0         0         -
16-OCT-26  28050 P        -       -       -       -       -  |       0       0       0    4161        -   42          0  |         0         0          0         0         -
16-OCT-26  28100 P        -       -       -       -       -  |       0       0       0    4211        -   42          0  |         0         0          0         0         -
16-OCT-26  28150 P        -       -       -       -       -  |       0       0       0    4261        -   43          0  |         0         0          0         0         -
16-OCT-26  28200 P        -       -       -       -       -  |       0       0       0    4311        -   43          0  |         0         0          0         0         -
16-OCT-26  28250 P        -       -       -       -       -  |       0       0       0    4361        -   43          0  |         0         0          0         0         -
16-OCT-26  28300 P        -       -       -       -       -  |       0       0       0    4411        -   44          0  |         0         0          0         0         -
16-OCT-26  28350 P        -       -       -       -       -  |       0       0       0    4461        -   44          0  |         0         0          0         0         -
16-OCT-26  28400 P        -       -       -       -       -  |       0       0       0    4511        -   44          0  |         0         0          0         0         -
16-OCT-26  28450 P        -       -       -       -       -  |       0       0       0    4561        -   45          0  |         0         0          0         0         -
16-OCT-26  28500 P        -       -       -       -       -  |       0       0       0    4611        -   45          0  |         0         0          0         0         -
16-OCT-26  28550 P        -       -       -       -       -  |       0       0       0    4661        -   46          0  |         0         0          0         0         -
16-OCT-26  28600 P        -       -       -       -       -  |       0       0       0    4711        -   46          0  |         0         0          0         0         -
16-OCT-26  28650 P        -       -       -       -       -  |       0       0       0    4761        -   46          0  |         0         0          0         0         -
16-OCT-26  28700 P        -       -       -       -       -  |       0       0       0    4811        -   47          0  |         0         0          0         0         -
16-OCT-26  28750 P        -       -       -       -       -  |       0       0       0    4861        -   47          0  |         0         0          0         0         -
16-OCT-26  28800 P        -       -       -       -       -  |       0       0       0    4911        -   47          0  |         0         0          0         0         -
16-OCT-26  28850 P        -       -       -       -       -  |       0       0       0    4961        -   48          0  |         0         0          0         0         -
16-OCT-26  28900 P        -       -       -       -       -  |       0       0       0    5011        -   48          0  |         0         0          0         0         -
16-OCT-26  28950 P        -       -       -       -       -  |       0       0       0    5061        -   49          0  |         0         0          0         0         -
16-OCT-26  29000 P        -       -       -       -       -  |       0       0       0    5111        -   49          0  |         0         0          0         0         -
16-OCT-26  29050 P        -       -       -       -       -  |       0       0       0    5161        -   49          0  |         0         0          0         0         -
16-OCT-26  29100 P        -       -       -       -       -  |       0       0       0    5211        -   50          0  |         0         0          0         0         -
16-OCT-26  29150 P        -       -       -       -       -  |       0       0       0    5261        -   50          0  |         0         0          0         0         -
16-OCT-26  29200 P        -       -       -       -       -  |       0       0       0    5311        -   50          0  |         0         0          0         0         -
16-OCT-26  29250 P        -       -       -       -       -  |       0       0       0    5361        -   51          0  |         0         0          0         0         -
16-OCT-26  29300 P        -       -       -       -       -  |       0       0       0    5411        -   51          0  |         0         0          0         0         -
16-OCT-26  29350 P        -       -       -       -       -  |       0       0       0    5461        -   51          0  |         0         0          0         0         -
16-OCT-26  29400 P        -       -       -       -       -  |       0       0       0    5511        -   52          0  |         0         0          0         0         -
16-OCT-26  29450 P        -       -       -       -       -  |       0       0       0    5561        -   52          0  |         0         0          0         0         -
16-OCT-26  29500 P        -       -       -       -       -  |       0       0       0    5611        -   53          0  |         0         0          0         0         -
16-OCT-26  29550 P        -       -       -       -       -  |       0       0       0    5661        -   53          0  |         0         0          0         0         -

                                 TOTAL PUT                0  |                               TOTAL PUT                0  | TOTAL PUT                    0         0         0

                                                                                                                         | WEEKLY PUT/CALL RATIO---------
                                                                                                                         | WEEKLY TOTAL                 0         0         0
 
                                                                                                                           MARKET PUT/CALL RATIO     0.85
                                                                                                                           MARKET TOTAL             29861     25011     +9100


                                 ***  END OF REPORT  ***

O.Q.P. - OFFICIAL QUOTATION PRICE
*ALL COMBO VS. COMBO TRANSACTIONS ARE EXCLUDED

