

MINI-HANG SENG INDEX OPTIONS DAILY MARKET REPORT


MINI-HANG SENG INDEX OPTIONS DAILY MARKET REPORT (Final)

Hong Kong Exchanges and Clearing Limited and/or its subsidiaries endeavour to ensure the
accuracy and reliability of the information provided, but do not guarantee its accuracy and
reliability and accept no liability (whether in tort or contract or otherwise) for any loss
or damage arising from any inaccuracies or omissions.


TOP 10 TRADED (BY VOLUME)    VOLUME    O.Q.P.  IV%     DAILY     DAILY      OPEN    O.Q.P.  
                                        CLOSE           HIGH       LOW  INTEREST    CHANGE
C OCT-26      25200             889        66   16       110        59       504      -107
C OCT-26      25000             740        90   16       148        83       565      -142
C OCT-26      24600             724       169   16       288       159       679      -231
P OCT-26      23800             706       408   17       435       240       631      +252
C OCT-26      24800             693       124   16       212       116       642      -184
C OCT-26      24000             668       394   17       541       375       216      -386
P OCT-26      23000             609       172   19       177       108       440      +115
C OCT-26      25600             542        35   17        68        33       500       -59
C OCT-26      24400             515       230   16       334       218       472      -281
C OCT-26      24200             489       304   17       421       290       225      -334

Mini-Hang Seng Index Options HK$10 per point
                                                                  
                   Prev. Trading Day of the Exchange                             Trading Day of the Exchange
                   01 OCT 2026, THURSDAY                                         02 OCT 2026, FRIDAY   

                   After-Hours Trading Session            |                      Day Trading Session                  |                    Combined
                                                          |                                                           |
 
CONTRACT STRIKE *OPENING  *DAILY  *DAILY   CLOSE  VOLUME  |*OPENING  *DAILY  *DAILY  O.Q.P.   O.Q.P.  IV%     VOLUME  | *Contract *Contract     Volume      Open Change in
MONTH     PRICE    PRICE    HIGH     LOW   PRICE          |   PRICE    HIGH     LOW   CLOSE   CHANGE                  |      High       Low             Interest        OI
OCT-26  18200 C        0       0       0       0       0  |       0       0       0    5696     -682   46          0  |         0         0          0         0         0
OCT-26  18300 C        0       0       0       0       0  |       0       0       0    5596     -682   46          0  |         0         0          0         0         0
OCT-26  18400 C        0       0       0       0       0  |       0       0       0    5496     -682   45          0  |         0         0          0         0         0
OCT-26  18500 C        0       0       0       0       0  |       0       0       0    5396     -682   44          0  |         0         0          0         0         0
OCT-26  18600 C        0       0       0       0       0  |       0       0       0    5296     -682   43          0  |         0         0          0         0         0
OCT-26  18700 C        0       0       0       0       0  |       0       0       0    5196     -682   42          0  |         0         0          0         0         0
OCT-26  18800 C        0       0       0       0       0  |       0       0       0    5097     -681   42          0  |         0         0          0         0         0
OCT-26  18900 C        0       0       0       0       0  |       0       0       0    4997     -681   41          0  |         0         0          0         0         0
OCT-26  19000 C        0       0       0       0       0  |       0       0       0    4897     -681   40          0  |         0         0          0         0         0
OCT-26  19100 C        0       0       0       0       0  |       0       0       0    4797     -681   39          0  |         0         0          0         0         0
OCT-26  19200 C        0       0       0       0       0  |       0       0       0    4698     -681   39          0  |         0         0          0         0         0
OCT-26  19300 C        0       0       0       0       0  |       0       0       0    4598     -681   38          0  |         0         0          0         0         0
OCT-26  19400 C        0       0       0       0       0  |       0       0       0    4498     -681   37          0  |         0         0          0         0         0
OCT-26  19500 C        0       0       0       0       0  |       0       0       0    4399     -680   37          0  |         0         0          0         0         0
OCT-26  19600 C        0       0       0       0       0  |       0       0       0    4299     -680   36          0  |         0         0          0         0         0
OCT-26  19700 C        0       0       0       0       0  |       0       0       0    4200     -679   36          0  |         0         0          0         0         0
OCT-26  19800 C        0       0       0       0       0  |       0       0       0    4101     -678   35          0  |         0         0          0         0         0
OCT-26  19900 C        0       0       0       0       0  |       0       0       0    4001     -678   34          0  |         0         0          0         0         0
OCT-26  20000 C        0       0       0       0       0  |       0       0       0    3902     -678   34          0  |         0         0          0         0         0
OCT-26  20200 C        0       0       0       0       0  |       0       0       0    3704     -676   33          0  |         0         0          0         0         0
OCT-26  20400 C        0       0       0       0       0  |       0       0       0    3506     -675   31          0  |         0         0          0         0         0
OCT-26  20600 C        0       0       0       0       0  |       0       0       0    3308     -673   30          0  |         0         0          0         0         0
OCT-26  20800 C        0       0       0       0       0  |       0       0       0    3111     -671   29          0  |         0         0          0         0         0
OCT-26  21000 C        0       0       0       0       0  |       0       0       0    2915     -668   28          0  |      4403      3395          0         2         0
OCT-26  21200 C        0       0       0       0       0  |       0       0       0    2720     -665   27          0  |      3640      3400          0         1         0
OCT-26  21400 C        0       0       0       0       0  |       0       0       0    2526     -661   26          0  |         0         0          0         0         0
OCT-26  21600 C        0       0       0       0       0  |       0       0       0    2333     -656   25          0  |         0         0          0         0         0
OCT-26  21800 C        0       0       0       0       0  |       0       0       0    2133     -659   23          0  |         0         0          0         0         0
OCT-26  22000 C        0       0       0       0       0  |    1984    1984    1984    1948     -647   23          1  |      3329      1984          1         4        +1
OCT-26  22200 C        0       0       0       0       0  |    1765    1765    1765    1766     -634   22          1  |      1765      1765          1         1        +1
OCT-26  22400 C        0       0       0       0       0  |       0       0       0    1571     -635   21          0  |         0         0          0         0         0
OCT-26  22600 C        0       0       0       0       0  |    1386    1386    1386    1391     -622   20          1  |      1802      1386          1         2        +1
OCT-26  22800 C        0       0       0       0       0  |    1216    1216    1216    1218     -605   19          1  |      1216      1216          1         1        +1
OCT-26  23000 C        0       0       0       0       0  |    1055    1100    1055    1054     -581   19          2  |      1747      1055          2         4        +1
OCT-26  23200 C        0       0       0       0       0  |     924     924     892     909     -542   19         11  |      1390       892         11        12       +11
OCT-26  23400 C        0       0       0       0       0  |     783     790     753     757     -515   18         35  |      1700       753         35        35       +33
OCT-26  23600 C        0       0       0       0       0  |     779     787     590     624     -475   18        146  |      1350       590        146       141      +140
OCT-26  23800 C        0       0       0       0       0  |     644     644     475     502     -432   17        186  |      1780       475        186       131      +126
OCT-26  24000 C        0       0       0       0       0  |     541     541     375     394     -386   17        668  |      1237       375        668       216      +147
OCT-26  24200 C        0       0       0       0       0  |     420     421     290     304     -334   17        489  |      1008       290        489       225       +93
OCT-26  24400 C        0       0       0       0       0  |     330     334     218     230     -281   16        515  |      1080       218        515       472       +90
OCT-26  24600 C        0       0       0       0       0  |     288     288     159     169     -231   16        724  |      1073       159        724       679      +188
OCT-26  24800 C        0       0       0       0       0  |     212     212     116     124     -184   16        693  |       917       116        693       642      +153
OCT-26  25000 C        0       0       0       0       0  |     148     148      83      90     -142   16        740  |      1032        83        740       565       +93
OCT-26  25200 C        0       0       0       0       0  |     108     110      59      66     -107   16        889  |       950        59        889       504       +90
OCT-26  25400 C        0       0       0       0       0  |      98      98      44      47      -81   16        453  |       780        44        453       605      +187
OCT-26  25600 C        0       0       0       0       0  |      68      68      33      35      -59   17        542  |       750        33        542       500      +248
OCT-26  25800 C        0       0       0       0       0  |      42      44      25      26      -43   17        180  |       648        25        180       349        -8
OCT-26  26000 C        0       0       0       0       0  |      33      33      19      20      -31   17        279  |       550        19        279       838       +31
OCT-26  26200 C        0       0       0       0       0  |      24      25      15      15      -23   18        277  |       425        15        277       315       +77
OCT-26  26400 C        0       0       0       0       0  |      21      21      11      11      -18   18         83  |       391        11         83       176       -69
OCT-26  26600 C        0       0       0       0       0  |      14      16      10       9      -13   19         89  |       328        10         89       218       -35
OCT-26  26800 C        0       0       0       0       0  |      12      13       8       7       -9   19         44  |       271         8         44       372       +18
OCT-26  27000 C        0       0       0       0       0  |      11      11       6       5       -8   19         34  |       226         6         34       177        -4
OCT-26  27200 C        0       0       0       0       0  |       8       8       8       4       -6   20          7  |       182         8          7       560        -3
OCT-26  27400 C        0       0       0       0       0  |       7       7       5       3       -5   20          3  |       152         5          3       499         0
OCT-26  27600 C        0       0       0       0       0  |       0       0       0       3       -3   21          0  |       122         8          0       366         0
OCT-26  27800 C        0       0       0       0       0  |       0       0       0       2       -3   21          0  |        98         7          0        63         0
OCT-26  28000 C        0       0       0       0       0  |       5       5       4       2       -2   22          4  |        83         4          4        70        +2
OCT-26  28200 C        0       0       0       0       0  |       4       4       4       1       -2   21          1  |        66         4          1        27        -9
OCT-26  28400 C        0       0       0       0       0  |       4       4       2       1       -1   22          3  |        56         2          3        18        -1
OCT-26  28600 C        0       0       0       0       0  |       2       2       2       1       -1   23          2  |        45         2          2        16        -2
OCT-26  28800 C        0       0       0       0       0  |       3       3       3       1       -1   23          1  |        39         3          1        70        -1
OCT-26  29000 C        0       0       0       0       0  |       0       0       0       1        0   24          0  |        33         9          0        30         0
OCT-26  29200 C        0       0       0       0       0  |       0       0       0       1        0   25          0  |        28         7          0       143         0
OCT-26  29400 C        0       0       0       0       0  |       0       0       0       1        0   26          0  |        23         8          0       128         0
OCT-26  29600 C        0       0       0       0       0  |       1       1       1       1        0   27          3  |        19         1          3        47        -1
OCT-26  29800 C        0       0       0       0       0  |       0       0       0       1        0   27          0  |        14         5          0         4         0
OCT-26  30000 C        0       0       0       0       0  |       0       0       0       1        0   28          0  |         0         0          0         0         0
OCT-26  30200 C        0       0       0       0       0  |       0       0       0       1        0   29          0  |         0         0          0         0         0
OCT-26  30400 C        0       0       0       0       0  |       0       0       0       1        0   30          0  |         0         0          0         0         0
OCT-26  30600 C        0       0       0       0       0  |       0       0       0       1        0   30          0  |         0         0          0         0         0
OCT-26  30800 C        0       0       0       0       0  |       0       0       0       1        0   31          0  |         0         0          0         0         0
OCT-26  31000 C        0       0       0       0       0  |       0       0       0       1        0   32          0  |         0         0          0         0         0
OCT-26  31200 C        0       0       0       0       0  |       0       0       0       1        0   32          0  |         0         0          0         0         0
OCT-26  31400 C        0       0       0       0       0  |       0       0       0       1        0   33          0  |         0         0          0         0         0

                              TOTAL CALL               0  |                               TOTAL CALL            7107  | TOTAL CALL                7107      9228     +1599

CONTRACT STRIKE *OPENING  *DAILY  *DAILY   CLOSE  VOLUME  |*OPENING  *DAILY  *DAILY  O.Q.P.   O.Q.P.  IV%     VOLUME  | *Contract *Contract     Volume      Open Change in
MONTH     PRICE    PRICE    HIGH     LOW   PRICE          |   PRICE    HIGH     LOW   CLOSE   CHANGE                  |      High       Low             Interest        OI
OCT-26  18200 P        0       0       0       0       0  |       4       5       4       1        0   34          6  |        10         3          6       169        +6
OCT-26  18300 P        0       0       0       0       0  |       0       0       0       1        0   33          0  |         0         0          0         0         0
OCT-26  18400 P        0       0       0       0       0  |       0       0       0       1        0   32          0  |         0         0          0         0         0
OCT-26  18500 P        0       0       0       0       0  |       0       0       0       2       +1   34          0  |        11        11          0         1         0
OCT-26  18600 P        0       0       0       0       0  |       0       0       0       2       +1   33          0  |         0         0          0         0         0
OCT-26  18700 P        0       0       0       0       0  |       0       0       0       2       +1   33          0  |         0         0          0         0         0
OCT-26  18800 P        0       0       0       0       0  |       0       0       0       2       +1   32          0  |         0         0          0         0         0
OCT-26  18900 P        0       0       0       0       0  |       0       0       0       2       +1   31          0  |         0         0          0         0         0
OCT-26  19000 P        0       0       0       0       0  |       6       9       6       3       +2   32         11  |        14         3         11       162        +5
OCT-26  19100 P        0       0       0       0       0  |       6       8       6       3       +2   31          2  |        14         6          2         4        +2
OCT-26  19200 P        0       0       0       0       0  |       6      10       6       3       +2   31         29  |        10         5         29        48       +22
OCT-26  19300 P        0       0       0       0       0  |       9       9       9       4       +3   31          2  |         9         9          2         2        +2
OCT-26  19400 P        0       0       0       0       0  |       9       9       9       4       +3   30          1  |         9         9          1         1        +1
OCT-26  19500 P        0       0       0       0       0  |      10      12      10       4       +3   30         24  |        12        10         24        24       +24
OCT-26  19600 P        0       0       0       0       0  |      10      13      10       5       +4   30          8  |        13         6          8        12        +6
OCT-26  19700 P        0       0       0       0       0  |      10      12      10       5       +4   29          4  |        15         7          4        18        +2
OCT-26  19800 P        0       0       0       0       0  |      12      13      12       6       +5   29         14  |        20         7         14        52       +14
OCT-26  19900 P        0       0       0       0       0  |      13      13      13       7       +5   29          1  |        22         7          1         3        +1
OCT-26  20000 P        0       0       0       0       0  |      11      15      11       7       +5   28         22  |        24         7         22        88       +22
OCT-26  20200 P        0       0       0       0       0  |      16      16      16       9       +7   28         15  |        24         8         15       253       +15
OCT-26  20400 P        0       0       0       0       0  |      17      17      14      11       +8   27          8  |        25         9          8       101        +3
OCT-26  20600 P        0       0       0       0       0  |      19      19      19      14      +10   27          1  |        31        11          1        15       -11
OCT-26  20800 P        0       0       0       0       0  |      19      24      19      17      +13   26         72  |        33        12         72       224       +33
OCT-26  21000 P        0       0       0       0       0  |      21      27      20      21      +15   25         38  |        38        11         38        70       +22
OCT-26  21200 P        0       0       0       0       0  |      24      31      24      26      +19   25         34  |        42        12         34        77        +1
OCT-26  21400 P        0       0       0       0       0  |      29      35      27      32      +23   24        108  |        46        15        108       230       +17
OCT-26  21600 P        0       0       0       0       0  |      31      40      30      39      +28   23         53  |        55        17         53       100       +25
OCT-26  21800 P        0       0       0       0       0  |      40      49      35      48      +34   23        160  |        65        21        160       220       +86
OCT-26  22000 P        0       0       0       0       0  |      37      60      37      58      +41   22        178  |        78        22        178       299       +89
OCT-26  22200 P        0       0       0       0       0  |      43      72      43      73      +51   21        126  |        86        26        126       146       -73
OCT-26  22400 P        0       0       0       0       0  |      52      91      52      90      +62   21        193  |       110        30        193       234        +9
OCT-26  22600 P        0       0       0       0       0  |      68     114      68     112      +77   20        233  |       127        37        233       390       +11
OCT-26  22800 P        0       0       0       0       0  |      84     141      84     139      +94   19        331  |       151        44        331       436      +173
OCT-26  23000 P        0       0       0       0       0  |     108     177     108     172     +115   19        609  |       180        57        609       440      +185
OCT-26  23200 P        0       0       0       0       0  |     134     221     134     214     +141   18        415  |       221        71        415       435      +120
OCT-26  23400 P        0       0       0       0       0  |     160     280     160     266     +172   18        304  |       280        91        304       343        +8
OCT-26  23600 P        0       0       0       0       0  |     195     350     195     330     +209   17        408  |       350       100        408       359       -35
OCT-26  23800 P        0       0       0       0       0  |     240     435     240     408     +252   17        706  |       435       123        706       631      +116
OCT-26  24000 P        0       0       0       0       0  |     340     534     340     500     +298   16        461  |       534       145        461       626      +192
OCT-26  24200 P        0       0       0       0       0  |     450     641     440     608     +348   16        176  |       641       179        176       693        -3
OCT-26  24400 P        0       0       0       0       0  |     495     772     495     735     +402   16        178  |       772       205        178       726       -75
OCT-26  24600 P        0       0       0       0       0  |     663     913     550     876     +454   16        172  |       913       243        172       680       -47
OCT-26  24800 P        0       0       0       0       0  |     746    1069     746    1030     +500   15         71  |      1069       293         71       688       +37
OCT-26  25000 P        0       0       0       0       0  |    1150    1252    1146    1209     +554   16         46  |      1252       341         46       717       +14
OCT-26  25200 P        0       0       0       0       0  |    1300    1407    1300    1372     +577   15         25  |      1407       412         25       371       +16
OCT-26  25400 P        0       0       0       0       0  |    1536    1536    1536    1560     +610   16          1  |      1536       472          1       256        +1
OCT-26  25600 P        0       0       0       0       0  |    1712    1754    1712    1741     +624   15          2  |      1754       565          2       127         0
OCT-26  25800 P        0       0       0       0       0  |    1972    1972    1948    1941     +649   16          3  |      1972       660          3        21        +1
OCT-26  26000 P        0       0       0       0       0  |       0       0       0    2133     +659   16          0  |      1678       763          0        16       -15
OCT-26  26200 P        0       0       0       0       0  |       0       0       0    2331     +671   17          0  |      1841       936          0         3         0
OCT-26  26400 P        0       0       0       0       0  |       0       0       0    2527     +676   17          0  |      2116      1510          0         4         0
OCT-26  26600 P        0       0       0       0       0  |       0       0       0    2725     +681   17          0  |      1868      1496          0         0         0
OCT-26  26800 P        0       0       0       0       0  |       0       0       0    2924     +685   18          0  |      2380      1275          0         3         0
OCT-26  27000 P        0       0       0       0       0  |       0       0       0    3111     +676    0          0  |      2620      1443          0         1         0
OCT-26  27200 P        0       0       0       0       0  |       0       0       0    3310     +678    0          0  |         0         0          0         0         0
OCT-26  27400 P        0       0       0       0       0  |       0       0       0    3509     +679    0          0  |      2825      2825          0         1         0
OCT-26  27600 P        0       0       0       0       0  |       0       0       0    3708     +680    0          0  |         0         0          0         0         0
OCT-26  27800 P        0       0       0       0       0  |       0       0       0    3908     +681    0          0  |         0         0          0         0         0
OCT-26  28000 P        0       0       0       0       0  |       0       0       0    4107     +681    0          0  |         0         0          0         0         0
OCT-26  28200 P        0       0       0       0       0  |       0       0       0    4307     +682    0          0  |         0         0          0         0         0
OCT-26  28400 P        0       0       0       0       0  |       0       0       0    4507     +682    0          0  |         0         0          0         0         0
OCT-26  28600 P        0       0       0       0       0  |       0       0       0    4707     +683    0          0  |         0         0          0         0         0
OCT-26  28800 P        0       0       0       0       0  |       0       0       0    4906     +682    0          0  |      3725      3725          0         1         0
OCT-26  29000 P        0       0       0       0       0  |       0       0       0    5106     +683    0          0  |         0         0          0         0         0
OCT-26  29200 P        0       0       0       0       0  |       0       0       0    5306     +683    0          0  |         0         0          0         0         0
OCT-26  29400 P        0       0       0       0       0  |       0       0       0    5506     +683    0          0  |         0         0          0         0         0
OCT-26  29600 P        0       0       0       0       0  |       0       0       0    5706     +683    0          0  |         0         0          0         0         0
OCT-26  29800 P        0       0       0       0       0  |       0       0       0    5906     +683    0          0  |         0         0          0         0         0
OCT-26  30000 P        0       0       0       0       0  |       0       0       0    6106     +683    0          0  |      4899      4899          0         1         0
OCT-26  30200 P        0       0       0       0       0  |       0       0       0    6306     +683    0          0  |         0         0          0         0         0
OCT-26  30400 P        0       0       0       0       0  |       0       0       0    6506     +683    0          0  |         0         0          0         0         0
OCT-26  30600 P        0       0       0       0       0  |       0       0       0    6706     +684    0          0  |         0         0          0         0         0
OCT-26  30800 P        0       0       0       0       0  |       0       0       0    6906     +684    0          0  |         0         0          0         0         0
OCT-26  31000 P        0       0       0       0       0  |       0       0       0    7106     +684    0          0  |         0         0          0         0         0
OCT-26  31200 P        0       0       0       0       0  |       0       0       0    7306     +684    0          0  |         0         0          0         0         0
OCT-26  31400 P        0       0       0       0       0  |       0       0       0    7506     +684    0          0  |         0         0          0         0         0

                              TOTAL PUT                0  |                               TOTAL PUT             5251  | TOTAL PUT                 5251     10522     +1022

                                                                                                                      | MONTH PUT/CALL RATIO      0.73
                                                                                                                      | MONTH TOTAL              12358     19750     +2621

 
CONTRACT STRIKE *OPENING  *DAILY  *DAILY   CLOSE  VOLUME  |*OPENING  *DAILY  *DAILY  O.Q.P.   O.Q.P.  IV%     VOLUME  | *Contract *Contract     Volume      Open Change in
MONTH     PRICE    PRICE    HIGH     LOW   PRICE          |   PRICE    HIGH     LOW   CLOSE   CHANGE                  |      High       Low             Interest        OI
NOV-26  17000 C        0       0       0       0       0  |       0       0       0    6896     -685   40          0  |         0         0          0         0         0
NOV-26  17100 C        0       0       0       0       0  |       0       0       0    6796     -685   39          0  |         0         0          0         0         0
NOV-26  17200 C        0       0       0       0       0  |       0       0       0    6696     -685   38          0  |         0         0          0         0         0
NOV-26  17300 C        0       0       0       0       0  |       0       0       0    6597     -684   38          0  |         0         0          0         0         0
NOV-26  17400 C        0       0       0       0       0  |       0       0       0    6497     -684   37          0  |         0         0          0         0         0
NOV-26  17500 C        0       0       0       0       0  |       0       0       0    6397     -684   37          0  |         0         0          0         0         0
NOV-26  17600 C        0       0       0       0       0  |       0       0       0    6298     -684   37          0  |         0         0          0         0         0
NOV-26  17700 C        0       0       0       0       0  |       0       0       0    6198     -684   36          0  |         0         0          0         0         0
NOV-26  17800 C        0       0       0       0       0  |       0       0       0    6099     -683   36          0  |         0         0          0         0         0
NOV-26  17900 C        0       0       0       0       0  |       0       0       0    5999     -683   35          0  |         0         0          0         0         0
NOV-26  18000 C        0       0       0       0       0  |       0       0       0    5900     -683   35          0  |         0         0          0         0         0
NOV-26  18100 C        0       0       0       0       0  |       0       0       0    5801     -682   34          0  |         0         0          0         0         0
NOV-26  18200 C        0       0       0       0       0  |       0       0       0    5701     -682   34          0  |         0         0          0         0         0
NOV-26  18300 C        0       0       0       0       0  |       0       0       0    5602     -682   33          0  |         0         0          0         0         0
NOV-26  18400 C        0       0       0       0       0  |       0       0       0    5503     -681   33          0  |         0         0          0         0         0
NOV-26  18500 C        0       0       0       0       0  |       0       0       0    5404     -681   33          0  |         0         0          0         0         0
NOV-26  18600 C        0       0       0       0       0  |       0       0       0    5305     -680   32          0  |         0         0          0         0         0
NOV-26  18700 C        0       0       0       0       0  |       0       0       0    5206     -679   32          0  |         0         0          0         0         0
NOV-26  18800 C        0       0       0       0       0  |       0       0       0    5107     -679   31          0  |         0         0          0         0         0
NOV-26  18900 C        0       0       0       0       0  |       0       0       0    5008     -678   31          0  |         0         0          0         0         0
NOV-26  19000 C        0       0       0       0       0  |       0       0       0    4909     -678   31          0  |         0         0          0         0         0
NOV-26  19100 C        0       0       0       0       0  |       0       0       0    4810     -678   30          0  |         0         0          0         0         0
NOV-26  19200 C        0       0       0       0       0  |       0       0       0    4712     -676   30          0  |         0         0          0         0         0
NOV-26  19300 C        0       0       0       0       0  |       0       0       0    4613     -676   29          0  |         0         0          0         0         0
NOV-26  19400 C        0       0       0       0       0  |       0       0       0    4515     -675   29          0  |         0         0          0         0         0
NOV-26  19500 C        0       0       0       0       0  |       0       0       0    4416     -675   29          0  |         0         0          0         0         0
NOV-26  19600 C        0       0       0       0       0  |       0       0       0    4318     -674   28          0  |         0         0          0         0         0
NOV-26  19700 C        0       0       0       0       0  |       0       0       0    4220     -673   28          0  |         0         0          0         0         0
NOV-26  19800 C        0       0       0       0       0  |       0       0       0    4122     -672   28          0  |         0         0          0         0         0
NOV-26  19900 C        0       0       0       0       0  |       0       0       0    4025     -670   27          0  |         0         0          0         0         0
NOV-26  20000 C        0       0       0       0       0  |       0       0       0    3927     -669   27          0  |         0         0          0         0         0
NOV-26  20200 C        0       0       0       0       0  |       0       0       0    3732     -667   26          0  |         0         0          0         0         0
NOV-26  20400 C        0       0       0       0       0  |       0       0       0    3539     -663   26          0  |         0         0          0         0         0
NOV-26  20600 C        0       0       0       0       0  |       0       0       0    3346     -659   25          0  |         0         0          0         0         0
NOV-26  20800 C        0       0       0       0       0  |       0       0       0    3155     -655   24          0  |         0         0          0         0         0
NOV-26  21000 C        0       0       0       0       0  |       0       0       0    2965     -650   24          0  |         0         0          0         0         0
NOV-26  21200 C        0       0       0       0       0  |       0       0       0    2777     -643   23          0  |         0         0          0         0         0
NOV-26  21400 C        0       0       0       0       0  |       0       0       0    2590     -637   23          0  |         0         0          0         0         0
NOV-26  21600 C        0       0       0       0       0  |       0       0       0    2406     -629   22          0  |         0         0          0         0         0
NOV-26  21800 C        0       0       0       0       0  |       0       0       0    2225     -620   21          0  |         0         0          0         0         0
NOV-26  22000 C        0       0       0       0       0  |       0       0       0    2047     -609   21          0  |         0         0          0         0         0
NOV-26  22200 C        0       0       0       0       0  |       0       0       0    1874     -595   21          0  |         0         0          0         0         0
NOV-26  22400 C        0       0       0       0       0  |       0       0       0    1704     -581   20          0  |         0         0          0         0         0
NOV-26  22600 C        0       0       0       0       0  |       0       0       0    1540     -564   20          0  |         0         0          0         0         0
NOV-26  22800 C        0       0       0       0       0  |       0       0       0    1383     -544   19          0  |         0         0          0         0         0
NOV-26  23000 C        0       0       0       0       0  |       0       0       0    1232     -522   19          0  |         0         0          0         0         0
NOV-26  23200 C        0       0       0       0       0  |       0       0       0    1090     -496   18          0  |      1568      1568          0         1         0
NOV-26  23400 C        0       0       0       0       0  |     990     990     970     957     -467   18          3  |       990       970          3         3        +3
NOV-26  23600 C        0       0       0       0       0  |     931     933     843     835     -434   18         27  |      1265       843         27         6        +4
NOV-26  23800 C        0       0       0       0       0  |     807     807     725     720     -402   18         50  |       807       725         50        40       +40
NOV-26  24000 C        0       0       0       0       0  |     755     755     600     616     -368   18         49  |       959       600         49        30       +27
NOV-26  24200 C        0       0       0       0       0  |     625     625     512     522     -334   17         28  |       783       512         28        17       +17
NOV-26  24400 C        0       0       0       0       0  |     485     485     447     441     -298   17         16  |       749       447         16        28        +2
NOV-26  24600 C        0       0       0       0       0  |     430     430     363     368     -264   17         12  |       650       363         12         9        +2
NOV-26  24800 C        0       0       0       0       0  |     320     333     300     306     -231   17         28  |       548       300         28        22       +14
NOV-26  25000 C        0       0       0       0       0  |     324     324     247     253     -200   17         47  |       455       247         47        32       +22
NOV-26  25200 C        0       0       0       0       0  |     244     244     202     209     -171   17         59  |       375       202         59       249       +16
NOV-26  25400 C        0       0       0       0       0  |     205     205     169     175     -141   17         67  |       331       169         67        54       +10
NOV-26  25600 C        0       0       0       0       0  |     178     178     137     140     -123   17         13  |       277       137         13        42         0
NOV-26  25800 C        0       0       0       0       0  |     137     138     111     114     -103   17          8  |       228       111          8        34        +1
NOV-26  26000 C        0       0       0       0       0  |     108     112      92      95      -84   17         47  |       185        92         47        95       +30
NOV-26  26200 C        0       0       0       0       0  |     106     106      78      77      -71   17         66  |       153        78         66        89       +50
NOV-26  26400 C        0       0       0       0       0  |      75      75      61      63      -58   18         46  |       123        61         46        32       +27
NOV-26  26600 C        0       0       0       0       0  |      65      65      50      54      -46   18         49  |       104        50         49        36        +2
NOV-26  26800 C        0       0       0       0       0  |      48      49      45      45      -37   18         12  |        84        45         12        10        -1
NOV-26  27000 C        0       0       0       0       0  |      43      43      36      37      -31   18          8  |        69        36          8        10        +6
NOV-26  27200 C        0       0       0       0       0  |      32      32      32      30      -26   18          1  |        54        32          1         2        +1
NOV-26  27400 C        0       0       0       0       0  |      28      28      28      25      -21   19         13  |        47        28         13        15       +13
NOV-26  27600 C        0       0       0       0       0  |      24      24      24      21      -17   19          7  |        38        24          7        14        +7
NOV-26  27800 C        0       0       0       0       0  |      21      21      21      18      -14   19         10  |        33        21         10        15        +5
NOV-26  28000 C        0       0       0       0       0  |      18      18      18      15      -11   19         15  |        28        18         15        15       +10
NOV-26  28200 C        0       0       0       0       0  |      15      15      15      12      -10   19          2  |        24        15          2         3        +2
NOV-26  28400 C        0       0       0       0       0  |      12      12      12      10       -8   20          3  |        19        12          3         5        +3
NOV-26  28600 C        0       0       0       0       0  |       0       0       0       9       -6   20          0  |        17        16          0         4         0
NOV-26  28800 C        0       0       0       0       0  |      10      10      10       7       -6   20          2  |        14        10          2         2        -2
NOV-26  29000 C        0       0       0       0       0  |       0       0       0       6       -5   20          0  |        12        12          0         5         0
NOV-26  29200 C        0       0       0       0       0  |       0       0       0       5       -4   20          0  |         0         0          0         0         0
NOV-26  29400 C        0       0       0       0       0  |       0       0       0       5       -3   21          0  |         9         9          0         1         0
NOV-26  29600 C        0       0       0       0       0  |       0       0       0       4       -3   21          0  |         0         0          0         0         0
NOV-26  29800 C        0       0       0       0       0  |       0       0       0       3       -3   21          0  |         0         0          0         0         0
NOV-26  30000 C        0       0       0       0       0  |       0       0       0       3       -2   22          0  |         0         0          0         0         0
NOV-26  30200 C        0       0       0       0       0  |       0       0       0       2       -2   21          0  |         0         0          0         0         0
NOV-26  30400 C        0       0       0       0       0  |       0       0       0       2       -1   22          0  |         0         0          0         0         0
NOV-26  30600 C        0       0       0       0       0  |       0       0       0       2       -1   22          0  |         0         0          0         0         0
NOV-26  30800 C        0       0       0       0       0  |       0       0       0       2       -1   23          0  |         0         0          0         0         0
NOV-26  31000 C        0       0       0       0       0  |       0       0       0       1       -1   22          0  |         0         0          0         0         0
NOV-26  31200 C        0       0       0       0       0  |       0       0       0       1       -1   22          0  |         0         0          0         0         0
NOV-26  31400 C        0       0       0       0       0  |       0       0       0       1       -1   23          0  |         0         0          0         0         0

                              TOTAL CALL               0  |                               TOTAL CALL             688  | TOTAL CALL                 688       920      +311

CONTRACT STRIKE *OPENING  *DAILY  *DAILY   CLOSE  VOLUME  |*OPENING  *DAILY  *DAILY  O.Q.P.   O.Q.P.  IV%     VOLUME  | *Contract *Contract     Volume      Open Change in
MONTH     PRICE    PRICE    HIGH     LOW   PRICE          |   PRICE    HIGH     LOW   CLOSE   CHANGE                  |      High       Low             Interest        OI
NOV-26  17000 P        0       0       0       0       0  |       8      10       8       4       +2   33         16  |        10         6         16        17       +16
NOV-26  17100 P        0       0       0       0       0  |       0       0       0       4       +2   32          0  |         0         0          0         0         0
NOV-26  17200 P        0       0       0       0       0  |       0       0       0       5       +3   33          0  |         0         0          0         0         0
NOV-26  17300 P        0       0       0       0       0  |       0       0       0       5       +3   32          0  |         0         0          0         0         0
NOV-26  17400 P        0       0       0       0       0  |       0       0       0       6       +3   32          0  |         0         0          0         0         0
NOV-26  17500 P        0       0       0       0       0  |       0       0       0       6       +3   32          0  |         0         0          0         0         0
NOV-26  17600 P        0       0       0       0       0  |      13      13      13       6       +3   31          1  |        13        13          1         1        +1
NOV-26  17700 P        0       0       0       0       0  |       0       0       0       7       +4   31          0  |         0         0          0         0         0
NOV-26  17800 P        0       0       0       0       0  |       0       0       0       7       +4   31          0  |         0         0          0         0         0
NOV-26  17900 P        0       0       0       0       0  |      13      13      13       8       +4   31          1  |        13        13          1         1        +1
NOV-26  18000 P        0       0       0       0       0  |       0       0       0       9       +5   31          0  |         0         0          0         0         0
NOV-26  18100 P        0       0       0       0       0  |       0       0       0       9       +5   30          0  |         0         0          0         0         0
NOV-26  18200 P        0       0       0       0       0  |       0       0       0      10       +5   30          0  |        11        10          0         2         0
NOV-26  18300 P        0       0       0       0       0  |      18      18      18      11       +6   30         15  |        18        12         15        15       +14
NOV-26  18400 P        0       0       0       0       0  |       0       0       0      11       +6   29          0  |         0         0          0         0         0
NOV-26  18500 P        0       0       0       0       0  |       0       0       0      12       +6   29          0  |        13        13          0         1         0
NOV-26  18600 P        0       0       0       0       0  |       0       0       0      13       +7   29          0  |         0         0          0         0         0
NOV-26  18700 P        0       0       0       0       0  |       0       0       0      14       +7   29          0  |         0         0          0         0         0
NOV-26  18800 P        0       0       0       0       0  |       0       0       0      15       +8   28          0  |         0         0          0         0         0
NOV-26  18900 P        0       0       0       0       0  |       0       0       0      16       +8   28          0  |         0         0          0         0         0
NOV-26  19000 P        0       0       0       0       0  |       0       0       0      17       +9   28          0  |         0         0          0         0         0
NOV-26  19100 P        0       0       0       0       0  |       0       0       0      19      +10   28          0  |         0         0          0         0         0
NOV-26  19200 P        0       0       0       0       0  |       0       0       0      20      +10   27          0  |         0         0          0         0         0
NOV-26  19300 P        0       0       0       0       0  |       0       0       0      22      +12   27          0  |         0         0          0         0         0
NOV-26  19400 P        0       0       0       0       0  |       0       0       0      23      +12   27          0  |         0         0          0         0         0
NOV-26  19500 P        0       0       0       0       0  |      31      32      30      25      +13   27          5  |        32        30          5         5        +5
NOV-26  19600 P        0       0       0       0       0  |      31      33      31      27      +14   26          5  |        33        31          5         5        +5
NOV-26  19700 P        0       0       0       0       0  |      35      35      35      29      +15   26          1  |        35        35          1         1        +1
NOV-26  19800 P        0       0       0       0       0  |       0       0       0      31      +16   26          0  |        26        23          0         5         0
NOV-26  19900 P        0       0       0       0       0  |       0       0       0      34      +18   26          0  |         0         0          0         0         0
NOV-26  20000 P        0       0       0       0       0  |      37      40      37      36      +19   25          3  |        40        26          3         4        +2
NOV-26  20200 P        0       0       0       0       0  |      40      40      40      41      +21   25          5  |        40        32          5        13         0
NOV-26  20400 P        0       0       0       0       0  |      48      48      48      47      +24   24          2  |        48        29          2        24        +2
NOV-26  20600 P        0       0       0       0       0  |      54      55      54      56      +29   24         23  |        55        32         23        25        +1
NOV-26  20800 P        0       0       0       0       0  |      58      63      57      64      +33   23         45  |        63        33         45        42       +41
NOV-26  21000 P        0       0       0       0       0  |      64      74      64      72      +36   23         27  |        74        41         27        30       +21
NOV-26  21200 P        0       0       0       0       0  |      74      84      74      84      +42   22         42  |        84        53         42       136       +37
NOV-26  21400 P        0       0       0       0       0  |      76      99      76      98      +50   22         52  |        99        54         52        96       -14
NOV-26  21600 P        0       0       0       0       0  |      90     115      90     112      +55   21         53  |       115        63         53        47       +18
NOV-26  21800 P        0       0       0       0       0  |     104     135     104     131      +65   21         15  |       135        68         15        46         0
NOV-26  22000 P        0       0       0       0       0  |     122     157     122     155      +78   20         27  |       157        79         27        31       +21
NOV-26  22200 P        0       0       0       0       0  |     132     182     132     180      +89   20         25  |       182        93         25        28       +19
NOV-26  22400 P        0       0       0       0       0  |     156     217     156     211     +105   19         98  |       217       105         98        59       +45
NOV-26  22600 P        0       0       0       0       0  |     160     255     160     247     +122   19         83  |       255       124         83       100       +42
NOV-26  22800 P        0       0       0       0       0  |     220     291     220     291     +143   19         28  |       291       146         28        46       -47
NOV-26  23000 P        0       0       0       0       0  |     264     344     264     341     +166   18         93  |       344       174         93        69       -38
NOV-26  23200 P        0       0       0       0       0  |     311     405     311     399     +192   18         76  |       405       216         76        64        +5
NOV-26  23400 P        0       0       0       0       0  |     436     464     412     466     +221   18         72  |       464       245         72        43       -11
NOV-26  23600 P        0       0       0       0       0  |     461     545     461     541     +251   18         17  |       545       312         17        10        +7
NOV-26  23800 P        0       0       0       0       0  |     535     627     535     626     +283   17         22  |       627       342         22        26       +16
NOV-26  24000 P        0       0       0       0       0  |     600     728     600     725     +320   17         11  |       728       404         11        22         0
NOV-26  24200 P        0       0       0       0       0  |     647     835     647     832     +355   17         62  |       835       510         62        54       +18
NOV-26  24400 P        0       0       0       0       0  |     770     941     770     949     +389   17         16  |       941       574         16        69       +15
NOV-26  24600 P        0       0       0       0       0  |       0       0       0    1078     +425   17          0  |       760       669          0        59         0
NOV-26  24800 P        0       0       0       0       0  |    1060    1214    1060    1216     +458   17          3  |      1214       751          3        10        +1
NOV-26  25000 P        0       0       0       0       0  |       0       0       0    1363     +489   17          0  |       901       866          0         3         0
NOV-26  25200 P        0       0       0       0       0  |       0       0       0    1519     +518   17          0  |      1033       998          0        15         0
NOV-26  25400 P        0       0       0       0       0  |       0       0       0    1682     +544   17          0  |         0         0          0         0         0
NOV-26  25600 P        0       0       0       0       0  |       0       0       0    1851     +567   17          0  |         0         0          0         0         0
NOV-26  25800 P        0       0       0       0       0  |       0       0       0    2025     +586   17          0  |         0         0          0         0         0
NOV-26  26000 P        0       0       0       0       0  |       0       0       0    2205     +604   17          0  |         0         0          0         0         0
NOV-26  26200 P        0       0       0       0       0  |       0       0       0    2387     +618   17          0  |         0         0          0         0         0
NOV-26  26400 P        0       0       0       0       0  |       0       0       0    2573     +630   17          0  |         0         0          0         0         0
NOV-26  26600 P        0       0       0       0       0  |       0       0       0    2762     +641   17          0  |         0         0          0         0         0
NOV-26  26800 P        0       0       0       0       0  |       0       0       0    2953     +650   17          0  |         0         0          0         0         0
NOV-26  27000 P        0       0       0       0       0  |       0       0       0    3145     +656   17          0  |         0         0          0         0         0
NOV-26  27200 P        0       0       0       0       0  |       0       0       0    3339     +662   17          0  |         0         0          0         0         0
NOV-26  27400 P        0       0       0       0       0  |       0       0       0    3534     +667   17          0  |         0         0          0         0         0
NOV-26  27600 P        0       0       0       0       0  |       0       0       0    3730     +671   17          0  |         0         0          0         0         0
NOV-26  27800 P        0       0       0       0       0  |       0       0       0    3926     +673   16          0  |         0         0          0         0         0
NOV-26  28000 P        0       0       0       0       0  |       0       0       0    4123     +675   15          0  |         0         0          0         0         0
NOV-26  28200 P        0       0       0       0       0  |       0       0       0    4321     +678    0          0  |         0         0          0         0         0
NOV-26  28400 P        0       0       0       0       0  |       0       0       0    4519     +679    0          0  |         0         0          0         0         0
NOV-26  28600 P        0       0       0       0       0  |       0       0       0    4717     +680    0          0  |         0         0          0         0         0
NOV-26  28800 P        0       0       0       0       0  |       0       0       0    4916     +682    0          0  |         0         0          0         0         0
NOV-26  29000 P        0       0       0       0       0  |       0       0       0    5115     +683    0          0  |         0         0          0         0         0
NOV-26  29200 P        0       0       0       0       0  |       0       0       0    5314     +684    0          0  |         0         0          0         0         0
NOV-26  29400 P        0       0       0       0       0  |       0       0       0    5513     +684    0          0  |         0         0          0         0         0
NOV-26  29600 P        0       0       0       0       0  |       0       0       0    5713     +685    0          0  |         0         0          0         0         0
NOV-26  29800 P        0       0       0       0       0  |       0       0       0    5912     +685    0          0  |         0         0          0         0         0
NOV-26  30000 P        0       0       0       0       0  |       0       0       0    6111     +685    0          0  |         0         0          0         0         0
NOV-26  30200 P        0       0       0       0       0  |       0       0       0    6311     +686    0          0  |         0         0          0         0         0
NOV-26  30400 P        0       0       0       0       0  |       0       0       0    6511     +686    0          0  |         0         0          0         0         0
NOV-26  30600 P        0       0       0       0       0  |       0       0       0    6710     +686    0          0  |         0         0          0         0         0
NOV-26  30800 P        0       0       0       0       0  |       0       0       0    6910     +686    0          0  |         0         0          0         0         0
NOV-26  31000 P        0       0       0       0       0  |       0       0       0    7110     +687    0          0  |         0         0          0         0         0
NOV-26  31200 P        0       0       0       0       0  |       0       0       0    7310     +687    0          0  |         0         0          0         0         0
NOV-26  31400 P        0       0       0       0       0  |       0       0       0    7510     +687    0          0  |         0         0          0         0         0

                              TOTAL PUT                0  |                               TOTAL PUT              944  | TOTAL PUT                  944      1224      +244

                                                                                                                      | MONTH PUT/CALL RATIO      1.37
                                                                                                                      | MONTH TOTAL               1632      2144      +555

 
CONTRACT STRIKE *OPENING  *DAILY  *DAILY   CLOSE  VOLUME  |*OPENING  *DAILY  *DAILY  O.Q.P.   O.Q.P.  IV%     VOLUME  | *Contract *Contract     Volume      Open Change in
MONTH     PRICE    PRICE    HIGH     LOW   PRICE          |   PRICE    HIGH     LOW   CLOSE   CHANGE                  |      High       Low             Interest        OI
DEC-26  10000 C        0       0       0       0       0  |       0       0       0   13922     -681   77          0  |         0         0          0         0         0
DEC-26  10100 C        0       0       0       0       0  |       0       0       0   13822     -681   76          0  |         0         0          0         0         0
DEC-26  10200 C        0       0       0       0       0  |       0       0       0   13722     -681   75          0  |         0         0          0         0         0
DEC-26  10300 C        0       0       0       0       0  |       0       0       0   13622     -681   74          0  |         0         0          0         0         0
DEC-26  10400 C        0       0       0       0       0  |       0       0       0   13522     -681   73          0  |         0         0          0         0         0
DEC-26  10500 C        0       0       0       0       0  |       0       0       0   13422     -681   73          0  |         0         0          0         0         0
DEC-26  10600 C        0       0       0       0       0  |       0       0       0   13322     -681   72          0  |         0         0          0         0         0
DEC-26  10700 C        0       0       0       0       0  |       0       0       0   13222     -681   71          0  |         0         0          0         0         0
DEC-26  10800 C        0       0       0       0       0  |       0       0       0   13122     -681   70          0  |         0         0          0         0         0
DEC-26  10900 C        0       0       0       0       0  |       0       0       0   13022     -681   70          0  |         0         0          0         0         0
DEC-26  11000 C        0       0       0       0       0  |       0       0       0   12922     -681   69          0  |         0         0          0         0         0
DEC-26  11100 C        0       0       0       0       0  |       0       0       0   12822     -681   68          0  |         0         0          0         0         0
DEC-26  11200 C        0       0       0       0       0  |       0       0       0   12722     -681   67          0  |         0         0          0         0         0
DEC-26  11300 C        0       0       0       0       0  |       0       0       0   12622     -681   67          0  |         0         0          0         0         0
DEC-26  11400 C        0       0       0       0       0  |       0       0       0   12522     -681   66          0  |         0         0          0         0         0
DEC-26  11500 C        0       0       0       0       0  |       0       0       0   12422     -682   65          0  |         0         0          0         0         0
DEC-26  11600 C        0       0       0       0       0  |       0       0       0   12322     -682   64          0  |         0         0          0         0         0
DEC-26  11800 C        0       0       0       0       0  |       0       0       0   12122     -682   63          0  |         0         0          0         0         0
DEC-26  12000 C        0       0       0       0       0  |       0       0       0   11922     -682   62          0  |         0         0          0         0         0
DEC-26  12200 C        0       0       0       0       0  |       0       0       0   11722     -682   60          0  |         0         0          0         0         0
DEC-26  12400 C        0       0       0       0       0  |       0       0       0   11522     -682   59          0  |         0         0          0         0         0
DEC-26  12600 C        0       0       0       0       0  |       0       0       0   11322     -682   58          0  |         0         0          0         0         0
DEC-26  12800 C        0       0       0       0       0  |       0       0       0   11122     -682   56          0  |         0         0          0         0         0
DEC-26  13000 C        0       0       0       0       0  |       0       0       0   10923     -681   55          0  |         0         0          0         0         0
DEC-26  13200 C        0       0       0       0       0  |       0       0       0   10723     -681   54          0  |         0         0          0         0         0
DEC-26  13400 C        0       0       0       0       0  |       0       0       0   10523     -681   53          0  |         0         0          0         0         0
DEC-26  13600 C        0       0       0       0       0  |       0       0       0   10323     -682   52          0  |         0         0          0         0         0
DEC-26  13800 C        0       0       0       0       0  |       0       0       0   10123     -682   50          0  |         0         0          0         0         0
DEC-26  14000 C        0       0       0       0       0  |       0       0       0    9924     -681   49          0  |         0         0          0         0         0
DEC-26  14200 C        0       0       0       0       0  |       0       0       0    9724     -681   48          0  |         0         0          0         0         0
DEC-26  14400 C        0       0       0       0       0  |       0       0       0    9524     -681   47          0  |         0         0          0         0         0
DEC-26  14600 C        0       0       0       0       0  |       0       0       0    9325     -681   46          0  |         0         0          0         0         0
DEC-26  14800 C        0       0       0       0       0  |       0       0       0    9125     -681   45          0  |         0         0          0         0         0
DEC-26  15000 C        0       0       0       0       0  |       0       0       0    8925     -681   44          0  |         0         0          0         0         0
DEC-26  15200 C        0       0       0       0       0  |       0       0       0    8726     -681   43          0  |         0         0          0         0         0
DEC-26  15400 C        0       0       0       0       0  |       0       0       0    8527     -680   42          0  |         0         0          0         0         0
DEC-26  15600 C        0       0       0       0       0  |       0       0       0    8327     -681   41          0  |         0         0          0         0         0
DEC-26  15800 C        0       0       0       0       0  |       0       0       0    8128     -680   40          0  |         0         0          0         0         0
DEC-26  16000 C        0       0       0       0       0  |       0       0       0    7929     -680   39          0  |      9524      6888          0         0         0
DEC-26  16200 C        0       0       0       0       0  |       0       0       0    7730     -680   38          0  |         0         0          0         0         0
DEC-26  16400 C        0       0       0       0       0  |       0       0       0    7531     -679   38          0  |         0         0          0         0         0
DEC-26  16600 C        0       0       0       0       0  |       0       0       0    7332     -679   37          0  |         0         0          0         0         0
DEC-26  16800 C        0       0       0       0       0  |       0       0       0    7133     -679   36          0  |         0         0          0         0         0
DEC-26  17000 C        0       0       0       0       0  |       0       0       0    6935     -678   35          0  |      7720      5716          0         0         0
DEC-26  17200 C        0       0       0       0       0  |       0       0       0    6736     -678   34          0  |         0         0          0         0         0
DEC-26  17400 C        0       0       0       0       0  |       0       0       0    6538     -677   33          0  |         0         0          0         0         0
DEC-26  17600 C        0       0       0       0       0  |       0       0       0    6340     -677   33          0  |         0         0          0         0         0
DEC-26  17800 C        0       0       0       0       0  |       0       0       0    6143     -675   32          0  |         0         0          0         0         0
DEC-26  18000 C        0       0       0       0       0  |       0       0       0    5945     -675   31          0  |      7871      6360          0         1         0
DEC-26  18100 C        0       0       0       0       0  |       0       0       0    5847     -674   31          0  |         0         0          0         0         0
DEC-26  18200 C        0       0       0       0       0  |       0       0       0    5748     -674   31          0  |         0         0          0         0         0
DEC-26  18300 C        0       0       0       0       0  |       0       0       0    5650     -673   30          0  |         0         0          0         0         0
DEC-26  18400 C        0       0       0       0       0  |       0       0       0    5552     -672   30          0  |         0         0          0         0         0
DEC-26  18500 C        0       0       0       0       0  |       0       0       0    5453     -672   30          0  |         0         0          0         0         0
DEC-26  18600 C        0       0       0       0       0  |       0       0       0    5355     -671   29          0  |         0         0          0         0         0
DEC-26  18700 C        0       0       0       0       0  |       0       0       0    5257     -671   29          0  |         0         0          0         0         0
DEC-26  18800 C        0       0       0       0       0  |       0       0       0    5159     -670   29          0  |         0         0          0         0         0
DEC-26  18900 C        0       0       0       0       0  |       0       0       0    5062     -668   28          0  |         0         0          0         0         0
DEC-26  19000 C        0       0       0       0       0  |       0       0       0    4964     -668   28          0  |      7060      5116          0         0         0
DEC-26  19100 C        0       0       0       0       0  |       0       0       0    4867     -667   28          0  |         0         0          0         0         0
DEC-26  19200 C        0       0       0       0       0  |       0       0       0    4769     -666   27          0  |         0         0          0         0         0
DEC-26  19300 C        0       0       0       0       0  |       0       0       0    4672     -665   27          0  |         0         0          0         0         0
DEC-26  19400 C        0       0       0       0       0  |       0       0       0    4575     -664   27          0  |         0         0          0         0         0
DEC-26  19500 C        0       0       0       0       0  |       0       0       0    4479     -662   26          0  |      6158      5948          0         0         0
DEC-26  19600 C        0       0       0       0       0  |       0       0       0    4382     -661   26          0  |         0         0          0         0         0
DEC-26  19700 C        0       0       0       0       0  |       0       0       0    4286     -659   26          0  |         0         0          0         0         0
DEC-26  19800 C        0       0       0       0       0  |       0       0       0    4190     -657   26          0  |      6755      6620          0         0         0
DEC-26  19900 C        0       0       0       0       0  |       0       0       0    4094     -656   25          0  |         0         0          0         0         0
DEC-26  20000 C        0       0       0       0       0  |       0       0       0    3998     -655   25          0  |      6424      3056          0         4         0
DEC-26  20200 C        0       0       0       0       0  |       0       0       0    3808     -650   25          0  |      6590      6065          0         0         0
DEC-26  20400 C        0       0       0       0       0  |       0       0       0    3619     -646   24          0  |         0         0          0         0         0
DEC-26  20600 C        0       0       0       0       0  |       0       0       0    3431     -641   23          0  |         0         0          0         0         0
DEC-26  20800 C        0       0       0       0       0  |       0       0       0    3246     -635   23          0  |      5800      5550          0         0         0
DEC-26  21000 C        0       0       0       0       0  |       0       0       0    3062     -628   23          0  |      5680      2438          0         4         0
DEC-26  21200 C        0       0       0       0       0  |       0       0       0    2880     -621   22          0  |         0         0          0         0         0
DEC-26  21400 C        0       0       0       0       0  |       0       0       0    2701     -612   22          0  |         0         0          0         0         0
DEC-26  21600 C        0       0       0       0       0  |       0       0       0    2525     -602   21          0  |         0         0          0         0         0
DEC-26  21800 C        0       0       0       0       0  |       0       0       0    2352     -592   21          0  |         0         0          0         0         0
DEC-26  22000 C        0       0       0       0       0  |       0       0       0    2183     -579   20          0  |      3625      1665          0         6         0
DEC-26  22200 C        0       0       0       0       0  |       0       0       0    2018     -565   20          0  |      4000      1582          0        13         0
DEC-26  22400 C        0       0       0       0       0  |       0       0       0    1858     -550   20          0  |      2356      1469          0        14         0
DEC-26  22600 C        0       0       0       0       0  |       0       0       0    1704     -532   19          0  |      1614      1414          0        10         0
DEC-26  22800 C        0       0       0       0       0  |       0       0       0    1546     -522   19          0  |      3440      1375          0         4         0
DEC-26  23000 C        0       0       0       0       0  |       0       0       0    1405     -500   19          0  |      3680      1159          0       492         0
DEC-26  23200 C        0       0       0       0       0  |       0       0       0    1269     -478   18          0  |      3089      1074          0        36         0
DEC-26  23400 C        0       0       0       0       0  |       0       0       0    1148     -448   18          0  |      2933      1070          0         7         0
DEC-26  23600 C        0       0       0       0       0  |       0       0       0    1009     -441   18          0  |      1680       965          0        51         0
DEC-26  23800 C        0       0       0       0       0  |       0       0       0     919     -393   18          0  |      2278       854          0        53         0
DEC-26  24000 C        0       0       0       0       0  |     850     850     807     810     -371   18         12  |      2578       800         12       110        +3
DEC-26  24200 C        0       0       0       0       0  |       0       0       0     716     -343   18          0  |      1706       850          0        88         0
DEC-26  24400 C        0       0       0       0       0  |     639     639     639     630     -314   18          1  |      2152       639          1       188         0
DEC-26  24600 C        0       0       0       0       0  |     539     575     539     552     -286   17          8  |      1716       539          8       223        +1
DEC-26  24800 C        0       0       0       0       0  |     535     535     478     481     -260   17          6  |      2170       478          6       196        -1
DEC-26  25000 C        0       0       0       0       0  |     440     444     410     419     -234   17         21  |      2568       410         21       289        -2
DEC-26  25200 C        0       0       0       0       0  |     470     470     354     367     -206   17         12  |      1605       354         12       261        -1
DEC-26  25400 C        0       0       0       0       0  |     440     440     308     315     -186   17         10  |      1855       308         10       140        -1
DEC-26  25600 C        0       0       0       0       0  |     267     284     267     272     -164   17          9  |      1816       267          9       169        +2
DEC-26  25800 C        0       0       0       0       0  |     266     266     225     235     -144   17         14  |      1616       225         14       253         0
DEC-26  26000 C        0       0       0       0       0  |     229     235     182     203     -126   17         31  |      1800       182         31       338        -2
DEC-26  26200 C        0       0       0       0       0  |     173     182     171     175     -109   18          7  |      1890       171          7       309        +1
DEC-26  26400 C        0       0       0       0       0  |     155     155     148     149      -97   18         10  |      1798       148         10       339        +7
DEC-26  26600 C        0       0       0       0       0  |     130     130     130     128      -84   18          1  |      1563       130          1       292        +1
DEC-26  26800 C        0       0       0       0       0  |     128     128     107     110      -73   18          7  |      1140       107          7       383        +1
DEC-26  27000 C        0       0       0       0       0  |     102     109      92      93      -64   18          7  |      1498        92          7       232        +1
DEC-26  27200 C        0       0       0       0       0  |      85      85      78      81      -55   18          7  |      1181        78          7       363        -1
DEC-26  27400 C        0       0       0       0       0  |      74      74      67      69      -48   18          4  |      1167        67          4       390        -2
DEC-26  27600 C        0       0       0       0       0  |      60      60      59      60      -40   18          4  |      1238        59          4       422        -1
DEC-26  27800 C        0       0       0       0       0  |       0       0       0      52      -34   18          0  |       995        86          0       321         0
DEC-26  28000 C        0       0       0       0       0  |      70      70      45      45      -29   18          6  |      1139        45          6       270        -3
DEC-26  28200 C        0       0       0       0       0  |      42      42      39      39      -25   19         10  |       956        39         10       321        -4
DEC-26  28400 C        0       0       0       0       0  |      36      36      34      34      -21   19          3  |       913        34          3       111        +1
DEC-26  28600 C        0       0       0       0       0  |      34      34      34      29      -19   19          2  |       840        34          2        33       -15
DEC-26  28800 C        0       0       0       0       0  |       0       0       0      25      -16   19          0  |       800        45          0       102         0
DEC-26  29000 C        0       0       0       0       0  |      27      27      24      22      -14   19          3  |       888        24          3       100        -1
DEC-26  29200 C        0       0       0       0       0  |       0       0       0      19      -12   19          0  |       714        32          0        29         0
DEC-26  29400 C        0       0       0       0       0  |       0       0       0      17      -10   19          0  |       459        35          0       144         0
DEC-26  29600 C        0       0       0       0       0  |       0       0       0      15       -8   20          0  |       700        24          0       260         0
DEC-26  29800 C        0       0       0       0       0  |      12      12      12      13       -7   20          1  |       640        12          1        23        -1
DEC-26  30000 C        0       0       0       0       0  |      14      14      14      11       -7   20          2  |       645        14          2        37         0
DEC-26  30200 C        0       0       0       0       0  |       0       0       0      10       -5   20          0  |       569        15          0        74         0
DEC-26  30400 C        0       0       0       0       0  |       0       0       0       9       -4   20          0  |       465        15          0        42         0
DEC-26  30600 C        0       0       0       0       0  |       0       0       0       8       -4   20          0  |       350        45          0        16         0
DEC-26  30800 C        0       0       0       0       0  |       0       0       0       7       -3   21          0  |       470        27          0         7         0
DEC-26  31000 C        0       0       0       0       0  |       6       6       6       6       -3   21          1  |       505         6          1        25        -1
DEC-26  31200 C        0       0       0       0       0  |       0       0       0       5       -3   21          0  |       383        23          0         4         0
DEC-26  31400 C        0       0       0       0       0  |       0       0       0       5       -2   21          0  |       400        45          0        10         0
DEC-26  31600 C        0       0       0       0       0  |       0       0       0       4       -2   21          0  |       384        14          0         8         0
DEC-26  31800 C        0       0       0       0       0  |       0       0       0       4       -1   22          0  |       368        12          0         8         0
DEC-26  32000 C        0       0       0       0       0  |       0       0       0       3       -2   21          0  |       379        11          0        26         0
DEC-26  32200 C        0       0       0       0       0  |       0       0       0       3       -1   22          0  |       154         6          0        15         0
DEC-26  32400 C        0       0       0       0       0  |       0       0       0       3       -1   22          0  |         0         0          0         0         0
DEC-26  32600 C        0       0       0       0       0  |       0       0       0       2       -1   22          0  |       189        31          0         2         0
DEC-26  32800 C        0       0       0       0       0  |       0       0       0       2       -1   22          0  |         0         0          0         0         0
DEC-26  33000 C        0       0       0       0       0  |       0       0       0       2       -1   22          0  |       233        15          0        10         0
DEC-26  33200 C        0       0       0       0       0  |       0       0       0       2        0   23          0  |       228        26          0         2         0
DEC-26  33400 C        0       0       0       0       0  |       0       0       0       1       -1   22          0  |       259        24          0        50         0
DEC-26  33600 C        0       0       0       0       0  |       0       0       0       1       -1   22          0  |       123        11          0        15         0
DEC-26  33800 C        0       0       0       0       0  |       0       0       0       1       -1   22          0  |       128        24          0        56         0
DEC-26  34000 C        0       0       0       0       0  |       0       0       0       1        0   23          0  |       162         2          0       148         0
DEC-26  34400 C        0       0       0       0       0  |       0       0       0       1        0   24          0  |       112        15          0        60         0
DEC-26  34800 C        0       0       0       0       0  |       0       0       0       1        0   24          0  |       120        12          0        44         0
DEC-26  35200 C        0       0       0       0       0  |       0       0       0       1        0   25          0  |       107        12          0        76         0
DEC-26  35600 C        0       0       0       0       0  |       0       0       0       1        0   26          0  |        12        12          0         2         0
DEC-26  36000 C        0       0       0       0       0  |       0       0       0       1        0   26          0  |       111         1          0       108         0
DEC-26  36400 C        0       0       0       0       0  |       0       0       0       1        0   27          0  |        14        13          0         6         0
DEC-26  36800 C        0       0       0       0       0  |       0       0       0       1        0   27          0  |        16        11          0         9         0
DEC-26  37200 C        0       0       0       0       0  |       0       0       0       1        0   28          0  |        17        12          0        14         0
DEC-26  37600 C        0       0       0       0       0  |       0       0       0       1        0   29          0  |        17        14          0         2         0
DEC-26  38000 C        0       0       0       0       0  |       0       0       0       1        0   29          0  |        50        13          0        62         0
DEC-26  38400 C        0       0       0       0       0  |       0       0       0       1        0   30          0  |        17        11          0         9         0
DEC-26  38800 C        0       0       0       0       0  |       0       0       0       1        0   31          0  |        25        12          0         4         0
DEC-26  39200 C        0       0       0       0       0  |       0       0       0       1        0   31          0  |        27        18          0         5         0
DEC-26  39600 C        0       0       0       0       0  |       0       0       0       1        0   32          0  |        25        18          0         6         0
DEC-26  40000 C        0       0       0       0       0  |       0       0       0       1        0   32          0  |        33        10          0        28         0

                              TOTAL CALL               0  |                               TOTAL CALL             199  | TOTAL CALL                 199      8384       -18

CONTRACT STRIKE *OPENING  *DAILY  *DAILY   CLOSE  VOLUME  |*OPENING  *DAILY  *DAILY  O.Q.P.   O.Q.P.  IV%     VOLUME  | *Contract *Contract     Volume      Open Change in
MONTH     PRICE    PRICE    HIGH     LOW   PRICE          |   PRICE    HIGH     LOW   CLOSE   CHANGE                  |      High       Low             Interest        OI
DEC-26  10000 P        0       0       0       0       0  |       0       0       0       1        0   56          0  |        12         3          0       184         0
DEC-26  10100 P        0       0       0       0       0  |       0       0       0       1        0   55          0  |         0         0          0         0         0
DEC-26  10200 P        0       0       0       0       0  |       0       0       0       1        0   55          0  |         0         0          0         0         0
DEC-26  10300 P        0       0       0       0       0  |       0       0       0       1        0   54          0  |         0         0          0         0         0
DEC-26  10400 P        0       0       0       0       0  |       0       0       0       1        0   53          0  |         0         0          0         0         0
DEC-26  10500 P        0       0       0       0       0  |       0       0       0       1        0   53          0  |        13        11          0         4         0
DEC-26  10600 P        0       0       0       0       0  |       0       0       0       1        0   52          0  |         8         8          0         4         0
DEC-26  10700 P        0       0       0       0       0  |       0       0       0       1        0   52          0  |         0         0          0         0         0
DEC-26  10800 P        0       0       0       0       0  |       0       0       0       1        0   51          0  |         0         0          0         0         0
DEC-26  10900 P        0       0       0       0       0  |       0       0       0       1        0   50          0  |         0         0          0         0         0
DEC-26  11000 P        0       0       0       0       0  |       0       0       0       1        0   50          0  |        13         4          0       107         0
DEC-26  11100 P        0       0       0       0       0  |       0       0       0       1        0   49          0  |         0         0          0         0         0
DEC-26  11200 P        0       0       0       0       0  |       0       0       0       1        0   49          0  |         0         0          0         0         0
DEC-26  11300 P        0       0       0       0       0  |       0       0       0       1        0   48          0  |         0         0          0         0         0
DEC-26  11400 P        0       0       0       0       0  |       0       0       0       1        0   48          0  |         0         0          0         0         0
DEC-26  11500 P        0       0       0       0       0  |       0       0       0       1        0   47          0  |        15        13          0         5         0
DEC-26  11600 P        0       0       0       0       0  |       0       0       0       1        0   47          0  |         0         0          0         0         0
DEC-26  11800 P        0       0       0       0       0  |       0       0       0       1        0   46          0  |        22        14          0         7         0
DEC-26  12000 P        0       0       0       0       0  |       0       0       0       1        0   45          0  |        23         8          0       104         0
DEC-26  12200 P        0       0       0       0       0  |       0       0       0       1        0   43          0  |        21        13          0        15         0
DEC-26  12400 P        0       0       0       0       0  |       0       0       0       1        0   42          0  |        22        13          0        14         0
DEC-26  12600 P        0       0       0       0       0  |       0       0       0       1        0   41          0  |        25        13          0        10         0
DEC-26  12800 P        0       0       0       0       0  |       0       0       0       1        0   41          0  |        20        13          0         4         0
DEC-26  13000 P        0       0       0       0       0  |       0       0       0       1        0   40          0  |        26        13          0        57         0
DEC-26  13200 P        0       0       0       0       0  |       0       0       0       1        0   39          0  |        16        16          0         2         0
DEC-26  13400 P        0       0       0       0       0  |       0       0       0       1        0   38          0  |        15        13          0         7         0
DEC-26  13600 P        0       0       0       0       0  |       0       0       0       2       +1   39          0  |        17        17          0         2         0
DEC-26  13800 P        0       0       0       0       0  |       0       0       0       2        0   38          0  |        43        15          0         4         0
DEC-26  14000 P        0       0       0       0       0  |       0       0       0       2        0   37          0  |        64        10          0        12         0
DEC-26  14200 P        0       0       0       0       0  |       0       0       0       2        0   36          0  |        55        55          0         5         0
DEC-26  14400 P        0       0       0       0       0  |       0       0       0       3       +1   37          0  |        53        11          0         6         0
DEC-26  14600 P        0       0       0       0       0  |       0       0       0       3        0   36          0  |        31        29          0         2         0
DEC-26  14800 P        0       0       0       0       0  |       0       0       0       3        0   35          0  |        66        12          0         4         0
DEC-26  15000 P        0       0       0       0       0  |       9       9       9       4       +1   35          1  |        86         9          1        93         0
DEC-26  15200 P        0       0       0       0       0  |       0       0       0       4        0   34          0  |        61         8          0         0         0
DEC-26  15400 P        0       0       0       0       0  |       0       0       0       5       +1   34          0  |         0         0          0         0         0
DEC-26  15600 P        0       0       0       0       0  |       0       0       0       6       +2   34          0  |       100        13          0        91         0
DEC-26  15800 P        0       0       0       0       0  |       0       0       0       6       +1   33          0  |        66        12          0         6         0
DEC-26  16000 P        0       0       0       0       0  |       0       0       0       7       +1   32          0  |        64         7          0       275         0
DEC-26  16200 P        0       0       0       0       0  |       0       0       0       8       +2   32          0  |       106        13          0       223         0
DEC-26  16400 P        0       0       0       0       0  |       0       0       0       9       +2   32          0  |       109        12          0        15         0
DEC-26  16600 P        0       0       0       0       0  |       0       0       0      10       +2   31          0  |       112        31          0         4         0
DEC-26  16800 P        0       0       0       0       0  |       0       0       0      12       +3   31          0  |       114        12          0        14         0
DEC-26  17000 P        0       0       0       0       0  |       0       0       0      13       +3   30          0  |       132        13          0        63         0
DEC-26  17200 P        0       0       0       0       0  |       0       0       0      15       +4   30          0  |       140        13          0       103         0
DEC-26  17400 P        0       0       0       0       0  |       0       0       0      17       +5   29          0  |       155        71          0        52         0
DEC-26  17600 P        0       0       0       0       0  |       0       0       0      19       +5   29          0  |       167        27          0        52         0
DEC-26  17800 P        0       0       0       0       0  |       0       0       0      21       +6   28          0  |       112        23          0         5         0
DEC-26  18000 P        0       0       0       0       0  |      29      30      29      24       +7   28          2  |       184        24          2        61        +2
DEC-26  18100 P        0       0       0       0       0  |       0       0       0      25       +7   28          0  |         0         0          0         0         0
DEC-26  18200 P        0       0       0       0       0  |      32      32      32      27       +8   28          1  |       189        28          1         1        -1
DEC-26  18300 P        0       0       0       0       0  |       0       0       0      28       +8   27          0  |       108       108          0         1         0
DEC-26  18400 P        0       0       0       0       0  |       0       0       0      30       +9   27          0  |       119        40          0         8         0
DEC-26  18500 P        0       0       0       0       0  |       0       0       0      32      +10   27          0  |        55        36          0         3         0
DEC-26  18600 P        0       0       0       0       0  |       0       0       0      34      +11   27          0  |       327        44          0         1         0
DEC-26  18700 P        0       0       0       0       0  |       0       0       0      36      +12   26          0  |       125        44          0        63         0
DEC-26  18800 P        0       0       0       0       0  |       0       0       0      38      +12   26          0  |       200        45          0         2         0
DEC-26  18900 P        0       0       0       0       0  |       0       0       0      40      +13   26          0  |        57        47          0         1         0
DEC-26  19000 P        0       0       0       0       0  |       0       0       0      43      +14   26          0  |       375        62          0        14         0
DEC-26  19100 P        0       0       0       0       0  |       0       0       0      45      +15   26          0  |        46        41          0         0         0
DEC-26  19200 P        0       0       0       0       0  |       0       0       0      48      +16   25          0  |       328        95          0         0         0
DEC-26  19300 P        0       0       0       0       0  |       0       0       0      51      +17   25          0  |       413        60          0         3         0
DEC-26  19400 P        0       0       0       0       0  |       0       0       0      54      +18   25          0  |       380       223          0         2         0
DEC-26  19500 P        0       0       0       0       0  |       0       0       0      57      +19   25          0  |       346        41          0        64         0
DEC-26  19600 P        0       0       0       0       0  |       0       0       0      62      +22   25          0  |       476        43          0       118         0
DEC-26  19700 P        0       0       0       0       0  |       0       0       0      65      +23   24          0  |       491        61          0        25         0
DEC-26  19800 P        0       0       0       0       0  |       0       0       0      68      +24   24          0  |       510        47          0        25         0
DEC-26  19900 P        0       0       0       0       0  |      72      72      72      71      +24   24          1  |       468        57          1        34        -1
DEC-26  20000 P        0       0       0       0       0  |      70      75      70      76      +27   24          7  |       482        54          7       120        +2
DEC-26  20200 P        0       0       0       0       0  |      85      85      85      84      +29   23          1  |       473        60          1        68         0
DEC-26  20400 P        0       0       0       0       0  |      96      96      96      96      +34   23          1  |       510        68          1        56         0
DEC-26  20600 P        0       0       0       0       0  |     100     111     100     110      +41   22          2  |       599        86          2        68        +1
DEC-26  20800 P        0       0       0       0       0  |       0       0       0     121      +44   22          0  |       700        82          0        53         0
DEC-26  21000 P        0       0       0       0       0  |     130     140     130     139      +52   21          7  |       806        87          7        23        -2
DEC-26  21200 P        0       0       0       0       0  |     156     158     156     155      +57   21          2  |       808       100          2       112        +2
DEC-26  21400 P        0       0       0       0       0  |     162     179     162     179      +69   21          8  |       833       120          8        82        +1
DEC-26  21600 P        0       0       0       0       0  |     184     205     184     203      +79   20         27  |       993       120         27        27        -8
DEC-26  21800 P        0       0       0       0       0  |     220     220     220     230      +90   20          1  |      1068       125          1       180         0
DEC-26  22000 P        0       0       0       0       0  |     220     276     220     262     +103   20         69  |      1149       130         69       263        +5
DEC-26  22200 P        0       0       0       0       0  |     281     300     271     297     +117   19         49  |      1248       141         49       320       +14
DEC-26  22400 P        0       0       0       0       0  |     323     329     323     337     +132   19          4  |      1330       168          4       403        +1
DEC-26  22600 P        0       0       0       0       0  |     310     388     310     382     +149   19          7  |      1422       191          7       329        +2
DEC-26  22800 P        0       0       0       0       0  |     416     440     416     433     +168   19          5  |      1536       208          5       247        -2
DEC-26  23000 P        0       0       0       0       0  |     400     500     400     505     +203   19         21  |      1531       238         21      1850        +3
DEC-26  23200 P        0       0       0       0       0  |     541     541     538     555     +211   18          3  |      1340       260          3        32        +1
DEC-26  23400 P        0       0       0       0       0  |     529     599     529     627     +235   18          4  |      1566       333          4       136       -18
DEC-26  23600 P        0       0       0       0       0  |     650     662     650     709     +262   18          2  |      1802       349          2        83        +1
DEC-26  23800 P        0       0       0       0       0  |     760     787     760     798     +289   18          2  |      1900       353          2        66         0
DEC-26  24000 P        0       0       0       0       0  |     840     912     840     893     +315   17         15  |      1665       395         15       105        -2
DEC-26  24200 P        0       0       0       0       0  |     984     984     981     997     +342   17          3  |      2088       439          3        70        -7
DEC-26  24400 P        0       0       0       0       0  |    1050    1060    1050    1118     +377   17          2  |      2222       600          2        96         0
DEC-26  24600 P        0       0       0       0       0  |    1268    1268    1268    1209     +374   16          1  |      2541       540          1        27        -1
DEC-26  24800 P        0       0       0       0       0  |       0       0       0    1368     +430   17          0  |      1740       611          0        76         0
DEC-26  25000 P        0       0       0       0       0  |       0       0       0    1498     +448   17          0  |      2968       685          0        88         0
DEC-26  25200 P        0       0       0       0       0  |       0       0       0    1643     +474   17          0  |      1925       780          0        59         0
DEC-26  25400 P        0       0       0       0       0  |    1750    1750    1750    1793     +496   17          1  |      2895       905          1       326         0
DEC-26  25600 P        0       0       0       0       0  |       0       0       0    1950     +517   17          0  |      3117       912          0       136         0
DEC-26  25800 P        0       0       0       0       0  |       0       0       0    2113     +537   17          0  |      3200      1055          0        85         0
DEC-26  26000 P        0       0       0       0       0  |       0       0       0    2280     +554   17          0  |      3316      1121          0       137         0
DEC-26  26200 P        0       0       0       0       0  |       0       0       0    2452     +571   17          0  |      3580      1360          0       113         0
DEC-26  26400 P        0       0       0       0       0  |       0       0       0    2637     +594   17          0  |      3600      1468          0        73         0
DEC-26  26600 P        0       0       0       0       0  |       0       0       0    2818     +609   17          0  |      2817      1865          0        43         0
DEC-26  26800 P        0       0       0       0       0  |       0       0       0    2989     +609   17          0  |      1996      1965          0        35         0
DEC-26  27000 P        0       0       0       0       0  |       0       0       0    3173     +619   17          0  |      3515      1900          0         2         0
DEC-26  27200 P        0       0       0       0       0  |       0       0       0    3360     +628   17          0  |         0         0          0         0         0
DEC-26  27400 P        0       0       0       0       0  |       0       0       0    3548     +635   17          0  |         0         0          0         0         0
DEC-26  27600 P        0       0       0       0       0  |       0       0       0    3739     +642   17          0  |      4702      4321          0         0         0
DEC-26  27800 P        0       0       0       0       0  |       0       0       0    3930     +647   16          0  |         0         0          0         0         0
DEC-26  28000 P        0       0       0       0       0  |       0       0       0    4123     +652   16          0  |      4000      3227          0         1         0
DEC-26  28200 P        0       0       0       0       0  |       0       0       0    4317     +656   16          0  |         0         0          0         0         0
DEC-26  28400 P        0       0       0       0       0  |       0       0       0    4512     +660   16          0  |      4277      2985          0         2         0
DEC-26  28600 P        0       0       0       0       0  |       0       0       0    4708     +663   15          0  |         0         0          0         0         0
DEC-26  28800 P        0       0       0       0       0  |       0       0       0    4904     +666   15          0  |      3942      3790          0         0         0
DEC-26  29000 P        0       0       0       0       0  |       0       0       0    5100     +667    0          0  |      4075      3658          0         2         0
DEC-26  29200 P        0       0       0       0       0  |       0       0       0    5298     +670    0          0  |         0         0          0         0         0
DEC-26  29400 P        0       0       0       0       0  |       0       0       0    5495     +671    0          0  |      4206      4086          0         1         0
DEC-26  29600 P        0       0       0       0       0  |       0       0       0    5693     +673    0          0  |         0         0          0         0         0
DEC-26  29800 P        0       0       0       0       0  |       0       0       0    5891     +674    0          0  |         0         0          0         0         0
DEC-26  30000 P        0       0       0       0       0  |       0       0       0    6090     +676    0          0  |      7100      4320          0         1         0
DEC-26  30200 P        0       0       0       0       0  |       0       0       0    6288     +676    0          0  |         0         0          0         0         0
DEC-26  30400 P        0       0       0       0       0  |       0       0       0    6487     +677    0          0  |         0         0          0         0         0
DEC-26  30600 P        0       0       0       0       0  |       0       0       0    6686     +678    0          0  |         0         0          0         0         0
DEC-26  30800 P        0       0       0       0       0  |       0       0       0    6885     +678    0          0  |      6970      6486          0         0         0
DEC-26  31000 P        0       0       0       0       0  |    7052    7112    7052    7084     +678    0          3  |      8536      5180          3         1        -2
DEC-26  31200 P        0       0       0       0       0  |       0       0       0    7284     +679    0          0  |         0         0          0         0         0
DEC-26  31400 P        0       0       0       0       0  |       0       0       0    7483     +679    0          0  |         0         0          0         0         0
DEC-26  31600 P        0       0       0       0       0  |       0       0       0    7682     +679    0          0  |         0         0          0         0         0
DEC-26  31800 P        0       0       0       0       0  |       0       0       0    7882     +680    0          0  |         0         0          0         0         0
DEC-26  32000 P        0       0       0       0       0  |       0       0       0    8082     +681    0          0  |      8700      6392          0         6         0
DEC-26  32200 P        0       0       0       0       0  |       0       0       0    8281     +680    0          0  |         0         0          0         0         0
DEC-26  32400 P        0       0       0       0       0  |       0       0       0    8481     +681    0          0  |         0         0          0         0         0
DEC-26  32600 P        0       0       0       0       0  |       0       0       0    8681     +681    0          0  |         0         0          0         0         0
DEC-26  32800 P        0       0       0       0       0  |       0       0       0    8880     +680    0          0  |         0         0          0         0         0
DEC-26  33000 P        0       0       0       0       0  |       0       0       0    9080     +681    0          7  |      7833      7603          7        25        +7
DEC-26  33200 P        0       0       0       0       0  |       0       0       0    9280     +681    0          0  |         0         0          0         0         0
DEC-26  33400 P        0       0       0       0       0  |       0       0       0    9480     +681    0          0  |         0         0          0         0         0
DEC-26  33600 P        0       0       0       0       0  |       0       0       0    9680     +681    0          0  |         0         0          0         0         0
DEC-26  33800 P        0       0       0       0       0  |       0       0       0    9880     +682    0          0  |         0         0          0         0         0
DEC-26  34000 P        0       0       0       0       0  |       0       0       0   10079     +681    0          0  |      8260      8260          0         2         0
DEC-26  34400 P        0       0       0       0       0  |       0       0       0   10479     +681    0          0  |      8630      8630          0         1         0
DEC-26  34800 P        0       0       0       0       0  |       0       0       0   10879     +681    0          0  |         0         0          0         0         0
DEC-26  35200 P        0       0       0       0       0  |       0       0       0   11279     +681    0          0  |         0         0          0         0         0
DEC-26  35600 P        0       0       0       0       0  |       0       0       0   11679     +682    0          0  |         0         0          0         0         0
DEC-26  36000 P        0       0       0       0       0  |       0       0       0   12079     +682    0          0  |         0         0          0         0         0
DEC-26  36400 P        0       0       0       0       0  |       0       0       0   12479     +682    0          0  |         0         0          0         0         0
DEC-26  36800 P        0       0       0       0       0  |       0       0       0   12879     +682    0          0  |         0         0          0         0         0
DEC-26  37200 P        0       0       0       0       0  |       0       0       0   13279     +682    0          0  |         0         0          0         0         0
DEC-26  37600 P        0       0       0       0       0  |       0       0       0   13679     +682    0          0  |         0         0          0         0         0
DEC-26  38000 P        0       0       0       0       0  |       0       0       0   14079     +682    0          0  |         0         0          0         0         0
DEC-26  38400 P        0       0       0       0       0  |       0       0       0   14479     +682    0          0  |         0         0          0         0         0
DEC-26  38800 P        0       0       0       0       0  |       0       0       0   14878     +681    0          0  |         0         0          0         0         0
DEC-26  39200 P        0       0       0       0       0  |       0       0       0   15278     +681    0          0  |         0         0          0         0         0
DEC-26  39600 P        0       0       0       0       0  |       0       0       0   15678     +681    0          0  |         0         0          0         0         0
DEC-26  40000 P        0       0       0       0       0  |       0       0       0   16078     +681    0          7  |         0         0          7        25        +7

                              TOTAL PUT                0  |                               TOTAL PUT              266  | TOTAL PUT                  266      8037        +5

                                                                                                                      | MONTH PUT/CALL RATIO      1.33
                                                                                                                      | MONTH TOTAL                465     16421       -13

 
CONTRACT STRIKE *OPENING  *DAILY  *DAILY   CLOSE  VOLUME  |*OPENING  *DAILY  *DAILY  O.Q.P.   O.Q.P.  IV%     VOLUME  | *Contract *Contract     Volume      Open Change in
MONTH     PRICE    PRICE    HIGH     LOW   PRICE          |   PRICE    HIGH     LOW   CLOSE   CHANGE                  |      High       Low             Interest        OI
MAR-27  15200 C        0       0       0       0       0  |       0       0       0    8884     -671   34          0  |         0         0          0         0         0
MAR-27  17800 C        0       0       0       0       0  |       0       0       0    6339     -656   27          0  |         0         0          0         0         0
MAR-27  18000 C        0       0       0       0       0  |       0       0       0    6146     -655   27          0  |      7530      7278          0         0         0
MAR-27  18100 C        0       0       0       0       0  |       0       0       0    6050     -654   26          0  |         0         0          0         0         0
MAR-27  18200 C        0       0       0       0       0  |       0       0       0    5955     -652   26          0  |         0         0          0         0         0
MAR-27  18300 C        0       0       0       0       0  |       0       0       0    5859     -651   26          0  |         0         0          0         0         0
MAR-27  18400 C        0       0       0       0       0  |       0       0       0    5764     -649   26          0  |         0         0          0         0         0
MAR-27  18500 C        0       0       0       0       0  |       0       0       0    5668     -649   26          0  |         0         0          0         0         0
MAR-27  18600 C        0       0       0       0       0  |       0       0       0    5573     -648   25          0  |         0         0          0         0         0
MAR-27  18700 C        0       0       0       0       0  |       0       0       0    5479     -645   25          0  |         0         0          0         0         0
MAR-27  18800 C        0       0       0       0       0  |       0       0       0    5384     -644   25          0  |         0         0          0         0         0
MAR-27  18900 C        0       0       0       0       0  |       0       0       0    5290     -643   25          0  |         0         0          0         0         0
MAR-27  19000 C        0       0       0       0       0  |       0       0       0    5196     -641   25          0  |         0         0          0         0         0
MAR-27  19100 C        0       0       0       0       0  |       0       0       0    5102     -639   25          0  |         0         0          0         0         0
MAR-27  19200 C        0       0       0       0       0  |       0       0       0    5009     -637   24          0  |         0         0          0         0         0
MAR-27  19300 C        0       0       0       0       0  |       0       0       0    4916     -635   24          0  |         0         0          0         0         0
MAR-27  19400 C        0       0       0       0       0  |       0       0       0    4823     -633   24          0  |         0         0          0         0         0
MAR-27  19500 C        0       0       0       0       0  |       0       0       0    4730     -632   24          0  |         0         0          0         0         0
MAR-27  19600 C        0       0       0       0       0  |       0       0       0    4638     -630   24          0  |         0         0          0         0         0
MAR-27  19700 C        0       0       0       0       0  |       0       0       0    4547     -627   24          0  |         0         0          0         0         0
MAR-27  19800 C        0       0       0       0       0  |       0       0       0    4455     -625   23          0  |         0         0          0         0         0
MAR-27  19900 C        0       0       0       0       0  |       0       0       0    4364     -623   23          0  |         0         0          0         0         0
MAR-27  20000 C        0       0       0       0       0  |       0       0       0    4274     -619   23          0  |      6381      5418          0         9         0
MAR-27  20200 C        0       0       0       0       0  |       0       0       0    4094     -614   23          0  |      5700      4716          0         1         0
MAR-27  20400 C        0       0       0       0       0  |       0       0       0    3916     -608   22          0  |         0         0          0         0         0
MAR-27  20600 C        0       0       0       0       0  |       0       0       0    3741     -601   22          0  |         0         0          0         0         0
MAR-27  20800 C        0       0       0       0       0  |       0       0       0    3568     -593   22          0  |      4522      4342          0         1         0
MAR-27  21000 C        0       0       0       0       0  |       0       0       0    3397     -586   21          0  |      5317      4250          0         9         0
MAR-27  21200 C        0       0       0       0       0  |       0       0       0    3229     -577   21          0  |         0         0          0         0         0
MAR-27  21400 C        0       0       0       0       0  |       0       0       0    3064     -568   21          0  |         0         0          0         0         0
MAR-27  21600 C        0       0       0       0       0  |       0       0       0    2902     -558   21          0  |         0         0          0         0         0
MAR-27  21800 C        0       0       0       0       0  |       0       0       0    2744     -547   20          0  |         0         0          0         0         0
MAR-27  22000 C        0       0       0       0       0  |       0       0       0    2589     -535   20          0  |         0         0          0         0         0
MAR-27  22200 C        0       0       0       0       0  |       0       0       0    2439     -522   20          0  |         0         0          0         0         0
MAR-27  22400 C        0       0       0       0       0  |       0       0       0    2293     -509   20          0  |         0         0          0         0         0
MAR-27  22600 C        0       0       0       0       0  |       0       0       0    2151     -494   20          0  |         0         0          0         0         0
MAR-27  22800 C        0       0       0       0       0  |       0       0       0    1999     -494   19          0  |         0         0          0         0         0
MAR-27  23000 C        0       0       0       0       0  |    1886    1886    1886    1863     -483   19          1  |      1886      1886          1         1        +1
MAR-27  23200 C        0       0       0       0       0  |       0       0       0    1737     -465   19          0  |      2750      2750          0         1         0
MAR-27  23400 C        0       0       0       0       0  |       0       0       0    1616     -448   19          0  |      2945      2945          0         1         0
MAR-27  23600 C        0       0       0       0       0  |    1505    1505    1505    1501     -429   19          1  |      2850      1505          1         1         0
MAR-27  23800 C        0       0       0       0       0  |       0       0       0    1406     -395   19          0  |         0         0          0         0         0
MAR-27  24000 C        0       0       0       0       0  |    1300    1300    1291    1302     -376   19          5  |      1628      1291          5        15        +1
MAR-27  24200 C        0       0       0       0       0  |       0       0       0    1201     -359   19          0  |      1510      1508          0        14         0
MAR-27  24400 C        0       0       0       0       0  |       0       0       0    1104     -344   18          0  |      1965      1380          0        23         0
MAR-27  24600 C        0       0       0       0       0  |    1078    1078    1078    1015     -326   18          1  |      1632      1078          1         4        +1
MAR-27  24800 C        0       0       0       0       0  |     948     948     948     934     -306   18          1  |      1548       948          1        11        +1
MAR-27  25000 C        0       0       0       0       0  |       0       0       0     858     -287   18          0  |      1842      1215          0        18         0
MAR-27  25200 C        0       0       0       0       0  |       0       0       0     785     -271   18          0  |      1424      1022          0        53         0
MAR-27  25400 C        0       0       0       0       0  |     720     720     720     719     -253   18          2  |      1600       720          2        15         0
MAR-27  25600 C        0       0       0       0       0  |     681     681     660     660     -233   18          8  |      1675       660          8        21        -4
MAR-27  25800 C        0       0       0       0       0  |     600     600     600     602     -218   18          1  |      1829       600          1        21        +1
MAR-27  26000 C        0       0       0       0       0  |     552     552     543     553     -199   18          5  |      1724       543          5        26        +3
MAR-27  26200 C        0       0       0       0       0  |     508     511     502     500     -188   18          6  |      1526       502          6        16        +4
MAR-27  26400 C        0       0       0       0       0  |       0       0       0     456     -174   18          0  |      1450       574          0        20         0
MAR-27  26600 C        0       0       0       0       0  |     410     410     410     417     -159   18          8  |       799       410          8        37        -3
MAR-27  26800 C        0       0       0       0       0  |     373     378     370     379     -147   18          6  |      1209       370          6        31        +1
MAR-27  27000 C        0       0       0       0       0  |     343     350     343     345     -135   18          7  |      1180       343          7        33        -3
MAR-27  27200 C        0       0       0       0       0  |     313     313     313     313     -125   18          2  |       823       313          2        22        +1
MAR-27  27400 C        0       0       0       0       0  |     277     277     277     284     -115   18          1  |       852       277          1         7         0
MAR-27  27600 C        0       0       0       0       0  |     259     259     259     260     -104   18          1  |       677       259          1        11         0
MAR-27  27800 C        0       0       0       0       0  |     238     238     235     238      -94   18          4  |       815       235          4        93        -1
MAR-27  28000 C        0       0       0       0       0  |     218     220     218     214      -88   18          3  |       808       218          3        16        -7
MAR-27  28200 C        0       0       0       0       0  |       0       0       0     194      -81   19          0  |       846       288          0        32         0
MAR-27  28400 C        0       0       0       0       0  |       0       0       0     177      -74   19          0  |       839       290          0        15         0
MAR-27  28600 C        0       0       0       0       0  |       0       0       0     161      -67   19          0  |       746       268          0        59         0
MAR-27  28800 C        0       0       0       0       0  |     144     144     144     146      -62   19          1  |       748       144          1        41        -1
MAR-27  29000 C        0       0       0       0       0  |       0       0       0     132      -57   19          0  |       694       180          0        29         0
MAR-27  29200 C        0       0       0       0       0  |       0       0       0     120      -52   19          0  |       649       365          0         8         0
MAR-27  29400 C        0       0       0       0       0  |       0       0       0     110      -47   19          0  |       501       244          0        11         0
MAR-27  29600 C        0       0       0       0       0  |       0       0       0     100      -43   19          0  |       346       145          0         6         0
MAR-27  29800 C        0       0       0       0       0  |       0       0       0      91      -39   19          0  |       427       348          0         3         0
MAR-27  30000 C        0       0       0       0       0  |      85      85      85      83      -36   19          1  |       530        85          1        22         0
MAR-27  30200 C        0       0       0       0       0  |       0       0       0      76      -32   19          0  |       416       120          0         3         0
MAR-27  30400 C        0       0       0       0       0  |       0       0       0      69      -30   19          0  |       375       105          0         4         0
MAR-27  30600 C        0       0       0       0       0  |       0       0       0      63      -27   19          0  |       280       180          0         6         0
MAR-27  30800 C        0       0       0       0       0  |       0       0       0      58      -24   19          0  |       303       119          0         5         0
MAR-27  31000 C        0       0       0       0       0  |       0       0       0      53      -22   20          0  |       363        71          0        27         0
MAR-27  31200 C        0       0       0       0       0  |       0       0       0      48      -21   20          0  |       193        60          0        11         0
MAR-27  31400 C        0       0       0       0       0  |       0       0       0      44      -19   20          0  |         0         0          0         0         0
MAR-27  31600 C        0       0       0       0       0  |       0       0       0      41      -16   20          0  |       160        82          0         5         0
MAR-27  31800 C        0       0       0       0       0  |       0       0       0      37      -16   20          0  |       279        87          0         7         0
MAR-27  32000 C        0       0       0       0       0  |      31      32      30      34      -14   20          4  |       270        30          4        99        +2

                              TOTAL CALL               0  |                               TOTAL CALL              69  | TOTAL CALL                  69       924        -3

CONTRACT STRIKE *OPENING  *DAILY  *DAILY   CLOSE  VOLUME  |*OPENING  *DAILY  *DAILY  O.Q.P.   O.Q.P.  IV%     VOLUME  | *Contract *Contract     Volume      Open Change in
MONTH     PRICE    PRICE    HIGH     LOW   PRICE          |   PRICE    HIGH     LOW   CLOSE   CHANGE                  |      High       Low             Interest        OI
MAR-27  15200 P        0       0       0       0       0  |       0       0       0      24       +7   30          0  |        52        18          0        64         0
MAR-27  17800 P        0       0       0       0       0  |       0       0       0      79      +22   26          0  |       116        62          0       113         0
MAR-27  18000 P        0       0       0       0       0  |      88      88      88      86      +24   25          1  |       123        80          1        17        +1
MAR-27  18100 P        0       0       0       0       0  |       0       0       0      90      +25   25          0  |       108        62          0        15         0
MAR-27  18200 P        0       0       0       0       0  |      91      91      91      94      +26   25          1  |       124        83          1         5        +1
MAR-27  18300 P        0       0       0       0       0  |       0       0       0      99      +27   25          0  |       107        86          0         8         0
MAR-27  18400 P        0       0       0       0       0  |       0       0       0     103      +28   25          0  |       114        69          0         8         0
MAR-27  18500 P        0       0       0       0       0  |       0       0       0     108      +30   24          0  |       148        92          0         9         0
MAR-27  18600 P        0       0       0       0       0  |       0       0       0     113      +31   24          0  |       148       104          0         4         0
MAR-27  18700 P        0       0       0       0       0  |     100     100     100     118      +32   24          1  |       117       100          1         2        +1
MAR-27  18800 P        0       0       0       0       0  |       0       0       0     124      +34   24          0  |       140        97          0         7         0
MAR-27  18900 P        0       0       0       0       0  |       0       0       0     130      +36   24          0  |       123       115          0         3         0
MAR-27  19000 P        0       0       0       0       0  |     127     130     125     135      +37   24          6  |       171       100          6        36        +6
MAR-27  19100 P        0       0       0       0       0  |       0       0       0     141      +38   23          0  |       150       105          0        16         0
MAR-27  19200 P        0       0       0       0       0  |     146     146     146     147      +39   23          1  |       146       116          1         3        +1
MAR-27  19300 P        0       0       0       0       0  |       0       0       0     154      +41   23          0  |       145       140          0         3         0
MAR-27  19400 P        0       0       0       0       0  |       0       0       0     162      +44   23          0  |       134       134          0         1         0
MAR-27  19500 P        0       0       0       0       0  |       0       0       0     169      +46   23          0  |       201       128          0         3         0
MAR-27  19600 P        0       0       0       0       0  |       0       0       0     176      +47   23          0  |       160       132          0         3         0
MAR-27  19700 P        0       0       0       0       0  |       0       0       0     186      +51   23          0  |       216       149          0         1         0
MAR-27  19800 P        0       0       0       0       0  |     196     196     196     194      +53   22          1  |       196       153          1        14        +1
MAR-27  19900 P        0       0       0       0       0  |     180     198     180     203      +55   22          7  |       207       177          7         9        +7
MAR-27  20000 P        0       0       0       0       0  |     200     212     200     214      +59   22          3  |       243       156          3        21        +2
MAR-27  20200 P        0       0       0       0       0  |     232     232     232     234      +64   22          3  |       239       222          3         6        +3
MAR-27  20400 P        0       0       0       0       0  |       0       0       0     255      +69   22          0  |       232       186          0         7         0
MAR-27  20600 P        0       0       0       0       0  |       0       0       0     285      +82   22          0  |       277       260          0         2         0
MAR-27  20800 P        0       0       0       0       0  |     302     302     302     307      +84   21          1  |       302       220          1        17        +1
MAR-27  21000 P        0       0       0       0       0  |     341     341     341     335      +91   21          1  |       341       226          1        29        +1
MAR-27  21200 P        0       0       0       0       0  |     363     363     363     371     +103   21         42  |       363       244         42        58       +36
MAR-27  21400 P        0       0       0       0       0  |     388     388     388     407     +114   20          1  |       388       290          1         4        +1
MAR-27  21600 P        0       0       0       0       0  |       0       0       0     446     +125   20          0  |       370       306          0         9         0
MAR-27  21800 P        0       0       0       0       0  |     469     469     469     486     +134   20          1  |       469       328          1        39        +1
MAR-27  22000 P        0       0       0       0       0  |     525     525     525     531     +145   20          1  |       525       355          1        35        -1
MAR-27  22200 P        0       0       0       0       0  |     575     575     556     580     +157   20          5  |       575       335          5        36        +1
MAR-27  22400 P        0       0       0       0       0  |       0       0       0     633     +170   19          0  |       522       413          0        54         0
MAR-27  22600 P        0       0       0       0       0  |     666     690     666     690     +183   19          8  |       690       464          8        32        -7
MAR-27  22800 P        0       0       0       0       0  |     733     733     733     751     +196   19          7  |       733       430          7        50        -7
MAR-27  23000 P        0       0       0       0       0  |     782     782     782     820     +213   19          7  |       782       463          7        26        -7
MAR-27  23200 P        0       0       0       0       0  |     836     873     836     892     +228   19         15  |       873       550         15        25       +15
MAR-27  23400 P        0       0       0       0       0  |       0       0       0     973     +248   19          0  |       763       650          0        11         0
MAR-27  23600 P        0       0       0       0       0  |    1021    1059    1021    1058     +267   19         18  |      1059       606         18        73       +18
MAR-27  23800 P        0       0       0       0       0  |       0       0       0    1146     +283   18          0  |      1018       635          0        22         0
MAR-27  24000 P        0       0       0       0       0  |    1195    1195    1195    1242     +303   18          1  |      1195       686          1        36        -1
MAR-27  24200 P        0       0       0       0       0  |       0       0       0    1342     +320   18          0  |      1157       842          0        19         0
MAR-27  24400 P        0       0       0       0       0  |       0       0       0    1448     +339   18          0  |      1261       801          0        32         0
MAR-27  24600 P        0       0       0       0       0  |    1520    1520    1520    1561     +358   18          1  |      1520       986          1        51         0
MAR-27  24800 P        0       0       0       0       0  |       0       0       0    1686     +384   18          0  |      1419      1035          0        31         0
MAR-27  25000 P        0       0       0       0       0  |    1783    1783    1770    1799     +392   18          2  |      1783      1120          2        24         0
MAR-27  25200 P        0       0       0       0       0  |       0       0       0    1927     +410   18          0  |      1426      1303          0        28         0
MAR-27  25400 P        0       0       0       0       0  |       0       0       0    2061     +428   18          0  |      1680      1322          0        13         0
MAR-27  25600 P        0       0       0       0       0  |       0       0       0    2199     +445   18          0  |         0         0          0         0         0
MAR-27  25800 P        0       0       0       0       0  |       0       0       0    2341     +460   18          0  |      1556      1500          0         2         0
MAR-27  26000 P        0       0       0       0       0  |       0       0       0    2489     +476   18          0  |      1890      1565          0        13         0
MAR-27  26200 P        0       0       0       0       0  |       0       0       0    2640     +490   18          0  |         0         0          0         0         0
MAR-27  26400 P        0       0       0       0       0  |       0       0       0    2795     +504   18          0  |         0         0          0         0         0
MAR-27  26600 P        0       0       0       0       0  |       0       0       0    2955     +518   18          0  |      2145      1930          0         1         0
MAR-27  26800 P        0       0       0       0       0  |       0       0       0    3117     +530   18          0  |         0         0          0         0         0
MAR-27  27000 P        0       0       0       0       0  |       0       0       0    3283     +541   18          0  |      2236      2236          0         1         0
MAR-27  27200 P        0       0       0       0       0  |       0       0       0    3452     +553   18          0  |         0         0          0         0         0
MAR-27  27400 P        0       0       0       0       0  |       0       0       0    3623     +562   18          0  |         0         0          0         0         0
MAR-27  27600 P        0       0       0       0       0  |       0       0       0    3798     +573   18          0  |         0         0          0         0         0
MAR-27  27800 P        0       0       0       0       0  |       0       0       0    3974     +581   18          0  |         0         0          0         0         0
MAR-27  28000 P        0       0       0       0       0  |       0       0       0    4153     +589   18          0  |         0         0          0         0         0
MAR-27  28200 P        0       0       0       0       0  |       0       0       0    4333     +596   18          0  |         0         0          0         0         0
MAR-27  28400 P        0       0       0       0       0  |       0       0       0    4516     +604   18          0  |         0         0          0         0         0
MAR-27  28600 P        0       0       0       0       0  |       0       0       0    4700     +610   18          0  |         0         0          0         0         0
MAR-27  28800 P        0       0       0       0       0  |       0       0       0    4885     +616   18          0  |         0         0          0         0         0
MAR-27  29000 P        0       0       0       0       0  |       0       0       0    5072     +621   18          0  |      3930      3860          0         0         0
MAR-27  29200 P        0       0       0       0       0  |       0       0       0    5260     +626   18          0  |         0         0          0         0         0
MAR-27  29400 P        0       0       0       0       0  |       0       0       0    5450     +631   18          0  |         0         0          0         0         0
MAR-27  29600 P        0       0       0       0       0  |       0       0       0    5640     +635   18          0  |         0         0          0         0         0
MAR-27  29800 P        0       0       0       0       0  |    5800    5820    5750    5831     +639   18          3  |      5820      4425          3        16        +3
MAR-27  30000 P        0       0       0       0       0  |       0       0       0    6023     +643   18          0  |         0         0          0         0         0
MAR-27  30200 P        0       0       0       0       0  |       0       0       0    6216     +646   18          0  |         0         0          0         0         0
MAR-27  30400 P        0       0       0       0       0  |       0       0       0    6409     +649   18          0  |         0         0          0         0         0
MAR-27  30600 P        0       0       0       0       0  |       0       0       0    6603     +651   18          0  |         0         0          0         0         0
MAR-27  30800 P        0       0       0       0       0  |       0       0       0    6798     +654   18          0  |         0         0          0         0         0
MAR-27  31000 P        0       0       0       0       0  |       0       0       0    6993     +656   18          0  |      5632      5300          0         0         0
MAR-27  31200 P        0       0       0       0       0  |       0       0       0    7188     +658   17          0  |         0         0          0         0         0
MAR-27  31400 P        0       0       0       0       0  |       0       0       0    7384     +660   17          0  |         0         0          0         0         0
MAR-27  31600 P        0       0       0       0       0  |       0       0       0    7580     +661   17          0  |      6280      5640          0         8         0
MAR-27  31800 P        0       0       0       0       0  |       0       0       0    7777     +663   17          0  |      7151      6776          0         1         0
MAR-27  32000 P        0       0       0       0       0  |    7930    7950    7930    7974     +664   17          2  |      7950      6100          2         7        +2

                              TOTAL PUT                0  |                               TOTAL PUT              140  | TOTAL PUT                  140      1183       +79

                                                                                                                      | MONTH PUT/CALL RATIO      2.02
                                                                                                                      | MONTH TOTAL                209      2107       +76

                                                                                                                        MARKET PUT/CALL RATIO     0.81
                                                                                                                        MARKET TOTAL             14664     40422     +3239


                                 ***  END OF REPORT  ***

O.Q.P. - OFFICIAL QUOTATION PRICE
*ALL COMBO VS. COMBO TRANSACTIONS ARE EXCLUDED

